29.5047 0.6 0.6 2 2 3
29.4948 0.601223 0.601223 2 2 3
29.4848 0.602452 0.602452 2 2 3
29.465 0.604923 0.604923 2 2 3
29.4352 0.608677 0.608677 2 2 3
29.4055 0.612524 0.612524 2 2 3
29.3757 0.616455 0.616455 2 2 3
29.346 0.620461 0.620461 2 2 3
29.3163 0.624545 0.624545 2 2 3
29.2866 0.628709 0.628709 2 2 3
29.2569 0.632956 0.632956 2 2 3
29.2272 0.637288 0.637288 2 2 3
29.1975 0.641708 0.641708 2 2 3
29.1678 0.64622 0.64622 2 2 3
29.1382 0.650826 0.650826 2 2 3
29.1086 0.655529 0.655529 2 2 3
29.079 0.660333 0.660333 2 2 3
29.0494 0.665241 0.665241 2 2 3
29.0198 0.670257 0.670257 2 2 3
28.9902 0.675385 0.675385 2 2 3
28.9607 0.680629 0.680629 2 2 3
28.9312 0.685993 0.685993 2 2 3
28.9017 0.691481 0.691481 2 2 3
28.8722 0.697099 0.697099 2 2 3
28.8428 0.702851 0.702851 2 2 3
28.8133 0.708741 0.708741 2 2 3
28.784 0.714777 0.714777 2 2 3
28.7546 0.720962 0.720962 2 2 3
28.7253 0.727304 0.727304 2 2 3
28.696 0.733807 0.733807 2 2 3
28.6667 0.74048 0.74048 2 2 3
28.6375 0.747328 0.747328 2 2 3
28.6084 0.75436 0.75436 2 2 3
28.5792 0.761581 0.761581 2 2 3
28.5502 0.769002 0.769002 2 2 3
28.5212 0.776629 0.776629 2 2 3
28.4922 0.784472 0.784472 2 2 3
28.4633 0.792539 0.792539 2 2 3
28.4345 0.800842 0.800842 2 2 3
28.4057 0.809389 0.809389 2 2 3
28.377 0.818192 0.818192 2 2 3
28.3484 0.827262 0.827262 2 2 3
28.3199 0.83661 0.83661 2 2 3
28.2915 0.846249 0.846249 2 2 3
28.2632 0.856192 0.856192 2 2 3
28.235 0.866452 0.866452 2 2 3
28.2069 0.877042 0.877042 2 2 3
28.179 0.887978 0.887978 2 2 3
28.1512 0.899275 0.899275 2 2 3
28.1235 0.910947 0.910947 2 2 3
28.0961 0.923011 0.923011 2 2 3
28.0688 0.935483 0.935483 2 2 3
28.0417 0.948378 0.948378 2 2 3
28.0148 0.961715 0.961715 2 2 3
27.9881 0.975508 0.975508 2 2 3
27.9617 0.989775 0.989775 2 2 3
27.9356 1.00453 1.00453 2 2 3
27.9097 1.0198 1.0198 2 2 3
27.8842 1.03558 1.03558 2 2 3
27.859 1.0519 1.0519 2 2 3
27.8342 1.06876 1.06876 2 2 3
27.8097 1.08618 1.08618 2 2 3
27.7857 1.10417 1.10417 2 2 3
27.7621 1.12273 1.12273 2 2 3
27.7389 1.14187 1.14187 2 2 3
27.7163 1.16159 1.16159 2 2 3
27.6942 1.18188 1.18188 2 2 3
27.6726 1.20275 1.20275 2 2 3
27.6515 1.22418 1.22418 2 2 3
27.6311 1.24617 1.24617 2 2 3
27.6112 1.26869 1.26869 2 2 3
27.592 1.29174 1.29174 2 2 3
27.5733 1.31528 1.31528 2 2 3
27.5553 1.33932 1.33932 2 2 3
27.5379 1.3638 1.3638 2 2 3
27.5212 1.38873 1.38873 2 2 3
27.505 1.41406 1.41406 2 2 3
27.4895 1.43978 1.43978 2 2 3
27.4747 1.46585 1.46585 2 2 3
27.4604 1.49226 1.49226 2 2 3
27.4467 1.51897 1.51897 2 2 3
27.4335 1.54596 1.54596 2 2 3
27.4209 1.57322 1.57322 2 2 3
27.4089 1.60072 1.60072 2 2 3
27.3974 1.62843 1.62843 2 2 3
27.3863 1.65635 1.65635 2 2 3
27.3758 1.68445 1.68445 2 2 3
27.3657 1.71271 1.71271 2 2 3
27.356 1.74113 1.74113 2 2 3
27.3468 1.76968 1.76968 2 2 3
27.338 1.79836 1.79836 2 2 3
27.3295 1.82715 1.82715 2 2 3
27.3214 1.85604 1.85604 2 2 3
27.3136 1.88503 1.88503 2 2 3
27.3062 1.9141 1.9141 2 2 3
27.2991 1.94325 1.94325 2 2 3
27.2923 1.97247 1.97247 2 2 3
27.2858 2.00176 2.00176 2 2 3
27.2795 2.0311 2.0311 2 2 3
27.2735 2.06049 2.06049 2 2 3
27.2677 2.08994 2.08994 2 2 3
27.2622 2.11943 2.11943 2 2 3
27.2569 2.14895 2.14895 2 2 3
27.2517 2.17852 2.17852 2 2 3
27.2468 2.20811 2.20811 2 2 3
27.2421 2.23774 2.23774 2 2 3
27.2376 2.2674 2.2674 2 2 3
27.2332 2.29708 2.29708 2 2 3
27.229 2.32678 2.32678 2 2 3
27.2249 2.35651 2.35651 2 2 3
27.221 2.38625 2.38625 2 2 3
27.2173 2.41602 2.41602 2 2 3
27.2136 2.4458 2.4458 2 2 3
27.2101 2.47559 2.47559 2 2 3
27.2067 2.5054 2.5054 2 2 3
27.2035 2.53523 2.53523 2 2 3
27.2003 2.56506 2.56506 2 2 3
27.1973 2.59491 2.59491 2 2 3
27.1943 2.62476 2.62476 2 2 3
27.1915 2.65463 2.65463 2 2 3
27.1887 2.6845 2.6845 2 2 3
27.1861 2.71438 2.71438 2 2 3
27.1835 2.74427 2.74427 2 2 3
27.181 2.77417 2.77417 2 2 3
27.1786 2.80407 2.80407 2 2 3
27.1762 2.83398 2.83398 2 2 3
27.174 2.8639 2.8639 2 2 3
27.1718 2.89382 2.89382 2 2 3
27.1696 2.92374 2.92374 2 2 3
27.1676 2.95367 2.95367 2 2 3
27.1656 2.9836 2.9836 2 2 3
27.1636 3.01354 3.01354 2 2 3
27.1617 3.04348 3.04348 2 2 3
27.1599 3.07342 3.07342 2 2 3
27.1581 3.10337 3.10337 2 2 3
27.1564 3.13332 3.13332 2 2 3
27.1547 3.16327 3.16327 2 2 3
27.1531 3.19323 3.19323 2 2 3
27.1515 3.22319 3.22319 2 2 3
27.1499 3.25315 3.25315 2 2 3
27.1484 3.28311 3.28311 2 2 3
27.147 3.31307 3.31307 2 2 3
27.1455 3.34304 3.34304 2 2 3
27.1442 3.37301 3.37301 2 2 3
27.1428 3.40298 3.40298 2 2 3
27.1415 3.43295 3.43295 2 2 3
27.1402 3.46292 3.46292 2 2 3
27.139 3.4929 3.4929 2 2 3
27.1377 3.52287 3.52287 2 2 3
27.1365 3.55285 3.55285 2 2 3
27.1354 3.58283 3.58283 2 2 3
27.1343 3.6128 3.6128 2 2 3
27.1332 3.64278 3.64278 2 2 3
27.1321 3.67277 3.67277 2 2 3
27.131 3.70275 3.70275 2 2 3
27.13 3.73273 3.73273 2 2 3
27.129 3.76271 3.76271 2 2 3
27.128 3.7927 3.7927 2 2 3
27.1271 3.82268 3.82268 2 2 3
27.1262 3.85267 3.85267 2 2 3
27.1252 3.88265 3.88265 2 2 3
27.1244 3.91264 3.91264 2 2 3
27.1235 3.94263 3.94263 2 2 3
27.1226 3.97262 3.97262 2 2 3
27.1218 4.0026 4.0026 2 2 3
27.121 4.03259 4.03259 2 2 3
27.1202 4.06258 4.06258 2 2 3
27.1194 4.09257 4.09257 2 2 3
27.1187 4.12256 4.12256 2 2 3
27.1179 4.15255 4.15255 2 2 3
27.1172 4.18255 4.18255 2 2 3
27.1165 4.21254 4.21254 2 2 3
27.1158 4.24253 4.24253 2 2 3
27.1151 4.27252 4.27252 2 2 3
27.1144 4.30251 4.30251 2 2 3
27.1138 4.33251 4.33251 2 2 3
27.1132 4.3625 4.3625 2 2 3
27.1125 4.39249 4.39249 2 2 3
27.1119 4.42249 4.42249 2 2 3
27.1113 4.45248 4.45248 2 2 3
27.1107 4.48248 4.48248 2 2 3
27.1101 4.51247 4.51247 2 2 3
27.1096 4.54246 4.54246 2 2 3
27.109 4.57246 4.57246 2 2 3
27.1085 4.60245 4.60245 2 2 3
27.1079 4.63245 4.63245 2 2 3
27.1074 4.66245 4.66245 2 2 3
27.1069 4.69244 4.69244 2 2 3
27.1064 4.72244 4.72244 2 2 3
27.1059 4.75243 4.75243 2 2 3
27.1054 4.78243 4.78243 2 2 3
27.1049 4.81242 4.81242 2 2 3
27.1045 4.84242 4.84242 2 2 3
27.104 4.87242 4.87242 2 2 3
27.1036 4.90241 4.90241 2 2 3
27.1031 4.93241 4.93241 2 2 3
27.1027 4.96241 4.96241 2 2 3
27.1023 4.9924 4.9924 2 2 3
27.1018 5.0224 5.0224 2 2 3
27.1014 5.0524 5.0524 2 2 3
27.101 5.0824 5.0824 2 2 3
27.1006 5.11239 5.11239 2 2 3
27.1002 5.14239 5.14239 2 2 3
27.0999 5.17239 5.17239 2 2 3
27.0995 5.20239 5.20239 2 2 3
27.0991 5.23238 5.23238 2 2 3
27.0987 5.26238 5.26238 2 2 3
27.0984 5.29238 5.29238 2 2 3
27.098 5.32238 5.32238 2 2 3
27.0977 5.35238 5.35238 2 2 3
27.0973 5.38237 5.38237 2 2 3
27.097 5.41237 5.41237 2 2 3
27.0967 5.44237 5.44237 2 2 3
27.0964 5.47237 5.47237 2 2 3
27.096 5.50237 5.50237 2 2 3
27.0957 5.53237 5.53237 2 2 3
27.0954 5.56236 5.56236 2 2 3
27.0951 5.59236 5.59236 2 2 3
27.0948 5.62236 5.62236 2 2 3
27.0945 5.65236 5.65236 2 2 3
27.0942 5.68236 5.68236 2 2 3
27.0939 5.71236 5.71236 2 2 3
27.0937 5.74236 5.74236 2 2 3
27.0934 5.77235 5.77235 2 2 3
27.0931 5.80235 5.80235 2 2 3
27.0929 5.83235 5.83235 2 2 3
27.0926 5.86235 5.86235 2 2 3
27.0923 5.89235 5.89235 2 2 3
27.0921 5.92235 5.92235 2 2 3
27.0918 5.95235 5.95235 2 2 3
27.0916 5.98235 5.98235 2 2 3
27.0913 6.01234 6.01234 2 2 3
27.0911 6.04234 6.04234 2 2 3
27.0909 6.07234 6.07234 2 2 3
27.0906 6.10234 6.10234 2 2 3
27.0904 6.13234 6.13234 2 2 3
27.0902 6.16234 6.16234 2 2 3
27.0899 6.19234 6.19234 2 2 3
27.0897 6.22234 6.22234 2 2 3
27.0895 6.25234 6.25234 2 2 3
27.0893 6.28234 6.28234 2 2 3
27.0891 6.31234 6.31234 2 2 3
27.0889 6.34234 6.34234 2 2 3
27.0887 6.37234 6.37234 2 2 3
27.0885 6.40233 6.40233 2 2 3
27.0883 6.43233 6.43233 2 2 3
27.0881 6.46233 6.46233 2 2 3
27.0879 6.49233 6.49233 2 2 3
27.0877 6.52233 6.52233 2 2 3
27.0875 6.55233 6.55233 2 2 3
27.0873 6.58233 6.58233 2 2 3
27.0871 6.61233 6.61233 2 2 3
27.0869 6.64233 6.64233 2 2 3
27.0868 6.67233 6.67233 2 2 3
27.0866 6.70233 6.70233 2 2 3
27.0864 6.73233 6.73233 2 2 3
27.0862 6.76233 6.76233 2 2 3
27.0861 6.79233 6.79233 2 2 3
27.0859 6.82233 6.82233 2 2 3
27.0857 6.85233 6.85233 2 2 3
27.0856 6.88233 6.88233 2 2 3
27.0854 6.91233 6.91233 2 2 3
27.0853 6.94232 6.94232 2 2 3
27.0851 6.97232 6.97232 2 2 3
27.085 7.00232 7.00232 2 2 3
27.0848 7.03232 7.03232 2 2 3
27.0846 7.06232 7.06232 2 2 3
27.0845 7.09232 7.09232 2 2 3
27.0844 7.12232 7.12232 2 2 3
27.0842 7.15232 7.15232 2 2 3
27.0841 7.18232 7.18232 2 2 3
27.0839 7.21232 7.21232 2 2 3
27.0838 7.24232 7.24232 2 2 3
27.0836 7.27232 7.27232 2 2 3
27.0835 7.30232 7.30232 2 2 3
27.0834 7.33232 7.33232 2 2 3
27.0832 7.36232 7.36232 2 2 3
27.0831 7.39232 7.39232 2 2 3
27.083 7.42232 7.42232 2 2 3
27.0829 7.45232 7.45232 2 2 3
27.0827 7.48232 7.48232 2 2 3
27.0826 7.51232 7.51232 2 2 3
27.0825 7.54232 7.54232 2 2 3
27.0824 7.57232 7.57232 2 2 3
27.0822 7.60232 7.60232 2 2 3
27.0821 7.63232 7.63232 2 2 3
27.082 7.66232 7.66232 2 2 3
27.0819 7.69232 7.69232 2 2 3
27.0818 7.72232 7.72232 2 2 3
27.0817 7.75232 7.75232 2 2 3
27.0815 7.78232 7.78232 2 2 3
27.0814 7.81232 7.81232 2 2 3
27.0813 7.84232 7.84232 2 2 3
27.0812 7.87232 7.87232 2 2 3
27.0811 7.90232 7.90232 2 2 3
27.081 7.93232 7.93232 2 2 3
27.0809 7.96232 7.96232 2 2 3
27.0808 7.99232 7.99232 2 2 3
27.0807 8.02232 8.02232 2 2 3
27.0806 8.05232 8.05232 2 2 3
27.0805 8.08231 8.08231 2 2 3
27.0804 8.11231 8.11231 2 2 3
27.0803 8.14231 8.14231 2 2 3
27.0802 8.17231 8.17231 2 2 3
27.0801 8.20231 8.20231 2 2 3
27.08 8.23231 8.23231 2 2 3
27.0799 8.26231 8.26231 2 2 3
27.0798 8.29231 8.29231 2 2 3
27.0797 8.32231 8.32231 2 2 3
27.0796 8.35231 8.35231 2 2 3
27.0795 8.38231 8.38231 2 2 3
27.0795 8.41231 8.41231 2 2 3
27.0794 8.44231 8.44231 2 2 3
27.0793 8.47231 8.47231 2 2 3
27.0792 8.50231 8.50231 2 2 3
27.0791 8.53231 8.53231 2 2 3
27.079 8.56231 8.56231 2 2 3
27.0789 8.59231 8.59231 2 2 3
27.0789 8.62231 8.62231 2 2 3
27.0788 8.65231 8.65231 2 2 3
27.0787 8.68231 8.68231 2 2 3
27.0786 8.71231 8.71231 2 2 3
27.0785 8.74231 8.74231 2 2 3
27.0785 8.77231 8.77231 2 2 3
27.0784 8.80231 8.80231 2 2 3
27.0783 8.83231 8.83231 2 2 3
27.0782 8.86231 8.86231 2 2 3
27.0782 8.89231 8.89231 2 2 3
27.0781 8.92231 8.92231 2 2 3
27.078 8.95231 8.95231 2 2 3
27.0779 8.98231 8.98231 2 2 3
27.0779 9.01231 9.01231 2 2 3
27.0778 9.04231 9.04231 2 2 3
27.0777 9.07231 9.07231 2 2 3
27.0776 9.10231 9.10231 2 2 3
27.0776 9.13231 9.13231 2 2 3
27.0775 9.16231 9.16231 2 2 3
27.0774 9.19231 9.19231 2 2 3
27.0774 9.22231 9.22231 2 2 3
27.0773 9.25231 9.25231 2 2 3
27.0772 9.28231 9.28231 2 2 3
27.0772 9.31231 9.31231 2 2 3
27.0771 9.34231 9.34231 2 2 3
27.077 9.37231 9.37231 2 2 3
27.077 9.40231 9.40231 2 2 3
27.0769 9.43231 9.43231 2 2 3
27.0769 9.46231 9.46231 2 2 3
27.0768 9.49231 9.49231 2 2 3
27.0767 9.52231 9.52231 2 2 3
27.0767 9.55231 9.55231 2 2 3
27.0766 9.58231 9.58231 2 2 3
27.0766 9.61231 9.61231 2 2 3
27.0765 9.64231 9.64231 2 2 3
27.0764 9.67231 9.67231 2 2 3
27.0764 9.70231 9.70231 2 2 3
27.0763 9.73231 9.73231 2 2 3
27.0763 9.76231 9.76231 2 2 3
27.0762 9.79231 9.79231 2 2 3
27.0762 9.82231 9.82231 2 2 3
27.0761 9.85231 9.85231 2 2 3
27.076 9.88231 9.88231 2 2 3
27.076 9.91231 9.91231 2 2 3
27.0759 9.94231 9.94231 2 2 3
27.0759 9.97231 9.97231 2 2 3
27.0758 10.0023 10.0023 2 2 3
27.0758 10.0323 10.0323 2 2 3
27.0757 10.0623 10.0623 2 2 3
27.0757 10.0923 10.0923 2 2 3
27.0756 10.1223 10.1223 2 2 3
27.0756 10.1523 10.1523 2 2 3
27.0755 10.1823 10.1823 2 2 3
27.0755 10.2123 10.2123 2 2 3
27.0754 10.2423 10.2423 2 2 3
27.0754 10.2723 10.2723 2 2 3
27.0753 10.3023 10.3023 2 2 3
27.0753 10.3323 10.3323 2 2 3
27.0752 10.3623 10.3623 2 2 3
27.0752 10.3923 10.3923 2 2 3
27.0751 10.4223 10.4223 2 2 3
27.0751 10.4523 10.4523 2 2 3
27.075 10.4823 10.4823 2 2 3
27.075 10.5123 10.5123 2 2 3
27.075 10.5423 10.5423 2 2 3
27.0749 10.5723 10.5723 2 2 3
27.0749 10.6023 10.6023 2 2 3
27.0748 10.6323 10.6323 2 2 3
27.0748 10.6623 10.6623 2 2 3
27.0747 10.6923 10.6923 2 2 3
27.0747 10.7223 10.7223 2 2 3
27.0746 10.7523 10.7523 2 2 3
27.0746 10.7823 10.7823 2 2 3
27.0746 10.8123 10.8123 2 2 3
27.0745 10.8423 10.8423 2 2 3
27.0745 10.8723 10.8723 2 2 3
27.0744 10.9023 10.9023 2 2 3
27.0744 10.9323 10.9323 2 2 3
27.0744 10.9623 10.9623 2 2 3
27.0743 10.9923 10.9923 2 2 3
27.0743 11.0223 11.0223 2 2 3
27.0742 11.0523 11.0523 2 2 3
27.0742 11.0823 11.0823 2 2 3
27.0742 11.1123 11.1123 2 2 3
27.0741 11.1423 11.1423 2 2 3
27.0741 11.1723 11.1723 2 2 3
27.074 11.2023 11.2023 2 2 3
27.074 11.2323 11.2323 2 2 3
27.074 11.2623 11.2623 2 2 3
27.0739 11.2923 11.2923 2 2 3
27.0739 11.3223 11.3223 2 2 3
27.0739 11.3523 11.3523 2 2 3
27.0738 11.3823 11.3823 2 2 3
27.0738 11.4123 11.4123 2 2 3
27.0738 11.4423 11.4423 2 2 3
27.0737 11.4723 11.4723 2 2 3
27.0737 11.5023 11.5023 2 2 3
27.0737 11.5323 11.5323 2 2 3
27.0736 11.5623 11.5623 2 2 3
27.0736 11.5923 11.5923 2 2 3
27.0736 11.6223 11.6223 2 2 3
27.0735 11.6523 11.6523 2 2 3
27.0735 11.6823 11.6823 2 2 3
27.0735 11.7123 11.7123 2 2 3
27.0734 11.7423 11.7423 2 2 3
27.0734 11.7723 11.7723 2 2 3
27.0734 11.8023 11.8023 2 2 3
27.0733 11.8323 11.8323 2 2 3
27.0733 11.8623 11.8623 2 2 3
27.0733 11.8923 11.8923 2 2 3
27.0732 11.9223 11.9223 2 2 3
27.0732 11.9523 11.9523 2 2 3
27.0732 11.9823 11.9823 2 2 3
27.0731 12.0123 12.0123 2 2 3
27.0731 12.0423 12.0423 2 2 3
27.0731 12.0723 12.0723 2 2 3
27.073 12.1023 12.1023 2 2 3
27.073 12.1323 12.1323 2 2 3
27.073 12.1623 12.1623 2 2 3
27.073 12.1923 12.1923 2 2 3
27.0729 12.2223 12.2223 2 2 3
27.0729 12.2523 12.2523 2 2 3
27.0729 12.2823 12.2823 2 2 3
27.0728 12.3123 12.3123 2 2 3
27.0728 12.3423 12.3423 2 2 3
27.0728 12.3723 12.3723 2 2 3
27.0728 12.4023 12.4023 2 2 3
27.0727 12.4323 12.4323 2 2 3
27.0727 12.4623 12.4623 2 2 3
27.0727 12.4923 12.4923 2 2 3
27.0727 12.5223 12.5223 2 2 3
27.0726 12.5523 12.5523 2 2 3
27.0726 12.5823 12.5823 2 2 3
27.0726 12.6123 12.6123 2 2 3
27.0725 12.6423 12.6423 2 2 3
27.0725 12.6723 12.6723 2 2 3
27.0725 12.7023 12.7023 2 2 3
27.0725 12.7323 12.7323 2 2 3
27.0724 12.7623 12.7623 2 2 3
27.0724 12.7923 12.7923 2 2 3
27.0724 12.8223 12.8223 2 2 3
27.0724 12.8523 12.8523 2 2 3
27.0723 12.8823 12.8823 2 2 3
27.0723 12.9123 12.9123 2 2 3
27.0723 12.9423 12.9423 2 2 3
27.0723 12.9723 12.9723 2 2 3
27.0722 13.0023 13.0023 2 2 3
27.0722 13.0323 13.0323 2 2 3
27.0722 13.0623 13.0623 2 2 3
27.0722 13.0923 13.0923 2 2 3
27.0722 13.1223 13.1223 2 2 3
27.0721 13.1523 13.1523 2 2 3
27.0721 13.1823 13.1823 2 2 3
27.0721 13.2123 13.2123 2 2 3
27.0721 13.2423 13.2423 2 2 3
27.072 13.2723 13.2723 2 2 3
27.072 13.3023 13.3023 2 2 3
27.072 13.3323 13.3323 2 2 3
27.072 13.3623 13.3623 2 2 3
27.0719 13.3923 13.3923 2 2 3
27.0719 13.4223 13.4223 2 2 3
27.0719 13.4523 13.4523 2 2 3
27.0719 13.4823 13.4823 2 2 3
27.0719 13.5123 13.5123 2 2 3
27.0718 13.5423 13.5423 2 2 3
27.0718 13.5723 13.5723 2 2 3
27.0718 13.6023 13.6023 2 2 3
27.0718 13.6323 13.6323 2 2 3
27.0718 13.6623 13.6623 2 2 3
27.0717 13.6923 13.6923 2 2 3
27.0717 13.7223 13.7223 2 2 3
27.0717 13.7523 13.7523 2 2 3
27.0717 13.7823 13.7823 2 2 3
27.0717 13.8123 13.8123 2 2 3
27.0716 13.8423 13.8423 2 2 3
27.0716 13.8723 13.8723 2 2 3
27.0716 13.9023 13.9023 2 2 3
27.0716 13.9323 13.9323 2 2 3
27.0716 13.9623 13.9623 2 2 3
27.0715 13.9923 13.9923 2 2 3
27.0715 14.0223 14.0223 2 2 3
27.0715 14.0523 14.0523 2 2 3
27.0715 14.0823 14.0823 2 2 3
27.0715 14.1123 14.1123 2 2 3
27.0714 14.1423 14.1423 2 2 3
27.0714 14.1723 14.1723 2 2 3
27.0714 14.2023 14.2023 2 2 3
27.0714 14.2323 14.2323 2 2 3
27.0714 14.2623 14.2623 2 2 3
27.0714 14.2923 14.2923 2 2 3
27.0713 14.3223 14.3223 2 2 3
27.0713 14.3523 14.3523 2 2 3
27.0713 14.3823 14.3823 2 2 3
27.0713 14.4123 14.4123 2 2 3
27.0713 14.4423 14.4423 2 2 3
27.0712 14.4723 14.4723 2 2 3
27.0712 14.5023 14.5023 2 2 3
27.0712 14.5323 14.5323 2 2 3
27.0712 14.5623 14.5623 2 2 3
27.0712 14.5923 14.5923 2 2 3
27.0712 14.6223 14.6223 2 2 3
27.0711 14.6523 14.6523 2 2 3
27.0711 14.6823 14.6823 2 2 3
27.0711 14.7123 14.7123 2 2 3
27.0711 14.7423 14.7423 2 2 3
27.0711 14.7723 14.7723 2 2 3
27.0711 14.8023 14.8023 2 2 3
27.071 14.8323 14.8323 2 2 3
27.071 14.8623 14.8623 2 2 3
27.071 14.8923 14.8923 2 2 3
27.071 14.9223 14.9223 2 2 3
27.071 14.9523 14.9523 2 2 3
27.071 14.9823 14.9823 2 2 3
27.071 15.0123 15.0123 2 2 3
27.0709 15.0423 15.0423 2 2 3
27.0709 15.0723 15.0723 2 2 3
27.0709 15.1023 15.1023 2 2 3
27.0709 15.1323 15.1323 2 2 3
27.0709 15.1623 15.1623 2 2 3
27.0709 15.1923 15.1923 2 2 3
27.0708 15.2223 15.2223 2 2 3
27.0708 15.2523 15.2523 2 2 3
27.0708 15.2823 15.2823 2 2 3
27.0708 15.3123 15.3123 2 2 3
27.0708 15.3423 15.3423 2 2 3
27.0708 15.3723 15.3723 2 2 3
27.0708 15.4023 15.4023 2 2 3
27.0707 15.4323 15.4323 2 2 3
27.0707 15.4623 15.4623 2 2 3
27.0707 15.4923 15.4923 2 2 3
27.0707 15.5223 15.5223 2 2 3
27.0707 15.5523 15.5523 2 2 3
27.0707 15.5823 15.5823 2 2 3
27.0707 15.6123 15.6123 2 2 3
27.0706 15.6423 15.6423 2 2 3
27.0706 15.6723 15.6723 2 2 3
27.0706 15.7023 15.7023 2 2 3
27.0706 15.7323 15.7323 2 2 3
27.0706 15.7623 15.7623 2 2 3
27.0706 15.7923 15.7923 2 2 3
27.0706 15.8223 15.8223 2 2 3
27.0705 15.8523 15.8523 2 2 3
27.0705 15.8823 15.8823 2 2 3
27.0705 15.9123 15.9123 2 2 3
27.0705 15.9423 15.9423 2 2 3
27.0705 15.9723 15.9723 2 2 3
27.0705 16.0023 16.0023 2 2 3
27.0705 16.0323 16.0323 2 2 3
27.0705 16.0623 16.0623 2 2 3
27.0704 16.0923 16.0923 2 2 3
27.0704 16.1223 16.1223 2 2 3
27.0704 16.1523 16.1523 2 2 3
27.0704 16.1823 16.1823 2 2 3
27.0704 16.2123 16.2123 2 2 3
27.0704 16.2423 16.2423 2 2 3
27.0704 16.2723 16.2723 2 2 3
27.0704 16.3023 16.3023 2 2 3
27.0703 16.3323 16.3323 2 2 3
27.0703 16.3623 16.3623 2 2 3
27.0703 16.3923 16.3923 2 2 3
27.0703 16.4223 16.4223 2 2 3
27.0703 16.4523 16.4523 2 2 3
27.0703 16.4823 16.4823 2 2 3
27.0703 16.5123 16.5123 2 2 3
27.0703 16.5423 16.5423 2 2 3
27.0703 16.5723 16.5723 2 2 3
27.0702 16.6023 16.6023 2 2 3
27.0702 16.6323 16.6323 2 2 3
27.0702 16.6623 16.6623 2 2 3
27.0702 16.6923 16.6923 2 2 3
27.0702 16.7223 16.7223 2 2 3
27.0702 16.7523 16.7523 2 2 3
27.0702 16.7823 16.7823 2 2 3
27.0702 16.8123 16.8123 2 2 3
27.0702 16.8423 16.8423 2 2 3
27.0701 16.8723 16.8723 2 2 3
27.0701 16.9023 16.9023 2 2 3
27.0701 16.9323 16.9323 2 2 3
27.0701 16.9623 16.9623 2 2 3
27.0701 16.9923 16.9923 2 2 3
27.0701 17.0223 17.0223 2 2 3
27.0701 17.0523 17.0523 2 2 3
27.0701 17.0823 17.0823 2 2 3
27.0701 17.1123 17.1123 2 2 3
27.07 17.1423 17.1423 2 2 3
27.07 17.1723 17.1723 2 2 3
27.07 17.2023 17.2023 2 2 3
27.07 17.2323 17.2323 2 2 3
27.07 17.2623 17.2623 2 2 3
27.07 17.2923 17.2923 2 2 3
27.07 17.3223 17.3223 2 2 3
27.07 17.3523 17.3523 2 2 3
27.07 17.3823 17.3823 2 2 3
27.07 17.4123 17.4123 2 2 3
27.0699 17.4423 17.4423 2 2 3
27.0699 17.4723 17.4723 2 2 3
27.0699 17.5023 17.5023 2 2 3
27.0699 17.5323 17.5323 2 2 3
27.0699 17.5623 17.5623 2 2 3
27.0699 17.5923 17.5923 2 2 3
27.0699 17.6223 17.6223 2 2 3
27.0699 17.6523 17.6523 2 2 3
27.0699 17.6823 17.6823 2 2 3
27.0699 17.7123 17.7123 2 2 3
27.0698 17.7423 17.7423 2 2 3
27.0698 17.7723 17.7723 2 2 3
27.0698 17.8023 17.8023 2 2 3
27.0698 17.8323 17.8323 2 2 3
27.0698 17.8623 17.8623 2 2 3
27.0698 17.8923 17.8923 2 2 3
27.0698 17.9223 17.9223 2 2 3
27.0698 17.9523 17.9523 2 2 3
27.0698 17.9823 17.9823 2 2 3
27.0698 18.0123 18.0123 2 2 3
27.0698 18.0423 18.0423 2 2 3
27.0697 18.0723 18.0723 2 2 3
27.0697 18.1023 18.1023 2 2 3
27.0697 18.1323 18.1323 2 2 3
27.0697 18.1623 18.1623 2 2 3
27.0697 18.1923 18.1923 2 2 3
27.0697 18.2223 18.2223 2 2 3
27.0697 18.2523 18.2523 2 2 3
27.0697 18.2823 18.2823 2 2 3
27.0697 18.3123 18.3123 2 2 3
27.0697 18.3423 18.3423 2 2 3
27.0697 18.3723 18.3723 2 2 3
27.0696 18.4023 18.4023 2 2 3
27.0696 18.4323 18.4323 2 2 3
27.0696 18.4623 18.4623 2 2 3
27.0696 18.4923 18.4923 2 2 3
27.0696 18.5223 18.5223 2 2 3
27.0696 18.5523 18.5523 2 2 3
27.0696 18.5823 18.5823 2 2 3
27.0696 18.6123 18.6123 2 2 3
27.0696 18.6423 18.6423 2 2 3
27.0696 18.6723 18.6723 2 2 3
27.0696 18.7023 18.7023 2 2 3
27.0696 18.7323 18.7323 2 2 3
27.0695 18.7623 18.7623 2 2 3
27.0695 18.7923 18.7923 2 2 3
27.0695 18.8223 18.8223 2 2 3
27.0695 18.8523 18.8523 2 2 3
27.0695 18.8823 18.8823 2 2 3
27.0695 18.9123 18.9123 2 2 3
27.0695 18.9423 18.9423 2 2 3
27.0695 18.9723 18.9723 2 2 3
27.0695 19.0023 19.0023 2 2 3
27.0695 19.0323 19.0323 2 2 3
27.0695 19.0623 19.0623 2 2 3
27.0695 19.0923 19.0923 2 2 3
27.0695 19.1223 19.1223 2 2 3
27.0694 19.1523 19.1523 2 2 3
27.0694 19.1823 19.1823 2 2 3
27.0694 19.2123 19.2123 2 2 3
27.0694 19.2423 19.2423 2 2 3
27.0694 19.2723 19.2723 2 2 3
27.0694 19.3023 19.3023 2 2 3
27.0694 19.3323 19.3323 2 2 3
27.0694 19.3623 19.3623 2 2 3
27.0694 19.3923 19.3923 2 2 3
27.0694 19.4223 19.4223 2 2 3
27.0694 19.4523 19.4523 2 2 3
27.0694 19.4823 19.4823 2 2 3
27.0694 19.5123 19.5123 2 2 3
27.0694 19.5423 19.5423 2 2 3
27.0693 19.5723 19.5723 2 2 3
27.0693 19.6023 19.6023 2 2 3
27.0693 19.6323 19.6323 2 2 3
27.0693 19.6623 19.6623 2 2 3
27.0693 19.6923 19.6923 2 2 3
27.0693 19.7223 19.7223 2 2 3
27.0693 19.7523 19.7523 2 2 3
27.0693 19.7823 19.7823 2 2 3
27.0693 19.8123 19.8123 2 2 3
27.0693 19.8423 19.8423 2 2 3
27.0693 19.8723 19.8723 2 2 3
27.0693 19.9023 19.9023 2 2 3
27.0693 19.9323 19.9323 2 2 3
27.0693 19.9623 19.9623 2 2 3
27.0693 19.9923 19.9923 2 2 3
27.0692 20.0223 20.0223 2 2 3
27.0692 20.0523 20.0523 2 2 3
27.0692 20.0823 20.0823 2 2 3
27.0692 20.1123 20.1123 2 2 3
27.0692 20.1423 20.1423 2 2 3
27.0692 20.1723 20.1723 2 2 3
27.0692 20.2023 20.2023 2 2 3
27.0692 20.2323 20.2323 2 2 3
27.0692 20.2623 20.2623 2 2 3
27.0692 20.2923 20.2923 2 2 3
27.0692 20.3223 20.3223 2 2 3
27.0692 20.3523 20.3523 2 2 3
27.0692 20.3823 20.3823 2 2 3
27.0692 20.4123 20.4123 2 2 3
27.0692 20.4423 20.4423 2 2 3
27.0692 20.4723 20.4723 2 2 3
27.0691 20.5023 20.5023 2 2 3
27.0691 20.5323 20.5323 2 2 3
27.0691 20.5623 20.5623 2 2 3
27.0691 20.5923 20.5923 2 2 3
27.0691 20.6223 20.6223 2 2 3
27.0691 20.6523 20.6523 2 2 3
27.0691 20.6823 20.6823 2 2 3
27.0691 20.7123 20.7123 2 2 3
27.0691 20.7423 20.7423 2 2 3
27.0691 20.7723 20.7723 2 2 3
27.0691 20.8023 20.8023 2 2 3
27.0691 20.8323 20.8323 2 2 3
27.0691 20.8623 20.8623 2 2 3
27.0691 20.8923 20.8923 2 2 3
27.0691 20.9223 20.9223 2 2 3
27.0691 20.9523 20.9523 2 2 3
27.069 20.9823 20.9823 2 2 3
27.069 21.0123 21.0123 2 2 3
27.069 21.0423 21.0423 2 2 3
27.069 21.0723 21.0723 2 2 3
27.069 21.1023 21.1023 2 2 3
27.069 21.1323 21.1323 2 2 3
27.069 21.1623 21.1623 2 2 3
27.069 21.1923 21.1923 2 2 3
27.069 21.2223 21.2223 2 2 3
27.069 21.2523 21.2523 2 2 3
27.069 21.2823 21.2823 2 2 3
27.069 21.3123 21.3123 2 2 3
27.069 21.3423 21.3423 2 2 3
27.069 21.3723 21.3723 2 2 3
27.069 21.4023 21.4023 2 2 3
27.069 21.4323 21.4323 2 2 3
27.069 21.4623 21.4623 2 2 3
27.069 21.4923 21.4923 2 2 3
27.069 21.5223 21.5223 2 2 3
27.0689 21.5523 21.5523 2 2 3
27.0689 21.5823 21.5823 2 2 3
27.0689 21.6123 21.6123 2 2 3
27.0689 21.6423 21.6423 2 2 3
27.0689 21.6723 21.6723 2 2 3
27.0689 21.7023 21.7023 2 2 3
27.0689 21.7323 21.7323 2 2 3
27.0689 21.7623 21.7623 2 2 3
27.0689 21.7923 21.7923 2 2 3
27.0689 21.8223 21.8223 2 2 3
27.0689 21.8523 21.8523 2 2 3
27.0689 21.8823 21.8823 2 2 3
27.0689 21.9123 21.9123 2 2 3
27.0689 21.9423 21.9423 2 2 3
27.0689 21.9723 21.9723 2 2 3
27.0689 22.0023 22.0023 2 2 3
27.0689 22.0323 22.0323 2 2 3
27.0689 22.0623 22.0623 2 2 3
27.0689 22.0923 22.0923 2 2 3
27.0688 22.1223 22.1223 2 2 3
27.0688 22.1523 22.1523 2 2 3
27.0688 22.1823 22.1823 2 2 3
27.0688 22.2123 22.2123 2 2 3
27.0688 22.2423 22.2423 2 2 3
27.0688 22.2723 22.2723 2 2 3
27.0688 22.3023 22.3023 2 2 3
27.0688 22.3323 22.3323 2 2 3
27.0688 22.3623 22.3623 2 2 3
27.0688 22.3923 22.3923 2 2 3
27.0688 22.4223 22.4223 2 2 3
27.0688 22.4523 22.4523 2 2 3
27.0688 22.4823 22.4823 2 2 3
27.0688 22.5123 22.5123 2 2 3
27.0688 22.5423 22.5423 2 2 3
27.0688 22.5723 22.5723 2 2 3
27.0688 22.6023 22.6023 2 2 3
27.0688 22.6323 22.6323 2 2 3
27.0688 22.6623 22.6623 2 2 3
27.0688 22.6923 22.6923 2 2 3
27.0688 22.7223 22.7223 2 2 3
27.0688 22.7523 22.7523 2 2 3
27.0687 22.7823 22.7823 2 2 3
27.0687 22.8123 22.8123 2 2 3
27.0687 22.8423 22.8423 2 2 3
27.0687 22.8723 22.8723 2 2 3
27.0687 22.9023 22.9023 2 2 3
27.0687 22.9323 22.9323 2 2 3
27.0687 22.9623 22.9623 2 2 3
27.0687 22.9923 22.9923 2 2 3
27.0687 23.0223 23.0223 2 2 3
27.0687 23.0523 23.0523 2 2 3
27.0687 23.0823 23.0823 2 2 3
27.0687 23.1123 23.1123 2 2 3
27.0687 23.1423 23.1423 2 2 3
27.0687 23.1723 23.1723 2 2 3
27.0687 23.2023 23.2023 2 2 3
27.0687 23.2323 23.2323 2 2 3
27.0687 23.2623 23.2623 2 2 3
27.0687 23.2923 23.2923 2 2 3
27.0687 23.3223 23.3223 2 2 3
27.0687 23.3523 23.3523 2 2 3
27.0687 23.3823 23.3823 2 2 3
27.0687 23.4123 23.4123 2 2 3
27.0687 23.4423 23.4423 2 2 3
27.0686 23.4723 23.4723 2 2 3
27.0686 23.5023 23.5023 2 2 3
27.0686 23.5323 23.5323 2 2 3
27.0686 23.5623 23.5623 2 2 3
27.0686 23.5923 23.5923 2 2 3
27.0686 23.6223 23.6223 2 2 3
27.0686 23.6523 23.6523 2 2 3
27.0686 23.6823 23.6823 2 2 3
27.0686 23.7123 23.7123 2 2 3
27.0686 23.7423 23.7423 2 2 3
27.0686 23.7723 23.7723 2 2 3
27.0686 23.8023 23.8023 2 2 3
27.0686 23.8323 23.8323 2 2 3
27.0686 23.8623 23.8623 2 2 3
27.0686 23.8923 23.8923 2 2 3
27.0686 23.9223 23.9223 2 2 3
27.0686 23.9523 23.9523 2 2 3
27.0686 23.9823 23.9823 2 2 3
27.0686 24.0123 24.0123 2 2 3
27.0686 24.0423 24.0423 2 2 3
27.0686 24.0723 24.0723 2 2 3
27.0686 24.1023 24.1023 2 2 3
27.0686 24.1323 24.1323 2 2 3
27.0686 24.1623 24.1623 2 2 3
27.0686 24.1923 24.1923 2 2 3
27.0686 24.2223 24.2223 2 2 3
27.0685 24.2523 24.2523 2 2 3
27.0685 24.2823 24.2823 2 2 3
27.0685 24.3123 24.3123 2 2 3
27.0685 24.3423 24.3423 2 2 3
27.0685 24.3723 24.3723 2 2 3
27.0685 24.4023 24.4023 2 2 3
27.0685 24.4323 24.4323 2 2 3
27.0685 24.4623 24.4623 2 2 3
27.0685 24.4923 24.4923 2 2 3
27.0685 24.5223 24.5223 2 2 3
27.0685 24.5523 24.5523 2 2 3
27.0685 24.5823 24.5823 2 2 3
27.0685 24.6123 24.6123 2 2 3
27.0685 24.6423 24.6423 2 2 3
27.0685 24.6723 24.6723 2 2 3
27.0685 24.7023 24.7023 2 2 3
27.0685 24.7323 24.7323 2 2 3
27.0685 24.7623 24.7623 2 2 3
27.0685 24.7923 24.7923 2 2 3
27.0685 24.8223 24.8223 2 2 3
27.0685 24.8523 24.8523 2 2 3
27.0685 24.8823 24.8823 2 2 3
27.0685 24.9123 24.9123 2 2 3
27.0685 24.9423 24.9423 2 2 3
27.0685 24.9723 24.9723 2 2 3
27.0685 25.0023 25.0023 2 2 3
27.0685 25.0323 25.0323 2 2 3
27.0685 25.0623 25.0623 2 2 3
27.0685 25.0923 25.0923 2 2 3
27.0684 25.1223 25.1223 2 2 3
27.0684 25.1523 25.1523 2 2 3
27.0684 25.1823 25.1823 2 2 3
27.0684 25.2123 25.2123 2 2 3
27.0684 25.2423 25.2423 2 2 3
27.0684 25.2723 25.2723 2 2 3
27.0684 25.3023 25.3023 2 2 3
27.0684 25.3323 25.3323 2 2 3
27.0684 25.3623 25.3623 2 2 3
27.0684 25.3923 25.3923 2 2 3
27.0684 25.4223 25.4223 2 2 3
27.0684 25.4523 25.4523 2 2 3
27.0684 25.4823 25.4823 2 2 3
27.0684 25.5123 25.5123 2 2 3
27.0684 25.5423 25.5423 2 2 3
27.0684 25.5723 25.5723 2 2 3
27.0684 25.6023 25.6023 2 2 3
27.0684 25.6323 25.6323 2 2 3
27.0684 25.6623 25.6623 2 2 3
27.0684 25.6923 25.6923 2 2 3
27.0684 25.7223 25.7223 2 2 3
27.0684 25.7523 25.7523 2 2 3
27.0684 25.7823 25.7823 2 2 3
27.0684 25.8123 25.8123 2 2 3
27.0684 25.8423 25.8423 2 2 3
27.0684 25.8723 25.8723 2 2 3
27.0684 25.9023 25.9023 2 2 3
27.0684 25.9323 25.9323 2 2 3
27.0684 25.9623 25.9623 2 2 3
27.0684 25.9923 25.9923 2 2 3
27.0684 26.0223 26.0223 2 2 3
27.0683 26.0523 26.0523 2 2 3
27.0683 26.0823 26.0823 2 2 3
27.0683 26.1123 26.1123 2 2 3
27.0683 26.1423 26.1423 2 2 3
27.0683 26.1723 26.1723 2 2 3
27.0683 26.2023 26.2023 2 2 3
27.0683 26.2323 26.2323 2 2 3
27.0683 26.2623 26.2623 2 2 3
27.0683 26.2923 26.2923 2 2 3
27.0683 26.3223 26.3223 2 2 3
27.0683 26.3523 26.3523 2 2 3
27.0683 26.3823 26.3823 2 2 3
27.0683 26.4123 26.4123 2 2 3
27.0683 26.4423 26.4423 2 2 3
27.0683 26.4723 26.4723 2 2 3
27.0683 26.5023 26.5023 2 2 3
27.0683 26.5323 26.5323 2 2 3
27.0683 26.5623 26.5623 2 2 3
27.0683 26.5923 26.5923 2 2 3
27.0683 26.6223 26.6223 2 2 3
27.0683 26.6523 26.6523 2 2 3
27.0683 26.6823 26.6823 2 2 3
27.0683 26.7123 26.7123 2 2 3
27.0683 26.7423 26.7423 2 2 3
27.0683 26.7723 26.7723 2 2 3
27.0683 26.8023 26.8023 2 2 3
27.0683 26.8323 26.8323 2 2 3
27.0683 26.8623 26.8623 2 2 3
27.0683 26.8923 26.8923 2 2 3
27.0683 26.9223 26.9223 2 2 3
27.0683 26.9523 26.9523 2 2 3
27.0683 26.9823 26.9823 2 2 3
27.0683 27.0123 27.0123 2 2 3
27.0683 27.0423 27.0423 2 2 3
27.0683 27.0723 27.0723 2 2 3
27.0683 27.1023 27.1023 2 2 3
27.0682 27.1323 27.1323 2 2 3
27.0682 27.1623 27.1623 2 2 3
27.0682 27.1923 27.1923 2 2 3
27.0682 27.2223 27.2223 2 2 3
27.0682 27.2523 27.2523 2 2 3
27.0682 27.2823 27.2823 2 2 3
27.0682 27.3123 27.3123 2 2 3
27.0682 27.3423 27.3423 2 2 3
27.0682 27.3723 27.3723 2 2 3
27.0682 27.4023 27.4023 2 2 3
27.0682 27.4323 27.4323 2 2 3
27.0682 27.4623 27.4623 2 2 3
27.0682 27.4923 27.4923 2 2 3
27.0682 27.5223 27.5223 2 2 3
27.0682 27.5523 27.5523 2 2 3
27.0682 27.5823 27.5823 2 2 3
27.0682 27.6123 27.6123 2 2 3
27.0682 27.6423 27.6423 2 2 3
27.0682 27.6723 27.6723 2 2 3
27.0682 27.7023 27.7023 2 2 3
27.0682 27.7323 27.7323 2 2 3
27.0682 27.7623 27.7623 2 2 3
27.0682 27.7923 27.7923 2 2 3
27.0682 27.8223 27.8223 2 2 3
27.0682 27.8523 27.8523 2 2 3
27.0682 27.8823 27.8823 2 2 3
27.0682 27.9123 27.9123 2 2 3
27.0682 27.9423 27.9423 2 2 3
27.0682 27.9723 27.9723 2 2 3
27.0682 28.0023 28.0023 2 2 3
27.0682 28.0323 28.0323 2 2 3
27.0682 28.0623 28.0623 2 2 3
27.0682 28.0923 28.0923 2 2 3
27.0682 28.1223 28.1223 2 2 3
27.0682 28.1523 28.1523 2 2 3
27.0682 28.1823 28.1823 2 2 3
27.0682 28.2123 28.2123 2 2 3
27.0682 28.2423 28.2423 2 2 3
27.0682 28.2723 28.2723 2 2 3
27.0682 28.3023 28.3023 2 2 3
27.0681 28.3323 28.3323 2 2 3
27.0681 28.3623 28.3623 2 2 3
27.0681 28.3923 28.3923 2 2 3
27.0681 28.4223 28.4223 2 2 3
27.0681 28.4523 28.4523 2 2 3
27.0681 28.4823 28.4823 2 2 3
27.0681 28.5123 28.5123 2 2 3
27.0681 28.5423 28.5423 2 2 3
27.0681 28.5723 28.5723 2 2 3
27.0681 28.6023 28.6023 2 2 3
27.0681 28.6323 28.6323 2 2 3
27.0681 28.6623 28.6623 2 2 3
27.0681 28.6923 28.6923 2 2 3
27.0681 28.7223 28.7223 2 2 3
27.0681 28.7523 28.7523 2 2 3
27.0681 28.7823 28.7823 2 2 3
27.0681 28.8123 28.8123 2 2 3
27.0681 28.8423 28.8423 2 2 3
27.0681 28.8723 28.8723 2 2 3
27.0681 28.9023 28.9023 2 2 3
27.0681 28.9323 28.9323 2 2 3
27.0681 28.9623 28.9623 2 2 3
27.0681 28.9923 28.9923 2 2 3
27.0681 29.0223 29.0223 2 2 3
27.0681 29.0523 29.0523 2 2 3
27.0681 29.0823 29.0823 2 2 3
27.0681 29.1123 29.1123 2 2 3
27.0681 29.1423 29.1423 2 2 3
27.0681 29.1723 29.1723 2 2 3
27.0681 29.2023 29.2023 2 2 3
27.0681 29.2323 29.2323 2 2 3
27.0681 29.2623 29.2623 2 2 3
27.0681 29.2923 29.2923 2 2 3
27.0681 29.3223 29.3223 2 2 3
27.0681 29.3523 29.3523 2 2 3
27.0681 29.3823 29.3823 2 2 3
27.0681 29.4123 29.4123 2 2 3
27.0681 29.4423 29.4423 2 2 3
27.0681 29.4723 29.4723 2 2 3
27.0681 29.5023 29.5023 2 2 3
27.0681 29.5323 29.5323 2 2 3
27.0681 29.5623 29.5623 2 2 3
27.0681 29.5923 29.5923 2 2 3
27.0681 29.6223 29.6223 2 2 3
27.0681 29.6523 29.6523 2 2 3
27.0681 29.6823 29.6823 2 2 3
27.0681 29.7123 29.7123 2 2 3
27.068 29.7423 29.7423 2 2 3
27.068 29.7723 29.7723 2 2 3
27.068 29.8023 29.8023 2 2 3
27.068 29.8323 29.8323 2 2 3
27.068 29.8623 29.8623 2 2 3
27.068 29.8923 29.8923 2 2 3
27.068 29.9223 29.9223 2 2 3
27.068 29.9523 29.9523 2 2 3
27.068 29.9823 29.9823 2 2 3
27.068 30.0123 30.0123 2 2 3
27.068 30.0423 30.0423 2 2 3
27.068 30.0723 30.0723 2 2 3
27.068 30.1023 30.1023 2 2 3
27.068 30.1323 30.1323 2 2 3
27.068 30.1623 30.1623 2 2 3
27.068 30.1923 30.1923 2 2 3
27.068 30.2223 30.2223 2 2 3
27.068 30.2523 30.2523 2 2 3
27.068 30.2823 30.2823 2 2 3
27.068 30.3123 30.3123 2 2 3
27.068 30.3423 30.3423 2 2 3
27.068 30.3723 30.3723 2 2 3
27.068 30.4023 30.4023 2 2 3
27.068 30.4323 30.4323 2 2 3
27.068 30.4623 30.4623 2 2 3
27.068 30.4923 30.4923 2 2 3
27.068 30.5223 30.5223 2 2 3
27.068 30.5523 30.5523 2 2 3
27.068 30.5823 30.5823 2 2 3
27.068 30.6123 30.6123 2 2 3
27.068 30.6423 30.6423 2 2 3
27.068 30.6723 30.6723 2 2 3
27.068 30.7023 30.7023 2 2 3
27.068 30.7323 30.7323 2 2 3
27.068 30.7623 30.7623 2 2 3
27.068 30.7923 30.7923 2 2 3
27.068 30.8223 30.8223 2 2 3
27.068 30.8523 30.8523 2 2 3
27.068 30.8823 30.8823 2 2 3
27.068 30.9123 30.9123 2 2 3
27.068 30.9423 30.9423 2 2 3
27.068 30.9723 30.9723 2 2 3
27.068 31.0023 31.0023 2 2 3
27.068 31.0323 31.0323 2 2 3
27.068 31.0623 31.0623 2 2 3
27.068 31.0923 31.0923 2 2 3
27.068 31.1223 31.1223 2 2 3
27.068 31.1523 31.1523 2 2 3
27.068 31.1823 31.1823 2 2 3
27.068 31.2123 31.2123 2 2 3
27.068 31.2423 31.2423 2 2 3
27.068 31.2723 31.2723 2 2 3
27.068 31.3023 31.3023 2 2 3
27.068 31.3323 31.3323 2 2 3
27.0679 31.3623 31.3623 2 2 3
27.0679 31.3923 31.3923 2 2 3
27.0679 31.4223 31.4223 2 2 3
27.0679 31.4523 31.4523 2 2 3
27.0679 31.4823 31.4823 2 2 3
27.0679 31.5123 31.5123 2 2 3
27.0679 31.5423 31.5423 2 2 3
27.0679 31.5723 31.5723 2 2 3
27.0679 31.6023 31.6023 2 2 3
27.0679 31.6323 31.6323 2 2 3
27.0679 31.6623 31.6623 2 2 3
27.0679 31.6923 31.6923 2 2 3
27.0679 31.7223 31.7223 2 2 3
27.0679 31.7523 31.7523 2 2 3
27.0679 31.7823 31.7823 2 2 3
27.0679 31.8123 31.8123 2 2 3
27.0679 31.8423 31.8423 2 2 3
27.0679 31.8723 31.8723 2 2 3
27.0679 31.9023 31.9023 2 2 3
27.0679 31.9323 31.9323 2 2 3
27.0679 31.9623 31.9623 2 2 3
27.0679 31.9923 31.9923 2 2 3
27.0679 32.0223 32.0223 2 2 3
27.0679 32.0523 32.0523 2 2 3
27.0679 32.0823 32.0823 2 2 3
27.0679 32.1123 32.1123 2 2 3
27.0679 32.1423 32.1423 2 2 3
27.0679 32.1723 32.1723 2 2 3
27.0679 32.2023 32.2023 2 2 3
27.0679 32.2323 32.2323 2 2 3
27.0679 32.2623 32.2623 2 2 3
27.0679 32.2923 32.2923 2 2 3
27.0679 32.3223 32.3223 2 2 3
27.0679 32.3523 32.3523 2 2 3
27.0679 32.3823 32.3823 2 2 3
27.0679 32.4123 32.4123 2 2 3
27.0679 32.4423 32.4423 2 2 3
27.0679 32.4723 32.4723 2 2 3
27.0679 32.5023 32.5023 2 2 3
27.0679 32.5323 32.5323 2 2 3
27.0679 32.5623 32.5623 2 2 3
27.0679 32.5923 32.5923 2 2 3
27.0679 32.6223 32.6223 2 2 3
27.0679 32.6523 32.6523 2 2 3
27.0679 32.6823 32.6823 2 2 3
27.0679 32.7123 32.7123 2 2 3
27.0679 32.7423 32.7423 2 2 3
27.0679 32.7723 32.7723 2 2 3
27.0679 32.8023 32.8023 2 2 3
27.0679 32.8323 32.8323 2 2 3
27.0679 32.8623 32.8623 2 2 3
27.0679 32.8923 32.8923 2 2 3
27.0679 32.9223 32.9223 2 2 3
27.0679 32.9523 32.9523 2 2 3
27.0679 32.9823 32.9823 2 2 3
27.0679 33.0123 33.0123 2 2 3
27.0679 33.0423 33.0423 2 2 3
27.0679 33.0723 33.0723 2 2 3
27.0679 33.1023 33.1023 2 2 3
27.0679 33.1323 33.1323 2 2 3
27.0679 33.1623 33.1623 2 2 3
27.0679 33.1923 33.1923 2 2 3
27.0679 33.2223 33.2223 2 2 3
27.0679 33.2523 33.2523 2 2 3
27.0678 33.2823 33.2823 2 2 3
27.0678 33.3123 33.3123 2 2 3
27.0678 33.3423 33.3423 2 2 3
27.0678 33.3723 33.3723 2 2 3
27.0678 33.4023 33.4023 2 2 3
27.0678 33.4323 33.4323 2 2 3
27.0678 33.4623 33.4623 2 2 3
27.0678 33.4923 33.4923 2 2 3
27.0678 33.5223 33.5223 2 2 3
27.0678 33.5523 33.5523 2 2 3
27.0678 33.5823 33.5823 2 2 3
27.0678 33.6123 33.6123 2 2 3
27.0678 33.6423 33.6423 2 2 3
27.0678 33.6723 33.6723 2 2 3
27.0678 33.7023 33.7023 2 2 3
27.0678 33.7323 33.7323 2 2 3
27.0678 33.7623 33.7623 2 2 3
27.0678 33.7923 33.7923 2 2 3
27.0678 33.8223 33.8223 2 2 3
27.0678 33.8523 33.8523 2 2 3
27.0678 33.8823 33.8823 2 2 3
27.0678 33.9123 33.9123 2 2 3
27.0678 33.9423 33.9423 2 2 3
27.0678 33.9723 33.9723 2 2 3
27.0678 34.0023 34.0023 2 2 3
27.0678 34.0323 34.0323 2 2 3
27.0678 34.0623 34.0623 2 2 3
27.0678 34.0923 34.0923 2 2 3
27.0678 34.1223 34.1223 2 2 3
27.0678 34.1523 34.1523 2 2 3
27.0678 34.1823 34.1823 2 2 3
27.0678 34.2123 34.2123 2 2 3
27.0678 34.2423 34.2423 2 2 3
27.0678 34.2723 34.2723 2 2 3
27.0678 34.3023 34.3023 2 2 3
27.0678 34.3323 34.3323 2 2 3
27.0678 34.3623 34.3623 2 2 3
27.0678 34.3923 34.3923 2 2 3
27.0678 34.4223 34.4223 2 2 3
27.0678 34.4523 34.4523 2 2 3
27.0678 34.4823 34.4823 2 2 3
27.0678 34.5123 34.5123 2 2 3
27.0678 34.5423 34.5423 2 2 3
27.0678 34.5723 34.5723 2 2 3
27.0678 34.6023 34.6023 2 2 3
27.0678 34.6323 34.6323 2 2 3
27.0678 34.6623 34.6623 2 2 3
27.0678 34.6923 34.6923 2 2 3
27.0678 34.7223 34.7223 2 2 3
27.0678 34.7523 34.7523 2 2 3
27.0678 34.7823 34.7823 2 2 3
27.0678 34.8123 34.8123 2 2 3
27.0678 34.8423 34.8423 2 2 3
27.0678 34.8723 34.8723 2 2 3
27.0678 34.9023 34.9023 2 2 3
27.0678 34.9323 34.9323 2 2 3
27.0678 34.9623 34.9623 2 2 3
27.0678 34.9923 34.9923 2 2 3
27.0678 35.0223 35.0223 2 2 3
27.0678 35.0523 35.0523 2 2 3
27.0678 35.0823 35.0823 2 2 3
27.0678 35.1123 35.1123 2 2 3
27.0678 35.1423 35.1423 2 2 3
27.0678 35.1723 35.1723 2 2 3
27.0678 35.2023 35.2023 2 2 3
27.0678 35.2323 35.2323 2 2 3
27.0678 35.2623 35.2623 2 2 3
27.0678 35.2923 35.2923 2 2 3
27.0678 35.3223 35.3223 2 2 3
27.0678 35.3523 35.3523 2 2 3
27.0678 35.3823 35.3823 2 2 3
27.0678 35.4123 35.4123 2 2 3
27.0678 35.4423 35.4423 2 2 3
27.0678 35.4723 35.4723 2 2 3
27.0678 35.5023 35.5023 2 2 3
27.0678 35.5323 35.5323 2 2 3
27.0678 35.5623 35.5623 2 2 3
27.0677 35.5923 35.5923 2 2 3
27.0677 35.6223 35.6223 2 2 3
27.0677 35.6523 35.6523 2 2 3
27.0677 35.6823 35.6823 2 2 3
27.0677 35.7123 35.7123 2 2 3
27.0677 35.7423 35.7423 2 2 3
27.0677 35.7723 35.7723 2 2 3
27.0677 35.8023 35.8023 2 2 3
27.0677 35.8323 35.8323 2 2 3
27.0677 35.8623 35.8623 2 2 3
27.0677 35.8923 35.8923 2 2 3
27.0677 35.9223 35.9223 2 2 3
27.0677 35.9523 35.9523 2 2 3
27.0677 35.9823 35.9823 2 2 3
27.0677 36.0123 36.0123 2 2 3
27.0677 36.0423 36.0423 2 2 3
27.0677 36.0723 36.0723 2 2 3
27.0677 36.1023 36.1023 2 2 3
27.0677 36.1323 36.1323 2 2 3
27.0677 36.1623 36.1623 2 2 3
27.0677 36.1923 36.1923 2 2 3
27.0677 36.2223 36.2223 2 2 3
27.0677 36.2523 36.2523 2 2 3
27.0677 36.2823 36.2823 2 2 3
27.0677 36.3123 36.3123 2 2 3
27.0677 36.3423 36.3423 2 2 3
27.0677 36.3723 36.3723 2 2 3
27.0677 36.4023 36.4023 2 2 3
27.0677 36.4323 36.4323 2 2 3
27.0677 36.4623 36.4623 2 2 3
27.0677 36.4923 36.4923 2 2 3
27.0677 36.5223 36.5223 2 2 3
27.0677 36.5523 36.5523 2 2 3
27.0677 36.5823 36.5823 2 2 3
27.0677 36.6123 36.6123 2 2 3
27.0677 36.6423 36.6423 2 2 3
27.0677 36.6723 36.6723 2 2 3
27.0677 36.7023 36.7023 2 2 3
27.0677 36.7323 36.7323 2 2 3
27.0677 36.7623 36.7623 2 2 3
27.0677 36.7923 36.7923 2 2 3
27.0677 36.8223 36.8223 2 2 3
27.0677 36.8523 36.8523 2 2 3
27.0677 36.8823 36.8823 2 2 3
27.0677 36.9123 36.9123 2 2 3
27.0677 36.9423 36.9423 2 2 3
27.0677 36.9723 36.9723 2 2 3
27.0677 37.0023 37.0023 2 2 3
27.0677 37.0323 37.0323 2 2 3
27.0677 37.0623 37.0623 2 2 3
27.0677 37.0923 37.0923 2 2 3
27.0677 37.1223 37.1223 2 2 3
27.0677 37.1523 37.1523 2 2 3
27.0677 37.1823 37.1823 2 2 3
27.0677 37.2123 37.2123 2 2 3
27.0677 37.2423 37.2423 2 2 3
27.0677 37.2723 37.2723 2 2 3
27.0677 37.3023 37.3023 2 2 3
27.0677 37.3323 37.3323 2 2 3
27.0677 37.3623 37.3623 2 2 3
27.0677 37.3923 37.3923 2 2 3
27.0677 37.4223 37.4223 2 2 3
27.0677 37.4523 37.4523 2 2 3
27.0677 37.4823 37.4823 2 2 3
27.0677 37.5123 37.5123 2 2 3
27.0677 37.5423 37.5423 2 2 3
27.0677 37.5723 37.5723 2 2 3
27.0677 37.6023 37.6023 2 2 3
27.0677 37.6323 37.6323 2 2 3
27.0677 37.6623 37.6623 2 2 3
27.0677 37.6923 37.6923 2 2 3
27.0677 37.7223 37.7223 2 2 3
27.0677 37.7523 37.7523 2 2 3
27.0677 37.7823 37.7823 2 2 3
27.0677 37.8123 37.8123 2 2 3
27.0677 37.8423 37.8423 2 2 3
27.0677 37.8723 37.8723 2 2 3
27.0677 37.9023 37.9023 2 2 3
27.0677 37.9323 37.9323 2 2 3
27.0677 37.9623 37.9623 2 2 3
27.0677 37.9923 37.9923 2 2 3
27.0677 38.0223 38.0223 2 2 3
27.0677 38.0523 38.0523 2 2 3
27.0677 38.0823 38.0823 2 2 3
27.0677 38.1123 38.1123 2 2 3
27.0677 38.1423 38.1423 2 2 3
27.0677 38.1723 38.1723 2 2 3
27.0677 38.2023 38.2023 2 2 3
27.0677 38.2323 38.2323 2 2 3
27.0677 38.2623 38.2623 2 2 3
27.0677 38.2923 38.2923 2 2 3
27.0677 38.3223 38.3223 2 2 3
27.0677 38.3523 38.3523 2 2 3
27.0677 38.3823 38.3823 2 2 3
27.0677 38.4123 38.4123 2 2 3
27.0677 38.4423 38.4423 2 2 3
27.0676 38.4723 38.4723 2 2 3
27.0676 38.5023 38.5023 2 2 3
27.0676 38.5323 38.5323 2 2 3
27.0676 38.5623 38.5623 2 2 3
27.0676 38.5923 38.5923 2 2 3
27.0676 38.6223 38.6223 2 2 3
27.0676 38.6523 38.6523 2 2 3
27.0676 38.6823 38.6823 2 2 3
27.0676 38.7123 38.7123 2 2 3
27.0676 38.7423 38.7423 2 2 3
27.0676 38.7723 38.7723 2 2 3
27.0676 38.8023 38.8023 2 2 3
27.0676 38.8323 38.8323 2 2 3
27.0676 38.8623 38.8623 2 2 3
27.0676 38.8923 38.8923 2 2 3
27.0676 38.9223 38.9223 2 2 3
27.0676 38.9523 38.9523 2 2 3
27.0676 38.9823 38.9823 2 2 3
27.0676 39.0123 39.0123 2 2 3
27.0676 39.0423 39.0423 2 2 3
27.0676 39.0723 39.0723 2 2 3
27.0676 39.1023 39.1023 2 2 3
27.0676 39.1323 39.1323 2 2 3
27.0676 39.1623 39.1623 2 2 3
27.0676 39.1923 39.1923 2 2 3
27.0676 39.2223 39.2223 2 2 3
27.0676 39.2523 39.2523 2 2 3
27.0676 39.2823 39.2823 2 2 3
27.0676 39.3123 39.3123 2 2 3
27.0676 39.3423 39.3423 2 2 3
27.0676 39.3723 39.3723 2 2 3
27.0676 39.4023 39.4023 2 2 3
27.0676 39.4323 39.4323 2 2 3
27.0676 39.4623 39.4623 2 2 3
27.0676 39.4923 39.4923 2 2 3
27.0676 39.5223 39.5223 2 2 3
27.0676 39.5523 39.5523 2 2 3
27.0676 39.5823 39.5823 2 2 3
27.0676 39.6123 39.6123 2 2 3
27.0676 39.6423 39.6423 2 2 3
27.0676 39.6723 39.6723 2 2 3
27.0676 39.7023 39.7023 2 2 3
27.0676 39.7323 39.7323 2 2 3
27.0676 39.7623 39.7623 2 2 3
27.0676 39.7923 39.7923 2 2 3
27.0676 39.8223 39.8223 2 2 3
27.0676 39.8523 39.8523 2 2 3
27.0676 39.8823 39.8823 2 2 3
27.0676 39.9123 39.9123 2 2 3
27.0676 39.9423 39.9423 2 2 3
27.0676 39.9723 39.9723 2 2 3
27.0676 40.0023 40.0023 2 2 3
27.0676 40.0323 40.0323 2 2 3
27.0676 40.0623 40.0623 2 2 3
27.0676 40.0923 40.0923 2 2 3
27.0676 40.1223 40.1223 2 2 3
27.0676 40.1523 40.1523 2 2 3
27.0676 40.1823 40.1823 2 2 3
27.0676 40.2123 40.2123 2 2 3
27.0676 40.2423 40.2423 2 2 3
27.0676 40.2723 40.2723 2 2 3
27.0676 40.3023 40.3023 2 2 3
27.0676 40.3323 40.3323 2 2 3
27.0676 40.3623 40.3623 2 2 3
27.0676 40.3923 40.3923 2 2 3
27.0676 40.4223 40.4223 2 2 3
27.0676 40.4523 40.4523 2 2 3
27.0676 40.4823 40.4823 2 2 3
27.0676 40.5123 40.5123 2 2 3
27.0676 40.5423 40.5423 2 2 3
27.0676 40.5723 40.5723 2 2 3
27.0676 40.6023 40.6023 2 2 3
27.0676 40.6323 40.6323 2 2 3
27.0676 40.6623 40.6623 2 2 3
27.0676 40.6923 40.6923 2 2 3
27.0676 40.7223 40.7223 2 2 3
27.0676 40.7523 40.7523 2 2 3
27.0676 40.7823 40.7823 2 2 3
27.0676 40.8123 40.8123 2 2 3
27.0676 40.8423 40.8423 2 2 3
27.0676 40.8723 40.8723 2 2 3
27.0676 40.9023 40.9023 2 2 3
27.0676 40.9323 40.9323 2 2 3
27.0676 40.9623 40.9623 2 2 3
27.0676 40.9923 40.9923 2 2 3
27.0676 41.0223 41.0223 2 2 3
27.0676 41.0523 41.0523 2 2 3
27.0676 41.0823 41.0823 2 2 3
27.0676 41.1123 41.1123 2 2 3
27.0676 41.1423 41.1423 2 2 3
27.0676 41.1723 41.1723 2 2 3
27.0676 41.2023 41.2023 2 2 3
27.0676 41.2323 41.2323 2 2 3
27.0676 41.2623 41.2623 2 2 3
27.0676 41.2923 41.2923 2 2 3
27.0676 41.3223 41.3223 2 2 3
27.0676 41.3523 41.3523 2 2 3
27.0676 41.3823 41.3823 2 2 3
27.0676 41.4123 41.4123 2 2 3
27.0676 41.4423 41.4423 2 2 3
27.0676 41.4723 41.4723 2 2 3
27.0676 41.5023 41.5023 2 2 3
27.0676 41.5323 41.5323 2 2 3
27.0676 41.5623 41.5623 2 2 3
27.0676 41.5923 41.5923 2 2 3
27.0676 41.6223 41.6223 2 2 3
27.0676 41.6523 41.6523 2 2 3
27.0676 41.6823 41.6823 2 2 3
27.0676 41.7123 41.7123 2 2 3
27.0676 41.7423 41.7423 2 2 3
27.0676 41.7723 41.7723 2 2 3
27.0676 41.8023 41.8023 2 2 3
27.0676 41.8323 41.8323 2 2 3
27.0676 41.8623 41.8623 2 2 3
27.0676 41.8923 41.8923 2 2 3
27.0676 41.9223 41.9223 2 2 3
27.0676 41.9523 41.9523 2 2 3
27.0676 41.9823 41.9823 2 2 3
27.0676 42.0123 42.0123 2 2 3
27.0676 42.0423 42.0423 2 2 3
27.0676 42.0723 42.0723 2 2 3
27.0676 42.1023 42.1023 2 2 3
27.0676 42.1323 42.1323 2 2 3
27.0676 42.1623 42.1623 2 2 3
27.0675 42.1923 42.1923 2 2 3
27.0675 42.2223 42.2223 2 2 3
27.0675 42.2523 42.2523 2 2 3
27.0675 42.2823 42.2823 2 2 3
27.0675 42.3123 42.3123 2 2 3
27.0675 42.3423 42.3423 2 2 3
27.0675 42.3723 42.3723 2 2 3
27.0675 42.4023 42.4023 2 2 3
27.0675 42.4323 42.4323 2 2 3
27.0675 42.4623 42.4623 2 2 3
27.0675 42.4923 42.4923 2 2 3
27.0675 42.5223 42.5223 2 2 3
27.0675 42.5523 42.5523 2 2 3
27.0675 42.5823 42.5823 2 2 3
27.0675 42.6123 42.6123 2 2 3
27.0675 42.6423 42.6423 2 2 3
27.0675 42.6723 42.6723 2 2 3
27.0675 42.7023 42.7023 2 2 3
27.0675 42.7323 42.7323 2 2 3
27.0675 42.7623 42.7623 2 2 3
27.0675 42.7923 42.7923 2 2 3
27.0675 42.8223 42.8223 2 2 3
27.0675 42.8523 42.8523 2 2 3
27.0675 42.8823 42.8823 2 2 3
27.0675 42.9123 42.9123 2 2 3
27.0675 42.9423 42.9423 2 2 3
27.0675 42.9723 42.9723 2 2 3
27.0675 43.0023 43.0023 2 2 3
27.0675 43.0323 43.0323 2 2 3
27.0675 43.0623 43.0623 2 2 3
27.0675 43.0923 43.0923 2 2 3
27.0675 43.1223 43.1223 2 2 3
27.0675 43.1523 43.1523 2 2 3
27.0675 43.1823 43.1823 2 2 3
27.0675 43.2123 43.2123 2 2 3
27.0675 43.2423 43.2423 2 2 3
27.0675 43.2723 43.2723 2 2 3
27.0675 43.3023 43.3023 2 2 3
27.0675 43.3323 43.3323 2 2 3
27.0675 43.3623 43.3623 2 2 3
27.0675 43.3923 43.3923 2 2 3
27.0675 43.4223 43.4223 2 2 3
27.0675 43.4523 43.4523 2 2 3
27.0675 43.4823 43.4823 2 2 3
27.0675 43.5123 43.5123 2 2 3
27.0675 43.5423 43.5423 2 2 3
27.0675 43.5723 43.5723 2 2 3
27.0675 43.6023 43.6023 2 2 3
27.0675 43.6323 43.6323 2 2 3
27.0675 43.6623 43.6623 2 2 3
27.0675 43.6923 43.6923 2 2 3
27.0675 43.7223 43.7223 2 2 3
27.0675 43.7523 43.7523 2 2 3
27.0675 43.7823 43.7823 2 2 3
27.0675 43.8123 43.8123 2 2 3
27.0675 43.8423 43.8423 2 2 3
27.0675 43.8723 43.8723 2 2 3
27.0675 43.9023 43.9023 2 2 3
27.0675 43.9323 43.9323 2 2 3
27.0675 43.9623 43.9623 2 2 3
27.0675 43.9923 43.9923 2 2 3
27.0675 44.0223 44.0223 2 2 3
27.0675 44.0523 44.0523 2 2 3
27.0675 44.0823 44.0823 2 2 3
27.0675 44.1123 44.1123 2 2 3
27.0675 44.1423 44.1423 2 2 3
27.0675 44.1723 44.1723 2 2 3
27.0675 44.2023 44.2023 2 2 3
27.0675 44.2323 44.2323 2 2 3
27.0675 44.2623 44.2623 2 2 3
27.0675 44.2923 44.2923 2 2 3
27.0675 44.3223 44.3223 2 2 3
27.0675 44.3523 44.3523 2 2 3
27.0675 44.3823 44.3823 2 2 3
27.0675 44.4123 44.4123 2 2 3
27.0675 44.4423 44.4423 2 2 3
27.0675 44.4723 44.4723 2 2 3
27.0675 44.5023 44.5023 2 2 3
27.0675 44.5323 44.5323 2 2 3
27.0675 44.5623 44.5623 2 2 3
27.0675 44.5923 44.5923 2 2 3
27.0675 44.6223 44.6223 2 2 3
27.0675 44.6523 44.6523 2 2 3
27.0675 44.6823 44.6823 2 2 3
27.0675 44.7123 44.7123 2 2 3
27.0675 44.7423 44.7423 2 2 3
27.0675 44.7723 44.7723 2 2 3
27.0675 44.8023 44.8023 2 2 3
27.0675 44.8323 44.8323 2 2 3
27.0675 44.8623 44.8623 2 2 3
27.0675 44.8923 44.8923 2 2 3
27.0675 44.9223 44.9223 2 2 3
27.0675 44.9523 44.9523 2 2 3
27.0675 44.9823 44.9823 2 2 3
27.0675 45.0123 45.0123 2 2 3
27.0675 45.0423 45.0423 2 2 3
27.0675 45.0723 45.0723 2 2 3
27.0675 45.1023 45.1023 2 2 3
27.0675 45.1323 45.1323 2 2 3
27.0675 45.1623 45.1623 2 2 3
27.0675 45.1923 45.1923 2 2 3
27.0675 45.2223 45.2223 2 2 3
27.0675 45.2523 45.2523 2 2 3
27.0675 45.2823 45.2823 2 2 3
27.0675 45.3123 45.3123 2 2 3
27.0675 45.3423 45.3423 2 2 3
27.0675 45.3723 45.3723 2 2 3
27.0675 45.4023 45.4023 2 2 3
27.0675 45.4323 45.4323 2 2 3
27.0675 45.4623 45.4623 2 2 3
27.0675 45.4923 45.4923 2 2 3
27.0675 45.5223 45.5223 2 2 3
27.0675 45.5523 45.5523 2 2 3
27.0675 45.5823 45.5823 2 2 3
27.0675 45.6123 45.6123 2 2 3
27.0675 45.6423 45.6423 2 2 3
27.0675 45.6723 45.6723 2 2 3
27.0675 45.7023 45.7023 2 2 3
27.0675 45.7323 45.7323 2 2 3
27.0675 45.7623 45.7623 2 2 3
27.0675 45.7923 45.7923 2 2 3
27.0675 45.8223 45.8223 2 2 3
27.0675 45.8523 45.8523 2 2 3
27.0675 45.8823 45.8823 2 2 3
27.0675 45.9123 45.9123 2 2 3
27.0675 45.9423 45.9423 2 2 3
27.0675 45.9723 45.9723 2 2 3
27.0675 46.0023 46.0023 2 2 3
27.0675 46.0323 46.0323 2 2 3
27.0675 46.0623 46.0623 2 2 3
27.0675 46.0923 46.0923 2 2 3
27.0675 46.1223 46.1223 2 2 3
27.0675 46.1523 46.1523 2 2 3
27.0675 46.1823 46.1823 2 2 3
27.0675 46.2123 46.2123 2 2 3
27.0675 46.2423 46.2423 2 2 3
27.0675 46.2723 46.2723 2 2 3
27.0675 46.3023 46.3023 2 2 3
27.0675 46.3323 46.3323 2 2 3
27.0675 46.3623 46.3623 2 2 3
27.0675 46.3923 46.3923 2 2 3
27.0675 46.4223 46.4223 2 2 3
27.0675 46.4523 46.4523 2 2 3
27.0675 46.4823 46.4823 2 2 3
27.0675 46.5123 46.5123 2 2 3
27.0675 46.5423 46.5423 2 2 3
27.0675 46.5723 46.5723 2 2 3
27.0675 46.6023 46.6023 2 2 3
27.0675 46.6323 46.6323 2 2 3
27.0675 46.6623 46.6623 2 2 3
27.0675 46.6923 46.6923 2 2 3
27.0675 46.7223 46.7223 2 2 3
27.0675 46.7523 46.7523 2 2 3
27.0675 46.7823 46.7823 2 2 3
27.0675 46.8123 46.8123 2 2 3
27.0675 46.8423 46.8423 2 2 3
27.0675 46.8723 46.8723 2 2 3
27.0675 46.9023 46.9023 2 2 3
27.0675 46.9323 46.9323 2 2 3
27.0675 46.9623 46.9623 2 2 3
27.0675 46.9923 46.9923 2 2 3
27.0675 47.0223 47.0223 2 2 3
27.0675 47.0523 47.0523 2 2 3
27.0675 47.0823 47.0823 2 2 3
27.0675 47.1123 47.1123 2 2 3
27.0675 47.1423 47.1423 2 2 3
27.0675 47.1723 47.1723 2 2 3
27.0675 47.2023 47.2023 2 2 3
27.0675 47.2323 47.2323 2 2 3
27.0674 47.2623 47.2623 2 2 3
27.0674 47.2923 47.2923 2 2 3
27.0674 47.3223 47.3223 2 2 3
27.0674 47.3523 47.3523 2 2 3
27.0674 47.3823 47.3823 2 2 3
27.0674 47.4123 47.4123 2 2 3
27.0674 47.4423 47.4423 2 2 3
27.0674 47.4723 47.4723 2 2 3
27.0674 47.5023 47.5023 2 2 3
27.0674 47.5323 47.5323 2 2 3
27.0674 47.5623 47.5623 2 2 3
27.0674 47.5923 47.5923 2 2 3
27.0674 47.6223 47.6223 2 2 3
27.0674 47.6523 47.6523 2 2 3
27.0674 47.6823 47.6823 2 2 3
27.0674 47.7123 47.7123 2 2 3
27.0674 47.7423 47.7423 2 2 3
27.0674 47.7723 47.7723 2 2 3
27.0674 47.8023 47.8023 2 2 3
27.0674 47.8323 47.8323 2 2 3
27.0674 47.8623 47.8623 2 2 3
27.0674 47.8923 47.8923 2 2 3
27.0674 47.9223 47.9223 2 2 3
27.0674 47.9523 47.9523 2 2 3
27.0674 47.9823 47.9823 2 2 3
27.0674 48.0123 48.0123 2 2 3
27.0674 48.0423 48.0423 2 2 3
27.0674 48.0723 48.0723 2 2 3
27.0674 48.1023 48.1023 2 2 3
27.0674 48.1323 48.1323 2 2 3
27.0674 48.1623 48.1623 2 2 3
27.0674 48.1923 48.1923 2 2 3
27.0674 48.2223 48.2223 2 2 3
27.0674 48.2523 48.2523 2 2 3
27.0674 48.2823 48.2823 2 2 3
27.0674 48.3123 48.3123 2 2 3
27.0674 48.3423 48.3423 2 2 3
27.0674 48.3723 48.3723 2 2 3
27.0674 48.4023 48.4023 2 2 3
27.0674 48.4323 48.4323 2 2 3
27.0674 48.4623 48.4623 2 2 3
27.0674 48.4923 48.4923 2 2 3
27.0674 48.5223 48.5223 2 2 3
27.0674 48.5523 48.5523 2 2 3
27.0674 48.5823 48.5823 2 2 3
27.0674 48.6123 48.6123 2 2 3
27.0674 48.6423 48.6423 2 2 3
27.0674 48.6723 48.6723 2 2 3
27.0674 48.7023 48.7023 2 2 3
27.0674 48.7323 48.7323 2 2 3
27.0674 48.7623 48.7623 2 2 3
27.0674 48.7923 48.7923 2 2 3
27.0674 48.8223 48.8223 2 2 3
27.0674 48.8523 48.8523 2 2 3
27.0674 48.8823 48.8823 2 2 3
27.0674 48.9123 48.9123 2 2 3
27.0674 48.9423 48.9423 2 2 3
27.0674 48.9723 48.9723 2 2 3
27.0674 49.0023 49.0023 2 2 3
27.0674 49.0323 49.0323 2 2 3
27.0674 49.0623 49.0623 2 2 3
27.0674 49.0923 49.0923 2 2 3
27.0674 49.1223 49.1223 2 2 3
27.0674 49.1523 49.1523 2 2 3
27.0674 49.1823 49.1823 2 2 3
27.0674 49.2123 49.2123 2 2 3
27.0674 49.2423 49.2423 2 2 3
27.0674 49.2723 49.2723 2 2 3
27.0674 49.3023 49.3023 2 2 3
27.0674 49.3323 49.3323 2 2 3
27.0674 49.3623 49.3623 2 2 3
27.0674 49.3923 49.3923 2 2 3
27.0674 49.4223 49.4223 2 2 3
27.0674 49.4523 49.4523 2 2 3
27.0674 49.4823 49.4823 2 2 3
27.0674 49.5123 49.5123 2 2 3
27.0674 49.5423 49.5423 2 2 3
27.0674 49.5723 49.5723 2 2 3
27.0674 49.6023 49.6023 2 2 3
27.0674 49.6323 49.6323 2 2 3
27.0674 49.6623 49.6623 2 2 3
27.0674 49.6923 49.6923 2 2 3
27.0674 49.7223 49.7223 2 2 3
27.0674 49.7523 49.7523 2 2 3
27.0674 49.7823 49.7823 2 2 3
27.0674 49.8123 49.8123 2 2 3
27.0674 49.8423 49.8423 2 2 3
27.0674 49.8723 49.8723 2 2 3
27.0674 49.9023 49.9023 2 2 3
27.0674 49.9323 49.9323 2 2 3
27.0674 49.9623 49.9623 2 2 3
27.0674 49.9923 49.9923 2 2 3
27.0674 50.0223 50.0223 2 2 3
27.0674 50.0523 50.0523 2 2 3
27.0674 50.0823 50.0823 2 2 3
27.0674 50.1123 50.1123 2 2 3
27.0674 50.1423 50.1423 2 2 3
27.0674 50.1723 50.1723 2 2 3
27.0674 50.2023 50.2023 2 2 3
27.0674 50.2323 50.2323 2 2 3
27.0674 50.2623 50.2623 2 2 3
27.0674 50.2923 50.2923 2 2 3
27.0674 50.3223 50.3223 2 2 3
27.0674 50.3523 50.3523 2 2 3
27.0674 50.3823 50.3823 2 2 3
27.0674 50.4123 50.4123 2 2 3
27.0674 50.4423 50.4423 2 2 3
27.0674 50.4723 50.4723 2 2 3
27.0674 50.5023 50.5023 2 2 3
27.0674 50.5323 50.5323 2 2 3
27.0674 50.5623 50.5623 2 2 3
27.0674 50.5923 50.5923 2 2 3
27.0674 50.6223 50.6223 2 2 3
27.0674 50.6523 50.6523 2 2 3
27.0674 50.6823 50.6823 2 2 3
27.0674 50.7123 50.7123 2 2 3
27.0674 50.7423 50.7423 2 2 3
27.0674 50.7723 50.7723 2 2 3
27.0674 50.8023 50.8023 2 2 3
27.0674 50.8323 50.8323 2 2 3
27.0674 50.8623 50.8623 2 2 3
27.0674 50.8923 50.8923 2 2 3
27.0674 50.9223 50.9223 2 2 3
27.0674 50.9523 50.9523 2 2 3
27.0674 50.9823 50.9823 2 2 3
27.0674 51.0123 51.0123 2 2 3
27.0674 51.0423 51.0423 2 2 3
27.0674 51.0723 51.0723 2 2 3
27.0674 51.1023 51.1023 2 2 3
27.0674 51.1323 51.1323 2 2 3
27.0674 51.1623 51.1623 2 2 3
27.0674 51.1923 51.1923 2 2 3
27.0674 51.2223 51.2223 2 2 3
27.0674 51.2523 51.2523 2 2 3
27.0674 51.2823 51.2823 2 2 3
27.0674 51.3123 51.3123 2 2 3
27.0674 51.3423 51.3423 2 2 3
27.0674 51.3723 51.3723 2 2 3
27.0674 51.4023 51.4023 2 2 3
27.0674 51.4323 51.4323 2 2 3
27.0674 51.4623 51.4623 2 2 3
27.0674 51.4923 51.4923 2 2 3
27.0674 51.5223 51.5223 2 2 3
27.0674 51.5523 51.5523 2 2 3
27.0674 51.5823 51.5823 2 2 3
27.0674 51.6123 51.6123 2 2 3
27.0674 51.6423 51.6423 2 2 3
27.0674 51.6723 51.6723 2 2 3
27.0674 51.7023 51.7023 2 2 3
27.0674 51.7323 51.7323 2 2 3
27.0674 51.7623 51.7623 2 2 3
27.0674 51.7923 51.7923 2 2 3
27.0674 51.8223 51.8223 2 2 3
27.0674 51.8523 51.8523 2 2 3
27.0674 51.8823 51.8823 2 2 3
27.0674 51.9123 51.9123 2 2 3
27.0674 51.9423 51.9423 2 2 3
27.0674 51.9723 51.9723 2 2 3
27.0674 52.0023 52.0023 2 2 3
27.0674 52.0323 52.0323 2 2 3
27.0674 52.0623 52.0623 2 2 3
27.0674 52.0923 52.0923 2 2 3
27.0674 52.1223 52.1223 2 2 3
27.0674 52.1523 52.1523 2 2 3
27.0674 52.1823 52.1823 2 2 3
27.0674 52.2123 52.2123 2 2 3
27.0674 52.2423 52.2423 2 2 3
27.0674 52.2723 52.2723 2 2 3
27.0674 52.3023 52.3023 2 2 3
27.0674 52.3323 52.3323 2 2 3
27.0674 52.3623 52.3623 2 2 3
27.0674 52.3923 52.3923 2 2 3
27.0674 52.4223 52.4223 2 2 3
27.0674 52.4523 52.4523 2 2 3
27.0674 52.4823 52.4823 2 2 3
27.0674 52.5123 52.5123 2 2 3
27.0674 52.5423 52.5423 2 2 3
27.0674 52.5723 52.5723 2 2 3
27.0674 52.6023 52.6023 2 2 3
27.0674 52.6323 52.6323 2 2 3
27.0674 52.6623 52.6623 2 2 3
27.0674 52.6923 52.6923 2 2 3
27.0674 52.7223 52.7223 2 2 3
27.0674 52.7523 52.7523 2 2 3
27.0674 52.7823 52.7823 2 2 3
27.0674 52.8123 52.8123 2 2 3
27.0674 52.8423 52.8423 2 2 3
27.0674 52.8723 52.8723 2 2 3
27.0674 52.9023 52.9023 2 2 3
27.0674 52.9323 52.9323 2 2 3
27.0674 52.9623 52.9623 2 2 3
27.0674 52.9923 52.9923 2 2 3
27.0674 53.0223 53.0223 2 2 3
27.0674 53.0523 53.0523 2 2 3
27.0674 53.0823 53.0823 2 2 3
27.0674 53.1123 53.1123 2 2 3
27.0674 53.1423 53.1423 2 2 3
27.0674 53.1723 53.1723 2 2 3
27.0674 53.2023 53.2023 2 2 3
27.0674 53.2323 53.2323 2 2 3
27.0674 53.2623 53.2623 2 2 3
27.0674 53.2923 53.2923 2 2 3
27.0674 53.3223 53.3223 2 2 3
27.0674 53.3523 53.3523 2 2 3
27.0674 53.3823 53.3823 2 2 3
27.0674 53.4123 53.4123 2 2 3
27.0674 53.4423 53.4423 2 2 3
27.0674 53.4723 53.4723 2 2 3
27.0674 53.5023 53.5023 2 2 3
27.0674 53.5323 53.5323 2 2 3
27.0674 53.5623 53.5623 2 2 3
27.0674 53.5923 53.5923 2 2 3
27.0674 53.6223 53.6223 2 2 3
27.0674 53.6523 53.6523 2 2 3
27.0674 53.6823 53.6823 2 2 3
27.0674 53.7123 53.7123 2 2 3
27.0674 53.7423 53.7423 2 2 3
27.0674 53.7723 53.7723 2 2 3
27.0674 53.8023 53.8023 2 2 3
27.0674 53.8323 53.8323 2 2 3
27.0674 53.8623 53.8623 2 2 3
27.0674 53.8923 53.8923 2 2 3
27.0674 53.9223 53.9223 2 2 3
27.0674 53.9523 53.9523 2 2 3
27.0674 53.9823 53.9823 2 2 3
27.0674 54.0123 54.0123 2 2 3
27.0674 54.0423 54.0423 2 2 3
27.0674 54.0723 54.0723 2 2 3
27.0674 54.1023 54.1023 2 2 3
27.0674 54.1323 54.1323 2 2 3
27.0674 54.1623 54.1623 2 2 3
27.0674 54.1923 54.1923 2 2 3
27.0674 54.2223 54.2223 2 2 3
27.0674 54.2523 54.2523 2 2 3
27.0674 54.2823 54.2823 2 2 3
27.0674 54.3123 54.3123 2 2 3
27.0674 54.3423 54.3423 2 2 3
27.0674 54.3723 54.3723 2 2 3
27.0674 54.4023 54.4023 2 2 3
27.0674 54.4323 54.4323 2 2 3
27.0674 54.4623 54.4623 2 2 3
27.0674 54.4923 54.4923 2 2 3
27.0674 54.5223 54.5223 2 2 3
27.0674 54.5523 54.5523 2 2 3
27.0674 54.5823 54.5823 2 2 3
27.0674 54.6123 54.6123 2 2 3
27.0674 54.6423 54.6423 2 2 3
27.0674 54.6723 54.6723 2 2 3
27.0673 54.7023 54.7023 2 2 3
27.0673 54.7323 54.7323 2 2 3
27.0673 54.7623 54.7623 2 2 3
27.0673 54.7923 54.7923 2 2 3
27.0673 54.8223 54.8223 2 2 3
27.0673 54.8523 54.8523 2 2 3
27.0673 54.8823 54.8823 2 2 3
27.0673 54.9123 54.9123 2 2 3
27.0673 54.9423 54.9423 2 2 3
27.0673 54.9723 54.9723 2 2 3
27.0673 55.0023 55.0023 2 2 3
27.0673 55.0323 55.0323 2 2 3
27.0673 55.0623 55.0623 2 2 3
27.0673 55.0923 55.0923 2 2 3
27.0673 55.1223 55.1223 2 2 3
27.0673 55.1523 55.1523 2 2 3
27.0673 55.1823 55.1823 2 2 3
27.0673 55.2123 55.2123 2 2 3
27.0673 55.2423 55.2423 2 2 3
27.0673 55.2723 55.2723 2 2 3
27.0673 55.3023 55.3023 2 2 3
27.0673 55.3323 55.3323 2 2 3
27.0673 55.3623 55.3623 2 2 3
27.0673 55.3923 55.3923 2 2 3
27.0673 55.4223 55.4223 2 2 3
27.0673 55.4523 55.4523 2 2 3
27.0673 55.4823 55.4823 2 2 3
27.0673 55.5123 55.5123 2 2 3
27.0673 55.5423 55.5423 2 2 3
27.0673 55.5723 55.5723 2 2 3
27.0673 55.6023 55.6023 2 2 3
27.0673 55.6323 55.6323 2 2 3
27.0673 55.6623 55.6623 2 2 3
27.0673 55.6923 55.6923 2 2 3
27.0673 55.7223 55.7223 2 2 3
27.0673 55.7523 55.7523 2 2 3
27.0673 55.7823 55.7823 2 2 3
27.0673 55.8123 55.8123 2 2 3
27.0673 55.8423 55.8423 2 2 3
27.0673 55.8723 55.8723 2 2 3
27.0673 55.9023 55.9023 2 2 3
27.0673 55.9323 55.9323 2 2 3
27.0673 55.9623 55.9623 2 2 3
27.0673 55.9923 55.9923 2 2 3
27.0673 56.0223 56.0223 2 2 3
27.0673 56.0523 56.0523 2 2 3
27.0673 56.0823 56.0823 2 2 3
27.0673 56.1123 56.1123 2 2 3
27.0673 56.1423 56.1423 2 2 3
27.0673 56.1723 56.1723 2 2 3
27.0673 56.2023 56.2023 2 2 3
27.0673 56.2323 56.2323 2 2 3
27.0673 56.2623 56.2623 2 2 3
27.0673 56.2923 56.2923 2 2 3
27.0673 56.3223 56.3223 2 2 3
27.0673 56.3523 56.3523 2 2 3
27.0673 56.3823 56.3823 2 2 3
27.0673 56.4123 56.4123 2 2 3
27.0673 56.4423 56.4423 2 2 3
27.0673 56.4723 56.4723 2 2 3
27.0673 56.5023 56.5023 2 2 3
27.0673 56.5323 56.5323 2 2 3
27.0673 56.5623 56.5623 2 2 3
27.0673 56.5923 56.5923 2 2 3
27.0673 56.6223 56.6223 2 2 3
27.0673 56.6523 56.6523 2 2 3
27.0673 56.6823 56.6823 2 2 3
27.0673 56.7123 56.7123 2 2 3
27.0673 56.7423 56.7423 2 2 3
27.0673 56.7723 56.7723 2 2 3
27.0673 56.8023 56.8023 2 2 3
27.0673 56.8323 56.8323 2 2 3
27.0673 56.8623 56.8623 2 2 3
27.0673 56.8923 56.8923 2 2 3
27.0673 56.9223 56.9223 2 2 3
27.0673 56.9523 56.9523 2 2 3
27.0673 56.9823 56.9823 2 2 3
27.0673 57.0123 57.0123 2 2 3
27.0673 57.0423 57.0423 2 2 3
27.0673 57.0723 57.0723 2 2 3
27.0673 57.1023 57.1023 2 2 3
27.0673 57.1323 57.1323 2 2 3
27.0673 57.1623 57.1623 2 2 3
27.0673 57.1923 57.1923 2 2 3
27.0673 57.2223 57.2223 2 2 3
27.0673 57.2523 57.2523 2 2 3
27.0673 57.2823 57.2823 2 2 3
27.0673 57.3123 57.3123 2 2 3
27.0673 57.3423 57.3423 2 2 3
27.0673 57.3723 57.3723 2 2 3
27.0673 57.4023 57.4023 2 2 3
27.0673 57.4323 57.4323 2 2 3
27.0673 57.4623 57.4623 2 2 3
27.0673 57.4923 57.4923 2 2 3
27.0673 57.5223 57.5223 2 2 3
27.0673 57.5523 57.5523 2 2 3
27.0673 57.5823 57.5823 2 2 3
27.0673 57.6123 57.6123 2 2 3
27.0673 57.6423 57.6423 2 2 3
27.0673 57.6723 57.6723 2 2 3
27.0673 57.7023 57.7023 2 2 3
27.0673 57.7323 57.7323 2 2 3
27.0673 57.7623 57.7623 2 2 3
27.0673 57.7923 57.7923 2 2 3
27.0673 57.8223 57.8223 2 2 3
27.0673 57.8523 57.8523 2 2 3
27.0673 57.8823 57.8823 2 2 3
27.0673 57.9123 57.9123 2 2 3
27.0673 57.9423 57.9423 2 2 3
27.0673 57.9723 57.9723 2 2 3
27.0673 58.0023 58.0023 2 2 3
27.0673 58.0323 58.0323 2 2 3
27.0673 58.0623 58.0623 2 2 3
27.0673 58.0923 58.0923 2 2 3
27.0673 58.1223 58.1223 2 2 3
27.0673 58.1523 58.1523 2 2 3
27.0673 58.1823 58.1823 2 2 3
27.0673 58.2123 58.2123 2 2 3
27.0673 58.2423 58.2423 2 2 3
27.0673 58.2723 58.2723 2 2 3
27.0673 58.3023 58.3023 2 2 3
27.0673 58.3323 58.3323 2 2 3
27.0673 58.3623 58.3623 2 2 3
27.0673 58.3923 58.3923 2 2 3
27.0673 58.4223 58.4223 2 2 3
27.0673 58.4523 58.4523 2 2 3
27.0673 58.4823 58.4823 2 2 3
27.0673 58.5123 58.5123 2 2 3
27.0673 58.5423 58.5423 2 2 3
27.0673 58.5723 58.5723 2 2 3
27.0673 58.6023 58.6023 2 2 3
27.0673 58.6323 58.6323 2 2 3
27.0673 58.6623 58.6623 2 2 3
27.0673 58.6923 58.6923 2 2 3
27.0673 58.7223 58.7223 2 2 3
27.0673 58.7523 58.7523 2 2 3
27.0673 58.7823 58.7823 2 2 3
27.0673 58.8123 58.8123 2 2 3
27.0673 58.8423 58.8423 2 2 3
27.0673 58.8723 58.8723 2 2 3
27.0673 58.9023 58.9023 2 2 3
27.0673 58.9323 58.9323 2 2 3
27.0673 58.9623 58.9623 2 2 3
27.0673 58.9923 58.9923 2 2 3
27.0673 59.0223 59.0223 2 2 3
27.0673 59.0523 59.0523 2 2 3
29.5047 0.6 0.6 2 2 3
29.5146 0.59878 0.59878 2 2 3
29.5245 0.597566 0.597566 2 2 3
29.5444 0.59515 0.59515 2 2 3
29.5742 0.591572 0.591572 2 2 3
29.604 0.588079 0.588079 2 2 3
29.6338 0.584656 0.584656 2 2 3
29.6636 0.581291 0.581291 2 2 3
29.6934 0.577983 0.577983 2 2 3
29.7232 0.574731 0.574731 2 2 3
29.7531 0.571532 0.571532 2 2 3
29.7829 0.568385 0.568385 2 2 3
29.8127 0.565289 0.565289 2 2 3
29.8426 0.562243 0.562243 2 2 3
29.8724 0.559245 0.559245 2 2 3
29.9023 0.556293 0.556293 2 2 3
29.9321 0.553388 0.553388 2 2 3
29.962 0.550527 0.550527 2 2 3
29.9919 0.54771 0.54771 2 2 3
30.0217 0.544935 0.544935 2 2 3
30.0516 0.542202 0.542202 2 2 3
30.0815 0.539509 0.539509 2 2 3
30.1114 0.536855 0.536855 2 2 3
30.1413 0.53424 0.53424 2 2 3
30.1712 0.531662 0.531662 2 2 3
30.201 0.529122 0.529122 2 2 3
30.2309 0.526617 0.526617 2 2 3
30.2608 0.524146 0.524146 2 2 3
30.2907 0.521711 0.521711 2 2 3
30.3206 0.519308 0.519308 2 2 3
30.3505 0.516938 0.516938 2 2 3
30.3805 0.514601 0.514601 2 2 3
30.4104 0.512294 0.512294 2 2 3
30.4403 0.510018 0.510018 2 2 3
30.4702 0.507772 0.507772 2 2 3
30.5001 0.505555 0.505555 2 2 3
30.53 0.503367 0.503367 2 2 3
30.56 0.501207 0.501207 2 2 3
30.5899 0.499074 0.499074 2 2 3
30.6198 0.496968 0.496968 2 2 3
30.6497 0.494888 0.494888 2 2 3
30.6797 0.492834 0.492834 2 2 3
30.7096 0.490806 0.490806 2 2 3
30.7395 0.488802 0.488802 2 2 3
30.7695 0.486822 0.486822 2 2 3
30.7994 0.484866 0.484866 2 2 3
30.8293 0.482934 0.482934 2 2 3
30.8593 0.481024 0.481024 2 2 3
30.8892 0.479137 0.479137 2 2 3
30.9192 0.477271 0.477271 2 2 3
30.9491 0.475427 0.475427 2 2 3
30.979 0.473605 0.473605 2 2 3
31.009 0.471803 0.471803 2 2 3
31.0389 0.470021 0.470021 2 2 3
31.0689 0.468259 0.468259 2 2 3
31.0988 0.466517 0.466517 2 2 3
31.1288 0.464794 0.464794 2 2 3
31.1587 0.46309 0.46309 2 2 3
31.1887 0.461405 0.461405 2 2 3
31.2186 0.459737 0.459737 2 2 3
31.2486 0.458088 0.458088 2 2 3
31.2786 0.456456 0.456456 2 2 3
31.3085 0.454842 0.454842 2 2 3
31.3385 0.453244 0.453244 2 2 3
31.3684 0.451663 0.451663 2 2 3
31.3984 0.450099 0.450099 2 2 3
31.4283 0.44855 0.44855 2 2 3
31.4583 0.447018 0.447018 2 2 3
31.4883 0.445501 0.445501 2 2 3
31.5182 0.443999 0.443999 2 2 3
31.5482 0.442512 0.442512 2 2 3
31.5782 0.44104 0.44104 2 2 3
31.6081 0.439583 0.439583 2 2 3
31.6381 0.43814 0.43814 2 2 3
31.6681 0.436711 0.436711 2 2 3
31.698 0.435296 0.435296 2 2 3
31.728 0.433895 0.433895 2 2 3
31.758 0.432507 0.432507 2 2 3
31.7879 0.431132 0.431132 2 2 3
31.8179 0.42977 0.42977 2 2 3
31.8479 0.428421 0.428421 2 2 3
31.8778 0.427085 0.427085 2 2 3
31.9078 0.42576 0.42576 2 2 3
31.9378 0.424449 0.424449 2 2 3
31.9677 0.423149 0.423149 2 2 3
31.9977 0.421861 0.421861 2 2 3
32.0277 0.420585 0.420585 2 2 3
32.0577 0.41932 0.41932 2 2 3
32.0876 0.418067 0.418067 2 2 3
32.1176 0.416824 0.416824 2 2 3
32.1476 0.415593 0.415593 2 2 3
32.1776 0.414372 0.414372 2 2 3
32.2075 0.413163 0.413163 2 2 3
32.2375 0.411963 0.411963 2 2 3
32.2675 0.410774 0.410774 2 2 3
32.2975 0.409596 0.409596 2 2 3
32.3274 0.408427 0.408427 2 2 3
32.3574 0.407268 0.407268 2 2 3
32.3874 0.40612 0.40612 2 2 3
32.4174 0.40498 0.40498 2 2 3
32.4474 0.403851 0.403851 2 2 3
32.4773 0.40273 0.40273 2 2 3
32.5073 0.401619 0.401619 2 2 3
32.5373 0.400517 0.400517 2 2 3
32.5673 0.399424 0.399424 2 2 3
32.5973 0.39834 0.39834 2 2 3
32.6272 0.397265 0.397265 2 2 3
32.6572 0.396198 0.396198 2 2 3
32.6872 0.39514 0.39514 2 2 3
32.7172 0.39409 0.39409 2 2 3
32.7472 0.393049 0.393049 2 2 3
32.7771 0.392016 0.392016 2 2 3
32.8071 0.390991 0.390991 2 2 3
32.8371 0.389974 0.389974 2 2 3
32.8671 0.388965 0.388965 2 2 3
32.8971 0.387963 0.387963 2 2 3
32.9271 0.386969 0.386969 2 2 3
32.957 0.385983 0.385983 2 2 3
32.987 0.385005 0.385005 2 2 3
33.017 0.384033 0.384033 2 2 3
33.047 0.383069 0.383069 2 2 3
33.077 0.382113 0.382113 2 2 3
33.107 0.381163 0.381163 2 2 3
33.137 0.380221 0.380221 2 2 3
33.1669 0.379285 0.379285 2 2 3
33.1969 0.378356 0.378356 2 2 3
33.2269 0.377434 0.377434 2 2 3
33.2569 0.376519 0.376519 2 2 3
33.2869 0.37561 0.37561 2 2 3
33.3169 0.374708 0.374708 2 2 3
33.3469 0.373813 0.373813 2 2 3
33.3768 0.372923 0.372923 2 2 3
33.4068 0.37204 0.37204 2 2 3
33.4368 0.371164 0.371164 2 2 3
33.4668 0.370293 0.370293 2 2 3
33.4968 0.369429 0.369429 2 2 3
33.5268 0.36857 0.36857 2 2 3
33.5568 0.367718 0.367718 2 2 3
33.5868 0.366871 0.366871 2 2 3
33.6167 0.36603 0.36603 2 2 3
33.6467 0.365195 0.365195 2 2 3
33.6767 0.364366 0.364366 2 2 3
33.7067 0.363542 0.363542 2 2 3
33.7367 0.362724 0.362724 2 2 3
33.7667 0.361911 0.361911 2 2 3
33.7967 0.361104 0.361104 2 2 3
33.8267 0.360302 0.360302 2 2 3
33.8567 0.359506 0.359506 2 2 3
33.8866 0.358714 0.358714 2 2 3
33.9166 0.357928 0.357928 2 2 3
33.9466 0.357147 0.357147 2 2 3
33.9766 0.356372 0.356372 2 2 3
34.0066 0.355601 0.355601 2 2 3
34.0366 0.354835 0.354835 2 2 3
34.0666 0.354074 0.354074 2 2 3
34.0966 0.353318 0.353318 2 2 3
34.1266 0.352567 0.352567 2 2 3
34.1566 0.35182 0.35182 2 2 3
34.1865 0.351078 0.351078 2 2 3
34.2165 0.350341 0.350341 2 2 3
34.2465 0.349609 0.349609 2 2 3
34.2765 0.348881 0.348881 2 2 3
34.3065 0.348157 0.348157 2 2 3
34.3365 0.347439 0.347439 2 2 3
34.3665 0.346724 0.346724 2 2 3
34.3965 0.346014 0.346014 2 2 3
34.4265 0.345308 0.345308 2 2 3
34.4565 0.344607 0.344607 2 2 3
34.4865 0.34391 0.34391 2 2 3
34.5165 0.343217 0.343217 2 2 3
34.5464 0.342528 0.342528 2 2 3
34.5764 0.341843 0.341843 2 2 3
34.6064 0.341163 0.341163 2 2 3
34.6364 0.340486 0.340486 2 2 3
34.6664 0.339814 0.339814 2 2 3
34.6964 0.339145 0.339145 2 2 3
34.7264 0.33848 0.33848 2 2 3
34.7564 0.33782 0.33782 2 2 3
34.7864 0.337163 0.337163 2 2 3
34.8164 0.33651 0.33651 2 2 3
34.8464 0.33586 0.33586 2 2 3
34.8764 0.335215 0.335215 2 2 3
34.9064 0.334573 0.334573 2 2 3
34.9364 0.333935 0.333935 2 2 3
34.9663 0.3333 0.3333 2 2 3
34.9963 0.332669 0.332669 2 2 3
35.0263 0.332042 0.332042 2 2 3
35.0563 0.331418 0.331418 2 2 3
35.0863 0.330798 0.330798 2 2 3
35.1163 0.330181 0.330181 2 2 3
35.1463 0.329567 0.329567 2 2 3
35.1763 0.328957 0.328957 2 2 3
35.2063 0.328351 0.328351 2 2 3
35.2363 0.327747 0.327747 2 2 3
35.2663 0.327147 0.327147 2 2 3
35.2963 0.326551 0.326551 2 2 3
35.3263 0.325957 0.325957 2 2 3
35.3563 0.325367 0.325367 2 2 3
35.3863 0.32478 0.32478 2 2 3
35.4163 0.324196 0.324196 2 2 3
35.4462 0.323615 0.323615 2 2 3
35.4762 0.323038 0.323038 2 2 3
35.5062 0.322463 0.322463 2 2 3
35.5362 0.321892 0.321892 2 2 3
35.5662 0.321323 0.321323 2 2 3
35.5962 0.320758 0.320758 2 2 3
35.6262 0.320195 0.320195 2 2 3
35.6562 0.319636 0.319636 2 2 3
35.6862 0.319079 0.319079 2 2 3
35.7162 0.318525 0.318525 2 2 3
35.7462 0.317974 0.317974 2 2 3
35.7762 0.317426 0.317426 2 2 3
35.8062 0.316881 0.316881 2 2 3
35.8362 0.316339 0.316339 2 2 3
35.8662 0.315799 0.315799 2 2 3
35.8962 0.315262 0.315262 2 2 3
35.9262 0.314728 0.314728 2 2 3
35.9562 0.314197 0.314197 2 2 3
35.9862 0.313668 0.313668 2 2 3
36.0162 0.313142 0.313142 2 2 3
36.0461 0.312618 0.312618 2 2 3
36.0761 0.312098 0.312098 2 2 3
36.1061 0.311579 0.311579 2 2 3
36.1361 0.311064 0.311064 2 2 3
36.1661 0.31055 0.31055 2 2 3
36.1961 0.31004 0.31004 2 2 3
36.2261 0.309532 0.309532 2 2 3
36.2561 0.309026 0.309026 2 2 3
36.2861 0.308523 0.308523 2 2 3
36.3161 0.308022 0.308022 2 2 3
36.3461 0.307524 0.307524 2 2 3
36.3761 0.307028 0.307028 2 2 3
36.4061 0.306535 0.306535 2 2 3
36.4361 0.306044 0.306044 2 2 3
36.4661 0.305555 0.305555 2 2 3
36.4961 0.305069 0.305069 2 2 3
36.5261 0.304585 0.304585 2 2 3
36.5561 0.304103 0.304103 2 2 3
36.5861 0.303623 0.303623 2 2 3
36.6161 0.303146 0.303146 2 2 3
36.6461 0.302671 0.302671 2 2 3
36.6761 0.302198 0.302198 2 2 3
36.7061 0.301728 0.301728 2 2 3
36.7361 0.301259 0.301259 2 2 3
36.7661 0.300793 0.300793 2 2 3
36.796 0.300329 0.300329 2 2 3
36.826 0.299867 0.299867 2 2 3
36.856 0.299407 0.299407 2 2 3
36.886 0.29895 0.29895 2 2 3
36.916 0.298494 0.298494 2 2 3
36.946 0.298041 0.298041 2 2 3
36.976 0.297589 0.297589 2 2 3
37.006 0.29714 0.29714 2 2 3
37.036 0.296692 0.296692 2 2 3
37.066 0.296247 0.296247 2 2 3
37.096 0.295804 0.295804 2 2 3
37.126 0.295362 0.295362 2 2 3
37.156 0.294923 0.294923 2 2 3
37.186 0.294485 0.294485 2 2 3
37.216 0.29405 0.29405 2 2 3
37.246 0.293616 0.293616 2 2 3
37.276 0.293185 0.293185 2 2 3
37.306 0.292755 0.292755 2 2 3
37.336 0.292327 0.292327 2 2 3
37.366 0.291901 0.291901 2 2 3
37.396 0.291477 0.291477 2 2 3
37.426 0.291055 0.291055 2 2 3
37.456 0.290634 0.290634 2 2 3
37.486 0.290215 0.290215 2 2 3
37.516 0.289798 0.289798 2 2 3
37.546 0.289383 0.289383 2 2 3
37.576 0.28897 0.28897 2 2 3
37.606 0.288559 0.288559 2 2 3
37.636 0.288149 0.288149 2 2 3
37.666 0.287741 0.287741 2 2 3
37.696 0.287334 0.287334 2 2 3
37.7259 0.28693 0.28693 2 2 3
37.7559 0.286527 0.286527 2 2 3
37.7859 0.286126 0.286126 2 2 3
37.8159 0.285726 0.285726 2 2 3
37.8459 0.285328 0.285328 2 2 3
37.8759 0.284932 0.284932 2 2 3
37.9059 0.284538 0.284538 2 2 3
37.9359 0.284145 0.284145 2 2 3
37.9659 0.283753 0.283753 2 2 3
37.9959 0.283364 0.283364 2 2 3
38.0259 0.282976 0.282976 2 2 3
38.0559 0.282589 0.282589 2 2 3
38.0859 0.282204 0.282204 2 2 3
38.1159 0.281821 0.281821 2 2 3
38.1459 0.281439 0.281439 2 2 3
38.1759 0.281059 0.281059 2 2 3
38.2059 0.28068 0.28068 2 2 3
38.2359 0.280303 0.280303 2 2 3
38.2659 0.279927 0.279927 2 2 3
38.2959 0.279553 0.279553 2 2 3
38.3259 0.279181 0.279181 2 2 3
38.3559 0.278809 0.278809 2 2 3
38.3859 0.27844 0.27844 2 2 3
38.4159 0.278071 0.278071 2 2 3
38.4459 0.277705 0.277705 2 2 3
38.4759 0.277339 0.277339 2 2 3
38.5059 0.276975 0.276975 2 2 3
38.5359 0.276613 0.276613 2 2 3
38.5659 0.276252 0.276252 2 2 3
38.5959 0.275892 0.275892 2 2 3
38.6259 0.275534 0.275534 2 2 3
38.6559 0.275177 0.275177 2 2 3
38.6859 0.274822 0.274822 2 2 3
38.7159 0.274468 0.274468 2 2 3
38.7459 0.274115 0.274115 2 2 3
38.7759 0.273764 0.273764 2 2 3
38.8059 0.273414 0.273414 2 2 3
38.8359 0.273065 0.273065 2 2 3
38.8659 0.272718 0.272718 2 2 3
38.8959 0.272372 0.272372 2 2 3
38.9259 0.272027 0.272027 2 2 3
38.9559 0.271684 0.271684 2 2 3
38.9859 0.271341 0.271341 2 2 3
39.0159 0.271001 0.271001 2 2 3
39.0458 0.270661 0.270661 2 2 3
39.0758 0.270323 0.270323 2 2 3
39.1058 0.269986 0.269986 2 2 3
39.1358 0.26965 0.26965 2 2 3
39.1658 0.269316 0.269316 2 2 3
39.1958 0.268982 0.268982 2 2 3
39.2258 0.26865 0.26865 2 2 3
39.2558 0.26832 0.26832 2 2 3
39.2858 0.26799 0.26799 2 2 3
39.3158 0.267662 0.267662 2 2 3
39.3458 0.267334 0.267334 2 2 3
39.3758 0.267008 0.267008 2 2 3
39.4058 0.266684 0.266684 2 2 3
39.4358 0.26636 0.26636 2 2 3
39.4658 0.266038 0.266038 2 2 3
39.4958 0.265716 0.265716 2 2 3
39.5258 0.265396 0.265396 2 2 3
39.5558 0.265077 0.265077 2 2 3
39.5858 0.26476 0.26476 2 2 3
39.6158 0.264443 0.264443 2 2 3
39.6458 0.264127 0.264127 2 2 3
39.6758 0.263813 0.263813 2 2 3
39.7058 0.2635 0.2635 2 2 3
39.7358 0.263188 0.263188 2 2 3
39.7658 0.262877 0.262877 2 2 3
39.7958 0.262567 0.262567 2 2 3
39.8258 0.262258 0.262258 2 2 3
39.8558 0.26195 0.26195 2 2 3
39.8858 0.261643 0.261643 2 2 3
39.9158 0.261338 0.261338 2 2 3
39.9458 0.261033 0.261033 2 2 3
39.9758 0.26073 0.26073 2 2 3
40.0058 0.260427 0.260427 2 2 3
27.3314 0.6 0.6 2 5 5
27.3381 0.592534 0.592534 2 5 5
27.3448 0.585154 0.585154 2 5 5
27.3589 0.570999 0.570999 2 5 5
27.381 0.550596 0.550596 2 5 5
27.404 0.531407 0.531407 2 5 5
27.4281 0.513426 0.513426 2 5 5
27.4529 0.496636 0.496636 2 5 5
27.4785 0.480952 0.480952 2 5 5
27.5047 0.466331 0.466331 2 5 5
27.5314 0.452707 0.452707 2 5 5
27.5586 0.44001 0.44001 2 5 5
27.5861 0.428172 0.428172 2 5 5
27.614 0.417114 0.417114 2 5 5
27.6422 0.406773 0.406773 2 5 5
27.6706 0.397093 0.397093 2 5 5
27.6992 0.388009 0.388009 2 5 5
27.7279 0.379472 0.379472 2 5 5
27.7568 0.371435 0.371435 2 5 5
27.7858 0.363858 0.363858 2 5 5
27.815 0.3567 0.3567 2 5 5
27.8442 0.34993 0.34993 2 5 5
27.8735 0.343513 0.343513 2 5 5
27.9029 0.337423 0.337423 2 5 5
27.9323 0.331634 0.331634 2 5 5
27.9618 0.326123 0.326123 2 5 5
27.9913 0.32087 0.32087 2 5 5
28.0209 0.315855 0.315855 2 5 5
28.0505 0.311064 0.311064 2 5 5
28.0802 0.306479 0.306479 2 5 5
28.1099 0.302086 0.302086 2 5 5
28.1396 0.297874 0.297874 2 5 5
28.1693 0.293661 0.293661 2 5 5
28.199 0.289785 0.289785 2 5 5
28.2288 0.286057 0.286057 2 5 5
28.2586 0.282466 0.282466 2 5 5
28.2884 0.279005 0.279005 2 5 5
28.3182 0.275667 0.275667 2 5 5
28.348 0.272444 0.272444 2 5 5
28.3779 0.269331 0.269331 2 5 5
28.4077 0.266321 0.266321 2 5 5
28.4376 0.263408 0.263408 2 5 5
28.4674 0.260588 0.260588 2 5 5
28.4973 0.257856 0.257856 2 5 5
28.5272 0.255207 0.255207 2 5 5
28.5571 0.252638 0.252638 2 5 5
28.587 0.250144 0.250144 2 5 5
28.6169 0.247722 0.247722 2 5 5
28.6468 0.245368 0.245368 2 5 5
28.6767 0.24308 0.24308 2 5 5
28.7066 0.240855 0.240855 2 5 5
28.7365 0.238689 0.238689 2 5 5
28.7665 0.23658 0.23658 2 5 5
28.7964 0.234526 0.234526 2 5 5
28.8263 0.232524 0.232524 2 5 5
28.8563 0.230572 0.230572 2 5 5
28.8862 0.228669 0.228669 2 5 5
28.9161 0.226811 0.226811 2 5 5
28.9461 0.224998 0.224998 2 5 5
28.976 0.223228 0.223228 2 5 5
29.006 0.221498 0.221498 2 5 5
29.0359 0.219808 0.219808 2 5 5
29.0659 0.218156 0.218156 2 5 5
29.0959 0.216541 0.216541 2 5 5
29.1258 0.21496 0.21496 2 5 5
29.1558 0.213414 0.213414 2 5 5
29.1857 0.211901 0.211901 2 5 5
29.2157 0.210419 0.210419 2 5 5
29.2457 0.208968 0.208968 2 5 5
29.2756 0.207546 0.207546 2 5 5
29.3056 0.206153 0.206153 2 5 5
29.3356 0.204788 0.204788 2 5 5
29.3655 0.203449 0.203449 2 5 5
29.3955 0.202136 0.202136 2 5 5
29.4255 0.200848 0.200848 2 5 5
29.4555 0.199584 0.199584 2 5 5
29.4854 0.198344 0.198344 2 5 5
29.5154 0.197127 0.197127 2 5 5
29.5454 0.195932 0.195932 2 5 5
29.5754 0.194758 0.194758 2 5 5
29.6053 0.193605 0.193605 2 5 5
29.6353 0.192472 0.192472 2 5 5
29.6653 0.191359 0.191359 2 5 5
29.6953 0.190265 0.190265 2 5 5
29.7253 0.189189 0.189189 2 5 5
29.7552 0.188132 0.188132 2 5 5
29.7852 0.187092 0.187092 2 5 5
29.8152 0.186069 0.186069 2 5 5
29.8452 0.185062 0.185062 2 5 5
29.8752 0.184072 0.184072 2 5 5
29.9052 0.183098 0.183098 2 5 5
29.9351 0.182138 0.182138 2 5 5
29.9651 0.181194 0.181194 2 5 5
29.9951 0.180264 0.180264 2 5 5
30.0251 0.179348 0.179348 2 5 5
30.0551 0.178446 0.178446 2 5 5
30.0851 0.177558 0.177558 2 5 5
30.1151 0.176683 0.176683 2 5 5
30.145 0.17582 0.17582 2 5 5
30.175 0.17497 0.17497 2 5 5
30.205 0.174132 0.174132 2 5 5
30.235 0.173306 0.173306 2 5 5
30.265 0.172492 0.172492 2 5 5
30.295 0.171689 0.171689 2 5 5
30.325 0.170898 0.170898 2 5 5
30.355 0.170117 0.170117 2 5 5
30.385 0.169346 0.169346 2 5 5
30.4149 0.168586 0.168586 2 5 5
30.4449 0.167837 0.167837 2 5 5
30.4749 0.167097 0.167097 2 5 5
30.5049 0.166367 0.166367 2 5 5
30.5349 0.165646 0.165646 2 5 5
30.5649 0.164935 0.164935 2 5 5
30.5949 0.164233 0.164233 2 5 5
30.6249 0.16354 0.16354 2 5 5
30.6549 0.162856 0.162856 2 5 5
30.6849 0.162184 0.162184 2 5 5
30.7149 0.161634 0.161634 2 5 5
30.7449 0.1609 0.1609 2 5 5
30.7748 0.16018 0.16018 2 5 5
30.8048 0.15951 0.15951 2 5 5
30.8348 0.158878 0.158878 2 5 5
30.8648 0.158268 0.158268 2 5 5
30.8948 0.157664 0.157664 2 5 5
30.9248 0.156958 0.156958 2 5 5
30.9548 0.156346 0.156346 2 5 5
30.9848 0.155791 0.155791 2 5 5
31.0148 0.155245 0.155245 2 5 5
31.0448 0.154685 0.154685 2 5 5
31.0748 0.154101 0.154101 2 5 5
31.1048 0.153512 0.153512 2 5 5
31.1348 0.152942 0.152942 2 5 5
31.1648 0.15238 0.15238 2 5 5
31.1948 0.151827 0.151827 2 5 5
31.2248 0.151279 0.151279 2 5 5
31.2548 0.150738 0.150738 2 5 5
31.2847 0.150203 0.150203 2 5 5
31.3147 0.149673 0.149673 2 5 5
31.3447 0.149149 0.149149 2 5 5
31.3747 0.148631 0.148631 2 5 5
31.4047 0.148158 0.148158 2 5 5
31.4347 0.147618 0.147618 2 5 5
31.4647 0.147085 0.147085 2 5 5
31.4947 0.146579 0.146579 2 5 5
31.5247 0.146089 0.146089 2 5 5
31.5547 0.145608 0.145608 2 5 5
31.5847 0.145131 0.145131 2 5 5
31.6147 0.144656 0.144656 2 5 5
31.6447 0.144198 0.144198 2 5 5
31.6747 0.143712 0.143712 2 5 5
31.7047 0.143317 0.143317 2 5 5
31.7347 0.14281 0.14281 2 5 5
31.7647 0.142313 0.142313 2 5 5
31.7947 0.141846 0.141846 2 5 5
31.8247 0.141402 0.141402 2 5 5
31.8547 0.14097 0.14097 2 5 5
31.8847 0.14054 0.14054 2 5 5
31.9147 0.140111 0.140111 2 5 5
31.9447 0.139656 0.139656 2 5 5
31.9747 0.139235 0.139235 2 5 5
32.0047 0.138819 0.138819 2 5 5
32.0347 0.138405 0.138405 2 5 5
32.0647 0.137994 0.137994 2 5 5
32.0946 0.137571 0.137571 2 5 5
32.1246 0.137162 0.137162 2 5 5
32.1546 0.136758 0.136758 2 5 5
32.1846 0.136358 0.136358 2 5 5
32.2146 0.135962 0.135962 2 5 5
32.2446 0.135569 0.135569 2 5 5
32.2746 0.135179 0.135179 2 5 5
32.3046 0.134794 0.134794 2 5 5
32.3346 0.134395 0.134395 2 5 5
32.3646 0.134015 0.134015 2 5 5
32.3946 0.133642 0.133642 2 5 5
32.4246 0.133271 0.133271 2 5 5
32.4546 0.132902 0.132902 2 5 5
32.4846 0.132537 0.132537 2 5 5
32.5146 0.132162 0.132162 2 5 5
32.5446 0.131799 0.131799 2 5 5
32.5746 0.131441 0.131441 2 5 5
32.6046 0.131087 0.131087 2 5 5
32.6346 0.130735 0.130735 2 5 5
32.6646 0.130385 0.130385 2 5 5
32.6946 0.130039 0.130039 2 5 5
32.7246 0.129709 0.129709 2 5 5
32.7546 0.129354 0.129354 2 5 5
32.7846 0.129001 0.129001 2 5 5
32.8146 0.128662 0.128662 2 5 5
32.8446 0.128331 0.128331 2 5 5
32.8746 0.128003 0.128003 2 5 5
32.9046 0.127676 0.127676 2 5 5
32.9346 0.127352 0.127352 2 5 5
32.9646 0.127074 0.127074 2 5 5
32.9946 0.126725 0.126725 2 5 5
33.0246 0.12638 0.12638 2 5 5
33.0546 0.126052 0.126052 2 5 5
33.0846 0.125738 0.125738 2 5 5
33.1146 0.125432 0.125432 2 5 5
33.1446 0.125129 0.125129 2 5 5
33.1746 0.124825 0.124825 2 5 5
33.2046 0.124497 0.124497 2 5 5
33.2346 0.124202 0.124202 2 5 5
33.2646 0.123911 0.123911 2 5 5
33.2946 0.123617 0.123617 2 5 5
33.3246 0.123316 0.123316 2 5 5
33.3546 0.123022 0.123022 2 5 5
33.3846 0.122731 0.122731 2 5 5
33.4146 0.122441 0.122441 2 5 5
33.4446 0.122153 0.122153 2 5 5
33.4746 0.12187 0.12187 2 5 5
33.5046 0.121579 0.121579 2 5 5
33.5346 0.121296 0.121296 2 5 5
33.5646 0.121016 0.121016 2 5 5
33.5946 0.120739 0.120739 2 5 5
33.6246 0.120463 0.120463 2 5 5
33.6546 0.120189 0.120189 2 5 5
33.6846 0.119917 0.119917 2 5 5
33.7145 0.119648 0.119648 2 5 5
33.7445 0.119365 0.119365 2 5 5
33.7745 0.119102 0.119102 2 5 5
33.8045 0.118841 0.118841 2 5 5
33.8345 0.118581 0.118581 2 5 5
33.8645 0.118322 0.118322 2 5 5
33.8945 0.118058 0.118058 2 5 5
33.9245 0.117799 0.117799 2 5 5
33.9545 0.117542 0.117542 2 5 5
33.9845 0.117287 0.117287 2 5 5
34.0145 0.117033 0.117033 2 5 5
34.0445 0.116782 0.116782 2 5 5
34.0745 0.116532 0.116532 2 5 5
34.1045 0.116284 0.116284 2 5 5
34.1345 0.116037 0.116037 2 5 5
34.1645 0.115792 0.115792 2 5 5
34.1945 0.115548 0.115548 2 5 5
34.2245 0.115308 0.115308 2 5 5
34.2545 0.115062 0.115062 2 5 5
34.2845 0.114822 0.114822 2 5 5
34.3145 0.114584 0.114584 2 5 5
34.3445 0.114349 0.114349 2 5 5
34.3745 0.114115 0.114115 2 5 5
34.4045 0.113882 0.113882 2 5 5
34.4345 0.11365 0.11365 2 5 5
34.4645 0.113421 0.113421 2 5 5
34.4945 0.113183 0.113183 2 5 5
34.5245 0.112957 0.112957 2 5 5
34.5545 0.112733 0.112733 2 5 5
34.5845 0.11251 0.11251 2 5 5
34.6145 0.112288 0.112288 2 5 5
34.6445 0.112061 0.112061 2 5 5
34.6745 0.11184 0.11184 2 5 5
34.7045 0.111622 0.111622 2 5 5
34.7345 0.111404 0.111404 2 5 5
34.7645 0.111187 0.111187 2 5 5
34.7945 0.110972 0.110972 2 5 5
34.8245 0.110775 0.110775 2 5 5
34.8545 0.110551 0.110551 2 5 5
34.8845 0.110328 0.110328 2 5 5
34.9145 0.110113 0.110113 2 5 5
34.9445 0.109904 0.109904 2 5 5
34.9745 0.109698 0.109698 2 5 5
35.0045 0.109493 0.109493 2 5 5
35.0345 0.109288 0.109288 2 5 5
35.0645 0.109091 0.109091 2 5 5
35.0945 0.108881 0.108881 2 5 5
35.1245 0.108673 0.108673 2 5 5
35.1545 0.10847 0.10847 2 5 5
35.1845 0.10827 0.10827 2 5 5
35.2145 0.108072 0.108072 2 5 5
35.2445 0.107874 0.107874 2 5 5
35.2745 0.107678 0.107678 2 5 5
35.3045 0.107483 0.107483 2 5 5
35.3345 0.107285 0.107285 2 5 5
35.3645 0.10709 0.10709 2 5 5
35.3945 0.106897 0.106897 2 5 5
35.4245 0.106706 0.106706 2 5 5
35.4545 0.106516 0.106516 2 5 5
35.4845 0.106326 0.106326 2 5 5
35.5145 0.106137 0.106137 2 5 5
35.5445 0.10595 0.10595 2 5 5
35.5745 0.10576 0.10576 2 5 5
35.6045 0.105574 0.105574 2 5 5
35.6345 0.10539 0.10539 2 5 5
35.6645 0.105206 0.105206 2 5 5
35.6945 0.105024 0.105024 2 5 5
35.7245 0.104843 0.104843 2 5 5
35.7545 0.104664 0.104664 2 5 5
35.7845 0.104481 0.104481 2 5 5
35.8145 0.104301 0.104301 2 5 5
35.8445 0.104122 0.104122 2 5 5
35.8745 0.103944 0.103944 2 5 5
35.9045 0.103768 0.103768 2 5 5
35.9345 0.103592 0.103592 2 5 5
35.9645 0.103418 0.103418 2 5 5
35.9945 0.103244 0.103244 2 5 5
36.0245 0.103072 0.103072 2 5 5
36.0545 0.1029 0.1029 2 5 5
36.0845 0.102733 0.102733 2 5 5
36.1145 0.102559 0.102559 2 5 5
36.1445 0.102385 0.102385 2 5 5
36.1745 0.102216 0.102216 2 5 5
36.2045 0.102049 0.102049 2 5 5
36.2345 0.101883 0.101883 2 5 5
36.2645 0.101718 0.101718 2 5 5
36.2945 0.101553 0.101553 2 5 5
36.3245 0.101386 0.101386 2 5 5
36.3545 0.101222 0.101222 2 5 5
36.3845 0.10106 0.10106 2 5 5
36.4145 0.100898 0.100898 2 5 5
36.4445 0.100737 0.100737 2 5 5
36.4745 0.100576 0.100576 2 5 5
36.5045 0.100417 0.100417 2 5 5
36.5345 0.100295 0.100295 2 5 5
36.5645 0.100116 0.100116 2 5 5
36.5945 0.0999393 0.0999393 2 5 5
36.6245 0.0997732 0.0997732 2 5 5
36.6545 0.0996172 0.0996172 2 5 5
36.6845 0.0994666 0.0994666 2 5 5
36.7145 0.0993166 0.0993166 2 5 5
36.7445 0.0991653 0.0991653 2 5 5
36.7745 0.0990113 0.0990113 2 5 5
36.8045 0.0988567 0.0988567 2 5 5
36.8345 0.0987045 0.0987045 2 5 5
36.8645 0.0985532 0.0985532 2 5 5
36.8945 0.0984029 0.0984029 2 5 5
36.9245 0.0982533 0.0982533 2 5 5
36.9545 0.0981043 0.0981043 2 5 5
36.9845 0.097956 0.097956 2 5 5
37.0145 0.0978084 0.0978084 2 5 5
37.0445 0.0976615 0.0976615 2 5 5
37.0745 0.0975187 0.0975187 2 5 5
37.1045 0.0973698 0.0973698 2 5 5
37.1345 0.0972214 0.0972214 2 5 5
37.1645 0.0970766 0.0970766 2 5 5
37.1945 0.0969334 0.0969334 2 5 5
37.2245 0.0967912 0.0967912 2 5 5
37.2545 0.0966493 0.0966493 2 5 5
37.2845 0.0965079 0.0965079 2 5 5
37.3145 0.0963526 0.0963526 2 5 5
37.3445 0.0962179 0.0962179 2 5 5
37.3745 0.0960841 0.0960841 2 5 5
37.4045 0.0959481 0.0959481 2 5 5
37.4345 0.095809 0.095809 2 5 5
37.4645 0.095669 0.095669 2 5 5
37.4945 0.0955275 0.0955275 2 5 5
37.5245 0.095391 0.095391 2 5 5
37.5545 0.0952557 0.0952557 2 5 5
37.5845 0.0951208 0.0951208 2 5 5
37.6145 0.0949861 0.0949861 2 5 5
37.6445 0.0947996 0.0947996 2 5 5
37.6745 0.0946905 0.0946905 2 5 5
37.7045 0.0945821 0.0945821 2 5 5
37.7345 0.094462 0.094462 2 5 5
37.7645 0.0943294 0.0943294 2 5 5
37.7945 0.0941911 0.0941911 2 5 5
37.8245 0.0940533 0.0940533 2 5 5
37.8545 0.0939195 0.0939195 2 5 5
37.8845 0.0937892 0.0937892 2 5 5
37.9145 0.0936609 0.0936609 2 5 5
37.9445 0.0935332 0.0935332 2 5 5
37.9745 0.093356 0.093356 2 5 5
38.0045 0.0932277 0.0932277 2 5 5
38.0345 0.0931242 0.0931242 2 5 5
38.0645 0.0930214 0.0930214 2 5 5
38.0945 0.0929071 0.0929071 2 5 5
38.1245 0.092781 0.092781 2 5 5
38.1545 0.0926492 0.0926492 2 5 5
38.1845 0.092518 0.092518 2 5 5
38.2145 0.0923906 0.0923906 2 5 5
38.2445 0.0922666 0.0922666 2 5 5
38.2745 0.0921445 0.0921445 2 5 5
38.3045 0.0920229 0.0920229 2 5 5
38.3345 0.0919012 0.0919012 2 5 5
38.3645 0.0917729 0.0917729 2 5 5
38.3945 0.0916538 0.0916538 2 5 5
38.4245 0.0915354 0.0915354 2 5 5
38.4545 0.0914163 0.0914163 2 5 5
38.4845 0.0912956 0.0912956 2 5 5
38.5145 0.091172 0.091172 2 5 5
38.5445 0.091054 0.091054 2 5 5
38.5745 0.0909367 0.0909367 2 5 5
38.6045 0.0908194 0.0908194 2 5 5
38.6345 0.0907034 0.0907034 2 5 5
38.6645 0.0905846 0.0905846 2 5 5
38.6945 0.0904657 0.0904657 2 5 5
38.7245 0.090349 0.090349 2 5 5
38.7545 0.0902334 0.0902334 2 5 5
38.7845 0.0901184 0.0901184 2 5 5
38.8145 0.0900037 0.0900037 2 5 5
38.8445 0.0898893 0.0898893 2 5 5
38.8745 0.0897767 0.0897767 2 5 5
38.9045 0.0896613 0.0896613 2 5 5
38.9345 0.089538 0.089538 2 5 5
38.9645 0.089429 0.089429 2 5 5
38.9945 0.089321 0.089321 2 5 5
39.0245 0.0892115 0.0892115 2 5 5
39.0545 0.0890999 0.0890999 2 5 5
39.0845 0.0889875 0.0889875 2 5 5
39.1145 0.0888748 0.0888748 2 5 5
39.1445 0.0887644 0.0887644 2 5 5
39.1745 0.0886547 0.0886547 2 5 5
39.2045 0.0885456 0.0885456 2 5 5
39.2345 0.0884367 0.0884367 2 5 5
39.2645 0.0883282 0.0883282 2 5 5
39.2945 0.0882229 0.0882229 2 5 5
39.3245 0.0881126 0.0881126 2 5 5
39.3545 0.0880029 0.0880029 2 5 5
39.3845 0.0878951 0.0878951 2 5 5
39.4145 0.0877885 0.0877885 2 5 5
39.4445 0.0876826 0.0876826 2 5 5
39.4745 0.087577 0.087577 2 5 5
39.5045 0.0874717 0.0874717 2 5 5
39.5345 0.0873671 0.0873671 2 5 5
39.5645 0.0872611 0.0872611 2 5 5
39.5945 0.0871563 0.0871563 2 5 5
39.6245 0.0870521 0.0870521 2 5 5
39.6545 0.0869484 0.0869484 2 5 5
39.6845 0.0868451 0.0868451 2 5 5
39.7145 0.0867422 0.0867422 2 5 5
39.7445 0.0866396 0.0866396 2 5 5
39.7745 0.0865374 0.0865374 2 5 5
39.8045 0.0864355 0.0864355 2 5 5
39.8345 0.086335 0.086335 2 5 5
39.8645 0.0862325 0.0862325 2 5 5
39.8945 0.0861313 0.0861313 2 5 5
39.9245 0.0860305 0.0860305 2 5 5
39.9545 0.0859303 0.0859303 2 5 5
39.9845 0.0858306 0.0858306 2 5 5
40.0145 0.0857313 0.0857313 2 5 5
27.3314 0.6 0.6 2 5 5
27.3248 0.60754 0.60754 2 5 5
27.3184 0.615163 0.615163 2 5 5
27.3061 0.630979 0.630979 2 5 5
27.2886 0.655389 0.655389 2 5 5
27.2725 0.680678 0.680678 2 5 5
27.2576 0.70673 0.70673 2 5 5
27.244 0.733454 0.733454 2 5 5
27.2315 0.760737 0.760737 2 5 5
27.2201 0.788492 0.788492 2 5 5
27.2098 0.816637 0.816637 2 5 5
27.2003 0.845105 0.845105 2 5 5
27.1917 0.873838 0.873838 2 5 5
27.1838 0.902786 0.902786 2 5 5
27.176 0.931727 0.931727 2 5 5
27.1694 0.961046 0.961046 2 5 5
27.1635 0.990466 0.990466 2 5 5
27.158 1.01998 1.01998 2 5 5
27.153 1.04957 1.04957 2 5 5
27.1484 1.07921 1.07921 2 5 5
27.1441 1.10892 1.10892 2 5 5
27.1401 1.13866 1.13866 2 5 5
27.1365 1.16844 1.16844 2 5 5
27.1331 1.19825 1.19825 2 5 5
27.1299 1.22809 1.22809 2 5 5
27.127 1.25795 1.25795 2 5 5
27.1242 1.28783 1.28783 2 5 5
27.1217 1.31772 1.31772 2 5 5
27.1193 1.34762 1.34762 2 5 5
27.1171 1.37754 1.37754 2 5 5
27.115 1.40747 1.40747 2 5 5
27.113 1.43741 1.43741 2 5 5
27.1111 1.46735 1.46735 2 5 5
27.1094 1.4973 1.4973 2 5 5
27.1078 1.52726 1.52726 2 5 5
27.1062 1.55722 1.55722 2 5 5
27.1047 1.58718 1.58718 2 5 5
27.1034 1.61715 1.61715 2 5 5
27.1021 1.64712 1.64712 2 5 5
27.1008 1.6771 1.6771 2 5 5
27.0996 1.70707 1.70707 2 5 5
27.0985 1.73705 1.73705 2 5 5
27.0975 1.76703 1.76703 2 5 5
27.0965 1.79702 1.79702 2 5 5
27.0955 1.827 1.827 2 5 5
27.0946 1.85699 1.85699 2 5 5
27.0937 1.88698 1.88698 2 5 5
27.0929 1.91697 1.91697 2 5 5
27.0921 1.94696 1.94696 2 5 5
27.0914 1.97695 1.97695 2 5 5
27.0906 2.00694 2.00694 2 5 5
27.09 2.03693 2.03693 2 5 5
27.0893 2.06692 2.06692 2 5 5
27.0887 2.09692 2.09692 2 5 5
27.0881 2.12691 2.12691 2 5 5
27.0875 2.1569 2.1569 2 5 5
27.0869 2.1869 2.1869 2 5 5
27.0864 2.21689 2.21689 2 5 5
27.0859 2.24689 2.24689 2 5 5
27.0854 2.27689 2.27689 2 5 5
27.0849 2.30688 2.30688 2 5 5
27.0845 2.33688 2.33688 2 5 5
27.084 2.36688 2.36688 2 5 5
27.0836 2.39687 2.39687 2 5 5
27.0832 2.42687 2.42687 2 5 5
27.0828 2.45687 2.45687 2 5 5
27.0824 2.48687 2.48687 2 5 5
27.0821 2.51686 2.51686 2 5 5
27.0817 2.54686 2.54686 2 5 5
27.0814 2.57686 2.57686 2 5 5
27.081 2.60686 2.60686 2 5 5
27.0807 2.63686 2.63686 2 5 5
27.0804 2.66685 2.66685 2 5 5
27.0801 2.69685 2.69685 2 5 5
27.0798 2.72685 2.72685 2 5 5
27.0796 2.75685 2.75685 2 5 5
27.0793 2.78685 2.78685 2 5 5
27.079 2.81685 2.81685 2 5 5
27.0788 2.84685 2.84685 2 5 5
27.0785 2.87685 2.87685 2 5 5
27.0783 2.90684 2.90684 2 5 5
27.0781 2.93684 2.93684 2 5 5
27.0779 2.96684 2.96684 2 5 5
27.0776 2.99684 2.99684 2 5 5
27.0774 3.02684 3.02684 2 5 5
27.0772 3.05684 3.05684 2 5 5
27.077 3.08684 3.08684 2 5 5
27.0768 3.11684 3.11684 2 5 5
27.0767 3.14684 3.14684 2 5 5
27.0765 3.17684 3.17684 2 5 5
27.0763 3.20684 3.20684 2 5 5
27.0761 3.23684 3.23684 2 5 5
27.076 3.26684 3.26684 2 5 5
27.0758 3.29684 3.29684 2 5 5
27.0757 3.32684 3.32684 2 5 5
27.0755 3.35684 3.35684 2 5 5
27.0753 3.38684 3.38684 2 5 5
27.0752 3.41684 3.41684 2 5 5
27.0751 3.44683 3.44683 2 5 5
27.0749 3.47683 3.47683 2 5 5
27.0748 3.50683 3.50683 2 5 5
27.0747 3.53683 3.53683 2 5 5
27.0745 3.56683 3.56683 2 5 5
27.0744 3.59683 3.59683 2 5 5
27.0743 3.62683 3.62683 2 5 5
27.0742 3.65683 3.65683 2 5 5
27.0741 3.68683 3.68683 2 5 5
27.0739 3.71683 3.71683 2 5 5
27.0738 3.74683 3.74683 2 5 5
27.0737 3.77683 3.77683 2 5 5
27.0736 3.80683 3.80683 2 5 5
27.0735 3.83683 3.83683 2 5 5
27.0734 3.86683 3.86683 2 5 5
27.0733 3.89683 3.89683 2 5 5
27.0732 3.92683 3.92683 2 5 5
27.0731 3.95683 3.95683 2 5 5
27.073 3.98683 3.98683 2 5 5
27.073 4.01683 4.01683 2 5 5
27.0729 4.04683 4.04683 2 5 5
27.0728 4.07683 4.07683 2 5 5
27.0727 4.10683 4.10683 2 5 5
27.0726 4.13683 4.13683 2 5 5
27.0725 4.16683 4.16683 2 5 5
27.0725 4.19683 4.19683 2 5 5
27.0724 4.22683 4.22683 2 5 5
27.0723 4.25683 4.25683 2 5 5
27.0722 4.28683 4.28683 2 5 5
27.0722 4.31683 4.31683 2 5 5
27.0721 4.34683 4.34683 2 5 5
27.072 4.37683 4.37683 2 5 5
27.072 4.40683 4.40683 2 5 5
27.0719 4.43683 4.43683 2 5 5
27.0718 4.46683 4.46683 2 5 5
27.0718 4.49683 4.49683 2 5 5
27.0717 4.52683 4.52683 2 5 5
27.0716 4.55683 4.55683 2 5 5
27.0716 4.58683 4.58683 2 5 5
27.0715 4.61683 4.61683 2 5 5
27.0715 4.64683 4.64683 2 5 5
27.0714 4.67683 4.67683 2 5 5
27.0714 4.70683 4.70683 2 5 5
27.0713 4.73683 4.73683 2 5 5
27.0712 4.76683 4.76683 2 5 5
27.0712 4.79683 4.79683 2 5 5
27.0711 4.82683 4.82683 2 5 5
27.0711 4.85683 4.85683 2 5 5
27.071 4.88683 4.88683 2 5 5
27.071 4.91683 4.91683 2 5 5
27.0709 4.94683 4.94683 2 5 5
27.0709 4.97683 4.97683 2 5 5
27.0709 5.00683 5.00683 2 5 5
27.0708 5.03683 5.03683 2 5 5
27.0708 5.06683 5.06683 2 5 5
27.0707 5.09683 5.09683 2 5 5
27.0707 5.12683 5.12683 2 5 5
27.0706 5.15683 5.15683 2 5 5
27.0706 5.18683 5.18683 2 5 5
27.0706 5.21683 5.21683 2 5 5
27.0705 5.24683 5.24683 2 5 5
27.0705 5.27683 5.27683 2 5 5
27.0704 5.30683 5.30683 2 5 5
27.0704 5.33683 5.33683 2 5 5
27.0704 5.36683 5.36683 2 5 5
27.0703 5.39683 5.39683 2 5 5
27.0703 5.42683 5.42683 2 5 5
27.0703 5.45683 5.45683 2 5 5
27.0702 5.48683 5.48683 2 5 5
27.0702 5.51683 5.51683 2 5 5
27.0701 5.54683 5.54683 2 5 5
27.0701 5.57683 5.57683 2 5 5
27.0701 5.60683 5.60683 2 5 5
27.0701 5.63683 5.63683 2 5 5
27.07 5.66683 5.66683 2 5 5
27.07 5.69683 5.69683 2 5 5
27.07 5.72683 5.72683 2 5 5
27.0699 5.75683 5.75683 2 5 5
27.0699 5.78683 5.78683 2 5 5
27.0699 5.81683 5.81683 2 5 5
27.0698 5.84683 5.84683 2 5 5
27.0698 5.87683 5.87683 2 5 5
27.0698 5.90683 5.90683 2 5 5
27.0698 5.93683 5.93683 2 5 5
27.0697 5.96683 5.96683 2 5 5
27.0697 5.99683 5.99683 2 5 5
27.0697 6.02683 6.02683 2 5 5
27.0697 6.05683 6.05683 2 5 5
27.0696 6.08683 6.08683 2 5 5
27.0696 6.11683 6.11683 2 5 5
27.0696 6.14683 6.14683 2 5 5
27.0696 6.17683 6.17683 2 5 5
27.0695 6.20683 6.20683 2 5 5
27.0695 6.23683 6.23683 2 5 5
27.0695 6.26683 6.26683 2 5 5
27.0695 6.29683 6.29683 2 5 5
27.0694 6.32683 6.32683 2 5 5
27.0694 6.35683 6.35683 2 5 5
27.0694 6.38683 6.38683 2 5 5
27.0694 6.41683 6.41683 2 5 5
27.0693 6.44683 6.44683 2 5 5
27.0693 6.47683 6.47683 2 5 5
27.0693 6.50683 6.50683 2 5 5
27.0693 6.53683 6.53683 2 5 5
27.0693 6.56683 6.56683 2 5 5
27.0692 6.59683 6.59683 2 5 5
27.0692 6.62683 6.62683 2 5 5
27.0692 6.65683 6.65683 2 5 5
27.0692 6.68683 6.68683 2 5 5
27.0692 6.71683 6.71683 2 5 5
27.0691 6.74683 6.74683 2 5 5
27.0691 6.77683 6.77683 2 5 5
27.0691 6.80683 6.80683 2 5 5
27.0691 6.83683 6.83683 2 5 5
27.0691 6.86683 6.86683 2 5 5
27.0691 6.89683 6.89683 2 5 5
27.069 6.92683 6.92683 2 5 5
27.069 6.95683 6.95683 2 5 5
27.069 6.98683 6.98683 2 5 5
27.069 7.01683 7.01683 2 5 5
27.069 7.04683 7.04683 2 5 5
27.069 7.07683 7.07683 2 5 5
27.0689 7.10683 7.10683 2 5 5
27.0689 7.13683 7.13683 2 5 5
27.0689 7.16683 7.16683 2 5 5
27.0689 7.19683 7.19683 2 5 5
27.0689 7.22683 7.22683 2 5 5
27.0689 7.25683 7.25683 2 5 5
27.0688 7.28683 7.28683 2 5 5
27.0688 7.31683 7.31683 2 5 5
27.0688 7.34683 7.34683 2 5 5
27.0688 7.37683 7.37683 2 5 5
27.0688 7.40683 7.40683 2 5 5
27.0688 7.43683 7.43683 2 5 5
27.0688 7.46683 7.46683 2 5 5
27.0687 7.49683 7.49683 2 5 5
27.0687 7.52683 7.52683 2 5 5
27.0687 7.55683 7.55683 2 5 5
27.0687 7.58683 7.58683 2 5 5
27.0687 7.61683 7.61683 2 5 5
27.0687 7.64683 7.64683 2 5 5
27.0687 7.67683 7.67683 2 5 5
27.0687 7.70683 7.70683 2 5 5
27.0686 7.73683 7.73683 2 5 5
27.0686 7.76683 7.76683 2 5 5
27.0686 7.79683 7.79683 2 5 5
27.0686 7.82683 7.82683 2 5 5
27.0686 7.85683 7.85683 2 5 5
27.0686 7.88683 7.88683 2 5 5
27.0686 7.91683 7.91683 2 5 5
27.0686 7.94683 7.94683 2 5 5
27.0686 7.97683 7.97683 2 5 5
27.0685 8.00683 8.00683 2 5 5
27.0685 8.03683 8.03683 2 5 5
27.0685 8.06683 8.06683 2 5 5
27.0685 8.09683 8.09683 2 5 5
27.0685 8.12683 8.12683 2 5 5
27.0685 8.15683 8.15683 2 5 5
27.0685 8.18683 8.18683 2 5 5
27.0685 8.21683 8.21683 2 5 5
27.0685 8.24683 8.24683 2 5 5
27.0684 8.27683 8.27683 2 5 5
27.0684 8.30683 8.30683 2 5 5
27.0684 8.33683 8.33683 2 5 5
27.0684 8.36683 8.36683 2 5 5
27.0684 8.39683 8.39683 2 5 5
27.0684 8.42683 8.42683 2 5 5
27.0684 8.45683 8.45683 2 5 5
27.0684 8.48683 8.48683 2 5 5
27.0684 8.51683 8.51683 2 5 5
27.0684 8.54683 8.54683 2 5 5
27.0684 8.57683 8.57683 2 5 5
27.0683 8.60683 8.60683 2 5 5
27.0683 8.63683 8.63683 2 5 5
27.0683 8.66683 8.66683 2 5 5
27.0683 8.69683 8.69683 2 5 5
27.0683 8.72683 8.72683 2 5 5
27.0683 8.75683 8.75683 2 5 5
27.0683 8.78683 8.78683 2 5 5
27.0683 8.81683 8.81683 2 5 5
27.0683 8.84683 8.84683 2 5 5
27.0683 8.87683 8.87683 2 5 5
27.0683 8.90683 8.90683 2 5 5
27.0682 8.93683 8.93683 2 5 5
27.0682 8.96683 8.96683 2 5 5
27.0682 8.99683 8.99683 2 5 5
27.0682 9.02683 9.02683 2 5 5
27.0682 9.05683 9.05683 2 5 5
27.0682 9.08683 9.08683 2 5 5
27.0682 9.11683 9.11683 2 5 5
27.0682 9.14683 9.14683 2 5 5
27.0682 9.17683 9.17683 2 5 5
27.0682 9.20683 9.20683 2 5 5
27.0682 9.23683 9.23683 2 5 5
27.0682 9.26683 9.26683 2 5 5
27.0682 9.29683 9.29683 2 5 5
27.0682 9.32683 9.32683 2 5 5
27.0681 9.35683 9.35683 2 5 5
27.0681 9.38683 9.38683 2 5 5
27.0681 9.41683 9.41683 2 5 5
27.0681 9.44683 9.44683 2 5 5
27.0681 9.47683 9.47683 2 5 5
27.0681 9.50683 9.50683 2 5 5
27.0681 9.53683 9.53683 2 5 5
27.0681 9.56683 9.56683 2 5 5
27.0681 9.59683 9.59683 2 5 5
27.0681 9.62683 9.62683 2 5 5
27.0681 9.65683 9.65683 2 5 5
27.0681 9.68683 9.68683 2 5 5
27.0681 9.71683 9.71683 2 5 5
27.0681 9.74683 9.74683 2 5 5
27.0681 9.77683 9.77683 2 5 5
27.068 9.80683 9.80683 2 5 5
27.068 9.83683 9.83683 2 5 5
27.068 9.86683 9.86683 2 5 5
27.068 9.89683 9.89683 2 5 5
27.068 9.92683 9.92683 2 5 5
27.068 9.95683 9.95683 2 5 5
27.068 9.98683 9.98683 2 5 5
27.068 10.0168 10.0168 2 5 5
27.068 10.0468 10.0468 2 5 5
27.068 10.0768 10.0768 2 5 5
27.068 10.1068 10.1068 2 5 5
27.068 10.1368 10.1368 2 5 5
27.068 10.1668 10.1668 2 5 5
27.068 10.1968 10.1968 2 5 5
27.068 10.2268 10.2268 2 5 5
27.068 10.2568 10.2568 2 5 5
27.068 10.2868 10.2868 2 5 5
27.068 10.3168 10.3168 2 5 5
27.0679 10.3468 10.3468 2 5 5
27.0679 10.3768 10.3768 2 5 5
27.0679 10.4068 10.4068 2 5 5
27.0679 10.4368 10.4368 2 5 5
27.0679 10.4668 10.4668 2 5 5
27.0679 10.4968 10.4968 2 5 5
27.0679 10.5268 10.5268 2 5 5
27.0679 10.5568 10.5568 2 5 5
27.0679 10.5868 10.5868 2 5 5
27.0679 10.6168 10.6168 2 5 5
27.0679 10.6468 10.6468 2 5 5
27.0679 10.6768 10.6768 2 5 5
27.0679 10.7068 10.7068 2 5 5
27.0679 10.7368 10.7368 2 5 5
27.0679 10.7668 10.7668 2 5 5
27.0679 10.7968 10.7968 2 5 5
27.0679 10.8268 10.8268 2 5 5
27.0679 10.8568 10.8568 2 5 5
27.0679 10.8868 10.8868 2 5 5
27.0679 10.9168 10.9168 2 5 5
27.0679 10.9468 10.9468 2 5 5
27.0678 10.9768 10.9768 2 5 5
27.0678 11.0068 11.0068 2 5 5
27.0678 11.0368 11.0368 2 5 5
27.0678 11.0668 11.0668 2 5 5
27.0678 11.0968 11.0968 2 5 5
27.0678 11.1268 11.1268 2 5 5
27.0678 11.1568 11.1568 2 5 5
27.0678 11.1868 11.1868 2 5 5
27.0678 11.2168 11.2168 2 5 5
27.0678 11.2468 11.2468 2 5 5
27.0678 11.2768 11.2768 2 5 5
27.0678 11.3068 11.3068 2 5 5
27.0678 11.3368 11.3368 2 5 5
27.0678 11.3668 11.3668 2 5 5
27.0678 11.3968 11.3968 2 5 5
27.0678 11.4268 11.4268 2 5 5
27.0678 11.4568 11.4568 2 5 5
27.0678 11.4868 11.4868 2 5 5
27.0678 11.5168 11.5168 2 5 5
27.0678 11.5468 11.5468 2 5 5
27.0678 11.5768 11.5768 2 5 5
27.0678 11.6068 11.6068 2 5 5
27.0678 11.6368 11.6368 2 5 5
27.0678 11.6668 11.6668 2 5 5
27.0678 11.6968 11.6968 2 5 5
27.0677 11.7268 11.7268 2 5 5
27.0677 11.7568 11.7568 2 5 5
27.0677 11.7868 11.7868 2 5 5
27.0677 11.8168 11.8168 2 5 5
27.0677 11.8468 11.8468 2 5 5
27.0677 11.8768 11.8768 2 5 5
27.0677 11.9068 11.9068 2 5 5
27.0677 11.9368 11.9368 2 5 5
27.0677 11.9668 11.9668 2 5 5
27.0677 11.9968 11.9968 2 5 5
27.0677 12.0268 12.0268 2 5 5
27.0677 12.0568 12.0568 2 5 5
27.0677 12.0868 12.0868 2 5 5
27.0677 12.1168 12.1168 2 5 5
27.0677 12.1468 12.1468 2 5 5
27.0677 12.1768 12.1768 2 5 5
27.0677 12.2068 12.2068 2 5 5
27.0677 12.2368 12.2368 2 5 5
27.0677 12.2668 12.2668 2 5 5
27.0677 12.2968 12.2968 2 5 5
27.0677 12.3268 12.3268 2 5 5
27.0677 12.3568 12.3568 2 5 5
27.0677 12.3868 12.3868 2 5 5
27.0677 12.4168 12.4168 2 5 5
27.0677 12.4468 12.4468 2 5 5
27.0677 12.4768 12.4768 2 5 5
27.0677 12.5068 12.5068 2 5 5
27.0677 12.5368 12.5368 2 5 5
27.0677 12.5668 12.5668 2 5 5
27.0677 12.5968 12.5968 2 5 5
27.0677 12.6268 12.6268 2 5 5
27.0677 12.6568 12.6568 2 5 5
27.0676 12.6868 12.6868 2 5 5
27.0676 12.7168 12.7168 2 5 5
27.0676 12.7468 12.7468 2 5 5
27.0676 12.7768 12.7768 2 5 5
27.0676 12.8068 12.8068 2 5 5
27.0676 12.8368 12.8368 2 5 5
27.0676 12.8668 12.8668 2 5 5
27.0676 12.8968 12.8968 2 5 5
27.0676 12.9268 12.9268 2 5 5
27.0676 12.9568 12.9568 2 5 5
27.0676 12.9868 12.9868 2 5 5
27.0676 13.0168 13.0168 2 5 5
27.0676 13.0468 13.0468 2 5 5
27.0676 13.0768 13.0768 2 5 5
27.0676 13.1068 13.1068 2 5 5
27.0676 13.1368 13.1368 2 5 5
27.0676 13.1668 13.1668 2 5 5
27.0676 13.1968 13.1968 2 5 5
27.0676 13.2268 13.2268 2 5 5
27.0676 13.2568 13.2568 2 5 5
27.0676 13.2868 13.2868 2 5 5
27.0676 13.3168 13.3168 2 5 5
27.0676 13.3468 13.3468 2 5 5
27.0676 13.3768 13.3768 2 5 5
27.0676 13.4068 13.4068 2 5 5
27.0676 13.4368 13.4368 2 5 5
27.0676 13.4668 13.4668 2 5 5
27.0676 13.4968 13.4968 2 5 5
27.0676 13.5268 13.5268 2 5 5
27.0676 13.5568 13.5568 2 5 5
27.0676 13.5868 13.5868 2 5 5
27.0676 13.6168 13.6168 2 5 5
27.0676 13.6468 13.6468 2 5 5
27.0676 13.6768 13.6768 2 5 5
27.0676 13.7068 13.7068 2 5 5
27.0676 13.7368 13.7368 2 5 5
27.0676 13.7668 13.7668 2 5 5
27.0676 13.7968 13.7968 2 5 5
27.0676 13.8268 13.8268 2 5 5
27.0676 13.8568 13.8568 2 5 5
27.0676 13.8868 13.8868 2 5 5
27.0675 13.9168 13.9168 2 5 5
27.0675 13.9468 13.9468 2 5 5
27.0675 13.9768 13.9768 2 5 5
27.0675 14.0068 14.0068 2 5 5
27.0675 14.0368 14.0368 2 5 5
27.0675 14.0668 14.0668 2 5 5
27.0675 14.0968 14.0968 2 5 5
27.0675 14.1268 14.1268 2 5 5
27.0675 14.1568 14.1568 2 5 5
27.0675 14.1868 14.1868 2 5 5
27.0675 14.2168 14.2168 2 5 5
27.0675 14.2468 14.2468 2 5 5
27.0675 14.2768 14.2768 2 5 5
27.0675 14.3068 14.3068 2 5 5
27.0675 14.3368 14.3368 2 5 5
27.0675 14.3668 14.3668 2 5 5
27.0675 14.3968 14.3968 2 5 5
27.0675 14.4268 14.4268 2 5 5
27.0675 14.4568 14.4568 2 5 5
27.0675 14.4868 14.4868 2 5 5
27.0675 14.5168 14.5168 2 5 5
27.0675 14.5468 14.5468 2 5 5
27.0675 14.5768 14.5768 2 5 5
27.0675 14.6068 14.6068 2 5 5
27.0675 14.6368 14.6368 2 5 5
27.0675 14.6668 14.6668 2 5 5
27.0675 14.6968 14.6968 2 5 5
27.0675 14.7268 14.7268 2 5 5
27.0675 14.7568 14.7568 2 5 5
27.0675 14.7868 14.7868 2 5 5
27.0675 14.8168 14.8168 2 5 5
27.0675 14.8468 14.8468 2 5 5
27.0675 14.8768 14.8768 2 5 5
27.0675 14.9068 14.9068 2 5 5
27.0675 14.9368 14.9368 2 5 5
27.0675 14.9668 14.9668 2 5 5
27.0675 14.9968 14.9968 2 5 5
27.0675 15.0268 15.0268 2 5 5
27.0675 15.0568 15.0568 2 5 5
27.0675 15.0868 15.0868 2 5 5
27.0675 15.1168 15.1168 2 5 5
27.0675 15.1468 15.1468 2 5 5
27.0675 15.1768 15.1768 2 5 5
27.0675 15.2068 15.2068 2 5 5
27.0675 15.2368 15.2368 2 5 5
27.0675 15.2668 15.2668 2 5 5
27.0675 15.2968 15.2968 2 5 5
27.0675 15.3268 15.3268 2 5 5
27.0675 15.3568 15.3568 2 5 5
27.0675 15.3868 15.3868 2 5 5
27.0675 15.4168 15.4168 2 5 5
27.0675 15.4468 15.4468 2 5 5
27.0675 15.4768 15.4768 2 5 5
27.0675 15.5068 15.5068 2 5 5
27.0675 15.5368 15.5368 2 5 5
27.0674 15.5668 15.5668 2 5 5
27.0674 15.5968 15.5968 2 5 5
27.0674 15.6268 15.6268 2 5 5
27.0674 15.6568 15.6568 2 5 5
27.0674 15.6868 15.6868 2 5 5
27.0674 15.7168 15.7168 2 5 5
27.0674 15.7468 15.7468 2 5 5
27.0674 15.7768 15.7768 2 5 5
27.0674 15.8068 15.8068 2 5 5
27.0674 15.8368 15.8368 2 5 5
27.0674 15.8668 15.8668 2 5 5
27.0674 15.8968 15.8968 2 5 5
27.0674 15.9268 15.9268 2 5 5
27.0674 15.9568 15.9568 2 5 5
27.0674 15.9868 15.9868 2 5 5
27.0674 16.0168 16.0168 2 5 5
27.0674 16.0468 16.0468 2 5 5
27.0674 16.0768 16.0768 2 5 5
27.0674 16.1068 16.1068 2 5 5
27.0674 16.1368 16.1368 2 5 5
27.0674 16.1668 16.1668 2 5 5
27.0674 16.1968 16.1968 2 5 5
27.0674 16.2268 16.2268 2 5 5
27.0674 16.2568 16.2568 2 5 5
27.0674 16.2868 16.2868 2 5 5
27.0674 16.3168 16.3168 2 5 5
27.0674 16.3468 16.3468 2 5 5
27.0674 16.3768 16.3768 2 5 5
27.0674 16.4068 16.4068 2 5 5
27.0674 16.4368 16.4368 2 5 5
27.0674 16.4668 16.4668 2 5 5
27.0674 16.4968 16.4968 2 5 5
27.0674 16.5268 16.5268 2 5 5
27.0674 16.5568 16.5568 2 5 5
27.0674 16.5868 16.5868 2 5 5
27.0674 16.6168 16.6168 2 5 5
27.0674 16.6468 16.6468 2 5 5
27.0674 16.6768 16.6768 2 5 5
27.0674 16.7068 16.7068 2 5 5
27.0674 16.7368 16.7368 2 5 5
27.0674 16.7668 16.7668 2 5 5
27.0674 16.7968 16.7968 2 5 5
27.0674 16.8268 16.8268 2 5 5
27.0674 16.8568 16.8568 2 5 5
27.0674 16.8868 16.8868 2 5 5
27.0674 16.9168 16.9168 2 5 5
27.0674 16.9468 16.9468 2 5 5
27.0674 16.9768 16.9768 2 5 5
27.0674 17.0068 17.0068 2 5 5
27.0674 17.0368 17.0368 2 5 5
27.0674 17.0668 17.0668 2 5 5
27.0674 17.0968 17.0968 2 5 5
27.0674 17.1268 17.1268 2 5 5
27.0674 17.1568 17.1568 2 5 5
27.0674 17.1868 17.1868 2 5 5
27.0674 17.2168 17.2168 2 5 5
27.0674 17.2468 17.2468 2 5 5
27.0674 17.2768 17.2768 2 5 5
27.0674 17.3068 17.3068 2 5 5
27.0674 17.3368 17.3368 2 5 5
27.0674 17.3668 17.3668 2 5 5
27.0674 17.3968 17.3968 2 5 5
27.0674 17.4268 17.4268 2 5 5
27.0674 17.4568 17.4568 2 5 5
27.0674 17.4868 17.4868 2 5 5
27.0674 17.5168 17.5168 2 5 5
27.0674 17.5468 17.5468 2 5 5
27.0674 17.5768 17.5768 2 5 5
27.0674 17.6068 17.6068 2 5 5
27.0674 17.6368 17.6368 2 5 5
27.0674 17.6668 17.6668 2 5 5
27.0674 17.6968 17.6968 2 5 5
27.0674 17.7268 17.7268 2 5 5
27.0674 17.7568 17.7568 2 5 5
27.0674 17.7868 17.7868 2 5 5
27.0674 17.8168 17.8168 2 5 5
27.0674 17.8468 17.8468 2 5 5
27.0674 17.8768 17.8768 2 5 5
27.0674 17.9068 17.9068 2 5 5
27.0674 17.9368 17.9368 2 5 5
27.0674 17.9668 17.9668 2 5 5
27.0674 17.9968 17.9968 2 5 5
27.0673 18.0268 18.0268 2 5 5
27.0673 18.0568 18.0568 2 5 5
27.0673 18.0868 18.0868 2 5 5
27.0673 18.1168 18.1168 2 5 5
27.0673 18.1468 18.1468 2 5 5
27.0673 18.1768 18.1768 2 5 5
27.0673 18.2068 18.2068 2 5 5
27.0673 18.2368 18.2368 2 5 5
27.0673 18.2668 18.2668 2 5 5
27.0673 18.2968 18.2968 2 5 5
27.0673 18.3268 18.3268 2 5 5
27.0673 18.3568 18.3568 2 5 5
27.0673 18.3868 18.3868 2 5 5
27.0673 18.4168 18.4168 2 5 5
27.0673 18.4468 18.4468 2 5 5
27.0673 18.4768 18.4768 2 5 5
27.0673 18.5068 18.5068 2 5 5
27.0673 18.5368 18.5368 2 5 5
27.0673 18.5668 18.5668 2 5 5
27.0673 18.5968 18.5968 2 5 5
27.0673 18.6268 18.6268 2 5 5
27.0673 18.6568 18.6568 2 5 5
27.0673 18.6868 18.6868 2 5 5
27.0673 18.7168 18.7168 2 5 5
27.0673 18.7468 18.7468 2 5 5
27.0673 18.7768 18.7768 2 5 5
27.0673 18.8068 18.8068 2 5 5
27.0673 18.8368 18.8368 2 5 5
27.0673 18.8668 18.8668 2 5 5
27.0673 18.8968 18.8968 2 5 5
27.0673 18.9268 18.9268 2 5 5
27.0673 18.9568 18.9568 2 5 5
27.0673 18.9868 18.9868 2 5 5
27.0673 19.0168 19.0168 2 5 5
27.0673 19.0468 19.0468 2 5 5
27.0673 19.0768 19.0768 2 5 5
27.0673 19.1068 19.1068 2 5 5
27.0673 19.1368 19.1368 2 5 5
27.0673 19.1668 19.1668 2 5 5
27.0673 19.1968 19.1968 2 5 5
27.0673 19.2268 19.2268 2 5 5
27.0673 19.2568 19.2568 2 5 5
27.0673 19.2868 19.2868 2 5 5
27.0673 19.3168 19.3168 2 5 5
27.0673 19.3468 19.3468 2 5 5
27.0673 19.3768 19.3768 2 5 5
27.0673 19.4068 19.4068 2 5 5
27.0673 19.4368 19.4368 2 5 5
27.0673 19.4668 19.4668 2 5 5
27.0673 19.4968 19.4968 2 5 5
27.0673 19.5268 19.5268 2 5 5
27.0673 19.5568 19.5568 2 5 5
27.0673 19.5868 19.5868 2 5 5
27.0673 19.6168 19.6168 2 5 5
27.0673 19.6468 19.6468 2 5 5
27.0673 19.6768 19.6768 2 5 5
27.0673 19.7068 19.7068 2 5 5
27.0673 19.7368 19.7368 2 5 5
27.0673 19.7668 19.7668 2 5 5
27.0673 19.7968 19.7968 2 5 5
27.0673 19.8268 19.8268 2 5 5
27.0673 19.8568 19.8568 2 5 5
27.0673 19.8868 19.8868 2 5 5
27.0673 19.9168 19.9168 2 5 5
27.0673 19.9468 19.9468 2 5 5
27.0673 19.9768 19.9768 2 5 5
27.0673 20.0068 20.0068 2 5 5
27.0673 20.0368 20.0368 2 5 5
27.0673 20.0668 20.0668 2 5 5
27.0673 20.0968 20.0968 2 5 5
27.0673 20.1268 20.1268 2 5 5
27.0673 20.1568 20.1568 2 5 5
27.0673 20.1868 20.1868 2 5 5
27.0673 20.2168 20.2168 2 5 5
27.0673 20.2468 20.2468 2 5 5
27.0673 20.2768 20.2768 2 5 5
27.0673 20.3068 20.3068 2 5 5
27.0673 20.3368 20.3368 2 5 5
27.0673 20.3668 20.3668 2 5 5
27.0673 20.3968 20.3968 2 5 5
27.0673 20.4268 20.4268 2 5 5
27.0673 20.4568 20.4568 2 5 5
27.0673 20.4868 20.4868 2 5 5
27.0673 20.5168 20.5168 2 5 5
27.0673 20.5468 20.5468 2 5 5
27.0673 20.5768 20.5768 2 5 5
27.0673 20.6068 20.6068 2 5 5
27.0673 20.6368 20.6368 2 5 5
27.0673 20.6668 20.6668 2 5 5
27.0673 20.6968 20.6968 2 5 5
27.0673 20.7268 20.7268 2 5 5
27.0673 20.7568 20.7568 2 5 5
27.0673 20.7868 20.7868 2 5 5
27.0673 20.8168 20.8168 2 5 5
27.0673 20.8468 20.8468 2 5 5
27.0673 20.8768 20.8768 2 5 5
27.0673 20.9068 20.9068 2 5 5
27.0673 20.9368 20.9368 2 5 5
27.0673 20.9668 20.9668 2 5 5
27.0673 20.9968 20.9968 2 5 5
27.0673 21.0268 21.0268 2 5 5
27.0673 21.0568 21.0568 2 5 5
27.0673 21.0868 21.0868 2 5 5
27.0673 21.1168 21.1168 2 5 5
27.0673 21.1468 21.1468 2 5 5
27.0673 21.1768 21.1768 2 5 5
27.0673 21.2068 21.2068 2 5 5
27.0673 21.2368 21.2368 2 5 5
27.0673 21.2668 21.2668 2 5 5
27.0673 21.2968 21.2968 2 5 5
27.0673 21.3268 21.3268 2 5 5
27.0673 21.3568 21.3568 2 5 5
27.0673 21.3868 21.3868 2 5 5
27.0673 21.4168 21.4168 2 5 5
27.0673 21.4468 21.4468 2 5 5
27.0673 21.4768 21.4768 2 5 5
27.0673 21.5068 21.5068 2 5 5
27.0673 21.5368 21.5368 2 5 5
27.0673 21.5668 21.5668 2 5 5
27.0673 21.5968 21.5968 2 5 5
27.0673 21.6268 21.6268 2 5 5
27.0673 21.6568 21.6568 2 5 5
27.0673 21.6868 21.6868 2 5 5
27.0673 21.7168 21.7168 2 5 5
27.0673 21.7468 21.7468 2 5 5
27.0673 21.7768 21.7768 2 5 5
27.0673 21.8068 21.8068 2 5 5
27.0673 21.8368 21.8368 2 5 5
27.0673 21.8668 21.8668 2 5 5
27.0673 21.8968 21.8968 2 5 5
27.0673 21.9268 21.9268 2 5 5
27.0673 21.9568 21.9568 2 5 5
27.0673 21.9868 21.9868 2 5 5
27.0673 22.0168 22.0168 2 5 5
27.0673 22.0468 22.0468 2 5 5
27.0673 22.0768 22.0768 2 5 5
27.0673 22.1068 22.1068 2 5 5
27.0673 22.1368 22.1368 2 5 5
27.0673 22.1668 22.1668 2 5 5
27.0672 22.1968 22.1968 2 5 5
27.0672 22.2268 22.2268 2 5 5
27.0672 22.2568 22.2568 2 5 5
27.0672 22.2868 22.2868 2 5 5
27.0672 22.3168 22.3168 2 5 5
27.0672 22.3468 22.3468 2 5 5
27.0672 22.3768 22.3768 2 5 5
27.0672 22.4068 22.4068 2 5 5
27.0672 22.4368 22.4368 2 5 5
27.0672 22.4668 22.4668 2 5 5
27.0672 22.4968 22.4968 2 5 5
27.0672 22.5268 22.5268 2 5 5
27.0672 22.5568 22.5568 2 5 5
27.0672 22.5868 22.5868 2 5 5
27.0672 22.6168 22.6168 2 5 5
27.0672 22.6468 22.6468 2 5 5
27.0672 22.6768 22.6768 2 5 5
27.0672 22.7068 22.7068 2 5 5
27.0672 22.7368 22.7368 2 5 5
27.0672 22.7668 22.7668 2 5 5
27.0672 22.7968 22.7968 2 5 5
27.0672 22.8268 22.8268 2 5 5
27.0672 22.8568 22.8568 2 5 5
27.0672 22.8868 22.8868 2 5 5
27.0672 22.9168 22.9168 2 5 5
27.0672 22.9468 22.9468 2 5 5
27.0672 22.9768 22.9768 2 5 5
27.0672 23.0068 23.0068 2 5 5
27.0672 23.0368 23.0368 2 5 5
27.0672 23.0668 23.0668 2 5 5
27.0672 23.0968 23.0968 2 5 5
27.0672 23.1268 23.1268 2 5 5
27.0672 23.1568 23.1568 2 5 5
27.0672 23.1868 23.1868 2 5 5
27.0672 23.2168 23.2168 2 5 5
27.0672 23.2468 23.2468 2 5 5
27.0672 23.2768 23.2768 2 5 5
27.0672 23.3068 23.3068 2 5 5
27.0672 23.3368 23.3368 2 5 5
27.0672 23.3668 23.3668 2 5 5
27.0672 23.3968 23.3968 2 5 5
27.0672 23.4268 23.4268 2 5 5
27.0672 23.4568 23.4568 2 5 5
27.0672 23.4868 23.4868 2 5 5
27.0672 23.5168 23.5168 2 5 5
27.0672 23.5468 23.5468 2 5 5
27.0672 23.5768 23.5768 2 5 5
27.0672 23.6068 23.6068 2 5 5
27.0672 23.6368 23.6368 2 5 5
27.0672 23.6668 23.6668 2 5 5
27.0672 23.6968 23.6968 2 5 5
27.0672 23.7268 23.7268 2 5 5
27.0672 23.7568 23.7568 2 5 5
27.0672 23.7868 23.7868 2 5 5
27.0672 23.8168 23.8168 2 5 5
27.0672 23.8468 23.8468 2 5 5
27.0672 23.8768 23.8768 2 5 5
27.0672 23.9068 23.9068 2 5 5
27.0672 23.9368 23.9368 2 5 5
27.0672 23.9668 23.9668 2 5 5
27.0672 23.9968 23.9968 2 5 5
27.0672 24.0268 24.0268 2 5 5
27.0672 24.0568 24.0568 2 5 5
27.0672 24.0868 24.0868 2 5 5
27.0672 24.1168 24.1168 2 5 5
27.0672 24.1468 24.1468 2 5 5
27.0672 24.1768 24.1768 2 5 5
27.0672 24.2068 24.2068 2 5 5
27.0672 24.2368 24.2368 2 5 5
27.0672 24.2668 24.2668 2 5 5
27.0672 24.2968 24.2968 2 5 5
27.0672 24.3268 24.3268 2 5 5
27.0672 24.3568 24.3568 2 5 5
27.0672 24.3868 24.3868 2 5 5
27.0672 24.4168 24.4168 2 5 5
27.0672 24.4468 24.4468 2 5 5
27.0672 24.4768 24.4768 2 5 5
27.0672 24.5068 24.5068 2 5 5
27.0672 24.5368 24.5368 2 5 5
27.0672 24.5668 24.5668 2 5 5
27.0672 24.5968 24.5968 2 5 5
27.0672 24.6268 24.6268 2 5 5
27.0672 24.6568 24.6568 2 5 5
27.0672 24.6868 24.6868 2 5 5
27.0672 24.7168 24.7168 2 5 5
27.0672 24.7468 24.7468 2 5 5
27.0672 24.7768 24.7768 2 5 5
27.0672 24.8068 24.8068 2 5 5
27.0672 24.8368 24.8368 2 5 5
27.0672 24.8668 24.8668 2 5 5
27.0672 24.8968 24.8968 2 5 5
27.0672 24.9268 24.9268 2 5 5
27.0672 24.9568 24.9568 2 5 5
27.0672 24.9868 24.9868 2 5 5
27.0672 25.0168 25.0168 2 5 5
27.0672 25.0468 25.0468 2 5 5
27.0672 25.0768 25.0768 2 5 5
27.0672 25.1068 25.1068 2 5 5
27.0672 25.1368 25.1368 2 5 5
27.0672 25.1668 25.1668 2 5 5
27.0672 25.1968 25.1968 2 5 5
27.0672 25.2268 25.2268 2 5 5
27.0672 25.2568 25.2568 2 5 5
27.0672 25.2868 25.2868 2 5 5
27.0672 25.3168 25.3168 2 5 5
27.0672 25.3468 25.3468 2 5 5
27.0672 25.3768 25.3768 2 5 5
27.0672 25.4068 25.4068 2 5 5
27.0672 25.4368 25.4368 2 5 5
27.0672 25.4668 25.4668 2 5 5
27.0672 25.4968 25.4968 2 5 5
27.0672 25.5268 25.5268 2 5 5
27.0672 25.5568 25.5568 2 5 5
27.0672 25.5868 25.5868 2 5 5
27.0672 25.6168 25.6168 2 5 5
27.0672 25.6468 25.6468 2 5 5
27.0672 25.6768 25.6768 2 5 5
27.0672 25.7068 25.7068 2 5 5
27.0672 25.7368 25.7368 2 5 5
27.0672 25.7668 25.7668 2 5 5
27.0672 25.7968 25.7968 2 5 5
27.0672 25.8268 25.8268 2 5 5
27.0672 25.8568 25.8568 2 5 5
27.0672 25.8868 25.8868 2 5 5
27.0672 25.9168 25.9168 2 5 5
27.0672 25.9468 25.9468 2 5 5
27.0672 25.9768 25.9768 2 5 5
27.0672 26.0068 26.0068 2 5 5
27.0672 26.0368 26.0368 2 5 5
27.0672 26.0668 26.0668 2 5 5
27.0672 26.0968 26.0968 2 5 5
27.0672 26.1268 26.1268 2 5 5
27.0672 26.1568 26.1568 2 5 5
27.0672 26.1868 26.1868 2 5 5
27.0672 26.2168 26.2168 2 5 5
27.0672 26.2468 26.2468 2 5 5
27.0672 26.2768 26.2768 2 5 5
27.0672 26.3068 26.3068 2 5 5
27.0672 26.3368 26.3368 2 5 5
27.0672 26.3668 26.3668 2 5 5
27.0672 26.3968 26.3968 2 5 5
27.0672 26.4268 26.4268 2 5 5
27.0672 26.4568 26.4568 2 5 5
27.0672 26.4868 26.4868 2 5 5
27.0672 26.5168 26.5168 2 5 5
27.0672 26.5468 26.5468 2 5 5
27.0672 26.5768 26.5768 2 5 5
27.0672 26.6068 26.6068 2 5 5
27.0672 26.6368 26.6368 2 5 5
27.0672 26.6668 26.6668 2 5 5
27.0672 26.6968 26.6968 2 5 5
27.0672 26.7268 26.7268 2 5 5
27.0672 26.7568 26.7568 2 5 5
27.0672 26.7868 26.7868 2 5 5
27.0672 26.8168 26.8168 2 5 5
27.0672 26.8468 26.8468 2 5 5
27.0672 26.8768 26.8768 2 5 5
27.0672 26.9068 26.9068 2 5 5
27.0672 26.9368 26.9368 2 5 5
27.0672 26.9668 26.9668 2 5 5
27.0672 26.9968 26.9968 2 5 5
27.0672 27.0268 27.0268 2 5 5
27.0672 27.0568 27.0568 2 5 5
27.0672 27.0868 27.0868 2 5 5
27.0672 27.1168 27.1168 2 5 5
27.0672 27.1468 27.1468 2 5 5
27.0672 27.1768 27.1768 2 5 5
27.0672 27.2068 27.2068 2 5 5
27.0672 27.2368 27.2368 2 5 5
27.0672 27.2668 27.2668 2 5 5
27.0672 27.2968 27.2968 2 5 5
27.0672 27.3268 27.3268 2 5 5
27.0672 27.3568 27.3568 2 5 5
27.0672 27.3868 27.3868 2 5 5
27.0672 27.4168 27.4168 2 5 5
27.0672 27.4468 27.4468 2 5 5
27.0672 27.4768 27.4768 2 5 5
27.0672 27.5068 27.5068 2 5 5
27.0672 27.5368 27.5368 2 5 5
27.0672 27.5668 27.5668 2 5 5
27.0672 27.5968 27.5968 2 5 5
27.0672 27.6268 27.6268 2 5 5
27.0672 27.6568 27.6568 2 5 5
27.0672 27.6868 27.6868 2 5 5
27.0672 27.7168 27.7168 2 5 5
27.0672 27.7468 27.7468 2 5 5
27.0672 27.7768 27.7768 2 5 5
27.0672 27.8068 27.8068 2 5 5
27.0672 27.8368 27.8368 2 5 5
27.0672 27.8668 27.8668 2 5 5
27.0672 27.8968 27.8968 2 5 5
27.0672 27.9268 27.9268 2 5 5
27.0672 27.9568 27.9568 2 5 5
27.0672 27.9868 27.9868 2 5 5
27.0672 28.0168 28.0168 2 5 5
27.0672 28.0468 28.0468 2 5 5
27.0672 28.0768 28.0768 2 5 5
27.0672 28.1068 28.1068 2 5 5
27.0672 28.1368 28.1368 2 5 5
27.0672 28.1668 28.1668 2 5 5
27.0672 28.1968 28.1968 2 5 5
27.0672 28.2268 28.2268 2 5 5
27.0672 28.2568 28.2568 2 5 5
27.0672 28.2868 28.2868 2 5 5
27.0672 28.3168 28.3168 2 5 5
27.0672 28.3468 28.3468 2 5 5
27.0672 28.3768 28.3768 2 5 5
27.0672 28.4068 28.4068 2 5 5
27.0672 28.4368 28.4368 2 5 5
27.0672 28.4668 28.4668 2 5 5
27.0672 28.4968 28.4968 2 5 5
27.0672 28.5268 28.5268 2 5 5
27.0672 28.5568 28.5568 2 5 5
27.0672 28.5868 28.5868 2 5 5
27.0672 28.6168 28.6168 2 5 5
27.0672 28.6468 28.6468 2 5 5
27.0672 28.6768 28.6768 2 5 5
27.0672 28.7068 28.7068 2 5 5
27.0672 28.7368 28.7368 2 5 5
27.0672 28.7668 28.7668 2 5 5
27.0672 28.7968 28.7968 2 5 5
27.0672 28.8268 28.8268 2 5 5
27.0672 28.8568 28.8568 2 5 5
27.0672 28.8868 28.8868 2 5 5
27.0672 28.9168 28.9168 2 5 5
27.0672 28.9468 28.9468 2 5 5
27.0672 28.9768 28.9768 2 5 5
27.0672 29.0068 29.0068 2 5 5
27.0672 29.0368 29.0368 2 5 5
27.0672 29.0668 29.0668 2 5 5
27.0672 29.0968 29.0968 2 5 5
27.0672 29.1268 29.1268 2 5 5
27.0672 29.1568 29.1568 2 5 5
27.0672 29.1868 29.1868 2 5 5
27.0672 29.2168 29.2168 2 5 5
27.0672 29.2468 29.2468 2 5 5
27.0672 29.2768 29.2768 2 5 5
27.0672 29.3068 29.3068 2 5 5
27.0672 29.3368 29.3368 2 5 5
27.0672 29.3668 29.3668 2 5 5
27.0672 29.3968 29.3968 2 5 5
27.0672 29.4268 29.4268 2 5 5
27.0672 29.4568 29.4568 2 5 5
27.0672 29.4868 29.4868 2 5 5
27.0672 29.5168 29.5168 2 5 5
27.0672 29.5468 29.5468 2 5 5
27.0672 29.5768 29.5768 2 5 5
27.0672 29.6068 29.6068 2 5 5
27.0672 29.6368 29.6368 2 5 5
27.0672 29.6668 29.6668 2 5 5
27.0672 29.6968 29.6968 2 5 5
27.0672 29.7268 29.7268 2 5 5
27.0672 29.7568 29.7568 2 5 5
27.0672 29.7868 29.7868 2 5 5
27.0672 29.8168 29.8168 2 5 5
27.0672 29.8468 29.8468 2 5 5
27.0672 29.8768 29.8768 2 5 5
27.0672 29.9068 29.9068 2 5 5
27.0672 29.9368 29.9368 2 5 5
27.0672 29.9668 29.9668 2 5 5
27.0672 29.9968 29.9968 2 5 5
27.0672 30.0268 30.0268 2 5 5
27.0672 30.0568 30.0568 2 5 5
27.0672 30.0868 30.0868 2 5 5
27.0672 30.1168 30.1168 2 5 5
27.0672 30.1468 30.1468 2 5 5
27.0672 30.1768 30.1768 2 5 5
27.0672 30.2068 30.2068 2 5 5
27.0672 30.2368 30.2368 2 5 5
27.0672 30.2668 30.2668 2 5 5
27.0672 30.2968 30.2968 2 5 5
27.0672 30.3268 30.3268 2 5 5
27.0672 30.3568 30.3568 2 5 5
27.0672 30.3868 30.3868 2 5 5
27.0672 30.4168 30.4168 2 5 5
27.0672 30.4468 30.4468 2 5 5
27.0672 30.4768 30.4768 2 5 5
27.0672 30.5068 30.5068 2 5 5
27.0672 30.5368 30.5368 2 5 5
27.0672 30.5668 30.5668 2 5 5
27.0672 30.5968 30.5968 2 5 5
27.0672 30.6268 30.6268 2 5 5
27.0672 30.6568 30.6568 2 5 5
27.0672 30.6868 30.6868 2 5 5
27.0672 30.7168 30.7168 2 5 5
27.0672 30.7468 30.7468 2 5 5
27.0672 30.7768 30.7768 2 5 5
27.0672 30.8068 30.8068 2 5 5
27.0672 30.8368 30.8368 2 5 5
27.0672 30.8668 30.8668 2 5 5
27.0672 30.8968 30.8968 2 5 5
27.0672 30.9268 30.9268 2 5 5
27.0672 30.9568 30.9568 2 5 5
27.0672 30.9868 30.9868 2 5 5
27.0672 31.0168 31.0168 2 5 5
27.0672 31.0468 31.0468 2 5 5
27.0672 31.0768 31.0768 2 5 5
27.0672 31.1068 31.1068 2 5 5
27.0672 31.1368 31.1368 2 5 5
27.0672 31.1668 31.1668 2 5 5
27.0672 31.1968 31.1968 2 5 5
27.0672 31.2268 31.2268 2 5 5
27.0672 31.2568 31.2568 2 5 5
27.0672 31.2868 31.2868 2 5 5
27.0672 31.3168 31.3168 2 5 5
27.0672 31.3468 31.3468 2 5 5
27.0672 31.3768 31.3768 2 5 5
27.0672 31.4068 31.4068 2 5 5
27.0672 31.4368 31.4368 2 5 5
27.0672 31.4668 31.4668 2 5 5
27.0672 31.4968 31.4968 2 5 5
27.0672 31.5268 31.5268 2 5 5
27.0672 31.5568 31.5568 2 5 5
27.0672 31.5868 31.5868 2 5 5
27.0672 31.6168 31.6168 2 5 5
27.0672 31.6468 31.6468 2 5 5
27.0672 31.6768 31.6768 2 5 5
27.0672 31.7068 31.7068 2 5 5
27.0672 31.7368 31.7368 2 5 5
27.0672 31.7668 31.7668 2 5 5
27.0672 31.7968 31.7968 2 5 5
27.0672 31.8268 31.8268 2 5 5
27.0672 31.8568 31.8568 2 5 5
27.0672 31.8868 31.8868 2 5 5
27.0672 31.9168 31.9168 2 5 5
27.0671 31.9468 31.9468 2 5 5
27.0671 31.9768 31.9768 2 5 5
27.0671 32.0068 32.0068 2 5 5
27.0671 32.0368 32.0368 2 5 5
27.0671 32.0668 32.0668 2 5 5
27.0671 32.0968 32.0968 2 5 5
27.0671 32.1268 32.1268 2 5 5
27.0671 32.1568 32.1568 2 5 5
27.0671 32.1868 32.1868 2 5 5
27.0671 32.2168 32.2168 2 5 5
27.0671 32.2468 32.2468 2 5 5
27.0671 32.2768 32.2768 2 5 5
27.0671 32.3068 32.3068 2 5 5
27.0671 32.3368 32.3368 2 5 5
27.0671 32.3668 32.3668 2 5 5
27.0671 32.3968 32.3968 2 5 5
27.0671 32.4268 32.4268 2 5 5
27.0671 32.4568 32.4568 2 5 5
27.0671 32.4868 32.4868 2 5 5
27.0671 32.5168 32.5168 2 5 5
27.0671 32.5468 32.5468 2 5 5
27.0671 32.5768 32.5768 2 5 5
27.0671 32.6068 32.6068 2 5 5
27.0671 32.6368 32.6368 2 5 5
27.0671 32.6668 32.6668 2 5 5
27.0671 32.6968 32.6968 2 5 5
27.0671 32.7268 32.7268 2 5 5
27.0671 32.7568 32.7568 2 5 5
27.0671 32.7868 32.7868 2 5 5
27.0671 32.8168 32.8168 2 5 5
27.0671 32.8468 32.8468 2 5 5
27.0671 32.8768 32.8768 2 5 5
27.0671 32.9068 32.9068 2 5 5
27.0671 32.9368 32.9368 2 5 5
27.0671 32.9668 32.9668 2 5 5
27.0671 32.9968 32.9968 2 5 5
27.0671 33.0268 33.0268 2 5 5
27.0671 33.0568 33.0568 2 5 5
27.0671 33.0868 33.0868 2 5 5
27.0671 33.1168 33.1168 2 5 5
27.0671 33.1468 33.1468 2 5 5
27.0671 33.1768 33.1768 2 5 5
27.0671 33.2068 33.2068 2 5 5
27.0671 33.2368 33.2368 2 5 5
27.0671 33.2668 33.2668 2 5 5
27.0671 33.2968 33.2968 2 5 5
27.0671 33.3268 33.3268 2 5 5
27.0671 33.3568 33.3568 2 5 5
27.0671 33.3868 33.3868 2 5 5
27.0671 33.4168 33.4168 2 5 5
27.0671 33.4468 33.4468 2 5 5
27.0671 33.4768 33.4768 2 5 5
27.0671 33.5068 33.5068 2 5 5
27.0671 33.5368 33.5368 2 5 5
27.0671 33.5668 33.5668 2 5 5
27.0671 33.5968 33.5968 2 5 5
27.0671 33.6268 33.6268 2 5 5
27.0671 33.6568 33.6568 2 5 5
27.0671 33.6868 33.6868 2 5 5
27.0671 33.7168 33.7168 2 5 5
27.0671 33.7468 33.7468 2 5 5
27.0671 33.7768 33.7768 2 5 5
27.0671 33.8068 33.8068 2 5 5
27.0671 33.8368 33.8368 2 5 5
27.0671 33.8668 33.8668 2 5 5
27.0671 33.8968 33.8968 2 5 5
27.0671 33.9268 33.9268 2 5 5
27.0671 33.9568 33.9568 2 5 5
27.0671 33.9868 33.9868 2 5 5
27.0671 34.0168 34.0168 2 5 5
27.0671 34.0468 34.0468 2 5 5
27.0671 34.0768 34.0768 2 5 5
27.0671 34.1068 34.1068 2 5 5
27.0671 34.1368 34.1368 2 5 5
27.0671 34.1668 34.1668 2 5 5
27.0671 34.1968 34.1968 2 5 5
27.0671 34.2268 34.2268 2 5 5
27.0671 34.2568 34.2568 2 5 5
27.0671 34.2868 34.2868 2 5 5
27.0671 34.3168 34.3168 2 5 5
27.0671 34.3468 34.3468 2 5 5
27.0671 34.3768 34.3768 2 5 5
27.0671 34.4068 34.4068 2 5 5
27.0671 34.4368 34.4368 2 5 5
27.0671 34.4668 34.4668 2 5 5
27.0671 34.4968 34.4968 2 5 5
27.0671 34.5268 34.5268 2 5 5
27.0671 34.5568 34.5568 2 5 5
27.0671 34.5868 34.5868 2 5 5
27.0671 34.6168 34.6168 2 5 5
27.0671 34.6468 34.6468 2 5 5
27.0671 34.6768 34.6768 2 5 5
27.0671 34.7068 34.7068 2 5 5
27.0671 34.7368 34.7368 2 5 5
27.0671 34.7668 34.7668 2 5 5
27.0671 34.7968 34.7968 2 5 5
27.0671 34.8268 34.8268 2 5 5
27.0671 34.8568 34.8568 2 5 5
27.0671 34.8868 34.8868 2 5 5
27.0671 34.9168 34.9168 2 5 5
27.0671 34.9468 34.9468 2 5 5
27.0671 34.9768 34.9768 2 5 5
27.0671 35.0068 35.0068 2 5 5
27.0671 35.0368 35.0368 2 5 5
27.0671 35.0668 35.0668 2 5 5
27.0671 35.0968 35.0968 2 5 5
27.0671 35.1268 35.1268 2 5 5
27.0671 35.1568 35.1568 2 5 5
27.0671 35.1868 35.1868 2 5 5
27.0671 35.2168 35.2168 2 5 5
27.0671 35.2468 35.2468 2 5 5
27.0671 35.2768 35.2768 2 5 5
27.0671 35.3068 35.3068 2 5 5
27.0671 35.3368 35.3368 2 5 5
27.0671 35.3668 35.3668 2 5 5
27.0671 35.3968 35.3968 2 5 5
27.0671 35.4268 35.4268 2 5 5
27.0671 35.4568 35.4568 2 5 5
27.0671 35.4868 35.4868 2 5 5
27.0671 35.5168 35.5168 2 5 5
27.0671 35.5468 35.5468 2 5 5
27.0671 35.5768 35.5768 2 5 5
27.0671 35.6068 35.6068 2 5 5
27.0671 35.6368 35.6368 2 5 5
27.0671 35.6668 35.6668 2 5 5
27.0671 35.6968 35.6968 2 5 5
27.0671 35.7268 35.7268 2 5 5
27.0671 35.7568 35.7568 2 5 5
27.0671 35.7868 35.7868 2 5 5
27.0671 35.8168 35.8168 2 5 5
27.0671 35.8468 35.8468 2 5 5
27.0671 35.8768 35.8768 2 5 5
27.0671 35.9068 35.9068 2 5 5
27.0671 35.9368 35.9368 2 5 5
27.0671 35.9668 35.9668 2 5 5
27.0671 35.9968 35.9968 2 5 5
27.0671 36.0268 36.0268 2 5 5
27.0671 36.0568 36.0568 2 5 5
27.0671 36.0868 36.0868 2 5 5
27.0671 36.1168 36.1168 2 5 5
27.0671 36.1468 36.1468 2 5 5
27.0671 36.1768 36.1768 2 5 5
27.0671 36.2068 36.2068 2 5 5
27.0671 36.2368 36.2368 2 5 5
27.0671 36.2668 36.2668 2 5 5
27.0671 36.2968 36.2968 2 5 5
27.0671 36.3268 36.3268 2 5 5
27.0671 36.3568 36.3568 2 5 5
27.0671 36.3868 36.3868 2 5 5
27.0671 36.4168 36.4168 2 5 5
27.0671 36.4468 36.4468 2 5 5
27.0671 36.4768 36.4768 2 5 5
27.0671 36.5068 36.5068 2 5 5
27.0671 36.5368 36.5368 2 5 5
27.0671 36.5668 36.5668 2 5 5
27.0671 36.5968 36.5968 2 5 5
27.0671 36.6268 36.6268 2 5 5
27.0671 36.6568 36.6568 2 5 5
27.0671 36.6868 36.6868 2 5 5
27.0671 36.7168 36.7168 2 5 5
27.0671 36.7468 36.7468 2 5 5
27.0671 36.7768 36.7768 2 5 5
27.0671 36.8068 36.8068 2 5 5
27.0671 36.8368 36.8368 2 5 5
27.0671 36.8668 36.8668 2 5 5
27.0671 36.8968 36.8968 2 5 5
27.0671 36.9268 36.9268 2 5 5
27.0671 36.9568 36.9568 2 5 5
27.0671 36.9868 36.9868 2 5 5
27.0671 37.0168 37.0168 2 5 5
27.0671 37.0468 37.0468 2 5 5
27.0671 37.0768 37.0768 2 5 5
27.0671 37.1068 37.1068 2 5 5
27.0671 37.1368 37.1368 2 5 5
27.0671 37.1668 37.1668 2 5 5
27.0671 37.1968 37.1968 2 5 5
27.0671 37.2268 37.2268 2 5 5
27.0671 37.2568 37.2568 2 5 5
27.0671 37.2868 37.2868 2 5 5
27.0671 37.3168 37.3168 2 5 5
27.0671 37.3468 37.3468 2 5 5
27.0671 37.3768 37.3768 2 5 5
27.0671 37.4068 37.4068 2 5 5
27.0671 37.4368 37.4368 2 5 5
27.0671 37.4668 37.4668 2 5 5
27.0671 37.4968 37.4968 2 5 5
27.0671 37.5268 37.5268 2 5 5
27.0671 37.5568 37.5568 2 5 5
27.0671 37.5868 37.5868 2 5 5
27.0671 37.6168 37.6168 2 5 5
27.0671 37.6468 37.6468 2 5 5
27.0671 37.6768 37.6768 2 5 5
27.0671 37.7068 37.7068 2 5 5
27.0671 37.7368 37.7368 2 5 5
27.0671 37.7668 37.7668 2 5 5
27.0671 37.7968 37.7968 2 5 5
27.0671 37.8268 37.8268 2 5 5
27.0671 37.8568 37.8568 2 5 5
27.0671 37.8868 37.8868 2 5 5
27.0671 37.9168 37.9168 2 5 5
27.0671 37.9468 37.9468 2 5 5
27.0671 37.9768 37.9768 2 5 5
27.0671 38.0068 38.0068 2 5 5
27.0671 38.0368 38.0368 2 5 5
27.0671 38.0668 38.0668 2 5 5
27.0671 38.0968 38.0968 2 5 5
27.0671 38.1268 38.1268 2 5 5
27.0671 38.1568 38.1568 2 5 5
27.0671 38.1868 38.1868 2 5 5
27.0671 38.2168 38.2168 2 5 5
27.0671 38.2468 38.2468 2 5 5
27.0671 38.2768 38.2768 2 5 5
27.0671 38.3068 38.3068 2 5 5
27.0671 38.3368 38.3368 2 5 5
27.0671 38.3668 38.3668 2 5 5
27.0671 38.3968 38.3968 2 5 5
27.0671 38.4268 38.4268 2 5 5
27.0671 38.4568 38.4568 2 5 5
27.0671 38.4868 38.4868 2 5 5
27.0671 38.5168 38.5168 2 5 5
27.0671 38.5468 38.5468 2 5 5
27.0671 38.5768 38.5768 2 5 5
27.0671 38.6068 38.6068 2 5 5
27.0671 38.6368 38.6368 2 5 5
27.0671 38.6668 38.6668 2 5 5
27.0671 38.6968 38.6968 2 5 5
27.0671 38.7268 38.7268 2 5 5
27.0671 38.7568 38.7568 2 5 5
27.0671 38.7868 38.7868 2 5 5
27.0671 38.8168 38.8168 2 5 5
27.0671 38.8468 38.8468 2 5 5
27.0671 38.8768 38.8768 2 5 5
27.0671 38.9068 38.9068 2 5 5
27.0671 38.9368 38.9368 2 5 5
27.0671 38.9668 38.9668 2 5 5
27.0671 38.9968 38.9968 2 5 5
27.0671 39.0268 39.0268 2 5 5
27.0671 39.0568 39.0568 2 5 5
27.0671 39.0868 39.0868 2 5 5
27.0671 39.1168 39.1168 2 5 5
27.0671 39.1468 39.1468 2 5 5
27.0671 39.1768 39.1768 2 5 5
27.0671 39.2068 39.2068 2 5 5
27.0671 39.2368 39.2368 2 5 5
27.0671 39.2668 39.2668 2 5 5
27.0671 39.2968 39.2968 2 5 5
27.0671 39.3268 39.3268 2 5 5
27.0671 39.3568 39.3568 2 5 5
27.0671 39.3868 39.3868 2 5 5
27.0671 39.4168 39.4168 2 5 5
27.0671 39.4468 39.4468 2 5 5
27.0671 39.4768 39.4768 2 5 5
27.0671 39.5068 39.5068 2 5 5
27.0671 39.5368 39.5368 2 5 5
27.0671 39.5668 39.5668 2 5 5
27.0671 39.5968 39.5968 2 5 5
27.0671 39.6268 39.6268 2 5 5
27.0671 39.6568 39.6568 2 5 5
27.0671 39.6868 39.6868 2 5 5
27.0671 39.7168 39.7168 2 5 5
27.0671 39.7468 39.7468 2 5 5
27.0671 39.7768 39.7768 2 5 5
27.0671 39.8068 39.8068 2 5 5
27.0671 39.8368 39.8368 2 5 5
27.0671 39.8668 39.8668 2 5 5
27.0671 39.8968 39.8968 2 5 5
27.0671 39.9268 39.9268 2 5 5
27.0671 39.9568 39.9568 2 5 5
27.0671 39.9868 39.9868 2 5 5
27.0671 40.0168 40.0168 2 5 5
27.0671 40.0468 40.0468 2 5 5
27.0671 40.0768 40.0768 2 5 5
27.0671 40.1068 40.1068 2 5 5
27.0671 40.1368 40.1368 2 5 5
27.0671 40.1668 40.1668 2 5 5
27.0671 40.1968 40.1968 2 5 5
27.0671 40.2268 40.2268 2 5 5
27.0671 40.2568 40.2568 2 5 5
27.0671 40.2868 40.2868 2 5 5
27.0671 40.3168 40.3168 2 5 5
27.0671 40.3468 40.3468 2 5 5
27.0671 40.3768 40.3768 2 5 5
27.0671 40.4068 40.4068 2 5 5
27.0671 40.4368 40.4368 2 5 5
27.0671 40.4668 40.4668 2 5 5
27.0671 40.4968 40.4968 2 5 5
27.0671 40.5268 40.5268 2 5 5
27.0671 40.5568 40.5568 2 5 5
27.0671 40.5868 40.5868 2 5 5
27.0671 40.6168 40.6168 2 5 5
27.0671 40.6468 40.6468 2 5 5
27.0671 40.6768 40.6768 2 5 5
27.0671 40.7068 40.7068 2 5 5
27.0671 40.7368 40.7368 2 5 5
27.0671 40.7668 40.7668 2 5 5
27.0671 40.7968 40.7968 2 5 5
27.0671 40.8268 40.8268 2 5 5
27.0671 40.8568 40.8568 2 5 5
27.0671 40.8868 40.8868 2 5 5
27.0671 40.9168 40.9168 2 5 5
27.0671 40.9468 40.9468 2 5 5
27.0671 40.9768 40.9768 2 5 5
27.0671 41.0068 41.0068 2 5 5
27.0671 41.0368 41.0368 2 5 5
27.0671 41.0668 41.0668 2 5 5
27.0671 41.0968 41.0968 2 5 5
27.0671 41.1268 41.1268 2 5 5
27.0671 41.1568 41.1568 2 5 5
27.0671 41.1868 41.1868 2 5 5
27.0671 41.2168 41.2168 2 5 5
27.0671 41.2468 41.2468 2 5 5
27.0671 41.2768 41.2768 2 5 5
27.0671 41.3068 41.3068 2 5 5
27.0671 41.3368 41.3368 2 5 5
27.0671 41.3668 41.3668 2 5 5
27.0671 41.3968 41.3968 2 5 5
27.0671 41.4268 41.4268 2 5 5
27.0671 41.4568 41.4568 2 5 5
27.0671 41.4868 41.4868 2 5 5
27.0671 41.5168 41.5168 2 5 5
27.0671 41.5468 41.5468 2 5 5
27.0671 41.5768 41.5768 2 5 5
27.0671 41.6068 41.6068 2 5 5
27.0671 41.6368 41.6368 2 5 5
27.0671 41.6668 41.6668 2 5 5
27.0671 41.6968 41.6968 2 5 5
27.0671 41.7268 41.7268 2 5 5
27.0671 41.7568 41.7568 2 5 5
27.0671 41.7868 41.7868 2 5 5
27.0671 41.8168 41.8168 2 5 5
27.0671 41.8468 41.8468 2 5 5
27.0671 41.8768 41.8768 2 5 5
27.0671 41.9068 41.9068 2 5 5
27.0671 41.9368 41.9368 2 5 5
27.0671 41.9668 41.9668 2 5 5
27.0671 41.9968 41.9968 2 5 5
27.0671 42.0268 42.0268 2 5 5
27.0671 42.0568 42.0568 2 5 5
27.0671 42.0868 42.0868 2 5 5
27.0671 42.1168 42.1168 2 5 5
27.0671 42.1468 42.1468 2 5 5
27.0671 42.1768 42.1768 2 5 5
27.0671 42.2068 42.2068 2 5 5
27.0671 42.2368 42.2368 2 5 5
27.0671 42.2668 42.2668 2 5 5
27.0671 42.2968 42.2968 2 5 5
27.0671 42.3268 42.3268 2 5 5
27.0671 42.3568 42.3568 2 5 5
27.0671 42.3868 42.3868 2 5 5
27.0671 42.4168 42.4168 2 5 5
27.0671 42.4468 42.4468 2 5 5
27.0671 42.4768 42.4768 2 5 5
27.0671 42.5068 42.5068 2 5 5
27.0671 42.5368 42.5368 2 5 5
27.0671 42.5668 42.5668 2 5 5
27.0671 42.5968 42.5968 2 5 5
27.0671 42.6268 42.6268 2 5 5
27.0671 42.6568 42.6568 2 5 5
27.0671 42.6868 42.6868 2 5 5
27.0671 42.7168 42.7168 2 5 5
27.0671 42.7468 42.7468 2 5 5
27.0671 42.7768 42.7768 2 5 5
27.0671 42.8068 42.8068 2 5 5
27.0671 42.8368 42.8368 2 5 5
27.0671 42.8668 42.8668 2 5 5
27.0671 42.8968 42.8968 2 5 5
27.0671 42.9268 42.9268 2 5 5
27.0671 42.9568 42.9568 2 5 5
27.0671 42.9868 42.9868 2 5 5
27.0671 43.0168 43.0168 2 5 5
27.0671 43.0468 43.0468 2 5 5
27.0671 43.0768 43.0768 2 5 5
27.0671 43.1068 43.1068 2 5 5
27.0671 43.1368 43.1368 2 5 5
27.0671 43.1668 43.1668 2 5 5
27.0671 43.1968 43.1968 2 5 5
27.0671 43.2268 43.2268 2 5 5
27.0671 43.2568 43.2568 2 5 5
27.0671 43.2868 43.2868 2 5 5
27.0671 43.3168 43.3168 2 5 5
27.0671 43.3468 43.3468 2 5 5
27.0671 43.3768 43.3768 2 5 5
27.0671 43.4068 43.4068 2 5 5
27.0671 43.4368 43.4368 2 5 5
27.0671 43.4668 43.4668 2 5 5
27.0671 43.4968 43.4968 2 5 5
27.0671 43.5268 43.5268 2 5 5
27.0671 43.5568 43.5568 2 5 5
27.0671 43.5868 43.5868 2 5 5
27.0671 43.6168 43.6168 2 5 5
27.0671 43.6468 43.6468 2 5 5
27.0671 43.6768 43.6768 2 5 5
27.0671 43.7068 43.7068 2 5 5
27.0671 43.7368 43.7368 2 5 5
27.0671 43.7668 43.7668 2 5 5
27.0671 43.7968 43.7968 2 5 5
27.0671 43.8268 43.8268 2 5 5
27.0671 43.8568 43.8568 2 5 5
27.0671 43.8868 43.8868 2 5 5
27.0671 43.9168 43.9168 2 5 5
27.0671 43.9468 43.9468 2 5 5
27.0671 43.9768 43.9768 2 5 5
27.0671 44.0068 44.0068 2 5 5
27.0671 44.0368 44.0368 2 5 5
27.0671 44.0668 44.0668 2 5 5
27.0671 44.0968 44.0968 2 5 5
27.0671 44.1268 44.1268 2 5 5
27.0671 44.1568 44.1568 2 5 5
27.0671 44.1868 44.1868 2 5 5
27.0671 44.2168 44.2168 2 5 5
27.0671 44.2468 44.2468 2 5 5
27.0671 44.2768 44.2768 2 5 5
27.0671 44.3068 44.3068 2 5 5
27.0671 44.3368 44.3368 2 5 5
27.0671 44.3668 44.3668 2 5 5
27.0671 44.3968 44.3968 2 5 5
27.0671 44.4268 44.4268 2 5 5
27.0671 44.4568 44.4568 2 5 5
27.0671 44.4868 44.4868 2 5 5
27.0671 44.5168 44.5168 2 5 5
27.0671 44.5468 44.5468 2 5 5
27.0671 44.5768 44.5768 2 5 5
27.0671 44.6068 44.6068 2 5 5
27.0671 44.6368 44.6368 2 5 5
27.0671 44.6668 44.6668 2 5 5
27.0671 44.6968 44.6968 2 5 5
27.0671 44.7268 44.7268 2 5 5
27.0671 44.7568 44.7568 2 5 5
27.0671 44.7868 44.7868 2 5 5
27.0671 44.8168 44.8168 2 5 5
27.0671 44.8468 44.8468 2 5 5
27.0671 44.8768 44.8768 2 5 5
27.0671 44.9068 44.9068 2 5 5
27.0671 44.9368 44.9368 2 5 5
27.0671 44.9668 44.9668 2 5 5
27.0671 44.9968 44.9968 2 5 5
27.0671 45.0268 45.0268 2 5 5
27.0671 45.0568 45.0568 2 5 5
27.0671 45.0868 45.0868 2 5 5
27.0671 45.1168 45.1168 2 5 5
27.0671 45.1468 45.1468 2 5 5
27.0671 45.1768 45.1768 2 5 5
27.0671 45.2068 45.2068 2 5 5
27.0671 45.2368 45.2368 2 5 5
27.0671 45.2668 45.2668 2 5 5
27.0671 45.2968 45.2968 2 5 5
27.0671 45.3268 45.3268 2 5 5
27.0671 45.3568 45.3568 2 5 5
27.0671 45.3868 45.3868 2 5 5
27.0671 45.4168 45.4168 2 5 5
27.0671 45.4468 45.4468 2 5 5
27.0671 45.4768 45.4768 2 5 5
27.0671 45.5068 45.5068 2 5 5
27.0671 45.5368 45.5368 2 5 5
27.0671 45.5668 45.5668 2 5 5
27.0671 45.5968 45.5968 2 5 5
27.0671 45.6268 45.6268 2 5 5
27.0671 45.6568 45.6568 2 5 5
27.0671 45.6868 45.6868 2 5 5
27.0671 45.7168 45.7168 2 5 5
27.0671 45.7468 45.7468 2 5 5
27.0671 45.7768 45.7768 2 5 5
27.0671 45.8068 45.8068 2 5 5
27.0671 45.8368 45.8368 2 5 5
27.0671 45.8668 45.8668 2 5 5
27.0671 45.8968 45.8968 2 5 5
27.0671 45.9268 45.9268 2 5 5
27.0671 45.9568 45.9568 2 5 5
27.0671 45.9868 45.9868 2 5 5
27.0671 46.0168 46.0168 2 5 5
27.0671 46.0468 46.0468 2 5 5
27.0671 46.0768 46.0768 2 5 5
27.0671 46.1068 46.1068 2 5 5
27.0671 46.1368 46.1368 2 5 5
27.0671 46.1668 46.1668 2 5 5
27.0671 46.1968 46.1968 2 5 5
27.0671 46.2268 46.2268 2 5 5
27.0671 46.2568 46.2568 2 5 5
27.0671 46.2868 46.2868 2 5 5
27.0671 46.3168 46.3168 2 5 5
27.0671 46.3468 46.3468 2 5 5
27.0671 46.3768 46.3768 2 5 5
27.0671 46.4068 46.4068 2 5 5
27.0671 46.4368 46.4368 2 5 5
27.0671 46.4668 46.4668 2 5 5
27.0671 46.4968 46.4968 2 5 5
27.0671 46.5268 46.5268 2 5 5
27.0671 46.5568 46.5568 2 5 5
27.0671 46.5868 46.5868 2 5 5
27.0671 46.6168 46.6168 2 5 5
27.0671 46.6468 46.6468 2 5 5
27.0671 46.6768 46.6768 2 5 5
27.0671 46.7068 46.7068 2 5 5
27.0671 46.7368 46.7368 2 5 5
27.0671 46.7668 46.7668 2 5 5
27.0671 46.7968 46.7968 2 5 5
27.0671 46.8268 46.8268 2 5 5
27.0671 46.8568 46.8568 2 5 5
27.0671 46.8868 46.8868 2 5 5
27.0671 46.9168 46.9168 2 5 5
27.0671 46.9468 46.9468 2 5 5
27.0671 46.9768 46.9768 2 5 5
27.0671 47.0068 47.0068 2 5 5
27.0671 47.0368 47.0368 2 5 5
27.0671 47.0668 47.0668 2 5 5
27.0671 47.0968 47.0968 2 5 5
27.0671 47.1268 47.1268 2 5 5
27.0671 47.1568 47.1568 2 5 5
27.0671 47.1868 47.1868 2 5 5
27.0671 47.2168 47.2168 2 5 5
27.0671 47.2468 47.2468 2 5 5
27.0671 47.2768 47.2768 2 5 5
27.0671 47.3068 47.3068 2 5 5
27.0671 47.3368 47.3368 2 5 5
27.0671 47.3668 47.3668 2 5 5
27.0671 47.3968 47.3968 2 5 5
27.0671 47.4268 47.4268 2 5 5
27.0671 47.4568 47.4568 2 5 5
27.0671 47.4868 47.4868 2 5 5
27.0671 47.5168 47.5168 2 5 5
27.0671 47.5468 47.5468 2 5 5
27.0671 47.5768 47.5768 2 5 5
27.0671 47.6068 47.6068 2 5 5
27.0671 47.6368 47.6368 2 5 5
27.0671 47.6668 47.6668 2 5 5
27.0671 47.6968 47.6968 2 5 5
27.0671 47.7268 47.7268 2 5 5
27.0671 47.7568 47.7568 2 5 5
27.0671 47.7868 47.7868 2 5 5
27.0671 47.8168 47.8168 2 5 5
27.0671 47.8468 47.8468 2 5 5
27.0671 47.8768 47.8768 2 5 5
27.0671 47.9068 47.9068 2 5 5
27.0671 47.9368 47.9368 2 5 5
27.0671 47.9668 47.9668 2 5 5
27.0671 47.9968 47.9968 2 5 5
27.0671 48.0268 48.0268 2 5 5
27.0671 48.0568 48.0568 2 5 5
27.0671 48.0868 48.0868 2 5 5
27.0671 48.1168 48.1168 2 5 5
27.0671 48.1468 48.1468 2 5 5
27.0671 48.1768 48.1768 2 5 5
27.0671 48.2068 48.2068 2 5 5
27.0671 48.2368 48.2368 2 5 5
27.0671 48.2668 48.2668 2 5 5
27.0671 48.2968 48.2968 2 5 5
27.0671 48.3268 48.3268 2 5 5
27.0671 48.3568 48.3568 2 5 5
27.0671 48.3868 48.3868 2 5 5
27.0671 48.4168 48.4168 2 5 5
27.0671 48.4468 48.4468 2 5 5
27.0671 48.4768 48.4768 2 5 5
27.0671 48.5068 48.5068 2 5 5
27.0671 48.5368 48.5368 2 5 5
27.0671 48.5668 48.5668 2 5 5
27.0671 48.5968 48.5968 2 5 5
27.0671 48.6268 48.6268 2 5 5
27.0671 48.6568 48.6568 2 5 5
27.0671 48.6868 48.6868 2 5 5
27.0671 48.7168 48.7168 2 5 5
27.0671 48.7468 48.7468 2 5 5
27.0671 48.7768 48.7768 2 5 5
27.0671 48.8068 48.8068 2 5 5
27.0671 48.8368 48.8368 2 5 5
27.0671 48.8668 48.8668 2 5 5
27.0671 48.8968 48.8968 2 5 5
27.0671 48.9268 48.9268 2 5 5
27.0671 48.9568 48.9568 2 5 5
27.0671 48.9868 48.9868 2 5 5
27.0671 49.0168 49.0168 2 5 5
27.0671 49.0468 49.0468 2 5 5
27.0671 49.0768 49.0768 2 5 5
27.0671 49.1068 49.1068 2 5 5
27.0671 49.1368 49.1368 2 5 5
27.0671 49.1668 49.1668 2 5 5
27.0671 49.1968 49.1968 2 5 5
27.0671 49.2268 49.2268 2 5 5
27.0671 49.2568 49.2568 2 5 5
27.0671 49.2868 49.2868 2 5 5
27.0671 49.3168 49.3168 2 5 5
27.0671 49.3468 49.3468 2 5 5
27.0671 49.3768 49.3768 2 5 5
27.0671 49.4068 49.4068 2 5 5
27.0671 49.4368 49.4368 2 5 5
27.0671 49.4668 49.4668 2 5 5
27.0671 49.4968 49.4968 2 5 5
27.0671 49.5268 49.5268 2 5 5
27.0671 49.5568 49.5568 2 5 5
27.0671 49.5868 49.5868 2 5 5
27.0671 49.6168 49.6168 2 5 5
27.0671 49.6468 49.6468 2 5 5
27.0671 49.6768 49.6768 2 5 5
27.0671 49.7068 49.7068 2 5 5
27.0671 49.7368 49.7368 2 5 5
27.0671 49.7668 49.7668 2 5 5
27.0671 49.7968 49.7968 2 5 5
27.0671 49.8268 49.8268 2 5 5
27.0671 49.8568 49.8568 2 5 5
27.0671 49.8868 49.8868 2 5 5
27.0671 49.9168 49.9168 2 5 5
27.0671 49.9468 49.9468 2 5 5
27.0671 49.9768 49.9768 2 5 5
27.0671 50.0068 50.0068 2 5 5
27.0671 50.0368 50.0368 2 5 5
27.0671 50.0668 50.0668 2 5 5
27.0671 50.0968 50.0968 2 5 5
27.0671 50.1268 50.1268 2 5 5
27.0671 50.1568 50.1568 2 5 5
27.0671 50.1868 50.1868 2 5 5
27.0671 50.2168 50.2168 2 5 5
27.0671 50.2468 50.2468 2 5 5
27.0671 50.2768 50.2768 2 5 5
27.0671 50.3068 50.3068 2 5 5
27.0671 50.3368 50.3368 2 5 5
27.0671 50.3668 50.3668 2 5 5
27.0671 50.3968 50.3968 2 5 5
27.0671 50.4268 50.4268 2 5 5
27.0671 50.4568 50.4568 2 5 5
27.0671 50.4868 50.4868 2 5 5
27.0671 50.5168 50.5168 2 5 5
27.0671 50.5468 50.5468 2 5 5
27.0671 50.5768 50.5768 2 5 5
27.0671 50.6068 50.6068 2 5 5
27.0671 50.6368 50.6368 2 5 5
27.0671 50.6668 50.6668 2 5 5
27.0671 50.6968 50.6968 2 5 5
27.0671 50.7268 50.7268 2 5 5
27.0671 50.7568 50.7568 2 5 5
27.0671 50.7868 50.7868 2 5 5
27.0671 50.8168 50.8168 2 5 5
27.0671 50.8468 50.8468 2 5 5
27.0671 50.8768 50.8768 2 5 5
27.0671 50.9068 50.9068 2 5 5
27.0671 50.9368 50.9368 2 5 5
27.0671 50.9668 50.9668 2 5 5
27.0671 50.9968 50.9968 2 5 5
27.0671 51.0268 51.0268 2 5 5
27.0671 51.0568 51.0568 2 5 5
27.0671 51.0868 51.0868 2 5 5
27.0671 51.1168 51.1168 2 5 5
27.0671 51.1468 51.1468 2 5 5
27.0671 51.1768 51.1768 2 5 5
27.0671 51.2068 51.2068 2 5 5
27.0671 51.2368 51.2368 2 5 5
27.0671 51.2668 51.2668 2 5 5
27.0671 51.2968 51.2968 2 5 5
27.0671 51.3268 51.3268 2 5 5
27.0671 51.3568 51.3568 2 5 5
27.0671 51.3868 51.3868 2 5 5
27.0671 51.4168 51.4168 2 5 5
27.0671 51.4468 51.4468 2 5 5
27.0671 51.4768 51.4768 2 5 5
27.0671 51.5068 51.5068 2 5 5
27.0671 51.5368 51.5368 2 5 5
27.0671 51.5668 51.5668 2 5 5
27.0671 51.5968 51.5968 2 5 5
27.0671 51.6268 51.6268 2 5 5
27.0671 51.6568 51.6568 2 5 5
27.0671 51.6868 51.6868 2 5 5
27.0671 51.7168 51.7168 2 5 5
27.0671 51.7468 51.7468 2 5 5
27.0671 51.7768 51.7768 2 5 5
27.0671 51.8068 51.8068 2 5 5
27.0671 51.8368 51.8368 2 5 5
27.0671 51.8668 51.8668 2 5 5
27.0671 51.8968 51.8968 2 5 5
27.0671 51.9268 51.9268 2 5 5
27.0671 51.9568 51.9568 2 5 5
27.0671 51.9868 51.9868 2 5 5
27.0671 52.0168 52.0168 2 5 5
27.0671 52.0468 52.0468 2 5 5
27.0671 52.0768 52.0768 2 5 5
27.0671 52.1068 52.1068 2 5 5
27.0671 52.1368 52.1368 2 5 5
27.0671 52.1668 52.1668 2 5 5
27.0671 52.1968 52.1968 2 5 5
27.0671 52.2268 52.2268 2 5 5
27.0671 52.2568 52.2568 2 5 5
27.0671 52.2868 52.2868 2 5 5
27.0671 52.3168 52.3168 2 5 5
27.0671 52.3468 52.3468 2 5 5
27.0671 52.3768 52.3768 2 5 5
27.0671 52.4068 52.4068 2 5 5
27.0671 52.4368 52.4368 2 5 5
27.0671 52.4668 52.4668 2 5 5
27.0671 52.4968 52.4968 2 5 5
27.0671 52.5268 52.5268 2 5 5
27.0671 52.5568 52.5568 2 5 5
27.0671 52.5868 52.5868 2 5 5
27.0671 52.6168 52.6168 2 5 5
27.0671 52.6468 52.6468 2 5 5
27.0671 52.6768 52.6768 2 5 5
27.0671 52.7068 52.7068 2 5 5
27.0671 52.7368 52.7368 2 5 5
27.0671 52.7668 52.7668 2 5 5
27.0671 52.7968 52.7968 2 5 5
27.0671 52.8268 52.8268 2 5 5
27.0671 52.8568 52.8568 2 5 5
27.0671 52.8868 52.8868 2 5 5
27.0671 52.9168 52.9168 2 5 5
27.0671 52.9468 52.9468 2 5 5
27.0671 52.9768 52.9768 2 5 5
27.0671 53.0068 53.0068 2 5 5
27.0671 53.0368 53.0368 2 5 5
27.0671 53.0668 53.0668 2 5 5
27.0671 53.0968 53.0968 2 5 5
27.0671 53.1268 53.1268 2 5 5
27.0671 53.1568 53.1568 2 5 5
27.0671 53.1868 53.1868 2 5 5
27.0671 53.2168 53.2168 2 5 5
27.0671 53.2468 53.2468 2 5 5
27.0671 53.2768 53.2768 2 5 5
27.0671 53.3068 53.3068 2 5 5
27.0671 53.3368 53.3368 2 5 5
27.0671 53.3668 53.3668 2 5 5
27.0671 53.3968 53.3968 2 5 5
27.0671 53.4268 53.4268 2 5 5
27.0671 53.4568 53.4568 2 5 5
27.0671 53.4868 53.4868 2 5 5
27.0671 53.5168 53.5168 2 5 5
27.0671 53.5468 53.5468 2 5 5
27.0671 53.5768 53.5768 2 5 5
27.0671 53.6068 53.6068 2 5 5
27.0671 53.6368 53.6368 2 5 5
27.0671 53.6668 53.6668 2 5 5
27.0671 53.6968 53.6968 2 5 5
27.0671 53.7268 53.7268 2 5 5
27.0671 53.7568 53.7568 2 5 5
27.0671 53.7868 53.7868 2 5 5
27.0671 53.8168 53.8168 2 5 5
27.0671 53.8468 53.8468 2 5 5
27.0671 53.8768 53.8768 2 5 5
27.0671 53.9068 53.9068 2 5 5
27.0671 53.9368 53.9368 2 5 5
27.0671 53.9668 53.9668 2 5 5
27.0671 53.9968 53.9968 2 5 5
27.0671 54.0268 54.0268 2 5 5
27.0671 54.0568 54.0568 2 5 5
27.0671 54.0868 54.0868 2 5 5
27.0671 54.1168 54.1168 2 5 5
27.0671 54.1468 54.1468 2 5 5
27.0671 54.1768 54.1768 2 5 5
27.0671 54.2068 54.2068 2 5 5
27.0671 54.2368 54.2368 2 5 5
27.0671 54.2668 54.2668 2 5 5
27.0671 54.2968 54.2968 2 5 5
27.0671 54.3268 54.3268 2 5 5
27.0671 54.3568 54.3568 2 5 5
27.0671 54.3868 54.3868 2 5 5
27.0671 54.4168 54.4168 2 5 5
27.0671 54.4468 54.4468 2 5 5
27.0671 54.4768 54.4768 2 5 5
27.0671 54.5068 54.5068 2 5 5
27.0671 54.5368 54.5368 2 5 5
27.0671 54.5668 54.5668 2 5 5
27.0671 54.5968 54.5968 2 5 5
27.0671 54.6268 54.6268 2 5 5
27.0671 54.6568 54.6568 2 5 5
27.0671 54.6868 54.6868 2 5 5
27.0671 54.7168 54.7168 2 5 5
27.0671 54.7468 54.7468 2 5 5
27.0671 54.7768 54.7768 2 5 5
27.0671 54.8068 54.8068 2 5 5
27.0671 54.8368 54.8368 2 5 5
27.0671 54.8668 54.8668 2 5 5
27.0671 54.8968 54.8968 2 5 5
27.0671 54.9268 54.9268 2 5 5
27.0671 54.9568 54.9568 2 5 5
27.0671 54.9868 54.9868 2 5 5
27.0671 55.0168 55.0168 2 5 5
27.0671 55.0468 55.0468 2 5 5
27.0671 55.0768 55.0768 2 5 5
27.0671 55.1068 55.1068 2 5 5
27.0671 55.1368 55.1368 2 5 5
27.0671 55.1668 55.1668 2 5 5
27.0671 55.1968 55.1968 2 5 5
27.0671 55.2268 55.2268 2 5 5
27.0671 55.2568 55.2568 2 5 5
27.0671 55.2868 55.2868 2 5 5
27.0671 55.3168 55.3168 2 5 5
27.0671 55.3468 55.3468 2 5 5
27.0671 55.3768 55.3768 2 5 5
27.0671 55.4068 55.4068 2 5 5
27.0671 55.4368 55.4368 2 5 5
27.0671 55.4668 55.4668 2 5 5
27.0671 55.4968 55.4968 2 5 5
27.0671 55.5268 55.5268 2 5 5
27.0671 55.5568 55.5568 2 5 5
27.0671 55.5868 55.5868 2 5 5
27.0671 55.6168 55.6168 2 5 5
27.0671 55.6468 55.6468 2 5 5
27.0671 55.6768 55.6768 2 5 5
27.0671 55.7068 55.7068 2 5 5
27.0671 55.7368 55.7368 2 5 5
27.0671 55.7668 55.7668 2 5 5
27.0671 55.7968 55.7968 2 5 5
27.0671 55.8268 55.8268 2 5 5
27.0671 55.8568 55.8568 2 5 5
27.0671 55.8868 55.8868 2 5 5
27.0671 55.9168 55.9168 2 5 5
27.0671 55.9468 55.9468 2 5 5
27.0671 55.9768 55.9768 2 5 5
27.0671 56.0068 56.0068 2 5 5
27.0671 56.0368 56.0368 2 5 5
27.0671 56.0668 56.0668 2 5 5
27.0671 56.0968 56.0968 2 5 5
27.0671 56.1268 56.1268 2 5 5
27.0671 56.1568 56.1568 2 5 5
27.0671 56.1868 56.1868 2 5 5
27.0671 56.2168 56.2168 2 5 5
27.0671 56.2468 56.2468 2 5 5
27.0671 56.2768 56.2768 2 5 5
27.0671 56.3068 56.3068 2 5 5
27.0671 56.3368 56.3368 2 5 5
27.0671 56.3668 56.3668 2 5 5
27.0671 56.3968 56.3968 2 5 5
27.0671 56.4268 56.4268 2 5 5
27.0671 56.4568 56.4568 2 5 5
27.0671 56.4868 56.4868 2 5 5
27.0671 56.5168 56.5168 2 5 5
27.0671 56.5468 56.5468 2 5 5
27.0671 56.5768 56.5768 2 5 5
27.0671 56.6068 56.6068 2 5 5
27.0671 56.6368 56.6368 2 5 5
27.0671 56.6668 56.6668 2 5 5
27.0671 56.6968 56.6968 2 5 5
27.0671 56.7268 56.7268 2 5 5
27.0671 56.7568 56.7568 2 5 5
27.0671 56.7868 56.7868 2 5 5
27.0671 56.8168 56.8168 2 5 5
27.0671 56.8468 56.8468 2 5 5
27.0671 56.8768 56.8768 2 5 5
27.0671 56.9068 56.9068 2 5 5
27.0671 56.9368 56.9368 2 5 5
27.0671 56.9668 56.9668 2 5 5
27.0671 56.9968 56.9968 2 5 5
27.0671 57.0268 57.0268 2 5 5
27.0671 57.0568 57.0568 2 5 5
27.0671 57.0868 57.0868 2 5 5
27.0671 57.1168 57.1168 2 5 5
27.0671 57.1468 57.1468 2 5 5
27.0671 57.1768 57.1768 2 5 5
27.0671 57.2068 57.2068 2 5 5
27.0671 57.2368 57.2368 2 5 5
27.0671 57.2668 57.2668 2 5 5
27.0671 57.2968 57.2968 2 5 5
27.0671 57.3268 57.3268 2 5 5
27.0671 57.3568 57.3568 2 5 5
27.0671 57.3868 57.3868 2 5 5
27.0671 57.4168 57.4168 2 5 5
27.0671 57.4468 57.4468 2 5 5
27.0671 57.4768 57.4768 2 5 5
27.0671 57.5068 57.5068 2 5 5
27.0671 57.5368 57.5368 2 5 5
27.0671 57.5668 57.5668 2 5 5
27.0671 57.5968 57.5968 2 5 5
27.0671 57.6268 57.6268 2 5 5
27.0671 57.6568 57.6568 2 5 5
27.0671 57.6868 57.6868 2 5 5
27.0671 57.7168 57.7168 2 5 5
27.0671 57.7468 57.7468 2 5 5
27.0671 57.7768 57.7768 2 5 5
27.0671 57.8068 57.8068 2 5 5
27.0671 57.8368 57.8368 2 5 5
27.0671 57.8668 57.8668 2 5 5
27.0671 57.8968 57.8968 2 5 5
27.0671 57.9268 57.9268 2 5 5
27.0671 57.9568 57.9568 2 5 5
27.0671 57.9868 57.9868 2 5 5
27.0671 58.0168 58.0168 2 5 5
27.0671 58.0468 58.0468 2 5 5
27.0671 58.0768 58.0768 2 5 5
27.0671 58.1068 58.1068 2 5 5
27.0671 58.1368 58.1368 2 5 5
27.0671 58.1668 58.1668 2 5 5
27.0671 58.1968 58.1968 2 5 5
27.0671 58.2268 58.2268 2 5 5
27.0671 58.2568 58.2568 2 5 5
27.0671 58.2868 58.2868 2 5 5
27.0671 58.3168 58.3168 2 5 5
27.0671 58.3468 58.3468 2 5 5
27.0671 58.3768 58.3768 2 5 5
27.0671 58.4068 58.4068 2 5 5
27.0671 58.4368 58.4368 2 5 5
27.0671 58.4668 58.4668 2 5 5
27.0671 58.4968 58.4968 2 5 5
27.0671 58.5268 58.5268 2 5 5
27.0671 58.5568 58.5568 2 5 5
27.0671 58.5868 58.5868 2 5 5
27.0671 58.6168 58.6168 2 5 5
27.0671 58.6468 58.6468 2 5 5
27.0671 58.6768 58.6768 2 5 5
27.0671 58.7068 58.7068 2 5 5
27.0671 58.7368 58.7368 2 5 5
27.0671 58.7668 58.7668 2 5 5
27.0671 58.7968 58.7968 2 5 5
27.0671 58.8268 58.8268 2 5 5
27.0671 58.8568 58.8568 2 5 5
27.0671 58.8868 58.8868 2 5 5
27.0671 58.9168 58.9168 2 5 5
27.0671 58.9468 58.9468 2 5 5
27.0671 58.9768 58.9768 2 5 5
27.0671 59.0068 59.0068 2 5 5
27.0671 59.0368 59.0368 2 5 5
27.0671 59.0668 59.0668 2 5 5
27.0671 59.0968 59.0968 2 5 5
27.0671 59.1268 59.1268 2 5 5
27.0671 59.1568 59.1568 2 5 5
27.0671 59.1868 59.1868 2 5 5
27.0671 59.2168 59.2168 2 5 5
27.0671 59.2468 59.2468 2 5 5
27.0671 59.2768 59.2768 2 5 5
27.0671 59.3068 59.3068 2 5 5
27.0671 59.3368 59.3368 2 5 5
27.0671 59.3668 59.3668 2 5 5
27.0671 59.3968 59.3968 2 5 5
27.0671 59.4268 59.4268 2 5 5
27.0671 59.4568 59.4568 2 5 5
27.0671 59.4868 59.4868 2 5 5
27.0671 59.5168 59.5168 2 5 5
27.0671 59.5468 59.5468 2 5 5
27.0671 59.5768 59.5768 2 5 5
27.0671 59.6068 59.6068 2 5 5
27.0671 59.6368 59.6368 2 5 5
27.0671 59.6668 59.6668 2 5 5
27.0671 59.6968 59.6968 2 5 5
27.0671 59.7268 59.7268 2 5 5
27.0671 59.7568 59.7568 2 5 5
27.0671 59.7868 59.7868 2 5 5
27.0671 59.8168 59.8168 2 5 5
27.0671 59.8468 59.8468 2 5 5
27.0671 59.8768 59.8768 2 5 5
27.0671 59.9068 59.9068 2 5 5
27.0671 59.9368 59.9368 2 5 5
27.0671 59.9668 59.9668 2 5 5
27.0671 59.9968 59.9968 2 5 5
27.0671 60.0268 60.0268 2 5 5
27.0671 60.0568 60.0568 2 5 5
27.0671 60.0868 60.0868 2 5 5
27.0671 60.1168 60.1168 2 5 5
27.0671 60.1468 60.1468 2 5 5
27.0671 60.1768 60.1768 2 5 5
27.0671 60.2068 60.2068 2 5 5
27.0671 60.2368 60.2368 2 5 5
27.0671 60.2668 60.2668 2 5 5
27.0671 60.2968 60.2968 2 5 5
27.0671 60.3268 60.3268 2 5 5
27.0671 60.3568 60.3568 2 5 5
27.0671 60.3868 60.3868 2 5 5
27.0671 60.4168 60.4168 2 5 5
27.0671 60.4468 60.4468 2 5 5
27.0671 60.4768 60.4768 2 5 5
