10.0859 0.1 0.1 2 20 5
10.0859 0.14 0.14 2 20 5
10.0859 0.169998 0.169998 2 20 5
10.0859 0.219999 0.219999 2 20 5
10.0859 0.269999 0.269999 2 20 5
10.0859 0.319999 0.319999 2 20 5
10.0859 0.369999 0.369999 2 20 5
10.0859 0.419999 0.419999 2 20 5
10.0859 0.469999 0.469999 2 20 5
10.0859 0.519999 0.519999 2 20 5
10.0859 0.569999 0.569999 2 20 5
10.0859 0.619999 0.619999 2 20 5
10.0859 0.669999 0.669999 2 20 5
10.0859 0.719999 0.719999 2 20 5
10.0859 0.769999 0.769999 2 20 5
10.0859 0.819999 0.819999 2 20 5
10.0859 0.869999 0.869999 2 20 5
10.0859 0.919999 0.919999 2 20 5
10.0859 0.969999 0.969999 2 20 5
10.0859 1.02 1.02 2 20 5
10.0859 1.07 1.07 2 20 5
10.0859 1.12 1.12 2 20 5
10.0859 1.17 1.17 2 20 5
10.0859 1.22 1.22 2 20 5
10.0859 1.27 1.27 2 20 5
10.0859 1.32 1.32 2 20 5
10.0859 1.37 1.37 2 20 5
10.0859 1.42 1.42 2 20 5
10.0859 1.47 1.47 2 20 5
10.0859 1.52 1.52 2 20 5
10.0859 1.57 1.57 2 20 5
10.0859 1.62 1.62 2 20 5
10.0859 1.67 1.67 2 20 5
10.0859 1.72 1.72 2 20 5
10.0859 1.77 1.77 2 20 5
10.0859 1.82 1.82 2 20 5
10.0859 1.87 1.87 2 20 5
10.0859 1.92 1.92 2 20 5
10.0859 1.97 1.97 2 20 5
10.0859 2.02 2.02 2 20 5
10.0859 2.07 2.07 2 20 5
10.0859 2.12 2.12 2 20 5
10.0859 2.17 2.17 2 20 5
10.0859 2.22 2.22 2 20 5
10.0859 2.27 2.27 2 20 5
10.0859 2.32 2.32 2 20 5
10.0859 2.37 2.37 2 20 5
10.0859 2.42 2.42 2 20 5
10.0859 2.47 2.47 2 20 5
10.0859 2.52 2.52 2 20 5
10.0859 2.57 2.57 2 20 5
10.0859 2.62 2.62 2 20 5
10.0859 2.67 2.67 2 20 5
10.0859 2.72 2.72 2 20 5
10.0859 2.77 2.77 2 20 5
10.0859 2.82 2.82 2 20 5
10.0859 2.87 2.87 2 20 5
10.0859 2.92 2.92 2 20 5
10.0859 2.97 2.97 2 20 5
10.0859 3.02 3.02 2 20 5
10.0859 3.07 3.07 2 20 5
10.0859 3.12 3.12 2 20 5
10.0859 3.17 3.17 2 20 5
10.0859 3.22 3.22 2 20 5
10.0859 3.27 3.27 2 20 5
10.0859 3.32 3.32 2 20 5
10.0859 3.37 3.37 2 20 5
10.0859 3.42 3.42 2 20 5
10.0859 3.47 3.47 2 20 5
10.0859 3.52 3.52 2 20 5
10.0859 3.57 3.57 2 20 5
10.0859 3.62 3.62 2 20 5
10.0859 3.67 3.67 2 20 5
10.0859 3.72 3.72 2 20 5
10.0859 3.77 3.77 2 20 5
10.0859 3.82 3.82 2 20 5
10.0859 3.87 3.87 2 20 5
10.0859 3.92 3.92 2 20 5
10.0859 3.97 3.97 2 20 5
10.0859 4.02 4.02 2 20 5
10.0859 4.07 4.07 2 20 5
10.0859 4.12 4.12 2 20 5
10.0859 4.17 4.17 2 20 5
10.0859 4.22 4.22 2 20 5
10.0859 4.27 4.27 2 20 5
10.0859 4.32 4.32 2 20 5
10.0859 4.37 4.37 2 20 5
10.0859 4.42 4.42 2 20 5
10.0859 4.47 4.47 2 20 5
10.0859 4.52 4.52 2 20 5
10.0859 4.57 4.57 2 20 5
10.0859 4.62 4.62 2 20 5
10.0859 4.67 4.67 2 20 5
10.0859 4.72 4.72 2 20 5
10.0859 4.77 4.77 2 20 5
10.0859 4.82 4.82 2 20 5
10.0859 4.87 4.87 2 20 5
10.0859 4.92 4.92 2 20 5
10.0859 4.97 4.97 2 20 5
10.0859 5.02 5.02 2 20 5
10.0859 5.07 5.07 2 20 5
10.0859 5.12 5.12 2 20 5
10.0859 5.17 5.17 2 20 5
10.0859 5.22 5.22 2 20 5
10.0859 5.27 5.27 2 20 5
10.0859 5.32 5.32 2 20 5
10.0859 5.37 5.37 2 20 5
10.0859 5.42 5.42 2 20 5
10.0859 5.47 5.47 2 20 5
10.0859 5.52 5.52 2 20 5
10.0859 5.57 5.57 2 20 5
10.0859 5.62 5.62 2 20 5
10.0859 5.67 5.67 2 20 5
10.0859 5.72 5.72 2 20 5
10.0859 5.77 5.77 2 20 5
10.0859 5.82 5.82 2 20 5
10.0859 5.87 5.87 2 20 5
10.0859 5.92 5.92 2 20 5
10.0859 5.97 5.97 2 20 5
10.0859 6.02 6.02 2 20 5
10.0859 6.07 6.07 2 20 5
10.0859 6.12 6.12 2 20 5
10.0859 6.17 6.17 2 20 5
10.0859 6.22 6.22 2 20 5
10.0859 6.27 6.27 2 20 5
10.0859 6.32 6.32 2 20 5
10.0859 6.37 6.37 2 20 5
10.0859 6.42 6.42 2 20 5
10.0859 6.47 6.47 2 20 5
10.0859 6.52 6.52 2 20 5
10.0859 6.57 6.57 2 20 5
10.0859 6.62 6.62 2 20 5
10.0859 6.67 6.67 2 20 5
10.0859 6.72 6.72 2 20 5
10.0859 6.77 6.77 2 20 5
10.0859 6.82 6.82 2 20 5
10.0859 6.87 6.87 2 20 5
10.0859 6.92 6.92 2 20 5
10.0859 6.97 6.97 2 20 5
10.0859 7.02 7.02 2 20 5
10.0859 7.07 7.07 2 20 5
10.0859 7.12 7.12 2 20 5
10.0859 7.17 7.17 2 20 5
10.0859 7.22 7.22 2 20 5
10.0859 7.27 7.27 2 20 5
10.0859 7.32 7.32 2 20 5
10.0859 7.37 7.37 2 20 5
10.0859 7.42 7.42 2 20 5
10.0859 7.47 7.47 2 20 5
10.0859 7.52 7.52 2 20 5
10.0859 7.57 7.57 2 20 5
10.0859 7.62 7.62 2 20 5
10.0859 7.67 7.67 2 20 5
10.0859 7.72 7.72 2 20 5
10.0859 7.77 7.77 2 20 5
10.0859 7.82 7.82 2 20 5
10.0859 7.87 7.87 2 20 5
10.0859 7.92 7.92 2 20 5
10.0859 7.97 7.97 2 20 5
10.0859 8.02 8.02 2 20 5
10.0859 8.07 8.07 2 20 5
10.0859 8.12 8.12 2 20 5
10.0859 8.17 8.17 2 20 5
10.0859 8.22 8.22 2 20 5
10.0859 8.27 8.27 2 20 5
10.0859 8.32 8.32 2 20 5
10.0859 8.37 8.37 2 20 5
10.0859 8.42 8.42 2 20 5
10.0859 8.47 8.47 2 20 5
10.0859 8.52 8.52 2 20 5
10.0859 8.57 8.57 2 20 5
10.0859 8.62 8.62 2 20 5
10.0859 8.67 8.67 2 20 5
10.0859 8.72 8.72 2 20 5
10.0859 8.77 8.77 2 20 5
10.0859 8.82 8.82 2 20 5
10.0859 8.87 8.87 2 20 5
10.0859 8.92 8.92 2 20 5
10.0859 8.97 8.97 2 20 5
10.0859 9.02 9.02 2 20 5
10.0859 9.07 9.07 2 20 5
10.0859 9.12 9.12 2 20 5
10.0859 9.17 9.17 2 20 5
10.0859 9.22 9.22 2 20 5
10.0859 9.27 9.27 2 20 5
10.0859 9.32 9.32 2 20 5
10.0859 9.37 9.37 2 20 5
10.0859 9.42 9.42 2 20 5
10.0859 9.47 9.47 2 20 5
10.0859 9.52 9.52 2 20 5
10.0859 9.57 9.57 2 20 5
10.0859 9.62 9.62 2 20 5
10.0859 9.67 9.67 2 20 5
10.0859 9.72 9.72 2 20 5
10.0859 9.77 9.77 2 20 5
10.0859 9.82 9.82 2 20 5
10.0859 9.87 9.87 2 20 5
10.0859 9.92 9.92 2 20 5
10.0859 9.97 9.97 2 20 5
10.0859 10.02 10.02 2 20 5
10.0859 10.07 10.07 2 20 5
10.0859 10.12 10.12 2 20 5
10.0859 10.17 10.17 2 20 5
10.0859 10.22 10.22 2 20 5
10.0859 10.27 10.27 2 20 5
10.0859 10.32 10.32 2 20 5
10.0859 10.37 10.37 2 20 5
10.0859 10.42 10.42 2 20 5
10.0859 10.47 10.47 2 20 5
10.0859 10.52 10.52 2 20 5
10.0859 10.57 10.57 2 20 5
10.0859 10.62 10.62 2 20 5
10.0859 10.67 10.67 2 20 5
10.0859 10.72 10.72 2 20 5
10.0859 10.77 10.77 2 20 5
10.0859 10.82 10.82 2 20 5
10.0859 10.87 10.87 2 20 5
10.0859 10.92 10.92 2 20 5
10.0859 10.97 10.97 2 20 5
10.0859 11.02 11.02 2 20 5
10.0859 11.07 11.07 2 20 5
10.0859 11.12 11.12 2 20 5
10.0859 11.17 11.17 2 20 5
10.0859 11.22 11.22 2 20 5
10.0859 11.27 11.27 2 20 5
10.0859 11.32 11.32 2 20 5
10.0859 11.37 11.37 2 20 5
10.0859 11.42 11.42 2 20 5
10.0859 11.47 11.47 2 20 5
10.0859 11.52 11.52 2 20 5
10.0859 11.57 11.57 2 20 5
10.0859 11.62 11.62 2 20 5
10.0859 11.67 11.67 2 20 5
10.0859 11.72 11.72 2 20 5
10.0859 11.77 11.77 2 20 5
10.0859 11.82 11.82 2 20 5
10.0859 11.87 11.87 2 20 5
10.0859 11.92 11.92 2 20 5
10.0859 11.97 11.97 2 20 5
10.0859 12.02 12.02 2 20 5
10.0859 12.07 12.07 2 20 5
10.0859 12.12 12.12 2 20 5
10.0859 12.17 12.17 2 20 5
10.0859 12.22 12.22 2 20 5
10.0859 12.27 12.27 2 20 5
10.0859 12.32 12.32 2 20 5
10.0859 12.37 12.37 2 20 5
10.0859 12.42 12.42 2 20 5
10.0859 12.47 12.47 2 20 5
10.0859 12.52 12.52 2 20 5
10.0859 12.57 12.57 2 20 5
10.0859 12.62 12.62 2 20 5
10.0859 12.67 12.67 2 20 5
10.0859 12.72 12.72 2 20 5
10.0859 12.77 12.77 2 20 5
10.0859 12.82 12.82 2 20 5
10.0859 12.87 12.87 2 20 5
10.0859 12.92 12.92 2 20 5
10.0859 12.97 12.97 2 20 5
10.0859 13.02 13.02 2 20 5
10.0859 13.07 13.07 2 20 5
10.0859 13.12 13.12 2 20 5
10.0859 13.17 13.17 2 20 5
10.0859 13.22 13.22 2 20 5
10.0859 13.27 13.27 2 20 5
10.0859 13.32 13.32 2 20 5
10.0859 13.37 13.37 2 20 5
10.0859 13.42 13.42 2 20 5
10.0859 13.47 13.47 2 20 5
10.0859 13.52 13.52 2 20 5
10.0859 13.57 13.57 2 20 5
10.0859 13.62 13.62 2 20 5
10.0859 13.67 13.67 2 20 5
10.0859 13.72 13.72 2 20 5
10.0859 13.77 13.77 2 20 5
10.0859 13.82 13.82 2 20 5
10.0859 13.87 13.87 2 20 5
10.0859 13.92 13.92 2 20 5
10.0859 13.97 13.97 2 20 5
10.0859 14.02 14.02 2 20 5
10.0859 14.07 14.07 2 20 5
10.0859 14.12 14.12 2 20 5
10.0859 14.17 14.17 2 20 5
10.0859 14.22 14.22 2 20 5
10.0859 14.27 14.27 2 20 5
10.0859 14.32 14.32 2 20 5
10.0859 14.37 14.37 2 20 5
10.0859 14.42 14.42 2 20 5
10.0859 14.47 14.47 2 20 5
10.0859 14.52 14.52 2 20 5
10.0859 14.57 14.57 2 20 5
10.0859 14.62 14.62 2 20 5
10.0859 14.67 14.67 2 20 5
10.0859 14.72 14.72 2 20 5
10.0859 14.77 14.77 2 20 5
10.0859 14.82 14.82 2 20 5
10.0859 14.87 14.87 2 20 5
10.0859 14.92 14.92 2 20 5
10.0859 14.97 14.97 2 20 5
10.0859 15.02 15.02 2 20 5
10.0859 15.07 15.07 2 20 5
10.0859 15.12 15.12 2 20 5
10.0859 15.17 15.17 2 20 5
10.0859 15.22 15.22 2 20 5
10.0859 15.27 15.27 2 20 5
10.0859 15.32 15.32 2 20 5
10.0859 15.37 15.37 2 20 5
10.0859 15.42 15.42 2 20 5
10.0859 15.47 15.47 2 20 5
10.0859 15.52 15.52 2 20 5
10.0859 15.57 15.57 2 20 5
10.0859 15.62 15.62 2 20 5
10.0859 15.67 15.67 2 20 5
10.0859 15.72 15.72 2 20 5
10.0859 15.77 15.77 2 20 5
10.0859 15.82 15.82 2 20 5
10.0859 15.87 15.87 2 20 5
10.0859 15.92 15.92 2 20 5
10.0859 15.97 15.97 2 20 5
10.0859 16.02 16.02 2 20 5
10.0859 16.07 16.07 2 20 5
10.0859 16.12 16.12 2 20 5
10.0859 16.17 16.17 2 20 5
10.0859 16.22 16.22 2 20 5
10.0859 16.27 16.27 2 20 5
10.0859 16.32 16.32 2 20 5
10.0859 16.37 16.37 2 20 5
10.0859 16.42 16.42 2 20 5
10.0859 16.47 16.47 2 20 5
10.0859 16.52 16.52 2 20 5
10.0859 16.57 16.57 2 20 5
10.0859 16.62 16.62 2 20 5
10.0859 16.67 16.67 2 20 5
10.0859 16.72 16.72 2 20 5
10.0859 16.77 16.77 2 20 5
10.0859 16.82 16.82 2 20 5
10.0859 16.87 16.87 2 20 5
10.0859 16.92 16.92 2 20 5
10.0859 16.97 16.97 2 20 5
10.0859 17.02 17.02 2 20 5
10.0859 17.07 17.07 2 20 5
10.0859 17.12 17.12 2 20 5
10.0859 17.17 17.17 2 20 5
10.0859 17.22 17.22 2 20 5
10.0859 17.27 17.27 2 20 5
10.0859 17.32 17.32 2 20 5
10.0859 17.37 17.37 2 20 5
10.0859 17.42 17.42 2 20 5
10.0859 17.47 17.47 2 20 5
10.0859 17.52 17.52 2 20 5
10.0859 17.57 17.57 2 20 5
10.0859 17.62 17.62 2 20 5
10.0859 17.67 17.67 2 20 5
10.0859 17.72 17.72 2 20 5
10.0859 17.77 17.77 2 20 5
10.0859 17.82 17.82 2 20 5
10.0859 17.87 17.87 2 20 5
10.0859 17.92 17.92 2 20 5
10.0859 17.97 17.97 2 20 5
10.0859 18.02 18.02 2 20 5
10.0859 18.07 18.07 2 20 5
10.0859 18.12 18.12 2 20 5
10.0859 18.17 18.17 2 20 5
10.0859 18.22 18.22 2 20 5
10.0859 18.27 18.27 2 20 5
10.0859 18.32 18.32 2 20 5
10.0859 18.37 18.37 2 20 5
10.0859 18.42 18.42 2 20 5
10.0859 18.47 18.47 2 20 5
10.0859 18.52 18.52 2 20 5
10.0859 18.57 18.57 2 20 5
10.0859 18.62 18.62 2 20 5
10.0859 18.67 18.67 2 20 5
10.0859 18.72 18.72 2 20 5
10.0859 18.77 18.77 2 20 5
10.0859 18.82 18.82 2 20 5
10.0859 18.87 18.87 2 20 5
10.0859 18.92 18.92 2 20 5
10.0859 18.97 18.97 2 20 5
10.0859 19.02 19.02 2 20 5
10.0859 19.07 19.07 2 20 5
10.0859 19.12 19.12 2 20 5
10.0859 19.17 19.17 2 20 5
10.0859 19.22 19.22 2 20 5
10.0859 19.27 19.27 2 20 5
10.0859 19.32 19.32 2 20 5
10.0859 19.37 19.37 2 20 5
10.0859 19.42 19.42 2 20 5
10.0859 19.47 19.47 2 20 5
10.0859 19.52 19.52 2 20 5
10.0859 19.57 19.57 2 20 5
10.0859 19.62 19.62 2 20 5
10.0859 19.67 19.67 2 20 5
10.0859 19.72 19.72 2 20 5
10.0859 19.77 19.77 2 20 5
10.0859 19.82 19.82 2 20 5
10.0859 19.87 19.87 2 20 5
10.0859 19.92 19.92 2 20 5
10.0859 19.97 19.97 2 20 5
10.0859 20.02 20.02 2 20 5
10.0859 20.07 20.07 2 20 5
10.0859 20.12 20.12 2 20 5
10.0859 20.17 20.17 2 20 5
10.0859 20.22 20.22 2 20 5
10.0859 20.27 20.27 2 20 5
10.0859 20.32 20.32 2 20 5
10.0859 20.37 20.37 2 20 5
10.0859 20.42 20.42 2 20 5
10.0859 20.47 20.47 2 20 5
10.0859 20.52 20.52 2 20 5
10.0859 20.57 20.57 2 20 5
10.0859 20.62 20.62 2 20 5
10.0859 20.67 20.67 2 20 5
10.0859 20.72 20.72 2 20 5
10.0859 20.77 20.77 2 20 5
10.0859 20.82 20.82 2 20 5
10.0859 20.87 20.87 2 20 5
10.0859 20.92 20.92 2 20 5
10.0859 20.97 20.97 2 20 5
10.0859 21.02 21.02 2 20 5
10.0859 21.07 21.07 2 20 5
10.0859 21.12 21.12 2 20 5
10.0859 21.17 21.17 2 20 5
10.0859 21.22 21.22 2 20 5
10.0859 21.27 21.27 2 20 5
10.0859 21.32 21.32 2 20 5
10.0859 21.37 21.37 2 20 5
10.0859 21.42 21.42 2 20 5
10.0859 21.47 21.47 2 20 5
10.0859 21.52 21.52 2 20 5
10.0859 21.57 21.57 2 20 5
10.0859 21.62 21.62 2 20 5
10.0859 21.67 21.67 2 20 5
10.0859 21.72 21.72 2 20 5
10.0859 21.77 21.77 2 20 5
10.0859 21.82 21.82 2 20 5
10.0859 21.87 21.87 2 20 5
10.0859 21.92 21.92 2 20 5
10.0859 21.97 21.97 2 20 5
10.0859 22.02 22.02 2 20 5
10.0859 22.07 22.07 2 20 5
10.0859 22.12 22.12 2 20 5
10.0859 22.17 22.17 2 20 5
10.0859 22.22 22.22 2 20 5
10.0859 22.27 22.27 2 20 5
10.0859 22.32 22.32 2 20 5
10.0859 22.37 22.37 2 20 5
10.0859 22.42 22.42 2 20 5
10.0859 22.47 22.47 2 20 5
10.0859 22.52 22.52 2 20 5
10.0859 22.57 22.57 2 20 5
10.0859 22.62 22.62 2 20 5
10.0859 22.67 22.67 2 20 5
10.0859 22.72 22.72 2 20 5
10.0859 22.77 22.77 2 20 5
10.0859 22.82 22.82 2 20 5
10.0859 22.87 22.87 2 20 5
10.0859 22.92 22.92 2 20 5
10.0859 22.97 22.97 2 20 5
10.0859 23.02 23.02 2 20 5
10.0859 23.07 23.07 2 20 5
10.0859 23.12 23.12 2 20 5
10.0859 23.17 23.17 2 20 5
10.0859 23.22 23.22 2 20 5
10.0859 23.27 23.27 2 20 5
10.0859 23.32 23.32 2 20 5
10.0859 23.37 23.37 2 20 5
10.0859 23.42 23.42 2 20 5
10.0859 23.47 23.47 2 20 5
10.0859 23.52 23.52 2 20 5
10.0859 23.57 23.57 2 20 5
10.0859 23.62 23.62 2 20 5
10.0859 23.67 23.67 2 20 5
10.0859 23.72 23.72 2 20 5
10.0859 23.77 23.77 2 20 5
10.0859 23.82 23.82 2 20 5
10.0859 23.87 23.87 2 20 5
10.0859 23.92 23.92 2 20 5
10.0859 23.97 23.97 2 20 5
10.0859 24.02 24.02 2 20 5
10.0859 24.07 24.07 2 20 5
10.0859 24.12 24.12 2 20 5
10.0859 24.17 24.17 2 20 5
10.0859 24.22 24.22 2 20 5
10.0859 24.27 24.27 2 20 5
10.0859 24.32 24.32 2 20 5
10.0859 24.37 24.37 2 20 5
10.0859 24.42 24.42 2 20 5
10.0859 24.47 24.47 2 20 5
10.0859 24.52 24.52 2 20 5
10.0859 24.57 24.57 2 20 5
10.0859 24.62 24.62 2 20 5
10.0859 24.67 24.67 2 20 5
10.0859 24.72 24.72 2 20 5
10.0859 24.77 24.77 2 20 5
10.0859 24.82 24.82 2 20 5
10.0859 24.87 24.87 2 20 5
10.0859 24.92 24.92 2 20 5
10.0859 24.97 24.97 2 20 5
10.0859 25.02 25.02 2 20 5
10.0859 25.07 25.07 2 20 5
10.0859 25.12 25.12 2 20 5
10.0859 25.17 25.17 2 20 5
10.0859 25.22 25.22 2 20 5
10.0859 25.27 25.27 2 20 5
10.0859 25.32 25.32 2 20 5
10.0859 25.37 25.37 2 20 5
10.0859 25.42 25.42 2 20 5
10.0859 25.47 25.47 2 20 5
10.0859 25.52 25.52 2 20 5
10.0859 25.57 25.57 2 20 5
10.0859 25.62 25.62 2 20 5
10.0859 25.67 25.67 2 20 5
10.0859 25.72 25.72 2 20 5
10.0859 25.77 25.77 2 20 5
10.0859 25.82 25.82 2 20 5
10.0859 25.87 25.87 2 20 5
10.0859 25.92 25.92 2 20 5
10.0859 25.97 25.97 2 20 5
10.0859 26.02 26.02 2 20 5
10.0859 26.07 26.07 2 20 5
10.0859 26.12 26.12 2 20 5
10.0859 26.17 26.17 2 20 5
10.0859 26.22 26.22 2 20 5
10.0859 26.27 26.27 2 20 5
10.0859 26.32 26.32 2 20 5
10.0859 26.37 26.37 2 20 5
10.0859 26.42 26.42 2 20 5
10.0859 26.47 26.47 2 20 5
10.0859 26.52 26.52 2 20 5
10.0859 26.57 26.57 2 20 5
10.0859 26.62 26.62 2 20 5
10.0859 26.67 26.67 2 20 5
10.0859 26.72 26.72 2 20 5
10.0859 26.77 26.77 2 20 5
10.0859 26.82 26.82 2 20 5
10.0859 26.87 26.87 2 20 5
10.0859 26.92 26.92 2 20 5
10.0859 26.97 26.97 2 20 5
10.0859 27.02 27.02 2 20 5
10.0859 27.07 27.07 2 20 5
10.0859 27.12 27.12 2 20 5
10.0859 27.17 27.17 2 20 5
10.0859 27.22 27.22 2 20 5
10.0859 27.27 27.27 2 20 5
10.0859 27.32 27.32 2 20 5
10.0859 27.37 27.37 2 20 5
10.0859 27.42 27.42 2 20 5
10.0859 27.47 27.47 2 20 5
10.0859 27.52 27.52 2 20 5
10.0859 27.57 27.57 2 20 5
10.0859 27.62 27.62 2 20 5
10.0859 27.67 27.67 2 20 5
10.0859 27.72 27.72 2 20 5
10.0859 27.77 27.77 2 20 5
10.0859 27.82 27.82 2 20 5
10.0859 27.87 27.87 2 20 5
10.0859 27.92 27.92 2 20 5
10.0859 27.97 27.97 2 20 5
10.0859 28.02 28.02 2 20 5
10.0859 28.07 28.07 2 20 5
10.0859 28.12 28.12 2 20 5
10.0859 28.17 28.17 2 20 5
10.0859 28.22 28.22 2 20 5
10.0859 28.27 28.27 2 20 5
10.0859 28.32 28.32 2 20 5
10.0859 28.37 28.37 2 20 5
10.0859 28.42 28.42 2 20 5
10.0859 28.47 28.47 2 20 5
10.0859 28.52 28.52 2 20 5
10.0859 28.57 28.57 2 20 5
10.0859 28.62 28.62 2 20 5
10.0859 28.67 28.67 2 20 5
10.0859 28.72 28.72 2 20 5
10.0859 28.77 28.77 2 20 5
10.0859 28.82 28.82 2 20 5
10.0859 28.87 28.87 2 20 5
10.0859 28.92 28.92 2 20 5
10.0859 28.97 28.97 2 20 5
10.0859 29.02 29.02 2 20 5
10.0859 29.07 29.07 2 20 5
10.0859 29.12 29.12 2 20 5
10.0859 29.17 29.17 2 20 5
10.0859 29.22 29.22 2 20 5
10.0859 29.27 29.27 2 20 5
10.0859 29.32 29.32 2 20 5
10.0859 29.37 29.37 2 20 5
10.0859 29.42 29.42 2 20 5
10.0859 29.47 29.47 2 20 5
10.0859 29.52 29.52 2 20 5
10.0859 29.57 29.57 2 20 5
10.0859 29.62 29.62 2 20 5
10.0859 29.67 29.67 2 20 5
10.0859 29.72 29.72 2 20 5
10.0859 29.77 29.77 2 20 5
10.0859 29.82 29.82 2 20 5
10.0859 29.87 29.87 2 20 5
10.0859 29.92 29.92 2 20 5
10.0859 29.97 29.97 2 20 5
10.0859 30.02 30.02 2 20 5
10.0859 30.07 30.07 2 20 5
10.0859 30.12 30.12 2 20 5
10.0859 30.17 30.17 2 20 5
10.0859 30.22 30.22 2 20 5
10.0859 30.27 30.27 2 20 5
10.0859 30.32 30.32 2 20 5
10.0859 30.37 30.37 2 20 5
10.0859 30.42 30.42 2 20 5
10.0859 30.47 30.47 2 20 5
10.0859 30.52 30.52 2 20 5
10.0859 30.57 30.57 2 20 5
10.0859 30.62 30.62 2 20 5
10.0859 30.67 30.67 2 20 5
10.0859 30.72 30.72 2 20 5
10.0859 30.77 30.77 2 20 5
10.0859 30.82 30.82 2 20 5
10.0859 30.87 30.87 2 20 5
10.0859 30.92 30.92 2 20 5
10.0859 30.97 30.97 2 20 5
10.0859 31.02 31.02 2 20 5
10.0859 31.07 31.07 2 20 5
10.0859 31.12 31.12 2 20 5
10.0859 31.17 31.17 2 20 5
10.0859 31.22 31.22 2 20 5
10.0859 31.27 31.27 2 20 5
10.0859 31.32 31.32 2 20 5
10.0859 31.37 31.37 2 20 5
10.0859 31.42 31.42 2 20 5
10.0859 31.47 31.47 2 20 5
10.0859 31.52 31.52 2 20 5
10.0859 31.57 31.57 2 20 5
10.0859 31.62 31.62 2 20 5
10.0859 31.67 31.67 2 20 5
10.0859 31.72 31.72 2 20 5
10.0859 31.77 31.77 2 20 5
10.0859 31.82 31.82 2 20 5
10.0859 31.87 31.87 2 20 5
10.0859 31.92 31.92 2 20 5
10.0859 31.97 31.97 2 20 5
10.0859 32.02 32.02 2 20 5
10.0859 32.07 32.07 2 20 5
10.0859 32.12 32.12 2 20 5
10.0859 32.17 32.17 2 20 5
10.0859 32.22 32.22 2 20 5
10.0859 32.27 32.27 2 20 5
10.0859 32.32 32.32 2 20 5
10.0859 32.37 32.37 2 20 5
10.0859 32.42 32.42 2 20 5
10.0859 32.47 32.47 2 20 5
10.0859 32.52 32.52 2 20 5
10.0859 32.57 32.57 2 20 5
10.0859 32.62 32.62 2 20 5
10.0859 32.67 32.67 2 20 5
10.0859 32.72 32.72 2 20 5
10.0859 32.77 32.77 2 20 5
10.0859 32.82 32.82 2 20 5
10.0859 32.87 32.87 2 20 5
10.0859 32.92 32.92 2 20 5
10.0859 32.97 32.97 2 20 5
10.0859 33.02 33.02 2 20 5
10.0859 33.07 33.07 2 20 5
10.0859 33.12 33.12 2 20 5
10.0859 33.17 33.17 2 20 5
10.0859 33.22 33.22 2 20 5
10.0859 33.27 33.27 2 20 5
10.0859 33.32 33.32 2 20 5
10.0859 33.37 33.37 2 20 5
10.0859 33.42 33.42 2 20 5
10.0859 33.47 33.47 2 20 5
10.0859 33.52 33.52 2 20 5
10.0859 33.57 33.57 2 20 5
10.0859 33.62 33.62 2 20 5
10.0859 33.67 33.67 2 20 5
10.0859 33.72 33.72 2 20 5
10.0859 33.77 33.77 2 20 5
10.0859 33.82 33.82 2 20 5
10.0859 33.87 33.87 2 20 5
10.0859 33.92 33.92 2 20 5
10.0859 33.97 33.97 2 20 5
10.0859 34.02 34.02 2 20 5
10.0859 34.07 34.07 2 20 5
10.0859 34.12 34.12 2 20 5
10.0859 34.17 34.17 2 20 5
10.0859 34.22 34.22 2 20 5
10.0859 34.27 34.27 2 20 5
10.0859 34.32 34.32 2 20 5
10.0859 34.37 34.37 2 20 5
10.0859 34.42 34.42 2 20 5
10.0859 34.47 34.47 2 20 5
10.0859 34.52 34.52 2 20 5
10.0859 34.57 34.57 2 20 5
10.0859 34.62 34.62 2 20 5
10.0859 34.67 34.67 2 20 5
10.0859 34.72 34.72 2 20 5
10.0859 34.77 34.77 2 20 5
10.0859 34.82 34.82 2 20 5
10.0859 34.87 34.87 2 20 5
10.0859 34.92 34.92 2 20 5
10.0859 34.97 34.97 2 20 5
10.0859 35.02 35.02 2 20 5
10.0859 35.07 35.07 2 20 5
10.0859 35.12 35.12 2 20 5
10.0859 35.17 35.17 2 20 5
10.0859 35.22 35.22 2 20 5
10.0859 35.27 35.27 2 20 5
10.0859 35.32 35.32 2 20 5
10.0859 35.37 35.37 2 20 5
10.0859 35.42 35.42 2 20 5
10.0859 35.47 35.47 2 20 5
10.0859 35.52 35.52 2 20 5
10.0859 35.57 35.57 2 20 5
10.0859 35.62 35.62 2 20 5
10.0859 35.67 35.67 2 20 5
10.0859 35.72 35.72 2 20 5
10.0859 35.77 35.77 2 20 5
10.0859 35.82 35.82 2 20 5
10.0859 35.87 35.87 2 20 5
10.0859 35.92 35.92 2 20 5
10.0859 35.97 35.97 2 20 5
10.0859 36.02 36.02 2 20 5
10.0859 36.07 36.07 2 20 5
10.0859 36.12 36.12 2 20 5
10.0859 36.17 36.17 2 20 5
10.0859 36.22 36.22 2 20 5
10.0859 36.27 36.27 2 20 5
10.0859 36.32 36.32 2 20 5
10.0859 36.37 36.37 2 20 5
10.0859 36.42 36.42 2 20 5
10.0859 36.47 36.47 2 20 5
10.0859 36.52 36.52 2 20 5
10.0859 36.57 36.57 2 20 5
10.0859 36.62 36.62 2 20 5
10.0859 36.67 36.67 2 20 5
10.0859 36.72 36.72 2 20 5
10.0859 36.77 36.77 2 20 5
10.0859 36.82 36.82 2 20 5
10.0859 36.87 36.87 2 20 5
10.0859 36.92 36.92 2 20 5
10.0859 36.97 36.97 2 20 5
10.0859 37.02 37.02 2 20 5
10.0859 37.07 37.07 2 20 5
10.0859 37.12 37.12 2 20 5
10.0859 37.17 37.17 2 20 5
10.0859 37.22 37.22 2 20 5
10.0859 37.27 37.27 2 20 5
10.0859 37.32 37.32 2 20 5
10.0859 37.37 37.37 2 20 5
10.0859 37.42 37.42 2 20 5
10.0859 37.47 37.47 2 20 5
10.0859 37.52 37.52 2 20 5
10.0859 37.57 37.57 2 20 5
10.0859 37.62 37.62 2 20 5
10.0859 37.67 37.67 2 20 5
10.0859 37.72 37.72 2 20 5
10.0859 37.77 37.77 2 20 5
10.0859 37.82 37.82 2 20 5
10.0859 37.87 37.87 2 20 5
10.0859 37.92 37.92 2 20 5
10.0859 37.97 37.97 2 20 5
10.0859 38.02 38.02 2 20 5
10.0859 38.07 38.07 2 20 5
10.0859 38.12 38.12 2 20 5
10.0859 38.17 38.17 2 20 5
10.0859 38.22 38.22 2 20 5
10.0859 38.27 38.27 2 20 5
10.0859 38.32 38.32 2 20 5
10.0859 38.37 38.37 2 20 5
10.0859 38.42 38.42 2 20 5
10.0859 38.47 38.47 2 20 5
10.0859 38.52 38.52 2 20 5
10.0859 38.57 38.57 2 20 5
10.0859 38.62 38.62 2 20 5
10.0859 38.67 38.67 2 20 5
10.0859 38.72 38.72 2 20 5
10.0859 38.77 38.77 2 20 5
10.0859 38.82 38.82 2 20 5
10.0859 38.87 38.87 2 20 5
10.0859 38.92 38.92 2 20 5
10.0859 38.97 38.97 2 20 5
10.0859 39.02 39.02 2 20 5
10.0859 39.07 39.07 2 20 5
10.0859 39.12 39.12 2 20 5
10.0859 39.17 39.17 2 20 5
10.0859 39.22 39.22 2 20 5
10.0859 39.27 39.27 2 20 5
10.0859 39.32 39.32 2 20 5
10.0859 39.37 39.37 2 20 5
10.0859 39.42 39.42 2 20 5
10.0859 39.47 39.47 2 20 5
10.0859 39.52 39.52 2 20 5
10.0859 39.57 39.57 2 20 5
10.0859 39.62 39.62 2 20 5
10.0859 39.67 39.67 2 20 5
10.0859 39.72 39.72 2 20 5
10.0859 39.77 39.77 2 20 5
10.0859 39.82 39.82 2 20 5
10.0859 39.87 39.87 2 20 5
10.0859 39.92 39.92 2 20 5
10.0859 39.97 39.97 2 20 5
10.0859 40.02 40.02 2 20 5
10.0859 40.07 40.07 2 20 5
10.0859 40.12 40.12 2 20 5
10.0859 40.17 40.17 2 20 5
10.0859 40.22 40.22 2 20 5
10.0859 40.27 40.27 2 20 5
10.0859 40.32 40.32 2 20 5
10.0859 40.37 40.37 2 20 5
10.0859 40.42 40.42 2 20 5
10.0859 40.47 40.47 2 20 5
10.0859 40.52 40.52 2 20 5
10.0859 40.57 40.57 2 20 5
10.0859 40.62 40.62 2 20 5
10.0859 40.67 40.67 2 20 5
10.0859 40.72 40.72 2 20 5
10.0859 40.77 40.77 2 20 5
10.0859 40.82 40.82 2 20 5
10.0859 40.87 40.87 2 20 5
10.0859 40.92 40.92 2 20 5
10.0859 40.97 40.97 2 20 5
10.0859 41.02 41.02 2 20 5
10.0859 41.07 41.07 2 20 5
10.0859 41.12 41.12 2 20 5
10.0859 41.17 41.17 2 20 5
10.0859 41.22 41.22 2 20 5
10.0859 41.27 41.27 2 20 5
10.0859 41.32 41.32 2 20 5
10.0859 41.37 41.37 2 20 5
10.0859 41.42 41.42 2 20 5
10.0859 41.47 41.47 2 20 5
10.0859 41.52 41.52 2 20 5
10.0859 41.57 41.57 2 20 5
10.0859 41.62 41.62 2 20 5
10.0859 41.67 41.67 2 20 5
10.0859 41.72 41.72 2 20 5
10.0859 41.77 41.77 2 20 5
10.0859 41.82 41.82 2 20 5
10.0859 41.87 41.87 2 20 5
10.0859 41.92 41.92 2 20 5
10.0859 41.97 41.97 2 20 5
10.0859 42.02 42.02 2 20 5
10.0859 42.07 42.07 2 20 5
10.0859 42.12 42.12 2 20 5
10.0859 42.17 42.17 2 20 5
10.0859 42.22 42.22 2 20 5
10.0859 42.27 42.27 2 20 5
10.0859 42.32 42.32 2 20 5
10.0859 42.37 42.37 2 20 5
10.0859 42.42 42.42 2 20 5
10.0859 42.47 42.47 2 20 5
10.0859 42.52 42.52 2 20 5
10.0859 42.57 42.57 2 20 5
10.0859 42.62 42.62 2 20 5
10.0859 42.67 42.67 2 20 5
10.0859 42.72 42.72 2 20 5
10.0859 42.77 42.77 2 20 5
10.0859 42.82 42.82 2 20 5
10.0859 42.87 42.87 2 20 5
10.0859 42.92 42.92 2 20 5
10.0859 42.97 42.97 2 20 5
10.0859 43.02 43.02 2 20 5
10.0859 43.07 43.07 2 20 5
10.0859 43.12 43.12 2 20 5
10.0859 43.17 43.17 2 20 5
10.0859 43.22 43.22 2 20 5
10.0859 43.27 43.27 2 20 5
10.0859 43.32 43.32 2 20 5
10.0859 43.37 43.37 2 20 5
10.0859 43.42 43.42 2 20 5
10.0859 43.47 43.47 2 20 5
10.0859 43.52 43.52 2 20 5
10.0859 43.57 43.57 2 20 5
10.0859 43.62 43.62 2 20 5
10.0859 43.67 43.67 2 20 5
10.0859 43.72 43.72 2 20 5
10.0859 43.77 43.77 2 20 5
10.0859 43.82 43.82 2 20 5
10.0859 43.87 43.87 2 20 5
10.0859 43.92 43.92 2 20 5
10.0859 43.97 43.97 2 20 5
10.0859 44.02 44.02 2 20 5
10.0859 44.07 44.07 2 20 5
10.0859 44.12 44.12 2 20 5
10.0859 44.17 44.17 2 20 5
10.0859 44.22 44.22 2 20 5
10.0859 44.27 44.27 2 20 5
10.0859 44.32 44.32 2 20 5
10.0859 44.37 44.37 2 20 5
10.0859 44.42 44.42 2 20 5
10.0859 44.47 44.47 2 20 5
10.0859 44.52 44.52 2 20 5
10.0859 44.57 44.57 2 20 5
10.0859 44.62 44.62 2 20 5
10.0859 44.67 44.67 2 20 5
10.0859 44.72 44.72 2 20 5
10.0859 44.77 44.77 2 20 5
10.0859 44.82 44.82 2 20 5
10.0859 44.87 44.87 2 20 5
10.0859 44.92 44.92 2 20 5
10.0859 44.97 44.97 2 20 5
10.0859 45.02 45.02 2 20 5
10.0859 45.07 45.07 2 20 5
10.0859 45.12 45.12 2 20 5
10.0859 45.17 45.17 2 20 5
10.0859 45.22 45.22 2 20 5
10.0859 45.27 45.27 2 20 5
10.0859 45.32 45.32 2 20 5
10.0859 45.37 45.37 2 20 5
10.0859 45.42 45.42 2 20 5
10.0859 45.47 45.47 2 20 5
10.0859 45.52 45.52 2 20 5
10.0859 45.57 45.57 2 20 5
10.0859 45.62 45.62 2 20 5
10.0859 45.67 45.67 2 20 5
10.0859 45.72 45.72 2 20 5
10.0859 45.77 45.77 2 20 5
10.0859 45.82 45.82 2 20 5
10.0859 45.87 45.87 2 20 5
10.0859 45.92 45.92 2 20 5
10.0859 45.97 45.97 2 20 5
10.0859 46.02 46.02 2 20 5
10.0859 46.07 46.07 2 20 5
10.0859 46.12 46.12 2 20 5
10.0859 46.17 46.17 2 20 5
10.0859 46.22 46.22 2 20 5
10.0859 46.27 46.27 2 20 5
10.0859 46.32 46.32 2 20 5
10.0859 46.37 46.37 2 20 5
10.0859 46.42 46.42 2 20 5
10.0859 46.47 46.47 2 20 5
10.0859 46.52 46.52 2 20 5
10.0859 46.57 46.57 2 20 5
10.0859 46.62 46.62 2 20 5
10.0859 46.67 46.67 2 20 5
10.0859 46.72 46.72 2 20 5
10.0859 46.77 46.77 2 20 5
10.0859 46.82 46.82 2 20 5
10.0859 46.87 46.87 2 20 5
10.0859 46.92 46.92 2 20 5
10.0859 46.97 46.97 2 20 5
10.0859 47.02 47.02 2 20 5
10.0859 47.07 47.07 2 20 5
10.0859 47.12 47.12 2 20 5
10.0859 47.17 47.17 2 20 5
10.0859 47.22 47.22 2 20 5
10.0859 47.27 47.27 2 20 5
10.0859 47.32 47.32 2 20 5
10.0859 47.37 47.37 2 20 5
10.0859 47.42 47.42 2 20 5
10.0859 47.47 47.47 2 20 5
10.0859 47.52 47.52 2 20 5
10.0859 47.57 47.57 2 20 5
10.0859 47.62 47.62 2 20 5
10.0859 47.67 47.67 2 20 5
10.0859 47.72 47.72 2 20 5
10.0859 47.77 47.77 2 20 5
10.0859 47.82 47.82 2 20 5
10.0859 47.87 47.87 2 20 5
10.0859 47.92 47.92 2 20 5
10.0859 47.97 47.97 2 20 5
10.0859 48.02 48.02 2 20 5
10.0859 48.07 48.07 2 20 5
10.0859 48.12 48.12 2 20 5
10.0859 48.17 48.17 2 20 5
10.0859 48.22 48.22 2 20 5
10.0859 48.27 48.27 2 20 5
10.0859 48.32 48.32 2 20 5
10.0859 48.37 48.37 2 20 5
10.0859 48.42 48.42 2 20 5
10.0859 48.47 48.47 2 20 5
10.0859 48.52 48.52 2 20 5
10.0859 48.57 48.57 2 20 5
10.0859 48.62 48.62 2 20 5
10.0859 48.67 48.67 2 20 5
10.0859 48.72 48.72 2 20 5
10.0859 48.77 48.77 2 20 5
10.0859 48.82 48.82 2 20 5
10.0859 48.87 48.87 2 20 5
10.0859 48.92 48.92 2 20 5
10.0859 48.97 48.97 2 20 5
10.0859 49.02 49.02 2 20 5
10.0859 49.07 49.07 2 20 5
10.0859 49.12 49.12 2 20 5
10.0859 49.17 49.17 2 20 5
10.0859 49.22 49.22 2 20 5
10.0859 49.27 49.27 2 20 5
10.0859 49.32 49.32 2 20 5
10.0859 49.37 49.37 2 20 5
10.0859 49.42 49.42 2 20 5
10.0859 49.47 49.47 2 20 5
10.0859 49.52 49.52 2 20 5
10.0859 49.57 49.57 2 20 5
10.0859 49.62 49.62 2 20 5
10.0859 49.67 49.67 2 20 5
10.0859 49.72 49.72 2 20 5
10.0859 49.77 49.77 2 20 5
10.0859 49.82 49.82 2 20 5
10.0859 49.87 49.87 2 20 5
10.0859 49.92 49.92 2 20 5
10.0859 49.97 49.97 2 20 5
10.0859 50.02 50.02 2 20 5
10.0859 50.07 50.07 2 20 5
10.0859 50.12 50.12 2 20 5
10.0859 50.17 50.17 2 20 5
10.0859 50.22 50.22 2 20 5
10.0859 50.27 50.27 2 20 5
10.0859 50.32 50.32 2 20 5
10.0859 50.37 50.37 2 20 5
10.0859 50.42 50.42 2 20 5
10.0859 50.47 50.47 2 20 5
10.0859 50.52 50.52 2 20 5
10.0859 50.57 50.57 2 20 5
10.0859 50.62 50.62 2 20 5
10.0859 50.67 50.67 2 20 5
10.0859 50.72 50.72 2 20 5
10.0859 50.77 50.77 2 20 5
10.0859 50.82 50.82 2 20 5
10.0859 50.87 50.87 2 20 5
10.0859 50.92 50.92 2 20 5
10.0859 50.97 50.97 2 20 5
10.0859 51.02 51.02 2 20 5
10.0859 51.07 51.07 2 20 5
10.0859 51.12 51.12 2 20 5
10.0859 51.17 51.17 2 20 5
10.0859 51.22 51.22 2 20 5
10.0859 51.27 51.27 2 20 5
10.0859 51.32 51.32 2 20 5
10.0859 51.37 51.37 2 20 5
10.0859 51.42 51.42 2 20 5
10.0859 51.47 51.47 2 20 5
10.0859 51.52 51.52 2 20 5
10.0859 51.57 51.57 2 20 5
10.0859 51.62 51.62 2 20 5
10.0859 51.67 51.67 2 20 5
10.0859 51.72 51.72 2 20 5
10.0859 51.77 51.77 2 20 5
10.0859 51.82 51.82 2 20 5
10.0859 51.87 51.87 2 20 5
10.0859 51.92 51.92 2 20 5
10.0859 51.97 51.97 2 20 5
10.0859 52.02 52.02 2 20 5
10.0859 52.07 52.07 2 20 5
10.0859 52.12 52.12 2 20 5
10.0859 52.17 52.17 2 20 5
10.0859 52.22 52.22 2 20 5
10.0859 52.27 52.27 2 20 5
10.0859 52.32 52.32 2 20 5
10.0859 52.37 52.37 2 20 5
10.0859 52.42 52.42 2 20 5
10.0859 52.47 52.47 2 20 5
10.0859 52.52 52.52 2 20 5
10.0859 52.57 52.57 2 20 5
10.0859 52.62 52.62 2 20 5
10.0859 52.67 52.67 2 20 5
10.0859 52.72 52.72 2 20 5
10.0859 52.77 52.77 2 20 5
10.0859 52.82 52.82 2 20 5
10.0859 52.87 52.87 2 20 5
10.0859 52.92 52.92 2 20 5
10.0859 52.97 52.97 2 20 5
10.0859 53.02 53.02 2 20 5
10.0859 53.07 53.07 2 20 5
10.0859 53.12 53.12 2 20 5
10.0859 53.17 53.17 2 20 5
10.0859 53.22 53.22 2 20 5
10.0859 53.27 53.27 2 20 5
10.0859 53.32 53.32 2 20 5
10.0859 53.37 53.37 2 20 5
10.0859 53.42 53.42 2 20 5
10.0859 53.47 53.47 2 20 5
10.0859 53.52 53.52 2 20 5
10.0859 53.57 53.57 2 20 5
10.0859 53.62 53.62 2 20 5
10.0859 53.67 53.67 2 20 5
10.0859 53.72 53.72 2 20 5
10.0859 53.77 53.77 2 20 5
10.0859 53.82 53.82 2 20 5
10.0859 53.87 53.87 2 20 5
10.0859 53.92 53.92 2 20 5
10.0859 53.97 53.97 2 20 5
10.0859 54.02 54.02 2 20 5
10.0859 54.07 54.07 2 20 5
10.0859 54.12 54.12 2 20 5
10.0859 54.17 54.17 2 20 5
10.0859 54.22 54.22 2 20 5
10.0859 54.27 54.27 2 20 5
10.0859 54.32 54.32 2 20 5
10.0859 54.37 54.37 2 20 5
10.0859 54.42 54.42 2 20 5
10.0859 54.47 54.47 2 20 5
10.0859 54.52 54.52 2 20 5
10.0859 54.57 54.57 2 20 5
10.0859 54.62 54.62 2 20 5
10.0859 54.67 54.67 2 20 5
10.0859 54.72 54.72 2 20 5
10.0859 54.77 54.77 2 20 5
10.0859 54.82 54.82 2 20 5
10.0859 54.87 54.87 2 20 5
10.0859 54.92 54.92 2 20 5
10.0859 54.97 54.97 2 20 5
10.0859 55.02 55.02 2 20 5
10.0859 55.07 55.07 2 20 5
10.0859 55.12 55.12 2 20 5
10.0859 55.17 55.17 2 20 5
10.0859 55.22 55.22 2 20 5
10.0859 55.27 55.27 2 20 5
10.0859 55.32 55.32 2 20 5
10.0859 55.37 55.37 2 20 5
10.0859 55.42 55.42 2 20 5
10.0859 55.47 55.47 2 20 5
10.0859 55.52 55.52 2 20 5
10.0859 55.57 55.57 2 20 5
10.0859 55.62 55.62 2 20 5
10.0859 55.67 55.67 2 20 5
10.0859 55.72 55.72 2 20 5
10.0859 55.77 55.77 2 20 5
10.0859 55.82 55.82 2 20 5
10.0859 55.87 55.87 2 20 5
10.0859 55.92 55.92 2 20 5
10.0859 55.97 55.97 2 20 5
10.0859 56.02 56.02 2 20 5
10.0859 56.07 56.07 2 20 5
10.0859 56.12 56.12 2 20 5
10.0859 56.17 56.17 2 20 5
10.0859 56.22 56.22 2 20 5
10.0859 56.27 56.27 2 20 5
10.0859 56.32 56.32 2 20 5
10.0859 56.37 56.37 2 20 5
10.0859 56.42 56.42 2 20 5
10.0859 56.47 56.47 2 20 5
10.0859 56.52 56.52 2 20 5
10.0859 56.57 56.57 2 20 5
10.0859 56.62 56.62 2 20 5
10.0859 56.67 56.67 2 20 5
10.0859 56.72 56.72 2 20 5
10.0859 56.77 56.77 2 20 5
10.0859 56.82 56.82 2 20 5
10.0859 56.87 56.87 2 20 5
10.0859 56.92 56.92 2 20 5
10.0859 56.97 56.97 2 20 5
10.0859 57.02 57.02 2 20 5
10.0859 57.07 57.07 2 20 5
10.0859 57.12 57.12 2 20 5
10.0859 57.17 57.17 2 20 5
10.0859 57.22 57.22 2 20 5
10.0859 57.27 57.27 2 20 5
10.0859 57.32 57.32 2 20 5
10.0859 57.37 57.37 2 20 5
10.0859 57.42 57.42 2 20 5
10.0859 57.47 57.47 2 20 5
10.0859 57.52 57.52 2 20 5
10.0859 57.57 57.57 2 20 5
10.0859 57.62 57.62 2 20 5
10.0859 57.67 57.67 2 20 5
10.0859 57.72 57.72 2 20 5
10.0859 57.77 57.77 2 20 5
10.0859 57.82 57.82 2 20 5
10.0859 57.87 57.87 2 20 5
10.0859 57.92 57.92 2 20 5
10.0859 57.97 57.97 2 20 5
10.0859 58.02 58.02 2 20 5
10.0859 58.07 58.07 2 20 5
10.0859 58.12 58.12 2 20 5
10.0859 58.17 58.17 2 20 5
10.0859 58.22 58.22 2 20 5
10.0859 58.27 58.27 2 20 5
10.0859 58.32 58.32 2 20 5
10.0859 58.37 58.37 2 20 5
10.0859 58.42 58.42 2 20 5
10.0859 58.47 58.47 2 20 5
10.0859 58.52 58.52 2 20 5
10.0859 58.57 58.57 2 20 5
10.0859 58.62 58.62 2 20 5
10.0859 58.67 58.67 2 20 5
10.0859 58.72 58.72 2 20 5
10.0859 58.77 58.77 2 20 5
10.0859 58.82 58.82 2 20 5
10.0859 58.87 58.87 2 20 5
10.0859 58.92 58.92 2 20 5
10.0859 58.97 58.97 2 20 5
10.0859 59.02 59.02 2 20 5
10.0859 59.07 59.07 2 20 5
10.0859 59.12 59.12 2 20 5
10.0859 59.17 59.17 2 20 5
10.0859 59.22 59.22 2 20 5
10.0859 59.27 59.27 2 20 5
10.0859 59.32 59.32 2 20 5
10.0859 59.37 59.37 2 20 5
10.0859 59.42 59.42 2 20 5
10.0859 59.47 59.47 2 20 5
10.0859 59.52 59.52 2 20 5
10.0859 59.57 59.57 2 20 5
10.0859 59.62 59.62 2 20 5
10.0859 59.67 59.67 2 20 5
10.0859 59.72 59.72 2 20 5
10.0859 59.77 59.77 2 20 5
10.0859 59.82 59.82 2 20 5
10.0859 59.87 59.87 2 20 5
10.0859 59.92 59.92 2 20 5
10.0859 59.97 59.97 2 20 5
10.0859 60.02 60.02 2 20 5
10.0859 60.07 60.07 2 20 5
10.0859 60.12 60.12 2 20 5
10.0859 60.17 60.17 2 20 5
10.0859 60.22 60.22 2 20 5
10.0859 60.27 60.27 2 20 5
10.0859 60.32 60.32 2 20 5
10.0859 60.37 60.37 2 20 5
10.0859 60.42 60.42 2 20 5
10.0859 60.47 60.47 2 20 5
10.0859 60.52 60.52 2 20 5
10.0859 60.57 60.57 2 20 5
10.0859 60.62 60.62 2 20 5
10.0859 60.67 60.67 2 20 5
10.0859 60.72 60.72 2 20 5
10.0859 60.77 60.77 2 20 5
10.0859 60.82 60.82 2 20 5
10.0859 60.87 60.87 2 20 5
10.0859 60.92 60.92 2 20 5
10.0859 60.97 60.97 2 20 5
10.0859 61.02 61.02 2 20 5
10.0859 61.07 61.07 2 20 5
10.0859 61.12 61.12 2 20 5
10.0859 61.17 61.17 2 20 5
10.0859 61.22 61.22 2 20 5
10.0859 61.27 61.27 2 20 5
10.0859 61.32 61.32 2 20 5
10.0859 61.37 61.37 2 20 5
10.0859 61.42 61.42 2 20 5
10.0859 61.47 61.47 2 20 5
10.0859 61.52 61.52 2 20 5
10.0859 61.57 61.57 2 20 5
10.0859 61.62 61.62 2 20 5
10.0859 61.67 61.67 2 20 5
10.0859 61.72 61.72 2 20 5
10.0859 61.77 61.77 2 20 5
10.0859 61.82 61.82 2 20 5
10.0859 61.87 61.87 2 20 5
10.0859 61.92 61.92 2 20 5
10.0859 61.97 61.97 2 20 5
10.0859 62.02 62.02 2 20 5
10.0859 62.07 62.07 2 20 5
10.0859 62.12 62.12 2 20 5
10.0859 62.17 62.17 2 20 5
10.0859 62.22 62.22 2 20 5
10.0859 62.27 62.27 2 20 5
10.0859 62.32 62.32 2 20 5
10.0859 62.37 62.37 2 20 5
10.0859 62.42 62.42 2 20 5
10.0859 62.47 62.47 2 20 5
10.0859 62.52 62.52 2 20 5
10.0859 62.57 62.57 2 20 5
10.0859 62.62 62.62 2 20 5
10.0859 62.67 62.67 2 20 5
10.0859 62.72 62.72 2 20 5
10.0859 62.77 62.77 2 20 5
10.0859 62.82 62.82 2 20 5
10.0859 62.87 62.87 2 20 5
10.0859 62.92 62.92 2 20 5
10.0859 62.97 62.97 2 20 5
10.0859 63.02 63.02 2 20 5
10.0859 63.07 63.07 2 20 5
10.0859 63.12 63.12 2 20 5
10.0859 63.17 63.17 2 20 5
10.0859 63.22 63.22 2 20 5
10.0859 63.27 63.27 2 20 5
10.0859 63.32 63.32 2 20 5
10.0859 63.37 63.37 2 20 5
10.0859 63.42 63.42 2 20 5
10.0859 63.47 63.47 2 20 5
10.0859 63.52 63.52 2 20 5
10.0859 63.57 63.57 2 20 5
10.0859 63.62 63.62 2 20 5
10.0859 63.67 63.67 2 20 5
10.0859 63.72 63.72 2 20 5
10.0859 63.77 63.77 2 20 5
10.0859 63.82 63.82 2 20 5
10.0859 63.87 63.87 2 20 5
10.0859 63.92 63.92 2 20 5
10.0859 63.97 63.97 2 20 5
10.0859 64.02 64.02 2 20 5
10.0859 64.07 64.07 2 20 5
10.0859 64.12 64.12 2 20 5
10.0859 64.17 64.17 2 20 5
10.0859 64.22 64.22 2 20 5
10.0859 64.27 64.27 2 20 5
10.0859 64.32 64.32 2 20 5
10.0859 64.37 64.37 2 20 5
10.0859 64.42 64.42 2 20 5
10.0859 64.47 64.47 2 20 5
10.0859 64.52 64.52 2 20 5
10.0859 64.57 64.57 2 20 5
10.0859 64.62 64.62 2 20 5
10.0859 64.67 64.67 2 20 5
10.0859 64.72 64.72 2 20 5
10.0859 64.77 64.77 2 20 5
10.0859 64.82 64.82 2 20 5
10.0859 64.87 64.87 2 20 5
10.0859 64.92 64.92 2 20 5
10.0859 64.97 64.97 2 20 5
10.0859 65.02 65.02 2 20 5
10.0859 65.07 65.07 2 20 5
10.0859 65.12 65.12 2 20 5
10.0859 65.17 65.17 2 20 5
10.0859 65.22 65.22 2 20 5
10.0859 65.27 65.27 2 20 5
10.0859 65.32 65.32 2 20 5
10.0859 65.37 65.37 2 20 5
10.0859 65.42 65.42 2 20 5
10.0859 65.47 65.47 2 20 5
10.0859 65.52 65.52 2 20 5
10.0859 65.57 65.57 2 20 5
10.0859 65.62 65.62 2 20 5
10.0859 65.67 65.67 2 20 5
10.0859 65.72 65.72 2 20 5
10.0859 65.77 65.77 2 20 5
10.0859 65.82 65.82 2 20 5
10.0859 65.87 65.87 2 20 5
10.0859 65.92 65.92 2 20 5
10.0859 65.97 65.97 2 20 5
10.0859 66.02 66.02 2 20 5
10.0859 66.07 66.07 2 20 5
10.0859 66.12 66.12 2 20 5
10.0859 66.17 66.17 2 20 5
10.0859 66.22 66.22 2 20 5
10.0859 66.27 66.27 2 20 5
10.0859 66.32 66.32 2 20 5
10.0859 66.37 66.37 2 20 5
10.0859 66.42 66.42 2 20 5
10.0859 66.47 66.47 2 20 5
10.0859 66.52 66.52 2 20 5
10.0859 66.57 66.57 2 20 5
10.0859 66.62 66.62 2 20 5
10.0859 66.67 66.67 2 20 5
10.0859 66.72 66.72 2 20 5
10.0859 66.77 66.77 2 20 5
10.0859 66.82 66.82 2 20 5
10.0859 66.87 66.87 2 20 5
10.0859 66.92 66.92 2 20 5
10.0859 66.97 66.97 2 20 5
10.0859 67.02 67.02 2 20 5
10.0859 67.07 67.07 2 20 5
10.0859 67.12 67.12 2 20 5
10.0859 67.17 67.17 2 20 5
10.0859 67.22 67.22 2 20 5
10.0859 67.27 67.27 2 20 5
10.0859 67.32 67.32 2 20 5
10.0859 67.37 67.37 2 20 5
10.0859 67.42 67.42 2 20 5
10.0859 67.47 67.47 2 20 5
10.0859 67.52 67.52 2 20 5
10.0859 67.57 67.57 2 20 5
10.0859 67.62 67.62 2 20 5
10.0859 67.67 67.67 2 20 5
10.0859 67.72 67.72 2 20 5
10.0859 67.77 67.77 2 20 5
10.0859 67.82 67.82 2 20 5
10.0859 67.87 67.87 2 20 5
10.0859 67.92 67.92 2 20 5
10.0859 67.97 67.97 2 20 5
10.0859 68.02 68.02 2 20 5
10.0859 68.07 68.07 2 20 5
10.0859 68.12 68.12 2 20 5
10.0859 68.17 68.17 2 20 5
10.0859 68.22 68.22 2 20 5
10.0859 68.27 68.27 2 20 5
10.0859 68.32 68.32 2 20 5
10.0859 68.37 68.37 2 20 5
10.0859 68.42 68.42 2 20 5
10.0859 68.47 68.47 2 20 5
10.0859 68.52 68.52 2 20 5
10.0859 68.57 68.57 2 20 5
10.0859 68.62 68.62 2 20 5
10.0859 68.67 68.67 2 20 5
10.0859 68.72 68.72 2 20 5
10.0859 68.77 68.77 2 20 5
10.0859 68.82 68.82 2 20 5
10.0859 68.87 68.87 2 20 5
10.0859 68.92 68.92 2 20 5
10.0859 68.97 68.97 2 20 5
10.0859 69.02 69.02 2 20 5
10.0859 69.07 69.07 2 20 5
10.0859 69.12 69.12 2 20 5
10.0859 69.17 69.17 2 20 5
10.0859 69.22 69.22 2 20 5
10.0859 69.27 69.27 2 20 5
10.0859 69.32 69.32 2 20 5
10.0859 69.37 69.37 2 20 5
10.0859 69.42 69.42 2 20 5
10.0859 69.47 69.47 2 20 5
10.0859 69.52 69.52 2 20 5
10.0859 69.57 69.57 2 20 5
10.0859 69.62 69.62 2 20 5
10.0859 69.67 69.67 2 20 5
10.0859 69.72 69.72 2 20 5
10.0859 69.77 69.77 2 20 5
10.0859 69.82 69.82 2 20 5
10.0859 69.87 69.87 2 20 5
10.0859 69.92 69.92 2 20 5
10.0859 69.97 69.97 2 20 5
10.0859 70.02 70.02 2 20 5
10.0859 70.07 70.07 2 20 5
10.0859 70.12 70.12 2 20 5
10.0859 70.17 70.17 2 20 5
10.0859 70.22 70.22 2 20 5
10.0859 70.27 70.27 2 20 5
10.0859 70.32 70.32 2 20 5
10.0859 70.37 70.37 2 20 5
10.0859 70.42 70.42 2 20 5
10.0859 70.47 70.47 2 20 5
10.0859 70.52 70.52 2 20 5
10.0859 70.57 70.57 2 20 5
10.0859 70.62 70.62 2 20 5
10.0859 70.67 70.67 2 20 5
10.0859 70.72 70.72 2 20 5
10.0859 70.77 70.77 2 20 5
10.0859 70.82 70.82 2 20 5
10.0859 70.87 70.87 2 20 5
10.0859 70.92 70.92 2 20 5
10.0859 70.97 70.97 2 20 5
10.0859 71.02 71.02 2 20 5
10.0859 71.07 71.07 2 20 5
10.0859 71.12 71.12 2 20 5
10.0859 71.17 71.17 2 20 5
10.0859 71.22 71.22 2 20 5
10.0859 71.27 71.27 2 20 5
10.0859 71.32 71.32 2 20 5
10.0859 71.37 71.37 2 20 5
10.0859 71.42 71.42 2 20 5
10.0859 71.47 71.47 2 20 5
10.0859 71.52 71.52 2 20 5
10.0859 71.57 71.57 2 20 5
10.0859 71.62 71.62 2 20 5
10.0859 71.67 71.67 2 20 5
10.0859 71.72 71.72 2 20 5
10.0859 71.77 71.77 2 20 5
10.0859 71.82 71.82 2 20 5
10.0859 71.87 71.87 2 20 5
10.0859 71.92 71.92 2 20 5
10.0859 71.97 71.97 2 20 5
10.0859 72.02 72.02 2 20 5
10.0859 72.07 72.07 2 20 5
10.0859 72.12 72.12 2 20 5
10.0859 72.17 72.17 2 20 5
10.0859 72.22 72.22 2 20 5
10.0859 72.27 72.27 2 20 5
10.0859 72.32 72.32 2 20 5
10.0859 72.37 72.37 2 20 5
10.0859 72.42 72.42 2 20 5
10.0859 72.47 72.47 2 20 5
10.0859 72.52 72.52 2 20 5
10.0859 72.57 72.57 2 20 5
10.0859 72.62 72.62 2 20 5
10.0859 72.67 72.67 2 20 5
10.0859 72.72 72.72 2 20 5
10.0859 72.77 72.77 2 20 5
10.0859 72.82 72.82 2 20 5
10.0859 72.87 72.87 2 20 5
10.0859 72.92 72.92 2 20 5
10.0859 72.97 72.97 2 20 5
10.0859 73.02 73.02 2 20 5
10.0859 73.07 73.07 2 20 5
10.0859 73.12 73.12 2 20 5
10.0859 73.17 73.17 2 20 5
10.0859 73.22 73.22 2 20 5
10.0859 73.27 73.27 2 20 5
10.0859 73.32 73.32 2 20 5
10.0859 73.37 73.37 2 20 5
10.0859 73.42 73.42 2 20 5
10.0859 73.47 73.47 2 20 5
10.0859 73.52 73.52 2 20 5
10.0859 73.57 73.57 2 20 5
10.0859 73.62 73.62 2 20 5
10.0859 73.67 73.67 2 20 5
10.0859 73.72 73.72 2 20 5
10.0859 73.77 73.77 2 20 5
10.0859 73.82 73.82 2 20 5
10.0859 73.87 73.87 2 20 5
10.0859 73.92 73.92 2 20 5
10.0859 73.97 73.97 2 20 5
10.0859 74.02 74.02 2 20 5
10.0859 74.07 74.07 2 20 5
10.0859 74.12 74.12 2 20 5
10.0859 74.17 74.17 2 20 5
10.0859 74.22 74.22 2 20 5
10.0859 74.27 74.27 2 20 5
10.0859 74.32 74.32 2 20 5
10.0859 74.37 74.37 2 20 5
10.0859 74.42 74.42 2 20 5
10.0859 74.47 74.47 2 20 5
10.0859 74.52 74.52 2 20 5
10.0859 74.57 74.57 2 20 5
10.0859 74.62 74.62 2 20 5
10.0859 74.67 74.67 2 20 5
10.0859 74.72 74.72 2 20 5
10.0859 74.77 74.77 2 20 5
10.0859 74.82 74.82 2 20 5
10.0859 74.87 74.87 2 20 5
10.0859 74.92 74.92 2 20 5
10.0859 74.97 74.97 2 20 5
10.0859 75.02 75.02 2 20 5
10.0859 75.07 75.07 2 20 5
10.0859 75.12 75.12 2 20 5
10.0859 75.17 75.17 2 20 5
10.0859 75.22 75.22 2 20 5
10.0859 75.27 75.27 2 20 5
10.0859 75.32 75.32 2 20 5
10.0859 75.37 75.37 2 20 5
10.0859 75.42 75.42 2 20 5
10.0859 75.47 75.47 2 20 5
10.0859 75.52 75.52 2 20 5
10.0859 75.57 75.57 2 20 5
10.0859 75.62 75.62 2 20 5
10.0859 75.67 75.67 2 20 5
10.0859 75.72 75.72 2 20 5
10.0859 75.77 75.77 2 20 5
10.0859 75.82 75.82 2 20 5
10.0859 75.87 75.87 2 20 5
10.0859 75.92 75.92 2 20 5
10.0859 75.97 75.97 2 20 5
10.0859 76.02 76.02 2 20 5
10.0859 76.07 76.07 2 20 5
10.0859 76.12 76.12 2 20 5
10.0859 76.17 76.17 2 20 5
10.0859 76.22 76.22 2 20 5
10.0859 76.27 76.27 2 20 5
10.0859 76.32 76.32 2 20 5
10.0859 76.37 76.37 2 20 5
10.0859 76.42 76.42 2 20 5
10.0859 76.47 76.47 2 20 5
10.0859 76.52 76.52 2 20 5
10.0859 76.57 76.57 2 20 5
10.0859 76.62 76.62 2 20 5
10.0859 76.67 76.67 2 20 5
10.0859 76.72 76.72 2 20 5
10.0859 76.77 76.77 2 20 5
10.0859 76.82 76.82 2 20 5
10.0859 76.87 76.87 2 20 5
10.0859 76.92 76.92 2 20 5
10.0859 76.97 76.97 2 20 5
10.0859 77.02 77.02 2 20 5
10.0859 77.07 77.07 2 20 5
10.0859 77.12 77.12 2 20 5
10.0859 77.17 77.17 2 20 5
10.0859 77.22 77.22 2 20 5
10.0859 77.27 77.27 2 20 5
10.0859 77.32 77.32 2 20 5
10.0859 77.37 77.37 2 20 5
10.0859 77.42 77.42 2 20 5
10.0859 77.47 77.47 2 20 5
10.0859 77.52 77.52 2 20 5
10.0859 77.57 77.57 2 20 5
10.0859 77.62 77.62 2 20 5
10.0859 77.67 77.67 2 20 5
10.0859 77.72 77.72 2 20 5
10.0859 77.77 77.77 2 20 5
10.0859 77.82 77.82 2 20 5
10.0859 77.87 77.87 2 20 5
10.0859 77.92 77.92 2 20 5
10.0859 77.97 77.97 2 20 5
10.0859 78.02 78.02 2 20 5
10.0859 78.07 78.07 2 20 5
10.0859 78.12 78.12 2 20 5
10.0859 78.17 78.17 2 20 5
10.0859 78.22 78.22 2 20 5
10.0859 78.27 78.27 2 20 5
10.0859 78.32 78.32 2 20 5
10.0859 78.37 78.37 2 20 5
10.0859 78.42 78.42 2 20 5
10.0859 78.47 78.47 2 20 5
10.0859 78.52 78.52 2 20 5
10.0859 78.57 78.57 2 20 5
10.0859 78.62 78.62 2 20 5
10.0859 78.67 78.67 2 20 5
10.0859 78.72 78.72 2 20 5
10.0859 78.77 78.77 2 20 5
10.0859 78.82 78.82 2 20 5
10.0859 78.87 78.87 2 20 5
10.0859 78.92 78.92 2 20 5
10.0859 78.97 78.97 2 20 5
10.0859 79.02 79.02 2 20 5
10.0859 79.07 79.07 2 20 5
10.0859 79.12 79.12 2 20 5
10.0859 79.17 79.17 2 20 5
10.0859 79.22 79.22 2 20 5
10.0859 79.27 79.27 2 20 5
10.0859 79.32 79.32 2 20 5
10.0859 79.37 79.37 2 20 5
10.0859 79.42 79.42 2 20 5
10.0859 79.47 79.47 2 20 5
10.0859 79.52 79.52 2 20 5
10.0859 79.57 79.57 2 20 5
10.0859 79.62 79.62 2 20 5
10.0859 79.67 79.67 2 20 5
10.0859 79.72 79.72 2 20 5
10.0859 79.77 79.77 2 20 5
10.0859 79.82 79.82 2 20 5
10.0859 79.87 79.87 2 20 5
10.0859 79.92 79.92 2 20 5
10.0859 79.97 79.97 2 20 5
10.0859 80.02 80.02 2 20 5
10.0859 80.07 80.07 2 20 5
10.0859 80.12 80.12 2 20 5
10.0859 80.17 80.17 2 20 5
10.0859 80.22 80.22 2 20 5
10.0859 80.27 80.27 2 20 5
10.0859 80.32 80.32 2 20 5
10.0859 80.37 80.37 2 20 5
10.0859 80.42 80.42 2 20 5
10.0859 80.47 80.47 2 20 5
10.0859 80.52 80.52 2 20 5
10.0859 80.57 80.57 2 20 5
10.0859 80.62 80.62 2 20 5
10.0859 80.67 80.67 2 20 5
10.0859 80.72 80.72 2 20 5
10.0859 80.77 80.77 2 20 5
10.0859 80.82 80.82 2 20 5
10.0859 80.87 80.87 2 20 5
10.0859 80.92 80.92 2 20 5
10.0859 80.97 80.97 2 20 5
10.0859 81.02 81.02 2 20 5
10.0859 81.07 81.07 2 20 5
10.0859 81.12 81.12 2 20 5
10.0859 81.17 81.17 2 20 5
10.0859 81.22 81.22 2 20 5
10.0859 81.27 81.27 2 20 5
10.0859 81.32 81.32 2 20 5
10.0859 81.37 81.37 2 20 5
10.0859 81.42 81.42 2 20 5
10.0859 81.47 81.47 2 20 5
10.0859 81.52 81.52 2 20 5
10.0859 81.57 81.57 2 20 5
10.0859 81.62 81.62 2 20 5
10.0859 81.67 81.67 2 20 5
10.0859 81.72 81.72 2 20 5
10.0859 81.77 81.77 2 20 5
10.0859 81.82 81.82 2 20 5
10.0859 81.87 81.87 2 20 5
10.0859 81.92 81.92 2 20 5
10.0859 81.97 81.97 2 20 5
10.0859 82.02 82.02 2 20 5
10.0859 82.07 82.07 2 20 5
10.0859 82.12 82.12 2 20 5
10.0859 82.17 82.17 2 20 5
10.0859 82.22 82.22 2 20 5
10.0859 82.27 82.27 2 20 5
10.0859 82.32 82.32 2 20 5
10.0859 82.37 82.37 2 20 5
10.0859 82.42 82.42 2 20 5
10.0859 82.47 82.47 2 20 5
10.0859 82.52 82.52 2 20 5
10.0859 82.57 82.57 2 20 5
10.0859 82.62 82.62 2 20 5
10.0859 82.67 82.67 2 20 5
10.0859 82.72 82.72 2 20 5
10.0859 82.77 82.77 2 20 5
10.0859 82.82 82.82 2 20 5
10.0859 82.87 82.87 2 20 5
10.0859 82.92 82.92 2 20 5
10.0859 82.97 82.97 2 20 5
10.0859 83.02 83.02 2 20 5
10.0859 83.07 83.07 2 20 5
10.0859 83.12 83.12 2 20 5
10.0859 83.17 83.17 2 20 5
10.0859 83.22 83.22 2 20 5
10.0859 83.27 83.27 2 20 5
10.0859 83.32 83.32 2 20 5
10.0859 83.37 83.37 2 20 5
10.0859 83.42 83.42 2 20 5
10.0859 83.47 83.47 2 20 5
10.0859 83.52 83.52 2 20 5
10.0859 83.57 83.57 2 20 5
10.0859 83.62 83.62 2 20 5
10.0859 83.67 83.67 2 20 5
10.0859 83.72 83.72 2 20 5
10.0859 83.77 83.77 2 20 5
10.0859 83.82 83.82 2 20 5
10.0859 83.87 83.87 2 20 5
10.0859 83.92 83.92 2 20 5
10.0859 83.97 83.97 2 20 5
10.0859 84.02 84.02 2 20 5
10.0859 84.07 84.07 2 20 5
10.0859 84.12 84.12 2 20 5
10.0859 84.17 84.17 2 20 5
10.0859 84.22 84.22 2 20 5
10.0859 84.27 84.27 2 20 5
10.0859 84.32 84.32 2 20 5
10.0859 84.37 84.37 2 20 5
10.0859 84.42 84.42 2 20 5
10.0859 84.47 84.47 2 20 5
10.0859 84.52 84.52 2 20 5
10.0859 84.57 84.57 2 20 5
10.0859 84.62 84.62 2 20 5
10.0859 84.67 84.67 2 20 5
10.0859 84.72 84.72 2 20 5
10.0859 84.77 84.77 2 20 5
10.0859 84.82 84.82 2 20 5
10.0859 84.87 84.87 2 20 5
10.0859 84.92 84.92 2 20 5
10.0859 84.97 84.97 2 20 5
10.0859 85.02 85.02 2 20 5
10.0859 85.07 85.07 2 20 5
10.0859 85.12 85.12 2 20 5
10.0859 85.17 85.17 2 20 5
10.0859 85.22 85.22 2 20 5
10.0859 85.27 85.27 2 20 5
10.0859 85.32 85.32 2 20 5
10.0859 85.37 85.37 2 20 5
10.0859 85.42 85.42 2 20 5
10.0859 85.47 85.47 2 20 5
10.0859 85.52 85.52 2 20 5
10.0859 85.57 85.57 2 20 5
10.0859 85.62 85.62 2 20 5
10.0859 85.67 85.67 2 20 5
10.0859 85.72 85.72 2 20 5
10.0859 85.77 85.77 2 20 5
10.0859 85.82 85.82 2 20 5
10.0859 85.87 85.87 2 20 5
10.0859 85.92 85.92 2 20 5
10.0859 85.97 85.97 2 20 5
10.0859 86.02 86.02 2 20 5
10.0859 86.07 86.07 2 20 5
10.0859 86.12 86.12 2 20 5
10.0859 86.17 86.17 2 20 5
10.0859 86.22 86.22 2 20 5
10.0859 86.27 86.27 2 20 5
10.0859 86.32 86.32 2 20 5
10.0859 86.37 86.37 2 20 5
10.0859 86.42 86.42 2 20 5
10.0859 86.47 86.47 2 20 5
10.0859 86.52 86.52 2 20 5
10.0859 86.57 86.57 2 20 5
10.0859 86.62 86.62 2 20 5
10.0859 86.67 86.67 2 20 5
10.0859 86.72 86.72 2 20 5
10.0859 86.77 86.77 2 20 5
10.0859 86.82 86.82 2 20 5
10.0859 86.87 86.87 2 20 5
10.0859 86.92 86.92 2 20 5
10.0859 86.97 86.97 2 20 5
10.0859 87.02 87.02 2 20 5
10.0859 87.07 87.07 2 20 5
10.0859 87.12 87.12 2 20 5
10.0859 87.17 87.17 2 20 5
10.0859 87.22 87.22 2 20 5
10.0859 87.27 87.27 2 20 5
10.0859 87.32 87.32 2 20 5
10.0859 87.37 87.37 2 20 5
10.0859 87.42 87.42 2 20 5
10.0859 87.47 87.47 2 20 5
10.0859 87.52 87.52 2 20 5
10.0859 87.57 87.57 2 20 5
10.0859 87.62 87.62 2 20 5
10.0859 87.67 87.67 2 20 5
10.0859 87.72 87.72 2 20 5
10.0859 87.77 87.77 2 20 5
10.0859 87.82 87.82 2 20 5
10.0859 87.87 87.87 2 20 5
10.0859 87.92 87.92 2 20 5
10.0859 87.97 87.97 2 20 5
10.0859 88.02 88.02 2 20 5
10.0859 88.07 88.07 2 20 5
10.0859 88.12 88.12 2 20 5
10.0859 88.17 88.17 2 20 5
10.0859 88.22 88.22 2 20 5
10.0859 88.27 88.27 2 20 5
10.0859 88.32 88.32 2 20 5
10.0859 88.37 88.37 2 20 5
10.0859 88.42 88.42 2 20 5
10.0859 88.47 88.47 2 20 5
10.0859 88.52 88.52 2 20 5
10.0859 88.57 88.57 2 20 5
10.0859 88.62 88.62 2 20 5
10.0859 88.67 88.67 2 20 5
10.0859 88.72 88.72 2 20 5
10.0859 88.77 88.77 2 20 5
10.0859 88.82 88.82 2 20 5
10.0859 88.87 88.87 2 20 5
10.0859 88.92 88.92 2 20 5
10.0859 88.97 88.97 2 20 5
10.0859 89.02 89.02 2 20 5
10.0859 89.07 89.07 2 20 5
10.0859 89.12 89.12 2 20 5
10.0859 89.17 89.17 2 20 5
10.0859 89.22 89.22 2 20 5
10.0859 89.27 89.27 2 20 5
10.0859 89.32 89.32 2 20 5
10.0859 89.37 89.37 2 20 5
10.0859 89.42 89.42 2 20 5
10.0859 89.47 89.47 2 20 5
10.0859 89.52 89.52 2 20 5
10.0859 89.57 89.57 2 20 5
10.0859 89.62 89.62 2 20 5
10.0859 89.67 89.67 2 20 5
10.0859 89.72 89.72 2 20 5
10.0859 89.77 89.77 2 20 5
10.0859 89.82 89.82 2 20 5
10.0859 89.87 89.87 2 20 5
10.0859 89.92 89.92 2 20 5
10.0859 89.97 89.97 2 20 5
10.0859 90.02 90.02 2 20 5
10.0859 90.07 90.07 2 20 5
10.0859 90.12 90.12 2 20 5
10.0859 90.17 90.17 2 20 5
10.0859 90.22 90.22 2 20 5
10.0859 90.27 90.27 2 20 5
10.0859 90.32 90.32 2 20 5
10.0859 90.37 90.37 2 20 5
10.0859 90.42 90.42 2 20 5
10.0859 90.47 90.47 2 20 5
10.0859 90.52 90.52 2 20 5
10.0859 90.57 90.57 2 20 5
10.0859 90.62 90.62 2 20 5
10.0859 90.67 90.67 2 20 5
10.0859 90.72 90.72 2 20 5
10.0859 90.77 90.77 2 20 5
10.0859 90.82 90.82 2 20 5
10.0859 90.87 90.87 2 20 5
10.0859 90.92 90.92 2 20 5
10.0859 90.97 90.97 2 20 5
10.0859 91.02 91.02 2 20 5
10.0859 91.07 91.07 2 20 5
10.0859 91.12 91.12 2 20 5
10.0859 91.17 91.17 2 20 5
10.0859 91.22 91.22 2 20 5
10.0859 91.27 91.27 2 20 5
10.0859 91.32 91.32 2 20 5
10.0859 91.37 91.37 2 20 5
10.0859 91.42 91.42 2 20 5
10.0859 91.47 91.47 2 20 5
10.0859 91.52 91.52 2 20 5
10.0859 91.57 91.57 2 20 5
10.0859 91.62 91.62 2 20 5
10.0859 91.67 91.67 2 20 5
10.0859 91.72 91.72 2 20 5
10.0859 91.77 91.77 2 20 5
10.0859 91.82 91.82 2 20 5
10.0859 91.87 91.87 2 20 5
10.0859 91.92 91.92 2 20 5
10.0859 91.97 91.97 2 20 5
10.0859 92.02 92.02 2 20 5
10.0859 92.07 92.07 2 20 5
10.0859 92.12 92.12 2 20 5
10.0859 92.17 92.17 2 20 5
10.0859 92.22 92.22 2 20 5
10.0859 92.27 92.27 2 20 5
10.0859 92.32 92.32 2 20 5
10.0859 92.37 92.37 2 20 5
10.0859 92.42 92.42 2 20 5
10.0859 92.47 92.47 2 20 5
10.0859 92.52 92.52 2 20 5
10.0859 92.57 92.57 2 20 5
10.0859 92.62 92.62 2 20 5
10.0859 92.67 92.67 2 20 5
10.0859 92.72 92.72 2 20 5
10.0859 92.77 92.77 2 20 5
10.0859 92.82 92.82 2 20 5
10.0859 92.87 92.87 2 20 5
10.0859 92.92 92.92 2 20 5
10.0859 92.97 92.97 2 20 5
10.0859 93.02 93.02 2 20 5
10.0859 93.07 93.07 2 20 5
10.0859 93.12 93.12 2 20 5
10.0859 93.17 93.17 2 20 5
10.0859 93.22 93.22 2 20 5
10.0859 93.27 93.27 2 20 5
10.0859 93.32 93.32 2 20 5
10.0859 93.37 93.37 2 20 5
10.0859 93.42 93.42 2 20 5
10.0859 93.47 93.47 2 20 5
10.0859 93.52 93.52 2 20 5
10.0859 93.57 93.57 2 20 5
10.0859 93.62 93.62 2 20 5
10.0859 93.67 93.67 2 20 5
10.0859 93.72 93.72 2 20 5
10.0859 93.77 93.77 2 20 5
10.0859 93.82 93.82 2 20 5
10.0859 93.87 93.87 2 20 5
10.0859 93.92 93.92 2 20 5
10.0859 93.97 93.97 2 20 5
10.0859 94.02 94.02 2 20 5
10.0859 94.07 94.07 2 20 5
10.0859 94.12 94.12 2 20 5
10.0859 94.17 94.17 2 20 5
10.0859 94.22 94.22 2 20 5
10.0859 94.27 94.27 2 20 5
10.0859 94.32 94.32 2 20 5
10.0859 94.37 94.37 2 20 5
10.0859 94.42 94.42 2 20 5
10.0859 94.47 94.47 2 20 5
10.0859 94.52 94.52 2 20 5
10.0859 94.57 94.57 2 20 5
10.0859 94.62 94.62 2 20 5
10.0859 94.67 94.67 2 20 5
10.0859 94.72 94.72 2 20 5
10.0859 94.77 94.77 2 20 5
10.0859 94.82 94.82 2 20 5
10.0859 94.87 94.87 2 20 5
10.0859 94.92 94.92 2 20 5
10.0859 94.97 94.97 2 20 5
10.0859 95.02 95.02 2 20 5
10.0859 95.07 95.07 2 20 5
10.0859 95.12 95.12 2 20 5
10.0859 95.17 95.17 2 20 5
10.0859 95.22 95.22 2 20 5
10.0859 95.27 95.27 2 20 5
10.0859 95.32 95.32 2 20 5
10.0859 95.37 95.37 2 20 5
10.0859 95.42 95.42 2 20 5
10.0859 95.47 95.47 2 20 5
10.0859 95.52 95.52 2 20 5
10.0859 95.57 95.57 2 20 5
10.0859 95.62 95.62 2 20 5
10.0859 95.67 95.67 2 20 5
10.0859 95.72 95.72 2 20 5
10.0859 95.77 95.77 2 20 5
10.0859 95.82 95.82 2 20 5
10.0859 95.87 95.87 2 20 5
10.0859 95.92 95.92 2 20 5
10.0859 95.97 95.97 2 20 5
10.0859 96.02 96.02 2 20 5
10.0859 96.07 96.07 2 20 5
10.0859 96.12 96.12 2 20 5
10.0859 96.17 96.17 2 20 5
10.0859 96.22 96.22 2 20 5
10.0859 96.27 96.27 2 20 5
10.0859 96.32 96.32 2 20 5
10.0859 96.37 96.37 2 20 5
10.0859 96.42 96.42 2 20 5
10.0859 96.47 96.47 2 20 5
10.0859 96.52 96.52 2 20 5
10.0859 96.57 96.57 2 20 5
10.0859 96.62 96.62 2 20 5
10.0859 96.67 96.67 2 20 5
10.0859 96.72 96.72 2 20 5
10.0859 96.77 96.77 2 20 5
10.0859 96.82 96.82 2 20 5
10.0859 96.87 96.87 2 20 5
10.0859 96.92 96.92 2 20 5
10.0859 96.97 96.97 2 20 5
10.0859 97.02 97.02 2 20 5
10.0859 97.07 97.07 2 20 5
10.0859 97.12 97.12 2 20 5
10.0859 97.17 97.17 2 20 5
10.0859 97.22 97.22 2 20 5
10.0859 97.27 97.27 2 20 5
10.0859 97.32 97.32 2 20 5
10.0859 97.37 97.37 2 20 5
10.0859 97.42 97.42 2 20 5
10.0859 97.47 97.47 2 20 5
10.0859 97.52 97.52 2 20 5
10.0859 97.57 97.57 2 20 5
10.0859 97.62 97.62 2 20 5
10.0859 97.67 97.67 2 20 5
10.0859 97.72 97.72 2 20 5
10.0859 97.77 97.77 2 20 5
10.0859 97.82 97.82 2 20 5
10.0859 97.87 97.87 2 20 5
10.0859 97.92 97.92 2 20 5
10.0859 97.97 97.97 2 20 5
10.0859 98.02 98.02 2 20 5
10.0859 98.07 98.07 2 20 5
10.0859 98.12 98.12 2 20 5
10.0859 98.17 98.17 2 20 5
10.0859 98.22 98.22 2 20 5
10.0859 98.27 98.27 2 20 5
10.0859 98.32 98.32 2 20 5
10.0859 98.37 98.37 2 20 5
10.0859 98.42 98.42 2 20 5
10.0859 98.47 98.47 2 20 5
10.0859 98.52 98.52 2 20 5
10.0859 98.57 98.57 2 20 5
10.0859 98.62 98.62 2 20 5
10.0859 98.67 98.67 2 20 5
10.0859 98.72 98.72 2 20 5
10.0859 98.77 98.77 2 20 5
10.0859 98.82 98.82 2 20 5
10.0859 98.87 98.87 2 20 5
10.0859 98.92 98.92 2 20 5
10.0859 98.97 98.97 2 20 5
10.0859 99.02 99.02 2 20 5
10.0859 99.07 99.07 2 20 5
10.0859 99.12 99.12 2 20 5
10.0859 99.17 99.17 2 20 5
10.0859 99.22 99.22 2 20 5
10.0859 99.27 99.27 2 20 5
10.0859 99.32 99.32 2 20 5
10.0859 99.37 99.37 2 20 5
10.0859 99.42 99.42 2 20 5
10.0859 99.47 99.47 2 20 5
10.0859 99.52 99.52 2 20 5
10.0859 99.57 99.57 2 20 5
10.0859 99.62 99.62 2 20 5
10.0859 99.67 99.67 2 20 5
10.0859 99.72 99.72 2 20 5
10.0859 99.77 99.77 2 20 5
10.0859 99.82 99.82 2 20 5
10.0859 99.87 99.87 2 20 5
10.0859 99.92 99.92 2 20 5
10.0859 99.97 99.97 2 20 5
10.0859 100.02 100.02 2 20 5
10.0859 100.07 100.07 2 20 5
10.0859 100.12 100.12 2 20 5
10.0859 100.17 100.17 2 20 5
10.0859 100.22 100.22 2 20 5
10.0859 100.27 100.27 2 20 5
10.0859 100.32 100.32 2 20 5
10.0859 100.37 100.37 2 20 5
10.0859 100.42 100.42 2 20 5
10.0859 100.47 100.47 2 20 5
10.0859 100.52 100.52 2 20 5
10.0859 100.57 100.57 2 20 5
10.0859 100.62 100.62 2 20 5
10.0859 100.67 100.67 2 20 5
10.0859 100.72 100.72 2 20 5
10.0859 100.77 100.77 2 20 5
10.0859 100.82 100.82 2 20 5
10.0859 100.87 100.87 2 20 5
10.0859 100.92 100.92 2 20 5
10.0859 100.97 100.97 2 20 5
10.0859 101.02 101.02 2 20 5
10.0859 101.07 101.07 2 20 5
10.0859 101.12 101.12 2 20 5
10.0859 101.17 101.17 2 20 5
10.0859 101.22 101.22 2 20 5
10.0859 101.27 101.27 2 20 5
10.0859 101.32 101.32 2 20 5
10.0859 101.37 101.37 2 20 5
10.0859 101.42 101.42 2 20 5
10.0859 101.47 101.47 2 20 5
10.0859 101.52 101.52 2 20 5
10.0859 101.57 101.57 2 20 5
10.0859 101.62 101.62 2 20 5
10.0859 101.67 101.67 2 20 5
10.0859 101.72 101.72 2 20 5
10.0859 101.77 101.77 2 20 5
10.0859 101.82 101.82 2 20 5
10.0859 101.87 101.87 2 20 5
10.0859 101.92 101.92 2 20 5
10.0859 101.97 101.97 2 20 5
10.0859 102.02 102.02 2 20 5
10.0859 102.07 102.07 2 20 5
10.0859 102.12 102.12 2 20 5
10.0859 102.17 102.17 2 20 5
10.0859 102.22 102.22 2 20 5
10.0859 102.27 102.27 2 20 5
10.0859 102.32 102.32 2 20 5
10.0859 102.37 102.37 2 20 5
10.0859 102.42 102.42 2 20 5
10.0859 102.47 102.47 2 20 5
10.0859 102.52 102.52 2 20 5
10.0859 102.57 102.57 2 20 5
10.0859 102.62 102.62 2 20 5
10.0859 102.67 102.67 2 20 5
10.0859 102.72 102.72 2 20 5
10.0859 102.77 102.77 2 20 5
10.0859 102.82 102.82 2 20 5
10.0859 102.87 102.87 2 20 5
10.0859 102.92 102.92 2 20 5
10.0859 102.97 102.97 2 20 5
10.0859 103.02 103.02 2 20 5
10.0859 103.07 103.07 2 20 5
10.0859 103.12 103.12 2 20 5
10.0859 103.17 103.17 2 20 5
10.0859 103.22 103.22 2 20 5
10.0859 103.27 103.27 2 20 5
10.0859 103.32 103.32 2 20 5
10.0859 103.37 103.37 2 20 5
10.0859 103.42 103.42 2 20 5
10.0859 103.47 103.47 2 20 5
10.0859 103.52 103.52 2 20 5
10.0859 103.57 103.57 2 20 5
10.0859 103.62 103.62 2 20 5
10.0859 103.67 103.67 2 20 5
10.0859 103.72 103.72 2 20 5
10.0859 103.77 103.77 2 20 5
10.0859 103.82 103.82 2 20 5
10.0859 103.87 103.87 2 20 5
10.0859 103.92 103.92 2 20 5
10.0859 103.97 103.97 2 20 5
10.0859 104.02 104.02 2 20 5
10.0859 104.07 104.07 2 20 5
10.0859 104.12 104.12 2 20 5
10.0859 104.17 104.17 2 20 5
10.0859 104.22 104.22 2 20 5
10.0859 104.27 104.27 2 20 5
10.0859 104.32 104.32 2 20 5
10.0859 104.37 104.37 2 20 5
10.0859 104.42 104.42 2 20 5
10.0859 104.47 104.47 2 20 5
10.0859 104.52 104.52 2 20 5
10.0859 104.57 104.57 2 20 5
10.0859 104.62 104.62 2 20 5
10.0859 104.67 104.67 2 20 5
10.0859 104.72 104.72 2 20 5
10.0859 104.77 104.77 2 20 5
10.0859 104.82 104.82 2 20 5
10.0859 104.87 104.87 2 20 5
10.0859 104.92 104.92 2 20 5
10.0859 104.97 104.97 2 20 5
10.0859 105.02 105.02 2 20 5
10.0859 105.07 105.07 2 20 5
10.0859 105.12 105.12 2 20 5
10.0859 105.17 105.17 2 20 5
10.0859 105.22 105.22 2 20 5
10.0859 105.27 105.27 2 20 5
10.0859 105.32 105.32 2 20 5
10.0859 105.37 105.37 2 20 5
10.0859 105.42 105.42 2 20 5
10.0859 105.47 105.47 2 20 5
10.0859 105.52 105.52 2 20 5
10.0859 105.57 105.57 2 20 5
10.0859 105.62 105.62 2 20 5
10.0859 105.67 105.67 2 20 5
10.0859 105.72 105.72 2 20 5
10.0859 105.77 105.77 2 20 5
10.0859 105.82 105.82 2 20 5
10.0859 105.87 105.87 2 20 5
10.0859 105.92 105.92 2 20 5
10.0859 105.97 105.97 2 20 5
10.0859 106.02 106.02 2 20 5
10.0859 106.07 106.07 2 20 5
10.0859 106.12 106.12 2 20 5
10.0859 106.17 106.17 2 20 5
10.0859 106.22 106.22 2 20 5
10.0859 106.27 106.27 2 20 5
10.0859 106.32 106.32 2 20 5
10.0859 106.37 106.37 2 20 5
10.0859 106.42 106.42 2 20 5
10.0859 106.47 106.47 2 20 5
10.0859 106.52 106.52 2 20 5
10.0859 106.57 106.57 2 20 5
10.0859 106.62 106.62 2 20 5
10.0859 106.67 106.67 2 20 5
10.0859 106.72 106.72 2 20 5
10.0859 106.77 106.77 2 20 5
10.0859 106.82 106.82 2 20 5
10.0859 106.87 106.87 2 20 5
10.0859 106.92 106.92 2 20 5
10.0859 106.97 106.97 2 20 5
10.0859 107.02 107.02 2 20 5
10.0859 107.07 107.07 2 20 5
10.0859 107.12 107.12 2 20 5
10.0859 107.17 107.17 2 20 5
10.0859 107.22 107.22 2 20 5
10.0859 107.27 107.27 2 20 5
10.0859 107.32 107.32 2 20 5
10.0859 107.37 107.37 2 20 5
10.0859 107.42 107.42 2 20 5
10.0859 107.47 107.47 2 20 5
10.0859 107.52 107.52 2 20 5
10.0859 107.57 107.57 2 20 5
10.0859 107.62 107.62 2 20 5
10.0859 107.67 107.67 2 20 5
10.0859 107.72 107.72 2 20 5
10.0859 107.77 107.77 2 20 5
10.0859 107.82 107.82 2 20 5
10.0859 107.87 107.87 2 20 5
10.0859 107.92 107.92 2 20 5
10.0859 107.97 107.97 2 20 5
10.0859 108.02 108.02 2 20 5
10.0859 108.07 108.07 2 20 5
10.0859 108.12 108.12 2 20 5
10.0859 108.17 108.17 2 20 5
10.0859 108.22 108.22 2 20 5
10.0859 108.27 108.27 2 20 5
10.0859 108.32 108.32 2 20 5
10.0859 108.37 108.37 2 20 5
10.0859 108.42 108.42 2 20 5
10.0859 108.47 108.47 2 20 5
10.0859 108.52 108.52 2 20 5
10.0859 108.57 108.57 2 20 5
10.0859 108.62 108.62 2 20 5
10.0859 108.67 108.67 2 20 5
10.0859 108.72 108.72 2 20 5
10.0859 108.77 108.77 2 20 5
10.0859 108.82 108.82 2 20 5
10.0859 108.87 108.87 2 20 5
10.0859 108.92 108.92 2 20 5
10.0859 108.97 108.97 2 20 5
10.0859 109.02 109.02 2 20 5
10.0859 109.07 109.07 2 20 5
10.0859 109.12 109.12 2 20 5
10.0859 109.17 109.17 2 20 5
10.0859 109.22 109.22 2 20 5
10.0859 109.27 109.27 2 20 5
10.0859 109.32 109.32 2 20 5
10.0859 109.37 109.37 2 20 5
10.0859 109.42 109.42 2 20 5
10.0859 109.47 109.47 2 20 5
10.0859 109.52 109.52 2 20 5
10.0859 109.57 109.57 2 20 5
10.0859 109.62 109.62 2 20 5
10.0859 109.67 109.67 2 20 5
10.0859 109.72 109.72 2 20 5
10.0859 109.77 109.77 2 20 5
10.0859 109.82 109.82 2 20 5
10.0859 109.87 109.87 2 20 5
10.0859 109.92 109.92 2 20 5
10.0859 109.97 109.97 2 20 5
10.0859 110.02 110.02 2 20 5
10.0859 110.07 110.07 2 20 5
10.0859 110.12 110.12 2 20 5
10.0859 110.17 110.17 2 20 5
10.0859 110.22 110.22 2 20 5
10.0859 110.27 110.27 2 20 5
10.0859 110.32 110.32 2 20 5
10.0859 110.37 110.37 2 20 5
10.0859 110.42 110.42 2 20 5
10.0859 110.47 110.47 2 20 5
10.0859 110.52 110.52 2 20 5
10.0859 110.57 110.57 2 20 5
10.0859 110.62 110.62 2 20 5
10.0859 110.67 110.67 2 20 5
10.0859 110.72 110.72 2 20 5
10.0859 110.77 110.77 2 20 5
10.0859 110.82 110.82 2 20 5
10.0859 110.87 110.87 2 20 5
10.0859 110.92 110.92 2 20 5
10.0859 110.97 110.97 2 20 5
10.0859 111.02 111.02 2 20 5
10.0859 111.07 111.07 2 20 5
10.0859 111.12 111.12 2 20 5
10.0859 111.17 111.17 2 20 5
10.0859 111.22 111.22 2 20 5
10.0859 111.27 111.27 2 20 5
10.0859 111.32 111.32 2 20 5
10.0859 111.37 111.37 2 20 5
10.0859 111.42 111.42 2 20 5
10.0859 111.47 111.47 2 20 5
10.0859 111.52 111.52 2 20 5
10.0859 111.57 111.57 2 20 5
10.0859 111.62 111.62 2 20 5
10.0859 111.67 111.67 2 20 5
10.0859 111.72 111.72 2 20 5
10.0859 111.77 111.77 2 20 5
10.0859 111.82 111.82 2 20 5
10.0859 111.87 111.87 2 20 5
10.0859 111.92 111.92 2 20 5
10.0859 111.97 111.97 2 20 5
10.0859 112.02 112.02 2 20 5
10.0859 112.07 112.07 2 20 5
10.0859 112.12 112.12 2 20 5
10.0859 112.17 112.17 2 20 5
10.0859 112.22 112.22 2 20 5
10.0859 112.27 112.27 2 20 5
10.0859 112.32 112.32 2 20 5
10.0859 112.37 112.37 2 20 5
10.0859 112.42 112.42 2 20 5
10.0859 112.47 112.47 2 20 5
10.0859 112.52 112.52 2 20 5
10.0859 112.57 112.57 2 20 5
10.0859 112.62 112.62 2 20 5
10.0859 112.67 112.67 2 20 5
10.0859 112.72 112.72 2 20 5
10.0859 112.77 112.77 2 20 5
10.0859 112.82 112.82 2 20 5
10.0859 112.87 112.87 2 20 5
10.0859 112.92 112.92 2 20 5
10.0859 112.97 112.97 2 20 5
10.0859 113.02 113.02 2 20 5
10.0859 113.07 113.07 2 20 5
10.0859 113.12 113.12 2 20 5
10.0859 113.17 113.17 2 20 5
10.0859 113.22 113.22 2 20 5
10.0859 113.27 113.27 2 20 5
10.0859 113.32 113.32 2 20 5
10.0859 113.37 113.37 2 20 5
10.0859 113.42 113.42 2 20 5
10.0859 113.47 113.47 2 20 5
10.0859 113.52 113.52 2 20 5
10.0859 113.57 113.57 2 20 5
10.0859 113.62 113.62 2 20 5
10.0859 113.67 113.67 2 20 5
10.0859 113.72 113.72 2 20 5
10.0859 113.77 113.77 2 20 5
10.0859 113.82 113.82 2 20 5
10.0859 113.87 113.87 2 20 5
10.0859 113.92 113.92 2 20 5
10.0859 113.97 113.97 2 20 5
10.0859 114.02 114.02 2 20 5
10.0859 114.07 114.07 2 20 5
10.0859 114.12 114.12 2 20 5
10.0859 114.17 114.17 2 20 5
10.0859 114.22 114.22 2 20 5
10.0859 114.27 114.27 2 20 5
10.0859 114.32 114.32 2 20 5
10.0859 114.37 114.37 2 20 5
10.0859 114.42 114.42 2 20 5
10.0859 114.47 114.47 2 20 5
10.0859 114.52 114.52 2 20 5
10.0859 114.57 114.57 2 20 5
10.0859 114.62 114.62 2 20 5
10.0859 114.67 114.67 2 20 5
10.0859 114.72 114.72 2 20 5
10.0859 114.77 114.77 2 20 5
10.0859 114.82 114.82 2 20 5
10.0859 114.87 114.87 2 20 5
10.0859 114.92 114.92 2 20 5
10.0859 114.97 114.97 2 20 5
10.0859 115.02 115.02 2 20 5
10.0859 115.07 115.07 2 20 5
10.0859 115.12 115.12 2 20 5
10.0859 115.17 115.17 2 20 5
10.0859 115.22 115.22 2 20 5
10.0859 115.27 115.27 2 20 5
10.0859 115.32 115.32 2 20 5
10.0859 115.37 115.37 2 20 5
10.0859 115.42 115.42 2 20 5
10.0859 115.47 115.47 2 20 5
10.0859 115.52 115.52 2 20 5
10.0859 115.57 115.57 2 20 5
10.0859 115.62 115.62 2 20 5
10.0859 115.67 115.67 2 20 5
10.0859 115.72 115.72 2 20 5
10.0859 115.77 115.77 2 20 5
10.0859 115.82 115.82 2 20 5
10.0859 115.87 115.87 2 20 5
10.0859 115.92 115.92 2 20 5
10.0859 115.97 115.97 2 20 5
10.0859 116.02 116.02 2 20 5
10.0859 116.07 116.07 2 20 5
10.0859 116.12 116.12 2 20 5
10.0859 116.17 116.17 2 20 5
10.0859 116.22 116.22 2 20 5
10.0859 116.27 116.27 2 20 5
10.0859 116.32 116.32 2 20 5
10.0859 116.37 116.37 2 20 5
10.0859 116.42 116.42 2 20 5
10.0859 116.47 116.47 2 20 5
10.086 116.52 116.52 2 20 5
10.0859 116.57 116.57 2 20 5
10.0859 116.62 116.62 2 20 5
10.0858 116.67 116.67 2 20 5
10.0858 116.72 116.72 2 20 5
10.0859 116.77 116.77 2 20 5
10.0859 116.82 116.82 2 20 5
10.0859 116.87 116.87 2 20 5
10.0859 116.92 116.92 2 20 5
10.0859 116.97 116.97 2 20 5
10.0859 117.02 117.02 2 20 5
10.0859 117.07 117.07 2 20 5
10.0859 117.12 117.12 2 20 5
10.0859 117.17 117.17 2 20 5
10.0859 117.22 117.22 2 20 5
10.0859 117.27 117.27 2 20 5
10.0859 117.32 117.32 2 20 5
10.0859 117.37 117.37 2 20 5
10.0859 117.42 117.42 2 20 5
10.0859 117.47 117.47 2 20 5
10.0859 117.52 117.52 2 20 5
10.0859 117.57 117.57 2 20 5
10.0859 117.62 117.62 2 20 5
10.0859 117.67 117.67 2 20 5
10.0859 117.72 117.72 2 20 5
10.0859 117.77 117.77 2 20 5
10.0859 117.82 117.82 2 20 5
10.0859 117.87 117.87 2 20 5
10.0859 117.92 117.92 2 20 5
10.0859 117.97 117.97 2 20 5
10.0859 118.02 118.02 2 20 5
10.0859 118.07 118.07 2 20 5
10.0859 118.12 118.12 2 20 5
10.0859 118.17 118.17 2 20 5
10.0859 118.22 118.22 2 20 5
10.0859 118.27 118.27 2 20 5
10.0859 118.32 118.32 2 20 5
10.0859 118.37 118.37 2 20 5
10.0859 118.42 118.42 2 20 5
10.0859 118.47 118.47 2 20 5
10.0859 118.52 118.52 2 20 5
10.0859 118.57 118.57 2 20 5
10.0859 118.62 118.62 2 20 5
10.0859 118.67 118.67 2 20 5
10.0859 118.72 118.72 2 20 5
10.0859 118.77 118.77 2 20 5
10.0859 118.82 118.82 2 20 5
10.0859 118.87 118.87 2 20 5
10.0859 118.92 118.92 2 20 5
10.0859 118.97 118.97 2 20 5
10.0859 119.02 119.02 2 20 5
10.0859 119.07 119.07 2 20 5
10.0859 119.12 119.12 2 20 5
10.0859 119.17 119.17 2 20 5
10.0859 119.22 119.22 2 20 5
10.0859 119.27 119.27 2 20 5
10.0859 119.32 119.32 2 20 5
10.0859 119.37 119.37 2 20 5
10.0859 119.42 119.42 2 20 5
10.0859 119.47 119.47 2 20 5
10.0859 119.52 119.52 2 20 5
10.0859 119.57 119.57 2 20 5
10.0859 119.62 119.62 2 20 5
10.0859 119.67 119.67 2 20 5
10.0859 119.72 119.72 2 20 5
10.0859 119.77 119.77 2 20 5
10.0859 119.82 119.82 2 20 5
10.0859 119.87 119.87 2 20 5
10.0859 119.92 119.92 2 20 5
10.0859 119.97 119.97 2 20 5
10.0859 120.02 120.02 2 20 5
10.0859 120.07 120.07 2 20 5
10.0859 120.12 120.12 2 20 5
10.0859 120.17 120.17 2 20 5
10.0859 120.22 120.22 2 20 5
10.0859 120.27 120.27 2 20 5
10.0859 120.32 120.32 2 20 5
10.0859 120.37 120.37 2 20 5
10.0859 120.42 120.42 2 20 5
10.0859 120.47 120.47 2 20 5
10.0859 120.52 120.52 2 20 5
10.0859 120.57 120.57 2 20 5
10.0859 120.62 120.62 2 20 5
10.0859 120.67 120.67 2 20 5
10.0859 120.72 120.72 2 20 5
10.0859 120.77 120.77 2 20 5
10.0859 120.82 120.82 2 20 5
10.0859 120.87 120.87 2 20 5
10.0859 120.92 120.92 2 20 5
10.0859 120.97 120.97 2 20 5
10.0859 121.02 121.02 2 20 5
10.0859 121.07 121.07 2 20 5
10.0859 121.12 121.12 2 20 5
10.0859 121.17 121.17 2 20 5
10.0859 121.22 121.22 2 20 5
10.0859 121.27 121.27 2 20 5
10.0859 121.32 121.32 2 20 5
10.0859 121.37 121.37 2 20 5
10.0859 121.42 121.42 2 20 5
10.0859 121.47 121.47 2 20 5
10.0859 121.52 121.52 2 20 5
10.0859 121.57 121.57 2 20 5
10.0859 121.62 121.62 2 20 5
10.0859 121.67 121.67 2 20 5
10.0859 121.72 121.72 2 20 5
10.0859 121.77 121.77 2 20 5
10.0859 121.82 121.82 2 20 5
10.0859 121.87 121.87 2 20 5
10.0859 121.92 121.92 2 20 5
10.0859 121.97 121.97 2 20 5
10.0859 122.02 122.02 2 20 5
10.0859 122.07 122.07 2 20 5
10.0859 122.12 122.12 2 20 5
10.0859 122.17 122.17 2 20 5
10.0859 122.22 122.22 2 20 5
10.0859 122.27 122.27 2 20 5
10.0859 122.32 122.32 2 20 5
10.0859 122.37 122.37 2 20 5
10.0859 122.42 122.42 2 20 5
10.0859 122.47 122.47 2 20 5
10.0859 122.52 122.52 2 20 5
10.0859 122.57 122.57 2 20 5
10.0859 122.62 122.62 2 20 5
10.0859 122.67 122.67 2 20 5
10.0859 122.72 122.72 2 20 5
10.0859 122.77 122.77 2 20 5
10.0859 122.82 122.82 2 20 5
10.0859 122.87 122.87 2 20 5
10.0859 122.92 122.92 2 20 5
10.0859 122.97 122.97 2 20 5
10.0859 123.02 123.02 2 20 5
10.0859 123.07 123.07 2 20 5
10.0859 123.12 123.12 2 20 5
10.0859 123.17 123.17 2 20 5
10.0859 123.22 123.22 2 20 5
10.0859 123.27 123.27 2 20 5
10.0859 123.32 123.32 2 20 5
10.0859 123.37 123.37 2 20 5
10.0859 123.42 123.42 2 20 5
10.0859 123.47 123.47 2 20 5
10.0859 123.52 123.52 2 20 5
10.0859 123.57 123.57 2 20 5
10.0859 123.62 123.62 2 20 5
10.0859 123.67 123.67 2 20 5
10.0859 123.72 123.72 2 20 5
10.0859 123.77 123.77 2 20 5
10.0859 123.82 123.82 2 20 5
10.0859 123.87 123.87 2 20 5
10.0859 123.92 123.92 2 20 5
10.0859 123.97 123.97 2 20 5
10.0859 124.02 124.02 2 20 5
10.0859 124.07 124.07 2 20 5
10.0859 124.12 124.12 2 20 5
10.0859 124.17 124.17 2 20 5
10.0859 124.22 124.22 2 20 5
10.0859 124.27 124.27 2 20 5
10.0859 124.32 124.32 2 20 5
10.0859 124.37 124.37 2 20 5
10.0859 124.42 124.42 2 20 5
10.0859 124.47 124.47 2 20 5
10.0859 124.52 124.52 2 20 5
10.0859 124.57 124.57 2 20 5
10.0859 124.62 124.62 2 20 5
10.0859 124.67 124.67 2 20 5
10.0859 124.72 124.72 2 20 5
10.0859 124.77 124.77 2 20 5
10.0859 124.82 124.82 2 20 5
10.0859 124.87 124.87 2 20 5
10.0859 124.92 124.92 2 20 5
10.0859 124.97 124.97 2 20 5
10.0859 125.02 125.02 2 20 5
10.0859 125.07 125.07 2 20 5
10.0859 125.12 125.12 2 20 5
10.0859 125.17 125.17 2 20 5
10.0859 125.22 125.22 2 20 5
10.0859 125.27 125.27 2 20 5
10.0859 125.32 125.32 2 20 5
10.0859 125.37 125.37 2 20 5
10.0859 125.42 125.42 2 20 5
10.0859 125.47 125.47 2 20 5
10.0859 125.52 125.52 2 20 5
10.0859 125.57 125.57 2 20 5
10.0859 125.62 125.62 2 20 5
10.0859 125.67 125.67 2 20 5
10.0859 125.72 125.72 2 20 5
10.0859 125.77 125.77 2 20 5
10.0859 125.82 125.82 2 20 5
10.0859 125.87 125.87 2 20 5
10.0859 125.92 125.92 2 20 5
10.0859 125.97 125.97 2 20 5
10.0859 126.02 126.02 2 20 5
10.0859 126.07 126.07 2 20 5
10.0859 126.12 126.12 2 20 5
10.0859 126.17 126.17 2 20 5
10.0859 126.22 126.22 2 20 5
10.0859 126.27 126.27 2 20 5
10.0859 126.32 126.32 2 20 5
10.0859 126.37 126.37 2 20 5
10.0859 126.42 126.42 2 20 5
10.0859 126.47 126.47 2 20 5
10.0859 126.52 126.52 2 20 5
10.0859 126.57 126.57 2 20 5
10.0859 126.62 126.62 2 20 5
10.0859 126.67 126.67 2 20 5
10.0859 126.72 126.72 2 20 5
10.0859 126.77 126.77 2 20 5
10.0859 126.82 126.82 2 20 5
10.0859 126.87 126.87 2 20 5
10.0859 126.92 126.92 2 20 5
10.0859 126.97 126.97 2 20 5
10.0859 127.02 127.02 2 20 5
10.0859 127.07 127.07 2 20 5
10.0859 127.12 127.12 2 20 5
10.0859 127.17 127.17 2 20 5
10.0859 127.22 127.22 2 20 5
10.0859 127.27 127.27 2 20 5
10.0859 127.32 127.32 2 20 5
10.0859 127.37 127.37 2 20 5
10.0859 127.42 127.42 2 20 5
10.0859 127.47 127.47 2 20 5
10.0859 127.52 127.52 2 20 5
10.0859 127.57 127.57 2 20 5
10.0859 127.62 127.62 2 20 5
10.0859 127.67 127.67 2 20 5
10.0859 127.72 127.72 2 20 5
10.0859 127.77 127.77 2 20 5
10.0859 127.82 127.82 2 20 5
10.0859 127.87 127.87 2 20 5
10.0859 127.92 127.92 2 20 5
10.0859 127.97 127.97 2 20 5
10.0859 128.02 128.02 2 20 5
10.0859 128.07 128.07 2 20 5
10.0859 128.12 128.12 2 20 5
10.0859 128.17 128.17 2 20 5
10.0859 128.22 128.22 2 20 5
10.0859 128.27 128.27 2 20 5
10.0859 128.32 128.32 2 20 5
10.0859 128.37 128.37 2 20 5
10.0859 128.42 128.42 2 20 5
10.0859 128.47 128.47 2 20 5
10.0859 128.52 128.52 2 20 5
10.0859 128.57 128.57 2 20 5
10.0859 128.62 128.62 2 20 5
10.0859 128.67 128.67 2 20 5
10.0859 128.72 128.72 2 20 5
10.0859 128.77 128.77 2 20 5
10.0859 128.82 128.82 2 20 5
10.0859 128.87 128.87 2 20 5
10.0859 128.92 128.92 2 20 5
10.0859 128.97 128.97 2 20 5
10.0859 129.02 129.02 2 20 5
10.0859 129.07 129.07 2 20 5
10.0859 129.12 129.12 2 20 5
10.0859 129.17 129.17 2 20 5
10.0859 129.22 129.22 2 20 5
10.0859 129.27 129.27 2 20 5
10.0859 129.32 129.32 2 20 5
10.0859 129.37 129.37 2 20 5
10.0859 129.42 129.42 2 20 5
10.0859 129.47 129.47 2 20 5
10.0859 129.52 129.52 2 20 5
10.0859 129.57 129.57 2 20 5
10.0859 129.62 129.62 2 20 5
10.0859 129.67 129.67 2 20 5
10.0859 129.72 129.72 2 20 5
10.0859 129.77 129.77 2 20 5
10.0859 129.82 129.82 2 20 5
10.0859 129.87 129.87 2 20 5
10.0859 129.92 129.92 2 20 5
10.0859 129.97 129.97 2 20 5
10.0859 130.02 130.02 2 20 5
10.0859 130.07 130.07 2 20 5
10.0859 130.12 130.12 2 20 5
10.0859 130.17 130.17 2 20 5
10.0859 130.22 130.22 2 20 5
10.0859 130.27 130.27 2 20 5
10.0859 130.32 130.32 2 20 5
10.0859 130.37 130.37 2 20 5
10.0859 130.42 130.42 2 20 5
10.0859 130.47 130.47 2 20 5
10.0859 130.52 130.52 2 20 5
10.0859 130.57 130.57 2 20 5
10.0859 130.62 130.62 2 20 5
10.0859 130.67 130.67 2 20 5
10.0859 130.72 130.72 2 20 5
10.0859 130.77 130.77 2 20 5
10.0859 130.82 130.82 2 20 5
10.0859 130.87 130.87 2 20 5
10.0859 130.92 130.92 2 20 5
10.0859 130.97 130.97 2 20 5
10.0859 131.02 131.02 2 20 5
10.0859 131.07 131.07 2 20 5
10.0859 131.12 131.12 2 20 5
10.0859 131.17 131.17 2 20 5
10.0859 131.22 131.22 2 20 5
10.0859 131.27 131.27 2 20 5
10.0859 131.32 131.32 2 20 5
10.0859 131.37 131.37 2 20 5
10.0859 131.42 131.42 2 20 5
10.0859 131.47 131.47 2 20 5
10.0859 131.52 131.52 2 20 5
10.0859 131.57 131.57 2 20 5
10.0859 131.62 131.62 2 20 5
10.0859 131.67 131.67 2 20 5
10.0859 131.72 131.72 2 20 5
10.0859 131.77 131.77 2 20 5
10.0859 131.82 131.82 2 20 5
10.0859 131.87 131.87 2 20 5
10.0859 131.92 131.92 2 20 5
10.0859 131.97 131.97 2 20 5
10.0859 132.02 132.02 2 20 5
10.0859 132.07 132.07 2 20 5
10.0859 132.12 132.12 2 20 5
10.0859 132.17 132.17 2 20 5
10.0859 132.22 132.22 2 20 5
10.0859 132.27 132.27 2 20 5
10.0859 132.32 132.32 2 20 5
10.0859 132.37 132.37 2 20 5
10.0859 132.42 132.42 2 20 5
10.0859 132.47 132.47 2 20 5
10.0859 132.52 132.52 2 20 5
10.0859 132.57 132.57 2 20 5
10.0859 132.62 132.62 2 20 5
10.0859 132.67 132.67 2 20 5
10.0859 132.72 132.72 2 20 5
10.0859 132.77 132.77 2 20 5
10.0859 132.82 132.82 2 20 5
10.0859 132.87 132.87 2 20 5
10.0859 132.92 132.92 2 20 5
10.0859 132.97 132.97 2 20 5
10.0859 133.02 133.02 2 20 5
10.0859 133.07 133.07 2 20 5
10.0859 133.12 133.12 2 20 5
10.0859 133.17 133.17 2 20 5
10.0859 133.22 133.22 2 20 5
10.0859 133.27 133.27 2 20 5
10.0859 133.32 133.32 2 20 5
10.0859 133.37 133.37 2 20 5
10.0859 133.42 133.42 2 20 5
10.0859 133.47 133.47 2 20 5
10.0859 133.52 133.52 2 20 5
10.0859 133.57 133.57 2 20 5
10.0859 133.62 133.62 2 20 5
10.0859 133.67 133.67 2 20 5
10.0859 133.72 133.72 2 20 5
10.0859 133.77 133.77 2 20 5
10.0859 133.82 133.82 2 20 5
10.0859 133.87 133.87 2 20 5
10.0859 133.92 133.92 2 20 5
10.0859 133.97 133.97 2 20 5
10.0859 134.02 134.02 2 20 5
10.0859 134.07 134.07 2 20 5
10.0859 134.12 134.12 2 20 5
10.0859 134.17 134.17 2 20 5
10.0859 134.22 134.22 2 20 5
10.0859 134.27 134.27 2 20 5
10.0859 134.32 134.32 2 20 5
10.0859 134.37 134.37 2 20 5
10.0859 134.42 134.42 2 20 5
10.0859 134.47 134.47 2 20 5
10.0859 134.52 134.52 2 20 5
10.0859 134.57 134.57 2 20 5
10.0859 134.62 134.62 2 20 5
10.0859 134.67 134.67 2 20 5
10.0859 134.72 134.72 2 20 5
10.0859 134.77 134.77 2 20 5
10.0859 134.82 134.82 2 20 5
10.0859 134.87 134.87 2 20 5
10.0859 134.92 134.92 2 20 5
10.0859 134.97 134.97 2 20 5
10.0859 135.02 135.02 2 20 5
10.0859 135.07 135.07 2 20 5
10.0859 135.12 135.12 2 20 5
10.0859 135.17 135.17 2 20 5
10.0859 135.22 135.22 2 20 5
10.0859 135.27 135.27 2 20 5
10.0859 135.32 135.32 2 20 5
10.0859 135.37 135.37 2 20 5
10.0859 135.42 135.42 2 20 5
10.0859 135.47 135.47 2 20 5
10.0859 135.52 135.52 2 20 5
10.0859 135.57 135.57 2 20 5
10.0859 135.62 135.62 2 20 5
10.0859 135.67 135.67 2 20 5
10.0859 135.72 135.72 2 20 5
10.0859 135.77 135.77 2 20 5
10.0859 135.82 135.82 2 20 5
10.0859 135.87 135.87 2 20 5
10.0859 135.92 135.92 2 20 5
10.0859 135.97 135.97 2 20 5
10.0859 136.02 136.02 2 20 5
10.0859 136.07 136.07 2 20 5
10.0859 136.12 136.12 2 20 5
10.0859 136.17 136.17 2 20 5
10.0859 136.22 136.22 2 20 5
10.0859 136.27 136.27 2 20 5
10.0859 136.32 136.32 2 20 5
10.0859 136.37 136.37 2 20 5
10.0859 136.42 136.42 2 20 5
10.0859 136.47 136.47 2 20 5
10.0859 136.52 136.52 2 20 5
10.0859 136.57 136.57 2 20 5
10.0859 136.62 136.62 2 20 5
10.0859 136.67 136.67 2 20 5
10.0859 136.72 136.72 2 20 5
10.0859 136.77 136.77 2 20 5
10.0859 136.82 136.82 2 20 5
10.0859 136.87 136.87 2 20 5
10.0859 136.92 136.92 2 20 5
10.0859 136.97 136.97 2 20 5
10.0859 137.02 137.02 2 20 5
10.0859 137.07 137.07 2 20 5
10.0859 137.12 137.12 2 20 5
10.0859 137.17 137.17 2 20 5
10.0859 137.22 137.22 2 20 5
10.0859 137.27 137.27 2 20 5
10.0859 137.32 137.32 2 20 5
10.0859 137.37 137.37 2 20 5
10.0859 137.42 137.42 2 20 5
10.0859 137.47 137.47 2 20 5
10.0859 137.52 137.52 2 20 5
10.0859 137.57 137.57 2 20 5
10.0859 137.62 137.62 2 20 5
10.0859 137.67 137.67 2 20 5
10.0859 137.72 137.72 2 20 5
10.0859 137.77 137.77 2 20 5
10.0859 137.82 137.82 2 20 5
10.0859 137.87 137.87 2 20 5
10.0859 137.92 137.92 2 20 5
10.0859 137.97 137.97 2 20 5
10.0859 138.02 138.02 2 20 5
10.0859 138.07 138.07 2 20 5
10.0859 138.12 138.12 2 20 5
10.0859 138.17 138.17 2 20 5
10.0859 138.22 138.22 2 20 5
10.0859 138.27 138.27 2 20 5
10.0859 138.32 138.32 2 20 5
10.0859 138.37 138.37 2 20 5
10.0859 138.42 138.42 2 20 5
10.0859 138.47 138.47 2 20 5
10.0859 138.52 138.52 2 20 5
10.0859 138.57 138.57 2 20 5
10.0859 138.62 138.62 2 20 5
10.0859 138.67 138.67 2 20 5
10.0859 138.72 138.72 2 20 5
10.0859 138.77 138.77 2 20 5
10.0859 138.82 138.82 2 20 5
10.0859 138.87 138.87 2 20 5
10.0859 138.92 138.92 2 20 5
10.0859 138.97 138.97 2 20 5
10.0859 139.02 139.02 2 20 5
10.0859 139.07 139.07 2 20 5
10.0859 139.12 139.12 2 20 5
10.0859 139.17 139.17 2 20 5
10.0859 139.22 139.22 2 20 5
10.0859 139.27 139.27 2 20 5
10.0859 139.32 139.32 2 20 5
10.0859 139.37 139.37 2 20 5
10.0859 139.42 139.42 2 20 5
10.0859 139.47 139.47 2 20 5
10.0859 139.52 139.52 2 20 5
10.0859 139.57 139.57 2 20 5
10.0859 139.62 139.62 2 20 5
10.0859 139.67 139.67 2 20 5
10.0859 139.72 139.72 2 20 5
10.0859 139.77 139.77 2 20 5
10.0859 139.82 139.82 2 20 5
10.0859 139.87 139.87 2 20 5
10.0859 139.92 139.92 2 20 5
10.0859 139.97 139.97 2 20 5
10.0859 140.02 140.02 2 20 5
10.0859 140.07 140.07 2 20 5
10.0859 140.12 140.12 2 20 5
10.0859 140.17 140.17 2 20 5
10.0859 140.22 140.22 2 20 5
10.0859 140.27 140.27 2 20 5
10.0859 140.32 140.32 2 20 5
10.0859 140.37 140.37 2 20 5
10.0859 140.42 140.42 2 20 5
10.0859 140.47 140.47 2 20 5
10.0859 140.52 140.52 2 20 5
10.0859 140.57 140.57 2 20 5
10.0859 140.62 140.62 2 20 5
10.0859 140.67 140.67 2 20 5
10.0859 140.72 140.72 2 20 5
10.0859 140.77 140.77 2 20 5
10.0859 140.82 140.82 2 20 5
10.0859 140.87 140.87 2 20 5
10.0859 140.92 140.92 2 20 5
10.0859 140.97 140.97 2 20 5
10.0859 141.02 141.02 2 20 5
10.0859 141.07 141.07 2 20 5
10.0859 141.12 141.12 2 20 5
10.0859 141.17 141.17 2 20 5
10.0859 141.22 141.22 2 20 5
10.0859 141.27 141.27 2 20 5
10.0859 141.32 141.32 2 20 5
10.0859 141.37 141.37 2 20 5
10.0859 141.42 141.42 2 20 5
10.0859 141.47 141.47 2 20 5
10.0859 141.52 141.52 2 20 5
10.0859 141.57 141.57 2 20 5
10.0859 141.62 141.62 2 20 5
10.0859 141.67 141.67 2 20 5
10.0859 141.72 141.72 2 20 5
10.0859 141.77 141.77 2 20 5
10.0859 141.82 141.82 2 20 5
10.0859 141.87 141.87 2 20 5
10.0859 141.92 141.92 2 20 5
10.0859 141.97 141.97 2 20 5
10.0859 142.02 142.02 2 20 5
10.0859 142.07 142.07 2 20 5
10.0859 142.12 142.12 2 20 5
10.0859 142.17 142.17 2 20 5
10.0859 142.22 142.22 2 20 5
10.0859 142.27 142.27 2 20 5
10.0859 142.32 142.32 2 20 5
10.0859 142.37 142.37 2 20 5
10.0859 142.42 142.42 2 20 5
10.0859 142.47 142.47 2 20 5
10.0859 142.52 142.52 2 20 5
10.0859 142.57 142.57 2 20 5
10.0859 142.62 142.62 2 20 5
10.0859 142.67 142.67 2 20 5
10.0859 142.72 142.72 2 20 5
10.0859 142.77 142.77 2 20 5
10.0859 142.82 142.82 2 20 5
10.0859 142.87 142.87 2 20 5
10.0859 142.92 142.92 2 20 5
10.0859 142.97 142.97 2 20 5
10.0859 143.02 143.02 2 20 5
10.0859 143.07 143.07 2 20 5
10.0859 143.12 143.12 2 20 5
10.0859 143.17 143.17 2 20 5
10.0859 143.22 143.22 2 20 5
10.0859 143.27 143.27 2 20 5
10.0859 143.32 143.32 2 20 5
10.0859 143.37 143.37 2 20 5
10.0859 143.42 143.42 2 20 5
10.0859 143.47 143.47 2 20 5
10.0859 143.52 143.52 2 20 5
10.0859 143.57 143.57 2 20 5
10.0859 143.62 143.62 2 20 5
10.0859 143.67 143.67 2 20 5
10.0859 143.72 143.72 2 20 5
10.0859 143.77 143.77 2 20 5
10.0859 143.82 143.82 2 20 5
10.0859 143.87 143.87 2 20 5
10.0859 143.92 143.92 2 20 5
10.0859 143.97 143.97 2 20 5
10.0859 144.02 144.02 2 20 5
10.0859 144.07 144.07 2 20 5
10.0859 144.12 144.12 2 20 5
10.0859 144.17 144.17 2 20 5
10.0859 144.22 144.22 2 20 5
10.0859 144.27 144.27 2 20 5
10.0859 144.32 144.32 2 20 5
10.0859 144.37 144.37 2 20 5
10.0859 144.42 144.42 2 20 5
10.0859 144.47 144.47 2 20 5
10.0859 144.52 144.52 2 20 5
10.0859 144.57 144.57 2 20 5
10.0859 144.62 144.62 2 20 5
10.0859 144.67 144.67 2 20 5
10.0859 144.72 144.72 2 20 5
10.0859 144.77 144.77 2 20 5
10.0859 144.82 144.82 2 20 5
10.0859 144.87 144.87 2 20 5
10.0859 144.92 144.92 2 20 5
10.0859 144.97 144.97 2 20 5
10.0859 145.02 145.02 2 20 5
10.0859 145.07 145.07 2 20 5
10.0859 145.12 145.12 2 20 5
10.0859 145.17 145.17 2 20 5
10.0859 145.22 145.22 2 20 5
10.0859 145.27 145.27 2 20 5
10.0859 145.32 145.32 2 20 5
10.0859 145.37 145.37 2 20 5
10.0859 145.42 145.42 2 20 5
10.0859 145.47 145.47 2 20 5
10.0859 145.52 145.52 2 20 5
10.0859 145.57 145.57 2 20 5
10.0859 145.62 145.62 2 20 5
10.0859 145.67 145.67 2 20 5
10.0859 145.72 145.72 2 20 5
10.0859 145.77 145.77 2 20 5
10.086 145.82 145.82 2 20 5
10.0859 145.87 145.87 2 20 5
10.0859 145.92 145.92 2 20 5
10.0859 145.97 145.97 2 20 5
10.0859 146.02 146.02 2 20 5
10.0859 146.07 146.07 2 20 5
10.0859 146.12 146.12 2 20 5
10.0859 146.17 146.17 2 20 5
10.0859 146.22 146.22 2 20 5
10.0859 146.27 146.27 2 20 5
10.0859 146.32 146.32 2 20 5
10.0859 146.37 146.37 2 20 5
10.0859 146.42 146.42 2 20 5
10.0859 146.47 146.47 2 20 5
10.0859 146.52 146.52 2 20 5
10.0859 146.57 146.57 2 20 5
10.0859 146.62 146.62 2 20 5
10.0859 146.67 146.67 2 20 5
10.0859 146.72 146.72 2 20 5
10.0859 146.77 146.77 2 20 5
10.0859 146.82 146.82 2 20 5
10.0859 146.87 146.87 2 20 5
10.0859 146.92 146.92 2 20 5
10.0859 146.97 146.97 2 20 5
10.0859 147.02 147.02 2 20 5
10.0859 147.07 147.07 2 20 5
10.0859 147.12 147.12 2 20 5
10.0859 147.17 147.17 2 20 5
10.0858 147.22 147.22 2 20 5
10.0859 147.27 147.27 2 20 5
10.0859 147.32 147.32 2 20 5
10.0859 147.37 147.37 2 20 5
10.0859 147.42 147.42 2 20 5
10.0859 147.47 147.47 2 20 5
10.0859 147.52 147.52 2 20 5
10.0859 147.57 147.57 2 20 5
10.0859 147.62 147.62 2 20 5
10.0859 147.67 147.67 2 20 5
10.0859 147.72 147.72 2 20 5
10.0859 147.77 147.77 2 20 5
10.0859 147.82 147.82 2 20 5
10.0859 147.87 147.87 2 20 5
10.0859 147.92 147.92 2 20 5
10.0859 147.97 147.97 2 20 5
10.0859 148.02 148.02 2 20 5
10.0859 148.07 148.07 2 20 5
10.0859 148.12 148.12 2 20 5
10.0859 148.17 148.17 2 20 5
10.0859 148.22 148.22 2 20 5
10.0859 148.27 148.27 2 20 5
10.0859 148.32 148.32 2 20 5
10.0859 148.37 148.37 2 20 5
10.0859 148.42 148.42 2 20 5
10.0859 148.47 148.47 2 20 5
10.0859 148.52 148.52 2 20 5
10.0859 148.57 148.57 2 20 5
10.0859 148.62 148.62 2 20 5
10.0859 148.67 148.67 2 20 5
10.0859 148.72 148.72 2 20 5
10.0859 148.77 148.77 2 20 5
10.0859 148.82 148.82 2 20 5
10.0859 148.87 148.87 2 20 5
10.0859 148.92 148.92 2 20 5
10.0859 148.97 148.97 2 20 5
10.0859 149.02 149.02 2 20 5
10.0859 149.07 149.07 2 20 5
10.0859 149.12 149.12 2 20 5
10.0859 149.17 149.17 2 20 5
10.0859 149.22 149.22 2 20 5
10.0859 149.27 149.27 2 20 5
10.0859 149.32 149.32 2 20 5
10.0859 149.37 149.37 2 20 5
10.0859 149.42 149.42 2 20 5
10.0859 149.47 149.47 2 20 5
10.0859 149.52 149.52 2 20 5
10.0859 149.57 149.57 2 20 5
10.0859 149.62 149.62 2 20 5
10.0859 149.67 149.67 2 20 5
10.0859 149.72 149.72 2 20 5
10.0859 149.77 149.77 2 20 5
10.0858 149.82 149.82 2 20 5
10.0859 149.87 149.87 2 20 5
10.0859 149.92 149.92 2 20 5
10.0859 149.97 149.97 2 20 5
10.0859 150.02 150.02 2 20 5
10.0859 150.07 150.07 2 20 5
10.0859 150.12 150.12 2 20 5
10.0859 150.17 150.17 2 20 5
10.0859 150.22 150.22 2 20 5
10.0859 150.27 150.27 2 20 5
10.0859 150.32 150.32 2 20 5
10.0859 150.37 150.37 2 20 5
10.0859 150.42 150.42 2 20 5
10.0859 150.47 150.47 2 20 5
10.0859 150.52 150.52 2 20 5
10.0859 150.57 150.57 2 20 5
10.0859 150.62 150.62 2 20 5
10.0859 150.67 150.67 2 20 5
10.0859 150.72 150.72 2 20 5
10.0859 150.77 150.77 2 20 5
10.0859 150.82 150.82 2 20 5
10.0859 150.87 150.87 2 20 5
10.0859 150.92 150.92 2 20 5
10.0859 150.97 150.97 2 20 5
10.0859 151.02 151.02 2 20 5
10.0859 151.07 151.07 2 20 5
10.0859 151.12 151.12 2 20 5
10.0859 151.17 151.17 2 20 5
10.0859 151.22 151.22 2 20 5
10.0859 151.27 151.27 2 20 5
10.0859 151.32 151.32 2 20 5
10.0859 151.37 151.37 2 20 5
10.0859 151.42 151.42 2 20 5
10.0859 151.47 151.47 2 20 5
10.0859 151.52 151.52 2 20 5
10.0859 151.57 151.57 2 20 5
10.0859 151.62 151.62 2 20 5
10.0859 151.67 151.67 2 20 5
10.0859 151.72 151.72 2 20 5
10.0859 151.77 151.77 2 20 5
10.0859 151.82 151.82 2 20 5
10.0859 151.87 151.87 2 20 5
10.0859 151.92 151.92 2 20 5
10.0859 151.97 151.97 2 20 5
10.0859 152.02 152.02 2 20 5
10.0859 152.07 152.07 2 20 5
10.0859 152.12 152.12 2 20 5
10.0859 152.17 152.17 2 20 5
10.0859 152.22 152.22 2 20 5
10.0859 152.27 152.27 2 20 5
10.0859 152.32 152.32 2 20 5
10.0859 152.37 152.37 2 20 5
10.0859 152.42 152.42 2 20 5
10.0859 152.47 152.47 2 20 5
10.0859 152.52 152.52 2 20 5
10.0859 152.57 152.57 2 20 5
10.0859 152.62 152.62 2 20 5
10.0859 152.67 152.67 2 20 5
10.0859 152.72 152.72 2 20 5
10.0859 152.77 152.77 2 20 5
10.0859 152.82 152.82 2 20 5
10.0859 152.87 152.87 2 20 5
10.0859 152.92 152.92 2 20 5
10.0859 152.97 152.97 2 20 5
10.0859 153.02 153.02 2 20 5
10.0859 153.07 153.07 2 20 5
10.0859 153.12 153.12 2 20 5
10.0859 153.17 153.17 2 20 5
10.0859 153.22 153.22 2 20 5
10.0859 153.27 153.27 2 20 5
10.0859 153.32 153.32 2 20 5
10.0859 153.37 153.37 2 20 5
10.0859 153.42 153.42 2 20 5
10.0859 153.47 153.47 2 20 5
10.0859 153.52 153.52 2 20 5
10.0859 153.57 153.57 2 20 5
10.0859 153.62 153.62 2 20 5
10.0859 153.67 153.67 2 20 5
10.0859 153.72 153.72 2 20 5
10.0859 153.77 153.77 2 20 5
10.0859 153.82 153.82 2 20 5
10.0859 153.87 153.87 2 20 5
10.0859 153.92 153.92 2 20 5
10.0859 153.97 153.97 2 20 5
10.0859 154.02 154.02 2 20 5
10.0859 154.07 154.07 2 20 5
10.0859 154.12 154.12 2 20 5
10.0859 154.17 154.17 2 20 5
10.0859 154.22 154.22 2 20 5
10.0859 154.27 154.27 2 20 5
10.0859 154.32 154.32 2 20 5
10.0859 154.37 154.37 2 20 5
10.0859 154.42 154.42 2 20 5
10.0859 154.47 154.47 2 20 5
10.0859 154.52 154.52 2 20 5
10.0859 154.57 154.57 2 20 5
10.0859 154.62 154.62 2 20 5
10.0859 154.67 154.67 2 20 5
10.0859 154.72 154.72 2 20 5
10.0859 154.77 154.77 2 20 5
10.0859 154.82 154.82 2 20 5
10.0859 154.87 154.87 2 20 5
10.0859 154.92 154.92 2 20 5
10.0859 154.97 154.97 2 20 5
10.0859 155.02 155.02 2 20 5
10.0859 155.07 155.07 2 20 5
10.0859 155.12 155.12 2 20 5
10.0859 155.17 155.17 2 20 5
10.0859 155.22 155.22 2 20 5
10.0859 155.27 155.27 2 20 5
10.0859 155.32 155.32 2 20 5
10.0859 155.37 155.37 2 20 5
10.0859 155.42 155.42 2 20 5
10.0859 155.47 155.47 2 20 5
10.0859 155.52 155.52 2 20 5
10.0859 155.57 155.57 2 20 5
10.0859 155.62 155.62 2 20 5
10.0859 155.67 155.67 2 20 5
10.0859 155.72 155.72 2 20 5
10.0859 155.77 155.77 2 20 5
10.0859 155.82 155.82 2 20 5
10.0859 155.87 155.87 2 20 5
10.0859 155.92 155.92 2 20 5
10.0859 155.97 155.97 2 20 5
10.0859 156.02 156.02 2 20 5
10.0859 156.07 156.07 2 20 5
10.0859 156.12 156.12 2 20 5
10.0859 156.17 156.17 2 20 5
10.0859 156.22 156.22 2 20 5
10.0859 156.27 156.27 2 20 5
10.0859 156.32 156.32 2 20 5
10.0859 156.37 156.37 2 20 5
10.0859 156.42 156.42 2 20 5
10.0859 156.47 156.47 2 20 5
10.0859 156.52 156.52 2 20 5
10.0859 156.57 156.57 2 20 5
10.0859 156.62 156.62 2 20 5
10.0859 156.67 156.67 2 20 5
10.0859 156.72 156.72 2 20 5
10.0859 156.77 156.77 2 20 5
10.0859 156.82 156.82 2 20 5
10.0859 156.87 156.87 2 20 5
10.0859 156.92 156.92 2 20 5
10.0859 156.97 156.97 2 20 5
10.0859 157.02 157.02 2 20 5
10.0859 157.07 157.07 2 20 5
10.0859 157.12 157.12 2 20 5
10.0859 157.17 157.17 2 20 5
10.0859 157.22 157.22 2 20 5
10.0859 157.27 157.27 2 20 5
10.0859 157.32 157.32 2 20 5
10.0859 157.37 157.37 2 20 5
10.0859 157.42 157.42 2 20 5
10.0859 157.47 157.47 2 20 5
10.0859 157.52 157.52 2 20 5
10.0859 157.57 157.57 2 20 5
10.0859 157.62 157.62 2 20 5
10.0859 157.67 157.67 2 20 5
10.0859 157.72 157.72 2 20 5
10.0859 157.77 157.77 2 20 5
10.0859 157.82 157.82 2 20 5
10.0859 157.87 157.87 2 20 5
10.0859 157.92 157.92 2 20 5
10.0859 157.97 157.97 2 20 5
10.0859 158.02 158.02 2 20 5
10.0859 158.07 158.07 2 20 5
10.0859 158.12 158.12 2 20 5
10.0859 158.17 158.17 2 20 5
10.0859 158.22 158.22 2 20 5
10.0859 158.27 158.27 2 20 5
10.0859 158.32 158.32 2 20 5
10.0859 158.37 158.37 2 20 5
10.0859 158.42 158.42 2 20 5
10.0859 158.47 158.47 2 20 5
10.0859 158.52 158.52 2 20 5
10.0859 158.57 158.57 2 20 5
10.0859 158.62 158.62 2 20 5
10.0859 158.67 158.67 2 20 5
10.0859 158.72 158.72 2 20 5
10.0859 158.77 158.77 2 20 5
10.0859 158.82 158.82 2 20 5
10.0859 158.87 158.87 2 20 5
10.0859 158.92 158.92 2 20 5
10.0859 158.97 158.97 2 20 5
10.0859 159.02 159.02 2 20 5
10.0859 159.07 159.07 2 20 5
10.0859 159.12 159.12 2 20 5
10.0859 159.17 159.17 2 20 5
10.0859 159.22 159.22 2 20 5
10.0859 159.27 159.27 2 20 5
10.0859 159.32 159.32 2 20 5
10.0859 159.37 159.37 2 20 5
10.0859 159.42 159.42 2 20 5
10.0859 159.47 159.47 2 20 5
10.0859 159.52 159.52 2 20 5
10.0859 159.57 159.57 2 20 5
10.0859 159.62 159.62 2 20 5
10.0859 159.67 159.67 2 20 5
10.0859 159.72 159.72 2 20 5
10.0859 159.77 159.77 2 20 5
10.0859 159.82 159.82 2 20 5
10.0859 159.87 159.87 2 20 5
10.0859 159.92 159.92 2 20 5
10.0859 159.97 159.97 2 20 5
10.0859 160.02 160.02 2 20 5
10.0859 160.07 160.07 2 20 5
10.0859 160.12 160.12 2 20 5
10.0859 160.17 160.17 2 20 5
10.0859 160.22 160.22 2 20 5
10.0859 160.27 160.27 2 20 5
10.0859 160.32 160.32 2 20 5
10.0859 160.37 160.37 2 20 5
10.0859 160.42 160.42 2 20 5
10.0859 160.47 160.47 2 20 5
10.0859 160.52 160.52 2 20 5
10.0859 160.57 160.57 2 20 5
10.0859 160.62 160.62 2 20 5
10.0859 160.67 160.67 2 20 5
10.0859 160.72 160.72 2 20 5
10.0859 160.77 160.77 2 20 5
10.0859 160.82 160.82 2 20 5
10.0859 160.87 160.87 2 20 5
10.0859 160.92 160.92 2 20 5
10.0859 160.97 160.97 2 20 5
10.0859 161.02 161.02 2 20 5
10.0859 161.07 161.07 2 20 5
10.0859 161.12 161.12 2 20 5
10.0859 161.17 161.17 2 20 5
10.0859 161.22 161.22 2 20 5
10.0859 161.27 161.27 2 20 5
10.0859 161.32 161.32 2 20 5
10.0859 161.37 161.37 2 20 5
10.0859 161.42 161.42 2 20 5
10.0859 161.47 161.47 2 20 5
10.0859 161.52 161.52 2 20 5
10.0859 161.57 161.57 2 20 5
10.0859 161.62 161.62 2 20 5
10.0859 161.67 161.67 2 20 5
10.0859 161.72 161.72 2 20 5
10.0859 161.77 161.77 2 20 5
10.0859 161.82 161.82 2 20 5
10.0859 161.87 161.87 2 20 5
10.0859 161.92 161.92 2 20 5
10.0859 161.97 161.97 2 20 5
10.0859 162.02 162.02 2 20 5
10.0859 162.07 162.07 2 20 5
10.0859 162.12 162.12 2 20 5
10.0859 162.17 162.17 2 20 5
10.0859 162.22 162.22 2 20 5
10.0859 162.27 162.27 2 20 5
10.0859 162.32 162.32 2 20 5
10.0859 162.37 162.37 2 20 5
10.0859 162.42 162.42 2 20 5
10.0859 162.47 162.47 2 20 5
10.0859 162.52 162.52 2 20 5
10.0859 162.57 162.57 2 20 5
10.0859 162.62 162.62 2 20 5
10.0859 162.67 162.67 2 20 5
10.0859 162.72 162.72 2 20 5
10.0859 162.77 162.77 2 20 5
10.0859 162.82 162.82 2 20 5
10.0859 162.87 162.87 2 20 5
10.0859 162.92 162.92 2 20 5
10.0859 162.97 162.97 2 20 5
10.0859 163.02 163.02 2 20 5
10.0859 163.07 163.07 2 20 5
10.0859 163.12 163.12 2 20 5
10.0859 163.17 163.17 2 20 5
10.0859 163.22 163.22 2 20 5
10.0859 163.27 163.27 2 20 5
10.0859 163.32 163.32 2 20 5
10.0859 163.37 163.37 2 20 5
10.0859 163.42 163.42 2 20 5
10.0859 163.47 163.47 2 20 5
10.0859 163.52 163.52 2 20 5
10.0859 163.57 163.57 2 20 5
10.0859 163.62 163.62 2 20 5
10.0859 163.67 163.67 2 20 5
10.0859 163.72 163.72 2 20 5
10.0859 163.77 163.77 2 20 5
10.0859 163.82 163.82 2 20 5
10.0859 163.87 163.87 2 20 5
10.0859 163.92 163.92 2 20 5
10.0859 163.97 163.97 2 20 5
10.0859 164.02 164.02 2 20 5
10.0859 164.07 164.07 2 20 5
10.0859 164.12 164.12 2 20 5
10.0859 164.17 164.17 2 20 5
10.0859 164.22 164.22 2 20 5
10.0859 164.27 164.27 2 20 5
10.0859 164.32 164.32 2 20 5
10.0859 164.37 164.37 2 20 5
10.0859 164.42 164.42 2 20 5
10.0859 164.47 164.47 2 20 5
10.0859 164.52 164.52 2 20 5
10.0859 164.57 164.57 2 20 5
10.0859 164.62 164.62 2 20 5
10.0859 164.67 164.67 2 20 5
10.0859 164.72 164.72 2 20 5
10.0859 164.77 164.77 2 20 5
10.0859 164.82 164.82 2 20 5
10.0859 164.87 164.87 2 20 5
10.0859 164.92 164.92 2 20 5
10.0859 164.97 164.97 2 20 5
10.0859 165.02 165.02 2 20 5
10.0859 165.07 165.07 2 20 5
10.0859 165.12 165.12 2 20 5
10.0859 165.17 165.17 2 20 5
10.0859 165.22 165.22 2 20 5
10.0859 165.27 165.27 2 20 5
10.0859 165.32 165.32 2 20 5
10.0859 165.37 165.37 2 20 5
10.0859 165.42 165.42 2 20 5
10.0859 165.47 165.47 2 20 5
10.0859 165.52 165.52 2 20 5
10.0859 165.57 165.57 2 20 5
10.0859 165.62 165.62 2 20 5
10.0859 165.67 165.67 2 20 5
10.0859 165.72 165.72 2 20 5
10.0859 165.77 165.77 2 20 5
10.0859 165.82 165.82 2 20 5
10.0859 165.87 165.87 2 20 5
10.0859 165.92 165.92 2 20 5
10.0859 165.97 165.97 2 20 5
10.0859 166.02 166.02 2 20 5
10.0859 166.07 166.07 2 20 5
10.0859 166.12 166.12 2 20 5
10.0859 166.17 166.17 2 20 5
10.0859 166.22 166.22 2 20 5
10.0859 166.27 166.27 2 20 5
10.0859 166.32 166.32 2 20 5
10.0859 166.37 166.37 2 20 5
10.0859 166.42 166.42 2 20 5
10.0859 166.47 166.47 2 20 5
10.0859 166.52 166.52 2 20 5
10.0859 166.57 166.57 2 20 5
10.0859 166.62 166.62 2 20 5
10.0859 166.67 166.67 2 20 5
10.0859 166.72 166.72 2 20 5
10.0859 166.77 166.77 2 20 5
10.0859 166.82 166.82 2 20 5
10.0859 166.87 166.87 2 20 5
10.0859 166.92 166.92 2 20 5
10.0859 166.97 166.97 2 20 5
10.0859 167.02 167.02 2 20 5
10.0859 167.07 167.07 2 20 5
10.0859 167.12 167.12 2 20 5
10.0859 167.17 167.17 2 20 5
10.0859 167.22 167.22 2 20 5
10.0859 167.27 167.27 2 20 5
10.0859 167.32 167.32 2 20 5
10.0859 167.37 167.37 2 20 5
10.0859 167.42 167.42 2 20 5
10.0859 167.47 167.47 2 20 5
10.0859 167.52 167.52 2 20 5
10.0859 167.57 167.57 2 20 5
10.0859 167.62 167.62 2 20 5
10.0859 167.67 167.67 2 20 5
10.0859 167.72 167.72 2 20 5
10.0859 167.77 167.77 2 20 5
10.0859 167.82 167.82 2 20 5
10.0859 167.87 167.87 2 20 5
10.0859 167.92 167.92 2 20 5
10.0859 167.97 167.97 2 20 5
10.0859 168.02 168.02 2 20 5
10.0859 168.07 168.07 2 20 5
10.0859 168.12 168.12 2 20 5
10.0859 168.17 168.17 2 20 5
10.0859 168.22 168.22 2 20 5
10.0859 168.27 168.27 2 20 5
10.0859 168.32 168.32 2 20 5
10.0859 168.37 168.37 2 20 5
10.0859 168.42 168.42 2 20 5
10.0859 168.47 168.47 2 20 5
10.0859 168.52 168.52 2 20 5
10.0859 168.57 168.57 2 20 5
10.0859 168.62 168.62 2 20 5
10.0859 168.67 168.67 2 20 5
10.0859 168.72 168.72 2 20 5
10.0859 168.77 168.77 2 20 5
10.0859 168.82 168.82 2 20 5
10.0859 168.87 168.87 2 20 5
10.0859 168.92 168.92 2 20 5
10.0859 168.97 168.97 2 20 5
10.0859 169.02 169.02 2 20 5
10.0859 169.07 169.07 2 20 5
10.0859 169.12 169.12 2 20 5
10.0859 169.17 169.17 2 20 5
10.0859 169.22 169.22 2 20 5
10.0859 169.27 169.27 2 20 5
10.0859 169.32 169.32 2 20 5
10.0859 169.37 169.37 2 20 5
10.0859 169.42 169.42 2 20 5
10.0859 169.47 169.47 2 20 5
10.0859 169.52 169.52 2 20 5
10.0859 169.57 169.57 2 20 5
10.0859 169.62 169.62 2 20 5
10.0859 169.67 169.67 2 20 5
10.0859 169.72 169.72 2 20 5
10.0859 169.77 169.77 2 20 5
10.0859 169.82 169.82 2 20 5
10.0859 169.87 169.87 2 20 5
10.0859 169.92 169.92 2 20 5
10.0859 169.97 169.97 2 20 5
10.0859 170.02 170.02 2 20 5
10.0859 170.07 170.07 2 20 5
10.0859 170.12 170.12 2 20 5
10.0859 170.17 170.17 2 20 5
10.0859 170.22 170.22 2 20 5
10.086 170.27 170.27 2 20 5
10.0859 170.32 170.32 2 20 5
10.0859 170.37 170.37 2 20 5
10.0858 170.42 170.42 2 20 5
10.0858 170.47 170.47 2 20 5
10.0859 170.52 170.52 2 20 5
10.0859 170.57 170.57 2 20 5
10.0859 170.62 170.62 2 20 5
10.0859 170.67 170.67 2 20 5
10.0859 170.72 170.72 2 20 5
10.0859 170.77 170.77 2 20 5
10.0859 170.82 170.82 2 20 5
10.0859 170.87 170.87 2 20 5
10.0859 170.92 170.92 2 20 5
10.0859 170.97 170.97 2 20 5
10.0859 171.02 171.02 2 20 5
10.0859 171.07 171.07 2 20 5
10.0859 171.12 171.12 2 20 5
10.0859 171.17 171.17 2 20 5
10.0859 171.22 171.22 2 20 5
10.0859 171.27 171.27 2 20 5
10.0859 171.32 171.32 2 20 5
10.0859 171.37 171.37 2 20 5
10.0859 171.42 171.42 2 20 5
10.0859 171.47 171.47 2 20 5
10.0859 171.52 171.52 2 20 5
10.0859 171.57 171.57 2 20 5
10.0859 171.62 171.62 2 20 5
10.0859 171.67 171.67 2 20 5
10.0859 171.72 171.72 2 20 5
10.0859 171.77 171.77 2 20 5
10.0859 171.82 171.82 2 20 5
10.0859 171.87 171.87 2 20 5
10.0859 171.92 171.92 2 20 5
10.0859 171.97 171.97 2 20 5
10.0859 172.02 172.02 2 20 5
10.0859 172.07 172.07 2 20 5
10.0859 172.12 172.12 2 20 5
10.0859 172.17 172.17 2 20 5
10.0859 172.22 172.22 2 20 5
10.0859 172.27 172.27 2 20 5
10.0859 172.32 172.32 2 20 5
10.0859 172.37 172.37 2 20 5
10.0859 172.42 172.42 2 20 5
10.0859 172.47 172.47 2 20 5
10.0859 172.52 172.52 2 20 5
10.0859 172.57 172.57 2 20 5
10.0859 172.62 172.62 2 20 5
10.0859 172.67 172.67 2 20 5
10.0859 172.72 172.72 2 20 5
10.0859 172.77 172.77 2 20 5
10.0859 172.82 172.82 2 20 5
10.0859 172.87 172.87 2 20 5
10.0859 172.92 172.92 2 20 5
10.0859 172.97 172.97 2 20 5
10.0859 173.02 173.02 2 20 5
10.0859 173.07 173.07 2 20 5
10.0859 173.12 173.12 2 20 5
10.0859 173.17 173.17 2 20 5
10.0859 173.22 173.22 2 20 5
10.0859 173.27 173.27 2 20 5
10.0859 173.32 173.32 2 20 5
10.0859 173.37 173.37 2 20 5
10.0859 173.42 173.42 2 20 5
10.0859 173.47 173.47 2 20 5
10.0859 173.52 173.52 2 20 5
10.0859 173.57 173.57 2 20 5
10.0859 173.62 173.62 2 20 5
10.0859 173.67 173.67 2 20 5
10.0859 173.72 173.72 2 20 5
10.0859 173.77 173.77 2 20 5
10.0859 173.82 173.82 2 20 5
10.0859 173.87 173.87 2 20 5
10.0859 173.92 173.92 2 20 5
10.0859 173.97 173.97 2 20 5
10.0859 174.02 174.02 2 20 5
10.0859 174.07 174.07 2 20 5
10.0859 174.12 174.12 2 20 5
10.0859 174.17 174.17 2 20 5
10.0859 174.22 174.22 2 20 5
10.0859 174.27 174.27 2 20 5
10.0859 174.32 174.32 2 20 5
10.0859 174.37 174.37 2 20 5
10.0859 174.42 174.42 2 20 5
10.0859 174.47 174.47 2 20 5
10.0858 174.52 174.52 2 20 5
10.0859 174.57 174.57 2 20 5
10.0859 174.62 174.62 2 20 5
10.0859 174.67 174.67 2 20 5
10.0859 174.72 174.72 2 20 5
10.0859 174.77 174.77 2 20 5
10.0859 174.82 174.82 2 20 5
10.0859 174.87 174.87 2 20 5
10.0859 174.92 174.92 2 20 5
10.0859 174.97 174.97 2 20 5
10.0859 175.02 175.02 2 20 5
10.0859 175.07 175.07 2 20 5
10.0859 175.12 175.12 2 20 5
10.0859 175.17 175.17 2 20 5
10.0859 175.22 175.22 2 20 5
10.0859 175.27 175.27 2 20 5
10.0859 175.32 175.32 2 20 5
10.0859 175.37 175.37 2 20 5
10.0859 175.42 175.42 2 20 5
10.0859 175.47 175.47 2 20 5
10.0859 175.52 175.52 2 20 5
10.0859 175.57 175.57 2 20 5
10.0859 175.62 175.62 2 20 5
10.0859 175.67 175.67 2 20 5
10.0859 175.72 175.72 2 20 5
10.0859 175.77 175.77 2 20 5
10.0859 175.82 175.82 2 20 5
10.0859 175.87 175.87 2 20 5
10.0859 175.92 175.92 2 20 5
10.0859 175.97 175.97 2 20 5
10.0859 176.02 176.02 2 20 5
10.0859 176.07 176.07 2 20 5
10.0859 176.12 176.12 2 20 5
10.0859 176.17 176.17 2 20 5
10.0859 176.22 176.22 2 20 5
10.0859 176.27 176.27 2 20 5
10.0859 176.32 176.32 2 20 5
10.0859 176.37 176.37 2 20 5
10.0859 176.42 176.42 2 20 5
10.0859 176.47 176.47 2 20 5
10.0859 176.52 176.52 2 20 5
10.0859 176.57 176.57 2 20 5
10.0859 176.62 176.62 2 20 5
10.0859 176.67 176.67 2 20 5
10.0859 176.72 176.72 2 20 5
10.0859 176.77 176.77 2 20 5
10.0859 176.82 176.82 2 20 5
10.0859 176.87 176.87 2 20 5
10.0859 176.92 176.92 2 20 5
10.0859 176.97 176.97 2 20 5
10.0859 177.02 177.02 2 20 5
10.0859 177.07 177.07 2 20 5
10.0859 177.12 177.12 2 20 5
10.0859 177.17 177.17 2 20 5
10.0859 177.22 177.22 2 20 5
10.0859 177.27 177.27 2 20 5
10.0859 177.32 177.32 2 20 5
10.0859 177.37 177.37 2 20 5
10.0859 177.42 177.42 2 20 5
10.0859 177.47 177.47 2 20 5
10.0859 177.52 177.52 2 20 5
10.0859 177.57 177.57 2 20 5
10.0859 177.62 177.62 2 20 5
10.0859 177.67 177.67 2 20 5
10.0859 177.72 177.72 2 20 5
10.0859 177.77 177.77 2 20 5
10.0859 177.82 177.82 2 20 5
10.0859 177.87 177.87 2 20 5
10.0859 177.92 177.92 2 20 5
10.0859 177.97 177.97 2 20 5
10.0859 178.02 178.02 2 20 5
10.0859 178.07 178.07 2 20 5
10.0859 178.12 178.12 2 20 5
10.0859 178.17 178.17 2 20 5
10.0859 178.22 178.22 2 20 5
10.0859 178.27 178.27 2 20 5
10.0859 178.32 178.32 2 20 5
10.0859 178.37 178.37 2 20 5
10.0859 178.42 178.42 2 20 5
10.0859 178.47 178.47 2 20 5
10.0859 178.52 178.52 2 20 5
10.0859 178.57 178.57 2 20 5
10.0859 178.62 178.62 2 20 5
10.0859 178.67 178.67 2 20 5
10.0859 178.72 178.72 2 20 5
10.0859 178.77 178.77 2 20 5
10.0859 178.82 178.82 2 20 5
10.0859 178.87 178.87 2 20 5
10.0859 178.92 178.92 2 20 5
10.0859 178.97 178.97 2 20 5
10.0859 179.02 179.02 2 20 5
10.0859 179.07 179.07 2 20 5
10.0859 179.12 179.12 2 20 5
10.0859 179.17 179.17 2 20 5
10.0859 179.22 179.22 2 20 5
10.0859 179.27 179.27 2 20 5
10.0859 179.32 179.32 2 20 5
10.0859 179.37 179.37 2 20 5
10.0859 179.42 179.42 2 20 5
10.0859 179.47 179.47 2 20 5
10.0859 179.52 179.52 2 20 5
10.0859 179.57 179.57 2 20 5
10.0859 179.62 179.62 2 20 5
10.0859 179.67 179.67 2 20 5
10.0859 179.72 179.72 2 20 5
10.0859 179.77 179.77 2 20 5
10.0859 179.82 179.82 2 20 5
10.0859 179.87 179.87 2 20 5
10.0859 179.92 179.92 2 20 5
10.0859 179.97 179.97 2 20 5
10.0859 180.02 180.02 2 20 5
10.0859 180.07 180.07 2 20 5
10.0859 180.12 180.12 2 20 5
10.0859 180.17 180.17 2 20 5
10.0859 180.22 180.22 2 20 5
10.0859 180.27 180.27 2 20 5
10.0859 180.32 180.32 2 20 5
10.0859 180.37 180.37 2 20 5
10.0859 180.42 180.42 2 20 5
10.0859 180.47 180.47 2 20 5
10.0859 180.52 180.52 2 20 5
10.0859 180.57 180.57 2 20 5
10.0859 180.62 180.62 2 20 5
10.0859 180.67 180.67 2 20 5
10.0859 180.72 180.72 2 20 5
10.0859 180.77 180.77 2 20 5
10.0859 180.82 180.82 2 20 5
10.0859 180.87 180.87 2 20 5
10.0859 180.92 180.92 2 20 5
10.0859 180.97 180.97 2 20 5
10.0859 181.02 181.02 2 20 5
10.0859 181.07 181.07 2 20 5
10.0859 181.12 181.12 2 20 5
10.0859 181.17 181.17 2 20 5
10.0859 181.22 181.22 2 20 5
10.0859 181.27 181.27 2 20 5
10.0859 181.32 181.32 2 20 5
10.0859 181.37 181.37 2 20 5
10.0859 181.42 181.42 2 20 5
10.0859 181.47 181.47 2 20 5
10.0859 181.52 181.52 2 20 5
10.0859 181.57 181.57 2 20 5
10.0859 181.62 181.62 2 20 5
10.0859 181.67 181.67 2 20 5
10.0859 181.72 181.72 2 20 5
10.0859 181.77 181.77 2 20 5
10.0859 181.82 181.82 2 20 5
10.0859 181.87 181.87 2 20 5
10.0859 181.92 181.92 2 20 5
10.0859 181.97 181.97 2 20 5
10.0859 182.02 182.02 2 20 5
10.0859 182.07 182.07 2 20 5
10.0859 182.12 182.12 2 20 5
10.0859 182.17 182.17 2 20 5
10.0859 182.22 182.22 2 20 5
10.0859 182.27 182.27 2 20 5
10.0859 182.32 182.32 2 20 5
10.0859 182.37 182.37 2 20 5
10.0859 182.42 182.42 2 20 5
10.0859 182.47 182.47 2 20 5
10.0859 182.52 182.52 2 20 5
10.0859 182.57 182.57 2 20 5
10.0859 182.62 182.62 2 20 5
10.0859 182.67 182.67 2 20 5
10.0859 182.72 182.72 2 20 5
10.0859 182.77 182.77 2 20 5
10.0859 182.82 182.82 2 20 5
10.0859 182.87 182.87 2 20 5
10.0859 182.92 182.92 2 20 5
10.0859 182.97 182.97 2 20 5
10.0859 183.02 183.02 2 20 5
10.0859 183.07 183.07 2 20 5
10.0859 183.12 183.12 2 20 5
10.0859 183.17 183.17 2 20 5
10.0859 183.22 183.22 2 20 5
10.0859 183.27 183.27 2 20 5
10.0859 183.32 183.32 2 20 5
10.0859 183.37 183.37 2 20 5
10.0859 183.42 183.42 2 20 5
10.0859 183.47 183.47 2 20 5
10.0859 183.52 183.52 2 20 5
10.0859 183.57 183.57 2 20 5
10.0859 183.62 183.62 2 20 5
10.0859 183.67 183.67 2 20 5
10.0859 183.72 183.72 2 20 5
10.0859 183.77 183.77 2 20 5
10.0859 183.82 183.82 2 20 5
10.0859 183.87 183.87 2 20 5
10.0859 183.92 183.92 2 20 5
10.0859 183.97 183.97 2 20 5
10.0859 184.02 184.02 2 20 5
10.0859 184.07 184.07 2 20 5
10.0859 184.12 184.12 2 20 5
10.0859 184.17 184.17 2 20 5
10.0859 184.22 184.22 2 20 5
10.0859 184.27 184.27 2 20 5
10.0859 184.32 184.32 2 20 5
10.0859 184.37 184.37 2 20 5
10.0859 184.42 184.42 2 20 5
10.0859 184.47 184.47 2 20 5
10.0859 184.52 184.52 2 20 5
10.0859 184.57 184.57 2 20 5
10.0859 184.62 184.62 2 20 5
10.0859 184.67 184.67 2 20 5
10.0859 184.72 184.72 2 20 5
10.0859 184.77 184.77 2 20 5
10.0859 184.82 184.82 2 20 5
10.0859 184.87 184.87 2 20 5
10.0859 184.92 184.92 2 20 5
10.0859 184.97 184.97 2 20 5
10.0857 185.02 185.02 2 20 5
10.0858 185.07 185.07 2 20 5
10.0859 185.12 185.12 2 20 5
10.0859 185.17 185.17 2 20 5
10.0859 185.22 185.22 2 20 5
10.0859 185.27 185.27 2 20 5
10.0859 185.32 185.32 2 20 5
10.0859 185.37 185.37 2 20 5
10.0859 185.42 185.42 2 20 5
10.0859 185.47 185.47 2 20 5
10.0859 185.52 185.52 2 20 5
10.0859 185.57 185.57 2 20 5
10.0859 185.62 185.62 2 20 5
10.0859 185.67 185.67 2 20 5
10.0859 185.72 185.72 2 20 5
10.0859 185.77 185.77 2 20 5
10.0859 185.82 185.82 2 20 5
10.0859 185.87 185.87 2 20 5
10.0859 185.92 185.92 2 20 5
10.0859 185.97 185.97 2 20 5
10.0859 186.02 186.02 2 20 5
10.0859 186.07 186.07 2 20 5
10.0859 186.12 186.12 2 20 5
10.0859 186.17 186.17 2 20 5
10.0859 186.22 186.22 2 20 5
10.0859 186.27 186.27 2 20 5
10.0859 186.32 186.32 2 20 5
10.0859 186.37 186.37 2 20 5
10.0859 186.42 186.42 2 20 5
10.0859 186.47 186.47 2 20 5
10.0859 186.52 186.52 2 20 5
10.0859 186.57 186.57 2 20 5
10.0859 186.62 186.62 2 20 5
10.0859 186.67 186.67 2 20 5
10.0859 186.72 186.72 2 20 5
10.0859 186.77 186.77 2 20 5
10.0859 186.82 186.82 2 20 5
10.0859 186.87 186.87 2 20 5
10.0859 186.92 186.92 2 20 5
10.0859 186.97 186.97 2 20 5
10.0859 187.02 187.02 2 20 5
10.0859 187.07 187.07 2 20 5
10.0859 187.12 187.12 2 20 5
10.0859 187.17 187.17 2 20 5
10.0859 187.22 187.22 2 20 5
10.0859 187.27 187.27 2 20 5
10.0859 187.32 187.32 2 20 5
10.0859 187.37 187.37 2 20 5
10.0859 187.42 187.42 2 20 5
10.0859 187.47 187.47 2 20 5
10.0859 187.52 187.52 2 20 5
10.0859 187.57 187.57 2 20 5
10.0859 187.62 187.62 2 20 5
10.0859 187.67 187.67 2 20 5
10.0859 187.72 187.72 2 20 5
10.0859 187.77 187.77 2 20 5
10.0859 187.82 187.82 2 20 5
10.0859 187.87 187.87 2 20 5
10.0859 187.92 187.92 2 20 5
10.0859 187.97 187.97 2 20 5
10.0859 188.02 188.02 2 20 5
10.0859 188.07 188.07 2 20 5
10.0859 188.12 188.12 2 20 5
10.0859 188.17 188.17 2 20 5
10.0859 188.22 188.22 2 20 5
10.0859 188.27 188.27 2 20 5
10.0859 188.32 188.32 2 20 5
10.0859 188.37 188.37 2 20 5
10.0859 188.42 188.42 2 20 5
10.0859 188.47 188.47 2 20 5
10.0859 188.52 188.52 2 20 5
10.0859 188.57 188.57 2 20 5
10.0859 188.62 188.62 2 20 5
10.0859 188.67 188.67 2 20 5
10.0859 188.72 188.72 2 20 5
10.0859 188.77 188.77 2 20 5
10.0859 188.82 188.82 2 20 5
10.0859 188.87 188.87 2 20 5
10.0859 188.92 188.92 2 20 5
10.0859 188.97 188.97 2 20 5
10.0859 189.02 189.02 2 20 5
10.0859 189.07 189.07 2 20 5
10.0859 189.12 189.12 2 20 5
10.0859 189.17 189.17 2 20 5
10.0859 189.22 189.22 2 20 5
10.0859 189.27 189.27 2 20 5
10.086 189.32 189.32 2 20 5
10.0859 189.37 189.37 2 20 5
10.0859 189.42 189.42 2 20 5
10.0858 189.47 189.47 2 20 5
10.0858 189.52 189.52 2 20 5
10.0859 189.57 189.57 2 20 5
10.0859 189.62 189.62 2 20 5
10.0859 189.67 189.67 2 20 5
10.0859 189.72 189.72 2 20 5
10.0859 189.77 189.77 2 20 5
10.0859 189.82 189.82 2 20 5
10.0859 189.87 189.87 2 20 5
10.0859 189.92 189.92 2 20 5
10.0859 189.97 189.97 2 20 5
10.0859 190.02 190.02 2 20 5
10.0859 190.07 190.07 2 20 5
10.0859 190.12 190.12 2 20 5
10.0859 190.17 190.17 2 20 5
10.0859 190.22 190.22 2 20 5
10.0859 190.27 190.27 2 20 5
10.0859 190.32 190.32 2 20 5
10.0859 190.37 190.37 2 20 5
10.0859 190.42 190.42 2 20 5
10.0859 190.47 190.47 2 20 5
10.0859 190.52 190.52 2 20 5
10.0859 190.57 190.57 2 20 5
10.0859 190.62 190.62 2 20 5
10.0859 190.67 190.67 2 20 5
10.0859 190.72 190.72 2 20 5
10.0859 190.77 190.77 2 20 5
10.0859 190.82 190.82 2 20 5
10.0859 190.87 190.87 2 20 5
10.0859 190.92 190.92 2 20 5
10.0859 190.97 190.97 2 20 5
10.0859 191.02 191.02 2 20 5
10.0859 191.07 191.07 2 20 5
10.0859 191.12 191.12 2 20 5
10.0859 191.17 191.17 2 20 5
10.0859 191.22 191.22 2 20 5
10.0859 191.27 191.27 2 20 5
10.0859 191.32 191.32 2 20 5
10.0859 191.37 191.37 2 20 5
10.0859 191.42 191.42 2 20 5
10.0859 191.47 191.47 2 20 5
10.0859 191.52 191.52 2 20 5
10.0859 191.57 191.57 2 20 5
10.0859 191.62 191.62 2 20 5
10.0859 191.67 191.67 2 20 5
10.0859 191.72 191.72 2 20 5
10.0859 191.77 191.77 2 20 5
10.0859 191.82 191.82 2 20 5
10.0859 191.87 191.87 2 20 5
10.0859 191.92 191.92 2 20 5
10.0859 191.97 191.97 2 20 5
10.0859 192.02 192.02 2 20 5
10.0859 192.07 192.07 2 20 5
10.0859 192.12 192.12 2 20 5
10.0859 192.17 192.17 2 20 5
10.0859 192.22 192.22 2 20 5
10.0859 192.27 192.27 2 20 5
10.0859 192.32 192.32 2 20 5
10.0859 192.37 192.37 2 20 5
10.0859 192.42 192.42 2 20 5
10.0859 192.47 192.47 2 20 5
10.0859 192.52 192.52 2 20 5
10.0859 192.57 192.57 2 20 5
10.0859 192.62 192.62 2 20 5
10.0859 192.67 192.67 2 20 5
10.0859 192.72 192.72 2 20 5
10.0859 192.77 192.77 2 20 5
10.0859 192.82 192.82 2 20 5
10.0859 192.87 192.87 2 20 5
10.0859 192.92 192.92 2 20 5
10.0858 192.97 192.97 2 20 5
10.0858 193.02 193.02 2 20 5
10.0859 193.07 193.07 2 20 5
10.0859 193.12 193.12 2 20 5
10.0859 193.17 193.17 2 20 5
10.0859 193.22 193.22 2 20 5
10.0859 193.27 193.27 2 20 5
10.0859 193.32 193.32 2 20 5
10.0859 193.37 193.37 2 20 5
10.0859 193.42 193.42 2 20 5
10.0859 193.47 193.47 2 20 5
10.0859 193.52 193.52 2 20 5
10.0859 193.57 193.57 2 20 5
10.0859 193.62 193.62 2 20 5
10.0859 193.67 193.67 2 20 5
10.0859 193.72 193.72 2 20 5
10.0859 193.77 193.77 2 20 5
10.0859 193.82 193.82 2 20 5
10.0859 193.87 193.87 2 20 5
10.0859 193.92 193.92 2 20 5
10.0859 193.97 193.97 2 20 5
10.0859 194.02 194.02 2 20 5
10.0859 194.07 194.07 2 20 5
10.0859 194.12 194.12 2 20 5
10.0859 194.17 194.17 2 20 5
10.0859 194.22 194.22 2 20 5
10.0859 194.27 194.27 2 20 5
10.0859 194.32 194.32 2 20 5
10.0859 194.37 194.37 2 20 5
10.0859 194.42 194.42 2 20 5
10.0859 194.47 194.47 2 20 5
10.0859 194.52 194.52 2 20 5
10.0859 194.57 194.57 2 20 5
10.0859 194.62 194.62 2 20 5
10.0859 194.67 194.67 2 20 5
10.0859 194.72 194.72 2 20 5
10.0859 194.77 194.77 2 20 5
10.0859 194.82 194.82 2 20 5
10.0859 194.87 194.87 2 20 5
10.0859 194.92 194.92 2 20 5
10.0859 194.97 194.97 2 20 5
10.0859 195.02 195.02 2 20 5
10.0859 195.07 195.07 2 20 5
10.0859 195.12 195.12 2 20 5
10.0859 195.17 195.17 2 20 5
10.0859 195.22 195.22 2 20 5
10.0859 195.27 195.27 2 20 5
10.0859 195.32 195.32 2 20 5
10.0859 195.37 195.37 2 20 5
10.0859 195.42 195.42 2 20 5
10.0859 195.47 195.47 2 20 5
10.0859 195.52 195.52 2 20 5
10.0859 195.57 195.57 2 20 5
10.0859 195.62 195.62 2 20 5
10.0859 195.67 195.67 2 20 5
10.0859 195.72 195.72 2 20 5
10.0858 195.77 195.77 2 20 5
10.0859 195.82 195.82 2 20 5
10.0859 195.87 195.87 2 20 5
10.0859 195.92 195.92 2 20 5
10.0859 195.97 195.97 2 20 5
10.0859 196.02 196.02 2 20 5
10.0859 196.07 196.07 2 20 5
10.0859 196.12 196.12 2 20 5
10.0859 196.17 196.17 2 20 5
10.0859 196.22 196.22 2 20 5
10.0859 196.27 196.27 2 20 5
10.0859 196.32 196.32 2 20 5
10.0859 196.37 196.37 2 20 5
10.0859 196.42 196.42 2 20 5
10.0859 196.47 196.47 2 20 5
10.0859 196.52 196.52 2 20 5
10.0859 196.57 196.57 2 20 5
10.0859 196.62 196.62 2 20 5
10.0859 196.67 196.67 2 20 5
10.0859 196.72 196.72 2 20 5
10.0859 196.77 196.77 2 20 5
10.0859 196.82 196.82 2 20 5
10.0859 196.87 196.87 2 20 5
10.0859 196.92 196.92 2 20 5
10.0859 196.97 196.97 2 20 5
10.0859 197.02 197.02 2 20 5
10.0859 197.07 197.07 2 20 5
10.0859 197.12 197.12 2 20 5
10.0859 197.17 197.17 2 20 5
10.0859 197.22 197.22 2 20 5
10.0859 197.27 197.27 2 20 5
10.0859 197.32 197.32 2 20 5
10.0859 197.37 197.37 2 20 5
10.0859 197.42 197.42 2 20 5
10.0859 197.47 197.47 2 20 5
10.0859 197.52 197.52 2 20 5
10.0859 197.57 197.57 2 20 5
10.0859 197.62 197.62 2 20 5
10.0859 197.67 197.67 2 20 5
10.0859 197.72 197.72 2 20 5
10.0859 197.77 197.77 2 20 5
10.0859 197.82 197.82 2 20 5
10.0859 197.87 197.87 2 20 5
10.0859 197.92 197.92 2 20 5
10.0859 197.97 197.97 2 20 5
10.0859 198.02 198.02 2 20 5
10.0859 198.07 198.07 2 20 5
10.0859 198.12 198.12 2 20 5
10.0859 198.17 198.17 2 20 5
10.0859 198.22 198.22 2 20 5
10.0859 198.27 198.27 2 20 5
10.0859 198.32 198.32 2 20 5
10.0859 198.37 198.37 2 20 5
10.0859 198.42 198.42 2 20 5
10.0859 198.47 198.47 2 20 5
10.0859 198.52 198.52 2 20 5
10.0859 198.57 198.57 2 20 5
10.0859 198.62 198.62 2 20 5
10.0859 198.67 198.67 2 20 5
10.0859 198.72 198.72 2 20 5
10.0859 198.77 198.77 2 20 5
10.0859 198.82 198.82 2 20 5
10.0859 198.87 198.87 2 20 5
10.0859 198.92 198.92 2 20 5
10.0859 198.97 198.97 2 20 5
10.0859 199.02 199.02 2 20 5
10.0859 199.07 199.07 2 20 5
10.0859 199.12 199.12 2 20 5
10.0859 199.17 199.17 2 20 5
10.0859 199.22 199.22 2 20 5
10.0859 199.27 199.27 2 20 5
10.0859 199.32 199.32 2 20 5
10.0859 199.37 199.37 2 20 5
10.0859 199.42 199.42 2 20 5
10.0859 199.47 199.47 2 20 5
10.0859 199.52 199.52 2 20 5
10.0859 199.57 199.57 2 20 5
10.0859 199.62 199.62 2 20 5
10.0859 199.67 199.67 2 20 5
10.0859 199.72 199.72 2 20 5
10.0859 199.77 199.77 2 20 5
10.0858 199.82 199.82 2 20 5
10.0859 199.87 199.87 2 20 5
10.0859 199.92 199.92 2 20 5
10.0859 199.97 199.97 2 20 5
10.0859 200.02 200.02 2 20 5
10.0859 200.07 200.07 2 20 5
10.0859 200.12 200.12 2 20 5
10.0859 200.17 200.17 2 20 5
10.0859 200.22 200.22 2 20 5
10.0859 200.27 200.27 2 20 5
10.0859 200.32 200.32 2 20 5
10.0859 200.37 200.37 2 20 5
10.0859 200.42 200.42 2 20 5
10.0859 200.47 200.47 2 20 5
10.0859 200.52 200.52 2 20 5
10.0859 200.57 200.57 2 20 5
10.0859 200.62 200.62 2 20 5
10.0859 200.67 200.67 2 20 5
10.0859 200.72 200.72 2 20 5
10.0859 200.77 200.77 2 20 5
10.0859 200.82 200.82 2 20 5
10.0859 200.87 200.87 2 20 5
10.0859 200.92 200.92 2 20 5
10.0859 200.97 200.97 2 20 5
10.0859 201.02 201.02 2 20 5
10.0859 201.07 201.07 2 20 5
10.0859 201.12 201.12 2 20 5
10.0859 201.17 201.17 2 20 5
10.0859 201.22 201.22 2 20 5
10.0859 201.27 201.27 2 20 5
10.0859 201.32 201.32 2 20 5
10.0859 201.37 201.37 2 20 5
10.0859 201.42 201.42 2 20 5
10.0859 201.47 201.47 2 20 5
10.0859 201.52 201.52 2 20 5
10.0859 201.57 201.57 2 20 5
10.0859 201.62 201.62 2 20 5
10.0859 201.67 201.67 2 20 5
10.0859 201.72 201.72 2 20 5
10.0859 201.77 201.77 2 20 5
10.0859 201.82 201.82 2 20 5
10.0859 201.87 201.87 2 20 5
10.0859 201.92 201.92 2 20 5
10.0859 201.97 201.97 2 20 5
10.0859 202.02 202.02 2 20 5
10.0859 202.07 202.07 2 20 5
10.0859 202.12 202.12 2 20 5
10.0859 202.17 202.17 2 20 5
10.0859 202.22 202.22 2 20 5
10.0859 202.27 202.27 2 20 5
10.0859 202.32 202.32 2 20 5
10.0859 202.37 202.37 2 20 5
10.0859 202.42 202.42 2 20 5
10.0859 202.47 202.47 2 20 5
10.0859 202.52 202.52 2 20 5
10.0859 202.57 202.57 2 20 5
10.0859 202.62 202.62 2 20 5
10.0859 202.67 202.67 2 20 5
10.0859 202.72 202.72 2 20 5
10.0859 202.77 202.77 2 20 5
10.0859 202.82 202.82 2 20 5
10.0859 202.87 202.87 2 20 5
10.0859 202.92 202.92 2 20 5
10.0858 202.97 202.97 2 20 5
10.0858 203.02 203.02 2 20 5
10.0859 203.07 203.07 2 20 5
10.0859 203.12 203.12 2 20 5
10.0859 203.17 203.17 2 20 5
10.0859 203.22 203.22 2 20 5
10.0859 203.27 203.27 2 20 5
10.0859 203.32 203.32 2 20 5
10.0859 203.37 203.37 2 20 5
10.0859 203.42 203.42 2 20 5
10.0859 203.47 203.47 2 20 5
10.0859 203.52 203.52 2 20 5
10.0859 203.57 203.57 2 20 5
10.0859 203.62 203.62 2 20 5
10.0859 203.67 203.67 2 20 5
10.0859 203.72 203.72 2 20 5
10.0859 203.77 203.77 2 20 5
10.0859 203.82 203.82 2 20 5
10.0859 203.87 203.87 2 20 5
10.0859 203.92 203.92 2 20 5
10.0859 203.97 203.97 2 20 5
10.0859 204.02 204.02 2 20 5
10.0859 204.07 204.07 2 20 5
10.0859 204.12 204.12 2 20 5
10.0859 204.17 204.17 2 20 5
10.0859 204.22 204.22 2 20 5
10.0859 204.27 204.27 2 20 5
10.0859 204.32 204.32 2 20 5
10.0859 204.37 204.37 2 20 5
10.0859 204.42 204.42 2 20 5
10.0859 204.47 204.47 2 20 5
10.0859 204.52 204.52 2 20 5
10.0859 204.57 204.57 2 20 5
10.0859 204.62 204.62 2 20 5
10.0859 204.67 204.67 2 20 5
10.0859 204.72 204.72 2 20 5
10.0859 204.77 204.77 2 20 5
10.0859 204.82 204.82 2 20 5
10.0859 204.87 204.87 2 20 5
10.0859 204.92 204.92 2 20 5
10.0859 204.97 204.97 2 20 5
10.0859 205.02 205.02 2 20 5
10.0859 205.07 205.07 2 20 5
10.0859 205.12 205.12 2 20 5
10.0859 205.17 205.17 2 20 5
10.0859 205.22 205.22 2 20 5
10.0859 205.27 205.27 2 20 5
10.0859 205.32 205.32 2 20 5
10.0859 205.37 205.37 2 20 5
10.0859 205.42 205.42 2 20 5
10.0859 205.47 205.47 2 20 5
10.0859 205.52 205.52 2 20 5
10.0859 205.57 205.57 2 20 5
10.0859 205.62 205.62 2 20 5
10.0859 205.67 205.67 2 20 5
10.0859 205.72 205.72 2 20 5
10.0859 205.77 205.77 2 20 5
10.0859 205.82 205.82 2 20 5
10.0859 205.87 205.87 2 20 5
10.0859 205.92 205.92 2 20 5
10.0859 205.97 205.97 2 20 5
10.0859 206.02 206.02 2 20 5
10.0859 206.07 206.07 2 20 5
10.0859 206.12 206.12 2 20 5
10.0859 206.17 206.17 2 20 5
10.0859 206.22 206.22 2 20 5
10.0859 206.27 206.27 2 20 5
10.0859 206.32 206.32 2 20 5
10.0859 206.37 206.37 2 20 5
10.0859 206.42 206.42 2 20 5
10.0859 206.47 206.47 2 20 5
10.0859 206.52 206.52 2 20 5
10.0859 206.57 206.57 2 20 5
10.0859 206.62 206.62 2 20 5
10.0859 206.67 206.67 2 20 5
10.0859 206.72 206.72 2 20 5
10.0859 206.77 206.77 2 20 5
10.0859 206.82 206.82 2 20 5
10.0859 206.87 206.87 2 20 5
10.0859 206.92 206.92 2 20 5
10.0859 206.97 206.97 2 20 5
10.0859 207.02 207.02 2 20 5
10.0859 207.07 207.07 2 20 5
10.0859 207.12 207.12 2 20 5
10.0859 207.17 207.17 2 20 5
10.0859 207.22 207.22 2 20 5
10.0859 207.27 207.27 2 20 5
10.0859 207.32 207.32 2 20 5
10.0859 207.37 207.37 2 20 5
10.0859 207.42 207.42 2 20 5
10.0859 207.47 207.47 2 20 5
10.0859 207.52 207.52 2 20 5
10.0859 207.57 207.57 2 20 5
10.0859 207.62 207.62 2 20 5
10.0859 207.67 207.67 2 20 5
10.0859 207.72 207.72 2 20 5
10.0859 207.77 207.77 2 20 5
10.0859 207.82 207.82 2 20 5
10.0859 207.87 207.87 2 20 5
10.0859 207.92 207.92 2 20 5
10.0859 207.97 207.97 2 20 5
10.0859 208.02 208.02 2 20 5
10.0859 208.07 208.07 2 20 5
10.0859 208.12 208.12 2 20 5
10.0859 208.17 208.17 2 20 5
10.0859 208.22 208.22 2 20 5
10.0859 208.27 208.27 2 20 5
10.0859 208.32 208.32 2 20 5
10.0859 208.37 208.37 2 20 5
10.0859 208.42 208.42 2 20 5
10.0859 208.47 208.47 2 20 5
10.0859 208.52 208.52 2 20 5
10.0859 208.57 208.57 2 20 5
10.0859 208.62 208.62 2 20 5
10.0859 208.67 208.67 2 20 5
10.0859 208.72 208.72 2 20 5
10.0859 208.77 208.77 2 20 5
10.0859 208.82 208.82 2 20 5
10.0859 208.87 208.87 2 20 5
10.0859 208.92 208.92 2 20 5
10.0859 208.97 208.97 2 20 5
10.0859 209.02 209.02 2 20 5
10.0859 209.07 209.07 2 20 5
10.0859 209.12 209.12 2 20 5
10.0859 209.17 209.17 2 20 5
10.0859 209.22 209.22 2 20 5
10.0859 209.27 209.27 2 20 5
10.0859 209.32 209.32 2 20 5
10.0859 209.37 209.37 2 20 5
10.0859 209.42 209.42 2 20 5
10.0859 209.47 209.47 2 20 5
10.0859 209.52 209.52 2 20 5
10.0859 209.57 209.57 2 20 5
10.0859 209.62 209.62 2 20 5
10.0859 209.67 209.67 2 20 5
10.0859 209.72 209.72 2 20 5
10.0859 209.77 209.77 2 20 5
10.0859 209.82 209.82 2 20 5
10.0859 209.87 209.87 2 20 5
10.0859 209.92 209.92 2 20 5
10.0859 209.97 209.97 2 20 5
10.0859 210.02 210.02 2 20 5
10.0859 210.07 210.07 2 20 5
10.0859 210.12 210.12 2 20 5
10.0859 210.17 210.17 2 20 5
10.0859 210.22 210.22 2 20 5
10.0872 210.27 210.27 2 20 5
10.0865 210.32 210.32 2 20 5
10.0859 210.37 210.37 2 20 5
10.0855 210.42 210.42 2 20 5
10.0855 210.47 210.47 2 20 5
10.0857 210.52 210.52 2 20 5
10.0859 210.57 210.57 2 20 5
10.086 210.62 210.62 2 20 5
10.086 210.67 210.67 2 20 5
10.0859 210.72 210.72 2 20 5
10.0859 210.77 210.77 2 20 5
10.0859 210.82 210.82 2 20 5
10.0859 210.87 210.87 2 20 5
10.0859 210.92 210.92 2 20 5
10.0859 210.97 210.97 2 20 5
10.0859 211.02 211.02 2 20 5
10.0859 211.07 211.07 2 20 5
10.0859 211.12 211.12 2 20 5
10.0859 211.17 211.17 2 20 5
10.0859 211.22 211.22 2 20 5
10.0859 211.27 211.27 2 20 5
10.0859 211.32 211.32 2 20 5
10.0859 211.37 211.37 2 20 5
10.0859 211.42 211.42 2 20 5
10.0859 211.47 211.47 2 20 5
10.0859 211.52 211.52 2 20 5
10.0859 211.57 211.57 2 20 5
10.0859 211.62 211.62 2 20 5
10.0859 211.67 211.67 2 20 5
10.0859 211.72 211.72 2 20 5
10.0859 211.77 211.77 2 20 5
10.0859 211.82 211.82 2 20 5
10.0859 211.87 211.87 2 20 5
10.0859 211.92 211.92 2 20 5
10.0859 211.97 211.97 2 20 5
10.0859 212.02 212.02 2 20 5
10.0859 212.07 212.07 2 20 5
10.0859 212.12 212.12 2 20 5
10.0859 212.17 212.17 2 20 5
10.0859 212.22 212.22 2 20 5
10.0859 212.27 212.27 2 20 5
10.0859 212.32 212.32 2 20 5
10.0859 212.37 212.37 2 20 5
10.0859 212.42 212.42 2 20 5
10.0859 212.47 212.47 2 20 5
10.0859 212.52 212.52 2 20 5
10.0859 212.57 212.57 2 20 5
10.0859 212.62 212.62 2 20 5
10.0859 212.67 212.67 2 20 5
10.0858 212.72 212.72 2 20 5
10.0858 212.77 212.77 2 20 5
10.0859 212.82 212.82 2 20 5
10.0859 212.87 212.87 2 20 5
10.0859 212.92 212.92 2 20 5
10.0859 212.97 212.97 2 20 5
10.0859 213.02 213.02 2 20 5
10.0859 213.07 213.07 2 20 5
10.0859 213.12 213.12 2 20 5
10.0859 213.17 213.17 2 20 5
10.0859 213.22 213.22 2 20 5
10.0859 213.27 213.27 2 20 5
10.0859 213.32 213.32 2 20 5
10.0859 213.37 213.37 2 20 5
10.0859 213.42 213.42 2 20 5
10.0859 213.47 213.47 2 20 5
10.0859 213.52 213.52 2 20 5
10.0859 213.57 213.57 2 20 5
10.0859 213.62 213.62 2 20 5
10.0859 213.67 213.67 2 20 5
10.0859 213.72 213.72 2 20 5
10.0859 213.77 213.77 2 20 5
10.0859 213.82 213.82 2 20 5
10.0859 213.87 213.87 2 20 5
10.0859 213.92 213.92 2 20 5
10.0859 213.97 213.97 2 20 5
10.0859 214.02 214.02 2 20 5
10.0859 214.07 214.07 2 20 5
10.0859 214.12 214.12 2 20 5
10.0859 214.17 214.17 2 20 5
10.0859 214.22 214.22 2 20 5
10.0859 214.27 214.27 2 20 5
10.0859 214.32 214.32 2 20 5
10.0859 214.37 214.37 2 20 5
10.0859 214.42 214.42 2 20 5
10.0859 214.47 214.47 2 20 5
10.0859 214.52 214.52 2 20 5
10.0859 214.57 214.57 2 20 5
10.0859 214.62 214.62 2 20 5
10.0859 214.67 214.67 2 20 5
10.0859 214.72 214.72 2 20 5
10.0859 214.77 214.77 2 20 5
10.0859 214.82 214.82 2 20 5
10.0859 214.87 214.87 2 20 5
10.0859 214.92 214.92 2 20 5
10.0859 214.97 214.97 2 20 5
10.0859 215.02 215.02 2 20 5
10.0859 215.07 215.07 2 20 5
10.0859 215.12 215.12 2 20 5
10.0859 215.17 215.17 2 20 5
10.0859 215.22 215.22 2 20 5
10.0858 215.27 215.27 2 20 5
10.0858 215.32 215.32 2 20 5
10.0859 215.37 215.37 2 20 5
10.0859 215.42 215.42 2 20 5
10.0859 215.47 215.47 2 20 5
10.0859 215.52 215.52 2 20 5
10.0859 215.57 215.57 2 20 5
10.0859 215.62 215.62 2 20 5
10.0859 215.67 215.67 2 20 5
10.0859 215.72 215.72 2 20 5
10.0859 215.77 215.77 2 20 5
10.0859 215.82 215.82 2 20 5
10.0859 215.87 215.87 2 20 5
10.0859 215.92 215.92 2 20 5
10.0859 215.97 215.97 2 20 5
10.0859 216.02 216.02 2 20 5
10.0859 216.07 216.07 2 20 5
10.0859 216.12 216.12 2 20 5
10.0859 216.17 216.17 2 20 5
10.0859 216.22 216.22 2 20 5
10.0859 216.27 216.27 2 20 5
10.0859 216.32 216.32 2 20 5
10.0859 216.37 216.37 2 20 5
10.0859 216.42 216.42 2 20 5
10.0859 216.47 216.47 2 20 5
10.0859 216.52 216.52 2 20 5
10.0859 216.57 216.57 2 20 5
10.0859 216.62 216.62 2 20 5
10.0859 216.67 216.67 2 20 5
10.0859 216.72 216.72 2 20 5
10.0859 216.77 216.77 2 20 5
10.0859 216.82 216.82 2 20 5
10.0859 216.87 216.87 2 20 5
10.0859 216.92 216.92 2 20 5
10.0859 216.97 216.97 2 20 5
10.0859 217.02 217.02 2 20 5
10.0859 217.07 217.07 2 20 5
10.0859 217.12 217.12 2 20 5
10.0859 217.17 217.17 2 20 5
10.0859 217.22 217.22 2 20 5
10.0859 217.27 217.27 2 20 5
10.0859 217.32 217.32 2 20 5
10.0859 217.37 217.37 2 20 5
10.0859 217.42 217.42 2 20 5
10.0859 217.47 217.47 2 20 5
10.0859 217.52 217.52 2 20 5
10.0859 217.57 217.57 2 20 5
10.0859 217.62 217.62 2 20 5
10.0859 217.67 217.67 2 20 5
10.0859 217.72 217.72 2 20 5
10.0858 217.77 217.77 2 20 5
10.0859 217.82 217.82 2 20 5
10.0859 217.87 217.87 2 20 5
10.0859 217.92 217.92 2 20 5
10.0859 217.97 217.97 2 20 5
10.0859 218.02 218.02 2 20 5
10.0859 218.07 218.07 2 20 5
10.0859 218.12 218.12 2 20 5
10.0859 218.17 218.17 2 20 5
10.0859 218.22 218.22 2 20 5
10.0858 218.27 218.27 2 20 5
10.0859 218.32 218.32 2 20 5
10.0859 218.37 218.37 2 20 5
10.0859 218.42 218.42 2 20 5
10.0859 218.47 218.47 2 20 5
10.0859 218.52 218.52 2 20 5
10.0859 218.57 218.57 2 20 5
10.0859 218.62 218.62 2 20 5
10.0849 218.67 218.67 2 20 5
10.0854 218.72 218.72 2 20 5
10.0859 218.77 218.77 2 20 5
10.0861 218.82 218.82 2 20 5
10.0861 218.87 218.87 2 20 5
10.086 218.92 218.92 2 20 5
10.0859 218.97 218.97 2 20 5
10.0858 219.02 219.02 2 20 5
10.0858 219.07 219.07 2 20 5
10.0858 219.12 219.12 2 20 5
10.0859 219.17 219.17 2 20 5
10.0859 219.22 219.22 2 20 5
10.0859 219.27 219.27 2 20 5
10.0859 219.32 219.32 2 20 5
10.0859 219.37 219.37 2 20 5
10.0859 219.42 219.42 2 20 5
10.0859 219.47 219.47 2 20 5
10.0859 219.52 219.52 2 20 5
10.0859 219.57 219.57 2 20 5
10.0859 219.62 219.62 2 20 5
10.0859 219.67 219.67 2 20 5
10.0859 219.72 219.72 2 20 5
10.0859 219.77 219.77 2 20 5
10.0859 219.82 219.82 2 20 5
10.0859 219.87 219.87 2 20 5
10.0859 219.92 219.92 2 20 5
10.0859 219.97 219.97 2 20 5
10.0859 220.02 220.02 2 20 5
10.0859 220.07 220.07 2 20 5
10.0859 220.12 220.12 2 20 5
10.0859 220.17 220.17 2 20 5
10.0859 220.22 220.22 2 20 5
10.0859 220.27 220.27 2 20 5
10.0859 220.32 220.32 2 20 5
10.0858 220.37 220.37 2 20 5
10.0859 220.42 220.42 2 20 5
10.0859 220.47 220.47 2 20 5
10.0859 220.52 220.52 2 20 5
10.0859 220.57 220.57 2 20 5
10.0859 220.62 220.62 2 20 5
10.0859 220.67 220.67 2 20 5
10.0859 220.72 220.72 2 20 5
10.0859 220.77 220.77 2 20 5
10.0859 220.82 220.82 2 20 5
10.0859 220.87 220.87 2 20 5
10.0859 220.92 220.92 2 20 5
10.0859 220.97 220.97 2 20 5
10.0859 221.02 221.02 2 20 5
10.0859 221.07 221.07 2 20 5
10.0859 221.12 221.12 2 20 5
10.0859 221.17 221.17 2 20 5
10.0859 221.22 221.22 2 20 5
10.0859 221.27 221.27 2 20 5
10.0859 221.32 221.32 2 20 5
10.0859 221.37 221.37 2 20 5
10.0859 221.42 221.42 2 20 5
10.0859 221.47 221.47 2 20 5
10.0859 221.52 221.52 2 20 5
10.0859 221.57 221.57 2 20 5
10.0859 221.62 221.62 2 20 5
10.0859 221.67 221.67 2 20 5
10.0859 221.72 221.72 2 20 5
10.0859 221.77 221.77 2 20 5
10.0859 221.82 221.82 2 20 5
10.0859 221.87 221.87 2 20 5
10.0859 221.92 221.92 2 20 5
10.0859 221.97 221.97 2 20 5
10.0859 222.02 222.02 2 20 5
10.0859 222.07 222.07 2 20 5
10.0859 222.12 222.12 2 20 5
10.0859 222.17 222.17 2 20 5
10.0859 222.22 222.22 2 20 5
10.0859 222.27 222.27 2 20 5
10.0859 222.32 222.32 2 20 5
10.0859 222.37 222.37 2 20 5
10.0859 222.42 222.42 2 20 5
10.0859 222.47 222.47 2 20 5
10.0859 222.52 222.52 2 20 5
10.0859 222.57 222.57 2 20 5
10.0859 222.62 222.62 2 20 5
10.0859 222.67 222.67 2 20 5
10.0859 222.72 222.72 2 20 5
10.0859 222.77 222.77 2 20 5
10.0859 222.82 222.82 2 20 5
10.0859 222.87 222.87 2 20 5
10.0859 222.92 222.92 2 20 5
10.0861 222.97 222.97 2 20 5
10.086 223.02 223.02 2 20 5
10.0859 223.07 223.07 2 20 5
10.0858 223.12 223.12 2 20 5
10.0858 223.17 223.17 2 20 5
10.0858 223.22 223.22 2 20 5
10.0859 223.27 223.27 2 20 5
10.0859 223.32 223.32 2 20 5
10.0859 223.37 223.37 2 20 5
10.0859 223.42 223.42 2 20 5
10.0859 223.47 223.47 2 20 5
10.0859 223.52 223.52 2 20 5
10.0859 223.57 223.57 2 20 5
10.0859 223.62 223.62 2 20 5
10.0859 223.67 223.67 2 20 5
10.0859 223.72 223.72 2 20 5
10.0859 223.77 223.77 2 20 5
10.0859 223.82 223.82 2 20 5
10.0859 223.87 223.87 2 20 5
10.0859 223.92 223.92 2 20 5
10.0859 223.97 223.97 2 20 5
10.0859 224.02 224.02 2 20 5
10.0859 224.07 224.07 2 20 5
10.0859 224.12 224.12 2 20 5
10.0859 224.17 224.17 2 20 5
10.0859 224.22 224.22 2 20 5
10.0859 224.27 224.27 2 20 5
10.0859 224.32 224.32 2 20 5
10.0859 224.37 224.37 2 20 5
10.0859 224.42 224.42 2 20 5
10.0859 224.47 224.47 2 20 5
10.0859 224.52 224.52 2 20 5
10.0859 224.57 224.57 2 20 5
10.0859 224.62 224.62 2 20 5
10.0859 224.67 224.67 2 20 5
10.0859 224.72 224.72 2 20 5
10.0859 224.77 224.77 2 20 5
10.0859 224.82 224.82 2 20 5
10.0859 224.87 224.87 2 20 5
10.0859 224.92 224.92 2 20 5
10.0859 224.97 224.97 2 20 5
10.0859 225.02 225.02 2 20 5
10.0859 225.07 225.07 2 20 5
10.0859 225.12 225.12 2 20 5
10.0859 225.17 225.17 2 20 5
10.0859 225.22 225.22 2 20 5
10.0859 225.27 225.27 2 20 5
10.0859 225.32 225.32 2 20 5
10.0859 225.37 225.37 2 20 5
10.0859 225.42 225.42 2 20 5
10.0859 225.47 225.47 2 20 5
10.0859 225.52 225.52 2 20 5
10.0859 225.57 225.57 2 20 5
10.0859 225.62 225.62 2 20 5
10.0859 225.67 225.67 2 20 5
10.0859 225.72 225.72 2 20 5
10.0859 225.77 225.77 2 20 5
10.0863 225.82 225.82 2 20 5
10.0861 225.87 225.87 2 20 5
10.0859 225.92 225.92 2 20 5
10.0858 225.97 225.97 2 20 5
10.0858 226.02 226.02 2 20 5
10.0858 226.07 226.07 2 20 5
10.0859 226.12 226.12 2 20 5
10.0859 226.17 226.17 2 20 5
10.0859 226.22 226.22 2 20 5
10.0859 226.27 226.27 2 20 5
10.0859 226.32 226.32 2 20 5
10.0859 226.37 226.37 2 20 5
10.0859 226.42 226.42 2 20 5
10.0859 226.47 226.47 2 20 5
10.0859 226.52 226.52 2 20 5
10.0859 226.57 226.57 2 20 5
10.0859 226.62 226.62 2 20 5
10.0859 226.67 226.67 2 20 5
10.0859 226.72 226.72 2 20 5
10.0859 226.77 226.77 2 20 5
10.0859 226.82 226.82 2 20 5
10.0859 226.87 226.87 2 20 5
10.0859 226.92 226.92 2 20 5
10.0859 226.97 226.97 2 20 5
10.0859 227.02 227.02 2 20 5
10.0859 227.07 227.07 2 20 5
10.0859 227.12 227.12 2 20 5
10.0859 227.17 227.17 2 20 5
10.0859 227.22 227.22 2 20 5
10.0859 227.27 227.27 2 20 5
10.0859 227.32 227.32 2 20 5
10.0859 227.37 227.37 2 20 5
10.0859 227.42 227.42 2 20 5
10.0859 227.47 227.47 2 20 5
10.0859 227.52 227.52 2 20 5
10.0859 227.57 227.57 2 20 5
10.0859 227.62 227.62 2 20 5
10.0859 227.67 227.67 2 20 5
10.0859 227.72 227.72 2 20 5
10.0859 227.77 227.77 2 20 5
10.0859 227.82 227.82 2 20 5
10.0859 227.87 227.87 2 20 5
10.0859 227.92 227.92 2 20 5
10.0859 227.97 227.97 2 20 5
10.0859 228.02 228.02 2 20 5
10.0859 228.07 228.07 2 20 5
10.0859 228.12 228.12 2 20 5
10.0859 228.17 228.17 2 20 5
10.0859 228.22 228.22 2 20 5
10.0859 228.27 228.27 2 20 5
10.0859 228.32 228.32 2 20 5
10.0859 228.37 228.37 2 20 5
10.0859 228.42 228.42 2 20 5
10.0859 228.47 228.47 2 20 5
10.0859 228.52 228.52 2 20 5
10.0859 228.57 228.57 2 20 5
10.0859 228.62 228.62 2 20 5
10.0859 228.67 228.67 2 20 5
10.0859 228.72 228.72 2 20 5
10.0859 228.77 228.77 2 20 5
10.0859 228.82 228.82 2 20 5
10.0859 228.87 228.87 2 20 5
10.0859 228.92 228.92 2 20 5
10.0859 228.97 228.97 2 20 5
10.0859 229.02 229.02 2 20 5
10.0859 229.07 229.07 2 20 5
10.0859 229.12 229.12 2 20 5
10.0859 229.17 229.17 2 20 5
10.0859 229.22 229.22 2 20 5
10.0859 229.27 229.27 2 20 5
10.0859 229.32 229.32 2 20 5
10.0859 229.37 229.37 2 20 5
10.0859 229.42 229.42 2 20 5
10.0859 229.47 229.47 2 20 5
10.0859 229.52 229.52 2 20 5
10.0858 229.57 229.57 2 20 5
10.0859 229.62 229.62 2 20 5
10.0859 229.67 229.67 2 20 5
10.0859 229.72 229.72 2 20 5
10.0859 229.77 229.77 2 20 5
10.0859 229.82 229.82 2 20 5
10.0859 229.87 229.87 2 20 5
10.0859 229.92 229.92 2 20 5
10.0859 229.97 229.97 2 20 5
10.0859 230.02 230.02 2 20 5
10.0859 230.07 230.07 2 20 5
10.0859 230.12 230.12 2 20 5
10.0859 230.17 230.17 2 20 5
10.0859 230.22 230.22 2 20 5
10.0859 230.27 230.27 2 20 5
10.0859 230.32 230.32 2 20 5
10.0859 230.37 230.37 2 20 5
10.0859 230.42 230.42 2 20 5
10.0859 230.47 230.47 2 20 5
10.0859 230.52 230.52 2 20 5
10.0859 230.57 230.57 2 20 5
10.0859 230.62 230.62 2 20 5
10.0859 230.67 230.67 2 20 5
10.0859 230.72 230.72 2 20 5
10.0859 230.77 230.77 2 20 5
10.0859 230.82 230.82 2 20 5
10.0859 230.87 230.87 2 20 5
10.0859 230.92 230.92 2 20 5
10.0859 230.97 230.97 2 20 5
10.0859 231.02 231.02 2 20 5
10.0858 231.07 231.07 2 20 5
10.0858 231.12 231.12 2 20 5
10.0859 231.17 231.17 2 20 5
10.0859 231.22 231.22 2 20 5
10.0859 231.27 231.27 2 20 5
10.0859 231.32 231.32 2 20 5
10.0859 231.37 231.37 2 20 5
10.0859 231.42 231.42 2 20 5
10.0859 231.47 231.47 2 20 5
10.0859 231.52 231.52 2 20 5
10.0859 231.57 231.57 2 20 5
10.0859 231.62 231.62 2 20 5
10.0859 231.67 231.67 2 20 5
10.0859 231.72 231.72 2 20 5
10.0859 231.77 231.77 2 20 5
10.0859 231.82 231.82 2 20 5
10.0859 231.87 231.87 2 20 5
10.0859 231.92 231.92 2 20 5
10.0859 231.97 231.97 2 20 5
10.0859 232.02 232.02 2 20 5
10.0859 232.07 232.07 2 20 5
10.0859 232.12 232.12 2 20 5
10.0859 232.17 232.17 2 20 5
10.0859 232.22 232.22 2 20 5
10.0859 232.27 232.27 2 20 5
10.0859 232.32 232.32 2 20 5
10.0859 232.37 232.37 2 20 5
10.0859 232.42 232.42 2 20 5
10.0859 232.47 232.47 2 20 5
10.0859 232.52 232.52 2 20 5
10.0859 232.57 232.57 2 20 5
10.0859 232.62 232.62 2 20 5
10.0859 232.67 232.67 2 20 5
10.0859 232.72 232.72 2 20 5
10.0859 232.77 232.77 2 20 5
10.0859 232.82 232.82 2 20 5
10.0859 232.87 232.87 2 20 5
10.0859 232.92 232.92 2 20 5
10.0859 232.97 232.97 2 20 5
10.0859 233.02 233.02 2 20 5
10.0859 233.07 233.07 2 20 5
10.0859 233.12 233.12 2 20 5
10.0859 233.17 233.17 2 20 5
10.0859 233.22 233.22 2 20 5
10.0859 233.27 233.27 2 20 5
10.0859 233.32 233.32 2 20 5
10.0859 233.37 233.37 2 20 5
10.0859 233.42 233.42 2 20 5
10.0859 233.47 233.47 2 20 5
10.0859 233.52 233.52 2 20 5
10.0859 233.57 233.57 2 20 5
10.0859 233.62 233.62 2 20 5
10.0859 233.67 233.67 2 20 5
10.0859 233.72 233.72 2 20 5
10.0859 233.77 233.77 2 20 5
10.0853 233.82 233.82 2 20 5
10.0856 233.87 233.87 2 20 5
10.0859 233.92 233.92 2 20 5
10.086 233.97 233.97 2 20 5
10.086 234.02 234.02 2 20 5
10.0859 234.07 234.07 2 20 5
10.0859 234.12 234.12 2 20 5
10.0858 234.17 234.17 2 20 5
10.0858 234.22 234.22 2 20 5
10.0859 234.27 234.27 2 20 5
10.0859 234.32 234.32 2 20 5
10.0859 234.37 234.37 2 20 5
10.0859 234.42 234.42 2 20 5
10.0859 234.47 234.47 2 20 5
10.0859 234.52 234.52 2 20 5
10.0859 234.57 234.57 2 20 5
10.0859 234.62 234.62 2 20 5
10.0859 234.67 234.67 2 20 5
10.0859 234.72 234.72 2 20 5
10.0859 234.77 234.77 2 20 5
10.0859 234.82 234.82 2 20 5
10.0859 234.87 234.87 2 20 5
10.0859 234.92 234.92 2 20 5
10.0858 234.97 234.97 2 20 5
10.0858 235.02 235.02 2 20 5
10.0859 235.07 235.07 2 20 5
10.0859 235.12 235.12 2 20 5
10.0859 235.17 235.17 2 20 5
10.0859 235.22 235.22 2 20 5
10.0859 235.27 235.27 2 20 5
10.0859 235.32 235.32 2 20 5
10.086 235.37 235.37 2 20 5
10.0859 235.42 235.42 2 20 5
10.0859 235.47 235.47 2 20 5
10.0858 235.52 235.52 2 20 5
10.0858 235.57 235.57 2 20 5
10.0859 235.62 235.62 2 20 5
10.0859 235.67 235.67 2 20 5
10.0859 235.72 235.72 2 20 5
10.0859 235.77 235.77 2 20 5
10.0859 235.82 235.82 2 20 5
10.0859 235.87 235.87 2 20 5
10.0859 235.92 235.92 2 20 5
10.0859 235.97 235.97 2 20 5
10.0859 236.02 236.02 2 20 5
10.0859 236.07 236.07 2 20 5
10.0859 236.12 236.12 2 20 5
10.0859 236.17 236.17 2 20 5
10.0859 236.22 236.22 2 20 5
10.0858 236.27 236.27 2 20 5
10.0859 236.32 236.32 2 20 5
10.0859 236.37 236.37 2 20 5
10.0859 236.42 236.42 2 20 5
10.0859 236.47 236.47 2 20 5
10.0859 236.52 236.52 2 20 5
10.0859 236.57 236.57 2 20 5
10.0859 236.62 236.62 2 20 5
10.0859 236.67 236.67 2 20 5
10.0859 236.72 236.72 2 20 5
10.0859 236.77 236.77 2 20 5
10.0859 236.82 236.82 2 20 5
10.0859 236.87 236.87 2 20 5
10.0859 236.92 236.92 2 20 5
10.0859 236.97 236.97 2 20 5
10.0859 237.02 237.02 2 20 5
10.0859 237.07 237.07 2 20 5
10.0859 237.12 237.12 2 20 5
10.0859 237.17 237.17 2 20 5
10.0859 237.22 237.22 2 20 5
10.0859 237.27 237.27 2 20 5
10.0859 237.32 237.32 2 20 5
10.0859 237.37 237.37 2 20 5
10.0859 237.42 237.42 2 20 5
10.0859 237.47 237.47 2 20 5
10.0859 237.52 237.52 2 20 5
10.0859 237.57 237.57 2 20 5
10.0859 237.62 237.62 2 20 5
10.0859 237.67 237.67 2 20 5
10.0859 237.72 237.72 2 20 5
10.0859 237.77 237.77 2 20 5
10.0859 237.82 237.82 2 20 5
10.0859 237.87 237.87 2 20 5
10.0859 237.92 237.92 2 20 5
10.0859 237.97 237.97 2 20 5
10.0859 238.02 238.02 2 20 5
10.0859 238.07 238.07 2 20 5
10.0859 238.12 238.12 2 20 5
10.0859 238.17 238.17 2 20 5
10.0859 238.22 238.22 2 20 5
10.0859 238.27 238.27 2 20 5
10.0859 238.32 238.32 2 20 5
10.0859 238.37 238.37 2 20 5
10.0859 238.42 238.42 2 20 5
10.0859 238.47 238.47 2 20 5
10.0858 238.52 238.52 2 20 5
10.0859 238.57 238.57 2 20 5
10.0859 238.62 238.62 2 20 5
10.0859 238.67 238.67 2 20 5
10.0859 238.72 238.72 2 20 5
10.0859 238.77 238.77 2 20 5
10.0859 238.82 238.82 2 20 5
10.0859 238.87 238.87 2 20 5
10.0859 238.92 238.92 2 20 5
10.0859 238.97 238.97 2 20 5
10.0859 239.02 239.02 2 20 5
10.0859 239.07 239.07 2 20 5
10.0859 239.12 239.12 2 20 5
10.0859 239.17 239.17 2 20 5
10.0859 239.22 239.22 2 20 5
10.0859 239.27 239.27 2 20 5
10.0859 239.32 239.32 2 20 5
10.0859 239.37 239.37 2 20 5
10.0859 239.42 239.42 2 20 5
10.0857 239.47 239.47 2 20 5
10.0858 239.52 239.52 2 20 5
10.0859 239.57 239.57 2 20 5
10.0859 239.62 239.62 2 20 5
10.0859 239.67 239.67 2 20 5
10.0859 239.72 239.72 2 20 5
10.0859 239.77 239.77 2 20 5
10.0859 239.82 239.82 2 20 5
10.0859 239.87 239.87 2 20 5
10.0858 239.92 239.92 2 20 5
10.0858 239.97 239.97 2 20 5
10.0859 240.02 240.02 2 20 5
10.0859 240.07 240.07 2 20 5
10.0859 240.12 240.12 2 20 5
10.0859 240.17 240.17 2 20 5
10.0859 240.22 240.22 2 20 5
10.0859 240.27 240.27 2 20 5
10.0858 240.32 240.32 2 20 5
10.0859 240.37 240.37 2 20 5
10.0859 240.42 240.42 2 20 5
10.0859 240.47 240.47 2 20 5
10.0859 240.52 240.52 2 20 5
10.0859 240.57 240.57 2 20 5
10.0859 240.62 240.62 2 20 5
10.0859 240.67 240.67 2 20 5
10.0859 240.72 240.72 2 20 5
10.0859 240.77 240.77 2 20 5
10.0859 240.82 240.82 2 20 5
10.0859 240.87 240.87 2 20 5
10.0859 240.92 240.92 2 20 5
10.0859 240.97 240.97 2 20 5
10.0859 241.02 241.02 2 20 5
10.0859 241.07 241.07 2 20 5
10.0859 241.12 241.12 2 20 5
10.0859 241.17 241.17 2 20 5
10.0859 241.22 241.22 2 20 5
10.0859 241.27 241.27 2 20 5
10.0859 241.32 241.32 2 20 5
10.0859 241.37 241.37 2 20 5
10.0859 241.42 241.42 2 20 5
10.0859 241.47 241.47 2 20 5
10.0859 241.52 241.52 2 20 5
10.0859 241.57 241.57 2 20 5
10.0859 241.62 241.62 2 20 5
10.0859 241.67 241.67 2 20 5
10.0859 241.72 241.72 2 20 5
10.0859 241.77 241.77 2 20 5
10.0859 241.82 241.82 2 20 5
10.0859 241.87 241.87 2 20 5
10.0859 241.92 241.92 2 20 5
10.0859 241.97 241.97 2 20 5
10.0859 242.02 242.02 2 20 5
10.0859 242.07 242.07 2 20 5
10.0859 242.12 242.12 2 20 5
10.0859 242.17 242.17 2 20 5
10.0859 242.22 242.22 2 20 5
10.0859 242.27 242.27 2 20 5
10.0859 242.32 242.32 2 20 5
10.0859 242.37 242.37 2 20 5
10.0859 242.42 242.42 2 20 5
10.0859 242.47 242.47 2 20 5
10.0859 242.52 242.52 2 20 5
10.0859 242.57 242.57 2 20 5
10.0859 242.62 242.62 2 20 5
10.0859 242.67 242.67 2 20 5
10.0859 242.72 242.72 2 20 5
10.0859 242.77 242.77 2 20 5
10.0859 242.82 242.82 2 20 5
10.0859 242.87 242.87 2 20 5
10.0859 242.92 242.92 2 20 5
10.0859 242.97 242.97 2 20 5
10.0859 243.02 243.02 2 20 5
10.0859 243.07 243.07 2 20 5
10.0859 243.12 243.12 2 20 5
10.0859 243.17 243.17 2 20 5
10.0859 243.22 243.22 2 20 5
10.0859 243.27 243.27 2 20 5
10.0859 243.32 243.32 2 20 5
10.0861 243.37 243.37 2 20 5
10.086 243.42 243.42 2 20 5
10.0859 243.47 243.47 2 20 5
10.0858 243.52 243.52 2 20 5
10.0858 243.57 243.57 2 20 5
10.0858 243.62 243.62 2 20 5
10.0859 243.67 243.67 2 20 5
10.0859 243.72 243.72 2 20 5
10.0859 243.77 243.77 2 20 5
10.0859 243.82 243.82 2 20 5
10.0859 243.87 243.87 2 20 5
10.0859 243.92 243.92 2 20 5
10.0859 243.97 243.97 2 20 5
10.0859 244.02 244.02 2 20 5
10.0859 244.07 244.07 2 20 5
10.0859 244.12 244.12 2 20 5
10.0859 244.17 244.17 2 20 5
10.0859 244.22 244.22 2 20 5
10.0859 244.27 244.27 2 20 5
10.0859 244.32 244.32 2 20 5
10.0859 244.37 244.37 2 20 5
10.0859 244.42 244.42 2 20 5
10.0858 244.47 244.47 2 20 5
10.0859 244.52 244.52 2 20 5
10.0859 244.57 244.57 2 20 5
10.0859 244.62 244.62 2 20 5
10.0859 244.67 244.67 2 20 5
10.0859 244.72 244.72 2 20 5
10.0859 244.77 244.77 2 20 5
10.0859 244.82 244.82 2 20 5
10.0859 244.87 244.87 2 20 5
10.0859 244.92 244.92 2 20 5
10.0859 244.97 244.97 2 20 5
10.0859 245.02 245.02 2 20 5
10.0859 245.07 245.07 2 20 5
10.0859 245.12 245.12 2 20 5
10.0859 245.17 245.17 2 20 5
10.0859 245.22 245.22 2 20 5
10.0859 245.27 245.27 2 20 5
10.0859 245.32 245.32 2 20 5
10.0859 245.37 245.37 2 20 5
10.0859 245.42 245.42 2 20 5
10.086 245.47 245.47 2 20 5
10.086 245.52 245.52 2 20 5
10.0859 245.57 245.57 2 20 5
10.0858 245.62 245.62 2 20 5
10.0858 245.67 245.67 2 20 5
10.0859 245.72 245.72 2 20 5
10.0859 245.77 245.77 2 20 5
10.0859 245.82 245.82 2 20 5
10.0859 245.87 245.87 2 20 5
10.0859 245.92 245.92 2 20 5
10.0859 245.97 245.97 2 20 5
10.0859 246.02 246.02 2 20 5
10.0859 246.07 246.07 2 20 5
10.0859 246.12 246.12 2 20 5
10.0859 246.17 246.17 2 20 5
10.0859 246.22 246.22 2 20 5
10.0859 246.27 246.27 2 20 5
10.0859 246.32 246.32 2 20 5
10.0859 246.37 246.37 2 20 5
10.0859 246.42 246.42 2 20 5
10.0859 246.47 246.47 2 20 5
10.0859 246.52 246.52 2 20 5
10.0859 246.57 246.57 2 20 5
10.0859 246.62 246.62 2 20 5
10.0859 246.67 246.67 2 20 5
10.0859 246.72 246.72 2 20 5
10.0859 246.77 246.77 2 20 5
10.0859 246.82 246.82 2 20 5
10.0859 246.87 246.87 2 20 5
10.0859 246.92 246.92 2 20 5
10.0859 246.97 246.97 2 20 5
10.0859 247.02 247.02 2 20 5
10.0859 247.07 247.07 2 20 5
10.0859 247.12 247.12 2 20 5
10.0859 247.17 247.17 2 20 5
10.0859 247.22 247.22 2 20 5
10.0859 247.27 247.27 2 20 5
10.0859 247.32 247.32 2 20 5
10.0858 247.37 247.37 2 20 5
10.0859 247.42 247.42 2 20 5
10.0859 247.47 247.47 2 20 5
10.0859 247.52 247.52 2 20 5
10.0859 247.57 247.57 2 20 5
10.0859 247.62 247.62 2 20 5
10.0859 247.67 247.67 2 20 5
10.0859 247.72 247.72 2 20 5
10.0858 247.77 247.77 2 20 5
10.0858 247.82 247.82 2 20 5
10.0859 247.87 247.87 2 20 5
10.0859 247.92 247.92 2 20 5
10.0859 247.97 247.97 2 20 5
10.0859 248.02 248.02 2 20 5
10.0859 248.07 248.07 2 20 5
10.0859 248.12 248.12 2 20 5
10.0858 248.17 248.17 2 20 5
10.0859 248.22 248.22 2 20 5
10.0859 248.27 248.27 2 20 5
10.0859 248.32 248.32 2 20 5
10.0859 248.37 248.37 2 20 5
10.0859 248.42 248.42 2 20 5
10.0859 248.47 248.47 2 20 5
10.0859 248.52 248.52 2 20 5
10.0859 248.57 248.57 2 20 5
10.0859 248.62 248.62 2 20 5
10.0859 248.67 248.67 2 20 5
10.0859 248.72 248.72 2 20 5
10.0859 248.77 248.77 2 20 5
10.0859 248.82 248.82 2 20 5
10.0859 248.87 248.87 2 20 5
10.0859 248.92 248.92 2 20 5
10.0859 248.97 248.97 2 20 5
10.0859 249.02 249.02 2 20 5
10.0858 249.07 249.07 2 20 5
10.0859 249.12 249.12 2 20 5
10.0859 249.17 249.17 2 20 5
10.0859 249.22 249.22 2 20 5
10.0859 249.27 249.27 2 20 5
10.0859 249.32 249.32 2 20 5
10.0859 249.37 249.37 2 20 5
10.0859 249.42 249.42 2 20 5
10.0859 249.47 249.47 2 20 5
10.0859 249.52 249.52 2 20 5
10.0859 249.57 249.57 2 20 5
10.0847 249.62 249.62 2 20 5
10.0847 249.67 249.67 2 20 5
10.0853 249.72 249.72 2 20 5
10.0859 249.77 249.77 2 20 5
10.0862 249.82 249.82 2 20 5
10.0862 249.87 249.87 2 20 5
10.086 249.92 249.92 2 20 5
10.0859 249.97 249.97 2 20 5
10.0858 250.02 250.02 2 20 5
10.0858 250.07 250.07 2 20 5
10.0858 250.12 250.12 2 20 5
10.0859 250.17 250.17 2 20 5
10.0859 250.22 250.22 2 20 5
10.0859 250.27 250.27 2 20 5
10.0859 250.32 250.32 2 20 5
10.0859 250.37 250.37 2 20 5
10.0859 250.42 250.42 2 20 5
10.0859 250.47 250.47 2 20 5
10.0859 250.52 250.52 2 20 5
10.0859 250.57 250.57 2 20 5
10.0859 250.62 250.62 2 20 5
10.0859 250.67 250.67 2 20 5
10.0859 250.72 250.72 2 20 5
10.0859 250.77 250.77 2 20 5
10.0859 250.82 250.82 2 20 5
10.0859 250.87 250.87 2 20 5
10.0859 250.92 250.92 2 20 5
10.0859 250.97 250.97 2 20 5
10.0863 251.02 251.02 2 20 5
10.0861 251.07 251.07 2 20 5
10.0859 251.12 251.12 2 20 5
10.0858 251.17 251.17 2 20 5
10.0858 251.22 251.22 2 20 5
10.0858 251.27 251.27 2 20 5
10.0859 251.32 251.32 2 20 5
10.0859 251.37 251.37 2 20 5
10.0859 251.42 251.42 2 20 5
10.0859 251.47 251.47 2 20 5
10.0859 251.52 251.52 2 20 5
10.0859 251.57 251.57 2 20 5
10.0859 251.62 251.62 2 20 5
10.0859 251.67 251.67 2 20 5
10.0859 251.72 251.72 2 20 5
10.086 251.77 251.77 2 20 5
10.0859 251.82 251.82 2 20 5
10.0859 251.87 251.87 2 20 5
10.0858 251.92 251.92 2 20 5
10.0858 251.97 251.97 2 20 5
10.0859 252.02 252.02 2 20 5
10.0859 252.07 252.07 2 20 5
10.0859 252.12 252.12 2 20 5
10.0859 252.17 252.17 2 20 5
10.0859 252.22 252.22 2 20 5
10.0859 252.27 252.27 2 20 5
10.0859 252.32 252.32 2 20 5
10.0859 252.37 252.37 2 20 5
10.0859 252.42 252.42 2 20 5
10.0859 252.47 252.47 2 20 5
10.0859 252.52 252.52 2 20 5
10.0859 252.57 252.57 2 20 5
10.0859 252.62 252.62 2 20 5
10.0859 252.67 252.67 2 20 5
10.0859 252.72 252.72 2 20 5
10.0859 252.77 252.77 2 20 5
10.0859 252.82 252.82 2 20 5
10.0859 252.87 252.87 2 20 5
10.0859 252.92 252.92 2 20 5
10.0859 252.97 252.97 2 20 5
10.0859 253.02 253.02 2 20 5
10.0859 253.07 253.07 2 20 5
10.0859 253.12 253.12 2 20 5
10.0859 253.17 253.17 2 20 5
10.0859 253.22 253.22 2 20 5
10.0859 253.27 253.27 2 20 5
10.0859 253.32 253.32 2 20 5
10.0859 253.37 253.37 2 20 5
10.0859 253.42 253.42 2 20 5
10.0859 253.47 253.47 2 20 5
10.0859 253.52 253.52 2 20 5
10.0859 253.57 253.57 2 20 5
10.0858 253.62 253.62 2 20 5
10.0859 253.67 253.67 2 20 5
10.0859 253.72 253.72 2 20 5
10.0859 253.77 253.77 2 20 5
10.0859 253.82 253.82 2 20 5
10.0859 253.87 253.87 2 20 5
10.0859 253.92 253.92 2 20 5
10.0859 253.97 253.97 2 20 5
10.0859 254.02 254.02 2 20 5
10.0859 254.07 254.07 2 20 5
10.0859 254.12 254.12 2 20 5
10.0859 254.17 254.17 2 20 5
10.0859 254.22 254.22 2 20 5
10.0859 254.27 254.27 2 20 5
10.0859 254.32 254.32 2 20 5
10.0859 254.37 254.37 2 20 5
10.0859 254.42 254.42 2 20 5
10.0859 254.47 254.47 2 20 5
10.0859 254.52 254.52 2 20 5
10.0859 254.57 254.57 2 20 5
10.0859 254.62 254.62 2 20 5
10.0859 254.67 254.67 2 20 5
10.0859 254.72 254.72 2 20 5
10.0859 254.77 254.77 2 20 5
10.0859 254.82 254.82 2 20 5
10.0859 254.87 254.87 2 20 5
10.0859 254.92 254.92 2 20 5
10.0859 254.97 254.97 2 20 5
10.0859 255.02 255.02 2 20 5
10.0859 255.07 255.07 2 20 5
10.0859 255.12 255.12 2 20 5
10.0859 255.17 255.17 2 20 5
10.0859 255.22 255.22 2 20 5
10.0859 255.27 255.27 2 20 5
10.0859 255.32 255.32 2 20 5
10.0859 255.37 255.37 2 20 5
10.0859 255.42 255.42 2 20 5
10.0858 255.47 255.47 2 20 5
10.0859 255.52 255.52 2 20 5
10.0858 255.57 255.57 2 20 5
10.0858 255.62 255.62 2 20 5
10.0859 255.67 255.67 2 20 5
10.0859 255.72 255.72 2 20 5
10.0859 255.77 255.77 2 20 5
10.0859 255.82 255.82 2 20 5
10.0859 255.87 255.87 2 20 5
10.0859 255.92 255.92 2 20 5
10.0859 255.97 255.97 2 20 5
10.0859 256.02 256.02 2 20 5
10.0859 256.07 256.07 2 20 5
10.0859 256.12 256.12 2 20 5
10.0859 256.17 256.17 2 20 5
10.0859 256.22 256.22 2 20 5
10.0859 256.27 256.27 2 20 5
10.0859 256.32 256.32 2 20 5
10.0859 256.37 256.37 2 20 5
10.0859 256.42 256.42 2 20 5
10.0859 256.47 256.47 2 20 5
10.0859 256.52 256.52 2 20 5
10.0859 256.57 256.57 2 20 5
10.0859 256.62 256.62 2 20 5
10.0859 256.67 256.67 2 20 5
10.0859 256.72 256.72 2 20 5
10.0859 256.77 256.77 2 20 5
10.0859 256.82 256.82 2 20 5
10.0859 256.87 256.87 2 20 5
10.0859 256.92 256.92 2 20 5
10.0859 256.97 256.97 2 20 5
10.0859 257.02 257.02 2 20 5
10.0859 257.07 257.07 2 20 5
10.0858 257.12 257.12 2 20 5
10.0859 257.17 257.17 2 20 5
10.0859 257.22 257.22 2 20 5
10.0859 257.27 257.27 2 20 5
10.0859 257.32 257.32 2 20 5
10.0859 257.37 257.37 2 20 5
10.0859 257.42 257.42 2 20 5
10.0859 257.47 257.47 2 20 5
10.086 257.52 257.52 2 20 5
10.0859 257.57 257.57 2 20 5
10.0859 257.62 257.62 2 20 5
10.0859 257.67 257.67 2 20 5
10.0859 257.72 257.72 2 20 5
10.0859 257.77 257.77 2 20 5
10.0859 257.82 257.82 2 20 5
10.0859 257.87 257.87 2 20 5
10.0859 257.92 257.92 2 20 5
10.0859 257.97 257.97 2 20 5
10.0859 258.02 258.02 2 20 5
10.0859 258.07 258.07 2 20 5
10.0859 258.12 258.12 2 20 5
10.0859 258.17 258.17 2 20 5
10.0859 258.22 258.22 2 20 5
10.0859 258.27 258.27 2 20 5
10.0859 258.32 258.32 2 20 5
10.0859 258.37 258.37 2 20 5
10.0859 258.42 258.42 2 20 5
10.0859 258.47 258.47 2 20 5
10.0859 258.52 258.52 2 20 5
10.0859 258.57 258.57 2 20 5
10.0859 258.62 258.62 2 20 5
10.0859 258.67 258.67 2 20 5
10.0859 258.72 258.72 2 20 5
10.0859 258.77 258.77 2 20 5
10.0859 258.82 258.82 2 20 5
10.0859 258.87 258.87 2 20 5
10.0859 258.92 258.92 2 20 5
10.0859 258.97 258.97 2 20 5
10.0859 259.02 259.02 2 20 5
10.0858 259.07 259.07 2 20 5
10.0859 259.12 259.12 2 20 5
10.0859 259.17 259.17 2 20 5
10.0859 259.22 259.22 2 20 5
10.0859 259.27 259.27 2 20 5
10.0859 259.32 259.32 2 20 5
10.0859 259.37 259.37 2 20 5
10.0859 259.42 259.42 2 20 5
10.0859 259.47 259.47 2 20 5
10.0859 259.52 259.52 2 20 5
10.0859 259.57 259.57 2 20 5
10.0858 259.62 259.62 2 20 5
10.0858 259.67 259.67 2 20 5
10.0859 259.72 259.72 2 20 5
10.0859 259.77 259.77 2 20 5
10.0859 259.82 259.82 2 20 5
10.0859 259.87 259.87 2 20 5
10.0859 259.92 259.92 2 20 5
10.0859 259.97 259.97 2 20 5
10.0858 260.02 260.02 2 20 5
10.0859 260.07 260.07 2 20 5
10.0859 260.12 260.12 2 20 5
10.0859 260.17 260.17 2 20 5
10.0859 260.22 260.22 2 20 5
10.0859 260.27 260.27 2 20 5
10.0859 260.32 260.32 2 20 5
10.0859 260.37 260.37 2 20 5
10.0859 260.42 260.42 2 20 5
10.0859 260.47 260.47 2 20 5
10.0859 260.52 260.52 2 20 5
10.0859 260.57 260.57 2 20 5
10.0859 260.62 260.62 2 20 5
10.0859 260.67 260.67 2 20 5
10.0859 260.72 260.72 2 20 5
10.0859 260.77 260.77 2 20 5
10.0858 260.82 260.82 2 20 5
10.0858 260.87 260.87 2 20 5
10.0859 260.92 260.92 2 20 5
10.0859 260.97 260.97 2 20 5
10.0859 261.02 261.02 2 20 5
10.0859 261.07 261.07 2 20 5
10.0859 261.12 261.12 2 20 5
10.0859 261.17 261.17 2 20 5
10.0858 261.22 261.22 2 20 5
10.0859 261.27 261.27 2 20 5
10.0859 261.32 261.32 2 20 5
10.0859 261.37 261.37 2 20 5
10.0859 261.42 261.42 2 20 5
10.0859 261.47 261.47 2 20 5
10.0859 261.52 261.52 2 20 5
10.0859 261.57 261.57 2 20 5
10.0859 261.62 261.62 2 20 5
10.0859 261.67 261.67 2 20 5
10.0859 261.72 261.72 2 20 5
10.0859 261.77 261.77 2 20 5
10.0859 261.82 261.82 2 20 5
10.0859 261.87 261.87 2 20 5
10.0859 261.92 261.92 2 20 5
10.0859 261.97 261.97 2 20 5
10.0859 262.02 262.02 2 20 5
10.0859 262.07 262.07 2 20 5
10.0859 262.12 262.12 2 20 5
10.0859 262.17 262.17 2 20 5
10.0859 262.22 262.22 2 20 5
10.0859 262.27 262.27 2 20 5
10.0859 262.32 262.32 2 20 5
10.0859 262.37 262.37 2 20 5
10.0859 262.42 262.42 2 20 5
10.0859 262.47 262.47 2 20 5
10.0859 262.52 262.52 2 20 5
10.0859 262.57 262.57 2 20 5
10.0859 262.62 262.62 2 20 5
10.0859 262.67 262.67 2 20 5
10.086 262.72 262.72 2 20 5
10.0859 262.77 262.77 2 20 5
10.0859 262.82 262.82 2 20 5
10.0859 262.87 262.87 2 20 5
10.0859 262.92 262.92 2 20 5
10.0859 262.97 262.97 2 20 5
10.0859 263.02 263.02 2 20 5
10.0859 263.07 263.07 2 20 5
10.0859 263.12 263.12 2 20 5
10.0859 263.17 263.17 2 20 5
10.0859 263.22 263.22 2 20 5
10.0859 263.27 263.27 2 20 5
10.0859 263.32 263.32 2 20 5
10.0859 263.37 263.37 2 20 5
10.0859 263.42 263.42 2 20 5
10.0859 263.47 263.47 2 20 5
10.0859 263.52 263.52 2 20 5
10.0859 263.57 263.57 2 20 5
10.0859 263.62 263.62 2 20 5
10.0859 263.67 263.67 2 20 5
10.0859 263.72 263.72 2 20 5
10.0859 263.77 263.77 2 20 5
10.0859 263.82 263.82 2 20 5
10.0859 263.87 263.87 2 20 5
10.0859 263.92 263.92 2 20 5
10.0859 263.97 263.97 2 20 5
10.0859 264.02 264.02 2 20 5
10.0859 264.07 264.07 2 20 5
10.0859 264.12 264.12 2 20 5
10.0859 264.17 264.17 2 20 5
10.0859 264.22 264.22 2 20 5
10.0859 264.27 264.27 2 20 5
10.0859 264.32 264.32 2 20 5
10.0859 264.37 264.37 2 20 5
10.0859 264.42 264.42 2 20 5
10.0859 264.47 264.47 2 20 5
10.0859 264.52 264.52 2 20 5
10.0858 264.57 264.57 2 20 5
10.0858 264.62 264.62 2 20 5
10.0859 264.67 264.67 2 20 5
10.0859 264.72 264.72 2 20 5
10.0859 264.77 264.77 2 20 5
10.0859 264.82 264.82 2 20 5
10.0859 264.87 264.87 2 20 5
10.0859 264.92 264.92 2 20 5
10.0858 264.97 264.97 2 20 5
10.0859 265.02 265.02 2 20 5
10.0858 265.07 265.07 2 20 5
10.0859 265.12 265.12 2 20 5
10.0859 265.17 265.17 2 20 5
10.0859 265.22 265.22 2 20 5
10.0859 265.27 265.27 2 20 5
10.0859 265.32 265.32 2 20 5
10.0859 265.37 265.37 2 20 5
10.0859 265.42 265.42 2 20 5
10.0858 265.47 265.47 2 20 5
10.0859 265.52 265.52 2 20 5
10.0859 265.57 265.57 2 20 5
10.0859 265.62 265.62 2 20 5
10.0859 265.67 265.67 2 20 5
10.0859 265.72 265.72 2 20 5
10.0859 265.77 265.77 2 20 5
10.0859 265.82 265.82 2 20 5
10.0859 265.87 265.87 2 20 5
10.0859 265.92 265.92 2 20 5
10.0859 265.97 265.97 2 20 5
10.0859 266.02 266.02 2 20 5
10.0859 266.07 266.07 2 20 5
10.0859 266.12 266.12 2 20 5
10.0859 266.17 266.17 2 20 5
10.0859 266.22 266.22 2 20 5
10.0859 266.27 266.27 2 20 5
10.0859 266.32 266.32 2 20 5
10.0859 266.37 266.37 2 20 5
10.0859 266.42 266.42 2 20 5
10.0859 266.47 266.47 2 20 5
10.0859 266.52 266.52 2 20 5
10.0859 266.57 266.57 2 20 5
10.0859 266.62 266.62 2 20 5
10.0859 266.67 266.67 2 20 5
10.0859 266.72 266.72 2 20 5
10.0859 266.77 266.77 2 20 5
10.0846 266.82 266.82 2 20 5
10.0846 266.87 266.87 2 20 5
10.0852 266.92 266.92 2 20 5
10.0859 266.97 266.97 2 20 5
10.0862 267.02 267.02 2 20 5
10.0862 267.07 267.07 2 20 5
10.086 267.12 267.12 2 20 5
10.0859 267.17 267.17 2 20 5
10.0858 267.22 267.22 2 20 5
10.0858 267.27 267.27 2 20 5
10.0858 267.32 267.32 2 20 5
10.0859 267.37 267.37 2 20 5
10.0859 267.42 267.42 2 20 5
10.0859 267.47 267.47 2 20 5
10.0859 267.52 267.52 2 20 5
10.0859 267.57 267.57 2 20 5
10.0859 267.62 267.62 2 20 5
10.0859 267.67 267.67 2 20 5
10.0859 267.72 267.72 2 20 5
10.0859 267.77 267.77 2 20 5
10.0859 267.82 267.82 2 20 5
10.0859 267.87 267.87 2 20 5
10.0859 267.92 267.92 2 20 5
10.0859 267.97 267.97 2 20 5
10.0859 268.02 268.02 2 20 5
10.0859 268.07 268.07 2 20 5
10.0859 268.12 268.12 2 20 5
10.0859 268.17 268.17 2 20 5
10.0859 268.22 268.22 2 20 5
10.0859 268.27 268.27 2 20 5
10.0859 268.32 268.32 2 20 5
10.0859 268.37 268.37 2 20 5
10.0859 268.42 268.42 2 20 5
10.0859 268.47 268.47 2 20 5
10.0859 268.52 268.52 2 20 5
10.0859 268.57 268.57 2 20 5
10.0859 268.62 268.62 2 20 5
10.0859 268.67 268.67 2 20 5
10.0859 268.72 268.72 2 20 5
10.0859 268.77 268.77 2 20 5
10.0859 268.82 268.82 2 20 5
10.0859 268.87 268.87 2 20 5
10.0859 268.92 268.92 2 20 5
10.0859 268.97 268.97 2 20 5
10.0859 269.02 269.02 2 20 5
10.0859 269.07 269.07 2 20 5
10.0859 269.12 269.12 2 20 5
10.0859 269.17 269.17 2 20 5
10.0859 269.22 269.22 2 20 5
10.0859 269.27 269.27 2 20 5
10.0859 269.32 269.32 2 20 5
10.0859 269.37 269.37 2 20 5
10.0859 269.42 269.42 2 20 5
10.0859 269.47 269.47 2 20 5
10.0859 269.52 269.52 2 20 5
10.0859 269.57 269.57 2 20 5
10.0859 269.62 269.62 2 20 5
10.0859 269.67 269.67 2 20 5
10.0858 269.72 269.72 2 20 5
10.0858 269.77 269.77 2 20 5
10.0859 269.82 269.82 2 20 5
10.0859 269.87 269.87 2 20 5
10.0859 269.92 269.92 2 20 5
10.0859 269.97 269.97 2 20 5
10.0859 270.02 270.02 2 20 5
10.0859 270.07 270.07 2 20 5
10.0859 270.12 270.12 2 20 5
10.0859 270.17 270.17 2 20 5
10.0859 270.22 270.22 2 20 5
10.0859 270.27 270.27 2 20 5
10.0859 270.32 270.32 2 20 5
10.0859 270.37 270.37 2 20 5
10.0859 270.42 270.42 2 20 5
10.0859 270.47 270.47 2 20 5
10.0858 270.52 270.52 2 20 5
10.0859 270.57 270.57 2 20 5
10.0859 270.62 270.62 2 20 5
10.0859 270.67 270.67 2 20 5
10.0859 270.72 270.72 2 20 5
10.0859 270.77 270.77 2 20 5
10.0859 270.82 270.82 2 20 5
10.0858 270.87 270.87 2 20 5
10.0859 270.92 270.92 2 20 5
10.0859 270.97 270.97 2 20 5
10.0859 271.02 271.02 2 20 5
10.0859 271.07 271.07 2 20 5
10.0859 271.12 271.12 2 20 5
10.0859 271.17 271.17 2 20 5
10.0859 271.22 271.22 2 20 5
10.0859 271.27 271.27 2 20 5
10.0859 271.32 271.32 2 20 5
10.0858 271.37 271.37 2 20 5
10.0858 271.42 271.42 2 20 5
10.0859 271.47 271.47 2 20 5
10.0859 271.52 271.52 2 20 5
10.0859 271.57 271.57 2 20 5
10.0859 271.62 271.62 2 20 5
10.0859 271.67 271.67 2 20 5
10.0859 271.72 271.72 2 20 5
10.0859 271.77 271.77 2 20 5
10.0859 271.82 271.82 2 20 5
10.0859 271.87 271.87 2 20 5
10.0859 271.92 271.92 2 20 5
10.0859 271.97 271.97 2 20 5
10.0859 272.02 272.02 2 20 5
10.0859 272.07 272.07 2 20 5
10.0859 272.12 272.12 2 20 5
10.0859 272.17 272.17 2 20 5
10.0859 272.22 272.22 2 20 5
10.0858 272.27 272.27 2 20 5
10.0859 272.32 272.32 2 20 5
10.0859 272.37 272.37 2 20 5
10.0859 272.42 272.42 2 20 5
10.0859 272.47 272.47 2 20 5
10.0859 272.52 272.52 2 20 5
10.0859 272.57 272.57 2 20 5
10.0859 272.62 272.62 2 20 5
10.0859 272.67 272.67 2 20 5
10.0859 272.72 272.72 2 20 5
10.0859 272.77 272.77 2 20 5
10.0854 272.82 272.82 2 20 5
10.0857 272.87 272.87 2 20 5
10.0859 272.92 272.92 2 20 5
10.086 272.97 272.97 2 20 5
10.086 273.02 273.02 2 20 5
10.0859 273.07 273.07 2 20 5
10.0859 273.12 273.12 2 20 5
10.0858 273.17 273.17 2 20 5
10.0859 273.22 273.22 2 20 5
10.0859 273.27 273.27 2 20 5
10.0859 273.32 273.32 2 20 5
10.0859 273.37 273.37 2 20 5
10.0859 273.42 273.42 2 20 5
10.0859 273.47 273.47 2 20 5
10.0859 273.52 273.52 2 20 5
10.0859 273.57 273.57 2 20 5
10.0859 273.62 273.62 2 20 5
10.0859 273.67 273.67 2 20 5
10.0859 273.72 273.72 2 20 5
10.0859 273.77 273.77 2 20 5
10.0859 273.82 273.82 2 20 5
10.0859 273.87 273.87 2 20 5
10.0859 273.92 273.92 2 20 5
10.0859 273.97 273.97 2 20 5
10.0859 274.02 274.02 2 20 5
10.0859 274.07 274.07 2 20 5
10.0859 274.12 274.12 2 20 5
10.0859 274.17 274.17 2 20 5
10.0858 274.22 274.22 2 20 5
10.0859 274.27 274.27 2 20 5
10.0859 274.32 274.32 2 20 5
10.0859 274.37 274.37 2 20 5
10.0859 274.42 274.42 2 20 5
10.0859 274.47 274.47 2 20 5
10.0859 274.52 274.52 2 20 5
10.0859 274.57 274.57 2 20 5
10.0859 274.62 274.62 2 20 5
10.0859 274.67 274.67 2 20 5
10.0859 274.72 274.72 2 20 5
10.0859 274.77 274.77 2 20 5
10.0859 274.82 274.82 2 20 5
10.0859 274.87 274.87 2 20 5
10.0859 274.92 274.92 2 20 5
10.0859 274.97 274.97 2 20 5
10.0859 275.02 275.02 2 20 5
10.0859 275.07 275.07 2 20 5
10.0859 275.12 275.12 2 20 5
10.0858 275.17 275.17 2 20 5
10.0859 275.22 275.22 2 20 5
10.0859 275.27 275.27 2 20 5
10.0859 275.32 275.32 2 20 5
10.0859 275.37 275.37 2 20 5
10.0859 275.42 275.42 2 20 5
10.0859 275.47 275.47 2 20 5
10.0859 275.52 275.52 2 20 5
10.0859 275.57 275.57 2 20 5
10.0859 275.62 275.62 2 20 5
10.0859 275.67 275.67 2 20 5
10.0859 275.72 275.72 2 20 5
10.0859 275.77 275.77 2 20 5
10.0859 275.82 275.82 2 20 5
10.0859 275.87 275.87 2 20 5
10.0859 275.92 275.92 2 20 5
10.0859 275.97 275.97 2 20 5
10.0859 276.02 276.02 2 20 5
10.0859 276.07 276.07 2 20 5
10.0859 276.12 276.12 2 20 5
10.086 276.17 276.17 2 20 5
10.086 276.22 276.22 2 20 5
10.0859 276.27 276.27 2 20 5
10.0858 276.32 276.32 2 20 5
10.0858 276.37 276.37 2 20 5
10.0859 276.42 276.42 2 20 5
10.0858 276.47 276.47 2 20 5
10.0858 276.52 276.52 2 20 5
10.0859 276.57 276.57 2 20 5
10.0859 276.62 276.62 2 20 5
10.0859 276.67 276.67 2 20 5
10.0859 276.72 276.72 2 20 5
10.0859 276.77 276.77 2 20 5
10.0859 276.82 276.82 2 20 5
10.0858 276.87 276.87 2 20 5
10.0859 276.92 276.92 2 20 5
10.0859 276.97 276.97 2 20 5
10.0859 277.02 277.02 2 20 5
10.0859 277.07 277.07 2 20 5
10.0859 277.12 277.12 2 20 5
10.0859 277.17 277.17 2 20 5
10.0859 277.22 277.22 2 20 5
10.0859 277.27 277.27 2 20 5
10.0859 277.32 277.32 2 20 5
10.0859 277.37 277.37 2 20 5
10.0859 277.42 277.42 2 20 5
10.0859 277.47 277.47 2 20 5
10.0859 277.52 277.52 2 20 5
10.0859 277.57 277.57 2 20 5
10.0859 277.62 277.62 2 20 5
10.0859 277.67 277.67 2 20 5
10.0859 277.72 277.72 2 20 5
10.0859 277.77 277.77 2 20 5
10.0859 277.82 277.82 2 20 5
10.0859 277.87 277.87 2 20 5
10.0859 277.92 277.92 2 20 5
10.0859 277.97 277.97 2 20 5
10.0859 278.02 278.02 2 20 5
10.0858 278.07 278.07 2 20 5
10.0859 278.12 278.12 2 20 5
10.0859 278.17 278.17 2 20 5
10.0859 278.22 278.22 2 20 5
10.0859 278.27 278.27 2 20 5
10.0859 278.32 278.32 2 20 5
10.0859 278.37 278.37 2 20 5
10.0859 278.42 278.42 2 20 5
10.0855 278.47 278.47 2 20 5
10.0857 278.52 278.52 2 20 5
10.0859 278.57 278.57 2 20 5
10.086 278.62 278.62 2 20 5
10.086 278.67 278.67 2 20 5
10.0859 278.72 278.72 2 20 5
10.0859 278.77 278.77 2 20 5
10.0858 278.82 278.82 2 20 5
10.0859 278.87 278.87 2 20 5
10.0859 278.92 278.92 2 20 5
10.0859 278.97 278.97 2 20 5
10.0859 279.02 279.02 2 20 5
10.0859 279.07 279.07 2 20 5
10.0859 279.12 279.12 2 20 5
10.0859 279.17 279.17 2 20 5
10.0859 279.22 279.22 2 20 5
10.0859 279.27 279.27 2 20 5
10.0858 279.32 279.32 2 20 5
10.0859 279.37 279.37 2 20 5
10.0859 279.42 279.42 2 20 5
10.0859 279.47 279.47 2 20 5
10.0859 279.52 279.52 2 20 5
10.0859 279.57 279.57 2 20 5
10.0859 279.62 279.62 2 20 5
10.0859 279.67 279.67 2 20 5
10.0859 279.72 279.72 2 20 5
10.0859 279.77 279.77 2 20 5
10.0859 279.82 279.82 2 20 5
10.0859 279.87 279.87 2 20 5
10.0859 279.92 279.92 2 20 5
10.0859 279.97 279.97 2 20 5
10.0859 280.02 280.02 2 20 5
10.0859 280.07 280.07 2 20 5
10.0859 280.12 280.12 2 20 5
10.0859 280.17 280.17 2 20 5
10.0859 280.22 280.22 2 20 5
10.0859 280.27 280.27 2 20 5
10.0859 280.32 280.32 2 20 5
10.0859 280.37 280.37 2 20 5
10.0859 280.42 280.42 2 20 5
10.0859 280.47 280.47 2 20 5
10.0859 280.52 280.52 2 20 5
10.0859 280.57 280.57 2 20 5
10.0859 280.62 280.62 2 20 5
10.0859 280.67 280.67 2 20 5
10.0859 280.72 280.72 2 20 5
10.0859 280.77 280.77 2 20 5
10.0859 280.82 280.82 2 20 5
10.0859 280.87 280.87 2 20 5
10.0859 280.92 280.92 2 20 5
10.0859 280.97 280.97 2 20 5
10.0859 281.02 281.02 2 20 5
10.0859 281.07 281.07 2 20 5
10.0859 281.12 281.12 2 20 5
10.0859 281.17 281.17 2 20 5
10.0858 281.22 281.22 2 20 5
10.0858 281.27 281.27 2 20 5
10.0859 281.32 281.32 2 20 5
10.0859 281.37 281.37 2 20 5
10.0859 281.42 281.42 2 20 5
10.0859 281.47 281.47 2 20 5
10.0859 281.52 281.52 2 20 5
10.0859 281.57 281.57 2 20 5
10.0859 281.62 281.62 2 20 5
10.0859 281.67 281.67 2 20 5
10.0859 281.72 281.72 2 20 5
10.0859 281.77 281.77 2 20 5
10.0859 281.82 281.82 2 20 5
10.0859 281.87 281.87 2 20 5
10.0859 281.92 281.92 2 20 5
10.0859 281.97 281.97 2 20 5
10.0859 282.02 282.02 2 20 5
10.0858 282.07 282.07 2 20 5
10.0858 282.12 282.12 2 20 5
10.0859 282.17 282.17 2 20 5
10.0859 282.22 282.22 2 20 5
10.0859 282.27 282.27 2 20 5
10.0859 282.32 282.32 2 20 5
10.0859 282.37 282.37 2 20 5
10.0859 282.42 282.42 2 20 5
10.0858 282.47 282.47 2 20 5
10.0859 282.52 282.52 2 20 5
10.0859 282.57 282.57 2 20 5
10.0859 282.62 282.62 2 20 5
10.0859 282.67 282.67 2 20 5
10.0859 282.72 282.72 2 20 5
10.0859 282.77 282.77 2 20 5
10.0859 282.82 282.82 2 20 5
10.0859 282.87 282.87 2 20 5
10.0859 282.92 282.92 2 20 5
10.0859 282.97 282.97 2 20 5
10.0858 283.02 283.02 2 20 5
10.0859 283.07 283.07 2 20 5
10.0859 283.12 283.12 2 20 5
10.0859 283.17 283.17 2 20 5
10.0859 283.22 283.22 2 20 5
10.0859 283.27 283.27 2 20 5
10.0859 283.32 283.32 2 20 5
10.0859 283.37 283.37 2 20 5
10.0859 283.42 283.42 2 20 5
10.0859 283.47 283.47 2 20 5
10.0859 283.52 283.52 2 20 5
10.0859 283.57 283.57 2 20 5
10.0859 283.62 283.62 2 20 5
10.0859 283.67 283.67 2 20 5
10.0859 283.72 283.72 2 20 5
10.0859 283.77 283.77 2 20 5
10.0859 283.82 283.82 2 20 5
10.0859 283.87 283.87 2 20 5
10.0859 283.92 283.92 2 20 5
10.0859 283.97 283.97 2 20 5
10.0859 284.02 284.02 2 20 5
10.0859 284.07 284.07 2 20 5
10.0859 284.12 284.12 2 20 5
10.0858 284.17 284.17 2 20 5
10.0859 284.22 284.22 2 20 5
10.0859 284.27 284.27 2 20 5
10.0859 284.32 284.32 2 20 5
10.0859 284.37 284.37 2 20 5
10.0859 284.42 284.42 2 20 5
10.0859 284.47 284.47 2 20 5
10.0859 284.52 284.52 2 20 5
10.0859 284.57 284.57 2 20 5
10.0859 284.62 284.62 2 20 5
10.0865 284.67 284.67 2 20 5
10.0862 284.72 284.72 2 20 5
10.0859 284.77 284.77 2 20 5
10.0857 284.82 284.82 2 20 5
10.0857 284.87 284.87 2 20 5
10.0858 284.92 284.92 2 20 5
10.0859 284.97 284.97 2 20 5
10.0859 285.02 285.02 2 20 5
10.0859 285.07 285.07 2 20 5
10.0859 285.12 285.12 2 20 5
10.0859 285.17 285.17 2 20 5
10.0859 285.22 285.22 2 20 5
10.0858 285.27 285.27 2 20 5
10.0859 285.32 285.32 2 20 5
10.0859 285.37 285.37 2 20 5
10.0859 285.42 285.42 2 20 5
10.0859 285.47 285.47 2 20 5
10.0859 285.52 285.52 2 20 5
10.0859 285.57 285.57 2 20 5
10.0859 285.62 285.62 2 20 5
10.0859 285.67 285.67 2 20 5
10.0859 285.72 285.72 2 20 5
10.0859 285.77 285.77 2 20 5
10.0859 285.82 285.82 2 20 5
10.0859 285.87 285.87 2 20 5
10.0859 285.92 285.92 2 20 5
10.0859 285.97 285.97 2 20 5
10.0859 286.02 286.02 2 20 5
10.0859 286.07 286.07 2 20 5
10.0859 286.12 286.12 2 20 5
10.0859 286.17 286.17 2 20 5
10.0859 286.22 286.22 2 20 5
10.0859 286.27 286.27 2 20 5
10.0859 286.32 286.32 2 20 5
10.0859 286.37 286.37 2 20 5
10.0859 286.42 286.42 2 20 5
10.086 286.47 286.47 2 20 5
10.0859 286.52 286.52 2 20 5
10.0859 286.57 286.57 2 20 5
10.0858 286.62 286.62 2 20 5
10.0859 286.67 286.67 2 20 5
10.0859 286.72 286.72 2 20 5
10.0859 286.77 286.77 2 20 5
10.0859 286.82 286.82 2 20 5
10.0859 286.87 286.87 2 20 5
10.0859 286.92 286.92 2 20 5
10.0859 286.97 286.97 2 20 5
10.0859 287.02 287.02 2 20 5
10.0859 287.07 287.07 2 20 5
10.0859 287.12 287.12 2 20 5
10.0856 287.17 287.17 2 20 5
10.0858 287.22 287.22 2 20 5
10.0859 287.27 287.27 2 20 5
10.0859 287.32 287.32 2 20 5
10.0859 287.37 287.37 2 20 5
10.0859 287.42 287.42 2 20 5
10.0859 287.47 287.47 2 20 5
10.0859 287.52 287.52 2 20 5
10.0859 287.57 287.57 2 20 5
10.0859 287.62 287.62 2 20 5
10.0859 287.67 287.67 2 20 5
10.0859 287.72 287.72 2 20 5
10.0859 287.77 287.77 2 20 5
10.0859 287.82 287.82 2 20 5
10.0859 287.87 287.87 2 20 5
10.0859 287.92 287.92 2 20 5
10.0859 287.97 287.97 2 20 5
10.0859 288.02 288.02 2 20 5
10.0859 288.07 288.07 2 20 5
10.0859 288.12 288.12 2 20 5
10.0859 288.17 288.17 2 20 5
10.0859 288.22 288.22 2 20 5
10.0859 288.27 288.27 2 20 5
10.0859 288.32 288.32 2 20 5
10.0859 288.37 288.37 2 20 5
10.0859 288.42 288.42 2 20 5
10.0862 288.47 288.47 2 20 5
10.086 288.52 288.52 2 20 5
10.0859 288.57 288.57 2 20 5
10.0858 288.62 288.62 2 20 5
10.0858 288.67 288.67 2 20 5
10.0858 288.72 288.72 2 20 5
10.0859 288.77 288.77 2 20 5
10.0859 288.82 288.82 2 20 5
10.0859 288.87 288.87 2 20 5
10.0859 288.92 288.92 2 20 5
10.0859 288.97 288.97 2 20 5
10.0859 289.02 289.02 2 20 5
10.0859 289.07 289.07 2 20 5
10.0859 289.12 289.12 2 20 5
10.0859 289.17 289.17 2 20 5
10.0859 289.22 289.22 2 20 5
10.0859 289.27 289.27 2 20 5
10.0859 289.32 289.32 2 20 5
10.0859 289.37 289.37 2 20 5
10.0862 289.42 289.42 2 20 5
10.086 289.47 289.47 2 20 5
10.0859 289.52 289.52 2 20 5
10.0858 289.57 289.57 2 20 5
10.0858 289.62 289.62 2 20 5
10.0858 289.67 289.67 2 20 5
10.0859 289.72 289.72 2 20 5
10.0859 289.77 289.77 2 20 5
10.0859 289.82 289.82 2 20 5
10.0859 289.87 289.87 2 20 5
10.0859 289.92 289.92 2 20 5
10.0859 289.97 289.97 2 20 5
10.0859 290.02 290.02 2 20 5
10.0859 290.07 290.07 2 20 5
10.0859 290.12 290.12 2 20 5
10.0859 290.17 290.17 2 20 5
10.0859 290.22 290.22 2 20 5
10.0858 290.27 290.27 2 20 5
10.0858 290.32 290.32 2 20 5
10.0859 290.37 290.37 2 20 5
10.0859 290.42 290.42 2 20 5
10.0859 290.47 290.47 2 20 5
10.0859 290.52 290.52 2 20 5
10.0859 290.57 290.57 2 20 5
10.0859 290.62 290.62 2 20 5
10.0859 290.67 290.67 2 20 5
10.0859 290.72 290.72 2 20 5
10.0859 290.77 290.77 2 20 5
10.0859 290.82 290.82 2 20 5
10.0859 290.87 290.87 2 20 5
10.0859 290.92 290.92 2 20 5
10.0859 290.97 290.97 2 20 5
10.0859 291.02 291.02 2 20 5
10.0861 291.07 291.07 2 20 5
10.086 291.12 291.12 2 20 5
10.0859 291.17 291.17 2 20 5
10.0858 291.22 291.22 2 20 5
10.0858 291.27 291.27 2 20 5
10.0858 291.32 291.32 2 20 5
10.0859 291.37 291.37 2 20 5
10.0859 291.42 291.42 2 20 5
10.0859 291.47 291.47 2 20 5
10.0859 291.52 291.52 2 20 5
10.0859 291.57 291.57 2 20 5
10.0859 291.62 291.62 2 20 5
10.0859 291.67 291.67 2 20 5
10.0859 291.72 291.72 2 20 5
10.0859 291.77 291.77 2 20 5
10.0859 291.82 291.82 2 20 5
10.0859 291.87 291.87 2 20 5
10.0858 291.92 291.92 2 20 5
10.0859 291.97 291.97 2 20 5
10.0859 292.02 292.02 2 20 5
10.0859 292.07 292.07 2 20 5
10.0859 292.12 292.12 2 20 5
10.0859 292.17 292.17 2 20 5
10.0859 292.22 292.22 2 20 5
10.0859 292.27 292.27 2 20 5
10.0859 292.32 292.32 2 20 5
10.0859 292.37 292.37 2 20 5
10.0859 292.42 292.42 2 20 5
10.0859 292.47 292.47 2 20 5
10.0858 292.52 292.52 2 20 5
10.0859 292.57 292.57 2 20 5
10.0859 292.62 292.62 2 20 5
10.0859 292.67 292.67 2 20 5
10.0859 292.72 292.72 2 20 5
10.0859 292.77 292.77 2 20 5
10.0859 292.82 292.82 2 20 5
10.0859 292.87 292.87 2 20 5
10.0859 292.92 292.92 2 20 5
10.0859 292.97 292.97 2 20 5
10.0859 293.02 293.02 2 20 5
10.0859 293.07 293.07 2 20 5
10.0859 293.12 293.12 2 20 5
10.0859 293.17 293.17 2 20 5
10.0859 293.22 293.22 2 20 5
10.0859 293.27 293.27 2 20 5
10.0857 293.32 293.32 2 20 5
10.0858 293.37 293.37 2 20 5
10.0859 293.42 293.42 2 20 5
10.0859 293.47 293.47 2 20 5
10.0859 293.52 293.52 2 20 5
10.0859 293.57 293.57 2 20 5
10.0859 293.62 293.62 2 20 5
10.0859 293.67 293.67 2 20 5
10.0859 293.72 293.72 2 20 5
10.0859 293.77 293.77 2 20 5
10.0859 293.82 293.82 2 20 5
10.0859 293.87 293.87 2 20 5
10.0858 293.92 293.92 2 20 5
10.0859 293.97 293.97 2 20 5
10.0859 294.02 294.02 2 20 5
10.0859 294.07 294.07 2 20 5
10.0859 294.12 294.12 2 20 5
10.0859 294.17 294.17 2 20 5
10.0859 294.22 294.22 2 20 5
10.0859 294.27 294.27 2 20 5
10.0859 294.32 294.32 2 20 5
10.0859 294.37 294.37 2 20 5
10.0859 294.42 294.42 2 20 5
10.0859 294.47 294.47 2 20 5
10.0858 294.52 294.52 2 20 5
10.0859 294.57 294.57 2 20 5
10.0858 294.62 294.62 2 20 5
10.0859 294.67 294.67 2 20 5
10.0859 294.72 294.72 2 20 5
10.0859 294.77 294.77 2 20 5
10.0859 294.82 294.82 2 20 5
10.0859 294.87 294.87 2 20 5
10.0859 294.92 294.92 2 20 5
10.0859 294.97 294.97 2 20 5
10.0858 295.02 295.02 2 20 5
10.0859 295.07 295.07 2 20 5
10.0859 295.12 295.12 2 20 5
10.0859 295.17 295.17 2 20 5
10.0859 295.22 295.22 2 20 5
10.0859 295.27 295.27 2 20 5
10.0859 295.32 295.32 2 20 5
10.0859 295.37 295.37 2 20 5
10.0859 295.42 295.42 2 20 5
10.0859 295.47 295.47 2 20 5
10.0859 295.52 295.52 2 20 5
10.0859 295.57 295.57 2 20 5
10.0859 295.62 295.62 2 20 5
10.0859 295.67 295.67 2 20 5
10.0859 295.72 295.72 2 20 5
10.0859 295.77 295.77 2 20 5
10.0859 295.82 295.82 2 20 5
10.0859 295.87 295.87 2 20 5
10.0859 295.92 295.92 2 20 5
10.0865 295.97 295.97 2 20 5
10.0862 296.02 296.02 2 20 5
10.0859 296.07 296.07 2 20 5
10.0857 296.12 296.12 2 20 5
10.0857 296.17 296.17 2 20 5
10.0858 296.22 296.22 2 20 5
10.0859 296.27 296.27 2 20 5
10.0859 296.32 296.32 2 20 5
10.0859 296.37 296.37 2 20 5
10.0859 296.42 296.42 2 20 5
10.0859 296.47 296.47 2 20 5
10.0859 296.52 296.52 2 20 5
10.0858 296.57 296.57 2 20 5
10.0859 296.62 296.62 2 20 5
10.0859 296.67 296.67 2 20 5
10.0859 296.72 296.72 2 20 5
10.0859 296.77 296.77 2 20 5
10.0859 296.82 296.82 2 20 5
10.0859 296.87 296.87 2 20 5
10.0859 296.92 296.92 2 20 5
10.0859 296.97 296.97 2 20 5
10.0859 297.02 297.02 2 20 5
10.0859 297.07 297.07 2 20 5
10.0859 297.12 297.12 2 20 5
10.0859 297.17 297.17 2 20 5
10.0859 297.22 297.22 2 20 5
10.0859 297.27 297.27 2 20 5
10.0859 297.32 297.32 2 20 5
10.0859 297.37 297.37 2 20 5
10.0859 297.42 297.42 2 20 5
10.087 297.47 297.47 2 20 5
10.0864 297.52 297.52 2 20 5
10.0859 297.57 297.57 2 20 5
10.0856 297.62 297.62 2 20 5
10.0856 297.67 297.67 2 20 5
10.0857 297.72 297.72 2 20 5
10.0859 297.77 297.77 2 20 5
10.0859 297.82 297.82 2 20 5
10.0859 297.87 297.87 2 20 5
10.0859 297.92 297.92 2 20 5
10.0859 297.97 297.97 2 20 5
10.0859 298.02 298.02 2 20 5
10.0859 298.07 298.07 2 20 5
10.0859 298.12 298.12 2 20 5
10.0859 298.17 298.17 2 20 5
10.0859 298.22 298.22 2 20 5
10.0858 298.27 298.27 2 20 5
10.0858 298.32 298.32 2 20 5
10.0859 298.37 298.37 2 20 5
10.0859 298.42 298.42 2 20 5
10.0859 298.47 298.47 2 20 5
10.0859 298.52 298.52 2 20 5
10.0859 298.57 298.57 2 20 5
10.0859 298.62 298.62 2 20 5
10.0859 298.67 298.67 2 20 5
10.0859 298.72 298.72 2 20 5
10.0859 298.77 298.77 2 20 5
10.0859 298.82 298.82 2 20 5
10.0859 298.87 298.87 2 20 5
10.0859 298.92 298.92 2 20 5
10.0859 298.97 298.97 2 20 5
10.086 299.02 299.02 2 20 5
10.0859 299.07 299.07 2 20 5
10.0859 299.12 299.12 2 20 5
10.0859 299.17 299.17 2 20 5
10.0856 299.22 299.22 2 20 5
10.0858 299.27 299.27 2 20 5
10.0859 299.32 299.32 2 20 5
10.0859 299.37 299.37 2 20 5
10.0859 299.42 299.42 2 20 5
10.0859 299.47 299.47 2 20 5
10.0859 299.52 299.52 2 20 5
10.0859 299.57 299.57 2 20 5
10.0857 299.62 299.62 2 20 5
10.0858 299.67 299.67 2 20 5
10.0859 299.72 299.72 2 20 5
10.0859 299.77 299.77 2 20 5
10.0859 299.82 299.82 2 20 5
10.0859 299.87 299.87 2 20 5
10.0859 299.92 299.92 2 20 5
10.0859 299.97 299.97 2 20 5
10.0858 300.02 300.02 2 20 5
10.0858 300.07 300.07 2 20 5
10.0859 300.12 300.12 2 20 5
10.0859 300.17 300.17 2 20 5
10.0859 300.22 300.22 2 20 5
10.0859 300.27 300.27 2 20 5
10.0859 300.32 300.32 2 20 5
10.0859 300.37 300.37 2 20 5
10.0859 300.42 300.42 2 20 5
10.0859 300.47 300.47 2 20 5
10.0859 300.52 300.52 2 20 5
10.0859 300.57 300.57 2 20 5
10.0859 300.62 300.62 2 20 5
10.0859 300.67 300.67 2 20 5
10.0859 300.72 300.72 2 20 5
10.0859 300.77 300.77 2 20 5
10.0861 300.82 300.82 2 20 5
10.086 300.87 300.87 2 20 5
10.0859 300.92 300.92 2 20 5
10.0858 300.97 300.97 2 20 5
10.0858 301.02 301.02 2 20 5
10.0859 301.07 301.07 2 20 5
10.0858 301.12 301.12 2 20 5
10.0859 301.17 301.17 2 20 5
10.0859 301.22 301.22 2 20 5
10.0859 301.27 301.27 2 20 5
10.0859 301.32 301.32 2 20 5
10.0859 301.37 301.37 2 20 5
10.0859 301.42 301.42 2 20 5
10.0859 301.47 301.47 2 20 5
10.0858 301.52 301.52 2 20 5
10.0859 301.57 301.57 2 20 5
10.0859 301.62 301.62 2 20 5
10.0859 301.67 301.67 2 20 5
10.0859 301.72 301.72 2 20 5
10.0859 301.77 301.77 2 20 5
10.0859 301.82 301.82 2 20 5
10.0859 301.87 301.87 2 20 5
10.0859 301.92 301.92 2 20 5
10.0859 301.97 301.97 2 20 5
10.0859 302.02 302.02 2 20 5
10.0859 302.07 302.07 2 20 5
10.0859 302.12 302.12 2 20 5
10.0859 302.17 302.17 2 20 5
10.0859 302.22 302.22 2 20 5
10.0859 302.27 302.27 2 20 5
10.0859 302.32 302.32 2 20 5
10.0859 302.37 302.37 2 20 5
10.0859 302.42 302.42 2 20 5
10.0859 302.47 302.47 2 20 5
10.0859 302.52 302.52 2 20 5
10.0859 302.57 302.57 2 20 5
10.0858 302.62 302.62 2 20 5
10.0859 302.67 302.67 2 20 5
10.0859 302.72 302.72 2 20 5
10.0859 302.77 302.77 2 20 5
10.0859 302.82 302.82 2 20 5
10.0859 302.87 302.87 2 20 5
10.0859 302.92 302.92 2 20 5
10.0859 302.97 302.97 2 20 5
10.0859 303.02 303.02 2 20 5
10.0859 303.07 303.07 2 20 5
10.0859 303.12 303.12 2 20 5
10.086 303.17 303.17 2 20 5
10.0859 303.22 303.22 2 20 5
10.0859 303.27 303.27 2 20 5
10.0859 303.32 303.32 2 20 5
10.0858 303.37 303.37 2 20 5
10.0859 303.42 303.42 2 20 5
10.0859 303.47 303.47 2 20 5
10.0859 303.52 303.52 2 20 5
10.0859 303.57 303.57 2 20 5
10.0859 303.62 303.62 2 20 5
10.0859 303.67 303.67 2 20 5
10.0859 303.72 303.72 2 20 5
10.0857 303.77 303.77 2 20 5
10.0858 303.82 303.82 2 20 5
10.0859 303.87 303.87 2 20 5
10.0859 303.92 303.92 2 20 5
10.0859 303.97 303.97 2 20 5
10.0859 304.02 304.02 2 20 5
10.0859 304.07 304.07 2 20 5
10.0859 304.12 304.12 2 20 5
10.0858 304.17 304.17 2 20 5
10.0859 304.22 304.22 2 20 5
10.0859 304.27 304.27 2 20 5
10.0859 304.32 304.32 2 20 5
10.0859 304.37 304.37 2 20 5
10.0859 304.42 304.42 2 20 5
10.0859 304.47 304.47 2 20 5
10.0859 304.52 304.52 2 20 5
10.0859 304.57 304.57 2 20 5
10.0859 304.62 304.62 2 20 5
10.0859 304.67 304.67 2 20 5
10.0859 304.72 304.72 2 20 5
10.0859 304.77 304.77 2 20 5
10.0859 304.82 304.82 2 20 5
10.0859 304.87 304.87 2 20 5
10.0859 304.92 304.92 2 20 5
10.0859 304.97 304.97 2 20 5
10.0859 305.02 305.02 2 20 5
10.0859 305.07 305.07 2 20 5
10.0859 305.12 305.12 2 20 5
10.0859 305.17 305.17 2 20 5
10.0859 305.22 305.22 2 20 5
10.0859 305.27 305.27 2 20 5
10.0859 305.32 305.32 2 20 5
10.0859 305.37 305.37 2 20 5
10.0859 305.42 305.42 2 20 5
10.0859 305.47 305.47 2 20 5
10.0859 305.52 305.52 2 20 5
10.0839 305.57 305.57 2 20 5
10.0839 305.62 305.62 2 20 5
10.0849 305.67 305.67 2 20 5
10.0859 305.72 305.72 2 20 5
10.0864 305.77 305.77 2 20 5
10.0864 305.82 305.82 2 20 5
10.0861 305.87 305.87 2 20 5
10.0859 305.92 305.92 2 20 5
10.0857 305.97 305.97 2 20 5
10.0858 306.02 306.02 2 20 5
10.0858 306.07 306.07 2 20 5
10.0859 306.12 306.12 2 20 5
10.0859 306.17 306.17 2 20 5
10.0859 306.22 306.22 2 20 5
10.0859 306.27 306.27 2 20 5
10.0859 306.32 306.32 2 20 5
10.0859 306.37 306.37 2 20 5
10.0859 306.42 306.42 2 20 5
10.0859 306.47 306.47 2 20 5
10.0859 306.52 306.52 2 20 5
10.0859 306.57 306.57 2 20 5
10.0859 306.62 306.62 2 20 5
10.0859 306.67 306.67 2 20 5
10.0859 306.72 306.72 2 20 5
10.0859 306.77 306.77 2 20 5
10.0845 306.82 306.82 2 20 5
10.0852 306.87 306.87 2 20 5
10.0859 306.92 306.92 2 20 5
10.0862 306.97 306.97 2 20 5
10.0862 307.02 307.02 2 20 5
10.086 307.07 307.07 2 20 5
10.0859 307.12 307.12 2 20 5
10.0858 307.17 307.17 2 20 5
10.0858 307.22 307.22 2 20 5
10.0858 307.27 307.27 2 20 5
10.0859 307.32 307.32 2 20 5
10.0859 307.37 307.37 2 20 5
10.0859 307.42 307.42 2 20 5
10.0859 307.47 307.47 2 20 5
10.0859 307.52 307.52 2 20 5
10.0859 307.57 307.57 2 20 5
10.0859 307.62 307.62 2 20 5
10.0859 307.67 307.67 2 20 5
10.0859 307.72 307.72 2 20 5
10.0859 307.77 307.77 2 20 5
10.0859 307.82 307.82 2 20 5
10.0859 307.87 307.87 2 20 5
10.0859 307.92 307.92 2 20 5
10.0858 307.97 307.97 2 20 5
10.0859 308.02 308.02 2 20 5
10.0859 308.07 308.07 2 20 5
10.0859 308.12 308.12 2 20 5
10.0859 308.17 308.17 2 20 5
10.0859 308.22 308.22 2 20 5
10.0859 308.27 308.27 2 20 5
10.0859 308.32 308.32 2 20 5
10.0858 308.37 308.37 2 20 5
10.0859 308.42 308.42 2 20 5
10.0859 308.47 308.47 2 20 5
10.0859 308.52 308.52 2 20 5
10.0859 308.57 308.57 2 20 5
10.0859 308.62 308.62 2 20 5
10.0859 308.67 308.67 2 20 5
10.0859 308.72 308.72 2 20 5
10.0859 308.77 308.77 2 20 5
10.0859 308.82 308.82 2 20 5
10.0859 308.87 308.87 2 20 5
10.0859 308.92 308.92 2 20 5
10.0859 308.97 308.97 2 20 5
10.0859 309.02 309.02 2 20 5
10.0859 309.07 309.07 2 20 5
10.0858 309.12 309.12 2 20 5
10.0859 309.17 309.17 2 20 5
10.0859 309.22 309.22 2 20 5
10.0859 309.27 309.27 2 20 5
10.0859 309.32 309.32 2 20 5
10.0859 309.37 309.37 2 20 5
10.0859 309.42 309.42 2 20 5
10.0859 309.47 309.47 2 20 5
10.0859 309.52 309.52 2 20 5
10.0858 309.57 309.57 2 20 5
10.0858 309.62 309.62 2 20 5
10.0859 309.67 309.67 2 20 5
10.0859 309.72 309.72 2 20 5
10.0859 309.77 309.77 2 20 5
10.0859 309.82 309.82 2 20 5
10.0859 309.87 309.87 2 20 5
10.0859 309.92 309.92 2 20 5
10.0858 309.97 309.97 2 20 5
10.0859 310.02 310.02 2 20 5
10.0859 310.07 310.07 2 20 5
10.0859 310.12 310.12 2 20 5
10.0859 310.17 310.17 2 20 5
10.0859 310.22 310.22 2 20 5
10.0859 310.27 310.27 2 20 5
10.0859 310.32 310.32 2 20 5
10.0859 310.37 310.37 2 20 5
10.0859 310.42 310.42 2 20 5
10.0859 310.47 310.47 2 20 5
10.0859 310.52 310.52 2 20 5
10.0859 310.57 310.57 2 20 5
10.0859 310.62 310.62 2 20 5
10.0859 310.67 310.67 2 20 5
10.0859 310.72 310.72 2 20 5
10.0859 310.77 310.77 2 20 5
10.0859 310.82 310.82 2 20 5
10.0858 310.87 310.87 2 20 5
10.0858 310.92 310.92 2 20 5
10.0859 310.97 310.97 2 20 5
10.0859 311.02 311.02 2 20 5
10.0859 311.07 311.07 2 20 5
10.0859 311.12 311.12 2 20 5
10.0859 311.17 311.17 2 20 5
10.0859 311.22 311.22 2 20 5
10.0858 311.27 311.27 2 20 5
10.0859 311.32 311.32 2 20 5
10.0859 311.37 311.37 2 20 5
10.0859 311.42 311.42 2 20 5
10.0859 311.47 311.47 2 20 5
10.0859 311.52 311.52 2 20 5
10.0859 311.57 311.57 2 20 5
10.0859 311.62 311.62 2 20 5
10.0859 311.67 311.67 2 20 5
10.0859 311.72 311.72 2 20 5
10.0853 311.77 311.77 2 20 5
10.0856 311.82 311.82 2 20 5
10.0859 311.87 311.87 2 20 5
10.086 311.92 311.92 2 20 5
10.086 311.97 311.97 2 20 5
10.086 312.02 312.02 2 20 5
10.0859 312.07 312.07 2 20 5
10.0858 312.12 312.12 2 20 5
10.0859 312.17 312.17 2 20 5
10.0859 312.22 312.22 2 20 5
10.0859 312.27 312.27 2 20 5
10.0859 312.32 312.32 2 20 5
10.0859 312.37 312.37 2 20 5
10.0859 312.42 312.42 2 20 5
10.0859 312.47 312.47 2 20 5
10.0859 312.52 312.52 2 20 5
10.0859 312.57 312.57 2 20 5
10.0859 312.62 312.62 2 20 5
10.0859 312.67 312.67 2 20 5
10.0859 312.72 312.72 2 20 5
10.0859 312.77 312.77 2 20 5
10.0858 312.82 312.82 2 20 5
10.0859 312.87 312.87 2 20 5
10.0859 312.92 312.92 2 20 5
10.0859 312.97 312.97 2 20 5
10.0859 313.02 313.02 2 20 5
10.0859 313.07 313.07 2 20 5
10.0859 313.12 313.12 2 20 5
10.0859 313.17 313.17 2 20 5
10.0859 313.22 313.22 2 20 5
10.0859 313.27 313.27 2 20 5
10.0859 313.32 313.32 2 20 5
10.0859 313.37 313.37 2 20 5
10.0859 313.42 313.42 2 20 5
10.0859 313.47 313.47 2 20 5
10.0858 313.52 313.52 2 20 5
10.0859 313.57 313.57 2 20 5
10.0859 313.62 313.62 2 20 5
10.0859 313.67 313.67 2 20 5
10.0859 313.72 313.72 2 20 5
10.0859 313.77 313.77 2 20 5
10.0859 313.82 313.82 2 20 5
10.0859 313.87 313.87 2 20 5
10.0859 313.92 313.92 2 20 5
10.0859 313.97 313.97 2 20 5
10.0859 314.02 314.02 2 20 5
10.0859 314.07 314.07 2 20 5
10.0859 314.12 314.12 2 20 5
10.0859 314.17 314.17 2 20 5
10.0859 314.22 314.22 2 20 5
10.0859 314.27 314.27 2 20 5
10.0858 314.32 314.32 2 20 5
10.0859 314.37 314.37 2 20 5
10.0859 314.42 314.42 2 20 5
10.0859 314.47 314.47 2 20 5
10.0859 314.52 314.52 2 20 5
10.0859 314.57 314.57 2 20 5
10.0859 314.62 314.62 2 20 5
10.0859 314.67 314.67 2 20 5
10.0859 314.72 314.72 2 20 5
10.0859 314.77 314.77 2 20 5
10.0859 314.82 314.82 2 20 5
10.0859 314.87 314.87 2 20 5
10.0859 314.92 314.92 2 20 5
10.0859 314.97 314.97 2 20 5
10.0858 315.02 315.02 2 20 5
10.0859 315.07 315.07 2 20 5
10.0859 315.12 315.12 2 20 5
10.0859 315.17 315.17 2 20 5
10.0859 315.22 315.22 2 20 5
10.0859 315.27 315.27 2 20 5
10.0859 315.32 315.32 2 20 5
10.0859 315.37 315.37 2 20 5
10.0859 315.42 315.42 2 20 5
10.0859 315.47 315.47 2 20 5
10.0858 315.52 315.52 2 20 5
10.0859 315.57 315.57 2 20 5
10.086 315.62 315.62 2 20 5
10.0859 315.67 315.67 2 20 5
10.0859 315.72 315.72 2 20 5
10.0859 315.77 315.77 2 20 5
10.0858 315.82 315.82 2 20 5
10.0859 315.87 315.87 2 20 5
10.0859 315.92 315.92 2 20 5
10.0858 315.97 315.97 2 20 5
10.0859 316.02 316.02 2 20 5
10.0859 316.07 316.07 2 20 5
10.0859 316.12 316.12 2 20 5
10.0859 316.17 316.17 2 20 5
10.0859 316.22 316.22 2 20 5
10.0859 316.27 316.27 2 20 5
10.0859 316.32 316.32 2 20 5
10.0859 316.37 316.37 2 20 5
10.0859 316.42 316.42 2 20 5
10.0859 316.47 316.47 2 20 5
10.0858 316.52 316.52 2 20 5
10.0859 316.57 316.57 2 20 5
10.0853 316.62 316.62 2 20 5
10.0856 316.67 316.67 2 20 5
10.0859 316.72 316.72 2 20 5
10.086 316.77 316.77 2 20 5
10.086 316.82 316.82 2 20 5
10.0859 316.87 316.87 2 20 5
10.0859 316.92 316.92 2 20 5
10.0858 316.97 316.97 2 20 5
10.0859 317.02 317.02 2 20 5
10.0859 317.07 317.07 2 20 5
10.0859 317.12 317.12 2 20 5
10.0859 317.17 317.17 2 20 5
10.0859 317.22 317.22 2 20 5
10.0858 317.27 317.27 2 20 5
10.0859 317.32 317.32 2 20 5
10.0859 317.37 317.37 2 20 5
10.0859 317.42 317.42 2 20 5
10.0859 317.47 317.47 2 20 5
10.0859 317.52 317.52 2 20 5
10.0859 317.57 317.57 2 20 5
10.0859 317.62 317.62 2 20 5
10.0859 317.67 317.67 2 20 5
10.0859 317.72 317.72 2 20 5
10.0858 317.77 317.77 2 20 5
10.0858 317.82 317.82 2 20 5
10.0859 317.87 317.87 2 20 5
10.0859 317.92 317.92 2 20 5
10.0859 317.97 317.97 2 20 5
10.0859 318.02 318.02 2 20 5
10.0859 318.07 318.07 2 20 5
10.0859 318.12 318.12 2 20 5
10.0858 318.17 318.17 2 20 5
10.0859 318.22 318.22 2 20 5
10.0859 318.27 318.27 2 20 5
10.0859 318.32 318.32 2 20 5
10.0859 318.37 318.37 2 20 5
10.0859 318.42 318.42 2 20 5
10.0859 318.47 318.47 2 20 5
10.0859 318.52 318.52 2 20 5
10.0859 318.57 318.57 2 20 5
10.0859 318.62 318.62 2 20 5
10.0859 318.67 318.67 2 20 5
10.0859 318.72 318.72 2 20 5
10.0859 318.77 318.77 2 20 5
10.0859 318.82 318.82 2 20 5
10.0859 318.87 318.87 2 20 5
10.0858 318.92 318.92 2 20 5
10.0859 318.97 318.97 2 20 5
10.0859 319.02 319.02 2 20 5
10.0859 319.07 319.07 2 20 5
10.0859 319.12 319.12 2 20 5
10.0859 319.17 319.17 2 20 5
10.0859 319.22 319.22 2 20 5
10.0859 319.27 319.27 2 20 5
10.0859 319.32 319.32 2 20 5
10.0859 319.37 319.37 2 20 5
10.0859 319.42 319.42 2 20 5
10.0859 319.47 319.47 2 20 5
10.0859 319.52 319.52 2 20 5
10.0859 319.57 319.57 2 20 5
10.0859 319.62 319.62 2 20 5
10.087 319.67 319.67 2 20 5
10.087 319.72 319.72 2 20 5
10.0865 319.77 319.77 2 20 5
10.0859 319.82 319.82 2 20 5
10.0856 319.87 319.87 2 20 5
10.0856 319.92 319.92 2 20 5
10.0857 319.97 319.97 2 20 5
10.0859 320.02 320.02 2 20 5
10.0859 320.07 320.07 2 20 5
10.086 320.12 320.12 2 20 5
10.0859 320.17 320.17 2 20 5
10.0859 320.22 320.22 2 20 5
10.0859 320.27 320.27 2 20 5
10.0858 320.32 320.32 2 20 5
10.0858 320.37 320.37 2 20 5
10.0859 320.42 320.42 2 20 5
10.0859 320.47 320.47 2 20 5
10.0859 320.52 320.52 2 20 5
10.0859 320.57 320.57 2 20 5
10.0859 320.62 320.62 2 20 5
10.0859 320.67 320.67 2 20 5
10.0858 320.72 320.72 2 20 5
10.0859 320.77 320.77 2 20 5
10.0859 320.82 320.82 2 20 5
10.0859 320.87 320.87 2 20 5
10.0859 320.92 320.92 2 20 5
10.0859 320.97 320.97 2 20 5
10.0859 321.02 321.02 2 20 5
10.0858 321.07 321.07 2 20 5
10.0859 321.12 321.12 2 20 5
10.0859 321.17 321.17 2 20 5
10.0858 321.22 321.22 2 20 5
10.0858 321.27 321.27 2 20 5
10.0859 321.32 321.32 2 20 5
10.0859 321.37 321.37 2 20 5
10.0859 321.42 321.42 2 20 5
10.0859 321.47 321.47 2 20 5
10.0859 321.52 321.52 2 20 5
10.0859 321.57 321.57 2 20 5
10.0856 321.62 321.62 2 20 5
10.0857 321.67 321.67 2 20 5
10.0859 321.72 321.72 2 20 5
10.086 321.77 321.77 2 20 5
10.086 321.82 321.82 2 20 5
10.0859 321.87 321.87 2 20 5
10.0859 321.92 321.92 2 20 5
10.0859 321.97 321.97 2 20 5
10.086 322.02 322.02 2 20 5
10.086 322.07 322.07 2 20 5
10.0859 322.12 322.12 2 20 5
10.0858 322.17 322.17 2 20 5
10.0859 322.22 322.22 2 20 5
10.0859 322.27 322.27 2 20 5
10.0858 322.32 322.32 2 20 5
10.0859 322.37 322.37 2 20 5
10.0859 322.42 322.42 2 20 5
10.0859 322.47 322.47 2 20 5
10.0859 322.52 322.52 2 20 5
10.0859 322.57 322.57 2 20 5
10.0859 322.62 322.62 2 20 5
10.0859 322.67 322.67 2 20 5
10.0859 322.72 322.72 2 20 5
10.0858 322.77 322.77 2 20 5
10.0859 322.82 322.82 2 20 5
10.0859 322.87 322.87 2 20 5
10.0859 322.92 322.92 2 20 5
10.0859 322.97 322.97 2 20 5
10.0859 323.02 323.02 2 20 5
10.0859 323.07 323.07 2 20 5
10.0859 323.12 323.12 2 20 5
10.0857 323.17 323.17 2 20 5
10.0858 323.22 323.22 2 20 5
10.0859 323.27 323.27 2 20 5
10.0859 323.32 323.32 2 20 5
10.0859 323.37 323.37 2 20 5
10.0859 323.42 323.42 2 20 5
10.0859 323.47 323.47 2 20 5
10.0859 323.52 323.52 2 20 5
10.0858 323.57 323.57 2 20 5
10.0859 323.62 323.62 2 20 5
10.0859 323.67 323.67 2 20 5
10.0859 323.72 323.72 2 20 5
10.0859 323.77 323.77 2 20 5
10.0859 323.82 323.82 2 20 5
10.0859 323.87 323.87 2 20 5
10.0859 323.92 323.92 2 20 5
10.0859 323.97 323.97 2 20 5
10.0859 324.02 324.02 2 20 5
10.0857 324.07 324.07 2 20 5
10.0858 324.12 324.12 2 20 5
10.0859 324.17 324.17 2 20 5
10.0859 324.22 324.22 2 20 5
10.0859 324.27 324.27 2 20 5
10.0859 324.32 324.32 2 20 5
10.0859 324.37 324.37 2 20 5
10.0859 324.42 324.42 2 20 5
10.0858 324.47 324.47 2 20 5
10.0859 324.52 324.52 2 20 5
10.0858 324.57 324.57 2 20 5
10.0859 324.62 324.62 2 20 5
10.0859 324.67 324.67 2 20 5
10.0859 324.72 324.72 2 20 5
10.0859 324.77 324.77 2 20 5
10.0859 324.82 324.82 2 20 5
10.0859 324.87 324.87 2 20 5
10.0859 324.92 324.92 2 20 5
10.0859 324.97 324.97 2 20 5
10.0859 325.02 325.02 2 20 5
10.0858 325.07 325.07 2 20 5
10.0858 325.12 325.12 2 20 5
10.0859 325.17 325.17 2 20 5
10.0859 325.22 325.22 2 20 5
10.0859 325.27 325.27 2 20 5
10.0859 325.32 325.32 2 20 5
10.0859 325.37 325.37 2 20 5
10.0859 325.42 325.42 2 20 5
10.0858 325.47 325.47 2 20 5
10.0859 325.52 325.52 2 20 5
10.0859 325.57 325.57 2 20 5
10.0859 325.62 325.62 2 20 5
10.0859 325.67 325.67 2 20 5
10.0859 325.72 325.72 2 20 5
10.0859 325.77 325.77 2 20 5
10.0859 325.82 325.82 2 20 5
10.0859 325.87 325.87 2 20 5
10.0859 325.92 325.92 2 20 5
10.0859 325.97 325.97 2 20 5
10.0858 326.02 326.02 2 20 5
10.0858 326.07 326.07 2 20 5
10.0859 326.12 326.12 2 20 5
10.0859 326.17 326.17 2 20 5
10.0859 326.22 326.22 2 20 5
10.0859 326.27 326.27 2 20 5
10.0859 326.32 326.32 2 20 5
10.0859 326.37 326.37 2 20 5
10.0858 326.42 326.42 2 20 5
10.0858 326.47 326.47 2 20 5
10.0859 326.52 326.52 2 20 5
10.0859 326.57 326.57 2 20 5
10.0859 326.62 326.62 2 20 5
10.0859 326.67 326.67 2 20 5
10.0859 326.72 326.72 2 20 5
10.0859 326.77 326.77 2 20 5
10.0858 326.82 326.82 2 20 5
10.0859 326.87 326.87 2 20 5
10.0859 326.92 326.92 2 20 5
10.0859 326.97 326.97 2 20 5
10.0859 327.02 327.02 2 20 5
10.0859 327.07 327.07 2 20 5
10.0859 327.12 327.12 2 20 5
10.0859 327.17 327.17 2 20 5
10.0859 327.22 327.22 2 20 5
10.0859 327.27 327.27 2 20 5
10.0861 327.32 327.32 2 20 5
10.086 327.37 327.37 2 20 5
10.0859 327.42 327.42 2 20 5
10.0858 327.47 327.47 2 20 5
10.0858 327.52 327.52 2 20 5
10.0859 327.57 327.57 2 20 5
10.0859 327.62 327.62 2 20 5
10.0859 327.67 327.67 2 20 5
10.0859 327.72 327.72 2 20 5
10.0859 327.77 327.77 2 20 5
10.0859 327.82 327.82 2 20 5
10.0859 327.87 327.87 2 20 5
10.0859 327.92 327.92 2 20 5
10.0857 327.97 327.97 2 20 5
10.0858 328.02 328.02 2 20 5
10.0859 328.07 328.07 2 20 5
10.0859 328.12 328.12 2 20 5
10.0859 328.17 328.17 2 20 5
10.0859 328.22 328.22 2 20 5
10.0859 328.27 328.27 2 20 5
10.0859 328.32 328.32 2 20 5
10.0858 328.37 328.37 2 20 5
10.0859 328.42 328.42 2 20 5
10.0859 328.47 328.47 2 20 5
10.0859 328.52 328.52 2 20 5
10.0859 328.57 328.57 2 20 5
10.0859 328.62 328.62 2 20 5
10.0859 328.67 328.67 2 20 5
10.0859 328.72 328.72 2 20 5
10.0859 328.77 328.77 2 20 5
10.0859 328.82 328.82 2 20 5
10.0858 328.87 328.87 2 20 5
10.0859 328.92 328.92 2 20 5
10.0859 328.97 328.97 2 20 5
10.0859 329.02 329.02 2 20 5
10.0859 329.07 329.07 2 20 5
10.0859 329.12 329.12 2 20 5
10.0858 329.17 329.17 2 20 5
10.0859 329.22 329.22 2 20 5
10.0859 329.27 329.27 2 20 5
10.0859 329.32 329.32 2 20 5
10.0859 329.37 329.37 2 20 5
10.0859 329.42 329.42 2 20 5
10.0859 329.47 329.47 2 20 5
10.0859 329.52 329.52 2 20 5
10.0858 329.57 329.57 2 20 5
10.0859 329.62 329.62 2 20 5
10.0859 329.67 329.67 2 20 5
10.0859 329.72 329.72 2 20 5
10.0859 329.77 329.77 2 20 5
10.0859 329.82 329.82 2 20 5
10.0858 329.87 329.87 2 20 5
10.0859 329.92 329.92 2 20 5
10.0859 329.97 329.97 2 20 5
10.0859 330.02 330.02 2 20 5
10.0859 330.07 330.07 2 20 5
10.0859 330.12 330.12 2 20 5
10.0859 330.17 330.17 2 20 5
10.0859 330.22 330.22 2 20 5
10.0859 330.27 330.27 2 20 5
10.0859 330.32 330.32 2 20 5
10.0859 330.37 330.37 2 20 5
10.0858 330.42 330.42 2 20 5
10.0859 330.47 330.47 2 20 5
10.0858 330.52 330.52 2 20 5
10.0859 330.57 330.57 2 20 5
10.0859 330.62 330.62 2 20 5
10.0859 330.67 330.67 2 20 5
10.0859 330.72 330.72 2 20 5
10.0859 330.77 330.77 2 20 5
10.0859 330.82 330.82 2 20 5
10.0859 330.87 330.87 2 20 5
10.0858 330.92 330.92 2 20 5
10.0859 330.97 330.97 2 20 5
10.0859 331.02 331.02 2 20 5
10.0859 331.07 331.07 2 20 5
10.0859 331.12 331.12 2 20 5
10.0859 331.17 331.17 2 20 5
10.0858 331.22 331.22 2 20 5
10.0859 331.27 331.27 2 20 5
10.0858 331.32 331.32 2 20 5
10.0859 331.37 331.37 2 20 5
10.0859 331.42 331.42 2 20 5
10.0859 331.47 331.47 2 20 5
10.0859 331.52 331.52 2 20 5
10.0859 331.57 331.57 2 20 5
10.0859 331.62 331.62 2 20 5
10.0859 331.67 331.67 2 20 5
10.0859 331.72 331.72 2 20 5
10.0858 331.77 331.77 2 20 5
10.0859 331.82 331.82 2 20 5
10.0859 331.87 331.87 2 20 5
10.0859 331.92 331.92 2 20 5
10.0859 331.97 331.97 2 20 5
10.0859 332.02 332.02 2 20 5
10.0859 332.07 332.07 2 20 5
10.0873 332.12 332.12 2 20 5
10.0866 332.17 332.17 2 20 5
10.0859 332.22 332.22 2 20 5
10.0855 332.27 332.27 2 20 5
10.0855 332.32 332.32 2 20 5
10.0857 332.37 332.37 2 20 5
10.0859 332.42 332.42 2 20 5
10.086 332.47 332.47 2 20 5
10.086 332.52 332.52 2 20 5
10.0859 332.57 332.57 2 20 5
10.0859 332.62 332.62 2 20 5
10.0859 332.67 332.67 2 20 5
10.0857 332.72 332.72 2 20 5
10.0858 332.77 332.77 2 20 5
10.0859 332.82 332.82 2 20 5
10.0859 332.87 332.87 2 20 5
10.0859 332.92 332.92 2 20 5
10.0859 332.97 332.97 2 20 5
10.0859 333.02 333.02 2 20 5
10.0859 333.07 333.07 2 20 5
10.0858 333.12 333.12 2 20 5
10.0859 333.17 333.17 2 20 5
10.0859 333.22 333.22 2 20 5
10.0859 333.27 333.27 2 20 5
10.0859 333.32 333.32 2 20 5
10.0859 333.37 333.37 2 20 5
10.0859 333.42 333.42 2 20 5
10.0859 333.47 333.47 2 20 5
10.0856 333.52 333.52 2 20 5
10.0858 333.57 333.57 2 20 5
10.0859 333.62 333.62 2 20 5
10.0859 333.67 333.67 2 20 5
10.0859 333.72 333.72 2 20 5
10.0859 333.77 333.77 2 20 5
10.0859 333.82 333.82 2 20 5
10.0859 333.87 333.87 2 20 5
10.0858 333.92 333.92 2 20 5
10.0859 333.97 333.97 2 20 5
10.086 334.02 334.02 2 20 5
10.086 334.07 334.07 2 20 5
10.0859 334.12 334.12 2 20 5
10.0859 334.17 334.17 2 20 5
10.0858 334.22 334.22 2 20 5
10.0859 334.27 334.27 2 20 5
10.086 334.32 334.32 2 20 5
10.086 334.37 334.37 2 20 5
10.0859 334.42 334.42 2 20 5
10.0859 334.47 334.47 2 20 5
10.0858 334.52 334.52 2 20 5
10.0859 334.57 334.57 2 20 5
10.0858 334.62 334.62 2 20 5
10.0858 334.67 334.67 2 20 5
10.0859 334.72 334.72 2 20 5
10.0859 334.77 334.77 2 20 5
10.0859 334.82 334.82 2 20 5
10.0859 334.87 334.87 2 20 5
10.0859 334.92 334.92 2 20 5
10.0858 334.97 334.97 2 20 5
10.0859 335.02 335.02 2 20 5
10.0859 335.07 335.07 2 20 5
10.0859 335.12 335.12 2 20 5
10.0859 335.17 335.17 2 20 5
10.0859 335.22 335.22 2 20 5
10.0859 335.27 335.27 2 20 5
10.0859 335.32 335.32 2 20 5
10.0858 335.37 335.37 2 20 5
10.0859 335.42 335.42 2 20 5
10.0859 335.47 335.47 2 20 5
10.0859 335.52 335.52 2 20 5
10.0859 335.57 335.57 2 20 5
10.0859 335.62 335.62 2 20 5
10.0859 335.67 335.67 2 20 5
10.0859 335.72 335.72 2 20 5
10.0859 335.77 335.77 2 20 5
10.0858 335.82 335.82 2 20 5
10.0859 335.87 335.87 2 20 5
10.0859 335.92 335.92 2 20 5
10.0859 335.97 335.97 2 20 5
10.0859 336.02 336.02 2 20 5
10.0859 336.07 336.07 2 20 5
10.0858 336.12 336.12 2 20 5
10.0859 336.17 336.17 2 20 5
10.0859 336.22 336.22 2 20 5
10.0859 336.27 336.27 2 20 5
10.0859 336.32 336.32 2 20 5
10.0859 336.37 336.37 2 20 5
10.0859 336.42 336.42 2 20 5
10.088 336.47 336.47 2 20 5
10.0869 336.52 336.52 2 20 5
10.0859 336.57 336.57 2 20 5
10.0854 336.62 336.62 2 20 5
10.0854 336.67 336.67 2 20 5
10.0856 336.72 336.72 2 20 5
10.0859 336.77 336.77 2 20 5
10.086 336.82 336.82 2 20 5
10.086 336.87 336.87 2 20 5
10.0859 336.92 336.92 2 20 5
10.0859 336.97 336.97 2 20 5
10.0858 337.02 337.02 2 20 5
10.0859 337.07 337.07 2 20 5
10.0859 337.12 337.12 2 20 5
10.0859 337.17 337.17 2 20 5
10.0859 337.22 337.22 2 20 5
10.0859 337.27 337.27 2 20 5
10.0859 337.32 337.32 2 20 5
10.0858 337.37 337.37 2 20 5
10.0859 337.42 337.42 2 20 5
10.0859 337.47 337.47 2 20 5
10.0859 337.52 337.52 2 20 5
10.0859 337.57 337.57 2 20 5
10.0859 337.62 337.62 2 20 5
10.0859 337.67 337.67 2 20 5
10.0858 337.72 337.72 2 20 5
10.0859 337.77 337.77 2 20 5
10.0859 337.82 337.82 2 20 5
10.0859 337.87 337.87 2 20 5
10.0859 337.92 337.92 2 20 5
10.0859 337.97 337.97 2 20 5
10.0859 338.02 338.02 2 20 5
10.0858 338.07 338.07 2 20 5
10.086 338.12 338.12 2 20 5
10.0859 338.17 338.17 2 20 5
10.0859 338.22 338.22 2 20 5
10.0859 338.27 338.27 2 20 5
10.0858 338.32 338.32 2 20 5
10.0859 338.37 338.37 2 20 5
10.0859 338.42 338.42 2 20 5
10.0859 338.47 338.47 2 20 5
10.0859 338.52 338.52 2 20 5
10.0859 338.57 338.57 2 20 5
10.0859 338.62 338.62 2 20 5
10.0859 338.67 338.67 2 20 5
10.0859 338.72 338.72 2 20 5
10.0859 338.77 338.77 2 20 5
10.0858 338.82 338.82 2 20 5
10.0859 338.87 338.87 2 20 5
10.0859 338.92 338.92 2 20 5
10.0859 338.97 338.97 2 20 5
10.0859 339.02 339.02 2 20 5
10.0859 339.07 339.07 2 20 5
10.0858 339.12 339.12 2 20 5
10.0859 339.17 339.17 2 20 5
10.0858 339.22 339.22 2 20 5
10.0859 339.27 339.27 2 20 5
10.0859 339.32 339.32 2 20 5
10.0859 339.37 339.37 2 20 5
10.0859 339.42 339.42 2 20 5
10.0859 339.47 339.47 2 20 5
10.0859 339.52 339.52 2 20 5
10.0859 339.57 339.57 2 20 5
10.0858 339.62 339.62 2 20 5
10.0859 339.67 339.67 2 20 5
10.0859 339.72 339.72 2 20 5
10.0859 339.77 339.77 2 20 5
10.0859 339.82 339.82 2 20 5
10.0859 339.87 339.87 2 20 5
10.0859 339.92 339.92 2 20 5
10.0859 339.97 339.97 2 20 5
10.0857 340.02 340.02 2 20 5
10.0858 340.07 340.07 2 20 5
10.0859 340.12 340.12 2 20 5
10.0859 340.17 340.17 2 20 5
10.0859 340.22 340.22 2 20 5
10.0859 340.27 340.27 2 20 5
10.0859 340.32 340.32 2 20 5
10.0859 340.37 340.37 2 20 5
10.0858 340.42 340.42 2 20 5
10.0859 340.47 340.47 2 20 5
10.0859 340.52 340.52 2 20 5
10.0859 340.57 340.57 2 20 5
10.0859 340.62 340.62 2 20 5
10.0859 340.67 340.67 2 20 5
10.0859 340.72 340.72 2 20 5
10.0859 340.77 340.77 2 20 5
10.0859 340.82 340.82 2 20 5
10.0859 340.87 340.87 2 20 5
10.0858 340.92 340.92 2 20 5
10.0859 340.97 340.97 2 20 5
10.0859 341.02 341.02 2 20 5
10.0859 341.07 341.07 2 20 5
10.0859 341.12 341.12 2 20 5
10.0859 341.17 341.17 2 20 5
10.0859 341.22 341.22 2 20 5
10.0858 341.27 341.27 2 20 5
10.0859 341.32 341.32 2 20 5
10.0859 341.37 341.37 2 20 5
10.0859 341.42 341.42 2 20 5
10.0859 341.47 341.47 2 20 5
10.0859 341.52 341.52 2 20 5
10.0859 341.57 341.57 2 20 5
10.0859 341.62 341.62 2 20 5
10.0859 341.67 341.67 2 20 5
10.0859 341.72 341.72 2 20 5
10.0858 341.77 341.77 2 20 5
10.086 341.82 341.82 2 20 5
10.0859 341.87 341.87 2 20 5
10.0859 341.92 341.92 2 20 5
10.0859 341.97 341.97 2 20 5
10.0858 342.02 342.02 2 20 5
10.0859 342.07 342.07 2 20 5
10.0859 342.12 342.12 2 20 5
10.0859 342.17 342.17 2 20 5
10.0859 342.22 342.22 2 20 5
10.0859 342.27 342.27 2 20 5
10.0859 342.32 342.32 2 20 5
10.0859 342.37 342.37 2 20 5
10.0859 342.42 342.42 2 20 5
10.0859 342.47 342.47 2 20 5
10.0859 342.52 342.52 2 20 5
10.0857 342.57 342.57 2 20 5
10.0858 342.62 342.62 2 20 5
10.0859 342.67 342.67 2 20 5
10.0859 342.72 342.72 2 20 5
10.0859 342.77 342.77 2 20 5
10.0859 342.82 342.82 2 20 5
10.0859 342.87 342.87 2 20 5
10.0859 342.92 342.92 2 20 5
10.0858 342.97 342.97 2 20 5
10.0859 343.02 343.02 2 20 5
10.0859 343.07 343.07 2 20 5
10.0859 343.12 343.12 2 20 5
10.0859 343.17 343.17 2 20 5
10.0859 343.22 343.22 2 20 5
10.0859 343.27 343.27 2 20 5
10.0859 343.32 343.32 2 20 5
10.0859 343.37 343.37 2 20 5
10.0859 343.42 343.42 2 20 5
10.0859 343.47 343.47 2 20 5
10.0858 343.52 343.52 2 20 5
10.0859 343.57 343.57 2 20 5
10.0859 343.62 343.62 2 20 5
10.0859 343.67 343.67 2 20 5
10.0859 343.72 343.72 2 20 5
10.0859 343.77 343.77 2 20 5
10.0859 343.82 343.82 2 20 5
10.0859 343.87 343.87 2 20 5
10.0858 343.92 343.92 2 20 5
10.0859 343.97 343.97 2 20 5
10.0859 344.02 344.02 2 20 5
10.0859 344.07 344.07 2 20 5
10.0859 344.12 344.12 2 20 5
10.0859 344.17 344.17 2 20 5
10.0859 344.22 344.22 2 20 5
10.0859 344.27 344.27 2 20 5
10.0858 344.32 344.32 2 20 5
10.0859 344.37 344.37 2 20 5
10.0859 344.42 344.42 2 20 5
10.0859 344.47 344.47 2 20 5
10.0859 344.52 344.52 2 20 5
10.0859 344.57 344.57 2 20 5
10.0859 344.62 344.62 2 20 5
10.0858 344.67 344.67 2 20 5
10.086 344.72 344.72 2 20 5
10.086 344.77 344.77 2 20 5
10.0859 344.82 344.82 2 20 5
10.0859 344.87 344.87 2 20 5
10.0858 344.92 344.92 2 20 5
10.0858 344.97 344.97 2 20 5
10.086 345.02 345.02 2 20 5
10.086 345.07 345.07 2 20 5
10.0859 345.12 345.12 2 20 5
10.0859 345.17 345.17 2 20 5
10.0858 345.22 345.22 2 20 5
10.0859 345.27 345.27 2 20 5
10.0859 345.32 345.32 2 20 5
10.0859 345.37 345.37 2 20 5
10.0859 345.42 345.42 2 20 5
10.0859 345.47 345.47 2 20 5
10.0859 345.52 345.52 2 20 5
10.0859 345.57 345.57 2 20 5
10.0859 345.62 345.62 2 20 5
10.0859 345.67 345.67 2 20 5
10.0859 345.72 345.72 2 20 5
10.0857 345.77 345.77 2 20 5
10.0858 345.82 345.82 2 20 5
10.0859 345.87 345.87 2 20 5
10.0859 345.92 345.92 2 20 5
10.0859 345.97 345.97 2 20 5
10.0859 346.02 346.02 2 20 5
10.0859 346.07 346.07 2 20 5
10.0859 346.12 346.12 2 20 5
10.0857 346.17 346.17 2 20 5
10.0858 346.22 346.22 2 20 5
10.0859 346.27 346.27 2 20 5
10.0859 346.32 346.32 2 20 5
10.0859 346.37 346.37 2 20 5
10.0859 346.42 346.42 2 20 5
10.0859 346.47 346.47 2 20 5
10.0859 346.52 346.52 2 20 5
10.0858 346.57 346.57 2 20 5
10.0859 346.62 346.62 2 20 5
10.0859 346.67 346.67 2 20 5
10.0859 346.72 346.72 2 20 5
10.0859 346.77 346.77 2 20 5
10.0859 346.82 346.82 2 20 5
10.0859 346.87 346.87 2 20 5
10.0859 346.92 346.92 2 20 5
10.0859 346.97 346.97 2 20 5
10.0858 347.02 347.02 2 20 5
10.0859 347.07 347.07 2 20 5
10.0859 347.12 347.12 2 20 5
10.0859 347.17 347.17 2 20 5
10.0859 347.22 347.22 2 20 5
10.0859 347.27 347.27 2 20 5
10.0859 347.32 347.32 2 20 5
10.0859 347.37 347.37 2 20 5
10.0859 347.42 347.42 2 20 5
10.0857 347.47 347.47 2 20 5
10.0858 347.52 347.52 2 20 5
10.0859 347.57 347.57 2 20 5
10.0859 347.62 347.62 2 20 5
10.0859 347.67 347.67 2 20 5
10.0859 347.72 347.72 2 20 5
10.0859 347.77 347.77 2 20 5
10.0859 347.82 347.82 2 20 5
10.0858 347.87 347.87 2 20 5
10.0859 347.92 347.92 2 20 5
10.0859 347.97 347.97 2 20 5
10.0859 348.02 348.02 2 20 5
10.0859 348.07 348.07 2 20 5
10.0859 348.12 348.12 2 20 5
10.0859 348.17 348.17 2 20 5
10.0859 348.22 348.22 2 20 5
10.0859 348.27 348.27 2 20 5
10.0859 348.32 348.32 2 20 5
10.0859 348.37 348.37 2 20 5
10.0857 348.42 348.42 2 20 5
10.0858 348.47 348.47 2 20 5
10.0859 348.52 348.52 2 20 5
10.0859 348.57 348.57 2 20 5
10.0859 348.62 348.62 2 20 5
10.0859 348.67 348.67 2 20 5
10.0859 348.72 348.72 2 20 5
10.0859 348.77 348.77 2 20 5
10.0858 348.82 348.82 2 20 5
10.0859 348.87 348.87 2 20 5
10.0859 348.92 348.92 2 20 5
10.0859 348.97 348.97 2 20 5
10.0859 349.02 349.02 2 20 5
10.0859 349.07 349.07 2 20 5
10.0859 349.12 349.12 2 20 5
10.0859 349.17 349.17 2 20 5
10.0859 349.22 349.22 2 20 5
10.0859 349.27 349.27 2 20 5
10.0858 349.32 349.32 2 20 5
10.0861 349.37 349.37 2 20 5
10.086 349.42 349.42 2 20 5
10.0859 349.47 349.47 2 20 5
10.0858 349.52 349.52 2 20 5
10.0859 349.57 349.57 2 20 5
10.0858 349.62 349.62 2 20 5
10.0859 349.67 349.67 2 20 5
10.0859 349.72 349.72 2 20 5
10.0859 349.77 349.77 2 20 5
10.0859 349.82 349.82 2 20 5
10.0859 349.87 349.87 2 20 5
10.0859 349.92 349.92 2 20 5
10.0859 349.97 349.97 2 20 5
10.0859 350.02 350.02 2 20 5
10.0858 350.07 350.07 2 20 5
10.0858 350.12 350.12 2 20 5
10.0861 350.17 350.17 2 20 5
10.086 350.22 350.22 2 20 5
10.0859 350.27 350.27 2 20 5
10.0859 350.32 350.32 2 20 5
10.0857 350.37 350.37 2 20 5
10.0858 350.42 350.42 2 20 5
10.0859 350.47 350.47 2 20 5
10.0859 350.52 350.52 2 20 5
10.0859 350.57 350.57 2 20 5
10.0859 350.62 350.62 2 20 5
10.0859 350.67 350.67 2 20 5
10.0859 350.72 350.72 2 20 5
10.0859 350.77 350.77 2 20 5
10.0856 350.82 350.82 2 20 5
10.0858 350.87 350.87 2 20 5
10.0859 350.92 350.92 2 20 5
10.086 350.97 350.97 2 20 5
10.0859 351.02 351.02 2 20 5
10.0859 351.07 351.07 2 20 5
10.0859 351.12 351.12 2 20 5
10.0859 351.17 351.17 2 20 5
10.0858 351.22 351.22 2 20 5
10.0859 351.27 351.27 2 20 5
10.0859 351.32 351.32 2 20 5
10.0859 351.37 351.37 2 20 5
10.0859 351.42 351.42 2 20 5
10.0859 351.47 351.47 2 20 5
10.0859 351.52 351.52 2 20 5
10.0859 351.57 351.57 2 20 5
10.0859 351.62 351.62 2 20 5
10.0859 351.67 351.67 2 20 5
10.0859 351.72 351.72 2 20 5
10.0859 351.77 351.77 2 20 5
10.0858 351.82 351.82 2 20 5
10.0859 351.87 351.87 2 20 5
10.0859 351.92 351.92 2 20 5
10.0859 351.97 351.97 2 20 5
10.0859 352.02 352.02 2 20 5
10.0859 352.07 352.07 2 20 5
10.0859 352.12 352.12 2 20 5
10.0859 352.17 352.17 2 20 5
10.0859 352.22 352.22 2 20 5
10.0859 352.27 352.27 2 20 5
10.0859 352.32 352.32 2 20 5
10.0851 352.37 352.37 2 20 5
10.0855 352.42 352.42 2 20 5
10.0859 352.47 352.47 2 20 5
10.0861 352.52 352.52 2 20 5
10.0861 352.57 352.57 2 20 5
10.086 352.62 352.62 2 20 5
10.0859 352.67 352.67 2 20 5
10.0858 352.72 352.72 2 20 5
10.0859 352.77 352.77 2 20 5
10.0858 352.82 352.82 2 20 5
10.0858 352.87 352.87 2 20 5
10.0859 352.92 352.92 2 20 5
10.0859 352.97 352.97 2 20 5
10.0859 353.02 353.02 2 20 5
10.0859 353.07 353.07 2 20 5
10.0859 353.12 353.12 2 20 5
10.0858 353.17 353.17 2 20 5
10.0859 353.22 353.22 2 20 5
10.0859 353.27 353.27 2 20 5
10.0859 353.32 353.32 2 20 5
10.0859 353.37 353.37 2 20 5
10.0859 353.42 353.42 2 20 5
10.0859 353.47 353.47 2 20 5
10.0858 353.52 353.52 2 20 5
10.0859 353.57 353.57 2 20 5
10.0859 353.62 353.62 2 20 5
10.0859 353.67 353.67 2 20 5
10.0859 353.72 353.72 2 20 5
10.0859 353.77 353.77 2 20 5
10.0859 353.82 353.82 2 20 5
10.0858 353.87 353.87 2 20 5
10.0859 353.92 353.92 2 20 5
10.0859 353.97 353.97 2 20 5
10.0859 354.02 354.02 2 20 5
10.0859 354.07 354.07 2 20 5
10.0859 354.12 354.12 2 20 5
10.0859 354.17 354.17 2 20 5
10.0859 354.22 354.22 2 20 5
10.0858 354.27 354.27 2 20 5
10.085 354.32 354.32 2 20 5
10.0855 354.37 354.37 2 20 5
10.0859 354.42 354.42 2 20 5
10.0861 354.47 354.47 2 20 5
10.0861 354.52 354.52 2 20 5
10.086 354.57 354.57 2 20 5
10.0859 354.62 354.62 2 20 5
10.0858 354.67 354.67 2 20 5
10.0858 354.72 354.72 2 20 5
10.086 354.77 354.77 2 20 5
10.086 354.82 354.82 2 20 5
10.0859 354.87 354.87 2 20 5
10.0859 354.92 354.92 2 20 5
10.0858 354.97 354.97 2 20 5
10.0858 355.02 355.02 2 20 5
10.0859 355.07 355.07 2 20 5
10.0859 355.12 355.12 2 20 5
10.0859 355.17 355.17 2 20 5
10.0859 355.22 355.22 2 20 5
10.0859 355.27 355.27 2 20 5
10.0859 355.32 355.32 2 20 5
10.0858 355.37 355.37 2 20 5
10.0859 355.42 355.42 2 20 5
10.0859 355.47 355.47 2 20 5
10.0859 355.52 355.52 2 20 5
10.0859 355.57 355.57 2 20 5
10.0859 355.62 355.62 2 20 5
10.0859 355.67 355.67 2 20 5
10.0859 355.72 355.72 2 20 5
10.0859 355.77 355.77 2 20 5
10.0856 355.82 355.82 2 20 5
10.0858 355.87 355.87 2 20 5
10.0859 355.92 355.92 2 20 5
10.086 355.97 355.97 2 20 5
10.0859 356.02 356.02 2 20 5
10.0859 356.07 356.07 2 20 5
10.0859 356.12 356.12 2 20 5
10.0859 356.17 356.17 2 20 5
10.0858 356.22 356.22 2 20 5
10.0859 356.27 356.27 2 20 5
10.0859 356.32 356.32 2 20 5
10.0859 356.37 356.37 2 20 5
10.0859 356.42 356.42 2 20 5
10.0859 356.47 356.47 2 20 5
10.0859 356.52 356.52 2 20 5
10.0859 356.57 356.57 2 20 5
10.0859 356.62 356.62 2 20 5
10.0859 356.67 356.67 2 20 5
10.0859 356.72 356.72 2 20 5
10.0858 356.77 356.77 2 20 5
10.0859 356.82 356.82 2 20 5
10.0859 356.87 356.87 2 20 5
10.0859 356.92 356.92 2 20 5
10.0859 356.97 356.97 2 20 5
10.0859 357.02 357.02 2 20 5
10.0858 357.07 357.07 2 20 5
10.086 357.12 357.12 2 20 5
10.086 357.17 357.17 2 20 5
10.0859 357.22 357.22 2 20 5
10.0858 357.27 357.27 2 20 5
10.085 357.32 357.32 2 20 5
10.0854 357.37 357.37 2 20 5
10.0859 357.42 357.42 2 20 5
10.0861 357.47 357.47 2 20 5
10.0861 357.52 357.52 2 20 5
10.086 357.57 357.57 2 20 5
10.0859 357.62 357.62 2 20 5
10.0858 357.67 357.67 2 20 5
10.0858 357.72 357.72 2 20 5
10.084 357.77 357.77 2 20 5
10.085 357.82 357.82 2 20 5
10.0859 357.87 357.87 2 20 5
10.0863 357.92 357.92 2 20 5
10.0863 357.97 357.97 2 20 5
10.0861 358.02 358.02 2 20 5
10.0859 358.07 358.07 2 20 5
10.0858 358.12 358.12 2 20 5
10.0858 358.17 358.17 2 20 5
10.0858 358.22 358.22 2 20 5
10.086 358.27 358.27 2 20 5
10.086 358.32 358.32 2 20 5
10.0859 358.37 358.37 2 20 5
10.0859 358.42 358.42 2 20 5
10.0858 358.47 358.47 2 20 5
10.0859 358.52 358.52 2 20 5
10.0859 358.57 358.57 2 20 5
10.0859 358.62 358.62 2 20 5
10.0859 358.67 358.67 2 20 5
10.0859 358.72 358.72 2 20 5
10.0858 358.77 358.77 2 20 5
10.0859 358.82 358.82 2 20 5
10.0859 358.87 358.87 2 20 5
10.0859 358.92 358.92 2 20 5
10.0859 358.97 358.97 2 20 5
10.0859 359.02 359.02 2 20 5
10.0858 359.07 359.07 2 20 5
10.086 359.12 359.12 2 20 5
10.086 359.17 359.17 2 20 5
10.0859 359.22 359.22 2 20 5
10.0859 359.27 359.27 2 20 5
10.0857 359.32 359.32 2 20 5
10.0858 359.37 359.37 2 20 5
10.0859 359.42 359.42 2 20 5
10.0859 359.47 359.47 2 20 5
10.0859 359.52 359.52 2 20 5
10.0859 359.57 359.57 2 20 5
10.0859 359.62 359.62 2 20 5
10.0859 359.67 359.67 2 20 5
10.0858 359.72 359.72 2 20 5
10.0859 359.77 359.77 2 20 5
10.0859 359.82 359.82 2 20 5
10.0859 359.87 359.87 2 20 5
10.0859 359.92 359.92 2 20 5
10.0859 359.97 359.97 2 20 5
10.0859 360.02 360.02 2 20 5
10.0857 360.07 360.07 2 20 5
10.0858 360.12 360.12 2 20 5
10.086 360.17 360.17 2 20 5
10.086 360.22 360.22 2 20 5
10.0859 360.27 360.27 2 20 5
10.0859 360.32 360.32 2 20 5
10.0859 360.37 360.37 2 20 5
10.0858 360.42 360.42 2 20 5
10.0859 360.47 360.47 2 20 5
10.0859 360.52 360.52 2 20 5
10.0859 360.57 360.57 2 20 5
10.0859 360.62 360.62 2 20 5
10.0859 360.67 360.67 2 20 5
10.0859 360.72 360.72 2 20 5
10.0859 360.77 360.77 2 20 5
10.0859 360.82 360.82 2 20 5
10.0858 360.87 360.87 2 20 5
10.0859 360.92 360.92 2 20 5
10.0859 360.97 360.97 2 20 5
10.0859 361.02 361.02 2 20 5
10.0859 361.07 361.07 2 20 5
10.0859 361.12 361.12 2 20 5
10.0859 361.17 361.17 2 20 5
10.0859 361.22 361.22 2 20 5
10.0857 361.27 361.27 2 20 5
10.0858 361.32 361.32 2 20 5
10.086 361.37 361.37 2 20 5
10.086 361.42 361.42 2 20 5
10.0859 361.47 361.47 2 20 5
10.0859 361.52 361.52 2 20 5
10.0859 361.57 361.57 2 20 5
10.0858 361.62 361.62 2 20 5
10.0859 361.67 361.67 2 20 5
10.0859 361.72 361.72 2 20 5
10.0859 361.77 361.77 2 20 5
10.0859 361.82 361.82 2 20 5
10.0859 361.87 361.87 2 20 5
10.0859 361.92 361.92 2 20 5
10.0859 361.97 361.97 2 20 5
10.0859 362.02 362.02 2 20 5
10.0859 362.07 362.07 2 20 5
10.0858 362.12 362.12 2 20 5
10.0859 362.17 362.17 2 20 5
10.0859 362.22 362.22 2 20 5
10.0859 362.27 362.27 2 20 5
10.0859 362.32 362.32 2 20 5
10.0859 362.37 362.37 2 20 5
10.0859 362.42 362.42 2 20 5
10.0859 362.47 362.47 2 20 5
10.0859 362.52 362.52 2 20 5
10.0859 362.57 362.57 2 20 5
10.0858 362.62 362.62 2 20 5
10.0859 362.67 362.67 2 20 5
10.0859 362.72 362.72 2 20 5
10.0859 362.77 362.77 2 20 5
10.0859 362.82 362.82 2 20 5
10.0859 362.87 362.87 2 20 5
10.0859 362.92 362.92 2 20 5
10.0859 362.97 362.97 2 20 5
10.0859 363.02 363.02 2 20 5
10.0858 363.07 363.07 2 20 5
10.086 363.12 363.12 2 20 5
10.086 363.17 363.17 2 20 5
10.0859 363.22 363.22 2 20 5
10.0859 363.27 363.27 2 20 5
10.0858 363.32 363.32 2 20 5
10.0859 363.37 363.37 2 20 5
10.0858 363.42 363.42 2 20 5
10.0859 363.47 363.47 2 20 5
10.0859 363.52 363.52 2 20 5
10.0859 363.57 363.57 2 20 5
10.0859 363.62 363.62 2 20 5
10.0859 363.67 363.67 2 20 5
10.0859 363.72 363.72 2 20 5
10.0859 363.77 363.77 2 20 5
10.0859 363.82 363.82 2 20 5
10.0858 363.87 363.87 2 20 5
10.0856 363.92 363.92 2 20 5
10.0858 363.97 363.97 2 20 5
10.0859 364.02 364.02 2 20 5
10.086 364.07 364.07 2 20 5
10.0859 364.12 364.12 2 20 5
10.0859 364.17 364.17 2 20 5
10.0859 364.22 364.22 2 20 5
10.0859 364.27 364.27 2 20 5
10.0858 364.32 364.32 2 20 5
10.0859 364.37 364.37 2 20 5
10.0859 364.42 364.42 2 20 5
10.0859 364.47 364.47 2 20 5
10.0859 364.52 364.52 2 20 5
10.0859 364.57 364.57 2 20 5
10.0859 364.62 364.62 2 20 5
10.0859 364.67 364.67 2 20 5
10.0859 364.72 364.72 2 20 5
10.0859 364.77 364.77 2 20 5
10.0858 364.82 364.82 2 20 5
10.0861 364.87 364.87 2 20 5
10.086 364.92 364.92 2 20 5
10.0859 364.97 364.97 2 20 5
10.0858 365.02 365.02 2 20 5
10.0871 365.07 365.07 2 20 5
10.0865 365.12 365.12 2 20 5
10.0859 365.17 365.17 2 20 5
10.0856 365.22 365.22 2 20 5
10.0856 365.27 365.27 2 20 5
10.0857 365.32 365.32 2 20 5
10.0859 365.37 365.37 2 20 5
10.086 365.42 365.42 2 20 5
10.086 365.47 365.47 2 20 5
10.0859 365.52 365.52 2 20 5
10.0859 365.57 365.57 2 20 5
10.0859 365.62 365.62 2 20 5
10.0858 365.67 365.67 2 20 5
10.0859 365.72 365.72 2 20 5
10.0859 365.77 365.77 2 20 5
10.0859 365.82 365.82 2 20 5
10.0859 365.87 365.87 2 20 5
10.0859 365.92 365.92 2 20 5
10.0859 365.97 365.97 2 20 5
10.0859 366.02 366.02 2 20 5
10.0859 366.07 366.07 2 20 5
10.0858 366.12 366.12 2 20 5
10.0859 366.17 366.17 2 20 5
10.0859 366.22 366.22 2 20 5
10.0859 366.27 366.27 2 20 5
10.0859 366.32 366.32 2 20 5
10.0859 366.37 366.37 2 20 5
10.0858 366.42 366.42 2 20 5
10.0861 366.47 366.47 2 20 5
10.086 366.52 366.52 2 20 5
10.0859 366.57 366.57 2 20 5
10.0858 366.62 366.62 2 20 5
10.0856 366.67 366.67 2 20 5
10.0857 366.72 366.72 2 20 5
10.0859 366.77 366.77 2 20 5
10.086 366.82 366.82 2 20 5
10.086 366.87 366.87 2 20 5
10.0859 366.92 366.92 2 20 5
10.0859 366.97 366.97 2 20 5
10.0859 367.02 367.02 2 20 5
10.0858 367.07 367.07 2 20 5
10.0859 367.12 367.12 2 20 5
10.0859 367.17 367.17 2 20 5
10.0859 367.22 367.22 2 20 5
10.0859 367.27 367.27 2 20 5
10.0859 367.32 367.32 2 20 5
10.0859 367.37 367.37 2 20 5
10.0859 367.42 367.42 2 20 5
10.0858 367.47 367.47 2 20 5
10.0857 367.52 367.52 2 20 5
10.0858 367.57 367.57 2 20 5
10.0859 367.62 367.62 2 20 5
10.086 367.67 367.67 2 20 5
10.0859 367.72 367.72 2 20 5
10.0859 367.77 367.77 2 20 5
10.0859 367.82 367.82 2 20 5
10.0859 367.87 367.87 2 20 5
10.0858 367.92 367.92 2 20 5
10.0859 367.97 367.97 2 20 5
10.0859 368.02 368.02 2 20 5
10.0859 368.07 368.07 2 20 5
10.0859 368.12 368.12 2 20 5
10.0859 368.17 368.17 2 20 5
10.0859 368.22 368.22 2 20 5
10.0859 368.27 368.27 2 20 5
10.0859 368.32 368.32 2 20 5
10.0859 368.37 368.37 2 20 5
10.0858 368.42 368.42 2 20 5
10.086 368.47 368.47 2 20 5
10.086 368.52 368.52 2 20 5
10.0859 368.57 368.57 2 20 5
10.0859 368.62 368.62 2 20 5
10.0858 368.67 368.67 2 20 5
10.0859 368.72 368.72 2 20 5
10.0859 368.77 368.77 2 20 5
10.0859 368.82 368.82 2 20 5
10.0859 368.87 368.87 2 20 5
10.0859 368.92 368.92 2 20 5
10.0859 368.97 368.97 2 20 5
10.0858 369.02 369.02 2 20 5
10.0857 369.07 369.07 2 20 5
10.0858 369.12 369.12 2 20 5
10.086 369.17 369.17 2 20 5
10.086 369.22 369.22 2 20 5
10.0859 369.27 369.27 2 20 5
10.0859 369.32 369.32 2 20 5
10.0859 369.37 369.37 2 20 5
10.0858 369.42 369.42 2 20 5
10.0859 369.47 369.47 2 20 5
10.0859 369.52 369.52 2 20 5
10.0859 369.57 369.57 2 20 5
10.0859 369.62 369.62 2 20 5
10.0859 369.67 369.67 2 20 5
10.0859 369.72 369.72 2 20 5
10.0858 369.77 369.77 2 20 5
10.0859 369.82 369.82 2 20 5
10.0859 369.87 369.87 2 20 5
10.0859 369.92 369.92 2 20 5
10.0859 369.97 369.97 2 20 5
10.0859 370.02 370.02 2 20 5
10.0859 370.07 370.07 2 20 5
10.0858 370.12 370.12 2 20 5
10.086 370.17 370.17 2 20 5
10.0859 370.22 370.22 2 20 5
10.0859 370.27 370.27 2 20 5
10.0859 370.32 370.32 2 20 5
10.0858 370.37 370.37 2 20 5
10.0856 370.42 370.42 2 20 5
10.0857 370.47 370.47 2 20 5
10.0859 370.52 370.52 2 20 5
10.086 370.57 370.57 2 20 5
10.086 370.62 370.62 2 20 5
10.0859 370.67 370.67 2 20 5
10.0859 370.72 370.72 2 20 5
10.0859 370.77 370.77 2 20 5
10.0858 370.82 370.82 2 20 5
10.0859 370.87 370.87 2 20 5
10.0859 370.92 370.92 2 20 5
10.0859 370.97 370.97 2 20 5
10.0859 371.02 371.02 2 20 5
10.0859 371.07 371.07 2 20 5
10.0859 371.12 371.12 2 20 5
10.0859 371.17 371.17 2 20 5
10.0859 371.22 371.22 2 20 5
10.0859 371.27 371.27 2 20 5
10.0858 371.32 371.32 2 20 5
10.086 371.37 371.37 2 20 5
10.086 371.42 371.42 2 20 5
10.0859 371.47 371.47 2 20 5
10.0859 371.52 371.52 2 20 5
10.0858 371.57 371.57 2 20 5
10.0857 371.62 371.62 2 20 5
10.0858 371.67 371.67 2 20 5
10.0859 371.72 371.72 2 20 5
10.086 371.77 371.77 2 20 5
10.0859 371.82 371.82 2 20 5
10.0859 371.87 371.87 2 20 5
10.0859 371.92 371.92 2 20 5
10.0859 371.97 371.97 2 20 5
10.0858 372.02 372.02 2 20 5
10.0859 372.07 372.07 2 20 5
10.0859 372.12 372.12 2 20 5
10.0859 372.17 372.17 2 20 5
10.0859 372.22 372.22 2 20 5
10.0859 372.27 372.27 2 20 5
10.0859 372.32 372.32 2 20 5
10.0859 372.37 372.37 2 20 5
10.0859 372.42 372.42 2 20 5
10.0858 372.47 372.47 2 20 5
10.0859 372.52 372.52 2 20 5
10.0859 372.57 372.57 2 20 5
10.0859 372.62 372.62 2 20 5
10.0859 372.67 372.67 2 20 5
10.0859 372.72 372.72 2 20 5
10.0859 372.77 372.77 2 20 5
10.0859 372.82 372.82 2 20 5
10.0859 372.87 372.87 2 20 5
10.0859 372.92 372.92 2 20 5
10.0858 372.97 372.97 2 20 5
10.0859 373.02 373.02 2 20 5
10.0859 373.07 373.07 2 20 5
10.0859 373.12 373.12 2 20 5
10.0859 373.17 373.17 2 20 5
10.0859 373.22 373.22 2 20 5
10.0859 373.27 373.27 2 20 5
10.0858 373.32 373.32 2 20 5
10.0857 373.37 373.37 2 20 5
10.0858 373.42 373.42 2 20 5
10.0859 373.47 373.47 2 20 5
10.086 373.52 373.52 2 20 5
10.0859 373.57 373.57 2 20 5
10.0859 373.62 373.62 2 20 5
10.0859 373.67 373.67 2 20 5
10.0859 373.72 373.72 2 20 5
10.0858 373.77 373.77 2 20 5
10.0859 373.82 373.82 2 20 5
10.0859 373.87 373.87 2 20 5
10.0859 373.92 373.92 2 20 5
10.0859 373.97 373.97 2 20 5
10.0859 374.02 374.02 2 20 5
10.0859 374.07 374.07 2 20 5
10.0859 374.12 374.12 2 20 5
10.0859 374.17 374.17 2 20 5
10.0859 374.22 374.22 2 20 5
10.0858 374.27 374.27 2 20 5
10.0859 374.32 374.32 2 20 5
10.0859 374.37 374.37 2 20 5
10.0859 374.42 374.42 2 20 5
10.0859 374.47 374.47 2 20 5
10.0859 374.52 374.52 2 20 5
10.0859 374.57 374.57 2 20 5
10.0858 374.62 374.62 2 20 5
10.0859 374.67 374.67 2 20 5
10.0859 374.72 374.72 2 20 5
10.0859 374.77 374.77 2 20 5
10.0859 374.82 374.82 2 20 5
10.0859 374.87 374.87 2 20 5
10.0859 374.92 374.92 2 20 5
10.0858 374.97 374.97 2 20 5
10.0859 375.02 375.02 2 20 5
10.0859 375.07 375.07 2 20 5
10.0859 375.12 375.12 2 20 5
10.0859 375.17 375.17 2 20 5
10.0859 375.22 375.22 2 20 5
10.0859 375.27 375.27 2 20 5
10.0859 375.32 375.32 2 20 5
10.0858 375.37 375.37 2 20 5
10.086 375.42 375.42 2 20 5
10.086 375.47 375.47 2 20 5
10.0859 375.52 375.52 2 20 5
10.0859 375.57 375.57 2 20 5
10.0858 375.62 375.62 2 20 5
10.0859 375.67 375.67 2 20 5
10.0859 375.72 375.72 2 20 5
10.0859 375.77 375.77 2 20 5
10.0859 375.82 375.82 2 20 5
10.0859 375.87 375.87 2 20 5
10.0858 375.92 375.92 2 20 5
10.0862 375.97 375.97 2 20 5
10.0861 376.02 376.02 2 20 5
10.0859 376.07 376.07 2 20 5
10.0858 376.12 376.12 2 20 5
10.0858 376.17 376.17 2 20 5
10.0859 376.22 376.22 2 20 5
10.0859 376.27 376.27 2 20 5
10.0859 376.32 376.32 2 20 5
10.0859 376.37 376.37 2 20 5
10.0859 376.42 376.42 2 20 5
10.0859 376.47 376.47 2 20 5
10.0858 376.52 376.52 2 20 5
10.0859 376.57 376.57 2 20 5
10.0859 376.62 376.62 2 20 5
10.0859 376.67 376.67 2 20 5
10.0859 376.72 376.72 2 20 5
10.0859 376.77 376.77 2 20 5
10.0858 376.82 376.82 2 20 5
10.0857 376.87 376.87 2 20 5
10.0858 376.92 376.92 2 20 5
10.0859 376.97 376.97 2 20 5
10.086 377.02 377.02 2 20 5
10.0859 377.07 377.07 2 20 5
10.0859 377.12 377.12 2 20 5
10.0859 377.17 377.17 2 20 5
10.0859 377.22 377.22 2 20 5
10.0858 377.27 377.27 2 20 5
10.0859 377.32 377.32 2 20 5
10.0859 377.37 377.37 2 20 5
10.0859 377.42 377.42 2 20 5
10.0859 377.47 377.47 2 20 5
10.0859 377.52 377.52 2 20 5
10.0859 377.57 377.57 2 20 5
10.0859 377.62 377.62 2 20 5
10.0859 377.67 377.67 2 20 5
10.0859 377.72 377.72 2 20 5
10.0858 377.77 377.77 2 20 5
10.086 377.82 377.82 2 20 5
10.0859 377.87 377.87 2 20 5
10.0859 377.92 377.92 2 20 5
10.0859 377.97 377.97 2 20 5
10.0859 378.02 378.02 2 20 5
10.0858 378.07 378.07 2 20 5
10.086 378.12 378.12 2 20 5
10.0859 378.17 378.17 2 20 5
10.0859 378.22 378.22 2 20 5
10.0859 378.27 378.27 2 20 5
10.0859 378.32 378.32 2 20 5
10.0858 378.37 378.37 2 20 5
10.0859 378.42 378.42 2 20 5
10.0859 378.47 378.47 2 20 5
10.0859 378.52 378.52 2 20 5
10.0859 378.57 378.57 2 20 5
10.0859 378.62 378.62 2 20 5
10.0859 378.67 378.67 2 20 5
10.0859 378.72 378.72 2 20 5
10.0859 378.77 378.77 2 20 5
10.0859 378.82 378.82 2 20 5
10.0858 378.87 378.87 2 20 5
10.086 378.92 378.92 2 20 5
10.086 378.97 378.97 2 20 5
10.0859 379.02 379.02 2 20 5
10.0859 379.07 379.07 2 20 5
10.0858 379.12 379.12 2 20 5
10.0857 379.17 379.17 2 20 5
10.0858 379.22 379.22 2 20 5
10.0861 379.27 379.27 2 20 5
10.086 379.32 379.32 2 20 5
10.0859 379.37 379.37 2 20 5
10.0859 379.42 379.42 2 20 5
10.0858 379.47 379.47 2 20 5
10.0859 379.52 379.52 2 20 5
10.0859 379.57 379.57 2 20 5
10.0859 379.62 379.62 2 20 5
10.0859 379.67 379.67 2 20 5
10.0859 379.72 379.72 2 20 5
10.0859 379.77 379.77 2 20 5
10.0859 379.82 379.82 2 20 5
10.0859 379.87 379.87 2 20 5
10.0859 379.92 379.92 2 20 5
10.0859 379.97 379.97 2 20 5
10.0858 380.02 380.02 2 20 5
10.0859 380.07 380.07 2 20 5
10.0859 380.12 380.12 2 20 5
10.0859 380.17 380.17 2 20 5
10.0859 380.22 380.22 2 20 5
10.0859 380.27 380.27 2 20 5
10.0859 380.32 380.32 2 20 5
10.0859 380.37 380.37 2 20 5
10.0859 380.42 380.42 2 20 5
10.0858 380.47 380.47 2 20 5
10.0859 380.52 380.52 2 20 5
10.0859 380.57 380.57 2 20 5
10.0859 380.62 380.62 2 20 5
10.0859 380.67 380.67 2 20 5
10.0859 380.72 380.72 2 20 5
10.0859 380.77 380.77 2 20 5
10.0858 380.82 380.82 2 20 5
10.0857 380.87 380.87 2 20 5
10.0858 380.92 380.92 2 20 5
10.0859 380.97 380.97 2 20 5
10.086 381.02 381.02 2 20 5
10.0859 381.07 381.07 2 20 5
10.0859 381.12 381.12 2 20 5
10.0859 381.17 381.17 2 20 5
10.0858 381.22 381.22 2 20 5
10.0857 381.27 381.27 2 20 5
10.0858 381.32 381.32 2 20 5
10.0861 381.37 381.37 2 20 5
10.086 381.42 381.42 2 20 5
10.0859 381.47 381.47 2 20 5
10.0859 381.52 381.52 2 20 5
10.0858 381.57 381.57 2 20 5
10.0859 381.62 381.62 2 20 5
10.0859 381.67 381.67 2 20 5
10.0858 381.72 381.72 2 20 5
10.0845 381.77 381.77 2 20 5
10.0852 381.82 381.82 2 20 5
10.0859 381.87 381.87 2 20 5
10.0863 381.92 381.92 2 20 5
10.0862 381.97 381.97 2 20 5
10.0861 382.02 382.02 2 20 5
10.0859 382.07 382.07 2 20 5
10.0858 382.12 382.12 2 20 5
10.0858 382.17 382.17 2 20 5
10.0859 382.22 382.22 2 20 5
10.0859 382.27 382.27 2 20 5
10.0859 382.32 382.32 2 20 5
10.0859 382.37 382.37 2 20 5
10.0859 382.42 382.42 2 20 5
10.0859 382.47 382.47 2 20 5
10.0859 382.52 382.52 2 20 5
10.0859 382.57 382.57 2 20 5
10.0858 382.62 382.62 2 20 5
10.0859 382.67 382.67 2 20 5
10.0859 382.72 382.72 2 20 5
10.0859 382.77 382.77 2 20 5
10.0859 382.82 382.82 2 20 5
10.0859 382.87 382.87 2 20 5
10.0859 382.92 382.92 2 20 5
10.0858 382.97 382.97 2 20 5
10.0858 383.02 383.02 2 20 5
10.0859 383.07 383.07 2 20 5
10.0859 383.12 383.12 2 20 5
10.0859 383.17 383.17 2 20 5
10.0859 383.22 383.22 2 20 5
10.0859 383.27 383.27 2 20 5
10.0859 383.32 383.32 2 20 5
10.0859 383.37 383.37 2 20 5
10.0859 383.42 383.42 2 20 5
10.0859 383.47 383.47 2 20 5
10.0858 383.52 383.52 2 20 5
10.0859 383.57 383.57 2 20 5
10.0859 383.62 383.62 2 20 5
10.0859 383.67 383.67 2 20 5
10.0859 383.72 383.72 2 20 5
10.0859 383.77 383.77 2 20 5
10.0858 383.82 383.82 2 20 5
10.0876 383.87 383.87 2 20 5
10.0868 383.92 383.92 2 20 5
10.0859 383.97 383.97 2 20 5
10.0855 384.02 384.02 2 20 5
10.0855 384.07 384.07 2 20 5
10.0857 384.12 384.12 2 20 5
10.0859 384.17 384.17 2 20 5
10.086 384.22 384.22 2 20 5
10.086 384.27 384.27 2 20 5
10.0859 384.32 384.32 2 20 5
10.0859 384.37 384.37 2 20 5
10.0859 384.42 384.42 2 20 5
10.0858 384.47 384.47 2 20 5
10.0859 384.52 384.52 2 20 5
10.0859 384.57 384.57 2 20 5
10.0859 384.62 384.62 2 20 5
10.0859 384.67 384.67 2 20 5
10.0859 384.72 384.72 2 20 5
10.0859 384.77 384.77 2 20 5
10.0859 384.82 384.82 2 20 5
10.0859 384.87 384.87 2 20 5
10.0859 384.92 384.92 2 20 5
10.0858 384.97 384.97 2 20 5
10.0866 385.02 385.02 2 20 5
10.0863 385.07 385.07 2 20 5
10.0859 385.12 385.12 2 20 5
10.0857 385.17 385.17 2 20 5
10.0857 385.22 385.22 2 20 5
10.0858 385.27 385.27 2 20 5
10.0859 385.32 385.32 2 20 5
10.086 385.37 385.37 2 20 5
10.0859 385.42 385.42 2 20 5
10.0859 385.47 385.47 2 20 5
10.0859 385.52 385.52 2 20 5
10.0859 385.57 385.57 2 20 5
10.0858 385.62 385.62 2 20 5
10.0859 385.67 385.67 2 20 5
10.0859 385.72 385.72 2 20 5
10.0859 385.77 385.77 2 20 5
10.0859 385.82 385.82 2 20 5
10.0859 385.87 385.87 2 20 5
10.0859 385.92 385.92 2 20 5
10.0859 385.97 385.97 2 20 5
10.0859 386.02 386.02 2 20 5
10.0858 386.07 386.07 2 20 5
10.0858 386.12 386.12 2 20 5
10.0859 386.17 386.17 2 20 5
10.0859 386.22 386.22 2 20 5
10.0859 386.27 386.27 2 20 5
10.0859 386.32 386.32 2 20 5
10.0859 386.37 386.37 2 20 5
10.0859 386.42 386.42 2 20 5
10.0859 386.47 386.47 2 20 5
10.0859 386.52 386.52 2 20 5
10.0858 386.57 386.57 2 20 5
10.0862 386.62 386.62 2 20 5
10.0861 386.67 386.67 2 20 5
10.0859 386.72 386.72 2 20 5
10.0858 386.77 386.77 2 20 5
10.0859 386.82 386.82 2 20 5
10.0859 386.87 386.87 2 20 5
10.0859 386.92 386.92 2 20 5
10.0859 386.97 386.97 2 20 5
10.0871 387.02 387.02 2 20 5
10.0871 387.07 387.07 2 20 5
10.0865 387.12 387.12 2 20 5
10.0859 387.17 387.17 2 20 5
10.0856 387.22 387.22 2 20 5
10.0856 387.27 387.27 2 20 5
10.0857 387.32 387.32 2 20 5
10.0859 387.37 387.37 2 20 5
10.086 387.42 387.42 2 20 5
10.086 387.47 387.47 2 20 5
10.0859 387.52 387.52 2 20 5
10.0859 387.57 387.57 2 20 5
10.0859 387.62 387.62 2 20 5
10.0858 387.67 387.67 2 20 5
10.086 387.72 387.72 2 20 5
10.0859 387.77 387.77 2 20 5
10.0859 387.82 387.82 2 20 5
10.0859 387.87 387.87 2 20 5
10.0859 387.92 387.92 2 20 5
10.0858 387.97 387.97 2 20 5
10.0859 388.02 388.02 2 20 5
10.0859 388.07 388.07 2 20 5
10.0859 388.12 388.12 2 20 5
10.0859 388.17 388.17 2 20 5
10.0859 388.22 388.22 2 20 5
10.0859 388.27 388.27 2 20 5
10.0859 388.32 388.32 2 20 5
10.0859 388.37 388.37 2 20 5
10.0858 388.42 388.42 2 20 5
10.0857 388.47 388.47 2 20 5
10.0859 388.52 388.52 2 20 5
10.0859 388.57 388.57 2 20 5
10.0858 388.62 388.62 2 20 5
10.086 388.67 388.67 2 20 5
10.086 388.72 388.72 2 20 5
10.0859 388.77 388.77 2 20 5
10.0859 388.82 388.82 2 20 5
10.0859 388.87 388.87 2 20 5
10.0858 388.92 388.92 2 20 5
10.0859 388.97 388.97 2 20 5
10.0859 389.02 389.02 2 20 5
10.0859 389.07 389.07 2 20 5
10.0859 389.12 389.12 2 20 5
10.0859 389.17 389.17 2 20 5
10.0859 389.22 389.22 2 20 5
10.0859 389.27 389.27 2 20 5
10.0859 389.32 389.32 2 20 5
10.0859 389.37 389.37 2 20 5
10.0858 389.42 389.42 2 20 5
10.0856 389.47 389.47 2 20 5
10.0858 389.52 389.52 2 20 5
10.0859 389.57 389.57 2 20 5
10.086 389.62 389.62 2 20 5
10.086 389.67 389.67 2 20 5
10.0859 389.72 389.72 2 20 5
10.0859 389.77 389.77 2 20 5
10.0858 389.82 389.82 2 20 5
10.0858 389.87 389.87 2 20 5
10.0859 389.92 389.92 2 20 5
10.0859 389.97 389.97 2 20 5
10.0859 390.02 390.02 2 20 5
10.0859 390.07 390.07 2 20 5
10.0859 390.12 390.12 2 20 5
10.0859 390.17 390.17 2 20 5
10.0859 390.22 390.22 2 20 5
10.0859 390.27 390.27 2 20 5
10.0859 390.32 390.32 2 20 5
10.0858 390.37 390.37 2 20 5
10.0858 390.42 390.42 2 20 5
10.0859 390.47 390.47 2 20 5
10.0859 390.52 390.52 2 20 5
10.0859 390.57 390.57 2 20 5
10.0859 390.62 390.62 2 20 5
10.0859 390.67 390.67 2 20 5
10.0859 390.72 390.72 2 20 5
10.0859 390.77 390.77 2 20 5
10.0859 390.82 390.82 2 20 5
10.0858 390.87 390.87 2 20 5
10.086 390.92 390.92 2 20 5
10.086 390.97 390.97 2 20 5
10.0859 391.02 391.02 2 20 5
10.0859 391.07 391.07 2 20 5
10.0858 391.12 391.12 2 20 5
10.0858 391.17 391.17 2 20 5
10.0859 391.22 391.22 2 20 5
10.0859 391.27 391.27 2 20 5
10.0859 391.32 391.32 2 20 5
10.0859 391.37 391.37 2 20 5
10.0859 391.42 391.42 2 20 5
10.0859 391.47 391.47 2 20 5
10.0859 391.52 391.52 2 20 5
10.0859 391.57 391.57 2 20 5
10.0859 391.62 391.62 2 20 5
10.0858 391.67 391.67 2 20 5
10.0855 391.72 391.72 2 20 5
10.0857 391.77 391.77 2 20 5
10.0859 391.82 391.82 2 20 5
10.086 391.87 391.87 2 20 5
10.086 391.92 391.92 2 20 5
10.0859 391.97 391.97 2 20 5
10.0859 392.02 392.02 2 20 5
10.0858 392.07 392.07 2 20 5
10.0858 392.12 392.12 2 20 5
10.0859 392.17 392.17 2 20 5
10.0859 392.22 392.22 2 20 5
10.0859 392.27 392.27 2 20 5
10.0859 392.32 392.32 2 20 5
10.0859 392.37 392.37 2 20 5
10.0859 392.42 392.42 2 20 5
10.0859 392.47 392.47 2 20 5
10.0859 392.52 392.52 2 20 5
10.0859 392.57 392.57 2 20 5
10.0859 392.62 392.62 2 20 5
10.0859 392.67 392.67 2 20 5
10.0858 392.72 392.72 2 20 5
10.0857 392.77 392.77 2 20 5
10.0858 392.82 392.82 2 20 5
10.086 392.87 392.87 2 20 5
10.086 392.92 392.92 2 20 5
10.0859 392.97 392.97 2 20 5
10.0859 393.02 393.02 2 20 5
10.0859 393.07 393.07 2 20 5
10.0858 393.12 393.12 2 20 5
10.0863 393.17 393.17 2 20 5
10.0861 393.22 393.22 2 20 5
10.0859 393.27 393.27 2 20 5
10.0858 393.32 393.32 2 20 5
10.0858 393.37 393.37 2 20 5
10.0859 393.42 393.42 2 20 5
10.0859 393.47 393.47 2 20 5
10.0859 393.52 393.52 2 20 5
10.0859 393.57 393.57 2 20 5
10.0859 393.62 393.62 2 20 5
10.0859 393.67 393.67 2 20 5
10.0859 393.72 393.72 2 20 5
10.0859 393.77 393.77 2 20 5
10.0858 393.82 393.82 2 20 5
10.0853 393.87 393.87 2 20 5
10.0856 393.92 393.92 2 20 5
10.0859 393.97 393.97 2 20 5
10.086 394.02 394.02 2 20 5
10.086 394.07 394.07 2 20 5
10.086 394.12 394.12 2 20 5
10.0859 394.17 394.17 2 20 5
10.0858 394.22 394.22 2 20 5
10.0855 394.27 394.27 2 20 5
10.0857 394.32 394.32 2 20 5
10.0859 394.37 394.37 2 20 5
10.086 394.42 394.42 2 20 5
10.086 394.47 394.47 2 20 5
10.0859 394.52 394.52 2 20 5
10.0859 394.57 394.57 2 20 5
10.0859 394.62 394.62 2 20 5
10.0858 394.67 394.67 2 20 5
10.0859 394.72 394.72 2 20 5
10.0859 394.77 394.77 2 20 5
10.0859 394.82 394.82 2 20 5
10.0859 394.87 394.87 2 20 5
10.0859 394.92 394.92 2 20 5
10.0859 394.97 394.97 2 20 5
10.0859 395.02 395.02 2 20 5
10.0859 395.07 395.07 2 20 5
10.0859 395.12 395.12 2 20 5
10.0858 395.17 395.17 2 20 5
10.086 395.22 395.22 2 20 5
10.086 395.27 395.27 2 20 5
10.0859 395.32 395.32 2 20 5
10.0859 395.37 395.37 2 20 5
10.0859 395.42 395.42 2 20 5
10.0858 395.47 395.47 2 20 5
10.0859 395.52 395.52 2 20 5
10.0859 395.57 395.57 2 20 5
10.0859 395.62 395.62 2 20 5
10.0859 395.67 395.67 2 20 5
10.0859 395.72 395.72 2 20 5
10.0859 395.77 395.77 2 20 5
10.0859 395.82 395.82 2 20 5
10.0858 395.87 395.87 2 20 5
10.0858 395.92 395.92 2 20 5
10.0859 395.97 395.97 2 20 5
10.0859 396.02 396.02 2 20 5
10.0859 396.07 396.07 2 20 5
10.0859 396.12 396.12 2 20 5
10.0859 396.17 396.17 2 20 5
10.0859 396.22 396.22 2 20 5
10.0859 396.27 396.27 2 20 5
10.0873 396.32 396.32 2 20 5
10.0873 396.37 396.37 2 20 5
10.0866 396.42 396.42 2 20 5
10.0859 396.47 396.47 2 20 5
10.0856 396.52 396.52 2 20 5
10.0856 396.57 396.57 2 20 5
10.0857 396.62 396.62 2 20 5
10.0859 396.67 396.67 2 20 5
10.086 396.72 396.72 2 20 5
10.086 396.77 396.77 2 20 5
10.0859 396.82 396.82 2 20 5
10.0859 396.87 396.87 2 20 5
10.0859 396.92 396.92 2 20 5
10.0858 396.97 396.97 2 20 5
10.086 397.02 397.02 2 20 5
10.0859 397.07 397.07 2 20 5
10.0859 397.12 397.12 2 20 5
10.0859 397.17 397.17 2 20 5
10.0859 397.22 397.22 2 20 5
10.0858 397.27 397.27 2 20 5
10.086 397.32 397.32 2 20 5
10.086 397.37 397.37 2 20 5
10.0859 397.42 397.42 2 20 5
10.0859 397.47 397.47 2 20 5
10.0859 397.52 397.52 2 20 5
10.0858 397.57 397.57 2 20 5
10.0859 397.62 397.62 2 20 5
10.0859 397.67 397.67 2 20 5
10.0859 397.72 397.72 2 20 5
10.0859 397.77 397.77 2 20 5
10.0859 397.82 397.82 2 20 5
10.0859 397.87 397.87 2 20 5
10.0858 397.92 397.92 2 20 5
10.0859 397.97 397.97 2 20 5
10.0859 398.02 398.02 2 20 5
10.0859 398.07 398.07 2 20 5
10.0859 398.12 398.12 2 20 5
10.0859 398.17 398.17 2 20 5
10.0858 398.22 398.22 2 20 5
10.0858 398.27 398.27 2 20 5
10.0859 398.32 398.32 2 20 5
10.0859 398.37 398.37 2 20 5
10.0859 398.42 398.42 2 20 5
10.0859 398.47 398.47 2 20 5
10.0859 398.52 398.52 2 20 5
10.0859 398.57 398.57 2 20 5
10.0859 398.62 398.62 2 20 5
10.0859 398.67 398.67 2 20 5
10.0858 398.72 398.72 2 20 5
10.086 398.77 398.77 2 20 5
10.0859 398.82 398.82 2 20 5
10.0859 398.87 398.87 2 20 5
10.0859 398.92 398.92 2 20 5
10.0859 398.97 398.97 2 20 5
10.0858 399.02 399.02 2 20 5
10.0857 399.07 399.07 2 20 5
10.0858 399.12 399.12 2 20 5
10.0869 399.17 399.17 2 20 5
10.0865 399.22 399.22 2 20 5
10.0859 399.27 399.27 2 20 5
10.0857 399.32 399.32 2 20 5
10.0856 399.37 399.37 2 20 5
10.0858 399.42 399.42 2 20 5
10.0859 399.47 399.47 2 20 5
10.086 399.52 399.52 2 20 5
10.086 399.57 399.57 2 20 5
10.0859 399.62 399.62 2 20 5
10.0859 399.67 399.67 2 20 5
10.0859 399.72 399.72 2 20 5
10.0858 399.77 399.77 2 20 5
10.0854 399.82 399.82 2 20 5
10.0857 399.87 399.87 2 20 5
10.0859 399.92 399.92 2 20 5
10.086 399.97 399.97 2 20 5
10.086 400.02 400.02 2 20 5
10.086 400.07 400.07 2 20 5
10.0859 400.12 400.12 2 20 5
10.0858 400.17 400.17 2 20 5
10.0857 400.22 400.22 2 20 5
10.0858 400.27 400.27 2 20 5
10.0856 400.32 400.32 2 20 5
10.0858 400.37 400.37 2 20 5
10.086 400.42 400.42 2 20 5
10.086 400.47 400.47 2 20 5
10.086 400.52 400.52 2 20 5
10.0859 400.57 400.57 2 20 5
10.0859 400.62 400.62 2 20 5
10.0858 400.67 400.67 2 20 5
10.0861 400.72 400.72 2 20 5
10.086 400.77 400.77 2 20 5
10.0859 400.82 400.82 2 20 5
10.0858 400.87 400.87 2 20 5
10.085 400.92 400.92 2 20 5
10.0855 400.97 400.97 2 20 5
10.0859 401.02 401.02 2 20 5
10.0861 401.07 401.07 2 20 5
10.0861 401.12 401.12 2 20 5
10.086 401.17 401.17 2 20 5
10.0859 401.22 401.22 2 20 5
10.0858 401.27 401.27 2 20 5
10.0861 401.32 401.32 2 20 5
10.086 401.37 401.37 2 20 5
10.0859 401.42 401.42 2 20 5
10.0858 401.47 401.47 2 20 5
10.0856 401.52 401.52 2 20 5
10.0857 401.57 401.57 2 20 5
10.0859 401.62 401.62 2 20 5
10.086 401.67 401.67 2 20 5
10.086 401.72 401.72 2 20 5
10.0859 401.77 401.77 2 20 5
10.0859 401.82 401.82 2 20 5
10.0859 401.87 401.87 2 20 5
10.0858 401.92 401.92 2 20 5
10.0859 401.97 401.97 2 20 5
10.0859 402.02 402.02 2 20 5
10.0859 402.07 402.07 2 20 5
10.0859 402.12 402.12 2 20 5
10.0859 402.17 402.17 2 20 5
10.0858 402.22 402.22 2 20 5
10.0858 402.27 402.27 2 20 5
10.0859 402.32 402.32 2 20 5
10.0859 402.37 402.37 2 20 5
10.0859 402.42 402.42 2 20 5
10.0859 402.47 402.47 2 20 5
10.0859 402.52 402.52 2 20 5
10.0859 402.57 402.57 2 20 5
10.0859 402.62 402.62 2 20 5
10.0858 402.67 402.67 2 20 5
10.0862 402.72 402.72 2 20 5
10.0861 402.77 402.77 2 20 5
10.0859 402.82 402.82 2 20 5
10.0872 402.87 402.87 2 20 5
10.0872 402.92 402.92 2 20 5
10.0866 402.97 402.97 2 20 5
10.0859 403.02 403.02 2 20 5
10.0855 403.07 403.07 2 20 5
10.0856 403.12 403.12 2 20 5
10.0857 403.17 403.17 2 20 5
10.0859 403.22 403.22 2 20 5
10.086 403.27 403.27 2 20 5
10.086 403.32 403.32 2 20 5
10.0859 403.37 403.37 2 20 5
10.0859 403.42 403.42 2 20 5
10.0859 403.47 403.47 2 20 5
10.0858 403.52 403.52 2 20 5
10.0859 403.57 403.57 2 20 5
10.0859 403.62 403.62 2 20 5
10.0859 403.67 403.67 2 20 5
10.0859 403.72 403.72 2 20 5
10.0859 403.77 403.77 2 20 5
10.0858 403.82 403.82 2 20 5
10.0858 403.87 403.87 2 20 5
10.0859 403.92 403.92 2 20 5
10.0859 403.97 403.97 2 20 5
10.0859 404.02 404.02 2 20 5
10.0859 404.07 404.07 2 20 5
10.0859 404.12 404.12 2 20 5
10.0859 404.17 404.17 2 20 5
10.0859 404.22 404.22 2 20 5
10.0858 404.27 404.27 2 20 5
10.0842 404.32 404.32 2 20 5
10.0851 404.37 404.37 2 20 5
10.0859 404.42 404.42 2 20 5
10.0863 404.47 404.47 2 20 5
10.0863 404.52 404.52 2 20 5
10.0861 404.57 404.57 2 20 5
10.0859 404.62 404.62 2 20 5
10.0858 404.67 404.67 2 20 5
10.0858 404.72 404.72 2 20 5
10.0859 404.77 404.77 2 20 5
10.0859 404.82 404.82 2 20 5
10.0859 404.87 404.87 2 20 5
10.0859 404.92 404.92 2 20 5
10.0859 404.97 404.97 2 20 5
10.0859 405.02 405.02 2 20 5
10.0859 405.07 405.07 2 20 5
10.0858 405.12 405.12 2 20 5
10.0859 405.17 405.17 2 20 5
10.0859 405.22 405.22 2 20 5
10.0859 405.27 405.27 2 20 5
10.0859 405.32 405.32 2 20 5
10.0859 405.37 405.37 2 20 5
10.0859 405.42 405.42 2 20 5
10.0858 405.47 405.47 2 20 5
10.0862 405.52 405.52 2 20 5
10.0861 405.57 405.57 2 20 5
10.0859 405.62 405.62 2 20 5
10.0858 405.67 405.67 2 20 5
10.0862 405.72 405.72 2 20 5
10.0861 405.77 405.77 2 20 5
10.0859 405.82 405.82 2 20 5
10.0858 405.87 405.87 2 20 5
10.0859 405.92 405.92 2 20 5
10.0858 405.97 405.97 2 20 5
10.0852 406.02 406.02 2 20 5
10.0856 406.07 406.07 2 20 5
10.0859 406.12 406.12 2 20 5
10.0861 406.17 406.17 2 20 5
10.0861 406.22 406.22 2 20 5
10.086 406.27 406.27 2 20 5
10.0859 406.32 406.32 2 20 5
10.0858 406.37 406.37 2 20 5
10.0876 406.42 406.42 2 20 5
10.0867 406.47 406.47 2 20 5
10.0859 406.52 406.52 2 20 5
10.0855 406.57 406.57 2 20 5
10.0855 406.62 406.62 2 20 5
10.0857 406.67 406.67 2 20 5
10.0859 406.72 406.72 2 20 5
10.086 406.77 406.77 2 20 5
10.086 406.82 406.82 2 20 5
10.0859 406.87 406.87 2 20 5
10.0859 406.92 406.92 2 20 5
10.0859 406.97 406.97 2 20 5
10.0858 407.02 407.02 2 20 5
10.0859 407.07 407.07 2 20 5
10.0859 407.12 407.12 2 20 5
10.0859 407.17 407.17 2 20 5
10.0859 407.22 407.22 2 20 5
10.0859 407.27 407.27 2 20 5
10.0859 407.32 407.32 2 20 5
10.0858 407.37 407.37 2 20 5
10.0858 407.42 407.42 2 20 5
10.0859 407.47 407.47 2 20 5
10.0859 407.52 407.52 2 20 5
10.0859 407.57 407.57 2 20 5
10.0859 407.62 407.62 2 20 5
10.0859 407.67 407.67 2 20 5
10.0859 407.72 407.72 2 20 5
10.0859 407.77 407.77 2 20 5
10.0858 407.82 407.82 2 20 5
10.0858 407.87 407.87 2 20 5
10.0859 407.92 407.92 2 20 5
10.0859 407.97 407.97 2 20 5
10.0859 408.02 408.02 2 20 5
10.0859 408.07 408.07 2 20 5
10.0859 408.12 408.12 2 20 5
10.0859 408.17 408.17 2 20 5
10.0848 408.22 408.22 2 20 5
10.0848 408.27 408.27 2 20 5
10.0854 408.32 408.32 2 20 5
10.0859 408.37 408.37 2 20 5
10.0862 408.42 408.42 2 20 5
10.0862 408.47 408.47 2 20 5
10.086 408.52 408.52 2 20 5
10.0859 408.57 408.57 2 20 5
10.0858 408.62 408.62 2 20 5
10.0859 408.67 408.67 2 20 5
10.0859 408.72 408.72 2 20 5
10.0859 408.77 408.77 2 20 5
10.0859 408.82 408.82 2 20 5
10.0859 408.87 408.87 2 20 5
10.0859 408.92 408.92 2 20 5
10.0858 408.97 408.97 2 20 5
10.0858 409.02 409.02 2 20 5
10.0859 409.07 409.07 2 20 5
10.0859 409.12 409.12 2 20 5
10.0859 409.17 409.17 2 20 5
10.0859 409.22 409.22 2 20 5
10.0859 409.27 409.27 2 20 5
10.0859 409.32 409.32 2 20 5
10.0858 409.37 409.37 2 20 5
10.0858 409.42 409.42 2 20 5
10.0859 409.47 409.47 2 20 5
10.0859 409.52 409.52 2 20 5
10.0859 409.57 409.57 2 20 5
10.0859 409.62 409.62 2 20 5
10.0859 409.67 409.67 2 20 5
10.0859 409.72 409.72 2 20 5
10.0859 409.77 409.77 2 20 5
10.0858 409.82 409.82 2 20 5
10.0862 409.87 409.87 2 20 5
10.0861 409.92 409.92 2 20 5
10.0859 409.97 409.97 2 20 5
10.0858 410.02 410.02 2 20 5
10.0875 410.07 410.07 2 20 5
10.0867 410.12 410.12 2 20 5
10.0859 410.17 410.17 2 20 5
10.0855 410.22 410.22 2 20 5
10.0855 410.27 410.27 2 20 5
10.0857 410.32 410.32 2 20 5
10.0859 410.37 410.37 2 20 5
10.086 410.42 410.42 2 20 5
10.086 410.47 410.47 2 20 5
10.0859 410.52 410.52 2 20 5
10.0859 410.57 410.57 2 20 5
10.0859 410.62 410.62 2 20 5
10.0858 410.67 410.67 2 20 5
10.0859 410.72 410.72 2 20 5
10.0859 410.77 410.77 2 20 5
10.0859 410.82 410.82 2 20 5
10.0859 410.87 410.87 2 20 5
10.0859 410.92 410.92 2 20 5
10.0859 410.97 410.97 2 20 5
10.0858 411.02 411.02 2 20 5
10.0857 411.07 411.07 2 20 5
10.0858 411.12 411.12 2 20 5
10.0871 411.17 411.17 2 20 5
10.0866 411.22 411.22 2 20 5
10.086 411.27 411.27 2 20 5
10.0856 411.32 411.32 2 20 5
10.0856 411.37 411.37 2 20 5
10.0858 411.42 411.42 2 20 5
10.0859 411.47 411.47 2 20 5
10.086 411.52 411.52 2 20 5
10.086 411.57 411.57 2 20 5
10.0859 411.62 411.62 2 20 5
10.0859 411.67 411.67 2 20 5
10.0859 411.72 411.72 2 20 5
10.0858 411.77 411.77 2 20 5
10.0853 411.82 411.82 2 20 5
10.0856 411.87 411.87 2 20 5
10.0859 411.92 411.92 2 20 5
10.0861 411.97 411.97 2 20 5
10.086 412.02 412.02 2 20 5
10.086 412.07 412.07 2 20 5
10.0859 412.12 412.12 2 20 5
10.0858 412.17 412.17 2 20 5
10.0857 412.22 412.22 2 20 5
10.0858 412.27 412.27 2 20 5
10.0851 412.32 412.32 2 20 5
10.0855 412.37 412.37 2 20 5
10.086 412.42 412.42 2 20 5
10.0861 412.47 412.47 2 20 5
10.0861 412.52 412.52 2 20 5
10.086 412.57 412.57 2 20 5
10.0859 412.62 412.62 2 20 5
10.0858 412.67 412.67 2 20 5
10.086 412.72 412.72 2 20 5
10.086 412.77 412.77 2 20 5
10.0859 412.82 412.82 2 20 5
10.0859 412.87 412.87 2 20 5
10.0858 412.92 412.92 2 20 5
10.0856 412.97 412.97 2 20 5
10.0858 413.02 413.02 2 20 5
10.086 413.07 413.07 2 20 5
10.086 413.12 413.12 2 20 5
10.086 413.17 413.17 2 20 5
10.0859 413.22 413.22 2 20 5
10.0859 413.27 413.27 2 20 5
10.0858 413.32 413.32 2 20 5
10.0855 413.37 413.37 2 20 5
10.0857 413.42 413.42 2 20 5
10.0859 413.47 413.47 2 20 5
10.086 413.52 413.52 2 20 5
10.086 413.57 413.57 2 20 5
10.0859 413.62 413.62 2 20 5
10.0859 413.67 413.67 2 20 5
10.0858 413.72 413.72 2 20 5
10.0858 413.77 413.77 2 20 5
10.0859 413.82 413.82 2 20 5
10.0859 413.87 413.87 2 20 5
10.0859 413.92 413.92 2 20 5
10.0859 413.97 413.97 2 20 5
10.0859 414.02 414.02 2 20 5
10.0859 414.07 414.07 2 20 5
10.0859 414.12 414.12 2 20 5
10.0859 414.17 414.17 2 20 5
10.0858 414.22 414.22 2 20 5
10.0857 414.27 414.27 2 20 5
10.0858 414.32 414.32 2 20 5
10.0861 414.37 414.37 2 20 5
10.0861 414.42 414.42 2 20 5
10.086 414.47 414.47 2 20 5
10.0859 414.52 414.52 2 20 5
10.0858 414.57 414.57 2 20 5
10.0859 414.62 414.62 2 20 5
10.0859 414.67 414.67 2 20 5
10.0859 414.72 414.72 2 20 5
10.0859 414.77 414.77 2 20 5
10.0859 414.82 414.82 2 20 5
10.0859 414.87 414.87 2 20 5
10.0859 414.92 414.92 2 20 5
10.0859 414.97 414.97 2 20 5
10.0858 415.02 415.02 2 20 5
10.0856 415.07 415.07 2 20 5
10.0858 415.12 415.12 2 20 5
10.086 415.17 415.17 2 20 5
10.086 415.22 415.22 2 20 5
10.086 415.27 415.27 2 20 5
10.0859 415.32 415.32 2 20 5
10.0859 415.37 415.37 2 20 5
10.0858 415.42 415.42 2 20 5
10.0856 415.47 415.47 2 20 5
10.0858 415.52 415.52 2 20 5
10.086 415.57 415.57 2 20 5
10.086 415.62 415.62 2 20 5
10.086 415.67 415.67 2 20 5
10.0859 415.72 415.72 2 20 5
10.0859 415.77 415.77 2 20 5
10.0858 415.82 415.82 2 20 5
10.0858 415.87 415.87 2 20 5
10.0859 415.92 415.92 2 20 5
10.0859 415.97 415.97 2 20 5
10.0859 416.02 416.02 2 20 5
10.0859 416.07 416.07 2 20 5
10.0859 416.12 416.12 2 20 5
10.0859 416.17 416.17 2 20 5
10.0859 416.22 416.22 2 20 5
10.0858 416.27 416.27 2 20 5
10.0858 416.32 416.32 2 20 5
10.0859 416.37 416.37 2 20 5
10.086 416.42 416.42 2 20 5
10.0859 416.47 416.47 2 20 5
10.0859 416.52 416.52 2 20 5
10.0859 416.57 416.57 2 20 5
10.0859 416.62 416.62 2 20 5
10.0858 416.67 416.67 2 20 5
10.086 416.72 416.72 2 20 5
10.086 416.77 416.77 2 20 5
10.0859 416.82 416.82 2 20 5
10.0859 416.87 416.87 2 20 5
10.0859 416.92 416.92 2 20 5
10.0858 416.97 416.97 2 20 5
10.0857 417.02 417.02 2 20 5
10.087 417.07 417.07 2 20 5
10.0871 417.12 417.12 2 20 5
10.0866 417.17 417.17 2 20 5
10.086 417.22 417.22 2 20 5
10.0856 417.27 417.27 2 20 5
10.0856 417.32 417.32 2 20 5
10.0858 417.37 417.37 2 20 5
10.0859 417.42 417.42 2 20 5
10.086 417.47 417.47 2 20 5
10.086 417.52 417.52 2 20 5
10.0859 417.57 417.57 2 20 5
10.0859 417.62 417.62 2 20 5
10.0859 417.67 417.67 2 20 5
10.0858 417.72 417.72 2 20 5
10.0853 417.77 417.77 2 20 5
10.0856 417.82 417.82 2 20 5
10.0859 417.87 417.87 2 20 5
10.0861 417.92 417.92 2 20 5
10.086 417.97 417.97 2 20 5
10.086 418.02 418.02 2 20 5
10.0859 418.07 418.07 2 20 5
10.0858 418.12 418.12 2 20 5
10.0857 418.17 418.17 2 20 5
10.0871 418.22 418.22 2 20 5
10.0872 418.27 418.27 2 20 5
10.0866 418.32 418.32 2 20 5
10.086 418.37 418.37 2 20 5
10.0856 418.42 418.42 2 20 5
10.0856 418.47 418.47 2 20 5
10.0857 418.52 418.52 2 20 5
10.0859 418.57 418.57 2 20 5
10.086 418.62 418.62 2 20 5
10.086 418.67 418.67 2 20 5
10.0859 418.72 418.72 2 20 5
10.0859 418.77 418.77 2 20 5
10.0859 418.82 418.82 2 20 5
10.084 418.87 418.87 2 20 5
10.0841 418.92 418.92 2 20 5
10.085 418.97 418.97 2 20 5
10.0859 419.02 419.02 2 20 5
10.0864 419.07 419.07 2 20 5
10.0864 419.12 419.12 2 20 5
10.0861 419.17 419.17 2 20 5
10.0859 419.22 419.22 2 20 5
10.0858 419.27 419.27 2 20 5
10.0858 419.32 419.32 2 20 5
10.086 419.37 419.37 2 20 5
10.086 419.42 419.42 2 20 5
10.0859 419.47 419.47 2 20 5
10.0859 419.52 419.52 2 20 5
10.0859 419.57 419.57 2 20 5
10.0858 419.62 419.62 2 20 5
10.0856 419.67 419.67 2 20 5
10.0858 419.72 419.72 2 20 5
10.086 419.77 419.77 2 20 5
10.086 419.82 419.82 2 20 5
10.086 419.87 419.87 2 20 5
10.0859 419.92 419.92 2 20 5
10.0859 419.97 419.97 2 20 5
10.0858 420.02 420.02 2 20 5
10.0857 420.07 420.07 2 20 5
10.0858 420.12 420.12 2 20 5
10.0858 420.17 420.17 2 20 5
10.0858 420.22 420.22 2 20 5
10.0858 420.27 420.27 2 20 5
10.0859 420.32 420.32 2 20 5
10.086 420.37 420.37 2 20 5
10.0859 420.42 420.42 2 20 5
10.0859 420.47 420.47 2 20 5
10.0859 420.52 420.52 2 20 5
10.0859 420.57 420.57 2 20 5
10.0858 420.62 420.62 2 20 5
10.0858 420.67 420.67 2 20 5
10.0859 420.72 420.72 2 20 5
10.0859 420.77 420.77 2 20 5
10.0859 420.82 420.82 2 20 5
10.0859 420.87 420.87 2 20 5
10.0859 420.92 420.92 2 20 5
10.0859 420.97 420.97 2 20 5
10.0859 421.02 421.02 2 20 5
10.0859 421.07 421.07 2 20 5
10.0858 421.12 421.12 2 20 5
10.0862 421.17 421.17 2 20 5
10.0861 421.22 421.22 2 20 5
10.0859 421.27 421.27 2 20 5
10.0858 421.32 421.32 2 20 5
10.0856 421.37 421.37 2 20 5
10.0857 421.42 421.42 2 20 5
10.0859 421.47 421.47 2 20 5
10.086 421.52 421.52 2 20 5
10.086 421.57 421.57 2 20 5
10.0859 421.62 421.62 2 20 5
10.0859 421.67 421.67 2 20 5
10.0859 421.72 421.72 2 20 5
10.0858 421.77 421.77 2 20 5
10.0862 421.82 421.82 2 20 5
10.0861 421.87 421.87 2 20 5
10.0859 421.92 421.92 2 20 5
10.0858 421.97 421.97 2 20 5
10.0856 422.02 422.02 2 20 5
10.0858 422.07 422.07 2 20 5
10.0859 422.12 422.12 2 20 5
10.086 422.17 422.17 2 20 5
10.086 422.22 422.22 2 20 5
10.0859 422.27 422.27 2 20 5
10.0859 422.32 422.32 2 20 5
10.0859 422.37 422.37 2 20 5
10.0858 422.42 422.42 2 20 5
10.086 422.47 422.47 2 20 5
10.086 422.52 422.52 2 20 5
10.0859 422.57 422.57 2 20 5
10.0859 422.62 422.62 2 20 5
10.0858 422.67 422.67 2 20 5
10.0856 422.72 422.72 2 20 5
10.0858 422.77 422.77 2 20 5
10.086 422.82 422.82 2 20 5
10.086 422.87 422.87 2 20 5
10.086 422.92 422.92 2 20 5
10.0859 422.97 422.97 2 20 5
10.0859 423.02 423.02 2 20 5
10.0858 423.07 423.07 2 20 5
10.0858 423.12 423.12 2 20 5
10.0859 423.17 423.17 2 20 5
10.0859 423.22 423.22 2 20 5
10.0859 423.27 423.27 2 20 5
10.0859 423.32 423.32 2 20 5
10.0859 423.37 423.37 2 20 5
10.0859 423.42 423.42 2 20 5
10.0859 423.47 423.47 2 20 5
10.0858 423.52 423.52 2 20 5
10.0858 423.57 423.57 2 20 5
10.086 423.62 423.62 2 20 5
10.086 423.67 423.67 2 20 5
10.0859 423.72 423.72 2 20 5
10.0859 423.77 423.77 2 20 5
10.0859 423.82 423.82 2 20 5
10.0858 423.87 423.87 2 20 5
10.0858 423.92 423.92 2 20 5
10.0859 423.97 423.97 2 20 5
10.0859 424.02 424.02 2 20 5
10.0859 424.07 424.07 2 20 5
10.0859 424.12 424.12 2 20 5
10.0859 424.17 424.17 2 20 5
10.0859 424.22 424.22 2 20 5
10.0858 424.27 424.27 2 20 5
10.0858 424.32 424.32 2 20 5
10.0859 424.37 424.37 2 20 5
10.0859 424.42 424.42 2 20 5
10.0859 424.47 424.47 2 20 5
10.0859 424.52 424.52 2 20 5
10.0859 424.57 424.57 2 20 5
10.0859 424.62 424.62 2 20 5
10.0859 424.67 424.67 2 20 5
10.0858 424.72 424.72 2 20 5
10.0857 424.77 424.77 2 20 5
10.0859 424.82 424.82 2 20 5
10.0859 424.87 424.87 2 20 5
10.0859 424.92 424.92 2 20 5
10.0859 424.97 424.97 2 20 5
10.0859 425.02 425.02 2 20 5
10.0859 425.07 425.07 2 20 5
10.0859 425.12 425.12 2 20 5
10.0859 425.17 425.17 2 20 5
10.0858 425.22 425.22 2 20 5
10.0858 425.27 425.27 2 20 5
10.086 425.32 425.32 2 20 5
10.086 425.37 425.37 2 20 5
10.0859 425.42 425.42 2 20 5
10.0859 425.47 425.47 2 20 5
10.0859 425.52 425.52 2 20 5
10.0858 425.57 425.57 2 20 5
10.086 425.62 425.62 2 20 5
10.086 425.67 425.67 2 20 5
10.0859 425.72 425.72 2 20 5
10.0859 425.77 425.77 2 20 5
10.0859 425.82 425.82 2 20 5
10.0858 425.87 425.87 2 20 5
10.0863 425.92 425.92 2 20 5
10.0861 425.97 425.97 2 20 5
10.0859 426.02 426.02 2 20 5
10.0858 426.07 426.07 2 20 5
10.0861 426.12 426.12 2 20 5
10.086 426.17 426.17 2 20 5
10.0859 426.22 426.22 2 20 5
10.0858 426.27 426.27 2 20 5
10.0858 426.32 426.32 2 20 5
10.0859 426.37 426.37 2 20 5
10.0859 426.42 426.42 2 20 5
10.0859 426.47 426.47 2 20 5
10.0859 426.52 426.52 2 20 5
10.0859 426.57 426.57 2 20 5
10.0859 426.62 426.62 2 20 5
10.0859 426.67 426.67 2 20 5
10.0859 426.72 426.72 2 20 5
10.0859 426.77 426.77 2 20 5
10.0858 426.82 426.82 2 20 5
10.0857 426.87 426.87 2 20 5
10.0859 426.92 426.92 2 20 5
10.0859 426.97 426.97 2 20 5
10.0859 427.02 427.02 2 20 5
10.0859 427.07 427.07 2 20 5
10.0859 427.12 427.12 2 20 5
10.0859 427.17 427.17 2 20 5
10.0859 427.22 427.22 2 20 5
10.0858 427.27 427.27 2 20 5
10.0858 427.32 427.32 2 20 5
10.0861 427.37 427.37 2 20 5
10.086 427.42 427.42 2 20 5
10.0859 427.47 427.47 2 20 5
10.0859 427.52 427.52 2 20 5
10.0858 427.57 427.57 2 20 5
10.0859 427.62 427.62 2 20 5
10.0859 427.67 427.67 2 20 5
10.0859 427.72 427.72 2 20 5
10.0859 427.77 427.77 2 20 5
10.0859 427.82 427.82 2 20 5
10.0859 427.87 427.87 2 20 5
10.0859 427.92 427.92 2 20 5
10.0858 427.97 427.97 2 20 5
10.0858 428.02 428.02 2 20 5
10.0859 428.07 428.07 2 20 5
10.0859 428.12 428.12 2 20 5
10.0859 428.17 428.17 2 20 5
10.0859 428.22 428.22 2 20 5
10.0859 428.27 428.27 2 20 5
10.0859 428.32 428.32 2 20 5
10.0858 428.37 428.37 2 20 5
10.0858 428.42 428.42 2 20 5
10.0861 428.47 428.47 2 20 5
10.086 428.52 428.52 2 20 5
10.0859 428.57 428.57 2 20 5
10.0859 428.62 428.62 2 20 5
10.0858 428.67 428.67 2 20 5
10.0879 428.72 428.72 2 20 5
10.0869 428.77 428.77 2 20 5
10.0859 428.82 428.82 2 20 5
10.0854 428.87 428.87 2 20 5
10.0854 428.92 428.92 2 20 5
10.0857 428.97 428.97 2 20 5
10.0859 429.02 429.02 2 20 5
10.086 429.07 429.07 2 20 5
10.086 429.12 429.12 2 20 5
10.086 429.17 429.17 2 20 5
10.0859 429.22 429.22 2 20 5
10.0859 429.27 429.27 2 20 5
10.0858 429.32 429.32 2 20 5
10.086 429.37 429.37 2 20 5
10.086 429.42 429.42 2 20 5
10.0859 429.47 429.47 2 20 5
10.0859 429.52 429.52 2 20 5
10.0859 429.57 429.57 2 20 5
10.0858 429.62 429.62 2 20 5
10.0858 429.67 429.67 2 20 5
10.0859 429.72 429.72 2 20 5
10.0859 429.77 429.77 2 20 5
10.0859 429.82 429.82 2 20 5
10.0859 429.87 429.87 2 20 5
10.0859 429.92 429.92 2 20 5
10.0859 429.97 429.97 2 20 5
10.0858 430.02 430.02 2 20 5
10.0858 430.07 430.07 2 20 5
10.0859 430.12 430.12 2 20 5
10.0859 430.17 430.17 2 20 5
10.0859 430.22 430.22 2 20 5
10.0859 430.27 430.27 2 20 5
10.0859 430.32 430.32 2 20 5
10.0859 430.37 430.37 2 20 5
10.0859 430.42 430.42 2 20 5
10.0858 430.47 430.47 2 20 5
10.0844 430.52 430.52 2 20 5
10.0852 430.57 430.57 2 20 5
10.0859 430.62 430.62 2 20 5
10.0863 430.67 430.67 2 20 5
10.0863 430.72 430.72 2 20 5
10.0861 430.77 430.77 2 20 5
10.0859 430.82 430.82 2 20 5
10.0858 430.87 430.87 2 20 5
10.0859 430.92 430.92 2 20 5
10.0859 430.97 430.97 2 20 5
10.0858 431.02 431.02 2 20 5
10.0858 431.07 431.07 2 20 5
10.086 431.12 431.12 2 20 5
10.086 431.17 431.17 2 20 5
10.0859 431.22 431.22 2 20 5
10.0859 431.27 431.27 2 20 5
10.0859 431.32 431.32 2 20 5
10.0858 431.37 431.37 2 20 5
10.0858 431.42 431.42 2 20 5
10.086 431.47 431.47 2 20 5
10.086 431.52 431.52 2 20 5
10.0859 431.57 431.57 2 20 5
10.0859 431.62 431.62 2 20 5
10.0859 431.67 431.67 2 20 5
10.0858 431.72 431.72 2 20 5
10.0856 431.77 431.77 2 20 5
10.0858 431.82 431.82 2 20 5
10.086 431.87 431.87 2 20 5
10.086 431.92 431.92 2 20 5
10.086 431.97 431.97 2 20 5
10.0859 432.02 432.02 2 20 5
10.0859 432.07 432.07 2 20 5
10.0858 432.12 432.12 2 20 5
10.0854 432.17 432.17 2 20 5
10.0857 432.22 432.22 2 20 5
10.086 432.27 432.27 2 20 5
10.086 432.32 432.32 2 20 5
10.086 432.37 432.37 2 20 5
10.086 432.42 432.42 2 20 5
10.0859 432.47 432.47 2 20 5
10.0858 432.52 432.52 2 20 5
10.0858 432.57 432.57 2 20 5
10.0859 432.62 432.62 2 20 5
10.0859 432.67 432.67 2 20 5
10.0859 432.72 432.72 2 20 5
10.0859 432.77 432.77 2 20 5
10.0859 432.82 432.82 2 20 5
10.0859 432.87 432.87 2 20 5
10.0859 432.92 432.92 2 20 5
10.0859 432.97 432.97 2 20 5
10.0858 433.02 433.02 2 20 5
10.0848 433.07 433.07 2 20 5
10.0859 433.12 433.12 2 20 5
10.0865 433.17 433.17 2 20 5
10.0865 433.22 433.22 2 20 5
10.0862 433.27 433.27 2 20 5
10.0859 433.32 433.32 2 20 5
10.0857 433.37 433.37 2 20 5
10.0858 433.42 433.42 2 20 5
10.0859 433.47 433.47 2 20 5
10.0859 433.52 433.52 2 20 5
10.0859 433.57 433.57 2 20 5
10.0859 433.62 433.62 2 20 5
10.0859 433.67 433.67 2 20 5
10.0859 433.72 433.72 2 20 5
10.0859 433.77 433.77 2 20 5
10.0858 433.82 433.82 2 20 5
10.0857 433.87 433.87 2 20 5
10.0859 433.92 433.92 2 20 5
10.0859 433.97 433.97 2 20 5
10.0859 434.02 434.02 2 20 5
10.0859 434.07 434.07 2 20 5
10.0859 434.12 434.12 2 20 5
10.0859 434.17 434.17 2 20 5
10.0859 434.22 434.22 2 20 5
10.0858 434.27 434.27 2 20 5
10.0858 434.32 434.32 2 20 5
10.086 434.37 434.37 2 20 5
10.086 434.42 434.42 2 20 5
10.0859 434.47 434.47 2 20 5
10.0859 434.52 434.52 2 20 5
10.0858 434.57 434.57 2 20 5
10.0858 434.62 434.62 2 20 5
10.086 434.67 434.67 2 20 5
10.086 434.72 434.72 2 20 5
10.0859 434.77 434.77 2 20 5
10.0859 434.82 434.82 2 20 5
10.0859 434.87 434.87 2 20 5
10.0858 434.92 434.92 2 20 5
10.0858 434.97 434.97 2 20 5
10.0859 435.02 435.02 2 20 5
10.0859 435.07 435.07 2 20 5
10.0859 435.12 435.12 2 20 5
10.0859 435.17 435.17 2 20 5
10.0859 435.22 435.22 2 20 5
10.0859 435.27 435.27 2 20 5
10.0858 435.32 435.32 2 20 5
10.0858 435.37 435.37 2 20 5
10.0862 435.42 435.42 2 20 5
10.0861 435.47 435.47 2 20 5
10.0859 435.52 435.52 2 20 5
10.0858 435.57 435.57 2 20 5
10.0856 435.62 435.62 2 20 5
10.0858 435.67 435.67 2 20 5
10.086 435.72 435.72 2 20 5
10.086 435.77 435.77 2 20 5
10.086 435.82 435.82 2 20 5
10.0859 435.87 435.87 2 20 5
10.0859 435.92 435.92 2 20 5
10.0858 435.97 435.97 2 20 5
10.0858 436.02 436.02 2 20 5
10.086 436.07 436.07 2 20 5
10.086 436.12 436.12 2 20 5
10.0859 436.17 436.17 2 20 5
10.0859 436.22 436.22 2 20 5
10.0859 436.27 436.27 2 20 5
10.0858 436.32 436.32 2 20 5
10.0862 436.37 436.37 2 20 5
10.0861 436.42 436.42 2 20 5
10.0859 436.47 436.47 2 20 5
10.0858 436.52 436.52 2 20 5
10.0857 436.57 436.57 2 20 5
10.0859 436.62 436.62 2 20 5
10.0859 436.67 436.67 2 20 5
10.0859 436.72 436.72 2 20 5
10.0859 436.77 436.77 2 20 5
10.0859 436.82 436.82 2 20 5
10.0859 436.87 436.87 2 20 5
10.0859 436.92 436.92 2 20 5
10.0859 436.97 436.97 2 20 5
10.0859 437.02 437.02 2 20 5
10.0859 437.07 437.07 2 20 5
10.0859 437.12 437.12 2 20 5
10.0859 437.17 437.17 2 20 5
10.0858 437.22 437.22 2 20 5
10.0858 437.27 437.27 2 20 5
10.0855 437.32 437.32 2 20 5
10.0858 437.37 437.37 2 20 5
10.086 437.42 437.42 2 20 5
10.086 437.47 437.47 2 20 5
10.086 437.52 437.52 2 20 5
10.0859 437.57 437.57 2 20 5
10.0859 437.62 437.62 2 20 5
10.0858 437.67 437.67 2 20 5
10.0857 437.72 437.72 2 20 5
10.0859 437.77 437.77 2 20 5
10.0859 437.82 437.82 2 20 5
10.0859 437.87 437.87 2 20 5
10.0859 437.92 437.92 2 20 5
10.0859 437.97 437.97 2 20 5
10.0859 438.02 438.02 2 20 5
10.0859 438.07 438.07 2 20 5
10.0859 438.12 438.12 2 20 5
10.0859 438.17 438.17 2 20 5
10.0859 438.22 438.22 2 20 5
10.0858 438.27 438.27 2 20 5
10.0853 438.32 438.32 2 20 5
10.0856 438.37 438.37 2 20 5
10.086 438.42 438.42 2 20 5
10.0861 438.47 438.47 2 20 5
10.0861 438.52 438.52 2 20 5
10.086 438.57 438.57 2 20 5
10.0859 438.62 438.62 2 20 5
10.0858 438.67 438.67 2 20 5
10.0857 438.72 438.72 2 20 5
10.0858 438.77 438.77 2 20 5
10.0858 438.82 438.82 2 20 5
10.0855 438.87 438.87 2 20 5
10.0858 438.92 438.92 2 20 5
10.086 438.97 438.97 2 20 5
10.0861 439.02 439.02 2 20 5
10.086 439.07 439.07 2 20 5
10.0859 439.12 439.12 2 20 5
10.0859 439.17 439.17 2 20 5
10.0858 439.22 439.22 2 20 5
10.086 439.27 439.27 2 20 5
10.086 439.32 439.32 2 20 5
10.0859 439.37 439.37 2 20 5
10.0859 439.42 439.42 2 20 5
10.0858 439.47 439.47 2 20 5
10.0857 439.52 439.52 2 20 5
10.0859 439.57 439.57 2 20 5
10.0859 439.62 439.62 2 20 5
10.0859 439.67 439.67 2 20 5
10.0859 439.72 439.72 2 20 5
10.0859 439.77 439.77 2 20 5
10.0859 439.82 439.82 2 20 5
10.0859 439.87 439.87 2 20 5
10.0859 439.92 439.92 2 20 5
10.0858 439.97 439.97 2 20 5
10.0858 440.02 440.02 2 20 5
10.0859 440.07 440.07 2 20 5
10.086 440.12 440.12 2 20 5
10.0859 440.17 440.17 2 20 5
10.0859 440.22 440.22 2 20 5
10.0859 440.27 440.27 2 20 5
10.0859 440.32 440.32 2 20 5
10.0858 440.37 440.37 2 20 5
10.0857 440.42 440.42 2 20 5
10.0859 440.47 440.47 2 20 5
10.0859 440.52 440.52 2 20 5
10.0859 440.57 440.57 2 20 5
10.0859 440.62 440.62 2 20 5
10.0859 440.67 440.67 2 20 5
10.0859 440.72 440.72 2 20 5
10.0859 440.77 440.77 2 20 5
10.0859 440.82 440.82 2 20 5
10.0859 440.87 440.87 2 20 5
10.0858 440.92 440.92 2 20 5
10.0856 440.97 440.97 2 20 5
10.0858 441.02 441.02 2 20 5
10.0861 441.07 441.07 2 20 5
10.0861 441.12 441.12 2 20 5
10.086 441.17 441.17 2 20 5
10.0859 441.22 441.22 2 20 5
10.0858 441.27 441.27 2 20 5
10.0864 441.32 441.32 2 20 5
10.0862 441.37 441.37 2 20 5
10.0859 441.42 441.42 2 20 5
10.0858 441.47 441.47 2 20 5
10.0858 441.52 441.52 2 20 5
10.0857 441.57 441.57 2 20 5
10.0859 441.62 441.62 2 20 5
10.0859 441.67 441.67 2 20 5
10.0859 441.72 441.72 2 20 5
10.0859 441.77 441.77 2 20 5
10.0859 441.82 441.82 2 20 5
10.0859 441.87 441.87 2 20 5
10.0859 441.92 441.92 2 20 5
10.0859 441.97 441.97 2 20 5
10.0859 442.02 442.02 2 20 5
10.0858 442.07 442.07 2 20 5
10.0857 442.12 442.12 2 20 5
10.0859 442.17 442.17 2 20 5
10.0859 442.22 442.22 2 20 5
10.0859 442.27 442.27 2 20 5
10.0859 442.32 442.32 2 20 5
10.0859 442.37 442.37 2 20 5
10.0859 442.42 442.42 2 20 5
10.0859 442.47 442.47 2 20 5
10.0858 442.52 442.52 2 20 5
10.0858 442.57 442.57 2 20 5
10.086 442.62 442.62 2 20 5
10.086 442.67 442.67 2 20 5
10.0859 442.72 442.72 2 20 5
10.0859 442.77 442.77 2 20 5
10.0859 442.82 442.82 2 20 5
10.0858 442.87 442.87 2 20 5
10.0857 442.92 442.92 2 20 5
10.0858 442.97 442.97 2 20 5
10.0858 443.02 443.02 2 20 5
10.086 443.07 443.07 2 20 5
10.086 443.12 443.12 2 20 5
10.086 443.17 443.17 2 20 5
10.0859 443.22 443.22 2 20 5
10.0859 443.27 443.27 2 20 5
10.0858 443.32 443.32 2 20 5
10.0856 443.37 443.37 2 20 5
10.0858 443.42 443.42 2 20 5
10.0861 443.47 443.47 2 20 5
10.0861 443.52 443.52 2 20 5
10.086 443.57 443.57 2 20 5
10.0859 443.62 443.62 2 20 5
10.0858 443.67 443.67 2 20 5
10.0858 443.72 443.72 2 20 5
10.0859 443.77 443.77 2 20 5
10.0859 443.82 443.82 2 20 5
10.0859 443.87 443.87 2 20 5
10.0859 443.92 443.92 2 20 5
10.0859 443.97 443.97 2 20 5
10.0859 444.02 444.02 2 20 5
10.0859 444.07 444.07 2 20 5
10.0858 444.12 444.12 2 20 5
10.0858 444.17 444.17 2 20 5
10.0859 444.22 444.22 2 20 5
10.0859 444.27 444.27 2 20 5
10.0859 444.32 444.32 2 20 5
10.0859 444.37 444.37 2 20 5
10.0859 444.42 444.42 2 20 5
10.0859 444.47 444.47 2 20 5
10.0859 444.52 444.52 2 20 5
10.0858 444.57 444.57 2 20 5
10.0857 444.62 444.62 2 20 5
10.0859 444.67 444.67 2 20 5
10.0859 444.72 444.72 2 20 5
10.0859 444.77 444.77 2 20 5
10.0859 444.82 444.82 2 20 5
10.0859 444.87 444.87 2 20 5
10.0859 444.92 444.92 2 20 5
10.0859 444.97 444.97 2 20 5
10.0859 445.02 445.02 2 20 5
10.0858 445.07 445.07 2 20 5
10.0858 445.12 445.12 2 20 5
10.086 445.17 445.17 2 20 5
10.086 445.22 445.22 2 20 5
10.0859 445.27 445.27 2 20 5
10.0859 445.32 445.32 2 20 5
10.0859 445.37 445.37 2 20 5
10.0858 445.42 445.42 2 20 5
10.0856 445.47 445.47 2 20 5
10.0858 445.52 445.52 2 20 5
10.0861 445.57 445.57 2 20 5
10.0861 445.62 445.62 2 20 5
10.086 445.67 445.67 2 20 5
10.0859 445.72 445.72 2 20 5
10.0858 445.77 445.77 2 20 5
10.0858 445.82 445.82 2 20 5
10.0859 445.87 445.87 2 20 5
10.086 445.92 445.92 2 20 5
10.0859 445.97 445.97 2 20 5
10.0859 446.02 446.02 2 20 5
10.0859 446.07 446.07 2 20 5
10.0859 446.12 446.12 2 20 5
10.0858 446.17 446.17 2 20 5
10.0858 446.22 446.22 2 20 5
10.0859 446.27 446.27 2 20 5
10.0859 446.32 446.32 2 20 5
10.0859 446.37 446.37 2 20 5
10.0859 446.42 446.42 2 20 5
10.0859 446.47 446.47 2 20 5
10.0859 446.52 446.52 2 20 5
10.0859 446.57 446.57 2 20 5
10.0858 446.62 446.62 2 20 5
10.0854 446.67 446.67 2 20 5
10.0857 446.72 446.72 2 20 5
10.086 446.77 446.77 2 20 5
10.0861 446.82 446.82 2 20 5
10.086 446.87 446.87 2 20 5
10.0859 446.92 446.92 2 20 5
10.0859 446.97 446.97 2 20 5
10.0858 447.02 447.02 2 20 5
10.0857 447.07 447.07 2 20 5
10.0859 447.12 447.12 2 20 5
10.0859 447.17 447.17 2 20 5
10.0859 447.22 447.22 2 20 5
10.0859 447.27 447.27 2 20 5
10.0859 447.32 447.32 2 20 5
10.0859 447.37 447.37 2 20 5
10.0859 447.42 447.42 2 20 5
10.0859 447.47 447.47 2 20 5
10.0858 447.52 447.52 2 20 5
10.0858 447.57 447.57 2 20 5
10.0859 447.62 447.62 2 20 5
10.086 447.67 447.67 2 20 5
10.0859 447.72 447.72 2 20 5
10.0859 447.77 447.77 2 20 5
10.0859 447.82 447.82 2 20 5
10.0859 447.87 447.87 2 20 5
10.0858 447.92 447.92 2 20 5
10.0858 447.97 447.97 2 20 5
10.0859 448.02 448.02 2 20 5
10.0859 448.07 448.07 2 20 5
10.0859 448.12 448.12 2 20 5
10.0859 448.17 448.17 2 20 5
10.0859 448.22 448.22 2 20 5
10.0859 448.27 448.27 2 20 5
10.0859 448.32 448.32 2 20 5
10.0858 448.37 448.37 2 20 5
10.0855 448.42 448.42 2 20 5
10.0857 448.47 448.47 2 20 5
10.086 448.52 448.52 2 20 5
10.0861 448.57 448.57 2 20 5
10.086 448.62 448.62 2 20 5
10.0859 448.67 448.67 2 20 5
10.0859 448.72 448.72 2 20 5
10.0858 448.77 448.77 2 20 5
10.0857 448.82 448.82 2 20 5
10.0859 448.87 448.87 2 20 5
10.0859 448.92 448.92 2 20 5
10.0859 448.97 448.97 2 20 5
10.0859 449.02 449.02 2 20 5
10.0859 449.07 449.07 2 20 5
10.0859 449.12 449.12 2 20 5
10.0859 449.17 449.17 2 20 5
10.0859 449.22 449.22 2 20 5
10.0859 449.27 449.27 2 20 5
10.0858 449.32 449.32 2 20 5
10.0857 449.37 449.37 2 20 5
10.0858 449.42 449.42 2 20 5
10.0859 449.47 449.47 2 20 5
10.0859 449.52 449.52 2 20 5
10.0859 449.57 449.57 2 20 5
10.0859 449.62 449.62 2 20 5
10.0859 449.67 449.67 2 20 5
10.0859 449.72 449.72 2 20 5
10.0859 449.77 449.77 2 20 5
10.0859 449.82 449.82 2 20 5
10.0858 449.87 449.87 2 20 5
10.0858 449.92 449.92 2 20 5
10.0862 449.97 449.97 2 20 5
10.0861 450.02 450.02 2 20 5
10.086 450.07 450.07 2 20 5
10.0858 450.12 450.12 2 20 5
10.0857 450.17 450.17 2 20 5
10.0859 450.22 450.22 2 20 5
10.0859 450.27 450.27 2 20 5
10.0859 450.32 450.32 2 20 5
10.0859 450.37 450.37 2 20 5
10.0859 450.42 450.42 2 20 5
10.0859 450.47 450.47 2 20 5
10.0859 450.52 450.52 2 20 5
10.0859 450.57 450.57 2 20 5
10.0859 450.62 450.62 2 20 5
10.0859 450.67 450.67 2 20 5
10.0859 450.72 450.72 2 20 5
10.0859 450.77 450.77 2 20 5
10.0858 450.82 450.82 2 20 5
10.0858 450.87 450.87 2 20 5
10.0862 450.92 450.92 2 20 5
10.0861 450.97 450.97 2 20 5
10.086 451.02 451.02 2 20 5
10.0859 451.07 451.07 2 20 5
10.0858 451.12 451.12 2 20 5
10.0859 451.17 451.17 2 20 5
10.0859 451.22 451.22 2 20 5
10.0859 451.27 451.27 2 20 5
10.0859 451.32 451.32 2 20 5
10.0859 451.37 451.37 2 20 5
10.0859 451.42 451.42 2 20 5
10.0859 451.47 451.47 2 20 5
10.0858 451.52 451.52 2 20 5
10.0857 451.57 451.57 2 20 5
10.0859 451.62 451.62 2 20 5
10.0859 451.67 451.67 2 20 5
10.0859 451.72 451.72 2 20 5
10.0859 451.77 451.77 2 20 5
10.0859 451.82 451.82 2 20 5
10.0859 451.87 451.87 2 20 5
10.0859 451.92 451.92 2 20 5
10.0858 451.97 451.97 2 20 5
10.0842 452.02 452.02 2 20 5
10.0843 452.07 452.07 2 20 5
10.0851 452.12 452.12 2 20 5
10.086 452.17 452.17 2 20 5
10.0863 452.22 452.22 2 20 5
10.0863 452.27 452.27 2 20 5
10.0861 452.32 452.32 2 20 5
10.0859 452.37 452.37 2 20 5
10.0858 452.42 452.42 2 20 5
10.0859 452.47 452.47 2 20 5
10.0859 452.52 452.52 2 20 5
10.0859 452.57 452.57 2 20 5
10.0859 452.62 452.62 2 20 5
10.0859 452.67 452.67 2 20 5
10.0859 452.72 452.72 2 20 5
10.0858 452.77 452.77 2 20 5
10.0858 452.82 452.82 2 20 5
10.086 452.87 452.87 2 20 5
10.086 452.92 452.92 2 20 5
10.086 452.97 452.97 2 20 5
10.0859 453.02 453.02 2 20 5
10.0859 453.07 453.07 2 20 5
10.0858 453.12 453.12 2 20 5
10.0857 453.17 453.17 2 20 5
10.0859 453.22 453.22 2 20 5
10.0859 453.27 453.27 2 20 5
10.0859 453.32 453.32 2 20 5
10.0859 453.37 453.37 2 20 5
10.0859 453.42 453.42 2 20 5
10.0859 453.47 453.47 2 20 5
10.0859 453.52 453.52 2 20 5
10.0859 453.57 453.57 2 20 5
10.0858 453.62 453.62 2 20 5
10.0857 453.67 453.67 2 20 5
10.0859 453.72 453.72 2 20 5
10.086 453.77 453.77 2 20 5
10.086 453.82 453.82 2 20 5
10.0859 453.87 453.87 2 20 5
10.0859 453.92 453.92 2 20 5
10.0859 453.97 453.97 2 20 5
10.0859 454.02 454.02 2 20 5
10.0858 454.07 454.07 2 20 5
10.0857 454.12 454.12 2 20 5
10.0859 454.17 454.17 2 20 5
10.0859 454.22 454.22 2 20 5
10.0859 454.27 454.27 2 20 5
10.0859 454.32 454.32 2 20 5
10.0859 454.37 454.37 2 20 5
10.0859 454.42 454.42 2 20 5
10.0859 454.47 454.47 2 20 5
10.0859 454.52 454.52 2 20 5
10.0858 454.57 454.57 2 20 5
10.0858 454.62 454.62 2 20 5
10.0861 454.67 454.67 2 20 5
10.0861 454.72 454.72 2 20 5
10.086 454.77 454.77 2 20 5
10.0859 454.82 454.82 2 20 5
10.0858 454.87 454.87 2 20 5
10.0852 454.92 454.92 2 20 5
10.0856 454.97 454.97 2 20 5
10.086 455.02 455.02 2 20 5
10.0861 455.07 455.07 2 20 5
10.0861 455.12 455.12 2 20 5
10.086 455.17 455.17 2 20 5
10.0859 455.22 455.22 2 20 5
10.0858 455.27 455.27 2 20 5
10.0857 455.32 455.32 2 20 5
10.0859 455.37 455.37 2 20 5
10.0859 455.42 455.42 2 20 5
10.0859 455.47 455.47 2 20 5
10.0859 455.52 455.52 2 20 5
10.0859 455.57 455.57 2 20 5
10.0859 455.62 455.62 2 20 5
10.0859 455.67 455.67 2 20 5
10.0859 455.72 455.72 2 20 5
10.0858 455.77 455.77 2 20 5
10.0857 455.82 455.82 2 20 5
10.0859 455.87 455.87 2 20 5
10.0859 455.92 455.92 2 20 5
10.086 455.97 455.97 2 20 5
10.0859 456.02 456.02 2 20 5
10.0859 456.07 456.07 2 20 5
10.0859 456.12 456.12 2 20 5
10.0859 456.17 456.17 2 20 5
10.0858 456.22 456.22 2 20 5
10.0858 456.27 456.27 2 20 5
10.0853 456.32 456.32 2 20 5
10.0856 456.37 456.37 2 20 5
10.086 456.42 456.42 2 20 5
10.0861 456.47 456.47 2 20 5
10.0861 456.52 456.52 2 20 5
10.086 456.57 456.57 2 20 5
10.0859 456.62 456.62 2 20 5
10.0858 456.67 456.67 2 20 5
10.0857 456.72 456.72 2 20 5
10.0859 456.77 456.77 2 20 5
10.0859 456.82 456.82 2 20 5
10.0859 456.87 456.87 2 20 5
10.0859 456.92 456.92 2 20 5
10.0859 456.97 456.97 2 20 5
10.0859 457.02 457.02 2 20 5
10.0859 457.07 457.07 2 20 5
10.0859 457.12 457.12 2 20 5
10.0858 457.17 457.17 2 20 5
10.0858 457.22 457.22 2 20 5
10.0854 457.27 457.27 2 20 5
10.0857 457.32 457.32 2 20 5
10.086 457.37 457.37 2 20 5
10.0861 457.42 457.42 2 20 5
10.086 457.47 457.47 2 20 5
10.0859 457.52 457.52 2 20 5
10.0859 457.57 457.57 2 20 5
10.0858 457.62 457.62 2 20 5
10.0857 457.67 457.67 2 20 5
10.0859 457.72 457.72 2 20 5
10.0859 457.77 457.77 2 20 5
10.0859 457.82 457.82 2 20 5
10.0859 457.87 457.87 2 20 5
10.0859 457.92 457.92 2 20 5
10.0859 457.97 457.97 2 20 5
10.0859 458.02 458.02 2 20 5
10.0859 458.07 458.07 2 20 5
10.0859 458.12 458.12 2 20 5
10.0858 458.17 458.17 2 20 5
10.0858 458.22 458.22 2 20 5
10.0861 458.27 458.27 2 20 5
10.0861 458.32 458.32 2 20 5
10.086 458.37 458.37 2 20 5
10.0859 458.42 458.42 2 20 5
10.0858 458.47 458.47 2 20 5
10.0863 458.52 458.52 2 20 5
10.0861 458.57 458.57 2 20 5
10.0859 458.62 458.62 2 20 5
10.0858 458.67 458.67 2 20 5
10.0856 458.72 458.72 2 20 5
10.0858 458.77 458.77 2 20 5
10.086 458.82 458.82 2 20 5
10.086 458.87 458.87 2 20 5
10.086 458.92 458.92 2 20 5
10.0859 458.97 458.97 2 20 5
10.0859 459.02 459.02 2 20 5
10.0858 459.07 459.07 2 20 5
10.0857 459.12 459.12 2 20 5
10.0859 459.17 459.17 2 20 5
10.0859 459.22 459.22 2 20 5
10.0859 459.27 459.27 2 20 5
10.0859 459.32 459.32 2 20 5
10.0859 459.37 459.37 2 20 5
10.0859 459.42 459.42 2 20 5
10.0859 459.47 459.47 2 20 5
10.0858 459.52 459.52 2 20 5
10.0858 459.57 459.57 2 20 5
10.0856 459.62 459.62 2 20 5
10.0858 459.67 459.67 2 20 5
10.0862 459.72 459.72 2 20 5
10.0861 459.77 459.77 2 20 5
10.086 459.82 459.82 2 20 5
10.0859 459.87 459.87 2 20 5
10.0872 459.92 459.92 2 20 5
10.0873 459.97 459.97 2 20 5
10.0866 460.02 460.02 2 20 5
10.0859 460.07 460.07 2 20 5
10.0856 460.12 460.12 2 20 5
10.0856 460.17 460.17 2 20 5
10.0858 460.22 460.22 2 20 5
10.086 460.27 460.27 2 20 5
10.0861 460.32 460.32 2 20 5
10.086 460.37 460.37 2 20 5
10.0859 460.42 460.42 2 20 5
10.0859 460.47 460.47 2 20 5
10.0858 460.52 460.52 2 20 5
10.0849 460.57 460.57 2 20 5
10.0854 460.62 460.62 2 20 5
10.086 460.67 460.67 2 20 5
10.0862 460.72 460.72 2 20 5
10.0862 460.77 460.77 2 20 5
10.086 460.82 460.82 2 20 5
10.0859 460.87 460.87 2 20 5
10.0858 460.92 460.92 2 20 5
10.0854 460.97 460.97 2 20 5
10.0857 461.02 461.02 2 20 5
10.086 461.07 461.07 2 20 5
10.0861 461.12 461.12 2 20 5
10.086 461.17 461.17 2 20 5
10.086 461.22 461.22 2 20 5
10.0859 461.27 461.27 2 20 5
10.0858 461.32 461.32 2 20 5
10.0858 461.37 461.37 2 20 5
10.086 461.42 461.42 2 20 5
10.086 461.47 461.47 2 20 5
10.0859 461.52 461.52 2 20 5
10.0859 461.57 461.57 2 20 5
10.0859 461.62 461.62 2 20 5
10.0858 461.67 461.67 2 20 5
10.0858 461.72 461.72 2 20 5
10.086 461.77 461.77 2 20 5
10.086 461.82 461.82 2 20 5
10.086 461.87 461.87 2 20 5
10.0859 461.92 461.92 2 20 5
10.0859 461.97 461.97 2 20 5
10.0858 462.02 462.02 2 20 5
10.0857 462.07 462.07 2 20 5
10.0859 462.12 462.12 2 20 5
10.0859 462.17 462.17 2 20 5
10.0859 462.22 462.22 2 20 5
10.0859 462.27 462.27 2 20 5
10.0859 462.32 462.32 2 20 5
10.0859 462.37 462.37 2 20 5
10.0859 462.42 462.42 2 20 5
10.0858 462.47 462.47 2 20 5
10.0858 462.52 462.52 2 20 5
10.0855 462.57 462.57 2 20 5
10.0858 462.62 462.62 2 20 5
10.0861 462.67 462.67 2 20 5
10.0861 462.72 462.72 2 20 5
10.086 462.77 462.77 2 20 5
10.0859 462.82 462.82 2 20 5
10.0858 462.87 462.87 2 20 5
10.0857 462.92 462.92 2 20 5
10.0858 462.97 462.97 2 20 5
10.0859 463.02 463.02 2 20 5
10.0859 463.07 463.07 2 20 5
10.0859 463.12 463.12 2 20 5
10.0859 463.17 463.17 2 20 5
10.0859 463.22 463.22 2 20 5
10.0859 463.27 463.27 2 20 5
10.0859 463.32 463.32 2 20 5
10.0859 463.37 463.37 2 20 5
10.0859 463.42 463.42 2 20 5
10.0859 463.47 463.47 2 20 5
10.0858 463.52 463.52 2 20 5
10.0858 463.57 463.57 2 20 5
10.0849 463.62 463.62 2 20 5
10.0855 463.67 463.67 2 20 5
10.086 463.72 463.72 2 20 5
10.0862 463.77 463.77 2 20 5
10.0862 463.82 463.82 2 20 5
10.086 463.87 463.87 2 20 5
10.0859 463.92 463.92 2 20 5
10.0858 463.97 463.97 2 20 5
10.0854 464.02 464.02 2 20 5
10.0857 464.07 464.07 2 20 5
10.086 464.12 464.12 2 20 5
10.0861 464.17 464.17 2 20 5
10.086 464.22 464.22 2 20 5
10.086 464.27 464.27 2 20 5
10.0859 464.32 464.32 2 20 5
10.0858 464.37 464.37 2 20 5
10.0858 464.42 464.42 2 20 5
10.086 464.47 464.47 2 20 5
10.086 464.52 464.52 2 20 5
10.0859 464.57 464.57 2 20 5
10.0859 464.62 464.62 2 20 5
10.0859 464.67 464.67 2 20 5
10.0858 464.72 464.72 2 20 5
10.0858 464.77 464.77 2 20 5
10.085 464.82 464.82 2 20 5
10.0855 464.87 464.87 2 20 5
10.086 464.92 464.92 2 20 5
10.0862 464.97 464.97 2 20 5
10.0861 465.02 465.02 2 20 5
10.086 465.07 465.07 2 20 5
10.0859 465.12 465.12 2 20 5
10.0858 465.17 465.17 2 20 5
10.0856 465.22 465.22 2 20 5
10.0858 465.27 465.27 2 20 5
10.0856 465.32 465.32 2 20 5
10.0859 465.37 465.37 2 20 5
10.086 465.42 465.42 2 20 5
10.086 465.47 465.47 2 20 5
10.086 465.52 465.52 2 20 5
10.0859 465.57 465.57 2 20 5
10.0859 465.62 465.62 2 20 5
10.0859 465.67 465.67 2 20 5
10.0858 465.72 465.72 2 20 5
10.0857 465.77 465.77 2 20 5
10.0859 465.82 465.82 2 20 5
10.0859 465.87 465.87 2 20 5
10.086 465.92 465.92 2 20 5
10.0859 465.97 465.97 2 20 5
10.0859 466.02 466.02 2 20 5
10.0859 466.07 466.07 2 20 5
10.0859 466.12 466.12 2 20 5
10.0858 466.17 466.17 2 20 5
10.0858 466.22 466.22 2 20 5
10.0861 466.27 466.27 2 20 5
10.086 466.32 466.32 2 20 5
10.086 466.37 466.37 2 20 5
10.0859 466.42 466.42 2 20 5
10.0858 466.47 466.47 2 20 5
10.0858 466.52 466.52 2 20 5
10.086 466.57 466.57 2 20 5
10.086 466.62 466.62 2 20 5
10.0859 466.67 466.67 2 20 5
10.0859 466.72 466.72 2 20 5
10.0859 466.77 466.77 2 20 5
10.0858 466.82 466.82 2 20 5
10.0858 466.87 466.87 2 20 5
10.0861 466.92 466.92 2 20 5
10.0861 466.97 466.97 2 20 5
10.086 467.02 467.02 2 20 5
10.0859 467.07 467.07 2 20 5
10.0858 467.12 467.12 2 20 5
10.0853 467.17 467.17 2 20 5
10.0856 467.22 467.22 2 20 5
10.086 467.27 467.27 2 20 5
10.0861 467.32 467.32 2 20 5
10.0861 467.37 467.37 2 20 5
10.086 467.42 467.42 2 20 5
10.0859 467.47 467.47 2 20 5
10.0858 467.52 467.52 2 20 5
10.0858 467.57 467.57 2 20 5
10.0859 467.62 467.62 2 20 5
10.086 467.67 467.67 2 20 5
10.0859 467.72 467.72 2 20 5
10.0859 467.77 467.77 2 20 5
10.0859 467.82 467.82 2 20 5
10.0859 467.87 467.87 2 20 5
10.0859 467.92 467.92 2 20 5
10.0858 467.97 467.97 2 20 5
10.0856 468.02 468.02 2 20 5
10.0859 468.07 468.07 2 20 5
10.0859 468.12 468.12 2 20 5
10.0859 468.17 468.17 2 20 5
10.086 468.22 468.22 2 20 5
10.0859 468.27 468.27 2 20 5
10.0859 468.32 468.32 2 20 5
10.0859 468.37 468.37 2 20 5
10.0859 468.42 468.42 2 20 5
10.0858 468.47 468.47 2 20 5
10.0858 468.52 468.52 2 20 5
10.0861 468.57 468.57 2 20 5
10.086 468.62 468.62 2 20 5
10.086 468.67 468.67 2 20 5
10.0859 468.72 468.72 2 20 5
10.0858 468.77 468.77 2 20 5
10.0858 468.82 468.82 2 20 5
10.0863 468.87 468.87 2 20 5
10.0862 468.92 468.92 2 20 5
10.086 468.97 468.97 2 20 5
10.0858 469.02 469.02 2 20 5
10.0857 469.07 469.07 2 20 5
10.0858 469.12 469.12 2 20 5
10.0857 469.17 469.17 2 20 5
10.0859 469.22 469.22 2 20 5
10.086 469.27 469.27 2 20 5
10.086 469.32 469.32 2 20 5
10.0859 469.37 469.37 2 20 5
10.0859 469.42 469.42 2 20 5
10.0859 469.47 469.47 2 20 5
10.0858 469.52 469.52 2 20 5
10.0858 469.57 469.57 2 20 5
10.086 469.62 469.62 2 20 5
10.086 469.67 469.67 2 20 5
10.086 469.72 469.72 2 20 5
10.0859 469.77 469.77 2 20 5
10.0859 469.82 469.82 2 20 5
10.0858 469.87 469.87 2 20 5
10.0858 469.92 469.92 2 20 5
10.0869 469.97 469.97 2 20 5
10.0865 470.02 470.02 2 20 5
10.086 470.07 470.07 2 20 5
10.0857 470.12 470.12 2 20 5
10.0857 470.17 470.17 2 20 5
10.0859 470.22 470.22 2 20 5
10.0859 470.27 470.27 2 20 5
10.0859 470.32 470.32 2 20 5
10.0859 470.37 470.37 2 20 5
10.0859 470.42 470.42 2 20 5
10.0859 470.47 470.47 2 20 5
10.0859 470.52 470.52 2 20 5
10.0859 470.57 470.57 2 20 5
10.0859 470.62 470.62 2 20 5
10.0859 470.67 470.67 2 20 5
10.0858 470.72 470.72 2 20 5
10.0858 470.77 470.77 2 20 5
10.0857 470.82 470.82 2 20 5
10.0859 470.87 470.87 2 20 5
10.0859 470.92 470.92 2 20 5
10.086 470.97 470.97 2 20 5
10.086 471.02 471.02 2 20 5
10.0859 471.07 471.07 2 20 5
10.0859 471.12 471.12 2 20 5
10.0859 471.17 471.17 2 20 5
10.0858 471.22 471.22 2 20 5
10.0858 471.27 471.27 2 20 5
10.0855 471.32 471.32 2 20 5
10.0858 471.37 471.37 2 20 5
10.0861 471.42 471.42 2 20 5
10.0861 471.47 471.47 2 20 5
10.086 471.52 471.52 2 20 5
10.0859 471.57 471.57 2 20 5
10.0859 471.62 471.62 2 20 5
10.0858 471.67 471.67 2 20 5
10.0862 471.72 471.72 2 20 5
10.0861 471.77 471.77 2 20 5
10.086 471.82 471.82 2 20 5
10.0858 471.87 471.87 2 20 5
10.0857 471.92 471.92 2 20 5
10.0859 471.97 471.97 2 20 5
10.0859 472.02 472.02 2 20 5
10.0859 472.07 472.07 2 20 5
10.0859 472.12 472.12 2 20 5
10.0859 472.17 472.17 2 20 5
10.0859 472.22 472.22 2 20 5
10.0859 472.27 472.27 2 20 5
10.0859 472.32 472.32 2 20 5
10.0858 472.37 472.37 2 20 5
10.0858 472.42 472.42 2 20 5
10.086 472.47 472.47 2 20 5
10.086 472.52 472.52 2 20 5
10.086 472.57 472.57 2 20 5
10.0859 472.62 472.62 2 20 5
10.0859 472.67 472.67 2 20 5
10.0858 472.72 472.72 2 20 5
10.0848 472.77 472.77 2 20 5
10.086 472.82 472.82 2 20 5
10.0865 472.87 472.87 2 20 5
10.0865 472.92 472.92 2 20 5
10.0862 472.97 472.97 2 20 5
10.0859 473.02 473.02 2 20 5
10.0857 473.07 473.07 2 20 5
10.0859 473.12 473.12 2 20 5
10.0858 473.17 473.17 2 20 5
10.0856 473.22 473.22 2 20 5
10.0858 473.27 473.27 2 20 5
10.0858 473.32 473.32 2 20 5
10.0858 473.37 473.37 2 20 5
10.086 473.42 473.42 2 20 5
10.086 473.47 473.47 2 20 5
10.086 473.52 473.52 2 20 5
10.0859 473.57 473.57 2 20 5
10.0859 473.62 473.62 2 20 5
10.0858 473.67 473.67 2 20 5
10.0858 473.72 473.72 2 20 5
10.086 473.77 473.77 2 20 5
10.086 473.82 473.82 2 20 5
10.086 473.87 473.87 2 20 5
10.0859 473.92 473.92 2 20 5
10.0859 473.97 473.97 2 20 5
10.0859 474.02 474.02 2 20 5
10.0858 474.07 474.07 2 20 5
10.0856 474.12 474.12 2 20 5
10.0858 474.17 474.17 2 20 5
10.0859 474.22 474.22 2 20 5
10.0859 474.27 474.27 2 20 5
10.0859 474.32 474.32 2 20 5
10.0859 474.37 474.37 2 20 5
10.0859 474.42 474.42 2 20 5
10.0859 474.47 474.47 2 20 5
10.0859 474.52 474.52 2 20 5
10.0859 474.57 474.57 2 20 5
10.0858 474.62 474.62 2 20 5
10.0858 474.67 474.67 2 20 5
10.086 474.72 474.72 2 20 5
10.086 474.77 474.77 2 20 5
10.086 474.82 474.82 2 20 5
10.0859 474.87 474.87 2 20 5
10.0859 474.92 474.92 2 20 5
10.0858 474.97 474.97 2 20 5
10.0854 475.02 475.02 2 20 5
10.0857 475.07 475.07 2 20 5
10.086 475.12 475.12 2 20 5
10.0861 475.17 475.17 2 20 5
10.086 475.22 475.22 2 20 5
10.086 475.27 475.27 2 20 5
10.0859 475.32 475.32 2 20 5
10.0858 475.37 475.37 2 20 5
10.0857 475.42 475.42 2 20 5
10.0859 475.47 475.47 2 20 5
10.0859 475.52 475.52 2 20 5
10.0859 475.57 475.57 2 20 5
10.0859 475.62 475.62 2 20 5
10.0859 475.67 475.67 2 20 5
10.0859 475.72 475.72 2 20 5
10.0859 475.77 475.77 2 20 5
10.0859 475.82 475.82 2 20 5
10.0858 475.87 475.87 2 20 5
10.0858 475.92 475.92 2 20 5
10.0861 475.97 475.97 2 20 5
10.0861 476.02 476.02 2 20 5
10.086 476.07 476.07 2 20 5
10.0859 476.12 476.12 2 20 5
10.0858 476.17 476.17 2 20 5
10.0857 476.22 476.22 2 20 5
10.0859 476.27 476.27 2 20 5
10.0859 476.32 476.32 2 20 5
10.0859 476.37 476.37 2 20 5
10.0859 476.42 476.42 2 20 5
10.0859 476.47 476.47 2 20 5
10.0859 476.52 476.52 2 20 5
10.0859 476.57 476.57 2 20 5
10.0859 476.62 476.62 2 20 5
10.0858 476.67 476.67 2 20 5
10.0858 476.72 476.72 2 20 5
10.0854 476.77 476.77 2 20 5
10.0857 476.82 476.82 2 20 5
10.086 476.87 476.87 2 20 5
10.0861 476.92 476.92 2 20 5
10.0861 476.97 476.97 2 20 5
10.086 477.02 477.02 2 20 5
10.0859 477.07 477.07 2 20 5
10.0858 477.12 477.12 2 20 5
10.0856 477.17 477.17 2 20 5
10.0858 477.22 477.22 2 20 5
10.0859 477.27 477.27 2 20 5
10.0859 477.32 477.32 2 20 5
10.0859 477.37 477.37 2 20 5
10.0859 477.42 477.42 2 20 5
10.0859 477.47 477.47 2 20 5
10.0859 477.52 477.52 2 20 5
10.0859 477.57 477.57 2 20 5
10.0859 477.62 477.62 2 20 5
10.0858 477.67 477.67 2 20 5
10.0858 477.72 477.72 2 20 5
10.0857 477.77 477.77 2 20 5
10.086 477.82 477.82 2 20 5
10.086 477.87 477.87 2 20 5
10.086 477.92 477.92 2 20 5
10.0859 477.97 477.97 2 20 5
10.0859 478.02 478.02 2 20 5
10.0859 478.07 478.07 2 20 5
10.0858 478.12 478.12 2 20 5
10.0858 478.17 478.17 2 20 5
10.0861 478.22 478.22 2 20 5
10.086 478.27 478.27 2 20 5
10.086 478.32 478.32 2 20 5
10.0859 478.37 478.37 2 20 5
10.0859 478.42 478.42 2 20 5
10.0844 478.47 478.47 2 20 5
10.0845 478.52 478.52 2 20 5
10.0853 478.57 478.57 2 20 5
10.086 478.62 478.62 2 20 5
10.0863 478.67 478.67 2 20 5
10.0863 478.72 478.72 2 20 5
10.0861 478.77 478.77 2 20 5
10.0859 478.82 478.82 2 20 5
10.0858 478.87 478.87 2 20 5
10.0879 478.92 478.92 2 20 5
10.0869 478.97 478.97 2 20 5
10.0859 479.02 479.02 2 20 5
10.0854 479.07 479.07 2 20 5
10.0854 479.12 479.12 2 20 5
10.0857 479.17 479.17 2 20 5
10.086 479.22 479.22 2 20 5
10.0861 479.27 479.27 2 20 5
10.086 479.32 479.32 2 20 5
10.086 479.37 479.37 2 20 5
10.0859 479.42 479.42 2 20 5
10.0858 479.47 479.47 2 20 5
10.0858 479.52 479.52 2 20 5
10.086 479.57 479.57 2 20 5
10.086 479.62 479.62 2 20 5
10.086 479.67 479.67 2 20 5
10.0859 479.72 479.72 2 20 5
10.0859 479.77 479.77 2 20 5
10.0858 479.82 479.82 2 20 5
10.0851 479.87 479.87 2 20 5
10.0856 479.92 479.92 2 20 5
10.086 479.97 479.97 2 20 5
10.0861 480.02 480.02 2 20 5
10.0861 480.07 480.07 2 20 5
10.086 480.12 480.12 2 20 5
10.0859 480.17 480.17 2 20 5
10.0858 480.22 480.22 2 20 5
10.0857 480.27 480.27 2 20 5
10.0859 480.32 480.32 2 20 5
10.0859 480.37 480.37 2 20 5
10.0859 480.42 480.42 2 20 5
10.0859 480.47 480.47 2 20 5
10.0859 480.52 480.52 2 20 5
10.0859 480.57 480.57 2 20 5
10.0859 480.62 480.62 2 20 5
10.0859 480.67 480.67 2 20 5
10.0858 480.72 480.72 2 20 5
10.0857 480.77 480.77 2 20 5
10.086 480.82 480.82 2 20 5
10.086 480.87 480.87 2 20 5
10.086 480.92 480.92 2 20 5
10.0859 480.97 480.97 2 20 5
10.0859 481.02 481.02 2 20 5
10.0858 481.07 481.07 2 20 5
10.0858 481.12 481.12 2 20 5
10.0854 481.17 481.17 2 20 5
10.0857 481.22 481.22 2 20 5
10.086 481.27 481.27 2 20 5
10.0861 481.32 481.32 2 20 5
10.0861 481.37 481.37 2 20 5
10.086 481.42 481.42 2 20 5
10.0859 481.47 481.47 2 20 5
10.0858 481.52 481.52 2 20 5
10.0857 481.57 481.57 2 20 5
10.0859 481.62 481.62 2 20 5
10.0859 481.67 481.67 2 20 5
10.0859 481.72 481.72 2 20 5
10.0859 481.77 481.77 2 20 5
10.0859 481.82 481.82 2 20 5
10.0859 481.87 481.87 2 20 5
10.0859 481.92 481.92 2 20 5
10.0859 481.97 481.97 2 20 5
10.0858 482.02 482.02 2 20 5
10.0858 482.07 482.07 2 20 5
10.0852 482.12 482.12 2 20 5
10.0856 482.17 482.17 2 20 5
10.086 482.22 482.22 2 20 5
10.0861 482.27 482.27 2 20 5
10.0861 482.32 482.32 2 20 5
10.086 482.37 482.37 2 20 5
10.0859 482.42 482.42 2 20 5
10.0858 482.47 482.47 2 20 5
10.0857 482.52 482.52 2 20 5
10.0859 482.57 482.57 2 20 5
10.0859 482.62 482.62 2 20 5
10.0859 482.67 482.67 2 20 5
10.0859 482.72 482.72 2 20 5
10.0859 482.77 482.77 2 20 5
10.0859 482.82 482.82 2 20 5
10.0859 482.87 482.87 2 20 5
10.0859 482.92 482.92 2 20 5
10.0858 482.97 482.97 2 20 5
10.0858 483.02 483.02 2 20 5
10.0865 483.07 483.07 2 20 5
10.0863 483.12 483.12 2 20 5
10.086 483.17 483.17 2 20 5
10.0858 483.22 483.22 2 20 5
10.0862 483.27 483.27 2 20 5
10.086 483.32 483.32 2 20 5
10.0859 483.37 483.37 2 20 5
10.0858 483.42 483.42 2 20 5
10.0857 483.47 483.47 2 20 5
10.0859 483.52 483.52 2 20 5
10.0859 483.57 483.57 2 20 5
10.0859 483.62 483.62 2 20 5
10.0859 483.67 483.67 2 20 5
10.0859 483.72 483.72 2 20 5
10.0859 483.77 483.77 2 20 5
10.0859 483.82 483.82 2 20 5
10.0859 483.87 483.87 2 20 5
10.0858 483.92 483.92 2 20 5
10.0858 483.97 483.97 2 20 5
10.0857 484.02 484.02 2 20 5
10.0859 484.07 484.07 2 20 5
10.086 484.12 484.12 2 20 5
10.086 484.17 484.17 2 20 5
10.086 484.22 484.22 2 20 5
10.0859 484.27 484.27 2 20 5
10.0859 484.32 484.32 2 20 5
10.0859 484.37 484.37 2 20 5
10.0858 484.42 484.42 2 20 5
10.0858 484.47 484.47 2 20 5
10.086 484.52 484.52 2 20 5
10.086 484.57 484.57 2 20 5
10.086 484.62 484.62 2 20 5
10.0859 484.67 484.67 2 20 5
10.0859 484.72 484.72 2 20 5
10.0858 484.77 484.77 2 20 5
10.0857 484.82 484.82 2 20 5
10.0859 484.87 484.87 2 20 5
10.086 484.92 484.92 2 20 5
10.086 484.97 484.97 2 20 5
10.0859 485.02 485.02 2 20 5
10.0859 485.07 485.07 2 20 5
10.0859 485.12 485.12 2 20 5
10.0858 485.17 485.17 2 20 5
10.0858 485.22 485.22 2 20 5
10.0847 485.27 485.27 2 20 5
10.0854 485.32 485.32 2 20 5
10.086 485.37 485.37 2 20 5
10.0863 485.42 485.42 2 20 5
10.0862 485.47 485.47 2 20 5
10.0861 485.52 485.52 2 20 5
10.0859 485.57 485.57 2 20 5
10.0858 485.62 485.62 2 20 5
10.0852 485.67 485.67 2 20 5
10.0856 485.72 485.72 2 20 5
10.086 485.77 485.77 2 20 5
10.0861 485.82 485.82 2 20 5
10.0861 485.87 485.87 2 20 5
10.086 485.92 485.92 2 20 5
10.0859 485.97 485.97 2 20 5
10.0858 486.02 486.02 2 20 5
10.0858 486.07 486.07 2 20 5
10.086 486.12 486.12 2 20 5
10.086 486.17 486.17 2 20 5
10.086 486.22 486.22 2 20 5
10.0859 486.27 486.27 2 20 5
10.0859 486.32 486.32 2 20 5
10.0858 486.37 486.37 2 20 5
10.0858 486.42 486.42 2 20 5
10.0852 486.47 486.47 2 20 5
10.0856 486.52 486.52 2 20 5
10.086 486.57 486.57 2 20 5
10.0861 486.62 486.62 2 20 5
10.0861 486.67 486.67 2 20 5
10.086 486.72 486.72 2 20 5
10.0859 486.77 486.77 2 20 5
10.0858 486.82 486.82 2 20 5
10.0857 486.87 486.87 2 20 5
10.0859 486.92 486.92 2 20 5
10.0859 486.97 486.97 2 20 5
10.086 487.02 487.02 2 20 5
10.0859 487.07 487.07 2 20 5
10.0859 487.12 487.12 2 20 5
10.0859 487.17 487.17 2 20 5
10.0859 487.22 487.22 2 20 5
10.0858 487.27 487.27 2 20 5
10.0858 487.32 487.32 2 20 5
10.0857 487.37 487.37 2 20 5
10.0859 487.42 487.42 2 20 5
10.086 487.47 487.47 2 20 5
10.086 487.52 487.52 2 20 5
10.0859 487.57 487.57 2 20 5
10.0859 487.62 487.62 2 20 5
10.0859 487.67 487.67 2 20 5
10.0859 487.72 487.72 2 20 5
10.0858 487.77 487.77 2 20 5
10.0857 487.82 487.82 2 20 5
10.0859 487.87 487.87 2 20 5
10.086 487.92 487.92 2 20 5
10.086 487.97 487.97 2 20 5
10.0859 488.02 488.02 2 20 5
10.0859 488.07 488.07 2 20 5
10.0859 488.12 488.12 2 20 5
10.0858 488.17 488.17 2 20 5
10.0858 488.22 488.22 2 20 5
10.0856 488.27 488.27 2 20 5
10.0858 488.32 488.32 2 20 5
10.0859 488.37 488.37 2 20 5
10.0859 488.42 488.42 2 20 5
10.086 488.47 488.47 2 20 5
10.0859 488.52 488.52 2 20 5
10.0859 488.57 488.57 2 20 5
10.0859 488.62 488.62 2 20 5
10.0859 488.67 488.67 2 20 5
10.0859 488.72 488.72 2 20 5
10.0858 488.77 488.77 2 20 5
10.0857 488.82 488.82 2 20 5
10.086 488.87 488.87 2 20 5
10.086 488.92 488.92 2 20 5
10.086 488.97 488.97 2 20 5
10.0859 489.02 489.02 2 20 5
10.0859 489.07 489.07 2 20 5
10.0859 489.12 489.12 2 20 5
10.0858 489.17 489.17 2 20 5
10.0858 489.22 489.22 2 20 5
10.086 489.27 489.27 2 20 5
10.086 489.32 489.32 2 20 5
10.086 489.37 489.37 2 20 5
10.0859 489.42 489.42 2 20 5
10.0859 489.47 489.47 2 20 5
10.0858 489.52 489.52 2 20 5
10.0857 489.57 489.57 2 20 5
10.086 489.62 489.62 2 20 5
10.086 489.67 489.67 2 20 5
10.086 489.72 489.72 2 20 5
10.0859 489.77 489.77 2 20 5
10.0859 489.82 489.82 2 20 5
10.0859 489.87 489.87 2 20 5
10.0858 489.92 489.92 2 20 5
10.0857 489.97 489.97 2 20 5
10.086 490.02 490.02 2 20 5
10.086 490.07 490.07 2 20 5
10.086 490.12 490.12 2 20 5
10.0859 490.17 490.17 2 20 5
10.0859 490.22 490.22 2 20 5
10.0859 490.27 490.27 2 20 5
10.0858 490.32 490.32 2 20 5
10.0858 490.37 490.37 2 20 5
10.0864 490.42 490.42 2 20 5
10.0862 490.47 490.47 2 20 5
10.086 490.52 490.52 2 20 5
10.0858 490.57 490.57 2 20 5
10.0857 490.62 490.62 2 20 5
10.0859 490.67 490.67 2 20 5
10.0859 490.72 490.72 2 20 5
10.0859 490.77 490.77 2 20 5
10.0859 490.82 490.82 2 20 5
10.0859 490.87 490.87 2 20 5
10.0859 490.92 490.92 2 20 5
10.0859 490.97 490.97 2 20 5
10.0859 491.02 491.02 2 20 5
10.0859 491.07 491.07 2 20 5
10.0859 491.12 491.12 2 20 5
10.0859 491.17 491.17 2 20 5
10.0858 491.22 491.22 2 20 5
10.0858 491.27 491.27 2 20 5
10.0852 491.32 491.32 2 20 5
10.0857 491.37 491.37 2 20 5
10.0861 491.42 491.42 2 20 5
10.0862 491.47 491.47 2 20 5
10.0861 491.52 491.52 2 20 5
10.086 491.57 491.57 2 20 5
10.0859 491.62 491.62 2 20 5
10.0858 491.67 491.67 2 20 5
10.0856 491.72 491.72 2 20 5
10.0859 491.77 491.77 2 20 5
10.0859 491.82 491.82 2 20 5
10.086 491.87 491.87 2 20 5
10.086 491.92 491.92 2 20 5
10.0859 491.97 491.97 2 20 5
10.0859 492.02 492.02 2 20 5
10.0859 492.07 492.07 2 20 5
10.0859 492.12 492.12 2 20 5
10.0858 492.17 492.17 2 20 5
10.0858 492.22 492.22 2 20 5
10.0841 492.27 492.27 2 20 5
10.0851 492.32 492.32 2 20 5
10.086 492.37 492.37 2 20 5
10.0864 492.42 492.42 2 20 5
10.0864 492.47 492.47 2 20 5
10.0862 492.52 492.52 2 20 5
10.0859 492.57 492.57 2 20 5
10.0858 492.62 492.62 2 20 5
10.0861 492.67 492.67 2 20 5
10.086 492.72 492.72 2 20 5
10.0859 492.77 492.77 2 20 5
10.0859 492.82 492.82 2 20 5
10.0858 492.87 492.87 2 20 5
10.0853 492.92 492.92 2 20 5
10.0857 492.97 492.97 2 20 5
10.086 493.02 493.02 2 20 5
10.0861 493.07 493.07 2 20 5
10.0861 493.12 493.12 2 20 5
10.086 493.17 493.17 2 20 5
10.0859 493.22 493.22 2 20 5
10.0858 493.27 493.27 2 20 5
10.0857 493.32 493.32 2 20 5
10.0859 493.37 493.37 2 20 5
10.086 493.42 493.42 2 20 5
10.086 493.47 493.47 2 20 5
10.0859 493.52 493.52 2 20 5
10.0859 493.57 493.57 2 20 5
10.0859 493.62 493.62 2 20 5
10.0859 493.67 493.67 2 20 5
10.0858 493.72 493.72 2 20 5
10.0858 493.77 493.77 2 20 5
10.0861 493.82 493.82 2 20 5
10.0861 493.87 493.87 2 20 5
10.086 493.92 493.92 2 20 5
10.0859 493.97 493.97 2 20 5
10.0858 494.02 494.02 2 20 5
10.0858 494.07 494.07 2 20 5
10.0861 494.12 494.12 2 20 5
10.086 494.17 494.17 2 20 5
10.086 494.22 494.22 2 20 5
10.0859 494.27 494.27 2 20 5
10.0859 494.32 494.32 2 20 5
10.0858 494.37 494.37 2 20 5
10.0856 494.42 494.42 2 20 5
10.0858 494.47 494.47 2 20 5
10.0858 494.52 494.52 2 20 5
10.0857 494.57 494.57 2 20 5
10.086 494.62 494.62 2 20 5
10.086 494.67 494.67 2 20 5
10.086 494.72 494.72 2 20 5
10.086 494.77 494.77 2 20 5
10.0859 494.82 494.82 2 20 5
10.0859 494.87 494.87 2 20 5
10.0858 494.92 494.92 2 20 5
10.0857 494.97 494.97 2 20 5
10.086 495.02 495.02 2 20 5
10.086 495.07 495.07 2 20 5
10.086 495.12 495.12 2 20 5
10.0859 495.17 495.17 2 20 5
10.0859 495.22 495.22 2 20 5
10.0858 495.27 495.27 2 20 5
10.0858 495.32 495.32 2 20 5
10.0863 495.37 495.37 2 20 5
10.0862 495.42 495.42 2 20 5
10.086 495.47 495.47 2 20 5
10.0859 495.52 495.52 2 20 5
10.0858 495.57 495.57 2 20 5
10.0861 495.62 495.62 2 20 5
10.0861 495.67 495.67 2 20 5
10.086 495.72 495.72 2 20 5
10.0859 495.77 495.77 2 20 5
10.0858 495.82 495.82 2 20 5
10.0857 495.87 495.87 2 20 5
10.0859 495.92 495.92 2 20 5
10.086 495.97 495.97 2 20 5
10.086 496.02 496.02 2 20 5
10.0859 496.07 496.07 2 20 5
10.0859 496.12 496.12 2 20 5
10.0859 496.17 496.17 2 20 5
10.0858 496.22 496.22 2 20 5
10.0858 496.27 496.27 2 20 5
10.0852 496.32 496.32 2 20 5
10.0856 496.37 496.37 2 20 5
10.0861 496.42 496.42 2 20 5
10.0862 496.47 496.47 2 20 5
10.0861 496.52 496.52 2 20 5
10.086 496.57 496.57 2 20 5
10.0859 496.62 496.62 2 20 5
10.0858 496.67 496.67 2 20 5
10.0857 496.72 496.72 2 20 5
10.0859 496.77 496.77 2 20 5
10.0859 496.82 496.82 2 20 5
10.086 496.87 496.87 2 20 5
10.086 496.92 496.92 2 20 5
10.0859 496.97 496.97 2 20 5
10.0859 497.02 497.02 2 20 5
10.0859 497.07 497.07 2 20 5
10.0858 497.12 497.12 2 20 5
10.0858 497.17 497.17 2 20 5
10.0857 497.22 497.22 2 20 5
10.086 497.27 497.27 2 20 5
10.086 497.32 497.32 2 20 5
10.086 497.37 497.37 2 20 5
10.0859 497.42 497.42 2 20 5
10.0859 497.47 497.47 2 20 5
10.0858 497.52 497.52 2 20 5
10.0858 497.57 497.57 2 20 5
10.0855 497.62 497.62 2 20 5
10.0858 497.67 497.67 2 20 5
10.0858 497.72 497.72 2 20 5
10.0858 497.77 497.77 2 20 5
10.0854 497.82 497.82 2 20 5
10.0858 497.87 497.87 2 20 5
10.0862 497.92 497.92 2 20 5
10.0862 497.97 497.97 2 20 5
10.0861 498.02 498.02 2 20 5
10.0859 498.07 498.07 2 20 5
10.0858 498.12 498.12 2 20 5
10.0857 498.17 498.17 2 20 5
10.0859 498.22 498.22 2 20 5
10.0859 498.27 498.27 2 20 5
10.0859 498.32 498.32 2 20 5
10.0859 498.37 498.37 2 20 5
10.0859 498.42 498.42 2 20 5
10.0859 498.47 498.47 2 20 5
10.0859 498.52 498.52 2 20 5
10.0859 498.57 498.57 2 20 5
10.0858 498.62 498.62 2 20 5
10.0858 498.67 498.67 2 20 5
10.0857 498.72 498.72 2 20 5
10.086 498.77 498.77 2 20 5
10.086 498.82 498.82 2 20 5
10.086 498.87 498.87 2 20 5
10.0859 498.92 498.92 2 20 5
10.0859 498.97 498.97 2 20 5
10.0859 499.02 499.02 2 20 5
10.0858 499.07 499.07 2 20 5
10.0857 499.12 499.12 2 20 5
10.086 499.17 499.17 2 20 5
10.086 499.22 499.22 2 20 5
10.086 499.27 499.27 2 20 5
10.0859 499.32 499.32 2 20 5
10.0859 499.37 499.37 2 20 5
10.0858 499.42 499.42 2 20 5
10.0857 499.47 499.47 2 20 5
10.086 499.52 499.52 2 20 5
10.086 499.57 499.57 2 20 5
10.086 499.62 499.62 2 20 5
10.0859 499.67 499.67 2 20 5
10.0859 499.72 499.72 2 20 5
10.0858 499.77 499.77 2 20 5
10.0858 499.82 499.82 2 20 5
10.0862 499.87 499.87 2 20 5
10.0861 499.92 499.92 2 20 5
10.086 499.97 499.97 2 20 5
10.0859 500.02 500.02 2 20 5
10.0859 0.1 0.1 2 20 5
10.0859 0.0599997 0.0599997 2 20 5
10.0859 0.0300015 0.0300015 2 20 5
10.0859 -0.0199985 -0.0199985 2 20 5
10.0859 -0.0699985 -0.0699985 2 20 5
10.0859 -0.119999 -0.119999 2 20 5
10.0859 -0.169999 -0.169999 2 20 5
10.0859 -0.219999 -0.219999 2 20 5
10.0859 -0.269999 -0.269999 2 20 5
10.0859 -0.319999 -0.319999 2 20 5
10.0859 -0.369999 -0.369999 2 20 5
10.0859 -0.419999 -0.419999 2 20 5
10.0859 -0.469999 -0.469999 2 20 5
10.0859 -0.519999 -0.519999 2 20 5
10.0859 -0.569999 -0.569999 2 20 5
10.0859 -0.619999 -0.619999 2 20 5
10.0859 -0.669999 -0.669999 2 20 5
10.0859 -0.719999 -0.719999 2 20 5
10.0859 -0.769999 -0.769999 2 20 5
10.0859 -0.819999 -0.819999 2 20 5
10.0859 -0.869999 -0.869999 2 20 5
10.0859 -0.919999 -0.919999 2 20 5
10.0859 -0.969999 -0.969999 2 20 5
10.0859 -1.02 -1.02 2 20 5
10.0859 -1.07 -1.07 2 20 5
10.0859 -1.12 -1.12 2 20 5
10.0859 -1.17 -1.17 2 20 5
10.0859 -1.22 -1.22 2 20 5
10.0859 -1.27 -1.27 2 20 5
10.0859 -1.32 -1.32 2 20 5
10.0859 -1.37 -1.37 2 20 5
10.0859 -1.42 -1.42 2 20 5
10.0859 -1.47 -1.47 2 20 5
10.0859 -1.52 -1.52 2 20 5
10.0859 -1.57 -1.57 2 20 5
10.0859 -1.62 -1.62 2 20 5
10.0859 -1.67 -1.67 2 20 5
10.0859 -1.72 -1.72 2 20 5
10.0859 -1.77 -1.77 2 20 5
10.0859 -1.82 -1.82 2 20 5
10.0859 -1.87 -1.87 2 20 5
10.0859 -1.92 -1.92 2 20 5
10.0859 -1.97 -1.97 2 20 5
10.0859 -2.02 -2.02 2 20 5
10.0859 -2.07 -2.07 2 20 5
10.0859 -2.12 -2.12 2 20 5
10.0859 -2.17 -2.17 2 20 5
10.0859 -2.22 -2.22 2 20 5
10.0859 -2.27 -2.27 2 20 5
10.0859 -2.32 -2.32 2 20 5
10.0859 -2.37 -2.37 2 20 5
10.0859 -2.42 -2.42 2 20 5
10.0859 -2.47 -2.47 2 20 5
10.0859 -2.52 -2.52 2 20 5
10.0859 -2.57 -2.57 2 20 5
10.0859 -2.62 -2.62 2 20 5
10.0859 -2.67 -2.67 2 20 5
10.0859 -2.72 -2.72 2 20 5
10.0859 -2.77 -2.77 2 20 5
10.0859 -2.82 -2.82 2 20 5
10.0859 -2.87 -2.87 2 20 5
10.0859 -2.92 -2.92 2 20 5
10.0859 -2.97 -2.97 2 20 5
10.0859 -3.02 -3.02 2 20 5
10.0859 -3.07 -3.07 2 20 5
10.0859 -3.12 -3.12 2 20 5
10.0859 -3.17 -3.17 2 20 5
10.0859 -3.22 -3.22 2 20 5
10.0859 -3.27 -3.27 2 20 5
10.0859 -3.32 -3.32 2 20 5
10.0859 -3.37 -3.37 2 20 5
10.0859 -3.42 -3.42 2 20 5
10.0859 -3.47 -3.47 2 20 5
10.0859 -3.52 -3.52 2 20 5
10.0859 -3.57 -3.57 2 20 5
10.0859 -3.62 -3.62 2 20 5
10.0859 -3.67 -3.67 2 20 5
10.0859 -3.72 -3.72 2 20 5
10.0859 -3.77 -3.77 2 20 5
10.0859 -3.82 -3.82 2 20 5
10.0859 -3.87 -3.87 2 20 5
10.0859 -3.92 -3.92 2 20 5
10.0859 -3.97 -3.97 2 20 5
10.0859 -4.02 -4.02 2 20 5
10.0859 -4.07 -4.07 2 20 5
10.0859 -4.12 -4.12 2 20 5
10.0859 -4.17 -4.17 2 20 5
10.0859 -4.22 -4.22 2 20 5
10.0859 -4.27 -4.27 2 20 5
10.0859 -4.32 -4.32 2 20 5
10.0859 -4.37 -4.37 2 20 5
10.0859 -4.42 -4.42 2 20 5
10.0859 -4.47 -4.47 2 20 5
10.0859 -4.52 -4.52 2 20 5
10.0859 -4.57 -4.57 2 20 5
10.0859 -4.62 -4.62 2 20 5
10.0859 -4.67 -4.67 2 20 5
10.0859 -4.72 -4.72 2 20 5
10.0859 -4.77 -4.77 2 20 5
10.0859 -4.82 -4.82 2 20 5
10.0859 -4.87 -4.87 2 20 5
10.0859 -4.92 -4.92 2 20 5
10.0859 -4.97 -4.97 2 20 5
10.0859 -5.02 -5.02 2 20 5
10.0859 -5.07 -5.07 2 20 5
10.0859 -5.12 -5.12 2 20 5
10.0859 -5.17 -5.17 2 20 5
10.0859 -5.22 -5.22 2 20 5
10.0859 -5.27 -5.27 2 20 5
10.0859 -5.32 -5.32 2 20 5
10.0859 -5.37 -5.37 2 20 5
10.0859 -5.42 -5.42 2 20 5
10.0859 -5.47 -5.47 2 20 5
10.0859 -5.52 -5.52 2 20 5
10.0859 -5.57 -5.57 2 20 5
10.0859 -5.62 -5.62 2 20 5
10.0859 -5.67 -5.67 2 20 5
10.0859 -5.72 -5.72 2 20 5
10.0859 -5.77 -5.77 2 20 5
10.0859 -5.82 -5.82 2 20 5
10.0859 -5.87 -5.87 2 20 5
10.0859 -5.92 -5.92 2 20 5
10.0859 -5.97 -5.97 2 20 5
10.0859 -6.02 -6.02 2 20 5
10.0859 -6.07 -6.07 2 20 5
10.0859 -6.12 -6.12 2 20 5
10.0859 -6.17 -6.17 2 20 5
10.0859 -6.22 -6.22 2 20 5
10.0859 -6.27 -6.27 2 20 5
10.0859 -6.32 -6.32 2 20 5
10.0859 -6.37 -6.37 2 20 5
10.0859 -6.42 -6.42 2 20 5
10.0859 -6.47 -6.47 2 20 5
10.0859 -6.52 -6.52 2 20 5
10.0859 -6.57 -6.57 2 20 5
10.0859 -6.62 -6.62 2 20 5
10.0859 -6.67 -6.67 2 20 5
10.0859 -6.72 -6.72 2 20 5
10.0859 -6.77 -6.77 2 20 5
10.0859 -6.82 -6.82 2 20 5
10.0859 -6.87 -6.87 2 20 5
10.0859 -6.92 -6.92 2 20 5
10.0859 -6.97 -6.97 2 20 5
10.0859 -7.02 -7.02 2 20 5
10.0859 -7.07 -7.07 2 20 5
10.0859 -7.12 -7.12 2 20 5
10.0859 -7.17 -7.17 2 20 5
10.0859 -7.22 -7.22 2 20 5
10.0859 -7.27 -7.27 2 20 5
10.0859 -7.32 -7.32 2 20 5
10.0859 -7.37 -7.37 2 20 5
10.0859 -7.42 -7.42 2 20 5
10.0859 -7.47 -7.47 2 20 5
10.0859 -7.52 -7.52 2 20 5
10.0859 -7.57 -7.57 2 20 5
10.0859 -7.62 -7.62 2 20 5
10.0859 -7.67 -7.67 2 20 5
10.0859 -7.72 -7.72 2 20 5
10.0859 -7.77 -7.77 2 20 5
10.0859 -7.82 -7.82 2 20 5
10.0859 -7.87 -7.87 2 20 5
10.0859 -7.92 -7.92 2 20 5
10.0859 -7.97 -7.97 2 20 5
10.0859 -8.02 -8.02 2 20 5
10.0859 -8.07 -8.07 2 20 5
10.0859 -8.12 -8.12 2 20 5
10.0859 -8.17 -8.17 2 20 5
10.0859 -8.22 -8.22 2 20 5
10.0859 -8.27 -8.27 2 20 5
10.0859 -8.32 -8.32 2 20 5
10.0859 -8.37 -8.37 2 20 5
10.0859 -8.42 -8.42 2 20 5
10.0859 -8.47 -8.47 2 20 5
10.0859 -8.52 -8.52 2 20 5
10.0859 -8.57 -8.57 2 20 5
10.0859 -8.62 -8.62 2 20 5
10.0859 -8.67 -8.67 2 20 5
10.0859 -8.72 -8.72 2 20 5
10.0859 -8.77 -8.77 2 20 5
10.0859 -8.82 -8.82 2 20 5
10.0859 -8.87 -8.87 2 20 5
10.0859 -8.92 -8.92 2 20 5
10.0859 -8.97 -8.97 2 20 5
10.0859 -9.02 -9.02 2 20 5
10.0859 -9.07 -9.07 2 20 5
10.0859 -9.12 -9.12 2 20 5
10.0859 -9.17 -9.17 2 20 5
10.0859 -9.22 -9.22 2 20 5
10.0859 -9.27 -9.27 2 20 5
10.0859 -9.32 -9.32 2 20 5
10.0859 -9.37 -9.37 2 20 5
10.0859 -9.42 -9.42 2 20 5
10.0859 -9.47 -9.47 2 20 5
10.0859 -9.52 -9.52 2 20 5
10.0859 -9.57 -9.57 2 20 5
10.0859 -9.62 -9.62 2 20 5
10.0859 -9.67 -9.67 2 20 5
10.0859 -9.72 -9.72 2 20 5
10.0859 -9.77 -9.77 2 20 5
10.0859 -9.82 -9.82 2 20 5
10.0859 -9.87 -9.87 2 20 5
10.0859 -9.92 -9.92 2 20 5
10.0859 -9.97 -9.97 2 20 5
10.0859 -10.02 -10.02 2 20 5
10.0859 -10.07 -10.07 2 20 5
10.0859 -10.12 -10.12 2 20 5
10.0859 -10.17 -10.17 2 20 5
10.0859 -10.22 -10.22 2 20 5
10.0859 -10.27 -10.27 2 20 5
10.0859 -10.32 -10.32 2 20 5
10.0859 -10.37 -10.37 2 20 5
10.0859 -10.42 -10.42 2 20 5
10.0859 -10.47 -10.47 2 20 5
10.0859 -10.52 -10.52 2 20 5
10.0859 -10.57 -10.57 2 20 5
10.0859 -10.62 -10.62 2 20 5
10.0859 -10.67 -10.67 2 20 5
10.0859 -10.72 -10.72 2 20 5
10.0859 -10.77 -10.77 2 20 5
10.0859 -10.82 -10.82 2 20 5
10.0859 -10.87 -10.87 2 20 5
10.0859 -10.92 -10.92 2 20 5
10.0859 -10.97 -10.97 2 20 5
10.0859 -11.02 -11.02 2 20 5
10.0859 -11.07 -11.07 2 20 5
10.0859 -11.12 -11.12 2 20 5
10.0859 -11.17 -11.17 2 20 5
10.0859 -11.22 -11.22 2 20 5
10.0859 -11.27 -11.27 2 20 5
10.0859 -11.32 -11.32 2 20 5
10.0859 -11.37 -11.37 2 20 5
10.0859 -11.42 -11.42 2 20 5
10.0859 -11.47 -11.47 2 20 5
10.0859 -11.52 -11.52 2 20 5
10.0859 -11.57 -11.57 2 20 5
10.0859 -11.62 -11.62 2 20 5
10.0859 -11.67 -11.67 2 20 5
10.0859 -11.72 -11.72 2 20 5
10.0859 -11.77 -11.77 2 20 5
10.0859 -11.82 -11.82 2 20 5
10.0859 -11.87 -11.87 2 20 5
10.0859 -11.92 -11.92 2 20 5
10.0859 -11.97 -11.97 2 20 5
10.0859 -12.02 -12.02 2 20 5
10.0859 -12.07 -12.07 2 20 5
10.0859 -12.12 -12.12 2 20 5
10.0859 -12.17 -12.17 2 20 5
10.0859 -12.22 -12.22 2 20 5
10.0859 -12.27 -12.27 2 20 5
10.0859 -12.32 -12.32 2 20 5
10.0859 -12.37 -12.37 2 20 5
10.0859 -12.42 -12.42 2 20 5
10.0859 -12.47 -12.47 2 20 5
10.0859 -12.52 -12.52 2 20 5
10.0859 -12.57 -12.57 2 20 5
10.0859 -12.62 -12.62 2 20 5
10.0859 -12.67 -12.67 2 20 5
10.0859 -12.72 -12.72 2 20 5
10.0859 -12.77 -12.77 2 20 5
10.0859 -12.82 -12.82 2 20 5
10.0859 -12.87 -12.87 2 20 5
10.0859 -12.92 -12.92 2 20 5
10.0859 -12.97 -12.97 2 20 5
10.0859 -13.02 -13.02 2 20 5
10.0859 -13.07 -13.07 2 20 5
10.0859 -13.12 -13.12 2 20 5
10.0859 -13.17 -13.17 2 20 5
10.0859 -13.22 -13.22 2 20 5
10.0859 -13.27 -13.27 2 20 5
10.0859 -13.32 -13.32 2 20 5
10.0859 -13.37 -13.37 2 20 5
10.0859 -13.42 -13.42 2 20 5
10.0859 -13.47 -13.47 2 20 5
10.0859 -13.52 -13.52 2 20 5
10.0859 -13.57 -13.57 2 20 5
10.0859 -13.62 -13.62 2 20 5
10.0859 -13.67 -13.67 2 20 5
10.0859 -13.72 -13.72 2 20 5
10.0859 -13.77 -13.77 2 20 5
10.0859 -13.82 -13.82 2 20 5
10.0859 -13.87 -13.87 2 20 5
10.0859 -13.92 -13.92 2 20 5
10.0859 -13.97 -13.97 2 20 5
10.0859 -14.02 -14.02 2 20 5
10.0859 -14.07 -14.07 2 20 5
10.0859 -14.12 -14.12 2 20 5
10.0859 -14.17 -14.17 2 20 5
10.0859 -14.22 -14.22 2 20 5
10.0859 -14.27 -14.27 2 20 5
10.0859 -14.32 -14.32 2 20 5
10.0859 -14.37 -14.37 2 20 5
10.0859 -14.42 -14.42 2 20 5
10.0859 -14.47 -14.47 2 20 5
10.0859 -14.52 -14.52 2 20 5
10.0859 -14.57 -14.57 2 20 5
10.0859 -14.62 -14.62 2 20 5
10.0859 -14.67 -14.67 2 20 5
10.0859 -14.72 -14.72 2 20 5
10.0859 -14.77 -14.77 2 20 5
10.0859 -14.82 -14.82 2 20 5
10.0859 -14.87 -14.87 2 20 5
10.0859 -14.92 -14.92 2 20 5
10.0859 -14.97 -14.97 2 20 5
10.0859 -15.02 -15.02 2 20 5
10.0859 -15.07 -15.07 2 20 5
10.0859 -15.12 -15.12 2 20 5
10.0859 -15.17 -15.17 2 20 5
10.0859 -15.22 -15.22 2 20 5
10.0859 -15.27 -15.27 2 20 5
10.0859 -15.32 -15.32 2 20 5
10.0859 -15.37 -15.37 2 20 5
10.0859 -15.42 -15.42 2 20 5
10.0859 -15.47 -15.47 2 20 5
10.0859 -15.52 -15.52 2 20 5
10.0859 -15.57 -15.57 2 20 5
10.0859 -15.62 -15.62 2 20 5
10.0859 -15.67 -15.67 2 20 5
10.0859 -15.72 -15.72 2 20 5
10.0859 -15.77 -15.77 2 20 5
10.0859 -15.82 -15.82 2 20 5
10.0859 -15.87 -15.87 2 20 5
10.0859 -15.92 -15.92 2 20 5
10.0859 -15.97 -15.97 2 20 5
10.0859 -16.02 -16.02 2 20 5
10.0859 -16.07 -16.07 2 20 5
10.0859 -16.12 -16.12 2 20 5
10.0859 -16.17 -16.17 2 20 5
10.0859 -16.22 -16.22 2 20 5
10.0859 -16.27 -16.27 2 20 5
10.0859 -16.32 -16.32 2 20 5
10.0859 -16.37 -16.37 2 20 5
10.0859 -16.42 -16.42 2 20 5
10.0859 -16.47 -16.47 2 20 5
10.0859 -16.52 -16.52 2 20 5
10.0859 -16.57 -16.57 2 20 5
10.0859 -16.62 -16.62 2 20 5
10.0859 -16.67 -16.67 2 20 5
10.0859 -16.72 -16.72 2 20 5
10.0859 -16.77 -16.77 2 20 5
10.0859 -16.82 -16.82 2 20 5
10.0859 -16.87 -16.87 2 20 5
10.0859 -16.92 -16.92 2 20 5
10.0859 -16.97 -16.97 2 20 5
10.0859 -17.02 -17.02 2 20 5
10.0859 -17.07 -17.07 2 20 5
10.0859 -17.12 -17.12 2 20 5
10.0859 -17.17 -17.17 2 20 5
10.0859 -17.22 -17.22 2 20 5
10.0859 -17.27 -17.27 2 20 5
10.0859 -17.32 -17.32 2 20 5
10.0859 -17.37 -17.37 2 20 5
10.0859 -17.42 -17.42 2 20 5
10.0859 -17.47 -17.47 2 20 5
10.0859 -17.52 -17.52 2 20 5
10.0859 -17.57 -17.57 2 20 5
10.0859 -17.62 -17.62 2 20 5
10.0859 -17.67 -17.67 2 20 5
10.0859 -17.72 -17.72 2 20 5
10.0859 -17.77 -17.77 2 20 5
10.0859 -17.82 -17.82 2 20 5
10.0859 -17.87 -17.87 2 20 5
10.0859 -17.92 -17.92 2 20 5
10.0859 -17.97 -17.97 2 20 5
10.0859 -18.02 -18.02 2 20 5
10.0859 -18.07 -18.07 2 20 5
10.0859 -18.12 -18.12 2 20 5
10.0859 -18.17 -18.17 2 20 5
10.0859 -18.22 -18.22 2 20 5
10.0859 -18.27 -18.27 2 20 5
10.0859 -18.32 -18.32 2 20 5
10.0859 -18.37 -18.37 2 20 5
10.0859 -18.42 -18.42 2 20 5
10.0859 -18.47 -18.47 2 20 5
10.0859 -18.52 -18.52 2 20 5
10.0859 -18.57 -18.57 2 20 5
10.0859 -18.62 -18.62 2 20 5
10.0859 -18.67 -18.67 2 20 5
10.0859 -18.72 -18.72 2 20 5
10.0859 -18.77 -18.77 2 20 5
10.0859 -18.82 -18.82 2 20 5
10.0859 -18.87 -18.87 2 20 5
10.0859 -18.92 -18.92 2 20 5
10.0859 -18.97 -18.97 2 20 5
10.0859 -19.02 -19.02 2 20 5
10.0859 -19.07 -19.07 2 20 5
10.0859 -19.12 -19.12 2 20 5
10.0859 -19.17 -19.17 2 20 5
10.0859 -19.22 -19.22 2 20 5
10.0859 -19.27 -19.27 2 20 5
10.0859 -19.32 -19.32 2 20 5
10.0859 -19.37 -19.37 2 20 5
10.0859 -19.42 -19.42 2 20 5
10.0859 -19.47 -19.47 2 20 5
10.0859 -19.52 -19.52 2 20 5
10.0859 -19.57 -19.57 2 20 5
10.0859 -19.62 -19.62 2 20 5
10.0859 -19.67 -19.67 2 20 5
10.0859 -19.72 -19.72 2 20 5
10.0859 -19.77 -19.77 2 20 5
10.0859 -19.82 -19.82 2 20 5
10.0859 -19.87 -19.87 2 20 5
10.0859 -19.92 -19.92 2 20 5
10.0859 -19.97 -19.97 2 20 5
10.0859 -20.02 -20.02 2 20 5
10.0859 -20.07 -20.07 2 20 5
10.0859 -20.12 -20.12 2 20 5
10.0859 -20.17 -20.17 2 20 5
10.0859 -20.22 -20.22 2 20 5
10.0859 -20.27 -20.27 2 20 5
10.0859 -20.32 -20.32 2 20 5
10.0859 -20.37 -20.37 2 20 5
10.0859 -20.42 -20.42 2 20 5
10.0859 -20.47 -20.47 2 20 5
10.0859 -20.52 -20.52 2 20 5
10.0859 -20.57 -20.57 2 20 5
10.0859 -20.62 -20.62 2 20 5
10.0859 -20.67 -20.67 2 20 5
10.0859 -20.72 -20.72 2 20 5
10.0859 -20.77 -20.77 2 20 5
10.0859 -20.82 -20.82 2 20 5
10.0859 -20.87 -20.87 2 20 5
10.0859 -20.92 -20.92 2 20 5
10.0859 -20.97 -20.97 2 20 5
10.0859 -21.02 -21.02 2 20 5
10.0859 -21.07 -21.07 2 20 5
10.0859 -21.12 -21.12 2 20 5
10.0859 -21.17 -21.17 2 20 5
10.0859 -21.22 -21.22 2 20 5
10.0859 -21.27 -21.27 2 20 5
10.0859 -21.32 -21.32 2 20 5
10.0859 -21.37 -21.37 2 20 5
10.0859 -21.42 -21.42 2 20 5
10.0859 -21.47 -21.47 2 20 5
10.0859 -21.52 -21.52 2 20 5
10.0859 -21.57 -21.57 2 20 5
10.0859 -21.62 -21.62 2 20 5
10.0859 -21.67 -21.67 2 20 5
10.0859 -21.72 -21.72 2 20 5
10.0859 -21.77 -21.77 2 20 5
10.0859 -21.82 -21.82 2 20 5
10.0859 -21.87 -21.87 2 20 5
10.0859 -21.92 -21.92 2 20 5
10.0859 -21.97 -21.97 2 20 5
10.0859 -22.02 -22.02 2 20 5
10.0859 -22.07 -22.07 2 20 5
10.0859 -22.12 -22.12 2 20 5
10.0859 -22.17 -22.17 2 20 5
10.0859 -22.22 -22.22 2 20 5
10.0859 -22.27 -22.27 2 20 5
10.0859 -22.32 -22.32 2 20 5
10.0859 -22.37 -22.37 2 20 5
10.0859 -22.42 -22.42 2 20 5
10.0859 -22.47 -22.47 2 20 5
10.0859 -22.52 -22.52 2 20 5
10.0859 -22.57 -22.57 2 20 5
10.0859 -22.62 -22.62 2 20 5
10.0859 -22.67 -22.67 2 20 5
10.0859 -22.72 -22.72 2 20 5
10.0859 -22.77 -22.77 2 20 5
10.0859 -22.82 -22.82 2 20 5
10.0859 -22.87 -22.87 2 20 5
10.0859 -22.92 -22.92 2 20 5
10.0859 -22.97 -22.97 2 20 5
10.0859 -23.02 -23.02 2 20 5
10.0859 -23.07 -23.07 2 20 5
10.0859 -23.12 -23.12 2 20 5
10.0859 -23.17 -23.17 2 20 5
10.0859 -23.22 -23.22 2 20 5
10.0859 -23.27 -23.27 2 20 5
10.0859 -23.32 -23.32 2 20 5
10.0859 -23.37 -23.37 2 20 5
10.0859 -23.42 -23.42 2 20 5
10.0859 -23.47 -23.47 2 20 5
10.0859 -23.52 -23.52 2 20 5
10.0859 -23.57 -23.57 2 20 5
10.0859 -23.62 -23.62 2 20 5
10.0859 -23.67 -23.67 2 20 5
10.0859 -23.72 -23.72 2 20 5
10.0859 -23.77 -23.77 2 20 5
10.0859 -23.82 -23.82 2 20 5
10.0859 -23.87 -23.87 2 20 5
10.0859 -23.92 -23.92 2 20 5
10.0859 -23.97 -23.97 2 20 5
10.0859 -24.02 -24.02 2 20 5
10.0859 -24.07 -24.07 2 20 5
10.0859 -24.12 -24.12 2 20 5
10.0859 -24.17 -24.17 2 20 5
10.0859 -24.22 -24.22 2 20 5
10.0859 -24.27 -24.27 2 20 5
10.0859 -24.32 -24.32 2 20 5
10.0859 -24.37 -24.37 2 20 5
10.0859 -24.42 -24.42 2 20 5
10.0859 -24.47 -24.47 2 20 5
10.0859 -24.52 -24.52 2 20 5
10.0859 -24.57 -24.57 2 20 5
10.0859 -24.62 -24.62 2 20 5
10.0859 -24.67 -24.67 2 20 5
10.0859 -24.72 -24.72 2 20 5
10.0859 -24.77 -24.77 2 20 5
10.0859 -24.82 -24.82 2 20 5
10.0859 -24.87 -24.87 2 20 5
10.0859 -24.92 -24.92 2 20 5
10.0859 -24.97 -24.97 2 20 5
10.0859 -25.02 -25.02 2 20 5
10.0859 -25.07 -25.07 2 20 5
10.0859 -25.12 -25.12 2 20 5
10.0859 -25.17 -25.17 2 20 5
10.0859 -25.22 -25.22 2 20 5
10.0859 -25.27 -25.27 2 20 5
10.0859 -25.32 -25.32 2 20 5
10.0859 -25.37 -25.37 2 20 5
10.0859 -25.42 -25.42 2 20 5
10.0859 -25.47 -25.47 2 20 5
10.0859 -25.52 -25.52 2 20 5
10.0859 -25.57 -25.57 2 20 5
10.0859 -25.62 -25.62 2 20 5
10.0859 -25.67 -25.67 2 20 5
10.0859 -25.72 -25.72 2 20 5
10.0859 -25.77 -25.77 2 20 5
10.0859 -25.82 -25.82 2 20 5
10.0859 -25.87 -25.87 2 20 5
10.0859 -25.92 -25.92 2 20 5
10.0859 -25.97 -25.97 2 20 5
10.0859 -26.02 -26.02 2 20 5
10.0859 -26.07 -26.07 2 20 5
10.0859 -26.12 -26.12 2 20 5
10.0859 -26.17 -26.17 2 20 5
10.0859 -26.22 -26.22 2 20 5
10.0859 -26.27 -26.27 2 20 5
10.0859 -26.32 -26.32 2 20 5
10.0859 -26.37 -26.37 2 20 5
10.0859 -26.42 -26.42 2 20 5
10.0859 -26.47 -26.47 2 20 5
10.0859 -26.52 -26.52 2 20 5
10.0859 -26.57 -26.57 2 20 5
10.0859 -26.62 -26.62 2 20 5
10.0859 -26.67 -26.67 2 20 5
10.0859 -26.72 -26.72 2 20 5
10.0859 -26.77 -26.77 2 20 5
10.0859 -26.82 -26.82 2 20 5
10.0859 -26.87 -26.87 2 20 5
10.0859 -26.92 -26.92 2 20 5
10.0859 -26.97 -26.97 2 20 5
10.0859 -27.02 -27.02 2 20 5
10.0859 -27.07 -27.07 2 20 5
10.0859 -27.12 -27.12 2 20 5
10.0859 -27.17 -27.17 2 20 5
10.0859 -27.22 -27.22 2 20 5
10.0859 -27.27 -27.27 2 20 5
10.0859 -27.32 -27.32 2 20 5
10.0859 -27.37 -27.37 2 20 5
10.0859 -27.42 -27.42 2 20 5
10.0859 -27.47 -27.47 2 20 5
10.0859 -27.52 -27.52 2 20 5
10.0859 -27.57 -27.57 2 20 5
10.0859 -27.62 -27.62 2 20 5
10.0859 -27.67 -27.67 2 20 5
10.0859 -27.72 -27.72 2 20 5
10.0859 -27.77 -27.77 2 20 5
10.0859 -27.82 -27.82 2 20 5
10.0859 -27.87 -27.87 2 20 5
10.0859 -27.92 -27.92 2 20 5
10.0859 -27.97 -27.97 2 20 5
10.0859 -28.02 -28.02 2 20 5
10.0859 -28.07 -28.07 2 20 5
10.0859 -28.12 -28.12 2 20 5
10.0859 -28.17 -28.17 2 20 5
10.0859 -28.22 -28.22 2 20 5
10.0859 -28.27 -28.27 2 20 5
10.0859 -28.32 -28.32 2 20 5
10.0859 -28.37 -28.37 2 20 5
10.0859 -28.42 -28.42 2 20 5
10.0859 -28.47 -28.47 2 20 5
10.0859 -28.52 -28.52 2 20 5
10.0859 -28.57 -28.57 2 20 5
10.0859 -28.62 -28.62 2 20 5
10.0859 -28.67 -28.67 2 20 5
10.0859 -28.72 -28.72 2 20 5
10.0859 -28.77 -28.77 2 20 5
10.0859 -28.82 -28.82 2 20 5
10.0859 -28.87 -28.87 2 20 5
10.0859 -28.92 -28.92 2 20 5
10.0859 -28.97 -28.97 2 20 5
10.0859 -29.02 -29.02 2 20 5
10.0859 -29.07 -29.07 2 20 5
10.0859 -29.12 -29.12 2 20 5
10.0859 -29.17 -29.17 2 20 5
10.0859 -29.22 -29.22 2 20 5
10.0859 -29.27 -29.27 2 20 5
10.0859 -29.32 -29.32 2 20 5
10.0859 -29.37 -29.37 2 20 5
10.0859 -29.42 -29.42 2 20 5
10.0859 -29.47 -29.47 2 20 5
10.0859 -29.52 -29.52 2 20 5
10.0859 -29.57 -29.57 2 20 5
10.0859 -29.62 -29.62 2 20 5
10.0859 -29.67 -29.67 2 20 5
10.0859 -29.72 -29.72 2 20 5
10.0859 -29.77 -29.77 2 20 5
10.0859 -29.82 -29.82 2 20 5
10.0859 -29.87 -29.87 2 20 5
10.0859 -29.92 -29.92 2 20 5
10.0859 -29.97 -29.97 2 20 5
10.0859 -30.02 -30.02 2 20 5
10.0859 -30.07 -30.07 2 20 5
10.0859 -30.12 -30.12 2 20 5
10.0859 -30.17 -30.17 2 20 5
10.0859 -30.22 -30.22 2 20 5
10.0859 -30.27 -30.27 2 20 5
10.0859 -30.32 -30.32 2 20 5
10.0859 -30.37 -30.37 2 20 5
10.0859 -30.42 -30.42 2 20 5
10.0859 -30.47 -30.47 2 20 5
10.0859 -30.52 -30.52 2 20 5
10.0859 -30.57 -30.57 2 20 5
10.0859 -30.62 -30.62 2 20 5
10.0859 -30.67 -30.67 2 20 5
10.0859 -30.72 -30.72 2 20 5
10.0859 -30.77 -30.77 2 20 5
10.0859 -30.82 -30.82 2 20 5
10.0859 -30.87 -30.87 2 20 5
10.0859 -30.92 -30.92 2 20 5
10.0859 -30.97 -30.97 2 20 5
10.0859 -31.02 -31.02 2 20 5
10.0859 -31.07 -31.07 2 20 5
10.0859 -31.12 -31.12 2 20 5
10.0859 -31.17 -31.17 2 20 5
10.0859 -31.22 -31.22 2 20 5
10.0859 -31.27 -31.27 2 20 5
10.0859 -31.32 -31.32 2 20 5
10.0859 -31.37 -31.37 2 20 5
10.0859 -31.42 -31.42 2 20 5
10.0859 -31.47 -31.47 2 20 5
10.0859 -31.52 -31.52 2 20 5
10.0859 -31.57 -31.57 2 20 5
10.0859 -31.62 -31.62 2 20 5
10.0859 -31.67 -31.67 2 20 5
10.0859 -31.72 -31.72 2 20 5
10.0859 -31.77 -31.77 2 20 5
10.0859 -31.82 -31.82 2 20 5
10.0859 -31.87 -31.87 2 20 5
10.0859 -31.92 -31.92 2 20 5
10.0859 -31.97 -31.97 2 20 5
10.0859 -32.02 -32.02 2 20 5
10.0859 -32.07 -32.07 2 20 5
10.0859 -32.12 -32.12 2 20 5
10.0859 -32.17 -32.17 2 20 5
10.0859 -32.22 -32.22 2 20 5
10.0859 -32.27 -32.27 2 20 5
10.0859 -32.32 -32.32 2 20 5
10.0859 -32.37 -32.37 2 20 5
10.0859 -32.42 -32.42 2 20 5
10.0859 -32.47 -32.47 2 20 5
10.0859 -32.52 -32.52 2 20 5
10.0859 -32.57 -32.57 2 20 5
10.0859 -32.62 -32.62 2 20 5
10.0859 -32.67 -32.67 2 20 5
10.0859 -32.72 -32.72 2 20 5
10.0859 -32.77 -32.77 2 20 5
10.0859 -32.82 -32.82 2 20 5
10.0859 -32.87 -32.87 2 20 5
10.0859 -32.92 -32.92 2 20 5
10.0859 -32.97 -32.97 2 20 5
10.0859 -33.02 -33.02 2 20 5
10.0859 -33.07 -33.07 2 20 5
10.0859 -33.12 -33.12 2 20 5
10.0859 -33.17 -33.17 2 20 5
10.0859 -33.22 -33.22 2 20 5
10.0859 -33.27 -33.27 2 20 5
10.0859 -33.32 -33.32 2 20 5
10.0859 -33.37 -33.37 2 20 5
10.0859 -33.42 -33.42 2 20 5
10.0859 -33.47 -33.47 2 20 5
10.0859 -33.52 -33.52 2 20 5
10.0859 -33.57 -33.57 2 20 5
10.0859 -33.62 -33.62 2 20 5
10.0859 -33.67 -33.67 2 20 5
10.0859 -33.72 -33.72 2 20 5
10.0859 -33.77 -33.77 2 20 5
10.0859 -33.82 -33.82 2 20 5
10.0859 -33.87 -33.87 2 20 5
10.0859 -33.92 -33.92 2 20 5
10.0859 -33.97 -33.97 2 20 5
10.0859 -34.02 -34.02 2 20 5
10.0859 -34.07 -34.07 2 20 5
10.0859 -34.12 -34.12 2 20 5
10.0859 -34.17 -34.17 2 20 5
10.0859 -34.22 -34.22 2 20 5
10.0859 -34.27 -34.27 2 20 5
10.0859 -34.32 -34.32 2 20 5
10.0859 -34.37 -34.37 2 20 5
10.0859 -34.42 -34.42 2 20 5
10.0859 -34.47 -34.47 2 20 5
10.0859 -34.52 -34.52 2 20 5
10.0859 -34.57 -34.57 2 20 5
10.0859 -34.62 -34.62 2 20 5
10.0859 -34.67 -34.67 2 20 5
10.0859 -34.72 -34.72 2 20 5
10.0859 -34.77 -34.77 2 20 5
10.0859 -34.82 -34.82 2 20 5
10.0859 -34.87 -34.87 2 20 5
10.0859 -34.92 -34.92 2 20 5
10.0859 -34.97 -34.97 2 20 5
10.0859 -35.02 -35.02 2 20 5
10.0859 -35.07 -35.07 2 20 5
10.0859 -35.12 -35.12 2 20 5
10.0859 -35.17 -35.17 2 20 5
10.0859 -35.22 -35.22 2 20 5
10.0859 -35.27 -35.27 2 20 5
10.0859 -35.32 -35.32 2 20 5
10.0859 -35.37 -35.37 2 20 5
10.0859 -35.42 -35.42 2 20 5
10.0859 -35.47 -35.47 2 20 5
10.0859 -35.52 -35.52 2 20 5
10.0859 -35.57 -35.57 2 20 5
10.0859 -35.62 -35.62 2 20 5
10.0859 -35.67 -35.67 2 20 5
10.0859 -35.72 -35.72 2 20 5
10.0859 -35.77 -35.77 2 20 5
10.0859 -35.82 -35.82 2 20 5
10.0859 -35.87 -35.87 2 20 5
10.0859 -35.92 -35.92 2 20 5
10.0859 -35.97 -35.97 2 20 5
10.0859 -36.02 -36.02 2 20 5
10.0859 -36.07 -36.07 2 20 5
10.0859 -36.12 -36.12 2 20 5
10.0859 -36.17 -36.17 2 20 5
10.0859 -36.22 -36.22 2 20 5
10.0859 -36.27 -36.27 2 20 5
10.0859 -36.32 -36.32 2 20 5
10.0859 -36.37 -36.37 2 20 5
10.0859 -36.42 -36.42 2 20 5
10.0859 -36.47 -36.47 2 20 5
10.0859 -36.52 -36.52 2 20 5
10.0859 -36.57 -36.57 2 20 5
10.0859 -36.62 -36.62 2 20 5
10.0859 -36.67 -36.67 2 20 5
10.0859 -36.72 -36.72 2 20 5
10.0859 -36.77 -36.77 2 20 5
10.0859 -36.82 -36.82 2 20 5
10.0859 -36.87 -36.87 2 20 5
10.0859 -36.92 -36.92 2 20 5
10.0859 -36.97 -36.97 2 20 5
10.0859 -37.02 -37.02 2 20 5
10.0859 -37.07 -37.07 2 20 5
10.0859 -37.12 -37.12 2 20 5
10.0859 -37.17 -37.17 2 20 5
10.0859 -37.22 -37.22 2 20 5
10.0859 -37.27 -37.27 2 20 5
10.0859 -37.32 -37.32 2 20 5
10.0859 -37.37 -37.37 2 20 5
10.0859 -37.42 -37.42 2 20 5
10.0859 -37.47 -37.47 2 20 5
10.0859 -37.52 -37.52 2 20 5
10.0859 -37.57 -37.57 2 20 5
10.0859 -37.62 -37.62 2 20 5
10.0859 -37.67 -37.67 2 20 5
10.0859 -37.72 -37.72 2 20 5
10.0859 -37.77 -37.77 2 20 5
10.0859 -37.82 -37.82 2 20 5
10.0859 -37.87 -37.87 2 20 5
10.0859 -37.92 -37.92 2 20 5
10.0859 -37.97 -37.97 2 20 5
10.0859 -38.02 -38.02 2 20 5
10.0859 -38.07 -38.07 2 20 5
10.0859 -38.12 -38.12 2 20 5
10.0859 -38.17 -38.17 2 20 5
10.0859 -38.22 -38.22 2 20 5
10.0859 -38.27 -38.27 2 20 5
10.0859 -38.32 -38.32 2 20 5
10.0859 -38.37 -38.37 2 20 5
10.0859 -38.42 -38.42 2 20 5
10.0859 -38.47 -38.47 2 20 5
10.0859 -38.52 -38.52 2 20 5
10.0859 -38.57 -38.57 2 20 5
10.0859 -38.62 -38.62 2 20 5
10.0859 -38.67 -38.67 2 20 5
10.0859 -38.72 -38.72 2 20 5
10.0859 -38.77 -38.77 2 20 5
10.0859 -38.82 -38.82 2 20 5
10.0859 -38.87 -38.87 2 20 5
10.0859 -38.92 -38.92 2 20 5
10.0859 -38.97 -38.97 2 20 5
10.0859 -39.02 -39.02 2 20 5
10.0859 -39.07 -39.07 2 20 5
10.0859 -39.12 -39.12 2 20 5
10.0859 -39.17 -39.17 2 20 5
10.0859 -39.22 -39.22 2 20 5
10.0859 -39.27 -39.27 2 20 5
10.0859 -39.32 -39.32 2 20 5
10.0859 -39.37 -39.37 2 20 5
10.0859 -39.42 -39.42 2 20 5
10.0859 -39.47 -39.47 2 20 5
10.0859 -39.52 -39.52 2 20 5
10.0859 -39.57 -39.57 2 20 5
10.0859 -39.62 -39.62 2 20 5
10.0859 -39.67 -39.67 2 20 5
10.0859 -39.72 -39.72 2 20 5
10.0859 -39.77 -39.77 2 20 5
10.0859 -39.82 -39.82 2 20 5
10.0859 -39.87 -39.87 2 20 5
10.0859 -39.92 -39.92 2 20 5
10.0859 -39.97 -39.97 2 20 5
10.0859 -40.02 -40.02 2 20 5
10.0859 -40.07 -40.07 2 20 5
10.0859 -40.12 -40.12 2 20 5
10.0859 -40.17 -40.17 2 20 5
10.0859 -40.22 -40.22 2 20 5
10.0859 -40.27 -40.27 2 20 5
10.0859 -40.32 -40.32 2 20 5
10.0859 -40.37 -40.37 2 20 5
10.0859 -40.42 -40.42 2 20 5
10.0859 -40.47 -40.47 2 20 5
10.0859 -40.52 -40.52 2 20 5
10.0859 -40.57 -40.57 2 20 5
10.0859 -40.62 -40.62 2 20 5
10.0859 -40.67 -40.67 2 20 5
10.0859 -40.72 -40.72 2 20 5
10.0859 -40.77 -40.77 2 20 5
10.0859 -40.82 -40.82 2 20 5
10.0859 -40.87 -40.87 2 20 5
10.0859 -40.92 -40.92 2 20 5
10.0859 -40.97 -40.97 2 20 5
10.0859 -41.02 -41.02 2 20 5
10.0859 -41.07 -41.07 2 20 5
10.0859 -41.12 -41.12 2 20 5
10.0859 -41.17 -41.17 2 20 5
10.0859 -41.22 -41.22 2 20 5
10.0859 -41.27 -41.27 2 20 5
10.0859 -41.32 -41.32 2 20 5
10.0859 -41.37 -41.37 2 20 5
10.0859 -41.42 -41.42 2 20 5
10.0859 -41.47 -41.47 2 20 5
10.0859 -41.52 -41.52 2 20 5
10.0859 -41.57 -41.57 2 20 5
10.0859 -41.62 -41.62 2 20 5
10.0859 -41.67 -41.67 2 20 5
10.0859 -41.72 -41.72 2 20 5
10.0859 -41.77 -41.77 2 20 5
10.0859 -41.82 -41.82 2 20 5
10.0859 -41.87 -41.87 2 20 5
10.0859 -41.92 -41.92 2 20 5
10.0859 -41.97 -41.97 2 20 5
10.0859 -42.02 -42.02 2 20 5
10.0859 -42.07 -42.07 2 20 5
10.0859 -42.12 -42.12 2 20 5
10.0859 -42.17 -42.17 2 20 5
10.0859 -42.22 -42.22 2 20 5
10.0859 -42.27 -42.27 2 20 5
10.0859 -42.32 -42.32 2 20 5
10.0859 -42.37 -42.37 2 20 5
10.0859 -42.42 -42.42 2 20 5
10.0859 -42.47 -42.47 2 20 5
10.0859 -42.52 -42.52 2 20 5
10.0859 -42.57 -42.57 2 20 5
10.0859 -42.62 -42.62 2 20 5
10.0859 -42.67 -42.67 2 20 5
10.0859 -42.72 -42.72 2 20 5
10.0859 -42.77 -42.77 2 20 5
10.0859 -42.82 -42.82 2 20 5
10.0859 -42.87 -42.87 2 20 5
10.0859 -42.92 -42.92 2 20 5
10.0859 -42.97 -42.97 2 20 5
10.0859 -43.02 -43.02 2 20 5
10.0859 -43.07 -43.07 2 20 5
10.0859 -43.12 -43.12 2 20 5
10.0859 -43.17 -43.17 2 20 5
10.0859 -43.22 -43.22 2 20 5
10.0859 -43.27 -43.27 2 20 5
10.0859 -43.32 -43.32 2 20 5
10.0859 -43.37 -43.37 2 20 5
10.0859 -43.42 -43.42 2 20 5
10.0859 -43.47 -43.47 2 20 5
10.0859 -43.52 -43.52 2 20 5
10.0859 -43.57 -43.57 2 20 5
10.0859 -43.62 -43.62 2 20 5
10.0859 -43.67 -43.67 2 20 5
10.0859 -43.72 -43.72 2 20 5
10.0859 -43.77 -43.77 2 20 5
10.0859 -43.82 -43.82 2 20 5
10.0859 -43.87 -43.87 2 20 5
10.0859 -43.92 -43.92 2 20 5
10.0859 -43.97 -43.97 2 20 5
10.0859 -44.02 -44.02 2 20 5
10.0859 -44.07 -44.07 2 20 5
10.0859 -44.12 -44.12 2 20 5
10.0859 -44.17 -44.17 2 20 5
10.0859 -44.22 -44.22 2 20 5
10.0859 -44.27 -44.27 2 20 5
10.0859 -44.32 -44.32 2 20 5
10.0859 -44.37 -44.37 2 20 5
10.0859 -44.42 -44.42 2 20 5
10.0859 -44.47 -44.47 2 20 5
10.0859 -44.52 -44.52 2 20 5
10.0859 -44.57 -44.57 2 20 5
10.0859 -44.62 -44.62 2 20 5
10.0859 -44.67 -44.67 2 20 5
10.0859 -44.72 -44.72 2 20 5
10.0859 -44.77 -44.77 2 20 5
10.0859 -44.82 -44.82 2 20 5
10.0859 -44.87 -44.87 2 20 5
10.0859 -44.92 -44.92 2 20 5
10.0859 -44.97 -44.97 2 20 5
10.0859 -45.02 -45.02 2 20 5
10.0859 -45.07 -45.07 2 20 5
10.0859 -45.12 -45.12 2 20 5
10.0859 -45.17 -45.17 2 20 5
10.0859 -45.22 -45.22 2 20 5
10.0859 -45.27 -45.27 2 20 5
10.0859 -45.32 -45.32 2 20 5
10.0859 -45.37 -45.37 2 20 5
10.0859 -45.42 -45.42 2 20 5
10.0859 -45.47 -45.47 2 20 5
10.0859 -45.52 -45.52 2 20 5
10.0859 -45.57 -45.57 2 20 5
10.0859 -45.62 -45.62 2 20 5
10.0859 -45.67 -45.67 2 20 5
10.0859 -45.72 -45.72 2 20 5
10.0859 -45.77 -45.77 2 20 5
10.0859 -45.82 -45.82 2 20 5
10.0859 -45.87 -45.87 2 20 5
10.0859 -45.92 -45.92 2 20 5
10.0859 -45.97 -45.97 2 20 5
10.0859 -46.02 -46.02 2 20 5
10.0859 -46.07 -46.07 2 20 5
10.0859 -46.12 -46.12 2 20 5
10.0859 -46.17 -46.17 2 20 5
10.0859 -46.22 -46.22 2 20 5
10.0859 -46.27 -46.27 2 20 5
10.0859 -46.32 -46.32 2 20 5
10.0859 -46.37 -46.37 2 20 5
10.0859 -46.42 -46.42 2 20 5
10.0859 -46.47 -46.47 2 20 5
10.0859 -46.52 -46.52 2 20 5
10.0859 -46.57 -46.57 2 20 5
10.0859 -46.62 -46.62 2 20 5
10.0859 -46.67 -46.67 2 20 5
10.0859 -46.72 -46.72 2 20 5
10.0859 -46.77 -46.77 2 20 5
10.0859 -46.82 -46.82 2 20 5
10.0859 -46.87 -46.87 2 20 5
10.0859 -46.92 -46.92 2 20 5
10.0859 -46.97 -46.97 2 20 5
10.0859 -47.02 -47.02 2 20 5
10.0859 -47.07 -47.07 2 20 5
10.0859 -47.12 -47.12 2 20 5
10.0859 -47.17 -47.17 2 20 5
10.0859 -47.22 -47.22 2 20 5
10.0859 -47.27 -47.27 2 20 5
10.0859 -47.32 -47.32 2 20 5
10.0859 -47.37 -47.37 2 20 5
10.0859 -47.42 -47.42 2 20 5
10.0859 -47.47 -47.47 2 20 5
10.0859 -47.52 -47.52 2 20 5
10.0859 -47.57 -47.57 2 20 5
10.0859 -47.62 -47.62 2 20 5
10.0859 -47.67 -47.67 2 20 5
10.0859 -47.72 -47.72 2 20 5
10.0859 -47.77 -47.77 2 20 5
10.0859 -47.82 -47.82 2 20 5
10.0859 -47.87 -47.87 2 20 5
10.0859 -47.92 -47.92 2 20 5
10.0859 -47.97 -47.97 2 20 5
10.0859 -48.02 -48.02 2 20 5
10.0859 -48.07 -48.07 2 20 5
10.0859 -48.12 -48.12 2 20 5
10.0859 -48.17 -48.17 2 20 5
10.0859 -48.22 -48.22 2 20 5
10.0859 -48.27 -48.27 2 20 5
10.0859 -48.32 -48.32 2 20 5
10.0859 -48.37 -48.37 2 20 5
10.0859 -48.42 -48.42 2 20 5
10.0859 -48.47 -48.47 2 20 5
10.0859 -48.52 -48.52 2 20 5
10.0859 -48.57 -48.57 2 20 5
10.0859 -48.62 -48.62 2 20 5
10.0859 -48.67 -48.67 2 20 5
10.0859 -48.72 -48.72 2 20 5
10.0859 -48.77 -48.77 2 20 5
10.0859 -48.82 -48.82 2 20 5
10.0859 -48.87 -48.87 2 20 5
10.0859 -48.92 -48.92 2 20 5
10.0859 -48.97 -48.97 2 20 5
10.0859 -49.02 -49.02 2 20 5
10.0859 -49.07 -49.07 2 20 5
10.0859 -49.12 -49.12 2 20 5
10.0859 -49.17 -49.17 2 20 5
10.0859 -49.22 -49.22 2 20 5
10.0859 -49.27 -49.27 2 20 5
10.0859 -49.32 -49.32 2 20 5
10.0859 -49.37 -49.37 2 20 5
10.0859 -49.42 -49.42 2 20 5
10.0859 -49.47 -49.47 2 20 5
10.0859 -49.52 -49.52 2 20 5
10.0859 -49.57 -49.57 2 20 5
10.0859 -49.62 -49.62 2 20 5
10.0859 -49.67 -49.67 2 20 5
10.0859 -49.72 -49.72 2 20 5
10.0859 -49.77 -49.77 2 20 5
10.0859 -49.82 -49.82 2 20 5
10.0859 -49.87 -49.87 2 20 5
10.0859 -49.92 -49.92 2 20 5
10.0859 -49.97 -49.97 2 20 5
10.0859 -50.02 -50.02 2 20 5
10.0859 -50.07 -50.07 2 20 5
10.0859 -50.12 -50.12 2 20 5
10.0859 -50.17 -50.17 2 20 5
10.0859 -50.22 -50.22 2 20 5
10.0859 -50.27 -50.27 2 20 5
10.0859 -50.32 -50.32 2 20 5
10.0859 -50.37 -50.37 2 20 5
10.0859 -50.42 -50.42 2 20 5
10.0859 -50.47 -50.47 2 20 5
10.0859 -50.52 -50.52 2 20 5
10.0859 -50.57 -50.57 2 20 5
10.0859 -50.62 -50.62 2 20 5
10.0859 -50.67 -50.67 2 20 5
10.0859 -50.72 -50.72 2 20 5
10.0859 -50.77 -50.77 2 20 5
10.0859 -50.82 -50.82 2 20 5
10.0859 -50.87 -50.87 2 20 5
10.0859 -50.92 -50.92 2 20 5
10.0859 -50.97 -50.97 2 20 5
10.0859 -51.02 -51.02 2 20 5
10.0859 -51.07 -51.07 2 20 5
10.0859 -51.12 -51.12 2 20 5
10.0859 -51.17 -51.17 2 20 5
10.0859 -51.22 -51.22 2 20 5
10.0859 -51.27 -51.27 2 20 5
10.0859 -51.32 -51.32 2 20 5
10.0859 -51.37 -51.37 2 20 5
10.0859 -51.42 -51.42 2 20 5
10.0859 -51.47 -51.47 2 20 5
10.0859 -51.52 -51.52 2 20 5
10.0859 -51.57 -51.57 2 20 5
10.0859 -51.62 -51.62 2 20 5
10.0859 -51.67 -51.67 2 20 5
10.0859 -51.72 -51.72 2 20 5
10.0859 -51.77 -51.77 2 20 5
10.0859 -51.82 -51.82 2 20 5
10.0859 -51.87 -51.87 2 20 5
10.0859 -51.92 -51.92 2 20 5
10.0859 -51.97 -51.97 2 20 5
10.0859 -52.02 -52.02 2 20 5
10.0859 -52.07 -52.07 2 20 5
10.0859 -52.12 -52.12 2 20 5
10.0859 -52.17 -52.17 2 20 5
10.0859 -52.22 -52.22 2 20 5
10.0859 -52.27 -52.27 2 20 5
10.0859 -52.32 -52.32 2 20 5
10.0859 -52.37 -52.37 2 20 5
10.0859 -52.42 -52.42 2 20 5
10.0859 -52.47 -52.47 2 20 5
10.0859 -52.52 -52.52 2 20 5
10.0859 -52.57 -52.57 2 20 5
10.0859 -52.62 -52.62 2 20 5
10.0859 -52.67 -52.67 2 20 5
10.0859 -52.72 -52.72 2 20 5
10.0859 -52.77 -52.77 2 20 5
10.0859 -52.82 -52.82 2 20 5
10.0859 -52.87 -52.87 2 20 5
10.0859 -52.92 -52.92 2 20 5
10.0859 -52.97 -52.97 2 20 5
10.0859 -53.02 -53.02 2 20 5
10.0859 -53.07 -53.07 2 20 5
10.0859 -53.12 -53.12 2 20 5
10.0859 -53.17 -53.17 2 20 5
10.0859 -53.22 -53.22 2 20 5
10.0859 -53.27 -53.27 2 20 5
10.0859 -53.32 -53.32 2 20 5
10.0859 -53.37 -53.37 2 20 5
10.0859 -53.42 -53.42 2 20 5
10.0859 -53.47 -53.47 2 20 5
10.0859 -53.52 -53.52 2 20 5
10.0859 -53.57 -53.57 2 20 5
10.0859 -53.62 -53.62 2 20 5
10.0859 -53.67 -53.67 2 20 5
10.0859 -53.72 -53.72 2 20 5
10.0859 -53.77 -53.77 2 20 5
10.0859 -53.82 -53.82 2 20 5
10.0859 -53.87 -53.87 2 20 5
10.0859 -53.92 -53.92 2 20 5
10.0859 -53.97 -53.97 2 20 5
10.0859 -54.02 -54.02 2 20 5
10.0859 -54.07 -54.07 2 20 5
10.0859 -54.12 -54.12 2 20 5
10.0859 -54.17 -54.17 2 20 5
10.0859 -54.22 -54.22 2 20 5
10.0859 -54.27 -54.27 2 20 5
10.0859 -54.32 -54.32 2 20 5
10.0859 -54.37 -54.37 2 20 5
10.0859 -54.42 -54.42 2 20 5
10.0859 -54.47 -54.47 2 20 5
10.0859 -54.52 -54.52 2 20 5
10.0859 -54.57 -54.57 2 20 5
10.0859 -54.62 -54.62 2 20 5
10.0859 -54.67 -54.67 2 20 5
10.0859 -54.72 -54.72 2 20 5
10.0859 -54.77 -54.77 2 20 5
10.0859 -54.82 -54.82 2 20 5
10.0859 -54.87 -54.87 2 20 5
10.0859 -54.92 -54.92 2 20 5
10.0859 -54.97 -54.97 2 20 5
10.0859 -55.02 -55.02 2 20 5
10.0859 -55.07 -55.07 2 20 5
10.0859 -55.12 -55.12 2 20 5
10.0859 -55.17 -55.17 2 20 5
10.0859 -55.22 -55.22 2 20 5
10.0859 -55.27 -55.27 2 20 5
10.0859 -55.32 -55.32 2 20 5
10.0859 -55.37 -55.37 2 20 5
10.0859 -55.42 -55.42 2 20 5
10.0859 -55.47 -55.47 2 20 5
10.0859 -55.52 -55.52 2 20 5
10.0859 -55.57 -55.57 2 20 5
10.0859 -55.62 -55.62 2 20 5
10.0859 -55.67 -55.67 2 20 5
10.0859 -55.72 -55.72 2 20 5
10.0859 -55.77 -55.77 2 20 5
10.0859 -55.82 -55.82 2 20 5
10.0859 -55.87 -55.87 2 20 5
10.0859 -55.92 -55.92 2 20 5
10.0859 -55.97 -55.97 2 20 5
10.0859 -56.02 -56.02 2 20 5
10.0859 -56.07 -56.07 2 20 5
10.0859 -56.12 -56.12 2 20 5
10.0859 -56.17 -56.17 2 20 5
10.0859 -56.22 -56.22 2 20 5
10.0859 -56.27 -56.27 2 20 5
10.0859 -56.32 -56.32 2 20 5
10.0859 -56.37 -56.37 2 20 5
10.0859 -56.42 -56.42 2 20 5
10.0859 -56.47 -56.47 2 20 5
10.0859 -56.52 -56.52 2 20 5
10.0859 -56.57 -56.57 2 20 5
10.0859 -56.62 -56.62 2 20 5
10.0859 -56.67 -56.67 2 20 5
10.0859 -56.72 -56.72 2 20 5
10.0859 -56.77 -56.77 2 20 5
10.0859 -56.82 -56.82 2 20 5
10.0859 -56.87 -56.87 2 20 5
10.0859 -56.92 -56.92 2 20 5
10.0859 -56.97 -56.97 2 20 5
10.0859 -57.02 -57.02 2 20 5
10.0859 -57.07 -57.07 2 20 5
10.0859 -57.12 -57.12 2 20 5
10.0859 -57.17 -57.17 2 20 5
10.0859 -57.22 -57.22 2 20 5
10.0859 -57.27 -57.27 2 20 5
10.0859 -57.32 -57.32 2 20 5
10.0859 -57.37 -57.37 2 20 5
10.0859 -57.42 -57.42 2 20 5
10.0859 -57.47 -57.47 2 20 5
10.0859 -57.52 -57.52 2 20 5
10.0859 -57.57 -57.57 2 20 5
10.0859 -57.62 -57.62 2 20 5
10.0859 -57.67 -57.67 2 20 5
10.0859 -57.72 -57.72 2 20 5
10.0859 -57.77 -57.77 2 20 5
10.0859 -57.82 -57.82 2 20 5
10.0859 -57.87 -57.87 2 20 5
10.0859 -57.92 -57.92 2 20 5
10.0859 -57.97 -57.97 2 20 5
10.0859 -58.02 -58.02 2 20 5
10.0859 -58.07 -58.07 2 20 5
10.0859 -58.12 -58.12 2 20 5
10.0859 -58.17 -58.17 2 20 5
10.0859 -58.22 -58.22 2 20 5
10.0859 -58.27 -58.27 2 20 5
10.0859 -58.32 -58.32 2 20 5
10.0859 -58.37 -58.37 2 20 5
10.0859 -58.42 -58.42 2 20 5
10.0859 -58.47 -58.47 2 20 5
10.0859 -58.52 -58.52 2 20 5
10.0859 -58.57 -58.57 2 20 5
10.0859 -58.62 -58.62 2 20 5
10.0859 -58.67 -58.67 2 20 5
10.0859 -58.72 -58.72 2 20 5
10.0859 -58.77 -58.77 2 20 5
10.0859 -58.82 -58.82 2 20 5
10.0859 -58.87 -58.87 2 20 5
10.0859 -58.92 -58.92 2 20 5
10.0859 -58.97 -58.97 2 20 5
10.0859 -59.02 -59.02 2 20 5
10.0859 -59.07 -59.07 2 20 5
10.0859 -59.12 -59.12 2 20 5
10.0859 -59.17 -59.17 2 20 5
10.0859 -59.22 -59.22 2 20 5
10.0859 -59.27 -59.27 2 20 5
10.0859 -59.32 -59.32 2 20 5
10.0859 -59.37 -59.37 2 20 5
10.0859 -59.42 -59.42 2 20 5
10.0859 -59.47 -59.47 2 20 5
10.0859 -59.52 -59.52 2 20 5
10.0859 -59.57 -59.57 2 20 5
10.0859 -59.62 -59.62 2 20 5
10.0859 -59.67 -59.67 2 20 5
10.0859 -59.72 -59.72 2 20 5
10.0859 -59.77 -59.77 2 20 5
10.0859 -59.82 -59.82 2 20 5
10.0859 -59.87 -59.87 2 20 5
10.0859 -59.92 -59.92 2 20 5
10.0859 -59.97 -59.97 2 20 5
10.0859 -60.02 -60.02 2 20 5
10.0859 -60.07 -60.07 2 20 5
10.0859 -60.12 -60.12 2 20 5
10.0859 -60.17 -60.17 2 20 5
10.0859 -60.22 -60.22 2 20 5
10.0859 -60.27 -60.27 2 20 5
10.0859 -60.32 -60.32 2 20 5
10.0859 -60.37 -60.37 2 20 5
10.0859 -60.42 -60.42 2 20 5
10.0859 -60.47 -60.47 2 20 5
10.0859 -60.52 -60.52 2 20 5
10.0859 -60.57 -60.57 2 20 5
10.0859 -60.62 -60.62 2 20 5
10.0859 -60.67 -60.67 2 20 5
10.0859 -60.72 -60.72 2 20 5
10.0859 -60.77 -60.77 2 20 5
10.0859 -60.82 -60.82 2 20 5
10.0859 -60.87 -60.87 2 20 5
10.0859 -60.92 -60.92 2 20 5
10.0859 -60.97 -60.97 2 20 5
10.0859 -61.02 -61.02 2 20 5
10.0859 -61.07 -61.07 2 20 5
10.0859 -61.12 -61.12 2 20 5
10.0859 -61.17 -61.17 2 20 5
10.0859 -61.22 -61.22 2 20 5
10.0859 -61.27 -61.27 2 20 5
10.0859 -61.32 -61.32 2 20 5
10.0859 -61.37 -61.37 2 20 5
10.0859 -61.42 -61.42 2 20 5
10.0859 -61.47 -61.47 2 20 5
10.0859 -61.52 -61.52 2 20 5
10.0859 -61.57 -61.57 2 20 5
10.0859 -61.62 -61.62 2 20 5
10.0859 -61.67 -61.67 2 20 5
10.0859 -61.72 -61.72 2 20 5
10.0859 -61.77 -61.77 2 20 5
10.0859 -61.82 -61.82 2 20 5
10.0859 -61.87 -61.87 2 20 5
10.0859 -61.92 -61.92 2 20 5
10.0859 -61.97 -61.97 2 20 5
10.0859 -62.02 -62.02 2 20 5
10.0859 -62.07 -62.07 2 20 5
10.0859 -62.12 -62.12 2 20 5
10.0859 -62.17 -62.17 2 20 5
10.0859 -62.22 -62.22 2 20 5
10.0859 -62.27 -62.27 2 20 5
10.0859 -62.32 -62.32 2 20 5
10.0859 -62.37 -62.37 2 20 5
10.0859 -62.42 -62.42 2 20 5
10.0859 -62.47 -62.47 2 20 5
10.0859 -62.52 -62.52 2 20 5
10.0859 -62.57 -62.57 2 20 5
10.0859 -62.62 -62.62 2 20 5
10.0859 -62.67 -62.67 2 20 5
10.0859 -62.72 -62.72 2 20 5
10.0859 -62.77 -62.77 2 20 5
10.0859 -62.82 -62.82 2 20 5
10.0859 -62.87 -62.87 2 20 5
10.0859 -62.92 -62.92 2 20 5
10.0859 -62.97 -62.97 2 20 5
10.0859 -63.02 -63.02 2 20 5
10.0859 -63.07 -63.07 2 20 5
10.0859 -63.12 -63.12 2 20 5
10.0859 -63.17 -63.17 2 20 5
10.0859 -63.22 -63.22 2 20 5
10.0859 -63.27 -63.27 2 20 5
10.0859 -63.32 -63.32 2 20 5
10.0859 -63.37 -63.37 2 20 5
10.0859 -63.42 -63.42 2 20 5
10.0859 -63.47 -63.47 2 20 5
10.0859 -63.52 -63.52 2 20 5
10.0859 -63.57 -63.57 2 20 5
10.0859 -63.62 -63.62 2 20 5
10.0859 -63.67 -63.67 2 20 5
10.0859 -63.72 -63.72 2 20 5
10.0859 -63.77 -63.77 2 20 5
10.0859 -63.82 -63.82 2 20 5
10.0859 -63.87 -63.87 2 20 5
10.0859 -63.92 -63.92 2 20 5
10.0859 -63.97 -63.97 2 20 5
10.0859 -64.02 -64.02 2 20 5
10.0859 -64.07 -64.07 2 20 5
10.0859 -64.12 -64.12 2 20 5
10.0859 -64.17 -64.17 2 20 5
10.0859 -64.22 -64.22 2 20 5
10.0859 -64.27 -64.27 2 20 5
10.0859 -64.32 -64.32 2 20 5
10.0859 -64.37 -64.37 2 20 5
10.0859 -64.42 -64.42 2 20 5
10.0859 -64.47 -64.47 2 20 5
10.0859 -64.52 -64.52 2 20 5
10.0859 -64.57 -64.57 2 20 5
10.0859 -64.62 -64.62 2 20 5
10.0859 -64.67 -64.67 2 20 5
10.0859 -64.72 -64.72 2 20 5
10.0859 -64.77 -64.77 2 20 5
10.0859 -64.82 -64.82 2 20 5
10.0859 -64.87 -64.87 2 20 5
10.0859 -64.92 -64.92 2 20 5
10.0859 -64.97 -64.97 2 20 5
10.0859 -65.02 -65.02 2 20 5
10.0859 -65.07 -65.07 2 20 5
10.0859 -65.12 -65.12 2 20 5
10.0859 -65.17 -65.17 2 20 5
10.0859 -65.22 -65.22 2 20 5
10.0859 -65.27 -65.27 2 20 5
10.0859 -65.32 -65.32 2 20 5
10.0859 -65.37 -65.37 2 20 5
10.0859 -65.42 -65.42 2 20 5
10.0859 -65.47 -65.47 2 20 5
10.0859 -65.52 -65.52 2 20 5
10.0859 -65.57 -65.57 2 20 5
10.0859 -65.62 -65.62 2 20 5
10.0859 -65.67 -65.67 2 20 5
10.0859 -65.72 -65.72 2 20 5
10.0859 -65.77 -65.77 2 20 5
10.0859 -65.82 -65.82 2 20 5
10.0859 -65.87 -65.87 2 20 5
10.0859 -65.92 -65.92 2 20 5
10.0859 -65.97 -65.97 2 20 5
10.0859 -66.02 -66.02 2 20 5
10.0859 -66.07 -66.07 2 20 5
10.0859 -66.12 -66.12 2 20 5
10.0859 -66.17 -66.17 2 20 5
10.0859 -66.22 -66.22 2 20 5
10.0859 -66.27 -66.27 2 20 5
10.0859 -66.32 -66.32 2 20 5
10.0859 -66.37 -66.37 2 20 5
10.0859 -66.42 -66.42 2 20 5
10.0859 -66.47 -66.47 2 20 5
10.0859 -66.52 -66.52 2 20 5
10.0859 -66.57 -66.57 2 20 5
10.0859 -66.62 -66.62 2 20 5
10.0859 -66.67 -66.67 2 20 5
10.0859 -66.72 -66.72 2 20 5
10.0859 -66.77 -66.77 2 20 5
10.0859 -66.82 -66.82 2 20 5
10.0859 -66.87 -66.87 2 20 5
10.0859 -66.92 -66.92 2 20 5
10.0859 -66.97 -66.97 2 20 5
10.0859 -67.02 -67.02 2 20 5
10.0859 -67.07 -67.07 2 20 5
10.0859 -67.12 -67.12 2 20 5
10.0859 -67.17 -67.17 2 20 5
10.0859 -67.22 -67.22 2 20 5
10.0859 -67.27 -67.27 2 20 5
10.0859 -67.32 -67.32 2 20 5
10.0859 -67.37 -67.37 2 20 5
10.0859 -67.42 -67.42 2 20 5
10.0859 -67.47 -67.47 2 20 5
10.0859 -67.52 -67.52 2 20 5
10.0859 -67.57 -67.57 2 20 5
10.0859 -67.62 -67.62 2 20 5
10.0859 -67.67 -67.67 2 20 5
10.0859 -67.72 -67.72 2 20 5
10.0859 -67.77 -67.77 2 20 5
10.0859 -67.82 -67.82 2 20 5
10.0859 -67.87 -67.87 2 20 5
10.0859 -67.92 -67.92 2 20 5
10.0859 -67.97 -67.97 2 20 5
10.0859 -68.02 -68.02 2 20 5
10.0859 -68.07 -68.07 2 20 5
10.0859 -68.12 -68.12 2 20 5
10.0859 -68.17 -68.17 2 20 5
10.0859 -68.22 -68.22 2 20 5
10.0859 -68.27 -68.27 2 20 5
10.0859 -68.32 -68.32 2 20 5
10.0859 -68.37 -68.37 2 20 5
10.0859 -68.42 -68.42 2 20 5
10.0859 -68.47 -68.47 2 20 5
10.0859 -68.52 -68.52 2 20 5
10.0859 -68.57 -68.57 2 20 5
10.0859 -68.62 -68.62 2 20 5
10.0859 -68.67 -68.67 2 20 5
10.0859 -68.72 -68.72 2 20 5
10.0859 -68.77 -68.77 2 20 5
10.0859 -68.82 -68.82 2 20 5
10.0859 -68.87 -68.87 2 20 5
10.0859 -68.92 -68.92 2 20 5
10.0859 -68.97 -68.97 2 20 5
10.0859 -69.02 -69.02 2 20 5
10.0859 -69.07 -69.07 2 20 5
10.0859 -69.12 -69.12 2 20 5
10.0859 -69.17 -69.17 2 20 5
10.0859 -69.22 -69.22 2 20 5
10.0859 -69.27 -69.27 2 20 5
10.0859 -69.32 -69.32 2 20 5
10.0859 -69.37 -69.37 2 20 5
10.0859 -69.42 -69.42 2 20 5
10.0859 -69.47 -69.47 2 20 5
10.0859 -69.52 -69.52 2 20 5
10.0859 -69.57 -69.57 2 20 5
10.0859 -69.62 -69.62 2 20 5
10.0859 -69.67 -69.67 2 20 5
10.0859 -69.72 -69.72 2 20 5
10.0859 -69.77 -69.77 2 20 5
10.0859 -69.82 -69.82 2 20 5
10.0859 -69.87 -69.87 2 20 5
10.0859 -69.92 -69.92 2 20 5
10.0859 -69.97 -69.97 2 20 5
10.0859 -70.02 -70.02 2 20 5
10.0859 -70.07 -70.07 2 20 5
10.0859 -70.12 -70.12 2 20 5
10.0859 -70.17 -70.17 2 20 5
10.0859 -70.22 -70.22 2 20 5
10.0859 -70.27 -70.27 2 20 5
10.0859 -70.32 -70.32 2 20 5
10.0859 -70.37 -70.37 2 20 5
10.0859 -70.42 -70.42 2 20 5
10.0859 -70.47 -70.47 2 20 5
10.0859 -70.52 -70.52 2 20 5
10.0859 -70.57 -70.57 2 20 5
10.0859 -70.62 -70.62 2 20 5
10.0859 -70.67 -70.67 2 20 5
10.0859 -70.72 -70.72 2 20 5
10.0859 -70.77 -70.77 2 20 5
10.0859 -70.82 -70.82 2 20 5
10.0859 -70.87 -70.87 2 20 5
10.0859 -70.92 -70.92 2 20 5
10.0859 -70.97 -70.97 2 20 5
10.0859 -71.02 -71.02 2 20 5
10.0859 -71.07 -71.07 2 20 5
10.0859 -71.12 -71.12 2 20 5
10.0859 -71.17 -71.17 2 20 5
10.0859 -71.22 -71.22 2 20 5
10.0859 -71.27 -71.27 2 20 5
10.0859 -71.32 -71.32 2 20 5
10.0859 -71.37 -71.37 2 20 5
10.0859 -71.42 -71.42 2 20 5
10.0859 -71.47 -71.47 2 20 5
10.0859 -71.52 -71.52 2 20 5
10.0859 -71.57 -71.57 2 20 5
10.0859 -71.62 -71.62 2 20 5
10.0859 -71.67 -71.67 2 20 5
10.0859 -71.72 -71.72 2 20 5
10.0859 -71.77 -71.77 2 20 5
10.0859 -71.82 -71.82 2 20 5
10.0859 -71.87 -71.87 2 20 5
10.0859 -71.92 -71.92 2 20 5
10.0859 -71.97 -71.97 2 20 5
10.0859 -72.02 -72.02 2 20 5
10.0859 -72.07 -72.07 2 20 5
10.0859 -72.12 -72.12 2 20 5
10.0859 -72.17 -72.17 2 20 5
10.0859 -72.22 -72.22 2 20 5
10.0859 -72.27 -72.27 2 20 5
10.0859 -72.32 -72.32 2 20 5
10.0859 -72.37 -72.37 2 20 5
10.0859 -72.42 -72.42 2 20 5
10.0859 -72.47 -72.47 2 20 5
10.0859 -72.52 -72.52 2 20 5
10.0859 -72.57 -72.57 2 20 5
10.0859 -72.62 -72.62 2 20 5
10.0859 -72.67 -72.67 2 20 5
10.0859 -72.72 -72.72 2 20 5
10.0859 -72.77 -72.77 2 20 5
10.0859 -72.82 -72.82 2 20 5
10.0859 -72.87 -72.87 2 20 5
10.0859 -72.92 -72.92 2 20 5
10.0859 -72.97 -72.97 2 20 5
10.0859 -73.02 -73.02 2 20 5
10.0859 -73.07 -73.07 2 20 5
10.0859 -73.12 -73.12 2 20 5
10.0859 -73.17 -73.17 2 20 5
10.0859 -73.22 -73.22 2 20 5
10.0859 -73.27 -73.27 2 20 5
10.0859 -73.32 -73.32 2 20 5
10.0859 -73.37 -73.37 2 20 5
10.0859 -73.42 -73.42 2 20 5
10.0859 -73.47 -73.47 2 20 5
10.0859 -73.52 -73.52 2 20 5
10.0859 -73.57 -73.57 2 20 5
10.0859 -73.62 -73.62 2 20 5
10.0859 -73.67 -73.67 2 20 5
10.0859 -73.72 -73.72 2 20 5
10.0859 -73.77 -73.77 2 20 5
10.0859 -73.82 -73.82 2 20 5
10.0859 -73.87 -73.87 2 20 5
10.0859 -73.92 -73.92 2 20 5
10.0859 -73.97 -73.97 2 20 5
10.0859 -74.02 -74.02 2 20 5
10.0859 -74.07 -74.07 2 20 5
10.0859 -74.12 -74.12 2 20 5
10.0859 -74.17 -74.17 2 20 5
10.0859 -74.22 -74.22 2 20 5
10.0859 -74.27 -74.27 2 20 5
10.0859 -74.32 -74.32 2 20 5
10.0859 -74.37 -74.37 2 20 5
10.0859 -74.42 -74.42 2 20 5
10.0859 -74.47 -74.47 2 20 5
10.0859 -74.52 -74.52 2 20 5
10.0859 -74.57 -74.57 2 20 5
10.0859 -74.62 -74.62 2 20 5
10.0859 -74.67 -74.67 2 20 5
10.0859 -74.72 -74.72 2 20 5
10.0859 -74.77 -74.77 2 20 5
10.0859 -74.82 -74.82 2 20 5
10.0859 -74.87 -74.87 2 20 5
10.0859 -74.92 -74.92 2 20 5
10.0859 -74.97 -74.97 2 20 5
10.0859 -75.02 -75.02 2 20 5
10.0859 -75.07 -75.07 2 20 5
10.0859 -75.12 -75.12 2 20 5
10.0859 -75.17 -75.17 2 20 5
10.0859 -75.22 -75.22 2 20 5
10.0859 -75.27 -75.27 2 20 5
10.0859 -75.32 -75.32 2 20 5
10.0859 -75.37 -75.37 2 20 5
10.0859 -75.42 -75.42 2 20 5
10.0859 -75.47 -75.47 2 20 5
10.0859 -75.52 -75.52 2 20 5
10.0859 -75.57 -75.57 2 20 5
10.0859 -75.62 -75.62 2 20 5
10.0859 -75.67 -75.67 2 20 5
10.0859 -75.72 -75.72 2 20 5
10.0859 -75.77 -75.77 2 20 5
10.0859 -75.82 -75.82 2 20 5
10.0859 -75.87 -75.87 2 20 5
10.0859 -75.92 -75.92 2 20 5
10.0859 -75.97 -75.97 2 20 5
10.0859 -76.02 -76.02 2 20 5
10.0859 -76.07 -76.07 2 20 5
10.0859 -76.12 -76.12 2 20 5
10.0859 -76.17 -76.17 2 20 5
10.0859 -76.22 -76.22 2 20 5
10.0859 -76.27 -76.27 2 20 5
10.0859 -76.32 -76.32 2 20 5
10.0859 -76.37 -76.37 2 20 5
10.0859 -76.42 -76.42 2 20 5
10.0859 -76.47 -76.47 2 20 5
10.0859 -76.52 -76.52 2 20 5
10.0859 -76.57 -76.57 2 20 5
10.0859 -76.62 -76.62 2 20 5
10.0859 -76.67 -76.67 2 20 5
10.0859 -76.72 -76.72 2 20 5
10.0859 -76.77 -76.77 2 20 5
10.0859 -76.82 -76.82 2 20 5
10.0859 -76.87 -76.87 2 20 5
10.0859 -76.92 -76.92 2 20 5
10.0859 -76.97 -76.97 2 20 5
10.0859 -77.02 -77.02 2 20 5
10.0859 -77.07 -77.07 2 20 5
10.0859 -77.12 -77.12 2 20 5
10.0859 -77.17 -77.17 2 20 5
10.0859 -77.22 -77.22 2 20 5
10.0859 -77.27 -77.27 2 20 5
10.0859 -77.32 -77.32 2 20 5
10.0859 -77.37 -77.37 2 20 5
10.0859 -77.42 -77.42 2 20 5
10.0859 -77.47 -77.47 2 20 5
10.0859 -77.52 -77.52 2 20 5
10.0859 -77.57 -77.57 2 20 5
10.0859 -77.62 -77.62 2 20 5
10.0859 -77.67 -77.67 2 20 5
10.0859 -77.72 -77.72 2 20 5
10.0859 -77.77 -77.77 2 20 5
10.0859 -77.82 -77.82 2 20 5
10.0859 -77.87 -77.87 2 20 5
10.0859 -77.92 -77.92 2 20 5
10.0859 -77.97 -77.97 2 20 5
10.0859 -78.02 -78.02 2 20 5
10.0859 -78.07 -78.07 2 20 5
10.0859 -78.12 -78.12 2 20 5
10.0859 -78.17 -78.17 2 20 5
10.0859 -78.22 -78.22 2 20 5
10.0859 -78.27 -78.27 2 20 5
10.0859 -78.32 -78.32 2 20 5
10.0859 -78.37 -78.37 2 20 5
10.0859 -78.42 -78.42 2 20 5
10.0859 -78.47 -78.47 2 20 5
10.0859 -78.52 -78.52 2 20 5
10.0859 -78.57 -78.57 2 20 5
10.0859 -78.62 -78.62 2 20 5
10.0859 -78.67 -78.67 2 20 5
10.0859 -78.72 -78.72 2 20 5
10.0859 -78.77 -78.77 2 20 5
10.0859 -78.82 -78.82 2 20 5
10.0859 -78.87 -78.87 2 20 5
10.0859 -78.92 -78.92 2 20 5
10.0859 -78.97 -78.97 2 20 5
10.0859 -79.02 -79.02 2 20 5
10.0859 -79.07 -79.07 2 20 5
10.0859 -79.12 -79.12 2 20 5
10.0859 -79.17 -79.17 2 20 5
10.0859 -79.22 -79.22 2 20 5
10.0859 -79.27 -79.27 2 20 5
10.0859 -79.32 -79.32 2 20 5
10.0859 -79.37 -79.37 2 20 5
10.0859 -79.42 -79.42 2 20 5
10.0859 -79.47 -79.47 2 20 5
10.0859 -79.52 -79.52 2 20 5
10.0859 -79.57 -79.57 2 20 5
10.0859 -79.62 -79.62 2 20 5
10.0859 -79.67 -79.67 2 20 5
10.0859 -79.72 -79.72 2 20 5
10.0859 -79.77 -79.77 2 20 5
10.0859 -79.82 -79.82 2 20 5
10.0859 -79.87 -79.87 2 20 5
10.0859 -79.92 -79.92 2 20 5
10.0859 -79.97 -79.97 2 20 5
10.0859 -80.02 -80.02 2 20 5
10.0859 -80.07 -80.07 2 20 5
10.0859 -80.12 -80.12 2 20 5
10.0859 -80.17 -80.17 2 20 5
10.0859 -80.22 -80.22 2 20 5
10.0859 -80.27 -80.27 2 20 5
10.0859 -80.32 -80.32 2 20 5
10.0859 -80.37 -80.37 2 20 5
10.0859 -80.42 -80.42 2 20 5
10.0859 -80.47 -80.47 2 20 5
10.0859 -80.52 -80.52 2 20 5
10.0859 -80.57 -80.57 2 20 5
10.0859 -80.62 -80.62 2 20 5
10.0859 -80.67 -80.67 2 20 5
10.0859 -80.72 -80.72 2 20 5
10.0859 -80.77 -80.77 2 20 5
10.0859 -80.82 -80.82 2 20 5
10.0859 -80.87 -80.87 2 20 5
10.0859 -80.92 -80.92 2 20 5
10.0859 -80.97 -80.97 2 20 5
10.0859 -81.02 -81.02 2 20 5
10.0859 -81.07 -81.07 2 20 5
10.0859 -81.12 -81.12 2 20 5
10.0859 -81.17 -81.17 2 20 5
10.0859 -81.22 -81.22 2 20 5
10.0859 -81.27 -81.27 2 20 5
10.0859 -81.32 -81.32 2 20 5
10.0859 -81.37 -81.37 2 20 5
10.0859 -81.42 -81.42 2 20 5
10.0859 -81.47 -81.47 2 20 5
10.0859 -81.52 -81.52 2 20 5
10.0859 -81.57 -81.57 2 20 5
10.0859 -81.62 -81.62 2 20 5
10.0859 -81.67 -81.67 2 20 5
10.0859 -81.72 -81.72 2 20 5
10.0859 -81.77 -81.77 2 20 5
10.0859 -81.82 -81.82 2 20 5
10.0859 -81.87 -81.87 2 20 5
10.0859 -81.92 -81.92 2 20 5
10.0859 -81.97 -81.97 2 20 5
10.0859 -82.02 -82.02 2 20 5
10.0859 -82.07 -82.07 2 20 5
10.0859 -82.12 -82.12 2 20 5
10.0859 -82.17 -82.17 2 20 5
10.0859 -82.22 -82.22 2 20 5
10.0859 -82.27 -82.27 2 20 5
10.0859 -82.32 -82.32 2 20 5
10.0859 -82.37 -82.37 2 20 5
10.0859 -82.42 -82.42 2 20 5
10.0859 -82.47 -82.47 2 20 5
10.0859 -82.52 -82.52 2 20 5
10.0859 -82.57 -82.57 2 20 5
10.0859 -82.62 -82.62 2 20 5
10.0859 -82.67 -82.67 2 20 5
10.0859 -82.72 -82.72 2 20 5
10.0859 -82.77 -82.77 2 20 5
10.0859 -82.82 -82.82 2 20 5
10.0859 -82.87 -82.87 2 20 5
10.0859 -82.92 -82.92 2 20 5
10.0859 -82.97 -82.97 2 20 5
10.0859 -83.02 -83.02 2 20 5
10.0859 -83.07 -83.07 2 20 5
10.0859 -83.12 -83.12 2 20 5
10.0859 -83.17 -83.17 2 20 5
10.0859 -83.22 -83.22 2 20 5
10.0859 -83.27 -83.27 2 20 5
10.0859 -83.32 -83.32 2 20 5
10.0859 -83.37 -83.37 2 20 5
10.0859 -83.42 -83.42 2 20 5
10.0859 -83.47 -83.47 2 20 5
10.0859 -83.52 -83.52 2 20 5
10.0859 -83.57 -83.57 2 20 5
10.0859 -83.62 -83.62 2 20 5
10.0859 -83.67 -83.67 2 20 5
10.0859 -83.72 -83.72 2 20 5
10.0859 -83.77 -83.77 2 20 5
10.0859 -83.82 -83.82 2 20 5
10.0859 -83.87 -83.87 2 20 5
10.0859 -83.92 -83.92 2 20 5
10.0859 -83.97 -83.97 2 20 5
10.0859 -84.02 -84.02 2 20 5
10.0859 -84.07 -84.07 2 20 5
10.0859 -84.12 -84.12 2 20 5
10.0859 -84.17 -84.17 2 20 5
10.0859 -84.22 -84.22 2 20 5
10.0859 -84.27 -84.27 2 20 5
10.0859 -84.32 -84.32 2 20 5
10.0859 -84.37 -84.37 2 20 5
10.0859 -84.42 -84.42 2 20 5
10.0859 -84.47 -84.47 2 20 5
10.0859 -84.52 -84.52 2 20 5
10.0859 -84.57 -84.57 2 20 5
10.0859 -84.62 -84.62 2 20 5
10.0859 -84.67 -84.67 2 20 5
10.0859 -84.72 -84.72 2 20 5
10.0859 -84.77 -84.77 2 20 5
10.0859 -84.82 -84.82 2 20 5
10.0859 -84.87 -84.87 2 20 5
10.0859 -84.92 -84.92 2 20 5
10.0859 -84.97 -84.97 2 20 5
10.0859 -85.02 -85.02 2 20 5
10.0859 -85.07 -85.07 2 20 5
10.0859 -85.12 -85.12 2 20 5
10.0859 -85.17 -85.17 2 20 5
10.0859 -85.22 -85.22 2 20 5
10.0859 -85.27 -85.27 2 20 5
10.0859 -85.32 -85.32 2 20 5
10.0859 -85.37 -85.37 2 20 5
10.0859 -85.42 -85.42 2 20 5
10.0859 -85.47 -85.47 2 20 5
10.0859 -85.52 -85.52 2 20 5
10.0859 -85.57 -85.57 2 20 5
10.0859 -85.62 -85.62 2 20 5
10.0859 -85.67 -85.67 2 20 5
10.0859 -85.72 -85.72 2 20 5
10.0859 -85.77 -85.77 2 20 5
10.0859 -85.82 -85.82 2 20 5
10.0859 -85.87 -85.87 2 20 5
10.0859 -85.92 -85.92 2 20 5
10.0859 -85.97 -85.97 2 20 5
10.0859 -86.02 -86.02 2 20 5
10.0859 -86.07 -86.07 2 20 5
10.0859 -86.12 -86.12 2 20 5
10.0859 -86.17 -86.17 2 20 5
10.0859 -86.22 -86.22 2 20 5
10.0859 -86.27 -86.27 2 20 5
10.0859 -86.32 -86.32 2 20 5
10.0859 -86.37 -86.37 2 20 5
10.0859 -86.42 -86.42 2 20 5
10.0859 -86.47 -86.47 2 20 5
10.0859 -86.52 -86.52 2 20 5
10.0859 -86.57 -86.57 2 20 5
10.0859 -86.62 -86.62 2 20 5
10.0859 -86.67 -86.67 2 20 5
10.0859 -86.72 -86.72 2 20 5
10.0859 -86.77 -86.77 2 20 5
10.0859 -86.82 -86.82 2 20 5
10.0859 -86.87 -86.87 2 20 5
10.0859 -86.92 -86.92 2 20 5
10.0859 -86.97 -86.97 2 20 5
10.0859 -87.02 -87.02 2 20 5
10.0859 -87.07 -87.07 2 20 5
10.0859 -87.12 -87.12 2 20 5
10.0859 -87.17 -87.17 2 20 5
10.0859 -87.22 -87.22 2 20 5
10.0859 -87.27 -87.27 2 20 5
10.0859 -87.32 -87.32 2 20 5
10.0859 -87.37 -87.37 2 20 5
10.0859 -87.42 -87.42 2 20 5
10.0859 -87.47 -87.47 2 20 5
10.0859 -87.52 -87.52 2 20 5
10.0859 -87.57 -87.57 2 20 5
10.0859 -87.62 -87.62 2 20 5
10.0859 -87.67 -87.67 2 20 5
10.0859 -87.72 -87.72 2 20 5
10.0859 -87.77 -87.77 2 20 5
10.0859 -87.82 -87.82 2 20 5
10.0859 -87.87 -87.87 2 20 5
10.0859 -87.92 -87.92 2 20 5
10.0859 -87.97 -87.97 2 20 5
10.0859 -88.02 -88.02 2 20 5
10.0859 -88.07 -88.07 2 20 5
10.0859 -88.12 -88.12 2 20 5
10.0859 -88.17 -88.17 2 20 5
10.0859 -88.22 -88.22 2 20 5
10.0859 -88.27 -88.27 2 20 5
10.0859 -88.32 -88.32 2 20 5
10.0859 -88.37 -88.37 2 20 5
10.0859 -88.42 -88.42 2 20 5
10.0859 -88.47 -88.47 2 20 5
10.0859 -88.52 -88.52 2 20 5
10.0859 -88.57 -88.57 2 20 5
10.0859 -88.62 -88.62 2 20 5
10.0859 -88.67 -88.67 2 20 5
10.0859 -88.72 -88.72 2 20 5
10.0859 -88.77 -88.77 2 20 5
10.0859 -88.82 -88.82 2 20 5
10.0859 -88.87 -88.87 2 20 5
10.0859 -88.92 -88.92 2 20 5
10.0859 -88.97 -88.97 2 20 5
10.0859 -89.02 -89.02 2 20 5
10.0859 -89.07 -89.07 2 20 5
10.0859 -89.12 -89.12 2 20 5
10.0859 -89.17 -89.17 2 20 5
10.0859 -89.22 -89.22 2 20 5
10.0859 -89.27 -89.27 2 20 5
10.0859 -89.32 -89.32 2 20 5
10.0859 -89.37 -89.37 2 20 5
10.0859 -89.42 -89.42 2 20 5
10.0859 -89.47 -89.47 2 20 5
10.0859 -89.52 -89.52 2 20 5
10.0859 -89.57 -89.57 2 20 5
10.0859 -89.62 -89.62 2 20 5
10.0859 -89.67 -89.67 2 20 5
10.0859 -89.72 -89.72 2 20 5
10.0859 -89.77 -89.77 2 20 5
10.0859 -89.82 -89.82 2 20 5
10.0859 -89.87 -89.87 2 20 5
10.0859 -89.92 -89.92 2 20 5
10.0859 -89.97 -89.97 2 20 5
10.0859 -90.02 -90.02 2 20 5
10.0859 -90.07 -90.07 2 20 5
10.0859 -90.12 -90.12 2 20 5
10.0859 -90.17 -90.17 2 20 5
10.0859 -90.22 -90.22 2 20 5
10.0859 -90.27 -90.27 2 20 5
10.0859 -90.32 -90.32 2 20 5
10.0859 -90.37 -90.37 2 20 5
10.0859 -90.42 -90.42 2 20 5
10.0859 -90.47 -90.47 2 20 5
10.0859 -90.52 -90.52 2 20 5
10.0859 -90.57 -90.57 2 20 5
10.0859 -90.62 -90.62 2 20 5
10.0859 -90.67 -90.67 2 20 5
10.0859 -90.72 -90.72 2 20 5
10.0859 -90.77 -90.77 2 20 5
10.0859 -90.82 -90.82 2 20 5
10.0859 -90.87 -90.87 2 20 5
10.0859 -90.92 -90.92 2 20 5
10.0859 -90.97 -90.97 2 20 5
10.0859 -91.02 -91.02 2 20 5
10.0859 -91.07 -91.07 2 20 5
10.0859 -91.12 -91.12 2 20 5
10.0859 -91.17 -91.17 2 20 5
10.0859 -91.22 -91.22 2 20 5
10.0859 -91.27 -91.27 2 20 5
10.0859 -91.32 -91.32 2 20 5
10.0859 -91.37 -91.37 2 20 5
10.0859 -91.42 -91.42 2 20 5
10.0859 -91.47 -91.47 2 20 5
10.0859 -91.52 -91.52 2 20 5
10.0859 -91.57 -91.57 2 20 5
10.0859 -91.62 -91.62 2 20 5
10.0859 -91.67 -91.67 2 20 5
10.0859 -91.72 -91.72 2 20 5
10.0859 -91.77 -91.77 2 20 5
10.0859 -91.82 -91.82 2 20 5
10.0859 -91.87 -91.87 2 20 5
10.0859 -91.92 -91.92 2 20 5
10.0859 -91.97 -91.97 2 20 5
10.0859 -92.02 -92.02 2 20 5
10.0859 -92.07 -92.07 2 20 5
10.0859 -92.12 -92.12 2 20 5
10.0859 -92.17 -92.17 2 20 5
10.0859 -92.22 -92.22 2 20 5
10.0859 -92.27 -92.27 2 20 5
10.0859 -92.32 -92.32 2 20 5
10.0859 -92.37 -92.37 2 20 5
10.0859 -92.42 -92.42 2 20 5
10.0859 -92.47 -92.47 2 20 5
10.0859 -92.52 -92.52 2 20 5
10.0859 -92.57 -92.57 2 20 5
10.0859 -92.62 -92.62 2 20 5
10.0859 -92.67 -92.67 2 20 5
10.0859 -92.72 -92.72 2 20 5
10.0859 -92.77 -92.77 2 20 5
10.0859 -92.82 -92.82 2 20 5
10.0859 -92.87 -92.87 2 20 5
10.0859 -92.92 -92.92 2 20 5
10.0859 -92.97 -92.97 2 20 5
10.0859 -93.02 -93.02 2 20 5
10.0859 -93.07 -93.07 2 20 5
10.0859 -93.12 -93.12 2 20 5
10.0859 -93.17 -93.17 2 20 5
10.0859 -93.22 -93.22 2 20 5
10.0859 -93.27 -93.27 2 20 5
10.0859 -93.32 -93.32 2 20 5
10.0859 -93.37 -93.37 2 20 5
10.0859 -93.42 -93.42 2 20 5
10.0859 -93.47 -93.47 2 20 5
10.0859 -93.52 -93.52 2 20 5
10.0859 -93.57 -93.57 2 20 5
10.0859 -93.62 -93.62 2 20 5
10.0859 -93.67 -93.67 2 20 5
10.0859 -93.72 -93.72 2 20 5
10.0859 -93.77 -93.77 2 20 5
10.0859 -93.82 -93.82 2 20 5
10.0859 -93.87 -93.87 2 20 5
10.0859 -93.92 -93.92 2 20 5
10.0859 -93.97 -93.97 2 20 5
10.0859 -94.02 -94.02 2 20 5
10.0859 -94.07 -94.07 2 20 5
10.0859 -94.12 -94.12 2 20 5
10.0859 -94.17 -94.17 2 20 5
10.0859 -94.22 -94.22 2 20 5
10.0859 -94.27 -94.27 2 20 5
10.0859 -94.32 -94.32 2 20 5
10.0859 -94.37 -94.37 2 20 5
10.0859 -94.42 -94.42 2 20 5
10.0859 -94.47 -94.47 2 20 5
10.0859 -94.52 -94.52 2 20 5
10.0859 -94.57 -94.57 2 20 5
10.0859 -94.62 -94.62 2 20 5
10.0859 -94.67 -94.67 2 20 5
10.0859 -94.72 -94.72 2 20 5
10.0859 -94.77 -94.77 2 20 5
10.0859 -94.82 -94.82 2 20 5
10.0859 -94.87 -94.87 2 20 5
10.0859 -94.92 -94.92 2 20 5
10.0859 -94.97 -94.97 2 20 5
10.0859 -95.02 -95.02 2 20 5
10.0859 -95.07 -95.07 2 20 5
10.0859 -95.12 -95.12 2 20 5
10.0859 -95.17 -95.17 2 20 5
10.0859 -95.22 -95.22 2 20 5
10.0859 -95.27 -95.27 2 20 5
10.0858 -95.32 -95.32 2 20 5
10.0859 -95.37 -95.37 2 20 5
10.0859 -95.42 -95.42 2 20 5
10.0859 -95.47 -95.47 2 20 5
10.0859 -95.52 -95.52 2 20 5
10.0859 -95.57 -95.57 2 20 5
10.0859 -95.62 -95.62 2 20 5
10.0859 -95.67 -95.67 2 20 5
10.0859 -95.72 -95.72 2 20 5
10.0859 -95.77 -95.77 2 20 5
10.0859 -95.82 -95.82 2 20 5
10.0859 -95.87 -95.87 2 20 5
10.0859 -95.92 -95.92 2 20 5
10.0859 -95.97 -95.97 2 20 5
10.0859 -96.02 -96.02 2 20 5
10.0859 -96.07 -96.07 2 20 5
10.0859 -96.12 -96.12 2 20 5
10.0859 -96.17 -96.17 2 20 5
10.0859 -96.22 -96.22 2 20 5
10.0859 -96.27 -96.27 2 20 5
10.0859 -96.32 -96.32 2 20 5
10.0859 -96.37 -96.37 2 20 5
10.0859 -96.42 -96.42 2 20 5
10.0859 -96.47 -96.47 2 20 5
10.0859 -96.52 -96.52 2 20 5
10.0859 -96.57 -96.57 2 20 5
10.0859 -96.62 -96.62 2 20 5
10.0859 -96.67 -96.67 2 20 5
10.0859 -96.72 -96.72 2 20 5
10.0859 -96.77 -96.77 2 20 5
10.0859 -96.82 -96.82 2 20 5
10.0859 -96.87 -96.87 2 20 5
10.0859 -96.92 -96.92 2 20 5
10.0859 -96.97 -96.97 2 20 5
10.0859 -97.02 -97.02 2 20 5
10.0859 -97.07 -97.07 2 20 5
10.0859 -97.12 -97.12 2 20 5
10.0859 -97.17 -97.17 2 20 5
10.0859 -97.22 -97.22 2 20 5
10.0859 -97.27 -97.27 2 20 5
10.0859 -97.32 -97.32 2 20 5
10.0859 -97.37 -97.37 2 20 5
10.0859 -97.42 -97.42 2 20 5
10.0859 -97.47 -97.47 2 20 5
10.0859 -97.52 -97.52 2 20 5
10.0859 -97.57 -97.57 2 20 5
10.0859 -97.62 -97.62 2 20 5
10.0859 -97.67 -97.67 2 20 5
10.0859 -97.72 -97.72 2 20 5
10.0859 -97.77 -97.77 2 20 5
10.0859 -97.82 -97.82 2 20 5
10.0859 -97.87 -97.87 2 20 5
10.0859 -97.92 -97.92 2 20 5
10.0859 -97.97 -97.97 2 20 5
10.0859 -98.02 -98.02 2 20 5
10.0859 -98.07 -98.07 2 20 5
10.0859 -98.12 -98.12 2 20 5
10.0859 -98.17 -98.17 2 20 5
10.0859 -98.22 -98.22 2 20 5
10.0859 -98.27 -98.27 2 20 5
10.0859 -98.32 -98.32 2 20 5
10.0859 -98.37 -98.37 2 20 5
10.0859 -98.42 -98.42 2 20 5
10.0859 -98.47 -98.47 2 20 5
10.0859 -98.52 -98.52 2 20 5
10.0859 -98.57 -98.57 2 20 5
10.0859 -98.62 -98.62 2 20 5
10.0859 -98.67 -98.67 2 20 5
10.0859 -98.72 -98.72 2 20 5
10.0859 -98.77 -98.77 2 20 5
10.0859 -98.82 -98.82 2 20 5
10.0859 -98.87 -98.87 2 20 5
10.0859 -98.92 -98.92 2 20 5
10.0859 -98.97 -98.97 2 20 5
10.0859 -99.02 -99.02 2 20 5
10.0859 -99.07 -99.07 2 20 5
10.0859 -99.12 -99.12 2 20 5
10.0859 -99.17 -99.17 2 20 5
10.0859 -99.22 -99.22 2 20 5
10.0859 -99.27 -99.27 2 20 5
10.0859 -99.32 -99.32 2 20 5
10.0859 -99.37 -99.37 2 20 5
10.0859 -99.42 -99.42 2 20 5
10.0859 -99.47 -99.47 2 20 5
10.0859 -99.52 -99.52 2 20 5
10.0859 -99.57 -99.57 2 20 5
10.0859 -99.62 -99.62 2 20 5
10.0859 -99.67 -99.67 2 20 5
10.0859 -99.72 -99.72 2 20 5
10.0859 -99.77 -99.77 2 20 5
10.0859 -99.82 -99.82 2 20 5
10.0859 -99.87 -99.87 2 20 5
10.0859 -99.92 -99.92 2 20 5
10.0859 -99.97 -99.97 2 20 5
10.0859 -100.02 -100.02 2 20 5
10.0859 -100.07 -100.07 2 20 5
10.0859 -100.12 -100.12 2 20 5
10.0859 -100.17 -100.17 2 20 5
10.0859 -100.22 -100.22 2 20 5
10.0859 -100.27 -100.27 2 20 5
10.0859 -100.32 -100.32 2 20 5
10.0859 -100.37 -100.37 2 20 5
10.0859 -100.42 -100.42 2 20 5
10.0859 -100.47 -100.47 2 20 5
10.0859 -100.52 -100.52 2 20 5
10.0859 -100.57 -100.57 2 20 5
10.0859 -100.62 -100.62 2 20 5
10.0859 -100.67 -100.67 2 20 5
10.0859 -100.72 -100.72 2 20 5
10.0859 -100.77 -100.77 2 20 5
10.0859 -100.82 -100.82 2 20 5
10.0859 -100.87 -100.87 2 20 5
10.0859 -100.92 -100.92 2 20 5
10.0859 -100.97 -100.97 2 20 5
10.0859 -101.02 -101.02 2 20 5
10.0859 -101.07 -101.07 2 20 5
10.0859 -101.12 -101.12 2 20 5
10.0859 -101.17 -101.17 2 20 5
10.0859 -101.22 -101.22 2 20 5
10.0859 -101.27 -101.27 2 20 5
10.0859 -101.32 -101.32 2 20 5
10.0859 -101.37 -101.37 2 20 5
10.0859 -101.42 -101.42 2 20 5
10.0859 -101.47 -101.47 2 20 5
10.0859 -101.52 -101.52 2 20 5
10.0859 -101.57 -101.57 2 20 5
10.0859 -101.62 -101.62 2 20 5
10.0859 -101.67 -101.67 2 20 5
10.0859 -101.72 -101.72 2 20 5
10.0859 -101.77 -101.77 2 20 5
10.0859 -101.82 -101.82 2 20 5
10.0859 -101.87 -101.87 2 20 5
10.0859 -101.92 -101.92 2 20 5
10.0859 -101.97 -101.97 2 20 5
10.0859 -102.02 -102.02 2 20 5
10.0859 -102.07 -102.07 2 20 5
10.0859 -102.12 -102.12 2 20 5
10.0859 -102.17 -102.17 2 20 5
10.0859 -102.22 -102.22 2 20 5
10.0859 -102.27 -102.27 2 20 5
10.0859 -102.32 -102.32 2 20 5
10.0859 -102.37 -102.37 2 20 5
10.0859 -102.42 -102.42 2 20 5
10.0859 -102.47 -102.47 2 20 5
10.0859 -102.52 -102.52 2 20 5
10.0859 -102.57 -102.57 2 20 5
10.0859 -102.62 -102.62 2 20 5
10.0859 -102.67 -102.67 2 20 5
10.0859 -102.72 -102.72 2 20 5
10.0859 -102.77 -102.77 2 20 5
10.0859 -102.82 -102.82 2 20 5
10.0859 -102.87 -102.87 2 20 5
10.0859 -102.92 -102.92 2 20 5
10.0859 -102.97 -102.97 2 20 5
10.0859 -103.02 -103.02 2 20 5
10.0859 -103.07 -103.07 2 20 5
10.0859 -103.12 -103.12 2 20 5
10.0859 -103.17 -103.17 2 20 5
10.0859 -103.22 -103.22 2 20 5
10.0859 -103.27 -103.27 2 20 5
10.0859 -103.32 -103.32 2 20 5
10.0859 -103.37 -103.37 2 20 5
10.0859 -103.42 -103.42 2 20 5
10.0859 -103.47 -103.47 2 20 5
10.0859 -103.52 -103.52 2 20 5
10.0859 -103.57 -103.57 2 20 5
10.0859 -103.62 -103.62 2 20 5
10.0859 -103.67 -103.67 2 20 5
10.0859 -103.72 -103.72 2 20 5
10.0859 -103.77 -103.77 2 20 5
10.0859 -103.82 -103.82 2 20 5
10.0859 -103.87 -103.87 2 20 5
10.0859 -103.92 -103.92 2 20 5
10.0859 -103.97 -103.97 2 20 5
10.0859 -104.02 -104.02 2 20 5
10.0859 -104.07 -104.07 2 20 5
10.0859 -104.12 -104.12 2 20 5
10.0859 -104.17 -104.17 2 20 5
10.0859 -104.22 -104.22 2 20 5
10.0859 -104.27 -104.27 2 20 5
10.0859 -104.32 -104.32 2 20 5
10.0859 -104.37 -104.37 2 20 5
10.0859 -104.42 -104.42 2 20 5
10.0859 -104.47 -104.47 2 20 5
10.0859 -104.52 -104.52 2 20 5
10.0859 -104.57 -104.57 2 20 5
10.0859 -104.62 -104.62 2 20 5
10.0859 -104.67 -104.67 2 20 5
10.0859 -104.72 -104.72 2 20 5
10.0859 -104.77 -104.77 2 20 5
10.0859 -104.82 -104.82 2 20 5
10.0859 -104.87 -104.87 2 20 5
10.0859 -104.92 -104.92 2 20 5
10.0859 -104.97 -104.97 2 20 5
10.0859 -105.02 -105.02 2 20 5
10.0859 -105.07 -105.07 2 20 5
10.0859 -105.12 -105.12 2 20 5
10.0859 -105.17 -105.17 2 20 5
10.0859 -105.22 -105.22 2 20 5
10.0859 -105.27 -105.27 2 20 5
10.0859 -105.32 -105.32 2 20 5
10.0859 -105.37 -105.37 2 20 5
10.0859 -105.42 -105.42 2 20 5
10.0859 -105.47 -105.47 2 20 5
10.0859 -105.52 -105.52 2 20 5
10.0859 -105.57 -105.57 2 20 5
10.0859 -105.62 -105.62 2 20 5
10.0859 -105.67 -105.67 2 20 5
10.0859 -105.72 -105.72 2 20 5
10.0859 -105.77 -105.77 2 20 5
10.0859 -105.82 -105.82 2 20 5
10.0859 -105.87 -105.87 2 20 5
10.0859 -105.92 -105.92 2 20 5
10.0859 -105.97 -105.97 2 20 5
10.0859 -106.02 -106.02 2 20 5
10.0859 -106.07 -106.07 2 20 5
10.0859 -106.12 -106.12 2 20 5
10.0859 -106.17 -106.17 2 20 5
10.0859 -106.22 -106.22 2 20 5
10.0859 -106.27 -106.27 2 20 5
10.0859 -106.32 -106.32 2 20 5
10.0859 -106.37 -106.37 2 20 5
10.0859 -106.42 -106.42 2 20 5
10.0859 -106.47 -106.47 2 20 5
10.0859 -106.52 -106.52 2 20 5
10.0859 -106.57 -106.57 2 20 5
10.0859 -106.62 -106.62 2 20 5
10.0859 -106.67 -106.67 2 20 5
10.0859 -106.72 -106.72 2 20 5
10.0859 -106.77 -106.77 2 20 5
10.0859 -106.82 -106.82 2 20 5
10.0859 -106.87 -106.87 2 20 5
10.0859 -106.92 -106.92 2 20 5
10.0859 -106.97 -106.97 2 20 5
10.0859 -107.02 -107.02 2 20 5
10.0859 -107.07 -107.07 2 20 5
10.0859 -107.12 -107.12 2 20 5
10.0859 -107.17 -107.17 2 20 5
10.0859 -107.22 -107.22 2 20 5
10.0859 -107.27 -107.27 2 20 5
10.0859 -107.32 -107.32 2 20 5
10.0859 -107.37 -107.37 2 20 5
10.0859 -107.42 -107.42 2 20 5
10.0859 -107.47 -107.47 2 20 5
10.0859 -107.52 -107.52 2 20 5
10.0859 -107.57 -107.57 2 20 5
10.0859 -107.62 -107.62 2 20 5
10.0859 -107.67 -107.67 2 20 5
10.0859 -107.72 -107.72 2 20 5
10.0859 -107.77 -107.77 2 20 5
10.0859 -107.82 -107.82 2 20 5
10.0859 -107.87 -107.87 2 20 5
10.0859 -107.92 -107.92 2 20 5
10.0859 -107.97 -107.97 2 20 5
10.0859 -108.02 -108.02 2 20 5
10.0859 -108.07 -108.07 2 20 5
10.0859 -108.12 -108.12 2 20 5
10.0859 -108.17 -108.17 2 20 5
10.0859 -108.22 -108.22 2 20 5
10.0859 -108.27 -108.27 2 20 5
10.0859 -108.32 -108.32 2 20 5
10.0859 -108.37 -108.37 2 20 5
10.0859 -108.42 -108.42 2 20 5
10.0859 -108.47 -108.47 2 20 5
10.0859 -108.52 -108.52 2 20 5
10.0859 -108.57 -108.57 2 20 5
10.0859 -108.62 -108.62 2 20 5
10.0859 -108.67 -108.67 2 20 5
10.0859 -108.72 -108.72 2 20 5
10.0859 -108.77 -108.77 2 20 5
10.0859 -108.82 -108.82 2 20 5
10.0859 -108.87 -108.87 2 20 5
10.0859 -108.92 -108.92 2 20 5
10.0859 -108.97 -108.97 2 20 5
10.0859 -109.02 -109.02 2 20 5
10.0859 -109.07 -109.07 2 20 5
10.0859 -109.12 -109.12 2 20 5
10.0859 -109.17 -109.17 2 20 5
10.0859 -109.22 -109.22 2 20 5
10.0859 -109.27 -109.27 2 20 5
10.0859 -109.32 -109.32 2 20 5
10.0859 -109.37 -109.37 2 20 5
10.0859 -109.42 -109.42 2 20 5
10.0859 -109.47 -109.47 2 20 5
10.0859 -109.52 -109.52 2 20 5
10.0859 -109.57 -109.57 2 20 5
10.0859 -109.62 -109.62 2 20 5
10.0859 -109.67 -109.67 2 20 5
10.0859 -109.72 -109.72 2 20 5
10.0859 -109.77 -109.77 2 20 5
10.0859 -109.82 -109.82 2 20 5
10.0859 -109.87 -109.87 2 20 5
10.0859 -109.92 -109.92 2 20 5
10.0859 -109.97 -109.97 2 20 5
10.0859 -110.02 -110.02 2 20 5
10.0859 -110.07 -110.07 2 20 5
10.0859 -110.12 -110.12 2 20 5
10.0859 -110.17 -110.17 2 20 5
10.0859 -110.22 -110.22 2 20 5
10.0859 -110.27 -110.27 2 20 5
10.0859 -110.32 -110.32 2 20 5
10.0859 -110.37 -110.37 2 20 5
10.0859 -110.42 -110.42 2 20 5
10.0859 -110.47 -110.47 2 20 5
10.0859 -110.52 -110.52 2 20 5
10.0859 -110.57 -110.57 2 20 5
10.0859 -110.62 -110.62 2 20 5
10.0859 -110.67 -110.67 2 20 5
10.0859 -110.72 -110.72 2 20 5
10.0859 -110.77 -110.77 2 20 5
10.0859 -110.82 -110.82 2 20 5
10.0859 -110.87 -110.87 2 20 5
10.0859 -110.92 -110.92 2 20 5
10.0859 -110.97 -110.97 2 20 5
10.0859 -111.02 -111.02 2 20 5
10.0859 -111.07 -111.07 2 20 5
10.0859 -111.12 -111.12 2 20 5
10.0859 -111.17 -111.17 2 20 5
10.0859 -111.22 -111.22 2 20 5
10.0859 -111.27 -111.27 2 20 5
10.0859 -111.32 -111.32 2 20 5
10.0859 -111.37 -111.37 2 20 5
10.0859 -111.42 -111.42 2 20 5
10.0859 -111.47 -111.47 2 20 5
10.0859 -111.52 -111.52 2 20 5
10.0859 -111.57 -111.57 2 20 5
10.0859 -111.62 -111.62 2 20 5
10.0859 -111.67 -111.67 2 20 5
10.0859 -111.72 -111.72 2 20 5
10.0859 -111.77 -111.77 2 20 5
10.0859 -111.82 -111.82 2 20 5
10.0859 -111.87 -111.87 2 20 5
10.0859 -111.92 -111.92 2 20 5
10.0859 -111.97 -111.97 2 20 5
10.0859 -112.02 -112.02 2 20 5
10.0859 -112.07 -112.07 2 20 5
10.0859 -112.12 -112.12 2 20 5
10.0859 -112.17 -112.17 2 20 5
10.0859 -112.22 -112.22 2 20 5
10.0859 -112.27 -112.27 2 20 5
10.0859 -112.32 -112.32 2 20 5
10.0859 -112.37 -112.37 2 20 5
10.0859 -112.42 -112.42 2 20 5
10.0859 -112.47 -112.47 2 20 5
10.0859 -112.52 -112.52 2 20 5
10.0859 -112.57 -112.57 2 20 5
10.0859 -112.62 -112.62 2 20 5
10.0859 -112.67 -112.67 2 20 5
10.0859 -112.72 -112.72 2 20 5
10.0859 -112.77 -112.77 2 20 5
10.0859 -112.82 -112.82 2 20 5
10.0859 -112.87 -112.87 2 20 5
10.0859 -112.92 -112.92 2 20 5
10.0859 -112.97 -112.97 2 20 5
10.0859 -113.02 -113.02 2 20 5
10.0859 -113.07 -113.07 2 20 5
10.0859 -113.12 -113.12 2 20 5
10.0859 -113.17 -113.17 2 20 5
10.0859 -113.22 -113.22 2 20 5
10.0859 -113.27 -113.27 2 20 5
10.0859 -113.32 -113.32 2 20 5
10.0859 -113.37 -113.37 2 20 5
10.0859 -113.42 -113.42 2 20 5
10.0859 -113.47 -113.47 2 20 5
10.0859 -113.52 -113.52 2 20 5
10.0859 -113.57 -113.57 2 20 5
10.0859 -113.62 -113.62 2 20 5
10.0859 -113.67 -113.67 2 20 5
10.0859 -113.72 -113.72 2 20 5
10.0859 -113.77 -113.77 2 20 5
10.0859 -113.82 -113.82 2 20 5
10.0859 -113.87 -113.87 2 20 5
10.0859 -113.92 -113.92 2 20 5
10.0859 -113.97 -113.97 2 20 5
10.0859 -114.02 -114.02 2 20 5
10.0859 -114.07 -114.07 2 20 5
10.0859 -114.12 -114.12 2 20 5
10.0859 -114.17 -114.17 2 20 5
10.0859 -114.22 -114.22 2 20 5
10.0859 -114.27 -114.27 2 20 5
10.0859 -114.32 -114.32 2 20 5
10.0859 -114.37 -114.37 2 20 5
10.0859 -114.42 -114.42 2 20 5
10.0859 -114.47 -114.47 2 20 5
10.0859 -114.52 -114.52 2 20 5
10.0859 -114.57 -114.57 2 20 5
10.0859 -114.62 -114.62 2 20 5
10.0859 -114.67 -114.67 2 20 5
10.0859 -114.72 -114.72 2 20 5
10.0859 -114.77 -114.77 2 20 5
10.0859 -114.82 -114.82 2 20 5
10.0859 -114.87 -114.87 2 20 5
10.0859 -114.92 -114.92 2 20 5
10.0859 -114.97 -114.97 2 20 5
10.0859 -115.02 -115.02 2 20 5
10.0859 -115.07 -115.07 2 20 5
10.0859 -115.12 -115.12 2 20 5
10.0859 -115.17 -115.17 2 20 5
10.0859 -115.22 -115.22 2 20 5
10.0859 -115.27 -115.27 2 20 5
10.0859 -115.32 -115.32 2 20 5
10.0859 -115.37 -115.37 2 20 5
10.0859 -115.42 -115.42 2 20 5
10.0859 -115.47 -115.47 2 20 5
10.0859 -115.52 -115.52 2 20 5
10.0859 -115.57 -115.57 2 20 5
10.0859 -115.62 -115.62 2 20 5
10.0859 -115.67 -115.67 2 20 5
10.0859 -115.72 -115.72 2 20 5
10.0859 -115.77 -115.77 2 20 5
10.0859 -115.82 -115.82 2 20 5
10.0859 -115.87 -115.87 2 20 5
10.0859 -115.92 -115.92 2 20 5
10.0859 -115.97 -115.97 2 20 5
10.0859 -116.02 -116.02 2 20 5
10.0859 -116.07 -116.07 2 20 5
10.0859 -116.12 -116.12 2 20 5
10.0859 -116.17 -116.17 2 20 5
10.0859 -116.22 -116.22 2 20 5
10.0859 -116.27 -116.27 2 20 5
10.0859 -116.32 -116.32 2 20 5
10.0859 -116.37 -116.37 2 20 5
10.0859 -116.42 -116.42 2 20 5
10.0859 -116.47 -116.47 2 20 5
10.0859 -116.52 -116.52 2 20 5
10.0859 -116.57 -116.57 2 20 5
10.0859 -116.62 -116.62 2 20 5
10.0859 -116.67 -116.67 2 20 5
10.0859 -116.72 -116.72 2 20 5
10.0859 -116.77 -116.77 2 20 5
10.0859 -116.82 -116.82 2 20 5
10.0859 -116.87 -116.87 2 20 5
10.0859 -116.92 -116.92 2 20 5
10.0859 -116.97 -116.97 2 20 5
10.0859 -117.02 -117.02 2 20 5
10.0859 -117.07 -117.07 2 20 5
10.0859 -117.12 -117.12 2 20 5
10.0859 -117.17 -117.17 2 20 5
10.0859 -117.22 -117.22 2 20 5
10.0859 -117.27 -117.27 2 20 5
10.0859 -117.32 -117.32 2 20 5
10.0859 -117.37 -117.37 2 20 5
10.0859 -117.42 -117.42 2 20 5
10.0859 -117.47 -117.47 2 20 5
10.0859 -117.52 -117.52 2 20 5
10.0859 -117.57 -117.57 2 20 5
10.0859 -117.62 -117.62 2 20 5
10.0859 -117.67 -117.67 2 20 5
10.0859 -117.72 -117.72 2 20 5
10.0859 -117.77 -117.77 2 20 5
10.0859 -117.82 -117.82 2 20 5
10.0859 -117.87 -117.87 2 20 5
10.0859 -117.92 -117.92 2 20 5
10.0859 -117.97 -117.97 2 20 5
10.0859 -118.02 -118.02 2 20 5
10.0859 -118.07 -118.07 2 20 5
10.0859 -118.12 -118.12 2 20 5
10.0859 -118.17 -118.17 2 20 5
10.0859 -118.22 -118.22 2 20 5
10.0859 -118.27 -118.27 2 20 5
10.0859 -118.32 -118.32 2 20 5
10.0859 -118.37 -118.37 2 20 5
10.0859 -118.42 -118.42 2 20 5
10.0859 -118.47 -118.47 2 20 5
10.0859 -118.52 -118.52 2 20 5
10.0859 -118.57 -118.57 2 20 5
10.0859 -118.62 -118.62 2 20 5
10.0859 -118.67 -118.67 2 20 5
10.0859 -118.72 -118.72 2 20 5
10.0859 -118.77 -118.77 2 20 5
10.0859 -118.82 -118.82 2 20 5
10.0859 -118.87 -118.87 2 20 5
10.0859 -118.92 -118.92 2 20 5
10.0859 -118.97 -118.97 2 20 5
10.0859 -119.02 -119.02 2 20 5
10.0859 -119.07 -119.07 2 20 5
10.0859 -119.12 -119.12 2 20 5
10.0859 -119.17 -119.17 2 20 5
10.0859 -119.22 -119.22 2 20 5
10.0859 -119.27 -119.27 2 20 5
10.0859 -119.32 -119.32 2 20 5
10.0859 -119.37 -119.37 2 20 5
10.0859 -119.42 -119.42 2 20 5
10.0859 -119.47 -119.47 2 20 5
10.0859 -119.52 -119.52 2 20 5
10.0859 -119.57 -119.57 2 20 5
10.0859 -119.62 -119.62 2 20 5
10.0859 -119.67 -119.67 2 20 5
10.0859 -119.72 -119.72 2 20 5
10.0859 -119.77 -119.77 2 20 5
10.0859 -119.82 -119.82 2 20 5
10.0859 -119.87 -119.87 2 20 5
10.0859 -119.92 -119.92 2 20 5
10.0859 -119.97 -119.97 2 20 5
10.0859 -120.02 -120.02 2 20 5
10.0859 -120.07 -120.07 2 20 5
10.0859 -120.12 -120.12 2 20 5
10.0859 -120.17 -120.17 2 20 5
10.0859 -120.22 -120.22 2 20 5
10.0859 -120.27 -120.27 2 20 5
10.0859 -120.32 -120.32 2 20 5
10.0859 -120.37 -120.37 2 20 5
10.0859 -120.42 -120.42 2 20 5
10.0859 -120.47 -120.47 2 20 5
10.0859 -120.52 -120.52 2 20 5
10.0859 -120.57 -120.57 2 20 5
10.0859 -120.62 -120.62 2 20 5
10.0859 -120.67 -120.67 2 20 5
10.0859 -120.72 -120.72 2 20 5
10.0859 -120.77 -120.77 2 20 5
10.0859 -120.82 -120.82 2 20 5
10.0859 -120.87 -120.87 2 20 5
10.0859 -120.92 -120.92 2 20 5
10.0859 -120.97 -120.97 2 20 5
10.0859 -121.02 -121.02 2 20 5
10.0859 -121.07 -121.07 2 20 5
10.0859 -121.12 -121.12 2 20 5
10.0859 -121.17 -121.17 2 20 5
10.0859 -121.22 -121.22 2 20 5
10.0859 -121.27 -121.27 2 20 5
10.0859 -121.32 -121.32 2 20 5
10.0859 -121.37 -121.37 2 20 5
10.0859 -121.42 -121.42 2 20 5
10.0859 -121.47 -121.47 2 20 5
10.0859 -121.52 -121.52 2 20 5
10.0859 -121.57 -121.57 2 20 5
10.0859 -121.62 -121.62 2 20 5
10.0859 -121.67 -121.67 2 20 5
10.0859 -121.72 -121.72 2 20 5
10.0859 -121.77 -121.77 2 20 5
10.0859 -121.82 -121.82 2 20 5
10.0859 -121.87 -121.87 2 20 5
10.0859 -121.92 -121.92 2 20 5
10.0859 -121.97 -121.97 2 20 5
10.0859 -122.02 -122.02 2 20 5
10.0859 -122.07 -122.07 2 20 5
10.0859 -122.12 -122.12 2 20 5
10.0859 -122.17 -122.17 2 20 5
10.0859 -122.22 -122.22 2 20 5
10.0859 -122.27 -122.27 2 20 5
10.0859 -122.32 -122.32 2 20 5
10.0859 -122.37 -122.37 2 20 5
10.0859 -122.42 -122.42 2 20 5
10.0859 -122.47 -122.47 2 20 5
10.0859 -122.52 -122.52 2 20 5
10.0859 -122.57 -122.57 2 20 5
10.0859 -122.62 -122.62 2 20 5
10.0859 -122.67 -122.67 2 20 5
10.0859 -122.72 -122.72 2 20 5
10.0859 -122.77 -122.77 2 20 5
10.0859 -122.82 -122.82 2 20 5
10.0859 -122.87 -122.87 2 20 5
10.0859 -122.92 -122.92 2 20 5
10.0859 -122.97 -122.97 2 20 5
10.0859 -123.02 -123.02 2 20 5
10.0859 -123.07 -123.07 2 20 5
10.0859 -123.12 -123.12 2 20 5
10.0859 -123.17 -123.17 2 20 5
10.0859 -123.22 -123.22 2 20 5
10.0859 -123.27 -123.27 2 20 5
10.0859 -123.32 -123.32 2 20 5
10.0859 -123.37 -123.37 2 20 5
10.0859 -123.42 -123.42 2 20 5
10.0859 -123.47 -123.47 2 20 5
10.0859 -123.52 -123.52 2 20 5
10.0859 -123.57 -123.57 2 20 5
10.0859 -123.62 -123.62 2 20 5
10.0859 -123.67 -123.67 2 20 5
10.0859 -123.72 -123.72 2 20 5
10.0859 -123.77 -123.77 2 20 5
10.0859 -123.82 -123.82 2 20 5
10.0859 -123.87 -123.87 2 20 5
10.0859 -123.92 -123.92 2 20 5
10.0859 -123.97 -123.97 2 20 5
10.0859 -124.02 -124.02 2 20 5
10.0859 -124.07 -124.07 2 20 5
10.0859 -124.12 -124.12 2 20 5
10.0859 -124.17 -124.17 2 20 5
10.0859 -124.22 -124.22 2 20 5
10.0859 -124.27 -124.27 2 20 5
10.0859 -124.32 -124.32 2 20 5
10.0859 -124.37 -124.37 2 20 5
10.0859 -124.42 -124.42 2 20 5
10.0859 -124.47 -124.47 2 20 5
10.0859 -124.52 -124.52 2 20 5
10.0859 -124.57 -124.57 2 20 5
10.0859 -124.62 -124.62 2 20 5
10.0859 -124.67 -124.67 2 20 5
10.0859 -124.72 -124.72 2 20 5
10.0859 -124.77 -124.77 2 20 5
10.0859 -124.82 -124.82 2 20 5
10.0859 -124.87 -124.87 2 20 5
10.0859 -124.92 -124.92 2 20 5
10.0859 -124.97 -124.97 2 20 5
10.0859 -125.02 -125.02 2 20 5
10.0859 -125.07 -125.07 2 20 5
10.0859 -125.12 -125.12 2 20 5
10.0859 -125.17 -125.17 2 20 5
10.0859 -125.22 -125.22 2 20 5
10.0859 -125.27 -125.27 2 20 5
10.0859 -125.32 -125.32 2 20 5
10.0859 -125.37 -125.37 2 20 5
10.0859 -125.42 -125.42 2 20 5
10.0859 -125.47 -125.47 2 20 5
10.0859 -125.52 -125.52 2 20 5
10.0859 -125.57 -125.57 2 20 5
10.0859 -125.62 -125.62 2 20 5
10.0859 -125.67 -125.67 2 20 5
10.0859 -125.72 -125.72 2 20 5
10.0859 -125.77 -125.77 2 20 5
10.0859 -125.82 -125.82 2 20 5
10.0859 -125.87 -125.87 2 20 5
10.0859 -125.92 -125.92 2 20 5
10.0859 -125.97 -125.97 2 20 5
10.0859 -126.02 -126.02 2 20 5
10.0859 -126.07 -126.07 2 20 5
10.0859 -126.12 -126.12 2 20 5
10.0859 -126.17 -126.17 2 20 5
10.0859 -126.22 -126.22 2 20 5
10.0859 -126.27 -126.27 2 20 5
10.0859 -126.32 -126.32 2 20 5
10.0859 -126.37 -126.37 2 20 5
10.0859 -126.42 -126.42 2 20 5
10.0859 -126.47 -126.47 2 20 5
10.0859 -126.52 -126.52 2 20 5
10.0859 -126.57 -126.57 2 20 5
10.0859 -126.62 -126.62 2 20 5
10.0859 -126.67 -126.67 2 20 5
10.0859 -126.72 -126.72 2 20 5
10.0859 -126.77 -126.77 2 20 5
10.0859 -126.82 -126.82 2 20 5
10.0859 -126.87 -126.87 2 20 5
10.0859 -126.92 -126.92 2 20 5
10.0859 -126.97 -126.97 2 20 5
10.0859 -127.02 -127.02 2 20 5
10.0859 -127.07 -127.07 2 20 5
10.0859 -127.12 -127.12 2 20 5
10.0859 -127.17 -127.17 2 20 5
10.0859 -127.22 -127.22 2 20 5
10.0859 -127.27 -127.27 2 20 5
10.0859 -127.32 -127.32 2 20 5
10.0859 -127.37 -127.37 2 20 5
10.0859 -127.42 -127.42 2 20 5
10.0859 -127.47 -127.47 2 20 5
10.0859 -127.52 -127.52 2 20 5
10.0859 -127.57 -127.57 2 20 5
10.0859 -127.62 -127.62 2 20 5
10.0859 -127.67 -127.67 2 20 5
10.0859 -127.72 -127.72 2 20 5
10.0859 -127.77 -127.77 2 20 5
10.0859 -127.82 -127.82 2 20 5
10.0859 -127.87 -127.87 2 20 5
10.0859 -127.92 -127.92 2 20 5
10.0859 -127.97 -127.97 2 20 5
10.0859 -128.02 -128.02 2 20 5
10.0859 -128.07 -128.07 2 20 5
10.0859 -128.12 -128.12 2 20 5
10.0859 -128.17 -128.17 2 20 5
10.0859 -128.22 -128.22 2 20 5
10.0859 -128.27 -128.27 2 20 5
10.0859 -128.32 -128.32 2 20 5
10.0859 -128.37 -128.37 2 20 5
10.0859 -128.42 -128.42 2 20 5
10.0859 -128.47 -128.47 2 20 5
10.0859 -128.52 -128.52 2 20 5
10.0859 -128.57 -128.57 2 20 5
10.0859 -128.62 -128.62 2 20 5
10.0859 -128.67 -128.67 2 20 5
10.0859 -128.72 -128.72 2 20 5
10.0859 -128.77 -128.77 2 20 5
10.0859 -128.82 -128.82 2 20 5
10.0859 -128.87 -128.87 2 20 5
10.0859 -128.92 -128.92 2 20 5
10.0859 -128.97 -128.97 2 20 5
10.0859 -129.02 -129.02 2 20 5
10.0859 -129.07 -129.07 2 20 5
10.0859 -129.12 -129.12 2 20 5
10.0859 -129.17 -129.17 2 20 5
10.0859 -129.22 -129.22 2 20 5
10.0859 -129.27 -129.27 2 20 5
10.0859 -129.32 -129.32 2 20 5
10.0859 -129.37 -129.37 2 20 5
10.0859 -129.42 -129.42 2 20 5
10.0859 -129.47 -129.47 2 20 5
10.0859 -129.52 -129.52 2 20 5
10.0859 -129.57 -129.57 2 20 5
10.0859 -129.62 -129.62 2 20 5
10.0859 -129.67 -129.67 2 20 5
10.0859 -129.72 -129.72 2 20 5
10.0859 -129.77 -129.77 2 20 5
10.0859 -129.82 -129.82 2 20 5
10.0859 -129.87 -129.87 2 20 5
10.0859 -129.92 -129.92 2 20 5
10.0859 -129.97 -129.97 2 20 5
10.0859 -130.02 -130.02 2 20 5
10.0859 -130.07 -130.07 2 20 5
10.0859 -130.12 -130.12 2 20 5
10.0859 -130.17 -130.17 2 20 5
10.0859 -130.22 -130.22 2 20 5
10.0859 -130.27 -130.27 2 20 5
10.0859 -130.32 -130.32 2 20 5
10.0859 -130.37 -130.37 2 20 5
10.0859 -130.42 -130.42 2 20 5
10.0859 -130.47 -130.47 2 20 5
10.0859 -130.52 -130.52 2 20 5
10.0859 -130.57 -130.57 2 20 5
10.0859 -130.62 -130.62 2 20 5
10.0859 -130.67 -130.67 2 20 5
10.0859 -130.72 -130.72 2 20 5
10.0859 -130.77 -130.77 2 20 5
10.0859 -130.82 -130.82 2 20 5
10.0859 -130.87 -130.87 2 20 5
10.0859 -130.92 -130.92 2 20 5
10.0859 -130.97 -130.97 2 20 5
10.0859 -131.02 -131.02 2 20 5
10.0859 -131.07 -131.07 2 20 5
10.0859 -131.12 -131.12 2 20 5
10.0859 -131.17 -131.17 2 20 5
10.0859 -131.22 -131.22 2 20 5
10.0859 -131.27 -131.27 2 20 5
10.0859 -131.32 -131.32 2 20 5
10.0859 -131.37 -131.37 2 20 5
10.0859 -131.42 -131.42 2 20 5
10.0859 -131.47 -131.47 2 20 5
10.0859 -131.52 -131.52 2 20 5
10.0859 -131.57 -131.57 2 20 5
10.0859 -131.62 -131.62 2 20 5
10.0859 -131.67 -131.67 2 20 5
10.0859 -131.72 -131.72 2 20 5
10.0859 -131.77 -131.77 2 20 5
10.0859 -131.82 -131.82 2 20 5
10.0859 -131.87 -131.87 2 20 5
10.0859 -131.92 -131.92 2 20 5
10.0859 -131.97 -131.97 2 20 5
10.0859 -132.02 -132.02 2 20 5
10.0859 -132.07 -132.07 2 20 5
10.0859 -132.12 -132.12 2 20 5
10.0859 -132.17 -132.17 2 20 5
10.0859 -132.22 -132.22 2 20 5
10.0859 -132.27 -132.27 2 20 5
10.0859 -132.32 -132.32 2 20 5
10.0859 -132.37 -132.37 2 20 5
10.0859 -132.42 -132.42 2 20 5
10.0859 -132.47 -132.47 2 20 5
10.0859 -132.52 -132.52 2 20 5
10.0859 -132.57 -132.57 2 20 5
10.0859 -132.62 -132.62 2 20 5
10.0859 -132.67 -132.67 2 20 5
10.0859 -132.72 -132.72 2 20 5
10.0859 -132.77 -132.77 2 20 5
10.0859 -132.82 -132.82 2 20 5
10.0859 -132.87 -132.87 2 20 5
10.0859 -132.92 -132.92 2 20 5
10.0859 -132.97 -132.97 2 20 5
10.0859 -133.02 -133.02 2 20 5
10.0859 -133.07 -133.07 2 20 5
10.0859 -133.12 -133.12 2 20 5
10.0859 -133.17 -133.17 2 20 5
10.0859 -133.22 -133.22 2 20 5
10.0859 -133.27 -133.27 2 20 5
10.0859 -133.32 -133.32 2 20 5
10.0858 -133.37 -133.37 2 20 5
10.0859 -133.42 -133.42 2 20 5
10.0859 -133.47 -133.47 2 20 5
10.0859 -133.52 -133.52 2 20 5
10.0859 -133.57 -133.57 2 20 5
10.0859 -133.62 -133.62 2 20 5
10.0859 -133.67 -133.67 2 20 5
10.0859 -133.72 -133.72 2 20 5
10.0859 -133.77 -133.77 2 20 5
10.0859 -133.82 -133.82 2 20 5
10.0859 -133.87 -133.87 2 20 5
10.0859 -133.92 -133.92 2 20 5
10.0859 -133.97 -133.97 2 20 5
10.0859 -134.02 -134.02 2 20 5
10.0859 -134.07 -134.07 2 20 5
10.0859 -134.12 -134.12 2 20 5
10.0859 -134.17 -134.17 2 20 5
10.0859 -134.22 -134.22 2 20 5
10.0859 -134.27 -134.27 2 20 5
10.0859 -134.32 -134.32 2 20 5
10.0859 -134.37 -134.37 2 20 5
10.0859 -134.42 -134.42 2 20 5
10.0859 -134.47 -134.47 2 20 5
10.0859 -134.52 -134.52 2 20 5
10.0859 -134.57 -134.57 2 20 5
10.0859 -134.62 -134.62 2 20 5
10.0859 -134.67 -134.67 2 20 5
10.0859 -134.72 -134.72 2 20 5
10.0859 -134.77 -134.77 2 20 5
10.0859 -134.82 -134.82 2 20 5
10.0859 -134.87 -134.87 2 20 5
10.0859 -134.92 -134.92 2 20 5
10.0859 -134.97 -134.97 2 20 5
10.0859 -135.02 -135.02 2 20 5
10.0859 -135.07 -135.07 2 20 5
10.0859 -135.12 -135.12 2 20 5
10.0859 -135.17 -135.17 2 20 5
10.0859 -135.22 -135.22 2 20 5
10.0859 -135.27 -135.27 2 20 5
10.0859 -135.32 -135.32 2 20 5
10.0859 -135.37 -135.37 2 20 5
10.0859 -135.42 -135.42 2 20 5
10.0859 -135.47 -135.47 2 20 5
10.0859 -135.52 -135.52 2 20 5
10.0859 -135.57 -135.57 2 20 5
10.0859 -135.62 -135.62 2 20 5
10.0859 -135.67 -135.67 2 20 5
10.0859 -135.72 -135.72 2 20 5
10.0859 -135.77 -135.77 2 20 5
10.0859 -135.82 -135.82 2 20 5
10.0859 -135.87 -135.87 2 20 5
10.0859 -135.92 -135.92 2 20 5
10.0859 -135.97 -135.97 2 20 5
10.0859 -136.02 -136.02 2 20 5
10.0859 -136.07 -136.07 2 20 5
10.0859 -136.12 -136.12 2 20 5
10.0859 -136.17 -136.17 2 20 5
10.0859 -136.22 -136.22 2 20 5
10.0859 -136.27 -136.27 2 20 5
10.0859 -136.32 -136.32 2 20 5
10.0859 -136.37 -136.37 2 20 5
10.0859 -136.42 -136.42 2 20 5
10.0859 -136.47 -136.47 2 20 5
10.0859 -136.52 -136.52 2 20 5
10.0859 -136.57 -136.57 2 20 5
10.0859 -136.62 -136.62 2 20 5
10.0859 -136.67 -136.67 2 20 5
10.0859 -136.72 -136.72 2 20 5
10.0859 -136.77 -136.77 2 20 5
10.0859 -136.82 -136.82 2 20 5
10.0859 -136.87 -136.87 2 20 5
10.0859 -136.92 -136.92 2 20 5
10.0859 -136.97 -136.97 2 20 5
10.0859 -137.02 -137.02 2 20 5
10.0859 -137.07 -137.07 2 20 5
10.0859 -137.12 -137.12 2 20 5
10.0859 -137.17 -137.17 2 20 5
10.0859 -137.22 -137.22 2 20 5
10.0859 -137.27 -137.27 2 20 5
10.0859 -137.32 -137.32 2 20 5
10.0859 -137.37 -137.37 2 20 5
10.0859 -137.42 -137.42 2 20 5
10.0859 -137.47 -137.47 2 20 5
10.0859 -137.52 -137.52 2 20 5
10.0859 -137.57 -137.57 2 20 5
10.0859 -137.62 -137.62 2 20 5
10.0859 -137.67 -137.67 2 20 5
10.0859 -137.72 -137.72 2 20 5
10.0859 -137.77 -137.77 2 20 5
10.0859 -137.82 -137.82 2 20 5
10.0859 -137.87 -137.87 2 20 5
10.0859 -137.92 -137.92 2 20 5
10.0859 -137.97 -137.97 2 20 5
10.0859 -138.02 -138.02 2 20 5
10.0859 -138.07 -138.07 2 20 5
10.0859 -138.12 -138.12 2 20 5
10.0859 -138.17 -138.17 2 20 5
10.0859 -138.22 -138.22 2 20 5
10.0859 -138.27 -138.27 2 20 5
10.0859 -138.32 -138.32 2 20 5
10.0859 -138.37 -138.37 2 20 5
10.0859 -138.42 -138.42 2 20 5
10.0859 -138.47 -138.47 2 20 5
10.0859 -138.52 -138.52 2 20 5
10.0859 -138.57 -138.57 2 20 5
10.0859 -138.62 -138.62 2 20 5
10.0859 -138.67 -138.67 2 20 5
10.0859 -138.72 -138.72 2 20 5
10.0859 -138.77 -138.77 2 20 5
10.0859 -138.82 -138.82 2 20 5
10.0859 -138.87 -138.87 2 20 5
10.0859 -138.92 -138.92 2 20 5
10.0859 -138.97 -138.97 2 20 5
10.0859 -139.02 -139.02 2 20 5
10.0859 -139.07 -139.07 2 20 5
10.0859 -139.12 -139.12 2 20 5
10.0859 -139.17 -139.17 2 20 5
10.0859 -139.22 -139.22 2 20 5
10.0859 -139.27 -139.27 2 20 5
10.0859 -139.32 -139.32 2 20 5
10.0859 -139.37 -139.37 2 20 5
10.0859 -139.42 -139.42 2 20 5
10.0859 -139.47 -139.47 2 20 5
10.0859 -139.52 -139.52 2 20 5
10.0859 -139.57 -139.57 2 20 5
10.0859 -139.62 -139.62 2 20 5
10.0859 -139.67 -139.67 2 20 5
10.0859 -139.72 -139.72 2 20 5
10.0859 -139.77 -139.77 2 20 5
10.0859 -139.82 -139.82 2 20 5
10.0859 -139.87 -139.87 2 20 5
10.0859 -139.92 -139.92 2 20 5
10.0859 -139.97 -139.97 2 20 5
10.0859 -140.02 -140.02 2 20 5
10.0859 -140.07 -140.07 2 20 5
10.0859 -140.12 -140.12 2 20 5
10.0859 -140.17 -140.17 2 20 5
10.0859 -140.22 -140.22 2 20 5
10.0859 -140.27 -140.27 2 20 5
10.0859 -140.32 -140.32 2 20 5
10.0859 -140.37 -140.37 2 20 5
10.0859 -140.42 -140.42 2 20 5
10.0858 -140.47 -140.47 2 20 5
10.0859 -140.52 -140.52 2 20 5
10.0859 -140.57 -140.57 2 20 5
10.0859 -140.62 -140.62 2 20 5
10.0859 -140.67 -140.67 2 20 5
10.0859 -140.72 -140.72 2 20 5
10.0859 -140.77 -140.77 2 20 5
10.0859 -140.82 -140.82 2 20 5
10.0859 -140.87 -140.87 2 20 5
10.0859 -140.92 -140.92 2 20 5
10.0859 -140.97 -140.97 2 20 5
10.0859 -141.02 -141.02 2 20 5
10.0859 -141.07 -141.07 2 20 5
10.0859 -141.12 -141.12 2 20 5
10.0859 -141.17 -141.17 2 20 5
10.0859 -141.22 -141.22 2 20 5
10.0859 -141.27 -141.27 2 20 5
10.0859 -141.32 -141.32 2 20 5
10.0859 -141.37 -141.37 2 20 5
10.0859 -141.42 -141.42 2 20 5
10.0859 -141.47 -141.47 2 20 5
10.0859 -141.52 -141.52 2 20 5
10.0859 -141.57 -141.57 2 20 5
10.0859 -141.62 -141.62 2 20 5
10.0859 -141.67 -141.67 2 20 5
10.0859 -141.72 -141.72 2 20 5
10.0859 -141.77 -141.77 2 20 5
10.0859 -141.82 -141.82 2 20 5
10.0859 -141.87 -141.87 2 20 5
10.0859 -141.92 -141.92 2 20 5
10.0859 -141.97 -141.97 2 20 5
10.0859 -142.02 -142.02 2 20 5
10.0859 -142.07 -142.07 2 20 5
10.0859 -142.12 -142.12 2 20 5
10.0859 -142.17 -142.17 2 20 5
10.0859 -142.22 -142.22 2 20 5
10.0859 -142.27 -142.27 2 20 5
10.0859 -142.32 -142.32 2 20 5
10.0859 -142.37 -142.37 2 20 5
10.0859 -142.42 -142.42 2 20 5
10.0859 -142.47 -142.47 2 20 5
10.0859 -142.52 -142.52 2 20 5
10.0859 -142.57 -142.57 2 20 5
10.0859 -142.62 -142.62 2 20 5
10.0859 -142.67 -142.67 2 20 5
10.0859 -142.72 -142.72 2 20 5
10.0859 -142.77 -142.77 2 20 5
10.0859 -142.82 -142.82 2 20 5
10.0859 -142.87 -142.87 2 20 5
10.0859 -142.92 -142.92 2 20 5
10.0859 -142.97 -142.97 2 20 5
10.0859 -143.02 -143.02 2 20 5
10.0859 -143.07 -143.07 2 20 5
10.0859 -143.12 -143.12 2 20 5
10.0859 -143.17 -143.17 2 20 5
10.0859 -143.22 -143.22 2 20 5
10.0859 -143.27 -143.27 2 20 5
10.0859 -143.32 -143.32 2 20 5
10.0859 -143.37 -143.37 2 20 5
10.0859 -143.42 -143.42 2 20 5
10.0859 -143.47 -143.47 2 20 5
10.0859 -143.52 -143.52 2 20 5
10.0859 -143.57 -143.57 2 20 5
10.0859 -143.62 -143.62 2 20 5
10.0859 -143.67 -143.67 2 20 5
10.0859 -143.72 -143.72 2 20 5
10.0859 -143.77 -143.77 2 20 5
10.0859 -143.82 -143.82 2 20 5
10.0859 -143.87 -143.87 2 20 5
10.0859 -143.92 -143.92 2 20 5
10.0859 -143.97 -143.97 2 20 5
10.0859 -144.02 -144.02 2 20 5
10.0859 -144.07 -144.07 2 20 5
10.0859 -144.12 -144.12 2 20 5
10.0859 -144.17 -144.17 2 20 5
10.0859 -144.22 -144.22 2 20 5
10.0859 -144.27 -144.27 2 20 5
10.0859 -144.32 -144.32 2 20 5
10.0859 -144.37 -144.37 2 20 5
10.0859 -144.42 -144.42 2 20 5
10.0859 -144.47 -144.47 2 20 5
10.0859 -144.52 -144.52 2 20 5
10.0859 -144.57 -144.57 2 20 5
10.0859 -144.62 -144.62 2 20 5
10.0859 -144.67 -144.67 2 20 5
10.0859 -144.72 -144.72 2 20 5
10.0859 -144.77 -144.77 2 20 5
10.0859 -144.82 -144.82 2 20 5
10.0859 -144.87 -144.87 2 20 5
10.0859 -144.92 -144.92 2 20 5
10.0859 -144.97 -144.97 2 20 5
10.0859 -145.02 -145.02 2 20 5
10.0859 -145.07 -145.07 2 20 5
10.0859 -145.12 -145.12 2 20 5
10.0859 -145.17 -145.17 2 20 5
10.0859 -145.22 -145.22 2 20 5
10.0859 -145.27 -145.27 2 20 5
10.0859 -145.32 -145.32 2 20 5
10.0859 -145.37 -145.37 2 20 5
10.0859 -145.42 -145.42 2 20 5
10.0859 -145.47 -145.47 2 20 5
10.0859 -145.52 -145.52 2 20 5
10.0859 -145.57 -145.57 2 20 5
10.0859 -145.62 -145.62 2 20 5
10.0859 -145.67 -145.67 2 20 5
10.0859 -145.72 -145.72 2 20 5
10.0859 -145.77 -145.77 2 20 5
10.0859 -145.82 -145.82 2 20 5
10.0859 -145.87 -145.87 2 20 5
10.0859 -145.92 -145.92 2 20 5
10.0859 -145.97 -145.97 2 20 5
10.0859 -146.02 -146.02 2 20 5
10.0859 -146.07 -146.07 2 20 5
10.0859 -146.12 -146.12 2 20 5
10.0859 -146.17 -146.17 2 20 5
10.0859 -146.22 -146.22 2 20 5
10.0859 -146.27 -146.27 2 20 5
10.0859 -146.32 -146.32 2 20 5
10.0859 -146.37 -146.37 2 20 5
10.0859 -146.42 -146.42 2 20 5
10.0859 -146.47 -146.47 2 20 5
10.0859 -146.52 -146.52 2 20 5
10.0859 -146.57 -146.57 2 20 5
10.0859 -146.62 -146.62 2 20 5
10.0859 -146.67 -146.67 2 20 5
10.0859 -146.72 -146.72 2 20 5
10.0859 -146.77 -146.77 2 20 5
10.0859 -146.82 -146.82 2 20 5
10.0859 -146.87 -146.87 2 20 5
10.0859 -146.92 -146.92 2 20 5
10.0859 -146.97 -146.97 2 20 5
10.0859 -147.02 -147.02 2 20 5
10.0859 -147.07 -147.07 2 20 5
10.0859 -147.12 -147.12 2 20 5
10.0859 -147.17 -147.17 2 20 5
10.0859 -147.22 -147.22 2 20 5
10.0859 -147.27 -147.27 2 20 5
10.0859 -147.32 -147.32 2 20 5
10.0859 -147.37 -147.37 2 20 5
10.0859 -147.42 -147.42 2 20 5
10.0859 -147.47 -147.47 2 20 5
10.0859 -147.52 -147.52 2 20 5
10.0859 -147.57 -147.57 2 20 5
10.0859 -147.62 -147.62 2 20 5
10.0859 -147.67 -147.67 2 20 5
10.0859 -147.72 -147.72 2 20 5
10.0859 -147.77 -147.77 2 20 5
10.0859 -147.82 -147.82 2 20 5
10.0859 -147.87 -147.87 2 20 5
10.0859 -147.92 -147.92 2 20 5
10.0859 -147.97 -147.97 2 20 5
10.0859 -148.02 -148.02 2 20 5
10.0859 -148.07 -148.07 2 20 5
10.0859 -148.12 -148.12 2 20 5
10.0859 -148.17 -148.17 2 20 5
10.0859 -148.22 -148.22 2 20 5
10.0859 -148.27 -148.27 2 20 5
10.0859 -148.32 -148.32 2 20 5
10.0859 -148.37 -148.37 2 20 5
10.0859 -148.42 -148.42 2 20 5
10.0859 -148.47 -148.47 2 20 5
10.0859 -148.52 -148.52 2 20 5
10.0859 -148.57 -148.57 2 20 5
10.0859 -148.62 -148.62 2 20 5
10.0859 -148.67 -148.67 2 20 5
10.0859 -148.72 -148.72 2 20 5
10.0859 -148.77 -148.77 2 20 5
10.0859 -148.82 -148.82 2 20 5
10.0859 -148.87 -148.87 2 20 5
10.0859 -148.92 -148.92 2 20 5
10.0859 -148.97 -148.97 2 20 5
10.0859 -149.02 -149.02 2 20 5
10.0859 -149.07 -149.07 2 20 5
10.0859 -149.12 -149.12 2 20 5
10.0859 -149.17 -149.17 2 20 5
10.0859 -149.22 -149.22 2 20 5
10.0859 -149.27 -149.27 2 20 5
10.0859 -149.32 -149.32 2 20 5
10.0859 -149.37 -149.37 2 20 5
10.0859 -149.42 -149.42 2 20 5
10.0859 -149.47 -149.47 2 20 5
10.0859 -149.52 -149.52 2 20 5
10.0859 -149.57 -149.57 2 20 5
10.0859 -149.62 -149.62 2 20 5
10.0859 -149.67 -149.67 2 20 5
10.0859 -149.72 -149.72 2 20 5
10.0859 -149.77 -149.77 2 20 5
10.0859 -149.82 -149.82 2 20 5
10.0859 -149.87 -149.87 2 20 5
10.0859 -149.92 -149.92 2 20 5
10.0859 -149.97 -149.97 2 20 5
10.0859 -150.02 -150.02 2 20 5
10.0859 -150.07 -150.07 2 20 5
10.0859 -150.12 -150.12 2 20 5
10.0859 -150.17 -150.17 2 20 5
10.0859 -150.22 -150.22 2 20 5
10.0859 -150.27 -150.27 2 20 5
10.0859 -150.32 -150.32 2 20 5
10.0859 -150.37 -150.37 2 20 5
10.0859 -150.42 -150.42 2 20 5
10.0859 -150.47 -150.47 2 20 5
10.0859 -150.52 -150.52 2 20 5
10.0859 -150.57 -150.57 2 20 5
10.0859 -150.62 -150.62 2 20 5
10.0859 -150.67 -150.67 2 20 5
10.0859 -150.72 -150.72 2 20 5
10.0859 -150.77 -150.77 2 20 5
10.0859 -150.82 -150.82 2 20 5
10.0859 -150.87 -150.87 2 20 5
10.0859 -150.92 -150.92 2 20 5
10.0859 -150.97 -150.97 2 20 5
10.0859 -151.02 -151.02 2 20 5
10.0859 -151.07 -151.07 2 20 5
10.0859 -151.12 -151.12 2 20 5
10.0859 -151.17 -151.17 2 20 5
10.0859 -151.22 -151.22 2 20 5
10.0859 -151.27 -151.27 2 20 5
10.0859 -151.32 -151.32 2 20 5
10.0859 -151.37 -151.37 2 20 5
10.0859 -151.42 -151.42 2 20 5
10.0859 -151.47 -151.47 2 20 5
10.0859 -151.52 -151.52 2 20 5
10.0859 -151.57 -151.57 2 20 5
10.0859 -151.62 -151.62 2 20 5
10.0859 -151.67 -151.67 2 20 5
10.0859 -151.72 -151.72 2 20 5
10.0859 -151.77 -151.77 2 20 5
10.0859 -151.82 -151.82 2 20 5
10.0859 -151.87 -151.87 2 20 5
10.0859 -151.92 -151.92 2 20 5
10.0859 -151.97 -151.97 2 20 5
10.0859 -152.02 -152.02 2 20 5
10.0859 -152.07 -152.07 2 20 5
10.0859 -152.12 -152.12 2 20 5
10.0859 -152.17 -152.17 2 20 5
10.0859 -152.22 -152.22 2 20 5
10.0859 -152.27 -152.27 2 20 5
10.0859 -152.32 -152.32 2 20 5
10.0859 -152.37 -152.37 2 20 5
10.0859 -152.42 -152.42 2 20 5
10.0859 -152.47 -152.47 2 20 5
10.0859 -152.52 -152.52 2 20 5
10.0859 -152.57 -152.57 2 20 5
10.0859 -152.62 -152.62 2 20 5
10.0859 -152.67 -152.67 2 20 5
10.0859 -152.72 -152.72 2 20 5
10.0859 -152.77 -152.77 2 20 5
10.0859 -152.82 -152.82 2 20 5
10.0859 -152.87 -152.87 2 20 5
10.0859 -152.92 -152.92 2 20 5
10.0859 -152.97 -152.97 2 20 5
10.0859 -153.02 -153.02 2 20 5
10.0859 -153.07 -153.07 2 20 5
10.0859 -153.12 -153.12 2 20 5
10.0859 -153.17 -153.17 2 20 5
10.0859 -153.22 -153.22 2 20 5
10.0859 -153.27 -153.27 2 20 5
10.0859 -153.32 -153.32 2 20 5
10.0859 -153.37 -153.37 2 20 5
10.0859 -153.42 -153.42 2 20 5
10.0859 -153.47 -153.47 2 20 5
10.0859 -153.52 -153.52 2 20 5
10.0859 -153.57 -153.57 2 20 5
10.0859 -153.62 -153.62 2 20 5
10.0859 -153.67 -153.67 2 20 5
10.0859 -153.72 -153.72 2 20 5
10.0859 -153.77 -153.77 2 20 5
10.0859 -153.82 -153.82 2 20 5
10.0859 -153.87 -153.87 2 20 5
10.0859 -153.92 -153.92 2 20 5
10.0859 -153.97 -153.97 2 20 5
10.0859 -154.02 -154.02 2 20 5
10.0859 -154.07 -154.07 2 20 5
10.0859 -154.12 -154.12 2 20 5
10.0859 -154.17 -154.17 2 20 5
10.0859 -154.22 -154.22 2 20 5
10.0859 -154.27 -154.27 2 20 5
10.0859 -154.32 -154.32 2 20 5
10.0859 -154.37 -154.37 2 20 5
10.0859 -154.42 -154.42 2 20 5
10.0859 -154.47 -154.47 2 20 5
10.0859 -154.52 -154.52 2 20 5
10.0859 -154.57 -154.57 2 20 5
10.0859 -154.62 -154.62 2 20 5
10.0859 -154.67 -154.67 2 20 5
10.0859 -154.72 -154.72 2 20 5
10.0859 -154.77 -154.77 2 20 5
10.0859 -154.82 -154.82 2 20 5
10.0859 -154.87 -154.87 2 20 5
10.0859 -154.92 -154.92 2 20 5
10.0859 -154.97 -154.97 2 20 5
10.0859 -155.02 -155.02 2 20 5
10.0859 -155.07 -155.07 2 20 5
10.0859 -155.12 -155.12 2 20 5
10.0859 -155.17 -155.17 2 20 5
10.0859 -155.22 -155.22 2 20 5
10.0859 -155.27 -155.27 2 20 5
10.0859 -155.32 -155.32 2 20 5
10.0859 -155.37 -155.37 2 20 5
10.0859 -155.42 -155.42 2 20 5
10.0859 -155.47 -155.47 2 20 5
10.0859 -155.52 -155.52 2 20 5
10.0859 -155.57 -155.57 2 20 5
10.0859 -155.62 -155.62 2 20 5
10.0859 -155.67 -155.67 2 20 5
10.0859 -155.72 -155.72 2 20 5
10.0859 -155.77 -155.77 2 20 5
10.0859 -155.82 -155.82 2 20 5
10.0859 -155.87 -155.87 2 20 5
10.0859 -155.92 -155.92 2 20 5
10.0859 -155.97 -155.97 2 20 5
10.0859 -156.02 -156.02 2 20 5
10.0859 -156.07 -156.07 2 20 5
10.0859 -156.12 -156.12 2 20 5
10.0859 -156.17 -156.17 2 20 5
10.0859 -156.22 -156.22 2 20 5
10.0859 -156.27 -156.27 2 20 5
10.0859 -156.32 -156.32 2 20 5
10.0859 -156.37 -156.37 2 20 5
10.0859 -156.42 -156.42 2 20 5
10.0859 -156.47 -156.47 2 20 5
10.0859 -156.52 -156.52 2 20 5
10.0859 -156.57 -156.57 2 20 5
10.0859 -156.62 -156.62 2 20 5
10.0859 -156.67 -156.67 2 20 5
10.0859 -156.72 -156.72 2 20 5
10.0859 -156.77 -156.77 2 20 5
10.0859 -156.82 -156.82 2 20 5
10.0859 -156.87 -156.87 2 20 5
10.0859 -156.92 -156.92 2 20 5
10.0859 -156.97 -156.97 2 20 5
10.0859 -157.02 -157.02 2 20 5
10.0859 -157.07 -157.07 2 20 5
10.0859 -157.12 -157.12 2 20 5
10.0859 -157.17 -157.17 2 20 5
10.0859 -157.22 -157.22 2 20 5
10.0859 -157.27 -157.27 2 20 5
10.0859 -157.32 -157.32 2 20 5
10.0859 -157.37 -157.37 2 20 5
10.0859 -157.42 -157.42 2 20 5
10.0859 -157.47 -157.47 2 20 5
10.0859 -157.52 -157.52 2 20 5
10.0859 -157.57 -157.57 2 20 5
10.0859 -157.62 -157.62 2 20 5
10.0859 -157.67 -157.67 2 20 5
10.0859 -157.72 -157.72 2 20 5
10.0859 -157.77 -157.77 2 20 5
10.0859 -157.82 -157.82 2 20 5
10.0859 -157.87 -157.87 2 20 5
10.0859 -157.92 -157.92 2 20 5
10.0859 -157.97 -157.97 2 20 5
10.0859 -158.02 -158.02 2 20 5
10.0859 -158.07 -158.07 2 20 5
10.0859 -158.12 -158.12 2 20 5
10.0859 -158.17 -158.17 2 20 5
10.0859 -158.22 -158.22 2 20 5
10.0859 -158.27 -158.27 2 20 5
10.0866 -158.32 -158.32 2 20 5
10.0862 -158.37 -158.37 2 20 5
10.0859 -158.42 -158.42 2 20 5
10.0857 -158.47 -158.47 2 20 5
10.0857 -158.52 -158.52 2 20 5
10.0858 -158.57 -158.57 2 20 5
10.0859 -158.62 -158.62 2 20 5
10.0859 -158.67 -158.67 2 20 5
10.0859 -158.72 -158.72 2 20 5
10.0859 -158.77 -158.77 2 20 5
10.0859 -158.82 -158.82 2 20 5
10.0859 -158.87 -158.87 2 20 5
10.0859 -158.92 -158.92 2 20 5
10.0859 -158.97 -158.97 2 20 5
10.0859 -159.02 -159.02 2 20 5
10.0859 -159.07 -159.07 2 20 5
10.0859 -159.12 -159.12 2 20 5
10.0859 -159.17 -159.17 2 20 5
10.0859 -159.22 -159.22 2 20 5
10.0859 -159.27 -159.27 2 20 5
10.0859 -159.32 -159.32 2 20 5
10.0859 -159.37 -159.37 2 20 5
10.0859 -159.42 -159.42 2 20 5
10.0859 -159.47 -159.47 2 20 5
10.0859 -159.52 -159.52 2 20 5
10.0859 -159.57 -159.57 2 20 5
10.0859 -159.62 -159.62 2 20 5
10.0859 -159.67 -159.67 2 20 5
10.0859 -159.72 -159.72 2 20 5
10.0859 -159.77 -159.77 2 20 5
10.0859 -159.82 -159.82 2 20 5
10.0859 -159.87 -159.87 2 20 5
10.0859 -159.92 -159.92 2 20 5
10.0859 -159.97 -159.97 2 20 5
10.0859 -160.02 -160.02 2 20 5
10.0859 -160.07 -160.07 2 20 5
10.0859 -160.12 -160.12 2 20 5
10.0859 -160.17 -160.17 2 20 5
10.0859 -160.22 -160.22 2 20 5
10.0859 -160.27 -160.27 2 20 5
10.0859 -160.32 -160.32 2 20 5
10.0859 -160.37 -160.37 2 20 5
10.0859 -160.42 -160.42 2 20 5
10.0859 -160.47 -160.47 2 20 5
10.0859 -160.52 -160.52 2 20 5
10.0859 -160.57 -160.57 2 20 5
10.0859 -160.62 -160.62 2 20 5
10.0859 -160.67 -160.67 2 20 5
10.0859 -160.72 -160.72 2 20 5
10.0859 -160.77 -160.77 2 20 5
10.0859 -160.82 -160.82 2 20 5
10.0859 -160.87 -160.87 2 20 5
10.0859 -160.92 -160.92 2 20 5
10.0859 -160.97 -160.97 2 20 5
10.0859 -161.02 -161.02 2 20 5
10.0859 -161.07 -161.07 2 20 5
10.0859 -161.12 -161.12 2 20 5
10.0859 -161.17 -161.17 2 20 5
10.0859 -161.22 -161.22 2 20 5
10.0859 -161.27 -161.27 2 20 5
10.0859 -161.32 -161.32 2 20 5
10.0859 -161.37 -161.37 2 20 5
10.0859 -161.42 -161.42 2 20 5
10.0859 -161.47 -161.47 2 20 5
10.0859 -161.52 -161.52 2 20 5
10.0859 -161.57 -161.57 2 20 5
10.0859 -161.62 -161.62 2 20 5
10.0859 -161.67 -161.67 2 20 5
10.0859 -161.72 -161.72 2 20 5
10.0859 -161.77 -161.77 2 20 5
10.0859 -161.82 -161.82 2 20 5
10.0859 -161.87 -161.87 2 20 5
10.0859 -161.92 -161.92 2 20 5
10.0859 -161.97 -161.97 2 20 5
10.0859 -162.02 -162.02 2 20 5
10.0859 -162.07 -162.07 2 20 5
10.0859 -162.12 -162.12 2 20 5
10.0859 -162.17 -162.17 2 20 5
10.0859 -162.22 -162.22 2 20 5
10.0859 -162.27 -162.27 2 20 5
10.0859 -162.32 -162.32 2 20 5
10.0859 -162.37 -162.37 2 20 5
10.0859 -162.42 -162.42 2 20 5
10.0859 -162.47 -162.47 2 20 5
10.0859 -162.52 -162.52 2 20 5
10.0859 -162.57 -162.57 2 20 5
10.0859 -162.62 -162.62 2 20 5
10.0859 -162.67 -162.67 2 20 5
10.0859 -162.72 -162.72 2 20 5
10.0859 -162.77 -162.77 2 20 5
10.0859 -162.82 -162.82 2 20 5
10.0859 -162.87 -162.87 2 20 5
10.0859 -162.92 -162.92 2 20 5
10.0859 -162.97 -162.97 2 20 5
10.0859 -163.02 -163.02 2 20 5
10.0859 -163.07 -163.07 2 20 5
10.0859 -163.12 -163.12 2 20 5
10.0859 -163.17 -163.17 2 20 5
10.0859 -163.22 -163.22 2 20 5
10.0859 -163.27 -163.27 2 20 5
10.0859 -163.32 -163.32 2 20 5
10.0859 -163.37 -163.37 2 20 5
10.0859 -163.42 -163.42 2 20 5
10.0859 -163.47 -163.47 2 20 5
10.0859 -163.52 -163.52 2 20 5
10.0859 -163.57 -163.57 2 20 5
10.0859 -163.62 -163.62 2 20 5
10.0859 -163.67 -163.67 2 20 5
10.0859 -163.72 -163.72 2 20 5
10.0859 -163.77 -163.77 2 20 5
10.0858 -163.82 -163.82 2 20 5
10.0859 -163.87 -163.87 2 20 5
10.0859 -163.92 -163.92 2 20 5
10.0859 -163.97 -163.97 2 20 5
10.0859 -164.02 -164.02 2 20 5
10.0859 -164.07 -164.07 2 20 5
10.0859 -164.12 -164.12 2 20 5
10.0859 -164.17 -164.17 2 20 5
10.0859 -164.22 -164.22 2 20 5
10.0859 -164.27 -164.27 2 20 5
10.0859 -164.32 -164.32 2 20 5
10.0859 -164.37 -164.37 2 20 5
10.0859 -164.42 -164.42 2 20 5
10.0859 -164.47 -164.47 2 20 5
10.0859 -164.52 -164.52 2 20 5
10.0859 -164.57 -164.57 2 20 5
10.0859 -164.62 -164.62 2 20 5
10.0859 -164.67 -164.67 2 20 5
10.0859 -164.72 -164.72 2 20 5
10.0859 -164.77 -164.77 2 20 5
10.0859 -164.82 -164.82 2 20 5
10.0859 -164.87 -164.87 2 20 5
10.0859 -164.92 -164.92 2 20 5
10.0859 -164.97 -164.97 2 20 5
10.0859 -165.02 -165.02 2 20 5
10.0859 -165.07 -165.07 2 20 5
10.0859 -165.12 -165.12 2 20 5
10.0859 -165.17 -165.17 2 20 5
10.0859 -165.22 -165.22 2 20 5
10.0859 -165.27 -165.27 2 20 5
10.0859 -165.32 -165.32 2 20 5
10.0859 -165.37 -165.37 2 20 5
10.0859 -165.42 -165.42 2 20 5
10.0859 -165.47 -165.47 2 20 5
10.0859 -165.52 -165.52 2 20 5
10.0859 -165.57 -165.57 2 20 5
10.0859 -165.62 -165.62 2 20 5
10.0859 -165.67 -165.67 2 20 5
10.0859 -165.72 -165.72 2 20 5
10.0859 -165.77 -165.77 2 20 5
10.0859 -165.82 -165.82 2 20 5
10.0859 -165.87 -165.87 2 20 5
10.0859 -165.92 -165.92 2 20 5
10.0859 -165.97 -165.97 2 20 5
10.0859 -166.02 -166.02 2 20 5
10.0859 -166.07 -166.07 2 20 5
10.0859 -166.12 -166.12 2 20 5
10.0858 -166.17 -166.17 2 20 5
10.0858 -166.22 -166.22 2 20 5
10.0859 -166.27 -166.27 2 20 5
10.0859 -166.32 -166.32 2 20 5
10.0859 -166.37 -166.37 2 20 5
10.0859 -166.42 -166.42 2 20 5
10.0859 -166.47 -166.47 2 20 5
10.0859 -166.52 -166.52 2 20 5
10.0859 -166.57 -166.57 2 20 5
10.0859 -166.62 -166.62 2 20 5
10.0859 -166.67 -166.67 2 20 5
10.0859 -166.72 -166.72 2 20 5
10.0859 -166.77 -166.77 2 20 5
10.0859 -166.82 -166.82 2 20 5
10.0859 -166.87 -166.87 2 20 5
10.0859 -166.92 -166.92 2 20 5
10.0859 -166.97 -166.97 2 20 5
10.0859 -167.02 -167.02 2 20 5
10.0859 -167.07 -167.07 2 20 5
10.0859 -167.12 -167.12 2 20 5
10.0859 -167.17 -167.17 2 20 5
10.0859 -167.22 -167.22 2 20 5
10.0859 -167.27 -167.27 2 20 5
10.0859 -167.32 -167.32 2 20 5
10.0859 -167.37 -167.37 2 20 5
10.0859 -167.42 -167.42 2 20 5
10.0859 -167.47 -167.47 2 20 5
10.0859 -167.52 -167.52 2 20 5
10.0859 -167.57 -167.57 2 20 5
10.0859 -167.62 -167.62 2 20 5
10.0859 -167.67 -167.67 2 20 5
10.0859 -167.72 -167.72 2 20 5
10.0859 -167.77 -167.77 2 20 5
10.0859 -167.82 -167.82 2 20 5
10.0859 -167.87 -167.87 2 20 5
10.0859 -167.92 -167.92 2 20 5
10.0859 -167.97 -167.97 2 20 5
10.0859 -168.02 -168.02 2 20 5
10.0859 -168.07 -168.07 2 20 5
10.0859 -168.12 -168.12 2 20 5
10.0859 -168.17 -168.17 2 20 5
10.0859 -168.22 -168.22 2 20 5
10.0859 -168.27 -168.27 2 20 5
10.0859 -168.32 -168.32 2 20 5
10.0859 -168.37 -168.37 2 20 5
10.0859 -168.42 -168.42 2 20 5
10.0859 -168.47 -168.47 2 20 5
10.0859 -168.52 -168.52 2 20 5
10.0859 -168.57 -168.57 2 20 5
10.0859 -168.62 -168.62 2 20 5
10.0859 -168.67 -168.67 2 20 5
10.0859 -168.72 -168.72 2 20 5
10.0859 -168.77 -168.77 2 20 5
10.0859 -168.82 -168.82 2 20 5
10.0859 -168.87 -168.87 2 20 5
10.0859 -168.92 -168.92 2 20 5
10.0859 -168.97 -168.97 2 20 5
10.0859 -169.02 -169.02 2 20 5
10.0859 -169.07 -169.07 2 20 5
10.0859 -169.12 -169.12 2 20 5
10.0859 -169.17 -169.17 2 20 5
10.0859 -169.22 -169.22 2 20 5
10.0859 -169.27 -169.27 2 20 5
10.0859 -169.32 -169.32 2 20 5
10.0859 -169.37 -169.37 2 20 5
10.0859 -169.42 -169.42 2 20 5
10.0859 -169.47 -169.47 2 20 5
10.0859 -169.52 -169.52 2 20 5
10.0859 -169.57 -169.57 2 20 5
10.0859 -169.62 -169.62 2 20 5
10.0859 -169.67 -169.67 2 20 5
10.0859 -169.72 -169.72 2 20 5
10.0859 -169.77 -169.77 2 20 5
10.0859 -169.82 -169.82 2 20 5
10.0859 -169.87 -169.87 2 20 5
10.0859 -169.92 -169.92 2 20 5
10.0859 -169.97 -169.97 2 20 5
10.0859 -170.02 -170.02 2 20 5
10.0859 -170.07 -170.07 2 20 5
10.0859 -170.12 -170.12 2 20 5
10.0859 -170.17 -170.17 2 20 5
10.0859 -170.22 -170.22 2 20 5
10.0859 -170.27 -170.27 2 20 5
10.0859 -170.32 -170.32 2 20 5
10.0859 -170.37 -170.37 2 20 5
10.0859 -170.42 -170.42 2 20 5
10.0859 -170.47 -170.47 2 20 5
10.0859 -170.52 -170.52 2 20 5
10.0859 -170.57 -170.57 2 20 5
10.0859 -170.62 -170.62 2 20 5
10.0859 -170.67 -170.67 2 20 5
10.0859 -170.72 -170.72 2 20 5
10.0859 -170.77 -170.77 2 20 5
10.0859 -170.82 -170.82 2 20 5
10.0859 -170.87 -170.87 2 20 5
10.0859 -170.92 -170.92 2 20 5
10.0859 -170.97 -170.97 2 20 5
10.0859 -171.02 -171.02 2 20 5
10.0859 -171.07 -171.07 2 20 5
10.0859 -171.12 -171.12 2 20 5
10.0859 -171.17 -171.17 2 20 5
10.0859 -171.22 -171.22 2 20 5
10.0859 -171.27 -171.27 2 20 5
10.0859 -171.32 -171.32 2 20 5
10.0859 -171.37 -171.37 2 20 5
10.0859 -171.42 -171.42 2 20 5
10.0859 -171.47 -171.47 2 20 5
10.0859 -171.52 -171.52 2 20 5
10.0859 -171.57 -171.57 2 20 5
10.0859 -171.62 -171.62 2 20 5
10.0859 -171.67 -171.67 2 20 5
10.0859 -171.72 -171.72 2 20 5
10.0859 -171.77 -171.77 2 20 5
10.0859 -171.82 -171.82 2 20 5
10.0859 -171.87 -171.87 2 20 5
10.0859 -171.92 -171.92 2 20 5
10.0859 -171.97 -171.97 2 20 5
10.0859 -172.02 -172.02 2 20 5
10.0859 -172.07 -172.07 2 20 5
10.0859 -172.12 -172.12 2 20 5
10.0859 -172.17 -172.17 2 20 5
10.0859 -172.22 -172.22 2 20 5
10.0859 -172.27 -172.27 2 20 5
10.0859 -172.32 -172.32 2 20 5
10.0859 -172.37 -172.37 2 20 5
10.0859 -172.42 -172.42 2 20 5
10.0859 -172.47 -172.47 2 20 5
10.0859 -172.52 -172.52 2 20 5
10.0859 -172.57 -172.57 2 20 5
10.0859 -172.62 -172.62 2 20 5
10.0859 -172.67 -172.67 2 20 5
10.0859 -172.72 -172.72 2 20 5
10.0859 -172.77 -172.77 2 20 5
10.0859 -172.82 -172.82 2 20 5
10.0859 -172.87 -172.87 2 20 5
10.0859 -172.92 -172.92 2 20 5
10.0859 -172.97 -172.97 2 20 5
10.0859 -173.02 -173.02 2 20 5
10.0859 -173.07 -173.07 2 20 5
10.0859 -173.12 -173.12 2 20 5
10.0859 -173.17 -173.17 2 20 5
10.0859 -173.22 -173.22 2 20 5
10.0859 -173.27 -173.27 2 20 5
10.0859 -173.32 -173.32 2 20 5
10.0859 -173.37 -173.37 2 20 5
10.0859 -173.42 -173.42 2 20 5
10.0859 -173.47 -173.47 2 20 5
10.0859 -173.52 -173.52 2 20 5
10.0859 -173.57 -173.57 2 20 5
10.0858 -173.62 -173.62 2 20 5
10.0859 -173.67 -173.67 2 20 5
10.0859 -173.72 -173.72 2 20 5
10.0859 -173.77 -173.77 2 20 5
10.0859 -173.82 -173.82 2 20 5
10.0859 -173.87 -173.87 2 20 5
10.0859 -173.92 -173.92 2 20 5
10.0859 -173.97 -173.97 2 20 5
10.0859 -174.02 -174.02 2 20 5
10.0859 -174.07 -174.07 2 20 5
10.0859 -174.12 -174.12 2 20 5
10.0859 -174.17 -174.17 2 20 5
10.0859 -174.22 -174.22 2 20 5
10.0859 -174.27 -174.27 2 20 5
10.0859 -174.32 -174.32 2 20 5
10.0859 -174.37 -174.37 2 20 5
10.0859 -174.42 -174.42 2 20 5
10.0859 -174.47 -174.47 2 20 5
10.0859 -174.52 -174.52 2 20 5
10.0859 -174.57 -174.57 2 20 5
10.0859 -174.62 -174.62 2 20 5
10.0859 -174.67 -174.67 2 20 5
10.0859 -174.72 -174.72 2 20 5
10.0859 -174.77 -174.77 2 20 5
10.0859 -174.82 -174.82 2 20 5
10.0859 -174.87 -174.87 2 20 5
10.0859 -174.92 -174.92 2 20 5
10.0859 -174.97 -174.97 2 20 5
10.0859 -175.02 -175.02 2 20 5
10.0859 -175.07 -175.07 2 20 5
10.0859 -175.12 -175.12 2 20 5
10.0859 -175.17 -175.17 2 20 5
10.0859 -175.22 -175.22 2 20 5
10.0859 -175.27 -175.27 2 20 5
10.0859 -175.32 -175.32 2 20 5
10.0859 -175.37 -175.37 2 20 5
10.0859 -175.42 -175.42 2 20 5
10.0859 -175.47 -175.47 2 20 5
10.0859 -175.52 -175.52 2 20 5
10.0859 -175.57 -175.57 2 20 5
10.0859 -175.62 -175.62 2 20 5
10.0859 -175.67 -175.67 2 20 5
10.0859 -175.72 -175.72 2 20 5
10.0859 -175.77 -175.77 2 20 5
10.0859 -175.82 -175.82 2 20 5
10.0859 -175.87 -175.87 2 20 5
10.0859 -175.92 -175.92 2 20 5
10.0859 -175.97 -175.97 2 20 5
10.0859 -176.02 -176.02 2 20 5
10.0859 -176.07 -176.07 2 20 5
10.0859 -176.12 -176.12 2 20 5
10.0859 -176.17 -176.17 2 20 5
10.0859 -176.22 -176.22 2 20 5
10.0859 -176.27 -176.27 2 20 5
10.0859 -176.32 -176.32 2 20 5
10.0855 -176.37 -176.37 2 20 5
10.0857 -176.42 -176.42 2 20 5
10.0859 -176.47 -176.47 2 20 5
10.086 -176.52 -176.52 2 20 5
10.086 -176.57 -176.57 2 20 5
10.0859 -176.62 -176.62 2 20 5
10.0859 -176.67 -176.67 2 20 5
10.0858 -176.72 -176.72 2 20 5
10.0858 -176.77 -176.77 2 20 5
10.0859 -176.82 -176.82 2 20 5
10.0859 -176.87 -176.87 2 20 5
10.0859 -176.92 -176.92 2 20 5
10.0859 -176.97 -176.97 2 20 5
10.0859 -177.02 -177.02 2 20 5
10.0859 -177.07 -177.07 2 20 5
10.0859 -177.12 -177.12 2 20 5
10.0859 -177.17 -177.17 2 20 5
10.0859 -177.22 -177.22 2 20 5
10.0859 -177.27 -177.27 2 20 5
10.0859 -177.32 -177.32 2 20 5
10.0859 -177.37 -177.37 2 20 5
10.0859 -177.42 -177.42 2 20 5
10.0859 -177.47 -177.47 2 20 5
10.0859 -177.52 -177.52 2 20 5
10.0859 -177.57 -177.57 2 20 5
10.0859 -177.62 -177.62 2 20 5
10.0859 -177.67 -177.67 2 20 5
10.0859 -177.72 -177.72 2 20 5
10.0859 -177.77 -177.77 2 20 5
10.0859 -177.82 -177.82 2 20 5
10.0859 -177.87 -177.87 2 20 5
10.0859 -177.92 -177.92 2 20 5
10.0859 -177.97 -177.97 2 20 5
10.0859 -178.02 -178.02 2 20 5
10.0859 -178.07 -178.07 2 20 5
10.0859 -178.12 -178.12 2 20 5
10.0859 -178.17 -178.17 2 20 5
10.0859 -178.22 -178.22 2 20 5
10.0859 -178.27 -178.27 2 20 5
10.0859 -178.32 -178.32 2 20 5
10.0859 -178.37 -178.37 2 20 5
10.0859 -178.42 -178.42 2 20 5
10.0859 -178.47 -178.47 2 20 5
10.0859 -178.52 -178.52 2 20 5
10.0859 -178.57 -178.57 2 20 5
10.0859 -178.62 -178.62 2 20 5
10.0859 -178.67 -178.67 2 20 5
10.0859 -178.72 -178.72 2 20 5
10.0859 -178.77 -178.77 2 20 5
10.0859 -178.82 -178.82 2 20 5
10.0859 -178.87 -178.87 2 20 5
10.0859 -178.92 -178.92 2 20 5
10.0859 -178.97 -178.97 2 20 5
10.0859 -179.02 -179.02 2 20 5
10.0859 -179.07 -179.07 2 20 5
10.0859 -179.12 -179.12 2 20 5
10.0859 -179.17 -179.17 2 20 5
10.0859 -179.22 -179.22 2 20 5
10.0859 -179.27 -179.27 2 20 5
10.086 -179.32 -179.32 2 20 5
10.0859 -179.37 -179.37 2 20 5
10.0859 -179.42 -179.42 2 20 5
10.0858 -179.47 -179.47 2 20 5
10.0859 -179.52 -179.52 2 20 5
10.0859 -179.57 -179.57 2 20 5
10.0859 -179.62 -179.62 2 20 5
10.0859 -179.67 -179.67 2 20 5
10.0859 -179.72 -179.72 2 20 5
10.0859 -179.77 -179.77 2 20 5
10.0859 -179.82 -179.82 2 20 5
10.0859 -179.87 -179.87 2 20 5
10.0859 -179.92 -179.92 2 20 5
10.0859 -179.97 -179.97 2 20 5
10.0859 -180.02 -180.02 2 20 5
10.0859 -180.07 -180.07 2 20 5
10.0859 -180.12 -180.12 2 20 5
10.0859 -180.17 -180.17 2 20 5
10.0859 -180.22 -180.22 2 20 5
10.0859 -180.27 -180.27 2 20 5
10.0859 -180.32 -180.32 2 20 5
10.0859 -180.37 -180.37 2 20 5
10.0859 -180.42 -180.42 2 20 5
10.0859 -180.47 -180.47 2 20 5
10.0859 -180.52 -180.52 2 20 5
10.0859 -180.57 -180.57 2 20 5
10.0859 -180.62 -180.62 2 20 5
10.0859 -180.67 -180.67 2 20 5
10.0859 -180.72 -180.72 2 20 5
10.0859 -180.77 -180.77 2 20 5
10.0859 -180.82 -180.82 2 20 5
10.0859 -180.87 -180.87 2 20 5
10.0859 -180.92 -180.92 2 20 5
10.0859 -180.97 -180.97 2 20 5
10.0859 -181.02 -181.02 2 20 5
10.0859 -181.07 -181.07 2 20 5
10.0859 -181.12 -181.12 2 20 5
10.0859 -181.17 -181.17 2 20 5
10.0859 -181.22 -181.22 2 20 5
10.0859 -181.27 -181.27 2 20 5
10.0859 -181.32 -181.32 2 20 5
10.0859 -181.37 -181.37 2 20 5
10.0859 -181.42 -181.42 2 20 5
10.0859 -181.47 -181.47 2 20 5
10.0859 -181.52 -181.52 2 20 5
10.0859 -181.57 -181.57 2 20 5
10.0859 -181.62 -181.62 2 20 5
10.0859 -181.67 -181.67 2 20 5
10.0859 -181.72 -181.72 2 20 5
10.0859 -181.77 -181.77 2 20 5
10.0859 -181.82 -181.82 2 20 5
10.0859 -181.87 -181.87 2 20 5
10.0859 -181.92 -181.92 2 20 5
10.0859 -181.97 -181.97 2 20 5
10.0859 -182.02 -182.02 2 20 5
10.0859 -182.07 -182.07 2 20 5
10.0859 -182.12 -182.12 2 20 5
10.0859 -182.17 -182.17 2 20 5
10.0859 -182.22 -182.22 2 20 5
10.0859 -182.27 -182.27 2 20 5
10.0859 -182.32 -182.32 2 20 5
10.0859 -182.37 -182.37 2 20 5
10.0859 -182.42 -182.42 2 20 5
10.0859 -182.47 -182.47 2 20 5
10.0859 -182.52 -182.52 2 20 5
10.0859 -182.57 -182.57 2 20 5
10.0859 -182.62 -182.62 2 20 5
10.0858 -182.67 -182.67 2 20 5
10.0858 -182.72 -182.72 2 20 5
10.0859 -182.77 -182.77 2 20 5
10.0859 -182.82 -182.82 2 20 5
10.0859 -182.87 -182.87 2 20 5
10.0859 -182.92 -182.92 2 20 5
10.0859 -182.97 -182.97 2 20 5
10.0859 -183.02 -183.02 2 20 5
10.0859 -183.07 -183.07 2 20 5
10.0859 -183.12 -183.12 2 20 5
10.0859 -183.17 -183.17 2 20 5
10.0859 -183.22 -183.22 2 20 5
10.0859 -183.27 -183.27 2 20 5
10.0859 -183.32 -183.32 2 20 5
10.0859 -183.37 -183.37 2 20 5
10.0859 -183.42 -183.42 2 20 5
10.0859 -183.47 -183.47 2 20 5
10.0859 -183.52 -183.52 2 20 5
10.0859 -183.57 -183.57 2 20 5
10.0859 -183.62 -183.62 2 20 5
10.0859 -183.67 -183.67 2 20 5
10.0859 -183.72 -183.72 2 20 5
10.0859 -183.77 -183.77 2 20 5
10.0859 -183.82 -183.82 2 20 5
10.0859 -183.87 -183.87 2 20 5
10.0859 -183.92 -183.92 2 20 5
10.0859 -183.97 -183.97 2 20 5
10.0859 -184.02 -184.02 2 20 5
10.0859 -184.07 -184.07 2 20 5
10.0859 -184.12 -184.12 2 20 5
10.0859 -184.17 -184.17 2 20 5
10.0859 -184.22 -184.22 2 20 5
10.0859 -184.27 -184.27 2 20 5
10.0859 -184.32 -184.32 2 20 5
10.0858 -184.37 -184.37 2 20 5
10.0859 -184.42 -184.42 2 20 5
10.0859 -184.47 -184.47 2 20 5
10.0859 -184.52 -184.52 2 20 5
10.0859 -184.57 -184.57 2 20 5
10.0859 -184.62 -184.62 2 20 5
10.0859 -184.67 -184.67 2 20 5
10.0859 -184.72 -184.72 2 20 5
10.0858 -184.77 -184.77 2 20 5
10.0859 -184.82 -184.82 2 20 5
10.0859 -184.87 -184.87 2 20 5
10.0859 -184.92 -184.92 2 20 5
10.0859 -184.97 -184.97 2 20 5
10.0859 -185.02 -185.02 2 20 5
10.0859 -185.07 -185.07 2 20 5
10.0859 -185.12 -185.12 2 20 5
10.0859 -185.17 -185.17 2 20 5
10.0859 -185.22 -185.22 2 20 5
10.0859 -185.27 -185.27 2 20 5
10.0859 -185.32 -185.32 2 20 5
10.0859 -185.37 -185.37 2 20 5
10.0859 -185.42 -185.42 2 20 5
10.0859 -185.47 -185.47 2 20 5
10.0859 -185.52 -185.52 2 20 5
10.0858 -185.57 -185.57 2 20 5
10.0859 -185.62 -185.62 2 20 5
10.0859 -185.67 -185.67 2 20 5
10.0859 -185.72 -185.72 2 20 5
10.0859 -185.77 -185.77 2 20 5
10.0859 -185.82 -185.82 2 20 5
10.0859 -185.87 -185.87 2 20 5
10.0859 -185.92 -185.92 2 20 5
10.0859 -185.97 -185.97 2 20 5
10.0859 -186.02 -186.02 2 20 5
10.0859 -186.07 -186.07 2 20 5
10.0859 -186.12 -186.12 2 20 5
10.0859 -186.17 -186.17 2 20 5
10.0859 -186.22 -186.22 2 20 5
10.0859 -186.27 -186.27 2 20 5
10.0859 -186.32 -186.32 2 20 5
10.0859 -186.37 -186.37 2 20 5
10.0859 -186.42 -186.42 2 20 5
10.0859 -186.47 -186.47 2 20 5
10.0859 -186.52 -186.52 2 20 5
10.0859 -186.57 -186.57 2 20 5
10.0859 -186.62 -186.62 2 20 5
10.0859 -186.67 -186.67 2 20 5
10.0859 -186.72 -186.72 2 20 5
10.0859 -186.77 -186.77 2 20 5
10.0859 -186.82 -186.82 2 20 5
10.0859 -186.87 -186.87 2 20 5
10.0859 -186.92 -186.92 2 20 5
10.0859 -186.97 -186.97 2 20 5
10.0859 -187.02 -187.02 2 20 5
10.0859 -187.07 -187.07 2 20 5
10.0859 -187.12 -187.12 2 20 5
10.0859 -187.17 -187.17 2 20 5
10.0859 -187.22 -187.22 2 20 5
10.0859 -187.27 -187.27 2 20 5
10.0859 -187.32 -187.32 2 20 5
10.0859 -187.37 -187.37 2 20 5
10.0859 -187.42 -187.42 2 20 5
10.0859 -187.47 -187.47 2 20 5
10.0859 -187.52 -187.52 2 20 5
10.0859 -187.57 -187.57 2 20 5
10.0859 -187.62 -187.62 2 20 5
10.0859 -187.67 -187.67 2 20 5
10.0859 -187.72 -187.72 2 20 5
10.0859 -187.77 -187.77 2 20 5
10.0859 -187.82 -187.82 2 20 5
10.0859 -187.87 -187.87 2 20 5
10.0859 -187.92 -187.92 2 20 5
10.0859 -187.97 -187.97 2 20 5
10.0859 -188.02 -188.02 2 20 5
10.0859 -188.07 -188.07 2 20 5
10.0859 -188.12 -188.12 2 20 5
10.0859 -188.17 -188.17 2 20 5
10.0859 -188.22 -188.22 2 20 5
10.0859 -188.27 -188.27 2 20 5
10.0859 -188.32 -188.32 2 20 5
10.0859 -188.37 -188.37 2 20 5
10.0859 -188.42 -188.42 2 20 5
10.0859 -188.47 -188.47 2 20 5
10.0859 -188.52 -188.52 2 20 5
10.0859 -188.57 -188.57 2 20 5
10.0859 -188.62 -188.62 2 20 5
10.0859 -188.67 -188.67 2 20 5
10.0859 -188.72 -188.72 2 20 5
10.0859 -188.77 -188.77 2 20 5
10.0859 -188.82 -188.82 2 20 5
10.0859 -188.87 -188.87 2 20 5
10.0859 -188.92 -188.92 2 20 5
10.0859 -188.97 -188.97 2 20 5
10.0859 -189.02 -189.02 2 20 5
10.0859 -189.07 -189.07 2 20 5
10.0859 -189.12 -189.12 2 20 5
10.0859 -189.17 -189.17 2 20 5
10.0859 -189.22 -189.22 2 20 5
10.0859 -189.27 -189.27 2 20 5
10.0859 -189.32 -189.32 2 20 5
10.0859 -189.37 -189.37 2 20 5
10.0859 -189.42 -189.42 2 20 5
10.0859 -189.47 -189.47 2 20 5
10.0859 -189.52 -189.52 2 20 5
10.0859 -189.57 -189.57 2 20 5
10.0859 -189.62 -189.62 2 20 5
10.0859 -189.67 -189.67 2 20 5
10.0859 -189.72 -189.72 2 20 5
10.0859 -189.77 -189.77 2 20 5
10.0859 -189.82 -189.82 2 20 5
10.0859 -189.87 -189.87 2 20 5
10.0859 -189.92 -189.92 2 20 5
10.0859 -189.97 -189.97 2 20 5
10.0859 -190.02 -190.02 2 20 5
10.0859 -190.07 -190.07 2 20 5
10.0859 -190.12 -190.12 2 20 5
10.0859 -190.17 -190.17 2 20 5
10.0859 -190.22 -190.22 2 20 5
10.0859 -190.27 -190.27 2 20 5
10.0859 -190.32 -190.32 2 20 5
10.0859 -190.37 -190.37 2 20 5
10.0859 -190.42 -190.42 2 20 5
10.0859 -190.47 -190.47 2 20 5
10.0859 -190.52 -190.52 2 20 5
10.0859 -190.57 -190.57 2 20 5
10.0859 -190.62 -190.62 2 20 5
10.0859 -190.67 -190.67 2 20 5
10.0859 -190.72 -190.72 2 20 5
10.0859 -190.77 -190.77 2 20 5
10.0859 -190.82 -190.82 2 20 5
10.0859 -190.87 -190.87 2 20 5
10.0859 -190.92 -190.92 2 20 5
10.0859 -190.97 -190.97 2 20 5
10.0859 -191.02 -191.02 2 20 5
10.0859 -191.07 -191.07 2 20 5
10.0859 -191.12 -191.12 2 20 5
10.0859 -191.17 -191.17 2 20 5
10.0859 -191.22 -191.22 2 20 5
10.0859 -191.27 -191.27 2 20 5
10.0859 -191.32 -191.32 2 20 5
10.0859 -191.37 -191.37 2 20 5
10.0859 -191.42 -191.42 2 20 5
10.0859 -191.47 -191.47 2 20 5
10.0859 -191.52 -191.52 2 20 5
10.0859 -191.57 -191.57 2 20 5
10.0859 -191.62 -191.62 2 20 5
10.0859 -191.67 -191.67 2 20 5
10.0859 -191.72 -191.72 2 20 5
10.0859 -191.77 -191.77 2 20 5
10.0859 -191.82 -191.82 2 20 5
10.0859 -191.87 -191.87 2 20 5
10.0859 -191.92 -191.92 2 20 5
10.0859 -191.97 -191.97 2 20 5
10.0859 -192.02 -192.02 2 20 5
10.0859 -192.07 -192.07 2 20 5
10.0859 -192.12 -192.12 2 20 5
10.0859 -192.17 -192.17 2 20 5
10.0859 -192.22 -192.22 2 20 5
10.0859 -192.27 -192.27 2 20 5
10.0859 -192.32 -192.32 2 20 5
10.0859 -192.37 -192.37 2 20 5
10.0859 -192.42 -192.42 2 20 5
10.0859 -192.47 -192.47 2 20 5
10.0859 -192.52 -192.52 2 20 5
10.0859 -192.57 -192.57 2 20 5
10.0859 -192.62 -192.62 2 20 5
10.0859 -192.67 -192.67 2 20 5
10.0859 -192.72 -192.72 2 20 5
10.0859 -192.77 -192.77 2 20 5
10.0859 -192.82 -192.82 2 20 5
10.0859 -192.87 -192.87 2 20 5
10.0859 -192.92 -192.92 2 20 5
10.0859 -192.97 -192.97 2 20 5
10.0859 -193.02 -193.02 2 20 5
10.0859 -193.07 -193.07 2 20 5
10.0859 -193.12 -193.12 2 20 5
10.0859 -193.17 -193.17 2 20 5
10.0859 -193.22 -193.22 2 20 5
10.0859 -193.27 -193.27 2 20 5
10.0859 -193.32 -193.32 2 20 5
10.0859 -193.37 -193.37 2 20 5
10.0859 -193.42 -193.42 2 20 5
10.0859 -193.47 -193.47 2 20 5
10.0859 -193.52 -193.52 2 20 5
10.0859 -193.57 -193.57 2 20 5
10.0859 -193.62 -193.62 2 20 5
10.0859 -193.67 -193.67 2 20 5
10.0859 -193.72 -193.72 2 20 5
10.0859 -193.77 -193.77 2 20 5
10.0859 -193.82 -193.82 2 20 5
10.0859 -193.87 -193.87 2 20 5
10.0859 -193.92 -193.92 2 20 5
10.0859 -193.97 -193.97 2 20 5
10.0859 -194.02 -194.02 2 20 5
10.0859 -194.07 -194.07 2 20 5
10.0859 -194.12 -194.12 2 20 5
10.0859 -194.17 -194.17 2 20 5
10.0859 -194.22 -194.22 2 20 5
10.0859 -194.27 -194.27 2 20 5
10.0859 -194.32 -194.32 2 20 5
10.0859 -194.37 -194.37 2 20 5
10.0859 -194.42 -194.42 2 20 5
10.0859 -194.47 -194.47 2 20 5
10.0859 -194.52 -194.52 2 20 5
10.0859 -194.57 -194.57 2 20 5
10.0859 -194.62 -194.62 2 20 5
10.0859 -194.67 -194.67 2 20 5
10.0859 -194.72 -194.72 2 20 5
10.0859 -194.77 -194.77 2 20 5
10.0859 -194.82 -194.82 2 20 5
10.0859 -194.87 -194.87 2 20 5
10.0859 -194.92 -194.92 2 20 5
10.0859 -194.97 -194.97 2 20 5
10.0859 -195.02 -195.02 2 20 5
10.0859 -195.07 -195.07 2 20 5
10.0859 -195.12 -195.12 2 20 5
10.0859 -195.17 -195.17 2 20 5
10.0859 -195.22 -195.22 2 20 5
10.0859 -195.27 -195.27 2 20 5
10.0859 -195.32 -195.32 2 20 5
10.0859 -195.37 -195.37 2 20 5
10.0859 -195.42 -195.42 2 20 5
10.0859 -195.47 -195.47 2 20 5
10.0859 -195.52 -195.52 2 20 5
10.0859 -195.57 -195.57 2 20 5
10.0859 -195.62 -195.62 2 20 5
10.0859 -195.67 -195.67 2 20 5
10.0859 -195.72 -195.72 2 20 5
10.0859 -195.77 -195.77 2 20 5
10.0859 -195.82 -195.82 2 20 5
10.0859 -195.87 -195.87 2 20 5
10.0859 -195.92 -195.92 2 20 5
10.0859 -195.97 -195.97 2 20 5
10.0859 -196.02 -196.02 2 20 5
10.0859 -196.07 -196.07 2 20 5
10.0859 -196.12 -196.12 2 20 5
10.0859 -196.17 -196.17 2 20 5
10.0859 -196.22 -196.22 2 20 5
10.0859 -196.27 -196.27 2 20 5
10.0859 -196.32 -196.32 2 20 5
10.0859 -196.37 -196.37 2 20 5
10.0859 -196.42 -196.42 2 20 5
10.0859 -196.47 -196.47 2 20 5
10.0859 -196.52 -196.52 2 20 5
10.0859 -196.57 -196.57 2 20 5
10.0859 -196.62 -196.62 2 20 5
10.0859 -196.67 -196.67 2 20 5
10.0859 -196.72 -196.72 2 20 5
10.0859 -196.77 -196.77 2 20 5
10.0859 -196.82 -196.82 2 20 5
10.0859 -196.87 -196.87 2 20 5
10.0859 -196.92 -196.92 2 20 5
10.0859 -196.97 -196.97 2 20 5
10.0859 -197.02 -197.02 2 20 5
10.0859 -197.07 -197.07 2 20 5
10.0859 -197.12 -197.12 2 20 5
10.0859 -197.17 -197.17 2 20 5
10.0859 -197.22 -197.22 2 20 5
10.0859 -197.27 -197.27 2 20 5
10.0859 -197.32 -197.32 2 20 5
10.0859 -197.37 -197.37 2 20 5
10.0859 -197.42 -197.42 2 20 5
10.0859 -197.47 -197.47 2 20 5
10.0859 -197.52 -197.52 2 20 5
10.0859 -197.57 -197.57 2 20 5
10.0859 -197.62 -197.62 2 20 5
10.0859 -197.67 -197.67 2 20 5
10.0859 -197.72 -197.72 2 20 5
10.0859 -197.77 -197.77 2 20 5
10.0859 -197.82 -197.82 2 20 5
10.0859 -197.87 -197.87 2 20 5
10.0859 -197.92 -197.92 2 20 5
10.0859 -197.97 -197.97 2 20 5
10.0859 -198.02 -198.02 2 20 5
10.0859 -198.07 -198.07 2 20 5
10.0859 -198.12 -198.12 2 20 5
10.0859 -198.17 -198.17 2 20 5
10.0859 -198.22 -198.22 2 20 5
10.0859 -198.27 -198.27 2 20 5
10.0859 -198.32 -198.32 2 20 5
10.0859 -198.37 -198.37 2 20 5
10.0859 -198.42 -198.42 2 20 5
10.0859 -198.47 -198.47 2 20 5
10.0859 -198.52 -198.52 2 20 5
10.0859 -198.57 -198.57 2 20 5
10.0859 -198.62 -198.62 2 20 5
10.0859 -198.67 -198.67 2 20 5
10.0859 -198.72 -198.72 2 20 5
10.0859 -198.77 -198.77 2 20 5
10.0859 -198.82 -198.82 2 20 5
10.0859 -198.87 -198.87 2 20 5
10.0859 -198.92 -198.92 2 20 5
10.0859 -198.97 -198.97 2 20 5
10.0859 -199.02 -199.02 2 20 5
10.0859 -199.07 -199.07 2 20 5
10.0859 -199.12 -199.12 2 20 5
10.0859 -199.17 -199.17 2 20 5
10.0859 -199.22 -199.22 2 20 5
10.0859 -199.27 -199.27 2 20 5
10.0859 -199.32 -199.32 2 20 5
10.0859 -199.37 -199.37 2 20 5
10.0859 -199.42 -199.42 2 20 5
10.0859 -199.47 -199.47 2 20 5
10.0859 -199.52 -199.52 2 20 5
10.0859 -199.57 -199.57 2 20 5
10.0859 -199.62 -199.62 2 20 5
10.0859 -199.67 -199.67 2 20 5
10.0859 -199.72 -199.72 2 20 5
10.0859 -199.77 -199.77 2 20 5
10.0859 -199.82 -199.82 2 20 5
10.0859 -199.87 -199.87 2 20 5
10.0859 -199.92 -199.92 2 20 5
10.0859 -199.97 -199.97 2 20 5
10.0859 -200.02 -200.02 2 20 5
10.0859 -200.07 -200.07 2 20 5
10.0859 -200.12 -200.12 2 20 5
10.0859 -200.17 -200.17 2 20 5
10.0859 -200.22 -200.22 2 20 5
10.0859 -200.27 -200.27 2 20 5
10.0859 -200.32 -200.32 2 20 5
10.0859 -200.37 -200.37 2 20 5
10.0859 -200.42 -200.42 2 20 5
10.0859 -200.47 -200.47 2 20 5
10.0859 -200.52 -200.52 2 20 5
10.0859 -200.57 -200.57 2 20 5
10.0859 -200.62 -200.62 2 20 5
10.0859 -200.67 -200.67 2 20 5
10.0859 -200.72 -200.72 2 20 5
10.0859 -200.77 -200.77 2 20 5
10.0859 -200.82 -200.82 2 20 5
10.0859 -200.87 -200.87 2 20 5
10.0859 -200.92 -200.92 2 20 5
10.0859 -200.97 -200.97 2 20 5
10.0859 -201.02 -201.02 2 20 5
10.0859 -201.07 -201.07 2 20 5
10.0859 -201.12 -201.12 2 20 5
10.0859 -201.17 -201.17 2 20 5
10.0859 -201.22 -201.22 2 20 5
10.0859 -201.27 -201.27 2 20 5
10.0859 -201.32 -201.32 2 20 5
10.0859 -201.37 -201.37 2 20 5
10.0859 -201.42 -201.42 2 20 5
10.0859 -201.47 -201.47 2 20 5
10.0859 -201.52 -201.52 2 20 5
10.0859 -201.57 -201.57 2 20 5
10.0859 -201.62 -201.62 2 20 5
10.0859 -201.67 -201.67 2 20 5
10.0859 -201.72 -201.72 2 20 5
10.0859 -201.77 -201.77 2 20 5
10.0859 -201.82 -201.82 2 20 5
10.0859 -201.87 -201.87 2 20 5
10.0859 -201.92 -201.92 2 20 5
10.0859 -201.97 -201.97 2 20 5
10.0859 -202.02 -202.02 2 20 5
10.0859 -202.07 -202.07 2 20 5
10.0859 -202.12 -202.12 2 20 5
10.0859 -202.17 -202.17 2 20 5
10.0859 -202.22 -202.22 2 20 5
10.0859 -202.27 -202.27 2 20 5
10.0859 -202.32 -202.32 2 20 5
10.0859 -202.37 -202.37 2 20 5
10.0859 -202.42 -202.42 2 20 5
10.0859 -202.47 -202.47 2 20 5
10.0859 -202.52 -202.52 2 20 5
10.0859 -202.57 -202.57 2 20 5
10.0859 -202.62 -202.62 2 20 5
10.0859 -202.67 -202.67 2 20 5
10.0859 -202.72 -202.72 2 20 5
10.0859 -202.77 -202.77 2 20 5
10.0859 -202.82 -202.82 2 20 5
10.0859 -202.87 -202.87 2 20 5
10.0859 -202.92 -202.92 2 20 5
10.0859 -202.97 -202.97 2 20 5
10.0859 -203.02 -203.02 2 20 5
10.0859 -203.07 -203.07 2 20 5
10.0859 -203.12 -203.12 2 20 5
10.0859 -203.17 -203.17 2 20 5
10.0859 -203.22 -203.22 2 20 5
10.0859 -203.27 -203.27 2 20 5
10.0859 -203.32 -203.32 2 20 5
10.0859 -203.37 -203.37 2 20 5
10.0859 -203.42 -203.42 2 20 5
10.0859 -203.47 -203.47 2 20 5
10.0859 -203.52 -203.52 2 20 5
10.0859 -203.57 -203.57 2 20 5
10.0859 -203.62 -203.62 2 20 5
10.0859 -203.67 -203.67 2 20 5
10.0859 -203.72 -203.72 2 20 5
10.0859 -203.77 -203.77 2 20 5
10.0859 -203.82 -203.82 2 20 5
10.0859 -203.87 -203.87 2 20 5
10.0859 -203.92 -203.92 2 20 5
10.0859 -203.97 -203.97 2 20 5
10.0859 -204.02 -204.02 2 20 5
10.0859 -204.07 -204.07 2 20 5
10.0859 -204.12 -204.12 2 20 5
10.0859 -204.17 -204.17 2 20 5
10.0859 -204.22 -204.22 2 20 5
10.0859 -204.27 -204.27 2 20 5
10.0859 -204.32 -204.32 2 20 5
10.0859 -204.37 -204.37 2 20 5
10.0859 -204.42 -204.42 2 20 5
10.0859 -204.47 -204.47 2 20 5
10.0859 -204.52 -204.52 2 20 5
10.0859 -204.57 -204.57 2 20 5
10.0859 -204.62 -204.62 2 20 5
10.0859 -204.67 -204.67 2 20 5
10.0859 -204.72 -204.72 2 20 5
10.0859 -204.77 -204.77 2 20 5
10.0859 -204.82 -204.82 2 20 5
10.0859 -204.87 -204.87 2 20 5
10.0859 -204.92 -204.92 2 20 5
10.0859 -204.97 -204.97 2 20 5
10.0859 -205.02 -205.02 2 20 5
10.0859 -205.07 -205.07 2 20 5
10.0859 -205.12 -205.12 2 20 5
10.0859 -205.17 -205.17 2 20 5
10.0859 -205.22 -205.22 2 20 5
10.0859 -205.27 -205.27 2 20 5
10.0859 -205.32 -205.32 2 20 5
10.0859 -205.37 -205.37 2 20 5
10.0859 -205.42 -205.42 2 20 5
10.0859 -205.47 -205.47 2 20 5
10.0859 -205.52 -205.52 2 20 5
10.0859 -205.57 -205.57 2 20 5
10.0859 -205.62 -205.62 2 20 5
10.0859 -205.67 -205.67 2 20 5
10.0859 -205.72 -205.72 2 20 5
10.0859 -205.77 -205.77 2 20 5
10.0859 -205.82 -205.82 2 20 5
10.0859 -205.87 -205.87 2 20 5
10.0858 -205.92 -205.92 2 20 5
10.0859 -205.97 -205.97 2 20 5
10.0859 -206.02 -206.02 2 20 5
10.0859 -206.07 -206.07 2 20 5
10.0859 -206.12 -206.12 2 20 5
10.0859 -206.17 -206.17 2 20 5
10.0859 -206.22 -206.22 2 20 5
10.0859 -206.27 -206.27 2 20 5
10.0859 -206.32 -206.32 2 20 5
10.0859 -206.37 -206.37 2 20 5
10.0859 -206.42 -206.42 2 20 5
10.0859 -206.47 -206.47 2 20 5
10.0859 -206.52 -206.52 2 20 5
10.0859 -206.57 -206.57 2 20 5
10.0859 -206.62 -206.62 2 20 5
10.0859 -206.67 -206.67 2 20 5
10.0859 -206.72 -206.72 2 20 5
10.0859 -206.77 -206.77 2 20 5
10.0859 -206.82 -206.82 2 20 5
10.0859 -206.87 -206.87 2 20 5
10.0859 -206.92 -206.92 2 20 5
10.0859 -206.97 -206.97 2 20 5
10.0859 -207.02 -207.02 2 20 5
10.0859 -207.07 -207.07 2 20 5
10.0859 -207.12 -207.12 2 20 5
10.0859 -207.17 -207.17 2 20 5
10.0859 -207.22 -207.22 2 20 5
10.0859 -207.27 -207.27 2 20 5
10.0859 -207.32 -207.32 2 20 5
10.0859 -207.37 -207.37 2 20 5
10.0859 -207.42 -207.42 2 20 5
10.0859 -207.47 -207.47 2 20 5
10.0859 -207.52 -207.52 2 20 5
10.0859 -207.57 -207.57 2 20 5
10.0859 -207.62 -207.62 2 20 5
10.0859 -207.67 -207.67 2 20 5
10.0859 -207.72 -207.72 2 20 5
10.0859 -207.77 -207.77 2 20 5
10.0859 -207.82 -207.82 2 20 5
10.0864 -207.87 -207.87 2 20 5
10.0861 -207.92 -207.92 2 20 5
10.0859 -207.97 -207.97 2 20 5
10.0857 -208.02 -208.02 2 20 5
10.0857 -208.07 -208.07 2 20 5
10.0858 -208.12 -208.12 2 20 5
10.0859 -208.17 -208.17 2 20 5
10.0859 -208.22 -208.22 2 20 5
10.0859 -208.27 -208.27 2 20 5
10.0859 -208.32 -208.32 2 20 5
10.0859 -208.37 -208.37 2 20 5
10.0859 -208.42 -208.42 2 20 5
10.0859 -208.47 -208.47 2 20 5
10.0859 -208.52 -208.52 2 20 5
10.0859 -208.57 -208.57 2 20 5
10.0859 -208.62 -208.62 2 20 5
10.0859 -208.67 -208.67 2 20 5
10.0859 -208.72 -208.72 2 20 5
10.0859 -208.77 -208.77 2 20 5
10.0859 -208.82 -208.82 2 20 5
10.0859 -208.87 -208.87 2 20 5
10.0859 -208.92 -208.92 2 20 5
10.0859 -208.97 -208.97 2 20 5
10.0859 -209.02 -209.02 2 20 5
10.0859 -209.07 -209.07 2 20 5
10.0859 -209.12 -209.12 2 20 5
10.0859 -209.17 -209.17 2 20 5
10.0859 -209.22 -209.22 2 20 5
10.0859 -209.27 -209.27 2 20 5
10.0859 -209.32 -209.32 2 20 5
10.0859 -209.37 -209.37 2 20 5
10.0859 -209.42 -209.42 2 20 5
10.0859 -209.47 -209.47 2 20 5
10.0859 -209.52 -209.52 2 20 5
10.0859 -209.57 -209.57 2 20 5
10.0859 -209.62 -209.62 2 20 5
10.0859 -209.67 -209.67 2 20 5
10.0859 -209.72 -209.72 2 20 5
10.0859 -209.77 -209.77 2 20 5
10.0859 -209.82 -209.82 2 20 5
10.0859 -209.87 -209.87 2 20 5
10.0859 -209.92 -209.92 2 20 5
10.0859 -209.97 -209.97 2 20 5
10.0859 -210.02 -210.02 2 20 5
10.0859 -210.07 -210.07 2 20 5
10.0859 -210.12 -210.12 2 20 5
10.0859 -210.17 -210.17 2 20 5
10.0859 -210.22 -210.22 2 20 5
10.0859 -210.27 -210.27 2 20 5
10.0859 -210.32 -210.32 2 20 5
10.0859 -210.37 -210.37 2 20 5
10.0859 -210.42 -210.42 2 20 5
10.0859 -210.47 -210.47 2 20 5
10.0859 -210.52 -210.52 2 20 5
10.0859 -210.57 -210.57 2 20 5
10.0859 -210.62 -210.62 2 20 5
10.0859 -210.67 -210.67 2 20 5
10.0859 -210.72 -210.72 2 20 5
10.0859 -210.77 -210.77 2 20 5
10.0859 -210.82 -210.82 2 20 5
10.0859 -210.87 -210.87 2 20 5
10.0859 -210.92 -210.92 2 20 5
10.0859 -210.97 -210.97 2 20 5
10.0859 -211.02 -211.02 2 20 5
10.0859 -211.07 -211.07 2 20 5
10.0859 -211.12 -211.12 2 20 5
10.0859 -211.17 -211.17 2 20 5
10.0859 -211.22 -211.22 2 20 5
10.0859 -211.27 -211.27 2 20 5
10.0859 -211.32 -211.32 2 20 5
10.0859 -211.37 -211.37 2 20 5
10.0859 -211.42 -211.42 2 20 5
10.0859 -211.47 -211.47 2 20 5
10.0859 -211.52 -211.52 2 20 5
10.0859 -211.57 -211.57 2 20 5
10.0859 -211.62 -211.62 2 20 5
10.0859 -211.67 -211.67 2 20 5
10.0859 -211.72 -211.72 2 20 5
10.0859 -211.77 -211.77 2 20 5
10.0859 -211.82 -211.82 2 20 5
10.0859 -211.87 -211.87 2 20 5
10.0859 -211.92 -211.92 2 20 5
10.0859 -211.97 -211.97 2 20 5
10.0859 -212.02 -212.02 2 20 5
10.0859 -212.07 -212.07 2 20 5
10.0859 -212.12 -212.12 2 20 5
10.0859 -212.17 -212.17 2 20 5
10.0859 -212.22 -212.22 2 20 5
10.0859 -212.27 -212.27 2 20 5
10.0859 -212.32 -212.32 2 20 5
10.0859 -212.37 -212.37 2 20 5
10.0859 -212.42 -212.42 2 20 5
10.0859 -212.47 -212.47 2 20 5
10.0859 -212.52 -212.52 2 20 5
10.0859 -212.57 -212.57 2 20 5
10.0859 -212.62 -212.62 2 20 5
10.0859 -212.67 -212.67 2 20 5
10.0859 -212.72 -212.72 2 20 5
10.0859 -212.77 -212.77 2 20 5
10.0859 -212.82 -212.82 2 20 5
10.0858 -212.87 -212.87 2 20 5
10.0859 -212.92 -212.92 2 20 5
10.0859 -212.97 -212.97 2 20 5
10.0859 -213.02 -213.02 2 20 5
10.0859 -213.07 -213.07 2 20 5
10.0859 -213.12 -213.12 2 20 5
10.0859 -213.17 -213.17 2 20 5
10.0859 -213.22 -213.22 2 20 5
10.0859 -213.27 -213.27 2 20 5
10.0859 -213.32 -213.32 2 20 5
10.0859 -213.37 -213.37 2 20 5
10.0859 -213.42 -213.42 2 20 5
10.0859 -213.47 -213.47 2 20 5
10.0859 -213.52 -213.52 2 20 5
10.0859 -213.57 -213.57 2 20 5
10.0859 -213.62 -213.62 2 20 5
10.0859 -213.67 -213.67 2 20 5
10.0859 -213.72 -213.72 2 20 5
10.0859 -213.77 -213.77 2 20 5
10.0858 -213.82 -213.82 2 20 5
10.0858 -213.87 -213.87 2 20 5
10.0859 -213.92 -213.92 2 20 5
10.0859 -213.97 -213.97 2 20 5
10.0859 -214.02 -214.02 2 20 5
10.0859 -214.07 -214.07 2 20 5
10.0859 -214.12 -214.12 2 20 5
10.0859 -214.17 -214.17 2 20 5
10.0859 -214.22 -214.22 2 20 5
10.0859 -214.27 -214.27 2 20 5
10.0859 -214.32 -214.32 2 20 5
10.0859 -214.37 -214.37 2 20 5
10.0859 -214.42 -214.42 2 20 5
10.0859 -214.47 -214.47 2 20 5
10.0859 -214.52 -214.52 2 20 5
10.0859 -214.57 -214.57 2 20 5
10.0859 -214.62 -214.62 2 20 5
10.0859 -214.67 -214.67 2 20 5
10.0859 -214.72 -214.72 2 20 5
10.0859 -214.77 -214.77 2 20 5
10.0859 -214.82 -214.82 2 20 5
10.0859 -214.87 -214.87 2 20 5
10.0859 -214.92 -214.92 2 20 5
10.0859 -214.97 -214.97 2 20 5
10.0859 -215.02 -215.02 2 20 5
10.0859 -215.07 -215.07 2 20 5
10.0859 -215.12 -215.12 2 20 5
10.0859 -215.17 -215.17 2 20 5
10.0859 -215.22 -215.22 2 20 5
10.0859 -215.27 -215.27 2 20 5
10.0859 -215.32 -215.32 2 20 5
10.0859 -215.37 -215.37 2 20 5
10.0859 -215.42 -215.42 2 20 5
10.0858 -215.47 -215.47 2 20 5
10.0859 -215.52 -215.52 2 20 5
10.0859 -215.57 -215.57 2 20 5
10.0859 -215.62 -215.62 2 20 5
10.0859 -215.67 -215.67 2 20 5
10.0859 -215.72 -215.72 2 20 5
10.0859 -215.77 -215.77 2 20 5
10.0859 -215.82 -215.82 2 20 5
10.0859 -215.87 -215.87 2 20 5
10.0859 -215.92 -215.92 2 20 5
10.0859 -215.97 -215.97 2 20 5
10.0859 -216.02 -216.02 2 20 5
10.0859 -216.07 -216.07 2 20 5
10.0859 -216.12 -216.12 2 20 5
10.0859 -216.17 -216.17 2 20 5
10.0859 -216.22 -216.22 2 20 5
10.0859 -216.27 -216.27 2 20 5
10.0859 -216.32 -216.32 2 20 5
10.0859 -216.37 -216.37 2 20 5
10.0859 -216.42 -216.42 2 20 5
10.0859 -216.47 -216.47 2 20 5
10.0859 -216.52 -216.52 2 20 5
10.0859 -216.57 -216.57 2 20 5
10.0859 -216.62 -216.62 2 20 5
10.0859 -216.67 -216.67 2 20 5
10.0859 -216.72 -216.72 2 20 5
10.0859 -216.77 -216.77 2 20 5
10.0859 -216.82 -216.82 2 20 5
10.0859 -216.87 -216.87 2 20 5
10.0859 -216.92 -216.92 2 20 5
10.0859 -216.97 -216.97 2 20 5
10.0859 -217.02 -217.02 2 20 5
10.0859 -217.07 -217.07 2 20 5
10.0859 -217.12 -217.12 2 20 5
10.0859 -217.17 -217.17 2 20 5
10.0859 -217.22 -217.22 2 20 5
10.0859 -217.27 -217.27 2 20 5
10.0859 -217.32 -217.32 2 20 5
10.0859 -217.37 -217.37 2 20 5
10.0859 -217.42 -217.42 2 20 5
10.0859 -217.47 -217.47 2 20 5
10.0859 -217.52 -217.52 2 20 5
10.0859 -217.57 -217.57 2 20 5
10.0859 -217.62 -217.62 2 20 5
10.0859 -217.67 -217.67 2 20 5
10.0859 -217.72 -217.72 2 20 5
10.0859 -217.77 -217.77 2 20 5
10.0859 -217.82 -217.82 2 20 5
10.0859 -217.87 -217.87 2 20 5
10.0859 -217.92 -217.92 2 20 5
10.0859 -217.97 -217.97 2 20 5
10.0859 -218.02 -218.02 2 20 5
10.0859 -218.07 -218.07 2 20 5
10.0859 -218.12 -218.12 2 20 5
10.0859 -218.17 -218.17 2 20 5
10.0859 -218.22 -218.22 2 20 5
10.0859 -218.27 -218.27 2 20 5
10.0859 -218.32 -218.32 2 20 5
10.0859 -218.37 -218.37 2 20 5
10.0859 -218.42 -218.42 2 20 5
10.0859 -218.47 -218.47 2 20 5
10.0859 -218.52 -218.52 2 20 5
10.0859 -218.57 -218.57 2 20 5
10.0859 -218.62 -218.62 2 20 5
10.0859 -218.67 -218.67 2 20 5
10.0859 -218.72 -218.72 2 20 5
10.0859 -218.77 -218.77 2 20 5
10.0859 -218.82 -218.82 2 20 5
10.0859 -218.87 -218.87 2 20 5
10.0859 -218.92 -218.92 2 20 5
10.0859 -218.97 -218.97 2 20 5
10.0859 -219.02 -219.02 2 20 5
10.0859 -219.07 -219.07 2 20 5
10.0859 -219.12 -219.12 2 20 5
10.0859 -219.17 -219.17 2 20 5
10.0858 -219.22 -219.22 2 20 5
10.0859 -219.27 -219.27 2 20 5
10.0859 -219.32 -219.32 2 20 5
10.0859 -219.37 -219.37 2 20 5
10.0859 -219.42 -219.42 2 20 5
10.0859 -219.47 -219.47 2 20 5
10.0859 -219.52 -219.52 2 20 5
10.0859 -219.57 -219.57 2 20 5
10.0859 -219.62 -219.62 2 20 5
10.0859 -219.67 -219.67 2 20 5
10.0859 -219.72 -219.72 2 20 5
10.0859 -219.77 -219.77 2 20 5
10.0859 -219.82 -219.82 2 20 5
10.0859 -219.87 -219.87 2 20 5
10.0859 -219.92 -219.92 2 20 5
10.0859 -219.97 -219.97 2 20 5
10.0859 -220.02 -220.02 2 20 5
10.0859 -220.07 -220.07 2 20 5
10.0859 -220.12 -220.12 2 20 5
10.0859 -220.17 -220.17 2 20 5
10.0859 -220.22 -220.22 2 20 5
10.0859 -220.27 -220.27 2 20 5
10.0859 -220.32 -220.32 2 20 5
10.0859 -220.37 -220.37 2 20 5
10.0858 -220.42 -220.42 2 20 5
10.0859 -220.47 -220.47 2 20 5
10.0859 -220.52 -220.52 2 20 5
10.0859 -220.57 -220.57 2 20 5
10.0859 -220.62 -220.62 2 20 5
10.0859 -220.67 -220.67 2 20 5
10.0859 -220.72 -220.72 2 20 5
10.0859 -220.77 -220.77 2 20 5
10.0859 -220.82 -220.82 2 20 5
10.0859 -220.87 -220.87 2 20 5
10.0859 -220.92 -220.92 2 20 5
10.0859 -220.97 -220.97 2 20 5
10.0859 -221.02 -221.02 2 20 5
10.0859 -221.07 -221.07 2 20 5
10.0859 -221.12 -221.12 2 20 5
10.0859 -221.17 -221.17 2 20 5
10.0859 -221.22 -221.22 2 20 5
10.0859 -221.27 -221.27 2 20 5
10.0859 -221.32 -221.32 2 20 5
10.0859 -221.37 -221.37 2 20 5
10.0859 -221.42 -221.42 2 20 5
10.0859 -221.47 -221.47 2 20 5
10.0859 -221.52 -221.52 2 20 5
10.0859 -221.57 -221.57 2 20 5
10.0859 -221.62 -221.62 2 20 5
10.0859 -221.67 -221.67 2 20 5
10.0859 -221.72 -221.72 2 20 5
10.0859 -221.77 -221.77 2 20 5
10.0859 -221.82 -221.82 2 20 5
10.0859 -221.87 -221.87 2 20 5
10.0859 -221.92 -221.92 2 20 5
10.0859 -221.97 -221.97 2 20 5
10.0859 -222.02 -222.02 2 20 5
10.0859 -222.07 -222.07 2 20 5
10.0859 -222.12 -222.12 2 20 5
10.0859 -222.17 -222.17 2 20 5
10.0859 -222.22 -222.22 2 20 5
10.0859 -222.27 -222.27 2 20 5
10.0859 -222.32 -222.32 2 20 5
10.0859 -222.37 -222.37 2 20 5
10.0859 -222.42 -222.42 2 20 5
10.0859 -222.47 -222.47 2 20 5
10.0859 -222.52 -222.52 2 20 5
10.0859 -222.57 -222.57 2 20 5
10.0859 -222.62 -222.62 2 20 5
10.0859 -222.67 -222.67 2 20 5
10.0859 -222.72 -222.72 2 20 5
10.0859 -222.77 -222.77 2 20 5
10.0859 -222.82 -222.82 2 20 5
10.0859 -222.87 -222.87 2 20 5
10.0859 -222.92 -222.92 2 20 5
10.0859 -222.97 -222.97 2 20 5
10.0859 -223.02 -223.02 2 20 5
10.0859 -223.07 -223.07 2 20 5
10.0859 -223.12 -223.12 2 20 5
10.0859 -223.17 -223.17 2 20 5
10.0859 -223.22 -223.22 2 20 5
10.0859 -223.27 -223.27 2 20 5
10.0859 -223.32 -223.32 2 20 5
10.0859 -223.37 -223.37 2 20 5
10.0859 -223.42 -223.42 2 20 5
10.0859 -223.47 -223.47 2 20 5
10.0859 -223.52 -223.52 2 20 5
10.0859 -223.57 -223.57 2 20 5
10.0859 -223.62 -223.62 2 20 5
10.0859 -223.67 -223.67 2 20 5
10.0859 -223.72 -223.72 2 20 5
10.0859 -223.77 -223.77 2 20 5
10.0859 -223.82 -223.82 2 20 5
10.0859 -223.87 -223.87 2 20 5
10.0859 -223.92 -223.92 2 20 5
10.0859 -223.97 -223.97 2 20 5
10.0859 -224.02 -224.02 2 20 5
10.0859 -224.07 -224.07 2 20 5
10.0859 -224.12 -224.12 2 20 5
10.0859 -224.17 -224.17 2 20 5
10.0859 -224.22 -224.22 2 20 5
10.0859 -224.27 -224.27 2 20 5
10.0859 -224.32 -224.32 2 20 5
10.0859 -224.37 -224.37 2 20 5
10.0859 -224.42 -224.42 2 20 5
10.086 -224.47 -224.47 2 20 5
10.0859 -224.52 -224.52 2 20 5
10.0859 -224.57 -224.57 2 20 5
10.0858 -224.62 -224.62 2 20 5
10.0858 -224.67 -224.67 2 20 5
10.0859 -224.72 -224.72 2 20 5
10.0859 -224.77 -224.77 2 20 5
10.0859 -224.82 -224.82 2 20 5
10.0859 -224.87 -224.87 2 20 5
10.0859 -224.92 -224.92 2 20 5
10.0859 -224.97 -224.97 2 20 5
10.0859 -225.02 -225.02 2 20 5
10.0859 -225.07 -225.07 2 20 5
10.0859 -225.12 -225.12 2 20 5
10.0859 -225.17 -225.17 2 20 5
10.0859 -225.22 -225.22 2 20 5
10.0859 -225.27 -225.27 2 20 5
10.0859 -225.32 -225.32 2 20 5
10.0859 -225.37 -225.37 2 20 5
10.0859 -225.42 -225.42 2 20 5
10.0859 -225.47 -225.47 2 20 5
10.0859 -225.52 -225.52 2 20 5
10.0859 -225.57 -225.57 2 20 5
10.0859 -225.62 -225.62 2 20 5
10.0859 -225.67 -225.67 2 20 5
10.086 -225.72 -225.72 2 20 5
10.0859 -225.77 -225.77 2 20 5
10.0859 -225.82 -225.82 2 20 5
10.0858 -225.87 -225.87 2 20 5
10.0858 -225.92 -225.92 2 20 5
10.0859 -225.97 -225.97 2 20 5
10.0859 -226.02 -226.02 2 20 5
10.0859 -226.07 -226.07 2 20 5
10.0859 -226.12 -226.12 2 20 5
10.0859 -226.17 -226.17 2 20 5
10.0859 -226.22 -226.22 2 20 5
10.0859 -226.27 -226.27 2 20 5
10.0859 -226.32 -226.32 2 20 5
10.086 -226.37 -226.37 2 20 5
10.086 -226.42 -226.42 2 20 5
10.0859 -226.47 -226.47 2 20 5
10.0858 -226.52 -226.52 2 20 5
10.0858 -226.57 -226.57 2 20 5
10.0859 -226.62 -226.62 2 20 5
10.0859 -226.67 -226.67 2 20 5
10.0859 -226.72 -226.72 2 20 5
10.0859 -226.77 -226.77 2 20 5
10.0859 -226.82 -226.82 2 20 5
10.0859 -226.87 -226.87 2 20 5
10.0859 -226.92 -226.92 2 20 5
10.0859 -226.97 -226.97 2 20 5
10.0859 -227.02 -227.02 2 20 5
10.0859 -227.07 -227.07 2 20 5
10.0859 -227.12 -227.12 2 20 5
10.0859 -227.17 -227.17 2 20 5
10.0859 -227.22 -227.22 2 20 5
10.0859 -227.27 -227.27 2 20 5
10.0859 -227.32 -227.32 2 20 5
10.0859 -227.37 -227.37 2 20 5
10.0859 -227.42 -227.42 2 20 5
10.0859 -227.47 -227.47 2 20 5
10.0859 -227.52 -227.52 2 20 5
10.0859 -227.57 -227.57 2 20 5
10.0859 -227.62 -227.62 2 20 5
10.0859 -227.67 -227.67 2 20 5
10.0859 -227.72 -227.72 2 20 5
10.0859 -227.77 -227.77 2 20 5
10.0859 -227.82 -227.82 2 20 5
10.0859 -227.87 -227.87 2 20 5
10.0859 -227.92 -227.92 2 20 5
10.0859 -227.97 -227.97 2 20 5
10.0859 -228.02 -228.02 2 20 5
10.0859 -228.07 -228.07 2 20 5
10.0859 -228.12 -228.12 2 20 5
10.0859 -228.17 -228.17 2 20 5
10.0859 -228.22 -228.22 2 20 5
10.0859 -228.27 -228.27 2 20 5
10.0859 -228.32 -228.32 2 20 5
10.0859 -228.37 -228.37 2 20 5
10.0859 -228.42 -228.42 2 20 5
10.0859 -228.47 -228.47 2 20 5
10.0859 -228.52 -228.52 2 20 5
10.0859 -228.57 -228.57 2 20 5
10.0859 -228.62 -228.62 2 20 5
10.0859 -228.67 -228.67 2 20 5
10.0859 -228.72 -228.72 2 20 5
10.0859 -228.77 -228.77 2 20 5
10.0859 -228.82 -228.82 2 20 5
10.0859 -228.87 -228.87 2 20 5
10.0859 -228.92 -228.92 2 20 5
10.0859 -228.97 -228.97 2 20 5
10.0859 -229.02 -229.02 2 20 5
10.0859 -229.07 -229.07 2 20 5
10.0859 -229.12 -229.12 2 20 5
10.0859 -229.17 -229.17 2 20 5
10.0859 -229.22 -229.22 2 20 5
10.0859 -229.27 -229.27 2 20 5
10.0859 -229.32 -229.32 2 20 5
10.0859 -229.37 -229.37 2 20 5
10.0859 -229.42 -229.42 2 20 5
10.0859 -229.47 -229.47 2 20 5
10.0859 -229.52 -229.52 2 20 5
10.0859 -229.57 -229.57 2 20 5
10.0859 -229.62 -229.62 2 20 5
10.0859 -229.67 -229.67 2 20 5
10.0859 -229.72 -229.72 2 20 5
10.0859 -229.77 -229.77 2 20 5
10.0859 -229.82 -229.82 2 20 5
10.0859 -229.87 -229.87 2 20 5
10.0859 -229.92 -229.92 2 20 5
10.0859 -229.97 -229.97 2 20 5
10.0859 -230.02 -230.02 2 20 5
10.0859 -230.07 -230.07 2 20 5
10.0859 -230.12 -230.12 2 20 5
10.0859 -230.17 -230.17 2 20 5
10.0859 -230.22 -230.22 2 20 5
10.0859 -230.27 -230.27 2 20 5
10.0859 -230.32 -230.32 2 20 5
10.0859 -230.37 -230.37 2 20 5
10.0859 -230.42 -230.42 2 20 5
10.0859 -230.47 -230.47 2 20 5
10.0859 -230.52 -230.52 2 20 5
10.0859 -230.57 -230.57 2 20 5
10.0859 -230.62 -230.62 2 20 5
10.0859 -230.67 -230.67 2 20 5
10.0859 -230.72 -230.72 2 20 5
10.0859 -230.77 -230.77 2 20 5
10.0859 -230.82 -230.82 2 20 5
10.0859 -230.87 -230.87 2 20 5
10.0859 -230.92 -230.92 2 20 5
10.0859 -230.97 -230.97 2 20 5
10.0859 -231.02 -231.02 2 20 5
10.0859 -231.07 -231.07 2 20 5
10.0859 -231.12 -231.12 2 20 5
10.0859 -231.17 -231.17 2 20 5
10.0859 -231.22 -231.22 2 20 5
10.0859 -231.27 -231.27 2 20 5
10.0859 -231.32 -231.32 2 20 5
10.0859 -231.37 -231.37 2 20 5
10.0859 -231.42 -231.42 2 20 5
10.0858 -231.47 -231.47 2 20 5
10.0859 -231.52 -231.52 2 20 5
10.0859 -231.57 -231.57 2 20 5
10.0859 -231.62 -231.62 2 20 5
10.0859 -231.67 -231.67 2 20 5
10.0859 -231.72 -231.72 2 20 5
10.0859 -231.77 -231.77 2 20 5
10.0859 -231.82 -231.82 2 20 5
10.0859 -231.87 -231.87 2 20 5
10.0859 -231.92 -231.92 2 20 5
10.0859 -231.97 -231.97 2 20 5
10.0859 -232.02 -232.02 2 20 5
10.0859 -232.07 -232.07 2 20 5
10.0859 -232.12 -232.12 2 20 5
10.0859 -232.17 -232.17 2 20 5
10.0859 -232.22 -232.22 2 20 5
10.0859 -232.27 -232.27 2 20 5
10.0859 -232.32 -232.32 2 20 5
10.0859 -232.37 -232.37 2 20 5
10.0859 -232.42 -232.42 2 20 5
10.0859 -232.47 -232.47 2 20 5
10.0859 -232.52 -232.52 2 20 5
10.0859 -232.57 -232.57 2 20 5
10.0859 -232.62 -232.62 2 20 5
10.0859 -232.67 -232.67 2 20 5
10.0859 -232.72 -232.72 2 20 5
10.0859 -232.77 -232.77 2 20 5
10.0859 -232.82 -232.82 2 20 5
10.0859 -232.87 -232.87 2 20 5
10.0859 -232.92 -232.92 2 20 5
10.0859 -232.97 -232.97 2 20 5
10.0859 -233.02 -233.02 2 20 5
10.0859 -233.07 -233.07 2 20 5
10.0859 -233.12 -233.12 2 20 5
10.0859 -233.17 -233.17 2 20 5
10.0859 -233.22 -233.22 2 20 5
10.0859 -233.27 -233.27 2 20 5
10.0859 -233.32 -233.32 2 20 5
10.0859 -233.37 -233.37 2 20 5
10.0859 -233.42 -233.42 2 20 5
10.0859 -233.47 -233.47 2 20 5
10.0859 -233.52 -233.52 2 20 5
10.0859 -233.57 -233.57 2 20 5
10.0859 -233.62 -233.62 2 20 5
10.0859 -233.67 -233.67 2 20 5
10.0859 -233.72 -233.72 2 20 5
10.0859 -233.77 -233.77 2 20 5
10.0859 -233.82 -233.82 2 20 5
10.0859 -233.87 -233.87 2 20 5
10.0859 -233.92 -233.92 2 20 5
10.0859 -233.97 -233.97 2 20 5
10.0859 -234.02 -234.02 2 20 5
10.0859 -234.07 -234.07 2 20 5
10.0859 -234.12 -234.12 2 20 5
10.0859 -234.17 -234.17 2 20 5
10.0859 -234.22 -234.22 2 20 5
10.0859 -234.27 -234.27 2 20 5
10.0859 -234.32 -234.32 2 20 5
10.0859 -234.37 -234.37 2 20 5
10.0859 -234.42 -234.42 2 20 5
10.0859 -234.47 -234.47 2 20 5
10.0859 -234.52 -234.52 2 20 5
10.0861 -234.57 -234.57 2 20 5
10.086 -234.62 -234.62 2 20 5
10.0859 -234.67 -234.67 2 20 5
10.0858 -234.72 -234.72 2 20 5
10.0858 -234.77 -234.77 2 20 5
10.0858 -234.82 -234.82 2 20 5
10.0859 -234.87 -234.87 2 20 5
10.0859 -234.92 -234.92 2 20 5
10.0859 -234.97 -234.97 2 20 5
10.0859 -235.02 -235.02 2 20 5
10.0859 -235.07 -235.07 2 20 5
10.0859 -235.12 -235.12 2 20 5
10.0859 -235.17 -235.17 2 20 5
10.0859 -235.22 -235.22 2 20 5
10.0859 -235.27 -235.27 2 20 5
10.0859 -235.32 -235.32 2 20 5
10.0859 -235.37 -235.37 2 20 5
10.0859 -235.42 -235.42 2 20 5
10.0859 -235.47 -235.47 2 20 5
10.0859 -235.52 -235.52 2 20 5
10.0859 -235.57 -235.57 2 20 5
10.0859 -235.62 -235.62 2 20 5
10.0859 -235.67 -235.67 2 20 5
10.0859 -235.72 -235.72 2 20 5
10.0859 -235.77 -235.77 2 20 5
10.0859 -235.82 -235.82 2 20 5
10.0859 -235.87 -235.87 2 20 5
10.0859 -235.92 -235.92 2 20 5
10.0859 -235.97 -235.97 2 20 5
10.0859 -236.02 -236.02 2 20 5
10.0859 -236.07 -236.07 2 20 5
10.0859 -236.12 -236.12 2 20 5
10.0859 -236.17 -236.17 2 20 5
10.0858 -236.22 -236.22 2 20 5
10.0859 -236.27 -236.27 2 20 5
10.0859 -236.32 -236.32 2 20 5
10.0859 -236.37 -236.37 2 20 5
10.0859 -236.42 -236.42 2 20 5
10.0859 -236.47 -236.47 2 20 5
10.0859 -236.52 -236.52 2 20 5
10.0859 -236.57 -236.57 2 20 5
10.0859 -236.62 -236.62 2 20 5
10.0859 -236.67 -236.67 2 20 5
10.0859 -236.72 -236.72 2 20 5
10.0859 -236.77 -236.77 2 20 5
10.0859 -236.82 -236.82 2 20 5
10.0859 -236.87 -236.87 2 20 5
10.0859 -236.92 -236.92 2 20 5
10.0859 -236.97 -236.97 2 20 5
10.0859 -237.02 -237.02 2 20 5
10.0859 -237.07 -237.07 2 20 5
10.0859 -237.12 -237.12 2 20 5
10.0859 -237.17 -237.17 2 20 5
10.0859 -237.22 -237.22 2 20 5
10.0859 -237.27 -237.27 2 20 5
10.0859 -237.32 -237.32 2 20 5
10.0859 -237.37 -237.37 2 20 5
10.0859 -237.42 -237.42 2 20 5
10.0859 -237.47 -237.47 2 20 5
10.0859 -237.52 -237.52 2 20 5
10.0859 -237.57 -237.57 2 20 5
10.0859 -237.62 -237.62 2 20 5
10.0859 -237.67 -237.67 2 20 5
10.0859 -237.72 -237.72 2 20 5
10.0859 -237.77 -237.77 2 20 5
10.0858 -237.82 -237.82 2 20 5
10.0859 -237.87 -237.87 2 20 5
10.0859 -237.92 -237.92 2 20 5
10.0859 -237.97 -237.97 2 20 5
10.0859 -238.02 -238.02 2 20 5
10.0859 -238.07 -238.07 2 20 5
10.0859 -238.12 -238.12 2 20 5
10.0859 -238.17 -238.17 2 20 5
10.0859 -238.22 -238.22 2 20 5
10.0859 -238.27 -238.27 2 20 5
10.0859 -238.32 -238.32 2 20 5
10.0859 -238.37 -238.37 2 20 5
10.0859 -238.42 -238.42 2 20 5
10.0859 -238.47 -238.47 2 20 5
10.0859 -238.52 -238.52 2 20 5
10.0859 -238.57 -238.57 2 20 5
10.0859 -238.62 -238.62 2 20 5
10.0859 -238.67 -238.67 2 20 5
10.0859 -238.72 -238.72 2 20 5
10.0859 -238.77 -238.77 2 20 5
10.0859 -238.82 -238.82 2 20 5
10.0859 -238.87 -238.87 2 20 5
10.0859 -238.92 -238.92 2 20 5
10.0859 -238.97 -238.97 2 20 5
10.0859 -239.02 -239.02 2 20 5
10.0859 -239.07 -239.07 2 20 5
10.0859 -239.12 -239.12 2 20 5
10.0859 -239.17 -239.17 2 20 5
10.0859 -239.22 -239.22 2 20 5
10.0859 -239.27 -239.27 2 20 5
10.0859 -239.32 -239.32 2 20 5
10.0859 -239.37 -239.37 2 20 5
10.0859 -239.42 -239.42 2 20 5
10.0859 -239.47 -239.47 2 20 5
10.0859 -239.52 -239.52 2 20 5
10.0859 -239.57 -239.57 2 20 5
10.0859 -239.62 -239.62 2 20 5
10.0859 -239.67 -239.67 2 20 5
10.0859 -239.72 -239.72 2 20 5
10.0859 -239.77 -239.77 2 20 5
10.0859 -239.82 -239.82 2 20 5
10.0859 -239.87 -239.87 2 20 5
10.0859 -239.92 -239.92 2 20 5
10.0859 -239.97 -239.97 2 20 5
10.0859 -240.02 -240.02 2 20 5
10.0859 -240.07 -240.07 2 20 5
10.0859 -240.12 -240.12 2 20 5
10.0859 -240.17 -240.17 2 20 5
10.0859 -240.22 -240.22 2 20 5
10.0859 -240.27 -240.27 2 20 5
10.0859 -240.32 -240.32 2 20 5
10.0859 -240.37 -240.37 2 20 5
10.0859 -240.42 -240.42 2 20 5
10.0859 -240.47 -240.47 2 20 5
10.0859 -240.52 -240.52 2 20 5
10.0859 -240.57 -240.57 2 20 5
10.0859 -240.62 -240.62 2 20 5
10.0859 -240.67 -240.67 2 20 5
10.0859 -240.72 -240.72 2 20 5
10.0859 -240.77 -240.77 2 20 5
10.0859 -240.82 -240.82 2 20 5
10.0859 -240.87 -240.87 2 20 5
10.086 -240.92 -240.92 2 20 5
10.0859 -240.97 -240.97 2 20 5
10.0859 -241.02 -241.02 2 20 5
10.0859 -241.07 -241.07 2 20 5
10.0859 -241.12 -241.12 2 20 5
10.0859 -241.17 -241.17 2 20 5
10.0859 -241.22 -241.22 2 20 5
10.0859 -241.27 -241.27 2 20 5
10.0859 -241.32 -241.32 2 20 5
10.0859 -241.37 -241.37 2 20 5
10.0859 -241.42 -241.42 2 20 5
10.0859 -241.47 -241.47 2 20 5
10.0859 -241.52 -241.52 2 20 5
10.0859 -241.57 -241.57 2 20 5
10.0859 -241.62 -241.62 2 20 5
10.0859 -241.67 -241.67 2 20 5
10.0859 -241.72 -241.72 2 20 5
10.0859 -241.77 -241.77 2 20 5
10.0859 -241.82 -241.82 2 20 5
10.0859 -241.87 -241.87 2 20 5
10.0859 -241.92 -241.92 2 20 5
10.0859 -241.97 -241.97 2 20 5
10.0859 -242.02 -242.02 2 20 5
10.0859 -242.07 -242.07 2 20 5
10.0859 -242.12 -242.12 2 20 5
10.0859 -242.17 -242.17 2 20 5
10.0859 -242.22 -242.22 2 20 5
10.0859 -242.27 -242.27 2 20 5
10.0859 -242.32 -242.32 2 20 5
10.0859 -242.37 -242.37 2 20 5
10.0859 -242.42 -242.42 2 20 5
10.0859 -242.47 -242.47 2 20 5
10.0859 -242.52 -242.52 2 20 5
10.0859 -242.57 -242.57 2 20 5
10.0859 -242.62 -242.62 2 20 5
10.0859 -242.67 -242.67 2 20 5
10.0859 -242.72 -242.72 2 20 5
10.0858 -242.77 -242.77 2 20 5
10.0858 -242.82 -242.82 2 20 5
10.0859 -242.87 -242.87 2 20 5
10.0859 -242.92 -242.92 2 20 5
10.0859 -242.97 -242.97 2 20 5
10.0859 -243.02 -243.02 2 20 5
10.0859 -243.07 -243.07 2 20 5
10.0859 -243.12 -243.12 2 20 5
10.0859 -243.17 -243.17 2 20 5
10.0859 -243.22 -243.22 2 20 5
10.0859 -243.27 -243.27 2 20 5
10.0859 -243.32 -243.32 2 20 5
10.0859 -243.37 -243.37 2 20 5
10.0859 -243.42 -243.42 2 20 5
10.0859 -243.47 -243.47 2 20 5
10.0858 -243.52 -243.52 2 20 5
10.0859 -243.57 -243.57 2 20 5
10.0859 -243.62 -243.62 2 20 5
10.0859 -243.67 -243.67 2 20 5
10.0859 -243.72 -243.72 2 20 5
10.0859 -243.77 -243.77 2 20 5
10.0859 -243.82 -243.82 2 20 5
10.0859 -243.87 -243.87 2 20 5
10.0858 -243.92 -243.92 2 20 5
10.0859 -243.97 -243.97 2 20 5
10.0859 -244.02 -244.02 2 20 5
10.0859 -244.07 -244.07 2 20 5
10.0859 -244.12 -244.12 2 20 5
10.0859 -244.17 -244.17 2 20 5
10.0859 -244.22 -244.22 2 20 5
10.0859 -244.27 -244.27 2 20 5
10.0859 -244.32 -244.32 2 20 5
10.0859 -244.37 -244.37 2 20 5
10.0859 -244.42 -244.42 2 20 5
10.0859 -244.47 -244.47 2 20 5
10.0859 -244.52 -244.52 2 20 5
10.0859 -244.57 -244.57 2 20 5
10.0859 -244.62 -244.62 2 20 5
10.0859 -244.67 -244.67 2 20 5
10.0859 -244.72 -244.72 2 20 5
10.0859 -244.77 -244.77 2 20 5
10.0859 -244.82 -244.82 2 20 5
10.0859 -244.87 -244.87 2 20 5
10.0859 -244.92 -244.92 2 20 5
10.0859 -244.97 -244.97 2 20 5
10.0859 -245.02 -245.02 2 20 5
10.0859 -245.07 -245.07 2 20 5
10.0859 -245.12 -245.12 2 20 5
10.0859 -245.17 -245.17 2 20 5
10.0859 -245.22 -245.22 2 20 5
10.0859 -245.27 -245.27 2 20 5
10.0859 -245.32 -245.32 2 20 5
10.0859 -245.37 -245.37 2 20 5
10.0859 -245.42 -245.42 2 20 5
10.0859 -245.47 -245.47 2 20 5
10.0859 -245.52 -245.52 2 20 5
10.0859 -245.57 -245.57 2 20 5
10.0859 -245.62 -245.62 2 20 5
10.0859 -245.67 -245.67 2 20 5
10.0857 -245.72 -245.72 2 20 5
10.0858 -245.77 -245.77 2 20 5
10.0859 -245.82 -245.82 2 20 5
10.0859 -245.87 -245.87 2 20 5
10.0859 -245.92 -245.92 2 20 5
10.0859 -245.97 -245.97 2 20 5
10.0859 -246.02 -246.02 2 20 5
10.0859 -246.07 -246.07 2 20 5
10.0859 -246.12 -246.12 2 20 5
10.0859 -246.17 -246.17 2 20 5
10.0859 -246.22 -246.22 2 20 5
10.0859 -246.27 -246.27 2 20 5
10.0859 -246.32 -246.32 2 20 5
10.0859 -246.37 -246.37 2 20 5
10.0859 -246.42 -246.42 2 20 5
10.0859 -246.47 -246.47 2 20 5
10.0859 -246.52 -246.52 2 20 5
10.0859 -246.57 -246.57 2 20 5
10.0859 -246.62 -246.62 2 20 5
10.0859 -246.67 -246.67 2 20 5
10.0859 -246.72 -246.72 2 20 5
10.0859 -246.77 -246.77 2 20 5
10.0859 -246.82 -246.82 2 20 5
10.0859 -246.87 -246.87 2 20 5
10.0862 -246.92 -246.92 2 20 5
10.086 -246.97 -246.97 2 20 5
10.0859 -247.02 -247.02 2 20 5
10.0858 -247.07 -247.07 2 20 5
10.0858 -247.12 -247.12 2 20 5
10.0858 -247.17 -247.17 2 20 5
10.0859 -247.22 -247.22 2 20 5
10.0859 -247.27 -247.27 2 20 5
10.0859 -247.32 -247.32 2 20 5
10.0859 -247.37 -247.37 2 20 5
10.0859 -247.42 -247.42 2 20 5
10.0859 -247.47 -247.47 2 20 5
10.0859 -247.52 -247.52 2 20 5
10.0859 -247.57 -247.57 2 20 5
10.0859 -247.62 -247.62 2 20 5
10.0859 -247.67 -247.67 2 20 5
10.0859 -247.72 -247.72 2 20 5
10.0859 -247.77 -247.77 2 20 5
10.0859 -247.82 -247.82 2 20 5
10.0859 -247.87 -247.87 2 20 5
10.0859 -247.92 -247.92 2 20 5
10.0859 -247.97 -247.97 2 20 5
10.0858 -248.02 -248.02 2 20 5
10.0859 -248.07 -248.07 2 20 5
10.0859 -248.12 -248.12 2 20 5
10.0859 -248.17 -248.17 2 20 5
10.0859 -248.22 -248.22 2 20 5
10.0859 -248.27 -248.27 2 20 5
10.0859 -248.32 -248.32 2 20 5
10.0859 -248.37 -248.37 2 20 5
10.0859 -248.42 -248.42 2 20 5
10.0859 -248.47 -248.47 2 20 5
10.0859 -248.52 -248.52 2 20 5
10.0859 -248.57 -248.57 2 20 5
10.0859 -248.62 -248.62 2 20 5
10.0859 -248.67 -248.67 2 20 5
10.0859 -248.72 -248.72 2 20 5
10.0859 -248.77 -248.77 2 20 5
10.0859 -248.82 -248.82 2 20 5
10.0859 -248.87 -248.87 2 20 5
10.0859 -248.92 -248.92 2 20 5
10.0859 -248.97 -248.97 2 20 5
10.0859 -249.02 -249.02 2 20 5
10.0859 -249.07 -249.07 2 20 5
10.0859 -249.12 -249.12 2 20 5
10.0859 -249.17 -249.17 2 20 5
10.0859 -249.22 -249.22 2 20 5
10.0859 -249.27 -249.27 2 20 5
10.0858 -249.32 -249.32 2 20 5
10.0859 -249.37 -249.37 2 20 5
10.0859 -249.42 -249.42 2 20 5
10.0859 -249.47 -249.47 2 20 5
10.0859 -249.52 -249.52 2 20 5
10.0859 -249.57 -249.57 2 20 5
10.0859 -249.62 -249.62 2 20 5
10.0859 -249.67 -249.67 2 20 5
10.0859 -249.72 -249.72 2 20 5
10.0858 -249.77 -249.77 2 20 5
10.0858 -249.82 -249.82 2 20 5
10.0859 -249.87 -249.87 2 20 5
10.0859 -249.92 -249.92 2 20 5
10.0859 -249.97 -249.97 2 20 5
10.0859 -250.02 -250.02 2 20 5
10.0859 -250.07 -250.07 2 20 5
10.0859 -250.12 -250.12 2 20 5
10.0859 -250.17 -250.17 2 20 5
10.0859 -250.22 -250.22 2 20 5
10.0859 -250.27 -250.27 2 20 5
10.0859 -250.32 -250.32 2 20 5
10.0859 -250.37 -250.37 2 20 5
10.0859 -250.42 -250.42 2 20 5
10.0859 -250.47 -250.47 2 20 5
10.0859 -250.52 -250.52 2 20 5
10.0859 -250.57 -250.57 2 20 5
10.0859 -250.62 -250.62 2 20 5
10.0859 -250.67 -250.67 2 20 5
10.0859 -250.72 -250.72 2 20 5
10.0859 -250.77 -250.77 2 20 5
10.0859 -250.82 -250.82 2 20 5
10.0859 -250.87 -250.87 2 20 5
10.0859 -250.92 -250.92 2 20 5
10.0859 -250.97 -250.97 2 20 5
10.0859 -251.02 -251.02 2 20 5
10.0859 -251.07 -251.07 2 20 5
10.0859 -251.12 -251.12 2 20 5
10.0859 -251.17 -251.17 2 20 5
10.0859 -251.22 -251.22 2 20 5
10.0859 -251.27 -251.27 2 20 5
10.0859 -251.32 -251.32 2 20 5
10.0859 -251.37 -251.37 2 20 5
10.0859 -251.42 -251.42 2 20 5
10.0859 -251.47 -251.47 2 20 5
10.0859 -251.52 -251.52 2 20 5
10.0859 -251.57 -251.57 2 20 5
10.0859 -251.62 -251.62 2 20 5
10.0859 -251.67 -251.67 2 20 5
10.0859 -251.72 -251.72 2 20 5
10.0859 -251.77 -251.77 2 20 5
10.0859 -251.82 -251.82 2 20 5
10.0859 -251.87 -251.87 2 20 5
10.0859 -251.92 -251.92 2 20 5
10.0859 -251.97 -251.97 2 20 5
10.0859 -252.02 -252.02 2 20 5
10.0859 -252.07 -252.07 2 20 5
10.0859 -252.12 -252.12 2 20 5
10.0858 -252.17 -252.17 2 20 5
10.0859 -252.22 -252.22 2 20 5
10.0859 -252.27 -252.27 2 20 5
10.0859 -252.32 -252.32 2 20 5
10.0859 -252.37 -252.37 2 20 5
10.0859 -252.42 -252.42 2 20 5
10.0859 -252.47 -252.47 2 20 5
10.0859 -252.52 -252.52 2 20 5
10.0859 -252.57 -252.57 2 20 5
10.0859 -252.62 -252.62 2 20 5
10.0859 -252.67 -252.67 2 20 5
10.0859 -252.72 -252.72 2 20 5
10.0859 -252.77 -252.77 2 20 5
10.0859 -252.82 -252.82 2 20 5
10.0859 -252.87 -252.87 2 20 5
10.0859 -252.92 -252.92 2 20 5
10.0859 -252.97 -252.97 2 20 5
10.0859 -253.02 -253.02 2 20 5
10.0859 -253.07 -253.07 2 20 5
10.0859 -253.12 -253.12 2 20 5
10.0859 -253.17 -253.17 2 20 5
10.0859 -253.22 -253.22 2 20 5
10.0859 -253.27 -253.27 2 20 5
10.0858 -253.32 -253.32 2 20 5
10.0859 -253.37 -253.37 2 20 5
10.0859 -253.42 -253.42 2 20 5
10.0859 -253.47 -253.47 2 20 5
10.0859 -253.52 -253.52 2 20 5
10.0859 -253.57 -253.57 2 20 5
10.0859 -253.62 -253.62 2 20 5
10.0859 -253.67 -253.67 2 20 5
10.0858 -253.72 -253.72 2 20 5
10.0859 -253.77 -253.77 2 20 5
10.0859 -253.82 -253.82 2 20 5
10.0859 -253.87 -253.87 2 20 5
10.0859 -253.92 -253.92 2 20 5
10.0859 -253.97 -253.97 2 20 5
10.0859 -254.02 -254.02 2 20 5
10.0859 -254.07 -254.07 2 20 5
10.0859 -254.12 -254.12 2 20 5
10.0859 -254.17 -254.17 2 20 5
10.0859 -254.22 -254.22 2 20 5
10.0859 -254.27 -254.27 2 20 5
10.0859 -254.32 -254.32 2 20 5
10.0859 -254.37 -254.37 2 20 5
10.0859 -254.42 -254.42 2 20 5
10.0859 -254.47 -254.47 2 20 5
10.0859 -254.52 -254.52 2 20 5
10.0859 -254.57 -254.57 2 20 5
10.0859 -254.62 -254.62 2 20 5
10.0859 -254.67 -254.67 2 20 5
10.0859 -254.72 -254.72 2 20 5
10.0859 -254.77 -254.77 2 20 5
10.0859 -254.82 -254.82 2 20 5
10.0859 -254.87 -254.87 2 20 5
10.0859 -254.92 -254.92 2 20 5
10.0859 -254.97 -254.97 2 20 5
10.0858 -255.02 -255.02 2 20 5
10.0859 -255.07 -255.07 2 20 5
10.0859 -255.12 -255.12 2 20 5
10.0859 -255.17 -255.17 2 20 5
10.0859 -255.22 -255.22 2 20 5
10.0859 -255.27 -255.27 2 20 5
10.0859 -255.32 -255.32 2 20 5
10.0859 -255.37 -255.37 2 20 5
10.0859 -255.42 -255.42 2 20 5
10.0859 -255.47 -255.47 2 20 5
10.0859 -255.52 -255.52 2 20 5
10.0859 -255.57 -255.57 2 20 5
10.0859 -255.62 -255.62 2 20 5
10.0859 -255.67 -255.67 2 20 5
10.0859 -255.72 -255.72 2 20 5
10.0859 -255.77 -255.77 2 20 5
10.0859 -255.82 -255.82 2 20 5
10.0859 -255.87 -255.87 2 20 5
10.0859 -255.92 -255.92 2 20 5
10.0859 -255.97 -255.97 2 20 5
10.0859 -256.02 -256.02 2 20 5
10.0859 -256.07 -256.07 2 20 5
10.0859 -256.12 -256.12 2 20 5
10.0859 -256.17 -256.17 2 20 5
10.0859 -256.22 -256.22 2 20 5
10.0859 -256.27 -256.27 2 20 5
10.0859 -256.32 -256.32 2 20 5
10.0859 -256.37 -256.37 2 20 5
10.0859 -256.42 -256.42 2 20 5
10.0859 -256.47 -256.47 2 20 5
10.0859 -256.52 -256.52 2 20 5
10.0859 -256.57 -256.57 2 20 5
10.0859 -256.62 -256.62 2 20 5
10.0859 -256.67 -256.67 2 20 5
10.0859 -256.72 -256.72 2 20 5
10.0859 -256.77 -256.77 2 20 5
10.0859 -256.82 -256.82 2 20 5
10.0859 -256.87 -256.87 2 20 5
10.0859 -256.92 -256.92 2 20 5
10.0859 -256.97 -256.97 2 20 5
10.0857 -257.02 -257.02 2 20 5
10.0858 -257.07 -257.07 2 20 5
10.0859 -257.12 -257.12 2 20 5
10.0859 -257.17 -257.17 2 20 5
10.0859 -257.22 -257.22 2 20 5
10.0859 -257.27 -257.27 2 20 5
10.0859 -257.32 -257.32 2 20 5
10.0859 -257.37 -257.37 2 20 5
10.0859 -257.42 -257.42 2 20 5
10.0859 -257.47 -257.47 2 20 5
10.0859 -257.52 -257.52 2 20 5
10.0859 -257.57 -257.57 2 20 5
10.0859 -257.62 -257.62 2 20 5
10.0859 -257.67 -257.67 2 20 5
10.0859 -257.72 -257.72 2 20 5
10.0859 -257.77 -257.77 2 20 5
10.0859 -257.82 -257.82 2 20 5
10.0859 -257.87 -257.87 2 20 5
10.0859 -257.92 -257.92 2 20 5
10.0859 -257.97 -257.97 2 20 5
10.0859 -258.02 -258.02 2 20 5
10.0859 -258.07 -258.07 2 20 5
10.0859 -258.12 -258.12 2 20 5
10.0859 -258.17 -258.17 2 20 5
10.0859 -258.22 -258.22 2 20 5
10.0858 -258.27 -258.27 2 20 5
10.0858 -258.32 -258.32 2 20 5
10.0859 -258.37 -258.37 2 20 5
10.0859 -258.42 -258.42 2 20 5
10.0859 -258.47 -258.47 2 20 5
10.0859 -258.52 -258.52 2 20 5
10.0859 -258.57 -258.57 2 20 5
10.0859 -258.62 -258.62 2 20 5
10.0861 -258.67 -258.67 2 20 5
10.086 -258.72 -258.72 2 20 5
10.0859 -258.77 -258.77 2 20 5
10.0858 -258.82 -258.82 2 20 5
10.0858 -258.87 -258.87 2 20 5
10.0858 -258.92 -258.92 2 20 5
10.0859 -258.97 -258.97 2 20 5
10.0859 -259.02 -259.02 2 20 5
10.0859 -259.07 -259.07 2 20 5
10.0859 -259.12 -259.12 2 20 5
10.0859 -259.17 -259.17 2 20 5
10.0859 -259.22 -259.22 2 20 5
10.0859 -259.27 -259.27 2 20 5
10.0859 -259.32 -259.32 2 20 5
10.0859 -259.37 -259.37 2 20 5
10.0859 -259.42 -259.42 2 20 5
10.0859 -259.47 -259.47 2 20 5
10.0859 -259.52 -259.52 2 20 5
10.0859 -259.57 -259.57 2 20 5
10.0859 -259.62 -259.62 2 20 5
10.0859 -259.67 -259.67 2 20 5
10.0859 -259.72 -259.72 2 20 5
10.0859 -259.77 -259.77 2 20 5
10.0859 -259.82 -259.82 2 20 5
10.0859 -259.87 -259.87 2 20 5
10.0859 -259.92 -259.92 2 20 5
10.0859 -259.97 -259.97 2 20 5
10.0859 -260.02 -260.02 2 20 5
10.0859 -260.07 -260.07 2 20 5
10.0859 -260.12 -260.12 2 20 5
10.0859 -260.17 -260.17 2 20 5
10.0859 -260.22 -260.22 2 20 5
10.0859 -260.27 -260.27 2 20 5
10.0859 -260.32 -260.32 2 20 5
10.0859 -260.37 -260.37 2 20 5
10.0859 -260.42 -260.42 2 20 5
10.0859 -260.47 -260.47 2 20 5
10.0859 -260.52 -260.52 2 20 5
10.0859 -260.57 -260.57 2 20 5
10.0859 -260.62 -260.62 2 20 5
10.0859 -260.67 -260.67 2 20 5
10.0858 -260.72 -260.72 2 20 5
10.0858 -260.77 -260.77 2 20 5
10.0859 -260.82 -260.82 2 20 5
10.0859 -260.87 -260.87 2 20 5
10.0859 -260.92 -260.92 2 20 5
10.0859 -260.97 -260.97 2 20 5
10.0859 -261.02 -261.02 2 20 5
10.0859 -261.07 -261.07 2 20 5
10.0857 -261.12 -261.12 2 20 5
10.0858 -261.17 -261.17 2 20 5
10.0859 -261.22 -261.22 2 20 5
10.0859 -261.27 -261.27 2 20 5
10.0859 -261.32 -261.32 2 20 5
10.0859 -261.37 -261.37 2 20 5
10.0859 -261.42 -261.42 2 20 5
10.0859 -261.47 -261.47 2 20 5
10.0859 -261.52 -261.52 2 20 5
10.0859 -261.57 -261.57 2 20 5
10.0859 -261.62 -261.62 2 20 5
10.0859 -261.67 -261.67 2 20 5
10.0858 -261.72 -261.72 2 20 5
10.0859 -261.77 -261.77 2 20 5
10.0859 -261.82 -261.82 2 20 5
10.0859 -261.87 -261.87 2 20 5
10.0859 -261.92 -261.92 2 20 5
10.0859 -261.97 -261.97 2 20 5
10.0859 -262.02 -262.02 2 20 5
10.0859 -262.07 -262.07 2 20 5
10.0859 -262.12 -262.12 2 20 5
10.0859 -262.17 -262.17 2 20 5
10.0859 -262.22 -262.22 2 20 5
10.0859 -262.27 -262.27 2 20 5
10.0859 -262.32 -262.32 2 20 5
10.0857 -262.37 -262.37 2 20 5
10.0858 -262.42 -262.42 2 20 5
10.0859 -262.47 -262.47 2 20 5
10.0859 -262.52 -262.52 2 20 5
10.0859 -262.57 -262.57 2 20 5
10.0859 -262.62 -262.62 2 20 5
10.0859 -262.67 -262.67 2 20 5
10.0859 -262.72 -262.72 2 20 5
10.0855 -262.77 -262.77 2 20 5
10.0857 -262.82 -262.82 2 20 5
10.0859 -262.87 -262.87 2 20 5
10.086 -262.92 -262.92 2 20 5
10.086 -262.97 -262.97 2 20 5
10.0859 -263.02 -263.02 2 20 5
10.0859 -263.07 -263.07 2 20 5
10.0858 -263.12 -263.12 2 20 5
10.0859 -263.17 -263.17 2 20 5
10.0859 -263.22 -263.22 2 20 5
10.0859 -263.27 -263.27 2 20 5
10.0859 -263.32 -263.32 2 20 5
10.0859 -263.37 -263.37 2 20 5
10.0859 -263.42 -263.42 2 20 5
10.0859 -263.47 -263.47 2 20 5
10.0859 -263.52 -263.52 2 20 5
10.0859 -263.57 -263.57 2 20 5
10.0859 -263.62 -263.62 2 20 5
10.0859 -263.67 -263.67 2 20 5
10.0859 -263.72 -263.72 2 20 5
10.0858 -263.77 -263.77 2 20 5
10.0859 -263.82 -263.82 2 20 5
10.0859 -263.87 -263.87 2 20 5
10.0859 -263.92 -263.92 2 20 5
10.0859 -263.97 -263.97 2 20 5
10.0859 -264.02 -264.02 2 20 5
10.0859 -264.07 -264.07 2 20 5
10.0859 -264.12 -264.12 2 20 5
10.086 -264.17 -264.17 2 20 5
10.0859 -264.22 -264.22 2 20 5
10.0859 -264.27 -264.27 2 20 5
10.0859 -264.32 -264.32 2 20 5
10.0859 -264.37 -264.37 2 20 5
10.0859 -264.42 -264.42 2 20 5
10.0859 -264.47 -264.47 2 20 5
10.0859 -264.52 -264.52 2 20 5
10.0859 -264.57 -264.57 2 20 5
10.0859 -264.62 -264.62 2 20 5
10.0859 -264.67 -264.67 2 20 5
10.0859 -264.72 -264.72 2 20 5
10.0859 -264.77 -264.77 2 20 5
10.0859 -264.82 -264.82 2 20 5
10.0859 -264.87 -264.87 2 20 5
10.0859 -264.92 -264.92 2 20 5
10.0859 -264.97 -264.97 2 20 5
10.0859 -265.02 -265.02 2 20 5
10.0859 -265.07 -265.07 2 20 5
10.0858 -265.12 -265.12 2 20 5
10.0859 -265.17 -265.17 2 20 5
10.086 -265.22 -265.22 2 20 5
10.0859 -265.27 -265.27 2 20 5
10.0859 -265.32 -265.32 2 20 5
10.0859 -265.37 -265.37 2 20 5
10.0859 -265.42 -265.42 2 20 5
10.0858 -265.47 -265.47 2 20 5
10.0858 -265.52 -265.52 2 20 5
10.0859 -265.57 -265.57 2 20 5
10.0859 -265.62 -265.62 2 20 5
10.0859 -265.67 -265.67 2 20 5
10.0859 -265.72 -265.72 2 20 5
10.0859 -265.77 -265.77 2 20 5
10.0859 -265.82 -265.82 2 20 5
10.0858 -265.87 -265.87 2 20 5
10.0859 -265.92 -265.92 2 20 5
10.0859 -265.97 -265.97 2 20 5
10.0859 -266.02 -266.02 2 20 5
10.0859 -266.07 -266.07 2 20 5
10.0859 -266.12 -266.12 2 20 5
10.0859 -266.17 -266.17 2 20 5
10.0859 -266.22 -266.22 2 20 5
10.0859 -266.27 -266.27 2 20 5
10.0859 -266.32 -266.32 2 20 5
10.0859 -266.37 -266.37 2 20 5
10.0859 -266.42 -266.42 2 20 5
10.0859 -266.47 -266.47 2 20 5
10.0859 -266.52 -266.52 2 20 5
10.0859 -266.57 -266.57 2 20 5
10.0859 -266.62 -266.62 2 20 5
10.0859 -266.67 -266.67 2 20 5
10.0859 -266.72 -266.72 2 20 5
10.0859 -266.77 -266.77 2 20 5
10.0859 -266.82 -266.82 2 20 5
10.0859 -266.87 -266.87 2 20 5
10.0859 -266.92 -266.92 2 20 5
10.0859 -266.97 -266.97 2 20 5
10.0859 -267.02 -267.02 2 20 5
10.0859 -267.07 -267.07 2 20 5
10.0859 -267.12 -267.12 2 20 5
10.0859 -267.17 -267.17 2 20 5
10.0859 -267.22 -267.22 2 20 5
10.0859 -267.27 -267.27 2 20 5
10.0859 -267.32 -267.32 2 20 5
10.0859 -267.37 -267.37 2 20 5
10.0859 -267.42 -267.42 2 20 5
10.0862 -267.47 -267.47 2 20 5
10.0861 -267.52 -267.52 2 20 5
10.0859 -267.57 -267.57 2 20 5
10.0858 -267.62 -267.62 2 20 5
10.0858 -267.67 -267.67 2 20 5
10.0858 -267.72 -267.72 2 20 5
10.0859 -267.77 -267.77 2 20 5
10.0859 -267.82 -267.82 2 20 5
10.0859 -267.87 -267.87 2 20 5
10.0859 -267.92 -267.92 2 20 5
10.0859 -267.97 -267.97 2 20 5
10.0859 -268.02 -268.02 2 20 5
10.0859 -268.07 -268.07 2 20 5
10.0859 -268.12 -268.12 2 20 5
10.0859 -268.17 -268.17 2 20 5
10.0859 -268.22 -268.22 2 20 5
10.0859 -268.27 -268.27 2 20 5
10.0859 -268.32 -268.32 2 20 5
10.0859 -268.37 -268.37 2 20 5
10.0859 -268.42 -268.42 2 20 5
10.0859 -268.47 -268.47 2 20 5
10.0859 -268.52 -268.52 2 20 5
10.0859 -268.57 -268.57 2 20 5
10.0859 -268.62 -268.62 2 20 5
10.0859 -268.67 -268.67 2 20 5
10.0859 -268.72 -268.72 2 20 5
10.0859 -268.77 -268.77 2 20 5
10.0859 -268.82 -268.82 2 20 5
10.0859 -268.87 -268.87 2 20 5
10.0859 -268.92 -268.92 2 20 5
10.0859 -268.97 -268.97 2 20 5
10.0859 -269.02 -269.02 2 20 5
10.0859 -269.07 -269.07 2 20 5
10.0859 -269.12 -269.12 2 20 5
10.0859 -269.17 -269.17 2 20 5
10.0859 -269.22 -269.22 2 20 5
10.0859 -269.27 -269.27 2 20 5
10.0859 -269.32 -269.32 2 20 5
10.0859 -269.37 -269.37 2 20 5
10.0859 -269.42 -269.42 2 20 5
10.0859 -269.47 -269.47 2 20 5
10.0859 -269.52 -269.52 2 20 5
10.0859 -269.57 -269.57 2 20 5
10.0859 -269.62 -269.62 2 20 5
10.0859 -269.67 -269.67 2 20 5
10.0859 -269.72 -269.72 2 20 5
10.0859 -269.77 -269.77 2 20 5
10.0859 -269.82 -269.82 2 20 5
10.0859 -269.87 -269.87 2 20 5
10.0859 -269.92 -269.92 2 20 5
10.0859 -269.97 -269.97 2 20 5
10.0859 -270.02 -270.02 2 20 5
10.0859 -270.07 -270.07 2 20 5
10.0858 -270.12 -270.12 2 20 5
10.0858 -270.17 -270.17 2 20 5
10.0859 -270.22 -270.22 2 20 5
10.0859 -270.27 -270.27 2 20 5
10.0859 -270.32 -270.32 2 20 5
10.0859 -270.37 -270.37 2 20 5
10.0859 -270.42 -270.42 2 20 5
10.0859 -270.47 -270.47 2 20 5
10.0858 -270.52 -270.52 2 20 5
10.0859 -270.57 -270.57 2 20 5
10.0859 -270.62 -270.62 2 20 5
10.0859 -270.67 -270.67 2 20 5
10.0859 -270.72 -270.72 2 20 5
10.0859 -270.77 -270.77 2 20 5
10.0859 -270.82 -270.82 2 20 5
10.0859 -270.87 -270.87 2 20 5
10.0859 -270.92 -270.92 2 20 5
10.0859 -270.97 -270.97 2 20 5
10.0859 -271.02 -271.02 2 20 5
10.0859 -271.07 -271.07 2 20 5
10.0859 -271.12 -271.12 2 20 5
10.0859 -271.17 -271.17 2 20 5
10.0859 -271.22 -271.22 2 20 5
10.0859 -271.27 -271.27 2 20 5
10.0859 -271.32 -271.32 2 20 5
10.0859 -271.37 -271.37 2 20 5
10.0859 -271.42 -271.42 2 20 5
10.0859 -271.47 -271.47 2 20 5
10.0859 -271.52 -271.52 2 20 5
10.0859 -271.57 -271.57 2 20 5
10.0859 -271.62 -271.62 2 20 5
10.0859 -271.67 -271.67 2 20 5
10.0859 -271.72 -271.72 2 20 5
10.0859 -271.77 -271.77 2 20 5
10.0859 -271.82 -271.82 2 20 5
10.0859 -271.87 -271.87 2 20 5
10.0859 -271.92 -271.92 2 20 5
10.0859 -271.97 -271.97 2 20 5
10.0859 -272.02 -272.02 2 20 5
10.0859 -272.07 -272.07 2 20 5
10.0859 -272.12 -272.12 2 20 5
10.0859 -272.17 -272.17 2 20 5
10.0859 -272.22 -272.22 2 20 5
10.0859 -272.27 -272.27 2 20 5
10.0859 -272.32 -272.32 2 20 5
10.0859 -272.37 -272.37 2 20 5
10.0859 -272.42 -272.42 2 20 5
10.0859 -272.47 -272.47 2 20 5
10.0859 -272.52 -272.52 2 20 5
10.0859 -272.57 -272.57 2 20 5
10.0859 -272.62 -272.62 2 20 5
10.0858 -272.67 -272.67 2 20 5
10.0859 -272.72 -272.72 2 20 5
10.0858 -272.77 -272.77 2 20 5
10.0859 -272.82 -272.82 2 20 5
10.0859 -272.87 -272.87 2 20 5
10.0859 -272.92 -272.92 2 20 5
10.0859 -272.97 -272.97 2 20 5
10.0859 -273.02 -273.02 2 20 5
10.0859 -273.07 -273.07 2 20 5
10.0859 -273.12 -273.12 2 20 5
10.0859 -273.17 -273.17 2 20 5
10.0858 -273.22 -273.22 2 20 5
10.0859 -273.27 -273.27 2 20 5
10.0859 -273.32 -273.32 2 20 5
10.0859 -273.37 -273.37 2 20 5
10.0859 -273.42 -273.42 2 20 5
10.0859 -273.47 -273.47 2 20 5
10.0859 -273.52 -273.52 2 20 5
10.0859 -273.57 -273.57 2 20 5
10.0859 -273.62 -273.62 2 20 5
10.0859 -273.67 -273.67 2 20 5
10.0859 -273.72 -273.72 2 20 5
10.0859 -273.77 -273.77 2 20 5
10.0859 -273.82 -273.82 2 20 5
10.0859 -273.87 -273.87 2 20 5
10.0859 -273.92 -273.92 2 20 5
10.0859 -273.97 -273.97 2 20 5
10.0859 -274.02 -274.02 2 20 5
10.0859 -274.07 -274.07 2 20 5
10.0859 -274.12 -274.12 2 20 5
10.0859 -274.17 -274.17 2 20 5
10.0859 -274.22 -274.22 2 20 5
10.0859 -274.27 -274.27 2 20 5
10.0859 -274.32 -274.32 2 20 5
10.0859 -274.37 -274.37 2 20 5
10.0859 -274.42 -274.42 2 20 5
10.0859 -274.47 -274.47 2 20 5
10.0859 -274.52 -274.52 2 20 5
10.0859 -274.57 -274.57 2 20 5
10.0859 -274.62 -274.62 2 20 5
10.0859 -274.67 -274.67 2 20 5
10.0863 -274.72 -274.72 2 20 5
10.0861 -274.77 -274.77 2 20 5
10.0859 -274.82 -274.82 2 20 5
10.0858 -274.87 -274.87 2 20 5
10.0858 -274.92 -274.92 2 20 5
10.0858 -274.97 -274.97 2 20 5
10.0859 -275.02 -275.02 2 20 5
10.0859 -275.07 -275.07 2 20 5
10.0859 -275.12 -275.12 2 20 5
10.0859 -275.17 -275.17 2 20 5
10.0859 -275.22 -275.22 2 20 5
10.0859 -275.27 -275.27 2 20 5
10.0859 -275.32 -275.32 2 20 5
10.0859 -275.37 -275.37 2 20 5
10.0859 -275.42 -275.42 2 20 5
10.0859 -275.47 -275.47 2 20 5
10.0859 -275.52 -275.52 2 20 5
10.0859 -275.57 -275.57 2 20 5
10.0859 -275.62 -275.62 2 20 5
10.0859 -275.67 -275.67 2 20 5
10.0859 -275.72 -275.72 2 20 5
10.0859 -275.77 -275.77 2 20 5
10.0859 -275.82 -275.82 2 20 5
10.0859 -275.87 -275.87 2 20 5
10.0859 -275.92 -275.92 2 20 5
10.0859 -275.97 -275.97 2 20 5
10.0859 -276.02 -276.02 2 20 5
10.0859 -276.07 -276.07 2 20 5
10.0859 -276.12 -276.12 2 20 5
10.0859 -276.17 -276.17 2 20 5
10.0859 -276.22 -276.22 2 20 5
10.0859 -276.27 -276.27 2 20 5
10.0859 -276.32 -276.32 2 20 5
10.0858 -276.37 -276.37 2 20 5
10.0858 -276.42 -276.42 2 20 5
10.0859 -276.47 -276.47 2 20 5
10.0859 -276.52 -276.52 2 20 5
10.0859 -276.57 -276.57 2 20 5
10.0859 -276.62 -276.62 2 20 5
10.0859 -276.67 -276.67 2 20 5
10.0859 -276.72 -276.72 2 20 5
10.0859 -276.77 -276.77 2 20 5
10.0859 -276.82 -276.82 2 20 5
10.0859 -276.87 -276.87 2 20 5
10.0859 -276.92 -276.92 2 20 5
10.0859 -276.97 -276.97 2 20 5
10.0859 -277.02 -277.02 2 20 5
10.0859 -277.07 -277.07 2 20 5
10.0859 -277.12 -277.12 2 20 5
10.0859 -277.17 -277.17 2 20 5
10.0859 -277.22 -277.22 2 20 5
10.0859 -277.27 -277.27 2 20 5
10.0859 -277.32 -277.32 2 20 5
10.0859 -277.37 -277.37 2 20 5
10.0859 -277.42 -277.42 2 20 5
10.0859 -277.47 -277.47 2 20 5
10.0859 -277.52 -277.52 2 20 5
10.0859 -277.57 -277.57 2 20 5
10.0859 -277.62 -277.62 2 20 5
10.0859 -277.67 -277.67 2 20 5
10.0859 -277.72 -277.72 2 20 5
10.0859 -277.77 -277.77 2 20 5
10.0859 -277.82 -277.82 2 20 5
10.0859 -277.87 -277.87 2 20 5
10.0859 -277.92 -277.92 2 20 5
10.0859 -277.97 -277.97 2 20 5
10.0859 -278.02 -278.02 2 20 5
10.0859 -278.07 -278.07 2 20 5
10.0859 -278.12 -278.12 2 20 5
10.0859 -278.17 -278.17 2 20 5
10.0859 -278.22 -278.22 2 20 5
10.0859 -278.27 -278.27 2 20 5
10.0859 -278.32 -278.32 2 20 5
10.0859 -278.37 -278.37 2 20 5
10.0859 -278.42 -278.42 2 20 5
10.0859 -278.47 -278.47 2 20 5
10.0857 -278.52 -278.52 2 20 5
10.0858 -278.57 -278.57 2 20 5
10.0859 -278.62 -278.62 2 20 5
10.0859 -278.67 -278.67 2 20 5
10.0859 -278.72 -278.72 2 20 5
10.0859 -278.77 -278.77 2 20 5
10.0859 -278.82 -278.82 2 20 5
10.0859 -278.87 -278.87 2 20 5
10.086 -278.92 -278.92 2 20 5
10.0859 -278.97 -278.97 2 20 5
10.0859 -279.02 -279.02 2 20 5
10.0858 -279.07 -279.07 2 20 5
10.0858 -279.12 -279.12 2 20 5
10.0859 -279.17 -279.17 2 20 5
10.0859 -279.22 -279.22 2 20 5
10.0859 -279.27 -279.27 2 20 5
10.0859 -279.32 -279.32 2 20 5
10.0859 -279.37 -279.37 2 20 5
10.0859 -279.42 -279.42 2 20 5
10.0859 -279.47 -279.47 2 20 5
10.0859 -279.52 -279.52 2 20 5
10.0859 -279.57 -279.57 2 20 5
10.0859 -279.62 -279.62 2 20 5
10.0858 -279.67 -279.67 2 20 5
10.0859 -279.72 -279.72 2 20 5
10.0859 -279.77 -279.77 2 20 5
10.0859 -279.82 -279.82 2 20 5
10.0859 -279.87 -279.87 2 20 5
10.0859 -279.92 -279.92 2 20 5
10.0859 -279.97 -279.97 2 20 5
10.0859 -280.02 -280.02 2 20 5
10.0859 -280.07 -280.07 2 20 5
10.0859 -280.12 -280.12 2 20 5
10.0859 -280.17 -280.17 2 20 5
10.0859 -280.22 -280.22 2 20 5
10.0861 -280.27 -280.27 2 20 5
10.086 -280.32 -280.32 2 20 5
10.0859 -280.37 -280.37 2 20 5
10.0858 -280.42 -280.42 2 20 5
10.0858 -280.47 -280.47 2 20 5
10.0859 -280.52 -280.52 2 20 5
10.0859 -280.57 -280.57 2 20 5
10.0859 -280.62 -280.62 2 20 5
10.0859 -280.67 -280.67 2 20 5
10.0859 -280.72 -280.72 2 20 5
10.0859 -280.77 -280.77 2 20 5
10.0859 -280.82 -280.82 2 20 5
10.0859 -280.87 -280.87 2 20 5
10.0859 -280.92 -280.92 2 20 5
10.0859 -280.97 -280.97 2 20 5
10.0859 -281.02 -281.02 2 20 5
10.0859 -281.07 -281.07 2 20 5
10.0859 -281.12 -281.12 2 20 5
10.0859 -281.17 -281.17 2 20 5
10.0859 -281.22 -281.22 2 20 5
10.0859 -281.27 -281.27 2 20 5
10.0858 -281.32 -281.32 2 20 5
10.0859 -281.37 -281.37 2 20 5
10.0859 -281.42 -281.42 2 20 5
10.0859 -281.47 -281.47 2 20 5
10.0859 -281.52 -281.52 2 20 5
10.0859 -281.57 -281.57 2 20 5
10.0859 -281.62 -281.62 2 20 5
10.0859 -281.67 -281.67 2 20 5
10.0858 -281.72 -281.72 2 20 5
10.0858 -281.77 -281.77 2 20 5
10.0859 -281.82 -281.82 2 20 5
10.0859 -281.87 -281.87 2 20 5
10.0859 -281.92 -281.92 2 20 5
10.0859 -281.97 -281.97 2 20 5
10.0859 -282.02 -282.02 2 20 5
10.0859 -282.07 -282.07 2 20 5
10.0858 -282.12 -282.12 2 20 5
10.0859 -282.17 -282.17 2 20 5
10.0859 -282.22 -282.22 2 20 5
10.0859 -282.27 -282.27 2 20 5
10.0859 -282.32 -282.32 2 20 5
10.0859 -282.37 -282.37 2 20 5
10.0859 -282.42 -282.42 2 20 5
10.0859 -282.47 -282.47 2 20 5
10.0859 -282.52 -282.52 2 20 5
10.0859 -282.57 -282.57 2 20 5
10.0859 -282.62 -282.62 2 20 5
10.0858 -282.67 -282.67 2 20 5
10.0859 -282.72 -282.72 2 20 5
10.0859 -282.77 -282.77 2 20 5
10.0859 -282.82 -282.82 2 20 5
10.0859 -282.87 -282.87 2 20 5
10.0859 -282.92 -282.92 2 20 5
10.0859 -282.97 -282.97 2 20 5
10.0859 -283.02 -283.02 2 20 5
10.0863 -283.07 -283.07 2 20 5
10.0861 -283.12 -283.12 2 20 5
10.0859 -283.17 -283.17 2 20 5
10.0858 -283.22 -283.22 2 20 5
10.0858 -283.27 -283.27 2 20 5
10.0858 -283.32 -283.32 2 20 5
10.0859 -283.37 -283.37 2 20 5
10.0859 -283.42 -283.42 2 20 5
10.0859 -283.47 -283.47 2 20 5
10.0859 -283.52 -283.52 2 20 5
10.0859 -283.57 -283.57 2 20 5
10.0859 -283.62 -283.62 2 20 5
10.0859 -283.67 -283.67 2 20 5
10.0859 -283.72 -283.72 2 20 5
10.0859 -283.77 -283.77 2 20 5
10.0859 -283.82 -283.82 2 20 5
10.0859 -283.87 -283.87 2 20 5
10.0859 -283.92 -283.92 2 20 5
10.0859 -283.97 -283.97 2 20 5
10.0859 -284.02 -284.02 2 20 5
10.0857 -284.07 -284.07 2 20 5
10.0858 -284.12 -284.12 2 20 5
10.0859 -284.17 -284.17 2 20 5
10.0859 -284.22 -284.22 2 20 5
10.0859 -284.27 -284.27 2 20 5
10.0859 -284.32 -284.32 2 20 5
10.0859 -284.37 -284.37 2 20 5
10.0859 -284.42 -284.42 2 20 5
10.0858 -284.47 -284.47 2 20 5
10.0858 -284.52 -284.52 2 20 5
10.0859 -284.57 -284.57 2 20 5
10.0859 -284.62 -284.62 2 20 5
10.0859 -284.67 -284.67 2 20 5
10.0859 -284.72 -284.72 2 20 5
10.0859 -284.77 -284.77 2 20 5
10.0859 -284.82 -284.82 2 20 5
10.0858 -284.87 -284.87 2 20 5
10.0859 -284.92 -284.92 2 20 5
10.0859 -284.97 -284.97 2 20 5
10.0859 -285.02 -285.02 2 20 5
10.0859 -285.07 -285.07 2 20 5
10.0859 -285.12 -285.12 2 20 5
10.0859 -285.17 -285.17 2 20 5
10.0859 -285.22 -285.22 2 20 5
10.0859 -285.27 -285.27 2 20 5
10.0859 -285.32 -285.32 2 20 5
10.0859 -285.37 -285.37 2 20 5
10.0859 -285.42 -285.42 2 20 5
10.0859 -285.47 -285.47 2 20 5
10.0859 -285.52 -285.52 2 20 5
10.0859 -285.57 -285.57 2 20 5
10.0859 -285.62 -285.62 2 20 5
10.0859 -285.67 -285.67 2 20 5
10.0859 -285.72 -285.72 2 20 5
10.0859 -285.77 -285.77 2 20 5
10.0859 -285.82 -285.82 2 20 5
10.0859 -285.87 -285.87 2 20 5
10.0859 -285.92 -285.92 2 20 5
10.0859 -285.97 -285.97 2 20 5
10.0859 -286.02 -286.02 2 20 5
10.0859 -286.07 -286.07 2 20 5
10.0859 -286.12 -286.12 2 20 5
10.0859 -286.17 -286.17 2 20 5
10.0859 -286.22 -286.22 2 20 5
10.0859 -286.27 -286.27 2 20 5
10.0859 -286.32 -286.32 2 20 5
10.0859 -286.37 -286.37 2 20 5
10.0859 -286.42 -286.42 2 20 5
10.0859 -286.47 -286.47 2 20 5
10.0859 -286.52 -286.52 2 20 5
10.0859 -286.57 -286.57 2 20 5
10.0859 -286.62 -286.62 2 20 5
10.0859 -286.67 -286.67 2 20 5
10.0859 -286.72 -286.72 2 20 5
10.0859 -286.77 -286.77 2 20 5
10.0861 -286.82 -286.82 2 20 5
10.086 -286.87 -286.87 2 20 5
10.0859 -286.92 -286.92 2 20 5
10.0858 -286.97 -286.97 2 20 5
10.0858 -287.02 -287.02 2 20 5
10.0858 -287.07 -287.07 2 20 5
10.0859 -287.12 -287.12 2 20 5
10.0859 -287.17 -287.17 2 20 5
10.0859 -287.22 -287.22 2 20 5
10.0859 -287.27 -287.27 2 20 5
10.0859 -287.32 -287.32 2 20 5
10.0859 -287.37 -287.37 2 20 5
10.0859 -287.42 -287.42 2 20 5
10.0859 -287.47 -287.47 2 20 5
10.0859 -287.52 -287.52 2 20 5
10.0859 -287.57 -287.57 2 20 5
10.0859 -287.62 -287.62 2 20 5
10.0861 -287.67 -287.67 2 20 5
10.086 -287.72 -287.72 2 20 5
10.0859 -287.77 -287.77 2 20 5
10.0858 -287.82 -287.82 2 20 5
10.0858 -287.87 -287.87 2 20 5
10.0859 -287.92 -287.92 2 20 5
10.0859 -287.97 -287.97 2 20 5
10.0859 -288.02 -288.02 2 20 5
10.0859 -288.07 -288.07 2 20 5
10.0859 -288.12 -288.12 2 20 5
10.0859 -288.17 -288.17 2 20 5
10.0859 -288.22 -288.22 2 20 5
10.0859 -288.27 -288.27 2 20 5
10.0859 -288.32 -288.32 2 20 5
10.0859 -288.37 -288.37 2 20 5
10.0859 -288.42 -288.42 2 20 5
10.0859 -288.47 -288.47 2 20 5
10.0859 -288.52 -288.52 2 20 5
10.0859 -288.57 -288.57 2 20 5
10.0859 -288.62 -288.62 2 20 5
10.0859 -288.67 -288.67 2 20 5
10.0858 -288.72 -288.72 2 20 5
10.0859 -288.77 -288.77 2 20 5
10.0859 -288.82 -288.82 2 20 5
10.0859 -288.87 -288.87 2 20 5
10.0859 -288.92 -288.92 2 20 5
10.0859 -288.97 -288.97 2 20 5
10.0859 -289.02 -289.02 2 20 5
10.0859 -289.07 -289.07 2 20 5
10.0859 -289.12 -289.12 2 20 5
10.0859 -289.17 -289.17 2 20 5
10.0859 -289.22 -289.22 2 20 5
10.0859 -289.27 -289.27 2 20 5
10.0859 -289.32 -289.32 2 20 5
10.0859 -289.37 -289.37 2 20 5
10.0859 -289.42 -289.42 2 20 5
10.0859 -289.47 -289.47 2 20 5
10.0859 -289.52 -289.52 2 20 5
10.0859 -289.57 -289.57 2 20 5
10.0859 -289.62 -289.62 2 20 5
10.0859 -289.67 -289.67 2 20 5
10.0859 -289.72 -289.72 2 20 5
10.0859 -289.77 -289.77 2 20 5
10.0859 -289.82 -289.82 2 20 5
10.0859 -289.87 -289.87 2 20 5
10.0859 -289.92 -289.92 2 20 5
10.0859 -289.97 -289.97 2 20 5
10.0859 -290.02 -290.02 2 20 5
10.0859 -290.07 -290.07 2 20 5
10.0858 -290.12 -290.12 2 20 5
10.0859 -290.17 -290.17 2 20 5
10.0859 -290.22 -290.22 2 20 5
10.0859 -290.27 -290.27 2 20 5
10.0859 -290.32 -290.32 2 20 5
10.0859 -290.37 -290.37 2 20 5
10.0859 -290.42 -290.42 2 20 5
10.0859 -290.47 -290.47 2 20 5
10.0859 -290.52 -290.52 2 20 5
10.0859 -290.57 -290.57 2 20 5
10.0859 -290.62 -290.62 2 20 5
10.0859 -290.67 -290.67 2 20 5
10.0859 -290.72 -290.72 2 20 5
10.0859 -290.77 -290.77 2 20 5
10.0859 -290.82 -290.82 2 20 5
10.0859 -290.87 -290.87 2 20 5
10.0859 -290.92 -290.92 2 20 5
10.0845 -290.97 -290.97 2 20 5
10.0852 -291.02 -291.02 2 20 5
10.0859 -291.07 -291.07 2 20 5
10.0862 -291.12 -291.12 2 20 5
10.0862 -291.17 -291.17 2 20 5
10.086 -291.22 -291.22 2 20 5
10.0859 -291.27 -291.27 2 20 5
10.0858 -291.32 -291.32 2 20 5
10.0858 -291.37 -291.37 2 20 5
10.0858 -291.42 -291.42 2 20 5
10.0859 -291.47 -291.47 2 20 5
10.0859 -291.52 -291.52 2 20 5
10.0859 -291.57 -291.57 2 20 5
10.0859 -291.62 -291.62 2 20 5
10.0859 -291.67 -291.67 2 20 5
10.0859 -291.72 -291.72 2 20 5
10.0859 -291.77 -291.77 2 20 5
10.0859 -291.82 -291.82 2 20 5
10.0859 -291.87 -291.87 2 20 5
10.0859 -291.92 -291.92 2 20 5
10.0859 -291.97 -291.97 2 20 5
10.0859 -292.02 -292.02 2 20 5
10.0859 -292.07 -292.07 2 20 5
10.0859 -292.12 -292.12 2 20 5
10.0859 -292.17 -292.17 2 20 5
10.0859 -292.22 -292.22 2 20 5
10.0859 -292.27 -292.27 2 20 5
10.0859 -292.32 -292.32 2 20 5
10.0858 -292.37 -292.37 2 20 5
10.0859 -292.42 -292.42 2 20 5
10.0859 -292.47 -292.47 2 20 5
10.0859 -292.52 -292.52 2 20 5
10.0859 -292.57 -292.57 2 20 5
10.0859 -292.62 -292.62 2 20 5
10.0859 -292.67 -292.67 2 20 5
10.0859 -292.72 -292.72 2 20 5
10.0859 -292.77 -292.77 2 20 5
10.0859 -292.82 -292.82 2 20 5
10.0858 -292.87 -292.87 2 20 5
10.0859 -292.92 -292.92 2 20 5
10.0859 -292.97 -292.97 2 20 5
10.0859 -293.02 -293.02 2 20 5
10.0859 -293.07 -293.07 2 20 5
10.0859 -293.12 -293.12 2 20 5
10.0859 -293.17 -293.17 2 20 5
10.0859 -293.22 -293.22 2 20 5
10.0859 -293.27 -293.27 2 20 5
10.0858 -293.32 -293.32 2 20 5
10.0858 -293.37 -293.37 2 20 5
10.0859 -293.42 -293.42 2 20 5
10.0859 -293.47 -293.47 2 20 5
10.0859 -293.52 -293.52 2 20 5
10.0859 -293.57 -293.57 2 20 5
10.0859 -293.62 -293.62 2 20 5
10.0859 -293.67 -293.67 2 20 5
10.0858 -293.72 -293.72 2 20 5
10.0859 -293.77 -293.77 2 20 5
10.0859 -293.82 -293.82 2 20 5
10.0859 -293.87 -293.87 2 20 5
10.0859 -293.92 -293.92 2 20 5
10.0859 -293.97 -293.97 2 20 5
10.0859 -294.02 -294.02 2 20 5
10.0859 -294.07 -294.07 2 20 5
10.0859 -294.12 -294.12 2 20 5
10.0859 -294.17 -294.17 2 20 5
10.0859 -294.22 -294.22 2 20 5
10.0859 -294.27 -294.27 2 20 5
10.0859 -294.32 -294.32 2 20 5
10.0859 -294.37 -294.37 2 20 5
10.0859 -294.42 -294.42 2 20 5
10.0859 -294.47 -294.47 2 20 5
10.0859 -294.52 -294.52 2 20 5
10.0859 -294.57 -294.57 2 20 5
10.0859 -294.62 -294.62 2 20 5
10.0858 -294.67 -294.67 2 20 5
10.0859 -294.72 -294.72 2 20 5
10.0859 -294.77 -294.77 2 20 5
10.0859 -294.82 -294.82 2 20 5
10.0859 -294.87 -294.87 2 20 5
10.0859 -294.92 -294.92 2 20 5
10.0859 -294.97 -294.97 2 20 5
10.0859 -295.02 -295.02 2 20 5
10.0859 -295.07 -295.07 2 20 5
10.0858 -295.12 -295.12 2 20 5
10.0859 -295.17 -295.17 2 20 5
10.0859 -295.22 -295.22 2 20 5
10.0859 -295.27 -295.27 2 20 5
10.0859 -295.32 -295.32 2 20 5
10.0859 -295.37 -295.37 2 20 5
10.0859 -295.42 -295.42 2 20 5
10.0859 -295.47 -295.47 2 20 5
10.0859 -295.52 -295.52 2 20 5
10.0859 -295.57 -295.57 2 20 5
10.0859 -295.62 -295.62 2 20 5
10.0859 -295.67 -295.67 2 20 5
10.0859 -295.72 -295.72 2 20 5
10.0858 -295.77 -295.77 2 20 5
10.0859 -295.82 -295.82 2 20 5
10.0859 -295.87 -295.87 2 20 5
10.0859 -295.92 -295.92 2 20 5
10.0859 -295.97 -295.97 2 20 5
10.0859 -296.02 -296.02 2 20 5
10.0859 -296.07 -296.07 2 20 5
10.0859 -296.12 -296.12 2 20 5
10.0859 -296.17 -296.17 2 20 5
10.0859 -296.22 -296.22 2 20 5
10.0859 -296.27 -296.27 2 20 5
10.0859 -296.32 -296.32 2 20 5
10.0859 -296.37 -296.37 2 20 5
10.0859 -296.42 -296.42 2 20 5
10.0859 -296.47 -296.47 2 20 5
10.0859 -296.52 -296.52 2 20 5
10.0859 -296.57 -296.57 2 20 5
10.0859 -296.62 -296.62 2 20 5
10.0859 -296.67 -296.67 2 20 5
10.0859 -296.72 -296.72 2 20 5
10.0859 -296.77 -296.77 2 20 5
10.0858 -296.82 -296.82 2 20 5
10.0859 -296.87 -296.87 2 20 5
10.0859 -296.92 -296.92 2 20 5
10.0859 -296.97 -296.97 2 20 5
10.0859 -297.02 -297.02 2 20 5
10.0859 -297.07 -297.07 2 20 5
10.0859 -297.12 -297.12 2 20 5
10.0859 -297.17 -297.17 2 20 5
10.0859 -297.22 -297.22 2 20 5
10.0859 -297.27 -297.27 2 20 5
10.0859 -297.32 -297.32 2 20 5
10.0859 -297.37 -297.37 2 20 5
10.0859 -297.42 -297.42 2 20 5
10.0859 -297.47 -297.47 2 20 5
10.0859 -297.52 -297.52 2 20 5
10.0858 -297.57 -297.57 2 20 5
10.0859 -297.62 -297.62 2 20 5
10.0859 -297.67 -297.67 2 20 5
10.0859 -297.72 -297.72 2 20 5
10.0859 -297.77 -297.77 2 20 5
10.0859 -297.82 -297.82 2 20 5
10.0859 -297.87 -297.87 2 20 5
10.0859 -297.92 -297.92 2 20 5
10.0859 -297.97 -297.97 2 20 5
10.0859 -298.02 -298.02 2 20 5
10.0859 -298.07 -298.07 2 20 5
10.0859 -298.12 -298.12 2 20 5
10.0859 -298.17 -298.17 2 20 5
10.0859 -298.22 -298.22 2 20 5
10.0859 -298.27 -298.27 2 20 5
10.0859 -298.32 -298.32 2 20 5
10.0859 -298.37 -298.37 2 20 5
10.0858 -298.42 -298.42 2 20 5
10.0858 -298.47 -298.47 2 20 5
10.0859 -298.52 -298.52 2 20 5
10.0859 -298.57 -298.57 2 20 5
10.0859 -298.62 -298.62 2 20 5
10.0859 -298.67 -298.67 2 20 5
10.0859 -298.72 -298.72 2 20 5
10.0859 -298.77 -298.77 2 20 5
10.0858 -298.82 -298.82 2 20 5
10.0859 -298.87 -298.87 2 20 5
10.0859 -298.92 -298.92 2 20 5
10.0859 -298.97 -298.97 2 20 5
10.0859 -299.02 -299.02 2 20 5
10.0859 -299.07 -299.07 2 20 5
10.0859 -299.12 -299.12 2 20 5
10.0859 -299.17 -299.17 2 20 5
10.0859 -299.22 -299.22 2 20 5
10.0859 -299.27 -299.27 2 20 5
10.0859 -299.32 -299.32 2 20 5
10.0859 -299.37 -299.37 2 20 5
10.0859 -299.42 -299.42 2 20 5
10.0859 -299.47 -299.47 2 20 5
10.0859 -299.52 -299.52 2 20 5
10.0859 -299.57 -299.57 2 20 5
10.0859 -299.62 -299.62 2 20 5
10.0859 -299.67 -299.67 2 20 5
10.0858 -299.72 -299.72 2 20 5
10.0859 -299.77 -299.77 2 20 5
10.0859 -299.82 -299.82 2 20 5
10.0859 -299.87 -299.87 2 20 5
10.0859 -299.92 -299.92 2 20 5
10.0859 -299.97 -299.97 2 20 5
10.0859 -300.02 -300.02 2 20 5
10.0859 -300.07 -300.07 2 20 5
10.0859 -300.12 -300.12 2 20 5
10.0859 -300.17 -300.17 2 20 5
10.0859 -300.22 -300.22 2 20 5
10.0859 -300.27 -300.27 2 20 5
10.0859 -300.32 -300.32 2 20 5
10.0859 -300.37 -300.37 2 20 5
10.0859 -300.42 -300.42 2 20 5
10.0859 -300.47 -300.47 2 20 5
10.0859 -300.52 -300.52 2 20 5
10.0859 -300.57 -300.57 2 20 5
10.0859 -300.62 -300.62 2 20 5
10.0859 -300.67 -300.67 2 20 5
10.0859 -300.72 -300.72 2 20 5
10.0859 -300.77 -300.77 2 20 5
10.086 -300.82 -300.82 2 20 5
10.0859 -300.87 -300.87 2 20 5
10.0859 -300.92 -300.92 2 20 5
10.0859 -300.97 -300.97 2 20 5
10.0858 -301.02 -301.02 2 20 5
10.0859 -301.07 -301.07 2 20 5
10.0859 -301.12 -301.12 2 20 5
10.0859 -301.17 -301.17 2 20 5
10.0859 -301.22 -301.22 2 20 5
10.0859 -301.27 -301.27 2 20 5
10.0859 -301.32 -301.32 2 20 5
10.0859 -301.37 -301.37 2 20 5
10.0858 -301.42 -301.42 2 20 5
10.0859 -301.47 -301.47 2 20 5
10.0859 -301.52 -301.52 2 20 5
10.0859 -301.57 -301.57 2 20 5
10.0859 -301.62 -301.62 2 20 5
10.0859 -301.67 -301.67 2 20 5
10.0859 -301.72 -301.72 2 20 5
10.0859 -301.77 -301.77 2 20 5
10.0859 -301.82 -301.82 2 20 5
10.0859 -301.87 -301.87 2 20 5
10.0859 -301.92 -301.92 2 20 5
10.0858 -301.97 -301.97 2 20 5
10.0859 -302.02 -302.02 2 20 5
10.0859 -302.07 -302.07 2 20 5
10.0859 -302.12 -302.12 2 20 5
10.0859 -302.17 -302.17 2 20 5
10.0859 -302.22 -302.22 2 20 5
10.0859 -302.27 -302.27 2 20 5
10.0857 -302.32 -302.32 2 20 5
10.0858 -302.37 -302.37 2 20 5
10.0859 -302.42 -302.42 2 20 5
10.0859 -302.47 -302.47 2 20 5
10.0859 -302.52 -302.52 2 20 5
10.0859 -302.57 -302.57 2 20 5
10.0859 -302.62 -302.62 2 20 5
10.0859 -302.67 -302.67 2 20 5
10.0858 -302.72 -302.72 2 20 5
10.0859 -302.77 -302.77 2 20 5
10.0859 -302.82 -302.82 2 20 5
10.0859 -302.87 -302.87 2 20 5
10.0859 -302.92 -302.92 2 20 5
10.0859 -302.97 -302.97 2 20 5
10.0859 -303.02 -303.02 2 20 5
10.0859 -303.07 -303.07 2 20 5
10.0859 -303.12 -303.12 2 20 5
10.0859 -303.17 -303.17 2 20 5
10.0859 -303.22 -303.22 2 20 5
10.0859 -303.27 -303.27 2 20 5
10.0859 -303.32 -303.32 2 20 5
10.0859 -303.37 -303.37 2 20 5
10.0859 -303.42 -303.42 2 20 5
10.0859 -303.47 -303.47 2 20 5
10.0859 -303.52 -303.52 2 20 5
10.0858 -303.57 -303.57 2 20 5
10.0859 -303.62 -303.62 2 20 5
10.0859 -303.67 -303.67 2 20 5
10.0859 -303.72 -303.72 2 20 5
10.0859 -303.77 -303.77 2 20 5
10.0859 -303.82 -303.82 2 20 5
10.0859 -303.87 -303.87 2 20 5
10.0859 -303.92 -303.92 2 20 5
10.0859 -303.97 -303.97 2 20 5
10.0859 -304.02 -304.02 2 20 5
10.0859 -304.07 -304.07 2 20 5
10.0859 -304.12 -304.12 2 20 5
10.0859 -304.17 -304.17 2 20 5
10.0855 -304.22 -304.22 2 20 5
10.0857 -304.27 -304.27 2 20 5
10.0859 -304.32 -304.32 2 20 5
10.086 -304.37 -304.37 2 20 5
10.086 -304.42 -304.42 2 20 5
10.0859 -304.47 -304.47 2 20 5
10.0859 -304.52 -304.52 2 20 5
10.0858 -304.57 -304.57 2 20 5
10.0859 -304.62 -304.62 2 20 5
10.0859 -304.67 -304.67 2 20 5
10.0858 -304.72 -304.72 2 20 5
10.0859 -304.77 -304.77 2 20 5
10.0859 -304.82 -304.82 2 20 5
10.0859 -304.87 -304.87 2 20 5
10.0859 -304.92 -304.92 2 20 5
10.0859 -304.97 -304.97 2 20 5
10.0859 -305.02 -305.02 2 20 5
10.0859 -305.07 -305.07 2 20 5
10.0859 -305.12 -305.12 2 20 5
10.0859 -305.17 -305.17 2 20 5
10.0858 -305.22 -305.22 2 20 5
10.0859 -305.27 -305.27 2 20 5
10.0859 -305.32 -305.32 2 20 5
10.0859 -305.37 -305.37 2 20 5
10.0859 -305.42 -305.42 2 20 5
10.0859 -305.47 -305.47 2 20 5
10.0859 -305.52 -305.52 2 20 5
10.0859 -305.57 -305.57 2 20 5
10.0859 -305.62 -305.62 2 20 5
10.0858 -305.67 -305.67 2 20 5
10.0859 -305.72 -305.72 2 20 5
10.0859 -305.77 -305.77 2 20 5
10.0859 -305.82 -305.82 2 20 5
10.0859 -305.87 -305.87 2 20 5
10.0859 -305.92 -305.92 2 20 5
10.0859 -305.97 -305.97 2 20 5
10.0859 -306.02 -306.02 2 20 5
10.0859 -306.07 -306.07 2 20 5
10.0859 -306.12 -306.12 2 20 5
10.0859 -306.17 -306.17 2 20 5
10.0859 -306.22 -306.22 2 20 5
10.0859 -306.27 -306.27 2 20 5
10.0859 -306.32 -306.32 2 20 5
10.0859 -306.37 -306.37 2 20 5
10.0859 -306.42 -306.42 2 20 5
10.0859 -306.47 -306.47 2 20 5
10.0859 -306.52 -306.52 2 20 5
10.0859 -306.57 -306.57 2 20 5
10.0859 -306.62 -306.62 2 20 5
10.0859 -306.67 -306.67 2 20 5
10.0859 -306.72 -306.72 2 20 5
10.0859 -306.77 -306.77 2 20 5
10.0859 -306.82 -306.82 2 20 5
10.0859 -306.87 -306.87 2 20 5
10.0858 -306.92 -306.92 2 20 5
10.0859 -306.97 -306.97 2 20 5
10.0859 -307.02 -307.02 2 20 5
10.0859 -307.07 -307.07 2 20 5
10.0859 -307.12 -307.12 2 20 5
10.0859 -307.17 -307.17 2 20 5
10.0859 -307.22 -307.22 2 20 5
10.0859 -307.27 -307.27 2 20 5
10.0859 -307.32 -307.32 2 20 5
10.0858 -307.37 -307.37 2 20 5
10.0859 -307.42 -307.42 2 20 5
10.0859 -307.47 -307.47 2 20 5
10.0859 -307.52 -307.52 2 20 5
10.0859 -307.57 -307.57 2 20 5
10.0859 -307.62 -307.62 2 20 5
10.0859 -307.67 -307.67 2 20 5
10.0859 -307.72 -307.72 2 20 5
10.0859 -307.77 -307.77 2 20 5
10.0859 -307.82 -307.82 2 20 5
10.0859 -307.87 -307.87 2 20 5
10.0859 -307.92 -307.92 2 20 5
10.0859 -307.97 -307.97 2 20 5
10.0859 -308.02 -308.02 2 20 5
10.0859 -308.07 -308.07 2 20 5
10.0858 -308.12 -308.12 2 20 5
10.0859 -308.17 -308.17 2 20 5
10.0859 -308.22 -308.22 2 20 5
10.0859 -308.27 -308.27 2 20 5
10.0859 -308.32 -308.32 2 20 5
10.0859 -308.37 -308.37 2 20 5
10.0859 -308.42 -308.42 2 20 5
10.0859 -308.47 -308.47 2 20 5
10.0859 -308.52 -308.52 2 20 5
10.0859 -308.57 -308.57 2 20 5
10.0859 -308.62 -308.62 2 20 5
10.0858 -308.67 -308.67 2 20 5
10.0859 -308.72 -308.72 2 20 5
10.0859 -308.77 -308.77 2 20 5
10.0859 -308.82 -308.82 2 20 5
10.0859 -308.87 -308.87 2 20 5
10.0859 -308.92 -308.92 2 20 5
10.0859 -308.97 -308.97 2 20 5
10.0859 -309.02 -309.02 2 20 5
10.0859 -309.07 -309.07 2 20 5
10.0859 -309.12 -309.12 2 20 5
10.0858 -309.17 -309.17 2 20 5
10.0859 -309.22 -309.22 2 20 5
10.0859 -309.27 -309.27 2 20 5
10.0859 -309.32 -309.32 2 20 5
10.0859 -309.37 -309.37 2 20 5
10.0859 -309.42 -309.42 2 20 5
10.0859 -309.47 -309.47 2 20 5
10.0859 -309.52 -309.52 2 20 5
10.0859 -309.57 -309.57 2 20 5
10.0858 -309.62 -309.62 2 20 5
10.0859 -309.67 -309.67 2 20 5
10.0859 -309.72 -309.72 2 20 5
10.0859 -309.77 -309.77 2 20 5
10.0859 -309.82 -309.82 2 20 5
10.0859 -309.87 -309.87 2 20 5
10.0859 -309.92 -309.92 2 20 5
10.0859 -309.97 -309.97 2 20 5
10.0859 -310.02 -310.02 2 20 5
10.0859 -310.07 -310.07 2 20 5
10.0859 -310.12 -310.12 2 20 5
10.0859 -310.17 -310.17 2 20 5
10.0859 -310.22 -310.22 2 20 5
10.0859 -310.27 -310.27 2 20 5
10.0858 -310.32 -310.32 2 20 5
10.0858 -310.37 -310.37 2 20 5
10.0859 -310.42 -310.42 2 20 5
10.0859 -310.47 -310.47 2 20 5
10.0859 -310.52 -310.52 2 20 5
10.0859 -310.57 -310.57 2 20 5
10.0859 -310.62 -310.62 2 20 5
10.0859 -310.67 -310.67 2 20 5
10.0858 -310.72 -310.72 2 20 5
10.0859 -310.77 -310.77 2 20 5
10.0859 -310.82 -310.82 2 20 5
10.0859 -310.87 -310.87 2 20 5
10.0859 -310.92 -310.92 2 20 5
10.0859 -310.97 -310.97 2 20 5
10.0859 -311.02 -311.02 2 20 5
10.0859 -311.07 -311.07 2 20 5
10.0859 -311.12 -311.12 2 20 5
10.0858 -311.17 -311.17 2 20 5
10.0858 -311.22 -311.22 2 20 5
10.0859 -311.27 -311.27 2 20 5
10.0859 -311.32 -311.32 2 20 5
10.0859 -311.37 -311.37 2 20 5
10.0859 -311.42 -311.42 2 20 5
10.0859 -311.47 -311.47 2 20 5
10.0859 -311.52 -311.52 2 20 5
10.0858 -311.57 -311.57 2 20 5
10.0859 -311.62 -311.62 2 20 5
10.0859 -311.67 -311.67 2 20 5
10.0859 -311.72 -311.72 2 20 5
10.0859 -311.77 -311.77 2 20 5
10.0859 -311.82 -311.82 2 20 5
10.0859 -311.87 -311.87 2 20 5
10.0859 -311.92 -311.92 2 20 5
10.0859 -311.97 -311.97 2 20 5
10.0859 -312.02 -312.02 2 20 5
10.0859 -312.07 -312.07 2 20 5
10.0859 -312.12 -312.12 2 20 5
10.0859 -312.17 -312.17 2 20 5
10.0859 -312.22 -312.22 2 20 5
10.0859 -312.27 -312.27 2 20 5
10.0859 -312.32 -312.32 2 20 5
10.086 -312.37 -312.37 2 20 5
10.0859 -312.42 -312.42 2 20 5
10.0859 -312.47 -312.47 2 20 5
10.0859 -312.52 -312.52 2 20 5
10.0866 -312.57 -312.57 2 20 5
10.0863 -312.62 -312.62 2 20 5
10.0859 -312.67 -312.67 2 20 5
10.0857 -312.72 -312.72 2 20 5
10.0857 -312.77 -312.77 2 20 5
10.0858 -312.82 -312.82 2 20 5
10.0859 -312.87 -312.87 2 20 5
10.0859 -312.92 -312.92 2 20 5
10.0859 -312.97 -312.97 2 20 5
10.0859 -313.02 -313.02 2 20 5
10.0859 -313.07 -313.07 2 20 5
10.0859 -313.12 -313.12 2 20 5
10.0858 -313.17 -313.17 2 20 5
10.0859 -313.22 -313.22 2 20 5
10.0859 -313.27 -313.27 2 20 5
10.0859 -313.32 -313.32 2 20 5
10.0859 -313.37 -313.37 2 20 5
10.0859 -313.42 -313.42 2 20 5
10.0859 -313.47 -313.47 2 20 5
10.0859 -313.52 -313.52 2 20 5
10.0859 -313.57 -313.57 2 20 5
10.0859 -313.62 -313.62 2 20 5
10.0859 -313.67 -313.67 2 20 5
10.0858 -313.72 -313.72 2 20 5
10.0859 -313.77 -313.77 2 20 5
10.0859 -313.82 -313.82 2 20 5
10.0859 -313.87 -313.87 2 20 5
10.0859 -313.92 -313.92 2 20 5
10.0859 -313.97 -313.97 2 20 5
10.0859 -314.02 -314.02 2 20 5
10.0859 -314.07 -314.07 2 20 5
10.0859 -314.12 -314.12 2 20 5
10.0858 -314.17 -314.17 2 20 5
10.0859 -314.22 -314.22 2 20 5
10.0859 -314.27 -314.27 2 20 5
10.0859 -314.32 -314.32 2 20 5
10.0859 -314.37 -314.37 2 20 5
10.0859 -314.42 -314.42 2 20 5
10.0859 -314.47 -314.47 2 20 5
10.0859 -314.52 -314.52 2 20 5
10.0859 -314.57 -314.57 2 20 5
10.0859 -314.62 -314.62 2 20 5
10.0858 -314.67 -314.67 2 20 5
10.0859 -314.72 -314.72 2 20 5
10.0859 -314.77 -314.77 2 20 5
10.0859 -314.82 -314.82 2 20 5
10.0859 -314.87 -314.87 2 20 5
10.0859 -314.92 -314.92 2 20 5
10.0859 -314.97 -314.97 2 20 5
10.0859 -315.02 -315.02 2 20 5
10.0859 -315.07 -315.07 2 20 5
10.0859 -315.12 -315.12 2 20 5
10.0859 -315.17 -315.17 2 20 5
10.0859 -315.22 -315.22 2 20 5
10.0859 -315.27 -315.27 2 20 5
10.0859 -315.32 -315.32 2 20 5
10.0858 -315.37 -315.37 2 20 5
10.0859 -315.42 -315.42 2 20 5
10.0859 -315.47 -315.47 2 20 5
10.0859 -315.52 -315.52 2 20 5
10.0859 -315.57 -315.57 2 20 5
10.0859 -315.62 -315.62 2 20 5
10.0859 -315.67 -315.67 2 20 5
10.0856 -315.72 -315.72 2 20 5
10.0858 -315.77 -315.77 2 20 5
10.0859 -315.82 -315.82 2 20 5
10.0859 -315.87 -315.87 2 20 5
10.0859 -315.92 -315.92 2 20 5
10.0859 -315.97 -315.97 2 20 5
10.0859 -316.02 -316.02 2 20 5
10.0859 -316.07 -316.07 2 20 5
10.0858 -316.12 -316.12 2 20 5
10.0858 -316.17 -316.17 2 20 5
10.0859 -316.22 -316.22 2 20 5
10.0859 -316.27 -316.27 2 20 5
10.0859 -316.32 -316.32 2 20 5
10.0859 -316.37 -316.37 2 20 5
10.0859 -316.42 -316.42 2 20 5
10.0859 -316.47 -316.47 2 20 5
10.0858 -316.52 -316.52 2 20 5
10.0859 -316.57 -316.57 2 20 5
10.0859 -316.62 -316.62 2 20 5
10.0859 -316.67 -316.67 2 20 5
10.0859 -316.72 -316.72 2 20 5
10.0859 -316.77 -316.77 2 20 5
10.0859 -316.82 -316.82 2 20 5
10.0859 -316.87 -316.87 2 20 5
10.0859 -316.92 -316.92 2 20 5
10.0859 -316.97 -316.97 2 20 5
10.0859 -317.02 -317.02 2 20 5
10.0859 -317.07 -317.07 2 20 5
10.0859 -317.12 -317.12 2 20 5
10.0859 -317.17 -317.17 2 20 5
10.0858 -317.22 -317.22 2 20 5
10.0858 -317.27 -317.27 2 20 5
10.0859 -317.32 -317.32 2 20 5
10.0859 -317.37 -317.37 2 20 5
10.0859 -317.42 -317.42 2 20 5
10.0859 -317.47 -317.47 2 20 5
10.0859 -317.52 -317.52 2 20 5
10.0859 -317.57 -317.57 2 20 5
10.0858 -317.62 -317.62 2 20 5
10.0859 -317.67 -317.67 2 20 5
10.0859 -317.72 -317.72 2 20 5
10.0859 -317.77 -317.77 2 20 5
10.0859 -317.82 -317.82 2 20 5
10.0859 -317.87 -317.87 2 20 5
10.0859 -317.92 -317.92 2 20 5
10.0859 -317.97 -317.97 2 20 5
10.0859 -318.02 -318.02 2 20 5
10.0859 -318.07 -318.07 2 20 5
10.0859 -318.12 -318.12 2 20 5
10.0859 -318.17 -318.17 2 20 5
10.0859 -318.22 -318.22 2 20 5
10.0859 -318.27 -318.27 2 20 5
10.0859 -318.32 -318.32 2 20 5
10.0859 -318.37 -318.37 2 20 5
10.0859 -318.42 -318.42 2 20 5
10.0859 -318.47 -318.47 2 20 5
10.0859 -318.52 -318.52 2 20 5
10.0859 -318.57 -318.57 2 20 5
10.0859 -318.62 -318.62 2 20 5
10.0859 -318.67 -318.67 2 20 5
10.0859 -318.72 -318.72 2 20 5
10.0858 -318.77 -318.77 2 20 5
10.0859 -318.82 -318.82 2 20 5
10.0859 -318.87 -318.87 2 20 5
10.0858 -318.92 -318.92 2 20 5
10.0859 -318.97 -318.97 2 20 5
10.0859 -319.02 -319.02 2 20 5
10.0859 -319.07 -319.07 2 20 5
10.0859 -319.12 -319.12 2 20 5
10.0859 -319.17 -319.17 2 20 5
10.0859 -319.22 -319.22 2 20 5
10.0858 -319.27 -319.27 2 20 5
10.0859 -319.32 -319.32 2 20 5
10.0859 -319.37 -319.37 2 20 5
10.0859 -319.42 -319.42 2 20 5
10.0859 -319.47 -319.47 2 20 5
10.0859 -319.52 -319.52 2 20 5
10.0859 -319.57 -319.57 2 20 5
10.0858 -319.62 -319.62 2 20 5
10.0859 -319.67 -319.67 2 20 5
10.0859 -319.72 -319.72 2 20 5
10.0859 -319.77 -319.77 2 20 5
10.0859 -319.82 -319.82 2 20 5
10.0859 -319.87 -319.87 2 20 5
10.0859 -319.92 -319.92 2 20 5
10.0858 -319.97 -319.97 2 20 5
10.0859 -320.02 -320.02 2 20 5
10.0859 -320.07 -320.07 2 20 5
10.0859 -320.12 -320.12 2 20 5
10.0859 -320.17 -320.17 2 20 5
10.0859 -320.22 -320.22 2 20 5
10.0859 -320.27 -320.27 2 20 5
10.0859 -320.32 -320.32 2 20 5
10.0859 -320.37 -320.37 2 20 5
10.0859 -320.42 -320.42 2 20 5
10.0859 -320.47 -320.47 2 20 5
10.0859 -320.52 -320.52 2 20 5
10.0859 -320.57 -320.57 2 20 5
10.0859 -320.62 -320.62 2 20 5
10.0859 -320.67 -320.67 2 20 5
10.0859 -320.72 -320.72 2 20 5
10.0859 -320.77 -320.77 2 20 5
10.0859 -320.82 -320.82 2 20 5
10.0859 -320.87 -320.87 2 20 5
10.0859 -320.92 -320.92 2 20 5
10.0859 -320.97 -320.97 2 20 5
10.0859 -321.02 -321.02 2 20 5
10.0859 -321.07 -321.07 2 20 5
10.0859 -321.12 -321.12 2 20 5
10.0859 -321.17 -321.17 2 20 5
10.0859 -321.22 -321.22 2 20 5
10.0859 -321.27 -321.27 2 20 5
10.0859 -321.32 -321.32 2 20 5
10.0859 -321.37 -321.37 2 20 5
10.0863 -321.42 -321.42 2 20 5
10.0861 -321.47 -321.47 2 20 5
10.0859 -321.52 -321.52 2 20 5
10.0858 -321.57 -321.57 2 20 5
10.0858 -321.62 -321.62 2 20 5
10.0858 -321.67 -321.67 2 20 5
10.0859 -321.72 -321.72 2 20 5
10.0859 -321.77 -321.77 2 20 5
10.0859 -321.82 -321.82 2 20 5
10.0859 -321.87 -321.87 2 20 5
10.0859 -321.92 -321.92 2 20 5
10.0859 -321.97 -321.97 2 20 5
10.0859 -322.02 -322.02 2 20 5
10.086 -322.07 -322.07 2 20 5
10.0859 -322.12 -322.12 2 20 5
10.0859 -322.17 -322.17 2 20 5
10.0859 -322.22 -322.22 2 20 5
10.0857 -322.27 -322.27 2 20 5
10.0858 -322.32 -322.32 2 20 5
10.0859 -322.37 -322.37 2 20 5
10.0859 -322.42 -322.42 2 20 5
10.0859 -322.47 -322.47 2 20 5
10.0859 -322.52 -322.52 2 20 5
10.0859 -322.57 -322.57 2 20 5
10.0859 -322.62 -322.62 2 20 5
10.0859 -322.67 -322.67 2 20 5
10.0859 -322.72 -322.72 2 20 5
10.0859 -322.77 -322.77 2 20 5
10.0859 -322.82 -322.82 2 20 5
10.0859 -322.87 -322.87 2 20 5
10.0859 -322.92 -322.92 2 20 5
10.0859 -322.97 -322.97 2 20 5
10.0859 -323.02 -323.02 2 20 5
10.0859 -323.07 -323.07 2 20 5
10.0859 -323.12 -323.12 2 20 5
10.0859 -323.17 -323.17 2 20 5
10.0859 -323.22 -323.22 2 20 5
10.0859 -323.27 -323.27 2 20 5
10.0859 -323.32 -323.32 2 20 5
10.0859 -323.37 -323.37 2 20 5
10.0859 -323.42 -323.42 2 20 5
10.0859 -323.47 -323.47 2 20 5
10.0858 -323.52 -323.52 2 20 5
10.0859 -323.57 -323.57 2 20 5
10.0859 -323.62 -323.62 2 20 5
10.0858 -323.67 -323.67 2 20 5
10.0859 -323.72 -323.72 2 20 5
10.0859 -323.77 -323.77 2 20 5
10.0859 -323.82 -323.82 2 20 5
10.0859 -323.87 -323.87 2 20 5
10.0859 -323.92 -323.92 2 20 5
10.0859 -323.97 -323.97 2 20 5
10.0859 -324.02 -324.02 2 20 5
10.0861 -324.07 -324.07 2 20 5
10.086 -324.12 -324.12 2 20 5
10.0859 -324.17 -324.17 2 20 5
10.0858 -324.22 -324.22 2 20 5
10.0858 -324.27 -324.27 2 20 5
10.0859 -324.32 -324.32 2 20 5
10.0859 -324.37 -324.37 2 20 5
10.0859 -324.42 -324.42 2 20 5
10.0859 -324.47 -324.47 2 20 5
10.0859 -324.52 -324.52 2 20 5
10.0859 -324.57 -324.57 2 20 5
10.0859 -324.62 -324.62 2 20 5
10.0859 -324.67 -324.67 2 20 5
10.0859 -324.72 -324.72 2 20 5
10.086 -324.77 -324.77 2 20 5
10.086 -324.82 -324.82 2 20 5
10.0859 -324.87 -324.87 2 20 5
10.0859 -324.92 -324.92 2 20 5
10.0859 -324.97 -324.97 2 20 5
10.0859 -325.02 -325.02 2 20 5
10.0859 -325.07 -325.07 2 20 5
10.0859 -325.12 -325.12 2 20 5
10.0858 -325.17 -325.17 2 20 5
10.0859 -325.22 -325.22 2 20 5
10.0859 -325.27 -325.27 2 20 5
10.0859 -325.32 -325.32 2 20 5
10.0859 -325.37 -325.37 2 20 5
10.0859 -325.42 -325.42 2 20 5
10.0859 -325.47 -325.47 2 20 5
10.0859 -325.52 -325.52 2 20 5
10.0857 -325.57 -325.57 2 20 5
10.0858 -325.62 -325.62 2 20 5
10.0859 -325.67 -325.67 2 20 5
10.0859 -325.72 -325.72 2 20 5
10.0859 -325.77 -325.77 2 20 5
10.0859 -325.82 -325.82 2 20 5
10.0859 -325.87 -325.87 2 20 5
10.0859 -325.92 -325.92 2 20 5
10.0858 -325.97 -325.97 2 20 5
10.0859 -326.02 -326.02 2 20 5
10.0859 -326.07 -326.07 2 20 5
10.0859 -326.12 -326.12 2 20 5
10.0859 -326.17 -326.17 2 20 5
10.0859 -326.22 -326.22 2 20 5
10.0859 -326.27 -326.27 2 20 5
10.0859 -326.32 -326.32 2 20 5
10.0859 -326.37 -326.37 2 20 5
10.0859 -326.42 -326.42 2 20 5
10.0859 -326.47 -326.47 2 20 5
10.0858 -326.52 -326.52 2 20 5
10.0859 -326.57 -326.57 2 20 5
10.0859 -326.62 -326.62 2 20 5
10.0859 -326.67 -326.67 2 20 5
10.0859 -326.72 -326.72 2 20 5
10.0859 -326.77 -326.77 2 20 5
10.0859 -326.82 -326.82 2 20 5
10.0859 -326.87 -326.87 2 20 5
10.0859 -326.92 -326.92 2 20 5
10.0862 -326.97 -326.97 2 20 5
10.0861 -327.02 -327.02 2 20 5
10.0859 -327.07 -327.07 2 20 5
10.0858 -327.12 -327.12 2 20 5
10.0858 -327.17 -327.17 2 20 5
10.0858 -327.22 -327.22 2 20 5
10.0859 -327.27 -327.27 2 20 5
10.0859 -327.32 -327.32 2 20 5
10.0859 -327.37 -327.37 2 20 5
10.0859 -327.42 -327.42 2 20 5
10.0859 -327.47 -327.47 2 20 5
10.0859 -327.52 -327.52 2 20 5
10.0858 -327.57 -327.57 2 20 5
10.0859 -327.62 -327.62 2 20 5
10.0858 -327.67 -327.67 2 20 5
10.0859 -327.72 -327.72 2 20 5
10.0859 -327.77 -327.77 2 20 5
10.0859 -327.82 -327.82 2 20 5
10.0859 -327.87 -327.87 2 20 5
10.0859 -327.92 -327.92 2 20 5
10.0859 -327.97 -327.97 2 20 5
10.0859 -328.02 -328.02 2 20 5
10.0857 -328.07 -328.07 2 20 5
10.0858 -328.12 -328.12 2 20 5
10.0859 -328.17 -328.17 2 20 5
10.0859 -328.22 -328.22 2 20 5
10.0859 -328.27 -328.27 2 20 5
10.0859 -328.32 -328.32 2 20 5
10.0859 -328.37 -328.37 2 20 5
10.0859 -328.42 -328.42 2 20 5
10.0858 -328.47 -328.47 2 20 5
10.0859 -328.52 -328.52 2 20 5
10.0859 -328.57 -328.57 2 20 5
10.0859 -328.62 -328.62 2 20 5
10.0859 -328.67 -328.67 2 20 5
10.0859 -328.72 -328.72 2 20 5
10.0859 -328.77 -328.77 2 20 5
10.0859 -328.82 -328.82 2 20 5
10.0859 -328.87 -328.87 2 20 5
10.0859 -328.92 -328.92 2 20 5
10.0859 -328.97 -328.97 2 20 5
10.0859 -329.02 -329.02 2 20 5
10.0859 -329.07 -329.07 2 20 5
10.0859 -329.12 -329.12 2 20 5
10.0859 -329.17 -329.17 2 20 5
10.0859 -329.22 -329.22 2 20 5
10.0859 -329.27 -329.27 2 20 5
10.0858 -329.32 -329.32 2 20 5
10.0858 -329.37 -329.37 2 20 5
10.0859 -329.42 -329.42 2 20 5
10.0859 -329.47 -329.47 2 20 5
10.0859 -329.52 -329.52 2 20 5
10.0859 -329.57 -329.57 2 20 5
10.0859 -329.62 -329.62 2 20 5
10.0859 -329.67 -329.67 2 20 5
10.0858 -329.72 -329.72 2 20 5
10.0859 -329.77 -329.77 2 20 5
10.0859 -329.82 -329.82 2 20 5
10.0859 -329.87 -329.87 2 20 5
10.0859 -329.92 -329.92 2 20 5
10.0859 -329.97 -329.97 2 20 5
10.0859 -330.02 -330.02 2 20 5
10.0859 -330.07 -330.07 2 20 5
10.0859 -330.12 -330.12 2 20 5
10.0859 -330.17 -330.17 2 20 5
10.0856 -330.22 -330.22 2 20 5
10.0857 -330.27 -330.27 2 20 5
10.0859 -330.32 -330.32 2 20 5
10.086 -330.37 -330.37 2 20 5
10.086 -330.42 -330.42 2 20 5
10.0859 -330.47 -330.47 2 20 5
10.0859 -330.52 -330.52 2 20 5
10.0859 -330.57 -330.57 2 20 5
10.0861 -330.62 -330.62 2 20 5
10.086 -330.67 -330.67 2 20 5
10.0859 -330.72 -330.72 2 20 5
10.0858 -330.77 -330.77 2 20 5
10.0858 -330.82 -330.82 2 20 5
10.0859 -330.87 -330.87 2 20 5
10.0859 -330.92 -330.92 2 20 5
10.0859 -330.97 -330.97 2 20 5
10.0859 -331.02 -331.02 2 20 5
10.0859 -331.07 -331.07 2 20 5
10.0859 -331.12 -331.12 2 20 5
10.0859 -331.17 -331.17 2 20 5
10.0859 -331.22 -331.22 2 20 5
10.0858 -331.27 -331.27 2 20 5
10.0859 -331.32 -331.32 2 20 5
10.0859 -331.37 -331.37 2 20 5
10.0859 -331.42 -331.42 2 20 5
10.0859 -331.47 -331.47 2 20 5
10.0859 -331.52 -331.52 2 20 5
10.0859 -331.57 -331.57 2 20 5
10.0858 -331.62 -331.62 2 20 5
10.0859 -331.67 -331.67 2 20 5
10.0859 -331.72 -331.72 2 20 5
10.0859 -331.77 -331.77 2 20 5
10.0859 -331.82 -331.82 2 20 5
10.0859 -331.87 -331.87 2 20 5
10.0859 -331.92 -331.92 2 20 5
10.0859 -331.97 -331.97 2 20 5
10.0859 -332.02 -332.02 2 20 5
10.0858 -332.07 -332.07 2 20 5
10.0859 -332.12 -332.12 2 20 5
10.0859 -332.17 -332.17 2 20 5
10.0859 -332.22 -332.22 2 20 5
10.0859 -332.27 -332.27 2 20 5
10.0859 -332.32 -332.32 2 20 5
10.0858 -332.37 -332.37 2 20 5
10.0859 -332.42 -332.42 2 20 5
10.0859 -332.47 -332.47 2 20 5
10.0859 -332.52 -332.52 2 20 5
10.0859 -332.57 -332.57 2 20 5
10.0859 -332.62 -332.62 2 20 5
10.0859 -332.67 -332.67 2 20 5
10.0858 -332.72 -332.72 2 20 5
10.0859 -332.77 -332.77 2 20 5
10.0859 -332.82 -332.82 2 20 5
10.0859 -332.87 -332.87 2 20 5
10.0859 -332.92 -332.92 2 20 5
10.0859 -332.97 -332.97 2 20 5
10.0859 -333.02 -333.02 2 20 5
10.0859 -333.07 -333.07 2 20 5
10.0859 -333.12 -333.12 2 20 5
10.0859 -333.17 -333.17 2 20 5
10.0859 -333.22 -333.22 2 20 5
10.0858 -333.27 -333.27 2 20 5
10.0859 -333.32 -333.32 2 20 5
10.0859 -333.37 -333.37 2 20 5
10.0859 -333.42 -333.42 2 20 5
10.0859 -333.47 -333.47 2 20 5
10.0859 -333.52 -333.52 2 20 5
10.0859 -333.57 -333.57 2 20 5
10.0859 -333.62 -333.62 2 20 5
10.0859 -333.67 -333.67 2 20 5
10.0859 -333.72 -333.72 2 20 5
10.0859 -333.77 -333.77 2 20 5
10.0858 -333.82 -333.82 2 20 5
10.0859 -333.87 -333.87 2 20 5
10.0859 -333.92 -333.92 2 20 5
10.0859 -333.97 -333.97 2 20 5
10.0859 -334.02 -334.02 2 20 5
10.0859 -334.07 -334.07 2 20 5
10.0859 -334.12 -334.12 2 20 5
10.0859 -334.17 -334.17 2 20 5
10.086 -334.22 -334.22 2 20 5
10.086 -334.27 -334.27 2 20 5
10.0859 -334.32 -334.32 2 20 5
10.0859 -334.37 -334.37 2 20 5
10.086 -334.42 -334.42 2 20 5
10.0859 -334.47 -334.47 2 20 5
10.0859 -334.52 -334.52 2 20 5
10.0859 -334.57 -334.57 2 20 5
10.0847 -334.62 -334.62 2 20 5
10.0853 -334.67 -334.67 2 20 5
10.0859 -334.72 -334.72 2 20 5
10.0862 -334.77 -334.77 2 20 5
10.0862 -334.82 -334.82 2 20 5
10.086 -334.87 -334.87 2 20 5
10.0859 -334.92 -334.92 2 20 5
10.0858 -334.97 -334.97 2 20 5
10.0858 -335.02 -335.02 2 20 5
10.0859 -335.07 -335.07 2 20 5
10.0858 -335.12 -335.12 2 20 5
10.0859 -335.17 -335.17 2 20 5
10.0859 -335.22 -335.22 2 20 5
10.0859 -335.27 -335.27 2 20 5
10.0859 -335.32 -335.32 2 20 5
10.0859 -335.37 -335.37 2 20 5
10.0859 -335.42 -335.42 2 20 5
10.0859 -335.47 -335.47 2 20 5
10.086 -335.52 -335.52 2 20 5
10.086 -335.57 -335.57 2 20 5
10.0859 -335.62 -335.62 2 20 5
10.0859 -335.67 -335.67 2 20 5
10.086 -335.72 -335.72 2 20 5
10.086 -335.77 -335.77 2 20 5
10.0859 -335.82 -335.82 2 20 5
10.0858 -335.87 -335.87 2 20 5
10.0859 -335.92 -335.92 2 20 5
10.0858 -335.97 -335.97 2 20 5
10.0859 -336.02 -336.02 2 20 5
10.0859 -336.07 -336.07 2 20 5
10.0859 -336.12 -336.12 2 20 5
10.0859 -336.17 -336.17 2 20 5
10.0859 -336.22 -336.22 2 20 5
10.0858 -336.27 -336.27 2 20 5
10.0859 -336.32 -336.32 2 20 5
10.0859 -336.37 -336.37 2 20 5
10.0859 -336.42 -336.42 2 20 5
10.0859 -336.47 -336.47 2 20 5
10.0859 -336.52 -336.52 2 20 5
10.0859 -336.57 -336.57 2 20 5
10.0859 -336.62 -336.62 2 20 5
10.0859 -336.67 -336.67 2 20 5
10.0859 -336.72 -336.72 2 20 5
10.0858 -336.77 -336.77 2 20 5
10.0859 -336.82 -336.82 2 20 5
10.0859 -336.87 -336.87 2 20 5
10.0859 -336.92 -336.92 2 20 5
10.0859 -336.97 -336.97 2 20 5
10.0859 -337.02 -337.02 2 20 5
10.0858 -337.07 -337.07 2 20 5
10.0859 -337.12 -337.12 2 20 5
10.0859 -337.17 -337.17 2 20 5
10.0859 -337.22 -337.22 2 20 5
10.0859 -337.27 -337.27 2 20 5
10.0859 -337.32 -337.32 2 20 5
10.0859 -337.37 -337.37 2 20 5
10.0859 -337.42 -337.42 2 20 5
10.086 -337.47 -337.47 2 20 5
10.086 -337.52 -337.52 2 20 5
10.0859 -337.57 -337.57 2 20 5
10.0858 -337.62 -337.62 2 20 5
10.0859 -337.67 -337.67 2 20 5
10.0859 -337.72 -337.72 2 20 5
10.0859 -337.77 -337.77 2 20 5
10.0859 -337.82 -337.82 2 20 5
10.0859 -337.87 -337.87 2 20 5
10.0858 -337.92 -337.92 2 20 5
10.0858 -337.97 -337.97 2 20 5
10.0859 -338.02 -338.02 2 20 5
10.0859 -338.07 -338.07 2 20 5
10.0859 -338.12 -338.12 2 20 5
10.0859 -338.17 -338.17 2 20 5
10.0859 -338.22 -338.22 2 20 5
10.0859 -338.27 -338.27 2 20 5
10.0858 -338.32 -338.32 2 20 5
10.0859 -338.37 -338.37 2 20 5
10.0858 -338.42 -338.42 2 20 5
10.0859 -338.47 -338.47 2 20 5
10.0859 -338.52 -338.52 2 20 5
10.0859 -338.57 -338.57 2 20 5
10.0859 -338.62 -338.62 2 20 5
10.0859 -338.67 -338.67 2 20 5
10.0859 -338.72 -338.72 2 20 5
10.0859 -338.77 -338.77 2 20 5
10.0858 -338.82 -338.82 2 20 5
10.0859 -338.87 -338.87 2 20 5
10.0859 -338.92 -338.92 2 20 5
10.0859 -338.97 -338.97 2 20 5
10.0859 -339.02 -339.02 2 20 5
10.0859 -339.07 -339.07 2 20 5
10.0859 -339.12 -339.12 2 20 5
10.0858 -339.17 -339.17 2 20 5
10.0859 -339.22 -339.22 2 20 5
10.0858 -339.27 -339.27 2 20 5
10.0859 -339.32 -339.32 2 20 5
10.0859 -339.37 -339.37 2 20 5
10.0859 -339.42 -339.42 2 20 5
10.0859 -339.47 -339.47 2 20 5
10.0859 -339.52 -339.52 2 20 5
10.0859 -339.57 -339.57 2 20 5
10.0859 -339.62 -339.62 2 20 5
10.0857 -339.67 -339.67 2 20 5
10.0858 -339.72 -339.72 2 20 5
10.0859 -339.77 -339.77 2 20 5
10.0859 -339.82 -339.82 2 20 5
10.0859 -339.87 -339.87 2 20 5
10.0859 -339.92 -339.92 2 20 5
10.0859 -339.97 -339.97 2 20 5
10.0859 -340.02 -340.02 2 20 5
10.0858 -340.07 -340.07 2 20 5
10.0859 -340.12 -340.12 2 20 5
10.0859 -340.17 -340.17 2 20 5
10.0859 -340.22 -340.22 2 20 5
10.0859 -340.27 -340.27 2 20 5
10.0859 -340.32 -340.32 2 20 5
10.0859 -340.37 -340.37 2 20 5
10.0859 -340.42 -340.42 2 20 5
10.0859 -340.47 -340.47 2 20 5
10.0859 -340.52 -340.52 2 20 5
10.0858 -340.57 -340.57 2 20 5
10.0859 -340.62 -340.62 2 20 5
10.0859 -340.67 -340.67 2 20 5
10.0859 -340.72 -340.72 2 20 5
10.0859 -340.77 -340.77 2 20 5
10.0859 -340.82 -340.82 2 20 5
10.0859 -340.87 -340.87 2 20 5
10.0859 -340.92 -340.92 2 20 5
10.0847 -340.97 -340.97 2 20 5
10.0853 -341.02 -341.02 2 20 5
10.0859 -341.07 -341.07 2 20 5
10.0862 -341.12 -341.12 2 20 5
10.0862 -341.17 -341.17 2 20 5
10.086 -341.22 -341.22 2 20 5
10.0859 -341.27 -341.27 2 20 5
10.0858 -341.32 -341.32 2 20 5
10.0858 -341.37 -341.37 2 20 5
10.0859 -341.42 -341.42 2 20 5
10.0859 -341.47 -341.47 2 20 5
10.0859 -341.52 -341.52 2 20 5
10.0859 -341.57 -341.57 2 20 5
10.0859 -341.62 -341.62 2 20 5
10.0859 -341.67 -341.67 2 20 5
10.0859 -341.72 -341.72 2 20 5
10.0859 -341.77 -341.77 2 20 5
10.0859 -341.82 -341.82 2 20 5
10.0859 -341.87 -341.87 2 20 5
10.0859 -341.92 -341.92 2 20 5
10.0858 -341.97 -341.97 2 20 5
10.086 -342.02 -342.02 2 20 5
10.0859 -342.07 -342.07 2 20 5
10.0859 -342.12 -342.12 2 20 5
10.0859 -342.17 -342.17 2 20 5
10.0858 -342.22 -342.22 2 20 5
10.0859 -342.27 -342.27 2 20 5
10.0859 -342.32 -342.32 2 20 5
10.0859 -342.37 -342.37 2 20 5
10.0859 -342.42 -342.42 2 20 5
10.0859 -342.47 -342.47 2 20 5
10.0858 -342.52 -342.52 2 20 5
10.0859 -342.57 -342.57 2 20 5
10.0859 -342.62 -342.62 2 20 5
10.0859 -342.67 -342.67 2 20 5
10.0859 -342.72 -342.72 2 20 5
10.0859 -342.77 -342.77 2 20 5
10.0859 -342.82 -342.82 2 20 5
10.0859 -342.87 -342.87 2 20 5
10.0858 -342.92 -342.92 2 20 5
10.0859 -342.97 -342.97 2 20 5
10.0859 -343.02 -343.02 2 20 5
10.0859 -343.07 -343.07 2 20 5
10.0859 -343.12 -343.12 2 20 5
10.0859 -343.17 -343.17 2 20 5
10.0859 -343.22 -343.22 2 20 5
10.0859 -343.27 -343.27 2 20 5
10.0859 -343.32 -343.32 2 20 5
10.0858 -343.37 -343.37 2 20 5
10.0859 -343.42 -343.42 2 20 5
10.0859 -343.47 -343.47 2 20 5
10.0859 -343.52 -343.52 2 20 5
10.0859 -343.57 -343.57 2 20 5
10.0859 -343.62 -343.62 2 20 5
10.0859 -343.67 -343.67 2 20 5
10.0859 -343.72 -343.72 2 20 5
10.0858 -343.77 -343.77 2 20 5
10.0859 -343.82 -343.82 2 20 5
10.0859 -343.87 -343.87 2 20 5
10.0859 -343.92 -343.92 2 20 5
10.0859 -343.97 -343.97 2 20 5
10.0859 -344.02 -344.02 2 20 5
10.0859 -344.07 -344.07 2 20 5
10.0859 -344.12 -344.12 2 20 5
10.0858 -344.17 -344.17 2 20 5
10.0858 -344.22 -344.22 2 20 5
10.0861 -344.27 -344.27 2 20 5
10.086 -344.32 -344.32 2 20 5
10.0859 -344.37 -344.37 2 20 5
10.0858 -344.42 -344.42 2 20 5
10.0859 -344.47 -344.47 2 20 5
10.0859 -344.52 -344.52 2 20 5
10.0858 -344.57 -344.57 2 20 5
10.0859 -344.62 -344.62 2 20 5
10.0859 -344.67 -344.67 2 20 5
10.0859 -344.72 -344.72 2 20 5
10.0859 -344.77 -344.77 2 20 5
10.0859 -344.82 -344.82 2 20 5
10.0859 -344.87 -344.87 2 20 5
10.0859 -344.92 -344.92 2 20 5
10.0859 -344.97 -344.97 2 20 5
10.0859 -345.02 -345.02 2 20 5
10.0859 -345.07 -345.07 2 20 5
10.0858 -345.12 -345.12 2 20 5
10.0859 -345.17 -345.17 2 20 5
10.0859 -345.22 -345.22 2 20 5
10.0859 -345.27 -345.27 2 20 5
10.0859 -345.32 -345.32 2 20 5
10.0859 -345.37 -345.37 2 20 5
10.0859 -345.42 -345.42 2 20 5
10.0859 -345.47 -345.47 2 20 5
10.0862 -345.52 -345.52 2 20 5
10.086 -345.57 -345.57 2 20 5
10.0859 -345.62 -345.62 2 20 5
10.0858 -345.67 -345.67 2 20 5
10.0858 -345.72 -345.72 2 20 5
10.0859 -345.77 -345.77 2 20 5
10.0859 -345.82 -345.82 2 20 5
10.0859 -345.87 -345.87 2 20 5
10.0859 -345.92 -345.92 2 20 5
10.0859 -345.97 -345.97 2 20 5
10.0859 -346.02 -346.02 2 20 5
10.0859 -346.07 -346.07 2 20 5
10.0859 -346.12 -346.12 2 20 5
10.0859 -346.17 -346.17 2 20 5
10.0859 -346.22 -346.22 2 20 5
10.0859 -346.27 -346.27 2 20 5
10.0859 -346.32 -346.32 2 20 5
10.0859 -346.37 -346.37 2 20 5
10.0859 -346.42 -346.42 2 20 5
10.0859 -346.47 -346.47 2 20 5
10.0859 -346.52 -346.52 2 20 5
10.0859 -346.57 -346.57 2 20 5
10.0858 -346.62 -346.62 2 20 5
10.0859 -346.67 -346.67 2 20 5
10.0858 -346.72 -346.72 2 20 5
10.0859 -346.77 -346.77 2 20 5
10.0859 -346.82 -346.82 2 20 5
10.0859 -346.87 -346.87 2 20 5
10.0859 -346.92 -346.92 2 20 5
10.0859 -346.97 -346.97 2 20 5
10.0858 -347.02 -347.02 2 20 5
10.086 -347.07 -347.07 2 20 5
10.0859 -347.12 -347.12 2 20 5
10.0859 -347.17 -347.17 2 20 5
10.0859 -347.22 -347.22 2 20 5
10.0858 -347.27 -347.27 2 20 5
10.086 -347.32 -347.32 2 20 5
10.0859 -347.37 -347.37 2 20 5
10.0859 -347.42 -347.42 2 20 5
10.0859 -347.47 -347.47 2 20 5
10.0858 -347.52 -347.52 2 20 5
10.0859 -347.57 -347.57 2 20 5
10.0858 -347.62 -347.62 2 20 5
10.0859 -347.67 -347.67 2 20 5
10.0859 -347.72 -347.72 2 20 5
10.0859 -347.77 -347.77 2 20 5
10.0859 -347.82 -347.82 2 20 5
10.0859 -347.87 -347.87 2 20 5
10.0859 -347.92 -347.92 2 20 5
10.0859 -347.97 -347.97 2 20 5
10.0859 -348.02 -348.02 2 20 5
10.0859 -348.07 -348.07 2 20 5
10.0858 -348.12 -348.12 2 20 5
10.0859 -348.17 -348.17 2 20 5
10.0859 -348.22 -348.22 2 20 5
10.0859 -348.27 -348.27 2 20 5
10.0859 -348.32 -348.32 2 20 5
10.0859 -348.37 -348.37 2 20 5
10.0859 -348.42 -348.42 2 20 5
10.0859 -348.47 -348.47 2 20 5
10.0858 -348.52 -348.52 2 20 5
10.0859 -348.57 -348.57 2 20 5
10.0858 -348.62 -348.62 2 20 5
10.0859 -348.67 -348.67 2 20 5
10.0859 -348.72 -348.72 2 20 5
10.0859 -348.77 -348.77 2 20 5
10.0859 -348.82 -348.82 2 20 5
10.0859 -348.87 -348.87 2 20 5
10.0859 -348.92 -348.92 2 20 5
10.0859 -348.97 -348.97 2 20 5
10.0858 -349.02 -349.02 2 20 5
10.0859 -349.07 -349.07 2 20 5
10.0859 -349.12 -349.12 2 20 5
10.0859 -349.17 -349.17 2 20 5
10.0859 -349.22 -349.22 2 20 5
10.0859 -349.27 -349.27 2 20 5
10.0859 -349.32 -349.32 2 20 5
10.0859 -349.37 -349.37 2 20 5
10.0858 -349.42 -349.42 2 20 5
10.0859 -349.47 -349.47 2 20 5
10.0859 -349.52 -349.52 2 20 5
10.0859 -349.57 -349.57 2 20 5
10.0859 -349.62 -349.62 2 20 5
10.0859 -349.67 -349.67 2 20 5
10.0858 -349.72 -349.72 2 20 5
10.0858 -349.77 -349.77 2 20 5
10.0866 -349.82 -349.82 2 20 5
10.0863 -349.87 -349.87 2 20 5
10.0859 -349.92 -349.92 2 20 5
10.0857 -349.97 -349.97 2 20 5
10.0857 -350.02 -350.02 2 20 5
10.0858 -350.07 -350.07 2 20 5
10.0859 -350.12 -350.12 2 20 5
10.0859 -350.17 -350.17 2 20 5
10.0859 -350.22 -350.22 2 20 5
10.0859 -350.27 -350.27 2 20 5
10.0859 -350.32 -350.32 2 20 5
10.0859 -350.37 -350.37 2 20 5
10.0858 -350.42 -350.42 2 20 5
10.0864 -350.47 -350.47 2 20 5
10.0862 -350.52 -350.52 2 20 5
10.0859 -350.57 -350.57 2 20 5
10.0857 -350.62 -350.62 2 20 5
10.0857 -350.67 -350.67 2 20 5
10.0858 -350.72 -350.72 2 20 5
10.0859 -350.77 -350.77 2 20 5
10.0859 -350.82 -350.82 2 20 5
10.0859 -350.87 -350.87 2 20 5
10.0859 -350.92 -350.92 2 20 5
10.0859 -350.97 -350.97 2 20 5
10.0859 -351.02 -351.02 2 20 5
10.0858 -351.07 -351.07 2 20 5
10.086 -351.12 -351.12 2 20 5
10.0859 -351.17 -351.17 2 20 5
10.0859 -351.22 -351.22 2 20 5
10.0859 -351.27 -351.27 2 20 5
10.0858 -351.32 -351.32 2 20 5
10.0859 -351.37 -351.37 2 20 5
10.0859 -351.42 -351.42 2 20 5
10.0859 -351.47 -351.47 2 20 5
10.0859 -351.52 -351.52 2 20 5
10.0859 -351.57 -351.57 2 20 5
10.0858 -351.62 -351.62 2 20 5
10.086 -351.67 -351.67 2 20 5
10.086 -351.72 -351.72 2 20 5
10.0859 -351.77 -351.77 2 20 5
10.0858 -351.82 -351.82 2 20 5
10.0861 -351.87 -351.87 2 20 5
10.086 -351.92 -351.92 2 20 5
10.0859 -351.97 -351.97 2 20 5
10.0858 -352.02 -352.02 2 20 5
10.0859 -352.07 -352.07 2 20 5
10.0859 -352.12 -352.12 2 20 5
10.0859 -352.17 -352.17 2 20 5
10.0859 -352.22 -352.22 2 20 5
10.0858 -352.27 -352.27 2 20 5
10.0859 -352.32 -352.32 2 20 5
10.0859 -352.37 -352.37 2 20 5
10.0859 -352.42 -352.42 2 20 5
10.0859 -352.47 -352.47 2 20 5
10.0859 -352.52 -352.52 2 20 5
10.0859 -352.57 -352.57 2 20 5
10.0859 -352.62 -352.62 2 20 5
10.0858 -352.67 -352.67 2 20 5
10.086 -352.72 -352.72 2 20 5
10.086 -352.77 -352.77 2 20 5
10.0859 -352.82 -352.82 2 20 5
10.0859 -352.87 -352.87 2 20 5
10.0858 -352.92 -352.92 2 20 5
10.0859 -352.97 -352.97 2 20 5
10.0859 -353.02 -353.02 2 20 5
10.0859 -353.07 -353.07 2 20 5
10.0859 -353.12 -353.12 2 20 5
10.0859 -353.17 -353.17 2 20 5
10.0859 -353.22 -353.22 2 20 5
10.0859 -353.27 -353.27 2 20 5
10.0859 -353.32 -353.32 2 20 5
10.0858 -353.37 -353.37 2 20 5
10.086 -353.42 -353.42 2 20 5
10.086 -353.47 -353.47 2 20 5
10.0859 -353.52 -353.52 2 20 5
10.0859 -353.57 -353.57 2 20 5
10.0858 -353.62 -353.62 2 20 5
10.0859 -353.67 -353.67 2 20 5
10.0859 -353.72 -353.72 2 20 5
10.0859 -353.77 -353.77 2 20 5
10.0858 -353.82 -353.82 2 20 5
10.0859 -353.87 -353.87 2 20 5
10.0859 -353.92 -353.92 2 20 5
10.0859 -353.97 -353.97 2 20 5
10.0859 -354.02 -354.02 2 20 5
10.0859 -354.07 -354.07 2 20 5
10.0859 -354.12 -354.12 2 20 5
10.0855 -354.17 -354.17 2 20 5
10.0857 -354.22 -354.22 2 20 5
10.0859 -354.27 -354.27 2 20 5
10.086 -354.32 -354.32 2 20 5
10.086 -354.37 -354.37 2 20 5
10.0859 -354.42 -354.42 2 20 5
10.0859 -354.47 -354.47 2 20 5
10.0858 -354.52 -354.52 2 20 5
10.0842 -354.57 -354.57 2 20 5
10.085 -354.62 -354.62 2 20 5
10.0859 -354.67 -354.67 2 20 5
10.0863 -354.72 -354.72 2 20 5
10.0863 -354.77 -354.77 2 20 5
10.0861 -354.82 -354.82 2 20 5
10.0859 -354.87 -354.87 2 20 5
10.0858 -354.92 -354.92 2 20 5
10.0858 -354.97 -354.97 2 20 5
10.0858 -355.02 -355.02 2 20 5
10.0866 -355.07 -355.07 2 20 5
10.0863 -355.12 -355.12 2 20 5
10.0859 -355.17 -355.17 2 20 5
10.0857 -355.22 -355.22 2 20 5
10.0857 -355.27 -355.27 2 20 5
10.0858 -355.32 -355.32 2 20 5
10.0859 -355.37 -355.37 2 20 5
10.0859 -355.42 -355.42 2 20 5
10.0859 -355.47 -355.47 2 20 5
10.0859 -355.52 -355.52 2 20 5
10.0859 -355.57 -355.57 2 20 5
10.0859 -355.62 -355.62 2 20 5
10.0871 -355.67 -355.67 2 20 5
10.0871 -355.72 -355.72 2 20 5
10.0865 -355.77 -355.77 2 20 5
10.0859 -355.82 -355.82 2 20 5
10.0856 -355.87 -355.87 2 20 5
10.0856 -355.92 -355.92 2 20 5
10.0857 -355.97 -355.97 2 20 5
10.0859 -356.02 -356.02 2 20 5
10.086 -356.07 -356.07 2 20 5
10.086 -356.12 -356.12 2 20 5
10.0859 -356.17 -356.17 2 20 5
10.0859 -356.22 -356.22 2 20 5
10.0859 -356.27 -356.27 2 20 5
10.0858 -356.32 -356.32 2 20 5
10.0859 -356.37 -356.37 2 20 5
10.0859 -356.42 -356.42 2 20 5
10.0859 -356.47 -356.47 2 20 5
10.0859 -356.52 -356.52 2 20 5
10.0859 -356.57 -356.57 2 20 5
10.0859 -356.62 -356.62 2 20 5
10.0859 -356.67 -356.67 2 20 5
10.0859 -356.72 -356.72 2 20 5
10.0859 -356.77 -356.77 2 20 5
10.0858 -356.82 -356.82 2 20 5
10.0859 -356.87 -356.87 2 20 5
10.0858 -356.92 -356.92 2 20 5
10.0859 -356.97 -356.97 2 20 5
10.0859 -357.02 -357.02 2 20 5
10.0859 -357.07 -357.07 2 20 5
10.0859 -357.12 -357.12 2 20 5
10.0859 -357.17 -357.17 2 20 5
10.0859 -357.22 -357.22 2 20 5
10.0859 -357.27 -357.27 2 20 5
10.0858 -357.32 -357.32 2 20 5
10.086 -357.37 -357.37 2 20 5
10.0859 -357.42 -357.42 2 20 5
10.0859 -357.47 -357.47 2 20 5
10.0859 -357.52 -357.52 2 20 5
10.0858 -357.57 -357.57 2 20 5
10.0859 -357.62 -357.62 2 20 5
10.0859 -357.67 -357.67 2 20 5
10.0859 -357.72 -357.72 2 20 5
10.0859 -357.77 -357.77 2 20 5
10.0859 -357.82 -357.82 2 20 5
10.0857 -357.87 -357.87 2 20 5
10.0858 -357.92 -357.92 2 20 5
10.0859 -357.97 -357.97 2 20 5
10.0859 -358.02 -358.02 2 20 5
10.0859 -358.07 -358.07 2 20 5
10.0859 -358.12 -358.12 2 20 5
10.0859 -358.17 -358.17 2 20 5
10.0859 -358.22 -358.22 2 20 5
10.0858 -358.27 -358.27 2 20 5
10.0859 -358.32 -358.32 2 20 5
10.0859 -358.37 -358.37 2 20 5
10.0859 -358.42 -358.42 2 20 5
10.0859 -358.47 -358.47 2 20 5
10.0859 -358.52 -358.52 2 20 5
10.0859 -358.57 -358.57 2 20 5
10.0859 -358.62 -358.62 2 20 5
10.0859 -358.67 -358.67 2 20 5
10.0858 -358.72 -358.72 2 20 5
10.0859 -358.77 -358.77 2 20 5
10.0859 -358.82 -358.82 2 20 5
10.0859 -358.87 -358.87 2 20 5
10.0859 -358.92 -358.92 2 20 5
10.0859 -358.97 -358.97 2 20 5
10.0858 -359.02 -359.02 2 20 5
10.0859 -359.07 -359.07 2 20 5
10.0859 -359.12 -359.12 2 20 5
10.0859 -359.17 -359.17 2 20 5
10.0859 -359.22 -359.22 2 20 5
10.0859 -359.27 -359.27 2 20 5
10.0859 -359.32 -359.32 2 20 5
10.0859 -359.37 -359.37 2 20 5
10.0858 -359.42 -359.42 2 20 5
10.0859 -359.47 -359.47 2 20 5
10.0859 -359.52 -359.52 2 20 5
10.0859 -359.57 -359.57 2 20 5
10.0859 -359.62 -359.62 2 20 5
10.0859 -359.67 -359.67 2 20 5
10.0859 -359.72 -359.72 2 20 5
10.0859 -359.77 -359.77 2 20 5
10.0859 -359.82 -359.82 2 20 5
10.0859 -359.87 -359.87 2 20 5
10.0858 -359.92 -359.92 2 20 5
10.0859 -359.97 -359.97 2 20 5
10.0859 -360.02 -360.02 2 20 5
10.0859 -360.07 -360.07 2 20 5
10.0859 -360.12 -360.12 2 20 5
10.0859 -360.17 -360.17 2 20 5
10.0859 -360.22 -360.22 2 20 5
10.0859 -360.27 -360.27 2 20 5
10.0858 -360.32 -360.32 2 20 5
10.0864 -360.37 -360.37 2 20 5
10.0862 -360.42 -360.42 2 20 5
10.0859 -360.47 -360.47 2 20 5
10.0858 -360.52 -360.52 2 20 5
10.0858 -360.57 -360.57 2 20 5
10.0858 -360.62 -360.62 2 20 5
10.0859 -360.67 -360.67 2 20 5
10.0859 -360.72 -360.72 2 20 5
10.0859 -360.77 -360.77 2 20 5
10.0859 -360.82 -360.82 2 20 5
10.0859 -360.87 -360.87 2 20 5
10.0859 -360.92 -360.92 2 20 5
10.0858 -360.97 -360.97 2 20 5
10.0859 -361.02 -361.02 2 20 5
10.0858 -361.07 -361.07 2 20 5
10.0866 -361.12 -361.12 2 20 5
10.0863 -361.17 -361.17 2 20 5
10.0859 -361.22 -361.22 2 20 5
10.0857 -361.27 -361.27 2 20 5
10.0857 -361.32 -361.32 2 20 5
10.0858 -361.37 -361.37 2 20 5
10.0859 -361.42 -361.42 2 20 5
10.0859 -361.47 -361.47 2 20 5
10.0859 -361.52 -361.52 2 20 5
10.0859 -361.57 -361.57 2 20 5
10.0859 -361.62 -361.62 2 20 5
10.0859 -361.67 -361.67 2 20 5
10.0874 -361.72 -361.72 2 20 5
10.0875 -361.77 -361.77 2 20 5
10.0867 -361.82 -361.82 2 20 5
10.0859 -361.87 -361.87 2 20 5
10.0855 -361.92 -361.92 2 20 5
10.0855 -361.97 -361.97 2 20 5
10.0857 -362.02 -362.02 2 20 5
10.0859 -362.07 -362.07 2 20 5
10.086 -362.12 -362.12 2 20 5
10.086 -362.17 -362.17 2 20 5
10.0859 -362.22 -362.22 2 20 5
10.0859 -362.27 -362.27 2 20 5
10.0859 -362.32 -362.32 2 20 5
10.0858 -362.37 -362.37 2 20 5
10.0859 -362.42 -362.42 2 20 5
10.0859 -362.47 -362.47 2 20 5
10.0859 -362.52 -362.52 2 20 5
10.0858 -362.57 -362.57 2 20 5
10.0859 -362.62 -362.62 2 20 5
10.0859 -362.67 -362.67 2 20 5
10.0859 -362.72 -362.72 2 20 5
10.0859 -362.77 -362.77 2 20 5
10.0859 -362.82 -362.82 2 20 5
10.0859 -362.87 -362.87 2 20 5
10.0859 -362.92 -362.92 2 20 5
10.0857 -362.97 -362.97 2 20 5
10.0858 -363.02 -363.02 2 20 5
10.086 -363.07 -363.07 2 20 5
10.086 -363.12 -363.12 2 20 5
10.0859 -363.17 -363.17 2 20 5
10.0859 -363.22 -363.22 2 20 5
10.0859 -363.27 -363.27 2 20 5
10.0858 -363.32 -363.32 2 20 5
10.0859 -363.37 -363.37 2 20 5
10.0859 -363.42 -363.42 2 20 5
10.0859 -363.47 -363.47 2 20 5
10.0859 -363.52 -363.52 2 20 5
10.0859 -363.57 -363.57 2 20 5
10.0858 -363.62 -363.62 2 20 5
10.0859 -363.67 -363.67 2 20 5
10.0859 -363.72 -363.72 2 20 5
10.0859 -363.77 -363.77 2 20 5
10.0859 -363.82 -363.82 2 20 5
10.0859 -363.87 -363.87 2 20 5
10.0859 -363.92 -363.92 2 20 5
10.0858 -363.97 -363.97 2 20 5
10.0859 -364.02 -364.02 2 20 5
10.0859 -364.07 -364.07 2 20 5
10.0859 -364.12 -364.12 2 20 5
10.0859 -364.17 -364.17 2 20 5
10.0859 -364.22 -364.22 2 20 5
10.0858 -364.27 -364.27 2 20 5
10.0859 -364.32 -364.32 2 20 5
10.0859 -364.37 -364.37 2 20 5
10.0859 -364.42 -364.42 2 20 5
10.0859 -364.47 -364.47 2 20 5
10.0859 -364.52 -364.52 2 20 5
10.0859 -364.57 -364.57 2 20 5
10.0859 -364.62 -364.62 2 20 5
10.0859 -364.67 -364.67 2 20 5
10.0858 -364.72 -364.72 2 20 5
10.0859 -364.77 -364.77 2 20 5
10.0859 -364.82 -364.82 2 20 5
10.0859 -364.87 -364.87 2 20 5
10.0859 -364.92 -364.92 2 20 5
10.0859 -364.97 -364.97 2 20 5
10.0859 -365.02 -365.02 2 20 5
10.0859 -365.07 -365.07 2 20 5
10.0858 -365.12 -365.12 2 20 5
10.0859 -365.17 -365.17 2 20 5
10.0859 -365.22 -365.22 2 20 5
10.0859 -365.27 -365.27 2 20 5
10.0859 -365.32 -365.32 2 20 5
10.0859 -365.37 -365.37 2 20 5
10.0859 -365.42 -365.42 2 20 5
10.0859 -365.47 -365.47 2 20 5
10.0859 -365.52 -365.52 2 20 5
10.0859 -365.57 -365.57 2 20 5
10.0859 -365.62 -365.62 2 20 5
10.0859 -365.67 -365.67 2 20 5
10.0858 -365.72 -365.72 2 20 5
10.0859 -365.77 -365.77 2 20 5
10.0859 -365.82 -365.82 2 20 5
10.0859 -365.87 -365.87 2 20 5
10.0859 -365.92 -365.92 2 20 5
10.0859 -365.97 -365.97 2 20 5
10.0859 -366.02 -366.02 2 20 5
10.0859 -366.07 -366.07 2 20 5
10.0858 -366.12 -366.12 2 20 5
10.0859 -366.17 -366.17 2 20 5
10.0858 -366.22 -366.22 2 20 5
10.0859 -366.27 -366.27 2 20 5
10.0859 -366.32 -366.32 2 20 5
10.0859 -366.37 -366.37 2 20 5
10.0859 -366.42 -366.42 2 20 5
10.0859 -366.47 -366.47 2 20 5
10.0859 -366.52 -366.52 2 20 5
10.0859 -366.57 -366.57 2 20 5
10.0858 -366.62 -366.62 2 20 5
10.086 -366.67 -366.67 2 20 5
10.0859 -366.72 -366.72 2 20 5
10.0859 -366.77 -366.77 2 20 5
10.0859 -366.82 -366.82 2 20 5
10.0859 -366.87 -366.87 2 20 5
10.0858 -366.92 -366.92 2 20 5
10.0859 -366.97 -366.97 2 20 5
10.0859 -367.02 -367.02 2 20 5
10.0859 -367.07 -367.07 2 20 5
10.0859 -367.12 -367.12 2 20 5
10.0859 -367.17 -367.17 2 20 5
10.0859 -367.22 -367.22 2 20 5
10.0859 -367.27 -367.27 2 20 5
10.0859 -367.32 -367.32 2 20 5
10.0859 -367.37 -367.37 2 20 5
10.0859 -367.42 -367.42 2 20 5
10.0858 -367.47 -367.47 2 20 5
10.0859 -367.52 -367.52 2 20 5
10.0859 -367.57 -367.57 2 20 5
10.0859 -367.62 -367.62 2 20 5
10.0859 -367.67 -367.67 2 20 5
10.0859 -367.72 -367.72 2 20 5
10.0859 -367.77 -367.77 2 20 5
10.0859 -367.82 -367.82 2 20 5
10.0859 -367.87 -367.87 2 20 5
10.0858 -367.92 -367.92 2 20 5
10.0855 -367.97 -367.97 2 20 5
10.0857 -368.02 -368.02 2 20 5
10.0859 -368.07 -368.07 2 20 5
10.086 -368.12 -368.12 2 20 5
10.086 -368.17 -368.17 2 20 5
10.0859 -368.22 -368.22 2 20 5
10.0859 -368.27 -368.27 2 20 5
10.0859 -368.32 -368.32 2 20 5
10.0857 -368.37 -368.37 2 20 5
10.0858 -368.42 -368.42 2 20 5
10.086 -368.47 -368.47 2 20 5
10.086 -368.52 -368.52 2 20 5
10.0859 -368.57 -368.57 2 20 5
10.0859 -368.62 -368.62 2 20 5
10.0859 -368.67 -368.67 2 20 5
10.0858 -368.72 -368.72 2 20 5
10.0859 -368.77 -368.77 2 20 5
10.0859 -368.82 -368.82 2 20 5
10.0859 -368.87 -368.87 2 20 5
10.0859 -368.92 -368.92 2 20 5
10.0859 -368.97 -368.97 2 20 5
10.0859 -369.02 -369.02 2 20 5
10.0858 -369.07 -369.07 2 20 5
10.0859 -369.12 -369.12 2 20 5
10.0859 -369.17 -369.17 2 20 5
10.0859 -369.22 -369.22 2 20 5
10.0859 -369.27 -369.27 2 20 5
10.0859 -369.32 -369.32 2 20 5
10.0859 -369.37 -369.37 2 20 5
10.0859 -369.42 -369.42 2 20 5
10.0859 -369.47 -369.47 2 20 5
10.0859 -369.52 -369.52 2 20 5
10.0858 -369.57 -369.57 2 20 5
10.0859 -369.62 -369.62 2 20 5
10.0859 -369.67 -369.67 2 20 5
10.0859 -369.72 -369.72 2 20 5
10.0859 -369.77 -369.77 2 20 5
10.0859 -369.82 -369.82 2 20 5
10.0859 -369.87 -369.87 2 20 5
10.0859 -369.92 -369.92 2 20 5
10.0859 -369.97 -369.97 2 20 5
10.0859 -370.02 -370.02 2 20 5
10.0859 -370.07 -370.07 2 20 5
10.0859 -370.12 -370.12 2 20 5
10.0858 -370.17 -370.17 2 20 5
10.0859 -370.22 -370.22 2 20 5
10.0859 -370.27 -370.27 2 20 5
10.0859 -370.32 -370.32 2 20 5
10.0859 -370.37 -370.37 2 20 5
10.0859 -370.42 -370.42 2 20 5
10.0859 -370.47 -370.47 2 20 5
10.0859 -370.52 -370.52 2 20 5
10.0858 -370.57 -370.57 2 20 5
10.0875 -370.62 -370.62 2 20 5
10.0867 -370.67 -370.67 2 20 5
10.0859 -370.72 -370.72 2 20 5
10.0855 -370.77 -370.77 2 20 5
10.0855 -370.82 -370.82 2 20 5
10.0857 -370.87 -370.87 2 20 5
10.0859 -370.92 -370.92 2 20 5
10.086 -370.97 -370.97 2 20 5
10.086 -371.02 -371.02 2 20 5
10.0859 -371.07 -371.07 2 20 5
10.0859 -371.12 -371.12 2 20 5
10.0859 -371.17 -371.17 2 20 5
10.0858 -371.22 -371.22 2 20 5
10.0859 -371.27 -371.27 2 20 5
10.0859 -371.32 -371.32 2 20 5
10.0859 -371.37 -371.37 2 20 5
10.0859 -371.42 -371.42 2 20 5
10.0859 -371.47 -371.47 2 20 5
10.0859 -371.52 -371.52 2 20 5
10.0859 -371.57 -371.57 2 20 5
10.0859 -371.62 -371.62 2 20 5
10.0859 -371.67 -371.67 2 20 5
10.0859 -371.72 -371.72 2 20 5
10.0858 -371.77 -371.77 2 20 5
10.0859 -371.82 -371.82 2 20 5
10.0859 -371.87 -371.87 2 20 5
10.0859 -371.92 -371.92 2 20 5
10.0859 -371.97 -371.97 2 20 5
10.0859 -372.02 -372.02 2 20 5
10.0858 -372.07 -372.07 2 20 5
10.086 -372.12 -372.12 2 20 5
10.0859 -372.17 -372.17 2 20 5
10.0859 -372.22 -372.22 2 20 5
10.0859 -372.27 -372.27 2 20 5
10.0859 -372.32 -372.32 2 20 5
10.0858 -372.37 -372.37 2 20 5
10.0859 -372.42 -372.42 2 20 5
10.0859 -372.47 -372.47 2 20 5
10.0859 -372.52 -372.52 2 20 5
10.0859 -372.57 -372.57 2 20 5
10.0859 -372.62 -372.62 2 20 5
10.0859 -372.67 -372.67 2 20 5
10.0859 -372.72 -372.72 2 20 5
10.0859 -372.77 -372.77 2 20 5
10.0859 -372.82 -372.82 2 20 5
10.0858 -372.87 -372.87 2 20 5
10.0858 -372.92 -372.92 2 20 5
10.0859 -372.97 -372.97 2 20 5
10.0859 -373.02 -373.02 2 20 5
10.0859 -373.07 -373.07 2 20 5
10.0859 -373.12 -373.12 2 20 5
10.0859 -373.17 -373.17 2 20 5
10.0859 -373.22 -373.22 2 20 5
10.0859 -373.27 -373.27 2 20 5
10.0859 -373.32 -373.32 2 20 5
10.0859 -373.37 -373.37 2 20 5
10.0859 -373.42 -373.42 2 20 5
10.0858 -373.47 -373.47 2 20 5
10.0859 -373.52 -373.52 2 20 5
10.0859 -373.57 -373.57 2 20 5
10.0859 -373.62 -373.62 2 20 5
10.0859 -373.67 -373.67 2 20 5
10.0859 -373.72 -373.72 2 20 5
10.0859 -373.77 -373.77 2 20 5
10.0858 -373.82 -373.82 2 20 5
10.0859 -373.87 -373.87 2 20 5
10.0859 -373.92 -373.92 2 20 5
10.0859 -373.97 -373.97 2 20 5
10.0859 -374.02 -374.02 2 20 5
10.0859 -374.07 -374.07 2 20 5
10.0859 -374.12 -374.12 2 20 5
10.0859 -374.17 -374.17 2 20 5
10.0858 -374.22 -374.22 2 20 5
10.0859 -374.27 -374.27 2 20 5
10.0859 -374.32 -374.32 2 20 5
10.0859 -374.37 -374.37 2 20 5
10.0859 -374.42 -374.42 2 20 5
10.0859 -374.47 -374.47 2 20 5
10.0859 -374.52 -374.52 2 20 5
10.0859 -374.57 -374.57 2 20 5
10.0858 -374.62 -374.62 2 20 5
10.0859 -374.67 -374.67 2 20 5
10.0859 -374.72 -374.72 2 20 5
10.0859 -374.77 -374.77 2 20 5
10.0859 -374.82 -374.82 2 20 5
10.0859 -374.87 -374.87 2 20 5
10.0859 -374.92 -374.92 2 20 5
10.0859 -374.97 -374.97 2 20 5
10.0859 -375.02 -375.02 2 20 5
10.0858 -375.07 -375.07 2 20 5
10.0859 -375.12 -375.12 2 20 5
10.0859 -375.17 -375.17 2 20 5
10.0859 -375.22 -375.22 2 20 5
10.0859 -375.27 -375.27 2 20 5
10.0859 -375.32 -375.32 2 20 5
10.0859 -375.37 -375.37 2 20 5
10.0858 -375.42 -375.42 2 20 5
10.0861 -375.47 -375.47 2 20 5
10.086 -375.52 -375.52 2 20 5
10.0859 -375.57 -375.57 2 20 5
10.0858 -375.62 -375.62 2 20 5
10.0852 -375.67 -375.67 2 20 5
10.0855 -375.72 -375.72 2 20 5
10.0859 -375.77 -375.77 2 20 5
10.0861 -375.82 -375.82 2 20 5
10.0861 -375.87 -375.87 2 20 5
10.086 -375.92 -375.92 2 20 5
10.0859 -375.97 -375.97 2 20 5
10.0858 -376.02 -376.02 2 20 5
10.086 -376.07 -376.07 2 20 5
10.0859 -376.12 -376.12 2 20 5
10.0859 -376.17 -376.17 2 20 5
10.0859 -376.22 -376.22 2 20 5
10.0858 -376.27 -376.27 2 20 5
10.0859 -376.32 -376.32 2 20 5
10.0859 -376.37 -376.37 2 20 5
10.0859 -376.42 -376.42 2 20 5
10.0859 -376.47 -376.47 2 20 5
10.0859 -376.52 -376.52 2 20 5
10.0859 -376.57 -376.57 2 20 5
10.0859 -376.62 -376.62 2 20 5
10.0859 -376.67 -376.67 2 20 5
10.0859 -376.72 -376.72 2 20 5
10.0858 -376.77 -376.77 2 20 5
10.0859 -376.82 -376.82 2 20 5
10.0859 -376.87 -376.87 2 20 5
10.0859 -376.92 -376.92 2 20 5
10.0859 -376.97 -376.97 2 20 5
10.0859 -377.02 -377.02 2 20 5
10.0859 -377.07 -377.07 2 20 5
10.0859 -377.12 -377.12 2 20 5
10.0858 -377.17 -377.17 2 20 5
10.0859 -377.22 -377.22 2 20 5
10.0859 -377.27 -377.27 2 20 5
10.0859 -377.32 -377.32 2 20 5
10.0859 -377.37 -377.37 2 20 5
10.0859 -377.42 -377.42 2 20 5
10.0858 -377.47 -377.47 2 20 5
10.0855 -377.52 -377.52 2 20 5
10.0857 -377.57 -377.57 2 20 5
10.0859 -377.62 -377.62 2 20 5
10.086 -377.67 -377.67 2 20 5
10.086 -377.72 -377.72 2 20 5
10.0859 -377.77 -377.77 2 20 5
10.0859 -377.82 -377.82 2 20 5
10.0858 -377.87 -377.87 2 20 5
10.0857 -377.92 -377.92 2 20 5
10.0858 -377.97 -377.97 2 20 5
10.086 -378.02 -378.02 2 20 5
10.086 -378.07 -378.07 2 20 5
10.0859 -378.12 -378.12 2 20 5
10.0859 -378.17 -378.17 2 20 5
10.0859 -378.22 -378.22 2 20 5
10.0858 -378.27 -378.27 2 20 5
10.0859 -378.32 -378.32 2 20 5
10.0859 -378.37 -378.37 2 20 5
10.0859 -378.42 -378.42 2 20 5
10.0859 -378.47 -378.47 2 20 5
10.0859 -378.52 -378.52 2 20 5
10.0859 -378.57 -378.57 2 20 5
10.0859 -378.62 -378.62 2 20 5
10.0859 -378.67 -378.67 2 20 5
10.0859 -378.72 -378.72 2 20 5
10.0858 -378.77 -378.77 2 20 5
10.0859 -378.82 -378.82 2 20 5
10.0859 -378.87 -378.87 2 20 5
10.0859 -378.92 -378.92 2 20 5
10.0859 -378.97 -378.97 2 20 5
10.0859 -379.02 -379.02 2 20 5
10.0859 -379.07 -379.07 2 20 5
10.0859 -379.12 -379.12 2 20 5
10.0859 -379.17 -379.17 2 20 5
10.0858 -379.22 -379.22 2 20 5
10.0859 -379.27 -379.27 2 20 5
10.0859 -379.32 -379.32 2 20 5
10.0859 -379.37 -379.37 2 20 5
10.0859 -379.42 -379.42 2 20 5
10.0859 -379.47 -379.47 2 20 5
10.0859 -379.52 -379.52 2 20 5
10.0859 -379.57 -379.57 2 20 5
10.0858 -379.62 -379.62 2 20 5
10.0859 -379.67 -379.67 2 20 5
10.0859 -379.72 -379.72 2 20 5
10.0859 -379.77 -379.77 2 20 5
10.0859 -379.82 -379.82 2 20 5
10.0859 -379.87 -379.87 2 20 5
10.0859 -379.92 -379.92 2 20 5
10.0858 -379.97 -379.97 2 20 5
10.0859 -380.02 -380.02 2 20 5
10.0859 -380.07 -380.07 2 20 5
10.0859 -380.12 -380.12 2 20 5
10.0859 -380.17 -380.17 2 20 5
10.0859 -380.22 -380.22 2 20 5
10.0859 -380.27 -380.27 2 20 5
10.0859 -380.32 -380.32 2 20 5
10.0858 -380.37 -380.37 2 20 5
10.0858 -380.42 -380.42 2 20 5
10.0859 -380.47 -380.47 2 20 5
10.0859 -380.52 -380.52 2 20 5
10.0859 -380.57 -380.57 2 20 5
10.0859 -380.62 -380.62 2 20 5
10.0859 -380.67 -380.67 2 20 5
10.0859 -380.72 -380.72 2 20 5
10.0859 -380.77 -380.77 2 20 5
10.0859 -380.82 -380.82 2 20 5
10.0859 -380.87 -380.87 2 20 5
10.0858 -380.92 -380.92 2 20 5
10.0858 -380.97 -380.97 2 20 5
10.0859 -381.02 -381.02 2 20 5
10.0859 -381.07 -381.07 2 20 5
10.0859 -381.12 -381.12 2 20 5
10.0859 -381.17 -381.17 2 20 5
10.0859 -381.22 -381.22 2 20 5
10.0859 -381.27 -381.27 2 20 5
10.0859 -381.32 -381.32 2 20 5
10.0859 -381.37 -381.37 2 20 5
10.0858 -381.42 -381.42 2 20 5
10.0858 -381.47 -381.47 2 20 5
10.0859 -381.52 -381.52 2 20 5
10.0859 -381.57 -381.57 2 20 5
10.0859 -381.62 -381.62 2 20 5
10.0859 -381.67 -381.67 2 20 5
10.0859 -381.72 -381.72 2 20 5
10.0859 -381.77 -381.77 2 20 5
10.0859 -381.82 -381.82 2 20 5
10.0859 -381.87 -381.87 2 20 5
10.0858 -381.92 -381.92 2 20 5
10.0857 -381.97 -381.97 2 20 5
10.0858 -382.02 -382.02 2 20 5
10.0859 -382.07 -382.07 2 20 5
10.086 -382.12 -382.12 2 20 5
10.0859 -382.17 -382.17 2 20 5
10.0859 -382.22 -382.22 2 20 5
10.0859 -382.27 -382.27 2 20 5
10.0858 -382.32 -382.32 2 20 5
10.0857 -382.37 -382.37 2 20 5
10.0858 -382.42 -382.42 2 20 5
10.086 -382.47 -382.47 2 20 5
10.086 -382.52 -382.52 2 20 5
10.0859 -382.57 -382.57 2 20 5
10.0859 -382.62 -382.62 2 20 5
10.0859 -382.67 -382.67 2 20 5
10.0858 -382.72 -382.72 2 20 5
10.0852 -382.77 -382.77 2 20 5
10.0855 -382.82 -382.82 2 20 5
10.0859 -382.87 -382.87 2 20 5
10.0861 -382.92 -382.92 2 20 5
10.0861 -382.97 -382.97 2 20 5
10.086 -383.02 -383.02 2 20 5
10.0859 -383.07 -383.07 2 20 5
10.0858 -383.12 -383.12 2 20 5
10.0859 -383.17 -383.17 2 20 5
10.0859 -383.22 -383.22 2 20 5
10.0859 -383.27 -383.27 2 20 5
10.0859 -383.32 -383.32 2 20 5
10.0858 -383.37 -383.37 2 20 5
10.0858 -383.42 -383.42 2 20 5
10.0859 -383.47 -383.47 2 20 5
10.0859 -383.52 -383.52 2 20 5
10.0859 -383.57 -383.57 2 20 5
10.0859 -383.62 -383.62 2 20 5
10.0859 -383.67 -383.67 2 20 5
10.0859 -383.72 -383.72 2 20 5
10.0859 -383.77 -383.77 2 20 5
10.0859 -383.82 -383.82 2 20 5
10.0859 -383.87 -383.87 2 20 5
10.0858 -383.92 -383.92 2 20 5
10.0858 -383.97 -383.97 2 20 5
10.0859 -384.02 -384.02 2 20 5
10.0859 -384.07 -384.07 2 20 5
10.0859 -384.12 -384.12 2 20 5
10.0859 -384.17 -384.17 2 20 5
10.0859 -384.22 -384.22 2 20 5
10.0859 -384.27 -384.27 2 20 5
10.0859 -384.32 -384.32 2 20 5
10.0859 -384.37 -384.37 2 20 5
10.0859 -384.42 -384.42 2 20 5
10.0858 -384.47 -384.47 2 20 5
10.086 -384.52 -384.52 2 20 5
10.086 -384.57 -384.57 2 20 5
10.0859 -384.62 -384.62 2 20 5
10.0859 -384.67 -384.67 2 20 5
10.0859 -384.72 -384.72 2 20 5
10.0858 -384.77 -384.77 2 20 5
10.0859 -384.82 -384.82 2 20 5
10.0859 -384.87 -384.87 2 20 5
10.0859 -384.92 -384.92 2 20 5
10.0859 -384.97 -384.97 2 20 5
10.0859 -385.02 -385.02 2 20 5
10.0859 -385.07 -385.07 2 20 5
10.0859 -385.12 -385.12 2 20 5
10.0859 -385.17 -385.17 2 20 5
10.0859 -385.22 -385.22 2 20 5
10.0858 -385.27 -385.27 2 20 5
10.0859 -385.32 -385.32 2 20 5
10.0859 -385.37 -385.37 2 20 5
10.0859 -385.42 -385.42 2 20 5
10.0859 -385.47 -385.47 2 20 5
10.0859 -385.52 -385.52 2 20 5
10.0859 -385.57 -385.57 2 20 5
10.0859 -385.62 -385.62 2 20 5
10.0858 -385.67 -385.67 2 20 5
10.0861 -385.72 -385.72 2 20 5
10.086 -385.77 -385.77 2 20 5
10.0859 -385.82 -385.82 2 20 5
10.0858 -385.87 -385.87 2 20 5
10.0857 -385.92 -385.92 2 20 5
10.0858 -385.97 -385.97 2 20 5
10.0859 -386.02 -386.02 2 20 5
10.086 -386.07 -386.07 2 20 5
10.0859 -386.12 -386.12 2 20 5
10.0859 -386.17 -386.17 2 20 5
10.0859 -386.22 -386.22 2 20 5
10.0859 -386.27 -386.27 2 20 5
10.0858 -386.32 -386.32 2 20 5
10.0861 -386.37 -386.37 2 20 5
10.086 -386.42 -386.42 2 20 5
10.0859 -386.47 -386.47 2 20 5
10.0872 -386.52 -386.52 2 20 5
10.0872 -386.57 -386.57 2 20 5
10.0865 -386.62 -386.62 2 20 5
10.0859 -386.67 -386.67 2 20 5
10.0856 -386.72 -386.72 2 20 5
10.0856 -386.77 -386.77 2 20 5
10.0857 -386.82 -386.82 2 20 5
10.0859 -386.87 -386.87 2 20 5
10.086 -386.92 -386.92 2 20 5
10.086 -386.97 -386.97 2 20 5
10.0859 -387.02 -387.02 2 20 5
10.0859 -387.07 -387.07 2 20 5
10.0859 -387.12 -387.12 2 20 5
10.0858 -387.17 -387.17 2 20 5
10.0859 -387.22 -387.22 2 20 5
10.0859 -387.27 -387.27 2 20 5
10.0859 -387.32 -387.32 2 20 5
10.0859 -387.37 -387.37 2 20 5
10.0859 -387.42 -387.42 2 20 5
10.0859 -387.47 -387.47 2 20 5
10.0858 -387.52 -387.52 2 20 5
10.0858 -387.57 -387.57 2 20 5
10.0859 -387.62 -387.62 2 20 5
10.0859 -387.67 -387.67 2 20 5
10.0859 -387.72 -387.72 2 20 5
10.0859 -387.77 -387.77 2 20 5
10.0859 -387.82 -387.82 2 20 5
10.0859 -387.87 -387.87 2 20 5
10.0859 -387.92 -387.92 2 20 5
10.0859 -387.97 -387.97 2 20 5
10.0859 -388.02 -388.02 2 20 5
10.0859 -388.07 -388.07 2 20 5
10.0858 -388.12 -388.12 2 20 5
10.0859 -388.17 -388.17 2 20 5
10.0859 -388.22 -388.22 2 20 5
10.0859 -388.27 -388.27 2 20 5
10.0859 -388.32 -388.32 2 20 5
10.0859 -388.37 -388.37 2 20 5
10.0859 -388.42 -388.42 2 20 5
10.0859 -388.47 -388.47 2 20 5
10.0858 -388.52 -388.52 2 20 5
10.0857 -388.57 -388.57 2 20 5
10.0859 -388.62 -388.62 2 20 5
10.0859 -388.67 -388.67 2 20 5
10.0859 -388.72 -388.72 2 20 5
10.0859 -388.77 -388.77 2 20 5
10.0859 -388.82 -388.82 2 20 5
10.0859 -388.87 -388.87 2 20 5
10.0859 -388.92 -388.92 2 20 5
10.0859 -388.97 -388.97 2 20 5
10.0859 -389.02 -389.02 2 20 5
10.0859 -389.07 -389.07 2 20 5
10.0859 -389.12 -389.12 2 20 5
10.0858 -389.17 -389.17 2 20 5
10.0842 -389.22 -389.22 2 20 5
10.0851 -389.27 -389.27 2 20 5
10.0859 -389.32 -389.32 2 20 5
10.0863 -389.37 -389.37 2 20 5
10.0863 -389.42 -389.42 2 20 5
10.0861 -389.47 -389.47 2 20 5
10.0859 -389.52 -389.52 2 20 5
10.0858 -389.57 -389.57 2 20 5
10.0858 -389.62 -389.62 2 20 5
10.0859 -389.67 -389.67 2 20 5
10.0859 -389.72 -389.72 2 20 5
10.0859 -389.77 -389.77 2 20 5
10.0859 -389.82 -389.82 2 20 5
10.0859 -389.87 -389.87 2 20 5
10.0859 -389.92 -389.92 2 20 5
10.0859 -389.97 -389.97 2 20 5
10.0859 -390.02 -390.02 2 20 5
10.0859 -390.07 -390.07 2 20 5
10.0858 -390.12 -390.12 2 20 5
10.086 -390.17 -390.17 2 20 5
10.086 -390.22 -390.22 2 20 5
10.0859 -390.27 -390.27 2 20 5
10.0859 -390.32 -390.32 2 20 5
10.0859 -390.37 -390.37 2 20 5
10.0858 -390.42 -390.42 2 20 5
10.0859 -390.47 -390.47 2 20 5
10.0859 -390.52 -390.52 2 20 5
10.0859 -390.57 -390.57 2 20 5
10.0859 -390.62 -390.62 2 20 5
10.0859 -390.67 -390.67 2 20 5
10.0859 -390.72 -390.72 2 20 5
10.0859 -390.77 -390.77 2 20 5
10.0858 -390.82 -390.82 2 20 5
10.0859 -390.87 -390.87 2 20 5
10.0859 -390.92 -390.92 2 20 5
10.0859 -390.97 -390.97 2 20 5
10.0859 -391.02 -391.02 2 20 5
10.0859 -391.07 -391.07 2 20 5
10.0859 -391.12 -391.12 2 20 5
10.0859 -391.17 -391.17 2 20 5
10.0858 -391.22 -391.22 2 20 5
10.0861 -391.27 -391.27 2 20 5
10.086 -391.32 -391.32 2 20 5
10.0859 -391.37 -391.37 2 20 5
10.0858 -391.42 -391.42 2 20 5
10.0853 -391.47 -391.47 2 20 5
10.0856 -391.52 -391.52 2 20 5
10.0859 -391.57 -391.57 2 20 5
10.086 -391.62 -391.62 2 20 5
10.086 -391.67 -391.67 2 20 5
10.086 -391.72 -391.72 2 20 5
10.0859 -391.77 -391.77 2 20 5
10.0858 -391.82 -391.82 2 20 5
10.0857 -391.87 -391.87 2 20 5
10.0858 -391.92 -391.92 2 20 5
10.0859 -391.97 -391.97 2 20 5
10.086 -392.02 -392.02 2 20 5
10.0859 -392.07 -392.07 2 20 5
10.0859 -392.12 -392.12 2 20 5
10.0859 -392.17 -392.17 2 20 5
10.0858 -392.22 -392.22 2 20 5
10.0858 -392.27 -392.27 2 20 5
10.0859 -392.32 -392.32 2 20 5
10.0859 -392.37 -392.37 2 20 5
10.0859 -392.42 -392.42 2 20 5
10.0859 -392.47 -392.47 2 20 5
10.0859 -392.52 -392.52 2 20 5
10.0859 -392.57 -392.57 2 20 5
10.0859 -392.62 -392.62 2 20 5
10.0859 -392.67 -392.67 2 20 5
10.0859 -392.72 -392.72 2 20 5
10.0858 -392.77 -392.77 2 20 5
10.086 -392.82 -392.82 2 20 5
10.086 -392.87 -392.87 2 20 5
10.0859 -392.92 -392.92 2 20 5
10.0859 -392.97 -392.97 2 20 5
10.0858 -393.02 -393.02 2 20 5
10.0857 -393.07 -393.07 2 20 5
10.0858 -393.12 -393.12 2 20 5
10.0858 -393.17 -393.17 2 20 5
10.0859 -393.22 -393.22 2 20 5
10.086 -393.27 -393.27 2 20 5
10.0859 -393.32 -393.32 2 20 5
10.0859 -393.37 -393.37 2 20 5
10.0859 -393.42 -393.42 2 20 5
10.0858 -393.47 -393.47 2 20 5
10.0858 -393.52 -393.52 2 20 5
10.0859 -393.57 -393.57 2 20 5
10.0859 -393.62 -393.62 2 20 5
10.0859 -393.67 -393.67 2 20 5
10.0859 -393.72 -393.72 2 20 5
10.0859 -393.77 -393.77 2 20 5
10.0859 -393.82 -393.82 2 20 5
10.0859 -393.87 -393.87 2 20 5
10.0859 -393.92 -393.92 2 20 5
10.0858 -393.97 -393.97 2 20 5
10.0857 -394.02 -394.02 2 20 5
10.0859 -394.07 -394.07 2 20 5
10.0859 -394.12 -394.12 2 20 5
10.0859 -394.17 -394.17 2 20 5
10.0859 -394.22 -394.22 2 20 5
10.0859 -394.27 -394.27 2 20 5
10.0859 -394.32 -394.32 2 20 5
10.0859 -394.37 -394.37 2 20 5
10.0859 -394.42 -394.42 2 20 5
10.0859 -394.47 -394.47 2 20 5
10.0858 -394.52 -394.52 2 20 5
10.0858 -394.57 -394.57 2 20 5
10.0859 -394.62 -394.62 2 20 5
10.0859 -394.67 -394.67 2 20 5
10.0859 -394.72 -394.72 2 20 5
10.0859 -394.77 -394.77 2 20 5
10.0859 -394.82 -394.82 2 20 5
10.0859 -394.87 -394.87 2 20 5
10.0859 -394.92 -394.92 2 20 5
10.0859 -394.97 -394.97 2 20 5
10.0858 -395.02 -395.02 2 20 5
10.0857 -395.07 -395.07 2 20 5
10.0858 -395.12 -395.12 2 20 5
10.0858 -395.17 -395.17 2 20 5
10.0864 -395.22 -395.22 2 20 5
10.0862 -395.27 -395.27 2 20 5
10.0859 -395.32 -395.32 2 20 5
10.0858 -395.37 -395.37 2 20 5
10.0858 -395.42 -395.42 2 20 5
10.0859 -395.47 -395.47 2 20 5
10.0858 -395.52 -395.52 2 20 5
10.086 -395.57 -395.57 2 20 5
10.086 -395.62 -395.62 2 20 5
10.0859 -395.67 -395.67 2 20 5
10.0859 -395.72 -395.72 2 20 5
10.0859 -395.77 -395.77 2 20 5
10.0858 -395.82 -395.82 2 20 5
10.0859 -395.87 -395.87 2 20 5
10.0859 -395.92 -395.92 2 20 5
10.0859 -395.97 -395.97 2 20 5
10.0859 -396.02 -396.02 2 20 5
10.0859 -396.07 -396.07 2 20 5
10.0859 -396.12 -396.12 2 20 5
10.0859 -396.17 -396.17 2 20 5
10.0859 -396.22 -396.22 2 20 5
10.0858 -396.27 -396.27 2 20 5
10.0862 -396.32 -396.32 2 20 5
10.0861 -396.37 -396.37 2 20 5
10.0859 -396.42 -396.42 2 20 5
10.0858 -396.47 -396.47 2 20 5
10.086 -396.52 -396.52 2 20 5
10.086 -396.57 -396.57 2 20 5
10.0859 -396.62 -396.62 2 20 5
10.0858 -396.67 -396.67 2 20 5
10.0857 -396.72 -396.72 2 20 5
10.0858 -396.77 -396.77 2 20 5
10.0845 -396.82 -396.82 2 20 5
10.0853 -396.87 -396.87 2 20 5
10.0859 -396.92 -396.92 2 20 5
10.0863 -396.97 -396.97 2 20 5
10.0862 -397.02 -397.02 2 20 5
10.0861 -397.07 -397.07 2 20 5
10.0859 -397.12 -397.12 2 20 5
10.0858 -397.17 -397.17 2 20 5
10.0858 -397.22 -397.22 2 20 5
10.0862 -397.27 -397.27 2 20 5
10.086 -397.32 -397.32 2 20 5
10.0859 -397.37 -397.37 2 20 5
10.0858 -397.42 -397.42 2 20 5
10.0862 -397.47 -397.47 2 20 5
10.0861 -397.52 -397.52 2 20 5
10.0859 -397.57 -397.57 2 20 5
10.0858 -397.62 -397.62 2 20 5
10.0858 -397.67 -397.67 2 20 5
10.0857 -397.72 -397.72 2 20 5
10.0858 -397.77 -397.77 2 20 5
10.0861 -397.82 -397.82 2 20 5
10.086 -397.87 -397.87 2 20 5
10.0859 -397.92 -397.92 2 20 5
10.0859 -397.97 -397.97 2 20 5
10.0858 -398.02 -398.02 2 20 5
10.0859 -398.07 -398.07 2 20 5
10.0859 -398.12 -398.12 2 20 5
10.0859 -398.17 -398.17 2 20 5
10.0859 -398.22 -398.22 2 20 5
10.0859 -398.27 -398.27 2 20 5
10.0859 -398.32 -398.32 2 20 5
10.0859 -398.37 -398.37 2 20 5
10.0859 -398.42 -398.42 2 20 5
10.0858 -398.47 -398.47 2 20 5
10.0858 -398.52 -398.52 2 20 5
10.0859 -398.57 -398.57 2 20 5
10.0859 -398.62 -398.62 2 20 5
10.0859 -398.67 -398.67 2 20 5
10.0859 -398.72 -398.72 2 20 5
10.0859 -398.77 -398.77 2 20 5
10.0859 -398.82 -398.82 2 20 5
10.0859 -398.87 -398.87 2 20 5
10.0858 -398.92 -398.92 2 20 5
10.0856 -398.97 -398.97 2 20 5
10.0858 -399.02 -399.02 2 20 5
10.0859 -399.07 -399.07 2 20 5
10.086 -399.12 -399.12 2 20 5
10.086 -399.17 -399.17 2 20 5
10.0859 -399.22 -399.22 2 20 5
10.0859 -399.27 -399.27 2 20 5
10.0858 -399.32 -399.32 2 20 5
10.0858 -399.37 -399.37 2 20 5
10.0859 -399.42 -399.42 2 20 5
10.0859 -399.47 -399.47 2 20 5
10.0859 -399.52 -399.52 2 20 5
10.0859 -399.57 -399.57 2 20 5
10.0859 -399.62 -399.62 2 20 5
10.0859 -399.67 -399.67 2 20 5
10.0859 -399.72 -399.72 2 20 5
10.0859 -399.77 -399.77 2 20 5
10.0858 -399.82 -399.82 2 20 5
10.0858 -399.87 -399.87 2 20 5
10.0859 -399.92 -399.92 2 20 5
10.0859 -399.97 -399.97 2 20 5
10.0859 -400.02 -400.02 2 20 5
10.0859 -400.07 -400.07 2 20 5
10.0859 -400.12 -400.12 2 20 5
10.0859 -400.17 -400.17 2 20 5
10.0858 -400.22 -400.22 2 20 5
10.0858 -400.27 -400.27 2 20 5
10.0859 -400.32 -400.32 2 20 5
10.0859 -400.37 -400.37 2 20 5
10.0859 -400.42 -400.42 2 20 5
10.0859 -400.47 -400.47 2 20 5
10.0859 -400.52 -400.52 2 20 5
10.0859 -400.57 -400.57 2 20 5
10.0859 -400.62 -400.62 2 20 5
10.0858 -400.67 -400.67 2 20 5
10.0858 -400.72 -400.72 2 20 5
10.0859 -400.77 -400.77 2 20 5
10.0859 -400.82 -400.82 2 20 5
10.0859 -400.87 -400.87 2 20 5
10.0859 -400.92 -400.92 2 20 5
10.0859 -400.97 -400.97 2 20 5
10.0859 -401.02 -401.02 2 20 5
10.0859 -401.07 -401.07 2 20 5
10.0859 -401.12 -401.12 2 20 5
10.0858 -401.17 -401.17 2 20 5
10.0855 -401.22 -401.22 2 20 5
10.0857 -401.27 -401.27 2 20 5
10.0859 -401.32 -401.32 2 20 5
10.086 -401.37 -401.37 2 20 5
10.086 -401.42 -401.42 2 20 5
10.0859 -401.47 -401.47 2 20 5
10.0859 -401.52 -401.52 2 20 5
10.0858 -401.57 -401.57 2 20 5
10.0858 -401.62 -401.62 2 20 5
10.0859 -401.67 -401.67 2 20 5
10.0859 -401.72 -401.72 2 20 5
10.0859 -401.77 -401.77 2 20 5
10.0859 -401.82 -401.82 2 20 5
10.0859 -401.87 -401.87 2 20 5
10.0859 -401.92 -401.92 2 20 5
10.0859 -401.97 -401.97 2 20 5
10.0859 -402.02 -402.02 2 20 5
10.0859 -402.07 -402.07 2 20 5
10.0859 -402.12 -402.12 2 20 5
10.0859 -402.17 -402.17 2 20 5
10.0859 -402.22 -402.22 2 20 5
10.0859 -402.27 -402.27 2 20 5
10.0858 -402.32 -402.32 2 20 5
10.0858 -402.37 -402.37 2 20 5
10.0859 -402.42 -402.42 2 20 5
10.0859 -402.47 -402.47 2 20 5
10.0859 -402.52 -402.52 2 20 5
10.0859 -402.57 -402.57 2 20 5
10.0859 -402.62 -402.62 2 20 5
10.0859 -402.67 -402.67 2 20 5
10.0859 -402.72 -402.72 2 20 5
10.0859 -402.77 -402.77 2 20 5
10.0858 -402.82 -402.82 2 20 5
10.0872 -402.87 -402.87 2 20 5
10.0866 -402.92 -402.92 2 20 5
10.0859 -402.97 -402.97 2 20 5
10.0856 -403.02 -403.02 2 20 5
10.0856 -403.07 -403.07 2 20 5
10.0857 -403.12 -403.12 2 20 5
10.0859 -403.17 -403.17 2 20 5
10.086 -403.22 -403.22 2 20 5
10.086 -403.27 -403.27 2 20 5
10.0859 -403.32 -403.32 2 20 5
10.0859 -403.37 -403.37 2 20 5
10.0859 -403.42 -403.42 2 20 5
10.0858 -403.47 -403.47 2 20 5
10.0861 -403.52 -403.52 2 20 5
10.086 -403.57 -403.57 2 20 5
10.0859 -403.62 -403.62 2 20 5
10.0859 -403.67 -403.67 2 20 5
10.0858 -403.72 -403.72 2 20 5
10.0859 -403.77 -403.77 2 20 5
10.0859 -403.82 -403.82 2 20 5
10.0859 -403.87 -403.87 2 20 5
10.0859 -403.92 -403.92 2 20 5
10.0859 -403.97 -403.97 2 20 5
10.0859 -404.02 -404.02 2 20 5
10.0859 -404.07 -404.07 2 20 5
10.0859 -404.12 -404.12 2 20 5
10.0859 -404.17 -404.17 2 20 5
10.0859 -404.22 -404.22 2 20 5
10.0859 -404.27 -404.27 2 20 5
10.0859 -404.32 -404.32 2 20 5
10.0846 -404.37 -404.37 2 20 5
10.0846 -404.42 -404.42 2 20 5
10.0853 -404.47 -404.47 2 20 5
10.0859 -404.52 -404.52 2 20 5
10.0862 -404.57 -404.57 2 20 5
10.0862 -404.62 -404.62 2 20 5
10.0861 -404.67 -404.67 2 20 5
10.0859 -404.72 -404.72 2 20 5
10.0858 -404.77 -404.77 2 20 5
10.0859 -404.82 -404.82 2 20 5
10.0858 -404.87 -404.87 2 20 5
10.086 -404.92 -404.92 2 20 5
10.0859 -404.97 -404.97 2 20 5
10.0859 -405.02 -405.02 2 20 5
10.0859 -405.07 -405.07 2 20 5
10.0859 -405.12 -405.12 2 20 5
10.0858 -405.17 -405.17 2 20 5
10.0858 -405.22 -405.22 2 20 5
10.0859 -405.27 -405.27 2 20 5
10.0859 -405.32 -405.32 2 20 5
10.0859 -405.37 -405.37 2 20 5
10.0859 -405.42 -405.42 2 20 5
10.0859 -405.47 -405.47 2 20 5
10.0859 -405.52 -405.52 2 20 5
10.0859 -405.57 -405.57 2 20 5
10.0859 -405.62 -405.62 2 20 5
10.0858 -405.67 -405.67 2 20 5
10.0858 -405.72 -405.72 2 20 5
10.0859 -405.77 -405.77 2 20 5
10.0859 -405.82 -405.82 2 20 5
10.0859 -405.87 -405.87 2 20 5
10.0859 -405.92 -405.92 2 20 5
10.0859 -405.97 -405.97 2 20 5
10.0859 -406.02 -406.02 2 20 5
10.0859 -406.07 -406.07 2 20 5
10.0859 -406.12 -406.12 2 20 5
10.0858 -406.17 -406.17 2 20 5
10.086 -406.22 -406.22 2 20 5
10.086 -406.27 -406.27 2 20 5
10.0859 -406.32 -406.32 2 20 5
10.0859 -406.37 -406.37 2 20 5
10.0859 -406.42 -406.42 2 20 5
10.0858 -406.47 -406.47 2 20 5
10.0861 -406.52 -406.52 2 20 5
10.086 -406.57 -406.57 2 20 5
10.0859 -406.62 -406.62 2 20 5
10.0859 -406.67 -406.67 2 20 5
10.0858 -406.72 -406.72 2 20 5
10.0859 -406.77 -406.77 2 20 5
10.0859 -406.82 -406.82 2 20 5
10.0859 -406.87 -406.87 2 20 5
10.0859 -406.92 -406.92 2 20 5
10.0859 -406.97 -406.97 2 20 5
10.0858 -407.02 -407.02 2 20 5
10.0858 -407.07 -407.07 2 20 5
10.0859 -407.12 -407.12 2 20 5
10.0859 -407.17 -407.17 2 20 5
10.0859 -407.22 -407.22 2 20 5
10.0859 -407.27 -407.27 2 20 5
10.0859 -407.32 -407.32 2 20 5
10.0859 -407.37 -407.37 2 20 5
10.0859 -407.42 -407.42 2 20 5
10.0859 -407.47 -407.47 2 20 5
10.0858 -407.52 -407.52 2 20 5
10.0878 -407.57 -407.57 2 20 5
10.0869 -407.62 -407.62 2 20 5
10.0859 -407.67 -407.67 2 20 5
10.0854 -407.72 -407.72 2 20 5
10.0854 -407.77 -407.77 2 20 5
10.0857 -407.82 -407.82 2 20 5
10.0859 -407.87 -407.87 2 20 5
10.086 -407.92 -407.92 2 20 5
10.086 -407.97 -407.97 2 20 5
10.086 -408.02 -408.02 2 20 5
10.0859 -408.07 -408.07 2 20 5
10.0859 -408.12 -408.12 2 20 5
10.0858 -408.17 -408.17 2 20 5
10.0859 -408.22 -408.22 2 20 5
10.0859 -408.27 -408.27 2 20 5
10.0859 -408.32 -408.32 2 20 5
10.0859 -408.37 -408.37 2 20 5
10.0859 -408.42 -408.42 2 20 5
10.0859 -408.47 -408.47 2 20 5
10.0859 -408.52 -408.52 2 20 5
10.0858 -408.57 -408.57 2 20 5
10.0856 -408.62 -408.62 2 20 5
10.0858 -408.67 -408.67 2 20 5
10.086 -408.72 -408.72 2 20 5
10.086 -408.77 -408.77 2 20 5
10.086 -408.82 -408.82 2 20 5
10.0859 -408.87 -408.87 2 20 5
10.0859 -408.92 -408.92 2 20 5
10.0858 -408.97 -408.97 2 20 5
10.0862 -409.02 -409.02 2 20 5
10.0861 -409.07 -409.07 2 20 5
10.0859 -409.12 -409.12 2 20 5
10.0858 -409.17 -409.17 2 20 5
10.086 -409.22 -409.22 2 20 5
10.0859 -409.27 -409.27 2 20 5
10.0859 -409.32 -409.32 2 20 5
10.0859 -409.37 -409.37 2 20 5
10.0858 -409.42 -409.42 2 20 5
10.0859 -409.47 -409.47 2 20 5
10.0859 -409.52 -409.52 2 20 5
10.0859 -409.57 -409.57 2 20 5
10.0859 -409.62 -409.62 2 20 5
10.0859 -409.67 -409.67 2 20 5
10.0858 -409.72 -409.72 2 20 5
10.0858 -409.77 -409.77 2 20 5
10.0859 -409.82 -409.82 2 20 5
10.0859 -409.87 -409.87 2 20 5
10.0859 -409.92 -409.92 2 20 5
10.0859 -409.97 -409.97 2 20 5
10.0859 -410.02 -410.02 2 20 5
10.0859 -410.07 -410.07 2 20 5
10.0859 -410.12 -410.12 2 20 5
10.0858 -410.17 -410.17 2 20 5
10.0858 -410.22 -410.22 2 20 5
10.0859 -410.27 -410.27 2 20 5
10.0859 -410.32 -410.32 2 20 5
10.0859 -410.37 -410.37 2 20 5
10.0859 -410.42 -410.42 2 20 5
10.0859 -410.47 -410.47 2 20 5
10.0859 -410.52 -410.52 2 20 5
10.0859 -410.57 -410.57 2 20 5
10.0858 -410.62 -410.62 2 20 5
10.086 -410.67 -410.67 2 20 5
10.086 -410.72 -410.72 2 20 5
10.0859 -410.77 -410.77 2 20 5
10.0859 -410.82 -410.82 2 20 5
10.0859 -410.87 -410.87 2 20 5
10.0858 -410.92 -410.92 2 20 5
10.0857 -410.97 -410.97 2 20 5
10.0859 -411.02 -411.02 2 20 5
10.0859 -411.07 -411.07 2 20 5
10.0859 -411.12 -411.12 2 20 5
10.0859 -411.17 -411.17 2 20 5
10.0859 -411.22 -411.22 2 20 5
10.0859 -411.27 -411.27 2 20 5
10.0859 -411.32 -411.32 2 20 5
10.0859 -411.37 -411.37 2 20 5
10.0859 -411.42 -411.42 2 20 5
10.0859 -411.47 -411.47 2 20 5
10.0859 -411.52 -411.52 2 20 5
10.0858 -411.57 -411.57 2 20 5
10.0857 -411.62 -411.62 2 20 5
10.0858 -411.67 -411.67 2 20 5
10.0861 -411.72 -411.72 2 20 5
10.0861 -411.77 -411.77 2 20 5
10.086 -411.82 -411.82 2 20 5
10.0859 -411.87 -411.87 2 20 5
10.0858 -411.92 -411.92 2 20 5
10.0861 -411.97 -411.97 2 20 5
10.086 -412.02 -412.02 2 20 5
10.0859 -412.07 -412.07 2 20 5
10.0859 -412.12 -412.12 2 20 5
10.0858 -412.17 -412.17 2 20 5
10.0859 -412.22 -412.22 2 20 5
10.0859 -412.27 -412.27 2 20 5
10.0859 -412.32 -412.32 2 20 5
10.0859 -412.37 -412.37 2 20 5
10.0859 -412.42 -412.42 2 20 5
10.0859 -412.47 -412.47 2 20 5
10.0859 -412.52 -412.52 2 20 5
10.0858 -412.57 -412.57 2 20 5
10.0858 -412.62 -412.62 2 20 5
10.0859 -412.67 -412.67 2 20 5
10.0859 -412.72 -412.72 2 20 5
10.0859 -412.77 -412.77 2 20 5
10.0859 -412.82 -412.82 2 20 5
10.0859 -412.87 -412.87 2 20 5
10.0859 -412.92 -412.92 2 20 5
10.0859 -412.97 -412.97 2 20 5
10.0859 -413.02 -413.02 2 20 5
10.0858 -413.07 -413.07 2 20 5
10.086 -413.12 -413.12 2 20 5
10.086 -413.17 -413.17 2 20 5
10.0859 -413.22 -413.22 2 20 5
10.0859 -413.27 -413.27 2 20 5
10.0858 -413.32 -413.32 2 20 5
10.0857 -413.37 -413.37 2 20 5
10.0858 -413.42 -413.42 2 20 5
10.0858 -413.47 -413.47 2 20 5
10.0863 -413.52 -413.52 2 20 5
10.0861 -413.57 -413.57 2 20 5
10.0859 -413.62 -413.62 2 20 5
10.0858 -413.67 -413.67 2 20 5
10.0859 -413.72 -413.72 2 20 5
10.0858 -413.77 -413.77 2 20 5
10.0858 -413.82 -413.82 2 20 5
10.0859 -413.87 -413.87 2 20 5
10.0859 -413.92 -413.92 2 20 5
10.0859 -413.97 -413.97 2 20 5
10.0859 -414.02 -414.02 2 20 5
10.0859 -414.07 -414.07 2 20 5
10.0859 -414.12 -414.12 2 20 5
10.0858 -414.17 -414.17 2 20 5
10.0858 -414.22 -414.22 2 20 5
10.0859 -414.27 -414.27 2 20 5
10.0859 -414.32 -414.32 2 20 5
10.0859 -414.37 -414.37 2 20 5
10.0859 -414.42 -414.42 2 20 5
10.0859 -414.47 -414.47 2 20 5
10.0859 -414.52 -414.52 2 20 5
10.0859 -414.57 -414.57 2 20 5
10.0859 -414.62 -414.62 2 20 5
10.0858 -414.67 -414.67 2 20 5
10.0869 -414.72 -414.72 2 20 5
10.0864 -414.77 -414.77 2 20 5
10.0859 -414.82 -414.82 2 20 5
10.0857 -414.87 -414.87 2 20 5
10.0857 -414.92 -414.92 2 20 5
10.0858 -414.97 -414.97 2 20 5
10.0859 -415.02 -415.02 2 20 5
10.086 -415.07 -415.07 2 20 5
10.086 -415.12 -415.12 2 20 5
10.0859 -415.17 -415.17 2 20 5
10.0859 -415.22 -415.22 2 20 5
10.0859 -415.27 -415.27 2 20 5
10.0858 -415.32 -415.32 2 20 5
10.086 -415.37 -415.37 2 20 5
10.086 -415.42 -415.42 2 20 5
10.0859 -415.47 -415.47 2 20 5
10.0859 -415.52 -415.52 2 20 5
10.0859 -415.57 -415.57 2 20 5
10.0858 -415.62 -415.62 2 20 5
10.0858 -415.67 -415.67 2 20 5
10.0859 -415.72 -415.72 2 20 5
10.0859 -415.77 -415.77 2 20 5
10.0859 -415.82 -415.82 2 20 5
10.0859 -415.87 -415.87 2 20 5
10.0859 -415.92 -415.92 2 20 5
10.0859 -415.97 -415.97 2 20 5
10.0859 -416.02 -416.02 2 20 5
10.0859 -416.07 -416.07 2 20 5
10.0858 -416.12 -416.12 2 20 5
10.086 -416.17 -416.17 2 20 5
10.086 -416.22 -416.22 2 20 5
10.0859 -416.27 -416.27 2 20 5
10.0859 -416.32 -416.32 2 20 5
10.0858 -416.37 -416.37 2 20 5
10.0868 -416.42 -416.42 2 20 5
10.0864 -416.47 -416.47 2 20 5
10.0859 -416.52 -416.52 2 20 5
10.0857 -416.57 -416.57 2 20 5
10.0857 -416.62 -416.62 2 20 5
10.0858 -416.67 -416.67 2 20 5
10.086 -416.72 -416.72 2 20 5
10.086 -416.77 -416.77 2 20 5
10.0859 -416.82 -416.82 2 20 5
10.0859 -416.87 -416.87 2 20 5
10.0859 -416.92 -416.92 2 20 5
10.0858 -416.97 -416.97 2 20 5
10.0855 -417.02 -417.02 2 20 5
10.0857 -417.07 -417.07 2 20 5
10.0859 -417.12 -417.12 2 20 5
10.086 -417.17 -417.17 2 20 5
10.086 -417.22 -417.22 2 20 5
10.0859 -417.27 -417.27 2 20 5
10.0859 -417.32 -417.32 2 20 5
10.0858 -417.37 -417.37 2 20 5
10.0858 -417.42 -417.42 2 20 5
10.0859 -417.47 -417.47 2 20 5
10.0859 -417.52 -417.52 2 20 5
10.0859 -417.57 -417.57 2 20 5
10.0859 -417.62 -417.62 2 20 5
10.0859 -417.67 -417.67 2 20 5
10.0859 -417.72 -417.72 2 20 5
10.0859 -417.77 -417.77 2 20 5
10.0859 -417.82 -417.82 2 20 5
10.0872 -417.87 -417.87 2 20 5
10.0872 -417.92 -417.92 2 20 5
10.0866 -417.97 -417.97 2 20 5
10.0859 -418.02 -418.02 2 20 5
10.0856 -418.07 -418.07 2 20 5
10.0856 -418.12 -418.12 2 20 5
10.0857 -418.17 -418.17 2 20 5
10.0859 -418.22 -418.22 2 20 5
10.086 -418.27 -418.27 2 20 5
10.086 -418.32 -418.32 2 20 5
10.0859 -418.37 -418.37 2 20 5
10.0859 -418.42 -418.42 2 20 5
10.0859 -418.47 -418.47 2 20 5
10.0858 -418.52 -418.52 2 20 5
10.0863 -418.57 -418.57 2 20 5
10.0861 -418.62 -418.62 2 20 5
10.0859 -418.67 -418.67 2 20 5
10.0858 -418.72 -418.72 2 20 5
10.0859 -418.77 -418.77 2 20 5
10.0859 -418.82 -418.82 2 20 5
10.0859 -418.87 -418.87 2 20 5
10.0859 -418.92 -418.92 2 20 5
10.0858 -418.97 -418.97 2 20 5
10.0857 -419.02 -419.02 2 20 5
10.0859 -419.07 -419.07 2 20 5
10.0859 -419.12 -419.12 2 20 5
10.0859 -419.17 -419.17 2 20 5
10.0859 -419.22 -419.22 2 20 5
10.0859 -419.27 -419.27 2 20 5
10.0859 -419.32 -419.32 2 20 5
10.0859 -419.37 -419.37 2 20 5
10.0859 -419.42 -419.42 2 20 5
10.0858 -419.47 -419.47 2 20 5
10.0858 -419.52 -419.52 2 20 5
10.0859 -419.57 -419.57 2 20 5
10.0859 -419.62 -419.62 2 20 5
10.0859 -419.67 -419.67 2 20 5
10.0859 -419.72 -419.72 2 20 5
10.0859 -419.77 -419.77 2 20 5
10.0859 -419.82 -419.82 2 20 5
10.0859 -419.87 -419.87 2 20 5
10.0859 -419.92 -419.92 2 20 5
10.0858 -419.97 -419.97 2 20 5
10.0864 -420.02 -420.02 2 20 5
10.0862 -420.07 -420.07 2 20 5
10.0859 -420.12 -420.12 2 20 5
10.0858 -420.17 -420.17 2 20 5
10.0858 -420.22 -420.22 2 20 5
10.0867 -420.27 -420.27 2 20 5
10.0863 -420.32 -420.32 2 20 5
10.0859 -420.37 -420.37 2 20 5
10.0857 -420.42 -420.42 2 20 5
10.0857 -420.47 -420.47 2 20 5
10.0858 -420.52 -420.52 2 20 5
10.0865 -420.57 -420.57 2 20 5
10.0862 -420.62 -420.62 2 20 5
10.086 -420.67 -420.67 2 20 5
10.0858 -420.72 -420.72 2 20 5
10.0858 -420.77 -420.77 2 20 5
10.0859 -420.82 -420.82 2 20 5
10.0859 -420.87 -420.87 2 20 5
10.0859 -420.92 -420.92 2 20 5
10.0859 -420.97 -420.97 2 20 5
10.0859 -421.02 -421.02 2 20 5
10.0859 -421.07 -421.07 2 20 5
10.0859 -421.12 -421.12 2 20 5
10.0859 -421.17 -421.17 2 20 5
10.0858 -421.22 -421.22 2 20 5
10.0858 -421.27 -421.27 2 20 5
10.0861 -421.32 -421.32 2 20 5
10.086 -421.37 -421.37 2 20 5
10.0859 -421.42 -421.42 2 20 5
10.0859 -421.47 -421.47 2 20 5
10.0858 -421.52 -421.52 2 20 5
10.086 -421.57 -421.57 2 20 5
10.0859 -421.62 -421.62 2 20 5
10.0859 -421.67 -421.67 2 20 5
10.0859 -421.72 -421.72 2 20 5
10.0859 -421.77 -421.77 2 20 5
10.0858 -421.82 -421.82 2 20 5
10.0858 -421.87 -421.87 2 20 5
10.0859 -421.92 -421.92 2 20 5
10.0859 -421.97 -421.97 2 20 5
10.0859 -422.02 -422.02 2 20 5
10.0859 -422.07 -422.07 2 20 5
10.0859 -422.12 -422.12 2 20 5
10.0859 -422.17 -422.17 2 20 5
10.0859 -422.22 -422.22 2 20 5
10.0859 -422.27 -422.27 2 20 5
10.0858 -422.32 -422.32 2 20 5
10.0855 -422.37 -422.37 2 20 5
10.0857 -422.42 -422.42 2 20 5
10.086 -422.47 -422.47 2 20 5
10.086 -422.52 -422.52 2 20 5
10.086 -422.57 -422.57 2 20 5
10.0859 -422.62 -422.62 2 20 5
10.0859 -422.67 -422.67 2 20 5
10.0858 -422.72 -422.72 2 20 5
10.0858 -422.77 -422.77 2 20 5
10.0859 -422.82 -422.82 2 20 5
10.0859 -422.87 -422.87 2 20 5
10.0859 -422.92 -422.92 2 20 5
10.0859 -422.97 -422.97 2 20 5
10.0859 -423.02 -423.02 2 20 5
10.0859 -423.07 -423.07 2 20 5
10.0859 -423.12 -423.12 2 20 5
10.0859 -423.17 -423.17 2 20 5
10.0858 -423.22 -423.22 2 20 5
10.0858 -423.27 -423.27 2 20 5
10.086 -423.32 -423.32 2 20 5
10.086 -423.37 -423.37 2 20 5
10.0859 -423.42 -423.42 2 20 5
10.0859 -423.47 -423.47 2 20 5
10.0859 -423.52 -423.52 2 20 5
10.0858 -423.57 -423.57 2 20 5
10.0858 -423.62 -423.62 2 20 5
10.0859 -423.67 -423.67 2 20 5
10.0859 -423.72 -423.72 2 20 5
10.0859 -423.77 -423.77 2 20 5
10.0859 -423.82 -423.82 2 20 5
10.0859 -423.87 -423.87 2 20 5
10.0859 -423.92 -423.92 2 20 5
10.0858 -423.97 -423.97 2 20 5
10.0858 -424.02 -424.02 2 20 5
10.0859 -424.07 -424.07 2 20 5
10.0859 -424.12 -424.12 2 20 5
10.0859 -424.17 -424.17 2 20 5
10.0859 -424.22 -424.22 2 20 5
10.0859 -424.27 -424.27 2 20 5
10.0859 -424.32 -424.32 2 20 5
10.0859 -424.37 -424.37 2 20 5
10.0859 -424.42 -424.42 2 20 5
10.0858 -424.47 -424.47 2 20 5
10.0864 -424.52 -424.52 2 20 5
10.0862 -424.57 -424.57 2 20 5
10.0859 -424.62 -424.62 2 20 5
10.0858 -424.67 -424.67 2 20 5
10.0858 -424.72 -424.72 2 20 5
10.086 -424.77 -424.77 2 20 5
10.086 -424.82 -424.82 2 20 5
10.0859 -424.87 -424.87 2 20 5
10.0859 -424.92 -424.92 2 20 5
10.0859 -424.97 -424.97 2 20 5
10.0858 -425.02 -425.02 2 20 5
10.0866 -425.07 -425.07 2 20 5
10.0863 -425.12 -425.12 2 20 5
10.0859 -425.17 -425.17 2 20 5
10.0857 -425.22 -425.22 2 20 5
10.0858 -425.27 -425.27 2 20 5
10.0859 -425.32 -425.32 2 20 5
10.0859 -425.37 -425.37 2 20 5
10.0859 -425.42 -425.42 2 20 5
10.0858 -425.47 -425.47 2 20 5
10.0858 -425.52 -425.52 2 20 5
10.086 -425.57 -425.57 2 20 5
10.086 -425.62 -425.62 2 20 5
10.0859 -425.67 -425.67 2 20 5
10.0859 -425.72 -425.72 2 20 5
10.0859 -425.77 -425.77 2 20 5
10.0858 -425.82 -425.82 2 20 5
10.0861 -425.87 -425.87 2 20 5
10.0861 -425.92 -425.92 2 20 5
10.0859 -425.97 -425.97 2 20 5
10.0858 -426.02 -426.02 2 20 5
10.0858 -426.07 -426.07 2 20 5
10.0859 -426.12 -426.12 2 20 5
10.0859 -426.17 -426.17 2 20 5
10.0859 -426.22 -426.22 2 20 5
10.0859 -426.27 -426.27 2 20 5
10.0859 -426.32 -426.32 2 20 5
10.0859 -426.37 -426.37 2 20 5
10.0859 -426.42 -426.42 2 20 5
10.0859 -426.47 -426.47 2 20 5
10.0859 -426.52 -426.52 2 20 5
10.0859 -426.57 -426.57 2 20 5
10.0859 -426.62 -426.62 2 20 5
10.0858 -426.67 -426.67 2 20 5
10.0858 -426.72 -426.72 2 20 5
10.0859 -426.77 -426.77 2 20 5
10.0859 -426.82 -426.82 2 20 5
10.0859 -426.87 -426.87 2 20 5
10.0859 -426.92 -426.92 2 20 5
10.0859 -426.97 -426.97 2 20 5
10.0859 -427.02 -427.02 2 20 5
10.0858 -427.07 -427.07 2 20 5
10.0858 -427.12 -427.12 2 20 5
10.0859 -427.17 -427.17 2 20 5
10.0859 -427.22 -427.22 2 20 5
10.0859 -427.27 -427.27 2 20 5
10.0859 -427.32 -427.32 2 20 5
10.0859 -427.37 -427.37 2 20 5
10.0859 -427.42 -427.42 2 20 5
10.0858 -427.47 -427.47 2 20 5
10.0858 -427.52 -427.52 2 20 5
10.086 -427.57 -427.57 2 20 5
10.086 -427.62 -427.62 2 20 5
10.0859 -427.67 -427.67 2 20 5
10.0859 -427.72 -427.72 2 20 5
10.0859 -427.77 -427.77 2 20 5
10.0858 -427.82 -427.82 2 20 5
10.0857 -427.87 -427.87 2 20 5
10.0859 -427.92 -427.92 2 20 5
10.0859 -427.97 -427.97 2 20 5
10.0859 -428.02 -428.02 2 20 5
10.0859 -428.07 -428.07 2 20 5
10.0859 -428.12 -428.12 2 20 5
10.0859 -428.17 -428.17 2 20 5
10.0859 -428.22 -428.22 2 20 5
10.0859 -428.27 -428.27 2 20 5
10.0859 -428.32 -428.32 2 20 5
10.0858 -428.37 -428.37 2 20 5
10.0871 -428.42 -428.42 2 20 5
10.0865 -428.47 -428.47 2 20 5
10.0859 -428.52 -428.52 2 20 5
10.0856 -428.57 -428.57 2 20 5
10.0856 -428.62 -428.62 2 20 5
10.0858 -428.67 -428.67 2 20 5
10.086 -428.72 -428.72 2 20 5
10.086 -428.77 -428.77 2 20 5
10.086 -428.82 -428.82 2 20 5
10.0859 -428.87 -428.87 2 20 5
10.0859 -428.92 -428.92 2 20 5
10.0859 -428.97 -428.97 2 20 5
10.0858 -429.02 -429.02 2 20 5
10.086 -429.07 -429.07 2 20 5
10.086 -429.12 -429.12 2 20 5
10.0859 -429.17 -429.17 2 20 5
10.0859 -429.22 -429.22 2 20 5
10.0859 -429.27 -429.27 2 20 5
10.0858 -429.32 -429.32 2 20 5
10.086 -429.37 -429.37 2 20 5
10.086 -429.42 -429.42 2 20 5
10.0859 -429.47 -429.47 2 20 5
10.0859 -429.52 -429.52 2 20 5
10.0859 -429.57 -429.57 2 20 5
10.0858 -429.62 -429.62 2 20 5
10.0862 -429.67 -429.67 2 20 5
10.0861 -429.72 -429.72 2 20 5
10.0859 -429.77 -429.77 2 20 5
10.0858 -429.82 -429.82 2 20 5
10.0858 -429.87 -429.87 2 20 5
10.0859 -429.92 -429.92 2 20 5
10.0859 -429.97 -429.97 2 20 5
10.0859 -430.02 -430.02 2 20 5
10.0859 -430.07 -430.07 2 20 5
10.0859 -430.12 -430.12 2 20 5
10.0859 -430.17 -430.17 2 20 5
10.0859 -430.22 -430.22 2 20 5
10.0859 -430.27 -430.27 2 20 5
10.0859 -430.32 -430.32 2 20 5
10.0859 -430.37 -430.37 2 20 5
10.0859 -430.42 -430.42 2 20 5
10.0858 -430.47 -430.47 2 20 5
10.0849 -430.52 -430.52 2 20 5
10.0854 -430.57 -430.57 2 20 5
10.086 -430.62 -430.62 2 20 5
10.0862 -430.67 -430.67 2 20 5
10.0862 -430.72 -430.72 2 20 5
10.086 -430.77 -430.77 2 20 5
10.0859 -430.82 -430.82 2 20 5
10.0858 -430.87 -430.87 2 20 5
10.0861 -430.92 -430.92 2 20 5
10.086 -430.97 -430.97 2 20 5
10.0859 -431.02 -431.02 2 20 5
10.0858 -431.07 -431.07 2 20 5
10.0856 -431.12 -431.12 2 20 5
10.0858 -431.17 -431.17 2 20 5
10.086 -431.22 -431.22 2 20 5
10.086 -431.27 -431.27 2 20 5
10.086 -431.32 -431.32 2 20 5
10.0859 -431.37 -431.37 2 20 5
10.0859 -431.42 -431.42 2 20 5
10.0858 -431.47 -431.47 2 20 5
10.0854 -431.52 -431.52 2 20 5
10.0857 -431.57 -431.57 2 20 5
10.086 -431.62 -431.62 2 20 5
10.086 -431.67 -431.67 2 20 5
10.086 -431.72 -431.72 2 20 5
10.0859 -431.77 -431.77 2 20 5
10.0859 -431.82 -431.82 2 20 5
10.0858 -431.87 -431.87 2 20 5
10.0858 -431.92 -431.92 2 20 5
10.0859 -431.97 -431.97 2 20 5
10.0859 -432.02 -432.02 2 20 5
10.0859 -432.07 -432.07 2 20 5
10.0859 -432.12 -432.12 2 20 5
10.0859 -432.17 -432.17 2 20 5
10.0859 -432.22 -432.22 2 20 5
10.0859 -432.27 -432.27 2 20 5
10.0859 -432.32 -432.32 2 20 5
10.0858 -432.37 -432.37 2 20 5
10.0867 -432.42 -432.42 2 20 5
10.0864 -432.47 -432.47 2 20 5
10.0859 -432.52 -432.52 2 20 5
10.0857 -432.57 -432.57 2 20 5
10.0857 -432.62 -432.62 2 20 5
10.0858 -432.67 -432.67 2 20 5
10.0856 -432.72 -432.72 2 20 5
10.0858 -432.77 -432.77 2 20 5
10.0858 -432.82 -432.82 2 20 5
10.0844 -432.87 -432.87 2 20 5
10.0852 -432.92 -432.92 2 20 5
10.086 -432.97 -432.97 2 20 5
10.0863 -433.02 -433.02 2 20 5
10.0863 -433.07 -433.07 2 20 5
10.0861 -433.12 -433.12 2 20 5
10.0859 -433.17 -433.17 2 20 5
10.0858 -433.22 -433.22 2 20 5
10.0859 -433.27 -433.27 2 20 5
10.0859 -433.32 -433.32 2 20 5
10.0858 -433.37 -433.37 2 20 5
10.0858 -433.42 -433.42 2 20 5
10.0862 -433.47 -433.47 2 20 5
10.0861 -433.52 -433.52 2 20 5
10.0859 -433.57 -433.57 2 20 5
10.0858 -433.62 -433.62 2 20 5
10.0857 -433.67 -433.67 2 20 5
10.0859 -433.72 -433.72 2 20 5
10.0859 -433.77 -433.77 2 20 5
10.0858 -433.82 -433.82 2 20 5
10.0858 -433.87 -433.87 2 20 5
10.086 -433.92 -433.92 2 20 5
10.086 -433.97 -433.97 2 20 5
10.0859 -434.02 -434.02 2 20 5
10.0859 -434.07 -434.07 2 20 5
10.0859 -434.12 -434.12 2 20 5
10.0858 -434.17 -434.17 2 20 5
10.0861 -434.22 -434.22 2 20 5
10.0861 -434.27 -434.27 2 20 5
10.0859 -434.32 -434.32 2 20 5
10.0859 -434.37 -434.37 2 20 5
10.0858 -434.42 -434.42 2 20 5
10.0859 -434.47 -434.47 2 20 5
10.0859 -434.52 -434.52 2 20 5
10.0859 -434.57 -434.57 2 20 5
10.0859 -434.62 -434.62 2 20 5
10.0859 -434.67 -434.67 2 20 5
10.0859 -434.72 -434.72 2 20 5
10.0859 -434.77 -434.77 2 20 5
10.0859 -434.82 -434.82 2 20 5
10.0858 -434.87 -434.87 2 20 5
10.0858 -434.92 -434.92 2 20 5
10.0859 -434.97 -434.97 2 20 5
10.0859 -435.02 -435.02 2 20 5
10.0859 -435.07 -435.07 2 20 5
10.0859 -435.12 -435.12 2 20 5
10.0859 -435.17 -435.17 2 20 5
10.0859 -435.22 -435.22 2 20 5
10.0859 -435.27 -435.27 2 20 5
10.0858 -435.32 -435.32 2 20 5
10.0857 -435.37 -435.37 2 20 5
10.0859 -435.42 -435.42 2 20 5
10.0859 -435.47 -435.47 2 20 5
10.0859 -435.52 -435.52 2 20 5
10.0859 -435.57 -435.57 2 20 5
10.0859 -435.62 -435.62 2 20 5
10.0859 -435.67 -435.67 2 20 5
10.0859 -435.72 -435.72 2 20 5
10.0859 -435.77 -435.77 2 20 5
10.0858 -435.82 -435.82 2 20 5
10.0858 -435.87 -435.87 2 20 5
10.0861 -435.92 -435.92 2 20 5
10.086 -435.97 -435.97 2 20 5
10.0859 -436.02 -436.02 2 20 5
10.0859 -436.07 -436.07 2 20 5
10.0858 -436.12 -436.12 2 20 5
10.085 -436.17 -436.17 2 20 5
10.0855 -436.22 -436.22 2 20 5
10.0859 -436.27 -436.27 2 20 5
10.0861 -436.32 -436.32 2 20 5
10.0861 -436.37 -436.37 2 20 5
10.086 -436.42 -436.42 2 20 5
10.0859 -436.47 -436.47 2 20 5
10.0858 -436.52 -436.52 2 20 5
10.0854 -436.57 -436.57 2 20 5
10.0857 -436.62 -436.62 2 20 5
10.0859 -436.67 -436.67 2 20 5
10.086 -436.72 -436.72 2 20 5
10.086 -436.77 -436.77 2 20 5
10.086 -436.82 -436.82 2 20 5
10.0859 -436.87 -436.87 2 20 5
10.0858 -436.92 -436.92 2 20 5
10.0858 -436.97 -436.97 2 20 5
10.0859 -437.02 -437.02 2 20 5
10.0859 -437.07 -437.07 2 20 5
10.0859 -437.12 -437.12 2 20 5
10.0859 -437.17 -437.17 2 20 5
10.0859 -437.22 -437.22 2 20 5
10.0859 -437.27 -437.27 2 20 5
10.0858 -437.32 -437.32 2 20 5
10.0858 -437.37 -437.37 2 20 5
10.0859 -437.42 -437.42 2 20 5
10.086 -437.47 -437.47 2 20 5
10.0859 -437.52 -437.52 2 20 5
10.0859 -437.57 -437.57 2 20 5
10.0859 -437.62 -437.62 2 20 5
10.0859 -437.67 -437.67 2 20 5
10.0858 -437.72 -437.72 2 20 5
10.0857 -437.77 -437.77 2 20 5
10.0858 -437.82 -437.82 2 20 5
10.0858 -437.87 -437.87 2 20 5
10.0857 -437.92 -437.92 2 20 5
10.0859 -437.97 -437.97 2 20 5
10.086 -438.02 -438.02 2 20 5
10.086 -438.07 -438.07 2 20 5
10.0859 -438.12 -438.12 2 20 5
10.0859 -438.17 -438.17 2 20 5
10.0859 -438.22 -438.22 2 20 5
10.0859 -438.27 -438.27 2 20 5
10.0858 -438.32 -438.32 2 20 5
10.0872 -438.37 -438.37 2 20 5
10.0866 -438.42 -438.42 2 20 5
10.0859 -438.47 -438.47 2 20 5
10.0856 -438.52 -438.52 2 20 5
10.0856 -438.57 -438.57 2 20 5
10.0858 -438.62 -438.62 2 20 5
10.086 -438.67 -438.67 2 20 5
10.086 -438.72 -438.72 2 20 5
10.086 -438.77 -438.77 2 20 5
10.0859 -438.82 -438.82 2 20 5
10.0859 -438.87 -438.87 2 20 5
10.0859 -438.92 -438.92 2 20 5
10.0858 -438.97 -438.97 2 20 5
10.0861 -439.02 -439.02 2 20 5
10.086 -439.07 -439.07 2 20 5
10.0859 -439.12 -439.12 2 20 5
10.0859 -439.17 -439.17 2 20 5
10.0858 -439.22 -439.22 2 20 5
10.0857 -439.27 -439.27 2 20 5
10.0858 -439.32 -439.32 2 20 5
10.0856 -439.37 -439.37 2 20 5
10.0858 -439.42 -439.42 2 20 5
10.0861 -439.47 -439.47 2 20 5
10.0861 -439.52 -439.52 2 20 5
10.086 -439.57 -439.57 2 20 5
10.0859 -439.62 -439.62 2 20 5
10.0858 -439.67 -439.67 2 20 5
10.0852 -439.72 -439.72 2 20 5
10.0856 -439.77 -439.77 2 20 5
10.0859 -439.82 -439.82 2 20 5
10.0861 -439.87 -439.87 2 20 5
10.0861 -439.92 -439.92 2 20 5
10.086 -439.97 -439.97 2 20 5
10.0859 -440.02 -440.02 2 20 5
10.0858 -440.07 -440.07 2 20 5
10.0857 -440.12 -440.12 2 20 5
10.0859 -440.17 -440.17 2 20 5
10.0859 -440.22 -440.22 2 20 5
10.0859 -440.27 -440.27 2 20 5
10.0859 -440.32 -440.32 2 20 5
10.0859 -440.37 -440.37 2 20 5
10.0859 -440.42 -440.42 2 20 5
10.0859 -440.47 -440.47 2 20 5
10.0859 -440.52 -440.52 2 20 5
10.0859 -440.57 -440.57 2 20 5
10.0858 -440.62 -440.62 2 20 5
10.0853 -440.67 -440.67 2 20 5
10.0857 -440.72 -440.72 2 20 5
10.086 -440.77 -440.77 2 20 5
10.0861 -440.82 -440.82 2 20 5
10.086 -440.87 -440.87 2 20 5
10.086 -440.92 -440.92 2 20 5
10.0859 -440.97 -440.97 2 20 5
10.0858 -441.02 -441.02 2 20 5
10.0857 -441.07 -441.07 2 20 5
10.0859 -441.12 -441.12 2 20 5
10.0859 -441.17 -441.17 2 20 5
10.0859 -441.22 -441.22 2 20 5
10.0859 -441.27 -441.27 2 20 5
10.0859 -441.32 -441.32 2 20 5
10.0859 -441.37 -441.37 2 20 5
10.0859 -441.42 -441.42 2 20 5
10.0859 -441.47 -441.47 2 20 5
10.0859 -441.52 -441.52 2 20 5
10.0858 -441.57 -441.57 2 20 5
10.0857 -441.62 -441.62 2 20 5
10.0859 -441.67 -441.67 2 20 5
10.0859 -441.72 -441.72 2 20 5
10.0859 -441.77 -441.77 2 20 5
10.0859 -441.82 -441.82 2 20 5
10.0859 -441.87 -441.87 2 20 5
10.0859 -441.92 -441.92 2 20 5
10.0859 -441.97 -441.97 2 20 5
10.0858 -442.02 -442.02 2 20 5
10.0858 -442.07 -442.07 2 20 5
10.0859 -442.12 -442.12 2 20 5
10.086 -442.17 -442.17 2 20 5
10.0859 -442.22 -442.22 2 20 5
10.0859 -442.27 -442.27 2 20 5
10.0859 -442.32 -442.32 2 20 5
10.0859 -442.37 -442.37 2 20 5
10.0858 -442.42 -442.42 2 20 5
10.0858 -442.47 -442.47 2 20 5
10.086 -442.52 -442.52 2 20 5
10.086 -442.57 -442.57 2 20 5
10.0859 -442.62 -442.62 2 20 5
10.0859 -442.67 -442.67 2 20 5
10.0858 -442.72 -442.72 2 20 5
10.0858 -442.77 -442.77 2 20 5
10.086 -442.82 -442.82 2 20 5
10.086 -442.87 -442.87 2 20 5
10.0859 -442.92 -442.92 2 20 5
10.0859 -442.97 -442.97 2 20 5
10.0859 -443.02 -443.02 2 20 5
10.0859 -443.07 -443.07 2 20 5
10.0858 -443.12 -443.12 2 20 5
10.0851 -443.17 -443.17 2 20 5
10.0856 -443.22 -443.22 2 20 5
10.086 -443.27 -443.27 2 20 5
10.0861 -443.32 -443.32 2 20 5
10.0861 -443.37 -443.37 2 20 5
10.086 -443.42 -443.42 2 20 5
10.0859 -443.47 -443.47 2 20 5
10.0858 -443.52 -443.52 2 20 5
10.0856 -443.57 -443.57 2 20 5
10.0858 -443.62 -443.62 2 20 5
10.0862 -443.67 -443.67 2 20 5
10.0861 -443.72 -443.72 2 20 5
10.086 -443.77 -443.77 2 20 5
10.0859 -443.82 -443.82 2 20 5
10.0858 -443.87 -443.87 2 20 5
10.086 -443.92 -443.92 2 20 5
10.086 -443.97 -443.97 2 20 5
10.0859 -444.02 -444.02 2 20 5
10.0859 -444.07 -444.07 2 20 5
10.0859 -444.12 -444.12 2 20 5
10.0858 -444.17 -444.17 2 20 5
10.085 -444.22 -444.22 2 20 5
10.0855 -444.27 -444.27 2 20 5
10.086 -444.32 -444.32 2 20 5
10.0862 -444.37 -444.37 2 20 5
10.0861 -444.42 -444.42 2 20 5
10.086 -444.47 -444.47 2 20 5
10.0859 -444.52 -444.52 2 20 5
10.0858 -444.57 -444.57 2 20 5
10.0853 -444.62 -444.62 2 20 5
10.0856 -444.67 -444.67 2 20 5
10.0859 -444.72 -444.72 2 20 5
10.0861 -444.77 -444.77 2 20 5
10.0861 -444.82 -444.82 2 20 5
10.086 -444.87 -444.87 2 20 5
10.0859 -444.92 -444.92 2 20 5
10.0858 -444.97 -444.97 2 20 5
10.0858 -445.02 -445.02 2 20 5
10.0859 -445.07 -445.07 2 20 5
10.0859 -445.12 -445.12 2 20 5
10.0859 -445.17 -445.17 2 20 5
10.0859 -445.22 -445.22 2 20 5
10.0859 -445.27 -445.27 2 20 5
10.0859 -445.32 -445.32 2 20 5
10.0859 -445.37 -445.37 2 20 5
10.0858 -445.42 -445.42 2 20 5
10.0858 -445.47 -445.47 2 20 5
10.0859 -445.52 -445.52 2 20 5
10.086 -445.57 -445.57 2 20 5
10.0859 -445.62 -445.62 2 20 5
10.0859 -445.67 -445.67 2 20 5
10.0859 -445.72 -445.72 2 20 5
10.0859 -445.77 -445.77 2 20 5
10.0858 -445.82 -445.82 2 20 5
10.0857 -445.87 -445.87 2 20 5
10.0859 -445.92 -445.92 2 20 5
10.0859 -445.97 -445.97 2 20 5
10.0859 -446.02 -446.02 2 20 5
10.0859 -446.07 -446.07 2 20 5
10.0859 -446.12 -446.12 2 20 5
10.0859 -446.17 -446.17 2 20 5
10.0859 -446.22 -446.22 2 20 5
10.0858 -446.27 -446.27 2 20 5
10.088 -446.32 -446.32 2 20 5
10.088 -446.37 -446.37 2 20 5
10.087 -446.42 -446.42 2 20 5
10.0859 -446.47 -446.47 2 20 5
10.0854 -446.52 -446.52 2 20 5
10.0854 -446.57 -446.57 2 20 5
10.0857 -446.62 -446.62 2 20 5
10.0859 -446.67 -446.67 2 20 5
10.086 -446.72 -446.72 2 20 5
10.086 -446.77 -446.77 2 20 5
10.086 -446.82 -446.82 2 20 5
10.0859 -446.87 -446.87 2 20 5
10.0859 -446.92 -446.92 2 20 5
10.0858 -446.97 -446.97 2 20 5
10.0861 -447.02 -447.02 2 20 5
10.086 -447.07 -447.07 2 20 5
10.0859 -447.12 -447.12 2 20 5
10.0859 -447.17 -447.17 2 20 5
10.0858 -447.22 -447.22 2 20 5
10.0857 -447.27 -447.27 2 20 5
10.0859 -447.32 -447.32 2 20 5
10.0859 -447.37 -447.37 2 20 5
10.0859 -447.42 -447.42 2 20 5
10.0859 -447.47 -447.47 2 20 5
10.0859 -447.52 -447.52 2 20 5
10.0859 -447.57 -447.57 2 20 5
10.0859 -447.62 -447.62 2 20 5
10.0859 -447.67 -447.67 2 20 5
10.0858 -447.72 -447.72 2 20 5
10.0858 -447.77 -447.77 2 20 5
10.0849 -447.82 -447.82 2 20 5
10.0855 -447.87 -447.87 2 20 5
10.086 -447.92 -447.92 2 20 5
10.0862 -447.97 -447.97 2 20 5
10.0862 -448.02 -448.02 2 20 5
10.086 -448.07 -448.07 2 20 5
10.0859 -448.12 -448.12 2 20 5
10.0847 -448.17 -448.17 2 20 5
10.0847 -448.22 -448.22 2 20 5
10.0853 -448.27 -448.27 2 20 5
10.0859 -448.32 -448.32 2 20 5
10.0862 -448.37 -448.37 2 20 5
10.0862 -448.42 -448.42 2 20 5
10.0861 -448.47 -448.47 2 20 5
10.0859 -448.52 -448.52 2 20 5
10.0858 -448.57 -448.57 2 20 5
10.0874 -448.62 -448.62 2 20 5
10.0867 -448.67 -448.67 2 20 5
10.0859 -448.72 -448.72 2 20 5
10.0855 -448.77 -448.77 2 20 5
10.0855 -448.82 -448.82 2 20 5
10.0857 -448.87 -448.87 2 20 5
10.086 -448.92 -448.92 2 20 5
10.086 -448.97 -448.97 2 20 5
10.086 -449.02 -449.02 2 20 5
10.0859 -449.07 -449.07 2 20 5
10.0859 -449.12 -449.12 2 20 5
10.0858 -449.17 -449.17 2 20 5
10.0858 -449.22 -449.22 2 20 5
10.086 -449.27 -449.27 2 20 5
10.086 -449.32 -449.32 2 20 5
10.0859 -449.37 -449.37 2 20 5
10.0859 -449.42 -449.42 2 20 5
10.0859 -449.47 -449.47 2 20 5
10.0858 -449.52 -449.52 2 20 5
10.0857 -449.57 -449.57 2 20 5
10.0859 -449.62 -449.62 2 20 5
10.0859 -449.67 -449.67 2 20 5
10.0859 -449.72 -449.72 2 20 5
10.0859 -449.77 -449.77 2 20 5
10.0859 -449.82 -449.82 2 20 5
10.0859 -449.87 -449.87 2 20 5
10.0859 -449.92 -449.92 2 20 5
10.0859 -449.97 -449.97 2 20 5
10.0858 -450.02 -450.02 2 20 5
10.0858 -450.07 -450.07 2 20 5
10.0866 -450.12 -450.12 2 20 5
10.0863 -450.17 -450.17 2 20 5
10.086 -450.22 -450.22 2 20 5
10.0858 -450.27 -450.27 2 20 5
10.0858 -450.32 -450.32 2 20 5
10.086 -450.37 -450.37 2 20 5
10.086 -450.42 -450.42 2 20 5
10.0859 -450.47 -450.47 2 20 5
10.0859 -450.52 -450.52 2 20 5
10.0859 -450.57 -450.57 2 20 5
10.0858 -450.62 -450.62 2 20 5
10.0858 -450.67 -450.67 2 20 5
10.0859 -450.72 -450.72 2 20 5
10.0859 -450.77 -450.77 2 20 5
10.0859 -450.82 -450.82 2 20 5
10.0859 -450.87 -450.87 2 20 5
10.0859 -450.92 -450.92 2 20 5
10.0859 -450.97 -450.97 2 20 5
10.0859 -451.02 -451.02 2 20 5
10.0858 -451.07 -451.07 2 20 5
10.0857 -451.12 -451.12 2 20 5
10.0859 -451.17 -451.17 2 20 5
10.0859 -451.22 -451.22 2 20 5
10.0859 -451.27 -451.27 2 20 5
10.0859 -451.32 -451.32 2 20 5
10.0859 -451.37 -451.37 2 20 5
10.0859 -451.42 -451.42 2 20 5
10.0859 -451.47 -451.47 2 20 5
10.0859 -451.52 -451.52 2 20 5
10.0859 -451.57 -451.57 2 20 5
10.0858 -451.62 -451.62 2 20 5
10.0856 -451.67 -451.67 2 20 5
10.0858 -451.72 -451.72 2 20 5
10.0858 -451.77 -451.77 2 20 5
10.086 -451.82 -451.82 2 20 5
10.086 -451.87 -451.87 2 20 5
10.086 -451.92 -451.92 2 20 5
10.0859 -451.97 -451.97 2 20 5
10.0859 -452.02 -452.02 2 20 5
10.0858 -452.07 -452.07 2 20 5
10.0858 -452.12 -452.12 2 20 5
10.0861 -452.17 -452.17 2 20 5
10.086 -452.22 -452.22 2 20 5
10.0859 -452.27 -452.27 2 20 5
10.0859 -452.32 -452.32 2 20 5
10.0858 -452.37 -452.37 2 20 5
10.0858 -452.42 -452.42 2 20 5
10.0859 -452.47 -452.47 2 20 5
10.0859 -452.52 -452.52 2 20 5
10.0859 -452.57 -452.57 2 20 5
10.0859 -452.62 -452.62 2 20 5
10.0859 -452.67 -452.67 2 20 5
10.0859 -452.72 -452.72 2 20 5
10.0859 -452.77 -452.77 2 20 5
10.0858 -452.82 -452.82 2 20 5
10.0857 -452.87 -452.87 2 20 5
10.0859 -452.92 -452.92 2 20 5
10.0859 -452.97 -452.97 2 20 5
10.0859 -453.02 -453.02 2 20 5
10.0859 -453.07 -453.07 2 20 5
10.0859 -453.12 -453.12 2 20 5
10.0859 -453.17 -453.17 2 20 5
10.0859 -453.22 -453.22 2 20 5
10.0858 -453.27 -453.27 2 20 5
10.0858 -453.32 -453.32 2 20 5
10.0861 -453.37 -453.37 2 20 5
10.086 -453.42 -453.42 2 20 5
10.086 -453.47 -453.47 2 20 5
10.0859 -453.52 -453.52 2 20 5
10.0858 -453.57 -453.57 2 20 5
10.0857 -453.62 -453.62 2 20 5
10.0858 -453.67 -453.67 2 20 5
10.0858 -453.72 -453.72 2 20 5
10.0858 -453.77 -453.77 2 20 5
10.0861 -453.82 -453.82 2 20 5
10.086 -453.87 -453.87 2 20 5
10.086 -453.92 -453.92 2 20 5
10.0859 -453.97 -453.97 2 20 5
10.0858 -454.02 -454.02 2 20 5
10.0858 -454.07 -454.07 2 20 5
10.0859 -454.12 -454.12 2 20 5
10.0859 -454.17 -454.17 2 20 5
10.0859 -454.22 -454.22 2 20 5
10.0859 -454.27 -454.27 2 20 5
10.0859 -454.32 -454.32 2 20 5
10.0859 -454.37 -454.37 2 20 5
10.0859 -454.42 -454.42 2 20 5
10.0858 -454.47 -454.47 2 20 5
10.0858 -454.52 -454.52 2 20 5
10.086 -454.57 -454.57 2 20 5
10.086 -454.62 -454.62 2 20 5
10.086 -454.67 -454.67 2 20 5
10.0859 -454.72 -454.72 2 20 5
10.0859 -454.77 -454.77 2 20 5
10.0858 -454.82 -454.82 2 20 5
10.0866 -454.87 -454.87 2 20 5
10.0863 -454.92 -454.92 2 20 5
10.086 -454.97 -454.97 2 20 5
10.0857 -455.02 -455.02 2 20 5
10.0858 -455.07 -455.07 2 20 5
10.086 -455.12 -455.12 2 20 5
10.086 -455.17 -455.17 2 20 5
10.0859 -455.22 -455.22 2 20 5
10.0859 -455.27 -455.27 2 20 5
10.0859 -455.32 -455.32 2 20 5
10.0858 -455.37 -455.37 2 20 5
10.0877 -455.42 -455.42 2 20 5
10.0868 -455.47 -455.47 2 20 5
10.086 -455.52 -455.52 2 20 5
10.0855 -455.57 -455.57 2 20 5
10.0855 -455.62 -455.62 2 20 5
10.0857 -455.67 -455.67 2 20 5
10.086 -455.72 -455.72 2 20 5
10.086 -455.77 -455.77 2 20 5
10.086 -455.82 -455.82 2 20 5
10.0859 -455.87 -455.87 2 20 5
10.0859 -455.92 -455.92 2 20 5
10.0859 -455.97 -455.97 2 20 5
10.0858 -456.02 -456.02 2 20 5
10.0863 -456.07 -456.07 2 20 5
10.0861 -456.12 -456.12 2 20 5
10.086 -456.17 -456.17 2 20 5
10.0858 -456.22 -456.22 2 20 5
10.0856 -456.27 -456.27 2 20 5
10.0858 -456.32 -456.32 2 20 5
10.086 -456.37 -456.37 2 20 5
10.086 -456.42 -456.42 2 20 5
10.086 -456.47 -456.47 2 20 5
10.0859 -456.52 -456.52 2 20 5
10.0859 -456.57 -456.57 2 20 5
10.0858 -456.62 -456.62 2 20 5
10.0858 -456.67 -456.67 2 20 5
10.0859 -456.72 -456.72 2 20 5
10.086 -456.77 -456.77 2 20 5
10.0859 -456.82 -456.82 2 20 5
10.0859 -456.87 -456.87 2 20 5
10.0859 -456.92 -456.92 2 20 5
10.0859 -456.97 -456.97 2 20 5
10.0858 -457.02 -457.02 2 20 5
10.0858 -457.07 -457.07 2 20 5
10.086 -457.12 -457.12 2 20 5
10.086 -457.17 -457.17 2 20 5
10.086 -457.22 -457.22 2 20 5
10.0859 -457.27 -457.27 2 20 5
10.0859 -457.32 -457.32 2 20 5
10.0875 -457.37 -457.37 2 20 5
10.0876 -457.42 -457.42 2 20 5
10.0868 -457.47 -457.47 2 20 5
10.086 -457.52 -457.52 2 20 5
10.0855 -457.57 -457.57 2 20 5
10.0855 -457.62 -457.62 2 20 5
10.0857 -457.67 -457.67 2 20 5
10.086 -457.72 -457.72 2 20 5
10.086 -457.77 -457.77 2 20 5
10.086 -457.82 -457.82 2 20 5
10.0859 -457.87 -457.87 2 20 5
10.0859 -457.92 -457.92 2 20 5
10.0858 -457.97 -457.97 2 20 5
10.0858 -458.02 -458.02 2 20 5
10.0862 -458.07 -458.07 2 20 5
10.0861 -458.12 -458.12 2 20 5
10.086 -458.17 -458.17 2 20 5
10.0858 -458.22 -458.22 2 20 5
10.0858 -458.27 -458.27 2 20 5
10.0859 -458.32 -458.32 2 20 5
10.0859 -458.37 -458.37 2 20 5
10.0859 -458.42 -458.42 2 20 5
10.0859 -458.47 -458.47 2 20 5
10.0859 -458.52 -458.52 2 20 5
10.0859 -458.57 -458.57 2 20 5
10.0859 -458.62 -458.62 2 20 5
10.0859 -458.67 -458.67 2 20 5
10.0858 -458.72 -458.72 2 20 5
10.0857 -458.77 -458.77 2 20 5
10.0859 -458.82 -458.82 2 20 5
10.086 -458.87 -458.87 2 20 5
10.086 -458.92 -458.92 2 20 5
10.0859 -458.97 -458.97 2 20 5
10.0859 -459.02 -459.02 2 20 5
10.0859 -459.07 -459.07 2 20 5
10.0858 -459.12 -459.12 2 20 5
10.0858 -459.17 -459.17 2 20 5
10.0866 -459.22 -459.22 2 20 5
10.0863 -459.27 -459.27 2 20 5
10.086 -459.32 -459.32 2 20 5
10.0858 -459.37 -459.37 2 20 5
10.0858 -459.42 -459.42 2 20 5
10.0842 -459.47 -459.47 2 20 5
10.0851 -459.52 -459.52 2 20 5
10.086 -459.57 -459.57 2 20 5
10.0864 -459.62 -459.62 2 20 5
10.0864 -459.67 -459.67 2 20 5
10.0861 -459.72 -459.72 2 20 5
10.0859 -459.77 -459.77 2 20 5
10.0858 -459.82 -459.82 2 20 5
10.0859 -459.87 -459.87 2 20 5
10.0859 -459.92 -459.92 2 20 5
10.0859 -459.97 -459.97 2 20 5
10.0859 -460.02 -460.02 2 20 5
10.0859 -460.07 -460.07 2 20 5
10.0858 -460.12 -460.12 2 20 5
10.0858 -460.17 -460.17 2 20 5
10.0852 -460.22 -460.22 2 20 5
10.0856 -460.27 -460.27 2 20 5
10.086 -460.32 -460.32 2 20 5
10.0861 -460.37 -460.37 2 20 5
10.0861 -460.42 -460.42 2 20 5
10.086 -460.47 -460.47 2 20 5
10.0859 -460.52 -460.52 2 20 5
10.0858 -460.57 -460.57 2 20 5
10.0857 -460.62 -460.62 2 20 5
10.0859 -460.67 -460.67 2 20 5
10.0859 -460.72 -460.72 2 20 5
10.0859 -460.77 -460.77 2 20 5
10.0859 -460.82 -460.82 2 20 5
10.0859 -460.87 -460.87 2 20 5
10.0859 -460.92 -460.92 2 20 5
10.0859 -460.97 -460.97 2 20 5
10.0859 -461.02 -461.02 2 20 5
10.0859 -461.07 -461.07 2 20 5
10.0859 -461.12 -461.12 2 20 5
10.0858 -461.17 -461.17 2 20 5
10.0858 -461.22 -461.22 2 20 5
10.086 -461.27 -461.27 2 20 5
10.086 -461.32 -461.32 2 20 5
10.086 -461.37 -461.37 2 20 5
10.0859 -461.42 -461.42 2 20 5
10.0859 -461.47 -461.47 2 20 5
10.0858 -461.52 -461.52 2 20 5
10.0857 -461.57 -461.57 2 20 5
10.0859 -461.62 -461.62 2 20 5
10.0859 -461.67 -461.67 2 20 5
10.0859 -461.72 -461.72 2 20 5
10.0859 -461.77 -461.77 2 20 5
10.0859 -461.82 -461.82 2 20 5
10.0859 -461.87 -461.87 2 20 5
10.0859 -461.92 -461.92 2 20 5
10.0858 -461.97 -461.97 2 20 5
10.0858 -462.02 -462.02 2 20 5
10.0861 -462.07 -462.07 2 20 5
10.0861 -462.12 -462.12 2 20 5
10.086 -462.17 -462.17 2 20 5
10.0859 -462.22 -462.22 2 20 5
10.0858 -462.27 -462.27 2 20 5
10.0857 -462.32 -462.32 2 20 5
10.0858 -462.37 -462.37 2 20 5
10.0859 -462.42 -462.42 2 20 5
10.0859 -462.47 -462.47 2 20 5
10.0859 -462.52 -462.52 2 20 5
10.0859 -462.57 -462.57 2 20 5
10.0859 -462.62 -462.62 2 20 5
10.0859 -462.67 -462.67 2 20 5
10.0859 -462.72 -462.72 2 20 5
10.0859 -462.77 -462.77 2 20 5
10.0859 -462.82 -462.82 2 20 5
10.0858 -462.87 -462.87 2 20 5
10.0858 -462.92 -462.92 2 20 5
10.0842 -462.97 -462.97 2 20 5
10.0851 -463.02 -463.02 2 20 5
10.086 -463.07 -463.07 2 20 5
10.0864 -463.12 -463.12 2 20 5
10.0863 -463.17 -463.17 2 20 5
10.0861 -463.22 -463.22 2 20 5
10.0859 -463.27 -463.27 2 20 5
10.0858 -463.32 -463.32 2 20 5
10.0859 -463.37 -463.37 2 20 5
10.0859 -463.42 -463.42 2 20 5
10.0859 -463.47 -463.47 2 20 5
10.0859 -463.52 -463.52 2 20 5
10.0859 -463.57 -463.57 2 20 5
10.0858 -463.62 -463.62 2 20 5
10.0858 -463.67 -463.67 2 20 5
10.0854 -463.72 -463.72 2 20 5
10.0857 -463.77 -463.77 2 20 5
10.086 -463.82 -463.82 2 20 5
10.0861 -463.87 -463.87 2 20 5
10.086 -463.92 -463.92 2 20 5
10.0859 -463.97 -463.97 2 20 5
10.0859 -464.02 -464.02 2 20 5
10.0858 -464.07 -464.07 2 20 5
10.0857 -464.12 -464.12 2 20 5
10.0858 -464.17 -464.17 2 20 5
10.0859 -464.22 -464.22 2 20 5
10.0859 -464.27 -464.27 2 20 5
10.0859 -464.32 -464.32 2 20 5
10.0859 -464.37 -464.37 2 20 5
10.0859 -464.42 -464.42 2 20 5
10.0859 -464.47 -464.47 2 20 5
10.0859 -464.52 -464.52 2 20 5
10.0859 -464.57 -464.57 2 20 5
10.0859 -464.62 -464.62 2 20 5
10.0858 -464.67 -464.67 2 20 5
10.0858 -464.72 -464.72 2 20 5
10.0857 -464.77 -464.77 2 20 5
10.0859 -464.82 -464.82 2 20 5
10.086 -464.87 -464.87 2 20 5
10.086 -464.92 -464.92 2 20 5
10.0859 -464.97 -464.97 2 20 5
10.0859 -465.02 -465.02 2 20 5
10.0859 -465.07 -465.07 2 20 5
10.0859 -465.12 -465.12 2 20 5
10.0858 -465.17 -465.17 2 20 5
10.0857 -465.22 -465.22 2 20 5
10.0859 -465.27 -465.27 2 20 5
10.0859 -465.32 -465.32 2 20 5
10.086 -465.37 -465.37 2 20 5
10.0859 -465.42 -465.42 2 20 5
10.0859 -465.47 -465.47 2 20 5
10.0859 -465.52 -465.52 2 20 5
10.0859 -465.57 -465.57 2 20 5
10.0858 -465.62 -465.62 2 20 5
10.0858 -465.67 -465.67 2 20 5
10.0861 -465.72 -465.72 2 20 5
10.086 -465.77 -465.77 2 20 5
10.086 -465.82 -465.82 2 20 5
10.0859 -465.87 -465.87 2 20 5
10.0858 -465.92 -465.92 2 20 5
10.0858 -465.97 -465.97 2 20 5
10.086 -466.02 -466.02 2 20 5
10.086 -466.07 -466.07 2 20 5
10.0859 -466.12 -466.12 2 20 5
10.0859 -466.17 -466.17 2 20 5
10.0859 -466.22 -466.22 2 20 5
10.0858 -466.27 -466.27 2 20 5
10.0858 -466.32 -466.32 2 20 5
10.0864 -466.37 -466.37 2 20 5
10.0862 -466.42 -466.42 2 20 5
10.086 -466.47 -466.47 2 20 5
10.0869 -466.52 -466.52 2 20 5
10.0869 -466.57 -466.57 2 20 5
10.0864 -466.62 -466.62 2 20 5
10.0859 -466.67 -466.67 2 20 5
10.0856 -466.72 -466.72 2 20 5
10.0857 -466.77 -466.77 2 20 5
10.0859 -466.82 -466.82 2 20 5
10.0859 -466.87 -466.87 2 20 5
10.0859 -466.92 -466.92 2 20 5
10.0859 -466.97 -466.97 2 20 5
10.0859 -467.02 -467.02 2 20 5
10.0859 -467.07 -467.07 2 20 5
10.0859 -467.12 -467.12 2 20 5
10.0859 -467.17 -467.17 2 20 5
10.0859 -467.22 -467.22 2 20 5
10.0859 -467.27 -467.27 2 20 5
10.0858 -467.32 -467.32 2 20 5
10.0841 -467.37 -467.37 2 20 5
10.0842 -467.42 -467.42 2 20 5
10.0851 -467.47 -467.47 2 20 5
10.086 -467.52 -467.52 2 20 5
10.0864 -467.57 -467.57 2 20 5
10.0864 -467.62 -467.62 2 20 5
10.0861 -467.67 -467.67 2 20 5
10.0859 -467.72 -467.72 2 20 5
10.0858 -467.77 -467.77 2 20 5
10.0859 -467.82 -467.82 2 20 5
10.0859 -467.87 -467.87 2 20 5
10.0859 -467.92 -467.92 2 20 5
10.0859 -467.97 -467.97 2 20 5
10.0859 -468.02 -468.02 2 20 5
10.0858 -468.07 -468.07 2 20 5
10.0858 -468.12 -468.12 2 20 5
10.0863 -468.17 -468.17 2 20 5
10.0862 -468.22 -468.22 2 20 5
10.086 -468.27 -468.27 2 20 5
10.0858 -468.32 -468.32 2 20 5
10.0857 -468.37 -468.37 2 20 5
10.0858 -468.42 -468.42 2 20 5
10.0858 -468.47 -468.47 2 20 5
10.0845 -468.52 -468.52 2 20 5
10.0846 -468.57 -468.57 2 20 5
10.0853 -468.62 -468.62 2 20 5
10.086 -468.67 -468.67 2 20 5
10.0863 -468.72 -468.72 2 20 5
10.0863 -468.77 -468.77 2 20 5
10.0861 -468.82 -468.82 2 20 5
10.0859 -468.87 -468.87 2 20 5
10.0858 -468.92 -468.92 2 20 5
10.0863 -468.97 -468.97 2 20 5
10.0861 -469.02 -469.02 2 20 5
10.0859 -469.07 -469.07 2 20 5
10.0858 -469.12 -469.12 2 20 5
10.0848 -469.17 -469.17 2 20 5
10.0859 -469.22 -469.22 2 20 5
10.0865 -469.27 -469.27 2 20 5
10.0865 -469.32 -469.32 2 20 5
10.0862 -469.37 -469.37 2 20 5
10.0859 -469.42 -469.42 2 20 5
10.0858 -469.47 -469.47 2 20 5
10.0859 -469.52 -469.52 2 20 5
10.0858 -469.57 -469.57 2 20 5
10.0858 -469.62 -469.62 2 20 5
10.0855 -469.67 -469.67 2 20 5
10.0858 -469.72 -469.72 2 20 5
10.0861 -469.77 -469.77 2 20 5
10.0861 -469.82 -469.82 2 20 5
10.086 -469.87 -469.87 2 20 5
10.0859 -469.92 -469.92 2 20 5
10.0859 -469.97 -469.97 2 20 5
10.0858 -470.02 -470.02 2 20 5
10.0864 -470.07 -470.07 2 20 5
10.0862 -470.12 -470.12 2 20 5
10.086 -470.17 -470.17 2 20 5
10.0858 -470.22 -470.22 2 20 5
10.0861 -470.27 -470.27 2 20 5
10.086 -470.32 -470.32 2 20 5
10.0859 -470.37 -470.37 2 20 5
10.0858 -470.42 -470.42 2 20 5
10.0858 -470.47 -470.47 2 20 5
10.086 -470.52 -470.52 2 20 5
10.086 -470.57 -470.57 2 20 5
10.086 -470.62 -470.62 2 20 5
10.0859 -470.67 -470.67 2 20 5
10.0859 -470.72 -470.72 2 20 5
10.0858 -470.77 -470.77 2 20 5
10.0857 -470.82 -470.82 2 20 5
10.0859 -470.87 -470.87 2 20 5
10.086 -470.92 -470.92 2 20 5
10.086 -470.97 -470.97 2 20 5
10.0859 -471.02 -471.02 2 20 5
10.0859 -471.07 -471.07 2 20 5
10.0859 -471.12 -471.12 2 20 5
10.0858 -471.17 -471.17 2 20 5
10.0844 -471.22 -471.22 2 20 5
10.0845 -471.27 -471.27 2 20 5
10.0853 -471.32 -471.32 2 20 5
10.086 -471.37 -471.37 2 20 5
10.0863 -471.42 -471.42 2 20 5
10.0863 -471.47 -471.47 2 20 5
10.0861 -471.52 -471.52 2 20 5
10.0859 -471.57 -471.57 2 20 5
10.0858 -471.62 -471.62 2 20 5
10.0865 -471.67 -471.67 2 20 5
10.0862 -471.72 -471.72 2 20 5
10.0859 -471.77 -471.77 2 20 5
10.0858 -471.82 -471.82 2 20 5
10.0859 -471.87 -471.87 2 20 5
10.0859 -471.92 -471.92 2 20 5
10.0859 -471.97 -471.97 2 20 5
10.0859 -472.02 -472.02 2 20 5
10.0858 -472.07 -472.07 2 20 5
10.0857 -472.12 -472.12 2 20 5
10.086 -472.17 -472.17 2 20 5
10.086 -472.22 -472.22 2 20 5
10.086 -472.27 -472.27 2 20 5
10.0859 -472.32 -472.32 2 20 5
10.0859 -472.37 -472.37 2 20 5
10.0859 -472.42 -472.42 2 20 5
10.0858 -472.47 -472.47 2 20 5
10.0857 -472.52 -472.52 2 20 5
10.0859 -472.57 -472.57 2 20 5
10.086 -472.62 -472.62 2 20 5
10.086 -472.67 -472.67 2 20 5
10.0859 -472.72 -472.72 2 20 5
10.0859 -472.77 -472.77 2 20 5
10.0859 -472.82 -472.82 2 20 5
10.0859 -472.87 -472.87 2 20 5
10.0858 -472.92 -472.92 2 20 5
10.0856 -472.97 -472.97 2 20 5
10.0859 -473.02 -473.02 2 20 5
10.0859 -473.07 -473.07 2 20 5
10.086 -473.12 -473.12 2 20 5
10.086 -473.17 -473.17 2 20 5
10.0859 -473.22 -473.22 2 20 5
10.0859 -473.27 -473.27 2 20 5
10.0859 -473.32 -473.32 2 20 5
10.0859 -473.37 -473.37 2 20 5
10.0858 -473.42 -473.42 2 20 5
10.0858 -473.47 -473.47 2 20 5
10.086 -473.52 -473.52 2 20 5
10.086 -473.57 -473.57 2 20 5
10.086 -473.62 -473.62 2 20 5
10.0859 -473.67 -473.67 2 20 5
10.0859 -473.72 -473.72 2 20 5
10.0858 -473.77 -473.77 2 20 5
10.0858 -473.82 -473.82 2 20 5
10.086 -473.87 -473.87 2 20 5
10.086 -473.92 -473.92 2 20 5
10.086 -473.97 -473.97 2 20 5
10.0859 -474.02 -474.02 2 20 5
10.0859 -474.07 -474.07 2 20 5
10.0858 -474.12 -474.12 2 20 5
10.0848 -474.17 -474.17 2 20 5
10.0854 -474.22 -474.22 2 20 5
10.086 -474.27 -474.27 2 20 5
10.0862 -474.32 -474.32 2 20 5
10.0862 -474.37 -474.37 2 20 5
10.0861 -474.42 -474.42 2 20 5
10.0859 -474.47 -474.47 2 20 5
10.0858 -474.52 -474.52 2 20 5
10.0854 -474.57 -474.57 2 20 5
10.0857 -474.62 -474.62 2 20 5
10.086 -474.67 -474.67 2 20 5
10.0861 -474.72 -474.72 2 20 5
10.086 -474.77 -474.77 2 20 5
10.086 -474.82 -474.82 2 20 5
10.0859 -474.87 -474.87 2 20 5
10.0858 -474.92 -474.92 2 20 5
10.0858 -474.97 -474.97 2 20 5
10.086 -475.02 -475.02 2 20 5
10.086 -475.07 -475.07 2 20 5
10.086 -475.12 -475.12 2 20 5
10.0859 -475.17 -475.17 2 20 5
10.0859 -475.22 -475.22 2 20 5
10.0858 -475.27 -475.27 2 20 5
10.0858 -475.32 -475.32 2 20 5
10.0861 -475.37 -475.37 2 20 5
10.086 -475.42 -475.42 2 20 5
10.086 -475.47 -475.47 2 20 5
10.0859 -475.52 -475.52 2 20 5
10.0858 -475.57 -475.57 2 20 5
10.0858 -475.62 -475.62 2 20 5
10.0863 -475.67 -475.67 2 20 5
10.0862 -475.72 -475.72 2 20 5
10.086 -475.77 -475.77 2 20 5
10.0858 -475.82 -475.82 2 20 5
10.0857 -475.87 -475.87 2 20 5
10.0858 -475.92 -475.92 2 20 5
10.0858 -475.97 -475.97 2 20 5
10.0863 -476.02 -476.02 2 20 5
10.0862 -476.07 -476.07 2 20 5
10.086 -476.12 -476.12 2 20 5
10.0858 -476.17 -476.17 2 20 5
10.0857 -476.22 -476.22 2 20 5
10.0859 -476.27 -476.27 2 20 5
10.0859 -476.32 -476.32 2 20 5
10.0859 -476.37 -476.37 2 20 5
10.0859 -476.42 -476.42 2 20 5
10.0859 -476.47 -476.47 2 20 5
10.0859 -476.52 -476.52 2 20 5
10.0859 -476.57 -476.57 2 20 5
10.0859 -476.62 -476.62 2 20 5
10.0859 -476.67 -476.67 2 20 5
10.0858 -476.72 -476.72 2 20 5
10.0858 -476.77 -476.77 2 20 5
10.0854 -476.82 -476.82 2 20 5
10.0857 -476.87 -476.87 2 20 5
10.0861 -476.92 -476.92 2 20 5
10.0861 -476.97 -476.97 2 20 5
10.086 -477.02 -477.02 2 20 5
10.0859 -477.07 -477.07 2 20 5
10.0859 -477.12 -477.12 2 20 5
10.0858 -477.17 -477.17 2 20 5
10.0854 -477.22 -477.22 2 20 5
10.0857 -477.27 -477.27 2 20 5
10.086 -477.32 -477.32 2 20 5
10.0861 -477.37 -477.37 2 20 5
10.086 -477.42 -477.42 2 20 5
10.086 -477.47 -477.47 2 20 5
10.0859 -477.52 -477.52 2 20 5
10.0858 -477.57 -477.57 2 20 5
10.0857 -477.62 -477.62 2 20 5
10.0859 -477.67 -477.67 2 20 5
10.0859 -477.72 -477.72 2 20 5
10.086 -477.77 -477.77 2 20 5
10.0859 -477.82 -477.82 2 20 5
10.0859 -477.87 -477.87 2 20 5
10.0859 -477.92 -477.92 2 20 5
10.0859 -477.97 -477.97 2 20 5
10.0858 -478.02 -478.02 2 20 5
10.0858 -478.07 -478.07 2 20 5
10.085 -478.12 -478.12 2 20 5
10.0855 -478.17 -478.17 2 20 5
10.086 -478.22 -478.22 2 20 5
10.0862 -478.27 -478.27 2 20 5
10.0862 -478.32 -478.32 2 20 5
10.086 -478.37 -478.37 2 20 5
10.0859 -478.42 -478.42 2 20 5
10.0858 -478.47 -478.47 2 20 5
10.0856 -478.52 -478.52 2 20 5
10.0858 -478.57 -478.57 2 20 5
10.0857 -478.62 -478.62 2 20 5
10.086 -478.67 -478.67 2 20 5
10.086 -478.72 -478.72 2 20 5
10.086 -478.77 -478.77 2 20 5
10.0859 -478.82 -478.82 2 20 5
10.0859 -478.87 -478.87 2 20 5
10.0858 -478.92 -478.92 2 20 5
10.0858 -478.97 -478.97 2 20 5
10.0876 -479.02 -479.02 2 20 5
10.0868 -479.07 -479.07 2 20 5
10.086 -479.12 -479.12 2 20 5
10.0855 -479.17 -479.17 2 20 5
10.0855 -479.22 -479.22 2 20 5
10.0857 -479.27 -479.27 2 20 5
10.086 -479.32 -479.32 2 20 5
10.0861 -479.37 -479.37 2 20 5
10.086 -479.42 -479.42 2 20 5
10.0859 -479.47 -479.47 2 20 5
10.0859 -479.52 -479.52 2 20 5
10.0858 -479.57 -479.57 2 20 5
10.0857 -479.62 -479.62 2 20 5
10.0859 -479.67 -479.67 2 20 5
10.086 -479.72 -479.72 2 20 5
10.086 -479.77 -479.77 2 20 5
10.0859 -479.82 -479.82 2 20 5
10.0859 -479.87 -479.87 2 20 5
10.0859 -479.92 -479.92 2 20 5
10.0858 -479.97 -479.97 2 20 5
10.0839 -480.02 -480.02 2 20 5
10.084 -480.07 -480.07 2 20 5
10.085 -480.12 -480.12 2 20 5
10.086 -480.17 -480.17 2 20 5
10.0864 -480.22 -480.22 2 20 5
10.0864 -480.27 -480.27 2 20 5
10.0862 -480.32 -480.32 2 20 5
10.0859 -480.37 -480.37 2 20 5
10.0858 -480.42 -480.42 2 20 5
10.086 -480.47 -480.47 2 20 5
10.0859 -480.52 -480.52 2 20 5
10.0859 -480.57 -480.57 2 20 5
10.0859 -480.62 -480.62 2 20 5
10.0859 -480.67 -480.67 2 20 5
10.0858 -480.72 -480.72 2 20 5
10.0858 -480.77 -480.77 2 20 5
10.0861 -480.82 -480.82 2 20 5
10.0861 -480.87 -480.87 2 20 5
10.086 -480.92 -480.92 2 20 5
10.0859 -480.97 -480.97 2 20 5
10.0858 -481.02 -481.02 2 20 5
10.0856 -481.07 -481.07 2 20 5
10.0858 -481.12 -481.12 2 20 5
10.0858 -481.17 -481.17 2 20 5
10.0852 -481.22 -481.22 2 20 5
10.0856 -481.27 -481.27 2 20 5
10.086 -481.32 -481.32 2 20 5
10.0862 -481.37 -481.37 2 20 5
10.0861 -481.42 -481.42 2 20 5
10.086 -481.47 -481.47 2 20 5
10.0859 -481.52 -481.52 2 20 5
10.0858 -481.57 -481.57 2 20 5
10.0856 -481.62 -481.62 2 20 5
10.0858 -481.67 -481.67 2 20 5
10.0856 -481.72 -481.72 2 20 5
10.0859 -481.77 -481.77 2 20 5
10.086 -481.82 -481.82 2 20 5
10.086 -481.87 -481.87 2 20 5
10.086 -481.92 -481.92 2 20 5
10.0859 -481.97 -481.97 2 20 5
10.0859 -482.02 -482.02 2 20 5
10.0859 -482.07 -482.07 2 20 5
10.0858 -482.12 -482.12 2 20 5
10.0858 -482.17 -482.17 2 20 5
10.086 -482.22 -482.22 2 20 5
10.086 -482.27 -482.27 2 20 5
10.086 -482.32 -482.32 2 20 5
10.0859 -482.37 -482.37 2 20 5
10.0859 -482.42 -482.42 2 20 5
10.0858 -482.47 -482.47 2 20 5
10.0858 -482.52 -482.52 2 20 5
10.0865 -482.57 -482.57 2 20 5
10.0862 -482.62 -482.62 2 20 5
10.086 -482.67 -482.67 2 20 5
10.0858 -482.72 -482.72 2 20 5
10.0847 -482.77 -482.77 2 20 5
10.0853 -482.82 -482.82 2 20 5
10.0859 -482.87 -482.87 2 20 5
10.0862 -482.92 -482.92 2 20 5
10.0862 -482.97 -482.97 2 20 5
10.0861 -483.02 -483.02 2 20 5
10.0859 -483.07 -483.07 2 20 5
10.0858 -483.12 -483.12 2 20 5
10.0856 -483.17 -483.17 2 20 5
10.0858 -483.22 -483.22 2 20 5
10.0859 -483.27 -483.27 2 20 5
10.0859 -483.32 -483.32 2 20 5
10.0859 -483.37 -483.37 2 20 5
10.0859 -483.42 -483.42 2 20 5
10.0859 -483.47 -483.47 2 20 5
10.0859 -483.52 -483.52 2 20 5
10.0859 -483.57 -483.57 2 20 5
10.0859 -483.62 -483.62 2 20 5
10.0859 -483.67 -483.67 2 20 5
10.0859 -483.72 -483.72 2 20 5
10.0859 -483.77 -483.77 2 20 5
10.0859 -483.82 -483.82 2 20 5
10.0858 -483.87 -483.87 2 20 5
10.0858 -483.92 -483.92 2 20 5
10.0858 -483.97 -483.97 2 20 5
10.0861 -484.02 -484.02 2 20 5
10.0861 -484.07 -484.07 2 20 5
10.086 -484.12 -484.12 2 20 5
10.0859 -484.17 -484.17 2 20 5
10.0858 -484.22 -484.22 2 20 5
10.0858 -484.27 -484.27 2 20 5
10.0863 -484.32 -484.32 2 20 5
10.0862 -484.37 -484.37 2 20 5
10.086 -484.42 -484.42 2 20 5
10.0858 -484.47 -484.47 2 20 5
10.0857 -484.52 -484.52 2 20 5
10.0859 -484.57 -484.57 2 20 5
10.0859 -484.62 -484.62 2 20 5
10.0859 -484.67 -484.67 2 20 5
10.0859 -484.72 -484.72 2 20 5
10.0859 -484.77 -484.77 2 20 5
10.0859 -484.82 -484.82 2 20 5
10.0859 -484.87 -484.87 2 20 5
10.0859 -484.92 -484.92 2 20 5
10.0858 -484.97 -484.97 2 20 5
10.0858 -485.02 -485.02 2 20 5
10.0856 -485.07 -485.07 2 20 5
10.0858 -485.12 -485.12 2 20 5
10.0858 -485.17 -485.17 2 20 5
10.0859 -485.22 -485.22 2 20 5
10.0859 -485.27 -485.27 2 20 5
10.0859 -485.32 -485.32 2 20 5
10.0859 -485.37 -485.37 2 20 5
10.0859 -485.42 -485.42 2 20 5
10.0859 -485.47 -485.47 2 20 5
10.0859 -485.52 -485.52 2 20 5
10.0859 -485.57 -485.57 2 20 5
10.0859 -485.62 -485.62 2 20 5
10.0858 -485.67 -485.67 2 20 5
10.0858 -485.72 -485.72 2 20 5
10.0857 -485.77 -485.77 2 20 5
10.0859 -485.82 -485.82 2 20 5
10.086 -485.87 -485.87 2 20 5
10.086 -485.92 -485.92 2 20 5
10.086 -485.97 -485.97 2 20 5
10.0859 -486.02 -486.02 2 20 5
10.0859 -486.07 -486.07 2 20 5
10.0859 -486.12 -486.12 2 20 5
10.0858 -486.17 -486.17 2 20 5
10.0858 -486.22 -486.22 2 20 5
10.086 -486.27 -486.27 2 20 5
10.086 -486.32 -486.32 2 20 5
10.086 -486.37 -486.37 2 20 5
10.0859 -486.42 -486.42 2 20 5
10.0859 -486.47 -486.47 2 20 5
10.0858 -486.52 -486.52 2 20 5
10.0858 -486.57 -486.57 2 20 5
10.0862 -486.62 -486.62 2 20 5
10.0861 -486.67 -486.67 2 20 5
10.086 -486.72 -486.72 2 20 5
10.0859 -486.77 -486.77 2 20 5
10.0858 -486.82 -486.82 2 20 5
10.0855 -486.87 -486.87 2 20 5
10.0858 -486.92 -486.92 2 20 5
10.0861 -486.97 -486.97 2 20 5
10.0861 -487.02 -487.02 2 20 5
10.086 -487.07 -487.07 2 20 5
10.0859 -487.12 -487.12 2 20 5
10.0859 -487.17 -487.17 2 20 5
10.0858 -487.22 -487.22 2 20 5
10.0862 -487.27 -487.27 2 20 5
10.0861 -487.32 -487.32 2 20 5
10.086 -487.37 -487.37 2 20 5
10.0859 -487.42 -487.42 2 20 5
10.0858 -487.47 -487.47 2 20 5
10.086 -487.52 -487.52 2 20 5
10.086 -487.57 -487.57 2 20 5
10.0859 -487.62 -487.62 2 20 5
10.0859 -487.67 -487.67 2 20 5
10.0859 -487.72 -487.72 2 20 5
10.0858 -487.77 -487.77 2 20 5
10.0858 -487.82 -487.82 2 20 5
10.0843 -487.87 -487.87 2 20 5
10.0852 -487.92 -487.92 2 20 5
10.086 -487.97 -487.97 2 20 5
10.0864 -488.02 -488.02 2 20 5
10.0863 -488.07 -488.07 2 20 5
10.0861 -488.12 -488.12 2 20 5
10.0859 -488.17 -488.17 2 20 5
10.0858 -488.22 -488.22 2 20 5
10.0866 -488.27 -488.27 2 20 5
10.0863 -488.32 -488.32 2 20 5
10.0859 -488.37 -488.37 2 20 5
10.0857 -488.42 -488.42 2 20 5
10.0858 -488.47 -488.47 2 20 5
10.0858 -488.52 -488.52 2 20 5
10.0843 -488.57 -488.57 2 20 5
10.0852 -488.62 -488.62 2 20 5
10.086 -488.67 -488.67 2 20 5
10.0864 -488.72 -488.72 2 20 5
10.0863 -488.77 -488.77 2 20 5
10.0861 -488.82 -488.82 2 20 5
10.0859 -488.87 -488.87 2 20 5
10.0858 -488.92 -488.92 2 20 5
10.0867 -488.97 -488.97 2 20 5
10.0863 -489.02 -489.02 2 20 5
10.0859 -489.07 -489.07 2 20 5
10.0857 -489.12 -489.12 2 20 5
10.0858 -489.17 -489.17 2 20 5
10.0858 -489.22 -489.22 2 20 5
10.0862 -489.27 -489.27 2 20 5
10.0861 -489.32 -489.32 2 20 5
10.086 -489.37 -489.37 2 20 5
10.0859 -489.42 -489.42 2 20 5
10.0858 -489.47 -489.47 2 20 5
10.0861 -489.52 -489.52 2 20 5
10.086 -489.57 -489.57 2 20 5
10.086 -489.62 -489.62 2 20 5
10.0859 -489.67 -489.67 2 20 5
10.0858 -489.72 -489.72 2 20 5
10.0858 -489.77 -489.77 2 20 5
10.0875 -489.82 -489.82 2 20 5
10.0868 -489.87 -489.87 2 20 5
10.086 -489.92 -489.92 2 20 5
10.0856 -489.97 -489.97 2 20 5
10.0856 -490.02 -490.02 2 20 5
10.0858 -490.07 -490.07 2 20 5
10.0863 -490.12 -490.12 2 20 5
10.0862 -490.17 -490.17 2 20 5
10.086 -490.22 -490.22 2 20 5
10.0859 -490.27 -490.27 2 20 5
10.0858 -490.32 -490.32 2 20 5
10.0861 -490.37 -490.37 2 20 5
10.086 -490.42 -490.42 2 20 5
10.086 -490.47 -490.47 2 20 5
10.0859 -490.52 -490.52 2 20 5
10.0858 -490.57 -490.57 2 20 5
10.0857 -490.62 -490.62 2 20 5
10.0859 -490.67 -490.67 2 20 5
10.086 -490.72 -490.72 2 20 5
10.086 -490.77 -490.77 2 20 5
10.0859 -490.82 -490.82 2 20 5
10.0859 -490.87 -490.87 2 20 5
10.0859 -490.92 -490.92 2 20 5
10.0859 -490.97 -490.97 2 20 5
10.0858 -491.02 -491.02 2 20 5
10.0858 -491.07 -491.07 2 20 5
10.0866 -491.12 -491.12 2 20 5
10.0863 -491.17 -491.17 2 20 5
10.086 -491.22 -491.22 2 20 5
10.0858 -491.27 -491.27 2 20 5
10.0863 -491.32 -491.32 2 20 5
10.0861 -491.37 -491.37 2 20 5
10.0859 -491.42 -491.42 2 20 5
10.0858 -491.47 -491.47 2 20 5
10.0855 -491.52 -491.52 2 20 5
10.0857 -491.57 -491.57 2 20 5
10.0861 -491.62 -491.62 2 20 5
10.0861 -491.67 -491.67 2 20 5
10.086 -491.72 -491.72 2 20 5
10.0859 -491.77 -491.77 2 20 5
10.0859 -491.82 -491.82 2 20 5
10.0858 -491.87 -491.87 2 20 5
10.0856 -491.92 -491.92 2 20 5
10.0858 -491.97 -491.97 2 20 5
10.0858 -492.02 -492.02 2 20 5
10.0851 -492.07 -492.07 2 20 5
10.0856 -492.12 -492.12 2 20 5
10.0861 -492.17 -492.17 2 20 5
10.0862 -492.22 -492.22 2 20 5
10.0861 -492.27 -492.27 2 20 5
10.086 -492.32 -492.32 2 20 5
10.0859 -492.37 -492.37 2 20 5
10.0858 -492.42 -492.42 2 20 5
10.0855 -492.47 -492.47 2 20 5
10.0858 -492.52 -492.52 2 20 5
10.0852 -492.57 -492.57 2 20 5
10.0857 -492.62 -492.62 2 20 5
10.0861 -492.67 -492.67 2 20 5
10.0862 -492.72 -492.72 2 20 5
10.0861 -492.77 -492.77 2 20 5
10.086 -492.82 -492.82 2 20 5
10.0859 -492.87 -492.87 2 20 5
10.0858 -492.92 -492.92 2 20 5
10.0853 -492.97 -492.97 2 20 5
10.0857 -493.02 -493.02 2 20 5
10.086 -493.07 -493.07 2 20 5
10.0861 -493.12 -493.12 2 20 5
10.0861 -493.17 -493.17 2 20 5
10.086 -493.22 -493.22 2 20 5
10.0859 -493.27 -493.27 2 20 5
10.0858 -493.32 -493.32 2 20 5
10.0857 -493.37 -493.37 2 20 5
10.0859 -493.42 -493.42 2 20 5
10.086 -493.47 -493.47 2 20 5
10.086 -493.52 -493.52 2 20 5
10.0859 -493.57 -493.57 2 20 5
10.0859 -493.62 -493.62 2 20 5
10.0859 -493.67 -493.67 2 20 5
10.0858 -493.72 -493.72 2 20 5
10.0858 -493.77 -493.77 2 20 5
10.0854 -493.82 -493.82 2 20 5
10.0858 -493.87 -493.87 2 20 5
10.0863 -493.92 -493.92 2 20 5
10.0862 -493.97 -493.97 2 20 5
10.086 -494.02 -494.02 2 20 5
10.0859 -494.07 -494.07 2 20 5
10.0858 -494.12 -494.12 2 20 5
10.0852 -494.17 -494.17 2 20 5
10.0856 -494.22 -494.22 2 20 5
10.086 -494.27 -494.27 2 20 5
10.0861 -494.32 -494.32 2 20 5
10.0861 -494.37 -494.37 2 20 5
10.086 -494.42 -494.42 2 20 5
10.0859 -494.47 -494.47 2 20 5
10.0858 -494.52 -494.52 2 20 5
10.0857 -494.57 -494.57 2 20 5
10.086 -494.62 -494.62 2 20 5
10.086 -494.67 -494.67 2 20 5
10.086 -494.72 -494.72 2 20 5
10.0859 -494.77 -494.77 2 20 5
10.0859 -494.82 -494.82 2 20 5
10.0859 -494.87 -494.87 2 20 5
10.0858 -494.92 -494.92 2 20 5
10.0857 -494.97 -494.97 2 20 5
10.086 -495.02 -495.02 2 20 5
10.086 -495.07 -495.07 2 20 5
10.086 -495.12 -495.12 2 20 5
10.0859 -495.17 -495.17 2 20 5
10.0859 -495.22 -495.22 2 20 5
10.0859 -495.27 -495.27 2 20 5
10.0858 -495.32 -495.32 2 20 5
10.0857 -495.37 -495.37 2 20 5
10.086 -495.42 -495.42 2 20 5
10.086 -495.47 -495.47 2 20 5
10.086 -495.52 -495.52 2 20 5
10.0859 -495.57 -495.57 2 20 5
10.0859 -495.62 -495.62 2 20 5
10.0859 -495.67 -495.67 2 20 5
10.0858 -495.72 -495.72 2 20 5
10.0858 -495.77 -495.77 2 20 5
10.0863 -495.82 -495.82 2 20 5
10.0862 -495.87 -495.87 2 20 5
10.086 -495.92 -495.92 2 20 5
10.0859 -495.97 -495.97 2 20 5
10.0858 -496.02 -496.02 2 20 5
10.086 -496.07 -496.07 2 20 5
10.086 -496.12 -496.12 2 20 5
10.086 -496.17 -496.17 2 20 5
10.0859 -496.22 -496.22 2 20 5
10.0859 -496.27 -496.27 2 20 5
10.0858 -496.32 -496.32 2 20 5
10.0857 -496.37 -496.37 2 20 5
10.086 -496.42 -496.42 2 20 5
10.086 -496.47 -496.47 2 20 5
10.086 -496.52 -496.52 2 20 5
10.0859 -496.57 -496.57 2 20 5
10.0859 -496.62 -496.62 2 20 5
10.0858 -496.67 -496.67 2 20 5
10.0857 -496.72 -496.72 2 20 5
10.086 -496.77 -496.77 2 20 5
10.086 -496.82 -496.82 2 20 5
10.086 -496.87 -496.87 2 20 5
10.0859 -496.92 -496.92 2 20 5
10.0859 -496.97 -496.97 2 20 5
10.0858 -497.02 -497.02 2 20 5
10.0858 -497.07 -497.07 2 20 5
10.0861 -497.12 -497.12 2 20 5
10.0861 -497.17 -497.17 2 20 5
10.086 -497.22 -497.22 2 20 5
10.0859 -497.27 -497.27 2 20 5
10.0858 -497.32 -497.32 2 20 5
10.0857 -497.37 -497.37 2 20 5
10.0859 -497.42 -497.42 2 20 5
10.086 -497.47 -497.47 2 20 5
10.086 -497.52 -497.52 2 20 5
10.0859 -497.57 -497.57 2 20 5
10.0859 -497.62 -497.62 2 20 5
10.0859 -497.67 -497.67 2 20 5
10.0858 -497.72 -497.72 2 20 5
10.0858 -497.77 -497.77 2 20 5
10.0856 -497.82 -497.82 2 20 5
10.0859 -497.87 -497.87 2 20 5
10.086 -497.92 -497.92 2 20 5
10.086 -497.97 -497.97 2 20 5
10.086 -498.02 -498.02 2 20 5
10.0859 -498.07 -498.07 2 20 5
10.0859 -498.12 -498.12 2 20 5
10.0859 -498.17 -498.17 2 20 5
10.0858 -498.22 -498.22 2 20 5
10.0858 -498.27 -498.27 2 20 5
10.0853 -498.32 -498.32 2 20 5
10.0857 -498.37 -498.37 2 20 5
10.0861 -498.42 -498.42 2 20 5
10.0862 -498.47 -498.47 2 20 5
10.0861 -498.52 -498.52 2 20 5
10.086 -498.57 -498.57 2 20 5
10.0859 -498.62 -498.62 2 20 5
10.0858 -498.67 -498.67 2 20 5
10.0856 -498.72 -498.72 2 20 5
10.0859 -498.77 -498.77 2 20 5
10.0859 -498.82 -498.82 2 20 5
10.086 -498.87 -498.87 2 20 5
10.086 -498.92 -498.92 2 20 5
10.0859 -498.97 -498.97 2 20 5
10.0859 -499.02 -499.02 2 20 5
10.0859 -499.07 -499.07 2 20 5
10.0859 -499.12 -499.12 2 20 5
10.0858 -499.17 -499.17 2 20 5
10.0845 -499.22 -499.22 2 20 5
10.0846 -499.27 -499.27 2 20 5
10.0853 -499.32 -499.32 2 20 5
10.086 -499.37 -499.37 2 20 5
10.0863 -499.42 -499.42 2 20 5
10.0863 -499.47 -499.47 2 20 5
10.0861 -499.52 -499.52 2 20 5
10.0859 -499.57 -499.57 2 20 5
10.0858 -499.62 -499.62 2 20 5
10.0853 -499.67 -499.67 2 20 5
10.0857 -499.72 -499.72 2 20 5
10.086 -499.77 -499.77 2 20 5
10.0861 -499.82 -499.82 2 20 5
31.2804 0.1 0.1 2 4 3
31.2902 0.10168 0.10168 2 4 3
31.3027 0.103413 0.103413 2 4 3
31.3201 0.105614 0.105614 2 4 3
31.3402 0.107854 0.107854 2 4 3
31.3628 0.110127 0.110127 2 4 3
31.3882 0.112414 0.112414 2 4 3
31.4161 0.114706 0.114706 2 4 3
31.4459 0.117012 0.117012 2 4 3
31.478 0.119305 0.119305 2 4 3
31.5121 0.121573 0.121573 2 4 3
31.5479 0.123813 0.123813 2 4 3
31.5851 0.126036 0.126036 2 4 3
31.6239 0.12821 0.12821 2 4 3
31.6637 0.130364 0.130364 2 4 3
31.7046 0.132471 0.132471 2 4 3
31.7464 0.134548 0.134548 2 4 3
31.7891 0.136576 0.136576 2 4 3
31.8325 0.138573 0.138573 2 4 3
31.8764 0.140534 0.140534 2 4 3
31.921 0.142455 0.142455 2 4 3
31.966 0.144338 0.144338 2 4 3
32.0115 0.146183 0.146183 2 4 3
32.0574 0.148003 0.148003 2 4 3
32.1036 0.149787 0.149787 2 4 3
32.1501 0.151537 0.151537 2 4 3
32.1969 0.153255 0.153255 2 4 3
32.2439 0.154945 0.154945 2 4 3
32.2911 0.156606 0.156606 2 4 3
32.3386 0.158241 0.158241 2 4 3
32.3862 0.15985 0.15985 2 4 3
32.434 0.161431 0.161431 2 4 3
32.4819 0.162991 0.162991 2 4 3
32.53 0.164527 0.164527 2 4 3
32.5782 0.166037 0.166037 2 4 3
32.6265 0.167529 0.167529 2 4 3
32.6749 0.168998 0.168998 2 4 3
32.7234 0.170448 0.170448 2 4 3
32.7719 0.171878 0.171878 2 4 3
32.8206 0.173287 0.173287 2 4 3
32.8693 0.17468 0.17468 2 4 3
32.9181 0.176072 0.176072 2 4 3
32.9669 0.177429 0.177429 2 4 3
33.0159 0.178766 0.178766 2 4 3
33.0649 0.180092 0.180092 2 4 3
33.1139 0.1814 0.1814 2 4 3
33.163 0.182689 0.182689 2 4 3
33.2121 0.18397 0.18397 2 4 3
33.2613 0.185232 0.185232 2 4 3
33.3105 0.18648 0.18648 2 4 3
33.3597 0.187716 0.187716 2 4 3
33.409 0.188939 0.188939 2 4 3
33.4583 0.190146 0.190146 2 4 3
33.5076 0.191345 0.191345 2 4 3
33.557 0.192526 0.192526 2 4 3
33.6064 0.1937 0.1937 2 4 3
33.6558 0.194861 0.194861 2 4 3
33.7052 0.19601 0.19601 2 4 3
33.7547 0.197146 0.197146 2 4 3
33.8042 0.198275 0.198275 2 4 3
33.8537 0.199388 0.199388 2 4 3
33.9032 0.200496 0.200496 2 4 3
33.9527 0.20159 0.20159 2 4 3
34.0023 0.202675 0.202675 2 4 3
34.0519 0.203752 0.203752 2 4 3
34.1014 0.204817 0.204817 2 4 3
34.151 0.205873 0.205873 2 4 3
34.2007 0.206922 0.206922 2 4 3
34.2503 0.20796 0.20796 2 4 3
34.2999 0.208989 0.208989 2 4 3
34.3496 0.21001 0.21001 2 4 3
34.3992 0.211022 0.211022 2 4 3
34.4489 0.212026 0.212026 2 4 3
34.4986 0.213022 0.213022 2 4 3
34.5483 0.214008 0.214008 2 4 3
34.598 0.21499 0.21499 2 4 3
34.6477 0.215961 0.215961 2 4 3
34.6974 0.216926 0.216926 2 4 3
34.7472 0.217882 0.217882 2 4 3
34.7969 0.218832 0.218832 2 4 3
34.8467 0.219775 0.219775 2 4 3
34.8964 0.220709 0.220709 2 4 3
34.9462 0.221637 0.221637 2 4 3
34.9959 0.222559 0.222559 2 4 3
35.0457 0.223473 0.223473 2 4 3
35.0955 0.224381 0.224381 2 4 3
35.1453 0.225282 0.225282 2 4 3
35.1951 0.226177 0.226177 2 4 3
35.2449 0.227066 0.227066 2 4 3
35.2947 0.227948 0.227948 2 4 3
35.3445 0.228824 0.228824 2 4 3
35.3943 0.229693 0.229693 2 4 3
35.4441 0.230557 0.230557 2 4 3
35.4939 0.231415 0.231415 2 4 3
35.5438 0.232267 0.232267 2 4 3
35.5936 0.233114 0.233114 2 4 3
35.6434 0.233954 0.233954 2 4 3
35.6933 0.23479 0.23479 2 4 3
35.7431 0.235619 0.235619 2 4 3
35.793 0.236443 0.236443 2 4 3
35.8428 0.237262 0.237262 2 4 3
35.8927 0.238075 0.238075 2 4 3
35.9425 0.238884 0.238884 2 4 3
35.9924 0.239687 0.239687 2 4 3
36.0423 0.240485 0.240485 2 4 3
36.0921 0.241278 0.241278 2 4 3
36.142 0.242066 0.242066 2 4 3
36.1919 0.242849 0.242849 2 4 3
36.2417 0.243627 0.243627 2 4 3
36.2916 0.244401 0.244401 2 4 3
36.3415 0.24517 0.24517 2 4 3
36.3914 0.245934 0.245934 2 4 3
36.4413 0.246694 0.246694 2 4 3
36.4912 0.247449 0.247449 2 4 3
36.5411 0.248199 0.248199 2 4 3
36.591 0.248945 0.248945 2 4 3
36.6409 0.249687 0.249687 2 4 3
36.6908 0.250424 0.250424 2 4 3
36.7407 0.251158 0.251158 2 4 3
36.7906 0.251887 0.251887 2 4 3
36.8405 0.252611 0.252611 2 4 3
36.8904 0.253332 0.253332 2 4 3
36.9403 0.254048 0.254048 2 4 3
36.9902 0.254761 0.254761 2 4 3
37.0401 0.255469 0.255469 2 4 3
37.09 0.256174 0.256174 2 4 3
37.1399 0.256874 0.256874 2 4 3
37.1899 0.257571 0.257571 2 4 3
37.2398 0.258264 0.258264 2 4 3
37.2897 0.258953 0.258953 2 4 3
37.3396 0.259638 0.259638 2 4 3
37.3895 0.260319 0.260319 2 4 3
37.4395 0.260997 0.260997 2 4 3
37.4894 0.261671 0.261671 2 4 3
37.5393 0.262342 0.262342 2 4 3
37.5892 0.263009 0.263009 2 4 3
37.6392 0.263673 0.263673 2 4 3
37.6891 0.264333 0.264333 2 4 3
37.739 0.26499 0.26499 2 4 3
37.789 0.265643 0.265643 2 4 3
37.8389 0.266293 0.266293 2 4 3
37.8888 0.266939 0.266939 2 4 3
37.9388 0.267582 0.267582 2 4 3
37.9887 0.268222 0.268222 2 4 3
38.0387 0.268859 0.268859 2 4 3
38.0886 0.269492 0.269492 2 4 3
38.1385 0.270122 0.270122 2 4 3
38.1885 0.270749 0.270749 2 4 3
38.2384 0.271373 0.271373 2 4 3
38.2884 0.271994 0.271994 2 4 3
38.3383 0.272611 0.272611 2 4 3
38.3883 0.273226 0.273226 2 4 3
38.4382 0.273838 0.273838 2 4 3
38.4882 0.274446 0.274446 2 4 3
38.5381 0.275052 0.275052 2 4 3
38.5881 0.275654 0.275654 2 4 3
38.638 0.276254 0.276254 2 4 3
38.688 0.276851 0.276851 2 4 3
38.7379 0.277445 0.277445 2 4 3
38.7879 0.278036 0.278036 2 4 3
38.8378 0.278625 0.278625 2 4 3
38.8878 0.27921 0.27921 2 4 3
38.9377 0.279793 0.279793 2 4 3
38.9877 0.280373 0.280373 2 4 3
39.0376 0.28095 0.28095 2 4 3
39.0876 0.281525 0.281525 2 4 3
39.1376 0.282097 0.282097 2 4 3
39.1875 0.282667 0.282667 2 4 3
39.2375 0.283233 0.283233 2 4 3
39.2874 0.283797 0.283797 2 4 3
39.3374 0.284359 0.284359 2 4 3
39.3874 0.284918 0.284918 2 4 3
39.4373 0.285474 0.285474 2 4 3
39.4873 0.286029 0.286029 2 4 3
39.5372 0.28658 0.28658 2 4 3
39.5872 0.287129 0.287129 2 4 3
39.6372 0.287676 0.287676 2 4 3
39.6871 0.28822 0.28822 2 4 3
39.7371 0.288761 0.288761 2 4 3
39.7871 0.289301 0.289301 2 4 3
39.837 0.289837 0.289837 2 4 3
39.887 0.290372 0.290372 2 4 3
39.937 0.290904 0.290904 2 4 3
39.9869 0.291434 0.291434 2 4 3
40.0369 0.291962 0.291962 2 4 3
40.0869 0.292487 0.292487 2 4 3
40.1368 0.29301 0.29301 2 4 3
40.1868 0.293531 0.293531 2 4 3
40.2368 0.29405 0.29405 2 4 3
40.2867 0.294566 0.294566 2 4 3
40.3367 0.29508 0.29508 2 4 3
40.3867 0.295592 0.295592 2 4 3
40.4366 0.296102 0.296102 2 4 3
40.4866 0.29661 0.29661 2 4 3
40.5366 0.297116 0.297116 2 4 3
40.5866 0.297619 0.297619 2 4 3
40.6365 0.29812 0.29812 2 4 3
40.6865 0.29862 0.29862 2 4 3
40.7365 0.299117 0.299117 2 4 3
40.7865 0.299612 0.299612 2 4 3
40.8364 0.300105 0.300105 2 4 3
40.8864 0.300596 0.300596 2 4 3
40.9364 0.301086 0.301086 2 4 3
40.9864 0.301573 0.301573 2 4 3
41.0363 0.302058 0.302058 2 4 3
41.0863 0.302541 0.302541 2 4 3
41.1363 0.303022 0.303022 2 4 3
41.1863 0.303502 0.303502 2 4 3
41.2362 0.303979 0.303979 2 4 3
41.2862 0.304454 0.304454 2 4 3
41.3362 0.304928 0.304928 2 4 3
41.3862 0.3054 0.3054 2 4 3
41.4361 0.30587 0.30587 2 4 3
41.4861 0.306338 0.306338 2 4 3
41.5361 0.306804 0.306804 2 4 3
41.5861 0.307268 0.307268 2 4 3
41.636 0.307731 0.307731 2 4 3
41.686 0.308192 0.308192 2 4 3
41.736 0.308651 0.308651 2 4 3
41.786 0.309108 0.309108 2 4 3
41.836 0.309563 0.309563 2 4 3
41.8859 0.310017 0.310017 2 4 3
41.9359 0.310469 0.310469 2 4 3
41.9859 0.310919 0.310919 2 4 3
42.0359 0.311367 0.311367 2 4 3
42.0859 0.311814 0.311814 2 4 3
42.1358 0.312259 0.312259 2 4 3
42.1858 0.312703 0.312703 2 4 3
42.2358 0.313145 0.313145 2 4 3
42.2858 0.313585 0.313585 2 4 3
42.3358 0.314023 0.314023 2 4 3
42.3858 0.31446 0.31446 2 4 3
42.4357 0.314895 0.314895 2 4 3
42.4857 0.315329 0.315329 2 4 3
42.5357 0.315761 0.315761 2 4 3
42.5857 0.316191 0.316191 2 4 3
42.6357 0.31662 0.31662 2 4 3
42.6856 0.317047 0.317047 2 4 3
42.7356 0.317473 0.317473 2 4 3
42.7856 0.317897 0.317897 2 4 3
42.8356 0.31832 0.31832 2 4 3
42.8856 0.318741 0.318741 2 4 3
42.9356 0.31916 0.31916 2 4 3
42.9855 0.319578 0.319578 2 4 3
43.0355 0.319995 0.319995 2 4 3
43.0855 0.32041 0.32041 2 4 3
43.1355 0.320823 0.320823 2 4 3
43.1855 0.321236 0.321236 2 4 3
43.2355 0.321646 0.321646 2 4 3
43.2855 0.322055 0.322055 2 4 3
43.3354 0.322463 0.322463 2 4 3
43.3854 0.322869 0.322869 2 4 3
43.4354 0.323274 0.323274 2 4 3
43.4854 0.323678 0.323678 2 4 3
43.5354 0.32408 0.32408 2 4 3
43.5854 0.324481 0.324481 2 4 3
43.6354 0.32488 0.32488 2 4 3
43.6853 0.325278 0.325278 2 4 3
43.7353 0.325674 0.325674 2 4 3
43.7853 0.326069 0.326069 2 4 3
43.8353 0.326463 0.326463 2 4 3
43.8853 0.326856 0.326856 2 4 3
43.9353 0.327247 0.327247 2 4 3
43.9853 0.327637 0.327637 2 4 3
44.0353 0.328025 0.328025 2 4 3
44.0852 0.328412 0.328412 2 4 3
44.1352 0.328798 0.328798 2 4 3
44.1852 0.329183 0.329183 2 4 3
44.2352 0.329566 0.329566 2 4 3
44.2852 0.329948 0.329948 2 4 3
44.3352 0.330329 0.330329 2 4 3
44.3852 0.330708 0.330708 2 4 3
44.4352 0.331086 0.331086 2 4 3
44.4851 0.331463 0.331463 2 4 3
44.5351 0.331839 0.331839 2 4 3
44.5851 0.332213 0.332213 2 4 3
44.6351 0.332586 0.332586 2 4 3
44.6851 0.332958 0.332958 2 4 3
44.7351 0.333329 0.333329 2 4 3
44.7851 0.333699 0.333699 2 4 3
44.8351 0.334067 0.334067 2 4 3
44.8851 0.334434 0.334434 2 4 3
44.935 0.3348 0.3348 2 4 3
44.985 0.335165 0.335165 2 4 3
45.035 0.335529 0.335529 2 4 3
45.085 0.335891 0.335891 2 4 3
45.135 0.336253 0.336253 2 4 3
45.185 0.336613 0.336613 2 4 3
45.235 0.336972 0.336972 2 4 3
45.285 0.33733 0.33733 2 4 3
45.335 0.337686 0.337686 2 4 3
45.3849 0.338042 0.338042 2 4 3
45.4349 0.338397 0.338397 2 4 3
45.4849 0.33875 0.33875 2 4 3
45.5349 0.339102 0.339102 2 4 3
45.5849 0.339453 0.339453 2 4 3
45.6349 0.339804 0.339804 2 4 3
45.6849 0.340153 0.340153 2 4 3
45.7349 0.340501 0.340501 2 4 3
45.7849 0.340847 0.340847 2 4 3
45.8349 0.341193 0.341193 2 4 3
45.8849 0.341538 0.341538 2 4 3
45.9348 0.341882 0.341882 2 4 3
45.9848 0.342224 0.342224 2 4 3
46.0348 0.342566 0.342566 2 4 3
46.0848 0.342906 0.342906 2 4 3
46.1348 0.343246 0.343246 2 4 3
46.1848 0.343584 0.343584 2 4 3
46.2348 0.343922 0.343922 2 4 3
46.2848 0.344258 0.344258 2 4 3
46.3348 0.344594 0.344594 2 4 3
46.3848 0.344928 0.344928 2 4 3
46.4348 0.345261 0.345261 2 4 3
46.4847 0.345594 0.345594 2 4 3
46.5347 0.345925 0.345925 2 4 3
46.5847 0.346256 0.346256 2 4 3
46.6347 0.346585 0.346585 2 4 3
46.6847 0.346914 0.346914 2 4 3
46.7347 0.347241 0.347241 2 4 3
46.7847 0.347568 0.347568 2 4 3
46.8347 0.347894 0.347894 2 4 3
46.8847 0.348218 0.348218 2 4 3
46.9347 0.348542 0.348542 2 4 3
46.9847 0.348865 0.348865 2 4 3
47.0347 0.349187 0.349187 2 4 3
47.0847 0.349508 0.349508 2 4 3
47.1346 0.349828 0.349828 2 4 3
47.1846 0.350147 0.350147 2 4 3
47.2346 0.350465 0.350465 2 4 3
47.2846 0.350782 0.350782 2 4 3
47.3346 0.351098 0.351098 2 4 3
47.3846 0.351414 0.351414 2 4 3
47.4346 0.351728 0.351728 2 4 3
47.4846 0.352042 0.352042 2 4 3
47.5346 0.352355 0.352355 2 4 3
47.5846 0.352667 0.352667 2 4 3
47.6346 0.352978 0.352978 2 4 3
47.6846 0.353288 0.353288 2 4 3
47.7346 0.353597 0.353597 2 4 3
47.7846 0.353906 0.353906 2 4 3
47.8346 0.354213 0.354213 2 4 3
47.8845 0.35452 0.35452 2 4 3
47.9345 0.354826 0.354826 2 4 3
47.9845 0.355131 0.355131 2 4 3
48.0345 0.355435 0.355435 2 4 3
48.0845 0.355738 0.355738 2 4 3
48.1345 0.356041 0.356041 2 4 3
48.1845 0.356342 0.356342 2 4 3
48.2345 0.356643 0.356643 2 4 3
48.2845 0.356943 0.356943 2 4 3
48.3345 0.357242 0.357242 2 4 3
48.3845 0.357541 0.357541 2 4 3
48.4345 0.357838 0.357838 2 4 3
48.4845 0.358135 0.358135 2 4 3
48.5345 0.358431 0.358431 2 4 3
48.5845 0.358726 0.358726 2 4 3
48.6345 0.359021 0.359021 2 4 3
48.6844 0.359314 0.359314 2 4 3
48.7344 0.359607 0.359607 2 4 3
48.7844 0.359899 0.359899 2 4 3
48.8344 0.360191 0.360191 2 4 3
48.8844 0.360481 0.360481 2 4 3
48.9344 0.360771 0.360771 2 4 3
48.9844 0.36106 0.36106 2 4 3
49.0344 0.361348 0.361348 2 4 3
49.0844 0.361636 0.361636 2 4 3
49.1344 0.361922 0.361922 2 4 3
49.1844 0.362208 0.362208 2 4 3
49.2344 0.362494 0.362494 2 4 3
49.2844 0.362778 0.362778 2 4 3
49.3344 0.363062 0.363062 2 4 3
49.3844 0.363345 0.363345 2 4 3
49.4344 0.363627 0.363627 2 4 3
49.4844 0.363909 0.363909 2 4 3
49.5344 0.36419 0.36419 2 4 3
49.5844 0.36447 0.36447 2 4 3
49.6343 0.364749 0.364749 2 4 3
49.6843 0.365028 0.365028 2 4 3
49.7343 0.365306 0.365306 2 4 3
49.7843 0.365583 0.365583 2 4 3
49.8343 0.36586 0.36586 2 4 3
49.8843 0.366136 0.366136 2 4 3
49.9343 0.366411 0.366411 2 4 3
49.9843 0.366685 0.366685 2 4 3
50.0343 0.366959 0.366959 2 4 3
50.0843 0.367232 0.367232 2 4 3
50.1343 0.367505 0.367505 2 4 3
50.1843 0.367777 0.367777 2 4 3
50.2343 0.368048 0.368048 2 4 3
50.2843 0.368318 0.368318 2 4 3
50.3343 0.368588 0.368588 2 4 3
50.3843 0.368857 0.368857 2 4 3
50.4343 0.369126 0.369126 2 4 3
50.4843 0.369393 0.369393 2 4 3
50.5343 0.369661 0.369661 2 4 3
50.5843 0.369927 0.369927 2 4 3
50.6343 0.370193 0.370193 2 4 3
50.6842 0.370458 0.370458 2 4 3
50.7342 0.370723 0.370723 2 4 3
50.7842 0.370987 0.370987 2 4 3
50.8342 0.37125 0.37125 2 4 3
50.8842 0.371513 0.371513 2 4 3
50.9342 0.371775 0.371775 2 4 3
50.9842 0.372036 0.372036 2 4 3
51.0342 0.372297 0.372297 2 4 3
51.0842 0.372557 0.372557 2 4 3
51.1342 0.372817 0.372817 2 4 3
51.1842 0.373076 0.373076 2 4 3
51.2342 0.373334 0.373334 2 4 3
51.2842 0.373592 0.373592 2 4 3
51.3342 0.373849 0.373849 2 4 3
51.3842 0.374105 0.374105 2 4 3
51.4342 0.374361 0.374361 2 4 3
51.4842 0.374617 0.374617 2 4 3
51.5342 0.374871 0.374871 2 4 3
51.5842 0.375126 0.375126 2 4 3
51.6342 0.375379 0.375379 2 4 3
51.6842 0.375632 0.375632 2 4 3
51.7342 0.375884 0.375884 2 4 3
51.7842 0.376136 0.376136 2 4 3
51.8342 0.376387 0.376387 2 4 3
51.8842 0.376638 0.376638 2 4 3
51.9341 0.376888 0.376888 2 4 3
51.9841 0.377138 0.377138 2 4 3
52.0341 0.377387 0.377387 2 4 3
52.0841 0.377635 0.377635 2 4 3
52.1341 0.377883 0.377883 2 4 3
52.1841 0.37813 0.37813 2 4 3
52.2341 0.378377 0.378377 2 4 3
52.2841 0.378623 0.378623 2 4 3
52.3341 0.378869 0.378869 2 4 3
52.3841 0.379114 0.379114 2 4 3
52.4341 0.379358 0.379358 2 4 3
52.4841 0.379602 0.379602 2 4 3
52.5341 0.379846 0.379846 2 4 3
52.5841 0.380089 0.380089 2 4 3
52.6341 0.380331 0.380331 2 4 3
52.6841 0.380573 0.380573 2 4 3
52.7341 0.380814 0.380814 2 4 3
52.7841 0.381055 0.381055 2 4 3
52.8341 0.381295 0.381295 2 4 3
52.8841 0.381535 0.381535 2 4 3
52.9341 0.381774 0.381774 2 4 3
52.9841 0.382013 0.382013 2 4 3
53.0341 0.382251 0.382251 2 4 3
53.0841 0.382488 0.382488 2 4 3
53.1341 0.382726 0.382726 2 4 3
53.1841 0.382962 0.382962 2 4 3
53.2341 0.383198 0.383198 2 4 3
53.2841 0.383434 0.383434 2 4 3
53.3341 0.383669 0.383669 2 4 3
53.384 0.383904 0.383904 2 4 3
53.434 0.384138 0.384138 2 4 3
53.484 0.384371 0.384371 2 4 3
53.534 0.384604 0.384604 2 4 3
53.584 0.384837 0.384837 2 4 3
53.634 0.385069 0.385069 2 4 3
53.684 0.385301 0.385301 2 4 3
53.734 0.385532 0.385532 2 4 3
53.784 0.385763 0.385763 2 4 3
53.834 0.385993 0.385993 2 4 3
53.884 0.386223 0.386223 2 4 3
53.934 0.386452 0.386452 2 4 3
53.984 0.386681 0.386681 2 4 3
54.034 0.386909 0.386909 2 4 3
54.084 0.387137 0.387137 2 4 3
54.134 0.387364 0.387364 2 4 3
54.184 0.387591 0.387591 2 4 3
54.234 0.387818 0.387818 2 4 3
54.284 0.388044 0.388044 2 4 3
54.334 0.388269 0.388269 2 4 3
54.384 0.388494 0.388494 2 4 3
54.434 0.388719 0.388719 2 4 3
54.484 0.388943 0.388943 2 4 3
54.534 0.389167 0.389167 2 4 3
54.584 0.38939 0.38939 2 4 3
54.634 0.389613 0.389613 2 4 3
54.684 0.389835 0.389835 2 4 3
54.734 0.390057 0.390057 2 4 3
54.784 0.390279 0.390279 2 4 3
54.834 0.3905 0.3905 2 4 3
54.884 0.39072 0.39072 2 4 3
54.934 0.390941 0.390941 2 4 3
54.984 0.39116 0.39116 2 4 3
55.034 0.39138 0.39138 2 4 3
55.084 0.391598 0.391598 2 4 3
55.134 0.391817 0.391817 2 4 3
55.1839 0.392035 0.392035 2 4 3
55.2339 0.392253 0.392253 2 4 3
55.2839 0.39247 0.39247 2 4 3
55.3339 0.392687 0.392687 2 4 3
55.3839 0.392903 0.392903 2 4 3
55.4339 0.393119 0.393119 2 4 3
55.4839 0.393334 0.393334 2 4 3
55.5339 0.393549 0.393549 2 4 3
55.5839 0.393764 0.393764 2 4 3
55.6339 0.393978 0.393978 2 4 3
55.6839 0.394192 0.394192 2 4 3
55.7339 0.394406 0.394406 2 4 3
55.7839 0.394619 0.394619 2 4 3
55.8339 0.394831 0.394831 2 4 3
55.8839 0.395044 0.395044 2 4 3
55.9339 0.395256 0.395256 2 4 3
55.9839 0.395467 0.395467 2 4 3
56.0339 0.395678 0.395678 2 4 3
56.0839 0.395889 0.395889 2 4 3
56.1339 0.396099 0.396099 2 4 3
56.1839 0.396309 0.396309 2 4 3
56.2339 0.396518 0.396518 2 4 3
56.2839 0.396728 0.396728 2 4 3
56.3339 0.396936 0.396936 2 4 3
56.3839 0.397145 0.397145 2 4 3
56.4339 0.397353 0.397353 2 4 3
56.4839 0.39756 0.39756 2 4 3
56.5339 0.397767 0.397767 2 4 3
56.5839 0.397974 0.397974 2 4 3
56.6339 0.398181 0.398181 2 4 3
56.6839 0.398387 0.398387 2 4 3
56.7339 0.398592 0.398592 2 4 3
56.7839 0.398798 0.398798 2 4 3
56.8339 0.399003 0.399003 2 4 3
56.8839 0.399207 0.399207 2 4 3
56.9339 0.399412 0.399412 2 4 3
56.9839 0.399616 0.399616 2 4 3
57.0339 0.399819 0.399819 2 4 3
57.0839 0.400022 0.400022 2 4 3
57.1339 0.400225 0.400225 2 4 3
57.1839 0.400427 0.400427 2 4 3
57.2339 0.400629 0.400629 2 4 3
57.2839 0.400831 0.400831 2 4 3
57.3339 0.401032 0.401032 2 4 3
57.3838 0.401234 0.401234 2 4 3
57.4338 0.401434 0.401434 2 4 3
57.4838 0.401634 0.401634 2 4 3
57.5338 0.401834 0.401834 2 4 3
57.5838 0.402034 0.402034 2 4 3
57.6338 0.402233 0.402233 2 4 3
57.6838 0.402432 0.402432 2 4 3
57.7338 0.402631 0.402631 2 4 3
57.7838 0.402829 0.402829 2 4 3
57.8338 0.403027 0.403027 2 4 3
57.8838 0.403225 0.403225 2 4 3
57.9338 0.403422 0.403422 2 4 3
57.9838 0.403619 0.403619 2 4 3
58.0338 0.403815 0.403815 2 4 3
58.0838 0.404011 0.404011 2 4 3
58.1338 0.404207 0.404207 2 4 3
58.1838 0.404403 0.404403 2 4 3
58.2338 0.404598 0.404598 2 4 3
58.2838 0.404793 0.404793 2 4 3
58.3338 0.404988 0.404988 2 4 3
58.3838 0.405182 0.405182 2 4 3
58.4338 0.405376 0.405376 2 4 3
58.4838 0.405569 0.405569 2 4 3
58.5338 0.405763 0.405763 2 4 3
58.5838 0.405956 0.405956 2 4 3
58.6338 0.406148 0.406148 2 4 3
58.6838 0.406341 0.406341 2 4 3
58.7338 0.406533 0.406533 2 4 3
58.7838 0.406724 0.406724 2 4 3
58.8338 0.406916 0.406916 2 4 3
58.8838 0.407107 0.407107 2 4 3
58.9338 0.407298 0.407298 2 4 3
58.9838 0.407488 0.407488 2 4 3
59.0338 0.407678 0.407678 2 4 3
59.0838 0.407868 0.407868 2 4 3
59.1338 0.408058 0.408058 2 4 3
59.1838 0.408247 0.408247 2 4 3
59.2338 0.408436 0.408436 2 4 3
59.2838 0.408625 0.408625 2 4 3
59.3338 0.408813 0.408813 2 4 3
59.3838 0.409001 0.409001 2 4 3
59.4338 0.409189 0.409189 2 4 3
59.4838 0.409376 0.409376 2 4 3
59.5338 0.409563 0.409563 2 4 3
59.5838 0.40975 0.40975 2 4 3
59.6338 0.409937 0.409937 2 4 3
59.6838 0.410123 0.410123 2 4 3
59.7338 0.410309 0.410309 2 4 3
59.7838 0.410495 0.410495 2 4 3
59.8338 0.41068 0.41068 2 4 3
59.8838 0.410866 0.410866 2 4 3
59.9338 0.41105 0.41105 2 4 3
59.9838 0.411235 0.411235 2 4 3
60.0338 0.411419 0.411419 2 4 3
60.0838 0.411603 0.411603 2 4 3
60.1338 0.411787 0.411787 2 4 3
60.1838 0.41197 0.41197 2 4 3
60.2338 0.412154 0.412154 2 4 3
60.2837 0.412336 0.412336 2 4 3
60.3337 0.412519 0.412519 2 4 3
60.3837 0.412701 0.412701 2 4 3
60.4337 0.412883 0.412883 2 4 3
60.4837 0.413065 0.413065 2 4 3
60.5337 0.413247 0.413247 2 4 3
60.5837 0.413428 0.413428 2 4 3
60.6337 0.413609 0.413609 2 4 3
60.6837 0.41379 0.41379 2 4 3
60.7337 0.41397 0.41397 2 4 3
60.7837 0.41415 0.41415 2 4 3
60.8337 0.41433 0.41433 2 4 3
60.8837 0.41451 0.41451 2 4 3
60.9337 0.414689 0.414689 2 4 3
60.9837 0.414868 0.414868 2 4 3
61.0337 0.415047 0.415047 2 4 3
61.0837 0.415226 0.415226 2 4 3
61.1337 0.415404 0.415404 2 4 3
61.1837 0.415582 0.415582 2 4 3
61.2337 0.41576 0.41576 2 4 3
61.2837 0.415938 0.415938 2 4 3
61.3337 0.416115 0.416115 2 4 3
61.3837 0.416292 0.416292 2 4 3
61.4337 0.416469 0.416469 2 4 3
61.4837 0.416645 0.416645 2 4 3
61.5337 0.416822 0.416822 2 4 3
61.5837 0.416998 0.416998 2 4 3
61.6337 0.417174 0.417174 2 4 3
61.6837 0.417349 0.417349 2 4 3
61.7337 0.417525 0.417525 2 4 3
61.7837 0.4177 0.4177 2 4 3
61.8337 0.417874 0.417874 2 4 3
61.8837 0.418049 0.418049 2 4 3
61.9337 0.418223 0.418223 2 4 3
61.9837 0.418397 0.418397 2 4 3
62.0337 0.418571 0.418571 2 4 3
62.0837 0.418745 0.418745 2 4 3
62.1337 0.418918 0.418918 2 4 3
62.1837 0.419091 0.419091 2 4 3
62.2337 0.419264 0.419264 2 4 3
62.2837 0.419437 0.419437 2 4 3
62.3337 0.41961 0.41961 2 4 3
62.3837 0.419782 0.419782 2 4 3
62.4337 0.419954 0.419954 2 4 3
62.4837 0.420125 0.420125 2 4 3
62.5337 0.420297 0.420297 2 4 3
62.5837 0.420468 0.420468 2 4 3
62.6337 0.420639 0.420639 2 4 3
62.6837 0.42081 0.42081 2 4 3
62.7337 0.420981 0.420981 2 4 3
62.7837 0.421151 0.421151 2 4 3
62.8337 0.421321 0.421321 2 4 3
62.8837 0.421491 0.421491 2 4 3
62.9337 0.421661 0.421661 2 4 3
62.9837 0.42183 0.42183 2 4 3
63.0337 0.421999 0.421999 2 4 3
63.0837 0.422169 0.422169 2 4 3
63.1337 0.422337 0.422337 2 4 3
63.1837 0.422506 0.422506 2 4 3
63.2337 0.422674 0.422674 2 4 3
63.2837 0.422842 0.422842 2 4 3
63.3337 0.42301 0.42301 2 4 3
63.3837 0.423178 0.423178 2 4 3
63.4337 0.423346 0.423346 2 4 3
63.4837 0.423513 0.423513 2 4 3
63.5337 0.42368 0.42368 2 4 3
63.5837 0.423847 0.423847 2 4 3
63.6337 0.424013 0.424013 2 4 3
63.6837 0.42418 0.42418 2 4 3
63.7337 0.424346 0.424346 2 4 3
63.7837 0.424512 0.424512 2 4 3
63.8337 0.424678 0.424678 2 4 3
63.8837 0.424843 0.424843 2 4 3
63.9337 0.425009 0.425009 2 4 3
63.9837 0.425174 0.425174 2 4 3
64.0337 0.425339 0.425339 2 4 3
64.0837 0.425504 0.425504 2 4 3
64.1336 0.425668 0.425668 2 4 3
64.1836 0.425833 0.425833 2 4 3
64.2336 0.425997 0.425997 2 4 3
64.2836 0.426161 0.426161 2 4 3
64.3336 0.426325 0.426325 2 4 3
64.3836 0.426488 0.426488 2 4 3
64.4336 0.426652 0.426652 2 4 3
64.4836 0.426815 0.426815 2 4 3
64.5336 0.426978 0.426978 2 4 3
64.5836 0.42714 0.42714 2 4 3
64.6336 0.427303 0.427303 2 4 3
64.6836 0.427465 0.427465 2 4 3
64.7336 0.427628 0.427628 2 4 3
64.7836 0.42779 0.42779 2 4 3
64.8336 0.427951 0.427951 2 4 3
64.8836 0.428113 0.428113 2 4 3
64.9336 0.428274 0.428274 2 4 3
64.9836 0.428436 0.428436 2 4 3
65.0336 0.428597 0.428597 2 4 3
65.0836 0.428758 0.428758 2 4 3
65.1336 0.428918 0.428918 2 4 3
65.1836 0.429079 0.429079 2 4 3
65.2336 0.429239 0.429239 2 4 3
65.2836 0.429399 0.429399 2 4 3
65.3336 0.429559 0.429559 2 4 3
65.3836 0.429719 0.429719 2 4 3
65.4336 0.429878 0.429878 2 4 3
65.4836 0.430038 0.430038 2 4 3
65.5336 0.430197 0.430197 2 4 3
65.5836 0.430356 0.430356 2 4 3
65.6336 0.430515 0.430515 2 4 3
65.6836 0.430673 0.430673 2 4 3
65.7336 0.430832 0.430832 2 4 3
65.7836 0.43099 0.43099 2 4 3
65.8336 0.431148 0.431148 2 4 3
65.8836 0.431306 0.431306 2 4 3
65.9336 0.431464 0.431464 2 4 3
65.9836 0.431621 0.431621 2 4 3
66.0336 0.431779 0.431779 2 4 3
66.0836 0.431936 0.431936 2 4 3
66.1336 0.432093 0.432093 2 4 3
66.1836 0.43225 0.43225 2 4 3
66.2336 0.432407 0.432407 2 4 3
66.2836 0.432563 0.432563 2 4 3
66.3336 0.43272 0.43272 2 4 3
66.3836 0.432876 0.432876 2 4 3
66.4336 0.433032 0.433032 2 4 3
66.4836 0.433188 0.433188 2 4 3
66.5336 0.433343 0.433343 2 4 3
66.5836 0.433499 0.433499 2 4 3
66.6336 0.433654 0.433654 2 4 3
66.6836 0.433809 0.433809 2 4 3
66.7336 0.433964 0.433964 2 4 3
66.7836 0.434119 0.434119 2 4 3
66.8336 0.434274 0.434274 2 4 3
66.8836 0.434428 0.434428 2 4 3
66.9336 0.434583 0.434583 2 4 3
66.9836 0.434737 0.434737 2 4 3
67.0336 0.434891 0.434891 2 4 3
67.0836 0.435045 0.435045 2 4 3
67.1336 0.435199 0.435199 2 4 3
67.1836 0.435352 0.435352 2 4 3
67.2336 0.435505 0.435505 2 4 3
67.2836 0.435659 0.435659 2 4 3
67.3336 0.435812 0.435812 2 4 3
67.3836 0.435965 0.435965 2 4 3
67.4336 0.436117 0.436117 2 4 3
67.4836 0.43627 0.43627 2 4 3
67.5336 0.436422 0.436422 2 4 3
67.5836 0.436575 0.436575 2 4 3
67.6336 0.436727 0.436727 2 4 3
67.6836 0.436879 0.436879 2 4 3
67.7336 0.437031 0.437031 2 4 3
67.7836 0.437182 0.437182 2 4 3
67.8336 0.437334 0.437334 2 4 3
67.8836 0.437485 0.437485 2 4 3
67.9336 0.437636 0.437636 2 4 3
67.9836 0.437788 0.437788 2 4 3
68.0336 0.437938 0.437938 2 4 3
68.0836 0.438089 0.438089 2 4 3
68.1336 0.43824 0.43824 2 4 3
68.1836 0.43839 0.43839 2 4 3
68.2336 0.438541 0.438541 2 4 3
68.2836 0.438691 0.438691 2 4 3
68.3336 0.438841 0.438841 2 4 3
68.3836 0.438991 0.438991 2 4 3
68.4336 0.43914 0.43914 2 4 3
68.4836 0.43929 0.43929 2 4 3
68.5336 0.439439 0.439439 2 4 3
68.5836 0.439589 0.439589 2 4 3
68.6336 0.439738 0.439738 2 4 3
68.6836 0.439887 0.439887 2 4 3
68.7336 0.440036 0.440036 2 4 3
68.7836 0.440185 0.440185 2 4 3
68.8336 0.440333 0.440333 2 4 3
68.8836 0.440482 0.440482 2 4 3
68.9336 0.44063 0.44063 2 4 3
68.9836 0.440778 0.440778 2 4 3
69.0336 0.440926 0.440926 2 4 3
69.0836 0.441074 0.441074 2 4 3
69.1336 0.441222 0.441222 2 4 3
69.1836 0.441369 0.441369 2 4 3
69.2336 0.441517 0.441517 2 4 3
69.2836 0.441664 0.441664 2 4 3
69.3336 0.441811 0.441811 2 4 3
69.3836 0.441959 0.441959 2 4 3
69.4336 0.442105 0.442105 2 4 3
69.4836 0.442252 0.442252 2 4 3
69.5336 0.442399 0.442399 2 4 3
69.5836 0.442546 0.442546 2 4 3
69.6335 0.442692 0.442692 2 4 3
69.6835 0.442838 0.442838 2 4 3
69.7335 0.442984 0.442984 2 4 3
69.7835 0.44313 0.44313 2 4 3
69.8335 0.443276 0.443276 2 4 3
69.8835 0.443422 0.443422 2 4 3
69.9335 0.443568 0.443568 2 4 3
69.9835 0.443713 0.443713 2 4 3
70.0335 0.443859 0.443859 2 4 3
31.2804 0.1 0.1 2 4 3
31.2712 0.0983407 0.0983407 2 4 3
31.2631 0.0967118 0.0967118 2 4 3
31.2574 0.0947884 0.0947884 2 4 3
31.2526 0.0929043 0.0929043 2 4 3
31.248 0.0910218 0.0910218 2 4 3
31.2471 0.0892723 0.0892723 2 4 3
31.248 0.0875907 0.0875907 2 4 3
31.2508 0.0859735 0.0859735 2 4 3
31.2544 0.0844202 0.0844202 2 4 3
31.2597 0.082925 0.082925 2 4 3
31.266 0.0814868 0.0814868 2 4 3
31.2732 0.0801023 0.0801023 2 4 3
31.2814 0.0787685 0.0787685 2 4 3
31.2901 0.0774825 0.0774825 2 4 3
31.3 0.0762423 0.0762423 2 4 3
31.3104 0.0750453 0.0750453 2 4 3
31.3216 0.0738894 0.0738894 2 4 3
31.3329 0.0727712 0.0727712 2 4 3
31.3451 0.0716902 0.0716902 2 4 3
31.3575 0.0706435 0.0706435 2 4 3
31.3706 0.0696304 0.0696304 2 4 3
31.3836 0.0686476 0.0686476 2 4 3
31.3972 0.0676949 0.0676949 2 4 3
31.4111 0.0667706 0.0667706 2 4 3
31.4252 0.0658729 0.0658729 2 4 3
31.4395 0.0650009 0.0650009 2 4 3
31.454 0.0641532 0.0641532 2 4 3
31.4687 0.063329 0.063329 2 4 3
31.4836 0.0625269 0.0625269 2 4 3
31.4986 0.0617462 0.0617462 2 4 3
31.5137 0.0609859 0.0609859 2 4 3
31.5289 0.060245 0.060245 2 4 3
31.5442 0.0595228 0.0595228 2 4 3
31.5596 0.0588187 0.0588187 2 4 3
31.575 0.0581316 0.0581316 2 4 3
31.5905 0.0574613 0.0574613 2 4 3
31.6059 0.0568068 0.0568068 2 4 3
31.6215 0.0561676 0.0561676 2 4 3
31.637 0.0555432 0.0555432 2 4 3
31.6525 0.0549329 0.0549329 2 4 3
31.6681 0.0543364 0.0543364 2 4 3
31.6836 0.053753 0.053753 2 4 3
31.6991 0.0531824 0.0531824 2 4 3
31.7145 0.0526241 0.0526241 2 4 3
31.7299 0.0520777 0.0520777 2 4 3
31.7453 0.0515428 0.0515428 2 4 3
31.7606 0.051019 0.051019 2 4 3
31.7759 0.050506 0.050506 2 4 3
31.7912 0.0500034 0.0500034 2 4 3
31.8063 0.0495108 0.0495108 2 4 3
31.8214 0.049028 0.049028 2 4 3
31.8364 0.0485548 0.0485548 2 4 3
31.8513 0.0480906 0.0480906 2 4 3
31.8662 0.0476354 0.0476354 2 4 3
31.881 0.0471889 0.0471889 2 4 3
31.8957 0.0467507 0.0467507 2 4 3
31.9103 0.0463208 0.0463208 2 4 3
31.9248 0.0458987 0.0458987 2 4 3
31.9392 0.0454844 0.0454844 2 4 3
31.9535 0.0450775 0.0450775 2 4 3
31.9678 0.0446779 0.0446779 2 4 3
31.9819 0.0442854 0.0442854 2 4 3
31.9959 0.0438999 0.0438999 2 4 3
32.0098 0.043521 0.043521 2 4 3
32.0236 0.0431487 0.0431487 2 4 3
32.0373 0.0427827 0.0427827 2 4 3
32.0509 0.042423 0.042423 2 4 3
32.0643 0.0420693 0.0420693 2 4 3
32.0777 0.0417216 0.0417216 2 4 3
32.0909 0.0413795 0.0413795 2 4 3
32.1041 0.0410431 0.0410431 2 4 3
32.1171 0.0407122 0.0407122 2 4 3
32.13 0.0403866 0.0403866 2 4 3
32.1428 0.0400662 0.0400662 2 4 3
32.1554 0.0397509 0.0397509 2 4 3
32.168 0.0394406 0.0394406 2 4 3
32.1804 0.0391351 0.0391351 2 4 3
32.1927 0.0388344 0.0388344 2 4 3
32.2049 0.0385383 0.0385383 2 4 3
32.2169 0.0382468 0.0382468 2 4 3
32.2289 0.0379597 0.0379597 2 4 3
32.2407 0.0376769 0.0376769 2 4 3
32.2524 0.0373983 0.0373983 2 4 3
32.264 0.0371239 0.0371239 2 4 3
32.2755 0.0368535 0.0368535 2 4 3
32.2868 0.0365871 0.0365871 2 4 3
32.298 0.0363246 0.0363246 2 4 3
32.3091 0.0360658 0.0360658 2 4 3
32.3201 0.0358108 0.0358108 2 4 3
32.3309 0.0355594 0.0355594 2 4 3
32.3416 0.0353116 0.0353116 2 4 3
32.3523 0.0350673 0.0350673 2 4 3
32.3627 0.0348263 0.0348263 2 4 3
32.3731 0.0345888 0.0345888 2 4 3
32.3834 0.0343545 0.0343545 2 4 3
32.3935 0.0341234 0.0341234 2 4 3
32.4035 0.0338954 0.0338954 2 4 3
32.4134 0.0336706 0.0336706 2 4 3
32.4231 0.0334487 0.0334487 2 4 3
32.4328 0.0332299 0.0332299 2 4 3
32.4423 0.0330139 0.0330139 2 4 3
32.4517 0.0328008 0.0328008 2 4 3
32.461 0.0325905 0.0325905 2 4 3
32.4702 0.0323829 0.0323829 2 4 3
32.4793 0.032178 0.032178 2 4 3
32.4882 0.0319758 0.0319758 2 4 3
32.4971 0.0317761 0.0317761 2 4 3
32.5058 0.031579 0.031579 2 4 3
32.5144 0.0313844 0.0313844 2 4 3
32.5229 0.0311922 0.0311922 2 4 3
32.5313 0.0310024 0.0310024 2 4 3
32.5395 0.030815 0.030815 2 4 3
32.5477 0.0306299 0.0306299 2 4 3
32.5557 0.0304471 0.0304471 2 4 3
32.5637 0.0302665 0.0302665 2 4 3
32.5715 0.0300881 0.0300881 2 4 3
32.5792 0.0299119 0.0299119 2 4 3
32.5868 0.0297378 0.0297378 2 4 3
32.5943 0.0295657 0.0295657 2 4 3
32.6017 0.0293957 0.0293957 2 4 3
32.609 0.0292278 0.0292278 2 4 3
32.6162 0.0290617 0.0290617 2 4 3
32.6233 0.0288977 0.0288977 2 4 3
32.6302 0.0287355 0.0287355 2 4 3
32.6371 0.0285752 0.0285752 2 4 3
32.6439 0.0284168 0.0284168 2 4 3
32.6505 0.0282601 0.0282601 2 4 3
32.6571 0.0281053 0.0281053 2 4 3
32.6636 0.0279522 0.0279522 2 4 3
32.6699 0.0278008 0.0278008 2 4 3
32.6762 0.0276511 0.0276511 2 4 3
32.6824 0.0275031 0.0275031 2 4 3
32.6884 0.0273567 0.0273567 2 4 3
32.6944 0.0272119 0.0272119 2 4 3
32.7003 0.0270688 0.0270688 2 4 3
32.7061 0.0269271 0.0269271 2 4 3
32.7118 0.0267871 0.0267871 2 4 3
32.7174 0.0266485 0.0266485 2 4 3
32.7229 0.0265114 0.0265114 2 4 3
32.7283 0.0263758 0.0263758 2 4 3
32.7336 0.0262416 0.0262416 2 4 3
32.7388 0.0261088 0.0261088 2 4 3
32.744 0.0259775 0.0259775 2 4 3
32.749 0.0258475 0.0258475 2 4 3
32.754 0.0257188 0.0257188 2 4 3
32.7588 0.0255915 0.0255915 2 4 3
32.7636 0.0254655 0.0254655 2 4 3
32.7683 0.0253408 0.0253408 2 4 3
32.773 0.0252174 0.0252174 2 4 3
32.7775 0.0250952 0.0250952 2 4 3
32.7819 0.0249743 0.0249743 2 4 3
32.7863 0.0248546 0.0248546 2 4 3
32.7906 0.024736 0.024736 2 4 3
32.7948 0.0246187 0.0246187 2 4 3
32.7989 0.0245025 0.0245025 2 4 3
32.8029 0.0243875 0.0243875 2 4 3
32.8069 0.0242736 0.0242736 2 4 3
32.8108 0.0241608 0.0241608 2 4 3
32.8146 0.0240491 0.0240491 2 4 3
32.8183 0.0239385 0.0239385 2 4 3
32.8219 0.0238289 0.0238289 2 4 3
32.8255 0.0237204 0.0237204 2 4 3
32.829 0.023613 0.023613 2 4 3
32.8324 0.0235065 0.0235065 2 4 3
32.8358 0.0234011 0.0234011 2 4 3
32.839 0.0232966 0.0232966 2 4 3
32.8422 0.0231932 0.0231932 2 4 3
32.8454 0.0230906 0.0230906 2 4 3
32.8484 0.0229891 0.0229891 2 4 3
32.8514 0.0228885 0.0228885 2 4 3
32.8543 0.0227888 0.0227888 2 4 3
32.8572 0.02269 0.02269 2 4 3
32.8599 0.0225921 0.0225921 2 4 3
32.8627 0.0224951 0.0224951 2 4 3
32.8653 0.022399 0.022399 2 4 3
32.8679 0.0223038 0.0223038 2 4 3
32.8704 0.0222094 0.0222094 2 4 3
32.8728 0.0221158 0.0221158 2 4 3
32.8752 0.0220231 0.0220231 2 4 3
32.8775 0.0219311 0.0219311 2 4 3
32.8798 0.02184 0.02184 2 4 3
32.882 0.0217497 0.0217497 2 4 3
32.8841 0.0216602 0.0216602 2 4 3
32.8862 0.0215715 0.0215715 2 4 3
32.8882 0.0214835 0.0214835 2 4 3
32.8901 0.0213962 0.0213962 2 4 3
32.892 0.0213098 0.0213098 2 4 3
32.8939 0.021224 0.021224 2 4 3
32.8956 0.021139 0.021139 2 4 3
32.8973 0.0210547 0.0210547 2 4 3
32.899 0.0209711 0.0209711 2 4 3
32.9006 0.0208882 0.0208882 2 4 3
32.9021 0.020806 0.020806 2 4 3
32.9036 0.0207245 0.0207245 2 4 3
32.905 0.0206437 0.0206437 2 4 3
32.9064 0.0205635 0.0205635 2 4 3
32.9077 0.020484 0.020484 2 4 3
32.909 0.0204051 0.0204051 2 4 3
32.9102 0.0203268 0.0203268 2 4 3
32.9114 0.0202492 0.0202492 2 4 3
32.9125 0.0201723 0.0201723 2 4 3
32.9136 0.0200959 0.0200959 2 4 3
32.9146 0.0200202 0.0200202 2 4 3
32.9155 0.019945 0.019945 2 4 3
32.9164 0.0198705 0.0198705 2 4 3
32.9173 0.0197965 0.0197965 2 4 3
32.9181 0.0197231 0.0197231 2 4 3
32.9189 0.0196503 0.0196503 2 4 3
32.9196 0.0195781 0.0195781 2 4 3
32.9203 0.0195064 0.0195064 2 4 3
32.9209 0.0194353 0.0194353 2 4 3
32.9215 0.0193647 0.0193647 2 4 3
32.922 0.0192947 0.0192947 2 4 3
32.9225 0.0192252 0.0192252 2 4 3
32.9229 0.0191562 0.0191562 2 4 3
32.9233 0.0190877 0.0190877 2 4 3
32.9237 0.0190198 0.0190198 2 4 3
32.924 0.0189524 0.0189524 2 4 3
32.9243 0.0188855 0.0188855 2 4 3
32.9245 0.018819 0.018819 2 4 3
32.9247 0.0187531 0.0187531 2 4 3
32.9248 0.0186877 0.0186877 2 4 3
32.9249 0.0186227 0.0186227 2 4 3
32.925 0.0185582 0.0185582 2 4 3
32.925 0.0184942 0.0184942 2 4 3
32.925 0.0184307 0.0184307 2 4 3
32.925 0.0183676 0.0183676 2 4 3
32.9249 0.018305 0.018305 2 4 3
32.9248 0.0182428 0.0182428 2 4 3
32.9246 0.0181811 0.0181811 2 4 3
32.9244 0.0181198 0.0181198 2 4 3
32.9241 0.0180589 0.0180589 2 4 3
32.9239 0.0179985 0.0179985 2 4 3
32.9235 0.0179385 0.0179385 2 4 3
32.9232 0.0178789 0.0178789 2 4 3
32.9228 0.0178198 0.0178198 2 4 3
32.9224 0.017761 0.017761 2 4 3
32.9219 0.0177027 0.0177027 2 4 3
32.9215 0.0176447 0.0176447 2 4 3
32.9209 0.0175872 0.0175872 2 4 3
32.9204 0.0175301 0.0175301 2 4 3
32.9198 0.0174733 0.0174733 2 4 3
32.9192 0.017417 0.017417 2 4 3
32.9185 0.017361 0.017361 2 4 3
32.9178 0.0173054 0.0173054 2 4 3
32.9171 0.0172502 0.0172502 2 4 3
32.9164 0.0171953 0.0171953 2 4 3
32.9156 0.0171408 0.0171408 2 4 3
32.9148 0.0170867 0.0170867 2 4 3
32.914 0.0170329 0.0170329 2 4 3
32.9131 0.0169795 0.0169795 2 4 3
32.9122 0.0169265 0.0169265 2 4 3
32.9113 0.0168738 0.0168738 2 4 3
32.9103 0.0168214 0.0168214 2 4 3
32.9093 0.0167694 0.0167694 2 4 3
32.9083 0.0167177 0.0167177 2 4 3
32.9073 0.0166664 0.0166664 2 4 3
32.9062 0.0166154 0.0166154 2 4 3
32.9052 0.0165647 0.0165647 2 4 3
32.904 0.0165143 0.0165143 2 4 3
32.9029 0.0164643 0.0164643 2 4 3
32.9017 0.0164146 0.0164146 2 4 3
32.9005 0.0163651 0.0163651 2 4 3
32.8993 0.0163161 0.0163161 2 4 3
32.8981 0.0162673 0.0162673 2 4 3
32.8968 0.0162188 0.0162188 2 4 3
32.8955 0.0161706 0.0161706 2 4 3
32.8942 0.0161228 0.0161228 2 4 3
32.8929 0.0160752 0.0160752 2 4 3
32.8915 0.0160279 0.0160279 2 4 3
32.8901 0.0159809 0.0159809 2 4 3
32.8887 0.0159342 0.0159342 2 4 3
32.8873 0.0158878 0.0158878 2 4 3
32.8859 0.0158417 0.0158417 2 4 3
32.8844 0.0157958 0.0157958 2 4 3
32.8829 0.0157502 0.0157502 2 4 3
32.8814 0.0157049 0.0157049 2 4 3
32.8798 0.0156599 0.0156599 2 4 3
32.8783 0.0156152 0.0156152 2 4 3
32.8767 0.0155707 0.0155707 2 4 3
32.8751 0.0155265 0.0155265 2 4 3
32.8735 0.0154825 0.0154825 2 4 3
32.8719 0.0154388 0.0154388 2 4 3
32.8702 0.0153954 0.0153954 2 4 3
32.8685 0.0153522 0.0153522 2 4 3
32.8668 0.0153092 0.0153092 2 4 3
32.8651 0.0152666 0.0152666 2 4 3
32.8634 0.0152241 0.0152241 2 4 3
32.8617 0.015182 0.015182 2 4 3
32.8599 0.01514 0.01514 2 4 3
32.8581 0.0150983 0.0150983 2 4 3
32.8563 0.0150569 0.0150569 2 4 3
32.8545 0.0150156 0.0150156 2 4 3
32.8527 0.0149746 0.0149746 2 4 3
32.8508 0.0149339 0.0149339 2 4 3
32.8489 0.0148934 0.0148934 2 4 3
32.8471 0.0148531 0.0148531 2 4 3
32.8452 0.014813 0.014813 2 4 3
32.8433 0.0147732 0.0147732 2 4 3
32.8413 0.0147336 0.0147336 2 4 3
32.8394 0.0146942 0.0146942 2 4 3
32.8374 0.014655 0.014655 2 4 3
32.8355 0.014616 0.014616 2 4 3
32.8335 0.0145773 0.0145773 2 4 3
32.8315 0.0145388 0.0145388 2 4 3
32.8294 0.0145004 0.0145004 2 4 3
32.8274 0.0144623 0.0144623 2 4 3
32.8254 0.0144244 0.0144244 2 4 3
32.8233 0.0143867 0.0143867 2 4 3
32.8213 0.0143493 0.0143493 2 4 3
32.8192 0.014312 0.014312 2 4 3
32.8171 0.0142749 0.0142749 2 4 3
32.815 0.014238 0.014238 2 4 3
32.8129 0.0142013 0.0142013 2 4 3
32.8107 0.0141648 0.0141648 2 4 3
32.8086 0.0141285 0.0141285 2 4 3
32.8064 0.0140924 0.0140924 2 4 3
32.8043 0.0140565 0.0140565 2 4 3
32.8021 0.0140208 0.0140208 2 4 3
32.7999 0.0139853 0.0139853 2 4 3
32.7977 0.0139499 0.0139499 2 4 3
32.7955 0.0139147 0.0139147 2 4 3
32.7933 0.0138798 0.0138798 2 4 3
32.791 0.013845 0.013845 2 4 3
32.7888 0.0138103 0.0138103 2 4 3
32.7865 0.0137759 0.0137759 2 4 3
32.7843 0.0137416 0.0137416 2 4 3
32.782 0.0137076 0.0137076 2 4 3
32.7797 0.0136737 0.0136737 2 4 3
32.7774 0.0136399 0.0136399 2 4 3
32.7751 0.0136064 0.0136064 2 4 3
32.7728 0.013573 0.013573 2 4 3
32.7705 0.0135397 0.0135397 2 4 3
32.7682 0.0135067 0.0135067 2 4 3
32.7659 0.0134738 0.0134738 2 4 3
32.7635 0.0134411 0.0134411 2 4 3
32.7612 0.0134085 0.0134085 2 4 3
32.7588 0.0133761 0.0133761 2 4 3
32.7564 0.0133439 0.0133439 2 4 3
32.7541 0.0133118 0.0133118 2 4 3
32.7517 0.0132799 0.0132799 2 4 3
32.7493 0.0132481 0.0132481 2 4 3
32.7469 0.0132165 0.0132165 2 4 3
32.7445 0.013185 0.013185 2 4 3
32.7421 0.0131538 0.0131538 2 4 3
32.7397 0.0131226 0.0131226 2 4 3
32.7372 0.0130916 0.0130916 2 4 3
32.7348 0.0130608 0.0130608 2 4 3
32.7324 0.0130301 0.0130301 2 4 3
32.7299 0.0129995 0.0129995 2 4 3
32.7275 0.0129691 0.0129691 2 4 3
32.725 0.0129389 0.0129389 2 4 3
32.7226 0.0129088 0.0129088 2 4 3
32.7201 0.0128788 0.0128788 2 4 3
32.7176 0.012849 0.012849 2 4 3
32.7152 0.0128193 0.0128193 2 4 3
32.7127 0.0127898 0.0127898 2 4 3
32.7102 0.0127604 0.0127604 2 4 3
32.7077 0.0127311 0.0127311 2 4 3
32.7052 0.012702 0.012702 2 4 3
32.7027 0.012673 0.012673 2 4 3
32.7002 0.0126442 0.0126442 2 4 3
32.6977 0.0126154 0.0126154 2 4 3
32.6952 0.0125869 0.0125869 2 4 3
32.6927 0.0125584 0.0125584 2 4 3
32.6902 0.0125301 0.0125301 2 4 3
32.6876 0.0125019 0.0125019 2 4 3
32.6851 0.0124738 0.0124738 2 4 3
32.6826 0.0124459 0.0124459 2 4 3
32.68 0.0124181 0.0124181 2 4 3
32.6775 0.0123904 0.0123904 2 4 3
32.675 0.0123629 0.0123629 2 4 3
32.6724 0.0123354 0.0123354 2 4 3
32.6699 0.0123081 0.0123081 2 4 3
32.6673 0.012281 0.012281 2 4 3
32.6648 0.0122539 0.0122539 2 4 3
32.6622 0.012227 0.012227 2 4 3
32.6596 0.0122002 0.0122002 2 4 3
32.6571 0.0121735 0.0121735 2 4 3
32.6545 0.0121469 0.0121469 2 4 3
32.6519 0.0121204 0.0121204 2 4 3
32.6494 0.0120941 0.0120941 2 4 3
32.6468 0.0120679 0.0120679 2 4 3
32.6442 0.0120417 0.0120417 2 4 3
32.6416 0.0120158 0.0120158 2 4 3
32.6391 0.0119899 0.0119899 2 4 3
32.6365 0.0119641 0.0119641 2 4 3
32.6339 0.0119384 0.0119384 2 4 3
32.6313 0.0119129 0.0119129 2 4 3
32.6287 0.0118875 0.0118875 2 4 3
32.6262 0.0118621 0.0118621 2 4 3
32.6236 0.0118369 0.0118369 2 4 3
32.621 0.0118118 0.0118118 2 4 3
32.6184 0.0117868 0.0117868 2 4 3
32.6158 0.0117619 0.0117619 2 4 3
32.6132 0.0117372 0.0117372 2 4 3
32.6106 0.0117125 0.0117125 2 4 3
32.608 0.0116879 0.0116879 2 4 3
32.6054 0.0116634 0.0116634 2 4 3
32.6029 0.0116391 0.0116391 2 4 3
32.6003 0.0116148 0.0116148 2 4 3
32.5977 0.0115906 0.0115906 2 4 3
32.5951 0.0115666 0.0115666 2 4 3
32.5925 0.0115426 0.0115426 2 4 3
32.5899 0.0115188 0.0115188 2 4 3
32.5873 0.011495 0.011495 2 4 3
32.5847 0.0114714 0.0114714 2 4 3
32.5821 0.0114478 0.0114478 2 4 3
32.5795 0.0114243 0.0114243 2 4 3
32.5769 0.011401 0.011401 2 4 3
32.5743 0.0113777 0.0113777 2 4 3
32.5717 0.0113545 0.0113545 2 4 3
32.5691 0.0113314 0.0113314 2 4 3
32.5666 0.0113085 0.0113085 2 4 3
32.564 0.0112856 0.0112856 2 4 3
32.5614 0.0112628 0.0112628 2 4 3
32.5588 0.0112401 0.0112401 2 4 3
32.5562 0.0112174 0.0112174 2 4 3
32.5536 0.0111949 0.0111949 2 4 3
32.551 0.0111725 0.0111725 2 4 3
32.5484 0.0111501 0.0111501 2 4 3
32.5459 0.0111279 0.0111279 2 4 3
32.5433 0.0111057 0.0111057 2 4 3
32.5407 0.0110837 0.0110837 2 4 3
32.5381 0.0110617 0.0110617 2 4 3
32.5355 0.0110398 0.0110398 2 4 3
32.533 0.011018 0.011018 2 4 3
32.5304 0.0109962 0.0109962 2 4 3
32.5278 0.0109746 0.0109746 2 4 3
32.5252 0.0109531 0.0109531 2 4 3
32.5227 0.0109316 0.0109316 2 4 3
32.5201 0.0109102 0.0109102 2 4 3
32.5175 0.0108889 0.0108889 2 4 3
32.515 0.0108677 0.0108677 2 4 3
32.5124 0.0108465 0.0108465 2 4 3
32.5099 0.0108255 0.0108255 2 4 3
32.5073 0.0108045 0.0108045 2 4 3
32.5047 0.0107836 0.0107836 2 4 3
32.5022 0.0107628 0.0107628 2 4 3
32.4996 0.0107421 0.0107421 2 4 3
32.4971 0.0107214 0.0107214 2 4 3
32.4946 0.0107009 0.0107009 2 4 3
32.492 0.0106804 0.0106804 2 4 3
32.4895 0.01066 0.01066 2 4 3
32.4869 0.0106396 0.0106396 2 4 3
32.4844 0.0106194 0.0106194 2 4 3
32.4819 0.0105992 0.0105992 2 4 3
32.4793 0.0105791 0.0105791 2 4 3
32.4768 0.0105591 0.0105591 2 4 3
32.4743 0.0105391 0.0105391 2 4 3
32.4718 0.0105192 0.0105192 2 4 3
32.4692 0.0104994 0.0104994 2 4 3
32.4667 0.0104797 0.0104797 2 4 3
32.4642 0.0104601 0.0104601 2 4 3
32.4617 0.0104405 0.0104405 2 4 3
32.4592 0.010421 0.010421 2 4 3
32.4567 0.0104015 0.0104015 2 4 3
32.4542 0.0103822 0.0103822 2 4 3
32.4517 0.0103629 0.0103629 2 4 3
32.4492 0.0103436 0.0103436 2 4 3
32.4467 0.0103245 0.0103245 2 4 3
32.4442 0.0103054 0.0103054 2 4 3
32.4418 0.0102864 0.0102864 2 4 3
32.4393 0.0102675 0.0102675 2 4 3
32.4368 0.0102486 0.0102486 2 4 3
32.4343 0.0102298 0.0102298 2 4 3
32.4319 0.0102111 0.0102111 2 4 3
32.4294 0.0101924 0.0101924 2 4 3
32.4269 0.0101738 0.0101738 2 4 3
32.4245 0.0101553 0.0101553 2 4 3
32.422 0.0101368 0.0101368 2 4 3
32.4196 0.0101184 0.0101184 2 4 3
32.4171 0.0101001 0.0101001 2 4 3
32.4147 0.0100818 0.0100818 2 4 3
32.4122 0.0100636 0.0100636 2 4 3
32.4098 0.0100455 0.0100455 2 4 3
32.4074 0.0100274 0.0100274 2 4 3
32.405 0.0100094 0.0100094 2 4 3
32.4025 0.00999146 0.00999146 2 4 3
32.4001 0.00997358 0.00997358 2 4 3
32.3977 0.00995576 0.00995576 2 4 3
32.3953 0.00993801 0.00993801 2 4 3
32.3929 0.00992032 0.00992032 2 4 3
32.3905 0.00990269 0.00990269 2 4 3
32.3881 0.00988513 0.00988513 2 4 3
32.3857 0.00986762 0.00986762 2 4 3
32.3833 0.00985018 0.00985018 2 4 3
32.3809 0.0098328 0.0098328 2 4 3
32.3785 0.00981548 0.00981548 2 4 3
32.3762 0.00979821 0.00979821 2 4 3
32.3738 0.00978101 0.00978101 2 4 3
32.3714 0.00976387 0.00976387 2 4 3
32.3691 0.00974679 0.00974679 2 4 3
32.3667 0.00972976 0.00972976 2 4 3
32.3643 0.0097128 0.0097128 2 4 3
32.362 0.00969589 0.00969589 2 4 3
32.3597 0.00967904 0.00967904 2 4 3
32.3573 0.00966225 0.00966225 2 4 3
32.355 0.00964552 0.00964552 2 4 3
32.3526 0.00962884 0.00962884 2 4 3
32.3503 0.00961222 0.00961222 2 4 3
32.348 0.00959565 0.00959565 2 4 3
32.3457 0.00957915 0.00957915 2 4 3
32.3434 0.00956269 0.00956269 2 4 3
32.3411 0.0095463 0.0095463 2 4 3
32.3388 0.00952996 0.00952996 2 4 3
32.3365 0.00951367 0.00951367 2 4 3
32.3342 0.00949744 0.00949744 2 4 3
32.3319 0.00948126 0.00948126 2 4 3
32.3296 0.00946514 0.00946514 2 4 3
32.3273 0.00944907 0.00944907 2 4 3
32.3251 0.00943305 0.00943305 2 4 3
32.3228 0.00941709 0.00941709 2 4 3
32.3205 0.00940118 0.00940118 2 4 3
32.3183 0.00938532 0.00938532 2 4 3
32.316 0.00936952 0.00936952 2 4 3
32.3138 0.00935377 0.00935377 2 4 3
32.3115 0.00933806 0.00933806 2 4 3
32.3093 0.00932242 0.00932242 2 4 3
32.3071 0.00930682 0.00930682 2 4 3
32.3048 0.00929127 0.00929127 2 4 3
32.3026 0.00927578 0.00927578 2 4 3
32.3004 0.00926033 0.00926033 2 4 3
32.2982 0.00924494 0.00924494 2 4 3
32.296 0.00922959 0.00922959 2 4 3
32.2938 0.0092143 0.0092143 2 4 3
32.2916 0.00919905 0.00919905 2 4 3
32.2894 0.00918386 0.00918386 2 4 3
32.2872 0.00916871 0.00916871 2 4 3
32.285 0.00915362 0.00915362 2 4 3
32.2828 0.00913857 0.00913857 2 4 3
32.2807 0.00912357 0.00912357 2 4 3
32.2785 0.00910861 0.00910861 2 4 3
32.2763 0.00909371 0.00909371 2 4 3
32.2742 0.00907885 0.00907885 2 4 3
32.272 0.00906404 0.00906404 2 4 3
32.2699 0.00904928 0.00904928 2 4 3
32.2677 0.00903457 0.00903457 2 4 3
32.2656 0.0090199 0.0090199 2 4 3
32.2635 0.00900527 0.00900527 2 4 3
32.2614 0.0089907 0.0089907 2 4 3
32.2592 0.00897617 0.00897617 2 4 3
32.2571 0.00896169 0.00896169 2 4 3
32.255 0.00894725 0.00894725 2 4 3
32.2529 0.00893285 0.00893285 2 4 3
32.2508 0.00891851 0.00891851 2 4 3
32.2487 0.0089042 0.0089042 2 4 3
32.2466 0.00888994 0.00888994 2 4 3
32.2446 0.00887573 0.00887573 2 4 3
32.2425 0.00886156 0.00886156 2 4 3
32.2404 0.00884744 0.00884744 2 4 3
32.2384 0.00883335 0.00883335 2 4 3
32.2363 0.00881932 0.00881932 2 4 3
32.2343 0.00880532 0.00880532 2 4 3
32.2322 0.00879137 0.00879137 2 4 3
32.2302 0.00877746 0.00877746 2 4 3
32.2281 0.0087636 0.0087636 2 4 3
32.2261 0.00874978 0.00874978 2 4 3
32.2241 0.00873599 0.00873599 2 4 3
32.2221 0.00872226 0.00872226 2 4 3
32.22 0.00870856 0.00870856 2 4 3
32.218 0.00869491 0.00869491 2 4 3
32.216 0.00868129 0.00868129 2 4 3
32.214 0.00866772 0.00866772 2 4 3
32.212 0.00865419 0.00865419 2 4 3
32.21 0.0086407 0.0086407 2 4 3
32.2081 0.00862726 0.00862726 2 4 3
32.2061 0.00861385 0.00861385 2 4 3
32.2041 0.00860048 0.00860048 2 4 3
32.2022 0.00858716 0.00858716 2 4 3
32.2002 0.00857387 0.00857387 2 4 3
32.1982 0.00856062 0.00856062 2 4 3
32.1963 0.00854742 0.00854742 2 4 3
32.1944 0.00853425 0.00853425 2 4 3
32.1924 0.00852112 0.00852112 2 4 3
32.1905 0.00850803 0.00850803 2 4 3
32.1886 0.00849498 0.00849498 2 4 3
32.1866 0.00848197 0.00848197 2 4 3
32.1847 0.008469 0.008469 2 4 3
32.1828 0.00845607 0.00845607 2 4 3
32.1809 0.00844317 0.00844317 2 4 3
32.179 0.00843032 0.00843032 2 4 3
32.1771 0.0084175 0.0084175 2 4 3
32.1752 0.00840471 0.00840471 2 4 3
32.1734 0.00839197 0.00839197 2 4 3
32.1715 0.00837926 0.00837926 2 4 3
32.1696 0.0083666 0.0083666 2 4 3
32.1677 0.00835396 0.00835396 2 4 3
32.1659 0.00834137 0.00834137 2 4 3
32.164 0.00832881 0.00832881 2 4 3
32.1622 0.00831629 0.00831629 2 4 3
32.1603 0.0083038 0.0083038 2 4 3
32.1585 0.00829136 0.00829136 2 4 3
32.1567 0.00827894 0.00827894 2 4 3
32.1549 0.00826657 0.00826657 2 4 3
32.153 0.00825423 0.00825423 2 4 3
32.1512 0.00824192 0.00824192 2 4 3
32.1494 0.00822965 0.00822965 2 4 3
32.1476 0.00821742 0.00821742 2 4 3
32.1458 0.00820522 0.00820522 2 4 3
32.144 0.00819305 0.00819305 2 4 3
32.1422 0.00818093 0.00818093 2 4 3
32.1405 0.00816883 0.00816883 2 4 3
32.1387 0.00815677 0.00815677 2 4 3
32.1369 0.00814475 0.00814475 2 4 3
32.1351 0.00813276 0.00813276 2 4 3
32.1334 0.0081208 0.0081208 2 4 3
32.1316 0.00810888 0.00810888 2 4 3
32.1299 0.00809699 0.00809699 2 4 3
32.1281 0.00808513 0.00808513 2 4 3
32.1264 0.00807331 0.00807331 2 4 3
32.1247 0.00806152 0.00806152 2 4 3
32.123 0.00804977 0.00804977 2 4 3
32.1212 0.00803804 0.00803804 2 4 3
32.1195 0.00802636 0.00802636 2 4 3
32.1178 0.0080147 0.0080147 2 4 3
32.1161 0.00800308 0.00800308 2 4 3
32.1144 0.00799149 0.00799149 2 4 3
32.1127 0.00797993 0.00797993 2 4 3
32.111 0.0079684 0.0079684 2 4 3
32.1094 0.00795691 0.00795691 2 4 3
32.1077 0.00794544 0.00794544 2 4 3
32.106 0.00793401 0.00793401 2 4 3
32.1043 0.00792262 0.00792262 2 4 3
32.1027 0.00791125 0.00791125 2 4 3
32.101 0.00789991 0.00789991 2 4 3
32.0994 0.00788861 0.00788861 2 4 3
32.0977 0.00787734 0.00787734 2 4 3
32.0961 0.0078661 0.0078661 2 4 3
32.0945 0.00785489 0.00785489 2 4 3
32.0928 0.00784371 0.00784371 2 4 3
32.0912 0.00783256 0.00783256 2 4 3
32.0896 0.00782144 0.00782144 2 4 3
32.088 0.00781035 0.00781035 2 4 3
32.0864 0.00779929 0.00779929 2 4 3
32.0848 0.00778827 0.00778827 2 4 3
32.0832 0.00777727 0.00777727 2 4 3
32.0816 0.0077663 0.0077663 2 4 3
32.08 0.00775536 0.00775536 2 4 3
32.0785 0.00774446 0.00774446 2 4 3
32.0769 0.00773358 0.00773358 2 4 3
32.0753 0.00772273 0.00772273 2 4 3
32.0738 0.00771191 0.00771191 2 4 3
32.0722 0.00770112 0.00770112 2 4 3
32.0706 0.00769036 0.00769036 2 4 3
32.0691 0.00767962 0.00767962 2 4 3
32.0676 0.00766892 0.00766892 2 4 3
32.066 0.00765825 0.00765825 2 4 3
32.0645 0.0076476 0.0076476 2 4 3
32.063 0.00763698 0.00763698 2 4 3
32.0615 0.00762639 0.00762639 2 4 3
32.0599 0.00761583 0.00761583 2 4 3
32.0584 0.0076053 0.0076053 2 4 3
32.0569 0.0075948 0.0075948 2 4 3
32.0554 0.00758432 0.00758432 2 4 3
32.0539 0.00757387 0.00757387 2 4 3
32.0524 0.00756345 0.00756345 2 4 3
32.051 0.00755306 0.00755306 2 4 3
32.0495 0.00754269 0.00754269 2 4 3
32.048 0.00753235 0.00753235 2 4 3
32.0466 0.00752204 0.00752204 2 4 3
32.0451 0.00751176 0.00751176 2 4 3
32.0436 0.0075015 0.0075015 2 4 3
32.0422 0.00749127 0.00749127 2 4 3
32.0407 0.00748107 0.00748107 2 4 3
32.0393 0.00747089 0.00747089 2 4 3
32.0379 0.00746074 0.00746074 2 4 3
32.0364 0.00745062 0.00745062 2 4 3
32.035 0.00744052 0.00744052 2 4 3
32.0336 0.00743045 0.00743045 2 4 3
32.0322 0.00742041 0.00742041 2 4 3
32.0308 0.00741039 0.00741039 2 4 3
32.0294 0.0074004 0.0074004 2 4 3
32.028 0.00739043 0.00739043 2 4 3
32.0266 0.00738049 0.00738049 2 4 3
32.0252 0.00737058 0.00737058 2 4 3
32.0238 0.00736069 0.00736069 2 4 3
32.0224 0.00735083 0.00735083 2 4 3
32.021 0.00734099 0.00734099 2 4 3
32.0197 0.00733118 0.00733118 2 4 3
32.0183 0.00732139 0.00732139 2 4 3
32.0169 0.00731163 0.00731163 2 4 3
32.0156 0.00730189 0.00730189 2 4 3
32.0142 0.00729218 0.00729218 2 4 3
32.0129 0.00728249 0.00728249 2 4 3
32.0116 0.00727283 0.00727283 2 4 3
32.0102 0.00726319 0.00726319 2 4 3
32.0089 0.00725358 0.00725358 2 4 3
32.0076 0.00724399 0.00724399 2 4 3
32.0062 0.00723442 0.00723442 2 4 3
32.0049 0.00722488 0.00722488 2 4 3
32.0036 0.00721537 0.00721537 2 4 3
32.0023 0.00720588 0.00720588 2 4 3
32.001 0.00719641 0.00719641 2 4 3
31.9997 0.00718696 0.00718696 2 4 3
31.9984 0.00717754 0.00717754 2 4 3
31.9971 0.00716815 0.00716815 2 4 3
31.9959 0.00715878 0.00715878 2 4 3
31.9946 0.00714943 0.00714943 2 4 3
31.9933 0.0071401 0.0071401 2 4 3
31.9921 0.0071308 0.0071308 2 4 3
31.9908 0.00712152 0.00712152 2 4 3
31.9895 0.00711226 0.00711226 2 4 3
31.9883 0.00710303 0.00710303 2 4 3
31.987 0.00709382 0.00709382 2 4 3
31.9858 0.00708464 0.00708464 2 4 3
31.9846 0.00707547 0.00707547 2 4 3
31.9833 0.00706633 0.00706633 2 4 3
31.9821 0.00705721 0.00705721 2 4 3
31.9809 0.00704812 0.00704812 2 4 3
31.9797 0.00703905 0.00703905 2 4 3
31.9784 0.00703 0.00703 2 4 3
31.9772 0.00702097 0.00702097 2 4 3
31.976 0.00701196 0.00701196 2 4 3
31.9748 0.00700298 0.00700298 2 4 3
31.9736 0.00699402 0.00699402 2 4 3
31.9724 0.00698508 0.00698508 2 4 3
31.9713 0.00697616 0.00697616 2 4 3
31.9701 0.00696727 0.00696727 2 4 3
31.9689 0.00695839 0.00695839 2 4 3
31.9677 0.00694954 0.00694954 2 4 3
31.9666 0.00694071 0.00694071 2 4 3
31.9654 0.0069319 0.0069319 2 4 3
31.9642 0.00692311 0.00692311 2 4 3
31.9631 0.00691435 0.00691435 2 4 3
31.9619 0.0069056 0.0069056 2 4 3
31.9608 0.00689688 0.00689688 2 4 3
31.9597 0.00688818 0.00688818 2 4 3
31.9585 0.0068795 0.0068795 2 4 3
31.9574 0.00687084 0.00687084 2 4 3
31.9563 0.0068622 0.0068622 2 4 3
31.9551 0.00685358 0.00685358 2 4 3
31.954 0.00684498 0.00684498 2 4 3
31.9529 0.00683641 0.00683641 2 4 3
31.9518 0.00682785 0.00682785 2 4 3
31.9507 0.00681932 0.00681932 2 4 3
31.9496 0.0068108 0.0068108 2 4 3
31.9485 0.00680231 0.00680231 2 4 3
31.9474 0.00679384 0.00679384 2 4 3
31.9463 0.00678538 0.00678538 2 4 3
31.9452 0.00677695 0.00677695 2 4 3
31.9441 0.00676854 0.00676854 2 4 3
31.9431 0.00676014 0.00676014 2 4 3
31.942 0.00675177 0.00675177 2 4 3
31.9409 0.00674342 0.00674342 2 4 3
31.9399 0.00673508 0.00673508 2 4 3
31.9388 0.00672677 0.00672677 2 4 3
31.9378 0.00671848 0.00671848 2 4 3
31.9367 0.0067102 0.0067102 2 4 3
31.9357 0.00670195 0.00670195 2 4 3
31.9346 0.00669371 0.00669371 2 4 3
31.9336 0.0066855 0.0066855 2 4 3
31.9326 0.0066773 0.0066773 2 4 3
31.9315 0.00666913 0.00666913 2 4 3
31.9305 0.00666097 0.00666097 2 4 3
31.9295 0.00665283 0.00665283 2 4 3
31.9285 0.00664471 0.00664471 2 4 3
31.9275 0.00663661 0.00663661 2 4 3
31.9265 0.00662853 0.00662853 2 4 3
31.9255 0.00662047 0.00662047 2 4 3
31.9245 0.00661242 0.00661242 2 4 3
31.9235 0.0066044 0.0066044 2 4 3
31.9225 0.00659639 0.00659639 2 4 3
31.9215 0.00658841 0.00658841 2 4 3
31.9205 0.00658044 0.00658044 2 4 3
31.9195 0.00657249 0.00657249 2 4 3
31.9186 0.00656456 0.00656456 2 4 3
31.9176 0.00655665 0.00655665 2 4 3
31.9166 0.00654875 0.00654875 2 4 3
31.9157 0.00654087 0.00654087 2 4 3
31.9147 0.00653302 0.00653302 2 4 3
31.9137 0.00652518 0.00652518 2 4 3
31.9128 0.00651735 0.00651735 2 4 3
31.9118 0.00650955 0.00650955 2 4 3
31.9109 0.00650176 0.00650176 2 4 3
31.91 0.006494 0.006494 2 4 3
31.909 0.00648625 0.00648625 2 4 3
31.9081 0.00647851 0.00647851 2 4 3
31.9072 0.0064708 0.0064708 2 4 3
31.9062 0.0064631 0.0064631 2 4 3
31.9053 0.00645542 0.00645542 2 4 3
31.9044 0.00644776 0.00644776 2 4 3
31.9035 0.00644012 0.00644012 2 4 3
31.9026 0.00643249 0.00643249 2 4 3
31.9017 0.00642488 0.00642488 2 4 3
31.9008 0.00641729 0.00641729 2 4 3
31.8999 0.00640972 0.00640972 2 4 3
31.899 0.00640216 0.00640216 2 4 3
31.8981 0.00639462 0.00639462 2 4 3
31.8972 0.0063871 0.0063871 2 4 3
31.8963 0.00637959 0.00637959 2 4 3
31.8955 0.0063721 0.0063721 2 4 3
31.8946 0.00636463 0.00636463 2 4 3
31.8937 0.00635717 0.00635717 2 4 3
31.8929 0.00634973 0.00634973 2 4 3
31.892 0.00634231 0.00634231 2 4 3
31.8911 0.00633491 0.00633491 2 4 3
31.8903 0.00632752 0.00632752 2 4 3
31.8894 0.00632015 0.00632015 2 4 3
31.8886 0.00631279 0.00631279 2 4 3
31.8877 0.00630545 0.00630545 2 4 3
31.8869 0.00629813 0.00629813 2 4 3
31.8861 0.00629082 0.00629082 2 4 3
31.8852 0.00628353 0.00628353 2 4 3
31.8844 0.00627626 0.00627626 2 4 3
31.8836 0.006269 0.006269 2 4 3
31.8827 0.00626176 0.00626176 2 4 3
31.8819 0.00625454 0.00625454 2 4 3
31.8811 0.00624733 0.00624733 2 4 3
31.8803 0.00624014 0.00624014 2 4 3
31.8795 0.00623296 0.00623296 2 4 3
31.8787 0.0062258 0.0062258 2 4 3
31.8779 0.00621865 0.00621865 2 4 3
31.8771 0.00621152 0.00621152 2 4 3
31.8763 0.00620441 0.00620441 2 4 3
31.8755 0.00619731 0.00619731 2 4 3
31.8747 0.00619023 0.00619023 2 4 3
31.8739 0.00618316 0.00618316 2 4 3
31.8731 0.00617611 0.00617611 2 4 3
31.8723 0.00616908 0.00616908 2 4 3
31.8716 0.00616206 0.00616206 2 4 3
31.8708 0.00615505 0.00615505 2 4 3
31.87 0.00614806 0.00614806 2 4 3
31.8693 0.00614109 0.00614109 2 4 3
31.8685 0.00613413 0.00613413 2 4 3
31.8677 0.00612719 0.00612719 2 4 3
31.867 0.00612026 0.00612026 2 4 3
31.8662 0.00611334 0.00611334 2 4 3
31.8655 0.00610645 0.00610645 2 4 3
31.8647 0.00609956 0.00609956 2 4 3
31.864 0.00609269 0.00609269 2 4 3
31.8633 0.00608584 0.00608584 2 4 3
31.8625 0.006079 0.006079 2 4 3
31.8618 0.00607218 0.00607218 2 4 3
31.8611 0.00606537 0.00606537 2 4 3
31.8603 0.00605857 0.00605857 2 4 3
31.8596 0.00605179 0.00605179 2 4 3
31.8589 0.00604503 0.00604503 2 4 3
31.8582 0.00603828 0.00603828 2 4 3
31.8575 0.00603154 0.00603154 2 4 3
31.8568 0.00602482 0.00602482 2 4 3
31.8561 0.00601812 0.00601812 2 4 3
31.8554 0.00601142 0.00601142 2 4 3
31.8547 0.00600475 0.00600475 2 4 3
31.854 0.00599808 0.00599808 2 4 3
31.8533 0.00599143 0.00599143 2 4 3
31.8526 0.0059848 0.0059848 2 4 3
31.8519 0.00597818 0.00597818 2 4 3
31.8512 0.00597157 0.00597157 2 4 3
31.8505 0.00596498 0.00596498 2 4 3
31.8498 0.0059584 0.0059584 2 4 3
31.8492 0.00595183 0.00595183 2 4 3
31.8485 0.00594528 0.00594528 2 4 3
31.8478 0.00593874 0.00593874 2 4 3
31.8471 0.00593222 0.00593222 2 4 3
31.8465 0.00592571 0.00592571 2 4 3
31.8458 0.00591922 0.00591922 2 4 3
31.8452 0.00591274 0.00591274 2 4 3
31.8445 0.00590627 0.00590627 2 4 3
31.8439 0.00589981 0.00589981 2 4 3
31.8432 0.00589337 0.00589337 2 4 3
31.8426 0.00588695 0.00588695 2 4 3
31.8419 0.00588053 0.00588053 2 4 3
31.8413 0.00587413 0.00587413 2 4 3
31.8406 0.00586775 0.00586775 2 4 3
31.84 0.00586137 0.00586137 2 4 3
31.8394 0.00585501 0.00585501 2 4 3
31.8387 0.00584867 0.00584867 2 4 3
31.8381 0.00584233 0.00584233 2 4 3
31.8375 0.00583601 0.00583601 2 4 3
31.8369 0.00582971 0.00582971 2 4 3
31.8363 0.00582341 0.00582341 2 4 3
31.8356 0.00581713 0.00581713 2 4 3
31.835 0.00581086 0.00581086 2 4 3
31.8344 0.00580461 0.00580461 2 4 3
31.8338 0.00579837 0.00579837 2 4 3
31.8332 0.00579214 0.00579214 2 4 3
31.8326 0.00578593 0.00578593 2 4 3
31.832 0.00577972 0.00577972 2 4 3
31.8314 0.00577353 0.00577353 2 4 3
31.8308 0.00576736 0.00576736 2 4 3
31.8302 0.00576119 0.00576119 2 4 3
31.8296 0.00575504 0.00575504 2 4 3
31.829 0.0057489 0.0057489 2 4 3
31.8285 0.00574278 0.00574278 2 4 3
31.8279 0.00573666 0.00573666 2 4 3
31.8273 0.00573056 0.00573056 2 4 3
31.8267 0.00572448 0.00572448 2 4 3
31.8262 0.0057184 0.0057184 2 4 3
31.8256 0.00571234 0.00571234 2 4 3
31.825 0.00570629 0.00570629 2 4 3
31.8245 0.00570025 0.00570025 2 4 3
31.8239 0.00569422 0.00569422 2 4 3
31.8233 0.00568821 0.00568821 2 4 3
31.8228 0.00568221 0.00568221 2 4 3
31.8222 0.00567622 0.00567622 2 4 3
31.8217 0.00567024 0.00567024 2 4 3
31.8211 0.00566428 0.00566428 2 4 3
31.8206 0.00565832 0.00565832 2 4 3
31.82 0.00565238 0.00565238 2 4 3
31.8195 0.00564645 0.00564645 2 4 3
31.819 0.00564054 0.00564054 2 4 3
31.8184 0.00563463 0.00563463 2 4 3
31.8179 0.00562874 0.00562874 2 4 3
31.8174 0.00562286 0.00562286 2 4 3
31.8168 0.00561699 0.00561699 2 4 3
31.8163 0.00561114 0.00561114 2 4 3
31.8158 0.00560529 0.00560529 2 4 3
31.8153 0.00559946 0.00559946 2 4 3
31.8147 0.00559364 0.00559364 2 4 3
31.8142 0.00558783 0.00558783 2 4 3
31.8137 0.00558203 0.00558203 2 4 3
31.8132 0.00557624 0.00557624 2 4 3
31.8127 0.00557047 0.00557047 2 4 3
31.8122 0.00556471 0.00556471 2 4 3
31.8117 0.00555895 0.00555895 2 4 3
31.8112 0.00555321 0.00555321 2 4 3
31.8107 0.00554749 0.00554749 2 4 3
31.8102 0.00554177 0.00554177 2 4 3
31.8097 0.00553606 0.00553606 2 4 3
31.8092 0.00553037 0.00553037 2 4 3
31.8087 0.00552469 0.00552469 2 4 3
31.8082 0.00551902 0.00551902 2 4 3
31.8077 0.00551336 0.00551336 2 4 3
31.8072 0.00550771 0.00550771 2 4 3
31.8068 0.00550207 0.00550207 2 4 3
31.8063 0.00549644 0.00549644 2 4 3
31.8058 0.00549083 0.00549083 2 4 3
31.8053 0.00548522 0.00548522 2 4 3
31.8048 0.00547963 0.00547963 2 4 3
31.8044 0.00547405 0.00547405 2 4 3
31.8039 0.00546848 0.00546848 2 4 3
31.8034 0.00546292 0.00546292 2 4 3
31.803 0.00545737 0.00545737 2 4 3
31.8025 0.00545183 0.00545183 2 4 3
31.8021 0.0054463 0.0054463 2 4 3
31.8016 0.00544078 0.00544078 2 4 3
31.8011 0.00543528 0.00543528 2 4 3
31.8007 0.00542978 0.00542978 2 4 3
31.8002 0.0054243 0.0054243 2 4 3
31.7998 0.00541883 0.00541883 2 4 3
31.7993 0.00541337 0.00541337 2 4 3
31.7989 0.00540791 0.00540791 2 4 3
31.7985 0.00540247 0.00540247 2 4 3
31.798 0.00539704 0.00539704 2 4 3
31.7976 0.00539162 0.00539162 2 4 3
31.7971 0.00538621 0.00538621 2 4 3
31.7967 0.00538081 0.00538081 2 4 3
31.7963 0.00537543 0.00537543 2 4 3
31.7958 0.00537005 0.00537005 2 4 3
31.7954 0.00536468 0.00536468 2 4 3
31.795 0.00535932 0.00535932 2 4 3
31.7946 0.00535398 0.00535398 2 4 3
31.7941 0.00534864 0.00534864 2 4 3
31.7937 0.00534331 0.00534331 2 4 3
31.7933 0.005338 0.005338 2 4 3
31.7929 0.00533269 0.00533269 2 4 3
31.7925 0.0053274 0.0053274 2 4 3
31.7921 0.00532211 0.00532211 2 4 3
31.7916 0.00531684 0.00531684 2 4 3
31.7912 0.00531157 0.00531157 2 4 3
31.7908 0.00530632 0.00530632 2 4 3
31.7904 0.00530108 0.00530108 2 4 3
31.79 0.00529584 0.00529584 2 4 3
31.7896 0.00529062 0.00529062 2 4 3
31.7892 0.0052854 0.0052854 2 4 3
31.7888 0.0052802 0.0052802 2 4 3
31.7884 0.00527501 0.00527501 2 4 3
31.788 0.00526982 0.00526982 2 4 3
31.7877 0.00526465 0.00526465 2 4 3
31.7873 0.00525948 0.00525948 2 4 3
31.7869 0.00525433 0.00525433 2 4 3
31.7865 0.00524918 0.00524918 2 4 3
31.7861 0.00524405 0.00524405 2 4 3
31.7857 0.00523892 0.00523892 2 4 3
31.7853 0.00523381 0.00523381 2 4 3
31.785 0.0052287 0.0052287 2 4 3
31.7846 0.00522361 0.00522361 2 4 3
31.7842 0.00521852 0.00521852 2 4 3
31.7838 0.00521344 0.00521344 2 4 3
31.7835 0.00520838 0.00520838 2 4 3
31.7831 0.00520332 0.00520332 2 4 3
31.7827 0.00519827 0.00519827 2 4 3
31.7824 0.00519323 0.00519323 2 4 3
31.782 0.0051882 0.0051882 2 4 3
31.7816 0.00518318 0.00518318 2 4 3
31.7813 0.00517817 0.00517817 2 4 3
31.7809 0.00517317 0.00517317 2 4 3
31.7806 0.00516818 0.00516818 2 4 3
31.7802 0.0051632 0.0051632 2 4 3
31.7799 0.00515823 0.00515823 2 4 3
31.7795 0.00515326 0.00515326 2 4 3
31.7792 0.00514831 0.00514831 2 4 3
31.7788 0.00514337 0.00514337 2 4 3
31.7785 0.00513843 0.00513843 2 4 3
31.7781 0.0051335 0.0051335 2 4 3
31.7778 0.00512859 0.00512859 2 4 3
31.7774 0.00512368 0.00512368 2 4 3
31.7771 0.00511878 0.00511878 2 4 3
31.7768 0.00511389 0.00511389 2 4 3
31.7764 0.00510901 0.00510901 2 4 3
31.7761 0.00510414 0.00510414 2 4 3
31.7757 0.00509928 0.00509928 2 4 3
31.7754 0.00509442 0.00509442 2 4 3
31.7751 0.00508958 0.00508958 2 4 3
31.7748 0.00508475 0.00508475 2 4 3
31.7744 0.00507992 0.00507992 2 4 3
31.7741 0.0050751 0.0050751 2 4 3
31.7738 0.00507029 0.00507029 2 4 3
31.7735 0.00506549 0.00506549 2 4 3
31.7731 0.0050607 0.0050607 2 4 3
31.7728 0.00505592 0.00505592 2 4 3
31.7725 0.00505115 0.00505115 2 4 3
31.7722 0.00504638 0.00504638 2 4 3
31.7719 0.00504163 0.00504163 2 4 3
31.7716 0.00503688 0.00503688 2 4 3
31.7712 0.00503214 0.00503214 2 4 3
31.7709 0.00502741 0.00502741 2 4 3
31.7706 0.00502269 0.00502269 2 4 3
31.7703 0.00501798 0.00501798 2 4 3
31.77 0.00501328 0.00501328 2 4 3
31.7697 0.00500858 0.00500858 2 4 3
31.7694 0.0050039 0.0050039 2 4 3
31.7691 0.00499922 0.00499922 2 4 3
31.7688 0.00499455 0.00499455 2 4 3
31.7685 0.00498989 0.00498989 2 4 3
31.7682 0.00498524 0.00498524 2 4 3
31.7679 0.00498059 0.00498059 2 4 3
31.7676 0.00497596 0.00497596 2 4 3
31.7673 0.00497133 0.00497133 2 4 3
31.767 0.00496671 0.00496671 2 4 3
31.7668 0.0049621 0.0049621 2 4 3
31.7665 0.0049575 0.0049575 2 4 3
31.7662 0.00495291 0.00495291 2 4 3
31.7659 0.00494832 0.00494832 2 4 3
31.7656 0.00494375 0.00494375 2 4 3
31.7653 0.00493918 0.00493918 2 4 3
31.765 0.00493462 0.00493462 2 4 3
31.7648 0.00493007 0.00493007 2 4 3
31.7645 0.00492552 0.00492552 2 4 3
31.7642 0.00492099 0.00492099 2 4 3
31.7639 0.00491646 0.00491646 2 4 3
31.7637 0.00491194 0.00491194 2 4 3
31.7634 0.00490743 0.00490743 2 4 3
31.7631 0.00490293 0.00490293 2 4 3
31.7629 0.00489843 0.00489843 2 4 3
31.7626 0.00489394 0.00489394 2 4 3
31.7623 0.00488946 0.00488946 2 4 3
31.7621 0.00488499 0.00488499 2 4 3
31.7618 0.00488053 0.00488053 2 4 3
31.7615 0.00487608 0.00487608 2 4 3
31.7613 0.00487163 0.00487163 2 4 3
31.761 0.00486719 0.00486719 2 4 3
31.7607 0.00486276 0.00486276 2 4 3
31.7605 0.00485834 0.00485834 2 4 3
31.7602 0.00485392 0.00485392 2 4 3
31.76 0.00484951 0.00484951 2 4 3
31.7597 0.00484511 0.00484511 2 4 3
31.7595 0.00484072 0.00484072 2 4 3
31.7592 0.00483634 0.00483634 2 4 3
31.759 0.00483196 0.00483196 2 4 3
31.7587 0.00482759 0.00482759 2 4 3
31.7585 0.00482323 0.00482323 2 4 3
31.7582 0.00481888 0.00481888 2 4 3
31.758 0.00481453 0.00481453 2 4 3
31.7577 0.00481019 0.00481019 2 4 3
31.7575 0.00480586 0.00480586 2 4 3
31.7572 0.00480154 0.00480154 2 4 3
31.757 0.00479723 0.00479723 2 4 3
31.7568 0.00479292 0.00479292 2 4 3
31.7565 0.00478862 0.00478862 2 4 3
31.7563 0.00478433 0.00478433 2 4 3
31.7561 0.00478004 0.00478004 2 4 3
31.7558 0.00477576 0.00477576 2 4 3
31.7556 0.0047715 0.0047715 2 4 3
31.7554 0.00476723 0.00476723 2 4 3
31.7551 0.00476298 0.00476298 2 4 3
31.7549 0.00475873 0.00475873 2 4 3
31.7547 0.00475449 0.00475449 2 4 3
31.7544 0.00475026 0.00475026 2 4 3
31.7542 0.00474603 0.00474603 2 4 3
31.754 0.00474182 0.00474182 2 4 3
31.7538 0.0047376 0.0047376 2 4 3
31.7535 0.0047334 0.0047334 2 4 3
31.7533 0.00472921 0.00472921 2 4 3
31.7531 0.00472502 0.00472502 2 4 3
31.7529 0.00472084 0.00472084 2 4 3
31.7527 0.00471666 0.00471666 2 4 3
31.7524 0.00471249 0.00471249 2 4 3
31.7522 0.00470834 0.00470834 2 4 3
31.752 0.00470418 0.00470418 2 4 3
31.7518 0.00470004 0.00470004 2 4 3
31.7516 0.0046959 0.0046959 2 4 3
31.7514 0.00469177 0.00469177 2 4 3
31.7512 0.00468764 0.00468764 2 4 3
31.7509 0.00468353 0.00468353 2 4 3
31.7507 0.00467942 0.00467942 2 4 3
31.7505 0.00467532 0.00467532 2 4 3
31.7503 0.00467122 0.00467122 2 4 3
31.7501 0.00466713 0.00466713 2 4 3
31.7499 0.00466305 0.00466305 2 4 3
31.7497 0.00465898 0.00465898 2 4 3
31.7495 0.00465491 0.00465491 2 4 3
31.7493 0.00465085 0.00465085 2 4 3
31.7491 0.00464679 0.00464679 2 4 3
31.7489 0.00464275 0.00464275 2 4 3
31.7487 0.00463871 0.00463871 2 4 3
31.7485 0.00463468 0.00463468 2 4 3
31.7483 0.00463065 0.00463065 2 4 3
31.7481 0.00462663 0.00462663 2 4 3
31.7479 0.00462262 0.00462262 2 4 3
31.7477 0.00461861 0.00461861 2 4 3
31.7475 0.00461461 0.00461461 2 4 3
31.7473 0.00461062 0.00461062 2 4 3
31.7472 0.00460664 0.00460664 2 4 3
31.747 0.00460266 0.00460266 2 4 3
31.7468 0.00459869 0.00459869 2 4 3
31.7466 0.00459472 0.00459472 2 4 3
31.7464 0.00459076 0.00459076 2 4 3
31.7462 0.00458681 0.00458681 2 4 3
31.746 0.00458287 0.00458287 2 4 3
31.7458 0.00457893 0.00457893 2 4 3
31.7457 0.004575 0.004575 2 4 3
31.7455 0.00457107 0.00457107 2 4 3
31.7453 0.00456716 0.00456716 2 4 3
31.7451 0.00456324 0.00456324 2 4 3
31.7449 0.00455934 0.00455934 2 4 3
31.7448 0.00455544 0.00455544 2 4 3
31.7446 0.00455155 0.00455155 2 4 3
31.7444 0.00454766 0.00454766 2 4 3
31.7442 0.00454378 0.00454378 2 4 3
31.7441 0.00453991 0.00453991 2 4 3
31.7439 0.00453605 0.00453605 2 4 3
31.7437 0.00453219 0.00453219 2 4 3
31.7435 0.00452833 0.00452833 2 4 3
31.7434 0.00452449 0.00452449 2 4 3
31.7432 0.00452065 0.00452065 2 4 3
31.743 0.00451681 0.00451681 2 4 3
31.7429 0.00451299 0.00451299 2 4 3
31.7427 0.00450916 0.00450916 2 4 3
31.7425 0.00450535 0.00450535 2 4 3
31.7424 0.00450154 0.00450154 2 4 3
31.7422 0.00449774 0.00449774 2 4 3
31.742 0.00449394 0.00449394 2 4 3
31.7419 0.00449015 0.00449015 2 4 3
31.7417 0.00448637 0.00448637 2 4 3
31.7415 0.00448259 0.00448259 2 4 3
31.7414 0.00447882 0.00447882 2 4 3
31.7412 0.00447506 0.00447506 2 4 3
31.7411 0.0044713 0.0044713 2 4 3
31.7409 0.00446755 0.00446755 2 4 3
31.7407 0.0044638 0.0044638 2 4 3
31.7406 0.00446006 0.00446006 2 4 3
31.7404 0.00445633 0.00445633 2 4 3
31.7403 0.0044526 0.0044526 2 4 3
31.7401 0.00444888 0.00444888 2 4 3
31.74 0.00444517 0.00444517 2 4 3
31.7398 0.00444146 0.00444146 2 4 3
31.7397 0.00443776 0.00443776 2 4 3
31.7395 0.00443406 0.00443406 2 4 3
31.7394 0.00443037 0.00443037 2 4 3
31.7392 0.00442668 0.00442668 2 4 3
31.7391 0.00442301 0.00442301 2 4 3
31.7389 0.00441933 0.00441933 2 4 3
31.7388 0.00441567 0.00441567 2 4 3
31.7386 0.00441201 0.00441201 2 4 3
31.7385 0.00440835 0.00440835 2 4 3
31.7383 0.0044047 0.0044047 2 4 3
31.7382 0.00440106 0.00440106 2 4 3
31.738 0.00439742 0.00439742 2 4 3
31.7379 0.00439379 0.00439379 2 4 3
31.7377 0.00439017 0.00439017 2 4 3
31.7376 0.00438655 0.00438655 2 4 3
31.7375 0.00438294 0.00438294 2 4 3
31.7373 0.00437933 0.00437933 2 4 3
31.7372 0.00437573 0.00437573 2 4 3
31.737 0.00437213 0.00437213 2 4 3
31.7369 0.00436854 0.00436854 2 4 3
31.7368 0.00436496 0.00436496 2 4 3
31.7366 0.00436138 0.00436138 2 4 3
31.7365 0.00435781 0.00435781 2 4 3
31.7364 0.00435424 0.00435424 2 4 3
31.7362 0.00435068 0.00435068 2 4 3
31.7361 0.00434712 0.00434712 2 4 3
31.736 0.00434357 0.00434357 2 4 3
31.7358 0.00434003 0.00434003 2 4 3
31.7357 0.00433649 0.00433649 2 4 3
31.7356 0.00433296 0.00433296 2 4 3
31.7354 0.00432943 0.00432943 2 4 3
31.7353 0.00432591 0.00432591 2 4 3
31.7352 0.0043224 0.0043224 2 4 3
31.7351 0.00431889 0.00431889 2 4 3
31.7349 0.00431538 0.00431538 2 4 3
31.7348 0.00431188 0.00431188 2 4 3
31.7347 0.00430839 0.00430839 2 4 3
31.7345 0.0043049 0.0043049 2 4 3
31.7344 0.00430142 0.00430142 2 4 3
31.7343 0.00429794 0.00429794 2 4 3
31.7342 0.00429447 0.00429447 2 4 3
31.7341 0.00429101 0.00429101 2 4 3
31.7339 0.00428755 0.00428755 2 4 3
31.7338 0.00428409 0.00428409 2 4 3
31.7337 0.00428065 0.00428065 2 4 3
31.7336 0.0042772 0.0042772 2 4 3
31.7334 0.00427376 0.00427376 2 4 3
31.7333 0.00427033 0.00427033 2 4 3
31.7332 0.0042669 0.0042669 2 4 3
31.7331 0.00426348 0.00426348 2 4 3
31.733 0.00426007 0.00426007 2 4 3
31.7329 0.00425666 0.00425666 2 4 3
31.7327 0.00425325 0.00425325 2 4 3
31.7326 0.00424985 0.00424985 2 4 3
31.7325 0.00424646 0.00424646 2 4 3
31.7324 0.00424307 0.00424307 2 4 3
31.7323 0.00423968 0.00423968 2 4 3
31.7322 0.0042363 0.0042363 2 4 3
31.7321 0.00423293 0.00423293 2 4 3
31.7319 0.00422956 0.00422956 2 4 3
31.7318 0.0042262 0.0042262 2 4 3
31.7317 0.00422284 0.00422284 2 4 3
31.7316 0.00421949 0.00421949 2 4 3
31.7315 0.00421614 0.00421614 2 4 3
31.7314 0.0042128 0.0042128 2 4 3
31.7313 0.00420947 0.00420947 2 4 3
31.7312 0.00420613 0.00420613 2 4 3
31.7311 0.00420281 0.00420281 2 4 3
31.731 0.00419949 0.00419949 2 4 3
31.7309 0.00419617 0.00419617 2 4 3
31.7308 0.00419286 0.00419286 2 4 3
31.7306 0.00418956 0.00418956 2 4 3
31.7305 0.00418626 0.00418626 2 4 3
31.7304 0.00418296 0.00418296 2 4 3
31.7303 0.00417967 0.00417967 2 4 3
31.7302 0.00417639 0.00417639 2 4 3
31.7301 0.00417311 0.00417311 2 4 3
31.73 0.00416983 0.00416983 2 4 3
31.7299 0.00416656 0.00416656 2 4 3
31.7298 0.0041633 0.0041633 2 4 3
31.7297 0.00416004 0.00416004 2 4 3
31.7296 0.00415678 0.00415678 2 4 3
31.7295 0.00415353 0.00415353 2 4 3
31.7294 0.00415029 0.00415029 2 4 3
31.7293 0.00414705 0.00414705 2 4 3
31.7292 0.00414382 0.00414382 2 4 3
31.7291 0.00414059 0.00414059 2 4 3
31.729 0.00413736 0.00413736 2 4 3
31.7289 0.00413414 0.00413414 2 4 3
31.7288 0.00413093 0.00413093 2 4 3
31.7287 0.00412772 0.00412772 2 4 3
31.7287 0.00412451 0.00412451 2 4 3
31.7286 0.00412131 0.00412131 2 4 3
31.7285 0.00411812 0.00411812 2 4 3
31.7284 0.00411493 0.00411493 2 4 3
31.7283 0.00411174 0.00411174 2 4 3
31.7282 0.00410856 0.00410856 2 4 3
31.7281 0.00410539 0.00410539 2 4 3
31.728 0.00410222 0.00410222 2 4 3
31.7279 0.00409905 0.00409905 2 4 3
31.7278 0.00409589 0.00409589 2 4 3
31.7277 0.00409273 0.00409273 2 4 3
31.7276 0.00408958 0.00408958 2 4 3
31.7276 0.00408644 0.00408644 2 4 3
31.7275 0.00408329 0.00408329 2 4 3
31.7274 0.00408016 0.00408016 2 4 3
31.7273 0.00407703 0.00407703 2 4 3
31.7272 0.0040739 0.0040739 2 4 3
31.7271 0.00407078 0.00407078 2 4 3
31.727 0.00406766 0.00406766 2 4 3
31.7269 0.00406454 0.00406454 2 4 3
31.7269 0.00406144 0.00406144 2 4 3
31.7268 0.00405833 0.00405833 2 4 3
31.7267 0.00405523 0.00405523 2 4 3
31.7266 0.00405214 0.00405214 2 4 3
31.7265 0.00404905 0.00404905 2 4 3
31.7264 0.00404596 0.00404596 2 4 3
31.7264 0.00404288 0.00404288 2 4 3
31.7263 0.00403981 0.00403981 2 4 3
31.7262 0.00403674 0.00403674 2 4 3
31.7261 0.00403367 0.00403367 2 4 3
31.726 0.00403061 0.00403061 2 4 3
31.726 0.00402755 0.00402755 2 4 3
31.7259 0.0040245 0.0040245 2 4 3
31.7258 0.00402145 0.00402145 2 4 3
31.7257 0.00401841 0.00401841 2 4 3
31.7256 0.00401537 0.00401537 2 4 3
31.7256 0.00401233 0.00401233 2 4 3
31.7255 0.0040093 0.0040093 2 4 3
31.7254 0.00400628 0.00400628 2 4 3
31.7253 0.00400326 0.00400326 2 4 3
31.7253 0.00400024 0.00400024 2 4 3
31.7252 0.00399723 0.00399723 2 4 3
31.7251 0.00399422 0.00399422 2 4 3
31.725 0.00399122 0.00399122 2 4 3
31.725 0.00398822 0.00398822 2 4 3
31.7249 0.00398522 0.00398522 2 4 3
31.7248 0.00398224 0.00398224 2 4 3
31.7247 0.00397925 0.00397925 2 4 3
31.7247 0.00397627 0.00397627 2 4 3
31.7246 0.00397329 0.00397329 2 4 3
31.7245 0.00397032 0.00397032 2 4 3
31.7244 0.00396735 0.00396735 2 4 3
31.7244 0.00396439 0.00396439 2 4 3
31.7243 0.00396143 0.00396143 2 4 3
31.7242 0.00395848 0.00395848 2 4 3
31.7242 0.00395553 0.00395553 2 4 3
31.7241 0.00395258 0.00395258 2 4 3
31.724 0.00394964 0.00394964 2 4 3
31.7239 0.0039467 0.0039467 2 4 3
31.7239 0.00394377 0.00394377 2 4 3
31.7238 0.00394084 0.00394084 2 4 3
31.7237 0.00393792 0.00393792 2 4 3
31.7237 0.003935 0.003935 2 4 3
31.7236 0.00393208 0.00393208 2 4 3
31.7235 0.00392917 0.00392917 2 4 3
31.7235 0.00392627 0.00392627 2 4 3
31.7234 0.00392336 0.00392336 2 4 3
31.7233 0.00392046 0.00392046 2 4 3
31.7233 0.00391757 0.00391757 2 4 3
31.7232 0.00391468 0.00391468 2 4 3
31.7231 0.00391179 0.00391179 2 4 3
31.7231 0.00390891 0.00390891 2 4 3
31.723 0.00390604 0.00390604 2 4 3
31.7229 0.00390316 0.00390316 2 4 3
31.7229 0.00390029 0.00390029 2 4 3
31.7228 0.00389743 0.00389743 2 4 3
31.7228 0.00389457 0.00389457 2 4 3
31.7227 0.00389171 0.00389171 2 4 3
31.7226 0.00388886 0.00388886 2 4 3
31.7226 0.00388601 0.00388601 2 4 3
31.7225 0.00388317 0.00388317 2 4 3
31.7224 0.00388033 0.00388033 2 4 3
31.7224 0.00387749 0.00387749 2 4 3
31.7223 0.00387466 0.00387466 2 4 3
31.7223 0.00387183 0.00387183 2 4 3
31.7222 0.00386901 0.00386901 2 4 3
31.7221 0.00386619 0.00386619 2 4 3
31.7221 0.00386337 0.00386337 2 4 3
31.722 0.00386056 0.00386056 2 4 3
31.722 0.00385776 0.00385776 2 4 3
31.7219 0.00385495 0.00385495 2 4 3
31.7218 0.00385215 0.00385215 2 4 3
31.7218 0.00384936 0.00384936 2 4 3
31.7217 0.00384657 0.00384657 2 4 3
31.7217 0.00384378 0.00384378 2 4 3
31.7216 0.003841 0.003841 2 4 3
31.7216 0.00383822 0.00383822 2 4 3
31.7215 0.00383544 0.00383544 2 4 3
31.7215 0.00383267 0.00383267 2 4 3
31.7214 0.00382991 0.00382991 2 4 3
31.7213 0.00382714 0.00382714 2 4 3
31.7213 0.00382438 0.00382438 2 4 3
31.7212 0.00382163 0.00382163 2 4 3
31.7212 0.00381888 0.00381888 2 4 3
31.7211 0.00381613 0.00381613 2 4 3
31.7211 0.00381339 0.00381339 2 4 3
31.721 0.00381065 0.00381065 2 4 3
31.721 0.00380791 0.00380791 2 4 3
31.7209 0.00380518 0.00380518 2 4 3
31.7209 0.00380245 0.00380245 2 4 3
31.7208 0.00379973 0.00379973 2 4 3
31.7207 0.00379701 0.00379701 2 4 3
31.7207 0.00379429 0.00379429 2 4 3
31.7206 0.00379158 0.00379158 2 4 3
31.7206 0.00378887 0.00378887 2 4 3
31.7205 0.00378616 0.00378616 2 4 3
31.7205 0.00378346 0.00378346 2 4 3
31.7204 0.00378077 0.00378077 2 4 3
31.7204 0.00377807 0.00377807 2 4 3
31.7203 0.00377538 0.00377538 2 4 3
31.7203 0.0037727 0.0037727 2 4 3
31.7202 0.00377002 0.00377002 2 4 3
31.7202 0.00376734 0.00376734 2 4 3
31.7201 0.00376466 0.00376466 2 4 3
31.7201 0.00376199 0.00376199 2 4 3
31.72 0.00375933 0.00375933 2 4 3
31.72 0.00375666 0.00375666 2 4 3
31.7199 0.003754 0.003754 2 4 3
31.7199 0.00375135 0.00375135 2 4 3
31.7199 0.0037487 0.0037487 2 4 3
31.7198 0.00374605 0.00374605 2 4 3
31.7198 0.0037434 0.0037434 2 4 3
31.7197 0.00374076 0.00374076 2 4 3
31.7197 0.00373813 0.00373813 2 4 3
31.7196 0.00373549 0.00373549 2 4 3
31.7196 0.00373286 0.00373286 2 4 3
31.7195 0.00373024 0.00373024 2 4 3
31.7195 0.00372762 0.00372762 2 4 3
31.7194 0.003725 0.003725 2 4 3
31.7194 0.00372238 0.00372238 2 4 3
31.7193 0.00371977 0.00371977 2 4 3
31.7193 0.00371716 0.00371716 2 4 3
31.7193 0.00371456 0.00371456 2 4 3
31.7192 0.00371196 0.00371196 2 4 3
31.7192 0.00370936 0.00370936 2 4 3
31.7191 0.00370677 0.00370677 2 4 3
31.7191 0.00370418 0.00370418 2 4 3
31.719 0.00370159 0.00370159 2 4 3
31.719 0.00369901 0.00369901 2 4 3
31.719 0.00369643 0.00369643 2 4 3
31.7189 0.00369386 0.00369386 2 4 3
31.7189 0.00369128 0.00369128 2 4 3
31.7188 0.00368872 0.00368872 2 4 3
31.7188 0.00368615 0.00368615 2 4 3
31.7187 0.00368359 0.00368359 2 4 3
31.7187 0.00368103 0.00368103 2 4 3
31.7187 0.00367848 0.00367848 2 4 3
31.7186 0.00367593 0.00367593 2 4 3
31.7186 0.00367338 0.00367338 2 4 3
31.7185 0.00367084 0.00367084 2 4 3
31.7185 0.0036683 0.0036683 2 4 3
31.7185 0.00366576 0.00366576 2 4 3
31.7184 0.00366323 0.00366323 2 4 3
31.7184 0.0036607 0.0036607 2 4 3
31.7183 0.00365817 0.00365817 2 4 3
31.7183 0.00365565 0.00365565 2 4 3
31.7183 0.00365313 0.00365313 2 4 3
31.7182 0.00365061 0.00365061 2 4 3
31.7182 0.0036481 0.0036481 2 4 3
31.7182 0.00364559 0.00364559 2 4 3
31.7181 0.00364309 0.00364309 2 4 3
31.7181 0.00364059 0.00364059 2 4 3
31.718 0.00363809 0.00363809 2 4 3
31.718 0.00363559 0.00363559 2 4 3
31.718 0.0036331 0.0036331 2 4 3
31.7179 0.00363061 0.00363061 2 4 3
31.7179 0.00362813 0.00362813 2 4 3
31.7179 0.00362564 0.00362564 2 4 3
31.7178 0.00362317 0.00362317 2 4 3
31.7178 0.00362069 0.00362069 2 4 3
31.7177 0.00361822 0.00361822 2 4 3
31.7177 0.00361575 0.00361575 2 4 3
31.7177 0.00361329 0.00361329 2 4 3
31.7176 0.00361083 0.00361083 2 4 3
31.7176 0.00360837 0.00360837 2 4 3
31.7176 0.00360591 0.00360591 2 4 3
31.7175 0.00360346 0.00360346 2 4 3
31.7175 0.00360101 0.00360101 2 4 3
31.7175 0.00359857 0.00359857 2 4 3
31.7174 0.00359613 0.00359613 2 4 3
31.7174 0.00359369 0.00359369 2 4 3
31.7174 0.00359125 0.00359125 2 4 3
31.7173 0.00358882 0.00358882 2 4 3
31.7173 0.00358639 0.00358639 2 4 3
31.7173 0.00358397 0.00358397 2 4 3
31.7172 0.00358155 0.00358155 2 4 3
31.7172 0.00357913 0.00357913 2 4 3
31.7172 0.00357671 0.00357671 2 4 3
31.7171 0.0035743 0.0035743 2 4 3
31.7171 0.00357189 0.00357189 2 4 3
31.7171 0.00356948 0.00356948 2 4 3
31.717 0.00356708 0.00356708 2 4 3
31.717 0.00356468 0.00356468 2 4 3
31.717 0.00356229 0.00356229 2 4 3
31.7169 0.00355989 0.00355989 2 4 3
31.7169 0.0035575 0.0035575 2 4 3
31.7169 0.00355512 0.00355512 2 4 3
31.7168 0.00355273 0.00355273 2 4 3
31.7168 0.00355035 0.00355035 2 4 3
31.7168 0.00354798 0.00354798 2 4 3
31.7168 0.0035456 0.0035456 2 4 3
31.7167 0.00354323 0.00354323 2 4 3
31.7167 0.00354086 0.00354086 2 4 3
31.7167 0.0035385 0.0035385 2 4 3
31.7166 0.00353614 0.00353614 2 4 3
31.7166 0.00353378 0.00353378 2 4 3
31.7166 0.00353143 0.00353143 2 4 3
31.7165 0.00352907 0.00352907 2 4 3
31.7165 0.00352673 0.00352673 2 4 3
31.7165 0.00352438 0.00352438 2 4 3
31.7165 0.00352204 0.00352204 2 4 3
31.7164 0.0035197 0.0035197 2 4 3
31.7164 0.00351736 0.00351736 2 4 3
31.7164 0.00351503 0.00351503 2 4 3
31.7163 0.0035127 0.0035127 2 4 3
31.7163 0.00351037 0.00351037 2 4 3
31.7163 0.00350805 0.00350805 2 4 3
31.7163 0.00350573 0.00350573 2 4 3
31.7162 0.00350341 0.00350341 2 4 3
31.7162 0.00350109 0.00350109 2 4 3
31.7162 0.00349878 0.00349878 2 4 3
31.7162 0.00349647 0.00349647 2 4 3
31.7161 0.00349417 0.00349417 2 4 3
31.7161 0.00349186 0.00349186 2 4 3
31.7161 0.00348956 0.00348956 2 4 3
31.716 0.00348727 0.00348727 2 4 3
31.716 0.00348497 0.00348497 2 4 3
31.716 0.00348268 0.00348268 2 4 3
31.716 0.00348039 0.00348039 2 4 3
31.7159 0.00347811 0.00347811 2 4 3
31.7159 0.00347583 0.00347583 2 4 3
31.7159 0.00347355 0.00347355 2 4 3
31.7159 0.00347127 0.00347127 2 4 3
31.7158 0.003469 0.003469 2 4 3
31.7158 0.00346673 0.00346673 2 4 3
31.7158 0.00346446 0.00346446 2 4 3
31.7158 0.0034622 0.0034622 2 4 3
31.7157 0.00345994 0.00345994 2 4 3
31.7157 0.00345768 0.00345768 2 4 3
31.7157 0.00345543 0.00345543 2 4 3
31.7157 0.00345317 0.00345317 2 4 3
31.7156 0.00345092 0.00345092 2 4 3
31.7156 0.00344868 0.00344868 2 4 3
31.7156 0.00344643 0.00344643 2 4 3
31.7156 0.00344419 0.00344419 2 4 3
31.7155 0.00344196 0.00344196 2 4 3
31.7155 0.00343972 0.00343972 2 4 3
31.7155 0.00343749 0.00343749 2 4 3
31.7155 0.00343526 0.00343526 2 4 3
31.7155 0.00343303 0.00343303 2 4 3
31.7154 0.00343081 0.00343081 2 4 3
31.7154 0.00342859 0.00342859 2 4 3
31.7154 0.00342637 0.00342637 2 4 3
31.7154 0.00342416 0.00342416 2 4 3
31.7153 0.00342195 0.00342195 2 4 3
31.7153 0.00341974 0.00341974 2 4 3
31.7153 0.00341753 0.00341753 2 4 3
31.7153 0.00341533 0.00341533 2 4 3
31.7152 0.00341313 0.00341313 2 4 3
31.7152 0.00341093 0.00341093 2 4 3
31.7152 0.00340874 0.00340874 2 4 3
31.7152 0.00340654 0.00340654 2 4 3
31.7152 0.00340435 0.00340435 2 4 3
31.7151 0.00340217 0.00340217 2 4 3
31.7151 0.00339998 0.00339998 2 4 3
31.7151 0.0033978 0.0033978 2 4 3
31.7151 0.00339562 0.00339562 2 4 3
31.7151 0.00339345 0.00339345 2 4 3
31.715 0.00339128 0.00339128 2 4 3
31.715 0.00338911 0.00338911 2 4 3
31.715 0.00338694 0.00338694 2 4 3
31.715 0.00338478 0.00338478 2 4 3
31.715 0.00338261 0.00338261 2 4 3
31.7149 0.00338046 0.00338046 2 4 3
31.7149 0.0033783 0.0033783 2 4 3
31.7149 0.00337615 0.00337615 2 4 3
31.7149 0.003374 0.003374 2 4 3
31.7148 0.00337185 0.00337185 2 4 3
31.7148 0.0033697 0.0033697 2 4 3
31.7148 0.00336756 0.00336756 2 4 3
31.7148 0.00336542 0.00336542 2 4 3
31.7148 0.00336328 0.00336328 2 4 3
31.7148 0.00336115 0.00336115 2 4 3
31.7147 0.00335902 0.00335902 2 4 3
31.7147 0.00335689 0.00335689 2 4 3
31.7147 0.00335476 0.00335476 2 4 3
31.7147 0.00335264 0.00335264 2 4 3
31.7147 0.00335052 0.00335052 2 4 3
31.7146 0.0033484 0.0033484 2 4 3
31.7146 0.00334629 0.00334629 2 4 3
31.7146 0.00334417 0.00334417 2 4 3
31.7146 0.00334206 0.00334206 2 4 3
31.7146 0.00333996 0.00333996 2 4 3
31.7145 0.00333785 0.00333785 2 4 3
31.7145 0.00333575 0.00333575 2 4 3
31.7145 0.00333365 0.00333365 2 4 3
31.7145 0.00333155 0.00333155 2 4 3
31.7145 0.00332946 0.00332946 2 4 3
31.7145 0.00332737 0.00332737 2 4 3
31.7144 0.00332528 0.00332528 2 4 3
31.7144 0.00332319 0.00332319 2 4 3
31.7144 0.00332111 0.00332111 2 4 3
31.7144 0.00331902 0.00331902 2 4 3
31.7144 0.00331695 0.00331695 2 4 3
31.7144 0.00331487 0.00331487 2 4 3
31.7143 0.0033128 0.0033128 2 4 3
31.7143 0.00331073 0.00331073 2 4 3
31.7143 0.00330866 0.00330866 2 4 3
31.7143 0.00330659 0.00330659 2 4 3
31.7143 0.00330453 0.00330453 2 4 3
31.7143 0.00330247 0.00330247 2 4 3
31.7142 0.00330041 0.00330041 2 4 3
31.7142 0.00329835 0.00329835 2 4 3
31.7142 0.0032963 0.0032963 2 4 3
31.7142 0.00329425 0.00329425 2 4 3
31.7142 0.0032922 0.0032922 2 4 3
31.7142 0.00329016 0.00329016 2 4 3
31.7141 0.00328812 0.00328812 2 4 3
31.7141 0.00328608 0.00328608 2 4 3
31.7141 0.00328404 0.00328404 2 4 3
31.7141 0.003282 0.003282 2 4 3
31.7141 0.00327997 0.00327997 2 4 3
31.7141 0.00327794 0.00327794 2 4 3
31.714 0.00327591 0.00327591 2 4 3
31.714 0.00327389 0.00327389 2 4 3
31.714 0.00327186 0.00327186 2 4 3
31.714 0.00326984 0.00326984 2 4 3
31.714 0.00326783 0.00326783 2 4 3
31.714 0.00326581 0.00326581 2 4 3
31.714 0.0032638 0.0032638 2 4 3
31.7139 0.00326179 0.00326179 2 4 3
31.7139 0.00325978 0.00325978 2 4 3
31.7139 0.00325777 0.00325777 2 4 3
31.7139 0.00325577 0.00325577 2 4 3
31.7139 0.00325377 0.00325377 2 4 3
31.7139 0.00325177 0.00325177 2 4 3
31.7139 0.00324978 0.00324978 2 4 3
31.7138 0.00324778 0.00324778 2 4 3
31.7138 0.00324579 0.00324579 2 4 3
31.7138 0.00324381 0.00324381 2 4 3
31.7138 0.00324182 0.00324182 2 4 3
31.7138 0.00323984 0.00323984 2 4 3
31.7138 0.00323786 0.00323786 2 4 3
31.7138 0.00323588 0.00323588 2 4 3
31.7137 0.0032339 0.0032339 2 4 3
31.7137 0.00323193 0.00323193 2 4 3
31.7137 0.00322996 0.00322996 2 4 3
31.7137 0.00322799 0.00322799 2 4 3
31.7137 0.00322602 0.00322602 2 4 3
31.7137 0.00322406 0.00322406 2 4 3
31.7137 0.00322209 0.00322209 2 4 3
31.7136 0.00322013 0.00322013 2 4 3
31.7136 0.00321818 0.00321818 2 4 3
31.7136 0.00321622 0.00321622 2 4 3
31.7136 0.00321427 0.00321427 2 4 3
31.7136 0.00321232 0.00321232 2 4 3
31.7136 0.00321037 0.00321037 2 4 3
31.7136 0.00320843 0.00320843 2 4 3
31.7136 0.00320648 0.00320648 2 4 3
31.7135 0.00320454 0.00320454 2 4 3
31.7135 0.00320261 0.00320261 2 4 3
31.7135 0.00320067 0.00320067 2 4 3
31.7135 0.00319874 0.00319874 2 4 3
31.7135 0.00319681 0.00319681 2 4 3
31.7135 0.00319488 0.00319488 2 4 3
31.7135 0.00319295 0.00319295 2 4 3
31.7135 0.00319103 0.00319103 2 4 3
31.7134 0.0031891 0.0031891 2 4 3
31.7134 0.00318718 0.00318718 2 4 3
31.7134 0.00318527 0.00318527 2 4 3
31.7134 0.00318335 0.00318335 2 4 3
31.7134 0.00318144 0.00318144 2 4 3
31.7134 0.00317953 0.00317953 2 4 3
31.7134 0.00317762 0.00317762 2 4 3
31.7134 0.00317572 0.00317572 2 4 3
31.7133 0.00317381 0.00317381 2 4 3
31.7133 0.00317191 0.00317191 2 4 3
31.7133 0.00317001 0.00317001 2 4 3
31.7133 0.00316811 0.00316811 2 4 3
31.7133 0.00316622 0.00316622 2 4 3
31.7133 0.00316433 0.00316433 2 4 3
31.7133 0.00316244 0.00316244 2 4 3
31.7133 0.00316055 0.00316055 2 4 3
31.7133 0.00315866 0.00315866 2 4 3
31.7132 0.00315678 0.00315678 2 4 3
31.7132 0.0031549 0.0031549 2 4 3
31.7132 0.00315302 0.00315302 2 4 3
31.7132 0.00315115 0.00315115 2 4 3
31.7132 0.00314927 0.00314927 2 4 3
31.7132 0.0031474 0.0031474 2 4 3
31.7132 0.00314553 0.00314553 2 4 3
31.7132 0.00314366 0.00314366 2 4 3
31.7132 0.0031418 0.0031418 2 4 3
31.7132 0.00313993 0.00313993 2 4 3
31.7131 0.00313807 0.00313807 2 4 3
31.7131 0.00313621 0.00313621 2 4 3
31.7131 0.00313436 0.00313436 2 4 3
31.7131 0.0031325 0.0031325 2 4 3
31.7131 0.00313065 0.00313065 2 4 3
31.7131 0.0031288 0.0031288 2 4 3
31.7131 0.00312695 0.00312695 2 4 3
31.7131 0.00312511 0.00312511 2 4 3
31.7131 0.00312326 0.00312326 2 4 3
31.7131 0.00312142 0.00312142 2 4 3
31.713 0.00311958 0.00311958 2 4 3
31.713 0.00311774 0.00311774 2 4 3
31.713 0.00311591 0.00311591 2 4 3
31.713 0.00311408 0.00311408 2 4 3
31.713 0.00311225 0.00311225 2 4 3
31.713 0.00311042 0.00311042 2 4 3
31.713 0.00310859 0.00310859 2 4 3
31.713 0.00310677 0.00310677 2 4 3
31.713 0.00310495 0.00310495 2 4 3
31.713 0.00310313 0.00310313 2 4 3
31.7129 0.00310131 0.00310131 2 4 3
31.7129 0.00309949 0.00309949 2 4 3
31.7129 0.00309768 0.00309768 2 4 3
31.7129 0.00309587 0.00309587 2 4 3
31.7129 0.00309406 0.00309406 2 4 3
31.7129 0.00309225 0.00309225 2 4 3
31.7129 0.00309045 0.00309045 2 4 3
31.7129 0.00308864 0.00308864 2 4 3
31.7129 0.00308684 0.00308684 2 4 3
31.7129 0.00308504 0.00308504 2 4 3
31.7129 0.00308325 0.00308325 2 4 3
31.7128 0.00308145 0.00308145 2 4 3
31.7128 0.00307966 0.00307966 2 4 3
31.7128 0.00307787 0.00307787 2 4 3
31.7128 0.00307608 0.00307608 2 4 3
31.7128 0.00307429 0.00307429 2 4 3
31.7128 0.00307251 0.00307251 2 4 3
31.7128 0.00307073 0.00307073 2 4 3
31.7128 0.00306895 0.00306895 2 4 3
31.7128 0.00306717 0.00306717 2 4 3
31.7128 0.00306539 0.00306539 2 4 3
31.7128 0.00306362 0.00306362 2 4 3
31.7128 0.00306185 0.00306185 2 4 3
31.7127 0.00306008 0.00306008 2 4 3
31.7127 0.00305831 0.00305831 2 4 3
31.7127 0.00305654 0.00305654 2 4 3
31.7127 0.00305478 0.00305478 2 4 3
31.7127 0.00305302 0.00305302 2 4 3
31.7127 0.00305126 0.00305126 2 4 3
31.7127 0.0030495 0.0030495 2 4 3
31.7127 0.00304775 0.00304775 2 4 3
31.7127 0.00304599 0.00304599 2 4 3
31.7127 0.00304424 0.00304424 2 4 3
31.7127 0.00304249 0.00304249 2 4 3
31.7127 0.00304074 0.00304074 2 4 3
31.7127 0.003039 0.003039 2 4 3
31.7126 0.00303725 0.00303725 2 4 3
31.7126 0.00303551 0.00303551 2 4 3
31.7126 0.00303377 0.00303377 2 4 3
31.7126 0.00303204 0.00303204 2 4 3
31.7126 0.0030303 0.0030303 2 4 3
31.7126 0.00302857 0.00302857 2 4 3
31.7126 0.00302683 0.00302683 2 4 3
31.7126 0.00302511 0.00302511 2 4 3
31.7126 0.00302338 0.00302338 2 4 3
31.7126 0.00302165 0.00302165 2 4 3
31.7126 0.00301993 0.00301993 2 4 3
31.7126 0.00301821 0.00301821 2 4 3
31.7126 0.00301649 0.00301649 2 4 3
31.7126 0.00301477 0.00301477 2 4 3
31.7125 0.00301305 0.00301305 2 4 3
31.7125 0.00301134 0.00301134 2 4 3
31.7125 0.00300963 0.00300963 2 4 3
31.7125 0.00300792 0.00300792 2 4 3
31.7125 0.00300621 0.00300621 2 4 3
31.7125 0.0030045 0.0030045 2 4 3
31.7125 0.0030028 0.0030028 2 4 3
31.7125 0.0030011 0.0030011 2 4 3
31.7125 0.00299939 0.00299939 2 4 3
31.7125 0.0029977 0.0029977 2 4 3
31.7125 0.002996 0.002996 2 4 3
31.7125 0.0029943 0.0029943 2 4 3
31.7125 0.00299261 0.00299261 2 4 3
31.7125 0.00299092 0.00299092 2 4 3
31.7125 0.00298923 0.00298923 2 4 3
31.7124 0.00298755 0.00298755 2 4 3
31.7124 0.00298586 0.00298586 2 4 3
31.7124 0.00298418 0.00298418 2 4 3
31.7124 0.0029825 0.0029825 2 4 3
31.7124 0.00298082 0.00298082 2 4 3
31.7124 0.00297914 0.00297914 2 4 3
31.7124 0.00297746 0.00297746 2 4 3
31.7124 0.00297579 0.00297579 2 4 3
31.7124 0.00297412 0.00297412 2 4 3
31.7124 0.00297245 0.00297245 2 4 3
31.7124 0.00297078 0.00297078 2 4 3
31.7124 0.00296911 0.00296911 2 4 3
31.7124 0.00296745 0.00296745 2 4 3
31.7124 0.00296579 0.00296579 2 4 3
31.7124 0.00296412 0.00296412 2 4 3
31.7124 0.00296247 0.00296247 2 4 3
31.7123 0.00296081 0.00296081 2 4 3
31.7123 0.00295915 0.00295915 2 4 3
31.7123 0.0029575 0.0029575 2 4 3
31.7123 0.00295585 0.00295585 2 4 3
31.7123 0.0029542 0.0029542 2 4 3
31.7123 0.00295255 0.00295255 2 4 3
31.7123 0.00295091 0.00295091 2 4 3
31.7123 0.00294926 0.00294926 2 4 3
31.7123 0.00294762 0.00294762 2 4 3
31.7123 0.00294598 0.00294598 2 4 3
31.7123 0.00294434 0.00294434 2 4 3
31.7123 0.0029427 0.0029427 2 4 3
31.7123 0.00294107 0.00294107 2 4 3
31.7123 0.00293943 0.00293943 2 4 3
31.7123 0.0029378 0.0029378 2 4 3
31.7123 0.00293617 0.00293617 2 4 3
31.7123 0.00293455 0.00293455 2 4 3
31.7123 0.00293292 0.00293292 2 4 3
31.7122 0.0029313 0.0029313 2 4 3
31.7122 0.00292967 0.00292967 2 4 3
31.7122 0.00292805 0.00292805 2 4 3
31.7122 0.00292643 0.00292643 2 4 3
31.7122 0.00292482 0.00292482 2 4 3
31.7122 0.0029232 0.0029232 2 4 3
31.7122 0.00292159 0.00292159 2 4 3
31.7122 0.00291998 0.00291998 2 4 3
31.7122 0.00291837 0.00291837 2 4 3
31.7122 0.00291676 0.00291676 2 4 3
31.7122 0.00291515 0.00291515 2 4 3
31.7122 0.00291355 0.00291355 2 4 3
31.7122 0.00291194 0.00291194 2 4 3
31.7122 0.00291034 0.00291034 2 4 3
31.7122 0.00290874 0.00290874 2 4 3
31.7122 0.00290715 0.00290715 2 4 3
31.7122 0.00290555 0.00290555 2 4 3
31.7122 0.00290396 0.00290396 2 4 3
31.7122 0.00290236 0.00290236 2 4 3
31.7122 0.00290077 0.00290077 2 4 3
31.7121 0.00289918 0.00289918 2 4 3
31.7121 0.0028976 0.0028976 2 4 3
31.7121 0.00289601 0.00289601 2 4 3
31.7121 0.00289443 0.00289443 2 4 3
31.7121 0.00289285 0.00289285 2 4 3
31.7121 0.00289127 0.00289127 2 4 3
31.7121 0.00288969 0.00288969 2 4 3
31.7121 0.00288811 0.00288811 2 4 3
31.7121 0.00288654 0.00288654 2 4 3
31.7121 0.00288496 0.00288496 2 4 3
31.7121 0.00288339 0.00288339 2 4 3
31.7121 0.00288182 0.00288182 2 4 3
31.7121 0.00288025 0.00288025 2 4 3
31.7121 0.00287869 0.00287869 2 4 3
31.7121 0.00287712 0.00287712 2 4 3
31.7121 0.00287556 0.00287556 2 4 3
31.7121 0.002874 0.002874 2 4 3
31.7121 0.00287244 0.00287244 2 4 3
31.7121 0.00287088 0.00287088 2 4 3
31.7121 0.00286932 0.00286932 2 4 3
31.7121 0.00286777 0.00286777 2 4 3
31.7121 0.00286622 0.00286622 2 4 3
31.712 0.00286466 0.00286466 2 4 3
31.712 0.00286312 0.00286312 2 4 3
31.712 0.00286157 0.00286157 2 4 3
31.712 0.00286002 0.00286002 2 4 3
31.712 0.00285848 0.00285848 2 4 3
31.712 0.00285693 0.00285693 2 4 3
31.712 0.00285539 0.00285539 2 4 3
31.712 0.00285385 0.00285385 2 4 3
31.712 0.00285231 0.00285231 2 4 3
31.712 0.00285078 0.00285078 2 4 3
31.712 0.00284924 0.00284924 2 4 3
31.712 0.00284771 0.00284771 2 4 3
31.712 0.00284618 0.00284618 2 4 3
31.712 0.00284465 0.00284465 2 4 3
31.712 0.00284312 0.00284312 2 4 3
31.712 0.0028416 0.0028416 2 4 3
31.712 0.00284007 0.00284007 2 4 3
31.712 0.00283855 0.00283855 2 4 3
31.712 0.00283703 0.00283703 2 4 3
31.712 0.00283551 0.00283551 2 4 3
31.712 0.00283399 0.00283399 2 4 3
31.712 0.00283247 0.00283247 2 4 3
31.712 0.00283096 0.00283096 2 4 3
31.712 0.00282944 0.00282944 2 4 3
31.712 0.00282793 0.00282793 2 4 3
31.712 0.00282642 0.00282642 2 4 3
31.7119 0.00282491 0.00282491 2 4 3
31.7119 0.00282341 0.00282341 2 4 3
31.7119 0.0028219 0.0028219 2 4 3
31.7119 0.0028204 0.0028204 2 4 3
31.7119 0.00281889 0.00281889 2 4 3
31.7119 0.00281739 0.00281739 2 4 3
31.7119 0.00281589 0.00281589 2 4 3
31.7119 0.0028144 0.0028144 2 4 3
31.7119 0.0028129 0.0028129 2 4 3
31.7119 0.00281141 0.00281141 2 4 3
31.7119 0.00280991 0.00280991 2 4 3
31.7119 0.00280842 0.00280842 2 4 3
31.7119 0.00280693 0.00280693 2 4 3
31.7119 0.00280545 0.00280545 2 4 3
31.7119 0.00280396 0.00280396 2 4 3
31.7119 0.00280248 0.00280248 2 4 3
31.7119 0.00280099 0.00280099 2 4 3
31.7119 0.00279951 0.00279951 2 4 3
31.7119 0.00279803 0.00279803 2 4 3
31.7119 0.00279655 0.00279655 2 4 3
31.7119 0.00279508 0.00279508 2 4 3
31.7119 0.0027936 0.0027936 2 4 3
31.7119 0.00279213 0.00279213 2 4 3
31.7119 0.00279065 0.00279065 2 4 3
31.7119 0.00278918 0.00278918 2 4 3
31.7119 0.00278771 0.00278771 2 4 3
31.7119 0.00278625 0.00278625 2 4 3
31.7119 0.00278478 0.00278478 2 4 3
31.7119 0.00278332 0.00278332 2 4 3
31.7119 0.00278185 0.00278185 2 4 3
31.7118 0.00278039 0.00278039 2 4 3
31.7118 0.00277893 0.00277893 2 4 3
31.7118 0.00277747 0.00277747 2 4 3
31.7118 0.00277602 0.00277602 2 4 3
31.7118 0.00277456 0.00277456 2 4 3
31.7118 0.00277311 0.00277311 2 4 3
31.7118 0.00277166 0.00277166 2 4 3
31.7118 0.0027702 0.0027702 2 4 3
31.7118 0.00276876 0.00276876 2 4 3
31.7118 0.00276731 0.00276731 2 4 3
31.7118 0.00276586 0.00276586 2 4 3
31.7118 0.00276442 0.00276442 2 4 3
31.7118 0.00276297 0.00276297 2 4 3
31.7118 0.00276153 0.00276153 2 4 3
31.7118 0.00276009 0.00276009 2 4 3
31.7118 0.00275865 0.00275865 2 4 3
31.7118 0.00275722 0.00275722 2 4 3
31.7118 0.00275578 0.00275578 2 4 3
31.7118 0.00275435 0.00275435 2 4 3
31.7118 0.00275291 0.00275291 2 4 3
31.7118 0.00275148 0.00275148 2 4 3
31.7118 0.00275005 0.00275005 2 4 3
31.7118 0.00274862 0.00274862 2 4 3
31.7118 0.0027472 0.0027472 2 4 3
31.7118 0.00274577 0.00274577 2 4 3
31.7118 0.00274435 0.00274435 2 4 3
31.7118 0.00274293 0.00274293 2 4 3
31.7118 0.00274151 0.00274151 2 4 3
31.7118 0.00274009 0.00274009 2 4 3
31.7118 0.00273867 0.00273867 2 4 3
31.7118 0.00273725 0.00273725 2 4 3
31.7118 0.00273584 0.00273584 2 4 3
31.7118 0.00273442 0.00273442 2 4 3
31.7118 0.00273301 0.00273301 2 4 3
31.7118 0.0027316 0.0027316 2 4 3
31.7118 0.00273019 0.00273019 2 4 3
31.7118 0.00272878 0.00272878 2 4 3
31.7117 0.00272738 0.00272738 2 4 3
31.7117 0.00272597 0.00272597 2 4 3
31.7117 0.00272457 0.00272457 2 4 3
31.7117 0.00272317 0.00272317 2 4 3
31.7117 0.00272177 0.00272177 2 4 3
31.7117 0.00272037 0.00272037 2 4 3
31.7117 0.00271897 0.00271897 2 4 3
31.7117 0.00271757 0.00271757 2 4 3
31.7117 0.00271618 0.00271618 2 4 3
31.7117 0.00271479 0.00271479 2 4 3
31.7117 0.00271339 0.00271339 2 4 3
31.7117 0.002712 0.002712 2 4 3
31.7117 0.00271062 0.00271062 2 4 3
31.7117 0.00270923 0.00270923 2 4 3
31.7117 0.00270784 0.00270784 2 4 3
31.7117 0.00270646 0.00270646 2 4 3
31.7117 0.00270507 0.00270507 2 4 3
31.7117 0.00270369 0.00270369 2 4 3
31.7117 0.00270231 0.00270231 2 4 3
31.7117 0.00270093 0.00270093 2 4 3
31.7117 0.00269955 0.00269955 2 4 3
31.7117 0.00269818 0.00269818 2 4 3
31.7117 0.0026968 0.0026968 2 4 3
31.7117 0.00269543 0.00269543 2 4 3
31.7117 0.00269406 0.00269406 2 4 3
31.7117 0.00269269 0.00269269 2 4 3
31.7117 0.00269132 0.00269132 2 4 3
31.7117 0.00268995 0.00268995 2 4 3
31.7117 0.00268858 0.00268858 2 4 3
31.7117 0.00268722 0.00268722 2 4 3
31.7117 0.00268585 0.00268585 2 4 3
31.7117 0.00268449 0.00268449 2 4 3
31.7117 0.00268313 0.00268313 2 4 3
31.7117 0.00268177 0.00268177 2 4 3
31.7117 0.00268041 0.00268041 2 4 3
31.7117 0.00267906 0.00267906 2 4 3
31.7117 0.0026777 0.0026777 2 4 3
31.7117 0.00267635 0.00267635 2 4 3
31.7117 0.00267499 0.00267499 2 4 3
31.7117 0.00267364 0.00267364 2 4 3
31.7117 0.00267229 0.00267229 2 4 3
31.7117 0.00267094 0.00267094 2 4 3
31.7117 0.0026696 0.0026696 2 4 3
31.7117 0.00266825 0.00266825 2 4 3
31.7117 0.00266691 0.00266691 2 4 3
31.7117 0.00266556 0.00266556 2 4 3
31.7117 0.00266422 0.00266422 2 4 3
31.7116 0.00266288 0.00266288 2 4 3
31.7116 0.00266154 0.00266154 2 4 3
31.7116 0.0026602 0.0026602 2 4 3
31.7116 0.00265887 0.00265887 2 4 3
31.7116 0.00265753 0.00265753 2 4 3
31.7116 0.0026562 0.0026562 2 4 3
31.7116 0.00265486 0.00265486 2 4 3
31.7116 0.00265353 0.00265353 2 4 3
31.7116 0.0026522 0.0026522 2 4 3
31.7116 0.00265088 0.00265088 2 4 3
31.7116 0.00264955 0.00264955 2 4 3
31.7116 0.00264822 0.00264822 2 4 3
31.7116 0.0026469 0.0026469 2 4 3
31.7116 0.00264557 0.00264557 2 4 3
31.7116 0.00264425 0.00264425 2 4 3
31.7116 0.00264293 0.00264293 2 4 3
31.7116 0.00264161 0.00264161 2 4 3
31.7116 0.0026403 0.0026403 2 4 3
31.7116 0.00263898 0.00263898 2 4 3
31.7116 0.00263766 0.00263766 2 4 3
31.7116 0.00263635 0.00263635 2 4 3
31.7116 0.00263504 0.00263504 2 4 3
31.7116 0.00263373 0.00263373 2 4 3
31.7116 0.00263242 0.00263242 2 4 3
31.7116 0.00263111 0.00263111 2 4 3
31.7116 0.0026298 0.0026298 2 4 3
31.7116 0.00262849 0.00262849 2 4 3
31.7116 0.00262719 0.00262719 2 4 3
31.7116 0.00262588 0.00262588 2 4 3
31.7116 0.00262458 0.00262458 2 4 3
31.7116 0.00262328 0.00262328 2 4 3
31.7116 0.00262198 0.00262198 2 4 3
31.7116 0.00262068 0.00262068 2 4 3
31.7116 0.00261939 0.00261939 2 4 3
31.7116 0.00261809 0.00261809 2 4 3
31.7116 0.0026168 0.0026168 2 4 3
31.7116 0.0026155 0.0026155 2 4 3
31.7116 0.00261421 0.00261421 2 4 3
31.7116 0.00261292 0.00261292 2 4 3
31.7116 0.00261163 0.00261163 2 4 3
31.7116 0.00261034 0.00261034 2 4 3
31.7116 0.00260905 0.00260905 2 4 3
31.7116 0.00260777 0.00260777 2 4 3
31.7116 0.00260648 0.00260648 2 4 3
31.7116 0.0026052 0.0026052 2 4 3
31.7116 0.00260392 0.00260392 2 4 3
31.7116 0.00260264 0.00260264 2 4 3
31.7116 0.00260136 0.00260136 2 4 3
31.7116 0.00260008 0.00260008 2 4 3
31.7116 0.00259881 0.00259881 2 4 3
31.7116 0.00259753 0.00259753 2 4 3
31.7116 0.00259626 0.00259626 2 4 3
31.7116 0.00259498 0.00259498 2 4 3
31.7116 0.00259371 0.00259371 2 4 3
31.7116 0.00259244 0.00259244 2 4 3
31.7116 0.00259117 0.00259117 2 4 3
31.7116 0.0025899 0.0025899 2 4 3
31.7116 0.00258864 0.00258864 2 4 3
31.7116 0.00258737 0.00258737 2 4 3
31.7116 0.00258611 0.00258611 2 4 3
31.7116 0.00258484 0.00258484 2 4 3
31.7116 0.00258358 0.00258358 2 4 3
31.7116 0.00258232 0.00258232 2 4 3
31.7116 0.00258106 0.00258106 2 4 3
31.7115 0.0025798 0.0025798 2 4 3
31.7115 0.00257854 0.00257854 2 4 3
31.7115 0.00257729 0.00257729 2 4 3
31.7115 0.00257603 0.00257603 2 4 3
31.7115 0.00257478 0.00257478 2 4 3
31.7115 0.00257353 0.00257353 2 4 3
31.7115 0.00257228 0.00257228 2 4 3
31.7115 0.00257103 0.00257103 2 4 3
31.7115 0.00256978 0.00256978 2 4 3
31.7115 0.00256853 0.00256853 2 4 3
31.7115 0.00256729 0.00256729 2 4 3
31.7115 0.00256604 0.00256604 2 4 3
31.7115 0.0025648 0.0025648 2 4 3
31.7115 0.00256356 0.00256356 2 4 3
31.7115 0.00256231 0.00256231 2 4 3
31.7115 0.00256107 0.00256107 2 4 3
31.7115 0.00255984 0.00255984 2 4 3
31.7115 0.0025586 0.0025586 2 4 3
31.7115 0.00255736 0.00255736 2 4 3
31.7115 0.00255613 0.00255613 2 4 3
31.7115 0.00255489 0.00255489 2 4 3
31.7115 0.00255366 0.00255366 2 4 3
31.7115 0.00255243 0.00255243 2 4 3
31.7115 0.0025512 0.0025512 2 4 3
31.7115 0.00254997 0.00254997 2 4 3
31.7115 0.00254874 0.00254874 2 4 3
31.7115 0.00254751 0.00254751 2 4 3
31.7115 0.00254629 0.00254629 2 4 3
31.7115 0.00254506 0.00254506 2 4 3
31.7115 0.00254384 0.00254384 2 4 3
31.7115 0.00254262 0.00254262 2 4 3
31.7115 0.0025414 0.0025414 2 4 3
31.7115 0.00254018 0.00254018 2 4 3
31.7115 0.00253896 0.00253896 2 4 3
31.7115 0.00253774 0.00253774 2 4 3
31.7115 0.00253652 0.00253652 2 4 3
31.7115 0.00253531 0.00253531 2 4 3
31.7115 0.00253409 0.00253409 2 4 3
31.7115 0.00253288 0.00253288 2 4 3
31.7115 0.00253167 0.00253167 2 4 3
31.7115 0.00253046 0.00253046 2 4 3
31.7115 0.00252925 0.00252925 2 4 3
31.7115 0.00252804 0.00252804 2 4 3
31.7115 0.00252683 0.00252683 2 4 3
31.7115 0.00252563 0.00252563 2 4 3
31.7115 0.00252442 0.00252442 2 4 3
31.7115 0.00252322 0.00252322 2 4 3
31.7115 0.00252202 0.00252202 2 4 3
31.7115 0.00252082 0.00252082 2 4 3
31.7115 0.00251962 0.00251962 2 4 3
31.7115 0.00251842 0.00251842 2 4 3
31.7115 0.00251722 0.00251722 2 4 3
31.7115 0.00251602 0.00251602 2 4 3
31.7115 0.00251483 0.00251483 2 4 3
31.7115 0.00251363 0.00251363 2 4 3
31.7115 0.00251244 0.00251244 2 4 3
31.7115 0.00251125 0.00251125 2 4 3
31.7115 0.00251006 0.00251006 2 4 3
31.7115 0.00250887 0.00250887 2 4 3
31.7115 0.00250768 0.00250768 2 4 3
31.7115 0.00250649 0.00250649 2 4 3
31.7115 0.0025053 0.0025053 2 4 3
31.7115 0.00250412 0.00250412 2 4 3
31.7115 0.00250293 0.00250293 2 4 3
31.7115 0.00250175 0.00250175 2 4 3
31.7115 0.00250057 0.00250057 2 4 3
31.7115 0.00249939 0.00249939 2 4 3
31.7115 0.00249821 0.00249821 2 4 3
31.7115 0.00249703 0.00249703 2 4 3
31.7115 0.00249585 0.00249585 2 4 3
31.7115 0.00249467 0.00249467 2 4 3
31.7115 0.0024935 0.0024935 2 4 3
31.7115 0.00249232 0.00249232 2 4 3
31.7115 0.00249115 0.00249115 2 4 3
31.7115 0.00248998 0.00248998 2 4 3
31.7115 0.00248881 0.00248881 2 4 3
31.7115 0.00248764 0.00248764 2 4 3
31.7115 0.00248647 0.00248647 2 4 3
31.7115 0.0024853 0.0024853 2 4 3
31.7115 0.00248413 0.00248413 2 4 3
31.7115 0.00248297 0.00248297 2 4 3
31.7115 0.0024818 0.0024818 2 4 3
31.7115 0.00248064 0.00248064 2 4 3
31.7115 0.00247948 0.00247948 2 4 3
31.7115 0.00247832 0.00247832 2 4 3
31.7115 0.00247716 0.00247716 2 4 3
31.7115 0.002476 0.002476 2 4 3
31.7115 0.00247484 0.00247484 2 4 3
31.7115 0.00247368 0.00247368 2 4 3
31.7115 0.00247253 0.00247253 2 4 3
31.7115 0.00247137 0.00247137 2 4 3
31.7115 0.00247022 0.00247022 2 4 3
31.7115 0.00246907 0.00246907 2 4 3
31.7115 0.00246791 0.00246791 2 4 3
31.7115 0.00246676 0.00246676 2 4 3
31.7115 0.00246562 0.00246562 2 4 3
31.7115 0.00246447 0.00246447 2 4 3
31.7115 0.00246332 0.00246332 2 4 3
31.7115 0.00246217 0.00246217 2 4 3
31.7115 0.00246103 0.00246103 2 4 3
31.7115 0.00245988 0.00245988 2 4 3
31.7115 0.00245874 0.00245874 2 4 3
31.7114 0.0024576 0.0024576 2 4 3
31.7114 0.00245646 0.00245646 2 4 3
31.7114 0.00245532 0.00245532 2 4 3
31.7114 0.00245418 0.00245418 2 4 3
31.7114 0.00245304 0.00245304 2 4 3
31.7114 0.00245191 0.00245191 2 4 3
31.7114 0.00245077 0.00245077 2 4 3
31.7114 0.00244964 0.00244964 2 4 3
31.7114 0.0024485 0.0024485 2 4 3
31.7114 0.00244737 0.00244737 2 4 3
31.7114 0.00244624 0.00244624 2 4 3
31.7114 0.00244511 0.00244511 2 4 3
31.7114 0.00244398 0.00244398 2 4 3
31.7114 0.00244285 0.00244285 2 4 3
31.7114 0.00244172 0.00244172 2 4 3
31.7114 0.0024406 0.0024406 2 4 3
31.7114 0.00243947 0.00243947 2 4 3
31.7114 0.00243835 0.00243835 2 4 3
31.7114 0.00243723 0.00243723 2 4 3
31.7114 0.0024361 0.0024361 2 4 3
31.7114 0.00243498 0.00243498 2 4 3
31.7114 0.00243386 0.00243386 2 4 3
31.7114 0.00243274 0.00243274 2 4 3
31.7114 0.00243163 0.00243163 2 4 3
31.7114 0.00243051 0.00243051 2 4 3
31.7114 0.00242939 0.00242939 2 4 3
31.7114 0.00242828 0.00242828 2 4 3
31.7114 0.00242717 0.00242717 2 4 3
31.7114 0.00242605 0.00242605 2 4 3
31.7114 0.00242494 0.00242494 2 4 3
31.7114 0.00242383 0.00242383 2 4 3
31.7114 0.00242272 0.00242272 2 4 3
31.7114 0.00242161 0.00242161 2 4 3
31.7114 0.0024205 0.0024205 2 4 3
31.7114 0.0024194 0.0024194 2 4 3
31.7114 0.00241829 0.00241829 2 4 3
31.7114 0.00241719 0.00241719 2 4 3
31.7114 0.00241608 0.00241608 2 4 3
31.7114 0.00241498 0.00241498 2 4 3
31.7114 0.00241388 0.00241388 2 4 3
31.7114 0.00241278 0.00241278 2 4 3
31.7114 0.00241168 0.00241168 2 4 3
31.7114 0.00241058 0.00241058 2 4 3
31.7114 0.00240948 0.00240948 2 4 3
31.7114 0.00240839 0.00240839 2 4 3
31.7114 0.00240729 0.00240729 2 4 3
31.7114 0.0024062 0.0024062 2 4 3
31.7114 0.0024051 0.0024051 2 4 3
31.7114 0.00240401 0.00240401 2 4 3
31.7114 0.00240292 0.00240292 2 4 3
31.7114 0.00240183 0.00240183 2 4 3
31.7114 0.00240074 0.00240074 2 4 3
31.7114 0.00239965 0.00239965 2 4 3
31.7114 0.00239856 0.00239856 2 4 3
31.7114 0.00239748 0.00239748 2 4 3
31.7114 0.00239639 0.00239639 2 4 3
31.7114 0.0023953 0.0023953 2 4 3
31.7114 0.00239422 0.00239422 2 4 3
31.7114 0.00239314 0.00239314 2 4 3
31.7114 0.00239206 0.00239206 2 4 3
31.7114 0.00239098 0.00239098 2 4 3
31.7114 0.0023899 0.0023899 2 4 3
31.7114 0.00238882 0.00238882 2 4 3
31.7114 0.00238774 0.00238774 2 4 3
31.7114 0.00238666 0.00238666 2 4 3
31.7114 0.00238559 0.00238559 2 4 3
31.7114 0.00238451 0.00238451 2 4 3
31.7114 0.00238344 0.00238344 2 4 3
31.7114 0.00238236 0.00238236 2 4 3
31.7114 0.00238129 0.00238129 2 4 3
31.7114 0.00238022 0.00238022 2 4 3
31.7114 0.00237915 0.00237915 2 4 3
31.7114 0.00237808 0.00237808 2 4 3
31.7114 0.00237701 0.00237701 2 4 3
31.7114 0.00237595 0.00237595 2 4 3
31.7114 0.00237488 0.00237488 2 4 3
31.7114 0.00237382 0.00237382 2 4 3
31.7114 0.00237275 0.00237275 2 4 3
31.7114 0.00237169 0.00237169 2 4 3
31.7114 0.00237062 0.00237062 2 4 3
31.7114 0.00236956 0.00236956 2 4 3
31.7114 0.0023685 0.0023685 2 4 3
31.7114 0.00236744 0.00236744 2 4 3
31.7114 0.00236638 0.00236638 2 4 3
31.7114 0.00236533 0.00236533 2 4 3
31.7114 0.00236427 0.00236427 2 4 3
31.7114 0.00236321 0.00236321 2 4 3
31.7114 0.00236216 0.00236216 2 4 3
31.7114 0.00236111 0.00236111 2 4 3
31.7114 0.00236005 0.00236005 2 4 3
31.7114 0.002359 0.002359 2 4 3
31.7114 0.00235795 0.00235795 2 4 3
31.7114 0.0023569 0.0023569 2 4 3
31.7114 0.00235585 0.00235585 2 4 3
31.7114 0.0023548 0.0023548 2 4 3
31.7114 0.00235375 0.00235375 2 4 3
31.7114 0.00235271 0.00235271 2 4 3
31.7114 0.00235166 0.00235166 2 4 3
31.7114 0.00235062 0.00235062 2 4 3
31.7114 0.00234957 0.00234957 2 4 3
31.7114 0.00234853 0.00234853 2 4 3
31.7114 0.00234749 0.00234749 2 4 3
31.7114 0.00234645 0.00234645 2 4 3
31.7114 0.00234541 0.00234541 2 4 3
31.7114 0.00234437 0.00234437 2 4 3
31.7114 0.00234333 0.00234333 2 4 3
31.7114 0.00234229 0.00234229 2 4 3
31.7114 0.00234126 0.00234126 2 4 3
31.7114 0.00234022 0.00234022 2 4 3
31.7114 0.00233919 0.00233919 2 4 3
31.7114 0.00233815 0.00233815 2 4 3
31.7114 0.00233712 0.00233712 2 4 3
31.7114 0.00233609 0.00233609 2 4 3
31.7114 0.00233506 0.00233506 2 4 3
31.7114 0.00233403 0.00233403 2 4 3
31.7114 0.002333 0.002333 2 4 3
31.7114 0.00233197 0.00233197 2 4 3
31.7114 0.00233094 0.00233094 2 4 3
31.7114 0.00232992 0.00232992 2 4 3
31.7114 0.00232889 0.00232889 2 4 3
31.7114 0.00232787 0.00232787 2 4 3
31.7114 0.00232684 0.00232684 2 4 3
31.7114 0.00232582 0.00232582 2 4 3
31.7114 0.0023248 0.0023248 2 4 3
31.7114 0.00232378 0.00232378 2 4 3
31.7114 0.00232276 0.00232276 2 4 3
31.7114 0.00232174 0.00232174 2 4 3
31.7114 0.00232072 0.00232072 2 4 3
31.7114 0.0023197 0.0023197 2 4 3
31.7114 0.00231869 0.00231869 2 4 3
31.7114 0.00231767 0.00231767 2 4 3
31.7114 0.00231666 0.00231666 2 4 3
31.7114 0.00231564 0.00231564 2 4 3
31.7114 0.00231463 0.00231463 2 4 3
31.7114 0.00231362 0.00231362 2 4 3
31.7114 0.00231261 0.00231261 2 4 3
31.7114 0.0023116 0.0023116 2 4 3
31.7114 0.00231059 0.00231059 2 4 3
31.7114 0.00230958 0.00230958 2 4 3
31.7114 0.00230857 0.00230857 2 4 3
31.7114 0.00230757 0.00230757 2 4 3
31.7114 0.00230656 0.00230656 2 4 3
31.7114 0.00230556 0.00230556 2 4 3
31.7114 0.00230455 0.00230455 2 4 3
31.7114 0.00230355 0.00230355 2 4 3
31.7114 0.00230255 0.00230255 2 4 3
31.7114 0.00230154 0.00230154 2 4 3
31.7114 0.00230054 0.00230054 2 4 3
31.7114 0.00229954 0.00229954 2 4 3
31.7114 0.00229855 0.00229855 2 4 3
31.7114 0.00229755 0.00229755 2 4 3
31.7114 0.00229655 0.00229655 2 4 3
31.7114 0.00229555 0.00229555 2 4 3
31.7114 0.00229456 0.00229456 2 4 3
31.7114 0.00229356 0.00229356 2 4 3
31.7114 0.00229257 0.00229257 2 4 3
31.7114 0.00229158 0.00229158 2 4 3
31.7114 0.00229059 0.00229059 2 4 3
31.7114 0.00228959 0.00228959 2 4 3
31.7114 0.0022886 0.0022886 2 4 3
31.7114 0.00228762 0.00228762 2 4 3
31.7114 0.00228663 0.00228663 2 4 3
31.7114 0.00228564 0.00228564 2 4 3
31.7114 0.00228465 0.00228465 2 4 3
31.7114 0.00228367 0.00228367 2 4 3
31.7114 0.00228268 0.00228268 2 4 3
31.7114 0.0022817 0.0022817 2 4 3
31.7114 0.00228071 0.00228071 2 4 3
31.7114 0.00227973 0.00227973 2 4 3
31.7114 0.00227875 0.00227875 2 4 3
31.7114 0.00227777 0.00227777 2 4 3
31.7114 0.00227679 0.00227679 2 4 3
31.7114 0.00227581 0.00227581 2 4 3
31.7114 0.00227483 0.00227483 2 4 3
31.7114 0.00227385 0.00227385 2 4 3
31.7114 0.00227288 0.00227288 2 4 3
31.7114 0.0022719 0.0022719 2 4 3
31.7114 0.00227093 0.00227093 2 4 3
31.7114 0.00226995 0.00226995 2 4 3
31.7114 0.00226898 0.00226898 2 4 3
31.7114 0.00226801 0.00226801 2 4 3
31.7114 0.00226703 0.00226703 2 4 3
31.7114 0.00226606 0.00226606 2 4 3
31.7114 0.00226509 0.00226509 2 4 3
31.7114 0.00226412 0.00226412 2 4 3
31.7114 0.00226316 0.00226316 2 4 3
31.7114 0.00226219 0.00226219 2 4 3
31.7114 0.00226122 0.00226122 2 4 3
31.7114 0.00226026 0.00226026 2 4 3
31.7114 0.00225929 0.00225929 2 4 3
31.7114 0.00225833 0.00225833 2 4 3
31.7114 0.00225736 0.00225736 2 4 3
31.7114 0.0022564 0.0022564 2 4 3
31.7114 0.00225544 0.00225544 2 4 3
31.7114 0.00225448 0.00225448 2 4 3
31.7114 0.00225352 0.00225352 2 4 3
31.7114 0.00225256 0.00225256 2 4 3
31.7114 0.0022516 0.0022516 2 4 3
31.7114 0.00225064 0.00225064 2 4 3
31.7114 0.00224969 0.00224969 2 4 3
31.7114 0.00224873 0.00224873 2 4 3
31.7114 0.00224777 0.00224777 2 4 3
31.7114 0.00224682 0.00224682 2 4 3
31.7114 0.00224587 0.00224587 2 4 3
31.7114 0.00224491 0.00224491 2 4 3
31.7114 0.00224396 0.00224396 2 4 3
31.7114 0.00224301 0.00224301 2 4 3
31.7114 0.00224206 0.00224206 2 4 3
31.7114 0.00224111 0.00224111 2 4 3
31.7114 0.00224016 0.00224016 2 4 3
31.7114 0.00223921 0.00223921 2 4 3
31.7114 0.00223827 0.00223827 2 4 3
31.7114 0.00223732 0.00223732 2 4 3
31.7114 0.00223638 0.00223638 2 4 3
31.7114 0.00223543 0.00223543 2 4 3
31.7114 0.00223449 0.00223449 2 4 3
31.7114 0.00223354 0.00223354 2 4 3
31.7114 0.0022326 0.0022326 2 4 3
31.7114 0.00223166 0.00223166 2 4 3
31.7114 0.00223072 0.00223072 2 4 3
31.7114 0.00222978 0.00222978 2 4 3
31.7114 0.00222884 0.00222884 2 4 3
31.7114 0.0022279 0.0022279 2 4 3
31.7114 0.00222696 0.00222696 2 4 3
31.7114 0.00222603 0.00222603 2 4 3
31.7114 0.00222509 0.00222509 2 4 3
31.7114 0.00222416 0.00222416 2 4 3
31.7114 0.00222322 0.00222322 2 4 3
31.7114 0.00222229 0.00222229 2 4 3
31.7114 0.00222135 0.00222135 2 4 3
31.7114 0.00222042 0.00222042 2 4 3
31.7114 0.00221949 0.00221949 2 4 3
31.7114 0.00221856 0.00221856 2 4 3
31.7114 0.00221763 0.00221763 2 4 3
31.7114 0.0022167 0.0022167 2 4 3
31.7114 0.00221577 0.00221577 2 4 3
31.7114 0.00221485 0.00221485 2 4 3
31.7114 0.00221392 0.00221392 2 4 3
31.7114 0.00221299 0.00221299 2 4 3
31.7114 0.00221207 0.00221207 2 4 3
31.7114 0.00221114 0.00221114 2 4 3
31.7114 0.00221022 0.00221022 2 4 3
31.7114 0.0022093 0.0022093 2 4 3
31.7114 0.00220838 0.00220838 2 4 3
31.7114 0.00220746 0.00220746 2 4 3
31.7114 0.00220653 0.00220653 2 4 3
31.7114 0.00220562 0.00220562 2 4 3
31.7114 0.0022047 0.0022047 2 4 3
31.7114 0.00220378 0.00220378 2 4 3
31.7114 0.00220286 0.00220286 2 4 3
31.7114 0.00220194 0.00220194 2 4 3
31.7114 0.00220103 0.00220103 2 4 3
31.7114 0.00220011 0.00220011 2 4 3
31.7114 0.0021992 0.0021992 2 4 3
31.7114 0.00219829 0.00219829 2 4 3
31.7114 0.00219737 0.00219737 2 4 3
31.7114 0.00219646 0.00219646 2 4 3
31.7114 0.00219555 0.00219555 2 4 3
31.7114 0.00219464 0.00219464 2 4 3
31.7114 0.00219373 0.00219373 2 4 3
31.7114 0.00219282 0.00219282 2 4 3
31.7114 0.00219191 0.00219191 2 4 3
31.7114 0.002191 0.002191 2 4 3
31.7114 0.0021901 0.0021901 2 4 3
31.7114 0.00218919 0.00218919 2 4 3
31.7114 0.00218829 0.00218829 2 4 3
31.7114 0.00218738 0.00218738 2 4 3
31.7114 0.00218648 0.00218648 2 4 3
31.7114 0.00218557 0.00218557 2 4 3
31.7114 0.00218467 0.00218467 2 4 3
31.7114 0.00218377 0.00218377 2 4 3
31.7114 0.00218287 0.00218287 2 4 3
31.7114 0.00218197 0.00218197 2 4 3
31.7114 0.00218107 0.00218107 2 4 3
31.7114 0.00218017 0.00218017 2 4 3
31.7114 0.00217927 0.00217927 2 4 3
31.7114 0.00217838 0.00217838 2 4 3
31.7114 0.00217748 0.00217748 2 4 3
31.7114 0.00217658 0.00217658 2 4 3
31.7114 0.00217569 0.00217569 2 4 3
31.7114 0.0021748 0.0021748 2 4 3
31.7114 0.0021739 0.0021739 2 4 3
31.7114 0.00217301 0.00217301 2 4 3
31.7114 0.00217212 0.00217212 2 4 3
31.7114 0.00217123 0.00217123 2 4 3
31.7114 0.00217034 0.00217034 2 4 3
31.7114 0.00216945 0.00216945 2 4 3
31.7114 0.00216856 0.00216856 2 4 3
31.7114 0.00216767 0.00216767 2 4 3
31.7114 0.00216678 0.00216678 2 4 3
31.7114 0.00216589 0.00216589 2 4 3
31.7114 0.00216501 0.00216501 2 4 3
31.7113 0.00216412 0.00216412 2 4 3
31.7113 0.00216324 0.00216324 2 4 3
31.7113 0.00216235 0.00216235 2 4 3
31.7113 0.00216147 0.00216147 2 4 3
31.7113 0.00216059 0.00216059 2 4 3
31.7113 0.00215971 0.00215971 2 4 3
31.7113 0.00215882 0.00215882 2 4 3
31.7113 0.00215794 0.00215794 2 4 3
31.7113 0.00215706 0.00215706 2 4 3
31.7113 0.00215619 0.00215619 2 4 3
31.7113 0.00215531 0.00215531 2 4 3
31.7113 0.00215443 0.00215443 2 4 3
31.7113 0.00215355 0.00215355 2 4 3
31.7113 0.00215268 0.00215268 2 4 3
31.7113 0.0021518 0.0021518 2 4 3
31.7113 0.00215093 0.00215093 2 4 3
31.7113 0.00215005 0.00215005 2 4 3
31.7113 0.00214918 0.00214918 2 4 3
31.7113 0.00214831 0.00214831 2 4 3
31.7113 0.00214744 0.00214744 2 4 3
31.7113 0.00214656 0.00214656 2 4 3
31.7113 0.00214569 0.00214569 2 4 3
31.7113 0.00214482 0.00214482 2 4 3
31.7113 0.00214396 0.00214396 2 4 3
31.7113 0.00214309 0.00214309 2 4 3
31.7113 0.00214222 0.00214222 2 4 3
31.7113 0.00214135 0.00214135 2 4 3
31.7113 0.00214049 0.00214049 2 4 3
31.7113 0.00213962 0.00213962 2 4 3
31.7113 0.00213876 0.00213876 2 4 3
31.7113 0.00213789 0.00213789 2 4 3
31.7113 0.00213703 0.00213703 2 4 3
31.7113 0.00213617 0.00213617 2 4 3
31.7113 0.0021353 0.0021353 2 4 3
31.7113 0.00213444 0.00213444 2 4 3
31.7113 0.00213358 0.00213358 2 4 3
31.7113 0.00213272 0.00213272 2 4 3
31.7113 0.00213186 0.00213186 2 4 3
31.7113 0.002131 0.002131 2 4 3
31.7113 0.00213015 0.00213015 2 4 3
31.7113 0.00212929 0.00212929 2 4 3
31.7113 0.00212843 0.00212843 2 4 3
31.7113 0.00212758 0.00212758 2 4 3
31.7113 0.00212672 0.00212672 2 4 3
31.7113 0.00212587 0.00212587 2 4 3
31.7113 0.00212501 0.00212501 2 4 3
31.7113 0.00212416 0.00212416 2 4 3
31.7113 0.00212331 0.00212331 2 4 3
31.7113 0.00212246 0.00212246 2 4 3
31.7113 0.00212161 0.00212161 2 4 3
31.7113 0.00212076 0.00212076 2 4 3
31.7113 0.00211991 0.00211991 2 4 3
31.7113 0.00211906 0.00211906 2 4 3
31.7113 0.00211821 0.00211821 2 4 3
31.7113 0.00211736 0.00211736 2 4 3
31.7113 0.00211652 0.00211652 2 4 3
31.7113 0.00211567 0.00211567 2 4 3
31.7113 0.00211482 0.00211482 2 4 3
31.7113 0.00211398 0.00211398 2 4 3
31.7113 0.00211313 0.00211313 2 4 3
31.7113 0.00211229 0.00211229 2 4 3
31.7113 0.00211145 0.00211145 2 4 3
31.7113 0.00211061 0.00211061 2 4 3
31.7113 0.00210976 0.00210976 2 4 3
31.7113 0.00210892 0.00210892 2 4 3
31.7113 0.00210808 0.00210808 2 4 3
31.7113 0.00210724 0.00210724 2 4 3
31.7113 0.00210641 0.00210641 2 4 3
31.7113 0.00210557 0.00210557 2 4 3
31.7113 0.00210473 0.00210473 2 4 3
31.7113 0.00210389 0.00210389 2 4 3
31.7113 0.00210306 0.00210306 2 4 3
31.7113 0.00210222 0.00210222 2 4 3
31.7113 0.00210139 0.00210139 2 4 3
31.7113 0.00210055 0.00210055 2 4 3
31.7113 0.00209972 0.00209972 2 4 3
31.7113 0.00209889 0.00209889 2 4 3
31.7113 0.00209805 0.00209805 2 4 3
31.7113 0.00209722 0.00209722 2 4 3
31.7113 0.00209639 0.00209639 2 4 3
31.7113 0.00209556 0.00209556 2 4 3
31.7113 0.00209473 0.00209473 2 4 3
31.7113 0.0020939 0.0020939 2 4 3
31.7113 0.00209307 0.00209307 2 4 3
31.7113 0.00209225 0.00209225 2 4 3
31.7113 0.00209142 0.00209142 2 4 3
31.7113 0.00209059 0.00209059 2 4 3
31.7113 0.00208977 0.00208977 2 4 3
31.7113 0.00208894 0.00208894 2 4 3
31.7113 0.00208812 0.00208812 2 4 3
31.7113 0.0020873 0.0020873 2 4 3
31.7113 0.00208647 0.00208647 2 4 3
31.7113 0.00208565 0.00208565 2 4 3
31.7113 0.00208483 0.00208483 2 4 3
31.7113 0.00208401 0.00208401 2 4 3
31.7113 0.00208319 0.00208319 2 4 3
31.7113 0.00208237 0.00208237 2 4 3
31.7113 0.00208155 0.00208155 2 4 3
31.7113 0.00208073 0.00208073 2 4 3
31.7113 0.00207991 0.00207991 2 4 3
31.7113 0.00207909 0.00207909 2 4 3
31.7113 0.00207828 0.00207828 2 4 3
31.7113 0.00207746 0.00207746 2 4 3
31.7113 0.00207665 0.00207665 2 4 3
31.7113 0.00207583 0.00207583 2 4 3
31.7113 0.00207502 0.00207502 2 4 3
31.7113 0.0020742 0.0020742 2 4 3
31.7113 0.00207339 0.00207339 2 4 3
31.7113 0.00207258 0.00207258 2 4 3
31.7113 0.00207177 0.00207177 2 4 3
31.7113 0.00207096 0.00207096 2 4 3
31.7113 0.00207015 0.00207015 2 4 3
31.7113 0.00206934 0.00206934 2 4 3
31.7113 0.00206853 0.00206853 2 4 3
31.7113 0.00206772 0.00206772 2 4 3
31.7113 0.00206691 0.00206691 2 4 3
31.7113 0.00206611 0.00206611 2 4 3
31.7113 0.0020653 0.0020653 2 4 3
31.7113 0.00206449 0.00206449 2 4 3
31.7113 0.00206369 0.00206369 2 4 3
31.7113 0.00206288 0.00206288 2 4 3
31.7113 0.00206208 0.00206208 2 4 3
31.7113 0.00206128 0.00206128 2 4 3
31.7113 0.00206047 0.00206047 2 4 3
31.7113 0.00205967 0.00205967 2 4 3
31.7113 0.00205887 0.00205887 2 4 3
31.7113 0.00205807 0.00205807 2 4 3
31.7113 0.00205727 0.00205727 2 4 3
31.7113 0.00205647 0.00205647 2 4 3
31.7113 0.00205567 0.00205567 2 4 3
31.7113 0.00205487 0.00205487 2 4 3
31.7113 0.00205408 0.00205408 2 4 3
31.7113 0.00205328 0.00205328 2 4 3
31.7113 0.00205248 0.00205248 2 4 3
31.7113 0.00205169 0.00205169 2 4 3
31.7113 0.00205089 0.00205089 2 4 3
31.7113 0.0020501 0.0020501 2 4 3
31.7113 0.0020493 0.0020493 2 4 3
31.7113 0.00204851 0.00204851 2 4 3
31.7113 0.00204772 0.00204772 2 4 3
31.7113 0.00204692 0.00204692 2 4 3
31.7113 0.00204613 0.00204613 2 4 3
31.7113 0.00204534 0.00204534 2 4 3
31.7113 0.00204455 0.00204455 2 4 3
31.7113 0.00204376 0.00204376 2 4 3
31.7113 0.00204297 0.00204297 2 4 3
31.7113 0.00204219 0.00204219 2 4 3
31.7113 0.0020414 0.0020414 2 4 3
31.7113 0.00204061 0.00204061 2 4 3
31.7113 0.00203982 0.00203982 2 4 3
31.7113 0.00203904 0.00203904 2 4 3
31.7113 0.00203825 0.00203825 2 4 3
31.7113 0.00203747 0.00203747 2 4 3
31.7113 0.00203668 0.00203668 2 4 3
31.7113 0.0020359 0.0020359 2 4 3
31.7113 0.00203512 0.00203512 2 4 3
31.7113 0.00203433 0.00203433 2 4 3
31.7113 0.00203355 0.00203355 2 4 3
31.7113 0.00203277 0.00203277 2 4 3
31.7113 0.00203199 0.00203199 2 4 3
31.7113 0.00203121 0.00203121 2 4 3
31.7113 0.00203043 0.00203043 2 4 3
31.7113 0.00202965 0.00202965 2 4 3
31.7113 0.00202887 0.00202887 2 4 3
31.7113 0.0020281 0.0020281 2 4 3
31.7113 0.00202732 0.00202732 2 4 3
31.7113 0.00202654 0.00202654 2 4 3
31.7113 0.00202577 0.00202577 2 4 3
31.7113 0.00202499 0.00202499 2 4 3
31.7113 0.00202422 0.00202422 2 4 3
31.7113 0.00202344 0.00202344 2 4 3
31.7113 0.00202267 0.00202267 2 4 3
31.7113 0.0020219 0.0020219 2 4 3
31.7113 0.00202112 0.00202112 2 4 3
31.7113 0.00202035 0.00202035 2 4 3
31.7113 0.00201958 0.00201958 2 4 3
31.7113 0.00201881 0.00201881 2 4 3
31.7113 0.00201804 0.00201804 2 4 3
31.7113 0.00201727 0.00201727 2 4 3
31.7113 0.0020165 0.0020165 2 4 3
31.7113 0.00201574 0.00201574 2 4 3
31.7113 0.00201497 0.00201497 2 4 3
31.7113 0.0020142 0.0020142 2 4 3
31.7113 0.00201343 0.00201343 2 4 3
31.7113 0.00201267 0.00201267 2 4 3
31.7113 0.0020119 0.0020119 2 4 3
31.7113 0.00201114 0.00201114 2 4 3
31.7113 0.00201038 0.00201038 2 4 3
31.7113 0.00200961 0.00200961 2 4 3
31.7113 0.00200885 0.00200885 2 4 3
31.7113 0.00200809 0.00200809 2 4 3
31.7113 0.00200732 0.00200732 2 4 3
31.7113 0.00200656 0.00200656 2 4 3
31.7113 0.0020058 0.0020058 2 4 3
31.7113 0.00200504 0.00200504 2 4 3
31.7113 0.00200428 0.00200428 2 4 3
31.7113 0.00200352 0.00200352 2 4 3
31.7113 0.00200277 0.00200277 2 4 3
31.7113 0.00200201 0.00200201 2 4 3
31.7113 0.00200125 0.00200125 2 4 3
31.7113 0.00200049 0.00200049 2 4 3
31.7113 0.00199974 0.00199974 2 4 3
31.7113 0.00199898 0.00199898 2 4 3
31.7113 0.00199823 0.00199823 2 4 3
31.7113 0.00199747 0.00199747 2 4 3
31.7113 0.00199672 0.00199672 2 4 3
31.7113 0.00199597 0.00199597 2 4 3
31.7113 0.00199521 0.00199521 2 4 3
31.7113 0.00199446 0.00199446 2 4 3
31.7113 0.00199371 0.00199371 2 4 3
31.7113 0.00199296 0.00199296 2 4 3
31.7113 0.00199221 0.00199221 2 4 3
31.7113 0.00199146 0.00199146 2 4 3
31.7113 0.00199071 0.00199071 2 4 3
31.7113 0.00198996 0.00198996 2 4 3
31.7113 0.00198921 0.00198921 2 4 3
31.7113 0.00198847 0.00198847 2 4 3
31.7113 0.00198772 0.00198772 2 4 3
31.7113 0.00198697 0.00198697 2 4 3
31.7113 0.00198623 0.00198623 2 4 3
31.7113 0.00198548 0.00198548 2 4 3
31.7113 0.00198474 0.00198474 2 4 3
31.7113 0.00198399 0.00198399 2 4 3
31.7113 0.00198325 0.00198325 2 4 3
31.7113 0.00198251 0.00198251 2 4 3
31.7113 0.00198176 0.00198176 2 4 3
31.7113 0.00198102 0.00198102 2 4 3
31.7113 0.00198028 0.00198028 2 4 3
31.7113 0.00197954 0.00197954 2 4 3
31.7113 0.0019788 0.0019788 2 4 3
31.7113 0.00197806 0.00197806 2 4 3
31.7113 0.00197732 0.00197732 2 4 3
31.7113 0.00197658 0.00197658 2 4 3
31.7113 0.00197585 0.00197585 2 4 3
31.7113 0.00197511 0.00197511 2 4 3
31.7113 0.00197437 0.00197437 2 4 3
31.7113 0.00197363 0.00197363 2 4 3
31.7113 0.0019729 0.0019729 2 4 3
31.7113 0.00197216 0.00197216 2 4 3
31.7113 0.00197143 0.00197143 2 4 3
31.7113 0.00197069 0.00197069 2 4 3
31.7113 0.00196996 0.00196996 2 4 3
31.7113 0.00196923 0.00196923 2 4 3
31.7113 0.00196849 0.00196849 2 4 3
31.7113 0.00196776 0.00196776 2 4 3
31.7113 0.00196703 0.00196703 2 4 3
31.7113 0.0019663 0.0019663 2 4 3
31.7113 0.00196557 0.00196557 2 4 3
31.7113 0.00196484 0.00196484 2 4 3
31.7113 0.00196411 0.00196411 2 4 3
31.7113 0.00196338 0.00196338 2 4 3
31.7113 0.00196265 0.00196265 2 4 3
31.7113 0.00196193 0.00196193 2 4 3
31.7113 0.0019612 0.0019612 2 4 3
31.7113 0.00196047 0.00196047 2 4 3
31.7113 0.00195975 0.00195975 2 4 3
31.7113 0.00195902 0.00195902 2 4 3
31.7113 0.0019583 0.0019583 2 4 3
31.7113 0.00195757 0.00195757 2 4 3
31.7113 0.00195685 0.00195685 2 4 3
31.7113 0.00195612 0.00195612 2 4 3
31.7113 0.0019554 0.0019554 2 4 3
31.7113 0.00195468 0.00195468 2 4 3
31.7113 0.00195396 0.00195396 2 4 3
31.7113 0.00195324 0.00195324 2 4 3
31.7113 0.00195252 0.00195252 2 4 3
31.7113 0.0019518 0.0019518 2 4 3
31.7113 0.00195108 0.00195108 2 4 3
31.7113 0.00195036 0.00195036 2 4 3
31.7113 0.00194964 0.00194964 2 4 3
31.7113 0.00194892 0.00194892 2 4 3
31.7113 0.0019482 0.0019482 2 4 3
31.7113 0.00194749 0.00194749 2 4 3
31.7113 0.00194677 0.00194677 2 4 3
31.7113 0.00194605 0.00194605 2 4 3
31.7113 0.00194534 0.00194534 2 4 3
31.7113 0.00194462 0.00194462 2 4 3
31.7113 0.00194391 0.00194391 2 4 3
31.7113 0.00194319 0.00194319 2 4 3
31.7113 0.00194248 0.00194248 2 4 3
31.7113 0.00194177 0.00194177 2 4 3
31.7113 0.00194106 0.00194106 2 4 3
31.7113 0.00194034 0.00194034 2 4 3
31.7113 0.00193963 0.00193963 2 4 3
31.7113 0.00193892 0.00193892 2 4 3
31.7113 0.00193821 0.00193821 2 4 3
31.7113 0.0019375 0.0019375 2 4 3
31.7113 0.00193679 0.00193679 2 4 3
31.7113 0.00193608 0.00193608 2 4 3
31.7113 0.00193538 0.00193538 2 4 3
31.7113 0.00193467 0.00193467 2 4 3
31.7113 0.00193396 0.00193396 2 4 3
31.7113 0.00193326 0.00193326 2 4 3
31.7113 0.00193255 0.00193255 2 4 3
31.7113 0.00193184 0.00193184 2 4 3
31.7113 0.00193114 0.00193114 2 4 3
31.7113 0.00193043 0.00193043 2 4 3
31.7113 0.00192973 0.00192973 2 4 3
31.7113 0.00192903 0.00192903 2 4 3
31.7113 0.00192832 0.00192832 2 4 3
31.7113 0.00192762 0.00192762 2 4 3
31.7113 0.00192692 0.00192692 2 4 3
31.7113 0.00192622 0.00192622 2 4 3
31.7113 0.00192552 0.00192552 2 4 3
31.7113 0.00192482 0.00192482 2 4 3
31.7113 0.00192412 0.00192412 2 4 3
31.7113 0.00192342 0.00192342 2 4 3
31.7113 0.00192272 0.00192272 2 4 3
31.7113 0.00192202 0.00192202 2 4 3
31.7113 0.00192132 0.00192132 2 4 3
31.7113 0.00192063 0.00192063 2 4 3
31.7113 0.00191993 0.00191993 2 4 3
31.7113 0.00191923 0.00191923 2 4 3
31.7113 0.00191854 0.00191854 2 4 3
31.7113 0.00191784 0.00191784 2 4 3
31.7113 0.00191715 0.00191715 2 4 3
31.7113 0.00191645 0.00191645 2 4 3
31.7113 0.00191576 0.00191576 2 4 3
31.7113 0.00191506 0.00191506 2 4 3
31.7113 0.00191437 0.00191437 2 4 3
31.7113 0.00191368 0.00191368 2 4 3
31.7113 0.00191299 0.00191299 2 4 3
31.7113 0.0019123 0.0019123 2 4 3
31.7113 0.00191161 0.00191161 2 4 3
31.7113 0.00191092 0.00191092 2 4 3
31.7113 0.00191023 0.00191023 2 4 3
31.7113 0.00190954 0.00190954 2 4 3
31.7113 0.00190885 0.00190885 2 4 3
31.7113 0.00190816 0.00190816 2 4 3
31.7113 0.00190747 0.00190747 2 4 3
31.7113 0.00190678 0.00190678 2 4 3
31.7113 0.0019061 0.0019061 2 4 3
31.7113 0.00190541 0.00190541 2 4 3
31.7113 0.00190472 0.00190472 2 4 3
31.7113 0.00190404 0.00190404 2 4 3
31.7113 0.00190335 0.00190335 2 4 3
31.7113 0.00190267 0.00190267 2 4 3
31.7113 0.00190199 0.00190199 2 4 3
31.7113 0.0019013 0.0019013 2 4 3
31.7113 0.00190062 0.00190062 2 4 3
31.7113 0.00189994 0.00189994 2 4 3
31.7113 0.00189926 0.00189926 2 4 3
31.7113 0.00189857 0.00189857 2 4 3
31.7113 0.00189789 0.00189789 2 4 3
31.7113 0.00189721 0.00189721 2 4 3
31.7113 0.00189653 0.00189653 2 4 3
31.7113 0.00189585 0.00189585 2 4 3
31.7113 0.00189517 0.00189517 2 4 3
31.7113 0.0018945 0.0018945 2 4 3
31.7113 0.00189382 0.00189382 2 4 3
31.7113 0.00189314 0.00189314 2 4 3
31.7113 0.00189246 0.00189246 2 4 3
31.7113 0.00189179 0.00189179 2 4 3
31.7113 0.00189111 0.00189111 2 4 3
31.7113 0.00189044 0.00189044 2 4 3
31.7113 0.00188976 0.00188976 2 4 3
31.7113 0.00188909 0.00188909 2 4 3
31.7113 0.00188841 0.00188841 2 4 3
31.7113 0.00188774 0.00188774 2 4 3
31.7113 0.00188706 0.00188706 2 4 3
31.7113 0.00188639 0.00188639 2 4 3
31.7113 0.00188572 0.00188572 2 4 3
31.7113 0.00188505 0.00188505 2 4 3
31.7113 0.00188438 0.00188438 2 4 3
31.7113 0.00188371 0.00188371 2 4 3
31.7113 0.00188304 0.00188304 2 4 3
31.7113 0.00188237 0.00188237 2 4 3
31.7113 0.0018817 0.0018817 2 4 3
31.7113 0.00188103 0.00188103 2 4 3
31.7113 0.00188036 0.00188036 2 4 3
31.7113 0.00187969 0.00187969 2 4 3
31.7113 0.00187902 0.00187902 2 4 3
31.7113 0.00187836 0.00187836 2 4 3
31.7113 0.00187769 0.00187769 2 4 3
31.7113 0.00187702 0.00187702 2 4 3
31.7113 0.00187636 0.00187636 2 4 3
31.7113 0.00187569 0.00187569 2 4 3
31.7113 0.00187503 0.00187503 2 4 3
31.7113 0.00187436 0.00187436 2 4 3
31.7113 0.0018737 0.0018737 2 4 3
31.7113 0.00187304 0.00187304 2 4 3
31.7113 0.00187237 0.00187237 2 4 3
31.7113 0.00187171 0.00187171 2 4 3
31.7113 0.00187105 0.00187105 2 4 3
31.7113 0.00187039 0.00187039 2 4 3
31.7113 0.00186973 0.00186973 2 4 3
31.7113 0.00186907 0.00186907 2 4 3
31.7113 0.00186841 0.00186841 2 4 3
31.7113 0.00186775 0.00186775 2 4 3
31.7113 0.00186709 0.00186709 2 4 3
31.7113 0.00186643 0.00186643 2 4 3
31.7113 0.00186577 0.00186577 2 4 3
31.7113 0.00186512 0.00186512 2 4 3
31.7113 0.00186446 0.00186446 2 4 3
31.7113 0.0018638 0.0018638 2 4 3
31.7113 0.00186315 0.00186315 2 4 3
31.7113 0.00186249 0.00186249 2 4 3
31.7113 0.00186183 0.00186183 2 4 3
31.7113 0.00186118 0.00186118 2 4 3
31.7113 0.00186053 0.00186053 2 4 3
31.7113 0.00185987 0.00185987 2 4 3
31.7113 0.00185922 0.00185922 2 4 3
31.7113 0.00185856 0.00185856 2 4 3
31.7113 0.00185791 0.00185791 2 4 3
31.7113 0.00185726 0.00185726 2 4 3
31.7113 0.00185661 0.00185661 2 4 3
31.7113 0.00185596 0.00185596 2 4 3
31.7113 0.00185531 0.00185531 2 4 3
31.7113 0.00185466 0.00185466 2 4 3
31.7113 0.00185401 0.00185401 2 4 3
31.7113 0.00185336 0.00185336 2 4 3
31.7113 0.00185271 0.00185271 2 4 3
31.7113 0.00185206 0.00185206 2 4 3
31.7113 0.00185141 0.00185141 2 4 3
31.7113 0.00185076 0.00185076 2 4 3
31.7113 0.00185012 0.00185012 2 4 3
31.7113 0.00184947 0.00184947 2 4 3
31.7113 0.00184882 0.00184882 2 4 3
31.7113 0.00184818 0.00184818 2 4 3
31.7113 0.00184753 0.00184753 2 4 3
31.7113 0.00184689 0.00184689 2 4 3
31.7113 0.00184624 0.00184624 2 4 3
31.7113 0.0018456 0.0018456 2 4 3
31.7113 0.00184496 0.00184496 2 4 3
31.7113 0.00184431 0.00184431 2 4 3
31.7113 0.00184367 0.00184367 2 4 3
31.7113 0.00184303 0.00184303 2 4 3
31.7113 0.00184239 0.00184239 2 4 3
31.7113 0.00184175 0.00184175 2 4 3
31.7113 0.00184111 0.00184111 2 4 3
31.7113 0.00184046 0.00184046 2 4 3
31.7113 0.00183982 0.00183982 2 4 3
31.7113 0.00183919 0.00183919 2 4 3
31.7113 0.00183855 0.00183855 2 4 3
31.7113 0.00183791 0.00183791 2 4 3
31.7113 0.00183727 0.00183727 2 4 3
31.7113 0.00183663 0.00183663 2 4 3
31.7113 0.00183599 0.00183599 2 4 3
31.7113 0.00183536 0.00183536 2 4 3
31.7113 0.00183472 0.00183472 2 4 3
31.7113 0.00183409 0.00183409 2 4 3
31.7113 0.00183345 0.00183345 2 4 3
31.7113 0.00183282 0.00183282 2 4 3
31.7113 0.00183218 0.00183218 2 4 3
31.7113 0.00183155 0.00183155 2 4 3
31.7113 0.00183091 0.00183091 2 4 3
31.7113 0.00183028 0.00183028 2 4 3
31.7113 0.00182965 0.00182965 2 4 3
31.7113 0.00182901 0.00182901 2 4 3
31.7113 0.00182838 0.00182838 2 4 3
31.7113 0.00182775 0.00182775 2 4 3
31.7113 0.00182712 0.00182712 2 4 3
31.7113 0.00182649 0.00182649 2 4 3
31.7113 0.00182586 0.00182586 2 4 3
31.7113 0.00182523 0.00182523 2 4 3
31.7113 0.0018246 0.0018246 2 4 3
31.7113 0.00182397 0.00182397 2 4 3
31.7113 0.00182334 0.00182334 2 4 3
31.7113 0.00182271 0.00182271 2 4 3
31.7113 0.00182209 0.00182209 2 4 3
31.7113 0.00182146 0.00182146 2 4 3
31.7113 0.00182083 0.00182083 2 4 3
31.7113 0.00182021 0.00182021 2 4 3
31.7113 0.00181958 0.00181958 2 4 3
31.7113 0.00181896 0.00181896 2 4 3
31.7113 0.00181833 0.00181833 2 4 3
31.7113 0.00181771 0.00181771 2 4 3
31.7113 0.00181708 0.00181708 2 4 3
31.7113 0.00181646 0.00181646 2 4 3
31.7113 0.00181583 0.00181583 2 4 3
31.7113 0.00181521 0.00181521 2 4 3
31.7113 0.00181459 0.00181459 2 4 3
31.7113 0.00181397 0.00181397 2 4 3
31.7113 0.00181335 0.00181335 2 4 3
31.7113 0.00181272 0.00181272 2 4 3
31.7113 0.0018121 0.0018121 2 4 3
31.7113 0.00181148 0.00181148 2 4 3
31.7113 0.00181086 0.00181086 2 4 3
31.7113 0.00181024 0.00181024 2 4 3
31.7113 0.00180962 0.00180962 2 4 3
31.7113 0.00180901 0.00180901 2 4 3
31.7113 0.00180839 0.00180839 2 4 3
31.7113 0.00180777 0.00180777 2 4 3
31.7113 0.00180715 0.00180715 2 4 3
31.7113 0.00180654 0.00180654 2 4 3
31.7113 0.00180592 0.00180592 2 4 3
31.7113 0.0018053 0.0018053 2 4 3
31.7113 0.00180469 0.00180469 2 4 3
31.7113 0.00180407 0.00180407 2 4 3
31.7113 0.00180346 0.00180346 2 4 3
31.7113 0.00180284 0.00180284 2 4 3
31.7113 0.00180223 0.00180223 2 4 3
31.7113 0.00180161 0.00180161 2 4 3
31.7113 0.001801 0.001801 2 4 3
31.7113 0.00180039 0.00180039 2 4 3
31.7113 0.00179978 0.00179978 2 4 3
31.7113 0.00179916 0.00179916 2 4 3
31.7113 0.00179855 0.00179855 2 4 3
31.7113 0.00179794 0.00179794 2 4 3
31.7113 0.00179733 0.00179733 2 4 3
31.7113 0.00179672 0.00179672 2 4 3
31.7113 0.00179611 0.00179611 2 4 3
31.7113 0.0017955 0.0017955 2 4 3
31.7113 0.00179489 0.00179489 2 4 3
31.7113 0.00179428 0.00179428 2 4 3
31.7113 0.00179368 0.00179368 2 4 3
31.7113 0.00179307 0.00179307 2 4 3
31.7113 0.00179246 0.00179246 2 4 3
31.7113 0.00179185 0.00179185 2 4 3
31.7113 0.00179125 0.00179125 2 4 3
31.7113 0.00179064 0.00179064 2 4 3
31.7113 0.00179004 0.00179004 2 4 3
31.7113 0.00178943 0.00178943 2 4 3
31.7113 0.00178883 0.00178883 2 4 3
31.7113 0.00178822 0.00178822 2 4 3
31.7113 0.00178762 0.00178762 2 4 3
31.7113 0.00178701 0.00178701 2 4 3
31.7113 0.00178641 0.00178641 2 4 3
31.7113 0.00178581 0.00178581 2 4 3
31.7113 0.0017852 0.0017852 2 4 3
31.7113 0.0017846 0.0017846 2 4 3
31.7113 0.001784 0.001784 2 4 3
31.7113 0.0017834 0.0017834 2 4 3
31.7113 0.0017828 0.0017828 2 4 3
31.7113 0.0017822 0.0017822 2 4 3
31.7113 0.0017816 0.0017816 2 4 3
31.7113 0.001781 0.001781 2 4 3
31.7113 0.0017804 0.0017804 2 4 3
31.7113 0.0017798 0.0017798 2 4 3
31.7113 0.0017792 0.0017792 2 4 3
31.7113 0.0017786 0.0017786 2 4 3
31.7113 0.00177801 0.00177801 2 4 3
31.7113 0.00177741 0.00177741 2 4 3
31.7113 0.00177681 0.00177681 2 4 3
31.7113 0.00177622 0.00177622 2 4 3
31.7113 0.00177562 0.00177562 2 4 3
31.7113 0.00177502 0.00177502 2 4 3
31.7113 0.00177443 0.00177443 2 4 3
31.7113 0.00177383 0.00177383 2 4 3
31.7113 0.00177324 0.00177324 2 4 3
31.7113 0.00177265 0.00177265 2 4 3
31.7113 0.00177205 0.00177205 2 4 3
31.7113 0.00177146 0.00177146 2 4 3
31.7113 0.00177087 0.00177087 2 4 3
31.7113 0.00177027 0.00177027 2 4 3
31.7113 0.00176968 0.00176968 2 4 3
31.7113 0.00176909 0.00176909 2 4 3
31.7113 0.0017685 0.0017685 2 4 3
31.7113 0.00176791 0.00176791 2 4 3
31.7113 0.00176732 0.00176732 2 4 3
31.7113 0.00176673 0.00176673 2 4 3
31.7113 0.00176614 0.00176614 2 4 3
31.7113 0.00176555 0.00176555 2 4 3
31.7113 0.00176496 0.00176496 2 4 3
31.7113 0.00176437 0.00176437 2 4 3
31.7113 0.00176378 0.00176378 2 4 3
31.7113 0.0017632 0.0017632 2 4 3
31.7113 0.00176261 0.00176261 2 4 3
31.7113 0.00176202 0.00176202 2 4 3
31.7113 0.00176143 0.00176143 2 4 3
31.7113 0.00176085 0.00176085 2 4 3
31.7113 0.00176026 0.00176026 2 4 3
31.7113 0.00175968 0.00175968 2 4 3
31.7113 0.00175909 0.00175909 2 4 3
31.7113 0.00175851 0.00175851 2 4 3
31.7113 0.00175792 0.00175792 2 4 3
31.7113 0.00175734 0.00175734 2 4 3
31.7113 0.00175676 0.00175676 2 4 3
31.7113 0.00175617 0.00175617 2 4 3
31.7113 0.00175559 0.00175559 2 4 3
31.7113 0.00175501 0.00175501 2 4 3
31.7113 0.00175443 0.00175443 2 4 3
31.7113 0.00175385 0.00175385 2 4 3
31.7113 0.00175326 0.00175326 2 4 3
31.7113 0.00175268 0.00175268 2 4 3
31.7113 0.0017521 0.0017521 2 4 3
31.7113 0.00175152 0.00175152 2 4 3
31.7113 0.00175094 0.00175094 2 4 3
31.7113 0.00175036 0.00175036 2 4 3
31.7113 0.00174979 0.00174979 2 4 3
31.7113 0.00174921 0.00174921 2 4 3
31.7113 0.00174863 0.00174863 2 4 3
31.7113 0.00174805 0.00174805 2 4 3
31.7113 0.00174747 0.00174747 2 4 3
31.7113 0.0017469 0.0017469 2 4 3
31.7113 0.00174632 0.00174632 2 4 3
31.7113 0.00174574 0.00174574 2 4 3
31.7113 0.00174517 0.00174517 2 4 3
31.7113 0.00174459 0.00174459 2 4 3
31.7113 0.00174402 0.00174402 2 4 3
31.7113 0.00174344 0.00174344 2 4 3
31.7113 0.00174287 0.00174287 2 4 3
31.7113 0.0017423 0.0017423 2 4 3
31.7113 0.00174172 0.00174172 2 4 3
31.7113 0.00174115 0.00174115 2 4 3
31.7113 0.00174058 0.00174058 2 4 3
31.7113 0.00174 0.00174 2 4 3
31.7113 0.00173943 0.00173943 2 4 3
31.7113 0.00173886 0.00173886 2 4 3
31.7113 0.00173829 0.00173829 2 4 3
31.7113 0.00173772 0.00173772 2 4 3
31.7113 0.00173715 0.00173715 2 4 3
31.7113 0.00173658 0.00173658 2 4 3
31.7113 0.00173601 0.00173601 2 4 3
31.7113 0.00173544 0.00173544 2 4 3
31.7113 0.00173487 0.00173487 2 4 3
31.7113 0.0017343 0.0017343 2 4 3
31.7113 0.00173373 0.00173373 2 4 3
31.7113 0.00173317 0.00173317 2 4 3
31.7113 0.0017326 0.0017326 2 4 3
31.7113 0.00173203 0.00173203 2 4 3
31.7113 0.00173146 0.00173146 2 4 3
31.7113 0.0017309 0.0017309 2 4 3
31.7113 0.00173033 0.00173033 2 4 3
31.7113 0.00172977 0.00172977 2 4 3
31.7113 0.0017292 0.0017292 2 4 3
31.7113 0.00172864 0.00172864 2 4 3
31.7113 0.00172807 0.00172807 2 4 3
31.7113 0.00172751 0.00172751 2 4 3
31.7113 0.00172694 0.00172694 2 4 3
31.7113 0.00172638 0.00172638 2 4 3
31.7113 0.00172582 0.00172582 2 4 3
31.7113 0.00172525 0.00172525 2 4 3
31.7113 0.00172469 0.00172469 2 4 3
31.7113 0.00172413 0.00172413 2 4 3
31.7113 0.00172357 0.00172357 2 4 3
31.7113 0.00172301 0.00172301 2 4 3
31.7113 0.00172245 0.00172245 2 4 3
31.7113 0.00172189 0.00172189 2 4 3
31.7113 0.00172133 0.00172133 2 4 3
31.7113 0.00172077 0.00172077 2 4 3
31.7113 0.00172021 0.00172021 2 4 3
31.7113 0.00171965 0.00171965 2 4 3
31.7113 0.00171909 0.00171909 2 4 3
31.7113 0.00171853 0.00171853 2 4 3
31.7113 0.00171797 0.00171797 2 4 3
31.7113 0.00171742 0.00171742 2 4 3
31.7113 0.00171686 0.00171686 2 4 3
31.7113 0.0017163 0.0017163 2 4 3
31.7113 0.00171574 0.00171574 2 4 3
31.7113 0.00171519 0.00171519 2 4 3
31.7113 0.00171463 0.00171463 2 4 3
31.7113 0.00171408 0.00171408 2 4 3
31.7113 0.00171352 0.00171352 2 4 3
31.7113 0.00171297 0.00171297 2 4 3
31.7113 0.00171241 0.00171241 2 4 3
31.7113 0.00171186 0.00171186 2 4 3
31.7113 0.00171131 0.00171131 2 4 3
31.7113 0.00171075 0.00171075 2 4 3
31.7113 0.0017102 0.0017102 2 4 3
31.7113 0.00170965 0.00170965 2 4 3
31.7113 0.0017091 0.0017091 2 4 3
31.7113 0.00170854 0.00170854 2 4 3
31.7113 0.00170799 0.00170799 2 4 3
31.7113 0.00170744 0.00170744 2 4 3
31.7113 0.00170689 0.00170689 2 4 3
31.7113 0.00170634 0.00170634 2 4 3
31.7113 0.00170579 0.00170579 2 4 3
31.7113 0.00170524 0.00170524 2 4 3
31.7113 0.00170469 0.00170469 2 4 3
31.7113 0.00170414 0.00170414 2 4 3
31.7113 0.00170359 0.00170359 2 4 3
31.7113 0.00170304 0.00170304 2 4 3
31.7113 0.0017025 0.0017025 2 4 3
31.7113 0.00170195 0.00170195 2 4 3
31.7113 0.0017014 0.0017014 2 4 3
31.7113 0.00170086 0.00170086 2 4 3
31.7113 0.00170031 0.00170031 2 4 3
31.7113 0.00169976 0.00169976 2 4 3
31.7113 0.00169922 0.00169922 2 4 3
31.7113 0.00169867 0.00169867 2 4 3
31.7113 0.00169813 0.00169813 2 4 3
31.7113 0.00169758 0.00169758 2 4 3
31.7113 0.00169704 0.00169704 2 4 3
31.7113 0.00169649 0.00169649 2 4 3
31.7113 0.00169595 0.00169595 2 4 3
31.7113 0.00169541 0.00169541 2 4 3
31.7113 0.00169486 0.00169486 2 4 3
31.7113 0.00169432 0.00169432 2 4 3
31.7113 0.00169378 0.00169378 2 4 3
31.7113 0.00169324 0.00169324 2 4 3
31.7113 0.00169269 0.00169269 2 4 3
31.7113 0.00169215 0.00169215 2 4 3
31.7113 0.00169161 0.00169161 2 4 3
31.7113 0.00169107 0.00169107 2 4 3
31.7113 0.00169053 0.00169053 2 4 3
31.7113 0.00168999 0.00168999 2 4 3
31.7113 0.00168945 0.00168945 2 4 3
31.7113 0.00168891 0.00168891 2 4 3
31.7113 0.00168837 0.00168837 2 4 3
31.7113 0.00168783 0.00168783 2 4 3
31.7113 0.0016873 0.0016873 2 4 3
31.7113 0.00168676 0.00168676 2 4 3
31.7113 0.00168622 0.00168622 2 4 3
31.7113 0.00168568 0.00168568 2 4 3
31.7113 0.00168515 0.00168515 2 4 3
31.7113 0.00168461 0.00168461 2 4 3
31.7113 0.00168407 0.00168407 2 4 3
31.7113 0.00168354 0.00168354 2 4 3
31.7113 0.001683 0.001683 2 4 3
31.7113 0.00168247 0.00168247 2 4 3
31.7113 0.00168193 0.00168193 2 4 3
31.7113 0.0016814 0.0016814 2 4 3
31.7113 0.00168087 0.00168087 2 4 3
31.7113 0.00168033 0.00168033 2 4 3
31.7113 0.0016798 0.0016798 2 4 3
31.7113 0.00167926 0.00167926 2 4 3
31.7113 0.00167873 0.00167873 2 4 3
31.7113 0.0016782 0.0016782 2 4 3
31.7113 0.00167767 0.00167767 2 4 3
31.7113 0.00167714 0.00167714 2 4 3
31.7113 0.0016766 0.0016766 2 4 3
31.7113 0.00167607 0.00167607 2 4 3
31.7113 0.00167554 0.00167554 2 4 3
31.7113 0.00167501 0.00167501 2 4 3
31.7113 0.00167448 0.00167448 2 4 3
31.7113 0.00167395 0.00167395 2 4 3
31.7113 0.00167342 0.00167342 2 4 3
31.7113 0.00167289 0.00167289 2 4 3
31.7113 0.00167237 0.00167237 2 4 3
31.7113 0.00167184 0.00167184 2 4 3
31.7113 0.00167131 0.00167131 2 4 3
31.7113 0.00167078 0.00167078 2 4 3
31.7113 0.00167025 0.00167025 2 4 3
31.7113 0.00166973 0.00166973 2 4 3
31.7113 0.0016692 0.0016692 2 4 3
31.7113 0.00166867 0.00166867 2 4 3
31.7113 0.00166815 0.00166815 2 4 3
31.7113 0.00166762 0.00166762 2 4 3
31.7113 0.0016671 0.0016671 2 4 3
31.7113 0.00166657 0.00166657 2 4 3
31.7113 0.00166605 0.00166605 2 4 3
31.7113 0.00166552 0.00166552 2 4 3
31.7113 0.001665 0.001665 2 4 3
31.7113 0.00166448 0.00166448 2 4 3
31.7113 0.00166395 0.00166395 2 4 3
31.7113 0.00166343 0.00166343 2 4 3
31.7113 0.00166291 0.00166291 2 4 3
31.7113 0.00166238 0.00166238 2 4 3
31.7113 0.00166186 0.00166186 2 4 3
31.7113 0.00166134 0.00166134 2 4 3
31.7113 0.00166082 0.00166082 2 4 3
31.7113 0.0016603 0.0016603 2 4 3
31.7113 0.00165978 0.00165978 2 4 3
31.7113 0.00165926 0.00165926 2 4 3
31.7113 0.00165874 0.00165874 2 4 3
31.7113 0.00165822 0.00165822 2 4 3
31.7113 0.0016577 0.0016577 2 4 3
31.7113 0.00165718 0.00165718 2 4 3
31.7113 0.00165666 0.00165666 2 4 3
31.7113 0.00165614 0.00165614 2 4 3
31.7113 0.00165562 0.00165562 2 4 3
31.7113 0.0016551 0.0016551 2 4 3
31.7113 0.00165459 0.00165459 2 4 3
31.7113 0.00165407 0.00165407 2 4 3
31.7113 0.00165355 0.00165355 2 4 3
31.7113 0.00165304 0.00165304 2 4 3
31.7113 0.00165252 0.00165252 2 4 3
31.7113 0.001652 0.001652 2 4 3
31.7113 0.00165149 0.00165149 2 4 3
31.7113 0.00165097 0.00165097 2 4 3
31.7113 0.00165046 0.00165046 2 4 3
31.7113 0.00164994 0.00164994 2 4 3
31.7113 0.00164943 0.00164943 2 4 3
31.7113 0.00164892 0.00164892 2 4 3
31.7113 0.0016484 0.0016484 2 4 3
31.7113 0.00164789 0.00164789 2 4 3
31.7113 0.00164738 0.00164738 2 4 3
31.7113 0.00164686 0.00164686 2 4 3
31.7113 0.00164635 0.00164635 2 4 3
31.7113 0.00164584 0.00164584 2 4 3
31.7113 0.00164533 0.00164533 2 4 3
31.7113 0.00164481 0.00164481 2 4 3
31.7113 0.0016443 0.0016443 2 4 3
31.7113 0.00164379 0.00164379 2 4 3
31.7113 0.00164328 0.00164328 2 4 3
31.7113 0.00164277 0.00164277 2 4 3
31.7113 0.00164226 0.00164226 2 4 3
31.7113 0.00164175 0.00164175 2 4 3
31.7113 0.00164124 0.00164124 2 4 3
31.7113 0.00164073 0.00164073 2 4 3
31.7113 0.00164023 0.00164023 2 4 3
31.7113 0.00163972 0.00163972 2 4 3
31.7113 0.00163921 0.00163921 2 4 3
31.7113 0.0016387 0.0016387 2 4 3
31.7113 0.0016382 0.0016382 2 4 3
31.7113 0.00163769 0.00163769 2 4 3
31.7113 0.00163718 0.00163718 2 4 3
31.7113 0.00163668 0.00163668 2 4 3
31.7113 0.00163617 0.00163617 2 4 3
31.7113 0.00163566 0.00163566 2 4 3
31.7113 0.00163516 0.00163516 2 4 3
31.7113 0.00163465 0.00163465 2 4 3
31.7113 0.00163415 0.00163415 2 4 3
31.7113 0.00163364 0.00163364 2 4 3
31.7113 0.00163314 0.00163314 2 4 3
31.7113 0.00163264 0.00163264 2 4 3
31.7113 0.00163213 0.00163213 2 4 3
31.7113 0.00163163 0.00163163 2 4 3
31.7113 0.00163113 0.00163113 2 4 3
31.7113 0.00163062 0.00163062 2 4 3
31.7113 0.00163012 0.00163012 2 4 3
31.7113 0.00162962 0.00162962 2 4 3
31.7113 0.00162912 0.00162912 2 4 3
31.7113 0.00162862 0.00162862 2 4 3
31.7113 0.00162811 0.00162811 2 4 3
31.7113 0.00162761 0.00162761 2 4 3
31.7113 0.00162711 0.00162711 2 4 3
31.7113 0.00162661 0.00162661 2 4 3
31.7113 0.00162611 0.00162611 2 4 3
31.7113 0.00162561 0.00162561 2 4 3
31.7113 0.00162511 0.00162511 2 4 3
31.7113 0.00162462 0.00162462 2 4 3
31.7113 0.00162412 0.00162412 2 4 3
31.7113 0.00162362 0.00162362 2 4 3
31.7113 0.00162312 0.00162312 2 4 3
31.7113 0.00162262 0.00162262 2 4 3
31.7113 0.00162213 0.00162213 2 4 3
31.7113 0.00162163 0.00162163 2 4 3
31.7113 0.00162113 0.00162113 2 4 3
31.7113 0.00162064 0.00162064 2 4 3
31.7113 0.00162014 0.00162014 2 4 3
31.7113 0.00161964 0.00161964 2 4 3
31.7113 0.00161915 0.00161915 2 4 3
31.7113 0.00161865 0.00161865 2 4 3
31.7113 0.00161816 0.00161816 2 4 3
31.7113 0.00161766 0.00161766 2 4 3
31.7113 0.00161717 0.00161717 2 4 3
31.7113 0.00161667 0.00161667 2 4 3
31.7113 0.00161618 0.00161618 2 4 3
31.7113 0.00161569 0.00161569 2 4 3
31.7113 0.00161519 0.00161519 2 4 3
31.7113 0.0016147 0.0016147 2 4 3
31.7113 0.00161421 0.00161421 2 4 3
31.7113 0.00161372 0.00161372 2 4 3
31.7113 0.00161322 0.00161322 2 4 3
31.7113 0.00161273 0.00161273 2 4 3
31.7113 0.00161224 0.00161224 2 4 3
31.7113 0.00161175 0.00161175 2 4 3
31.7113 0.00161126 0.00161126 2 4 3
31.7113 0.00161077 0.00161077 2 4 3
31.7113 0.00161028 0.00161028 2 4 3
31.7113 0.00160979 0.00160979 2 4 3
31.7113 0.0016093 0.0016093 2 4 3
31.7113 0.00160881 0.00160881 2 4 3
31.7113 0.00160832 0.00160832 2 4 3
31.7113 0.00160783 0.00160783 2 4 3
31.7113 0.00160734 0.00160734 2 4 3
31.7113 0.00160686 0.00160686 2 4 3
31.7113 0.00160637 0.00160637 2 4 3
31.7113 0.00160588 0.00160588 2 4 3
31.7113 0.00160539 0.00160539 2 4 3
31.7113 0.00160491 0.00160491 2 4 3
31.7113 0.00160442 0.00160442 2 4 3
31.7113 0.00160393 0.00160393 2 4 3
31.7113 0.00160345 0.00160345 2 4 3
31.7113 0.00160296 0.00160296 2 4 3
31.7113 0.00160248 0.00160248 2 4 3
31.7113 0.00160199 0.00160199 2 4 3
31.7113 0.00160151 0.00160151 2 4 3
31.7113 0.00160102 0.00160102 2 4 3
31.7113 0.00160054 0.00160054 2 4 3
31.7113 0.00160005 0.00160005 2 4 3
31.7113 0.00159957 0.00159957 2 4 3
31.7113 0.00159909 0.00159909 2 4 3
31.7113 0.0015986 0.0015986 2 4 3
31.7113 0.00159812 0.00159812 2 4 3
31.7113 0.00159764 0.00159764 2 4 3
31.7113 0.00159716 0.00159716 2 4 3
31.7113 0.00159667 0.00159667 2 4 3
31.7113 0.00159619 0.00159619 2 4 3
31.7113 0.00159571 0.00159571 2 4 3
31.7113 0.00159523 0.00159523 2 4 3
31.7113 0.00159475 0.00159475 2 4 3
31.7113 0.00159427 0.00159427 2 4 3
31.7113 0.00159379 0.00159379 2 4 3
31.7113 0.00159331 0.00159331 2 4 3
31.7113 0.00159283 0.00159283 2 4 3
31.7113 0.00159235 0.00159235 2 4 3
31.7113 0.00159187 0.00159187 2 4 3
31.7113 0.00159139 0.00159139 2 4 3
31.7113 0.00159091 0.00159091 2 4 3
31.7113 0.00159044 0.00159044 2 4 3
31.7113 0.00158996 0.00158996 2 4 3
31.7113 0.00158948 0.00158948 2 4 3
31.7113 0.001589 0.001589 2 4 3
31.7113 0.00158853 0.00158853 2 4 3
31.7113 0.00158805 0.00158805 2 4 3
31.7113 0.00158757 0.00158757 2 4 3
31.7113 0.0015871 0.0015871 2 4 3
31.7113 0.00158662 0.00158662 2 4 3
31.7113 0.00158614 0.00158614 2 4 3
31.7113 0.00158567 0.00158567 2 4 3
31.7113 0.00158519 0.00158519 2 4 3
31.7113 0.00158472 0.00158472 2 4 3
31.7113 0.00158425 0.00158425 2 4 3
31.7113 0.00158377 0.00158377 2 4 3
31.7113 0.0015833 0.0015833 2 4 3
31.7113 0.00158282 0.00158282 2 4 3
31.7113 0.00158235 0.00158235 2 4 3
31.7113 0.00158188 0.00158188 2 4 3
31.7113 0.0015814 0.0015814 2 4 3
31.7113 0.00158093 0.00158093 2 4 3
31.7113 0.00158046 0.00158046 2 4 3
31.7113 0.00157999 0.00157999 2 4 3
31.7113 0.00157952 0.00157952 2 4 3
31.7113 0.00157905 0.00157905 2 4 3
31.7113 0.00157857 0.00157857 2 4 3
31.7113 0.0015781 0.0015781 2 4 3
31.7113 0.00157763 0.00157763 2 4 3
31.7113 0.00157716 0.00157716 2 4 3
31.7113 0.00157669 0.00157669 2 4 3
31.7113 0.00157622 0.00157622 2 4 3
31.7113 0.00157575 0.00157575 2 4 3
31.7113 0.00157528 0.00157528 2 4 3
31.7113 0.00157482 0.00157482 2 4 3
31.7113 0.00157435 0.00157435 2 4 3
31.7113 0.00157388 0.00157388 2 4 3
31.7113 0.00157341 0.00157341 2 4 3
31.7113 0.00157294 0.00157294 2 4 3
31.7113 0.00157248 0.00157248 2 4 3
31.7113 0.00157201 0.00157201 2 4 3
31.7113 0.00157154 0.00157154 2 4 3
31.7113 0.00157108 0.00157108 2 4 3
31.7113 0.00157061 0.00157061 2 4 3
31.7113 0.00157014 0.00157014 2 4 3
31.7113 0.00156968 0.00156968 2 4 3
31.7113 0.00156921 0.00156921 2 4 3
31.7113 0.00156875 0.00156875 2 4 3
31.7113 0.00156828 0.00156828 2 4 3
31.7113 0.00156782 0.00156782 2 4 3
31.7113 0.00156735 0.00156735 2 4 3
31.7113 0.00156689 0.00156689 2 4 3
31.7113 0.00156642 0.00156642 2 4 3
31.7113 0.00156596 0.00156596 2 4 3
31.7113 0.0015655 0.0015655 2 4 3
31.7113 0.00156503 0.00156503 2 4 3
31.7113 0.00156457 0.00156457 2 4 3
31.7113 0.00156411 0.00156411 2 4 3
31.7113 0.00156365 0.00156365 2 4 3
31.7113 0.00156319 0.00156319 2 4 3
31.7113 0.00156272 0.00156272 2 4 3
31.7113 0.00156226 0.00156226 2 4 3
31.7113 0.0015618 0.0015618 2 4 3
31.7113 0.00156134 0.00156134 2 4 3
31.7113 0.00156088 0.00156088 2 4 3
31.7113 0.00156042 0.00156042 2 4 3
31.7113 0.00155996 0.00155996 2 4 3
31.7113 0.0015595 0.0015595 2 4 3
31.7113 0.00155904 0.00155904 2 4 3
31.7113 0.00155858 0.00155858 2 4 3
31.7113 0.00155812 0.00155812 2 4 3
31.7113 0.00155766 0.00155766 2 4 3
31.7113 0.00155721 0.00155721 2 4 3
31.7113 0.00155675 0.00155675 2 4 3
31.7113 0.00155629 0.00155629 2 4 3
31.7113 0.00155583 0.00155583 2 4 3
31.7113 0.00155537 0.00155537 2 4 3
31.7113 0.00155492 0.00155492 2 4 3
31.7113 0.00155446 0.00155446 2 4 3
31.7113 0.001554 0.001554 2 4 3
31.7113 0.00155355 0.00155355 2 4 3
31.7113 0.00155309 0.00155309 2 4 3
31.7113 0.00155264 0.00155264 2 4 3
31.7113 0.00155218 0.00155218 2 4 3
31.7113 0.00155173 0.00155173 2 4 3
31.7113 0.00155127 0.00155127 2 4 3
31.7113 0.00155082 0.00155082 2 4 3
31.7113 0.00155036 0.00155036 2 4 3
31.7113 0.00154991 0.00154991 2 4 3
31.7113 0.00154945 0.00154945 2 4 3
31.7113 0.001549 0.001549 2 4 3
31.7113 0.00154855 0.00154855 2 4 3
31.7113 0.00154809 0.00154809 2 4 3
31.7113 0.00154764 0.00154764 2 4 3
31.7113 0.00154719 0.00154719 2 4 3
31.7113 0.00154674 0.00154674 2 4 3
31.7113 0.00154628 0.00154628 2 4 3
31.7113 0.00154583 0.00154583 2 4 3
31.7113 0.00154538 0.00154538 2 4 3
31.7113 0.00154493 0.00154493 2 4 3
31.7113 0.00154448 0.00154448 2 4 3
31.7113 0.00154403 0.00154403 2 4 3
31.7113 0.00154358 0.00154358 2 4 3
31.7113 0.00154313 0.00154313 2 4 3
31.7113 0.00154268 0.00154268 2 4 3
31.7113 0.00154223 0.00154223 2 4 3
31.7113 0.00154178 0.00154178 2 4 3
31.7113 0.00154133 0.00154133 2 4 3
31.7113 0.00154088 0.00154088 2 4 3
31.7113 0.00154043 0.00154043 2 4 3
31.7113 0.00153998 0.00153998 2 4 3
31.7113 0.00153954 0.00153954 2 4 3
31.7113 0.00153909 0.00153909 2 4 3
31.7113 0.00153864 0.00153864 2 4 3
31.7113 0.00153819 0.00153819 2 4 3
31.7113 0.00153775 0.00153775 2 4 3
31.7113 0.0015373 0.0015373 2 4 3
31.7113 0.00153685 0.00153685 2 4 3
31.7113 0.00153641 0.00153641 2 4 3
31.7113 0.00153596 0.00153596 2 4 3
31.7113 0.00153552 0.00153552 2 4 3
31.7113 0.00153507 0.00153507 2 4 3
31.7113 0.00153463 0.00153463 2 4 3
31.7113 0.00153418 0.00153418 2 4 3
31.7113 0.00153374 0.00153374 2 4 3
31.7113 0.00153329 0.00153329 2 4 3
31.7113 0.00153285 0.00153285 2 4 3
31.7113 0.0015324 0.0015324 2 4 3
31.7113 0.00153196 0.00153196 2 4 3
31.7113 0.00153152 0.00153152 2 4 3
31.7113 0.00153107 0.00153107 2 4 3
31.7113 0.00153063 0.00153063 2 4 3
31.7113 0.00153019 0.00153019 2 4 3
31.7113 0.00152975 0.00152975 2 4 3
31.7113 0.0015293 0.0015293 2 4 3
31.7113 0.00152886 0.00152886 2 4 3
31.7113 0.00152842 0.00152842 2 4 3
31.7113 0.00152798 0.00152798 2 4 3
31.7113 0.00152754 0.00152754 2 4 3
31.7113 0.0015271 0.0015271 2 4 3
31.7113 0.00152666 0.00152666 2 4 3
31.7113 0.00152622 0.00152622 2 4 3
31.7113 0.00152578 0.00152578 2 4 3
31.7113 0.00152534 0.00152534 2 4 3
31.7113 0.0015249 0.0015249 2 4 3
31.7113 0.00152446 0.00152446 2 4 3
31.7113 0.00152402 0.00152402 2 4 3
31.7113 0.00152358 0.00152358 2 4 3
31.7113 0.00152314 0.00152314 2 4 3
31.7113 0.0015227 0.0015227 2 4 3
31.7113 0.00152226 0.00152226 2 4 3
31.7113 0.00152183 0.00152183 2 4 3
31.7113 0.00152139 0.00152139 2 4 3
31.7113 0.00152095 0.00152095 2 4 3
31.7113 0.00152051 0.00152051 2 4 3
31.7113 0.00152008 0.00152008 2 4 3
31.7113 0.00151964 0.00151964 2 4 3
31.7113 0.0015192 0.0015192 2 4 3
31.7113 0.00151877 0.00151877 2 4 3
31.7113 0.00151833 0.00151833 2 4 3
31.7113 0.0015179 0.0015179 2 4 3
31.7113 0.00151746 0.00151746 2 4 3
31.7113 0.00151703 0.00151703 2 4 3
31.7113 0.00151659 0.00151659 2 4 3
31.7113 0.00151616 0.00151616 2 4 3
31.7113 0.00151572 0.00151572 2 4 3
31.7113 0.00151529 0.00151529 2 4 3
31.7113 0.00151486 0.00151486 2 4 3
31.7113 0.00151442 0.00151442 2 4 3
31.7113 0.00151399 0.00151399 2 4 3
31.7113 0.00151356 0.00151356 2 4 3
31.7113 0.00151312 0.00151312 2 4 3
31.7113 0.00151269 0.00151269 2 4 3
31.7113 0.00151226 0.00151226 2 4 3
31.7113 0.00151183 0.00151183 2 4 3
31.7113 0.00151139 0.00151139 2 4 3
31.7113 0.00151096 0.00151096 2 4 3
31.7113 0.00151053 0.00151053 2 4 3
31.7113 0.0015101 0.0015101 2 4 3
31.7113 0.00150967 0.00150967 2 4 3
31.7113 0.00150924 0.00150924 2 4 3
31.7113 0.00150881 0.00150881 2 4 3
31.7113 0.00150838 0.00150838 2 4 3
31.7113 0.00150795 0.00150795 2 4 3
31.7113 0.00150752 0.00150752 2 4 3
31.7113 0.00150709 0.00150709 2 4 3
31.7113 0.00150666 0.00150666 2 4 3
31.7113 0.00150623 0.00150623 2 4 3
31.7113 0.0015058 0.0015058 2 4 3
31.7113 0.00150537 0.00150537 2 4 3
31.7113 0.00150495 0.00150495 2 4 3
31.7113 0.00150452 0.00150452 2 4 3
31.7113 0.00150409 0.00150409 2 4 3
31.7113 0.00150366 0.00150366 2 4 3
31.7113 0.00150324 0.00150324 2 4 3
31.7113 0.00150281 0.00150281 2 4 3
31.7113 0.00150238 0.00150238 2 4 3
31.7113 0.00150196 0.00150196 2 4 3
31.7113 0.00150153 0.00150153 2 4 3
31.7113 0.0015011 0.0015011 2 4 3
31.7113 0.00150068 0.00150068 2 4 3
31.7113 0.00150025 0.00150025 2 4 3
31.7113 0.00149983 0.00149983 2 4 3
31.7113 0.0014994 0.0014994 2 4 3
31.7113 0.00149898 0.00149898 2 4 3
31.7113 0.00149855 0.00149855 2 4 3
31.7113 0.00149813 0.00149813 2 4 3
31.7113 0.00149771 0.00149771 2 4 3
31.7113 0.00149728 0.00149728 2 4 3
31.7113 0.00149686 0.00149686 2 4 3
31.7113 0.00149644 0.00149644 2 4 3
31.7113 0.00149601 0.00149601 2 4 3
31.7113 0.00149559 0.00149559 2 4 3
31.7113 0.00149517 0.00149517 2 4 3
31.7113 0.00149474 0.00149474 2 4 3
31.7113 0.00149432 0.00149432 2 4 3
31.7113 0.0014939 0.0014939 2 4 3
31.7113 0.00149348 0.00149348 2 4 3
31.7113 0.00149306 0.00149306 2 4 3
31.7113 0.00149264 0.00149264 2 4 3
31.7113 0.00149222 0.00149222 2 4 3
31.7113 0.00149179 0.00149179 2 4 3
31.7113 0.00149137 0.00149137 2 4 3
31.7113 0.00149095 0.00149095 2 4 3
31.7113 0.00149053 0.00149053 2 4 3
31.7113 0.00149011 0.00149011 2 4 3
31.7113 0.00148969 0.00148969 2 4 3
31.7113 0.00148928 0.00148928 2 4 3
31.7113 0.00148886 0.00148886 2 4 3
31.7113 0.00148844 0.00148844 2 4 3
31.7113 0.00148802 0.00148802 2 4 3
31.7113 0.0014876 0.0014876 2 4 3
31.7113 0.00148718 0.00148718 2 4 3
31.7113 0.00148676 0.00148676 2 4 3
31.7113 0.00148635 0.00148635 2 4 3
31.7113 0.00148593 0.00148593 2 4 3
31.7113 0.00148551 0.00148551 2 4 3
31.7113 0.0014851 0.0014851 2 4 3
31.7113 0.00148468 0.00148468 2 4 3
31.7113 0.00148426 0.00148426 2 4 3
31.7113 0.00148385 0.00148385 2 4 3
31.7113 0.00148343 0.00148343 2 4 3
31.7113 0.00148301 0.00148301 2 4 3
31.7113 0.0014826 0.0014826 2 4 3
31.7113 0.00148218 0.00148218 2 4 3
31.7113 0.00148177 0.00148177 2 4 3
31.7113 0.00148135 0.00148135 2 4 3
31.7113 0.00148094 0.00148094 2 4 3
31.7113 0.00148053 0.00148053 2 4 3
31.7113 0.00148011 0.00148011 2 4 3
31.7113 0.0014797 0.0014797 2 4 3
31.7113 0.00147928 0.00147928 2 4 3
31.7113 0.00147887 0.00147887 2 4 3
31.7113 0.00147846 0.00147846 2 4 3
31.7113 0.00147804 0.00147804 2 4 3
31.7113 0.00147763 0.00147763 2 4 3
31.7113 0.00147722 0.00147722 2 4 3
31.7113 0.00147681 0.00147681 2 4 3
31.7113 0.00147639 0.00147639 2 4 3
31.7113 0.00147598 0.00147598 2 4 3
31.7113 0.00147557 0.00147557 2 4 3
31.7113 0.00147516 0.00147516 2 4 3
31.7113 0.00147475 0.00147475 2 4 3
31.7113 0.00147434 0.00147434 2 4 3
31.7113 0.00147393 0.00147393 2 4 3
31.7113 0.00147352 0.00147352 2 4 3
31.7113 0.00147311 0.00147311 2 4 3
31.7113 0.0014727 0.0014727 2 4 3
31.7113 0.00147229 0.00147229 2 4 3
31.7113 0.00147188 0.00147188 2 4 3
31.7113 0.00147147 0.00147147 2 4 3
31.7113 0.00147106 0.00147106 2 4 3
31.7113 0.00147065 0.00147065 2 4 3
31.7113 0.00147024 0.00147024 2 4 3
31.7113 0.00146983 0.00146983 2 4 3
31.7113 0.00146942 0.00146942 2 4 3
31.7113 0.00146902 0.00146902 2 4 3
31.7113 0.00146861 0.00146861 2 4 3
31.7113 0.0014682 0.0014682 2 4 3
31.7113 0.00146779 0.00146779 2 4 3
31.7113 0.00146739 0.00146739 2 4 3
31.7113 0.00146698 0.00146698 2 4 3
31.7113 0.00146657 0.00146657 2 4 3
31.7113 0.00146617 0.00146617 2 4 3
31.7113 0.00146576 0.00146576 2 4 3
31.7113 0.00146536 0.00146536 2 4 3
31.7113 0.00146495 0.00146495 2 4 3
31.7113 0.00146454 0.00146454 2 4 3
31.7113 0.00146414 0.00146414 2 4 3
31.7113 0.00146373 0.00146373 2 4 3
31.7113 0.00146333 0.00146333 2 4 3
31.7113 0.00146293 0.00146293 2 4 3
31.7113 0.00146252 0.00146252 2 4 3
31.7113 0.00146212 0.00146212 2 4 3
31.7113 0.00146171 0.00146171 2 4 3
31.7113 0.00146131 0.00146131 2 4 3
31.7113 0.00146091 0.00146091 2 4 3
31.7113 0.0014605 0.0014605 2 4 3
31.7113 0.0014601 0.0014601 2 4 3
31.7113 0.0014597 0.0014597 2 4 3
31.7113 0.00145929 0.00145929 2 4 3
31.7113 0.00145889 0.00145889 2 4 3
31.7113 0.00145849 0.00145849 2 4 3
31.7113 0.00145809 0.00145809 2 4 3
31.7113 0.00145769 0.00145769 2 4 3
31.7113 0.00145728 0.00145728 2 4 3
31.7113 0.00145688 0.00145688 2 4 3
31.7113 0.00145648 0.00145648 2 4 3
31.7113 0.00145608 0.00145608 2 4 3
31.7113 0.00145568 0.00145568 2 4 3
31.7113 0.00145528 0.00145528 2 4 3
31.7113 0.00145488 0.00145488 2 4 3
31.7113 0.00145448 0.00145448 2 4 3
31.7113 0.00145408 0.00145408 2 4 3
31.7113 0.00145368 0.00145368 2 4 3
31.7113 0.00145328 0.00145328 2 4 3
31.7113 0.00145288 0.00145288 2 4 3
31.7113 0.00145248 0.00145248 2 4 3
31.7113 0.00145209 0.00145209 2 4 3
31.7113 0.00145169 0.00145169 2 4 3
31.7113 0.00145129 0.00145129 2 4 3
31.7113 0.00145089 0.00145089 2 4 3
31.7113 0.00145049 0.00145049 2 4 3
31.7113 0.0014501 0.0014501 2 4 3
31.7113 0.0014497 0.0014497 2 4 3
31.7113 0.0014493 0.0014493 2 4 3
31.7113 0.00144891 0.00144891 2 4 3
31.7113 0.00144851 0.00144851 2 4 3
31.7113 0.00144811 0.00144811 2 4 3
31.7113 0.00144772 0.00144772 2 4 3
31.7113 0.00144732 0.00144732 2 4 3
31.7113 0.00144692 0.00144692 2 4 3
31.7113 0.00144653 0.00144653 2 4 3
31.7113 0.00144613 0.00144613 2 4 3
31.7113 0.00144574 0.00144574 2 4 3
31.7113 0.00144534 0.00144534 2 4 3
31.7113 0.00144495 0.00144495 2 4 3
31.7113 0.00144455 0.00144455 2 4 3
31.7113 0.00144416 0.00144416 2 4 3
31.7113 0.00144377 0.00144377 2 4 3
31.7113 0.00144337 0.00144337 2 4 3
31.7113 0.00144298 0.00144298 2 4 3
31.7113 0.00144259 0.00144259 2 4 3
31.7113 0.00144219 0.00144219 2 4 3
31.7113 0.0014418 0.0014418 2 4 3
31.7113 0.00144141 0.00144141 2 4 3
31.7113 0.00144101 0.00144101 2 4 3
31.7113 0.00144062 0.00144062 2 4 3
31.7113 0.00144023 0.00144023 2 4 3
31.7113 0.00143984 0.00143984 2 4 3
31.7113 0.00143945 0.00143945 2 4 3
31.7113 0.00143905 0.00143905 2 4 3
31.7113 0.00143866 0.00143866 2 4 3
31.7113 0.00143827 0.00143827 2 4 3
31.7113 0.00143788 0.00143788 2 4 3
31.7113 0.00143749 0.00143749 2 4 3
31.7113 0.0014371 0.0014371 2 4 3
31.7113 0.00143671 0.00143671 2 4 3
31.7113 0.00143632 0.00143632 2 4 3
31.7113 0.00143593 0.00143593 2 4 3
31.7113 0.00143554 0.00143554 2 4 3
31.7113 0.00143515 0.00143515 2 4 3
31.7113 0.00143476 0.00143476 2 4 3
31.7113 0.00143437 0.00143437 2 4 3
31.7113 0.00143399 0.00143399 2 4 3
31.7113 0.0014336 0.0014336 2 4 3
31.7113 0.00143321 0.00143321 2 4 3
31.7113 0.00143282 0.00143282 2 4 3
31.7113 0.00143243 0.00143243 2 4 3
31.7113 0.00143204 0.00143204 2 4 3
31.7113 0.00143166 0.00143166 2 4 3
31.7113 0.00143127 0.00143127 2 4 3
31.7113 0.00143088 0.00143088 2 4 3
31.7113 0.0014305 0.0014305 2 4 3
31.7113 0.00143011 0.00143011 2 4 3
31.7113 0.00142972 0.00142972 2 4 3
31.7113 0.00142934 0.00142934 2 4 3
31.7113 0.00142895 0.00142895 2 4 3
31.7113 0.00142857 0.00142857 2 4 3
31.7113 0.00142818 0.00142818 2 4 3
31.7113 0.00142779 0.00142779 2 4 3
31.7113 0.00142741 0.00142741 2 4 3
31.7113 0.00142702 0.00142702 2 4 3
31.7113 0.00142664 0.00142664 2 4 3
31.7113 0.00142625 0.00142625 2 4 3
31.7113 0.00142587 0.00142587 2 4 3
31.7113 0.00142549 0.00142549 2 4 3
31.7113 0.0014251 0.0014251 2 4 3
31.7113 0.00142472 0.00142472 2 4 3
31.7113 0.00142434 0.00142434 2 4 3
31.7113 0.00142395 0.00142395 2 4 3
31.7113 0.00142357 0.00142357 2 4 3
31.7113 0.00142319 0.00142319 2 4 3
31.7113 0.0014228 0.0014228 2 4 3
31.7113 0.00142242 0.00142242 2 4 3
31.7113 0.00142204 0.00142204 2 4 3
31.7113 0.00142166 0.00142166 2 4 3
31.7113 0.00142128 0.00142128 2 4 3
31.7113 0.00142089 0.00142089 2 4 3
31.7113 0.00142051 0.00142051 2 4 3
31.7113 0.00142013 0.00142013 2 4 3
31.7113 0.00141975 0.00141975 2 4 3
31.7113 0.00141937 0.00141937 2 4 3
31.7113 0.00141899 0.00141899 2 4 3
31.7113 0.00141861 0.00141861 2 4 3
31.7113 0.00141823 0.00141823 2 4 3
31.7113 0.00141785 0.00141785 2 4 3
31.7113 0.00141747 0.00141747 2 4 3
31.7113 0.00141709 0.00141709 2 4 3
31.7113 0.00141671 0.00141671 2 4 3
31.7113 0.00141633 0.00141633 2 4 3
31.7113 0.00141595 0.00141595 2 4 3
31.7113 0.00141557 0.00141557 2 4 3
31.7113 0.00141519 0.00141519 2 4 3
31.7113 0.00141481 0.00141481 2 4 3
31.7113 0.00141444 0.00141444 2 4 3
31.7113 0.00141406 0.00141406 2 4 3
31.7113 0.00141368 0.00141368 2 4 3
31.7113 0.0014133 0.0014133 2 4 3
31.7113 0.00141293 0.00141293 2 4 3
31.7113 0.00141255 0.00141255 2 4 3
31.7113 0.00141217 0.00141217 2 4 3
31.7113 0.0014118 0.0014118 2 4 3
31.7113 0.00141142 0.00141142 2 4 3
31.7113 0.00141104 0.00141104 2 4 3
31.7113 0.00141067 0.00141067 2 4 3
31.7113 0.00141029 0.00141029 2 4 3
31.7113 0.00140991 0.00140991 2 4 3
31.7113 0.00140954 0.00140954 2 4 3
31.7113 0.00140916 0.00140916 2 4 3
31.7113 0.00140879 0.00140879 2 4 3
31.7113 0.00140841 0.00140841 2 4 3
31.7113 0.00140804 0.00140804 2 4 3
31.7113 0.00140766 0.00140766 2 4 3
31.7113 0.00140729 0.00140729 2 4 3
31.7113 0.00140692 0.00140692 2 4 3
31.7113 0.00140654 0.00140654 2 4 3
31.7113 0.00140617 0.00140617 2 4 3
31.7113 0.00140579 0.00140579 2 4 3
31.7113 0.00140542 0.00140542 2 4 3
31.7113 0.00140505 0.00140505 2 4 3
31.7113 0.00140467 0.00140467 2 4 3
31.7113 0.0014043 0.0014043 2 4 3
31.7113 0.00140393 0.00140393 2 4 3
31.7113 0.00140356 0.00140356 2 4 3
31.7113 0.00140318 0.00140318 2 4 3
31.7113 0.00140281 0.00140281 2 4 3
31.7113 0.00140244 0.00140244 2 4 3
31.7113 0.00140207 0.00140207 2 4 3
31.7113 0.0014017 0.0014017 2 4 3
31.7113 0.00140133 0.00140133 2 4 3
31.7113 0.00140096 0.00140096 2 4 3
31.7113 0.00140059 0.00140059 2 4 3
31.7113 0.00140021 0.00140021 2 4 3
31.7113 0.00139984 0.00139984 2 4 3
31.7113 0.00139947 0.00139947 2 4 3
31.7113 0.0013991 0.0013991 2 4 3
31.7113 0.00139873 0.00139873 2 4 3
31.7113 0.00139836 0.00139836 2 4 3
31.7113 0.00139799 0.00139799 2 4 3
31.7113 0.00139763 0.00139763 2 4 3
31.7113 0.00139726 0.00139726 2 4 3
31.7113 0.00139689 0.00139689 2 4 3
31.7113 0.00139652 0.00139652 2 4 3
31.7113 0.00139615 0.00139615 2 4 3
31.7113 0.00139578 0.00139578 2 4 3
31.7113 0.00139541 0.00139541 2 4 3
31.7113 0.00139505 0.00139505 2 4 3
31.7113 0.00139468 0.00139468 2 4 3
31.7113 0.00139431 0.00139431 2 4 3
31.7113 0.00139394 0.00139394 2 4 3
31.7113 0.00139358 0.00139358 2 4 3
31.7113 0.00139321 0.00139321 2 4 3
31.7113 0.00139284 0.00139284 2 4 3
31.7113 0.00139248 0.00139248 2 4 3
31.7113 0.00139211 0.00139211 2 4 3
31.7113 0.00139174 0.00139174 2 4 3
31.7113 0.00139138 0.00139138 2 4 3
31.7113 0.00139101 0.00139101 2 4 3
31.7113 0.00139065 0.00139065 2 4 3
31.7113 0.00139028 0.00139028 2 4 3
31.7113 0.00138992 0.00138992 2 4 3
31.7113 0.00138955 0.00138955 2 4 3
31.7113 0.00138919 0.00138919 2 4 3
31.7113 0.00138882 0.00138882 2 4 3
31.7113 0.00138846 0.00138846 2 4 3
31.7113 0.00138809 0.00138809 2 4 3
31.7113 0.00138773 0.00138773 2 4 3
31.7113 0.00138737 0.00138737 2 4 3
31.7113 0.001387 0.001387 2 4 3
31.7113 0.00138664 0.00138664 2 4 3
31.7113 0.00138628 0.00138628 2 4 3
31.7113 0.00138591 0.00138591 2 4 3
31.7113 0.00138555 0.00138555 2 4 3
31.7113 0.00138519 0.00138519 2 4 3
31.7113 0.00138482 0.00138482 2 4 3
31.7113 0.00138446 0.00138446 2 4 3
31.7113 0.0013841 0.0013841 2 4 3
31.7113 0.00138374 0.00138374 2 4 3
31.7113 0.00138338 0.00138338 2 4 3
31.7113 0.00138301 0.00138301 2 4 3
31.7113 0.00138265 0.00138265 2 4 3
31.7113 0.00138229 0.00138229 2 4 3
31.7113 0.00138193 0.00138193 2 4 3
31.7113 0.00138157 0.00138157 2 4 3
31.7113 0.00138121 0.00138121 2 4 3
31.7113 0.00138085 0.00138085 2 4 3
31.7113 0.00138049 0.00138049 2 4 3
31.7113 0.00138013 0.00138013 2 4 3
31.7113 0.00137977 0.00137977 2 4 3
31.7113 0.00137941 0.00137941 2 4 3
31.7113 0.00137905 0.00137905 2 4 3
31.7113 0.00137869 0.00137869 2 4 3
31.7113 0.00137833 0.00137833 2 4 3
31.7113 0.00137797 0.00137797 2 4 3
31.7113 0.00137761 0.00137761 2 4 3
31.7113 0.00137726 0.00137726 2 4 3
31.7113 0.0013769 0.0013769 2 4 3
31.7113 0.00137654 0.00137654 2 4 3
31.7113 0.00137618 0.00137618 2 4 3
31.7113 0.00137582 0.00137582 2 4 3
31.7113 0.00137547 0.00137547 2 4 3
31.7113 0.00137511 0.00137511 2 4 3
31.7113 0.00137475 0.00137475 2 4 3
31.7113 0.00137439 0.00137439 2 4 3
31.7113 0.00137404 0.00137404 2 4 3
31.7113 0.00137368 0.00137368 2 4 3
31.7113 0.00137332 0.00137332 2 4 3
31.7113 0.00137297 0.00137297 2 4 3
31.7113 0.00137261 0.00137261 2 4 3
31.7113 0.00137225 0.00137225 2 4 3
31.7113 0.0013719 0.0013719 2 4 3
31.7113 0.00137154 0.00137154 2 4 3
31.7113 0.00137119 0.00137119 2 4 3
31.7113 0.00137083 0.00137083 2 4 3
31.7113 0.00137048 0.00137048 2 4 3
31.7113 0.00137012 0.00137012 2 4 3
31.7113 0.00136977 0.00136977 2 4 3
31.7113 0.00136941 0.00136941 2 4 3
31.7113 0.00136906 0.00136906 2 4 3
31.7113 0.00136871 0.00136871 2 4 3
31.7113 0.00136835 0.00136835 2 4 3
31.7113 0.001368 0.001368 2 4 3
31.7113 0.00136764 0.00136764 2 4 3
31.7113 0.00136729 0.00136729 2 4 3
31.7113 0.00136694 0.00136694 2 4 3
31.7113 0.00136658 0.00136658 2 4 3
31.7113 0.00136623 0.00136623 2 4 3
31.7113 0.00136588 0.00136588 2 4 3
31.7113 0.00136553 0.00136553 2 4 3
31.7113 0.00136517 0.00136517 2 4 3
31.7113 0.00136482 0.00136482 2 4 3
31.7113 0.00136447 0.00136447 2 4 3
31.7113 0.00136412 0.00136412 2 4 3
31.7113 0.00136377 0.00136377 2 4 3
31.7113 0.00136342 0.00136342 2 4 3
31.7113 0.00136306 0.00136306 2 4 3
31.7113 0.00136271 0.00136271 2 4 3
31.7113 0.00136236 0.00136236 2 4 3
31.7113 0.00136201 0.00136201 2 4 3
31.7113 0.00136166 0.00136166 2 4 3
31.7113 0.00136131 0.00136131 2 4 3
31.7113 0.00136096 0.00136096 2 4 3
31.7113 0.00136061 0.00136061 2 4 3
31.7113 0.00136026 0.00136026 2 4 3
31.7113 0.00135991 0.00135991 2 4 3
31.7113 0.00135956 0.00135956 2 4 3
31.7113 0.00135921 0.00135921 2 4 3
31.7113 0.00135886 0.00135886 2 4 3
31.7113 0.00135852 0.00135852 2 4 3
31.7113 0.00135817 0.00135817 2 4 3
31.7113 0.00135782 0.00135782 2 4 3
31.7113 0.00135747 0.00135747 2 4 3
31.7113 0.00135712 0.00135712 2 4 3
31.7113 0.00135677 0.00135677 2 4 3
31.7113 0.00135643 0.00135643 2 4 3
31.7113 0.00135608 0.00135608 2 4 3
31.7113 0.00135573 0.00135573 2 4 3
31.7113 0.00135538 0.00135538 2 4 3
31.7113 0.00135504 0.00135504 2 4 3
31.7113 0.00135469 0.00135469 2 4 3
31.7113 0.00135434 0.00135434 2 4 3
31.7113 0.001354 0.001354 2 4 3
31.7113 0.00135365 0.00135365 2 4 3
31.7113 0.0013533 0.0013533 2 4 3
31.7113 0.00135296 0.00135296 2 4 3
31.7113 0.00135261 0.00135261 2 4 3
31.7113 0.00135227 0.00135227 2 4 3
31.7113 0.00135192 0.00135192 2 4 3
31.7113 0.00135158 0.00135158 2 4 3
31.7113 0.00135123 0.00135123 2 4 3
31.7113 0.00135089 0.00135089 2 4 3
31.7113 0.00135054 0.00135054 2 4 3
31.7113 0.0013502 0.0013502 2 4 3
31.7113 0.00134985 0.00134985 2 4 3
31.7113 0.00134951 0.00134951 2 4 3
31.7113 0.00134916 0.00134916 2 4 3
31.7113 0.00134882 0.00134882 2 4 3
31.7113 0.00134848 0.00134848 2 4 3
31.7113 0.00134813 0.00134813 2 4 3
31.7113 0.00134779 0.00134779 2 4 3
31.7113 0.00134745 0.00134745 2 4 3
31.7113 0.0013471 0.0013471 2 4 3
31.7113 0.00134676 0.00134676 2 4 3
31.7113 0.00134642 0.00134642 2 4 3
31.7113 0.00134607 0.00134607 2 4 3
31.7113 0.00134573 0.00134573 2 4 3
31.7113 0.00134539 0.00134539 2 4 3
31.7113 0.00134505 0.00134505 2 4 3
31.7113 0.00134471 0.00134471 2 4 3
31.7113 0.00134436 0.00134436 2 4 3
31.7113 0.00134402 0.00134402 2 4 3
31.7113 0.00134368 0.00134368 2 4 3
31.7113 0.00134334 0.00134334 2 4 3
31.7113 0.001343 0.001343 2 4 3
31.7113 0.00134266 0.00134266 2 4 3
31.7113 0.00134232 0.00134232 2 4 3
31.7113 0.00134198 0.00134198 2 4 3
31.7113 0.00134164 0.00134164 2 4 3
31.7113 0.0013413 0.0013413 2 4 3
31.7113 0.00134096 0.00134096 2 4 3
31.7113 0.00134062 0.00134062 2 4 3
31.7113 0.00134028 0.00134028 2 4 3
31.7113 0.00133994 0.00133994 2 4 3
31.7113 0.0013396 0.0013396 2 4 3
31.7113 0.00133926 0.00133926 2 4 3
31.7113 0.00133892 0.00133892 2 4 3
31.7113 0.00133858 0.00133858 2 4 3
31.7113 0.00133824 0.00133824 2 4 3
31.7113 0.00133791 0.00133791 2 4 3
31.7113 0.00133757 0.00133757 2 4 3
31.7113 0.00133723 0.00133723 2 4 3
31.7113 0.00133689 0.00133689 2 4 3
31.7113 0.00133655 0.00133655 2 4 3
31.7113 0.00133622 0.00133622 2 4 3
31.7113 0.00133588 0.00133588 2 4 3
31.7113 0.00133554 0.00133554 2 4 3
31.7113 0.00133521 0.00133521 2 4 3
31.7113 0.00133487 0.00133487 2 4 3
31.7113 0.00133453 0.00133453 2 4 3
31.7113 0.0013342 0.0013342 2 4 3
31.7113 0.00133386 0.00133386 2 4 3
31.7113 0.00133352 0.00133352 2 4 3
31.7113 0.00133319 0.00133319 2 4 3
31.7113 0.00133285 0.00133285 2 4 3
31.7113 0.00133252 0.00133252 2 4 3
31.7113 0.00133218 0.00133218 2 4 3
31.7113 0.00133185 0.00133185 2 4 3
31.7113 0.00133151 0.00133151 2 4 3
31.7113 0.00133118 0.00133118 2 4 3
31.7113 0.00133084 0.00133084 2 4 3
31.7113 0.00133051 0.00133051 2 4 3
31.7113 0.00133017 0.00133017 2 4 3
31.7113 0.00132984 0.00132984 2 4 3
31.7113 0.0013295 0.0013295 2 4 3
31.7113 0.00132917 0.00132917 2 4 3
31.7113 0.00132884 0.00132884 2 4 3
31.7113 0.0013285 0.0013285 2 4 3
31.7113 0.00132817 0.00132817 2 4 3
31.7113 0.00132783 0.00132783 2 4 3
31.7113 0.0013275 0.0013275 2 4 3
31.7113 0.00132717 0.00132717 2 4 3
31.7113 0.00132684 0.00132684 2 4 3
31.7113 0.0013265 0.0013265 2 4 3
31.7113 0.00132617 0.00132617 2 4 3
31.7113 0.00132584 0.00132584 2 4 3
31.7113 0.00132551 0.00132551 2 4 3
31.7113 0.00132517 0.00132517 2 4 3
31.7113 0.00132484 0.00132484 2 4 3
31.7113 0.00132451 0.00132451 2 4 3
31.7113 0.00132418 0.00132418 2 4 3
31.7113 0.00132385 0.00132385 2 4 3
31.7113 0.00132352 0.00132352 2 4 3
31.7113 0.00132319 0.00132319 2 4 3
31.7113 0.00132286 0.00132286 2 4 3
31.7113 0.00132253 0.00132253 2 4 3
31.7113 0.00132219 0.00132219 2 4 3
31.7113 0.00132186 0.00132186 2 4 3
31.7113 0.00132153 0.00132153 2 4 3
31.7113 0.0013212 0.0013212 2 4 3
31.7113 0.00132087 0.00132087 2 4 3
31.7113 0.00132054 0.00132054 2 4 3
31.7113 0.00132022 0.00132022 2 4 3
31.7113 0.00131989 0.00131989 2 4 3
31.7113 0.00131956 0.00131956 2 4 3
31.7113 0.00131923 0.00131923 2 4 3
31.7113 0.0013189 0.0013189 2 4 3
31.7113 0.00131857 0.00131857 2 4 3
31.7113 0.00131824 0.00131824 2 4 3
31.7113 0.00131791 0.00131791 2 4 3
31.7113 0.00131759 0.00131759 2 4 3
31.7113 0.00131726 0.00131726 2 4 3
31.7113 0.00131693 0.00131693 2 4 3
31.7113 0.0013166 0.0013166 2 4 3
31.7113 0.00131627 0.00131627 2 4 3
31.7113 0.00131595 0.00131595 2 4 3
31.7113 0.00131562 0.00131562 2 4 3
31.7113 0.00131529 0.00131529 2 4 3
31.7113 0.00131497 0.00131497 2 4 3
31.7113 0.00131464 0.00131464 2 4 3
31.7113 0.00131431 0.00131431 2 4 3
31.7113 0.00131399 0.00131399 2 4 3
31.7113 0.00131366 0.00131366 2 4 3
31.7113 0.00131333 0.00131333 2 4 3
31.7113 0.00131301 0.00131301 2 4 3
31.7113 0.00131268 0.00131268 2 4 3
31.7113 0.00131236 0.00131236 2 4 3
31.7113 0.00131203 0.00131203 2 4 3
31.7113 0.00131171 0.00131171 2 4 3
31.7113 0.00131138 0.00131138 2 4 3
31.7113 0.00131106 0.00131106 2 4 3
31.7113 0.00131073 0.00131073 2 4 3
31.7113 0.00131041 0.00131041 2 4 3
31.7113 0.00131008 0.00131008 2 4 3
31.7113 0.00130976 0.00130976 2 4 3
31.7113 0.00130943 0.00130943 2 4 3
31.7113 0.00130911 0.00130911 2 4 3
31.7113 0.00130879 0.00130879 2 4 3
31.7113 0.00130846 0.00130846 2 4 3
31.7113 0.00130814 0.00130814 2 4 3
31.7113 0.00130782 0.00130782 2 4 3
31.7113 0.00130749 0.00130749 2 4 3
31.7113 0.00130717 0.00130717 2 4 3
31.7113 0.00130685 0.00130685 2 4 3
31.7113 0.00130652 0.00130652 2 4 3
31.7113 0.0013062 0.0013062 2 4 3
31.7113 0.00130588 0.00130588 2 4 3
31.7113 0.00130556 0.00130556 2 4 3
31.7113 0.00130524 0.00130524 2 4 3
31.7113 0.00130491 0.00130491 2 4 3
31.7113 0.00130459 0.00130459 2 4 3
31.7113 0.00130427 0.00130427 2 4 3
31.7113 0.00130395 0.00130395 2 4 3
31.7113 0.00130363 0.00130363 2 4 3
31.7113 0.00130331 0.00130331 2 4 3
31.7113 0.00130299 0.00130299 2 4 3
31.7113 0.00130267 0.00130267 2 4 3
31.7113 0.00130234 0.00130234 2 4 3
31.7113 0.00130202 0.00130202 2 4 3
31.7113 0.0013017 0.0013017 2 4 3
31.7113 0.00130138 0.00130138 2 4 3
31.7113 0.00130106 0.00130106 2 4 3
31.7113 0.00130074 0.00130074 2 4 3
31.7113 0.00130042 0.00130042 2 4 3
31.7113 0.0013001 0.0013001 2 4 3
31.7113 0.00129979 0.00129979 2 4 3
31.7113 0.00129947 0.00129947 2 4 3
31.7113 0.00129915 0.00129915 2 4 3
31.7113 0.00129883 0.00129883 2 4 3
31.7113 0.00129851 0.00129851 2 4 3
31.7113 0.00129819 0.00129819 2 4 3
31.7113 0.00129787 0.00129787 2 4 3
31.7113 0.00129755 0.00129755 2 4 3
31.7113 0.00129724 0.00129724 2 4 3
31.7113 0.00129692 0.00129692 2 4 3
31.7113 0.0012966 0.0012966 2 4 3
31.7113 0.00129628 0.00129628 2 4 3
31.7113 0.00129597 0.00129597 2 4 3
31.7113 0.00129565 0.00129565 2 4 3
31.7113 0.00129533 0.00129533 2 4 3
31.7113 0.00129501 0.00129501 2 4 3
31.7113 0.0012947 0.0012947 2 4 3
31.7113 0.00129438 0.00129438 2 4 3
31.7113 0.00129406 0.00129406 2 4 3
31.7113 0.00129375 0.00129375 2 4 3
31.7113 0.00129343 0.00129343 2 4 3
31.7113 0.00129312 0.00129312 2 4 3
31.7113 0.0012928 0.0012928 2 4 3
31.7113 0.00129248 0.00129248 2 4 3
31.7113 0.00129217 0.00129217 2 4 3
31.7113 0.00129185 0.00129185 2 4 3
31.7113 0.00129154 0.00129154 2 4 3
31.7113 0.00129122 0.00129122 2 4 3
31.7113 0.00129091 0.00129091 2 4 3
31.7113 0.00129059 0.00129059 2 4 3
31.7113 0.00129028 0.00129028 2 4 3
31.7113 0.00128996 0.00128996 2 4 3
31.7113 0.00128965 0.00128965 2 4 3
31.7113 0.00128933 0.00128933 2 4 3
31.7113 0.00128902 0.00128902 2 4 3
31.7113 0.00128871 0.00128871 2 4 3
31.7113 0.00128839 0.00128839 2 4 3
31.7113 0.00128808 0.00128808 2 4 3
31.7113 0.00128777 0.00128777 2 4 3
31.7113 0.00128745 0.00128745 2 4 3
31.7113 0.00128714 0.00128714 2 4 3
31.7113 0.00128683 0.00128683 2 4 3
31.7113 0.00128651 0.00128651 2 4 3
31.7113 0.0012862 0.0012862 2 4 3
31.7113 0.00128589 0.00128589 2 4 3
31.7113 0.00128558 0.00128558 2 4 3
31.7113 0.00128526 0.00128526 2 4 3
31.7113 0.00128495 0.00128495 2 4 3
31.7113 0.00128464 0.00128464 2 4 3
31.7113 0.00128433 0.00128433 2 4 3
31.7113 0.00128402 0.00128402 2 4 3
31.7113 0.0012837 0.0012837 2 4 3
31.7113 0.00128339 0.00128339 2 4 3
31.7113 0.00128308 0.00128308 2 4 3
31.7113 0.00128277 0.00128277 2 4 3
31.7113 0.00128246 0.00128246 2 4 3
31.7113 0.00128215 0.00128215 2 4 3
31.7113 0.00128184 0.00128184 2 4 3
31.7113 0.00128153 0.00128153 2 4 3
31.7113 0.00128122 0.00128122 2 4 3
31.7113 0.00128091 0.00128091 2 4 3
31.7113 0.0012806 0.0012806 2 4 3
31.7113 0.00128029 0.00128029 2 4 3
31.7113 0.00127998 0.00127998 2 4 3
31.7113 0.00127967 0.00127967 2 4 3
31.7113 0.00127936 0.00127936 2 4 3
31.7113 0.00127905 0.00127905 2 4 3
31.7113 0.00127874 0.00127874 2 4 3
31.7113 0.00127843 0.00127843 2 4 3
31.7113 0.00127812 0.00127812 2 4 3
31.7113 0.00127781 0.00127781 2 4 3
31.7113 0.00127751 0.00127751 2 4 3
31.7113 0.0012772 0.0012772 2 4 3
31.7113 0.00127689 0.00127689 2 4 3
31.7113 0.00127658 0.00127658 2 4 3
31.7113 0.00127627 0.00127627 2 4 3
31.7113 0.00127597 0.00127597 2 4 3
31.7113 0.00127566 0.00127566 2 4 3
31.7113 0.00127535 0.00127535 2 4 3
31.7113 0.00127504 0.00127504 2 4 3
31.7113 0.00127474 0.00127474 2 4 3
31.7113 0.00127443 0.00127443 2 4 3
31.7113 0.00127412 0.00127412 2 4 3
31.7113 0.00127382 0.00127382 2 4 3
31.7113 0.00127351 0.00127351 2 4 3
31.7113 0.0012732 0.0012732 2 4 3
31.7113 0.0012729 0.0012729 2 4 3
31.7113 0.00127259 0.00127259 2 4 3
31.7113 0.00127228 0.00127228 2 4 3
31.7113 0.00127198 0.00127198 2 4 3
31.7113 0.00127167 0.00127167 2 4 3
31.7113 0.00127137 0.00127137 2 4 3
31.7113 0.00127106 0.00127106 2 4 3
31.7113 0.00127076 0.00127076 2 4 3
31.7113 0.00127045 0.00127045 2 4 3
31.7113 0.00127015 0.00127015 2 4 3
31.7113 0.00126984 0.00126984 2 4 3
31.7113 0.00126954 0.00126954 2 4 3
31.7113 0.00126923 0.00126923 2 4 3
31.7113 0.00126893 0.00126893 2 4 3
31.7113 0.00126862 0.00126862 2 4 3
31.7113 0.00126832 0.00126832 2 4 3
31.7113 0.00126802 0.00126802 2 4 3
31.7113 0.00126771 0.00126771 2 4 3
31.7113 0.00126741 0.00126741 2 4 3
31.7113 0.00126711 0.00126711 2 4 3
31.7113 0.0012668 0.0012668 2 4 3
31.7113 0.0012665 0.0012665 2 4 3
31.7113 0.0012662 0.0012662 2 4 3
31.7113 0.00126589 0.00126589 2 4 3
31.7113 0.00126559 0.00126559 2 4 3
31.7113 0.00126529 0.00126529 2 4 3
31.7113 0.00126499 0.00126499 2 4 3
31.7113 0.00126468 0.00126468 2 4 3
31.7113 0.00126438 0.00126438 2 4 3
31.7113 0.00126408 0.00126408 2 4 3
31.7113 0.00126378 0.00126378 2 4 3
31.7113 0.00126347 0.00126347 2 4 3
31.7113 0.00126317 0.00126317 2 4 3
31.7113 0.00126287 0.00126287 2 4 3
31.7113 0.00126257 0.00126257 2 4 3
31.7113 0.00126227 0.00126227 2 4 3
31.7113 0.00126197 0.00126197 2 4 3
31.7113 0.00126167 0.00126167 2 4 3
31.7113 0.00126137 0.00126137 2 4 3
31.7113 0.00126107 0.00126107 2 4 3
31.7113 0.00126077 0.00126077 2 4 3
31.7113 0.00126047 0.00126047 2 4 3
31.7113 0.00126017 0.00126017 2 4 3
31.7113 0.00125987 0.00125987 2 4 3
31.7113 0.00125957 0.00125957 2 4 3
31.7113 0.00125927 0.00125927 2 4 3
31.7113 0.00125897 0.00125897 2 4 3
31.7113 0.00125867 0.00125867 2 4 3
31.7113 0.00125837 0.00125837 2 4 3
31.7113 0.00125807 0.00125807 2 4 3
31.7113 0.00125777 0.00125777 2 4 3
31.7113 0.00125747 0.00125747 2 4 3
31.7113 0.00125717 0.00125717 2 4 3
31.7113 0.00125687 0.00125687 2 4 3
31.7113 0.00125657 0.00125657 2 4 3
31.7113 0.00125628 0.00125628 2 4 3
31.7113 0.00125598 0.00125598 2 4 3
31.7113 0.00125568 0.00125568 2 4 3
31.7113 0.00125538 0.00125538 2 4 3
31.7113 0.00125508 0.00125508 2 4 3
31.7113 0.00125479 0.00125479 2 4 3
31.7113 0.00125449 0.00125449 2 4 3
31.7113 0.00125419 0.00125419 2 4 3
31.7113 0.00125389 0.00125389 2 4 3
31.7113 0.0012536 0.0012536 2 4 3
31.7113 0.0012533 0.0012533 2 4 3
31.7113 0.001253 0.001253 2 4 3
31.7113 0.00125271 0.00125271 2 4 3
31.7113 0.00125241 0.00125241 2 4 3
31.7113 0.00125211 0.00125211 2 4 3
31.7113 0.00125182 0.00125182 2 4 3
31.7113 0.00125152 0.00125152 2 4 3
31.7113 0.00125123 0.00125123 2 4 3
31.7113 0.00125093 0.00125093 2 4 3
31.7113 0.00125063 0.00125063 2 4 3
31.7113 0.00125034 0.00125034 2 4 3
31.7113 0.00125004 0.00125004 2 4 3
31.7113 0.00124975 0.00124975 2 4 3
31.7113 0.00124945 0.00124945 2 4 3
31.7113 0.00124916 0.00124916 2 4 3
31.7113 0.00124886 0.00124886 2 4 3
31.7113 0.00124857 0.00124857 2 4 3
31.7113 0.00124827 0.00124827 2 4 3
31.7113 0.00124798 0.00124798 2 4 3
31.7113 0.00124769 0.00124769 2 4 3
31.7113 0.00124739 0.00124739 2 4 3
31.7113 0.0012471 0.0012471 2 4 3
31.7113 0.0012468 0.0012468 2 4 3
31.7113 0.00124651 0.00124651 2 4 3
31.7113 0.00124622 0.00124622 2 4 3
31.7113 0.00124592 0.00124592 2 4 3
31.7113 0.00124563 0.00124563 2 4 3
31.7113 0.00124534 0.00124534 2 4 3
31.7113 0.00124504 0.00124504 2 4 3
31.7113 0.00124475 0.00124475 2 4 3
31.7113 0.00124446 0.00124446 2 4 3
31.7113 0.00124417 0.00124417 2 4 3
31.7113 0.00124387 0.00124387 2 4 3
31.7113 0.00124358 0.00124358 2 4 3
31.7113 0.00124329 0.00124329 2 4 3
31.7113 0.001243 0.001243 2 4 3
31.7113 0.0012427 0.0012427 2 4 3
31.7113 0.00124241 0.00124241 2 4 3
31.7113 0.00124212 0.00124212 2 4 3
31.7113 0.00124183 0.00124183 2 4 3
31.7113 0.00124154 0.00124154 2 4 3
31.7113 0.00124125 0.00124125 2 4 3
31.7113 0.00124096 0.00124096 2 4 3
31.7113 0.00124067 0.00124067 2 4 3
31.7113 0.00124037 0.00124037 2 4 3
31.7113 0.00124008 0.00124008 2 4 3
31.7113 0.00123979 0.00123979 2 4 3
31.7113 0.0012395 0.0012395 2 4 3
31.7113 0.00123921 0.00123921 2 4 3
31.7113 0.00123892 0.00123892 2 4 3
31.7113 0.00123863 0.00123863 2 4 3
31.7113 0.00123834 0.00123834 2 4 3
31.7113 0.00123805 0.00123805 2 4 3
31.7113 0.00123776 0.00123776 2 4 3
31.7113 0.00123747 0.00123747 2 4 3
31.7113 0.00123718 0.00123718 2 4 3
31.7113 0.0012369 0.0012369 2 4 3
31.7113 0.00123661 0.00123661 2 4 3
31.7113 0.00123632 0.00123632 2 4 3
31.7113 0.00123603 0.00123603 2 4 3
31.7113 0.00123574 0.00123574 2 4 3
31.7113 0.00123545 0.00123545 2 4 3
31.7113 0.00123516 0.00123516 2 4 3
31.7113 0.00123487 0.00123487 2 4 3
31.7113 0.00123459 0.00123459 2 4 3
31.7113 0.0012343 0.0012343 2 4 3
31.7113 0.00123401 0.00123401 2 4 3
31.7113 0.00123372 0.00123372 2 4 3
31.7113 0.00123344 0.00123344 2 4 3
31.7113 0.00123315 0.00123315 2 4 3
31.7113 0.00123286 0.00123286 2 4 3
31.7113 0.00123257 0.00123257 2 4 3
31.7113 0.00123229 0.00123229 2 4 3
31.7113 0.001232 0.001232 2 4 3
31.7113 0.00123171 0.00123171 2 4 3
31.7113 0.00123143 0.00123143 2 4 3
31.7113 0.00123114 0.00123114 2 4 3
31.7113 0.00123085 0.00123085 2 4 3
31.7113 0.00123057 0.00123057 2 4 3
31.7113 0.00123028 0.00123028 2 4 3
31.7113 0.00123 0.00123 2 4 3
31.7113 0.00122971 0.00122971 2 4 3
31.7113 0.00122942 0.00122942 2 4 3
31.7113 0.00122914 0.00122914 2 4 3
31.7113 0.00122885 0.00122885 2 4 3
31.7113 0.00122857 0.00122857 2 4 3
31.7113 0.00122828 0.00122828 2 4 3
31.7113 0.001228 0.001228 2 4 3
31.7113 0.00122771 0.00122771 2 4 3
31.7113 0.00122743 0.00122743 2 4 3
31.7113 0.00122714 0.00122714 2 4 3
31.7113 0.00122686 0.00122686 2 4 3
31.7113 0.00122657 0.00122657 2 4 3
31.7113 0.00122629 0.00122629 2 4 3
31.7113 0.00122601 0.00122601 2 4 3
31.7113 0.00122572 0.00122572 2 4 3
31.7113 0.00122544 0.00122544 2 4 3
31.7113 0.00122515 0.00122515 2 4 3
31.7113 0.00122487 0.00122487 2 4 3
31.7113 0.00122459 0.00122459 2 4 3
31.7113 0.0012243 0.0012243 2 4 3
31.7113 0.00122402 0.00122402 2 4 3
31.7113 0.00122374 0.00122374 2 4 3
31.7113 0.00122345 0.00122345 2 4 3
31.7113 0.00122317 0.00122317 2 4 3
31.7113 0.00122289 0.00122289 2 4 3
31.7113 0.00122261 0.00122261 2 4 3
31.7113 0.00122232 0.00122232 2 4 3
31.7113 0.00122204 0.00122204 2 4 3
31.7113 0.00122176 0.00122176 2 4 3
31.7113 0.00122148 0.00122148 2 4 3
31.7113 0.0012212 0.0012212 2 4 3
31.7113 0.00122091 0.00122091 2 4 3
31.7113 0.00122063 0.00122063 2 4 3
31.7113 0.00122035 0.00122035 2 4 3
31.7113 0.00122007 0.00122007 2 4 3
31.7113 0.00121979 0.00121979 2 4 3
31.7113 0.00121951 0.00121951 2 4 3
31.7113 0.00121923 0.00121923 2 4 3
31.7113 0.00121895 0.00121895 2 4 3
31.7113 0.00121866 0.00121866 2 4 3
31.7113 0.00121838 0.00121838 2 4 3
31.7113 0.0012181 0.0012181 2 4 3
31.7113 0.00121782 0.00121782 2 4 3
31.7113 0.00121754 0.00121754 2 4 3
31.7113 0.00121726 0.00121726 2 4 3
31.7113 0.00121698 0.00121698 2 4 3
31.7113 0.0012167 0.0012167 2 4 3
31.7113 0.00121642 0.00121642 2 4 3
31.7113 0.00121614 0.00121614 2 4 3
31.7113 0.00121586 0.00121586 2 4 3
31.7113 0.00121558 0.00121558 2 4 3
31.7113 0.00121531 0.00121531 2 4 3
31.7113 0.00121503 0.00121503 2 4 3
31.7113 0.00121475 0.00121475 2 4 3
31.7113 0.00121447 0.00121447 2 4 3
31.7113 0.00121419 0.00121419 2 4 3
31.7113 0.00121391 0.00121391 2 4 3
31.7113 0.00121363 0.00121363 2 4 3
31.7113 0.00121336 0.00121336 2 4 3
31.7113 0.00121308 0.00121308 2 4 3
31.7113 0.0012128 0.0012128 2 4 3
31.7113 0.00121252 0.00121252 2 4 3
31.7113 0.00121224 0.00121224 2 4 3
31.7113 0.00121197 0.00121197 2 4 3
31.7113 0.00121169 0.00121169 2 4 3
31.7113 0.00121141 0.00121141 2 4 3
31.7113 0.00121113 0.00121113 2 4 3
31.7113 0.00121086 0.00121086 2 4 3
31.7113 0.00121058 0.00121058 2 4 3
31.7113 0.0012103 0.0012103 2 4 3
31.7113 0.00121003 0.00121003 2 4 3
31.7113 0.00120975 0.00120975 2 4 3
31.7113 0.00120947 0.00120947 2 4 3
31.7113 0.0012092 0.0012092 2 4 3
31.7113 0.00120892 0.00120892 2 4 3
31.7113 0.00120864 0.00120864 2 4 3
31.7113 0.00120837 0.00120837 2 4 3
31.7113 0.00120809 0.00120809 2 4 3
31.7113 0.00120782 0.00120782 2 4 3
31.7113 0.00120754 0.00120754 2 4 3
31.7113 0.00120727 0.00120727 2 4 3
31.7113 0.00120699 0.00120699 2 4 3
31.7113 0.00120671 0.00120671 2 4 3
31.7113 0.00120644 0.00120644 2 4 3
31.7113 0.00120616 0.00120616 2 4 3
31.7113 0.00120589 0.00120589 2 4 3
31.7113 0.00120561 0.00120561 2 4 3
31.7113 0.00120534 0.00120534 2 4 3
31.7113 0.00120507 0.00120507 2 4 3
31.7113 0.00120479 0.00120479 2 4 3
31.7113 0.00120452 0.00120452 2 4 3
31.7113 0.00120424 0.00120424 2 4 3
31.7113 0.00120397 0.00120397 2 4 3
31.7113 0.00120369 0.00120369 2 4 3
31.7113 0.00120342 0.00120342 2 4 3
31.7113 0.00120315 0.00120315 2 4 3
31.7113 0.00120287 0.00120287 2 4 3
31.7113 0.0012026 0.0012026 2 4 3
31.7113 0.00120233 0.00120233 2 4 3
31.7113 0.00120205 0.00120205 2 4 3
31.7113 0.00120178 0.00120178 2 4 3
31.7113 0.00120151 0.00120151 2 4 3
31.7113 0.00120124 0.00120124 2 4 3
31.7113 0.00120096 0.00120096 2 4 3
31.7113 0.00120069 0.00120069 2 4 3
31.7113 0.00120042 0.00120042 2 4 3
31.7113 0.00120015 0.00120015 2 4 3
31.7113 0.00119987 0.00119987 2 4 3
31.7113 0.0011996 0.0011996 2 4 3
31.7113 0.00119933 0.00119933 2 4 3
31.7113 0.00119906 0.00119906 2 4 3
31.7113 0.00119879 0.00119879 2 4 3
31.7113 0.00119852 0.00119852 2 4 3
31.7113 0.00119824 0.00119824 2 4 3
31.7113 0.00119797 0.00119797 2 4 3
31.7113 0.0011977 0.0011977 2 4 3
31.7113 0.00119743 0.00119743 2 4 3
31.7113 0.00119716 0.00119716 2 4 3
31.7113 0.00119689 0.00119689 2 4 3
31.7113 0.00119662 0.00119662 2 4 3
31.7113 0.00119635 0.00119635 2 4 3
31.7113 0.00119608 0.00119608 2 4 3
31.7113 0.00119581 0.00119581 2 4 3
31.7113 0.00119554 0.00119554 2 4 3
31.7113 0.00119527 0.00119527 2 4 3
31.7113 0.001195 0.001195 2 4 3
31.7113 0.00119473 0.00119473 2 4 3
31.7113 0.00119446 0.00119446 2 4 3
31.7113 0.00119419 0.00119419 2 4 3
31.7113 0.00119392 0.00119392 2 4 3
31.7113 0.00119365 0.00119365 2 4 3
31.7113 0.00119338 0.00119338 2 4 3
31.7113 0.00119311 0.00119311 2 4 3
31.7113 0.00119284 0.00119284 2 4 3
31.7113 0.00119257 0.00119257 2 4 3
31.7113 0.0011923 0.0011923 2 4 3
31.7113 0.00119204 0.00119204 2 4 3
31.7113 0.00119177 0.00119177 2 4 3
31.7113 0.0011915 0.0011915 2 4 3
31.7113 0.00119123 0.00119123 2 4 3
31.7113 0.00119096 0.00119096 2 4 3
31.7113 0.00119069 0.00119069 2 4 3
31.7113 0.00119043 0.00119043 2 4 3
31.7113 0.00119016 0.00119016 2 4 3
31.7113 0.00118989 0.00118989 2 4 3
31.7113 0.00118962 0.00118962 2 4 3
31.7113 0.00118936 0.00118936 2 4 3
31.7113 0.00118909 0.00118909 2 4 3
31.7113 0.00118882 0.00118882 2 4 3
31.7113 0.00118855 0.00118855 2 4 3
31.7113 0.00118829 0.00118829 2 4 3
31.7113 0.00118802 0.00118802 2 4 3
31.7113 0.00118775 0.00118775 2 4 3
31.7113 0.00118749 0.00118749 2 4 3
31.7113 0.00118722 0.00118722 2 4 3
31.7113 0.00118696 0.00118696 2 4 3
31.7113 0.00118669 0.00118669 2 4 3
31.7113 0.00118642 0.00118642 2 4 3
31.7113 0.00118616 0.00118616 2 4 3
31.7113 0.00118589 0.00118589 2 4 3
31.7113 0.00118563 0.00118563 2 4 3
31.7113 0.00118536 0.00118536 2 4 3
31.7113 0.00118509 0.00118509 2 4 3
31.7113 0.00118483 0.00118483 2 4 3
31.7113 0.00118456 0.00118456 2 4 3
31.7113 0.0011843 0.0011843 2 4 3
31.7113 0.00118403 0.00118403 2 4 3
31.7113 0.00118377 0.00118377 2 4 3
31.7113 0.0011835 0.0011835 2 4 3
31.7113 0.00118324 0.00118324 2 4 3
31.7113 0.00118297 0.00118297 2 4 3
31.7113 0.00118271 0.00118271 2 4 3
31.7113 0.00118245 0.00118245 2 4 3
31.7113 0.00118218 0.00118218 2 4 3
31.7113 0.00118192 0.00118192 2 4 3
31.7113 0.00118165 0.00118165 2 4 3
31.7113 0.00118139 0.00118139 2 4 3
31.7113 0.00118113 0.00118113 2 4 3
31.7113 0.00118086 0.00118086 2 4 3
31.7113 0.0011806 0.0011806 2 4 3
31.7113 0.00118034 0.00118034 2 4 3
31.7113 0.00118007 0.00118007 2 4 3
31.7113 0.00117981 0.00117981 2 4 3
31.7113 0.00117955 0.00117955 2 4 3
31.7113 0.00117928 0.00117928 2 4 3
31.7113 0.00117902 0.00117902 2 4 3
31.7113 0.00117876 0.00117876 2 4 3
31.7113 0.0011785 0.0011785 2 4 3
31.7113 0.00117823 0.00117823 2 4 3
31.7113 0.00117797 0.00117797 2 4 3
31.7113 0.00117771 0.00117771 2 4 3
31.7113 0.00117745 0.00117745 2 4 3
31.7113 0.00117719 0.00117719 2 4 3
31.7113 0.00117692 0.00117692 2 4 3
31.7113 0.00117666 0.00117666 2 4 3
31.7113 0.0011764 0.0011764 2 4 3
31.7113 0.00117614 0.00117614 2 4 3
31.7113 0.00117588 0.00117588 2 4 3
31.7113 0.00117562 0.00117562 2 4 3
31.7113 0.00117535 0.00117535 2 4 3
31.7113 0.00117509 0.00117509 2 4 3
31.7113 0.00117483 0.00117483 2 4 3
31.7113 0.00117457 0.00117457 2 4 3
31.7113 0.00117431 0.00117431 2 4 3
31.7113 0.00117405 0.00117405 2 4 3
31.7113 0.00117379 0.00117379 2 4 3
31.7113 0.00117353 0.00117353 2 4 3
31.7113 0.00117327 0.00117327 2 4 3
31.7113 0.00117301 0.00117301 2 4 3
31.7113 0.00117275 0.00117275 2 4 3
31.7113 0.00117249 0.00117249 2 4 3
31.7113 0.00117223 0.00117223 2 4 3
31.7113 0.00117197 0.00117197 2 4 3
31.7113 0.00117171 0.00117171 2 4 3
31.7113 0.00117145 0.00117145 2 4 3
31.7113 0.00117119 0.00117119 2 4 3
31.7113 0.00117093 0.00117093 2 4 3
31.7113 0.00117067 0.00117067 2 4 3
31.7113 0.00117042 0.00117042 2 4 3
31.7113 0.00117016 0.00117016 2 4 3
31.7113 0.0011699 0.0011699 2 4 3
31.7113 0.00116964 0.00116964 2 4 3
31.7113 0.00116938 0.00116938 2 4 3
31.7113 0.00116912 0.00116912 2 4 3
31.7113 0.00116886 0.00116886 2 4 3
31.7113 0.00116861 0.00116861 2 4 3
31.7113 0.00116835 0.00116835 2 4 3
31.7113 0.00116809 0.00116809 2 4 3
31.7113 0.00116783 0.00116783 2 4 3
31.7113 0.00116757 0.00116757 2 4 3
31.7113 0.00116732 0.00116732 2 4 3
31.7113 0.00116706 0.00116706 2 4 3
31.7113 0.0011668 0.0011668 2 4 3
31.7113 0.00116655 0.00116655 2 4 3
31.7113 0.00116629 0.00116629 2 4 3
31.7113 0.00116603 0.00116603 2 4 3
31.7113 0.00116577 0.00116577 2 4 3
31.7113 0.00116552 0.00116552 2 4 3
31.7113 0.00116526 0.00116526 2 4 3
31.7113 0.001165 0.001165 2 4 3
31.7113 0.00116475 0.00116475 2 4 3
31.7113 0.00116449 0.00116449 2 4 3
31.7113 0.00116424 0.00116424 2 4 3
31.7113 0.00116398 0.00116398 2 4 3
31.7113 0.00116372 0.00116372 2 4 3
31.7113 0.00116347 0.00116347 2 4 3
31.7113 0.00116321 0.00116321 2 4 3
31.7113 0.00116296 0.00116296 2 4 3
31.7113 0.0011627 0.0011627 2 4 3
31.7113 0.00116245 0.00116245 2 4 3
31.7113 0.00116219 0.00116219 2 4 3
31.7113 0.00116193 0.00116193 2 4 3
31.7113 0.00116168 0.00116168 2 4 3
31.7113 0.00116142 0.00116142 2 4 3
31.7113 0.00116117 0.00116117 2 4 3
31.7113 0.00116091 0.00116091 2 4 3
31.7113 0.00116066 0.00116066 2 4 3
31.7113 0.00116041 0.00116041 2 4 3
31.7113 0.00116015 0.00116015 2 4 3
31.7113 0.0011599 0.0011599 2 4 3
31.7113 0.00115964 0.00115964 2 4 3
31.7113 0.00115939 0.00115939 2 4 3
31.7113 0.00115913 0.00115913 2 4 3
31.7113 0.00115888 0.00115888 2 4 3
31.7113 0.00115863 0.00115863 2 4 3
31.7113 0.00115837 0.00115837 2 4 3
31.7113 0.00115812 0.00115812 2 4 3
31.7113 0.00115787 0.00115787 2 4 3
31.7113 0.00115761 0.00115761 2 4 3
31.7113 0.00115736 0.00115736 2 4 3
31.7113 0.00115711 0.00115711 2 4 3
31.7113 0.00115685 0.00115685 2 4 3
31.7113 0.0011566 0.0011566 2 4 3
31.7113 0.00115635 0.00115635 2 4 3
31.7113 0.0011561 0.0011561 2 4 3
31.7113 0.00115584 0.00115584 2 4 3
31.7113 0.00115559 0.00115559 2 4 3
31.7113 0.00115534 0.00115534 2 4 3
31.7113 0.00115509 0.00115509 2 4 3
31.7113 0.00115483 0.00115483 2 4 3
31.7113 0.00115458 0.00115458 2 4 3
31.7113 0.00115433 0.00115433 2 4 3
31.7113 0.00115408 0.00115408 2 4 3
31.7113 0.00115383 0.00115383 2 4 3
31.7113 0.00115358 0.00115358 2 4 3
31.7113 0.00115332 0.00115332 2 4 3
31.7113 0.00115307 0.00115307 2 4 3
31.7113 0.00115282 0.00115282 2 4 3
31.7113 0.00115257 0.00115257 2 4 3
31.7113 0.00115232 0.00115232 2 4 3
31.7113 0.00115207 0.00115207 2 4 3
31.7113 0.00115182 0.00115182 2 4 3
31.7113 0.00115157 0.00115157 2 4 3
31.7113 0.00115132 0.00115132 2 4 3
31.7113 0.00115107 0.00115107 2 4 3
31.7113 0.00115082 0.00115082 2 4 3
31.7113 0.00115057 0.00115057 2 4 3
31.7113 0.00115032 0.00115032 2 4 3
31.7113 0.00115007 0.00115007 2 4 3
31.7113 0.00114982 0.00114982 2 4 3
31.7113 0.00114957 0.00114957 2 4 3
31.7113 0.00114932 0.00114932 2 4 3
31.7113 0.00114907 0.00114907 2 4 3
31.7113 0.00114882 0.00114882 2 4 3
31.7113 0.00114857 0.00114857 2 4 3
31.7113 0.00114832 0.00114832 2 4 3
31.7113 0.00114807 0.00114807 2 4 3
31.7113 0.00114782 0.00114782 2 4 3
31.7113 0.00114757 0.00114757 2 4 3
31.7113 0.00114732 0.00114732 2 4 3
31.7113 0.00114707 0.00114707 2 4 3
31.7113 0.00114683 0.00114683 2 4 3
31.7113 0.00114658 0.00114658 2 4 3
31.7113 0.00114633 0.00114633 2 4 3
31.7113 0.00114608 0.00114608 2 4 3
31.7113 0.00114583 0.00114583 2 4 3
31.7113 0.00114558 0.00114558 2 4 3
31.7113 0.00114534 0.00114534 2 4 3
31.7113 0.00114509 0.00114509 2 4 3
31.7113 0.00114484 0.00114484 2 4 3
31.7113 0.00114459 0.00114459 2 4 3
31.7113 0.00114435 0.00114435 2 4 3
31.7113 0.0011441 0.0011441 2 4 3
31.7113 0.00114385 0.00114385 2 4 3
31.7113 0.0011436 0.0011436 2 4 3
31.7113 0.00114336 0.00114336 2 4 3
31.7113 0.00114311 0.00114311 2 4 3
31.7113 0.00114286 0.00114286 2 4 3
31.7113 0.00114262 0.00114262 2 4 3
31.7113 0.00114237 0.00114237 2 4 3
31.7113 0.00114212 0.00114212 2 4 3
31.7113 0.00114188 0.00114188 2 4 3
31.7113 0.00114163 0.00114163 2 4 3
31.7113 0.00114138 0.00114138 2 4 3
31.7113 0.00114114 0.00114114 2 4 3
31.7113 0.00114089 0.00114089 2 4 3
31.7113 0.00114065 0.00114065 2 4 3
31.7113 0.0011404 0.0011404 2 4 3
31.7113 0.00114015 0.00114015 2 4 3
31.7113 0.00113991 0.00113991 2 4 3
31.7113 0.00113966 0.00113966 2 4 3
31.7113 0.00113942 0.00113942 2 4 3
31.7113 0.00113917 0.00113917 2 4 3
31.7113 0.00113893 0.00113893 2 4 3
31.7113 0.00113868 0.00113868 2 4 3
31.7113 0.00113844 0.00113844 2 4 3
31.7113 0.00113819 0.00113819 2 4 3
31.7113 0.00113795 0.00113795 2 4 3
31.7113 0.0011377 0.0011377 2 4 3
31.7113 0.00113746 0.00113746 2 4 3
31.7113 0.00113721 0.00113721 2 4 3
31.7113 0.00113697 0.00113697 2 4 3
31.7113 0.00113672 0.00113672 2 4 3
31.7113 0.00113648 0.00113648 2 4 3
31.7113 0.00113624 0.00113624 2 4 3
31.7113 0.00113599 0.00113599 2 4 3
31.7113 0.00113575 0.00113575 2 4 3
31.7113 0.00113551 0.00113551 2 4 3
31.7113 0.00113526 0.00113526 2 4 3
31.7113 0.00113502 0.00113502 2 4 3
31.7113 0.00113477 0.00113477 2 4 3
31.7113 0.00113453 0.00113453 2 4 3
31.7113 0.00113429 0.00113429 2 4 3
31.7113 0.00113405 0.00113405 2 4 3
31.7113 0.0011338 0.0011338 2 4 3
31.7113 0.00113356 0.00113356 2 4 3
31.7113 0.00113332 0.00113332 2 4 3
31.7113 0.00113307 0.00113307 2 4 3
31.7113 0.00113283 0.00113283 2 4 3
31.7113 0.00113259 0.00113259 2 4 3
31.7113 0.00113235 0.00113235 2 4 3
31.7113 0.0011321 0.0011321 2 4 3
31.7113 0.00113186 0.00113186 2 4 3
31.7113 0.00113162 0.00113162 2 4 3
31.7113 0.00113138 0.00113138 2 4 3
31.7113 0.00113114 0.00113114 2 4 3
31.7113 0.00113089 0.00113089 2 4 3
31.7113 0.00113065 0.00113065 2 4 3
31.7113 0.00113041 0.00113041 2 4 3
31.7113 0.00113017 0.00113017 2 4 3
31.7113 0.00112993 0.00112993 2 4 3
31.7113 0.00112969 0.00112969 2 4 3
31.7113 0.00112945 0.00112945 2 4 3
31.7113 0.00112921 0.00112921 2 4 3
31.7113 0.00112896 0.00112896 2 4 3
31.7113 0.00112872 0.00112872 2 4 3
31.7113 0.00112848 0.00112848 2 4 3
31.7113 0.00112824 0.00112824 2 4 3
31.7113 0.001128 0.001128 2 4 3
31.7113 0.00112776 0.00112776 2 4 3
31.7113 0.00112752 0.00112752 2 4 3
31.7113 0.00112728 0.00112728 2 4 3
31.7113 0.00112704 0.00112704 2 4 3
31.7113 0.0011268 0.0011268 2 4 3
31.7113 0.00112656 0.00112656 2 4 3
31.7113 0.00112632 0.00112632 2 4 3
31.7113 0.00112608 0.00112608 2 4 3
31.7113 0.00112584 0.00112584 2 4 3
31.7113 0.0011256 0.0011256 2 4 3
31.7113 0.00112536 0.00112536 2 4 3
31.7113 0.00112512 0.00112512 2 4 3
31.7113 0.00112488 0.00112488 2 4 3
31.7113 0.00112465 0.00112465 2 4 3
31.7113 0.00112441 0.00112441 2 4 3
31.7113 0.00112417 0.00112417 2 4 3
31.7113 0.00112393 0.00112393 2 4 3
31.7113 0.00112369 0.00112369 2 4 3
31.7113 0.00112345 0.00112345 2 4 3
31.7113 0.00112321 0.00112321 2 4 3
31.7113 0.00112297 0.00112297 2 4 3
31.7113 0.00112274 0.00112274 2 4 3
31.7113 0.0011225 0.0011225 2 4 3
31.7113 0.00112226 0.00112226 2 4 3
31.7113 0.00112202 0.00112202 2 4 3
31.7113 0.00112178 0.00112178 2 4 3
31.7113 0.00112155 0.00112155 2 4 3
31.7113 0.00112131 0.00112131 2 4 3
31.7113 0.00112107 0.00112107 2 4 3
31.7113 0.00112083 0.00112083 2 4 3
31.7113 0.0011206 0.0011206 2 4 3
31.7113 0.00112036 0.00112036 2 4 3
31.7113 0.00112012 0.00112012 2 4 3
31.7113 0.00111989 0.00111989 2 4 3
31.7113 0.00111965 0.00111965 2 4 3
31.7113 0.00111941 0.00111941 2 4 3
31.7113 0.00111917 0.00111917 2 4 3
31.7113 0.00111894 0.00111894 2 4 3
31.7113 0.0011187 0.0011187 2 4 3
31.7113 0.00111846 0.00111846 2 4 3
31.7113 0.00111823 0.00111823 2 4 3
31.7113 0.00111799 0.00111799 2 4 3
31.7113 0.00111776 0.00111776 2 4 3
31.7113 0.00111752 0.00111752 2 4 3
31.7113 0.00111728 0.00111728 2 4 3
31.7113 0.00111705 0.00111705 2 4 3
31.7113 0.00111681 0.00111681 2 4 3
31.7113 0.00111658 0.00111658 2 4 3
31.7113 0.00111634 0.00111634 2 4 3
31.7113 0.00111611 0.00111611 2 4 3
31.7113 0.00111587 0.00111587 2 4 3
31.7113 0.00111564 0.00111564 2 4 3
31.7113 0.0011154 0.0011154 2 4 3
31.7113 0.00111517 0.00111517 2 4 3
31.7113 0.00111493 0.00111493 2 4 3
31.7113 0.0011147 0.0011147 2 4 3
31.7113 0.00111446 0.00111446 2 4 3
31.7113 0.00111423 0.00111423 2 4 3
31.7113 0.00111399 0.00111399 2 4 3
31.7113 0.00111376 0.00111376 2 4 3
31.7113 0.00111352 0.00111352 2 4 3
31.7113 0.00111329 0.00111329 2 4 3
31.7113 0.00111305 0.00111305 2 4 3
31.7113 0.00111282 0.00111282 2 4 3
31.7113 0.00111259 0.00111259 2 4 3
31.7113 0.00111235 0.00111235 2 4 3
31.7113 0.00111212 0.00111212 2 4 3
31.7113 0.00111188 0.00111188 2 4 3
31.7113 0.00111165 0.00111165 2 4 3
31.7113 0.00111142 0.00111142 2 4 3
31.7113 0.00111118 0.00111118 2 4 3
31.7113 0.00111095 0.00111095 2 4 3
31.7113 0.00111072 0.00111072 2 4 3
31.7113 0.00111048 0.00111048 2 4 3
31.7113 0.00111025 0.00111025 2 4 3
31.7113 0.00111002 0.00111002 2 4 3
31.7113 0.00110979 0.00110979 2 4 3
31.7113 0.00110955 0.00110955 2 4 3
31.7113 0.00110932 0.00110932 2 4 3
31.7113 0.00110909 0.00110909 2 4 3
31.7113 0.00110886 0.00110886 2 4 3
31.7113 0.00110862 0.00110862 2 4 3
31.7113 0.00110839 0.00110839 2 4 3
31.7113 0.00110816 0.00110816 2 4 3
31.7113 0.00110793 0.00110793 2 4 3
31.7113 0.0011077 0.0011077 2 4 3
31.7113 0.00110746 0.00110746 2 4 3
31.7113 0.00110723 0.00110723 2 4 3
31.7113 0.001107 0.001107 2 4 3
31.7113 0.00110677 0.00110677 2 4 3
31.7113 0.00110654 0.00110654 2 4 3
31.7113 0.00110631 0.00110631 2 4 3
31.7113 0.00110607 0.00110607 2 4 3
31.7113 0.00110584 0.00110584 2 4 3
31.7113 0.00110561 0.00110561 2 4 3
31.7113 0.00110538 0.00110538 2 4 3
31.7113 0.00110515 0.00110515 2 4 3
31.7113 0.00110492 0.00110492 2 4 3
31.7113 0.00110469 0.00110469 2 4 3
31.7113 0.00110446 0.00110446 2 4 3
31.7113 0.00110423 0.00110423 2 4 3
31.7113 0.001104 0.001104 2 4 3
31.7113 0.00110377 0.00110377 2 4 3
31.7113 0.00110354 0.00110354 2 4 3
31.7113 0.00110331 0.00110331 2 4 3
31.7113 0.00110308 0.00110308 2 4 3
31.7113 0.00110285 0.00110285 2 4 3
31.7113 0.00110262 0.00110262 2 4 3
31.7113 0.00110239 0.00110239 2 4 3
31.7113 0.00110216 0.00110216 2 4 3
31.7113 0.00110193 0.00110193 2 4 3
31.7113 0.0011017 0.0011017 2 4 3
31.7113 0.00110147 0.00110147 2 4 3
31.7113 0.00110124 0.00110124 2 4 3
31.7113 0.00110101 0.00110101 2 4 3
31.7113 0.00110078 0.00110078 2 4 3
31.7113 0.00110055 0.00110055 2 4 3
31.7113 0.00110032 0.00110032 2 4 3
31.7113 0.0011001 0.0011001 2 4 3
31.7113 0.00109987 0.00109987 2 4 3
31.7113 0.00109964 0.00109964 2 4 3
31.7113 0.00109941 0.00109941 2 4 3
31.7113 0.00109918 0.00109918 2 4 3
31.7113 0.00109895 0.00109895 2 4 3
31.7113 0.00109873 0.00109873 2 4 3
31.7113 0.0010985 0.0010985 2 4 3
31.7113 0.00109827 0.00109827 2 4 3
31.7113 0.00109804 0.00109804 2 4 3
31.7113 0.00109781 0.00109781 2 4 3
31.7113 0.00109759 0.00109759 2 4 3
31.7113 0.00109736 0.00109736 2 4 3
31.7113 0.00109713 0.00109713 2 4 3
31.7113 0.0010969 0.0010969 2 4 3
31.7113 0.00109668 0.00109668 2 4 3
31.7113 0.00109645 0.00109645 2 4 3
31.7113 0.00109622 0.00109622 2 4 3
31.7113 0.00109599 0.00109599 2 4 3
31.7113 0.00109577 0.00109577 2 4 3
31.7113 0.00109554 0.00109554 2 4 3
31.7113 0.00109531 0.00109531 2 4 3
31.7113 0.00109509 0.00109509 2 4 3
31.7113 0.00109486 0.00109486 2 4 3
31.7113 0.00109463 0.00109463 2 4 3
31.7113 0.00109441 0.00109441 2 4 3
31.7113 0.00109418 0.00109418 2 4 3
31.7113 0.00109396 0.00109396 2 4 3
31.7113 0.00109373 0.00109373 2 4 3
31.7113 0.0010935 0.0010935 2 4 3
31.7113 0.00109328 0.00109328 2 4 3
31.7113 0.00109305 0.00109305 2 4 3
31.7113 0.00109283 0.00109283 2 4 3
31.7113 0.0010926 0.0010926 2 4 3
31.7113 0.00109237 0.00109237 2 4 3
31.7113 0.00109215 0.00109215 2 4 3
31.7113 0.00109192 0.00109192 2 4 3
31.7113 0.0010917 0.0010917 2 4 3
31.7113 0.00109147 0.00109147 2 4 3
31.7113 0.00109125 0.00109125 2 4 3
31.7113 0.00109102 0.00109102 2 4 3
31.7113 0.0010908 0.0010908 2 4 3
31.7113 0.00109057 0.00109057 2 4 3
31.7113 0.00109035 0.00109035 2 4 3
31.7113 0.00109012 0.00109012 2 4 3
31.7113 0.0010899 0.0010899 2 4 3
31.7113 0.00108968 0.00108968 2 4 3
31.7113 0.00108945 0.00108945 2 4 3
31.7113 0.00108923 0.00108923 2 4 3
31.7113 0.001089 0.001089 2 4 3
31.7113 0.00108878 0.00108878 2 4 3
31.7113 0.00108855 0.00108855 2 4 3
31.7113 0.00108833 0.00108833 2 4 3
31.7113 0.00108811 0.00108811 2 4 3
31.7113 0.00108788 0.00108788 2 4 3
31.7113 0.00108766 0.00108766 2 4 3
31.7113 0.00108744 0.00108744 2 4 3
31.7113 0.00108721 0.00108721 2 4 3
31.7113 0.00108699 0.00108699 2 4 3
31.7113 0.00108677 0.00108677 2 4 3
31.7113 0.00108654 0.00108654 2 4 3
31.7113 0.00108632 0.00108632 2 4 3
31.7113 0.0010861 0.0010861 2 4 3
31.7113 0.00108587 0.00108587 2 4 3
31.7113 0.00108565 0.00108565 2 4 3
31.7113 0.00108543 0.00108543 2 4 3
31.7113 0.00108521 0.00108521 2 4 3
31.7113 0.00108498 0.00108498 2 4 3
31.7113 0.00108476 0.00108476 2 4 3
31.7113 0.00108454 0.00108454 2 4 3
31.7113 0.00108432 0.00108432 2 4 3
31.7113 0.00108409 0.00108409 2 4 3
31.7113 0.00108387 0.00108387 2 4 3
31.7113 0.00108365 0.00108365 2 4 3
31.7113 0.00108343 0.00108343 2 4 3
31.7113 0.00108321 0.00108321 2 4 3
31.7113 0.00108298 0.00108298 2 4 3
31.7113 0.00108276 0.00108276 2 4 3
31.7113 0.00108254 0.00108254 2 4 3
31.7113 0.00108232 0.00108232 2 4 3
31.7113 0.0010821 0.0010821 2 4 3
31.7113 0.00108188 0.00108188 2 4 3
31.7113 0.00108166 0.00108166 2 4 3
31.7113 0.00108144 0.00108144 2 4 3
31.7113 0.00108121 0.00108121 2 4 3
31.7113 0.00108099 0.00108099 2 4 3
31.7113 0.00108077 0.00108077 2 4 3
31.7113 0.00108055 0.00108055 2 4 3
31.7113 0.00108033 0.00108033 2 4 3
31.7113 0.00108011 0.00108011 2 4 3
31.7113 0.00107989 0.00107989 2 4 3
31.7113 0.00107967 0.00107967 2 4 3
31.7113 0.00107945 0.00107945 2 4 3
31.7113 0.00107923 0.00107923 2 4 3
31.7113 0.00107901 0.00107901 2 4 3
31.7113 0.00107879 0.00107879 2 4 3
31.7113 0.00107857 0.00107857 2 4 3
31.7113 0.00107835 0.00107835 2 4 3
31.7113 0.00107813 0.00107813 2 4 3
31.7113 0.00107791 0.00107791 2 4 3
31.7113 0.00107769 0.00107769 2 4 3
31.7113 0.00107747 0.00107747 2 4 3
31.7113 0.00107725 0.00107725 2 4 3
31.7113 0.00107703 0.00107703 2 4 3
31.7113 0.00107681 0.00107681 2 4 3
31.7113 0.00107659 0.00107659 2 4 3
31.7113 0.00107638 0.00107638 2 4 3
31.7113 0.00107616 0.00107616 2 4 3
31.7113 0.00107594 0.00107594 2 4 3
31.7113 0.00107572 0.00107572 2 4 3
31.7113 0.0010755 0.0010755 2 4 3
31.7113 0.00107528 0.00107528 2 4 3
31.7113 0.00107506 0.00107506 2 4 3
31.7113 0.00107485 0.00107485 2 4 3
31.7113 0.00107463 0.00107463 2 4 3
31.7113 0.00107441 0.00107441 2 4 3
31.7113 0.00107419 0.00107419 2 4 3
31.7113 0.00107397 0.00107397 2 4 3
31.7113 0.00107376 0.00107376 2 4 3
31.7113 0.00107354 0.00107354 2 4 3
31.7113 0.00107332 0.00107332 2 4 3
31.7113 0.0010731 0.0010731 2 4 3
31.7113 0.00107288 0.00107288 2 4 3
31.7113 0.00107267 0.00107267 2 4 3
31.7113 0.00107245 0.00107245 2 4 3
31.7113 0.00107223 0.00107223 2 4 3
31.7113 0.00107201 0.00107201 2 4 3
31.7113 0.0010718 0.0010718 2 4 3
31.7113 0.00107158 0.00107158 2 4 3
31.7113 0.00107136 0.00107136 2 4 3
31.7113 0.00107115 0.00107115 2 4 3
31.7113 0.00107093 0.00107093 2 4 3
31.7113 0.00107071 0.00107071 2 4 3
31.7113 0.0010705 0.0010705 2 4 3
31.7113 0.00107028 0.00107028 2 4 3
31.7113 0.00107006 0.00107006 2 4 3
31.7113 0.00106985 0.00106985 2 4 3
31.7113 0.00106963 0.00106963 2 4 3
31.7113 0.00106942 0.00106942 2 4 3
31.7113 0.0010692 0.0010692 2 4 3
31.7113 0.00106898 0.00106898 2 4 3
31.7113 0.00106877 0.00106877 2 4 3
31.7113 0.00106855 0.00106855 2 4 3
31.7113 0.00106834 0.00106834 2 4 3
31.7113 0.00106812 0.00106812 2 4 3
31.7113 0.0010679 0.0010679 2 4 3
31.7113 0.00106769 0.00106769 2 4 3
31.7113 0.00106747 0.00106747 2 4 3
31.7113 0.00106726 0.00106726 2 4 3
31.7113 0.00106704 0.00106704 2 4 3
31.7113 0.00106683 0.00106683 2 4 3
31.7113 0.00106661 0.00106661 2 4 3
31.7113 0.0010664 0.0010664 2 4 3
31.7113 0.00106618 0.00106618 2 4 3
31.7113 0.00106597 0.00106597 2 4 3
31.7113 0.00106575 0.00106575 2 4 3
31.7113 0.00106554 0.00106554 2 4 3
31.7113 0.00106532 0.00106532 2 4 3
31.7113 0.00106511 0.00106511 2 4 3
31.7113 0.0010649 0.0010649 2 4 3
31.7113 0.00106468 0.00106468 2 4 3
31.7113 0.00106447 0.00106447 2 4 3
31.7113 0.00106425 0.00106425 2 4 3
31.7113 0.00106404 0.00106404 2 4 3
31.7113 0.00106383 0.00106383 2 4 3
31.7113 0.00106361 0.00106361 2 4 3
31.7113 0.0010634 0.0010634 2 4 3
31.7113 0.00106318 0.00106318 2 4 3
31.7113 0.00106297 0.00106297 2 4 3
31.7113 0.00106276 0.00106276 2 4 3
31.7113 0.00106254 0.00106254 2 4 3
31.7113 0.00106233 0.00106233 2 4 3
31.7113 0.00106212 0.00106212 2 4 3
31.7113 0.0010619 0.0010619 2 4 3
31.7113 0.00106169 0.00106169 2 4 3
31.7113 0.00106148 0.00106148 2 4 3
31.7113 0.00106126 0.00106126 2 4 3
31.7113 0.00106105 0.00106105 2 4 3
31.7113 0.00106084 0.00106084 2 4 3
31.7113 0.00106063 0.00106063 2 4 3
31.7113 0.00106041 0.00106041 2 4 3
31.7113 0.0010602 0.0010602 2 4 3
31.7113 0.00105999 0.00105999 2 4 3
31.7113 0.00105978 0.00105978 2 4 3
31.7113 0.00105956 0.00105956 2 4 3
31.7113 0.00105935 0.00105935 2 4 3
31.7113 0.00105914 0.00105914 2 4 3
31.7113 0.00105893 0.00105893 2 4 3
31.7113 0.00105872 0.00105872 2 4 3
31.7113 0.00105851 0.00105851 2 4 3
31.7113 0.00105829 0.00105829 2 4 3
31.7113 0.00105808 0.00105808 2 4 3
31.7113 0.00105787 0.00105787 2 4 3
31.7113 0.00105766 0.00105766 2 4 3
31.7113 0.00105745 0.00105745 2 4 3
31.7113 0.00105724 0.00105724 2 4 3
31.7113 0.00105703 0.00105703 2 4 3
31.7113 0.00105681 0.00105681 2 4 3
31.7113 0.0010566 0.0010566 2 4 3
31.7113 0.00105639 0.00105639 2 4 3
31.7113 0.00105618 0.00105618 2 4 3
31.7113 0.00105597 0.00105597 2 4 3
31.7113 0.00105576 0.00105576 2 4 3
31.7113 0.00105555 0.00105555 2 4 3
31.7113 0.00105534 0.00105534 2 4 3
31.7113 0.00105513 0.00105513 2 4 3
31.7113 0.00105492 0.00105492 2 4 3
31.7113 0.00105471 0.00105471 2 4 3
31.7113 0.0010545 0.0010545 2 4 3
31.7113 0.00105429 0.00105429 2 4 3
31.7113 0.00105408 0.00105408 2 4 3
31.7113 0.00105387 0.00105387 2 4 3
31.7113 0.00105366 0.00105366 2 4 3
31.7113 0.00105345 0.00105345 2 4 3
31.7113 0.00105324 0.00105324 2 4 3
31.7113 0.00105303 0.00105303 2 4 3
31.7113 0.00105282 0.00105282 2 4 3
31.7113 0.00105261 0.00105261 2 4 3
31.7113 0.0010524 0.0010524 2 4 3
31.7113 0.00105219 0.00105219 2 4 3
31.7113 0.00105198 0.00105198 2 4 3
31.7113 0.00105177 0.00105177 2 4 3
31.7113 0.00105156 0.00105156 2 4 3
31.7113 0.00105135 0.00105135 2 4 3
31.7113 0.00105115 0.00105115 2 4 3
31.7113 0.00105094 0.00105094 2 4 3
31.7113 0.00105073 0.00105073 2 4 3
31.7113 0.00105052 0.00105052 2 4 3
31.7113 0.00105031 0.00105031 2 4 3
31.7113 0.0010501 0.0010501 2 4 3
31.7113 0.00104989 0.00104989 2 4 3
31.7113 0.00104969 0.00104969 2 4 3
31.7113 0.00104948 0.00104948 2 4 3
31.7113 0.00104927 0.00104927 2 4 3
31.7113 0.00104906 0.00104906 2 4 3
31.7113 0.00104885 0.00104885 2 4 3
31.7113 0.00104865 0.00104865 2 4 3
31.7113 0.00104844 0.00104844 2 4 3
31.7113 0.00104823 0.00104823 2 4 3
31.7113 0.00104802 0.00104802 2 4 3
31.7113 0.00104782 0.00104782 2 4 3
31.7113 0.00104761 0.00104761 2 4 3
31.7113 0.0010474 0.0010474 2 4 3
31.7113 0.00104719 0.00104719 2 4 3
31.7113 0.00104699 0.00104699 2 4 3
31.7113 0.00104678 0.00104678 2 4 3
31.7113 0.00104657 0.00104657 2 4 3
31.7113 0.00104637 0.00104637 2 4 3
31.7113 0.00104616 0.00104616 2 4 3
31.7113 0.00104595 0.00104595 2 4 3
31.7113 0.00104574 0.00104574 2 4 3
31.7113 0.00104554 0.00104554 2 4 3
31.7113 0.00104533 0.00104533 2 4 3
31.7113 0.00104513 0.00104513 2 4 3
31.7113 0.00104492 0.00104492 2 4 3
31.7113 0.00104471 0.00104471 2 4 3
31.7113 0.00104451 0.00104451 2 4 3
31.7113 0.0010443 0.0010443 2 4 3
31.7113 0.00104409 0.00104409 2 4 3
31.7113 0.00104389 0.00104389 2 4 3
31.7113 0.00104368 0.00104368 2 4 3
31.7113 0.00104348 0.00104348 2 4 3
31.7113 0.00104327 0.00104327 2 4 3
31.7113 0.00104307 0.00104307 2 4 3
31.7113 0.00104286 0.00104286 2 4 3
31.7113 0.00104265 0.00104265 2 4 3
31.7113 0.00104245 0.00104245 2 4 3
31.7113 0.00104224 0.00104224 2 4 3
31.7113 0.00104204 0.00104204 2 4 3
31.7113 0.00104183 0.00104183 2 4 3
31.7113 0.00104163 0.00104163 2 4 3
31.7113 0.00104142 0.00104142 2 4 3
31.7113 0.00104122 0.00104122 2 4 3
31.7113 0.00104101 0.00104101 2 4 3
31.7113 0.00104081 0.00104081 2 4 3
31.7113 0.0010406 0.0010406 2 4 3
31.7113 0.0010404 0.0010404 2 4 3
31.7113 0.00104019 0.00104019 2 4 3
31.7113 0.00103999 0.00103999 2 4 3
31.7113 0.00103979 0.00103979 2 4 3
31.7113 0.00103958 0.00103958 2 4 3
31.7113 0.00103938 0.00103938 2 4 3
31.7113 0.00103917 0.00103917 2 4 3
31.7113 0.00103897 0.00103897 2 4 3
31.7113 0.00103877 0.00103877 2 4 3
31.7113 0.00103856 0.00103856 2 4 3
31.7113 0.00103836 0.00103836 2 4 3
31.7113 0.00103815 0.00103815 2 4 3
31.7113 0.00103795 0.00103795 2 4 3
31.7113 0.00103775 0.00103775 2 4 3
31.7113 0.00103754 0.00103754 2 4 3
31.7113 0.00103734 0.00103734 2 4 3
31.7113 0.00103714 0.00103714 2 4 3
31.7113 0.00103693 0.00103693 2 4 3
31.7113 0.00103673 0.00103673 2 4 3
31.7113 0.00103653 0.00103653 2 4 3
31.7113 0.00103632 0.00103632 2 4 3
31.7113 0.00103612 0.00103612 2 4 3
31.7113 0.00103592 0.00103592 2 4 3
31.7113 0.00103572 0.00103572 2 4 3
31.7113 0.00103551 0.00103551 2 4 3
31.7113 0.00103531 0.00103531 2 4 3
31.7113 0.00103511 0.00103511 2 4 3
31.7113 0.00103491 0.00103491 2 4 3
31.7113 0.0010347 0.0010347 2 4 3
31.7113 0.0010345 0.0010345 2 4 3
31.7113 0.0010343 0.0010343 2 4 3
31.7113 0.0010341 0.0010341 2 4 3
31.7113 0.00103389 0.00103389 2 4 3
31.7113 0.00103369 0.00103369 2 4 3
31.7113 0.00103349 0.00103349 2 4 3
31.7113 0.00103329 0.00103329 2 4 3
31.7113 0.00103309 0.00103309 2 4 3
31.7113 0.00103289 0.00103289 2 4 3
31.7113 0.00103268 0.00103268 2 4 3
31.7113 0.00103248 0.00103248 2 4 3
31.7113 0.00103228 0.00103228 2 4 3
31.7113 0.00103208 0.00103208 2 4 3
31.7113 0.00103188 0.00103188 2 4 3
31.7113 0.00103168 0.00103168 2 4 3
31.7113 0.00103148 0.00103148 2 4 3
31.7113 0.00103127 0.00103127 2 4 3
31.7113 0.00103107 0.00103107 2 4 3
31.7113 0.00103087 0.00103087 2 4 3
31.7113 0.00103067 0.00103067 2 4 3
31.7113 0.00103047 0.00103047 2 4 3
31.7113 0.00103027 0.00103027 2 4 3
31.7113 0.00103007 0.00103007 2 4 3
31.7113 0.00102987 0.00102987 2 4 3
31.7113 0.00102967 0.00102967 2 4 3
31.7113 0.00102947 0.00102947 2 4 3
31.7113 0.00102927 0.00102927 2 4 3
31.7113 0.00102907 0.00102907 2 4 3
31.7113 0.00102887 0.00102887 2 4 3
31.7113 0.00102867 0.00102867 2 4 3
31.7113 0.00102847 0.00102847 2 4 3
31.7113 0.00102827 0.00102827 2 4 3
31.7113 0.00102807 0.00102807 2 4 3
31.7113 0.00102787 0.00102787 2 4 3
31.7113 0.00102767 0.00102767 2 4 3
31.7113 0.00102747 0.00102747 2 4 3
31.7113 0.00102727 0.00102727 2 4 3
31.7113 0.00102707 0.00102707 2 4 3
31.7113 0.00102687 0.00102687 2 4 3
31.7113 0.00102667 0.00102667 2 4 3
31.7113 0.00102647 0.00102647 2 4 3
31.7113 0.00102627 0.00102627 2 4 3
31.7113 0.00102608 0.00102608 2 4 3
31.7113 0.00102588 0.00102588 2 4 3
31.7113 0.00102568 0.00102568 2 4 3
31.7113 0.00102548 0.00102548 2 4 3
31.7113 0.00102528 0.00102528 2 4 3
31.7113 0.00102508 0.00102508 2 4 3
31.7113 0.00102488 0.00102488 2 4 3
31.7113 0.00102468 0.00102468 2 4 3
31.7113 0.00102449 0.00102449 2 4 3
31.7113 0.00102429 0.00102429 2 4 3
31.7113 0.00102409 0.00102409 2 4 3
31.7113 0.00102389 0.00102389 2 4 3
31.7113 0.00102369 0.00102369 2 4 3
31.7113 0.0010235 0.0010235 2 4 3
31.7113 0.0010233 0.0010233 2 4 3
31.7113 0.0010231 0.0010231 2 4 3
31.7113 0.0010229 0.0010229 2 4 3
31.7113 0.0010227 0.0010227 2 4 3
31.7113 0.00102251 0.00102251 2 4 3
31.7113 0.00102231 0.00102231 2 4 3
31.7113 0.00102211 0.00102211 2 4 3
31.7113 0.00102191 0.00102191 2 4 3
31.7113 0.00102172 0.00102172 2 4 3
31.7113 0.00102152 0.00102152 2 4 3
31.7113 0.00102132 0.00102132 2 4 3
31.7113 0.00102113 0.00102113 2 4 3
31.7113 0.00102093 0.00102093 2 4 3
31.7113 0.00102073 0.00102073 2 4 3
31.7113 0.00102053 0.00102053 2 4 3
31.7113 0.00102034 0.00102034 2 4 3
31.7113 0.00102014 0.00102014 2 4 3
31.7113 0.00101994 0.00101994 2 4 3
31.7113 0.00101975 0.00101975 2 4 3
31.7113 0.00101955 0.00101955 2 4 3
31.7113 0.00101936 0.00101936 2 4 3
31.7113 0.00101916 0.00101916 2 4 3
31.7113 0.00101896 0.00101896 2 4 3
31.7113 0.00101877 0.00101877 2 4 3
31.7113 0.00101857 0.00101857 2 4 3
31.7113 0.00101837 0.00101837 2 4 3
31.7113 0.00101818 0.00101818 2 4 3
31.7113 0.00101798 0.00101798 2 4 3
31.7113 0.00101779 0.00101779 2 4 3
31.7113 0.00101759 0.00101759 2 4 3
31.7113 0.0010174 0.0010174 2 4 3
31.7113 0.0010172 0.0010172 2 4 3
31.7113 0.001017 0.001017 2 4 3
31.7113 0.00101681 0.00101681 2 4 3
31.7113 0.00101661 0.00101661 2 4 3
31.7113 0.00101642 0.00101642 2 4 3
31.7113 0.00101622 0.00101622 2 4 3
31.7113 0.00101603 0.00101603 2 4 3
31.7113 0.00101583 0.00101583 2 4 3
31.7113 0.00101564 0.00101564 2 4 3
31.7113 0.00101544 0.00101544 2 4 3
31.7113 0.00101525 0.00101525 2 4 3
31.7113 0.00101505 0.00101505 2 4 3
31.7113 0.00101486 0.00101486 2 4 3
31.7113 0.00101466 0.00101466 2 4 3
31.7113 0.00101447 0.00101447 2 4 3
31.7113 0.00101428 0.00101428 2 4 3
31.7113 0.00101408 0.00101408 2 4 3
31.7113 0.00101389 0.00101389 2 4 3
31.7113 0.00101369 0.00101369 2 4 3
31.7113 0.0010135 0.0010135 2 4 3
31.7113 0.0010133 0.0010133 2 4 3
31.7113 0.00101311 0.00101311 2 4 3
31.7113 0.00101292 0.00101292 2 4 3
31.7113 0.00101272 0.00101272 2 4 3
31.7113 0.00101253 0.00101253 2 4 3
31.7113 0.00101234 0.00101234 2 4 3
31.7113 0.00101214 0.00101214 2 4 3
31.7113 0.00101195 0.00101195 2 4 3
31.7113 0.00101175 0.00101175 2 4 3
31.7113 0.00101156 0.00101156 2 4 3
31.7113 0.00101137 0.00101137 2 4 3
31.7113 0.00101117 0.00101117 2 4 3
31.7113 0.00101098 0.00101098 2 4 3
31.7113 0.00101079 0.00101079 2 4 3
31.7113 0.00101059 0.00101059 2 4 3
31.7113 0.0010104 0.0010104 2 4 3
31.7113 0.00101021 0.00101021 2 4 3
31.7113 0.00101002 0.00101002 2 4 3
31.7113 0.00100982 0.00100982 2 4 3
31.7113 0.00100963 0.00100963 2 4 3
31.7113 0.00100944 0.00100944 2 4 3
31.7113 0.00100925 0.00100925 2 4 3
31.7113 0.00100905 0.00100905 2 4 3
31.7113 0.00100886 0.00100886 2 4 3
31.7113 0.00100867 0.00100867 2 4 3
31.7113 0.00100848 0.00100848 2 4 3
31.7113 0.00100828 0.00100828 2 4 3
31.7113 0.00100809 0.00100809 2 4 3
31.7113 0.0010079 0.0010079 2 4 3
31.7113 0.00100771 0.00100771 2 4 3
31.7113 0.00100752 0.00100752 2 4 3
31.7113 0.00100732 0.00100732 2 4 3
31.7113 0.00100713 0.00100713 2 4 3
31.7113 0.00100694 0.00100694 2 4 3
31.7113 0.00100675 0.00100675 2 4 3
31.7113 0.00100656 0.00100656 2 4 3
31.7113 0.00100637 0.00100637 2 4 3
31.7113 0.00100618 0.00100618 2 4 3
31.7113 0.00100598 0.00100598 2 4 3
31.7113 0.00100579 0.00100579 2 4 3
31.7113 0.0010056 0.0010056 2 4 3
31.7113 0.00100541 0.00100541 2 4 3
31.7113 0.00100522 0.00100522 2 4 3
31.7113 0.00100503 0.00100503 2 4 3
31.7113 0.00100484 0.00100484 2 4 3
31.7113 0.00100465 0.00100465 2 4 3
31.7113 0.00100446 0.00100446 2 4 3
31.7113 0.00100427 0.00100427 2 4 3
31.7113 0.00100408 0.00100408 2 4 3
31.7113 0.00100388 0.00100388 2 4 3
31.7113 0.00100369 0.00100369 2 4 3
31.7113 0.0010035 0.0010035 2 4 3
31.7113 0.00100331 0.00100331 2 4 3
31.7113 0.00100312 0.00100312 2 4 3
31.7113 0.00100293 0.00100293 2 4 3
31.7113 0.00100274 0.00100274 2 4 3
31.7113 0.00100255 0.00100255 2 4 3
31.7113 0.00100236 0.00100236 2 4 3
31.7113 0.00100217 0.00100217 2 4 3
31.7113 0.00100198 0.00100198 2 4 3
31.7113 0.00100179 0.00100179 2 4 3
31.7113 0.0010016 0.0010016 2 4 3
31.7113 0.00100142 0.00100142 2 4 3
31.7113 0.00100123 0.00100123 2 4 3
31.7113 0.00100104 0.00100104 2 4 3
31.7113 0.00100085 0.00100085 2 4 3
31.7113 0.00100066 0.00100066 2 4 3
31.7113 0.00100047 0.00100047 2 4 3
31.7113 0.00100028 0.00100028 2 4 3
31.7113 0.00100009 0.00100009 2 4 3
31.7113 0.000999901 0.000999901 2 4 3
31.7113 0.000999712 0.000999712 2 4 3
31.7113 0.000999523 0.000999523 2 4 3
31.7113 0.000999335 0.000999335 2 4 3
31.7113 0.000999146 0.000999146 2 4 3
31.7113 0.000998957 0.000998957 2 4 3
31.7113 0.000998769 0.000998769 2 4 3
31.7113 0.00099858 0.00099858 2 4 3
31.7113 0.000998392 0.000998392 2 4 3
31.7113 0.000998204 0.000998204 2 4 3
31.7113 0.000998015 0.000998015 2 4 3
31.7113 0.000997827 0.000997827 2 4 3
31.7113 0.000997639 0.000997639 2 4 3
31.7113 0.000997451 0.000997451 2 4 3
31.7113 0.000997263 0.000997263 2 4 3
31.7113 0.000997075 0.000997075 2 4 3
31.7113 0.000996887 0.000996887 2 4 3
31.7113 0.0009967 0.0009967 2 4 3
31.7113 0.000996512 0.000996512 2 4 3
31.7113 0.000996324 0.000996324 2 4 3
31.7113 0.000996137 0.000996137 2 4 3
31.7113 0.000995949 0.000995949 2 4 3
31.7113 0.000995762 0.000995762 2 4 3
31.7113 0.000995574 0.000995574 2 4 3
31.7113 0.000995387 0.000995387 2 4 3
31.7113 0.0009952 0.0009952 2 4 3
31.7113 0.000995013 0.000995013 2 4 3
31.7113 0.000994826 0.000994826 2 4 3
31.7113 0.000994639 0.000994639 2 4 3
31.7113 0.000994452 0.000994452 2 4 3
31.7113 0.000994265 0.000994265 2 4 3
31.7113 0.000994078 0.000994078 2 4 3
31.7113 0.000993891 0.000993891 2 4 3
31.7113 0.000993705 0.000993705 2 4 3
31.7113 0.000993518 0.000993518 2 4 3
31.7113 0.000993332 0.000993332 2 4 3
31.7113 0.000993145 0.000993145 2 4 3
31.7113 0.000992959 0.000992959 2 4 3
31.7113 0.000992773 0.000992773 2 4 3
31.7113 0.000992586 0.000992586 2 4 3
31.7113 0.0009924 0.0009924 2 4 3
31.7113 0.000992214 0.000992214 2 4 3
31.7113 0.000992028 0.000992028 2 4 3
31.7113 0.000991842 0.000991842 2 4 3
31.7113 0.000991656 0.000991656 2 4 3
31.7113 0.000991471 0.000991471 2 4 3
31.7113 0.000991285 0.000991285 2 4 3
31.7113 0.000991099 0.000991099 2 4 3
31.7113 0.000990914 0.000990914 2 4 3
31.7113 0.000990728 0.000990728 2 4 3
31.7113 0.000990543 0.000990543 2 4 3
31.7113 0.000990357 0.000990357 2 4 3
31.7113 0.000990172 0.000990172 2 4 3
31.7113 0.000989987 0.000989987 2 4 3
31.7113 0.000989802 0.000989802 2 4 3
31.7113 0.000989616 0.000989616 2 4 3
31.7113 0.000989431 0.000989431 2 4 3
31.7113 0.000989246 0.000989246 2 4 3
31.7113 0.000989061 0.000989061 2 4 3
31.7113 0.000988877 0.000988877 2 4 3
31.7113 0.000988692 0.000988692 2 4 3
31.7113 0.000988507 0.000988507 2 4 3
31.7113 0.000988323 0.000988323 2 4 3
31.7113 0.000988138 0.000988138 2 4 3
31.7113 0.000987954 0.000987954 2 4 3
31.7113 0.000987769 0.000987769 2 4 3
31.7113 0.000987585 0.000987585 2 4 3
31.7113 0.0009874 0.0009874 2 4 3
31.7113 0.000987216 0.000987216 2 4 3
31.7113 0.000987032 0.000987032 2 4 3
31.7113 0.000986848 0.000986848 2 4 3
31.7113 0.000986664 0.000986664 2 4 3
31.7113 0.00098648 0.00098648 2 4 3
31.7113 0.000986296 0.000986296 2 4 3
31.7113 0.000986112 0.000986112 2 4 3
31.7113 0.000985929 0.000985929 2 4 3
31.7113 0.000985745 0.000985745 2 4 3
31.7113 0.000985561 0.000985561 2 4 3
31.7113 0.000985378 0.000985378 2 4 3
31.7113 0.000985194 0.000985194 2 4 3
31.7113 0.000985011 0.000985011 2 4 3
31.7113 0.000984828 0.000984828 2 4 3
31.7113 0.000984645 0.000984645 2 4 3
31.7113 0.000984461 0.000984461 2 4 3
31.7113 0.000984278 0.000984278 2 4 3
31.7113 0.000984095 0.000984095 2 4 3
31.7113 0.000983912 0.000983912 2 4 3
31.7113 0.000983729 0.000983729 2 4 3
31.7113 0.000983546 0.000983546 2 4 3
31.7113 0.000983364 0.000983364 2 4 3
31.7113 0.000983181 0.000983181 2 4 3
31.7113 0.000982998 0.000982998 2 4 3
31.7113 0.000982816 0.000982816 2 4 3
31.7113 0.000982633 0.000982633 2 4 3
31.7113 0.000982451 0.000982451 2 4 3
31.7113 0.000982268 0.000982268 2 4 3
31.7113 0.000982086 0.000982086 2 4 3
31.7113 0.000981904 0.000981904 2 4 3
31.7113 0.000981722 0.000981722 2 4 3
31.7113 0.00098154 0.00098154 2 4 3
31.7113 0.000981358 0.000981358 2 4 3
31.7113 0.000981176 0.000981176 2 4 3
31.7113 0.000980994 0.000980994 2 4 3
31.7113 0.000980812 0.000980812 2 4 3
31.7113 0.00098063 0.00098063 2 4 3
31.7113 0.000980448 0.000980448 2 4 3
31.7113 0.000980267 0.000980267 2 4 3
31.7113 0.000980085 0.000980085 2 4 3
31.7113 0.000979904 0.000979904 2 4 3
31.7113 0.000979722 0.000979722 2 4 3
31.7113 0.000979541 0.000979541 2 4 3
31.7113 0.00097936 0.00097936 2 4 3
31.7113 0.000979178 0.000979178 2 4 3
31.7113 0.000978997 0.000978997 2 4 3
31.7113 0.000978816 0.000978816 2 4 3
31.7113 0.000978635 0.000978635 2 4 3
31.7113 0.000978454 0.000978454 2 4 3
31.7113 0.000978273 0.000978273 2 4 3
31.7113 0.000978093 0.000978093 2 4 3
31.7113 0.000977912 0.000977912 2 4 3
31.7113 0.000977731 0.000977731 2 4 3
31.7113 0.000977551 0.000977551 2 4 3
31.7113 0.00097737 0.00097737 2 4 3
31.7113 0.000977189 0.000977189 2 4 3
31.7113 0.000977009 0.000977009 2 4 3
31.7113 0.000976829 0.000976829 2 4 3
31.7113 0.000976648 0.000976648 2 4 3
31.7113 0.000976468 0.000976468 2 4 3
31.7113 0.000976288 0.000976288 2 4 3
31.7113 0.000976108 0.000976108 2 4 3
31.7113 0.000975928 0.000975928 2 4 3
31.7113 0.000975748 0.000975748 2 4 3
31.7113 0.000975568 0.000975568 2 4 3
31.7113 0.000975388 0.000975388 2 4 3
31.7113 0.000975208 0.000975208 2 4 3
31.7113 0.000975029 0.000975029 2 4 3
31.7113 0.000974849 0.000974849 2 4 3
31.7113 0.00097467 0.00097467 2 4 3
31.7113 0.00097449 0.00097449 2 4 3
31.7113 0.000974311 0.000974311 2 4 3
31.7113 0.000974131 0.000974131 2 4 3
31.7113 0.000973952 0.000973952 2 4 3
31.7113 0.000973773 0.000973773 2 4 3
31.7113 0.000973594 0.000973594 2 4 3
31.7113 0.000973415 0.000973415 2 4 3
31.7113 0.000973236 0.000973236 2 4 3
31.7113 0.000973057 0.000973057 2 4 3
31.7113 0.000972878 0.000972878 2 4 3
31.7113 0.000972699 0.000972699 2 4 3
31.7113 0.00097252 0.00097252 2 4 3
31.7113 0.000972341 0.000972341 2 4 3
31.7113 0.000972163 0.000972163 2 4 3
31.7113 0.000971984 0.000971984 2 4 3
31.7113 0.000971806 0.000971806 2 4 3
31.7113 0.000971627 0.000971627 2 4 3
31.7113 0.000971449 0.000971449 2 4 3
31.7113 0.000971271 0.000971271 2 4 3
31.7113 0.000971092 0.000971092 2 4 3
31.7113 0.000970914 0.000970914 2 4 3
31.7113 0.000970736 0.000970736 2 4 3
31.7113 0.000970558 0.000970558 2 4 3
31.7113 0.00097038 0.00097038 2 4 3
31.7113 0.000970202 0.000970202 2 4 3
31.7113 0.000970024 0.000970024 2 4 3
31.7113 0.000969846 0.000969846 2 4 3
31.7113 0.000969669 0.000969669 2 4 3
31.7113 0.000969491 0.000969491 2 4 3
31.7113 0.000969313 0.000969313 2 4 3
31.7113 0.000969136 0.000969136 2 4 3
31.7113 0.000968958 0.000968958 2 4 3
31.7113 0.000968781 0.000968781 2 4 3
31.7113 0.000968604 0.000968604 2 4 3
31.7113 0.000968427 0.000968427 2 4 3
31.7113 0.000968249 0.000968249 2 4 3
31.7113 0.000968072 0.000968072 2 4 3
31.7113 0.000967895 0.000967895 2 4 3
31.7113 0.000967718 0.000967718 2 4 3
31.7113 0.000967541 0.000967541 2 4 3
31.7113 0.000967364 0.000967364 2 4 3
31.7113 0.000967187 0.000967187 2 4 3
31.7113 0.000967011 0.000967011 2 4 3
31.7113 0.000966834 0.000966834 2 4 3
31.7113 0.000966657 0.000966657 2 4 3
31.7113 0.000966481 0.000966481 2 4 3
31.7113 0.000966304 0.000966304 2 4 3
31.7113 0.000966128 0.000966128 2 4 3
31.7113 0.000965952 0.000965952 2 4 3
31.7113 0.000965775 0.000965775 2 4 3
31.7113 0.000965599 0.000965599 2 4 3
31.7113 0.000965423 0.000965423 2 4 3
31.7113 0.000965247 0.000965247 2 4 3
31.7113 0.000965071 0.000965071 2 4 3
31.7113 0.000964895 0.000964895 2 4 3
31.7113 0.000964719 0.000964719 2 4 3
31.7113 0.000964543 0.000964543 2 4 3
31.7113 0.000964367 0.000964367 2 4 3
31.7113 0.000964192 0.000964192 2 4 3
31.7113 0.000964016 0.000964016 2 4 3
31.7113 0.00096384 0.00096384 2 4 3
31.7113 0.000963665 0.000963665 2 4 3
31.7113 0.000963489 0.000963489 2 4 3
31.7113 0.000963314 0.000963314 2 4 3
31.7113 0.000963139 0.000963139 2 4 3
31.7113 0.000962963 0.000962963 2 4 3
31.7113 0.000962788 0.000962788 2 4 3
31.7113 0.000962613 0.000962613 2 4 3
31.7113 0.000962438 0.000962438 2 4 3
31.7113 0.000962263 0.000962263 2 4 3
31.7113 0.000962088 0.000962088 2 4 3
31.7113 0.000961913 0.000961913 2 4 3
31.7113 0.000961738 0.000961738 2 4 3
31.7113 0.000961563 0.000961563 2 4 3
31.7113 0.000961389 0.000961389 2 4 3
31.7113 0.000961214 0.000961214 2 4 3
31.7113 0.00096104 0.00096104 2 4 3
31.7113 0.000960865 0.000960865 2 4 3
31.7113 0.000960691 0.000960691 2 4 3
31.7113 0.000960516 0.000960516 2 4 3
31.7113 0.000960342 0.000960342 2 4 3
31.7113 0.000960168 0.000960168 2 4 3
31.7113 0.000959993 0.000959993 2 4 3
31.7113 0.000959819 0.000959819 2 4 3
31.7113 0.000959645 0.000959645 2 4 3
31.7113 0.000959471 0.000959471 2 4 3
31.7113 0.000959297 0.000959297 2 4 3
31.7113 0.000959123 0.000959123 2 4 3
31.7113 0.00095895 0.00095895 2 4 3
31.7113 0.000958776 0.000958776 2 4 3
31.7113 0.000958602 0.000958602 2 4 3
31.7113 0.000958429 0.000958429 2 4 3
31.7113 0.000958255 0.000958255 2 4 3
31.7113 0.000958082 0.000958082 2 4 3
31.7113 0.000957908 0.000957908 2 4 3
31.7113 0.000957735 0.000957735 2 4 3
31.7113 0.000957561 0.000957561 2 4 3
31.7113 0.000957388 0.000957388 2 4 3
31.7113 0.000957215 0.000957215 2 4 3
31.7113 0.000957042 0.000957042 2 4 3
31.7113 0.000956869 0.000956869 2 4 3
31.7113 0.000956696 0.000956696 2 4 3
31.7113 0.000956523 0.000956523 2 4 3
31.7113 0.00095635 0.00095635 2 4 3
31.7113 0.000956177 0.000956177 2 4 3
31.7113 0.000956004 0.000956004 2 4 3
31.7113 0.000955832 0.000955832 2 4 3
31.7113 0.000955659 0.000955659 2 4 3
31.7113 0.000955487 0.000955487 2 4 3
31.7113 0.000955314 0.000955314 2 4 3
31.7113 0.000955142 0.000955142 2 4 3
31.7113 0.000954969 0.000954969 2 4 3
31.7113 0.000954797 0.000954797 2 4 3
31.7113 0.000954625 0.000954625 2 4 3
31.7113 0.000954453 0.000954453 2 4 3
31.7113 0.00095428 0.00095428 2 4 3
31.7113 0.000954108 0.000954108 2 4 3
31.7113 0.000953936 0.000953936 2 4 3
31.7113 0.000953764 0.000953764 2 4 3
31.7113 0.000953593 0.000953593 2 4 3
31.7113 0.000953421 0.000953421 2 4 3
31.7113 0.000953249 0.000953249 2 4 3
31.7113 0.000953077 0.000953077 2 4 3
31.7113 0.000952906 0.000952906 2 4 3
31.7113 0.000952734 0.000952734 2 4 3
31.7113 0.000952563 0.000952563 2 4 3
31.7113 0.000952391 0.000952391 2 4 3
31.7113 0.00095222 0.00095222 2 4 3
31.7113 0.000952048 0.000952048 2 4 3
31.7113 0.000951877 0.000951877 2 4 3
31.7113 0.000951706 0.000951706 2 4 3
31.7113 0.000951535 0.000951535 2 4 3
31.7113 0.000951364 0.000951364 2 4 3
31.7113 0.000951193 0.000951193 2 4 3
31.7113 0.000951022 0.000951022 2 4 3
31.7113 0.000950851 0.000950851 2 4 3
31.7113 0.00095068 0.00095068 2 4 3
31.7113 0.000950509 0.000950509 2 4 3
31.7113 0.000950339 0.000950339 2 4 3
31.7113 0.000950168 0.000950168 2 4 3
31.7113 0.000949997 0.000949997 2 4 3
31.7113 0.000949827 0.000949827 2 4 3
31.7113 0.000949656 0.000949656 2 4 3
31.7113 0.000949486 0.000949486 2 4 3
31.7113 0.000949316 0.000949316 2 4 3
31.7113 0.000949145 0.000949145 2 4 3
31.7113 0.000948975 0.000948975 2 4 3
31.7113 0.000948805 0.000948805 2 4 3
31.7113 0.000948635 0.000948635 2 4 3
31.7113 0.000948465 0.000948465 2 4 3
31.7113 0.000948295 0.000948295 2 4 3
31.7113 0.000948125 0.000948125 2 4 3
31.7113 0.000947955 0.000947955 2 4 3
31.7113 0.000947785 0.000947785 2 4 3
31.7113 0.000947616 0.000947616 2 4 3
31.7113 0.000947446 0.000947446 2 4 3
31.7113 0.000947276 0.000947276 2 4 3
31.7113 0.000947107 0.000947107 2 4 3
31.7113 0.000946937 0.000946937 2 4 3
31.7113 0.000946768 0.000946768 2 4 3
31.7113 0.000946599 0.000946599 2 4 3
31.7113 0.000946429 0.000946429 2 4 3
31.7113 0.00094626 0.00094626 2 4 3
31.7113 0.000946091 0.000946091 2 4 3
31.7113 0.000945922 0.000945922 2 4 3
31.7113 0.000945753 0.000945753 2 4 3
31.7113 0.000945584 0.000945584 2 4 3
31.7113 0.000945415 0.000945415 2 4 3
31.7113 0.000945246 0.000945246 2 4 3
31.7113 0.000945077 0.000945077 2 4 3
31.7113 0.000944908 0.000944908 2 4 3
31.7113 0.00094474 0.00094474 2 4 3
31.7113 0.000944571 0.000944571 2 4 3
31.7113 0.000944402 0.000944402 2 4 3
31.7113 0.000944234 0.000944234 2 4 3
31.7113 0.000944065 0.000944065 2 4 3
31.7113 0.000943897 0.000943897 2 4 3
31.7113 0.000943729 0.000943729 2 4 3
31.7113 0.00094356 0.00094356 2 4 3
31.7113 0.000943392 0.000943392 2 4 3
31.7113 0.000943224 0.000943224 2 4 3
31.7113 0.000943056 0.000943056 2 4 3
31.7113 0.000942888 0.000942888 2 4 3
31.7113 0.00094272 0.00094272 2 4 3
31.7113 0.000942552 0.000942552 2 4 3
31.7113 0.000942384 0.000942384 2 4 3
31.7113 0.000942216 0.000942216 2 4 3
31.7113 0.000942049 0.000942049 2 4 3
31.7113 0.000941881 0.000941881 2 4 3
31.7113 0.000941713 0.000941713 2 4 3
31.7113 0.000941546 0.000941546 2 4 3
31.7113 0.000941378 0.000941378 2 4 3
31.7113 0.000941211 0.000941211 2 4 3
31.7113 0.000941043 0.000941043 2 4 3
31.7113 0.000940876 0.000940876 2 4 3
31.7113 0.000940709 0.000940709 2 4 3
31.7113 0.000940542 0.000940542 2 4 3
31.7113 0.000940374 0.000940374 2 4 3
31.7113 0.000940207 0.000940207 2 4 3
31.7113 0.00094004 0.00094004 2 4 3
31.7113 0.000939873 0.000939873 2 4 3
31.7113 0.000939706 0.000939706 2 4 3
31.7113 0.00093954 0.00093954 2 4 3
31.7113 0.000939373 0.000939373 2 4 3
31.7113 0.000939206 0.000939206 2 4 3
31.7113 0.000939039 0.000939039 2 4 3
31.7113 0.000938873 0.000938873 2 4 3
31.7113 0.000938706 0.000938706 2 4 3
31.7113 0.00093854 0.00093854 2 4 3
31.7113 0.000938373 0.000938373 2 4 3
31.7113 0.000938207 0.000938207 2 4 3
31.7113 0.000938041 0.000938041 2 4 3
31.7113 0.000937874 0.000937874 2 4 3
31.7113 0.000937708 0.000937708 2 4 3
31.7113 0.000937542 0.000937542 2 4 3
31.7113 0.000937376 0.000937376 2 4 3
31.7113 0.00093721 0.00093721 2 4 3
31.7113 0.000937044 0.000937044 2 4 3
31.7113 0.000936878 0.000936878 2 4 3
31.7113 0.000936712 0.000936712 2 4 3
31.7113 0.000936546 0.000936546 2 4 3
31.7113 0.000936381 0.000936381 2 4 3
31.7113 0.000936215 0.000936215 2 4 3
31.7113 0.000936049 0.000936049 2 4 3
31.7113 0.000935884 0.000935884 2 4 3
31.7113 0.000935718 0.000935718 2 4 3
31.7113 0.000935553 0.000935553 2 4 3
31.7113 0.000935388 0.000935388 2 4 3
31.7113 0.000935222 0.000935222 2 4 3
31.7113 0.000935057 0.000935057 2 4 3
31.7113 0.000934892 0.000934892 2 4 3
31.7113 0.000934727 0.000934727 2 4 3
31.7113 0.000934562 0.000934562 2 4 3
31.7113 0.000934397 0.000934397 2 4 3
31.7113 0.000934232 0.000934232 2 4 3
31.7113 0.000934067 0.000934067 2 4 3
31.7113 0.000933902 0.000933902 2 4 3
31.7113 0.000933737 0.000933737 2 4 3
31.7113 0.000933572 0.000933572 2 4 3
31.7113 0.000933408 0.000933408 2 4 3
31.7113 0.000933243 0.000933243 2 4 3
31.7113 0.000933079 0.000933079 2 4 3
31.7113 0.000932914 0.000932914 2 4 3
31.7113 0.00093275 0.00093275 2 4 3
31.7113 0.000932585 0.000932585 2 4 3
31.7113 0.000932421 0.000932421 2 4 3
31.7113 0.000932257 0.000932257 2 4 3
31.7113 0.000932092 0.000932092 2 4 3
31.7113 0.000931928 0.000931928 2 4 3
31.7113 0.000931764 0.000931764 2 4 3
31.7113 0.0009316 0.0009316 2 4 3
31.7113 0.000931436 0.000931436 2 4 3
31.7113 0.000931272 0.000931272 2 4 3
31.7113 0.000931108 0.000931108 2 4 3
31.7113 0.000930945 0.000930945 2 4 3
31.7113 0.000930781 0.000930781 2 4 3
31.7113 0.000930617 0.000930617 2 4 3
31.7113 0.000930453 0.000930453 2 4 3
31.7113 0.00093029 0.00093029 2 4 3
31.7113 0.000930126 0.000930126 2 4 3
31.7113 0.000929963 0.000929963 2 4 3
31.7113 0.000929799 0.000929799 2 4 3
31.7113 0.000929636 0.000929636 2 4 3
31.7113 0.000929473 0.000929473 2 4 3
31.7113 0.00092931 0.00092931 2 4 3
31.7113 0.000929146 0.000929146 2 4 3
31.7113 0.000928983 0.000928983 2 4 3
31.7113 0.00092882 0.00092882 2 4 3
31.7113 0.000928657 0.000928657 2 4 3
31.7113 0.000928494 0.000928494 2 4 3
31.7113 0.000928331 0.000928331 2 4 3
31.7113 0.000928169 0.000928169 2 4 3
31.7113 0.000928006 0.000928006 2 4 3
31.7113 0.000927843 0.000927843 2 4 3
31.7113 0.00092768 0.00092768 2 4 3
31.7113 0.000927518 0.000927518 2 4 3
31.7113 0.000927355 0.000927355 2 4 3
31.7113 0.000927193 0.000927193 2 4 3
31.7113 0.00092703 0.00092703 2 4 3
31.7113 0.000926868 0.000926868 2 4 3
31.7113 0.000926706 0.000926706 2 4 3
31.7113 0.000926543 0.000926543 2 4 3
31.7113 0.000926381 0.000926381 2 4 3
31.7113 0.000926219 0.000926219 2 4 3
31.7113 0.000926057 0.000926057 2 4 3
31.7113 0.000925895 0.000925895 2 4 3
31.7113 0.000925733 0.000925733 2 4 3
31.7113 0.000925571 0.000925571 2 4 3
31.7113 0.000925409 0.000925409 2 4 3
31.7113 0.000925247 0.000925247 2 4 3
31.7113 0.000925086 0.000925086 2 4 3
31.7113 0.000924924 0.000924924 2 4 3
31.7113 0.000924762 0.000924762 2 4 3
31.7113 0.000924601 0.000924601 2 4 3
31.7113 0.000924439 0.000924439 2 4 3
31.7113 0.000924278 0.000924278 2 4 3
31.7113 0.000924116 0.000924116 2 4 3
31.7113 0.000923955 0.000923955 2 4 3
31.7113 0.000923794 0.000923794 2 4 3
31.7113 0.000923632 0.000923632 2 4 3
31.7113 0.000923471 0.000923471 2 4 3
31.7113 0.00092331 0.00092331 2 4 3
31.7113 0.000923149 0.000923149 2 4 3
31.7113 0.000922988 0.000922988 2 4 3
31.7113 0.000922827 0.000922827 2 4 3
31.7113 0.000922666 0.000922666 2 4 3
31.7113 0.000922505 0.000922505 2 4 3
31.7113 0.000922344 0.000922344 2 4 3
31.7113 0.000922184 0.000922184 2 4 3
31.7113 0.000922023 0.000922023 2 4 3
31.7113 0.000921862 0.000921862 2 4 3
31.7113 0.000921702 0.000921702 2 4 3
31.7113 0.000921541 0.000921541 2 4 3
31.7113 0.000921381 0.000921381 2 4 3
31.7113 0.00092122 0.00092122 2 4 3
31.7113 0.00092106 0.00092106 2 4 3
31.7113 0.0009209 0.0009209 2 4 3
31.7113 0.00092074 0.00092074 2 4 3
31.7113 0.000920579 0.000920579 2 4 3
31.7113 0.000920419 0.000920419 2 4 3
31.7113 0.000920259 0.000920259 2 4 3
31.7113 0.000920099 0.000920099 2 4 3
31.7113 0.000919939 0.000919939 2 4 3
31.7113 0.000919779 0.000919779 2 4 3
31.7113 0.000919619 0.000919619 2 4 3
31.7113 0.00091946 0.00091946 2 4 3
31.7113 0.0009193 0.0009193 2 4 3
31.7113 0.00091914 0.00091914 2 4 3
31.7113 0.000918981 0.000918981 2 4 3
31.7113 0.000918821 0.000918821 2 4 3
31.7113 0.000918662 0.000918662 2 4 3
31.7113 0.000918502 0.000918502 2 4 3
31.7113 0.000918343 0.000918343 2 4 3
31.7113 0.000918183 0.000918183 2 4 3
31.7113 0.000918024 0.000918024 2 4 3
31.7113 0.000917865 0.000917865 2 4 3
31.7113 0.000917706 0.000917706 2 4 3
31.7113 0.000917547 0.000917547 2 4 3
31.7113 0.000917387 0.000917387 2 4 3
31.7113 0.000917228 0.000917228 2 4 3
31.7113 0.000917069 0.000917069 2 4 3
31.7113 0.000916911 0.000916911 2 4 3
31.7113 0.000916752 0.000916752 2 4 3
31.7113 0.000916593 0.000916593 2 4 3
31.7113 0.000916434 0.000916434 2 4 3
31.7113 0.000916276 0.000916276 2 4 3
31.7113 0.000916117 0.000916117 2 4 3
31.7113 0.000915958 0.000915958 2 4 3
31.7113 0.0009158 0.0009158 2 4 3
31.7113 0.000915641 0.000915641 2 4 3
31.7113 0.000915483 0.000915483 2 4 3
31.7113 0.000915325 0.000915325 2 4 3
31.7113 0.000915166 0.000915166 2 4 3
31.7113 0.000915008 0.000915008 2 4 3
31.7113 0.00091485 0.00091485 2 4 3
31.7113 0.000914692 0.000914692 2 4 3
31.7113 0.000914534 0.000914534 2 4 3
31.7113 0.000914376 0.000914376 2 4 3
31.7113 0.000914218 0.000914218 2 4 3
31.7113 0.00091406 0.00091406 2 4 3
31.7113 0.000913902 0.000913902 2 4 3
31.7113 0.000913744 0.000913744 2 4 3
31.7113 0.000913586 0.000913586 2 4 3
31.7113 0.000913429 0.000913429 2 4 3
31.7113 0.000913271 0.000913271 2 4 3
31.7113 0.000913113 0.000913113 2 4 3
31.7113 0.000912956 0.000912956 2 4 3
31.7113 0.000912798 0.000912798 2 4 3
31.7113 0.000912641 0.000912641 2 4 3
31.7113 0.000912483 0.000912483 2 4 3
31.7113 0.000912326 0.000912326 2 4 3
31.7113 0.000912169 0.000912169 2 4 3
31.7113 0.000912012 0.000912012 2 4 3
31.7113 0.000911855 0.000911855 2 4 3
31.7113 0.000911697 0.000911697 2 4 3
31.7113 0.00091154 0.00091154 2 4 3
31.7113 0.000911383 0.000911383 2 4 3
31.7113 0.000911226 0.000911226 2 4 3
31.7113 0.00091107 0.00091107 2 4 3
31.7113 0.000910913 0.000910913 2 4 3
31.7113 0.000910756 0.000910756 2 4 3
31.7113 0.000910599 0.000910599 2 4 3
31.7113 0.000910443 0.000910443 2 4 3
31.7113 0.000910286 0.000910286 2 4 3
31.7113 0.000910129 0.000910129 2 4 3
31.7113 0.000909973 0.000909973 2 4 3
31.7113 0.000909816 0.000909816 2 4 3
31.7113 0.00090966 0.00090966 2 4 3
31.7113 0.000909504 0.000909504 2 4 3
31.7113 0.000909347 0.000909347 2 4 3
31.7113 0.000909191 0.000909191 2 4 3
31.7113 0.000909035 0.000909035 2 4 3
31.7113 0.000908879 0.000908879 2 4 3
31.7113 0.000908723 0.000908723 2 4 3
31.7113 0.000908567 0.000908567 2 4 3
31.7113 0.000908411 0.000908411 2 4 3
31.7113 0.000908255 0.000908255 2 4 3
31.7113 0.000908099 0.000908099 2 4 3
31.7113 0.000907943 0.000907943 2 4 3
31.7113 0.000907787 0.000907787 2 4 3
31.7113 0.000907632 0.000907632 2 4 3
31.7113 0.000907476 0.000907476 2 4 3
31.7113 0.00090732 0.00090732 2 4 3
31.7113 0.000907165 0.000907165 2 4 3
31.7113 0.000907009 0.000907009 2 4 3
31.7113 0.000906854 0.000906854 2 4 3
31.7113 0.000906699 0.000906699 2 4 3
31.7113 0.000906543 0.000906543 2 4 3
31.7113 0.000906388 0.000906388 2 4 3
31.7113 0.000906233 0.000906233 2 4 3
31.7113 0.000906078 0.000906078 2 4 3
31.7113 0.000905922 0.000905922 2 4 3
31.7113 0.000905767 0.000905767 2 4 3
31.7113 0.000905612 0.000905612 2 4 3
31.7113 0.000905457 0.000905457 2 4 3
31.7113 0.000905302 0.000905302 2 4 3
31.7113 0.000905148 0.000905148 2 4 3
31.7113 0.000904993 0.000904993 2 4 3
31.7113 0.000904838 0.000904838 2 4 3
31.7113 0.000904683 0.000904683 2 4 3
31.7113 0.000904529 0.000904529 2 4 3
31.7113 0.000904374 0.000904374 2 4 3
31.7113 0.00090422 0.00090422 2 4 3
31.7113 0.000904065 0.000904065 2 4 3
31.7113 0.000903911 0.000903911 2 4 3
31.7113 0.000903756 0.000903756 2 4 3
31.7113 0.000903602 0.000903602 2 4 3
31.7113 0.000903448 0.000903448 2 4 3
31.7113 0.000903293 0.000903293 2 4 3
31.7113 0.000903139 0.000903139 2 4 3
31.7113 0.000902985 0.000902985 2 4 3
31.7113 0.000902831 0.000902831 2 4 3
31.7113 0.000902677 0.000902677 2 4 3
31.7113 0.000902523 0.000902523 2 4 3
31.7113 0.000902369 0.000902369 2 4 3
31.7113 0.000902215 0.000902215 2 4 3
31.7113 0.000902062 0.000902062 2 4 3
31.7113 0.000901908 0.000901908 2 4 3
31.7113 0.000901754 0.000901754 2 4 3
31.7113 0.000901601 0.000901601 2 4 3
31.7113 0.000901447 0.000901447 2 4 3
31.7113 0.000901293 0.000901293 2 4 3
31.7113 0.00090114 0.00090114 2 4 3
31.7113 0.000900986 0.000900986 2 4 3
31.7113 0.000900833 0.000900833 2 4 3
31.7113 0.00090068 0.00090068 2 4 3
31.7113 0.000900526 0.000900526 2 4 3
31.7113 0.000900373 0.000900373 2 4 3
31.7113 0.00090022 0.00090022 2 4 3
31.7113 0.000900067 0.000900067 2 4 3
31.7113 0.000899914 0.000899914 2 4 3
31.7113 0.000899761 0.000899761 2 4 3
31.7113 0.000899608 0.000899608 2 4 3
31.7113 0.000899455 0.000899455 2 4 3
31.7113 0.000899302 0.000899302 2 4 3
31.7113 0.000899149 0.000899149 2 4 3
31.7113 0.000898997 0.000898997 2 4 3
31.7113 0.000898844 0.000898844 2 4 3
31.7113 0.000898691 0.000898691 2 4 3
31.7113 0.000898539 0.000898539 2 4 3
31.7113 0.000898386 0.000898386 2 4 3
31.7113 0.000898234 0.000898234 2 4 3
31.7113 0.000898081 0.000898081 2 4 3
31.7113 0.000897929 0.000897929 2 4 3
31.7113 0.000897776 0.000897776 2 4 3
31.7113 0.000897624 0.000897624 2 4 3
31.7113 0.000897472 0.000897472 2 4 3
31.7113 0.00089732 0.00089732 2 4 3
31.7113 0.000897168 0.000897168 2 4 3
31.7113 0.000897015 0.000897015 2 4 3
31.7113 0.000896863 0.000896863 2 4 3
31.7113 0.000896711 0.000896711 2 4 3
31.7113 0.00089656 0.00089656 2 4 3
31.7113 0.000896408 0.000896408 2 4 3
31.7113 0.000896256 0.000896256 2 4 3
31.7113 0.000896104 0.000896104 2 4 3
31.7113 0.000895952 0.000895952 2 4 3
31.7113 0.000895801 0.000895801 2 4 3
31.7113 0.000895649 0.000895649 2 4 3
31.7113 0.000895497 0.000895497 2 4 3
31.7113 0.000895346 0.000895346 2 4 3
31.7113 0.000895194 0.000895194 2 4 3
31.7113 0.000895043 0.000895043 2 4 3
31.7113 0.000894892 0.000894892 2 4 3
31.7113 0.00089474 0.00089474 2 4 3
31.7113 0.000894589 0.000894589 2 4 3
31.7113 0.000894438 0.000894438 2 4 3
31.7113 0.000894287 0.000894287 2 4 3
31.7113 0.000894136 0.000894136 2 4 3
31.7113 0.000893985 0.000893985 2 4 3
31.7113 0.000893834 0.000893834 2 4 3
31.7113 0.000893683 0.000893683 2 4 3
31.7113 0.000893532 0.000893532 2 4 3
31.7113 0.000893381 0.000893381 2 4 3
31.7113 0.00089323 0.00089323 2 4 3
31.7113 0.000893079 0.000893079 2 4 3
31.7113 0.000892929 0.000892929 2 4 3
31.7113 0.000892778 0.000892778 2 4 3
31.7113 0.000892627 0.000892627 2 4 3
31.7113 0.000892477 0.000892477 2 4 3
31.7113 0.000892326 0.000892326 2 4 3
31.7113 0.000892176 0.000892176 2 4 3
31.7113 0.000892025 0.000892025 2 4 3
31.7113 0.000891875 0.000891875 2 4 3
31.7113 0.000891725 0.000891725 2 4 3
31.7113 0.000891575 0.000891575 2 4 3
31.7113 0.000891424 0.000891424 2 4 3
31.7113 0.000891274 0.000891274 2 4 3
31.7113 0.000891124 0.000891124 2 4 3
31.7113 0.000890974 0.000890974 2 4 3
31.7113 0.000890824 0.000890824 2 4 3
31.7113 0.000890674 0.000890674 2 4 3
31.7113 0.000890524 0.000890524 2 4 3
31.7113 0.000890374 0.000890374 2 4 3
31.7113 0.000890225 0.000890225 2 4 3
31.7113 0.000890075 0.000890075 2 4 3
31.7113 0.000889925 0.000889925 2 4 3
31.7113 0.000889776 0.000889776 2 4 3
31.7113 0.000889626 0.000889626 2 4 3
31.7113 0.000889476 0.000889476 2 4 3
31.7113 0.000889327 0.000889327 2 4 3
31.7113 0.000889178 0.000889178 2 4 3
31.7113 0.000889028 0.000889028 2 4 3
31.7113 0.000888879 0.000888879 2 4 3
31.7113 0.00088873 0.00088873 2 4 3
31.7113 0.00088858 0.00088858 2 4 3
31.7113 0.000888431 0.000888431 2 4 3
31.7113 0.000888282 0.000888282 2 4 3
31.7113 0.000888133 0.000888133 2 4 3
31.7113 0.000887984 0.000887984 2 4 3
31.7113 0.000887835 0.000887835 2 4 3
31.7113 0.000887686 0.000887686 2 4 3
31.7113 0.000887537 0.000887537 2 4 3
31.7113 0.000887388 0.000887388 2 4 3
31.7113 0.000887239 0.000887239 2 4 3
31.7113 0.000887091 0.000887091 2 4 3
31.7113 0.000886942 0.000886942 2 4 3
31.7113 0.000886793 0.000886793 2 4 3
31.7113 0.000886645 0.000886645 2 4 3
31.7113 0.000886496 0.000886496 2 4 3
31.7113 0.000886348 0.000886348 2 4 3
31.7113 0.000886199 0.000886199 2 4 3
31.7113 0.000886051 0.000886051 2 4 3
31.7113 0.000885903 0.000885903 2 4 3
31.7113 0.000885754 0.000885754 2 4 3
31.7113 0.000885606 0.000885606 2 4 3
31.7113 0.000885458 0.000885458 2 4 3
31.7113 0.00088531 0.00088531 2 4 3
31.7113 0.000885162 0.000885162 2 4 3
31.7113 0.000885014 0.000885014 2 4 3
31.7113 0.000884866 0.000884866 2 4 3
31.7113 0.000884718 0.000884718 2 4 3
31.7113 0.00088457 0.00088457 2 4 3
31.7113 0.000884422 0.000884422 2 4 3
31.7113 0.000884274 0.000884274 2 4 3
31.7113 0.000884126 0.000884126 2 4 3
31.7113 0.000883979 0.000883979 2 4 3
31.7113 0.000883831 0.000883831 2 4 3
31.7113 0.000883683 0.000883683 2 4 3
31.7113 0.000883536 0.000883536 2 4 3
31.7113 0.000883388 0.000883388 2 4 3
31.7113 0.000883241 0.000883241 2 4 3
31.7113 0.000883094 0.000883094 2 4 3
31.7113 0.000882946 0.000882946 2 4 3
31.7113 0.000882799 0.000882799 2 4 3
31.7113 0.000882652 0.000882652 2 4 3
31.7113 0.000882504 0.000882504 2 4 3
31.7113 0.000882357 0.000882357 2 4 3
31.7113 0.00088221 0.00088221 2 4 3
31.7113 0.000882063 0.000882063 2 4 3
31.7113 0.000881916 0.000881916 2 4 3
31.7113 0.000881769 0.000881769 2 4 3
31.7113 0.000881622 0.000881622 2 4 3
31.7113 0.000881475 0.000881475 2 4 3
31.7113 0.000881329 0.000881329 2 4 3
31.7113 0.000881182 0.000881182 2 4 3
31.7113 0.000881035 0.000881035 2 4 3
31.7113 0.000880888 0.000880888 2 4 3
31.7113 0.000880742 0.000880742 2 4 3
31.7113 0.000880595 0.000880595 2 4 3
31.7113 0.000880449 0.000880449 2 4 3
31.7113 0.000880302 0.000880302 2 4 3
31.7113 0.000880156 0.000880156 2 4 3
31.7113 0.00088001 0.00088001 2 4 3
31.7113 0.000879863 0.000879863 2 4 3
31.7113 0.000879717 0.000879717 2 4 3
31.7113 0.000879571 0.000879571 2 4 3
31.7113 0.000879424 0.000879424 2 4 3
31.7113 0.000879278 0.000879278 2 4 3
31.7113 0.000879132 0.000879132 2 4 3
31.7113 0.000878986 0.000878986 2 4 3
31.7113 0.00087884 0.00087884 2 4 3
31.7113 0.000878694 0.000878694 2 4 3
31.7113 0.000878548 0.000878548 2 4 3
31.7113 0.000878403 0.000878403 2 4 3
31.7113 0.000878257 0.000878257 2 4 3
31.7113 0.000878111 0.000878111 2 4 3
31.7113 0.000877965 0.000877965 2 4 3
31.7113 0.00087782 0.00087782 2 4 3
31.7113 0.000877674 0.000877674 2 4 3
31.7113 0.000877529 0.000877529 2 4 3
31.7113 0.000877383 0.000877383 2 4 3
31.7113 0.000877238 0.000877238 2 4 3
31.7113 0.000877092 0.000877092 2 4 3
31.7113 0.000876947 0.000876947 2 4 3
31.7113 0.000876802 0.000876802 2 4 3
31.7113 0.000876656 0.000876656 2 4 3
31.7113 0.000876511 0.000876511 2 4 3
31.7113 0.000876366 0.000876366 2 4 3
31.7113 0.000876221 0.000876221 2 4 3
31.7113 0.000876076 0.000876076 2 4 3
31.7113 0.000875931 0.000875931 2 4 3
31.7113 0.000875786 0.000875786 2 4 3
31.7113 0.000875641 0.000875641 2 4 3
31.7113 0.000875496 0.000875496 2 4 3
31.7113 0.000875351 0.000875351 2 4 3
31.7113 0.000875206 0.000875206 2 4 3
31.7113 0.000875062 0.000875062 2 4 3
31.7113 0.000874917 0.000874917 2 4 3
31.7113 0.000874772 0.000874772 2 4 3
31.7113 0.000874628 0.000874628 2 4 3
31.7113 0.000874483 0.000874483 2 4 3
31.7113 0.000874339 0.000874339 2 4 3
31.7113 0.000874194 0.000874194 2 4 3
31.7113 0.00087405 0.00087405 2 4 3
31.7113 0.000873906 0.000873906 2 4 3
31.7113 0.000873761 0.000873761 2 4 3
31.7113 0.000873617 0.000873617 2 4 3
31.7113 0.000873473 0.000873473 2 4 3
31.7113 0.000873329 0.000873329 2 4 3
31.7113 0.000873185 0.000873185 2 4 3
31.7113 0.00087304 0.00087304 2 4 3
31.7113 0.000872896 0.000872896 2 4 3
31.7113 0.000872752 0.000872752 2 4 3
31.7113 0.000872609 0.000872609 2 4 3
31.7113 0.000872465 0.000872465 2 4 3
31.7113 0.000872321 0.000872321 2 4 3
31.7113 0.000872177 0.000872177 2 4 3
31.7113 0.000872033 0.000872033 2 4 3
31.7113 0.00087189 0.00087189 2 4 3
31.7113 0.000871746 0.000871746 2 4 3
31.7113 0.000871602 0.000871602 2 4 3
31.7113 0.000871459 0.000871459 2 4 3
31.7113 0.000871315 0.000871315 2 4 3
31.7113 0.000871172 0.000871172 2 4 3
31.7113 0.000871029 0.000871029 2 4 3
31.7113 0.000870885 0.000870885 2 4 3
31.7113 0.000870742 0.000870742 2 4 3
31.7113 0.000870599 0.000870599 2 4 3
31.7113 0.000870455 0.000870455 2 4 3
31.7113 0.000870312 0.000870312 2 4 3
31.7113 0.000870169 0.000870169 2 4 3
31.7113 0.000870026 0.000870026 2 4 3
31.7113 0.000869883 0.000869883 2 4 3
31.7113 0.00086974 0.00086974 2 4 3
31.7113 0.000869597 0.000869597 2 4 3
31.7113 0.000869454 0.000869454 2 4 3
31.7113 0.000869311 0.000869311 2 4 3
31.7113 0.000869169 0.000869169 2 4 3
31.7113 0.000869026 0.000869026 2 4 3
31.7113 0.000868883 0.000868883 2 4 3
31.7113 0.000868741 0.000868741 2 4 3
31.7113 0.000868598 0.000868598 2 4 3
31.7113 0.000868455 0.000868455 2 4 3
31.7113 0.000868313 0.000868313 2 4 3
31.7113 0.00086817 0.00086817 2 4 3
31.7113 0.000868028 0.000868028 2 4 3
31.7113 0.000867886 0.000867886 2 4 3
31.7113 0.000867743 0.000867743 2 4 3
31.7113 0.000867601 0.000867601 2 4 3
31.7113 0.000867459 0.000867459 2 4 3
31.7113 0.000867317 0.000867317 2 4 3
31.7113 0.000867175 0.000867175 2 4 3
31.7113 0.000867032 0.000867032 2 4 3
31.7113 0.00086689 0.00086689 2 4 3
31.7113 0.000866748 0.000866748 2 4 3
31.7113 0.000866607 0.000866607 2 4 3
31.7113 0.000866465 0.000866465 2 4 3
31.7113 0.000866323 0.000866323 2 4 3
31.7113 0.000866181 0.000866181 2 4 3
31.7113 0.000866039 0.000866039 2 4 3
31.7113 0.000865897 0.000865897 2 4 3
31.7113 0.000865756 0.000865756 2 4 3
31.7113 0.000865614 0.000865614 2 4 3
31.7113 0.000865473 0.000865473 2 4 3
31.7113 0.000865331 0.000865331 2 4 3
31.7113 0.00086519 0.00086519 2 4 3
31.7113 0.000865048 0.000865048 2 4 3
31.7113 0.000864907 0.000864907 2 4 3
31.7113 0.000864765 0.000864765 2 4 3
31.7113 0.000864624 0.000864624 2 4 3
31.7113 0.000864483 0.000864483 2 4 3
31.7113 0.000864342 0.000864342 2 4 3
31.7113 0.000864201 0.000864201 2 4 3
31.7113 0.000864059 0.000864059 2 4 3
31.7113 0.000863918 0.000863918 2 4 3
31.7113 0.000863777 0.000863777 2 4 3
31.7113 0.000863636 0.000863636 2 4 3
31.7113 0.000863495 0.000863495 2 4 3
31.7113 0.000863355 0.000863355 2 4 3
31.7113 0.000863214 0.000863214 2 4 3
31.7113 0.000863073 0.000863073 2 4 3
31.7113 0.000862932 0.000862932 2 4 3
31.7113 0.000862791 0.000862791 2 4 3
31.7113 0.000862651 0.000862651 2 4 3
31.7113 0.00086251 0.00086251 2 4 3
31.7113 0.00086237 0.00086237 2 4 3
31.7113 0.000862229 0.000862229 2 4 3
31.7113 0.000862089 0.000862089 2 4 3
31.7113 0.000861948 0.000861948 2 4 3
31.7113 0.000861808 0.000861808 2 4 3
31.7113 0.000861668 0.000861668 2 4 3
31.7113 0.000861527 0.000861527 2 4 3
31.7113 0.000861387 0.000861387 2 4 3
31.7113 0.000861247 0.000861247 2 4 3
31.7113 0.000861107 0.000861107 2 4 3
31.7113 0.000860967 0.000860967 2 4 3
31.7113 0.000860826 0.000860826 2 4 3
31.7113 0.000860686 0.000860686 2 4 3
31.7113 0.000860546 0.000860546 2 4 3
31.7113 0.000860407 0.000860407 2 4 3
31.7113 0.000860267 0.000860267 2 4 3
31.7113 0.000860127 0.000860127 2 4 3
31.7113 0.000859987 0.000859987 2 4 3
31.7113 0.000859847 0.000859847 2 4 3
31.7113 0.000859708 0.000859708 2 4 3
31.7113 0.000859568 0.000859568 2 4 3
31.7113 0.000859428 0.000859428 2 4 3
31.7113 0.000859289 0.000859289 2 4 3
31.7113 0.000859149 0.000859149 2 4 3
31.7113 0.00085901 0.00085901 2 4 3
31.7113 0.00085887 0.00085887 2 4 3
31.7113 0.000858731 0.000858731 2 4 3
31.7113 0.000858592 0.000858592 2 4 3
31.7113 0.000858452 0.000858452 2 4 3
31.7113 0.000858313 0.000858313 2 4 3
31.7113 0.000858174 0.000858174 2 4 3
31.7113 0.000858035 0.000858035 2 4 3
31.7113 0.000857896 0.000857896 2 4 3
31.7113 0.000857757 0.000857757 2 4 3
31.7113 0.000857618 0.000857618 2 4 3
31.7113 0.000857479 0.000857479 2 4 3
31.7113 0.00085734 0.00085734 2 4 3
31.7113 0.000857201 0.000857201 2 4 3
31.7113 0.000857062 0.000857062 2 4 3
31.7113 0.000856923 0.000856923 2 4 3
31.7113 0.000856784 0.000856784 2 4 3
31.7113 0.000856646 0.000856646 2 4 3
31.7113 0.000856507 0.000856507 2 4 3
31.7113 0.000856369 0.000856369 2 4 3
31.7113 0.00085623 0.00085623 2 4 3
31.7113 0.000856091 0.000856091 2 4 3
31.7113 0.000855953 0.000855953 2 4 3
31.7113 0.000855815 0.000855815 2 4 3
31.7113 0.000855676 0.000855676 2 4 3
31.7113 0.000855538 0.000855538 2 4 3
31.7113 0.000855399 0.000855399 2 4 3
31.7113 0.000855261 0.000855261 2 4 3
31.7113 0.000855123 0.000855123 2 4 3
31.7113 0.000854985 0.000854985 2 4 3
31.7113 0.000854847 0.000854847 2 4 3
31.7113 0.000854709 0.000854709 2 4 3
31.7113 0.000854571 0.000854571 2 4 3
31.7113 0.000854433 0.000854433 2 4 3
31.7113 0.000854295 0.000854295 2 4 3
31.7113 0.000854157 0.000854157 2 4 3
31.7113 0.000854019 0.000854019 2 4 3
31.7113 0.000853881 0.000853881 2 4 3
31.7113 0.000853743 0.000853743 2 4 3
31.7113 0.000853606 0.000853606 2 4 3
31.7113 0.000853468 0.000853468 2 4 3
31.7113 0.00085333 0.00085333 2 4 3
31.7113 0.000853193 0.000853193 2 4 3
31.7113 0.000853055 0.000853055 2 4 3
31.7113 0.000852918 0.000852918 2 4 3
31.7113 0.00085278 0.00085278 2 4 3
31.7113 0.000852643 0.000852643 2 4 3
31.7113 0.000852506 0.000852506 2 4 3
31.7113 0.000852368 0.000852368 2 4 3
31.7113 0.000852231 0.000852231 2 4 3
31.7113 0.000852094 0.000852094 2 4 3
31.7113 0.000851956 0.000851956 2 4 3
31.7113 0.000851819 0.000851819 2 4 3
31.7113 0.000851682 0.000851682 2 4 3
31.7113 0.000851545 0.000851545 2 4 3
31.7113 0.000851408 0.000851408 2 4 3
31.7113 0.000851271 0.000851271 2 4 3
31.7113 0.000851134 0.000851134 2 4 3
31.7113 0.000850997 0.000850997 2 4 3
31.7113 0.000850861 0.000850861 2 4 3
31.7113 0.000850724 0.000850724 2 4 3
31.7113 0.000850587 0.000850587 2 4 3
31.7113 0.00085045 0.00085045 2 4 3
31.7113 0.000850314 0.000850314 2 4 3
31.7113 0.000850177 0.000850177 2 4 3
31.7113 0.000850041 0.000850041 2 4 3
31.7113 0.000849904 0.000849904 2 4 3
31.7113 0.000849767 0.000849767 2 4 3
31.7113 0.000849631 0.000849631 2 4 3
31.7113 0.000849495 0.000849495 2 4 3
31.7113 0.000849358 0.000849358 2 4 3
31.7113 0.000849222 0.000849222 2 4 3
31.7113 0.000849086 0.000849086 2 4 3
31.7113 0.00084895 0.00084895 2 4 3
31.7113 0.000848813 0.000848813 2 4 3
31.7113 0.000848677 0.000848677 2 4 3
31.7113 0.000848541 0.000848541 2 4 3
31.7113 0.000848405 0.000848405 2 4 3
31.7113 0.000848269 0.000848269 2 4 3
31.7113 0.000848133 0.000848133 2 4 3
31.7113 0.000847997 0.000847997 2 4 3
31.7113 0.000847861 0.000847861 2 4 3
31.7113 0.000847725 0.000847725 2 4 3
31.7113 0.00084759 0.00084759 2 4 3
31.7113 0.000847454 0.000847454 2 4 3
31.7113 0.000847318 0.000847318 2 4 3
31.7113 0.000847183 0.000847183 2 4 3
31.7113 0.000847047 0.000847047 2 4 3
31.7113 0.000846911 0.000846911 2 4 3
31.7113 0.000846776 0.000846776 2 4 3
31.7113 0.00084664 0.00084664 2 4 3
31.7113 0.000846505 0.000846505 2 4 3
31.7113 0.00084637 0.00084637 2 4 3
31.7113 0.000846234 0.000846234 2 4 3
31.7113 0.000846099 0.000846099 2 4 3
31.7113 0.000845964 0.000845964 2 4 3
31.7113 0.000845828 0.000845828 2 4 3
31.7113 0.000845693 0.000845693 2 4 3
31.7113 0.000845558 0.000845558 2 4 3
31.7113 0.000845423 0.000845423 2 4 3
31.7113 0.000845288 0.000845288 2 4 3
31.7113 0.000845153 0.000845153 2 4 3
31.7113 0.000845018 0.000845018 2 4 3
31.7113 0.000844883 0.000844883 2 4 3
31.7113 0.000844748 0.000844748 2 4 3
31.7113 0.000844613 0.000844613 2 4 3
31.7113 0.000844479 0.000844479 2 4 3
31.7113 0.000844344 0.000844344 2 4 3
31.7113 0.000844209 0.000844209 2 4 3
31.7113 0.000844075 0.000844075 2 4 3
31.7113 0.00084394 0.00084394 2 4 3
31.7113 0.000843805 0.000843805 2 4 3
31.7113 0.000843671 0.000843671 2 4 3
31.7113 0.000843536 0.000843536 2 4 3
31.7113 0.000843402 0.000843402 2 4 3
31.7113 0.000843267 0.000843267 2 4 3
31.7113 0.000843133 0.000843133 2 4 3
31.7113 0.000842999 0.000842999 2 4 3
31.7113 0.000842864 0.000842864 2 4 3
31.7113 0.00084273 0.00084273 2 4 3
31.7113 0.000842596 0.000842596 2 4 3
31.7113 0.000842462 0.000842462 2 4 3
31.7113 0.000842328 0.000842328 2 4 3
31.7113 0.000842194 0.000842194 2 4 3
31.7113 0.00084206 0.00084206 2 4 3
31.7113 0.000841926 0.000841926 2 4 3
31.7113 0.000841792 0.000841792 2 4 3
31.7113 0.000841658 0.000841658 2 4 3
31.7113 0.000841524 0.000841524 2 4 3
31.7113 0.00084139 0.00084139 2 4 3
31.7113 0.000841257 0.000841257 2 4 3
31.7113 0.000841123 0.000841123 2 4 3
31.7113 0.000840989 0.000840989 2 4 3
31.7113 0.000840855 0.000840855 2 4 3
31.7113 0.000840722 0.000840722 2 4 3
31.7113 0.000840588 0.000840588 2 4 3
31.7113 0.000840455 0.000840455 2 4 3
31.7113 0.000840321 0.000840321 2 4 3
31.7113 0.000840188 0.000840188 2 4 3
31.7113 0.000840055 0.000840055 2 4 3
31.7113 0.000839921 0.000839921 2 4 3
31.7113 0.000839788 0.000839788 2 4 3
31.7113 0.000839655 0.000839655 2 4 3
31.7113 0.000839521 0.000839521 2 4 3
31.7113 0.000839388 0.000839388 2 4 3
31.7113 0.000839255 0.000839255 2 4 3
31.7113 0.000839122 0.000839122 2 4 3
31.7113 0.000838989 0.000838989 2 4 3
31.7113 0.000838856 0.000838856 2 4 3
31.7113 0.000838723 0.000838723 2 4 3
31.7113 0.00083859 0.00083859 2 4 3
31.7113 0.000838457 0.000838457 2 4 3
31.7113 0.000838324 0.000838324 2 4 3
31.7113 0.000838192 0.000838192 2 4 3
31.7113 0.000838059 0.000838059 2 4 3
31.7113 0.000837926 0.000837926 2 4 3
31.7113 0.000837794 0.000837794 2 4 3
31.7113 0.000837661 0.000837661 2 4 3
31.7113 0.000837528 0.000837528 2 4 3
31.7113 0.000837396 0.000837396 2 4 3
31.7113 0.000837263 0.000837263 2 4 3
31.7113 0.000837131 0.000837131 2 4 3
31.7113 0.000836998 0.000836998 2 4 3
31.7113 0.000836866 0.000836866 2 4 3
31.7113 0.000836734 0.000836734 2 4 3
31.7113 0.000836601 0.000836601 2 4 3
31.7113 0.000836469 0.000836469 2 4 3
31.7113 0.000836337 0.000836337 2 4 3
31.7113 0.000836205 0.000836205 2 4 3
31.7113 0.000836073 0.000836073 2 4 3
31.7113 0.000835941 0.000835941 2 4 3
31.7113 0.000835809 0.000835809 2 4 3
31.7113 0.000835677 0.000835677 2 4 3
31.7113 0.000835545 0.000835545 2 4 3
31.7113 0.000835413 0.000835413 2 4 3
31.7113 0.000835281 0.000835281 2 4 3
31.7113 0.000835149 0.000835149 2 4 3
31.7113 0.000835017 0.000835017 2 4 3
31.7113 0.000834886 0.000834886 2 4 3
31.7113 0.000834754 0.000834754 2 4 3
31.7113 0.000834622 0.000834622 2 4 3
31.7113 0.000834491 0.000834491 2 4 3
31.7113 0.000834359 0.000834359 2 4 3
31.7113 0.000834227 0.000834227 2 4 3
31.7113 0.000834096 0.000834096 2 4 3
31.7113 0.000833965 0.000833965 2 4 3
31.7113 0.000833833 0.000833833 2 4 3
31.7113 0.000833702 0.000833702 2 4 3
31.7113 0.00083357 0.00083357 2 4 3
31.7113 0.000833439 0.000833439 2 4 3
31.7113 0.000833308 0.000833308 2 4 3
31.7113 0.000833177 0.000833177 2 4 3
31.7113 0.000833045 0.000833045 2 4 3
31.7113 0.000832914 0.000832914 2 4 3
31.7113 0.000832783 0.000832783 2 4 3
31.7113 0.000832652 0.000832652 2 4 3
31.7113 0.000832521 0.000832521 2 4 3
31.7113 0.00083239 0.00083239 2 4 3
31.7113 0.000832259 0.000832259 2 4 3
31.7113 0.000832128 0.000832128 2 4 3
31.7113 0.000831998 0.000831998 2 4 3
31.7113 0.000831867 0.000831867 2 4 3
31.7113 0.000831736 0.000831736 2 4 3
31.7113 0.000831605 0.000831605 2 4 3
31.7113 0.000831475 0.000831475 2 4 3
31.7113 0.000831344 0.000831344 2 4 3
31.7113 0.000831214 0.000831214 2 4 3
31.7113 0.000831083 0.000831083 2 4 3
31.7113 0.000830952 0.000830952 2 4 3
31.7113 0.000830822 0.000830822 2 4 3
31.7113 0.000830692 0.000830692 2 4 3
31.7113 0.000830561 0.000830561 2 4 3
31.7113 0.000830431 0.000830431 2 4 3
31.7113 0.000830301 0.000830301 2 4 3
31.7113 0.00083017 0.00083017 2 4 3
31.7113 0.00083004 0.00083004 2 4 3
31.7113 0.00082991 0.00082991 2 4 3
31.7113 0.00082978 0.00082978 2 4 3
31.7113 0.00082965 0.00082965 2 4 3
31.7113 0.00082952 0.00082952 2 4 3
31.7113 0.00082939 0.00082939 2 4 3
31.7113 0.00082926 0.00082926 2 4 3
31.7113 0.00082913 0.00082913 2 4 3
31.7113 0.000829 0.000829 2 4 3
31.7113 0.00082887 0.00082887 2 4 3
31.7113 0.00082874 0.00082874 2 4 3
31.7113 0.00082861 0.00082861 2 4 3
31.7113 0.000828481 0.000828481 2 4 3
31.7113 0.000828351 0.000828351 2 4 3
31.7113 0.000828221 0.000828221 2 4 3
31.7113 0.000828092 0.000828092 2 4 3
31.7113 0.000827962 0.000827962 2 4 3
31.7113 0.000827833 0.000827833 2 4 3
31.7113 0.000827703 0.000827703 2 4 3
31.7113 0.000827574 0.000827574 2 4 3
31.7113 0.000827444 0.000827444 2 4 3
31.7113 0.000827315 0.000827315 2 4 3
31.7113 0.000827186 0.000827186 2 4 3
31.7113 0.000827056 0.000827056 2 4 3
31.7113 0.000826927 0.000826927 2 4 3
31.7113 0.000826798 0.000826798 2 4 3
31.7113 0.000826669 0.000826669 2 4 3
31.7113 0.00082654 0.00082654 2 4 3
31.7113 0.00082641 0.00082641 2 4 3
31.7113 0.000826281 0.000826281 2 4 3
31.7113 0.000826152 0.000826152 2 4 3
31.7113 0.000826023 0.000826023 2 4 3
31.7113 0.000825895 0.000825895 2 4 3
31.7113 0.000825766 0.000825766 2 4 3
31.7113 0.000825637 0.000825637 2 4 3
31.7113 0.000825508 0.000825508 2 4 3
31.7113 0.000825379 0.000825379 2 4 3
31.7113 0.000825251 0.000825251 2 4 3
31.7113 0.000825122 0.000825122 2 4 3
31.7113 0.000824993 0.000824993 2 4 3
31.7113 0.000824865 0.000824865 2 4 3
31.7113 0.000824736 0.000824736 2 4 3
31.7113 0.000824608 0.000824608 2 4 3
31.7113 0.000824479 0.000824479 2 4 3
31.7113 0.000824351 0.000824351 2 4 3
31.7113 0.000824222 0.000824222 2 4 3
31.7113 0.000824094 0.000824094 2 4 3
31.7113 0.000823966 0.000823966 2 4 3
31.7113 0.000823837 0.000823837 2 4 3
31.7113 0.000823709 0.000823709 2 4 3
31.7113 0.000823581 0.000823581 2 4 3
31.7113 0.000823453 0.000823453 2 4 3
31.7113 0.000823325 0.000823325 2 4 3
31.7113 0.000823196 0.000823196 2 4 3
31.7113 0.000823068 0.000823068 2 4 3
31.7113 0.00082294 0.00082294 2 4 3
31.7113 0.000822812 0.000822812 2 4 3
31.7113 0.000822684 0.000822684 2 4 3
31.7113 0.000822557 0.000822557 2 4 3
31.7113 0.000822429 0.000822429 2 4 3
31.7113 0.000822301 0.000822301 2 4 3
31.7113 0.000822173 0.000822173 2 4 3
31.7113 0.000822045 0.000822045 2 4 3
31.7113 0.000821918 0.000821918 2 4 3
31.7113 0.00082179 0.00082179 2 4 3
31.7113 0.000821663 0.000821663 2 4 3
31.7113 0.000821535 0.000821535 2 4 3
31.7113 0.000821407 0.000821407 2 4 3
31.7113 0.00082128 0.00082128 2 4 3
31.7113 0.000821153 0.000821153 2 4 3
31.7113 0.000821025 0.000821025 2 4 3
31.7113 0.000820898 0.000820898 2 4 3
31.7113 0.00082077 0.00082077 2 4 3
31.7113 0.000820643 0.000820643 2 4 3
31.7113 0.000820516 0.000820516 2 4 3
31.7113 0.000820389 0.000820389 2 4 3
31.7113 0.000820262 0.000820262 2 4 3
31.7113 0.000820134 0.000820134 2 4 3
31.7113 0.000820007 0.000820007 2 4 3
31.7113 0.00081988 0.00081988 2 4 3
31.7113 0.000819753 0.000819753 2 4 3
31.7113 0.000819626 0.000819626 2 4 3
31.7113 0.000819499 0.000819499 2 4 3
31.7113 0.000819372 0.000819372 2 4 3
31.7113 0.000819246 0.000819246 2 4 3
31.7113 0.000819119 0.000819119 2 4 3
31.7113 0.000818992 0.000818992 2 4 3
31.7113 0.000818865 0.000818865 2 4 3
31.7113 0.000818739 0.000818739 2 4 3
31.7113 0.000818612 0.000818612 2 4 3
31.7113 0.000818485 0.000818485 2 4 3
31.7113 0.000818359 0.000818359 2 4 3
31.7113 0.000818232 0.000818232 2 4 3
31.7113 0.000818106 0.000818106 2 4 3
31.7113 0.000817979 0.000817979 2 4 3
31.7113 0.000817853 0.000817853 2 4 3
31.7113 0.000817726 0.000817726 2 4 3
31.7113 0.0008176 0.0008176 2 4 3
31.7113 0.000817474 0.000817474 2 4 3
31.7113 0.000817347 0.000817347 2 4 3
31.7113 0.000817221 0.000817221 2 4 3
31.7113 0.000817095 0.000817095 2 4 3
31.7113 0.000816969 0.000816969 2 4 3
31.7113 0.000816843 0.000816843 2 4 3
31.7113 0.000816717 0.000816717 2 4 3
31.7113 0.000816591 0.000816591 2 4 3
31.7113 0.000816465 0.000816465 2 4 3
31.7113 0.000816339 0.000816339 2 4 3
31.7113 0.000816213 0.000816213 2 4 3
31.7113 0.000816087 0.000816087 2 4 3
31.7113 0.000815961 0.000815961 2 4 3
31.7113 0.000815835 0.000815835 2 4 3
31.7113 0.00081571 0.00081571 2 4 3
31.7113 0.000815584 0.000815584 2 4 3
31.7113 0.000815458 0.000815458 2 4 3
31.7113 0.000815332 0.000815332 2 4 3
31.7113 0.000815207 0.000815207 2 4 3
31.7113 0.000815081 0.000815081 2 4 3
31.7113 0.000814956 0.000814956 2 4 3
31.7113 0.00081483 0.00081483 2 4 3
31.7113 0.000814705 0.000814705 2 4 3
31.7113 0.000814579 0.000814579 2 4 3
31.7113 0.000814454 0.000814454 2 4 3
31.7113 0.000814329 0.000814329 2 4 3
31.7113 0.000814203 0.000814203 2 4 3
31.7113 0.000814078 0.000814078 2 4 3
31.7113 0.000813953 0.000813953 2 4 3
31.7113 0.000813828 0.000813828 2 4 3
31.7113 0.000813703 0.000813703 2 4 3
31.7113 0.000813578 0.000813578 2 4 3
31.7113 0.000813452 0.000813452 2 4 3
31.7113 0.000813327 0.000813327 2 4 3
31.7113 0.000813202 0.000813202 2 4 3
31.7113 0.000813077 0.000813077 2 4 3
31.7113 0.000812953 0.000812953 2 4 3
31.7113 0.000812828 0.000812828 2 4 3
31.7113 0.000812703 0.000812703 2 4 3
31.7113 0.000812578 0.000812578 2 4 3
31.7113 0.000812453 0.000812453 2 4 3
31.7113 0.000812329 0.000812329 2 4 3
31.7113 0.000812204 0.000812204 2 4 3
31.7113 0.000812079 0.000812079 2 4 3
31.7113 0.000811955 0.000811955 2 4 3
31.7113 0.00081183 0.00081183 2 4 3
31.7113 0.000811706 0.000811706 2 4 3
31.7113 0.000811581 0.000811581 2 4 3
31.7113 0.000811457 0.000811457 2 4 3
31.7113 0.000811332 0.000811332 2 4 3
31.7113 0.000811208 0.000811208 2 4 3
31.7113 0.000811083 0.000811083 2 4 3
31.7113 0.000810959 0.000810959 2 4 3
31.7113 0.000810835 0.000810835 2 4 3
31.7113 0.000810711 0.000810711 2 4 3
31.7113 0.000810587 0.000810587 2 4 3
31.7113 0.000810462 0.000810462 2 4 3
31.7113 0.000810338 0.000810338 2 4 3
31.7113 0.000810214 0.000810214 2 4 3
31.7113 0.00081009 0.00081009 2 4 3
31.7113 0.000809966 0.000809966 2 4 3
31.7113 0.000809842 0.000809842 2 4 3
31.7113 0.000809718 0.000809718 2 4 3
31.7113 0.000809594 0.000809594 2 4 3
31.7113 0.000809471 0.000809471 2 4 3
31.7113 0.000809347 0.000809347 2 4 3
31.7113 0.000809223 0.000809223 2 4 3
31.7113 0.000809099 0.000809099 2 4 3
31.7113 0.000808976 0.000808976 2 4 3
31.7113 0.000808852 0.000808852 2 4 3
31.7113 0.000808728 0.000808728 2 4 3
31.7113 0.000808605 0.000808605 2 4 3
31.7113 0.000808481 0.000808481 2 4 3
31.7113 0.000808358 0.000808358 2 4 3
31.7113 0.000808234 0.000808234 2 4 3
31.7113 0.000808111 0.000808111 2 4 3
31.7113 0.000807987 0.000807987 2 4 3
31.7113 0.000807864 0.000807864 2 4 3
31.7113 0.000807741 0.000807741 2 4 3
31.7113 0.000807617 0.000807617 2 4 3
31.7113 0.000807494 0.000807494 2 4 3
31.7113 0.000807371 0.000807371 2 4 3
31.7113 0.000807248 0.000807248 2 4 3
31.7113 0.000807125 0.000807125 2 4 3
31.7113 0.000807002 0.000807002 2 4 3
31.7113 0.000806879 0.000806879 2 4 3
31.7113 0.000806756 0.000806756 2 4 3
31.7113 0.000806633 0.000806633 2 4 3
31.7113 0.00080651 0.00080651 2 4 3
31.7113 0.000806387 0.000806387 2 4 3
31.7113 0.000806264 0.000806264 2 4 3
31.7113 0.000806141 0.000806141 2 4 3
31.7113 0.000806018 0.000806018 2 4 3
31.7113 0.000805895 0.000805895 2 4 3
31.7113 0.000805773 0.000805773 2 4 3
31.7113 0.00080565 0.00080565 2 4 3
31.7113 0.000805527 0.000805527 2 4 3
31.7113 0.000805405 0.000805405 2 4 3
31.7113 0.000805282 0.000805282 2 4 3
31.7113 0.00080516 0.00080516 2 4 3
31.7113 0.000805037 0.000805037 2 4 3
31.7113 0.000804915 0.000804915 2 4 3
31.7113 0.000804792 0.000804792 2 4 3
31.7113 0.00080467 0.00080467 2 4 3
31.7113 0.000804548 0.000804548 2 4 3
31.7113 0.000804425 0.000804425 2 4 3
31.7113 0.000804303 0.000804303 2 4 3
31.7113 0.000804181 0.000804181 2 4 3
31.7113 0.000804059 0.000804059 2 4 3
31.7113 0.000803936 0.000803936 2 4 3
31.7113 0.000803814 0.000803814 2 4 3
31.7113 0.000803692 0.000803692 2 4 3
31.7113 0.00080357 0.00080357 2 4 3
31.7113 0.000803448 0.000803448 2 4 3
31.7113 0.000803326 0.000803326 2 4 3
31.7113 0.000803204 0.000803204 2 4 3
31.7113 0.000803082 0.000803082 2 4 3
31.7113 0.000802961 0.000802961 2 4 3
31.7113 0.000802839 0.000802839 2 4 3
31.7113 0.000802717 0.000802717 2 4 3
31.7113 0.000802595 0.000802595 2 4 3
31.7113 0.000802473 0.000802473 2 4 3
31.7113 0.000802352 0.000802352 2 4 3
31.7113 0.00080223 0.00080223 2 4 3
31.7113 0.000802109 0.000802109 2 4 3
31.7113 0.000801987 0.000801987 2 4 3
31.7113 0.000801865 0.000801865 2 4 3
31.7113 0.000801744 0.000801744 2 4 3
31.7113 0.000801623 0.000801623 2 4 3
31.7113 0.000801501 0.000801501 2 4 3
31.7113 0.00080138 0.00080138 2 4 3
31.7113 0.000801258 0.000801258 2 4 3
31.7113 0.000801137 0.000801137 2 4 3
31.7113 0.000801016 0.000801016 2 4 3
31.7113 0.000800895 0.000800895 2 4 3
31.7113 0.000800773 0.000800773 2 4 3
31.7113 0.000800652 0.000800652 2 4 3
31.7113 0.000800531 0.000800531 2 4 3
31.7113 0.00080041 0.00080041 2 4 3
31.7113 0.000800289 0.000800289 2 4 3
31.7113 0.000800168 0.000800168 2 4 3
31.7113 0.000800047 0.000800047 2 4 3
31.7113 0.000799926 0.000799926 2 4 3
31.7113 0.000799805 0.000799805 2 4 3
31.7113 0.000799684 0.000799684 2 4 3
31.7113 0.000799563 0.000799563 2 4 3
31.7113 0.000799443 0.000799443 2 4 3
31.7113 0.000799322 0.000799322 2 4 3
31.7113 0.000799201 0.000799201 2 4 3
31.7113 0.00079908 0.00079908 2 4 3
31.7113 0.00079896 0.00079896 2 4 3
31.7113 0.000798839 0.000798839 2 4 3
31.7113 0.000798719 0.000798719 2 4 3
31.7113 0.000798598 0.000798598 2 4 3
31.7113 0.000798478 0.000798478 2 4 3
31.7113 0.000798357 0.000798357 2 4 3
31.7113 0.000798237 0.000798237 2 4 3
31.7113 0.000798116 0.000798116 2 4 3
31.7113 0.000797996 0.000797996 2 4 3
31.7113 0.000797876 0.000797876 2 4 3
31.7113 0.000797755 0.000797755 2 4 3
31.7113 0.000797635 0.000797635 2 4 3
31.7113 0.000797515 0.000797515 2 4 3
31.7113 0.000797395 0.000797395 2 4 3
31.7113 0.000797275 0.000797275 2 4 3
31.7113 0.000797154 0.000797154 2 4 3
31.7113 0.000797034 0.000797034 2 4 3
31.7113 0.000796914 0.000796914 2 4 3
31.7113 0.000796794 0.000796794 2 4 3
31.7113 0.000796674 0.000796674 2 4 3
31.7113 0.000796554 0.000796554 2 4 3
31.7113 0.000796435 0.000796435 2 4 3
31.7113 0.000796315 0.000796315 2 4 3
31.7113 0.000796195 0.000796195 2 4 3
31.7113 0.000796075 0.000796075 2 4 3
31.7113 0.000795955 0.000795955 2 4 3
31.7113 0.000795836 0.000795836 2 4 3
31.7113 0.000795716 0.000795716 2 4 3
31.7113 0.000795596 0.000795596 2 4 3
31.7113 0.000795477 0.000795477 2 4 3
31.7113 0.000795357 0.000795357 2 4 3
31.7113 0.000795238 0.000795238 2 4 3
31.7113 0.000795118 0.000795118 2 4 3
31.7113 0.000794999 0.000794999 2 4 3
31.7113 0.000794879 0.000794879 2 4 3
31.7113 0.00079476 0.00079476 2 4 3
31.7113 0.000794641 0.000794641 2 4 3
31.7113 0.000794521 0.000794521 2 4 3
31.7113 0.000794402 0.000794402 2 4 3
31.7113 0.000794283 0.000794283 2 4 3
31.7113 0.000794164 0.000794164 2 4 3
31.7113 0.000794044 0.000794044 2 4 3
31.7113 0.000793925 0.000793925 2 4 3
31.7113 0.000793806 0.000793806 2 4 3
31.7113 0.000793687 0.000793687 2 4 3
31.7113 0.000793568 0.000793568 2 4 3
31.7113 0.000793449 0.000793449 2 4 3
31.7113 0.00079333 0.00079333 2 4 3
31.7113 0.000793211 0.000793211 2 4 3
31.7113 0.000793092 0.000793092 2 4 3
31.7113 0.000792973 0.000792973 2 4 3
31.7113 0.000792855 0.000792855 2 4 3
31.7113 0.000792736 0.000792736 2 4 3
31.7113 0.000792617 0.000792617 2 4 3
31.7113 0.000792498 0.000792498 2 4 3
31.7113 0.00079238 0.00079238 2 4 3
31.7113 0.000792261 0.000792261 2 4 3
31.7113 0.000792142 0.000792142 2 4 3
31.7113 0.000792024 0.000792024 2 4 3
31.7113 0.000791905 0.000791905 2 4 3
31.7113 0.000791787 0.000791787 2 4 3
31.7113 0.000791668 0.000791668 2 4 3
31.7113 0.00079155 0.00079155 2 4 3
31.7113 0.000791432 0.000791432 2 4 3
31.7113 0.000791313 0.000791313 2 4 3
31.7113 0.000791195 0.000791195 2 4 3
31.7113 0.000791077 0.000791077 2 4 3
31.7113 0.000790958 0.000790958 2 4 3
31.7113 0.00079084 0.00079084 2 4 3
31.7113 0.000790722 0.000790722 2 4 3
31.7113 0.000790604 0.000790604 2 4 3
31.7113 0.000790486 0.000790486 2 4 3
31.7113 0.000790368 0.000790368 2 4 3
31.7113 0.00079025 0.00079025 2 4 3
31.7113 0.000790132 0.000790132 2 4 3
31.7113 0.000790014 0.000790014 2 4 3
31.7113 0.000789896 0.000789896 2 4 3
31.7113 0.000789778 0.000789778 2 4 3
31.7113 0.00078966 0.00078966 2 4 3
31.7113 0.000789542 0.000789542 2 4 3
31.7113 0.000789424 0.000789424 2 4 3
31.7113 0.000789307 0.000789307 2 4 3
31.7113 0.000789189 0.000789189 2 4 3
31.7113 0.000789071 0.000789071 2 4 3
31.7113 0.000788954 0.000788954 2 4 3
31.7113 0.000788836 0.000788836 2 4 3
31.7113 0.000788718 0.000788718 2 4 3
31.7113 0.000788601 0.000788601 2 4 3
31.7113 0.000788483 0.000788483 2 4 3
31.7113 0.000788366 0.000788366 2 4 3
31.7113 0.000788249 0.000788249 2 4 3
31.7113 0.000788131 0.000788131 2 4 3
31.7113 0.000788014 0.000788014 2 4 3
31.7113 0.000787896 0.000787896 2 4 3
31.7113 0.000787779 0.000787779 2 4 3
31.7113 0.000787662 0.000787662 2 4 3
31.7113 0.000787545 0.000787545 2 4 3
31.7113 0.000787427 0.000787427 2 4 3
31.7113 0.00078731 0.00078731 2 4 3
31.7113 0.000787193 0.000787193 2 4 3
31.7113 0.000787076 0.000787076 2 4 3
31.7113 0.000786959 0.000786959 2 4 3
31.7113 0.000786842 0.000786842 2 4 3
31.7113 0.000786725 0.000786725 2 4 3
31.7113 0.000786608 0.000786608 2 4 3
31.7113 0.000786491 0.000786491 2 4 3
31.7113 0.000786374 0.000786374 2 4 3
31.7113 0.000786257 0.000786257 2 4 3
31.7113 0.000786141 0.000786141 2 4 3
31.7113 0.000786024 0.000786024 2 4 3
31.7113 0.000785907 0.000785907 2 4 3
31.7113 0.00078579 0.00078579 2 4 3
31.7113 0.000785674 0.000785674 2 4 3
31.7113 0.000785557 0.000785557 2 4 3
31.7113 0.000785441 0.000785441 2 4 3
31.7113 0.000785324 0.000785324 2 4 3
31.7113 0.000785207 0.000785207 2 4 3
31.7113 0.000785091 0.000785091 2 4 3
31.7113 0.000784974 0.000784974 2 4 3
31.7113 0.000784858 0.000784858 2 4 3
31.7113 0.000784742 0.000784742 2 4 3
31.7113 0.000784625 0.000784625 2 4 3
31.7113 0.000784509 0.000784509 2 4 3
31.7113 0.000784393 0.000784393 2 4 3
31.7113 0.000784276 0.000784276 2 4 3
31.7113 0.00078416 0.00078416 2 4 3
31.7113 0.000784044 0.000784044 2 4 3
31.7113 0.000783928 0.000783928 2 4 3
31.7113 0.000783812 0.000783812 2 4 3
31.7113 0.000783696 0.000783696 2 4 3
31.7113 0.00078358 0.00078358 2 4 3
31.7113 0.000783464 0.000783464 2 4 3
31.7113 0.000783348 0.000783348 2 4 3
31.7113 0.000783232 0.000783232 2 4 3
31.7113 0.000783116 0.000783116 2 4 3
31.7113 0.000783 0.000783 2 4 3
31.7113 0.000782884 0.000782884 2 4 3
31.7113 0.000782768 0.000782768 2 4 3
31.7113 0.000782652 0.000782652 2 4 3
31.7113 0.000782537 0.000782537 2 4 3
31.7113 0.000782421 0.000782421 2 4 3
31.7113 0.000782305 0.000782305 2 4 3
31.7113 0.00078219 0.00078219 2 4 3
31.7113 0.000782074 0.000782074 2 4 3
31.7113 0.000781959 0.000781959 2 4 3
31.7113 0.000781843 0.000781843 2 4 3
31.7113 0.000781728 0.000781728 2 4 3
31.7113 0.000781612 0.000781612 2 4 3
31.7113 0.000781497 0.000781497 2 4 3
31.7113 0.000781381 0.000781381 2 4 3
31.7113 0.000781266 0.000781266 2 4 3
31.7113 0.000781151 0.000781151 2 4 3
31.7113 0.000781035 0.000781035 2 4 3
31.7113 0.00078092 0.00078092 2 4 3
31.7113 0.000780805 0.000780805 2 4 3
31.7113 0.00078069 0.00078069 2 4 3
31.7113 0.000780574 0.000780574 2 4 3
31.7113 0.000780459 0.000780459 2 4 3
31.7113 0.000780344 0.000780344 2 4 3
31.7113 0.000780229 0.000780229 2 4 3
31.7113 0.000780114 0.000780114 2 4 3
31.7113 0.000779999 0.000779999 2 4 3
31.7113 0.000779884 0.000779884 2 4 3
31.7113 0.000779769 0.000779769 2 4 3
31.7113 0.000779654 0.000779654 2 4 3
31.7113 0.000779539 0.000779539 2 4 3
31.7113 0.000779425 0.000779425 2 4 3
31.7113 0.00077931 0.00077931 2 4 3
31.7113 0.000779195 0.000779195 2 4 3
31.7113 0.00077908 0.00077908 2 4 3
31.7113 0.000778966 0.000778966 2 4 3
31.7113 0.000778851 0.000778851 2 4 3
31.7113 0.000778736 0.000778736 2 4 3
31.7113 0.000778622 0.000778622 2 4 3
31.7113 0.000778507 0.000778507 2 4 3
31.7113 0.000778393 0.000778393 2 4 3
31.7113 0.000778278 0.000778278 2 4 3
31.7113 0.000778164 0.000778164 2 4 3
31.7113 0.000778049 0.000778049 2 4 3
31.7113 0.000777935 0.000777935 2 4 3
31.7113 0.000777821 0.000777821 2 4 3
31.7113 0.000777706 0.000777706 2 4 3
31.7113 0.000777592 0.000777592 2 4 3
31.7113 0.000777478 0.000777478 2 4 3
31.7113 0.000777364 0.000777364 2 4 3
31.7113 0.000777249 0.000777249 2 4 3
31.7113 0.000777135 0.000777135 2 4 3
31.7113 0.000777021 0.000777021 2 4 3
31.7113 0.000776907 0.000776907 2 4 3
31.7113 0.000776793 0.000776793 2 4 3
31.7113 0.000776679 0.000776679 2 4 3
31.7113 0.000776565 0.000776565 2 4 3
31.7113 0.000776451 0.000776451 2 4 3
31.7113 0.000776337 0.000776337 2 4 3
31.7113 0.000776223 0.000776223 2 4 3
31.7113 0.000776109 0.000776109 2 4 3
31.7113 0.000775996 0.000775996 2 4 3
31.7113 0.000775882 0.000775882 2 4 3
31.7113 0.000775768 0.000775768 2 4 3
31.7113 0.000775654 0.000775654 2 4 3
31.7113 0.000775541 0.000775541 2 4 3
31.7113 0.000775427 0.000775427 2 4 3
31.7113 0.000775313 0.000775313 2 4 3
31.7113 0.0007752 0.0007752 2 4 3
31.7113 0.000775086 0.000775086 2 4 3
31.7113 0.000774973 0.000774973 2 4 3
31.7113 0.000774859 0.000774859 2 4 3
31.7113 0.000774746 0.000774746 2 4 3
31.7113 0.000774633 0.000774633 2 4 3
31.7113 0.000774519 0.000774519 2 4 3
31.7113 0.000774406 0.000774406 2 4 3
31.7113 0.000774292 0.000774292 2 4 3
31.7113 0.000774179 0.000774179 2 4 3
31.7113 0.000774066 0.000774066 2 4 3
31.7113 0.000773953 0.000773953 2 4 3
31.7113 0.00077384 0.00077384 2 4 3
31.7113 0.000773726 0.000773726 2 4 3
31.7113 0.000773613 0.000773613 2 4 3
31.7113 0.0007735 0.0007735 2 4 3
31.7113 0.000773387 0.000773387 2 4 3
31.7113 0.000773274 0.000773274 2 4 3
31.7113 0.000773161 0.000773161 2 4 3
31.7113 0.000773048 0.000773048 2 4 3
31.7113 0.000772935 0.000772935 2 4 3
31.7113 0.000772822 0.000772822 2 4 3
31.7113 0.00077271 0.00077271 2 4 3
31.7113 0.000772597 0.000772597 2 4 3
31.7113 0.000772484 0.000772484 2 4 3
31.7113 0.000772371 0.000772371 2 4 3
31.7113 0.000772258 0.000772258 2 4 3
31.7113 0.000772146 0.000772146 2 4 3
31.7113 0.000772033 0.000772033 2 4 3
31.7113 0.000771921 0.000771921 2 4 3
31.7113 0.000771808 0.000771808 2 4 3
31.7113 0.000771695 0.000771695 2 4 3
31.7113 0.000771583 0.000771583 2 4 3
31.7113 0.00077147 0.00077147 2 4 3
31.7113 0.000771358 0.000771358 2 4 3
31.7113 0.000771245 0.000771245 2 4 3
31.7113 0.000771133 0.000771133 2 4 3
31.7113 0.000771021 0.000771021 2 4 3
31.7113 0.000770908 0.000770908 2 4 3
31.7113 0.000770796 0.000770796 2 4 3
31.7113 0.000770684 0.000770684 2 4 3
31.7113 0.000770572 0.000770572 2 4 3
31.7113 0.000770459 0.000770459 2 4 3
31.7113 0.000770347 0.000770347 2 4 3
31.7113 0.000770235 0.000770235 2 4 3
31.7113 0.000770123 0.000770123 2 4 3
31.7113 0.000770011 0.000770011 2 4 3
31.7113 0.000769899 0.000769899 2 4 3
31.7113 0.000769787 0.000769787 2 4 3
31.7113 0.000769675 0.000769675 2 4 3
31.7113 0.000769563 0.000769563 2 4 3
31.7113 0.000769451 0.000769451 2 4 3
31.7113 0.000769339 0.000769339 2 4 3
31.7113 0.000769227 0.000769227 2 4 3
31.7113 0.000769116 0.000769116 2 4 3
31.7113 0.000769004 0.000769004 2 4 3
31.7113 0.000768892 0.000768892 2 4 3
31.7113 0.00076878 0.00076878 2 4 3
31.7113 0.000768669 0.000768669 2 4 3
31.7113 0.000768557 0.000768557 2 4 3
31.7113 0.000768445 0.000768445 2 4 3
31.7113 0.000768334 0.000768334 2 4 3
31.7113 0.000768222 0.000768222 2 4 3
31.7113 0.000768111 0.000768111 2 4 3
31.7113 0.000767999 0.000767999 2 4 3
31.7113 0.000767888 0.000767888 2 4 3
31.7113 0.000767777 0.000767777 2 4 3
31.7113 0.000767665 0.000767665 2 4 3
31.7113 0.000767554 0.000767554 2 4 3
31.7113 0.000767442 0.000767442 2 4 3
31.7113 0.000767331 0.000767331 2 4 3
31.7113 0.00076722 0.00076722 2 4 3
31.7113 0.000767109 0.000767109 2 4 3
31.7113 0.000766998 0.000766998 2 4 3
31.7113 0.000766886 0.000766886 2 4 3
31.7113 0.000766775 0.000766775 2 4 3
31.7113 0.000766664 0.000766664 2 4 3
31.7113 0.000766553 0.000766553 2 4 3
31.7113 0.000766442 0.000766442 2 4 3
31.7113 0.000766331 0.000766331 2 4 3
31.7113 0.00076622 0.00076622 2 4 3
31.7113 0.000766109 0.000766109 2 4 3
31.7113 0.000765998 0.000765998 2 4 3
31.7113 0.000765887 0.000765887 2 4 3
31.7113 0.000765777 0.000765777 2 4 3
31.7113 0.000765666 0.000765666 2 4 3
31.7113 0.000765555 0.000765555 2 4 3
31.7113 0.000765444 0.000765444 2 4 3
31.7113 0.000765334 0.000765334 2 4 3
31.7113 0.000765223 0.000765223 2 4 3
31.7113 0.000765112 0.000765112 2 4 3
31.7113 0.000765002 0.000765002 2 4 3
31.7113 0.000764891 0.000764891 2 4 3
31.7113 0.000764781 0.000764781 2 4 3
31.7113 0.00076467 0.00076467 2 4 3
31.7113 0.00076456 0.00076456 2 4 3
31.7113 0.000764449 0.000764449 2 4 3
31.7113 0.000764339 0.000764339 2 4 3
31.7113 0.000764228 0.000764228 2 4 3
31.7113 0.000764118 0.000764118 2 4 3
31.7113 0.000764008 0.000764008 2 4 3
31.7113 0.000763897 0.000763897 2 4 3
31.7113 0.000763787 0.000763787 2 4 3
31.7113 0.000763677 0.000763677 2 4 3
31.7113 0.000763567 0.000763567 2 4 3
31.7113 0.000763456 0.000763456 2 4 3
31.7113 0.000763346 0.000763346 2 4 3
31.7113 0.000763236 0.000763236 2 4 3
31.7113 0.000763126 0.000763126 2 4 3
31.7113 0.000763016 0.000763016 2 4 3
31.7113 0.000762906 0.000762906 2 4 3
31.7113 0.000762796 0.000762796 2 4 3
31.7113 0.000762686 0.000762686 2 4 3
31.7113 0.000762576 0.000762576 2 4 3
31.7113 0.000762466 0.000762466 2 4 3
31.7113 0.000762357 0.000762357 2 4 3
31.7113 0.000762247 0.000762247 2 4 3
31.7113 0.000762137 0.000762137 2 4 3
31.7113 0.000762027 0.000762027 2 4 3
31.7113 0.000761917 0.000761917 2 4 3
31.7113 0.000761808 0.000761808 2 4 3
31.7113 0.000761698 0.000761698 2 4 3
31.7113 0.000761588 0.000761588 2 4 3
31.7113 0.000761479 0.000761479 2 4 3
31.7113 0.000761369 0.000761369 2 4 3
31.7113 0.00076126 0.00076126 2 4 3
31.7113 0.00076115 0.00076115 2 4 3
31.7113 0.000761041 0.000761041 2 4 3
31.7113 0.000760931 0.000760931 2 4 3
31.7113 0.000760822 0.000760822 2 4 3
31.7113 0.000760713 0.000760713 2 4 3
31.7113 0.000760603 0.000760603 2 4 3
31.7113 0.000760494 0.000760494 2 4 3
31.7113 0.000760385 0.000760385 2 4 3
31.7113 0.000760275 0.000760275 2 4 3
31.7113 0.000760166 0.000760166 2 4 3
31.7113 0.000760057 0.000760057 2 4 3
31.7113 0.000759948 0.000759948 2 4 3
31.7113 0.000759839 0.000759839 2 4 3
31.7113 0.00075973 0.00075973 2 4 3
31.7113 0.000759621 0.000759621 2 4 3
31.7113 0.000759512 0.000759512 2 4 3
31.7113 0.000759403 0.000759403 2 4 3
31.7113 0.000759294 0.000759294 2 4 3
31.7113 0.000759185 0.000759185 2 4 3
31.7113 0.000759076 0.000759076 2 4 3
31.7113 0.000758967 0.000758967 2 4 3
31.7113 0.000758858 0.000758858 2 4 3
31.7113 0.000758749 0.000758749 2 4 3
31.7113 0.00075864 0.00075864 2 4 3
31.7113 0.000758532 0.000758532 2 4 3
31.7113 0.000758423 0.000758423 2 4 3
31.7113 0.000758314 0.000758314 2 4 3
31.7113 0.000758206 0.000758206 2 4 3
31.7113 0.000758097 0.000758097 2 4 3
31.7113 0.000757988 0.000757988 2 4 3
31.7113 0.00075788 0.00075788 2 4 3
31.7113 0.000757771 0.000757771 2 4 3
31.7113 0.000757663 0.000757663 2 4 3
31.7113 0.000757554 0.000757554 2 4 3
31.7113 0.000757446 0.000757446 2 4 3
31.7113 0.000757338 0.000757338 2 4 3
31.7113 0.000757229 0.000757229 2 4 3
31.7113 0.000757121 0.000757121 2 4 3
31.7113 0.000757013 0.000757013 2 4 3
31.7113 0.000756904 0.000756904 2 4 3
31.7113 0.000756796 0.000756796 2 4 3
31.7113 0.000756688 0.000756688 2 4 3
31.7113 0.00075658 0.00075658 2 4 3
31.7113 0.000756471 0.000756471 2 4 3
31.7113 0.000756363 0.000756363 2 4 3
31.7113 0.000756255 0.000756255 2 4 3
31.7113 0.000756147 0.000756147 2 4 3
31.7113 0.000756039 0.000756039 2 4 3
31.7113 0.000755931 0.000755931 2 4 3
31.7113 0.000755823 0.000755823 2 4 3
31.7113 0.000755715 0.000755715 2 4 3
31.7113 0.000755607 0.000755607 2 4 3
31.7113 0.000755499 0.000755499 2 4 3
31.7113 0.000755392 0.000755392 2 4 3
31.7113 0.000755284 0.000755284 2 4 3
31.7113 0.000755176 0.000755176 2 4 3
31.7113 0.000755068 0.000755068 2 4 3
31.7113 0.00075496 0.00075496 2 4 3
31.7113 0.000754853 0.000754853 2 4 3
31.7113 0.000754745 0.000754745 2 4 3
31.7113 0.000754637 0.000754637 2 4 3
31.7113 0.00075453 0.00075453 2 4 3
31.7113 0.000754422 0.000754422 2 4 3
31.7113 0.000754315 0.000754315 2 4 3
31.7113 0.000754207 0.000754207 2 4 3
31.7113 0.0007541 0.0007541 2 4 3
31.7113 0.000753992 0.000753992 2 4 3
31.7113 0.000753885 0.000753885 2 4 3
31.7113 0.000753778 0.000753778 2 4 3
31.7113 0.00075367 0.00075367 2 4 3
31.7113 0.000753563 0.000753563 2 4 3
31.7113 0.000753456 0.000753456 2 4 3
31.7113 0.000753348 0.000753348 2 4 3
31.7113 0.000753241 0.000753241 2 4 3
31.7113 0.000753134 0.000753134 2 4 3
31.7113 0.000753027 0.000753027 2 4 3
31.7113 0.00075292 0.00075292 2 4 3
31.7113 0.000752812 0.000752812 2 4 3
31.7113 0.000752705 0.000752705 2 4 3
31.7113 0.000752598 0.000752598 2 4 3
31.7113 0.000752491 0.000752491 2 4 3
31.7113 0.000752384 0.000752384 2 4 3
31.7113 0.000752277 0.000752277 2 4 3
31.7113 0.00075217 0.00075217 2 4 3
31.7113 0.000752063 0.000752063 2 4 3
31.7113 0.000751957 0.000751957 2 4 3
31.7113 0.00075185 0.00075185 2 4 3
31.7113 0.000751743 0.000751743 2 4 3
31.7113 0.000751636 0.000751636 2 4 3
31.7113 0.000751529 0.000751529 2 4 3
31.7113 0.000751423 0.000751423 2 4 3
31.7113 0.000751316 0.000751316 2 4 3
31.7113 0.000751209 0.000751209 2 4 3
31.7113 0.000751103 0.000751103 2 4 3
31.7113 0.000750996 0.000750996 2 4 3
31.7113 0.00075089 0.00075089 2 4 3
31.7113 0.000750783 0.000750783 2 4 3
31.7113 0.000750677 0.000750677 2 4 3
31.7113 0.00075057 0.00075057 2 4 3
31.7113 0.000750464 0.000750464 2 4 3
31.7113 0.000750357 0.000750357 2 4 3
31.7113 0.000750251 0.000750251 2 4 3
31.7113 0.000750144 0.000750144 2 4 3
31.7113 0.000750038 0.000750038 2 4 3
31.7113 0.000749932 0.000749932 2 4 3
31.7113 0.000749826 0.000749826 2 4 3
31.7113 0.000749719 0.000749719 2 4 3
31.7113 0.000749613 0.000749613 2 4 3
31.7113 0.000749507 0.000749507 2 4 3
31.7113 0.000749401 0.000749401 2 4 3
31.7113 0.000749295 0.000749295 2 4 3
31.7113 0.000749189 0.000749189 2 4 3
31.7113 0.000749083 0.000749083 2 4 3
31.7113 0.000748976 0.000748976 2 4 3
31.7113 0.00074887 0.00074887 2 4 3
31.7113 0.000748765 0.000748765 2 4 3
31.7113 0.000748659 0.000748659 2 4 3
31.7113 0.000748553 0.000748553 2 4 3
31.7113 0.000748447 0.000748447 2 4 3
31.7113 0.000748341 0.000748341 2 4 3
31.7113 0.000748235 0.000748235 2 4 3
31.7113 0.000748129 0.000748129 2 4 3
31.7113 0.000748024 0.000748024 2 4 3
31.7113 0.000747918 0.000747918 2 4 3
31.7113 0.000747812 0.000747812 2 4 3
31.7113 0.000747707 0.000747707 2 4 3
31.7113 0.000747601 0.000747601 2 4 3
31.7113 0.000747495 0.000747495 2 4 3
31.7113 0.00074739 0.00074739 2 4 3
31.7113 0.000747284 0.000747284 2 4 3
31.7113 0.000747179 0.000747179 2 4 3
31.7113 0.000747073 0.000747073 2 4 3
31.7113 0.000746968 0.000746968 2 4 3
31.7113 0.000746862 0.000746862 2 4 3
31.7113 0.000746757 0.000746757 2 4 3
31.7113 0.000746652 0.000746652 2 4 3
31.7113 0.000746546 0.000746546 2 4 3
31.7113 0.000746441 0.000746441 2 4 3
31.7113 0.000746336 0.000746336 2 4 3
31.7113 0.00074623 0.00074623 2 4 3
31.7113 0.000746125 0.000746125 2 4 3
31.7113 0.00074602 0.00074602 2 4 3
31.7113 0.000745915 0.000745915 2 4 3
31.7113 0.00074581 0.00074581 2 4 3
31.7113 0.000745705 0.000745705 2 4 3
31.7113 0.000745599 0.000745599 2 4 3
31.7113 0.000745494 0.000745494 2 4 3
31.7113 0.000745389 0.000745389 2 4 3
31.7113 0.000745284 0.000745284 2 4 3
31.7113 0.000745179 0.000745179 2 4 3
31.7113 0.000745075 0.000745075 2 4 3
31.7113 0.00074497 0.00074497 2 4 3
31.7113 0.000744865 0.000744865 2 4 3
31.7113 0.00074476 0.00074476 2 4 3
31.7113 0.000744655 0.000744655 2 4 3
31.7113 0.00074455 0.00074455 2 4 3
31.7113 0.000744446 0.000744446 2 4 3
31.7113 0.000744341 0.000744341 2 4 3
31.7113 0.000744236 0.000744236 2 4 3
31.7113 0.000744132 0.000744132 2 4 3
31.7113 0.000744027 0.000744027 2 4 3
31.7113 0.000743922 0.000743922 2 4 3
31.7113 0.000743818 0.000743818 2 4 3
31.7113 0.000743713 0.000743713 2 4 3
31.7113 0.000743609 0.000743609 2 4 3
31.7113 0.000743504 0.000743504 2 4 3
31.7113 0.0007434 0.0007434 2 4 3
31.7113 0.000743295 0.000743295 2 4 3
31.7113 0.000743191 0.000743191 2 4 3
31.7113 0.000743087 0.000743087 2 4 3
31.7113 0.000742982 0.000742982 2 4 3
31.7113 0.000742878 0.000742878 2 4 3
31.7113 0.000742774 0.000742774 2 4 3
31.7113 0.000742669 0.000742669 2 4 3
31.7113 0.000742565 0.000742565 2 4 3
31.7113 0.000742461 0.000742461 2 4 3
31.7113 0.000742357 0.000742357 2 4 3
31.7113 0.000742253 0.000742253 2 4 3
31.7113 0.000742149 0.000742149 2 4 3
31.7113 0.000742045 0.000742045 2 4 3
31.7113 0.000741941 0.000741941 2 4 3
31.7113 0.000741837 0.000741837 2 4 3
31.7113 0.000741733 0.000741733 2 4 3
31.7113 0.000741629 0.000741629 2 4 3
31.7113 0.000741525 0.000741525 2 4 3
31.7113 0.000741421 0.000741421 2 4 3
31.7113 0.000741317 0.000741317 2 4 3
31.7113 0.000741213 0.000741213 2 4 3
31.7113 0.000741109 0.000741109 2 4 3
31.7113 0.000741006 0.000741006 2 4 3
31.7113 0.000740902 0.000740902 2 4 3
31.7113 0.000740798 0.000740798 2 4 3
31.7113 0.000740694 0.000740694 2 4 3
31.7113 0.000740591 0.000740591 2 4 3
31.7113 0.000740487 0.000740487 2 4 3
31.7113 0.000740383 0.000740383 2 4 3
31.7113 0.00074028 0.00074028 2 4 3
31.7113 0.000740176 0.000740176 2 4 3
31.7113 0.000740073 0.000740073 2 4 3
31.7113 0.000739969 0.000739969 2 4 3
31.7113 0.000739866 0.000739866 2 4 3
31.7113 0.000739762 0.000739762 2 4 3
31.7113 0.000739659 0.000739659 2 4 3
31.7113 0.000739556 0.000739556 2 4 3
31.7113 0.000739452 0.000739452 2 4 3
31.7113 0.000739349 0.000739349 2 4 3
31.7113 0.000739246 0.000739246 2 4 3
31.7113 0.000739142 0.000739142 2 4 3
31.7113 0.000739039 0.000739039 2 4 3
31.7113 0.000738936 0.000738936 2 4 3
31.7113 0.000738833 0.000738833 2 4 3
31.7113 0.00073873 0.00073873 2 4 3
31.7113 0.000738627 0.000738627 2 4 3
31.7113 0.000738523 0.000738523 2 4 3
31.7113 0.00073842 0.00073842 2 4 3
31.7113 0.000738317 0.000738317 2 4 3
31.7113 0.000738214 0.000738214 2 4 3
31.7113 0.000738111 0.000738111 2 4 3
31.7113 0.000738008 0.000738008 2 4 3
31.7113 0.000737906 0.000737906 2 4 3
31.7113 0.000737803 0.000737803 2 4 3
31.7113 0.0007377 0.0007377 2 4 3
31.7113 0.000737597 0.000737597 2 4 3
31.7113 0.000737494 0.000737494 2 4 3
31.7113 0.000737391 0.000737391 2 4 3
31.7113 0.000737289 0.000737289 2 4 3
31.7113 0.000737186 0.000737186 2 4 3
31.7113 0.000737083 0.000737083 2 4 3
31.7113 0.000736981 0.000736981 2 4 3
31.7113 0.000736878 0.000736878 2 4 3
31.7113 0.000736775 0.000736775 2 4 3
31.7113 0.000736673 0.000736673 2 4 3
31.7113 0.00073657 0.00073657 2 4 3
31.7113 0.000736468 0.000736468 2 4 3
31.7113 0.000736365 0.000736365 2 4 3
31.7113 0.000736263 0.000736263 2 4 3
31.7113 0.00073616 0.00073616 2 4 3
31.7113 0.000736058 0.000736058 2 4 3
31.7113 0.000735956 0.000735956 2 4 3
31.7113 0.000735853 0.000735853 2 4 3
31.7113 0.000735751 0.000735751 2 4 3
31.7113 0.000735649 0.000735649 2 4 3
31.7113 0.000735546 0.000735546 2 4 3
31.7113 0.000735444 0.000735444 2 4 3
31.7113 0.000735342 0.000735342 2 4 3
31.7113 0.00073524 0.00073524 2 4 3
31.7113 0.000735138 0.000735138 2 4 3
31.7113 0.000735036 0.000735036 2 4 3
31.7113 0.000734934 0.000734934 2 4 3
31.7113 0.000734831 0.000734831 2 4 3
31.7113 0.000734729 0.000734729 2 4 3
31.7113 0.000734627 0.000734627 2 4 3
31.7113 0.000734525 0.000734525 2 4 3
31.7113 0.000734424 0.000734424 2 4 3
31.7113 0.000734322 0.000734322 2 4 3
31.7113 0.00073422 0.00073422 2 4 3
31.7113 0.000734118 0.000734118 2 4 3
31.7113 0.000734016 0.000734016 2 4 3
31.7113 0.000733914 0.000733914 2 4 3
31.7113 0.000733812 0.000733812 2 4 3
31.7113 0.000733711 0.000733711 2 4 3
31.7113 0.000733609 0.000733609 2 4 3
31.7113 0.000733507 0.000733507 2 4 3
31.7113 0.000733406 0.000733406 2 4 3
31.7113 0.000733304 0.000733304 2 4 3
31.7113 0.000733202 0.000733202 2 4 3
31.7113 0.000733101 0.000733101 2 4 3
31.7113 0.000732999 0.000732999 2 4 3
31.7113 0.000732898 0.000732898 2 4 3
31.7113 0.000732796 0.000732796 2 4 3
31.7113 0.000732695 0.000732695 2 4 3
31.7113 0.000732593 0.000732593 2 4 3
31.7113 0.000732492 0.000732492 2 4 3
31.7113 0.000732391 0.000732391 2 4 3
31.7113 0.000732289 0.000732289 2 4 3
31.7113 0.000732188 0.000732188 2 4 3
31.7113 0.000732087 0.000732087 2 4 3
31.7113 0.000731985 0.000731985 2 4 3
31.7113 0.000731884 0.000731884 2 4 3
31.7113 0.000731783 0.000731783 2 4 3
31.7113 0.000731682 0.000731682 2 4 3
31.7113 0.000731581 0.000731581 2 4 3
31.7113 0.000731479 0.000731479 2 4 3
31.7113 0.000731378 0.000731378 2 4 3
31.7113 0.000731277 0.000731277 2 4 3
31.7113 0.000731176 0.000731176 2 4 3
31.7113 0.000731075 0.000731075 2 4 3
31.7113 0.000730974 0.000730974 2 4 3
31.7113 0.000730873 0.000730873 2 4 3
31.7113 0.000730772 0.000730772 2 4 3
31.7113 0.000730671 0.000730671 2 4 3
31.7113 0.00073057 0.00073057 2 4 3
31.7113 0.00073047 0.00073047 2 4 3
31.7113 0.000730369 0.000730369 2 4 3
31.7113 0.000730268 0.000730268 2 4 3
31.7113 0.000730167 0.000730167 2 4 3
31.7113 0.000730067 0.000730067 2 4 3
31.7113 0.000729966 0.000729966 2 4 3
31.7113 0.000729865 0.000729865 2 4 3
31.7113 0.000729764 0.000729764 2 4 3
31.7113 0.000729664 0.000729664 2 4 3
31.7113 0.000729563 0.000729563 2 4 3
31.7113 0.000729463 0.000729463 2 4 3
31.7113 0.000729362 0.000729362 2 4 3
31.7113 0.000729262 0.000729262 2 4 3
31.7113 0.000729161 0.000729161 2 4 3
31.7113 0.000729061 0.000729061 2 4 3
31.7113 0.00072896 0.00072896 2 4 3
31.7113 0.00072886 0.00072886 2 4 3
31.7113 0.000728759 0.000728759 2 4 3
31.7113 0.000728659 0.000728659 2 4 3
31.7113 0.000728559 0.000728559 2 4 3
31.7113 0.000728458 0.000728458 2 4 3
31.7113 0.000728358 0.000728358 2 4 3
31.7113 0.000728258 0.000728258 2 4 3
31.7113 0.000728158 0.000728158 2 4 3
31.7113 0.000728058 0.000728058 2 4 3
31.7113 0.000727957 0.000727957 2 4 3
31.7113 0.000727857 0.000727857 2 4 3
31.7113 0.000727757 0.000727757 2 4 3
31.7113 0.000727657 0.000727657 2 4 3
31.7113 0.000727557 0.000727557 2 4 3
31.7113 0.000727457 0.000727457 2 4 3
31.7113 0.000727357 0.000727357 2 4 3
31.7113 0.000727257 0.000727257 2 4 3
31.7113 0.000727157 0.000727157 2 4 3
31.7113 0.000727057 0.000727057 2 4 3
31.7113 0.000726957 0.000726957 2 4 3
31.7113 0.000726858 0.000726858 2 4 3
31.7113 0.000726758 0.000726758 2 4 3
31.7113 0.000726658 0.000726658 2 4 3
31.7113 0.000726558 0.000726558 2 4 3
31.7113 0.000726458 0.000726458 2 4 3
31.7113 0.000726359 0.000726359 2 4 3
31.7113 0.000726259 0.000726259 2 4 3
31.7113 0.000726159 0.000726159 2 4 3
31.7113 0.00072606 0.00072606 2 4 3
31.7113 0.00072596 0.00072596 2 4 3
31.7113 0.00072586 0.00072586 2 4 3
31.7113 0.000725761 0.000725761 2 4 3
31.7113 0.000725661 0.000725661 2 4 3
31.7113 0.000725562 0.000725562 2 4 3
31.7113 0.000725462 0.000725462 2 4 3
31.7113 0.000725363 0.000725363 2 4 3
31.7113 0.000725264 0.000725264 2 4 3
31.7113 0.000725164 0.000725164 2 4 3
31.7113 0.000725065 0.000725065 2 4 3
31.7113 0.000724965 0.000724965 2 4 3
31.7113 0.000724866 0.000724866 2 4 3
31.7113 0.000724767 0.000724767 2 4 3
31.7113 0.000724668 0.000724668 2 4 3
31.7113 0.000724568 0.000724568 2 4 3
31.7113 0.000724469 0.000724469 2 4 3
31.7113 0.00072437 0.00072437 2 4 3
31.7113 0.000724271 0.000724271 2 4 3
31.7113 0.000724172 0.000724172 2 4 3
31.7113 0.000724073 0.000724073 2 4 3
31.7113 0.000723974 0.000723974 2 4 3
31.7113 0.000723875 0.000723875 2 4 3
31.7113 0.000723776 0.000723776 2 4 3
31.7113 0.000723677 0.000723677 2 4 3
31.7113 0.000723578 0.000723578 2 4 3
31.7113 0.000723479 0.000723479 2 4 3
31.7113 0.00072338 0.00072338 2 4 3
31.7113 0.000723281 0.000723281 2 4 3
31.7113 0.000723182 0.000723182 2 4 3
31.7113 0.000723083 0.000723083 2 4 3
31.7113 0.000722984 0.000722984 2 4 3
31.7113 0.000722886 0.000722886 2 4 3
31.7113 0.000722787 0.000722787 2 4 3
31.7113 0.000722688 0.000722688 2 4 3
31.7113 0.00072259 0.00072259 2 4 3
31.7113 0.000722491 0.000722491 2 4 3
31.7113 0.000722392 0.000722392 2 4 3
31.7113 0.000722294 0.000722294 2 4 3
31.7113 0.000722195 0.000722195 2 4 3
31.7113 0.000722097 0.000722097 2 4 3
31.7113 0.000721998 0.000721998 2 4 3
31.7113 0.0007219 0.0007219 2 4 3
31.7113 0.000721801 0.000721801 2 4 3
31.7113 0.000721703 0.000721703 2 4 3
31.7113 0.000721604 0.000721604 2 4 3
31.7113 0.000721506 0.000721506 2 4 3
31.7113 0.000721407 0.000721407 2 4 3
31.7113 0.000721309 0.000721309 2 4 3
31.7113 0.000721211 0.000721211 2 4 3
31.7113 0.000721113 0.000721113 2 4 3
31.7113 0.000721014 0.000721014 2 4 3
31.7113 0.000720916 0.000720916 2 4 3
31.7113 0.000720818 0.000720818 2 4 3
31.7113 0.00072072 0.00072072 2 4 3
31.7113 0.000720621 0.000720621 2 4 3
31.7113 0.000720523 0.000720523 2 4 3
31.7113 0.000720425 0.000720425 2 4 3
31.7113 0.000720327 0.000720327 2 4 3
31.7113 0.000720229 0.000720229 2 4 3
31.7113 0.000720131 0.000720131 2 4 3
31.7113 0.000720033 0.000720033 2 4 3
31.7113 0.000719935 0.000719935 2 4 3
31.7113 0.000719837 0.000719837 2 4 3
31.7113 0.000719739 0.000719739 2 4 3
31.7113 0.000719641 0.000719641 2 4 3
31.7113 0.000719544 0.000719544 2 4 3
31.7113 0.000719446 0.000719446 2 4 3
31.7113 0.000719348 0.000719348 2 4 3
31.7113 0.00071925 0.00071925 2 4 3
31.7113 0.000719152 0.000719152 2 4 3
31.7113 0.000719055 0.000719055 2 4 3
31.7113 0.000718957 0.000718957 2 4 3
31.7113 0.000718859 0.000718859 2 4 3
31.7113 0.000718762 0.000718762 2 4 3
31.7113 0.000718664 0.000718664 2 4 3
31.7113 0.000718567 0.000718567 2 4 3
31.7113 0.000718469 0.000718469 2 4 3
31.7113 0.000718371 0.000718371 2 4 3
31.7113 0.000718274 0.000718274 2 4 3
31.7113 0.000718176 0.000718176 2 4 3
31.7113 0.000718079 0.000718079 2 4 3
31.7113 0.000717982 0.000717982 2 4 3
31.7113 0.000717884 0.000717884 2 4 3
31.7113 0.000717787 0.000717787 2 4 3
31.7113 0.000717689 0.000717689 2 4 3
31.7113 0.000717592 0.000717592 2 4 3
31.7113 0.000717495 0.000717495 2 4 3
31.7113 0.000717398 0.000717398 2 4 3
31.7113 0.0007173 0.0007173 2 4 3
31.7113 0.000717203 0.000717203 2 4 3
31.7113 0.000717106 0.000717106 2 4 3
31.7113 0.000717009 0.000717009 2 4 3
31.7113 0.000716912 0.000716912 2 4 3
31.7113 0.000716814 0.000716814 2 4 3
31.7113 0.000716717 0.000716717 2 4 3
31.7113 0.00071662 0.00071662 2 4 3
31.7113 0.000716523 0.000716523 2 4 3
31.7113 0.000716426 0.000716426 2 4 3
31.7113 0.000716329 0.000716329 2 4 3
31.7113 0.000716232 0.000716232 2 4 3
31.7113 0.000716135 0.000716135 2 4 3
31.7113 0.000716038 0.000716038 2 4 3
31.7113 0.000715942 0.000715942 2 4 3
31.7113 0.000715845 0.000715845 2 4 3
31.7113 0.000715748 0.000715748 2 4 3
31.7113 0.000715651 0.000715651 2 4 3
31.7113 0.000715554 0.000715554 2 4 3
31.7113 0.000715458 0.000715458 2 4 3
31.7113 0.000715361 0.000715361 2 4 3
31.7113 0.000715264 0.000715264 2 4 3
31.7113 0.000715168 0.000715168 2 4 3
31.7113 0.000715071 0.000715071 2 4 3
31.7113 0.000714974 0.000714974 2 4 3
31.7113 0.000714878 0.000714878 2 4 3
31.7113 0.000714781 0.000714781 2 4 3
31.7113 0.000714685 0.000714685 2 4 3
31.7113 0.000714588 0.000714588 2 4 3
31.7113 0.000714492 0.000714492 2 4 3
31.7113 0.000714395 0.000714395 2 4 3
31.7113 0.000714299 0.000714299 2 4 3
31.7113 0.000714202 0.000714202 2 4 3
31.7113 0.000714106 0.000714106 2 4 3
31.7113 0.00071401 0.00071401 2 4 3
31.7113 0.000713913 0.000713913 2 4 3
31.7113 0.000713817 0.000713817 2 4 3
31.7113 0.000713721 0.000713721 2 4 3
31.7113 0.000713624 0.000713624 2 4 3
31.7113 0.000713528 0.000713528 2 4 3
31.7113 0.000713432 0.000713432 2 4 3
31.7113 0.000713336 0.000713336 2 4 3
31.7113 0.00071324 0.00071324 2 4 3
31.7113 0.000713144 0.000713144 2 4 3
31.7113 0.000713047 0.000713047 2 4 3
31.7113 0.000712951 0.000712951 2 4 3
31.7113 0.000712855 0.000712855 2 4 3
31.7113 0.000712759 0.000712759 2 4 3
31.7113 0.000712663 0.000712663 2 4 3
31.7113 0.000712567 0.000712567 2 4 3
31.7113 0.000712471 0.000712471 2 4 3
31.7113 0.000712375 0.000712375 2 4 3
31.7113 0.00071228 0.00071228 2 4 3
31.7113 0.000712184 0.000712184 2 4 3
31.7113 0.000712088 0.000712088 2 4 3
31.7113 0.000711992 0.000711992 2 4 3
31.7113 0.000711896 0.000711896 2 4 3
31.7113 0.000711801 0.000711801 2 4 3
31.7113 0.000711705 0.000711705 2 4 3
31.7113 0.000711609 0.000711609 2 4 3
31.7113 0.000711513 0.000711513 2 4 3
31.7113 0.000711418 0.000711418 2 4 3
31.7113 0.000711322 0.000711322 2 4 3
31.7113 0.000711227 0.000711227 2 4 3
31.7113 0.000711131 0.000711131 2 4 3
31.7113 0.000711035 0.000711035 2 4 3
31.7113 0.00071094 0.00071094 2 4 3
31.7113 0.000710844 0.000710844 2 4 3
31.7113 0.000710749 0.000710749 2 4 3
31.7113 0.000710653 0.000710653 2 4 3
31.7113 0.000710558 0.000710558 2 4 3
31.7113 0.000710463 0.000710463 2 4 3
31.7113 0.000710367 0.000710367 2 4 3
31.7113 0.000710272 0.000710272 2 4 3
31.7113 0.000710177 0.000710177 2 4 3
31.7113 0.000710081 0.000710081 2 4 3
31.7113 0.000709986 0.000709986 2 4 3
31.7113 0.000709891 0.000709891 2 4 3
31.7113 0.000709796 0.000709796 2 4 3
31.7113 0.0007097 0.0007097 2 4 3
31.7113 0.000709605 0.000709605 2 4 3
31.7113 0.00070951 0.00070951 2 4 3
31.7113 0.000709415 0.000709415 2 4 3
31.7113 0.00070932 0.00070932 2 4 3
31.7113 0.000709225 0.000709225 2 4 3
31.7113 0.00070913 0.00070913 2 4 3
31.7113 0.000709035 0.000709035 2 4 3
31.7113 0.00070894 0.00070894 2 4 3
31.7113 0.000708845 0.000708845 2 4 3
31.7113 0.00070875 0.00070875 2 4 3
31.7113 0.000708655 0.000708655 2 4 3
31.7113 0.00070856 0.00070856 2 4 3
31.7113 0.000708465 0.000708465 2 4 3
31.7113 0.00070837 0.00070837 2 4 3
31.7113 0.000708275 0.000708275 2 4 3
31.7113 0.000708181 0.000708181 2 4 3
31.7113 0.000708086 0.000708086 2 4 3
31.7113 0.000707991 0.000707991 2 4 3
31.7113 0.000707896 0.000707896 2 4 3
31.7113 0.000707802 0.000707802 2 4 3
31.7113 0.000707707 0.000707707 2 4 3
31.7113 0.000707612 0.000707612 2 4 3
31.7113 0.000707518 0.000707518 2 4 3
31.7113 0.000707423 0.000707423 2 4 3
31.7113 0.000707329 0.000707329 2 4 3
31.7113 0.000707234 0.000707234 2 4 3
31.7113 0.00070714 0.00070714 2 4 3
31.7113 0.000707045 0.000707045 2 4 3
31.7113 0.000706951 0.000706951 2 4 3
31.7113 0.000706856 0.000706856 2 4 3
31.7113 0.000706762 0.000706762 2 4 3
31.7113 0.000706667 0.000706667 2 4 3
31.7113 0.000706573 0.000706573 2 4 3
31.7113 0.000706479 0.000706479 2 4 3
31.7113 0.000706384 0.000706384 2 4 3
31.7113 0.00070629 0.00070629 2 4 3
31.7113 0.000706196 0.000706196 2 4 3
31.7113 0.000706102 0.000706102 2 4 3
31.7113 0.000706007 0.000706007 2 4 3
31.7113 0.000705913 0.000705913 2 4 3
31.7113 0.000705819 0.000705819 2 4 3
31.7113 0.000705725 0.000705725 2 4 3
31.7113 0.000705631 0.000705631 2 4 3
31.7113 0.000705537 0.000705537 2 4 3
31.7113 0.000705443 0.000705443 2 4 3
31.7113 0.000705349 0.000705349 2 4 3
31.7113 0.000705255 0.000705255 2 4 3
31.7113 0.000705161 0.000705161 2 4 3
31.7113 0.000705067 0.000705067 2 4 3
31.7113 0.000704973 0.000704973 2 4 3
31.7113 0.000704879 0.000704879 2 4 3
31.7113 0.000704785 0.000704785 2 4 3
31.7113 0.000704691 0.000704691 2 4 3
31.7113 0.000704597 0.000704597 2 4 3
31.7113 0.000704504 0.000704504 2 4 3
31.7113 0.00070441 0.00070441 2 4 3
31.7113 0.000704316 0.000704316 2 4 3
31.7113 0.000704222 0.000704222 2 4 3
31.7113 0.000704129 0.000704129 2 4 3
31.7113 0.000704035 0.000704035 2 4 3
31.7113 0.000703941 0.000703941 2 4 3
31.7113 0.000703848 0.000703848 2 4 3
31.7113 0.000703754 0.000703754 2 4 3
31.7113 0.00070366 0.00070366 2 4 3
31.7113 0.000703567 0.000703567 2 4 3
31.7113 0.000703473 0.000703473 2 4 3
31.7113 0.00070338 0.00070338 2 4 3
31.7113 0.000703286 0.000703286 2 4 3
31.7113 0.000703193 0.000703193 2 4 3
31.7113 0.000703099 0.000703099 2 4 3
31.7113 0.000703006 0.000703006 2 4 3
31.7113 0.000702913 0.000702913 2 4 3
31.7113 0.000702819 0.000702819 2 4 3
31.7113 0.000702726 0.000702726 2 4 3
31.7113 0.000702633 0.000702633 2 4 3
31.7113 0.000702539 0.000702539 2 4 3
31.7113 0.000702446 0.000702446 2 4 3
31.7113 0.000702353 0.000702353 2 4 3
31.7113 0.00070226 0.00070226 2 4 3
31.7113 0.000702166 0.000702166 2 4 3
31.7113 0.000702073 0.000702073 2 4 3
31.7113 0.00070198 0.00070198 2 4 3
31.7113 0.000701887 0.000701887 2 4 3
31.7113 0.000701794 0.000701794 2 4 3
31.7113 0.000701701 0.000701701 2 4 3
31.7113 0.000701608 0.000701608 2 4 3
31.7113 0.000701515 0.000701515 2 4 3
31.7113 0.000701422 0.000701422 2 4 3
31.7113 0.000701329 0.000701329 2 4 3
31.7113 0.000701236 0.000701236 2 4 3
31.7113 0.000701143 0.000701143 2 4 3
31.7113 0.00070105 0.00070105 2 4 3
31.7113 0.000700957 0.000700957 2 4 3
31.7113 0.000700864 0.000700864 2 4 3
31.7113 0.000700772 0.000700772 2 4 3
31.7113 0.000700679 0.000700679 2 4 3
31.7113 0.000700586 0.000700586 2 4 3
31.7113 0.000700493 0.000700493 2 4 3
31.7113 0.000700401 0.000700401 2 4 3
31.7113 0.000700308 0.000700308 2 4 3
31.7113 0.000700215 0.000700215 2 4 3
31.7113 0.000700123 0.000700123 2 4 3
31.7113 0.00070003 0.00070003 2 4 3
31.7113 0.000699937 0.000699937 2 4 3
31.7113 0.000699845 0.000699845 2 4 3
31.7113 0.000699752 0.000699752 2 4 3
31.7113 0.00069966 0.00069966 2 4 3
31.7113 0.000699567 0.000699567 2 4 3
31.7113 0.000699475 0.000699475 2 4 3
31.7113 0.000699382 0.000699382 2 4 3
31.7113 0.00069929 0.00069929 2 4 3
31.7113 0.000699198 0.000699198 2 4 3
31.7113 0.000699105 0.000699105 2 4 3
31.7113 0.000699013 0.000699013 2 4 3
31.7113 0.000698921 0.000698921 2 4 3
31.7113 0.000698828 0.000698828 2 4 3
31.7113 0.000698736 0.000698736 2 4 3
31.7113 0.000698644 0.000698644 2 4 3
31.7113 0.000698551 0.000698551 2 4 3
31.7113 0.000698459 0.000698459 2 4 3
31.7113 0.000698367 0.000698367 2 4 3
31.7113 0.000698275 0.000698275 2 4 3
31.7113 0.000698183 0.000698183 2 4 3
31.7113 0.000698091 0.000698091 2 4 3
31.7113 0.000697999 0.000697999 2 4 3
31.7113 0.000697907 0.000697907 2 4 3
31.7113 0.000697815 0.000697815 2 4 3
31.7113 0.000697723 0.000697723 2 4 3
31.7113 0.000697631 0.000697631 2 4 3
31.7113 0.000697539 0.000697539 2 4 3
31.7113 0.000697447 0.000697447 2 4 3
31.7113 0.000697355 0.000697355 2 4 3
31.7113 0.000697263 0.000697263 2 4 3
31.7113 0.000697171 0.000697171 2 4 3
31.7113 0.000697079 0.000697079 2 4 3
31.7113 0.000696987 0.000696987 2 4 3
31.7113 0.000696896 0.000696896 2 4 3
31.7113 0.000696804 0.000696804 2 4 3
31.7113 0.000696712 0.000696712 2 4 3
31.7113 0.00069662 0.00069662 2 4 3
31.7113 0.000696529 0.000696529 2 4 3
31.7113 0.000696437 0.000696437 2 4 3
31.7113 0.000696345 0.000696345 2 4 3
31.7113 0.000696254 0.000696254 2 4 3
31.7113 0.000696162 0.000696162 2 4 3
31.7113 0.00069607 0.00069607 2 4 3
31.7113 0.000695979 0.000695979 2 4 3
31.7113 0.000695887 0.000695887 2 4 3
31.7113 0.000695796 0.000695796 2 4 3
31.7113 0.000695704 0.000695704 2 4 3
31.7113 0.000695613 0.000695613 2 4 3
31.7113 0.000695522 0.000695522 2 4 3
31.7113 0.00069543 0.00069543 2 4 3
31.7113 0.000695339 0.000695339 2 4 3
31.7113 0.000695247 0.000695247 2 4 3
31.7113 0.000695156 0.000695156 2 4 3
31.7113 0.000695065 0.000695065 2 4 3
31.7113 0.000694973 0.000694973 2 4 3
31.7113 0.000694882 0.000694882 2 4 3
31.7113 0.000694791 0.000694791 2 4 3
31.7113 0.0006947 0.0006947 2 4 3
31.7113 0.000694609 0.000694609 2 4 3
31.7113 0.000694517 0.000694517 2 4 3
31.7113 0.000694426 0.000694426 2 4 3
31.7113 0.000694335 0.000694335 2 4 3
31.7113 0.000694244 0.000694244 2 4 3
31.7113 0.000694153 0.000694153 2 4 3
31.7113 0.000694062 0.000694062 2 4 3
31.7113 0.000693971 0.000693971 2 4 3
31.7113 0.00069388 0.00069388 2 4 3
31.7113 0.000693789 0.000693789 2 4 3
31.7113 0.000693698 0.000693698 2 4 3
31.7113 0.000693607 0.000693607 2 4 3
31.7113 0.000693516 0.000693516 2 4 3
31.7113 0.000693425 0.000693425 2 4 3
31.7113 0.000693334 0.000693334 2 4 3
31.7113 0.000693244 0.000693244 2 4 3
31.7113 0.000693153 0.000693153 2 4 3
31.7113 0.000693062 0.000693062 2 4 3
31.7113 0.000692971 0.000692971 2 4 3
31.7113 0.00069288 0.00069288 2 4 3
31.7113 0.00069279 0.00069279 2 4 3
31.7113 0.000692699 0.000692699 2 4 3
31.7113 0.000692608 0.000692608 2 4 3
31.7113 0.000692518 0.000692518 2 4 3
31.7113 0.000692427 0.000692427 2 4 3
31.7113 0.000692337 0.000692337 2 4 3
31.7113 0.000692246 0.000692246 2 4 3
31.7113 0.000692155 0.000692155 2 4 3
31.7113 0.000692065 0.000692065 2 4 3
31.7113 0.000691974 0.000691974 2 4 3
31.7113 0.000691884 0.000691884 2 4 3
31.7113 0.000691793 0.000691793 2 4 3
31.7113 0.000691703 0.000691703 2 4 3
31.7113 0.000691613 0.000691613 2 4 3
31.7113 0.000691522 0.000691522 2 4 3
31.7113 0.000691432 0.000691432 2 4 3
31.7113 0.000691342 0.000691342 2 4 3
31.7113 0.000691251 0.000691251 2 4 3
31.7113 0.000691161 0.000691161 2 4 3
31.7113 0.000691071 0.000691071 2 4 3
31.7113 0.00069098 0.00069098 2 4 3
31.7113 0.00069089 0.00069089 2 4 3
31.7113 0.0006908 0.0006908 2 4 3
31.7113 0.00069071 0.00069071 2 4 3
31.7113 0.00069062 0.00069062 2 4 3
31.7113 0.00069053 0.00069053 2 4 3
31.7113 0.00069044 0.00069044 2 4 3
31.7113 0.000690349 0.000690349 2 4 3
31.7113 0.000690259 0.000690259 2 4 3
31.7113 0.000690169 0.000690169 2 4 3
31.7113 0.000690079 0.000690079 2 4 3
31.7113 0.000689989 0.000689989 2 4 3
31.7113 0.000689899 0.000689899 2 4 3
31.7113 0.00068981 0.00068981 2 4 3
31.7113 0.00068972 0.00068972 2 4 3
31.7113 0.00068963 0.00068963 2 4 3
31.7113 0.00068954 0.00068954 2 4 3
31.7113 0.00068945 0.00068945 2 4 3
31.7113 0.00068936 0.00068936 2 4 3
31.7113 0.00068927 0.00068927 2 4 3
31.7113 0.000689181 0.000689181 2 4 3
31.7113 0.000689091 0.000689091 2 4 3
31.7113 0.000689001 0.000689001 2 4 3
31.7113 0.000688911 0.000688911 2 4 3
31.7113 0.000688822 0.000688822 2 4 3
31.7113 0.000688732 0.000688732 2 4 3
31.7113 0.000688643 0.000688643 2 4 3
31.7113 0.000688553 0.000688553 2 4 3
31.7113 0.000688463 0.000688463 2 4 3
31.7113 0.000688374 0.000688374 2 4 3
31.7113 0.000688284 0.000688284 2 4 3
31.7113 0.000688195 0.000688195 2 4 3
31.7113 0.000688105 0.000688105 2 4 3
31.7113 0.000688016 0.000688016 2 4 3
31.7113 0.000687926 0.000687926 2 4 3
31.7113 0.000687837 0.000687837 2 4 3
31.7113 0.000687747 0.000687747 2 4 3
31.7113 0.000687658 0.000687658 2 4 3
31.7113 0.000687569 0.000687569 2 4 3
31.7113 0.000687479 0.000687479 2 4 3
31.7113 0.00068739 0.00068739 2 4 3
31.7113 0.000687301 0.000687301 2 4 3
31.7113 0.000687212 0.000687212 2 4 3
31.7113 0.000687122 0.000687122 2 4 3
31.7113 0.000687033 0.000687033 2 4 3
31.7113 0.000686944 0.000686944 2 4 3
31.7113 0.000686855 0.000686855 2 4 3
31.7113 0.000686766 0.000686766 2 4 3
31.7113 0.000686677 0.000686677 2 4 3
31.7113 0.000686587 0.000686587 2 4 3
31.7113 0.000686498 0.000686498 2 4 3
31.7113 0.000686409 0.000686409 2 4 3
31.7113 0.00068632 0.00068632 2 4 3
31.7113 0.000686231 0.000686231 2 4 3
31.7113 0.000686142 0.000686142 2 4 3
31.7113 0.000686053 0.000686053 2 4 3
31.7113 0.000685964 0.000685964 2 4 3
31.7113 0.000685875 0.000685875 2 4 3
31.7113 0.000685787 0.000685787 2 4 3
31.7113 0.000685698 0.000685698 2 4 3
31.7113 0.000685609 0.000685609 2 4 3
31.7113 0.00068552 0.00068552 2 4 3
31.7113 0.000685431 0.000685431 2 4 3
31.7113 0.000685343 0.000685343 2 4 3
31.7113 0.000685254 0.000685254 2 4 3
31.7113 0.000685165 0.000685165 2 4 3
31.7113 0.000685076 0.000685076 2 4 3
31.7113 0.000684988 0.000684988 2 4 3
31.7113 0.000684899 0.000684899 2 4 3
31.7113 0.00068481 0.00068481 2 4 3
31.7113 0.000684722 0.000684722 2 4 3
31.7113 0.000684633 0.000684633 2 4 3
31.7113 0.000684545 0.000684545 2 4 3
31.7113 0.000684456 0.000684456 2 4 3
31.7113 0.000684368 0.000684368 2 4 3
31.7113 0.000684279 0.000684279 2 4 3
31.7113 0.000684191 0.000684191 2 4 3
31.7113 0.000684102 0.000684102 2 4 3
31.7113 0.000684014 0.000684014 2 4 3
31.7113 0.000683925 0.000683925 2 4 3
31.7113 0.000683837 0.000683837 2 4 3
31.7113 0.000683749 0.000683749 2 4 3
31.7113 0.00068366 0.00068366 2 4 3
31.7113 0.000683572 0.000683572 2 4 3
31.7113 0.000683484 0.000683484 2 4 3
31.7113 0.000683395 0.000683395 2 4 3
31.7113 0.000683307 0.000683307 2 4 3
31.7113 0.000683219 0.000683219 2 4 3
31.7113 0.000683131 0.000683131 2 4 3
31.7113 0.000683042 0.000683042 2 4 3
31.7113 0.000682954 0.000682954 2 4 3
31.7113 0.000682866 0.000682866 2 4 3
31.7113 0.000682778 0.000682778 2 4 3
31.7113 0.00068269 0.00068269 2 4 3
31.7113 0.000682602 0.000682602 2 4 3
31.7113 0.000682514 0.000682514 2 4 3
31.7113 0.000682426 0.000682426 2 4 3
31.7113 0.000682338 0.000682338 2 4 3
31.7113 0.00068225 0.00068225 2 4 3
31.7113 0.000682162 0.000682162 2 4 3
31.7113 0.000682074 0.000682074 2 4 3
31.7113 0.000681986 0.000681986 2 4 3
31.7113 0.000681898 0.000681898 2 4 3
31.7113 0.00068181 0.00068181 2 4 3
31.7113 0.000681723 0.000681723 2 4 3
31.7113 0.000681635 0.000681635 2 4 3
31.7113 0.000681547 0.000681547 2 4 3
31.7113 0.000681459 0.000681459 2 4 3
31.7113 0.000681371 0.000681371 2 4 3
31.7113 0.000681284 0.000681284 2 4 3
31.7113 0.000681196 0.000681196 2 4 3
31.7113 0.000681108 0.000681108 2 4 3
31.7113 0.000681021 0.000681021 2 4 3
31.7113 0.000680933 0.000680933 2 4 3
31.7113 0.000680845 0.000680845 2 4 3
31.7113 0.000680758 0.000680758 2 4 3
31.7113 0.00068067 0.00068067 2 4 3
31.7113 0.000680583 0.000680583 2 4 3
31.7113 0.000680495 0.000680495 2 4 3
31.7113 0.000680408 0.000680408 2 4 3
31.7113 0.00068032 0.00068032 2 4 3
31.7113 0.000680233 0.000680233 2 4 3
31.7113 0.000680145 0.000680145 2 4 3
31.7113 0.000680058 0.000680058 2 4 3
31.7113 0.000679971 0.000679971 2 4 3
31.7113 0.000679883 0.000679883 2 4 3
31.7113 0.000679796 0.000679796 2 4 3
31.7113 0.000679708 0.000679708 2 4 3
31.7113 0.000679621 0.000679621 2 4 3
31.7113 0.000679534 0.000679534 2 4 3
31.7113 0.000679447 0.000679447 2 4 3
31.7113 0.000679359 0.000679359 2 4 3
31.7113 0.000679272 0.000679272 2 4 3
31.7113 0.000679185 0.000679185 2 4 3
31.7113 0.000679098 0.000679098 2 4 3
31.7113 0.000679011 0.000679011 2 4 3
31.7113 0.000678924 0.000678924 2 4 3
31.7113 0.000678837 0.000678837 2 4 3
31.7113 0.000678749 0.000678749 2 4 3
31.7113 0.000678662 0.000678662 2 4 3
31.7113 0.000678575 0.000678575 2 4 3
31.7113 0.000678488 0.000678488 2 4 3
31.7113 0.000678401 0.000678401 2 4 3
31.7113 0.000678314 0.000678314 2 4 3
31.7113 0.000678227 0.000678227 2 4 3
31.7113 0.000678141 0.000678141 2 4 3
31.7113 0.000678054 0.000678054 2 4 3
31.7113 0.000677967 0.000677967 2 4 3
31.7113 0.00067788 0.00067788 2 4 3
31.7113 0.000677793 0.000677793 2 4 3
31.7113 0.000677706 0.000677706 2 4 3
31.7113 0.00067762 0.00067762 2 4 3
31.7113 0.000677533 0.000677533 2 4 3
31.7113 0.000677446 0.000677446 2 4 3
31.7113 0.000677359 0.000677359 2 4 3
31.7113 0.000677273 0.000677273 2 4 3
31.7113 0.000677186 0.000677186 2 4 3
31.7113 0.000677099 0.000677099 2 4 3
31.7113 0.000677013 0.000677013 2 4 3
31.7113 0.000676926 0.000676926 2 4 3
31.7113 0.000676839 0.000676839 2 4 3
31.7113 0.000676753 0.000676753 2 4 3
31.7113 0.000676666 0.000676666 2 4 3
31.7113 0.00067658 0.00067658 2 4 3
31.7113 0.000676493 0.000676493 2 4 3
31.7113 0.000676407 0.000676407 2 4 3
31.7113 0.00067632 0.00067632 2 4 3
31.7113 0.000676234 0.000676234 2 4 3
31.7113 0.000676148 0.000676148 2 4 3
31.7113 0.000676061 0.000676061 2 4 3
31.7113 0.000675975 0.000675975 2 4 3
31.7113 0.000675889 0.000675889 2 4 3
31.7113 0.000675802 0.000675802 2 4 3
31.7113 0.000675716 0.000675716 2 4 3
31.7113 0.00067563 0.00067563 2 4 3
31.7113 0.000675543 0.000675543 2 4 3
31.7113 0.000675457 0.000675457 2 4 3
31.7113 0.000675371 0.000675371 2 4 3
31.7113 0.000675285 0.000675285 2 4 3
31.7113 0.000675199 0.000675199 2 4 3
31.7113 0.000675112 0.000675112 2 4 3
31.7113 0.000675026 0.000675026 2 4 3
31.7113 0.00067494 0.00067494 2 4 3
31.7113 0.000674854 0.000674854 2 4 3
31.7113 0.000674768 0.000674768 2 4 3
31.7113 0.000674682 0.000674682 2 4 3
31.7113 0.000674596 0.000674596 2 4 3
31.7113 0.00067451 0.00067451 2 4 3
31.7113 0.000674424 0.000674424 2 4 3
31.7113 0.000674338 0.000674338 2 4 3
31.7113 0.000674252 0.000674252 2 4 3
31.7113 0.000674166 0.000674166 2 4 3
31.7113 0.00067408 0.00067408 2 4 3
31.7113 0.000673995 0.000673995 2 4 3
31.7113 0.000673909 0.000673909 2 4 3
31.7113 0.000673823 0.000673823 2 4 3
31.7113 0.000673737 0.000673737 2 4 3
31.7113 0.000673651 0.000673651 2 4 3
31.7113 0.000673566 0.000673566 2 4 3
31.7113 0.00067348 0.00067348 2 4 3
31.7113 0.000673394 0.000673394 2 4 3
31.7113 0.000673309 0.000673309 2 4 3
31.7113 0.000673223 0.000673223 2 4 3
31.7113 0.000673137 0.000673137 2 4 3
31.7113 0.000673052 0.000673052 2 4 3
31.7113 0.000672966 0.000672966 2 4 3
31.7113 0.00067288 0.00067288 2 4 3
31.7113 0.000672795 0.000672795 2 4 3
31.7113 0.000672709 0.000672709 2 4 3
31.7113 0.000672624 0.000672624 2 4 3
31.7113 0.000672538 0.000672538 2 4 3
31.7113 0.000672453 0.000672453 2 4 3
31.7113 0.000672367 0.000672367 2 4 3
31.7113 0.000672282 0.000672282 2 4 3
31.7113 0.000672197 0.000672197 2 4 3
31.7113 0.000672111 0.000672111 2 4 3
31.7113 0.000672026 0.000672026 2 4 3
31.7113 0.000671941 0.000671941 2 4 3
31.7113 0.000671855 0.000671855 2 4 3
31.7113 0.00067177 0.00067177 2 4 3
31.7113 0.000671685 0.000671685 2 4 3
31.7113 0.000671599 0.000671599 2 4 3
31.7113 0.000671514 0.000671514 2 4 3
31.7113 0.000671429 0.000671429 2 4 3
31.7113 0.000671344 0.000671344 2 4 3
31.7113 0.000671259 0.000671259 2 4 3
31.7113 0.000671174 0.000671174 2 4 3
31.7113 0.000671088 0.000671088 2 4 3
31.7113 0.000671003 0.000671003 2 4 3
31.7113 0.000670918 0.000670918 2 4 3
31.7113 0.000670833 0.000670833 2 4 3
31.7113 0.000670748 0.000670748 2 4 3
31.7113 0.000670663 0.000670663 2 4 3
31.7113 0.000670578 0.000670578 2 4 3
31.7113 0.000670493 0.000670493 2 4 3
31.7113 0.000670408 0.000670408 2 4 3
31.7113 0.000670323 0.000670323 2 4 3
31.7113 0.000670238 0.000670238 2 4 3
31.7113 0.000670154 0.000670154 2 4 3
31.7113 0.000670069 0.000670069 2 4 3
31.7113 0.000669984 0.000669984 2 4 3
31.7113 0.000669899 0.000669899 2 4 3
31.7113 0.000669814 0.000669814 2 4 3
31.7113 0.000669729 0.000669729 2 4 3
31.7113 0.000669645 0.000669645 2 4 3
31.7113 0.00066956 0.00066956 2 4 3
31.7113 0.000669475 0.000669475 2 4 3
31.7113 0.000669391 0.000669391 2 4 3
31.7113 0.000669306 0.000669306 2 4 3
31.7113 0.000669221 0.000669221 2 4 3
31.7113 0.000669137 0.000669137 2 4 3
31.7113 0.000669052 0.000669052 2 4 3
31.7113 0.000668967 0.000668967 2 4 3
31.7113 0.000668883 0.000668883 2 4 3
31.7113 0.000668798 0.000668798 2 4 3
31.7113 0.000668714 0.000668714 2 4 3
31.7113 0.000668629 0.000668629 2 4 3
31.7113 0.000668545 0.000668545 2 4 3
31.7113 0.00066846 0.00066846 2 4 3
31.7113 0.000668376 0.000668376 2 4 3
31.7113 0.000668292 0.000668292 2 4 3
31.7113 0.000668207 0.000668207 2 4 3
31.7113 0.000668123 0.000668123 2 4 3
31.7113 0.000668038 0.000668038 2 4 3
31.7113 0.000667954 0.000667954 2 4 3
31.7113 0.00066787 0.00066787 2 4 3
31.7113 0.000667786 0.000667786 2 4 3
31.7113 0.000667701 0.000667701 2 4 3
31.7113 0.000667617 0.000667617 2 4 3
31.7113 0.000667533 0.000667533 2 4 3
31.7113 0.000667449 0.000667449 2 4 3
31.7113 0.000667364 0.000667364 2 4 3
31.7113 0.00066728 0.00066728 2 4 3
31.7113 0.000667196 0.000667196 2 4 3
31.7113 0.000667112 0.000667112 2 4 3
31.7113 0.000667028 0.000667028 2 4 3
31.7113 0.000666944 0.000666944 2 4 3
31.7113 0.00066686 0.00066686 2 4 3
31.7113 0.000666776 0.000666776 2 4 3
31.7113 0.000666692 0.000666692 2 4 3
31.7113 0.000666608 0.000666608 2 4 3
31.7113 0.000666524 0.000666524 2 4 3
31.7113 0.00066644 0.00066644 2 4 3
31.7113 0.000666356 0.000666356 2 4 3
31.7113 0.000666272 0.000666272 2 4 3
31.7113 0.000666188 0.000666188 2 4 3
31.7113 0.000666104 0.000666104 2 4 3
31.7113 0.00066602 0.00066602 2 4 3
31.7113 0.000665937 0.000665937 2 4 3
31.7113 0.000665853 0.000665853 2 4 3
31.7113 0.000665769 0.000665769 2 4 3
31.7113 0.000665685 0.000665685 2 4 3
31.7113 0.000665602 0.000665602 2 4 3
31.7113 0.000665518 0.000665518 2 4 3
31.7113 0.000665434 0.000665434 2 4 3
31.7113 0.000665351 0.000665351 2 4 3
31.7113 0.000665267 0.000665267 2 4 3
31.7113 0.000665183 0.000665183 2 4 3
31.7113 0.0006651 0.0006651 2 4 3
31.7113 0.000665016 0.000665016 2 4 3
31.7113 0.000664933 0.000664933 2 4 3
31.7113 0.000664849 0.000664849 2 4 3
31.7113 0.000664765 0.000664765 2 4 3
31.7113 0.000664682 0.000664682 2 4 3
31.7113 0.000664598 0.000664598 2 4 3
31.7113 0.000664515 0.000664515 2 4 3
31.7113 0.000664432 0.000664432 2 4 3
31.7113 0.000664348 0.000664348 2 4 3
31.7113 0.000664265 0.000664265 2 4 3
31.7113 0.000664181 0.000664181 2 4 3
31.7113 0.000664098 0.000664098 2 4 3
31.7113 0.000664015 0.000664015 2 4 3
31.7113 0.000663931 0.000663931 2 4 3
31.7113 0.000663848 0.000663848 2 4 3
31.7113 0.000663765 0.000663765 2 4 3
31.7113 0.000663682 0.000663682 2 4 3
31.7113 0.000663598 0.000663598 2 4 3
31.7113 0.000663515 0.000663515 2 4 3
31.7113 0.000663432 0.000663432 2 4 3
31.7113 0.000663349 0.000663349 2 4 3
31.7113 0.000663266 0.000663266 2 4 3
31.7113 0.000663183 0.000663183 2 4 3
31.7113 0.000663099 0.000663099 2 4 3
31.7113 0.000663016 0.000663016 2 4 3
31.7113 0.000662933 0.000662933 2 4 3
31.7113 0.00066285 0.00066285 2 4 3
31.7113 0.000662767 0.000662767 2 4 3
31.7113 0.000662684 0.000662684 2 4 3
31.7113 0.000662601 0.000662601 2 4 3
31.7113 0.000662518 0.000662518 2 4 3
31.7113 0.000662435 0.000662435 2 4 3
31.7113 0.000662352 0.000662352 2 4 3
31.7113 0.00066227 0.00066227 2 4 3
31.7113 0.000662187 0.000662187 2 4 3
31.7113 0.000662104 0.000662104 2 4 3
31.7113 0.000662021 0.000662021 2 4 3
31.7113 0.000661938 0.000661938 2 4 3
31.7113 0.000661855 0.000661855 2 4 3
31.7113 0.000661773 0.000661773 2 4 3
31.7113 0.00066169 0.00066169 2 4 3
31.7113 0.000661607 0.000661607 2 4 3
31.7113 0.000661524 0.000661524 2 4 3
31.7113 0.000661442 0.000661442 2 4 3
31.7113 0.000661359 0.000661359 2 4 3
31.7113 0.000661276 0.000661276 2 4 3
31.7113 0.000661194 0.000661194 2 4 3
31.7113 0.000661111 0.000661111 2 4 3
31.7113 0.000661029 0.000661029 2 4 3
31.7113 0.000660946 0.000660946 2 4 3
31.7113 0.000660863 0.000660863 2 4 3
31.7113 0.000660781 0.000660781 2 4 3
31.7113 0.000660698 0.000660698 2 4 3
31.7113 0.000660616 0.000660616 2 4 3
31.7113 0.000660533 0.000660533 2 4 3
31.7113 0.000660451 0.000660451 2 4 3
31.7113 0.000660369 0.000660369 2 4 3
31.7113 0.000660286 0.000660286 2 4 3
31.7113 0.000660204 0.000660204 2 4 3
31.7113 0.000660121 0.000660121 2 4 3
31.7113 0.000660039 0.000660039 2 4 3
31.7113 0.000659957 0.000659957 2 4 3
31.7113 0.000659875 0.000659875 2 4 3
31.7113 0.000659792 0.000659792 2 4 3
31.7113 0.00065971 0.00065971 2 4 3
31.7113 0.000659628 0.000659628 2 4 3
31.7113 0.000659546 0.000659546 2 4 3
31.7113 0.000659463 0.000659463 2 4 3
31.7113 0.000659381 0.000659381 2 4 3
31.7113 0.000659299 0.000659299 2 4 3
31.7113 0.000659217 0.000659217 2 4 3
31.7113 0.000659135 0.000659135 2 4 3
31.7113 0.000659053 0.000659053 2 4 3
31.7113 0.000658971 0.000658971 2 4 3
31.7113 0.000658889 0.000658889 2 4 3
31.7113 0.000658807 0.000658807 2 4 3
31.7113 0.000658725 0.000658725 2 4 3
31.7113 0.000658643 0.000658643 2 4 3
31.7113 0.000658561 0.000658561 2 4 3
31.7113 0.000658479 0.000658479 2 4 3
31.7113 0.000658397 0.000658397 2 4 3
31.7113 0.000658315 0.000658315 2 4 3
31.7113 0.000658233 0.000658233 2 4 3
31.7113 0.000658151 0.000658151 2 4 3
31.7113 0.000658069 0.000658069 2 4 3
31.7113 0.000657987 0.000657987 2 4 3
31.7113 0.000657906 0.000657906 2 4 3
31.7113 0.000657824 0.000657824 2 4 3
31.7113 0.000657742 0.000657742 2 4 3
31.7113 0.00065766 0.00065766 2 4 3
31.7113 0.000657578 0.000657578 2 4 3
31.7113 0.000657497 0.000657497 2 4 3
31.7113 0.000657415 0.000657415 2 4 3
31.7113 0.000657333 0.000657333 2 4 3
31.7113 0.000657252 0.000657252 2 4 3
31.7113 0.00065717 0.00065717 2 4 3
31.7113 0.000657089 0.000657089 2 4 3
31.7113 0.000657007 0.000657007 2 4 3
31.7113 0.000656925 0.000656925 2 4 3
31.7113 0.000656844 0.000656844 2 4 3
31.7113 0.000656762 0.000656762 2 4 3
31.7113 0.000656681 0.000656681 2 4 3
31.7113 0.000656599 0.000656599 2 4 3
31.7113 0.000656518 0.000656518 2 4 3
31.7113 0.000656436 0.000656436 2 4 3
31.7113 0.000656355 0.000656355 2 4 3
31.7113 0.000656274 0.000656274 2 4 3
31.7113 0.000656192 0.000656192 2 4 3
31.7113 0.000656111 0.000656111 2 4 3
31.7113 0.00065603 0.00065603 2 4 3
31.7113 0.000655948 0.000655948 2 4 3
31.7113 0.000655867 0.000655867 2 4 3
31.7113 0.000655786 0.000655786 2 4 3
31.7113 0.000655704 0.000655704 2 4 3
31.7113 0.000655623 0.000655623 2 4 3
31.7113 0.000655542 0.000655542 2 4 3
31.7113 0.000655461 0.000655461 2 4 3
31.7113 0.00065538 0.00065538 2 4 3
31.7113 0.000655298 0.000655298 2 4 3
31.7113 0.000655217 0.000655217 2 4 3
31.7113 0.000655136 0.000655136 2 4 3
31.7113 0.000655055 0.000655055 2 4 3
31.7113 0.000654974 0.000654974 2 4 3
31.7113 0.000654893 0.000654893 2 4 3
31.7113 0.000654812 0.000654812 2 4 3
31.7113 0.000654731 0.000654731 2 4 3
31.7113 0.00065465 0.00065465 2 4 3
31.7113 0.000654569 0.000654569 2 4 3
31.7113 0.000654488 0.000654488 2 4 3
31.7113 0.000654407 0.000654407 2 4 3
31.7113 0.000654326 0.000654326 2 4 3
31.7113 0.000654245 0.000654245 2 4 3
31.7113 0.000654164 0.000654164 2 4 3
31.7113 0.000654083 0.000654083 2 4 3
31.7113 0.000654003 0.000654003 2 4 3
31.7113 0.000653922 0.000653922 2 4 3
31.7113 0.000653841 0.000653841 2 4 3
31.7113 0.00065376 0.00065376 2 4 3
31.7113 0.000653679 0.000653679 2 4 3
31.7113 0.000653599 0.000653599 2 4 3
31.7113 0.000653518 0.000653518 2 4 3
31.7113 0.000653437 0.000653437 2 4 3
31.7113 0.000653357 0.000653357 2 4 3
31.7113 0.000653276 0.000653276 2 4 3
31.7113 0.000653195 0.000653195 2 4 3
31.7113 0.000653115 0.000653115 2 4 3
31.7113 0.000653034 0.000653034 2 4 3
31.7113 0.000652953 0.000652953 2 4 3
31.7113 0.000652873 0.000652873 2 4 3
31.7113 0.000652792 0.000652792 2 4 3
31.7113 0.000652712 0.000652712 2 4 3
31.7113 0.000652631 0.000652631 2 4 3
31.7113 0.000652551 0.000652551 2 4 3
31.7113 0.00065247 0.00065247 2 4 3
31.7113 0.00065239 0.00065239 2 4 3
31.7113 0.00065231 0.00065231 2 4 3
31.7113 0.000652229 0.000652229 2 4 3
31.7113 0.000652149 0.000652149 2 4 3
31.7113 0.000652068 0.000652068 2 4 3
31.7113 0.000651988 0.000651988 2 4 3
31.7113 0.000651908 0.000651908 2 4 3
31.7113 0.000651827 0.000651827 2 4 3
31.7113 0.000651747 0.000651747 2 4 3
31.7113 0.000651667 0.000651667 2 4 3
31.7113 0.000651587 0.000651587 2 4 3
31.7113 0.000651506 0.000651506 2 4 3
31.7113 0.000651426 0.000651426 2 4 3
31.7113 0.000651346 0.000651346 2 4 3
31.7113 0.000651266 0.000651266 2 4 3
31.7113 0.000651186 0.000651186 2 4 3
31.7113 0.000651106 0.000651106 2 4 3
31.7113 0.000651025 0.000651025 2 4 3
31.7113 0.000650945 0.000650945 2 4 3
31.7113 0.000650865 0.000650865 2 4 3
31.7113 0.000650785 0.000650785 2 4 3
31.7113 0.000650705 0.000650705 2 4 3
31.7113 0.000650625 0.000650625 2 4 3
31.7113 0.000650545 0.000650545 2 4 3
31.7113 0.000650465 0.000650465 2 4 3
31.7113 0.000650385 0.000650385 2 4 3
31.7113 0.000650305 0.000650305 2 4 3
31.7113 0.000650226 0.000650226 2 4 3
31.7113 0.000650146 0.000650146 2 4 3
31.7113 0.000650066 0.000650066 2 4 3
31.7113 0.000649986 0.000649986 2 4 3
31.7113 0.000649906 0.000649906 2 4 3
31.7113 0.000649826 0.000649826 2 4 3
31.7113 0.000649746 0.000649746 2 4 3
31.7113 0.000649667 0.000649667 2 4 3
31.7113 0.000649587 0.000649587 2 4 3
31.7113 0.000649507 0.000649507 2 4 3
31.7113 0.000649428 0.000649428 2 4 3
31.7113 0.000649348 0.000649348 2 4 3
31.7113 0.000649268 0.000649268 2 4 3
31.7113 0.000649189 0.000649189 2 4 3
31.7113 0.000649109 0.000649109 2 4 3
31.7113 0.000649029 0.000649029 2 4 3
31.7113 0.00064895 0.00064895 2 4 3
31.7113 0.00064887 0.00064887 2 4 3
31.7113 0.000648791 0.000648791 2 4 3
31.7113 0.000648711 0.000648711 2 4 3
31.7113 0.000648631 0.000648631 2 4 3
31.7113 0.000648552 0.000648552 2 4 3
31.7113 0.000648473 0.000648473 2 4 3
31.7113 0.000648393 0.000648393 2 4 3
31.7113 0.000648314 0.000648314 2 4 3
31.7113 0.000648234 0.000648234 2 4 3
31.7113 0.000648155 0.000648155 2 4 3
31.7113 0.000648075 0.000648075 2 4 3
31.7113 0.000647996 0.000647996 2 4 3
31.7113 0.000647917 0.000647917 2 4 3
31.7113 0.000647837 0.000647837 2 4 3
31.7113 0.000647758 0.000647758 2 4 3
31.7113 0.000647679 0.000647679 2 4 3
31.7113 0.0006476 0.0006476 2 4 3
31.7113 0.00064752 0.00064752 2 4 3
31.7113 0.000647441 0.000647441 2 4 3
31.7113 0.000647362 0.000647362 2 4 3
31.7113 0.000647283 0.000647283 2 4 3
31.7113 0.000647204 0.000647204 2 4 3
31.7113 0.000647124 0.000647124 2 4 3
31.7113 0.000647045 0.000647045 2 4 3
31.7113 0.000646966 0.000646966 2 4 3
31.7113 0.000646887 0.000646887 2 4 3
31.7113 0.000646808 0.000646808 2 4 3
31.7113 0.000646729 0.000646729 2 4 3
31.7113 0.00064665 0.00064665 2 4 3
31.7113 0.000646571 0.000646571 2 4 3
31.7113 0.000646492 0.000646492 2 4 3
31.7113 0.000646413 0.000646413 2 4 3
31.7113 0.000646334 0.000646334 2 4 3
31.7113 0.000646255 0.000646255 2 4 3
31.7113 0.000646176 0.000646176 2 4 3
31.7113 0.000646097 0.000646097 2 4 3
31.7113 0.000646018 0.000646018 2 4 3
31.7113 0.000645939 0.000645939 2 4 3
31.7113 0.000645861 0.000645861 2 4 3
31.7113 0.000645782 0.000645782 2 4 3
31.7113 0.000645703 0.000645703 2 4 3
31.7113 0.000645624 0.000645624 2 4 3
31.7113 0.000645545 0.000645545 2 4 3
31.7113 0.000645467 0.000645467 2 4 3
31.7113 0.000645388 0.000645388 2 4 3
31.7113 0.000645309 0.000645309 2 4 3
31.7113 0.000645231 0.000645231 2 4 3
31.7113 0.000645152 0.000645152 2 4 3
31.7113 0.000645073 0.000645073 2 4 3
31.7113 0.000644995 0.000644995 2 4 3
31.7113 0.000644916 0.000644916 2 4 3
31.7113 0.000644837 0.000644837 2 4 3
31.7113 0.000644759 0.000644759 2 4 3
31.7113 0.00064468 0.00064468 2 4 3
31.7113 0.000644602 0.000644602 2 4 3
31.7113 0.000644523 0.000644523 2 4 3
31.7113 0.000644445 0.000644445 2 4 3
31.7113 0.000644366 0.000644366 2 4 3
31.7113 0.000644288 0.000644288 2 4 3
31.7113 0.000644209 0.000644209 2 4 3
31.7113 0.000644131 0.000644131 2 4 3
31.7113 0.000644053 0.000644053 2 4 3
31.7113 0.000643974 0.000643974 2 4 3
31.7113 0.000643896 0.000643896 2 4 3
31.7113 0.000643818 0.000643818 2 4 3
31.7113 0.000643739 0.000643739 2 4 3
31.7113 0.000643661 0.000643661 2 4 3
31.7113 0.000643583 0.000643583 2 4 3
31.7113 0.000643504 0.000643504 2 4 3
31.7113 0.000643426 0.000643426 2 4 3
31.7113 0.000643348 0.000643348 2 4 3
31.7113 0.00064327 0.00064327 2 4 3
31.7113 0.000643192 0.000643192 2 4 3
31.7113 0.000643113 0.000643113 2 4 3
31.7113 0.000643035 0.000643035 2 4 3
31.7113 0.000642957 0.000642957 2 4 3
31.7113 0.000642879 0.000642879 2 4 3
31.7113 0.000642801 0.000642801 2 4 3
31.7113 0.000642723 0.000642723 2 4 3
31.7113 0.000642645 0.000642645 2 4 3
31.7113 0.000642567 0.000642567 2 4 3
31.7113 0.000642489 0.000642489 2 4 3
31.7113 0.000642411 0.000642411 2 4 3
31.7113 0.000642333 0.000642333 2 4 3
31.7113 0.000642255 0.000642255 2 4 3
31.7113 0.000642177 0.000642177 2 4 3
31.7113 0.000642099 0.000642099 2 4 3
31.7113 0.000642021 0.000642021 2 4 3
31.7113 0.000641943 0.000641943 2 4 3
31.7113 0.000641865 0.000641865 2 4 3
31.7113 0.000641787 0.000641787 2 4 3
31.7113 0.00064171 0.00064171 2 4 3
31.7113 0.000641632 0.000641632 2 4 3
31.7113 0.000641554 0.000641554 2 4 3
31.7113 0.000641476 0.000641476 2 4 3
31.7113 0.000641398 0.000641398 2 4 3
31.7113 0.000641321 0.000641321 2 4 3
31.7113 0.000641243 0.000641243 2 4 3
31.7113 0.000641165 0.000641165 2 4 3
31.7113 0.000641088 0.000641088 2 4 3
31.7113 0.00064101 0.00064101 2 4 3
31.7113 0.000640932 0.000640932 2 4 3
31.7113 0.000640855 0.000640855 2 4 3
31.7113 0.000640777 0.000640777 2 4 3
31.7113 0.000640699 0.000640699 2 4 3
31.7113 0.000640622 0.000640622 2 4 3
31.7113 0.000640544 0.000640544 2 4 3
31.7113 0.000640467 0.000640467 2 4 3
31.7113 0.000640389 0.000640389 2 4 3
31.7113 0.000640312 0.000640312 2 4 3
31.7113 0.000640234 0.000640234 2 4 3
31.7113 0.000640157 0.000640157 2 4 3
31.7113 0.000640079 0.000640079 2 4 3
31.7113 0.000640002 0.000640002 2 4 3
31.7113 0.000639925 0.000639925 2 4 3
31.7113 0.000639847 0.000639847 2 4 3
31.7113 0.00063977 0.00063977 2 4 3
31.7113 0.000639693 0.000639693 2 4 3
31.7113 0.000639615 0.000639615 2 4 3
31.7113 0.000639538 0.000639538 2 4 3
31.7113 0.000639461 0.000639461 2 4 3
31.7113 0.000639383 0.000639383 2 4 3
31.7113 0.000639306 0.000639306 2 4 3
31.7113 0.000639229 0.000639229 2 4 3
31.7113 0.000639152 0.000639152 2 4 3
31.7113 0.000639075 0.000639075 2 4 3
31.7113 0.000638997 0.000638997 2 4 3
31.7113 0.00063892 0.00063892 2 4 3
31.7113 0.000638843 0.000638843 2 4 3
31.7113 0.000638766 0.000638766 2 4 3
31.7113 0.000638689 0.000638689 2 4 3
31.7113 0.000638612 0.000638612 2 4 3
31.7113 0.000638535 0.000638535 2 4 3
31.7113 0.000638458 0.000638458 2 4 3
31.7113 0.000638381 0.000638381 2 4 3
31.7113 0.000638304 0.000638304 2 4 3
31.7113 0.000638227 0.000638227 2 4 3
31.7113 0.00063815 0.00063815 2 4 3
31.7113 0.000638073 0.000638073 2 4 3
31.7113 0.000637996 0.000637996 2 4 3
31.7113 0.000637919 0.000637919 2 4 3
31.7113 0.000637842 0.000637842 2 4 3
31.7113 0.000637765 0.000637765 2 4 3
31.7113 0.000637688 0.000637688 2 4 3
31.7113 0.000637611 0.000637611 2 4 3
31.7113 0.000637535 0.000637535 2 4 3
31.7113 0.000637458 0.000637458 2 4 3
31.7113 0.000637381 0.000637381 2 4 3
31.7113 0.000637304 0.000637304 2 4 3
31.7113 0.000637228 0.000637228 2 4 3
31.7113 0.000637151 0.000637151 2 4 3
31.7113 0.000637074 0.000637074 2 4 3
31.7113 0.000636997 0.000636997 2 4 3
31.7113 0.000636921 0.000636921 2 4 3
31.7113 0.000636844 0.000636844 2 4 3
31.7113 0.000636767 0.000636767 2 4 3
31.7113 0.000636691 0.000636691 2 4 3
31.7113 0.000636614 0.000636614 2 4 3
31.7113 0.000636538 0.000636538 2 4 3
31.7113 0.000636461 0.000636461 2 4 3
31.7113 0.000636385 0.000636385 2 4 3
31.7113 0.000636308 0.000636308 2 4 3
31.7113 0.000636232 0.000636232 2 4 3
31.7113 0.000636155 0.000636155 2 4 3
31.7113 0.000636079 0.000636079 2 4 3
31.7113 0.000636002 0.000636002 2 4 3
31.7113 0.000635926 0.000635926 2 4 3
31.7113 0.000635849 0.000635849 2 4 3
31.7113 0.000635773 0.000635773 2 4 3
31.7113 0.000635697 0.000635697 2 4 3
31.7113 0.00063562 0.00063562 2 4 3
31.7113 0.000635544 0.000635544 2 4 3
31.7113 0.000635467 0.000635467 2 4 3
31.7113 0.000635391 0.000635391 2 4 3
31.7113 0.000635315 0.000635315 2 4 3
31.7113 0.000635239 0.000635239 2 4 3
31.7113 0.000635162 0.000635162 2 4 3
31.7113 0.000635086 0.000635086 2 4 3
31.7113 0.00063501 0.00063501 2 4 3
31.7113 0.000634934 0.000634934 2 4 3
31.7113 0.000634858 0.000634858 2 4 3
31.7113 0.000634781 0.000634781 2 4 3
31.7113 0.000634705 0.000634705 2 4 3
31.7113 0.000634629 0.000634629 2 4 3
31.7113 0.000634553 0.000634553 2 4 3
31.7113 0.000634477 0.000634477 2 4 3
31.7113 0.000634401 0.000634401 2 4 3
31.7113 0.000634325 0.000634325 2 4 3
31.7113 0.000634249 0.000634249 2 4 3
31.7113 0.000634173 0.000634173 2 4 3
31.7113 0.000634097 0.000634097 2 4 3
31.7113 0.000634021 0.000634021 2 4 3
31.7113 0.000633945 0.000633945 2 4 3
31.7113 0.000633869 0.000633869 2 4 3
31.7113 0.000633793 0.000633793 2 4 3
31.7113 0.000633717 0.000633717 2 4 3
31.7113 0.000633641 0.000633641 2 4 3
31.7113 0.000633565 0.000633565 2 4 3
31.7113 0.00063349 0.00063349 2 4 3
31.7113 0.000633414 0.000633414 2 4 3
31.7113 0.000633338 0.000633338 2 4 3
31.7113 0.000633262 0.000633262 2 4 3
31.7113 0.000633186 0.000633186 2 4 3
31.7113 0.000633111 0.000633111 2 4 3
31.7113 0.000633035 0.000633035 2 4 3
31.7113 0.000632959 0.000632959 2 4 3
31.7113 0.000632883 0.000632883 2 4 3
31.7113 0.000632808 0.000632808 2 4 3
31.7113 0.000632732 0.000632732 2 4 3
31.7113 0.000632656 0.000632656 2 4 3
31.7113 0.000632581 0.000632581 2 4 3
31.7113 0.000632505 0.000632505 2 4 3
31.7113 0.00063243 0.00063243 2 4 3
31.7113 0.000632354 0.000632354 2 4 3
31.7113 0.000632278 0.000632278 2 4 3
31.7113 0.000632203 0.000632203 2 4 3
31.7113 0.000632127 0.000632127 2 4 3
31.7113 0.000632052 0.000632052 2 4 3
31.7113 0.000631976 0.000631976 2 4 3
31.7113 0.000631901 0.000631901 2 4 3
31.7113 0.000631825 0.000631825 2 4 3
31.7113 0.00063175 0.00063175 2 4 3
31.7113 0.000631675 0.000631675 2 4 3
31.7113 0.000631599 0.000631599 2 4 3
31.7113 0.000631524 0.000631524 2 4 3
31.7113 0.000631449 0.000631449 2 4 3
31.7113 0.000631373 0.000631373 2 4 3
31.7113 0.000631298 0.000631298 2 4 3
31.7113 0.000631223 0.000631223 2 4 3
31.7113 0.000631147 0.000631147 2 4 3
31.7113 0.000631072 0.000631072 2 4 3
31.7113 0.000630997 0.000630997 2 4 3
31.7113 0.000630921 0.000630921 2 4 3
31.7113 0.000630846 0.000630846 2 4 3
31.7113 0.000630771 0.000630771 2 4 3
31.7113 0.000630696 0.000630696 2 4 3
31.7113 0.000630621 0.000630621 2 4 3
31.7113 0.000630546 0.000630546 2 4 3
31.7113 0.00063047 0.00063047 2 4 3
31.7113 0.000630395 0.000630395 2 4 3
31.7113 0.00063032 0.00063032 2 4 3
31.7113 0.000630245 0.000630245 2 4 3
31.7113 0.00063017 0.00063017 2 4 3
31.7113 0.000630095 0.000630095 2 4 3
31.7113 0.00063002 0.00063002 2 4 3
31.7113 0.000629945 0.000629945 2 4 3
31.7113 0.00062987 0.00062987 2 4 3
31.7113 0.000629795 0.000629795 2 4 3
31.7113 0.00062972 0.00062972 2 4 3
31.7113 0.000629645 0.000629645 2 4 3
31.7113 0.00062957 0.00062957 2 4 3
31.7113 0.000629495 0.000629495 2 4 3
31.7113 0.000629421 0.000629421 2 4 3
31.7113 0.000629346 0.000629346 2 4 3
31.7113 0.000629271 0.000629271 2 4 3
31.7113 0.000629196 0.000629196 2 4 3
31.7113 0.000629121 0.000629121 2 4 3
31.7113 0.000629046 0.000629046 2 4 3
31.7113 0.000628972 0.000628972 2 4 3
31.7113 0.000628897 0.000628897 2 4 3
31.7113 0.000628822 0.000628822 2 4 3
31.7113 0.000628747 0.000628747 2 4 3
31.7113 0.000628673 0.000628673 2 4 3
31.7113 0.000628598 0.000628598 2 4 3
31.7113 0.000628523 0.000628523 2 4 3
31.7113 0.000628449 0.000628449 2 4 3
31.7113 0.000628374 0.000628374 2 4 3
31.7113 0.0006283 0.0006283 2 4 3
31.7113 0.000628225 0.000628225 2 4 3
31.7113 0.00062815 0.00062815 2 4 3
31.7113 0.000628076 0.000628076 2 4 3
31.7113 0.000628001 0.000628001 2 4 3
31.7113 0.000627927 0.000627927 2 4 3
31.7113 0.000627852 0.000627852 2 4 3
31.7113 0.000627778 0.000627778 2 4 3
31.7113 0.000627703 0.000627703 2 4 3
31.7113 0.000627629 0.000627629 2 4 3
31.7113 0.000627554 0.000627554 2 4 3
31.7113 0.00062748 0.00062748 2 4 3
31.7113 0.000627406 0.000627406 2 4 3
31.7113 0.000627331 0.000627331 2 4 3
31.7113 0.000627257 0.000627257 2 4 3
31.7113 0.000627183 0.000627183 2 4 3
31.7113 0.000627108 0.000627108 2 4 3
31.7113 0.000627034 0.000627034 2 4 3
31.7113 0.00062696 0.00062696 2 4 3
31.7113 0.000626885 0.000626885 2 4 3
31.7113 0.000626811 0.000626811 2 4 3
31.7113 0.000626737 0.000626737 2 4 3
31.7113 0.000626663 0.000626663 2 4 3
31.7113 0.000626588 0.000626588 2 4 3
31.7113 0.000626514 0.000626514 2 4 3
31.7113 0.00062644 0.00062644 2 4 3
31.7113 0.000626366 0.000626366 2 4 3
31.7113 0.000626292 0.000626292 2 4 3
31.7113 0.000626218 0.000626218 2 4 3
31.7113 0.000626144 0.000626144 2 4 3
31.7113 0.000626069 0.000626069 2 4 3
31.7113 0.000625995 0.000625995 2 4 3
31.7113 0.000625921 0.000625921 2 4 3
31.7113 0.000625847 0.000625847 2 4 3
31.7113 0.000625773 0.000625773 2 4 3
31.7113 0.000625699 0.000625699 2 4 3
31.7113 0.000625625 0.000625625 2 4 3
31.7113 0.000625551 0.000625551 2 4 3
31.7113 0.000625477 0.000625477 2 4 3
31.7113 0.000625404 0.000625404 2 4 3
31.7113 0.00062533 0.00062533 2 4 3
31.7113 0.000625256 0.000625256 2 4 3
31.7113 0.000625182 0.000625182 2 4 3
31.7113 0.000625108 0.000625108 2 4 3
31.7113 0.000625034 0.000625034 2 4 3
31.7113 0.00062496 0.00062496 2 4 3
31.7113 0.000624887 0.000624887 2 4 3
31.7113 0.000624813 0.000624813 2 4 3
31.7113 0.000624739 0.000624739 2 4 3
31.7113 0.000624665 0.000624665 2 4 3
31.7113 0.000624592 0.000624592 2 4 3
31.7113 0.000624518 0.000624518 2 4 3
31.7113 0.000624444 0.000624444 2 4 3
31.7113 0.00062437 0.00062437 2 4 3
31.7113 0.000624297 0.000624297 2 4 3
31.7113 0.000624223 0.000624223 2 4 3
31.7113 0.00062415 0.00062415 2 4 3
31.7113 0.000624076 0.000624076 2 4 3
31.7113 0.000624002 0.000624002 2 4 3
31.7113 0.000623929 0.000623929 2 4 3
31.7113 0.000623855 0.000623855 2 4 3
31.7113 0.000623782 0.000623782 2 4 3
31.7113 0.000623708 0.000623708 2 4 3
31.7113 0.000623635 0.000623635 2 4 3
31.7113 0.000623561 0.000623561 2 4 3
31.7113 0.000623488 0.000623488 2 4 3
31.7113 0.000623414 0.000623414 2 4 3
31.7113 0.000623341 0.000623341 2 4 3
31.7113 0.000623267 0.000623267 2 4 3
31.7113 0.000623194 0.000623194 2 4 3
31.7113 0.000623121 0.000623121 2 4 3
31.7113 0.000623047 0.000623047 2 4 3
31.7113 0.000622974 0.000622974 2 4 3
31.7113 0.000622901 0.000622901 2 4 3
31.7113 0.000622827 0.000622827 2 4 3
31.7113 0.000622754 0.000622754 2 4 3
31.7113 0.000622681 0.000622681 2 4 3
31.7113 0.000622607 0.000622607 2 4 3
31.7113 0.000622534 0.000622534 2 4 3
31.7113 0.000622461 0.000622461 2 4 3
31.7113 0.000622388 0.000622388 2 4 3
31.7113 0.000622314 0.000622314 2 4 3
31.7113 0.000622241 0.000622241 2 4 3
31.7113 0.000622168 0.000622168 2 4 3
31.7113 0.000622095 0.000622095 2 4 3
31.7113 0.000622022 0.000622022 2 4 3
31.7113 0.000621949 0.000621949 2 4 3
31.7113 0.000621876 0.000621876 2 4 3
31.7113 0.000621803 0.000621803 2 4 3
31.7113 0.00062173 0.00062173 2 4 3
31.7113 0.000621657 0.000621657 2 4 3
31.7113 0.000621583 0.000621583 2 4 3
31.7113 0.00062151 0.00062151 2 4 3
31.7113 0.000621437 0.000621437 2 4 3
31.7113 0.000621365 0.000621365 2 4 3
31.7113 0.000621292 0.000621292 2 4 3
31.7113 0.000621219 0.000621219 2 4 3
31.7113 0.000621146 0.000621146 2 4 3
31.7113 0.000621073 0.000621073 2 4 3
31.7113 0.000621 0.000621 2 4 3
31.7113 0.000620927 0.000620927 2 4 3
31.7113 0.000620854 0.000620854 2 4 3
31.7113 0.000620781 0.000620781 2 4 3
31.7113 0.000620709 0.000620709 2 4 3
31.7113 0.000620636 0.000620636 2 4 3
31.7113 0.000620563 0.000620563 2 4 3
31.7113 0.00062049 0.00062049 2 4 3
31.7113 0.000620417 0.000620417 2 4 3
31.7113 0.000620345 0.000620345 2 4 3
31.7113 0.000620272 0.000620272 2 4 3
31.7113 0.000620199 0.000620199 2 4 3
31.7113 0.000620127 0.000620127 2 4 3
31.7113 0.000620054 0.000620054 2 4 3
31.7113 0.000619981 0.000619981 2 4 3
31.7113 0.000619909 0.000619909 2 4 3
31.7113 0.000619836 0.000619836 2 4 3
31.7113 0.000619763 0.000619763 2 4 3
31.7113 0.000619691 0.000619691 2 4 3
31.7113 0.000619618 0.000619618 2 4 3
31.7113 0.000619546 0.000619546 2 4 3
31.7113 0.000619473 0.000619473 2 4 3
31.7113 0.000619401 0.000619401 2 4 3
31.7113 0.000619328 0.000619328 2 4 3
31.7113 0.000619256 0.000619256 2 4 3
31.7113 0.000619183 0.000619183 2 4 3
31.7113 0.000619111 0.000619111 2 4 3
31.7113 0.000619038 0.000619038 2 4 3
31.7113 0.000618966 0.000618966 2 4 3
31.7113 0.000618894 0.000618894 2 4 3
31.7113 0.000618821 0.000618821 2 4 3
31.7113 0.000618749 0.000618749 2 4 3
31.7113 0.000618677 0.000618677 2 4 3
31.7113 0.000618604 0.000618604 2 4 3
31.7113 0.000618532 0.000618532 2 4 3
31.7113 0.00061846 0.00061846 2 4 3
31.7113 0.000618387 0.000618387 2 4 3
31.7113 0.000618315 0.000618315 2 4 3
31.7113 0.000618243 0.000618243 2 4 3
31.7113 0.000618171 0.000618171 2 4 3
31.7113 0.000618098 0.000618098 2 4 3
31.7113 0.000618026 0.000618026 2 4 3
31.7113 0.000617954 0.000617954 2 4 3
31.7113 0.000617882 0.000617882 2 4 3
31.7113 0.00061781 0.00061781 2 4 3
31.7113 0.000617738 0.000617738 2 4 3
31.7113 0.000617666 0.000617666 2 4 3
31.7113 0.000617593 0.000617593 2 4 3
31.7113 0.000617521 0.000617521 2 4 3
31.7113 0.000617449 0.000617449 2 4 3
31.7113 0.000617377 0.000617377 2 4 3
31.7113 0.000617305 0.000617305 2 4 3
31.7113 0.000617233 0.000617233 2 4 3
31.7113 0.000617161 0.000617161 2 4 3
31.7113 0.000617089 0.000617089 2 4 3
31.7113 0.000617017 0.000617017 2 4 3
31.7113 0.000616945 0.000616945 2 4 3
31.7113 0.000616874 0.000616874 2 4 3
31.7113 0.000616802 0.000616802 2 4 3
31.7113 0.00061673 0.00061673 2 4 3
31.7113 0.000616658 0.000616658 2 4 3
31.7113 0.000616586 0.000616586 2 4 3
31.7113 0.000616514 0.000616514 2 4 3
31.7113 0.000616442 0.000616442 2 4 3
31.7113 0.000616371 0.000616371 2 4 3
31.7113 0.000616299 0.000616299 2 4 3
31.7113 0.000616227 0.000616227 2 4 3
31.7113 0.000616155 0.000616155 2 4 3
31.7113 0.000616083 0.000616083 2 4 3
31.7113 0.000616012 0.000616012 2 4 3
31.7113 0.00061594 0.00061594 2 4 3
31.7113 0.000615868 0.000615868 2 4 3
31.7113 0.000615797 0.000615797 2 4 3
31.7113 0.000615725 0.000615725 2 4 3
31.7113 0.000615653 0.000615653 2 4 3
31.7113 0.000615582 0.000615582 2 4 3
31.7113 0.00061551 0.00061551 2 4 3
31.7113 0.000615439 0.000615439 2 4 3
31.7113 0.000615367 0.000615367 2 4 3
31.7113 0.000615295 0.000615295 2 4 3
31.7113 0.000615224 0.000615224 2 4 3
31.7113 0.000615152 0.000615152 2 4 3
31.7113 0.000615081 0.000615081 2 4 3
31.7113 0.000615009 0.000615009 2 4 3
31.7113 0.000614938 0.000614938 2 4 3
31.7113 0.000614867 0.000614867 2 4 3
31.7113 0.000614795 0.000614795 2 4 3
31.7113 0.000614724 0.000614724 2 4 3
31.7113 0.000614652 0.000614652 2 4 3
31.7113 0.000614581 0.000614581 2 4 3
31.7113 0.00061451 0.00061451 2 4 3
31.7113 0.000614438 0.000614438 2 4 3
31.7113 0.000614367 0.000614367 2 4 3
31.7113 0.000614295 0.000614295 2 4 3
31.7113 0.000614224 0.000614224 2 4 3
31.7113 0.000614153 0.000614153 2 4 3
31.7113 0.000614082 0.000614082 2 4 3
31.7113 0.00061401 0.00061401 2 4 3
31.7113 0.000613939 0.000613939 2 4 3
31.7113 0.000613868 0.000613868 2 4 3
31.7113 0.000613797 0.000613797 2 4 3
31.7113 0.000613726 0.000613726 2 4 3
31.7113 0.000613654 0.000613654 2 4 3
31.7113 0.000613583 0.000613583 2 4 3
31.7113 0.000613512 0.000613512 2 4 3
31.7113 0.000613441 0.000613441 2 4 3
31.7113 0.00061337 0.00061337 2 4 3
31.7113 0.000613299 0.000613299 2 4 3
31.7113 0.000613228 0.000613228 2 4 3
31.7113 0.000613157 0.000613157 2 4 3
31.7113 0.000613086 0.000613086 2 4 3
31.7113 0.000613015 0.000613015 2 4 3
31.7113 0.000612944 0.000612944 2 4 3
31.7113 0.000612873 0.000612873 2 4 3
31.7113 0.000612802 0.000612802 2 4 3
31.7113 0.000612731 0.000612731 2 4 3
31.7113 0.00061266 0.00061266 2 4 3
31.7113 0.000612589 0.000612589 2 4 3
31.7113 0.000612518 0.000612518 2 4 3
31.7113 0.000612447 0.000612447 2 4 3
31.7113 0.000612376 0.000612376 2 4 3
31.7113 0.000612305 0.000612305 2 4 3
31.7113 0.000612234 0.000612234 2 4 3
31.7113 0.000612164 0.000612164 2 4 3
31.7113 0.000612093 0.000612093 2 4 3
31.7113 0.000612022 0.000612022 2 4 3
31.7113 0.000611951 0.000611951 2 4 3
31.7113 0.00061188 0.00061188 2 4 3
31.7113 0.00061181 0.00061181 2 4 3
31.7113 0.000611739 0.000611739 2 4 3
31.7113 0.000611668 0.000611668 2 4 3
31.7113 0.000611598 0.000611598 2 4 3
31.7113 0.000611527 0.000611527 2 4 3
31.7113 0.000611456 0.000611456 2 4 3
31.7113 0.000611386 0.000611386 2 4 3
31.7113 0.000611315 0.000611315 2 4 3
31.7113 0.000611244 0.000611244 2 4 3
31.7113 0.000611174 0.000611174 2 4 3
31.7113 0.000611103 0.000611103 2 4 3
31.7113 0.000611033 0.000611033 2 4 3
31.7113 0.000610962 0.000610962 2 4 3
31.7113 0.000610891 0.000610891 2 4 3
31.7113 0.000610821 0.000610821 2 4 3
31.7113 0.00061075 0.00061075 2 4 3
31.7113 0.00061068 0.00061068 2 4 3
31.7113 0.00061061 0.00061061 2 4 3
31.7113 0.000610539 0.000610539 2 4 3
31.7113 0.000610469 0.000610469 2 4 3
31.7113 0.000610398 0.000610398 2 4 3
31.7113 0.000610328 0.000610328 2 4 3
31.7113 0.000610257 0.000610257 2 4 3
31.7113 0.000610187 0.000610187 2 4 3
31.7113 0.000610117 0.000610117 2 4 3
31.7113 0.000610046 0.000610046 2 4 3
31.7113 0.000609976 0.000609976 2 4 3
31.7113 0.000609906 0.000609906 2 4 3
31.7113 0.000609835 0.000609835 2 4 3
31.7113 0.000609765 0.000609765 2 4 3
31.7113 0.000609695 0.000609695 2 4 3
31.7113 0.000609625 0.000609625 2 4 3
31.7113 0.000609554 0.000609554 2 4 3
31.7113 0.000609484 0.000609484 2 4 3
31.7113 0.000609414 0.000609414 2 4 3
31.7113 0.000609344 0.000609344 2 4 3
31.7113 0.000609274 0.000609274 2 4 3
31.7113 0.000609204 0.000609204 2 4 3
31.7113 0.000609133 0.000609133 2 4 3
31.7113 0.000609063 0.000609063 2 4 3
31.7113 0.000608993 0.000608993 2 4 3
31.7113 0.000608923 0.000608923 2 4 3
31.7113 0.000608853 0.000608853 2 4 3
31.7113 0.000608783 0.000608783 2 4 3
31.7113 0.000608713 0.000608713 2 4 3
31.7113 0.000608643 0.000608643 2 4 3
31.7113 0.000608573 0.000608573 2 4 3
31.7113 0.000608503 0.000608503 2 4 3
31.7113 0.000608433 0.000608433 2 4 3
31.7113 0.000608363 0.000608363 2 4 3
31.7113 0.000608293 0.000608293 2 4 3
31.7113 0.000608223 0.000608223 2 4 3
31.7113 0.000608153 0.000608153 2 4 3
31.7113 0.000608083 0.000608083 2 4 3
31.7113 0.000608014 0.000608014 2 4 3
31.7113 0.000607944 0.000607944 2 4 3
31.7113 0.000607874 0.000607874 2 4 3
31.7113 0.000607804 0.000607804 2 4 3
31.7113 0.000607734 0.000607734 2 4 3
31.7113 0.000607664 0.000607664 2 4 3
31.7113 0.000607595 0.000607595 2 4 3
31.7113 0.000607525 0.000607525 2 4 3
31.7113 0.000607455 0.000607455 2 4 3
31.7113 0.000607386 0.000607386 2 4 3
31.7113 0.000607316 0.000607316 2 4 3
31.7113 0.000607246 0.000607246 2 4 3
31.7113 0.000607176 0.000607176 2 4 3
31.7113 0.000607107 0.000607107 2 4 3
31.7113 0.000607037 0.000607037 2 4 3
31.7113 0.000606967 0.000606967 2 4 3
31.7113 0.000606898 0.000606898 2 4 3
31.7113 0.000606828 0.000606828 2 4 3
31.7113 0.000606759 0.000606759 2 4 3
31.7113 0.000606689 0.000606689 2 4 3
31.7113 0.00060662 0.00060662 2 4 3
31.7113 0.00060655 0.00060655 2 4 3
31.7113 0.000606481 0.000606481 2 4 3
31.7113 0.000606411 0.000606411 2 4 3
31.7113 0.000606342 0.000606342 2 4 3
31.7113 0.000606272 0.000606272 2 4 3
31.7113 0.000606203 0.000606203 2 4 3
31.7113 0.000606133 0.000606133 2 4 3
31.7113 0.000606064 0.000606064 2 4 3
31.7113 0.000605994 0.000605994 2 4 3
31.7113 0.000605925 0.000605925 2 4 3
31.7113 0.000605856 0.000605856 2 4 3
31.7113 0.000605786 0.000605786 2 4 3
31.7113 0.000605717 0.000605717 2 4 3
31.7113 0.000605648 0.000605648 2 4 3
31.7113 0.000605578 0.000605578 2 4 3
31.7113 0.000605509 0.000605509 2 4 3
31.7113 0.00060544 0.00060544 2 4 3
31.7113 0.00060537 0.00060537 2 4 3
31.7113 0.000605301 0.000605301 2 4 3
31.7113 0.000605232 0.000605232 2 4 3
31.7113 0.000605163 0.000605163 2 4 3
31.7113 0.000605094 0.000605094 2 4 3
31.7113 0.000605024 0.000605024 2 4 3
31.7113 0.000604955 0.000604955 2 4 3
31.7113 0.000604886 0.000604886 2 4 3
31.7113 0.000604817 0.000604817 2 4 3
31.7113 0.000604748 0.000604748 2 4 3
31.7113 0.000604679 0.000604679 2 4 3
31.7113 0.00060461 0.00060461 2 4 3
31.7113 0.00060454 0.00060454 2 4 3
31.7113 0.000604471 0.000604471 2 4 3
31.7113 0.000604402 0.000604402 2 4 3
31.7113 0.000604333 0.000604333 2 4 3
31.7113 0.000604264 0.000604264 2 4 3
31.7113 0.000604195 0.000604195 2 4 3
31.7113 0.000604126 0.000604126 2 4 3
31.7113 0.000604057 0.000604057 2 4 3
31.7113 0.000603988 0.000603988 2 4 3
31.7113 0.00060392 0.00060392 2 4 3
31.7113 0.000603851 0.000603851 2 4 3
31.7113 0.000603782 0.000603782 2 4 3
31.7113 0.000603713 0.000603713 2 4 3
31.7113 0.000603644 0.000603644 2 4 3
31.7113 0.000603575 0.000603575 2 4 3
31.7113 0.000603506 0.000603506 2 4 3
31.7113 0.000603437 0.000603437 2 4 3
31.7113 0.000603369 0.000603369 2 4 3
31.7113 0.0006033 0.0006033 2 4 3
31.7113 0.000603231 0.000603231 2 4 3
31.7113 0.000603162 0.000603162 2 4 3
31.7113 0.000603094 0.000603094 2 4 3
31.7113 0.000603025 0.000603025 2 4 3
31.7113 0.000602956 0.000602956 2 4 3
31.7113 0.000602887 0.000602887 2 4 3
31.7113 0.000602819 0.000602819 2 4 3
31.7113 0.00060275 0.00060275 2 4 3
31.7113 0.000602681 0.000602681 2 4 3
31.7113 0.000602613 0.000602613 2 4 3
31.7113 0.000602544 0.000602544 2 4 3
31.7113 0.000602476 0.000602476 2 4 3
31.7113 0.000602407 0.000602407 2 4 3
31.7113 0.000602338 0.000602338 2 4 3
31.7113 0.00060227 0.00060227 2 4 3
31.7113 0.000602201 0.000602201 2 4 3
31.7113 0.000602133 0.000602133 2 4 3
31.7113 0.000602064 0.000602064 2 4 3
31.7113 0.000601996 0.000601996 2 4 3
31.7113 0.000601927 0.000601927 2 4 3
31.7113 0.000601859 0.000601859 2 4 3
31.7113 0.00060179 0.00060179 2 4 3
31.7113 0.000601722 0.000601722 2 4 3
31.7113 0.000601654 0.000601654 2 4 3
31.7113 0.000601585 0.000601585 2 4 3
31.7113 0.000601517 0.000601517 2 4 3
31.7113 0.000601448 0.000601448 2 4 3
31.7113 0.00060138 0.00060138 2 4 3
31.7113 0.000601312 0.000601312 2 4 3
31.7113 0.000601243 0.000601243 2 4 3
31.7113 0.000601175 0.000601175 2 4 3
31.7113 0.000601107 0.000601107 2 4 3
31.7113 0.000601039 0.000601039 2 4 3
31.7113 0.00060097 0.00060097 2 4 3
31.7113 0.000600902 0.000600902 2 4 3
31.7113 0.000600834 0.000600834 2 4 3
31.7113 0.000600766 0.000600766 2 4 3
31.7113 0.000600697 0.000600697 2 4 3
31.7113 0.000600629 0.000600629 2 4 3
31.7113 0.000600561 0.000600561 2 4 3
31.7113 0.000600493 0.000600493 2 4 3
31.7113 0.000600425 0.000600425 2 4 3
31.7113 0.000600357 0.000600357 2 4 3
31.7113 0.000600289 0.000600289 2 4 3
31.7113 0.00060022 0.00060022 2 4 3
31.7113 0.000600152 0.000600152 2 4 3
31.7113 0.000600084 0.000600084 2 4 3
31.7113 0.000600016 0.000600016 2 4 3
31.7113 0.000599948 0.000599948 2 4 3
31.7113 0.00059988 0.00059988 2 4 3
31.7113 0.000599812 0.000599812 2 4 3
31.7113 0.000599744 0.000599744 2 4 3
31.7113 0.000599676 0.000599676 2 4 3
31.7113 0.000599608 0.000599608 2 4 3
31.7113 0.00059954 0.00059954 2 4 3
31.7113 0.000599473 0.000599473 2 4 3
31.7113 0.000599405 0.000599405 2 4 3
31.7113 0.000599337 0.000599337 2 4 3
31.7113 0.000599269 0.000599269 2 4 3
31.7113 0.000599201 0.000599201 2 4 3
31.7113 0.000599133 0.000599133 2 4 3
31.7113 0.000599065 0.000599065 2 4 3
31.7113 0.000598997 0.000598997 2 4 3
31.7113 0.00059893 0.00059893 2 4 3
31.7113 0.000598862 0.000598862 2 4 3
31.7113 0.000598794 0.000598794 2 4 3
31.7113 0.000598726 0.000598726 2 4 3
31.7113 0.000598659 0.000598659 2 4 3
31.7113 0.000598591 0.000598591 2 4 3
31.7113 0.000598523 0.000598523 2 4 3
31.7113 0.000598456 0.000598456 2 4 3
31.7113 0.000598388 0.000598388 2 4 3
31.7113 0.00059832 0.00059832 2 4 3
31.7113 0.000598253 0.000598253 2 4 3
31.7113 0.000598185 0.000598185 2 4 3
31.7113 0.000598117 0.000598117 2 4 3
31.7113 0.00059805 0.00059805 2 4 3
31.7113 0.000597982 0.000597982 2 4 3
31.7113 0.000597915 0.000597915 2 4 3
31.7113 0.000597847 0.000597847 2 4 3
31.7113 0.000597779 0.000597779 2 4 3
31.7113 0.000597712 0.000597712 2 4 3
31.7113 0.000597644 0.000597644 2 4 3
31.7113 0.000597577 0.000597577 2 4 3
31.7113 0.00059751 0.00059751 2 4 3
31.7113 0.000597442 0.000597442 2 4 3
31.7113 0.000597375 0.000597375 2 4 3
31.7113 0.000597307 0.000597307 2 4 3
31.7113 0.00059724 0.00059724 2 4 3
31.7113 0.000597172 0.000597172 2 4 3
31.7113 0.000597105 0.000597105 2 4 3
31.7113 0.000597038 0.000597038 2 4 3
31.7113 0.00059697 0.00059697 2 4 3
31.7113 0.000596903 0.000596903 2 4 3
31.7113 0.000596836 0.000596836 2 4 3
31.7113 0.000596768 0.000596768 2 4 3
31.7113 0.000596701 0.000596701 2 4 3
31.7113 0.000596634 0.000596634 2 4 3
31.7113 0.000596566 0.000596566 2 4 3
31.7113 0.000596499 0.000596499 2 4 3
31.7113 0.000596432 0.000596432 2 4 3
31.7113 0.000596365 0.000596365 2 4 3
31.7113 0.000596298 0.000596298 2 4 3
31.7113 0.00059623 0.00059623 2 4 3
31.7113 0.000596163 0.000596163 2 4 3
31.7113 0.000596096 0.000596096 2 4 3
31.7113 0.000596029 0.000596029 2 4 3
31.7113 0.000595962 0.000595962 2 4 3
31.7113 0.000595895 0.000595895 2 4 3
31.7113 0.000595828 0.000595828 2 4 3
31.7113 0.00059576 0.00059576 2 4 3
31.7113 0.000595693 0.000595693 2 4 3
31.7113 0.000595626 0.000595626 2 4 3
31.7113 0.000595559 0.000595559 2 4 3
31.7113 0.000595492 0.000595492 2 4 3
31.7113 0.000595425 0.000595425 2 4 3
31.7113 0.000595358 0.000595358 2 4 3
31.7113 0.000595291 0.000595291 2 4 3
31.7113 0.000595224 0.000595224 2 4 3
31.7113 0.000595157 0.000595157 2 4 3
31.7113 0.00059509 0.00059509 2 4 3
31.7113 0.000595024 0.000595024 2 4 3
31.7113 0.000594957 0.000594957 2 4 3
31.7113 0.00059489 0.00059489 2 4 3
31.7113 0.000594823 0.000594823 2 4 3
31.7113 0.000594756 0.000594756 2 4 3
31.7113 0.000594689 0.000594689 2 4 3
31.7113 0.000594622 0.000594622 2 4 3
31.7113 0.000594556 0.000594556 2 4 3
31.7113 0.000594489 0.000594489 2 4 3
31.7113 0.000594422 0.000594422 2 4 3
31.7113 0.000594355 0.000594355 2 4 3
31.7113 0.000594288 0.000594288 2 4 3
31.7113 0.000594222 0.000594222 2 4 3
31.7113 0.000594155 0.000594155 2 4 3
31.7113 0.000594088 0.000594088 2 4 3
31.7113 0.000594022 0.000594022 2 4 3
31.7113 0.000593955 0.000593955 2 4 3
31.7113 0.000593888 0.000593888 2 4 3
31.7113 0.000593822 0.000593822 2 4 3
31.7113 0.000593755 0.000593755 2 4 3
31.7113 0.000593688 0.000593688 2 4 3
31.7113 0.000593622 0.000593622 2 4 3
31.7113 0.000593555 0.000593555 2 4 3
31.7113 0.000593489 0.000593489 2 4 3
31.7113 0.000593422 0.000593422 2 4 3
31.7113 0.000593356 0.000593356 2 4 3
31.7113 0.000593289 0.000593289 2 4 3
31.7113 0.000593223 0.000593223 2 4 3
31.7113 0.000593156 0.000593156 2 4 3
31.7113 0.00059309 0.00059309 2 4 3
31.7113 0.000593023 0.000593023 2 4 3
31.7113 0.000592957 0.000592957 2 4 3
31.7113 0.00059289 0.00059289 2 4 3
31.7113 0.000592824 0.000592824 2 4 3
31.7113 0.000592757 0.000592757 2 4 3
31.7113 0.000592691 0.000592691 2 4 3
31.7113 0.000592625 0.000592625 2 4 3
31.7113 0.000592558 0.000592558 2 4 3
31.7113 0.000592492 0.000592492 2 4 3
31.7113 0.000592426 0.000592426 2 4 3
31.7113 0.000592359 0.000592359 2 4 3
31.7113 0.000592293 0.000592293 2 4 3
31.7113 0.000592227 0.000592227 2 4 3
31.7113 0.00059216 0.00059216 2 4 3
31.7113 0.000592094 0.000592094 2 4 3
31.7113 0.000592028 0.000592028 2 4 3
31.7113 0.000591962 0.000591962 2 4 3
31.7113 0.000591895 0.000591895 2 4 3
31.7113 0.000591829 0.000591829 2 4 3
31.7113 0.000591763 0.000591763 2 4 3
31.7113 0.000591697 0.000591697 2 4 3
31.7113 0.000591631 0.000591631 2 4 3
31.7113 0.000591565 0.000591565 2 4 3
31.7113 0.000591498 0.000591498 2 4 3
31.7113 0.000591432 0.000591432 2 4 3
31.7113 0.000591366 0.000591366 2 4 3
31.7113 0.0005913 0.0005913 2 4 3
31.7113 0.000591234 0.000591234 2 4 3
31.7113 0.000591168 0.000591168 2 4 3
31.7113 0.000591102 0.000591102 2 4 3
31.7113 0.000591036 0.000591036 2 4 3
31.7113 0.00059097 0.00059097 2 4 3
31.7113 0.000590904 0.000590904 2 4 3
31.7113 0.000590838 0.000590838 2 4 3
31.7113 0.000590772 0.000590772 2 4 3
31.7113 0.000590706 0.000590706 2 4 3
31.7113 0.00059064 0.00059064 2 4 3
31.7113 0.000590574 0.000590574 2 4 3
31.7113 0.000590508 0.000590508 2 4 3
31.7113 0.000590442 0.000590442 2 4 3
31.7113 0.000590377 0.000590377 2 4 3
31.7113 0.000590311 0.000590311 2 4 3
31.7113 0.000590245 0.000590245 2 4 3
31.7113 0.000590179 0.000590179 2 4 3
31.7113 0.000590113 0.000590113 2 4 3
31.7113 0.000590047 0.000590047 2 4 3
31.7113 0.000589982 0.000589982 2 4 3
31.7113 0.000589916 0.000589916 2 4 3
31.7113 0.00058985 0.00058985 2 4 3
31.7113 0.000589784 0.000589784 2 4 3
31.7113 0.000589719 0.000589719 2 4 3
31.7113 0.000589653 0.000589653 2 4 3
31.7113 0.000589587 0.000589587 2 4 3
31.7113 0.000589522 0.000589522 2 4 3
31.7113 0.000589456 0.000589456 2 4 3
31.7113 0.00058939 0.00058939 2 4 3
31.7113 0.000589325 0.000589325 2 4 3
31.7113 0.000589259 0.000589259 2 4 3
31.7113 0.000589193 0.000589193 2 4 3
31.7113 0.000589128 0.000589128 2 4 3
31.7113 0.000589062 0.000589062 2 4 3
31.7113 0.000588997 0.000588997 2 4 3
31.7113 0.000588931 0.000588931 2 4 3
31.7113 0.000588866 0.000588866 2 4 3
31.7113 0.0005888 0.0005888 2 4 3
31.7113 0.000588734 0.000588734 2 4 3
31.7113 0.000588669 0.000588669 2 4 3
31.7113 0.000588604 0.000588604 2 4 3
31.7113 0.000588538 0.000588538 2 4 3
31.7113 0.000588473 0.000588473 2 4 3
31.7113 0.000588407 0.000588407 2 4 3
31.7113 0.000588342 0.000588342 2 4 3
31.7113 0.000588276 0.000588276 2 4 3
31.7113 0.000588211 0.000588211 2 4 3
31.7113 0.000588146 0.000588146 2 4 3
31.7113 0.00058808 0.00058808 2 4 3
31.7113 0.000588015 0.000588015 2 4 3
31.7113 0.00058795 0.00058795 2 4 3
31.7113 0.000587884 0.000587884 2 4 3
31.7113 0.000587819 0.000587819 2 4 3
31.7113 0.000587754 0.000587754 2 4 3
31.7113 0.000587688 0.000587688 2 4 3
31.7113 0.000587623 0.000587623 2 4 3
31.7113 0.000587558 0.000587558 2 4 3
31.7113 0.000587493 0.000587493 2 4 3
31.7113 0.000587427 0.000587427 2 4 3
31.7113 0.000587362 0.000587362 2 4 3
31.7113 0.000587297 0.000587297 2 4 3
31.7113 0.000587232 0.000587232 2 4 3
31.7113 0.000587167 0.000587167 2 4 3
31.7113 0.000587102 0.000587102 2 4 3
31.7113 0.000587036 0.000587036 2 4 3
31.7113 0.000586971 0.000586971 2 4 3
31.7113 0.000586906 0.000586906 2 4 3
31.7113 0.000586841 0.000586841 2 4 3
31.7113 0.000586776 0.000586776 2 4 3
31.7113 0.000586711 0.000586711 2 4 3
31.7113 0.000586646 0.000586646 2 4 3
31.7113 0.000586581 0.000586581 2 4 3
31.7113 0.000586516 0.000586516 2 4 3
31.7113 0.000586451 0.000586451 2 4 3
31.7113 0.000586386 0.000586386 2 4 3
31.7113 0.000586321 0.000586321 2 4 3
31.7113 0.000586256 0.000586256 2 4 3
31.7113 0.000586191 0.000586191 2 4 3
31.7113 0.000586126 0.000586126 2 4 3
31.7113 0.000586061 0.000586061 2 4 3
31.7113 0.000585996 0.000585996 2 4 3
31.7113 0.000585931 0.000585931 2 4 3
31.7113 0.000585866 0.000585866 2 4 3
31.7113 0.000585802 0.000585802 2 4 3
31.7113 0.000585737 0.000585737 2 4 3
31.7113 0.000585672 0.000585672 2 4 3
31.7113 0.000585607 0.000585607 2 4 3
31.7113 0.000585542 0.000585542 2 4 3
31.7113 0.000585478 0.000585478 2 4 3
31.7113 0.000585413 0.000585413 2 4 3
31.7113 0.000585348 0.000585348 2 4 3
31.7113 0.000585283 0.000585283 2 4 3
31.7113 0.000585219 0.000585219 2 4 3
31.7113 0.000585154 0.000585154 2 4 3
31.7113 0.000585089 0.000585089 2 4 3
31.7113 0.000585024 0.000585024 2 4 3
31.7113 0.00058496 0.00058496 2 4 3
31.7113 0.000584895 0.000584895 2 4 3
31.7113 0.00058483 0.00058483 2 4 3
31.7113 0.000584766 0.000584766 2 4 3
31.7113 0.000584701 0.000584701 2 4 3
31.7113 0.000584637 0.000584637 2 4 3
31.7113 0.000584572 0.000584572 2 4 3
31.7113 0.000584507 0.000584507 2 4 3
31.7113 0.000584443 0.000584443 2 4 3
31.7113 0.000584378 0.000584378 2 4 3
31.7113 0.000584314 0.000584314 2 4 3
31.7113 0.000584249 0.000584249 2 4 3
31.7113 0.000584185 0.000584185 2 4 3
31.7113 0.00058412 0.00058412 2 4 3
31.7113 0.000584056 0.000584056 2 4 3
31.7113 0.000583991 0.000583991 2 4 3
31.7113 0.000583927 0.000583927 2 4 3
31.7113 0.000583863 0.000583863 2 4 3
31.7113 0.000583798 0.000583798 2 4 3
31.7113 0.000583734 0.000583734 2 4 3
31.7113 0.000583669 0.000583669 2 4 3
31.7113 0.000583605 0.000583605 2 4 3
31.7113 0.000583541 0.000583541 2 4 3
31.7113 0.000583476 0.000583476 2 4 3
31.7113 0.000583412 0.000583412 2 4 3
31.7113 0.000583348 0.000583348 2 4 3
31.7113 0.000583283 0.000583283 2 4 3
31.7113 0.000583219 0.000583219 2 4 3
31.7113 0.000583155 0.000583155 2 4 3
31.7113 0.000583091 0.000583091 2 4 3
31.7113 0.000583026 0.000583026 2 4 3
31.7113 0.000582962 0.000582962 2 4 3
31.7113 0.000582898 0.000582898 2 4 3
31.7113 0.000582834 0.000582834 2 4 3
31.7113 0.000582769 0.000582769 2 4 3
31.7113 0.000582705 0.000582705 2 4 3
31.7113 0.000582641 0.000582641 2 4 3
31.7113 0.000582577 0.000582577 2 4 3
31.7113 0.000582513 0.000582513 2 4 3
31.7113 0.000582449 0.000582449 2 4 3
31.7113 0.000582385 0.000582385 2 4 3
31.7113 0.000582321 0.000582321 2 4 3
31.7113 0.000582256 0.000582256 2 4 3
31.7113 0.000582192 0.000582192 2 4 3
31.7113 0.000582128 0.000582128 2 4 3
31.7113 0.000582064 0.000582064 2 4 3
31.7113 0.000582 0.000582 2 4 3
31.7113 0.000581936 0.000581936 2 4 3
31.7113 0.000581872 0.000581872 2 4 3
31.7113 0.000581808 0.000581808 2 4 3
31.7113 0.000581744 0.000581744 2 4 3
31.7113 0.00058168 0.00058168 2 4 3
31.7113 0.000581616 0.000581616 2 4 3
31.7113 0.000581553 0.000581553 2 4 3
31.7113 0.000581489 0.000581489 2 4 3
31.7113 0.000581425 0.000581425 2 4 3
31.7113 0.000581361 0.000581361 2 4 3
31.7113 0.000581297 0.000581297 2 4 3
31.7113 0.000581233 0.000581233 2 4 3
31.7113 0.000581169 0.000581169 2 4 3
31.7113 0.000581106 0.000581106 2 4 3
31.7113 0.000581042 0.000581042 2 4 3
31.7113 0.000580978 0.000580978 2 4 3
31.7113 0.000580914 0.000580914 2 4 3
31.7113 0.00058085 0.00058085 2 4 3
31.7113 0.000580787 0.000580787 2 4 3
31.7113 0.000580723 0.000580723 2 4 3
31.7113 0.000580659 0.000580659 2 4 3
31.7113 0.000580595 0.000580595 2 4 3
31.7113 0.000580532 0.000580532 2 4 3
31.7113 0.000580468 0.000580468 2 4 3
31.7113 0.000580404 0.000580404 2 4 3
31.7113 0.000580341 0.000580341 2 4 3
31.7113 0.000580277 0.000580277 2 4 3
31.7113 0.000580213 0.000580213 2 4 3
31.7113 0.00058015 0.00058015 2 4 3
31.7113 0.000580086 0.000580086 2 4 3
31.7113 0.000580023 0.000580023 2 4 3
31.7113 0.000579959 0.000579959 2 4 3
31.7113 0.000579896 0.000579896 2 4 3
31.7113 0.000579832 0.000579832 2 4 3
31.7113 0.000579768 0.000579768 2 4 3
31.7113 0.000579705 0.000579705 2 4 3
31.7113 0.000579641 0.000579641 2 4 3
31.7113 0.000579578 0.000579578 2 4 3
31.7113 0.000579515 0.000579515 2 4 3
31.7113 0.000579451 0.000579451 2 4 3
31.7113 0.000579388 0.000579388 2 4 3
31.7113 0.000579324 0.000579324 2 4 3
31.7113 0.000579261 0.000579261 2 4 3
31.7113 0.000579197 0.000579197 2 4 3
31.7113 0.000579134 0.000579134 2 4 3
31.7113 0.000579071 0.000579071 2 4 3
31.7113 0.000579007 0.000579007 2 4 3
31.7113 0.000578944 0.000578944 2 4 3
31.7113 0.000578881 0.000578881 2 4 3
31.7113 0.000578817 0.000578817 2 4 3
31.7113 0.000578754 0.000578754 2 4 3
31.7113 0.000578691 0.000578691 2 4 3
31.7113 0.000578627 0.000578627 2 4 3
31.7113 0.000578564 0.000578564 2 4 3
31.7113 0.000578501 0.000578501 2 4 3
31.7113 0.000578438 0.000578438 2 4 3
31.7113 0.000578374 0.000578374 2 4 3
31.7113 0.000578311 0.000578311 2 4 3
31.7113 0.000578248 0.000578248 2 4 3
31.7113 0.000578185 0.000578185 2 4 3
31.7113 0.000578122 0.000578122 2 4 3
31.7113 0.000578058 0.000578058 2 4 3
31.7113 0.000577995 0.000577995 2 4 3
31.7113 0.000577932 0.000577932 2 4 3
31.7113 0.000577869 0.000577869 2 4 3
31.7113 0.000577806 0.000577806 2 4 3
31.7113 0.000577743 0.000577743 2 4 3
31.7113 0.00057768 0.00057768 2 4 3
31.7113 0.000577617 0.000577617 2 4 3
31.7113 0.000577554 0.000577554 2 4 3
31.7113 0.000577491 0.000577491 2 4 3
31.7113 0.000577428 0.000577428 2 4 3
31.7113 0.000577365 0.000577365 2 4 3
31.7113 0.000577302 0.000577302 2 4 3
31.7113 0.000577239 0.000577239 2 4 3
31.7113 0.000577176 0.000577176 2 4 3
31.7113 0.000577113 0.000577113 2 4 3
31.7113 0.00057705 0.00057705 2 4 3
31.7113 0.000576987 0.000576987 2 4 3
31.7113 0.000576924 0.000576924 2 4 3
31.7113 0.000576861 0.000576861 2 4 3
31.7113 0.000576798 0.000576798 2 4 3
31.7113 0.000576735 0.000576735 2 4 3
31.7113 0.000576673 0.000576673 2 4 3
31.7113 0.00057661 0.00057661 2 4 3
31.7113 0.000576547 0.000576547 2 4 3
31.7113 0.000576484 0.000576484 2 4 3
31.7113 0.000576421 0.000576421 2 4 3
31.7113 0.000576359 0.000576359 2 4 3
31.7113 0.000576296 0.000576296 2 4 3
31.7113 0.000576233 0.000576233 2 4 3
31.7113 0.00057617 0.00057617 2 4 3
31.7113 0.000576108 0.000576108 2 4 3
31.7113 0.000576045 0.000576045 2 4 3
31.7113 0.000575982 0.000575982 2 4 3
31.7113 0.000575919 0.000575919 2 4 3
31.7113 0.000575857 0.000575857 2 4 3
31.7113 0.000575794 0.000575794 2 4 3
31.7113 0.000575731 0.000575731 2 4 3
31.7113 0.000575669 0.000575669 2 4 3
31.7113 0.000575606 0.000575606 2 4 3
31.7113 0.000575544 0.000575544 2 4 3
31.7113 0.000575481 0.000575481 2 4 3
31.7113 0.000575418 0.000575418 2 4 3
31.7113 0.000575356 0.000575356 2 4 3
31.7113 0.000575293 0.000575293 2 4 3
31.7113 0.000575231 0.000575231 2 4 3
31.7113 0.000575168 0.000575168 2 4 3
31.7113 0.000575106 0.000575106 2 4 3
31.7113 0.000575043 0.000575043 2 4 3
31.7113 0.000574981 0.000574981 2 4 3
31.7113 0.000574918 0.000574918 2 4 3
31.7113 0.000574856 0.000574856 2 4 3
31.7113 0.000574793 0.000574793 2 4 3
31.7113 0.000574731 0.000574731 2 4 3
31.7113 0.000574669 0.000574669 2 4 3
31.7113 0.000574606 0.000574606 2 4 3
31.7113 0.000574544 0.000574544 2 4 3
31.7113 0.000574481 0.000574481 2 4 3
31.7113 0.000574419 0.000574419 2 4 3
31.7113 0.000574357 0.000574357 2 4 3
31.7113 0.000574294 0.000574294 2 4 3
31.7113 0.000574232 0.000574232 2 4 3
31.7113 0.00057417 0.00057417 2 4 3
31.7113 0.000574107 0.000574107 2 4 3
31.7113 0.000574045 0.000574045 2 4 3
31.7113 0.000573983 0.000573983 2 4 3
31.7113 0.000573921 0.000573921 2 4 3
31.7113 0.000573858 0.000573858 2 4 3
31.7113 0.000573796 0.000573796 2 4 3
31.7113 0.000573734 0.000573734 2 4 3
31.7113 0.000573672 0.000573672 2 4 3
31.7113 0.00057361 0.00057361 2 4 3
31.7113 0.000573547 0.000573547 2 4 3
31.7113 0.000573485 0.000573485 2 4 3
31.7113 0.000573423 0.000573423 2 4 3
31.7113 0.000573361 0.000573361 2 4 3
31.7113 0.000573299 0.000573299 2 4 3
31.7113 0.000573237 0.000573237 2 4 3
31.7113 0.000573175 0.000573175 2 4 3
31.7113 0.000573113 0.000573113 2 4 3
31.7113 0.00057305 0.00057305 2 4 3
31.7113 0.000572988 0.000572988 2 4 3
31.7113 0.000572926 0.000572926 2 4 3
31.7113 0.000572864 0.000572864 2 4 3
31.7113 0.000572802 0.000572802 2 4 3
31.7113 0.00057274 0.00057274 2 4 3
31.7113 0.000572678 0.000572678 2 4 3
31.7113 0.000572616 0.000572616 2 4 3
31.7113 0.000572554 0.000572554 2 4 3
31.7113 0.000572493 0.000572493 2 4 3
31.7113 0.000572431 0.000572431 2 4 3
31.7113 0.000572369 0.000572369 2 4 3
31.7113 0.000572307 0.000572307 2 4 3
31.7113 0.000572245 0.000572245 2 4 3
31.7113 0.000572183 0.000572183 2 4 3
31.7113 0.000572121 0.000572121 2 4 3
31.7113 0.000572059 0.000572059 2 4 3
31.7113 0.000571997 0.000571997 2 4 3
31.7113 0.000571936 0.000571936 2 4 3
31.7113 0.000571874 0.000571874 2 4 3
31.7113 0.000571812 0.000571812 2 4 3
31.7113 0.00057175 0.00057175 2 4 3
31.7113 0.000571688 0.000571688 2 4 3
31.7113 0.000571627 0.000571627 2 4 3
31.7113 0.000571565 0.000571565 2 4 3
31.7113 0.000571503 0.000571503 2 4 3
31.7113 0.000571442 0.000571442 2 4 3
31.7113 0.00057138 0.00057138 2 4 3
31.7113 0.000571318 0.000571318 2 4 3
31.7113 0.000571256 0.000571256 2 4 3
31.7113 0.000571195 0.000571195 2 4 3
31.7113 0.000571133 0.000571133 2 4 3
31.7113 0.000571072 0.000571072 2 4 3
31.7113 0.00057101 0.00057101 2 4 3
31.7113 0.000570948 0.000570948 2 4 3
31.7113 0.000570887 0.000570887 2 4 3
31.7113 0.000570825 0.000570825 2 4 3
31.7113 0.000570764 0.000570764 2 4 3
31.7113 0.000570702 0.000570702 2 4 3
31.7113 0.00057064 0.00057064 2 4 3
31.7113 0.000570579 0.000570579 2 4 3
31.7113 0.000570517 0.000570517 2 4 3
31.7113 0.000570456 0.000570456 2 4 3
31.7113 0.000570394 0.000570394 2 4 3
31.7113 0.000570333 0.000570333 2 4 3
31.7113 0.000570271 0.000570271 2 4 3
31.7113 0.00057021 0.00057021 2 4 3
31.7113 0.000570149 0.000570149 2 4 3
31.7113 0.000570087 0.000570087 2 4 3
31.7113 0.000570026 0.000570026 2 4 3
31.7113 0.000569964 0.000569964 2 4 3
31.7113 0.000569903 0.000569903 2 4 3
31.7113 0.000569842 0.000569842 2 4 3
31.7113 0.00056978 0.00056978 2 4 3
31.7113 0.000569719 0.000569719 2 4 3
31.7113 0.000569658 0.000569658 2 4 3
31.7113 0.000569596 0.000569596 2 4 3
31.7113 0.000569535 0.000569535 2 4 3
31.7113 0.000569474 0.000569474 2 4 3
31.7113 0.000569412 0.000569412 2 4 3
31.7113 0.000569351 0.000569351 2 4 3
31.7113 0.00056929 0.00056929 2 4 3
31.7113 0.000569229 0.000569229 2 4 3
31.7113 0.000569167 0.000569167 2 4 3
31.7113 0.000569106 0.000569106 2 4 3
31.7113 0.000569045 0.000569045 2 4 3
31.7113 0.000568984 0.000568984 2 4 3
31.7113 0.000568923 0.000568923 2 4 3
31.7113 0.000568861 0.000568861 2 4 3
31.7113 0.0005688 0.0005688 2 4 3
31.7113 0.000568739 0.000568739 2 4 3
31.7113 0.000568678 0.000568678 2 4 3
31.7113 0.000568617 0.000568617 2 4 3
31.7113 0.000568556 0.000568556 2 4 3
31.7113 0.000568495 0.000568495 2 4 3
31.7113 0.000568434 0.000568434 2 4 3
31.7113 0.000568373 0.000568373 2 4 3
31.7113 0.000568312 0.000568312 2 4 3
31.7113 0.000568251 0.000568251 2 4 3
31.7113 0.00056819 0.00056819 2 4 3
31.7113 0.000568129 0.000568129 2 4 3
31.7113 0.000568068 0.000568068 2 4 3
31.7113 0.000568007 0.000568007 2 4 3
31.7113 0.000567946 0.000567946 2 4 3
31.7113 0.000567885 0.000567885 2 4 3
31.7113 0.000567824 0.000567824 2 4 3
31.7113 0.000567763 0.000567763 2 4 3
31.7113 0.000567702 0.000567702 2 4 3
31.7113 0.000567641 0.000567641 2 4 3
31.7113 0.00056758 0.00056758 2 4 3
31.7113 0.000567519 0.000567519 2 4 3
31.7113 0.000567458 0.000567458 2 4 3
31.7113 0.000567398 0.000567398 2 4 3
31.7113 0.000567337 0.000567337 2 4 3
31.7113 0.000567276 0.000567276 2 4 3
31.7113 0.000567215 0.000567215 2 4 3
31.7113 0.000567154 0.000567154 2 4 3
31.7113 0.000567093 0.000567093 2 4 3
31.7113 0.000567033 0.000567033 2 4 3
31.7113 0.000566972 0.000566972 2 4 3
31.7113 0.000566911 0.000566911 2 4 3
31.7113 0.00056685 0.00056685 2 4 3
31.7113 0.00056679 0.00056679 2 4 3
31.7113 0.000566729 0.000566729 2 4 3
31.7113 0.000566668 0.000566668 2 4 3
31.7113 0.000566608 0.000566608 2 4 3
31.7113 0.000566547 0.000566547 2 4 3
31.7113 0.000566486 0.000566486 2 4 3
31.7113 0.000566426 0.000566426 2 4 3
31.7113 0.000566365 0.000566365 2 4 3
31.7113 0.000566305 0.000566305 2 4 3
31.7113 0.000566244 0.000566244 2 4 3
31.7113 0.000566183 0.000566183 2 4 3
31.7113 0.000566123 0.000566123 2 4 3
31.7113 0.000566062 0.000566062 2 4 3
31.7113 0.000566002 0.000566002 2 4 3
31.7113 0.000565941 0.000565941 2 4 3
31.7113 0.000565881 0.000565881 2 4 3
31.7113 0.00056582 0.00056582 2 4 3
31.7113 0.00056576 0.00056576 2 4 3
31.7113 0.000565699 0.000565699 2 4 3
31.7113 0.000565639 0.000565639 2 4 3
31.7113 0.000565578 0.000565578 2 4 3
31.7113 0.000565518 0.000565518 2 4 3
31.7113 0.000565457 0.000565457 2 4 3
31.7113 0.000565397 0.000565397 2 4 3
31.7113 0.000565336 0.000565336 2 4 3
31.7113 0.000565276 0.000565276 2 4 3
31.7113 0.000565216 0.000565216 2 4 3
31.7113 0.000565155 0.000565155 2 4 3
31.7113 0.000565095 0.000565095 2 4 3
31.7113 0.000565035 0.000565035 2 4 3
31.7113 0.000564974 0.000564974 2 4 3
31.7113 0.000564914 0.000564914 2 4 3
31.7113 0.000564854 0.000564854 2 4 3
31.7113 0.000564793 0.000564793 2 4 3
31.7113 0.000564733 0.000564733 2 4 3
31.7113 0.000564673 0.000564673 2 4 3
31.7113 0.000564613 0.000564613 2 4 3
31.7113 0.000564552 0.000564552 2 4 3
31.7113 0.000564492 0.000564492 2 4 3
31.7113 0.000564432 0.000564432 2 4 3
31.7113 0.000564372 0.000564372 2 4 3
31.7113 0.000564312 0.000564312 2 4 3
31.7113 0.000564251 0.000564251 2 4 3
31.7113 0.000564191 0.000564191 2 4 3
31.7113 0.000564131 0.000564131 2 4 3
31.7113 0.000564071 0.000564071 2 4 3
31.7113 0.000564011 0.000564011 2 4 3
31.7113 0.000563951 0.000563951 2 4 3
31.7113 0.000563891 0.000563891 2 4 3
31.7113 0.000563831 0.000563831 2 4 3
31.7113 0.00056377 0.00056377 2 4 3
31.7113 0.00056371 0.00056371 2 4 3
31.7113 0.00056365 0.00056365 2 4 3
31.7113 0.00056359 0.00056359 2 4 3
31.7113 0.00056353 0.00056353 2 4 3
31.7113 0.00056347 0.00056347 2 4 3
31.7113 0.00056341 0.00056341 2 4 3
31.7113 0.00056335 0.00056335 2 4 3
31.7113 0.00056329 0.00056329 2 4 3
31.7113 0.00056323 0.00056323 2 4 3
31.7113 0.00056317 0.00056317 2 4 3
31.7113 0.000563111 0.000563111 2 4 3
31.7113 0.000563051 0.000563051 2 4 3
31.7113 0.000562991 0.000562991 2 4 3
31.7113 0.000562931 0.000562931 2 4 3
31.7113 0.000562871 0.000562871 2 4 3
31.7113 0.000562811 0.000562811 2 4 3
31.7113 0.000562751 0.000562751 2 4 3
31.7113 0.000562691 0.000562691 2 4 3
31.7113 0.000562632 0.000562632 2 4 3
31.7113 0.000562572 0.000562572 2 4 3
31.7113 0.000562512 0.000562512 2 4 3
31.7113 0.000562452 0.000562452 2 4 3
31.7113 0.000562392 0.000562392 2 4 3
31.7113 0.000562333 0.000562333 2 4 3
31.7113 0.000562273 0.000562273 2 4 3
31.7113 0.000562213 0.000562213 2 4 3
31.7113 0.000562153 0.000562153 2 4 3
31.7113 0.000562094 0.000562094 2 4 3
31.7113 0.000562034 0.000562034 2 4 3
31.7113 0.000561974 0.000561974 2 4 3
31.7113 0.000561915 0.000561915 2 4 3
31.7113 0.000561855 0.000561855 2 4 3
31.7113 0.000561795 0.000561795 2 4 3
31.7113 0.000561736 0.000561736 2 4 3
31.7113 0.000561676 0.000561676 2 4 3
31.7113 0.000561616 0.000561616 2 4 3
31.7113 0.000561557 0.000561557 2 4 3
31.7113 0.000561497 0.000561497 2 4 3
31.7113 0.000561438 0.000561438 2 4 3
31.7113 0.000561378 0.000561378 2 4 3
31.7113 0.000561319 0.000561319 2 4 3
31.7113 0.000561259 0.000561259 2 4 3
31.7113 0.0005612 0.0005612 2 4 3
31.7113 0.00056114 0.00056114 2 4 3
31.7113 0.000561081 0.000561081 2 4 3
31.7113 0.000561021 0.000561021 2 4 3
31.7113 0.000560962 0.000560962 2 4 3
31.7113 0.000560902 0.000560902 2 4 3
31.7113 0.000560843 0.000560843 2 4 3
31.7113 0.000560783 0.000560783 2 4 3
31.7113 0.000560724 0.000560724 2 4 3
31.7113 0.000560664 0.000560664 2 4 3
31.7113 0.000560605 0.000560605 2 4 3
31.7113 0.000560546 0.000560546 2 4 3
31.7113 0.000560486 0.000560486 2 4 3
31.7113 0.000560427 0.000560427 2 4 3
31.7113 0.000560368 0.000560368 2 4 3
31.7113 0.000560308 0.000560308 2 4 3
31.7113 0.000560249 0.000560249 2 4 3
31.7113 0.00056019 0.00056019 2 4 3
31.7113 0.00056013 0.00056013 2 4 3
31.7113 0.000560071 0.000560071 2 4 3
31.7113 0.000560012 0.000560012 2 4 3
31.7113 0.000559952 0.000559952 2 4 3
31.7113 0.000559893 0.000559893 2 4 3
31.7113 0.000559834 0.000559834 2 4 3
31.7113 0.000559775 0.000559775 2 4 3
31.7113 0.000559716 0.000559716 2 4 3
31.7113 0.000559656 0.000559656 2 4 3
31.7113 0.000559597 0.000559597 2 4 3
31.7113 0.000559538 0.000559538 2 4 3
31.7113 0.000559479 0.000559479 2 4 3
31.7113 0.00055942 0.00055942 2 4 3
31.7113 0.000559361 0.000559361 2 4 3
31.7113 0.000559301 0.000559301 2 4 3
31.7113 0.000559242 0.000559242 2 4 3
31.7113 0.000559183 0.000559183 2 4 3
31.7113 0.000559124 0.000559124 2 4 3
31.7113 0.000559065 0.000559065 2 4 3
31.7113 0.000559006 0.000559006 2 4 3
31.7113 0.000558947 0.000558947 2 4 3
31.7113 0.000558888 0.000558888 2 4 3
31.7113 0.000558829 0.000558829 2 4 3
31.7113 0.00055877 0.00055877 2 4 3
31.7113 0.000558711 0.000558711 2 4 3
31.7113 0.000558652 0.000558652 2 4 3
31.7113 0.000558593 0.000558593 2 4 3
31.7113 0.000558534 0.000558534 2 4 3
31.7113 0.000558475 0.000558475 2 4 3
31.7113 0.000558416 0.000558416 2 4 3
31.7113 0.000558357 0.000558357 2 4 3
31.7113 0.000558298 0.000558298 2 4 3
31.7113 0.000558239 0.000558239 2 4 3
31.7113 0.00055818 0.00055818 2 4 3
31.7113 0.000558122 0.000558122 2 4 3
31.7113 0.000558063 0.000558063 2 4 3
31.7113 0.000558004 0.000558004 2 4 3
31.7113 0.000557945 0.000557945 2 4 3
31.7113 0.000557886 0.000557886 2 4 3
31.7113 0.000557827 0.000557827 2 4 3
31.7113 0.000557769 0.000557769 2 4 3
31.7113 0.00055771 0.00055771 2 4 3
31.7113 0.000557651 0.000557651 2 4 3
31.7113 0.000557592 0.000557592 2 4 3
31.7113 0.000557534 0.000557534 2 4 3
31.7113 0.000557475 0.000557475 2 4 3
31.7113 0.000557416 0.000557416 2 4 3
31.7113 0.000557357 0.000557357 2 4 3
31.7113 0.000557299 0.000557299 2 4 3
31.7113 0.00055724 0.00055724 2 4 3
31.7113 0.000557181 0.000557181 2 4 3
31.7113 0.000557123 0.000557123 2 4 3
31.7113 0.000557064 0.000557064 2 4 3
31.7113 0.000557005 0.000557005 2 4 3
31.7113 0.000556947 0.000556947 2 4 3
31.7113 0.000556888 0.000556888 2 4 3
31.7113 0.00055683 0.00055683 2 4 3
31.7113 0.000556771 0.000556771 2 4 3
31.7113 0.000556712 0.000556712 2 4 3
31.7113 0.000556654 0.000556654 2 4 3
31.7113 0.000556595 0.000556595 2 4 3
31.7113 0.000556537 0.000556537 2 4 3
31.7113 0.000556478 0.000556478 2 4 3
31.7113 0.00055642 0.00055642 2 4 3
31.7113 0.000556361 0.000556361 2 4 3
31.7113 0.000556303 0.000556303 2 4 3
31.7113 0.000556244 0.000556244 2 4 3
31.7113 0.000556186 0.000556186 2 4 3
31.7113 0.000556127 0.000556127 2 4 3
31.7113 0.000556069 0.000556069 2 4 3
31.7113 0.00055601 0.00055601 2 4 3
31.7113 0.000555952 0.000555952 2 4 3
31.7113 0.000555894 0.000555894 2 4 3
31.7113 0.000555835 0.000555835 2 4 3
31.7113 0.000555777 0.000555777 2 4 3
31.7113 0.000555718 0.000555718 2 4 3
31.7113 0.00055566 0.00055566 2 4 3
31.7113 0.000555602 0.000555602 2 4 3
31.7113 0.000555543 0.000555543 2 4 3
31.7113 0.000555485 0.000555485 2 4 3
31.7113 0.000555427 0.000555427 2 4 3
31.7113 0.000555369 0.000555369 2 4 3
31.7113 0.00055531 0.00055531 2 4 3
31.7113 0.000555252 0.000555252 2 4 3
31.7113 0.000555194 0.000555194 2 4 3
31.7113 0.000555135 0.000555135 2 4 3
31.7113 0.000555077 0.000555077 2 4 3
31.7113 0.000555019 0.000555019 2 4 3
31.7113 0.000554961 0.000554961 2 4 3
31.7113 0.000554903 0.000554903 2 4 3
31.7113 0.000554844 0.000554844 2 4 3
31.7113 0.000554786 0.000554786 2 4 3
31.7113 0.000554728 0.000554728 2 4 3
31.7113 0.00055467 0.00055467 2 4 3
31.7113 0.000554612 0.000554612 2 4 3
31.7113 0.000554554 0.000554554 2 4 3
31.7113 0.000554496 0.000554496 2 4 3
31.7113 0.000554437 0.000554437 2 4 3
31.7113 0.000554379 0.000554379 2 4 3
31.7113 0.000554321 0.000554321 2 4 3
31.7113 0.000554263 0.000554263 2 4 3
31.7113 0.000554205 0.000554205 2 4 3
31.7113 0.000554147 0.000554147 2 4 3
31.7113 0.000554089 0.000554089 2 4 3
31.7113 0.000554031 0.000554031 2 4 3
31.7113 0.000553973 0.000553973 2 4 3
31.7113 0.000553915 0.000553915 2 4 3
31.7113 0.000553857 0.000553857 2 4 3
31.7113 0.000553799 0.000553799 2 4 3
31.7113 0.000553741 0.000553741 2 4 3
31.7113 0.000553683 0.000553683 2 4 3
31.7113 0.000553625 0.000553625 2 4 3
31.7113 0.000553567 0.000553567 2 4 3
31.7113 0.00055351 0.00055351 2 4 3
31.7113 0.000553452 0.000553452 2 4 3
31.7113 0.000553394 0.000553394 2 4 3
31.7113 0.000553336 0.000553336 2 4 3
31.7113 0.000553278 0.000553278 2 4 3
31.7113 0.00055322 0.00055322 2 4 3
31.7113 0.000553162 0.000553162 2 4 3
31.7113 0.000553105 0.000553105 2 4 3
31.7113 0.000553047 0.000553047 2 4 3
31.7113 0.000552989 0.000552989 2 4 3
31.7113 0.000552931 0.000552931 2 4 3
31.7113 0.000552873 0.000552873 2 4 3
31.7113 0.000552816 0.000552816 2 4 3
31.7113 0.000552758 0.000552758 2 4 3
31.7113 0.0005527 0.0005527 2 4 3
31.7113 0.000552642 0.000552642 2 4 3
31.7113 0.000552585 0.000552585 2 4 3
31.7113 0.000552527 0.000552527 2 4 3
31.7113 0.000552469 0.000552469 2 4 3
31.7113 0.000552412 0.000552412 2 4 3
31.7113 0.000552354 0.000552354 2 4 3
31.7113 0.000552296 0.000552296 2 4 3
31.7113 0.000552239 0.000552239 2 4 3
31.7113 0.000552181 0.000552181 2 4 3
31.7113 0.000552124 0.000552124 2 4 3
31.7113 0.000552066 0.000552066 2 4 3
31.7113 0.000552008 0.000552008 2 4 3
31.7113 0.000551951 0.000551951 2 4 3
31.7113 0.000551893 0.000551893 2 4 3
31.7113 0.000551836 0.000551836 2 4 3
31.7113 0.000551778 0.000551778 2 4 3
31.7113 0.000551721 0.000551721 2 4 3
31.7113 0.000551663 0.000551663 2 4 3
31.7113 0.000551606 0.000551606 2 4 3
31.7113 0.000551548 0.000551548 2 4 3
31.7113 0.000551491 0.000551491 2 4 3
31.7113 0.000551433 0.000551433 2 4 3
31.7113 0.000551376 0.000551376 2 4 3
31.7113 0.000551318 0.000551318 2 4 3
31.7113 0.000551261 0.000551261 2 4 3
31.7113 0.000551203 0.000551203 2 4 3
31.7113 0.000551146 0.000551146 2 4 3
31.7113 0.000551089 0.000551089 2 4 3
31.7113 0.000551031 0.000551031 2 4 3
31.7113 0.000550974 0.000550974 2 4 3
31.7113 0.000550916 0.000550916 2 4 3
31.7113 0.000550859 0.000550859 2 4 3
31.7113 0.000550802 0.000550802 2 4 3
31.7113 0.000550744 0.000550744 2 4 3
31.7113 0.000550687 0.000550687 2 4 3
31.7113 0.00055063 0.00055063 2 4 3
31.7113 0.000550572 0.000550572 2 4 3
31.7113 0.000550515 0.000550515 2 4 3
31.7113 0.000550458 0.000550458 2 4 3
31.7113 0.000550401 0.000550401 2 4 3
31.7113 0.000550343 0.000550343 2 4 3
31.7113 0.000550286 0.000550286 2 4 3
31.7113 0.000550229 0.000550229 2 4 3
31.7113 0.000550172 0.000550172 2 4 3
31.7113 0.000550115 0.000550115 2 4 3
31.7113 0.000550057 0.000550057 2 4 3
31.7113 0.00055 0.00055 2 4 3
31.7113 0.000549943 0.000549943 2 4 3
31.7113 0.000549886 0.000549886 2 4 3
31.7113 0.000549829 0.000549829 2 4 3
31.7113 0.000549772 0.000549772 2 4 3
31.7113 0.000549715 0.000549715 2 4 3
31.7113 0.000549657 0.000549657 2 4 3
31.7113 0.0005496 0.0005496 2 4 3
31.7113 0.000549543 0.000549543 2 4 3
31.7113 0.000549486 0.000549486 2 4 3
31.7113 0.000549429 0.000549429 2 4 3
31.7113 0.000549372 0.000549372 2 4 3
31.7113 0.000549315 0.000549315 2 4 3
31.7113 0.000549258 0.000549258 2 4 3
31.7113 0.000549201 0.000549201 2 4 3
31.7113 0.000549144 0.000549144 2 4 3
31.7113 0.000549087 0.000549087 2 4 3
31.7113 0.00054903 0.00054903 2 4 3
31.7113 0.000548973 0.000548973 2 4 3
31.7113 0.000548916 0.000548916 2 4 3
31.7113 0.000548859 0.000548859 2 4 3
31.7113 0.000548802 0.000548802 2 4 3
31.7113 0.000548745 0.000548745 2 4 3
31.7113 0.000548689 0.000548689 2 4 3
31.7113 0.000548632 0.000548632 2 4 3
31.7113 0.000548575 0.000548575 2 4 3
31.7113 0.000548518 0.000548518 2 4 3
31.7113 0.000548461 0.000548461 2 4 3
31.7113 0.000548404 0.000548404 2 4 3
31.7113 0.000548347 0.000548347 2 4 3
31.7113 0.000548291 0.000548291 2 4 3
31.7113 0.000548234 0.000548234 2 4 3
31.7113 0.000548177 0.000548177 2 4 3
31.7113 0.00054812 0.00054812 2 4 3
31.7113 0.000548063 0.000548063 2 4 3
31.7113 0.000548007 0.000548007 2 4 3
31.7113 0.00054795 0.00054795 2 4 3
31.7113 0.000547893 0.000547893 2 4 3
31.7113 0.000547836 0.000547836 2 4 3
31.7113 0.00054778 0.00054778 2 4 3
31.7113 0.000547723 0.000547723 2 4 3
31.7113 0.000547666 0.000547666 2 4 3
31.7113 0.00054761 0.00054761 2 4 3
31.7113 0.000547553 0.000547553 2 4 3
31.7113 0.000547496 0.000547496 2 4 3
31.7113 0.00054744 0.00054744 2 4 3
31.7113 0.000547383 0.000547383 2 4 3
31.7113 0.000547326 0.000547326 2 4 3
31.7113 0.00054727 0.00054727 2 4 3
31.7113 0.000547213 0.000547213 2 4 3
31.7113 0.000547157 0.000547157 2 4 3
31.7113 0.0005471 0.0005471 2 4 3
31.7113 0.000547044 0.000547044 2 4 3
31.7113 0.000546987 0.000546987 2 4 3
31.7113 0.00054693 0.00054693 2 4 3
31.7113 0.000546874 0.000546874 2 4 3
31.7113 0.000546817 0.000546817 2 4 3
31.7113 0.000546761 0.000546761 2 4 3
31.7113 0.000546704 0.000546704 2 4 3
31.7113 0.000546648 0.000546648 2 4 3
31.7113 0.000546592 0.000546592 2 4 3
31.7113 0.000546535 0.000546535 2 4 3
31.7113 0.000546479 0.000546479 2 4 3
31.7113 0.000546422 0.000546422 2 4 3
31.7113 0.000546366 0.000546366 2 4 3
31.7113 0.000546309 0.000546309 2 4 3
31.7113 0.000546253 0.000546253 2 4 3
31.7113 0.000546197 0.000546197 2 4 3
31.7113 0.00054614 0.00054614 2 4 3
31.7113 0.000546084 0.000546084 2 4 3
31.7113 0.000546028 0.000546028 2 4 3
31.7113 0.000545971 0.000545971 2 4 3
31.7113 0.000545915 0.000545915 2 4 3
31.7113 0.000545859 0.000545859 2 4 3
31.7113 0.000545802 0.000545802 2 4 3
31.7113 0.000545746 0.000545746 2 4 3
31.7113 0.00054569 0.00054569 2 4 3
31.7113 0.000545633 0.000545633 2 4 3
31.7113 0.000545577 0.000545577 2 4 3
31.7113 0.000545521 0.000545521 2 4 3
31.7113 0.000545465 0.000545465 2 4 3
31.7113 0.000545408 0.000545408 2 4 3
31.7113 0.000545352 0.000545352 2 4 3
31.7113 0.000545296 0.000545296 2 4 3
31.7113 0.00054524 0.00054524 2 4 3
31.7113 0.000545184 0.000545184 2 4 3
31.7113 0.000545128 0.000545128 2 4 3
31.7113 0.000545071 0.000545071 2 4 3
31.7113 0.000545015 0.000545015 2 4 3
31.7113 0.000544959 0.000544959 2 4 3
31.7113 0.000544903 0.000544903 2 4 3
31.7113 0.000544847 0.000544847 2 4 3
31.7113 0.000544791 0.000544791 2 4 3
31.7113 0.000544735 0.000544735 2 4 3
31.7113 0.000544679 0.000544679 2 4 3
31.7113 0.000544623 0.000544623 2 4 3
31.7113 0.000544567 0.000544567 2 4 3
31.7113 0.00054451 0.00054451 2 4 3
31.7113 0.000544454 0.000544454 2 4 3
31.7113 0.000544398 0.000544398 2 4 3
31.7113 0.000544342 0.000544342 2 4 3
31.7113 0.000544286 0.000544286 2 4 3
31.7113 0.00054423 0.00054423 2 4 3
31.7113 0.000544175 0.000544175 2 4 3
31.7113 0.000544119 0.000544119 2 4 3
31.7113 0.000544063 0.000544063 2 4 3
31.7113 0.000544007 0.000544007 2 4 3
31.7113 0.000543951 0.000543951 2 4 3
31.7113 0.000543895 0.000543895 2 4 3
31.7113 0.000543839 0.000543839 2 4 3
31.7113 0.000543783 0.000543783 2 4 3
31.7113 0.000543727 0.000543727 2 4 3
31.7113 0.000543671 0.000543671 2 4 3
31.7113 0.000543615 0.000543615 2 4 3
31.7113 0.00054356 0.00054356 2 4 3
31.7113 0.000543504 0.000543504 2 4 3
31.7113 0.000543448 0.000543448 2 4 3
31.7113 0.000543392 0.000543392 2 4 3
31.7113 0.000543336 0.000543336 2 4 3
31.7113 0.000543281 0.000543281 2 4 3
31.7113 0.000543225 0.000543225 2 4 3
31.7113 0.000543169 0.000543169 2 4 3
31.7113 0.000543113 0.000543113 2 4 3
31.7113 0.000543058 0.000543058 2 4 3
31.7113 0.000543002 0.000543002 2 4 3
31.7113 0.000542946 0.000542946 2 4 3
31.7113 0.00054289 0.00054289 2 4 3
31.7113 0.000542835 0.000542835 2 4 3
31.7113 0.000542779 0.000542779 2 4 3
31.7113 0.000542723 0.000542723 2 4 3
31.7113 0.000542668 0.000542668 2 4 3
31.7113 0.000542612 0.000542612 2 4 3
31.7113 0.000542556 0.000542556 2 4 3
31.7113 0.000542501 0.000542501 2 4 3
31.7113 0.000542445 0.000542445 2 4 3
31.7113 0.00054239 0.00054239 2 4 3
31.7113 0.000542334 0.000542334 2 4 3
31.7113 0.000542278 0.000542278 2 4 3
31.7113 0.000542223 0.000542223 2 4 3
31.7113 0.000542167 0.000542167 2 4 3
31.7113 0.000542112 0.000542112 2 4 3
31.7113 0.000542056 0.000542056 2 4 3
31.7113 0.000542001 0.000542001 2 4 3
31.7113 0.000541945 0.000541945 2 4 3
31.7113 0.00054189 0.00054189 2 4 3
31.7113 0.000541834 0.000541834 2 4 3
31.7113 0.000541779 0.000541779 2 4 3
31.7113 0.000541723 0.000541723 2 4 3
31.7113 0.000541668 0.000541668 2 4 3
31.7113 0.000541612 0.000541612 2 4 3
31.7113 0.000541557 0.000541557 2 4 3
31.7113 0.000541502 0.000541502 2 4 3
31.7113 0.000541446 0.000541446 2 4 3
31.7113 0.000541391 0.000541391 2 4 3
31.7113 0.000541335 0.000541335 2 4 3
31.7113 0.00054128 0.00054128 2 4 3
31.7113 0.000541225 0.000541225 2 4 3
31.7113 0.000541169 0.000541169 2 4 3
31.7113 0.000541114 0.000541114 2 4 3
31.7113 0.000541059 0.000541059 2 4 3
31.7113 0.000541003 0.000541003 2 4 3
31.7113 0.000540948 0.000540948 2 4 3
31.7113 0.000540893 0.000540893 2 4 3
31.7113 0.000540837 0.000540837 2 4 3
31.7113 0.000540782 0.000540782 2 4 3
31.7113 0.000540727 0.000540727 2 4 3
31.7113 0.000540672 0.000540672 2 4 3
31.7113 0.000540616 0.000540616 2 4 3
31.7113 0.000540561 0.000540561 2 4 3
31.7113 0.000540506 0.000540506 2 4 3
31.7113 0.000540451 0.000540451 2 4 3
31.7113 0.000540396 0.000540396 2 4 3
31.7113 0.00054034 0.00054034 2 4 3
31.7113 0.000540285 0.000540285 2 4 3
31.7113 0.00054023 0.00054023 2 4 3
31.7113 0.000540175 0.000540175 2 4 3
31.7113 0.00054012 0.00054012 2 4 3
31.7113 0.000540065 0.000540065 2 4 3
31.7113 0.00054001 0.00054001 2 4 3
31.7113 0.000539954 0.000539954 2 4 3
31.7113 0.000539899 0.000539899 2 4 3
31.7113 0.000539844 0.000539844 2 4 3
31.7113 0.000539789 0.000539789 2 4 3
31.7113 0.000539734 0.000539734 2 4 3
31.7113 0.000539679 0.000539679 2 4 3
31.7113 0.000539624 0.000539624 2 4 3
31.7113 0.000539569 0.000539569 2 4 3
31.7113 0.000539514 0.000539514 2 4 3
31.7113 0.000539459 0.000539459 2 4 3
31.7113 0.000539404 0.000539404 2 4 3
31.7113 0.000539349 0.000539349 2 4 3
31.7113 0.000539294 0.000539294 2 4 3
31.7113 0.000539239 0.000539239 2 4 3
31.7113 0.000539184 0.000539184 2 4 3
31.7113 0.000539129 0.000539129 2 4 3
31.7113 0.000539074 0.000539074 2 4 3
31.7113 0.000539019 0.000539019 2 4 3
31.7113 0.000538965 0.000538965 2 4 3
31.7113 0.00053891 0.00053891 2 4 3
31.7113 0.000538855 0.000538855 2 4 3
31.7113 0.0005388 0.0005388 2 4 3
31.7113 0.000538745 0.000538745 2 4 3
31.7113 0.00053869 0.00053869 2 4 3
31.7113 0.000538635 0.000538635 2 4 3
31.7113 0.000538581 0.000538581 2 4 3
31.7113 0.000538526 0.000538526 2 4 3
31.7113 0.000538471 0.000538471 2 4 3
31.7113 0.000538416 0.000538416 2 4 3
31.7113 0.000538361 0.000538361 2 4 3
31.7113 0.000538307 0.000538307 2 4 3
31.7113 0.000538252 0.000538252 2 4 3
31.7113 0.000538197 0.000538197 2 4 3
31.7113 0.000538142 0.000538142 2 4 3
31.7113 0.000538088 0.000538088 2 4 3
31.7113 0.000538033 0.000538033 2 4 3
31.7113 0.000537978 0.000537978 2 4 3
31.7113 0.000537924 0.000537924 2 4 3
31.7113 0.000537869 0.000537869 2 4 3
31.7113 0.000537814 0.000537814 2 4 3
31.7113 0.00053776 0.00053776 2 4 3
31.7113 0.000537705 0.000537705 2 4 3
31.7113 0.00053765 0.00053765 2 4 3
31.7113 0.000537596 0.000537596 2 4 3
31.7113 0.000537541 0.000537541 2 4 3
31.7113 0.000537486 0.000537486 2 4 3
31.7113 0.000537432 0.000537432 2 4 3
31.7113 0.000537377 0.000537377 2 4 3
31.7113 0.000537323 0.000537323 2 4 3
31.7113 0.000537268 0.000537268 2 4 3
31.7113 0.000537214 0.000537214 2 4 3
31.7113 0.000537159 0.000537159 2 4 3
31.7113 0.000537105 0.000537105 2 4 3
31.7113 0.00053705 0.00053705 2 4 3
31.7113 0.000536996 0.000536996 2 4 3
31.7113 0.000536941 0.000536941 2 4 3
31.7113 0.000536887 0.000536887 2 4 3
31.7113 0.000536832 0.000536832 2 4 3
31.7113 0.000536778 0.000536778 2 4 3
31.7113 0.000536723 0.000536723 2 4 3
31.7113 0.000536669 0.000536669 2 4 3
31.7113 0.000536614 0.000536614 2 4 3
31.7113 0.00053656 0.00053656 2 4 3
31.7113 0.000536506 0.000536506 2 4 3
31.7113 0.000536451 0.000536451 2 4 3
31.7113 0.000536397 0.000536397 2 4 3
31.7113 0.000536342 0.000536342 2 4 3
31.7113 0.000536288 0.000536288 2 4 3
31.7113 0.000536234 0.000536234 2 4 3
31.7113 0.000536179 0.000536179 2 4 3
31.7113 0.000536125 0.000536125 2 4 3
31.7113 0.000536071 0.000536071 2 4 3
31.7113 0.000536016 0.000536016 2 4 3
31.7113 0.000535962 0.000535962 2 4 3
31.7113 0.000535908 0.000535908 2 4 3
31.7113 0.000535854 0.000535854 2 4 3
31.7113 0.000535799 0.000535799 2 4 3
31.7113 0.000535745 0.000535745 2 4 3
31.7113 0.000535691 0.000535691 2 4 3
31.7113 0.000535637 0.000535637 2 4 3
31.7113 0.000535582 0.000535582 2 4 3
31.7113 0.000535528 0.000535528 2 4 3
31.7113 0.000535474 0.000535474 2 4 3
31.7113 0.00053542 0.00053542 2 4 3
31.7113 0.000535366 0.000535366 2 4 3
31.7113 0.000535312 0.000535312 2 4 3
31.7113 0.000535257 0.000535257 2 4 3
31.7113 0.000535203 0.000535203 2 4 3
31.7113 0.000535149 0.000535149 2 4 3
31.7113 0.000535095 0.000535095 2 4 3
31.7113 0.000535041 0.000535041 2 4 3
31.7113 0.000534987 0.000534987 2 4 3
31.7113 0.000534933 0.000534933 2 4 3
31.7113 0.000534879 0.000534879 2 4 3
31.7113 0.000534825 0.000534825 2 4 3
31.7113 0.000534771 0.000534771 2 4 3
31.7113 0.000534717 0.000534717 2 4 3
31.7113 0.000534662 0.000534662 2 4 3
31.7113 0.000534608 0.000534608 2 4 3
31.7113 0.000534554 0.000534554 2 4 3
31.7113 0.0005345 0.0005345 2 4 3
31.7113 0.000534446 0.000534446 2 4 3
31.7113 0.000534393 0.000534393 2 4 3
31.7113 0.000534339 0.000534339 2 4 3
31.7113 0.000534285 0.000534285 2 4 3
31.7113 0.000534231 0.000534231 2 4 3
31.7113 0.000534177 0.000534177 2 4 3
31.7113 0.000534123 0.000534123 2 4 3
31.7113 0.000534069 0.000534069 2 4 3
31.7113 0.000534015 0.000534015 2 4 3
31.7113 0.000533961 0.000533961 2 4 3
31.7113 0.000533907 0.000533907 2 4 3
31.7113 0.000533853 0.000533853 2 4 3
31.7113 0.0005338 0.0005338 2 4 3
31.7113 0.000533746 0.000533746 2 4 3
31.7113 0.000533692 0.000533692 2 4 3
31.7113 0.000533638 0.000533638 2 4 3
31.7113 0.000533584 0.000533584 2 4 3
31.7113 0.00053353 0.00053353 2 4 3
31.7113 0.000533477 0.000533477 2 4 3
31.7113 0.000533423 0.000533423 2 4 3
31.7113 0.000533369 0.000533369 2 4 3
31.7113 0.000533315 0.000533315 2 4 3
31.7113 0.000533262 0.000533262 2 4 3
31.7113 0.000533208 0.000533208 2 4 3
31.7113 0.000533154 0.000533154 2 4 3
31.7113 0.0005331 0.0005331 2 4 3
31.7113 0.000533047 0.000533047 2 4 3
31.7113 0.000532993 0.000532993 2 4 3
31.7113 0.000532939 0.000532939 2 4 3
31.7113 0.000532886 0.000532886 2 4 3
31.7113 0.000532832 0.000532832 2 4 3
31.7113 0.000532778 0.000532778 2 4 3
31.7113 0.000532725 0.000532725 2 4 3
31.7113 0.000532671 0.000532671 2 4 3
31.7113 0.000532618 0.000532618 2 4 3
31.7113 0.000532564 0.000532564 2 4 3
31.7113 0.00053251 0.00053251 2 4 3
31.7113 0.000532457 0.000532457 2 4 3
31.7113 0.000532403 0.000532403 2 4 3
31.7113 0.00053235 0.00053235 2 4 3
31.7113 0.000532296 0.000532296 2 4 3
31.7113 0.000532243 0.000532243 2 4 3
31.7113 0.000532189 0.000532189 2 4 3
31.7113 0.000532135 0.000532135 2 4 3
31.7113 0.000532082 0.000532082 2 4 3
31.7113 0.000532028 0.000532028 2 4 3
31.7113 0.000531975 0.000531975 2 4 3
31.7113 0.000531921 0.000531921 2 4 3
31.7113 0.000531868 0.000531868 2 4 3
31.7113 0.000531815 0.000531815 2 4 3
31.7113 0.000531761 0.000531761 2 4 3
31.7113 0.000531708 0.000531708 2 4 3
31.7113 0.000531654 0.000531654 2 4 3
31.7113 0.000531601 0.000531601 2 4 3
31.7113 0.000531547 0.000531547 2 4 3
31.7113 0.000531494 0.000531494 2 4 3
31.7113 0.000531441 0.000531441 2 4 3
31.7113 0.000531387 0.000531387 2 4 3
31.7113 0.000531334 0.000531334 2 4 3
31.7113 0.000531281 0.000531281 2 4 3
31.7113 0.000531227 0.000531227 2 4 3
31.7113 0.000531174 0.000531174 2 4 3
31.7113 0.000531121 0.000531121 2 4 3
31.7113 0.000531067 0.000531067 2 4 3
31.7113 0.000531014 0.000531014 2 4 3
31.7113 0.000530961 0.000530961 2 4 3
31.7113 0.000530908 0.000530908 2 4 3
31.7113 0.000530854 0.000530854 2 4 3
31.7113 0.000530801 0.000530801 2 4 3
31.7113 0.000530748 0.000530748 2 4 3
31.7113 0.000530695 0.000530695 2 4 3
31.7113 0.000530641 0.000530641 2 4 3
31.7113 0.000530588 0.000530588 2 4 3
31.7113 0.000530535 0.000530535 2 4 3
31.7113 0.000530482 0.000530482 2 4 3
31.7113 0.000530429 0.000530429 2 4 3
31.7113 0.000530375 0.000530375 2 4 3
31.7113 0.000530322 0.000530322 2 4 3
31.7113 0.000530269 0.000530269 2 4 3
31.7113 0.000530216 0.000530216 2 4 3
31.7113 0.000530163 0.000530163 2 4 3
31.7113 0.00053011 0.00053011 2 4 3
31.7113 0.000530057 0.000530057 2 4 3
31.7113 0.000530004 0.000530004 2 4 3
31.7113 0.00052995 0.00052995 2 4 3
31.7113 0.000529897 0.000529897 2 4 3
31.7113 0.000529844 0.000529844 2 4 3
31.7113 0.000529791 0.000529791 2 4 3
31.7113 0.000529738 0.000529738 2 4 3
31.7113 0.000529685 0.000529685 2 4 3
31.7113 0.000529632 0.000529632 2 4 3
31.7113 0.000529579 0.000529579 2 4 3
31.7113 0.000529526 0.000529526 2 4 3
31.7113 0.000529473 0.000529473 2 4 3
31.7113 0.00052942 0.00052942 2 4 3
31.7113 0.000529367 0.000529367 2 4 3
31.7113 0.000529314 0.000529314 2 4 3
31.7113 0.000529261 0.000529261 2 4 3
31.7113 0.000529208 0.000529208 2 4 3
31.7113 0.000529156 0.000529156 2 4 3
31.7113 0.000529103 0.000529103 2 4 3
31.7113 0.00052905 0.00052905 2 4 3
31.7113 0.000528997 0.000528997 2 4 3
31.7113 0.000528944 0.000528944 2 4 3
31.7113 0.000528891 0.000528891 2 4 3
31.7113 0.000528838 0.000528838 2 4 3
31.7113 0.000528785 0.000528785 2 4 3
31.7113 0.000528733 0.000528733 2 4 3
31.7113 0.00052868 0.00052868 2 4 3
31.7113 0.000528627 0.000528627 2 4 3
31.7113 0.000528574 0.000528574 2 4 3
31.7113 0.000528521 0.000528521 2 4 3
31.7113 0.000528469 0.000528469 2 4 3
31.7113 0.000528416 0.000528416 2 4 3
31.7113 0.000528363 0.000528363 2 4 3
31.7113 0.00052831 0.00052831 2 4 3
31.7113 0.000528258 0.000528258 2 4 3
31.7113 0.000528205 0.000528205 2 4 3
31.7113 0.000528152 0.000528152 2 4 3
31.7113 0.000528099 0.000528099 2 4 3
31.7113 0.000528047 0.000528047 2 4 3
31.7113 0.000527994 0.000527994 2 4 3
31.7113 0.000527941 0.000527941 2 4 3
31.7113 0.000527889 0.000527889 2 4 3
31.7113 0.000527836 0.000527836 2 4 3
31.7113 0.000527783 0.000527783 2 4 3
31.7113 0.000527731 0.000527731 2 4 3
31.7113 0.000527678 0.000527678 2 4 3
31.7113 0.000527625 0.000527625 2 4 3
31.7113 0.000527573 0.000527573 2 4 3
31.7113 0.00052752 0.00052752 2 4 3
