6 1.16353 1.16353 2 1 0
6.02959 1.17557 1.17557 1 1 0
6.04436 1.1816 1.1816 1 1 0
6.05913 1.18763 1.18763 1 1 0
6.07388 1.19367 1.19367 1 1 0
6.08862 1.19971 1.19971 1 1 0
6.10334 1.20577 1.20577 1 1 0
6.11806 1.21182 1.21182 1 1 0
6.13276 1.21789 1.21789 1 1 0
6.14745 1.22396 1.22396 1 1 0
6.16213 1.23003 1.23003 1 1 0
6.17679 1.23611 1.23611 1 1 0
6.19145 1.2422 1.2422 1 1 0
6.20609 1.2483 1.2483 1 1 0
6.22072 1.2544 1.2544 1 1 0
6.23533 1.2605 1.2605 1 1 0
6.24994 1.26661 1.26661 1 1 0
6.26453 1.27273 1.27273 1 1 0
6.2791 1.27885 1.27885 1 1 0
6.29367 1.28498 1.28498 1 1 0
6.30822 1.29112 1.29112 1 1 0
6.32276 1.29726 1.29726 1 1 0
6.33729 1.30341 1.30341 1 1 0
6.35181 1.30956 1.30956 1 1 0
6.36631 1.31572 1.31572 1 1 0
6.3808 1.32188 1.32188 1 1 0
6.39528 1.32805 1.32805 1 1 0
6.40974 1.33423 1.33423 1 1 0
6.42419 1.34042 1.34042 1 1 0
6.43863 1.3466 1.3466 1 1 0
6.45306 1.3528 1.3528 1 1 0
6.46747 1.359 1.359 1 1 0
6.48187 1.36521 1.36521 1 1 0
6.49626 1.37142 1.37142 1 1 0
6.51063 1.37764 1.37764 1 1 0
6.52499 1.38386 1.38386 1 1 0
6.53934 1.3901 1.3901 1 1 0
6.55367 1.39633 1.39633 1 1 0
6.568 1.40258 1.40258 1 1 0
6.5823 1.40883 1.40883 1 1 0
6.5966 1.41508 1.41508 1 1 0
6.61088 1.42134 1.42134 1 1 0
6.62515 1.42761 1.42761 1 1 0
6.63941 1.43388 1.43388 1 1 0
6.65365 1.44016 1.44016 1 1 0
6.66788 1.44645 1.44645 1 1 0
6.6821 1.45274 1.45274 1 1 0
6.6963 1.45903 1.45903 1 1 0
6.71049 1.46534 1.46534 1 1 0
6.72467 1.47165 1.47165 1 1 0
6.73883 1.47796 1.47796 1 1 0
6.75298 1.48428 1.48428 1 1 0
6.76712 1.49061 1.49061 1 1 0
6.78124 1.49694 1.49694 1 1 0
6.79535 1.50328 1.50328 1 1 0
6.80945 1.50963 1.50963 1 1 0
6.82353 1.51598 1.51598 1 1 0
6.8376 1.52233 1.52233 1 1 0
6.85165 1.5287 1.5287 1 1 0
6.8657 1.53507 1.53507 1 1 0
6.87972 1.54144 1.54144 1 1 0
6.89374 1.54782 1.54782 1 1 0
6.90774 1.55421 1.55421 1 1 0
6.92173 1.5606 1.5606 1 1 0
6.9357 1.567 1.567 1 1 0
6.94966 1.57341 1.57341 1 1 0
6.96361 1.57982 1.57982 1 1 0
6.97754 1.58624 1.58624 1 1 0
6.99146 1.59266 1.59266 1 1 0
7.00536 1.59909 1.59909 1 1 0
7.01925 1.60552 1.60552 1 1 0
7.03313 1.61196 1.61196 1 1 0
7.04699 1.61841 1.61841 1 1 0
7.06084 1.62486 1.62486 1 1 0
7.07468 1.63132 1.63132 1 1 0
7.0885 1.63779 1.63779 1 1 0
7.1023 1.64426 1.64426 1 1 0
7.1161 1.65074 1.65074 1 1 0
7.12988 1.65722 1.65722 1 1 0
7.14364 1.66371 1.66371 1 1 0
7.15739 1.6702 1.6702 1 1 0
7.17113 1.6767 1.6767 1 1 0
7.18485 1.68321 1.68321 1 1 0
7.19856 1.68972 1.68972 1 1 0
7.21225 1.69624 1.69624 1 1 0
7.22593 1.70277 1.70277 1 1 0
7.2396 1.7093 1.7093 1 1 0
7.25325 1.71583 1.71583 1 1 0
7.26689 1.72238 1.72238 1 1 0
7.28051 1.72893 1.72893 1 1 0
7.29412 1.73548 1.73548 1 1 0
7.30771 1.74204 1.74204 1 1 0
7.32129 1.74861 1.74861 1 1 0
7.33485 1.75518 1.75518 1 1 0
7.3484 1.76176 1.76176 1 1 0
7.36194 1.76834 1.76834 1 1 0
7.37546 1.77493 1.77493 1 1 0
7.38897 1.78153 1.78153 1 1 0
7.40246 1.78813 1.78813 1 1 0
7.41594 1.79474 1.79474 1 1 0
7.4294 1.80135 1.80135 1 1 0
7.44285 1.80797 1.80797 1 1 0
7.45629 1.8146 1.8146 1 1 0
7.46971 1.82123 1.82123 1 1 0
7.48311 1.82787 1.82787 1 1 0
7.4965 1.83452 1.83452 1 1 0
7.50987 1.84116 1.84116 1 1 0
7.52324 1.84782 1.84782 1 1 0
7.53658 1.85448 1.85448 1 1 0
7.54991 1.86115 1.86115 1 1 0
7.56323 1.86782 1.86782 1 1 0
7.57653 1.8745 1.8745 1 1 0
7.58982 1.88119 1.88119 1 1 0
7.60309 1.88788 1.88788 1 1 0
7.61634 1.89458 1.89458 1 1 0
7.62958 1.90128 1.90128 1 1 0
7.64281 1.90799 1.90799 1 1 0
7.65602 1.9147 1.9147 1 1 0
7.66922 1.92143 1.92143 1 1 0
7.6824 1.92815 1.92815 1 1 0
7.69557 1.93488 1.93488 1 1 0
7.70872 1.94162 1.94162 1 1 0
7.72185 1.94837 1.94837 1 1 0
7.73498 1.95512 1.95512 1 1 0
7.74808 1.96187 1.96187 1 1 0
7.76117 1.96864 1.96864 1 1 0
7.77425 1.9754 1.9754 1 1 0
7.78731 1.98218 1.98218 1 1 0
7.80035 1.98896 1.98896 1 1 0
7.81338 1.99574 1.99574 1 1 0
7.8264 2.00254 2.00254 1 1 0
7.8394 2.00933 2.00933 1 1 0
7.85238 2.01614 2.01614 1 1 0
7.86535 2.02294 2.02294 1 1 0
7.8783 2.02976 2.02976 1 1 0
7.89124 2.03658 2.03658 1 1 0
7.90416 2.04341 2.04341 1 1 0
7.91707 2.05024 2.05024 1 1 0
7.92996 2.05708 2.05708 1 1 0
7.94284 2.06392 2.06392 1 1 0
7.9557 2.07077 2.07077 1 1 0
7.96855 2.07763 2.07763 1 1 0
7.98138 2.08449 2.08449 1 1 0
7.99419 2.09136 2.09136 1 1 0
8.00699 2.09823 2.09823 1 1 0
8.01977 2.10511 2.10511 1 1 0
8.03254 2.11199 2.11199 1 1 0
8.04529 2.11888 2.11888 1 1 0
8.05803 2.12578 2.12578 1 1 0
8.07075 2.13268 2.13268 1 1 0
8.08345 2.13959 2.13959 1 1 0
8.09614 2.1465 2.1465 1 1 0
8.10881 2.15342 2.15342 1 1 0
8.12147 2.16035 2.16035 1 1 0
8.13411 2.16728 2.16728 1 1 0
8.14674 2.17421 2.17421 1 1 0
8.15935 2.18116 2.18116 1 1 0
8.17194 2.18811 2.18811 1 1 0
8.18452 2.19506 2.19506 1 1 0
8.19708 2.20202 2.20202 1 1 0
8.20963 2.20898 2.20898 1 1 0
8.22216 2.21596 2.21596 1 1 0
8.23468 2.22293 2.22293 1 1 0
8.24718 2.22991 2.22991 1 1 0
8.25966 2.2369 2.2369 1 1 0
8.27213 2.2439 2.2439 1 1 0
8.28458 2.2509 2.2509 1 1 0
8.29701 2.2579 2.2579 1 1 0
8.30943 2.26491 2.26491 1 1 0
8.32183 2.27193 2.27193 1 1 0
8.33422 2.27895 2.27895 1 1 0
8.34659 2.28598 2.28598 1 1 0
8.35894 2.29301 2.29301 1 1 0
8.37128 2.30005 2.30005 1 1 0
8.38361 2.3071 2.3071 1 1 0
8.39591 2.31415 2.31415 1 1 0
8.4082 2.32121 2.32121 1 1 0
8.42047 2.32827 2.32827 1 1 0
8.43273 2.33533 2.33533 1 1 0
8.44497 2.34241 2.34241 1 1 0
8.4572 2.34949 2.34949 1 1 0
8.46941 2.35657 2.35657 1 1 0
8.4816 2.36366 2.36366 1 1 0
8.49378 2.37076 2.37076 1 1 0
8.50594 2.37786 2.37786 1 1 0
8.51808 2.38496 2.38496 1 1 0
8.53021 2.39208 2.39208 1 1 0
8.54232 2.3992 2.3992 1 1 0
8.55441 2.40632 2.40632 1 1 0
8.56649 2.41345 2.41345 1 1 0
8.57855 2.42058 2.42058 1 1 0
8.5906 2.42772 2.42772 1 1 0
8.60262 2.43487 2.43487 1 1 0
8.61464 2.44202 2.44202 1 1 0
8.62663 2.44918 2.44918 1 1 0
8.63861 2.45634 2.45634 1 1 0
8.65057 2.46351 2.46351 1 1 0
8.66252 2.47068 2.47068 1 1 0
8.67445 2.47786 2.47786 1 1 0
8.68636 2.48504 2.48504 1 1 0
8.69826 2.49223 2.49223 1 1 0
8.71014 2.49943 2.49943 1 1 0
8.722 2.50663 2.50663 1 1 0
8.73385 2.51384 2.51384 1 1 0
8.74568 2.52105 2.52105 1 1 0
8.75749 2.52827 2.52827 1 1 0
8.76929 2.53549 2.53549 1 1 0
8.78107 2.54272 2.54272 1 1 0
8.79283 2.54995 2.54995 1 1 0
8.80458 2.55719 2.55719 1 1 0
8.81631 2.56443 2.56443 1 1 0
8.82802 2.57168 2.57168 1 1 0
8.83972 2.57894 2.57894 1 1 0
8.8514 2.5862 2.5862 1 1 0
8.86306 2.59347 2.59347 1 1 0
8.87471 2.60074 2.60074 1 1 0
8.88634 2.60801 2.60801 1 1 0
8.89795 2.6153 2.6153 1 1 0
8.90955 2.62258 2.62258 1 1 0
8.92112 2.62988 2.62988 1 1 0
8.93269 2.63717 2.63717 1 1 0
8.94423 2.64448 2.64448 1 1 0
8.95576 2.65179 2.65179 1 1 0
8.96727 2.6591 2.6591 1 1 0
8.97877 2.66642 2.66642 1 1 0
8.99024 2.67375 2.67375 1 1 0
9.0017 2.68108 2.68108 1 1 0
9.01315 2.68841 2.68841 1 1 0
9.02458 2.69575 2.69575 1 1 0
9.03599 2.7031 2.7031 1 1 0
9.04738 2.71045 2.71045 1 1 0
9.05875 2.71781 2.71781 1 1 0
9.07011 2.72517 2.72517 1 1 0
9.08145 2.73253 2.73253 1 1 0
9.09278 2.73991 2.73991 1 1 0
9.10409 2.74728 2.74728 1 1 0
9.11538 2.75467 2.75467 1 1 0
9.12665 2.76205 2.76205 1 1 0
9.13791 2.76945 2.76945 1 1 0
9.14915 2.77685 2.77685 1 1 0
9.16037 2.78425 2.78425 1 1 0
9.17158 2.79166 2.79166 1 1 0
9.18277 2.79907 2.79907 1 1 0
9.19394 2.80649 2.80649 1 1 0
9.20509 2.81391 2.81391 1 1 0
9.21623 2.82134 2.82134 1 1 0
9.22735 2.82878 2.82878 1 1 0
9.23845 2.83622 2.83622 1 1 0
9.24954 2.84366 2.84366 1 1 0
9.26061 2.85111 2.85111 1 1 0
9.27166 2.85857 2.85857 1 1 0
9.28269 2.86603 2.86603 1 1 0
9.29371 2.87349 2.87349 1 1 0
9.30471 2.88096 2.88096 1 1 0
9.31569 2.88844 2.88844 1 1 0
9.32666 2.89592 2.89592 1 1 0
9.3376 2.9034 2.9034 1 1 0
9.34854 2.91089 2.91089 1 1 0
9.35945 2.91839 2.91839 1 1 0
9.37035 2.92589 2.92589 1 1 0
9.38122 2.93339 2.93339 1 1 0
9.39209 2.9409 2.9409 1 1 0
9.40293 2.94842 2.94842 1 1 0
9.41376 2.95594 2.95594 1 1 0
9.42457 2.96346 2.96346 1 1 0
9.43536 2.97099 2.97099 1 1 0
9.44614 2.97853 2.97853 1 1 0
9.4569 2.98607 2.98607 1 1 0
9.46764 2.99361 2.99361 1 1 0
9.47836 3.00116 3.00116 1 1 0
9.48907 3.00872 3.00872 1 1 0
9.49976 3.01628 3.01628 1 1 0
9.51043 3.02384 3.02384 1 1 0
9.52108 3.03141 3.03141 1 1 0
9.53172 3.03899 3.03899 1 1 0
9.54234 3.04656 3.04656 1 1 0
9.55294 3.05415 3.05415 1 1 0
9.56353 3.06174 3.06174 1 1 0
9.5741 3.06933 3.06933 1 1 0
9.58465 3.07693 3.07693 1 1 0
9.59518 3.08453 3.08453 1 1 0
9.6057 3.09214 3.09214 1 1 0
9.61619 3.09975 3.09975 1 1 0
9.62667 3.10737 3.10737 1 1 0
9.63714 3.11499 3.11499 1 1 0
9.64758 3.12262 3.12262 1 1 0
9.65801 3.13025 3.13025 1 1 0
9.66843 3.13789 3.13789 1 1 0
9.67882 3.14553 3.14553 1 1 0
9.6892 3.15318 3.15318 1 1 0
9.69956 3.16083 3.16083 1 1 0
9.7099 3.16848 3.16848 1 1 0
9.72022 3.17614 3.17614 1 1 0
9.73053 3.18381 3.18381 1 1 0
9.74082 3.19148 3.19148 1 1 0
9.75109 3.19915 3.19915 1 1 0
9.76135 3.20683 3.20683 1 1 0
9.77158 3.21452 3.21452 1 1 0
9.7818 3.22221 3.22221 1 1 0
9.79201 3.2299 3.2299 1 1 0
9.80219 3.2376 3.2376 1 1 0
9.81236 3.2453 3.2453 1 1 0
9.82251 3.253 3.253 1 1 0
9.83264 3.26072 3.26072 1 1 0
9.84276 3.26843 3.26843 1 1 0
9.85286 3.27615 3.27615 1 1 0
9.86294 3.28388 3.28388 1 1 0
9.873 3.29161 3.29161 1 1 0
9.88305 3.29934 3.29934 1 1 0
9.89307 3.30708 3.30708 1 1 0
9.90308 3.31482 3.31482 1 1 0
9.91308 3.32257 3.32257 1 1 0
9.92305 3.33032 3.33032 1 1 0
9.93301 3.33808 3.33808 1 1 0
9.94295 3.34584 3.34584 1 1 0
9.95288 3.35361 3.35361 1 1 0
9.96278 3.36138 3.36138 1 1 0
9.97267 3.36915 3.36915 1 1 0
9.98254 3.37693 3.37693 1 1 0
9.9924 3.38471 3.38471 1 1 0
10.0022 3.3925 3.3925 1 1 0
10.0121 3.40029 3.40029 1 1 0
10.0219 3.40809 3.40809 1 1 0
10.0316 3.41589 3.41589 1 1 0
10.0414 3.42369 3.42369 1 1 0
10.0512 3.4315 3.4315 1 1 0
10.0609 3.43932 3.43932 1 1 0
10.0706 3.44714 3.44714 1 1 0
10.0803 3.45496 3.45496 1 1 0
10.09 3.46279 3.46279 1 1 0
10.0996 3.47062 3.47062 1 1 0
10.1093 3.47845 3.47845 1 1 0
10.1189 3.48629 3.48629 1 1 0
10.1285 3.49414 3.49414 1 1 0
10.1381 3.50198 3.50198 1 1 0
10.1477 3.50984 3.50984 1 1 0
10.1573 3.51769 3.51769 1 1 0
10.1668 3.52555 3.52555 1 1 0
10.1763 3.53342 3.53342 1 1 0
10.1858 3.54129 3.54129 1 1 0
10.1953 3.54916 3.54916 1 1 0
10.2048 3.55704 3.55704 1 1 0
10.2142 3.56492 3.56492 1 1 0
10.2237 3.57281 3.57281 1 1 0
10.2331 3.5807 3.5807 1 1 0
10.2425 3.58859 3.58859 1 1 0
10.2519 3.59649 3.59649 1 1 0
10.2612 3.60439 3.60439 1 1 0
10.2706 3.6123 3.6123 1 1 0
10.2799 3.62021 3.62021 1 1 0
10.2892 3.62813 3.62813 1 1 0
10.2985 3.63605 3.63605 1 1 0
10.3078 3.64397 3.64397 1 1 0
10.3171 3.6519 3.6519 1 1 0
10.3263 3.65983 3.65983 1 1 0
10.3356 3.66776 3.66776 1 1 0
10.3448 3.6757 3.6757 1 1 0
10.354 3.68364 3.68364 1 1 0
10.3631 3.69159 3.69159 1 1 0
10.3723 3.69954 3.69954 1 1 0
10.3814 3.7075 3.7075 1 1 0
10.3906 3.71546 3.71546 1 1 0
10.3997 3.72342 3.72342 1 1 0
10.4088 3.73139 3.73139 1 1 0
10.4178 3.73936 3.73936 1 1 0
10.4269 3.74733 3.74733 1 1 0
10.4359 3.75531 3.75531 1 1 0
10.445 3.76329 3.76329 1 1 0
10.454 3.77128 3.77128 1 1 0
10.463 3.77927 3.77927 1 1 0
10.4719 3.78726 3.78726 1 1 0
10.4809 3.79526 3.79526 1 1 0
10.4898 3.80326 3.80326 1 1 0
10.4987 3.81127 3.81127 1 1 0
10.5076 3.81928 3.81928 1 1 0
10.5165 3.82729 3.82729 1 1 0
10.5254 3.83531 3.83531 1 1 0
10.5342 3.84333 3.84333 1 1 0
10.5431 3.85136 3.85136 1 1 0
10.5519 3.85938 3.85938 1 1 0
10.5607 3.86742 3.86742 1 1 0
10.5695 3.87545 3.87545 1 1 0
10.5782 3.88349 3.88349 1 1 0
10.587 3.89154 3.89154 1 1 0
10.5957 3.89958 3.89958 1 1 0
10.6044 3.90763 3.90763 1 1 0
10.6131 3.91569 3.91569 1 1 0
10.6218 3.92375 3.92375 1 1 0
10.6305 3.93181 3.93181 1 1 0
10.6391 3.93987 3.93987 1 1 0
10.6477 3.94794 3.94794 1 1 0
10.6563 3.95602 3.95602 1 1 0
10.6649 3.96409 3.96409 1 1 0
10.6735 3.97217 3.97217 1 1 0
10.6821 3.98026 3.98026 1 1 0
10.6906 3.98834 3.98834 1 1 0
10.6991 3.99643 3.99643 1 1 0
10.7076 4.00453 4.00453 1 1 0
10.7161 4.01263 4.01263 1 1 0
10.7246 4.02073 4.02073 1 1 0
10.7331 4.02883 4.02883 1 1 0
10.7415 4.03694 4.03694 1 1 0
10.7499 4.04505 4.04505 1 1 0
10.7583 4.05317 4.05317 1 1 0
10.7667 4.06129 4.06129 1 1 0
10.7751 4.06941 4.06941 1 1 0
10.7835 4.07754 4.07754 1 1 0
10.7918 4.08566 4.08566 1 1 0
10.8001 4.0938 4.0938 1 1 0
10.8084 4.10193 4.10193 1 1 0
10.8167 4.11007 4.11007 1 1 0
10.825 4.11822 4.11822 1 1 0
10.8333 4.12636 4.12636 1 1 0
10.8415 4.13451 4.13451 1 1 0
10.8497 4.14267 4.14267 1 1 0
10.8579 4.15082 4.15082 1 1 0
10.8661 4.15898 4.15898 1 1 0
10.8743 4.16715 4.16715 1 1 0
10.8825 4.17531 4.17531 1 1 0
10.8906 4.18348 4.18348 1 1 0
10.8987 4.19166 4.19166 1 1 0
10.9068 4.19983 4.19983 1 1 0
10.9149 4.20801 4.20801 1 1 0
10.923 4.2162 4.2162 1 1 0
10.931 4.22438 4.22438 1 1 0
10.9391 4.23257 4.23257 1 1 0
10.9471 4.24076 4.24076 1 1 0
10.9551 4.24896 4.24896 1 1 0
10.9631 4.25716 4.25716 1 1 0
10.9711 4.26536 4.26536 1 1 0
10.979 4.27357 4.27357 1 1 0
10.987 4.28178 4.28178 1 1 0
10.9949 4.28999 4.28999 1 1 0
11.0028 4.2982 4.2982 1 1 0
11.0107 4.30642 4.30642 1 1 0
11.0186 4.31464 4.31464 1 1 0
11.0264 4.32287 4.32287 1 1 0
11.0343 4.3311 4.3311 1 1 0
11.0421 4.33933 4.33933 1 1 0
11.0499 4.34756 4.34756 1 1 0
11.0577 4.3558 4.3558 1 1 0
11.0655 4.36404 4.36404 1 1 0
11.0733 4.37228 4.37228 1 1 0
11.081 4.38053 4.38053 1 1 0
11.0887 4.38878 4.38878 1 1 0
11.0964 4.39703 4.39703 1 1 0
11.1041 4.40529 4.40529 1 1 0
11.1118 4.41355 4.41355 1 1 0
11.1195 4.42181 4.42181 1 1 0
11.1271 4.43007 4.43007 1 1 0
11.1348 4.43834 4.43834 1 1 0
11.1424 4.44661 4.44661 1 1 0
11.15 4.45488 4.45488 1 1 0
11.1576 4.46316 4.46316 1 1 0
11.1651 4.47144 4.47144 1 1 0
11.1727 4.47972 4.47972 1 1 0
11.1802 4.48801 4.48801 1 1 0
11.1877 4.4963 4.4963 1 1 0
11.1952 4.50459 4.50459 1 1 0
11.2027 4.51288 4.51288 1 1 0
11.2102 4.52118 4.52118 1 1 0
11.2176 4.52948 4.52948 1 1 0
11.2251 4.53778 4.53778 1 1 0
11.2325 4.54609 4.54609 1 1 0
11.2399 4.55439 4.55439 1 1 0
11.2473 4.56271 4.56271 1 1 0
11.2547 4.57102 4.57102 1 1 0
11.262 4.57934 4.57934 1 1 0
11.2694 4.58766 4.58766 1 1 0
11.2767 4.59598 4.59598 1 1 0
11.284 4.6043 4.6043 1 1 0
11.2913 4.61263 4.61263 1 1 0
11.2986 4.62096 4.62096 1 1 0
11.3058 4.6293 4.6293 1 1 0
11.3131 4.63763 4.63763 1 1 0
11.3203 4.64597 4.64597 1 1 0
11.3275 4.65431 4.65431 1 1 0
11.3347 4.66266 4.66266 1 1 0
11.3419 4.671 4.671 1 1 0
11.3491 4.67935 4.67935 1 1 0
11.3563 4.68771 4.68771 1 1 0
11.3634 4.69606 4.69606 1 1 0
11.3705 4.70442 4.70442 1 1 0
11.3776 4.71278 4.71278 1 1 0
11.3847 4.72114 4.72114 1 1 0
11.3918 4.72951 4.72951 1 1 0
11.3989 4.73788 4.73788 1 1 0
11.4059 4.74625 4.74625 1 1 0
11.4129 4.75462 4.75462 1 1 0
11.4199 4.763 4.763 1 1 0
11.4269 4.77138 4.77138 1 1 0
11.4339 4.77976 4.77976 1 1 0
11.4409 4.78814 4.78814 1 1 0
11.4478 4.79653 4.79653 1 1 0
11.4548 4.80492 4.80492 1 1 0
11.4617 4.81331 4.81331 1 1 0
11.4686 4.8217 4.8217 1 1 0
11.4755 4.8301 4.8301 1 1 0
11.4824 4.8385 4.8385 1 1 0
11.4892 4.8469 4.8469 1 1 0
11.4961 4.85531 4.85531 1 1 0
11.5029 4.86371 4.86371 1 1 0
11.5097 4.87212 4.87212 1 1 0
11.5165 4.88053 4.88053 1 1 0
11.5233 4.88895 4.88895 1 1 0
11.5301 4.89736 4.89736 1 1 0
11.5368 4.90578 4.90578 1 1 0
11.5436 4.9142 4.9142 1 1 0
11.5503 4.92263 4.92263 1 1 0
11.557 4.93105 4.93105 1 1 0
11.5637 4.93948 4.93948 1 1 0
11.5704 4.94791 4.94791 1 1 0
11.577 4.95634 4.95634 1 1 0
11.5837 4.96478 4.96478 1 1 0
11.5903 4.97322 4.97322 1 1 0
11.5969 4.98166 4.98166 1 1 0
11.6035 4.9901 4.9901 1 1 0
11.6101 4.99855 4.99855 1 1 0
11.6167 5.00699 5.00699 1 1 0
11.6233 5.01544 5.01544 1 1 0
11.6298 5.02389 5.02389 1 1 0
11.6363 5.03235 5.03235 1 1 0
11.6429 5.04081 5.04081 1 1 0
11.6494 5.04926 5.04926 1 1 0
11.6558 5.05773 5.05773 1 1 0
11.6623 5.06619 5.06619 1 1 0
11.6688 5.07465 5.07465 1 1 0
11.6752 5.08312 5.08312 1 1 0
11.6816 5.09159 5.09159 1 1 0
11.688 5.10006 5.10006 1 1 0
11.6944 5.10854 5.10854 1 1 0
11.7008 5.11701 5.11701 1 1 0
11.7072 5.12549 5.12549 1 1 0
11.7136 5.13397 5.13397 1 1 0
11.7199 5.14246 5.14246 1 1 0
11.7262 5.15094 5.15094 1 1 0
11.7325 5.15943 5.15943 1 1 0
11.7388 5.16792 5.16792 1 1 0
11.7451 5.17641 5.17641 1 1 0
11.7514 5.1849 5.1849 1 1 0
11.7576 5.1934 5.1934 1 1 0
11.7639 5.2019 5.2019 1 1 0
11.7701 5.2104 5.2104 1 1 0
11.7763 5.2189 5.2189 1 1 0
11.7825 5.22741 5.22741 1 1 0
11.7887 5.23591 5.23591 1 1 0
11.7948 5.24442 5.24442 1 1 0
11.801 5.25293 5.25293 1 1 0
11.8071 5.26144 5.26144 1 1 0
11.8133 5.26996 5.26996 1 1 0
11.8194 5.27847 5.27847 1 1 0
11.8255 5.28699 5.28699 1 1 0
11.8315 5.29551 5.29551 1 1 0
11.8376 5.30404 5.30404 1 1 0
11.8437 5.31256 5.31256 1 1 0
11.8497 5.32109 5.32109 1 1 0
11.8557 5.32962 5.32962 1 1 0
11.8617 5.33815 5.33815 1 1 0
11.8677 5.34668 5.34668 1 1 0
11.8737 5.35522 5.35522 1 1 0
11.8797 5.36375 5.36375 1 1 0
11.8856 5.37229 5.37229 1 1 0
11.8916 5.38083 5.38083 1 1 0
11.8975 5.38937 5.38937 1 1 0
11.9034 5.39792 5.39792 1 1 0
11.9093 5.40646 5.40646 1 1 0
11.9152 5.41501 5.41501 1 1 0
11.9211 5.42356 5.42356 1 1 0
11.9269 5.43211 5.43211 1 1 0
11.9328 5.44067 5.44067 1 1 0
11.9386 5.44922 5.44922 1 1 0
11.9444 5.45778 5.45778 1 1 0
11.9502 5.46634 5.46634 1 1 0
11.956 5.4749 5.4749 1 1 0
11.9618 5.48346 5.48346 1 1 0
11.9676 5.49203 5.49203 1 1 0
11.9733 5.5006 5.5006 1 1 0
11.9791 5.50916 5.50916 1 1 0
11.9848 5.51773 5.51773 1 1 0
11.9905 5.52631 5.52631 1 1 0
11.9962 5.53488 5.53488 1 1 0
12.0019 5.54346 5.54346 1 1 0
12.0075 5.55203 5.55203 1 1 0
12.0132 5.56061 5.56061 1 1 0
12.0188 5.56919 5.56919 1 1 0
12.0245 5.57778 5.57778 1 1 0
12.0301 5.58636 5.58636 1 1 0
12.0357 5.59495 5.59495 1 1 0
12.0413 5.60354 5.60354 1 1 0
12.0468 5.61213 5.61213 1 1 0
12.0524 5.62072 5.62072 1 1 0
12.058 5.62931 5.62931 1 1 0
12.0635 5.6379 5.6379 1 1 0
12.069 5.6465 5.6465 1 1 0
12.0745 5.6551 5.6551 1 1 0
12.08 5.6637 5.6637 1 1 0
12.0855 5.6723 5.6723 1 1 0
12.091 5.6809 5.6809 1 1 0
12.0964 5.68951 5.68951 1 1 0
12.1019 5.69812 5.69812 1 1 0
12.1073 5.70672 5.70672 1 1 0
12.1127 5.71533 5.71533 1 1 0
12.1181 5.72394 5.72394 1 1 0
12.1235 5.73256 5.73256 1 1 0
12.1289 5.74117 5.74117 1 1 0
12.1343 5.74979 5.74979 1 1 0
12.1396 5.75841 5.75841 1 1 0
12.145 5.76703 5.76703 1 1 0
12.1503 5.77565 5.77565 1 1 0
12.1556 5.78427 5.78427 1 1 0
12.1609 5.79289 5.79289 1 1 0
12.1662 5.80152 5.80152 1 1 0
12.1715 5.81015 5.81015 1 1 0
12.1767 5.81878 5.81878 1 1 0
12.182 5.82741 5.82741 1 1 0
12.1872 5.83604 5.83604 1 1 0
12.1925 5.84467 5.84467 1 1 0
12.1977 5.85331 5.85331 1 1 0
12.2029 5.86194 5.86194 1 1 0
12.2081 5.87058 5.87058 1 1 0
12.2132 5.87922 5.87922 1 1 0
12.2184 5.88786 5.88786 1 1 0
12.2235 5.8965 5.8965 1 1 0
12.2287 5.90515 5.90515 1 1 0
12.2338 5.91379 5.91379 1 1 0
12.2389 5.92244 5.92244 1 1 0
12.244 5.93109 5.93109 1 1 0
12.2491 5.93974 5.93974 1 1 0
12.2542 5.94839 5.94839 1 1 0
12.2593 5.95704 5.95704 1 1 0
12.2643 5.9657 5.9657 1 1 0
12.2694 5.97435 5.97435 1 1 0
12.2744 5.98301 5.98301 1 1 0
12.2794 5.99167 5.99167 1 1 0
12.2844 6.00033 6.00033 1 1 0
12.2894 6.00899 6.00899 1 1 0
12.2944 6.01765 6.01765 1 1 0
12.2993 6.02632 6.02632 1 1 0
12.3043 6.03498 6.03498 1 1 0
12.3092 6.04365 6.04365 1 1 0
12.3142 6.05232 6.05232 1 1 0
12.3191 6.06099 6.06099 1 1 0
12.324 6.06966 6.06966 1 1 0
12.3289 6.07833 6.07833 1 1 0
12.3338 6.087 6.087 1 1 0
12.3386 6.09568 6.09568 1 1 0
12.3435 6.10436 6.10436 1 1 0
12.3483 6.11303 6.11303 1 1 0
12.3532 6.12171 6.12171 1 1 0
12.358 6.13039 6.13039 1 1 0
12.3628 6.13907 6.13907 1 1 0
12.3676 6.14776 6.14776 1 1 0
12.3724 6.15644 6.15644 1 1 0
12.3772 6.16513 6.16513 1 1 0
12.3819 6.17381 6.17381 1 1 0
12.3867 6.1825 6.1825 1 1 0
12.3914 6.19119 6.19119 1 1 0
12.3962 6.19988 6.19988 1 1 0
12.4009 6.20857 6.20857 1 1 0
12.4056 6.21727 6.21727 1 1 0
12.4103 6.22596 6.22596 1 1 0
12.415 6.23466 6.23466 1 1 0
12.4196 6.24335 6.24335 1 1 0
12.4243 6.25205 6.25205 1 1 0
12.4289 6.26075 6.26075 1 1 0
12.4336 6.26945 6.26945 1 1 0
12.4382 6.27815 6.27815 1 1 0
12.4428 6.28686 6.28686 1 1 0
12.4474 6.29556 6.29556 1 1 0
12.452 6.30427 6.30427 1 1 0
12.4566 6.31297 6.31297 1 1 0
12.4612 6.32168 6.32168 1 1 0
12.4657 6.33039 6.33039 1 1 0
12.4703 6.3391 6.3391 1 1 0
12.4748 6.34781 6.34781 1 1 0
12.4793 6.35652 6.35652 1 1 0
12.4838 6.36524 6.36524 1 1 0
12.4883 6.37395 6.37395 1 1 0
12.4928 6.38267 6.38267 1 1 0
12.4973 6.39139 6.39139 1 1 0
12.5018 6.4001 6.4001 1 1 0
12.5062 6.40882 6.40882 1 1 0
12.5107 6.41754 6.41754 1 1 0
12.5151 6.42626 6.42626 1 1 0
12.5195 6.43499 6.43499 1 1 0
12.5239 6.44371 6.44371 1 1 0
12.5283 6.45244 6.45244 1 1 0
12.5327 6.46116 6.46116 1 1 0
12.5371 6.46989 6.46989 1 1 0
12.5415 6.47862 6.47862 1 1 0
12.5458 6.48735 6.48735 1 1 0
12.5502 6.49608 6.49608 1 1 0
12.5545 6.50481 6.50481 1 1 0
12.5588 6.51354 6.51354 1 1 0
12.5632 6.52228 6.52228 1 1 0
12.5675 6.53101 6.53101 1 1 0
12.5718 6.53975 6.53975 1 1 0
12.576 6.54848 6.54848 1 1 0
12.5803 6.55722 6.55722 1 1 0
12.5846 6.56596 6.56596 1 1 0
12.5888 6.5747 6.5747 1 1 0
12.5931 6.58344 6.58344 1 1 0
12.5973 6.59218 6.59218 1 1 0
12.6015 6.60093 6.60093 1 1 0
12.6057 6.60967 6.60967 1 1 0
12.6099 6.61842 6.61842 1 1 0
12.6141 6.62716 6.62716 1 1 0
12.6183 6.63591 6.63591 1 1 0
12.6224 6.64466 6.64466 1 1 0
12.6266 6.65341 6.65341 1 1 0
12.6307 6.66216 6.66216 1 1 0
12.6349 6.67091 6.67091 1 1 0
12.639 6.67966 6.67966 1 1 0
12.6431 6.68841 6.68841 1 1 0
12.6472 6.69717 6.69717 1 1 0
12.6513 6.70592 6.70592 1 1 0
12.6554 6.71468 6.71468 1 1 0
12.6595 6.72343 6.72343 1 1 0
12.6635 6.73219 6.73219 1 1 0
12.6676 6.74095 6.74095 1 1 0
12.6716 6.74971 6.74971 1 1 0
12.6757 6.75847 6.75847 1 1 0
12.6797 6.76723 6.76723 1 1 0
12.6837 6.77599 6.77599 1 1 0
12.6877 6.78476 6.78476 1 1 0
12.6917 6.79352 6.79352 1 1 0
12.6957 6.80229 6.80229 1 1 0
12.6996 6.81105 6.81105 1 1 0
12.7036 6.81982 6.81982 1 1 0
12.7075 6.82859 6.82859 1 1 0
12.7115 6.83736 6.83736 1 1 0
12.7154 6.84613 6.84613 1 1 0
12.7193 6.8549 6.8549 1 1 0
12.7232 6.86367 6.86367 1 1 0
12.7271 6.87244 6.87244 1 1 0
12.731 6.88122 6.88122 1 1 0
12.7349 6.88999 6.88999 1 1 0
12.7388 6.89877 6.89877 1 1 0
12.7427 6.90754 6.90754 1 1 0
12.7465 6.91632 6.91632 1 1 0
12.7504 6.9251 6.9251 1 1 0
12.7542 6.93387 6.93387 1 1 0
12.758 6.94265 6.94265 1 1 0
12.7618 6.95143 6.95143 1 1 0
12.7656 6.96021 6.96021 1 1 0
12.7694 6.969 6.969 1 1 0
12.7732 6.97778 6.97778 1 1 0
12.777 6.98656 6.98656 1 1 0
12.7807 6.99535 6.99535 1 1 0
12.7845 7.00413 7.00413 1 1 0
12.7882 7.01292 7.01292 1 1 0
12.792 7.0217 7.0217 1 1 0
12.7957 7.03049 7.03049 1 1 0
12.7994 7.03928 7.03928 1 1 0
12.8031 7.04807 7.04807 1 1 0
12.8068 7.05686 7.05686 1 1 0
12.8105 7.06565 7.06565 1 1 0
12.8142 7.07444 7.07444 1 1 0
12.8179 7.08323 7.08323 1 1 0
12.8215 7.09203 7.09203 1 1 0
12.8252 7.10082 7.10082 1 1 0
12.8288 7.10962 7.10962 1 1 0
12.8325 7.11841 7.11841 1 1 0
12.8361 7.12721 7.12721 1 1 0
12.8397 7.136 7.136 1 1 0
12.8433 7.1448 7.1448 1 1 0
12.8469 7.1536 7.1536 1 1 0
12.8505 7.1624 7.1624 1 1 0
12.8541 7.1712 7.1712 1 1 0
12.8576 7.18 7.18 1 1 0
12.8612 7.1888 7.1888 1 1 0
12.8648 7.1976 7.1976 1 1 0
12.8683 7.20641 7.20641 1 1 0
12.8718 7.21521 7.21521 1 1 0
12.8753 7.22402 7.22402 1 1 0
12.8789 7.23282 7.23282 1 1 0
12.8824 7.24163 7.24163 1 1 0
12.8859 7.25043 7.25043 1 1 0
12.8894 7.25924 7.25924 1 1 0
12.8928 7.26805 7.26805 1 1 0
12.8963 7.27686 7.27686 1 1 0
12.8998 7.28567 7.28567 1 1 0
12.9032 7.29448 7.29448 1 1 0
12.9067 7.30329 7.30329 1 1 0
12.9101 7.3121 7.3121 1 1 0
12.9135 7.32091 7.32091 1 1 0
12.9169 7.32972 7.32972 1 1 0
12.9203 7.33854 7.33854 1 1 0
12.9237 7.34735 7.34735 1 1 0
12.9271 7.35617 7.35617 1 1 0
12.9305 7.36498 7.36498 1 1 0
12.9339 7.3738 7.3738 1 1 0
12.9373 7.38261 7.38261 1 1 0
12.9406 7.39143 7.39143 1 1 0
12.944 7.40025 7.40025 1 1 0
12.9473 7.40907 7.40907 1 1 0
12.9506 7.41789 7.41789 1 1 0
12.954 7.42671 7.42671 1 1 0
12.9573 7.43553 7.43553 1 1 0
12.9606 7.44435 7.44435 1 1 0
12.9639 7.45317 7.45317 1 1 0
12.9672 7.46199 7.46199 1 1 0
12.9704 7.47082 7.47082 1 1 0
12.9737 7.47964 7.47964 1 1 0
12.977 7.48847 7.48847 1 1 0
12.9802 7.49729 7.49729 1 1 0
12.9835 7.50612 7.50612 1 1 0
12.9867 7.51494 7.51494 1 1 0
12.9889 7.52083 7.52083 2 1 0
12.9921 7.52966 7.52966 2 1 0
12.9953 7.53849 7.53849 2 1 0
12.9985 7.54732 7.54732 2 1 0
13.0017 7.55615 7.55615 2 1 0
13.0049 7.56498 7.56498 2 1 0
13.0081 7.57381 7.57381 2 1 0
13.0112 7.58264 7.58264 2 1 0
13.0144 7.59147 7.59147 2 1 0
13.0176 7.6003 7.6003 2 1 0
13.0207 7.60913 7.60913 2 1 0
13.0239 7.61797 7.61797 2 1 0
13.027 7.6268 7.6268 2 1 0
13.0301 7.63564 7.63564 2 1 0
13.0332 7.64447 7.64447 2 1 0
13.0363 7.65331 7.65331 2 1 0
13.0394 7.66214 7.66214 2 1 0
13.0425 7.67098 7.67098 2 1 0
13.0456 7.67982 7.67982 2 1 0
13.0487 7.68865 7.68865 2 1 0
13.0518 7.69749 7.69749 2 1 0
13.0548 7.70633 7.70633 2 1 0
13.0579 7.71517 7.71517 2 1 0
13.0609 7.72401 7.72401 2 1 0
13.064 7.73285 7.73285 2 1 0
13.067 7.74169 7.74169 2 1 0
13.07 7.75053 7.75053 2 1 0
13.073 7.75938 7.75938 2 1 0
13.076 7.76822 7.76822 2 1 0
13.079 7.77706 7.77706 2 1 0
13.082 7.78591 7.78591 2 1 0
13.085 7.79475 7.79475 2 1 0
13.088 7.80359 7.80359 2 1 0
13.091 7.81244 7.81244 2 1 0
13.0939 7.82129 7.82129 2 1 0
13.0969 7.83013 7.83013 2 1 0
13.0998 7.83898 7.83898 2 1 0
13.1027 7.84783 7.84783 2 1 0
13.1057 7.85667 7.85667 2 1 0
13.1086 7.86552 7.86552 2 1 0
13.1115 7.87437 7.87437 2 1 0
13.1144 7.88322 7.88322 2 1 0
13.1173 7.89207 7.89207 2 1 0
13.1202 7.90092 7.90092 2 1 0
13.1231 7.90977 7.90977 2 1 0
13.126 7.91862 7.91862 2 1 0
13.1288 7.92747 7.92747 2 1 0
13.1317 7.93633 7.93633 2 1 0
13.1345 7.94518 7.94518 2 1 0
13.1374 7.95403 7.95403 2 1 0
13.1402 7.96289 7.96289 2 1 0
13.1431 7.97174 7.97174 2 1 0
13.1459 7.98059 7.98059 2 1 0
13.1487 7.98945 7.98945 2 1 0
13.1515 7.99831 7.99831 2 1 0
13.1543 8.00716 8.00716 2 1 0
13.1571 8.01602 8.01602 2 1 0
13.1599 8.02487 8.02487 2 1 0
13.1627 8.03373 8.03373 2 1 0
13.1655 8.04259 8.04259 2 1 0
13.1682 8.05145 8.05145 2 1 0
13.171 8.06031 8.06031 2 1 0
13.1737 8.06917 8.06917 2 1 0
13.1765 8.07803 8.07803 2 1 0
13.1792 8.08689 8.08689 2 1 0
13.1819 8.09575 8.09575 2 1 0
13.1847 8.10461 8.10461 2 1 0
13.1874 8.11347 8.11347 2 1 0
13.1901 8.12233 8.12233 2 1 0
13.1928 8.13119 8.13119 2 1 0
13.1955 8.14006 8.14006 2 1 0
13.1982 8.14892 8.14892 2 1 0
13.2009 8.15778 8.15778 2 1 0
13.2035 8.16665 8.16665 2 1 0
13.2062 8.17551 8.17551 2 1 0
13.2089 8.18438 8.18438 2 1 0
13.2115 8.19324 8.19324 2 1 0
13.2142 8.20211 8.20211 2 1 0
13.2168 8.21097 8.21097 2 1 0
13.2194 8.21984 8.21984 2 1 0
13.2221 8.22871 8.22871 2 1 0
13.2247 8.23757 8.23757 2 1 0
13.2273 8.24644 8.24644 2 1 0
13.2299 8.25531 8.25531 2 1 0
13.2325 8.26418 8.26418 2 1 0
13.2351 8.27305 8.27305 2 1 0
13.2377 8.28192 8.28192 2 1 0
13.2402 8.29079 8.29079 2 1 0
13.2428 8.29966 8.29966 2 1 0
13.2454 8.30853 8.30853 2 1 0
13.2479 8.3174 8.3174 2 1 0
13.2505 8.32627 8.32627 2 1 0
13.253 8.33514 8.33514 2 1 0
13.2556 8.34401 8.34401 2 1 0
13.2581 8.35288 8.35288 2 1 0
13.2606 8.36176 8.36176 2 1 0
13.2631 8.37063 8.37063 2 1 0
13.2656 8.3795 8.3795 2 1 0
13.2682 8.38838 8.38838 2 1 0
13.2706 8.39725 8.39725 2 1 0
13.2731 8.40613 8.40613 2 1 0
13.2756 8.415 8.415 2 1 0
13.2781 8.42388 8.42388 2 1 0
13.2806 8.43275 8.43275 2 1 0
13.283 8.44163 8.44163 2 1 0
13.2855 8.4505 8.4505 2 1 0
13.288 8.45938 8.45938 2 1 0
13.2904 8.46826 8.46826 2 1 0
13.2928 8.47714 8.47714 2 1 0
13.2953 8.48601 8.48601 2 1 0
13.2977 8.49489 8.49489 2 1 0
13.3001 8.50377 8.50377 2 1 0
13.3025 8.51265 8.51265 2 1 0
13.3049 8.52153 8.52153 2 1 0
13.3073 8.53041 8.53041 2 1 0
13.3097 8.53929 8.53929 2 1 0
13.3121 8.54817 8.54817 2 1 0
13.3145 8.55705 8.55705 2 1 0
13.3169 8.56593 8.56593 2 1 0
13.3193 8.57481 8.57481 2 1 0
13.3216 8.58369 8.58369 2 1 0
13.324 8.59257 8.59257 2 1 0
13.3263 8.60146 8.60146 2 1 0
13.3287 8.61034 8.61034 2 1 0
13.331 8.61922 8.61922 2 1 0
13.3333 8.62811 8.62811 2 1 0
13.3357 8.63699 8.63699 2 1 0
13.338 8.64587 8.64587 2 1 0
13.3403 8.65476 8.65476 2 1 0
13.3426 8.66364 8.66364 2 1 0
13.3449 8.67253 8.67253 2 1 0
13.3472 8.68141 8.68141 2 1 0
13.3495 8.6903 8.6903 2 1 0
13.3518 8.69918 8.69918 2 1 0
13.3541 8.70807 8.70807 2 1 0
13.3563 8.71696 8.71696 2 1 0
13.3586 8.72584 8.72584 2 1 0
13.3609 8.73473 8.73473 2 1 0
13.3631 8.74362 8.74362 2 1 0
13.3654 8.7525 8.7525 2 1 0
13.3676 8.76139 8.76139 2 1 0
13.3699 8.77028 8.77028 2 1 0
13.3721 8.77917 8.77917 2 1 0
13.3743 8.78806 8.78806 2 1 0
13.3765 8.79695 8.79695 2 1 0
13.3787 8.80584 8.80584 2 1 0
13.381 8.81472 8.81472 2 1 0
13.3832 8.82361 8.82361 2 1 0
13.3853 8.8325 8.8325 2 1 0
13.3875 8.8414 8.8414 2 1 0
13.3897 8.85029 8.85029 2 1 0
13.3919 8.85918 8.85918 2 1 0
13.3941 8.86807 8.86807 2 1 0
13.3962 8.87696 8.87696 2 1 0
13.3984 8.88585 8.88585 2 1 0
13.4006 8.89474 8.89474 2 1 0
13.4027 8.90364 8.90364 2 1 0
13.4049 8.91253 8.91253 2 1 0
13.407 8.92142 8.92142 2 1 0
13.4091 8.93032 8.93032 2 1 0
13.4113 8.93921 8.93921 2 1 0
13.4134 8.9481 8.9481 2 1 0
13.4155 8.957 8.957 2 1 0
13.4176 8.96589 8.96589 2 1 0
13.4197 8.97479 8.97479 2 1 0
13.4218 8.98368 8.98368 2 1 0
13.4239 8.99258 8.99258 2 1 0
13.426 9.00147 9.00147 2 1 0
13.4281 9.01037 9.01037 2 1 0
13.4302 9.01926 9.01926 2 1 0
13.4322 9.02816 9.02816 2 1 0
13.4343 9.03705 9.03705 2 1 0
13.4364 9.04595 9.04595 2 1 0
13.4384 9.05485 9.05485 2 1 0
13.4405 9.06375 9.06375 2 1 0
13.4425 9.07264 9.07264 2 1 0
13.4445 9.08154 9.08154 2 1 0
13.4466 9.09044 9.09044 2 1 0
13.4486 9.09934 9.09934 2 1 0
13.4506 9.10823 9.10823 2 1 0
13.4527 9.11713 9.11713 2 1 0
13.4547 9.12603 9.12603 2 1 0
13.4567 9.13493 9.13493 2 1 0
13.4587 9.14383 9.14383 2 1 0
13.4607 9.15273 9.15273 2 1 0
13.4627 9.16163 9.16163 2 1 0
13.4647 9.17053 9.17053 2 1 0
13.4666 9.17943 9.17943 2 1 0
13.4686 9.18833 9.18833 2 1 0
13.4706 9.19723 9.19723 2 1 0
13.4725 9.20613 9.20613 2 1 0
13.4745 9.21503 9.21503 2 1 0
13.4765 9.22394 9.22394 2 1 0
13.4784 9.23284 9.23284 2 1 0
13.4804 9.24174 9.24174 2 1 0
13.4823 9.25064 9.25064 2 1 0
13.4842 9.25954 9.25954 2 1 0
13.4862 9.26845 9.26845 2 1 0
13.4881 9.27735 9.27735 2 1 0
13.49 9.28625 9.28625 2 1 0
13.4919 9.29515 9.29515 2 1 0
13.4938 9.30406 9.30406 2 1 0
13.4957 9.31296 9.31296 2 1 0
13.4976 9.32187 9.32187 2 1 0
13.4995 9.33077 9.33077 2 1 0
13.5014 9.33967 9.33967 2 1 0
13.5033 9.34858 9.34858 2 1 0
13.5052 9.35748 9.35748 2 1 0
13.5071 9.36639 9.36639 2 1 0
13.5089 9.37529 9.37529 2 1 0
13.5108 9.3842 9.3842 2 1 0
13.5126 9.3931 9.3931 2 1 0
13.5145 9.40201 9.40201 2 1 0
13.5163 9.41092 9.41092 2 1 0
13.5182 9.41982 9.41982 2 1 0
13.52 9.42873 9.42873 2 1 0
13.5219 9.43763 9.43763 2 1 0
13.5237 9.44654 9.44654 2 1 0
13.5255 9.45545 9.45545 2 1 0
13.5273 9.46436 9.46436 2 1 0
13.5292 9.47326 9.47326 2 1 0
13.531 9.48217 9.48217 2 1 0
13.5328 9.49108 9.49108 2 1 0
13.5346 9.49999 9.49999 2 1 0
13.5364 9.50889 9.50889 2 1 0
13.5382 9.5178 9.5178 2 1 0
13.54 9.52671 9.52671 2 1 0
13.5417 9.53562 9.53562 2 1 0
13.5435 9.54453 9.54453 2 1 0
13.5453 9.55344 9.55344 2 1 0
13.5471 9.56235 9.56235 2 1 0
13.5488 9.57126 9.57126 2 1 0
13.5506 9.58017 9.58017 2 1 0
13.5523 9.58908 9.58908 2 1 0
13.5541 9.59799 9.59799 2 1 0
13.5558 9.6069 9.6069 2 1 0
13.5576 9.61581 9.61581 2 1 0
13.5593 9.62472 9.62472 2 1 0
13.561 9.63363 9.63363 2 1 0
13.5628 9.64254 9.64254 2 1 0
13.5645 9.65145 9.65145 2 1 0
13.5662 9.66036 9.66036 2 1 0
13.5679 9.66927 9.66927 2 1 0
13.5696 9.67818 9.67818 2 1 0
13.5713 9.6871 9.6871 2 1 0
13.573 9.69601 9.69601 2 1 0
13.5747 9.70492 9.70492 2 1 0
13.5764 9.71383 9.71383 2 1 0
13.5781 9.72274 9.72274 2 1 0
13.5798 9.73166 9.73166 2 1 0
13.5814 9.74057 9.74057 2 1 0
13.5831 9.74948 9.74948 2 1 0
13.5848 9.7584 9.7584 2 1 0
13.5864 9.76731 9.76731 2 1 0
13.5881 9.77622 9.77622 2 1 0
13.5898 9.78514 9.78514 2 1 0
13.5914 9.79405 9.79405 2 1 0
13.5931 9.80296 9.80296 2 1 0
13.5947 9.81188 9.81188 2 1 0
13.5963 9.82079 9.82079 2 1 0
13.598 9.82971 9.82971 2 1 0
13.5996 9.83862 9.83862 2 1 0
13.6012 9.84754 9.84754 2 1 0
13.6028 9.85645 9.85645 2 1 0
13.6045 9.86537 9.86537 2 1 0
13.6061 9.87428 9.87428 2 1 0
13.6077 9.8832 9.8832 2 1 0
13.6093 9.89211 9.89211 2 1 0
13.6109 9.90103 9.90103 2 1 0
13.6125 9.90994 9.90994 2 1 0
13.6141 9.91886 9.91886 2 1 0
13.6156 9.92778 9.92778 2 1 0
13.6172 9.93669 9.93669 2 1 0
13.6188 9.94561 9.94561 2 1 0
13.6204 9.95453 9.95453 2 1 0
13.6219 9.96344 9.96344 2 1 0
13.6235 9.97236 9.97236 2 1 0
13.6251 9.98128 9.98128 2 1 0
13.6266 9.99019 9.99019 2 1 0
13.6282 9.99911 9.99911 2 1 0
13.6297 10.008 10.008 2 1 0
13.6313 10.0169 10.0169 2 1 0
13.6328 10.0259 10.0259 2 1 0
13.6343 10.0348 10.0348 2 1 0
13.6359 10.0437 10.0437 2 1 0
13.6374 10.0526 10.0526 2 1 0
13.6389 10.0615 10.0615 2 1 0
13.6405 10.0705 10.0705 2 1 0
13.642 10.0794 10.0794 2 1 0
13.6435 10.0883 10.0883 2 1 0
13.645 10.0972 10.0972 2 1 0
13.6465 10.1061 10.1061 2 1 0
13.648 10.115 10.115 2 1 0
13.6495 10.124 10.124 2 1 0
13.651 10.1329 10.1329 2 1 0
13.6525 10.1418 10.1418 2 1 0
13.6539 10.1507 10.1507 2 1 0
13.6554 10.1596 10.1596 2 1 0
13.6569 10.1686 10.1686 2 1 0
13.6584 10.1775 10.1775 2 1 0
13.6598 10.1864 10.1864 2 1 0
13.6613 10.1953 10.1953 2 1 0
13.6628 10.2042 10.2042 2 1 0
13.6642 10.2132 10.2132 2 1 0
13.6657 10.2221 10.2221 2 1 0
13.6671 10.231 10.231 2 1 0
13.6686 10.2399 10.2399 2 1 0
13.67 10.2488 10.2488 2 1 0
13.6714 10.2578 10.2578 2 1 0
13.6729 10.2667 10.2667 2 1 0
13.6743 10.2756 10.2756 2 1 0
13.6757 10.2845 10.2845 2 1 0
13.6772 10.2935 10.2935 2 1 0
13.6786 10.3024 10.3024 2 1 0
13.68 10.3113 10.3113 2 1 0
13.6814 10.3202 10.3202 2 1 0
13.6828 10.3291 10.3291 2 1 0
13.6842 10.3381 10.3381 2 1 0
13.6856 10.347 10.347 2 1 0
13.687 10.3559 10.3559 2 1 0
13.6884 10.3648 10.3648 2 1 0
13.6898 10.3738 10.3738 2 1 0
13.6912 10.3827 10.3827 2 1 0
13.6926 10.3916 10.3916 2 1 0
13.6939 10.4005 10.4005 2 1 0
13.6953 10.4094 10.4094 2 1 0
13.6967 10.4184 10.4184 2 1 0
13.698 10.4273 10.4273 2 1 0
13.6994 10.4362 10.4362 2 1 0
13.7008 10.4451 10.4451 2 1 0
13.7021 10.4541 10.4541 2 1 0
13.7035 10.463 10.463 2 1 0
13.7048 10.4719 10.4719 2 1 0
13.7062 10.4808 10.4808 2 1 0
13.7075 10.4898 10.4898 2 1 0
13.7088 10.4987 10.4987 2 1 0
13.7102 10.5076 10.5076 2 1 0
13.7115 10.5165 10.5165 2 1 0
13.7128 10.5255 10.5255 2 1 0
13.7141 10.5344 10.5344 2 1 0
13.7155 10.5433 10.5433 2 1 0
13.7168 10.5522 10.5522 2 1 0
13.7181 10.5612 10.5612 2 1 0
13.7194 10.5701 10.5701 2 1 0
13.7207 10.579 10.579 2 1 0
13.722 10.5879 10.5879 2 1 0
13.7233 10.5969 10.5969 2 1 0
13.7246 10.6058 10.6058 2 1 0
13.7259 10.6147 10.6147 2 1 0
13.7272 10.6236 10.6236 2 1 0
13.7285 10.6326 10.6326 2 1 0
13.7298 10.6415 10.6415 2 1 0
13.731 10.6504 10.6504 2 1 0
13.7323 10.6593 10.6593 2 1 0
13.7336 10.6683 10.6683 2 1 0
13.7348 10.6772 10.6772 2 1 0
13.7361 10.6861 10.6861 2 1 0
13.7374 10.695 10.695 2 1 0
13.7386 10.704 10.704 2 1 0
13.7399 10.7129 10.7129 2 1 0
13.7411 10.7218 10.7218 2 1 0
13.7424 10.7308 10.7308 2 1 0
13.7436 10.7397 10.7397 2 1 0
13.7449 10.7486 10.7486 2 1 0
13.7461 10.7575 10.7575 2 1 0
13.7473 10.7665 10.7665 2 1 0
13.7486 10.7754 10.7754 2 1 0
13.7498 10.7843 10.7843 2 1 0
13.751 10.7932 10.7932 2 1 0
13.7522 10.8022 10.8022 2 1 0
13.7535 10.8111 10.8111 2 1 0
13.7547 10.82 10.82 2 1 0
13.7559 10.829 10.829 2 1 0
13.7571 10.8379 10.8379 2 1 0
13.7583 10.8468 10.8468 2 1 0
13.7595 10.8557 10.8557 2 1 0
13.7607 10.8647 10.8647 2 1 0
13.7619 10.8736 10.8736 2 1 0
13.7631 10.8825 10.8825 2 1 0
13.7643 10.8915 10.8915 2 1 0
13.7655 10.9004 10.9004 2 1 0
13.7667 10.9093 10.9093 2 1 0
13.7678 10.9182 10.9182 2 1 0
13.769 10.9272 10.9272 2 1 0
13.7702 10.9361 10.9361 2 1 0
13.7714 10.945 10.945 2 1 0
13.7725 10.954 10.954 2 1 0
13.7737 10.9629 10.9629 2 1 0
13.7748 10.9718 10.9718 2 1 0
13.776 10.9807 10.9807 2 1 0
13.7772 10.9897 10.9897 2 1 0
13.7783 10.9986 10.9986 2 1 0
13.7795 11.0075 11.0075 2 1 0
13.7806 11.0165 11.0165 2 1 0
13.7817 11.0254 11.0254 2 1 0
13.7829 11.0343 11.0343 2 1 0
13.784 11.0432 11.0432 2 1 0
13.7852 11.0522 11.0522 2 1 0
13.7863 11.0611 11.0611 2 1 0
13.7874 11.07 11.07 2 1 0
13.7885 11.079 11.079 2 1 0
13.7897 11.0879 11.0879 2 1 0
13.7908 11.0968 11.0968 2 1 0
13.7919 11.1058 11.1058 2 1 0
13.793 11.1147 11.1147 2 1 0
13.7941 11.1236 11.1236 2 1 0
13.7952 11.1326 11.1326 2 1 0
13.7963 11.1415 11.1415 2 1 0
13.7974 11.1504 11.1504 2 1 0
13.7985 11.1593 11.1593 2 1 0
13.7996 11.1683 11.1683 2 1 0
13.8007 11.1772 11.1772 2 1 0
13.8018 11.1861 11.1861 2 1 0
13.8029 11.1951 11.1951 2 1 0
13.804 11.204 11.204 2 1 0
13.805 11.2129 11.2129 2 1 0
13.8061 11.2219 11.2219 2 1 0
13.8072 11.2308 11.2308 2 1 0
13.8083 11.2397 11.2397 2 1 0
13.8093 11.2487 11.2487 2 1 0
13.8104 11.2576 11.2576 2 1 0
13.8115 11.2665 11.2665 2 1 0
13.8125 11.2754 11.2754 2 1 0
13.8136 11.2844 11.2844 2 1 0
13.8146 11.2933 11.2933 2 1 0
13.8157 11.3022 11.3022 2 1 0
13.8167 11.3112 11.3112 2 1 0
13.8178 11.3201 11.3201 2 1 0
13.8188 11.329 11.329 2 1 0
13.8199 11.338 11.338 2 1 0
13.8209 11.3469 11.3469 2 1 0
13.8219 11.3558 11.3558 2 1 0
13.823 11.3648 11.3648 2 1 0
13.824 11.3737 11.3737 2 1 0
13.825 11.3826 11.3826 2 1 0
13.8261 11.3916 11.3916 2 1 0
13.8271 11.4005 11.4005 2 1 0
13.8281 11.4094 11.4094 2 1 0
13.8291 11.4184 11.4184 2 1 0
13.8301 11.4273 11.4273 2 1 0
13.8311 11.4362 11.4362 2 1 0
13.8321 11.4452 11.4452 2 1 0
13.8331 11.4541 11.4541 2 1 0
13.8342 11.463 11.463 2 1 0
13.8352 11.472 11.472 2 1 0
13.8361 11.4809 11.4809 2 1 0
13.8371 11.4898 11.4898 2 1 0
13.8381 11.4988 11.4988 2 1 0
13.8391 11.5077 11.5077 2 1 0
13.8401 11.5166 11.5166 2 1 0
13.8411 11.5256 11.5256 2 1 0
13.8421 11.5345 11.5345 2 1 0
13.8431 11.5434 11.5434 2 1 0
13.844 11.5524 11.5524 2 1 0
13.845 11.5613 11.5613 2 1 0
13.846 11.5702 11.5702 2 1 0
13.8469 11.5792 11.5792 2 1 0
13.8479 11.5881 11.5881 2 1 0
13.8489 11.597 11.597 2 1 0
13.8498 11.606 11.606 2 1 0
13.8508 11.6149 11.6149 2 1 0
13.8517 11.6238 11.6238 2 1 0
13.8527 11.6328 11.6328 2 1 0
13.8536 11.6417 11.6417 2 1 0
13.8546 11.6506 11.6506 2 1 0
13.8555 11.6596 11.6596 2 1 0
13.8565 11.6685 11.6685 2 1 0
13.8574 11.6774 11.6774 2 1 0
13.8584 11.6864 11.6864 2 1 0
13.8593 11.6953 11.6953 2 1 0
13.8602 11.7042 11.7042 2 1 0
13.8612 11.7132 11.7132 2 1 0
13.8621 11.7221 11.7221 2 1 0
13.863 11.731 11.731 2 1 0
13.8639 11.74 11.74 2 1 0
13.8649 11.7489 11.7489 2 1 0
13.8658 11.7579 11.7579 2 1 0
13.8667 11.7668 11.7668 2 1 0
13.8676 11.7757 11.7757 2 1 0
13.8685 11.7847 11.7847 2 1 0
13.8694 11.7936 11.7936 2 1 0
13.8703 11.8025 11.8025 2 1 0
13.8712 11.8115 11.8115 2 1 0
13.8721 11.8204 11.8204 2 1 0
13.873 11.8293 11.8293 2 1 0
13.8739 11.8383 11.8383 2 1 0
13.8748 11.8472 11.8472 2 1 0
13.8757 11.8561 11.8561 2 1 0
13.8766 11.8651 11.8651 2 1 0
13.8775 11.874 11.874 2 1 0
13.8784 11.8829 11.8829 2 1 0
13.8792 11.8919 11.8919 2 1 0
13.8801 11.9008 11.9008 2 1 0
13.881 11.9098 11.9098 2 1 0
13.8819 11.9187 11.9187 2 1 0
13.8827 11.9276 11.9276 2 1 0
13.8836 11.9366 11.9366 2 1 0
13.8845 11.9455 11.9455 2 1 0
13.8853 11.9544 11.9544 2 1 0
13.8862 11.9634 11.9634 2 1 0
13.8871 11.9723 11.9723 2 1 0
13.8879 11.9812 11.9812 2 1 0
13.8888 11.9902 11.9902 2 1 0
13.8896 11.9991 11.9991 2 1 0
13.8905 12.008 12.008 2 1 0
13.8913 12.017 12.017 2 1 0
13.8922 12.0259 12.0259 2 1 0
13.893 12.0349 12.0349 2 1 0
13.8939 12.0438 12.0438 2 1 0
13.8947 12.0527 12.0527 2 1 0
13.8956 12.0617 12.0617 2 1 0
13.8964 12.0706 12.0706 2 1 0
13.8972 12.0795 12.0795 2 1 0
13.8981 12.0885 12.0885 2 1 0
13.8989 12.0974 12.0974 2 1 0
13.8997 12.1063 12.1063 2 1 0
13.9005 12.1153 12.1153 2 1 0
13.9014 12.1242 12.1242 2 1 0
13.9022 12.1332 12.1332 2 1 0
13.903 12.1421 12.1421 2 1 0
13.9038 12.151 12.151 2 1 0
13.9046 12.16 12.16 2 1 0
13.9054 12.1689 12.1689 2 1 0
13.9062 12.1778 12.1778 2 1 0
13.9071 12.1868 12.1868 2 1 0
13.9079 12.1957 12.1957 2 1 0
13.9087 12.2047 12.2047 2 1 0
13.9095 12.2136 12.2136 2 1 0
13.9103 12.2225 12.2225 2 1 0
13.9111 12.2315 12.2315 2 1 0
13.9118 12.2404 12.2404 2 1 0
13.9126 12.2493 12.2493 2 1 0
13.9134 12.2583 12.2583 2 1 0
13.9142 12.2672 12.2672 2 1 0
13.915 12.2762 12.2762 2 1 0
13.9158 12.2851 12.2851 2 1 0
13.9166 12.294 12.294 2 1 0
13.9173 12.303 12.303 2 1 0
13.9181 12.3119 12.3119 2 1 0
13.9189 12.3208 12.3208 2 1 0
13.9197 12.3298 12.3298 2 1 0
13.9204 12.3387 12.3387 2 1 0
13.9212 12.3477 12.3477 2 1 0
13.922 12.3566 12.3566 2 1 0
13.9227 12.3655 12.3655 2 1 0
13.9235 12.3745 12.3745 2 1 0
13.9243 12.3834 12.3834 2 1 0
13.925 12.3923 12.3923 2 1 0
13.9258 12.4013 12.4013 2 1 0
13.9265 12.4102 12.4102 2 1 0
13.9273 12.4192 12.4192 2 1 0
13.928 12.4281 12.4281 2 1 0
13.9288 12.437 12.437 2 1 0
13.9295 12.446 12.446 2 1 0
13.9303 12.4549 12.4549 2 1 0
13.931 12.4638 12.4638 2 1 0
13.9318 12.4728 12.4728 2 1 0
13.9325 12.4817 12.4817 2 1 0
13.9332 12.4907 12.4907 2 1 0
13.934 12.4996 12.4996 2 1 0
13.9347 12.5085 12.5085 2 1 0
13.9354 12.5175 12.5175 2 1 0
13.9362 12.5264 12.5264 2 1 0
13.9369 12.5353 12.5353 2 1 0
13.9376 12.5443 12.5443 2 1 0
13.9383 12.5532 12.5532 2 1 0
13.9391 12.5622 12.5622 2 1 0
13.9398 12.5711 12.5711 2 1 0
13.9405 12.58 12.58 2 1 0
13.9412 12.589 12.589 2 1 0
13.9419 12.5979 12.5979 2 1 0
13.9426 12.6069 12.6069 2 1 0
13.9434 12.6158 12.6158 2 1 0
13.9441 12.6247 12.6247 2 1 0
13.9448 12.6337 12.6337 2 1 0
13.9455 12.6426 12.6426 2 1 0
13.9462 12.6516 12.6516 2 1 0
13.9469 12.6605 12.6605 2 1 0
13.9476 12.6694 12.6694 2 1 0
13.9483 12.6784 12.6784 2 1 0
13.949 12.6873 12.6873 2 1 0
13.9497 12.6962 12.6962 2 1 0
13.9503 12.7052 12.7052 2 1 0
13.951 12.7141 12.7141 2 1 0
13.9517 12.7231 12.7231 2 1 0
13.9524 12.732 12.732 2 1 0
13.9531 12.7409 12.7409 2 1 0
13.9538 12.7499 12.7499 2 1 0
13.9545 12.7588 12.7588 2 1 0
13.9551 12.7678 12.7678 2 1 0
13.9558 12.7767 12.7767 2 1 0
13.9565 12.7856 12.7856 2 1 0
13.9572 12.7946 12.7946 2 1 0
13.9578 12.8035 12.8035 2 1 0
13.9585 12.8125 12.8125 2 1 0
13.9592 12.8214 12.8214 2 1 0
13.9598 12.8303 12.8303 2 1 0
13.9605 12.8393 12.8393 2 1 0
13.9612 12.8482 12.8482 2 1 0
13.9618 12.8572 12.8572 2 1 0
13.9625 12.8661 12.8661 2 1 0
13.9631 12.875 12.875 2 1 0
13.9638 12.884 12.884 2 1 0
13.9644 12.8929 12.8929 2 1 0
13.9651 12.9018 12.9018 2 1 0
13.9657 12.9108 12.9108 2 1 0
13.9664 12.9197 12.9197 2 1 0
13.967 12.9287 12.9287 2 1 0
13.9677 12.9376 12.9376 2 1 0
13.9683 12.9465 12.9465 2 1 0
13.969 12.9555 12.9555 2 1 0
13.9696 12.9644 12.9644 2 1 0
13.9702 12.9734 12.9734 2 1 0
13.9709 12.9823 12.9823 2 1 0
13.9715 12.9912 12.9912 2 1 0
13.9721 13.0002 13.0002 2 1 0
13.9728 13.0091 13.0091 2 1 0
13.9734 13.0181 13.0181 2 1 0
13.974 13.027 13.027 2 1 0
13.9747 13.0359 13.0359 2 1 0
13.9753 13.0449 13.0449 2 1 0
13.9759 13.0538 13.0538 2 1 0
13.9765 13.0628 13.0628 2 1 0
13.9771 13.0717 13.0717 2 1 0
13.9778 13.0806 13.0806 2 1 0
13.9784 13.0896 13.0896 2 1 0
13.979 13.0985 13.0985 2 1 0
13.9796 13.1075 13.1075 2 1 0
13.9802 13.1164 13.1164 2 1 0
13.9808 13.1253 13.1253 2 1 0
13.9814 13.1343 13.1343 2 1 0
13.982 13.1432 13.1432 2 1 0
13.9826 13.1522 13.1522 2 1 0
13.9832 13.1611 13.1611 2 1 0
13.9838 13.17 13.17 2 1 0
13.9844 13.179 13.179 2 1 0
13.985 13.1879 13.1879 2 1 0
13.9856 13.1969 13.1969 2 1 0
13.9862 13.2058 13.2058 2 1 0
13.9868 13.2147 13.2147 2 1 0
13.9874 13.2237 13.2237 2 1 0
13.988 13.2326 13.2326 2 1 0
13.9886 13.2416 13.2416 2 1 0
13.9892 13.2505 13.2505 2 1 0
13.9898 13.2594 13.2594 2 1 0
13.9904 13.2684 13.2684 2 1 0
13.9909 13.2773 13.2773 2 1 0
13.9915 13.2863 13.2863 2 1 0
13.9921 13.2952 13.2952 2 1 0
13.9927 13.3042 13.3042 2 1 0
13.9932 13.3131 13.3131 2 1 0
13.9938 13.322 13.322 2 1 0
13.9944 13.331 13.331 2 1 0
13.995 13.3399 13.3399 2 1 0
13.9955 13.3489 13.3489 2 1 0
13.9961 13.3578 13.3578 2 1 0
13.9967 13.3667 13.3667 2 1 0
13.9972 13.3757 13.3757 2 1 0
13.9978 13.3846 13.3846 2 1 0
13.9984 13.3936 13.3936 2 1 0
13.9989 13.4025 13.4025 2 1 0
13.9995 13.4114 13.4114 2 1 0
14 13.4204 13.4204 2 1 0
14.0006 13.4293 13.4293 2 1 0
14.0012 13.4383 13.4383 2 1 0
14.0017 13.4472 13.4472 2 1 0
14.0023 13.4561 13.4561 2 1 0
14.0028 13.4651 13.4651 2 1 0
14.0034 13.474 13.474 2 1 0
14.0039 13.483 13.483 2 1 0
14.0044 13.4919 13.4919 2 1 0
14.005 13.5008 13.5008 2 1 0
14.0055 13.5098 13.5098 2 1 0
14.0061 13.5187 13.5187 2 1 0
14.0066 13.5277 13.5277 2 1 0
14.0072 13.5366 13.5366 2 1 0
14.0077 13.5456 13.5456 2 1 0
14.0082 13.5545 13.5545 2 1 0
14.0088 13.5634 13.5634 2 1 0
14.0093 13.5724 13.5724 2 1 0
14.0098 13.5813 13.5813 2 1 0
14.0104 13.5903 13.5903 2 1 0
14.0109 13.5992 13.5992 2 1 0
14.0114 13.6081 13.6081 2 1 0
14.0119 13.6171 13.6171 2 1 0
14.0125 13.626 13.626 2 1 0
14.013 13.635 13.635 2 1 0
14.0135 13.6439 13.6439 2 1 0
14.014 13.6528 13.6528 2 1 0
14.0145 13.6618 13.6618 2 1 0
14.0151 13.6707 13.6707 2 1 0
14.0156 13.6797 13.6797 2 1 0
14.0161 13.6886 13.6886 2 1 0
14.0166 13.6976 13.6976 2 1 0
14.0171 13.7065 13.7065 2 1 0
14.0176 13.7154 13.7154 2 1 0
14.0181 13.7244 13.7244 2 1 0
14.0186 13.7333 13.7333 2 1 0
14.0192 13.7423 13.7423 2 1 0
14.0197 13.7512 13.7512 2 1 0
14.0202 13.7601 13.7601 2 1 0
14.0207 13.7691 13.7691 2 1 0
14.0212 13.778 13.778 2 1 0
14.0217 13.787 13.787 2 1 0
14.0222 13.7959 13.7959 2 1 0
14.0227 13.8049 13.8049 2 1 0
14.0232 13.8138 13.8138 2 1 0
14.0236 13.8227 13.8227 2 1 0
14.0241 13.8317 13.8317 2 1 0
14.0246 13.8406 13.8406 2 1 0
14.0251 13.8496 13.8496 2 1 0
14.0256 13.8585 13.8585 2 1 0
14.0261 13.8674 13.8674 2 1 0
14.0266 13.8764 13.8764 2 1 0
14.0271 13.8853 13.8853 2 1 0
14.0276 13.8943 13.8943 2 1 0
14.028 13.9032 13.9032 2 1 0
14.0285 13.9121 13.9121 2 1 0
14.029 13.9211 13.9211 2 1 0
14.0295 13.93 13.93 2 1 0
14.03 13.939 13.939 2 1 0
14.0304 13.9479 13.9479 2 1 0
14.0309 13.9569 13.9569 2 1 0
14.0314 13.9658 13.9658 2 1 0
14.0319 13.9747 13.9747 2 1 0
14.0323 13.9837 13.9837 2 1 0
14.0328 13.9926 13.9926 2 1 0
14.0333 14.0016 14.0016 2 1 0
14.0337 14.0105 14.0105 2 1 0
14.0342 14.0195 14.0195 2 1 0
14.0347 14.0284 14.0284 2 1 0
14.0351 14.0373 14.0373 2 1 0
14.0356 14.0463 14.0463 2 1 0
14.036 14.0552 14.0552 2 1 0
14.0365 14.0642 14.0642 2 1 0
14.037 14.0731 14.0731 2 1 0
14.0374 14.082 14.082 2 1 0
14.0379 14.091 14.091 2 1 0
14.0383 14.0999 14.0999 2 1 0
14.0388 14.1089 14.1089 2 1 0
14.0392 14.1178 14.1178 2 1 0
14.0397 14.1268 14.1268 2 1 0
14.0401 14.1357 14.1357 2 1 0
14.0406 14.1446 14.1446 2 1 0
14.041 14.1536 14.1536 2 1 0
14.0415 14.1625 14.1625 2 1 0
14.0419 14.1715 14.1715 2 1 0
14.0424 14.1804 14.1804 2 1 0
14.0428 14.1893 14.1893 2 1 0
14.0433 14.1983 14.1983 2 1 0
14.0437 14.2072 14.2072 2 1 0
14.0441 14.2162 14.2162 2 1 0
14.0446 14.2251 14.2251 2 1 0
14.045 14.2341 14.2341 2 1 0
14.0454 14.243 14.243 2 1 0
14.0459 14.2519 14.2519 2 1 0
14.0463 14.2609 14.2609 2 1 0
14.0467 14.2698 14.2698 2 1 0
14.0472 14.2788 14.2788 2 1 0
14.0476 14.2877 14.2877 2 1 0
14.048 14.2967 14.2967 2 1 0
14.0485 14.3056 14.3056 2 1 0
14.0489 14.3145 14.3145 2 1 0
14.0493 14.3235 14.3235 2 1 0
14.0497 14.3324 14.3324 2 1 0
14.0502 14.3414 14.3414 2 1 0
14.0506 14.3503 14.3503 2 1 0
14.051 14.3592 14.3592 2 1 0
14.0514 14.3682 14.3682 2 1 0
14.0518 14.3771 14.3771 2 1 0
14.0523 14.3861 14.3861 2 1 0
14.0527 14.395 14.395 2 1 0
14.0531 14.404 14.404 2 1 0
14.0535 14.4129 14.4129 2 1 0
14.0539 14.4218 14.4218 2 1 0
14.0543 14.4308 14.4308 2 1 0
14.0547 14.4397 14.4397 2 1 0
14.0552 14.4487 14.4487 2 1 0
14.0556 14.4576 14.4576 2 1 0
14.056 14.4666 14.4666 2 1 0
14.0564 14.4755 14.4755 2 1 0
14.0568 14.4844 14.4844 2 1 0
14.0572 14.4934 14.4934 2 1 0
14.0576 14.5023 14.5023 2 1 0
14.058 14.5113 14.5113 2 1 0
14.0584 14.5202 14.5202 2 1 0
14.0588 14.5292 14.5292 2 1 0
14.0592 14.5381 14.5381 2 1 0
14.0596 14.547 14.547 2 1 0
14.06 14.556 14.556 2 1 0
14.0604 14.5649 14.5649 2 1 0
14.0608 14.5739 14.5739 2 1 0
14.0612 14.5828 14.5828 2 1 0
14.0616 14.5918 14.5918 2 1 0
14.062 14.6007 14.6007 2 1 0
14.0623 14.6096 14.6096 2 1 0
14.0627 14.6186 14.6186 2 1 0
14.0631 14.6275 14.6275 2 1 0
14.0635 14.6365 14.6365 2 1 0
14.0639 14.6454 14.6454 2 1 0
14.0643 14.6544 14.6544 2 1 0
14.0647 14.6633 14.6633 2 1 0
14.065 14.6722 14.6722 2 1 0
14.0654 14.6812 14.6812 2 1 0
14.0658 14.6901 14.6901 2 1 0
14.0662 14.6991 14.6991 2 1 0
14.0666 14.708 14.708 2 1 0
14.0669 14.7169 14.7169 2 1 0
14.0673 14.7259 14.7259 2 1 0
14.0677 14.7348 14.7348 2 1 0
14.0681 14.7438 14.7438 2 1 0
14.0685 14.7527 14.7527 2 1 0
14.0688 14.7617 14.7617 2 1 0
14.0692 14.7706 14.7706 2 1 0
14.0696 14.7795 14.7795 2 1 0
14.0699 14.7885 14.7885 2 1 0
14.0703 14.7974 14.7974 2 1 0
14.0707 14.8064 14.8064 2 1 0
14.071 14.8153 14.8153 2 1 0
14.0714 14.8243 14.8243 2 1 0
14.0718 14.8332 14.8332 2 1 0
14.0721 14.8421 14.8421 2 1 0
14.0725 14.8511 14.8511 2 1 0
14.0729 14.86 14.86 2 1 0
14.0732 14.869 14.869 2 1 0
14.0736 14.8779 14.8779 2 1 0
14.0739 14.8869 14.8869 2 1 0
14.0743 14.8958 14.8958 2 1 0
14.0747 14.9047 14.9047 2 1 0
14.075 14.9137 14.9137 2 1 0
14.0754 14.9226 14.9226 2 1 0
14.0757 14.9316 14.9316 2 1 0
14.0761 14.9405 14.9405 2 1 0
14.0764 14.9495 14.9495 2 1 0
14.0768 14.9584 14.9584 2 1 0
14.0771 14.9673 14.9673 2 1 0
14.0775 14.9763 14.9763 2 1 0
14.0778 14.9852 14.9852 2 1 0
14.0782 14.9942 14.9942 2 1 0
14.0785 15.0031 15.0031 2 1 0
14.0789 15.0121 15.0121 2 1 0
14.0792 15.021 15.021 2 1 0
14.0796 15.0299 15.0299 2 1 0
14.0799 15.0389 15.0389 2 1 0
14.0802 15.0478 15.0478 2 1 0
14.0806 15.0568 15.0568 2 1 0
14.0809 15.0657 15.0657 2 1 0
14.0813 15.0747 15.0747 2 1 0
14.0816 15.0836 15.0836 2 1 0
14.0819 15.0925 15.0925 2 1 0
14.0823 15.1015 15.1015 2 1 0
14.0826 15.1104 15.1104 2 1 0
14.083 15.1194 15.1194 2 1 0
14.0833 15.1283 15.1283 2 1 0
14.0836 15.1373 15.1373 2 1 0
14.084 15.1462 15.1462 2 1 0
14.0843 15.1552 15.1552 2 1 0
14.0846 15.1641 15.1641 2 1 0
14.0849 15.173 15.173 2 1 0
14.0853 15.182 15.182 2 1 0
14.0856 15.1909 15.1909 2 1 0
14.0859 15.1999 15.1999 2 1 0
14.0863 15.2088 15.2088 2 1 0
14.0866 15.2178 15.2178 2 1 0
14.0869 15.2267 15.2267 2 1 0
14.0872 15.2356 15.2356 2 1 0
14.0875 15.2446 15.2446 2 1 0
14.0879 15.2535 15.2535 2 1 0
14.0882 15.2625 15.2625 2 1 0
14.0885 15.2714 15.2714 2 1 0
14.0888 15.2804 15.2804 2 1 0
14.0892 15.2893 15.2893 2 1 0
14.0895 15.2982 15.2982 2 1 0
14.0898 15.3072 15.3072 2 1 0
14.0901 15.3161 15.3161 2 1 0
14.0904 15.3251 15.3251 2 1 0
14.0907 15.334 15.334 2 1 0
14.091 15.343 15.343 2 1 0
14.0914 15.3519 15.3519 2 1 0
14.0917 15.3608 15.3608 2 1 0
14.092 15.3698 15.3698 2 1 0
14.0923 15.3787 15.3787 2 1 0
14.0926 15.3877 15.3877 2 1 0
14.0929 15.3966 15.3966 2 1 0
14.0932 15.4056 15.4056 2 1 0
14.0935 15.4145 15.4145 2 1 0
14.0938 15.4234 15.4234 2 1 0
14.0941 15.4324 15.4324 2 1 0
14.0944 15.4413 15.4413 2 1 0
14.0947 15.4503 15.4503 2 1 0
14.095 15.4592 15.4592 2 1 0
14.0953 15.4682 15.4682 2 1 0
14.0956 15.4771 15.4771 2 1 0
14.0959 15.486 15.486 2 1 0
14.0962 15.495 15.495 2 1 0
14.0965 15.5039 15.5039 2 1 0
14.0968 15.5129 15.5129 2 1 0
14.0971 15.5218 15.5218 2 1 0
14.0974 15.5308 15.5308 2 1 0
14.0977 15.5397 15.5397 2 1 0
14.098 15.5487 15.5487 2 1 0
14.0983 15.5576 15.5576 2 1 0
14.0986 15.5665 15.5665 2 1 0
14.0989 15.5755 15.5755 2 1 0
14.0992 15.5844 15.5844 2 1 0
14.0995 15.5934 15.5934 2 1 0
14.0998 15.6023 15.6023 2 1 0
14.1001 15.6113 15.6113 2 1 0
14.1004 15.6202 15.6202 2 1 0
14.1006 15.6291 15.6291 2 1 0
14.1009 15.6381 15.6381 2 1 0
14.1012 15.647 15.647 2 1 0
14.1015 15.656 15.656 2 1 0
14.1018 15.6649 15.6649 2 1 0
14.1021 15.6739 15.6739 2 1 0
14.1023 15.6828 15.6828 2 1 0
14.1026 15.6917 15.6917 2 1 0
14.1029 15.7007 15.7007 2 1 0
14.1032 15.7096 15.7096 2 1 0
14.1035 15.7186 15.7186 2 1 0
14.1038 15.7275 15.7275 2 1 0
14.104 15.7365 15.7365 2 1 0
14.1043 15.7454 15.7454 2 1 0
14.1046 15.7543 15.7543 2 1 0
14.1049 15.7633 15.7633 2 1 0
14.1051 15.7722 15.7722 2 1 0
14.1054 15.7812 15.7812 2 1 0
14.1057 15.7901 15.7901 2 1 0
14.106 15.7991 15.7991 2 1 0
14.1062 15.808 15.808 2 1 0
14.1065 15.817 15.817 2 1 0
14.1068 15.8259 15.8259 2 1 0
14.107 15.8348 15.8348 2 1 0
14.1073 15.8438 15.8438 2 1 0
14.1076 15.8527 15.8527 2 1 0
14.1079 15.8617 15.8617 2 1 0
14.1081 15.8706 15.8706 2 1 0
14.1084 15.8796 15.8796 2 1 0
14.1087 15.8885 15.8885 2 1 0
14.1089 15.8974 15.8974 2 1 0
14.1092 15.9064 15.9064 2 1 0
14.1094 15.9153 15.9153 2 1 0
14.1097 15.9243 15.9243 2 1 0
14.11 15.9332 15.9332 2 1 0
14.1102 15.9422 15.9422 2 1 0
14.1105 15.9511 15.9511 2 1 0
14.1108 15.96 15.96 2 1 0
14.111 15.969 15.969 2 1 0
14.1113 15.9779 15.9779 2 1 0
14.1115 15.9869 15.9869 2 1 0
14.1118 15.9958 15.9958 2 1 0
14.112 16.0048 16.0048 2 1 0
14.1123 16.0137 16.0137 2 1 0
14.1126 16.0227 16.0227 2 1 0
14.1128 16.0316 16.0316 2 1 0
14.1131 16.0405 16.0405 2 1 0
14.1133 16.0495 16.0495 2 1 0
14.1136 16.0584 16.0584 2 1 0
14.1138 16.0674 16.0674 2 1 0
14.1141 16.0763 16.0763 2 1 0
14.1143 16.0853 16.0853 2 1 0
14.1146 16.0942 16.0942 2 1 0
14.1148 16.1031 16.1031 2 1 0
14.1151 16.1121 16.1121 2 1 0
14.1153 16.121 16.121 2 1 0
14.1156 16.13 16.13 2 1 0
14.1158 16.1389 16.1389 2 1 0
14.1161 16.1479 16.1479 2 1 0
14.1163 16.1568 16.1568 2 1 0
14.1166 16.1657 16.1657 2 1 0
14.1168 16.1747 16.1747 2 1 0
14.117 16.1836 16.1836 2 1 0
14.1173 16.1926 16.1926 2 1 0
14.1175 16.2015 16.2015 2 1 0
14.1178 16.2105 16.2105 2 1 0
14.118 16.2194 16.2194 2 1 0
14.1182 16.2284 16.2284 2 1 0
14.1185 16.2373 16.2373 2 1 0
14.1187 16.2462 16.2462 2 1 0
14.119 16.2552 16.2552 2 1 0
14.1192 16.2641 16.2641 2 1 0
14.1194 16.2731 16.2731 2 1 0
14.1197 16.282 16.282 2 1 0
14.1199 16.291 16.291 2 1 0
14.1201 16.2999 16.2999 2 1 0
14.1204 16.3088 16.3088 2 1 0
14.1206 16.3178 16.3178 2 1 0
14.1208 16.3267 16.3267 2 1 0
14.1211 16.3357 16.3357 2 1 0
14.1213 16.3446 16.3446 2 1 0
14.1215 16.3536 16.3536 2 1 0
14.1218 16.3625 16.3625 2 1 0
14.122 16.3715 16.3715 2 1 0
14.1222 16.3804 16.3804 2 1 0
14.1225 16.3893 16.3893 2 1 0
14.1227 16.3983 16.3983 2 1 0
14.1229 16.4072 16.4072 2 1 0
14.1231 16.4162 16.4162 2 1 0
14.1234 16.4251 16.4251 2 1 0
14.1236 16.4341 16.4341 2 1 0
14.1238 16.443 16.443 2 1 0
14.1241 16.4519 16.4519 2 1 0
14.1243 16.4609 16.4609 2 1 0
14.1245 16.4698 16.4698 2 1 0
14.1247 16.4788 16.4788 2 1 0
14.1249 16.4877 16.4877 2 1 0
14.1252 16.4967 16.4967 2 1 0
14.1254 16.5056 16.5056 2 1 0
14.1256 16.5146 16.5146 2 1 0
14.1258 16.5235 16.5235 2 1 0
14.126 16.5324 16.5324 2 1 0
14.1263 16.5414 16.5414 2 1 0
14.1265 16.5503 16.5503 2 1 0
14.1267 16.5593 16.5593 2 1 0
14.1269 16.5682 16.5682 2 1 0
14.1271 16.5772 16.5772 2 1 0
14.1273 16.5861 16.5861 2 1 0
14.1276 16.595 16.595 2 1 0
14.1278 16.604 16.604 2 1 0
14.128 16.6129 16.6129 2 1 0
14.1282 16.6219 16.6219 2 1 0
14.1284 16.6308 16.6308 2 1 0
14.1286 16.6398 16.6398 2 1 0
14.1288 16.6487 16.6487 2 1 0
14.1291 16.6577 16.6577 2 1 0
14.1293 16.6666 16.6666 2 1 0
14.1295 16.6755 16.6755 2 1 0
14.1297 16.6845 16.6845 2 1 0
14.1299 16.6934 16.6934 2 1 0
14.1301 16.7024 16.7024 2 1 0
14.1303 16.7113 16.7113 2 1 0
14.1305 16.7203 16.7203 2 1 0
14.1307 16.7292 16.7292 2 1 0
14.1309 16.7381 16.7381 2 1 0
14.1311 16.7471 16.7471 2 1 0
14.1313 16.756 16.756 2 1 0
14.1315 16.765 16.765 2 1 0
14.1317 16.7739 16.7739 2 1 0
14.132 16.7829 16.7829 2 1 0
14.1322 16.7918 16.7918 2 1 0
14.1324 16.8008 16.8008 2 1 0
14.1326 16.8097 16.8097 2 1 0
14.1328 16.8186 16.8186 2 1 0
14.133 16.8276 16.8276 2 1 0
14.1332 16.8365 16.8365 2 1 0
14.1334 16.8455 16.8455 2 1 0
14.1336 16.8544 16.8544 2 1 0
14.1338 16.8634 16.8634 2 1 0
14.134 16.8723 16.8723 2 1 0
14.1342 16.8812 16.8812 2 1 0
14.1344 16.8902 16.8902 2 1 0
14.1345 16.8991 16.8991 2 1 0
14.1347 16.9081 16.9081 2 1 0
14.1349 16.917 16.917 2 1 0
14.1351 16.926 16.926 2 1 0
14.1353 16.9349 16.9349 2 1 0
14.1355 16.9439 16.9439 2 1 0
14.1357 16.9528 16.9528 2 1 0
14.1359 16.9617 16.9617 2 1 0
14.1361 16.9707 16.9707 2 1 0
14.1363 16.9796 16.9796 2 1 0
14.1365 16.9886 16.9886 2 1 0
14.1367 16.9975 16.9975 2 1 0
14.1369 17.0065 17.0065 2 1 0
14.1371 17.0154 17.0154 2 1 0
14.1372 17.0243 17.0243 2 1 0
14.1374 17.0333 17.0333 2 1 0
14.1376 17.0422 17.0422 2 1 0
14.1378 17.0512 17.0512 2 1 0
14.138 17.0601 17.0601 2 1 0
14.1382 17.0691 17.0691 2 1 0
14.1384 17.078 17.078 2 1 0
14.1386 17.087 17.087 2 1 0
14.1387 17.0959 17.0959 2 1 0
14.1389 17.1048 17.1048 2 1 0
14.1391 17.1138 17.1138 2 1 0
14.1393 17.1227 17.1227 2 1 0
14.1395 17.1317 17.1317 2 1 0
14.1397 17.1406 17.1406 2 1 0
14.1398 17.1496 17.1496 2 1 0
14.14 17.1585 17.1585 2 1 0
14.1402 17.1675 17.1675 2 1 0
14.1404 17.1764 17.1764 2 1 0
14.1406 17.1853 17.1853 2 1 0
14.1407 17.1943 17.1943 2 1 0
14.1409 17.2032 17.2032 2 1 0
14.1411 17.2122 17.2122 2 1 0
14.1413 17.2211 17.2211 2 1 0
14.1415 17.2301 17.2301 2 1 0
14.1416 17.239 17.239 2 1 0
14.1418 17.2479 17.2479 2 1 0
14.142 17.2569 17.2569 2 1 0
14.1422 17.2658 17.2658 2 1 0
14.1423 17.2748 17.2748 2 1 0
14.1425 17.2837 17.2837 2 1 0
14.1427 17.2927 17.2927 2 1 0
14.1429 17.3016 17.3016 2 1 0
14.143 17.3106 17.3106 2 1 0
14.1432 17.3195 17.3195 2 1 0
14.1434 17.3284 17.3284 2 1 0
14.1436 17.3374 17.3374 2 1 0
14.1437 17.3463 17.3463 2 1 0
14.1439 17.3553 17.3553 2 1 0
14.1441 17.3642 17.3642 2 1 0
14.1442 17.3732 17.3732 2 1 0
14.1444 17.3821 17.3821 2 1 0
14.1446 17.3911 17.3911 2 1 0
14.1448 17.4 17.4 2 1 0
14.1449 17.4089 17.4089 2 1 0
14.1451 17.4179 17.4179 2 1 0
14.1453 17.4268 17.4268 2 1 0
14.1454 17.4358 17.4358 2 1 0
14.1456 17.4447 17.4447 2 1 0
14.1458 17.4537 17.4537 2 1 0
14.1459 17.4626 17.4626 2 1 0
14.1461 17.4715 17.4715 2 1 0
14.1463 17.4805 17.4805 2 1 0
14.1464 17.4894 17.4894 2 1 0
14.1466 17.4984 17.4984 2 1 0
14.1467 17.5073 17.5073 2 1 0
14.1469 17.5163 17.5163 2 1 0
14.1471 17.5252 17.5252 2 1 0
14.1472 17.5342 17.5342 2 1 0
14.1474 17.5431 17.5431 2 1 0
14.1476 17.552 17.552 2 1 0
14.1477 17.561 17.561 2 1 0
14.1479 17.5699 17.5699 2 1 0
14.148 17.5789 17.5789 2 1 0
14.1482 17.5878 17.5878 2 1 0
14.1484 17.5968 17.5968 2 1 0
14.1485 17.6057 17.6057 2 1 0
14.1487 17.6146 17.6146 2 1 0
14.1488 17.6236 17.6236 2 1 0
14.149 17.6325 17.6325 2 1 0
14.1491 17.6415 17.6415 2 1 0
14.1493 17.6504 17.6504 2 1 0
14.1495 17.6594 17.6594 2 1 0
14.1496 17.6683 17.6683 2 1 0
14.1498 17.6773 17.6773 2 1 0
14.1499 17.6862 17.6862 2 1 0
14.1501 17.6951 17.6951 2 1 0
14.1502 17.7041 17.7041 2 1 0
14.1504 17.713 17.713 2 1 0
14.1505 17.722 17.722 2 1 0
14.1507 17.7309 17.7309 2 1 0
14.1508 17.7399 17.7399 2 1 0
14.151 17.7488 17.7488 2 1 0
14.1512 17.7578 17.7578 2 1 0
14.1513 17.7667 17.7667 2 1 0
14.1515 17.7756 17.7756 2 1 0
14.1516 17.7846 17.7846 2 1 0
14.1518 17.7935 17.7935 2 1 0
14.1519 17.8025 17.8025 2 1 0
14.1521 17.8114 17.8114 2 1 0
14.1522 17.8204 17.8204 2 1 0
14.1524 17.8293 17.8293 2 1 0
14.1525 17.8382 17.8382 2 1 0
14.1527 17.8472 17.8472 2 1 0
14.1528 17.8561 17.8561 2 1 0
14.1529 17.8651 17.8651 2 1 0
14.1531 17.874 17.874 2 1 0
14.1532 17.883 17.883 2 1 0
14.1534 17.8919 17.8919 2 1 0
14.1535 17.9009 17.9009 2 1 0
14.1537 17.9098 17.9098 2 1 0
14.1538 17.9187 17.9187 2 1 0
14.154 17.9277 17.9277 2 1 0
14.1541 17.9366 17.9366 2 1 0
14.1543 17.9456 17.9456 2 1 0
14.1544 17.9545 17.9545 2 1 0
14.1545 17.9635 17.9635 2 1 0
14.1547 17.9724 17.9724 2 1 0
14.1548 17.9814 17.9814 2 1 0
14.155 17.9903 17.9903 2 1 0
14.1551 17.9992 17.9992 2 1 0
14.1552 18.0082 18.0082 2 1 0
14.1554 18.0171 18.0171 2 1 0
14.1555 18.0261 18.0261 2 1 0
14.1557 18.035 18.035 2 1 0
14.1558 18.044 18.044 2 1 0
14.1559 18.0529 18.0529 2 1 0
14.1561 18.0619 18.0619 2 1 0
14.1562 18.0708 18.0708 2 1 0
14.1564 18.0797 18.0797 2 1 0
14.1565 18.0887 18.0887 2 1 0
14.1566 18.0976 18.0976 2 1 0
14.1568 18.1066 18.1066 2 1 0
14.1569 18.1155 18.1155 2 1 0
14.157 18.1245 18.1245 2 1 0
14.1572 18.1334 18.1334 2 1 0
14.1573 18.1423 18.1423 2 1 0
14.1574 18.1513 18.1513 2 1 0
14.1576 18.1602 18.1602 2 1 0
14.1577 18.1692 18.1692 2 1 0
14.1579 18.1781 18.1781 2 1 0
14.158 18.1871 18.1871 2 1 0
14.1581 18.196 18.196 2 1 0
14.1582 18.205 18.205 2 1 0
14.1584 18.2139 18.2139 2 1 0
14.1585 18.2228 18.2228 2 1 0
14.1586 18.2318 18.2318 2 1 0
14.1588 18.2407 18.2407 2 1 0
14.1589 18.2497 18.2497 2 1 0
14.159 18.2586 18.2586 2 1 0
14.1592 18.2676 18.2676 2 1 0
14.1593 18.2765 18.2765 2 1 0
14.1594 18.2855 18.2855 2 1 0
14.1596 18.2944 18.2944 2 1 0
14.1597 18.3033 18.3033 2 1 0
14.1598 18.3123 18.3123 2 1 0
14.1599 18.3212 18.3212 2 1 0
14.1601 18.3302 18.3302 2 1 0
14.1602 18.3391 18.3391 2 1 0
14.1603 18.3481 18.3481 2 1 0
14.1605 18.357 18.357 2 1 0
14.1606 18.3659 18.3659 2 1 0
14.1607 18.3749 18.3749 2 1 0
14.1608 18.3838 18.3838 2 1 0
14.161 18.3928 18.3928 2 1 0
14.1611 18.4017 18.4017 2 1 0
14.1612 18.4107 18.4107 2 1 0
14.1613 18.4196 18.4196 2 1 0
14.1615 18.4286 18.4286 2 1 0
14.1616 18.4375 18.4375 2 1 0
14.1617 18.4464 18.4464 2 1 0
14.1618 18.4554 18.4554 2 1 0
14.1619 18.4643 18.4643 2 1 0
14.1621 18.4733 18.4733 2 1 0
14.1622 18.4822 18.4822 2 1 0
14.1623 18.4912 18.4912 2 1 0
14.1624 18.5001 18.5001 2 1 0
14.1626 18.5091 18.5091 2 1 0
14.1627 18.518 18.518 2 1 0
14.1628 18.5269 18.5269 2 1 0
14.1629 18.5359 18.5359 2 1 0
14.163 18.5448 18.5448 2 1 0
14.1632 18.5538 18.5538 2 1 0
14.1633 18.5627 18.5627 2 1 0
14.1634 18.5717 18.5717 2 1 0
14.1635 18.5806 18.5806 2 1 0
14.1636 18.5896 18.5896 2 1 0
14.1638 18.5985 18.5985 2 1 0
14.1639 18.6074 18.6074 2 1 0
14.164 18.6164 18.6164 2 1 0
14.1641 18.6253 18.6253 2 1 0
14.1642 18.6343 18.6343 2 1 0
14.1643 18.6432 18.6432 2 1 0
14.1645 18.6522 18.6522 2 1 0
14.1646 18.6611 18.6611 2 1 0
14.1647 18.67 18.67 2 1 0
14.1648 18.679 18.679 2 1 0
14.1649 18.6879 18.6879 2 1 0
14.165 18.6969 18.6969 2 1 0
14.1651 18.7058 18.7058 2 1 0
14.1653 18.7148 18.7148 2 1 0
14.1654 18.7237 18.7237 2 1 0
14.1655 18.7327 18.7327 2 1 0
14.1656 18.7416 18.7416 2 1 0
14.1657 18.7505 18.7505 2 1 0
14.1658 18.7595 18.7595 2 1 0
14.1659 18.7684 18.7684 2 1 0
14.166 18.7774 18.7774 2 1 0
14.1662 18.7863 18.7863 2 1 0
14.1663 18.7953 18.7953 2 1 0
14.1664 18.8042 18.8042 2 1 0
14.1665 18.8132 18.8132 2 1 0
14.1666 18.8221 18.8221 2 1 0
14.1667 18.831 18.831 2 1 0
14.1668 18.84 18.84 2 1 0
14.1669 18.8489 18.8489 2 1 0
14.167 18.8579 18.8579 2 1 0
14.1672 18.8668 18.8668 2 1 0
14.1673 18.8758 18.8758 2 1 0
14.1674 18.8847 18.8847 2 1 0
14.1675 18.8937 18.8937 2 1 0
14.1676 18.9026 18.9026 2 1 0
14.1677 18.9115 18.9115 2 1 0
14.1678 18.9205 18.9205 2 1 0
14.1679 18.9294 18.9294 2 1 0
14.168 18.9384 18.9384 2 1 0
14.1681 18.9473 18.9473 2 1 0
14.1682 18.9563 18.9563 2 1 0
14.1683 18.9652 18.9652 2 1 0
14.1684 18.9741 18.9741 2 1 0
14.1685 18.9831 18.9831 2 1 0
14.1686 18.992 18.992 2 1 0
14.1687 19.001 19.001 2 1 0
14.1689 19.0099 19.0099 2 1 0
14.169 19.0189 19.0189 2 1 0
14.1691 19.0278 19.0278 2 1 0
14.1692 19.0368 19.0368 2 1 0
14.1693 19.0457 19.0457 2 1 0
14.1694 19.0546 19.0546 2 1 0
14.1695 19.0636 19.0636 2 1 0
14.1696 19.0725 19.0725 2 1 0
14.1697 19.0815 19.0815 2 1 0
14.1698 19.0904 19.0904 2 1 0
14.1699 19.0994 19.0994 2 1 0
14.17 19.1083 19.1083 2 1 0
14.1701 19.1173 19.1173 2 1 0
14.1702 19.1262 19.1262 2 1 0
14.1703 19.1351 19.1351 2 1 0
14.1704 19.1441 19.1441 2 1 0
14.1705 19.153 19.153 2 1 0
14.1706 19.162 19.162 2 1 0
14.1707 19.1709 19.1709 2 1 0
14.1708 19.1799 19.1799 2 1 0
14.1709 19.1888 19.1888 2 1 0
14.171 19.1978 19.1978 2 1 0
14.1711 19.2067 19.2067 2 1 0
14.1712 19.2156 19.2156 2 1 0
14.1713 19.2246 19.2246 2 1 0
14.1714 19.2335 19.2335 2 1 0
14.1715 19.2425 19.2425 2 1 0
14.1716 19.2514 19.2514 2 1 0
14.1717 19.2604 19.2604 2 1 0
14.1718 19.2693 19.2693 2 1 0
14.1719 19.2783 19.2783 2 1 0
14.172 19.2872 19.2872 2 1 0
14.172 19.2961 19.2961 2 1 0
14.1721 19.3051 19.3051 2 1 0
14.1722 19.314 19.314 2 1 0
14.1723 19.323 19.323 2 1 0
14.1724 19.3319 19.3319 2 1 0
14.1725 19.3409 19.3409 2 1 0
14.1726 19.3498 19.3498 2 1 0
14.1727 19.3587 19.3587 2 1 0
14.1728 19.3677 19.3677 2 1 0
14.1729 19.3766 19.3766 2 1 0
14.173 19.3856 19.3856 2 1 0
14.1731 19.3945 19.3945 2 1 0
14.1732 19.4035 19.4035 2 1 0
14.1733 19.4124 19.4124 2 1 0
14.1734 19.4214 19.4214 2 1 0
14.1735 19.4303 19.4303 2 1 0
14.1735 19.4392 19.4392 2 1 0
14.1736 19.4482 19.4482 2 1 0
14.1737 19.4571 19.4571 2 1 0
14.1738 19.4661 19.4661 2 1 0
14.1739 19.475 19.475 2 1 0
14.174 19.484 19.484 2 1 0
14.1741 19.4929 19.4929 2 1 0
14.1742 19.5019 19.5019 2 1 0
14.1743 19.5108 19.5108 2 1 0
14.1744 19.5197 19.5197 2 1 0
14.1744 19.5287 19.5287 2 1 0
14.1745 19.5376 19.5376 2 1 0
14.1746 19.5466 19.5466 2 1 0
14.1747 19.5555 19.5555 2 1 0
14.1748 19.5645 19.5645 2 1 0
14.1749 19.5734 19.5734 2 1 0
14.175 19.5824 19.5824 2 1 0
14.1751 19.5913 19.5913 2 1 0
14.1752 19.6002 19.6002 2 1 0
14.1752 19.6092 19.6092 2 1 0
14.1753 19.6181 19.6181 2 1 0
14.1754 19.6271 19.6271 2 1 0
14.1755 19.636 19.636 2 1 0
14.1756 19.645 19.645 2 1 0
14.1757 19.6539 19.6539 2 1 0
14.1758 19.6629 19.6629 2 1 0
14.1758 19.6718 19.6718 2 1 0
14.1759 19.6807 19.6807 2 1 0
14.176 19.6897 19.6897 2 1 0
14.1761 19.6986 19.6986 2 1 0
14.1762 19.7076 19.7076 2 1 0
14.1763 19.7165 19.7165 2 1 0
14.1764 19.7255 19.7255 2 1 0
14.1764 19.7344 19.7344 2 1 0
14.1765 19.7433 19.7433 2 1 0
14.1766 19.7523 19.7523 2 1 0
14.1767 19.7612 19.7612 2 1 0
14.1768 19.7702 19.7702 2 1 0
14.1769 19.7791 19.7791 2 1 0
14.1769 19.7881 19.7881 2 1 0
14.177 19.797 19.797 2 1 0
14.1771 19.806 19.806 2 1 0
14.1772 19.8149 19.8149 2 1 0
14.1773 19.8238 19.8238 2 1 0
14.1773 19.8328 19.8328 2 1 0
14.1774 19.8417 19.8417 2 1 0
14.1775 19.8507 19.8507 2 1 0
14.1776 19.8596 19.8596 2 1 0
14.1777 19.8686 19.8686 2 1 0
14.1777 19.8775 19.8775 2 1 0
14.1778 19.8865 19.8865 2 1 0
14.1779 19.8954 19.8954 2 1 0
14.178 19.9043 19.9043 2 1 0
14.1781 19.9133 19.9133 2 1 0
14.1781 19.9222 19.9222 2 1 0
14.1782 19.9312 19.9312 2 1 0
14.1783 19.9401 19.9401 2 1 0
14.1784 19.9491 19.9491 2 1 0
14.1785 19.958 19.958 2 1 0
14.1785 19.967 19.967 2 1 0
14.1786 19.9759 19.9759 2 1 0
14.1787 19.9848 19.9848 2 1 0
14.1788 19.9938 19.9938 2 1 0
14.1789 20.0027 20.0027 2 1 0
14.1789 20.0117 20.0117 2 1 0
14.179 20.0206 20.0206 2 1 0
14.1791 20.0296 20.0296 2 1 0
14.1792 20.0385 20.0385 2 1 0
14.1792 20.0475 20.0475 2 1 0
14.1793 20.0564 20.0564 2 1 0
14.1794 20.0653 20.0653 2 1 0
14.1795 20.0743 20.0743 2 1 0
14.1795 20.0832 20.0832 2 1 0
14.1796 20.0922 20.0922 2 1 0
14.1797 20.1011 20.1011 2 1 0
14.1798 20.1101 20.1101 2 1 0
14.1798 20.119 20.119 2 1 0
14.1799 20.1279 20.1279 2 1 0
14.18 20.1369 20.1369 2 1 0
14.1801 20.1458 20.1458 2 1 0
14.1801 20.1548 20.1548 2 1 0
14.1802 20.1637 20.1637 2 1 0
14.1803 20.1727 20.1727 2 1 0
14.1804 20.1816 20.1816 2 1 0
14.1804 20.1906 20.1906 2 1 0
14.1805 20.1995 20.1995 2 1 0
14.1806 20.2084 20.2084 2 1 0
14.1806 20.2174 20.2174 2 1 0
14.1807 20.2263 20.2263 2 1 0
14.1808 20.2353 20.2353 2 1 0
14.1809 20.2442 20.2442 2 1 0
14.1809 20.2532 20.2532 2 1 0
14.181 20.2621 20.2621 2 1 0
14.1811 20.2711 20.2711 2 1 0
14.1812 20.28 20.28 2 1 0
14.1812 20.2889 20.2889 2 1 0
14.1813 20.2979 20.2979 2 1 0
14.1814 20.3068 20.3068 2 1 0
14.1814 20.3158 20.3158 2 1 0
14.1815 20.3247 20.3247 2 1 0
14.1816 20.3337 20.3337 2 1 0
14.1816 20.3426 20.3426 2 1 0
14.1817 20.3516 20.3516 2 1 0
14.1818 20.3605 20.3605 2 1 0
14.1819 20.3694 20.3694 2 1 0
14.1819 20.3784 20.3784 2 1 0
14.182 20.3873 20.3873 2 1 0
14.1821 20.3963 20.3963 2 1 0
14.1821 20.4052 20.4052 2 1 0
14.1822 20.4142 20.4142 2 1 0
14.1823 20.4231 20.4231 2 1 0
14.1823 20.4321 20.4321 2 1 0
14.1824 20.441 20.441 2 1 0
14.1825 20.4499 20.4499 2 1 0
14.1825 20.4589 20.4589 2 1 0
14.1826 20.4678 20.4678 2 1 0
14.1827 20.4768 20.4768 2 1 0
14.1827 20.4857 20.4857 2 1 0
14.1828 20.4947 20.4947 2 1 0
14.1829 20.5036 20.5036 2 1 0
14.1829 20.5126 20.5126 2 1 0
14.183 20.5215 20.5215 2 1 0
14.1831 20.5304 20.5304 2 1 0
14.1831 20.5394 20.5394 2 1 0
14.1832 20.5483 20.5483 2 1 0
14.1833 20.5573 20.5573 2 1 0
14.1833 20.5662 20.5662 2 1 0
14.1834 20.5752 20.5752 2 1 0
14.1835 20.5841 20.5841 2 1 0
14.1835 20.593 20.593 2 1 0
14.1836 20.602 20.602 2 1 0
14.1837 20.6109 20.6109 2 1 0
14.1837 20.6199 20.6199 2 1 0
14.1838 20.6288 20.6288 2 1 0
14.1839 20.6378 20.6378 2 1 0
14.1839 20.6467 20.6467 2 1 0
14.184 20.6557 20.6557 2 1 0
14.184 20.6646 20.6646 2 1 0
14.1841 20.6735 20.6735 2 1 0
14.1842 20.6825 20.6825 2 1 0
14.1842 20.6914 20.6914 2 1 0
14.1843 20.7004 20.7004 2 1 0
14.1844 20.7093 20.7093 2 1 0
14.1844 20.7183 20.7183 2 1 0
14.1845 20.7272 20.7272 2 1 0
14.1845 20.7362 20.7362 2 1 0
14.1846 20.7451 20.7451 2 1 0
14.1847 20.754 20.754 2 1 0
14.1847 20.763 20.763 2 1 0
14.1848 20.7719 20.7719 2 1 0
14.1849 20.7809 20.7809 2 1 0
14.1849 20.7898 20.7898 2 1 0
14.185 20.7988 20.7988 2 1 0
14.185 20.8077 20.8077 2 1 0
14.1851 20.8167 20.8167 2 1 0
14.1852 20.8256 20.8256 2 1 0
14.1852 20.8345 20.8345 2 1 0
14.1853 20.8435 20.8435 2 1 0
14.1853 20.8524 20.8524 2 1 0
14.1854 20.8614 20.8614 2 1 0
14.1855 20.8703 20.8703 2 1 0
14.1855 20.8793 20.8793 2 1 0
14.1856 20.8882 20.8882 2 1 0
14.1856 20.8972 20.8972 2 1 0
14.1857 20.9061 20.9061 2 1 0
14.1858 20.915 20.915 2 1 0
14.1858 20.924 20.924 2 1 0
14.1859 20.9329 20.9329 2 1 0
14.1859 20.9419 20.9419 2 1 0
14.186 20.9508 20.9508 2 1 0
14.186 20.9598 20.9598 2 1 0
14.1861 20.9687 20.9687 2 1 0
14.1862 20.9777 20.9777 2 1 0
14.1862 20.9866 20.9866 2 1 0
14.1863 20.9955 20.9955 2 1 0
14.1863 21.0045 21.0045 2 1 0
14.1864 21.0134 21.0134 2 1 0
14.1864 21.0224 21.0224 2 1 0
14.1865 21.0313 21.0313 2 1 0
14.1866 21.0403 21.0403 2 1 0
14.1866 21.0492 21.0492 2 1 0
14.1867 21.0581 21.0581 2 1 0
14.1867 21.0671 21.0671 2 1 0
14.1868 21.076 21.076 2 1 0
14.1868 21.085 21.085 2 1 0
14.1869 21.0939 21.0939 2 1 0
14.187 21.1029 21.1029 2 1 0
14.187 21.1118 21.1118 2 1 0
14.1871 21.1208 21.1208 2 1 0
14.1871 21.1297 21.1297 2 1 0
14.1872 21.1386 21.1386 2 1 0
14.1872 21.1476 21.1476 2 1 0
14.1873 21.1565 21.1565 2 1 0
14.1873 21.1655 21.1655 2 1 0
14.1874 21.1744 21.1744 2 1 0
14.1874 21.1834 21.1834 2 1 0
14.1875 21.1923 21.1923 2 1 0
14.1876 21.2013 21.2013 2 1 0
14.1876 21.2102 21.2102 2 1 0
14.1877 21.2191 21.2191 2 1 0
14.1877 21.2281 21.2281 2 1 0
14.1878 21.237 21.237 2 1 0
14.1878 21.246 21.246 2 1 0
14.1879 21.2549 21.2549 2 1 0
14.1879 21.2639 21.2639 2 1 0
14.188 21.2728 21.2728 2 1 0
14.188 21.2818 21.2818 2 1 0
14.1881 21.2907 21.2907 2 1 0
14.1881 21.2996 21.2996 2 1 0
14.1882 21.3086 21.3086 2 1 0
14.1882 21.3175 21.3175 2 1 0
14.1883 21.3265 21.3265 2 1 0
14.1883 21.3354 21.3354 2 1 0
14.1884 21.3444 21.3444 2 1 0
14.1885 21.3533 21.3533 2 1 0
14.1885 21.3623 21.3623 2 1 0
14.1886 21.3712 21.3712 2 1 0
14.1886 21.3801 21.3801 2 1 0
14.1887 21.3891 21.3891 2 1 0
14.1887 21.398 21.398 2 1 0
14.1888 21.407 21.407 2 1 0
14.1888 21.4159 21.4159 2 1 0
14.1889 21.4249 21.4249 2 1 0
14.1889 21.4338 21.4338 2 1 0
14.189 21.4428 21.4428 2 1 0
14.189 21.4517 21.4517 2 1 0
14.1891 21.4606 21.4606 2 1 0
14.1891 21.4696 21.4696 2 1 0
14.1892 21.4785 21.4785 2 1 0
14.1892 21.4875 21.4875 2 1 0
14.1893 21.4964 21.4964 2 1 0
14.1893 21.5054 21.5054 2 1 0
14.1894 21.5143 21.5143 2 1 0
14.1894 21.5232 21.5232 2 1 0
14.1895 21.5322 21.5322 2 1 0
14.1895 21.5411 21.5411 2 1 0
14.1896 21.5501 21.5501 2 1 0
14.1896 21.559 21.559 2 1 0
14.1897 21.568 21.568 2 1 0
14.1897 21.5769 21.5769 2 1 0
14.1897 21.5859 21.5859 2 1 0
14.1898 21.5948 21.5948 2 1 0
14.1898 21.6037 21.6037 2 1 0
14.1899 21.6127 21.6127 2 1 0
14.1899 21.6216 21.6216 2 1 0
14.19 21.6306 21.6306 2 1 0
14.19 21.6395 21.6395 2 1 0
14.1901 21.6485 21.6485 2 1 0
14.1901 21.6574 21.6574 2 1 0
14.1902 21.6664 21.6664 2 1 0
14.1902 21.6753 21.6753 2 1 0
14.1903 21.6842 21.6842 2 1 0
14.1903 21.6932 21.6932 2 1 0
14.1904 21.7021 21.7021 2 1 0
14.1904 21.7111 21.7111 2 1 0
14.1905 21.72 21.72 2 1 0
14.1905 21.729 21.729 2 1 0
14.1905 21.7379 21.7379 2 1 0
14.1906 21.7469 21.7469 2 1 0
14.1906 21.7558 21.7558 2 1 0
14.1907 21.7647 21.7647 2 1 0
14.1907 21.7737 21.7737 2 1 0
14.1908 21.7826 21.7826 2 1 0
14.1908 21.7916 21.7916 2 1 0
14.1909 21.8005 21.8005 2 1 0
14.1909 21.8095 21.8095 2 1 0
14.191 21.8184 21.8184 2 1 0
14.191 21.8274 21.8274 2 1 0
14.191 21.8363 21.8363 2 1 0
14.1911 21.8452 21.8452 2 1 0
14.1911 21.8542 21.8542 2 1 0
14.1912 21.8631 21.8631 2 1 0
14.1912 21.8721 21.8721 2 1 0
14.1913 21.881 21.881 2 1 0
14.1913 21.89 21.89 2 1 0
14.1914 21.8989 21.8989 2 1 0
14.1914 21.9079 21.9079 2 1 0
14.1914 21.9168 21.9168 2 1 0
14.1915 21.9257 21.9257 2 1 0
14.1915 21.9347 21.9347 2 1 0
14.1916 21.9436 21.9436 2 1 0
14.1916 21.9526 21.9526 2 1 0
14.1917 21.9615 21.9615 2 1 0
14.1917 21.9705 21.9705 2 1 0
14.1917 21.9794 21.9794 2 1 0
14.1918 21.9884 21.9884 2 1 0
14.1918 21.9973 21.9973 2 1 0
14.1919 22.0062 22.0062 2 1 0
14.1919 22.0152 22.0152 2 1 0
14.192 22.0241 22.0241 2 1 0
14.192 22.0331 22.0331 2 1 0
14.192 22.042 22.042 2 1 0
14.1921 22.051 22.051 2 1 0
14.1921 22.0599 22.0599 2 1 0
14.1922 22.0688 22.0688 2 1 0
14.1922 22.0778 22.0778 2 1 0
14.1922 22.0867 22.0867 2 1 0
14.1923 22.0957 22.0957 2 1 0
14.1923 22.1046 22.1046 2 1 0
14.1924 22.1136 22.1136 2 1 0
14.1924 22.1225 22.1225 2 1 0
14.1925 22.1315 22.1315 2 1 0
14.1925 22.1404 22.1404 2 1 0
14.1925 22.1493 22.1493 2 1 0
14.1926 22.1583 22.1583 2 1 0
14.1926 22.1672 22.1672 2 1 0
14.1927 22.1762 22.1762 2 1 0
14.1927 22.1851 22.1851 2 1 0
14.1927 22.1941 22.1941 2 1 0
14.1928 22.203 22.203 2 1 0
14.1928 22.212 22.212 2 1 0
14.1929 22.2209 22.2209 2 1 0
14.1929 22.2298 22.2298 2 1 0
14.1929 22.2388 22.2388 2 1 0
14.193 22.2477 22.2477 2 1 0
14.193 22.2567 22.2567 2 1 0
14.1931 22.2656 22.2656 2 1 0
14.1931 22.2746 22.2746 2 1 0
14.1931 22.2835 22.2835 2 1 0
14.1932 22.2925 22.2925 2 1 0
14.1932 22.3014 22.3014 2 1 0
14.1932 22.3103 22.3103 2 1 0
14.1933 22.3193 22.3193 2 1 0
14.1933 22.3282 22.3282 2 1 0
14.1934 22.3372 22.3372 2 1 0
14.1934 22.3461 22.3461 2 1 0
14.1934 22.3551 22.3551 2 1 0
14.1935 22.364 22.364 2 1 0
14.1935 22.373 22.373 2 1 0
14.1936 22.3819 22.3819 2 1 0
14.1936 22.3908 22.3908 2 1 0
14.1936 22.3998 22.3998 2 1 0
14.1937 22.4087 22.4087 2 1 0
14.1937 22.4177 22.4177 2 1 0
14.1937 22.4266 22.4266 2 1 0
14.1938 22.4356 22.4356 2 1 0
14.1938 22.4445 22.4445 2 1 0
14.1939 22.4535 22.4535 2 1 0
14.1939 22.4624 22.4624 2 1 0
14.1939 22.4713 22.4713 2 1 0
14.194 22.4803 22.4803 2 1 0
14.194 22.4892 22.4892 2 1 0
14.194 22.4982 22.4982 2 1 0
14.1941 22.5071 22.5071 2 1 0
14.1941 22.5161 22.5161 2 1 0
14.1941 22.525 22.525 2 1 0
14.1942 22.5339 22.5339 2 1 0
14.1942 22.5429 22.5429 2 1 0
14.1943 22.5518 22.5518 2 1 0
14.1943 22.5608 22.5608 2 1 0
14.1943 22.5697 22.5697 2 1 0
14.1944 22.5787 22.5787 2 1 0
14.1944 22.5876 22.5876 2 1 0
14.1944 22.5966 22.5966 2 1 0
14.1945 22.6055 22.6055 2 1 0
14.1945 22.6144 22.6144 2 1 0
14.1945 22.6234 22.6234 2 1 0
14.1946 22.6323 22.6323 2 1 0
14.1946 22.6413 22.6413 2 1 0
14.1946 22.6502 22.6502 2 1 0
14.1947 22.6592 22.6592 2 1 0
14.1947 22.6681 22.6681 2 1 0
14.1948 22.6771 22.6771 2 1 0
14.1948 22.686 22.686 2 1 0
14.1948 22.6949 22.6949 2 1 0
14.1949 22.7039 22.7039 2 1 0
14.1949 22.7128 22.7128 2 1 0
14.1949 22.7218 22.7218 2 1 0
14.195 22.7307 22.7307 2 1 0
14.195 22.7397 22.7397 2 1 0
14.195 22.7486 22.7486 2 1 0
14.1951 22.7576 22.7576 2 1 0
14.1951 22.7665 22.7665 2 1 0
14.1951 22.7754 22.7754 2 1 0
14.1952 22.7844 22.7844 2 1 0
14.1952 22.7933 22.7933 2 1 0
14.1952 22.8023 22.8023 2 1 0
14.1953 22.8112 22.8112 2 1 0
14.1953 22.8202 22.8202 2 1 0
14.1953 22.8291 22.8291 2 1 0
14.1954 22.8381 22.8381 2 1 0
14.1954 22.847 22.847 2 1 0
14.1954 22.8559 22.8559 2 1 0
14.1955 22.8649 22.8649 2 1 0
14.1955 22.8738 22.8738 2 1 0
14.1955 22.8828 22.8828 2 1 0
14.1956 22.8917 22.8917 2 1 0
14.1956 22.9007 22.9007 2 1 0
14.1956 22.9096 22.9096 2 1 0
14.1957 22.9186 22.9186 2 1 0
14.1957 22.9275 22.9275 2 1 0
14.1957 22.9364 22.9364 2 1 0
14.1958 22.9454 22.9454 2 1 0
14.1958 22.9543 22.9543 2 1 0
14.1958 22.9633 22.9633 2 1 0
14.1958 22.9722 22.9722 2 1 0
14.1959 22.9812 22.9812 2 1 0
14.1959 22.9901 22.9901 2 1 0
14.1959 22.9991 22.9991 2 1 0
14.196 23.008 23.008 2 1 0
14.196 23.0169 23.0169 2 1 0
14.196 23.0259 23.0259 2 1 0
14.1961 23.0348 23.0348 2 1 0
14.1961 23.0438 23.0438 2 1 0
14.1961 23.0527 23.0527 2 1 0
14.1962 23.0617 23.0617 2 1 0
14.1962 23.0706 23.0706 2 1 0
14.1962 23.0795 23.0795 2 1 0
14.1963 23.0885 23.0885 2 1 0
14.1963 23.0974 23.0974 2 1 0
14.1963 23.1064 23.1064 2 1 0
14.1963 23.1153 23.1153 2 1 0
14.1964 23.1243 23.1243 2 1 0
14.1964 23.1332 23.1332 2 1 0
14.1964 23.1422 23.1422 2 1 0
14.1965 23.1511 23.1511 2 1 0
14.1965 23.16 23.16 2 1 0
14.1965 23.169 23.169 2 1 0
14.1966 23.1779 23.1779 2 1 0
14.1966 23.1869 23.1869 2 1 0
14.1966 23.1958 23.1958 2 1 0
14.1966 23.2048 23.2048 2 1 0
14.1967 23.2137 23.2137 2 1 0
14.1967 23.2227 23.2227 2 1 0
14.1967 23.2316 23.2316 2 1 0
14.1968 23.2405 23.2405 2 1 0
14.1968 23.2495 23.2495 2 1 0
14.1968 23.2584 23.2584 2 1 0
14.1968 23.2674 23.2674 2 1 0
14.1969 23.2763 23.2763 2 1 0
14.1969 23.2853 23.2853 2 1 0
14.1969 23.2942 23.2942 2 1 0
14.197 23.3032 23.3032 2 1 0
14.197 23.3121 23.3121 2 1 0
14.197 23.321 23.321 2 1 0
14.1971 23.33 23.33 2 1 0
14.1971 23.3389 23.3389 2 1 0
14.1971 23.3479 23.3479 2 1 0
14.1971 23.3568 23.3568 2 1 0
14.1972 23.3658 23.3658 2 1 0
14.1972 23.3747 23.3747 2 1 0
14.1972 23.3837 23.3837 2 1 0
14.1972 23.3926 23.3926 2 1 0
14.1973 23.4015 23.4015 2 1 0
14.1973 23.4105 23.4105 2 1 0
14.1973 23.4194 23.4194 2 1 0
14.1974 23.4284 23.4284 2 1 0
14.1974 23.4373 23.4373 2 1 0
14.1974 23.4463 23.4463 2 1 0
14.1974 23.4552 23.4552 2 1 0
14.1975 23.4642 23.4642 2 1 0
14.1975 23.4731 23.4731 2 1 0
14.1975 23.482 23.482 2 1 0
14.1976 23.491 23.491 2 1 0
14.1976 23.4999 23.4999 2 1 0
14.1976 23.5089 23.5089 2 1 0
14.1976 23.5178 23.5178 2 1 0
14.1977 23.5268 23.5268 2 1 0
14.1977 23.5357 23.5357 2 1 0
14.1977 23.5447 23.5447 2 1 0
14.1977 23.5536 23.5536 2 1 0
14.1978 23.5625 23.5625 2 1 0
14.1978 23.5715 23.5715 2 1 0
14.1978 23.5804 23.5804 2 1 0
14.1978 23.5894 23.5894 2 1 0
14.1979 23.5983 23.5983 2 1 0
14.1979 23.6073 23.6073 2 1 0
14.1979 23.6162 23.6162 2 1 0
14.198 23.6251 23.6251 2 1 0
14.198 23.6341 23.6341 2 1 0
14.198 23.643 23.643 2 1 0
14.198 23.652 23.652 2 1 0
14.1981 23.6609 23.6609 2 1 0
14.1981 23.6699 23.6699 2 1 0
14.1981 23.6788 23.6788 2 1 0
14.1981 23.6878 23.6878 2 1 0
14.1982 23.6967 23.6967 2 1 0
14.1982 23.7056 23.7056 2 1 0
14.1982 23.7146 23.7146 2 1 0
14.1982 23.7235 23.7235 2 1 0
14.1983 23.7325 23.7325 2 1 0
14.1983 23.7414 23.7414 2 1 0
14.1983 23.7504 23.7504 2 1 0
14.1983 23.7593 23.7593 2 1 0
14.1984 23.7683 23.7683 2 1 0
14.1984 23.7772 23.7772 2 1 0
14.1984 23.7861 23.7861 2 1 0
14.1984 23.7951 23.7951 2 1 0
14.1985 23.804 23.804 2 1 0
14.1985 23.813 23.813 2 1 0
14.1985 23.8219 23.8219 2 1 0
14.1985 23.8309 23.8309 2 1 0
14.1986 23.8398 23.8398 2 1 0
14.1986 23.8488 23.8488 2 1 0
14.1986 23.8577 23.8577 2 1 0
14.1986 23.8666 23.8666 2 1 0
14.1987 23.8756 23.8756 2 1 0
14.1987 23.8845 23.8845 2 1 0
14.1987 23.8935 23.8935 2 1 0
14.1987 23.9024 23.9024 2 1 0
14.1988 23.9114 23.9114 2 1 0
14.1988 23.9203 23.9203 2 1 0
14.1988 23.9293 23.9293 2 1 0
14.1988 23.9382 23.9382 2 1 0
14.1988 23.9471 23.9471 2 1 0
14.1989 23.9561 23.9561 2 1 0
14.1989 23.965 23.965 2 1 0
14.1989 23.974 23.974 2 1 0
14.1989 23.9829 23.9829 2 1 0
14.199 23.9919 23.9919 2 1 0
14.199 24.0008 24.0008 2 1 0
14.199 24.0098 24.0098 2 1 0
14.199 24.0187 24.0187 2 1 0
14.1991 24.0276 24.0276 2 1 0
14.1991 24.0366 24.0366 2 1 0
14.1991 24.0455 24.0455 2 1 0
14.1991 24.0545 24.0545 2 1 0
14.1991 24.0634 24.0634 2 1 0
14.1992 24.0724 24.0724 2 1 0
14.1992 24.0813 24.0813 2 1 0
14.1992 24.0903 24.0903 2 1 0
14.1992 24.0992 24.0992 2 1 0
14.1993 24.1081 24.1081 2 1 0
14.1993 24.1171 24.1171 2 1 0
14.1993 24.126 24.126 2 1 0
14.1993 24.135 24.135 2 1 0
14.1994 24.1439 24.1439 2 1 0
14.1994 24.1529 24.1529 2 1 0
14.1994 24.1618 24.1618 2 1 0
14.1994 24.1708 24.1708 2 1 0
14.1994 24.1797 24.1797 2 1 0
14.1995 24.1886 24.1886 2 1 0
14.1995 24.1976 24.1976 2 1 0
14.1995 24.2065 24.2065 2 1 0
14.1995 24.2155 24.2155 2 1 0
14.1995 24.2244 24.2244 2 1 0
14.1996 24.2334 24.2334 2 1 0
14.1996 24.2423 24.2423 2 1 0
14.1996 24.2512 24.2512 2 1 0
14.1996 24.2602 24.2602 2 1 0
14.1997 24.2691 24.2691 2 1 0
14.1997 24.2781 24.2781 2 1 0
14.1997 24.287 24.287 2 1 0
14.1997 24.296 24.296 2 1 0
14.1997 24.3049 24.3049 2 1 0
14.1998 24.3139 24.3139 2 1 0
14.1998 24.3228 24.3228 2 1 0
14.1998 24.3317 24.3317 2 1 0
14.1998 24.3407 24.3407 2 1 0
14.1998 24.3496 24.3496 2 1 0
14.1999 24.3586 24.3586 2 1 0
14.1999 24.3675 24.3675 2 1 0
14.1999 24.3765 24.3765 2 1 0
14.1999 24.3854 24.3854 2 1 0
14.2 24.3944 24.3944 2 1 0
14.2 24.4033 24.4033 2 1 0
14.2 24.4122 24.4122 2 1 0
14.2 24.4212 24.4212 2 1 0
14.2 24.4301 24.4301 2 1 0
14.2001 24.4391 24.4391 2 1 0
14.2001 24.448 24.448 2 1 0
14.2001 24.457 24.457 2 1 0
14.2001 24.4659 24.4659 2 1 0
14.2001 24.4749 24.4749 2 1 0
14.2002 24.4838 24.4838 2 1 0
14.2002 24.4927 24.4927 2 1 0
14.2002 24.5017 24.5017 2 1 0
14.2002 24.5106 24.5106 2 1 0
14.2002 24.5196 24.5196 2 1 0
14.2003 24.5285 24.5285 2 1 0
14.2003 24.5375 24.5375 2 1 0
14.2003 24.5464 24.5464 2 1 0
14.2003 24.5554 24.5554 2 1 0
14.2003 24.5643 24.5643 2 1 0
14.2004 24.5732 24.5732 2 1 0
14.2004 24.5822 24.5822 2 1 0
14.2004 24.5911 24.5911 2 1 0
14.2004 24.6001 24.6001 2 1 0
14.2004 24.609 24.609 2 1 0
14.2005 24.618 24.618 2 1 0
14.2005 24.6269 24.6269 2 1 0
14.2005 24.6359 24.6359 2 1 0
14.2005 24.6448 24.6448 2 1 0
14.2005 24.6537 24.6537 2 1 0
14.2006 24.6627 24.6627 2 1 0
14.2006 24.6716 24.6716 2 1 0
14.2006 24.6806 24.6806 2 1 0
14.2006 24.6895 24.6895 2 1 0
14.2006 24.6985 24.6985 2 1 0
14.2006 24.7074 24.7074 2 1 0
14.2007 24.7164 24.7164 2 1 0
14.2007 24.7253 24.7253 2 1 0
14.2007 24.7342 24.7342 2 1 0
14.2007 24.7432 24.7432 2 1 0
14.2007 24.7521 24.7521 2 1 0
14.2008 24.7611 24.7611 2 1 0
14.2008 24.77 24.77 2 1 0
14.2008 24.779 24.779 2 1 0
14.2008 24.7879 24.7879 2 1 0
14.2008 24.7968 24.7968 2 1 0
14.2008 24.8058 24.8058 2 1 0
14.2009 24.8147 24.8147 2 1 0
14.2009 24.8237 24.8237 2 1 0
14.2009 24.8326 24.8326 2 1 0
14.2009 24.8416 24.8416 2 1 0
14.2009 24.8505 24.8505 2 1 0
14.201 24.8595 24.8595 2 1 0
14.201 24.8684 24.8684 2 1 0
14.201 24.8773 24.8773 2 1 0
14.201 24.8863 24.8863 2 1 0
14.201 24.8952 24.8952 2 1 0
14.201 24.9042 24.9042 2 1 0
14.2011 24.9131 24.9131 2 1 0
14.2011 24.9221 24.9221 2 1 0
14.2011 24.931 24.931 2 1 0
14.2011 24.94 24.94 2 1 0
14.2011 24.9489 24.9489 2 1 0
14.2012 24.9578 24.9578 2 1 0
14.2012 24.9668 24.9668 2 1 0
14.2012 24.9757 24.9757 2 1 0
14.2012 24.9847 24.9847 2 1 0
14.2012 24.9936 24.9936 2 1 0
14.2012 25.0026 25.0026 2 1 0
14.2013 25.0115 25.0115 2 1 0
14.2013 25.0205 25.0205 2 1 0
14.2013 25.0294 25.0294 2 1 0
14.2013 25.0383 25.0383 2 1 0
14.2013 25.0473 25.0473 2 1 0
14.2013 25.0562 25.0562 2 1 0
14.2014 25.0652 25.0652 2 1 0
14.2014 25.0741 25.0741 2 1 0
14.2014 25.0831 25.0831 2 1 0
14.2014 25.092 25.092 2 1 0
14.2014 25.101 25.101 2 1 0
14.2014 25.1099 25.1099 2 1 0
14.2015 25.1188 25.1188 2 1 0
14.2015 25.1278 25.1278 2 1 0
14.2015 25.1367 25.1367 2 1 0
14.2015 25.1457 25.1457 2 1 0
14.2015 25.1546 25.1546 2 1 0
14.2015 25.1636 25.1636 2 1 0
14.2016 25.1725 25.1725 2 1 0
14.2016 25.1815 25.1815 2 1 0
14.2016 25.1904 25.1904 2 1 0
14.2016 25.1993 25.1993 2 1 0
14.2016 25.2083 25.2083 2 1 0
14.2016 25.2172 25.2172 2 1 0
14.2017 25.2262 25.2262 2 1 0
14.2017 25.2351 25.2351 2 1 0
14.2017 25.2441 25.2441 2 1 0
14.2017 25.253 25.253 2 1 0
14.2017 25.262 25.262 2 1 0
14.2017 25.2709 25.2709 2 1 0
14.2018 25.2798 25.2798 2 1 0
14.2018 25.2888 25.2888 2 1 0
14.2018 25.2977 25.2977 2 1 0
14.2018 25.3067 25.3067 2 1 0
14.2018 25.3156 25.3156 2 1 0
14.2018 25.3246 25.3246 2 1 0
14.2018 25.3335 25.3335 2 1 0
14.2019 25.3424 25.3424 2 1 0
14.2019 25.3514 25.3514 2 1 0
14.2019 25.3603 25.3603 2 1 0
14.2019 25.3693 25.3693 2 1 0
14.2019 25.3782 25.3782 2 1 0
14.2019 25.3872 25.3872 2 1 0
14.202 25.3961 25.3961 2 1 0
14.202 25.4051 25.4051 2 1 0
14.202 25.414 25.414 2 1 0
14.202 25.4229 25.4229 2 1 0
14.202 25.4319 25.4319 2 1 0
14.202 25.4408 25.4408 2 1 0
14.202 25.4498 25.4498 2 1 0
14.2021 25.4587 25.4587 2 1 0
14.2021 25.4677 25.4677 2 1 0
14.2021 25.4766 25.4766 2 1 0
14.2021 25.4856 25.4856 2 1 0
14.2021 25.4945 25.4945 2 1 0
14.2021 25.5034 25.5034 2 1 0
14.2022 25.5124 25.5124 2 1 0
14.2022 25.5213 25.5213 2 1 0
14.2022 25.5303 25.5303 2 1 0
14.2022 25.5392 25.5392 2 1 0
14.2022 25.5482 25.5482 2 1 0
14.2022 25.5571 25.5571 2 1 0
14.2022 25.5661 25.5661 2 1 0
14.2023 25.575 25.575 2 1 0
14.2023 25.5839 25.5839 2 1 0
14.2023 25.5929 25.5929 2 1 0
14.2023 25.6018 25.6018 2 1 0
14.2023 25.6108 25.6108 2 1 0
14.2023 25.6197 25.6197 2 1 0
14.2023 25.6287 25.6287 2 1 0
14.2024 25.6376 25.6376 2 1 0
14.2024 25.6466 25.6466 2 1 0
14.2024 25.6555 25.6555 2 1 0
14.2024 25.6644 25.6644 2 1 0
14.2024 25.6734 25.6734 2 1 0
14.2024 25.6823 25.6823 2 1 0
14.2024 25.6913 25.6913 2 1 0
14.2025 25.7002 25.7002 2 1 0
14.2025 25.7092 25.7092 2 1 0
14.2025 25.7181 25.7181 2 1 0
14.2025 25.7271 25.7271 2 1 0
14.2025 25.736 25.736 2 1 0
14.2025 25.7449 25.7449 2 1 0
14.2025 25.7539 25.7539 2 1 0
14.2026 25.7628 25.7628 2 1 0
14.2026 25.7718 25.7718 2 1 0
14.2026 25.7807 25.7807 2 1 0
14.2026 25.7897 25.7897 2 1 0
14.2026 25.7986 25.7986 2 1 0
14.2026 25.8076 25.8076 2 1 0
14.2026 25.8165 25.8165 2 1 0
14.2026 25.8254 25.8254 2 1 0
14.2027 25.8344 25.8344 2 1 0
14.2027 25.8433 25.8433 2 1 0
14.2027 25.8523 25.8523 2 1 0
14.2027 25.8612 25.8612 2 1 0
14.2027 25.8702 25.8702 2 1 0
14.2027 25.8791 25.8791 2 1 0
14.2027 25.888 25.888 2 1 0
14.2028 25.897 25.897 2 1 0
14.2028 25.9059 25.9059 2 1 0
14.2028 25.9149 25.9149 2 1 0
14.2028 25.9238 25.9238 2 1 0
14.2028 25.9328 25.9328 2 1 0
14.2028 25.9417 25.9417 2 1 0
14.2028 25.9507 25.9507 2 1 0
14.2028 25.9596 25.9596 2 1 0
14.2029 25.9685 25.9685 2 1 0
14.2029 25.9775 25.9775 2 1 0
14.2029 25.9864 25.9864 2 1 0
14.2029 25.9954 25.9954 2 1 0
14.2029 26.0043 26.0043 2 1 0
14.2029 26.0133 26.0133 2 1 0
14.2029 26.0222 26.0222 2 1 0
14.2029 26.0312 26.0312 2 1 0
14.203 26.0401 26.0401 2 1 0
14.203 26.049 26.049 2 1 0
14.203 26.058 26.058 2 1 0
14.203 26.0669 26.0669 2 1 0
14.203 26.0759 26.0759 2 1 0
14.203 26.0848 26.0848 2 1 0
14.203 26.0938 26.0938 2 1 0
14.203 26.1027 26.1027 2 1 0
14.2031 26.1117 26.1117 2 1 0
14.2031 26.1206 26.1206 2 1 0
14.2031 26.1295 26.1295 2 1 0
14.2031 26.1385 26.1385 2 1 0
14.2031 26.1474 26.1474 2 1 0
14.2031 26.1564 26.1564 2 1 0
14.2031 26.1653 26.1653 2 1 0
14.2031 26.1743 26.1743 2 1 0
14.2032 26.1832 26.1832 2 1 0
14.2032 26.1922 26.1922 2 1 0
14.2032 26.2011 26.2011 2 1 0
14.2032 26.21 26.21 2 1 0
14.2032 26.219 26.219 2 1 0
14.2032 26.2279 26.2279 2 1 0
14.2032 26.2369 26.2369 2 1 0
14.2032 26.2458 26.2458 2 1 0
14.2033 26.2548 26.2548 2 1 0
14.2033 26.2637 26.2637 2 1 0
14.2033 26.2727 26.2727 2 1 0
14.2033 26.2816 26.2816 2 1 0
14.2033 26.2905 26.2905 2 1 0
14.2033 26.2995 26.2995 2 1 0
14.2033 26.3084 26.3084 2 1 0
14.2033 26.3174 26.3174 2 1 0
14.2033 26.3263 26.3263 2 1 0
14.2034 26.3353 26.3353 2 1 0
14.2034 26.3442 26.3442 2 1 0
14.2034 26.3532 26.3532 2 1 0
14.2034 26.3621 26.3621 2 1 0
14.2034 26.371 26.371 2 1 0
14.2034 26.38 26.38 2 1 0
14.2034 26.3889 26.3889 2 1 0
14.2034 26.3979 26.3979 2 1 0
14.2035 26.4068 26.4068 2 1 0
14.2035 26.4158 26.4158 2 1 0
14.2035 26.4247 26.4247 2 1 0
14.2035 26.4337 26.4337 2 1 0
14.2035 26.4426 26.4426 2 1 0
14.2035 26.4515 26.4515 2 1 0
14.2035 26.4605 26.4605 2 1 0
14.2035 26.4694 26.4694 2 1 0
14.2035 26.4784 26.4784 2 1 0
14.2036 26.4873 26.4873 2 1 0
14.2036 26.4963 26.4963 2 1 0
14.2036 26.5052 26.5052 2 1 0
14.2036 26.5141 26.5141 2 1 0
14.2036 26.5231 26.5231 2 1 0
14.2036 26.532 26.532 2 1 0
14.2036 26.541 26.541 2 1 0
14.2036 26.5499 26.5499 2 1 0
14.2036 26.5589 26.5589 2 1 0
14.2037 26.5678 26.5678 2 1 0
14.2037 26.5768 26.5768 2 1 0
14.2037 26.5857 26.5857 2 1 0
14.2037 26.5946 26.5946 2 1 0
14.2037 26.6036 26.6036 2 1 0
14.2037 26.6125 26.6125 2 1 0
14.2037 26.6215 26.6215 2 1 0
14.2037 26.6304 26.6304 2 1 0
14.2037 26.6394 26.6394 2 1 0
14.2037 26.6483 26.6483 2 1 0
14.2038 26.6573 26.6573 2 1 0
14.2038 26.6662 26.6662 2 1 0
14.2038 26.6751 26.6751 2 1 0
14.2038 26.6841 26.6841 2 1 0
14.2038 26.693 26.693 2 1 0
14.2038 26.702 26.702 2 1 0
14.2038 26.7109 26.7109 2 1 0
14.2038 26.7199 26.7199 2 1 0
14.2038 26.7288 26.7288 2 1 0
14.2039 26.7378 26.7378 2 1 0
14.2039 26.7467 26.7467 2 1 0
14.2039 26.7556 26.7556 2 1 0
14.2039 26.7646 26.7646 2 1 0
14.2039 26.7735 26.7735 2 1 0
14.2039 26.7825 26.7825 2 1 0
14.2039 26.7914 26.7914 2 1 0
14.2039 26.8004 26.8004 2 1 0
14.2039 26.8093 26.8093 2 1 0
14.2039 26.8183 26.8183 2 1 0
14.204 26.8272 26.8272 2 1 0
14.204 26.8361 26.8361 2 1 0
14.204 26.8451 26.8451 2 1 0
14.204 26.854 26.854 2 1 0
14.204 26.863 26.863 2 1 0
14.204 26.8719 26.8719 2 1 0
14.204 26.8809 26.8809 2 1 0
14.204 26.8898 26.8898 2 1 0
14.204 26.8988 26.8988 2 1 0
14.204 26.9077 26.9077 2 1 0
14.2041 26.9166 26.9166 2 1 0
14.2041 26.9256 26.9256 2 1 0
14.2041 26.9345 26.9345 2 1 0
14.2041 26.9435 26.9435 2 1 0
14.2041 26.9524 26.9524 2 1 0
14.2041 26.9614 26.9614 2 1 0
14.2041 26.9703 26.9703 2 1 0
14.2041 26.9793 26.9793 2 1 0
14.2041 26.9882 26.9882 2 1 0
14.2041 26.9971 26.9971 2 1 0
14.2041 27.0061 27.0061 2 1 0
14.2042 27.015 27.015 2 1 0
14.2042 27.024 27.024 2 1 0
14.2042 27.0329 27.0329 2 1 0
14.2042 27.0419 27.0419 2 1 0
14.2042 27.0508 27.0508 2 1 0
14.2042 27.0597 27.0597 2 1 0
14.2042 27.0687 27.0687 2 1 0
14.2042 27.0776 27.0776 2 1 0
14.2042 27.0866 27.0866 2 1 0
14.2042 27.0955 27.0955 2 1 0
14.2042 27.0955 27.0955 2 1 0
14.2043 27.1134 27.1134 2 1 0
14.2043 27.1224 27.1224 2 1 0
14.2043 27.1313 27.1313 2 1 0
14.2043 27.1402 27.1402 2 1 0
14.2043 27.1492 27.1492 2 1 0
14.2043 27.1581 27.1581 2 1 0
14.2043 27.1671 27.1671 2 1 0
14.2043 27.176 27.176 2 1 0
14.2043 27.185 27.185 2 1 0
14.2043 27.1939 27.1939 2 1 0
14.2043 27.2029 27.2029 2 1 0
14.2044 27.2118 27.2118 2 1 0
14.2044 27.2207 27.2207 2 1 0
14.2044 27.2297 27.2297 2 1 0
14.2044 27.2386 27.2386 2 1 0
14.2044 27.2476 27.2476 2 1 0
14.2044 27.2565 27.2565 2 1 0
14.2044 27.2655 27.2655 2 1 0
14.2044 27.2744 27.2744 2 1 0
14.2044 27.2834 27.2834 2 1 0
14.2044 27.2923 27.2923 2 1 0
14.2044 27.3012 27.3012 2 1 0
14.2045 27.3102 27.3102 2 1 0
14.2045 27.3191 27.3191 2 1 0
14.2045 27.3281 27.3281 2 1 0
14.2045 27.337 27.337 2 1 0
14.2045 27.346 27.346 2 1 0
14.2045 27.3549 27.3549 2 1 0
14.2045 27.3639 27.3639 2 1 0
14.2045 27.3728 27.3728 2 1 0
14.2045 27.3817 27.3817 2 1 0
14.2045 27.3907 27.3907 2 1 0
14.2045 27.3996 27.3996 2 1 0
14.2045 27.4086 27.4086 2 1 0
14.2046 27.4175 27.4175 2 1 0
14.2046 27.4265 27.4265 2 1 0
14.2046 27.4354 27.4354 2 1 0
14.2046 27.4444 27.4444 2 1 0
14.2046 27.4533 27.4533 2 1 0
14.2046 27.4622 27.4622 2 1 0
14.2046 27.4712 27.4712 2 1 0
14.2046 27.4801 27.4801 2 1 0
14.2046 27.4891 27.4891 2 1 0
14.2046 27.498 27.498 2 1 0
14.2046 27.507 27.507 2 1 0
14.2046 27.5159 27.5159 2 1 0
14.2047 27.5249 27.5249 2 1 0
14.2047 27.5338 27.5338 2 1 0
14.2047 27.5427 27.5427 2 1 0
14.2047 27.5517 27.5517 2 1 0
14.2047 27.5606 27.5606 2 1 0
14.2047 27.5696 27.5696 2 1 0
14.2047 27.5785 27.5785 2 1 0
14.2047 27.5875 27.5875 2 1 0
14.2047 27.5964 27.5964 2 1 0
14.2047 27.6053 27.6053 2 1 0
14.2047 27.6143 27.6143 2 1 0
14.2047 27.6232 27.6232 2 1 0
14.2047 27.6322 27.6322 2 1 0
14.2048 27.6411 27.6411 2 1 0
14.2048 27.6501 27.6501 2 1 0
14.2048 27.659 27.659 2 1 0
14.2048 27.668 27.668 2 1 0
14.2048 27.6769 27.6769 2 1 0
14.2048 27.6858 27.6858 2 1 0
14.2048 27.6948 27.6948 2 1 0
14.2048 27.7037 27.7037 2 1 0
14.2048 27.7127 27.7127 2 1 0
14.2048 27.7216 27.7216 2 1 0
14.2048 27.7306 27.7306 2 1 0
14.2048 27.7395 27.7395 2 1 0
14.2048 27.7485 27.7485 2 1 0
14.2049 27.7574 27.7574 2 1 0
14.2049 27.7663 27.7663 2 1 0
14.2049 27.7753 27.7753 2 1 0
14.2049 27.7842 27.7842 2 1 0
14.2049 27.7932 27.7932 2 1 0
14.2049 27.8021 27.8021 2 1 0
14.2049 27.8111 27.8111 2 1 0
14.2049 27.82 27.82 2 1 0
14.2049 27.829 27.829 2 1 0
14.2049 27.8379 27.8379 2 1 0
14.2049 27.8468 27.8468 2 1 0
14.2049 27.8558 27.8558 2 1 0
14.2049 27.8647 27.8647 2 1 0
14.205 27.8737 27.8737 2 1 0
14.205 27.8826 27.8826 2 1 0
14.205 27.8916 27.8916 2 1 0
14.205 27.9005 27.9005 2 1 0
14.205 27.9095 27.9095 2 1 0
14.205 27.9184 27.9184 2 1 0
14.205 27.9273 27.9273 2 1 0
14.205 27.9363 27.9363 2 1 0
14.205 27.9452 27.9452 2 1 0
14.205 27.9542 27.9542 2 1 0
14.205 27.9631 27.9631 2 1 0
14.205 27.9721 27.9721 2 1 0
14.205 27.981 27.981 2 1 0
14.205 27.99 27.99 2 1 0
14.2051 27.9989 27.9989 2 1 0
14.2051 28.0078 28.0078 2 1 0
14.2051 28.0168 28.0168 2 1 0
14.2051 28.0257 28.0257 2 1 0
14.2051 28.0347 28.0347 2 1 0
14.2051 28.0436 28.0436 2 1 0
14.2051 28.0526 28.0526 2 1 0
14.2051 28.0615 28.0615 2 1 0
14.2051 28.0705 28.0705 2 1 0
14.2051 28.0794 28.0794 2 1 0
14.2051 28.0883 28.0883 2 1 0
14.2051 28.0973 28.0973 2 1 0
14.2051 28.1062 28.1062 2 1 0
14.2051 28.1152 28.1152 2 1 0
14.2052 28.1241 28.1241 2 1 0
14.2052 28.1331 28.1331 2 1 0
14.2052 28.142 28.142 2 1 0
14.2052 28.151 28.151 2 1 0
14.2052 28.1599 28.1599 2 1 0
14.2052 28.1688 28.1688 2 1 0
14.2052 28.1778 28.1778 2 1 0
14.2052 28.1867 28.1867 2 1 0
14.2052 28.1957 28.1957 2 1 0
14.2052 28.2046 28.2046 2 1 0
14.2052 28.2136 28.2136 2 1 0
14.2052 28.2225 28.2225 2 1 0
14.2052 28.2314 28.2314 2 1 0
14.2052 28.2404 28.2404 2 1 0
14.2052 28.2493 28.2493 2 1 0
14.2053 28.2583 28.2583 2 1 0
14.2053 28.2672 28.2672 2 1 0
14.2053 28.2762 28.2762 2 1 0
14.2053 28.2851 28.2851 2 1 0
14.2053 28.2941 28.2941 2 1 0
14.2053 28.303 28.303 2 1 0
14.2053 28.3119 28.3119 2 1 0
14.2053 28.3209 28.3209 2 1 0
14.2053 28.3298 28.3298 2 1 0
14.2053 28.3388 28.3388 2 1 0
14.2053 28.3477 28.3477 2 1 0
14.2053 28.3567 28.3567 2 1 0
14.2053 28.3656 28.3656 2 1 0
14.2053 28.3746 28.3746 2 1 0
14.2053 28.3835 28.3835 2 1 0
14.2053 28.3924 28.3924 2 1 0
14.2054 28.4014 28.4014 2 1 0
14.2054 28.4103 28.4103 2 1 0
14.2054 28.4193 28.4193 2 1 0
14.2054 28.4282 28.4282 2 1 0
14.2054 28.4372 28.4372 2 1 0
14.2054 28.4461 28.4461 2 1 0
14.2054 28.4551 28.4551 2 1 0
14.2054 28.464 28.464 2 1 0
14.2054 28.4729 28.4729 2 1 0
14.2054 28.4819 28.4819 2 1 0
14.2054 28.4908 28.4908 2 1 0
14.2054 28.4998 28.4998 2 1 0
14.2054 28.5087 28.5087 2 1 0
14.2054 28.5177 28.5177 2 1 0
14.2054 28.5266 28.5266 2 1 0
14.2054 28.5356 28.5356 2 1 0
14.2054 28.5445 28.5445 2 1 0
14.2055 28.5534 28.5534 2 1 0
14.2055 28.5624 28.5624 2 1 0
14.2055 28.5713 28.5713 2 1 0
14.2055 28.5803 28.5803 2 1 0
14.2055 28.5892 28.5892 2 1 0
14.2055 28.5982 28.5982 2 1 0
14.2055 28.6071 28.6071 2 1 0
14.2055 28.6161 28.6161 2 1 0
14.2055 28.625 28.625 2 1 0
14.2055 28.6339 28.6339 2 1 0
14.2055 28.6429 28.6429 2 1 0
14.2055 28.6518 28.6518 2 1 0
14.2055 28.6608 28.6608 2 1 0
14.2055 28.6697 28.6697 2 1 0
14.2055 28.6787 28.6787 2 1 0
14.2055 28.6876 28.6876 2 1 0
14.2055 28.6966 28.6966 2 1 0
14.2056 28.7055 28.7055 2 1 0
14.2056 28.7144 28.7144 2 1 0
14.2056 28.7234 28.7234 2 1 0
14.2056 28.7323 28.7323 2 1 0
14.2056 28.7413 28.7413 2 1 0
14.2056 28.7502 28.7502 2 1 0
14.2056 28.7592 28.7592 2 1 0
14.2056 28.7681 28.7681 2 1 0
14.2056 28.777 28.777 2 1 0
14.2056 28.786 28.786 2 1 0
14.2056 28.7949 28.7949 2 1 0
14.2056 28.8039 28.8039 2 1 0
14.2056 28.8128 28.8128 2 1 0
14.2056 28.8218 28.8218 2 1 0
14.2056 28.8307 28.8307 2 1 0
14.2056 28.8397 28.8397 2 1 0
14.2056 28.8486 28.8486 2 1 0
14.2056 28.8575 28.8575 2 1 0
14.2057 28.8665 28.8665 2 1 0
14.2057 28.8754 28.8754 2 1 0
14.2057 28.8844 28.8844 2 1 0
14.2057 28.8933 28.8933 2 1 0
14.2057 28.9023 28.9023 2 1 0
14.2057 28.9112 28.9112 2 1 0
14.2057 28.9202 28.9202 2 1 0
14.2057 28.9291 28.9291 2 1 0
14.2057 28.938 28.938 2 1 0
14.2057 28.947 28.947 2 1 0
14.2057 28.9559 28.9559 2 1 0
14.2057 28.9649 28.9649 2 1 0
14.2057 28.9738 28.9738 2 1 0
14.2057 28.9828 28.9828 2 1 0
14.2057 28.9917 28.9917 2 1 0
14.2057 29.0007 29.0007 2 1 0
14.2057 29.0096 29.0096 2 1 0
14.2057 29.0185 29.0185 2 1 0
14.2057 29.0275 29.0275 2 1 0
14.2058 29.0364 29.0364 2 1 0
14.2058 29.0454 29.0454 2 1 0
14.2058 29.0543 29.0543 2 1 0
14.2058 29.0633 29.0633 2 1 0
14.2058 29.0722 29.0722 2 1 0
14.2058 29.0812 29.0812 2 1 0
14.2058 29.0901 29.0901 2 1 0
14.2058 29.099 29.099 2 1 0
14.2058 29.108 29.108 2 1 0
14.2058 29.1169 29.1169 2 1 0
14.2058 29.1259 29.1259 2 1 0
14.2058 29.1348 29.1348 2 1 0
14.2058 29.1438 29.1438 2 1 0
14.2058 29.1527 29.1527 2 1 0
14.2058 29.1617 29.1617 2 1 0
14.2058 29.1706 29.1706 2 1 0
14.2058 29.1795 29.1795 2 1 0
14.2058 29.1885 29.1885 2 1 0
14.2058 29.1974 29.1974 2 1 0
14.2058 29.2064 29.2064 2 1 0
14.2059 29.2153 29.2153 2 1 0
14.2059 29.2243 29.2243 2 1 0
14.2059 29.2332 29.2332 2 1 0
14.2059 29.2422 29.2422 2 1 0
14.2059 29.2511 29.2511 2 1 0
14.2059 29.26 29.26 2 1 0
14.2059 29.269 29.269 2 1 0
14.2059 29.2779 29.2779 2 1 0
14.2059 29.2869 29.2869 2 1 0
14.2059 29.2958 29.2958 2 1 0
14.2059 29.3048 29.3048 2 1 0
14.2059 29.3137 29.3137 2 1 0
14.2059 29.3227 29.3227 2 1 0
14.2059 29.3316 29.3316 2 1 0
14.2059 29.3405 29.3405 2 1 0
14.2059 29.3495 29.3495 2 1 0
14.2059 29.3584 29.3584 2 1 0
14.2059 29.3674 29.3674 2 1 0
14.2059 29.3763 29.3763 2 1 0
14.2059 29.3853 29.3853 2 1 0
14.2059 29.3942 29.3942 2 1 0
14.206 29.4031 29.4031 2 1 0
14.206 29.4121 29.4121 2 1 0
14.206 29.421 29.421 2 1 0
14.206 29.43 29.43 2 1 0
14.206 29.4389 29.4389 2 1 0
14.206 29.4479 29.4479 2 1 0
14.206 29.4568 29.4568 2 1 0
14.206 29.4658 29.4658 2 1 0
14.206 29.4747 29.4747 2 1 0
14.206 29.4836 29.4836 2 1 0
14.206 29.4926 29.4926 2 1 0
14.206 29.5015 29.5015 2 1 0
14.206 29.5105 29.5105 2 1 0
14.206 29.5194 29.5194 2 1 0
14.206 29.5284 29.5284 2 1 0
14.206 29.5373 29.5373 2 1 0
14.206 29.5463 29.5463 2 1 0
14.206 29.5552 29.5552 2 1 0
14.206 29.5641 29.5641 2 1 0
14.206 29.5731 29.5731 2 1 0
14.206 29.582 29.582 2 1 0
14.206 29.591 29.591 2 1 0
14.2061 29.5999 29.5999 2 1 0
14.2061 29.6089 29.6089 2 1 0
14.2061 29.6178 29.6178 2 1 0
14.2061 29.6268 29.6268 2 1 0
14.2061 29.6357 29.6357 2 1 0
14.2061 29.6446 29.6446 2 1 0
14.2061 29.6536 29.6536 2 1 0
14.2061 29.6625 29.6625 2 1 0
14.2061 29.6715 29.6715 2 1 0
14.2061 29.6804 29.6804 2 1 0
14.2061 29.6894 29.6894 2 1 0
14.2061 29.6983 29.6983 2 1 0
14.2061 29.7073 29.7073 2 1 0
14.2061 29.7162 29.7162 2 1 0
14.2061 29.7251 29.7251 2 1 0
14.2061 29.7341 29.7341 2 1 0
14.2061 29.743 29.743 2 1 0
14.2061 29.752 29.752 2 1 0
14.2061 29.7609 29.7609 2 1 0
14.2061 29.7699 29.7699 2 1 0
14.2061 29.7788 29.7788 2 1 0
14.2061 29.7878 29.7878 2 1 0
14.2061 29.7967 29.7967 2 1 0
14.2061 29.8056 29.8056 2 1 0
14.2062 29.8146 29.8146 2 1 0
14.2062 29.8235 29.8235 2 1 0
14.2062 29.8325 29.8325 2 1 0
14.2062 29.8414 29.8414 2 1 0
14.2062 29.8504 29.8504 2 1 0
14.2062 29.8593 29.8593 2 1 0
14.2062 29.8683 29.8683 2 1 0
14.2062 29.8772 29.8772 2 1 0
14.2062 29.8861 29.8861 2 1 0
14.2062 29.8951 29.8951 2 1 0
14.2062 29.904 29.904 2 1 0
14.2062 29.913 29.913 2 1 0
14.2062 29.9219 29.9219 2 1 0
14.2062 29.9309 29.9309 2 1 0
14.2062 29.9398 29.9398 2 1 0
14.2062 29.9487 29.9487 2 1 0
14.2062 29.9577 29.9577 2 1 0
14.2062 29.9666 29.9666 2 1 0
14.2062 29.9756 29.9756 2 1 0
14.2062 29.9845 29.9845 2 1 0
14.2062 29.9935 29.9935 2 1 0
14.2062 30.0024 30.0024 2 1 0
14.2062 30.0114 30.0114 2 1 0
14.2062 30.0203 30.0203 2 1 0
14.2062 30.0292 30.0292 2 1 0
14.2063 30.0382 30.0382 2 1 0
14.2063 30.0471 30.0471 2 1 0
14.2063 30.0561 30.0561 2 1 0
14.2063 30.065 30.065 2 1 0
14.2063 30.074 30.074 2 1 0
14.2063 30.0829 30.0829 2 1 0
14.2063 30.0919 30.0919 2 1 0
14.2063 30.1008 30.1008 2 1 0
14.2063 30.1097 30.1097 2 1 0
14.2063 30.1187 30.1187 2 1 0
14.2063 30.1276 30.1276 2 1 0
14.2063 30.1366 30.1366 2 1 0
14.2063 30.1455 30.1455 2 1 0
14.2063 30.1545 30.1545 2 1 0
14.2063 30.1634 30.1634 2 1 0
14.2063 30.1724 30.1724 2 1 0
14.2063 30.1813 30.1813 2 1 0
14.2063 30.1902 30.1902 2 1 0
14.2063 30.1992 30.1992 2 1 0
14.2063 30.2081 30.2081 2 1 0
14.2063 30.2171 30.2171 2 1 0
14.2063 30.226 30.226 2 1 0
14.2063 30.235 30.235 2 1 0
14.2063 30.2439 30.2439 2 1 0
14.2063 30.2529 30.2529 2 1 0
14.2063 30.2618 30.2618 2 1 0
14.2063 30.2707 30.2707 2 1 0
14.2064 30.2797 30.2797 2 1 0
14.2064 30.2886 30.2886 2 1 0
14.2064 30.2976 30.2976 2 1 0
14.2064 30.3065 30.3065 2 1 0
14.2064 30.3155 30.3155 2 1 0
14.2064 30.3244 30.3244 2 1 0
14.2064 30.3334 30.3334 2 1 0
14.2064 30.3423 30.3423 2 1 0
14.2064 30.3512 30.3512 2 1 0
14.2064 30.3602 30.3602 2 1 0
14.2064 30.3691 30.3691 2 1 0
14.2064 30.3781 30.3781 2 1 0
14.2064 30.387 30.387 2 1 0
14.2064 30.396 30.396 2 1 0
14.2064 30.4049 30.4049 2 1 0
14.2064 30.4139 30.4139 2 1 0
14.2064 30.4228 30.4228 2 1 0
14.2064 30.4317 30.4317 2 1 0
14.2064 30.4407 30.4407 2 1 0
14.2064 30.4496 30.4496 2 1 0
14.2064 30.4586 30.4586 2 1 0
14.2064 30.4675 30.4675 2 1 0
14.2064 30.4765 30.4765 2 1 0
14.2064 30.4854 30.4854 2 1 0
14.2064 30.4944 30.4944 2 1 0
14.2064 30.5033 30.5033 2 1 0
14.2064 30.5122 30.5122 2 1 0
14.2064 30.5212 30.5212 2 1 0
14.2064 30.5301 30.5301 2 1 0
14.2065 30.5391 30.5391 2 1 0
14.2065 30.548 30.548 2 1 0
14.2065 30.557 30.557 2 1 0
14.2065 30.5659 30.5659 2 1 0
14.2065 30.5748 30.5748 2 1 0
14.2065 30.5838 30.5838 2 1 0
14.2065 30.5927 30.5927 2 1 0
14.2065 30.6017 30.6017 2 1 0
14.2065 30.6106 30.6106 2 1 0
14.2065 30.6196 30.6196 2 1 0
14.2065 30.6285 30.6285 2 1 0
14.2065 30.6375 30.6375 2 1 0
14.2065 30.6464 30.6464 2 1 0
14.2065 30.6553 30.6553 2 1 0
14.2065 30.6643 30.6643 2 1 0
14.2065 30.6732 30.6732 2 1 0
14.2065 30.6822 30.6822 2 1 0
14.2065 30.6911 30.6911 2 1 0
14.2065 30.7001 30.7001 2 1 0
14.2065 30.709 30.709 2 1 0
14.2065 30.718 30.718 2 1 0
14.2065 30.7269 30.7269 2 1 0
14.2065 30.7358 30.7358 2 1 0
14.2065 30.7448 30.7448 2 1 0
14.2065 30.7537 30.7537 2 1 0
14.2065 30.7627 30.7627 2 1 0
14.2065 30.7716 30.7716 2 1 0
14.2065 30.7806 30.7806 2 1 0
14.2065 30.7895 30.7895 2 1 0
14.2065 30.7985 30.7985 2 1 0
14.2065 30.8074 30.8074 2 1 0
14.2065 30.8163 30.8163 2 1 0
14.2066 30.8253 30.8253 2 1 0
14.2066 30.8342 30.8342 2 1 0
14.2066 30.8432 30.8432 2 1 0
14.2066 30.8521 30.8521 2 1 0
14.2066 30.8611 30.8611 2 1 0
14.2066 30.87 30.87 2 1 0
14.2066 30.879 30.879 2 1 0
14.2066 30.8879 30.8879 2 1 0
14.2066 30.8968 30.8968 2 1 0
14.2066 30.9058 30.9058 2 1 0
14.2066 30.9147 30.9147 2 1 0
14.2066 30.9237 30.9237 2 1 0
14.2066 30.9326 30.9326 2 1 0
14.2066 30.9416 30.9416 2 1 0
14.2066 30.9505 30.9505 2 1 0
14.2066 30.9595 30.9595 2 1 0
14.2066 30.9684 30.9684 2 1 0
14.2066 30.9773 30.9773 2 1 0
14.2066 30.9863 30.9863 2 1 0
14.2066 30.9952 30.9952 2 1 0
14.2066 31.0042 31.0042 2 1 0
14.2066 31.0131 31.0131 2 1 0
14.2066 31.0221 31.0221 2 1 0
14.2066 31.031 31.031 2 1 0
14.2066 31.04 31.04 2 1 0
14.2066 31.0489 31.0489 2 1 0
14.2066 31.0578 31.0578 2 1 0
14.2066 31.0668 31.0668 2 1 0
14.2066 31.0757 31.0757 2 1 0
14.2066 31.0847 31.0847 2 1 0
14.2066 31.0936 31.0936 2 1 0
14.2066 31.1026 31.1026 2 1 0
14.2066 31.1115 31.1115 2 1 0
14.2066 31.1204 31.1204 2 1 0
14.2066 31.1294 31.1294 2 1 0
14.2067 31.1383 31.1383 2 1 0
14.2067 31.1473 31.1473 2 1 0
14.2067 31.1562 31.1562 2 1 0
14.2067 31.1652 31.1652 2 1 0
14.2067 31.1741 31.1741 2 1 0
14.2067 31.1831 31.1831 2 1 0
14.2067 31.192 31.192 2 1 0
14.2067 31.2009 31.2009 2 1 0
14.2067 31.2099 31.2099 2 1 0
14.2067 31.2188 31.2188 2 1 0
14.2067 31.2278 31.2278 2 1 0
14.2067 31.2367 31.2367 2 1 0
14.2067 31.2457 31.2457 2 1 0
14.2067 31.2546 31.2546 2 1 0
14.2067 31.2636 31.2636 2 1 0
14.2067 31.2725 31.2725 2 1 0
14.2067 31.2814 31.2814 2 1 0
14.2067 31.2904 31.2904 2 1 0
14.2067 31.2993 31.2993 2 1 0
14.2067 31.3083 31.3083 2 1 0
14.2067 31.3172 31.3172 2 1 0
14.2067 31.3262 31.3262 2 1 0
14.2067 31.3351 31.3351 2 1 0
14.2067 31.3441 31.3441 2 1 0
14.2067 31.353 31.353 2 1 0
14.2067 31.3619 31.3619 2 1 0
14.2067 31.3709 31.3709 2 1 0
14.2067 31.3798 31.3798 2 1 0
14.2067 31.3888 31.3888 2 1 0
14.2067 31.3977 31.3977 2 1 0
14.2067 31.4067 31.4067 2 1 0
14.2067 31.4156 31.4156 2 1 0
14.2067 31.4246 31.4246 2 1 0
14.2067 31.4335 31.4335 2 1 0
14.2067 31.4424 31.4424 2 1 0
14.2067 31.4514 31.4514 2 1 0
14.2067 31.4603 31.4603 2 1 0
14.2067 31.4693 31.4693 2 1 0
14.2068 31.4782 31.4782 2 1 0
14.2068 31.4872 31.4872 2 1 0
14.2068 31.4961 31.4961 2 1 0
14.2068 31.5051 31.5051 2 1 0
14.2068 31.514 31.514 2 1 0
14.2068 31.5229 31.5229 2 1 0
14.2068 31.5319 31.5319 2 1 0
14.2068 31.5408 31.5408 2 1 0
14.2068 31.5498 31.5498 2 1 0
14.2068 31.5587 31.5587 2 1 0
14.2068 31.5677 31.5677 2 1 0
14.2068 31.5766 31.5766 2 1 0
14.2068 31.5856 31.5856 2 1 0
14.2068 31.5945 31.5945 2 1 0
14.2068 31.6034 31.6034 2 1 0
14.2068 31.6124 31.6124 2 1 0
14.2068 31.6213 31.6213 2 1 0
14.2068 31.6303 31.6303 2 1 0
14.2068 31.6392 31.6392 2 1 0
14.2068 31.6482 31.6482 2 1 0
14.2068 31.6571 31.6571 2 1 0
14.2068 31.666 31.666 2 1 0
14.2068 31.675 31.675 2 1 0
14.2068 31.6839 31.6839 2 1 0
14.2068 31.6929 31.6929 2 1 0
14.2068 31.7018 31.7018 2 1 0
14.2068 31.7108 31.7108 2 1 0
14.2068 31.7197 31.7197 2 1 0
14.2068 31.7287 31.7287 2 1 0
14.2068 31.7376 31.7376 2 1 0
14.2068 31.7465 31.7465 2 1 0
14.2068 31.7555 31.7555 2 1 0
14.2068 31.7644 31.7644 2 1 0
14.2068 31.7734 31.7734 2 1 0
14.2068 31.7823 31.7823 2 1 0
14.2068 31.7913 31.7913 2 1 0
14.2068 31.8002 31.8002 2 1 0
14.2068 31.8092 31.8092 2 1 0
14.2068 31.8181 31.8181 2 1 0
14.2068 31.827 31.827 2 1 0
14.2068 31.836 31.836 2 1 0
14.2068 31.8449 31.8449 2 1 0
14.2068 31.8539 31.8539 2 1 0
14.2069 31.8628 31.8628 2 1 0
14.2069 31.8718 31.8718 2 1 0
14.2069 31.8807 31.8807 2 1 0
14.2069 31.8897 31.8897 2 1 0
14.2069 31.8986 31.8986 2 1 0
14.2069 31.9075 31.9075 2 1 0
14.2069 31.9165 31.9165 2 1 0
14.2069 31.9254 31.9254 2 1 0
14.2069 31.9344 31.9344 2 1 0
14.2069 31.9433 31.9433 2 1 0
14.2069 31.9523 31.9523 2 1 0
14.2069 31.9612 31.9612 2 1 0
14.2069 31.9702 31.9702 2 1 0
14.2069 31.9791 31.9791 2 1 0
14.2069 31.988 31.988 2 1 0
14.2069 31.997 31.997 2 1 0
14.2069 32.0059 32.0059 2 1 0
14.2069 32.0149 32.0149 2 1 0
14.2069 32.0238 32.0238 2 1 0
14.2069 32.0328 32.0328 2 1 0
14.2069 32.0417 32.0417 2 1 0
14.2069 32.0507 32.0507 2 1 0
14.2069 32.0596 32.0596 2 1 0
14.2069 32.0685 32.0685 2 1 0
14.2069 32.0775 32.0775 2 1 0
14.2069 32.0864 32.0864 2 1 0
14.2069 32.0954 32.0954 2 1 0
14.2069 32.1043 32.1043 2 1 0
14.2069 32.1133 32.1133 2 1 0
14.2069 32.1222 32.1222 2 1 0
14.2069 32.1312 32.1312 2 1 0
14.2069 32.1401 32.1401 2 1 0
14.2069 32.149 32.149 2 1 0
14.2069 32.158 32.158 2 1 0
14.2069 32.1669 32.1669 2 1 0
14.2069 32.1759 32.1759 2 1 0
14.2069 32.1848 32.1848 2 1 0
14.2069 32.1938 32.1938 2 1 0
14.2069 32.2027 32.2027 2 1 0
14.2069 32.2117 32.2117 2 1 0
14.2069 32.2206 32.2206 2 1 0
14.2069 32.2295 32.2295 2 1 0
14.2069 32.2385 32.2385 2 1 0
14.2069 32.2474 32.2474 2 1 0
14.2069 32.2564 32.2564 2 1 0
14.2069 32.2653 32.2653 2 1 0
14.2069 32.2743 32.2743 2 1 0
14.2069 32.2832 32.2832 2 1 0
14.2069 32.2921 32.2921 2 1 0
14.207 32.3011 32.3011 2 1 0
14.207 32.31 32.31 2 1 0
14.207 32.319 32.319 2 1 0
14.207 32.3279 32.3279 2 1 0
14.207 32.3369 32.3369 2 1 0
14.207 32.3458 32.3458 2 1 0
14.207 32.3548 32.3548 2 1 0
14.207 32.3637 32.3637 2 1 0
14.207 32.3726 32.3726 2 1 0
14.207 32.3816 32.3816 2 1 0
14.207 32.3905 32.3905 2 1 0
14.207 32.3995 32.3995 2 1 0
14.207 32.4084 32.4084 2 1 0
14.207 32.4174 32.4174 2 1 0
14.207 32.4263 32.4263 2 1 0
14.207 32.4353 32.4353 2 1 0
14.207 32.4442 32.4442 2 1 0
14.207 32.4531 32.4531 2 1 0
14.207 32.4621 32.4621 2 1 0
14.207 32.471 32.471 2 1 0
14.207 32.48 32.48 2 1 0
14.207 32.4889 32.4889 2 1 0
14.207 32.4979 32.4979 2 1 0
14.207 32.5068 32.5068 2 1 0
14.207 32.5158 32.5158 2 1 0
14.207 32.5247 32.5247 2 1 0
14.207 32.5336 32.5336 2 1 0
14.207 32.5426 32.5426 2 1 0
14.207 32.5515 32.5515 2 1 0
14.207 32.5605 32.5605 2 1 0
14.207 32.5694 32.5694 2 1 0
14.207 32.5784 32.5784 2 1 0
14.207 32.5873 32.5873 2 1 0
14.207 32.5963 32.5963 2 1 0
14.207 32.6052 32.6052 2 1 0
14.207 32.6141 32.6141 2 1 0
14.207 32.6231 32.6231 2 1 0
14.207 32.632 32.632 2 1 0
14.207 32.641 32.641 2 1 0
14.207 32.6499 32.6499 2 1 0
14.207 32.6589 32.6589 2 1 0
14.207 32.6678 32.6678 2 1 0
14.207 32.6768 32.6768 2 1 0
14.207 32.6857 32.6857 2 1 0
14.207 32.6946 32.6946 2 1 0
14.207 32.7036 32.7036 2 1 0
14.207 32.7125 32.7125 2 1 0
14.207 32.7215 32.7215 2 1 0
14.207 32.7304 32.7304 2 1 0
14.207 32.7394 32.7394 2 1 0
14.207 32.7483 32.7483 2 1 0
14.207 32.7573 32.7573 2 1 0
14.207 32.7662 32.7662 2 1 0
14.207 32.7751 32.7751 2 1 0
14.207 32.7841 32.7841 2 1 0
14.2071 32.793 32.793 2 1 0
14.2071 32.802 32.802 2 1 0
14.2071 32.8109 32.8109 2 1 0
14.2071 32.8199 32.8199 2 1 0
14.2071 32.8288 32.8288 2 1 0
14.2071 32.8377 32.8377 2 1 0
14.2071 32.8467 32.8467 2 1 0
14.2071 32.8556 32.8556 2 1 0
14.2071 32.8646 32.8646 2 1 0
14.2071 32.8735 32.8735 2 1 0
14.2071 32.8825 32.8825 2 1 0
14.2071 32.8914 32.8914 2 1 0
14.2071 32.9004 32.9004 2 1 0
14.2071 32.9093 32.9093 2 1 0
14.2071 32.9182 32.9182 2 1 0
14.2071 32.9272 32.9272 2 1 0
14.2071 32.9361 32.9361 2 1 0
14.2071 32.9451 32.9451 2 1 0
14.2071 32.954 32.954 2 1 0
14.2071 32.963 32.963 2 1 0
14.2071 32.9719 32.9719 2 1 0
14.2071 32.9809 32.9809 2 1 0
14.2071 32.9898 32.9898 2 1 0
14.2071 32.9987 32.9987 2 1 0
14.2071 33.0077 33.0077 2 1 0
14.2071 33.0166 33.0166 2 1 0
14.2071 33.0256 33.0256 2 1 0
14.2071 33.0345 33.0345 2 1 0
14.2071 33.0435 33.0435 2 1 0
14.2071 33.0524 33.0524 2 1 0
14.2071 33.0614 33.0614 2 1 0
14.2071 33.0703 33.0703 2 1 0
14.2071 33.0792 33.0792 2 1 0
14.2071 33.0882 33.0882 2 1 0
14.2071 33.0971 33.0971 2 1 0
14.2071 33.1061 33.1061 2 1 0
14.2071 33.115 33.115 2 1 0
14.2071 33.124 33.124 2 1 0
14.2071 33.1329 33.1329 2 1 0
14.2071 33.1419 33.1419 2 1 0
14.2071 33.1508 33.1508 2 1 0
14.2071 33.1597 33.1597 2 1 0
14.2071 33.1687 33.1687 2 1 0
14.2071 33.1776 33.1776 2 1 0
14.2071 33.1866 33.1866 2 1 0
14.2071 33.1955 33.1955 2 1 0
14.2071 33.2045 33.2045 2 1 0
14.2071 33.2134 33.2134 2 1 0
14.2071 33.2224 33.2224 2 1 0
14.2071 33.2313 33.2313 2 1 0
14.2071 33.2402 33.2402 2 1 0
14.2071 33.2492 33.2492 2 1 0
14.2071 33.2581 33.2581 2 1 0
14.2071 33.2671 33.2671 2 1 0
14.2071 33.276 33.276 2 1 0
14.2071 33.285 33.285 2 1 0
14.2071 33.2939 33.2939 2 1 0
14.2071 33.3029 33.3029 2 1 0
14.2071 33.3118 33.3118 2 1 0
14.2071 33.3207 33.3207 2 1 0
14.2071 33.3297 33.3297 2 1 0
14.2071 33.3386 33.3386 2 1 0
14.2071 33.3476 33.3476 2 1 0
14.2071 33.3565 33.3565 2 1 0
14.2071 33.3655 33.3655 2 1 0
14.2071 33.3744 33.3744 2 1 0
14.2072 33.3834 33.3834 2 1 0
14.2072 33.3923 33.3923 2 1 0
14.2072 33.4012 33.4012 2 1 0
14.2072 33.4102 33.4102 2 1 0
14.2072 33.4191 33.4191 2 1 0
14.2072 33.4281 33.4281 2 1 0
14.2072 33.437 33.437 2 1 0
14.2072 33.446 33.446 2 1 0
14.2072 33.4549 33.4549 2 1 0
14.2072 33.4638 33.4638 2 1 0
14.2072 33.4728 33.4728 2 1 0
14.2072 33.4817 33.4817 2 1 0
14.2072 33.4907 33.4907 2 1 0
14.2072 33.4996 33.4996 2 1 0
14.2072 33.5086 33.5086 2 1 0
14.2072 33.5175 33.5175 2 1 0
14.2072 33.5265 33.5265 2 1 0
14.2072 33.5354 33.5354 2 1 0
14.2072 33.5443 33.5443 2 1 0
14.2072 33.5533 33.5533 2 1 0
14.2072 33.5622 33.5622 2 1 0
14.2072 33.5712 33.5712 2 1 0
14.2072 33.5801 33.5801 2 1 0
14.2072 33.5891 33.5891 2 1 0
14.2072 33.598 33.598 2 1 0
14.2072 33.607 33.607 2 1 0
14.2072 33.6159 33.6159 2 1 0
14.2072 33.6248 33.6248 2 1 0
14.2072 33.6338 33.6338 2 1 0
14.2072 33.6427 33.6427 2 1 0
14.2072 33.6517 33.6517 2 1 0
14.2072 33.6606 33.6606 2 1 0
14.2072 33.6696 33.6696 2 1 0
14.2072 33.6785 33.6785 2 1 0
14.2072 33.6875 33.6875 2 1 0
14.2072 33.6964 33.6964 2 1 0
14.2072 33.7053 33.7053 2 1 0
14.2072 33.7143 33.7143 2 1 0
14.2072 33.7232 33.7232 2 1 0
14.2072 33.7322 33.7322 2 1 0
14.2072 33.7411 33.7411 2 1 0
14.2072 33.7501 33.7501 2 1 0
14.2072 33.759 33.759 2 1 0
14.2072 33.768 33.768 2 1 0
14.2072 33.7769 33.7769 2 1 0
14.2072 33.7858 33.7858 2 1 0
14.2072 33.7948 33.7948 2 1 0
14.2072 33.8037 33.8037 2 1 0
14.2072 33.8127 33.8127 2 1 0
14.2072 33.8216 33.8216 2 1 0
14.2072 33.8306 33.8306 2 1 0
14.2072 33.8395 33.8395 2 1 0
14.2072 33.8485 33.8485 2 1 0
14.2072 33.8574 33.8574 2 1 0
14.2072 33.8663 33.8663 2 1 0
14.2072 33.8753 33.8753 2 1 0
14.2072 33.8842 33.8842 2 1 0
14.2072 33.8932 33.8932 2 1 0
14.2072 33.9021 33.9021 2 1 0
14.2072 33.9111 33.9111 2 1 0
14.2072 33.92 33.92 2 1 0
14.2072 33.929 33.929 2 1 0
14.2072 33.9379 33.9379 2 1 0
14.2072 33.9468 33.9468 2 1 0
14.2072 33.9558 33.9558 2 1 0
14.2072 33.9647 33.9647 2 1 0
14.2072 33.9737 33.9737 2 1 0
14.2072 33.9826 33.9826 2 1 0
14.2072 33.9916 33.9916 2 1 0
14.2072 34.0005 34.0005 2 1 0
14.2072 34.0094 34.0094 2 1 0
14.2072 34.0184 34.0184 2 1 0
14.2072 34.0273 34.0273 2 1 0
14.2072 34.0363 34.0363 2 1 0
14.2072 34.0452 34.0452 2 1 0
14.2072 34.0542 34.0542 2 1 0
14.2072 34.0631 34.0631 2 1 0
14.2072 34.0721 34.0721 2 1 0
14.2072 34.081 34.081 2 1 0
14.2073 34.0899 34.0899 2 1 0
14.2073 34.0989 34.0989 2 1 0
14.2073 34.1078 34.1078 2 1 0
14.2073 34.1168 34.1168 2 1 0
14.2073 34.1257 34.1257 2 1 0
14.2073 34.1347 34.1347 2 1 0
14.2073 34.1436 34.1436 2 1 0
14.2073 34.1526 34.1526 2 1 0
14.2073 34.1615 34.1615 2 1 0
14.2073 34.1704 34.1704 2 1 0
14.2073 34.1794 34.1794 2 1 0
14.2073 34.1883 34.1883 2 1 0
14.2073 34.1973 34.1973 2 1 0
14.2073 34.2062 34.2062 2 1 0
14.2073 34.2152 34.2152 2 1 0
14.2073 34.2241 34.2241 2 1 0
14.2073 34.2331 34.2331 2 1 0
14.2073 34.242 34.242 2 1 0
14.2073 34.2509 34.2509 2 1 0
14.2073 34.2599 34.2599 2 1 0
14.2073 34.2688 34.2688 2 1 0
14.2073 34.2778 34.2778 2 1 0
14.2073 34.2867 34.2867 2 1 0
14.2073 34.2957 34.2957 2 1 0
14.2073 34.3046 34.3046 2 1 0
14.2073 34.3136 34.3136 2 1 0
14.2073 34.3225 34.3225 2 1 0
14.2073 34.3314 34.3314 2 1 0
14.2073 34.3404 34.3404 2 1 0
14.2073 34.3493 34.3493 2 1 0
14.2073 34.3583 34.3583 2 1 0
14.2073 34.3672 34.3672 2 1 0
14.2073 34.3762 34.3762 2 1 0
14.2073 34.3851 34.3851 2 1 0
14.2073 34.3941 34.3941 2 1 0
14.2073 34.403 34.403 2 1 0
14.2073 34.4119 34.4119 2 1 0
14.2073 34.4209 34.4209 2 1 0
14.2073 34.4298 34.4298 2 1 0
14.2073 34.4388 34.4388 2 1 0
14.2073 34.4477 34.4477 2 1 0
14.2073 34.4567 34.4567 2 1 0
14.2073 34.4656 34.4656 2 1 0
14.2073 34.4746 34.4746 2 1 0
14.2073 34.4835 34.4835 2 1 0
14.2073 34.4924 34.4924 2 1 0
14.2073 34.5014 34.5014 2 1 0
14.2073 34.5103 34.5103 2 1 0
14.2073 34.5193 34.5193 2 1 0
14.2073 34.5282 34.5282 2 1 0
14.2073 34.5372 34.5372 2 1 0
14.2073 34.5461 34.5461 2 1 0
14.2073 34.555 34.555 2 1 0
14.2073 34.564 34.564 2 1 0
14.2073 34.5729 34.5729 2 1 0
14.2073 34.5819 34.5819 2 1 0
14.2073 34.5908 34.5908 2 1 0
14.2073 34.5998 34.5998 2 1 0
14.2073 34.6087 34.6087 2 1 0
14.2073 34.6177 34.6177 2 1 0
14.2073 34.6266 34.6266 2 1 0
14.2073 34.6355 34.6355 2 1 0
14.2073 34.6445 34.6445 2 1 0
14.2073 34.6534 34.6534 2 1 0
14.2073 34.6624 34.6624 2 1 0
14.2073 34.6713 34.6713 2 1 0
14.2073 34.6803 34.6803 2 1 0
14.2073 34.6892 34.6892 2 1 0
14.2073 34.6982 34.6982 2 1 0
14.2073 34.7071 34.7071 2 1 0
14.2073 34.716 34.716 2 1 0
14.2073 34.725 34.725 2 1 0
14.2073 34.7339 34.7339 2 1 0
14.2073 34.7429 34.7429 2 1 0
14.2073 34.7518 34.7518 2 1 0
14.2073 34.7608 34.7608 2 1 0
14.2073 34.7697 34.7697 2 1 0
14.2073 34.7787 34.7787 2 1 0
14.2073 34.7876 34.7876 2 1 0
14.2073 34.7965 34.7965 2 1 0
14.2073 34.8055 34.8055 2 1 0
14.2073 34.8144 34.8144 2 1 0
14.2073 34.8234 34.8234 2 1 0
14.2073 34.8323 34.8323 2 1 0
14.2073 34.8413 34.8413 2 1 0
14.2073 34.8502 34.8502 2 1 0
14.2073 34.8592 34.8592 2 1 0
14.2073 34.8681 34.8681 2 1 0
14.2073 34.877 34.877 2 1 0
14.2073 34.886 34.886 2 1 0
14.2073 34.8949 34.8949 2 1 0
14.2073 34.9039 34.9039 2 1 0
14.2073 34.9128 34.9128 2 1 0
14.2073 34.9218 34.9218 2 1 0
14.2073 34.9307 34.9307 2 1 0
14.2073 34.9397 34.9397 2 1 0
14.2073 34.9486 34.9486 2 1 0
14.2073 34.9575 34.9575 2 1 0
14.2073 34.9665 34.9665 2 1 0
14.2073 34.9754 34.9754 2 1 0
14.2073 34.9844 34.9844 2 1 0
14.2074 34.9933 34.9933 2 1 0
14.2074 35.0023 35.0023 2 1 0
14.2074 35.0112 35.0112 2 1 0
14.2074 35.0202 35.0202 2 1 0
14.2074 35.0291 35.0291 2 1 0
14.2074 35.038 35.038 2 1 0
14.2074 35.047 35.047 2 1 0
14.2074 35.0559 35.0559 2 1 0
14.2074 35.0649 35.0649 2 1 0
14.2074 35.0738 35.0738 2 1 0
14.2074 35.0828 35.0828 2 1 0
14.2074 35.0917 35.0917 2 1 0
14.2074 35.1007 35.1007 2 1 0
14.2074 35.1096 35.1096 2 1 0
14.2074 35.1185 35.1185 2 1 0
14.2074 35.1275 35.1275 2 1 0
14.2074 35.1364 35.1364 2 1 0
14.2074 35.1454 35.1454 2 1 0
14.2074 35.1543 35.1543 2 1 0
14.2074 35.1633 35.1633 2 1 0
14.2074 35.1722 35.1722 2 1 0
14.2074 35.1811 35.1811 2 1 0
14.2074 35.1901 35.1901 2 1 0
14.2074 35.199 35.199 2 1 0
14.2074 35.208 35.208 2 1 0
14.2074 35.2169 35.2169 2 1 0
14.2074 35.2259 35.2259 2 1 0
14.2074 35.2348 35.2348 2 1 0
14.2074 35.2438 35.2438 2 1 0
14.2074 35.2527 35.2527 2 1 0
14.2074 35.2616 35.2616 2 1 0
14.2074 35.2706 35.2706 2 1 0
14.2074 35.2795 35.2795 2 1 0
14.2074 35.2885 35.2885 2 1 0
14.2074 35.2974 35.2974 2 1 0
14.2074 35.3064 35.3064 2 1 0
14.2074 35.3153 35.3153 2 1 0
14.2074 35.3243 35.3243 2 1 0
14.2074 35.3332 35.3332 2 1 0
14.2074 35.3421 35.3421 2 1 0
14.2074 35.3511 35.3511 2 1 0
14.2074 35.36 35.36 2 1 0
14.2074 35.369 35.369 2 1 0
14.2074 35.3779 35.3779 2 1 0
14.2074 35.3869 35.3869 2 1 0
14.2074 35.3958 35.3958 2 1 0
14.2074 35.4048 35.4048 2 1 0
14.2074 35.4137 35.4137 2 1 0
14.2074 35.4226 35.4226 2 1 0
14.2074 35.4316 35.4316 2 1 0
14.2074 35.4405 35.4405 2 1 0
14.2074 35.4495 35.4495 2 1 0
14.2074 35.4584 35.4584 2 1 0
14.2074 35.4674 35.4674 2 1 0
14.2074 35.4763 35.4763 2 1 0
14.2074 35.4853 35.4853 2 1 0
14.2074 35.4942 35.4942 2 1 0
14.2074 35.5031 35.5031 2 1 0
14.2074 35.5121 35.5121 2 1 0
14.2074 35.521 35.521 2 1 0
14.2074 35.53 35.53 2 1 0
14.2074 35.5389 35.5389 2 1 0
14.2074 35.5479 35.5479 2 1 0
14.2074 35.5568 35.5568 2 1 0
14.2074 35.5658 35.5658 2 1 0
14.2074 35.5747 35.5747 2 1 0
14.2074 35.5836 35.5836 2 1 0
14.2074 35.5926 35.5926 2 1 0
14.2074 35.6015 35.6015 2 1 0
14.2074 35.6105 35.6105 2 1 0
14.2074 35.6194 35.6194 2 1 0
14.2074 35.6284 35.6284 2 1 0
14.2074 35.6373 35.6373 2 1 0
14.2074 35.6463 35.6463 2 1 0
14.2074 35.6552 35.6552 2 1 0
14.2074 35.6641 35.6641 2 1 0
14.2074 35.6731 35.6731 2 1 0
14.2074 35.682 35.682 2 1 0
14.2074 35.691 35.691 2 1 0
14.2074 35.6999 35.6999 2 1 0
14.2074 35.7089 35.7089 2 1 0
14.2074 35.7178 35.7178 2 1 0
14.2074 35.7267 35.7267 2 1 0
14.2074 35.7357 35.7357 2 1 0
14.2074 35.7446 35.7446 2 1 0
14.2074 35.7536 35.7536 2 1 0
14.2074 35.7625 35.7625 2 1 0
14.2074 35.7715 35.7715 2 1 0
14.2074 35.7804 35.7804 2 1 0
14.2074 35.7894 35.7894 2 1 0
14.2074 35.7983 35.7983 2 1 0
14.2074 35.8072 35.8072 2 1 0
14.2074 35.8162 35.8162 2 1 0
14.2074 35.8251 35.8251 2 1 0
14.2074 35.8341 35.8341 2 1 0
14.2074 35.843 35.843 2 1 0
14.2074 35.852 35.852 2 1 0
14.2074 35.8609 35.8609 2 1 0
14.2074 35.8699 35.8699 2 1 0
14.2074 35.8788 35.8788 2 1 0
14.2074 35.8877 35.8877 2 1 0
14.2074 35.8967 35.8967 2 1 0
14.2074 35.9056 35.9056 2 1 0
14.2074 35.9146 35.9146 2 1 0
14.2074 35.9235 35.9235 2 1 0
14.2074 35.9325 35.9325 2 1 0
14.2074 35.9414 35.9414 2 1 0
14.2074 35.9504 35.9504 2 1 0
14.2074 35.9593 35.9593 2 1 0
14.2074 35.9682 35.9682 2 1 0
14.2074 35.9772 35.9772 2 1 0
14.2074 35.9861 35.9861 2 1 0
14.2074 35.9951 35.9951 2 1 0
14.2074 36.004 36.004 2 1 0
14.2074 36.013 36.013 2 1 0
14.2074 36.0219 36.0219 2 1 0
14.2074 36.0309 36.0309 2 1 0
14.2074 36.0398 36.0398 2 1 0
14.2074 36.0487 36.0487 2 1 0
14.2074 36.0577 36.0577 2 1 0
14.2074 36.0666 36.0666 2 1 0
14.2074 36.0756 36.0756 2 1 0
14.2074 36.0845 36.0845 2 1 0
14.2074 36.0935 36.0935 2 1 0
14.2074 36.1024 36.1024 2 1 0
14.2074 36.1114 36.1114 2 1 0
14.2074 36.1203 36.1203 2 1 0
14.2074 36.1292 36.1292 2 1 0
14.2074 36.1382 36.1382 2 1 0
14.2074 36.1471 36.1471 2 1 0
14.2074 36.1561 36.1561 2 1 0
14.2074 36.165 36.165 2 1 0
14.2074 36.174 36.174 2 1 0
14.2074 36.1829 36.1829 2 1 0
14.2074 36.1919 36.1919 2 1 0
14.2074 36.2008 36.2008 2 1 0
14.2074 36.2097 36.2097 2 1 0
14.2074 36.2187 36.2187 2 1 0
14.2074 36.2276 36.2276 2 1 0
14.2075 36.2366 36.2366 2 1 0
14.2075 36.2455 36.2455 2 1 0
14.2075 36.2545 36.2545 2 1 0
14.2075 36.2634 36.2634 2 1 0
14.2075 36.2724 36.2724 2 1 0
14.2075 36.2813 36.2813 2 1 0
14.2075 36.2902 36.2902 2 1 0
14.2075 36.2992 36.2992 2 1 0
14.2075 36.3081 36.3081 2 1 0
14.2075 36.3171 36.3171 2 1 0
14.2075 36.326 36.326 2 1 0
14.2075 36.335 36.335 2 1 0
14.2075 36.3439 36.3439 2 1 0
14.2075 36.3528 36.3528 2 1 0
14.2075 36.3618 36.3618 2 1 0
14.2075 36.3707 36.3707 2 1 0
14.2075 36.3797 36.3797 2 1 0
14.2075 36.3886 36.3886 2 1 0
14.2075 36.3976 36.3976 2 1 0
14.2075 36.4065 36.4065 2 1 0
14.2075 36.4155 36.4155 2 1 0
14.2075 36.4244 36.4244 2 1 0
14.2075 36.4333 36.4333 2 1 0
14.2075 36.4423 36.4423 2 1 0
14.2075 36.4512 36.4512 2 1 0
14.2075 36.4602 36.4602 2 1 0
14.2075 36.4691 36.4691 2 1 0
14.2075 36.4781 36.4781 2 1 0
14.2075 36.487 36.487 2 1 0
14.2075 36.496 36.496 2 1 0
14.2075 36.5049 36.5049 2 1 0
14.2075 36.5138 36.5138 2 1 0
14.2075 36.5228 36.5228 2 1 0
14.2075 36.5317 36.5317 2 1 0
14.2075 36.5407 36.5407 2 1 0
14.2075 36.5496 36.5496 2 1 0
14.2075 36.5586 36.5586 2 1 0
14.2075 36.5675 36.5675 2 1 0
14.2075 36.5765 36.5765 2 1 0
14.2075 36.5854 36.5854 2 1 0
14.2075 36.5943 36.5943 2 1 0
14.2075 36.6033 36.6033 2 1 0
14.2075 36.6122 36.6122 2 1 0
14.2075 36.6212 36.6212 2 1 0
14.2075 36.6301 36.6301 2 1 0
14.2075 36.6391 36.6391 2 1 0
14.2075 36.648 36.648 2 1 0
14.2075 36.657 36.657 2 1 0
14.2075 36.6659 36.6659 2 1 0
14.2075 36.6748 36.6748 2 1 0
14.2075 36.6838 36.6838 2 1 0
14.2075 36.6927 36.6927 2 1 0
14.2075 36.7017 36.7017 2 1 0
14.2075 36.7106 36.7106 2 1 0
14.2075 36.7196 36.7196 2 1 0
14.2075 36.7285 36.7285 2 1 0
14.2075 36.7375 36.7375 2 1 0
14.2075 36.7464 36.7464 2 1 0
14.2075 36.7553 36.7553 2 1 0
14.2075 36.7643 36.7643 2 1 0
14.2075 36.7732 36.7732 2 1 0
14.2075 36.7822 36.7822 2 1 0
14.2075 36.7911 36.7911 2 1 0
14.2075 36.8001 36.8001 2 1 0
14.2075 36.809 36.809 2 1 0
14.2075 36.818 36.818 2 1 0
14.2075 36.8269 36.8269 2 1 0
14.2075 36.8358 36.8358 2 1 0
14.2075 36.8448 36.8448 2 1 0
14.2075 36.8537 36.8537 2 1 0
14.2075 36.8627 36.8627 2 1 0
14.2075 36.8716 36.8716 2 1 0
14.2075 36.8806 36.8806 2 1 0
14.2075 36.8895 36.8895 2 1 0
14.2075 36.8984 36.8984 2 1 0
14.2075 36.9074 36.9074 2 1 0
14.2075 36.9163 36.9163 2 1 0
14.2075 36.9253 36.9253 2 1 0
14.2075 36.9342 36.9342 2 1 0
14.2075 36.9432 36.9432 2 1 0
14.2075 36.9521 36.9521 2 1 0
14.2075 36.9611 36.9611 2 1 0
14.2075 36.97 36.97 2 1 0
14.2075 36.9789 36.9789 2 1 0
14.2075 36.9879 36.9879 2 1 0
14.2075 36.9968 36.9968 2 1 0
14.2075 37.0058 37.0058 2 1 0
14.2075 37.0147 37.0147 2 1 0
14.2075 37.0237 37.0237 2 1 0
14.2075 37.0326 37.0326 2 1 0
14.2075 37.0416 37.0416 2 1 0
14.2075 37.0505 37.0505 2 1 0
14.2075 37.0594 37.0594 2 1 0
14.2075 37.0684 37.0684 2 1 0
14.2075 37.0773 37.0773 2 1 0
14.2075 37.0863 37.0863 2 1 0
14.2075 37.0952 37.0952 2 1 0
14.2075 37.1042 37.1042 2 1 0
14.2075 37.1131 37.1131 2 1 0
14.2075 37.1221 37.1221 2 1 0
14.2075 37.131 37.131 2 1 0
14.2075 37.1399 37.1399 2 1 0
14.2075 37.1489 37.1489 2 1 0
14.2075 37.1578 37.1578 2 1 0
14.2075 37.1668 37.1668 2 1 0
14.2075 37.1757 37.1757 2 1 0
14.2075 37.1847 37.1847 2 1 0
14.2075 37.1936 37.1936 2 1 0
14.2075 37.2026 37.2026 2 1 0
14.2075 37.2115 37.2115 2 1 0
14.2075 37.2204 37.2204 2 1 0
14.2075 37.2294 37.2294 2 1 0
14.2075 37.2383 37.2383 2 1 0
14.2075 37.2473 37.2473 2 1 0
14.2075 37.2562 37.2562 2 1 0
14.2075 37.2652 37.2652 2 1 0
14.2075 37.2741 37.2741 2 1 0
14.2075 37.2831 37.2831 2 1 0
14.2075 37.292 37.292 2 1 0
14.2075 37.3009 37.3009 2 1 0
14.2075 37.3099 37.3099 2 1 0
14.2075 37.3188 37.3188 2 1 0
14.2075 37.3278 37.3278 2 1 0
14.2075 37.3367 37.3367 2 1 0
14.2075 37.3457 37.3457 2 1 0
14.2075 37.3546 37.3546 2 1 0
14.2075 37.3636 37.3636 2 1 0
14.2075 37.3725 37.3725 2 1 0
14.2075 37.3814 37.3814 2 1 0
14.2075 37.3904 37.3904 2 1 0
14.2075 37.3993 37.3993 2 1 0
14.2075 37.4083 37.4083 2 1 0
14.2075 37.4172 37.4172 2 1 0
14.2075 37.4262 37.4262 2 1 0
14.2075 37.4351 37.4351 2 1 0
14.2075 37.444 37.444 2 1 0
14.2075 37.453 37.453 2 1 0
14.2075 37.4619 37.4619 2 1 0
14.2075 37.4709 37.4709 2 1 0
14.2075 37.4798 37.4798 2 1 0
14.2075 37.4888 37.4888 2 1 0
14.2075 37.4977 37.4977 2 1 0
14.2075 37.5067 37.5067 2 1 0
14.2075 37.5156 37.5156 2 1 0
14.2075 37.5245 37.5245 2 1 0
14.2075 37.5335 37.5335 2 1 0
14.2075 37.5424 37.5424 2 1 0
14.2075 37.5514 37.5514 2 1 0
14.2075 37.5603 37.5603 2 1 0
14.2075 37.5693 37.5693 2 1 0
14.2075 37.5782 37.5782 2 1 0
14.2075 37.5872 37.5872 2 1 0
14.2075 37.5961 37.5961 2 1 0
14.2075 37.605 37.605 2 1 0
14.2075 37.614 37.614 2 1 0
14.2075 37.6229 37.6229 2 1 0
14.2075 37.6319 37.6319 2 1 0
14.2075 37.6408 37.6408 2 1 0
14.2075 37.6498 37.6498 2 1 0
14.2075 37.6587 37.6587 2 1 0
14.2075 37.6677 37.6677 2 1 0
14.2075 37.6766 37.6766 2 1 0
14.2075 37.6855 37.6855 2 1 0
14.2075 37.6945 37.6945 2 1 0
14.2075 37.7034 37.7034 2 1 0
14.2075 37.7124 37.7124 2 1 0
14.2075 37.7213 37.7213 2 1 0
14.2075 37.7303 37.7303 2 1 0
14.2075 37.7392 37.7392 2 1 0
14.2075 37.7482 37.7482 2 1 0
14.2075 37.7571 37.7571 2 1 0
14.2075 37.766 37.766 2 1 0
14.2075 37.775 37.775 2 1 0
14.2075 37.7839 37.7839 2 1 0
14.2075 37.7929 37.7929 2 1 0
14.2075 37.8018 37.8018 2 1 0
14.2075 37.8108 37.8108 2 1 0
14.2075 37.8197 37.8197 2 1 0
14.2075 37.8287 37.8287 2 1 0
14.2075 37.8376 37.8376 2 1 0
14.2075 37.8465 37.8465 2 1 0
14.2075 37.8555 37.8555 2 1 0
14.2075 37.8644 37.8644 2 1 0
14.2075 37.8734 37.8734 2 1 0
14.2075 37.8823 37.8823 2 1 0
14.2075 37.8913 37.8913 2 1 0
14.2075 37.9002 37.9002 2 1 0
14.2075 37.9092 37.9092 2 1 0
14.2075 37.9181 37.9181 2 1 0
14.2075 37.927 37.927 2 1 0
14.2075 37.936 37.936 2 1 0
14.2075 37.9449 37.9449 2 1 0
14.2075 37.9539 37.9539 2 1 0
14.2075 37.9628 37.9628 2 1 0
14.2075 37.9718 37.9718 2 1 0
14.2075 37.9807 37.9807 2 1 0
14.2075 37.9897 37.9897 2 1 0
14.2075 37.9986 37.9986 2 1 0
14.2075 38.0075 38.0075 2 1 0
14.2075 38.0165 38.0165 2 1 0
14.2075 38.0254 38.0254 2 1 0
14.2075 38.0344 38.0344 2 1 0
14.2075 38.0433 38.0433 2 1 0
14.2075 38.0523 38.0523 2 1 0
14.2075 38.0612 38.0612 2 1 0
14.2075 38.0701 38.0701 2 1 0
14.2075 38.0791 38.0791 2 1 0
14.2075 38.088 38.088 2 1 0
14.2075 38.097 38.097 2 1 0
14.2075 38.1059 38.1059 2 1 0
14.2075 38.1149 38.1149 2 1 0
14.2075 38.1238 38.1238 2 1 0
14.2075 38.1328 38.1328 2 1 0
14.2075 38.1417 38.1417 2 1 0
14.2075 38.1506 38.1506 2 1 0
14.2075 38.1596 38.1596 2 1 0
14.2075 38.1685 38.1685 2 1 0
14.2075 38.1775 38.1775 2 1 0
14.2075 38.1864 38.1864 2 1 0
14.2075 38.1954 38.1954 2 1 0
14.2075 38.2043 38.2043 2 1 0
14.2075 38.2133 38.2133 2 1 0
14.2075 38.2222 38.2222 2 1 0
14.2076 38.2311 38.2311 2 1 0
14.2076 38.2401 38.2401 2 1 0
14.2076 38.249 38.249 2 1 0
14.2076 38.258 38.258 2 1 0
14.2076 38.2669 38.2669 2 1 0
14.2076 38.2759 38.2759 2 1 0
14.2076 38.2848 38.2848 2 1 0
14.2076 38.2938 38.2938 2 1 0
14.2076 38.3027 38.3027 2 1 0
14.2076 38.3116 38.3116 2 1 0
14.2076 38.3206 38.3206 2 1 0
14.2076 38.3295 38.3295 2 1 0
14.2076 38.3385 38.3385 2 1 0
14.2076 38.3474 38.3474 2 1 0
14.2076 38.3564 38.3564 2 1 0
14.2076 38.3653 38.3653 2 1 0
14.2076 38.3743 38.3743 2 1 0
14.2076 38.3832 38.3832 2 1 0
14.2076 38.3921 38.3921 2 1 0
14.2076 38.4011 38.4011 2 1 0
14.2076 38.41 38.41 2 1 0
14.2076 38.419 38.419 2 1 0
14.2076 38.4279 38.4279 2 1 0
14.2076 38.4369 38.4369 2 1 0
14.2076 38.4458 38.4458 2 1 0
14.2076 38.4548 38.4548 2 1 0
14.2076 38.4637 38.4637 2 1 0
14.2076 38.4726 38.4726 2 1 0
14.2076 38.4816 38.4816 2 1 0
14.2076 38.4905 38.4905 2 1 0
14.2076 38.4995 38.4995 2 1 0
14.2076 38.5084 38.5084 2 1 0
14.2076 38.5174 38.5174 2 1 0
14.2076 38.5263 38.5263 2 1 0
14.2076 38.5353 38.5353 2 1 0
14.2076 38.5442 38.5442 2 1 0
14.2076 38.5531 38.5531 2 1 0
14.2076 38.5621 38.5621 2 1 0
14.2076 38.571 38.571 2 1 0
14.2076 38.58 38.58 2 1 0
14.2076 38.5889 38.5889 2 1 0
14.2076 38.5979 38.5979 2 1 0
14.2076 38.6068 38.6068 2 1 0
14.2076 38.6157 38.6157 2 1 0
14.2076 38.6247 38.6247 2 1 0
14.2076 38.6336 38.6336 2 1 0
14.2076 38.6426 38.6426 2 1 0
14.2076 38.6515 38.6515 2 1 0
14.2076 38.6605 38.6605 2 1 0
14.2076 38.6694 38.6694 2 1 0
14.2076 38.6784 38.6784 2 1 0
14.2076 38.6873 38.6873 2 1 0
14.2076 38.6962 38.6962 2 1 0
14.2076 38.7052 38.7052 2 1 0
14.2076 38.7141 38.7141 2 1 0
14.2076 38.7231 38.7231 2 1 0
14.2076 38.732 38.732 2 1 0
14.2076 38.741 38.741 2 1 0
14.2076 38.7499 38.7499 2 1 0
14.2076 38.7589 38.7589 2 1 0
14.2076 38.7678 38.7678 2 1 0
14.2076 38.7767 38.7767 2 1 0
14.2076 38.7857 38.7857 2 1 0
14.2076 38.7946 38.7946 2 1 0
14.2076 38.8036 38.8036 2 1 0
14.2076 38.8125 38.8125 2 1 0
14.2076 38.8215 38.8215 2 1 0
14.2076 38.8304 38.8304 2 1 0
14.2076 38.8394 38.8394 2 1 0
14.2076 38.8483 38.8483 2 1 0
14.2076 38.8572 38.8572 2 1 0
14.2076 38.8662 38.8662 2 1 0
14.2076 38.8751 38.8751 2 1 0
14.2076 38.8841 38.8841 2 1 0
14.2076 38.893 38.893 2 1 0
14.2076 38.902 38.902 2 1 0
14.2076 38.9109 38.9109 2 1 0
14.2076 38.9199 38.9199 2 1 0
14.2076 38.9288 38.9288 2 1 0
14.2076 38.9377 38.9377 2 1 0
14.2076 38.9467 38.9467 2 1 0
14.2076 38.9556 38.9556 2 1 0
14.2076 38.9646 38.9646 2 1 0
14.2076 38.9735 38.9735 2 1 0
14.2076 38.9825 38.9825 2 1 0
14.2076 38.9914 38.9914 2 1 0
14.2076 39.0004 39.0004 2 1 0
14.2076 39.0093 39.0093 2 1 0
14.2076 39.0182 39.0182 2 1 0
14.2076 39.0272 39.0272 2 1 0
14.2076 39.0361 39.0361 2 1 0
14.2076 39.0451 39.0451 2 1 0
14.2076 39.054 39.054 2 1 0
14.2076 39.063 39.063 2 1 0
14.2076 39.0719 39.0719 2 1 0
14.2076 39.0809 39.0809 2 1 0
14.2076 39.0898 39.0898 2 1 0
14.2076 39.0987 39.0987 2 1 0
14.2076 39.1077 39.1077 2 1 0
14.2076 39.1166 39.1166 2 1 0
14.2076 39.1256 39.1256 2 1 0
14.2076 39.1345 39.1345 2 1 0
14.2076 39.1435 39.1435 2 1 0
14.2076 39.1524 39.1524 2 1 0
14.2076 39.1614 39.1614 2 1 0
14.2076 39.1703 39.1703 2 1 0
14.2076 39.1792 39.1792 2 1 0
14.2076 39.1882 39.1882 2 1 0
14.2076 39.1971 39.1971 2 1 0
14.2076 39.2061 39.2061 2 1 0
14.2076 39.215 39.215 2 1 0
14.2076 39.224 39.224 2 1 0
14.2076 39.2329 39.2329 2 1 0
14.2076 39.2418 39.2418 2 1 0
14.2076 39.2508 39.2508 2 1 0
14.2076 39.2597 39.2597 2 1 0
14.2076 39.2687 39.2687 2 1 0
14.2076 39.2776 39.2776 2 1 0
14.2076 39.2866 39.2866 2 1 0
14.2076 39.2955 39.2955 2 1 0
14.2076 39.3045 39.3045 2 1 0
14.2076 39.3134 39.3134 2 1 0
14.2076 39.3223 39.3223 2 1 0
14.2076 39.3313 39.3313 2 1 0
14.2076 39.3402 39.3402 2 1 0
14.2076 39.3492 39.3492 2 1 0
14.2076 39.3581 39.3581 2 1 0
14.2076 39.3671 39.3671 2 1 0
14.2076 39.376 39.376 2 1 0
14.2076 39.385 39.385 2 1 0
14.2076 39.3939 39.3939 2 1 0
14.2076 39.4028 39.4028 2 1 0
14.2076 39.4118 39.4118 2 1 0
14.2076 39.4207 39.4207 2 1 0
14.2076 39.4297 39.4297 2 1 0
14.2076 39.4386 39.4386 2 1 0
14.2076 39.4476 39.4476 2 1 0
14.2076 39.4565 39.4565 2 1 0
14.2076 39.4655 39.4655 2 1 0
14.2076 39.4744 39.4744 2 1 0
14.2076 39.4833 39.4833 2 1 0
14.2076 39.4923 39.4923 2 1 0
14.2076 39.5012 39.5012 2 1 0
14.2076 39.5102 39.5102 2 1 0
14.2076 39.5191 39.5191 2 1 0
14.2076 39.5281 39.5281 2 1 0
14.2076 39.537 39.537 2 1 0
14.2076 39.546 39.546 2 1 0
14.2076 39.5549 39.5549 2 1 0
14.2076 39.5638 39.5638 2 1 0
14.2076 39.5728 39.5728 2 1 0
14.2076 39.5817 39.5817 2 1 0
14.2076 39.5907 39.5907 2 1 0
14.2076 39.5996 39.5996 2 1 0
14.2076 39.6086 39.6086 2 1 0
14.2076 39.6175 39.6175 2 1 0
14.2076 39.6265 39.6265 2 1 0
14.2076 39.6354 39.6354 2 1 0
14.2076 39.6443 39.6443 2 1 0
14.2076 39.6533 39.6533 2 1 0
14.2076 39.6622 39.6622 2 1 0
14.2076 39.6712 39.6712 2 1 0
14.2076 39.6801 39.6801 2 1 0
14.2076 39.6891 39.6891 2 1 0
14.2076 39.698 39.698 2 1 0
14.2076 39.707 39.707 2 1 0
14.2076 39.7159 39.7159 2 1 0
14.2076 39.7248 39.7248 2 1 0
14.2076 39.7338 39.7338 2 1 0
14.2076 39.7427 39.7427 2 1 0
14.2076 39.7517 39.7517 2 1 0
14.2076 39.7606 39.7606 2 1 0
14.2076 39.7696 39.7696 2 1 0
14.2076 39.7785 39.7785 2 1 0
14.2076 39.7874 39.7874 2 1 0
14.2076 39.7964 39.7964 2 1 0
14.2076 39.8053 39.8053 2 1 0
14.2076 39.8143 39.8143 2 1 0
14.2076 39.8232 39.8232 2 1 0
14.2076 39.8322 39.8322 2 1 0
14.2076 39.8411 39.8411 2 1 0
14.2076 39.8501 39.8501 2 1 0
14.2076 39.859 39.859 2 1 0
14.2076 39.8679 39.8679 2 1 0
14.2076 39.8769 39.8769 2 1 0
14.2076 39.8858 39.8858 2 1 0
14.2076 39.8948 39.8948 2 1 0
14.2076 39.9037 39.9037 2 1 0
14.2076 39.9127 39.9127 2 1 0
14.2076 39.9216 39.9216 2 1 0
14.2076 39.9306 39.9306 2 1 0
14.2076 39.9395 39.9395 2 1 0
14.2076 39.9484 39.9484 2 1 0
14.2076 39.9574 39.9574 2 1 0
14.2076 39.9663 39.9663 2 1 0
14.2076 39.9753 39.9753 2 1 0
14.2076 39.9842 39.9842 2 1 0
14.2076 39.9932 39.9932 2 1 0
14.2076 40.0021 40.0021 2 1 0
14.2076 40.0111 40.0111 2 1 0
14.2076 40.02 40.02 2 1 0
14.2076 40.0289 40.0289 2 1 0
14.2076 40.0379 40.0379 2 1 0
14.2076 40.0468 40.0468 2 1 0
14.2076 40.0558 40.0558 2 1 0
14.2076 40.0647 40.0647 2 1 0
14.2076 40.0737 40.0737 2 1 0
14.2076 40.0826 40.0826 2 1 0
14.2076 40.0916 40.0916 2 1 0
14.2076 40.1005 40.1005 2 1 0
14.2076 40.1094 40.1094 2 1 0
14.2076 40.1184 40.1184 2 1 0
14.2076 40.1273 40.1273 2 1 0
14.2076 40.1363 40.1363 2 1 0
14.2076 40.1452 40.1452 2 1 0
14.2076 40.1542 40.1542 2 1 0
14.2076 40.1631 40.1631 2 1 0
14.2076 40.1721 40.1721 2 1 0
14.2076 40.181 40.181 2 1 0
14.2076 40.1899 40.1899 2 1 0
14.2076 40.1989 40.1989 2 1 0
14.2076 40.2078 40.2078 2 1 0
14.2076 40.2168 40.2168 2 1 0
14.2076 40.2257 40.2257 2 1 0
14.2076 40.2347 40.2347 2 1 0
14.2076 40.2436 40.2436 2 1 0
14.2076 40.2526 40.2526 2 1 0
14.2076 40.2615 40.2615 2 1 0
14.2076 40.2704 40.2704 2 1 0
14.2076 40.2794 40.2794 2 1 0
14.2076 40.2883 40.2883 2 1 0
14.2076 40.2973 40.2973 2 1 0
14.2076 40.3062 40.3062 2 1 0
14.2076 40.3152 40.3152 2 1 0
14.2076 40.3241 40.3241 2 1 0
14.2076 40.3331 40.3331 2 1 0
14.2076 40.342 40.342 2 1 0
14.2076 40.3509 40.3509 2 1 0
14.2076 40.3599 40.3599 2 1 0
14.2076 40.3688 40.3688 2 1 0
14.2076 40.3778 40.3778 2 1 0
14.2076 40.3867 40.3867 2 1 0
14.2076 40.3957 40.3957 2 1 0
14.2076 40.4046 40.4046 2 1 0
14.2076 40.4135 40.4135 2 1 0
14.2076 40.4225 40.4225 2 1 0
14.2076 40.4314 40.4314 2 1 0
14.2076 40.4404 40.4404 2 1 0
14.2076 40.4493 40.4493 2 1 0
14.2076 40.4583 40.4583 2 1 0
14.2076 40.4672 40.4672 2 1 0
14.2076 40.4762 40.4762 2 1 0
14.2076 40.4851 40.4851 2 1 0
14.2076 40.494 40.494 2 1 0
14.2076 40.503 40.503 2 1 0
14.2076 40.5119 40.5119 2 1 0
14.2076 40.5209 40.5209 2 1 0
14.2076 40.5298 40.5298 2 1 0
14.2076 40.5388 40.5388 2 1 0
14.2076 40.5477 40.5477 2 1 0
14.2076 40.5567 40.5567 2 1 0
14.2076 40.5656 40.5656 2 1 0
14.2076 40.5745 40.5745 2 1 0
14.2076 40.5835 40.5835 2 1 0
14.2076 40.5924 40.5924 2 1 0
14.2076 40.6014 40.6014 2 1 0
14.2076 40.6103 40.6103 2 1 0
14.2076 40.6193 40.6193 2 1 0
14.2076 40.6282 40.6282 2 1 0
14.2076 40.6372 40.6372 2 1 0
14.2076 40.6461 40.6461 2 1 0
14.2076 40.655 40.655 2 1 0
14.2076 40.664 40.664 2 1 0
14.2076 40.6729 40.6729 2 1 0
14.2076 40.6819 40.6819 2 1 0
14.2076 40.6908 40.6908 2 1 0
14.2076 40.6998 40.6998 2 1 0
14.2076 40.7087 40.7087 2 1 0
14.2076 40.7177 40.7177 2 1 0
14.2076 40.7266 40.7266 2 1 0
14.2076 40.7355 40.7355 2 1 0
14.2076 40.7445 40.7445 2 1 0
14.2076 40.7534 40.7534 2 1 0
14.2076 40.7624 40.7624 2 1 0
14.2076 40.7713 40.7713 2 1 0
14.2076 40.7803 40.7803 2 1 0
14.2076 40.7892 40.7892 2 1 0
14.2076 40.7982 40.7982 2 1 0
14.2076 40.8071 40.8071 2 1 0
14.2076 40.816 40.816 2 1 0
14.2076 40.825 40.825 2 1 0
14.2076 40.8339 40.8339 2 1 0
14.2076 40.8429 40.8429 2 1 0
14.2076 40.8518 40.8518 2 1 0
14.2076 40.8608 40.8608 2 1 0
14.2076 40.8697 40.8697 2 1 0
14.2076 40.8787 40.8787 2 1 0
14.2076 40.8876 40.8876 2 1 0
14.2076 40.8965 40.8965 2 1 0
14.2076 40.9055 40.9055 2 1 0
14.2076 40.9144 40.9144 2 1 0
14.2076 40.9234 40.9234 2 1 0
14.2076 40.9323 40.9323 2 1 0
14.2076 40.9413 40.9413 2 1 0
14.2076 40.9502 40.9502 2 1 0
14.2076 40.9591 40.9591 2 1 0
14.2076 40.9681 40.9681 2 1 0
14.2076 40.977 40.977 2 1 0
14.2076 40.986 40.986 2 1 0
14.2076 40.9949 40.9949 2 1 0
14.2076 41.0039 41.0039 2 1 0
14.2076 41.0128 41.0128 2 1 0
14.2076 41.0218 41.0218 2 1 0
14.2076 41.0307 41.0307 2 1 0
14.2076 41.0396 41.0396 2 1 0
14.2076 41.0486 41.0486 2 1 0
14.2076 41.0575 41.0575 2 1 0
14.2076 41.0665 41.0665 2 1 0
14.2076 41.0754 41.0754 2 1 0
14.2076 41.0844 41.0844 2 1 0
14.2076 41.0933 41.0933 2 1 0
14.2076 41.1023 41.1023 2 1 0
14.2076 41.1112 41.1112 2 1 0
14.2076 41.1201 41.1201 2 1 0
14.2076 41.1291 41.1291 2 1 0
14.2076 41.138 41.138 2 1 0
14.2076 41.147 41.147 2 1 0
14.2076 41.1559 41.1559 2 1 0
14.2076 41.1649 41.1649 2 1 0
14.2076 41.1738 41.1738 2 1 0
14.2076 41.1828 41.1828 2 1 0
14.2076 41.1917 41.1917 2 1 0
14.2076 41.2006 41.2006 2 1 0
14.2076 41.2096 41.2096 2 1 0
14.2076 41.2185 41.2185 2 1 0
14.2076 41.2275 41.2275 2 1 0
14.2076 41.2364 41.2364 2 1 0
14.2076 41.2454 41.2454 2 1 0
14.2076 41.2543 41.2543 2 1 0
14.2076 41.2633 41.2633 2 1 0
14.2076 41.2722 41.2722 2 1 0
14.2076 41.2811 41.2811 2 1 0
14.2076 41.2901 41.2901 2 1 0
14.2076 41.299 41.299 2 1 0
14.2076 41.308 41.308 2 1 0
14.2076 41.3169 41.3169 2 1 0
14.2076 41.3259 41.3259 2 1 0
14.2076 41.3348 41.3348 2 1 0
14.2076 41.3438 41.3438 2 1 0
14.2076 41.3527 41.3527 2 1 0
14.2076 41.3616 41.3616 2 1 0
14.2076 41.3706 41.3706 2 1 0
14.2076 41.3795 41.3795 2 1 0
14.2076 41.3885 41.3885 2 1 0
14.2076 41.3974 41.3974 2 1 0
14.2076 41.4064 41.4064 2 1 0
14.2076 41.4153 41.4153 2 1 0
14.2076 41.4243 41.4243 2 1 0
14.2076 41.4332 41.4332 2 1 0
14.2076 41.4421 41.4421 2 1 0
14.2076 41.4511 41.4511 2 1 0
14.2076 41.46 41.46 2 1 0
14.2076 41.469 41.469 2 1 0
14.2076 41.4779 41.4779 2 1 0
14.2076 41.4869 41.4869 2 1 0
14.2076 41.4958 41.4958 2 1 0
14.2076 41.5047 41.5047 2 1 0
14.2076 41.5137 41.5137 2 1 0
14.2076 41.5226 41.5226 2 1 0
14.2076 41.5316 41.5316 2 1 0
14.2076 41.5405 41.5405 2 1 0
14.2076 41.5495 41.5495 2 1 0
14.2076 41.5584 41.5584 2 1 0
14.2076 41.5674 41.5674 2 1 0
14.2076 41.5763 41.5763 2 1 0
14.2076 41.5852 41.5852 2 1 0
14.2076 41.5942 41.5942 2 1 0
14.2076 41.6031 41.6031 2 1 0
14.2076 41.6121 41.6121 2 1 0
14.2076 41.621 41.621 2 1 0
14.2076 41.63 41.63 2 1 0
14.2076 41.6389 41.6389 2 1 0
14.2076 41.6479 41.6479 2 1 0
14.2076 41.6568 41.6568 2 1 0
14.2076 41.6657 41.6657 2 1 0
14.2076 41.6747 41.6747 2 1 0
14.2076 41.6836 41.6836 2 1 0
14.2076 41.6926 41.6926 2 1 0
14.2076 41.7015 41.7015 2 1 0
14.2076 41.7105 41.7105 2 1 0
14.2076 41.7194 41.7194 2 1 0
14.2076 41.7284 41.7284 2 1 0
14.2076 41.7373 41.7373 2 1 0
14.2076 41.7462 41.7462 2 1 0
14.2076 41.7552 41.7552 2 1 0
14.2076 41.7641 41.7641 2 1 0
14.2076 41.7731 41.7731 2 1 0
14.2076 41.782 41.782 2 1 0
14.2076 41.791 41.791 2 1 0
14.2076 41.7999 41.7999 2 1 0
14.2076 41.8089 41.8089 2 1 0
14.2076 41.8178 41.8178 2 1 0
14.2076 41.8267 41.8267 2 1 0
14.2076 41.8357 41.8357 2 1 0
14.2076 41.8446 41.8446 2 1 0
14.2076 41.8536 41.8536 2 1 0
14.2076 41.8625 41.8625 2 1 0
14.2076 41.8715 41.8715 2 1 0
14.2076 41.8804 41.8804 2 1 0
14.2076 41.8894 41.8894 2 1 0
14.2076 41.8983 41.8983 2 1 0
14.2076 41.9072 41.9072 2 1 0
14.2076 41.9162 41.9162 2 1 0
14.2076 41.9251 41.9251 2 1 0
14.2076 41.9341 41.9341 2 1 0
14.2076 41.943 41.943 2 1 0
14.2076 41.952 41.952 2 1 0
14.2076 41.9609 41.9609 2 1 0
14.2076 41.9699 41.9699 2 1 0
14.2076 41.9788 41.9788 2 1 0
14.2076 41.9877 41.9877 2 1 0
14.2076 41.9967 41.9967 2 1 0
14.2076 42.0056 42.0056 2 1 0
14.2076 42.0146 42.0146 2 1 0
14.2076 42.0235 42.0235 2 1 0
14.2076 42.0325 42.0325 2 1 0
14.2076 42.0414 42.0414 2 1 0
14.2076 42.0504 42.0504 2 1 0
14.2076 42.0593 42.0593 2 1 0
14.2076 42.0682 42.0682 2 1 0
14.2076 42.0772 42.0772 2 1 0
14.2076 42.0861 42.0861 2 1 0
14.2076 42.0951 42.0951 2 1 0
14.2076 42.104 42.104 2 1 0
14.2076 42.113 42.113 2 1 0
14.2076 42.1219 42.1219 2 1 0
14.2076 42.1308 42.1308 2 1 0
14.2076 42.1398 42.1398 2 1 0
14.2076 42.1487 42.1487 2 1 0
14.2076 42.1577 42.1577 2 1 0
14.2076 42.1666 42.1666 2 1 0
14.2076 42.1756 42.1756 2 1 0
14.2076 42.1845 42.1845 2 1 0
14.2076 42.1935 42.1935 2 1 0
14.2076 42.2024 42.2024 2 1 0
14.2076 42.2113 42.2113 2 1 0
14.2076 42.2203 42.2203 2 1 0
14.2076 42.2292 42.2292 2 1 0
14.2076 42.2382 42.2382 2 1 0
14.2076 42.2471 42.2471 2 1 0
14.2076 42.2561 42.2561 2 1 0
14.2076 42.265 42.265 2 1 0
14.2076 42.274 42.274 2 1 0
14.2076 42.2829 42.2829 2 1 0
14.2076 42.2918 42.2918 2 1 0
14.2076 42.3008 42.3008 2 1 0
14.2076 42.3097 42.3097 2 1 0
14.2076 42.3187 42.3187 2 1 0
14.2076 42.3276 42.3276 2 1 0
14.2076 42.3366 42.3366 2 1 0
14.2076 42.3455 42.3455 2 1 0
14.2076 42.3545 42.3545 2 1 0
14.2076 42.3634 42.3634 2 1 0
14.2076 42.3723 42.3723 2 1 0
14.2076 42.3813 42.3813 2 1 0
14.2076 42.3902 42.3902 2 1 0
14.2076 42.3992 42.3992 2 1 0
14.2076 42.4081 42.4081 2 1 0
14.2076 42.4171 42.4171 2 1 0
14.2076 42.426 42.426 2 1 0
14.2076 42.435 42.435 2 1 0
14.2076 42.4439 42.4439 2 1 0
14.2076 42.4528 42.4528 2 1 0
14.2076 42.4618 42.4618 2 1 0
14.2076 42.4707 42.4707 2 1 0
14.2076 42.4797 42.4797 2 1 0
14.2076 42.4886 42.4886 2 1 0
14.2076 42.4976 42.4976 2 1 0
14.2076 42.5065 42.5065 2 1 0
14.2076 42.5155 42.5155 2 1 0
14.2076 42.5244 42.5244 2 1 0
14.2076 42.5333 42.5333 2 1 0
14.2076 42.5423 42.5423 2 1 0
14.2076 42.5512 42.5512 2 1 0
14.2076 42.5602 42.5602 2 1 0
14.2076 42.5691 42.5691 2 1 0
14.2076 42.5781 42.5781 2 1 0
14.2076 42.587 42.587 2 1 0
14.2076 42.596 42.596 2 1 0
14.2076 42.6049 42.6049 2 1 0
14.2076 42.6138 42.6138 2 1 0
14.2076 42.6228 42.6228 2 1 0
14.2076 42.6317 42.6317 2 1 0
14.2076 42.6407 42.6407 2 1 0
14.2076 42.6496 42.6496 2 1 0
14.2076 42.6586 42.6586 2 1 0
14.2076 42.6675 42.6675 2 1 0
14.2076 42.6764 42.6764 2 1 0
14.2076 42.6854 42.6854 2 1 0
14.2076 42.6943 42.6943 2 1 0
14.2076 42.7033 42.7033 2 1 0
14.2076 42.7122 42.7122 2 1 0
14.2076 42.7212 42.7212 2 1 0
14.2076 42.7301 42.7301 2 1 0
14.2076 42.7391 42.7391 2 1 0
14.2076 42.748 42.748 2 1 0
14.2076 42.7569 42.7569 2 1 0
14.2076 42.7659 42.7659 2 1 0
14.2076 42.7748 42.7748 2 1 0
14.2076 42.7838 42.7838 2 1 0
14.2076 42.7927 42.7927 2 1 0
14.2076 42.8017 42.8017 2 1 0
14.2076 42.8106 42.8106 2 1 0
14.2076 42.8196 42.8196 2 1 0
14.2076 42.8285 42.8285 2 1 0
14.2076 42.8374 42.8374 2 1 0
14.2076 42.8464 42.8464 2 1 0
14.2076 42.8553 42.8553 2 1 0
14.2076 42.8643 42.8643 2 1 0
14.2076 42.8732 42.8732 2 1 0
14.2076 42.8822 42.8822 2 1 0
14.2076 42.8911 42.8911 2 1 0
14.2076 42.9001 42.9001 2 1 0
14.2076 42.909 42.909 2 1 0
14.2076 42.9179 42.9179 2 1 0
14.2076 42.9269 42.9269 2 1 0
14.2076 42.9358 42.9358 2 1 0
14.2076 42.9448 42.9448 2 1 0
14.2076 42.9537 42.9537 2 1 0
14.2076 42.9627 42.9627 2 1 0
14.2076 42.9716 42.9716 2 1 0
14.2076 42.9806 42.9806 2 1 0
14.2076 42.9895 42.9895 2 1 0
14.2076 42.9984 42.9984 2 1 0
14.2076 43.0074 43.0074 2 1 0
14.2076 43.0163 43.0163 2 1 0
14.2076 43.0253 43.0253 2 1 0
14.2076 43.0342 43.0342 2 1 0
14.2076 43.0432 43.0432 2 1 0
14.2076 43.0521 43.0521 2 1 0
14.2076 43.0611 43.0611 2 1 0
14.2076 43.07 43.07 2 1 0
14.2076 43.0789 43.0789 2 1 0
14.2076 43.0879 43.0879 2 1 0
14.2076 43.0968 43.0968 2 1 0
14.2076 43.1058 43.1058 2 1 0
14.2076 43.1147 43.1147 2 1 0
14.2076 43.1237 43.1237 2 1 0
14.2076 43.1326 43.1326 2 1 0
14.2076 43.1416 43.1416 2 1 0
14.2076 43.1505 43.1505 2 1 0
14.2076 43.1594 43.1594 2 1 0
14.2076 43.1684 43.1684 2 1 0
14.2076 43.1773 43.1773 2 1 0
14.2076 43.1863 43.1863 2 1 0
14.2076 43.1952 43.1952 2 1 0
14.2076 43.2042 43.2042 2 1 0
14.2076 43.2131 43.2131 2 1 0
14.2076 43.2221 43.2221 2 1 0
14.2076 43.231 43.231 2 1 0
14.2076 43.2399 43.2399 2 1 0
14.2076 43.2489 43.2489 2 1 0
14.2076 43.2578 43.2578 2 1 0
14.2076 43.2668 43.2668 2 1 0
14.2076 43.2757 43.2757 2 1 0
14.2076 43.2847 43.2847 2 1 0
14.2076 43.2936 43.2936 2 1 0
14.2076 43.3025 43.3025 2 1 0
14.2076 43.3115 43.3115 2 1 0
14.2076 43.3204 43.3204 2 1 0
14.2076 43.3294 43.3294 2 1 0
14.2076 43.3383 43.3383 2 1 0
14.2076 43.3473 43.3473 2 1 0
14.2076 43.3562 43.3562 2 1 0
14.2076 43.3652 43.3652 2 1 0
14.2076 43.3741 43.3741 2 1 0
14.2076 43.383 43.383 2 1 0
14.2076 43.392 43.392 2 1 0
14.2076 43.4009 43.4009 2 1 0
14.2076 43.4099 43.4099 2 1 0
14.2076 43.4188 43.4188 2 1 0
14.2076 43.4278 43.4278 2 1 0
14.2076 43.4367 43.4367 2 1 0
14.2076 43.4457 43.4457 2 1 0
14.2076 43.4546 43.4546 2 1 0
14.2076 43.4635 43.4635 2 1 0
14.2076 43.4725 43.4725 2 1 0
14.2076 43.4814 43.4814 2 1 0
14.2076 43.4904 43.4904 2 1 0
14.2076 43.4993 43.4993 2 1 0
14.2076 43.5083 43.5083 2 1 0
14.2076 43.5172 43.5172 2 1 0
14.2076 43.5262 43.5262 2 1 0
14.2076 43.5351 43.5351 2 1 0
14.2076 43.544 43.544 2 1 0
14.2076 43.553 43.553 2 1 0
14.2076 43.5619 43.5619 2 1 0
14.2076 43.5709 43.5709 2 1 0
14.2076 43.5798 43.5798 2 1 0
14.2076 43.5888 43.5888 2 1 0
14.2076 43.5977 43.5977 2 1 0
14.2076 43.6067 43.6067 2 1 0
14.2076 43.6156 43.6156 2 1 0
14.2076 43.6245 43.6245 2 1 0
14.2076 43.6335 43.6335 2 1 0
14.2076 43.6424 43.6424 2 1 0
14.2076 43.6514 43.6514 2 1 0
14.2076 43.6603 43.6603 2 1 0
14.2076 43.6693 43.6693 2 1 0
14.2076 43.6782 43.6782 2 1 0
14.2076 43.6872 43.6872 2 1 0
14.2076 43.6961 43.6961 2 1 0
14.2076 43.705 43.705 2 1 0
14.2076 43.714 43.714 2 1 0
14.2076 43.7229 43.7229 2 1 0
14.2076 43.7319 43.7319 2 1 0
14.2076 43.7408 43.7408 2 1 0
14.2076 43.7498 43.7498 2 1 0
14.2076 43.7587 43.7587 2 1 0
14.2076 43.7677 43.7677 2 1 0
14.2076 43.7766 43.7766 2 1 0
14.2076 43.7855 43.7855 2 1 0
14.2076 43.7945 43.7945 2 1 0
14.2076 43.8034 43.8034 2 1 0
14.2076 43.8124 43.8124 2 1 0
14.2076 43.8213 43.8213 2 1 0
14.2076 43.8303 43.8303 2 1 0
14.2076 43.8392 43.8392 2 1 0
14.2076 43.8481 43.8481 2 1 0
14.2076 43.8571 43.8571 2 1 0
14.2076 43.866 43.866 2 1 0
14.2076 43.875 43.875 2 1 0
14.2076 43.8839 43.8839 2 1 0
14.2076 43.8929 43.8929 2 1 0
14.2076 43.9018 43.9018 2 1 0
14.2076 43.9108 43.9108 2 1 0
14.2076 43.9197 43.9197 2 1 0
14.2076 43.9286 43.9286 2 1 0
14.2076 43.9376 43.9376 2 1 0
14.2076 43.9465 43.9465 2 1 0
14.2076 43.9555 43.9555 2 1 0
14.2076 43.9644 43.9644 2 1 0
14.2076 43.9734 43.9734 2 1 0
14.2077 43.9823 43.9823 2 1 0
14.2077 43.9913 43.9913 2 1 0
14.2077 44.0002 44.0002 2 1 0
14.2077 44.0091 44.0091 2 1 0
14.2077 44.0181 44.0181 2 1 0
14.2077 44.027 44.027 2 1 0
14.2077 44.036 44.036 2 1 0
14.2077 44.0449 44.0449 2 1 0
14.2077 44.0539 44.0539 2 1 0
14.2077 44.0628 44.0628 2 1 0
14.2077 44.0718 44.0718 2 1 0
14.2077 44.0807 44.0807 2 1 0
14.2077 44.0896 44.0896 2 1 0
14.2077 44.0986 44.0986 2 1 0
14.2077 44.1075 44.1075 2 1 0
14.2077 44.1165 44.1165 2 1 0
14.2077 44.1254 44.1254 2 1 0
14.2077 44.1344 44.1344 2 1 0
14.2077 44.1433 44.1433 2 1 0
14.2077 44.1523 44.1523 2 1 0
14.2077 44.1612 44.1612 2 1 0
14.2077 44.1701 44.1701 2 1 0
14.2077 44.1791 44.1791 2 1 0
14.2077 44.188 44.188 2 1 0
14.2077 44.197 44.197 2 1 0
14.2077 44.2059 44.2059 2 1 0
14.2077 44.2149 44.2149 2 1 0
14.2077 44.2238 44.2238 2 1 0
14.2077 44.2328 44.2328 2 1 0
14.2077 44.2417 44.2417 2 1 0
14.2077 44.2506 44.2506 2 1 0
14.2077 44.2596 44.2596 2 1 0
14.2077 44.2685 44.2685 2 1 0
14.2077 44.2775 44.2775 2 1 0
14.2077 44.2864 44.2864 2 1 0
14.2077 44.2954 44.2954 2 1 0
14.2077 44.3043 44.3043 2 1 0
14.2077 44.3133 44.3133 2 1 0
14.2077 44.3222 44.3222 2 1 0
14.2077 44.3311 44.3311 2 1 0
14.2077 44.3401 44.3401 2 1 0
14.2077 44.349 44.349 2 1 0
14.2077 44.358 44.358 2 1 0
14.2077 44.3669 44.3669 2 1 0
14.2077 44.3759 44.3759 2 1 0
14.2077 44.3848 44.3848 2 1 0
14.2077 44.3937 44.3937 2 1 0
14.2077 44.4027 44.4027 2 1 0
14.2077 44.4116 44.4116 2 1 0
14.2077 44.4206 44.4206 2 1 0
14.2077 44.4295 44.4295 2 1 0
14.2077 44.4385 44.4385 2 1 0
14.2077 44.4474 44.4474 2 1 0
14.2077 44.4564 44.4564 2 1 0
14.2077 44.4653 44.4653 2 1 0
14.2077 44.4742 44.4742 2 1 0
14.2077 44.4832 44.4832 2 1 0
14.2077 44.4921 44.4921 2 1 0
14.2077 44.5011 44.5011 2 1 0
14.2077 44.51 44.51 2 1 0
14.2077 44.519 44.519 2 1 0
14.2077 44.5279 44.5279 2 1 0
14.2077 44.5369 44.5369 2 1 0
14.2077 44.5458 44.5458 2 1 0
14.2077 44.5547 44.5547 2 1 0
14.2077 44.5637 44.5637 2 1 0
14.2077 44.5726 44.5726 2 1 0
14.2077 44.5816 44.5816 2 1 0
14.2077 44.5905 44.5905 2 1 0
14.2077 44.5995 44.5995 2 1 0
14.2077 44.6084 44.6084 2 1 0
14.2077 44.6174 44.6174 2 1 0
14.2077 44.6263 44.6263 2 1 0
14.2077 44.6352 44.6352 2 1 0
14.2077 44.6442 44.6442 2 1 0
14.2077 44.6531 44.6531 2 1 0
14.2077 44.6621 44.6621 2 1 0
14.2077 44.671 44.671 2 1 0
14.2077 44.68 44.68 2 1 0
14.2077 44.6889 44.6889 2 1 0
14.2077 44.6979 44.6979 2 1 0
14.2077 44.7068 44.7068 2 1 0
14.2077 44.7157 44.7157 2 1 0
14.2077 44.7247 44.7247 2 1 0
14.2077 44.7336 44.7336 2 1 0
14.2077 44.7426 44.7426 2 1 0
14.2077 44.7515 44.7515 2 1 0
14.2077 44.7605 44.7605 2 1 0
14.2077 44.7694 44.7694 2 1 0
14.2077 44.7784 44.7784 2 1 0
14.2077 44.7873 44.7873 2 1 0
14.2077 44.7962 44.7962 2 1 0
14.2077 44.8052 44.8052 2 1 0
14.2077 44.8141 44.8141 2 1 0
14.2077 44.8231 44.8231 2 1 0
14.2077 44.832 44.832 2 1 0
14.2077 44.841 44.841 2 1 0
14.2077 44.8499 44.8499 2 1 0
14.2077 44.8589 44.8589 2 1 0
14.2077 44.8678 44.8678 2 1 0
14.2077 44.8767 44.8767 2 1 0
14.2077 44.8857 44.8857 2 1 0
14.2077 44.8946 44.8946 2 1 0
14.2077 44.9036 44.9036 2 1 0
14.2077 44.9125 44.9125 2 1 0
14.2077 44.9215 44.9215 2 1 0
14.2077 44.9304 44.9304 2 1 0
14.2077 44.9394 44.9394 2 1 0
14.2077 44.9483 44.9483 2 1 0
14.2077 44.9572 44.9572 2 1 0
14.2077 44.9662 44.9662 2 1 0
14.2077 44.9751 44.9751 2 1 0
14.2077 44.9841 44.9841 2 1 0
14.2077 44.993 44.993 2 1 0
14.2077 45.002 45.002 2 1 0
14.2077 45.0109 45.0109 2 1 0
14.2077 45.0198 45.0198 2 1 0
14.2077 45.0288 45.0288 2 1 0
14.2077 45.0377 45.0377 2 1 0
14.2077 45.0467 45.0467 2 1 0
14.2077 45.0556 45.0556 2 1 0
14.2077 45.0646 45.0646 2 1 0
14.2077 45.0735 45.0735 2 1 0
14.2077 45.0825 45.0825 2 1 0
14.2077 45.0914 45.0914 2 1 0
14.2077 45.1003 45.1003 2 1 0
14.2077 45.1093 45.1093 2 1 0
14.2077 45.1182 45.1182 2 1 0
14.2077 45.1272 45.1272 2 1 0
14.2077 45.1361 45.1361 2 1 0
14.2077 45.1451 45.1451 2 1 0
14.2077 45.154 45.154 2 1 0
14.2077 45.163 45.163 2 1 0
14.2077 45.1719 45.1719 2 1 0
14.2077 45.1808 45.1808 2 1 0
14.2077 45.1898 45.1898 2 1 0
14.2077 45.1987 45.1987 2 1 0
14.2077 45.2077 45.2077 2 1 0
14.2077 45.2166 45.2166 2 1 0
14.2077 45.2256 45.2256 2 1 0
14.2077 45.2345 45.2345 2 1 0
14.2077 45.2435 45.2435 2 1 0
14.2077 45.2524 45.2524 2 1 0
14.2077 45.2613 45.2613 2 1 0
14.2077 45.2703 45.2703 2 1 0
14.2077 45.2792 45.2792 2 1 0
14.2077 45.2882 45.2882 2 1 0
14.2077 45.2971 45.2971 2 1 0
14.2077 45.3061 45.3061 2 1 0
14.2077 45.315 45.315 2 1 0
14.2077 45.324 45.324 2 1 0
14.2077 45.3329 45.3329 2 1 0
14.2077 45.3418 45.3418 2 1 0
14.2077 45.3508 45.3508 2 1 0
14.2077 45.3597 45.3597 2 1 0
14.2077 45.3687 45.3687 2 1 0
14.2077 45.3776 45.3776 2 1 0
14.2077 45.3866 45.3866 2 1 0
14.2077 45.3955 45.3955 2 1 0
14.2077 45.4045 45.4045 2 1 0
14.2077 45.4134 45.4134 2 1 0
14.2077 45.4223 45.4223 2 1 0
14.2077 45.4313 45.4313 2 1 0
14.2077 45.4402 45.4402 2 1 0
14.2077 45.4492 45.4492 2 1 0
14.2077 45.4581 45.4581 2 1 0
14.2077 45.4671 45.4671 2 1 0
14.2077 45.476 45.476 2 1 0
14.2077 45.485 45.485 2 1 0
14.2077 45.4939 45.4939 2 1 0
14.2077 45.5028 45.5028 2 1 0
14.2077 45.5118 45.5118 2 1 0
14.2077 45.5207 45.5207 2 1 0
14.2077 45.5297 45.5297 2 1 0
14.2077 45.5386 45.5386 2 1 0
14.2077 45.5476 45.5476 2 1 0
14.2077 45.5565 45.5565 2 1 0
14.2077 45.5654 45.5654 2 1 0
14.2077 45.5744 45.5744 2 1 0
14.2077 45.5833 45.5833 2 1 0
14.2077 45.5923 45.5923 2 1 0
14.2077 45.6012 45.6012 2 1 0
14.2077 45.6102 45.6102 2 1 0
14.2077 45.6191 45.6191 2 1 0
14.2077 45.6281 45.6281 2 1 0
14.2077 45.637 45.637 2 1 0
14.2077 45.6459 45.6459 2 1 0
14.2077 45.6549 45.6549 2 1 0
14.2077 45.6638 45.6638 2 1 0
14.2077 45.6728 45.6728 2 1 0
14.2077 45.6817 45.6817 2 1 0
14.2077 45.6907 45.6907 2 1 0
14.2077 45.6996 45.6996 2 1 0
14.2077 45.7086 45.7086 2 1 0
14.2077 45.7175 45.7175 2 1 0
14.2077 45.7264 45.7264 2 1 0
14.2077 45.7354 45.7354 2 1 0
14.2077 45.7443 45.7443 2 1 0
14.2077 45.7533 45.7533 2 1 0
14.2077 45.7622 45.7622 2 1 0
14.2077 45.7712 45.7712 2 1 0
14.2077 45.7801 45.7801 2 1 0
14.2077 45.7891 45.7891 2 1 0
14.2077 45.798 45.798 2 1 0
14.2077 45.8069 45.8069 2 1 0
14.2077 45.8159 45.8159 2 1 0
14.2077 45.8248 45.8248 2 1 0
14.2077 45.8338 45.8338 2 1 0
14.2077 45.8427 45.8427 2 1 0
14.2077 45.8517 45.8517 2 1 0
14.2077 45.8606 45.8606 2 1 0
14.2077 45.8696 45.8696 2 1 0
14.2077 45.8785 45.8785 2 1 0
14.2077 45.8874 45.8874 2 1 0
14.2077 45.8964 45.8964 2 1 0
14.2077 45.9053 45.9053 2 1 0
14.2077 45.9143 45.9143 2 1 0
14.2077 45.9232 45.9232 2 1 0
14.2077 45.9322 45.9322 2 1 0
14.2077 45.9411 45.9411 2 1 0
14.2077 45.9501 45.9501 2 1 0
14.2077 45.959 45.959 2 1 0
14.2077 45.9679 45.9679 2 1 0
14.2077 45.9769 45.9769 2 1 0
14.2077 45.9858 45.9858 2 1 0
14.2077 45.9948 45.9948 2 1 0
14.2077 46.0037 46.0037 2 1 0
14.2077 46.0127 46.0127 2 1 0
14.2077 46.0216 46.0216 2 1 0
14.2077 46.0306 46.0306 2 1 0
14.2077 46.0395 46.0395 2 1 0
14.2077 46.0484 46.0484 2 1 0
14.2077 46.0574 46.0574 2 1 0
14.2077 46.0663 46.0663 2 1 0
14.2077 46.0753 46.0753 2 1 0
14.2077 46.0842 46.0842 2 1 0
14.2077 46.0932 46.0932 2 1 0
14.2077 46.1021 46.1021 2 1 0
14.2077 46.1111 46.1111 2 1 0
14.2077 46.12 46.12 2 1 0
14.2077 46.1289 46.1289 2 1 0
14.2077 46.1379 46.1379 2 1 0
14.2077 46.1468 46.1468 2 1 0
14.2077 46.1558 46.1558 2 1 0
14.2077 46.1647 46.1647 2 1 0
14.2077 46.1737 46.1737 2 1 0
14.2077 46.1826 46.1826 2 1 0
14.2077 46.1915 46.1915 2 1 0
14.2077 46.2005 46.2005 2 1 0
14.2077 46.2094 46.2094 2 1 0
14.2077 46.2184 46.2184 2 1 0
14.2077 46.2273 46.2273 2 1 0
14.2077 46.2363 46.2363 2 1 0
14.2077 46.2452 46.2452 2 1 0
14.2077 46.2542 46.2542 2 1 0
14.2077 46.2631 46.2631 2 1 0
14.2077 46.272 46.272 2 1 0
14.2077 46.281 46.281 2 1 0
14.2077 46.2899 46.2899 2 1 0
14.2077 46.2989 46.2989 2 1 0
14.2077 46.3078 46.3078 2 1 0
14.2077 46.3168 46.3168 2 1 0
14.2077 46.3257 46.3257 2 1 0
14.2077 46.3347 46.3347 2 1 0
14.2077 46.3436 46.3436 2 1 0
14.2077 46.3525 46.3525 2 1 0
14.2077 46.3615 46.3615 2 1 0
14.2077 46.3704 46.3704 2 1 0
14.2077 46.3794 46.3794 2 1 0
14.2077 46.3883 46.3883 2 1 0
14.2077 46.3973 46.3973 2 1 0
14.2077 46.4062 46.4062 2 1 0
14.2077 46.4152 46.4152 2 1 0
14.2077 46.4241 46.4241 2 1 0
14.2077 46.433 46.433 2 1 0
14.2077 46.442 46.442 2 1 0
14.2077 46.4509 46.4509 2 1 0
14.2077 46.4599 46.4599 2 1 0
14.2077 46.4688 46.4688 2 1 0
14.2077 46.4778 46.4778 2 1 0
14.2077 46.4867 46.4867 2 1 0
14.2077 46.4957 46.4957 2 1 0
14.2077 46.5046 46.5046 2 1 0
14.2077 46.5135 46.5135 2 1 0
14.2077 46.5225 46.5225 2 1 0
14.2077 46.5314 46.5314 2 1 0
14.2077 46.5404 46.5404 2 1 0
14.2077 46.5493 46.5493 2 1 0
14.2077 46.5583 46.5583 2 1 0
14.2077 46.5672 46.5672 2 1 0
14.2077 46.5762 46.5762 2 1 0
14.2077 46.5851 46.5851 2 1 0
14.2077 46.594 46.594 2 1 0
14.2077 46.603 46.603 2 1 0
14.2077 46.6119 46.6119 2 1 0
14.2077 46.6209 46.6209 2 1 0
14.2077 46.6298 46.6298 2 1 0
14.2077 46.6388 46.6388 2 1 0
14.2077 46.6477 46.6477 2 1 0
14.2077 46.6567 46.6567 2 1 0
14.2077 46.6656 46.6656 2 1 0
14.2077 46.6745 46.6745 2 1 0
14.2077 46.6835 46.6835 2 1 0
14.2077 46.6924 46.6924 2 1 0
14.2077 46.7014 46.7014 2 1 0
14.2077 46.7103 46.7103 2 1 0
14.2077 46.7193 46.7193 2 1 0
14.2077 46.7282 46.7282 2 1 0
14.2077 46.7371 46.7371 2 1 0
14.2077 46.7461 46.7461 2 1 0
14.2077 46.755 46.755 2 1 0
14.2077 46.764 46.764 2 1 0
14.2077 46.7729 46.7729 2 1 0
14.2077 46.7819 46.7819 2 1 0
14.2077 46.7908 46.7908 2 1 0
14.2077 46.7998 46.7998 2 1 0
14.2077 46.8087 46.8087 2 1 0
14.2077 46.8176 46.8176 2 1 0
14.2077 46.8266 46.8266 2 1 0
14.2077 46.8355 46.8355 2 1 0
14.2077 46.8445 46.8445 2 1 0
14.2077 46.8534 46.8534 2 1 0
14.2077 46.8624 46.8624 2 1 0
14.2077 46.8713 46.8713 2 1 0
14.2077 46.8803 46.8803 2 1 0
14.2077 46.8892 46.8892 2 1 0
14.2077 46.8981 46.8981 2 1 0
14.2077 46.9071 46.9071 2 1 0
14.2077 46.916 46.916 2 1 0
14.2077 46.925 46.925 2 1 0
14.2077 46.9339 46.9339 2 1 0
14.2077 46.9429 46.9429 2 1 0
14.2077 46.9518 46.9518 2 1 0
14.2077 46.9608 46.9608 2 1 0
14.2077 46.9697 46.9697 2 1 0
14.2077 46.9786 46.9786 2 1 0
14.2077 46.9876 46.9876 2 1 0
14.2077 46.9965 46.9965 2 1 0
14.2077 47.0055 47.0055 2 1 0
14.2077 47.0144 47.0144 2 1 0
14.2077 47.0234 47.0234 2 1 0
14.2077 47.0323 47.0323 2 1 0
14.2077 47.0413 47.0413 2 1 0
14.2077 47.0502 47.0502 2 1 0
14.2077 47.0591 47.0591 2 1 0
14.2077 47.0681 47.0681 2 1 0
14.2077 47.077 47.077 2 1 0
14.2077 47.086 47.086 2 1 0
14.2077 47.0949 47.0949 2 1 0
14.2077 47.1039 47.1039 2 1 0
14.2077 47.1128 47.1128 2 1 0
14.2077 47.1218 47.1218 2 1 0
14.2077 47.1307 47.1307 2 1 0
14.2077 47.1396 47.1396 2 1 0
14.2077 47.1486 47.1486 2 1 0
14.2077 47.1575 47.1575 2 1 0
14.2077 47.1665 47.1665 2 1 0
14.2077 47.1754 47.1754 2 1 0
14.2077 47.1844 47.1844 2 1 0
14.2077 47.1933 47.1933 2 1 0
14.2077 47.2023 47.2023 2 1 0
14.2077 47.2112 47.2112 2 1 0
14.2077 47.2201 47.2201 2 1 0
14.2077 47.2291 47.2291 2 1 0
14.2077 47.238 47.238 2 1 0
14.2077 47.247 47.247 2 1 0
14.2077 47.2559 47.2559 2 1 0
14.2077 47.2649 47.2649 2 1 0
14.2077 47.2738 47.2738 2 1 0
14.2077 47.2828 47.2828 2 1 0
14.2077 47.2917 47.2917 2 1 0
14.2077 47.3006 47.3006 2 1 0
14.2077 47.3096 47.3096 2 1 0
14.2077 47.3185 47.3185 2 1 0
14.2077 47.3275 47.3275 2 1 0
14.2077 47.3364 47.3364 2 1 0
14.2077 47.3454 47.3454 2 1 0
14.2077 47.3543 47.3543 2 1 0
14.2077 47.3632 47.3632 2 1 0
14.2077 47.3722 47.3722 2 1 0
14.2077 47.3811 47.3811 2 1 0
14.2077 47.3901 47.3901 2 1 0
14.2077 47.399 47.399 2 1 0
14.2077 47.408 47.408 2 1 0
14.2077 47.4169 47.4169 2 1 0
14.2077 47.4259 47.4259 2 1 0
14.2077 47.4348 47.4348 2 1 0
14.2077 47.4437 47.4437 2 1 0
14.2077 47.4527 47.4527 2 1 0
14.2077 47.4616 47.4616 2 1 0
14.2077 47.4706 47.4706 2 1 0
14.2077 47.4795 47.4795 2 1 0
14.2077 47.4885 47.4885 2 1 0
14.2077 47.4974 47.4974 2 1 0
14.2077 47.5064 47.5064 2 1 0
14.2077 47.5153 47.5153 2 1 0
14.2077 47.5242 47.5242 2 1 0
14.2077 47.5332 47.5332 2 1 0
14.2077 47.5421 47.5421 2 1 0
14.2077 47.5511 47.5511 2 1 0
14.2077 47.56 47.56 2 1 0
14.2077 47.569 47.569 2 1 0
14.2077 47.5779 47.5779 2 1 0
14.2077 47.5869 47.5869 2 1 0
14.2077 47.5958 47.5958 2 1 0
14.2077 47.6047 47.6047 2 1 0
14.2077 47.6137 47.6137 2 1 0
14.2077 47.6226 47.6226 2 1 0
14.2077 47.6316 47.6316 2 1 0
14.2077 47.6405 47.6405 2 1 0
14.2077 47.6495 47.6495 2 1 0
14.2077 47.6584 47.6584 2 1 0
14.2077 47.6674 47.6674 2 1 0
14.2077 47.6763 47.6763 2 1 0
14.2077 47.6852 47.6852 2 1 0
14.2077 47.6942 47.6942 2 1 0
14.2077 47.7031 47.7031 2 1 0
14.2077 47.7121 47.7121 2 1 0
14.2077 47.721 47.721 2 1 0
14.2077 47.73 47.73 2 1 0
14.2077 47.7389 47.7389 2 1 0
14.2077 47.7479 47.7479 2 1 0
14.2077 47.7568 47.7568 2 1 0
14.2077 47.7657 47.7657 2 1 0
14.2077 47.7747 47.7747 2 1 0
14.2077 47.7836 47.7836 2 1 0
14.2077 47.7926 47.7926 2 1 0
14.2077 47.8015 47.8015 2 1 0
14.2077 47.8105 47.8105 2 1 0
14.2077 47.8194 47.8194 2 1 0
14.2077 47.8284 47.8284 2 1 0
14.2077 47.8373 47.8373 2 1 0
14.2077 47.8462 47.8462 2 1 0
14.2077 47.8552 47.8552 2 1 0
14.2077 47.8641 47.8641 2 1 0
14.2077 47.8731 47.8731 2 1 0
14.2077 47.882 47.882 2 1 0
14.2077 47.891 47.891 2 1 0
14.2077 47.8999 47.8999 2 1 0
14.2077 47.9088 47.9088 2 1 0
14.2077 47.9178 47.9178 2 1 0
14.2077 47.9267 47.9267 2 1 0
14.2077 47.9357 47.9357 2 1 0
14.2077 47.9446 47.9446 2 1 0
14.2077 47.9536 47.9536 2 1 0
14.2077 47.9625 47.9625 2 1 0
14.2077 47.9715 47.9715 2 1 0
14.2077 47.9804 47.9804 2 1 0
14.2077 47.9893 47.9893 2 1 0
14.2077 47.9983 47.9983 2 1 0
14.2077 48.0072 48.0072 2 1 0
14.2077 48.0162 48.0162 2 1 0
14.2077 48.0251 48.0251 2 1 0
14.2077 48.0341 48.0341 2 1 0
14.2077 48.043 48.043 2 1 0
14.2077 48.052 48.052 2 1 0
14.2077 48.0609 48.0609 2 1 0
14.2077 48.0698 48.0698 2 1 0
14.2077 48.0788 48.0788 2 1 0
14.2077 48.0877 48.0877 2 1 0
14.2077 48.0967 48.0967 2 1 0
14.2077 48.1056 48.1056 2 1 0
14.2077 48.1146 48.1146 2 1 0
14.2077 48.1235 48.1235 2 1 0
14.2077 48.1325 48.1325 2 1 0
14.2077 48.1414 48.1414 2 1 0
14.2077 48.1503 48.1503 2 1 0
14.2077 48.1593 48.1593 2 1 0
14.2077 48.1682 48.1682 2 1 0
14.2077 48.1772 48.1772 2 1 0
14.2077 48.1861 48.1861 2 1 0
14.2077 48.1951 48.1951 2 1 0
14.2077 48.204 48.204 2 1 0
14.2077 48.213 48.213 2 1 0
14.2077 48.2219 48.2219 2 1 0
14.2077 48.2308 48.2308 2 1 0
14.2077 48.2398 48.2398 2 1 0
14.2077 48.2487 48.2487 2 1 0
14.2077 48.2577 48.2577 2 1 0
14.2077 48.2666 48.2666 2 1 0
14.2077 48.2756 48.2756 2 1 0
14.2077 48.2845 48.2845 2 1 0
14.2077 48.2935 48.2935 2 1 0
14.2077 48.3024 48.3024 2 1 0
14.2077 48.3113 48.3113 2 1 0
14.2077 48.3203 48.3203 2 1 0
14.2077 48.3292 48.3292 2 1 0
14.2077 48.3382 48.3382 2 1 0
14.2077 48.3471 48.3471 2 1 0
14.2077 48.3561 48.3561 2 1 0
14.2077 48.365 48.365 2 1 0
14.2077 48.374 48.374 2 1 0
14.2077 48.3829 48.3829 2 1 0
14.2077 48.3918 48.3918 2 1 0
14.2077 48.4008 48.4008 2 1 0
14.2077 48.4097 48.4097 2 1 0
14.2077 48.4187 48.4187 2 1 0
14.2077 48.4276 48.4276 2 1 0
14.2077 48.4366 48.4366 2 1 0
14.2077 48.4455 48.4455 2 1 0
14.2077 48.4544 48.4544 2 1 0
14.2077 48.4634 48.4634 2 1 0
14.2077 48.4723 48.4723 2 1 0
14.2077 48.4813 48.4813 2 1 0
14.2077 48.4902 48.4902 2 1 0
14.2077 48.4992 48.4992 2 1 0
14.2077 48.5081 48.5081 2 1 0
14.2077 48.5171 48.5171 2 1 0
14.2077 48.526 48.526 2 1 0
14.2077 48.5349 48.5349 2 1 0
14.2077 48.5439 48.5439 2 1 0
14.2077 48.5528 48.5528 2 1 0
14.2077 48.5618 48.5618 2 1 0
14.2077 48.5707 48.5707 2 1 0
14.2077 48.5797 48.5797 2 1 0
14.2077 48.5886 48.5886 2 1 0
14.2077 48.5976 48.5976 2 1 0
14.2077 48.6065 48.6065 2 1 0
14.2077 48.6154 48.6154 2 1 0
14.2077 48.6244 48.6244 2 1 0
14.2077 48.6333 48.6333 2 1 0
14.2077 48.6423 48.6423 2 1 0
14.2077 48.6512 48.6512 2 1 0
14.2077 48.6602 48.6602 2 1 0
14.2077 48.6691 48.6691 2 1 0
14.2077 48.6781 48.6781 2 1 0
14.2077 48.687 48.687 2 1 0
14.2077 48.6959 48.6959 2 1 0
14.2077 48.7049 48.7049 2 1 0
14.2077 48.7138 48.7138 2 1 0
14.2077 48.7228 48.7228 2 1 0
14.2077 48.7317 48.7317 2 1 0
14.2077 48.7407 48.7407 2 1 0
14.2077 48.7496 48.7496 2 1 0
14.2077 48.7586 48.7586 2 1 0
14.2077 48.7675 48.7675 2 1 0
14.2077 48.7764 48.7764 2 1 0
14.2077 48.7854 48.7854 2 1 0
14.2077 48.7943 48.7943 2 1 0
14.2077 48.8033 48.8033 2 1 0
14.2077 48.8122 48.8122 2 1 0
14.2077 48.8212 48.8212 2 1 0
14.2077 48.8301 48.8301 2 1 0
14.2077 48.8391 48.8391 2 1 0
14.2077 48.848 48.848 2 1 0
14.2077 48.8569 48.8569 2 1 0
14.2077 48.8659 48.8659 2 1 0
14.2077 48.8748 48.8748 2 1 0
14.2077 48.8838 48.8838 2 1 0
14.2077 48.8927 48.8927 2 1 0
14.2077 48.9017 48.9017 2 1 0
14.2077 48.9106 48.9106 2 1 0
14.2077 48.9196 48.9196 2 1 0
14.2077 48.9285 48.9285 2 1 0
14.2077 48.9374 48.9374 2 1 0
14.2077 48.9464 48.9464 2 1 0
14.2077 48.9553 48.9553 2 1 0
14.2077 48.9643 48.9643 2 1 0
14.2077 48.9732 48.9732 2 1 0
14.2077 48.9822 48.9822 2 1 0
14.2077 48.9911 48.9911 2 1 0
14.2077 49.0001 49.0001 2 1 0
14.2077 49.009 49.009 2 1 0
14.2077 49.0179 49.0179 2 1 0
14.2077 49.0269 49.0269 2 1 0
14.2077 49.0358 49.0358 2 1 0
14.2077 49.0448 49.0448 2 1 0
14.2077 49.0537 49.0537 2 1 0
14.2077 49.0627 49.0627 2 1 0
14.2077 49.0716 49.0716 2 1 0
14.2077 49.0805 49.0805 2 1 0
14.2077 49.0895 49.0895 2 1 0
14.2077 49.0984 49.0984 2 1 0
14.2077 49.1074 49.1074 2 1 0
14.2077 49.1163 49.1163 2 1 0
14.2077 49.1253 49.1253 2 1 0
14.2077 49.1342 49.1342 2 1 0
14.2077 49.1432 49.1432 2 1 0
14.2077 49.1521 49.1521 2 1 0
14.2077 49.161 49.161 2 1 0
14.2077 49.17 49.17 2 1 0
14.2077 49.1789 49.1789 2 1 0
14.2077 49.1879 49.1879 2 1 0
14.2077 49.1968 49.1968 2 1 0
14.2077 49.2058 49.2058 2 1 0
14.2077 49.2147 49.2147 2 1 0
14.2077 49.2237 49.2237 2 1 0
14.2077 49.2326 49.2326 2 1 0
14.2077 49.2415 49.2415 2 1 0
14.2077 49.2505 49.2505 2 1 0
14.2077 49.2594 49.2594 2 1 0
14.2077 49.2684 49.2684 2 1 0
14.2077 49.2773 49.2773 2 1 0
14.2077 49.2863 49.2863 2 1 0
14.2077 49.2952 49.2952 2 1 0
14.2077 49.3042 49.3042 2 1 0
14.2077 49.3131 49.3131 2 1 0
14.2077 49.322 49.322 2 1 0
14.2077 49.331 49.331 2 1 0
14.2077 49.3399 49.3399 2 1 0
14.2077 49.3489 49.3489 2 1 0
14.2077 49.3578 49.3578 2 1 0
14.2077 49.3668 49.3668 2 1 0
14.2077 49.3757 49.3757 2 1 0
14.2077 49.3847 49.3847 2 1 0
14.2077 49.3936 49.3936 2 1 0
14.2077 49.4025 49.4025 2 1 0
14.2077 49.4115 49.4115 2 1 0
14.2077 49.4204 49.4204 2 1 0
14.2077 49.4294 49.4294 2 1 0
14.2077 49.4383 49.4383 2 1 0
14.2077 49.4473 49.4473 2 1 0
14.2077 49.4562 49.4562 2 1 0
14.2077 49.4652 49.4652 2 1 0
14.2077 49.4741 49.4741 2 1 0
14.2077 49.483 49.483 2 1 0
14.2077 49.492 49.492 2 1 0
14.2077 49.5009 49.5009 2 1 0
14.2077 49.5099 49.5099 2 1 0
14.2077 49.5188 49.5188 2 1 0
14.2077 49.5278 49.5278 2 1 0
14.2077 49.5367 49.5367 2 1 0
14.2077 49.5457 49.5457 2 1 0
14.2077 49.5546 49.5546 2 1 0
14.2077 49.5635 49.5635 2 1 0
14.2077 49.5725 49.5725 2 1 0
14.2077 49.5814 49.5814 2 1 0
14.2077 49.5904 49.5904 2 1 0
14.2077 49.5993 49.5993 2 1 0
14.2077 49.6083 49.6083 2 1 0
14.2077 49.6172 49.6172 2 1 0
14.2077 49.6261 49.6261 2 1 0
14.2077 49.6351 49.6351 2 1 0
14.2077 49.644 49.644 2 1 0
14.2077 49.653 49.653 2 1 0
14.2077 49.6619 49.6619 2 1 0
14.2077 49.6709 49.6709 2 1 0
14.2077 49.6798 49.6798 2 1 0
14.2077 49.6888 49.6888 2 1 0
14.2077 49.6977 49.6977 2 1 0
14.2077 49.7066 49.7066 2 1 0
14.2077 49.7156 49.7156 2 1 0
14.2077 49.7245 49.7245 2 1 0
14.2077 49.7335 49.7335 2 1 0
14.2077 49.7424 49.7424 2 1 0
14.2077 49.7514 49.7514 2 1 0
14.2077 49.7603 49.7603 2 1 0
14.2077 49.7693 49.7693 2 1 0
14.2077 49.7782 49.7782 2 1 0
14.2077 49.7871 49.7871 2 1 0
14.2077 49.7961 49.7961 2 1 0
14.2077 49.805 49.805 2 1 0
14.2077 49.814 49.814 2 1 0
14.2077 49.8229 49.8229 2 1 0
14.2077 49.8319 49.8319 2 1 0
14.2077 49.8408 49.8408 2 1 0
14.2077 49.8498 49.8498 2 1 0
14.2077 49.8587 49.8587 2 1 0
14.2077 49.8676 49.8676 2 1 0
14.2077 49.8766 49.8766 2 1 0
14.2077 49.8855 49.8855 2 1 0
14.2077 49.8945 49.8945 2 1 0
14.2077 49.9034 49.9034 2 1 0
14.2077 49.9124 49.9124 2 1 0
14.2077 49.9213 49.9213 2 1 0
14.2077 49.9303 49.9303 2 1 0
14.2077 49.9392 49.9392 2 1 0
14.2077 49.9481 49.9481 2 1 0
14.2077 49.9571 49.9571 2 1 0
14.2077 49.966 49.966 2 1 0
14.2077 49.975 49.975 2 1 0
14.2077 49.9839 49.9839 2 1 0
14.2077 49.9929 49.9929 2 1 0
14.2077 50.0018 50.0018 2 1 0
14.2077 50.0108 50.0108 2 1 0
14.2077 50.0197 50.0197 2 1 0
14.2077 50.0286 50.0286 2 1 0
14.2077 50.0376 50.0376 2 1 0
14.2077 50.0465 50.0465 2 1 0
14.2077 50.0555 50.0555 2 1 0
14.2077 50.0644 50.0644 2 1 0
14.2077 50.0734 50.0734 2 1 0
14.2077 50.0823 50.0823 2 1 0
14.2077 50.0913 50.0913 2 1 0
14.2077 50.1002 50.1002 2 1 0
14.2077 50.1091 50.1091 2 1 0
14.2077 50.1181 50.1181 2 1 0
14.2077 50.127 50.127 2 1 0
14.2077 50.136 50.136 2 1 0
14.2077 50.1449 50.1449 2 1 0
14.2077 50.1539 50.1539 2 1 0
14.2077 50.1628 50.1628 2 1 0
14.2077 50.1718 50.1718 2 1 0
14.2077 50.1807 50.1807 2 1 0
14.2077 50.1896 50.1896 2 1 0
14.2077 50.1986 50.1986 2 1 0
14.2077 50.2075 50.2075 2 1 0
14.2077 50.2165 50.2165 2 1 0
14.2077 50.2254 50.2254 2 1 0
14.2077 50.2344 50.2344 2 1 0
14.2077 50.2433 50.2433 2 1 0
14.2077 50.2522 50.2522 2 1 0
14.2077 50.2612 50.2612 2 1 0
14.2077 50.2701 50.2701 2 1 0
14.2077 50.2791 50.2791 2 1 0
14.2077 50.288 50.288 2 1 0
14.2077 50.297 50.297 2 1 0
14.2077 50.3059 50.3059 2 1 0
14.2077 50.3149 50.3149 2 1 0
14.2077 50.3238 50.3238 2 1 0
14.2077 50.3327 50.3327 2 1 0
14.2077 50.3417 50.3417 2 1 0
14.2077 50.3506 50.3506 2 1 0
14.2077 50.3596 50.3596 2 1 0
14.2077 50.3685 50.3685 2 1 0
14.2077 50.3775 50.3775 2 1 0
14.2077 50.3864 50.3864 2 1 0
14.2077 50.3954 50.3954 2 1 0
14.2077 50.4043 50.4043 2 1 0
14.2077 50.4132 50.4132 2 1 0
14.2077 50.4222 50.4222 2 1 0
14.2077 50.4311 50.4311 2 1 0
14.2077 50.4401 50.4401 2 1 0
14.2077 50.449 50.449 2 1 0
14.2077 50.458 50.458 2 1 0
14.2077 50.4669 50.4669 2 1 0
14.2077 50.4759 50.4759 2 1 0
14.2077 50.4848 50.4848 2 1 0
14.2077 50.4937 50.4937 2 1 0
14.2077 50.5027 50.5027 2 1 0
14.2077 50.5116 50.5116 2 1 0
14.2077 50.5206 50.5206 2 1 0
14.2077 50.5295 50.5295 2 1 0
14.2077 50.5385 50.5385 2 1 0
14.2077 50.5474 50.5474 2 1 0
14.2077 50.5564 50.5564 2 1 0
14.2077 50.5653 50.5653 2 1 0
14.2077 50.5742 50.5742 2 1 0
14.2077 50.5832 50.5832 2 1 0
14.2077 50.5921 50.5921 2 1 0
14.2077 50.6011 50.6011 2 1 0
14.2077 50.61 50.61 2 1 0
14.2077 50.619 50.619 2 1 0
14.2077 50.6279 50.6279 2 1 0
14.2077 50.6369 50.6369 2 1 0
14.2077 50.6458 50.6458 2 1 0
14.2077 50.6547 50.6547 2 1 0
14.2077 50.6637 50.6637 2 1 0
14.2077 50.6726 50.6726 2 1 0
14.2077 50.6816 50.6816 2 1 0
14.2077 50.6905 50.6905 2 1 0
14.2077 50.6995 50.6995 2 1 0
14.2077 50.7084 50.7084 2 1 0
14.2077 50.7174 50.7174 2 1 0
14.2077 50.7263 50.7263 2 1 0
14.2077 50.7352 50.7352 2 1 0
14.2077 50.7442 50.7442 2 1 0
14.2077 50.7531 50.7531 2 1 0
14.2077 50.7621 50.7621 2 1 0
14.2077 50.771 50.771 2 1 0
14.2077 50.78 50.78 2 1 0
14.2077 50.7889 50.7889 2 1 0
14.2077 50.7978 50.7978 2 1 0
14.2077 50.8068 50.8068 2 1 0
14.2077 50.8157 50.8157 2 1 0
14.2077 50.8247 50.8247 2 1 0
14.2077 50.8336 50.8336 2 1 0
14.2077 50.8426 50.8426 2 1 0
14.2077 50.8515 50.8515 2 1 0
14.2077 50.8605 50.8605 2 1 0
14.2077 50.8694 50.8694 2 1 0
14.2077 50.8783 50.8783 2 1 0
14.2077 50.8873 50.8873 2 1 0
14.2077 50.8962 50.8962 2 1 0
14.2077 50.9052 50.9052 2 1 0
14.2077 50.9141 50.9141 2 1 0
14.2077 50.9231 50.9231 2 1 0
14.2077 50.932 50.932 2 1 0
14.2077 50.941 50.941 2 1 0
14.2077 50.9499 50.9499 2 1 0
14.2077 50.9588 50.9588 2 1 0
14.2077 50.9678 50.9678 2 1 0
14.2077 50.9767 50.9767 2 1 0
14.2077 50.9857 50.9857 2 1 0
14.2077 50.9946 50.9946 2 1 0
14.2077 51.0036 51.0036 2 1 0
14.2077 51.0125 51.0125 2 1 0
14.2077 51.0215 51.0215 2 1 0
14.2077 51.0304 51.0304 2 1 0
14.2077 51.0393 51.0393 2 1 0
14.2077 51.0483 51.0483 2 1 0
14.2077 51.0572 51.0572 2 1 0
14.2077 51.0662 51.0662 2 1 0
14.2077 51.0751 51.0751 2 1 0
14.2077 51.0841 51.0841 2 1 0
14.2077 51.093 51.093 2 1 0
14.2077 51.102 51.102 2 1 0
14.2077 51.1109 51.1109 2 1 0
14.2077 51.1198 51.1198 2 1 0
14.2077 51.1288 51.1288 2 1 0
14.2077 51.1377 51.1377 2 1 0
14.2077 51.1467 51.1467 2 1 0
14.2077 51.1556 51.1556 2 1 0
14.2077 51.1646 51.1646 2 1 0
14.2077 51.1735 51.1735 2 1 0
14.2077 51.1825 51.1825 2 1 0
14.2077 51.1914 51.1914 2 1 0
14.2077 51.2003 51.2003 2 1 0
14.2077 51.2093 51.2093 2 1 0
14.2077 51.2182 51.2182 2 1 0
14.2077 51.2272 51.2272 2 1 0
14.2077 51.2361 51.2361 2 1 0
14.2077 51.2451 51.2451 2 1 0
14.2077 51.254 51.254 2 1 0
14.2077 51.263 51.263 2 1 0
14.2077 51.2719 51.2719 2 1 0
14.2077 51.2808 51.2808 2 1 0
14.2077 51.2898 51.2898 2 1 0
14.2077 51.2987 51.2987 2 1 0
14.2077 51.3077 51.3077 2 1 0
14.2077 51.3166 51.3166 2 1 0
14.2077 51.3256 51.3256 2 1 0
14.2077 51.3345 51.3345 2 1 0
14.2077 51.3434 51.3434 2 1 0
14.2077 51.3524 51.3524 2 1 0
14.2077 51.3613 51.3613 2 1 0
14.2077 51.3703 51.3703 2 1 0
14.2077 51.3792 51.3792 2 1 0
14.2077 51.3882 51.3882 2 1 0
14.2077 51.3971 51.3971 2 1 0
14.2077 51.4061 51.4061 2 1 0
14.2077 51.415 51.415 2 1 0
14.2077 51.4239 51.4239 2 1 0
14.2077 51.4329 51.4329 2 1 0
14.2077 51.4418 51.4418 2 1 0
14.2077 51.4508 51.4508 2 1 0
14.2077 51.4597 51.4597 2 1 0
14.2077 51.4687 51.4687 2 1 0
14.2077 51.4776 51.4776 2 1 0
14.2077 51.4866 51.4866 2 1 0
14.2077 51.4955 51.4955 2 1 0
14.2077 51.5044 51.5044 2 1 0
14.2077 51.5134 51.5134 2 1 0
14.2077 51.5223 51.5223 2 1 0
14.2077 51.5313 51.5313 2 1 0
14.2077 51.5402 51.5402 2 1 0
14.2077 51.5492 51.5492 2 1 0
14.2077 51.5581 51.5581 2 1 0
14.2077 51.5671 51.5671 2 1 0
14.2077 51.576 51.576 2 1 0
14.2077 51.5849 51.5849 2 1 0
14.2077 51.5939 51.5939 2 1 0
14.2077 51.6028 51.6028 2 1 0
14.2077 51.6118 51.6118 2 1 0
14.2077 51.6207 51.6207 2 1 0
14.2077 51.6297 51.6297 2 1 0
14.2077 51.6386 51.6386 2 1 0
14.2077 51.6476 51.6476 2 1 0
14.2077 51.6565 51.6565 2 1 0
14.2077 51.6654 51.6654 2 1 0
14.2077 51.6744 51.6744 2 1 0
14.2077 51.6833 51.6833 2 1 0
14.2077 51.6923 51.6923 2 1 0
14.2077 51.7012 51.7012 2 1 0
14.2077 51.7102 51.7102 2 1 0
14.2077 51.7191 51.7191 2 1 0
14.2077 51.7281 51.7281 2 1 0
14.2077 51.737 51.737 2 1 0
14.2077 51.7459 51.7459 2 1 0
14.2077 51.7549 51.7549 2 1 0
14.2077 51.7638 51.7638 2 1 0
14.2077 51.7728 51.7728 2 1 0
14.2077 51.7817 51.7817 2 1 0
14.2077 51.7907 51.7907 2 1 0
14.2077 51.7996 51.7996 2 1 0
14.2077 51.8086 51.8086 2 1 0
14.2077 51.8175 51.8175 2 1 0
14.2077 51.8264 51.8264 2 1 0
14.2077 51.8354 51.8354 2 1 0
14.2077 51.8443 51.8443 2 1 0
14.2077 51.8533 51.8533 2 1 0
14.2077 51.8622 51.8622 2 1 0
14.2077 51.8712 51.8712 2 1 0
14.2077 51.8801 51.8801 2 1 0
14.2077 51.8891 51.8891 2 1 0
14.2077 51.898 51.898 2 1 0
14.2077 51.9069 51.9069 2 1 0
14.2077 51.9159 51.9159 2 1 0
14.2077 51.9248 51.9248 2 1 0
14.2077 51.9338 51.9338 2 1 0
14.2077 51.9427 51.9427 2 1 0
14.2077 51.9517 51.9517 2 1 0
14.2077 51.9606 51.9606 2 1 0
14.2077 51.9695 51.9695 2 1 0
14.2077 51.9785 51.9785 2 1 0
14.2077 51.9874 51.9874 2 1 0
14.2077 51.9964 51.9964 2 1 0
14.2077 52.0053 52.0053 2 1 0
14.2077 52.0143 52.0143 2 1 0
14.2077 52.0232 52.0232 2 1 0
14.2077 52.0322 52.0322 2 1 0
14.2077 52.0411 52.0411 2 1 0
14.2077 52.05 52.05 2 1 0
14.2077 52.059 52.059 2 1 0
14.2077 52.0679 52.0679 2 1 0
14.2077 52.0769 52.0769 2 1 0
14.2077 52.0858 52.0858 2 1 0
14.2077 52.0948 52.0948 2 1 0
14.2077 52.1037 52.1037 2 1 0
14.2077 52.1127 52.1127 2 1 0
14.2077 52.1216 52.1216 2 1 0
14.2077 52.1305 52.1305 2 1 0
14.2077 52.1395 52.1395 2 1 0
14.2077 52.1484 52.1484 2 1 0
14.2077 52.1574 52.1574 2 1 0
14.2077 52.1663 52.1663 2 1 0
14.2077 52.1753 52.1753 2 1 0
14.2077 52.1842 52.1842 2 1 0
14.2077 52.1932 52.1932 2 1 0
14.2077 52.2021 52.2021 2 1 0
14.2077 52.211 52.211 2 1 0
14.2077 52.22 52.22 2 1 0
14.2077 52.2289 52.2289 2 1 0
14.2077 52.2379 52.2379 2 1 0
14.2077 52.2468 52.2468 2 1 0
14.2077 52.2558 52.2558 2 1 0
14.2077 52.2647 52.2647 2 1 0
14.2077 52.2737 52.2737 2 1 0
14.2077 52.2826 52.2826 2 1 0
14.2077 52.2915 52.2915 2 1 0
14.2077 52.3005 52.3005 2 1 0
14.2077 52.3094 52.3094 2 1 0
14.2077 52.3184 52.3184 2 1 0
14.2077 52.3273 52.3273 2 1 0
14.2077 52.3363 52.3363 2 1 0
14.2077 52.3452 52.3452 2 1 0
14.2077 52.3542 52.3542 2 1 0
14.2077 52.3631 52.3631 2 1 0
14.2077 52.372 52.372 2 1 0
14.2077 52.381 52.381 2 1 0
14.2077 52.3899 52.3899 2 1 0
14.2077 52.3989 52.3989 2 1 0
14.2077 52.4078 52.4078 2 1 0
14.2077 52.4168 52.4168 2 1 0
14.2077 52.4257 52.4257 2 1 0
14.2077 52.4347 52.4347 2 1 0
14.2077 52.4436 52.4436 2 1 0
14.2077 52.4525 52.4525 2 1 0
14.2077 52.4615 52.4615 2 1 0
14.2077 52.4704 52.4704 2 1 0
14.2077 52.4794 52.4794 2 1 0
14.2077 52.4883 52.4883 2 1 0
14.2077 52.4973 52.4973 2 1 0
14.2077 52.5062 52.5062 2 1 0
14.2077 52.5151 52.5151 2 1 0
14.2077 52.5241 52.5241 2 1 0
14.2077 52.533 52.533 2 1 0
14.2077 52.542 52.542 2 1 0
14.2077 52.5509 52.5509 2 1 0
14.2077 52.5599 52.5599 2 1 0
14.2077 52.5688 52.5688 2 1 0
14.2077 52.5778 52.5778 2 1 0
14.2077 52.5867 52.5867 2 1 0
14.2077 52.5956 52.5956 2 1 0
14.2077 52.6046 52.6046 2 1 0
14.2077 52.6135 52.6135 2 1 0
14.2077 52.6225 52.6225 2 1 0
14.2077 52.6314 52.6314 2 1 0
14.2077 52.6404 52.6404 2 1 0
14.2077 52.6493 52.6493 2 1 0
14.2077 52.6583 52.6583 2 1 0
14.2077 52.6672 52.6672 2 1 0
14.2077 52.6761 52.6761 2 1 0
14.2077 52.6851 52.6851 2 1 0
14.2077 52.694 52.694 2 1 0
14.2077 52.703 52.703 2 1 0
14.2077 52.7119 52.7119 2 1 0
14.2077 52.7209 52.7209 2 1 0
14.2077 52.7298 52.7298 2 1 0
14.2077 52.7388 52.7388 2 1 0
14.2077 52.7477 52.7477 2 1 0
14.2077 52.7566 52.7566 2 1 0
14.2077 52.7656 52.7656 2 1 0
14.2077 52.7745 52.7745 2 1 0
14.2077 52.7835 52.7835 2 1 0
14.2077 52.7924 52.7924 2 1 0
14.2077 52.8014 52.8014 2 1 0
14.2077 52.8103 52.8103 2 1 0
14.2077 52.8193 52.8193 2 1 0
14.2077 52.8282 52.8282 2 1 0
14.2077 52.8371 52.8371 2 1 0
14.2077 52.8461 52.8461 2 1 0
14.2077 52.855 52.855 2 1 0
14.2077 52.864 52.864 2 1 0
14.2077 52.8729 52.8729 2 1 0
14.2077 52.8819 52.8819 2 1 0
14.2077 52.8908 52.8908 2 1 0
14.2077 52.8998 52.8998 2 1 0
14.2077 52.9087 52.9087 2 1 0
14.2077 52.9176 52.9176 2 1 0
14.2077 52.9266 52.9266 2 1 0
14.2077 52.9355 52.9355 2 1 0
14.2077 52.9445 52.9445 2 1 0
14.2077 52.9534 52.9534 2 1 0
14.2077 52.9624 52.9624 2 1 0
14.2077 52.9713 52.9713 2 1 0
14.2077 52.9803 52.9803 2 1 0
14.2077 52.9892 52.9892 2 1 0
14.2077 52.9981 52.9981 2 1 0
14.2077 53.0071 53.0071 2 1 0
14.2077 53.016 53.016 2 1 0
14.2077 53.025 53.025 2 1 0
14.2077 53.0339 53.0339 2 1 0
14.2077 53.0429 53.0429 2 1 0
14.2077 53.0518 53.0518 2 1 0
14.2077 53.0608 53.0608 2 1 0
14.2077 53.0697 53.0697 2 1 0
14.2077 53.0786 53.0786 2 1 0
14.2077 53.0876 53.0876 2 1 0
14.2077 53.0965 53.0965 2 1 0
14.2077 53.1055 53.1055 2 1 0
14.2077 53.1144 53.1144 2 1 0
14.2077 53.1234 53.1234 2 1 0
14.2077 53.1323 53.1323 2 1 0
14.2077 53.1412 53.1412 2 1 0
14.2077 53.1502 53.1502 2 1 0
14.2077 53.1591 53.1591 2 1 0
14.2077 53.1681 53.1681 2 1 0
14.2077 53.177 53.177 2 1 0
14.2077 53.186 53.186 2 1 0
14.2077 53.1949 53.1949 2 1 0
14.2077 53.2039 53.2039 2 1 0
14.2077 53.2128 53.2128 2 1 0
14.2077 53.2217 53.2217 2 1 0
14.2077 53.2307 53.2307 2 1 0
14.2077 53.2396 53.2396 2 1 0
14.2077 53.2486 53.2486 2 1 0
14.2077 53.2575 53.2575 2 1 0
14.2077 53.2665 53.2665 2 1 0
14.2077 53.2754 53.2754 2 1 0
14.2077 53.2844 53.2844 2 1 0
14.2077 53.2933 53.2933 2 1 0
14.2077 53.3022 53.3022 2 1 0
14.2077 53.3112 53.3112 2 1 0
14.2077 53.3201 53.3201 2 1 0
14.2077 53.3291 53.3291 2 1 0
14.2077 53.338 53.338 2 1 0
14.2077 53.347 53.347 2 1 0
14.2077 53.3559 53.3559 2 1 0
14.2077 53.3649 53.3649 2 1 0
14.2077 53.3738 53.3738 2 1 0
14.2077 53.3827 53.3827 2 1 0
14.2077 53.3917 53.3917 2 1 0
14.2077 53.4006 53.4006 2 1 0
14.2077 53.4096 53.4096 2 1 0
14.2077 53.4185 53.4185 2 1 0
14.2077 53.4275 53.4275 2 1 0
14.2077 53.4364 53.4364 2 1 0
14.2077 53.4454 53.4454 2 1 0
14.2077 53.4543 53.4543 2 1 0
14.2077 53.4632 53.4632 2 1 0
14.2077 53.4722 53.4722 2 1 0
14.2077 53.4811 53.4811 2 1 0
14.2077 53.4901 53.4901 2 1 0
14.2077 53.499 53.499 2 1 0
14.2077 53.508 53.508 2 1 0
14.2077 53.5169 53.5169 2 1 0
14.2077 53.5259 53.5259 2 1 0
14.2077 53.5348 53.5348 2 1 0
14.2077 53.5437 53.5437 2 1 0
14.2077 53.5527 53.5527 2 1 0
14.2077 53.5616 53.5616 2 1 0
14.2077 53.5706 53.5706 2 1 0
14.2077 53.5795 53.5795 2 1 0
14.2077 53.5885 53.5885 2 1 0
14.2077 53.5974 53.5974 2 1 0
14.2077 53.6064 53.6064 2 1 0
14.2077 53.6153 53.6153 2 1 0
14.2077 53.6242 53.6242 2 1 0
14.2077 53.6332 53.6332 2 1 0
14.2077 53.6421 53.6421 2 1 0
14.2077 53.6511 53.6511 2 1 0
14.2077 53.66 53.66 2 1 0
14.2077 53.669 53.669 2 1 0
14.2077 53.6779 53.6779 2 1 0
14.2077 53.6868 53.6868 2 1 0
14.2077 53.6958 53.6958 2 1 0
14.2077 53.7047 53.7047 2 1 0
14.2077 53.7137 53.7137 2 1 0
14.2077 53.7226 53.7226 2 1 0
14.2077 53.7316 53.7316 2 1 0
14.2077 53.7405 53.7405 2 1 0
14.2077 53.7495 53.7495 2 1 0
14.2077 53.7584 53.7584 2 1 0
14.2077 53.7673 53.7673 2 1 0
14.2077 53.7763 53.7763 2 1 0
14.2077 53.7852 53.7852 2 1 0
14.2077 53.7942 53.7942 2 1 0
14.2077 53.8031 53.8031 2 1 0
14.2077 53.8121 53.8121 2 1 0
14.2077 53.821 53.821 2 1 0
14.2077 53.83 53.83 2 1 0
14.2077 53.8389 53.8389 2 1 0
14.2077 53.8478 53.8478 2 1 0
14.2077 53.8568 53.8568 2 1 0
14.2077 53.8657 53.8657 2 1 0
14.2077 53.8747 53.8747 2 1 0
14.2077 53.8836 53.8836 2 1 0
14.2077 53.8926 53.8926 2 1 0
14.2077 53.9015 53.9015 2 1 0
14.2077 53.9105 53.9105 2 1 0
14.2077 53.9194 53.9194 2 1 0
14.2077 53.9283 53.9283 2 1 0
6 1.16353 1.16353 2 1 0
5.97036 1.15152 1.15152 1 1 0
5.95553 1.14552 1.14552 1 1 0
5.94068 1.13952 1.13952 1 1 0
5.92582 1.13354 1.13354 1 1 0
5.91095 1.12756 1.12756 1 1 0
5.89606 1.12158 1.12158 1 1 0
5.88117 1.11562 1.11562 1 1 0
5.86626 1.10965 1.10965 1 1 0
5.85134 1.1037 1.1037 1 1 0
5.83641 1.09774 1.09774 1 1 0
5.82147 1.0918 1.0918 1 1 0
5.80651 1.08586 1.08586 1 1 0
5.79155 1.07993 1.07993 1 1 0
5.77657 1.074 1.074 1 1 0
5.76158 1.06808 1.06808 1 1 0
5.74658 1.06216 1.06216 1 1 0
5.73156 1.05626 1.05626 1 1 0
5.71654 1.05035 1.05035 1 1 0
5.7015 1.04445 1.04445 1 1 0
5.68645 1.03856 1.03856 1 1 0
5.67139 1.03268 1.03268 1 1 0
5.65632 1.0268 1.0268 1 1 0
5.64124 1.02092 1.02092 1 1 0
5.62615 1.01505 1.01505 1 1 0
5.61104 1.00919 1.00919 1 1 0
5.59592 1.00334 1.00334 1 1 0
5.5808 0.997486 0.997486 1 1 0
5.56566 0.991641 0.991641 1 1 0
5.55051 0.985802 0.985802 1 1 0
5.53534 0.97997 0.97997 1 1 0
5.52017 0.974143 0.974143 1 1 0
5.50499 0.968321 0.968321 1 1 0
5.48979 0.962506 0.962506 1 1 0
5.47458 0.956697 0.956697 1 1 0
5.45936 0.950893 0.950893 1 1 0
5.44414 0.945095 0.945095 1 1 0
5.4289 0.939304 0.939304 1 1 0
5.41364 0.933517 0.933517 1 1 0
5.39838 0.927737 0.927737 1 1 0
5.38311 0.921963 0.921963 1 1 0
5.36782 0.916194 0.916194 1 1 0
5.35253 0.910432 0.910432 1 1 0
5.33722 0.904675 0.904675 1 1 0
5.3219 0.898924 0.898924 1 1 0
5.30657 0.893179 0.893179 1 1 0
5.29124 0.887439 0.887439 1 1 0
5.27588 0.881706 0.881706 1 1 0
5.26052 0.875978 0.875978 1 1 0
5.24515 0.870256 0.870256 1 1 0
5.22977 0.86454 0.86454 1 1 0
5.21438 0.858829 0.858829 1 1 0
5.19897 0.853124 0.853124 1 1 0
5.18356 0.847426 0.847426 1 1 0
5.16813 0.841733 0.841733 1 1 0
5.1527 0.836045 0.836045 1 1 0
5.13725 0.830364 0.830364 1 1 0
5.12179 0.824688 0.824688 1 1 0
5.10632 0.819018 0.819018 1 1 0
5.09084 0.813354 0.813354 1 1 0
5.07536 0.807696 0.807696 1 1 0
5.05986 0.802043 0.802043 1 1 0
5.04435 0.796396 0.796396 1 1 0
5.02882 0.790755 0.790755 1 1 0
5.01329 0.78512 0.78512 1 1 0
4.99775 0.77949 0.77949 1 1 0
4.9822 0.773866 0.773866 1 1 0
4.96664 0.768248 0.768248 1 1 0
4.95107 0.762636 0.762636 1 1 0
4.93548 0.757029 0.757029 1 1 0
4.91989 0.751428 0.751428 1 1 0
4.90429 0.745833 0.745833 1 1 0
4.88867 0.740243 0.740243 1 1 0
4.87305 0.734659 0.734659 1 1 0
4.85742 0.729081 0.729081 1 1 0
4.84177 0.723509 0.723509 1 1 0
4.82612 0.717942 0.717942 1 1 0
4.81045 0.712381 0.712381 1 1 0
4.79478 0.706826 0.706826 1 1 0
4.77909 0.701276 0.701276 1 1 0
4.7634 0.695732 0.695732 1 1 0
4.74769 0.690194 0.690194 1 1 0
4.73198 0.684661 0.684661 1 1 0
4.71625 0.679134 0.679134 1 1 0
4.70052 0.673613 0.673613 1 1 0
4.68478 0.668097 0.668097 1 1 0
4.66902 0.662587 0.662587 1 1 0
4.65326 0.657083 0.657083 1 1 0
4.63748 0.651584 0.651584 1 1 0
4.6217 0.646091 0.646091 1 1 0
4.60591 0.640603 0.640603 1 1 0
4.5901 0.635122 0.635122 1 1 0
4.57429 0.629645 0.629645 1 1 0
4.55847 0.624175 0.624175 1 1 0
4.54263 0.61871 0.61871 1 1 0
4.52679 0.613251 0.613251 1 1 0
4.51094 0.607797 0.607797 1 1 0
4.49508 0.602349 0.602349 1 1 0
4.47921 0.596906 0.596906 1 1 0
4.46332 0.591469 0.591469 1 1 0
4.44743 0.586038 0.586038 1 1 0
4.43153 0.580612 0.580612 1 1 0
4.41563 0.575192 0.575192 1 1 0
4.39971 0.569778 0.569778 1 1 0
4.38378 0.564369 0.564369 1 1 0
4.36784 0.558965 0.558965 1 1 0
4.35189 0.553567 0.553567 1 1 0
4.33594 0.548175 0.548175 1 1 0
4.31997 0.542788 0.542788 1 1 0
4.304 0.537407 0.537407 1 1 0
4.28801 0.532031 0.532031 1 1 0
4.27202 0.526661 0.526661 1 1 0
4.25601 0.521296 0.521296 1 1 0
4.24 0.515937 0.515937 1 1 0
4.22398 0.510584 0.510584 1 1 0
4.20795 0.505236 0.505236 1 1 0
4.19191 0.499893 0.499893 1 1 0
4.17586 0.494556 0.494556 1 1 0
4.1598 0.489224 0.489224 1 1 0
4.14373 0.483898 0.483898 1 1 0
4.12766 0.478578 0.478578 1 1 0
4.11157 0.473263 0.473263 1 1 0
4.09548 0.467953 0.467953 1 1 0
4.07937 0.462649 0.462649 1 1 0
4.06326 0.45735 0.45735 1 1 0
4.04714 0.452057 0.452057 1 1 0
4.03101 0.446769 0.446769 1 1 0
4.01487 0.441487 0.441487 1 1 0
3.99872 0.43621 0.43621 1 1 0
3.98256 0.430939 0.430939 1 1 0
3.96639 0.425673 0.425673 1 1 0
3.95022 0.420412 0.420412 1 1 0
3.93404 0.415157 0.415157 1 1 0
3.91784 0.409907 0.409907 1 1 0
3.90164 0.404663 0.404663 1 1 0
3.88543 0.399424 0.399424 1 1 0
3.86921 0.394191 0.394191 1 1 0
3.85298 0.388963 0.388963 1 1 0
3.83675 0.38374 0.38374 1 1 0
3.8205 0.378523 0.378523 1 1 0
3.80425 0.373311 0.373311 1 1 0
3.78799 0.368105 0.368105 1 1 0
3.77172 0.362903 0.362903 1 1 0
3.75544 0.357708 0.357708 1 1 0
3.73915 0.352517 0.352517 1 1 0
3.72285 0.347332 0.347332 1 1 0
3.70655 0.342153 0.342153 1 1 0
3.69023 0.336978 0.336978 1 1 0
3.67391 0.331809 0.331809 1 1 0
3.65758 0.326646 0.326646 1 1 0
3.64124 0.321487 0.321487 1 1 0
3.6249 0.316334 0.316334 1 1 0
3.60854 0.311187 0.311187 1 1 0
3.59218 0.306044 0.306044 1 1 0
3.5758 0.300907 0.300907 1 1 0
3.55942 0.295775 0.295775 1 1 0
3.54303 0.290649 0.290649 1 1 0
3.52664 0.285528 0.285528 1 1 0
3.51023 0.280412 0.280412 1 1 0
3.49382 0.275301 0.275301 1 1 0
3.4774 0.270196 0.270196 1 1 0
3.46097 0.265096 0.265096 1 1 0
3.44453 0.260001 0.260001 1 1 0
3.42808 0.254912 0.254912 1 1 0
3.41163 0.249827 0.249827 1 1 0
3.39516 0.244748 0.244748 1 1 0
3.37869 0.239674 0.239674 1 1 0
3.36221 0.234606 0.234606 1 1 0
3.34573 0.229543 0.229543 1 1 0
3.32923 0.224484 0.224484 1 1 0
3.31273 0.219432 0.219432 1 1 0
3.29622 0.214384 0.214384 1 1 0
3.2797 0.209341 0.209341 1 1 0
3.26317 0.204304 0.204304 1 1 0
3.24664 0.199272 0.199272 1 1 0
3.2301 0.194245 0.194245 1 1 0
3.21355 0.189223 0.189223 1 1 0
3.19699 0.184207 0.184207 1 1 0
3.18042 0.179196 0.179196 1 1 0
3.16385 0.174189 0.174189 1 1 0
3.14727 0.169188 0.169188 1 1 0
3.13068 0.164193 0.164193 1 1 0
3.11408 0.159202 0.159202 1 1 0
3.09748 0.154216 0.154216 1 1 0
3.08086 0.149236 0.149236 1 1 0
3.06424 0.14426 0.14426 1 1 0
3.04761 0.13929 0.13929 1 1 0
3.03098 0.134325 0.134325 1 1 0
3.01434 0.129365 0.129365 1 1 0
2.99769 0.12441 0.12441 1 1 0
2.98103 0.119461 0.119461 1 1 0
2.96436 0.114516 0.114516 1 1 0
2.94769 0.109576 0.109576 1 1 0
2.93101 0.104642 0.104642 1 1 0
2.91432 0.0997126 0.0997126 1 1 0
2.89762 0.0947882 0.0947882 1 1 0
2.88092 0.089869 0.089869 1 1 0
2.86421 0.0849548 0.0849548 1 1 0
2.84749 0.0800456 0.0800456 1 1 0
2.83076 0.0751415 0.0751415 1 1 0
2.81403 0.0702425 0.0702425 1 1 0
2.79729 0.0653485 0.0653485 1 1 0
2.78054 0.0604595 0.0604595 1 1 0
2.76379 0.0555755 0.0555755 1 1 0
2.74703 0.0506966 0.0506966 1 1 0
2.73026 0.0458227 0.0458227 1 1 0
2.71348 0.0409538 0.0409538 1 1 0
2.69669 0.0360899 0.0360899 1 1 0
2.6799 0.0312309 0.0312309 1 1 0
2.6631 0.026377 0.026377 1 1 0
2.6463 0.0215281 0.0215281 1 1 0
2.62948 0.0166841 0.0166841 1 1 0
2.61266 0.0118451 0.0118451 1 1 0
2.59584 0.00701107 0.00701107 1 1 0
2.579 0.002182 0.002182 1 1 0
2.57139 8.14734e-07 8.14734e-07 1 1 0
2.55455 -0.00482127 -0.00482127 2 1 0
2.53769 -0.00963821 -0.00963821 2 1 0
2.52083 -0.0144502 -0.0144502 2 1 0
2.50397 -0.0192573 -0.0192573 2 1 0
2.4871 -0.0240594 -0.0240594 2 1 0
2.47022 -0.0288566 -0.0288566 2 1 0
2.45333 -0.0336489 -0.0336489 2 1 0
2.43643 -0.0384363 -0.0384363 2 1 0
2.41953 -0.0432188 -0.0432188 2 1 0
2.40263 -0.0479964 -0.0479964 2 1 0
2.38571 -0.0527691 -0.0527691 2 1 0
2.36879 -0.0575369 -0.0575369 2 1 0
2.35186 -0.0622998 -0.0622998 2 1 0
2.33493 -0.0670579 -0.0670579 2 1 0
2.31798 -0.0718111 -0.0718111 2 1 0
2.30103 -0.0765595 -0.0765595 2 1 0
2.28408 -0.0813029 -0.0813029 2 1 0
2.26712 -0.0860416 -0.0860416 2 1 0
2.25015 -0.0907754 -0.0907754 2 1 0
2.23317 -0.0955043 -0.0955043 2 1 0
2.21619 -0.100228 -0.100228 2 1 0
2.1992 -0.104948 -0.104948 2 1 0
2.1822 -0.109662 -0.109662 2 1 0
2.1652 -0.114372 -0.114372 2 1 0
2.14819 -0.119077 -0.119077 2 1 0
2.13117 -0.123777 -0.123777 2 1 0
2.11415 -0.128472 -0.128472 2 1 0
2.09712 -0.133163 -0.133163 2 1 0
2.08009 -0.137848 -0.137848 2 1 0
2.06304 -0.142529 -0.142529 2 1 0
2.046 -0.147205 -0.147205 2 1 0
2.02894 -0.151877 -0.151877 2 1 0
2.01188 -0.156543 -0.156543 2 1 0
1.99481 -0.161205 -0.161205 2 1 0
1.97773 -0.165862 -0.165862 2 1 0
1.96065 -0.170515 -0.170515 2 1 0
1.94356 -0.175162 -0.175162 2 1 0
1.92647 -0.179805 -0.179805 2 1 0
1.90937 -0.184444 -0.184444 2 1 0
1.89226 -0.189077 -0.189077 2 1 0
1.87515 -0.193706 -0.193706 2 1 0
1.85803 -0.19833 -0.19833 2 1 0
1.8409 -0.202949 -0.202949 2 1 0
1.82377 -0.207564 -0.207564 2 1 0
1.80663 -0.212174 -0.212174 2 1 0
1.78949 -0.216779 -0.216779 2 1 0
1.77234 -0.22138 -0.22138 2 1 0
1.75518 -0.225976 -0.225976 2 1 0
1.73801 -0.230567 -0.230567 2 1 0
1.72084 -0.235154 -0.235154 2 1 0
1.70367 -0.239736 -0.239736 2 1 0
1.68648 -0.244313 -0.244313 2 1 0
1.6693 -0.248886 -0.248886 2 1 0
1.6521 -0.253454 -0.253454 2 1 0
1.6349 -0.258018 -0.258018 2 1 0
1.61769 -0.262577 -0.262577 2 1 0
1.60048 -0.267131 -0.267131 2 1 0
1.58326 -0.271681 -0.271681 2 1 0
1.56604 -0.276226 -0.276226 2 1 0
1.5488 -0.280766 -0.280766 2 1 0
1.53157 -0.285302 -0.285302 2 1 0
1.51432 -0.289833 -0.289833 2 1 0
1.49707 -0.29436 -0.29436 2 1 0
1.47982 -0.298882 -0.298882 2 1 0
1.46256 -0.3034 -0.3034 2 1 0
1.44529 -0.307913 -0.307913 2 1 0
1.42802 -0.312421 -0.312421 2 1 0
1.41074 -0.316925 -0.316925 2 1 0
1.39345 -0.321425 -0.321425 2 1 0
1.37616 -0.325919 -0.325919 2 1 0
1.35886 -0.33041 -0.33041 2 1 0
1.34156 -0.334896 -0.334896 2 1 0
1.32425 -0.339377 -0.339377 2 1 0
1.30694 -0.343854 -0.343854 2 1 0
1.28962 -0.348326 -0.348326 2 1 0
1.27229 -0.352794 -0.352794 2 1 0
1.25496 -0.357257 -0.357257 2 1 0
1.23762 -0.361716 -0.361716 2 1 0
1.22028 -0.36617 -0.36617 2 1 0
1.20293 -0.37062 -0.37062 2 1 0
1.18557 -0.375065 -0.375065 2 1 0
1.16821 -0.379506 -0.379506 2 1 0
1.15085 -0.383943 -0.383943 2 1 0
1.13348 -0.388375 -0.388375 2 1 0
1.1161 -0.392802 -0.392802 2 1 0
1.09871 -0.397226 -0.397226 2 1 0
1.08133 -0.401644 -0.401644 2 1 0
1.06393 -0.406059 -0.406059 2 1 0
1.04653 -0.410468 -0.410468 2 1 0
1.02912 -0.414874 -0.414874 2 1 0
1.01171 -0.419275 -0.419275 2 1 0
0.994297 -0.423672 -0.423672 2 1 0
0.976874 -0.428064 -0.428064 2 1 0
0.959446 -0.432452 -0.432452 2 1 0
0.942013 -0.436835 -0.436835 2 1 0
0.924574 -0.441214 -0.441214 2 1 0
0.907129 -0.445589 -0.445589 2 1 0
0.889679 -0.449959 -0.449959 2 1 0
0.872224 -0.454325 -0.454325 2 1 0
0.854763 -0.458687 -0.458687 2 1 0
0.837297 -0.463044 -0.463044 2 1 0
0.819825 -0.467397 -0.467397 2 1 0
0.802348 -0.471746 -0.471746 2 1 0
0.784866 -0.47609 -0.47609 2 1 0
0.767378 -0.48043 -0.48043 2 1 0
0.749885 -0.484766 -0.484766 2 1 0
0.732387 -0.489097 -0.489097 2 1 0
0.714883 -0.493424 -0.493424 2 1 0
0.697374 -0.497747 -0.497747 2 1 0
0.679859 -0.502065 -0.502065 2 1 0
0.662339 -0.50638 -0.50638 2 1 0
0.644814 -0.51069 -0.51069 2 1 0
0.627284 -0.514995 -0.514995 2 1 0
0.609749 -0.519296 -0.519296 2 1 0
0.592208 -0.523594 -0.523594 2 1 0
0.574662 -0.527886 -0.527886 2 1 0
0.557111 -0.532175 -0.532175 2 1 0
0.539555 -0.536459 -0.536459 2 1 0
0.521993 -0.540739 -0.540739 2 1 0
0.504427 -0.545015 -0.545015 2 1 0
0.486855 -0.549287 -0.549287 2 1 0
0.469278 -0.553554 -0.553554 2 1 0
0.451696 -0.557817 -0.557817 2 1 0
0.434109 -0.562076 -0.562076 2 1 0
0.416517 -0.566331 -0.566331 2 1 0
0.398919 -0.570582 -0.570582 2 1 0
0.381317 -0.574828 -0.574828 2 1 0
0.36371 -0.57907 -0.57907 2 1 0
0.346097 -0.583308 -0.583308 2 1 0
0.32848 -0.587542 -0.587542 2 1 0
0.310858 -0.591772 -0.591772 2 1 0
0.29323 -0.595997 -0.595997 2 1 0
0.275598 -0.600218 -0.600218 2 1 0
0.25796 -0.604436 -0.604436 2 1 0
0.240318 -0.608649 -0.608649 2 1 0
0.222671 -0.612858 -0.612858 2 1 0
0.205018 -0.617062 -0.617062 2 1 0
0.187361 -0.621263 -0.621263 2 1 0
0.169699 -0.625459 -0.625459 2 1 0
0.152032 -0.629652 -0.629652 2 1 0
0.134361 -0.63384 -0.63384 2 1 0
0.116684 -0.638024 -0.638024 2 1 0
0.0990025 -0.642204 -0.642204 2 1 0
0.0813162 -0.64638 -0.64638 2 1 0
0.0636251 -0.650552 -0.650552 2 1 0
0.0459291 -0.65472 -0.65472 2 1 0
0.0282283 -0.658884 -0.658884 2 1 0
0.0105228 -0.663043 -0.663043 2 1 0
-0.00718752 -0.667199 -0.667199 2 1 0
2.57139 8.14734e-07 8.14734e-07 2 2 0
2.53426 -8.63213e-13 -8.63213e-13 2 2 0
2.5143 -4.77805e-11 -4.77805e-11 1 2 0
2.4943 -3.16218e-15 -3.16218e-15 1 2 0
2.4743 1.63602e-19 1.63602e-19 1 2 0
2.4543 1.42784e-28 1.42784e-28 1 2 0
2.4343 7.82409e-33 7.82409e-33 1 2 0
2.4143 6.32266e-42 6.32266e-42 1 2 0
2.3943 3.77694e-46 3.77694e-46 1 2 0
2.3743 2.0519e-55 2.0519e-55 1 2 0
2.3543 1.33795e-59 1.33795e-59 1 2 0
2.3343 5.86808e-69 5.86808e-69 1 2 0
2.3143 2.87412e-73 2.87412e-73 1 2 0
2.2943 1.4825e-82 1.4825e-82 1 2 0
2.2743 5.84378e-87 5.84378e-87 1 2 0
2.2543 3.68682e-96 3.68682e-96 1 2 0
2.2343 1.22335e-100 1.22335e-100 1 2 0
2.2143 7.0273e-110 7.0273e-110 1 2 0
2.1943 2.4618e-114 2.4618e-114 1 2 0
2.1743 1.3e-123 1.3e-123 1 2 0
2.1543 4.40009e-128 4.40009e-128 1 2 0
2.1343 2.23369e-137 2.23369e-137 1 2 0
2.1143 6.76544e-142 6.76544e-142 1 2 0
2.0943 3.1504e-151 3.1504e-151 1 2 0
2.0743 9.61427e-156 9.61427e-156 1 2 0
2.0543 4.74832e-165 4.74832e-165 1 2 0
2.0343 1.24206e-169 1.24206e-169 1 2 0
2.0143 5.9766e-179 5.9766e-179 1 2 0
1.9943 1.55915e-183 1.55915e-183 1 2 0
1.9743 7.94531e-193 7.94531e-193 1 2 0
1.9543 1.88125e-197 1.88125e-197 1 2 0
1.9343 8.46822e-207 8.46822e-207 1 2 0
1.9143 1.87139e-211 1.87139e-211 1 2 0
1.8943 8.85265e-221 8.85265e-221 1 2 0
1.8743 1.79404e-225 1.79404e-225 1 2 0
1.8543 8.55072e-235 8.55072e-235 1 2 0
1.8343 1.31973e-239 1.31973e-239 1 2 0
1.8143 7.9612e-249 7.9612e-249 1 2 0
1.7943 1.44921e-253 1.44921e-253 1 2 0
1.7743 7.24464e-263 7.24464e-263 1 2 0
1.7543 1.12059e-267 1.12059e-267 1 2 0
1.7343 5.5002e-277 5.5002e-277 1 2 0
1.7143 1.16206e-281 1.16206e-281 1 2 0
1.6943 4.10855e-291 4.10855e-291 1 2 0
1.6743 9.32726e-296 9.32726e-296 1 2 0
1.6543 2.77689e-305 2.77689e-305 1 2 0
1.6343 7.49659e-310 7.49659e-310 1 2 0
1.6143 1.72014e-319 1.72014e-319 1 2 0
1.5943 -4.94066e-324 -4.94066e-324 1 2 0
1.5743 -3.45846e-323 -3.45846e-323 1 2 0
1.5543 0 0 1 2 0
1.5343 -2.47033e-323 -2.47033e-323 1 2 0
1.5143 9.88131e-324 9.88131e-324 1 2 0
1.4943 -1.4822e-323 -1.4822e-323 1 2 0
1.4743 1.97626e-323 1.97626e-323 1 2 0
1.4543 -4.94066e-324 -4.94066e-324 1 2 0
1.4343 2.47033e-323 2.47033e-323 1 2 0
1.4143 0 0 1 2 0
1.3943 -2.47033e-323 -2.47033e-323 1 2 0
1.3743 4.94066e-324 4.94066e-324 1 2 0
1.3543 -1.97626e-323 -1.97626e-323 1 2 0
1.3343 4.94066e-324 4.94066e-324 1 2 0
1.3143 -1.97626e-323 -1.97626e-323 1 2 0
1.2943 4.94066e-324 4.94066e-324 1 2 0
1.2743 -1.97626e-323 -1.97626e-323 1 2 0
1.2543 4.94066e-324 4.94066e-324 1 2 0
1.2343 -1.97626e-323 -1.97626e-323 1 2 0
1.2143 0 0 1 2 0
1.1943 1.97626e-323 1.97626e-323 1 2 0
1.1743 -4.94066e-324 -4.94066e-324 1 2 0
1.1543 1.4822e-323 1.4822e-323 1 2 0
1.1343 -9.88131e-324 -9.88131e-324 1 2 0
1.1143 9.88131e-324 9.88131e-324 1 2 0
1.0943 -1.4822e-323 -1.4822e-323 1 2 0
1.0743 4.94066e-324 4.94066e-324 1 2 0
1.0543 2.47033e-323 2.47033e-323 1 2 0
1.0343 4.94066e-324 4.94066e-324 1 2 0
1.0143 -1.4822e-323 -1.4822e-323 1 2 0
0.994303 4.94066e-324 4.94066e-324 1 2 0
0.974303 2.47033e-323 2.47033e-323 1 2 0
0.954303 4.94066e-324 4.94066e-324 1 2 0
0.934303 -1.4822e-323 -1.4822e-323 1 2 0
0.914303 4.94066e-324 4.94066e-324 1 2 0
0.894303 2.47033e-323 2.47033e-323 1 2 0
0.874303 4.94066e-324 4.94066e-324 1 2 0
0.854303 -1.4822e-323 -1.4822e-323 1 2 0
0.834303 0 0 1 2 0
0.814303 1.4822e-323 1.4822e-323 1 2 0
0.794303 -4.94066e-324 -4.94066e-324 1 2 0
0.774303 -2.47033e-323 -2.47033e-323 1 2 0
0.754303 -9.88131e-324 -9.88131e-324 1 2 0
0.734303 4.94066e-324 4.94066e-324 1 2 0
0.714303 1.97626e-323 1.97626e-323 1 2 0
0.694303 0 0 1 2 0
0.674303 -1.97626e-323 -1.97626e-323 1 2 0
0.654303 -4.94066e-324 -4.94066e-324 1 2 0
0.634303 9.88131e-324 9.88131e-324 1 2 0
0.614303 2.47033e-323 2.47033e-323 1 2 0
0.594303 4.94066e-324 4.94066e-324 1 2 0
0.574303 -1.4822e-323 -1.4822e-323 1 2 0
0.554303 -4.94066e-324 -4.94066e-324 1 2 0
0.534303 4.94066e-324 4.94066e-324 1 2 0
0.514303 1.4822e-323 1.4822e-323 1 2 0
0.494303 2.47033e-323 2.47033e-323 1 2 0
0.474303 4.94066e-324 4.94066e-324 1 2 0
0.454303 -1.4822e-323 -1.4822e-323 1 2 0
0.434303 -4.94066e-324 -4.94066e-324 1 2 0
0.414303 4.94066e-324 4.94066e-324 1 2 0
0.394303 1.4822e-323 1.4822e-323 1 2 0
0.374303 2.47033e-323 2.47033e-323 1 2 0
0.354303 -2.47033e-323 -2.47033e-323 1 2 0
0.334303 -1.97626e-323 -1.97626e-323 1 2 0
0.314303 -1.4822e-323 -1.4822e-323 1 2 0
0.294303 -9.88131e-324 -9.88131e-324 1 2 0
0.274303 -4.94066e-324 -4.94066e-324 1 2 0
0.254303 0 0 1 2 0
0.234303 4.94066e-324 4.94066e-324 1 2 0
0.214303 9.88131e-324 9.88131e-324 1 2 0
0.194303 1.4822e-323 1.4822e-323 1 2 0
0.174303 1.97626e-323 1.97626e-323 1 2 0
0.154303 2.47033e-323 2.47033e-323 1 2 0
0.134303 -2.47033e-323 -2.47033e-323 1 2 0
0.114303 -2.47033e-323 -2.47033e-323 1 2 0
0.0943029 -2.47033e-323 -2.47033e-323 1 2 0
0.0743029 -2.47033e-323 -2.47033e-323 1 2 0
0.0543029 0 0 1 2 0
0.0343029 0 0 1 2 0
0.0143029 0 0 1 2 0
-0.00569714 0 0 1 2 0
2.57139 8.14734e-07 8.14734e-07 2 2 0
2.60843 7.69846e-13 7.69846e-13 1 2 0
2.62847 -4.77437e-11 -4.77437e-11 2 2 0
2.64847 -3.20918e-15 -3.20918e-15 2 2 0
2.66847 -7.68354e-22 -7.68354e-22 2 2 0
2.68847 -1.51461e-28 -1.51461e-28 2 2 0
2.70847 3.69575e-35 3.69575e-35 2 2 0
2.72847 7.48854e-42 7.48854e-42 2 2 0
2.74847 -1.45398e-48 -1.45398e-48 2 2 0
2.76847 -1.94994e-55 -1.94994e-55 2 2 0
2.78847 5.19597e-62 5.19597e-62 2 2 0
2.80847 4.41917e-69 4.41917e-69 2 2 0
2.82847 -1.42497e-75 -1.42497e-75 2 2 0
2.84847 -1.11702e-82 -1.11702e-82 2 2 0
2.86847 3.33818e-89 3.33818e-89 2 2 0
2.88847 2.67733e-96 2.67733e-96 2 2 0
2.90847 -7.74363e-103 -7.74363e-103 2 2 0
2.92847 -4.86505e-110 -4.86505e-110 2 2 0
2.94847 1.66552e-116 1.66552e-116 2 2 0
2.96847 1.00455e-123 1.00455e-123 2 2 0
2.98847 -2.90221e-130 -2.90221e-130 2 2 0
3.00847 -1.5955e-137 -1.5955e-137 2 2 0
3.02847 5.20542e-144 5.20542e-144 2 2 0
3.04847 2.6492e-151 2.6492e-151 2 2 0
3.06847 -7.96637e-158 -7.96637e-158 2 2 0
3.08847 -4.34133e-165 -4.34133e-165 2 2 0
3.10847 1.03505e-171 1.03505e-171 2 2 0
3.12847 5.49462e-179 5.49462e-179 2 2 0
3.14847 -1.39046e-185 -1.39046e-185 2 2 0
3.16847 -6.64392e-193 -6.64392e-193 2 2 0
3.18847 1.48605e-199 1.48605e-199 2 2 0
3.20847 6.71618e-207 6.71618e-207 2 2 0
3.22847 -1.7405e-213 -1.7405e-213 2 2 0
3.24847 -5.94787e-221 -5.94787e-221 2 2 0
3.26847 1.35213e-227 1.35213e-227 2 2 0
3.28847 6.58504e-235 6.58504e-235 2 2 0
3.30847 -1.47626e-241 -1.47626e-241 2 2 0
3.32847 -6.84384e-249 -6.84384e-249 2 2 0
3.34847 1.34865e-255 1.34865e-255 2 2 0
3.36847 6.94691e-263 6.94691e-263 2 2 0
3.38847 -1.41966e-269 -1.41966e-269 2 2 0
3.40847 -6.48742e-277 -6.48742e-277 2 2 0
3.42847 1.29454e-283 1.29454e-283 2 2 0
3.44847 6.21292e-291 6.21292e-291 2 2 0
3.46847 -1.00345e-297 -1.00345e-297 2 2 0
3.48847 -3.77373e-305 -3.77373e-305 2 2 0
3.50847 6.45087e-312 6.45087e-312 2 2 0
3.52847 2.98495e-319 2.98495e-319 2 2 0
3.54847 -4.94066e-324 -4.94066e-324 2 2 0
3.56847 -2.47033e-323 -2.47033e-323 2 2 0
3.58847 1.97626e-323 1.97626e-323 2 2 0
3.60847 4.94066e-324 4.94066e-324 2 2 0
3.62847 -9.88131e-324 -9.88131e-324 2 2 0
3.64847 3.45846e-323 3.45846e-323 2 2 0
3.66847 1.97626e-323 1.97626e-323 2 2 0
3.68847 4.94066e-324 4.94066e-324 2 2 0
3.70847 -9.88131e-324 -9.88131e-324 2 2 0
3.72847 2.96439e-323 2.96439e-323 2 2 0
3.74847 -3.95253e-323 -3.95253e-323 2 2 0
3.76847 -4.94066e-324 -4.94066e-324 2 2 0
3.78847 2.96439e-323 2.96439e-323 2 2 0
3.80847 1.4822e-323 1.4822e-323 2 2 0
3.82847 0 0 2 2 0
3.84847 3.45846e-323 3.45846e-323 2 2 0
3.86847 -2.96439e-323 -2.96439e-323 2 2 0
3.88847 4.94066e-324 4.94066e-324 2 2 0
3.90847 -9.88131e-324 -9.88131e-324 2 2 0
3.92847 1.97626e-323 1.97626e-323 2 2 0
3.94847 4.94066e-324 4.94066e-324 2 2 0
3.96847 -9.88131e-324 -9.88131e-324 2 2 0
3.98847 1.97626e-323 1.97626e-323 2 2 0
4.00847 4.94066e-324 4.94066e-324 2 2 0
4.02847 -9.88131e-324 -9.88131e-324 2 2 0
4.04847 1.97626e-323 1.97626e-323 2 2 0
4.06847 4.94066e-324 4.94066e-324 2 2 0
4.08847 -9.88131e-324 -9.88131e-324 2 2 0
4.10847 1.4822e-323 1.4822e-323 2 2 0
4.12847 0 0 2 2 0
4.14847 2.47033e-323 2.47033e-323 2 2 0
4.16847 9.88131e-324 9.88131e-324 2 2 0
4.18847 -4.94066e-324 -4.94066e-324 2 2 0
4.20847 1.97626e-323 1.97626e-323 2 2 0
4.22847 4.94066e-324 4.94066e-324 2 2 0
4.24847 -9.88131e-324 -9.88131e-324 2 2 0
4.26847 1.4822e-323 1.4822e-323 2 2 0
4.28847 4.94066e-324 4.94066e-324 2 2 0
4.30847 -4.94066e-324 -4.94066e-324 2 2 0
4.32847 1.97626e-323 1.97626e-323 2 2 0
4.34847 9.88131e-324 9.88131e-324 2 2 0
4.36847 0 0 2 2 0
4.38847 -9.88131e-324 -9.88131e-324 2 2 0
4.40847 1.4822e-323 1.4822e-323 2 2 0
4.42847 4.94066e-324 4.94066e-324 2 2 0
4.44847 -4.94066e-324 -4.94066e-324 2 2 0
4.46847 1.97626e-323 1.97626e-323 2 2 0
4.48847 9.88131e-324 9.88131e-324 2 2 0
4.50847 0 0 2 2 0
4.52847 -9.88131e-324 -9.88131e-324 2 2 0
4.54847 1.4822e-323 1.4822e-323 2 2 0
4.56847 9.88131e-324 9.88131e-324 2 2 0
4.58847 4.94066e-324 4.94066e-324 2 2 0
4.60847 0 0 2 2 0
4.62847 -4.94066e-324 -4.94066e-324 2 2 0
4.64847 1.97626e-323 1.97626e-323 2 2 0
4.66847 1.4822e-323 1.4822e-323 2 2 0
4.68847 -1.97626e-323 -1.97626e-323 2 2 0
4.70847 4.94066e-324 4.94066e-324 2 2 0
4.72847 0 0 2 2 0
4.74847 -4.94066e-324 -4.94066e-324 2 2 0
4.76847 1.97626e-323 1.97626e-323 2 2 0
4.78847 1.4822e-323 1.4822e-323 2 2 0
4.80847 -1.97626e-323 -1.97626e-323 2 2 0
4.82847 0 0 2 2 0
4.84847 -9.88131e-324 -9.88131e-324 2 2 0
4.86847 9.88131e-324 9.88131e-324 2 2 0
4.88847 0 0 2 2 0
4.90847 1.97626e-323 1.97626e-323 2 2 0
4.92847 1.4822e-323 1.4822e-323 2 2 0
4.94847 -1.4822e-323 -1.4822e-323 2 2 0
4.96847 9.88131e-324 9.88131e-324 2 2 0
4.98847 9.88131e-324 9.88131e-324 2 2 0
5.00847 -1.4822e-323 -1.4822e-323 2 2 0
5.02847 -1.4822e-323 -1.4822e-323 2 2 0
5.04847 9.88131e-324 9.88131e-324 2 2 0
5.06847 9.88131e-324 9.88131e-324 2 2 0
5.08847 -1.4822e-323 -1.4822e-323 2 2 0
5.10847 -1.4822e-323 -1.4822e-323 2 2 0
5.12847 9.88131e-324 9.88131e-324 2 2 0
5.14847 9.88131e-324 9.88131e-324 2 2 0
5.16847 -1.4822e-323 -1.4822e-323 2 2 0
5.18847 -1.4822e-323 -1.4822e-323 2 2 0
5.20847 9.88131e-324 9.88131e-324 2 2 0
5.22847 9.88131e-324 9.88131e-324 2 2 0
5.24847 -1.4822e-323 -1.4822e-323 2 2 0
5.26847 -1.4822e-323 -1.4822e-323 2 2 0
5.28847 9.88131e-324 9.88131e-324 2 2 0
5.30847 9.88131e-324 9.88131e-324 2 2 0
5.32847 -1.4822e-323 -1.4822e-323 2 2 0
5.34847 -1.4822e-323 -1.4822e-323 2 2 0
5.36847 9.88131e-324 9.88131e-324 2 2 0
5.38847 9.88131e-324 9.88131e-324 2 2 0
5.40847 -1.4822e-323 -1.4822e-323 2 2 0
5.42847 4.94066e-324 4.94066e-324 2 2 0
5.44847 -1.97626e-323 -1.97626e-323 2 2 0
5.46847 0 0 2 2 0
5.48847 0 0 2 2 0
5.50847 0 0 2 2 0
5.52847 0 0 2 2 0
5.54847 0 0 2 2 0
5.56847 0 0 2 2 0
5.58847 0 0 2 2 0
5.60847 0 0 2 2 0
5.62847 0 0 2 2 0
5.64847 0 0 2 2 0
5.66847 0 0 2 2 0
5.68847 0 0 2 2 0
5.70847 0 0 2 2 0
5.72847 0 0 2 2 0
5.74847 0 0 2 2 0
5.76847 0 0 2 2 0
5.78847 0 0 2 2 0
5.80847 0 0 2 2 0
5.82847 0 0 2 2 0
5.84847 0 0 2 2 0
5.86847 0 0 2 2 0
5.88847 0 0 2 2 0
5.90847 0 0 2 2 0
5.92847 0 0 2 2 0
5.94847 0 0 2 2 0
5.96847 0 0 2 2 0
5.98847 0 0 2 2 0
6.00847 0 0 2 2 0
6.02847 0 0 2 2 0
6.04847 0 0 2 2 0
6.06847 0 0 2 2 0
6.08847 0 0 2 2 0
6.10847 0 0 2 2 0
6.12847 0 0 2 2 0
6.14847 0 0 2 2 0
6.16847 0 0 2 2 0
6.18847 0 0 2 2 0
6.20847 0 0 2 2 0
6.22847 0 0 2 2 0
6.24847 0 0 2 2 0
6.26847 0 0 2 2 0
6.28847 0 0 2 2 0
6.30847 0 0 2 2 0
6.32847 0 0 2 2 0
6.34847 0 0 2 2 0
6.36847 0 0 2 2 0
6.38847 0 0 2 2 0
6.40847 0 0 2 2 0
6.42847 0 0 2 2 0
6.44847 0 0 2 2 0
6.46847 0 0 2 2 0
6.48847 0 0 2 2 0
6.50847 0 0 2 2 0
6.52847 0 0 2 2 0
6.54847 0 0 2 2 0
6.56847 0 0 2 2 0
6.58847 0 0 2 2 0
6.60847 0 0 2 2 0
6.62847 0 0 2 2 0
6.64847 0 0 2 2 0
6.66847 0 0 2 2 0
6.68847 0 0 2 2 0
6.70847 0 0 2 2 0
6.72847 0 0 2 2 0
6.74847 0 0 2 2 0
6.76847 0 0 2 2 0
6.78847 0 0 2 2 0
6.80847 0 0 2 2 0
6.82847 0 0 2 2 0
6.84847 0 0 2 2 0
6.86847 0 0 2 2 0
6.88847 0 0 2 2 0
6.90847 0 0 2 2 0
6.92847 0 0 2 2 0
6.94847 0 0 2 2 0
6.96847 0 0 2 2 0
6.98847 0 0 2 2 0
7.00847 0 0 2 2 0
7.02847 0 0 2 2 0
7.04847 0 0 2 2 0
7.06847 0 0 2 2 0
7.08847 0 0 2 2 0
7.10847 0 0 2 2 0
7.12847 0 0 2 2 0
7.14847 0 0 2 2 0
7.16847 0 0 2 2 0
7.18847 0 0 2 2 0
7.20847 0 0 2 2 0
7.22847 0 0 2 2 0
7.24847 0 0 2 2 0
7.26847 0 0 2 2 0
7.28847 0 0 2 2 0
7.30847 0 0 2 2 0
7.32847 0 0 2 2 0
7.34847 0 0 2 2 0
7.36847 0 0 2 2 0
7.38847 0 0 2 2 0
7.40847 0 0 2 2 0
7.42847 0 0 2 2 0
7.44847 0 0 2 2 0
7.46847 0 0 2 2 0
7.48847 0 0 2 2 0
7.50847 0 0 2 2 0
7.52847 0 0 2 2 0
7.54847 0 0 2 2 0
7.56847 0 0 2 2 0
7.58847 0 0 2 2 0
7.60847 0 0 2 2 0
7.62847 0 0 2 2 0
7.64847 0 0 2 2 0
7.66847 0 0 2 2 0
7.68847 0 0 2 2 0
7.70847 0 0 2 2 0
7.72847 0 0 2 2 0
7.74847 0 0 2 2 0
7.76847 0 0 2 2 0
7.78847 0 0 2 2 0
7.80847 0 0 2 2 0
7.82847 0 0 2 2 0
7.84847 0 0 2 2 0
7.86847 0 0 2 2 0
7.88847 0 0 2 2 0
7.90847 0 0 2 2 0
7.92847 0 0 2 2 0
7.94847 0 0 2 2 0
7.96847 0 0 2 2 0
7.98847 0 0 2 2 0
8.00847 0 0 2 2 0
8.02847 0 0 2 2 0
8.04847 0 0 2 2 0
8.06847 0 0 2 2 0
8.08847 0 0 2 2 0
8.10847 0 0 2 2 0
8.12847 0 0 2 2 0
8.14847 0 0 2 2 0
8.16847 0 0 2 2 0
8.18847 0 0 2 2 0
8.20847 0 0 2 2 0
8.22847 0 0 2 2 0
8.24847 0 0 2 2 0
8.26847 0 0 2 2 0
8.28847 0 0 2 2 0
8.30847 0 0 2 2 0
8.32847 0 0 2 2 0
8.34847 0 0 2 2 0
8.36847 0 0 2 2 0
8.38847 0 0 2 2 0
8.40847 0 0 2 2 0
8.42847 0 0 2 2 0
8.44847 0 0 2 2 0
8.46847 0 0 2 2 0
8.48847 0 0 2 2 0
8.50847 0 0 2 2 0
8.52847 0 0 2 2 0
8.54847 0 0 2 2 0
8.56847 0 0 2 2 0
8.58847 0 0 2 2 0
8.60847 0 0 2 2 0
8.62847 0 0 2 2 0
8.64847 0 0 2 2 0
8.66847 0 0 2 2 0
8.68847 0 0 2 2 0
8.70847 0 0 2 2 0
8.72847 0 0 2 2 0
8.74847 0 0 2 2 0
8.76847 0 0 2 2 0
8.78847 0 0 2 2 0
8.80847 0 0 2 2 0
8.82847 0 0 2 2 0
8.84847 0 0 2 2 0
8.86847 0 0 2 2 0
8.88847 0 0 2 2 0
8.90847 0 0 2 2 0
8.92847 0 0 2 2 0
8.94847 0 0 2 2 0
8.96847 0 0 2 2 0
8.98847 0 0 2 2 0
9.00847 0 0 2 2 0
9.02847 0 0 2 2 0
9.04847 0 0 2 2 0
9.06847 0 0 2 2 0
9.08847 0 0 2 2 0
9.10847 0 0 2 2 0
9.12847 0 0 2 2 0
9.14847 0 0 2 2 0
9.16847 0 0 2 2 0
9.18847 0 0 2 2 0
9.20847 0 0 2 2 0
9.22847 0 0 2 2 0
9.24847 0 0 2 2 0
9.26847 0 0 2 2 0
9.28847 0 0 2 2 0
9.30847 0 0 2 2 0
9.32847 0 0 2 2 0
9.34847 0 0 2 2 0
9.36847 0 0 2 2 0
9.38847 0 0 2 2 0
9.40847 0 0 2 2 0
9.42847 0 0 2 2 0
9.44847 0 0 2 2 0
9.46847 0 0 2 2 0
9.48847 0 0 2 2 0
9.50847 0 0 2 2 0
9.52847 0 0 2 2 0
9.54847 0 0 2 2 0
9.56847 0 0 2 2 0
9.58847 0 0 2 2 0
9.60847 0 0 2 2 0
9.62847 0 0 2 2 0
9.64847 0 0 2 2 0
9.66847 0 0 2 2 0
9.68847 0 0 2 2 0
9.70847 0 0 2 2 0
9.72847 0 0 2 2 0
9.74847 0 0 2 2 0
9.76847 0 0 2 2 0
9.78847 0 0 2 2 0
9.80847 0 0 2 2 0
9.82847 0 0 2 2 0
9.84847 0 0 2 2 0
9.86847 0 0 2 2 0
9.88847 0 0 2 2 0
9.90847 0 0 2 2 0
9.92847 0 0 2 2 0
9.94847 0 0 2 2 0
9.96847 0 0 2 2 0
9.98847 0 0 2 2 0
10.0085 0 0 2 2 0
10.0285 0 0 2 2 0
10.0485 0 0 2 2 0
10.0685 0 0 2 2 0
10.0885 0 0 2 2 0
10.1085 0 0 2 2 0
10.1285 0 0 2 2 0
10.1485 0 0 2 2 0
10.1685 0 0 2 2 0
10.1885 0 0 2 2 0
10.2085 0 0 2 2 0
10.2285 0 0 2 2 0
10.2485 0 0 2 2 0
10.2685 0 0 2 2 0
10.2885 0 0 2 2 0
10.3085 0 0 2 2 0
10.3285 0 0 2 2 0
10.3485 0 0 2 2 0
10.3685 0 0 2 2 0
10.3885 0 0 2 2 0
10.4085 0 0 2 2 0
10.4285 0 0 2 2 0
10.4485 0 0 2 2 0
10.4685 0 0 2 2 0
10.4885 0 0 2 2 0
10.5085 0 0 2 2 0
10.5285 0 0 2 2 0
10.5485 0 0 2 2 0
10.5685 0 0 2 2 0
10.5885 0 0 2 2 0
10.6085 0 0 2 2 0
10.6285 0 0 2 2 0
10.6485 0 0 2 2 0
10.6685 0 0 2 2 0
10.6885 0 0 2 2 0
10.7085 0 0 2 2 0
10.7285 0 0 2 2 0
10.7485 0 0 2 2 0
10.7685 0 0 2 2 0
10.7885 0 0 2 2 0
10.8085 0 0 2 2 0
10.8285 0 0 2 2 0
10.8485 0 0 2 2 0
10.8685 0 0 2 2 0
10.8885 0 0 2 2 0
10.9085 0 0 2 2 0
10.9285 0 0 2 2 0
10.9485 0 0 2 2 0
10.9685 0 0 2 2 0
10.9885 0 0 2 2 0
11.0085 0 0 2 2 0
11.0285 0 0 2 2 0
11.0485 0 0 2 2 0
11.0685 0 0 2 2 0
11.0885 0 0 2 2 0
11.1085 0 0 2 2 0
11.1285 0 0 2 2 0
11.1485 0 0 2 2 0
11.1685 0 0 2 2 0
11.1885 0 0 2 2 0
11.2085 0 0 2 2 0
11.2285 0 0 2 2 0
11.2485 0 0 2 2 0
11.2685 0 0 2 2 0
11.2885 0 0 2 2 0
11.3085 0 0 2 2 0
11.3285 0 0 2 2 0
11.3485 0 0 2 2 0
11.3685 0 0 2 2 0
11.3885 0 0 2 2 0
11.4085 0 0 2 2 0
11.4285 0 0 2 2 0
11.4485 0 0 2 2 0
11.4685 0 0 2 2 0
11.4885 0 0 2 2 0
11.5085 0 0 2 2 0
11.5285 0 0 2 2 0
11.5485 0 0 2 2 0
11.5685 0 0 2 2 0
11.5885 0 0 2 2 0
11.6085 0 0 2 2 0
11.6285 0 0 2 2 0
11.6485 0 0 2 2 0
11.6685 0 0 2 2 0
11.6885 0 0 2 2 0
11.7085 0 0 2 2 0
11.7285 0 0 2 2 0
11.7485 0 0 2 2 0
11.7685 0 0 2 2 0
11.7885 0 0 2 2 0
11.8085 0 0 2 2 0
11.8285 0 0 2 2 0
11.8485 0 0 2 2 0
11.8685 0 0 2 2 0
11.8885 0 0 2 2 0
11.9085 0 0 2 2 0
11.9285 0 0 2 2 0
11.9485 0 0 2 2 0
11.9685 0 0 2 2 0
11.9885 0 0 2 2 0
12.0085 0 0 2 2 0
12.0285 0 0 2 2 0
12.0485 0 0 2 2 0
12.0685 0 0 2 2 0
12.0885 0 0 2 2 0
12.1085 0 0 2 2 0
12.1285 0 0 2 2 0
12.1485 0 0 2 2 0
12.1685 0 0 2 2 0
12.1885 0 0 2 2 0
12.2085 0 0 2 2 0
12.2285 0 0 2 2 0
12.2485 0 0 2 2 0
12.2685 0 0 2 2 0
12.2885 0 0 2 2 0
12.3085 0 0 2 2 0
12.3285 0 0 2 2 0
12.3485 0 0 2 2 0
12.3685 0 0 2 2 0
12.3885 0 0 2 2 0
12.4085 0 0 2 2 0
12.4285 0 0 2 2 0
12.4485 0 0 2 2 0
12.4685 0 0 2 2 0
12.4885 0 0 2 2 0
12.5085 0 0 2 2 0
12.5285 0 0 2 2 0
12.5485 0 0 2 2 0
12.5685 0 0 2 2 0
12.5885 0 0 2 2 0
12.6085 0 0 2 2 0
12.6285 0 0 2 2 0
12.6485 0 0 2 2 0
12.6685 0 0 2 2 0
12.6885 0 0 2 2 0
12.7085 0 0 2 2 0
12.7285 0 0 2 2 0
12.7485 0 0 2 2 0
12.7685 0 0 2 2 0
12.7885 0 0 2 2 0
12.8085 0 0 2 2 0
12.8285 0 0 2 2 0
12.8485 0 0 2 2 0
12.8685 0 0 2 2 0
12.8885 0 0 2 2 0
12.9085 0 0 2 2 0
12.9285 0 0 2 2 0
12.9485 0 0 2 2 0
12.9685 0 0 2 2 0
12.9885 0 0 2 2 0
13.0085 0 0 2 2 0
13.0285 0 0 2 2 0
13.0485 0 0 2 2 0
13.0685 0 0 2 2 0
13.0885 0 0 2 2 0
13.1085 0 0 2 2 0
13.1285 0 0 2 2 0
13.1485 0 0 2 2 0
13.1685 0 0 2 2 0
13.1885 0 0 2 2 0
13.2085 0 0 2 2 0
13.2285 0 0 2 2 0
13.2485 0 0 2 2 0
13.2685 0 0 2 2 0
13.2885 0 0 2 2 0
13.3085 0 0 2 2 0
13.3285 0 0 2 2 0
13.3485 0 0 2 2 0
13.3685 0 0 2 2 0
13.3885 0 0 2 2 0
13.4085 0 0 2 2 0
13.4285 0 0 2 2 0
13.4485 0 0 2 2 0
13.4685 0 0 2 2 0
13.4885 0 0 2 2 0
13.5085 0 0 2 2 0
13.5285 0 0 2 2 0
13.5485 0 0 2 2 0
13.5685 0 0 2 2 0
13.5885 0 0 2 2 0
13.6085 0 0 2 2 0
13.6285 0 0 2 2 0
13.6485 0 0 2 2 0
13.6685 0 0 2 2 0
13.6885 0 0 2 2 0
13.7085 0 0 2 2 0
13.7285 0 0 2 2 0
13.7485 0 0 2 2 0
13.7685 0 0 2 2 0
13.7885 0 0 2 2 0
13.8085 0 0 2 2 0
13.8285 0 0 2 2 0
13.8389 0 0 2 2 0
13.8589 0 0 2 2 0
13.8789 0 0 2 2 0
13.8989 0 0 2 2 0
13.9189 0 0 2 2 0
13.9389 0 0 2 2 0
13.9589 0 0 2 2 0
13.9789 0 0 2 2 0
13.9989 0 0 2 2 0
14.0189 0 0 2 2 0
14.0389 0 0 2 2 0
14.0589 0 0 2 2 0
14.0789 0 0 2 2 0
14.0989 0 0 2 2 0
14.1189 0 0 2 2 0
14.1389 0 0 2 2 0
14.1589 0 0 2 2 0
14.1789 0 0 2 2 0
14.1989 0 0 2 2 0
14.2189 0 0 2 2 0
14.2389 0 0 2 2 0
14.2589 0 0 2 2 0
14.2789 0 0 2 2 0
14.2989 0 0 2 2 0
14.3189 0 0 2 2 0
14.3389 0 0 2 2 0
14.3589 0 0 2 2 0
14.3789 0 0 2 2 0
14.3989 0 0 2 2 0
14.4189 0 0 2 2 0
14.4389 0 0 2 2 0
14.4589 0 0 2 2 0
14.4789 0 0 2 2 0
14.4989 0 0 2 2 0
14.5189 0 0 2 2 0
14.5389 0 0 2 2 0
14.5589 0 0 2 2 0
14.5789 0 0 2 2 0
14.5989 0 0 2 2 0
14.6189 0 0 2 2 0
14.6389 0 0 2 2 0
14.6589 0 0 2 2 0
14.6789 0 0 2 2 0
14.6989 0 0 2 2 0
14.7189 0 0 2 2 0
14.7389 0 0 2 2 0
14.7589 0 0 2 2 0
14.7789 0 0 2 2 0
14.7989 0 0 2 2 0
14.8189 0 0 2 2 0
14.8389 0 0 2 2 0
14.8589 0 0 2 2 0
14.8789 0 0 2 2 0
14.8989 0 0 2 2 0
14.9189 0 0 2 2 0
14.9389 0 0 2 2 0
14.9589 0 0 2 2 0
14.9789 0 0 2 2 0
14.9989 0 0 2 2 0
15.0189 0 0 2 2 0
15.0389 0 0 2 2 0
15.0589 0 0 2 2 0
15.0789 0 0 2 2 0
15.0989 0 0 2 2 0
15.1189 0 0 2 2 0
15.1389 0 0 2 2 0
15.1589 0 0 2 2 0
15.1789 0 0 2 2 0
15.1989 0 0 2 2 0
15.2189 0 0 2 2 0
15.2389 0 0 2 2 0
15.2589 0 0 2 2 0
15.2789 0 0 2 2 0
15.2989 0 0 2 2 0
15.3189 0 0 2 2 0
15.3389 0 0 2 2 0
15.3589 0 0 2 2 0
15.3789 0 0 2 2 0
15.3989 0 0 2 2 0
15.4189 0 0 2 2 0
15.4389 0 0 2 2 0
15.4589 0 0 2 2 0
15.4789 0 0 2 2 0
15.4989 0 0 2 2 0
15.5189 0 0 2 2 0
15.5389 0 0 2 2 0
15.5589 0 0 2 2 0
15.5789 0 0 2 2 0
15.5989 0 0 2 2 0
15.6189 0 0 2 2 0
15.6389 0 0 2 2 0
15.6589 0 0 2 2 0
15.6789 0 0 2 2 0
15.6989 0 0 2 2 0
15.7189 0 0 2 2 0
15.7389 0 0 2 2 0
15.7589 0 0 2 2 0
15.7789 0 0 2 2 0
15.7989 0 0 2 2 0
15.8189 0 0 2 2 0
15.8389 0 0 2 2 0
15.8589 0 0 2 2 0
15.8789 0 0 2 2 0
15.8989 0 0 2 2 0
15.9189 0 0 2 2 0
15.9389 0 0 2 2 0
15.9589 0 0 2 2 0
15.9789 0 0 2 2 0
15.9989 0 0 2 2 0
16.0189 0 0 2 2 0
16.0389 0 0 2 2 0
16.0589 0 0 2 2 0
16.0789 0 0 2 2 0
16.0989 0 0 2 2 0
16.1189 0 0 2 2 0
16.1389 0 0 2 2 0
16.1589 0 0 2 2 0
16.1789 0 0 2 2 0
16.1989 0 0 2 2 0
16.2189 0 0 2 2 0
16.2389 0 0 2 2 0
16.2589 0 0 2 2 0
16.2789 0 0 2 2 0
16.2989 0 0 2 2 0
16.3189 0 0 2 2 0
16.3389 0 0 2 2 0
16.3589 0 0 2 2 0
16.3789 0 0 2 2 0
16.3989 0 0 2 2 0
16.4189 0 0 2 2 0
16.4389 0 0 2 2 0
16.4589 0 0 2 2 0
16.4789 0 0 2 2 0
16.4989 0 0 2 2 0
16.5189 0 0 2 2 0
16.5389 0 0 2 2 0
16.5589 0 0 2 2 0
16.5789 0 0 2 2 0
16.5989 0 0 2 2 0
16.6189 0 0 2 2 0
16.6389 0 0 2 2 0
16.6589 0 0 2 2 0
16.6789 0 0 2 2 0
16.6989 0 0 2 2 0
16.7189 0 0 2 2 0
16.7389 0 0 2 2 0
16.7589 0 0 2 2 0
16.7789 0 0 2 2 0
16.7989 0 0 2 2 0
16.8189 0 0 2 2 0
16.8389 0 0 2 2 0
16.8589 0 0 2 2 0
16.8789 0 0 2 2 0
16.8989 0 0 2 2 0
16.9189 0 0 2 2 0
16.9389 0 0 2 2 0
16.9589 0 0 2 2 0
16.9789 0 0 2 2 0
16.9989 0 0 2 2 0
17.0189 0 0 2 2 0
17.0389 0 0 2 2 0
17.0589 0 0 2 2 0
17.0789 0 0 2 2 0
17.0989 0 0 2 2 0
17.1189 0 0 2 2 0
17.1389 0 0 2 2 0
17.1589 0 0 2 2 0
17.1789 0 0 2 2 0
17.1989 0 0 2 2 0
17.2189 0 0 2 2 0
17.2389 0 0 2 2 0
17.2589 0 0 2 2 0
17.2789 0 0 2 2 0
17.2989 0 0 2 2 0
17.3189 0 0 2 2 0
17.3389 0 0 2 2 0
17.3589 0 0 2 2 0
17.3789 0 0 2 2 0
17.3989 0 0 2 2 0
17.4189 0 0 2 2 0
17.4389 0 0 2 2 0
17.4589 0 0 2 2 0
17.4789 0 0 2 2 0
17.4989 0 0 2 2 0
17.5189 0 0 2 2 0
17.5389 0 0 2 2 0
17.5589 0 0 2 2 0
17.5789 0 0 2 2 0
17.5989 0 0 2 2 0
17.6189 0 0 2 2 0
17.6389 0 0 2 2 0
17.6589 0 0 2 2 0
17.6789 0 0 2 2 0
17.6989 0 0 2 2 0
17.7189 0 0 2 2 0
17.7389 0 0 2 2 0
17.7589 0 0 2 2 0
17.7789 0 0 2 2 0
17.7989 0 0 2 2 0
17.8189 0 0 2 2 0
17.8389 0 0 2 2 0
17.8589 0 0 2 2 0
17.8789 0 0 2 2 0
17.8989 0 0 2 2 0
17.9189 0 0 2 2 0
17.9389 0 0 2 2 0
17.9589 0 0 2 2 0
17.9789 0 0 2 2 0
17.9989 0 0 2 2 0
18.0189 0 0 2 2 0
18.0389 0 0 2 2 0
18.0589 0 0 2 2 0
18.0789 0 0 2 2 0
18.0989 0 0 2 2 0
18.1189 0 0 2 2 0
18.1389 0 0 2 2 0
18.1589 0 0 2 2 0
18.1789 0 0 2 2 0
18.1989 0 0 2 2 0
18.2189 0 0 2 2 0
18.2389 0 0 2 2 0
18.2589 0 0 2 2 0
18.2789 0 0 2 2 0
18.2989 0 0 2 2 0
18.3189 0 0 2 2 0
18.3389 0 0 2 2 0
18.3589 0 0 2 2 0
18.3789 0 0 2 2 0
18.3989 0 0 2 2 0
18.4189 0 0 2 2 0
18.4389 0 0 2 2 0
18.4589 0 0 2 2 0
18.4789 0 0 2 2 0
18.4989 0 0 2 2 0
18.5189 0 0 2 2 0
18.5389 0 0 2 2 0
18.5589 0 0 2 2 0
18.5789 0 0 2 2 0
18.5989 0 0 2 2 0
18.6189 0 0 2 2 0
18.6389 0 0 2 2 0
18.6589 0 0 2 2 0
18.6789 0 0 2 2 0
18.6989 0 0 2 2 0
18.7189 0 0 2 2 0
18.7389 0 0 2 2 0
18.7589 0 0 2 2 0
18.7789 0 0 2 2 0
18.7989 0 0 2 2 0
18.8189 0 0 2 2 0
18.8389 0 0 2 2 0
18.8589 0 0 2 2 0
18.8789 0 0 2 2 0
18.8989 0 0 2 2 0
18.9189 0 0 2 2 0
18.9389 0 0 2 2 0
18.9589 0 0 2 2 0
18.9789 0 0 2 2 0
18.9989 0 0 2 2 0
19.0189 0 0 2 2 0
19.0389 0 0 2 2 0
19.0589 0 0 2 2 0
19.0789 0 0 2 2 0
19.0989 0 0 2 2 0
19.1189 0 0 2 2 0
19.1389 0 0 2 2 0
19.1589 0 0 2 2 0
19.1789 0 0 2 2 0
19.1989 0 0 2 2 0
19.2189 0 0 2 2 0
19.2389 0 0 2 2 0
19.2589 0 0 2 2 0
19.2789 0 0 2 2 0
19.2989 0 0 2 2 0
19.3189 0 0 2 2 0
19.3389 0 0 2 2 0
19.3589 0 0 2 2 0
19.3789 0 0 2 2 0
19.3989 0 0 2 2 0
19.4189 0 0 2 2 0
19.4389 0 0 2 2 0
19.4589 0 0 2 2 0
19.4789 0 0 2 2 0
19.4989 0 0 2 2 0
19.5189 0 0 2 2 0
19.5389 0 0 2 2 0
19.5589 0 0 2 2 0
19.5789 0 0 2 2 0
19.5989 0 0 2 2 0
19.6189 0 0 2 2 0
19.6389 0 0 2 2 0
19.6589 0 0 2 2 0
19.6789 0 0 2 2 0
19.6989 0 0 2 2 0
19.7189 0 0 2 2 0
19.7389 0 0 2 2 0
19.7589 0 0 2 2 0
19.7789 0 0 2 2 0
19.7989 0 0 2 2 0
19.8189 0 0 2 2 0
19.8389 0 0 2 2 0
19.8589 0 0 2 2 0
19.8789 0 0 2 2 0
19.8989 0 0 2 2 0
19.9189 0 0 2 2 0
19.9389 0 0 2 2 0
19.9589 0 0 2 2 0
19.9789 0 0 2 2 0
19.9989 0 0 2 2 0
20.0189 0 0 2 2 0
20.0389 0 0 2 2 0
20.0589 0 0 2 2 0
20.0789 0 0 2 2 0
20.0989 0 0 2 2 0
20.1189 0 0 2 2 0
20.1389 0 0 2 2 0
20.1589 0 0 2 2 0
20.1789 0 0 2 2 0
20.1989 0 0 2 2 0
20.2189 0 0 2 2 0
20.2389 0 0 2 2 0
20.2589 0 0 2 2 0
20.2789 0 0 2 2 0
20.2989 0 0 2 2 0
20.3189 0 0 2 2 0
20.3389 0 0 2 2 0
20.3589 0 0 2 2 0
20.3789 0 0 2 2 0
20.3989 0 0 2 2 0
20.4189 0 0 2 2 0
20.4389 0 0 2 2 0
20.4589 0 0 2 2 0
20.4789 0 0 2 2 0
20.4989 0 0 2 2 0
20.5189 0 0 2 2 0
20.5389 0 0 2 2 0
20.5589 0 0 2 2 0
20.5789 0 0 2 2 0
20.5989 0 0 2 2 0
20.6189 0 0 2 2 0
20.6389 0 0 2 2 0
20.6589 0 0 2 2 0
20.6789 0 0 2 2 0
20.6989 0 0 2 2 0
20.7189 0 0 2 2 0
20.7389 0 0 2 2 0
20.7589 0 0 2 2 0
20.7789 0 0 2 2 0
20.7989 0 0 2 2 0
20.8189 0 0 2 2 0
20.8389 0 0 2 2 0
20.8589 0 0 2 2 0
20.8789 0 0 2 2 0
20.8989 0 0 2 2 0
20.9189 0 0 2 2 0
20.9389 0 0 2 2 0
20.9589 0 0 2 2 0
20.9789 0 0 2 2 0
20.9989 0 0 2 2 0
21.0189 0 0 2 2 0
21.0389 0 0 2 2 0
21.0589 0 0 2 2 0
21.0789 0 0 2 2 0
21.0989 0 0 2 2 0
21.1189 0 0 2 2 0
21.1389 0 0 2 2 0
21.1589 0 0 2 2 0
21.1789 0 0 2 2 0
21.1989 0 0 2 2 0
21.2189 0 0 2 2 0
21.2389 0 0 2 2 0
21.2589 0 0 2 2 0
21.2789 0 0 2 2 0
21.2989 0 0 2 2 0
21.3189 0 0 2 2 0
21.3389 0 0 2 2 0
21.3589 0 0 2 2 0
21.3789 0 0 2 2 0
21.3989 0 0 2 2 0
21.4189 0 0 2 2 0
21.4389 0 0 2 2 0
21.4589 0 0 2 2 0
21.4789 0 0 2 2 0
21.4989 0 0 2 2 0
21.5189 0 0 2 2 0
21.5389 0 0 2 2 0
21.5589 0 0 2 2 0
21.5789 0 0 2 2 0
21.5989 0 0 2 2 0
21.6189 0 0 2 2 0
21.6389 0 0 2 2 0
21.6589 0 0 2 2 0
21.6789 0 0 2 2 0
21.6989 0 0 2 2 0
21.7189 0 0 2 2 0
21.7389 0 0 2 2 0
21.7589 0 0 2 2 0
21.7789 0 0 2 2 0
21.7989 0 0 2 2 0
21.8189 0 0 2 2 0
21.8389 0 0 2 2 0
21.8589 0 0 2 2 0
21.8789 0 0 2 2 0
21.8989 0 0 2 2 0
21.9189 0 0 2 2 0
21.9389 0 0 2 2 0
21.9589 0 0 2 2 0
21.9789 0 0 2 2 0
21.9989 0 0 2 2 0
22.0189 0 0 2 2 0
22.0389 0 0 2 2 0
22.0589 0 0 2 2 0
22.0789 0 0 2 2 0
22.0989 0 0 2 2 0
22.1189 0 0 2 2 0
22.1389 0 0 2 2 0
22.1589 0 0 2 2 0
22.1789 0 0 2 2 0
22.1989 0 0 2 2 0
22.2189 0 0 2 2 0
22.2389 0 0 2 2 0
22.2589 0 0 2 2 0
22.2789 0 0 2 2 0
22.2989 0 0 2 2 0
22.3189 0 0 2 2 0
22.3389 0 0 2 2 0
22.3589 0 0 2 2 0
22.3789 0 0 2 2 0
22.3989 0 0 2 2 0
22.4189 0 0 2 2 0
22.4389 0 0 2 2 0
22.4589 0 0 2 2 0
22.4789 0 0 2 2 0
22.4989 0 0 2 2 0
22.5189 0 0 2 2 0
22.5389 0 0 2 2 0
22.5589 0 0 2 2 0
22.5789 0 0 2 2 0
22.5989 0 0 2 2 0
22.6189 0 0 2 2 0
22.6389 0 0 2 2 0
22.6589 0 0 2 2 0
22.6789 0 0 2 2 0
22.6989 0 0 2 2 0
22.7189 0 0 2 2 0
22.7389 0 0 2 2 0
22.7589 0 0 2 2 0
22.7789 0 0 2 2 0
22.7989 0 0 2 2 0
22.8189 0 0 2 2 0
22.8389 0 0 2 2 0
22.8589 0 0 2 2 0
22.8789 0 0 2 2 0
22.8989 0 0 2 2 0
22.9189 0 0 2 2 0
22.9389 0 0 2 2 0
22.9589 0 0 2 2 0
22.9789 0 0 2 2 0
22.9989 0 0 2 2 0
23.0189 0 0 2 2 0
23.0389 0 0 2 2 0
23.0589 0 0 2 2 0
23.0789 0 0 2 2 0
23.0989 0 0 2 2 0
23.1189 0 0 2 2 0
23.1389 0 0 2 2 0
23.1589 0 0 2 2 0
23.1789 0 0 2 2 0
23.1989 0 0 2 2 0
23.2189 0 0 2 2 0
23.2389 0 0 2 2 0
23.2589 0 0 2 2 0
23.2789 0 0 2 2 0
23.2989 0 0 2 2 0
23.3189 0 0 2 2 0
23.3389 0 0 2 2 0
23.3589 0 0 2 2 0
23.3789 0 0 2 2 0
23.3989 0 0 2 2 0
23.4189 0 0 2 2 0
23.4389 0 0 2 2 0
23.4589 0 0 2 2 0
23.4789 0 0 2 2 0
23.4989 0 0 2 2 0
23.5189 0 0 2 2 0
23.5389 0 0 2 2 0
23.5589 0 0 2 2 0
23.5789 0 0 2 2 0
23.5989 0 0 2 2 0
23.6189 0 0 2 2 0
23.6389 0 0 2 2 0
23.6589 0 0 2 2 0
23.6789 0 0 2 2 0
23.6989 0 0 2 2 0
23.7189 0 0 2 2 0
23.7389 0 0 2 2 0
23.7589 0 0 2 2 0
23.7789 0 0 2 2 0
23.7989 0 0 2 2 0
23.8189 0 0 2 2 0
23.8389 0 0 2 2 0
23.8589 0 0 2 2 0
23.8789 0 0 2 2 0
23.8989 0 0 2 2 0
23.9189 0 0 2 2 0
23.9389 0 0 2 2 0
23.9589 0 0 2 2 0
23.9789 0 0 2 2 0
23.9989 0 0 2 2 0
24.0189 0 0 2 2 0
24.0389 0 0 2 2 0
24.0589 0 0 2 2 0
24.0789 0 0 2 2 0
24.0989 0 0 2 2 0
24.1189 0 0 2 2 0
24.1389 0 0 2 2 0
24.1589 0 0 2 2 0
24.1789 0 0 2 2 0
24.1989 0 0 2 2 0
24.2189 0 0 2 2 0
24.2389 0 0 2 2 0
24.2589 0 0 2 2 0
24.2789 0 0 2 2 0
24.2989 0 0 2 2 0
24.3189 0 0 2 2 0
24.3389 0 0 2 2 0
24.3589 0 0 2 2 0
24.3789 0 0 2 2 0
24.3872 0 0 2 2 0
24.4072 0 0 2 2 0
24.4272 0 0 2 2 0
24.4472 0 0 2 2 0
24.4672 0 0 2 2 0
24.4872 0 0 2 2 0
24.5072 0 0 2 2 0
24.5272 0 0 2 2 0
24.5472 0 0 2 2 0
24.5672 0 0 2 2 0
24.5872 0 0 2 2 0
24.6072 0 0 2 2 0
24.6272 0 0 2 2 0
24.6472 0 0 2 2 0
24.6672 0 0 2 2 0
24.6872 0 0 2 2 0
24.7072 0 0 2 2 0
24.7272 0 0 2 2 0
24.7472 0 0 2 2 0
24.7672 0 0 2 2 0
24.7872 0 0 2 2 0
24.8072 0 0 2 2 0
24.8272 0 0 2 2 0
24.8472 0 0 2 2 0
24.8672 0 0 2 2 0
24.8872 0 0 2 2 0
24.9072 0 0 2 2 0
24.9272 0 0 2 2 0
24.9472 0 0 2 2 0
24.9672 0 0 2 2 0
24.9872 0 0 2 2 0
25.0072 0 0 2 2 0
25.0272 0 0 2 2 0
25.0472 0 0 2 2 0
25.0672 0 0 2 2 0
25.0872 0 0 2 2 0
25.1072 0 0 2 2 0
25.1272 0 0 2 2 0
25.1472 0 0 2 2 0
25.1672 0 0 2 2 0
25.1872 0 0 2 2 0
25.2072 0 0 2 2 0
25.2272 0 0 2 2 0
25.2472 0 0 2 2 0
25.2672 0 0 2 2 0
25.2872 0 0 2 2 0
25.3072 0 0 2 2 0
25.3272 0 0 2 2 0
25.3472 0 0 2 2 0
25.3672 0 0 2 2 0
25.3872 0 0 2 2 0
25.4072 0 0 2 2 0
25.4272 0 0 2 2 0
25.4472 0 0 2 2 0
25.4672 0 0 2 2 0
25.4872 0 0 2 2 0
25.5072 0 0 2 2 0
25.5272 0 0 2 2 0
25.5472 0 0 2 2 0
25.5672 0 0 2 2 0
25.5872 0 0 2 2 0
25.6072 0 0 2 2 0
25.6272 0 0 2 2 0
25.6472 0 0 2 2 0
25.6672 0 0 2 2 0
25.6872 0 0 2 2 0
25.7072 0 0 2 2 0
25.7272 0 0 2 2 0
25.7472 0 0 2 2 0
25.7672 0 0 2 2 0
25.7872 0 0 2 2 0
25.8072 0 0 2 2 0
25.8272 0 0 2 2 0
25.8472 0 0 2 2 0
25.8672 0 0 2 2 0
25.8872 0 0 2 2 0
25.9072 0 0 2 2 0
25.9272 0 0 2 2 0
25.9472 0 0 2 2 0
25.9672 0 0 2 2 0
25.9872 0 0 2 2 0
26.0072 0 0 2 2 0
26.0272 0 0 2 2 0
26.0472 0 0 2 2 0
26.0672 0 0 2 2 0
26.0872 0 0 2 2 0
26.1072 0 0 2 2 0
26.1272 0 0 2 2 0
26.1472 0 0 2 2 0
26.1672 0 0 2 2 0
26.1872 0 0 2 2 0
26.2072 0 0 2 2 0
26.2272 0 0 2 2 0
26.2472 0 0 2 2 0
26.2672 0 0 2 2 0
26.2872 0 0 2 2 0
26.3072 0 0 2 2 0
26.3272 0 0 2 2 0
26.3472 0 0 2 2 0
26.3672 0 0 2 2 0
26.3872 0 0 2 2 0
26.4072 0 0 2 2 0
26.4272 0 0 2 2 0
26.4472 0 0 2 2 0
26.4672 0 0 2 2 0
26.4872 0 0 2 2 0
26.5072 0 0 2 2 0
26.5272 0 0 2 2 0
26.5472 0 0 2 2 0
26.5672 0 0 2 2 0
26.5872 0 0 2 2 0
26.6072 0 0 2 2 0
26.6272 0 0 2 2 0
26.6472 0 0 2 2 0
26.6672 0 0 2 2 0
26.6872 0 0 2 2 0
26.7072 0 0 2 2 0
26.7272 0 0 2 2 0
26.7472 0 0 2 2 0
26.7672 0 0 2 2 0
26.7872 0 0 2 2 0
26.8072 0 0 2 2 0
26.8272 0 0 2 2 0
26.8472 0 0 2 2 0
26.8672 0 0 2 2 0
26.8872 0 0 2 2 0
26.9072 0 0 2 2 0
26.9272 0 0 2 2 0
26.9472 0 0 2 2 0
26.9672 0 0 2 2 0
26.9872 0 0 2 2 0
27.0072 0 0 2 2 0
27.0272 0 0 2 2 0
27.0472 0 0 2 2 0
27.0672 0 0 2 2 0
27.0872 0 0 2 2 0
27.1072 0 0 2 2 0
27.1272 0 0 2 2 0
27.1472 0 0 2 2 0
27.1672 0 0 2 2 0
27.1872 0 0 2 2 0
27.2072 0 0 2 2 0
27.2272 0 0 2 2 0
27.2472 0 0 2 2 0
27.2672 0 0 2 2 0
27.2872 0 0 2 2 0
27.3072 0 0 2 2 0
27.3272 0 0 2 2 0
27.3472 0 0 2 2 0
27.3672 0 0 2 2 0
27.3872 0 0 2 2 0
27.4072 0 0 2 2 0
27.4272 0 0 2 2 0
27.4472 0 0 2 2 0
27.4672 0 0 2 2 0
27.4872 0 0 2 2 0
27.5072 0 0 2 2 0
27.5272 0 0 2 2 0
27.5472 0 0 2 2 0
27.5672 0 0 2 2 0
27.5872 0 0 2 2 0
27.6072 0 0 2 2 0
27.6272 0 0 2 2 0
27.6472 0 0 2 2 0
27.6672 0 0 2 2 0
27.6872 0 0 2 2 0
27.7072 0 0 2 2 0
27.7272 0 0 2 2 0
27.7472 0 0 2 2 0
27.7672 0 0 2 2 0
27.7872 0 0 2 2 0
27.8072 0 0 2 2 0
27.8272 0 0 2 2 0
27.8472 0 0 2 2 0
27.8672 0 0 2 2 0
27.8872 0 0 2 2 0
27.9072 0 0 2 2 0
27.9272 0 0 2 2 0
27.9472 0 0 2 2 0
27.9672 0 0 2 2 0
27.9872 0 0 2 2 0
28.0072 0 0 2 2 0
28.0272 0 0 2 2 0
28.0472 0 0 2 2 0
28.0672 0 0 2 2 0
28.0872 0 0 2 2 0
28.1072 0 0 2 2 0
28.1272 0 0 2 2 0
28.1472 0 0 2 2 0
28.1672 0 0 2 2 0
28.1872 0 0 2 2 0
28.2072 0 0 2 2 0
28.2272 0 0 2 2 0
28.2472 0 0 2 2 0
28.2672 0 0 2 2 0
28.2872 0 0 2 2 0
28.3072 0 0 2 2 0
28.3272 0 0 2 2 0
28.3472 0 0 2 2 0
28.3672 0 0 2 2 0
28.3872 0 0 2 2 0
28.4072 0 0 2 2 0
28.4272 0 0 2 2 0
28.4472 0 0 2 2 0
28.4672 0 0 2 2 0
28.4872 0 0 2 2 0
28.5072 0 0 2 2 0
28.5272 0 0 2 2 0
28.5472 0 0 2 2 0
28.5672 0 0 2 2 0
28.5872 0 0 2 2 0
28.6072 0 0 2 2 0
28.6272 0 0 2 2 0
28.6472 0 0 2 2 0
28.6672 0 0 2 2 0
28.6872 0 0 2 2 0
28.7072 0 0 2 2 0
28.7272 0 0 2 2 0
28.7472 0 0 2 2 0
28.7672 0 0 2 2 0
28.7872 0 0 2 2 0
28.8072 0 0 2 2 0
28.8272 0 0 2 2 0
28.8472 0 0 2 2 0
28.8672 0 0 2 2 0
28.8872 0 0 2 2 0
28.9072 0 0 2 2 0
28.9272 0 0 2 2 0
28.9472 0 0 2 2 0
28.9672 0 0 2 2 0
28.9872 0 0 2 2 0
29.0072 0 0 2 2 0
29.0272 0 0 2 2 0
29.0472 0 0 2 2 0
29.0672 0 0 2 2 0
29.0872 0 0 2 2 0
29.1072 0 0 2 2 0
29.1272 0 0 2 2 0
29.1472 0 0 2 2 0
29.1672 0 0 2 2 0
29.1872 0 0 2 2 0
29.2072 0 0 2 2 0
29.2272 0 0 2 2 0
29.2472 0 0 2 2 0
29.2672 0 0 2 2 0
29.2872 0 0 2 2 0
29.3072 0 0 2 2 0
29.3272 0 0 2 2 0
29.3472 0 0 2 2 0
29.3672 0 0 2 2 0
29.3872 0 0 2 2 0
29.4072 0 0 2 2 0
29.4272 0 0 2 2 0
29.4472 0 0 2 2 0
29.4672 0 0 2 2 0
29.4872 0 0 2 2 0
29.5072 0 0 2 2 0
29.5272 0 0 2 2 0
29.5472 0 0 2 2 0
29.5672 0 0 2 2 0
29.5872 0 0 2 2 0
29.6072 0 0 2 2 0
29.6272 0 0 2 2 0
29.6472 0 0 2 2 0
29.6672 0 0 2 2 0
29.6872 0 0 2 2 0
29.7072 0 0 2 2 0
29.7272 0 0 2 2 0
29.7472 0 0 2 2 0
29.7672 0 0 2 2 0
29.7872 0 0 2 2 0
29.8072 0 0 2 2 0
29.8272 0 0 2 2 0
29.8472 0 0 2 2 0
29.8672 0 0 2 2 0
29.8872 0 0 2 2 0
29.9072 0 0 2 2 0
29.9272 0 0 2 2 0
29.9472 0 0 2 2 0
29.9672 0 0 2 2 0
29.9872 0 0 2 2 0
30.0072 0 0 2 2 0
30.0272 0 0 2 2 0
30.0472 0 0 2 2 0
30.0672 0 0 2 2 0
30.0872 0 0 2 2 0
30.1072 0 0 2 2 0
30.1272 0 0 2 2 0
30.1472 0 0 2 2 0
30.1672 0 0 2 2 0
30.1872 0 0 2 2 0
30.2072 0 0 2 2 0
30.2272 0 0 2 2 0
30.2472 0 0 2 2 0
30.2672 0 0 2 2 0
30.2872 0 0 2 2 0
30.3072 0 0 2 2 0
30.3272 0 0 2 2 0
30.3472 0 0 2 2 0
30.3672 0 0 2 2 0
30.3872 0 0 2 2 0
30.4072 0 0 2 2 0
30.4272 0 0 2 2 0
30.4472 0 0 2 2 0
30.4672 0 0 2 2 0
30.4872 0 0 2 2 0
30.5072 0 0 2 2 0
30.5272 0 0 2 2 0
30.5472 0 0 2 2 0
30.5672 0 0 2 2 0
30.5872 0 0 2 2 0
30.6072 0 0 2 2 0
30.6272 0 0 2 2 0
30.6472 0 0 2 2 0
30.6672 0 0 2 2 0
30.6872 0 0 2 2 0
30.7072 0 0 2 2 0
30.7272 0 0 2 2 0
30.7472 0 0 2 2 0
30.7672 0 0 2 2 0
30.7872 0 0 2 2 0
30.8072 0 0 2 2 0
30.8272 0 0 2 2 0
30.8472 0 0 2 2 0
30.8672 0 0 2 2 0
30.8872 0 0 2 2 0
30.9072 0 0 2 2 0
30.9272 0 0 2 2 0
30.9472 0 0 2 2 0
30.9672 0 0 2 2 0
30.9872 0 0 2 2 0
31.0072 0 0 2 2 0
31.0272 0 0 2 2 0
31.0472 0 0 2 2 0
31.0672 0 0 2 2 0
31.0872 0 0 2 2 0
31.1072 0 0 2 2 0
31.1272 0 0 2 2 0
31.1472 0 0 2 2 0
31.1672 0 0 2 2 0
31.1872 0 0 2 2 0
31.2072 0 0 2 2 0
31.2272 0 0 2 2 0
31.2472 0 0 2 2 0
31.2672 0 0 2 2 0
31.2872 0 0 2 2 0
31.3072 0 0 2 2 0
31.3272 0 0 2 2 0
31.3472 0 0 2 2 0
31.3672 0 0 2 2 0
31.3872 0 0 2 2 0
31.4072 0 0 2 2 0
31.4272 0 0 2 2 0
31.4472 0 0 2 2 0
31.4672 0 0 2 2 0
31.4872 0 0 2 2 0
31.5072 0 0 2 2 0
31.5272 0 0 2 2 0
31.5472 0 0 2 2 0
31.5672 0 0 2 2 0
31.5872 0 0 2 2 0
31.6072 0 0 2 2 0
31.6272 0 0 2 2 0
31.6472 0 0 2 2 0
31.6672 0 0 2 2 0
31.6872 0 0 2 2 0
31.7072 0 0 2 2 0
31.7272 0 0 2 2 0
31.7472 0 0 2 2 0
31.7672 0 0 2 2 0
31.7872 0 0 2 2 0
31.8072 0 0 2 2 0
31.8272 0 0 2 2 0
31.8472 0 0 2 2 0
31.8672 0 0 2 2 0
31.8872 0 0 2 2 0
31.9072 0 0 2 2 0
31.9272 0 0 2 2 0
31.9472 0 0 2 2 0
31.9672 0 0 2 2 0
31.9872 0 0 2 2 0
32.0072 0 0 2 2 0
32.0272 0 0 2 2 0
32.0472 0 0 2 2 0
32.0672 0 0 2 2 0
32.0872 0 0 2 2 0
32.1072 0 0 2 2 0
32.1272 0 0 2 2 0
32.1472 0 0 2 2 0
32.1672 0 0 2 2 0
32.1872 0 0 2 2 0
32.2072 0 0 2 2 0
32.2272 0 0 2 2 0
32.2472 0 0 2 2 0
32.2672 0 0 2 2 0
32.2872 0 0 2 2 0
32.3072 0 0 2 2 0
32.3272 0 0 2 2 0
32.3472 0 0 2 2 0
32.3672 0 0 2 2 0
32.3872 0 0 2 2 0
32.4072 0 0 2 2 0
32.4272 0 0 2 2 0
32.4472 0 0 2 2 0
32.4672 0 0 2 2 0
32.4872 0 0 2 2 0
32.5072 0 0 2 2 0
32.5272 0 0 2 2 0
32.5472 0 0 2 2 0
32.5672 0 0 2 2 0
32.5872 0 0 2 2 0
32.6072 0 0 2 2 0
32.6272 0 0 2 2 0
32.6472 0 0 2 2 0
32.6672 0 0 2 2 0
32.6872 0 0 2 2 0
32.7072 0 0 2 2 0
32.7272 0 0 2 2 0
32.7472 0 0 2 2 0
32.7672 0 0 2 2 0
32.7872 0 0 2 2 0
32.8072 0 0 2 2 0
32.8272 0 0 2 2 0
32.8472 0 0 2 2 0
32.8672 0 0 2 2 0
32.8872 0 0 2 2 0
32.9072 0 0 2 2 0
32.9272 0 0 2 2 0
32.9472 0 0 2 2 0
32.9672 0 0 2 2 0
32.9872 0 0 2 2 0
33.0072 0 0 2 2 0
33.0272 0 0 2 2 0
33.0472 0 0 2 2 0
33.0672 0 0 2 2 0
33.0872 0 0 2 2 0
33.1072 0 0 2 2 0
33.1272 0 0 2 2 0
33.1472 0 0 2 2 0
33.1672 0 0 2 2 0
33.1872 0 0 2 2 0
33.2072 0 0 2 2 0
33.2272 0 0 2 2 0
33.2472 0 0 2 2 0
33.2672 0 0 2 2 0
33.2872 0 0 2 2 0
33.3072 0 0 2 2 0
33.3272 0 0 2 2 0
33.3472 0 0 2 2 0
33.3672 0 0 2 2 0
33.3872 0 0 2 2 0
33.4072 0 0 2 2 0
33.4272 0 0 2 2 0
33.4472 0 0 2 2 0
33.4672 0 0 2 2 0
33.4872 0 0 2 2 0
33.5072 0 0 2 2 0
33.5272 0 0 2 2 0
33.5472 0 0 2 2 0
33.5672 0 0 2 2 0
33.5872 0 0 2 2 0
33.6072 0 0 2 2 0
33.6272 0 0 2 2 0
33.6472 0 0 2 2 0
33.6672 0 0 2 2 0
33.6872 0 0 2 2 0
33.7072 0 0 2 2 0
33.7272 0 0 2 2 0
33.7472 0 0 2 2 0
33.7672 0 0 2 2 0
33.7872 0 0 2 2 0
33.8072 0 0 2 2 0
33.8272 0 0 2 2 0
33.8472 0 0 2 2 0
33.8672 0 0 2 2 0
33.8872 0 0 2 2 0
33.9072 0 0 2 2 0
33.9272 0 0 2 2 0
33.9472 0 0 2 2 0
33.9672 0 0 2 2 0
33.9872 0 0 2 2 0
34.0072 0 0 2 2 0
34.0272 0 0 2 2 0
34.0472 0 0 2 2 0
34.0672 0 0 2 2 0
34.0872 0 0 2 2 0
34.1072 0 0 2 2 0
34.1272 0 0 2 2 0
34.1472 0 0 2 2 0
34.1672 0 0 2 2 0
34.1872 0 0 2 2 0
34.2072 0 0 2 2 0
34.2272 0 0 2 2 0
34.2472 0 0 2 2 0
34.2672 0 0 2 2 0
34.2872 0 0 2 2 0
34.3072 0 0 2 2 0
34.3272 0 0 2 2 0
34.3472 0 0 2 2 0
34.3672 0 0 2 2 0
34.3872 0 0 2 2 0
34.4072 0 0 2 2 0
34.4272 0 0 2 2 0
34.4472 0 0 2 2 0
34.4672 0 0 2 2 0
34.4872 0 0 2 2 0
34.5072 0 0 2 2 0
34.5272 0 0 2 2 0
34.5472 0 0 2 2 0
34.5672 0 0 2 2 0
34.5872 0 0 2 2 0
34.6072 0 0 2 2 0
34.6272 0 0 2 2 0
34.6472 0 0 2 2 0
34.6672 0 0 2 2 0
34.6872 0 0 2 2 0
34.7072 0 0 2 2 0
34.7272 0 0 2 2 0
34.7472 0 0 2 2 0
34.7672 0 0 2 2 0
34.7872 0 0 2 2 0
34.8072 0 0 2 2 0
34.8272 0 0 2 2 0
34.8472 0 0 2 2 0
34.8672 0 0 2 2 0
34.8872 0 0 2 2 0
34.9072 0 0 2 2 0
34.9272 0 0 2 2 0
34.9472 0 0 2 2 0
34.9672 0 0 2 2 0
34.9872 0 0 2 2 0
35.0072 0 0 2 2 0
35.0272 0 0 2 2 0
35.0472 0 0 2 2 0
35.0672 0 0 2 2 0
35.0872 0 0 2 2 0
35.1072 0 0 2 2 0
35.1272 0 0 2 2 0
35.1472 0 0 2 2 0
35.1672 0 0 2 2 0
35.1872 0 0 2 2 0
35.2072 0 0 2 2 0
35.2272 0 0 2 2 0
35.2472 0 0 2 2 0
35.2672 0 0 2 2 0
35.2872 0 0 2 2 0
35.3072 0 0 2 2 0
35.3272 0 0 2 2 0
35.3472 0 0 2 2 0
35.3672 0 0 2 2 0
35.3872 0 0 2 2 0
35.4072 0 0 2 2 0
35.4272 0 0 2 2 0
35.4472 0 0 2 2 0
35.4672 0 0 2 2 0
35.4872 0 0 2 2 0
35.5072 0 0 2 2 0
35.5272 0 0 2 2 0
35.5472 0 0 2 2 0
35.5672 0 0 2 2 0
35.5872 0 0 2 2 0
35.6072 0 0 2 2 0
35.6272 0 0 2 2 0
35.6472 0 0 2 2 0
35.6672 0 0 2 2 0
35.6872 0 0 2 2 0
35.7072 0 0 2 2 0
35.7272 0 0 2 2 0
35.7472 0 0 2 2 0
35.7672 0 0 2 2 0
35.7872 0 0 2 2 0
35.8072 0 0 2 2 0
35.8272 0 0 2 2 0
35.8472 0 0 2 2 0
35.8672 0 0 2 2 0
35.8872 0 0 2 2 0
35.9072 0 0 2 2 0
35.9272 0 0 2 2 0
35.9472 0 0 2 2 0
35.9672 0 0 2 2 0
35.9872 0 0 2 2 0
36.0072 0 0 2 2 0
36.0272 0 0 2 2 0
36.0472 0 0 2 2 0
36.0672 0 0 2 2 0
36.0872 0 0 2 2 0
36.1072 0 0 2 2 0
36.1272 0 0 2 2 0
36.1472 0 0 2 2 0
36.1672 0 0 2 2 0
36.1872 0 0 2 2 0
36.2072 0 0 2 2 0
36.2272 0 0 2 2 0
36.2472 0 0 2 2 0
36.2672 0 0 2 2 0
36.2872 0 0 2 2 0
36.3072 0 0 2 2 0
36.3272 0 0 2 2 0
36.3472 0 0 2 2 0
36.3672 0 0 2 2 0
36.3872 0 0 2 2 0
36.4072 0 0 2 2 0
36.4272 0 0 2 2 0
36.4472 0 0 2 2 0
36.4672 0 0 2 2 0
36.4872 0 0 2 2 0
36.5072 0 0 2 2 0
36.5272 0 0 2 2 0
36.5472 0 0 2 2 0
36.5672 0 0 2 2 0
36.5872 0 0 2 2 0
36.6072 0 0 2 2 0
36.6272 0 0 2 2 0
36.6472 0 0 2 2 0
36.6672 0 0 2 2 0
36.6872 0 0 2 2 0
36.7072 0 0 2 2 0
36.7272 0 0 2 2 0
36.7472 0 0 2 2 0
36.7672 0 0 2 2 0
36.7872 0 0 2 2 0
36.8072 0 0 2 2 0
36.8272 0 0 2 2 0
36.8472 0 0 2 2 0
36.8672 0 0 2 2 0
36.8872 0 0 2 2 0
36.9072 0 0 2 2 0
36.9272 0 0 2 2 0
36.9472 0 0 2 2 0
36.9672 0 0 2 2 0
36.9872 0 0 2 2 0
37.0072 0 0 2 2 0
37.0272 0 0 2 2 0
37.0472 0 0 2 2 0
37.0672 0 0 2 2 0
37.0872 0 0 2 2 0
37.1072 0 0 2 2 0
37.1272 0 0 2 2 0
37.1472 0 0 2 2 0
37.1672 0 0 2 2 0
37.1872 0 0 2 2 0
37.2072 0 0 2 2 0
37.2272 0 0 2 2 0
37.2472 0 0 2 2 0
37.2672 0 0 2 2 0
37.2872 0 0 2 2 0
37.3072 0 0 2 2 0
37.3272 0 0 2 2 0
37.3472 0 0 2 2 0
37.3672 0 0 2 2 0
37.3872 0 0 2 2 0
37.4072 0 0 2 2 0
37.4272 0 0 2 2 0
37.4472 0 0 2 2 0
37.4672 0 0 2 2 0
37.4872 0 0 2 2 0
37.5072 0 0 2 2 0
37.5272 0 0 2 2 0
37.5472 0 0 2 2 0
37.5672 0 0 2 2 0
37.5872 0 0 2 2 0
37.6072 0 0 2 2 0
37.6272 0 0 2 2 0
37.6472 0 0 2 2 0
37.6672 0 0 2 2 0
37.6872 0 0 2 2 0
37.7072 0 0 2 2 0
37.7272 0 0 2 2 0
37.7472 0 0 2 2 0
37.7672 0 0 2 2 0
37.7872 0 0 2 2 0
37.8072 0 0 2 2 0
37.8272 0 0 2 2 0
37.8472 0 0 2 2 0
37.8672 0 0 2 2 0
37.8872 0 0 2 2 0
37.9072 0 0 2 2 0
37.9272 0 0 2 2 0
37.9472 0 0 2 2 0
37.9672 0 0 2 2 0
37.9872 0 0 2 2 0
38.0072 0 0 2 2 0
38.0272 0 0 2 2 0
38.0472 0 0 2 2 0
38.0672 0 0 2 2 0
38.0872 0 0 2 2 0
38.1072 0 0 2 2 0
38.1272 0 0 2 2 0
38.1472 0 0 2 2 0
38.1672 0 0 2 2 0
38.1872 0 0 2 2 0
38.2072 0 0 2 2 0
38.2272 0 0 2 2 0
38.2472 0 0 2 2 0
38.2672 0 0 2 2 0
38.2872 0 0 2 2 0
38.3072 0 0 2 2 0
38.3272 0 0 2 2 0
38.3472 0 0 2 2 0
38.3672 0 0 2 2 0
38.3872 0 0 2 2 0
38.4072 0 0 2 2 0
38.4272 0 0 2 2 0
38.4472 0 0 2 2 0
38.4672 0 0 2 2 0
38.4872 0 0 2 2 0
38.5072 0 0 2 2 0
38.5272 0 0 2 2 0
38.5472 0 0 2 2 0
38.5672 0 0 2 2 0
38.5872 0 0 2 2 0
38.6072 0 0 2 2 0
38.6272 0 0 2 2 0
38.6472 0 0 2 2 0
38.6672 0 0 2 2 0
38.6872 0 0 2 2 0
38.7072 0 0 2 2 0
38.7272 0 0 2 2 0
38.7472 0 0 2 2 0
38.7672 0 0 2 2 0
38.7872 0 0 2 2 0
38.8072 0 0 2 2 0
38.8272 0 0 2 2 0
38.8472 0 0 2 2 0
38.8672 0 0 2 2 0
38.8872 0 0 2 2 0
38.9072 0 0 2 2 0
38.9272 0 0 2 2 0
38.9472 0 0 2 2 0
38.9672 0 0 2 2 0
38.9872 0 0 2 2 0
39.0072 0 0 2 2 0
39.0272 0 0 2 2 0
39.0472 0 0 2 2 0
39.0672 0 0 2 2 0
39.0872 0 0 2 2 0
39.1072 0 0 2 2 0
39.1272 0 0 2 2 0
39.1472 0 0 2 2 0
39.1672 0 0 2 2 0
39.1872 0 0 2 2 0
39.2072 0 0 2 2 0
39.2272 0 0 2 2 0
39.2472 0 0 2 2 0
39.2672 0 0 2 2 0
39.2872 0 0 2 2 0
39.3072 0 0 2 2 0
39.3272 0 0 2 2 0
39.3472 0 0 2 2 0
39.3672 0 0 2 2 0
39.3872 0 0 2 2 0
39.4072 0 0 2 2 0
39.4272 0 0 2 2 0
39.4472 0 0 2 2 0
39.4672 0 0 2 2 0
39.4872 0 0 2 2 0
39.5072 0 0 2 2 0
39.5272 0 0 2 2 0
39.5472 0 0 2 2 0
39.5672 0 0 2 2 0
39.5872 0 0 2 2 0
39.6072 0 0 2 2 0
39.6272 0 0 2 2 0
39.6472 0 0 2 2 0
39.6672 0 0 2 2 0
39.6872 0 0 2 2 0
39.7072 0 0 2 2 0
39.7272 0 0 2 2 0
39.7472 0 0 2 2 0
39.7672 0 0 2 2 0
39.7872 0 0 2 2 0
39.8072 0 0 2 2 0
39.8272 0 0 2 2 0
39.8472 0 0 2 2 0
39.8672 0 0 2 2 0
39.8872 0 0 2 2 0
39.9072 0 0 2 2 0
39.9272 0 0 2 2 0
39.9472 0 0 2 2 0
39.9672 0 0 2 2 0
39.9872 0 0 2 2 0
40.0072 0 0 2 2 0
