30 5.6667 5.6667 2 1 0
30.0222 5.67927 5.67927 1 1 0
30.0333 5.68556 5.68556 1 1 0
30.0444 5.69185 5.69185 1 1 0
30.0555 5.69815 5.69815 1 1 0
30.0665 5.70445 5.70445 1 1 0
30.0775 5.71076 5.71076 1 1 0
30.0886 5.71706 5.71706 1 1 0
30.0996 5.72338 5.72338 1 1 0
30.1105 5.72969 5.72969 1 1 0
30.1215 5.73601 5.73601 1 1 0
30.1325 5.74234 5.74234 1 1 0
30.1434 5.74866 5.74866 1 1 0
30.1544 5.75499 5.75499 1 1 0
30.1653 5.76133 5.76133 1 1 0
30.1762 5.76766 5.76766 1 1 0
30.1871 5.77401 5.77401 1 1 0
30.1979 5.78035 5.78035 1 1 0
30.2088 5.7867 5.7867 1 1 0
30.2196 5.79305 5.79305 1 1 0
30.2305 5.79941 5.79941 1 1 0
30.2413 5.80576 5.80576 1 1 0
30.2521 5.81213 5.81213 1 1 0
30.2629 5.81849 5.81849 1 1 0
30.2736 5.82486 5.82486 1 1 0
30.2844 5.83124 5.83124 1 1 0
30.2951 5.83761 5.83761 1 1 0
30.3059 5.84399 5.84399 1 1 0
30.3166 5.85038 5.85038 1 1 0
30.3273 5.85676 5.85676 1 1 0
30.338 5.86315 5.86315 1 1 0
30.3486 5.86955 5.86955 1 1 0
30.3593 5.87594 5.87594 1 1 0
30.3699 5.88235 5.88235 1 1 0
30.3805 5.88875 5.88875 1 1 0
30.3911 5.89516 5.89516 1 1 0
30.4017 5.90157 5.90157 1 1 0
30.4123 5.90798 5.90798 1 1 0
30.4229 5.9144 5.9144 1 1 0
30.4334 5.92082 5.92082 1 1 0
30.444 5.92725 5.92725 1 1 0
30.4545 5.93368 5.93368 1 1 0
30.465 5.94011 5.94011 1 1 0
30.4755 5.94655 5.94655 1 1 0
30.486 5.95299 5.95299 1 1 0
30.4964 5.95943 5.95943 1 1 0
30.5069 5.96587 5.96587 1 1 0
30.5173 5.97232 5.97232 1 1 0
30.5277 5.97877 5.97877 1 1 0
30.5381 5.98523 5.98523 1 1 0
30.5485 5.99169 5.99169 1 1 0
30.5589 5.99815 5.99815 1 1 0
30.5693 6.00462 6.00462 1 1 0
30.5796 6.01109 6.01109 1 1 0
30.5899 6.01756 6.01756 1 1 0
30.6003 6.02404 6.02404 1 1 0
30.6106 6.03052 6.03052 1 1 0
30.6208 6.037 6.037 1 1 0
30.6311 6.04349 6.04349 1 1 0
30.6414 6.04998 6.04998 1 1 0
30.6516 6.05647 6.05647 1 1 0
30.6618 6.06296 6.06296 1 1 0
30.6721 6.06946 6.06946 1 1 0
30.6823 6.07597 6.07597 1 1 0
30.6924 6.08247 6.08247 1 1 0
30.7026 6.08898 6.08898 1 1 0
30.7128 6.09549 6.09549 1 1 0
30.7229 6.10201 6.10201 1 1 0
30.733 6.10853 6.10853 1 1 0
30.7431 6.11505 6.11505 1 1 0
30.7532 6.12158 6.12158 1 1 0
30.7633 6.12811 6.12811 1 1 0
30.7734 6.13464 6.13464 1 1 0
30.7834 6.14117 6.14117 1 1 0
30.7935 6.14771 6.14771 1 1 0
30.8035 6.15425 6.15425 1 1 0
30.8135 6.1608 6.1608 1 1 0
30.8235 6.16735 6.16735 1 1 0
30.8335 6.1739 6.1739 1 1 0
30.8434 6.18045 6.18045 1 1 0
30.8534 6.18701 6.18701 1 1 0
30.8633 6.19357 6.19357 1 1 0
30.8732 6.20014 6.20014 1 1 0
30.8831 6.2067 6.2067 1 1 0
30.893 6.21327 6.21327 1 1 0
30.9029 6.21985 6.21985 1 1 0
30.9128 6.22643 6.22643 1 1 0
30.9226 6.23301 6.23301 1 1 0
30.9324 6.23959 6.23959 1 1 0
30.9422 6.24618 6.24618 1 1 0
30.952 6.25276 6.25276 1 1 0
30.9618 6.25936 6.25936 1 1 0
30.9716 6.26595 6.26595 1 1 0
30.9814 6.27255 6.27255 1 1 0
30.9911 6.27915 6.27915 1 1 0
31.0008 6.28576 6.28576 1 1 0
31.0105 6.29237 6.29237 1 1 0
31.0202 6.29898 6.29898 1 1 0
31.0299 6.30559 6.30559 1 1 0
31.0396 6.31221 6.31221 1 1 0
31.0492 6.31883 6.31883 1 1 0
31.0589 6.32545 6.32545 1 1 0
31.0685 6.33208 6.33208 1 1 0
31.0781 6.33871 6.33871 1 1 0
31.0877 6.34534 6.34534 1 1 0
31.0973 6.35198 6.35198 1 1 0
31.1069 6.35862 6.35862 1 1 0
31.1164 6.36526 6.36526 1 1 0
31.1259 6.3719 6.3719 1 1 0
31.1355 6.37855 6.37855 1 1 0
31.145 6.3852 6.3852 1 1 0
31.1545 6.39186 6.39186 1 1 0
31.1639 6.39851 6.39851 1 1 0
31.1734 6.40517 6.40517 1 1 0
31.1828 6.41183 6.41183 1 1 0
31.1923 6.4185 6.4185 1 1 0
31.2017 6.42517 6.42517 1 1 0
31.2111 6.43184 6.43184 1 1 0
31.2205 6.43852 6.43852 1 1 0
31.2299 6.44519 6.44519 1 1 0
31.2392 6.45187 6.45187 1 1 0
31.2486 6.45856 6.45856 1 1 0
31.2579 6.46524 6.46524 1 1 0
31.2672 6.47193 6.47193 1 1 0
31.2765 6.47862 6.47862 1 1 0
31.2858 6.48532 6.48532 1 1 0
31.2951 6.49202 6.49202 1 1 0
31.3043 6.49872 6.49872 1 1 0
31.3136 6.50542 6.50542 1 1 0
31.3228 6.51213 6.51213 1 1 0
31.332 6.51884 6.51884 1 1 0
31.3412 6.52555 6.52555 1 1 0
31.3504 6.53226 6.53226 1 1 0
31.3596 6.53898 6.53898 1 1 0
31.3687 6.5457 6.5457 1 1 0
31.3779 6.55243 6.55243 1 1 0
31.387 6.55915 6.55915 1 1 0
31.3961 6.56588 6.56588 1 1 0
31.4052 6.57261 6.57261 1 1 0
31.4143 6.57935 6.57935 1 1 0
31.4233 6.58609 6.58609 1 1 0
31.4324 6.59283 6.59283 1 1 0
31.4414 6.59957 6.59957 1 1 0
31.4505 6.60632 6.60632 1 1 0
31.4595 6.61307 6.61307 1 1 0
31.4685 6.61982 6.61982 1 1 0
31.4774 6.62657 6.62657 1 1 0
31.4864 6.63333 6.63333 1 1 0
31.4954 6.64009 6.64009 1 1 0
31.5043 6.64685 6.64685 1 1 0
31.5132 6.65362 6.65362 1 1 0
31.5221 6.66039 6.66039 1 1 0
31.531 6.66716 6.66716 1 1 0
31.5399 6.67393 6.67393 1 1 0
31.5488 6.68071 6.68071 1 1 0
31.5576 6.68748 6.68748 1 1 0
31.5665 6.69427 6.69427 1 1 0
31.5753 6.70105 6.70105 1 1 0
31.5841 6.70784 6.70784 1 1 0
31.5929 6.71463 6.71463 1 1 0
31.6017 6.72142 6.72142 1 1 0
31.6104 6.72822 6.72822 1 1 0
31.6192 6.73501 6.73501 1 1 0
31.6279 6.74181 6.74181 1 1 0
31.6366 6.74862 6.74862 1 1 0
31.6453 6.75542 6.75542 1 1 0
31.654 6.76223 6.76223 1 1 0
31.6627 6.76904 6.76904 1 1 0
31.6714 6.77585 6.77585 1 1 0
31.68 6.78267 6.78267 1 1 0
31.6886 6.78949 6.78949 1 1 0
31.6973 6.79631 6.79631 1 1 0
31.7059 6.80313 6.80313 1 1 0
31.7144 6.80996 6.80996 1 1 0
31.723 6.81679 6.81679 1 1 0
31.7316 6.82362 6.82362 1 1 0
31.7401 6.83046 6.83046 1 1 0
31.7487 6.83729 6.83729 1 1 0
31.7572 6.84413 6.84413 1 1 0
31.7657 6.85097 6.85097 1 1 0
31.7742 6.85782 6.85782 1 1 0
31.7827 6.86466 6.86466 1 1 0
31.7911 6.87151 6.87151 1 1 0
31.7996 6.87837 6.87837 1 1 0
31.808 6.88522 6.88522 1 1 0
31.8164 6.89208 6.89208 1 1 0
31.8248 6.89894 6.89894 1 1 0
31.8332 6.9058 6.9058 1 1 0
31.8416 6.91266 6.91266 1 1 0
31.85 6.91953 6.91953 1 1 0
31.8583 6.9264 6.9264 1 1 0
31.8666 6.93327 6.93327 1 1 0
31.875 6.94015 6.94015 1 1 0
31.8833 6.94702 6.94702 1 1 0
31.8915 6.9539 6.9539 1 1 0
31.8998 6.96078 6.96078 1 1 0
31.9081 6.96767 6.96767 1 1 0
31.9163 6.97455 6.97455 1 1 0
31.9246 6.98144 6.98144 1 1 0
31.9328 6.98833 6.98833 1 1 0
31.941 6.99523 6.99523 1 1 0
31.9492 7.00212 7.00212 1 1 0
31.9574 7.00902 7.00902 1 1 0
31.9655 7.01592 7.01592 1 1 0
31.9737 7.02283 7.02283 1 1 0
31.9818 7.02973 7.02973 1 1 0
31.9899 7.03664 7.03664 1 1 0
31.998 7.04355 7.04355 1 1 0
32.0061 7.05046 7.05046 1 1 0
32.0142 7.05738 7.05738 1 1 0
32.0223 7.06429 7.06429 1 1 0
32.0286 7.0697 7.0697 2 1 0
32.0366 7.07662 7.07662 2 1 0
32.0446 7.08354 7.08354 2 1 0
32.0527 7.09047 7.09047 2 1 0
32.0606 7.0974 7.0974 2 1 0
32.0686 7.10433 7.10433 2 1 0
32.0766 7.11126 7.11126 2 1 0
32.0846 7.1182 7.1182 2 1 0
32.0925 7.12514 7.12514 2 1 0
32.1004 7.13208 7.13208 2 1 0
32.1083 7.13902 7.13902 2 1 0
32.1162 7.14596 7.14596 2 1 0
32.1241 7.15291 7.15291 2 1 0
32.132 7.15986 7.15986 2 1 0
32.1399 7.16681 7.16681 2 1 0
32.1477 7.17376 7.17376 2 1 0
32.1555 7.18072 7.18072 2 1 0
32.1634 7.18768 7.18768 2 1 0
32.1712 7.19464 7.19464 2 1 0
32.179 7.2016 7.2016 2 1 0
32.1867 7.20856 7.20856 2 1 0
32.1945 7.21553 7.21553 2 1 0
32.2022 7.2225 7.2225 2 1 0
32.21 7.22947 7.22947 2 1 0
32.2177 7.23644 7.23644 2 1 0
32.2254 7.24342 7.24342 2 1 0
32.2331 7.25039 7.25039 2 1 0
32.2408 7.25737 7.25737 2 1 0
32.2485 7.26436 7.26436 2 1 0
32.2561 7.27134 7.27134 2 1 0
32.2637 7.27833 7.27833 2 1 0
32.2714 7.28531 7.28531 2 1 0
32.279 7.29231 7.29231 2 1 0
32.2866 7.2993 7.2993 2 1 0
32.2942 7.30629 7.30629 2 1 0
32.3017 7.31329 7.31329 2 1 0
32.3093 7.32029 7.32029 2 1 0
32.3168 7.32729 7.32729 2 1 0
32.3244 7.33429 7.33429 2 1 0
32.3319 7.3413 7.3413 2 1 0
32.3394 7.3483 7.3483 2 1 0
32.3469 7.35531 7.35531 2 1 0
32.3544 7.36232 7.36232 2 1 0
32.3618 7.36934 7.36934 2 1 0
32.3693 7.37635 7.37635 2 1 0
32.3767 7.38337 7.38337 2 1 0
32.3841 7.39039 7.39039 2 1 0
32.3915 7.39741 7.39741 2 1 0
32.3989 7.40444 7.40444 2 1 0
32.4063 7.41146 7.41146 2 1 0
32.4137 7.41849 7.41849 2 1 0
32.421 7.42552 7.42552 2 1 0
32.4284 7.43255 7.43255 2 1 0
32.4357 7.43958 7.43958 2 1 0
32.443 7.44662 7.44662 2 1 0
32.4503 7.45366 7.45366 2 1 0
32.4576 7.4607 7.4607 2 1 0
32.4649 7.46774 7.46774 2 1 0
32.4721 7.47478 7.47478 2 1 0
32.4794 7.48183 7.48183 2 1 0
32.4866 7.48887 7.48887 2 1 0
32.4938 7.49592 7.49592 2 1 0
32.501 7.50298 7.50298 2 1 0
32.5082 7.51003 7.51003 2 1 0
32.5154 7.51708 7.51708 2 1 0
32.5226 7.52414 7.52414 2 1 0
32.5297 7.5312 7.5312 2 1 0
32.5369 7.53826 7.53826 2 1 0
32.544 7.54532 7.54532 2 1 0
32.5511 7.55239 7.55239 2 1 0
32.5582 7.55945 7.55945 2 1 0
32.5653 7.56652 7.56652 2 1 0
32.5724 7.57359 7.57359 2 1 0
32.5795 7.58067 7.58067 2 1 0
32.5865 7.58774 7.58774 2 1 0
32.5935 7.59482 7.59482 2 1 0
32.6006 7.60189 7.60189 2 1 0
32.6076 7.60897 7.60897 2 1 0
32.6146 7.61605 7.61605 2 1 0
32.6216 7.62314 7.62314 2 1 0
32.6285 7.63022 7.63022 2 1 0
32.6355 7.63731 7.63731 2 1 0
32.6424 7.6444 7.6444 2 1 0
32.6494 7.65149 7.65149 2 1 0
32.6563 7.65858 7.65858 2 1 0
32.6632 7.66568 7.66568 2 1 0
32.6701 7.67277 7.67277 2 1 0
32.677 7.67987 7.67987 2 1 0
32.6838 7.68697 7.68697 2 1 0
32.6907 7.69407 7.69407 2 1 0
32.6975 7.70118 7.70118 2 1 0
32.7044 7.70828 7.70828 2 1 0
32.7112 7.71539 7.71539 2 1 0
32.718 7.7225 7.7225 2 1 0
32.7248 7.72961 7.72961 2 1 0
32.7316 7.73672 7.73672 2 1 0
32.7383 7.74383 7.74383 2 1 0
32.7451 7.75095 7.75095 2 1 0
32.7518 7.75806 7.75806 2 1 0
32.7585 7.76518 7.76518 2 1 0
32.7652 7.7723 7.7723 2 1 0
32.772 7.77943 7.77943 2 1 0
32.7786 7.78655 7.78655 2 1 0
32.7853 7.79368 7.79368 2 1 0
32.792 7.8008 7.8008 2 1 0
32.7986 7.80793 7.80793 2 1 0
32.8053 7.81506 7.81506 2 1 0
32.8119 7.8222 7.8222 2 1 0
32.8185 7.82933 7.82933 2 1 0
32.8251 7.83647 7.83647 2 1 0
32.8317 7.8436 7.8436 2 1 0
32.8383 7.85074 7.85074 2 1 0
32.8448 7.85788 7.85788 2 1 0
32.8514 7.86503 7.86503 2 1 0
32.8579 7.87217 7.87217 2 1 0
32.8644 7.87932 7.87932 2 1 0
32.871 7.88646 7.88646 2 1 0
32.8775 7.89361 7.89361 2 1 0
32.8839 7.90076 7.90076 2 1 0
32.8904 7.90791 7.90791 2 1 0
32.8969 7.91507 7.91507 2 1 0
32.9033 7.92222 7.92222 2 1 0
32.9098 7.92938 7.92938 2 1 0
32.9162 7.93654 7.93654 2 1 0
32.9226 7.9437 7.9437 2 1 0
32.929 7.95086 7.95086 2 1 0
32.9354 7.95802 7.95802 2 1 0
32.9418 7.96519 7.96519 2 1 0
32.9481 7.97236 7.97236 2 1 0
32.9545 7.97952 7.97952 2 1 0
32.9608 7.98669 7.98669 2 1 0
32.9671 7.99386 7.99386 2 1 0
32.9735 8.00104 8.00104 2 1 0
32.9798 8.00821 8.00821 2 1 0
32.9861 8.01539 8.01539 2 1 0
32.9923 8.02256 8.02256 2 1 0
32.9986 8.02974 8.02974 2 1 0
33.0049 8.03692 8.03692 2 1 0
33.0111 8.0441 8.0441 2 1 0
33.0173 8.05129 8.05129 2 1 0
33.0235 8.05847 8.05847 2 1 0
33.0297 8.06566 8.06566 2 1 0
33.0359 8.07285 8.07285 2 1 0
33.0421 8.08004 8.08004 2 1 0
33.0483 8.08723 8.08723 2 1 0
33.0544 8.09442 8.09442 2 1 0
33.0606 8.10161 8.10161 2 1 0
33.0667 8.10881 8.10881 2 1 0
33.0728 8.116 8.116 2 1 0
33.079 8.1232 8.1232 2 1 0
33.085 8.1304 8.1304 2 1 0
33.0911 8.1376 8.1376 2 1 0
33.0972 8.14481 8.14481 2 1 0
33.1033 8.15201 8.15201 2 1 0
33.1093 8.15921 8.15921 2 1 0
33.1154 8.16642 8.16642 2 1 0
33.1214 8.17363 8.17363 2 1 0
33.1274 8.18084 8.18084 2 1 0
33.1334 8.18805 8.18805 2 1 0
33.1394 8.19526 8.19526 2 1 0
33.1454 8.20248 8.20248 2 1 0
33.1513 8.20969 8.20969 2 1 0
33.1573 8.21691 8.21691 2 1 0
33.1632 8.22412 8.22412 2 1 0
33.1692 8.23134 8.23134 2 1 0
33.1751 8.23856 8.23856 2 1 0
33.181 8.24579 8.24579 2 1 0
33.1869 8.25301 8.25301 2 1 0
33.1928 8.26023 8.26023 2 1 0
33.1986 8.26746 8.26746 2 1 0
33.2045 8.27469 8.27469 2 1 0
33.2103 8.28192 8.28192 2 1 0
33.2162 8.28915 8.28915 2 1 0
33.222 8.29638 8.29638 2 1 0
33.2278 8.30361 8.30361 2 1 0
33.2336 8.31084 8.31084 2 1 0
33.2394 8.31808 8.31808 2 1 0
33.2452 8.32532 8.32532 2 1 0
33.251 8.33255 8.33255 2 1 0
33.2567 8.33979 8.33979 2 1 0
33.2625 8.34703 8.34703 2 1 0
33.2682 8.35428 8.35428 2 1 0
33.2739 8.36152 8.36152 2 1 0
33.2796 8.36876 8.36876 2 1 0
33.2853 8.37601 8.37601 2 1 0
33.291 8.38326 8.38326 2 1 0
33.2967 8.39051 8.39051 2 1 0
33.3024 8.39776 8.39776 2 1 0
33.308 8.40501 8.40501 2 1 0
33.3137 8.41226 8.41226 2 1 0
33.3193 8.41951 8.41951 2 1 0
33.3249 8.42677 8.42677 2 1 0
33.3305 8.43402 8.43402 2 1 0
33.3361 8.44128 8.44128 2 1 0
33.3417 8.44854 8.44854 2 1 0
33.3473 8.4558 8.4558 2 1 0
33.3529 8.46306 8.46306 2 1 0
33.3584 8.47032 8.47032 2 1 0
33.364 8.47758 8.47758 2 1 0
33.3695 8.48485 8.48485 2 1 0
33.375 8.49211 8.49211 2 1 0
33.3805 8.49938 8.49938 2 1 0
33.386 8.50665 8.50665 2 1 0
33.3915 8.51392 8.51392 2 1 0
33.397 8.52119 8.52119 2 1 0
33.4024 8.52846 8.52846 2 1 0
33.4079 8.53573 8.53573 2 1 0
33.4133 8.54301 8.54301 2 1 0
33.4188 8.55028 8.55028 2 1 0
33.4242 8.55756 8.55756 2 1 0
33.4296 8.56483 8.56483 2 1 0
33.435 8.57211 8.57211 2 1 0
33.4404 8.57939 8.57939 2 1 0
33.4458 8.58667 8.58667 2 1 0
33.4511 8.59396 8.59396 2 1 0
33.4565 8.60124 8.60124 2 1 0
33.4618 8.60852 8.60852 2 1 0
33.4672 8.61581 8.61581 2 1 0
33.4725 8.6231 8.6231 2 1 0
33.4778 8.63038 8.63038 2 1 0
33.4831 8.63767 8.63767 2 1 0
33.4884 8.64496 8.64496 2 1 0
33.4937 8.65225 8.65225 2 1 0
33.4989 8.65955 8.65955 2 1 0
33.5042 8.66684 8.66684 2 1 0
33.5095 8.67413 8.67413 2 1 0
33.5147 8.68143 8.68143 2 1 0
33.5199 8.68873 8.68873 2 1 0
33.5251 8.69602 8.69602 2 1 0
33.5303 8.70332 8.70332 2 1 0
33.5355 8.71062 8.71062 2 1 0
33.5407 8.71792 8.71792 2 1 0
33.5459 8.72523 8.72523 2 1 0
33.5511 8.73253 8.73253 2 1 0
33.5562 8.73983 8.73983 2 1 0
33.5613 8.74714 8.74714 2 1 0
33.5665 8.75444 8.75444 2 1 0
33.5716 8.76175 8.76175 2 1 0
33.5767 8.76906 8.76906 2 1 0
33.5818 8.77637 8.77637 2 1 0
33.5869 8.78368 8.78368 2 1 0
33.592 8.79099 8.79099 2 1 0
33.597 8.7983 8.7983 2 1 0
33.6021 8.80562 8.80562 2 1 0
33.6071 8.81293 8.81293 2 1 0
33.6122 8.82025 8.82025 2 1 0
33.6172 8.82756 8.82756 2 1 0
33.6222 8.83488 8.83488 2 1 0
33.6272 8.8422 8.8422 2 1 0
33.6322 8.84952 8.84952 2 1 0
33.6372 8.85684 8.85684 2 1 0
33.6422 8.86416 8.86416 2 1 0
33.6472 8.87149 8.87149 2 1 0
33.6521 8.87881 8.87881 2 1 0
33.6571 8.88613 8.88613 2 1 0
33.662 8.89346 8.89346 2 1 0
33.6669 8.90079 8.90079 2 1 0
33.6718 8.90811 8.90811 2 1 0
33.6767 8.91544 8.91544 2 1 0
33.6816 8.92277 8.92277 2 1 0
33.6865 8.9301 8.9301 2 1 0
33.6914 8.93743 8.93743 2 1 0
33.6962 8.94477 8.94477 2 1 0
33.7011 8.9521 8.9521 2 1 0
33.7059 8.95943 8.95943 2 1 0
33.7108 8.96677 8.96677 2 1 0
33.7156 8.9741 8.9741 2 1 0
33.7204 8.98144 8.98144 2 1 0
33.7252 8.98878 8.98878 2 1 0
33.73 8.99612 8.99612 2 1 0
33.7348 9.00346 9.00346 2 1 0
33.7396 9.0108 9.0108 2 1 0
33.7443 9.01814 9.01814 2 1 0
33.7491 9.02548 9.02548 2 1 0
33.7538 9.03283 9.03283 2 1 0
33.7586 9.04017 9.04017 2 1 0
33.7633 9.04752 9.04752 2 1 0
33.768 9.05486 9.05486 2 1 0
33.7727 9.06221 9.06221 2 1 0
33.7774 9.06956 9.06956 2 1 0
33.7821 9.07691 9.07691 2 1 0
33.7868 9.08426 9.08426 2 1 0
33.7914 9.09161 9.09161 2 1 0
33.7961 9.09896 9.09896 2 1 0
33.8007 9.10631 9.10631 2 1 0
33.8054 9.11367 9.11367 2 1 0
33.81 9.12102 9.12102 2 1 0
33.8146 9.12838 9.12838 2 1 0
33.8192 9.13573 9.13573 2 1 0
33.8238 9.14309 9.14309 2 1 0
33.8284 9.15045 9.15045 2 1 0
33.833 9.1578 9.1578 2 1 0
33.8376 9.16516 9.16516 2 1 0
33.8421 9.17252 9.17252 2 1 0
33.8467 9.17988 9.17988 2 1 0
33.8512 9.18725 9.18725 2 1 0
33.8557 9.19461 9.19461 2 1 0
33.8603 9.20197 9.20197 2 1 0
33.8648 9.20934 9.20934 2 1 0
33.8693 9.2167 9.2167 2 1 0
33.8738 9.22407 9.22407 2 1 0
33.8782 9.23144 9.23144 2 1 0
33.8827 9.2388 9.2388 2 1 0
33.8872 9.24617 9.24617 2 1 0
33.8916 9.25354 9.25354 2 1 0
33.8961 9.26091 9.26091 2 1 0
33.9005 9.26828 9.26828 2 1 0
33.905 9.27565 9.27565 2 1 0
33.9094 9.28303 9.28303 2 1 0
33.9138 9.2904 9.2904 2 1 0
33.9182 9.29777 9.29777 2 1 0
33.9226 9.30515 9.30515 2 1 0
33.927 9.31252 9.31252 2 1 0
33.9313 9.3199 9.3199 2 1 0
33.9357 9.32728 9.32728 2 1 0
33.94 9.33466 9.33466 2 1 0
33.9444 9.34203 9.34203 2 1 0
33.9487 9.34941 9.34941 2 1 0
33.953 9.35679 9.35679 2 1 0
33.9574 9.36418 9.36418 2 1 0
33.9617 9.37156 9.37156 2 1 0
33.966 9.37894 9.37894 2 1 0
33.9703 9.38632 9.38632 2 1 0
33.9745 9.39371 9.39371 2 1 0
33.9788 9.40109 9.40109 2 1 0
33.9831 9.40848 9.40848 2 1 0
33.9873 9.41586 9.41586 2 1 0
33.9916 9.42325 9.42325 2 1 0
33.9958 9.43064 9.43064 2 1 0
34 9.43803 9.43803 2 1 0
34.0043 9.44542 9.44542 2 1 0
34.0085 9.45281 9.45281 2 1 0
34.0127 9.4602 9.4602 2 1 0
34.0169 9.46759 9.46759 2 1 0
34.021 9.47498 9.47498 2 1 0
34.0252 9.48237 9.48237 2 1 0
34.0294 9.48977 9.48977 2 1 0
34.0335 9.49716 9.49716 2 1 0
34.0377 9.50456 9.50456 2 1 0
34.0418 9.51195 9.51195 2 1 0
34.0459 9.51935 9.51935 2 1 0
34.0501 9.52675 9.52675 2 1 0
34.0542 9.53414 9.53414 2 1 0
34.0583 9.54154 9.54154 2 1 0
34.0624 9.54894 9.54894 2 1 0
34.0665 9.55634 9.55634 2 1 0
34.0705 9.56374 9.56374 2 1 0
34.0746 9.57114 9.57114 2 1 0
34.0787 9.57855 9.57855 2 1 0
34.0827 9.58595 9.58595 2 1 0
34.0868 9.59335 9.59335 2 1 0
34.0908 9.60076 9.60076 2 1 0
34.0948 9.60816 9.60816 2 1 0
34.0988 9.61557 9.61557 2 1 0
34.1028 9.62297 9.62297 2 1 0
34.1068 9.63038 9.63038 2 1 0
34.1108 9.63779 9.63779 2 1 0
34.1148 9.64519 9.64519 2 1 0
34.1188 9.6526 9.6526 2 1 0
34.1228 9.66001 9.66001 2 1 0
34.1267 9.66742 9.66742 2 1 0
34.1307 9.67483 9.67483 2 1 0
34.1346 9.68224 9.68224 2 1 0
34.1385 9.68965 9.68965 2 1 0
34.1425 9.69707 9.69707 2 1 0
34.1464 9.70448 9.70448 2 1 0
34.1503 9.71189 9.71189 2 1 0
34.1542 9.71931 9.71931 2 1 0
34.1581 9.72672 9.72672 2 1 0
34.1619 9.73414 9.73414 2 1 0
34.1658 9.74155 9.74155 2 1 0
34.1697 9.74897 9.74897 2 1 0
34.1735 9.75639 9.75639 2 1 0
34.1774 9.76381 9.76381 2 1 0
34.1812 9.77123 9.77123 2 1 0
34.1851 9.77864 9.77864 2 1 0
34.1889 9.78606 9.78606 2 1 0
34.1927 9.79348 9.79348 2 1 0
34.1965 9.80091 9.80091 2 1 0
34.2003 9.80833 9.80833 2 1 0
34.2041 9.81575 9.81575 2 1 0
34.2079 9.82317 9.82317 2 1 0
34.2117 9.8306 9.8306 2 1 0
34.2154 9.83802 9.83802 2 1 0
34.2192 9.84544 9.84544 2 1 0
34.2229 9.85287 9.85287 2 1 0
34.2267 9.8603 9.8603 2 1 0
34.2304 9.86772 9.86772 2 1 0
34.2341 9.87515 9.87515 2 1 0
34.2379 9.88258 9.88258 2 1 0
34.2416 9.89 9.89 2 1 0
34.2453 9.89743 9.89743 2 1 0
34.249 9.90486 9.90486 2 1 0
34.2527 9.91229 9.91229 2 1 0
34.2563 9.91972 9.91972 2 1 0
34.26 9.92715 9.92715 2 1 0
34.2637 9.93458 9.93458 2 1 0
34.2673 9.94202 9.94202 2 1 0
34.271 9.94945 9.94945 2 1 0
34.2746 9.95688 9.95688 2 1 0
34.2782 9.96432 9.96432 2 1 0
34.2819 9.97175 9.97175 2 1 0
34.2855 9.97918 9.97918 2 1 0
34.2891 9.98662 9.98662 2 1 0
34.2927 9.99406 9.99406 2 1 0
34.2963 10.0015 10.0015 2 1 0
34.2999 10.0089 10.0089 2 1 0
34.3034 10.0164 10.0164 2 1 0
34.307 10.0238 10.0238 2 1 0
34.3106 10.0312 10.0312 2 1 0
34.3141 10.0387 10.0387 2 1 0
34.3177 10.0461 10.0461 2 1 0
34.3212 10.0536 10.0536 2 1 0
34.3247 10.061 10.061 2 1 0
34.3283 10.0684 10.0684 2 1 0
34.3318 10.0759 10.0759 2 1 0
34.3353 10.0833 10.0833 2 1 0
34.3388 10.0908 10.0908 2 1 0
34.3423 10.0982 10.0982 2 1 0
34.3458 10.1057 10.1057 2 1 0
34.3492 10.1131 10.1131 2 1 0
34.3527 10.1205 10.1205 2 1 0
34.3562 10.128 10.128 2 1 0
34.3596 10.1354 10.1354 2 1 0
34.3631 10.1429 10.1429 2 1 0
34.3665 10.1503 10.1503 2 1 0
34.37 10.1578 10.1578 2 1 0
34.3734 10.1652 10.1652 2 1 0
34.3768 10.1727 10.1727 2 1 0
34.3802 10.1801 10.1801 2 1 0
34.3836 10.1876 10.1876 2 1 0
34.387 10.195 10.195 2 1 0
34.3904 10.2025 10.2025 2 1 0
34.3938 10.2099 10.2099 2 1 0
34.3972 10.2174 10.2174 2 1 0
34.4005 10.2248 10.2248 2 1 0
34.4039 10.2323 10.2323 2 1 0
34.4072 10.2397 10.2397 2 1 0
34.4106 10.2472 10.2472 2 1 0
34.4139 10.2546 10.2546 2 1 0
34.4172 10.2621 10.2621 2 1 0
34.4206 10.2695 10.2695 2 1 0
34.4239 10.277 10.277 2 1 0
34.4272 10.2844 10.2844 2 1 0
34.4305 10.2919 10.2919 2 1 0
34.4338 10.2994 10.2994 2 1 0
34.4371 10.3068 10.3068 2 1 0
34.4404 10.3143 10.3143 2 1 0
34.4436 10.3217 10.3217 2 1 0
34.4469 10.3292 10.3292 2 1 0
34.4501 10.3366 10.3366 2 1 0
34.4534 10.3441 10.3441 2 1 0
34.4566 10.3516 10.3516 2 1 0
34.4599 10.359 10.359 2 1 0
34.4631 10.3665 10.3665 2 1 0
34.4663 10.3739 10.3739 2 1 0
34.4696 10.3814 10.3814 2 1 0
34.4728 10.3889 10.3889 2 1 0
34.476 10.3963 10.3963 2 1 0
34.4792 10.4038 10.4038 2 1 0
34.4823 10.4113 10.4113 2 1 0
34.4855 10.4187 10.4187 2 1 0
34.4887 10.4262 10.4262 2 1 0
34.4919 10.4336 10.4336 2 1 0
34.495 10.4411 10.4411 2 1 0
34.4982 10.4486 10.4486 2 1 0
34.5013 10.456 10.456 2 1 0
34.5045 10.4635 10.4635 2 1 0
34.5076 10.471 10.471 2 1 0
34.5107 10.4784 10.4784 2 1 0
34.5138 10.4859 10.4859 2 1 0
34.517 10.4934 10.4934 2 1 0
34.5201 10.5008 10.5008 2 1 0
34.5232 10.5083 10.5083 2 1 0
34.5263 10.5158 10.5158 2 1 0
34.5293 10.5232 10.5232 2 1 0
34.5324 10.5307 10.5307 2 1 0
34.5355 10.5382 10.5382 2 1 0
34.5386 10.5457 10.5457 2 1 0
34.5416 10.5531 10.5531 2 1 0
34.5447 10.5606 10.5606 2 1 0
34.5477 10.5681 10.5681 2 1 0
34.5508 10.5755 10.5755 2 1 0
34.5538 10.583 10.583 2 1 0
34.5568 10.5905 10.5905 2 1 0
34.5598 10.598 10.598 2 1 0
34.5628 10.6054 10.6054 2 1 0
34.5658 10.6129 10.6129 2 1 0
34.5688 10.6204 10.6204 2 1 0
34.5718 10.6278 10.6278 2 1 0
34.5748 10.6353 10.6353 2 1 0
34.5778 10.6428 10.6428 2 1 0
34.5808 10.6503 10.6503 2 1 0
34.5837 10.6577 10.6577 2 1 0
34.5867 10.6652 10.6652 2 1 0
34.5897 10.6727 10.6727 2 1 0
34.5926 10.6802 10.6802 2 1 0
34.5955 10.6877 10.6877 2 1 0
34.5985 10.6951 10.6951 2 1 0
34.6014 10.7026 10.7026 2 1 0
34.6043 10.7101 10.7101 2 1 0
34.6072 10.7176 10.7176 2 1 0
34.6101 10.725 10.725 2 1 0
34.613 10.7325 10.7325 2 1 0
34.6159 10.74 10.74 2 1 0
34.6188 10.7475 10.7475 2 1 0
34.6217 10.755 10.755 2 1 0
34.6246 10.7624 10.7624 2 1 0
34.6275 10.7699 10.7699 2 1 0
34.6303 10.7774 10.7774 2 1 0
34.6332 10.7849 10.7849 2 1 0
34.636 10.7924 10.7924 2 1 0
34.6389 10.7999 10.7999 2 1 0
34.6417 10.8073 10.8073 2 1 0
34.6445 10.8148 10.8148 2 1 0
34.6474 10.8223 10.8223 2 1 0
34.6502 10.8298 10.8298 2 1 0
34.653 10.8373 10.8373 2 1 0
34.6558 10.8448 10.8448 2 1 0
34.6586 10.8522 10.8522 2 1 0
34.6614 10.8597 10.8597 2 1 0
34.6642 10.8672 10.8672 2 1 0
34.667 10.8747 10.8747 2 1 0
34.6698 10.8822 10.8822 2 1 0
34.6725 10.8897 10.8897 2 1 0
34.6753 10.8972 10.8972 2 1 0
34.6781 10.9046 10.9046 2 1 0
34.6808 10.9121 10.9121 2 1 0
34.6836 10.9196 10.9196 2 1 0
34.6863 10.9271 10.9271 2 1 0
34.689 10.9346 10.9346 2 1 0
34.6918 10.9421 10.9421 2 1 0
34.6945 10.9496 10.9496 2 1 0
34.6972 10.9571 10.9571 2 1 0
34.6999 10.9646 10.9646 2 1 0
34.7026 10.972 10.972 2 1 0
34.7053 10.9795 10.9795 2 1 0
34.708 10.987 10.987 2 1 0
34.7107 10.9945 10.9945 2 1 0
34.7134 11.002 11.002 2 1 0
34.716 11.0095 11.0095 2 1 0
34.7187 11.017 11.017 2 1 0
34.7214 11.0245 11.0245 2 1 0
34.724 11.032 11.032 2 1 0
34.7267 11.0395 11.0395 2 1 0
34.7293 11.047 11.047 2 1 0
34.732 11.0544 11.0544 2 1 0
34.7346 11.0619 11.0619 2 1 0
34.7372 11.0694 11.0694 2 1 0
34.7399 11.0769 11.0769 2 1 0
34.7425 11.0844 11.0844 2 1 0
34.7451 11.0919 11.0919 2 1 0
34.7477 11.0994 11.0994 2 1 0
34.7503 11.1069 11.1069 2 1 0
34.7529 11.1144 11.1144 2 1 0
34.7555 11.1219 11.1219 2 1 0
34.758 11.1294 11.1294 2 1 0
34.7606 11.1369 11.1369 2 1 0
34.7632 11.1444 11.1444 2 1 0
34.7658 11.1519 11.1519 2 1 0
34.7683 11.1594 11.1594 2 1 0
34.7709 11.1669 11.1669 2 1 0
34.7734 11.1744 11.1744 2 1 0
34.776 11.1819 11.1819 2 1 0
34.7785 11.1894 11.1894 2 1 0
34.781 11.1969 11.1969 2 1 0
34.7836 11.2044 11.2044 2 1 0
34.7861 11.2119 11.2119 2 1 0
34.7886 11.2194 11.2194 2 1 0
34.7911 11.2269 11.2269 2 1 0
34.7936 11.2344 11.2344 2 1 0
34.7961 11.2419 11.2419 2 1 0
34.7986 11.2494 11.2494 2 1 0
34.8011 11.2569 11.2569 2 1 0
34.8036 11.2644 11.2644 2 1 0
34.806 11.2719 11.2719 2 1 0
34.8085 11.2794 11.2794 2 1 0
34.811 11.2869 11.2869 2 1 0
34.8134 11.2944 11.2944 2 1 0
34.8159 11.3019 11.3019 2 1 0
34.8183 11.3094 11.3094 2 1 0
34.8208 11.3169 11.3169 2 1 0
34.8232 11.3244 11.3244 2 1 0
34.8256 11.3319 11.3319 2 1 0
34.8281 11.3394 11.3394 2 1 0
34.8305 11.3469 11.3469 2 1 0
34.8329 11.3544 11.3544 2 1 0
34.8353 11.3619 11.3619 2 1 0
34.8377 11.3694 11.3694 2 1 0
34.8401 11.3769 11.3769 2 1 0
34.8425 11.3844 11.3844 2 1 0
34.8449 11.3919 11.3919 2 1 0
34.8473 11.3994 11.3994 2 1 0
34.8497 11.4069 11.4069 2 1 0
34.852 11.4144 11.4144 2 1 0
34.8544 11.4219 11.4219 2 1 0
34.8568 11.4295 11.4295 2 1 0
34.8591 11.437 11.437 2 1 0
34.8615 11.4445 11.4445 2 1 0
34.8638 11.452 11.452 2 1 0
34.8662 11.4595 11.4595 2 1 0
34.8685 11.467 11.467 2 1 0
34.8708 11.4745 11.4745 2 1 0
34.8732 11.482 11.482 2 1 0
34.8755 11.4895 11.4895 2 1 0
34.8778 11.497 11.497 2 1 0
34.8801 11.5045 11.5045 2 1 0
34.8824 11.512 11.512 2 1 0
34.8847 11.5196 11.5196 2 1 0
34.887 11.5271 11.5271 2 1 0
34.8893 11.5346 11.5346 2 1 0
34.8916 11.5421 11.5421 2 1 0
34.8939 11.5496 11.5496 2 1 0
34.8961 11.5571 11.5571 2 1 0
34.8984 11.5646 11.5646 2 1 0
34.9007 11.5721 11.5721 2 1 0
34.9029 11.5796 11.5796 2 1 0
34.9052 11.5871 11.5871 2 1 0
34.9074 11.5947 11.5947 2 1 0
34.9097 11.6022 11.6022 2 1 0
34.9119 11.6097 11.6097 2 1 0
34.9142 11.6172 11.6172 2 1 0
34.9164 11.6247 11.6247 2 1 0
34.9186 11.6322 11.6322 2 1 0
34.9208 11.6397 11.6397 2 1 0
34.9231 11.6472 11.6472 2 1 0
34.9253 11.6548 11.6548 2 1 0
34.9275 11.6623 11.6623 2 1 0
34.9297 11.6698 11.6698 2 1 0
34.9319 11.6773 11.6773 2 1 0
34.9341 11.6848 11.6848 2 1 0
34.9362 11.6923 11.6923 2 1 0
34.9384 11.6998 11.6998 2 1 0
34.9406 11.7073 11.7073 2 1 0
34.9428 11.7149 11.7149 2 1 0
34.9449 11.7224 11.7224 2 1 0
34.9471 11.7299 11.7299 2 1 0
34.9493 11.7374 11.7374 2 1 0
34.9514 11.7449 11.7449 2 1 0
34.9536 11.7524 11.7524 2 1 0
34.9557 11.76 11.76 2 1 0
34.9578 11.7675 11.7675 2 1 0
34.96 11.775 11.775 2 1 0
34.9621 11.7825 11.7825 2 1 0
34.9642 11.79 11.79 2 1 0
34.9663 11.7975 11.7975 2 1 0
34.9684 11.8051 11.8051 2 1 0
34.9706 11.8126 11.8126 2 1 0
34.9727 11.8201 11.8201 2 1 0
34.9748 11.8276 11.8276 2 1 0
34.9769 11.8351 11.8351 2 1 0
34.9789 11.8426 11.8426 2 1 0
34.981 11.8502 11.8502 2 1 0
34.9831 11.8577 11.8577 2 1 0
34.9852 11.8652 11.8652 2 1 0
34.9873 11.8727 11.8727 2 1 0
34.9893 11.8802 11.8802 2 1 0
34.9914 11.8878 11.8878 2 1 0
34.9935 11.8953 11.8953 2 1 0
34.9955 11.9028 11.9028 2 1 0
34.9976 11.9103 11.9103 2 1 0
34.9996 11.9178 11.9178 2 1 0
35.0016 11.9253 11.9253 2 1 0
35.0037 11.9329 11.9329 2 1 0
35.0057 11.9404 11.9404 2 1 0
35.0077 11.9479 11.9479 2 1 0
35.0098 11.9554 11.9554 2 1 0
35.0118 11.963 11.963 2 1 0
35.0138 11.9705 11.9705 2 1 0
35.0158 11.978 11.978 2 1 0
35.0178 11.9855 11.9855 2 1 0
35.0198 11.993 11.993 2 1 0
35.0218 12.0006 12.0006 2 1 0
35.0238 12.0081 12.0081 2 1 0
35.0258 12.0156 12.0156 2 1 0
35.0277 12.0231 12.0231 2 1 0
35.0297 12.0306 12.0306 2 1 0
35.0317 12.0382 12.0382 2 1 0
35.0337 12.0457 12.0457 2 1 0
35.0356 12.0532 12.0532 2 1 0
35.0376 12.0607 12.0607 2 1 0
35.0395 12.0683 12.0683 2 1 0
35.0415 12.0758 12.0758 2 1 0
35.0434 12.0833 12.0833 2 1 0
35.0454 12.0908 12.0908 2 1 0
35.0473 12.0984 12.0984 2 1 0
35.0493 12.1059 12.1059 2 1 0
35.0512 12.1134 12.1134 2 1 0
35.0531 12.1209 12.1209 2 1 0
35.055 12.1285 12.1285 2 1 0
35.0569 12.136 12.136 2 1 0
35.0589 12.1435 12.1435 2 1 0
35.0608 12.151 12.151 2 1 0
35.0627 12.1585 12.1585 2 1 0
35.0646 12.1661 12.1661 2 1 0
35.0665 12.1736 12.1736 2 1 0
35.0684 12.1811 12.1811 2 1 0
35.0702 12.1887 12.1887 2 1 0
35.0721 12.1962 12.1962 2 1 0
35.074 12.2037 12.2037 2 1 0
35.0759 12.2112 12.2112 2 1 0
35.0777 12.2188 12.2188 2 1 0
35.0796 12.2263 12.2263 2 1 0
35.0815 12.2338 12.2338 2 1 0
35.0833 12.2413 12.2413 2 1 0
35.0852 12.2489 12.2489 2 1 0
35.087 12.2564 12.2564 2 1 0
35.0889 12.2639 12.2639 2 1 0
35.0907 12.2714 12.2714 2 1 0
35.0925 12.279 12.279 2 1 0
35.0944 12.2865 12.2865 2 1 0
35.0962 12.294 12.294 2 1 0
35.098 12.3016 12.3016 2 1 0
35.0999 12.3091 12.3091 2 1 0
35.1017 12.3166 12.3166 2 1 0
35.1035 12.3241 12.3241 2 1 0
35.1053 12.3317 12.3317 2 1 0
35.1071 12.3392 12.3392 2 1 0
35.1089 12.3467 12.3467 2 1 0
35.1107 12.3543 12.3543 2 1 0
35.1125 12.3618 12.3618 2 1 0
35.1143 12.3693 12.3693 2 1 0
35.1161 12.3768 12.3768 2 1 0
35.1178 12.3844 12.3844 2 1 0
35.1196 12.3919 12.3919 2 1 0
35.1214 12.3994 12.3994 2 1 0
35.1231 12.407 12.407 2 1 0
35.1249 12.4145 12.4145 2 1 0
35.1267 12.422 12.422 2 1 0
35.1284 12.4295 12.4295 2 1 0
35.1302 12.4371 12.4371 2 1 0
35.1319 12.4446 12.4446 2 1 0
35.1337 12.4521 12.4521 2 1 0
35.1354 12.4597 12.4597 2 1 0
35.1371 12.4672 12.4672 2 1 0
35.1389 12.4747 12.4747 2 1 0
35.1406 12.4823 12.4823 2 1 0
35.1423 12.4898 12.4898 2 1 0
35.1441 12.4973 12.4973 2 1 0
35.1458 12.5049 12.5049 2 1 0
35.1475 12.5124 12.5124 2 1 0
35.1492 12.5199 12.5199 2 1 0
35.1509 12.5274 12.5274 2 1 0
35.1526 12.535 12.535 2 1 0
35.1543 12.5425 12.5425 2 1 0
35.156 12.55 12.55 2 1 0
35.1577 12.5576 12.5576 2 1 0
35.1594 12.5651 12.5651 2 1 0
35.161 12.5726 12.5726 2 1 0
35.1627 12.5802 12.5802 2 1 0
35.1644 12.5877 12.5877 2 1 0
35.1661 12.5952 12.5952 2 1 0
35.1677 12.6028 12.6028 2 1 0
35.1694 12.6103 12.6103 2 1 0
35.1711 12.6178 12.6178 2 1 0
35.1727 12.6254 12.6254 2 1 0
35.1744 12.6329 12.6329 2 1 0
35.176 12.6404 12.6404 2 1 0
35.1777 12.648 12.648 2 1 0
35.1793 12.6555 12.6555 2 1 0
35.1809 12.663 12.663 2 1 0
35.1826 12.6706 12.6706 2 1 0
35.1842 12.6781 12.6781 2 1 0
35.1858 12.6856 12.6856 2 1 0
35.1875 12.6932 12.6932 2 1 0
35.1891 12.7007 12.7007 2 1 0
35.1907 12.7082 12.7082 2 1 0
35.1923 12.7158 12.7158 2 1 0
35.1939 12.7233 12.7233 2 1 0
35.1955 12.7309 12.7309 2 1 0
35.1971 12.7384 12.7384 2 1 0
35.1987 12.7459 12.7459 2 1 0
35.2003 12.7535 12.7535 2 1 0
35.2019 12.761 12.761 2 1 0
35.2035 12.7685 12.7685 2 1 0
35.2051 12.7761 12.7761 2 1 0
35.2067 12.7836 12.7836 2 1 0
35.2082 12.7911 12.7911 2 1 0
35.2098 12.7987 12.7987 2 1 0
35.2114 12.8062 12.8062 2 1 0
35.2129 12.8137 12.8137 2 1 0
35.2145 12.8213 12.8213 2 1 0
35.2161 12.8288 12.8288 2 1 0
35.2176 12.8364 12.8364 2 1 0
35.2192 12.8439 12.8439 2 1 0
35.2207 12.8514 12.8514 2 1 0
35.2223 12.859 12.859 2 1 0
35.2238 12.8665 12.8665 2 1 0
35.2253 12.874 12.874 2 1 0
35.2269 12.8816 12.8816 2 1 0
35.2284 12.8891 12.8891 2 1 0
35.2299 12.8966 12.8966 2 1 0
35.2315 12.9042 12.9042 2 1 0
35.233 12.9117 12.9117 2 1 0
35.2345 12.9193 12.9193 2 1 0
35.236 12.9268 12.9268 2 1 0
35.2375 12.9343 12.9343 2 1 0
35.239 12.9419 12.9419 2 1 0
35.2405 12.9494 12.9494 2 1 0
35.242 12.9569 12.9569 2 1 0
35.2435 12.9645 12.9645 2 1 0
35.245 12.972 12.972 2 1 0
35.2465 12.9796 12.9796 2 1 0
35.248 12.9871 12.9871 2 1 0
35.2495 12.9946 12.9946 2 1 0
35.251 13.0022 13.0022 2 1 0
35.2525 13.0097 13.0097 2 1 0
35.2539 13.0173 13.0173 2 1 0
35.2554 13.0248 13.0248 2 1 0
35.2569 13.0323 13.0323 2 1 0
35.2583 13.0399 13.0399 2 1 0
35.2598 13.0474 13.0474 2 1 0
35.2612 13.0549 13.0549 2 1 0
35.2627 13.0625 13.0625 2 1 0
35.2641 13.07 13.07 2 1 0
35.2656 13.0776 13.0776 2 1 0
35.267 13.0851 13.0851 2 1 0
35.2685 13.0926 13.0926 2 1 0
35.2699 13.1002 13.1002 2 1 0
35.2714 13.1077 13.1077 2 1 0
35.2728 13.1153 13.1153 2 1 0
35.2742 13.1228 13.1228 2 1 0
35.2756 13.1303 13.1303 2 1 0
35.2771 13.1379 13.1379 2 1 0
35.2785 13.1454 13.1454 2 1 0
35.2799 13.153 13.153 2 1 0
35.2813 13.1605 13.1605 2 1 0
35.2827 13.168 13.168 2 1 0
35.2841 13.1756 13.1756 2 1 0
35.2855 13.1831 13.1831 2 1 0
35.2869 13.1907 13.1907 2 1 0
35.2883 13.1982 13.1982 2 1 0
35.2897 13.2058 13.2058 2 1 0
35.2911 13.2133 13.2133 2 1 0
35.2925 13.2208 13.2208 2 1 0
35.2939 13.2284 13.2284 2 1 0
35.2953 13.2359 13.2359 2 1 0
35.2966 13.2435 13.2435 2 1 0
35.298 13.251 13.251 2 1 0
35.2994 13.2585 13.2585 2 1 0
35.3007 13.2661 13.2661 2 1 0
35.3021 13.2736 13.2736 2 1 0
35.3035 13.2812 13.2812 2 1 0
35.3048 13.2887 13.2887 2 1 0
35.3062 13.2962 13.2962 2 1 0
35.3075 13.3038 13.3038 2 1 0
35.3089 13.3113 13.3113 2 1 0
35.3102 13.3189 13.3189 2 1 0
35.3116 13.3264 13.3264 2 1 0
35.3129 13.334 13.334 2 1 0
35.3143 13.3415 13.3415 2 1 0
35.3156 13.349 13.349 2 1 0
35.3169 13.3566 13.3566 2 1 0
35.3183 13.3641 13.3641 2 1 0
35.3196 13.3717 13.3717 2 1 0
35.3209 13.3792 13.3792 2 1 0
35.3222 13.3868 13.3868 2 1 0
35.3235 13.3943 13.3943 2 1 0
35.3249 13.4018 13.4018 2 1 0
35.3262 13.4094 13.4094 2 1 0
35.3275 13.4169 13.4169 2 1 0
35.3288 13.4245 13.4245 2 1 0
35.3301 13.432 13.432 2 1 0
35.3314 13.4396 13.4396 2 1 0
35.3327 13.4471 13.4471 2 1 0
35.334 13.4546 13.4546 2 1 0
35.3353 13.4622 13.4622 2 1 0
35.3365 13.4697 13.4697 2 1 0
35.3378 13.4773 13.4773 2 1 0
35.3391 13.4848 13.4848 2 1 0
35.3404 13.4924 13.4924 2 1 0
35.3417 13.4999 13.4999 2 1 0
35.3429 13.5075 13.5075 2 1 0
35.3442 13.515 13.515 2 1 0
35.3455 13.5225 13.5225 2 1 0
35.3467 13.5301 13.5301 2 1 0
35.348 13.5376 13.5376 2 1 0
35.3493 13.5452 13.5452 2 1 0
35.3505 13.5527 13.5527 2 1 0
35.3518 13.5603 13.5603 2 1 0
35.353 13.5678 13.5678 2 1 0
35.3543 13.5754 13.5754 2 1 0
35.3555 13.5829 13.5829 2 1 0
35.3568 13.5904 13.5904 2 1 0
35.358 13.598 13.598 2 1 0
35.3592 13.6055 13.6055 2 1 0
35.3605 13.6131 13.6131 2 1 0
35.3617 13.6206 13.6206 2 1 0
35.3629 13.6282 13.6282 2 1 0
35.3642 13.6357 13.6357 2 1 0
35.3654 13.6433 13.6433 2 1 0
35.3666 13.6508 13.6508 2 1 0
35.3678 13.6583 13.6583 2 1 0
35.369 13.6659 13.6659 2 1 0
35.3702 13.6734 13.6734 2 1 0
35.3714 13.681 13.681 2 1 0
35.3727 13.6885 13.6885 2 1 0
35.3739 13.6961 13.6961 2 1 0
35.3751 13.7036 13.7036 2 1 0
35.3763 13.7112 13.7112 2 1 0
35.3774 13.7187 13.7187 2 1 0
35.3786 13.7263 13.7263 2 1 0
35.3798 13.7338 13.7338 2 1 0
35.381 13.7413 13.7413 2 1 0
35.3822 13.7489 13.7489 2 1 0
35.3834 13.7564 13.7564 2 1 0
35.3846 13.764 13.764 2 1 0
35.3857 13.7715 13.7715 2 1 0
35.3869 13.7791 13.7791 2 1 0
35.3881 13.7866 13.7866 2 1 0
35.3893 13.7942 13.7942 2 1 0
35.3904 13.8017 13.8017 2 1 0
35.3916 13.8093 13.8093 2 1 0
35.3927 13.8168 13.8168 2 1 0
35.3939 13.8244 13.8244 2 1 0
35.3951 13.8319 13.8319 2 1 0
35.3962 13.8395 13.8395 2 1 0
35.3974 13.847 13.847 2 1 0
35.3985 13.8545 13.8545 2 1 0
35.3997 13.8621 13.8621 2 1 0
35.4008 13.8696 13.8696 2 1 0
35.4019 13.8772 13.8772 2 1 0
35.4031 13.8847 13.8847 2 1 0
35.4042 13.8923 13.8923 2 1 0
35.4053 13.8998 13.8998 2 1 0
35.4065 13.9074 13.9074 2 1 0
35.4076 13.9149 13.9149 2 1 0
35.4087 13.9225 13.9225 2 1 0
35.4098 13.93 13.93 2 1 0
35.411 13.9376 13.9376 2 1 0
35.4121 13.9451 13.9451 2 1 0
35.4132 13.9527 13.9527 2 1 0
35.4143 13.9602 13.9602 2 1 0
35.4154 13.9678 13.9678 2 1 0
35.4165 13.9753 13.9753 2 1 0
35.4176 13.9828 13.9828 2 1 0
35.4187 13.9904 13.9904 2 1 0
35.4198 13.9979 13.9979 2 1 0
35.4209 14.0055 14.0055 2 1 0
35.422 14.013 14.013 2 1 0
35.4231 14.0206 14.0206 2 1 0
35.4242 14.0281 14.0281 2 1 0
35.4253 14.0357 14.0357 2 1 0
35.4264 14.0432 14.0432 2 1 0
35.4275 14.0508 14.0508 2 1 0
35.4285 14.0583 14.0583 2 1 0
35.4296 14.0659 14.0659 2 1 0
35.4307 14.0734 14.0734 2 1 0
35.4318 14.081 14.081 2 1 0
35.4328 14.0885 14.0885 2 1 0
35.4339 14.0961 14.0961 2 1 0
35.435 14.1036 14.1036 2 1 0
35.436 14.1112 14.1112 2 1 0
35.4371 14.1187 14.1187 2 1 0
35.4381 14.1263 14.1263 2 1 0
35.4392 14.1338 14.1338 2 1 0
35.4403 14.1414 14.1414 2 1 0
35.4413 14.1489 14.1489 2 1 0
35.4424 14.1565 14.1565 2 1 0
35.4434 14.164 14.164 2 1 0
35.4444 14.1716 14.1716 2 1 0
35.4455 14.1791 14.1791 2 1 0
35.4465 14.1867 14.1867 2 1 0
35.4476 14.1942 14.1942 2 1 0
35.4486 14.2018 14.2018 2 1 0
35.4496 14.2093 14.2093 2 1 0
35.4507 14.2169 14.2169 2 1 0
35.4517 14.2244 14.2244 2 1 0
35.4527 14.232 14.232 2 1 0
35.4537 14.2395 14.2395 2 1 0
35.4548 14.2471 14.2471 2 1 0
35.4558 14.2546 14.2546 2 1 0
35.4568 14.2622 14.2622 2 1 0
35.4578 14.2697 14.2697 2 1 0
35.4588 14.2773 14.2773 2 1 0
35.4598 14.2848 14.2848 2 1 0
35.4608 14.2923 14.2923 2 1 0
35.4618 14.2999 14.2999 2 1 0
35.4628 14.3074 14.3074 2 1 0
35.4638 14.315 14.315 2 1 0
35.4648 14.3225 14.3225 2 1 0
35.4658 14.3301 14.3301 2 1 0
35.4668 14.3376 14.3376 2 1 0
35.4678 14.3452 14.3452 2 1 0
35.4688 14.3527 14.3527 2 1 0
35.4698 14.3603 14.3603 2 1 0
35.4708 14.3678 14.3678 2 1 0
35.4718 14.3754 14.3754 2 1 0
35.4727 14.3829 14.3829 2 1 0
35.4737 14.3905 14.3905 2 1 0
35.4747 14.3981 14.3981 2 1 0
35.4757 14.4056 14.4056 2 1 0
35.4766 14.4132 14.4132 2 1 0
35.4776 14.4207 14.4207 2 1 0
35.4786 14.4283 14.4283 2 1 0
35.4795 14.4358 14.4358 2 1 0
35.4805 14.4434 14.4434 2 1 0
35.4814 14.4509 14.4509 2 1 0
35.4824 14.4585 14.4585 2 1 0
35.4834 14.466 14.466 2 1 0
35.4843 14.4736 14.4736 2 1 0
35.4853 14.4811 14.4811 2 1 0
35.4862 14.4887 14.4887 2 1 0
35.4872 14.4962 14.4962 2 1 0
35.4881 14.5038 14.5038 2 1 0
35.4891 14.5113 14.5113 2 1 0
35.49 14.5189 14.5189 2 1 0
35.4909 14.5264 14.5264 2 1 0
35.4919 14.534 14.534 2 1 0
35.4928 14.5415 14.5415 2 1 0
35.4937 14.5491 14.5491 2 1 0
35.4947 14.5566 14.5566 2 1 0
35.4956 14.5642 14.5642 2 1 0
35.4965 14.5717 14.5717 2 1 0
35.4974 14.5793 14.5793 2 1 0
35.4984 14.5868 14.5868 2 1 0
35.4993 14.5944 14.5944 2 1 0
35.5002 14.6019 14.6019 2 1 0
35.5011 14.6095 14.6095 2 1 0
35.502 14.617 14.617 2 1 0
35.5029 14.6246 14.6246 2 1 0
35.5039 14.6321 14.6321 2 1 0
35.5048 14.6397 14.6397 2 1 0
35.5057 14.6472 14.6472 2 1 0
35.5066 14.6548 14.6548 2 1 0
35.5075 14.6623 14.6623 2 1 0
35.5084 14.6699 14.6699 2 1 0
35.5093 14.6774 14.6774 2 1 0
35.5102 14.685 14.685 2 1 0
35.5111 14.6925 14.6925 2 1 0
35.5119 14.7001 14.7001 2 1 0
35.5128 14.7076 14.7076 2 1 0
35.5137 14.7152 14.7152 2 1 0
35.5146 14.7227 14.7227 2 1 0
35.5155 14.7303 14.7303 2 1 0
35.5164 14.7379 14.7379 2 1 0
35.5173 14.7454 14.7454 2 1 0
35.5181 14.753 14.753 2 1 0
35.519 14.7605 14.7605 2 1 0
35.5199 14.7681 14.7681 2 1 0
35.5207 14.7756 14.7756 2 1 0
35.5216 14.7832 14.7832 2 1 0
35.5225 14.7907 14.7907 2 1 0
35.5233 14.7983 14.7983 2 1 0
35.5242 14.8058 14.8058 2 1 0
35.5251 14.8134 14.8134 2 1 0
35.5259 14.8209 14.8209 2 1 0
35.5268 14.8285 14.8285 2 1 0
35.5276 14.836 14.836 2 1 0
35.5285 14.8436 14.8436 2 1 0
35.5294 14.8511 14.8511 2 1 0
35.5302 14.8587 14.8587 2 1 0
35.531 14.8662 14.8662 2 1 0
35.5319 14.8738 14.8738 2 1 0
35.5327 14.8813 14.8813 2 1 0
35.5336 14.8889 14.8889 2 1 0
35.5344 14.8965 14.8965 2 1 0
35.5353 14.904 14.904 2 1 0
35.5361 14.9116 14.9116 2 1 0
35.5369 14.9191 14.9191 2 1 0
35.5378 14.9267 14.9267 2 1 0
35.5386 14.9342 14.9342 2 1 0
35.5394 14.9418 14.9418 2 1 0
35.5402 14.9493 14.9493 2 1 0
35.5411 14.9569 14.9569 2 1 0
35.5419 14.9644 14.9644 2 1 0
35.5427 14.972 14.972 2 1 0
35.5435 14.9795 14.9795 2 1 0
35.5444 14.9871 14.9871 2 1 0
35.5452 14.9946 14.9946 2 1 0
35.546 15.0022 15.0022 2 1 0
35.5468 15.0097 15.0097 2 1 0
35.5476 15.0173 15.0173 2 1 0
35.5484 15.0249 15.0249 2 1 0
35.5492 15.0324 15.0324 2 1 0
35.55 15.04 15.04 2 1 0
35.5508 15.0475 15.0475 2 1 0
35.5516 15.0551 15.0551 2 1 0
35.5524 15.0626 15.0626 2 1 0
35.5532 15.0702 15.0702 2 1 0
35.554 15.0777 15.0777 2 1 0
35.5548 15.0853 15.0853 2 1 0
35.5556 15.0928 15.0928 2 1 0
35.5564 15.1004 15.1004 2 1 0
35.5572 15.1079 15.1079 2 1 0
35.558 15.1155 15.1155 2 1 0
35.5588 15.123 15.123 2 1 0
35.5595 15.1306 15.1306 2 1 0
35.5603 15.1382 15.1382 2 1 0
35.5611 15.1457 15.1457 2 1 0
35.5619 15.1533 15.1533 2 1 0
35.5627 15.1608 15.1608 2 1 0
35.5634 15.1684 15.1684 2 1 0
35.5642 15.1759 15.1759 2 1 0
35.565 15.1835 15.1835 2 1 0
35.5658 15.191 15.191 2 1 0
35.5665 15.1986 15.1986 2 1 0
35.5673 15.2061 15.2061 2 1 0
35.568 15.2137 15.2137 2 1 0
35.5688 15.2212 15.2212 2 1 0
35.5696 15.2288 15.2288 2 1 0
35.5703 15.2363 15.2363 2 1 0
35.5711 15.2439 15.2439 2 1 0
35.5718 15.2515 15.2515 2 1 0
35.5726 15.259 15.259 2 1 0
35.5733 15.2666 15.2666 2 1 0
35.5741 15.2741 15.2741 2 1 0
35.5748 15.2817 15.2817 2 1 0
35.5756 15.2892 15.2892 2 1 0
35.5763 15.2968 15.2968 2 1 0
35.5771 15.3043 15.3043 2 1 0
35.5778 15.3119 15.3119 2 1 0
35.5786 15.3194 15.3194 2 1 0
35.5793 15.327 15.327 2 1 0
35.58 15.3346 15.3346 2 1 0
35.5808 15.3421 15.3421 2 1 0
35.5815 15.3497 15.3497 2 1 0
35.5822 15.3572 15.3572 2 1 0
35.583 15.3648 15.3648 2 1 0
35.5837 15.3723 15.3723 2 1 0
35.5844 15.3799 15.3799 2 1 0
35.5852 15.3874 15.3874 2 1 0
35.5859 15.395 15.395 2 1 0
35.5866 15.4025 15.4025 2 1 0
35.5873 15.4101 15.4101 2 1 0
35.588 15.4176 15.4176 2 1 0
35.5888 15.4252 15.4252 2 1 0
35.5895 15.4328 15.4328 2 1 0
35.5902 15.4403 15.4403 2 1 0
35.5909 15.4479 15.4479 2 1 0
35.5916 15.4554 15.4554 2 1 0
35.5923 15.463 15.463 2 1 0
35.593 15.4705 15.4705 2 1 0
35.5937 15.4781 15.4781 2 1 0
35.5944 15.4856 15.4856 2 1 0
35.5951 15.4932 15.4932 2 1 0
35.5958 15.5007 15.5007 2 1 0
35.5965 15.5083 15.5083 2 1 0
35.5972 15.5159 15.5159 2 1 0
35.5979 15.5234 15.5234 2 1 0
35.5986 15.531 15.531 2 1 0
35.5993 15.5385 15.5385 2 1 0
35.6 15.5461 15.5461 2 1 0
35.6007 15.5536 15.5536 2 1 0
35.6014 15.5612 15.5612 2 1 0
35.6021 15.5687 15.5687 2 1 0
35.6028 15.5763 15.5763 2 1 0
35.6034 15.5838 15.5838 2 1 0
35.6041 15.5914 15.5914 2 1 0
35.6048 15.599 15.599 2 1 0
35.6055 15.6065 15.6065 2 1 0
35.6062 15.6141 15.6141 2 1 0
35.6068 15.6216 15.6216 2 1 0
35.6075 15.6292 15.6292 2 1 0
35.6082 15.6367 15.6367 2 1 0
35.6089 15.6443 15.6443 2 1 0
35.6095 15.6518 15.6518 2 1 0
35.6102 15.6594 15.6594 2 1 0
35.6109 15.667 15.667 2 1 0
35.6115 15.6745 15.6745 2 1 0
35.6122 15.6821 15.6821 2 1 0
35.6129 15.6896 15.6896 2 1 0
35.6135 15.6972 15.6972 2 1 0
35.6142 15.7047 15.7047 2 1 0
35.6148 15.7123 15.7123 2 1 0
35.6155 15.7198 15.7198 2 1 0
35.6161 15.7274 15.7274 2 1 0
35.6168 15.735 15.735 2 1 0
35.6175 15.7425 15.7425 2 1 0
35.6181 15.7501 15.7501 2 1 0
35.6188 15.7576 15.7576 2 1 0
35.6194 15.7652 15.7652 2 1 0
35.62 15.7727 15.7727 2 1 0
35.6207 15.7803 15.7803 2 1 0
35.6213 15.7878 15.7878 2 1 0
35.622 15.7954 15.7954 2 1 0
35.6226 15.8029 15.8029 2 1 0
35.6233 15.8105 15.8105 2 1 0
35.6239 15.8181 15.8181 2 1 0
35.6245 15.8256 15.8256 2 1 0
35.6252 15.8332 15.8332 2 1 0
35.6258 15.8407 15.8407 2 1 0
35.6264 15.8483 15.8483 2 1 0
35.6271 15.8558 15.8558 2 1 0
35.6277 15.8634 15.8634 2 1 0
35.6283 15.8709 15.8709 2 1 0
35.6289 15.8785 15.8785 2 1 0
35.6296 15.8861 15.8861 2 1 0
35.6302 15.8936 15.8936 2 1 0
35.6308 15.9012 15.9012 2 1 0
35.6314 15.9087 15.9087 2 1 0
35.6321 15.9163 15.9163 2 1 0
35.6327 15.9238 15.9238 2 1 0
35.6333 15.9314 15.9314 2 1 0
35.6339 15.9389 15.9389 2 1 0
35.6345 15.9465 15.9465 2 1 0
35.6351 15.9541 15.9541 2 1 0
35.6357 15.9616 15.9616 2 1 0
35.6363 15.9692 15.9692 2 1 0
35.637 15.9767 15.9767 2 1 0
35.6376 15.9843 15.9843 2 1 0
35.6382 15.9918 15.9918 2 1 0
35.6388 15.9994 15.9994 2 1 0
35.6394 16.007 16.007 2 1 0
35.64 16.0145 16.0145 2 1 0
35.6406 16.0221 16.0221 2 1 0
35.6412 16.0296 16.0296 2 1 0
35.6418 16.0372 16.0372 2 1 0
35.6424 16.0447 16.0447 2 1 0
35.643 16.0523 16.0523 2 1 0
35.6436 16.0598 16.0598 2 1 0
35.6441 16.0674 16.0674 2 1 0
35.6447 16.075 16.075 2 1 0
35.6453 16.0825 16.0825 2 1 0
35.6459 16.0901 16.0901 2 1 0
35.6465 16.0976 16.0976 2 1 0
35.6471 16.1052 16.1052 2 1 0
35.6477 16.1127 16.1127 2 1 0
35.6482 16.1203 16.1203 2 1 0
35.6488 16.1278 16.1278 2 1 0
35.6494 16.1354 16.1354 2 1 0
35.65 16.143 16.143 2 1 0
35.6506 16.1505 16.1505 2 1 0
35.6511 16.1581 16.1581 2 1 0
35.6517 16.1656 16.1656 2 1 0
35.6523 16.1732 16.1732 2 1 0
35.6529 16.1807 16.1807 2 1 0
35.6534 16.1883 16.1883 2 1 0
35.654 16.1959 16.1959 2 1 0
35.6546 16.2034 16.2034 2 1 0
35.6551 16.211 16.211 2 1 0
35.6557 16.2185 16.2185 2 1 0
35.6563 16.2261 16.2261 2 1 0
35.6568 16.2336 16.2336 2 1 0
35.6574 16.2412 16.2412 2 1 0
35.6579 16.2487 16.2487 2 1 0
35.6585 16.2563 16.2563 2 1 0
35.6591 16.2639 16.2639 2 1 0
35.6596 16.2714 16.2714 2 1 0
35.6602 16.279 16.279 2 1 0
35.6607 16.2865 16.2865 2 1 0
35.6613 16.2941 16.2941 2 1 0
35.6618 16.3016 16.3016 2 1 0
35.6624 16.3092 16.3092 2 1 0
35.6629 16.3168 16.3168 2 1 0
35.6635 16.3243 16.3243 2 1 0
35.664 16.3319 16.3319 2 1 0
35.6646 16.3394 16.3394 2 1 0
35.6651 16.347 16.347 2 1 0
35.6657 16.3545 16.3545 2 1 0
35.6662 16.3621 16.3621 2 1 0
35.6667 16.3697 16.3697 2 1 0
35.6673 16.3772 16.3772 2 1 0
35.6678 16.3848 16.3848 2 1 0
35.6684 16.3923 16.3923 2 1 0
35.6689 16.3999 16.3999 2 1 0
35.6694 16.4074 16.4074 2 1 0
35.67 16.415 16.415 2 1 0
35.6705 16.4225 16.4225 2 1 0
35.671 16.4301 16.4301 2 1 0
35.6715 16.4377 16.4377 2 1 0
35.6721 16.4452 16.4452 2 1 0
35.6726 16.4528 16.4528 2 1 0
35.6731 16.4603 16.4603 2 1 0
35.6737 16.4679 16.4679 2 1 0
35.6742 16.4754 16.4754 2 1 0
35.6747 16.483 16.483 2 1 0
35.6752 16.4906 16.4906 2 1 0
35.6757 16.4981 16.4981 2 1 0
35.6763 16.5057 16.5057 2 1 0
35.6768 16.5132 16.5132 2 1 0
35.6773 16.5208 16.5208 2 1 0
35.6778 16.5283 16.5283 2 1 0
35.6783 16.5359 16.5359 2 1 0
35.6788 16.5435 16.5435 2 1 0
35.6793 16.551 16.551 2 1 0
35.6799 16.5586 16.5586 2 1 0
35.6804 16.5661 16.5661 2 1 0
35.6809 16.5737 16.5737 2 1 0
35.6814 16.5812 16.5812 2 1 0
35.6819 16.5888 16.5888 2 1 0
35.6824 16.5964 16.5964 2 1 0
35.6829 16.6039 16.6039 2 1 0
35.6834 16.6115 16.6115 2 1 0
35.6839 16.619 16.619 2 1 0
35.6844 16.6266 16.6266 2 1 0
35.6849 16.6341 16.6341 2 1 0
35.6854 16.6417 16.6417 2 1 0
35.6859 16.6493 16.6493 2 1 0
35.6864 16.6568 16.6568 2 1 0
35.6869 16.6644 16.6644 2 1 0
35.6874 16.6719 16.6719 2 1 0
35.6879 16.6795 16.6795 2 1 0
35.6884 16.687 16.687 2 1 0
35.6889 16.6946 16.6946 2 1 0
35.6893 16.7021 16.7021 2 1 0
35.6898 16.7097 16.7097 2 1 0
35.6903 16.7173 16.7173 2 1 0
35.6908 16.7248 16.7248 2 1 0
35.6913 16.7324 16.7324 2 1 0
35.6918 16.7399 16.7399 2 1 0
35.6923 16.7475 16.7475 2 1 0
35.6927 16.755 16.755 2 1 0
35.6932 16.7626 16.7626 2 1 0
35.6937 16.7702 16.7702 2 1 0
35.6942 16.7777 16.7777 2 1 0
35.6946 16.7853 16.7853 2 1 0
35.6951 16.7928 16.7928 2 1 0
35.6956 16.8004 16.8004 2 1 0
35.6961 16.8079 16.8079 2 1 0
35.6965 16.8155 16.8155 2 1 0
35.697 16.8231 16.8231 2 1 0
35.6975 16.8306 16.8306 2 1 0
35.698 16.8382 16.8382 2 1 0
35.6984 16.8457 16.8457 2 1 0
35.6989 16.8533 16.8533 2 1 0
35.6994 16.8608 16.8608 2 1 0
35.6998 16.8684 16.8684 2 1 0
35.7003 16.876 16.876 2 1 0
35.7008 16.8835 16.8835 2 1 0
35.7012 16.8911 16.8911 2 1 0
35.7017 16.8986 16.8986 2 1 0
35.7021 16.9062 16.9062 2 1 0
35.7026 16.9138 16.9138 2 1 0
35.7031 16.9213 16.9213 2 1 0
35.7035 16.9289 16.9289 2 1 0
35.704 16.9364 16.9364 2 1 0
35.7044 16.944 16.944 2 1 0
35.7049 16.9515 16.9515 2 1 0
35.7053 16.9591 16.9591 2 1 0
35.7058 16.9667 16.9667 2 1 0
35.7062 16.9742 16.9742 2 1 0
35.7067 16.9818 16.9818 2 1 0
35.7071 16.9893 16.9893 2 1 0
35.7076 16.9969 16.9969 2 1 0
35.708 17.0044 17.0044 2 1 0
35.7085 17.012 17.012 2 1 0
35.7089 17.0196 17.0196 2 1 0
35.7094 17.0271 17.0271 2 1 0
35.7098 17.0347 17.0347 2 1 0
35.7102 17.0422 17.0422 2 1 0
35.7107 17.0498 17.0498 2 1 0
35.7111 17.0573 17.0573 2 1 0
35.7116 17.0649 17.0649 2 1 0
35.712 17.0725 17.0725 2 1 0
35.7124 17.08 17.08 2 1 0
35.7129 17.0876 17.0876 2 1 0
35.7133 17.0951 17.0951 2 1 0
35.7137 17.1027 17.1027 2 1 0
35.7142 17.1102 17.1102 2 1 0
35.7146 17.1178 17.1178 2 1 0
35.715 17.1254 17.1254 2 1 0
35.7155 17.1329 17.1329 2 1 0
35.7159 17.1405 17.1405 2 1 0
35.7163 17.148 17.148 2 1 0
35.7167 17.1556 17.1556 2 1 0
35.7172 17.1631 17.1631 2 1 0
35.7176 17.1707 17.1707 2 1 0
35.718 17.1783 17.1783 2 1 0
35.7184 17.1858 17.1858 2 1 0
35.7189 17.1934 17.1934 2 1 0
35.7193 17.2009 17.2009 2 1 0
35.7197 17.2085 17.2085 2 1 0
35.7201 17.216 17.216 2 1 0
35.7205 17.2236 17.2236 2 1 0
35.721 17.2312 17.2312 2 1 0
35.7214 17.2387 17.2387 2 1 0
35.7218 17.2463 17.2463 2 1 0
35.7222 17.2538 17.2538 2 1 0
35.7226 17.2614 17.2614 2 1 0
35.723 17.269 17.269 2 1 0
35.7234 17.2765 17.2765 2 1 0
35.7239 17.2841 17.2841 2 1 0
35.7243 17.2916 17.2916 2 1 0
35.7247 17.2992 17.2992 2 1 0
35.7251 17.3067 17.3067 2 1 0
35.7255 17.3143 17.3143 2 1 0
35.7259 17.3219 17.3219 2 1 0
35.7263 17.3294 17.3294 2 1 0
35.7267 17.337 17.337 2 1 0
35.7271 17.3445 17.3445 2 1 0
35.7275 17.3521 17.3521 2 1 0
35.7279 17.3596 17.3596 2 1 0
35.7283 17.3672 17.3672 2 1 0
35.7287 17.3748 17.3748 2 1 0
35.7291 17.3823 17.3823 2 1 0
35.7295 17.3899 17.3899 2 1 0
35.7299 17.3974 17.3974 2 1 0
35.7303 17.405 17.405 2 1 0
35.7307 17.4125 17.4125 2 1 0
35.7311 17.4201 17.4201 2 1 0
35.7315 17.4277 17.4277 2 1 0
35.7319 17.4352 17.4352 2 1 0
35.7323 17.4428 17.4428 2 1 0
35.7327 17.4503 17.4503 2 1 0
35.7331 17.4579 17.4579 2 1 0
35.7334 17.4655 17.4655 2 1 0
35.7338 17.473 17.473 2 1 0
35.7342 17.4806 17.4806 2 1 0
35.7346 17.4881 17.4881 2 1 0
35.735 17.4957 17.4957 2 1 0
35.7354 17.5032 17.5032 2 1 0
35.7358 17.5108 17.5108 2 1 0
35.7361 17.5184 17.5184 2 1 0
35.7365 17.5259 17.5259 2 1 0
35.7369 17.5335 17.5335 2 1 0
35.7373 17.541 17.541 2 1 0
35.7377 17.5486 17.5486 2 1 0
35.738 17.5561 17.5561 2 1 0
35.7384 17.5637 17.5637 2 1 0
35.7388 17.5713 17.5713 2 1 0
35.7392 17.5788 17.5788 2 1 0
35.7396 17.5864 17.5864 2 1 0
35.7399 17.5939 17.5939 2 1 0
35.7403 17.6015 17.6015 2 1 0
35.7407 17.6091 17.6091 2 1 0
35.741 17.6166 17.6166 2 1 0
35.7414 17.6242 17.6242 2 1 0
35.7418 17.6317 17.6317 2 1 0
35.7422 17.6393 17.6393 2 1 0
35.7425 17.6468 17.6468 2 1 0
35.7429 17.6544 17.6544 2 1 0
35.7433 17.662 17.662 2 1 0
35.7436 17.6695 17.6695 2 1 0
35.744 17.6771 17.6771 2 1 0
35.7444 17.6846 17.6846 2 1 0
35.7447 17.6922 17.6922 2 1 0
35.7451 17.6998 17.6998 2 1 0
35.7454 17.7073 17.7073 2 1 0
35.7458 17.7149 17.7149 2 1 0
35.7462 17.7224 17.7224 2 1 0
35.7465 17.73 17.73 2 1 0
35.7469 17.7375 17.7375 2 1 0
35.7472 17.7451 17.7451 2 1 0
35.7476 17.7527 17.7527 2 1 0
35.7479 17.7602 17.7602 2 1 0
35.7483 17.7678 17.7678 2 1 0
35.7487 17.7753 17.7753 2 1 0
35.749 17.7829 17.7829 2 1 0
35.7494 17.7904 17.7904 2 1 0
35.7497 17.798 17.798 2 1 0
35.7501 17.8056 17.8056 2 1 0
35.7504 17.8131 17.8131 2 1 0
35.7508 17.8207 17.8207 2 1 0
35.7511 17.8282 17.8282 2 1 0
35.7515 17.8358 17.8358 2 1 0
35.7518 17.8434 17.8434 2 1 0
35.7522 17.8509 17.8509 2 1 0
35.7525 17.8585 17.8585 2 1 0
35.7529 17.866 17.866 2 1 0
35.7532 17.8736 17.8736 2 1 0
35.7535 17.8811 17.8811 2 1 0
35.7539 17.8887 17.8887 2 1 0
35.7542 17.8963 17.8963 2 1 0
35.7546 17.9038 17.9038 2 1 0
35.7549 17.9114 17.9114 2 1 0
35.7552 17.9189 17.9189 2 1 0
35.7556 17.9265 17.9265 2 1 0
35.7559 17.9341 17.9341 2 1 0
35.7563 17.9416 17.9416 2 1 0
35.7566 17.9492 17.9492 2 1 0
35.7569 17.9567 17.9567 2 1 0
35.7573 17.9643 17.9643 2 1 0
35.7576 17.9718 17.9718 2 1 0
35.7579 17.9794 17.9794 2 1 0
35.7583 17.987 17.987 2 1 0
35.7586 17.9945 17.9945 2 1 0
35.7589 18.0021 18.0021 2 1 0
35.7593 18.0096 18.0096 2 1 0
35.7596 18.0172 18.0172 2 1 0
35.7599 18.0248 18.0248 2 1 0
35.7602 18.0323 18.0323 2 1 0
35.7606 18.0399 18.0399 2 1 0
35.7609 18.0474 18.0474 2 1 0
35.7612 18.055 18.055 2 1 0
35.7616 18.0625 18.0625 2 1 0
35.7619 18.0701 18.0701 2 1 0
35.7622 18.0777 18.0777 2 1 0
35.7625 18.0852 18.0852 2 1 0
35.7628 18.0928 18.0928 2 1 0
35.7632 18.1003 18.1003 2 1 0
35.7635 18.1079 18.1079 2 1 0
35.7638 18.1155 18.1155 2 1 0
35.7641 18.123 18.123 2 1 0
35.7644 18.1306 18.1306 2 1 0
35.7648 18.1381 18.1381 2 1 0
35.7651 18.1457 18.1457 2 1 0
35.7654 18.1532 18.1532 2 1 0
35.7657 18.1608 18.1608 2 1 0
35.766 18.1684 18.1684 2 1 0
35.7663 18.1759 18.1759 2 1 0
35.7667 18.1835 18.1835 2 1 0
35.767 18.191 18.191 2 1 0
35.7673 18.1986 18.1986 2 1 0
35.7676 18.2062 18.2062 2 1 0
35.7679 18.2137 18.2137 2 1 0
35.7682 18.2213 18.2213 2 1 0
35.7685 18.2288 18.2288 2 1 0
35.7688 18.2364 18.2364 2 1 0
35.7691 18.2439 18.2439 2 1 0
35.7694 18.2515 18.2515 2 1 0
35.7698 18.2591 18.2591 2 1 0
35.7701 18.2666 18.2666 2 1 0
35.7704 18.2742 18.2742 2 1 0
35.7707 18.2817 18.2817 2 1 0
35.771 18.2893 18.2893 2 1 0
35.7713 18.2969 18.2969 2 1 0
35.7716 18.3044 18.3044 2 1 0
35.7719 18.312 18.312 2 1 0
35.7722 18.3195 18.3195 2 1 0
35.7725 18.3271 18.3271 2 1 0
35.7728 18.3346 18.3346 2 1 0
35.7731 18.3422 18.3422 2 1 0
35.7734 18.3498 18.3498 2 1 0
35.7737 18.3573 18.3573 2 1 0
35.774 18.3649 18.3649 2 1 0
35.7743 18.3724 18.3724 2 1 0
35.7746 18.38 18.38 2 1 0
35.7749 18.3876 18.3876 2 1 0
35.7752 18.3951 18.3951 2 1 0
35.7754 18.4027 18.4027 2 1 0
35.7757 18.4102 18.4102 2 1 0
35.776 18.4178 18.4178 2 1 0
35.7763 18.4253 18.4253 2 1 0
35.7766 18.4329 18.4329 2 1 0
35.7769 18.4405 18.4405 2 1 0
35.7772 18.448 18.448 2 1 0
35.7775 18.4556 18.4556 2 1 0
35.7778 18.4631 18.4631 2 1 0
35.7781 18.4707 18.4707 2 1 0
35.7784 18.4783 18.4783 2 1 0
35.7786 18.4858 18.4858 2 1 0
35.7789 18.4934 18.4934 2 1 0
35.7792 18.5009 18.5009 2 1 0
35.7795 18.5085 18.5085 2 1 0
35.7798 18.516 18.516 2 1 0
35.7801 18.5236 18.5236 2 1 0
35.7803 18.5312 18.5312 2 1 0
35.7806 18.5387 18.5387 2 1 0
35.7809 18.5463 18.5463 2 1 0
35.7812 18.5538 18.5538 2 1 0
35.7815 18.5614 18.5614 2 1 0
35.7817 18.569 18.569 2 1 0
35.782 18.5765 18.5765 2 1 0
35.7823 18.5841 18.5841 2 1 0
35.7826 18.5916 18.5916 2 1 0
35.7829 18.5992 18.5992 2 1 0
35.7831 18.6068 18.6068 2 1 0
35.7834 18.6143 18.6143 2 1 0
35.7837 18.6219 18.6219 2 1 0
35.784 18.6294 18.6294 2 1 0
35.7842 18.637 18.637 2 1 0
35.7845 18.6445 18.6445 2 1 0
35.7848 18.6521 18.6521 2 1 0
35.785 18.6597 18.6597 2 1 0
35.7853 18.6672 18.6672 2 1 0
35.7856 18.6736 18.6736 2 1 0
35.7858 18.6812 18.6812 2 1 0
35.7861 18.6888 18.6888 2 1 0
35.7864 18.6963 18.6963 2 1 0
35.7866 18.7039 18.7039 2 1 0
35.7869 18.7114 18.7114 2 1 0
35.7872 18.719 18.719 2 1 0
35.7874 18.7266 18.7266 2 1 0
35.7877 18.7341 18.7341 2 1 0
35.788 18.7417 18.7417 2 1 0
35.7882 18.7492 18.7492 2 1 0
35.7885 18.7568 18.7568 2 1 0
35.7888 18.7643 18.7643 2 1 0
35.789 18.7719 18.7719 2 1 0
35.7893 18.7795 18.7795 2 1 0
35.7895 18.787 18.787 2 1 0
35.7898 18.7946 18.7946 2 1 0
35.7901 18.8021 18.8021 2 1 0
35.7903 18.8097 18.8097 2 1 0
35.7906 18.8173 18.8173 2 1 0
35.7908 18.8248 18.8248 2 1 0
35.7911 18.8324 18.8324 2 1 0
35.7914 18.8399 18.8399 2 1 0
35.7916 18.8475 18.8475 2 1 0
35.7919 18.8551 18.8551 2 1 0
35.7921 18.8626 18.8626 2 1 0
35.7924 18.8702 18.8702 2 1 0
35.7926 18.8777 18.8777 2 1 0
35.7929 18.8853 18.8853 2 1 0
35.7931 18.8928 18.8928 2 1 0
35.7934 18.9004 18.9004 2 1 0
35.7936 18.908 18.908 2 1 0
35.7939 18.9155 18.9155 2 1 0
35.7942 18.9231 18.9231 2 1 0
35.7944 18.9306 18.9306 2 1 0
35.7947 18.9382 18.9382 2 1 0
35.7949 18.9458 18.9458 2 1 0
35.7952 18.9533 18.9533 2 1 0
35.7954 18.9609 18.9609 2 1 0
35.7956 18.9684 18.9684 2 1 0
35.7959 18.976 18.976 2 1 0
35.7961 18.9835 18.9835 2 1 0
35.7964 18.9911 18.9911 2 1 0
35.7966 18.9987 18.9987 2 1 0
35.7969 19.0062 19.0062 2 1 0
35.7971 19.0138 19.0138 2 1 0
35.7974 19.0213 19.0213 2 1 0
35.7976 19.0289 19.0289 2 1 0
35.7979 19.0365 19.0365 2 1 0
35.7981 19.044 19.044 2 1 0
35.7983 19.0516 19.0516 2 1 0
35.7986 19.0591 19.0591 2 1 0
35.7988 19.0667 19.0667 2 1 0
35.7991 19.0743 19.0743 2 1 0
35.7993 19.0818 19.0818 2 1 0
35.7995 19.0894 19.0894 2 1 0
35.7998 19.0969 19.0969 2 1 0
35.8 19.1045 19.1045 2 1 0
35.8003 19.112 19.112 2 1 0
35.8005 19.1196 19.1196 2 1 0
35.8007 19.1272 19.1272 2 1 0
35.801 19.1347 19.1347 2 1 0
35.8012 19.1423 19.1423 2 1 0
35.8014 19.1498 19.1498 2 1 0
35.8017 19.1574 19.1574 2 1 0
35.8019 19.165 19.165 2 1 0
35.8021 19.1725 19.1725 2 1 0
35.8024 19.1801 19.1801 2 1 0
35.8026 19.1876 19.1876 2 1 0
35.8028 19.1952 19.1952 2 1 0
35.8031 19.2028 19.2028 2 1 0
35.8033 19.2103 19.2103 2 1 0
35.8035 19.2179 19.2179 2 1 0
35.8037 19.2254 19.2254 2 1 0
35.804 19.233 19.233 2 1 0
35.8042 19.2405 19.2405 2 1 0
35.8044 19.2481 19.2481 2 1 0
35.8047 19.2557 19.2557 2 1 0
35.8049 19.2632 19.2632 2 1 0
35.8051 19.2708 19.2708 2 1 0
35.8053 19.2783 19.2783 2 1 0
35.8056 19.2859 19.2859 2 1 0
35.8058 19.2935 19.2935 2 1 0
35.806 19.301 19.301 2 1 0
35.8062 19.3086 19.3086 2 1 0
35.8065 19.3161 19.3161 2 1 0
35.8067 19.3237 19.3237 2 1 0
35.8069 19.3313 19.3313 2 1 0
35.8071 19.3388 19.3388 2 1 0
35.8073 19.3464 19.3464 2 1 0
35.8076 19.3539 19.3539 2 1 0
35.8078 19.3615 19.3615 2 1 0
35.808 19.369 19.369 2 1 0
35.8082 19.3766 19.3766 2 1 0
35.8084 19.3842 19.3842 2 1 0
35.8087 19.3917 19.3917 2 1 0
35.8089 19.3993 19.3993 2 1 0
35.8091 19.4068 19.4068 2 1 0
35.8093 19.4144 19.4144 2 1 0
35.8095 19.422 19.422 2 1 0
35.8098 19.4295 19.4295 2 1 0
35.81 19.4371 19.4371 2 1 0
35.8102 19.4446 19.4446 2 1 0
35.8104 19.4522 19.4522 2 1 0
35.8106 19.4598 19.4598 2 1 0
35.8108 19.4673 19.4673 2 1 0
35.811 19.4749 19.4749 2 1 0
35.8112 19.4824 19.4824 2 1 0
35.8115 19.49 19.49 2 1 0
35.8117 19.4975 19.4975 2 1 0
35.8119 19.5051 19.5051 2 1 0
35.8121 19.5127 19.5127 2 1 0
35.8123 19.5202 19.5202 2 1 0
35.8125 19.5278 19.5278 2 1 0
35.8127 19.5353 19.5353 2 1 0
35.8129 19.5429 19.5429 2 1 0
35.8131 19.5505 19.5505 2 1 0
35.8133 19.558 19.558 2 1 0
35.8136 19.5656 19.5656 2 1 0
35.8138 19.5731 19.5731 2 1 0
35.814 19.5807 19.5807 2 1 0
35.8142 19.5883 19.5883 2 1 0
35.8144 19.5958 19.5958 2 1 0
35.8146 19.6034 19.6034 2 1 0
35.8148 19.6109 19.6109 2 1 0
35.815 19.6185 19.6185 2 1 0
35.8152 19.626 19.626 2 1 0
35.8154 19.6336 19.6336 2 1 0
35.8156 19.6412 19.6412 2 1 0
35.8158 19.6487 19.6487 2 1 0
35.816 19.6563 19.6563 2 1 0
35.8162 19.6638 19.6638 2 1 0
35.8164 19.6714 19.6714 2 1 0
35.8166 19.679 19.679 2 1 0
35.8168 19.6865 19.6865 2 1 0
35.817 19.6941 19.6941 2 1 0
35.8172 19.7016 19.7016 2 1 0
35.8174 19.7092 19.7092 2 1 0
35.8176 19.7168 19.7168 2 1 0
35.8178 19.7243 19.7243 2 1 0
35.818 19.7319 19.7319 2 1 0
35.8182 19.7394 19.7394 2 1 0
35.8184 19.747 19.747 2 1 0
35.8186 19.7546 19.7546 2 1 0
35.8188 19.7621 19.7621 2 1 0
35.819 19.7697 19.7697 2 1 0
35.8192 19.7772 19.7772 2 1 0
35.8194 19.7848 19.7848 2 1 0
35.8196 19.7923 19.7923 2 1 0
35.8197 19.7999 19.7999 2 1 0
35.8199 19.8075 19.8075 2 1 0
35.8201 19.815 19.815 2 1 0
35.8203 19.8226 19.8226 2 1 0
35.8205 19.8301 19.8301 2 1 0
35.8207 19.8377 19.8377 2 1 0
35.8209 19.8453 19.8453 2 1 0
35.8211 19.8528 19.8528 2 1 0
35.8213 19.8604 19.8604 2 1 0
35.8215 19.8679 19.8679 2 1 0
35.8217 19.8755 19.8755 2 1 0
35.8218 19.8831 19.8831 2 1 0
35.822 19.8906 19.8906 2 1 0
35.8222 19.8982 19.8982 2 1 0
35.8224 19.9057 19.9057 2 1 0
35.8226 19.9133 19.9133 2 1 0
35.8228 19.9208 19.9208 2 1 0
35.823 19.9284 19.9284 2 1 0
35.8232 19.936 19.936 2 1 0
35.8233 19.9435 19.9435 2 1 0
35.8235 19.9511 19.9511 2 1 0
35.8237 19.9586 19.9586 2 1 0
35.8239 19.9662 19.9662 2 1 0
35.8241 19.9738 19.9738 2 1 0
35.8243 19.9813 19.9813 2 1 0
35.8244 19.9889 19.9889 2 1 0
35.8246 19.9964 19.9964 2 1 0
35.8248 20.004 20.004 2 1 0
35.825 20.0116 20.0116 2 1 0
35.8252 20.0191 20.0191 2 1 0
35.8253 20.0267 20.0267 2 1 0
35.8255 20.0342 20.0342 2 1 0
35.8257 20.0418 20.0418 2 1 0
35.8259 20.0493 20.0493 2 1 0
35.8261 20.0569 20.0569 2 1 0
35.8262 20.0645 20.0645 2 1 0
35.8264 20.072 20.072 2 1 0
35.8266 20.0796 20.0796 2 1 0
35.8268 20.0871 20.0871 2 1 0
35.827 20.0947 20.0947 2 1 0
35.8271 20.1023 20.1023 2 1 0
35.8273 20.1098 20.1098 2 1 0
35.8275 20.1174 20.1174 2 1 0
35.8277 20.1249 20.1249 2 1 0
35.8278 20.1325 20.1325 2 1 0
35.828 20.1401 20.1401 2 1 0
35.8282 20.1476 20.1476 2 1 0
35.8284 20.1552 20.1552 2 1 0
35.8285 20.1627 20.1627 2 1 0
35.8287 20.1703 20.1703 2 1 0
35.8289 20.1779 20.1779 2 1 0
35.829 20.1854 20.1854 2 1 0
35.8292 20.193 20.193 2 1 0
35.8294 20.2005 20.2005 2 1 0
35.8296 20.2081 20.2081 2 1 0
35.8297 20.2156 20.2156 2 1 0
35.8299 20.2232 20.2232 2 1 0
35.8301 20.2308 20.2308 2 1 0
35.8302 20.2383 20.2383 2 1 0
35.8304 20.2459 20.2459 2 1 0
35.8306 20.2534 20.2534 2 1 0
35.8307 20.261 20.261 2 1 0
35.8309 20.2686 20.2686 2 1 0
35.8311 20.2761 20.2761 2 1 0
35.8312 20.2837 20.2837 2 1 0
35.8314 20.2912 20.2912 2 1 0
35.8316 20.2988 20.2988 2 1 0
35.8317 20.3064 20.3064 2 1 0
35.8319 20.3139 20.3139 2 1 0
35.8321 20.3215 20.3215 2 1 0
35.8322 20.329 20.329 2 1 0
35.8324 20.3366 20.3366 2 1 0
35.8326 20.3442 20.3442 2 1 0
35.8327 20.3517 20.3517 2 1 0
35.8329 20.3593 20.3593 2 1 0
35.8331 20.3668 20.3668 2 1 0
35.8332 20.3744 20.3744 2 1 0
35.8334 20.3819 20.3819 2 1 0
35.8335 20.3895 20.3895 2 1 0
35.8337 20.3971 20.3971 2 1 0
35.8339 20.4046 20.4046 2 1 0
35.834 20.4122 20.4122 2 1 0
35.8342 20.4197 20.4197 2 1 0
35.8343 20.4273 20.4273 2 1 0
35.8345 20.4349 20.4349 2 1 0
35.8347 20.4424 20.4424 2 1 0
35.8348 20.45 20.45 2 1 0
35.835 20.4575 20.4575 2 1 0
35.8351 20.4651 20.4651 2 1 0
35.8353 20.4727 20.4727 2 1 0
35.8355 20.4802 20.4802 2 1 0
35.8356 20.4878 20.4878 2 1 0
35.8358 20.4953 20.4953 2 1 0
35.8359 20.5029 20.5029 2 1 0
35.8361 20.5105 20.5105 2 1 0
35.8362 20.518 20.518 2 1 0
35.8364 20.5256 20.5256 2 1 0
35.8365 20.5331 20.5331 2 1 0
35.8367 20.5407 20.5407 2 1 0
35.8369 20.5482 20.5482 2 1 0
35.837 20.5558 20.5558 2 1 0
35.8372 20.5634 20.5634 2 1 0
35.8373 20.5709 20.5709 2 1 0
35.8375 20.5785 20.5785 2 1 0
35.8376 20.586 20.586 2 1 0
35.8378 20.5936 20.5936 2 1 0
35.8379 20.6012 20.6012 2 1 0
35.8381 20.6087 20.6087 2 1 0
35.8382 20.6163 20.6163 2 1 0
35.8384 20.6238 20.6238 2 1 0
35.8385 20.6314 20.6314 2 1 0
35.8387 20.639 20.639 2 1 0
35.8388 20.6465 20.6465 2 1 0
35.839 20.6541 20.6541 2 1 0
35.8391 20.6616 20.6616 2 1 0
35.8393 20.6692 20.6692 2 1 0
35.8394 20.6768 20.6768 2 1 0
35.8396 20.6843 20.6843 2 1 0
35.8397 20.6919 20.6919 2 1 0
35.8399 20.6994 20.6994 2 1 0
35.84 20.707 20.707 2 1 0
35.8402 20.7145 20.7145 2 1 0
35.8403 20.7221 20.7221 2 1 0
35.8405 20.7297 20.7297 2 1 0
35.8406 20.7372 20.7372 2 1 0
35.8407 20.7448 20.7448 2 1 0
35.8409 20.7523 20.7523 2 1 0
35.841 20.7599 20.7599 2 1 0
35.8412 20.7675 20.7675 2 1 0
35.8413 20.775 20.775 2 1 0
35.8415 20.7826 20.7826 2 1 0
35.8416 20.7901 20.7901 2 1 0
35.8418 20.7977 20.7977 2 1 0
35.8419 20.8053 20.8053 2 1 0
35.842 20.8128 20.8128 2 1 0
35.8422 20.8204 20.8204 2 1 0
35.8423 20.8279 20.8279 2 1 0
35.8425 20.8355 20.8355 2 1 0
35.8426 20.8431 20.8431 2 1 0
35.8428 20.8506 20.8506 2 1 0
35.8429 20.8582 20.8582 2 1 0
35.843 20.8657 20.8657 2 1 0
35.8432 20.8733 20.8733 2 1 0
35.8433 20.8808 20.8808 2 1 0
35.8435 20.8884 20.8884 2 1 0
35.8436 20.896 20.896 2 1 0
35.8437 20.9035 20.9035 2 1 0
35.8439 20.9111 20.9111 2 1 0
35.844 20.9186 20.9186 2 1 0
35.8441 20.9262 20.9262 2 1 0
35.8443 20.9338 20.9338 2 1 0
35.8444 20.9413 20.9413 2 1 0
35.8446 20.9489 20.9489 2 1 0
35.8447 20.9564 20.9564 2 1 0
35.8448 20.964 20.964 2 1 0
35.845 20.9716 20.9716 2 1 0
35.8451 20.9791 20.9791 2 1 0
35.8452 20.9867 20.9867 2 1 0
35.8454 20.9942 20.9942 2 1 0
35.8455 21.0018 21.0018 2 1 0
35.8456 21.0094 21.0094 2 1 0
35.8458 21.0169 21.0169 2 1 0
35.8459 21.0245 21.0245 2 1 0
35.846 21.032 21.032 2 1 0
35.8462 21.0396 21.0396 2 1 0
35.8463 21.0471 21.0471 2 1 0
35.8464 21.0547 21.0547 2 1 0
35.8466 21.0623 21.0623 2 1 0
35.8467 21.0698 21.0698 2 1 0
35.8468 21.0774 21.0774 2 1 0
35.847 21.0849 21.0849 2 1 0
35.8471 21.0925 21.0925 2 1 0
35.8472 21.1001 21.1001 2 1 0
35.8474 21.1076 21.1076 2 1 0
35.8475 21.1152 21.1152 2 1 0
35.8476 21.1227 21.1227 2 1 0
35.8477 21.1303 21.1303 2 1 0
35.8479 21.1379 21.1379 2 1 0
35.848 21.1454 21.1454 2 1 0
35.8481 21.153 21.153 2 1 0
35.8483 21.1605 21.1605 2 1 0
35.8484 21.1681 21.1681 2 1 0
35.8485 21.1757 21.1757 2 1 0
35.8486 21.1832 21.1832 2 1 0
35.8488 21.1908 21.1908 2 1 0
35.8489 21.1983 21.1983 2 1 0
35.849 21.2059 21.2059 2 1 0
35.8492 21.2134 21.2134 2 1 0
35.8493 21.221 21.221 2 1 0
35.8494 21.2286 21.2286 2 1 0
35.8495 21.2361 21.2361 2 1 0
35.8497 21.2437 21.2437 2 1 0
35.8498 21.2512 21.2512 2 1 0
35.8499 21.2588 21.2588 2 1 0
35.85 21.2664 21.2664 2 1 0
35.8502 21.2739 21.2739 2 1 0
35.8503 21.2815 21.2815 2 1 0
35.8504 21.289 21.289 2 1 0
35.8505 21.2966 21.2966 2 1 0
35.8506 21.3042 21.3042 2 1 0
35.8508 21.3117 21.3117 2 1 0
35.8509 21.3193 21.3193 2 1 0
35.851 21.3268 21.3268 2 1 0
35.8511 21.3344 21.3344 2 1 0
35.8513 21.342 21.342 2 1 0
35.8514 21.3495 21.3495 2 1 0
35.8515 21.3571 21.3571 2 1 0
35.8516 21.3646 21.3646 2 1 0
35.8517 21.3722 21.3722 2 1 0
35.8519 21.3797 21.3797 2 1 0
35.852 21.3873 21.3873 2 1 0
35.8521 21.3949 21.3949 2 1 0
35.8522 21.4024 21.4024 2 1 0
35.8523 21.41 21.41 2 1 0
35.8525 21.4175 21.4175 2 1 0
35.8526 21.4251 21.4251 2 1 0
35.8527 21.4327 21.4327 2 1 0
35.8528 21.4402 21.4402 2 1 0
35.8529 21.4478 21.4478 2 1 0
35.8531 21.4553 21.4553 2 1 0
35.8532 21.4629 21.4629 2 1 0
35.8533 21.4705 21.4705 2 1 0
35.8534 21.478 21.478 2 1 0
35.8535 21.4856 21.4856 2 1 0
35.8536 21.4931 21.4931 2 1 0
35.8538 21.5007 21.5007 2 1 0
35.8539 21.5083 21.5083 2 1 0
35.854 21.5158 21.5158 2 1 0
35.8541 21.5234 21.5234 2 1 0
35.8542 21.5309 21.5309 2 1 0
35.8543 21.5385 21.5385 2 1 0
35.8544 21.546 21.546 2 1 0
35.8546 21.5536 21.5536 2 1 0
35.8547 21.5612 21.5612 2 1 0
35.8548 21.5687 21.5687 2 1 0
35.8549 21.5763 21.5763 2 1 0
35.855 21.5838 21.5838 2 1 0
35.8551 21.5914 21.5914 2 1 0
35.8552 21.599 21.599 2 1 0
35.8553 21.6065 21.6065 2 1 0
35.8555 21.6141 21.6141 2 1 0
35.8556 21.6216 21.6216 2 1 0
35.8557 21.6292 21.6292 2 1 0
35.8558 21.6368 21.6368 2 1 0
35.8559 21.6443 21.6443 2 1 0
35.856 21.6519 21.6519 2 1 0
35.8561 21.6594 21.6594 2 1 0
35.8562 21.667 21.667 2 1 0
35.8563 21.6746 21.6746 2 1 0
35.8565 21.6821 21.6821 2 1 0
35.8566 21.6897 21.6897 2 1 0
35.8567 21.6972 21.6972 2 1 0
35.8568 21.7048 21.7048 2 1 0
35.8569 21.7124 21.7124 2 1 0
35.857 21.7199 21.7199 2 1 0
35.8571 21.7275 21.7275 2 1 0
35.8572 21.735 21.735 2 1 0
35.8573 21.7426 21.7426 2 1 0
35.8574 21.7501 21.7501 2 1 0
35.8575 21.7577 21.7577 2 1 0
35.8576 21.7653 21.7653 2 1 0
35.8578 21.7728 21.7728 2 1 0
35.8579 21.7804 21.7804 2 1 0
35.858 21.7879 21.7879 2 1 0
35.8581 21.7955 21.7955 2 1 0
35.8582 21.8031 21.8031 2 1 0
35.8583 21.8106 21.8106 2 1 0
35.8584 21.8182 21.8182 2 1 0
35.8585 21.8257 21.8257 2 1 0
35.8586 21.8333 21.8333 2 1 0
35.8587 21.8409 21.8409 2 1 0
35.8588 21.8484 21.8484 2 1 0
35.8589 21.856 21.856 2 1 0
35.859 21.8635 21.8635 2 1 0
35.8591 21.8711 21.8711 2 1 0
35.8592 21.8787 21.8787 2 1 0
35.8593 21.8862 21.8862 2 1 0
35.8594 21.8938 21.8938 2 1 0
35.8595 21.9013 21.9013 2 1 0
35.8596 21.9089 21.9089 2 1 0
35.8597 21.9164 21.9164 2 1 0
35.8598 21.924 21.924 2 1 0
35.8599 21.9316 21.9316 2 1 0
35.86 21.9391 21.9391 2 1 0
35.8601 21.9467 21.9467 2 1 0
35.8602 21.9542 21.9542 2 1 0
35.8603 21.9618 21.9618 2 1 0
35.8605 21.9694 21.9694 2 1 0
35.8606 21.9769 21.9769 2 1 0
35.8607 21.9845 21.9845 2 1 0
35.8608 21.992 21.992 2 1 0
35.8609 21.9996 21.9996 2 1 0
35.861 22.0072 22.0072 2 1 0
35.861 22.0147 22.0147 2 1 0
35.8611 22.0223 22.0223 2 1 0
35.8612 22.0298 22.0298 2 1 0
35.8613 22.0374 22.0374 2 1 0
35.8614 22.045 22.045 2 1 0
35.8615 22.0525 22.0525 2 1 0
35.8616 22.0601 22.0601 2 1 0
35.8617 22.0676 22.0676 2 1 0
35.8618 22.0752 22.0752 2 1 0
35.8619 22.0828 22.0828 2 1 0
35.862 22.0903 22.0903 2 1 0
35.8621 22.0979 22.0979 2 1 0
35.8622 22.1054 22.1054 2 1 0
35.8623 22.113 22.113 2 1 0
35.8624 22.1205 22.1205 2 1 0
35.8625 22.1281 22.1281 2 1 0
35.8626 22.1357 22.1357 2 1 0
35.8627 22.1432 22.1432 2 1 0
35.8628 22.1508 22.1508 2 1 0
35.8629 22.1583 22.1583 2 1 0
35.863 22.1659 22.1659 2 1 0
35.8631 22.1735 22.1735 2 1 0
35.8632 22.181 22.181 2 1 0
35.8633 22.1886 22.1886 2 1 0
35.8634 22.1961 22.1961 2 1 0
35.8635 22.2037 22.2037 2 1 0
35.8636 22.2113 22.2113 2 1 0
35.8636 22.2188 22.2188 2 1 0
35.8637 22.2264 22.2264 2 1 0
35.8638 22.2339 22.2339 2 1 0
35.8639 22.2415 22.2415 2 1 0
35.864 22.2491 22.2491 2 1 0
35.8641 22.2566 22.2566 2 1 0
35.8642 22.2642 22.2642 2 1 0
35.8643 22.2717 22.2717 2 1 0
35.8644 22.2793 22.2793 2 1 0
35.8645 22.2869 22.2869 2 1 0
35.8646 22.2944 22.2944 2 1 0
35.8647 22.302 22.302 2 1 0
35.8648 22.3095 22.3095 2 1 0
35.8648 22.3171 22.3171 2 1 0
35.8649 22.3246 22.3246 2 1 0
35.865 22.3322 22.3322 2 1 0
35.8651 22.3398 22.3398 2 1 0
35.8652 22.3473 22.3473 2 1 0
35.8653 22.3549 22.3549 2 1 0
35.8654 22.3624 22.3624 2 1 0
35.8655 22.37 22.37 2 1 0
35.8656 22.3776 22.3776 2 1 0
35.8657 22.3851 22.3851 2 1 0
35.8657 22.3927 22.3927 2 1 0
35.8658 22.4002 22.4002 2 1 0
35.8659 22.4078 22.4078 2 1 0
35.866 22.4154 22.4154 2 1 0
35.8661 22.4229 22.4229 2 1 0
35.8662 22.4305 22.4305 2 1 0
35.8663 22.438 22.438 2 1 0
35.8664 22.4456 22.4456 2 1 0
35.8664 22.4532 22.4532 2 1 0
35.8665 22.4607 22.4607 2 1 0
35.8666 22.4683 22.4683 2 1 0
35.8667 22.4758 22.4758 2 1 0
35.8668 22.4834 22.4834 2 1 0
35.8669 22.4909 22.4909 2 1 0
35.867 22.4985 22.4985 2 1 0
35.867 22.5061 22.5061 2 1 0
35.8671 22.5136 22.5136 2 1 0
35.8672 22.5212 22.5212 2 1 0
35.8673 22.5287 22.5287 2 1 0
35.8674 22.5363 22.5363 2 1 0
35.8675 22.5439 22.5439 2 1 0
35.8676 22.5514 22.5514 2 1 0
35.8676 22.559 22.559 2 1 0
35.8677 22.5665 22.5665 2 1 0
35.8678 22.5741 22.5741 2 1 0
35.8679 22.5817 22.5817 2 1 0
35.868 22.5892 22.5892 2 1 0
35.8681 22.5968 22.5968 2 1 0
35.8681 22.6043 22.6043 2 1 0
35.8682 22.6119 22.6119 2 1 0
35.8683 22.6195 22.6195 2 1 0
35.8684 22.627 22.627 2 1 0
35.8685 22.6346 22.6346 2 1 0
35.8686 22.6421 22.6421 2 1 0
35.8686 22.6497 22.6497 2 1 0
35.8687 22.6573 22.6573 2 1 0
35.8688 22.6648 22.6648 2 1 0
35.8689 22.6724 22.6724 2 1 0
35.869 22.6799 22.6799 2 1 0
35.8691 22.6875 22.6875 2 1 0
35.8691 22.695 22.695 2 1 0
35.8692 22.7026 22.7026 2 1 0
35.8693 22.7102 22.7102 2 1 0
35.8694 22.7177 22.7177 2 1 0
35.8695 22.7253 22.7253 2 1 0
35.8695 22.7328 22.7328 2 1 0
35.8696 22.7404 22.7404 2 1 0
35.8697 22.748 22.748 2 1 0
35.8698 22.7555 22.7555 2 1 0
35.8699 22.7631 22.7631 2 1 0
35.8699 22.7706 22.7706 2 1 0
35.87 22.7782 22.7782 2 1 0
35.8701 22.7858 22.7858 2 1 0
35.8702 22.7933 22.7933 2 1 0
35.8702 22.8009 22.8009 2 1 0
35.8703 22.8084 22.8084 2 1 0
35.8704 22.816 22.816 2 1 0
35.8705 22.8236 22.8236 2 1 0
35.8706 22.8311 22.8311 2 1 0
35.8706 22.8387 22.8387 2 1 0
35.8707 22.8462 22.8462 2 1 0
35.8708 22.8538 22.8538 2 1 0
35.8709 22.8614 22.8614 2 1 0
35.8709 22.8689 22.8689 2 1 0
35.871 22.8765 22.8765 2 1 0
35.8711 22.884 22.884 2 1 0
35.8712 22.8916 22.8916 2 1 0
35.8713 22.8991 22.8991 2 1 0
35.8713 22.9067 22.9067 2 1 0
35.8714 22.9143 22.9143 2 1 0
35.8715 22.9218 22.9218 2 1 0
35.8716 22.9294 22.9294 2 1 0
35.8716 22.9369 22.9369 2 1 0
35.8717 22.9445 22.9445 2 1 0
35.8718 22.9521 22.9521 2 1 0
35.8719 22.9596 22.9596 2 1 0
35.8719 22.9672 22.9672 2 1 0
35.872 22.9747 22.9747 2 1 0
35.8721 22.9823 22.9823 2 1 0
35.8722 22.9899 22.9899 2 1 0
35.8722 22.9974 22.9974 2 1 0
35.8723 23.005 23.005 2 1 0
35.8724 23.0125 23.0125 2 1 0
35.8724 23.0201 23.0201 2 1 0
35.8725 23.0277 23.0277 2 1 0
35.8726 23.0352 23.0352 2 1 0
35.8727 23.0428 23.0428 2 1 0
35.8727 23.0503 23.0503 2 1 0
35.8728 23.0579 23.0579 2 1 0
35.8729 23.0655 23.0655 2 1 0
35.873 23.073 23.073 2 1 0
35.873 23.0806 23.0806 2 1 0
35.8731 23.0881 23.0881 2 1 0
35.8732 23.0957 23.0957 2 1 0
35.8732 23.1032 23.1032 2 1 0
35.8733 23.1108 23.1108 2 1 0
35.8734 23.1184 23.1184 2 1 0
35.8735 23.1259 23.1259 2 1 0
35.8735 23.1335 23.1335 2 1 0
35.8736 23.141 23.141 2 1 0
35.8737 23.1486 23.1486 2 1 0
35.8737 23.1562 23.1562 2 1 0
35.8738 23.1637 23.1637 2 1 0
35.8739 23.1713 23.1713 2 1 0
35.874 23.1788 23.1788 2 1 0
35.874 23.1864 23.1864 2 1 0
35.8741 23.194 23.194 2 1 0
35.8742 23.2015 23.2015 2 1 0
35.8742 23.2091 23.2091 2 1 0
35.8743 23.2166 23.2166 2 1 0
35.8744 23.2242 23.2242 2 1 0
35.8744 23.2318 23.2318 2 1 0
35.8745 23.2393 23.2393 2 1 0
35.8746 23.2469 23.2469 2 1 0
35.8746 23.2544 23.2544 2 1 0
35.8747 23.262 23.262 2 1 0
35.8748 23.2696 23.2696 2 1 0
35.8749 23.2771 23.2771 2 1 0
35.8749 23.2847 23.2847 2 1 0
35.875 23.2922 23.2922 2 1 0
35.8751 23.2998 23.2998 2 1 0
35.8751 23.3073 23.3073 2 1 0
35.8752 23.3149 23.3149 2 1 0
35.8753 23.3225 23.3225 2 1 0
35.8753 23.33 23.33 2 1 0
35.8754 23.3376 23.3376 2 1 0
35.8755 23.3451 23.3451 2 1 0
35.8755 23.3527 23.3527 2 1 0
35.8756 23.3603 23.3603 2 1 0
35.8757 23.3678 23.3678 2 1 0
35.8757 23.3754 23.3754 2 1 0
35.8758 23.3829 23.3829 2 1 0
35.8759 23.3905 23.3905 2 1 0
35.8759 23.3981 23.3981 2 1 0
35.876 23.4056 23.4056 2 1 0
35.8761 23.4132 23.4132 2 1 0
35.8761 23.4207 23.4207 2 1 0
35.8762 23.4283 23.4283 2 1 0
35.8762 23.4359 23.4359 2 1 0
35.8763 23.4434 23.4434 2 1 0
35.8764 23.451 23.451 2 1 0
35.8764 23.4585 23.4585 2 1 0
35.8765 23.4661 23.4661 2 1 0
35.8766 23.4737 23.4737 2 1 0
35.8766 23.4812 23.4812 2 1 0
35.8767 23.4888 23.4888 2 1 0
35.8768 23.4963 23.4963 2 1 0
35.8768 23.5039 23.5039 2 1 0
35.8769 23.5114 23.5114 2 1 0
35.8769 23.519 23.519 2 1 0
35.877 23.5266 23.5266 2 1 0
35.8771 23.5341 23.5341 2 1 0
35.8771 23.5417 23.5417 2 1 0
35.8772 23.5492 23.5492 2 1 0
35.8773 23.5568 23.5568 2 1 0
35.8773 23.5644 23.5644 2 1 0
35.8774 23.5719 23.5719 2 1 0
35.8775 23.5795 23.5795 2 1 0
35.8775 23.587 23.587 2 1 0
35.8776 23.5946 23.5946 2 1 0
35.8776 23.6022 23.6022 2 1 0
35.8777 23.6097 23.6097 2 1 0
35.8778 23.6173 23.6173 2 1 0
35.8778 23.6248 23.6248 2 1 0
35.8779 23.6324 23.6324 2 1 0
35.8779 23.64 23.64 2 1 0
35.878 23.6475 23.6475 2 1 0
35.8781 23.6551 23.6551 2 1 0
35.8781 23.6626 23.6626 2 1 0
35.8782 23.6702 23.6702 2 1 0
35.8782 23.6777 23.6777 2 1 0
35.8783 23.6853 23.6853 2 1 0
35.8784 23.6929 23.6929 2 1 0
35.8784 23.7004 23.7004 2 1 0
35.8785 23.708 23.708 2 1 0
35.8785 23.7155 23.7155 2 1 0
35.8786 23.7231 23.7231 2 1 0
35.8787 23.7307 23.7307 2 1 0
35.8787 23.7382 23.7382 2 1 0
35.8788 23.7458 23.7458 2 1 0
35.8788 23.7533 23.7533 2 1 0
35.8789 23.7609 23.7609 2 1 0
35.879 23.7685 23.7685 2 1 0
35.879 23.776 23.776 2 1 0
35.8791 23.7836 23.7836 2 1 0
35.8791 23.7911 23.7911 2 1 0
35.8792 23.7987 23.7987 2 1 0
35.8793 23.8063 23.8063 2 1 0
35.8793 23.8138 23.8138 2 1 0
35.8794 23.8214 23.8214 2 1 0
35.8794 23.8289 23.8289 2 1 0
35.8795 23.8365 23.8365 2 1 0
35.8795 23.8441 23.8441 2 1 0
35.8796 23.8516 23.8516 2 1 0
35.8797 23.8592 23.8592 2 1 0
35.8797 23.8667 23.8667 2 1 0
35.8798 23.8743 23.8743 2 1 0
35.8798 23.8818 23.8818 2 1 0
35.8799 23.8894 23.8894 2 1 0
35.8799 23.897 23.897 2 1 0
35.88 23.9045 23.9045 2 1 0
35.8801 23.9121 23.9121 2 1 0
35.8801 23.9196 23.9196 2 1 0
35.8802 23.9272 23.9272 2 1 0
35.8802 23.9348 23.9348 2 1 0
35.8803 23.9423 23.9423 2 1 0
35.8803 23.9499 23.9499 2 1 0
35.8804 23.9574 23.9574 2 1 0
35.8804 23.965 23.965 2 1 0
35.8805 23.9726 23.9726 2 1 0
35.8806 23.9801 23.9801 2 1 0
35.8806 23.9877 23.9877 2 1 0
35.8807 23.9952 23.9952 2 1 0
35.8807 24.0028 24.0028 2 1 0
35.8808 24.0104 24.0104 2 1 0
35.8808 24.0179 24.0179 2 1 0
35.8809 24.0255 24.0255 2 1 0
35.8809 24.033 24.033 2 1 0
35.881 24.0406 24.0406 2 1 0
35.881 24.0482 24.0482 2 1 0
35.8811 24.0557 24.0557 2 1 0
35.8811 24.0633 24.0633 2 1 0
35.8812 24.0708 24.0708 2 1 0
35.8813 24.0784 24.0784 2 1 0
35.8813 24.086 24.086 2 1 0
35.8814 24.0935 24.0935 2 1 0
35.8814 24.1011 24.1011 2 1 0
35.8815 24.1086 24.1086 2 1 0
35.8815 24.1162 24.1162 2 1 0
35.8816 24.1237 24.1237 2 1 0
35.8816 24.1313 24.1313 2 1 0
35.8817 24.1389 24.1389 2 1 0
35.8817 24.1464 24.1464 2 1 0
35.8818 24.154 24.154 2 1 0
35.8818 24.1615 24.1615 2 1 0
35.8819 24.1691 24.1691 2 1 0
35.8819 24.1767 24.1767 2 1 0
35.882 24.1842 24.1842 2 1 0
35.882 24.1918 24.1918 2 1 0
35.8821 24.1993 24.1993 2 1 0
35.8821 24.2069 24.2069 2 1 0
35.8821 24.2069 24.2069 2 1 0
35.8823 24.222 24.222 2 1 0
35.8823 24.2296 24.2296 2 1 0
35.8824 24.2371 24.2371 2 1 0
35.8824 24.2447 24.2447 2 1 0
35.8825 24.2523 24.2523 2 1 0
35.8825 24.2598 24.2598 2 1 0
35.8826 24.2674 24.2674 2 1 0
35.8826 24.2749 24.2749 2 1 0
35.8827 24.2825 24.2825 2 1 0
35.8827 24.2901 24.2901 2 1 0
35.8828 24.2976 24.2976 2 1 0
35.8828 24.3052 24.3052 2 1 0
35.8829 24.3127 24.3127 2 1 0
35.8829 24.3203 24.3203 2 1 0
35.883 24.3278 24.3278 2 1 0
35.883 24.3354 24.3354 2 1 0
35.8831 24.343 24.343 2 1 0
35.8831 24.3505 24.3505 2 1 0
35.8832 24.3581 24.3581 2 1 0
35.8832 24.3656 24.3656 2 1 0
35.8833 24.3732 24.3732 2 1 0
35.8833 24.3808 24.3808 2 1 0
35.8833 24.3883 24.3883 2 1 0
35.8834 24.3959 24.3959 2 1 0
35.8834 24.4034 24.4034 2 1 0
35.8835 24.411 24.411 2 1 0
35.8835 24.4186 24.4186 2 1 0
35.8836 24.4261 24.4261 2 1 0
35.8836 24.4337 24.4337 2 1 0
35.8837 24.4412 24.4412 2 1 0
35.8837 24.4488 24.4488 2 1 0
35.8838 24.4564 24.4564 2 1 0
35.8838 24.4639 24.4639 2 1 0
35.8839 24.4715 24.4715 2 1 0
35.8839 24.479 24.479 2 1 0
35.884 24.4866 24.4866 2 1 0
35.884 24.4942 24.4942 2 1 0
35.8841 24.5017 24.5017 2 1 0
35.8841 24.5093 24.5093 2 1 0
35.8842 24.5168 24.5168 2 1 0
35.8842 24.5244 24.5244 2 1 0
35.8843 24.5319 24.5319 2 1 0
35.8843 24.5395 24.5395 2 1 0
35.8843 24.5471 24.5471 2 1 0
35.8844 24.5546 24.5546 2 1 0
35.8844 24.5622 24.5622 2 1 0
35.8845 24.5697 24.5697 2 1 0
35.8845 24.5773 24.5773 2 1 0
35.8846 24.5849 24.5849 2 1 0
35.8846 24.5924 24.5924 2 1 0
35.8847 24.6 24.6 2 1 0
35.8847 24.6075 24.6075 2 1 0
35.8848 24.6151 24.6151 2 1 0
35.8848 24.6227 24.6227 2 1 0
35.8849 24.6302 24.6302 2 1 0
35.8849 24.6378 24.6378 2 1 0
35.8849 24.6453 24.6453 2 1 0
35.885 24.6529 24.6529 2 1 0
35.885 24.6605 24.6605 2 1 0
35.8851 24.668 24.668 2 1 0
35.8851 24.6756 24.6756 2 1 0
35.8852 24.6831 24.6831 2 1 0
35.8852 24.6907 24.6907 2 1 0
35.8853 24.6983 24.6983 2 1 0
35.8853 24.7058 24.7058 2 1 0
35.8853 24.7134 24.7134 2 1 0
35.8854 24.7209 24.7209 2 1 0
35.8854 24.7285 24.7285 2 1 0
35.8855 24.736 24.736 2 1 0
35.8855 24.7436 24.7436 2 1 0
35.8856 24.7512 24.7512 2 1 0
35.8856 24.7587 24.7587 2 1 0
35.8857 24.7663 24.7663 2 1 0
35.8857 24.7738 24.7738 2 1 0
35.8857 24.7814 24.7814 2 1 0
35.8858 24.789 24.789 2 1 0
35.8858 24.7965 24.7965 2 1 0
35.8859 24.8041 24.8041 2 1 0
35.8859 24.8116 24.8116 2 1 0
35.886 24.8192 24.8192 2 1 0
35.886 24.8268 24.8268 2 1 0
35.886 24.8343 24.8343 2 1 0
35.8861 24.8419 24.8419 2 1 0
35.8861 24.8494 24.8494 2 1 0
35.8862 24.857 24.857 2 1 0
35.8862 24.8646 24.8646 2 1 0
35.8863 24.8721 24.8721 2 1 0
35.8863 24.8797 24.8797 2 1 0
35.8863 24.8872 24.8872 2 1 0
35.8864 24.8948 24.8948 2 1 0
35.8864 24.9024 24.9024 2 1 0
35.8865 24.9099 24.9099 2 1 0
35.8865 24.9175 24.9175 2 1 0
35.8865 24.925 24.925 2 1 0
35.8866 24.9326 24.9326 2 1 0
35.8866 24.9401 24.9401 2 1 0
35.8867 24.9477 24.9477 2 1 0
35.8867 24.9553 24.9553 2 1 0
35.8867 24.9628 24.9628 2 1 0
35.8868 24.9704 24.9704 2 1 0
35.8868 24.9779 24.9779 2 1 0
35.8869 24.9855 24.9855 2 1 0
35.8869 24.9931 24.9931 2 1 0
35.887 25.0006 25.0006 2 1 0
35.887 25.0082 25.0082 2 1 0
35.887 25.0157 25.0157 2 1 0
35.8871 25.0233 25.0233 2 1 0
35.8871 25.0309 25.0309 2 1 0
35.8872 25.0384 25.0384 2 1 0
35.8872 25.046 25.046 2 1 0
35.8872 25.0535 25.0535 2 1 0
35.8873 25.0611 25.0611 2 1 0
35.8873 25.0687 25.0687 2 1 0
35.8874 25.0762 25.0762 2 1 0
35.8874 25.0838 25.0838 2 1 0
35.8874 25.0913 25.0913 2 1 0
35.8875 25.0989 25.0989 2 1 0
35.8875 25.1065 25.1065 2 1 0
35.8876 25.114 25.114 2 1 0
35.8876 25.1216 25.1216 2 1 0
35.8876 25.1291 25.1291 2 1 0
35.8877 25.1367 25.1367 2 1 0
35.8877 25.1442 25.1442 2 1 0
35.8877 25.1518 25.1518 2 1 0
35.8878 25.1594 25.1594 2 1 0
35.8878 25.1669 25.1669 2 1 0
35.8879 25.1745 25.1745 2 1 0
35.8879 25.182 25.182 2 1 0
35.8879 25.1896 25.1896 2 1 0
35.888 25.1972 25.1972 2 1 0
35.888 25.2047 25.2047 2 1 0
35.8881 25.2123 25.2123 2 1 0
35.8881 25.2198 25.2198 2 1 0
35.8881 25.2274 25.2274 2 1 0
35.8882 25.235 25.235 2 1 0
35.8882 25.2425 25.2425 2 1 0
35.8882 25.2501 25.2501 2 1 0
35.8883 25.2576 25.2576 2 1 0
35.8883 25.2652 25.2652 2 1 0
35.8884 25.2728 25.2728 2 1 0
35.8884 25.2803 25.2803 2 1 0
35.8884 25.2879 25.2879 2 1 0
35.8885 25.2954 25.2954 2 1 0
35.8885 25.303 25.303 2 1 0
35.8885 25.3106 25.3106 2 1 0
35.8886 25.3181 25.3181 2 1 0
35.8886 25.3257 25.3257 2 1 0
35.8887 25.3332 25.3332 2 1 0
35.8887 25.3408 25.3408 2 1 0
35.8887 25.3483 25.3483 2 1 0
35.8888 25.3559 25.3559 2 1 0
35.8888 25.3635 25.3635 2 1 0
35.8888 25.371 25.371 2 1 0
35.8889 25.3786 25.3786 2 1 0
35.8889 25.3861 25.3861 2 1 0
35.8889 25.3937 25.3937 2 1 0
35.889 25.4013 25.4013 2 1 0
35.889 25.4088 25.4088 2 1 0
35.889 25.4164 25.4164 2 1 0
35.8891 25.4239 25.4239 2 1 0
35.8891 25.4315 25.4315 2 1 0
35.8892 25.4391 25.4391 2 1 0
35.8892 25.4466 25.4466 2 1 0
35.8892 25.4542 25.4542 2 1 0
35.8893 25.4617 25.4617 2 1 0
35.8893 25.4693 25.4693 2 1 0
35.8893 25.4769 25.4769 2 1 0
35.8894 25.4844 25.4844 2 1 0
35.8894 25.492 25.492 2 1 0
35.8894 25.4995 25.4995 2 1 0
35.8895 25.5071 25.5071 2 1 0
35.8895 25.5147 25.5147 2 1 0
35.8895 25.5222 25.5222 2 1 0
35.8896 25.5298 25.5298 2 1 0
35.8896 25.5373 25.5373 2 1 0
35.8896 25.5449 25.5449 2 1 0
35.8897 25.5524 25.5524 2 1 0
35.8897 25.56 25.56 2 1 0
35.8897 25.5676 25.5676 2 1 0
35.8898 25.5751 25.5751 2 1 0
35.8898 25.5827 25.5827 2 1 0
35.8899 25.5902 25.5902 2 1 0
35.8899 25.5978 25.5978 2 1 0
35.8899 25.6054 25.6054 2 1 0
35.89 25.6129 25.6129 2 1 0
35.89 25.6205 25.6205 2 1 0
35.89 25.628 25.628 2 1 0
35.8901 25.6356 25.6356 2 1 0
35.8901 25.6432 25.6432 2 1 0
35.8901 25.6507 25.6507 2 1 0
35.8902 25.6583 25.6583 2 1 0
35.8902 25.6658 25.6658 2 1 0
35.8902 25.6734 25.6734 2 1 0
35.8903 25.681 25.681 2 1 0
35.8903 25.6885 25.6885 2 1 0
35.8903 25.6961 25.6961 2 1 0
35.8904 25.7036 25.7036 2 1 0
35.8904 25.7112 25.7112 2 1 0
35.8904 25.7188 25.7188 2 1 0
35.8905 25.7263 25.7263 2 1 0
35.8905 25.7339 25.7339 2 1 0
35.8905 25.7414 25.7414 2 1 0
35.8905 25.749 25.749 2 1 0
35.8906 25.7565 25.7565 2 1 0
35.8906 25.7641 25.7641 2 1 0
35.8906 25.7717 25.7717 2 1 0
35.8907 25.7792 25.7792 2 1 0
35.8907 25.7868 25.7868 2 1 0
35.8907 25.7943 25.7943 2 1 0
35.8908 25.8019 25.8019 2 1 0
35.8908 25.8095 25.8095 2 1 0
35.8908 25.817 25.817 2 1 0
35.8909 25.8246 25.8246 2 1 0
35.8909 25.8321 25.8321 2 1 0
35.8909 25.8397 25.8397 2 1 0
35.891 25.8473 25.8473 2 1 0
35.891 25.8548 25.8548 2 1 0
35.891 25.8624 25.8624 2 1 0
35.8911 25.8699 25.8699 2 1 0
35.8911 25.8775 25.8775 2 1 0
35.8911 25.8851 25.8851 2 1 0
35.8911 25.8926 25.8926 2 1 0
35.8912 25.9002 25.9002 2 1 0
35.8912 25.9077 25.9077 2 1 0
35.8912 25.9153 25.9153 2 1 0
35.8913 25.9229 25.9229 2 1 0
35.8913 25.9304 25.9304 2 1 0
35.8913 25.938 25.938 2 1 0
35.8914 25.9455 25.9455 2 1 0
35.8914 25.9531 25.9531 2 1 0
35.8914 25.9606 25.9606 2 1 0
35.8915 25.9682 25.9682 2 1 0
35.8915 25.9758 25.9758 2 1 0
35.8915 25.9833 25.9833 2 1 0
35.8915 25.9909 25.9909 2 1 0
35.8916 25.9984 25.9984 2 1 0
35.8916 26.006 26.006 2 1 0
35.8916 26.0136 26.0136 2 1 0
35.8917 26.0211 26.0211 2 1 0
35.8917 26.0287 26.0287 2 1 0
35.8917 26.0362 26.0362 2 1 0
35.8918 26.0438 26.0438 2 1 0
35.8918 26.0514 26.0514 2 1 0
35.8918 26.0589 26.0589 2 1 0
35.8918 26.0665 26.0665 2 1 0
35.8919 26.074 26.074 2 1 0
35.8919 26.0816 26.0816 2 1 0
35.8919 26.0892 26.0892 2 1 0
35.892 26.0967 26.0967 2 1 0
35.892 26.1043 26.1043 2 1 0
35.892 26.1118 26.1118 2 1 0
35.892 26.1194 26.1194 2 1 0
35.8921 26.127 26.127 2 1 0
35.8921 26.1345 26.1345 2 1 0
35.8921 26.1421 26.1421 2 1 0
35.8922 26.1496 26.1496 2 1 0
35.8922 26.1572 26.1572 2 1 0
35.8922 26.1648 26.1648 2 1 0
35.8923 26.1723 26.1723 2 1 0
35.8923 26.1799 26.1799 2 1 0
35.8923 26.1874 26.1874 2 1 0
35.8923 26.195 26.195 2 1 0
35.8924 26.2025 26.2025 2 1 0
35.8924 26.2101 26.2101 2 1 0
35.8924 26.2177 26.2177 2 1 0
35.8924 26.2252 26.2252 2 1 0
35.8925 26.2328 26.2328 2 1 0
35.8925 26.2403 26.2403 2 1 0
35.8925 26.2479 26.2479 2 1 0
35.8926 26.2555 26.2555 2 1 0
35.8926 26.263 26.263 2 1 0
35.8926 26.2706 26.2706 2 1 0
35.8926 26.2781 26.2781 2 1 0
35.8927 26.2857 26.2857 2 1 0
35.8927 26.2933 26.2933 2 1 0
35.8927 26.3008 26.3008 2 1 0
35.8928 26.3084 26.3084 2 1 0
35.8928 26.3159 26.3159 2 1 0
35.8928 26.3235 26.3235 2 1 0
35.8928 26.3311 26.3311 2 1 0
35.8929 26.3386 26.3386 2 1 0
35.8929 26.3462 26.3462 2 1 0
35.8929 26.3537 26.3537 2 1 0
35.8929 26.3613 26.3613 2 1 0
35.893 26.3689 26.3689 2 1 0
35.893 26.3764 26.3764 2 1 0
35.893 26.384 26.384 2 1 0
35.8931 26.3915 26.3915 2 1 0
35.8931 26.3991 26.3991 2 1 0
35.8931 26.4066 26.4066 2 1 0
35.8931 26.4142 26.4142 2 1 0
35.8932 26.4218 26.4218 2 1 0
35.8932 26.4293 26.4293 2 1 0
35.8932 26.4369 26.4369 2 1 0
35.8932 26.4444 26.4444 2 1 0
35.8933 26.452 26.452 2 1 0
35.8933 26.4596 26.4596 2 1 0
35.8933 26.4671 26.4671 2 1 0
35.8933 26.4747 26.4747 2 1 0
35.8934 26.4822 26.4822 2 1 0
35.8934 26.4898 26.4898 2 1 0
35.8934 26.4974 26.4974 2 1 0
35.8934 26.5049 26.5049 2 1 0
35.8935 26.5125 26.5125 2 1 0
35.8935 26.52 26.52 2 1 0
35.8935 26.5276 26.5276 2 1 0
35.8935 26.5352 26.5352 2 1 0
35.8936 26.5427 26.5427 2 1 0
35.8936 26.5503 26.5503 2 1 0
35.8936 26.5578 26.5578 2 1 0
35.8936 26.5654 26.5654 2 1 0
35.8937 26.573 26.573 2 1 0
35.8937 26.5805 26.5805 2 1 0
35.8937 26.5881 26.5881 2 1 0
35.8938 26.5956 26.5956 2 1 0
35.8938 26.6032 26.6032 2 1 0
35.8938 26.6107 26.6107 2 1 0
35.8938 26.6183 26.6183 2 1 0
35.8939 26.6259 26.6259 2 1 0
35.8939 26.6334 26.6334 2 1 0
35.8939 26.641 26.641 2 1 0
35.8939 26.6485 26.6485 2 1 0
35.8939 26.6561 26.6561 2 1 0
35.894 26.6637 26.6637 2 1 0
35.894 26.6712 26.6712 2 1 0
35.894 26.6788 26.6788 2 1 0
35.894 26.6863 26.6863 2 1 0
35.8941 26.6939 26.6939 2 1 0
35.8941 26.7015 26.7015 2 1 0
35.8941 26.709 26.709 2 1 0
35.8941 26.7166 26.7166 2 1 0
35.8942 26.7241 26.7241 2 1 0
35.8942 26.7317 26.7317 2 1 0
35.8942 26.7393 26.7393 2 1 0
35.8942 26.7468 26.7468 2 1 0
35.8943 26.7544 26.7544 2 1 0
35.8943 26.7619 26.7619 2 1 0
35.8943 26.7695 26.7695 2 1 0
35.8943 26.7771 26.7771 2 1 0
35.8944 26.7846 26.7846 2 1 0
35.8944 26.7922 26.7922 2 1 0
35.8944 26.7997 26.7997 2 1 0
35.8944 26.8073 26.8073 2 1 0
35.8945 26.8148 26.8148 2 1 0
35.8945 26.8224 26.8224 2 1 0
35.8945 26.83 26.83 2 1 0
35.8945 26.8375 26.8375 2 1 0
35.8945 26.8451 26.8451 2 1 0
35.8946 26.8526 26.8526 2 1 0
35.8946 26.8602 26.8602 2 1 0
35.8946 26.8678 26.8678 2 1 0
35.8946 26.8753 26.8753 2 1 0
35.8947 26.8829 26.8829 2 1 0
35.8947 26.8904 26.8904 2 1 0
35.8947 26.898 26.898 2 1 0
35.8947 26.9056 26.9056 2 1 0
35.8948 26.9131 26.9131 2 1 0
35.8948 26.9207 26.9207 2 1 0
35.8948 26.9282 26.9282 2 1 0
35.8948 26.9358 26.9358 2 1 0
35.8948 26.9434 26.9434 2 1 0
35.8949 26.9509 26.9509 2 1 0
35.8949 26.9585 26.9585 2 1 0
35.8949 26.966 26.966 2 1 0
35.8949 26.9736 26.9736 2 1 0
35.895 26.9812 26.9812 2 1 0
35.895 26.9887 26.9887 2 1 0
35.895 26.9963 26.9963 2 1 0
35.895 27.0038 27.0038 2 1 0
35.895 27.0114 27.0114 2 1 0
35.8951 27.0189 27.0189 2 1 0
35.8951 27.0265 27.0265 2 1 0
35.8951 27.0341 27.0341 2 1 0
35.8951 27.0416 27.0416 2 1 0
35.8952 27.0492 27.0492 2 1 0
35.8952 27.0567 27.0567 2 1 0
35.8952 27.0643 27.0643 2 1 0
35.8952 27.0719 27.0719 2 1 0
35.8952 27.0794 27.0794 2 1 0
35.8953 27.087 27.087 2 1 0
35.8953 27.0945 27.0945 2 1 0
35.8953 27.1021 27.1021 2 1 0
35.8953 27.1097 27.1097 2 1 0
35.8954 27.1172 27.1172 2 1 0
35.8954 27.1248 27.1248 2 1 0
35.8954 27.1323 27.1323 2 1 0
35.8954 27.1399 27.1399 2 1 0
35.8954 27.1475 27.1475 2 1 0
35.8955 27.155 27.155 2 1 0
35.8955 27.1626 27.1626 2 1 0
35.8955 27.1701 27.1701 2 1 0
35.8955 27.1777 27.1777 2 1 0
35.8955 27.1853 27.1853 2 1 0
35.8956 27.1928 27.1928 2 1 0
35.8956 27.2004 27.2004 2 1 0
35.8956 27.2079 27.2079 2 1 0
35.8956 27.2155 27.2155 2 1 0
35.8957 27.2231 27.2231 2 1 0
35.8957 27.2306 27.2306 2 1 0
35.8957 27.2382 27.2382 2 1 0
35.8957 27.2457 27.2457 2 1 0
35.8957 27.2533 27.2533 2 1 0
35.8958 27.2608 27.2608 2 1 0
35.8958 27.2684 27.2684 2 1 0
35.8958 27.276 27.276 2 1 0
35.8958 27.2835 27.2835 2 1 0
35.8958 27.2911 27.2911 2 1 0
35.8959 27.2986 27.2986 2 1 0
35.8959 27.3062 27.3062 2 1 0
35.8959 27.3138 27.3138 2 1 0
35.8959 27.3213 27.3213 2 1 0
35.8959 27.3289 27.3289 2 1 0
35.896 27.3364 27.3364 2 1 0
35.896 27.344 27.344 2 1 0
35.896 27.3516 27.3516 2 1 0
35.896 27.3591 27.3591 2 1 0
35.896 27.3667 27.3667 2 1 0
35.8961 27.3742 27.3742 2 1 0
35.8961 27.3818 27.3818 2 1 0
35.8961 27.3894 27.3894 2 1 0
35.8961 27.3969 27.3969 2 1 0
35.8961 27.4045 27.4045 2 1 0
35.8962 27.412 27.412 2 1 0
35.8962 27.4196 27.4196 2 1 0
35.8962 27.4272 27.4272 2 1 0
35.8962 27.4347 27.4347 2 1 0
35.8962 27.4423 27.4423 2 1 0
35.8963 27.4498 27.4498 2 1 0
35.8963 27.4574 27.4574 2 1 0
35.8963 27.4649 27.4649 2 1 0
35.8963 27.4725 27.4725 2 1 0
35.8963 27.4801 27.4801 2 1 0
35.8964 27.4876 27.4876 2 1 0
35.8964 27.4952 27.4952 2 1 0
35.8964 27.5027 27.5027 2 1 0
35.8964 27.5103 27.5103 2 1 0
35.8964 27.5179 27.5179 2 1 0
35.8964 27.5254 27.5254 2 1 0
35.8965 27.533 27.533 2 1 0
35.8965 27.5405 27.5405 2 1 0
35.8965 27.5481 27.5481 2 1 0
35.8965 27.5557 27.5557 2 1 0
35.8965 27.5632 27.5632 2 1 0
35.8966 27.5708 27.5708 2 1 0
35.8966 27.5783 27.5783 2 1 0
35.8966 27.5859 27.5859 2 1 0
35.8966 27.5935 27.5935 2 1 0
35.8966 27.601 27.601 2 1 0
35.8967 27.6086 27.6086 2 1 0
35.8967 27.6161 27.6161 2 1 0
35.8967 27.6237 27.6237 2 1 0
35.8967 27.6313 27.6313 2 1 0
35.8967 27.6388 27.6388 2 1 0
35.8967 27.6464 27.6464 2 1 0
35.8968 27.6539 27.6539 2 1 0
35.8968 27.6615 27.6615 2 1 0
35.8968 27.669 27.669 2 1 0
35.8968 27.6766 27.6766 2 1 0
35.8968 27.6842 27.6842 2 1 0
35.8969 27.6917 27.6917 2 1 0
35.8969 27.6993 27.6993 2 1 0
35.8969 27.7068 27.7068 2 1 0
35.8969 27.7144 27.7144 2 1 0
35.8969 27.722 27.722 2 1 0
35.8969 27.7295 27.7295 2 1 0
35.897 27.7371 27.7371 2 1 0
35.897 27.7446 27.7446 2 1 0
35.897 27.7522 27.7522 2 1 0
35.897 27.7598 27.7598 2 1 0
35.897 27.7673 27.7673 2 1 0
35.8971 27.7749 27.7749 2 1 0
35.8971 27.7824 27.7824 2 1 0
35.8971 27.79 27.79 2 1 0
35.8971 27.7976 27.7976 2 1 0
35.8971 27.8051 27.8051 2 1 0
35.8971 27.8127 27.8127 2 1 0
35.8972 27.8202 27.8202 2 1 0
35.8972 27.8278 27.8278 2 1 0
35.8972 27.8354 27.8354 2 1 0
35.8972 27.8429 27.8429 2 1 0
35.8972 27.8505 27.8505 2 1 0
35.8972 27.858 27.858 2 1 0
35.8973 27.8656 27.8656 2 1 0
35.8973 27.8731 27.8731 2 1 0
35.8973 27.8807 27.8807 2 1 0
35.8973 27.8883 27.8883 2 1 0
35.8973 27.8958 27.8958 2 1 0
35.8973 27.9034 27.9034 2 1 0
35.8974 27.9109 27.9109 2 1 0
35.8974 27.9185 27.9185 2 1 0
35.8974 27.9261 27.9261 2 1 0
35.8974 27.9336 27.9336 2 1 0
35.8974 27.9412 27.9412 2 1 0
35.8974 27.9487 27.9487 2 1 0
35.8975 27.9563 27.9563 2 1 0
35.8975 27.9639 27.9639 2 1 0
35.8975 27.9714 27.9714 2 1 0
35.8975 27.979 27.979 2 1 0
35.8975 27.9865 27.9865 2 1 0
35.8975 27.9941 27.9941 2 1 0
35.8976 28.0017 28.0017 2 1 0
35.8976 28.0092 28.0092 2 1 0
35.8976 28.0168 28.0168 2 1 0
35.8976 28.0243 28.0243 2 1 0
35.8976 28.0319 28.0319 2 1 0
35.8976 28.0395 28.0395 2 1 0
35.8977 28.047 28.047 2 1 0
35.8977 28.0546 28.0546 2 1 0
35.8977 28.0621 28.0621 2 1 0
35.8977 28.0697 28.0697 2 1 0
35.8977 28.0772 28.0772 2 1 0
35.8977 28.0848 28.0848 2 1 0
35.8978 28.0924 28.0924 2 1 0
35.8978 28.0999 28.0999 2 1 0
35.8978 28.1075 28.1075 2 1 0
35.8978 28.115 28.115 2 1 0
35.8978 28.1226 28.1226 2 1 0
35.8978 28.1302 28.1302 2 1 0
35.8979 28.1377 28.1377 2 1 0
35.8979 28.1453 28.1453 2 1 0
35.8979 28.1528 28.1528 2 1 0
35.8979 28.1604 28.1604 2 1 0
35.8979 28.168 28.168 2 1 0
35.8979 28.1755 28.1755 2 1 0
35.8979 28.1831 28.1831 2 1 0
35.898 28.1906 28.1906 2 1 0
35.898 28.1982 28.1982 2 1 0
35.898 28.2058 28.2058 2 1 0
35.898 28.2133 28.2133 2 1 0
35.898 28.2209 28.2209 2 1 0
35.898 28.2284 28.2284 2 1 0
35.8981 28.236 28.236 2 1 0
35.8981 28.2436 28.2436 2 1 0
35.8981 28.2511 28.2511 2 1 0
35.8981 28.2587 28.2587 2 1 0
35.8981 28.2662 28.2662 2 1 0
35.8981 28.2738 28.2738 2 1 0
35.8981 28.2814 28.2814 2 1 0
35.8982 28.2889 28.2889 2 1 0
35.8982 28.2965 28.2965 2 1 0
35.8982 28.304 28.304 2 1 0
35.8982 28.3116 28.3116 2 1 0
35.8982 28.3191 28.3191 2 1 0
35.8982 28.3267 28.3267 2 1 0
35.8983 28.3343 28.3343 2 1 0
35.8983 28.3418 28.3418 2 1 0
35.8983 28.3494 28.3494 2 1 0
35.8983 28.3569 28.3569 2 1 0
35.8983 28.3645 28.3645 2 1 0
35.8983 28.3721 28.3721 2 1 0
35.8983 28.3796 28.3796 2 1 0
35.8984 28.3872 28.3872 2 1 0
35.8984 28.3947 28.3947 2 1 0
35.8984 28.4023 28.4023 2 1 0
35.8984 28.4099 28.4099 2 1 0
35.8984 28.4174 28.4174 2 1 0
35.8984 28.425 28.425 2 1 0
35.8984 28.4325 28.4325 2 1 0
35.8985 28.4401 28.4401 2 1 0
35.8985 28.4477 28.4477 2 1 0
35.8985 28.4552 28.4552 2 1 0
35.8985 28.4628 28.4628 2 1 0
35.8985 28.4703 28.4703 2 1 0
35.8985 28.4779 28.4779 2 1 0
35.8985 28.4855 28.4855 2 1 0
35.8986 28.493 28.493 2 1 0
35.8986 28.5006 28.5006 2 1 0
35.8986 28.5081 28.5081 2 1 0
35.8986 28.5157 28.5157 2 1 0
35.8986 28.5232 28.5232 2 1 0
35.8986 28.5308 28.5308 2 1 0
35.8986 28.5384 28.5384 2 1 0
35.8987 28.5459 28.5459 2 1 0
35.8987 28.5535 28.5535 2 1 0
35.8987 28.561 28.561 2 1 0
35.8987 28.5686 28.5686 2 1 0
35.8987 28.5762 28.5762 2 1 0
35.8987 28.5837 28.5837 2 1 0
35.8987 28.5913 28.5913 2 1 0
35.8988 28.5988 28.5988 2 1 0
35.8988 28.6064 28.6064 2 1 0
35.8988 28.614 28.614 2 1 0
35.8988 28.6215 28.6215 2 1 0
35.8988 28.6291 28.6291 2 1 0
35.8988 28.6366 28.6366 2 1 0
35.8988 28.6442 28.6442 2 1 0
35.8988 28.6518 28.6518 2 1 0
35.8989 28.6593 28.6593 2 1 0
35.8989 28.6669 28.6669 2 1 0
35.8989 28.6744 28.6744 2 1 0
35.8989 28.682 28.682 2 1 0
35.8989 28.6896 28.6896 2 1 0
35.8989 28.6971 28.6971 2 1 0
35.8989 28.7047 28.7047 2 1 0
35.899 28.7122 28.7122 2 1 0
35.899 28.7198 28.7198 2 1 0
35.899 28.7273 28.7273 2 1 0
35.899 28.7349 28.7349 2 1 0
35.899 28.7425 28.7425 2 1 0
35.899 28.75 28.75 2 1 0
35.899 28.7576 28.7576 2 1 0
35.899 28.7651 28.7651 2 1 0
35.8991 28.7727 28.7727 2 1 0
35.8991 28.7803 28.7803 2 1 0
35.8991 28.7878 28.7878 2 1 0
35.8991 28.7954 28.7954 2 1 0
35.8991 28.8029 28.8029 2 1 0
35.8991 28.8105 28.8105 2 1 0
35.8991 28.8181 28.8181 2 1 0
35.8992 28.8256 28.8256 2 1 0
35.8992 28.8332 28.8332 2 1 0
35.8992 28.8407 28.8407 2 1 0
35.8992 28.8483 28.8483 2 1 0
35.8992 28.8559 28.8559 2 1 0
35.8992 28.8634 28.8634 2 1 0
35.8992 28.871 28.871 2 1 0
35.8992 28.8785 28.8785 2 1 0
35.8993 28.8861 28.8861 2 1 0
35.8993 28.8937 28.8937 2 1 0
35.8993 28.9012 28.9012 2 1 0
35.8993 28.9088 28.9088 2 1 0
35.8993 28.9163 28.9163 2 1 0
35.8993 28.9239 28.9239 2 1 0
35.8993 28.9314 28.9314 2 1 0
35.8993 28.939 28.939 2 1 0
35.8994 28.9466 28.9466 2 1 0
35.8994 28.9541 28.9541 2 1 0
35.8994 28.9617 28.9617 2 1 0
35.8994 28.9692 28.9692 2 1 0
35.8994 28.9768 28.9768 2 1 0
35.8994 28.9844 28.9844 2 1 0
35.8994 28.9919 28.9919 2 1 0
35.8994 28.9995 28.9995 2 1 0
35.8995 29.007 29.007 2 1 0
35.8995 29.0146 29.0146 2 1 0
35.8995 29.0222 29.0222 2 1 0
35.8995 29.0297 29.0297 2 1 0
35.8995 29.0373 29.0373 2 1 0
35.8995 29.0448 29.0448 2 1 0
35.8995 29.0524 29.0524 2 1 0
35.8995 29.06 29.06 2 1 0
35.8996 29.0675 29.0675 2 1 0
35.8996 29.0751 29.0751 2 1 0
35.8996 29.0826 29.0826 2 1 0
35.8996 29.0902 29.0902 2 1 0
35.8996 29.0978 29.0978 2 1 0
35.8996 29.1053 29.1053 2 1 0
35.8996 29.1129 29.1129 2 1 0
35.8996 29.1204 29.1204 2 1 0
35.8996 29.128 29.128 2 1 0
35.8997 29.1356 29.1356 2 1 0
35.8997 29.1431 29.1431 2 1 0
35.8997 29.1507 29.1507 2 1 0
35.8997 29.1582 29.1582 2 1 0
35.8997 29.1658 29.1658 2 1 0
35.8997 29.1733 29.1733 2 1 0
35.8997 29.1809 29.1809 2 1 0
35.8997 29.1885 29.1885 2 1 0
35.8998 29.196 29.196 2 1 0
35.8998 29.2036 29.2036 2 1 0
35.8998 29.2111 29.2111 2 1 0
35.8998 29.2187 29.2187 2 1 0
35.8998 29.2263 29.2263 2 1 0
35.8998 29.2338 29.2338 2 1 0
35.8998 29.2414 29.2414 2 1 0
35.8998 29.2489 29.2489 2 1 0
35.8998 29.2565 29.2565 2 1 0
35.8999 29.2641 29.2641 2 1 0
35.8999 29.2716 29.2716 2 1 0
35.8999 29.2792 29.2792 2 1 0
35.8999 29.2867 29.2867 2 1 0
35.8999 29.2943 29.2943 2 1 0
35.8999 29.3019 29.3019 2 1 0
35.8999 29.3094 29.3094 2 1 0
35.8999 29.317 29.317 2 1 0
35.8999 29.3245 29.3245 2 1 0
35.9 29.3321 29.3321 2 1 0
35.9 29.3397 29.3397 2 1 0
35.9 29.3472 29.3472 2 1 0
35.9 29.3548 29.3548 2 1 0
35.9 29.3623 29.3623 2 1 0
35.9 29.3699 29.3699 2 1 0
35.9 29.3774 29.3774 2 1 0
35.9 29.385 29.385 2 1 0
35.9 29.3926 29.3926 2 1 0
35.9001 29.4001 29.4001 2 1 0
35.9001 29.4077 29.4077 2 1 0
35.9001 29.4152 29.4152 2 1 0
35.9001 29.4228 29.4228 2 1 0
35.9001 29.4304 29.4304 2 1 0
35.9001 29.4379 29.4379 2 1 0
35.9001 29.4455 29.4455 2 1 0
35.9001 29.453 29.453 2 1 0
35.9001 29.4606 29.4606 2 1 0
35.9001 29.4682 29.4682 2 1 0
35.9002 29.4757 29.4757 2 1 0
35.9002 29.4833 29.4833 2 1 0
35.9002 29.4908 29.4908 2 1 0
35.9002 29.4984 29.4984 2 1 0
35.9002 29.506 29.506 2 1 0
35.9002 29.5135 29.5135 2 1 0
35.9002 29.5211 29.5211 2 1 0
35.9002 29.5286 29.5286 2 1 0
35.9002 29.5362 29.5362 2 1 0
35.9003 29.5438 29.5438 2 1 0
35.9003 29.5513 29.5513 2 1 0
35.9003 29.5589 29.5589 2 1 0
35.9003 29.5664 29.5664 2 1 0
35.9003 29.574 29.574 2 1 0
35.9003 29.5815 29.5815 2 1 0
35.9003 29.5891 29.5891 2 1 0
35.9003 29.5967 29.5967 2 1 0
35.9003 29.6042 29.6042 2 1 0
35.9003 29.6118 29.6118 2 1 0
35.9004 29.6193 29.6193 2 1 0
35.9004 29.6269 29.6269 2 1 0
35.9004 29.6345 29.6345 2 1 0
35.9004 29.642 29.642 2 1 0
35.9004 29.6496 29.6496 2 1 0
35.9004 29.6571 29.6571 2 1 0
35.9004 29.6647 29.6647 2 1 0
35.9004 29.6723 29.6723 2 1 0
35.9004 29.6798 29.6798 2 1 0
35.9004 29.6874 29.6874 2 1 0
35.9005 29.6949 29.6949 2 1 0
35.9005 29.7025 29.7025 2 1 0
35.9005 29.7101 29.7101 2 1 0
35.9005 29.7176 29.7176 2 1 0
35.9005 29.7252 29.7252 2 1 0
35.9005 29.7327 29.7327 2 1 0
35.9005 29.7403 29.7403 2 1 0
35.9005 29.7479 29.7479 2 1 0
35.9005 29.7554 29.7554 2 1 0
35.9005 29.763 29.763 2 1 0
35.9006 29.7705 29.7705 2 1 0
35.9006 29.7781 29.7781 2 1 0
35.9006 29.7856 29.7856 2 1 0
35.9006 29.7932 29.7932 2 1 0
35.9006 29.8008 29.8008 2 1 0
35.9006 29.8083 29.8083 2 1 0
35.9006 29.8159 29.8159 2 1 0
35.9006 29.8234 29.8234 2 1 0
35.9006 29.831 29.831 2 1 0
35.9006 29.8386 29.8386 2 1 0
35.9006 29.8461 29.8461 2 1 0
35.9007 29.8537 29.8537 2 1 0
35.9007 29.8612 29.8612 2 1 0
35.9007 29.8688 29.8688 2 1 0
35.9007 29.8764 29.8764 2 1 0
35.9007 29.8839 29.8839 2 1 0
35.9007 29.8915 29.8915 2 1 0
35.9007 29.899 29.899 2 1 0
35.9007 29.9066 29.9066 2 1 0
35.9007 29.9142 29.9142 2 1 0
35.9007 29.9217 29.9217 2 1 0
35.9008 29.9293 29.9293 2 1 0
35.9008 29.9368 29.9368 2 1 0
35.9008 29.9444 29.9444 2 1 0
35.9008 29.952 29.952 2 1 0
35.9008 29.9595 29.9595 2 1 0
35.9008 29.9671 29.9671 2 1 0
35.9008 29.9746 29.9746 2 1 0
35.9008 29.9822 29.9822 2 1 0
35.9008 29.9897 29.9897 2 1 0
35.9008 29.9973 29.9973 2 1 0
35.9008 30.0049 30.0049 2 1 0
35.9009 30.0124 30.0124 2 1 0
35.9009 30.02 30.02 2 1 0
35.9009 30.0275 30.0275 2 1 0
35.9009 30.0351 30.0351 2 1 0
35.9009 30.0427 30.0427 2 1 0
35.9009 30.0502 30.0502 2 1 0
35.9009 30.0578 30.0578 2 1 0
35.9009 30.0653 30.0653 2 1 0
35.9009 30.0729 30.0729 2 1 0
35.9009 30.0805 30.0805 2 1 0
35.9009 30.088 30.088 2 1 0
35.901 30.0956 30.0956 2 1 0
35.901 30.1031 30.1031 2 1 0
35.901 30.1107 30.1107 2 1 0
35.901 30.1183 30.1183 2 1 0
35.901 30.1258 30.1258 2 1 0
35.901 30.1334 30.1334 2 1 0
35.901 30.1409 30.1409 2 1 0
35.901 30.1485 30.1485 2 1 0
35.901 30.1561 30.1561 2 1 0
35.901 30.1636 30.1636 2 1 0
35.901 30.1712 30.1712 2 1 0
35.901 30.1787 30.1787 2 1 0
35.9011 30.1863 30.1863 2 1 0
35.9011 30.1939 30.1939 2 1 0
35.9011 30.2014 30.2014 2 1 0
35.9011 30.209 30.209 2 1 0
35.9011 30.2165 30.2165 2 1 0
35.9011 30.2241 30.2241 2 1 0
35.9011 30.2316 30.2316 2 1 0
35.9011 30.2392 30.2392 2 1 0
35.9011 30.2468 30.2468 2 1 0
35.9011 30.2543 30.2543 2 1 0
35.9011 30.2619 30.2619 2 1 0
35.9011 30.2694 30.2694 2 1 0
35.9012 30.277 30.277 2 1 0
35.9012 30.2846 30.2846 2 1 0
35.9012 30.2921 30.2921 2 1 0
35.9012 30.2997 30.2997 2 1 0
35.9012 30.3072 30.3072 2 1 0
35.9012 30.3148 30.3148 2 1 0
35.9012 30.3224 30.3224 2 1 0
35.9012 30.3299 30.3299 2 1 0
35.9012 30.3375 30.3375 2 1 0
35.9012 30.345 30.345 2 1 0
35.9012 30.3526 30.3526 2 1 0
35.9012 30.3602 30.3602 2 1 0
35.9013 30.3677 30.3677 2 1 0
35.9013 30.3753 30.3753 2 1 0
35.9013 30.3828 30.3828 2 1 0
35.9013 30.3904 30.3904 2 1 0
35.9013 30.398 30.398 2 1 0
35.9013 30.4055 30.4055 2 1 0
35.9013 30.4131 30.4131 2 1 0
35.9013 30.4206 30.4206 2 1 0
35.9013 30.4282 30.4282 2 1 0
35.9013 30.4357 30.4357 2 1 0
35.9013 30.4433 30.4433 2 1 0
35.9013 30.4509 30.4509 2 1 0
35.9014 30.4584 30.4584 2 1 0
35.9014 30.466 30.466 2 1 0
35.9014 30.4735 30.4735 2 1 0
35.9014 30.4811 30.4811 2 1 0
35.9014 30.4887 30.4887 2 1 0
35.9014 30.4962 30.4962 2 1 0
35.9014 30.5038 30.5038 2 1 0
35.9014 30.5113 30.5113 2 1 0
35.9014 30.5189 30.5189 2 1 0
35.9014 30.5265 30.5265 2 1 0
35.9014 30.534 30.534 2 1 0
35.9014 30.5416 30.5416 2 1 0
35.9014 30.5491 30.5491 2 1 0
35.9015 30.5567 30.5567 2 1 0
35.9015 30.5643 30.5643 2 1 0
35.9015 30.5718 30.5718 2 1 0
35.9015 30.5794 30.5794 2 1 0
35.9015 30.5869 30.5869 2 1 0
35.9015 30.5945 30.5945 2 1 0
35.9015 30.6021 30.6021 2 1 0
35.9015 30.6096 30.6096 2 1 0
35.9015 30.6172 30.6172 2 1 0
35.9015 30.6247 30.6247 2 1 0
35.9015 30.6323 30.6323 2 1 0
35.9015 30.6398 30.6398 2 1 0
35.9015 30.6474 30.6474 2 1 0
35.9015 30.655 30.655 2 1 0
35.9016 30.6625 30.6625 2 1 0
35.9016 30.6701 30.6701 2 1 0
35.9016 30.6776 30.6776 2 1 0
35.9016 30.6852 30.6852 2 1 0
35.9016 30.6928 30.6928 2 1 0
35.9016 30.7003 30.7003 2 1 0
35.9016 30.7079 30.7079 2 1 0
35.9016 30.7154 30.7154 2 1 0
35.9016 30.723 30.723 2 1 0
35.9016 30.7306 30.7306 2 1 0
35.9016 30.7381 30.7381 2 1 0
35.9016 30.7457 30.7457 2 1 0
35.9016 30.7532 30.7532 2 1 0
35.9017 30.7608 30.7608 2 1 0
35.9017 30.7684 30.7684 2 1 0
35.9017 30.7759 30.7759 2 1 0
35.9017 30.7835 30.7835 2 1 0
35.9017 30.791 30.791 2 1 0
35.9017 30.7986 30.7986 2 1 0
35.9017 30.8062 30.8062 2 1 0
35.9017 30.8137 30.8137 2 1 0
35.9017 30.8213 30.8213 2 1 0
35.9017 30.8288 30.8288 2 1 0
35.9017 30.8364 30.8364 2 1 0
35.9017 30.8439 30.8439 2 1 0
35.9017 30.8515 30.8515 2 1 0
35.9017 30.8591 30.8591 2 1 0
35.9018 30.8666 30.8666 2 1 0
35.9018 30.8742 30.8742 2 1 0
35.9018 30.8817 30.8817 2 1 0
35.9018 30.8893 30.8893 2 1 0
35.9018 30.8969 30.8969 2 1 0
35.9018 30.9044 30.9044 2 1 0
35.9018 30.912 30.912 2 1 0
35.9018 30.9195 30.9195 2 1 0
35.9018 30.9271 30.9271 2 1 0
35.9018 30.9347 30.9347 2 1 0
35.9018 30.9422 30.9422 2 1 0
35.9018 30.9498 30.9498 2 1 0
35.9018 30.9573 30.9573 2 1 0
35.9018 30.9649 30.9649 2 1 0
35.9018 30.9725 30.9725 2 1 0
35.9019 30.98 30.98 2 1 0
35.9019 30.9876 30.9876 2 1 0
35.9019 30.9951 30.9951 2 1 0
35.9019 31.0027 31.0027 2 1 0
35.9019 31.0103 31.0103 2 1 0
35.9019 31.0178 31.0178 2 1 0
35.9019 31.0254 31.0254 2 1 0
35.9019 31.0329 31.0329 2 1 0
35.9019 31.0405 31.0405 2 1 0
35.9019 31.0481 31.0481 2 1 0
35.9019 31.0556 31.0556 2 1 0
35.9019 31.0632 31.0632 2 1 0
35.9019 31.0707 31.0707 2 1 0
35.9019 31.0783 31.0783 2 1 0
35.9019 31.0858 31.0858 2 1 0
35.902 31.0934 31.0934 2 1 0
35.902 31.101 31.101 2 1 0
35.902 31.1085 31.1085 2 1 0
35.902 31.1161 31.1161 2 1 0
35.902 31.1236 31.1236 2 1 0
35.902 31.1312 31.1312 2 1 0
35.902 31.1388 31.1388 2 1 0
35.902 31.1463 31.1463 2 1 0
35.902 31.1539 31.1539 2 1 0
35.902 31.1614 31.1614 2 1 0
35.902 31.169 31.169 2 1 0
35.902 31.1766 31.1766 2 1 0
35.902 31.1841 31.1841 2 1 0
35.902 31.1917 31.1917 2 1 0
35.902 31.1992 31.1992 2 1 0
35.902 31.2068 31.2068 2 1 0
35.9021 31.2144 31.2144 2 1 0
35.9021 31.2219 31.2219 2 1 0
35.9021 31.2295 31.2295 2 1 0
35.9021 31.237 31.237 2 1 0
35.9021 31.2446 31.2446 2 1 0
35.9021 31.2522 31.2522 2 1 0
35.9021 31.2597 31.2597 2 1 0
35.9021 31.2673 31.2673 2 1 0
35.9021 31.2748 31.2748 2 1 0
35.9021 31.2824 31.2824 2 1 0
35.9021 31.2899 31.2899 2 1 0
35.9021 31.2975 31.2975 2 1 0
35.9021 31.3051 31.3051 2 1 0
35.9021 31.3126 31.3126 2 1 0
35.9021 31.3202 31.3202 2 1 0
35.9021 31.3277 31.3277 2 1 0
35.9022 31.3353 31.3353 2 1 0
35.9022 31.3429 31.3429 2 1 0
35.9022 31.3504 31.3504 2 1 0
35.9022 31.358 31.358 2 1 0
35.9022 31.3655 31.3655 2 1 0
35.9022 31.3731 31.3731 2 1 0
35.9022 31.3807 31.3807 2 1 0
35.9022 31.3882 31.3882 2 1 0
35.9022 31.3958 31.3958 2 1 0
35.9022 31.4033 31.4033 2 1 0
35.9022 31.4109 31.4109 2 1 0
35.9022 31.4185 31.4185 2 1 0
35.9022 31.426 31.426 2 1 0
35.9022 31.4336 31.4336 2 1 0
35.9022 31.4411 31.4411 2 1 0
35.9022 31.4487 31.4487 2 1 0
35.9023 31.4563 31.4563 2 1 0
35.9023 31.4638 31.4638 2 1 0
35.9023 31.4714 31.4714 2 1 0
35.9023 31.4789 31.4789 2 1 0
35.9023 31.4865 31.4865 2 1 0
35.9023 31.494 31.494 2 1 0
35.9023 31.5016 31.5016 2 1 0
35.9023 31.5092 31.5092 2 1 0
35.9023 31.5167 31.5167 2 1 0
35.9023 31.5243 31.5243 2 1 0
35.9023 31.5318 31.5318 2 1 0
35.9023 31.5394 31.5394 2 1 0
35.9023 31.547 31.547 2 1 0
35.9023 31.5545 31.5545 2 1 0
35.9023 31.5621 31.5621 2 1 0
35.9023 31.5696 31.5696 2 1 0
35.9023 31.5772 31.5772 2 1 0
35.9023 31.5848 31.5848 2 1 0
35.9024 31.5923 31.5923 2 1 0
35.9024 31.5999 31.5999 2 1 0
35.9024 31.6074 31.6074 2 1 0
35.9024 31.615 31.615 2 1 0
35.9024 31.6226 31.6226 2 1 0
35.9024 31.6301 31.6301 2 1 0
35.9024 31.6377 31.6377 2 1 0
35.9024 31.6452 31.6452 2 1 0
35.9024 31.6528 31.6528 2 1 0
35.9024 31.6604 31.6604 2 1 0
35.9024 31.6679 31.6679 2 1 0
35.9024 31.6755 31.6755 2 1 0
35.9024 31.683 31.683 2 1 0
35.9024 31.6906 31.6906 2 1 0
35.9024 31.6981 31.6981 2 1 0
35.9024 31.7057 31.7057 2 1 0
35.9024 31.7133 31.7133 2 1 0
35.9024 31.7208 31.7208 2 1 0
35.9025 31.7284 31.7284 2 1 0
35.9025 31.7359 31.7359 2 1 0
35.9025 31.7435 31.7435 2 1 0
35.9025 31.7511 31.7511 2 1 0
35.9025 31.7586 31.7586 2 1 0
35.9025 31.7662 31.7662 2 1 0
35.9025 31.7737 31.7737 2 1 0
35.9025 31.7813 31.7813 2 1 0
35.9025 31.7889 31.7889 2 1 0
35.9025 31.7964 31.7964 2 1 0
35.9025 31.804 31.804 2 1 0
35.9025 31.8115 31.8115 2 1 0
35.9025 31.8191 31.8191 2 1 0
35.9025 31.8267 31.8267 2 1 0
35.9025 31.8342 31.8342 2 1 0
35.9025 31.8418 31.8418 2 1 0
35.9025 31.8493 31.8493 2 1 0
35.9025 31.8569 31.8569 2 1 0
35.9025 31.8645 31.8645 2 1 0
35.9026 31.872 31.872 2 1 0
35.9026 31.8796 31.8796 2 1 0
35.9026 31.8871 31.8871 2 1 0
35.9026 31.8947 31.8947 2 1 0
35.9026 31.9023 31.9023 2 1 0
35.9026 31.9098 31.9098 2 1 0
35.9026 31.9174 31.9174 2 1 0
35.9026 31.9249 31.9249 2 1 0
35.9026 31.9325 31.9325 2 1 0
35.9026 31.94 31.94 2 1 0
35.9026 31.9476 31.9476 2 1 0
35.9026 31.9552 31.9552 2 1 0
35.9026 31.9627 31.9627 2 1 0
35.9026 31.9703 31.9703 2 1 0
35.9026 31.9778 31.9778 2 1 0
35.9026 31.9854 31.9854 2 1 0
35.9026 31.993 31.993 2 1 0
35.9026 32.0005 32.0005 2 1 0
35.9026 32.0081 32.0081 2 1 0
35.9026 32.0156 32.0156 2 1 0
35.9027 32.0232 32.0232 2 1 0
35.9027 32.0308 32.0308 2 1 0
35.9027 32.0383 32.0383 2 1 0
35.9027 32.0459 32.0459 2 1 0
35.9027 32.0534 32.0534 2 1 0
35.9027 32.061 32.061 2 1 0
35.9027 32.0686 32.0686 2 1 0
35.9027 32.0761 32.0761 2 1 0
35.9027 32.0837 32.0837 2 1 0
35.9027 32.0912 32.0912 2 1 0
35.9027 32.0988 32.0988 2 1 0
35.9027 32.1064 32.1064 2 1 0
35.9027 32.1139 32.1139 2 1 0
35.9027 32.1215 32.1215 2 1 0
35.9027 32.129 32.129 2 1 0
35.9027 32.1366 32.1366 2 1 0
35.9027 32.1441 32.1441 2 1 0
35.9027 32.1517 32.1517 2 1 0
35.9027 32.1593 32.1593 2 1 0
35.9027 32.1668 32.1668 2 1 0
35.9027 32.1744 32.1744 2 1 0
35.9028 32.1819 32.1819 2 1 0
35.9028 32.1895 32.1895 2 1 0
35.9028 32.1971 32.1971 2 1 0
35.9028 32.2046 32.2046 2 1 0
35.9028 32.2122 32.2122 2 1 0
35.9028 32.2197 32.2197 2 1 0
35.9028 32.2273 32.2273 2 1 0
35.9028 32.2349 32.2349 2 1 0
35.9028 32.2424 32.2424 2 1 0
35.9028 32.25 32.25 2 1 0
35.9028 32.2575 32.2575 2 1 0
35.9028 32.2651 32.2651 2 1 0
35.9028 32.2727 32.2727 2 1 0
35.9028 32.2802 32.2802 2 1 0
35.9028 32.2878 32.2878 2 1 0
35.9028 32.2953 32.2953 2 1 0
35.9028 32.3029 32.3029 2 1 0
35.9028 32.3105 32.3105 2 1 0
35.9028 32.318 32.318 2 1 0
35.9028 32.3256 32.3256 2 1 0
35.9028 32.3331 32.3331 2 1 0
35.9029 32.3407 32.3407 2 1 0
35.9029 32.3482 32.3482 2 1 0
35.9029 32.3558 32.3558 2 1 0
35.9029 32.3634 32.3634 2 1 0
35.9029 32.3709 32.3709 2 1 0
35.9029 32.3785 32.3785 2 1 0
35.9029 32.386 32.386 2 1 0
35.9029 32.3936 32.3936 2 1 0
35.9029 32.4012 32.4012 2 1 0
35.9029 32.4087 32.4087 2 1 0
35.9029 32.4163 32.4163 2 1 0
35.9029 32.4238 32.4238 2 1 0
35.9029 32.4314 32.4314 2 1 0
35.9029 32.439 32.439 2 1 0
35.9029 32.4465 32.4465 2 1 0
35.9029 32.4541 32.4541 2 1 0
35.9029 32.4616 32.4616 2 1 0
35.9029 32.4692 32.4692 2 1 0
35.9029 32.4768 32.4768 2 1 0
35.9029 32.4843 32.4843 2 1 0
35.9029 32.4919 32.4919 2 1 0
35.9029 32.4994 32.4994 2 1 0
35.9029 32.507 32.507 2 1 0
35.903 32.5146 32.5146 2 1 0
35.903 32.5221 32.5221 2 1 0
35.903 32.5297 32.5297 2 1 0
35.903 32.5372 32.5372 2 1 0
35.903 32.5448 32.5448 2 1 0
35.903 32.5523 32.5523 2 1 0
35.903 32.5599 32.5599 2 1 0
35.903 32.5675 32.5675 2 1 0
35.903 32.575 32.575 2 1 0
35.903 32.5826 32.5826 2 1 0
35.903 32.5901 32.5901 2 1 0
35.903 32.5977 32.5977 2 1 0
35.903 32.6053 32.6053 2 1 0
35.903 32.6128 32.6128 2 1 0
35.903 32.6204 32.6204 2 1 0
35.903 32.6279 32.6279 2 1 0
35.903 32.6355 32.6355 2 1 0
35.903 32.6431 32.6431 2 1 0
35.903 32.6506 32.6506 2 1 0
35.903 32.6582 32.6582 2 1 0
35.903 32.6657 32.6657 2 1 0
35.903 32.6733 32.6733 2 1 0
35.903 32.6809 32.6809 2 1 0
35.903 32.6884 32.6884 2 1 0
35.9031 32.696 32.696 2 1 0
35.9031 32.7035 32.7035 2 1 0
35.9031 32.7111 32.7111 2 1 0
35.9031 32.7187 32.7187 2 1 0
35.9031 32.7262 32.7262 2 1 0
35.9031 32.7338 32.7338 2 1 0
35.9031 32.7413 32.7413 2 1 0
35.9031 32.7489 32.7489 2 1 0
35.9031 32.7564 32.7564 2 1 0
35.9031 32.764 32.764 2 1 0
35.9031 32.7716 32.7716 2 1 0
35.9031 32.7791 32.7791 2 1 0
35.9031 32.7867 32.7867 2 1 0
35.9031 32.7942 32.7942 2 1 0
35.9031 32.8018 32.8018 2 1 0
35.9031 32.8094 32.8094 2 1 0
35.9031 32.8169 32.8169 2 1 0
35.9031 32.8245 32.8245 2 1 0
35.9031 32.832 32.832 2 1 0
35.9031 32.8396 32.8396 2 1 0
35.9031 32.8472 32.8472 2 1 0
35.9031 32.8547 32.8547 2 1 0
35.9031 32.8623 32.8623 2 1 0
35.9031 32.8698 32.8698 2 1 0
35.9031 32.8774 32.8774 2 1 0
35.9031 32.885 32.885 2 1 0
35.9032 32.8925 32.8925 2 1 0
35.9032 32.9001 32.9001 2 1 0
35.9032 32.9076 32.9076 2 1 0
35.9032 32.9152 32.9152 2 1 0
35.9032 32.9228 32.9228 2 1 0
35.9032 32.9303 32.9303 2 1 0
35.9032 32.9379 32.9379 2 1 0
35.9032 32.9454 32.9454 2 1 0
35.9032 32.953 32.953 2 1 0
35.9032 32.9606 32.9606 2 1 0
35.9032 32.9681 32.9681 2 1 0
35.9032 32.9757 32.9757 2 1 0
35.9032 32.9832 32.9832 2 1 0
35.9032 32.9908 32.9908 2 1 0
35.9032 32.9983 32.9983 2 1 0
35.9032 33.0059 33.0059 2 1 0
35.9032 33.0135 33.0135 2 1 0
35.9032 33.021 33.021 2 1 0
35.9032 33.0286 33.0286 2 1 0
35.9032 33.0361 33.0361 2 1 0
35.9032 33.0437 33.0437 2 1 0
35.9032 33.0513 33.0513 2 1 0
35.9032 33.0588 33.0588 2 1 0
35.9032 33.0664 33.0664 2 1 0
35.9032 33.0739 33.0739 2 1 0
35.9032 33.0815 33.0815 2 1 0
35.9032 33.0891 33.0891 2 1 0
35.9033 33.0966 33.0966 2 1 0
35.9033 33.1042 33.1042 2 1 0
35.9033 33.1117 33.1117 2 1 0
35.9033 33.1193 33.1193 2 1 0
35.9033 33.1269 33.1269 2 1 0
35.9033 33.1344 33.1344 2 1 0
35.9033 33.142 33.142 2 1 0
35.9033 33.1495 33.1495 2 1 0
35.9033 33.1571 33.1571 2 1 0
35.9033 33.1647 33.1647 2 1 0
35.9033 33.1722 33.1722 2 1 0
35.9033 33.1798 33.1798 2 1 0
35.9033 33.1873 33.1873 2 1 0
35.9033 33.1949 33.1949 2 1 0
35.9033 33.2024 33.2024 2 1 0
35.9033 33.21 33.21 2 1 0
35.9033 33.2176 33.2176 2 1 0
35.9033 33.2251 33.2251 2 1 0
35.9033 33.2327 33.2327 2 1 0
35.9033 33.2402 33.2402 2 1 0
35.9033 33.2478 33.2478 2 1 0
35.9033 33.2554 33.2554 2 1 0
35.9033 33.2629 33.2629 2 1 0
35.9033 33.2705 33.2705 2 1 0
35.9033 33.278 33.278 2 1 0
35.9033 33.2856 33.2856 2 1 0
35.9033 33.2932 33.2932 2 1 0
35.9033 33.3007 33.3007 2 1 0
35.9033 33.3083 33.3083 2 1 0
35.9034 33.3158 33.3158 2 1 0
35.9034 33.3234 33.3234 2 1 0
35.9034 33.331 33.331 2 1 0
35.9034 33.3385 33.3385 2 1 0
35.9034 33.3461 33.3461 2 1 0
35.9034 33.3536 33.3536 2 1 0
35.9034 33.3612 33.3612 2 1 0
35.9034 33.3688 33.3688 2 1 0
35.9034 33.3763 33.3763 2 1 0
35.9034 33.3839 33.3839 2 1 0
35.9034 33.3914 33.3914 2 1 0
35.9034 33.399 33.399 2 1 0
35.9034 33.4065 33.4065 2 1 0
35.9034 33.4141 33.4141 2 1 0
35.9034 33.4217 33.4217 2 1 0
35.9034 33.4292 33.4292 2 1 0
35.9034 33.4368 33.4368 2 1 0
35.9034 33.4443 33.4443 2 1 0
35.9034 33.4519 33.4519 2 1 0
35.9034 33.4595 33.4595 2 1 0
35.9034 33.467 33.467 2 1 0
35.9034 33.4746 33.4746 2 1 0
35.9034 33.4821 33.4821 2 1 0
35.9034 33.4897 33.4897 2 1 0
35.9034 33.4973 33.4973 2 1 0
35.9034 33.5048 33.5048 2 1 0
35.9034 33.5124 33.5124 2 1 0
35.9034 33.5199 33.5199 2 1 0
35.9034 33.5275 33.5275 2 1 0
35.9034 33.5351 33.5351 2 1 0
35.9034 33.5426 33.5426 2 1 0
35.9035 33.5502 33.5502 2 1 0
35.9035 33.5577 33.5577 2 1 0
35.9035 33.5653 33.5653 2 1 0
35.9035 33.5729 33.5729 2 1 0
35.9035 33.5804 33.5804 2 1 0
35.9035 33.588 33.588 2 1 0
35.9035 33.5955 33.5955 2 1 0
35.9035 33.6031 33.6031 2 1 0
35.9035 33.6106 33.6106 2 1 0
35.9035 33.6182 33.6182 2 1 0
35.9035 33.6258 33.6258 2 1 0
35.9035 33.6333 33.6333 2 1 0
35.9035 33.6409 33.6409 2 1 0
35.9035 33.6484 33.6484 2 1 0
35.9035 33.656 33.656 2 1 0
35.9035 33.6636 33.6636 2 1 0
35.9035 33.6711 33.6711 2 1 0
35.9035 33.6787 33.6787 2 1 0
35.9035 33.6862 33.6862 2 1 0
35.9035 33.6938 33.6938 2 1 0
35.9035 33.7014 33.7014 2 1 0
35.9035 33.7089 33.7089 2 1 0
35.9035 33.7165 33.7165 2 1 0
35.9035 33.724 33.724 2 1 0
35.9035 33.7316 33.7316 2 1 0
35.9035 33.7392 33.7392 2 1 0
35.9035 33.7467 33.7467 2 1 0
35.9035 33.7543 33.7543 2 1 0
35.9035 33.7618 33.7618 2 1 0
35.9035 33.7694 33.7694 2 1 0
35.9035 33.777 33.777 2 1 0
35.9035 33.7845 33.7845 2 1 0
35.9035 33.7921 33.7921 2 1 0
35.9036 33.7996 33.7996 2 1 0
35.9036 33.8072 33.8072 2 1 0
35.9036 33.8148 33.8148 2 1 0
35.9036 33.8223 33.8223 2 1 0
35.9036 33.8299 33.8299 2 1 0
35.9036 33.8374 33.8374 2 1 0
35.9036 33.845 33.845 2 1 0
35.9036 33.8525 33.8525 2 1 0
35.9036 33.8601 33.8601 2 1 0
35.9036 33.8677 33.8677 2 1 0
35.9036 33.8752 33.8752 2 1 0
35.9036 33.8828 33.8828 2 1 0
35.9036 33.8903 33.8903 2 1 0
35.9036 33.8979 33.8979 2 1 0
35.9036 33.9055 33.9055 2 1 0
35.9036 33.913 33.913 2 1 0
35.9036 33.9206 33.9206 2 1 0
35.9036 33.9281 33.9281 2 1 0
35.9036 33.9357 33.9357 2 1 0
35.9036 33.9433 33.9433 2 1 0
35.9036 33.9508 33.9508 2 1 0
35.9036 33.9584 33.9584 2 1 0
35.9036 33.9659 33.9659 2 1 0
35.9036 33.9735 33.9735 2 1 0
35.9036 33.9811 33.9811 2 1 0
35.9036 33.9886 33.9886 2 1 0
35.9036 33.9962 33.9962 2 1 0
35.9036 34.0037 34.0037 2 1 0
35.9036 34.0113 34.0113 2 1 0
35.9036 34.0189 34.0189 2 1 0
35.9036 34.0264 34.0264 2 1 0
35.9036 34.034 34.034 2 1 0
35.9036 34.0415 34.0415 2 1 0
35.9036 34.0491 34.0491 2 1 0
35.9036 34.0566 34.0566 2 1 0
35.9036 34.0642 34.0642 2 1 0
35.9037 34.0718 34.0718 2 1 0
35.9037 34.0793 34.0793 2 1 0
35.9037 34.0869 34.0869 2 1 0
35.9037 34.0944 34.0944 2 1 0
35.9037 34.102 34.102 2 1 0
35.9037 34.1096 34.1096 2 1 0
35.9037 34.1171 34.1171 2 1 0
35.9037 34.1247 34.1247 2 1 0
35.9037 34.1322 34.1322 2 1 0
35.9037 34.1398 34.1398 2 1 0
35.9037 34.1474 34.1474 2 1 0
35.9037 34.1549 34.1549 2 1 0
35.9037 34.1625 34.1625 2 1 0
35.9037 34.17 34.17 2 1 0
35.9037 34.1776 34.1776 2 1 0
35.9037 34.1852 34.1852 2 1 0
35.9037 34.1927 34.1927 2 1 0
35.9037 34.2003 34.2003 2 1 0
35.9037 34.2078 34.2078 2 1 0
35.9037 34.2154 34.2154 2 1 0
35.9037 34.223 34.223 2 1 0
35.9037 34.2305 34.2305 2 1 0
35.9037 34.2381 34.2381 2 1 0
35.9037 34.2456 34.2456 2 1 0
35.9037 34.2532 34.2532 2 1 0
35.9037 34.2607 34.2607 2 1 0
35.9037 34.2683 34.2683 2 1 0
35.9037 34.2759 34.2759 2 1 0
35.9037 34.2834 34.2834 2 1 0
35.9037 34.291 34.291 2 1 0
35.9037 34.2985 34.2985 2 1 0
35.9037 34.3061 34.3061 2 1 0
35.9037 34.3137 34.3137 2 1 0
35.9037 34.3212 34.3212 2 1 0
35.9037 34.3288 34.3288 2 1 0
35.9037 34.3363 34.3363 2 1 0
35.9037 34.3439 34.3439 2 1 0
35.9037 34.3515 34.3515 2 1 0
35.9037 34.359 34.359 2 1 0
35.9038 34.3666 34.3666 2 1 0
35.9038 34.3741 34.3741 2 1 0
35.9038 34.3817 34.3817 2 1 0
35.9038 34.3893 34.3893 2 1 0
35.9038 34.3968 34.3968 2 1 0
35.9038 34.4044 34.4044 2 1 0
35.9038 34.4119 34.4119 2 1 0
35.9038 34.4195 34.4195 2 1 0
35.9038 34.4271 34.4271 2 1 0
35.9038 34.4346 34.4346 2 1 0
35.9038 34.4422 34.4422 2 1 0
35.9038 34.4497 34.4497 2 1 0
35.9038 34.4573 34.4573 2 1 0
35.9038 34.4648 34.4648 2 1 0
35.9038 34.4724 34.4724 2 1 0
35.9038 34.48 34.48 2 1 0
35.9038 34.4875 34.4875 2 1 0
35.9038 34.4951 34.4951 2 1 0
35.9038 34.5026 34.5026 2 1 0
35.9038 34.5102 34.5102 2 1 0
35.9038 34.5178 34.5178 2 1 0
35.9038 34.5253 34.5253 2 1 0
35.9038 34.5329 34.5329 2 1 0
35.9038 34.5404 34.5404 2 1 0
35.9038 34.548 34.548 2 1 0
35.9038 34.5556 34.5556 2 1 0
35.9038 34.5631 34.5631 2 1 0
35.9038 34.5707 34.5707 2 1 0
35.9038 34.5782 34.5782 2 1 0
35.9038 34.5858 34.5858 2 1 0
35.9038 34.5934 34.5934 2 1 0
35.9038 34.6009 34.6009 2 1 0
35.9038 34.6085 34.6085 2 1 0
35.9038 34.616 34.616 2 1 0
35.9038 34.6236 34.6236 2 1 0
35.9038 34.6312 34.6312 2 1 0
35.9038 34.6387 34.6387 2 1 0
35.9038 34.6463 34.6463 2 1 0
35.9038 34.6538 34.6538 2 1 0
35.9038 34.6614 34.6614 2 1 0
35.9038 34.669 34.669 2 1 0
35.9038 34.6765 34.6765 2 1 0
35.9038 34.6841 34.6841 2 1 0
35.9039 34.6916 34.6916 2 1 0
35.9039 34.6992 34.6992 2 1 0
35.9039 34.7067 34.7067 2 1 0
35.9039 34.7143 34.7143 2 1 0
35.9039 34.7219 34.7219 2 1 0
35.9039 34.7294 34.7294 2 1 0
35.9039 34.737 34.737 2 1 0
35.9039 34.7445 34.7445 2 1 0
35.9039 34.7521 34.7521 2 1 0
35.9039 34.7597 34.7597 2 1 0
35.9039 34.7672 34.7672 2 1 0
35.9039 34.7748 34.7748 2 1 0
35.9039 34.7823 34.7823 2 1 0
35.9039 34.7899 34.7899 2 1 0
35.9039 34.7975 34.7975 2 1 0
35.9039 34.805 34.805 2 1 0
35.9039 34.8126 34.8126 2 1 0
35.9039 34.8201 34.8201 2 1 0
35.9039 34.8277 34.8277 2 1 0
35.9039 34.8353 34.8353 2 1 0
35.9039 34.8428 34.8428 2 1 0
35.9039 34.8504 34.8504 2 1 0
35.9039 34.8579 34.8579 2 1 0
35.9039 34.8655 34.8655 2 1 0
35.9039 34.8731 34.8731 2 1 0
35.9039 34.8806 34.8806 2 1 0
35.9039 34.8882 34.8882 2 1 0
35.9039 34.8957 34.8957 2 1 0
35.9039 34.9033 34.9033 2 1 0
35.9039 34.9108 34.9108 2 1 0
35.9039 34.9184 34.9184 2 1 0
35.9039 34.926 34.926 2 1 0
35.9039 34.9335 34.9335 2 1 0
35.9039 34.9411 34.9411 2 1 0
35.9039 34.9486 34.9486 2 1 0
35.9039 34.9562 34.9562 2 1 0
35.9039 34.9638 34.9638 2 1 0
35.9039 34.9713 34.9713 2 1 0
35.9039 34.9789 34.9789 2 1 0
35.9039 34.9864 34.9864 2 1 0
35.9039 34.994 34.994 2 1 0
35.9039 35.0016 35.0016 2 1 0
35.9039 35.0091 35.0091 2 1 0
35.9039 35.0167 35.0167 2 1 0
35.9039 35.0242 35.0242 2 1 0
35.9039 35.0318 35.0318 2 1 0
35.9039 35.0394 35.0394 2 1 0
35.9039 35.0469 35.0469 2 1 0
35.904 35.0545 35.0545 2 1 0
35.904 35.062 35.062 2 1 0
35.904 35.0696 35.0696 2 1 0
35.904 35.0772 35.0772 2 1 0
35.904 35.0847 35.0847 2 1 0
35.904 35.0923 35.0923 2 1 0
35.904 35.0998 35.0998 2 1 0
35.904 35.1074 35.1074 2 1 0
35.904 35.1149 35.1149 2 1 0
35.904 35.1225 35.1225 2 1 0
35.904 35.1301 35.1301 2 1 0
35.904 35.1376 35.1376 2 1 0
35.904 35.1452 35.1452 2 1 0
35.904 35.1527 35.1527 2 1 0
35.904 35.1603 35.1603 2 1 0
35.904 35.1679 35.1679 2 1 0
35.904 35.1754 35.1754 2 1 0
35.904 35.183 35.183 2 1 0
35.904 35.1905 35.1905 2 1 0
35.904 35.1981 35.1981 2 1 0
35.904 35.2057 35.2057 2 1 0
35.904 35.2132 35.2132 2 1 0
35.904 35.2208 35.2208 2 1 0
35.904 35.2283 35.2283 2 1 0
35.904 35.2359 35.2359 2 1 0
35.904 35.2435 35.2435 2 1 0
35.904 35.251 35.251 2 1 0
35.904 35.2586 35.2586 2 1 0
35.904 35.2661 35.2661 2 1 0
35.904 35.2737 35.2737 2 1 0
35.904 35.2813 35.2813 2 1 0
35.904 35.2888 35.2888 2 1 0
35.904 35.2964 35.2964 2 1 0
35.904 35.3039 35.3039 2 1 0
35.904 35.3115 35.3115 2 1 0
35.904 35.319 35.319 2 1 0
35.904 35.3266 35.3266 2 1 0
35.904 35.3342 35.3342 2 1 0
35.904 35.3417 35.3417 2 1 0
35.904 35.3493 35.3493 2 1 0
35.904 35.3568 35.3568 2 1 0
35.904 35.3644 35.3644 2 1 0
35.904 35.372 35.372 2 1 0
35.904 35.3795 35.3795 2 1 0
35.904 35.3871 35.3871 2 1 0
35.904 35.3946 35.3946 2 1 0
35.904 35.4022 35.4022 2 1 0
35.904 35.4098 35.4098 2 1 0
35.904 35.4173 35.4173 2 1 0
35.904 35.4249 35.4249 2 1 0
35.904 35.4324 35.4324 2 1 0
35.904 35.44 35.44 2 1 0
35.904 35.4476 35.4476 2 1 0
35.9041 35.4551 35.4551 2 1 0
35.9041 35.4627 35.4627 2 1 0
35.9041 35.4702 35.4702 2 1 0
35.9041 35.4778 35.4778 2 1 0
35.9041 35.4854 35.4854 2 1 0
35.9041 35.4929 35.4929 2 1 0
35.9041 35.5005 35.5005 2 1 0
35.9041 35.508 35.508 2 1 0
35.9041 35.5156 35.5156 2 1 0
35.9041 35.5232 35.5232 2 1 0
35.9041 35.5307 35.5307 2 1 0
35.9041 35.5383 35.5383 2 1 0
35.9041 35.5458 35.5458 2 1 0
35.9041 35.5534 35.5534 2 1 0
35.9041 35.5609 35.5609 2 1 0
35.9041 35.5685 35.5685 2 1 0
35.9041 35.5761 35.5761 2 1 0
35.9041 35.5836 35.5836 2 1 0
35.9041 35.5912 35.5912 2 1 0
35.9041 35.5987 35.5987 2 1 0
35.9041 35.6063 35.6063 2 1 0
35.9041 35.6139 35.6139 2 1 0
35.9041 35.6214 35.6214 2 1 0
35.9041 35.629 35.629 2 1 0
35.9041 35.6365 35.6365 2 1 0
35.9041 35.6441 35.6441 2 1 0
35.9041 35.6517 35.6517 2 1 0
35.9041 35.6592 35.6592 2 1 0
35.9041 35.6668 35.6668 2 1 0
35.9041 35.6743 35.6743 2 1 0
35.9041 35.6819 35.6819 2 1 0
35.9041 35.6895 35.6895 2 1 0
35.9041 35.697 35.697 2 1 0
35.9041 35.7046 35.7046 2 1 0
35.9041 35.7121 35.7121 2 1 0
35.9041 35.7197 35.7197 2 1 0
35.9041 35.7273 35.7273 2 1 0
35.9041 35.7348 35.7348 2 1 0
35.9041 35.7424 35.7424 2 1 0
35.9041 35.7499 35.7499 2 1 0
35.9041 35.7575 35.7575 2 1 0
35.9041 35.765 35.765 2 1 0
35.9041 35.7726 35.7726 2 1 0
35.9041 35.7802 35.7802 2 1 0
35.9041 35.7877 35.7877 2 1 0
35.9041 35.7953 35.7953 2 1 0
35.9041 35.8028 35.8028 2 1 0
35.9041 35.8104 35.8104 2 1 0
35.9041 35.818 35.818 2 1 0
35.9041 35.8255 35.8255 2 1 0
35.9041 35.8331 35.8331 2 1 0
35.9041 35.8406 35.8406 2 1 0
35.9041 35.8482 35.8482 2 1 0
35.9041 35.8558 35.8558 2 1 0
35.9041 35.8633 35.8633 2 1 0
35.9041 35.8709 35.8709 2 1 0
35.9041 35.8784 35.8784 2 1 0
35.9041 35.886 35.886 2 1 0
35.9041 35.8936 35.8936 2 1 0
35.9041 35.9011 35.9011 2 1 0
35.9041 35.9087 35.9087 2 1 0
35.9042 35.9162 35.9162 2 1 0
35.9042 35.9238 35.9238 2 1 0
35.9042 35.9314 35.9314 2 1 0
35.9042 35.9389 35.9389 2 1 0
35.9042 35.9465 35.9465 2 1 0
35.9042 35.954 35.954 2 1 0
35.9042 35.9616 35.9616 2 1 0
35.9042 35.9691 35.9691 2 1 0
35.9042 35.9767 35.9767 2 1 0
35.9042 35.9843 35.9843 2 1 0
35.9042 35.9918 35.9918 2 1 0
35.9042 35.9994 35.9994 2 1 0
35.9042 36.0069 36.0069 2 1 0
35.9042 36.0145 36.0145 2 1 0
35.9042 36.0221 36.0221 2 1 0
35.9042 36.0296 36.0296 2 1 0
35.9042 36.0372 36.0372 2 1 0
35.9042 36.0447 36.0447 2 1 0
35.9042 36.0523 36.0523 2 1 0
35.9042 36.0599 36.0599 2 1 0
35.9042 36.0674 36.0674 2 1 0
35.9042 36.075 36.075 2 1 0
35.9042 36.0825 36.0825 2 1 0
35.9042 36.0901 36.0901 2 1 0
35.9042 36.0977 36.0977 2 1 0
35.9042 36.1052 36.1052 2 1 0
35.9042 36.1128 36.1128 2 1 0
35.9042 36.1203 36.1203 2 1 0
35.9042 36.1279 36.1279 2 1 0
35.9042 36.1355 36.1355 2 1 0
35.9042 36.143 36.143 2 1 0
35.9042 36.1506 36.1506 2 1 0
35.9042 36.1581 36.1581 2 1 0
35.9042 36.1657 36.1657 2 1 0
35.9042 36.1732 36.1732 2 1 0
35.9042 36.1808 36.1808 2 1 0
35.9042 36.1884 36.1884 2 1 0
35.9042 36.1959 36.1959 2 1 0
35.9042 36.2035 36.2035 2 1 0
35.9042 36.211 36.211 2 1 0
35.9042 36.2186 36.2186 2 1 0
35.9042 36.2262 36.2262 2 1 0
35.9042 36.2337 36.2337 2 1 0
35.9042 36.2413 36.2413 2 1 0
35.9042 36.2488 36.2488 2 1 0
35.9042 36.2564 36.2564 2 1 0
35.9042 36.264 36.264 2 1 0
35.9042 36.2715 36.2715 2 1 0
35.9042 36.2791 36.2791 2 1 0
35.9042 36.2866 36.2866 2 1 0
35.9042 36.2942 36.2942 2 1 0
35.9042 36.3018 36.3018 2 1 0
35.9042 36.3093 36.3093 2 1 0
35.9042 36.3169 36.3169 2 1 0
35.9042 36.3244 36.3244 2 1 0
35.9042 36.332 36.332 2 1 0
35.9042 36.3396 36.3396 2 1 0
35.9042 36.3471 36.3471 2 1 0
35.9042 36.3547 36.3547 2 1 0
35.9042 36.3622 36.3622 2 1 0
35.9042 36.3698 36.3698 2 1 0
35.9042 36.3773 36.3773 2 1 0
35.9042 36.3849 36.3849 2 1 0
35.9042 36.3925 36.3925 2 1 0
35.9042 36.4 36.4 2 1 0
35.9042 36.4076 36.4076 2 1 0
35.9042 36.4151 36.4151 2 1 0
35.9042 36.4227 36.4227 2 1 0
35.9042 36.4303 36.4303 2 1 0
35.9042 36.4378 36.4378 2 1 0
35.9043 36.4454 36.4454 2 1 0
35.9043 36.4529 36.4529 2 1 0
35.9043 36.4605 36.4605 2 1 0
35.9043 36.4681 36.4681 2 1 0
35.9043 36.4756 36.4756 2 1 0
35.9043 36.4832 36.4832 2 1 0
35.9043 36.4907 36.4907 2 1 0
35.9043 36.4983 36.4983 2 1 0
35.9043 36.5059 36.5059 2 1 0
35.9043 36.5134 36.5134 2 1 0
35.9043 36.521 36.521 2 1 0
35.9043 36.5285 36.5285 2 1 0
35.9043 36.5361 36.5361 2 1 0
35.9043 36.5437 36.5437 2 1 0
35.9043 36.5512 36.5512 2 1 0
35.9043 36.5588 36.5588 2 1 0
35.9043 36.5663 36.5663 2 1 0
35.9043 36.5739 36.5739 2 1 0
35.9043 36.5815 36.5815 2 1 0
35.9043 36.589 36.589 2 1 0
35.9043 36.5966 36.5966 2 1 0
35.9043 36.6041 36.6041 2 1 0
35.9043 36.6117 36.6117 2 1 0
35.9043 36.6192 36.6192 2 1 0
35.9043 36.6268 36.6268 2 1 0
35.9043 36.6344 36.6344 2 1 0
35.9043 36.6419 36.6419 2 1 0
35.9043 36.6495 36.6495 2 1 0
35.9043 36.657 36.657 2 1 0
35.9043 36.6646 36.6646 2 1 0
35.9043 36.6722 36.6722 2 1 0
35.9043 36.6797 36.6797 2 1 0
35.9043 36.6873 36.6873 2 1 0
35.9043 36.6948 36.6948 2 1 0
35.9043 36.7024 36.7024 2 1 0
35.9043 36.71 36.71 2 1 0
35.9043 36.7175 36.7175 2 1 0
35.9043 36.7251 36.7251 2 1 0
35.9043 36.7326 36.7326 2 1 0
35.9043 36.7402 36.7402 2 1 0
35.9043 36.7478 36.7478 2 1 0
35.9043 36.7553 36.7553 2 1 0
35.9043 36.7629 36.7629 2 1 0
35.9043 36.7704 36.7704 2 1 0
35.9043 36.778 36.778 2 1 0
35.9043 36.7856 36.7856 2 1 0
35.9043 36.7931 36.7931 2 1 0
35.9043 36.8007 36.8007 2 1 0
35.9043 36.8082 36.8082 2 1 0
35.9043 36.8158 36.8158 2 1 0
35.9043 36.8233 36.8233 2 1 0
35.9043 36.8309 36.8309 2 1 0
35.9043 36.8385 36.8385 2 1 0
35.9043 36.846 36.846 2 1 0
35.9043 36.8536 36.8536 2 1 0
35.9043 36.8611 36.8611 2 1 0
35.9043 36.8687 36.8687 2 1 0
35.9043 36.8763 36.8763 2 1 0
35.9043 36.8838 36.8838 2 1 0
35.9043 36.8914 36.8914 2 1 0
35.9043 36.8989 36.8989 2 1 0
35.9043 36.9065 36.9065 2 1 0
35.9043 36.9141 36.9141 2 1 0
35.9043 36.9216 36.9216 2 1 0
35.9043 36.9292 36.9292 2 1 0
35.9043 36.9367 36.9367 2 1 0
35.9043 36.9443 36.9443 2 1 0
35.9043 36.9519 36.9519 2 1 0
35.9043 36.9594 36.9594 2 1 0
35.9043 36.967 36.967 2 1 0
35.9043 36.9745 36.9745 2 1 0
35.9043 36.9821 36.9821 2 1 0
35.9043 36.9897 36.9897 2 1 0
35.9043 36.9972 36.9972 2 1 0
35.9043 37.0048 37.0048 2 1 0
35.9043 37.0123 37.0123 2 1 0
35.9043 37.0199 37.0199 2 1 0
35.9043 37.0274 37.0274 2 1 0
35.9043 37.035 37.035 2 1 0
35.9043 37.0426 37.0426 2 1 0
35.9043 37.0501 37.0501 2 1 0
35.9043 37.0577 37.0577 2 1 0
35.9043 37.0652 37.0652 2 1 0
35.9043 37.0728 37.0728 2 1 0
35.9044 37.0804 37.0804 2 1 0
35.9044 37.0879 37.0879 2 1 0
35.9044 37.0955 37.0955 2 1 0
35.9044 37.103 37.103 2 1 0
35.9044 37.1106 37.1106 2 1 0
35.9044 37.1182 37.1182 2 1 0
35.9044 37.1257 37.1257 2 1 0
35.9044 37.1333 37.1333 2 1 0
35.9044 37.1408 37.1408 2 1 0
35.9044 37.1484 37.1484 2 1 0
35.9044 37.156 37.156 2 1 0
35.9044 37.1635 37.1635 2 1 0
35.9044 37.1711 37.1711 2 1 0
35.9044 37.1786 37.1786 2 1 0
35.9044 37.1862 37.1862 2 1 0
35.9044 37.1938 37.1938 2 1 0
35.9044 37.2013 37.2013 2 1 0
35.9044 37.2089 37.2089 2 1 0
35.9044 37.2164 37.2164 2 1 0
35.9044 37.224 37.224 2 1 0
35.9044 37.2315 37.2315 2 1 0
35.9044 37.2391 37.2391 2 1 0
35.9044 37.2467 37.2467 2 1 0
35.9044 37.2542 37.2542 2 1 0
35.9044 37.2618 37.2618 2 1 0
35.9044 37.2693 37.2693 2 1 0
35.9044 37.2769 37.2769 2 1 0
35.9044 37.2845 37.2845 2 1 0
35.9044 37.292 37.292 2 1 0
35.9044 37.2996 37.2996 2 1 0
35.9044 37.3071 37.3071 2 1 0
35.9044 37.3147 37.3147 2 1 0
35.9044 37.3223 37.3223 2 1 0
35.9044 37.3298 37.3298 2 1 0
35.9044 37.3374 37.3374 2 1 0
35.9044 37.3449 37.3449 2 1 0
35.9044 37.3525 37.3525 2 1 0
35.9044 37.3601 37.3601 2 1 0
35.9044 37.3676 37.3676 2 1 0
35.9044 37.3752 37.3752 2 1 0
35.9044 37.3827 37.3827 2 1 0
35.9044 37.3903 37.3903 2 1 0
35.9044 37.3979 37.3979 2 1 0
35.9044 37.4054 37.4054 2 1 0
35.9044 37.413 37.413 2 1 0
35.9044 37.4205 37.4205 2 1 0
35.9044 37.4281 37.4281 2 1 0
35.9044 37.4357 37.4357 2 1 0
35.9044 37.4432 37.4432 2 1 0
35.9044 37.4508 37.4508 2 1 0
35.9044 37.4583 37.4583 2 1 0
35.9044 37.4659 37.4659 2 1 0
35.9044 37.4734 37.4734 2 1 0
35.9044 37.481 37.481 2 1 0
35.9044 37.4886 37.4886 2 1 0
35.9044 37.4961 37.4961 2 1 0
35.9044 37.5037 37.5037 2 1 0
35.9044 37.5112 37.5112 2 1 0
35.9044 37.5188 37.5188 2 1 0
35.9044 37.5264 37.5264 2 1 0
35.9044 37.5339 37.5339 2 1 0
35.9044 37.5415 37.5415 2 1 0
35.9044 37.549 37.549 2 1 0
35.9044 37.5566 37.5566 2 1 0
35.9044 37.5642 37.5642 2 1 0
35.9044 37.5717 37.5717 2 1 0
35.9044 37.5793 37.5793 2 1 0
35.9044 37.5868 37.5868 2 1 0
35.9044 37.5944 37.5944 2 1 0
35.9044 37.602 37.602 2 1 0
35.9044 37.6095 37.6095 2 1 0
35.9044 37.6171 37.6171 2 1 0
35.9044 37.6246 37.6246 2 1 0
35.9044 37.6322 37.6322 2 1 0
35.9044 37.6398 37.6398 2 1 0
35.9044 37.6473 37.6473 2 1 0
35.9044 37.6549 37.6549 2 1 0
35.9044 37.6624 37.6624 2 1 0
35.9044 37.67 37.67 2 1 0
35.9044 37.6775 37.6775 2 1 0
35.9044 37.6851 37.6851 2 1 0
35.9044 37.6927 37.6927 2 1 0
35.9044 37.7002 37.7002 2 1 0
35.9044 37.7078 37.7078 2 1 0
35.9044 37.7153 37.7153 2 1 0
35.9044 37.7229 37.7229 2 1 0
35.9044 37.7305 37.7305 2 1 0
35.9044 37.738 37.738 2 1 0
35.9044 37.7456 37.7456 2 1 0
35.9044 37.7531 37.7531 2 1 0
35.9044 37.7607 37.7607 2 1 0
35.9044 37.7683 37.7683 2 1 0
35.9044 37.7758 37.7758 2 1 0
35.9044 37.7834 37.7834 2 1 0
35.9044 37.7909 37.7909 2 1 0
35.9044 37.7985 37.7985 2 1 0
35.9044 37.8061 37.8061 2 1 0
35.9044 37.8136 37.8136 2 1 0
35.9044 37.8212 37.8212 2 1 0
35.9044 37.8287 37.8287 2 1 0
35.9044 37.8363 37.8363 2 1 0
35.9044 37.8439 37.8439 2 1 0
35.9044 37.8514 37.8514 2 1 0
35.9044 37.859 37.859 2 1 0
35.9045 37.8665 37.8665 2 1 0
35.9045 37.8741 37.8741 2 1 0
35.9045 37.8816 37.8816 2 1 0
35.9045 37.8892 37.8892 2 1 0
35.9045 37.8968 37.8968 2 1 0
35.9045 37.9043 37.9043 2 1 0
35.9045 37.9119 37.9119 2 1 0
35.9045 37.9194 37.9194 2 1 0
35.9045 37.927 37.927 2 1 0
35.9045 37.9346 37.9346 2 1 0
35.9045 37.9421 37.9421 2 1 0
35.9045 37.9497 37.9497 2 1 0
35.9045 37.9572 37.9572 2 1 0
35.9045 37.9648 37.9648 2 1 0
35.9045 37.9724 37.9724 2 1 0
35.9045 37.9799 37.9799 2 1 0
35.9045 37.9875 37.9875 2 1 0
35.9045 37.995 37.995 2 1 0
35.9045 38.0026 38.0026 2 1 0
35.9045 38.0102 38.0102 2 1 0
35.9045 38.0177 38.0177 2 1 0
35.9045 38.0253 38.0253 2 1 0
35.9045 38.0328 38.0328 2 1 0
35.9045 38.0404 38.0404 2 1 0
35.9045 38.048 38.048 2 1 0
35.9045 38.0555 38.0555 2 1 0
35.9045 38.0631 38.0631 2 1 0
35.9045 38.0706 38.0706 2 1 0
35.9045 38.0782 38.0782 2 1 0
35.9045 38.0857 38.0857 2 1 0
35.9045 38.0933 38.0933 2 1 0
35.9045 38.1009 38.1009 2 1 0
35.9045 38.1084 38.1084 2 1 0
35.9045 38.116 38.116 2 1 0
35.9045 38.1235 38.1235 2 1 0
35.9045 38.1311 38.1311 2 1 0
35.9045 38.1387 38.1387 2 1 0
35.9045 38.1462 38.1462 2 1 0
35.9045 38.1538 38.1538 2 1 0
35.9045 38.1613 38.1613 2 1 0
35.9045 38.1689 38.1689 2 1 0
35.9045 38.1765 38.1765 2 1 0
35.9045 38.184 38.184 2 1 0
35.9045 38.1916 38.1916 2 1 0
35.9045 38.1991 38.1991 2 1 0
35.9045 38.2067 38.2067 2 1 0
35.9045 38.2143 38.2143 2 1 0
35.9045 38.2218 38.2218 2 1 0
35.9045 38.2294 38.2294 2 1 0
35.9045 38.2369 38.2369 2 1 0
35.9045 38.2445 38.2445 2 1 0
35.9045 38.2521 38.2521 2 1 0
35.9045 38.2596 38.2596 2 1 0
35.9045 38.2672 38.2672 2 1 0
35.9045 38.2747 38.2747 2 1 0
35.9045 38.2823 38.2823 2 1 0
35.9045 38.2899 38.2899 2 1 0
35.9045 38.2974 38.2974 2 1 0
35.9045 38.305 38.305 2 1 0
35.9045 38.3125 38.3125 2 1 0
35.9045 38.3201 38.3201 2 1 0
35.9045 38.3276 38.3276 2 1 0
35.9045 38.3352 38.3352 2 1 0
35.9045 38.3428 38.3428 2 1 0
35.9045 38.3503 38.3503 2 1 0
35.9045 38.3579 38.3579 2 1 0
35.9045 38.3654 38.3654 2 1 0
35.9045 38.373 38.373 2 1 0
35.9045 38.3806 38.3806 2 1 0
35.9045 38.3881 38.3881 2 1 0
35.9045 38.3957 38.3957 2 1 0
35.9045 38.4032 38.4032 2 1 0
35.9045 38.4108 38.4108 2 1 0
35.9045 38.4184 38.4184 2 1 0
35.9045 38.4259 38.4259 2 1 0
35.9045 38.4335 38.4335 2 1 0
35.9045 38.441 38.441 2 1 0
35.9045 38.4486 38.4486 2 1 0
35.9045 38.4562 38.4562 2 1 0
35.9045 38.4637 38.4637 2 1 0
35.9045 38.4713 38.4713 2 1 0
35.9045 38.4788 38.4788 2 1 0
35.9045 38.4864 38.4864 2 1 0
35.9045 38.494 38.494 2 1 0
35.9045 38.5015 38.5015 2 1 0
35.9045 38.5091 38.5091 2 1 0
35.9045 38.5166 38.5166 2 1 0
35.9045 38.5242 38.5242 2 1 0
35.9045 38.5317 38.5317 2 1 0
35.9045 38.5393 38.5393 2 1 0
35.9045 38.5469 38.5469 2 1 0
35.9045 38.5544 38.5544 2 1 0
35.9045 38.562 38.562 2 1 0
35.9045 38.5695 38.5695 2 1 0
35.9045 38.5771 38.5771 2 1 0
35.9045 38.5847 38.5847 2 1 0
35.9045 38.5922 38.5922 2 1 0
35.9045 38.5998 38.5998 2 1 0
35.9045 38.6073 38.6073 2 1 0
35.9045 38.6149 38.6149 2 1 0
35.9045 38.6225 38.6225 2 1 0
35.9045 38.63 38.63 2 1 0
35.9045 38.6376 38.6376 2 1 0
35.9045 38.6451 38.6451 2 1 0
35.9045 38.6527 38.6527 2 1 0
35.9045 38.6603 38.6603 2 1 0
35.9045 38.6678 38.6678 2 1 0
35.9045 38.6754 38.6754 2 1 0
35.9045 38.6829 38.6829 2 1 0
35.9045 38.6905 38.6905 2 1 0
35.9045 38.6981 38.6981 2 1 0
35.9045 38.7056 38.7056 2 1 0
35.9045 38.7132 38.7132 2 1 0
35.9045 38.7207 38.7207 2 1 0
35.9045 38.7283 38.7283 2 1 0
35.9045 38.7358 38.7358 2 1 0
35.9045 38.7434 38.7434 2 1 0
35.9045 38.751 38.751 2 1 0
35.9045 38.7585 38.7585 2 1 0
35.9045 38.7661 38.7661 2 1 0
35.9045 38.7736 38.7736 2 1 0
35.9045 38.7812 38.7812 2 1 0
35.9045 38.7888 38.7888 2 1 0
35.9045 38.7963 38.7963 2 1 0
35.9045 38.8039 38.8039 2 1 0
35.9045 38.8114 38.8114 2 1 0
35.9045 38.819 38.819 2 1 0
35.9045 38.8266 38.8266 2 1 0
35.9045 38.8341 38.8341 2 1 0
35.9045 38.8417 38.8417 2 1 0
35.9045 38.8492 38.8492 2 1 0
35.9045 38.8568 38.8568 2 1 0
35.9045 38.8644 38.8644 2 1 0
35.9045 38.8719 38.8719 2 1 0
35.9045 38.8795 38.8795 2 1 0
35.9045 38.887 38.887 2 1 0
35.9046 38.8946 38.8946 2 1 0
35.9046 38.9022 38.9022 2 1 0
35.9046 38.9097 38.9097 2 1 0
35.9046 38.9173 38.9173 2 1 0
35.9046 38.9248 38.9248 2 1 0
35.9046 38.9324 38.9324 2 1 0
35.9046 38.9399 38.9399 2 1 0
35.9046 38.9475 38.9475 2 1 0
35.9046 38.9551 38.9551 2 1 0
35.9046 38.9626 38.9626 2 1 0
35.9046 38.9702 38.9702 2 1 0
35.9046 38.9777 38.9777 2 1 0
35.9046 38.9853 38.9853 2 1 0
35.9046 38.9929 38.9929 2 1 0
35.9046 39.0004 39.0004 2 1 0
35.9046 39.008 39.008 2 1 0
35.9046 39.0155 39.0155 2 1 0
35.9046 39.0231 39.0231 2 1 0
35.9046 39.0307 39.0307 2 1 0
35.9046 39.0382 39.0382 2 1 0
35.9046 39.0458 39.0458 2 1 0
35.9046 39.0533 39.0533 2 1 0
35.9046 39.0609 39.0609 2 1 0
35.9046 39.0685 39.0685 2 1 0
35.9046 39.076 39.076 2 1 0
35.9046 39.0836 39.0836 2 1 0
35.9046 39.0911 39.0911 2 1 0
35.9046 39.0987 39.0987 2 1 0
35.9046 39.1063 39.1063 2 1 0
35.9046 39.1138 39.1138 2 1 0
35.9046 39.1214 39.1214 2 1 0
35.9046 39.1289 39.1289 2 1 0
35.9046 39.1365 39.1365 2 1 0
35.9046 39.1441 39.1441 2 1 0
35.9046 39.1516 39.1516 2 1 0
35.9046 39.1592 39.1592 2 1 0
35.9046 39.1667 39.1667 2 1 0
35.9046 39.1743 39.1743 2 1 0
35.9046 39.1818 39.1818 2 1 0
35.9046 39.1894 39.1894 2 1 0
35.9046 39.197 39.197 2 1 0
35.9046 39.2045 39.2045 2 1 0
35.9046 39.2121 39.2121 2 1 0
35.9046 39.2196 39.2196 2 1 0
35.9046 39.2272 39.2272 2 1 0
35.9046 39.2348 39.2348 2 1 0
35.9046 39.2423 39.2423 2 1 0
35.9046 39.2499 39.2499 2 1 0
35.9046 39.2574 39.2574 2 1 0
35.9046 39.265 39.265 2 1 0
35.9046 39.2726 39.2726 2 1 0
35.9046 39.2801 39.2801 2 1 0
35.9046 39.2877 39.2877 2 1 0
35.9046 39.2952 39.2952 2 1 0
35.9046 39.3028 39.3028 2 1 0
35.9046 39.3104 39.3104 2 1 0
35.9046 39.3179 39.3179 2 1 0
35.9046 39.3255 39.3255 2 1 0
35.9046 39.333 39.333 2 1 0
35.9046 39.3406 39.3406 2 1 0
35.9046 39.3482 39.3482 2 1 0
35.9046 39.3557 39.3557 2 1 0
35.9046 39.3633 39.3633 2 1 0
35.9046 39.3708 39.3708 2 1 0
35.9046 39.3784 39.3784 2 1 0
35.9046 39.3859 39.3859 2 1 0
35.9046 39.3935 39.3935 2 1 0
35.9046 39.4011 39.4011 2 1 0
35.9046 39.4086 39.4086 2 1 0
35.9046 39.4162 39.4162 2 1 0
35.9046 39.4237 39.4237 2 1 0
35.9046 39.4313 39.4313 2 1 0
35.9046 39.4389 39.4389 2 1 0
35.9046 39.4464 39.4464 2 1 0
35.9046 39.454 39.454 2 1 0
35.9046 39.4615 39.4615 2 1 0
35.9046 39.4691 39.4691 2 1 0
35.9046 39.4767 39.4767 2 1 0
35.9046 39.4842 39.4842 2 1 0
35.9046 39.4918 39.4918 2 1 0
35.9046 39.4993 39.4993 2 1 0
35.9046 39.5069 39.5069 2 1 0
35.9046 39.5145 39.5145 2 1 0
35.9046 39.522 39.522 2 1 0
35.9046 39.5296 39.5296 2 1 0
35.9046 39.5371 39.5371 2 1 0
35.9046 39.5447 39.5447 2 1 0
35.9046 39.5523 39.5523 2 1 0
35.9046 39.5598 39.5598 2 1 0
35.9046 39.5674 39.5674 2 1 0
35.9046 39.5749 39.5749 2 1 0
35.9046 39.5825 39.5825 2 1 0
35.9046 39.59 39.59 2 1 0
35.9046 39.5976 39.5976 2 1 0
35.9046 39.6052 39.6052 2 1 0
35.9046 39.6127 39.6127 2 1 0
35.9046 39.6203 39.6203 2 1 0
35.9046 39.6278 39.6278 2 1 0
35.9046 39.6354 39.6354 2 1 0
35.9046 39.643 39.643 2 1 0
35.9046 39.6505 39.6505 2 1 0
35.9046 39.6581 39.6581 2 1 0
35.9046 39.6656 39.6656 2 1 0
35.9046 39.6732 39.6732 2 1 0
35.9046 39.6808 39.6808 2 1 0
35.9046 39.6883 39.6883 2 1 0
35.9046 39.6959 39.6959 2 1 0
35.9046 39.7034 39.7034 2 1 0
35.9046 39.711 39.711 2 1 0
35.9046 39.7186 39.7186 2 1 0
35.9046 39.7261 39.7261 2 1 0
35.9046 39.7337 39.7337 2 1 0
35.9046 39.7412 39.7412 2 1 0
35.9046 39.7488 39.7488 2 1 0
35.9046 39.7564 39.7564 2 1 0
35.9046 39.7639 39.7639 2 1 0
35.9046 39.7715 39.7715 2 1 0
35.9046 39.779 39.779 2 1 0
35.9046 39.7866 39.7866 2 1 0
35.9046 39.7941 39.7941 2 1 0
35.9046 39.8017 39.8017 2 1 0
35.9046 39.8093 39.8093 2 1 0
35.9046 39.8168 39.8168 2 1 0
35.9046 39.8244 39.8244 2 1 0
35.9046 39.8319 39.8319 2 1 0
35.9046 39.8395 39.8395 2 1 0
35.9046 39.8471 39.8471 2 1 0
35.9046 39.8546 39.8546 2 1 0
35.9046 39.8622 39.8622 2 1 0
35.9046 39.8697 39.8697 2 1 0
35.9046 39.8773 39.8773 2 1 0
35.9046 39.8849 39.8849 2 1 0
35.9046 39.8924 39.8924 2 1 0
35.9046 39.9 39.9 2 1 0
35.9046 39.9075 39.9075 2 1 0
35.9046 39.9151 39.9151 2 1 0
35.9046 39.9227 39.9227 2 1 0
35.9046 39.9302 39.9302 2 1 0
35.9046 39.9378 39.9378 2 1 0
35.9046 39.9453 39.9453 2 1 0
35.9046 39.9529 39.9529 2 1 0
35.9046 39.9605 39.9605 2 1 0
35.9046 39.968 39.968 2 1 0
35.9046 39.9756 39.9756 2 1 0
35.9046 39.9831 39.9831 2 1 0
35.9046 39.9907 39.9907 2 1 0
35.9046 39.9982 39.9982 2 1 0
35.9046 40.0058 40.0058 2 1 0
35.9046 40.0134 40.0134 2 1 0
35.9046 40.0209 40.0209 2 1 0
35.9046 40.0285 40.0285 2 1 0
35.9046 40.036 40.036 2 1 0
35.9046 40.0436 40.0436 2 1 0
35.9046 40.0512 40.0512 2 1 0
35.9046 40.0587 40.0587 2 1 0
35.9046 40.0663 40.0663 2 1 0
35.9046 40.0738 40.0738 2 1 0
35.9046 40.0814 40.0814 2 1 0
35.9046 40.089 40.089 2 1 0
35.9046 40.0965 40.0965 2 1 0
35.9046 40.1041 40.1041 2 1 0
35.9046 40.1116 40.1116 2 1 0
35.9046 40.1192 40.1192 2 1 0
35.9046 40.1268 40.1268 2 1 0
35.9046 40.1343 40.1343 2 1 0
35.9046 40.1419 40.1419 2 1 0
35.9046 40.1494 40.1494 2 1 0
35.9046 40.157 40.157 2 1 0
35.9046 40.1646 40.1646 2 1 0
35.9046 40.1721 40.1721 2 1 0
35.9046 40.1797 40.1797 2 1 0
35.9046 40.1872 40.1872 2 1 0
35.9046 40.1948 40.1948 2 1 0
35.9046 40.2024 40.2024 2 1 0
35.9046 40.2099 40.2099 2 1 0
35.9046 40.2175 40.2175 2 1 0
35.9046 40.225 40.225 2 1 0
35.9046 40.2326 40.2326 2 1 0
35.9046 40.2401 40.2401 2 1 0
35.9046 40.2477 40.2477 2 1 0
35.9046 40.2553 40.2553 2 1 0
35.9046 40.2628 40.2628 2 1 0
35.9046 40.2704 40.2704 2 1 0
35.9046 40.2779 40.2779 2 1 0
35.9046 40.2855 40.2855 2 1 0
35.9046 40.2931 40.2931 2 1 0
35.9046 40.3006 40.3006 2 1 0
35.9046 40.3082 40.3082 2 1 0
35.9046 40.3157 40.3157 2 1 0
35.9046 40.3233 40.3233 2 1 0
35.9046 40.3309 40.3309 2 1 0
35.9046 40.3384 40.3384 2 1 0
35.9046 40.346 40.346 2 1 0
35.9046 40.3535 40.3535 2 1 0
35.9046 40.3611 40.3611 2 1 0
35.9046 40.3687 40.3687 2 1 0
35.9046 40.3762 40.3762 2 1 0
35.9047 40.3838 40.3838 2 1 0
35.9047 40.3913 40.3913 2 1 0
35.9047 40.3989 40.3989 2 1 0
35.9047 40.4065 40.4065 2 1 0
35.9047 40.414 40.414 2 1 0
35.9047 40.4216 40.4216 2 1 0
35.9047 40.4291 40.4291 2 1 0
35.9047 40.4367 40.4367 2 1 0
35.9047 40.4442 40.4442 2 1 0
35.9047 40.4518 40.4518 2 1 0
35.9047 40.4594 40.4594 2 1 0
35.9047 40.4669 40.4669 2 1 0
35.9047 40.4745 40.4745 2 1 0
35.9047 40.482 40.482 2 1 0
35.9047 40.4896 40.4896 2 1 0
35.9047 40.4972 40.4972 2 1 0
35.9047 40.5047 40.5047 2 1 0
35.9047 40.5123 40.5123 2 1 0
35.9047 40.5198 40.5198 2 1 0
35.9047 40.5274 40.5274 2 1 0
35.9047 40.535 40.535 2 1 0
35.9047 40.5425 40.5425 2 1 0
35.9047 40.5501 40.5501 2 1 0
35.9047 40.5576 40.5576 2 1 0
35.9047 40.5652 40.5652 2 1 0
35.9047 40.5728 40.5728 2 1 0
35.9047 40.5803 40.5803 2 1 0
35.9047 40.5879 40.5879 2 1 0
35.9047 40.5954 40.5954 2 1 0
35.9047 40.603 40.603 2 1 0
35.9047 40.6106 40.6106 2 1 0
35.9047 40.6181 40.6181 2 1 0
35.9047 40.6257 40.6257 2 1 0
35.9047 40.6332 40.6332 2 1 0
35.9047 40.6408 40.6408 2 1 0
35.9047 40.6483 40.6483 2 1 0
35.9047 40.6559 40.6559 2 1 0
35.9047 40.6635 40.6635 2 1 0
35.9047 40.671 40.671 2 1 0
35.9047 40.6786 40.6786 2 1 0
35.9047 40.6861 40.6861 2 1 0
35.9047 40.6937 40.6937 2 1 0
35.9047 40.7013 40.7013 2 1 0
35.9047 40.7088 40.7088 2 1 0
35.9047 40.7164 40.7164 2 1 0
35.9047 40.7239 40.7239 2 1 0
35.9047 40.7315 40.7315 2 1 0
35.9047 40.7391 40.7391 2 1 0
35.9047 40.7466 40.7466 2 1 0
35.9047 40.7542 40.7542 2 1 0
35.9047 40.7617 40.7617 2 1 0
35.9047 40.7693 40.7693 2 1 0
35.9047 40.7769 40.7769 2 1 0
35.9047 40.7844 40.7844 2 1 0
35.9047 40.792 40.792 2 1 0
35.9047 40.7995 40.7995 2 1 0
35.9047 40.8071 40.8071 2 1 0
35.9047 40.8147 40.8147 2 1 0
35.9047 40.8222 40.8222 2 1 0
35.9047 40.8298 40.8298 2 1 0
35.9047 40.8373 40.8373 2 1 0
35.9047 40.8449 40.8449 2 1 0
35.9047 40.8524 40.8524 2 1 0
35.9047 40.86 40.86 2 1 0
35.9047 40.8676 40.8676 2 1 0
35.9047 40.8751 40.8751 2 1 0
35.9047 40.8827 40.8827 2 1 0
35.9047 40.8902 40.8902 2 1 0
35.9047 40.8978 40.8978 2 1 0
35.9047 40.9054 40.9054 2 1 0
35.9047 40.9129 40.9129 2 1 0
35.9047 40.9205 40.9205 2 1 0
35.9047 40.928 40.928 2 1 0
35.9047 40.9356 40.9356 2 1 0
35.9047 40.9432 40.9432 2 1 0
35.9047 40.9507 40.9507 2 1 0
35.9047 40.9583 40.9583 2 1 0
35.9047 40.9658 40.9658 2 1 0
35.9047 40.9734 40.9734 2 1 0
35.9047 40.981 40.981 2 1 0
35.9047 40.9885 40.9885 2 1 0
35.9047 40.9961 40.9961 2 1 0
35.9047 41.0036 41.0036 2 1 0
35.9047 41.0112 41.0112 2 1 0
35.9047 41.0188 41.0188 2 1 0
35.9047 41.0263 41.0263 2 1 0
35.9047 41.0339 41.0339 2 1 0
35.9047 41.0414 41.0414 2 1 0
35.9047 41.049 41.049 2 1 0
35.9047 41.0566 41.0566 2 1 0
35.9047 41.0641 41.0641 2 1 0
35.9047 41.0717 41.0717 2 1 0
35.9047 41.0792 41.0792 2 1 0
35.9047 41.0868 41.0868 2 1 0
35.9047 41.0943 41.0943 2 1 0
35.9047 41.1019 41.1019 2 1 0
35.9047 41.1095 41.1095 2 1 0
35.9047 41.117 41.117 2 1 0
35.9047 41.1246 41.1246 2 1 0
35.9047 41.1321 41.1321 2 1 0
35.9047 41.1397 41.1397 2 1 0
35.9047 41.1473 41.1473 2 1 0
35.9047 41.1548 41.1548 2 1 0
35.9047 41.1624 41.1624 2 1 0
35.9047 41.1699 41.1699 2 1 0
35.9047 41.1775 41.1775 2 1 0
35.9047 41.1851 41.1851 2 1 0
35.9047 41.1926 41.1926 2 1 0
35.9047 41.2002 41.2002 2 1 0
35.9047 41.2077 41.2077 2 1 0
35.9047 41.2153 41.2153 2 1 0
35.9047 41.2229 41.2229 2 1 0
35.9047 41.2304 41.2304 2 1 0
35.9047 41.238 41.238 2 1 0
35.9047 41.2455 41.2455 2 1 0
35.9047 41.2531 41.2531 2 1 0
35.9047 41.2607 41.2607 2 1 0
35.9047 41.2682 41.2682 2 1 0
35.9047 41.2758 41.2758 2 1 0
35.9047 41.2833 41.2833 2 1 0
35.9047 41.2909 41.2909 2 1 0
35.9047 41.2984 41.2984 2 1 0
35.9047 41.306 41.306 2 1 0
35.9047 41.3136 41.3136 2 1 0
35.9047 41.3211 41.3211 2 1 0
35.9047 41.3287 41.3287 2 1 0
35.9047 41.3362 41.3362 2 1 0
35.9047 41.3438 41.3438 2 1 0
35.9047 41.3514 41.3514 2 1 0
35.9047 41.3589 41.3589 2 1 0
35.9047 41.3665 41.3665 2 1 0
35.9047 41.374 41.374 2 1 0
35.9047 41.3816 41.3816 2 1 0
35.9047 41.3892 41.3892 2 1 0
35.9047 41.3967 41.3967 2 1 0
35.9047 41.4043 41.4043 2 1 0
35.9047 41.4118 41.4118 2 1 0
35.9047 41.4194 41.4194 2 1 0
35.9047 41.427 41.427 2 1 0
35.9047 41.4345 41.4345 2 1 0
35.9047 41.4421 41.4421 2 1 0
35.9047 41.4496 41.4496 2 1 0
35.9047 41.4572 41.4572 2 1 0
35.9047 41.4648 41.4648 2 1 0
35.9047 41.4723 41.4723 2 1 0
35.9047 41.4799 41.4799 2 1 0
35.9047 41.4874 41.4874 2 1 0
35.9047 41.495 41.495 2 1 0
35.9047 41.5025 41.5025 2 1 0
35.9047 41.5101 41.5101 2 1 0
35.9047 41.5177 41.5177 2 1 0
35.9047 41.5252 41.5252 2 1 0
35.9047 41.5328 41.5328 2 1 0
35.9047 41.5403 41.5403 2 1 0
35.9047 41.5479 41.5479 2 1 0
35.9047 41.5555 41.5555 2 1 0
35.9047 41.563 41.563 2 1 0
35.9047 41.5706 41.5706 2 1 0
35.9047 41.5781 41.5781 2 1 0
35.9047 41.5857 41.5857 2 1 0
35.9047 41.5933 41.5933 2 1 0
35.9047 41.6008 41.6008 2 1 0
35.9047 41.6084 41.6084 2 1 0
35.9047 41.6159 41.6159 2 1 0
35.9047 41.6235 41.6235 2 1 0
35.9047 41.6311 41.6311 2 1 0
35.9047 41.6386 41.6386 2 1 0
35.9047 41.6462 41.6462 2 1 0
35.9047 41.6537 41.6537 2 1 0
35.9047 41.6613 41.6613 2 1 0
35.9047 41.6689 41.6689 2 1 0
35.9047 41.6764 41.6764 2 1 0
35.9047 41.684 41.684 2 1 0
35.9047 41.6915 41.6915 2 1 0
35.9047 41.6991 41.6991 2 1 0
35.9047 41.7066 41.7066 2 1 0
35.9047 41.7142 41.7142 2 1 0
35.9047 41.7218 41.7218 2 1 0
35.9047 41.7293 41.7293 2 1 0
35.9047 41.7369 41.7369 2 1 0
35.9047 41.7444 41.7444 2 1 0
35.9047 41.752 41.752 2 1 0
35.9047 41.7596 41.7596 2 1 0
35.9047 41.7671 41.7671 2 1 0
35.9047 41.7747 41.7747 2 1 0
35.9047 41.7822 41.7822 2 1 0
35.9047 41.7898 41.7898 2 1 0
35.9047 41.7974 41.7974 2 1 0
35.9047 41.8049 41.8049 2 1 0
35.9047 41.8125 41.8125 2 1 0
35.9047 41.82 41.82 2 1 0
35.9047 41.8276 41.8276 2 1 0
35.9047 41.8352 41.8352 2 1 0
35.9047 41.8427 41.8427 2 1 0
35.9047 41.8503 41.8503 2 1 0
35.9047 41.8578 41.8578 2 1 0
35.9047 41.8654 41.8654 2 1 0
35.9047 41.873 41.873 2 1 0
35.9047 41.8805 41.8805 2 1 0
35.9047 41.8881 41.8881 2 1 0
35.9047 41.8956 41.8956 2 1 0
35.9047 41.9032 41.9032 2 1 0
35.9047 41.9108 41.9108 2 1 0
35.9047 41.9183 41.9183 2 1 0
35.9047 41.9259 41.9259 2 1 0
35.9047 41.9334 41.9334 2 1 0
35.9047 41.941 41.941 2 1 0
35.9047 41.9485 41.9485 2 1 0
35.9047 41.9561 41.9561 2 1 0
35.9047 41.9637 41.9637 2 1 0
35.9047 41.9712 41.9712 2 1 0
35.9047 41.9788 41.9788 2 1 0
35.9047 41.9863 41.9863 2 1 0
35.9047 41.9939 41.9939 2 1 0
35.9047 42.0015 42.0015 2 1 0
35.9047 42.009 42.009 2 1 0
35.9047 42.0166 42.0166 2 1 0
35.9047 42.0241 42.0241 2 1 0
35.9047 42.0317 42.0317 2 1 0
35.9047 42.0393 42.0393 2 1 0
35.9047 42.0468 42.0468 2 1 0
35.9047 42.0544 42.0544 2 1 0
35.9047 42.0619 42.0619 2 1 0
35.9047 42.0695 42.0695 2 1 0
35.9047 42.0771 42.0771 2 1 0
35.9047 42.0846 42.0846 2 1 0
35.9047 42.0922 42.0922 2 1 0
35.9047 42.0997 42.0997 2 1 0
35.9047 42.1073 42.1073 2 1 0
35.9047 42.1149 42.1149 2 1 0
35.9047 42.1224 42.1224 2 1 0
35.9047 42.13 42.13 2 1 0
35.9047 42.1375 42.1375 2 1 0
35.9047 42.1451 42.1451 2 1 0
35.9047 42.1526 42.1526 2 1 0
35.9047 42.1602 42.1602 2 1 0
35.9047 42.1678 42.1678 2 1 0
35.9047 42.1753 42.1753 2 1 0
35.9047 42.1829 42.1829 2 1 0
35.9047 42.1904 42.1904 2 1 0
35.9047 42.198 42.198 2 1 0
35.9047 42.2056 42.2056 2 1 0
35.9047 42.2131 42.2131 2 1 0
35.9047 42.2207 42.2207 2 1 0
35.9047 42.2282 42.2282 2 1 0
35.9047 42.2358 42.2358 2 1 0
35.9047 42.2434 42.2434 2 1 0
35.9047 42.2509 42.2509 2 1 0
35.9047 42.2585 42.2585 2 1 0
35.9047 42.266 42.266 2 1 0
35.9047 42.2736 42.2736 2 1 0
35.9047 42.2812 42.2812 2 1 0
35.9047 42.2887 42.2887 2 1 0
35.9047 42.2963 42.2963 2 1 0
35.9047 42.3038 42.3038 2 1 0
35.9047 42.3114 42.3114 2 1 0
35.9047 42.319 42.319 2 1 0
35.9047 42.3265 42.3265 2 1 0
35.9047 42.3341 42.3341 2 1 0
35.9047 42.3416 42.3416 2 1 0
35.9047 42.3492 42.3492 2 1 0
35.9047 42.3567 42.3567 2 1 0
35.9047 42.3643 42.3643 2 1 0
35.9047 42.3719 42.3719 2 1 0
35.9047 42.3794 42.3794 2 1 0
35.9047 42.387 42.387 2 1 0
35.9047 42.3945 42.3945 2 1 0
35.9047 42.4021 42.4021 2 1 0
35.9047 42.4097 42.4097 2 1 0
35.9047 42.4172 42.4172 2 1 0
35.9047 42.4248 42.4248 2 1 0
35.9047 42.4323 42.4323 2 1 0
35.9047 42.4399 42.4399 2 1 0
35.9047 42.4475 42.4475 2 1 0
35.9047 42.455 42.455 2 1 0
35.9047 42.4626 42.4626 2 1 0
35.9047 42.4701 42.4701 2 1 0
35.9047 42.4777 42.4777 2 1 0
35.9047 42.4853 42.4853 2 1 0
35.9047 42.4928 42.4928 2 1 0
35.9047 42.5004 42.5004 2 1 0
35.9047 42.5079 42.5079 2 1 0
35.9047 42.5155 42.5155 2 1 0
35.9047 42.5231 42.5231 2 1 0
35.9047 42.5306 42.5306 2 1 0
35.9047 42.5382 42.5382 2 1 0
35.9047 42.5457 42.5457 2 1 0
35.9047 42.5533 42.5533 2 1 0
35.9047 42.5608 42.5608 2 1 0
35.9047 42.5684 42.5684 2 1 0
35.9047 42.576 42.576 2 1 0
35.9047 42.5835 42.5835 2 1 0
35.9047 42.5911 42.5911 2 1 0
35.9047 42.5986 42.5986 2 1 0
35.9047 42.6062 42.6062 2 1 0
35.9047 42.6138 42.6138 2 1 0
35.9047 42.6213 42.6213 2 1 0
35.9047 42.6289 42.6289 2 1 0
35.9047 42.6364 42.6364 2 1 0
35.9047 42.644 42.644 2 1 0
35.9047 42.6516 42.6516 2 1 0
35.9047 42.6591 42.6591 2 1 0
35.9047 42.6667 42.6667 2 1 0
35.9047 42.6742 42.6742 2 1 0
35.9047 42.6818 42.6818 2 1 0
35.9047 42.6894 42.6894 2 1 0
35.9047 42.6969 42.6969 2 1 0
35.9047 42.7045 42.7045 2 1 0
35.9047 42.712 42.712 2 1 0
35.9047 42.7196 42.7196 2 1 0
35.9047 42.7272 42.7272 2 1 0
35.9047 42.7347 42.7347 2 1 0
35.9047 42.7423 42.7423 2 1 0
35.9047 42.7498 42.7498 2 1 0
35.9047 42.7574 42.7574 2 1 0
35.9047 42.765 42.765 2 1 0
35.9047 42.7725 42.7725 2 1 0
35.9047 42.7801 42.7801 2 1 0
35.9047 42.7876 42.7876 2 1 0
35.9047 42.7952 42.7952 2 1 0
35.9047 42.8027 42.8027 2 1 0
35.9047 42.8103 42.8103 2 1 0
35.9047 42.8179 42.8179 2 1 0
35.9047 42.8254 42.8254 2 1 0
35.9047 42.833 42.833 2 1 0
35.9047 42.8405 42.8405 2 1 0
35.9047 42.8481 42.8481 2 1 0
35.9047 42.8557 42.8557 2 1 0
35.9047 42.8632 42.8632 2 1 0
35.9047 42.8708 42.8708 2 1 0
35.9047 42.8783 42.8783 2 1 0
35.9047 42.8859 42.8859 2 1 0
35.9047 42.8935 42.8935 2 1 0
35.9047 42.901 42.901 2 1 0
35.9047 42.9086 42.9086 2 1 0
35.9047 42.9161 42.9161 2 1 0
35.9047 42.9237 42.9237 2 1 0
35.9047 42.9313 42.9313 2 1 0
35.9047 42.9388 42.9388 2 1 0
35.9047 42.9464 42.9464 2 1 0
35.9047 42.9539 42.9539 2 1 0
35.9047 42.9615 42.9615 2 1 0
35.9047 42.9691 42.9691 2 1 0
35.9047 42.9766 42.9766 2 1 0
35.9047 42.9842 42.9842 2 1 0
35.9047 42.9917 42.9917 2 1 0
35.9047 42.9993 42.9993 2 1 0
35.9047 43.0068 43.0068 2 1 0
35.9047 43.0144 43.0144 2 1 0
35.9047 43.022 43.022 2 1 0
35.9047 43.0295 43.0295 2 1 0
35.9047 43.0371 43.0371 2 1 0
35.9047 43.0446 43.0446 2 1 0
35.9047 43.0522 43.0522 2 1 0
35.9047 43.0598 43.0598 2 1 0
35.9047 43.0673 43.0673 2 1 0
35.9047 43.0749 43.0749 2 1 0
35.9047 43.0824 43.0824 2 1 0
35.9047 43.09 43.09 2 1 0
35.9047 43.0976 43.0976 2 1 0
35.9047 43.1051 43.1051 2 1 0
35.9047 43.1051 43.1051 2 1 0
35.9047 43.1202 43.1202 2 1 0
35.9047 43.1278 43.1278 2 1 0
35.9047 43.1354 43.1354 2 1 0
35.9047 43.1429 43.1429 2 1 0
35.9048 43.1505 43.1505 2 1 0
35.9048 43.158 43.158 2 1 0
35.9048 43.1656 43.1656 2 1 0
35.9048 43.1732 43.1732 2 1 0
35.9048 43.1807 43.1807 2 1 0
35.9048 43.1883 43.1883 2 1 0
35.9048 43.1958 43.1958 2 1 0
35.9048 43.2034 43.2034 2 1 0
35.9048 43.2109 43.2109 2 1 0
35.9048 43.2185 43.2185 2 1 0
35.9048 43.2261 43.2261 2 1 0
35.9048 43.2336 43.2336 2 1 0
35.9048 43.2412 43.2412 2 1 0
35.9048 43.2487 43.2487 2 1 0
35.9048 43.2563 43.2563 2 1 0
35.9048 43.2639 43.2639 2 1 0
35.9048 43.2714 43.2714 2 1 0
35.9048 43.279 43.279 2 1 0
35.9048 43.2865 43.2865 2 1 0
35.9048 43.2941 43.2941 2 1 0
35.9048 43.3017 43.3017 2 1 0
35.9048 43.3092 43.3092 2 1 0
35.9048 43.3168 43.3168 2 1 0
35.9048 43.3243 43.3243 2 1 0
35.9048 43.3319 43.3319 2 1 0
35.9048 43.3395 43.3395 2 1 0
35.9048 43.347 43.347 2 1 0
35.9048 43.3546 43.3546 2 1 0
35.9048 43.3621 43.3621 2 1 0
35.9048 43.3697 43.3697 2 1 0
35.9048 43.3773 43.3773 2 1 0
35.9048 43.3848 43.3848 2 1 0
35.9048 43.3924 43.3924 2 1 0
35.9048 43.3999 43.3999 2 1 0
35.9048 43.4075 43.4075 2 1 0
35.9048 43.415 43.415 2 1 0
35.9048 43.4226 43.4226 2 1 0
35.9048 43.4302 43.4302 2 1 0
35.9048 43.4377 43.4377 2 1 0
35.9048 43.4453 43.4453 2 1 0
35.9048 43.4528 43.4528 2 1 0
35.9048 43.4604 43.4604 2 1 0
35.9048 43.468 43.468 2 1 0
35.9048 43.4755 43.4755 2 1 0
35.9048 43.4831 43.4831 2 1 0
35.9048 43.4906 43.4906 2 1 0
35.9048 43.4982 43.4982 2 1 0
35.9048 43.5058 43.5058 2 1 0
35.9048 43.5133 43.5133 2 1 0
35.9048 43.5209 43.5209 2 1 0
35.9048 43.5284 43.5284 2 1 0
35.9048 43.536 43.536 2 1 0
35.9048 43.5436 43.5436 2 1 0
35.9048 43.5511 43.5511 2 1 0
35.9048 43.5587 43.5587 2 1 0
35.9048 43.5662 43.5662 2 1 0
35.9048 43.5738 43.5738 2 1 0
35.9048 43.5814 43.5814 2 1 0
35.9048 43.5889 43.5889 2 1 0
35.9048 43.5965 43.5965 2 1 0
35.9048 43.604 43.604 2 1 0
35.9048 43.6116 43.6116 2 1 0
35.9048 43.6192 43.6192 2 1 0
35.9048 43.6267 43.6267 2 1 0
35.9048 43.6343 43.6343 2 1 0
35.9048 43.6418 43.6418 2 1 0
35.9048 43.6494 43.6494 2 1 0
35.9048 43.6569 43.6569 2 1 0
35.9048 43.6645 43.6645 2 1 0
35.9048 43.6721 43.6721 2 1 0
35.9048 43.6796 43.6796 2 1 0
35.9048 43.6872 43.6872 2 1 0
35.9048 43.6947 43.6947 2 1 0
35.9048 43.7023 43.7023 2 1 0
35.9048 43.7099 43.7099 2 1 0
35.9048 43.7174 43.7174 2 1 0
35.9048 43.725 43.725 2 1 0
35.9048 43.7325 43.7325 2 1 0
35.9048 43.7401 43.7401 2 1 0
35.9048 43.7477 43.7477 2 1 0
35.9048 43.7552 43.7552 2 1 0
35.9048 43.7628 43.7628 2 1 0
35.9048 43.7703 43.7703 2 1 0
35.9048 43.7779 43.7779 2 1 0
35.9048 43.7855 43.7855 2 1 0
35.9048 43.793 43.793 2 1 0
35.9048 43.8006 43.8006 2 1 0
35.9048 43.8081 43.8081 2 1 0
35.9048 43.8157 43.8157 2 1 0
35.9048 43.8233 43.8233 2 1 0
35.9048 43.8308 43.8308 2 1 0
35.9048 43.8384 43.8384 2 1 0
35.9048 43.8459 43.8459 2 1 0
35.9048 43.8535 43.8535 2 1 0
35.9048 43.861 43.861 2 1 0
35.9048 43.8686 43.8686 2 1 0
35.9048 43.8762 43.8762 2 1 0
35.9048 43.8837 43.8837 2 1 0
35.9048 43.8913 43.8913 2 1 0
35.9048 43.8988 43.8988 2 1 0
35.9048 43.9064 43.9064 2 1 0
35.9048 43.914 43.914 2 1 0
35.9048 43.9215 43.9215 2 1 0
35.9048 43.9291 43.9291 2 1 0
35.9048 43.9366 43.9366 2 1 0
35.9048 43.9442 43.9442 2 1 0
35.9048 43.9518 43.9518 2 1 0
35.9048 43.9593 43.9593 2 1 0
35.9048 43.9669 43.9669 2 1 0
35.9048 43.9744 43.9744 2 1 0
35.9048 43.982 43.982 2 1 0
35.9048 43.9896 43.9896 2 1 0
35.9048 43.9971 43.9971 2 1 0
35.9048 44.0047 44.0047 2 1 0
35.9048 44.0122 44.0122 2 1 0
35.9048 44.0198 44.0198 2 1 0
35.9048 44.0274 44.0274 2 1 0
35.9048 44.0349 44.0349 2 1 0
35.9048 44.0425 44.0425 2 1 0
35.9048 44.05 44.05 2 1 0
35.9048 44.0576 44.0576 2 1 0
35.9048 44.0651 44.0651 2 1 0
35.9048 44.0727 44.0727 2 1 0
35.9048 44.0803 44.0803 2 1 0
35.9048 44.0878 44.0878 2 1 0
35.9048 44.0954 44.0954 2 1 0
35.9048 44.1029 44.1029 2 1 0
35.9048 44.1105 44.1105 2 1 0
35.9048 44.1181 44.1181 2 1 0
35.9048 44.1256 44.1256 2 1 0
35.9048 44.1332 44.1332 2 1 0
35.9048 44.1407 44.1407 2 1 0
35.9048 44.1483 44.1483 2 1 0
35.9048 44.1559 44.1559 2 1 0
35.9048 44.1634 44.1634 2 1 0
35.9048 44.171 44.171 2 1 0
35.9048 44.1785 44.1785 2 1 0
35.9048 44.1861 44.1861 2 1 0
35.9048 44.1937 44.1937 2 1 0
35.9048 44.2012 44.2012 2 1 0
35.9048 44.2088 44.2088 2 1 0
35.9048 44.2163 44.2163 2 1 0
35.9048 44.2239 44.2239 2 1 0
35.9048 44.2315 44.2315 2 1 0
35.9048 44.239 44.239 2 1 0
35.9048 44.2466 44.2466 2 1 0
35.9048 44.2541 44.2541 2 1 0
35.9048 44.2617 44.2617 2 1 0
35.9048 44.2692 44.2692 2 1 0
35.9048 44.2768 44.2768 2 1 0
35.9048 44.2844 44.2844 2 1 0
35.9048 44.2919 44.2919 2 1 0
35.9048 44.2995 44.2995 2 1 0
35.9048 44.307 44.307 2 1 0
35.9048 44.3146 44.3146 2 1 0
35.9048 44.3222 44.3222 2 1 0
35.9048 44.3297 44.3297 2 1 0
35.9048 44.3373 44.3373 2 1 0
35.9048 44.3448 44.3448 2 1 0
35.9048 44.3524 44.3524 2 1 0
35.9048 44.36 44.36 2 1 0
35.9048 44.3675 44.3675 2 1 0
35.9048 44.3751 44.3751 2 1 0
35.9048 44.3826 44.3826 2 1 0
35.9048 44.3902 44.3902 2 1 0
35.9048 44.3978 44.3978 2 1 0
35.9048 44.4053 44.4053 2 1 0
35.9048 44.4129 44.4129 2 1 0
35.9048 44.4204 44.4204 2 1 0
35.9048 44.428 44.428 2 1 0
35.9048 44.4356 44.4356 2 1 0
35.9048 44.4431 44.4431 2 1 0
35.9048 44.4507 44.4507 2 1 0
35.9048 44.4582 44.4582 2 1 0
35.9048 44.4658 44.4658 2 1 0
35.9048 44.4733 44.4733 2 1 0
35.9048 44.4809 44.4809 2 1 0
35.9048 44.4885 44.4885 2 1 0
35.9048 44.496 44.496 2 1 0
35.9048 44.5036 44.5036 2 1 0
35.9048 44.5111 44.5111 2 1 0
35.9048 44.5187 44.5187 2 1 0
35.9048 44.5263 44.5263 2 1 0
35.9048 44.5338 44.5338 2 1 0
35.9048 44.5414 44.5414 2 1 0
35.9048 44.5489 44.5489 2 1 0
35.9048 44.5565 44.5565 2 1 0
35.9048 44.5641 44.5641 2 1 0
35.9048 44.5716 44.5716 2 1 0
35.9048 44.5792 44.5792 2 1 0
35.9048 44.5867 44.5867 2 1 0
35.9048 44.5943 44.5943 2 1 0
35.9048 44.6019 44.6019 2 1 0
35.9048 44.6094 44.6094 2 1 0
35.9048 44.617 44.617 2 1 0
35.9048 44.6245 44.6245 2 1 0
35.9048 44.6321 44.6321 2 1 0
35.9048 44.6397 44.6397 2 1 0
35.9048 44.6472 44.6472 2 1 0
35.9048 44.6548 44.6548 2 1 0
35.9048 44.6623 44.6623 2 1 0
35.9048 44.6699 44.6699 2 1 0
35.9048 44.6775 44.6775 2 1 0
35.9048 44.685 44.685 2 1 0
35.9048 44.6926 44.6926 2 1 0
35.9048 44.7001 44.7001 2 1 0
35.9048 44.7077 44.7077 2 1 0
35.9048 44.7152 44.7152 2 1 0
35.9048 44.7228 44.7228 2 1 0
35.9048 44.7304 44.7304 2 1 0
35.9048 44.7379 44.7379 2 1 0
35.9048 44.7455 44.7455 2 1 0
35.9048 44.753 44.753 2 1 0
35.9048 44.7606 44.7606 2 1 0
35.9048 44.7682 44.7682 2 1 0
35.9048 44.7757 44.7757 2 1 0
35.9048 44.7833 44.7833 2 1 0
35.9048 44.7908 44.7908 2 1 0
35.9048 44.7984 44.7984 2 1 0
35.9048 44.806 44.806 2 1 0
35.9048 44.8135 44.8135 2 1 0
35.9048 44.8211 44.8211 2 1 0
35.9048 44.8286 44.8286 2 1 0
35.9048 44.8362 44.8362 2 1 0
35.9048 44.8438 44.8438 2 1 0
35.9048 44.8513 44.8513 2 1 0
35.9048 44.8589 44.8589 2 1 0
35.9048 44.8664 44.8664 2 1 0
35.9048 44.874 44.874 2 1 0
35.9048 44.8816 44.8816 2 1 0
35.9048 44.8891 44.8891 2 1 0
35.9048 44.8967 44.8967 2 1 0
35.9048 44.9042 44.9042 2 1 0
35.9048 44.9118 44.9118 2 1 0
35.9048 44.9193 44.9193 2 1 0
35.9048 44.9269 44.9269 2 1 0
35.9048 44.9345 44.9345 2 1 0
35.9048 44.942 44.942 2 1 0
35.9048 44.9496 44.9496 2 1 0
35.9048 44.9571 44.9571 2 1 0
35.9048 44.9647 44.9647 2 1 0
35.9048 44.9723 44.9723 2 1 0
35.9048 44.9798 44.9798 2 1 0
35.9048 44.9874 44.9874 2 1 0
35.9048 44.9949 44.9949 2 1 0
35.9048 45.0025 45.0025 2 1 0
35.9048 45.0101 45.0101 2 1 0
35.9048 45.0176 45.0176 2 1 0
35.9048 45.0252 45.0252 2 1 0
35.9048 45.0327 45.0327 2 1 0
35.9048 45.0403 45.0403 2 1 0
35.9048 45.0479 45.0479 2 1 0
35.9048 45.0554 45.0554 2 1 0
35.9048 45.063 45.063 2 1 0
35.9048 45.0705 45.0705 2 1 0
35.9048 45.0781 45.0781 2 1 0
35.9048 45.0857 45.0857 2 1 0
35.9048 45.0932 45.0932 2 1 0
35.9048 45.1008 45.1008 2 1 0
35.9048 45.1083 45.1083 2 1 0
35.9048 45.1159 45.1159 2 1 0
35.9048 45.1234 45.1234 2 1 0
35.9048 45.131 45.131 2 1 0
35.9048 45.1386 45.1386 2 1 0
35.9048 45.1461 45.1461 2 1 0
35.9048 45.1537 45.1537 2 1 0
35.9048 45.1612 45.1612 2 1 0
35.9048 45.1688 45.1688 2 1 0
35.9048 45.1764 45.1764 2 1 0
35.9048 45.1839 45.1839 2 1 0
35.9048 45.1915 45.1915 2 1 0
35.9048 45.199 45.199 2 1 0
35.9048 45.2066 45.2066 2 1 0
35.9048 45.2142 45.2142 2 1 0
35.9048 45.2217 45.2217 2 1 0
35.9048 45.2293 45.2293 2 1 0
35.9048 45.2368 45.2368 2 1 0
35.9048 45.2444 45.2444 2 1 0
35.9048 45.252 45.252 2 1 0
35.9048 45.2595 45.2595 2 1 0
35.9048 45.2671 45.2671 2 1 0
35.9048 45.2746 45.2746 2 1 0
35.9048 45.2822 45.2822 2 1 0
35.9048 45.2898 45.2898 2 1 0
35.9048 45.2973 45.2973 2 1 0
35.9048 45.3049 45.3049 2 1 0
35.9048 45.3124 45.3124 2 1 0
35.9048 45.32 45.32 2 1 0
35.9048 45.3275 45.3275 2 1 0
35.9048 45.3351 45.3351 2 1 0
35.9048 45.3427 45.3427 2 1 0
35.9048 45.3502 45.3502 2 1 0
35.9048 45.3578 45.3578 2 1 0
35.9048 45.3653 45.3653 2 1 0
35.9048 45.3729 45.3729 2 1 0
35.9048 45.3805 45.3805 2 1 0
35.9048 45.388 45.388 2 1 0
35.9048 45.3956 45.3956 2 1 0
35.9048 45.4031 45.4031 2 1 0
35.9048 45.4107 45.4107 2 1 0
35.9048 45.4183 45.4183 2 1 0
35.9048 45.4258 45.4258 2 1 0
35.9048 45.4334 45.4334 2 1 0
35.9048 45.4409 45.4409 2 1 0
35.9048 45.4485 45.4485 2 1 0
35.9048 45.4561 45.4561 2 1 0
35.9048 45.4636 45.4636 2 1 0
35.9048 45.4712 45.4712 2 1 0
35.9048 45.4787 45.4787 2 1 0
35.9048 45.4863 45.4863 2 1 0
35.9048 45.4939 45.4939 2 1 0
35.9048 45.5014 45.5014 2 1 0
35.9048 45.509 45.509 2 1 0
35.9048 45.5165 45.5165 2 1 0
35.9048 45.5241 45.5241 2 1 0
35.9048 45.5317 45.5317 2 1 0
35.9048 45.5392 45.5392 2 1 0
35.9048 45.5468 45.5468 2 1 0
35.9048 45.5543 45.5543 2 1 0
35.9048 45.5619 45.5619 2 1 0
35.9048 45.5694 45.5694 2 1 0
35.9048 45.577 45.577 2 1 0
35.9048 45.5846 45.5846 2 1 0
35.9048 45.5921 45.5921 2 1 0
35.9048 45.5997 45.5997 2 1 0
35.9048 45.6072 45.6072 2 1 0
35.9048 45.6148 45.6148 2 1 0
35.9048 45.6224 45.6224 2 1 0
35.9048 45.6299 45.6299 2 1 0
35.9048 45.6375 45.6375 2 1 0
35.9048 45.645 45.645 2 1 0
35.9048 45.6526 45.6526 2 1 0
35.9048 45.6602 45.6602 2 1 0
35.9048 45.6677 45.6677 2 1 0
35.9048 45.6753 45.6753 2 1 0
35.9048 45.6828 45.6828 2 1 0
35.9048 45.6904 45.6904 2 1 0
35.9048 45.698 45.698 2 1 0
35.9048 45.7055 45.7055 2 1 0
35.9048 45.7131 45.7131 2 1 0
35.9048 45.7206 45.7206 2 1 0
35.9048 45.7282 45.7282 2 1 0
35.9048 45.7358 45.7358 2 1 0
35.9048 45.7433 45.7433 2 1 0
35.9048 45.7509 45.7509 2 1 0
35.9048 45.7584 45.7584 2 1 0
35.9048 45.766 45.766 2 1 0
35.9048 45.7735 45.7735 2 1 0
35.9048 45.7811 45.7811 2 1 0
35.9048 45.7887 45.7887 2 1 0
35.9048 45.7962 45.7962 2 1 0
35.9048 45.8038 45.8038 2 1 0
35.9048 45.8113 45.8113 2 1 0
35.9048 45.8189 45.8189 2 1 0
35.9048 45.8265 45.8265 2 1 0
35.9048 45.834 45.834 2 1 0
35.9048 45.8416 45.8416 2 1 0
35.9048 45.8491 45.8491 2 1 0
35.9048 45.8567 45.8567 2 1 0
35.9048 45.8643 45.8643 2 1 0
35.9048 45.8718 45.8718 2 1 0
35.9048 45.8794 45.8794 2 1 0
35.9048 45.8869 45.8869 2 1 0
35.9048 45.8945 45.8945 2 1 0
35.9048 45.9021 45.9021 2 1 0
35.9048 45.9096 45.9096 2 1 0
35.9048 45.9172 45.9172 2 1 0
35.9048 45.9247 45.9247 2 1 0
35.9048 45.9323 45.9323 2 1 0
35.9048 45.9399 45.9399 2 1 0
35.9048 45.9474 45.9474 2 1 0
35.9048 45.955 45.955 2 1 0
35.9048 45.9625 45.9625 2 1 0
35.9048 45.9701 45.9701 2 1 0
35.9048 45.9776 45.9776 2 1 0
35.9048 45.9852 45.9852 2 1 0
35.9048 45.9928 45.9928 2 1 0
35.9048 46.0003 46.0003 2 1 0
35.9048 46.0079 46.0079 2 1 0
35.9048 46.0154 46.0154 2 1 0
35.9048 46.023 46.023 2 1 0
35.9048 46.0306 46.0306 2 1 0
35.9048 46.0381 46.0381 2 1 0
35.9048 46.0457 46.0457 2 1 0
35.9048 46.0532 46.0532 2 1 0
35.9048 46.0608 46.0608 2 1 0
35.9048 46.0684 46.0684 2 1 0
35.9048 46.0759 46.0759 2 1 0
35.9048 46.0835 46.0835 2 1 0
35.9048 46.091 46.091 2 1 0
35.9048 46.0986 46.0986 2 1 0
35.9048 46.1062 46.1062 2 1 0
35.9048 46.1137 46.1137 2 1 0
35.9048 46.1213 46.1213 2 1 0
35.9048 46.1288 46.1288 2 1 0
35.9048 46.1364 46.1364 2 1 0
35.9048 46.144 46.144 2 1 0
35.9048 46.1515 46.1515 2 1 0
35.9048 46.1591 46.1591 2 1 0
35.9048 46.1666 46.1666 2 1 0
35.9048 46.1742 46.1742 2 1 0
35.9048 46.1817 46.1817 2 1 0
35.9048 46.1893 46.1893 2 1 0
35.9048 46.1969 46.1969 2 1 0
35.9048 46.2044 46.2044 2 1 0
35.9048 46.212 46.212 2 1 0
35.9048 46.2195 46.2195 2 1 0
35.9048 46.2271 46.2271 2 1 0
35.9048 46.2347 46.2347 2 1 0
35.9048 46.2422 46.2422 2 1 0
35.9048 46.2498 46.2498 2 1 0
35.9048 46.2573 46.2573 2 1 0
35.9048 46.2649 46.2649 2 1 0
35.9048 46.2725 46.2725 2 1 0
35.9048 46.28 46.28 2 1 0
35.9048 46.2876 46.2876 2 1 0
35.9048 46.2951 46.2951 2 1 0
35.9048 46.3027 46.3027 2 1 0
35.9048 46.3103 46.3103 2 1 0
35.9048 46.3178 46.3178 2 1 0
35.9048 46.3254 46.3254 2 1 0
35.9048 46.3329 46.3329 2 1 0
35.9048 46.3405 46.3405 2 1 0
35.9048 46.3481 46.3481 2 1 0
35.9048 46.3556 46.3556 2 1 0
35.9048 46.3632 46.3632 2 1 0
35.9048 46.3707 46.3707 2 1 0
35.9048 46.3783 46.3783 2 1 0
35.9048 46.3859 46.3859 2 1 0
35.9048 46.3934 46.3934 2 1 0
35.9048 46.401 46.401 2 1 0
35.9048 46.4085 46.4085 2 1 0
35.9048 46.4161 46.4161 2 1 0
35.9048 46.4236 46.4236 2 1 0
35.9048 46.4312 46.4312 2 1 0
35.9048 46.4388 46.4388 2 1 0
35.9048 46.4463 46.4463 2 1 0
35.9048 46.4539 46.4539 2 1 0
35.9048 46.4614 46.4614 2 1 0
35.9048 46.469 46.469 2 1 0
35.9048 46.4766 46.4766 2 1 0
35.9048 46.4841 46.4841 2 1 0
35.9048 46.4917 46.4917 2 1 0
35.9048 46.4992 46.4992 2 1 0
35.9048 46.5068 46.5068 2 1 0
35.9048 46.5144 46.5144 2 1 0
35.9048 46.5219 46.5219 2 1 0
35.9048 46.5295 46.5295 2 1 0
35.9048 46.537 46.537 2 1 0
35.9048 46.5446 46.5446 2 1 0
35.9048 46.5522 46.5522 2 1 0
35.9048 46.5597 46.5597 2 1 0
35.9048 46.5673 46.5673 2 1 0
35.9048 46.5748 46.5748 2 1 0
35.9048 46.5824 46.5824 2 1 0
35.9048 46.59 46.59 2 1 0
35.9048 46.5975 46.5975 2 1 0
35.9048 46.6051 46.6051 2 1 0
35.9048 46.6126 46.6126 2 1 0
35.9048 46.6202 46.6202 2 1 0
35.9048 46.6277 46.6277 2 1 0
35.9048 46.6353 46.6353 2 1 0
35.9048 46.6429 46.6429 2 1 0
35.9048 46.6504 46.6504 2 1 0
35.9048 46.658 46.658 2 1 0
35.9048 46.6655 46.6655 2 1 0
35.9048 46.6731 46.6731 2 1 0
35.9048 46.6807 46.6807 2 1 0
35.9048 46.6882 46.6882 2 1 0
35.9048 46.6958 46.6958 2 1 0
35.9048 46.7033 46.7033 2 1 0
35.9048 46.7109 46.7109 2 1 0
35.9048 46.7185 46.7185 2 1 0
35.9048 46.726 46.726 2 1 0
35.9048 46.7336 46.7336 2 1 0
35.9048 46.7411 46.7411 2 1 0
35.9048 46.7487 46.7487 2 1 0
35.9048 46.7563 46.7563 2 1 0
35.9048 46.7638 46.7638 2 1 0
35.9048 46.7714 46.7714 2 1 0
35.9048 46.7789 46.7789 2 1 0
35.9048 46.7865 46.7865 2 1 0
35.9048 46.7941 46.7941 2 1 0
35.9048 46.8016 46.8016 2 1 0
35.9048 46.8092 46.8092 2 1 0
35.9048 46.8167 46.8167 2 1 0
35.9048 46.8243 46.8243 2 1 0
35.9048 46.8318 46.8318 2 1 0
35.9048 46.8394 46.8394 2 1 0
35.9048 46.847 46.847 2 1 0
35.9048 46.8545 46.8545 2 1 0
35.9048 46.8621 46.8621 2 1 0
35.9048 46.8696 46.8696 2 1 0
35.9048 46.8772 46.8772 2 1 0
35.9048 46.8848 46.8848 2 1 0
35.9048 46.8923 46.8923 2 1 0
35.9048 46.8999 46.8999 2 1 0
35.9048 46.9074 46.9074 2 1 0
35.9048 46.915 46.915 2 1 0
35.9048 46.9226 46.9226 2 1 0
35.9048 46.9301 46.9301 2 1 0
35.9048 46.9377 46.9377 2 1 0
35.9048 46.9452 46.9452 2 1 0
35.9048 46.9528 46.9528 2 1 0
35.9048 46.9604 46.9604 2 1 0
35.9048 46.9679 46.9679 2 1 0
35.9048 46.9755 46.9755 2 1 0
35.9048 46.983 46.983 2 1 0
35.9048 46.9906 46.9906 2 1 0
35.9048 46.9982 46.9982 2 1 0
35.9048 47.0057 47.0057 2 1 0
35.9048 47.0133 47.0133 2 1 0
35.9048 47.0208 47.0208 2 1 0
35.9048 47.0284 47.0284 2 1 0
35.9048 47.0359 47.0359 2 1 0
35.9048 47.0435 47.0435 2 1 0
35.9048 47.0511 47.0511 2 1 0
35.9048 47.0586 47.0586 2 1 0
35.9048 47.0662 47.0662 2 1 0
35.9048 47.0737 47.0737 2 1 0
35.9048 47.0813 47.0813 2 1 0
35.9048 47.0889 47.0889 2 1 0
35.9048 47.0964 47.0964 2 1 0
35.9048 47.104 47.104 2 1 0
35.9048 47.1115 47.1115 2 1 0
35.9048 47.1191 47.1191 2 1 0
35.9048 47.1267 47.1267 2 1 0
35.9048 47.1342 47.1342 2 1 0
35.9048 47.1418 47.1418 2 1 0
35.9048 47.1493 47.1493 2 1 0
35.9048 47.1569 47.1569 2 1 0
35.9048 47.1645 47.1645 2 1 0
35.9048 47.172 47.172 2 1 0
35.9048 47.1796 47.1796 2 1 0
35.9048 47.1871 47.1871 2 1 0
35.9048 47.1947 47.1947 2 1 0
35.9048 47.2023 47.2023 2 1 0
35.9048 47.2098 47.2098 2 1 0
35.9048 47.2174 47.2174 2 1 0
35.9048 47.2249 47.2249 2 1 0
35.9048 47.2325 47.2325 2 1 0
35.9048 47.2401 47.2401 2 1 0
35.9048 47.2476 47.2476 2 1 0
35.9048 47.2552 47.2552 2 1 0
35.9048 47.2627 47.2627 2 1 0
35.9048 47.2703 47.2703 2 1 0
35.9048 47.2778 47.2778 2 1 0
35.9048 47.2854 47.2854 2 1 0
35.9048 47.293 47.293 2 1 0
35.9048 47.3005 47.3005 2 1 0
35.9048 47.3081 47.3081 2 1 0
35.9048 47.3156 47.3156 2 1 0
35.9048 47.3232 47.3232 2 1 0
35.9048 47.3308 47.3308 2 1 0
35.9048 47.3383 47.3383 2 1 0
35.9048 47.3459 47.3459 2 1 0
35.9048 47.3534 47.3534 2 1 0
35.9048 47.361 47.361 2 1 0
35.9048 47.3686 47.3686 2 1 0
35.9048 47.3761 47.3761 2 1 0
35.9048 47.3837 47.3837 2 1 0
35.9048 47.3912 47.3912 2 1 0
35.9048 47.3988 47.3988 2 1 0
35.9048 47.4064 47.4064 2 1 0
35.9048 47.4139 47.4139 2 1 0
35.9048 47.4215 47.4215 2 1 0
35.9048 47.429 47.429 2 1 0
35.9048 47.4366 47.4366 2 1 0
35.9048 47.4442 47.4442 2 1 0
35.9048 47.4517 47.4517 2 1 0
35.9048 47.4593 47.4593 2 1 0
35.9048 47.4668 47.4668 2 1 0
35.9048 47.4744 47.4744 2 1 0
35.9048 47.4819 47.4819 2 1 0
35.9048 47.4895 47.4895 2 1 0
35.9048 47.4971 47.4971 2 1 0
35.9048 47.5046 47.5046 2 1 0
35.9048 47.5122 47.5122 2 1 0
35.9048 47.5197 47.5197 2 1 0
35.9048 47.5273 47.5273 2 1 0
35.9048 47.5349 47.5349 2 1 0
35.9048 47.5424 47.5424 2 1 0
35.9048 47.55 47.55 2 1 0
35.9048 47.5575 47.5575 2 1 0
35.9048 47.5651 47.5651 2 1 0
35.9048 47.5727 47.5727 2 1 0
35.9048 47.5802 47.5802 2 1 0
35.9048 47.5878 47.5878 2 1 0
35.9048 47.5953 47.5953 2 1 0
35.9048 47.6029 47.6029 2 1 0
35.9048 47.6105 47.6105 2 1 0
35.9048 47.618 47.618 2 1 0
35.9048 47.6256 47.6256 2 1 0
35.9048 47.6331 47.6331 2 1 0
35.9048 47.6407 47.6407 2 1 0
35.9048 47.6483 47.6483 2 1 0
35.9048 47.6558 47.6558 2 1 0
35.9048 47.6634 47.6634 2 1 0
35.9048 47.6709 47.6709 2 1 0
35.9048 47.6785 47.6785 2 1 0
35.9048 47.686 47.686 2 1 0
35.9048 47.6936 47.6936 2 1 0
35.9048 47.7012 47.7012 2 1 0
35.9048 47.7087 47.7087 2 1 0
35.9048 47.7163 47.7163 2 1 0
35.9048 47.7238 47.7238 2 1 0
35.9048 47.7314 47.7314 2 1 0
35.9048 47.739 47.739 2 1 0
35.9048 47.7465 47.7465 2 1 0
35.9048 47.7541 47.7541 2 1 0
35.9048 47.7616 47.7616 2 1 0
35.9048 47.7692 47.7692 2 1 0
35.9048 47.7768 47.7768 2 1 0
35.9048 47.7843 47.7843 2 1 0
35.9048 47.7919 47.7919 2 1 0
35.9048 47.7994 47.7994 2 1 0
35.9048 47.807 47.807 2 1 0
35.9048 47.8146 47.8146 2 1 0
35.9048 47.8221 47.8221 2 1 0
35.9048 47.8297 47.8297 2 1 0
35.9048 47.8372 47.8372 2 1 0
35.9048 47.8448 47.8448 2 1 0
35.9048 47.8524 47.8524 2 1 0
35.9048 47.8599 47.8599 2 1 0
35.9048 47.8675 47.8675 2 1 0
35.9048 47.875 47.875 2 1 0
35.9048 47.8826 47.8826 2 1 0
35.9048 47.8901 47.8901 2 1 0
35.9048 47.8977 47.8977 2 1 0
35.9048 47.9053 47.9053 2 1 0
35.9048 47.9128 47.9128 2 1 0
35.9048 47.9204 47.9204 2 1 0
35.9048 47.9279 47.9279 2 1 0
35.9048 47.9355 47.9355 2 1 0
35.9048 47.9431 47.9431 2 1 0
35.9048 47.9506 47.9506 2 1 0
35.9048 47.9582 47.9582 2 1 0
35.9048 47.9657 47.9657 2 1 0
35.9048 47.9733 47.9733 2 1 0
35.9048 47.9809 47.9809 2 1 0
35.9048 47.9884 47.9884 2 1 0
35.9048 47.996 47.996 2 1 0
35.9048 48.0035 48.0035 2 1 0
35.9048 48.0111 48.0111 2 1 0
35.9048 48.0187 48.0187 2 1 0
35.9048 48.0262 48.0262 2 1 0
35.9048 48.0338 48.0338 2 1 0
35.9048 48.0413 48.0413 2 1 0
35.9048 48.0489 48.0489 2 1 0
35.9048 48.0565 48.0565 2 1 0
35.9048 48.064 48.064 2 1 0
35.9048 48.0716 48.0716 2 1 0
35.9048 48.0791 48.0791 2 1 0
35.9048 48.0867 48.0867 2 1 0
35.9048 48.0942 48.0942 2 1 0
35.9048 48.1018 48.1018 2 1 0
35.9048 48.1094 48.1094 2 1 0
35.9048 48.1169 48.1169 2 1 0
35.9048 48.1245 48.1245 2 1 0
35.9048 48.132 48.132 2 1 0
35.9048 48.1396 48.1396 2 1 0
35.9048 48.1472 48.1472 2 1 0
35.9048 48.1547 48.1547 2 1 0
35.9048 48.1623 48.1623 2 1 0
35.9048 48.1698 48.1698 2 1 0
35.9048 48.1774 48.1774 2 1 0
35.9048 48.185 48.185 2 1 0
35.9048 48.1925 48.1925 2 1 0
35.9048 48.2001 48.2001 2 1 0
35.9048 48.2076 48.2076 2 1 0
35.9048 48.2152 48.2152 2 1 0
35.9048 48.2228 48.2228 2 1 0
35.9048 48.2303 48.2303 2 1 0
35.9048 48.2379 48.2379 2 1 0
35.9048 48.2454 48.2454 2 1 0
35.9048 48.253 48.253 2 1 0
35.9048 48.2606 48.2606 2 1 0
35.9048 48.2681 48.2681 2 1 0
35.9048 48.2757 48.2757 2 1 0
35.9048 48.2832 48.2832 2 1 0
35.9048 48.2908 48.2908 2 1 0
35.9048 48.2984 48.2984 2 1 0
35.9048 48.3059 48.3059 2 1 0
35.9048 48.3135 48.3135 2 1 0
35.9048 48.321 48.321 2 1 0
35.9048 48.3286 48.3286 2 1 0
35.9048 48.3361 48.3361 2 1 0
35.9048 48.3437 48.3437 2 1 0
35.9048 48.3513 48.3513 2 1 0
35.9048 48.3588 48.3588 2 1 0
35.9048 48.3664 48.3664 2 1 0
35.9048 48.3739 48.3739 2 1 0
35.9048 48.3815 48.3815 2 1 0
35.9048 48.3891 48.3891 2 1 0
35.9048 48.3966 48.3966 2 1 0
35.9048 48.4042 48.4042 2 1 0
35.9048 48.4117 48.4117 2 1 0
35.9048 48.4193 48.4193 2 1 0
35.9048 48.4269 48.4269 2 1 0
35.9048 48.4344 48.4344 2 1 0
35.9048 48.442 48.442 2 1 0
35.9048 48.4495 48.4495 2 1 0
35.9048 48.4571 48.4571 2 1 0
35.9048 48.4647 48.4647 2 1 0
35.9048 48.4722 48.4722 2 1 0
35.9048 48.4798 48.4798 2 1 0
35.9048 48.4873 48.4873 2 1 0
35.9048 48.4949 48.4949 2 1 0
35.9048 48.5025 48.5025 2 1 0
35.9048 48.51 48.51 2 1 0
35.9048 48.5176 48.5176 2 1 0
35.9048 48.5251 48.5251 2 1 0
35.9048 48.5327 48.5327 2 1 0
35.9048 48.5402 48.5402 2 1 0
35.9048 48.5478 48.5478 2 1 0
35.9048 48.5554 48.5554 2 1 0
35.9048 48.5629 48.5629 2 1 0
35.9048 48.5705 48.5705 2 1 0
35.9048 48.578 48.578 2 1 0
35.9048 48.5856 48.5856 2 1 0
35.9048 48.5932 48.5932 2 1 0
35.9048 48.6007 48.6007 2 1 0
35.9048 48.6083 48.6083 2 1 0
35.9048 48.6158 48.6158 2 1 0
35.9048 48.6234 48.6234 2 1 0
35.9048 48.631 48.631 2 1 0
35.9048 48.6385 48.6385 2 1 0
35.9048 48.6461 48.6461 2 1 0
35.9048 48.6536 48.6536 2 1 0
35.9048 48.6612 48.6612 2 1 0
35.9048 48.6688 48.6688 2 1 0
35.9048 48.6763 48.6763 2 1 0
35.9048 48.6839 48.6839 2 1 0
35.9048 48.6914 48.6914 2 1 0
35.9048 48.699 48.699 2 1 0
35.9048 48.7066 48.7066 2 1 0
35.9048 48.7141 48.7141 2 1 0
35.9048 48.7217 48.7217 2 1 0
35.9048 48.7292 48.7292 2 1 0
35.9048 48.7368 48.7368 2 1 0
35.9048 48.7443 48.7443 2 1 0
35.9048 48.7519 48.7519 2 1 0
35.9048 48.7595 48.7595 2 1 0
35.9048 48.767 48.767 2 1 0
35.9048 48.7746 48.7746 2 1 0
35.9048 48.7821 48.7821 2 1 0
35.9048 48.7897 48.7897 2 1 0
35.9048 48.7973 48.7973 2 1 0
35.9048 48.8048 48.8048 2 1 0
35.9048 48.8124 48.8124 2 1 0
35.9048 48.8199 48.8199 2 1 0
35.9048 48.8275 48.8275 2 1 0
35.9048 48.8351 48.8351 2 1 0
35.9048 48.8426 48.8426 2 1 0
35.9048 48.8502 48.8502 2 1 0
35.9048 48.8577 48.8577 2 1 0
35.9048 48.8653 48.8653 2 1 0
35.9048 48.8729 48.8729 2 1 0
35.9048 48.8804 48.8804 2 1 0
35.9048 48.888 48.888 2 1 0
35.9048 48.8955 48.8955 2 1 0
35.9048 48.9031 48.9031 2 1 0
35.9048 48.9107 48.9107 2 1 0
35.9048 48.9182 48.9182 2 1 0
35.9048 48.9258 48.9258 2 1 0
35.9048 48.9333 48.9333 2 1 0
35.9048 48.9409 48.9409 2 1 0
35.9048 48.9484 48.9484 2 1 0
35.9048 48.956 48.956 2 1 0
35.9048 48.9636 48.9636 2 1 0
35.9048 48.9711 48.9711 2 1 0
35.9048 48.9787 48.9787 2 1 0
35.9048 48.9862 48.9862 2 1 0
35.9048 48.9938 48.9938 2 1 0
35.9048 49.0014 49.0014 2 1 0
35.9048 49.0089 49.0089 2 1 0
35.9048 49.0165 49.0165 2 1 0
35.9048 49.024 49.024 2 1 0
35.9048 49.0316 49.0316 2 1 0
35.9048 49.0392 49.0392 2 1 0
35.9048 49.0467 49.0467 2 1 0
35.9048 49.0543 49.0543 2 1 0
35.9048 49.0618 49.0618 2 1 0
35.9048 49.0694 49.0694 2 1 0
35.9048 49.077 49.077 2 1 0
35.9048 49.0845 49.0845 2 1 0
35.9048 49.0921 49.0921 2 1 0
35.9048 49.0996 49.0996 2 1 0
35.9048 49.1072 49.1072 2 1 0
35.9048 49.1148 49.1148 2 1 0
35.9048 49.1223 49.1223 2 1 0
35.9048 49.1299 49.1299 2 1 0
35.9048 49.1374 49.1374 2 1 0
35.9048 49.145 49.145 2 1 0
35.9048 49.1526 49.1526 2 1 0
35.9048 49.1601 49.1601 2 1 0
35.9048 49.1677 49.1677 2 1 0
35.9048 49.1752 49.1752 2 1 0
35.9048 49.1828 49.1828 2 1 0
35.9048 49.1903 49.1903 2 1 0
35.9048 49.1979 49.1979 2 1 0
35.9048 49.2055 49.2055 2 1 0
35.9048 49.213 49.213 2 1 0
35.9048 49.2206 49.2206 2 1 0
35.9048 49.2281 49.2281 2 1 0
35.9048 49.2357 49.2357 2 1 0
35.9048 49.2433 49.2433 2 1 0
35.9048 49.2508 49.2508 2 1 0
35.9048 49.2584 49.2584 2 1 0
35.9048 49.2659 49.2659 2 1 0
35.9048 49.2735 49.2735 2 1 0
35.9048 49.2811 49.2811 2 1 0
35.9048 49.2886 49.2886 2 1 0
35.9048 49.2962 49.2962 2 1 0
35.9048 49.3037 49.3037 2 1 0
35.9048 49.3113 49.3113 2 1 0
35.9048 49.3189 49.3189 2 1 0
35.9048 49.3264 49.3264 2 1 0
35.9048 49.334 49.334 2 1 0
35.9048 49.3415 49.3415 2 1 0
35.9048 49.3491 49.3491 2 1 0
35.9048 49.3567 49.3567 2 1 0
35.9048 49.3642 49.3642 2 1 0
35.9048 49.3718 49.3718 2 1 0
35.9048 49.3793 49.3793 2 1 0
35.9048 49.3869 49.3869 2 1 0
35.9048 49.3944 49.3944 2 1 0
35.9048 49.402 49.402 2 1 0
35.9048 49.4096 49.4096 2 1 0
35.9048 49.4171 49.4171 2 1 0
35.9048 49.4247 49.4247 2 1 0
35.9048 49.4322 49.4322 2 1 0
35.9048 49.4398 49.4398 2 1 0
35.9048 49.4474 49.4474 2 1 0
35.9048 49.4549 49.4549 2 1 0
35.9048 49.4625 49.4625 2 1 0
35.9048 49.47 49.47 2 1 0
35.9048 49.4776 49.4776 2 1 0
35.9048 49.4852 49.4852 2 1 0
35.9048 49.4927 49.4927 2 1 0
35.9048 49.5003 49.5003 2 1 0
35.9048 49.5078 49.5078 2 1 0
35.9048 49.5154 49.5154 2 1 0
35.9048 49.523 49.523 2 1 0
35.9048 49.5305 49.5305 2 1 0
35.9048 49.5381 49.5381 2 1 0
35.9048 49.5456 49.5456 2 1 0
35.9048 49.5532 49.5532 2 1 0
35.9048 49.5608 49.5608 2 1 0
35.9048 49.5683 49.5683 2 1 0
35.9048 49.5759 49.5759 2 1 0
35.9048 49.5834 49.5834 2 1 0
35.9048 49.591 49.591 2 1 0
35.9048 49.5985 49.5985 2 1 0
35.9048 49.6061 49.6061 2 1 0
35.9048 49.6137 49.6137 2 1 0
35.9048 49.6212 49.6212 2 1 0
35.9048 49.6288 49.6288 2 1 0
35.9048 49.6363 49.6363 2 1 0
35.9048 49.6439 49.6439 2 1 0
35.9048 49.6515 49.6515 2 1 0
35.9048 49.659 49.659 2 1 0
35.9048 49.6666 49.6666 2 1 0
35.9048 49.6741 49.6741 2 1 0
35.9048 49.6817 49.6817 2 1 0
35.9048 49.6893 49.6893 2 1 0
35.9048 49.6968 49.6968 2 1 0
35.9048 49.7044 49.7044 2 1 0
35.9048 49.7119 49.7119 2 1 0
35.9048 49.7195 49.7195 2 1 0
35.9048 49.7271 49.7271 2 1 0
35.9048 49.7346 49.7346 2 1 0
35.9048 49.7422 49.7422 2 1 0
35.9048 49.7497 49.7497 2 1 0
35.9048 49.7573 49.7573 2 1 0
35.9048 49.7649 49.7649 2 1 0
35.9048 49.7724 49.7724 2 1 0
35.9048 49.78 49.78 2 1 0
35.9048 49.7875 49.7875 2 1 0
35.9048 49.7951 49.7951 2 1 0
35.9048 49.8026 49.8026 2 1 0
35.9048 49.8102 49.8102 2 1 0
35.9048 49.8178 49.8178 2 1 0
35.9048 49.8253 49.8253 2 1 0
35.9048 49.8329 49.8329 2 1 0
35.9048 49.8404 49.8404 2 1 0
35.9048 49.848 49.848 2 1 0
35.9048 49.8556 49.8556 2 1 0
35.9048 49.8631 49.8631 2 1 0
35.9048 49.8707 49.8707 2 1 0
35.9048 49.8782 49.8782 2 1 0
35.9048 49.8858 49.8858 2 1 0
35.9048 49.8934 49.8934 2 1 0
35.9048 49.9009 49.9009 2 1 0
35.9048 49.9085 49.9085 2 1 0
35.9048 49.916 49.916 2 1 0
35.9048 49.9236 49.9236 2 1 0
35.9048 49.9312 49.9312 2 1 0
35.9048 49.9387 49.9387 2 1 0
35.9048 49.9463 49.9463 2 1 0
35.9048 49.9538 49.9538 2 1 0
35.9048 49.9614 49.9614 2 1 0
35.9048 49.969 49.969 2 1 0
35.9048 49.9765 49.9765 2 1 0
35.9048 49.9841 49.9841 2 1 0
35.9048 49.9916 49.9916 2 1 0
35.9048 49.9992 49.9992 2 1 0
35.9048 50.0068 50.0068 2 1 0
35.9048 50.0143 50.0143 2 1 0
35.9048 50.0219 50.0219 2 1 0
35.9048 50.0294 50.0294 2 1 0
35.9048 50.037 50.037 2 1 0
35.9048 50.0445 50.0445 2 1 0
35.9048 50.0521 50.0521 2 1 0
35.9048 50.0597 50.0597 2 1 0
35.9048 50.0672 50.0672 2 1 0
35.9048 50.0748 50.0748 2 1 0
35.9048 50.0823 50.0823 2 1 0
35.9048 50.0899 50.0899 2 1 0
35.9048 50.0975 50.0975 2 1 0
35.9048 50.105 50.105 2 1 0
35.9048 50.1126 50.1126 2 1 0
35.9048 50.1201 50.1201 2 1 0
35.9048 50.1277 50.1277 2 1 0
35.9048 50.1353 50.1353 2 1 0
35.9048 50.1428 50.1428 2 1 0
35.9048 50.1504 50.1504 2 1 0
35.9048 50.1579 50.1579 2 1 0
35.9048 50.1655 50.1655 2 1 0
35.9048 50.1731 50.1731 2 1 0
35.9048 50.1806 50.1806 2 1 0
35.9048 50.1882 50.1882 2 1 0
35.9048 50.1957 50.1957 2 1 0
35.9048 50.2033 50.2033 2 1 0
35.9048 50.2109 50.2109 2 1 0
35.9048 50.2184 50.2184 2 1 0
35.9048 50.226 50.226 2 1 0
35.9048 50.2335 50.2335 2 1 0
35.9048 50.2411 50.2411 2 1 0
35.9048 50.2486 50.2486 2 1 0
35.9048 50.2562 50.2562 2 1 0
35.9048 50.2638 50.2638 2 1 0
35.9048 50.2713 50.2713 2 1 0
35.9048 50.2789 50.2789 2 1 0
35.9048 50.2864 50.2864 2 1 0
35.9048 50.294 50.294 2 1 0
35.9048 50.3016 50.3016 2 1 0
35.9048 50.3091 50.3091 2 1 0
35.9048 50.3167 50.3167 2 1 0
35.9048 50.3242 50.3242 2 1 0
35.9048 50.3318 50.3318 2 1 0
35.9048 50.3394 50.3394 2 1 0
35.9048 50.3469 50.3469 2 1 0
35.9048 50.3545 50.3545 2 1 0
35.9048 50.362 50.362 2 1 0
35.9048 50.3696 50.3696 2 1 0
35.9048 50.3772 50.3772 2 1 0
35.9048 50.3847 50.3847 2 1 0
35.9048 50.3923 50.3923 2 1 0
35.9048 50.3998 50.3998 2 1 0
35.9048 50.4074 50.4074 2 1 0
35.9048 50.415 50.415 2 1 0
35.9048 50.4225 50.4225 2 1 0
35.9048 50.4301 50.4301 2 1 0
35.9048 50.4376 50.4376 2 1 0
35.9048 50.4452 50.4452 2 1 0
35.9048 50.4527 50.4527 2 1 0
35.9048 50.4603 50.4603 2 1 0
35.9048 50.4679 50.4679 2 1 0
35.9048 50.4754 50.4754 2 1 0
35.9048 50.483 50.483 2 1 0
35.9048 50.4905 50.4905 2 1 0
35.9048 50.4981 50.4981 2 1 0
35.9048 50.5057 50.5057 2 1 0
35.9048 50.5132 50.5132 2 1 0
35.9048 50.5208 50.5208 2 1 0
35.9048 50.5283 50.5283 2 1 0
35.9048 50.5359 50.5359 2 1 0
35.9048 50.5435 50.5435 2 1 0
35.9048 50.551 50.551 2 1 0
35.9048 50.5586 50.5586 2 1 0
35.9048 50.5661 50.5661 2 1 0
35.9048 50.5737 50.5737 2 1 0
35.9048 50.5813 50.5813 2 1 0
35.9048 50.5888 50.5888 2 1 0
35.9048 50.5964 50.5964 2 1 0
35.9048 50.6039 50.6039 2 1 0
35.9048 50.6115 50.6115 2 1 0
35.9048 50.6191 50.6191 2 1 0
35.9048 50.6266 50.6266 2 1 0
35.9048 50.6342 50.6342 2 1 0
35.9048 50.6417 50.6417 2 1 0
35.9048 50.6493 50.6493 2 1 0
35.9048 50.6568 50.6568 2 1 0
35.9048 50.6644 50.6644 2 1 0
35.9048 50.672 50.672 2 1 0
35.9048 50.6795 50.6795 2 1 0
35.9048 50.6871 50.6871 2 1 0
35.9048 50.6946 50.6946 2 1 0
35.9048 50.7022 50.7022 2 1 0
35.9048 50.7098 50.7098 2 1 0
35.9048 50.7173 50.7173 2 1 0
35.9048 50.7249 50.7249 2 1 0
35.9048 50.7324 50.7324 2 1 0
35.9048 50.74 50.74 2 1 0
35.9048 50.7476 50.7476 2 1 0
35.9048 50.7551 50.7551 2 1 0
35.9048 50.7627 50.7627 2 1 0
35.9048 50.7702 50.7702 2 1 0
35.9048 50.7778 50.7778 2 1 0
35.9048 50.7854 50.7854 2 1 0
35.9048 50.7929 50.7929 2 1 0
35.9048 50.8005 50.8005 2 1 0
35.9048 50.808 50.808 2 1 0
35.9048 50.8156 50.8156 2 1 0
35.9048 50.8232 50.8232 2 1 0
35.9048 50.8307 50.8307 2 1 0
35.9048 50.8383 50.8383 2 1 0
35.9048 50.8458 50.8458 2 1 0
35.9048 50.8534 50.8534 2 1 0
35.9048 50.861 50.861 2 1 0
35.9048 50.8685 50.8685 2 1 0
35.9048 50.8761 50.8761 2 1 0
35.9048 50.8836 50.8836 2 1 0
35.9048 50.8912 50.8912 2 1 0
35.9048 50.8987 50.8987 2 1 0
35.9048 50.9063 50.9063 2 1 0
35.9048 50.9139 50.9139 2 1 0
35.9048 50.9214 50.9214 2 1 0
35.9048 50.929 50.929 2 1 0
35.9048 50.9365 50.9365 2 1 0
35.9048 50.9441 50.9441 2 1 0
35.9048 50.9517 50.9517 2 1 0
35.9048 50.9592 50.9592 2 1 0
35.9048 50.9668 50.9668 2 1 0
35.9048 50.9743 50.9743 2 1 0
35.9048 50.9819 50.9819 2 1 0
35.9048 50.9895 50.9895 2 1 0
35.9048 50.997 50.997 2 1 0
35.9048 51.0046 51.0046 2 1 0
35.9048 51.0121 51.0121 2 1 0
35.9048 51.0197 51.0197 2 1 0
35.9048 51.0273 51.0273 2 1 0
35.9048 51.0348 51.0348 2 1 0
35.9048 51.0424 51.0424 2 1 0
35.9048 51.0499 51.0499 2 1 0
35.9048 51.0575 51.0575 2 1 0
35.9048 51.0651 51.0651 2 1 0
35.9048 51.0726 51.0726 2 1 0
35.9048 51.0802 51.0802 2 1 0
35.9048 51.0877 51.0877 2 1 0
35.9048 51.0953 51.0953 2 1 0
35.9048 51.1028 51.1028 2 1 0
35.9048 51.1104 51.1104 2 1 0
35.9048 51.118 51.118 2 1 0
35.9048 51.1255 51.1255 2 1 0
35.9048 51.1331 51.1331 2 1 0
35.9048 51.1406 51.1406 2 1 0
35.9048 51.1482 51.1482 2 1 0
35.9048 51.1558 51.1558 2 1 0
35.9048 51.1633 51.1633 2 1 0
35.9048 51.1709 51.1709 2 1 0
35.9048 51.1784 51.1784 2 1 0
35.9048 51.186 51.186 2 1 0
35.9048 51.1936 51.1936 2 1 0
35.9048 51.2011 51.2011 2 1 0
35.9048 51.2087 51.2087 2 1 0
35.9048 51.2162 51.2162 2 1 0
35.9048 51.2238 51.2238 2 1 0
35.9048 51.2314 51.2314 2 1 0
35.9048 51.2389 51.2389 2 1 0
35.9048 51.2465 51.2465 2 1 0
35.9048 51.254 51.254 2 1 0
35.9048 51.2616 51.2616 2 1 0
35.9048 51.2692 51.2692 2 1 0
35.9048 51.2767 51.2767 2 1 0
35.9048 51.2843 51.2843 2 1 0
35.9048 51.2918 51.2918 2 1 0
35.9048 51.2994 51.2994 2 1 0
35.9048 51.3069 51.3069 2 1 0
35.9048 51.3145 51.3145 2 1 0
35.9048 51.3221 51.3221 2 1 0
35.9048 51.3296 51.3296 2 1 0
35.9048 51.3372 51.3372 2 1 0
35.9048 51.3447 51.3447 2 1 0
35.9048 51.3523 51.3523 2 1 0
35.9048 51.3599 51.3599 2 1 0
35.9048 51.3674 51.3674 2 1 0
35.9048 51.375 51.375 2 1 0
35.9048 51.3825 51.3825 2 1 0
35.9048 51.3901 51.3901 2 1 0
35.9048 51.3977 51.3977 2 1 0
35.9048 51.4052 51.4052 2 1 0
35.9048 51.4128 51.4128 2 1 0
35.9048 51.4203 51.4203 2 1 0
35.9048 51.4279 51.4279 2 1 0
35.9048 51.4355 51.4355 2 1 0
35.9048 51.443 51.443 2 1 0
35.9048 51.4506 51.4506 2 1 0
35.9048 51.4581 51.4581 2 1 0
35.9048 51.4657 51.4657 2 1 0
35.9048 51.4733 51.4733 2 1 0
35.9048 51.4808 51.4808 2 1 0
35.9048 51.4884 51.4884 2 1 0
35.9048 51.4959 51.4959 2 1 0
35.9048 51.5035 51.5035 2 1 0
35.9048 51.511 51.511 2 1 0
35.9048 51.5186 51.5186 2 1 0
35.9048 51.5262 51.5262 2 1 0
35.9048 51.5337 51.5337 2 1 0
35.9048 51.5413 51.5413 2 1 0
35.9048 51.5488 51.5488 2 1 0
35.9048 51.5564 51.5564 2 1 0
35.9048 51.564 51.564 2 1 0
35.9048 51.5715 51.5715 2 1 0
35.9048 51.5791 51.5791 2 1 0
35.9048 51.5866 51.5866 2 1 0
35.9048 51.5942 51.5942 2 1 0
35.9048 51.6018 51.6018 2 1 0
35.9048 51.6093 51.6093 2 1 0
35.9048 51.6169 51.6169 2 1 0
35.9048 51.6244 51.6244 2 1 0
35.9048 51.632 51.632 2 1 0
35.9048 51.6396 51.6396 2 1 0
35.9048 51.6471 51.6471 2 1 0
35.9048 51.6547 51.6547 2 1 0
35.9048 51.6622 51.6622 2 1 0
35.9048 51.6698 51.6698 2 1 0
35.9048 51.6774 51.6774 2 1 0
35.9048 51.6849 51.6849 2 1 0
35.9048 51.6925 51.6925 2 1 0
35.9048 51.7 51.7 2 1 0
35.9048 51.7076 51.7076 2 1 0
35.9048 51.7151 51.7151 2 1 0
35.9048 51.7227 51.7227 2 1 0
35.9048 51.7303 51.7303 2 1 0
35.9048 51.7378 51.7378 2 1 0
35.9048 51.7454 51.7454 2 1 0
35.9048 51.7529 51.7529 2 1 0
35.9048 51.7605 51.7605 2 1 0
35.9048 51.7681 51.7681 2 1 0
35.9048 51.7756 51.7756 2 1 0
35.9048 51.7832 51.7832 2 1 0
35.9048 51.7907 51.7907 2 1 0
35.9048 51.7983 51.7983 2 1 0
35.9048 51.8059 51.8059 2 1 0
35.9048 51.8134 51.8134 2 1 0
35.9048 51.821 51.821 2 1 0
35.9048 51.8285 51.8285 2 1 0
35.9048 51.8361 51.8361 2 1 0
35.9048 51.8437 51.8437 2 1 0
35.9048 51.8512 51.8512 2 1 0
35.9048 51.8588 51.8588 2 1 0
35.9048 51.8663 51.8663 2 1 0
35.9048 51.8739 51.8739 2 1 0
35.9048 51.8815 51.8815 2 1 0
35.9048 51.889 51.889 2 1 0
35.9048 51.8966 51.8966 2 1 0
35.9048 51.9041 51.9041 2 1 0
35.9048 51.9117 51.9117 2 1 0
35.9048 51.9193 51.9193 2 1 0
35.9048 51.9268 51.9268 2 1 0
35.9048 51.9344 51.9344 2 1 0
35.9048 51.9419 51.9419 2 1 0
35.9048 51.9495 51.9495 2 1 0
35.9048 51.957 51.957 2 1 0
35.9048 51.9646 51.9646 2 1 0
35.9048 51.9722 51.9722 2 1 0
35.9048 51.9797 51.9797 2 1 0
35.9048 51.9873 51.9873 2 1 0
35.9048 51.9948 51.9948 2 1 0
35.9048 52.0024 52.0024 2 1 0
35.9048 52.01 52.01 2 1 0
35.9048 52.0175 52.0175 2 1 0
35.9048 52.0251 52.0251 2 1 0
35.9048 52.0326 52.0326 2 1 0
35.9048 52.0402 52.0402 2 1 0
35.9048 52.0478 52.0478 2 1 0
35.9048 52.0553 52.0553 2 1 0
35.9048 52.0629 52.0629 2 1 0
35.9048 52.0704 52.0704 2 1 0
35.9048 52.078 52.078 2 1 0
35.9048 52.0856 52.0856 2 1 0
35.9048 52.0931 52.0931 2 1 0
35.9048 52.1007 52.1007 2 1 0
35.9048 52.1082 52.1082 2 1 0
35.9048 52.1158 52.1158 2 1 0
35.9048 52.1234 52.1234 2 1 0
35.9048 52.1309 52.1309 2 1 0
35.9048 52.1385 52.1385 2 1 0
35.9048 52.146 52.146 2 1 0
35.9048 52.1536 52.1536 2 1 0
35.9048 52.1611 52.1611 2 1 0
35.9048 52.1687 52.1687 2 1 0
35.9048 52.1763 52.1763 2 1 0
35.9048 52.1838 52.1838 2 1 0
35.9048 52.1914 52.1914 2 1 0
35.9048 52.1989 52.1989 2 1 0
35.9048 52.2065 52.2065 2 1 0
35.9048 52.2141 52.2141 2 1 0
35.9048 52.2216 52.2216 2 1 0
35.9048 52.2292 52.2292 2 1 0
35.9048 52.2367 52.2367 2 1 0
35.9048 52.2443 52.2443 2 1 0
35.9048 52.2519 52.2519 2 1 0
35.9048 52.2594 52.2594 2 1 0
35.9048 52.267 52.267 2 1 0
35.9048 52.2745 52.2745 2 1 0
35.9048 52.2821 52.2821 2 1 0
35.9048 52.2897 52.2897 2 1 0
35.9048 52.2972 52.2972 2 1 0
35.9048 52.3048 52.3048 2 1 0
35.9048 52.3123 52.3123 2 1 0
35.9048 52.3199 52.3199 2 1 0
35.9048 52.3275 52.3275 2 1 0
35.9048 52.335 52.335 2 1 0
35.9048 52.3426 52.3426 2 1 0
35.9048 52.3501 52.3501 2 1 0
35.9048 52.3577 52.3577 2 1 0
35.9048 52.3652 52.3652 2 1 0
35.9048 52.3728 52.3728 2 1 0
35.9048 52.3804 52.3804 2 1 0
35.9048 52.3879 52.3879 2 1 0
35.9048 52.3955 52.3955 2 1 0
35.9048 52.403 52.403 2 1 0
35.9048 52.4106 52.4106 2 1 0
35.9048 52.4182 52.4182 2 1 0
35.9048 52.4257 52.4257 2 1 0
35.9048 52.4333 52.4333 2 1 0
35.9048 52.4408 52.4408 2 1 0
35.9048 52.4484 52.4484 2 1 0
35.9048 52.456 52.456 2 1 0
35.9048 52.4635 52.4635 2 1 0
35.9048 52.4711 52.4711 2 1 0
35.9048 52.4786 52.4786 2 1 0
35.9048 52.4862 52.4862 2 1 0
35.9048 52.4938 52.4938 2 1 0
35.9048 52.5013 52.5013 2 1 0
35.9048 52.5089 52.5089 2 1 0
35.9048 52.5164 52.5164 2 1 0
35.9048 52.524 52.524 2 1 0
35.9048 52.5316 52.5316 2 1 0
35.9048 52.5391 52.5391 2 1 0
35.9048 52.5467 52.5467 2 1 0
35.9048 52.5542 52.5542 2 1 0
35.9048 52.5618 52.5618 2 1 0
35.9048 52.5693 52.5693 2 1 0
35.9048 52.5769 52.5769 2 1 0
35.9048 52.5845 52.5845 2 1 0
35.9048 52.592 52.592 2 1 0
35.9048 52.5996 52.5996 2 1 0
35.9048 52.6071 52.6071 2 1 0
35.9048 52.6147 52.6147 2 1 0
35.9048 52.6223 52.6223 2 1 0
35.9048 52.6298 52.6298 2 1 0
35.9048 52.6374 52.6374 2 1 0
35.9048 52.6449 52.6449 2 1 0
35.9048 52.6525 52.6525 2 1 0
35.9048 52.6601 52.6601 2 1 0
35.9048 52.6676 52.6676 2 1 0
35.9048 52.6752 52.6752 2 1 0
35.9048 52.6827 52.6827 2 1 0
35.9048 52.6903 52.6903 2 1 0
35.9048 52.6979 52.6979 2 1 0
35.9048 52.7054 52.7054 2 1 0
35.9048 52.713 52.713 2 1 0
35.9048 52.7205 52.7205 2 1 0
35.9048 52.7281 52.7281 2 1 0
35.9048 52.7357 52.7357 2 1 0
35.9048 52.7432 52.7432 2 1 0
35.9048 52.7508 52.7508 2 1 0
35.9048 52.7583 52.7583 2 1 0
35.9048 52.7659 52.7659 2 1 0
35.9048 52.7735 52.7735 2 1 0
35.9048 52.781 52.781 2 1 0
35.9048 52.7886 52.7886 2 1 0
35.9048 52.7961 52.7961 2 1 0
35.9048 52.8037 52.8037 2 1 0
35.9048 52.8112 52.8112 2 1 0
35.9048 52.8188 52.8188 2 1 0
35.9048 52.8264 52.8264 2 1 0
35.9048 52.8339 52.8339 2 1 0
35.9048 52.8415 52.8415 2 1 0
35.9048 52.849 52.849 2 1 0
35.9048 52.8566 52.8566 2 1 0
35.9048 52.8642 52.8642 2 1 0
35.9048 52.8717 52.8717 2 1 0
35.9048 52.8793 52.8793 2 1 0
35.9048 52.8868 52.8868 2 1 0
35.9048 52.8944 52.8944 2 1 0
35.9048 52.902 52.902 2 1 0
35.9048 52.9095 52.9095 2 1 0
35.9048 52.9171 52.9171 2 1 0
35.9048 52.9246 52.9246 2 1 0
35.9048 52.9322 52.9322 2 1 0
35.9048 52.9398 52.9398 2 1 0
35.9048 52.9473 52.9473 2 1 0
35.9048 52.9549 52.9549 2 1 0
35.9048 52.9624 52.9624 2 1 0
35.9048 52.97 52.97 2 1 0
35.9048 52.9776 52.9776 2 1 0
35.9048 52.9851 52.9851 2 1 0
35.9048 52.9927 52.9927 2 1 0
35.9048 53.0002 53.0002 2 1 0
35.9048 53.0078 53.0078 2 1 0
35.9048 53.0153 53.0153 2 1 0
35.9048 53.0229 53.0229 2 1 0
35.9048 53.0305 53.0305 2 1 0
35.9048 53.038 53.038 2 1 0
35.9048 53.0456 53.0456 2 1 0
35.9048 53.0531 53.0531 2 1 0
35.9048 53.0607 53.0607 2 1 0
35.9048 53.0683 53.0683 2 1 0
35.9048 53.0758 53.0758 2 1 0
35.9048 53.0834 53.0834 2 1 0
35.9048 53.0909 53.0909 2 1 0
35.9048 53.0985 53.0985 2 1 0
35.9048 53.1061 53.1061 2 1 0
35.9048 53.1136 53.1136 2 1 0
35.9048 53.1212 53.1212 2 1 0
35.9048 53.1287 53.1287 2 1 0
35.9048 53.1363 53.1363 2 1 0
35.9048 53.1439 53.1439 2 1 0
35.9048 53.1514 53.1514 2 1 0
35.9048 53.159 53.159 2 1 0
35.9048 53.1665 53.1665 2 1 0
35.9048 53.1741 53.1741 2 1 0
35.9048 53.1817 53.1817 2 1 0
35.9048 53.1892 53.1892 2 1 0
35.9048 53.1968 53.1968 2 1 0
35.9048 53.2043 53.2043 2 1 0
35.9048 53.2119 53.2119 2 1 0
35.9048 53.2194 53.2194 2 1 0
35.9048 53.227 53.227 2 1 0
35.9048 53.2346 53.2346 2 1 0
35.9048 53.2421 53.2421 2 1 0
35.9048 53.2497 53.2497 2 1 0
35.9048 53.2572 53.2572 2 1 0
35.9048 53.2648 53.2648 2 1 0
35.9048 53.2724 53.2724 2 1 0
35.9048 53.2799 53.2799 2 1 0
35.9048 53.2875 53.2875 2 1 0
35.9048 53.295 53.295 2 1 0
35.9048 53.3026 53.3026 2 1 0
35.9048 53.3102 53.3102 2 1 0
35.9048 53.3177 53.3177 2 1 0
35.9048 53.3253 53.3253 2 1 0
35.9048 53.3328 53.3328 2 1 0
35.9048 53.3404 53.3404 2 1 0
35.9048 53.348 53.348 2 1 0
35.9048 53.3555 53.3555 2 1 0
35.9048 53.3631 53.3631 2 1 0
35.9048 53.3706 53.3706 2 1 0
35.9048 53.3782 53.3782 2 1 0
35.9048 53.3858 53.3858 2 1 0
35.9048 53.3933 53.3933 2 1 0
35.9048 53.4009 53.4009 2 1 0
35.9048 53.4084 53.4084 2 1 0
35.9048 53.416 53.416 2 1 0
35.9048 53.4235 53.4235 2 1 0
35.9048 53.4311 53.4311 2 1 0
35.9048 53.4387 53.4387 2 1 0
35.9048 53.4462 53.4462 2 1 0
35.9048 53.4538 53.4538 2 1 0
35.9048 53.4613 53.4613 2 1 0
35.9048 53.4689 53.4689 2 1 0
35.9048 53.4765 53.4765 2 1 0
35.9048 53.484 53.484 2 1 0
35.9048 53.4916 53.4916 2 1 0
35.9048 53.4991 53.4991 2 1 0
35.9048 53.5067 53.5067 2 1 0
35.9048 53.5143 53.5143 2 1 0
35.9048 53.5218 53.5218 2 1 0
35.9048 53.5294 53.5294 2 1 0
35.9048 53.5369 53.5369 2 1 0
35.9048 53.5445 53.5445 2 1 0
35.9048 53.5521 53.5521 2 1 0
35.9048 53.5596 53.5596 2 1 0
35.9048 53.5672 53.5672 2 1 0
35.9048 53.5747 53.5747 2 1 0
35.9048 53.5823 53.5823 2 1 0
35.9048 53.5899 53.5899 2 1 0
35.9048 53.5974 53.5974 2 1 0
35.9048 53.605 53.605 2 1 0
35.9048 53.6125 53.6125 2 1 0
35.9048 53.6201 53.6201 2 1 0
35.9048 53.6277 53.6277 2 1 0
35.9048 53.6352 53.6352 2 1 0
35.9048 53.6428 53.6428 2 1 0
35.9048 53.6503 53.6503 2 1 0
35.9048 53.6579 53.6579 2 1 0
35.9048 53.6654 53.6654 2 1 0
35.9048 53.673 53.673 2 1 0
35.9048 53.6806 53.6806 2 1 0
35.9048 53.6881 53.6881 2 1 0
35.9048 53.6957 53.6957 2 1 0
35.9048 53.7032 53.7032 2 1 0
35.9048 53.7108 53.7108 2 1 0
35.9048 53.7184 53.7184 2 1 0
35.9048 53.7259 53.7259 2 1 0
35.9048 53.7335 53.7335 2 1 0
35.9048 53.741 53.741 2 1 0
35.9048 53.7486 53.7486 2 1 0
35.9048 53.7562 53.7562 2 1 0
35.9048 53.7637 53.7637 2 1 0
35.9048 53.7713 53.7713 2 1 0
35.9048 53.7788 53.7788 2 1 0
35.9048 53.7864 53.7864 2 1 0
35.9048 53.794 53.794 2 1 0
35.9048 53.8015 53.8015 2 1 0
35.9048 53.8091 53.8091 2 1 0
35.9048 53.8166 53.8166 2 1 0
35.9048 53.8242 53.8242 2 1 0
35.9048 53.8318 53.8318 2 1 0
35.9048 53.8393 53.8393 2 1 0
35.9048 53.8469 53.8469 2 1 0
35.9048 53.8544 53.8544 2 1 0
35.9048 53.862 53.862 2 1 0
35.9048 53.8695 53.8695 2 1 0
35.9048 53.8771 53.8771 2 1 0
35.9048 53.8847 53.8847 2 1 0
35.9048 53.8922 53.8922 2 1 0
35.9048 53.8998 53.8998 2 1 0
35.9048 53.9073 53.9073 2 1 0
35.9048 53.9149 53.9149 2 1 0
35.9048 53.9225 53.9225 2 1 0
35.9048 53.93 53.93 2 1 0
35.9048 53.9376 53.9376 2 1 0
35.9048 53.9451 53.9451 2 1 0
35.9048 53.9527 53.9527 2 1 0
35.9048 53.9603 53.9603 2 1 0
35.9048 53.9678 53.9678 2 1 0
35.9048 53.9754 53.9754 2 1 0
35.9048 53.9829 53.9829 2 1 0
35.9048 53.9905 53.9905 2 1 0
35.9048 53.9981 53.9981 2 1 0
35.9048 54.0056 54.0056 2 1 0
35.9048 54.0132 54.0132 2 1 0
35.9048 54.0207 54.0207 2 1 0
35.9048 54.0283 54.0283 2 1 0
35.9048 54.0359 54.0359 2 1 0
35.9048 54.0434 54.0434 2 1 0
35.9048 54.051 54.051 2 1 0
35.9048 54.0585 54.0585 2 1 0
35.9048 54.0661 54.0661 2 1 0
35.9048 54.0736 54.0736 2 1 0
35.9048 54.0812 54.0812 2 1 0
35.9048 54.0888 54.0888 2 1 0
35.9048 54.0963 54.0963 2 1 0
35.9048 54.1039 54.1039 2 1 0
35.9048 54.1114 54.1114 2 1 0
35.9048 54.119 54.119 2 1 0
35.9048 54.1266 54.1266 2 1 0
35.9048 54.1341 54.1341 2 1 0
35.9048 54.1417 54.1417 2 1 0
35.9048 54.1492 54.1492 2 1 0
35.9048 54.1568 54.1568 2 1 0
35.9048 54.1644 54.1644 2 1 0
35.9048 54.1719 54.1719 2 1 0
35.9048 54.1795 54.1795 2 1 0
35.9048 54.187 54.187 2 1 0
35.9048 54.1946 54.1946 2 1 0
35.9048 54.2022 54.2022 2 1 0
35.9048 54.2097 54.2097 2 1 0
35.9048 54.2173 54.2173 2 1 0
35.9048 54.2248 54.2248 2 1 0
35.9048 54.2324 54.2324 2 1 0
35.9048 54.24 54.24 2 1 0
35.9048 54.2475 54.2475 2 1 0
35.9048 54.2551 54.2551 2 1 0
35.9048 54.2626 54.2626 2 1 0
35.9048 54.2702 54.2702 2 1 0
35.9048 54.2777 54.2777 2 1 0
35.9048 54.2853 54.2853 2 1 0
35.9048 54.2929 54.2929 2 1 0
35.9048 54.3004 54.3004 2 1 0
35.9048 54.308 54.308 2 1 0
35.9048 54.3155 54.3155 2 1 0
35.9048 54.3231 54.3231 2 1 0
35.9048 54.3307 54.3307 2 1 0
35.9048 54.3382 54.3382 2 1 0
35.9048 54.3458 54.3458 2 1 0
35.9048 54.3533 54.3533 2 1 0
35.9048 54.3609 54.3609 2 1 0
35.9048 54.3685 54.3685 2 1 0
35.9048 54.376 54.376 2 1 0
35.9048 54.3836 54.3836 2 1 0
35.9048 54.3911 54.3911 2 1 0
35.9048 54.3987 54.3987 2 1 0
35.9048 54.4063 54.4063 2 1 0
35.9048 54.4138 54.4138 2 1 0
35.9048 54.4214 54.4214 2 1 0
35.9048 54.4289 54.4289 2 1 0
35.9048 54.4365 54.4365 2 1 0
35.9048 54.4441 54.4441 2 1 0
35.9048 54.4516 54.4516 2 1 0
35.9048 54.4592 54.4592 2 1 0
35.9048 54.4667 54.4667 2 1 0
35.9048 54.4743 54.4743 2 1 0
35.9048 54.4819 54.4819 2 1 0
35.9048 54.4894 54.4894 2 1 0
35.9048 54.497 54.497 2 1 0
35.9048 54.5045 54.5045 2 1 0
35.9048 54.5121 54.5121 2 1 0
35.9048 54.5196 54.5196 2 1 0
35.9048 54.5272 54.5272 2 1 0
35.9048 54.5348 54.5348 2 1 0
35.9048 54.5423 54.5423 2 1 0
35.9048 54.5499 54.5499 2 1 0
35.9048 54.5574 54.5574 2 1 0
35.9048 54.565 54.565 2 1 0
35.9048 54.5726 54.5726 2 1 0
35.9048 54.5801 54.5801 2 1 0
35.9048 54.5877 54.5877 2 1 0
35.9048 54.5952 54.5952 2 1 0
35.9048 54.6028 54.6028 2 1 0
35.9048 54.6104 54.6104 2 1 0
35.9048 54.6179 54.6179 2 1 0
35.9048 54.6255 54.6255 2 1 0
35.9048 54.633 54.633 2 1 0
35.9048 54.6406 54.6406 2 1 0
35.9048 54.6482 54.6482 2 1 0
35.9048 54.6557 54.6557 2 1 0
35.9048 54.6633 54.6633 2 1 0
35.9048 54.6708 54.6708 2 1 0
35.9048 54.6784 54.6784 2 1 0
35.9048 54.686 54.686 2 1 0
35.9048 54.6935 54.6935 2 1 0
35.9048 54.7011 54.7011 2 1 0
35.9048 54.7086 54.7086 2 1 0
35.9048 54.7162 54.7162 2 1 0
35.9048 54.7237 54.7237 2 1 0
35.9048 54.7313 54.7313 2 1 0
35.9048 54.7389 54.7389 2 1 0
35.9048 54.7464 54.7464 2 1 0
35.9048 54.754 54.754 2 1 0
35.9048 54.7615 54.7615 2 1 0
35.9048 54.7691 54.7691 2 1 0
35.9048 54.7767 54.7767 2 1 0
35.9048 54.7842 54.7842 2 1 0
35.9048 54.7918 54.7918 2 1 0
35.9048 54.7993 54.7993 2 1 0
35.9048 54.8069 54.8069 2 1 0
35.9048 54.8145 54.8145 2 1 0
35.9048 54.822 54.822 2 1 0
35.9048 54.8296 54.8296 2 1 0
35.9048 54.8371 54.8371 2 1 0
35.9048 54.8447 54.8447 2 1 0
35.9048 54.8523 54.8523 2 1 0
35.9048 54.8598 54.8598 2 1 0
35.9048 54.8674 54.8674 2 1 0
35.9048 54.8749 54.8749 2 1 0
35.9048 54.8825 54.8825 2 1 0
35.9048 54.8901 54.8901 2 1 0
35.9048 54.8976 54.8976 2 1 0
35.9048 54.9052 54.9052 2 1 0
35.9048 54.9127 54.9127 2 1 0
35.9048 54.9203 54.9203 2 1 0
35.9048 54.9278 54.9278 2 1 0
35.9048 54.9354 54.9354 2 1 0
35.9048 54.943 54.943 2 1 0
35.9048 54.9505 54.9505 2 1 0
35.9048 54.9581 54.9581 2 1 0
35.9048 54.9656 54.9656 2 1 0
35.9048 54.9732 54.9732 2 1 0
35.9048 54.9808 54.9808 2 1 0
35.9048 54.9883 54.9883 2 1 0
35.9048 54.9959 54.9959 2 1 0
35.9048 55.0034 55.0034 2 1 0
35.9048 55.011 55.011 2 1 0
35.9048 55.0186 55.0186 2 1 0
35.9048 55.0261 55.0261 2 1 0
35.9048 55.0337 55.0337 2 1 0
35.9048 55.0412 55.0412 2 1 0
35.9048 55.0488 55.0488 2 1 0
35.9048 55.0564 55.0564 2 1 0
35.9048 55.0639 55.0639 2 1 0
35.9048 55.0715 55.0715 2 1 0
35.9048 55.079 55.079 2 1 0
35.9048 55.0866 55.0866 2 1 0
35.9048 55.0942 55.0942 2 1 0
35.9048 55.1017 55.1017 2 1 0
35.9048 55.1093 55.1093 2 1 0
35.9048 55.1168 55.1168 2 1 0
35.9048 55.1244 55.1244 2 1 0
35.9048 55.1319 55.1319 2 1 0
35.9048 55.1395 55.1395 2 1 0
35.9048 55.1471 55.1471 2 1 0
35.9048 55.1546 55.1546 2 1 0
35.9048 55.1622 55.1622 2 1 0
35.9048 55.1697 55.1697 2 1 0
35.9048 55.1773 55.1773 2 1 0
35.9048 55.1849 55.1849 2 1 0
35.9048 55.1924 55.1924 2 1 0
35.9048 55.2 55.2 2 1 0
35.9048 55.2075 55.2075 2 1 0
35.9048 55.2151 55.2151 2 1 0
35.9048 55.2227 55.2227 2 1 0
35.9048 55.2302 55.2302 2 1 0
35.9048 55.2378 55.2378 2 1 0
35.9048 55.2453 55.2453 2 1 0
35.9048 55.2529 55.2529 2 1 0
35.9048 55.2605 55.2605 2 1 0
35.9048 55.268 55.268 2 1 0
35.9048 55.2756 55.2756 2 1 0
35.9048 55.2831 55.2831 2 1 0
35.9048 55.2907 55.2907 2 1 0
35.9048 55.2983 55.2983 2 1 0
35.9048 55.3058 55.3058 2 1 0
35.9048 55.3134 55.3134 2 1 0
35.9048 55.3209 55.3209 2 1 0
35.9048 55.3285 55.3285 2 1 0
35.9048 55.336 55.336 2 1 0
35.9048 55.3436 55.3436 2 1 0
35.9048 55.3512 55.3512 2 1 0
35.9048 55.3587 55.3587 2 1 0
35.9048 55.3663 55.3663 2 1 0
35.9048 55.3738 55.3738 2 1 0
35.9048 55.3814 55.3814 2 1 0
35.9048 55.389 55.389 2 1 0
35.9048 55.3965 55.3965 2 1 0
35.9048 55.4041 55.4041 2 1 0
35.9048 55.4116 55.4116 2 1 0
35.9048 55.4192 55.4192 2 1 0
35.9048 55.4268 55.4268 2 1 0
35.9048 55.4343 55.4343 2 1 0
35.9048 55.4419 55.4419 2 1 0
35.9048 55.4494 55.4494 2 1 0
35.9048 55.457 55.457 2 1 0
35.9048 55.4646 55.4646 2 1 0
35.9048 55.4721 55.4721 2 1 0
35.9048 55.4797 55.4797 2 1 0
35.9048 55.4872 55.4872 2 1 0
35.9048 55.4948 55.4948 2 1 0
35.9048 55.5024 55.5024 2 1 0
35.9048 55.5099 55.5099 2 1 0
35.9048 55.5175 55.5175 2 1 0
35.9048 55.525 55.525 2 1 0
35.9048 55.5326 55.5326 2 1 0
35.9048 55.5402 55.5402 2 1 0
35.9048 55.5477 55.5477 2 1 0
35.9048 55.5553 55.5553 2 1 0
35.9048 55.5628 55.5628 2 1 0
35.9048 55.5704 55.5704 2 1 0
35.9048 55.5779 55.5779 2 1 0
35.9048 55.5855 55.5855 2 1 0
35.9048 55.5931 55.5931 2 1 0
35.9048 55.6006 55.6006 2 1 0
35.9048 55.6082 55.6082 2 1 0
35.9048 55.6157 55.6157 2 1 0
35.9048 55.6233 55.6233 2 1 0
35.9048 55.6309 55.6309 2 1 0
35.9048 55.6384 55.6384 2 1 0
35.9048 55.646 55.646 2 1 0
35.9048 55.6535 55.6535 2 1 0
35.9048 55.6611 55.6611 2 1 0
35.9048 55.6687 55.6687 2 1 0
35.9048 55.6762 55.6762 2 1 0
35.9048 55.6838 55.6838 2 1 0
35.9048 55.6913 55.6913 2 1 0
35.9048 55.6989 55.6989 2 1 0
35.9048 55.7065 55.7065 2 1 0
35.9048 55.714 55.714 2 1 0
35.9048 55.7216 55.7216 2 1 0
35.9048 55.7291 55.7291 2 1 0
35.9048 55.7367 55.7367 2 1 0
35.9048 55.7443 55.7443 2 1 0
35.9048 55.7518 55.7518 2 1 0
35.9048 55.7594 55.7594 2 1 0
35.9048 55.7669 55.7669 2 1 0
35.9048 55.7745 55.7745 2 1 0
35.9048 55.782 55.782 2 1 0
35.9048 55.7896 55.7896 2 1 0
35.9048 55.7972 55.7972 2 1 0
35.9048 55.8047 55.8047 2 1 0
35.9048 55.8123 55.8123 2 1 0
35.9048 55.8198 55.8198 2 1 0
35.9048 55.8274 55.8274 2 1 0
35.9048 55.835 55.835 2 1 0
35.9048 55.8425 55.8425 2 1 0
35.9048 55.8501 55.8501 2 1 0
35.9048 55.8576 55.8576 2 1 0
35.9048 55.8652 55.8652 2 1 0
35.9048 55.8728 55.8728 2 1 0
35.9048 55.8803 55.8803 2 1 0
35.9048 55.8879 55.8879 2 1 0
35.9048 55.8954 55.8954 2 1 0
35.9048 55.903 55.903 2 1 0
35.9048 55.9106 55.9106 2 1 0
35.9048 55.9181 55.9181 2 1 0
35.9048 55.9257 55.9257 2 1 0
35.9048 55.9332 55.9332 2 1 0
35.9048 55.9408 55.9408 2 1 0
35.9048 55.9484 55.9484 2 1 0
35.9048 55.9559 55.9559 2 1 0
35.9048 55.9635 55.9635 2 1 0
35.9048 55.971 55.971 2 1 0
35.9048 55.9786 55.9786 2 1 0
35.9048 55.9861 55.9861 2 1 0
35.9048 55.9937 55.9937 2 1 0
35.9048 56.0013 56.0013 2 1 0
35.9048 56.0088 56.0088 2 1 0
35.9048 56.0164 56.0164 2 1 0
35.9048 56.0239 56.0239 2 1 0
35.9048 56.0315 56.0315 2 1 0
35.9048 56.0391 56.0391 2 1 0
35.9048 56.0466 56.0466 2 1 0
35.9048 56.0542 56.0542 2 1 0
35.9048 56.0617 56.0617 2 1 0
35.9048 56.0693 56.0693 2 1 0
35.9048 56.0769 56.0769 2 1 0
35.9048 56.0844 56.0844 2 1 0
35.9048 56.092 56.092 2 1 0
35.9048 56.0995 56.0995 2 1 0
35.9048 56.1071 56.1071 2 1 0
35.9048 56.1147 56.1147 2 1 0
35.9048 56.1222 56.1222 2 1 0
35.9048 56.1298 56.1298 2 1 0
35.9048 56.1373 56.1373 2 1 0
35.9048 56.1449 56.1449 2 1 0
35.9048 56.1525 56.1525 2 1 0
35.9048 56.16 56.16 2 1 0
35.9048 56.1676 56.1676 2 1 0
35.9048 56.1751 56.1751 2 1 0
35.9048 56.1827 56.1827 2 1 0
35.9048 56.1902 56.1902 2 1 0
35.9048 56.1978 56.1978 2 1 0
35.9048 56.2054 56.2054 2 1 0
35.9048 56.2129 56.2129 2 1 0
35.9048 56.2205 56.2205 2 1 0
35.9048 56.228 56.228 2 1 0
35.9048 56.2356 56.2356 2 1 0
35.9048 56.2432 56.2432 2 1 0
35.9048 56.2507 56.2507 2 1 0
35.9048 56.2583 56.2583 2 1 0
35.9048 56.2658 56.2658 2 1 0
35.9048 56.2734 56.2734 2 1 0
35.9048 56.281 56.281 2 1 0
35.9048 56.2885 56.2885 2 1 0
35.9048 56.2961 56.2961 2 1 0
35.9048 56.3036 56.3036 2 1 0
35.9048 56.3112 56.3112 2 1 0
35.9048 56.3188 56.3188 2 1 0
35.9048 56.3263 56.3263 2 1 0
35.9048 56.3339 56.3339 2 1 0
35.9048 56.3414 56.3414 2 1 0
35.9048 56.349 56.349 2 1 0
35.9048 56.3566 56.3566 2 1 0
35.9048 56.3641 56.3641 2 1 0
35.9048 56.3717 56.3717 2 1 0
35.9048 56.3792 56.3792 2 1 0
35.9048 56.3868 56.3868 2 1 0
35.9048 56.3944 56.3944 2 1 0
35.9048 56.4019 56.4019 2 1 0
35.9048 56.4095 56.4095 2 1 0
35.9048 56.417 56.417 2 1 0
35.9048 56.4246 56.4246 2 1 0
35.9048 56.4321 56.4321 2 1 0
35.9048 56.4397 56.4397 2 1 0
35.9048 56.4473 56.4473 2 1 0
35.9048 56.4548 56.4548 2 1 0
35.9048 56.4624 56.4624 2 1 0
35.9048 56.4699 56.4699 2 1 0
35.9048 56.4775 56.4775 2 1 0
35.9048 56.4851 56.4851 2 1 0
35.9048 56.4926 56.4926 2 1 0
35.9048 56.5002 56.5002 2 1 0
35.9048 56.5077 56.5077 2 1 0
35.9048 56.5153 56.5153 2 1 0
35.9048 56.5229 56.5229 2 1 0
35.9048 56.5304 56.5304 2 1 0
35.9048 56.538 56.538 2 1 0
35.9048 56.5455 56.5455 2 1 0
35.9048 56.5531 56.5531 2 1 0
35.9048 56.5607 56.5607 2 1 0
35.9048 56.5682 56.5682 2 1 0
35.9048 56.5758 56.5758 2 1 0
35.9048 56.5833 56.5833 2 1 0
35.9048 56.5909 56.5909 2 1 0
35.9048 56.5985 56.5985 2 1 0
35.9048 56.606 56.606 2 1 0
35.9048 56.6136 56.6136 2 1 0
35.9048 56.6211 56.6211 2 1 0
35.9048 56.6287 56.6287 2 1 0
35.9048 56.6362 56.6362 2 1 0
35.9048 56.6438 56.6438 2 1 0
35.9048 56.6514 56.6514 2 1 0
35.9048 56.6589 56.6589 2 1 0
35.9048 56.6665 56.6665 2 1 0
35.9048 56.674 56.674 2 1 0
35.9048 56.6816 56.6816 2 1 0
35.9048 56.6892 56.6892 2 1 0
35.9048 56.6967 56.6967 2 1 0
35.9048 56.7043 56.7043 2 1 0
35.9048 56.7118 56.7118 2 1 0
35.9048 56.7194 56.7194 2 1 0
35.9048 56.727 56.727 2 1 0
35.9048 56.7345 56.7345 2 1 0
35.9048 56.7421 56.7421 2 1 0
35.9048 56.7496 56.7496 2 1 0
35.9048 56.7572 56.7572 2 1 0
35.9048 56.7648 56.7648 2 1 0
35.9048 56.7723 56.7723 2 1 0
35.9048 56.7799 56.7799 2 1 0
35.9048 56.7874 56.7874 2 1 0
35.9048 56.795 56.795 2 1 0
35.9048 56.8026 56.8026 2 1 0
35.9048 56.8101 56.8101 2 1 0
35.9048 56.8177 56.8177 2 1 0
35.9048 56.8252 56.8252 2 1 0
35.9048 56.8328 56.8328 2 1 0
35.9048 56.8403 56.8403 2 1 0
35.9048 56.8479 56.8479 2 1 0
35.9048 56.8555 56.8555 2 1 0
35.9048 56.863 56.863 2 1 0
35.9048 56.8706 56.8706 2 1 0
35.9048 56.8781 56.8781 2 1 0
35.9048 56.8857 56.8857 2 1 0
35.9048 56.8933 56.8933 2 1 0
35.9048 56.9008 56.9008 2 1 0
35.9048 56.9084 56.9084 2 1 0
35.9048 56.9159 56.9159 2 1 0
35.9048 56.9235 56.9235 2 1 0
35.9048 56.9311 56.9311 2 1 0
35.9048 56.9386 56.9386 2 1 0
35.9048 56.9462 56.9462 2 1 0
35.9048 56.9537 56.9537 2 1 0
35.9048 56.9613 56.9613 2 1 0
35.9048 56.9689 56.9689 2 1 0
35.9048 56.9764 56.9764 2 1 0
35.9048 56.984 56.984 2 1 0
35.9048 56.9915 56.9915 2 1 0
35.9048 56.9991 56.9991 2 1 0
35.9048 57.0067 57.0067 2 1 0
35.9048 57.0142 57.0142 2 1 0
35.9048 57.0218 57.0218 2 1 0
35.9048 57.0293 57.0293 2 1 0
35.9048 57.0369 57.0369 2 1 0
35.9048 57.0444 57.0444 2 1 0
35.9048 57.052 57.052 2 1 0
35.9048 57.0596 57.0596 2 1 0
35.9048 57.0671 57.0671 2 1 0
35.9048 57.0747 57.0747 2 1 0
35.9048 57.0822 57.0822 2 1 0
35.9048 57.0898 57.0898 2 1 0
35.9048 57.0974 57.0974 2 1 0
35.9048 57.1049 57.1049 2 1 0
35.9048 57.1125 57.1125 2 1 0
35.9048 57.12 57.12 2 1 0
35.9048 57.1276 57.1276 2 1 0
35.9048 57.1352 57.1352 2 1 0
35.9048 57.1427 57.1427 2 1 0
35.9048 57.1503 57.1503 2 1 0
35.9048 57.1578 57.1578 2 1 0
35.9048 57.1654 57.1654 2 1 0
35.9048 57.173 57.173 2 1 0
35.9048 57.1805 57.1805 2 1 0
35.9048 57.1881 57.1881 2 1 0
35.9048 57.1956 57.1956 2 1 0
35.9048 57.2032 57.2032 2 1 0
35.9048 57.2108 57.2108 2 1 0
35.9048 57.2183 57.2183 2 1 0
35.9048 57.2259 57.2259 2 1 0
35.9048 57.2334 57.2334 2 1 0
35.9048 57.241 57.241 2 1 0
35.9048 57.2486 57.2486 2 1 0
35.9048 57.2561 57.2561 2 1 0
35.9048 57.2637 57.2637 2 1 0
35.9048 57.2712 57.2712 2 1 0
35.9048 57.2788 57.2788 2 1 0
35.9048 57.2863 57.2863 2 1 0
35.9048 57.2939 57.2939 2 1 0
35.9048 57.3015 57.3015 2 1 0
35.9048 57.309 57.309 2 1 0
35.9048 57.3166 57.3166 2 1 0
35.9048 57.3241 57.3241 2 1 0
35.9048 57.3317 57.3317 2 1 0
35.9048 57.3393 57.3393 2 1 0
35.9048 57.3468 57.3468 2 1 0
35.9048 57.3544 57.3544 2 1 0
35.9048 57.3619 57.3619 2 1 0
35.9048 57.3695 57.3695 2 1 0
35.9048 57.3771 57.3771 2 1 0
35.9048 57.3846 57.3846 2 1 0
35.9048 57.3922 57.3922 2 1 0
35.9048 57.3997 57.3997 2 1 0
35.9048 57.4073 57.4073 2 1 0
35.9048 57.4149 57.4149 2 1 0
35.9048 57.4224 57.4224 2 1 0
35.9048 57.43 57.43 2 1 0
35.9048 57.4375 57.4375 2 1 0
35.9048 57.4451 57.4451 2 1 0
35.9048 57.4527 57.4527 2 1 0
35.9048 57.4602 57.4602 2 1 0
35.9048 57.4678 57.4678 2 1 0
35.9048 57.4753 57.4753 2 1 0
35.9048 57.4829 57.4829 2 1 0
35.9048 57.4904 57.4904 2 1 0
35.9048 57.498 57.498 2 1 0
35.9048 57.5056 57.5056 2 1 0
35.9048 57.5131 57.5131 2 1 0
35.9048 57.5207 57.5207 2 1 0
35.9048 57.5282 57.5282 2 1 0
35.9048 57.5358 57.5358 2 1 0
35.9048 57.5434 57.5434 2 1 0
35.9048 57.5509 57.5509 2 1 0
35.9048 57.5585 57.5585 2 1 0
35.9048 57.566 57.566 2 1 0
35.9048 57.5736 57.5736 2 1 0
35.9048 57.5812 57.5812 2 1 0
35.9048 57.5887 57.5887 2 1 0
35.9048 57.5963 57.5963 2 1 0
35.9048 57.6038 57.6038 2 1 0
35.9048 57.6114 57.6114 2 1 0
35.9048 57.619 57.619 2 1 0
35.9048 57.6265 57.6265 2 1 0
35.9048 57.6341 57.6341 2 1 0
35.9048 57.6416 57.6416 2 1 0
35.9048 57.6492 57.6492 2 1 0
35.9048 57.6568 57.6568 2 1 0
35.9048 57.6643 57.6643 2 1 0
35.9048 57.6719 57.6719 2 1 0
35.9048 57.6794 57.6794 2 1 0
35.9048 57.687 57.687 2 1 0
35.9048 57.6945 57.6945 2 1 0
35.9048 57.7021 57.7021 2 1 0
35.9048 57.7097 57.7097 2 1 0
35.9048 57.7172 57.7172 2 1 0
35.9048 57.7248 57.7248 2 1 0
35.9048 57.7323 57.7323 2 1 0
35.9048 57.7399 57.7399 2 1 0
35.9048 57.7475 57.7475 2 1 0
35.9048 57.755 57.755 2 1 0
35.9048 57.7626 57.7626 2 1 0
35.9048 57.7701 57.7701 2 1 0
35.9048 57.7777 57.7777 2 1 0
35.9048 57.7853 57.7853 2 1 0
35.9048 57.7928 57.7928 2 1 0
35.9048 57.8004 57.8004 2 1 0
35.9048 57.8079 57.8079 2 1 0
35.9048 57.8155 57.8155 2 1 0
35.9048 57.8231 57.8231 2 1 0
35.9048 57.8306 57.8306 2 1 0
35.9048 57.8382 57.8382 2 1 0
35.9048 57.8457 57.8457 2 1 0
35.9048 57.8533 57.8533 2 1 0
35.9048 57.8609 57.8609 2 1 0
35.9048 57.8684 57.8684 2 1 0
35.9048 57.876 57.876 2 1 0
35.9048 57.8835 57.8835 2 1 0
35.9048 57.8911 57.8911 2 1 0
35.9048 57.8986 57.8986 2 1 0
35.9048 57.9062 57.9062 2 1 0
35.9048 57.9138 57.9138 2 1 0
35.9048 57.9213 57.9213 2 1 0
35.9048 57.9289 57.9289 2 1 0
35.9048 57.9364 57.9364 2 1 0
35.9048 57.944 57.944 2 1 0
35.9048 57.9516 57.9516 2 1 0
35.9048 57.9591 57.9591 2 1 0
35.9048 57.9667 57.9667 2 1 0
35.9048 57.9742 57.9742 2 1 0
35.9048 57.9818 57.9818 2 1 0
35.9048 57.9894 57.9894 2 1 0
35.9048 57.9969 57.9969 2 1 0
35.9048 58.0045 58.0045 2 1 0
35.9048 58.012 58.012 2 1 0
35.9048 58.0196 58.0196 2 1 0
35.9048 58.0272 58.0272 2 1 0
35.9048 58.0347 58.0347 2 1 0
35.9048 58.0423 58.0423 2 1 0
35.9048 58.0498 58.0498 2 1 0
35.9048 58.0574 58.0574 2 1 0
35.9048 58.065 58.065 2 1 0
35.9048 58.0725 58.0725 2 1 0
35.9048 58.0801 58.0801 2 1 0
35.9048 58.0876 58.0876 2 1 0
35.9048 58.0952 58.0952 2 1 0
35.9048 58.1028 58.1028 2 1 0
35.9048 58.1103 58.1103 2 1 0
35.9048 58.1179 58.1179 2 1 0
35.9048 58.1254 58.1254 2 1 0
35.9048 58.133 58.133 2 1 0
35.9048 58.1405 58.1405 2 1 0
35.9048 58.1481 58.1481 2 1 0
35.9048 58.1557 58.1557 2 1 0
35.9048 58.1632 58.1632 2 1 0
35.9048 58.1708 58.1708 2 1 0
35.9048 58.1783 58.1783 2 1 0
35.9048 58.1859 58.1859 2 1 0
35.9048 58.1935 58.1935 2 1 0
35.9048 58.201 58.201 2 1 0
35.9048 58.2086 58.2086 2 1 0
35.9048 58.2161 58.2161 2 1 0
35.9048 58.2237 58.2237 2 1 0
35.9048 58.2313 58.2313 2 1 0
35.9048 58.2388 58.2388 2 1 0
35.9048 58.2464 58.2464 2 1 0
35.9048 58.2539 58.2539 2 1 0
35.9048 58.2615 58.2615 2 1 0
35.9048 58.2691 58.2691 2 1 0
35.9048 58.2766 58.2766 2 1 0
35.9048 58.2842 58.2842 2 1 0
35.9048 58.2917 58.2917 2 1 0
35.9048 58.2993 58.2993 2 1 0
35.9048 58.3069 58.3069 2 1 0
35.9048 58.3144 58.3144 2 1 0
35.9048 58.322 58.322 2 1 0
35.9048 58.3295 58.3295 2 1 0
35.9048 58.3371 58.3371 2 1 0
35.9048 58.3446 58.3446 2 1 0
35.9048 58.3522 58.3522 2 1 0
35.9048 58.3598 58.3598 2 1 0
35.9048 58.3673 58.3673 2 1 0
35.9048 58.3749 58.3749 2 1 0
35.9048 58.3824 58.3824 2 1 0
35.9048 58.39 58.39 2 1 0
35.9048 58.3976 58.3976 2 1 0
35.9048 58.4051 58.4051 2 1 0
35.9048 58.4127 58.4127 2 1 0
35.9048 58.4202 58.4202 2 1 0
35.9048 58.4278 58.4278 2 1 0
35.9048 58.4354 58.4354 2 1 0
35.9048 58.4429 58.4429 2 1 0
35.9048 58.4505 58.4505 2 1 0
35.9048 58.458 58.458 2 1 0
35.9048 58.4656 58.4656 2 1 0
35.9048 58.4732 58.4732 2 1 0
35.9048 58.4807 58.4807 2 1 0
35.9048 58.4883 58.4883 2 1 0
35.9048 58.4958 58.4958 2 1 0
35.9048 58.5034 58.5034 2 1 0
35.9048 58.511 58.511 2 1 0
35.9048 58.5185 58.5185 2 1 0
35.9048 58.5261 58.5261 2 1 0
35.9048 58.5336 58.5336 2 1 0
35.9048 58.5412 58.5412 2 1 0
35.9048 58.5487 58.5487 2 1 0
35.9048 58.5563 58.5563 2 1 0
35.9048 58.5639 58.5639 2 1 0
35.9048 58.5714 58.5714 2 1 0
35.9048 58.579 58.579 2 1 0
35.9048 58.5865 58.5865 2 1 0
35.9048 58.5941 58.5941 2 1 0
35.9048 58.6017 58.6017 2 1 0
35.9048 58.6092 58.6092 2 1 0
35.9048 58.6168 58.6168 2 1 0
35.9048 58.6243 58.6243 2 1 0
35.9048 58.6319 58.6319 2 1 0
35.9048 58.6395 58.6395 2 1 0
35.9048 58.647 58.647 2 1 0
35.9048 58.6546 58.6546 2 1 0
35.9048 58.6621 58.6621 2 1 0
35.9048 58.6697 58.6697 2 1 0
35.9048 58.6773 58.6773 2 1 0
35.9048 58.6848 58.6848 2 1 0
35.9048 58.6924 58.6924 2 1 0
35.9048 58.6999 58.6999 2 1 0
35.9048 58.7075 58.7075 2 1 0
35.9048 58.7151 58.7151 2 1 0
35.9048 58.7226 58.7226 2 1 0
35.9048 58.7302 58.7302 2 1 0
35.9048 58.7377 58.7377 2 1 0
35.9048 58.7453 58.7453 2 1 0
35.9048 58.7528 58.7528 2 1 0
35.9048 58.7604 58.7604 2 1 0
35.9048 58.768 58.768 2 1 0
35.9048 58.7755 58.7755 2 1 0
35.9048 58.7831 58.7831 2 1 0
35.9048 58.7906 58.7906 2 1 0
35.9048 58.7982 58.7982 2 1 0
35.9048 58.8058 58.8058 2 1 0
35.9048 58.8133 58.8133 2 1 0
35.9048 58.8209 58.8209 2 1 0
35.9048 58.8284 58.8284 2 1 0
35.9048 58.836 58.836 2 1 0
35.9048 58.8436 58.8436 2 1 0
35.9048 58.8511 58.8511 2 1 0
35.9048 58.8587 58.8587 2 1 0
35.9048 58.8662 58.8662 2 1 0
35.9048 58.8738 58.8738 2 1 0
35.9048 58.8814 58.8814 2 1 0
35.9048 58.8889 58.8889 2 1 0
35.9048 58.8965 58.8965 2 1 0
35.9048 58.904 58.904 2 1 0
35.9048 58.9116 58.9116 2 1 0
35.9048 58.9192 58.9192 2 1 0
35.9048 58.9267 58.9267 2 1 0
35.9048 58.9343 58.9343 2 1 0
35.9048 58.9418 58.9418 2 1 0
35.9048 58.9494 58.9494 2 1 0
35.9048 58.9569 58.9569 2 1 0
35.9048 58.9645 58.9645 2 1 0
35.9048 58.9721 58.9721 2 1 0
35.9048 58.9796 58.9796 2 1 0
35.9048 58.9872 58.9872 2 1 0
35.9048 58.9947 58.9947 2 1 0
35.9048 59.0023 59.0023 2 1 0
35.9048 59.0099 59.0099 2 1 0
35.9048 59.0174 59.0174 2 1 0
35.9048 59.025 59.025 2 1 0
35.9048 59.0325 59.0325 2 1 0
35.9048 59.0401 59.0401 2 1 0
35.9048 59.0477 59.0477 2 1 0
35.9048 59.0552 59.0552 2 1 0
35.9048 59.0628 59.0628 2 1 0
35.9048 59.0703 59.0703 2 1 0
35.9048 59.0779 59.0779 2 1 0
35.9048 59.0855 59.0855 2 1 0
35.9048 59.093 59.093 2 1 0
35.9048 59.1006 59.1006 2 1 0
35.9048 59.1081 59.1081 2 1 0
35.9048 59.1157 59.1157 2 1 0
35.9048 59.1233 59.1233 2 1 0
35.9048 59.1308 59.1308 2 1 0
35.9048 59.1384 59.1384 2 1 0
35.9048 59.1459 59.1459 2 1 0
35.9048 59.1535 59.1535 2 1 0
35.9048 59.1611 59.1611 2 1 0
35.9048 59.1686 59.1686 2 1 0
35.9048 59.1762 59.1762 2 1 0
35.9048 59.1837 59.1837 2 1 0
35.9048 59.1913 59.1913 2 1 0
35.9048 59.1988 59.1988 2 1 0
35.9048 59.2064 59.2064 2 1 0
35.9048 59.214 59.214 2 1 0
35.9048 59.2215 59.2215 2 1 0
35.9048 59.2291 59.2291 2 1 0
35.9048 59.2366 59.2366 2 1 0
35.9048 59.2442 59.2442 2 1 0
35.9048 59.2518 59.2518 2 1 0
35.9048 59.2593 59.2593 2 1 0
35.9048 59.2669 59.2669 2 1 0
35.9048 59.2744 59.2744 2 1 0
35.9048 59.282 59.282 2 1 0
35.9048 59.2896 59.2896 2 1 0
35.9048 59.2971 59.2971 2 1 0
35.9048 59.3047 59.3047 2 1 0
35.9048 59.3122 59.3122 2 1 0
35.9048 59.3198 59.3198 2 1 0
35.9048 59.3274 59.3274 2 1 0
35.9048 59.3349 59.3349 2 1 0
35.9048 59.3425 59.3425 2 1 0
35.9048 59.35 59.35 2 1 0
35.9048 59.3576 59.3576 2 1 0
35.9048 59.3652 59.3652 2 1 0
35.9048 59.3727 59.3727 2 1 0
35.9048 59.3803 59.3803 2 1 0
35.9048 59.3878 59.3878 2 1 0
35.9048 59.3954 59.3954 2 1 0
35.9048 59.4029 59.4029 2 1 0
35.9048 59.4105 59.4105 2 1 0
35.9048 59.4181 59.4181 2 1 0
35.9048 59.4256 59.4256 2 1 0
35.9048 59.4332 59.4332 2 1 0
35.9048 59.4407 59.4407 2 1 0
35.9048 59.4483 59.4483 2 1 0
35.9048 59.4559 59.4559 2 1 0
35.9048 59.4634 59.4634 2 1 0
35.9048 59.471 59.471 2 1 0
35.9048 59.4785 59.4785 2 1 0
35.9048 59.4861 59.4861 2 1 0
35.9048 59.4937 59.4937 2 1 0
35.9048 59.5012 59.5012 2 1 0
35.9048 59.5088 59.5088 2 1 0
35.9048 59.5163 59.5163 2 1 0
35.9048 59.5239 59.5239 2 1 0
35.9048 59.5315 59.5315 2 1 0
35.9048 59.539 59.539 2 1 0
35.9048 59.5466 59.5466 2 1 0
35.9048 59.5541 59.5541 2 1 0
35.9048 59.5617 59.5617 2 1 0
35.9048 59.5693 59.5693 2 1 0
35.9048 59.5768 59.5768 2 1 0
35.9048 59.5844 59.5844 2 1 0
35.9048 59.5919 59.5919 2 1 0
35.9048 59.5995 59.5995 2 1 0
35.9048 59.607 59.607 2 1 0
35.9048 59.6146 59.6146 2 1 0
35.9048 59.6222 59.6222 2 1 0
35.9048 59.6297 59.6297 2 1 0
35.9048 59.6373 59.6373 2 1 0
35.9048 59.6448 59.6448 2 1 0
35.9048 59.6524 59.6524 2 1 0
35.9048 59.66 59.66 2 1 0
35.9048 59.6675 59.6675 2 1 0
35.9048 59.6751 59.6751 2 1 0
35.9048 59.6826 59.6826 2 1 0
35.9048 59.6902 59.6902 2 1 0
35.9048 59.6978 59.6978 2 1 0
35.9048 59.7053 59.7053 2 1 0
35.9048 59.7129 59.7129 2 1 0
35.9048 59.7204 59.7204 2 1 0
35.9048 59.728 59.728 2 1 0
35.9048 59.7356 59.7356 2 1 0
35.9048 59.7431 59.7431 2 1 0
35.9048 59.7507 59.7507 2 1 0
35.9048 59.7582 59.7582 2 1 0
35.9048 59.7658 59.7658 2 1 0
35.9048 59.7734 59.7734 2 1 0
35.9048 59.7809 59.7809 2 1 0
35.9048 59.7885 59.7885 2 1 0
35.9048 59.796 59.796 2 1 0
35.9048 59.8036 59.8036 2 1 0
35.9048 59.8111 59.8111 2 1 0
35.9048 59.8187 59.8187 2 1 0
35.9048 59.8263 59.8263 2 1 0
35.9048 59.8338 59.8338 2 1 0
35.9048 59.8414 59.8414 2 1 0
35.9048 59.8489 59.8489 2 1 0
35.9048 59.8565 59.8565 2 1 0
35.9048 59.8641 59.8641 2 1 0
35.9048 59.8716 59.8716 2 1 0
35.9048 59.8792 59.8792 2 1 0
35.9048 59.8867 59.8867 2 1 0
35.9048 59.8943 59.8943 2 1 0
35.9048 59.9019 59.9019 2 1 0
35.9048 59.9094 59.9094 2 1 0
35.9048 59.917 59.917 2 1 0
35.9048 59.9245 59.9245 2 1 0
35.9048 59.9321 59.9321 2 1 0
35.9048 59.9397 59.9397 2 1 0
35.9048 59.9472 59.9472 2 1 0
35.9048 59.9548 59.9548 2 1 0
35.9048 59.9623 59.9623 2 1 0
35.9048 59.9699 59.9699 2 1 0
35.9048 59.9775 59.9775 2 1 0
35.9048 59.985 59.985 2 1 0
35.9048 59.9926 59.9926 2 1 0
35.9048 60.0001 60.0001 2 1 0
35.9048 60.0077 60.0077 2 1 0
35.9048 60.0153 60.0153 2 1 0
35.9048 60.0228 60.0228 2 1 0
35.9048 60.0304 60.0304 2 1 0
35.9048 60.0379 60.0379 2 1 0
35.9048 60.0455 60.0455 2 1 0
35.9048 60.053 60.053 2 1 0
35.9048 60.0606 60.0606 2 1 0
35.9048 60.0682 60.0682 2 1 0
35.9048 60.0757 60.0757 2 1 0
35.9048 60.0833 60.0833 2 1 0
35.9048 60.0908 60.0908 2 1 0
35.9048 60.0984 60.0984 2 1 0
35.9048 60.106 60.106 2 1 0
35.9048 60.1135 60.1135 2 1 0
35.9048 60.1211 60.1211 2 1 0
35.9048 60.1286 60.1286 2 1 0
35.9048 60.1362 60.1362 2 1 0
35.9048 60.1438 60.1438 2 1 0
35.9048 60.1513 60.1513 2 1 0
35.9048 60.1589 60.1589 2 1 0
35.9048 60.1664 60.1664 2 1 0
35.9048 60.174 60.174 2 1 0
35.9048 60.1816 60.1816 2 1 0
35.9048 60.1891 60.1891 2 1 0
35.9048 60.1967 60.1967 2 1 0
35.9048 60.2042 60.2042 2 1 0
35.9048 60.2118 60.2118 2 1 0
35.9048 60.2194 60.2194 2 1 0
35.9048 60.2269 60.2269 2 1 0
35.9048 60.2345 60.2345 2 1 0
35.9048 60.242 60.242 2 1 0
35.9048 60.2496 60.2496 2 1 0
35.9048 60.2571 60.2571 2 1 0
35.9048 60.2647 60.2647 2 1 0
35.9048 60.2723 60.2723 2 1 0
35.9048 60.2798 60.2798 2 1 0
35.9048 60.2874 60.2874 2 1 0
35.9048 60.2949 60.2949 2 1 0
35.9048 60.3025 60.3025 2 1 0
35.9048 60.3101 60.3101 2 1 0
35.9048 60.3176 60.3176 2 1 0
35.9048 60.3252 60.3252 2 1 0
35.9048 60.3327 60.3327 2 1 0
35.9048 60.3403 60.3403 2 1 0
35.9048 60.3479 60.3479 2 1 0
35.9048 60.3554 60.3554 2 1 0
35.9048 60.363 60.363 2 1 0
35.9048 60.3705 60.3705 2 1 0
35.9048 60.3781 60.3781 2 1 0
35.9048 60.3857 60.3857 2 1 0
35.9048 60.3932 60.3932 2 1 0
35.9048 60.4008 60.4008 2 1 0
35.9048 60.4083 60.4083 2 1 0
35.9048 60.4159 60.4159 2 1 0
35.9048 60.4235 60.4235 2 1 0
35.9048 60.431 60.431 2 1 0
35.9048 60.4386 60.4386 2 1 0
35.9048 60.4461 60.4461 2 1 0
35.9048 60.4537 60.4537 2 1 0
35.9048 60.4612 60.4612 2 1 0
35.9048 60.4688 60.4688 2 1 0
35.9048 60.4764 60.4764 2 1 0
35.9048 60.4839 60.4839 2 1 0
35.9048 60.4915 60.4915 2 1 0
35.9048 60.499 60.499 2 1 0
35.9048 60.5066 60.5066 2 1 0
35.9048 60.5142 60.5142 2 1 0
35.9048 60.5217 60.5217 2 1 0
35.9048 60.5293 60.5293 2 1 0
35.9048 60.5368 60.5368 2 1 0
35.9048 60.5444 60.5444 2 1 0
35.9048 60.552 60.552 2 1 0
35.9048 60.5595 60.5595 2 1 0
35.9048 60.5671 60.5671 2 1 0
35.9048 60.5746 60.5746 2 1 0
35.9048 60.5822 60.5822 2 1 0
35.9048 60.5898 60.5898 2 1 0
35.9048 60.5973 60.5973 2 1 0
35.9048 60.6049 60.6049 2 1 0
35.9048 60.6124 60.6124 2 1 0
35.9048 60.62 60.62 2 1 0
35.9048 60.6276 60.6276 2 1 0
35.9048 60.6351 60.6351 2 1 0
35.9048 60.6427 60.6427 2 1 0
35.9048 60.6502 60.6502 2 1 0
35.9048 60.6578 60.6578 2 1 0
35.9048 60.6653 60.6653 2 1 0
35.9048 60.6729 60.6729 2 1 0
35.9048 60.6805 60.6805 2 1 0
35.9048 60.688 60.688 2 1 0
35.9048 60.6956 60.6956 2 1 0
35.9048 60.7031 60.7031 2 1 0
35.9048 60.7107 60.7107 2 1 0
35.9048 60.7183 60.7183 2 1 0
35.9048 60.7258 60.7258 2 1 0
35.9048 60.7334 60.7334 2 1 0
35.9048 60.7409 60.7409 2 1 0
35.9048 60.7485 60.7485 2 1 0
35.9048 60.7561 60.7561 2 1 0
35.9048 60.7636 60.7636 2 1 0
35.9048 60.7712 60.7712 2 1 0
35.9048 60.7787 60.7787 2 1 0
35.9048 60.7863 60.7863 2 1 0
35.9048 60.7939 60.7939 2 1 0
35.9048 60.8014 60.8014 2 1 0
35.9048 60.809 60.809 2 1 0
35.9048 60.8165 60.8165 2 1 0
35.9048 60.8241 60.8241 2 1 0
35.9048 60.8317 60.8317 2 1 0
35.9048 60.8392 60.8392 2 1 0
35.9048 60.8468 60.8468 2 1 0
35.9048 60.8543 60.8543 2 1 0
35.9048 60.8619 60.8619 2 1 0
35.9048 60.8695 60.8695 2 1 0
35.9048 60.877 60.877 2 1 0
35.9048 60.8846 60.8846 2 1 0
35.9048 60.8921 60.8921 2 1 0
35.9048 60.8997 60.8997 2 1 0
35.9048 60.9072 60.9072 2 1 0
35.9048 60.9148 60.9148 2 1 0
35.9048 60.9224 60.9224 2 1 0
35.9048 60.9299 60.9299 2 1 0
35.9048 60.9375 60.9375 2 1 0
35.9048 60.945 60.945 2 1 0
35.9048 60.9526 60.9526 2 1 0
35.9048 60.9602 60.9602 2 1 0
35.9048 60.9677 60.9677 2 1 0
35.9048 60.9753 60.9753 2 1 0
35.9048 60.9828 60.9828 2 1 0
35.9048 60.9904 60.9904 2 1 0
35.9048 60.998 60.998 2 1 0
35.9048 61.0055 61.0055 2 1 0
35.9048 61.0131 61.0131 2 1 0
35.9048 61.0206 61.0206 2 1 0
35.9048 61.0282 61.0282 2 1 0
35.9048 61.0358 61.0358 2 1 0
35.9048 61.0433 61.0433 2 1 0
35.9048 61.0509 61.0509 2 1 0
35.9048 61.0584 61.0584 2 1 0
35.9048 61.066 61.066 2 1 0
35.9048 61.0736 61.0736 2 1 0
35.9048 61.0811 61.0811 2 1 0
35.9048 61.0887 61.0887 2 1 0
35.9048 61.0962 61.0962 2 1 0
35.9048 61.1038 61.1038 2 1 0
35.9048 61.1113 61.1113 2 1 0
35.9048 61.1189 61.1189 2 1 0
35.9048 61.1265 61.1265 2 1 0
35.9048 61.134 61.134 2 1 0
35.9048 61.1416 61.1416 2 1 0
35.9048 61.1491 61.1491 2 1 0
35.9048 61.1567 61.1567 2 1 0
35.9048 61.1643 61.1643 2 1 0
35.9048 61.1718 61.1718 2 1 0
35.9048 61.1794 61.1794 2 1 0
35.9048 61.1869 61.1869 2 1 0
35.9048 61.1945 61.1945 2 1 0
35.9048 61.2021 61.2021 2 1 0
35.9048 61.2096 61.2096 2 1 0
35.9048 61.2172 61.2172 2 1 0
35.9048 61.2247 61.2247 2 1 0
35.9048 61.2323 61.2323 2 1 0
35.9048 61.2399 61.2399 2 1 0
35.9048 61.2474 61.2474 2 1 0
35.9048 61.255 61.255 2 1 0
35.9048 61.2625 61.2625 2 1 0
35.9048 61.2701 61.2701 2 1 0
35.9048 61.2777 61.2777 2 1 0
35.9048 61.2852 61.2852 2 1 0
35.9048 61.2928 61.2928 2 1 0
35.9048 61.3003 61.3003 2 1 0
35.9048 61.3079 61.3079 2 1 0
35.9048 61.3154 61.3154 2 1 0
35.9048 61.323 61.323 2 1 0
35.9048 61.3306 61.3306 2 1 0
35.9048 61.3381 61.3381 2 1 0
35.9048 61.3457 61.3457 2 1 0
35.9048 61.3532 61.3532 2 1 0
35.9048 61.3608 61.3608 2 1 0
35.9048 61.3684 61.3684 2 1 0
35.9048 61.3759 61.3759 2 1 0
35.9048 61.3835 61.3835 2 1 0
35.9048 61.391 61.391 2 1 0
35.9048 61.3986 61.3986 2 1 0
35.9048 61.4062 61.4062 2 1 0
35.9048 61.4137 61.4137 2 1 0
35.9048 61.4213 61.4213 2 1 0
35.9048 61.4288 61.4288 2 1 0
35.9048 61.4364 61.4364 2 1 0
35.9048 61.444 61.444 2 1 0
35.9048 61.4515 61.4515 2 1 0
35.9048 61.4591 61.4591 2 1 0
35.9048 61.4666 61.4666 2 1 0
35.9048 61.4742 61.4742 2 1 0
35.9048 61.4818 61.4818 2 1 0
35.9048 61.4893 61.4893 2 1 0
35.9048 61.4969 61.4969 2 1 0
35.9048 61.5044 61.5044 2 1 0
35.9048 61.512 61.512 2 1 0
35.9048 61.5195 61.5195 2 1 0
35.9048 61.5271 61.5271 2 1 0
35.9048 61.5347 61.5347 2 1 0
35.9048 61.5422 61.5422 2 1 0
35.9048 61.5498 61.5498 2 1 0
35.9048 61.5573 61.5573 2 1 0
35.9048 61.5649 61.5649 2 1 0
35.9048 61.5725 61.5725 2 1 0
35.9048 61.58 61.58 2 1 0
35.9048 61.5876 61.5876 2 1 0
35.9048 61.5951 61.5951 2 1 0
35.9048 61.6027 61.6027 2 1 0
35.9048 61.6103 61.6103 2 1 0
35.9048 61.6178 61.6178 2 1 0
35.9048 61.6254 61.6254 2 1 0
35.9048 61.6329 61.6329 2 1 0
35.9048 61.6405 61.6405 2 1 0
35.9048 61.6481 61.6481 2 1 0
35.9048 61.6556 61.6556 2 1 0
35.9048 61.6632 61.6632 2 1 0
35.9048 61.6707 61.6707 2 1 0
35.9048 61.6783 61.6783 2 1 0
35.9048 61.6859 61.6859 2 1 0
35.9048 61.6934 61.6934 2 1 0
35.9048 61.701 61.701 2 1 0
35.9048 61.7085 61.7085 2 1 0
35.9048 61.7161 61.7161 2 1 0
35.9048 61.7237 61.7237 2 1 0
35.9048 61.7312 61.7312 2 1 0
35.9048 61.7388 61.7388 2 1 0
35.9048 61.7463 61.7463 2 1 0
35.9048 61.7539 61.7539 2 1 0
35.9048 61.7614 61.7614 2 1 0
35.9048 61.769 61.769 2 1 0
35.9048 61.7766 61.7766 2 1 0
35.9048 61.7841 61.7841 2 1 0
35.9048 61.7917 61.7917 2 1 0
35.9048 61.7992 61.7992 2 1 0
35.9048 61.8068 61.8068 2 1 0
35.9048 61.8144 61.8144 2 1 0
35.9048 61.8219 61.8219 2 1 0
35.9048 61.8295 61.8295 2 1 0
35.9048 61.837 61.837 2 1 0
35.9048 61.8446 61.8446 2 1 0
35.9048 61.8522 61.8522 2 1 0
35.9048 61.8597 61.8597 2 1 0
35.9048 61.8673 61.8673 2 1 0
35.9048 61.8748 61.8748 2 1 0
35.9048 61.8824 61.8824 2 1 0
35.9048 61.89 61.89 2 1 0
35.9048 61.8975 61.8975 2 1 0
35.9048 61.9051 61.9051 2 1 0
35.9048 61.9126 61.9126 2 1 0
35.9048 61.9202 61.9202 2 1 0
35.9048 61.9278 61.9278 2 1 0
35.9048 61.9353 61.9353 2 1 0
35.9048 61.9429 61.9429 2 1 0
35.9048 61.9504 61.9504 2 1 0
35.9048 61.958 61.958 2 1 0
35.9048 61.9655 61.9655 2 1 0
35.9048 61.9731 61.9731 2 1 0
35.9048 61.9807 61.9807 2 1 0
35.9048 61.9882 61.9882 2 1 0
35.9048 61.9958 61.9958 2 1 0
35.9048 62.0033 62.0033 2 1 0
30 5.6667 5.6667 2 1 0
29.9777 5.65414 5.65414 1 1 0
29.9666 5.64787 5.64787 1 1 0
29.9554 5.6416 5.6416 1 1 0
29.9442 5.63534 5.63534 1 1 0
29.933 5.62908 5.62908 1 1 0
29.9218 5.62282 5.62282 1 1 0
29.9105 5.61656 5.61656 1 1 0
29.8993 5.61031 5.61031 1 1 0
29.888 5.60407 5.60407 1 1 0
29.8767 5.59783 5.59783 1 1 0
29.8654 5.59159 5.59159 1 1 0
29.8541 5.58535 5.58535 1 1 0
29.8428 5.57912 5.57912 1 1 0
29.8315 5.57289 5.57289 1 1 0
29.8201 5.56667 5.56667 1 1 0
29.8088 5.56045 5.56045 1 1 0
29.7974 5.55423 5.55423 1 1 0
29.786 5.54802 5.54802 1 1 0
29.7746 5.54181 5.54181 1 1 0
29.7631 5.5356 5.5356 1 1 0
29.7517 5.5294 5.5294 1 1 0
29.7403 5.52321 5.52321 1 1 0
29.7288 5.51701 5.51701 1 1 0
29.7173 5.51082 5.51082 1 1 0
29.7058 5.50464 5.50464 1 1 0
29.6943 5.49845 5.49845 1 1 0
29.6828 5.49227 5.49227 1 1 0
29.6713 5.4861 5.4861 1 1 0
29.6597 5.47993 5.47993 1 1 0
29.6481 5.47376 5.47376 1 1 0
29.6366 5.4676 5.4676 1 1 0
29.625 5.46144 5.46144 1 1 0
29.6134 5.45528 5.45528 1 1 0
29.6017 5.44913 5.44913 1 1 0
29.5901 5.44298 5.44298 1 1 0
29.5784 5.43684 5.43684 1 1 0
29.5668 5.4307 5.4307 1 1 0
29.5551 5.42456 5.42456 1 1 0
29.5434 5.41843 5.41843 1 1 0
29.5317 5.4123 5.4123 1 1 0
29.52 5.40617 5.40617 1 1 0
29.5082 5.40005 5.40005 1 1 0
29.4965 5.39394 5.39394 1 1 0
29.4847 5.38782 5.38782 1 1 0
29.473 5.38171 5.38171 1 1 0
29.4612 5.37561 5.37561 1 1 0
29.4494 5.36951 5.36951 1 1 0
29.4375 5.36341 5.36341 1 1 0
29.4257 5.35731 5.35731 1 1 0
29.4139 5.35122 5.35122 1 1 0
29.402 5.34514 5.34514 1 1 0
29.3901 5.33906 5.33906 1 1 0
29.3782 5.33298 5.33298 1 1 0
29.3663 5.3269 5.3269 1 1 0
29.3544 5.32083 5.32083 1 1 0
29.3425 5.31477 5.31477 1 1 0
29.3305 5.3087 5.3087 1 1 0
29.3186 5.30264 5.30264 1 1 0
29.3066 5.29659 5.29659 1 1 0
29.2946 5.29054 5.29054 1 1 0
29.2826 5.28449 5.28449 1 1 0
29.2706 5.27845 5.27845 1 1 0
29.2586 5.27241 5.27241 1 1 0
29.2465 5.26638 5.26638 1 1 0
29.2345 5.26034 5.26034 1 1 0
29.2224 5.25432 5.25432 1 1 0
29.2103 5.24829 5.24829 1 1 0
29.1982 5.24228 5.24228 1 1 0
29.1861 5.23626 5.23626 1 1 0
29.174 5.23025 5.23025 1 1 0
29.1618 5.22424 5.22424 1 1 0
29.1497 5.21824 5.21824 1 1 0
29.1375 5.21224 5.21224 1 1 0
29.1253 5.20624 5.20624 1 1 0
29.1131 5.20025 5.20025 1 1 0
29.1009 5.19427 5.19427 1 1 0
29.0887 5.18828 5.18828 1 1 0
29.0764 5.1823 5.1823 1 1 0
29.0642 5.17633 5.17633 1 1 0
29.0519 5.17036 5.17036 1 1 0
29.0396 5.16439 5.16439 1 1 0
29.0274 5.15843 5.15843 1 1 0
29.0151 5.15247 5.15247 1 1 0
29.0027 5.14651 5.14651 1 1 0
28.9904 5.14056 5.14056 1 1 0
28.9781 5.13462 5.13462 1 1 0
28.9657 5.12867 5.12867 1 1 0
28.9533 5.12273 5.12273 1 1 0
28.9409 5.1168 5.1168 1 1 0
28.9285 5.11087 5.11087 1 1 0
28.9161 5.10494 5.10494 1 1 0
28.9037 5.09902 5.09902 1 1 0
28.8912 5.0931 5.0931 1 1 0
28.8788 5.08719 5.08719 1 1 0
28.8663 5.08128 5.08128 1 1 0
28.8538 5.07537 5.07537 1 1 0
28.8413 5.06947 5.06947 1 1 0
28.8288 5.06357 5.06357 1 1 0
28.8163 5.05768 5.05768 1 1 0
28.8038 5.05179 5.05179 1 1 0
28.7912 5.0459 5.0459 1 1 0
28.7787 5.04002 5.04002 1 1 0
28.7661 5.03414 5.03414 1 1 0
28.7535 5.02827 5.02827 1 1 0
28.7409 5.0224 5.0224 1 1 0
28.7283 5.01653 5.01653 1 1 0
28.7156 5.01067 5.01067 1 1 0
28.703 5.00481 5.00481 1 1 0
28.6903 4.99896 4.99896 1 1 0
28.6777 4.99311 4.99311 1 1 0
28.665 4.98727 4.98727 1 1 0
28.6523 4.98143 4.98143 1 1 0
28.6396 4.97559 4.97559 1 1 0
28.6269 4.96976 4.96976 1 1 0
28.6141 4.96393 4.96393 1 1 0
28.6014 4.95811 4.95811 1 1 0
28.5886 4.95229 4.95229 1 1 0
28.5758 4.94647 4.94647 1 1 0
28.563 4.94066 4.94066 1 1 0
28.5502 4.93485 4.93485 1 1 0
28.5374 4.92905 4.92905 1 1 0
28.5246 4.92325 4.92325 1 1 0
28.5118 4.91745 4.91745 1 1 0
28.4989 4.91166 4.91166 1 1 0
28.486 4.90587 4.90587 1 1 0
28.4731 4.90009 4.90009 1 1 0
28.4603 4.89431 4.89431 1 1 0
28.4473 4.88854 4.88854 1 1 0
28.4344 4.88277 4.88277 1 1 0
28.4215 4.877 4.877 1 1 0
28.4085 4.87124 4.87124 1 1 0
28.3956 4.86548 4.86548 1 1 0
28.3826 4.85973 4.85973 1 1 0
28.3696 4.85398 4.85398 1 1 0
28.3566 4.84824 4.84824 1 1 0
28.3436 4.84249 4.84249 1 1 0
28.3306 4.83676 4.83676 1 1 0
28.3176 4.83103 4.83103 1 1 0
28.3045 4.8253 4.8253 1 1 0
28.2914 4.81957 4.81957 1 1 0
28.2784 4.81385 4.81385 1 1 0
28.2653 4.80814 4.80814 1 1 0
28.2522 4.80243 4.80243 1 1 0
28.2391 4.79672 4.79672 1 1 0
28.2259 4.79102 4.79102 1 1 0
28.2128 4.78532 4.78532 1 1 0
28.1996 4.77962 4.77962 1 1 0
28.1865 4.77393 4.77393 1 1 0
28.1733 4.76824 4.76824 1 1 0
28.1601 4.76256 4.76256 1 1 0
28.1469 4.75688 4.75688 1 1 0
28.1337 4.75121 4.75121 1 1 0
28.1205 4.74554 4.74554 1 1 0
28.1072 4.73988 4.73988 1 1 0
28.094 4.73422 4.73422 1 1 0
28.0807 4.72856 4.72856 1 1 0
28.0674 4.72291 4.72291 1 1 0
28.0541 4.71726 4.71726 1 1 0
28.0408 4.71161 4.71161 1 1 0
28.0275 4.70597 4.70597 1 1 0
28.0142 4.70034 4.70034 1 1 0
28.0008 4.69471 4.69471 1 1 0
27.9875 4.68908 4.68908 1 1 0
27.9741 4.68346 4.68346 1 1 0
27.9607 4.67784 4.67784 1 1 0
27.9473 4.67222 4.67222 1 1 0
27.9339 4.66661 4.66661 1 1 0
27.9205 4.66101 4.66101 1 1 0
27.9071 4.6554 4.6554 1 1 0
27.8937 4.64981 4.64981 1 1 0
27.8802 4.64421 4.64421 1 1 0
27.8667 4.63862 4.63862 1 1 0
27.8533 4.63304 4.63304 1 1 0
27.8398 4.62746 4.62746 1 1 0
27.8263 4.62188 4.62188 1 1 0
27.8127 4.61631 4.61631 1 1 0
27.7992 4.61074 4.61074 1 1 0
27.7857 4.60518 4.60518 1 1 0
27.7721 4.59962 4.59962 1 1 0
27.7586 4.59407 4.59407 1 1 0
27.745 4.58851 4.58851 1 1 0
27.7314 4.58297 4.58297 1 1 0
27.7178 4.57743 4.57743 1 1 0
27.7042 4.57189 4.57189 1 1 0
27.6906 4.56635 4.56635 1 1 0
27.6769 4.56083 4.56083 1 1 0
27.6633 4.5553 4.5553 1 1 0
27.6496 4.54978 4.54978 1 1 0
27.6359 4.54426 4.54426 1 1 0
27.6222 4.53875 4.53875 1 1 0
27.6086 4.53324 4.53324 1 1 0
27.5948 4.52774 4.52774 1 1 0
27.5811 4.52224 4.52224 1 1 0
27.5674 4.51674 4.51674 1 1 0
27.5536 4.51125 4.51125 1 1 0
27.5399 4.50577 4.50577 1 1 0
27.5261 4.50028 4.50028 1 1 0
27.5123 4.4948 4.4948 1 1 0
27.4985 4.48933 4.48933 1 1 0
27.4847 4.48386 4.48386 1 1 0
27.4709 4.4784 4.4784 1 1 0
27.4571 4.47293 4.47293 1 1 0
27.4432 4.46748 4.46748 1 1 0
27.4294 4.46203 4.46203 1 1 0
27.4155 4.45658 4.45658 1 1 0
27.4017 4.45113 4.45113 1 1 0
27.3878 4.44569 4.44569 1 1 0
27.3739 4.44026 4.44026 1 1 0
27.36 4.43483 4.43483 1 1 0
27.346 4.4294 4.4294 1 1 0
27.3321 4.42398 4.42398 1 1 0
27.3182 4.41856 4.41856 1 1 0
27.3042 4.41315 4.41315 1 1 0
27.2902 4.40774 4.40774 1 1 0
27.2762 4.40233 4.40233 1 1 0
27.2623 4.39693 4.39693 1 1 0
27.2482 4.39153 4.39153 1 1 0
27.2342 4.38614 4.38614 1 1 0
27.2202 4.38075 4.38075 1 1 0
27.2062 4.37537 4.37537 1 1 0
27.1921 4.36999 4.36999 1 1 0
27.1781 4.36461 4.36461 1 1 0
27.164 4.35924 4.35924 1 1 0
27.1499 4.35387 4.35387 1 1 0
27.1358 4.34851 4.34851 1 1 0
27.1217 4.34315 4.34315 1 1 0
27.1076 4.3378 4.3378 1 1 0
27.0934 4.33245 4.33245 1 1 0
27.0793 4.3271 4.3271 1 1 0
27.0651 4.32176 4.32176 1 1 0
27.051 4.31643 4.31643 1 1 0
27.0368 4.31109 4.31109 1 1 0
27.0226 4.30577 4.30577 1 1 0
27.0084 4.30044 4.30044 1 1 0
26.9942 4.29512 4.29512 1 1 0
26.98 4.28981 4.28981 1 1 0
26.9658 4.28449 4.28449 1 1 0
26.9515 4.27919 4.27919 1 1 0
26.9373 4.27389 4.27389 1 1 0
26.923 4.26859 4.26859 1 1 0
26.9087 4.26329 4.26329 1 1 0
26.8944 4.258 4.258 1 1 0
26.8801 4.25272 4.25272 1 1 0
26.8658 4.24744 4.24744 1 1 0
26.8515 4.24216 4.24216 1 1 0
26.8372 4.23689 4.23689 1 1 0
26.8228 4.23162 4.23162 1 1 0
26.8085 4.22635 4.22635 1 1 0
26.7941 4.2211 4.2211 1 1 0
26.7797 4.21584 4.21584 1 1 0
26.7654 4.21059 4.21059 1 1 0
26.751 4.20534 4.20534 1 1 0
26.7365 4.2001 4.2001 1 1 0
26.7221 4.19486 4.19486 1 1 0
26.7077 4.18963 4.18963 1 1 0
26.6933 4.1844 4.1844 1 1 0
26.6788 4.17917 4.17917 1 1 0
26.6643 4.17395 4.17395 1 1 0
26.6499 4.16873 4.16873 1 1 0
26.6354 4.16352 4.16352 1 1 0
26.6209 4.15831 4.15831 1 1 0
26.6064 4.15311 4.15311 1 1 0
26.5919 4.14791 4.14791 1 1 0
26.5773 4.14271 4.14271 1 1 0
26.5628 4.13752 4.13752 1 1 0
26.5483 4.13233 4.13233 1 1 0
26.5337 4.12715 4.12715 1 1 0
26.5191 4.12197 4.12197 1 1 0
26.5045 4.1168 4.1168 1 1 0
26.49 4.11163 4.11163 1 1 0
26.4754 4.10646 4.10646 1 1 0
26.4607 4.1013 4.1013 1 1 0
26.4461 4.09614 4.09614 1 1 0
26.4315 4.09099 4.09099 1 1 0
26.4168 4.08584 4.08584 1 1 0
26.4022 4.0807 4.0807 1 1 0
26.3875 4.07556 4.07556 1 1 0
26.3728 4.07042 4.07042 1 1 0
26.3582 4.06529 4.06529 1 1 0
26.3435 4.06016 4.06016 1 1 0
26.3288 4.05504 4.05504 1 1 0
26.314 4.04992 4.04992 1 1 0
26.2993 4.04481 4.04481 1 1 0
26.2846 4.0397 4.0397 1 1 0
26.2698 4.03459 4.03459 1 1 0
26.2551 4.02949 4.02949 1 1 0
26.2403 4.02439 4.02439 1 1 0
26.2255 4.0193 4.0193 1 1 0
26.2107 4.01421 4.01421 1 1 0
26.1959 4.00912 4.00912 1 1 0
26.1811 4.00404 4.00404 1 1 0
26.1663 3.99897 3.99897 1 1 0
26.1515 3.99389 3.99389 1 1 0
26.1366 3.98883 3.98883 1 1 0
26.1218 3.98376 3.98376 1 1 0
26.1069 3.9787 3.9787 1 1 0
26.0921 3.97365 3.97365 1 1 0
26.0772 3.9686 3.9686 1 1 0
26.0623 3.96355 3.96355 1 1 0
26.0474 3.95851 3.95851 1 1 0
26.0325 3.95347 3.95347 1 1 0
26.0176 3.94844 3.94844 1 1 0
26.0026 3.94341 3.94341 1 1 0
25.9877 3.93838 3.93838 1 1 0
25.9727 3.93336 3.93336 1 1 0
25.9578 3.92834 3.92834 1 1 0
25.9428 3.92333 3.92333 1 1 0
25.9278 3.91832 3.91832 1 1 0
25.9128 3.91332 3.91332 1 1 0
25.8978 3.90832 3.90832 1 1 0
25.8828 3.90332 3.90332 1 1 0
25.8678 3.89833 3.89833 1 1 0
25.8528 3.89334 3.89334 1 1 0
25.8377 3.88836 3.88836 1 1 0
25.8227 3.88338 3.88338 1 1 0
25.8076 3.8784 3.8784 1 1 0
25.7926 3.87343 3.87343 1 1 0
25.7775 3.86847 3.86847 1 1 0
25.7624 3.86351 3.86351 1 1 0
25.7473 3.85855 3.85855 1 1 0
25.7322 3.85359 3.85359 1 1 0
25.7171 3.84864 3.84864 1 1 0
25.7019 3.8437 3.8437 1 1 0
25.6868 3.83876 3.83876 1 1 0
25.6717 3.83382 3.83382 1 1 0
25.6565 3.82889 3.82889 1 1 0
25.6413 3.82396 3.82396 1 1 0
25.6262 3.81903 3.81903 1 1 0
25.611 3.81411 3.81411 1 1 0
25.5958 3.8092 3.8092 1 1 0
25.5806 3.80429 3.80429 1 1 0
25.5654 3.79938 3.79938 1 1 0
25.5502 3.79447 3.79447 1 1 0
25.5349 3.78958 3.78958 1 1 0
25.5197 3.78468 3.78468 1 1 0
25.5044 3.77979 3.77979 1 1 0
25.4892 3.7749 3.7749 1 1 0
25.4739 3.77002 3.77002 1 1 0
25.4586 3.76514 3.76514 1 1 0
25.4434 3.76027 3.76027 1 1 0
25.4281 3.7554 3.7554 1 1 0
25.4128 3.75053 3.75053 1 1 0
25.3974 3.74567 3.74567 1 1 0
25.3821 3.74081 3.74081 1 1 0
25.3668 3.73596 3.73596 1 1 0
25.3514 3.73111 3.73111 1 1 0
25.3361 3.72626 3.72626 1 1 0
25.3207 3.72142 3.72142 1 1 0
25.3054 3.71658 3.71658 1 1 0
25.29 3.71175 3.71175 1 1 0
25.2746 3.70692 3.70692 1 1 0
25.2592 3.7021 3.7021 1 1 0
25.2438 3.69728 3.69728 1 1 0
25.2284 3.69246 3.69246 1 1 0
25.2129 3.68765 3.68765 1 1 0
25.1975 3.68284 3.68284 1 1 0
25.1821 3.67804 3.67804 1 1 0
25.1666 3.67324 3.67324 1 1 0
25.1512 3.66844 3.66844 1 1 0
25.1357 3.66365 3.66365 1 1 0
25.1202 3.65886 3.65886 1 1 0
25.1047 3.65408 3.65408 1 1 0
25.0892 3.6493 3.6493 1 1 0
25.0737 3.64453 3.64453 1 1 0
25.0582 3.63975 3.63975 1 1 0
25.0427 3.63499 3.63499 1 1 0
25.0272 3.63023 3.63023 1 1 0
25.0116 3.62547 3.62547 1 1 0
24.9961 3.62071 3.62071 1 1 0
24.9805 3.61596 3.61596 1 1 0
24.9649 3.61122 3.61122 1 1 0
24.9494 3.60647 3.60647 1 1 0
24.9338 3.60174 3.60174 1 1 0
24.9182 3.597 3.597 1 1 0
24.9026 3.59227 3.59227 1 1 0
24.887 3.58755 3.58755 1 1 0
24.8714 3.58282 3.58282 1 1 0
24.8557 3.57811 3.57811 1 1 0
24.8401 3.57339 3.57339 1 1 0
24.8245 3.56868 3.56868 1 1 0
24.8088 3.56398 3.56398 1 1 0
24.7931 3.55928 3.55928 1 1 0
24.7775 3.55458 3.55458 1 1 0
24.7618 3.54988 3.54988 1 1 0
24.7461 3.5452 3.5452 1 1 0
24.7304 3.54051 3.54051 1 1 0
24.7147 3.53583 3.53583 1 1 0
24.699 3.53115 3.53115 1 1 0
24.6833 3.52648 3.52648 1 1 0
24.6676 3.52181 3.52181 1 1 0
24.6518 3.51714 3.51714 1 1 0
24.6361 3.51248 3.51248 1 1 0
24.6203 3.50783 3.50783 1 1 0
24.6046 3.50317 3.50317 1 1 0
24.5888 3.49853 3.49853 1 1 0
24.573 3.49388 3.49388 1 1 0
24.5572 3.48924 3.48924 1 1 0
24.5414 3.4846 3.4846 1 1 0
24.5256 3.47997 3.47997 1 1 0
24.5098 3.47534 3.47534 1 1 0
24.494 3.47072 3.47072 1 1 0
24.4782 3.4661 3.4661 1 1 0
24.4623 3.46148 3.46148 1 1 0
24.4465 3.45687 3.45687 1 1 0
24.4306 3.45226 3.45226 1 1 0
24.4148 3.44765 3.44765 1 1 0
24.3989 3.44305 3.44305 1 1 0
24.383 3.43846 3.43846 1 1 0
24.3671 3.43386 3.43386 1 1 0
24.3512 3.42928 3.42928 1 1 0
24.3353 3.42469 3.42469 1 1 0
24.3194 3.42011 3.42011 1 1 0
24.3035 3.41553 3.41553 1 1 0
24.2876 3.41096 3.41096 1 1 0
24.2716 3.40639 3.40639 1 1 0
24.2557 3.40183 3.40183 1 1 0
24.2398 3.39727 3.39727 1 1 0
24.2238 3.39271 3.39271 1 1 0
24.2078 3.38816 3.38816 1 1 0
24.1919 3.38361 3.38361 1 1 0
24.1759 3.37906 3.37906 1 1 0
24.1599 3.37452 3.37452 1 1 0
24.1439 3.36998 3.36998 1 1 0
24.1279 3.36545 3.36545 1 1 0
24.1119 3.36092 3.36092 1 1 0
24.0958 3.3564 3.3564 1 1 0
24.0798 3.35188 3.35188 1 1 0
24.0638 3.34736 3.34736 1 1 0
24.0477 3.34285 3.34285 1 1 0
24.0317 3.33834 3.33834 1 1 0
24.0156 3.33383 3.33383 1 1 0
23.9996 3.32933 3.32933 1 1 0
23.9835 3.32483 3.32483 1 1 0
23.9674 3.32034 3.32034 1 1 0
23.9513 3.31585 3.31585 1 1 0
23.9352 3.31136 3.31136 1 1 0
23.9191 3.30688 3.30688 1 1 0
23.903 3.3024 3.3024 1 1 0
23.8869 3.29793 3.29793 1 1 0
23.8708 3.29346 3.29346 1 1 0
23.8546 3.28899 3.28899 1 1 0
23.8385 3.28453 3.28453 1 1 0
23.8223 3.28007 3.28007 1 1 0
23.8062 3.27561 3.27561 1 1 0
23.79 3.27116 3.27116 1 1 0
23.7738 3.26672 3.26672 1 1 0
23.7576 3.26227 3.26227 1 1 0
23.7415 3.25783 3.25783 1 1 0
23.7253 3.2534 3.2534 1 1 0
23.7091 3.24897 3.24897 1 1 0
23.6928 3.24454 3.24454 1 1 0
23.6766 3.24012 3.24012 1 1 0
23.6604 3.2357 3.2357 1 1 0
23.6442 3.23128 3.23128 1 1 0
23.6279 3.22687 3.22687 1 1 0
23.6117 3.22246 3.22246 1 1 0
23.5954 3.21805 3.21805 1 1 0
23.5792 3.21365 3.21365 1 1 0
23.5629 3.20926 3.20926 1 1 0
23.5466 3.20486 3.20486 1 1 0
23.5303 3.20048 3.20048 1 1 0
23.514 3.19609 3.19609 1 1 0
23.4978 3.19171 3.19171 1 1 0
23.4814 3.18733 3.18733 1 1 0
23.4651 3.18296 3.18296 1 1 0
23.4488 3.17859 3.17859 1 1 0
23.4325 3.17422 3.17422 1 1 0
23.4162 3.16986 3.16986 1 1 0
23.3998 3.1655 3.1655 1 1 0
23.3835 3.16114 3.16114 1 1 0
23.3671 3.15679 3.15679 1 1 0
23.3508 3.15245 3.15245 1 1 0
23.3344 3.1481 3.1481 1 1 0
23.318 3.14376 3.14376 1 1 0
23.3016 3.13943 3.13943 1 1 0
23.2852 3.1351 3.1351 1 1 0
23.2688 3.13077 3.13077 1 1 0
23.2524 3.12644 3.12644 1 1 0
23.236 3.12212 3.12212 1 1 0
23.2196 3.1178 3.1178 1 1 0
23.2032 3.11349 3.11349 1 1 0
23.1867 3.10918 3.10918 1 1 0
23.1703 3.10488 3.10488 1 1 0
23.1539 3.10057 3.10057 1 1 0
23.1374 3.09628 3.09628 1 1 0
23.121 3.09198 3.09198 1 1 0
23.1045 3.08769 3.08769 1 1 0
23.088 3.0834 3.0834 1 1 0
23.0715 3.07912 3.07912 1 1 0
23.055 3.07484 3.07484 1 1 0
23.0386 3.07057 3.07057 1 1 0
23.0221 3.06629 3.06629 1 1 0
23.0055 3.06203 3.06203 1 1 0
22.989 3.05776 3.05776 1 1 0
22.9725 3.0535 3.0535 1 1 0
22.956 3.04924 3.04924 1 1 0
22.9395 3.04499 3.04499 1 1 0
22.9229 3.04074 3.04074 1 1 0
22.9064 3.03649 3.03649 1 1 0
22.8898 3.03225 3.03225 1 1 0
22.8733 3.02801 3.02801 1 1 0
22.8567 3.02378 3.02378 1 1 0
22.8401 3.01955 3.01955 1 1 0
22.8235 3.01532 3.01532 1 1 0
22.8069 3.0111 3.0111 1 1 0
22.7904 3.00688 3.00688 1 1 0
22.7738 3.00266 3.00266 1 1 0
22.7571 2.99845 2.99845 1 1 0
22.7405 2.99424 2.99424 1 1 0
22.7239 2.99003 2.99003 1 1 0
22.7073 2.98583 2.98583 1 1 0
22.6907 2.98163 2.98163 1 1 0
22.674 2.97744 2.97744 1 1 0
22.6574 2.97325 2.97325 1 1 0
22.6407 2.96906 2.96906 1 1 0
22.6241 2.96488 2.96488 1 1 0
22.6074 2.9607 2.9607 1 1 0
22.5907 2.95652 2.95652 1 1 0
22.5741 2.95235 2.95235 1 1 0
22.5574 2.94818 2.94818 1 1 0
22.5407 2.94401 2.94401 1 1 0
22.524 2.93985 2.93985 1 1 0
22.5073 2.93569 2.93569 1 1 0
22.4906 2.93154 2.93154 1 1 0
22.4739 2.92739 2.92739 1 1 0
22.4571 2.92324 2.92324 1 1 0
22.4404 2.9191 2.9191 1 1 0
22.4237 2.91496 2.91496 1 1 0
22.4069 2.91082 2.91082 1 1 0
22.3902 2.90669 2.90669 1 1 0
22.3734 2.90256 2.90256 1 1 0
22.3567 2.89843 2.89843 1 1 0
22.3399 2.89431 2.89431 1 1 0
22.3231 2.89019 2.89019 1 1 0
22.3064 2.88608 2.88608 1 1 0
22.2896 2.88196 2.88196 1 1 0
22.2728 2.87786 2.87786 1 1 0
22.256 2.87375 2.87375 1 1 0
22.2392 2.86965 2.86965 1 1 0
22.2224 2.86555 2.86555 1 1 0
22.2056 2.86146 2.86146 1 1 0
22.1888 2.85737 2.85737 1 1 0
22.1719 2.85328 2.85328 1 1 0
22.1551 2.8492 2.8492 1 1 0
22.1383 2.84512 2.84512 1 1 0
22.1214 2.84105 2.84105 1 1 0
22.1046 2.83697 2.83697 1 1 0
22.0877 2.8329 2.8329 1 1 0
22.0708 2.82884 2.82884 1 1 0
22.054 2.82478 2.82478 1 1 0
22.0371 2.82072 2.82072 1 1 0
22.0202 2.81666 2.81666 1 1 0
22.0033 2.81261 2.81261 1 1 0
21.9865 2.80856 2.80856 1 1 0
21.9696 2.80452 2.80452 1 1 0
21.9527 2.80048 2.80048 1 1 0
21.9357 2.79644 2.79644 1 1 0
21.9188 2.79241 2.79241 1 1 0
21.9019 2.78838 2.78838 1 1 0
21.885 2.78435 2.78435 1 1 0
21.868 2.78033 2.78033 1 1 0
21.8511 2.77631 2.77631 1 1 0
21.8342 2.77229 2.77229 1 1 0
21.8172 2.76828 2.76828 1 1 0
21.8003 2.76427 2.76427 1 1 0
21.7833 2.76026 2.76026 1 1 0
21.7663 2.75626 2.75626 1 1 0
21.7494 2.75226 2.75226 1 1 0
21.7324 2.74827 2.74827 1 1 0
21.7154 2.74427 2.74427 1 1 0
21.6984 2.74029 2.74029 1 1 0
21.6814 2.7363 2.7363 1 1 0
21.6644 2.73232 2.73232 1 1 0
21.6474 2.72834 2.72834 1 1 0
21.6304 2.72437 2.72437 1 1 0
21.6134 2.72039 2.72039 1 1 0
21.5964 2.71643 2.71643 1 1 0
21.5793 2.71246 2.71246 1 1 0
21.5623 2.7085 2.7085 1 1 0
21.5453 2.70454 2.70454 1 1 0
21.5282 2.70059 2.70059 1 1 0
21.5112 2.69664 2.69664 1 1 0
21.4941 2.69269 2.69269 1 1 0
21.477 2.68875 2.68875 1 1 0
21.46 2.6848 2.6848 1 1 0
21.4429 2.68087 2.68087 1 1 0
21.4258 2.67693 2.67693 1 1 0
21.4087 2.673 2.673 1 1 0
21.3917 2.66908 2.66908 1 1 0
21.3746 2.66515 2.66515 1 1 0
21.3575 2.66123 2.66123 1 1 0
21.3404 2.65731 2.65731 1 1 0
21.3232 2.6534 2.6534 1 1 0
21.3061 2.64949 2.64949 1 1 0
21.289 2.64558 2.64558 1 1 0
21.2719 2.64168 2.64168 1 1 0
21.2547 2.63778 2.63778 1 1 0
21.2376 2.63388 2.63388 1 1 0
21.2205 2.62999 2.62999 1 1 0
21.2033 2.6261 2.6261 1 1 0
21.1862 2.62221 2.62221 1 1 0
21.169 2.61833 2.61833 1 1 0
21.1518 2.61445 2.61445 1 1 0
21.1347 2.61057 2.61057 1 1 0
21.1175 2.6067 2.6067 1 1 0
21.1003 2.60283 2.60283 1 1 0
21.0831 2.59896 2.59896 1 1 0
21.0659 2.59509 2.59509 1 1 0
21.0487 2.59123 2.59123 1 1 0
21.0315 2.58738 2.58738 1 1 0
21.0143 2.58352 2.58352 1 1 0
20.9971 2.57967 2.57967 1 1 0
20.9799 2.57583 2.57583 1 1 0
20.9627 2.57198 2.57198 1 1 0
20.9455 2.56814 2.56814 1 1 0
20.9282 2.5643 2.5643 1 1 0
20.911 2.56047 2.56047 1 1 0
20.8938 2.55664 2.55664 1 1 0
20.8765 2.55281 2.55281 1 1 0
20.8593 2.54899 2.54899 1 1 0
20.842 2.54517 2.54517 1 1 0
20.8247 2.54135 2.54135 1 1 0
20.8075 2.53753 2.53753 1 1 0
20.7902 2.53372 2.53372 1 1 0
20.7729 2.52991 2.52991 1 1 0
20.7556 2.52611 2.52611 1 1 0
20.7384 2.52231 2.52231 1 1 0
20.7211 2.51851 2.51851 1 1 0
20.7038 2.51471 2.51471 1 1 0
20.6865 2.51092 2.51092 1 1 0
20.6692 2.50713 2.50713 1 1 0
20.6518 2.50335 2.50335 1 1 0
20.6345 2.49957 2.49957 1 1 0
20.6172 2.49579 2.49579 1 1 0
20.5999 2.49201 2.49201 1 1 0
20.5826 2.48824 2.48824 1 1 0
20.5652 2.48447 2.48447 1 1 0
20.5479 2.4807 2.4807 1 1 0
20.5305 2.47694 2.47694 1 1 0
20.5132 2.47318 2.47318 1 1 0
20.4958 2.46942 2.46942 1 1 0
20.4785 2.46567 2.46567 1 1 0
20.4611 2.46192 2.46192 1 1 0
20.4437 2.45817 2.45817 1 1 0
20.4264 2.45443 2.45443 1 1 0
20.409 2.45069 2.45069 1 1 0
20.3916 2.44695 2.44695 1 1 0
20.3742 2.44322 2.44322 1 1 0
20.3568 2.43949 2.43949 1 1 0
20.3394 2.43576 2.43576 1 1 0
20.322 2.43203 2.43203 1 1 0
20.3046 2.42831 2.42831 1 1 0
20.2872 2.42459 2.42459 1 1 0
20.2698 2.42088 2.42088 1 1 0
20.2523 2.41717 2.41717 1 1 0
20.2349 2.41346 2.41346 1 1 0
20.2175 2.40975 2.40975 1 1 0
20.2 2.40605 2.40605 1 1 0
20.1826 2.40235 2.40235 1 1 0
20.1652 2.39865 2.39865 1 1 0
20.1477 2.39496 2.39496 1 1 0
20.1303 2.39127 2.39127 1 1 0
20.1128 2.38758 2.38758 1 1 0
20.0953 2.3839 2.3839 1 1 0
20.0779 2.38021 2.38021 1 1 0
20.0604 2.37654 2.37654 1 1 0
20.0429 2.37286 2.37286 1 1 0
20.0254 2.36919 2.36919 1 1 0
20.0079 2.36552 2.36552 1 1 0
19.9905 2.36186 2.36186 1 1 0
19.973 2.35819 2.35819 1 1 0
19.9555 2.35453 2.35453 1 1 0
19.938 2.35088 2.35088 1 1 0
19.9204 2.34722 2.34722 1 1 0
19.9029 2.34357 2.34357 1 1 0
19.8854 2.33993 2.33993 1 1 0
19.8679 2.33628 2.33628 1 1 0
19.8504 2.33264 2.33264 1 1 0
19.8328 2.329 2.329 1 1 0
19.8153 2.32537 2.32537 1 1 0
19.7978 2.32174 2.32174 1 1 0
19.7802 2.31811 2.31811 1 1 0
19.7627 2.31448 2.31448 1 1 0
19.7451 2.31086 2.31086 1 1 0
19.7275 2.30724 2.30724 1 1 0
19.71 2.30362 2.30362 1 1 0
19.6924 2.30001 2.30001 1 1 0
19.6748 2.2964 2.2964 1 1 0
19.6573 2.29279 2.29279 1 1 0
19.6397 2.28919 2.28919 1 1 0
19.6221 2.28558 2.28558 1 1 0
19.6045 2.28198 2.28198 1 1 0
19.5869 2.27839 2.27839 1 1 0
19.5693 2.2748 2.2748 1 1 0
19.5517 2.27121 2.27121 1 1 0
19.5341 2.26762 2.26762 1 1 0
19.5165 2.26404 2.26404 1 1 0
19.4989 2.26046 2.26046 1 1 0
19.4813 2.25688 2.25688 1 1 0
19.4637 2.2533 2.2533 1 1 0
19.446 2.24973 2.24973 1 1 0
19.4284 2.24616 2.24616 1 1 0
19.4108 2.2426 2.2426 1 1 0
19.3931 2.23903 2.23903 1 1 0
19.3755 2.23547 2.23547 1 1 0
19.3578 2.23192 2.23192 1 1 0
19.3402 2.22836 2.22836 1 1 0
19.3225 2.22481 2.22481 1 1 0
19.3049 2.22126 2.22126 1 1 0
19.2872 2.21772 2.21772 1 1 0
19.2695 2.21418 2.21418 1 1 0
19.2519 2.21064 2.21064 1 1 0
19.2342 2.2071 2.2071 1 1 0
19.2165 2.20357 2.20357 1 1 0
19.1988 2.20004 2.20004 1 1 0
19.1811 2.19651 2.19651 1 1 0
19.1634 2.19299 2.19299 1 1 0
19.1457 2.18946 2.18946 1 1 0
19.128 2.18594 2.18594 1 1 0
19.1103 2.18243 2.18243 1 1 0
19.0926 2.17892 2.17892 1 1 0
19.0749 2.17541 2.17541 1 1 0
19.0572 2.1719 2.1719 1 1 0
19.0395 2.16839 2.16839 1 1 0
19.0218 2.16489 2.16489 1 1 0
19.004 2.16139 2.16139 1 1 0
18.9863 2.1579 2.1579 1 1 0
18.9686 2.15441 2.15441 1 1 0
18.9508 2.15092 2.15092 1 1 0
18.9331 2.14743 2.14743 1 1 0
18.9153 2.14394 2.14394 1 1 0
18.8976 2.14046 2.14046 1 1 0
18.8798 2.13698 2.13698 1 1 0
18.862 2.13351 2.13351 1 1 0
18.8443 2.13004 2.13004 1 1 0
18.8265 2.12657 2.12657 1 1 0
18.8087 2.1231 2.1231 1 1 0
18.791 2.11964 2.11964 1 1 0
18.7732 2.11617 2.11617 1 1 0
18.7554 2.11272 2.11272 1 1 0
18.7376 2.10926 2.10926 1 1 0
18.7198 2.10581 2.10581 1 1 0
18.702 2.10236 2.10236 1 1 0
18.6842 2.09891 2.09891 1 1 0
18.6664 2.09547 2.09547 1 1 0
18.6486 2.09202 2.09202 1 1 0
18.6308 2.08859 2.08859 1 1 0
18.613 2.08515 2.08515 1 1 0
18.5952 2.08172 2.08172 1 1 0
18.5774 2.07829 2.07829 1 1 0
18.5595 2.07486 2.07486 1 1 0
18.5417 2.07143 2.07143 1 1 0
18.5239 2.06801 2.06801 1 1 0
18.506 2.06459 2.06459 1 1 0
18.4882 2.06118 2.06118 1 1 0
18.4703 2.05776 2.05776 1 1 0
18.4525 2.05435 2.05435 1 1 0
18.4346 2.05094 2.05094 1 1 0
18.4168 2.04754 2.04754 1 1 0
18.3989 2.04414 2.04414 1 1 0
18.3811 2.04074 2.04074 1 1 0
18.3632 2.03734 2.03734 1 1 0
18.3453 2.03395 2.03395 1 1 0
18.3274 2.03056 2.03056 1 1 0
18.3096 2.02717 2.02717 1 1 0
18.2917 2.02378 2.02378 1 1 0
18.2738 2.0204 2.0204 1 1 0
18.2559 2.01702 2.01702 1 1 0
18.238 2.01364 2.01364 1 1 0
18.2201 2.01026 2.01026 1 1 0
18.2022 2.00689 2.00689 1 1 0
18.1843 2.00352 2.00352 1 1 0
18.1664 2.00016 2.00016 1 1 0
18.1485 1.99679 1.99679 1 1 0
18.1306 1.99343 1.99343 1 1 0
18.1127 1.99007 1.99007 1 1 0
18.0948 1.98672 1.98672 1 1 0
18.0768 1.98336 1.98336 1 1 0
18.0589 1.98001 1.98001 1 1 0
18.041 1.97667 1.97667 1 1 0
18.023 1.97332 1.97332 1 1 0
18.0051 1.96998 1.96998 1 1 0
17.9872 1.96664 1.96664 1 1 0
17.9692 1.9633 1.9633 1 1 0
17.9513 1.95997 1.95997 1 1 0
17.9333 1.95664 1.95664 1 1 0
17.9153 1.95331 1.95331 1 1 0
17.8974 1.94998 1.94998 1 1 0
17.8794 1.94666 1.94666 1 1 0
17.8615 1.94334 1.94334 1 1 0
17.8435 1.94002 1.94002 1 1 0
17.8255 1.9367 1.9367 1 1 0
17.8075 1.93339 1.93339 1 1 0
17.7896 1.93008 1.93008 1 1 0
17.7716 1.92677 1.92677 1 1 0
17.7536 1.92347 1.92347 1 1 0
17.7356 1.92017 1.92017 1 1 0
17.7176 1.91687 1.91687 1 1 0
17.6996 1.91357 1.91357 1 1 0
17.6816 1.91027 1.91027 1 1 0
17.6636 1.90698 1.90698 1 1 0
17.6456 1.90369 1.90369 1 1 0
17.6276 1.90041 1.90041 1 1 0
17.6096 1.89712 1.89712 1 1 0
17.5915 1.89384 1.89384 1 1 0
17.5735 1.89056 1.89056 1 1 0
17.5555 1.88729 1.88729 1 1 0
17.5375 1.88401 1.88401 1 1 0
17.5194 1.88074 1.88074 1 1 0
17.5014 1.87748 1.87748 1 1 0
17.4834 1.87421 1.87421 1 1 0
17.4653 1.87095 1.87095 1 1 0
17.4473 1.86769 1.86769 1 1 0
17.4292 1.86443 1.86443 1 1 0
17.4112 1.86117 1.86117 1 1 0
17.3931 1.85792 1.85792 1 1 0
17.3751 1.85467 1.85467 1 1 0
17.357 1.85142 1.85142 1 1 0
17.3389 1.84818 1.84818 1 1 0
17.3209 1.84494 1.84494 1 1 0
17.3028 1.8417 1.8417 1 1 0
17.2847 1.83846 1.83846 1 1 0
17.2667 1.83523 1.83523 1 1 0
17.2486 1.83199 1.83199 1 1 0
17.2305 1.82877 1.82877 1 1 0
17.2124 1.82554 1.82554 1 1 0
17.1943 1.82231 1.82231 1 1 0
17.1762 1.81909 1.81909 1 1 0
17.1581 1.81587 1.81587 1 1 0
17.14 1.81266 1.81266 1 1 0
17.1219 1.80944 1.80944 1 1 0
17.1038 1.80623 1.80623 1 1 0
17.0857 1.80302 1.80302 1 1 0
17.0676 1.79982 1.79982 1 1 0
17.0495 1.79661 1.79661 1 1 0
17.0314 1.79341 1.79341 1 1 0
17.0133 1.79021 1.79021 1 1 0
16.9951 1.78702 1.78702 1 1 0
16.977 1.78382 1.78382 1 1 0
16.9589 1.78063 1.78063 1 1 0
16.9407 1.77744 1.77744 1 1 0
16.9226 1.77425 1.77425 1 1 0
16.9045 1.77107 1.77107 1 1 0
16.8863 1.76789 1.76789 1 1 0
16.8682 1.76471 1.76471 1 1 0
16.85 1.76153 1.76153 1 1 0
16.8319 1.75836 1.75836 1 1 0
16.8137 1.75519 1.75519 1 1 0
16.7956 1.75202 1.75202 1 1 0
16.7774 1.74885 1.74885 1 1 0
16.7592 1.74569 1.74569 1 1 0
16.7411 1.74253 1.74253 1 1 0
16.7229 1.73937 1.73937 1 1 0
16.7047 1.73621 1.73621 1 1 0
16.6866 1.73306 1.73306 1 1 0
16.6684 1.72991 1.72991 1 1 0
16.6502 1.72676 1.72676 1 1 0
16.632 1.72361 1.72361 1 1 0
16.6138 1.72047 1.72047 1 1 0
16.5956 1.71733 1.71733 1 1 0
16.5774 1.71419 1.71419 1 1 0
16.5592 1.71105 1.71105 1 1 0
16.541 1.70792 1.70792 1 1 0
16.5228 1.70478 1.70478 1 1 0
16.5046 1.70165 1.70165 1 1 0
16.4864 1.69853 1.69853 1 1 0
16.4682 1.6954 1.6954 1 1 0
16.45 1.69228 1.69228 1 1 0
16.4318 1.68916 1.68916 1 1 0
16.4136 1.68604 1.68604 1 1 0
16.3953 1.68293 1.68293 1 1 0
16.3771 1.67981 1.67981 1 1 0
16.3589 1.6767 1.6767 1 1 0
16.3406 1.6736 1.6736 1 1 0
16.3224 1.67049 1.67049 1 1 0
16.3042 1.66739 1.66739 1 1 0
16.2859 1.66429 1.66429 1 1 0
16.2677 1.66119 1.66119 1 1 0
16.2494 1.65809 1.65809 1 1 0
16.2312 1.655 1.655 1 1 0
16.2129 1.65191 1.65191 1 1 0
16.1947 1.64882 1.64882 1 1 0
16.1764 1.64574 1.64574 1 1 0
16.1582 1.64265 1.64265 1 1 0
16.1399 1.63957 1.63957 1 1 0
16.1216 1.63649 1.63649 1 1 0
16.1034 1.63341 1.63341 1 1 0
16.0851 1.63034 1.63034 1 1 0
16.0668 1.62727 1.62727 1 1 0
16.0486 1.6242 1.6242 1 1 0
16.0303 1.62113 1.62113 1 1 0
16.012 1.61807 1.61807 1 1 0
15.9937 1.615 1.615 1 1 0
15.9754 1.61194 1.61194 1 1 0
15.9571 1.60889 1.60889 1 1 0
15.9388 1.60583 1.60583 1 1 0
15.9205 1.60278 1.60278 1 1 0
15.9022 1.59973 1.59973 1 1 0
15.8839 1.59668 1.59668 1 1 0
15.8656 1.59363 1.59363 1 1 0
15.8473 1.59059 1.59059 1 1 0
15.829 1.58755 1.58755 1 1 0
15.8107 1.58451 1.58451 1 1 0
15.7924 1.58147 1.58147 1 1 0
15.7741 1.57844 1.57844 1 1 0
15.7558 1.5754 1.5754 1 1 0
15.7374 1.57237 1.57237 1 1 0
15.7191 1.56935 1.56935 1 1 0
15.7008 1.56632 1.56632 1 1 0
15.6824 1.5633 1.5633 1 1 0
15.6641 1.56028 1.56028 1 1 0
15.6458 1.55726 1.55726 1 1 0
15.6274 1.55424 1.55424 1 1 0
15.6091 1.55123 1.55123 1 1 0
15.5907 1.54822 1.54822 1 1 0
15.5724 1.54521 1.54521 1 1 0
15.5541 1.5422 1.5422 1 1 0
15.5357 1.5392 1.5392 1 1 0
15.5173 1.53619 1.53619 1 1 0
15.499 1.53319 1.53319 1 1 0
15.4806 1.5302 1.5302 1 1 0
15.4623 1.5272 1.5272 1 1 0
15.4439 1.52421 1.52421 1 1 0
15.4255 1.52122 1.52122 1 1 0
15.4072 1.51823 1.51823 1 1 0
15.3888 1.51524 1.51524 1 1 0
15.3704 1.51226 1.51226 1 1 0
15.352 1.50928 1.50928 1 1 0
15.3337 1.5063 1.5063 1 1 0
15.3153 1.50332 1.50332 1 1 0
15.2969 1.50034 1.50034 1 1 0
15.2785 1.49737 1.49737 1 1 0
15.2601 1.4944 1.4944 1 1 0
15.2417 1.49143 1.49143 1 1 0
15.2233 1.48846 1.48846 1 1 0
15.2049 1.4855 1.4855 1 1 0
15.1865 1.48254 1.48254 1 1 0
15.1681 1.47958 1.47958 1 1 0
15.1497 1.47662 1.47662 1 1 0
15.1313 1.47367 1.47367 1 1 0
15.1129 1.47071 1.47071 1 1 0
15.0945 1.46776 1.46776 1 1 0
15.0761 1.46481 1.46481 1 1 0
15.0576 1.46187 1.46187 1 1 0
15.0392 1.45892 1.45892 1 1 0
15.0208 1.45598 1.45598 1 1 0
15.0024 1.45304 1.45304 1 1 0
14.9839 1.4501 1.4501 1 1 0
14.9655 1.44717 1.44717 1 1 0
14.9471 1.44424 1.44424 1 1 0
14.9286 1.44131 1.44131 1 1 0
14.9102 1.43838 1.43838 1 1 0
14.8918 1.43545 1.43545 1 1 0
14.8733 1.43253 1.43253 1 1 0
14.8549 1.4296 1.4296 1 1 0
14.8364 1.42668 1.42668 1 1 0
14.818 1.42377 1.42377 1 1 0
14.7995 1.42085 1.42085 1 1 0
14.7811 1.41794 1.41794 1 1 0
14.7626 1.41503 1.41503 1 1 0
14.7442 1.41212 1.41212 1 1 0
14.7257 1.40921 1.40921 1 1 0
14.7072 1.4063 1.4063 1 1 0
14.6888 1.4034 1.4034 1 1 0
14.6703 1.4005 1.4005 1 1 0
14.6518 1.3976 1.3976 1 1 0
14.6333 1.39471 1.39471 1 1 0
14.6149 1.39181 1.39181 1 1 0
14.5964 1.38892 1.38892 1 1 0
14.5779 1.38603 1.38603 1 1 0
14.5594 1.38314 1.38314 1 1 0
14.5409 1.38026 1.38026 1 1 0
14.5225 1.37737 1.37737 1 1 0
14.504 1.37449 1.37449 1 1 0
14.4855 1.37161 1.37161 1 1 0
14.467 1.36874 1.36874 1 1 0
14.4485 1.36586 1.36586 1 1 0
14.43 1.36299 1.36299 1 1 0
14.4115 1.36012 1.36012 1 1 0
14.393 1.35725 1.35725 1 1 0
14.3745 1.35438 1.35438 1 1 0
14.356 1.35152 1.35152 1 1 0
14.3374 1.34866 1.34866 1 1 0
14.3189 1.3458 1.3458 1 1 0
14.3004 1.34294 1.34294 1 1 0
14.2819 1.34008 1.34008 1 1 0
14.2634 1.33723 1.33723 1 1 0
14.2449 1.33438 1.33438 1 1 0
14.2263 1.33153 1.33153 1 1 0
14.2078 1.32868 1.32868 1 1 0
14.1893 1.32584 1.32584 1 1 0
14.1707 1.32299 1.32299 1 1 0
14.1522 1.32015 1.32015 1 1 0
14.1337 1.31731 1.31731 1 1 0
14.1151 1.31448 1.31448 1 1 0
14.0966 1.31164 1.31164 1 1 0
14.0781 1.30881 1.30881 1 1 0
14.0595 1.30598 1.30598 1 1 0
14.041 1.30315 1.30315 1 1 0
14.0224 1.30032 1.30032 1 1 0
14.0039 1.2975 1.2975 1 1 0
13.9853 1.29467 1.29467 1 1 0
13.9668 1.29185 1.29185 1 1 0
13.9482 1.28903 1.28903 1 1 0
13.9296 1.28622 1.28622 1 1 0
13.9111 1.2834 1.2834 1 1 0
13.8925 1.28059 1.28059 1 1 0
13.8739 1.27778 1.27778 1 1 0
13.8554 1.27497 1.27497 1 1 0
13.8368 1.27217 1.27217 1 1 0
13.8182 1.26936 1.26936 1 1 0
13.7997 1.26656 1.26656 1 1 0
13.7811 1.26376 1.26376 1 1 0
13.7625 1.26096 1.26096 1 1 0
13.7439 1.25817 1.25817 1 1 0
13.7253 1.25537 1.25537 1 1 0
13.7068 1.25258 1.25258 1 1 0
13.6882 1.24979 1.24979 1 1 0
13.6696 1.247 1.247 1 1 0
13.651 1.24422 1.24422 1 1 0
13.6324 1.24143 1.24143 1 1 0
13.6138 1.23865 1.23865 1 1 0
13.5952 1.23587 1.23587 1 1 0
13.5766 1.23309 1.23309 1 1 0
13.558 1.23032 1.23032 1 1 0
13.5394 1.22754 1.22754 1 1 0
13.5208 1.22477 1.22477 1 1 0
13.5022 1.222 1.222 1 1 0
13.4836 1.21923 1.21923 1 1 0
13.4649 1.21647 1.21647 1 1 0
13.4463 1.2137 1.2137 1 1 0
13.4277 1.21094 1.21094 1 1 0
13.4091 1.20818 1.20818 1 1 0
13.3905 1.20542 1.20542 1 1 0
13.3718 1.20266 1.20266 1 1 0
13.3532 1.19991 1.19991 1 1 0
13.3346 1.19716 1.19716 1 1 0
13.316 1.19441 1.19441 1 1 0
13.2973 1.19166 1.19166 1 1 0
13.2787 1.18891 1.18891 1 1 0
13.2601 1.18617 1.18617 1 1 0
13.2414 1.18343 1.18343 1 1 0
13.2228 1.18069 1.18069 1 1 0
13.2041 1.17795 1.17795 1 1 0
13.1855 1.17521 1.17521 1 1 0
13.1669 1.17248 1.17248 1 1 0
13.1482 1.16974 1.16974 1 1 0
13.1296 1.16701 1.16701 1 1 0
13.1109 1.16429 1.16429 1 1 0
13.0923 1.16156 1.16156 1 1 0
13.0736 1.15883 1.15883 1 1 0
13.0549 1.15611 1.15611 1 1 0
13.0363 1.15339 1.15339 1 1 0
13.0176 1.15067 1.15067 1 1 0
12.999 1.14795 1.14795 1 1 0
12.9803 1.14524 1.14524 1 1 0
12.9616 1.14253 1.14253 1 1 0
12.943 1.13981 1.13981 1 1 0
12.9243 1.13711 1.13711 1 1 0
12.9056 1.1344 1.1344 1 1 0
12.8869 1.13169 1.13169 1 1 0
12.8683 1.12899 1.12899 1 1 0
12.8496 1.12629 1.12629 1 1 0
12.8309 1.12359 1.12359 1 1 0
12.8122 1.12089 1.12089 1 1 0
12.7935 1.11819 1.11819 1 1 0
12.7748 1.1155 1.1155 1 1 0
12.7562 1.11281 1.11281 1 1 0
12.7375 1.11012 1.11012 1 1 0
12.7188 1.10743 1.10743 1 1 0
12.7001 1.10474 1.10474 1 1 0
12.6814 1.10206 1.10206 1 1 0
12.6627 1.09937 1.09937 1 1 0
12.644 1.09669 1.09669 1 1 0
12.6253 1.09401 1.09401 1 1 0
12.6066 1.09134 1.09134 1 1 0
12.5879 1.08866 1.08866 1 1 0
12.5692 1.08599 1.08599 1 1 0
12.5505 1.08332 1.08332 1 1 0
12.5317 1.08065 1.08065 1 1 0
12.513 1.07798 1.07798 1 1 0
12.4943 1.07531 1.07531 1 1 0
12.4756 1.07265 1.07265 1 1 0
12.4569 1.06999 1.06999 1 1 0
12.4382 1.06733 1.06733 1 1 0
12.4194 1.06467 1.06467 1 1 0
12.4007 1.06201 1.06201 1 1 0
12.382 1.05936 1.05936 1 1 0
12.3633 1.05671 1.05671 1 1 0
12.3445 1.05405 1.05405 1 1 0
12.3258 1.05141 1.05141 1 1 0
12.3071 1.04876 1.04876 1 1 0
12.2883 1.04611 1.04611 1 1 0
12.2696 1.04347 1.04347 1 1 0
12.2509 1.04083 1.04083 1 1 0
12.2321 1.03819 1.03819 1 1 0
12.2134 1.03555 1.03555 1 1 0
12.1946 1.03291 1.03291 1 1 0
12.1759 1.03028 1.03028 1 1 0
12.1571 1.02765 1.02765 1 1 0
12.1384 1.02502 1.02502 1 1 0
12.1196 1.02239 1.02239 1 1 0
12.1009 1.01976 1.01976 1 1 0
12.0821 1.01713 1.01713 1 1 0
12.0634 1.01451 1.01451 1 1 0
12.0446 1.01189 1.01189 1 1 0
12.0258 1.00927 1.00927 1 1 0
12.0071 1.00665 1.00665 1 1 0
11.9883 1.00403 1.00403 1 1 0
11.9696 1.00142 1.00142 1 1 0
11.9508 0.998808 0.998808 1 1 0
11.932 0.996197 0.996197 1 1 0
11.9132 0.993588 0.993588 1 1 0
11.8945 0.990981 0.990981 1 1 0
11.8757 0.988375 0.988375 1 1 0
11.8569 0.985772 0.985772 1 1 0
11.8381 0.98317 0.98317 1 1 0
11.8194 0.98057 0.98057 1 1 0
11.8006 0.977972 0.977972 1 1 0
11.7818 0.975375 0.975375 1 1 0
11.763 0.97278 0.97278 1 1 0
11.7442 0.970187 0.970187 1 1 0
11.7254 0.967596 0.967596 1 1 0
11.7067 0.965007 0.965007 1 1 0
11.6879 0.962419 0.962419 1 1 0
11.6691 0.959834 0.959834 1 1 0
11.6503 0.957249 0.957249 1 1 0
11.6315 0.954667 0.954667 1 1 0
11.6127 0.952087 0.952087 1 1 0
11.5939 0.949508 0.949508 1 1 0
11.5751 0.946931 0.946931 1 1 0
11.5563 0.944356 0.944356 1 1 0
11.5375 0.941782 0.941782 1 1 0
11.5187 0.939211 0.939211 1 1 0
11.4998 0.936641 0.936641 1 1 0
11.481 0.934072 0.934072 1 1 0
11.4622 0.931506 0.931506 1 1 0
11.4434 0.928941 0.928941 1 1 0
11.4246 0.926378 0.926378 1 1 0
11.4058 0.923817 0.923817 1 1 0
11.387 0.921258 0.921258 1 1 0
11.3681 0.9187 0.9187 1 1 0
11.3493 0.916144 0.916144 1 1 0
11.3305 0.91359 0.91359 1 1 0
11.3117 0.911037 0.911037 1 1 0
11.2928 0.908486 0.908486 1 1 0
11.274 0.905937 0.905937 1 1 0
11.2552 0.90339 0.90339 1 1 0
11.2364 0.900844 0.900844 1 1 0
11.2175 0.8983 0.8983 1 1 0
11.1987 0.895758 0.895758 1 1 0
11.1798 0.893218 0.893218 1 1 0
11.161 0.890679 0.890679 1 1 0
11.1422 0.888142 0.888142 1 1 0
11.1233 0.885606 0.885606 1 1 0
11.1045 0.883073 0.883073 1 1 0
11.0856 0.880541 0.880541 1 1 0
11.0668 0.878011 0.878011 1 1 0
11.0479 0.875482 0.875482 1 1 0
11.0291 0.872955 0.872955 1 1 0
11.0102 0.87043 0.87043 1 1 0
10.9914 0.867907 0.867907 1 1 0
10.9725 0.865385 0.865385 1 1 0
10.9537 0.862865 0.862865 1 1 0
10.9348 0.860347 0.860347 1 1 0
10.916 0.85783 0.85783 1 1 0
10.8971 0.855315 0.855315 1 1 0
10.8782 0.852802 0.852802 1 1 0
10.8594 0.850291 0.850291 1 1 0
10.8405 0.847781 0.847781 1 1 0
10.8216 0.845272 0.845272 1 1 0
10.8028 0.842766 0.842766 1 1 0
10.7839 0.840261 0.840261 1 1 0
10.765 0.837758 0.837758 1 1 0
10.7462 0.835256 0.835256 1 1 0
10.7273 0.832757 0.832757 1 1 0
10.7084 0.830258 0.830258 1 1 0
10.6895 0.827762 0.827762 1 1 0
10.6707 0.825267 0.825267 1 1 0
10.6518 0.822774 0.822774 1 1 0
10.6329 0.820283 0.820283 1 1 0
10.614 0.817793 0.817793 1 1 0
10.5951 0.815304 0.815304 1 1 0
10.5762 0.812818 0.812818 1 1 0
10.5573 0.810333 0.810333 1 1 0
10.5385 0.80785 0.80785 1 1 0
10.5196 0.805368 0.805368 1 1 0
10.5007 0.802888 0.802888 1 1 0
10.4818 0.80041 0.80041 1 1 0
10.4629 0.797933 0.797933 1 1 0
10.444 0.795458 0.795458 1 1 0
10.4251 0.792985 0.792985 1 1 0
10.4062 0.790513 0.790513 1 1 0
10.3873 0.788043 0.788043 1 1 0
10.3684 0.785575 0.785575 1 1 0
10.3495 0.783108 0.783108 1 1 0
10.3306 0.780643 0.780643 1 1 0
10.3117 0.778179 0.778179 1 1 0
10.2927 0.775717 0.775717 1 1 0
10.2738 0.773257 0.773257 1 1 0
10.2549 0.770798 0.770798 1 1 0
10.236 0.768341 0.768341 1 1 0
10.2171 0.765886 0.765886 1 1 0
10.1982 0.763432 0.763432 1 1 0
10.1793 0.76098 0.76098 1 1 0
10.1603 0.758529 0.758529 1 1 0
10.1414 0.75608 0.75608 1 1 0
10.1225 0.753633 0.753633 1 1 0
10.1036 0.751187 0.751187 1 1 0
10.0846 0.748743 0.748743 1 1 0
10.0657 0.7463 0.7463 1 1 0
10.0468 0.743859 0.743859 1 1 0
10.0279 0.74142 0.74142 1 1 0
10.0089 0.738982 0.738982 1 1 0
9.98999 0.736546 0.736546 1 1 0
9.97106 0.734111 0.734111 1 1 0
9.95212 0.731679 0.731679 1 1 0
9.93319 0.729247 0.729247 1 1 0
9.91425 0.726817 0.726817 1 1 0
9.89531 0.724389 0.724389 1 1 0
9.87637 0.721962 0.721962 1 1 0
9.85742 0.719537 0.719537 1 1 0
9.83848 0.717114 0.717114 1 1 0
9.81953 0.714692 0.714692 1 1 0
9.80059 0.712272 0.712272 1 1 0
9.78164 0.709853 0.709853 1 1 0
9.76269 0.707436 0.707436 1 1 0
9.74374 0.70502 0.70502 1 1 0
9.72478 0.702606 0.702606 1 1 0
9.70583 0.700194 0.700194 1 1 0
9.68687 0.697783 0.697783 1 1 0
9.66792 0.695374 0.695374 1 1 0
9.64896 0.692966 0.692966 1 1 0
9.63 0.69056 0.69056 1 1 0
9.61104 0.688155 0.688155 1 1 0
9.59207 0.685752 0.685752 1 1 0
9.57311 0.683351 0.683351 1 1 0
9.55414 0.680951 0.680951 1 1 0
9.53518 0.678552 0.678552 1 1 0
9.51621 0.676155 0.676155 1 1 0
9.49724 0.67376 0.67376 1 1 0
9.47827 0.671366 0.671366 1 1 0
9.4593 0.668974 0.668974 1 1 0
9.44032 0.666583 0.666583 1 1 0
9.42135 0.664194 0.664194 1 1 0
9.40237 0.661807 0.661807 1 1 0
9.3834 0.659421 0.659421 1 1 0
9.36442 0.657036 0.657036 1 1 0
9.34544 0.654653 0.654653 1 1 0
9.32646 0.652272 0.652272 1 1 0
9.30747 0.649892 0.649892 1 1 0
9.28849 0.647514 0.647514 1 1 0
9.2695 0.645137 0.645137 1 1 0
9.25052 0.642761 0.642761 1 1 0
9.23153 0.640388 0.640388 1 1 0
9.21254 0.638015 0.638015 1 1 0
9.19355 0.635645 0.635645 1 1 0
9.17455 0.633275 0.633275 1 1 0
9.15556 0.630908 0.630908 1 1 0
9.13657 0.628541 0.628541 1 1 0
9.11757 0.626177 0.626177 1 1 0
9.09857 0.623814 0.623814 1 1 0
9.07957 0.621452 0.621452 1 1 0
9.06057 0.619092 0.619092 1 1 0
9.04157 0.616733 0.616733 1 1 0
9.02257 0.614376 0.614376 1 1 0
9.00356 0.61202 0.61202 1 1 0
8.98456 0.609666 0.609666 1 1 0
8.96555 0.607314 0.607314 1 1 0
8.94654 0.604963 0.604963 1 1 0
8.92753 0.602613 0.602613 1 1 0
8.90852 0.600265 0.600265 1 1 0
8.88951 0.597918 0.597918 1 1 0
8.8705 0.595573 0.595573 1 1 0
8.85148 0.593229 0.593229 1 1 0
8.83247 0.590887 0.590887 1 1 0
8.81345 0.588546 0.588546 1 1 0
8.79443 0.586207 0.586207 1 1 0
8.77541 0.583869 0.583869 1 1 0
8.75639 0.581533 0.581533 1 1 0
8.73737 0.579198 0.579198 1 1 0
8.71835 0.576865 0.576865 1 1 0
8.69932 0.574533 0.574533 1 1 0
8.6803 0.572203 0.572203 1 1 0
8.66127 0.569874 0.569874 1 1 0
8.64224 0.567547 0.567547 1 1 0
8.62321 0.565221 0.565221 1 1 0
8.60418 0.562897 0.562897 1 1 0
8.58515 0.560574 0.560574 1 1 0
8.56611 0.558252 0.558252 1 1 0
8.54708 0.555932 0.555932 1 1 0
8.52804 0.553613 0.553613 1 1 0
8.50901 0.551296 0.551296 1 1 0
8.48997 0.548981 0.548981 1 1 0
8.47093 0.546666 0.546666 1 1 0
8.45189 0.544354 0.544354 1 1 0
8.43284 0.542042 0.542042 1 1 0
8.4138 0.539732 0.539732 1 1 0
8.39476 0.537424 0.537424 1 1 0
8.37571 0.535117 0.535117 1 1 0
8.35666 0.532812 0.532812 1 1 0
8.33762 0.530508 0.530508 1 1 0
8.31857 0.528205 0.528205 1 1 0
8.29951 0.525904 0.525904 1 1 0
8.28046 0.523604 0.523604 1 1 0
8.26141 0.521306 0.521306 1 1 0
8.24236 0.519009 0.519009 1 1 0
8.2233 0.516714 0.516714 1 1 0
8.20424 0.51442 0.51442 1 1 0
8.18518 0.512127 0.512127 1 1 0
8.16613 0.509836 0.509836 1 1 0
8.14707 0.507546 0.507546 1 1 0
8.128 0.505258 0.505258 1 1 0
8.10894 0.502971 0.502971 1 1 0
8.08988 0.500686 0.500686 1 1 0
8.07081 0.498402 0.498402 1 1 0
8.05174 0.496119 0.496119 1 1 0
8.03268 0.493838 0.493838 1 1 0
8.01361 0.491558 0.491558 1 1 0
7.99454 0.48928 0.48928 1 1 0
7.97547 0.487003 0.487003 1 1 0
7.95639 0.484728 0.484728 1 1 0
7.93732 0.482453 0.482453 1 1 0
7.91825 0.480181 0.480181 1 1 0
7.89917 0.47791 0.47791 1 1 0
7.88009 0.47564 0.47564 1 1 0
7.86102 0.473371 0.473371 1 1 0
7.84194 0.471104 0.471104 1 1 0
7.82286 0.468839 0.468839 1 1 0
7.80377 0.466574 0.466574 1 1 0
7.78469 0.464311 0.464311 1 1 0
7.76561 0.46205 0.46205 1 1 0
7.74652 0.45979 0.45979 1 1 0
7.72743 0.457531 0.457531 1 1 0
7.70835 0.455274 0.455274 1 1 0
7.68926 0.453018 0.453018 1 1 0
7.67017 0.450764 0.450764 1 1 0
7.65108 0.448511 0.448511 1 1 0
7.63199 0.446259 0.446259 1 1 0
7.61289 0.444009 0.444009 1 1 0
7.5938 0.44176 0.44176 1 1 0
7.5747 0.439512 0.439512 1 1 0
7.55561 0.437266 0.437266 1 1 0
7.53651 0.435021 0.435021 1 1 0
7.51741 0.432778 0.432778 1 1 0
7.49831 0.430536 0.430536 1 1 0
7.47921 0.428295 0.428295 1 1 0
7.46011 0.426056 0.426056 1 1 0
7.441 0.423818 0.423818 1 1 0
7.4219 0.421581 0.421581 1 1 0
7.40279 0.419346 0.419346 1 1 0
7.38368 0.417112 0.417112 1 1 0
7.36458 0.41488 0.41488 1 1 0
7.34547 0.412649 0.412649 1 1 0
7.32636 0.410419 0.410419 1 1 0
7.30725 0.408191 0.408191 1 1 0
7.28813 0.405964 0.405964 1 1 0
7.26902 0.403738 0.403738 1 1 0
7.24991 0.401514 0.401514 1 1 0
7.23079 0.399291 0.399291 1 1 0
7.21167 0.397069 0.397069 1 1 0
7.19256 0.394849 0.394849 1 1 0
7.17344 0.39263 0.39263 1 1 0
7.15432 0.390413 0.390413 1 1 0
7.1352 0.388197 0.388197 1 1 0
7.11607 0.385982 0.385982 1 1 0
7.09695 0.383768 0.383768 1 1 0
7.07783 0.381556 0.381556 1 1 0
7.0587 0.379345 0.379345 1 1 0
7.03957 0.377136 0.377136 1 1 0
7.02045 0.374928 0.374928 1 1 0
7.00132 0.372721 0.372721 1 1 0
6.98219 0.370516 0.370516 1 1 0
6.96306 0.368311 0.368311 1 1 0
6.94392 0.366109 0.366109 1 1 0
6.92479 0.363907 0.363907 1 1 0
6.90566 0.361707 0.361707 1 1 0
6.88652 0.359508 0.359508 1 1 0
6.86738 0.357311 0.357311 1 1 0
6.84825 0.355115 0.355115 1 1 0
6.82911 0.35292 0.35292 1 1 0
6.80997 0.350726 0.350726 1 1 0
6.79083 0.348534 0.348534 1 1 0
6.77169 0.346343 0.346343 1 1 0
6.75254 0.344154 0.344154 1 1 0
6.7334 0.341966 0.341966 1 1 0
6.71426 0.339779 0.339779 1 1 0
6.69511 0.337593 0.337593 1 1 0
6.67596 0.335409 0.335409 1 1 0
6.65682 0.333226 0.333226 1 1 0
6.63767 0.331044 0.331044 1 1 0
6.61852 0.328864 0.328864 1 1 0
6.59937 0.326685 0.326685 1 1 0
6.58021 0.324507 0.324507 1 1 0
6.56106 0.322331 0.322331 1 1 0
6.54191 0.320156 0.320156 1 1 0
6.52275 0.317982 0.317982 1 1 0
6.50359 0.315809 0.315809 1 1 0
6.48444 0.313638 0.313638 1 1 0
6.46528 0.311468 0.311468 1 1 0
6.44612 0.309299 0.309299 1 1 0
6.42696 0.307132 0.307132 1 1 0
6.4078 0.304966 0.304966 1 1 0
6.38864 0.302801 0.302801 1 1 0
6.36947 0.300638 0.300638 1 1 0
6.35031 0.298476 0.298476 1 1 0
6.33114 0.296315 0.296315 1 1 0
6.31198 0.294155 0.294155 1 1 0
6.29281 0.291997 0.291997 1 1 0
6.27364 0.28984 0.28984 1 1 0
6.25447 0.287684 0.287684 1 1 0
6.2353 0.28553 0.28553 1 1 0
6.21613 0.283376 0.283376 1 1 0
6.19696 0.281224 0.281224 1 1 0
6.17778 0.279074 0.279074 1 1 0
6.15861 0.276924 0.276924 1 1 0
6.13943 0.274776 0.274776 1 1 0
6.12026 0.27263 0.27263 1 1 0
6.10108 0.270484 0.270484 1 1 0
6.0819 0.26834 0.26834 1 1 0
6.06272 0.266197 0.266197 1 1 0
6.04354 0.264055 0.264055 1 1 0
6.02436 0.261914 0.261914 1 1 0
6.00518 0.259775 0.259775 1 1 0
5.98599 0.257637 0.257637 1 1 0
5.96681 0.255501 0.255501 1 1 0
5.94762 0.253365 0.253365 1 1 0
5.92844 0.251231 0.251231 1 1 0
5.90925 0.249098 0.249098 1 1 0
5.89006 0.246966 0.246966 1 1 0
5.87087 0.244836 0.244836 1 1 0
5.85168 0.242707 0.242707 1 1 0
5.83249 0.240579 0.240579 1 1 0
5.8133 0.238452 0.238452 1 1 0
5.7941 0.236327 0.236327 1 1 0
5.77491 0.234203 0.234203 1 1 0
5.75572 0.23208 0.23208 1 1 0
5.73652 0.229958 0.229958 1 1 0
5.71732 0.227838 0.227838 1 1 0
5.69812 0.225718 0.225718 1 1 0
5.67893 0.2236 0.2236 1 1 0
5.65973 0.221484 0.221484 1 1 0
5.64052 0.219368 0.219368 1 1 0
5.62132 0.217254 0.217254 1 1 0
5.60212 0.215141 0.215141 1 1 0
5.58292 0.213029 0.213029 1 1 0
5.56371 0.210919 0.210919 1 1 0
5.54451 0.208809 0.208809 1 1 0
5.5253 0.206701 0.206701 1 1 0
5.50609 0.204595 0.204595 1 1 0
5.48688 0.202489 0.202489 1 1 0
5.46767 0.200385 0.200385 1 1 0
5.44846 0.198281 0.198281 1 1 0
5.42925 0.196179 0.196179 1 1 0
5.41004 0.194079 0.194079 1 1 0
5.39083 0.191979 0.191979 1 1 0
5.37161 0.189881 0.189881 1 1 0
5.3524 0.187784 0.187784 1 1 0
5.33318 0.185688 0.185688 1 1 0
5.31397 0.183593 0.183593 1 1 0
5.29475 0.1815 0.1815 1 1 0
5.27553 0.179408 0.179408 1 1 0
5.25631 0.177317 0.177317 1 1 0
5.23709 0.175227 0.175227 1 1 0
5.21787 0.173139 0.173139 1 1 0
5.19864 0.171051 0.171051 1 1 0
5.17942 0.168965 0.168965 1 1 0
5.1602 0.16688 0.16688 1 1 0
5.14097 0.164796 0.164796 1 1 0
5.12175 0.162714 0.162714 1 1 0
5.10252 0.160632 0.160632 1 1 0
5.08329 0.158552 0.158552 1 1 0
5.06406 0.156473 0.156473 1 1 0
5.04483 0.154396 0.154396 1 1 0
5.0256 0.152319 0.152319 1 1 0
5.00637 0.150244 0.150244 1 1 0
4.98714 0.14817 0.14817 1 1 0
4.9679 0.146097 0.146097 1 1 0
4.94867 0.144025 0.144025 1 1 0
4.92944 0.141954 0.141954 1 1 0
4.9102 0.139885 0.139885 1 1 0
4.89096 0.137817 0.137817 1 1 0
4.87172 0.13575 0.13575 1 1 0
4.85249 0.133684 0.133684 1 1 0
4.83325 0.131619 0.131619 1 1 0
4.81401 0.129556 0.129556 1 1 0
4.79476 0.127493 0.127493 1 1 0
4.77552 0.125432 0.125432 1 1 0
4.75628 0.123372 0.123372 1 1 0
4.73704 0.121314 0.121314 1 1 0
4.71779 0.119256 0.119256 1 1 0
4.69854 0.1172 0.1172 1 1 0
4.6793 0.115145 0.115145 1 1 0
4.66005 0.113091 0.113091 1 1 0
4.6408 0.111038 0.111038 1 1 0
4.62155 0.108986 0.108986 1 1 0
4.6023 0.106935 0.106935 1 1 0
4.58305 0.104886 0.104886 1 1 0
4.5638 0.102838 0.102838 1 1 0
4.54455 0.100791 0.100791 1 1 0
4.52529 0.0987449 0.0987449 1 1 0
4.50604 0.0967002 0.0967002 1 1 0
4.48678 0.0946567 0.0946567 1 1 0
4.46753 0.0926143 0.0926143 1 1 0
4.44827 0.0905731 0.0905731 1 1 0
4.42901 0.088533 0.088533 1 1 0
4.40975 0.0864941 0.0864941 1 1 0
4.39049 0.0844564 0.0844564 1 1 0
4.37123 0.0824198 0.0824198 1 1 0
4.35197 0.0803843 0.0803843 1 1 0
4.33271 0.07835 0.07835 1 1 0
4.31345 0.0763169 0.0763169 1 1 0
4.29418 0.0742849 0.0742849 1 1 0
4.27492 0.0722541 0.0722541 1 1 0
4.25565 0.0702244 0.0702244 1 1 0
4.23639 0.0681958 0.0681958 1 1 0
4.21712 0.0661684 0.0661684 1 1 0
4.19785 0.0641422 0.0641422 1 1 0
4.17858 0.062117 0.062117 1 1 0
4.15931 0.0600931 0.0600931 1 1 0
4.14004 0.0580702 0.0580702 1 1 0
4.12077 0.0560485 0.0560485 1 1 0
4.1015 0.054028 0.054028 1 1 0
4.08223 0.0520086 0.0520086 1 1 0
4.06295 0.0499903 0.0499903 1 1 0
4.04368 0.0479731 0.0479731 1 1 0
4.0244 0.0459571 0.0459571 1 1 0
4.00512 0.0439422 0.0439422 1 1 0
3.98585 0.0419285 0.0419285 1 1 0
3.96657 0.0399158 0.0399158 1 1 0
3.94729 0.0379043 0.0379043 1 1 0
3.92801 0.035894 0.035894 1 1 0
3.90873 0.0338847 0.0338847 1 1 0
3.88945 0.0318766 0.0318766 1 1 0
3.87017 0.0298696 0.0298696 1 1 0
3.85088 0.0278637 0.0278637 1 1 0
3.8316 0.025859 0.025859 1 1 0
3.81231 0.0238554 0.0238554 1 1 0
3.79303 0.0218529 0.0218529 1 1 0
3.77374 0.0198515 0.0198515 1 1 0
3.75446 0.0178512 0.0178512 1 1 0
3.73517 0.015852 0.015852 1 1 0
3.71588 0.013854 0.013854 1 1 0
3.69659 0.011857 0.011857 1 1 0
3.6773 0.00986122 0.00986122 1 1 0
3.65801 0.00786651 0.00786651 1 1 0
3.63872 0.00587291 0.00587291 1 1 0
3.61942 0.00388042 0.00388042 1 1 0
3.60013 0.00188904 0.00188904 1 1 0
3.58182 5.20895e-08 5.20895e-08 1 1 0
3.56252 -0.00198918 -0.00198918 2 1 0
3.54323 -0.0039773 -0.0039773 2 1 0
3.52393 -0.00596432 -0.00596432 2 1 0
3.50463 -0.00795024 -0.00795024 2 1 0
3.48533 -0.00993506 -0.00993506 2 1 0
3.46603 -0.0119188 -0.0119188 2 1 0
3.44674 -0.0139014 -0.0139014 2 1 0
3.42743 -0.0158829 -0.0158829 2 1 0
3.40813 -0.0178633 -0.0178633 2 1 0
3.38883 -0.0198427 -0.0198427 2 1 0
3.36953 -0.0218209 -0.0218209 2 1 0
3.35022 -0.023798 -0.023798 2 1 0
3.33092 -0.0257741 -0.0257741 2 1 0
3.31161 -0.027749 -0.027749 2 1 0
3.29231 -0.0297229 -0.0297229 2 1 0
3.273 -0.0316957 -0.0316957 2 1 0
3.25369 -0.0336674 -0.0336674 2 1 0
3.23438 -0.035638 -0.035638 2 1 0
3.21508 -0.0376075 -0.0376075 2 1 0
3.19577 -0.039576 -0.039576 2 1 0
3.17645 -0.0415433 -0.0415433 2 1 0
3.15714 -0.0435096 -0.0435096 2 1 0
3.13783 -0.0454748 -0.0454748 2 1 0
3.11852 -0.0474389 -0.0474389 2 1 0
3.0992 -0.0494019 -0.0494019 2 1 0
3.07989 -0.0513639 -0.0513639 2 1 0
3.06057 -0.0533248 -0.0533248 2 1 0
3.04126 -0.0552846 -0.0552846 2 1 0
3.02194 -0.0572433 -0.0572433 2 1 0
3.00262 -0.0592009 -0.0592009 2 1 0
2.9833 -0.0611575 -0.0611575 2 1 0
2.96399 -0.063113 -0.063113 2 1 0
2.94467 -0.0650675 -0.0650675 2 1 0
2.92534 -0.0670209 -0.0670209 2 1 0
2.90602 -0.0689732 -0.0689732 2 1 0
2.8867 -0.0709244 -0.0709244 2 1 0
2.86738 -0.0728746 -0.0728746 2 1 0
2.84805 -0.0748237 -0.0748237 2 1 0
2.82873 -0.0767717 -0.0767717 2 1 0
2.8094 -0.0787187 -0.0787187 2 1 0
2.79008 -0.0806646 -0.0806646 2 1 0
2.77075 -0.0826095 -0.0826095 2 1 0
2.75142 -0.0845533 -0.0845533 2 1 0
2.7321 -0.0864961 -0.0864961 2 1 0
2.71277 -0.0884378 -0.0884378 2 1 0
2.69344 -0.0903784 -0.0903784 2 1 0
2.67411 -0.092318 -0.092318 2 1 0
2.65478 -0.0942565 -0.0942565 2 1 0
2.63544 -0.096194 -0.096194 2 1 0
2.61611 -0.0981304 -0.0981304 2 1 0
2.59678 -0.100066 -0.100066 2 1 0
2.57744 -0.102 -0.102 2 1 0
2.55811 -0.103933 -0.103933 2 1 0
2.53877 -0.105866 -0.105866 2 1 0
2.51944 -0.107797 -0.107797 2 1 0
2.5001 -0.109727 -0.109727 2 1 0
2.48076 -0.111656 -0.111656 2 1 0
2.46142 -0.113584 -0.113584 2 1 0
2.44208 -0.115511 -0.115511 2 1 0
2.42274 -0.117437 -0.117437 2 1 0
2.4034 -0.119362 -0.119362 2 1 0
2.38406 -0.121286 -0.121286 2 1 0
2.36472 -0.123209 -0.123209 2 1 0
2.34538 -0.12513 -0.12513 2 1 0
2.32603 -0.127051 -0.127051 2 1 0
2.30669 -0.128971 -0.128971 2 1 0
2.28734 -0.13089 -0.13089 2 1 0
2.268 -0.132807 -0.132807 2 1 0
2.24865 -0.134724 -0.134724 2 1 0
2.2293 -0.13664 -0.13664 2 1 0
2.20996 -0.138554 -0.138554 2 1 0
2.19061 -0.140468 -0.140468 2 1 0
2.17126 -0.14238 -0.14238 2 1 0
2.15191 -0.144292 -0.144292 2 1 0
2.13256 -0.146202 -0.146202 2 1 0
2.11321 -0.148112 -0.148112 2 1 0
2.09385 -0.15002 -0.15002 2 1 0
2.0745 -0.151927 -0.151927 2 1 0
2.05515 -0.153834 -0.153834 2 1 0
2.03579 -0.155739 -0.155739 2 1 0
2.01644 -0.157644 -0.157644 2 1 0
1.99708 -0.159547 -0.159547 2 1 0
1.97773 -0.161449 -0.161449 2 1 0
1.95837 -0.16335 -0.16335 2 1 0
1.93901 -0.165251 -0.165251 2 1 0
1.91965 -0.16715 -0.16715 2 1 0
1.90029 -0.169048 -0.169048 2 1 0
1.88093 -0.170945 -0.170945 2 1 0
1.86157 -0.172842 -0.172842 2 1 0
1.84221 -0.174737 -0.174737 2 1 0
1.82285 -0.176631 -0.176631 2 1 0
1.80349 -0.178524 -0.178524 2 1 0
1.78413 -0.180416 -0.180416 2 1 0
1.76476 -0.182308 -0.182308 2 1 0
1.7454 -0.184198 -0.184198 2 1 0
1.72603 -0.186087 -0.186087 2 1 0
1.70667 -0.187975 -0.187975 2 1 0
1.6873 -0.189862 -0.189862 2 1 0
1.66793 -0.191748 -0.191748 2 1 0
1.64856 -0.193634 -0.193634 2 1 0
1.62919 -0.195518 -0.195518 2 1 0
1.60982 -0.197401 -0.197401 2 1 0
1.59045 -0.199283 -0.199283 2 1 0
1.57108 -0.201164 -0.201164 2 1 0
1.55171 -0.203044 -0.203044 2 1 0
1.53234 -0.204924 -0.204924 2 1 0
1.51297 -0.206802 -0.206802 2 1 0
1.49359 -0.208679 -0.208679 2 1 0
1.47422 -0.210555 -0.210555 2 1 0
1.45484 -0.21243 -0.21243 2 1 0
1.43547 -0.214305 -0.214305 2 1 0
1.41609 -0.216178 -0.216178 2 1 0
1.39672 -0.21805 -0.21805 2 1 0
1.37734 -0.219921 -0.219921 2 1 0
1.35796 -0.221792 -0.221792 2 1 0
1.33858 -0.223661 -0.223661 2 1 0
1.3192 -0.225529 -0.225529 2 1 0
1.29982 -0.227397 -0.227397 2 1 0
1.28044 -0.229263 -0.229263 2 1 0
1.26106 -0.231128 -0.231128 2 1 0
1.24168 -0.232993 -0.232993 2 1 0
1.22229 -0.234856 -0.234856 2 1 0
1.20291 -0.236718 -0.236718 2 1 0
1.18353 -0.23858 -0.23858 2 1 0
1.16414 -0.24044 -0.24044 2 1 0
1.14476 -0.2423 -0.2423 2 1 0
1.12537 -0.244158 -0.244158 2 1 0
1.10598 -0.246016 -0.246016 2 1 0
1.0866 -0.247873 -0.247873 2 1 0
1.06721 -0.249728 -0.249728 2 1 0
1.04782 -0.251583 -0.251583 2 1 0
1.02843 -0.253436 -0.253436 2 1 0
1.00904 -0.255289 -0.255289 2 1 0
0.989649 -0.257141 -0.257141 2 1 0
0.970258 -0.258992 -0.258992 2 1 0
0.950866 -0.260841 -0.260841 2 1 0
0.931473 -0.26269 -0.26269 2 1 0
0.91208 -0.264538 -0.264538 2 1 0
0.892686 -0.266385 -0.266385 2 1 0
0.873292 -0.268231 -0.268231 2 1 0
0.853897 -0.270076 -0.270076 2 1 0
0.834501 -0.27192 -0.27192 2 1 0
0.815104 -0.273763 -0.273763 2 1 0
0.795707 -0.275605 -0.275605 2 1 0
0.77631 -0.277446 -0.277446 2 1 0
0.756911 -0.279287 -0.279287 2 1 0
0.737512 -0.281126 -0.281126 2 1 0
0.718113 -0.282964 -0.282964 2 1 0
0.698712 -0.284801 -0.284801 2 1 0
0.679311 -0.286638 -0.286638 2 1 0
0.65991 -0.288473 -0.288473 2 1 0
0.640508 -0.290308 -0.290308 2 1 0
0.621105 -0.292141 -0.292141 2 1 0
0.601702 -0.293974 -0.293974 2 1 0
0.582298 -0.295805 -0.295805 2 1 0
0.562893 -0.297636 -0.297636 2 1 0
0.543488 -0.299466 -0.299466 2 1 0
0.524082 -0.301295 -0.301295 2 1 0
0.504675 -0.303122 -0.303122 2 1 0
0.485268 -0.304949 -0.304949 2 1 0
0.46586 -0.306775 -0.306775 2 1 0
0.446452 -0.3086 -0.3086 2 1 0
0.427043 -0.310424 -0.310424 2 1 0
0.407633 -0.312248 -0.312248 2 1 0
0.388223 -0.31407 -0.31407 2 1 0
0.368812 -0.315891 -0.315891 2 1 0
0.349401 -0.317711 -0.317711 2 1 0
0.329989 -0.319531 -0.319531 2 1 0
0.310576 -0.321349 -0.321349 2 1 0
0.291163 -0.323167 -0.323167 2 1 0
0.271749 -0.324983 -0.324983 2 1 0
0.252334 -0.326799 -0.326799 2 1 0
0.232919 -0.328614 -0.328614 2 1 0
0.213503 -0.330428 -0.330428 2 1 0
0.194087 -0.33224 -0.33224 2 1 0
0.17467 -0.334052 -0.334052 2 1 0
0.155253 -0.335863 -0.335863 2 1 0
0.135834 -0.337673 -0.337673 2 1 0
0.116416 -0.339483 -0.339483 2 1 0
0.0969963 -0.341291 -0.341291 2 1 0
0.0775763 -0.343098 -0.343098 2 1 0
0.0581557 -0.344905 -0.344905 2 1 0
0.0387345 -0.34671 -0.34671 2 1 0
0.0193128 -0.348515 -0.348515 2 1 0
-0.000109614 -0.350318 -0.350318 2 1 0
3.58182 5.20895e-08 5.20895e-08 2 2 0
3.65762 -9.93253e-12 -9.93253e-12 2 2 0
3.67778 -3.06561e-17 -3.06561e-17 2 2 0
3.69778 1.01433e-19 1.01433e-19 2 2 0
3.71778 4.60374e-30 4.60374e-30 2 2 0
3.73778 -1.53111e-32 -1.53111e-32 2 2 0
3.75778 -5.38099e-43 -5.38099e-43 2 2 0
3.77778 1.70783e-45 1.70783e-45 2 2 0
3.79778 5.2572e-56 5.2572e-56 2 2 0
3.81778 -1.24149e-58 -1.24149e-58 2 2 0
3.83778 -4.28334e-69 -4.28334e-69 2 2 0
3.85778 8.25977e-72 8.25977e-72 2 2 0
3.87778 2.91352e-82 2.91352e-82 2 2 0
3.89778 -5.41901e-85 -5.41901e-85 2 2 0
3.91778 -1.79074e-95 -1.79074e-95 2 2 0
3.93778 3.28037e-98 3.28037e-98 2 2 0
3.95778 1.12437e-108 1.12437e-108 2 2 0
3.97778 -1.83219e-111 -1.83219e-111 2 2 0
3.99778 -5.25674e-122 -5.25674e-122 2 2 0
4.01778 9.45457e-125 9.45457e-125 2 2 0
4.03778 2.55817e-135 2.55817e-135 2 2 0
4.05778 -4.08321e-138 -4.08321e-138 2 2 0
4.07778 -1.06312e-148 -1.06312e-148 2 2 0
4.09778 1.31267e-151 1.31267e-151 2 2 0
4.11778 3.71617e-162 3.71617e-162 2 2 0
4.13778 -4.74832e-165 -4.74832e-165 2 2 0
4.15778 -1.24869e-175 -1.24869e-175 2 2 0
4.17778 1.65802e-178 1.65802e-178 2 2 0
4.19778 4.20827e-189 4.20827e-189 2 2 0
4.21778 -5.47952e-192 -5.47952e-192 2 2 0
4.23778 -1.2758e-202 -1.2758e-202 2 2 0
4.25778 1.86106e-205 1.86106e-205 2 2 0
4.27778 3.03681e-216 3.03681e-216 2 2 0
4.29778 -5.1788e-219 -5.1788e-219 2 2 0
4.31778 -8.75996e-230 -8.75996e-230 2 2 0
4.33778 1.57884e-232 1.57884e-232 2 2 0
4.35778 2.6728e-243 2.6728e-243 2 2 0
4.37778 -3.55768e-246 -3.55768e-246 2 2 0
4.39778 -8.68921e-257 -8.68921e-257 2 2 0
4.41778 8.12987e-260 8.12987e-260 2 2 0
4.43778 2.14428e-270 2.14428e-270 2 2 0
4.45778 -1.94961e-273 -1.94961e-273 2 2 0
4.47778 -4.91756e-284 -4.91756e-284 2 2 0
4.49778 4.84335e-287 4.84335e-287 2 2 0
4.51778 9.43716e-298 9.43716e-298 2 2 0
4.53778 -1.12575e-300 -1.12575e-300 2 2 0
4.55778 -1.40901e-311 -1.40901e-311 2 2 0
4.57778 1.92306e-314 1.92306e-314 2 2 0
4.59778 0 0 2 2 0
4.61778 -2.47033e-323 -2.47033e-323 2 2 0
4.63778 -4.94066e-323 -4.94066e-323 2 2 0
4.65778 8.89318e-323 8.89318e-323 2 2 0
4.67778 -9.38725e-323 -9.38725e-323 2 2 0
4.69778 3.95253e-323 3.95253e-323 2 2 0
4.71778 1.97626e-323 1.97626e-323 2 2 0
4.73778 0 0 2 2 0
4.75778 1.28457e-322 1.28457e-322 2 2 0
4.77778 -3.95253e-323 -3.95253e-323 2 2 0
4.79778 -6.42285e-323 -6.42285e-323 2 2 0
4.81778 -8.89318e-323 -8.89318e-323 2 2 0
4.83778 2.47033e-323 2.47033e-323 2 2 0
4.85778 0 0 2 2 0
4.87778 1.13635e-322 1.13635e-322 2 2 0
4.89778 -3.95253e-323 -3.95253e-323 2 2 0
4.91778 -5.92879e-323 -5.92879e-323 2 2 0
4.93778 -7.90505e-323 -7.90505e-323 2 2 0
4.95778 2.96439e-323 2.96439e-323 2 2 0
4.97778 9.88131e-324 9.88131e-324 2 2 0
4.99778 -9.88131e-324 -9.88131e-324 2 2 0
5.01778 -2.96439e-323 -2.96439e-323 2 2 0
5.03778 -4.94066e-323 -4.94066e-323 2 2 0
5.05778 4.94066e-323 4.94066e-323 2 2 0
5.07778 2.96439e-323 2.96439e-323 2 2 0
5.09778 9.88131e-324 9.88131e-324 2 2 0
5.11778 -9.88131e-324 -9.88131e-324 2 2 0
5.13778 -2.96439e-323 -2.96439e-323 2 2 0
5.15778 -4.94066e-323 -4.94066e-323 2 2 0
5.17778 3.95253e-323 3.95253e-323 2 2 0
5.19778 -8.89318e-323 -8.89318e-323 2 2 0
5.21778 0 0 2 2 0
5.23778 -1.97626e-323 -1.97626e-323 2 2 0
5.25778 -3.95253e-323 -3.95253e-323 2 2 0
5.27778 4.44659e-323 4.44659e-323 2 2 0
5.29778 -7.90505e-323 -7.90505e-323 2 2 0
5.31778 0 0 2 2 0
5.33778 7.90505e-323 7.90505e-323 2 2 0
5.35778 -3.95253e-323 -3.95253e-323 2 2 0
5.37778 3.95253e-323 3.95253e-323 2 2 0
5.39778 -7.41098e-323 -7.41098e-323 2 2 0
5.41778 4.94066e-324 4.94066e-324 2 2 0
5.43778 -9.88131e-324 -9.88131e-324 2 2 0
5.45778 6.91692e-323 6.91692e-323 2 2 0
5.47778 5.43472e-323 5.43472e-323 2 2 0
5.49778 3.95253e-323 3.95253e-323 2 2 0
5.51778 -6.42285e-323 -6.42285e-323 2 2 0
5.53778 1.4822e-323 1.4822e-323 2 2 0
5.55778 4.94066e-324 4.94066e-324 2 2 0
5.57778 -4.94066e-324 -4.94066e-324 2 2 0
5.59778 -1.4822e-323 -1.4822e-323 2 2 0
5.61778 6.42285e-323 6.42285e-323 2 2 0
5.63778 5.92879e-323 5.92879e-323 2 2 0
5.65778 -2.96439e-323 -2.96439e-323 2 2 0
5.67778 4.94066e-323 4.94066e-323 2 2 0
5.69778 -3.95253e-323 -3.95253e-323 2 2 0
5.71778 3.45846e-323 3.45846e-323 2 2 0
5.73778 2.47033e-323 2.47033e-323 2 2 0
5.75778 1.4822e-323 1.4822e-323 2 2 0
5.77778 4.94066e-324 4.94066e-324 2 2 0
5.79778 -4.94066e-324 -4.94066e-324 2 2 0
5.81778 -1.4822e-323 -1.4822e-323 2 2 0
5.83778 5.43472e-323 5.43472e-323 2 2 0
5.85778 -2.96439e-323 -2.96439e-323 2 2 0
5.87778 3.95253e-323 3.95253e-323 2 2 0
5.89778 -4.44659e-323 -4.44659e-323 2 2 0
5.91778 2.47033e-323 2.47033e-323 2 2 0
5.93778 1.97626e-323 1.97626e-323 2 2 0
5.95778 1.4822e-323 1.4822e-323 2 2 0
5.97778 9.88131e-324 9.88131e-324 2 2 0
5.99778 4.94066e-324 4.94066e-324 2 2 0
6.01778 0 0 2 2 0
6.03778 -4.94066e-324 -4.94066e-324 2 2 0
6.05778 -9.88131e-324 -9.88131e-324 2 2 0
6.07778 -1.4822e-323 -1.4822e-323 2 2 0
6.09778 4.94066e-323 4.94066e-323 2 2 0
6.11778 -2.47033e-323 -2.47033e-323 2 2 0
6.13778 -2.96439e-323 -2.96439e-323 2 2 0
6.15778 -3.45846e-323 -3.45846e-323 2 2 0
6.17778 -3.95253e-323 -3.95253e-323 2 2 0
6.19778 2.47033e-323 2.47033e-323 2 2 0
6.21778 1.97626e-323 1.97626e-323 2 2 0
6.23778 -4.94066e-323 -4.94066e-323 2 2 0
6.25778 1.4822e-323 1.4822e-323 2 2 0
6.27778 1.4822e-323 1.4822e-323 2 2 0
6.29778 -4.94066e-323 -4.94066e-323 2 2 0
6.31778 1.4822e-323 1.4822e-323 2 2 0
6.33778 1.4822e-323 1.4822e-323 2 2 0
6.35778 -4.94066e-323 -4.94066e-323 2 2 0
6.37778 1.4822e-323 1.4822e-323 2 2 0
6.39778 1.4822e-323 1.4822e-323 2 2 0
6.41778 -4.94066e-323 -4.94066e-323 2 2 0
6.43778 9.88131e-324 9.88131e-324 2 2 0
6.45778 9.88131e-324 9.88131e-324 2 2 0
6.47778 9.88131e-324 9.88131e-324 2 2 0
6.49778 9.88131e-324 9.88131e-324 2 2 0
6.51778 9.88131e-324 9.88131e-324 2 2 0
6.53778 9.88131e-324 9.88131e-324 2 2 0
6.55778 9.88131e-324 9.88131e-324 2 2 0
6.57778 9.88131e-324 9.88131e-324 2 2 0
6.59778 9.88131e-324 9.88131e-324 2 2 0
6.61778 9.88131e-324 9.88131e-324 2 2 0
6.63778 9.88131e-324 9.88131e-324 2 2 0
6.65778 9.88131e-324 9.88131e-324 2 2 0
6.67778 9.88131e-324 9.88131e-324 2 2 0
6.69778 9.88131e-324 9.88131e-324 2 2 0
6.71778 9.88131e-324 9.88131e-324 2 2 0
6.73778 9.88131e-324 9.88131e-324 2 2 0
6.75778 9.88131e-324 9.88131e-324 2 2 0
6.77778 9.88131e-324 9.88131e-324 2 2 0
6.79778 9.88131e-324 9.88131e-324 2 2 0
6.81778 9.88131e-324 9.88131e-324 2 2 0
6.83778 9.88131e-324 9.88131e-324 2 2 0
6.85778 9.88131e-324 9.88131e-324 2 2 0
6.87778 9.88131e-324 9.88131e-324 2 2 0
6.89778 9.88131e-324 9.88131e-324 2 2 0
6.91778 9.88131e-324 9.88131e-324 2 2 0
6.93778 9.88131e-324 9.88131e-324 2 2 0
6.95778 9.88131e-324 9.88131e-324 2 2 0
6.97778 9.88131e-324 9.88131e-324 2 2 0
6.99778 9.88131e-324 9.88131e-324 2 2 0
7.01778 9.88131e-324 9.88131e-324 2 2 0
7.03778 9.88131e-324 9.88131e-324 2 2 0
7.05778 9.88131e-324 9.88131e-324 2 2 0
7.07778 9.88131e-324 9.88131e-324 2 2 0
7.09778 9.88131e-324 9.88131e-324 2 2 0
7.11778 9.88131e-324 9.88131e-324 2 2 0
7.13778 9.88131e-324 9.88131e-324 2 2 0
7.15778 9.88131e-324 9.88131e-324 2 2 0
7.17778 9.88131e-324 9.88131e-324 2 2 0
7.19778 9.88131e-324 9.88131e-324 2 2 0
7.21778 9.88131e-324 9.88131e-324 2 2 0
7.23778 9.88131e-324 9.88131e-324 2 2 0
7.25778 9.88131e-324 9.88131e-324 2 2 0
7.27778 9.88131e-324 9.88131e-324 2 2 0
7.29778 9.88131e-324 9.88131e-324 2 2 0
7.31778 9.88131e-324 9.88131e-324 2 2 0
7.33778 9.88131e-324 9.88131e-324 2 2 0
7.35778 9.88131e-324 9.88131e-324 2 2 0
7.37778 9.88131e-324 9.88131e-324 2 2 0
7.39778 9.88131e-324 9.88131e-324 2 2 0
7.41778 9.88131e-324 9.88131e-324 2 2 0
7.43778 9.88131e-324 9.88131e-324 2 2 0
7.45778 9.88131e-324 9.88131e-324 2 2 0
7.47778 9.88131e-324 9.88131e-324 2 2 0
7.49778 9.88131e-324 9.88131e-324 2 2 0
7.51778 9.88131e-324 9.88131e-324 2 2 0
7.53778 9.88131e-324 9.88131e-324 2 2 0
7.55778 9.88131e-324 9.88131e-324 2 2 0
7.57778 9.88131e-324 9.88131e-324 2 2 0
7.59778 9.88131e-324 9.88131e-324 2 2 0
7.61778 9.88131e-324 9.88131e-324 2 2 0
7.63778 9.88131e-324 9.88131e-324 2 2 0
7.65778 9.88131e-324 9.88131e-324 2 2 0
7.67778 9.88131e-324 9.88131e-324 2 2 0
7.69778 9.88131e-324 9.88131e-324 2 2 0
7.71778 9.88131e-324 9.88131e-324 2 2 0
7.73778 9.88131e-324 9.88131e-324 2 2 0
7.75778 9.88131e-324 9.88131e-324 2 2 0
7.77778 9.88131e-324 9.88131e-324 2 2 0
7.79778 9.88131e-324 9.88131e-324 2 2 0
7.81778 9.88131e-324 9.88131e-324 2 2 0
7.83778 9.88131e-324 9.88131e-324 2 2 0
7.85778 9.88131e-324 9.88131e-324 2 2 0
7.87778 9.88131e-324 9.88131e-324 2 2 0
7.89778 9.88131e-324 9.88131e-324 2 2 0
7.91778 9.88131e-324 9.88131e-324 2 2 0
7.93778 9.88131e-324 9.88131e-324 2 2 0
7.95778 9.88131e-324 9.88131e-324 2 2 0
7.97778 9.88131e-324 9.88131e-324 2 2 0
7.99778 9.88131e-324 9.88131e-324 2 2 0
8.01778 9.88131e-324 9.88131e-324 2 2 0
8.03778 9.88131e-324 9.88131e-324 2 2 0
8.05778 9.88131e-324 9.88131e-324 2 2 0
8.07778 9.88131e-324 9.88131e-324 2 2 0
8.09778 9.88131e-324 9.88131e-324 2 2 0
8.11778 9.88131e-324 9.88131e-324 2 2 0
8.13778 9.88131e-324 9.88131e-324 2 2 0
8.15778 9.88131e-324 9.88131e-324 2 2 0
8.17778 9.88131e-324 9.88131e-324 2 2 0
8.19778 9.88131e-324 9.88131e-324 2 2 0
8.21778 9.88131e-324 9.88131e-324 2 2 0
8.23778 9.88131e-324 9.88131e-324 2 2 0
8.25778 9.88131e-324 9.88131e-324 2 2 0
8.27778 9.88131e-324 9.88131e-324 2 2 0
8.29778 9.88131e-324 9.88131e-324 2 2 0
8.31778 9.88131e-324 9.88131e-324 2 2 0
8.33778 9.88131e-324 9.88131e-324 2 2 0
8.35778 9.88131e-324 9.88131e-324 2 2 0
8.37778 9.88131e-324 9.88131e-324 2 2 0
8.39778 9.88131e-324 9.88131e-324 2 2 0
8.41778 9.88131e-324 9.88131e-324 2 2 0
8.43778 9.88131e-324 9.88131e-324 2 2 0
8.45778 9.88131e-324 9.88131e-324 2 2 0
8.47778 9.88131e-324 9.88131e-324 2 2 0
8.49778 9.88131e-324 9.88131e-324 2 2 0
8.51778 9.88131e-324 9.88131e-324 2 2 0
8.53778 9.88131e-324 9.88131e-324 2 2 0
8.55778 9.88131e-324 9.88131e-324 2 2 0
8.57778 9.88131e-324 9.88131e-324 2 2 0
8.59778 9.88131e-324 9.88131e-324 2 2 0
8.61778 9.88131e-324 9.88131e-324 2 2 0
8.63778 9.88131e-324 9.88131e-324 2 2 0
8.65778 9.88131e-324 9.88131e-324 2 2 0
8.67778 9.88131e-324 9.88131e-324 2 2 0
8.69778 9.88131e-324 9.88131e-324 2 2 0
8.71778 9.88131e-324 9.88131e-324 2 2 0
8.73778 9.88131e-324 9.88131e-324 2 2 0
8.75778 9.88131e-324 9.88131e-324 2 2 0
8.77778 9.88131e-324 9.88131e-324 2 2 0
8.79778 9.88131e-324 9.88131e-324 2 2 0
8.81778 9.88131e-324 9.88131e-324 2 2 0
8.83778 9.88131e-324 9.88131e-324 2 2 0
8.85778 9.88131e-324 9.88131e-324 2 2 0
8.87778 9.88131e-324 9.88131e-324 2 2 0
8.89778 9.88131e-324 9.88131e-324 2 2 0
8.91778 9.88131e-324 9.88131e-324 2 2 0
8.93778 9.88131e-324 9.88131e-324 2 2 0
8.95778 9.88131e-324 9.88131e-324 2 2 0
8.97778 9.88131e-324 9.88131e-324 2 2 0
8.99778 9.88131e-324 9.88131e-324 2 2 0
9.01778 9.88131e-324 9.88131e-324 2 2 0
9.03778 9.88131e-324 9.88131e-324 2 2 0
9.05778 9.88131e-324 9.88131e-324 2 2 0
9.07778 9.88131e-324 9.88131e-324 2 2 0
9.09778 9.88131e-324 9.88131e-324 2 2 0
9.11778 -1.97626e-323 -1.97626e-323 2 2 0
9.13778 1.4822e-323 1.4822e-323 2 2 0
9.15778 -1.4822e-323 -1.4822e-323 2 2 0
9.17778 -1.4822e-323 -1.4822e-323 2 2 0
9.19778 1.4822e-323 1.4822e-323 2 2 0
9.21778 1.4822e-323 1.4822e-323 2 2 0
9.23778 -1.4822e-323 -1.4822e-323 2 2 0
9.25778 -1.4822e-323 -1.4822e-323 2 2 0
9.27778 1.4822e-323 1.4822e-323 2 2 0
9.29778 1.4822e-323 1.4822e-323 2 2 0
9.31778 -1.4822e-323 -1.4822e-323 2 2 0
9.33778 -1.4822e-323 -1.4822e-323 2 2 0
9.35778 1.4822e-323 1.4822e-323 2 2 0
9.37778 1.4822e-323 1.4822e-323 2 2 0
9.39778 -1.4822e-323 -1.4822e-323 2 2 0
9.41778 -1.4822e-323 -1.4822e-323 2 2 0
9.43778 1.4822e-323 1.4822e-323 2 2 0
9.45778 1.4822e-323 1.4822e-323 2 2 0
9.47778 -1.4822e-323 -1.4822e-323 2 2 0
9.49778 -1.4822e-323 -1.4822e-323 2 2 0
9.51778 1.4822e-323 1.4822e-323 2 2 0
9.53778 1.4822e-323 1.4822e-323 2 2 0
9.55778 -1.4822e-323 -1.4822e-323 2 2 0
9.57778 -1.4822e-323 -1.4822e-323 2 2 0
9.59778 1.4822e-323 1.4822e-323 2 2 0
9.61778 1.4822e-323 1.4822e-323 2 2 0
9.63778 -1.4822e-323 -1.4822e-323 2 2 0
9.65778 -1.4822e-323 -1.4822e-323 2 2 0
9.67778 1.4822e-323 1.4822e-323 2 2 0
9.69778 1.4822e-323 1.4822e-323 2 2 0
9.71778 -1.4822e-323 -1.4822e-323 2 2 0
9.73778 -1.4822e-323 -1.4822e-323 2 2 0
9.75778 1.4822e-323 1.4822e-323 2 2 0
9.77778 1.4822e-323 1.4822e-323 2 2 0
9.79778 -1.4822e-323 -1.4822e-323 2 2 0
9.81778 -1.4822e-323 -1.4822e-323 2 2 0
9.83778 1.4822e-323 1.4822e-323 2 2 0
9.85778 1.4822e-323 1.4822e-323 2 2 0
9.87778 -1.4822e-323 -1.4822e-323 2 2 0
9.89778 -1.4822e-323 -1.4822e-323 2 2 0
9.91778 1.4822e-323 1.4822e-323 2 2 0
9.93778 1.4822e-323 1.4822e-323 2 2 0
9.95778 -1.4822e-323 -1.4822e-323 2 2 0
9.97778 -1.4822e-323 -1.4822e-323 2 2 0
9.99778 1.4822e-323 1.4822e-323 2 2 0
10.0178 1.4822e-323 1.4822e-323 2 2 0
10.0378 -1.4822e-323 -1.4822e-323 2 2 0
10.0578 -1.4822e-323 -1.4822e-323 2 2 0
10.0778 9.88131e-324 9.88131e-324 2 2 0
10.0978 9.88131e-324 9.88131e-324 2 2 0
10.1178 -1.4822e-323 -1.4822e-323 2 2 0
10.1378 -1.4822e-323 -1.4822e-323 2 2 0
10.1578 9.88131e-324 9.88131e-324 2 2 0
10.1778 9.88131e-324 9.88131e-324 2 2 0
10.1978 -1.4822e-323 -1.4822e-323 2 2 0
10.2178 -1.4822e-323 -1.4822e-323 2 2 0
10.2378 9.88131e-324 9.88131e-324 2 2 0
10.2578 9.88131e-324 9.88131e-324 2 2 0
10.2778 -1.4822e-323 -1.4822e-323 2 2 0
10.2978 -1.4822e-323 -1.4822e-323 2 2 0
10.3178 9.88131e-324 9.88131e-324 2 2 0
10.3378 9.88131e-324 9.88131e-324 2 2 0
10.3578 -1.4822e-323 -1.4822e-323 2 2 0
10.3778 -1.4822e-323 -1.4822e-323 2 2 0
10.3978 9.88131e-324 9.88131e-324 2 2 0
10.4178 9.88131e-324 9.88131e-324 2 2 0
10.4378 -1.4822e-323 -1.4822e-323 2 2 0
10.4578 -1.4822e-323 -1.4822e-323 2 2 0
10.4778 9.88131e-324 9.88131e-324 2 2 0
10.4978 9.88131e-324 9.88131e-324 2 2 0
10.5178 -1.4822e-323 -1.4822e-323 2 2 0
10.5378 -1.4822e-323 -1.4822e-323 2 2 0
10.5578 9.88131e-324 9.88131e-324 2 2 0
10.5778 9.88131e-324 9.88131e-324 2 2 0
10.5978 -1.4822e-323 -1.4822e-323 2 2 0
10.6178 -1.4822e-323 -1.4822e-323 2 2 0
10.6378 9.88131e-324 9.88131e-324 2 2 0
10.6578 9.88131e-324 9.88131e-324 2 2 0
10.6778 -1.4822e-323 -1.4822e-323 2 2 0
10.6978 -1.4822e-323 -1.4822e-323 2 2 0
10.7178 9.88131e-324 9.88131e-324 2 2 0
10.7378 9.88131e-324 9.88131e-324 2 2 0
10.7578 -1.4822e-323 -1.4822e-323 2 2 0
10.7778 -1.4822e-323 -1.4822e-323 2 2 0
10.7978 9.88131e-324 9.88131e-324 2 2 0
10.8178 9.88131e-324 9.88131e-324 2 2 0
10.8378 -1.4822e-323 -1.4822e-323 2 2 0
10.8578 -1.4822e-323 -1.4822e-323 2 2 0
10.8778 9.88131e-324 9.88131e-324 2 2 0
10.8978 9.88131e-324 9.88131e-324 2 2 0
10.9178 -1.4822e-323 -1.4822e-323 2 2 0
10.9378 -1.4822e-323 -1.4822e-323 2 2 0
10.9578 9.88131e-324 9.88131e-324 2 2 0
10.9778 9.88131e-324 9.88131e-324 2 2 0
10.9978 -1.4822e-323 -1.4822e-323 2 2 0
11.0178 -1.4822e-323 -1.4822e-323 2 2 0
11.0378 9.88131e-324 9.88131e-324 2 2 0
11.0578 9.88131e-324 9.88131e-324 2 2 0
11.0778 -1.4822e-323 -1.4822e-323 2 2 0
11.0978 -1.4822e-323 -1.4822e-323 2 2 0
11.1178 9.88131e-324 9.88131e-324 2 2 0
11.1378 9.88131e-324 9.88131e-324 2 2 0
11.1578 -1.4822e-323 -1.4822e-323 2 2 0
11.1778 -1.4822e-323 -1.4822e-323 2 2 0
11.1978 9.88131e-324 9.88131e-324 2 2 0
11.2178 9.88131e-324 9.88131e-324 2 2 0
11.2378 -1.4822e-323 -1.4822e-323 2 2 0
11.2578 -1.4822e-323 -1.4822e-323 2 2 0
11.2778 9.88131e-324 9.88131e-324 2 2 0
11.2978 9.88131e-324 9.88131e-324 2 2 0
11.3178 -1.4822e-323 -1.4822e-323 2 2 0
11.3378 -1.4822e-323 -1.4822e-323 2 2 0
11.3578 9.88131e-324 9.88131e-324 2 2 0
11.3778 9.88131e-324 9.88131e-324 2 2 0
11.3978 -1.4822e-323 -1.4822e-323 2 2 0
11.4178 4.94066e-324 4.94066e-324 2 2 0
11.4378 -1.97626e-323 -1.97626e-323 2 2 0
11.4578 0 0 2 2 0
11.4778 -4.94066e-324 -4.94066e-324 2 2 0
11.4978 1.4822e-323 1.4822e-323 2 2 0
11.5178 9.88131e-324 9.88131e-324 2 2 0
11.5378 4.94066e-324 4.94066e-324 2 2 0
11.5578 0 0 2 2 0
11.5778 -4.94066e-324 -4.94066e-324 2 2 0
11.5978 9.88131e-324 9.88131e-324 2 2 0
11.6178 -1.97626e-323 -1.97626e-323 2 2 0
11.6378 -4.94066e-324 -4.94066e-324 2 2 0
11.6578 -9.88131e-324 -9.88131e-324 2 2 0
11.6778 4.94066e-324 4.94066e-324 2 2 0
11.6978 0 0 2 2 0
11.7178 -4.94066e-324 -4.94066e-324 2 2 0
11.7378 9.88131e-324 9.88131e-324 2 2 0
11.7578 -1.97626e-323 -1.97626e-323 2 2 0
11.7778 -4.94066e-324 -4.94066e-324 2 2 0
11.7978 -9.88131e-324 -9.88131e-324 2 2 0
11.8178 4.94066e-324 4.94066e-324 2 2 0
11.8378 0 0 2 2 0
11.8578 -4.94066e-324 -4.94066e-324 2 2 0
11.8778 9.88131e-324 9.88131e-324 2 2 0
11.8978 -1.97626e-323 -1.97626e-323 2 2 0
11.9178 -4.94066e-324 -4.94066e-324 2 2 0
11.9378 -9.88131e-324 -9.88131e-324 2 2 0
11.9578 4.94066e-324 4.94066e-324 2 2 0
11.9778 0 0 2 2 0
11.9978 -4.94066e-324 -4.94066e-324 2 2 0
12.0178 9.88131e-324 9.88131e-324 2 2 0
12.0378 -1.4822e-323 -1.4822e-323 2 2 0
12.0578 0 0 2 2 0
12.0778 -4.94066e-324 -4.94066e-324 2 2 0
12.0978 9.88131e-324 9.88131e-324 2 2 0
12.1178 -1.4822e-323 -1.4822e-323 2 2 0
12.1378 0 0 2 2 0
12.1578 -4.94066e-324 -4.94066e-324 2 2 0
12.1778 9.88131e-324 9.88131e-324 2 2 0
12.1978 -1.4822e-323 -1.4822e-323 2 2 0
12.2178 0 0 2 2 0
12.2378 -4.94066e-324 -4.94066e-324 2 2 0
12.2578 9.88131e-324 9.88131e-324 2 2 0
12.2778 -1.4822e-323 -1.4822e-323 2 2 0
12.2978 0 0 2 2 0
12.3178 -4.94066e-324 -4.94066e-324 2 2 0
12.3378 9.88131e-324 9.88131e-324 2 2 0
12.3578 -1.4822e-323 -1.4822e-323 2 2 0
12.3778 0 0 2 2 0
12.3978 -4.94066e-324 -4.94066e-324 2 2 0
12.4178 9.88131e-324 9.88131e-324 2 2 0
12.4378 -1.4822e-323 -1.4822e-323 2 2 0
12.4578 0 0 2 2 0
12.4778 -4.94066e-324 -4.94066e-324 2 2 0
12.4978 9.88131e-324 9.88131e-324 2 2 0
12.5178 -1.4822e-323 -1.4822e-323 2 2 0
12.5378 0 0 2 2 0
12.5578 -4.94066e-324 -4.94066e-324 2 2 0
12.5778 9.88131e-324 9.88131e-324 2 2 0
12.5978 -1.4822e-323 -1.4822e-323 2 2 0
12.6178 0 0 2 2 0
12.6378 -4.94066e-324 -4.94066e-324 2 2 0
12.6578 9.88131e-324 9.88131e-324 2 2 0
12.6778 -1.4822e-323 -1.4822e-323 2 2 0
12.6978 0 0 2 2 0
12.7178 -4.94066e-324 -4.94066e-324 2 2 0
12.7378 9.88131e-324 9.88131e-324 2 2 0
12.7578 -1.4822e-323 -1.4822e-323 2 2 0
12.7778 0 0 2 2 0
12.7978 -4.94066e-324 -4.94066e-324 2 2 0
12.8178 9.88131e-324 9.88131e-324 2 2 0
12.8378 -1.4822e-323 -1.4822e-323 2 2 0
12.8578 0 0 2 2 0
12.8778 -4.94066e-324 -4.94066e-324 2 2 0
12.8978 9.88131e-324 9.88131e-324 2 2 0
12.9178 -1.4822e-323 -1.4822e-323 2 2 0
12.9378 0 0 2 2 0
12.9578 -4.94066e-324 -4.94066e-324 2 2 0
12.9778 9.88131e-324 9.88131e-324 2 2 0
12.9978 -1.4822e-323 -1.4822e-323 2 2 0
13.0178 0 0 2 2 0
13.0378 -4.94066e-324 -4.94066e-324 2 2 0
13.0578 9.88131e-324 9.88131e-324 2 2 0
13.0778 -1.4822e-323 -1.4822e-323 2 2 0
13.0978 0 0 2 2 0
13.1178 -4.94066e-324 -4.94066e-324 2 2 0
13.1378 9.88131e-324 9.88131e-324 2 2 0
13.1578 -9.88131e-324 -9.88131e-324 2 2 0
13.1778 -9.88131e-324 -9.88131e-324 2 2 0
13.1978 9.88131e-324 9.88131e-324 2 2 0
13.2178 9.88131e-324 9.88131e-324 2 2 0
13.2378 -9.88131e-324 -9.88131e-324 2 2 0
13.2578 -9.88131e-324 -9.88131e-324 2 2 0
13.2778 9.88131e-324 9.88131e-324 2 2 0
13.2978 9.88131e-324 9.88131e-324 2 2 0
13.3178 -9.88131e-324 -9.88131e-324 2 2 0
13.3378 -9.88131e-324 -9.88131e-324 2 2 0
13.3578 9.88131e-324 9.88131e-324 2 2 0
13.3778 9.88131e-324 9.88131e-324 2 2 0
13.3978 -9.88131e-324 -9.88131e-324 2 2 0
13.4178 -9.88131e-324 -9.88131e-324 2 2 0
13.4378 9.88131e-324 9.88131e-324 2 2 0
13.4578 9.88131e-324 9.88131e-324 2 2 0
13.4778 -9.88131e-324 -9.88131e-324 2 2 0
13.4978 -9.88131e-324 -9.88131e-324 2 2 0
13.5178 9.88131e-324 9.88131e-324 2 2 0
13.5378 9.88131e-324 9.88131e-324 2 2 0
13.5578 -9.88131e-324 -9.88131e-324 2 2 0
13.5778 -9.88131e-324 -9.88131e-324 2 2 0
13.5978 9.88131e-324 9.88131e-324 2 2 0
13.6178 9.88131e-324 9.88131e-324 2 2 0
13.6378 -9.88131e-324 -9.88131e-324 2 2 0
13.6578 -9.88131e-324 -9.88131e-324 2 2 0
13.6778 9.88131e-324 9.88131e-324 2 2 0
13.6978 9.88131e-324 9.88131e-324 2 2 0
13.7178 -9.88131e-324 -9.88131e-324 2 2 0
13.7378 -9.88131e-324 -9.88131e-324 2 2 0
13.7578 9.88131e-324 9.88131e-324 2 2 0
13.7778 9.88131e-324 9.88131e-324 2 2 0
13.7978 -4.94066e-324 -4.94066e-324 2 2 0
13.8178 1.4822e-323 1.4822e-323 2 2 0
13.8378 0 0 2 2 0
13.8578 0 0 2 2 0
13.8778 0 0 2 2 0
13.8978 0 0 2 2 0
13.9178 0 0 2 2 0
13.9378 0 0 2 2 0
13.9578 0 0 2 2 0
13.9778 0 0 2 2 0
13.9978 0 0 2 2 0
14.0178 0 0 2 2 0
14.0378 0 0 2 2 0
14.0578 0 0 2 2 0
14.0778 0 0 2 2 0
14.0978 0 0 2 2 0
14.1178 0 0 2 2 0
14.1378 0 0 2 2 0
14.1578 0 0 2 2 0
14.1778 0 0 2 2 0
14.1978 0 0 2 2 0
14.2178 0 0 2 2 0
14.2378 0 0 2 2 0
14.2578 0 0 2 2 0
14.2778 0 0 2 2 0
14.2978 0 0 2 2 0
14.3178 0 0 2 2 0
14.3378 0 0 2 2 0
14.3578 0 0 2 2 0
14.3778 0 0 2 2 0
14.3978 0 0 2 2 0
14.4178 0 0 2 2 0
14.4378 0 0 2 2 0
14.4578 0 0 2 2 0
14.4778 0 0 2 2 0
14.4978 0 0 2 2 0
14.5178 0 0 2 2 0
14.5378 0 0 2 2 0
14.5578 0 0 2 2 0
14.5778 0 0 2 2 0
14.5978 0 0 2 2 0
14.6178 0 0 2 2 0
14.6378 0 0 2 2 0
14.6578 0 0 2 2 0
14.6778 0 0 2 2 0
14.6978 0 0 2 2 0
14.7178 0 0 2 2 0
14.7378 0 0 2 2 0
14.7578 0 0 2 2 0
14.7778 0 0 2 2 0
14.7978 0 0 2 2 0
14.8178 0 0 2 2 0
14.8378 0 0 2 2 0
14.8578 0 0 2 2 0
14.8778 0 0 2 2 0
14.8978 0 0 2 2 0
14.9178 0 0 2 2 0
14.9378 0 0 2 2 0
14.9578 0 0 2 2 0
14.9778 0 0 2 2 0
14.9978 0 0 2 2 0
15.0178 0 0 2 2 0
15.0378 0 0 2 2 0
15.0578 0 0 2 2 0
15.0778 0 0 2 2 0
15.0978 0 0 2 2 0
15.1178 0 0 2 2 0
15.1378 0 0 2 2 0
15.1578 0 0 2 2 0
15.1778 0 0 2 2 0
15.1978 0 0 2 2 0
15.2178 0 0 2 2 0
15.2378 0 0 2 2 0
15.2578 0 0 2 2 0
15.2778 0 0 2 2 0
15.2978 0 0 2 2 0
15.3178 0 0 2 2 0
15.3378 0 0 2 2 0
15.3578 0 0 2 2 0
15.3778 0 0 2 2 0
15.3978 0 0 2 2 0
15.4178 0 0 2 2 0
15.4378 0 0 2 2 0
15.4578 0 0 2 2 0
15.4778 0 0 2 2 0
15.4978 0 0 2 2 0
15.5178 0 0 2 2 0
15.5378 0 0 2 2 0
15.5578 0 0 2 2 0
15.5778 0 0 2 2 0
15.5978 0 0 2 2 0
15.6178 0 0 2 2 0
15.6378 0 0 2 2 0
15.6578 0 0 2 2 0
15.6778 0 0 2 2 0
15.6978 0 0 2 2 0
15.7178 0 0 2 2 0
15.7378 0 0 2 2 0
15.7578 0 0 2 2 0
15.7778 0 0 2 2 0
15.7978 0 0 2 2 0
15.8178 0 0 2 2 0
15.8378 0 0 2 2 0
15.8578 0 0 2 2 0
15.8778 0 0 2 2 0
15.8978 0 0 2 2 0
15.9178 0 0 2 2 0
15.9378 0 0 2 2 0
15.9578 0 0 2 2 0
15.9778 0 0 2 2 0
15.9978 0 0 2 2 0
16.0178 0 0 2 2 0
16.0378 0 0 2 2 0
16.0578 0 0 2 2 0
16.0778 0 0 2 2 0
16.0978 0 0 2 2 0
16.1178 0 0 2 2 0
16.1378 0 0 2 2 0
16.1578 0 0 2 2 0
16.1778 0 0 2 2 0
16.1978 0 0 2 2 0
16.2178 0 0 2 2 0
16.2378 0 0 2 2 0
16.2578 0 0 2 2 0
16.2778 0 0 2 2 0
16.2978 0 0 2 2 0
16.3178 0 0 2 2 0
16.3378 0 0 2 2 0
16.3578 0 0 2 2 0
16.3778 0 0 2 2 0
16.3978 0 0 2 2 0
16.4178 0 0 2 2 0
16.4378 0 0 2 2 0
16.4578 0 0 2 2 0
16.4778 0 0 2 2 0
16.4978 0 0 2 2 0
16.5178 0 0 2 2 0
16.5378 0 0 2 2 0
16.5578 0 0 2 2 0
16.5778 0 0 2 2 0
16.5978 0 0 2 2 0
16.6178 0 0 2 2 0
16.6378 0 0 2 2 0
16.6578 0 0 2 2 0
16.6778 0 0 2 2 0
16.6978 0 0 2 2 0
16.7178 0 0 2 2 0
16.7378 0 0 2 2 0
16.7578 0 0 2 2 0
16.7778 0 0 2 2 0
16.7978 0 0 2 2 0
16.8178 0 0 2 2 0
16.8378 0 0 2 2 0
16.8578 0 0 2 2 0
16.8778 0 0 2 2 0
16.8978 0 0 2 2 0
16.9178 0 0 2 2 0
16.9378 0 0 2 2 0
16.9578 0 0 2 2 0
16.9778 0 0 2 2 0
16.9978 0 0 2 2 0
17.0178 0 0 2 2 0
17.0378 0 0 2 2 0
17.0578 0 0 2 2 0
17.0778 0 0 2 2 0
17.0978 0 0 2 2 0
17.1178 0 0 2 2 0
17.1378 0 0 2 2 0
17.1578 0 0 2 2 0
17.1778 0 0 2 2 0
17.1978 0 0 2 2 0
17.2178 0 0 2 2 0
17.2378 0 0 2 2 0
17.2578 0 0 2 2 0
17.2778 0 0 2 2 0
17.2978 0 0 2 2 0
17.3178 0 0 2 2 0
17.3378 0 0 2 2 0
17.3578 0 0 2 2 0
17.3778 0 0 2 2 0
17.3978 0 0 2 2 0
17.4178 0 0 2 2 0
17.4378 0 0 2 2 0
17.4578 0 0 2 2 0
17.4778 0 0 2 2 0
17.4978 0 0 2 2 0
17.5178 0 0 2 2 0
17.5378 0 0 2 2 0
17.5578 0 0 2 2 0
17.5778 0 0 2 2 0
17.5978 0 0 2 2 0
17.6178 0 0 2 2 0
17.6378 0 0 2 2 0
17.6578 0 0 2 2 0
17.6778 0 0 2 2 0
17.6978 0 0 2 2 0
17.7178 0 0 2 2 0
17.7378 0 0 2 2 0
17.7578 0 0 2 2 0
17.7778 0 0 2 2 0
17.7978 0 0 2 2 0
17.8178 0 0 2 2 0
17.8378 0 0 2 2 0
17.8578 0 0 2 2 0
17.8778 0 0 2 2 0
17.8978 0 0 2 2 0
17.9178 0 0 2 2 0
17.9378 0 0 2 2 0
17.9578 0 0 2 2 0
17.9778 0 0 2 2 0
17.9978 0 0 2 2 0
18.0178 0 0 2 2 0
18.0378 0 0 2 2 0
18.0578 0 0 2 2 0
18.0778 0 0 2 2 0
18.0978 0 0 2 2 0
18.1178 0 0 2 2 0
18.1378 0 0 2 2 0
18.1578 0 0 2 2 0
18.1778 0 0 2 2 0
18.1978 0 0 2 2 0
18.2178 0 0 2 2 0
18.2378 0 0 2 2 0
18.2578 0 0 2 2 0
18.2778 0 0 2 2 0
18.2978 0 0 2 2 0
18.3178 0 0 2 2 0
18.3378 0 0 2 2 0
18.3578 0 0 2 2 0
18.3778 0 0 2 2 0
18.3978 0 0 2 2 0
18.4178 0 0 2 2 0
18.4378 0 0 2 2 0
18.4578 0 0 2 2 0
18.4778 0 0 2 2 0
18.4978 0 0 2 2 0
18.5178 0 0 2 2 0
18.5378 0 0 2 2 0
18.5578 0 0 2 2 0
18.5778 0 0 2 2 0
18.5978 0 0 2 2 0
18.6178 0 0 2 2 0
18.6378 0 0 2 2 0
18.6578 0 0 2 2 0
18.6778 0 0 2 2 0
18.6978 0 0 2 2 0
18.7178 0 0 2 2 0
18.7378 0 0 2 2 0
18.7578 0 0 2 2 0
18.7778 0 0 2 2 0
18.7978 0 0 2 2 0
18.8178 0 0 2 2 0
18.8378 0 0 2 2 0
18.8578 0 0 2 2 0
18.8778 0 0 2 2 0
18.8978 0 0 2 2 0
18.9178 0 0 2 2 0
18.9378 0 0 2 2 0
18.9578 0 0 2 2 0
18.9778 0 0 2 2 0
18.9978 0 0 2 2 0
19.0178 0 0 2 2 0
19.0378 0 0 2 2 0
19.0578 0 0 2 2 0
19.0778 0 0 2 2 0
19.0978 0 0 2 2 0
19.1178 0 0 2 2 0
19.1378 0 0 2 2 0
19.1578 0 0 2 2 0
19.1778 0 0 2 2 0
19.1978 0 0 2 2 0
19.2178 0 0 2 2 0
19.2378 0 0 2 2 0
19.2578 0 0 2 2 0
19.2778 0 0 2 2 0
19.2978 0 0 2 2 0
19.3178 0 0 2 2 0
19.3378 0 0 2 2 0
19.3578 0 0 2 2 0
19.3778 0 0 2 2 0
19.3978 0 0 2 2 0
19.4178 0 0 2 2 0
19.4378 0 0 2 2 0
19.4578 0 0 2 2 0
19.4778 0 0 2 2 0
19.4978 0 0 2 2 0
19.5178 0 0 2 2 0
19.5378 0 0 2 2 0
19.5578 0 0 2 2 0
19.5778 0 0 2 2 0
19.5978 0 0 2 2 0
19.6178 0 0 2 2 0
19.6378 0 0 2 2 0
19.6578 0 0 2 2 0
19.6778 0 0 2 2 0
19.6978 0 0 2 2 0
19.7178 0 0 2 2 0
19.7378 0 0 2 2 0
19.7578 0 0 2 2 0
19.7778 0 0 2 2 0
19.7978 0 0 2 2 0
19.8178 0 0 2 2 0
19.8378 0 0 2 2 0
19.8578 0 0 2 2 0
19.8778 0 0 2 2 0
19.8978 0 0 2 2 0
19.9178 0 0 2 2 0
19.9378 0 0 2 2 0
19.9578 0 0 2 2 0
19.9778 0 0 2 2 0
19.9978 0 0 2 2 0
20.0178 0 0 2 2 0
20.0378 0 0 2 2 0
20.0578 0 0 2 2 0
20.0778 0 0 2 2 0
20.0978 0 0 2 2 0
20.1178 0 0 2 2 0
20.1378 0 0 2 2 0
20.1578 0 0 2 2 0
20.1778 0 0 2 2 0
20.1978 0 0 2 2 0
20.2178 0 0 2 2 0
20.2378 0 0 2 2 0
20.2578 0 0 2 2 0
20.2778 0 0 2 2 0
20.2978 0 0 2 2 0
20.3178 0 0 2 2 0
20.3378 0 0 2 2 0
20.3578 0 0 2 2 0
20.3778 0 0 2 2 0
20.3978 0 0 2 2 0
20.4178 0 0 2 2 0
20.4378 0 0 2 2 0
20.4578 0 0 2 2 0
20.4778 0 0 2 2 0
20.4978 0 0 2 2 0
20.5178 0 0 2 2 0
20.5378 0 0 2 2 0
20.5578 0 0 2 2 0
20.5778 0 0 2 2 0
20.5978 0 0 2 2 0
20.6178 0 0 2 2 0
20.6378 0 0 2 2 0
20.6578 0 0 2 2 0
20.6778 0 0 2 2 0
20.6978 0 0 2 2 0
20.7178 0 0 2 2 0
20.7378 0 0 2 2 0
20.7578 0 0 2 2 0
20.7778 0 0 2 2 0
20.7978 0 0 2 2 0
20.8178 0 0 2 2 0
20.8378 0 0 2 2 0
20.8578 0 0 2 2 0
20.8778 0 0 2 2 0
20.8978 0 0 2 2 0
20.9178 0 0 2 2 0
20.9378 0 0 2 2 0
20.9578 0 0 2 2 0
20.9778 0 0 2 2 0
20.9978 0 0 2 2 0
21.0178 0 0 2 2 0
21.0378 0 0 2 2 0
21.0578 0 0 2 2 0
21.0778 0 0 2 2 0
21.0978 0 0 2 2 0
21.1178 0 0 2 2 0
21.1378 0 0 2 2 0
21.1578 0 0 2 2 0
21.1778 0 0 2 2 0
21.1978 0 0 2 2 0
21.2178 0 0 2 2 0
21.2378 0 0 2 2 0
21.2578 0 0 2 2 0
21.2778 0 0 2 2 0
21.2978 0 0 2 2 0
21.3178 0 0 2 2 0
21.3378 0 0 2 2 0
21.3578 0 0 2 2 0
21.3778 0 0 2 2 0
21.3978 0 0 2 2 0
21.4178 0 0 2 2 0
21.4378 0 0 2 2 0
21.4578 0 0 2 2 0
21.4778 0 0 2 2 0
21.4978 0 0 2 2 0
21.5178 0 0 2 2 0
21.5378 0 0 2 2 0
21.5578 0 0 2 2 0
21.5778 0 0 2 2 0
21.5978 0 0 2 2 0
21.6178 0 0 2 2 0
21.6378 0 0 2 2 0
21.6578 0 0 2 2 0
21.6778 0 0 2 2 0
21.6978 0 0 2 2 0
21.7178 0 0 2 2 0
21.7378 0 0 2 2 0
21.7578 0 0 2 2 0
21.7778 0 0 2 2 0
21.7978 0 0 2 2 0
21.8178 0 0 2 2 0
21.8378 0 0 2 2 0
21.8578 0 0 2 2 0
21.8778 0 0 2 2 0
21.8978 0 0 2 2 0
21.9178 0 0 2 2 0
21.9378 0 0 2 2 0
21.9578 0 0 2 2 0
21.9778 0 0 2 2 0
21.9978 0 0 2 2 0
22.0178 0 0 2 2 0
22.0378 0 0 2 2 0
22.0578 0 0 2 2 0
22.0778 0 0 2 2 0
22.0978 0 0 2 2 0
22.1178 0 0 2 2 0
22.1378 0 0 2 2 0
22.1578 0 0 2 2 0
22.1778 0 0 2 2 0
22.1978 0 0 2 2 0
22.2178 0 0 2 2 0
22.2378 0 0 2 2 0
22.2578 0 0 2 2 0
22.2778 0 0 2 2 0
22.2978 0 0 2 2 0
22.3178 0 0 2 2 0
22.3378 0 0 2 2 0
22.3578 0 0 2 2 0
22.3778 0 0 2 2 0
22.3978 0 0 2 2 0
22.4178 0 0 2 2 0
22.4378 0 0 2 2 0
22.4578 0 0 2 2 0
22.4778 0 0 2 2 0
22.4978 0 0 2 2 0
22.5178 0 0 2 2 0
22.5378 0 0 2 2 0
22.5578 0 0 2 2 0
22.5778 0 0 2 2 0
22.5978 0 0 2 2 0
22.6178 0 0 2 2 0
22.6378 0 0 2 2 0
22.6578 0 0 2 2 0
22.6778 0 0 2 2 0
22.6978 0 0 2 2 0
22.7178 0 0 2 2 0
22.7378 0 0 2 2 0
22.7578 0 0 2 2 0
22.7778 0 0 2 2 0
22.7978 0 0 2 2 0
22.8178 0 0 2 2 0
22.8378 0 0 2 2 0
22.8578 0 0 2 2 0
22.8778 0 0 2 2 0
22.8978 0 0 2 2 0
22.9178 0 0 2 2 0
22.9378 0 0 2 2 0
22.9578 0 0 2 2 0
22.9778 0 0 2 2 0
22.9978 0 0 2 2 0
23.0178 0 0 2 2 0
23.0378 0 0 2 2 0
23.0578 0 0 2 2 0
23.0778 0 0 2 2 0
23.0978 0 0 2 2 0
23.1178 0 0 2 2 0
23.1378 0 0 2 2 0
23.1578 0 0 2 2 0
23.1778 0 0 2 2 0
23.1978 0 0 2 2 0
23.2178 0 0 2 2 0
23.2378 0 0 2 2 0
23.2578 0 0 2 2 0
23.2778 0 0 2 2 0
23.2978 0 0 2 2 0
23.3178 0 0 2 2 0
23.3378 0 0 2 2 0
23.3578 0 0 2 2 0
23.3778 0 0 2 2 0
23.3978 0 0 2 2 0
23.4178 0 0 2 2 0
23.4378 0 0 2 2 0
23.4578 0 0 2 2 0
23.4778 0 0 2 2 0
23.4978 0 0 2 2 0
23.5178 0 0 2 2 0
23.5378 0 0 2 2 0
23.5578 0 0 2 2 0
23.5778 0 0 2 2 0
23.5978 0 0 2 2 0
23.6178 0 0 2 2 0
23.6378 0 0 2 2 0
23.6578 0 0 2 2 0
23.6778 0 0 2 2 0
23.6978 0 0 2 2 0
23.7178 0 0 2 2 0
23.7378 0 0 2 2 0
23.7578 0 0 2 2 0
23.7778 0 0 2 2 0
23.7978 0 0 2 2 0
23.8178 0 0 2 2 0
23.8378 0 0 2 2 0
23.8578 0 0 2 2 0
23.8778 0 0 2 2 0
23.8978 0 0 2 2 0
23.9178 0 0 2 2 0
23.9378 0 0 2 2 0
23.9578 0 0 2 2 0
23.9778 0 0 2 2 0
23.9978 0 0 2 2 0
24.0178 0 0 2 2 0
24.0378 0 0 2 2 0
24.0578 0 0 2 2 0
24.0778 0 0 2 2 0
24.0978 0 0 2 2 0
24.1178 0 0 2 2 0
24.1378 0 0 2 2 0
24.1578 0 0 2 2 0
24.1778 0 0 2 2 0
24.1978 0 0 2 2 0
24.2178 0 0 2 2 0
24.2378 0 0 2 2 0
24.2578 0 0 2 2 0
24.2778 0 0 2 2 0
24.2978 0 0 2 2 0
24.3178 0 0 2 2 0
24.3378 0 0 2 2 0
24.3578 0 0 2 2 0
24.3778 0 0 2 2 0
24.3978 0 0 2 2 0
24.4178 0 0 2 2 0
24.4378 0 0 2 2 0
24.4578 0 0 2 2 0
24.4778 0 0 2 2 0
24.4978 0 0 2 2 0
24.5178 0 0 2 2 0
24.5378 0 0 2 2 0
24.5578 0 0 2 2 0
24.5778 0 0 2 2 0
24.5978 0 0 2 2 0
24.6178 0 0 2 2 0
24.6378 0 0 2 2 0
24.6578 0 0 2 2 0
24.6778 0 0 2 2 0
24.6978 0 0 2 2 0
24.7178 0 0 2 2 0
24.7378 0 0 2 2 0
24.7578 0 0 2 2 0
24.7778 0 0 2 2 0
24.7978 0 0 2 2 0
24.8178 0 0 2 2 0
24.8378 0 0 2 2 0
24.8578 0 0 2 2 0
24.8778 0 0 2 2 0
24.8978 0 0 2 2 0
24.9178 0 0 2 2 0
24.9378 0 0 2 2 0
24.9578 0 0 2 2 0
24.9778 0 0 2 2 0
24.9978 0 0 2 2 0
25.0178 0 0 2 2 0
25.0378 0 0 2 2 0
25.0578 0 0 2 2 0
25.0778 0 0 2 2 0
25.0978 0 0 2 2 0
25.1178 0 0 2 2 0
25.135 0 0 2 2 0
25.155 0 0 2 2 0
25.175 0 0 2 2 0
25.195 0 0 2 2 0
25.215 0 0 2 2 0
25.235 0 0 2 2 0
25.255 0 0 2 2 0
25.275 0 0 2 2 0
25.295 0 0 2 2 0
25.315 0 0 2 2 0
25.335 0 0 2 2 0
25.355 0 0 2 2 0
25.375 0 0 2 2 0
25.395 0 0 2 2 0
25.415 0 0 2 2 0
25.435 0 0 2 2 0
25.455 0 0 2 2 0
25.475 0 0 2 2 0
25.495 0 0 2 2 0
25.515 0 0 2 2 0
25.535 0 0 2 2 0
25.555 0 0 2 2 0
25.575 0 0 2 2 0
25.595 0 0 2 2 0
25.615 0 0 2 2 0
25.635 0 0 2 2 0
25.655 0 0 2 2 0
25.675 0 0 2 2 0
25.695 0 0 2 2 0
25.715 0 0 2 2 0
25.735 0 0 2 2 0
25.755 0 0 2 2 0
25.775 0 0 2 2 0
25.795 0 0 2 2 0
25.815 0 0 2 2 0
25.835 0 0 2 2 0
25.855 0 0 2 2 0
25.875 0 0 2 2 0
25.895 0 0 2 2 0
25.915 0 0 2 2 0
25.935 0 0 2 2 0
25.955 0 0 2 2 0
25.975 0 0 2 2 0
25.995 0 0 2 2 0
26.015 0 0 2 2 0
26.035 0 0 2 2 0
26.055 0 0 2 2 0
26.075 0 0 2 2 0
26.095 0 0 2 2 0
26.115 0 0 2 2 0
26.135 0 0 2 2 0
26.155 0 0 2 2 0
26.175 0 0 2 2 0
26.195 0 0 2 2 0
26.215 0 0 2 2 0
26.235 0 0 2 2 0
26.255 0 0 2 2 0
26.275 0 0 2 2 0
26.295 0 0 2 2 0
26.315 0 0 2 2 0
26.335 0 0 2 2 0
26.355 0 0 2 2 0
26.375 0 0 2 2 0
26.395 0 0 2 2 0
26.415 0 0 2 2 0
26.435 0 0 2 2 0
26.455 0 0 2 2 0
26.475 0 0 2 2 0
26.495 0 0 2 2 0
26.515 0 0 2 2 0
26.535 0 0 2 2 0
26.555 0 0 2 2 0
26.575 0 0 2 2 0
26.595 0 0 2 2 0
26.615 0 0 2 2 0
26.635 0 0 2 2 0
26.655 0 0 2 2 0
26.675 0 0 2 2 0
26.695 0 0 2 2 0
26.715 0 0 2 2 0
26.735 0 0 2 2 0
26.755 0 0 2 2 0
26.775 0 0 2 2 0
26.795 0 0 2 2 0
26.815 0 0 2 2 0
26.835 0 0 2 2 0
26.855 0 0 2 2 0
26.875 0 0 2 2 0
26.895 0 0 2 2 0
26.915 0 0 2 2 0
26.935 0 0 2 2 0
26.955 0 0 2 2 0
26.975 0 0 2 2 0
26.995 0 0 2 2 0
27.015 0 0 2 2 0
27.035 0 0 2 2 0
27.055 0 0 2 2 0
27.075 0 0 2 2 0
27.095 0 0 2 2 0
27.115 0 0 2 2 0
27.135 0 0 2 2 0
27.155 0 0 2 2 0
27.175 0 0 2 2 0
27.195 0 0 2 2 0
27.215 0 0 2 2 0
27.235 0 0 2 2 0
27.255 0 0 2 2 0
27.275 0 0 2 2 0
27.295 0 0 2 2 0
27.315 0 0 2 2 0
27.335 0 0 2 2 0
27.355 0 0 2 2 0
27.375 0 0 2 2 0
27.395 0 0 2 2 0
27.415 0 0 2 2 0
27.435 0 0 2 2 0
27.455 0 0 2 2 0
27.475 0 0 2 2 0
27.495 0 0 2 2 0
27.515 0 0 2 2 0
27.535 0 0 2 2 0
27.555 0 0 2 2 0
27.575 0 0 2 2 0
27.595 0 0 2 2 0
27.615 0 0 2 2 0
27.635 0 0 2 2 0
27.655 0 0 2 2 0
27.675 0 0 2 2 0
27.695 0 0 2 2 0
27.715 0 0 2 2 0
27.735 0 0 2 2 0
27.755 0 0 2 2 0
27.775 0 0 2 2 0
27.795 0 0 2 2 0
27.815 0 0 2 2 0
27.835 0 0 2 2 0
27.855 0 0 2 2 0
27.875 0 0 2 2 0
27.895 0 0 2 2 0
27.915 0 0 2 2 0
27.935 0 0 2 2 0
27.955 0 0 2 2 0
27.975 0 0 2 2 0
27.995 0 0 2 2 0
28.015 0 0 2 2 0
28.035 0 0 2 2 0
28.055 0 0 2 2 0
28.075 0 0 2 2 0
28.095 0 0 2 2 0
28.115 0 0 2 2 0
28.135 0 0 2 2 0
28.155 0 0 2 2 0
28.175 0 0 2 2 0
28.195 0 0 2 2 0
28.215 0 0 2 2 0
28.235 0 0 2 2 0
28.255 0 0 2 2 0
28.275 0 0 2 2 0
28.295 0 0 2 2 0
28.315 0 0 2 2 0
28.335 0 0 2 2 0
28.355 0 0 2 2 0
28.375 0 0 2 2 0
28.395 0 0 2 2 0
28.415 0 0 2 2 0
28.435 0 0 2 2 0
28.455 0 0 2 2 0
28.475 0 0 2 2 0
28.495 0 0 2 2 0
28.515 0 0 2 2 0
28.535 0 0 2 2 0
28.555 0 0 2 2 0
28.575 0 0 2 2 0
28.595 0 0 2 2 0
28.615 0 0 2 2 0
28.635 0 0 2 2 0
28.655 0 0 2 2 0
28.675 0 0 2 2 0
28.695 0 0 2 2 0
28.715 0 0 2 2 0
28.735 0 0 2 2 0
28.755 0 0 2 2 0
28.775 0 0 2 2 0
28.795 0 0 2 2 0
28.815 0 0 2 2 0
28.835 0 0 2 2 0
28.855 0 0 2 2 0
28.875 0 0 2 2 0
28.895 0 0 2 2 0
28.915 0 0 2 2 0
28.935 0 0 2 2 0
28.955 0 0 2 2 0
28.975 0 0 2 2 0
28.995 0 0 2 2 0
29.015 0 0 2 2 0
29.035 0 0 2 2 0
29.055 0 0 2 2 0
29.075 0 0 2 2 0
29.095 0 0 2 2 0
29.115 0 0 2 2 0
29.135 0 0 2 2 0
29.155 0 0 2 2 0
29.175 0 0 2 2 0
29.195 0 0 2 2 0
29.215 0 0 2 2 0
29.235 0 0 2 2 0
29.255 0 0 2 2 0
29.275 0 0 2 2 0
29.295 0 0 2 2 0
29.315 0 0 2 2 0
29.335 0 0 2 2 0
29.355 0 0 2 2 0
29.375 0 0 2 2 0
29.395 0 0 2 2 0
29.415 0 0 2 2 0
29.435 0 0 2 2 0
29.455 0 0 2 2 0
29.475 0 0 2 2 0
29.495 0 0 2 2 0
29.515 0 0 2 2 0
29.535 0 0 2 2 0
29.555 0 0 2 2 0
29.575 0 0 2 2 0
29.595 0 0 2 2 0
29.615 0 0 2 2 0
29.635 0 0 2 2 0
29.655 0 0 2 2 0
29.675 0 0 2 2 0
29.695 0 0 2 2 0
29.715 0 0 2 2 0
29.735 0 0 2 2 0
29.755 0 0 2 2 0
29.775 0 0 2 2 0
29.795 0 0 2 2 0
29.815 0 0 2 2 0
29.835 0 0 2 2 0
29.855 0 0 2 2 0
29.875 0 0 2 2 0
29.895 0 0 2 2 0
29.915 0 0 2 2 0
29.935 0 0 2 2 0
29.955 0 0 2 2 0
29.975 0 0 2 2 0
29.995 0 0 2 2 0
30.015 0 0 2 2 0
30.035 0 0 2 2 0
30.055 0 0 2 2 0
30.075 0 0 2 2 0
30.095 0 0 2 2 0
30.115 0 0 2 2 0
30.135 0 0 2 2 0
30.155 0 0 2 2 0
30.175 0 0 2 2 0
30.195 0 0 2 2 0
30.215 0 0 2 2 0
30.235 0 0 2 2 0
30.255 0 0 2 2 0
30.275 0 0 2 2 0
30.295 0 0 2 2 0
30.315 0 0 2 2 0
30.335 0 0 2 2 0
30.355 0 0 2 2 0
30.375 0 0 2 2 0
30.395 0 0 2 2 0
30.415 0 0 2 2 0
30.435 0 0 2 2 0
30.455 0 0 2 2 0
30.475 0 0 2 2 0
30.495 0 0 2 2 0
30.515 0 0 2 2 0
30.535 0 0 2 2 0
30.555 0 0 2 2 0
30.575 0 0 2 2 0
30.595 0 0 2 2 0
30.615 0 0 2 2 0
30.635 0 0 2 2 0
30.655 0 0 2 2 0
30.675 0 0 2 2 0
30.695 0 0 2 2 0
30.715 0 0 2 2 0
30.735 0 0 2 2 0
30.755 0 0 2 2 0
30.775 0 0 2 2 0
30.795 0 0 2 2 0
30.815 0 0 2 2 0
30.835 0 0 2 2 0
30.855 0 0 2 2 0
30.875 0 0 2 2 0
30.895 0 0 2 2 0
30.915 0 0 2 2 0
30.935 0 0 2 2 0
30.955 0 0 2 2 0
30.975 0 0 2 2 0
30.995 0 0 2 2 0
31.015 0 0 2 2 0
31.035 0 0 2 2 0
31.055 0 0 2 2 0
31.075 0 0 2 2 0
31.095 0 0 2 2 0
31.115 0 0 2 2 0
31.135 0 0 2 2 0
31.155 0 0 2 2 0
31.175 0 0 2 2 0
31.195 0 0 2 2 0
31.215 0 0 2 2 0
31.235 0 0 2 2 0
31.255 0 0 2 2 0
31.275 0 0 2 2 0
31.295 0 0 2 2 0
31.315 0 0 2 2 0
31.335 0 0 2 2 0
31.355 0 0 2 2 0
31.375 0 0 2 2 0
31.395 0 0 2 2 0
31.415 0 0 2 2 0
31.435 0 0 2 2 0
31.455 0 0 2 2 0
31.475 0 0 2 2 0
31.495 0 0 2 2 0
31.515 0 0 2 2 0
31.535 0 0 2 2 0
31.555 0 0 2 2 0
31.575 0 0 2 2 0
31.595 0 0 2 2 0
31.615 0 0 2 2 0
31.635 0 0 2 2 0
31.655 0 0 2 2 0
31.675 0 0 2 2 0
31.695 0 0 2 2 0
31.715 0 0 2 2 0
31.735 0 0 2 2 0
31.755 0 0 2 2 0
31.775 0 0 2 2 0
31.795 0 0 2 2 0
31.815 0 0 2 2 0
31.835 0 0 2 2 0
31.855 0 0 2 2 0
31.875 0 0 2 2 0
31.895 0 0 2 2 0
31.915 0 0 2 2 0
31.935 0 0 2 2 0
31.955 0 0 2 2 0
31.975 0 0 2 2 0
31.995 0 0 2 2 0
32.015 0 0 2 2 0
32.035 0 0 2 2 0
32.055 0 0 2 2 0
32.075 0 0 2 2 0
32.095 0 0 2 2 0
32.115 0 0 2 2 0
32.135 0 0 2 2 0
32.155 0 0 2 2 0
32.175 0 0 2 2 0
32.195 0 0 2 2 0
32.215 0 0 2 2 0
32.235 0 0 2 2 0
32.255 0 0 2 2 0
32.275 0 0 2 2 0
32.295 0 0 2 2 0
32.315 0 0 2 2 0
32.335 0 0 2 2 0
32.355 0 0 2 2 0
32.375 0 0 2 2 0
32.395 0 0 2 2 0
32.415 0 0 2 2 0
32.435 0 0 2 2 0
32.455 0 0 2 2 0
32.475 0 0 2 2 0
32.495 0 0 2 2 0
32.515 0 0 2 2 0
32.535 0 0 2 2 0
32.555 0 0 2 2 0
32.575 0 0 2 2 0
32.595 0 0 2 2 0
32.615 0 0 2 2 0
32.635 0 0 2 2 0
32.655 0 0 2 2 0
32.675 0 0 2 2 0
32.695 0 0 2 2 0
32.715 0 0 2 2 0
32.735 0 0 2 2 0
32.755 0 0 2 2 0
32.775 0 0 2 2 0
32.795 0 0 2 2 0
32.815 0 0 2 2 0
32.835 0 0 2 2 0
32.855 0 0 2 2 0
32.875 0 0 2 2 0
32.895 0 0 2 2 0
32.915 0 0 2 2 0
32.935 0 0 2 2 0
32.955 0 0 2 2 0
32.975 0 0 2 2 0
32.995 0 0 2 2 0
33.015 0 0 2 2 0
33.035 0 0 2 2 0
33.055 0 0 2 2 0
33.075 0 0 2 2 0
33.095 0 0 2 2 0
33.115 0 0 2 2 0
33.135 0 0 2 2 0
33.155 0 0 2 2 0
33.175 0 0 2 2 0
33.195 0 0 2 2 0
33.215 0 0 2 2 0
33.235 0 0 2 2 0
33.255 0 0 2 2 0
33.275 0 0 2 2 0
33.295 0 0 2 2 0
33.315 0 0 2 2 0
33.335 0 0 2 2 0
33.355 0 0 2 2 0
33.375 0 0 2 2 0
33.395 0 0 2 2 0
33.415 0 0 2 2 0
33.435 0 0 2 2 0
33.455 0 0 2 2 0
33.475 0 0 2 2 0
33.495 0 0 2 2 0
33.515 0 0 2 2 0
33.535 0 0 2 2 0
33.555 0 0 2 2 0
33.575 0 0 2 2 0
33.595 0 0 2 2 0
33.615 0 0 2 2 0
33.635 0 0 2 2 0
33.655 0 0 2 2 0
33.675 0 0 2 2 0
33.695 0 0 2 2 0
33.715 0 0 2 2 0
33.735 0 0 2 2 0
33.755 0 0 2 2 0
33.775 0 0 2 2 0
33.795 0 0 2 2 0
33.815 0 0 2 2 0
33.835 0 0 2 2 0
33.855 0 0 2 2 0
33.875 0 0 2 2 0
33.895 0 0 2 2 0
33.915 0 0 2 2 0
33.935 0 0 2 2 0
33.955 0 0 2 2 0
33.975 0 0 2 2 0
33.995 0 0 2 2 0
34.015 0 0 2 2 0
34.035 0 0 2 2 0
34.055 0 0 2 2 0
34.075 0 0 2 2 0
34.095 0 0 2 2 0
34.115 0 0 2 2 0
34.135 0 0 2 2 0
34.155 0 0 2 2 0
34.175 0 0 2 2 0
34.195 0 0 2 2 0
34.215 0 0 2 2 0
34.235 0 0 2 2 0
34.255 0 0 2 2 0
34.275 0 0 2 2 0
34.295 0 0 2 2 0
34.315 0 0 2 2 0
34.335 0 0 2 2 0
34.355 0 0 2 2 0
34.375 0 0 2 2 0
34.395 0 0 2 2 0
34.415 0 0 2 2 0
34.435 0 0 2 2 0
34.455 0 0 2 2 0
34.475 0 0 2 2 0
34.495 0 0 2 2 0
34.515 0 0 2 2 0
34.535 0 0 2 2 0
34.555 0 0 2 2 0
34.575 0 0 2 2 0
34.595 0 0 2 2 0
34.615 0 0 2 2 0
34.635 0 0 2 2 0
34.655 0 0 2 2 0
34.675 0 0 2 2 0
34.695 0 0 2 2 0
34.715 0 0 2 2 0
34.735 0 0 2 2 0
34.755 0 0 2 2 0
34.775 0 0 2 2 0
34.795 0 0 2 2 0
34.815 0 0 2 2 0
34.835 0 0 2 2 0
34.855 0 0 2 2 0
34.875 0 0 2 2 0
34.895 0 0 2 2 0
34.915 0 0 2 2 0
34.935 0 0 2 2 0
34.955 0 0 2 2 0
34.975 0 0 2 2 0
34.995 0 0 2 2 0
35.015 0 0 2 2 0
35.035 0 0 2 2 0
35.055 0 0 2 2 0
35.075 0 0 2 2 0
35.095 0 0 2 2 0
35.115 0 0 2 2 0
35.135 0 0 2 2 0
35.155 0 0 2 2 0
35.175 0 0 2 2 0
35.195 0 0 2 2 0
35.215 0 0 2 2 0
35.235 0 0 2 2 0
35.255 0 0 2 2 0
35.275 0 0 2 2 0
35.295 0 0 2 2 0
35.315 0 0 2 2 0
35.335 0 0 2 2 0
35.355 0 0 2 2 0
35.375 0 0 2 2 0
35.395 0 0 2 2 0
35.415 0 0 2 2 0
35.435 0 0 2 2 0
35.455 0 0 2 2 0
35.475 0 0 2 2 0
35.495 0 0 2 2 0
35.515 0 0 2 2 0
35.535 0 0 2 2 0
35.555 0 0 2 2 0
35.575 0 0 2 2 0
35.595 0 0 2 2 0
35.615 0 0 2 2 0
35.635 0 0 2 2 0
35.655 0 0 2 2 0
35.675 0 0 2 2 0
35.695 0 0 2 2 0
35.715 0 0 2 2 0
35.735 0 0 2 2 0
35.755 0 0 2 2 0
35.775 0 0 2 2 0
35.795 0 0 2 2 0
35.815 0 0 2 2 0
35.835 0 0 2 2 0
35.855 0 0 2 2 0
35.875 0 0 2 2 0
35.895 0 0 2 2 0
35.915 0 0 2 2 0
35.935 0 0 2 2 0
35.955 0 0 2 2 0
35.975 0 0 2 2 0
35.995 0 0 2 2 0
36.015 0 0 2 2 0
36.035 0 0 2 2 0
36.055 0 0 2 2 0
36.075 0 0 2 2 0
36.095 0 0 2 2 0
36.115 0 0 2 2 0
36.135 0 0 2 2 0
36.155 0 0 2 2 0
36.175 0 0 2 2 0
36.195 0 0 2 2 0
36.215 0 0 2 2 0
36.235 0 0 2 2 0
36.255 0 0 2 2 0
36.275 0 0 2 2 0
36.295 0 0 2 2 0
36.315 0 0 2 2 0
36.335 0 0 2 2 0
36.355 0 0 2 2 0
36.375 0 0 2 2 0
36.395 0 0 2 2 0
36.415 0 0 2 2 0
36.435 0 0 2 2 0
36.455 0 0 2 2 0
36.475 0 0 2 2 0
36.495 0 0 2 2 0
36.515 0 0 2 2 0
36.535 0 0 2 2 0
36.555 0 0 2 2 0
36.575 0 0 2 2 0
36.595 0 0 2 2 0
36.615 0 0 2 2 0
36.635 0 0 2 2 0
36.655 0 0 2 2 0
36.675 0 0 2 2 0
36.695 0 0 2 2 0
36.715 0 0 2 2 0
36.735 0 0 2 2 0
36.755 0 0 2 2 0
36.775 0 0 2 2 0
36.795 0 0 2 2 0
36.815 0 0 2 2 0
36.835 0 0 2 2 0
36.855 0 0 2 2 0
36.875 0 0 2 2 0
36.895 0 0 2 2 0
36.915 0 0 2 2 0
36.935 0 0 2 2 0
36.955 0 0 2 2 0
36.975 0 0 2 2 0
36.995 0 0 2 2 0
37.015 0 0 2 2 0
37.035 0 0 2 2 0
37.055 0 0 2 2 0
37.075 0 0 2 2 0
37.095 0 0 2 2 0
37.115 0 0 2 2 0
37.135 0 0 2 2 0
37.155 0 0 2 2 0
37.175 0 0 2 2 0
37.195 0 0 2 2 0
37.215 0 0 2 2 0
37.235 0 0 2 2 0
37.255 0 0 2 2 0
37.275 0 0 2 2 0
37.295 0 0 2 2 0
37.315 0 0 2 2 0
37.335 0 0 2 2 0
37.355 0 0 2 2 0
37.375 0 0 2 2 0
37.395 0 0 2 2 0
37.415 0 0 2 2 0
37.435 0 0 2 2 0
37.455 0 0 2 2 0
37.475 0 0 2 2 0
37.495 0 0 2 2 0
37.515 0 0 2 2 0
37.535 0 0 2 2 0
37.555 0 0 2 2 0
37.575 0 0 2 2 0
37.595 0 0 2 2 0
37.615 0 0 2 2 0
37.635 0 0 2 2 0
37.655 0 0 2 2 0
37.675 0 0 2 2 0
37.695 0 0 2 2 0
37.715 0 0 2 2 0
37.735 0 0 2 2 0
37.755 0 0 2 2 0
37.775 0 0 2 2 0
37.795 0 0 2 2 0
37.815 0 0 2 2 0
37.835 0 0 2 2 0
37.855 0 0 2 2 0
37.875 0 0 2 2 0
37.895 0 0 2 2 0
37.915 0 0 2 2 0
37.935 0 0 2 2 0
37.955 0 0 2 2 0
37.975 0 0 2 2 0
37.995 0 0 2 2 0
38.015 0 0 2 2 0
38.035 0 0 2 2 0
38.055 0 0 2 2 0
38.075 0 0 2 2 0
38.095 0 0 2 2 0
38.115 0 0 2 2 0
38.135 0 0 2 2 0
38.155 0 0 2 2 0
38.175 0 0 2 2 0
38.195 0 0 2 2 0
38.215 0 0 2 2 0
38.235 0 0 2 2 0
38.255 0 0 2 2 0
38.275 0 0 2 2 0
38.295 0 0 2 2 0
38.315 0 0 2 2 0
38.335 0 0 2 2 0
38.355 0 0 2 2 0
38.375 0 0 2 2 0
38.395 0 0 2 2 0
38.415 0 0 2 2 0
38.435 0 0 2 2 0
38.455 0 0 2 2 0
38.475 0 0 2 2 0
38.495 0 0 2 2 0
38.515 0 0 2 2 0
38.535 0 0 2 2 0
38.555 0 0 2 2 0
38.575 0 0 2 2 0
38.595 0 0 2 2 0
38.615 0 0 2 2 0
38.635 0 0 2 2 0
38.655 0 0 2 2 0
38.675 0 0 2 2 0
38.695 0 0 2 2 0
38.715 0 0 2 2 0
38.735 0 0 2 2 0
38.755 0 0 2 2 0
38.775 0 0 2 2 0
38.795 0 0 2 2 0
38.815 0 0 2 2 0
38.835 0 0 2 2 0
38.855 0 0 2 2 0
38.875 0 0 2 2 0
38.895 0 0 2 2 0
38.915 0 0 2 2 0
38.935 0 0 2 2 0
38.955 0 0 2 2 0
38.975 0 0 2 2 0
38.995 0 0 2 2 0
39.015 0 0 2 2 0
39.035 0 0 2 2 0
39.055 0 0 2 2 0
39.075 0 0 2 2 0
39.095 0 0 2 2 0
39.115 0 0 2 2 0
39.135 0 0 2 2 0
39.155 0 0 2 2 0
39.175 0 0 2 2 0
39.195 0 0 2 2 0
39.215 0 0 2 2 0
39.235 0 0 2 2 0
39.255 0 0 2 2 0
39.275 0 0 2 2 0
39.295 0 0 2 2 0
39.315 0 0 2 2 0
39.335 0 0 2 2 0
39.355 0 0 2 2 0
39.375 0 0 2 2 0
39.395 0 0 2 2 0
39.415 0 0 2 2 0
39.435 0 0 2 2 0
39.455 0 0 2 2 0
39.475 0 0 2 2 0
39.495 0 0 2 2 0
39.515 0 0 2 2 0
39.535 0 0 2 2 0
39.555 0 0 2 2 0
39.575 0 0 2 2 0
39.595 0 0 2 2 0
39.615 0 0 2 2 0
39.635 0 0 2 2 0
39.655 0 0 2 2 0
39.675 0 0 2 2 0
39.695 0 0 2 2 0
39.715 0 0 2 2 0
39.735 0 0 2 2 0
39.755 0 0 2 2 0
39.775 0 0 2 2 0
39.795 0 0 2 2 0
39.815 0 0 2 2 0
39.835 0 0 2 2 0
39.855 0 0 2 2 0
39.875 0 0 2 2 0
39.895 0 0 2 2 0
39.915 0 0 2 2 0
39.935 0 0 2 2 0
39.955 0 0 2 2 0
39.975 0 0 2 2 0
39.995 0 0 2 2 0
40.015 0 0 2 2 0
40.035 0 0 2 2 0
40.055 0 0 2 2 0
40.075 0 0 2 2 0
40.095 0 0 2 2 0
40.115 0 0 2 2 0
40.135 0 0 2 2 0
40.155 0 0 2 2 0
40.175 0 0 2 2 0
40.195 0 0 2 2 0
40.215 0 0 2 2 0
40.235 0 0 2 2 0
40.255 0 0 2 2 0
40.275 0 0 2 2 0
40.295 0 0 2 2 0
40.315 0 0 2 2 0
40.335 0 0 2 2 0
40.355 0 0 2 2 0
40.375 0 0 2 2 0
40.395 0 0 2 2 0
40.415 0 0 2 2 0
40.435 0 0 2 2 0
40.455 0 0 2 2 0
40.475 0 0 2 2 0
40.495 0 0 2 2 0
40.515 0 0 2 2 0
40.535 0 0 2 2 0
40.555 0 0 2 2 0
40.575 0 0 2 2 0
40.595 0 0 2 2 0
40.615 0 0 2 2 0
40.635 0 0 2 2 0
40.655 0 0 2 2 0
40.675 0 0 2 2 0
40.695 0 0 2 2 0
40.715 0 0 2 2 0
40.735 0 0 2 2 0
40.755 0 0 2 2 0
40.775 0 0 2 2 0
40.795 0 0 2 2 0
40.815 0 0 2 2 0
40.835 0 0 2 2 0
40.855 0 0 2 2 0
40.875 0 0 2 2 0
40.895 0 0 2 2 0
40.915 0 0 2 2 0
40.935 0 0 2 2 0
40.955 0 0 2 2 0
40.975 0 0 2 2 0
40.995 0 0 2 2 0
41.015 0 0 2 2 0
41.035 0 0 2 2 0
41.055 0 0 2 2 0
41.075 0 0 2 2 0
41.095 0 0 2 2 0
41.115 0 0 2 2 0
41.135 0 0 2 2 0
41.155 0 0 2 2 0
41.175 0 0 2 2 0
41.195 0 0 2 2 0
41.215 0 0 2 2 0
41.235 0 0 2 2 0
41.255 0 0 2 2 0
41.275 0 0 2 2 0
41.295 0 0 2 2 0
41.315 0 0 2 2 0
41.335 0 0 2 2 0
41.355 0 0 2 2 0
41.375 0 0 2 2 0
41.395 0 0 2 2 0
41.415 0 0 2 2 0
41.435 0 0 2 2 0
41.455 0 0 2 2 0
41.475 0 0 2 2 0
41.495 0 0 2 2 0
41.515 0 0 2 2 0
41.535 0 0 2 2 0
41.555 0 0 2 2 0
41.575 0 0 2 2 0
41.595 0 0 2 2 0
41.615 0 0 2 2 0
41.635 0 0 2 2 0
41.655 0 0 2 2 0
41.675 0 0 2 2 0
41.695 0 0 2 2 0
41.715 0 0 2 2 0
41.735 0 0 2 2 0
41.755 0 0 2 2 0
41.775 0 0 2 2 0
41.795 0 0 2 2 0
41.815 0 0 2 2 0
41.835 0 0 2 2 0
41.855 0 0 2 2 0
41.875 0 0 2 2 0
41.895 0 0 2 2 0
41.915 0 0 2 2 0
41.935 0 0 2 2 0
41.955 0 0 2 2 0
41.975 0 0 2 2 0
41.995 0 0 2 2 0
42.015 0 0 2 2 0
42.035 0 0 2 2 0
42.055 0 0 2 2 0
42.075 0 0 2 2 0
42.095 0 0 2 2 0
42.115 0 0 2 2 0
42.135 0 0 2 2 0
42.155 0 0 2 2 0
42.175 0 0 2 2 0
42.195 0 0 2 2 0
42.215 0 0 2 2 0
42.235 0 0 2 2 0
42.255 0 0 2 2 0
42.275 0 0 2 2 0
42.295 0 0 2 2 0
42.315 0 0 2 2 0
42.335 0 0 2 2 0
42.355 0 0 2 2 0
42.375 0 0 2 2 0
42.395 0 0 2 2 0
42.415 0 0 2 2 0
42.435 0 0 2 2 0
42.455 0 0 2 2 0
42.475 0 0 2 2 0
42.495 0 0 2 2 0
42.515 0 0 2 2 0
42.535 0 0 2 2 0
42.555 0 0 2 2 0
42.575 0 0 2 2 0
42.595 0 0 2 2 0
42.615 0 0 2 2 0
42.635 0 0 2 2 0
42.655 0 0 2 2 0
42.675 0 0 2 2 0
42.695 0 0 2 2 0
42.715 0 0 2 2 0
42.735 0 0 2 2 0
42.755 0 0 2 2 0
42.775 0 0 2 2 0
42.795 0 0 2 2 0
42.815 0 0 2 2 0
42.835 0 0 2 2 0
42.855 0 0 2 2 0
42.875 0 0 2 2 0
42.895 0 0 2 2 0
42.915 0 0 2 2 0
42.935 0 0 2 2 0
42.955 0 0 2 2 0
42.975 0 0 2 2 0
42.995 0 0 2 2 0
43.015 0 0 2 2 0
43.035 0 0 2 2 0
43.055 0 0 2 2 0
43.075 0 0 2 2 0
43.095 0 0 2 2 0
43.115 0 0 2 2 0
43.135 0 0 2 2 0
43.155 0 0 2 2 0
43.175 0 0 2 2 0
43.195 0 0 2 2 0
43.215 0 0 2 2 0
43.235 0 0 2 2 0
43.255 0 0 2 2 0
43.275 0 0 2 2 0
43.295 0 0 2 2 0
43.315 0 0 2 2 0
43.335 0 0 2 2 0
43.355 0 0 2 2 0
43.375 0 0 2 2 0
43.395 0 0 2 2 0
43.415 0 0 2 2 0
43.435 0 0 2 2 0
43.455 0 0 2 2 0
43.475 0 0 2 2 0
43.495 0 0 2 2 0
43.515 0 0 2 2 0
43.535 0 0 2 2 0
43.555 0 0 2 2 0
43.575 0 0 2 2 0
43.595 0 0 2 2 0
43.615 0 0 2 2 0
43.635 0 0 2 2 0
43.655 0 0 2 2 0
43.675 0 0 2 2 0
43.695 0 0 2 2 0
43.715 0 0 2 2 0
43.735 0 0 2 2 0
43.755 0 0 2 2 0
43.775 0 0 2 2 0
43.795 0 0 2 2 0
43.815 0 0 2 2 0
43.835 0 0 2 2 0
43.855 0 0 2 2 0
43.875 0 0 2 2 0
43.895 0 0 2 2 0
43.915 0 0 2 2 0
43.935 0 0 2 2 0
43.955 0 0 2 2 0
43.975 0 0 2 2 0
43.995 0 0 2 2 0
44.015 0 0 2 2 0
44.035 0 0 2 2 0
44.055 0 0 2 2 0
44.075 0 0 2 2 0
44.095 0 0 2 2 0
44.115 0 0 2 2 0
44.135 0 0 2 2 0
44.155 0 0 2 2 0
44.175 0 0 2 2 0
44.195 0 0 2 2 0
44.215 0 0 2 2 0
44.235 0 0 2 2 0
44.255 0 0 2 2 0
44.275 0 0 2 2 0
44.295 0 0 2 2 0
44.315 0 0 2 2 0
44.335 0 0 2 2 0
44.355 0 0 2 2 0
44.375 0 0 2 2 0
44.395 0 0 2 2 0
44.415 0 0 2 2 0
44.435 0 0 2 2 0
44.455 0 0 2 2 0
44.475 0 0 2 2 0
44.495 0 0 2 2 0
44.515 0 0 2 2 0
44.535 0 0 2 2 0
44.555 0 0 2 2 0
44.575 0 0 2 2 0
44.595 0 0 2 2 0
44.615 0 0 2 2 0
44.635 0 0 2 2 0
44.655 0 0 2 2 0
44.675 0 0 2 2 0
44.695 0 0 2 2 0
44.715 0 0 2 2 0
44.735 0 0 2 2 0
44.755 0 0 2 2 0
44.775 0 0 2 2 0
44.795 0 0 2 2 0
44.815 0 0 2 2 0
44.835 0 0 2 2 0
44.855 0 0 2 2 0
44.875 0 0 2 2 0
44.895 0 0 2 2 0
44.915 0 0 2 2 0
44.935 0 0 2 2 0
44.955 0 0 2 2 0
44.975 0 0 2 2 0
44.995 0 0 2 2 0
45.015 0 0 2 2 0
45.035 0 0 2 2 0
45.055 0 0 2 2 0
45.075 0 0 2 2 0
45.095 0 0 2 2 0
45.115 0 0 2 2 0
45.135 0 0 2 2 0
45.155 0 0 2 2 0
45.175 0 0 2 2 0
45.195 0 0 2 2 0
45.215 0 0 2 2 0
45.235 0 0 2 2 0
45.255 0 0 2 2 0
45.275 0 0 2 2 0
45.295 0 0 2 2 0
45.315 0 0 2 2 0
45.335 0 0 2 2 0
45.355 0 0 2 2 0
45.375 0 0 2 2 0
45.395 0 0 2 2 0
45.415 0 0 2 2 0
45.435 0 0 2 2 0
45.455 0 0 2 2 0
45.475 0 0 2 2 0
45.495 0 0 2 2 0
45.515 0 0 2 2 0
45.535 0 0 2 2 0
45.555 0 0 2 2 0
45.575 0 0 2 2 0
45.595 0 0 2 2 0
45.615 0 0 2 2 0
45.635 0 0 2 2 0
45.655 0 0 2 2 0
45.675 0 0 2 2 0
45.695 0 0 2 2 0
45.715 0 0 2 2 0
45.735 0 0 2 2 0
45.755 0 0 2 2 0
45.775 0 0 2 2 0
45.795 0 0 2 2 0
45.815 0 0 2 2 0
45.835 0 0 2 2 0
45.855 0 0 2 2 0
45.875 0 0 2 2 0
45.895 0 0 2 2 0
45.915 0 0 2 2 0
45.935 0 0 2 2 0
45.955 0 0 2 2 0
45.975 0 0 2 2 0
45.995 0 0 2 2 0
46.015 0 0 2 2 0
46.035 0 0 2 2 0
46.055 0 0 2 2 0
46.075 0 0 2 2 0
46.095 0 0 2 2 0
46.115 0 0 2 2 0
46.135 0 0 2 2 0
46.155 0 0 2 2 0
46.175 0 0 2 2 0
46.195 0 0 2 2 0
46.215 0 0 2 2 0
46.235 0 0 2 2 0
46.255 0 0 2 2 0
46.275 0 0 2 2 0
46.295 0 0 2 2 0
46.315 0 0 2 2 0
46.335 0 0 2 2 0
46.355 0 0 2 2 0
46.375 0 0 2 2 0
46.395 0 0 2 2 0
46.415 0 0 2 2 0
46.435 0 0 2 2 0
46.455 0 0 2 2 0
46.475 0 0 2 2 0
46.495 0 0 2 2 0
46.515 0 0 2 2 0
46.535 0 0 2 2 0
46.555 0 0 2 2 0
46.575 0 0 2 2 0
46.595 0 0 2 2 0
46.615 0 0 2 2 0
46.635 0 0 2 2 0
46.655 0 0 2 2 0
46.675 0 0 2 2 0
46.695 0 0 2 2 0
46.715 0 0 2 2 0
46.735 0 0 2 2 0
46.755 0 0 2 2 0
46.775 0 0 2 2 0
46.795 0 0 2 2 0
46.815 0 0 2 2 0
46.835 0 0 2 2 0
46.855 0 0 2 2 0
46.875 0 0 2 2 0
46.895 0 0 2 2 0
46.915 0 0 2 2 0
46.935 0 0 2 2 0
46.955 0 0 2 2 0
46.975 0 0 2 2 0
46.995 0 0 2 2 0
47.015 0 0 2 2 0
47.035 0 0 2 2 0
47.055 0 0 2 2 0
47.075 0 0 2 2 0
47.095 0 0 2 2 0
47.115 0 0 2 2 0
47.135 0 0 2 2 0
47.155 0 0 2 2 0
47.175 0 0 2 2 0
47.195 0 0 2 2 0
47.215 0 0 2 2 0
47.235 0 0 2 2 0
47.255 0 0 2 2 0
47.275 0 0 2 2 0
47.295 0 0 2 2 0
47.315 0 0 2 2 0
47.335 0 0 2 2 0
47.355 0 0 2 2 0
47.375 0 0 2 2 0
47.395 0 0 2 2 0
47.415 0 0 2 2 0
47.435 0 0 2 2 0
47.455 0 0 2 2 0
47.475 0 0 2 2 0
47.495 0 0 2 2 0
47.515 0 0 2 2 0
47.535 0 0 2 2 0
47.555 0 0 2 2 0
47.575 0 0 2 2 0
47.595 0 0 2 2 0
47.615 0 0 2 2 0
47.635 0 0 2 2 0
47.655 0 0 2 2 0
47.675 0 0 2 2 0
47.695 0 0 2 2 0
47.715 0 0 2 2 0
47.735 0 0 2 2 0
47.755 0 0 2 2 0
47.775 0 0 2 2 0
47.795 0 0 2 2 0
47.815 0 0 2 2 0
47.835 0 0 2 2 0
47.855 0 0 2 2 0
47.875 0 0 2 2 0
47.895 0 0 2 2 0
47.915 0 0 2 2 0
47.935 0 0 2 2 0
47.955 0 0 2 2 0
47.975 0 0 2 2 0
47.995 0 0 2 2 0
48.015 0 0 2 2 0
48.035 0 0 2 2 0
48.055 0 0 2 2 0
48.075 0 0 2 2 0
48.095 0 0 2 2 0
48.115 0 0 2 2 0
48.135 0 0 2 2 0
48.155 0 0 2 2 0
48.175 0 0 2 2 0
48.195 0 0 2 2 0
48.215 0 0 2 2 0
48.235 0 0 2 2 0
48.255 0 0 2 2 0
48.275 0 0 2 2 0
48.295 0 0 2 2 0
48.315 0 0 2 2 0
48.335 0 0 2 2 0
48.355 0 0 2 2 0
48.375 0 0 2 2 0
48.395 0 0 2 2 0
48.415 0 0 2 2 0
48.435 0 0 2 2 0
48.455 0 0 2 2 0
48.475 0 0 2 2 0
48.495 0 0 2 2 0
48.515 0 0 2 2 0
48.535 0 0 2 2 0
48.555 0 0 2 2 0
48.575 0 0 2 2 0
48.595 0 0 2 2 0
48.615 0 0 2 2 0
48.635 0 0 2 2 0
48.655 0 0 2 2 0
48.675 0 0 2 2 0
48.695 0 0 2 2 0
48.715 0 0 2 2 0
48.735 0 0 2 2 0
48.755 0 0 2 2 0
48.775 0 0 2 2 0
48.795 0 0 2 2 0
48.815 0 0 2 2 0
48.835 0 0 2 2 0
48.855 0 0 2 2 0
48.875 0 0 2 2 0
48.895 0 0 2 2 0
48.915 0 0 2 2 0
48.935 0 0 2 2 0
48.955 0 0 2 2 0
48.975 0 0 2 2 0
48.995 0 0 2 2 0
49.015 0 0 2 2 0
49.035 0 0 2 2 0
49.055 0 0 2 2 0
49.075 0 0 2 2 0
49.095 0 0 2 2 0
49.115 0 0 2 2 0
49.135 0 0 2 2 0
49.155 0 0 2 2 0
49.175 0 0 2 2 0
49.195 0 0 2 2 0
49.215 0 0 2 2 0
49.235 0 0 2 2 0
49.255 0 0 2 2 0
49.275 0 0 2 2 0
49.295 0 0 2 2 0
49.315 0 0 2 2 0
49.335 0 0 2 2 0
49.355 0 0 2 2 0
49.375 0 0 2 2 0
49.395 0 0 2 2 0
49.415 0 0 2 2 0
49.435 0 0 2 2 0
49.455 0 0 2 2 0
49.475 0 0 2 2 0
49.495 0 0 2 2 0
49.515 0 0 2 2 0
49.535 0 0 2 2 0
49.555 0 0 2 2 0
49.575 0 0 2 2 0
49.595 0 0 2 2 0
49.615 0 0 2 2 0
49.635 0 0 2 2 0
49.655 0 0 2 2 0
49.675 0 0 2 2 0
49.695 0 0 2 2 0
49.715 0 0 2 2 0
49.735 0 0 2 2 0
49.755 0 0 2 2 0
49.775 0 0 2 2 0
49.795 0 0 2 2 0
49.815 0 0 2 2 0
49.835 0 0 2 2 0
49.855 0 0 2 2 0
49.875 0 0 2 2 0
49.895 0 0 2 2 0
49.915 0 0 2 2 0
49.935 0 0 2 2 0
49.955 0 0 2 2 0
49.975 0 0 2 2 0
49.995 0 0 2 2 0
50.015 0 0 2 2 0
50.035 0 0 2 2 0
50.055 0 0 2 2 0
50.075 0 0 2 2 0
50.095 0 0 2 2 0
50.115 0 0 2 2 0
50.135 0 0 2 2 0
50.155 0 0 2 2 0
50.175 0 0 2 2 0
50.195 0 0 2 2 0
50.215 0 0 2 2 0
50.235 0 0 2 2 0
50.255 0 0 2 2 0
50.275 0 0 2 2 0
50.295 0 0 2 2 0
50.315 0 0 2 2 0
50.335 0 0 2 2 0
50.355 0 0 2 2 0
50.375 0 0 2 2 0
50.395 0 0 2 2 0
50.415 0 0 2 2 0
50.435 0 0 2 2 0
50.455 0 0 2 2 0
50.475 0 0 2 2 0
50.495 0 0 2 2 0
50.515 0 0 2 2 0
50.535 0 0 2 2 0
50.555 0 0 2 2 0
50.575 0 0 2 2 0
50.595 0 0 2 2 0
50.615 0 0 2 2 0
50.635 0 0 2 2 0
50.655 0 0 2 2 0
50.675 0 0 2 2 0
50.695 0 0 2 2 0
50.715 0 0 2 2 0
50.735 0 0 2 2 0
50.755 0 0 2 2 0
50.775 0 0 2 2 0
50.795 0 0 2 2 0
50.815 0 0 2 2 0
50.835 0 0 2 2 0
50.855 0 0 2 2 0
50.875 0 0 2 2 0
50.895 0 0 2 2 0
50.915 0 0 2 2 0
50.935 0 0 2 2 0
50.955 0 0 2 2 0
50.975 0 0 2 2 0
50.995 0 0 2 2 0
51.015 0 0 2 2 0
51.035 0 0 2 2 0
51.055 0 0 2 2 0
51.075 0 0 2 2 0
51.095 0 0 2 2 0
51.115 0 0 2 2 0
51.135 0 0 2 2 0
51.155 0 0 2 2 0
51.175 0 0 2 2 0
51.195 0 0 2 2 0
51.215 0 0 2 2 0
51.235 0 0 2 2 0
51.255 0 0 2 2 0
51.275 0 0 2 2 0
51.295 0 0 2 2 0
51.315 0 0 2 2 0
51.3167 0 0 2 2 0
51.3367 0 0 2 2 0
51.3567 0 0 2 2 0
51.3767 0 0 2 2 0
51.3967 0 0 2 2 0
51.4167 0 0 2 2 0
51.4367 0 0 2 2 0
51.4567 0 0 2 2 0
51.4767 0 0 2 2 0
51.4967 0 0 2 2 0
51.5167 0 0 2 2 0
51.5367 0 0 2 2 0
51.5567 0 0 2 2 0
51.5767 0 0 2 2 0
51.5967 0 0 2 2 0
51.6167 0 0 2 2 0
51.6367 0 0 2 2 0
51.6567 0 0 2 2 0
51.6767 0 0 2 2 0
51.6967 0 0 2 2 0
51.7167 0 0 2 2 0
51.7367 0 0 2 2 0
51.7567 0 0 2 2 0
51.7767 0 0 2 2 0
51.7967 0 0 2 2 0
51.8167 0 0 2 2 0
51.8367 0 0 2 2 0
51.8567 0 0 2 2 0
51.8767 0 0 2 2 0
51.8967 0 0 2 2 0
51.9167 0 0 2 2 0
51.9367 0 0 2 2 0
51.9567 0 0 2 2 0
51.9767 0 0 2 2 0
51.9967 0 0 2 2 0
52.0167 0 0 2 2 0
52.0367 0 0 2 2 0
52.0567 0 0 2 2 0
52.0767 0 0 2 2 0
52.0967 0 0 2 2 0
52.1167 0 0 2 2 0
52.1367 0 0 2 2 0
52.1567 0 0 2 2 0
52.1767 0 0 2 2 0
52.1967 0 0 2 2 0
52.2167 0 0 2 2 0
52.2367 0 0 2 2 0
52.2567 0 0 2 2 0
52.2767 0 0 2 2 0
52.2967 0 0 2 2 0
52.3167 0 0 2 2 0
52.3367 0 0 2 2 0
52.3567 0 0 2 2 0
52.3767 0 0 2 2 0
52.3967 0 0 2 2 0
52.4167 0 0 2 2 0
52.4367 0 0 2 2 0
52.4567 0 0 2 2 0
52.4767 0 0 2 2 0
52.4967 0 0 2 2 0
52.5167 0 0 2 2 0
52.5367 0 0 2 2 0
52.5567 0 0 2 2 0
52.5767 0 0 2 2 0
52.5967 0 0 2 2 0
52.6167 0 0 2 2 0
52.6367 0 0 2 2 0
52.6567 0 0 2 2 0
52.6767 0 0 2 2 0
52.6967 0 0 2 2 0
52.7167 0 0 2 2 0
52.7367 0 0 2 2 0
52.7567 0 0 2 2 0
52.7767 0 0 2 2 0
52.7967 0 0 2 2 0
52.8167 0 0 2 2 0
52.8367 0 0 2 2 0
52.8567 0 0 2 2 0
52.8767 0 0 2 2 0
52.8967 0 0 2 2 0
52.9167 0 0 2 2 0
52.9367 0 0 2 2 0
52.9567 0 0 2 2 0
52.9767 0 0 2 2 0
52.9967 0 0 2 2 0
53.0167 0 0 2 2 0
53.0367 0 0 2 2 0
53.0567 0 0 2 2 0
53.0767 0 0 2 2 0
53.0967 0 0 2 2 0
53.1167 0 0 2 2 0
53.1367 0 0 2 2 0
53.1567 0 0 2 2 0
53.1767 0 0 2 2 0
53.1967 0 0 2 2 0
53.2167 0 0 2 2 0
53.2367 0 0 2 2 0
53.2567 0 0 2 2 0
53.2767 0 0 2 2 0
53.2967 0 0 2 2 0
53.3167 0 0 2 2 0
53.3367 0 0 2 2 0
53.3567 0 0 2 2 0
53.3767 0 0 2 2 0
53.3967 0 0 2 2 0
53.4167 0 0 2 2 0
53.4367 0 0 2 2 0
53.4567 0 0 2 2 0
53.4767 0 0 2 2 0
53.4967 0 0 2 2 0
53.5167 0 0 2 2 0
53.5367 0 0 2 2 0
53.5567 0 0 2 2 0
53.5767 0 0 2 2 0
53.5967 0 0 2 2 0
3.58182 5.20895e-08 5.20895e-08 2 2 0
3.50573 6.0174e-12 6.0174e-12 2 2 0
3.48586 -3.06433e-17 -3.06433e-17 1 2 0
3.46586 -6.3436e-20 -6.3436e-20 1 2 0
3.44586 -4.57293e-30 -4.57293e-30 1 2 0
3.42586 -9.17224e-33 -9.17224e-33 1 2 0
3.40586 -5.54214e-43 -5.54214e-43 1 2 0
3.38586 -1.00034e-45 -1.00034e-45 1 2 0
3.36586 -6.09358e-56 -6.09358e-56 1 2 0
3.34586 -9.67679e-59 -9.67679e-59 1 2 0
3.32586 -5.4968e-69 -5.4968e-69 1 2 0
3.30586 -6.24347e-72 -6.24347e-72 1 2 0
3.28586 -3.64447e-82 -3.64447e-82 1 2 0
3.26586 -3.24738e-85 -3.24738e-85 1 2 0
3.24586 -2.22965e-95 -2.22965e-95 1 2 0
3.22586 -2.17168e-98 -2.17168e-98 1 2 0
3.20586 -9.44735e-109 -9.44735e-109 1 2 0
3.18586 -9.5183e-112 -9.5183e-112 1 2 0
3.16586 -3.34692e-122 -3.34692e-122 1 2 0
3.14586 -4.4503e-125 -4.4503e-125 1 2 0
3.12586 -1.5478e-135 -1.5478e-135 1 2 0
3.10586 -1.71096e-138 -1.71096e-138 1 2 0
3.08586 -7.66789e-149 -7.66789e-149 1 2 0
3.06586 -7.07051e-152 -7.07051e-152 1 2 0
3.04586 -2.90869e-162 -2.90869e-162 1 2 0
3.02586 -2.47591e-165 -2.47591e-165 1 2 0
3.00586 -1.08088e-175 -1.08088e-175 1 2 0
2.98586 -5.83201e-179 -5.83201e-179 1 2 0
2.96586 -2.98787e-189 -2.98787e-189 1 2 0
2.94586 -1.91783e-192 -1.91783e-192 1 2 0
2.92586 -9.24956e-203 -9.24956e-203 1 2 0
2.90586 -4.74999e-206 -4.74999e-206 1 2 0
2.88586 -2.83285e-216 -2.83285e-216 1 2 0
2.86586 -1.12318e-219 -1.12318e-219 1 2 0
2.84586 -8.4057e-230 -8.4057e-230 1 2 0
2.82586 -2.92494e-233 -2.92494e-233 1 2 0
2.80586 -1.97714e-243 -1.97714e-243 1 2 0
2.78586 -7.68745e-247 -7.68745e-247 1 2 0
2.76586 -4.37062e-257 -4.37062e-257 1 2 0
2.74586 -1.90544e-260 -1.90544e-260 1 2 0
2.72586 -9.83412e-271 -9.83412e-271 1 2 0
2.70586 -3.79091e-274 -3.79091e-274 1 2 0
2.68586 -1.76528e-284 -1.76528e-284 1 2 0
2.66586 -6.66987e-288 -6.66987e-288 1 2 0
2.64586 -3.46427e-298 -3.46427e-298 1 2 0
2.62586 -1.44364e-301 -1.44364e-301 1 2 0
2.60586 -6.87527e-312 -6.87527e-312 1 2 0
2.58586 -2.98406e-315 -2.98406e-315 1 2 0
2.56586 -9.38725e-323 -9.38725e-323 1 2 0
2.54586 0 0 1 2 0
2.52586 -7.41098e-323 -7.41098e-323 1 2 0
2.50586 1.4822e-323 1.4822e-323 1 2 0
2.48586 -5.92879e-323 -5.92879e-323 1 2 0
2.46586 2.47033e-323 2.47033e-323 1 2 0
2.44586 -4.44659e-323 -4.44659e-323 1 2 0
2.42586 3.95253e-323 3.95253e-323 1 2 0
2.40586 1.23516e-322 1.23516e-322 1 2 0
2.38586 5.92879e-323 5.92879e-323 1 2 0
2.36586 -4.94066e-324 -4.94066e-324 1 2 0
2.34586 -6.91692e-323 -6.91692e-323 1 2 0
2.32586 4.94066e-324 4.94066e-324 1 2 0
2.30586 -5.92879e-323 -5.92879e-323 1 2 0
2.28586 1.4822e-323 1.4822e-323 1 2 0
2.26586 -4.44659e-323 -4.44659e-323 1 2 0
2.24586 2.96439e-323 2.96439e-323 1 2 0
2.22586 -2.47033e-323 -2.47033e-323 1 2 0
2.20586 4.94066e-323 4.94066e-323 1 2 0
2.18586 -4.94066e-324 -4.94066e-324 1 2 0
2.16586 -5.92879e-323 -5.92879e-323 1 2 0
2.14586 9.88131e-324 9.88131e-324 1 2 0
2.12586 -4.44659e-323 -4.44659e-323 1 2 0
2.10586 1.97626e-323 1.97626e-323 1 2 0
2.08586 -3.45846e-323 -3.45846e-323 1 2 0
2.06586 2.96439e-323 2.96439e-323 1 2 0
2.04586 -1.97626e-323 -1.97626e-323 1 2 0
2.02586 -6.91692e-323 -6.91692e-323 1 2 0
2.00586 -4.94066e-324 -4.94066e-324 1 2 0
1.98586 5.92879e-323 5.92879e-323 1 2 0
1.96586 1.4822e-323 1.4822e-323 1 2 0
1.94586 7.90505e-323 7.90505e-323 1 2 0
1.92586 -6.91692e-323 -6.91692e-323 1 2 0
1.90586 -4.94066e-324 -4.94066e-324 1 2 0
1.88586 5.92879e-323 5.92879e-323 1 2 0
1.86586 1.97626e-323 1.97626e-323 1 2 0
1.84586 -1.97626e-323 -1.97626e-323 1 2 0
1.82586 -5.92879e-323 -5.92879e-323 1 2 0
1.80586 0 0 1 2 0
1.78586 5.92879e-323 5.92879e-323 1 2 0
1.76586 1.97626e-323 1.97626e-323 1 2 0
1.74586 -1.97626e-323 -1.97626e-323 1 2 0
1.72586 -5.92879e-323 -5.92879e-323 1 2 0
1.70586 -4.94066e-324 -4.94066e-324 1 2 0
1.68586 -4.44659e-323 -4.44659e-323 1 2 0
1.66586 9.88131e-324 9.88131e-324 1 2 0
1.64586 6.42285e-323 6.42285e-323 1 2 0
1.62586 2.96439e-323 2.96439e-323 1 2 0
1.60586 -4.94066e-324 -4.94066e-324 1 2 0
1.58586 4.94066e-323 4.94066e-323 1 2 0
1.56586 1.4822e-323 1.4822e-323 1 2 0
1.54586 -1.97626e-323 -1.97626e-323 1 2 0
1.52586 2.96439e-323 2.96439e-323 1 2 0
1.50586 -4.94066e-324 -4.94066e-324 1 2 0
1.48586 4.44659e-323 4.44659e-323 1 2 0
1.46586 9.88131e-324 9.88131e-324 1 2 0
1.44586 -2.47033e-323 -2.47033e-323 1 2 0
1.42586 2.47033e-323 2.47033e-323 1 2 0
1.40586 7.41098e-323 7.41098e-323 1 2 0
1.38586 4.44659e-323 4.44659e-323 1 2 0
1.36586 1.4822e-323 1.4822e-323 1 2 0
1.34586 -1.4822e-323 -1.4822e-323 1 2 0
1.32586 3.45846e-323 3.45846e-323 1 2 0
1.30586 4.94066e-324 4.94066e-324 1 2 0
1.28586 -2.47033e-323 -2.47033e-323 1 2 0
1.26586 1.97626e-323 1.97626e-323 1 2 0
1.24586 -9.88131e-324 -9.88131e-324 1 2 0
1.22586 3.45846e-323 3.45846e-323 1 2 0
1.20586 -6.91692e-323 -6.91692e-323 1 2 0
1.18586 -2.47033e-323 -2.47033e-323 1 2 0
1.16586 1.97626e-323 1.97626e-323 1 2 0
1.14586 -9.88131e-324 -9.88131e-324 1 2 0
1.12586 3.45846e-323 3.45846e-323 1 2 0
1.10586 -6.42285e-323 -6.42285e-323 1 2 0
1.08586 -1.97626e-323 -1.97626e-323 1 2 0
1.06586 2.47033e-323 2.47033e-323 1 2 0
1.04586 0 0 1 2 0
1.02586 -2.47033e-323 -2.47033e-323 1 2 0
1.00586 1.97626e-323 1.97626e-323 1 2 0
0.985855 -4.94066e-324 -4.94066e-324 1 2 0
0.965855 3.95253e-323 3.95253e-323 1 2 0
0.945855 -4.94066e-323 -4.94066e-323 1 2 0
0.925855 -4.94066e-324 -4.94066e-324 1 2 0
0.905855 -2.47033e-323 -2.47033e-323 1 2 0
0.885855 1.97626e-323 1.97626e-323 1 2 0
0.865855 0 0 1 2 0
0.845855 -1.97626e-323 -1.97626e-323 1 2 0
0.825855 2.47033e-323 2.47033e-323 1 2 0
0.805855 4.94066e-324 4.94066e-324 1 2 0
0.785855 -1.4822e-323 -1.4822e-323 1 2 0
0.765855 2.96439e-323 2.96439e-323 1 2 0
0.745855 9.88131e-324 9.88131e-324 1 2 0
0.725855 -9.88131e-324 -9.88131e-324 1 2 0
0.705855 2.96439e-323 2.96439e-323 1 2 0
0.685855 9.88131e-324 9.88131e-324 1 2 0
0.665855 -9.88131e-324 -9.88131e-324 1 2 0
0.645855 2.96439e-323 2.96439e-323 1 2 0
0.625855 9.88131e-324 9.88131e-324 1 2 0
0.605855 -9.88131e-324 -9.88131e-324 1 2 0
0.585855 2.96439e-323 2.96439e-323 1 2 0
0.565855 9.88131e-324 9.88131e-324 1 2 0
0.545855 -9.88131e-324 -9.88131e-324 1 2 0
0.525855 2.96439e-323 2.96439e-323 1 2 0
0.505855 9.88131e-324 9.88131e-324 1 2 0
0.485855 -9.88131e-324 -9.88131e-324 1 2 0
0.465855 2.47033e-323 2.47033e-323 1 2 0
0.445855 4.94066e-324 4.94066e-324 1 2 0
0.425855 -1.4822e-323 -1.4822e-323 1 2 0
0.405855 1.97626e-323 1.97626e-323 1 2 0
0.385855 0 0 1 2 0
0.365855 -1.97626e-323 -1.97626e-323 1 2 0
0.345855 1.4822e-323 1.4822e-323 1 2 0
0.325855 -4.94066e-324 -4.94066e-324 1 2 0
0.305855 -2.47033e-323 -2.47033e-323 1 2 0
0.285855 9.88131e-324 9.88131e-324 1 2 0
0.265855 -9.88131e-324 -9.88131e-324 1 2 0
0.245855 2.47033e-323 2.47033e-323 1 2 0
0.225855 4.94066e-324 4.94066e-324 1 2 0
0.205855 -1.4822e-323 -1.4822e-323 1 2 0
0.185855 1.97626e-323 1.97626e-323 1 2 0
0.165855 4.94066e-324 4.94066e-324 1 2 0
0.145855 -9.88131e-324 -9.88131e-324 1 2 0
0.125855 -2.47033e-323 -2.47033e-323 1 2 0
0.105855 9.88131e-324 9.88131e-324 1 2 0
0.0858549 -4.94066e-324 -4.94066e-324 1 2 0
0.0658549 -1.97626e-323 -1.97626e-323 1 2 0
0.0458549 1.4822e-323 1.4822e-323 1 2 0
0.0258549 0 0 1 2 0
0.00585492 -1.4822e-323 -1.4822e-323 1 2 0
-0.0141451 1.97626e-323 1.97626e-323 1 2 0
