6 0.655995 0.655995 2 1 0
6.03559 0.663451 0.663451 1 1 0
6.05338 0.667183 0.667183 1 1 0
6.07116 0.670919 0.670919 1 1 0
6.08894 0.674658 0.674658 1 1 0
6.10671 0.678401 0.678401 1 1 0
6.12448 0.682147 0.682147 1 1 0
6.14225 0.685896 0.685896 1 1 0
6.16001 0.689649 0.689649 1 1 0
6.17777 0.693405 0.693405 1 1 0
6.19553 0.697164 0.697164 1 1 0
6.21328 0.700927 0.700927 1 1 0
6.23102 0.704693 0.704693 1 1 0
6.24876 0.708462 0.708462 1 1 0
6.2665 0.712234 0.712234 1 1 0
6.28423 0.71601 0.71601 1 1 0
6.30196 0.71979 0.71979 1 1 0
6.31969 0.723573 0.723573 1 1 0
6.33741 0.727359 0.727359 1 1 0
6.35512 0.731148 0.731148 1 1 0
6.37283 0.734941 0.734941 1 1 0
6.39054 0.738737 0.738737 1 1 0
6.40824 0.742537 0.742537 1 1 0
6.42594 0.74634 0.74634 1 1 0
6.44363 0.750147 0.750147 1 1 0
6.46132 0.753956 0.753956 1 1 0
6.47901 0.75777 0.75777 1 1 0
6.49669 0.761586 0.761586 1 1 0
6.51436 0.765406 0.765406 1 1 0
6.53204 0.76923 0.76923 1 1 0
6.5497 0.773057 0.773057 1 1 0
6.56736 0.776887 0.776887 1 1 0
6.58502 0.780721 0.780721 1 1 0
6.60268 0.784558 0.784558 1 1 0
6.62033 0.788399 0.788399 1 1 0
6.63797 0.792243 0.792243 1 1 0
6.65561 0.796091 0.796091 1 1 0
6.67325 0.799942 0.799942 1 1 0
6.69088 0.803796 0.803796 1 1 0
6.7085 0.807654 0.807654 1 1 0
6.72613 0.811516 0.811516 1 1 0
6.74374 0.815381 0.815381 1 1 0
6.76136 0.819249 0.819249 1 1 0
6.77896 0.823121 0.823121 1 1 0
6.79657 0.826996 0.826996 1 1 0
6.81417 0.830875 0.830875 1 1 0
6.83176 0.834758 0.834758 1 1 0
6.84935 0.838644 0.838644 1 1 0
6.86694 0.842533 0.842533 1 1 0
6.88452 0.846426 0.846426 1 1 0
6.90209 0.850322 0.850322 1 1 0
6.91966 0.854222 0.854222 1 1 0
6.93723 0.858126 0.858126 1 1 0
6.95479 0.862033 0.862033 1 1 0
6.97235 0.865943 0.865943 1 1 0
6.9899 0.869857 0.869857 1 1 0
7.00745 0.873775 0.873775 1 1 0
7.02499 0.877696 0.877696 1 1 0
7.04253 0.88162 0.88162 1 1 0
7.06006 0.885549 0.885549 1 1 0
7.07759 0.889481 0.889481 1 1 0
7.09512 0.893416 0.893416 1 1 0
7.11263 0.897355 0.897355 1 1 0
7.13015 0.901297 0.901297 1 1 0
7.14766 0.905243 0.905243 1 1 0
7.16516 0.909193 0.909193 1 1 0
7.18266 0.913146 0.913146 1 1 0
7.20016 0.917103 0.917103 1 1 0
7.21765 0.921064 0.921064 1 1 0
7.23513 0.925028 0.925028 1 1 0
7.25261 0.928995 0.928995 1 1 0
7.27008 0.932967 0.932967 1 1 0
7.28755 0.936941 0.936941 1 1 0
7.30502 0.94092 0.94092 1 1 0
7.32248 0.944902 0.944902 1 1 0
7.33994 0.948888 0.948888 1 1 0
7.35739 0.952877 0.952877 1 1 0
7.37483 0.95687 0.95687 1 1 0
7.39227 0.960867 0.960867 1 1 0
7.40971 0.964867 0.964867 1 1 0
7.42714 0.968871 0.968871 1 1 0
7.44456 0.972879 0.972879 1 1 0
7.46198 0.97689 0.97689 1 1 0
7.4794 0.980905 0.980905 1 1 0
7.49681 0.984924 0.984924 1 1 0
7.51421 0.988946 0.988946 1 1 0
7.53161 0.992972 0.992972 1 1 0
7.54901 0.997001 0.997001 1 1 0
7.5664 1.00103 1.00103 1 1 0
7.58378 1.00507 1.00507 1 1 0
7.60116 1.00911 1.00911 1 1 0
7.61853 1.01316 1.01316 1 1 0
7.6359 1.0172 1.0172 1 1 0
7.65327 1.02126 1.02126 1 1 0
7.67062 1.02531 1.02531 1 1 0
7.68798 1.02937 1.02937 1 1 0
7.70532 1.03343 1.03343 1 1 0
7.72267 1.0375 1.0375 1 1 0
7.74001 1.04157 1.04157 1 1 0
7.75734 1.04565 1.04565 1 1 0
7.77466 1.04972 1.04972 1 1 0
7.79199 1.05381 1.05381 1 1 0
7.8093 1.05789 1.05789 1 1 0
7.82661 1.06198 1.06198 1 1 0
7.84392 1.06607 1.06607 1 1 0
7.86122 1.07017 1.07017 1 1 0
7.87851 1.07427 1.07427 1 1 0
7.8958 1.07837 1.07837 1 1 0
7.91309 1.08248 1.08248 1 1 0
7.93037 1.08659 1.08659 1 1 0
7.94764 1.09071 1.09071 1 1 0
7.96491 1.09483 1.09483 1 1 0
7.98217 1.09895 1.09895 1 1 0
7.99943 1.10308 1.10308 1 1 0
8.01668 1.10721 1.10721 1 1 0
8.03393 1.11134 1.11134 1 1 0
8.05117 1.11548 1.11548 1 1 0
8.0684 1.11963 1.11963 1 1 0
8.08563 1.12377 1.12377 1 1 0
8.10286 1.12792 1.12792 1 1 0
8.12007 1.13208 1.13208 1 1 0
8.13729 1.13623 1.13623 1 1 0
8.15449 1.14039 1.14039 1 1 0
8.1717 1.14456 1.14456 1 1 0
8.18889 1.14873 1.14873 1 1 0
8.20608 1.1529 1.1529 1 1 0
8.22327 1.15708 1.15708 1 1 0
8.24045 1.16126 1.16126 1 1 0
8.25762 1.16544 1.16544 1 1 0
8.27479 1.16963 1.16963 1 1 0
8.29195 1.17382 1.17382 1 1 0
8.30911 1.17802 1.17802 1 1 0
8.32626 1.18222 1.18222 1 1 0
8.3434 1.18642 1.18642 1 1 0
8.36054 1.19063 1.19063 1 1 0
8.37768 1.19484 1.19484 1 1 0
8.39481 1.19906 1.19906 1 1 0
8.41193 1.20328 1.20328 1 1 0
8.42904 1.2075 1.2075 1 1 0
8.44616 1.21173 1.21173 1 1 0
8.46326 1.21596 1.21596 1 1 0
8.48036 1.2202 1.2202 1 1 0
8.49745 1.22444 1.22444 1 1 0
8.51454 1.22868 1.22868 1 1 0
8.53162 1.23293 1.23293 1 1 0
8.5487 1.23718 1.23718 1 1 0
8.56577 1.24143 1.24143 1 1 0
8.58283 1.24569 1.24569 1 1 0
8.59989 1.24996 1.24996 1 1 0
8.61694 1.25422 1.25422 1 1 0
8.63398 1.25849 1.25849 1 1 0
8.65102 1.26277 1.26277 1 1 0
8.66806 1.26705 1.26705 1 1 0
8.68509 1.27133 1.27133 1 1 0
8.70211 1.27562 1.27562 1 1 0
8.71912 1.27991 1.27991 1 1 0
8.73613 1.2842 1.2842 1 1 0
8.75314 1.2885 1.2885 1 1 0
8.77013 1.2928 1.2928 1 1 0
8.78712 1.29711 1.29711 1 1 0
8.80411 1.30142 1.30142 1 1 0
8.82109 1.30574 1.30574 1 1 0
8.83806 1.31006 1.31006 1 1 0
8.85503 1.31438 1.31438 1 1 0
8.87199 1.31871 1.31871 1 1 0
8.88894 1.32304 1.32304 1 1 0
8.90589 1.32737 1.32737 1 1 0
8.92283 1.33171 1.33171 1 1 0
8.93977 1.33605 1.33605 1 1 0
8.9567 1.3404 1.3404 1 1 0
8.97362 1.34475 1.34475 1 1 0
8.99054 1.34911 1.34911 1 1 0
9.00745 1.35347 1.35347 1 1 0
9.02435 1.35783 1.35783 1 1 0
9.04125 1.3622 1.3622 1 1 0
9.05814 1.36657 1.36657 1 1 0
9.07503 1.37095 1.37095 1 1 0
9.09191 1.37533 1.37533 1 1 0
9.10878 1.37971 1.37971 1 1 0
9.12565 1.3841 1.3841 1 1 0
9.14251 1.38849 1.38849 1 1 0
9.15936 1.39289 1.39289 1 1 0
9.17621 1.39729 1.39729 1 1 0
9.19305 1.40169 1.40169 1 1 0
9.20988 1.4061 1.4061 1 1 0
9.22671 1.41051 1.41051 1 1 0
9.24353 1.41493 1.41493 1 1 0
9.26034 1.41935 1.41935 1 1 0
9.27715 1.42378 1.42378 1 1 0
9.29395 1.42821 1.42821 1 1 0
9.31075 1.43264 1.43264 1 1 0
9.32754 1.43708 1.43708 1 1 0
9.34432 1.44152 1.44152 1 1 0
9.36109 1.44597 1.44597 1 1 0
9.37786 1.45042 1.45042 1 1 0
9.39462 1.45487 1.45487 1 1 0
9.41138 1.45933 1.45933 1 1 0
9.42812 1.46379 1.46379 1 1 0
9.44487 1.46826 1.46826 1 1 0
9.4616 1.47273 1.47273 1 1 0
9.47833 1.4772 1.4772 1 1 0
9.49505 1.48168 1.48168 1 1 0
9.51176 1.48617 1.48617 1 1 0
9.52847 1.49066 1.49066 1 1 0
9.54517 1.49515 1.49515 1 1 0
9.56187 1.49964 1.49964 1 1 0
9.57855 1.50415 1.50415 1 1 0
9.59523 1.50865 1.50865 1 1 0
9.61191 1.51316 1.51316 1 1 0
9.62857 1.51767 1.51767 1 1 0
9.64523 1.52219 1.52219 1 1 0
9.66189 1.52671 1.52671 1 1 0
9.67853 1.53124 1.53124 1 1 0
9.69517 1.53577 1.53577 1 1 0
9.7118 1.5403 1.5403 1 1 0
9.72843 1.54484 1.54484 1 1 0
9.74505 1.54939 1.54939 1 1 0
9.76166 1.55393 1.55393 1 1 0
9.77826 1.55849 1.55849 1 1 0
9.79486 1.56304 1.56304 1 1 0
9.81145 1.5676 1.5676 1 1 0
9.82803 1.57217 1.57217 1 1 0
9.84461 1.57674 1.57674 1 1 0
9.86117 1.58131 1.58131 1 1 0
9.87774 1.58589 1.58589 1 1 0
9.89429 1.59047 1.59047 1 1 0
9.91084 1.59505 1.59505 1 1 0
9.92738 1.59964 1.59964 1 1 0
9.94391 1.60424 1.60424 1 1 0
9.96043 1.60884 1.60884 1 1 0
9.97695 1.61344 1.61344 1 1 0
9.99346 1.61805 1.61805 1 1 0
10.01 1.62266 1.62266 1 1 0
10.0265 1.62728 1.62728 1 1 0
10.043 1.6319 1.6319 1 1 0
10.0594 1.63652 1.63652 1 1 0
10.0759 1.64115 1.64115 1 1 0
10.0924 1.64579 1.64579 1 1 0
10.1088 1.65043 1.65043 1 1 0
10.1253 1.65507 1.65507 1 1 0
10.1417 1.65972 1.65972 1 1 0
10.1582 1.66437 1.66437 1 1 0
10.1746 1.66902 1.66902 1 1 0
10.191 1.67368 1.67368 1 1 0
10.2074 1.67835 1.67835 1 1 0
10.2238 1.68302 1.68302 1 1 0
10.2402 1.68769 1.68769 1 1 0
10.2566 1.69237 1.69237 1 1 0
10.273 1.69705 1.69705 1 1 0
10.2894 1.70174 1.70174 1 1 0
10.3058 1.70643 1.70643 1 1 0
10.3221 1.71112 1.71112 1 1 0
10.3385 1.71582 1.71582 1 1 0
10.3548 1.72053 1.72053 1 1 0
10.3712 1.72524 1.72524 1 1 0
10.3875 1.72995 1.72995 1 1 0
10.4038 1.73467 1.73467 1 1 0
10.4201 1.73939 1.73939 1 1 0
10.4364 1.74412 1.74412 1 1 0
10.4527 1.74885 1.74885 1 1 0
10.469 1.75358 1.75358 1 1 0
10.4853 1.75832 1.75832 1 1 0
10.5016 1.76307 1.76307 1 1 0
10.5179 1.76782 1.76782 1 1 0
10.5341 1.77257 1.77257 1 1 0
10.5504 1.77733 1.77733 1 1 0
10.5666 1.78209 1.78209 1 1 0
10.5829 1.78686 1.78686 1 1 0
10.5991 1.79163 1.79163 1 1 0
10.6153 1.79641 1.79641 1 1 0
10.6315 1.80119 1.80119 1 1 0
10.6477 1.80597 1.80597 1 1 0
10.6639 1.81076 1.81076 1 1 0
10.6801 1.81555 1.81555 1 1 0
10.6963 1.82035 1.82035 1 1 0
10.7125 1.82516 1.82516 1 1 0
10.7286 1.82996 1.82996 1 1 0
10.7448 1.83477 1.83477 1 1 0
10.761 1.83959 1.83959 1 1 0
10.7771 1.84441 1.84441 1 1 0
10.7932 1.84924 1.84924 1 1 0
10.8094 1.85407 1.85407 1 1 0
10.8255 1.8589 1.8589 1 1 0
10.8416 1.86374 1.86374 1 1 0
10.8577 1.86859 1.86859 1 1 0
10.8738 1.87343 1.87343 1 1 0
10.8899 1.87829 1.87829 1 1 0
10.9059 1.88315 1.88315 1 1 0
10.922 1.88801 1.88801 1 1 0
10.9381 1.89287 1.89287 1 1 0
10.9541 1.89775 1.89775 1 1 0
10.9702 1.90262 1.90262 1 1 0
10.9862 1.9075 1.9075 1 1 0
11.0022 1.91239 1.91239 1 1 0
11.0182 1.91728 1.91728 1 1 0
11.0342 1.92217 1.92217 1 1 0
11.0502 1.92707 1.92707 1 1 0
11.0662 1.93197 1.93197 1 1 0
11.0822 1.93688 1.93688 1 1 0
11.0982 1.94179 1.94179 1 1 0
11.1142 1.94671 1.94671 1 1 0
11.1301 1.95163 1.95163 1 1 0
11.1461 1.95656 1.95656 1 1 0
11.162 1.96149 1.96149 1 1 0
11.1779 1.96643 1.96643 1 1 0
11.1939 1.97137 1.97137 1 1 0
11.2098 1.97631 1.97631 1 1 0
11.2257 1.98126 1.98126 1 1 0
11.2416 1.98622 1.98622 1 1 0
11.2575 1.99118 1.99118 1 1 0
11.2733 1.99614 1.99614 1 1 0
11.2892 2.00111 2.00111 1 1 0
11.3051 2.00608 2.00608 1 1 0
11.3209 2.01106 2.01106 1 1 0
11.3368 2.01604 2.01604 1 1 0
11.3526 2.02103 2.02103 1 1 0
11.3684 2.02602 2.02602 1 1 0
11.3843 2.03102 2.03102 1 1 0
11.4001 2.03602 2.03602 1 1 0
11.4159 2.04102 2.04102 1 1 0
11.4317 2.04603 2.04603 1 1 0
11.4474 2.05105 2.05105 1 1 0
11.4632 2.05607 2.05607 1 1 0
11.479 2.06109 2.06109 1 1 0
11.4947 2.06612 2.06612 1 1 0
11.5105 2.07116 2.07116 1 1 0
11.5262 2.0762 2.0762 1 1 0
11.5419 2.08124 2.08124 1 1 0
11.5577 2.08629 2.08629 1 1 0
11.5734 2.09134 2.09134 1 1 0
11.5891 2.0964 2.0964 1 1 0
11.6048 2.10146 2.10146 1 1 0
11.6204 2.10653 2.10653 1 1 0
11.6361 2.1116 2.1116 1 1 0
11.6518 2.11668 2.11668 1 1 0
11.6674 2.12176 2.12176 1 1 0
11.6831 2.12684 2.12684 1 1 0
11.6987 2.13193 2.13193 1 1 0
11.7143 2.13703 2.13703 1 1 0
11.73 2.14213 2.14213 1 1 0
11.7456 2.14724 2.14724 1 1 0
11.7612 2.15235 2.15235 1 1 0
11.7768 2.15746 2.15746 1 1 0
11.7923 2.16258 2.16258 1 1 0
11.8079 2.1677 2.1677 1 1 0
11.8235 2.17283 2.17283 1 1 0
11.839 2.17797 2.17797 1 1 0
11.8546 2.18311 2.18311 1 1 0
11.8701 2.18825 2.18825 1 1 0
11.8856 2.1934 2.1934 1 1 0
11.9011 2.19855 2.19855 1 1 0
11.9166 2.20371 2.20371 1 1 0
11.9321 2.20887 2.20887 1 1 0
11.9476 2.21404 2.21404 1 1 0
11.9631 2.21921 2.21921 1 1 0
11.9786 2.22439 2.22439 1 1 0
11.994 2.22957 2.22957 1 1 0
12.0095 2.23475 2.23475 1 1 0
12.0249 2.23995 2.23995 1 1 0
12.0403 2.24514 2.24514 1 1 0
12.0558 2.25034 2.25034 1 1 0
12.0712 2.25555 2.25555 1 1 0
12.0866 2.26076 2.26076 1 1 0
12.1019 2.26597 2.26597 1 1 0
12.1173 2.27119 2.27119 1 1 0
12.1327 2.27642 2.27642 1 1 0
12.1481 2.28165 2.28165 1 1 0
12.1634 2.28688 2.28688 1 1 0
12.1787 2.29212 2.29212 1 1 0
12.1941 2.29737 2.29737 1 1 0
12.2094 2.30262 2.30262 1 1 0
12.2247 2.30787 2.30787 1 1 0
12.24 2.31313 2.31313 1 1 0
12.2553 2.3184 2.3184 1 1 0
12.2706 2.32366 2.32366 1 1 0
12.2858 2.32894 2.32894 1 1 0
12.3011 2.33422 2.33422 1 1 0
12.3163 2.3395 2.3395 1 1 0
12.3316 2.34479 2.34479 1 1 0
12.3468 2.35008 2.35008 1 1 0
12.362 2.35538 2.35538 1 1 0
12.3772 2.36068 2.36068 1 1 0
12.3924 2.36599 2.36599 1 1 0
12.4076 2.3713 2.3713 1 1 0
12.4228 2.37662 2.37662 1 1 0
12.438 2.38194 2.38194 1 1 0
12.4531 2.38727 2.38727 1 1 0
12.4683 2.3926 2.3926 1 1 0
12.4834 2.39794 2.39794 1 1 0
12.4985 2.40328 2.40328 1 1 0
12.5136 2.40863 2.40863 1 1 0
12.5287 2.41398 2.41398 1 1 0
12.5438 2.41934 2.41934 1 1 0
12.5589 2.4247 2.4247 1 1 0
12.574 2.43006 2.43006 1 1 0
12.5891 2.43543 2.43543 1 1 0
12.6041 2.44081 2.44081 1 1 0
12.6192 2.44619 2.44619 1 1 0
12.6342 2.45158 2.45158 1 1 0
12.6492 2.45697 2.45697 1 1 0
12.6642 2.46237 2.46237 1 1 0
12.6792 2.46777 2.46777 1 1 0
12.6942 2.47317 2.47317 1 1 0
12.7092 2.47858 2.47858 1 1 0
12.7242 2.484 2.484 1 1 0
12.7391 2.48942 2.48942 1 1 0
12.7541 2.49484 2.49484 1 1 0
12.769 2.50027 2.50027 1 1 0
12.7839 2.50571 2.50571 1 1 0
12.7988 2.51115 2.51115 1 1 0
12.8137 2.5166 2.5166 1 1 0
12.8286 2.52205 2.52205 1 1 0
12.8435 2.5275 2.5275 1 1 0
12.8584 2.53296 2.53296 1 1 0
12.8732 2.53843 2.53843 1 1 0
12.8881 2.5439 2.5439 1 1 0
12.9029 2.54937 2.54937 1 1 0
12.9177 2.55485 2.55485 1 1 0
12.9326 2.56034 2.56034 1 1 0
12.9474 2.56582 2.56582 1 1 0
12.9622 2.57132 2.57132 1 1 0
12.9769 2.57682 2.57682 1 1 0
12.9917 2.58232 2.58232 1 1 0
13.0065 2.58783 2.58783 1 1 0
13.0212 2.59335 2.59335 1 1 0
13.036 2.59887 2.59887 1 1 0
13.0507 2.60439 2.60439 1 1 0
13.0654 2.60992 2.60992 1 1 0
13.0801 2.61546 2.61546 1 1 0
13.0948 2.621 2.621 1 1 0
13.1095 2.62654 2.62654 1 1 0
13.1242 2.63209 2.63209 1 1 0
13.1388 2.63764 2.63764 1 1 0
13.1535 2.6432 2.6432 1 1 0
13.1681 2.64877 2.64877 1 1 0
13.1827 2.65434 2.65434 1 1 0
13.1973 2.65991 2.65991 1 1 0
13.2119 2.66549 2.66549 1 1 0
13.2265 2.67107 2.67107 1 1 0
13.2411 2.67666 2.67666 1 1 0
13.2557 2.68226 2.68226 1 1 0
13.2702 2.68786 2.68786 1 1 0
13.2848 2.69346 2.69346 1 1 0
13.2993 2.69907 2.69907 1 1 0
13.3138 2.70468 2.70468 1 1 0
13.3284 2.7103 2.7103 1 1 0
13.3429 2.71593 2.71593 1 1 0
13.3573 2.72155 2.72155 1 1 0
13.3718 2.72719 2.72719 1 1 0
13.3863 2.73283 2.73283 1 1 0
13.4007 2.73847 2.73847 1 1 0
13.4152 2.74412 2.74412 1 1 0
13.4296 2.74977 2.74977 1 1 0
13.444 2.75543 2.75543 1 1 0
13.4584 2.7611 2.7611 1 1 0
13.4728 2.76677 2.76677 1 1 0
13.4872 2.77244 2.77244 1 1 0
13.5016 2.77812 2.77812 1 1 0
13.5159 2.7838 2.7838 1 1 0
13.5303 2.78949 2.78949 1 1 0
13.5446 2.79519 2.79519 1 1 0
13.5589 2.80088 2.80088 1 1 0
13.5732 2.80659 2.80659 1 1 0
13.5875 2.8123 2.8123 1 1 0
13.6018 2.81801 2.81801 1 1 0
13.6161 2.82373 2.82373 1 1 0
13.6304 2.82945 2.82945 1 1 0
13.6446 2.83518 2.83518 1 1 0
13.6589 2.84092 2.84092 1 1 0
13.6731 2.84666 2.84666 1 1 0
13.6873 2.8524 2.8524 1 1 0
13.7015 2.85815 2.85815 1 1 0
13.7157 2.8639 2.8639 1 1 0
13.7299 2.86966 2.86966 1 1 0
13.744 2.87542 2.87542 1 1 0
13.7582 2.88119 2.88119 1 1 0
13.7723 2.88697 2.88697 1 1 0
13.7865 2.89275 2.89275 1 1 0
13.8006 2.89853 2.89853 1 1 0
13.8147 2.90432 2.90432 1 1 0
13.8288 2.91011 2.91011 1 1 0
13.8428 2.91591 2.91591 1 1 0
13.8569 2.92172 2.92172 1 1 0
13.871 2.92752 2.92752 1 1 0
13.885 2.93334 2.93334 1 1 0
13.899 2.93916 2.93916 1 1 0
13.9131 2.94498 2.94498 1 1 0
13.9271 2.95081 2.95081 1 1 0
13.9411 2.95664 2.95664 1 1 0
13.955 2.96248 2.96248 1 1 0
13.969 2.96833 2.96833 1 1 0
13.983 2.97417 2.97417 1 1 0
13.9969 2.98003 2.98003 1 1 0
14.0108 2.98589 2.98589 1 1 0
14.0248 2.99175 2.99175 1 1 0
14.0387 2.99762 2.99762 1 1 0
14.0525 3.00349 3.00349 1 1 0
14.0664 3.00937 3.00937 1 1 0
14.0803 3.01526 3.01526 1 1 0
14.0941 3.02115 3.02115 1 1 0
14.108 3.02704 3.02704 1 1 0
14.1218 3.03294 3.03294 1 1 0
14.1356 3.03884 3.03884 1 1 0
14.1494 3.04475 3.04475 1 1 0
14.1632 3.05066 3.05066 1 1 0
14.177 3.05658 3.05658 1 1 0
14.1908 3.06251 3.06251 1 1 0
14.2045 3.06844 3.06844 1 1 0
14.2183 3.07437 3.07437 1 1 0
14.232 3.08031 3.08031 1 1 0
14.2457 3.08625 3.08625 1 1 0
14.2594 3.0922 3.0922 1 1 0
14.2731 3.09815 3.09815 1 1 0
14.2868 3.10411 3.10411 1 1 0
14.3004 3.11008 3.11008 1 1 0
14.3141 3.11604 3.11604 1 1 0
14.3277 3.12202 3.12202 1 1 0
14.3413 3.128 3.128 1 1 0
14.3549 3.13398 3.13398 1 1 0
14.3685 3.13997 3.13997 1 1 0
14.3821 3.14596 3.14596 1 1 0
14.3957 3.15196 3.15196 1 1 0
14.4092 3.15796 3.15796 1 1 0
14.4228 3.16397 3.16397 1 1 0
14.4363 3.16999 3.16999 1 1 0
14.4498 3.176 3.176 1 1 0
14.4633 3.18203 3.18203 1 1 0
14.4768 3.18805 3.18805 1 1 0
14.4903 3.19409 3.19409 1 1 0
14.5038 3.20013 3.20013 1 1 0
14.5172 3.20617 3.20617 1 1 0
14.5306 3.21222 3.21222 1 1 0
14.5441 3.21827 3.21827 1 1 0
14.5575 3.22433 3.22433 1 1 0
14.5709 3.23039 3.23039 1 1 0
14.5842 3.23646 3.23646 1 1 0
14.5976 3.24253 3.24253 1 1 0
14.611 3.24861 3.24861 1 1 0
14.6243 3.25469 3.25469 1 1 0
14.6376 3.26078 3.26078 1 1 0
14.651 3.26687 3.26687 1 1 0
14.6643 3.27297 3.27297 1 1 0
14.6775 3.27907 3.27907 1 1 0
14.6908 3.28518 3.28518 1 1 0
14.7041 3.29129 3.29129 1 1 0
14.7173 3.29741 3.29741 1 1 0
14.7306 3.30353 3.30353 1 1 0
14.7438 3.30966 3.30966 1 1 0
14.757 3.31579 3.31579 1 1 0
14.7702 3.32193 3.32193 1 1 0
14.7834 3.32807 3.32807 1 1 0
14.7965 3.33421 3.33421 1 1 0
14.8097 3.34037 3.34037 1 1 0
14.8228 3.34652 3.34652 1 1 0
14.8359 3.35268 3.35268 1 1 0
14.849 3.35885 3.35885 1 1 0
14.8621 3.36502 3.36502 1 1 0
14.8752 3.3712 3.3712 1 1 0
14.8883 3.37738 3.37738 1 1 0
14.9013 3.38356 3.38356 1 1 0
14.9144 3.38975 3.38975 1 1 0
14.9274 3.39595 3.39595 1 1 0
14.9404 3.40215 3.40215 1 1 0
14.9534 3.40836 3.40836 1 1 0
14.9664 3.41457 3.41457 1 1 0
14.9794 3.42078 3.42078 1 1 0
14.9923 3.427 3.427 1 1 0
15.0053 3.43323 3.43323 1 1 0
15.0182 3.43946 3.43946 1 1 0
15.0311 3.44569 3.44569 1 1 0
15.044 3.45193 3.45193 1 1 0
15.0569 3.45818 3.45818 1 1 0
15.0698 3.46442 3.46442 1 1 0
15.0826 3.47068 3.47068 1 1 0
15.0955 3.47694 3.47694 1 1 0
15.1083 3.4832 3.4832 1 1 0
15.1211 3.48947 3.48947 1 1 0
15.1339 3.49574 3.49574 1 1 0
15.1467 3.50202 3.50202 1 1 0
15.1595 3.5083 3.5083 1 1 0
15.1722 3.51459 3.51459 1 1 0
15.185 3.52089 3.52089 1 1 0
15.1977 3.52718 3.52718 1 1 0
15.2104 3.53348 3.53348 1 1 0
15.2231 3.53979 3.53979 1 1 0
15.2358 3.5461 3.5461 1 1 0
15.2485 3.55242 3.55242 1 1 0
15.2611 3.55874 3.55874 1 1 0
15.2738 3.56507 3.56507 1 1 0
15.2864 3.5714 3.5714 1 1 0
15.299 3.57774 3.57774 1 1 0
15.3116 3.58408 3.58408 1 1 0
15.3242 3.59042 3.59042 1 1 0
15.3368 3.59677 3.59677 1 1 0
15.3493 3.60313 3.60313 1 1 0
15.3619 3.60949 3.60949 1 1 0
15.3744 3.61585 3.61585 1 1 0
15.3869 3.62222 3.62222 1 1 0
15.3994 3.6286 3.6286 1 1 0
15.4119 3.63498 3.63498 1 1 0
15.4244 3.64136 3.64136 1 1 0
15.4368 3.64775 3.64775 1 1 0
15.4493 3.65414 3.65414 1 1 0
15.4617 3.66054 3.66054 1 1 0
15.4741 3.66694 3.66694 1 1 0
15.4865 3.67335 3.67335 1 1 0
15.4989 3.67976 3.67976 1 1 0
15.5113 3.68618 3.68618 1 1 0
15.5236 3.6926 3.6926 1 1 0
15.536 3.69903 3.69903 1 1 0
15.5483 3.70546 3.70546 1 1 0
15.5606 3.71189 3.71189 1 1 0
15.5729 3.71833 3.71833 1 1 0
15.5852 3.72478 3.72478 1 1 0
15.5974 3.73123 3.73123 1 1 0
15.6097 3.73768 3.73768 1 1 0
15.6219 3.74414 3.74414 1 1 0
15.6341 3.75061 3.75061 1 1 0
15.6463 3.75707 3.75707 1 1 0
15.6585 3.76355 3.76355 1 1 0
15.6707 3.77003 3.77003 1 1 0
15.6828 3.77651 3.77651 1 1 0
15.695 3.783 3.783 1 1 0
15.7071 3.78949 3.78949 1 1 0
15.7192 3.79598 3.79598 1 1 0
15.7313 3.80249 3.80249 1 1 0
15.7434 3.80899 3.80899 1 1 0
15.7555 3.8155 3.8155 1 1 0
15.7675 3.82202 3.82202 1 1 0
15.7796 3.82854 3.82854 1 1 0
15.7916 3.83506 3.83506 1 1 0
15.8036 3.84159 3.84159 1 1 0
15.8156 3.84812 3.84812 1 1 0
15.8276 3.85466 3.85466 1 1 0
15.8396 3.8612 3.8612 1 1 0
15.8515 3.86775 3.86775 1 1 0
15.8634 3.8743 3.8743 1 1 0
15.8754 3.88086 3.88086 1 1 0
15.8873 3.88742 3.88742 1 1 0
15.8992 3.89399 3.89399 1 1 0
15.911 3.90056 3.90056 1 1 0
15.9229 3.90713 3.90713 1 1 0
15.9347 3.91371 3.91371 1 1 0
15.9466 3.9203 3.9203 1 1 0
15.9584 3.92688 3.92688 1 1 0
15.9702 3.93348 3.93348 1 1 0
15.982 3.94007 3.94007 1 1 0
15.9937 3.94668 3.94668 1 1 0
16.0055 3.95328 3.95328 1 1 0
16.0172 3.95989 3.95989 1 1 0
16.0289 3.96651 3.96651 1 1 0
16.0406 3.97313 3.97313 1 1 0
16.0523 3.97975 3.97975 1 1 0
16.064 3.98638 3.98638 1 1 0
16.0757 3.99302 3.99302 1 1 0
16.0873 3.99966 3.99966 1 1 0
16.0989 4.0063 4.0063 1 1 0
16.1106 4.01294 4.01294 1 1 0
16.1222 4.0196 4.0196 1 1 0
16.1337 4.02625 4.02625 1 1 0
16.1453 4.03291 4.03291 1 1 0
16.1569 4.03958 4.03958 1 1 0
16.1684 4.04625 4.04625 1 1 0
16.1799 4.05292 4.05292 1 1 0
16.1914 4.0596 4.0596 1 1 0
16.2029 4.06628 4.06628 1 1 0
16.2144 4.07297 4.07297 1 1 0
16.2259 4.07966 4.07966 1 1 0
16.2373 4.08636 4.08636 1 1 0
16.2487 4.09306 4.09306 1 1 0
16.2601 4.09976 4.09976 1 1 0
16.2715 4.10647 4.10647 1 1 0
16.2829 4.11318 4.11318 1 1 0
16.2943 4.1199 4.1199 1 1 0
16.3057 4.12662 4.12662 1 1 0
16.317 4.13335 4.13335 1 1 0
16.3283 4.14008 4.14008 1 1 0
16.3396 4.14682 4.14682 1 1 0
16.3509 4.15356 4.15356 1 1 0
16.3622 4.1603 4.1603 1 1 0
16.3734 4.16705 4.16705 1 1 0
16.3847 4.1738 4.1738 1 1 0
16.3959 4.18056 4.18056 1 1 0
16.4071 4.18732 4.18732 1 1 0
16.4183 4.19408 4.19408 1 1 0
16.4295 4.20085 4.20085 1 1 0
16.4407 4.20763 4.20763 1 1 0
16.4518 4.21441 4.21441 1 1 0
16.4629 4.22119 4.22119 1 1 0
16.4741 4.22798 4.22798 1 1 0
16.4852 4.23477 4.23477 1 1 0
16.4963 4.24156 4.24156 1 1 0
16.5073 4.24836 4.24836 1 1 0
16.5184 4.25517 4.25517 1 1 0
16.5294 4.26198 4.26198 1 1 0
16.5404 4.26879 4.26879 1 1 0
16.5515 4.2756 4.2756 1 1 0
16.5625 4.28243 4.28243 1 1 0
16.5734 4.28925 4.28925 1 1 0
16.5844 4.29608 4.29608 1 1 0
16.5953 4.30291 4.30291 1 1 0
16.6063 4.30975 4.30975 1 1 0
16.6172 4.31659 4.31659 1 1 0
16.6281 4.32344 4.32344 1 1 0
16.639 4.33029 4.33029 1 1 0
16.6498 4.33714 4.33714 1 1 0
16.6607 4.344 4.344 1 1 0
16.6715 4.35087 4.35087 1 1 0
16.6823 4.35773 4.35773 1 1 0
16.6931 4.3646 4.3646 1 1 0
16.7039 4.37148 4.37148 1 1 0
16.7147 4.37836 4.37836 1 1 0
16.7255 4.38524 4.38524 1 1 0
16.7362 4.39213 4.39213 1 1 0
16.7469 4.39902 4.39902 1 1 0
16.7576 4.40592 4.40592 1 1 0
16.7683 4.41282 4.41282 1 1 0
16.779 4.41972 4.41972 1 1 0
16.7897 4.42663 4.42663 1 1 0
16.8003 4.43354 4.43354 1 1 0
16.8109 4.44046 4.44046 1 1 0
16.8216 4.44738 4.44738 1 1 0
16.8322 4.4543 4.4543 1 1 0
16.8427 4.46123 4.46123 1 1 0
16.8533 4.46816 4.46816 1 1 0
16.8639 4.4751 4.4751 1 1 0
16.8744 4.48204 4.48204 1 1 0
16.8849 4.48898 4.48898 1 1 0
16.8954 4.49593 4.49593 1 1 0
16.9059 4.50288 4.50288 1 1 0
16.9164 4.50984 4.50984 1 1 0
16.9268 4.5168 4.5168 1 1 0
16.9373 4.52376 4.52376 1 1 0
16.9477 4.53073 4.53073 1 1 0
16.9581 4.5377 4.5377 1 1 0
16.9685 4.54468 4.54468 1 1 0
16.9789 4.55166 4.55166 1 1 0
16.9892 4.55864 4.55864 1 1 0
16.9996 4.56563 4.56563 1 1 0
17.0099 4.57262 4.57262 1 1 0
17.0202 4.57962 4.57962 1 1 0
17.0305 4.58662 4.58662 1 1 0
17.0408 4.59362 4.59362 1 1 0
17.0511 4.60063 4.60063 1 1 0
17.0613 4.60764 4.60764 1 1 0
17.0716 4.61465 4.61465 1 1 0
17.0818 4.62167 4.62167 1 1 0
17.092 4.6287 4.6287 1 1 0
17.1022 4.63572 4.63572 1 1 0
17.1123 4.64275 4.64275 1 1 0
17.1225 4.64979 4.64979 1 1 0
17.1326 4.65683 4.65683 1 1 0
17.1427 4.66387 4.66387 1 1 0
17.1529 4.67091 4.67091 1 1 0
17.1629 4.67796 4.67796 1 1 0
17.173 4.68502 4.68502 1 1 0
17.1831 4.69207 4.69207 1 1 0
17.1931 4.69913 4.69913 1 1 0
17.2032 4.7062 4.7062 1 1 0
17.2132 4.71327 4.71327 1 1 0
17.2232 4.72034 4.72034 1 1 0
17.2331 4.72742 4.72742 1 1 0
17.2431 4.7345 4.7345 1 1 0
17.253 4.74158 4.74158 1 1 0
17.263 4.74867 4.74867 1 1 0
17.2729 4.75576 4.75576 1 1 0
17.2828 4.76285 4.76285 1 1 0
17.2927 4.76995 4.76995 1 1 0
17.3025 4.77705 4.77705 1 1 0
17.3124 4.78416 4.78416 1 1 0
17.3222 4.79127 4.79127 1 1 0
17.3321 4.79838 4.79838 1 1 0
17.3419 4.8055 4.8055 1 1 0
17.3516 4.81262 4.81262 1 1 0
17.3614 4.81974 4.81974 1 1 0
17.3712 4.82687 4.82687 1 1 0
17.3809 4.834 4.834 1 1 0
17.3906 4.84113 4.84113 1 1 0
17.4004 4.84827 4.84827 1 1 0
17.41 4.85541 4.85541 1 1 0
17.4197 4.86256 4.86256 1 1 0
17.4294 4.86971 4.86971 1 1 0
17.439 4.87686 4.87686 1 1 0
17.4487 4.88402 4.88402 1 1 0
17.4583 4.89118 4.89118 1 1 0
17.4679 4.89834 4.89834 1 1 0
17.4775 4.90551 4.90551 1 1 0
17.487 4.91268 4.91268 1 1 0
17.4966 4.91985 4.91985 1 1 0
17.5061 4.92703 4.92703 1 1 0
17.5156 4.93421 4.93421 1 1 0
17.5251 4.94139 4.94139 1 1 0
17.5346 4.94858 4.94858 1 1 0
17.5441 4.95577 4.95577 1 1 0
17.5535 4.96297 4.96297 1 1 0
17.563 4.97017 4.97017 1 1 0
17.5724 4.97737 4.97737 1 1 0
17.5818 4.98457 4.98457 1 1 0
17.5912 4.99178 4.99178 1 1 0
17.6006 4.999 4.999 1 1 0
17.6099 5.00621 5.00621 1 1 0
17.6193 5.01343 5.01343 1 1 0
17.6286 5.02065 5.02065 1 1 0
17.6379 5.02788 5.02788 1 1 0
17.6472 5.03511 5.03511 1 1 0
17.6565 5.04234 5.04234 1 1 0
17.6658 5.04958 5.04958 1 1 0
17.675 5.05682 5.05682 1 1 0
17.6842 5.06406 5.06406 1 1 0
17.6935 5.0713 5.0713 1 1 0
17.7027 5.07855 5.07855 1 1 0
17.7119 5.08581 5.08581 1 1 0
17.721 5.09306 5.09306 1 1 0
17.7302 5.10032 5.10032 1 1 0
17.7393 5.10758 5.10758 1 1 0
17.7484 5.11485 5.11485 1 1 0
17.7575 5.12212 5.12212 1 1 0
17.7666 5.12939 5.12939 1 1 0
17.7757 5.13667 5.13667 1 1 0
17.7848 5.14395 5.14395 1 1 0
17.7938 5.15123 5.15123 1 1 0
17.8028 5.15852 5.15852 1 1 0
17.8119 5.1658 5.1658 1 1 0
17.8209 5.1731 5.1731 1 1 0
17.8298 5.18039 5.18039 1 1 0
17.8388 5.18769 5.18769 1 1 0
17.8478 5.19499 5.19499 1 1 0
17.8567 5.2023 5.2023 1 1 0
17.8656 5.20961 5.20961 1 1 0
17.8745 5.21692 5.21692 1 1 0
17.8834 5.22423 5.22423 1 1 0
17.8923 5.23155 5.23155 1 1 0
17.9011 5.23887 5.23887 1 1 0
17.91 5.24619 5.24619 1 1 0
17.9188 5.25352 5.25352 1 1 0
17.9276 5.26085 5.26085 1 1 0
17.9364 5.26818 5.26818 1 1 0
17.9452 5.27552 5.27552 1 1 0
17.9539 5.28286 5.28286 1 1 0
17.9627 5.2902 5.2902 1 1 0
17.9714 5.29755 5.29755 1 1 0
17.9801 5.3049 5.3049 1 1 0
17.9888 5.31225 5.31225 1 1 0
17.9975 5.3196 5.3196 1 1 0
18.0062 5.32696 5.32696 1 1 0
18.0148 5.33432 5.33432 1 1 0
18.0235 5.34169 5.34169 1 1 0
18.0321 5.34905 5.34905 1 1 0
18.0407 5.35642 5.35642 1 1 0
18.0493 5.3638 5.3638 1 1 0
18.0579 5.37117 5.37117 1 1 0
18.0664 5.37855 5.37855 1 1 0
18.075 5.38594 5.38594 1 1 0
18.0835 5.39332 5.39332 1 1 0
18.092 5.40071 5.40071 1 1 0
18.1005 5.4081 5.4081 1 1 0
18.109 5.41549 5.41549 1 1 0
18.1175 5.42289 5.42289 1 1 0
18.1259 5.43029 5.43029 1 1 0
18.1344 5.43769 5.43769 1 1 0
18.1428 5.4451 5.4451 1 1 0
18.1512 5.45251 5.45251 1 1 0
18.1596 5.45992 5.45992 1 1 0
18.168 5.46733 5.46733 1 1 0
18.1763 5.47475 5.47475 1 1 0
18.1847 5.48217 5.48217 1 1 0
18.193 5.48959 5.48959 1 1 0
18.2013 5.49702 5.49702 1 1 0
18.2096 5.50445 5.50445 1 1 0
18.2179 5.51188 5.51188 1 1 0
18.2262 5.51932 5.51932 1 1 0
18.2344 5.52675 5.52675 1 1 0
18.2427 5.53419 5.53419 1 1 0
18.2509 5.54164 5.54164 1 1 0
18.2591 5.54908 5.54908 1 1 0
18.2673 5.55653 5.55653 1 1 0
18.2755 5.56398 5.56398 1 1 0
18.2836 5.57144 5.57144 1 1 0
18.2918 5.57889 5.57889 1 1 0
18.2999 5.58635 5.58635 1 1 0
18.308 5.59382 5.59382 1 1 0
18.3161 5.60128 5.60128 1 1 0
18.3242 5.60875 5.60875 1 1 0
18.3323 5.61622 5.61622 1 1 0
18.3403 5.62369 5.62369 1 1 0
18.3484 5.63117 5.63117 1 1 0
18.3564 5.63865 5.63865 1 1 0
18.3644 5.64613 5.64613 1 1 0
18.3724 5.65361 5.65361 1 1 0
18.3804 5.6611 5.6611 1 1 0
18.3883 5.66859 5.66859 1 1 0
18.3963 5.67608 5.67608 1 1 0
18.4042 5.68358 5.68358 1 1 0
18.4121 5.69107 5.69107 1 1 0
18.42 5.69857 5.69857 1 1 0
18.4279 5.70608 5.70608 1 1 0
18.4358 5.71358 5.71358 1 1 0
18.4437 5.72109 5.72109 1 1 0
18.4515 5.7286 5.7286 1 1 0
18.4593 5.73612 5.73612 1 1 0
18.4672 5.74363 5.74363 1 1 0
18.475 5.75115 5.75115 1 1 0
18.4827 5.75867 5.75867 1 1 0
18.4905 5.76619 5.76619 1 1 0
18.4983 5.77372 5.77372 1 1 0
18.506 5.78125 5.78125 1 1 0
18.5137 5.78878 5.78878 1 1 0
18.5214 5.79631 5.79631 1 1 0
18.5291 5.80385 5.80385 1 1 0
18.5368 5.81139 5.81139 1 1 0
18.5445 5.81893 5.81893 1 1 0
18.5521 5.82647 5.82647 1 1 0
18.5598 5.83402 5.83402 1 1 0
18.5674 5.84157 5.84157 1 1 0
18.575 5.84912 5.84912 1 1 0
18.5826 5.85667 5.85667 1 1 0
18.5902 5.86423 5.86423 1 1 0
18.5977 5.87179 5.87179 1 1 0
18.6053 5.87935 5.87935 1 1 0
18.6128 5.88691 5.88691 1 1 0
18.6203 5.89448 5.89448 1 1 0
18.6278 5.90205 5.90205 1 1 0
18.6353 5.90962 5.90962 1 1 0
18.6428 5.91719 5.91719 1 1 0
18.6503 5.92477 5.92477 1 1 0
18.6577 5.93235 5.93235 1 1 0
18.6651 5.93993 5.93993 1 1 0
18.6726 5.94751 5.94751 1 1 0
18.68 5.95509 5.95509 1 1 0
18.6874 5.96268 5.96268 1 1 0
18.6947 5.97027 5.97027 1 1 0
18.7021 5.97786 5.97786 1 1 0
18.7094 5.98546 5.98546 1 1 0
18.7168 5.99306 5.99306 1 1 0
18.7241 6.00065 6.00065 1 1 0
18.7314 6.00826 6.00826 1 1 0
18.7387 6.01586 6.01586 1 1 0
18.7459 6.02347 6.02347 1 1 0
18.7532 6.03107 6.03107 1 1 0
18.7604 6.03868 6.03868 1 1 0
18.7677 6.0463 6.0463 1 1 0
18.7749 6.05391 6.05391 1 1 0
18.7821 6.06153 6.06153 1 1 0
18.7893 6.06915 6.06915 1 1 0
18.7964 6.07677 6.07677 1 1 0
18.8036 6.0844 6.0844 1 1 0
18.8107 6.09202 6.09202 1 1 0
18.8179 6.09965 6.09965 1 1 0
18.825 6.10728 6.10728 1 1 0
18.8321 6.11492 6.11492 1 1 0
18.8392 6.12255 6.12255 1 1 0
18.8462 6.13019 6.13019 1 1 0
18.8533 6.13783 6.13783 1 1 0
18.8603 6.14547 6.14547 1 1 0
18.8674 6.15311 6.15311 1 1 0
18.8744 6.16076 6.16076 1 1 0
18.8814 6.16841 6.16841 1 1 0
18.8884 6.17606 6.17606 1 1 0
18.8953 6.18371 6.18371 1 1 0
18.9023 6.19137 6.19137 1 1 0
18.9093 6.19902 6.19902 1 1 0
18.9162 6.20668 6.20668 1 1 0
18.9231 6.21434 6.21434 1 1 0
18.93 6.22201 6.22201 1 1 0
18.9369 6.22967 6.22967 1 1 0
18.9438 6.23734 6.23734 1 1 0
18.9506 6.24501 6.24501 1 1 0
18.9575 6.25268 6.25268 1 1 0
18.9643 6.26035 6.26035 1 1 0
18.9711 6.26803 6.26803 1 1 0
18.9779 6.27571 6.27571 1 1 0
18.9847 6.28339 6.28339 1 1 0
18.9915 6.29107 6.29107 1 1 0
18.9983 6.29875 6.29875 1 1 0
19.005 6.30644 6.30644 1 1 0
19.0118 6.31413 6.31413 1 1 0
19.0185 6.32182 6.32182 1 1 0
19.0252 6.32951 6.32951 1 1 0
19.0319 6.3372 6.3372 1 1 0
19.0386 6.3449 6.3449 1 1 0
19.0452 6.3526 6.3526 1 1 0
19.0519 6.3603 6.3603 1 1 0
19.0585 6.368 6.368 1 1 0
19.0652 6.3757 6.3757 1 1 0
19.0718 6.38341 6.38341 1 1 0
19.0784 6.39111 6.39111 1 1 0
19.085 6.39882 6.39882 1 1 0
19.0915 6.40654 6.40654 1 1 0
19.0981 6.41425 6.41425 1 1 0
19.1046 6.42196 6.42196 1 1 0
19.1112 6.42968 6.42968 1 1 0
19.1177 6.4374 6.4374 1 1 0
19.1242 6.44512 6.44512 1 1 0
19.1307 6.45284 6.45284 1 1 0
19.1372 6.46057 6.46057 1 1 0
19.1436 6.4683 6.4683 1 1 0
19.1501 6.47602 6.47602 1 1 0
19.1565 6.48375 6.48375 1 1 0
19.1629 6.49149 6.49149 1 1 0
19.1693 6.49922 6.49922 1 1 0
19.1757 6.50696 6.50696 1 1 0
19.1821 6.5147 6.5147 1 1 0
19.1885 6.52243 6.52243 1 1 0
19.1949 6.53018 6.53018 1 1 0
19.2012 6.53792 6.53792 1 1 0
19.2075 6.54566 6.54566 1 1 0
19.2138 6.55341 6.55341 1 1 0
19.2201 6.56116 6.56116 1 1 0
19.2264 6.56891 6.56891 1 1 0
19.2327 6.57666 6.57666 1 1 0
19.239 6.58442 6.58442 1 1 0
19.2452 6.59217 6.59217 1 1 0
19.2515 6.59993 6.59993 1 1 0
19.2577 6.60769 6.60769 1 1 0
19.2639 6.61545 6.61545 1 1 0
19.2701 6.62321 6.62321 1 1 0
19.2763 6.63098 6.63098 1 1 0
19.2825 6.63874 6.63874 1 1 0
19.2886 6.64651 6.64651 1 1 0
19.2948 6.65428 6.65428 1 1 0
19.3009 6.66205 6.66205 1 1 0
19.3046 6.66667 6.66667 1 1 0
19.3107 6.67444 6.67444 2 1 0
19.3168 6.68222 6.68222 2 1 0
19.3229 6.68999 6.68999 2 1 0
19.3289 6.69777 6.69777 2 1 0
19.335 6.70555 6.70555 2 1 0
19.341 6.71334 6.71334 2 1 0
19.3471 6.72112 6.72112 2 1 0
19.3531 6.72891 6.72891 2 1 0
19.3591 6.73669 6.73669 2 1 0
19.3651 6.74448 6.74448 2 1 0
19.3711 6.75227 6.75227 2 1 0
19.3771 6.76007 6.76007 2 1 0
19.383 6.76786 6.76786 2 1 0
19.389 6.77566 6.77566 2 1 0
19.3949 6.78345 6.78345 2 1 0
19.4008 6.79125 6.79125 2 1 0
19.4068 6.79905 6.79905 2 1 0
19.4126 6.80685 6.80685 2 1 0
19.4185 6.81466 6.81466 2 1 0
19.4244 6.82246 6.82246 2 1 0
19.4303 6.83027 6.83027 2 1 0
19.4361 6.83808 6.83808 2 1 0
19.4419 6.84589 6.84589 2 1 0
19.4478 6.8537 6.8537 2 1 0
19.4536 6.86151 6.86151 2 1 0
19.4594 6.86933 6.86933 2 1 0
19.4652 6.87714 6.87714 2 1 0
19.4709 6.88496 6.88496 2 1 0
19.4767 6.89278 6.89278 2 1 0
19.4824 6.9006 6.9006 2 1 0
19.4882 6.90842 6.90842 2 1 0
19.4939 6.91625 6.91625 2 1 0
19.4996 6.92407 6.92407 2 1 0
19.5053 6.9319 6.9319 2 1 0
19.511 6.93973 6.93973 2 1 0
19.5167 6.94755 6.94755 2 1 0
19.5223 6.95539 6.95539 2 1 0
19.528 6.96322 6.96322 2 1 0
19.5336 6.97105 6.97105 2 1 0
19.5392 6.97889 6.97889 2 1 0
19.5448 6.98672 6.98672 2 1 0
19.5504 6.99456 6.99456 2 1 0
19.556 7.0024 7.0024 2 1 0
19.5616 7.01024 7.01024 2 1 0
19.5672 7.01809 7.01809 2 1 0
19.5727 7.02593 7.02593 2 1 0
19.5783 7.03378 7.03378 2 1 0
19.5838 7.04162 7.04162 2 1 0
19.5893 7.04947 7.04947 2 1 0
19.5948 7.05732 7.05732 2 1 0
19.6003 7.06517 7.06517 2 1 0
19.6058 7.07302 7.07302 2 1 0
19.6113 7.08088 7.08088 2 1 0
19.6167 7.08873 7.08873 2 1 0
19.6222 7.09659 7.09659 2 1 0
19.6276 7.10445 7.10445 2 1 0
19.633 7.11231 7.11231 2 1 0
19.6384 7.12017 7.12017 2 1 0
19.6438 7.12803 7.12803 2 1 0
19.6492 7.13589 7.13589 2 1 0
19.6546 7.14376 7.14376 2 1 0
19.6599 7.15163 7.15163 2 1 0
19.6653 7.15949 7.15949 2 1 0
19.6706 7.16736 7.16736 2 1 0
19.6759 7.17523 7.17523 2 1 0
19.6813 7.1831 7.1831 2 1 0
19.6866 7.19098 7.19098 2 1 0
19.6919 7.19885 7.19885 2 1 0
19.6971 7.20672 7.20672 2 1 0
19.7024 7.2146 7.2146 2 1 0
19.7077 7.22248 7.22248 2 1 0
19.7129 7.23036 7.23036 2 1 0
19.7181 7.23824 7.23824 2 1 0
19.7234 7.24612 7.24612 2 1 0
19.7286 7.254 7.254 2 1 0
19.7338 7.26189 7.26189 2 1 0
19.739 7.26977 7.26977 2 1 0
19.7441 7.27766 7.27766 2 1 0
19.7493 7.28555 7.28555 2 1 0
19.7545 7.29344 7.29344 2 1 0
19.7596 7.30133 7.30133 2 1 0
19.7647 7.30922 7.30922 2 1 0
19.7698 7.31711 7.31711 2 1 0
19.775 7.32501 7.32501 2 1 0
19.78 7.3329 7.3329 2 1 0
19.7851 7.3408 7.3408 2 1 0
19.7902 7.3487 7.3487 2 1 0
19.7953 7.3566 7.3566 2 1 0
19.8003 7.3645 7.3645 2 1 0
19.8054 7.3724 7.3724 2 1 0
19.8104 7.3803 7.3803 2 1 0
19.8154 7.3882 7.3882 2 1 0
19.8204 7.39611 7.39611 2 1 0
19.8254 7.40402 7.40402 2 1 0
19.8304 7.41192 7.41192 2 1 0
19.8354 7.41983 7.41983 2 1 0
19.8403 7.42774 7.42774 2 1 0
19.8453 7.43565 7.43565 2 1 0
19.8502 7.44356 7.44356 2 1 0
19.8552 7.45148 7.45148 2 1 0
19.8601 7.45939 7.45939 2 1 0
19.865 7.46731 7.46731 2 1 0
19.8699 7.47522 7.47522 2 1 0
19.8748 7.48314 7.48314 2 1 0
19.8796 7.49106 7.49106 2 1 0
19.8845 7.49898 7.49898 2 1 0
19.8894 7.5069 7.5069 2 1 0
19.8942 7.51482 7.51482 2 1 0
19.899 7.52274 7.52274 2 1 0
19.9038 7.53067 7.53067 2 1 0
19.9087 7.53859 7.53859 2 1 0
19.9135 7.54652 7.54652 2 1 0
19.9182 7.55445 7.55445 2 1 0
19.923 7.56238 7.56238 2 1 0
19.9278 7.57031 7.57031 2 1 0
19.9325 7.57824 7.57824 2 1 0
19.9373 7.58617 7.58617 2 1 0
19.942 7.5941 7.5941 2 1 0
19.9468 7.60204 7.60204 2 1 0
19.9515 7.60997 7.60997 2 1 0
19.9562 7.61791 7.61791 2 1 0
19.9609 7.62584 7.62584 2 1 0
19.9655 7.63378 7.63378 2 1 0
19.9702 7.64172 7.64172 2 1 0
19.9749 7.64966 7.64966 2 1 0
19.9795 7.6576 7.6576 2 1 0
19.9842 7.66554 7.66554 2 1 0
19.9888 7.67349 7.67349 2 1 0
19.9934 7.68143 7.68143 2 1 0
19.998 7.68938 7.68938 2 1 0
20.0026 7.69732 7.69732 2 1 0
20.0072 7.70527 7.70527 2 1 0
20.0118 7.71322 7.71322 2 1 0
20.0164 7.72117 7.72117 2 1 0
20.0209 7.72912 7.72912 2 1 0
20.0255 7.73707 7.73707 2 1 0
20.03 7.74502 7.74502 2 1 0
20.0345 7.75297 7.75297 2 1 0
20.039 7.76093 7.76093 2 1 0
20.0435 7.76888 7.76888 2 1 0
20.048 7.77684 7.77684 2 1 0
20.0525 7.7848 7.7848 2 1 0
20.057 7.79275 7.79275 2 1 0
20.0615 7.80071 7.80071 2 1 0
20.0659 7.80867 7.80867 2 1 0
20.0704 7.81663 7.81663 2 1 0
20.0748 7.8246 7.8246 2 1 0
20.0792 7.83256 7.83256 2 1 0
20.0836 7.84052 7.84052 2 1 0
20.088 7.84849 7.84849 2 1 0
20.0924 7.85645 7.85645 2 1 0
20.0968 7.86442 7.86442 2 1 0
20.1012 7.87239 7.87239 2 1 0
20.1056 7.88035 7.88035 2 1 0
20.1099 7.88832 7.88832 2 1 0
20.1143 7.89629 7.89629 2 1 0
20.1186 7.90426 7.90426 2 1 0
20.1229 7.91224 7.91224 2 1 0
20.1272 7.92021 7.92021 2 1 0
20.1315 7.92818 7.92818 2 1 0
20.1358 7.93616 7.93616 2 1 0
20.1401 7.94413 7.94413 2 1 0
20.1444 7.95211 7.95211 2 1 0
20.1487 7.96009 7.96009 2 1 0
20.1529 7.96806 7.96806 2 1 0
20.1572 7.97604 7.97604 2 1 0
20.1614 7.98402 7.98402 2 1 0
20.1656 7.992 7.992 2 1 0
20.1698 7.99998 7.99998 2 1 0
20.1741 8.00797 8.00797 2 1 0
20.1783 8.01595 8.01595 2 1 0
20.1824 8.02393 8.02393 2 1 0
20.1866 8.03192 8.03192 2 1 0
20.1908 8.0399 8.0399 2 1 0
20.195 8.04789 8.04789 2 1 0
20.1991 8.05588 8.05588 2 1 0
20.2032 8.06386 8.06386 2 1 0
20.2074 8.07185 8.07185 2 1 0
20.2115 8.07984 8.07984 2 1 0
20.2156 8.08783 8.08783 2 1 0
20.2197 8.09582 8.09582 2 1 0
20.2238 8.10382 8.10382 2 1 0
20.2279 8.11181 8.11181 2 1 0
20.232 8.1198 8.1198 2 1 0
20.236 8.1278 8.1278 2 1 0
20.2401 8.13579 8.13579 2 1 0
20.2441 8.14379 8.14379 2 1 0
20.2482 8.15179 8.15179 2 1 0
20.2522 8.15978 8.15978 2 1 0
20.2562 8.16778 8.16778 2 1 0
20.2602 8.17578 8.17578 2 1 0
20.2642 8.18378 8.18378 2 1 0
20.2682 8.19178 8.19178 2 1 0
20.2722 8.19978 8.19978 2 1 0
20.2762 8.20779 8.20779 2 1 0
20.2801 8.21579 8.21579 2 1 0
20.2841 8.22379 8.22379 2 1 0
20.288 8.2318 8.2318 2 1 0
20.292 8.2398 8.2398 2 1 0
20.2959 8.24781 8.24781 2 1 0
20.2998 8.25581 8.25581 2 1 0
20.3037 8.26382 8.26382 2 1 0
20.3076 8.27183 8.27183 2 1 0
20.3115 8.27984 8.27984 2 1 0
20.3154 8.28785 8.28785 2 1 0
20.3193 8.29586 8.29586 2 1 0
20.3231 8.30387 8.30387 2 1 0
20.327 8.31188 8.31188 2 1 0
20.3308 8.31989 8.31989 2 1 0
20.3347 8.32791 8.32791 2 1 0
20.3385 8.33592 8.33592 2 1 0
20.3423 8.34394 8.34394 2 1 0
20.3461 8.35195 8.35195 2 1 0
20.3499 8.35997 8.35997 2 1 0
20.3537 8.36798 8.36798 2 1 0
20.3575 8.376 8.376 2 1 0
20.3613 8.38402 8.38402 2 1 0
20.3651 8.39204 8.39204 2 1 0
20.3688 8.40006 8.40006 2 1 0
20.3726 8.40808 8.40808 2 1 0
20.3763 8.4161 8.4161 2 1 0
20.3801 8.42412 8.42412 2 1 0
20.3838 8.43214 8.43214 2 1 0
20.3875 8.44017 8.44017 2 1 0
20.3912 8.44819 8.44819 2 1 0
20.3949 8.45621 8.45621 2 1 0
20.3986 8.46424 8.46424 2 1 0
20.4023 8.47226 8.47226 2 1 0
20.4059 8.48029 8.48029 2 1 0
20.4096 8.48832 8.48832 2 1 0
20.4133 8.49634 8.49634 2 1 0
20.4169 8.50437 8.50437 2 1 0
20.4205 8.5124 8.5124 2 1 0
20.4242 8.52043 8.52043 2 1 0
20.4278 8.52846 8.52846 2 1 0
20.4314 8.53649 8.53649 2 1 0
20.435 8.54452 8.54452 2 1 0
20.4386 8.55255 8.55255 2 1 0
20.4422 8.56059 8.56059 2 1 0
20.4458 8.56862 8.56862 2 1 0
20.4493 8.57665 8.57665 2 1 0
20.4529 8.58469 8.58469 2 1 0
20.4565 8.59272 8.59272 2 1 0
20.46 8.60076 8.60076 2 1 0
20.4635 8.60879 8.60879 2 1 0
20.4671 8.61683 8.61683 2 1 0
20.4706 8.62487 8.62487 2 1 0
20.4741 8.63291 8.63291 2 1 0
20.4776 8.64095 8.64095 2 1 0
20.4811 8.64898 8.64898 2 1 0
20.4846 8.65702 8.65702 2 1 0
20.4881 8.66507 8.66507 2 1 0
20.4916 8.67311 8.67311 2 1 0
20.495 8.68115 8.68115 2 1 0
20.4985 8.68919 8.68919 2 1 0
20.5019 8.69723 8.69723 2 1 0
20.5054 8.70528 8.70528 2 1 0
20.5088 8.71332 8.71332 2 1 0
20.5122 8.72136 8.72136 2 1 0
20.5156 8.72941 8.72941 2 1 0
20.519 8.73745 8.73745 2 1 0
20.5224 8.7455 8.7455 2 1 0
20.5258 8.75355 8.75355 2 1 0
20.5292 8.76159 8.76159 2 1 0
20.5326 8.76964 8.76964 2 1 0
20.536 8.77769 8.77769 2 1 0
20.5393 8.78574 8.78574 2 1 0
20.5427 8.79379 8.79379 2 1 0
20.546 8.80184 8.80184 2 1 0
20.5494 8.80989 8.80989 2 1 0
20.5527 8.81794 8.81794 2 1 0
20.556 8.82599 8.82599 2 1 0
20.5593 8.83404 8.83404 2 1 0
20.5626 8.8421 8.8421 2 1 0
20.5659 8.85015 8.85015 2 1 0
20.5692 8.8582 8.8582 2 1 0
20.5725 8.86626 8.86626 2 1 0
20.5758 8.87431 8.87431 2 1 0
20.579 8.88237 8.88237 2 1 0
20.5823 8.89042 8.89042 2 1 0
20.5855 8.89848 8.89848 2 1 0
20.5888 8.90654 8.90654 2 1 0
20.592 8.9146 8.9146 2 1 0
20.5953 8.92265 8.92265 2 1 0
20.5985 8.93071 8.93071 2 1 0
20.6017 8.93877 8.93877 2 1 0
20.6049 8.94683 8.94683 2 1 0
20.6081 8.95489 8.95489 2 1 0
20.6113 8.96295 8.96295 2 1 0
20.6145 8.97101 8.97101 2 1 0
20.6176 8.97907 8.97907 2 1 0
20.6208 8.98713 8.98713 2 1 0
20.624 8.9952 8.9952 2 1 0
20.6271 9.00326 9.00326 2 1 0
20.6303 9.01132 9.01132 2 1 0
20.6334 9.01939 9.01939 2 1 0
20.6365 9.02745 9.02745 2 1 0
20.6397 9.03552 9.03552 2 1 0
20.6428 9.04358 9.04358 2 1 0
20.6459 9.05165 9.05165 2 1 0
20.649 9.05971 9.05971 2 1 0
20.6521 9.06778 9.06778 2 1 0
20.6552 9.07585 9.07585 2 1 0
20.6583 9.08391 9.08391 2 1 0
20.6613 9.09198 9.09198 2 1 0
20.6644 9.10005 9.10005 2 1 0
20.6674 9.10812 9.10812 2 1 0
20.6705 9.11619 9.11619 2 1 0
20.6735 9.12426 9.12426 2 1 0
20.6766 9.13233 9.13233 2 1 0
20.6796 9.1404 9.1404 2 1 0
20.6826 9.14847 9.14847 2 1 0
20.6856 9.15654 9.15654 2 1 0
20.6887 9.16461 9.16461 2 1 0
20.6917 9.17269 9.17269 2 1 0
20.6946 9.18076 9.18076 2 1 0
20.6976 9.18883 9.18883 2 1 0
20.7006 9.19691 9.19691 2 1 0
20.7036 9.20498 9.20498 2 1 0
20.7066 9.21306 9.21306 2 1 0
20.7095 9.22113 9.22113 2 1 0
20.7125 9.22921 9.22921 2 1 0
20.7154 9.23728 9.23728 2 1 0
20.7183 9.24536 9.24536 2 1 0
20.7213 9.25344 9.25344 2 1 0
20.7242 9.26151 9.26151 2 1 0
20.7271 9.26959 9.26959 2 1 0
20.73 9.27767 9.27767 2 1 0
20.7329 9.28575 9.28575 2 1 0
20.7358 9.29383 9.29383 2 1 0
20.7387 9.30191 9.30191 2 1 0
20.7416 9.30999 9.30999 2 1 0
20.7445 9.31807 9.31807 2 1 0
20.7473 9.32615 9.32615 2 1 0
20.7502 9.33423 9.33423 2 1 0
20.7531 9.34231 9.34231 2 1 0
20.7559 9.35039 9.35039 2 1 0
20.7587 9.35847 9.35847 2 1 0
20.7616 9.36656 9.36656 2 1 0
20.7644 9.37464 9.37464 2 1 0
20.7672 9.38272 9.38272 2 1 0
20.77 9.39081 9.39081 2 1 0
20.7728 9.39889 9.39889 2 1 0
20.7757 9.40697 9.40697 2 1 0
20.7784 9.41506 9.41506 2 1 0
20.7812 9.42314 9.42314 2 1 0
20.784 9.43123 9.43123 2 1 0
20.7868 9.43932 9.43932 2 1 0
20.7896 9.4474 9.4474 2 1 0
20.7923 9.45549 9.45549 2 1 0
20.7951 9.46358 9.46358 2 1 0
20.7978 9.47166 9.47166 2 1 0
20.8006 9.47975 9.47975 2 1 0
20.8033 9.48784 9.48784 2 1 0
20.806 9.49593 9.49593 2 1 0
20.8088 9.50402 9.50402 2 1 0
20.8115 9.51211 9.51211 2 1 0
20.8142 9.5202 9.5202 2 1 0
20.8169 9.52829 9.52829 2 1 0
20.8196 9.53638 9.53638 2 1 0
20.8223 9.54447 9.54447 2 1 0
20.8249 9.55256 9.55256 2 1 0
20.8276 9.56065 9.56065 2 1 0
20.8303 9.56874 9.56874 2 1 0
20.833 9.57683 9.57683 2 1 0
20.8356 9.58493 9.58493 2 1 0
20.8383 9.59302 9.59302 2 1 0
20.8409 9.60111 9.60111 2 1 0
20.8436 9.60921 9.60921 2 1 0
20.8462 9.6173 9.6173 2 1 0
20.8488 9.62539 9.62539 2 1 0
20.8514 9.63349 9.63349 2 1 0
20.8541 9.64158 9.64158 2 1 0
20.8567 9.64968 9.64968 2 1 0
20.8593 9.65777 9.65777 2 1 0
20.8619 9.66587 9.66587 2 1 0
20.8644 9.67397 9.67397 2 1 0
20.867 9.68206 9.68206 2 1 0
20.8696 9.69016 9.69016 2 1 0
20.8722 9.69826 9.69826 2 1 0
20.8747 9.70636 9.70636 2 1 0
20.8773 9.71445 9.71445 2 1 0
20.8799 9.72255 9.72255 2 1 0
20.8824 9.73065 9.73065 2 1 0
20.8849 9.73875 9.73875 2 1 0
20.8875 9.74685 9.74685 2 1 0
20.89 9.75495 9.75495 2 1 0
20.8925 9.76305 9.76305 2 1 0
20.895 9.77115 9.77115 2 1 0
20.8976 9.77925 9.77925 2 1 0
20.9001 9.78735 9.78735 2 1 0
20.9026 9.79545 9.79545 2 1 0
20.905 9.80355 9.80355 2 1 0
20.9075 9.81165 9.81165 2 1 0
20.91 9.81975 9.81975 2 1 0
20.9125 9.82786 9.82786 2 1 0
20.915 9.83596 9.83596 2 1 0
20.9174 9.84406 9.84406 2 1 0
20.9199 9.85216 9.85216 2 1 0
20.9223 9.86027 9.86027 2 1 0
20.9248 9.86837 9.86837 2 1 0
20.9272 9.87648 9.87648 2 1 0
20.9296 9.88458 9.88458 2 1 0
20.9321 9.89269 9.89269 2 1 0
20.9345 9.90079 9.90079 2 1 0
20.9369 9.9089 9.9089 2 1 0
20.9393 9.917 9.917 2 1 0
20.9417 9.92511 9.92511 2 1 0
20.9441 9.93321 9.93321 2 1 0
20.9465 9.94132 9.94132 2 1 0
20.9489 9.94943 9.94943 2 1 0
20.9513 9.95753 9.95753 2 1 0
20.9537 9.96564 9.96564 2 1 0
20.956 9.97375 9.97375 2 1 0
20.9584 9.98185 9.98185 2 1 0
20.9607 9.98996 9.98996 2 1 0
20.9631 9.99807 9.99807 2 1 0
20.9654 10.0062 10.0062 2 1 0
20.9678 10.0143 10.0143 2 1 0
20.9701 10.0224 10.0224 2 1 0
20.9725 10.0305 10.0305 2 1 0
20.9748 10.0386 10.0386 2 1 0
20.9771 10.0467 10.0467 2 1 0
20.9794 10.0548 10.0548 2 1 0
20.9817 10.0629 10.0629 2 1 0
20.984 10.0711 10.0711 2 1 0
20.9863 10.0792 10.0792 2 1 0
20.9886 10.0873 10.0873 2 1 0
20.9909 10.0954 10.0954 2 1 0
20.9932 10.1035 10.1035 2 1 0
20.9955 10.1116 10.1116 2 1 0
20.9977 10.1197 10.1197 2 1 0
21 10.1278 10.1278 2 1 0
21.0022 10.136 10.136 2 1 0
21.0045 10.1441 10.1441 2 1 0
21.0068 10.1522 10.1522 2 1 0
21.009 10.1603 10.1603 2 1 0
21.0112 10.1684 10.1684 2 1 0
21.0135 10.1765 10.1765 2 1 0
21.0157 10.1846 10.1846 2 1 0
21.0179 10.1927 10.1927 2 1 0
21.0201 10.2009 10.2009 2 1 0
21.0223 10.209 10.209 2 1 0
21.0245 10.2171 10.2171 2 1 0
21.0267 10.2252 10.2252 2 1 0
21.0289 10.2333 10.2333 2 1 0
21.0311 10.2414 10.2414 2 1 0
21.0333 10.2496 10.2496 2 1 0
21.0355 10.2577 10.2577 2 1 0
21.0377 10.2658 10.2658 2 1 0
21.0398 10.2739 10.2739 2 1 0
21.042 10.282 10.282 2 1 0
21.0442 10.2901 10.2901 2 1 0
21.0463 10.2983 10.2983 2 1 0
21.0485 10.3064 10.3064 2 1 0
21.0488 10.3078 10.3078 2 1 0
21.051 10.3159 10.3159 2 1 0
21.0531 10.3241 10.3241 2 1 0
21.0552 10.3322 10.3322 2 1 0
21.0574 10.3403 10.3403 2 1 0
21.0595 10.3484 10.3484 2 1 0
21.0616 10.3565 10.3565 2 1 0
21.0637 10.3647 10.3647 2 1 0
21.0658 10.3728 10.3728 2 1 0
21.0679 10.3809 10.3809 2 1 0
21.07 10.389 10.389 2 1 0
21.0721 10.3971 10.3971 2 1 0
21.0742 10.4053 10.4053 2 1 0
21.0763 10.4134 10.4134 2 1 0
21.0784 10.4215 10.4215 2 1 0
21.0804 10.4296 10.4296 2 1 0
21.0825 10.4377 10.4377 2 1 0
21.0845 10.4459 10.4459 2 1 0
21.0866 10.454 10.454 2 1 0
21.0887 10.4621 10.4621 2 1 0
21.0907 10.4702 10.4702 2 1 0
21.0927 10.4784 10.4784 2 1 0
21.0948 10.4865 10.4865 2 1 0
19.3046 6.66667 6.66667 2 2 0
19.3046 6.67483 6.67483 2 2 0
19.3046 6.68301 6.68301 1 2 0
19.3046 6.69119 6.69119 1 2 0
19.3046 6.69938 6.69938 1 2 0
19.3046 6.70757 6.70757 1 2 0
19.3046 6.71578 6.71578 1 2 0
19.3047 6.72398 6.72398 1 2 0
19.3047 6.7322 6.7322 1 2 0
19.3048 6.74042 6.74042 1 2 0
19.3048 6.74865 6.74865 1 2 0
19.3049 6.75688 6.75688 1 2 0
19.3049 6.76512 6.76512 1 2 0
19.305 6.77337 6.77337 1 2 0
19.3051 6.78163 6.78163 1 2 0
19.3051 6.78989 6.78989 1 2 0
19.3052 6.79816 6.79816 1 2 0
19.3053 6.80643 6.80643 1 2 0
19.3054 6.81471 6.81471 1 2 0
19.3055 6.823 6.823 1 2 0
19.3056 6.83129 6.83129 1 2 0
19.3057 6.83959 6.83959 1 2 0
19.3058 6.8479 6.8479 1 2 0
19.3059 6.85621 6.85621 1 2 0
19.3061 6.86453 6.86453 1 2 0
19.3062 6.87286 6.87286 1 2 0
19.3063 6.88119 6.88119 1 2 0
19.3065 6.88953 6.88953 1 2 0
19.3066 6.89788 6.89788 1 2 0
19.3068 6.90623 6.90623 1 2 0
19.3069 6.91459 6.91459 1 2 0
19.3071 6.92295 6.92295 1 2 0
19.3072 6.93133 6.93133 1 2 0
19.3074 6.9397 6.9397 1 2 0
19.3076 6.94809 6.94809 1 2 0
19.3078 6.95648 6.95648 1 2 0
19.308 6.96488 6.96488 1 2 0
19.3081 6.97328 6.97328 1 2 0
19.3083 6.98169 6.98169 1 2 0
19.3085 6.99011 6.99011 1 2 0
19.3087 6.99853 6.99853 1 2 0
19.309 7.00696 7.00696 1 2 0
19.3092 7.0154 7.0154 1 2 0
19.3094 7.02384 7.02384 1 2 0
19.3096 7.03229 7.03229 1 2 0
19.3099 7.04074 7.04074 1 2 0
19.3101 7.04921 7.04921 1 2 0
19.3103 7.05767 7.05767 1 2 0
19.3106 7.06615 7.06615 1 2 0
19.3108 7.07463 7.07463 1 2 0
19.3111 7.08312 7.08312 1 2 0
19.3114 7.09161 7.09161 1 2 0
19.3116 7.10011 7.10011 1 2 0
19.3119 7.10862 7.10862 1 2 0
19.3122 7.11713 7.11713 1 2 0
19.3125 7.12565 7.12565 1 2 0
19.3128 7.13417 7.13417 1 2 0
19.3131 7.1427 7.1427 1 2 0
19.3134 7.15124 7.15124 1 2 0
19.3137 7.15978 7.15978 1 2 0
19.314 7.16833 7.16833 1 2 0
19.3143 7.17689 7.17689 1 2 0
19.3146 7.18545 7.18545 1 2 0
19.3149 7.19402 7.19402 1 2 0
19.3153 7.2026 7.2026 1 2 0
19.3156 7.21118 7.21118 1 2 0
19.3159 7.21977 7.21977 1 2 0
19.3163 7.22836 7.22836 1 2 0
19.3166 7.23696 7.23696 1 2 0
19.317 7.24557 7.24557 1 2 0
19.3174 7.25418 7.25418 1 2 0
19.3177 7.2628 7.2628 1 2 0
19.3181 7.27142 7.27142 1 2 0
19.3185 7.28005 7.28005 1 2 0
19.3189 7.28869 7.28869 1 2 0
19.3192 7.29733 7.29733 1 2 0
19.3196 7.30598 7.30598 1 2 0
19.32 7.31464 7.31464 1 2 0
19.3204 7.3233 7.3233 1 2 0
19.3208 7.33197 7.33197 1 2 0
19.3213 7.34064 7.34064 1 2 0
19.3217 7.34932 7.34932 1 2 0
19.3221 7.35801 7.35801 1 2 0
19.3225 7.3667 7.3667 1 2 0
19.323 7.3754 7.3754 1 2 0
19.3234 7.3841 7.3841 1 2 0
19.3238 7.39281 7.39281 1 2 0
19.3243 7.40153 7.40153 1 2 0
19.3247 7.41025 7.41025 1 2 0
19.3252 7.41898 7.41898 1 2 0
19.3257 7.42771 7.42771 1 2 0
19.3261 7.43645 7.43645 1 2 0
19.3266 7.4452 7.4452 1 2 0
19.3271 7.45395 7.45395 1 2 0
19.3276 7.46271 7.46271 1 2 0
19.3281 7.47148 7.47148 1 2 0
19.3286 7.48025 7.48025 1 2 0
19.3291 7.48902 7.48902 1 2 0
19.3296 7.49781 7.49781 1 2 0
19.3301 7.5066 7.5066 1 2 0
19.3306 7.51539 7.51539 1 2 0
19.3311 7.52419 7.52419 1 2 0
19.3316 7.533 7.533 1 2 0
19.3322 7.54181 7.54181 1 2 0
19.3327 7.55063 7.55063 1 2 0
19.3332 7.55945 7.55945 1 2 0
19.3338 7.56828 7.56828 1 2 0
19.3343 7.57712 7.57712 1 2 0
19.3349 7.58596 7.58596 1 2 0
19.3354 7.59481 7.59481 1 2 0
19.336 7.60366 7.60366 1 2 0
19.3366 7.61252 7.61252 1 2 0
19.3371 7.62139 7.62139 1 2 0
19.3377 7.63026 7.63026 1 2 0
19.3383 7.63913 7.63913 1 2 0
19.3389 7.64802 7.64802 1 2 0
19.3395 7.65691 7.65691 1 2 0
19.3401 7.6658 7.6658 1 2 0
19.3407 7.6747 7.6747 1 2 0
19.3413 7.68361 7.68361 1 2 0
19.3419 7.69252 7.69252 1 2 0
19.3425 7.70144 7.70144 1 2 0
19.3431 7.71036 7.71036 1 2 0
19.3438 7.71929 7.71929 1 2 0
19.3444 7.72822 7.72822 1 2 0
19.345 7.73716 7.73716 1 2 0
19.3457 7.74611 7.74611 1 2 0
19.3463 7.75506 7.75506 1 2 0
19.347 7.76402 7.76402 1 2 0
19.3476 7.77298 7.77298 1 2 0
19.3483 7.78195 7.78195 1 2 0
19.349 7.79093 7.79093 1 2 0
19.3496 7.79991 7.79991 1 2 0
19.3503 7.8089 7.8089 1 2 0
19.351 7.81789 7.81789 1 2 0
19.3517 7.82688 7.82688 1 2 0
19.3524 7.83589 7.83589 1 2 0
19.353 7.8449 7.8449 1 2 0
19.3537 7.85391 7.85391 1 2 0
19.3545 7.86293 7.86293 1 2 0
19.3552 7.87196 7.87196 1 2 0
19.3559 7.88099 7.88099 1 2 0
19.3566 7.89003 7.89003 1 2 0
19.3573 7.89907 7.89907 1 2 0
19.358 7.90812 7.90812 1 2 0
19.3588 7.91717 7.91717 1 2 0
19.3595 7.92623 7.92623 1 2 0
19.3603 7.9353 7.9353 1 2 0
19.361 7.94437 7.94437 1 2 0
19.3618 7.95344 7.95344 1 2 0
19.3625 7.96252 7.96252 1 2 0
19.3633 7.97161 7.97161 1 2 0
19.364 7.9807 7.9807 1 2 0
19.3648 7.9898 7.9898 1 2 0
19.3656 7.9989 7.9989 1 2 0
19.3664 8.00801 8.00801 1 2 0
19.3671 8.01713 8.01713 1 2 0
19.3679 8.02625 8.02625 1 2 0
19.3687 8.03537 8.03537 1 2 0
19.3695 8.0445 8.0445 1 2 0
19.3703 8.05364 8.05364 1 2 0
19.3711 8.06278 8.06278 1 2 0
19.3719 8.07193 8.07193 1 2 0
19.3728 8.08108 8.08108 1 2 0
19.3736 8.09024 8.09024 1 2 0
19.3744 8.0994 8.0994 1 2 0
19.3752 8.10857 8.10857 1 2 0
19.3761 8.11775 8.11775 1 2 0
19.3769 8.12693 8.12693 1 2 0
19.3778 8.13611 8.13611 1 2 0
19.3786 8.1453 8.1453 1 2 0
19.3795 8.1545 8.1545 1 2 0
19.3803 8.1637 8.1637 1 2 0
19.3812 8.17291 8.17291 1 2 0
19.382 8.18212 8.18212 1 2 0
19.3829 8.19133 8.19133 1 2 0
19.3838 8.20056 8.20056 1 2 0
19.3847 8.20978 8.20978 1 2 0
19.3856 8.21902 8.21902 1 2 0
19.3864 8.22825 8.22825 1 2 0
19.3873 8.2375 8.2375 1 2 0
19.3882 8.24675 8.24675 1 2 0
19.3891 8.256 8.256 1 2 0
19.39 8.26526 8.26526 1 2 0
19.391 8.27452 8.27452 1 2 0
19.3919 8.28379 8.28379 1 2 0
19.3928 8.29307 8.29307 1 2 0
19.3937 8.30235 8.30235 1 2 0
19.3946 8.31163 8.31163 1 2 0
19.3956 8.32092 8.32092 1 2 0
19.3965 8.33022 8.33022 1 2 0
19.3975 8.33952 8.33952 1 2 0
19.3984 8.34883 8.34883 1 2 0
19.3993 8.35814 8.35814 1 2 0
19.4003 8.36745 8.36745 1 2 0
19.4013 8.37677 8.37677 1 2 0
19.4022 8.3861 8.3861 1 2 0
19.4032 8.39543 8.39543 1 2 0
19.4042 8.40477 8.40477 1 2 0
19.4051 8.41411 8.41411 1 2 0
19.4061 8.42346 8.42346 1 2 0
19.4071 8.43281 8.43281 1 2 0
19.4081 8.44217 8.44217 1 2 0
19.4091 8.45153 8.45153 1 2 0
19.4101 8.4609 8.4609 1 2 0
19.4111 8.47027 8.47027 1 2 0
19.4121 8.47964 8.47964 1 2 0
19.4131 8.48903 8.48903 1 2 0
19.4141 8.49841 8.49841 1 2 0
19.4151 8.50781 8.50781 1 2 0
19.4162 8.5172 8.5172 1 2 0
19.4172 8.52661 8.52661 1 2 0
19.4182 8.53601 8.53601 1 2 0
19.4193 8.54542 8.54542 1 2 0
19.4203 8.55484 8.55484 1 2 0
19.4213 8.56426 8.56426 1 2 0
19.4224 8.57369 8.57369 1 2 0
19.4234 8.58312 8.58312 1 2 0
19.4245 8.59256 8.59256 1 2 0
19.4256 8.602 8.602 1 2 0
19.4266 8.61145 8.61145 1 2 0
19.4277 8.6209 8.6209 1 2 0
19.4288 8.63036 8.63036 1 2 0
19.4298 8.63982 8.63982 1 2 0
19.4309 8.64928 8.64928 1 2 0
19.432 8.65875 8.65875 1 2 0
19.4331 8.66823 8.66823 1 2 0
19.4342 8.67771 8.67771 1 2 0
19.4353 8.6872 8.6872 1 2 0
19.4364 8.69669 8.69669 1 2 0
19.4375 8.70618 8.70618 1 2 0
19.4386 8.71568 8.71568 1 2 0
19.4397 8.72519 8.72519 1 2 0
19.4408 8.7347 8.7347 1 2 0
19.4419 8.74421 8.74421 1 2 0
19.4431 8.75373 8.75373 1 2 0
19.4442 8.76325 8.76325 1 2 0
19.4453 8.77278 8.77278 1 2 0
19.4465 8.78231 8.78231 1 2 0
19.4476 8.79185 8.79185 1 2 0
19.4488 8.8014 8.8014 1 2 0
19.4499 8.81094 8.81094 1 2 0
19.4511 8.8205 8.8205 1 2 0
19.4522 8.83005 8.83005 1 2 0
19.4534 8.83961 8.83961 1 2 0
19.4545 8.84918 8.84918 1 2 0
19.4557 8.85875 8.85875 1 2 0
19.4569 8.86833 8.86833 1 2 0
19.458 8.87791 8.87791 1 2 0
19.4592 8.88749 8.88749 1 2 0
19.4604 8.89708 8.89708 1 2 0
19.4616 8.90668 8.90668 1 2 0
19.4628 8.91627 8.91627 1 2 0
19.464 8.92588 8.92588 1 2 0
19.4652 8.93549 8.93549 1 2 0
19.4664 8.9451 8.9451 1 2 0
19.4676 8.95472 8.95472 1 2 0
19.4688 8.96434 8.96434 1 2 0
19.47 8.97396 8.97396 1 2 0
19.4712 8.98359 8.98359 1 2 0
19.4724 8.99323 8.99323 1 2 0
19.4737 9.00287 9.00287 1 2 0
19.4749 9.01251 9.01251 1 2 0
19.4761 9.02216 9.02216 1 2 0
19.4774 9.03182 9.03182 1 2 0
19.4786 9.04148 9.04148 1 2 0
19.4798 9.05114 9.05114 1 2 0
19.4811 9.0608 9.0608 1 2 0
19.4823 9.07048 9.07048 1 2 0
19.4836 9.08015 9.08015 1 2 0
19.4849 9.08983 9.08983 1 2 0
19.4861 9.09952 9.09952 1 2 0
19.4874 9.10921 9.10921 1 2 0
19.4886 9.1189 9.1189 1 2 0
19.4899 9.1286 9.1286 1 2 0
19.4912 9.1383 9.1383 1 2 0
19.4925 9.14801 9.14801 1 2 0
19.4938 9.15772 9.15772 1 2 0
19.495 9.16744 9.16744 1 2 0
19.4963 9.17716 9.17716 1 2 0
19.4976 9.18688 9.18688 1 2 0
19.4989 9.19661 9.19661 1 2 0
19.5002 9.20634 9.20634 1 2 0
19.5015 9.21608 9.21608 1 2 0
19.5028 9.22582 9.22582 1 2 0
19.5041 9.23557 9.23557 1 2 0
19.5054 9.24532 9.24532 1 2 0
19.5068 9.25507 9.25507 1 2 0
19.5081 9.26483 9.26483 1 2 0
19.5094 9.27459 9.27459 1 2 0
19.5107 9.28436 9.28436 1 2 0
19.5121 9.29413 9.29413 1 2 0
19.5134 9.30391 9.30391 1 2 0
19.5147 9.31369 9.31369 1 2 0
19.5161 9.32348 9.32348 1 2 0
19.5174 9.33326 9.33326 1 2 0
19.5188 9.34306 9.34306 1 2 0
19.5201 9.35286 9.35286 1 2 0
19.5215 9.36266 9.36266 1 2 0
19.5228 9.37246 9.37246 1 2 0
19.5242 9.38227 9.38227 1 2 0
19.5256 9.39209 9.39209 1 2 0
19.5269 9.40191 9.40191 1 2 0
19.5283 9.41173 9.41173 1 2 0
19.5297 9.42155 9.42155 1 2 0
19.531 9.43139 9.43139 1 2 0
19.5324 9.44122 9.44122 1 2 0
19.5338 9.45106 9.45106 1 2 0
19.5352 9.4609 9.4609 1 2 0
19.5366 9.47075 9.47075 1 2 0
19.538 9.4806 9.4806 1 2 0
19.5394 9.49046 9.49046 1 2 0
19.5408 9.50032 9.50032 1 2 0
19.5422 9.51018 9.51018 1 2 0
19.5436 9.52005 9.52005 1 2 0
19.545 9.52992 9.52992 1 2 0
19.5464 9.5398 9.5398 1 2 0
19.5478 9.54968 9.54968 1 2 0
19.5492 9.55956 9.55956 1 2 0
19.5506 9.56945 9.56945 1 2 0
19.5521 9.57934 9.57934 1 2 0
19.5535 9.58924 9.58924 1 2 0
19.5549 9.59914 9.59914 1 2 0
19.5564 9.60904 9.60904 1 2 0
19.5578 9.61895 9.61895 1 2 0
19.5592 9.62886 9.62886 1 2 0
19.5607 9.63878 9.63878 1 2 0
19.5621 9.6487 9.6487 1 2 0
19.5636 9.65862 9.65862 1 2 0
19.565 9.66855 9.66855 1 2 0
19.5665 9.67848 9.67848 1 2 0
19.5679 9.68841 9.68841 1 2 0
19.5694 9.69835 9.69835 1 2 0
19.5709 9.7083 9.7083 1 2 0
19.5723 9.71825 9.71825 1 2 0
19.5738 9.7282 9.7282 1 2 0
19.5753 9.73815 9.73815 1 2 0
19.5767 9.74811 9.74811 1 2 0
19.5782 9.75807 9.75807 1 2 0
19.5797 9.76804 9.76804 1 2 0
19.5812 9.77801 9.77801 1 2 0
19.5827 9.78799 9.78799 1 2 0
19.5842 9.79796 9.79796 1 2 0
19.5857 9.80795 9.80795 1 2 0
19.5871 9.81793 9.81793 1 2 0
19.5886 9.82792 9.82792 1 2 0
19.5901 9.83792 9.83792 1 2 0
19.5916 9.84791 9.84791 1 2 0
19.5932 9.85791 9.85791 1 2 0
19.5947 9.86792 9.86792 1 2 0
19.5962 9.87793 9.87793 1 2 0
19.5977 9.88794 9.88794 1 2 0
19.5992 9.89796 9.89796 1 2 0
19.6007 9.90798 9.90798 1 2 0
19.6022 9.918 9.918 1 2 0
19.6038 9.92803 9.92803 1 2 0
19.6053 9.93806 9.93806 1 2 0
19.6068 9.94809 9.94809 1 2 0
19.6084 9.95813 9.95813 1 2 0
19.6099 9.96818 9.96818 1 2 0
19.6114 9.97822 9.97822 1 2 0
19.613 9.98827 9.98827 1 2 0
19.6145 9.99832 9.99832 1 2 0
19.6161 10.0084 10.0084 1 2 0
19.6176 10.0184 10.0184 1 2 0
19.6192 10.0285 10.0285 1 2 0
19.6207 10.0386 10.0386 1 2 0
19.6223 10.0486 10.0486 1 2 0
19.6238 10.0587 10.0587 1 2 0
19.6254 10.0688 10.0688 1 2 0
19.627 10.0789 10.0789 1 2 0
19.6285 10.089 10.089 1 2 0
19.6301 10.0991 10.0991 1 2 0
19.6317 10.1092 10.1092 1 2 0
19.6332 10.1192 10.1192 1 2 0
19.6348 10.1293 10.1293 1 2 0
19.6364 10.1395 10.1395 1 2 0
19.638 10.1496 10.1496 1 2 0
19.6396 10.1597 10.1597 1 2 0
19.6411 10.1698 10.1698 1 2 0
19.6427 10.1799 10.1799 1 2 0
19.6443 10.19 10.19 1 2 0
19.6459 10.2001 10.2001 1 2 0
19.6475 10.2103 10.2103 1 2 0
19.6491 10.2204 10.2204 1 2 0
19.6507 10.2305 10.2305 1 2 0
19.6523 10.2407 10.2407 1 2 0
19.6539 10.2508 10.2508 1 2 0
19.6555 10.261 10.261 1 2 0
19.6571 10.2711 10.2711 1 2 0
19.6587 10.2813 10.2813 1 2 0
19.6604 10.2914 10.2914 1 2 0
19.662 10.3016 10.3016 1 2 0
19.6636 10.3118 10.3118 1 2 0
19.6652 10.3219 10.3219 1 2 0
19.6668 10.3321 10.3321 1 2 0
19.6685 10.3423 10.3423 1 2 0
19.6701 10.3524 10.3524 1 2 0
19.6717 10.3626 10.3626 1 2 0
19.6734 10.3728 10.3728 1 2 0
19.675 10.383 10.383 1 2 0
19.6766 10.3932 10.3932 1 2 0
19.6783 10.4034 10.4034 1 2 0
19.6799 10.4136 10.4136 1 2 0
19.6816 10.4238 10.4238 1 2 0
19.6832 10.434 10.434 1 2 0
19.6848 10.4442 10.4442 1 2 0
19.6865 10.4544 10.4544 1 2 0
19.6881 10.4646 10.4646 1 2 0
19.6898 10.4748 10.4748 1 2 0
19.6915 10.485 10.485 1 2 0
19.6931 10.4953 10.4953 1 2 0
19.6948 10.5055 10.5055 1 2 0
19.6964 10.5157 10.5157 1 2 0
19.6981 10.526 10.526 1 2 0
19.6998 10.5362 10.5362 1 2 0
19.7014 10.5464 10.5464 1 2 0
19.7031 10.5567 10.5567 1 2 0
19.7048 10.5669 10.5669 1 2 0
19.7065 10.5772 10.5772 1 2 0
19.7081 10.5874 10.5874 1 2 0
19.7098 10.5977 10.5977 1 2 0
19.7115 10.6079 10.6079 1 2 0
19.7132 10.6182 10.6182 1 2 0
19.7149 10.6285 10.6285 1 2 0
19.7165 10.6387 10.6387 1 2 0
19.7182 10.649 10.649 1 2 0
19.7199 10.6593 10.6593 1 2 0
19.7216 10.6696 10.6696 1 2 0
19.7233 10.6799 10.6799 1 2 0
19.725 10.6901 10.6901 1 2 0
19.7267 10.7004 10.7004 1 2 0
19.7284 10.7107 10.7107 1 2 0
19.7301 10.721 10.721 1 2 0
19.7318 10.7313 10.7313 1 2 0
19.7335 10.7416 10.7416 1 2 0
19.7352 10.7519 10.7519 1 2 0
19.7369 10.7622 10.7622 1 2 0
19.7386 10.7725 10.7725 1 2 0
19.7404 10.7828 10.7828 1 2 0
19.7421 10.7932 10.7932 1 2 0
19.7438 10.8035 10.8035 1 2 0
19.7455 10.8138 10.8138 1 2 0
19.7472 10.8241 10.8241 1 2 0
19.7489 10.8344 10.8344 1 2 0
19.7507 10.8448 10.8448 1 2 0
19.7524 10.8551 10.8551 1 2 0
19.7541 10.8654 10.8654 1 2 0
19.7558 10.8758 10.8758 1 2 0
19.7576 10.8861 10.8861 1 2 0
19.7593 10.8965 10.8965 1 2 0
19.761 10.9068 10.9068 1 2 0
19.7628 10.9172 10.9172 1 2 0
19.7645 10.9275 10.9275 1 2 0
19.7662 10.9379 10.9379 1 2 0
19.768 10.9483 10.9483 1 2 0
19.7697 10.9586 10.9586 1 2 0
19.7715 10.969 10.969 1 2 0
19.7732 10.9794 10.9794 1 2 0
19.775 10.9897 10.9897 1 2 0
19.7767 11.0001 11.0001 1 2 0
19.7785 11.0105 11.0105 1 2 0
19.7802 11.0209 11.0209 1 2 0
19.782 11.0312 11.0312 1 2 0
19.7837 11.0416 11.0416 1 2 0
19.7855 11.052 11.052 1 2 0
19.7872 11.0624 11.0624 1 2 0
19.789 11.0728 11.0728 1 2 0
19.7907 11.0832 11.0832 1 2 0
19.7925 11.0936 11.0936 1 2 0
19.7943 11.104 11.104 1 2 0
19.796 11.1144 11.1144 1 2 0
19.7978 11.1248 11.1248 1 2 0
19.7996 11.1353 11.1353 1 2 0
19.8013 11.1457 11.1457 1 2 0
19.8031 11.1561 11.1561 1 2 0
19.8049 11.1665 11.1665 1 2 0
19.8066 11.1769 11.1769 1 2 0
19.8084 11.1874 11.1874 1 2 0
19.8102 11.1978 11.1978 1 2 0
19.812 11.2082 11.2082 1 2 0
19.8138 11.2187 11.2187 1 2 0
19.8155 11.2291 11.2291 1 2 0
19.8173 11.2395 11.2395 1 2 0
19.8191 11.25 11.25 1 2 0
19.8209 11.2604 11.2604 1 2 0
19.8227 11.2709 11.2709 1 2 0
19.8245 11.2813 11.2813 1 2 0
19.8262 11.2918 11.2918 1 2 0
19.828 11.3023 11.3023 1 2 0
19.8298 11.3127 11.3127 1 2 0
19.8316 11.3232 11.3232 1 2 0
19.8334 11.3336 11.3336 1 2 0
19.8352 11.3441 11.3441 1 2 0
19.837 11.3546 11.3546 1 2 0
19.8388 11.3651 11.3651 1 2 0
19.8406 11.3755 11.3755 1 2 0
19.8424 11.386 11.386 1 2 0
19.8442 11.3965 11.3965 1 2 0
19.846 11.407 11.407 1 2 0
19.8478 11.4175 11.4175 1 2 0
19.8496 11.428 11.428 1 2 0
19.8514 11.4385 11.4385 1 2 0
19.8532 11.4489 11.4489 1 2 0
19.855 11.4594 11.4594 1 2 0
19.8568 11.4699 11.4699 1 2 0
19.8586 11.4805 11.4805 1 2 0
19.8604 11.491 11.491 1 2 0
19.8622 11.5015 11.5015 1 2 0
19.8641 11.512 11.512 1 2 0
19.8659 11.5225 11.5225 1 2 0
19.8677 11.533 11.533 1 2 0
19.8695 11.5435 11.5435 1 2 0
19.8713 11.5541 11.5541 1 2 0
19.8731 11.5646 11.5646 1 2 0
19.875 11.5751 11.5751 1 2 0
19.8768 11.5856 11.5856 1 2 0
19.8786 11.5962 11.5962 1 2 0
19.8804 11.6067 11.6067 1 2 0
19.8822 11.6172 11.6172 1 2 0
19.8841 11.6278 11.6278 1 2 0
19.8859 11.6383 11.6383 1 2 0
19.8877 11.6489 11.6489 1 2 0
19.8895 11.6594 11.6594 1 2 0
19.8914 11.67 11.67 1 2 0
19.8932 11.6805 11.6805 1 2 0
19.895 11.6911 11.6911 1 2 0
19.8969 11.7016 11.7016 1 2 0
19.8987 11.7122 11.7122 1 2 0
19.9005 11.7228 11.7228 1 2 0
19.9024 11.7333 11.7333 1 2 0
19.9042 11.7439 11.7439 1 2 0
19.906 11.7545 11.7545 1 2 0
19.9079 11.765 11.765 1 2 0
19.9097 11.7756 11.7756 1 2 0
19.9115 11.7862 11.7862 1 2 0
19.9134 11.7968 11.7968 1 2 0
19.9152 11.8073 11.8073 1 2 0
19.9171 11.8179 11.8179 1 2 0
19.9189 11.8285 11.8285 1 2 0
19.9207 11.8391 11.8391 1 2 0
19.9226 11.8497 11.8497 1 2 0
19.9244 11.8603 11.8603 1 2 0
19.9263 11.8709 11.8709 1 2 0
19.9281 11.8815 11.8815 1 2 0
19.93 11.8921 11.8921 1 2 0
19.9318 11.9027 11.9027 1 2 0
19.9337 11.9133 11.9133 1 2 0
19.9355 11.9239 11.9239 1 2 0
19.9373 11.9345 11.9345 1 2 0
19.9392 11.9451 11.9451 1 2 0
19.941 11.9557 11.9557 1 2 0
19.9429 11.9664 11.9664 1 2 0
19.9448 11.977 11.977 1 2 0
19.9466 11.9876 11.9876 1 2 0
19.9485 11.9982 11.9982 1 2 0
19.9503 12.0089 12.0089 1 2 0
19.9522 12.0195 12.0195 1 2 0
19.954 12.0301 12.0301 1 2 0
19.9559 12.0408 12.0408 1 2 0
19.9577 12.0514 12.0514 1 2 0
19.9596 12.062 12.062 1 2 0
19.9614 12.0727 12.0727 1 2 0
19.9633 12.0833 12.0833 1 2 0
19.9652 12.094 12.094 1 2 0
19.967 12.1046 12.1046 1 2 0
19.9689 12.1153 12.1153 1 2 0
19.9707 12.1259 12.1259 1 2 0
19.9726 12.1366 12.1366 1 2 0
19.9745 12.1472 12.1472 1 2 0
19.9763 12.1579 12.1579 1 2 0
19.9782 12.1686 12.1686 1 2 0
19.9801 12.1792 12.1792 1 2 0
19.9819 12.1899 12.1899 1 2 0
19.9838 12.2006 12.2006 1 2 0
19.9856 12.2112 12.2112 1 2 0
19.9875 12.2219 12.2219 1 2 0
19.9894 12.2326 12.2326 1 2 0
19.9912 12.2433 12.2433 1 2 0
19.9931 12.2539 12.2539 1 2 0
19.995 12.2646 12.2646 1 2 0
19.9968 12.2753 12.2753 1 2 0
19.9987 12.286 12.286 1 2 0
20.0006 12.2967 12.2967 1 2 0
20.0024 12.3074 12.3074 1 2 0
20.0043 12.3181 12.3181 1 2 0
20.0062 12.3288 12.3288 1 2 0
20.0081 12.3395 12.3395 1 2 0
20.0099 12.3501 12.3501 1 2 0
20.0118 12.3609 12.3609 1 2 0
20.0137 12.3716 12.3716 1 2 0
20.0155 12.3823 12.3823 1 2 0
20.0174 12.393 12.393 1 2 0
20.0193 12.4037 12.4037 1 2 0
20.0212 12.4144 12.4144 1 2 0
20.023 12.4251 12.4251 1 2 0
20.0249 12.4358 12.4358 1 2 0
20.0268 12.4465 12.4465 1 2 0
20.0287 12.4573 12.4573 1 2 0
20.0305 12.468 12.468 1 2 0
20.0324 12.4787 12.4787 1 2 0
20.0343 12.4894 12.4894 1 2 0
20.0361 12.5002 12.5002 1 2 0
20.038 12.5109 12.5109 1 2 0
20.0399 12.5216 12.5216 1 2 0
20.0418 12.5324 12.5324 1 2 0
20.0437 12.5431 12.5431 1 2 0
20.0455 12.5538 12.5538 1 2 0
20.0474 12.5646 12.5646 1 2 0
20.0493 12.5753 12.5753 1 2 0
20.0512 12.5861 12.5861 1 2 0
20.053 12.5968 12.5968 1 2 0
20.0549 12.6076 12.6076 1 2 0
20.0568 12.6183 12.6183 1 2 0
20.0587 12.6291 12.6291 1 2 0
20.0606 12.6398 12.6398 1 2 0
20.0624 12.6506 12.6506 1 2 0
20.0643 12.6614 12.6614 1 2 0
20.0662 12.6721 12.6721 1 2 0
20.0681 12.6829 12.6829 1 2 0
20.0699 12.6936 12.6936 1 2 0
20.0718 12.7044 12.7044 1 2 0
20.0737 12.7152 12.7152 1 2 0
20.0756 12.726 12.726 1 2 0
20.0775 12.7367 12.7367 1 2 0
20.0793 12.7475 12.7475 1 2 0
20.0812 12.7583 12.7583 1 2 0
20.0831 12.7691 12.7691 1 2 0
20.085 12.7798 12.7798 1 2 0
20.0869 12.7906 12.7906 1 2 0
20.0887 12.8014 12.8014 1 2 0
20.0906 12.8122 12.8122 1 2 0
20.0925 12.823 12.823 1 2 0
20.0944 12.8338 12.8338 1 2 0
20.0963 12.8446 12.8446 1 2 0
20.0981 12.8554 12.8554 1 2 0
20.1 12.8662 12.8662 1 2 0
20.1019 12.877 12.877 1 2 0
20.1038 12.8878 12.8878 1 2 0
20.1057 12.8986 12.8986 1 2 0
20.1076 12.9094 12.9094 1 2 0
20.1094 12.9202 12.9202 1 2 0
20.1113 12.931 12.931 1 2 0
20.1132 12.9418 12.9418 1 2 0
20.1151 12.9526 12.9526 1 2 0
20.117 12.9634 12.9634 1 2 0
20.1188 12.9742 12.9742 1 2 0
20.1207 12.9851 12.9851 1 2 0
20.1226 12.9959 12.9959 1 2 0
20.1245 13.0067 13.0067 1 2 0
20.1264 13.0175 13.0175 1 2 0
20.1282 13.0284 13.0284 1 2 0
20.1301 13.0392 13.0392 1 2 0
20.132 13.05 13.05 1 2 0
20.1339 13.0608 13.0608 1 2 0
20.1358 13.0717 13.0717 1 2 0
20.1376 13.0825 13.0825 1 2 0
20.1395 13.0933 13.0933 1 2 0
20.1414 13.1042 13.1042 1 2 0
20.1433 13.115 13.115 1 2 0
20.1452 13.1259 13.1259 1 2 0
20.147 13.1367 13.1367 1 2 0
20.1489 13.1476 13.1476 1 2 0
20.1508 13.1584 13.1584 1 2 0
20.1527 13.1693 13.1693 1 2 0
20.1546 13.1801 13.1801 1 2 0
20.1564 13.191 13.191 1 2 0
20.1583 13.2018 13.2018 1 2 0
20.1602 13.2127 13.2127 1 2 0
20.1621 13.2235 13.2235 1 2 0
20.1639 13.2344 13.2344 1 2 0
20.1658 13.2452 13.2452 1 2 0
20.1677 13.2561 13.2561 1 2 0
20.1696 13.267 13.267 1 2 0
20.1715 13.2778 13.2778 1 2 0
20.1733 13.2887 13.2887 1 2 0
20.1752 13.2996 13.2996 1 2 0
20.1771 13.3105 13.3105 1 2 0
20.179 13.3213 13.3213 1 2 0
20.1808 13.3322 13.3322 1 2 0
20.1827 13.3431 13.3431 1 2 0
20.1846 13.354 13.354 1 2 0
20.1865 13.3648 13.3648 1 2 0
20.1883 13.3757 13.3757 1 2 0
20.1902 13.3866 13.3866 1 2 0
20.1921 13.3975 13.3975 1 2 0
20.194 13.4084 13.4084 1 2 0
20.1958 13.4193 13.4193 1 2 0
20.1977 13.4302 13.4302 1 2 0
20.1996 13.4411 13.4411 1 2 0
20.2015 13.4519 13.4519 1 2 0
20.2033 13.4628 13.4628 1 2 0
20.2052 13.4737 13.4737 1 2 0
20.2071 13.4846 13.4846 1 2 0
20.2089 13.4955 13.4955 1 2 0
20.2108 13.5064 13.5064 1 2 0
20.2127 13.5173 13.5173 1 2 0
20.2146 13.5283 13.5283 1 2 0
20.2164 13.5392 13.5392 1 2 0
20.2183 13.5501 13.5501 1 2 0
20.2202 13.561 13.561 1 2 0
20.222 13.5719 13.5719 1 2 0
20.2239 13.5828 13.5828 1 2 0
20.2258 13.5937 13.5937 1 2 0
20.2276 13.6046 13.6046 1 2 0
20.2295 13.6156 13.6156 1 2 0
20.2314 13.6265 13.6265 1 2 0
20.2332 13.6374 13.6374 1 2 0
20.2351 13.6483 13.6483 1 2 0
20.237 13.6593 13.6593 1 2 0
20.2388 13.6702 13.6702 1 2 0
20.2407 13.6811 13.6811 1 2 0
20.2426 13.692 13.692 1 2 0
20.2444 13.703 13.703 1 2 0
20.2463 13.7139 13.7139 1 2 0
20.2482 13.7248 13.7248 1 2 0
20.25 13.7358 13.7358 1 2 0
20.2519 13.7467 13.7467 1 2 0
20.2538 13.7577 13.7577 1 2 0
20.2556 13.7686 13.7686 1 2 0
20.2575 13.7795 13.7795 1 2 0
20.2593 13.7905 13.7905 1 2 0
20.2612 13.8014 13.8014 1 2 0
20.2631 13.8124 13.8124 1 2 0
20.2649 13.8233 13.8233 1 2 0
20.2668 13.8343 13.8343 1 2 0
20.2686 13.8452 13.8452 1 2 0
20.2705 13.8562 13.8562 1 2 0
20.2723 13.8671 13.8671 1 2 0
20.2742 13.8781 13.8781 1 2 0
20.2761 13.8891 13.8891 1 2 0
20.2779 13.9 13.9 1 2 0
20.2798 13.911 13.911 1 2 0
20.2816 13.9219 13.9219 1 2 0
20.2835 13.9329 13.9329 1 2 0
20.2853 13.9439 13.9439 1 2 0
20.2872 13.9548 13.9548 1 2 0
20.289 13.9658 13.9658 1 2 0
20.2909 13.9768 13.9768 1 2 0
20.2927 13.9877 13.9877 1 2 0
20.2946 13.9987 13.9987 1 2 0
20.2964 14.0097 14.0097 1 2 0
20.2983 14.0207 14.0207 1 2 0
20.3001 14.0316 14.0316 1 2 0
20.302 14.0426 14.0426 1 2 0
20.3038 14.0536 14.0536 1 2 0
20.3057 14.0646 14.0646 1 2 0
20.3075 14.0756 14.0756 1 2 0
20.3094 14.0866 14.0866 1 2 0
20.3112 14.0975 14.0975 1 2 0
20.313 14.1085 14.1085 1 2 0
20.3149 14.1195 14.1195 1 2 0
20.3167 14.1305 14.1305 1 2 0
20.3186 14.1415 14.1415 1 2 0
20.3204 14.1525 14.1525 1 2 0
20.3223 14.1635 14.1635 1 2 0
20.3241 14.1745 14.1745 1 2 0
20.3259 14.1855 14.1855 1 2 0
20.3278 14.1965 14.1965 1 2 0
20.3296 14.2075 14.2075 1 2 0
20.3315 14.2185 14.2185 1 2 0
20.3333 14.2295 14.2295 1 2 0
20.3351 14.2405 14.2405 1 2 0
20.337 14.2515 14.2515 1 2 0
20.3388 14.2625 14.2625 1 2 0
20.3406 14.2735 14.2735 1 2 0
20.3425 14.2845 14.2845 1 2 0
20.3443 14.2955 14.2955 1 2 0
20.3461 14.3066 14.3066 1 2 0
20.348 14.3176 14.3176 1 2 0
20.3498 14.3286 14.3286 1 2 0
20.3516 14.3396 14.3396 1 2 0
20.3534 14.3506 14.3506 1 2 0
20.3553 14.3616 14.3616 1 2 0
20.3571 14.3727 14.3727 1 2 0
20.3589 14.3837 14.3837 1 2 0
20.3607 14.3947 14.3947 1 2 0
20.3626 14.4057 14.4057 1 2 0
20.3644 14.4168 14.4168 1 2 0
20.3662 14.4278 14.4278 1 2 0
20.368 14.4388 14.4388 1 2 0
20.3699 14.4499 14.4499 1 2 0
20.3717 14.4609 14.4609 1 2 0
20.3735 14.4719 14.4719 1 2 0
20.3753 14.483 14.483 1 2 0
20.3771 14.494 14.494 1 2 0
20.379 14.505 14.505 1 2 0
20.3808 14.5161 14.5161 1 2 0
20.3826 14.5271 14.5271 1 2 0
20.3844 14.5381 14.5381 1 2 0
20.3862 14.5492 14.5492 1 2 0
20.388 14.5602 14.5602 1 2 0
20.3899 14.5713 14.5713 1 2 0
20.3917 14.5823 14.5823 1 2 0
20.3935 14.5934 14.5934 1 2 0
20.3953 14.6044 14.6044 1 2 0
20.3971 14.6155 14.6155 1 2 0
20.3989 14.6265 14.6265 1 2 0
20.4007 14.6376 14.6376 1 2 0
20.4025 14.6486 14.6486 1 2 0
20.4043 14.6597 14.6597 1 2 0
20.4061 14.6707 14.6707 1 2 0
20.4079 14.6818 14.6818 1 2 0
20.4097 14.6929 14.6929 1 2 0
20.4115 14.7039 14.7039 1 2 0
20.4133 14.715 14.715 1 2 0
20.4151 14.7261 14.7261 1 2 0
20.4169 14.7371 14.7371 1 2 0
20.4187 14.7482 14.7482 1 2 0
20.4205 14.7593 14.7593 1 2 0
20.4223 14.7703 14.7703 1 2 0
20.4241 14.7814 14.7814 1 2 0
20.4259 14.7925 14.7925 1 2 0
20.4277 14.8035 14.8035 1 2 0
20.4295 14.8146 14.8146 1 2 0
20.4313 14.8257 14.8257 1 2 0
20.4331 14.8368 14.8368 1 2 0
20.4349 14.8478 14.8478 1 2 0
20.4367 14.8589 14.8589 1 2 0
20.4385 14.87 14.87 1 2 0
20.4403 14.8811 14.8811 1 2 0
20.442 14.8922 14.8922 1 2 0
20.4438 14.9032 14.9032 1 2 0
20.4456 14.9143 14.9143 1 2 0
20.4474 14.9254 14.9254 1 2 0
20.4492 14.9365 14.9365 1 2 0
20.451 14.9476 14.9476 1 2 0
20.4528 14.9587 14.9587 1 2 0
20.4545 14.9698 14.9698 1 2 0
20.4563 14.9809 14.9809 1 2 0
20.4581 14.9919 14.9919 1 2 0
20.4599 15.003 15.003 1 2 0
20.4616 15.0141 15.0141 1 2 0
20.4634 15.0252 15.0252 1 2 0
20.4652 15.0363 15.0363 1 2 0
20.467 15.0474 15.0474 1 2 0
20.4687 15.0585 15.0585 1 2 0
20.4705 15.0696 15.0696 1 2 0
20.4723 15.0807 15.0807 1 2 0
20.4741 15.0918 15.0918 1 2 0
20.4758 15.1029 15.1029 1 2 0
20.4776 15.114 15.114 1 2 0
20.4794 15.1252 15.1252 1 2 0
20.4811 15.1363 15.1363 1 2 0
20.4829 15.1474 15.1474 1 2 0
20.4846 15.1585 15.1585 1 2 0
20.4864 15.1696 15.1696 1 2 0
20.4882 15.1807 15.1807 1 2 0
20.4899 15.1918 15.1918 1 2 0
20.4917 15.2029 15.2029 1 2 0
20.4935 15.214 15.214 1 2 0
20.4952 15.2252 15.2252 1 2 0
20.497 15.2363 15.2363 1 2 0
20.4987 15.2474 15.2474 1 2 0
20.5005 15.2585 15.2585 1 2 0
20.5022 15.2696 15.2696 1 2 0
20.504 15.2808 15.2808 1 2 0
20.5057 15.2919 15.2919 1 2 0
20.5075 15.303 15.303 1 2 0
20.5092 15.3141 15.3141 1 2 0
20.511 15.3253 15.3253 1 2 0
20.5127 15.3364 15.3364 1 2 0
20.5145 15.3475 15.3475 1 2 0
20.5162 15.3587 15.3587 1 2 0
20.518 15.3698 15.3698 1 2 0
20.5197 15.3809 15.3809 1 2 0
20.5214 15.3921 15.3921 1 2 0
20.5232 15.4032 15.4032 1 2 0
20.5249 15.4143 15.4143 1 2 0
20.5251 15.4153 15.4153 2 2 0
20.5268 15.4265 15.4265 2 2 0
20.5286 15.4376 15.4376 2 2 0
20.5303 15.4487 15.4487 2 2 0
20.532 15.4599 15.4599 2 2 0
20.5338 15.471 15.471 2 2 0
20.5355 15.4822 15.4822 2 2 0
20.5372 15.4933 15.4933 2 2 0
20.5389 15.5045 15.5045 2 2 0
20.5407 15.5156 15.5156 2 2 0
20.5424 15.5268 15.5268 2 2 0
20.5441 15.5379 15.5379 2 2 0
20.5459 15.549 15.549 2 2 0
20.5476 15.5602 15.5602 2 2 0
20.5493 15.5713 15.5713 2 2 0
20.551 15.5825 15.5825 2 2 0
20.5527 15.5937 15.5937 2 2 0
20.5545 15.6048 15.6048 2 2 0
20.5562 15.616 15.616 2 2 0
20.5579 15.6271 15.6271 2 2 0
20.5596 15.6383 15.6383 2 2 0
20.5613 15.6494 15.6494 2 2 0
20.5631 15.6606 15.6606 2 2 0
20.5648 15.6717 15.6717 2 2 0
20.5665 15.6829 15.6829 2 2 0
20.5682 15.6941 15.6941 2 2 0
20.5699 15.7052 15.7052 2 2 0
20.5716 15.7164 15.7164 2 2 0
20.5733 15.7276 15.7276 2 2 0
20.575 15.7387 15.7387 2 2 0
20.5767 15.7499 15.7499 2 2 0
20.5784 15.7611 15.7611 2 2 0
20.5801 15.7722 15.7722 2 2 0
20.5818 15.7834 15.7834 2 2 0
20.5835 15.7946 15.7946 2 2 0
20.5852 15.8057 15.8057 2 2 0
20.5869 15.8169 15.8169 2 2 0
20.5886 15.8281 15.8281 2 2 0
20.5903 15.8393 15.8393 2 2 0
20.592 15.8504 15.8504 2 2 0
20.5937 15.8616 15.8616 2 2 0
20.5954 15.8728 15.8728 2 2 0
20.5971 15.884 15.884 2 2 0
20.5988 15.8952 15.8952 2 2 0
20.6005 15.9063 15.9063 2 2 0
20.6022 15.9175 15.9175 2 2 0
20.6038 15.9287 15.9287 2 2 0
20.6055 15.9399 15.9399 2 2 0
20.6072 15.9511 15.9511 2 2 0
20.6089 15.9623 15.9623 2 2 0
20.6106 15.9734 15.9734 2 2 0
20.6122 15.9846 15.9846 2 2 0
20.6139 15.9958 15.9958 2 2 0
20.6156 16.007 16.007 2 2 0
20.6173 16.0182 16.0182 2 2 0
20.619 16.0294 16.0294 2 2 0
20.6206 16.0406 16.0406 2 2 0
20.6223 16.0518 16.0518 2 2 0
20.624 16.063 16.063 2 2 0
20.6256 16.0742 16.0742 2 2 0
20.6273 16.0854 16.0854 2 2 0
20.629 16.0965 16.0965 2 2 0
20.6306 16.1077 16.1077 2 2 0
20.6323 16.1189 16.1189 2 2 0
20.634 16.1301 16.1301 2 2 0
20.6356 16.1413 16.1413 2 2 0
20.6373 16.1525 16.1525 2 2 0
20.639 16.1637 16.1637 2 2 0
20.6406 16.175 16.175 2 2 0
20.6423 16.1862 16.1862 2 2 0
20.6439 16.1974 16.1974 2 2 0
20.6456 16.2086 16.2086 2 2 0
20.6472 16.2198 16.2198 2 2 0
20.6489 16.231 16.231 2 2 0
20.6505 16.2422 16.2422 2 2 0
20.6522 16.2534 16.2534 2 2 0
20.6538 16.2646 16.2646 2 2 0
20.6555 16.2758 16.2758 2 2 0
20.6571 16.287 16.287 2 2 0
20.6588 16.2982 16.2982 2 2 0
20.6604 16.3095 16.3095 2 2 0
20.6621 16.3207 16.3207 2 2 0
20.6637 16.3319 16.3319 2 2 0
20.6653 16.3431 16.3431 2 2 0
20.667 16.3543 16.3543 2 2 0
20.6686 16.3655 16.3655 2 2 0
20.6702 16.3768 16.3768 2 2 0
20.6719 16.388 16.388 2 2 0
20.6735 16.3992 16.3992 2 2 0
20.6751 16.4104 16.4104 2 2 0
20.6768 16.4216 16.4216 2 2 0
20.6784 16.4329 16.4329 2 2 0
20.68 16.4441 16.4441 2 2 0
20.6817 16.4553 16.4553 2 2 0
20.6833 16.4665 16.4665 2 2 0
20.6849 16.4778 16.4778 2 2 0
20.6865 16.489 16.489 2 2 0
20.6881 16.5002 16.5002 2 2 0
20.6898 16.5114 16.5114 2 2 0
20.6914 16.5227 16.5227 2 2 0
20.693 16.5339 16.5339 2 2 0
20.6946 16.5451 16.5451 2 2 0
20.6962 16.5564 16.5564 2 2 0
20.6978 16.5676 16.5676 2 2 0
20.6995 16.5788 16.5788 2 2 0
20.7011 16.5901 16.5901 2 2 0
20.7027 16.6013 16.6013 2 2 0
20.7043 16.6125 16.6125 2 2 0
20.7059 16.6238 16.6238 2 2 0
20.7075 16.635 16.635 2 2 0
20.7091 16.6463 16.6463 2 2 0
20.7107 16.6575 16.6575 2 2 0
20.7123 16.6687 16.6687 2 2 0
20.7139 16.68 16.68 2 2 0
20.7155 16.6912 16.6912 2 2 0
20.7171 16.7025 16.7025 2 2 0
20.7187 16.7137 16.7137 2 2 0
20.7203 16.725 16.725 2 2 0
20.7219 16.7362 16.7362 2 2 0
20.7235 16.7475 16.7475 2 2 0
20.7251 16.7587 16.7587 2 2 0
20.7267 16.7699 16.7699 2 2 0
20.7282 16.7812 16.7812 2 2 0
20.7298 16.7924 16.7924 2 2 0
20.7314 16.8037 16.8037 2 2 0
20.733 16.8149 16.8149 2 2 0
20.7346 16.8262 16.8262 2 2 0
20.7362 16.8374 16.8374 2 2 0
20.7377 16.8487 16.8487 2 2 0
20.7393 16.86 16.86 2 2 0
20.7409 16.8712 16.8712 2 2 0
20.7425 16.8825 16.8825 2 2 0
20.744 16.8937 16.8937 2 2 0
20.7456 16.905 16.905 2 2 0
20.7472 16.9162 16.9162 2 2 0
20.7488 16.9275 16.9275 2 2 0
20.7503 16.9388 16.9388 2 2 0
20.7519 16.95 16.95 2 2 0
20.7535 16.9613 16.9613 2 2 0
20.755 16.9725 16.9725 2 2 0
20.7566 16.9838 16.9838 2 2 0
20.7581 16.9951 16.9951 2 2 0
20.7597 17.0063 17.0063 2 2 0
20.7613 17.0176 17.0176 2 2 0
20.7628 17.0289 17.0289 2 2 0
20.7644 17.0401 17.0401 2 2 0
20.7659 17.0514 17.0514 2 2 0
20.7675 17.0627 17.0627 2 2 0
20.769 17.0739 17.0739 2 2 0
20.7706 17.0852 17.0852 2 2 0
20.7721 17.0965 17.0965 2 2 0
20.7737 17.1077 17.1077 2 2 0
20.7752 17.119 17.119 2 2 0
20.7768 17.1303 17.1303 2 2 0
20.7783 17.1416 17.1416 2 2 0
20.7799 17.1528 17.1528 2 2 0
20.7814 17.1641 17.1641 2 2 0
20.7829 17.1754 17.1754 2 2 0
20.7845 17.1867 17.1867 2 2 0
20.786 17.1979 17.1979 2 2 0
20.7876 17.2092 17.2092 2 2 0
20.7891 17.2205 17.2205 2 2 0
20.7906 17.2318 17.2318 2 2 0
20.7922 17.243 17.243 2 2 0
20.7937 17.2543 17.2543 2 2 0
20.7952 17.2656 17.2656 2 2 0
20.7967 17.2769 17.2769 2 2 0
20.7983 17.2882 17.2882 2 2 0
20.7998 17.2995 17.2995 2 2 0
20.8013 17.3107 17.3107 2 2 0
20.8028 17.322 17.322 2 2 0
20.8043 17.3333 17.3333 2 2 0
20.8059 17.3446 17.3446 2 2 0
20.8074 17.3559 17.3559 2 2 0
20.8089 17.3672 17.3672 2 2 0
20.8104 17.3785 17.3785 2 2 0
20.8119 17.3897 17.3897 2 2 0
20.8134 17.401 17.401 2 2 0
20.8149 17.4123 17.4123 2 2 0
20.8165 17.4236 17.4236 2 2 0
20.818 17.4349 17.4349 2 2 0
20.8195 17.4462 17.4462 2 2 0
20.821 17.4575 17.4575 2 2 0
20.8225 17.4688 17.4688 2 2 0
20.824 17.4801 17.4801 2 2 0
20.8255 17.4914 17.4914 2 2 0
20.827 17.5027 17.5027 2 2 0
20.8285 17.514 17.514 2 2 0
20.83 17.5253 17.5253 2 2 0
20.8315 17.5366 17.5366 2 2 0
20.833 17.5478 17.5478 2 2 0
20.8345 17.5591 17.5591 2 2 0
20.8359 17.5704 17.5704 2 2 0
20.8374 17.5817 17.5817 2 2 0
20.8389 17.593 17.593 2 2 0
20.8404 17.6043 17.6043 2 2 0
20.8419 17.6156 17.6156 2 2 0
20.8434 17.627 17.627 2 2 0
20.8449 17.6383 17.6383 2 2 0
20.8463 17.6496 17.6496 2 2 0
20.8478 17.6609 17.6609 2 2 0
20.8493 17.6722 17.6722 2 2 0
20.8508 17.6835 17.6835 2 2 0
20.8522 17.6948 17.6948 2 2 0
20.8537 17.7061 17.7061 2 2 0
20.8552 17.7174 17.7174 2 2 0
20.8567 17.7287 17.7287 2 2 0
20.8581 17.74 17.74 2 2 0
20.8596 17.7513 17.7513 2 2 0
20.8611 17.7626 17.7626 2 2 0
20.8625 17.7739 17.7739 2 2 0
20.864 17.7853 17.7853 2 2 0
20.8654 17.7966 17.7966 2 2 0
20.8669 17.8079 17.8079 2 2 0
20.8684 17.8192 17.8192 2 2 0
20.8698 17.8305 17.8305 2 2 0
20.8713 17.8418 17.8418 2 2 0
20.8727 17.8531 17.8531 2 2 0
20.8742 17.8645 17.8645 2 2 0
20.8756 17.8758 17.8758 2 2 0
20.8771 17.8871 17.8871 2 2 0
20.8785 17.8984 17.8984 2 2 0
20.88 17.9097 17.9097 2 2 0
20.8814 17.921 17.921 2 2 0
20.8829 17.9324 17.9324 2 2 0
20.8843 17.9437 17.9437 2 2 0
20.8858 17.955 17.955 2 2 0
20.8872 17.9663 17.9663 2 2 0
20.8886 17.9776 17.9776 2 2 0
20.8901 17.989 17.989 2 2 0
20.8915 18.0003 18.0003 2 2 0
20.8929 18.0116 18.0116 2 2 0
20.8944 18.0229 18.0229 2 2 0
20.8958 18.0343 18.0343 2 2 0
20.8972 18.0456 18.0456 2 2 0
20.8987 18.0569 18.0569 2 2 0
20.9001 18.0682 18.0682 2 2 0
20.9015 18.0796 18.0796 2 2 0
20.9029 18.0909 18.0909 2 2 0
20.9044 18.1022 18.1022 2 2 0
20.9058 18.1136 18.1136 2 2 0
20.9072 18.1249 18.1249 2 2 0
20.9086 18.1362 18.1362 2 2 0
20.91 18.1475 18.1475 2 2 0
20.9115 18.1589 18.1589 2 2 0
20.9129 18.1702 18.1702 2 2 0
20.9143 18.1815 18.1815 2 2 0
20.9157 18.1929 18.1929 2 2 0
20.9171 18.2042 18.2042 2 2 0
20.9185 18.2155 18.2155 2 2 0
20.9199 18.2269 18.2269 2 2 0
20.9213 18.2382 18.2382 2 2 0
20.9227 18.2495 18.2495 2 2 0
20.9241 18.2609 18.2609 2 2 0
20.9255 18.2722 18.2722 2 2 0
20.9269 18.2836 18.2836 2 2 0
20.9283 18.2949 18.2949 2 2 0
20.9297 18.3062 18.3062 2 2 0
20.9311 18.3176 18.3176 2 2 0
20.9325 18.3289 18.3289 2 2 0
20.9339 18.3403 18.3403 2 2 0
20.9353 18.3516 18.3516 2 2 0
20.9367 18.3629 18.3629 2 2 0
20.9381 18.3743 18.3743 2 2 0
20.9395 18.3856 18.3856 2 2 0
20.9408 18.397 18.397 2 2 0
20.9422 18.4083 18.4083 2 2 0
20.9436 18.4196 18.4196 2 2 0
20.945 18.431 18.431 2 2 0
20.9464 18.4423 18.4423 2 2 0
20.9478 18.4537 18.4537 2 2 0
20.9491 18.465 18.465 2 2 0
20.9505 18.4764 18.4764 2 2 0
20.9519 18.4877 18.4877 2 2 0
20.9532 18.4991 18.4991 2 2 0
20.9546 18.5104 18.5104 2 2 0
20.956 18.5218 18.5218 2 2 0
20.9574 18.5331 18.5331 2 2 0
20.9587 18.5445 18.5445 2 2 0
20.9601 18.5558 18.5558 2 2 0
20.9615 18.5672 18.5672 2 2 0
20.9628 18.5785 18.5785 2 2 0
20.9642 18.5899 18.5899 2 2 0
20.9655 18.6012 18.6012 2 2 0
20.9669 18.6126 18.6126 2 2 0
20.9682 18.6239 18.6239 2 2 0
20.9696 18.6353 18.6353 2 2 0
20.971 18.6466 18.6466 2 2 0
20.9723 18.658 18.658 2 2 0
20.9737 18.6694 18.6694 2 2 0
20.975 18.6807 18.6807 2 2 0
20.9764 18.6921 18.6921 2 2 0
20.9777 18.7034 18.7034 2 2 0
20.979 18.7148 18.7148 2 2 0
20.9804 18.7261 18.7261 2 2 0
20.9817 18.7375 18.7375 2 2 0
20.9831 18.7489 18.7489 2 2 0
20.9844 18.7602 18.7602 2 2 0
20.9857 18.7716 18.7716 2 2 0
20.9871 18.7829 18.7829 2 2 0
20.9884 18.7943 18.7943 2 2 0
20.9897 18.8057 18.8057 2 2 0
20.9911 18.817 18.817 2 2 0
20.9924 18.8284 18.8284 2 2 0
20.9937 18.8398 18.8398 2 2 0
20.9951 18.8511 18.8511 2 2 0
20.9964 18.8625 18.8625 2 2 0
20.9977 18.8738 18.8738 2 2 0
20.999 18.8852 18.8852 2 2 0
21.0004 18.8966 18.8966 2 2 0
21.0017 18.9079 18.9079 2 2 0
21.003 18.9193 18.9193 2 2 0
21.0043 18.9307 18.9307 2 2 0
21.0056 18.942 18.942 2 2 0
21.0069 18.9534 18.9534 2 2 0
21.0083 18.9648 18.9648 2 2 0
21.0096 18.9762 18.9762 2 2 0
21.0109 18.9875 18.9875 2 2 0
21.0122 18.9989 18.9989 2 2 0
21.0135 19.0103 19.0103 2 2 0
21.0148 19.0216 19.0216 2 2 0
21.0161 19.033 19.033 2 2 0
21.0174 19.0444 19.0444 2 2 0
21.0187 19.0557 19.0557 2 2 0
21.02 19.0671 19.0671 2 2 0
21.0213 19.0785 19.0785 2 2 0
21.0226 19.0899 19.0899 2 2 0
21.0239 19.1012 19.1012 2 2 0
21.0252 19.1126 19.1126 2 2 0
21.0265 19.124 19.124 2 2 0
21.0278 19.1354 19.1354 2 2 0
21.0291 19.1467 19.1467 2 2 0
21.0303 19.1581 19.1581 2 2 0
21.0316 19.1695 19.1695 2 2 0
21.0329 19.1809 19.1809 2 2 0
21.0342 19.1923 19.1923 2 2 0
21.0355 19.2036 19.2036 2 2 0
21.0368 19.215 19.215 2 2 0
21.038 19.2264 19.2264 2 2 0
21.0393 19.2378 19.2378 2 2 0
21.0406 19.2492 19.2492 2 2 0
21.0419 19.2605 19.2605 2 2 0
21.0431 19.2719 19.2719 2 2 0
21.0444 19.2833 19.2833 2 2 0
21.0457 19.2947 19.2947 2 2 0
21.047 19.3061 19.3061 2 2 0
21.0482 19.3174 19.3174 2 2 0
21.0495 19.3288 19.3288 2 2 0
21.0508 19.3402 19.3402 2 2 0
21.052 19.3516 19.3516 2 2 0
21.0533 19.363 19.363 2 2 0
21.0545 19.3744 19.3744 2 2 0
21.0558 19.3858 19.3858 2 2 0
21.0571 19.3971 19.3971 2 2 0
21.0583 19.4085 19.4085 2 2 0
21.0596 19.4199 19.4199 2 2 0
21.0608 19.4313 19.4313 2 2 0
21.0621 19.4427 19.4427 2 2 0
21.0633 19.4541 19.4541 2 2 0
21.0646 19.4655 19.4655 2 2 0
21.0658 19.4769 19.4769 2 2 0
21.0671 19.4882 19.4882 2 2 0
21.0683 19.4996 19.4996 2 2 0
21.0696 19.511 19.511 2 2 0
21.0708 19.5224 19.5224 2 2 0
21.072 19.5338 19.5338 2 2 0
21.0733 19.5452 19.5452 2 2 0
21.0745 19.5566 19.5566 2 2 0
21.0758 19.568 19.568 2 2 0
21.077 19.5794 19.5794 2 2 0
21.0782 19.5908 19.5908 2 2 0
21.0795 19.6022 19.6022 2 2 0
21.0807 19.6136 19.6136 2 2 0
21.0819 19.6249 19.6249 2 2 0
21.0831 19.6363 19.6363 2 2 0
21.0844 19.6477 19.6477 2 2 0
21.0856 19.6591 19.6591 2 2 0
21.0868 19.6705 19.6705 2 2 0
21.088 19.6819 19.6819 2 2 0
21.0893 19.6933 19.6933 2 2 0
21.0905 19.7047 19.7047 2 2 0
21.0917 19.7161 19.7161 2 2 0
21.0929 19.7275 19.7275 2 2 0
21.0941 19.7389 19.7389 2 2 0
21.0953 19.7503 19.7503 2 2 0
21.0966 19.7617 19.7617 2 2 0
21.0978 19.7731 19.7731 2 2 0
21.099 19.7845 19.7845 2 2 0
21.1002 19.7959 19.7959 2 2 0
21.1014 19.8073 19.8073 2 2 0
21.1026 19.8187 19.8187 2 2 0
21.1038 19.8301 19.8301 2 2 0
21.105 19.8415 19.8415 2 2 0
21.1062 19.8529 19.8529 2 2 0
21.1074 19.8643 19.8643 2 2 0
21.1086 19.8757 19.8757 2 2 0
21.1098 19.8871 19.8871 2 2 0
21.111 19.8985 19.8985 2 2 0
21.1122 19.9099 19.9099 2 2 0
21.1134 19.9213 19.9213 2 2 0
21.1146 19.9328 19.9328 2 2 0
21.1158 19.9442 19.9442 2 2 0
21.1169 19.9556 19.9556 2 2 0
21.1181 19.967 19.967 2 2 0
21.1193 19.9784 19.9784 2 2 0
21.1205 19.9898 19.9898 2 2 0
21.1217 20.0012 20.0012 2 2 0
21.1229 20.0126 20.0126 2 2 0
21.124 20.024 20.024 2 2 0
21.1252 20.0354 20.0354 2 2 0
21.1264 20.0468 20.0468 2 2 0
21.1276 20.0582 20.0582 2 2 0
21.1287 20.0696 20.0696 2 2 0
21.1299 20.0811 20.0811 2 2 0
21.1311 20.0925 20.0925 2 2 0
21.1323 20.1039 20.1039 2 2 0
21.1334 20.1153 20.1153 2 2 0
21.1346 20.1267 20.1267 2 2 0
21.1358 20.1381 20.1381 2 2 0
21.1369 20.1495 20.1495 2 2 0
21.1381 20.1609 20.1609 2 2 0
21.1392 20.1723 20.1723 2 2 0
21.1404 20.1838 20.1838 2 2 0
21.1416 20.1952 20.1952 2 2 0
21.1427 20.2066 20.2066 2 2 0
21.1439 20.218 20.218 2 2 0
21.145 20.2294 20.2294 2 2 0
21.1462 20.2408 20.2408 2 2 0
21.1473 20.2522 20.2522 2 2 0
21.1485 20.2637 20.2637 2 2 0
21.1496 20.2751 20.2751 2 2 0
21.1508 20.2865 20.2865 2 2 0
21.1519 20.2979 20.2979 2 2 0
21.1531 20.3093 20.3093 2 2 0
21.1542 20.3207 20.3207 2 2 0
21.1554 20.3322 20.3322 2 2 0
21.1565 20.3436 20.3436 2 2 0
21.1576 20.355 20.355 2 2 0
21.1588 20.3664 20.3664 2 2 0
21.1599 20.3778 20.3778 2 2 0
21.161 20.3893 20.3893 2 2 0
21.1622 20.4007 20.4007 2 2 0
21.1633 20.4121 20.4121 2 2 0
21.1644 20.4235 20.4235 2 2 0
21.1656 20.4349 20.4349 2 2 0
21.1667 20.4464 20.4464 2 2 0
21.1678 20.4578 20.4578 2 2 0
21.1689 20.4692 20.4692 2 2 0
21.1701 20.4806 20.4806 2 2 0
21.1712 20.4921 20.4921 2 2 0
21.1723 20.5035 20.5035 2 2 0
21.1734 20.5149 20.5149 2 2 0
21.1746 20.5263 20.5263 2 2 0
21.1757 20.5378 20.5378 2 2 0
21.1768 20.5492 20.5492 2 2 0
21.1779 20.5606 20.5606 2 2 0
21.179 20.572 20.572 2 2 0
21.1801 20.5835 20.5835 2 2 0
21.1812 20.5949 20.5949 2 2 0
21.1823 20.6063 20.6063 2 2 0
21.1834 20.6177 20.6177 2 2 0
21.1846 20.6292 20.6292 2 2 0
21.1857 20.6406 20.6406 2 2 0
21.1868 20.652 20.652 2 2 0
21.1879 20.6634 20.6634 2 2 0
21.189 20.6749 20.6749 2 2 0
21.1901 20.6863 20.6863 2 2 0
21.1912 20.6977 20.6977 2 2 0
21.1923 20.7092 20.7092 2 2 0
21.1934 20.7206 20.7206 2 2 0
21.1944 20.732 20.732 2 2 0
21.1955 20.7434 20.7434 2 2 0
21.1966 20.7549 20.7549 2 2 0
21.1977 20.7663 20.7663 2 2 0
21.1988 20.7777 20.7777 2 2 0
21.1999 20.7892 20.7892 2 2 0
21.201 20.8006 20.8006 2 2 0
21.2021 20.812 20.812 2 2 0
21.2031 20.8235 20.8235 2 2 0
21.2042 20.8349 20.8349 2 2 0
21.2053 20.8463 20.8463 2 2 0
21.2064 20.8578 20.8578 2 2 0
21.2075 20.8692 20.8692 2 2 0
21.2085 20.8806 20.8806 2 2 0
21.2096 20.8921 20.8921 2 2 0
21.2107 20.9035 20.9035 2 2 0
21.2118 20.9149 20.9149 2 2 0
21.2128 20.9264 20.9264 2 2 0
21.2139 20.9378 20.9378 2 2 0
21.215 20.9492 20.9492 2 2 0
21.216 20.9607 20.9607 2 2 0
21.2171 20.9721 20.9721 2 2 0
21.2182 20.9835 20.9835 2 2 0
21.2192 20.995 20.995 2 2 0
21.2203 21.0064 21.0064 2 2 0
21.2213 21.0179 21.0179 2 2 0
21.2224 21.0293 21.0293 2 2 0
21.2235 21.0407 21.0407 2 2 0
21.2245 21.0522 21.0522 2 2 0
21.2256 21.0636 21.0636 2 2 0
21.2266 21.0751 21.0751 2 2 0
21.2277 21.0865 21.0865 2 2 0
21.2287 21.0979 21.0979 2 2 0
21.2298 21.1094 21.1094 2 2 0
21.2308 21.1208 21.1208 2 2 0
21.2319 21.1323 21.1323 2 2 0
21.2329 21.1437 21.1437 2 2 0
21.234 21.1551 21.1551 2 2 0
21.235 21.1666 21.1666 2 2 0
21.236 21.178 21.178 2 2 0
21.2371 21.1895 21.1895 2 2 0
21.2381 21.2009 21.2009 2 2 0
21.2392 21.2123 21.2123 2 2 0
21.2402 21.2238 21.2238 2 2 0
21.2412 21.2352 21.2352 2 2 0
21.2423 21.2467 21.2467 2 2 0
21.2433 21.2581 21.2581 2 2 0
21.2443 21.2696 21.2696 2 2 0
21.2454 21.281 21.281 2 2 0
21.2464 21.2924 21.2924 2 2 0
21.2474 21.3039 21.3039 2 2 0
21.2484 21.3153 21.3153 2 2 0
21.2495 21.3268 21.3268 2 2 0
21.2505 21.3382 21.3382 2 2 0
21.2515 21.3497 21.3497 2 2 0
21.2525 21.3611 21.3611 2 2 0
21.2535 21.3726 21.3726 2 2 0
21.2546 21.384 21.384 2 2 0
21.2556 21.3955 21.3955 2 2 0
21.2566 21.4069 21.4069 2 2 0
21.2576 21.4184 21.4184 2 2 0
21.2586 21.4298 21.4298 2 2 0
21.2596 21.4412 21.4412 2 2 0
21.2606 21.4527 21.4527 2 2 0
21.2616 21.4641 21.4641 2 2 0
21.2626 21.4756 21.4756 2 2 0
21.2637 21.487 21.487 2 2 0
21.2647 21.4985 21.4985 2 2 0
21.2657 21.5099 21.5099 2 2 0
21.2667 21.5214 21.5214 2 2 0
21.2677 21.5328 21.5328 2 2 0
21.2687 21.5443 21.5443 2 2 0
21.2697 21.5557 21.5557 2 2 0
21.2707 21.5672 21.5672 2 2 0
21.2717 21.5786 21.5786 2 2 0
21.2726 21.5901 21.5901 2 2 0
21.2736 21.6015 21.6015 2 2 0
21.2746 21.613 21.613 2 2 0
21.2756 21.6245 21.6245 2 2 0
21.2766 21.6359 21.6359 2 2 0
21.2776 21.6474 21.6474 2 2 0
21.2786 21.6588 21.6588 2 2 0
21.2796 21.6703 21.6703 2 2 0
21.2806 21.6817 21.6817 2 2 0
21.2815 21.6932 21.6932 2 2 0
21.2825 21.7046 21.7046 2 2 0
21.2835 21.7161 21.7161 2 2 0
21.2845 21.7275 21.7275 2 2 0
21.2855 21.739 21.739 2 2 0
21.2864 21.7504 21.7504 2 2 0
21.2874 21.7619 21.7619 2 2 0
21.2884 21.7734 21.7734 2 2 0
21.2893 21.7848 21.7848 2 2 0
21.2903 21.7963 21.7963 2 2 0
21.2913 21.8077 21.8077 2 2 0
21.2923 21.8192 21.8192 2 2 0
21.2932 21.8306 21.8306 2 2 0
21.2942 21.8421 21.8421 2 2 0
21.2952 21.8536 21.8536 2 2 0
21.2961 21.865 21.865 2 2 0
21.2971 21.8765 21.8765 2 2 0
21.298 21.8879 21.8879 2 2 0
21.299 21.8994 21.8994 2 2 0
21.3 21.9108 21.9108 2 2 0
21.3009 21.9223 21.9223 2 2 0
21.3019 21.9338 21.9338 2 2 0
21.3028 21.9452 21.9452 2 2 0
21.3038 21.9567 21.9567 2 2 0
21.3047 21.9681 21.9681 2 2 0
21.3057 21.9796 21.9796 2 2 0
21.3066 21.9911 21.9911 2 2 0
21.3076 22.0025 22.0025 2 2 0
21.3085 22.014 22.014 2 2 0
21.3095 22.0254 22.0254 2 2 0
21.3104 22.0369 22.0369 2 2 0
21.3114 22.0484 22.0484 2 2 0
21.3123 22.0598 22.0598 2 2 0
21.3132 22.0713 22.0713 2 2 0
21.3142 22.0827 22.0827 2 2 0
21.3151 22.0942 22.0942 2 2 0
21.3161 22.1057 22.1057 2 2 0
21.317 22.1171 22.1171 2 2 0
21.3179 22.1286 22.1286 2 2 0
21.3189 22.1401 22.1401 2 2 0
21.3198 22.1515 22.1515 2 2 0
21.3207 22.163 22.163 2 2 0
21.3216 22.1745 22.1745 2 2 0
21.3226 22.1859 22.1859 2 2 0
21.3235 22.1974 22.1974 2 2 0
21.3244 22.2088 22.2088 2 2 0
21.3254 22.2203 22.2203 2 2 0
21.3263 22.2318 22.2318 2 2 0
21.3272 22.2432 22.2432 2 2 0
21.3281 22.2547 22.2547 2 2 0
21.329 22.2662 22.2662 2 2 0
21.33 22.2776 22.2776 2 2 0
21.3309 22.2891 22.2891 2 2 0
21.3318 22.3006 22.3006 2 2 0
21.3327 22.312 22.312 2 2 0
21.3336 22.3235 22.3235 2 2 0
21.3345 22.335 22.335 2 2 0
21.3354 22.3464 22.3464 2 2 0
21.3363 22.3579 22.3579 2 2 0
21.3373 22.3694 22.3694 2 2 0
21.3382 22.3808 22.3808 2 2 0
21.3391 22.3923 22.3923 2 2 0
21.34 22.4038 22.4038 2 2 0
21.3409 22.4152 22.4152 2 2 0
21.3418 22.4267 22.4267 2 2 0
21.3427 22.4382 22.4382 2 2 0
21.3436 22.4497 22.4497 2 2 0
21.3445 22.4611 22.4611 2 2 0
21.3454 22.4726 22.4726 2 2 0
21.3463 22.4841 22.4841 2 2 0
21.3472 22.4955 22.4955 2 2 0
21.3481 22.507 22.507 2 2 0
21.349 22.5185 22.5185 2 2 0
21.3498 22.5299 22.5299 2 2 0
21.3507 22.5414 22.5414 2 2 0
21.3516 22.5529 22.5529 2 2 0
21.3525 22.5644 22.5644 2 2 0
19.3046 6.66667 6.66667 2 2 0
19.3046 6.65851 6.65851 2 2 0
19.3046 6.65035 6.65035 1 2 0
19.3046 6.6422 6.6422 1 2 0
19.3046 6.63406 6.63406 1 2 0
19.3046 6.62593 6.62593 1 2 0
19.3046 6.6178 6.6178 1 2 0
19.3047 6.60968 6.60968 1 2 0
19.3047 6.60156 6.60156 1 2 0
19.3048 6.59345 6.59345 1 2 0
19.3048 6.58535 6.58535 1 2 0
19.3049 6.57726 6.57726 1 2 0
19.3049 6.56917 6.56917 1 2 0
19.305 6.56109 6.56109 1 2 0
19.3051 6.55301 6.55301 1 2 0
19.3051 6.54495 6.54495 1 2 0
19.3052 6.53688 6.53688 1 2 0
19.3053 6.52883 6.52883 1 2 0
19.3054 6.52078 6.52078 1 2 0
19.3055 6.51274 6.51274 1 2 0
19.3056 6.50471 6.50471 1 2 0
19.3057 6.49668 6.49668 1 2 0
19.3058 6.48866 6.48866 1 2 0
19.3059 6.48065 6.48065 1 2 0
19.3061 6.47264 6.47264 1 2 0
19.3062 6.46464 6.46464 1 2 0
19.3063 6.45665 6.45665 1 2 0
19.3065 6.44866 6.44866 1 2 0
19.3066 6.44068 6.44068 1 2 0
19.3068 6.43271 6.43271 1 2 0
19.3069 6.42474 6.42474 1 2 0
19.3071 6.41678 6.41678 1 2 0
19.3072 6.40883 6.40883 1 2 0
19.3074 6.40089 6.40089 1 2 0
19.3076 6.39295 6.39295 1 2 0
19.3078 6.38502 6.38502 1 2 0
19.308 6.37709 6.37709 1 2 0
19.3081 6.36917 6.36917 1 2 0
19.3083 6.36126 6.36126 1 2 0
19.3085 6.35336 6.35336 1 2 0
19.3087 6.34546 6.34546 1 2 0
19.309 6.33757 6.33757 1 2 0
19.3092 6.32969 6.32969 1 2 0
19.3094 6.32181 6.32181 1 2 0
19.3096 6.31394 6.31394 1 2 0
19.3099 6.30608 6.30608 1 2 0
19.3101 6.29822 6.29822 1 2 0
19.3103 6.29037 6.29037 1 2 0
19.3106 6.28253 6.28253 1 2 0
19.3108 6.2747 6.2747 1 2 0
19.3111 6.26687 6.26687 1 2 0
19.3114 6.25905 6.25905 1 2 0
19.3116 6.25123 6.25123 1 2 0
19.3119 6.24343 6.24343 1 2 0
19.3122 6.23563 6.23563 1 2 0
19.3125 6.22783 6.22783 1 2 0
19.3128 6.22005 6.22005 1 2 0
19.3131 6.21227 6.21227 1 2 0
19.3134 6.20449 6.20449 1 2 0
19.3137 6.19673 6.19673 1 2 0
19.314 6.18897 6.18897 1 2 0
19.3143 6.18122 6.18122 1 2 0
19.3146 6.17347 6.17347 1 2 0
19.3149 6.16573 6.16573 1 2 0
19.3153 6.158 6.158 1 2 0
19.3156 6.15028 6.15028 1 2 0
19.3159 6.14256 6.14256 1 2 0
19.3163 6.13485 6.13485 1 2 0
19.3166 6.12715 6.12715 1 2 0
19.317 6.11946 6.11946 1 2 0
19.3174 6.11177 6.11177 1 2 0
19.3177 6.10408 6.10408 1 2 0
19.3181 6.09641 6.09641 1 2 0
19.3185 6.08874 6.08874 1 2 0
19.3189 6.08108 6.08108 1 2 0
19.3192 6.07343 6.07343 1 2 0
19.3196 6.06578 6.06578 1 2 0
19.32 6.05814 6.05814 1 2 0
19.3204 6.05051 6.05051 1 2 0
19.3208 6.04288 6.04288 1 2 0
19.3213 6.03527 6.03527 1 2 0
19.3217 6.02765 6.02765 1 2 0
19.3221 6.02005 6.02005 1 2 0
19.3225 6.01245 6.01245 1 2 0
19.323 6.00486 6.00486 1 2 0
19.3234 5.99728 5.99728 1 2 0
19.3238 5.9897 5.9897 1 2 0
19.3243 5.98213 5.98213 1 2 0
19.3247 5.97457 5.97457 1 2 0
19.3252 5.96702 5.96702 1 2 0
19.3257 5.95947 5.95947 1 2 0
19.3261 5.95193 5.95193 1 2 0
19.3266 5.94439 5.94439 1 2 0
19.3271 5.93687 5.93687 1 2 0
19.3276 5.92935 5.92935 1 2 0
19.3281 5.92184 5.92184 1 2 0
19.3286 5.91433 5.91433 1 2 0
19.3291 5.90683 5.90683 1 2 0
19.3296 5.89934 5.89934 1 2 0
19.3301 5.89186 5.89186 1 2 0
19.3306 5.88438 5.88438 1 2 0
19.3311 5.87691 5.87691 1 2 0
19.3316 5.86945 5.86945 1 2 0
19.3322 5.86199 5.86199 1 2 0
19.3327 5.85455 5.85455 1 2 0
19.3332 5.8471 5.8471 1 2 0
19.3338 5.83967 5.83967 1 2 0
19.3343 5.83224 5.83224 1 2 0
19.3349 5.82482 5.82482 1 2 0
19.3354 5.81741 5.81741 1 2 0
19.336 5.81001 5.81001 1 2 0
19.3366 5.80261 5.80261 1 2 0
19.3371 5.79522 5.79522 1 2 0
19.3377 5.78783 5.78783 1 2 0
19.3383 5.78046 5.78046 1 2 0
19.3389 5.77309 5.77309 1 2 0
19.3395 5.76572 5.76572 1 2 0
19.3401 5.75837 5.75837 1 2 0
19.3407 5.75102 5.75102 1 2 0
19.3413 5.74368 5.74368 1 2 0
19.3419 5.73634 5.73634 1 2 0
19.3425 5.72902 5.72902 1 2 0
19.3431 5.7217 5.7217 1 2 0
19.3438 5.71438 5.71438 1 2 0
19.3444 5.70708 5.70708 1 2 0
19.345 5.69978 5.69978 1 2 0
19.3457 5.69249 5.69249 1 2 0
19.3463 5.68521 5.68521 1 2 0
19.347 5.67793 5.67793 1 2 0
19.3476 5.67066 5.67066 1 2 0
19.3483 5.6634 5.6634 1 2 0
19.349 5.65614 5.65614 1 2 0
19.3496 5.6489 5.6489 1 2 0
19.3503 5.64166 5.64166 1 2 0
19.351 5.63442 5.63442 1 2 0
19.3517 5.6272 5.6272 1 2 0
19.3524 5.61998 5.61998 1 2 0
19.353 5.61276 5.61276 1 2 0
19.3537 5.60556 5.60556 1 2 0
19.3545 5.59836 5.59836 1 2 0
19.3552 5.59117 5.59117 1 2 0
19.3559 5.58399 5.58399 1 2 0
19.3566 5.57681 5.57681 1 2 0
19.3573 5.56964 5.56964 1 2 0
19.358 5.56248 5.56248 1 2 0
19.3588 5.55533 5.55533 1 2 0
19.3595 5.54818 5.54818 1 2 0
19.3603 5.54104 5.54104 1 2 0
19.361 5.53391 5.53391 1 2 0
19.3618 5.52678 5.52678 1 2 0
19.3625 5.51967 5.51967 1 2 0
19.3633 5.51255 5.51255 1 2 0
19.364 5.50545 5.50545 1 2 0
19.3648 5.49835 5.49835 1 2 0
19.3656 5.49127 5.49127 1 2 0
19.3664 5.48418 5.48418 1 2 0
19.3671 5.47711 5.47711 1 2 0
19.3679 5.47004 5.47004 1 2 0
19.3687 5.46298 5.46298 1 2 0
19.3695 5.45593 5.45593 1 2 0
19.3703 5.44888 5.44888 1 2 0
19.3711 5.44184 5.44184 1 2 0
19.3719 5.43481 5.43481 1 2 0
19.3728 5.42779 5.42779 1 2 0
19.3736 5.42077 5.42077 1 2 0
19.3744 5.41376 5.41376 1 2 0
19.3752 5.40676 5.40676 1 2 0
19.3761 5.39976 5.39976 1 2 0
19.3769 5.39277 5.39277 1 2 0
19.3778 5.38579 5.38579 1 2 0
19.3786 5.37882 5.37882 1 2 0
19.3795 5.37185 5.37185 1 2 0
19.3803 5.36489 5.36489 1 2 0
19.3812 5.35794 5.35794 1 2 0
19.382 5.351 5.351 1 2 0
19.3829 5.34406 5.34406 1 2 0
19.3838 5.33713 5.33713 1 2 0
19.3847 5.33021 5.33021 1 2 0
19.3856 5.32329 5.32329 1 2 0
19.3864 5.31638 5.31638 1 2 0
19.3873 5.30948 5.30948 1 2 0
19.3882 5.30259 5.30259 1 2 0
19.3891 5.2957 5.2957 1 2 0
19.39 5.28882 5.28882 1 2 0
19.391 5.28195 5.28195 1 2 0
19.3919 5.27508 5.27508 1 2 0
19.3928 5.26823 5.26823 1 2 0
19.3937 5.26137 5.26137 1 2 0
19.3946 5.25453 5.25453 1 2 0
19.3956 5.2477 5.2477 1 2 0
19.3965 5.24087 5.24087 1 2 0
19.3975 5.23404 5.23404 1 2 0
19.3984 5.22723 5.22723 1 2 0
19.3993 5.22042 5.22042 1 2 0
19.4003 5.21362 5.21362 1 2 0
19.4013 5.20683 5.20683 1 2 0
19.4022 5.20005 5.20005 1 2 0
19.4032 5.19327 5.19327 1 2 0
19.4042 5.1865 5.1865 1 2 0
19.4051 5.17973 5.17973 1 2 0
19.4061 5.17298 5.17298 1 2 0
19.4071 5.16623 5.16623 1 2 0
19.4081 5.15948 5.15948 1 2 0
19.4091 5.15275 5.15275 1 2 0
19.4101 5.14602 5.14602 1 2 0
19.4111 5.1393 5.1393 1 2 0
19.4121 5.13259 5.13259 1 2 0
19.4131 5.12588 5.12588 1 2 0
19.4141 5.11918 5.11918 1 2 0
19.4151 5.11249 5.11249 1 2 0
19.4162 5.10581 5.10581 1 2 0
19.4172 5.09913 5.09913 1 2 0
19.4182 5.09246 5.09246 1 2 0
19.4193 5.0858 5.0858 1 2 0
19.4203 5.07914 5.07914 1 2 0
19.4213 5.0725 5.0725 1 2 0
19.4224 5.06586 5.06586 1 2 0
19.4234 5.05922 5.05922 1 2 0
19.4245 5.0526 5.0526 1 2 0
19.4256 5.04598 5.04598 1 2 0
19.4266 5.03936 5.03936 1 2 0
19.4277 5.03276 5.03276 1 2 0
19.4288 5.02616 5.02616 1 2 0
19.4298 5.01957 5.01957 1 2 0
19.4309 5.01299 5.01299 1 2 0
19.432 5.00641 5.00641 1 2 0
19.4331 4.99984 4.99984 1 2 0
19.4342 4.99328 4.99328 1 2 0
19.4353 4.98673 4.98673 1 2 0
19.4364 4.98018 4.98018 1 2 0
19.4375 4.97364 4.97364 1 2 0
19.4386 4.96711 4.96711 1 2 0
19.4397 4.96058 4.96058 1 2 0
19.4408 4.95407 4.95407 1 2 0
19.4419 4.94756 4.94756 1 2 0
19.4431 4.94105 4.94105 1 2 0
19.4442 4.93455 4.93455 1 2 0
19.4453 4.92807 4.92807 1 2 0
19.4465 4.92158 4.92158 1 2 0
19.4476 4.91511 4.91511 1 2 0
19.4488 4.90864 4.90864 1 2 0
19.4499 4.90218 4.90218 1 2 0
19.4511 4.89573 4.89573 1 2 0
19.4522 4.88928 4.88928 1 2 0
19.4534 4.88284 4.88284 1 2 0
19.4545 4.87641 4.87641 1 2 0
19.4557 4.86999 4.86999 1 2 0
19.4569 4.86357 4.86357 1 2 0
19.458 4.85716 4.85716 1 2 0
19.4592 4.85075 4.85075 1 2 0
19.4604 4.84436 4.84436 1 2 0
19.4616 4.83797 4.83797 1 2 0
19.4628 4.83159 4.83159 1 2 0
19.464 4.82521 4.82521 1 2 0
19.4652 4.81885 4.81885 1 2 0
19.4664 4.81249 4.81249 1 2 0
19.4676 4.80613 4.80613 1 2 0
19.4688 4.79979 4.79979 1 2 0
19.47 4.79345 4.79345 1 2 0
19.4712 4.78712 4.78712 1 2 0
19.4724 4.78079 4.78079 1 2 0
19.4737 4.77448 4.77448 1 2 0
19.4749 4.76817 4.76817 1 2 0
19.4761 4.76186 4.76186 1 2 0
19.4774 4.75557 4.75557 1 2 0
19.4786 4.74928 4.74928 1 2 0
19.4798 4.743 4.743 1 2 0
19.4811 4.73673 4.73673 1 2 0
19.4823 4.73046 4.73046 1 2 0
19.4836 4.7242 4.7242 1 2 0
19.4849 4.71795 4.71795 1 2 0
19.4861 4.7117 4.7117 1 2 0
19.4874 4.70546 4.70546 1 2 0
19.4886 4.69923 4.69923 1 2 0
19.4899 4.69301 4.69301 1 2 0
19.4912 4.68679 4.68679 1 2 0
19.4925 4.68058 4.68058 1 2 0
19.4938 4.67438 4.67438 1 2 0
19.495 4.66818 4.66818 1 2 0
19.4963 4.66199 4.66199 1 2 0
19.4976 4.65581 4.65581 1 2 0
19.4989 4.64964 4.64964 1 2 0
19.5002 4.64347 4.64347 1 2 0
19.5015 4.63731 4.63731 1 2 0
19.5028 4.63115 4.63115 1 2 0
19.5041 4.62501 4.62501 1 2 0
19.5054 4.61887 4.61887 1 2 0
19.5068 4.61274 4.61274 1 2 0
19.5081 4.60661 4.60661 1 2 0
19.5094 4.6005 4.6005 1 2 0
19.5107 4.59439 4.59439 1 2 0
19.5121 4.58828 4.58828 1 2 0
19.5134 4.58219 4.58219 1 2 0
19.5147 4.5761 4.5761 1 2 0
19.5161 4.57001 4.57001 1 2 0
19.5174 4.56394 4.56394 1 2 0
19.5188 4.55787 4.55787 1 2 0
19.5201 4.55181 4.55181 1 2 0
19.5215 4.54575 4.54575 1 2 0
19.5228 4.53971 4.53971 1 2 0
19.5242 4.53367 4.53367 1 2 0
19.5256 4.52764 4.52764 1 2 0
19.5269 4.52161 4.52161 1 2 0
19.5283 4.51559 4.51559 1 2 0
19.5297 4.50958 4.50958 1 2 0
19.531 4.50357 4.50357 1 2 0
19.5324 4.49758 4.49758 1 2 0
19.5338 4.49159 4.49159 1 2 0
19.5352 4.4856 4.4856 1 2 0
19.5366 4.47963 4.47963 1 2 0
19.538 4.47366 4.47366 1 2 0
19.5394 4.46769 4.46769 1 2 0
19.5408 4.46174 4.46174 1 2 0
19.5422 4.45579 4.45579 1 2 0
19.5436 4.44985 4.44985 1 2 0
19.545 4.44391 4.44391 1 2 0
19.5464 4.43799 4.43799 1 2 0
19.5478 4.43206 4.43206 1 2 0
19.5492 4.42615 4.42615 1 2 0
19.5506 4.42024 4.42024 1 2 0
19.5521 4.41435 4.41435 1 2 0
19.5535 4.40845 4.40845 1 2 0
19.5549 4.40257 4.40257 1 2 0
19.5564 4.39669 4.39669 1 2 0
19.5578 4.39082 4.39082 1 2 0
19.5592 4.38495 4.38495 1 2 0
19.5607 4.37909 4.37909 1 2 0
19.5621 4.37324 4.37324 1 2 0
19.5636 4.3674 4.3674 1 2 0
19.565 4.36156 4.36156 1 2 0
19.5665 4.35573 4.35573 1 2 0
19.5679 4.34991 4.34991 1 2 0
19.5694 4.34409 4.34409 1 2 0
19.5709 4.33828 4.33828 1 2 0
19.5723 4.33248 4.33248 1 2 0
19.5738 4.32669 4.32669 1 2 0
19.5753 4.3209 4.3209 1 2 0
19.5767 4.31512 4.31512 1 2 0
19.5782 4.30934 4.30934 1 2 0
19.5797 4.30357 4.30357 1 2 0
19.5812 4.29781 4.29781 1 2 0
19.5827 4.29206 4.29206 1 2 0
19.5842 4.28631 4.28631 1 2 0
19.5857 4.28057 4.28057 1 2 0
19.5871 4.27484 4.27484 1 2 0
19.5886 4.26911 4.26911 1 2 0
19.5901 4.26339 4.26339 1 2 0
19.5916 4.25768 4.25768 1 2 0
19.5932 4.25198 4.25198 1 2 0
19.5947 4.24628 4.24628 1 2 0
19.5962 4.24059 4.24059 1 2 0
19.5977 4.2349 4.2349 1 2 0
19.5992 4.22922 4.22922 1 2 0
19.6007 4.22355 4.22355 1 2 0
19.6022 4.21789 4.21789 1 2 0
19.6038 4.21223 4.21223 1 2 0
19.6053 4.20658 4.20658 1 2 0
19.6068 4.20093 4.20093 1 2 0
19.6084 4.1953 4.1953 1 2 0
19.6099 4.18967 4.18967 1 2 0
19.6114 4.18404 4.18404 1 2 0
19.613 4.17843 4.17843 1 2 0
19.6145 4.17282 4.17282 1 2 0
19.6161 4.16721 4.16721 1 2 0
19.6176 4.16162 4.16162 1 2 0
19.6192 4.15603 4.15603 1 2 0
19.6207 4.15045 4.15045 1 2 0
19.6223 4.14487 4.14487 1 2 0
19.6238 4.1393 4.1393 1 2 0
19.6254 4.13374 4.13374 1 2 0
19.627 4.12818 4.12818 1 2 0
19.6285 4.12264 4.12264 1 2 0
19.6301 4.11709 4.11709 1 2 0
19.6317 4.11156 4.11156 1 2 0
19.6332 4.10603 4.10603 1 2 0
19.6348 4.10051 4.10051 1 2 0
19.6364 4.09499 4.09499 1 2 0
19.638 4.08949 4.08949 1 2 0
19.6396 4.08398 4.08398 1 2 0
19.6411 4.07849 4.07849 1 2 0
19.6427 4.073 4.073 1 2 0
19.6443 4.06752 4.06752 1 2 0
19.6459 4.06205 4.06205 1 2 0
19.6475 4.05658 4.05658 1 2 0
19.6491 4.05112 4.05112 1 2 0
19.6507 4.04566 4.04566 1 2 0
19.6523 4.04022 4.04022 1 2 0
19.6539 4.03478 4.03478 1 2 0
19.6555 4.02934 4.02934 1 2 0
19.6571 4.02391 4.02391 1 2 0
19.6587 4.01849 4.01849 1 2 0
19.6604 4.01308 4.01308 1 2 0
19.662 4.00767 4.00767 1 2 0
19.6636 4.00227 4.00227 1 2 0
19.6652 3.99688 3.99688 1 2 0
19.6668 3.99149 3.99149 1 2 0
19.6685 3.98611 3.98611 1 2 0
19.6701 3.98073 3.98073 1 2 0
19.6717 3.97537 3.97537 1 2 0
19.6734 3.97001 3.97001 1 2 0
19.675 3.96465 3.96465 1 2 0
19.6766 3.9593 3.9593 1 2 0
19.6783 3.95396 3.95396 1 2 0
19.6799 3.94863 3.94863 1 2 0
19.6816 3.9433 3.9433 1 2 0
19.6832 3.93798 3.93798 1 2 0
19.6848 3.93266 3.93266 1 2 0
19.6865 3.92736 3.92736 1 2 0
19.6881 3.92206 3.92206 1 2 0
19.6898 3.91676 3.91676 1 2 0
19.6915 3.91147 3.91147 1 2 0
19.6931 3.90619 3.90619 1 2 0
19.6948 3.90092 3.90092 1 2 0
19.6964 3.89565 3.89565 1 2 0
19.6981 3.89039 3.89039 1 2 0
19.6998 3.88513 3.88513 1 2 0
19.7014 3.87988 3.87988 1 2 0
19.7031 3.87464 3.87464 1 2 0
19.7048 3.8694 3.8694 1 2 0
19.7065 3.86418 3.86418 1 2 0
19.7081 3.85895 3.85895 1 2 0
19.7098 3.85374 3.85374 1 2 0
19.7115 3.84853 3.84853 1 2 0
19.7132 3.84332 3.84332 1 2 0
19.7149 3.83813 3.83813 1 2 0
19.7165 3.83294 3.83294 1 2 0
19.7182 3.82775 3.82775 1 2 0
19.7199 3.82258 3.82258 1 2 0
19.7216 3.81741 3.81741 1 2 0
19.7233 3.81224 3.81224 1 2 0
19.725 3.80709 3.80709 1 2 0
19.7267 3.80193 3.80193 1 2 0
19.7284 3.79679 3.79679 1 2 0
19.7301 3.79165 3.79165 1 2 0
19.7318 3.78652 3.78652 1 2 0
19.7335 3.7814 3.7814 1 2 0
19.7352 3.77628 3.77628 1 2 0
19.7369 3.77116 3.77116 1 2 0
19.7386 3.76606 3.76606 1 2 0
19.7404 3.76096 3.76096 1 2 0
19.7421 3.75587 3.75587 1 2 0
19.7438 3.75078 3.75078 1 2 0
19.7455 3.7457 3.7457 1 2 0
19.7472 3.74063 3.74063 1 2 0
19.7489 3.73556 3.73556 1 2 0
19.7507 3.7305 3.7305 1 2 0
19.7524 3.72544 3.72544 1 2 0
19.7541 3.72039 3.72039 1 2 0
19.7558 3.71535 3.71535 1 2 0
19.7576 3.71032 3.71032 1 2 0
19.7593 3.70529 3.70529 1 2 0
19.761 3.70027 3.70027 1 2 0
19.7628 3.69525 3.69525 1 2 0
19.7645 3.69024 3.69024 1 2 0
19.7662 3.68524 3.68524 1 2 0
19.768 3.68024 3.68024 1 2 0
19.7697 3.67525 3.67525 1 2 0
19.7715 3.67026 3.67026 1 2 0
19.7732 3.66529 3.66529 1 2 0
19.775 3.66031 3.66031 1 2 0
19.7767 3.65535 3.65535 1 2 0
19.7785 3.65039 3.65039 1 2 0
19.7802 3.64544 3.64544 1 2 0
19.782 3.64049 3.64049 1 2 0
19.7837 3.63555 3.63555 1 2 0
19.7855 3.63061 3.63061 1 2 0
19.7872 3.62569 3.62569 1 2 0
19.789 3.62077 3.62077 1 2 0
19.7907 3.61585 3.61585 1 2 0
19.7925 3.61094 3.61094 1 2 0
19.7943 3.60604 3.60604 1 2 0
19.796 3.60114 3.60114 1 2 0
19.7978 3.59625 3.59625 1 2 0
19.7996 3.59137 3.59137 1 2 0
19.8013 3.58649 3.58649 1 2 0
19.8031 3.58162 3.58162 1 2 0
19.8049 3.57675 3.57675 1 2 0
19.8066 3.57189 3.57189 1 2 0
19.8084 3.56704 3.56704 1 2 0
19.8102 3.56219 3.56219 1 2 0
19.812 3.55735 3.55735 1 2 0
19.8138 3.55252 3.55252 1 2 0
19.8155 3.54769 3.54769 1 2 0
19.8173 3.54287 3.54287 1 2 0
19.8191 3.53805 3.53805 1 2 0
19.8209 3.53324 3.53324 1 2 0
19.8227 3.52844 3.52844 1 2 0
19.8245 3.52364 3.52364 1 2 0
19.8262 3.51885 3.51885 1 2 0
19.828 3.51407 3.51407 1 2 0
19.8298 3.50929 3.50929 1 2 0
19.8316 3.50452 3.50452 1 2 0
19.8334 3.49975 3.49975 1 2 0
19.8352 3.49499 3.49499 1 2 0
19.837 3.49024 3.49024 1 2 0
19.8388 3.48549 3.48549 1 2 0
19.8406 3.48075 3.48075 1 2 0
19.8424 3.47601 3.47601 1 2 0
19.8442 3.47128 3.47128 1 2 0
19.846 3.46656 3.46656 1 2 0
19.8478 3.46184 3.46184 1 2 0
19.8496 3.45713 3.45713 1 2 0
19.8514 3.45242 3.45242 1 2 0
19.8532 3.44772 3.44772 1 2 0
19.855 3.44303 3.44303 1 2 0
19.8568 3.43834 3.43834 1 2 0
19.8586 3.43366 3.43366 1 2 0
19.8604 3.42899 3.42899 1 2 0
19.8622 3.42432 3.42432 1 2 0
19.8641 3.41965 3.41965 1 2 0
19.8659 3.415 3.415 1 2 0
19.8677 3.41035 3.41035 1 2 0
19.8695 3.4057 3.4057 1 2 0
19.8713 3.40106 3.40106 1 2 0
19.8731 3.39643 3.39643 1 2 0
19.875 3.3918 3.3918 1 2 0
19.8768 3.38718 3.38718 1 2 0
19.8786 3.38257 3.38257 1 2 0
19.8804 3.37796 3.37796 1 2 0
19.8822 3.37335 3.37335 1 2 0
19.8841 3.36876 3.36876 1 2 0
19.8859 3.36417 3.36417 1 2 0
19.8877 3.35958 3.35958 1 2 0
19.8895 3.355 3.355 1 2 0
19.8914 3.35043 3.35043 1 2 0
19.8932 3.34586 3.34586 1 2 0
19.895 3.3413 3.3413 1 2 0
19.8969 3.33674 3.33674 1 2 0
19.8987 3.33219 3.33219 1 2 0
19.9005 3.32765 3.32765 1 2 0
19.9024 3.32311 3.32311 1 2 0
19.9042 3.31858 3.31858 1 2 0
19.906 3.31405 3.31405 1 2 0
19.9079 3.30953 3.30953 1 2 0
19.9097 3.30502 3.30502 1 2 0
19.9115 3.30051 3.30051 1 2 0
19.9134 3.29601 3.29601 1 2 0
19.9152 3.29151 3.29151 1 2 0
19.9171 3.28702 3.28702 1 2 0
19.9189 3.28254 3.28254 1 2 0
19.9207 3.27806 3.27806 1 2 0
19.9226 3.27358 3.27358 1 2 0
19.9244 3.26912 3.26912 1 2 0
19.9263 3.26466 3.26466 1 2 0
19.9281 3.2602 3.2602 1 2 0
19.93 3.25575 3.25575 1 2 0
19.9318 3.25131 3.25131 1 2 0
19.9337 3.24687 3.24687 1 2 0
19.9355 3.24243 3.24243 1 2 0
19.9373 3.23801 3.23801 1 2 0
19.9392 3.23359 3.23359 1 2 0
19.941 3.22917 3.22917 1 2 0
19.9429 3.22476 3.22476 1 2 0
19.9448 3.22036 3.22036 1 2 0
19.9466 3.21596 3.21596 1 2 0
19.9485 3.21157 3.21157 1 2 0
19.9503 3.20718 3.20718 1 2 0
19.9522 3.2028 3.2028 1 2 0
19.954 3.19843 3.19843 1 2 0
19.9559 3.19406 3.19406 1 2 0
19.9577 3.18969 3.18969 1 2 0
19.9596 3.18534 3.18534 1 2 0
19.9614 3.18099 3.18099 1 2 0
19.9633 3.17664 3.17664 1 2 0
19.9652 3.1723 3.1723 1 2 0
19.967 3.16796 3.16796 1 2 0
19.9689 3.16363 3.16363 1 2 0
19.9707 3.15931 3.15931 1 2 0
19.9726 3.15499 3.15499 1 2 0
19.9745 3.15068 3.15068 1 2 0
19.9763 3.14637 3.14637 1 2 0
19.9782 3.14207 3.14207 1 2 0
19.9801 3.13778 3.13778 1 2 0
19.9819 3.13349 3.13349 1 2 0
19.9838 3.1292 3.1292 1 2 0
19.9856 3.12493 3.12493 1 2 0
19.9875 3.12065 3.12065 1 2 0
19.9894 3.11639 3.11639 1 2 0
19.9912 3.11213 3.11213 1 2 0
19.9931 3.10787 3.10787 1 2 0
19.995 3.10362 3.10362 1 2 0
19.9968 3.09937 3.09937 1 2 0
19.9987 3.09514 3.09514 1 2 0
20.0006 3.0909 3.0909 1 2 0
20.0024 3.08667 3.08667 1 2 0
20.0043 3.08245 3.08245 1 2 0
20.0062 3.07824 3.07824 1 2 0
20.0081 3.07402 3.07402 1 2 0
20.0099 3.06982 3.06982 1 2 0
20.0118 3.06562 3.06562 1 2 0
20.0137 3.06142 3.06142 1 2 0
20.0155 3.05724 3.05724 1 2 0
20.0174 3.05305 3.05305 1 2 0
20.0193 3.04887 3.04887 1 2 0
20.0212 3.0447 3.0447 1 2 0
20.023 3.04053 3.04053 1 2 0
20.0249 3.03637 3.03637 1 2 0
20.0268 3.03222 3.03222 1 2 0
20.0287 3.02807 3.02807 1 2 0
20.0305 3.02392 3.02392 1 2 0
20.0324 3.01978 3.01978 1 2 0
20.0343 3.01565 3.01565 1 2 0
20.0361 3.01152 3.01152 1 2 0
20.038 3.0074 3.0074 1 2 0
20.0399 3.00328 3.00328 1 2 0
20.0418 2.99917 2.99917 1 2 0
20.0437 2.99506 2.99506 1 2 0
20.0455 2.99096 2.99096 1 2 0
20.0474 2.98686 2.98686 1 2 0
20.0493 2.98277 2.98277 1 2 0
20.0512 2.97869 2.97869 1 2 0
20.053 2.97461 2.97461 1 2 0
20.0549 2.97053 2.97053 1 2 0
20.0568 2.96647 2.96647 1 2 0
20.0587 2.9624 2.9624 1 2 0
20.0606 2.95834 2.95834 1 2 0
20.0624 2.95429 2.95429 1 2 0
20.0643 2.95024 2.95024 1 2 0
20.0662 2.9462 2.9462 1 2 0
20.0681 2.94217 2.94217 1 2 0
20.0699 2.93813 2.93813 1 2 0
20.0718 2.93411 2.93411 1 2 0
20.0737 2.93009 2.93009 1 2 0
20.0756 2.92607 2.92607 1 2 0
20.0775 2.92206 2.92206 1 2 0
20.0793 2.91806 2.91806 1 2 0
20.0812 2.91406 2.91406 1 2 0
20.0831 2.91007 2.91007 1 2 0
20.085 2.90608 2.90608 1 2 0
20.0869 2.90209 2.90209 1 2 0
20.0887 2.89812 2.89812 1 2 0
20.0906 2.89414 2.89414 1 2 0
20.0925 2.89018 2.89018 1 2 0
20.0944 2.88621 2.88621 1 2 0
20.0963 2.88226 2.88226 1 2 0
20.0981 2.87831 2.87831 1 2 0
20.1 2.87436 2.87436 1 2 0
20.1019 2.87042 2.87042 1 2 0
20.1038 2.86648 2.86648 1 2 0
20.1057 2.86255 2.86255 1 2 0
20.1076 2.85863 2.85863 1 2 0
20.1094 2.85471 2.85471 1 2 0
20.1113 2.85079 2.85079 1 2 0
20.1132 2.84688 2.84688 1 2 0
20.1151 2.84298 2.84298 1 2 0
20.117 2.83908 2.83908 1 2 0
20.1188 2.83518 2.83518 1 2 0
20.1207 2.8313 2.8313 1 2 0
20.1226 2.82741 2.82741 1 2 0
20.1245 2.82353 2.82353 1 2 0
20.1264 2.81966 2.81966 1 2 0
20.1282 2.81579 2.81579 1 2 0
20.1301 2.81193 2.81193 1 2 0
20.132 2.80807 2.80807 1 2 0
20.1339 2.80422 2.80422 1 2 0
20.1358 2.80037 2.80037 1 2 0
20.1376 2.79653 2.79653 1 2 0
20.1395 2.79269 2.79269 1 2 0
20.1414 2.78886 2.78886 1 2 0
20.1433 2.78503 2.78503 1 2 0
20.1452 2.78121 2.78121 1 2 0
20.147 2.77739 2.77739 1 2 0
20.1489 2.77358 2.77358 1 2 0
20.1508 2.76978 2.76978 1 2 0
20.1527 2.76597 2.76597 1 2 0
20.1546 2.76218 2.76218 1 2 0
20.1564 2.75839 2.75839 1 2 0
20.1583 2.7546 2.7546 1 2 0
20.1602 2.75082 2.75082 1 2 0
20.1621 2.74704 2.74704 1 2 0
20.1639 2.74327 2.74327 1 2 0
20.1658 2.73951 2.73951 1 2 0
20.1677 2.73574 2.73574 1 2 0
20.1696 2.73199 2.73199 1 2 0
20.1715 2.72824 2.72824 1 2 0
20.1733 2.72449 2.72449 1 2 0
20.1752 2.72075 2.72075 1 2 0
20.1771 2.71702 2.71702 1 2 0
20.179 2.71328 2.71328 1 2 0
20.1808 2.70956 2.70956 1 2 0
20.1827 2.70584 2.70584 1 2 0
20.1846 2.70212 2.70212 1 2 0
20.1865 2.69841 2.69841 1 2 0
20.1883 2.6947 2.6947 1 2 0
20.1902 2.691 2.691 1 2 0
20.1921 2.68731 2.68731 1 2 0
20.194 2.68362 2.68362 1 2 0
20.1958 2.67993 2.67993 1 2 0
20.1977 2.67625 2.67625 1 2 0
20.1996 2.67257 2.67257 1 2 0
20.2015 2.6689 2.6689 1 2 0
20.2033 2.66524 2.66524 1 2 0
20.2052 2.66157 2.66157 1 2 0
20.2071 2.65792 2.65792 1 2 0
20.2089 2.65427 2.65427 1 2 0
20.2108 2.65062 2.65062 1 2 0
20.2127 2.64698 2.64698 1 2 0
20.2146 2.64334 2.64334 1 2 0
20.2164 2.63971 2.63971 1 2 0
20.2183 2.63608 2.63608 1 2 0
20.2202 2.63246 2.63246 1 2 0
20.222 2.62884 2.62884 1 2 0
20.2239 2.62523 2.62523 1 2 0
20.2258 2.62162 2.62162 1 2 0
20.2276 2.61802 2.61802 1 2 0
20.2295 2.61442 2.61442 1 2 0
20.2314 2.61083 2.61083 1 2 0
20.2332 2.60724 2.60724 1 2 0
20.2351 2.60365 2.60365 1 2 0
20.237 2.60008 2.60008 1 2 0
20.2388 2.5965 2.5965 1 2 0
20.2407 2.59293 2.59293 1 2 0
20.2426 2.58937 2.58937 1 2 0
20.2444 2.58581 2.58581 1 2 0
20.2463 2.58225 2.58225 1 2 0
20.2482 2.5787 2.5787 1 2 0
20.25 2.57516 2.57516 1 2 0
20.2519 2.57162 2.57162 1 2 0
20.2538 2.56808 2.56808 1 2 0
20.2556 2.56455 2.56455 1 2 0
20.2575 2.56103 2.56103 1 2 0
20.2593 2.5575 2.5575 1 2 0
20.2612 2.55399 2.55399 1 2 0
20.2631 2.55048 2.55048 1 2 0
20.2649 2.54697 2.54697 1 2 0
20.2668 2.54347 2.54347 1 2 0
20.2686 2.53997 2.53997 1 2 0
20.2705 2.53648 2.53648 1 2 0
20.2723 2.53299 2.53299 1 2 0
20.2742 2.5295 2.5295 1 2 0
20.2761 2.52603 2.52603 1 2 0
20.2779 2.52255 2.52255 1 2 0
20.2798 2.51908 2.51908 1 2 0
20.2816 2.51562 2.51562 1 2 0
20.2835 2.51216 2.51216 1 2 0
20.2853 2.5087 2.5087 1 2 0
20.2872 2.50525 2.50525 1 2 0
20.289 2.5018 2.5018 1 2 0
20.2909 2.49836 2.49836 1 2 0
20.2927 2.49493 2.49493 1 2 0
20.2946 2.49149 2.49149 1 2 0
20.2964 2.48807 2.48807 1 2 0
20.2983 2.48464 2.48464 1 2 0
20.3001 2.48122 2.48122 1 2 0
20.302 2.47781 2.47781 1 2 0
20.3038 2.4744 2.4744 1 2 0
20.3057 2.471 2.471 1 2 0
20.3075 2.4676 2.4676 1 2 0
20.3094 2.4642 2.4642 1 2 0
20.3112 2.46081 2.46081 1 2 0
20.313 2.45742 2.45742 1 2 0
20.3149 2.45404 2.45404 1 2 0
20.3167 2.45067 2.45067 1 2 0
20.3186 2.44729 2.44729 1 2 0
20.3204 2.44393 2.44393 1 2 0
20.3223 2.44056 2.44056 1 2 0
20.3241 2.4372 2.4372 1 2 0
20.3259 2.43385 2.43385 1 2 0
20.3278 2.4305 2.4305 1 2 0
20.3296 2.42715 2.42715 1 2 0
20.3315 2.42381 2.42381 1 2 0
20.3333 2.42048 2.42048 1 2 0
20.3351 2.41715 2.41715 1 2 0
20.337 2.41382 2.41382 1 2 0
20.3388 2.4105 2.4105 1 2 0
20.3406 2.40718 2.40718 1 2 0
20.3425 2.40386 2.40386 1 2 0
20.3443 2.40055 2.40055 1 2 0
20.3461 2.39725 2.39725 1 2 0
20.348 2.39395 2.39395 1 2 0
20.3498 2.39065 2.39065 1 2 0
20.3516 2.38736 2.38736 1 2 0
20.3534 2.38408 2.38408 1 2 0
20.3553 2.38079 2.38079 1 2 0
20.3571 2.37751 2.37751 1 2 0
20.3589 2.37424 2.37424 1 2 0
20.3607 2.37097 2.37097 1 2 0
20.3626 2.36771 2.36771 1 2 0
20.3644 2.36445 2.36445 1 2 0
20.3662 2.36119 2.36119 1 2 0
20.368 2.35794 2.35794 1 2 0
20.3699 2.35469 2.35469 1 2 0
20.3717 2.35145 2.35145 1 2 0
20.3735 2.34821 2.34821 1 2 0
20.3753 2.34498 2.34498 1 2 0
20.3771 2.34175 2.34175 1 2 0
20.379 2.33852 2.33852 1 2 0
20.3808 2.3353 2.3353 1 2 0
20.3826 2.33209 2.33209 1 2 0
20.3844 2.32887 2.32887 1 2 0
20.3862 2.32567 2.32567 1 2 0
20.388 2.32246 2.32246 1 2 0
20.3899 2.31926 2.31926 1 2 0
20.3917 2.31607 2.31607 1 2 0
20.3935 2.31288 2.31288 1 2 0
20.3953 2.30969 2.30969 1 2 0
20.3971 2.30651 2.30651 1 2 0
20.3989 2.30333 2.30333 1 2 0
20.4007 2.30016 2.30016 1 2 0
20.4025 2.29699 2.29699 1 2 0
20.4043 2.29383 2.29383 1 2 0
20.4061 2.29067 2.29067 1 2 0
20.4079 2.28751 2.28751 1 2 0
20.4097 2.28436 2.28436 1 2 0
20.4115 2.28121 2.28121 1 2 0
20.4133 2.27807 2.27807 1 2 0
20.4151 2.27493 2.27493 1 2 0
20.4169 2.2718 2.2718 1 2 0
20.4187 2.26867 2.26867 1 2 0
20.4205 2.26554 2.26554 1 2 0
20.4223 2.26242 2.26242 1 2 0
20.4241 2.2593 2.2593 1 2 0
20.4259 2.25619 2.25619 1 2 0
20.4277 2.25308 2.25308 1 2 0
20.4295 2.24997 2.24997 1 2 0
20.4313 2.24687 2.24687 1 2 0
20.4331 2.24378 2.24378 1 2 0
20.4349 2.24068 2.24068 1 2 0
20.4367 2.2376 2.2376 1 2 0
20.4385 2.23451 2.23451 1 2 0
20.4403 2.23143 2.23143 1 2 0
20.442 2.22836 2.22836 1 2 0
20.4438 2.22529 2.22529 1 2 0
20.4456 2.22222 2.22222 1 2 0
20.4474 2.21916 2.21916 1 2 0
20.4492 2.2161 2.2161 1 2 0
20.451 2.21304 2.21304 1 2 0
20.4528 2.20999 2.20999 1 2 0
20.4545 2.20695 2.20695 1 2 0
20.4563 2.2039 2.2039 1 2 0
20.4581 2.20087 2.20087 1 2 0
20.4599 2.19783 2.19783 1 2 0
20.4616 2.1948 2.1948 1 2 0
20.4634 2.19178 2.19178 1 2 0
20.4652 2.18876 2.18876 1 2 0
20.467 2.18574 2.18574 1 2 0
20.4687 2.18272 2.18272 1 2 0
20.4705 2.17972 2.17972 1 2 0
20.4723 2.17671 2.17671 1 2 0
20.4741 2.17371 2.17371 1 2 0
20.4758 2.17071 2.17071 1 2 0
20.4776 2.16772 2.16772 1 2 0
20.4794 2.16473 2.16473 1 2 0
20.4811 2.16175 2.16175 1 2 0
20.4829 2.15876 2.15876 1 2 0
20.4846 2.15579 2.15579 1 2 0
20.4864 2.15282 2.15282 1 2 0
20.4882 2.14985 2.14985 1 2 0
20.4899 2.14688 2.14688 1 2 0
20.4917 2.14392 2.14392 1 2 0
20.4935 2.14097 2.14097 1 2 0
20.4952 2.13801 2.13801 1 2 0
20.497 2.13506 2.13506 1 2 0
20.4987 2.13212 2.13212 1 2 0
20.5005 2.12918 2.12918 1 2 0
20.5022 2.12624 2.12624 1 2 0
20.504 2.12331 2.12331 1 2 0
20.5057 2.12038 2.12038 1 2 0
20.5075 2.11746 2.11746 1 2 0
20.5092 2.11454 2.11454 1 2 0
20.511 2.11162 2.11162 1 2 0
20.5127 2.10871 2.10871 1 2 0
20.5145 2.1058 2.1058 1 2 0
20.5162 2.1029 2.1029 1 2 0
20.518 2.1 2.1 1 2 0
20.5197 2.0971 2.0971 1 2 0
20.5214 2.09421 2.09421 1 2 0
20.5232 2.09132 2.09132 1 2 0
20.5249 2.08843 2.08843 1 2 0
20.5251 2.08817 2.08817 2 2 0
20.5268 2.08529 2.08529 2 2 0
20.5286 2.08241 2.08241 2 2 0
20.5303 2.07954 2.07954 2 2 0
20.532 2.07667 2.07667 2 2 0
20.5338 2.07381 2.07381 2 2 0
20.5355 2.07095 2.07095 2 2 0
20.5372 2.06809 2.06809 2 2 0
20.5389 2.06523 2.06523 2 2 0
20.5407 2.06239 2.06239 2 2 0
20.5424 2.05954 2.05954 2 2 0
20.5441 2.0567 2.0567 2 2 0
20.5459 2.05386 2.05386 2 2 0
20.5476 2.05103 2.05103 2 2 0
20.5493 2.0482 2.0482 2 2 0
20.551 2.04537 2.04537 2 2 0
20.5527 2.04255 2.04255 2 2 0
20.5545 2.03973 2.03973 2 2 0
20.5562 2.03692 2.03692 2 2 0
20.5579 2.03411 2.03411 2 2 0
20.5596 2.0313 2.0313 2 2 0
20.5613 2.0285 2.0285 2 2 0
20.5631 2.0257 2.0257 2 2 0
20.5648 2.0229 2.0229 2 2 0
20.5665 2.02011 2.02011 2 2 0
20.5682 2.01732 2.01732 2 2 0
20.5699 2.01454 2.01454 2 2 0
20.5716 2.01176 2.01176 2 2 0
20.5733 2.00898 2.00898 2 2 0
20.575 2.00621 2.00621 2 2 0
20.5767 2.00344 2.00344 2 2 0
20.5784 2.00067 2.00067 2 2 0
20.5801 1.99791 1.99791 2 2 0
20.5818 1.99516 1.99516 2 2 0
20.5835 1.9924 1.9924 2 2 0
20.5852 1.98965 1.98965 2 2 0
20.5869 1.98691 1.98691 2 2 0
20.5886 1.98416 1.98416 2 2 0
20.5903 1.98142 1.98142 2 2 0
20.592 1.97869 1.97869 2 2 0
20.5937 1.97596 1.97596 2 2 0
20.5954 1.97323 1.97323 2 2 0
20.5971 1.97051 1.97051 2 2 0
20.5988 1.96779 1.96779 2 2 0
20.6005 1.96507 1.96507 2 2 0
20.6022 1.96236 1.96236 2 2 0
20.6038 1.95965 1.95965 2 2 0
20.6055 1.95694 1.95694 2 2 0
20.6072 1.95424 1.95424 2 2 0
20.6089 1.95154 1.95154 2 2 0
20.6106 1.94885 1.94885 2 2 0
20.6122 1.94616 1.94616 2 2 0
20.6139 1.94347 1.94347 2 2 0
20.6156 1.94079 1.94079 2 2 0
20.6173 1.93811 1.93811 2 2 0
20.619 1.93543 1.93543 2 2 0
20.6206 1.93276 1.93276 2 2 0
20.6223 1.93009 1.93009 2 2 0
20.624 1.92743 1.92743 2 2 0
20.6256 1.92477 1.92477 2 2 0
20.6273 1.92211 1.92211 2 2 0
20.629 1.91945 1.91945 2 2 0
20.6306 1.9168 1.9168 2 2 0
20.6323 1.91416 1.91416 2 2 0
20.634 1.91151 1.91151 2 2 0
20.6356 1.90887 1.90887 2 2 0
20.6373 1.90624 1.90624 2 2 0
20.639 1.90361 1.90361 2 2 0
20.6406 1.90098 1.90098 2 2 0
20.6423 1.89835 1.89835 2 2 0
20.6439 1.89573 1.89573 2 2 0
20.6456 1.89311 1.89311 2 2 0
20.6472 1.8905 1.8905 2 2 0
20.6489 1.88789 1.88789 2 2 0
20.6505 1.88528 1.88528 2 2 0
20.6522 1.88268 1.88268 2 2 0
20.6538 1.88007 1.88007 2 2 0
20.6555 1.87748 1.87748 2 2 0
20.6571 1.87489 1.87489 2 2 0
20.6588 1.8723 1.8723 2 2 0
20.6604 1.86971 1.86971 2 2 0
20.6621 1.86713 1.86713 2 2 0
20.6637 1.86455 1.86455 2 2 0
20.6653 1.86197 1.86197 2 2 0
20.667 1.8594 1.8594 2 2 0
20.6686 1.85683 1.85683 2 2 0
20.6702 1.85427 1.85427 2 2 0
20.6719 1.85171 1.85171 2 2 0
20.6735 1.84915 1.84915 2 2 0
20.6751 1.84659 1.84659 2 2 0
20.6768 1.84404 1.84404 2 2 0
20.6784 1.8415 1.8415 2 2 0
20.68 1.83895 1.83895 2 2 0
20.6817 1.83641 1.83641 2 2 0
20.6833 1.83387 1.83387 2 2 0
20.6849 1.83134 1.83134 2 2 0
20.6865 1.82881 1.82881 2 2 0
20.6881 1.82628 1.82628 2 2 0
20.6898 1.82376 1.82376 2 2 0
20.6914 1.82124 1.82124 2 2 0
20.693 1.81872 1.81872 2 2 0
20.6946 1.81621 1.81621 2 2 0
20.6962 1.8137 1.8137 2 2 0
20.6978 1.8112 1.8112 2 2 0
20.6995 1.80869 1.80869 2 2 0
20.7011 1.8062 1.8062 2 2 0
20.7027 1.8037 1.8037 2 2 0
20.7043 1.80121 1.80121 2 2 0
20.7059 1.79872 1.79872 2 2 0
20.7075 1.79623 1.79623 2 2 0
20.7091 1.79375 1.79375 2 2 0
20.7107 1.79127 1.79127 2 2 0
20.7123 1.7888 1.7888 2 2 0
20.7139 1.78633 1.78633 2 2 0
20.7155 1.78386 1.78386 2 2 0
20.7171 1.78139 1.78139 2 2 0
20.7187 1.77893 1.77893 2 2 0
20.7203 1.77647 1.77647 2 2 0
20.7219 1.77402 1.77402 2 2 0
20.7235 1.77156 1.77156 2 2 0
20.7251 1.76912 1.76912 2 2 0
20.7267 1.76667 1.76667 2 2 0
20.7282 1.76423 1.76423 2 2 0
20.7298 1.76179 1.76179 2 2 0
20.7314 1.75936 1.75936 2 2 0
20.733 1.75692 1.75692 2 2 0
20.7346 1.7545 1.7545 2 2 0
20.7362 1.75207 1.75207 2 2 0
20.7377 1.74965 1.74965 2 2 0
20.7393 1.74723 1.74723 2 2 0
20.7409 1.74482 1.74482 2 2 0
20.7425 1.7424 1.7424 2 2 0
20.744 1.74 1.74 2 2 0
20.7456 1.73759 1.73759 2 2 0
20.7472 1.73519 1.73519 2 2 0
20.7488 1.73279 1.73279 2 2 0
20.7503 1.7304 1.7304 2 2 0
20.7519 1.728 1.728 2 2 0
20.7535 1.72562 1.72562 2 2 0
20.755 1.72323 1.72323 2 2 0
20.7566 1.72085 1.72085 2 2 0
20.7581 1.71847 1.71847 2 2 0
20.7597 1.71609 1.71609 2 2 0
20.7613 1.71372 1.71372 2 2 0
20.7628 1.71135 1.71135 2 2 0
20.7644 1.70899 1.70899 2 2 0
20.7659 1.70662 1.70662 2 2 0
20.7675 1.70426 1.70426 2 2 0
20.769 1.70191 1.70191 2 2 0
20.7706 1.69955 1.69955 2 2 0
20.7721 1.6972 1.6972 2 2 0
20.7737 1.69486 1.69486 2 2 0
20.7752 1.69251 1.69251 2 2 0
20.7768 1.69017 1.69017 2 2 0
20.7783 1.68784 1.68784 2 2 0
20.7799 1.6855 1.6855 2 2 0
20.7814 1.68317 1.68317 2 2 0
20.7829 1.68085 1.68085 2 2 0
20.7845 1.67852 1.67852 2 2 0
20.786 1.6762 1.6762 2 2 0
20.7876 1.67388 1.67388 2 2 0
20.7891 1.67157 1.67157 2 2 0
20.7906 1.66926 1.66926 2 2 0
20.7922 1.66695 1.66695 2 2 0
20.7937 1.66464 1.66464 2 2 0
20.7952 1.66234 1.66234 2 2 0
20.7967 1.66004 1.66004 2 2 0
20.7983 1.65775 1.65775 2 2 0
20.7998 1.65545 1.65545 2 2 0
20.8013 1.65316 1.65316 2 2 0
20.8028 1.65088 1.65088 2 2 0
20.8043 1.64859 1.64859 2 2 0
20.8059 1.64631 1.64631 2 2 0
20.8074 1.64404 1.64404 2 2 0
20.8089 1.64176 1.64176 2 2 0
20.8104 1.63949 1.63949 2 2 0
20.8119 1.63723 1.63723 2 2 0
20.8134 1.63496 1.63496 2 2 0
20.8149 1.6327 1.6327 2 2 0
20.8165 1.63044 1.63044 2 2 0
20.818 1.62819 1.62819 2 2 0
20.8195 1.62593 1.62593 2 2 0
20.821 1.62369 1.62369 2 2 0
20.8225 1.62144 1.62144 2 2 0
20.824 1.6192 1.6192 2 2 0
20.8255 1.61696 1.61696 2 2 0
20.827 1.61472 1.61472 2 2 0
20.8285 1.61249 1.61249 2 2 0
20.83 1.61026 1.61026 2 2 0
20.8315 1.60803 1.60803 2 2 0
20.833 1.6058 1.6058 2 2 0
20.8345 1.60358 1.60358 2 2 0
20.8359 1.60136 1.60136 2 2 0
20.8374 1.59915 1.59915 2 2 0
20.8389 1.59694 1.59694 2 2 0
20.8404 1.59473 1.59473 2 2 0
20.8419 1.59252 1.59252 2 2 0
20.8434 1.59032 1.59032 2 2 0
20.8449 1.58812 1.58812 2 2 0
20.8463 1.58592 1.58592 2 2 0
20.8478 1.58373 1.58373 2 2 0
20.8493 1.58154 1.58154 2 2 0
20.8508 1.57935 1.57935 2 2 0
20.8522 1.57716 1.57716 2 2 0
20.8537 1.57498 1.57498 2 2 0
20.8552 1.5728 1.5728 2 2 0
20.8567 1.57062 1.57062 2 2 0
20.8581 1.56845 1.56845 2 2 0
20.8596 1.56628 1.56628 2 2 0
20.8611 1.56411 1.56411 2 2 0
20.8625 1.56195 1.56195 2 2 0
20.864 1.55979 1.55979 2 2 0
20.8654 1.55763 1.55763 2 2 0
20.8669 1.55547 1.55547 2 2 0
20.8684 1.55332 1.55332 2 2 0
20.8698 1.55117 1.55117 2 2 0
20.8713 1.54903 1.54903 2 2 0
20.8727 1.54688 1.54688 2 2 0
20.8742 1.54474 1.54474 2 2 0
20.8756 1.5426 1.5426 2 2 0
20.8771 1.54047 1.54047 2 2 0
20.8785 1.53834 1.53834 2 2 0
20.88 1.53621 1.53621 2 2 0
20.8814 1.53408 1.53408 2 2 0
20.8829 1.53196 1.53196 2 2 0
20.8843 1.52984 1.52984 2 2 0
20.8858 1.52772 1.52772 2 2 0
20.8872 1.52561 1.52561 2 2 0
20.8886 1.52349 1.52349 2 2 0
20.8901 1.52139 1.52139 2 2 0
20.8915 1.51928 1.51928 2 2 0
20.8929 1.51718 1.51718 2 2 0
20.8944 1.51508 1.51508 2 2 0
20.8958 1.51298 1.51298 2 2 0
20.8972 1.51089 1.51089 2 2 0
20.8987 1.50879 1.50879 2 2 0
20.9001 1.50671 1.50671 2 2 0
20.9015 1.50462 1.50462 2 2 0
20.9029 1.50254 1.50254 2 2 0
20.9044 1.50046 1.50046 2 2 0
20.9058 1.49838 1.49838 2 2 0
20.9072 1.49631 1.49631 2 2 0
20.9086 1.49423 1.49423 2 2 0
20.91 1.49217 1.49217 2 2 0
20.9115 1.4901 1.4901 2 2 0
20.9129 1.48804 1.48804 2 2 0
20.9143 1.48598 1.48598 2 2 0
20.9157 1.48392 1.48392 2 2 0
20.9171 1.48187 1.48187 2 2 0
20.9185 1.47981 1.47981 2 2 0
20.9199 1.47776 1.47776 2 2 0
20.9213 1.47572 1.47572 2 2 0
20.9227 1.47368 1.47368 2 2 0
20.9241 1.47164 1.47164 2 2 0
20.9255 1.4696 1.4696 2 2 0
20.9269 1.46756 1.46756 2 2 0
20.9283 1.46553 1.46553 2 2 0
20.9297 1.4635 1.4635 2 2 0
20.9311 1.46148 1.46148 2 2 0
20.9325 1.45945 1.45945 2 2 0
20.9339 1.45743 1.45743 2 2 0
20.9353 1.45541 1.45541 2 2 0
20.9367 1.4534 1.4534 2 2 0
20.9381 1.45138 1.45138 2 2 0
20.9395 1.44937 1.44937 2 2 0
20.9408 1.44737 1.44737 2 2 0
20.9422 1.44536 1.44536 2 2 0
20.9436 1.44336 1.44336 2 2 0
20.945 1.44136 1.44136 2 2 0
20.9464 1.43937 1.43937 2 2 0
20.9478 1.43737 1.43737 2 2 0
20.9491 1.43538 1.43538 2 2 0
20.9505 1.43339 1.43339 2 2 0
20.9519 1.43141 1.43141 2 2 0
20.9532 1.42943 1.42943 2 2 0
20.9546 1.42745 1.42745 2 2 0
20.956 1.42547 1.42547 2 2 0
20.9574 1.4235 1.4235 2 2 0
20.9587 1.42152 1.42152 2 2 0
20.9601 1.41956 1.41956 2 2 0
20.9615 1.41759 1.41759 2 2 0
20.9628 1.41563 1.41563 2 2 0
20.9642 1.41366 1.41366 2 2 0
20.9655 1.41171 1.41171 2 2 0
20.9669 1.40975 1.40975 2 2 0
20.9682 1.4078 1.4078 2 2 0
20.9696 1.40585 1.40585 2 2 0
20.971 1.4039 1.4039 2 2 0
20.9723 1.40196 1.40196 2 2 0
20.9737 1.40001 1.40001 2 2 0
20.975 1.39807 1.39807 2 2 0
20.9764 1.39614 1.39614 2 2 0
20.9777 1.3942 1.3942 2 2 0
20.979 1.39227 1.39227 2 2 0
20.9804 1.39034 1.39034 2 2 0
20.9817 1.38842 1.38842 2 2 0
20.9831 1.38649 1.38649 2 2 0
20.9844 1.38457 1.38457 2 2 0
20.9857 1.38265 1.38265 2 2 0
20.9871 1.38074 1.38074 2 2 0
20.9884 1.37883 1.37883 2 2 0
20.9897 1.37692 1.37692 2 2 0
20.9911 1.37501 1.37501 2 2 0
20.9924 1.3731 1.3731 2 2 0
20.9937 1.3712 1.3712 2 2 0
20.9951 1.3693 1.3693 2 2 0
20.9964 1.3674 1.3674 2 2 0
20.9977 1.36551 1.36551 2 2 0
20.999 1.36362 1.36362 2 2 0
21.0004 1.36173 1.36173 2 2 0
21.0017 1.35984 1.35984 2 2 0
21.003 1.35795 1.35795 2 2 0
21.0043 1.35607 1.35607 2 2 0
21.0056 1.35419 1.35419 2 2 0
21.0069 1.35232 1.35232 2 2 0
21.0083 1.35044 1.35044 2 2 0
21.0096 1.34857 1.34857 2 2 0
21.0109 1.3467 1.3467 2 2 0
21.0122 1.34484 1.34484 2 2 0
21.0135 1.34297 1.34297 2 2 0
21.0148 1.34111 1.34111 2 2 0
21.0161 1.33925 1.33925 2 2 0
21.0174 1.3374 1.3374 2 2 0
21.0187 1.33554 1.33554 2 2 0
21.02 1.33369 1.33369 2 2 0
21.0213 1.33184 1.33184 2 2 0
21.0226 1.33 1.33 2 2 0
21.0239 1.32815 1.32815 2 2 0
21.0252 1.32631 1.32631 2 2 0
21.0265 1.32447 1.32447 2 2 0
21.0278 1.32264 1.32264 2 2 0
21.0291 1.32081 1.32081 2 2 0
21.0303 1.31897 1.31897 2 2 0
21.0316 1.31715 1.31715 2 2 0
21.0329 1.31532 1.31532 2 2 0
21.0342 1.3135 1.3135 2 2 0
21.0355 1.31168 1.31168 2 2 0
21.0368 1.30986 1.30986 2 2 0
21.038 1.30804 1.30804 2 2 0
21.0393 1.30623 1.30623 2 2 0
21.0406 1.30442 1.30442 2 2 0
21.0419 1.30261 1.30261 2 2 0
21.0431 1.3008 1.3008 2 2 0
21.0444 1.299 1.299 2 2 0
21.0457 1.2972 1.2972 2 2 0
21.047 1.2954 1.2954 2 2 0
21.0482 1.2936 1.2936 2 2 0
21.0495 1.29181 1.29181 2 2 0
21.0508 1.29002 1.29002 2 2 0
21.052 1.28823 1.28823 2 2 0
21.0533 1.28645 1.28645 2 2 0
21.0545 1.28466 1.28466 2 2 0
21.0558 1.28288 1.28288 2 2 0
21.0571 1.2811 1.2811 2 2 0
21.0583 1.27933 1.27933 2 2 0
21.0596 1.27755 1.27755 2 2 0
21.0608 1.27578 1.27578 2 2 0
21.0621 1.27401 1.27401 2 2 0
21.0633 1.27224 1.27224 2 2 0
21.0646 1.27048 1.27048 2 2 0
21.0658 1.26872 1.26872 2 2 0
21.0671 1.26696 1.26696 2 2 0
21.0683 1.2652 1.2652 2 2 0
21.0696 1.26345 1.26345 2 2 0
21.0708 1.26169 1.26169 2 2 0
21.072 1.25994 1.25994 2 2 0
21.0733 1.2582 1.2582 2 2 0
21.0745 1.25645 1.25645 2 2 0
21.0758 1.25471 1.25471 2 2 0
21.077 1.25297 1.25297 2 2 0
21.0782 1.25123 1.25123 2 2 0
21.0795 1.2495 1.2495 2 2 0
21.0807 1.24776 1.24776 2 2 0
21.0819 1.24603 1.24603 2 2 0
21.0831 1.2443 1.2443 2 2 0
21.0844 1.24258 1.24258 2 2 0
21.0856 1.24085 1.24085 2 2 0
21.0868 1.23913 1.23913 2 2 0
21.088 1.23741 1.23741 2 2 0
21.0893 1.2357 1.2357 2 2 0
21.0905 1.23398 1.23398 2 2 0
21.0917 1.23227 1.23227 2 2 0
21.0929 1.23056 1.23056 2 2 0
21.0941 1.22886 1.22886 2 2 0
21.0953 1.22715 1.22715 2 2 0
21.0966 1.22545 1.22545 2 2 0
21.0978 1.22375 1.22375 2 2 0
21.099 1.22205 1.22205 2 2 0
21.1002 1.22036 1.22036 2 2 0
21.1014 1.21866 1.21866 2 2 0
21.1026 1.21697 1.21697 2 2 0
21.1038 1.21528 1.21528 2 2 0
21.105 1.2136 1.2136 2 2 0
21.1062 1.21191 1.21191 2 2 0
21.1074 1.21023 1.21023 2 2 0
21.1086 1.20855 1.20855 2 2 0
21.1098 1.20688 1.20688 2 2 0
21.111 1.2052 1.2052 2 2 0
21.1122 1.20353 1.20353 2 2 0
21.1134 1.20186 1.20186 2 2 0
21.1146 1.20019 1.20019 2 2 0
21.1158 1.19852 1.19852 2 2 0
21.1169 1.19686 1.19686 2 2 0
21.1181 1.1952 1.1952 2 2 0
21.1193 1.19354 1.19354 2 2 0
21.1205 1.19189 1.19189 2 2 0
21.1217 1.19023 1.19023 2 2 0
21.1229 1.18858 1.18858 2 2 0
21.124 1.18693 1.18693 2 2 0
21.1252 1.18528 1.18528 2 2 0
21.1264 1.18364 1.18364 2 2 0
21.1276 1.182 1.182 2 2 0
21.1287 1.18035 1.18035 2 2 0
21.1299 1.17872 1.17872 2 2 0
21.1311 1.17708 1.17708 2 2 0
21.1323 1.17545 1.17545 2 2 0
21.1334 1.17382 1.17382 2 2 0
21.1346 1.17219 1.17219 2 2 0
21.1358 1.17056 1.17056 2 2 0
21.1369 1.16893 1.16893 2 2 0
21.1381 1.16731 1.16731 2 2 0
21.1392 1.16569 1.16569 2 2 0
21.1404 1.16407 1.16407 2 2 0
21.1416 1.16246 1.16246 2 2 0
21.1427 1.16084 1.16084 2 2 0
21.1439 1.15923 1.15923 2 2 0
21.145 1.15762 1.15762 2 2 0
21.1462 1.15602 1.15602 2 2 0
21.1473 1.15441 1.15441 2 2 0
21.1485 1.15281 1.15281 2 2 0
21.1496 1.15121 1.15121 2 2 0
21.1508 1.14961 1.14961 2 2 0
21.1519 1.14801 1.14801 2 2 0
21.1531 1.14642 1.14642 2 2 0
21.1542 1.14483 1.14483 2 2 0
21.1554 1.14324 1.14324 2 2 0
21.1565 1.14165 1.14165 2 2 0
21.1576 1.14007 1.14007 2 2 0
21.1588 1.13848 1.13848 2 2 0
21.1599 1.1369 1.1369 2 2 0
21.161 1.13532 1.13532 2 2 0
21.1622 1.13375 1.13375 2 2 0
21.1633 1.13217 1.13217 2 2 0
21.1644 1.1306 1.1306 2 2 0
21.1656 1.12903 1.12903 2 2 0
21.1667 1.12746 1.12746 2 2 0
21.1678 1.1259 1.1259 2 2 0
21.1689 1.12433 1.12433 2 2 0
21.1701 1.12277 1.12277 2 2 0
21.1712 1.12121 1.12121 2 2 0
21.1723 1.11966 1.11966 2 2 0
21.1734 1.1181 1.1181 2 2 0
21.1746 1.11655 1.11655 2 2 0
21.1757 1.115 1.115 2 2 0
21.1768 1.11345 1.11345 2 2 0
21.1779 1.1119 1.1119 2 2 0
21.179 1.11036 1.11036 2 2 0
21.1801 1.10882 1.10882 2 2 0
21.1812 1.10727 1.10727 2 2 0
21.1823 1.10574 1.10574 2 2 0
21.1834 1.1042 1.1042 2 2 0
21.1846 1.10267 1.10267 2 2 0
21.1857 1.10114 1.10114 2 2 0
21.1868 1.09961 1.09961 2 2 0
21.1879 1.09808 1.09808 2 2 0
21.189 1.09655 1.09655 2 2 0
21.1901 1.09503 1.09503 2 2 0
21.1912 1.09351 1.09351 2 2 0
21.1923 1.09199 1.09199 2 2 0
21.1934 1.09047 1.09047 2 2 0
21.1944 1.08896 1.08896 2 2 0
21.1955 1.08744 1.08744 2 2 0
21.1966 1.08593 1.08593 2 2 0
21.1977 1.08442 1.08442 2 2 0
21.1988 1.08292 1.08292 2 2 0
21.1999 1.08141 1.08141 2 2 0
21.201 1.07991 1.07991 2 2 0
21.2021 1.07841 1.07841 2 2 0
21.2031 1.07691 1.07691 2 2 0
21.2042 1.07542 1.07542 2 2 0
21.2053 1.07392 1.07392 2 2 0
21.2064 1.07243 1.07243 2 2 0
21.2075 1.07094 1.07094 2 2 0
21.2085 1.06945 1.06945 2 2 0
21.2096 1.06796 1.06796 2 2 0
21.2107 1.06648 1.06648 2 2 0
21.2118 1.065 1.065 2 2 0
21.2128 1.06352 1.06352 2 2 0
21.2139 1.06204 1.06204 2 2 0
21.215 1.06056 1.06056 2 2 0
21.216 1.05909 1.05909 2 2 0
21.2171 1.05762 1.05762 2 2 0
21.2182 1.05615 1.05615 2 2 0
21.2192 1.05468 1.05468 2 2 0
21.2203 1.05321 1.05321 2 2 0
21.2213 1.05175 1.05175 2 2 0
21.2224 1.05029 1.05029 2 2 0
21.2235 1.04883 1.04883 2 2 0
21.2245 1.04737 1.04737 2 2 0
21.2256 1.04592 1.04592 2 2 0
21.2266 1.04446 1.04446 2 2 0
21.2277 1.04301 1.04301 2 2 0
21.2287 1.04156 1.04156 2 2 0
21.2298 1.04011 1.04011 2 2 0
21.2308 1.03867 1.03867 2 2 0
21.2319 1.03722 1.03722 2 2 0
21.2329 1.03578 1.03578 2 2 0
21.234 1.03434 1.03434 2 2 0
21.235 1.0329 1.0329 2 2 0
21.236 1.03147 1.03147 2 2 0
21.2371 1.03003 1.03003 2 2 0
21.2381 1.0286 1.0286 2 2 0
21.2392 1.02717 1.02717 2 2 0
21.2402 1.02574 1.02574 2 2 0
21.2412 1.02432 1.02432 2 2 0
21.2423 1.02289 1.02289 2 2 0
21.2433 1.02147 1.02147 2 2 0
21.2443 1.02005 1.02005 2 2 0
21.2454 1.01863 1.01863 2 2 0
21.2464 1.01721 1.01721 2 2 0
21.2474 1.0158 1.0158 2 2 0
21.2484 1.01439 1.01439 2 2 0
21.2495 1.01298 1.01298 2 2 0
21.2505 1.01157 1.01157 2 2 0
21.2515 1.01016 1.01016 2 2 0
21.2525 1.00876 1.00876 2 2 0
21.2535 1.00735 1.00735 2 2 0
21.2546 1.00595 1.00595 2 2 0
21.2556 1.00455 1.00455 2 2 0
21.2566 1.00316 1.00316 2 2 0
21.2576 1.00176 1.00176 2 2 0
21.2586 1.00037 1.00037 2 2 0
21.2596 0.998976 0.998976 2 2 0
21.2606 0.997587 0.997587 2 2 0
21.2616 0.996199 0.996199 2 2 0
21.2626 0.994813 0.994813 2 2 0
21.2637 0.99343 0.99343 2 2 0
21.2647 0.992048 0.992048 2 2 0
21.2657 0.990668 0.990668 2 2 0
21.2667 0.98929 0.98929 2 2 0
21.2677 0.987914 0.987914 2 2 0
21.2687 0.986539 0.986539 2 2 0
21.2697 0.985167 0.985167 2 2 0
21.2707 0.983796 0.983796 2 2 0
21.2717 0.982428 0.982428 2 2 0
21.2726 0.981061 0.981061 2 2 0
21.2736 0.979696 0.979696 2 2 0
21.2746 0.978333 0.978333 2 2 0
21.2756 0.976972 0.976972 2 2 0
21.2766 0.975613 0.975613 2 2 0
21.2776 0.974255 0.974255 2 2 0
21.2786 0.9729 0.9729 2 2 0
21.2796 0.971546 0.971546 2 2 0
21.2806 0.970194 0.970194 2 2 0
21.2815 0.968844 0.968844 2 2 0
21.2825 0.967496 0.967496 2 2 0
21.2835 0.96615 0.96615 2 2 0
21.2845 0.964805 0.964805 2 2 0
21.2855 0.963462 0.963462 2 2 0
21.2864 0.962122 0.962122 2 2 0
21.2874 0.960783 0.960783 2 2 0
21.2884 0.959446 0.959446 2 2 0
21.2893 0.95811 0.95811 2 2 0
21.2903 0.956777 0.956777 2 2 0
21.2913 0.955445 0.955445 2 2 0
21.2923 0.954116 0.954116 2 2 0
21.2932 0.952788 0.952788 2 2 0
21.2942 0.951462 0.951462 2 2 0
21.2952 0.950137 0.950137 2 2 0
21.2961 0.948815 0.948815 2 2 0
21.2971 0.947494 0.947494 2 2 0
21.298 0.946175 0.946175 2 2 0
21.299 0.944858 0.944858 2 2 0
21.3 0.943543 0.943543 2 2 0
21.3009 0.94223 0.94223 2 2 0
21.3019 0.940918 0.940918 2 2 0
21.3028 0.939608 0.939608 2 2 0
21.3038 0.9383 0.9383 2 2 0
21.3047 0.936994 0.936994 2 2 0
21.3057 0.935689 0.935689 2 2 0
21.3066 0.934387 0.934387 2 2 0
21.3076 0.933086 0.933086 2 2 0
21.3085 0.931787 0.931787 2 2 0
21.3095 0.93049 0.93049 2 2 0
21.3104 0.929194 0.929194 2 2 0
21.3114 0.9279 0.9279 2 2 0
21.3123 0.926608 0.926608 2 2 0
21.3132 0.925318 0.925318 2 2 0
21.3142 0.92403 0.92403 2 2 0
21.3151 0.922743 0.922743 2 2 0
21.3161 0.921458 0.921458 2 2 0
21.317 0.920175 0.920175 2 2 0
21.3179 0.918894 0.918894 2 2 0
21.3189 0.917614 0.917614 2 2 0
21.3198 0.916336 0.916336 2 2 0
21.3207 0.91506 0.91506 2 2 0
21.3216 0.913786 0.913786 2 2 0
21.3226 0.912513 0.912513 2 2 0
21.3235 0.911242 0.911242 2 2 0
21.3244 0.909973 0.909973 2 2 0
21.3254 0.908706 0.908706 2 2 0
21.3263 0.90744 0.90744 2 2 0
21.3272 0.906176 0.906176 2 2 0
21.3281 0.904914 0.904914 2 2 0
21.329 0.903653 0.903653 2 2 0
21.33 0.902395 0.902395 2 2 0
21.3309 0.901138 0.901138 2 2 0
21.3318 0.899883 0.899883 2 2 0
21.3327 0.898629 0.898629 2 2 0
21.3336 0.897377 0.897377 2 2 0
21.3345 0.896127 0.896127 2 2 0
21.3354 0.894879 0.894879 2 2 0
21.3363 0.893632 0.893632 2 2 0
21.3373 0.892387 0.892387 2 2 0
21.3382 0.891144 0.891144 2 2 0
21.3391 0.889902 0.889902 2 2 0
21.34 0.888662 0.888662 2 2 0
21.3409 0.887424 0.887424 2 2 0
21.3418 0.886188 0.886188 2 2 0
21.3427 0.884953 0.884953 2 2 0
21.3436 0.88372 0.88372 2 2 0
21.3445 0.882489 0.882489 2 2 0
21.3454 0.881259 0.881259 2 2 0
21.3463 0.880031 0.880031 2 2 0
21.3472 0.878805 0.878805 2 2 0
21.3481 0.87758 0.87758 2 2 0
21.349 0.876357 0.876357 2 2 0
21.3498 0.875136 0.875136 2 2 0
21.3507 0.873916 0.873916 2 2 0
21.3516 0.872698 0.872698 2 2 0
21.3525 0.871482 0.871482 2 2 0
21.3525 22.5644 22.5644 2 2 0
21.3543 22.5873 22.5873 2 2 0
21.3552 22.5988 22.5988 2 2 0
21.3561 22.6102 22.6102 2 2 0
21.3569 22.6217 22.6217 2 2 0
21.3578 22.6332 22.6332 2 2 0
21.3587 22.6447 22.6447 2 2 0
21.3596 22.6561 22.6561 2 2 0
21.3605 22.6676 22.6676 2 2 0
21.3613 22.6791 22.6791 2 2 0
21.3622 22.6906 22.6906 2 2 0
21.3631 22.702 22.702 2 2 0
21.3639 22.7135 22.7135 2 2 0
21.3648 22.725 22.725 2 2 0
21.3657 22.7365 22.7365 2 2 0
21.3666 22.7479 22.7479 2 2 0
21.3674 22.7594 22.7594 2 2 0
21.3683 22.7709 22.7709 2 2 0
21.3692 22.7824 22.7824 2 2 0
21.37 22.7938 22.7938 2 2 0
21.3709 22.8053 22.8053 2 2 0
21.3717 22.8168 22.8168 2 2 0
21.3726 22.8283 22.8283 2 2 0
21.3735 22.8397 22.8397 2 2 0
21.3743 22.8512 22.8512 2 2 0
21.3752 22.8627 22.8627 2 2 0
21.376 22.8742 22.8742 2 2 0
21.3769 22.8856 22.8856 2 2 0
21.3777 22.8971 22.8971 2 2 0
21.3786 22.9086 22.9086 2 2 0
21.3794 22.9201 22.9201 2 2 0
21.3803 22.9315 22.9315 2 2 0
21.3811 22.943 22.943 2 2 0
21.382 22.9545 22.9545 2 2 0
21.3828 22.966 22.966 2 2 0
21.3837 22.9775 22.9775 2 2 0
21.3845 22.9889 22.9889 2 2 0
21.3854 23.0004 23.0004 2 2 0
21.3862 23.0119 23.0119 2 2 0
21.3871 23.0234 23.0234 2 2 0
21.3879 23.0349 23.0349 2 2 0
21.3887 23.0463 23.0463 2 2 0
21.3896 23.0578 23.0578 2 2 0
21.3904 23.0693 23.0693 2 2 0
21.3912 23.0808 23.0808 2 2 0
21.3921 23.0923 23.0923 2 2 0
21.3929 23.1037 23.1037 2 2 0
21.3937 23.1152 23.1152 2 2 0
21.3946 23.1267 23.1267 2 2 0
21.3954 23.1382 23.1382 2 2 0
21.3962 23.1497 23.1497 2 2 0
21.397 23.1611 23.1611 2 2 0
21.3979 23.1726 23.1726 2 2 0
21.3987 23.1841 23.1841 2 2 0
21.3995 23.1956 23.1956 2 2 0
21.4003 23.2071 23.2071 2 2 0
21.4012 23.2186 23.2186 2 2 0
21.402 23.23 23.23 2 2 0
21.4028 23.2415 23.2415 2 2 0
21.4036 23.253 23.253 2 2 0
21.4044 23.2645 23.2645 2 2 0
21.4053 23.276 23.276 2 2 0
21.4061 23.2874 23.2874 2 2 0
21.4069 23.2989 23.2989 2 2 0
21.4077 23.3104 23.3104 2 2 0
21.4085 23.3219 23.3219 2 2 0
21.4093 23.3334 23.3334 2 2 0
21.4101 23.3449 23.3449 2 2 0
21.4109 23.3564 23.3564 2 2 0
21.4117 23.3678 23.3678 2 2 0
21.4125 23.3793 23.3793 2 2 0
21.4133 23.3908 23.3908 2 2 0
21.4141 23.4023 23.4023 2 2 0
21.415 23.4138 23.4138 2 2 0
21.4158 23.4253 23.4253 2 2 0
21.4166 23.4367 23.4367 2 2 0
21.4173 23.4482 23.4482 2 2 0
21.4181 23.4597 23.4597 2 2 0
21.4189 23.4712 23.4712 2 2 0
21.4197 23.4827 23.4827 2 2 0
21.4205 23.4942 23.4942 2 2 0
21.4213 23.5057 23.5057 2 2 0
21.4221 23.5172 23.5172 2 2 0
21.4229 23.5286 23.5286 2 2 0
21.4237 23.5401 23.5401 2 2 0
21.4245 23.5516 23.5516 2 2 0
21.4253 23.5631 23.5631 2 2 0
21.4261 23.5746 23.5746 2 2 0
21.4268 23.5861 23.5861 2 2 0
21.4276 23.5976 23.5976 2 2 0
21.4284 23.6091 23.6091 2 2 0
21.4292 23.6205 23.6205 2 2 0
21.43 23.632 23.632 2 2 0
21.4308 23.6435 23.6435 2 2 0
21.4315 23.655 23.655 2 2 0
21.4323 23.6665 23.6665 2 2 0
21.4331 23.678 23.678 2 2 0
21.4339 23.6895 23.6895 2 2 0
21.4346 23.701 23.701 2 2 0
21.4354 23.7125 23.7125 2 2 0
21.4362 23.7239 23.7239 2 2 0
21.437 23.7354 23.7354 2 2 0
21.4377 23.7469 23.7469 2 2 0
21.4385 23.7584 23.7584 2 2 0
21.4393 23.7699 23.7699 2 2 0
21.44 23.7814 23.7814 2 2 0
21.4408 23.7929 23.7929 2 2 0
21.4416 23.8044 23.8044 2 2 0
21.4423 23.8159 23.8159 2 2 0
21.4431 23.8274 23.8274 2 2 0
21.4438 23.8388 23.8388 2 2 0
21.4446 23.8503 23.8503 2 2 0
21.4454 23.8618 23.8618 2 2 0
21.4461 23.8733 23.8733 2 2 0
21.4469 23.8848 23.8848 2 2 0
21.4476 23.8963 23.8963 2 2 0
21.4484 23.9078 23.9078 2 2 0
21.4491 23.9193 23.9193 2 2 0
21.4499 23.9308 23.9308 2 2 0
21.4506 23.9423 23.9423 2 2 0
21.4514 23.9538 23.9538 2 2 0
21.4521 23.9653 23.9653 2 2 0
21.4529 23.9768 23.9768 2 2 0
21.4536 23.9882 23.9882 2 2 0
21.4544 23.9997 23.9997 2 2 0
21.4551 24.0112 24.0112 2 2 0
21.4559 24.0227 24.0227 2 2 0
21.4566 24.0342 24.0342 2 2 0
21.4574 24.0457 24.0457 2 2 0
21.4581 24.0572 24.0572 2 2 0
21.4588 24.0687 24.0687 2 2 0
21.4596 24.0802 24.0802 2 2 0
21.4603 24.0917 24.0917 2 2 0
21.4611 24.1032 24.1032 2 2 0
21.4618 24.1147 24.1147 2 2 0
21.4625 24.1262 24.1262 2 2 0
21.4633 24.1377 24.1377 2 2 0
21.464 24.1492 24.1492 2 2 0
21.4647 24.1607 24.1607 2 2 0
21.4655 24.1722 24.1722 2 2 0
21.4662 24.1837 24.1837 2 2 0
21.4669 24.1952 24.1952 2 2 0
21.4676 24.2066 24.2066 2 2 0
21.4684 24.2181 24.2181 2 2 0
21.4691 24.2296 24.2296 2 2 0
21.4698 24.2411 24.2411 2 2 0
21.4705 24.2526 24.2526 2 2 0
21.4713 24.2641 24.2641 2 2 0
21.472 24.2756 24.2756 2 2 0
21.4727 24.2871 24.2871 2 2 0
21.4734 24.2986 24.2986 2 2 0
21.4741 24.3101 24.3101 2 2 0
21.4749 24.3216 24.3216 2 2 0
21.4756 24.3331 24.3331 2 2 0
21.4763 24.3446 24.3446 2 2 0
21.477 24.3561 24.3561 2 2 0
21.4777 24.3676 24.3676 2 2 0
21.4784 24.3791 24.3791 2 2 0
21.4791 24.3906 24.3906 2 2 0
21.4798 24.4021 24.4021 2 2 0
21.4806 24.4136 24.4136 2 2 0
21.4813 24.4251 24.4251 2 2 0
21.482 24.4366 24.4366 2 2 0
21.4827 24.4481 24.4481 2 2 0
21.4834 24.4596 24.4596 2 2 0
21.4841 24.4711 24.4711 2 2 0
21.4848 24.4826 24.4826 2 2 0
21.4855 24.4941 24.4941 2 2 0
21.4862 24.5056 24.5056 2 2 0
21.4869 24.5171 24.5171 2 2 0
21.4876 24.5286 24.5286 2 2 0
21.4883 24.5401 24.5401 2 2 0
21.489 24.5516 24.5516 2 2 0
21.4897 24.5631 24.5631 2 2 0
21.4904 24.5746 24.5746 2 2 0
21.4911 24.5861 24.5861 2 2 0
21.4918 24.5976 24.5976 2 2 0
21.4924 24.6091 24.6091 2 2 0
21.4931 24.6206 24.6206 2 2 0
21.4938 24.6321 24.6321 2 2 0
21.4945 24.6436 24.6436 2 2 0
21.4952 24.6551 24.6551 2 2 0
21.4959 24.6666 24.6666 2 2 0
21.4966 24.6781 24.6781 2 2 0
21.4973 24.6896 24.6896 2 2 0
21.4979 24.7011 24.7011 2 2 0
21.4986 24.7126 24.7126 2 2 0
21.4993 24.7241 24.7241 2 2 0
21.5 24.7356 24.7356 2 2 0
21.5007 24.7471 24.7471 2 2 0
21.5013 24.7586 24.7586 2 2 0
21.502 24.7701 24.7701 2 2 0
21.5027 24.7816 24.7816 2 2 0
21.5034 24.7931 24.7931 2 2 0
21.5041 24.8046 24.8046 2 2 0
21.5047 24.8161 24.8161 2 2 0
21.5054 24.8276 24.8276 2 2 0
21.5061 24.8391 24.8391 2 2 0
21.5067 24.8506 24.8506 2 2 0
21.5074 24.8621 24.8621 2 2 0
21.5081 24.8736 24.8736 2 2 0
21.5088 24.8852 24.8852 2 2 0
21.5094 24.8967 24.8967 2 2 0
21.5101 24.9082 24.9082 2 2 0
21.5107 24.9197 24.9197 2 2 0
21.5114 24.9312 24.9312 2 2 0
21.5121 24.9427 24.9427 2 2 0
21.5127 24.9542 24.9542 2 2 0
21.5134 24.9657 24.9657 2 2 0
21.5141 24.9772 24.9772 2 2 0
21.5147 24.9887 24.9887 2 2 0
21.5154 25.0002 25.0002 2 2 0
21.516 25.0117 25.0117 2 2 0
21.5167 25.0232 25.0232 2 2 0
21.5173 25.0347 25.0347 2 2 0
21.518 25.0462 25.0462 2 2 0
21.5187 25.0577 25.0577 2 2 0
21.5193 25.0692 25.0692 2 2 0
21.52 25.0807 25.0807 2 2 0
21.5206 25.0922 25.0922 2 2 0
21.5213 25.1037 25.1037 2 2 0
21.5219 25.1153 25.1153 2 2 0
21.5226 25.1268 25.1268 2 2 0
21.5232 25.1383 25.1383 2 2 0
21.5238 25.1498 25.1498 2 2 0
21.5245 25.1613 25.1613 2 2 0
21.5251 25.1728 25.1728 2 2 0
21.5258 25.1843 25.1843 2 2 0
21.5264 25.1958 25.1958 2 2 0
21.5271 25.2073 25.2073 2 2 0
21.5277 25.2188 25.2188 2 2 0
21.5283 25.2303 25.2303 2 2 0
21.529 25.2418 25.2418 2 2 0
21.5296 25.2533 25.2533 2 2 0
21.5303 25.2648 25.2648 2 2 0
21.5309 25.2763 25.2763 2 2 0
21.5315 25.2879 25.2879 2 2 0
21.5322 25.2994 25.2994 2 2 0
21.5328 25.3109 25.3109 2 2 0
21.5334 25.3224 25.3224 2 2 0
21.5341 25.3339 25.3339 2 2 0
21.5347 25.3454 25.3454 2 2 0
21.5353 25.3569 25.3569 2 2 0
21.5359 25.3684 25.3684 2 2 0
21.5366 25.3799 25.3799 2 2 0
21.5372 25.3914 25.3914 2 2 0
21.5378 25.4029 25.4029 2 2 0
21.5384 25.4144 25.4144 2 2 0
21.5391 25.426 25.426 2 2 0
21.5397 25.4375 25.4375 2 2 0
21.5403 25.449 25.449 2 2 0
21.5409 25.4605 25.4605 2 2 0
21.5416 25.472 25.472 2 2 0
21.5422 25.4835 25.4835 2 2 0
21.5428 25.495 25.495 2 2 0
21.5434 25.5065 25.5065 2 2 0
21.544 25.518 25.518 2 2 0
21.5446 25.5295 25.5295 2 2 0
21.5453 25.5411 25.5411 2 2 0
21.5459 25.5526 25.5526 2 2 0
21.5465 25.5641 25.5641 2 2 0
21.5471 25.5756 25.5756 2 2 0
21.5477 25.5871 25.5871 2 2 0
21.5483 25.5986 25.5986 2 2 0
21.5489 25.6101 25.6101 2 2 0
21.5495 25.6216 25.6216 2 2 0
21.5501 25.6331 25.6331 2 2 0
21.5507 25.6446 25.6446 2 2 0
21.5513 25.6562 25.6562 2 2 0
21.552 25.6677 25.6677 2 2 0
21.5526 25.6792 25.6792 2 2 0
21.5532 25.6907 25.6907 2 2 0
21.5538 25.7022 25.7022 2 2 0
21.5544 25.7137 25.7137 2 2 0
21.555 25.7252 25.7252 2 2 0
21.5556 25.7367 25.7367 2 2 0
21.5562 25.7483 25.7483 2 2 0
21.5568 25.7598 25.7598 2 2 0
21.5574 25.7713 25.7713 2 2 0
21.5579 25.7828 25.7828 2 2 0
21.5585 25.7943 25.7943 2 2 0
21.5591 25.8058 25.8058 2 2 0
21.5597 25.8173 25.8173 2 2 0
21.5603 25.8288 25.8288 2 2 0
21.5609 25.8403 25.8403 2 2 0
21.5615 25.8519 25.8519 2 2 0
21.5621 25.8634 25.8634 2 2 0
21.5627 25.8749 25.8749 2 2 0
21.5633 25.8864 25.8864 2 2 0
21.5639 25.8979 25.8979 2 2 0
21.5644 25.9094 25.9094 2 2 0
21.565 25.9209 25.9209 2 2 0
21.5656 25.9325 25.9325 2 2 0
21.5662 25.944 25.944 2 2 0
21.5668 25.9555 25.9555 2 2 0
21.5674 25.967 25.967 2 2 0
21.5679 25.9785 25.9785 2 2 0
21.5685 25.99 25.99 2 2 0
21.5691 26.0015 26.0015 2 2 0
21.5697 26.0131 26.0131 2 2 0
21.5702 26.0246 26.0246 2 2 0
21.5708 26.0361 26.0361 2 2 0
21.5714 26.0476 26.0476 2 2 0
21.572 26.0591 26.0591 2 2 0
21.5725 26.0706 26.0706 2 2 0
21.5731 26.0821 26.0821 2 2 0
21.5737 26.0937 26.0937 2 2 0
21.5743 26.1052 26.1052 2 2 0
21.5748 26.1167 26.1167 2 2 0
21.5754 26.1282 26.1282 2 2 0
21.576 26.1397 26.1397 2 2 0
21.5765 26.1512 26.1512 2 2 0
21.5771 26.1627 26.1627 2 2 0
21.5777 26.1743 26.1743 2 2 0
21.5782 26.1858 26.1858 2 2 0
21.5788 26.1973 26.1973 2 2 0
21.5794 26.2088 26.2088 2 2 0
21.5799 26.2203 26.2203 2 2 0
21.5805 26.2318 26.2318 2 2 0
21.5811 26.2434 26.2434 2 2 0
21.5816 26.2549 26.2549 2 2 0
21.5822 26.2664 26.2664 2 2 0
21.5827 26.2779 26.2779 2 2 0
21.5833 26.2894 26.2894 2 2 0
21.5838 26.3009 26.3009 2 2 0
21.5844 26.3124 26.3124 2 2 0
21.585 26.324 26.324 2 2 0
21.5855 26.3355 26.3355 2 2 0
21.5861 26.347 26.347 2 2 0
21.5866 26.3585 26.3585 2 2 0
21.5872 26.37 26.37 2 2 0
21.5877 26.3815 26.3815 2 2 0
21.5883 26.3931 26.3931 2 2 0
21.5888 26.4046 26.4046 2 2 0
21.5894 26.4161 26.4161 2 2 0
21.5899 26.4276 26.4276 2 2 0
21.5905 26.4391 26.4391 2 2 0
21.591 26.4507 26.4507 2 2 0
21.5916 26.4622 26.4622 2 2 0
21.5921 26.4737 26.4737 2 2 0
21.5926 26.4852 26.4852 2 2 0
21.5932 26.4967 26.4967 2 2 0
21.5937 26.5082 26.5082 2 2 0
21.5943 26.5198 26.5198 2 2 0
21.5948 26.5313 26.5313 2 2 0
21.5953 26.5428 26.5428 2 2 0
21.5959 26.5543 26.5543 2 2 0
21.5964 26.5658 26.5658 2 2 0
21.597 26.5773 26.5773 2 2 0
21.5975 26.5889 26.5889 2 2 0
21.598 26.6004 26.6004 2 2 0
21.5986 26.6119 26.6119 2 2 0
21.5991 26.6234 26.6234 2 2 0
21.5996 26.6349 26.6349 2 2 0
21.6002 26.6465 26.6465 2 2 0
21.6007 26.658 26.658 2 2 0
21.6012 26.6695 26.6695 2 2 0
21.6018 26.681 26.681 2 2 0
21.6023 26.6925 26.6925 2 2 0
21.6028 26.7041 26.7041 2 2 0
21.6033 26.7156 26.7156 2 2 0
21.6039 26.7271 26.7271 2 2 0
21.6044 26.7386 26.7386 2 2 0
21.6049 26.7501 26.7501 2 2 0
21.6054 26.7616 26.7616 2 2 0
21.606 26.7732 26.7732 2 2 0
21.6065 26.7847 26.7847 2 2 0
21.607 26.7962 26.7962 2 2 0
21.6075 26.8077 26.8077 2 2 0
21.608 26.8192 26.8192 2 2 0
21.6086 26.8308 26.8308 2 2 0
21.6091 26.8423 26.8423 2 2 0
21.6096 26.8538 26.8538 2 2 0
21.6101 26.8653 26.8653 2 2 0
21.6106 26.8768 26.8768 2 2 0
21.6112 26.8884 26.8884 2 2 0
21.6117 26.8999 26.8999 2 2 0
21.6122 26.9114 26.9114 2 2 0
21.6127 26.9229 26.9229 2 2 0
21.6132 26.9345 26.9345 2 2 0
21.6137 26.946 26.946 2 2 0
21.6142 26.9575 26.9575 2 2 0
21.6147 26.969 26.969 2 2 0
21.6152 26.9805 26.9805 2 2 0
21.6158 26.9921 26.9921 2 2 0
21.6163 27.0036 27.0036 2 2 0
21.6168 27.0151 27.0151 2 2 0
21.6173 27.0266 27.0266 2 2 0
21.6178 27.0381 27.0381 2 2 0
21.6183 27.0497 27.0497 2 2 0
21.6188 27.0612 27.0612 2 2 0
21.6193 27.0727 27.0727 2 2 0
21.6198 27.0842 27.0842 2 2 0
21.6203 27.0957 27.0957 2 2 0
21.6208 27.1073 27.1073 2 2 0
21.6213 27.1188 27.1188 2 2 0
21.6218 27.1303 27.1303 2 2 0
21.6223 27.1418 27.1418 2 2 0
21.6228 27.1534 27.1534 2 2 0
21.6233 27.1649 27.1649 2 2 0
21.6238 27.1764 27.1764 2 2 0
21.6243 27.1879 27.1879 2 2 0
21.6248 27.1994 27.1994 2 2 0
21.6253 27.211 27.211 2 2 0
21.6258 27.2225 27.2225 2 2 0
21.6263 27.234 27.234 2 2 0
21.6267 27.2455 27.2455 2 2 0
21.6272 27.2571 27.2571 2 2 0
21.6277 27.2686 27.2686 2 2 0
21.6282 27.2801 27.2801 2 2 0
21.6287 27.2916 27.2916 2 2 0
21.6292 27.3032 27.3032 2 2 0
21.6297 27.3147 27.3147 2 2 0
21.6302 27.3262 27.3262 2 2 0
21.6307 27.3377 27.3377 2 2 0
21.6311 27.3492 27.3492 2 2 0
21.6316 27.3608 27.3608 2 2 0
21.6321 27.3723 27.3723 2 2 0
21.6326 27.3838 27.3838 2 2 0
21.6331 27.3953 27.3953 2 2 0
21.6336 27.4069 27.4069 2 2 0
21.634 27.4184 27.4184 2 2 0
21.6345 27.4299 27.4299 2 2 0
21.635 27.4414 27.4414 2 2 0
21.6355 27.453 27.453 2 2 0
21.6359 27.4645 27.4645 2 2 0
21.6364 27.476 27.476 2 2 0
21.6369 27.4875 27.4875 2 2 0
21.6374 27.4991 27.4991 2 2 0
21.6379 27.5106 27.5106 2 2 0
21.6383 27.5221 27.5221 2 2 0
21.6388 27.5336 27.5336 2 2 0
21.6393 27.5451 27.5451 2 2 0
21.6397 27.5567 27.5567 2 2 0
21.6402 27.5682 27.5682 2 2 0
21.6407 27.5797 27.5797 2 2 0
21.6412 27.5912 27.5912 2 2 0
21.6416 27.6028 27.6028 2 2 0
21.6421 27.6143 27.6143 2 2 0
21.6426 27.6258 27.6258 2 2 0
21.643 27.6373 27.6373 2 2 0
21.6435 27.6489 27.6489 2 2 0
21.644 27.6604 27.6604 2 2 0
21.6444 27.6719 27.6719 2 2 0
21.6449 27.6834 27.6834 2 2 0
21.6453 27.695 27.695 2 2 0
21.6458 27.7065 27.7065 2 2 0
21.6463 27.718 27.718 2 2 0
21.6467 27.7295 27.7295 2 2 0
21.6472 27.7411 27.7411 2 2 0
21.6477 27.7526 27.7526 2 2 0
21.6481 27.7641 27.7641 2 2 0
21.6486 27.7756 27.7756 2 2 0
21.649 27.7872 27.7872 2 2 0
21.6495 27.7987 27.7987 2 2 0
21.6499 27.8102 27.8102 2 2 0
21.6504 27.8217 27.8217 2 2 0
21.6508 27.8333 27.8333 2 2 0
21.6513 27.8448 27.8448 2 2 0
21.6518 27.8563 27.8563 2 2 0
21.6522 27.8679 27.8679 2 2 0
21.6527 27.8794 27.8794 2 2 0
21.6531 27.8909 27.8909 2 2 0
21.6536 27.9024 27.9024 2 2 0
21.654 27.914 27.914 2 2 0
21.6545 27.9255 27.9255 2 2 0
21.6549 27.937 27.937 2 2 0
21.6554 27.9485 27.9485 2 2 0
21.6558 27.9601 27.9601 2 2 0
21.6563 27.9716 27.9716 2 2 0
21.6567 27.9831 27.9831 2 2 0
21.6571 27.9946 27.9946 2 2 0
21.6576 28.0062 28.0062 2 2 0
21.658 28.0177 28.0177 2 2 0
21.6585 28.0292 28.0292 2 2 0
21.6589 28.0408 28.0408 2 2 0
21.6594 28.0523 28.0523 2 2 0
21.6598 28.0638 28.0638 2 2 0
21.6602 28.0753 28.0753 2 2 0
21.6607 28.0869 28.0869 2 2 0
21.6611 28.0984 28.0984 2 2 0
21.6616 28.1099 28.1099 2 2 0
21.662 28.1214 28.1214 2 2 0
21.6624 28.133 28.133 2 2 0
21.6629 28.1445 28.1445 2 2 0
21.6633 28.156 28.156 2 2 0
21.6637 28.1676 28.1676 2 2 0
21.6642 28.1791 28.1791 2 2 0
21.6646 28.1906 28.1906 2 2 0
21.665 28.2021 28.2021 2 2 0
21.6655 28.2137 28.2137 2 2 0
21.6659 28.2252 28.2252 2 2 0
21.6663 28.2367 28.2367 2 2 0
21.6668 28.2482 28.2482 2 2 0
21.6672 28.2598 28.2598 2 2 0
21.6676 28.2713 28.2713 2 2 0
21.668 28.2828 28.2828 2 2 0
21.6685 28.2944 28.2944 2 2 0
21.6689 28.3059 28.3059 2 2 0
21.6693 28.3174 28.3174 2 2 0
21.6697 28.3289 28.3289 2 2 0
21.6702 28.3405 28.3405 2 2 0
21.6706 28.352 28.352 2 2 0
21.671 28.3635 28.3635 2 2 0
21.6714 28.3751 28.3751 2 2 0
21.6719 28.3866 28.3866 2 2 0
21.6723 28.3981 28.3981 2 2 0
21.6727 28.4096 28.4096 2 2 0
21.6731 28.4212 28.4212 2 2 0
21.6735 28.4327 28.4327 2 2 0
21.674 28.4442 28.4442 2 2 0
21.6744 28.4558 28.4558 2 2 0
21.6748 28.4673 28.4673 2 2 0
21.6752 28.4788 28.4788 2 2 0
21.6756 28.4903 28.4903 2 2 0
21.676 28.5019 28.5019 2 2 0
21.6765 28.5134 28.5134 2 2 0
21.6769 28.5249 28.5249 2 2 0
21.6773 28.5365 28.5365 2 2 0
21.6777 28.548 28.548 2 2 0
21.6781 28.5595 28.5595 2 2 0
21.6785 28.571 28.571 2 2 0
21.6789 28.5826 28.5826 2 2 0
21.6793 28.5941 28.5941 2 2 0
21.6798 28.6056 28.6056 2 2 0
21.6802 28.6172 28.6172 2 2 0
21.6806 28.6287 28.6287 2 2 0
21.681 28.6402 28.6402 2 2 0
21.6814 28.6518 28.6518 2 2 0
21.6818 28.6633 28.6633 2 2 0
21.6822 28.6748 28.6748 2 2 0
21.6826 28.6863 28.6863 2 2 0
21.683 28.6979 28.6979 2 2 0
21.6834 28.7094 28.7094 2 2 0
21.6838 28.7209 28.7209 2 2 0
21.6842 28.7325 28.7325 2 2 0
21.6846 28.744 28.744 2 2 0
21.685 28.7555 28.7555 2 2 0
21.6854 28.7671 28.7671 2 2 0
21.6858 28.7786 28.7786 2 2 0
21.6862 28.7901 28.7901 2 2 0
21.6866 28.8016 28.8016 2 2 0
21.687 28.8132 28.8132 2 2 0
21.6874 28.8247 28.8247 2 2 0
21.6878 28.8362 28.8362 2 2 0
21.6882 28.8478 28.8478 2 2 0
21.6886 28.8593 28.8593 2 2 0
21.689 28.8708 28.8708 2 2 0
21.6894 28.8824 28.8824 2 2 0
21.6898 28.8939 28.8939 2 2 0
21.6902 28.9054 28.9054 2 2 0
21.6906 28.9169 28.9169 2 2 0
21.691 28.9285 28.9285 2 2 0
21.6914 28.94 28.94 2 2 0
21.6918 28.9515 28.9515 2 2 0
21.6921 28.9631 28.9631 2 2 0
21.6925 28.9746 28.9746 2 2 0
21.6929 28.9861 28.9861 2 2 0
21.6933 28.9977 28.9977 2 2 0
21.6937 29.0092 29.0092 2 2 0
21.6941 29.0207 29.0207 2 2 0
21.6945 29.0323 29.0323 2 2 0
21.6949 29.0438 29.0438 2 2 0
21.6952 29.0553 29.0553 2 2 0
21.6956 29.0669 29.0669 2 2 0
21.696 29.0784 29.0784 2 2 0
21.6964 29.0899 29.0899 2 2 0
21.6968 29.1014 29.1014 2 2 0
21.6972 29.113 29.113 2 2 0
21.6975 29.1245 29.1245 2 2 0
21.6979 29.136 29.136 2 2 0
21.6983 29.1476 29.1476 2 2 0
21.6987 29.1591 29.1591 2 2 0
21.6991 29.1706 29.1706 2 2 0
21.6994 29.1822 29.1822 2 2 0
21.6998 29.1937 29.1937 2 2 0
21.7002 29.2052 29.2052 2 2 0
21.7006 29.2168 29.2168 2 2 0
21.701 29.2283 29.2283 2 2 0
21.7013 29.2398 29.2398 2 2 0
21.7017 29.2514 29.2514 2 2 0
21.7021 29.2629 29.2629 2 2 0
21.7025 29.2744 29.2744 2 2 0
21.7028 29.286 29.286 2 2 0
21.7032 29.2975 29.2975 2 2 0
21.7036 29.309 29.309 2 2 0
21.7039 29.3206 29.3206 2 2 0
21.7043 29.3321 29.3321 2 2 0
21.7047 29.3436 29.3436 2 2 0
21.7051 29.3552 29.3552 2 2 0
21.7054 29.3667 29.3667 2 2 0
21.7058 29.3782 29.3782 2 2 0
21.7062 29.3897 29.3897 2 2 0
21.7065 29.4013 29.4013 2 2 0
21.7069 29.4128 29.4128 2 2 0
21.7073 29.4243 29.4243 2 2 0
21.7076 29.4359 29.4359 2 2 0
21.708 29.4474 29.4474 2 2 0
21.7084 29.4589 29.4589 2 2 0
21.7087 29.4705 29.4705 2 2 0
21.7091 29.482 29.482 2 2 0
21.7094 29.4935 29.4935 2 2 0
21.7098 29.5051 29.5051 2 2 0
21.7102 29.5166 29.5166 2 2 0
21.7105 29.5281 29.5281 2 2 0
21.7109 29.5397 29.5397 2 2 0
21.7113 29.5512 29.5512 2 2 0
21.7116 29.5627 29.5627 2 2 0
21.712 29.5743 29.5743 2 2 0
21.7123 29.5858 29.5858 2 2 0
21.7127 29.5973 29.5973 2 2 0
21.713 29.6089 29.6089 2 2 0
21.7134 29.6204 29.6204 2 2 0
21.7138 29.6319 29.6319 2 2 0
21.7141 29.6435 29.6435 2 2 0
21.7145 29.655 29.655 2 2 0
21.7148 29.6665 29.6665 2 2 0
21.7152 29.6781 29.6781 2 2 0
21.7155 29.6896 29.6896 2 2 0
21.7159 29.7011 29.7011 2 2 0
21.7162 29.7127 29.7127 2 2 0
21.7166 29.7242 29.7242 2 2 0
21.7169 29.7357 29.7357 2 2 0
21.7173 29.7473 29.7473 2 2 0
21.7176 29.7588 29.7588 2 2 0
21.718 29.7703 29.7703 2 2 0
21.7183 29.7819 29.7819 2 2 0
21.7187 29.7934 29.7934 2 2 0
21.719 29.8049 29.8049 2 2 0
21.7194 29.8165 29.8165 2 2 0
21.7197 29.828 29.828 2 2 0
21.7201 29.8395 29.8395 2 2 0
21.7204 29.8511 29.8511 2 2 0
21.7208 29.8626 29.8626 2 2 0
21.7211 29.8741 29.8741 2 2 0
21.7215 29.8857 29.8857 2 2 0
21.7218 29.8972 29.8972 2 2 0
21.7221 29.9088 29.9088 2 2 0
21.7225 29.9203 29.9203 2 2 0
21.7228 29.9318 29.9318 2 2 0
21.7232 29.9434 29.9434 2 2 0
21.7235 29.9549 29.9549 2 2 0
21.7238 29.9664 29.9664 2 2 0
21.7242 29.978 29.978 2 2 0
21.7245 29.9895 29.9895 2 2 0
21.7249 30.001 30.001 2 2 0
21.7252 30.0126 30.0126 2 2 0
21.7255 30.0241 30.0241 2 2 0
21.7259 30.0356 30.0356 2 2 0
21.7262 30.0472 30.0472 2 2 0
21.7265 30.0587 30.0587 2 2 0
21.7269 30.0702 30.0702 2 2 0
21.7272 30.0818 30.0818 2 2 0
21.7276 30.0933 30.0933 2 2 0
21.7279 30.1048 30.1048 2 2 0
21.7282 30.1164 30.1164 2 2 0
21.7286 30.1279 30.1279 2 2 0
21.7289 30.1394 30.1394 2 2 0
21.7292 30.151 30.151 2 2 0
21.7295 30.1625 30.1625 2 2 0
21.7299 30.1741 30.1741 2 2 0
21.7302 30.1856 30.1856 2 2 0
21.7305 30.1971 30.1971 2 2 0
21.7309 30.2087 30.2087 2 2 0
21.7312 30.2202 30.2202 2 2 0
21.7315 30.2317 30.2317 2 2 0
21.7319 30.2433 30.2433 2 2 0
21.7322 30.2548 30.2548 2 2 0
21.7325 30.2663 30.2663 2 2 0
21.7328 30.2779 30.2779 2 2 0
21.7332 30.2894 30.2894 2 2 0
21.7335 30.3009 30.3009 2 2 0
21.7338 30.3125 30.3125 2 2 0
21.7341 30.324 30.324 2 2 0
21.7345 30.3355 30.3355 2 2 0
21.7348 30.3471 30.3471 2 2 0
21.7351 30.3586 30.3586 2 2 0
21.7354 30.3702 30.3702 2 2 0
21.7357 30.3817 30.3817 2 2 0
21.7361 30.3932 30.3932 2 2 0
21.7364 30.4048 30.4048 2 2 0
21.7367 30.4163 30.4163 2 2 0
21.737 30.4278 30.4278 2 2 0
21.7373 30.4394 30.4394 2 2 0
21.7377 30.4509 30.4509 2 2 0
21.738 30.4624 30.4624 2 2 0
21.7383 30.474 30.474 2 2 0
21.7386 30.4855 30.4855 2 2 0
21.7389 30.497 30.497 2 2 0
21.7392 30.5086 30.5086 2 2 0
21.7396 30.5201 30.5201 2 2 0
21.7399 30.5317 30.5317 2 2 0
21.7402 30.5432 30.5432 2 2 0
21.7405 30.5547 30.5547 2 2 0
21.7408 30.5663 30.5663 2 2 0
21.7411 30.5778 30.5778 2 2 0
21.7414 30.5893 30.5893 2 2 0
21.7417 30.6009 30.6009 2 2 0
21.7421 30.6124 30.6124 2 2 0
21.7424 30.6239 30.6239 2 2 0
21.7427 30.6355 30.6355 2 2 0
21.743 30.647 30.647 2 2 0
21.7433 30.6586 30.6586 2 2 0
21.7436 30.6701 30.6701 2 2 0
21.7439 30.6816 30.6816 2 2 0
21.7442 30.6932 30.6932 2 2 0
21.7445 30.7047 30.7047 2 2 0
21.7448 30.7162 30.7162 2 2 0
21.7451 30.7278 30.7278 2 2 0
21.7454 30.7393 30.7393 2 2 0
21.7458 30.7508 30.7508 2 2 0
21.7461 30.7624 30.7624 2 2 0
21.7464 30.7739 30.7739 2 2 0
21.7467 30.7855 30.7855 2 2 0
21.747 30.797 30.797 2 2 0
21.7473 30.8085 30.8085 2 2 0
21.7476 30.8201 30.8201 2 2 0
21.7479 30.8316 30.8316 2 2 0
21.7482 30.8431 30.8431 2 2 0
21.7485 30.8547 30.8547 2 2 0
21.7488 30.8662 30.8662 2 2 0
21.7491 30.8777 30.8777 2 2 0
21.7494 30.8893 30.8893 2 2 0
21.7497 30.9008 30.9008 2 2 0
21.75 30.9124 30.9124 2 2 0
21.7503 30.9239 30.9239 2 2 0
21.7506 30.9354 30.9354 2 2 0
21.7509 30.947 30.947 2 2 0
21.7512 30.9585 30.9585 2 2 0
21.7515 30.97 30.97 2 2 0
21.7518 30.9816 30.9816 2 2 0
21.752 30.9931 30.9931 2 2 0
21.7523 31.0047 31.0047 2 2 0
21.7526 31.0162 31.0162 2 2 0
21.7529 31.0277 31.0277 2 2 0
21.7532 31.0393 31.0393 2 2 0
21.7535 31.0508 31.0508 2 2 0
21.7538 31.0623 31.0623 2 2 0
21.7541 31.0739 31.0739 2 2 0
21.7544 31.0854 31.0854 2 2 0
21.7547 31.097 31.097 2 2 0
21.755 31.1085 31.1085 2 2 0
21.7553 31.12 31.12 2 2 0
21.7556 31.1316 31.1316 2 2 0
21.7558 31.1431 31.1431 2 2 0
21.7561 31.1546 31.1546 2 2 0
21.7564 31.1662 31.1662 2 2 0
21.7567 31.1777 31.1777 2 2 0
21.757 31.1893 31.1893 2 2 0
21.7573 31.2008 31.2008 2 2 0
21.7576 31.2123 31.2123 2 2 0
21.7579 31.2239 31.2239 2 2 0
21.7581 31.2354 31.2354 2 2 0
21.7584 31.2469 31.2469 2 2 0
21.7587 31.2585 31.2585 2 2 0
21.759 31.27 31.27 2 2 0
21.7593 31.2816 31.2816 2 2 0
21.7596 31.2931 31.2931 2 2 0
21.7598 31.3046 31.3046 2 2 0
21.7601 31.3162 31.3162 2 2 0
21.7604 31.3277 31.3277 2 2 0
21.7607 31.3393 31.3393 2 2 0
21.761 31.3508 31.3508 2 2 0
21.7612 31.3623 31.3623 2 2 0
21.7615 31.3739 31.3739 2 2 0
21.7618 31.3854 31.3854 2 2 0
21.7621 31.3969 31.3969 2 2 0
21.7624 31.4085 31.4085 2 2 0
21.7626 31.42 31.42 2 2 0
21.7629 31.4316 31.4316 2 2 0
21.7632 31.4431 31.4431 2 2 0
21.7635 31.4546 31.4546 2 2 0
21.7637 31.4662 31.4662 2 2 0
21.764 31.4777 31.4777 2 2 0
21.7643 31.4892 31.4892 2 2 0
21.7646 31.5008 31.5008 2 2 0
21.7648 31.5123 31.5123 2 2 0
21.7651 31.5239 31.5239 2 2 0
21.7654 31.5354 31.5354 2 2 0
21.7657 31.5469 31.5469 2 2 0
21.7659 31.5585 31.5585 2 2 0
21.7662 31.57 31.57 2 2 0
21.7665 31.5816 31.5816 2 2 0
21.7668 31.5931 31.5931 2 2 0
21.767 31.6046 31.6046 2 2 0
21.7673 31.6162 31.6162 2 2 0
21.7676 31.6277 31.6277 2 2 0
21.7678 31.6392 31.6392 2 2 0
21.7681 31.6508 31.6508 2 2 0
21.7684 31.6623 31.6623 2 2 0
21.7686 31.6739 31.6739 2 2 0
21.7689 31.6854 31.6854 2 2 0
21.7692 31.6969 31.6969 2 2 0
21.7694 31.7085 31.7085 2 2 0
21.7697 31.72 31.72 2 2 0
21.77 31.7316 31.7316 2 2 0
21.7702 31.7431 31.7431 2 2 0
21.7705 31.7546 31.7546 2 2 0
21.7708 31.7662 31.7662 2 2 0
21.771 31.7777 31.7777 2 2 0
21.7713 31.7893 31.7893 2 2 0
21.7716 31.8008 31.8008 2 2 0
21.7718 31.8123 31.8123 2 2 0
21.7721 31.8239 31.8239 2 2 0
21.7724 31.8354 31.8354 2 2 0
21.7726 31.8469 31.8469 2 2 0
21.7729 31.8585 31.8585 2 2 0
21.7731 31.87 31.87 2 2 0
21.7734 31.8816 31.8816 2 2 0
21.7737 31.8931 31.8931 2 2 0
21.7739 31.9046 31.9046 2 2 0
21.7742 31.9162 31.9162 2 2 0
21.7744 31.9277 31.9277 2 2 0
21.7747 31.9393 31.9393 2 2 0
21.775 31.9508 31.9508 2 2 0
21.7752 31.9623 31.9623 2 2 0
21.7755 31.9739 31.9739 2 2 0
21.7757 31.9854 31.9854 2 2 0
21.776 31.997 31.997 2 2 0
21.7762 32.0085 32.0085 2 2 0
21.7765 32.02 32.02 2 2 0
21.7768 32.0316 32.0316 2 2 0
21.777 32.0431 32.0431 2 2 0
21.7773 32.0547 32.0547 2 2 0
21.7775 32.0662 32.0662 2 2 0
21.7778 32.0777 32.0777 2 2 0
21.778 32.0893 32.0893 2 2 0
21.7783 32.1008 32.1008 2 2 0
21.7785 32.1124 32.1124 2 2 0
21.7788 32.1239 32.1239 2 2 0
21.779 32.1354 32.1354 2 2 0
21.7793 32.147 32.147 2 2 0
21.7795 32.1585 32.1585 2 2 0
21.7798 32.1701 32.1701 2 2 0
21.78 32.1816 32.1816 2 2 0
21.7803 32.1931 32.1931 2 2 0
21.7805 32.2047 32.2047 2 2 0
21.7808 32.2162 32.2162 2 2 0
21.781 32.2278 32.2278 2 2 0
21.7813 32.2393 32.2393 2 2 0
21.7815 32.2508 32.2508 2 2 0
21.7818 32.2624 32.2624 2 2 0
21.782 32.2739 32.2739 2 2 0
21.7823 32.2855 32.2855 2 2 0
21.7825 32.297 32.297 2 2 0
21.7828 32.3085 32.3085 2 2 0
21.783 32.3201 32.3201 2 2 0
21.7832 32.3316 32.3316 2 2 0
21.7835 32.3431 32.3431 2 2 0
21.7837 32.3547 32.3547 2 2 0
21.784 32.3662 32.3662 2 2 0
21.7842 32.3778 32.3778 2 2 0
21.7845 32.3893 32.3893 2 2 0
21.7847 32.4009 32.4009 2 2 0
21.7849 32.4124 32.4124 2 2 0
21.7852 32.4239 32.4239 2 2 0
21.7854 32.4355 32.4355 2 2 0
21.7857 32.447 32.447 2 2 0
21.7859 32.4586 32.4586 2 2 0
21.7861 32.4701 32.4701 2 2 0
21.7864 32.4816 32.4816 2 2 0
21.7866 32.4932 32.4932 2 2 0
21.7869 32.5047 32.5047 2 2 0
21.7871 32.5163 32.5163 2 2 0
21.7873 32.5278 32.5278 2 2 0
21.7876 32.5393 32.5393 2 2 0
21.7878 32.5509 32.5509 2 2 0
21.7881 32.5624 32.5624 2 2 0
21.7883 32.574 32.574 2 2 0
21.7885 32.5855 32.5855 2 2 0
21.7888 32.597 32.597 2 2 0
21.789 32.6086 32.6086 2 2 0
21.7892 32.6201 32.6201 2 2 0
21.7895 32.6317 32.6317 2 2 0
21.7897 32.6432 32.6432 2 2 0
21.7899 32.6547 32.6547 2 2 0
21.7902 32.6663 32.6663 2 2 0
21.7904 32.6778 32.6778 2 2 0
21.7906 32.6894 32.6894 2 2 0
21.7909 32.7009 32.7009 2 2 0
21.7911 32.7124 32.7124 2 2 0
21.7913 32.724 32.724 2 2 0
21.7916 32.7355 32.7355 2 2 0
21.7918 32.7471 32.7471 2 2 0
21.792 32.7586 32.7586 2 2 0
21.7922 32.7701 32.7701 2 2 0
21.7925 32.7817 32.7817 2 2 0
21.7927 32.7932 32.7932 2 2 0
21.7929 32.8048 32.8048 2 2 0
21.7932 32.8163 32.8163 2 2 0
21.7934 32.8278 32.8278 2 2 0
21.7936 32.8394 32.8394 2 2 0
21.7938 32.8509 32.8509 2 2 0
21.7941 32.8625 32.8625 2 2 0
21.7943 32.874 32.874 2 2 0
21.7945 32.8856 32.8856 2 2 0
21.7948 32.8971 32.8971 2 2 0
21.795 32.9086 32.9086 2 2 0
21.7952 32.9202 32.9202 2 2 0
21.7954 32.9317 32.9317 2 2 0
21.7957 32.9433 32.9433 2 2 0
21.7959 32.9548 32.9548 2 2 0
21.7961 32.9663 32.9663 2 2 0
21.7963 32.9779 32.9779 2 2 0
21.7965 32.9894 32.9894 2 2 0
21.7968 33.001 33.001 2 2 0
21.797 33.0125 33.0125 2 2 0
21.7972 33.024 33.024 2 2 0
21.7974 33.0356 33.0356 2 2 0
21.7977 33.0471 33.0471 2 2 0
21.7979 33.0587 33.0587 2 2 0
21.7981 33.0702 33.0702 2 2 0
21.7983 33.0817 33.0817 2 2 0
21.7985 33.0933 33.0933 2 2 0
21.7988 33.1048 33.1048 2 2 0
21.799 33.1164 33.1164 2 2 0
21.7992 33.1279 33.1279 2 2 0
21.7994 33.1395 33.1395 2 2 0
21.7996 33.151 33.151 2 2 0
21.7998 33.1625 33.1625 2 2 0
21.8001 33.1741 33.1741 2 2 0
21.8003 33.1856 33.1856 2 2 0
21.8005 33.1972 33.1972 2 2 0
21.8007 33.2087 33.2087 2 2 0
21.8009 33.2202 33.2202 2 2 0
21.8011 33.2318 33.2318 2 2 0
21.8014 33.2433 33.2433 2 2 0
21.8016 33.2549 33.2549 2 2 0
21.8018 33.2664 33.2664 2 2 0
21.802 33.278 33.278 2 2 0
21.8022 33.2895 33.2895 2 2 0
21.8024 33.301 33.301 2 2 0
21.8026 33.3126 33.3126 2 2 0
21.8029 33.3241 33.3241 2 2 0
21.8031 33.3357 33.3357 2 2 0
21.8033 33.3472 33.3472 2 2 0
21.8035 33.3587 33.3587 2 2 0
21.8037 33.3703 33.3703 2 2 0
21.8039 33.3818 33.3818 2 2 0
21.8041 33.3934 33.3934 2 2 0
21.8043 33.4049 33.4049 2 2 0
21.8045 33.4165 33.4165 2 2 0
21.8048 33.428 33.428 2 2 0
21.805 33.4395 33.4395 2 2 0
21.8052 33.4511 33.4511 2 2 0
21.8054 33.4626 33.4626 2 2 0
21.8056 33.4742 33.4742 2 2 0
21.8058 33.4857 33.4857 2 2 0
21.806 33.4972 33.4972 2 2 0
21.8062 33.5088 33.5088 2 2 0
21.8064 33.5203 33.5203 2 2 0
21.8066 33.5319 33.5319 2 2 0
21.8068 33.5434 33.5434 2 2 0
21.807 33.555 33.555 2 2 0
21.8072 33.5665 33.5665 2 2 0
21.8074 33.578 33.578 2 2 0
21.8077 33.5896 33.5896 2 2 0
21.8079 33.6011 33.6011 2 2 0
21.8081 33.6127 33.6127 2 2 0
21.8083 33.6242 33.6242 2 2 0
21.8085 33.6357 33.6357 2 2 0
21.8087 33.6473 33.6473 2 2 0
21.8089 33.6588 33.6588 2 2 0
21.8091 33.6704 33.6704 2 2 0
21.8093 33.6819 33.6819 2 2 0
21.8095 33.6935 33.6935 2 2 0
21.8097 33.705 33.705 2 2 0
21.8099 33.7165 33.7165 2 2 0
21.8101 33.7281 33.7281 2 2 0
21.8103 33.7396 33.7396 2 2 0
21.8105 33.7512 33.7512 2 2 0
21.8107 33.7627 33.7627 2 2 0
21.8109 33.7742 33.7742 2 2 0
21.8111 33.7858 33.7858 2 2 0
21.8113 33.7973 33.7973 2 2 0
21.8115 33.8089 33.8089 2 2 0
21.8117 33.8204 33.8204 2 2 0
21.8119 33.832 33.832 2 2 0
21.8121 33.8435 33.8435 2 2 0
21.8123 33.855 33.855 2 2 0
21.8125 33.8666 33.8666 2 2 0
21.8127 33.8781 33.8781 2 2 0
21.8129 33.8897 33.8897 2 2 0
21.8131 33.9012 33.9012 2 2 0
21.8133 33.9128 33.9128 2 2 0
21.8134 33.9243 33.9243 2 2 0
21.8136 33.9358 33.9358 2 2 0
21.8138 33.9474 33.9474 2 2 0
21.814 33.9589 33.9589 2 2 0
21.8142 33.9705 33.9705 2 2 0
21.8144 33.982 33.982 2 2 0
21.8146 33.9936 33.9936 2 2 0
21.8148 34.0051 34.0051 2 2 0
21.815 34.0166 34.0166 2 2 0
21.8152 34.0282 34.0282 2 2 0
21.8154 34.0397 34.0397 2 2 0
21.8156 34.0513 34.0513 2 2 0
21.8158 34.0628 34.0628 2 2 0
21.816 34.0743 34.0743 2 2 0
21.8161 34.0859 34.0859 2 2 0
21.8163 34.0974 34.0974 2 2 0
21.8165 34.109 34.109 2 2 0
21.8167 34.1205 34.1205 2 2 0
21.8169 34.1321 34.1321 2 2 0
21.8171 34.1436 34.1436 2 2 0
21.8173 34.1551 34.1551 2 2 0
21.8175 34.1667 34.1667 2 2 0
21.8177 34.1782 34.1782 2 2 0
21.8178 34.1898 34.1898 2 2 0
21.818 34.2013 34.2013 2 2 0
21.8182 34.2129 34.2129 2 2 0
21.8184 34.2244 34.2244 2 2 0
21.8186 34.2359 34.2359 2 2 0
21.8188 34.2475 34.2475 2 2 0
21.819 34.259 34.259 2 2 0
21.8192 34.2706 34.2706 2 2 0
21.8193 34.2821 34.2821 2 2 0
21.8195 34.2937 34.2937 2 2 0
21.8197 34.3052 34.3052 2 2 0
21.8199 34.3167 34.3167 2 2 0
21.8201 34.3283 34.3283 2 2 0
21.8203 34.3398 34.3398 2 2 0
21.8204 34.3514 34.3514 2 2 0
21.8206 34.3629 34.3629 2 2 0
21.8208 34.3745 34.3745 2 2 0
21.821 34.386 34.386 2 2 0
21.8212 34.3975 34.3975 2 2 0
21.8214 34.4091 34.4091 2 2 0
21.8215 34.4206 34.4206 2 2 0
21.8217 34.4322 34.4322 2 2 0
21.8219 34.4437 34.4437 2 2 0
21.8221 34.4553 34.4553 2 2 0
21.8223 34.4668 34.4668 2 2 0
21.8224 34.4783 34.4783 2 2 0
21.8226 34.4899 34.4899 2 2 0
21.8228 34.5014 34.5014 2 2 0
21.823 34.513 34.513 2 2 0
21.8232 34.5245 34.5245 2 2 0
21.8233 34.5361 34.5361 2 2 0
21.8235 34.5476 34.5476 2 2 0
21.8237 34.5591 34.5591 2 2 0
21.8239 34.5707 34.5707 2 2 0
21.8241 34.5822 34.5822 2 2 0
21.8242 34.5938 34.5938 2 2 0
21.8244 34.6053 34.6053 2 2 0
21.8246 34.6169 34.6169 2 2 0
21.8248 34.6284 34.6284 2 2 0
21.8249 34.6399 34.6399 2 2 0
21.8251 34.6515 34.6515 2 2 0
21.8253 34.663 34.663 2 2 0
21.8255 34.6746 34.6746 2 2 0
21.8256 34.6861 34.6861 2 2 0
21.8258 34.6977 34.6977 2 2 0
21.826 34.7092 34.7092 2 2 0
21.8262 34.7207 34.7207 2 2 0
21.8263 34.7323 34.7323 2 2 0
21.8265 34.7438 34.7438 2 2 0
21.8267 34.7554 34.7554 2 2 0
21.8269 34.7669 34.7669 2 2 0
21.827 34.7785 34.7785 2 2 0
21.8272 34.79 34.79 2 2 0
21.8274 34.8015 34.8015 2 2 0
21.8276 34.8131 34.8131 2 2 0
21.8277 34.8246 34.8246 2 2 0
21.8279 34.8362 34.8362 2 2 0
21.8281 34.8477 34.8477 2 2 0
21.8282 34.8593 34.8593 2 2 0
21.8284 34.8708 34.8708 2 2 0
21.8286 34.8823 34.8823 2 2 0
21.8287 34.8939 34.8939 2 2 0
21.8289 34.9054 34.9054 2 2 0
21.8291 34.917 34.917 2 2 0
21.8293 34.9285 34.9285 2 2 0
21.8294 34.9401 34.9401 2 2 0
21.8296 34.9516 34.9516 2 2 0
21.8298 34.9632 34.9632 2 2 0
21.8299 34.9747 34.9747 2 2 0
21.8301 34.9862 34.9862 2 2 0
21.8303 34.9978 34.9978 2 2 0
21.8304 35.0093 35.0093 2 2 0
21.8306 35.0209 35.0209 2 2 0
21.8308 35.0324 35.0324 2 2 0
21.8309 35.044 35.044 2 2 0
21.8311 35.0555 35.0555 2 2 0
21.8313 35.067 35.067 2 2 0
21.8314 35.0786 35.0786 2 2 0
21.8316 35.0901 35.0901 2 2 0
21.8318 35.1017 35.1017 2 2 0
21.8319 35.1132 35.1132 2 2 0
21.8321 35.1248 35.1248 2 2 0
21.8323 35.1363 35.1363 2 2 0
21.8324 35.1478 35.1478 2 2 0
21.8326 35.1594 35.1594 2 2 0
21.8327 35.1709 35.1709 2 2 0
21.8329 35.1825 35.1825 2 2 0
21.8331 35.194 35.194 2 2 0
21.8332 35.2056 35.2056 2 2 0
21.8334 35.2171 35.2171 2 2 0
21.8336 35.2287 35.2287 2 2 0
21.8337 35.2402 35.2402 2 2 0
21.8339 35.2517 35.2517 2 2 0
21.834 35.2633 35.2633 2 2 0
21.8342 35.2748 35.2748 2 2 0
21.8344 35.2864 35.2864 2 2 0
21.8345 35.2979 35.2979 2 2 0
21.8347 35.3095 35.3095 2 2 0
21.8348 35.321 35.321 2 2 0
21.835 35.3325 35.3325 2 2 0
21.8352 35.3441 35.3441 2 2 0
21.8353 35.3556 35.3556 2 2 0
21.8355 35.3672 35.3672 2 2 0
21.8356 35.3787 35.3787 2 2 0
21.8358 35.3903 35.3903 2 2 0
21.836 35.4018 35.4018 2 2 0
21.8361 35.4134 35.4134 2 2 0
21.8363 35.4249 35.4249 2 2 0
21.8364 35.4364 35.4364 2 2 0
21.8366 35.448 35.448 2 2 0
21.8367 35.4595 35.4595 2 2 0
21.8369 35.4711 35.4711 2 2 0
21.8371 35.4826 35.4826 2 2 0
21.8372 35.4942 35.4942 2 2 0
21.8374 35.5057 35.5057 2 2 0
21.8375 35.5172 35.5172 2 2 0
21.8377 35.5288 35.5288 2 2 0
21.8378 35.5403 35.5403 2 2 0
21.838 35.5519 35.5519 2 2 0
21.8381 35.5634 35.5634 2 2 0
21.8383 35.575 35.575 2 2 0
21.8384 35.5865 35.5865 2 2 0
21.8386 35.5981 35.5981 2 2 0
21.8388 35.6096 35.6096 2 2 0
21.8389 35.6211 35.6211 2 2 0
21.8391 35.6327 35.6327 2 2 0
21.8392 35.6442 35.6442 2 2 0
21.8394 35.6558 35.6558 2 2 0
21.8395 35.6673 35.6673 2 2 0
21.8397 35.6789 35.6789 2 2 0
21.8398 35.6904 35.6904 2 2 0
21.84 35.7019 35.7019 2 2 0
21.8401 35.7135 35.7135 2 2 0
21.8403 35.725 35.725 2 2 0
21.8404 35.7366 35.7366 2 2 0
21.8406 35.7481 35.7481 2 2 0
21.8407 35.7597 35.7597 2 2 0
21.8409 35.7712 35.7712 2 2 0
21.841 35.7828 35.7828 2 2 0
21.8412 35.7943 35.7943 2 2 0
21.8413 35.8058 35.8058 2 2 0
21.8415 35.8174 35.8174 2 2 0
21.8416 35.8289 35.8289 2 2 0
21.8418 35.8405 35.8405 2 2 0
21.8419 35.852 35.852 2 2 0
21.8421 35.8636 35.8636 2 2 0
21.8422 35.8751 35.8751 2 2 0
21.8424 35.8867 35.8867 2 2 0
21.8425 35.8982 35.8982 2 2 0
21.8427 35.9097 35.9097 2 2 0
21.8428 35.9213 35.9213 2 2 0
21.8429 35.9328 35.9328 2 2 0
21.8431 35.9444 35.9444 2 2 0
21.8432 35.9559 35.9559 2 2 0
21.8434 35.9675 35.9675 2 2 0
21.8435 35.979 35.979 2 2 0
21.8437 35.9905 35.9905 2 2 0
21.8438 36.0021 36.0021 2 2 0
21.844 36.0136 36.0136 2 2 0
21.8441 36.0252 36.0252 2 2 0
21.8443 36.0367 36.0367 2 2 0
21.8444 36.0483 36.0483 2 2 0
21.8445 36.0598 36.0598 2 2 0
21.8447 36.0714 36.0714 2 2 0
21.8448 36.0829 36.0829 2 2 0
21.845 36.0944 36.0944 2 2 0
21.8451 36.106 36.106 2 2 0
21.8453 36.1175 36.1175 2 2 0
21.8454 36.1291 36.1291 2 2 0
21.8455 36.1406 36.1406 2 2 0
21.8457 36.1522 36.1522 2 2 0
21.8458 36.1637 36.1637 2 2 0
21.846 36.1753 36.1753 2 2 0
21.8461 36.1868 36.1868 2 2 0
21.8462 36.1983 36.1983 2 2 0
21.8464 36.2099 36.2099 2 2 0
21.8465 36.2214 36.2214 2 2 0
21.8467 36.233 36.233 2 2 0
21.8468 36.2445 36.2445 2 2 0
21.8469 36.2561 36.2561 2 2 0
21.8471 36.2676 36.2676 2 2 0
21.8472 36.2792 36.2792 2 2 0
21.8474 36.2907 36.2907 2 2 0
21.8475 36.3022 36.3022 2 2 0
21.8476 36.3138 36.3138 2 2 0
21.8478 36.3253 36.3253 2 2 0
21.8479 36.3369 36.3369 2 2 0
21.8481 36.3484 36.3484 2 2 0
21.8482 36.36 36.36 2 2 0
21.8483 36.3715 36.3715 2 2 0
21.8485 36.3831 36.3831 2 2 0
21.8486 36.3946 36.3946 2 2 0
21.8487 36.4061 36.4061 2 2 0
21.8489 36.4177 36.4177 2 2 0
21.849 36.4292 36.4292 2 2 0
21.8491 36.4408 36.4408 2 2 0
21.8493 36.4523 36.4523 2 2 0
21.8494 36.4639 36.4639 2 2 0
21.8496 36.4754 36.4754 2 2 0
21.8497 36.487 36.487 2 2 0
21.8498 36.4985 36.4985 2 2 0
21.85 36.51 36.51 2 2 0
21.8501 36.5216 36.5216 2 2 0
21.8502 36.5331 36.5331 2 2 0
21.8504 36.5447 36.5447 2 2 0
21.8505 36.5562 36.5562 2 2 0
21.8506 36.5678 36.5678 2 2 0
21.8508 36.5793 36.5793 2 2 0
21.8509 36.5909 36.5909 2 2 0
21.851 36.6024 36.6024 2 2 0
21.8512 36.6139 36.6139 2 2 0
21.8513 36.6255 36.6255 2 2 0
21.8514 36.637 36.637 2 2 0
21.8516 36.6486 36.6486 2 2 0
21.8517 36.6601 36.6601 2 2 0
21.8518 36.6717 36.6717 2 2 0
21.852 36.6832 36.6832 2 2 0
21.8521 36.6948 36.6948 2 2 0
21.8522 36.7063 36.7063 2 2 0
21.8523 36.7178 36.7178 2 2 0
21.8525 36.7294 36.7294 2 2 0
21.8526 36.7409 36.7409 2 2 0
21.8527 36.7525 36.7525 2 2 0
21.8529 36.764 36.764 2 2 0
21.853 36.7756 36.7756 2 2 0
21.8531 36.7871 36.7871 2 2 0
21.8533 36.7987 36.7987 2 2 0
21.8534 36.8102 36.8102 2 2 0
21.8535 36.8217 36.8217 2 2 0
21.8536 36.8333 36.8333 2 2 0
21.8538 36.8448 36.8448 2 2 0
21.8539 36.8564 36.8564 2 2 0
21.854 36.8679 36.8679 2 2 0
21.8542 36.8795 36.8795 2 2 0
21.8543 36.891 36.891 2 2 0
21.8544 36.9026 36.9026 2 2 0
21.8545 36.9141 36.9141 2 2 0
21.8547 36.9257 36.9257 2 2 0
21.8548 36.9372 36.9372 2 2 0
21.8549 36.9487 36.9487 2 2 0
21.855 36.9603 36.9603 2 2 0
21.8552 36.9718 36.9718 2 2 0
21.8553 36.9834 36.9834 2 2 0
21.8554 36.9949 36.9949 2 2 0
21.8555 37.0065 37.0065 2 2 0
21.8557 37.018 37.018 2 2 0
21.8558 37.0296 37.0296 2 2 0
21.8559 37.0411 37.0411 2 2 0
21.856 37.0526 37.0526 2 2 0
21.8562 37.0642 37.0642 2 2 0
21.8563 37.0757 37.0757 2 2 0
21.8564 37.0873 37.0873 2 2 0
21.8565 37.0988 37.0988 2 2 0
21.8567 37.1104 37.1104 2 2 0
21.8568 37.1219 37.1219 2 2 0
21.8569 37.1335 37.1335 2 2 0
21.857 37.145 37.145 2 2 0
21.8572 37.1565 37.1565 2 2 0
21.8573 37.1681 37.1681 2 2 0
21.8574 37.1796 37.1796 2 2 0
21.8575 37.1912 37.1912 2 2 0
21.8576 37.2027 37.2027 2 2 0
21.8578 37.2143 37.2143 2 2 0
21.8579 37.2258 37.2258 2 2 0
21.858 37.2374 37.2374 2 2 0
21.8581 37.2489 37.2489 2 2 0
21.8582 37.2605 37.2605 2 2 0
21.8584 37.272 37.272 2 2 0
21.8585 37.2835 37.2835 2 2 0
21.8586 37.2951 37.2951 2 2 0
21.8587 37.3066 37.3066 2 2 0
21.8588 37.3182 37.3182 2 2 0
21.859 37.3297 37.3297 2 2 0
21.8591 37.3413 37.3413 2 2 0
21.8592 37.3528 37.3528 2 2 0
21.8593 37.3644 37.3644 2 2 0
21.8594 37.3759 37.3759 2 2 0
21.8596 37.3874 37.3874 2 2 0
21.8597 37.399 37.399 2 2 0
21.8598 37.4105 37.4105 2 2 0
21.8599 37.4221 37.4221 2 2 0
21.86 37.4336 37.4336 2 2 0
21.8602 37.4452 37.4452 2 2 0
21.8603 37.4567 37.4567 2 2 0
21.8604 37.4683 37.4683 2 2 0
21.8605 37.4798 37.4798 2 2 0
21.8606 37.4914 37.4914 2 2 0
21.8607 37.5029 37.5029 2 2 0
21.8609 37.5144 37.5144 2 2 0
21.861 37.526 37.526 2 2 0
21.8611 37.5375 37.5375 2 2 0
21.8612 37.5491 37.5491 2 2 0
21.8613 37.5606 37.5606 2 2 0
21.8614 37.5722 37.5722 2 2 0
21.8615 37.5837 37.5837 2 2 0
21.8617 37.5953 37.5953 2 2 0
21.8618 37.6068 37.6068 2 2 0
21.8619 37.6183 37.6183 2 2 0
21.862 37.6299 37.6299 2 2 0
21.8621 37.6414 37.6414 2 2 0
21.8622 37.653 37.653 2 2 0
21.8624 37.6645 37.6645 2 2 0
21.8625 37.6761 37.6761 2 2 0
21.8626 37.6876 37.6876 2 2 0
21.8627 37.6992 37.6992 2 2 0
21.8628 37.7107 37.7107 2 2 0
21.8629 37.7223 37.7223 2 2 0
21.863 37.7338 37.7338 2 2 0
21.8631 37.7453 37.7453 2 2 0
21.8633 37.7569 37.7569 2 2 0
21.8634 37.7684 37.7684 2 2 0
21.8635 37.78 37.78 2 2 0
21.8636 37.7915 37.7915 2 2 0
21.8637 37.8031 37.8031 2 2 0
21.8638 37.8146 37.8146 2 2 0
21.8639 37.8262 37.8262 2 2 0
21.864 37.8377 37.8377 2 2 0
21.8641 37.8493 37.8493 2 2 0
21.8643 37.8608 37.8608 2 2 0
21.8644 37.8723 37.8723 2 2 0
21.8645 37.8839 37.8839 2 2 0
21.8646 37.8954 37.8954 2 2 0
21.8647 37.907 37.907 2 2 0
21.8648 37.9185 37.9185 2 2 0
21.8649 37.9301 37.9301 2 2 0
21.865 37.9416 37.9416 2 2 0
21.8651 37.9532 37.9532 2 2 0
21.8652 37.9647 37.9647 2 2 0
21.8654 37.9763 37.9763 2 2 0
21.8655 37.9878 37.9878 2 2 0
21.8656 37.9993 37.9993 2 2 0
21.8657 38.0109 38.0109 2 2 0
21.8658 38.0224 38.0224 2 2 0
21.8659 38.034 38.034 2 2 0
21.866 38.0455 38.0455 2 2 0
21.8661 38.0571 38.0571 2 2 0
21.8662 38.0686 38.0686 2 2 0
21.8663 38.0802 38.0802 2 2 0
21.8664 38.0917 38.0917 2 2 0
21.8665 38.1032 38.1032 2 2 0
21.8666 38.1148 38.1148 2 2 0
21.8668 38.1263 38.1263 2 2 0
21.8669 38.1379 38.1379 2 2 0
21.867 38.1494 38.1494 2 2 0
21.8671 38.161 38.161 2 2 0
21.8672 38.1725 38.1725 2 2 0
21.8673 38.1841 38.1841 2 2 0
21.8674 38.1956 38.1956 2 2 0
21.8675 38.2072 38.2072 2 2 0
21.8676 38.2187 38.2187 2 2 0
21.8677 38.2302 38.2302 2 2 0
21.8678 38.2418 38.2418 2 2 0
21.8679 38.2533 38.2533 2 2 0
21.868 38.2649 38.2649 2 2 0
21.8681 38.2764 38.2764 2 2 0
21.8682 38.288 38.288 2 2 0
21.8683 38.2995 38.2995 2 2 0
21.8684 38.3111 38.3111 2 2 0
21.8685 38.3226 38.3226 2 2 0
21.8686 38.3342 38.3342 2 2 0
21.8687 38.3457 38.3457 2 2 0
21.8688 38.3572 38.3572 2 2 0
21.869 38.3688 38.3688 2 2 0
21.8691 38.3803 38.3803 2 2 0
21.8692 38.3919 38.3919 2 2 0
21.8693 38.4034 38.4034 2 2 0
21.8694 38.415 38.415 2 2 0
21.8695 38.4265 38.4265 2 2 0
21.8696 38.4381 38.4381 2 2 0
21.8697 38.4496 38.4496 2 2 0
21.8698 38.4612 38.4612 2 2 0
21.8699 38.4727 38.4727 2 2 0
21.87 38.4842 38.4842 2 2 0
21.8701 38.4958 38.4958 2 2 0
21.8702 38.5073 38.5073 2 2 0
21.8703 38.5189 38.5189 2 2 0
21.8704 38.5304 38.5304 2 2 0
21.8705 38.542 38.542 2 2 0
21.8706 38.5535 38.5535 2 2 0
21.8707 38.5651 38.5651 2 2 0
21.8708 38.5766 38.5766 2 2 0
21.8709 38.5882 38.5882 2 2 0
21.871 38.5997 38.5997 2 2 0
21.8711 38.6112 38.6112 2 2 0
21.8712 38.6228 38.6228 2 2 0
21.8713 38.6343 38.6343 2 2 0
21.8714 38.6459 38.6459 2 2 0
21.8715 38.6574 38.6574 2 2 0
21.8716 38.669 38.669 2 2 0
21.8717 38.6805 38.6805 2 2 0
21.8718 38.6921 38.6921 2 2 0
21.8719 38.7036 38.7036 2 2 0
21.872 38.7152 38.7152 2 2 0
21.8721 38.7267 38.7267 2 2 0
21.8722 38.7382 38.7382 2 2 0
21.8722 38.7498 38.7498 2 2 0
21.8723 38.7613 38.7613 2 2 0
21.8724 38.7729 38.7729 2 2 0
21.8725 38.7844 38.7844 2 2 0
21.8726 38.796 38.796 2 2 0
21.8727 38.8075 38.8075 2 2 0
21.8728 38.8191 38.8191 2 2 0
21.8729 38.8306 38.8306 2 2 0
21.873 38.8422 38.8422 2 2 0
21.8731 38.8537 38.8537 2 2 0
21.8732 38.8653 38.8653 2 2 0
21.8733 38.8768 38.8768 2 2 0
21.8734 38.8883 38.8883 2 2 0
21.8735 38.8999 38.8999 2 2 0
21.8736 38.9114 38.9114 2 2 0
21.8737 38.923 38.923 2 2 0
21.8738 38.9345 38.9345 2 2 0
21.8739 38.9461 38.9461 2 2 0
21.874 38.9576 38.9576 2 2 0
21.8741 38.9692 38.9692 2 2 0
21.8742 38.9807 38.9807 2 2 0
21.8743 38.9923 38.9923 2 2 0
21.8743 39.0038 39.0038 2 2 0
21.8744 39.0153 39.0153 2 2 0
21.8745 39.0269 39.0269 2 2 0
21.8746 39.0384 39.0384 2 2 0
21.8747 39.05 39.05 2 2 0
21.8748 39.0615 39.0615 2 2 0
21.8749 39.0731 39.0731 2 2 0
21.875 39.0846 39.0846 2 2 0
21.8751 39.0962 39.0962 2 2 0
21.8752 39.1077 39.1077 2 2 0
21.8753 39.1193 39.1193 2 2 0
21.8754 39.1308 39.1308 2 2 0
21.8755 39.1423 39.1423 2 2 0
21.8756 39.1539 39.1539 2 2 0
21.8756 39.1654 39.1654 2 2 0
21.8757 39.177 39.177 2 2 0
21.8758 39.1885 39.1885 2 2 0
21.8759 39.2001 39.2001 2 2 0
21.876 39.2116 39.2116 2 2 0
21.8761 39.2232 39.2232 2 2 0
21.8762 39.2347 39.2347 2 2 0
21.8763 39.2463 39.2463 2 2 0
21.8764 39.2578 39.2578 2 2 0
21.8765 39.2693 39.2693 2 2 0
21.8766 39.2809 39.2809 2 2 0
21.8766 39.2924 39.2924 2 2 0
21.8767 39.304 39.304 2 2 0
21.8768 39.3155 39.3155 2 2 0
21.8769 39.3271 39.3271 2 2 0
21.877 39.3386 39.3386 2 2 0
21.8771 39.3502 39.3502 2 2 0
21.8772 39.3617 39.3617 2 2 0
21.8773 39.3733 39.3733 2 2 0
21.8774 39.3848 39.3848 2 2 0
21.8774 39.3964 39.3964 2 2 0
21.8775 39.4079 39.4079 2 2 0
21.8776 39.4194 39.4194 2 2 0
21.8777 39.431 39.431 2 2 0
21.8778 39.4425 39.4425 2 2 0
21.8779 39.4541 39.4541 2 2 0
21.878 39.4656 39.4656 2 2 0
21.8781 39.4772 39.4772 2 2 0
21.8781 39.4887 39.4887 2 2 0
21.8782 39.5003 39.5003 2 2 0
21.8783 39.5118 39.5118 2 2 0
21.8784 39.5234 39.5234 2 2 0
21.8785 39.5349 39.5349 2 2 0
21.8786 39.5464 39.5464 2 2 0
21.8787 39.558 39.558 2 2 0
21.8788 39.5695 39.5695 2 2 0
21.8788 39.5811 39.5811 2 2 0
21.8789 39.5926 39.5926 2 2 0
21.879 39.6042 39.6042 2 2 0
21.8791 39.6157 39.6157 2 2 0
21.8792 39.6273 39.6273 2 2 0
21.8793 39.6388 39.6388 2 2 0
21.8794 39.6504 39.6504 2 2 0
21.8794 39.6619 39.6619 2 2 0
21.8795 39.6735 39.6735 2 2 0
21.8796 39.685 39.685 2 2 0
21.8797 39.6965 39.6965 2 2 0
21.8798 39.7081 39.7081 2 2 0
21.8799 39.7196 39.7196 2 2 0
21.8799 39.7312 39.7312 2 2 0
21.88 39.7427 39.7427 2 2 0
21.8801 39.7543 39.7543 2 2 0
21.8802 39.7658 39.7658 2 2 0
21.8803 39.7774 39.7774 2 2 0
21.8804 39.7889 39.7889 2 2 0
21.8804 39.8005 39.8005 2 2 0
21.8805 39.812 39.812 2 2 0
21.8806 39.8236 39.8236 2 2 0
21.8807 39.8351 39.8351 2 2 0
21.8808 39.8466 39.8466 2 2 0
21.8809 39.8582 39.8582 2 2 0
21.0948 10.4865 10.4865 2 1 0
21.0988 10.5027 10.5027 2 1 0
21.1009 10.5108 10.5108 2 1 0
21.1029 10.519 10.519 2 1 0
21.1049 10.5271 10.5271 2 1 0
21.1069 10.5352 10.5352 2 1 0
21.1089 10.5433 10.5433 2 1 0
21.1109 10.5515 10.5515 2 1 0
21.1129 10.5596 10.5596 2 1 0
21.1149 10.5677 10.5677 2 1 0
21.1168 10.5758 10.5758 2 1 0
21.1188 10.584 10.584 2 1 0
21.1208 10.5921 10.5921 2 1 0
21.1228 10.6002 10.6002 2 1 0
21.1247 10.6083 10.6083 2 1 0
21.1267 10.6165 10.6165 2 1 0
21.1286 10.6246 10.6246 2 1 0
21.1306 10.6327 10.6327 2 1 0
21.1325 10.6408 10.6408 2 1 0
21.1345 10.649 10.649 2 1 0
21.1364 10.6571 10.6571 2 1 0
21.1383 10.6652 10.6652 2 1 0
21.1403 10.6733 10.6733 2 1 0
21.1422 10.6815 10.6815 2 1 0
21.1441 10.6896 10.6896 2 1 0
21.146 10.6977 10.6977 2 1 0
21.1479 10.7059 10.7059 2 1 0
21.1498 10.714 10.714 2 1 0
21.1517 10.7221 10.7221 2 1 0
21.1536 10.7302 10.7302 2 1 0
21.1555 10.7384 10.7384 2 1 0
21.1574 10.7465 10.7465 2 1 0
21.1593 10.7546 10.7546 2 1 0
21.1611 10.7628 10.7628 2 1 0
21.163 10.7709 10.7709 2 1 0
21.1649 10.779 10.779 2 1 0
21.1667 10.7871 10.7871 2 1 0
21.1686 10.7953 10.7953 2 1 0
21.1705 10.8034 10.8034 2 1 0
21.1723 10.8115 10.8115 2 1 0
21.1742 10.8197 10.8197 2 1 0
21.176 10.8278 10.8278 2 1 0
21.1778 10.8359 10.8359 2 1 0
21.1797 10.8441 10.8441 2 1 0
21.1815 10.8522 10.8522 2 1 0
21.1833 10.8603 10.8603 2 1 0
21.1851 10.8684 10.8684 2 1 0
21.1869 10.8766 10.8766 2 1 0
21.1887 10.8847 10.8847 2 1 0
21.1905 10.8928 10.8928 2 1 0
21.1923 10.901 10.901 2 1 0
21.1941 10.9091 10.9091 2 1 0
21.1959 10.9172 10.9172 2 1 0
21.1977 10.9254 10.9254 2 1 0
21.1995 10.9335 10.9335 2 1 0
21.2013 10.9416 10.9416 2 1 0
21.2031 10.9498 10.9498 2 1 0
21.2048 10.9579 10.9579 2 1 0
21.2066 10.966 10.966 2 1 0
21.2084 10.9742 10.9742 2 1 0
21.2101 10.9823 10.9823 2 1 0
21.2119 10.9904 10.9904 2 1 0
21.2136 10.9986 10.9986 2 1 0
21.2154 11.0067 11.0067 2 1 0
21.2171 11.0148 11.0148 2 1 0
21.2188 11.023 11.023 2 1 0
21.2206 11.0311 11.0311 2 1 0
21.2223 11.0392 11.0392 2 1 0
21.224 11.0474 11.0474 2 1 0
21.2257 11.0555 11.0555 2 1 0
21.2274 11.0636 11.0636 2 1 0
21.2292 11.0718 11.0718 2 1 0
21.2309 11.0799 11.0799 2 1 0
21.2326 11.088 11.088 2 1 0
21.2343 11.0962 11.0962 2 1 0
21.236 11.1043 11.1043 2 1 0
21.2376 11.1125 11.1125 2 1 0
21.2393 11.1206 11.1206 2 1 0
21.241 11.1287 11.1287 2 1 0
21.2427 11.1369 11.1369 2 1 0
21.2444 11.145 11.145 2 1 0
21.246 11.1531 11.1531 2 1 0
21.2477 11.1613 11.1613 2 1 0
21.2494 11.1694 11.1694 2 1 0
21.251 11.1775 11.1775 2 1 0
21.2527 11.1857 11.1857 2 1 0
21.2543 11.1938 11.1938 2 1 0
21.256 11.202 11.202 2 1 0
21.2576 11.2101 11.2101 2 1 0
21.2592 11.2182 11.2182 2 1 0
21.2609 11.2264 11.2264 2 1 0
21.2625 11.2345 11.2345 2 1 0
21.2641 11.2426 11.2426 2 1 0
21.2658 11.2508 11.2508 2 1 0
21.2674 11.2589 11.2589 2 1 0
21.269 11.2671 11.2671 2 1 0
21.2706 11.2752 11.2752 2 1 0
21.2722 11.2833 11.2833 2 1 0
21.2738 11.2915 11.2915 2 1 0
21.2754 11.2996 11.2996 2 1 0
21.277 11.3078 11.3078 2 1 0
21.2786 11.3159 11.3159 2 1 0
21.2802 11.324 11.324 2 1 0
21.2818 11.3322 11.3322 2 1 0
21.2833 11.3403 11.3403 2 1 0
21.2849 11.3485 11.3485 2 1 0
21.2865 11.3566 11.3566 2 1 0
21.2881 11.3647 11.3647 2 1 0
21.2896 11.3729 11.3729 2 1 0
21.2912 11.381 11.381 2 1 0
21.2927 11.3892 11.3892 2 1 0
21.2943 11.3973 11.3973 2 1 0
21.2958 11.4054 11.4054 2 1 0
21.2974 11.4136 11.4136 2 1 0
21.2989 11.4217 11.4217 2 1 0
21.3005 11.4299 11.4299 2 1 0
21.302 11.438 11.438 2 1 0
21.3035 11.4461 11.4461 2 1 0
21.305 11.4543 11.4543 2 1 0
21.3066 11.4624 11.4624 2 1 0
21.3081 11.4706 11.4706 2 1 0
21.3096 11.4787 11.4787 2 1 0
21.3111 11.4868 11.4868 2 1 0
21.3126 11.495 11.495 2 1 0
21.3141 11.5031 11.5031 2 1 0
21.3156 11.5113 11.5113 2 1 0
21.3171 11.5194 11.5194 2 1 0
21.3186 11.5276 11.5276 2 1 0
21.3201 11.5357 11.5357 2 1 0
21.3216 11.5438 11.5438 2 1 0
21.3231 11.552 11.552 2 1 0
21.3246 11.5601 11.5601 2 1 0
21.326 11.5683 11.5683 2 1 0
21.3275 11.5764 11.5764 2 1 0
21.329 11.5846 11.5846 2 1 0
21.3304 11.5927 11.5927 2 1 0
21.3319 11.6008 11.6008 2 1 0
21.3334 11.609 11.609 2 1 0
21.3348 11.6171 11.6171 2 1 0
21.3363 11.6253 11.6253 2 1 0
21.3377 11.6334 11.6334 2 1 0
21.3392 11.6416 11.6416 2 1 0
21.3406 11.6497 11.6497 2 1 0
21.342 11.6578 11.6578 2 1 0
21.3435 11.666 11.666 2 1 0
21.3449 11.6741 11.6741 2 1 0
21.3463 11.6823 11.6823 2 1 0
21.3477 11.6904 11.6904 2 1 0
21.3492 11.6986 11.6986 2 1 0
21.3506 11.7067 11.7067 2 1 0
21.352 11.7149 11.7149 2 1 0
21.3534 11.723 11.723 2 1 0
21.3548 11.7311 11.7311 2 1 0
21.3562 11.7393 11.7393 2 1 0
21.3576 11.7474 11.7474 2 1 0
21.359 11.7556 11.7556 2 1 0
21.3604 11.7637 11.7637 2 1 0
21.3618 11.7719 11.7719 2 1 0
21.3632 11.78 11.78 2 1 0
21.3645 11.7882 11.7882 2 1 0
21.3659 11.7963 11.7963 2 1 0
21.3673 11.8045 11.8045 2 1 0
21.3687 11.8126 11.8126 2 1 0
21.37 11.8207 11.8207 2 1 0
21.3714 11.8289 11.8289 2 1 0
21.3728 11.837 11.837 2 1 0
21.3741 11.8452 11.8452 2 1 0
21.3755 11.8533 11.8533 2 1 0
21.3768 11.8615 11.8615 2 1 0
21.3782 11.8696 11.8696 2 1 0
21.3795 11.8778 11.8778 2 1 0
21.3809 11.8859 11.8859 2 1 0
21.3822 11.8941 11.8941 2 1 0
21.3835 11.9022 11.9022 2 1 0
21.3849 11.9104 11.9104 2 1 0
21.3862 11.9185 11.9185 2 1 0
21.3875 11.9266 11.9266 2 1 0
21.3888 11.9348 11.9348 2 1 0
21.3902 11.9429 11.9429 2 1 0
21.3915 11.9511 11.9511 2 1 0
21.3928 11.9592 11.9592 2 1 0
21.3941 11.9674 11.9674 2 1 0
21.3954 11.9755 11.9755 2 1 0
21.3967 11.9837 11.9837 2 1 0
21.398 11.9918 11.9918 2 1 0
21.3993 12 12 2 1 0
21.4006 12.0081 12.0081 2 1 0
21.4019 12.0163 12.0163 2 1 0
21.4032 12.0244 12.0244 2 1 0
21.4045 12.0326 12.0326 2 1 0
21.4057 12.0407 12.0407 2 1 0
21.407 12.0489 12.0489 2 1 0
21.4083 12.057 12.057 2 1 0
21.4096 12.0652 12.0652 2 1 0
21.4108 12.0733 12.0733 2 1 0
21.4121 12.0815 12.0815 2 1 0
21.4134 12.0896 12.0896 2 1 0
21.4146 12.0978 12.0978 2 1 0
21.4159 12.1059 12.1059 2 1 0
21.4171 12.1141 12.1141 2 1 0
21.4184 12.1222 12.1222 2 1 0
21.4196 12.1303 12.1303 2 1 0
21.4209 12.1385 12.1385 2 1 0
21.4221 12.1466 12.1466 2 1 0
21.4234 12.1548 12.1548 2 1 0
21.4246 12.1629 12.1629 2 1 0
21.4258 12.1711 12.1711 2 1 0
21.4271 12.1792 12.1792 2 1 0
21.4283 12.1874 12.1874 2 1 0
21.4295 12.1955 12.1955 2 1 0
21.4307 12.2037 12.2037 2 1 0
21.4319 12.2118 12.2118 2 1 0
21.4332 12.22 12.22 2 1 0
21.4344 12.2281 12.2281 2 1 0
21.4356 12.2363 12.2363 2 1 0
21.4368 12.2444 12.2444 2 1 0
21.438 12.2526 12.2526 2 1 0
21.4392 12.2607 12.2607 2 1 0
21.4404 12.2689 12.2689 2 1 0
21.4416 12.277 12.277 2 1 0
21.4428 12.2852 12.2852 2 1 0
21.444 12.2933 12.2933 2 1 0
21.4451 12.3015 12.3015 2 1 0
21.4463 12.3096 12.3096 2 1 0
21.4475 12.3178 12.3178 2 1 0
21.4487 12.3259 12.3259 2 1 0
21.4498 12.3341 12.3341 2 1 0
21.451 12.3423 12.3423 2 1 0
21.4522 12.3504 12.3504 2 1 0
21.4534 12.3586 12.3586 2 1 0
21.4545 12.3667 12.3667 2 1 0
21.4557 12.3749 12.3749 2 1 0
21.4568 12.383 12.383 2 1 0
21.458 12.3912 12.3912 2 1 0
21.4591 12.3993 12.3993 2 1 0
21.4603 12.4075 12.4075 2 1 0
21.4614 12.4156 12.4156 2 1 0
21.4626 12.4238 12.4238 2 1 0
21.4637 12.4319 12.4319 2 1 0
21.4648 12.4401 12.4401 2 1 0
21.466 12.4482 12.4482 2 1 0
21.4671 12.4564 12.4564 2 1 0
21.4682 12.4645 12.4645 2 1 0
21.4694 12.4727 12.4727 2 1 0
21.4705 12.4808 12.4808 2 1 0
21.4716 12.489 12.489 2 1 0
21.4727 12.4971 12.4971 2 1 0
21.4738 12.5053 12.5053 2 1 0
21.475 12.5134 12.5134 2 1 0
21.4761 12.5216 12.5216 2 1 0
21.4772 12.5297 12.5297 2 1 0
21.4783 12.5379 12.5379 2 1 0
21.4794 12.546 12.546 2 1 0
21.4805 12.5542 12.5542 2 1 0
21.4816 12.5624 12.5624 2 1 0
21.4827 12.5705 12.5705 2 1 0
21.4838 12.5787 12.5787 2 1 0
21.4848 12.5868 12.5868 2 1 0
21.4859 12.595 12.595 2 1 0
21.487 12.6031 12.6031 2 1 0
21.4881 12.6113 12.6113 2 1 0
21.4892 12.6194 12.6194 2 1 0
21.4902 12.6276 12.6276 2 1 0
21.4913 12.6357 12.6357 2 1 0
21.4924 12.6439 12.6439 2 1 0
21.4935 12.652 12.652 2 1 0
21.4945 12.6602 12.6602 2 1 0
21.4956 12.6683 12.6683 2 1 0
21.4966 12.6765 12.6765 2 1 0
21.4977 12.6846 12.6846 2 1 0
21.4988 12.6928 12.6928 2 1 0
21.4998 12.701 12.701 2 1 0
21.5009 12.7091 12.7091 2 1 0
21.5019 12.7173 12.7173 2 1 0
21.5029 12.7254 12.7254 2 1 0
21.504 12.7336 12.7336 2 1 0
21.505 12.7417 12.7417 2 1 0
21.5061 12.7499 12.7499 2 1 0
21.5071 12.758 12.758 2 1 0
21.5081 12.7662 12.7662 2 1 0
21.5092 12.7743 12.7743 2 1 0
21.5102 12.7825 12.7825 2 1 0
21.5112 12.7907 12.7907 2 1 0
21.5122 12.7988 12.7988 2 1 0
21.5132 12.807 12.807 2 1 0
21.5143 12.8151 12.8151 2 1 0
21.5153 12.8233 12.8233 2 1 0
21.5163 12.8314 12.8314 2 1 0
21.5173 12.8396 12.8396 2 1 0
21.5183 12.8477 12.8477 2 1 0
21.5193 12.8559 12.8559 2 1 0
21.5203 12.864 12.864 2 1 0
21.5213 12.8722 12.8722 2 1 0
21.5223 12.8804 12.8804 2 1 0
21.5233 12.8885 12.8885 2 1 0
21.5243 12.8967 12.8967 2 1 0
21.5253 12.9048 12.9048 2 1 0
21.5263 12.913 12.913 2 1 0
21.5273 12.9211 12.9211 2 1 0
21.5282 12.9293 12.9293 2 1 0
21.5292 12.9374 12.9374 2 1 0
21.5302 12.9456 12.9456 2 1 0
21.5312 12.9537 12.9537 2 1 0
21.5321 12.9619 12.9619 2 1 0
21.5331 12.9701 12.9701 2 1 0
21.5341 12.9782 12.9782 2 1 0
21.535 12.9864 12.9864 2 1 0
21.536 12.9945 12.9945 2 1 0
21.537 13.0027 13.0027 2 1 0
21.5379 13.0108 13.0108 2 1 0
21.5389 13.019 13.019 2 1 0
21.5398 13.0271 13.0271 2 1 0
21.5408 13.0353 13.0353 2 1 0
21.5417 13.0435 13.0435 2 1 0
21.5427 13.0516 13.0516 2 1 0
21.5436 13.0598 13.0598 2 1 0
21.5446 13.0679 13.0679 2 1 0
21.5455 13.0761 13.0761 2 1 0
21.5464 13.0842 13.0842 2 1 0
21.5474 13.0924 13.0924 2 1 0
21.5483 13.1005 13.1005 2 1 0
21.5492 13.1087 13.1087 2 1 0
21.5502 13.1169 13.1169 2 1 0
21.5511 13.125 13.125 2 1 0
21.552 13.1332 13.1332 2 1 0
21.5529 13.1413 13.1413 2 1 0
21.5539 13.1495 13.1495 2 1 0
21.5548 13.1576 13.1576 2 1 0
21.5557 13.1658 13.1658 2 1 0
21.5566 13.174 13.174 2 1 0
21.5575 13.1821 13.1821 2 1 0
21.5584 13.1903 13.1903 2 1 0
21.5593 13.1984 13.1984 2 1 0
21.5602 13.2066 13.2066 2 1 0
21.5611 13.2147 13.2147 2 1 0
21.562 13.2229 13.2229 2 1 0
21.5629 13.2311 13.2311 2 1 0
21.5638 13.2392 13.2392 2 1 0
21.5647 13.2474 13.2474 2 1 0
21.5656 13.2555 13.2555 2 1 0
21.5665 13.2637 13.2637 2 1 0
21.5674 13.2718 13.2718 2 1 0
21.5683 13.28 13.28 2 1 0
21.5692 13.2881 13.2881 2 1 0
21.57 13.2963 13.2963 2 1 0
21.5709 13.3045 13.3045 2 1 0
21.5718 13.3126 13.3126 2 1 0
21.5727 13.3208 13.3208 2 1 0
21.5735 13.3289 13.3289 2 1 0
21.5744 13.3371 13.3371 2 1 0
21.5753 13.3452 13.3452 2 1 0
21.5761 13.3534 13.3534 2 1 0
21.577 13.3616 13.3616 2 1 0
21.5779 13.3697 13.3697 2 1 0
21.5787 13.3779 13.3779 2 1 0
21.5796 13.386 13.386 2 1 0
21.5804 13.3942 13.3942 2 1 0
21.5813 13.4024 13.4024 2 1 0
21.5821 13.4105 13.4105 2 1 0
21.583 13.4187 13.4187 2 1 0
21.5838 13.4268 13.4268 2 1 0
21.5847 13.435 13.435 2 1 0
21.5855 13.4431 13.4431 2 1 0
21.5864 13.4513 13.4513 2 1 0
21.5872 13.4595 13.4595 2 1 0
21.588 13.4676 13.4676 2 1 0
21.5889 13.4758 13.4758 2 1 0
21.5897 13.4839 13.4839 2 1 0
21.5905 13.4921 13.4921 2 1 0
21.5914 13.5002 13.5002 2 1 0
21.5922 13.5084 13.5084 2 1 0
21.593 13.5166 13.5166 2 1 0
21.5938 13.5247 13.5247 2 1 0
21.5947 13.5329 13.5329 2 1 0
21.5955 13.541 13.541 2 1 0
21.5963 13.5492 13.5492 2 1 0
21.5971 13.5574 13.5574 2 1 0
21.5979 13.5655 13.5655 2 1 0
21.5987 13.5737 13.5737 2 1 0
21.5995 13.5818 13.5818 2 1 0
21.6003 13.59 13.59 2 1 0
21.6011 13.5981 13.5981 2 1 0
21.6019 13.6063 13.6063 2 1 0
21.6027 13.6145 13.6145 2 1 0
21.6035 13.6226 13.6226 2 1 0
21.6043 13.6308 13.6308 2 1 0
21.6051 13.6389 13.6389 2 1 0
21.6059 13.6471 13.6471 2 1 0
21.6067 13.6553 13.6553 2 1 0
21.6075 13.6634 13.6634 2 1 0
21.6083 13.6716 13.6716 2 1 0
21.6091 13.6797 13.6797 2 1 0
21.6099 13.6879 13.6879 2 1 0
21.6106 13.696 13.696 2 1 0
21.6114 13.7042 13.7042 2 1 0
21.6122 13.7124 13.7124 2 1 0
21.613 13.7205 13.7205 2 1 0
21.6137 13.7287 13.7287 2 1 0
21.6145 13.7368 13.7368 2 1 0
21.6153 13.745 13.745 2 1 0
21.616 13.7532 13.7532 2 1 0
21.6168 13.7613 13.7613 2 1 0
21.6176 13.7695 13.7695 2 1 0
21.6183 13.7776 13.7776 2 1 0
21.6191 13.7858 13.7858 2 1 0
21.6199 13.794 13.794 2 1 0
21.6206 13.8021 13.8021 2 1 0
21.6214 13.8103 13.8103 2 1 0
21.6221 13.8184 13.8184 2 1 0
21.6229 13.8266 13.8266 2 1 0
21.6236 13.8347 13.8347 2 1 0
21.6244 13.8429 13.8429 2 1 0
21.6251 13.8511 13.8511 2 1 0
21.6259 13.8592 13.8592 2 1 0
21.6266 13.8674 13.8674 2 1 0
21.6273 13.8755 13.8755 2 1 0
21.6281 13.8837 13.8837 2 1 0
21.6288 13.8919 13.8919 2 1 0
21.6295 13.9 13.9 2 1 0
21.6303 13.9082 13.9082 2 1 0
21.631 13.9163 13.9163 2 1 0
21.6317 13.9245 13.9245 2 1 0
21.6325 13.9327 13.9327 2 1 0
21.6332 13.9408 13.9408 2 1 0
21.6339 13.949 13.949 2 1 0
21.6346 13.9571 13.9571 2 1 0
21.6354 13.9653 13.9653 2 1 0
21.6361 13.9735 13.9735 2 1 0
21.6368 13.9816 13.9816 2 1 0
21.6375 13.9898 13.9898 2 1 0
21.6382 13.9979 13.9979 2 1 0
21.6389 14.0061 14.0061 2 1 0
21.6396 14.0143 14.0143 2 1 0
21.6403 14.0224 14.0224 2 1 0
21.6411 14.0306 14.0306 2 1 0
21.6418 14.0387 14.0387 2 1 0
21.6425 14.0469 14.0469 2 1 0
21.6432 14.0551 14.0551 2 1 0
21.6439 14.0632 14.0632 2 1 0
21.6446 14.0714 14.0714 2 1 0
21.6453 14.0795 14.0795 2 1 0
21.646 14.0877 14.0877 2 1 0
21.6466 14.0959 14.0959 2 1 0
21.6473 14.104 14.104 2 1 0
21.648 14.1122 14.1122 2 1 0
21.6487 14.1203 14.1203 2 1 0
21.6494 14.1285 14.1285 2 1 0
21.6501 14.1367 14.1367 2 1 0
21.6508 14.1448 14.1448 2 1 0
21.6514 14.153 14.153 2 1 0
21.6521 14.1611 14.1611 2 1 0
21.6528 14.1693 14.1693 2 1 0
21.6535 14.1775 14.1775 2 1 0
21.6542 14.1856 14.1856 2 1 0
21.6548 14.1938 14.1938 2 1 0
21.6555 14.2019 14.2019 2 1 0
21.6562 14.2101 14.2101 2 1 0
21.6568 14.2183 14.2183 2 1 0
21.6575 14.2264 14.2264 2 1 0
21.6582 14.2346 14.2346 2 1 0
21.6588 14.2427 14.2427 2 1 0
21.6595 14.2509 14.2509 2 1 0
21.6601 14.2591 14.2591 2 1 0
21.6608 14.2672 14.2672 2 1 0
21.6615 14.2754 14.2754 2 1 0
21.6621 14.2835 14.2835 2 1 0
21.6628 14.2917 14.2917 2 1 0
21.6634 14.2999 14.2999 2 1 0
21.6641 14.308 14.308 2 1 0
21.6647 14.3162 14.3162 2 1 0
21.6654 14.3244 14.3244 2 1 0
21.666 14.3325 14.3325 2 1 0
21.6667 14.3407 14.3407 2 1 0
21.6673 14.3488 14.3488 2 1 0
21.6679 14.357 14.357 2 1 0
21.6686 14.3652 14.3652 2 1 0
21.6692 14.3733 14.3733 2 1 0
21.6698 14.3815 14.3815 2 1 0
21.6705 14.3896 14.3896 2 1 0
21.6711 14.3978 14.3978 2 1 0
21.6717 14.406 14.406 2 1 0
21.6724 14.4141 14.4141 2 1 0
21.673 14.4223 14.4223 2 1 0
21.6736 14.4304 14.4304 2 1 0
21.6743 14.4386 14.4386 2 1 0
21.6749 14.4468 14.4468 2 1 0
21.6755 14.4549 14.4549 2 1 0
21.6761 14.4631 14.4631 2 1 0
21.6767 14.4712 14.4712 2 1 0
21.6774 14.4794 14.4794 2 1 0
21.678 14.4876 14.4876 2 1 0
21.6786 14.4957 14.4957 2 1 0
21.6792 14.5039 14.5039 2 1 0
21.6798 14.5121 14.5121 2 1 0
21.6804 14.5202 14.5202 2 1 0
21.681 14.5284 14.5284 2 1 0
21.6816 14.5365 14.5365 2 1 0
21.6822 14.5447 14.5447 2 1 0
21.6828 14.5529 14.5529 2 1 0
21.6834 14.561 14.561 2 1 0
21.6841 14.5692 14.5692 2 1 0
21.6846 14.5773 14.5773 2 1 0
21.6852 14.5855 14.5855 2 1 0
21.6858 14.5937 14.5937 2 1 0
21.6864 14.6018 14.6018 2 1 0
21.687 14.61 14.61 2 1 0
21.6876 14.6181 14.6181 2 1 0
21.6882 14.6263 14.6263 2 1 0
21.6888 14.6345 14.6345 2 1 0
21.6894 14.6426 14.6426 2 1 0
21.69 14.6508 14.6508 2 1 0
21.6906 14.659 14.659 2 1 0
21.6911 14.6671 14.6671 2 1 0
21.6917 14.6753 14.6753 2 1 0
21.6923 14.6834 14.6834 2 1 0
21.6929 14.6916 14.6916 2 1 0
21.6935 14.6998 14.6998 2 1 0
21.694 14.7079 14.7079 2 1 0
21.6946 14.7161 14.7161 2 1 0
21.6952 14.7242 14.7242 2 1 0
21.6958 14.7324 14.7324 2 1 0
21.6963 14.7406 14.7406 2 1 0
21.6969 14.7487 14.7487 2 1 0
21.6975 14.7569 14.7569 2 1 0
21.698 14.7651 14.7651 2 1 0
21.6986 14.7732 14.7732 2 1 0
21.6992 14.7814 14.7814 2 1 0
21.6997 14.7895 14.7895 2 1 0
21.7003 14.7977 14.7977 2 1 0
21.7009 14.8059 14.8059 2 1 0
21.7014 14.814 14.814 2 1 0
21.702 14.8222 14.8222 2 1 0
21.7025 14.8304 14.8304 2 1 0
21.7031 14.8385 14.8385 2 1 0
21.7036 14.8467 14.8467 2 1 0
21.7042 14.8548 14.8548 2 1 0
21.7047 14.863 14.863 2 1 0
21.7053 14.8712 14.8712 2 1 0
21.7058 14.8793 14.8793 2 1 0
21.7064 14.8875 14.8875 2 1 0
21.7069 14.8956 14.8956 2 1 0
21.7075 14.9038 14.9038 2 1 0
21.708 14.912 14.912 2 1 0
21.7086 14.9201 14.9201 2 1 0
21.7091 14.9283 14.9283 2 1 0
21.7096 14.9365 14.9365 2 1 0
21.7102 14.9446 14.9446 2 1 0
21.7107 14.9528 14.9528 2 1 0
21.7112 14.9609 14.9609 2 1 0
21.7118 14.9691 14.9691 2 1 0
21.7123 14.9773 14.9773 2 1 0
21.7128 14.9854 14.9854 2 1 0
21.7134 14.9936 14.9936 2 1 0
21.7139 15.0018 15.0018 2 1 0
21.7144 15.0099 15.0099 2 1 0
21.7149 15.0181 15.0181 2 1 0
21.7155 15.0262 15.0262 2 1 0
21.716 15.0344 15.0344 2 1 0
21.7165 15.0426 15.0426 2 1 0
21.717 15.0507 15.0507 2 1 0
21.7175 15.0589 15.0589 2 1 0
21.7181 15.067 15.067 2 1 0
21.7186 15.0752 15.0752 2 1 0
21.7191 15.0834 15.0834 2 1 0
21.7196 15.0915 15.0915 2 1 0
21.7201 15.0997 15.0997 2 1 0
21.7206 15.1079 15.1079 2 1 0
21.7211 15.116 15.116 2 1 0
21.7217 15.1242 15.1242 2 1 0
21.7222 15.1323 15.1323 2 1 0
21.7227 15.1405 15.1405 2 1 0
21.7232 15.1487 15.1487 2 1 0
21.7237 15.1568 15.1568 2 1 0
21.7242 15.165 15.165 2 1 0
21.7247 15.1732 15.1732 2 1 0
21.7252 15.1813 15.1813 2 1 0
21.7257 15.1895 15.1895 2 1 0
21.7262 15.1976 15.1976 2 1 0
21.7267 15.2058 15.2058 2 1 0
21.7272 15.214 15.214 2 1 0
21.7277 15.2221 15.2221 2 1 0
21.7282 15.2303 15.2303 2 1 0
21.7286 15.2385 15.2385 2 1 0
21.7291 15.2466 15.2466 2 1 0
21.7296 15.2548 15.2548 2 1 0
21.7301 15.2629 15.2629 2 1 0
21.7306 15.2711 15.2711 2 1 0
21.7311 15.2793 15.2793 2 1 0
21.7316 15.2874 15.2874 2 1 0
21.7321 15.2956 15.2956 2 1 0
21.7325 15.3038 15.3038 2 1 0
21.733 15.3119 15.3119 2 1 0
21.7335 15.3201 15.3201 2 1 0
21.734 15.3282 15.3282 2 1 0
21.7345 15.3364 15.3364 2 1 0
21.7349 15.3446 15.3446 2 1 0
21.7354 15.3527 15.3527 2 1 0
21.7359 15.3609 15.3609 2 1 0
21.7364 15.3691 15.3691 2 1 0
21.7368 15.3772 15.3772 2 1 0
21.7373 15.3854 15.3854 2 1 0
21.7378 15.3935 15.3935 2 1 0
21.7382 15.4017 15.4017 2 1 0
21.7387 15.4099 15.4099 2 1 0
21.7392 15.418 15.418 2 1 0
21.7396 15.4262 15.4262 2 1 0
21.7401 15.4344 15.4344 2 1 0
21.7406 15.4425 15.4425 2 1 0
21.741 15.4507 15.4507 2 1 0
21.7415 15.4589 15.4589 2 1 0
21.7419 15.467 15.467 2 1 0
21.7424 15.4752 15.4752 2 1 0
21.7429 15.4833 15.4833 2 1 0
21.7433 15.4915 15.4915 2 1 0
21.7438 15.4997 15.4997 2 1 0
21.7442 15.5078 15.5078 2 1 0
21.7447 15.516 15.516 2 1 0
21.7451 15.5242 15.5242 2 1 0
21.7456 15.5323 15.5323 2 1 0
21.746 15.5405 15.5405 2 1 0
21.7465 15.5486 15.5486 2 1 0
21.7469 15.5568 15.5568 2 1 0
21.7474 15.565 15.565 2 1 0
21.7478 15.5731 15.5731 2 1 0
21.7483 15.5813 15.5813 2 1 0
21.7487 15.5895 15.5895 2 1 0
21.7491 15.5976 15.5976 2 1 0
21.7496 15.6058 15.6058 2 1 0
21.75 15.6139 15.6139 2 1 0
21.7505 15.6221 15.6221 2 1 0
21.7509 15.6303 15.6303 2 1 0
21.7513 15.6384 15.6384 2 1 0
21.7518 15.6466 15.6466 2 1 0
21.7522 15.6548 15.6548 2 1 0
21.7526 15.6629 15.6629 2 1 0
21.7531 15.6711 15.6711 2 1 0
21.7535 15.6793 15.6793 2 1 0
21.7539 15.6874 15.6874 2 1 0
21.7544 15.6956 15.6956 2 1 0
21.7548 15.7037 15.7037 2 1 0
21.7552 15.7119 15.7119 2 1 0
21.7556 15.7201 15.7201 2 1 0
21.7561 15.7282 15.7282 2 1 0
21.7565 15.7364 15.7364 2 1 0
21.7569 15.7446 15.7446 2 1 0
21.7573 15.7527 15.7527 2 1 0
21.7577 15.7609 15.7609 2 1 0
21.7582 15.769 15.769 2 1 0
21.7586 15.7772 15.7772 2 1 0
21.759 15.7854 15.7854 2 1 0
21.7594 15.7935 15.7935 2 1 0
21.7598 15.8017 15.8017 2 1 0
21.7602 15.8099 15.8099 2 1 0
21.7607 15.818 15.818 2 1 0
21.7611 15.8262 15.8262 2 1 0
21.7615 15.8344 15.8344 2 1 0
21.7619 15.8425 15.8425 2 1 0
21.7623 15.8507 15.8507 2 1 0
21.7627 15.8588 15.8588 2 1 0
21.7631 15.867 15.867 2 1 0
21.7635 15.8752 15.8752 2 1 0
21.7639 15.8833 15.8833 2 1 0
21.7643 15.8915 15.8915 2 1 0
21.7647 15.8997 15.8997 2 1 0
21.7651 15.9078 15.9078 2 1 0
21.7655 15.916 15.916 2 1 0
21.7659 15.9241 15.9241 2 1 0
21.7663 15.9323 15.9323 2 1 0
21.7667 15.9405 15.9405 2 1 0
21.7671 15.9486 15.9486 2 1 0
21.7675 15.9568 15.9568 2 1 0
21.7679 15.965 15.965 2 1 0
21.7683 15.9731 15.9731 2 1 0
21.7687 15.9813 15.9813 2 1 0
21.7691 15.9895 15.9895 2 1 0
21.7695 15.9976 15.9976 2 1 0
21.7699 16.0058 16.0058 2 1 0
21.7703 16.0139 16.0139 2 1 0
21.7707 16.0221 16.0221 2 1 0
21.7711 16.0303 16.0303 2 1 0
21.7714 16.0384 16.0384 2 1 0
21.7718 16.0466 16.0466 2 1 0
21.7722 16.0548 16.0548 2 1 0
21.7726 16.0629 16.0629 2 1 0
21.773 16.0711 16.0711 2 1 0
21.7734 16.0793 16.0793 2 1 0
21.7737 16.0874 16.0874 2 1 0
21.7741 16.0956 16.0956 2 1 0
21.7745 16.1037 16.1037 2 1 0
21.7749 16.1119 16.1119 2 1 0
21.7753 16.1201 16.1201 2 1 0
21.7756 16.1282 16.1282 2 1 0
21.776 16.1364 16.1364 2 1 0
21.7764 16.1446 16.1446 2 1 0
21.7768 16.1527 16.1527 2 1 0
21.7771 16.1609 16.1609 2 1 0
21.7775 16.1691 16.1691 2 1 0
21.7779 16.1772 16.1772 2 1 0
21.7782 16.1854 16.1854 2 1 0
21.7786 16.1935 16.1935 2 1 0
21.779 16.2017 16.2017 2 1 0
21.7794 16.2099 16.2099 2 1 0
21.7797 16.218 16.218 2 1 0
21.7801 16.2262 16.2262 2 1 0
21.7805 16.2344 16.2344 2 1 0
21.7808 16.2425 16.2425 2 1 0
21.7812 16.2507 16.2507 2 1 0
21.7815 16.2588 16.2588 2 1 0
21.7819 16.267 16.267 2 1 0
21.7823 16.2752 16.2752 2 1 0
21.7826 16.2833 16.2833 2 1 0
21.783 16.2915 16.2915 2 1 0
21.7833 16.2997 16.2997 2 1 0
21.7837 16.3078 16.3078 2 1 0
21.7841 16.316 16.316 2 1 0
21.7844 16.3242 16.3242 2 1 0
21.7848 16.3323 16.3323 2 1 0
21.7851 16.3405 16.3405 2 1 0
21.7855 16.3487 16.3487 2 1 0
21.7858 16.3568 16.3568 2 1 0
21.7862 16.365 16.365 2 1 0
21.7865 16.3731 16.3731 2 1 0
21.7869 16.3813 16.3813 2 1 0
21.7872 16.3895 16.3895 2 1 0
21.7876 16.3976 16.3976 2 1 0
21.7879 16.4058 16.4058 2 1 0
21.7883 16.414 16.414 2 1 0
21.7886 16.4221 16.4221 2 1 0
21.7889 16.4303 16.4303 2 1 0
21.7893 16.4385 16.4385 2 1 0
21.7896 16.4466 16.4466 2 1 0
21.79 16.4548 16.4548 2 1 0
21.7903 16.4629 16.4629 2 1 0
21.7907 16.4711 16.4711 2 1 0
21.791 16.4793 16.4793 2 1 0
21.7913 16.4874 16.4874 2 1 0
21.7917 16.4956 16.4956 2 1 0
21.792 16.5038 16.5038 2 1 0
21.7923 16.5119 16.5119 2 1 0
21.7927 16.5201 16.5201 2 1 0
21.793 16.5283 16.5283 2 1 0
21.7933 16.5364 16.5364 2 1 0
21.7937 16.5446 16.5446 2 1 0
21.794 16.5527 16.5527 2 1 0
21.7943 16.5609 16.5609 2 1 0
21.7947 16.5691 16.5691 2 1 0
21.795 16.5772 16.5772 2 1 0
21.7953 16.5854 16.5854 2 1 0
21.7956 16.5936 16.5936 2 1 0
21.796 16.6017 16.6017 2 1 0
21.7963 16.6099 16.6099 2 1 0
21.7966 16.6181 16.6181 2 1 0
21.797 16.6262 16.6262 2 1 0
21.7973 16.6344 16.6344 2 1 0
21.7976 16.6425 16.6425 2 1 0
21.7979 16.6507 16.6507 2 1 0
21.7982 16.6589 16.6589 2 1 0
21.7986 16.667 16.667 2 1 0
21.7989 16.6752 16.6752 2 1 0
21.7992 16.6834 16.6834 2 1 0
21.7995 16.6915 16.6915 2 1 0
21.7998 16.6997 16.6997 2 1 0
21.8002 16.7079 16.7079 2 1 0
21.8005 16.716 16.716 2 1 0
21.8008 16.7242 16.7242 2 1 0
21.8011 16.7324 16.7324 2 1 0
21.8014 16.7405 16.7405 2 1 0
21.8017 16.7487 16.7487 2 1 0
21.802 16.7568 16.7568 2 1 0
21.8023 16.765 16.765 2 1 0
21.8027 16.7732 16.7732 2 1 0
21.803 16.7813 16.7813 2 1 0
21.8033 16.7895 16.7895 2 1 0
21.8036 16.7977 16.7977 2 1 0
21.8039 16.8058 16.8058 2 1 0
21.8042 16.814 16.814 2 1 0
21.8045 16.8222 16.8222 2 1 0
21.8048 16.8303 16.8303 2 1 0
21.8051 16.8385 16.8385 2 1 0
21.8054 16.8466 16.8466 2 1 0
21.8057 16.8548 16.8548 2 1 0
21.806 16.863 16.863 2 1 0
21.8063 16.8711 16.8711 2 1 0
21.8066 16.8793 16.8793 2 1 0
21.8069 16.8875 16.8875 2 1 0
21.8072 16.8956 16.8956 2 1 0
21.8075 16.9038 16.9038 2 1 0
21.8078 16.912 16.912 2 1 0
21.8081 16.9201 16.9201 2 1 0
21.8084 16.9283 16.9283 2 1 0
21.8087 16.9365 16.9365 2 1 0
21.809 16.9446 16.9446 2 1 0
21.8093 16.9528 16.9528 2 1 0
21.8096 16.9609 16.9609 2 1 0
21.8099 16.9691 16.9691 2 1 0
21.8102 16.9773 16.9773 2 1 0
21.8105 16.9854 16.9854 2 1 0
21.8108 16.9936 16.9936 2 1 0
21.811 17.0018 17.0018 2 1 0
21.8113 17.0099 17.0099 2 1 0
21.8116 17.0181 17.0181 2 1 0
21.8119 17.0263 17.0263 2 1 0
21.8122 17.0344 17.0344 2 1 0
21.8125 17.0426 17.0426 2 1 0
21.8128 17.0507 17.0507 2 1 0
21.8131 17.0589 17.0589 2 1 0
21.8133 17.0671 17.0671 2 1 0
21.8136 17.0752 17.0752 2 1 0
21.8139 17.0834 17.0834 2 1 0
21.8142 17.0916 17.0916 2 1 0
21.8145 17.0997 17.0997 2 1 0
21.8147 17.1079 17.1079 2 1 0
21.815 17.1161 17.1161 2 1 0
21.8153 17.1242 17.1242 2 1 0
21.8156 17.1324 17.1324 2 1 0
21.8159 17.1406 17.1406 2 1 0
21.8161 17.1487 17.1487 2 1 0
21.8164 17.1569 17.1569 2 1 0
21.8167 17.165 17.165 2 1 0
21.817 17.1732 17.1732 2 1 0
21.8172 17.1814 17.1814 2 1 0
21.8175 17.1895 17.1895 2 1 0
21.8178 17.1977 17.1977 2 1 0
21.8181 17.2059 17.2059 2 1 0
21.8183 17.214 17.214 2 1 0
21.8186 17.2222 17.2222 2 1 0
21.8189 17.2304 17.2304 2 1 0
21.8191 17.2385 17.2385 2 1 0
21.8194 17.2467 17.2467 2 1 0
21.8197 17.2549 17.2549 2 1 0
21.82 17.263 17.263 2 1 0
21.8202 17.2712 17.2712 2 1 0
21.8205 17.2793 17.2793 2 1 0
21.8208 17.2875 17.2875 2 1 0
21.821 17.2957 17.2957 2 1 0
21.8213 17.3038 17.3038 2 1 0
21.8215 17.312 17.312 2 1 0
21.8218 17.3202 17.3202 2 1 0
21.8221 17.3283 17.3283 2 1 0
21.8223 17.3365 17.3365 2 1 0
21.8226 17.3447 17.3447 2 1 0
21.8229 17.3528 17.3528 2 1 0
21.8231 17.361 17.361 2 1 0
21.8234 17.3692 17.3692 2 1 0
21.8236 17.3773 17.3773 2 1 0
21.8239 17.3855 17.3855 2 1 0
21.8242 17.3936 17.3936 2 1 0
21.8244 17.4018 17.4018 2 1 0
21.8247 17.41 17.41 2 1 0
21.8249 17.4181 17.4181 2 1 0
21.8252 17.4263 17.4263 2 1 0
21.8254 17.4345 17.4345 2 1 0
21.8257 17.4426 17.4426 2 1 0
21.8259 17.4508 17.4508 2 1 0
21.8262 17.459 17.459 2 1 0
21.8264 17.4671 17.4671 2 1 0
21.8267 17.4753 17.4753 2 1 0
21.8269 17.4835 17.4835 2 1 0
21.8272 17.4916 17.4916 2 1 0
21.8274 17.4998 17.4998 2 1 0
21.8277 17.5079 17.5079 2 1 0
21.8279 17.5161 17.5161 2 1 0
21.8282 17.5243 17.5243 2 1 0
21.8284 17.5324 17.5324 2 1 0
21.8287 17.5406 17.5406 2 1 0
21.8289 17.5488 17.5488 2 1 0
21.8292 17.5569 17.5569 2 1 0
21.8294 17.5651 17.5651 2 1 0
21.8297 17.5733 17.5733 2 1 0
21.8299 17.5814 17.5814 2 1 0
21.8302 17.5896 17.5896 2 1 0
21.8304 17.5978 17.5978 2 1 0
21.8306 17.6059 17.6059 2 1 0
21.8309 17.6141 17.6141 2 1 0
21.8311 17.6222 17.6222 2 1 0
21.8314 17.6304 17.6304 2 1 0
21.8316 17.6386 17.6386 2 1 0
21.8318 17.6467 17.6467 2 1 0
21.8321 17.6549 17.6549 2 1 0
21.8323 17.6631 17.6631 2 1 0
21.8325 17.6712 17.6712 2 1 0
21.8328 17.6794 17.6794 2 1 0
21.833 17.6876 17.6876 2 1 0
21.8333 17.6957 17.6957 2 1 0
21.8335 17.7039 17.7039 2 1 0
21.8337 17.7121 17.7121 2 1 0
21.834 17.7202 17.7202 2 1 0
21.8342 17.7284 17.7284 2 1 0
21.8344 17.7365 17.7365 2 1 0
21.8347 17.7447 17.7447 2 1 0
21.8349 17.7529 17.7529 2 1 0
21.8351 17.761 17.761 2 1 0
21.8353 17.7692 17.7692 2 1 0
21.8356 17.7774 17.7774 2 1 0
21.8358 17.7855 17.7855 2 1 0
21.836 17.7937 17.7937 2 1 0
21.8363 17.8019 17.8019 2 1 0
21.8365 17.81 17.81 2 1 0
21.8367 17.8182 17.8182 2 1 0
21.8369 17.8264 17.8264 2 1 0
21.8372 17.8345 17.8345 2 1 0
21.8374 17.8427 17.8427 2 1 0
21.8376 17.8509 17.8509 2 1 0
21.8378 17.859 17.859 2 1 0
21.8381 17.8672 17.8672 2 1 0
21.8383 17.8753 17.8753 2 1 0
21.8385 17.8835 17.8835 2 1 0
21.8387 17.8917 17.8917 2 1 0
21.839 17.8998 17.8998 2 1 0
21.8392 17.908 17.908 2 1 0
21.8394 17.9162 17.9162 2 1 0
21.8396 17.9243 17.9243 2 1 0
21.8398 17.9325 17.9325 2 1 0
21.8401 17.9407 17.9407 2 1 0
21.8403 17.9488 17.9488 2 1 0
21.8405 17.957 17.957 2 1 0
21.8407 17.9652 17.9652 2 1 0
21.8409 17.9733 17.9733 2 1 0
21.8411 17.9815 17.9815 2 1 0
21.8414 17.9896 17.9896 2 1 0
21.8416 17.9978 17.9978 2 1 0
21.8418 18.006 18.006 2 1 0
21.842 18.0141 18.0141 2 1 0
21.8422 18.0223 18.0223 2 1 0
21.8424 18.0305 18.0305 2 1 0
21.8426 18.0386 18.0386 2 1 0
21.8428 18.0468 18.0468 2 1 0
21.8431 18.055 18.055 2 1 0
21.8433 18.0631 18.0631 2 1 0
21.8435 18.0713 18.0713 2 1 0
21.8437 18.0795 18.0795 2 1 0
21.8439 18.0876 18.0876 2 1 0
21.8441 18.0958 18.0958 2 1 0
21.8443 18.1039 18.1039 2 1 0
21.8445 18.1121 18.1121 2 1 0
21.8447 18.1203 18.1203 2 1 0
21.8449 18.1284 18.1284 2 1 0
21.8451 18.1366 18.1366 2 1 0
21.8454 18.1448 18.1448 2 1 0
21.8456 18.1529 18.1529 2 1 0
21.8458 18.1611 18.1611 2 1 0
21.846 18.1693 18.1693 2 1 0
21.8462 18.1774 18.1774 2 1 0
21.8464 18.1856 18.1856 2 1 0
21.8466 18.1938 18.1938 2 1 0
21.8468 18.2019 18.2019 2 1 0
21.847 18.2101 18.2101 2 1 0
21.8472 18.2183 18.2183 2 1 0
21.8474 18.2264 18.2264 2 1 0
21.8476 18.2346 18.2346 2 1 0
21.8478 18.2427 18.2427 2 1 0
21.848 18.2509 18.2509 2 1 0
21.8482 18.2591 18.2591 2 1 0
21.8484 18.2672 18.2672 2 1 0
21.8486 18.2754 18.2754 2 1 0
21.8488 18.2836 18.2836 2 1 0
21.849 18.2917 18.2917 2 1 0
21.8492 18.2999 18.2999 2 1 0
21.8494 18.3081 18.3081 2 1 0
21.8496 18.3162 18.3162 2 1 0
21.8498 18.3244 18.3244 2 1 0
21.8499 18.3326 18.3326 2 1 0
21.8501 18.3407 18.3407 2 1 0
21.8503 18.3489 18.3489 2 1 0
21.8505 18.3571 18.3571 2 1 0
21.8507 18.3652 18.3652 2 1 0
21.8509 18.3734 18.3734 2 1 0
21.8511 18.3815 18.3815 2 1 0
21.8513 18.3897 18.3897 2 1 0
21.8515 18.3979 18.3979 2 1 0
21.8517 18.406 18.406 2 1 0
21.8519 18.4142 18.4142 2 1 0
21.8521 18.4224 18.4224 2 1 0
21.8522 18.4305 18.4305 2 1 0
21.8524 18.4387 18.4387 2 1 0
21.8526 18.4469 18.4469 2 1 0
21.8528 18.455 18.455 2 1 0
21.853 18.4632 18.4632 2 1 0
21.8532 18.4714 18.4714 2 1 0
21.8534 18.4795 18.4795 2 1 0
21.8535 18.4877 18.4877 2 1 0
21.8537 18.4958 18.4958 2 1 0
21.8539 18.504 18.504 2 1 0
21.8541 18.5122 18.5122 2 1 0
21.8543 18.5203 18.5203 2 1 0
21.8545 18.5285 18.5285 2 1 0
21.8547 18.5367 18.5367 2 1 0
21.8548 18.5448 18.5448 2 1 0
21.855 18.553 18.553 2 1 0
21.8552 18.5612 18.5612 2 1 0
21.8554 18.5693 18.5693 2 1 0
21.8556 18.5775 18.5775 2 1 0
21.8557 18.5857 18.5857 2 1 0
21.8559 18.5938 18.5938 2 1 0
21.8561 18.602 18.602 2 1 0
21.8563 18.6102 18.6102 2 1 0
21.8565 18.6183 18.6183 2 1 0
21.8566 18.6265 18.6265 2 1 0
21.8568 18.6346 18.6346 2 1 0
21.857 18.6428 18.6428 2 1 0
21.8572 18.651 18.651 2 1 0
21.8573 18.6591 18.6591 2 1 0
21.8575 18.6673 18.6673 2 1 0
21.8577 18.6755 18.6755 2 1 0
21.8579 18.6836 18.6836 2 1 0
21.858 18.6918 18.6918 2 1 0
21.8582 18.7 18.7 2 1 0
21.8584 18.7081 18.7081 2 1 0
21.8586 18.7163 18.7163 2 1 0
21.8587 18.7245 18.7245 2 1 0
21.8589 18.7326 18.7326 2 1 0
21.8591 18.7408 18.7408 2 1 0
21.8593 18.749 18.749 2 1 0
21.8594 18.7571 18.7571 2 1 0
21.8596 18.7653 18.7653 2 1 0
21.8598 18.7734 18.7734 2 1 0
21.8599 18.7816 18.7816 2 1 0
21.8601 18.7898 18.7898 2 1 0
21.8603 18.7979 18.7979 2 1 0
21.8604 18.8061 18.8061 2 1 0
21.8606 18.8143 18.8143 2 1 0
21.8608 18.8224 18.8224 2 1 0
21.8609 18.8306 18.8306 2 1 0
21.8611 18.8388 18.8388 2 1 0
21.8613 18.8469 18.8469 2 1 0
21.8614 18.8551 18.8551 2 1 0
21.8616 18.8633 18.8633 2 1 0
21.8618 18.8714 18.8714 2 1 0
21.8619 18.8796 18.8796 2 1 0
21.8621 18.8878 18.8878 2 1 0
21.8623 18.8959 18.8959 2 1 0
21.8624 18.9041 18.9041 2 1 0
21.8626 18.9122 18.9122 2 1 0
21.8628 18.9204 18.9204 2 1 0
21.8629 18.9286 18.9286 2 1 0
21.8631 18.9367 18.9367 2 1 0
21.8632 18.9449 18.9449 2 1 0
21.8634 18.9531 18.9531 2 1 0
21.8636 18.9612 18.9612 2 1 0
21.8637 18.9694 18.9694 2 1 0
21.8639 18.9776 18.9776 2 1 0
21.8641 18.9857 18.9857 2 1 0
21.8642 18.9939 18.9939 2 1 0
21.8644 19.0021 19.0021 2 1 0
21.8645 19.0102 19.0102 2 1 0
21.8647 19.0184 19.0184 2 1 0
21.8648 19.0266 19.0266 2 1 0
21.865 19.0347 19.0347 2 1 0
21.8652 19.0429 19.0429 2 1 0
21.8653 19.051 19.051 2 1 0
21.8655 19.0592 19.0592 2 1 0
21.8656 19.0674 19.0674 2 1 0
21.8658 19.0755 19.0755 2 1 0
21.8659 19.0837 19.0837 2 1 0
21.8661 19.0919 19.0919 2 1 0
21.8662 19.1 19.1 2 1 0
21.8664 19.1082 19.1082 2 1 0
21.8666 19.1164 19.1164 2 1 0
21.8667 19.1245 19.1245 2 1 0
21.8669 19.1327 19.1327 2 1 0
21.867 19.1409 19.1409 2 1 0
21.8672 19.149 19.149 2 1 0
21.8673 19.1572 19.1572 2 1 0
21.8675 19.1654 19.1654 2 1 0
21.8676 19.1735 19.1735 2 1 0
21.8678 19.1817 19.1817 2 1 0
21.8679 19.1898 19.1898 2 1 0
21.8681 19.198 19.198 2 1 0
21.8682 19.2062 19.2062 2 1 0
21.8684 19.2143 19.2143 2 1 0
21.8685 19.2225 19.2225 2 1 0
21.8687 19.2307 19.2307 2 1 0
21.8688 19.2388 19.2388 2 1 0
21.869 19.247 19.247 2 1 0
21.8691 19.2552 19.2552 2 1 0
21.8693 19.2633 19.2633 2 1 0
21.8694 19.2715 19.2715 2 1 0
21.8696 19.2797 19.2797 2 1 0
21.8697 19.2878 19.2878 2 1 0
21.8698 19.296 19.296 2 1 0
21.87 19.3042 19.3042 2 1 0
21.8701 19.3123 19.3123 2 1 0
21.8703 19.3205 19.3205 2 1 0
21.8704 19.3286 19.3286 2 1 0
21.8706 19.3368 19.3368 2 1 0
21.8707 19.345 19.345 2 1 0
21.8709 19.3531 19.3531 2 1 0
21.871 19.3613 19.3613 2 1 0
21.8711 19.3695 19.3695 2 1 0
21.8713 19.3776 19.3776 2 1 0
21.8714 19.3858 19.3858 2 1 0
21.8716 19.394 19.394 2 1 0
21.8717 19.4021 19.4021 2 1 0
21.8718 19.4103 19.4103 2 1 0
21.872 19.4185 19.4185 2 1 0
21.8721 19.4266 19.4266 2 1 0
21.8723 19.4348 19.4348 2 1 0
21.8724 19.443 19.443 2 1 0
21.8725 19.4511 19.4511 2 1 0
21.8727 19.4593 19.4593 2 1 0
21.8728 19.4674 19.4674 2 1 0
21.873 19.4756 19.4756 2 1 0
21.8731 19.4838 19.4838 2 1 0
21.8732 19.4919 19.4919 2 1 0
21.8734 19.5001 19.5001 2 1 0
21.8735 19.5083 19.5083 2 1 0
21.8736 19.5164 19.5164 2 1 0
21.8738 19.5246 19.5246 2 1 0
21.8739 19.5328 19.5328 2 1 0
21.8741 19.5409 19.5409 2 1 0
21.8742 19.5491 19.5491 2 1 0
21.8743 19.5573 19.5573 2 1 0
21.8745 19.5654 19.5654 2 1 0
21.8746 19.5736 19.5736 2 1 0
21.8747 19.5818 19.5818 2 1 0
21.8749 19.5899 19.5899 2 1 0
21.875 19.5981 19.5981 2 1 0
21.8751 19.6063 19.6063 2 1 0
21.8753 19.6144 19.6144 2 1 0
21.8754 19.6226 19.6226 2 1 0
21.8755 19.6307 19.6307 2 1 0
21.8756 19.6389 19.6389 2 1 0
21.8758 19.6471 19.6471 2 1 0
21.8759 19.6552 19.6552 2 1 0
21.876 19.6634 19.6634 2 1 0
21.8762 19.6716 19.6716 2 1 0
21.8763 19.6797 19.6797 2 1 0
21.8764 19.6879 19.6879 2 1 0
21.8766 19.6961 19.6961 2 1 0
21.8767 19.7042 19.7042 2 1 0
21.8768 19.7124 19.7124 2 1 0
21.8769 19.7206 19.7206 2 1 0
21.8771 19.7287 19.7287 2 1 0
21.8772 19.7369 19.7369 2 1 0
21.8773 19.7451 19.7451 2 1 0
21.8775 19.7532 19.7532 2 1 0
21.8776 19.7614 19.7614 2 1 0
21.8777 19.7695 19.7695 2 1 0
21.8778 19.7777 19.7777 2 1 0
21.878 19.7859 19.7859 2 1 0
21.8781 19.794 19.794 2 1 0
21.8782 19.8022 19.8022 2 1 0
21.8783 19.8104 19.8104 2 1 0
21.8785 19.8185 19.8185 2 1 0
21.8786 19.8267 19.8267 2 1 0
21.8787 19.8349 19.8349 2 1 0
21.8788 19.843 19.843 2 1 0
21.879 19.8512 19.8512 2 1 0
21.8791 19.8594 19.8594 2 1 0
21.8792 19.8675 19.8675 2 1 0
21.8793 19.8757 19.8757 2 1 0
21.8794 19.8839 19.8839 2 1 0
21.8796 19.892 19.892 2 1 0
21.8797 19.9002 19.9002 2 1 0
21.8798 19.9083 19.9083 2 1 0
21.8799 19.9165 19.9165 2 1 0
21.88 19.9247 19.9247 2 1 0
21.8802 19.9328 19.9328 2 1 0
21.8803 19.941 19.941 2 1 0
21.8804 19.9492 19.9492 2 1 0
21.8805 19.9573 19.9573 2 1 0
21.8806 19.9655 19.9655 2 1 0
21.8808 19.9737 19.9737 2 1 0
21.8809 19.9818 19.9818 2 1 0
21.881 19.99 19.99 2 1 0
21.8811 19.9982 19.9982 2 1 0
21.8812 20.0063 20.0063 2 1 0
21.8814 20.0145 20.0145 2 1 0
21.8815 20.0227 20.0227 2 1 0
21.8816 20.0308 20.0308 2 1 0
21.8817 20.039 20.039 2 1 0
21.8818 20.0471 20.0471 2 1 0
21.8819 20.0553 20.0553 2 1 0
21.8821 20.0635 20.0635 2 1 0
21.8822 20.0716 20.0716 2 1 0
21.8823 20.0798 20.0798 2 1 0
21.8824 20.088 20.088 2 1 0
21.8825 20.0961 20.0961 2 1 0
21.8826 20.1043 20.1043 2 1 0
21.8827 20.1125 20.1125 2 1 0
21.8829 20.1206 20.1206 2 1 0
21.883 20.1288 20.1288 2 1 0
21.8831 20.137 20.137 2 1 0
21.8832 20.1451 20.1451 2 1 0
21.8833 20.1533 20.1533 2 1 0
21.8834 20.1615 20.1615 2 1 0
21.8835 20.1696 20.1696 2 1 0
21.8836 20.1778 20.1778 2 1 0
21.8838 20.186 20.186 2 1 0
21.8839 20.1941 20.1941 2 1 0
21.884 20.2023 20.2023 2 1 0
21.8841 20.2104 20.2104 2 1 0
21.8842 20.2186 20.2186 2 1 0
21.8843 20.2268 20.2268 2 1 0
21.8844 20.2349 20.2349 2 1 0
21.8845 20.2431 20.2431 2 1 0
21.8846 20.2513 20.2513 2 1 0
21.8847 20.2594 20.2594 2 1 0
21.8849 20.2676 20.2676 2 1 0
21.885 20.2758 20.2758 2 1 0
21.8851 20.2839 20.2839 2 1 0
21.8852 20.2921 20.2921 2 1 0
21.8853 20.3003 20.3003 2 1 0
21.8854 20.3084 20.3084 2 1 0
21.8855 20.3166 20.3166 2 1 0
21.8856 20.3248 20.3248 2 1 0
21.8857 20.3329 20.3329 2 1 0
21.8858 20.3411 20.3411 2 1 0
21.8859 20.3492 20.3492 2 1 0
21.886 20.3574 20.3574 2 1 0
21.8861 20.3656 20.3656 2 1 0
21.8862 20.3737 20.3737 2 1 0
21.8864 20.3819 20.3819 2 1 0
21.8865 20.3901 20.3901 2 1 0
21.8866 20.3982 20.3982 2 1 0
21.8867 20.4064 20.4064 2 1 0
21.8868 20.4146 20.4146 2 1 0
21.8869 20.4227 20.4227 2 1 0
21.887 20.4309 20.4309 2 1 0
21.8871 20.4391 20.4391 2 1 0
21.8872 20.4472 20.4472 2 1 0
21.8873 20.4554 20.4554 2 1 0
21.8874 20.4636 20.4636 2 1 0
21.8875 20.4717 20.4717 2 1 0
21.8876 20.4799 20.4799 2 1 0
21.8877 20.4881 20.4881 2 1 0
21.8878 20.4962 20.4962 2 1 0
21.8879 20.5044 20.5044 2 1 0
21.888 20.5125 20.5125 2 1 0
21.8881 20.5207 20.5207 2 1 0
21.8882 20.5289 20.5289 2 1 0
21.8883 20.537 20.537 2 1 0
21.8884 20.5452 20.5452 2 1 0
21.8885 20.5534 20.5534 2 1 0
21.8886 20.5615 20.5615 2 1 0
21.8887 20.5697 20.5697 2 1 0
21.8888 20.5779 20.5779 2 1 0
21.8889 20.586 20.586 2 1 0
21.889 20.5942 20.5942 2 1 0
21.8891 20.6024 20.6024 2 1 0
21.8892 20.6105 20.6105 2 1 0
21.8893 20.6187 20.6187 2 1 0
21.8894 20.6269 20.6269 2 1 0
21.8895 20.635 20.635 2 1 0
21.8896 20.6432 20.6432 2 1 0
21.8897 20.6513 20.6513 2 1 0
21.8898 20.6595 20.6595 2 1 0
21.8899 20.6677 20.6677 2 1 0
21.89 20.6758 20.6758 2 1 0
21.8901 20.684 20.684 2 1 0
21.8902 20.6922 20.6922 2 1 0
21.8903 20.7003 20.7003 2 1 0
21.8904 20.7085 20.7085 2 1 0
21.8904 20.7167 20.7167 2 1 0
21.8905 20.7248 20.7248 2 1 0
21.8906 20.733 20.733 2 1 0
21.8907 20.7412 20.7412 2 1 0
21.8908 20.7493 20.7493 2 1 0
21.8909 20.7575 20.7575 2 1 0
21.891 20.7657 20.7657 2 1 0
21.8911 20.7738 20.7738 2 1 0
21.8912 20.782 20.782 2 1 0
21.8913 20.7902 20.7902 2 1 0
21.8914 20.7983 20.7983 2 1 0
21.8915 20.8065 20.8065 2 1 0
21.8916 20.8146 20.8146 2 1 0
21.8917 20.8228 20.8228 2 1 0
21.8918 20.831 20.831 2 1 0
21.8918 20.8391 20.8391 2 1 0
21.8919 20.8473 20.8473 2 1 0
21.892 20.8555 20.8555 2 1 0
21.8921 20.8636 20.8636 2 1 0
21.8922 20.8718 20.8718 2 1 0
21.8923 20.88 20.88 2 1 0
21.8924 20.8881 20.8881 2 1 0
21.8925 20.8963 20.8963 2 1 0
21.8926 20.9045 20.9045 2 1 0
21.8927 20.9126 20.9126 2 1 0
21.8928 20.9208 20.9208 2 1 0
21.8928 20.929 20.929 2 1 0
21.8929 20.9371 20.9371 2 1 0
21.893 20.9453 20.9453 2 1 0
21.8931 20.9534 20.9534 2 1 0
21.8932 20.9616 20.9616 2 1 0
21.8933 20.9698 20.9698 2 1 0
21.8934 20.9779 20.9779 2 1 0
21.8935 20.9861 20.9861 2 1 0
21.8935 20.9943 20.9943 2 1 0
21.8936 21.0024 21.0024 2 1 0
21.8937 21.0106 21.0106 2 1 0
21.8938 21.0188 21.0188 2 1 0
21.8939 21.0269 21.0269 2 1 0
21.894 21.0351 21.0351 2 1 0
21.8941 21.0433 21.0433 2 1 0
21.8942 21.0514 21.0514 2 1 0
21.8942 21.0596 21.0596 2 1 0
21.8943 21.0678 21.0678 2 1 0
21.8944 21.0759 21.0759 2 1 0
21.8945 21.0841 21.0841 2 1 0
21.8946 21.0923 21.0923 2 1 0
21.8947 21.1004 21.1004 2 1 0
21.8947 21.1086 21.1086 2 1 0
21.8948 21.1167 21.1167 2 1 0
21.8949 21.1249 21.1249 2 1 0
21.895 21.1331 21.1331 2 1 0
21.8951 21.1412 21.1412 2 1 0
21.8952 21.1494 21.1494 2 1 0
21.8953 21.1576 21.1576 2 1 0
21.8953 21.1657 21.1657 2 1 0
21.8954 21.1739 21.1739 2 1 0
21.8955 21.1821 21.1821 2 1 0
21.8956 21.1902 21.1902 2 1 0
21.8957 21.1984 21.1984 2 1 0
21.8957 21.2066 21.2066 2 1 0
21.8958 21.2147 21.2147 2 1 0
21.8959 21.2229 21.2229 2 1 0
21.896 21.2311 21.2311 2 1 0
21.8961 21.2392 21.2392 2 1 0
21.8962 21.2474 21.2474 2 1 0
21.8962 21.2556 21.2556 2 1 0
21.8963 21.2637 21.2637 2 1 0
21.8964 21.2719 21.2719 2 1 0
21.8965 21.28 21.28 2 1 0
21.8966 21.2882 21.2882 2 1 0
21.8966 21.2964 21.2964 2 1 0
21.8967 21.3045 21.3045 2 1 0
21.8968 21.3127 21.3127 2 1 0
21.8969 21.3209 21.3209 2 1 0
21.897 21.329 21.329 2 1 0
21.897 21.3372 21.3372 2 1 0
21.8971 21.3454 21.3454 2 1 0
21.8972 21.3535 21.3535 2 1 0
21.8973 21.3617 21.3617 2 1 0
21.8973 21.3699 21.3699 2 1 0
21.8974 21.378 21.378 2 1 0
21.8975 21.3862 21.3862 2 1 0
21.8976 21.3944 21.3944 2 1 0
21.8977 21.4025 21.4025 2 1 0
21.8977 21.4107 21.4107 2 1 0
21.8978 21.4188 21.4188 2 1 0
21.8979 21.427 21.427 2 1 0
21.898 21.4352 21.4352 2 1 0
21.898 21.4433 21.4433 2 1 0
21.8981 21.4515 21.4515 2 1 0
21.8982 21.4597 21.4597 2 1 0
21.8983 21.4678 21.4678 2 1 0
21.8983 21.476 21.476 2 1 0
21.8984 21.4842 21.4842 2 1 0
21.8985 21.4923 21.4923 2 1 0
21.8986 21.5005 21.5005 2 1 0
21.8986 21.5087 21.5087 2 1 0
21.8987 21.5168 21.5168 2 1 0
21.8988 21.525 21.525 2 1 0
21.8989 21.5332 21.5332 2 1 0
21.8989 21.5413 21.5413 2 1 0
21.899 21.5495 21.5495 2 1 0
21.8991 21.5577 21.5577 2 1 0
21.8992 21.5658 21.5658 2 1 0
21.8992 21.574 21.574 2 1 0
21.8993 21.5821 21.5821 2 1 0
21.8994 21.5903 21.5903 2 1 0
21.8995 21.5985 21.5985 2 1 0
21.8995 21.6066 21.6066 2 1 0
21.8996 21.6148 21.6148 2 1 0
21.8997 21.623 21.623 2 1 0
21.8998 21.6311 21.6311 2 1 0
21.8998 21.6393 21.6393 2 1 0
21.8999 21.6475 21.6475 2 1 0
21.9 21.6556 21.6556 2 1 0
21.9 21.6638 21.6638 2 1 0
21.9001 21.672 21.672 2 1 0
21.9002 21.6801 21.6801 2 1 0
21.9003 21.6883 21.6883 2 1 0
21.9003 21.6965 21.6965 2 1 0
21.9004 21.7046 21.7046 2 1 0
21.9005 21.7128 21.7128 2 1 0
21.9005 21.721 21.721 2 1 0
21.9006 21.7291 21.7291 2 1 0
21.9007 21.7373 21.7373 2 1 0
21.9007 21.7454 21.7454 2 1 0
21.9008 21.7536 21.7536 2 1 0
21.9009 21.7618 21.7618 2 1 0
21.901 21.7699 21.7699 2 1 0
21.901 21.7781 21.7781 2 1 0
21.9011 21.7863 21.7863 2 1 0
21.9012 21.7944 21.7944 2 1 0
21.9012 21.8026 21.8026 2 1 0
21.9013 21.8108 21.8108 2 1 0
21.9014 21.8189 21.8189 2 1 0
21.9014 21.8271 21.8271 2 1 0
21.9015 21.8353 21.8353 2 1 0
21.9016 21.8434 21.8434 2 1 0
21.9016 21.8516 21.8516 2 1 0
21.9017 21.8598 21.8598 2 1 0
21.9018 21.8679 21.8679 2 1 0
21.9018 21.8761 21.8761 2 1 0
21.9019 21.8842 21.8842 2 1 0
21.902 21.8924 21.8924 2 1 0
21.902 21.9006 21.9006 2 1 0
21.9021 21.9087 21.9087 2 1 0
21.9022 21.9169 21.9169 2 1 0
21.9022 21.9251 21.9251 2 1 0
21.9023 21.9332 21.9332 2 1 0
21.9024 21.9414 21.9414 2 1 0
21.9024 21.9496 21.9496 2 1 0
21.9025 21.9577 21.9577 2 1 0
21.9026 21.9659 21.9659 2 1 0
21.9026 21.9741 21.9741 2 1 0
21.9027 21.9822 21.9822 2 1 0
21.9028 21.9904 21.9904 2 1 0
21.9028 21.9986 21.9986 2 1 0
21.9029 22.0067 22.0067 2 1 0
21.903 22.0149 22.0149 2 1 0
21.903 22.0231 22.0231 2 1 0
21.9031 22.0312 22.0312 2 1 0
21.9031 22.0394 22.0394 2 1 0
21.9032 22.0475 22.0475 2 1 0
21.9033 22.0557 22.0557 2 1 0
21.9033 22.0639 22.0639 2 1 0
21.9034 22.072 22.072 2 1 0
21.9035 22.0802 22.0802 2 1 0
21.9035 22.0884 22.0884 2 1 0
21.9036 22.0965 22.0965 2 1 0
21.9037 22.1047 22.1047 2 1 0
21.9037 22.1129 22.1129 2 1 0
21.9038 22.121 22.121 2 1 0
21.9038 22.1292 22.1292 2 1 0
21.9039 22.1374 22.1374 2 1 0
21.904 22.1455 22.1455 2 1 0
21.904 22.1537 22.1537 2 1 0
21.9041 22.1619 22.1619 2 1 0
21.9042 22.17 22.17 2 1 0
21.9042 22.1782 22.1782 2 1 0
21.9043 22.1864 22.1864 2 1 0
21.9043 22.1945 22.1945 2 1 0
21.9044 22.2027 22.2027 2 1 0
21.9045 22.2108 22.2108 2 1 0
21.9045 22.219 22.219 2 1 0
21.9046 22.2272 22.2272 2 1 0
21.9046 22.2353 22.2353 2 1 0
21.9047 22.2435 22.2435 2 1 0
21.9048 22.2517 22.2517 2 1 0
21.9048 22.2598 22.2598 2 1 0
21.9049 22.268 22.268 2 1 0
21.9049 22.2762 22.2762 2 1 0
21.905 22.2843 22.2843 2 1 0
21.9051 22.2925 22.2925 2 1 0
21.9051 22.3007 22.3007 2 1 0
21.9052 22.3088 22.3088 2 1 0
21.9052 22.317 22.317 2 1 0
21.9053 22.3252 22.3252 2 1 0
21.9053 22.3333 22.3333 2 1 0
21.9054 22.3415 22.3415 2 1 0
21.9055 22.3496 22.3496 2 1 0
21.9055 22.3578 22.3578 2 1 0
21.9056 22.366 22.366 2 1 0
21.9056 22.3741 22.3741 2 1 0
21.9057 22.3823 22.3823 2 1 0
21.9058 22.3905 22.3905 2 1 0
21.9058 22.3986 22.3986 2 1 0
21.9059 22.4068 22.4068 2 1 0
21.9059 22.415 22.415 2 1 0
21.906 22.4231 22.4231 2 1 0
21.906 22.4313 22.4313 2 1 0
21.9061 22.4395 22.4395 2 1 0
21.9062 22.4476 22.4476 2 1 0
21.9062 22.4558 22.4558 2 1 0
21.9063 22.464 22.464 2 1 0
21.9063 22.4721 22.4721 2 1 0
21.9064 22.4803 22.4803 2 1 0
21.9064 22.4885 22.4885 2 1 0
21.9065 22.4966 22.4966 2 1 0
21.9065 22.5048 22.5048 2 1 0
21.9066 22.5129 22.5129 2 1 0
21.9067 22.5211 22.5211 2 1 0
21.9067 22.5293 22.5293 2 1 0
21.9068 22.5374 22.5374 2 1 0
21.9068 22.5456 22.5456 2 1 0
21.9069 22.5538 22.5538 2 1 0
21.9069 22.5619 22.5619 2 1 0
21.907 22.5701 22.5701 2 1 0
21.907 22.5783 22.5783 2 1 0
21.9071 22.5864 22.5864 2 1 0
21.9071 22.5946 22.5946 2 1 0
21.9072 22.6028 22.6028 2 1 0
21.9073 22.6109 22.6109 2 1 0
21.9073 22.6191 22.6191 2 1 0
21.9074 22.6273 22.6273 2 1 0
21.9074 22.6354 22.6354 2 1 0
21.9075 22.6436 22.6436 2 1 0
21.9075 22.6518 22.6518 2 1 0
21.9076 22.6599 22.6599 2 1 0
21.9076 22.6681 22.6681 2 1 0
21.9077 22.6762 22.6762 2 1 0
21.9077 22.6844 22.6844 2 1 0
21.9078 22.6926 22.6926 2 1 0
21.9078 22.7007 22.7007 2 1 0
21.9079 22.7089 22.7089 2 1 0
21.9079 22.7171 22.7171 2 1 0
21.908 22.7252 22.7252 2 1 0
21.3525 0.871482 0.871482 2 2 0
21.3543 0.869055 0.869055 2 2 0
21.3552 0.867844 0.867844 2 2 0
21.3561 0.866634 0.866634 2 2 0
21.3569 0.865426 0.865426 2 2 0
21.3578 0.86422 0.86422 2 2 0
21.3587 0.863015 0.863015 2 2 0
21.3596 0.861812 0.861812 2 2 0
21.3605 0.860611 0.860611 2 2 0
21.3613 0.859411 0.859411 2 2 0
21.3622 0.858213 0.858213 2 2 0
21.3631 0.857017 0.857017 2 2 0
21.3639 0.855822 0.855822 2 2 0
21.3648 0.854629 0.854629 2 2 0
21.3657 0.853438 0.853438 2 2 0
21.3666 0.852248 0.852248 2 2 0
21.3674 0.85106 0.85106 2 2 0
21.3683 0.849873 0.849873 2 2 0
21.3692 0.848688 0.848688 2 2 0
21.37 0.847505 0.847505 2 2 0
21.3709 0.846323 0.846323 2 2 0
21.3717 0.845143 0.845143 2 2 0
21.3726 0.843965 0.843965 2 2 0
21.3735 0.842788 0.842788 2 2 0
21.3743 0.841613 0.841613 2 2 0
21.3752 0.840439 0.840439 2 2 0
21.376 0.839267 0.839267 2 2 0
21.3769 0.838097 0.838097 2 2 0
21.3777 0.836928 0.836928 2 2 0
21.3786 0.835761 0.835761 2 2 0
21.3794 0.834595 0.834595 2 2 0
21.3803 0.833431 0.833431 2 2 0
21.3811 0.832269 0.832269 2 2 0
21.382 0.831108 0.831108 2 2 0
21.3828 0.829949 0.829949 2 2 0
21.3837 0.828792 0.828792 2 2 0
21.3845 0.827636 0.827636 2 2 0
21.3854 0.826481 0.826481 2 2 0
21.3862 0.825328 0.825328 2 2 0
21.3871 0.824177 0.824177 2 2 0
21.3879 0.823027 0.823027 2 2 0
21.3887 0.821879 0.821879 2 2 0
21.3896 0.820733 0.820733 2 2 0
21.3904 0.819588 0.819588 2 2 0
21.3912 0.818445 0.818445 2 2 0
21.3921 0.817303 0.817303 2 2 0
21.3929 0.816163 0.816163 2 2 0
21.3937 0.815024 0.815024 2 2 0
21.3946 0.813887 0.813887 2 2 0
21.3954 0.812751 0.812751 2 2 0
21.3962 0.811617 0.811617 2 2 0
21.397 0.810485 0.810485 2 2 0
21.3979 0.809354 0.809354 2 2 0
21.3987 0.808225 0.808225 2 2 0
21.3995 0.807097 0.807097 2 2 0
21.4003 0.805971 0.805971 2 2 0
21.4012 0.804846 0.804846 2 2 0
21.402 0.803723 0.803723 2 2 0
21.4028 0.802601 0.802601 2 2 0
21.4036 0.801481 0.801481 2 2 0
21.4044 0.800363 0.800363 2 2 0
21.4053 0.799246 0.799246 2 2 0
21.4061 0.79813 0.79813 2 2 0
21.4069 0.797017 0.797017 2 2 0
21.4077 0.795904 0.795904 2 2 0
21.4085 0.794793 0.794793 2 2 0
21.4093 0.793684 0.793684 2 2 0
21.4101 0.792576 0.792576 2 2 0
21.4109 0.79147 0.79147 2 2 0
21.4117 0.790365 0.790365 2 2 0
21.4125 0.789262 0.789262 2 2 0
21.4133 0.78816 0.78816 2 2 0
21.4141 0.78706 0.78706 2 2 0
21.415 0.785961 0.785961 2 2 0
21.4158 0.784864 0.784864 2 2 0
21.4166 0.783768 0.783768 2 2 0
21.4173 0.782674 0.782674 2 2 0
21.4181 0.781581 0.781581 2 2 0
21.4189 0.78049 0.78049 2 2 0
21.4197 0.779401 0.779401 2 2 0
21.4205 0.778312 0.778312 2 2 0
21.4213 0.777226 0.777226 2 2 0
21.4221 0.77614 0.77614 2 2 0
21.4229 0.775057 0.775057 2 2 0
21.4237 0.773975 0.773975 2 2 0
21.4245 0.772894 0.772894 2 2 0
21.4253 0.771814 0.771814 2 2 0
21.4261 0.770737 0.770737 2 2 0
21.4268 0.76966 0.76966 2 2 0
21.4276 0.768586 0.768586 2 2 0
21.4284 0.767512 0.767512 2 2 0
21.4292 0.76644 0.76644 2 2 0
21.43 0.76537 0.76537 2 2 0
21.4308 0.764301 0.764301 2 2 0
21.4315 0.763234 0.763234 2 2 0
21.4323 0.762168 0.762168 2 2 0
21.4331 0.761103 0.761103 2 2 0
21.4339 0.76004 0.76004 2 2 0
21.4346 0.758978 0.758978 2 2 0
21.4354 0.757918 0.757918 2 2 0
21.4362 0.756859 0.756859 2 2 0
21.437 0.755802 0.755802 2 2 0
21.4377 0.754746 0.754746 2 2 0
21.4385 0.753692 0.753692 2 2 0
21.4393 0.752639 0.752639 2 2 0
21.44 0.751588 0.751588 2 2 0
21.4408 0.750538 0.750538 2 2 0
21.4416 0.749489 0.749489 2 2 0
21.4423 0.748442 0.748442 2 2 0
21.4431 0.747396 0.747396 2 2 0
21.4438 0.746352 0.746352 2 2 0
21.4446 0.745309 0.745309 2 2 0
21.4454 0.744268 0.744268 2 2 0
21.4461 0.743228 0.743228 2 2 0
21.4469 0.742189 0.742189 2 2 0
21.4476 0.741152 0.741152 2 2 0
21.4484 0.740116 0.740116 2 2 0
21.4491 0.739082 0.739082 2 2 0
21.4499 0.738049 0.738049 2 2 0
21.4506 0.737018 0.737018 2 2 0
21.4514 0.735988 0.735988 2 2 0
21.4521 0.734959 0.734959 2 2 0
21.4529 0.733932 0.733932 2 2 0
21.4536 0.732906 0.732906 2 2 0
21.4544 0.731882 0.731882 2 2 0
21.4551 0.730859 0.730859 2 2 0
21.4559 0.729837 0.729837 2 2 0
21.4566 0.728817 0.728817 2 2 0
21.4574 0.727799 0.727799 2 2 0
21.4581 0.726781 0.726781 2 2 0
21.4588 0.725765 0.725765 2 2 0
21.4596 0.724751 0.724751 2 2 0
21.4603 0.723738 0.723738 2 2 0
21.4611 0.722726 0.722726 2 2 0
21.4618 0.721715 0.721715 2 2 0
21.4625 0.720706 0.720706 2 2 0
21.4633 0.719699 0.719699 2 2 0
21.464 0.718693 0.718693 2 2 0
21.4647 0.717688 0.717688 2 2 0
21.4655 0.716684 0.716684 2 2 0
21.4662 0.715682 0.715682 2 2 0
21.4669 0.714681 0.714681 2 2 0
21.4676 0.713682 0.713682 2 2 0
21.4684 0.712684 0.712684 2 2 0
21.4691 0.711687 0.711687 2 2 0
21.4698 0.710692 0.710692 2 2 0
21.4705 0.709698 0.709698 2 2 0
21.4713 0.708706 0.708706 2 2 0
21.472 0.707715 0.707715 2 2 0
21.4727 0.706725 0.706725 2 2 0
21.4734 0.705737 0.705737 2 2 0
21.4741 0.70475 0.70475 2 2 0
21.4749 0.703764 0.703764 2 2 0
21.4756 0.702779 0.702779 2 2 0
21.4763 0.701796 0.701796 2 2 0
21.477 0.700815 0.700815 2 2 0
21.4777 0.699835 0.699835 2 2 0
21.4784 0.698856 0.698856 2 2 0
21.4791 0.697878 0.697878 2 2 0
21.4798 0.696902 0.696902 2 2 0
21.4806 0.695927 0.695927 2 2 0
21.4813 0.694953 0.694953 2 2 0
21.482 0.693981 0.693981 2 2 0
21.4827 0.69301 0.69301 2 2 0
21.4834 0.692041 0.692041 2 2 0
21.4841 0.691072 0.691072 2 2 0
21.4848 0.690105 0.690105 2 2 0
21.4855 0.68914 0.68914 2 2 0
21.4862 0.688176 0.688176 2 2 0
21.4869 0.687213 0.687213 2 2 0
21.4876 0.686251 0.686251 2 2 0
21.4883 0.685291 0.685291 2 2 0
21.489 0.684332 0.684332 2 2 0
21.4897 0.683374 0.683374 2 2 0
21.4904 0.682418 0.682418 2 2 0
21.4911 0.681463 0.681463 2 2 0
21.4918 0.680509 0.680509 2 2 0
21.4924 0.679557 0.679557 2 2 0
21.4931 0.678605 0.678605 2 2 0
21.4938 0.677656 0.677656 2 2 0
21.4945 0.676707 0.676707 2 2 0
21.4952 0.67576 0.67576 2 2 0
21.4959 0.674814 0.674814 2 2 0
21.4966 0.67387 0.67387 2 2 0
21.4973 0.672926 0.672926 2 2 0
21.4979 0.671984 0.671984 2 2 0
21.4986 0.671044 0.671044 2 2 0
21.4993 0.670104 0.670104 2 2 0
21.5 0.669166 0.669166 2 2 0
21.5007 0.668229 0.668229 2 2 0
21.5013 0.667294 0.667294 2 2 0
21.502 0.66636 0.66636 2 2 0
21.5027 0.665427 0.665427 2 2 0
21.5034 0.664495 0.664495 2 2 0
21.5041 0.663564 0.663564 2 2 0
21.5047 0.662635 0.662635 2 2 0
21.5054 0.661708 0.661708 2 2 0
21.5061 0.660781 0.660781 2 2 0
21.5067 0.659856 0.659856 2 2 0
21.5074 0.658932 0.658932 2 2 0
21.5081 0.658009 0.658009 2 2 0
21.5088 0.657087 0.657087 2 2 0
21.5094 0.656167 0.656167 2 2 0
21.5101 0.655248 0.655248 2 2 0
21.5107 0.65433 0.65433 2 2 0
21.5114 0.653414 0.653414 2 2 0
21.5121 0.652499 0.652499 2 2 0
21.5127 0.651585 0.651585 2 2 0
21.5134 0.650672 0.650672 2 2 0
21.5141 0.649761 0.649761 2 2 0
21.5147 0.648851 0.648851 2 2 0
21.5154 0.647942 0.647942 2 2 0
21.516 0.647034 0.647034 2 2 0
21.5167 0.646128 0.646128 2 2 0
21.5173 0.645223 0.645223 2 2 0
21.518 0.644319 0.644319 2 2 0
21.5187 0.643416 0.643416 2 2 0
21.5193 0.642515 0.642515 2 2 0
21.52 0.641614 0.641614 2 2 0
21.5206 0.640715 0.640715 2 2 0
21.5213 0.639818 0.639818 2 2 0
21.5219 0.638921 0.638921 2 2 0
21.5226 0.638026 0.638026 2 2 0
21.5232 0.637132 0.637132 2 2 0
21.5238 0.636239 0.636239 2 2 0
21.5245 0.635348 0.635348 2 2 0
21.5251 0.634457 0.634457 2 2 0
21.5258 0.633568 0.633568 2 2 0
21.5264 0.63268 0.63268 2 2 0
21.5271 0.631794 0.631794 2 2 0
21.5277 0.630908 0.630908 2 2 0
21.5283 0.630024 0.630024 2 2 0
21.529 0.629141 0.629141 2 2 0
21.5296 0.628259 0.628259 2 2 0
21.5303 0.627378 0.627378 2 2 0
21.5309 0.626499 0.626499 2 2 0
21.5315 0.625621 0.625621 2 2 0
21.5322 0.624744 0.624744 2 2 0
21.5328 0.623868 0.623868 2 2 0
21.5334 0.622993 0.622993 2 2 0
21.5341 0.62212 0.62212 2 2 0
21.5347 0.621248 0.621248 2 2 0
21.5353 0.620377 0.620377 2 2 0
21.5359 0.619507 0.619507 2 2 0
21.5366 0.618639 0.618639 2 2 0
21.5372 0.617771 0.617771 2 2 0
21.5378 0.616905 0.616905 2 2 0
21.5384 0.61604 0.61604 2 2 0
21.5391 0.615176 0.615176 2 2 0
21.5397 0.614314 0.614314 2 2 0
21.5403 0.613452 0.613452 2 2 0
21.5409 0.612592 0.612592 2 2 0
21.5416 0.611733 0.611733 2 2 0
21.5422 0.610875 0.610875 2 2 0
21.5428 0.610018 0.610018 2 2 0
21.5434 0.609163 0.609163 2 2 0
21.544 0.608308 0.608308 2 2 0
21.5446 0.607455 0.607455 2 2 0
21.5453 0.606603 0.606603 2 2 0
21.5459 0.605752 0.605752 2 2 0
21.5465 0.604903 0.604903 2 2 0
21.5471 0.604054 0.604054 2 2 0
21.5477 0.603207 0.603207 2 2 0
21.5483 0.602361 0.602361 2 2 0
21.5489 0.601516 0.601516 2 2 0
21.5495 0.600672 0.600672 2 2 0
21.5501 0.599829 0.599829 2 2 0
21.5507 0.598988 0.598988 2 2 0
21.5513 0.598147 0.598147 2 2 0
21.552 0.597308 0.597308 2 2 0
21.5526 0.59647 0.59647 2 2 0
21.5532 0.595633 0.595633 2 2 0
21.5538 0.594798 0.594798 2 2 0
21.5544 0.593963 0.593963 2 2 0
21.555 0.59313 0.59313 2 2 0
21.5556 0.592297 0.592297 2 2 0
21.5562 0.591466 0.591466 2 2 0
21.5568 0.590636 0.590636 2 2 0
21.5574 0.589807 0.589807 2 2 0
21.5579 0.588979 0.588979 2 2 0
21.5585 0.588153 0.588153 2 2 0
21.5591 0.587327 0.587327 2 2 0
21.5597 0.586503 0.586503 2 2 0
21.5603 0.58568 0.58568 2 2 0
21.5609 0.584858 0.584858 2 2 0
21.5615 0.584037 0.584037 2 2 0
21.5621 0.583217 0.583217 2 2 0
21.5627 0.582398 0.582398 2 2 0
21.5633 0.581581 0.581581 2 2 0
21.5639 0.580764 0.580764 2 2 0
21.5644 0.579949 0.579949 2 2 0
21.565 0.579135 0.579135 2 2 0
21.5656 0.578322 0.578322 2 2 0
21.5662 0.57751 0.57751 2 2 0
21.5668 0.576699 0.576699 2 2 0
21.5674 0.57589 0.57589 2 2 0
21.5679 0.575081 0.575081 2 2 0
21.5685 0.574273 0.574273 2 2 0
21.5691 0.573467 0.573467 2 2 0
21.5697 0.572662 0.572662 2 2 0
21.5702 0.571858 0.571858 2 2 0
21.5708 0.571055 0.571055 2 2 0
21.5714 0.570253 0.570253 2 2 0
21.572 0.569452 0.569452 2 2 0
21.5725 0.568652 0.568652 2 2 0
21.5731 0.567854 0.567854 2 2 0
21.5737 0.567056 0.567056 2 2 0
21.5743 0.56626 0.56626 2 2 0
21.5748 0.565464 0.565464 2 2 0
21.5754 0.56467 0.56467 2 2 0
21.576 0.563877 0.563877 2 2 0
21.5765 0.563085 0.563085 2 2 0
21.5771 0.562294 0.562294 2 2 0
21.5777 0.561504 0.561504 2 2 0
21.5782 0.560715 0.560715 2 2 0
21.5788 0.559927 0.559927 2 2 0
21.5794 0.559141 0.559141 2 2 0
21.5799 0.558355 0.558355 2 2 0
21.5805 0.557571 0.557571 2 2 0
21.5811 0.556787 0.556787 2 2 0
21.5816 0.556005 0.556005 2 2 0
21.5822 0.555224 0.555224 2 2 0
21.5827 0.554444 0.554444 2 2 0
21.5833 0.553665 0.553665 2 2 0
21.5838 0.552887 0.552887 2 2 0
21.5844 0.55211 0.55211 2 2 0
21.585 0.551334 0.551334 2 2 0
21.5855 0.550559 0.550559 2 2 0
21.5861 0.549785 0.549785 2 2 0
21.5866 0.549013 0.549013 2 2 0
21.5872 0.548241 0.548241 2 2 0
21.5877 0.54747 0.54747 2 2 0
21.5883 0.546701 0.546701 2 2 0
21.5888 0.545933 0.545933 2 2 0
21.5894 0.545165 0.545165 2 2 0
21.5899 0.544399 0.544399 2 2 0
21.5905 0.543634 0.543634 2 2 0
21.591 0.542869 0.542869 2 2 0
21.5916 0.542106 0.542106 2 2 0
21.5921 0.541344 0.541344 2 2 0
21.5926 0.540583 0.540583 2 2 0
21.5932 0.539823 0.539823 2 2 0
21.5937 0.539064 0.539064 2 2 0
21.5943 0.538306 0.538306 2 2 0
21.5948 0.537549 0.537549 2 2 0
21.5953 0.536794 0.536794 2 2 0
21.5959 0.536039 0.536039 2 2 0
21.5964 0.535285 0.535285 2 2 0
21.597 0.534532 0.534532 2 2 0
21.5975 0.533781 0.533781 2 2 0
21.598 0.53303 0.53303 2 2 0
21.5986 0.532281 0.532281 2 2 0
21.5991 0.531532 0.531532 2 2 0
21.5996 0.530784 0.530784 2 2 0
21.6002 0.530038 0.530038 2 2 0
21.6007 0.529292 0.529292 2 2 0
21.6012 0.528548 0.528548 2 2 0
21.6018 0.527805 0.527805 2 2 0
21.6023 0.527062 0.527062 2 2 0
21.6028 0.526321 0.526321 2 2 0
21.6033 0.52558 0.52558 2 2 0
21.6039 0.524841 0.524841 2 2 0
21.6044 0.524103 0.524103 2 2 0
21.6049 0.523365 0.523365 2 2 0
21.6054 0.522629 0.522629 2 2 0
21.606 0.521894 0.521894 2 2 0
21.6065 0.52116 0.52116 2 2 0
21.607 0.520426 0.520426 2 2 0
21.6075 0.519694 0.519694 2 2 0
21.608 0.518963 0.518963 2 2 0
21.6086 0.518233 0.518233 2 2 0
21.6091 0.517503 0.517503 2 2 0
21.6096 0.516775 0.516775 2 2 0
21.6101 0.516048 0.516048 2 2 0
21.6106 0.515322 0.515322 2 2 0
21.6112 0.514597 0.514597 2 2 0
21.6117 0.513872 0.513872 2 2 0
21.6122 0.513149 0.513149 2 2 0
21.6127 0.512427 0.512427 2 2 0
21.6132 0.511706 0.511706 2 2 0
21.6137 0.510985 0.510985 2 2 0
21.6142 0.510266 0.510266 2 2 0
21.6147 0.509548 0.509548 2 2 0
21.6152 0.508831 0.508831 2 2 0
21.6158 0.508114 0.508114 2 2 0
21.6163 0.507399 0.507399 2 2 0
21.6168 0.506685 0.506685 2 2 0
21.6173 0.505971 0.505971 2 2 0
21.6178 0.505259 0.505259 2 2 0
21.6183 0.504548 0.504548 2 2 0
21.6188 0.503837 0.503837 2 2 0
21.6193 0.503128 0.503128 2 2 0
21.6198 0.50242 0.50242 2 2 0
21.6203 0.501712 0.501712 2 2 0
21.6208 0.501006 0.501006 2 2 0
21.6213 0.5003 0.5003 2 2 0
21.6218 0.499596 0.499596 2 2 0
21.6223 0.498892 0.498892 2 2 0
21.6228 0.49819 0.49819 2 2 0
21.6233 0.497488 0.497488 2 2 0
21.6238 0.496787 0.496787 2 2 0
21.6243 0.496088 0.496088 2 2 0
21.6248 0.495389 0.495389 2 2 0
21.6253 0.494691 0.494691 2 2 0
21.6258 0.493994 0.493994 2 2 0
21.6263 0.493299 0.493299 2 2 0
21.6267 0.492604 0.492604 2 2 0
21.6272 0.49191 0.49191 2 2 0
21.6277 0.491217 0.491217 2 2 0
21.6282 0.490525 0.490525 2 2 0
21.6287 0.489834 0.489834 2 2 0
21.6292 0.489144 0.489144 2 2 0
21.6297 0.488455 0.488455 2 2 0
21.6302 0.487766 0.487766 2 2 0
21.6307 0.487079 0.487079 2 2 0
21.6311 0.486393 0.486393 2 2 0
21.6316 0.485707 0.485707 2 2 0
21.6321 0.485023 0.485023 2 2 0
21.6326 0.48434 0.48434 2 2 0
21.6331 0.483657 0.483657 2 2 0
21.6336 0.482975 0.482975 2 2 0
21.634 0.482295 0.482295 2 2 0
21.6345 0.481615 0.481615 2 2 0
21.635 0.480936 0.480936 2 2 0
21.6355 0.480259 0.480259 2 2 0
21.6359 0.479582 0.479582 2 2 0
21.6364 0.478906 0.478906 2 2 0
21.6369 0.478231 0.478231 2 2 0
21.6374 0.477557 0.477557 2 2 0
21.6379 0.476883 0.476883 2 2 0
21.6383 0.476211 0.476211 2 2 0
21.6388 0.47554 0.47554 2 2 0
21.6393 0.474869 0.474869 2 2 0
21.6397 0.4742 0.4742 2 2 0
21.6402 0.473531 0.473531 2 2 0
21.6407 0.472864 0.472864 2 2 0
21.6412 0.472197 0.472197 2 2 0
21.6416 0.471531 0.471531 2 2 0
21.6421 0.470866 0.470866 2 2 0
21.6426 0.470203 0.470203 2 2 0
21.643 0.46954 0.46954 2 2 0
21.6435 0.468877 0.468877 2 2 0
21.644 0.468216 0.468216 2 2 0
21.6444 0.467556 0.467556 2 2 0
21.6449 0.466897 0.466897 2 2 0
21.6453 0.466238 0.466238 2 2 0
21.6458 0.46558 0.46558 2 2 0
21.6463 0.464924 0.464924 2 2 0
21.6467 0.464268 0.464268 2 2 0
21.6472 0.463613 0.463613 2 2 0
21.6477 0.462959 0.462959 2 2 0
21.6481 0.462306 0.462306 2 2 0
21.6486 0.461654 0.461654 2 2 0
21.649 0.461003 0.461003 2 2 0
21.6495 0.460353 0.460353 2 2 0
21.6499 0.459703 0.459703 2 2 0
21.6504 0.459055 0.459055 2 2 0
21.6508 0.458407 0.458407 2 2 0
21.6513 0.45776 0.45776 2 2 0
21.6518 0.457114 0.457114 2 2 0
21.6522 0.456469 0.456469 2 2 0
21.6527 0.455825 0.455825 2 2 0
21.6531 0.455182 0.455182 2 2 0
21.6536 0.45454 0.45454 2 2 0
21.654 0.453898 0.453898 2 2 0
21.6545 0.453258 0.453258 2 2 0
21.6549 0.452618 0.452618 2 2 0
21.6554 0.451979 0.451979 2 2 0
21.6558 0.451341 0.451341 2 2 0
21.6563 0.450704 0.450704 2 2 0
21.6567 0.450068 0.450068 2 2 0
21.6571 0.449433 0.449433 2 2 0
21.6576 0.448799 0.448799 2 2 0
21.658 0.448165 0.448165 2 2 0
21.6585 0.447533 0.447533 2 2 0
21.6589 0.446901 0.446901 2 2 0
21.6594 0.44627 0.44627 2 2 0
21.6598 0.44564 0.44564 2 2 0
21.6602 0.445011 0.445011 2 2 0
21.6607 0.444382 0.444382 2 2 0
21.6611 0.443755 0.443755 2 2 0
21.6616 0.443129 0.443129 2 2 0
21.662 0.442503 0.442503 2 2 0
21.6624 0.441878 0.441878 2 2 0
21.6629 0.441254 0.441254 2 2 0
21.6633 0.440631 0.440631 2 2 0
21.6637 0.440009 0.440009 2 2 0
21.6642 0.439387 0.439387 2 2 0
21.6646 0.438767 0.438767 2 2 0
21.665 0.438147 0.438147 2 2 0
21.6655 0.437528 0.437528 2 2 0
21.6659 0.436911 0.436911 2 2 0
21.6663 0.436293 0.436293 2 2 0
21.6668 0.435677 0.435677 2 2 0
21.6672 0.435062 0.435062 2 2 0
21.6676 0.434447 0.434447 2 2 0
21.668 0.433834 0.433834 2 2 0
21.6685 0.433221 0.433221 2 2 0
21.6689 0.432609 0.432609 2 2 0
21.6693 0.431998 0.431998 2 2 0
21.6697 0.431387 0.431387 2 2 0
21.6702 0.430778 0.430778 2 2 0
21.6706 0.430169 0.430169 2 2 0
21.671 0.429561 0.429561 2 2 0
21.6714 0.428954 0.428954 2 2 0
21.6719 0.428348 0.428348 2 2 0
21.6723 0.427743 0.427743 2 2 0
21.6727 0.427139 0.427139 2 2 0
21.6731 0.426535 0.426535 2 2 0
21.6735 0.425932 0.425932 2 2 0
21.674 0.42533 0.42533 2 2 0
21.6744 0.424729 0.424729 2 2 0
21.6748 0.424129 0.424129 2 2 0
21.6752 0.42353 0.42353 2 2 0
21.6756 0.422931 0.422931 2 2 0
21.676 0.422333 0.422333 2 2 0
21.6765 0.421736 0.421736 2 2 0
21.6769 0.42114 0.42114 2 2 0
21.6773 0.420545 0.420545 2 2 0
21.6777 0.41995 0.41995 2 2 0
21.6781 0.419357 0.419357 2 2 0
21.6785 0.418764 0.418764 2 2 0
21.6789 0.418172 0.418172 2 2 0
21.6793 0.41758 0.41758 2 2 0
21.6798 0.41699 0.41699 2 2 0
21.6802 0.4164 0.4164 2 2 0
21.6806 0.415812 0.415812 2 2 0
21.681 0.415224 0.415224 2 2 0
21.6814 0.414637 0.414637 2 2 0
21.6818 0.41405 0.41405 2 2 0
21.6822 0.413465 0.413465 2 2 0
21.6826 0.41288 0.41288 2 2 0
21.683 0.412296 0.412296 2 2 0
21.6834 0.411713 0.411713 2 2 0
21.6838 0.411131 0.411131 2 2 0
21.6842 0.410549 0.410549 2 2 0
21.6846 0.409969 0.409969 2 2 0
21.685 0.409389 0.409389 2 2 0
21.6854 0.40881 0.40881 2 2 0
21.6858 0.408231 0.408231 2 2 0
21.6862 0.407654 0.407654 2 2 0
21.6866 0.407077 0.407077 2 2 0
21.687 0.406501 0.406501 2 2 0
21.6874 0.405926 0.405926 2 2 0
21.6878 0.405352 0.405352 2 2 0
21.6882 0.404778 0.404778 2 2 0
21.6886 0.404206 0.404206 2 2 0
21.689 0.403634 0.403634 2 2 0
21.6894 0.403063 0.403063 2 2 0
21.6898 0.402492 0.402492 2 2 0
21.6902 0.401923 0.401923 2 2 0
21.6906 0.401354 0.401354 2 2 0
21.691 0.400786 0.400786 2 2 0
21.6914 0.400219 0.400219 2 2 0
21.6918 0.399653 0.399653 2 2 0
21.6921 0.399087 0.399087 2 2 0
21.6925 0.398522 0.398522 2 2 0
21.6929 0.397958 0.397958 2 2 0
21.6933 0.397395 0.397395 2 2 0
21.6937 0.396832 0.396832 2 2 0
21.6941 0.396271 0.396271 2 2 0
21.6945 0.39571 0.39571 2 2 0
21.6949 0.395149 0.395149 2 2 0
21.6952 0.39459 0.39459 2 2 0
21.6956 0.394031 0.394031 2 2 0
21.696 0.393474 0.393474 2 2 0
21.6964 0.392916 0.392916 2 2 0
21.6968 0.39236 0.39236 2 2 0
21.6972 0.391805 0.391805 2 2 0
21.6975 0.39125 0.39125 2 2 0
21.6979 0.390696 0.390696 2 2 0
21.6983 0.390143 0.390143 2 2 0
21.6987 0.38959 0.38959 2 2 0
21.6991 0.389038 0.389038 2 2 0
21.6994 0.388488 0.388488 2 2 0
21.6998 0.387937 0.387937 2 2 0
21.7002 0.387388 0.387388 2 2 0
21.7006 0.386839 0.386839 2 2 0
21.701 0.386291 0.386291 2 2 0
21.7013 0.385744 0.385744 2 2 0
21.7017 0.385198 0.385198 2 2 0
21.7021 0.384652 0.384652 2 2 0
21.7025 0.384107 0.384107 2 2 0
21.7028 0.383563 0.383563 2 2 0
21.7032 0.38302 0.38302 2 2 0
21.7036 0.382477 0.382477 2 2 0
21.7039 0.381935 0.381935 2 2 0
21.7043 0.381394 0.381394 2 2 0
21.7047 0.380854 0.380854 2 2 0
21.7051 0.380314 0.380314 2 2 0
21.7054 0.379775 0.379775 2 2 0
21.7058 0.379237 0.379237 2 2 0
21.7062 0.3787 0.3787 2 2 0
21.7065 0.378163 0.378163 2 2 0
21.7069 0.377627 0.377627 2 2 0
21.7073 0.377092 0.377092 2 2 0
21.7076 0.376558 0.376558 2 2 0
21.708 0.376024 0.376024 2 2 0
21.7084 0.375491 0.375491 2 2 0
21.7087 0.374959 0.374959 2 2 0
21.7091 0.374428 0.374428 2 2 0
21.7094 0.373897 0.373897 2 2 0
21.7098 0.373367 0.373367 2 2 0
21.7102 0.372838 0.372838 2 2 0
21.7105 0.372309 0.372309 2 2 0
21.7109 0.371781 0.371781 2 2 0
21.7113 0.371254 0.371254 2 2 0
21.7116 0.370728 0.370728 2 2 0
21.712 0.370202 0.370202 2 2 0
21.7123 0.369677 0.369677 2 2 0
21.7127 0.369153 0.369153 2 2 0
21.713 0.36863 0.36863 2 2 0
21.7134 0.368107 0.368107 2 2 0
21.7138 0.367585 0.367585 2 2 0
21.7141 0.367064 0.367064 2 2 0
21.7145 0.366543 0.366543 2 2 0
21.7148 0.366024 0.366024 2 2 0
21.7152 0.365504 0.365504 2 2 0
21.7155 0.364986 0.364986 2 2 0
21.7159 0.364468 0.364468 2 2 0
21.7162 0.363951 0.363951 2 2 0
21.7166 0.363435 0.363435 2 2 0
21.7169 0.36292 0.36292 2 2 0
21.7173 0.362405 0.362405 2 2 0
21.7176 0.361891 0.361891 2 2 0
21.718 0.361377 0.361377 2 2 0
21.7183 0.360865 0.360865 2 2 0
21.7187 0.360353 0.360353 2 2 0
21.719 0.359842 0.359842 2 2 0
21.7194 0.359331 0.359331 2 2 0
21.7197 0.358821 0.358821 2 2 0
21.7201 0.358312 0.358312 2 2 0
21.7204 0.357804 0.357804 2 2 0
21.7208 0.357296 0.357296 2 2 0
21.7211 0.356789 0.356789 2 2 0
21.7215 0.356283 0.356283 2 2 0
21.7218 0.355777 0.355777 2 2 0
21.7221 0.355272 0.355272 2 2 0
21.7225 0.354768 0.354768 2 2 0
21.7228 0.354265 0.354265 2 2 0
21.7232 0.353762 0.353762 2 2 0
21.7235 0.35326 0.35326 2 2 0
21.7238 0.352758 0.352758 2 2 0
21.7242 0.352258 0.352258 2 2 0
21.7245 0.351758 0.351758 2 2 0
21.7249 0.351258 0.351258 2 2 0
21.7252 0.35076 0.35076 2 2 0
21.7255 0.350262 0.350262 2 2 0
21.7259 0.349764 0.349764 2 2 0
21.7262 0.349268 0.349268 2 2 0
21.7265 0.348772 0.348772 2 2 0
21.7269 0.348277 0.348277 2 2 0
21.7272 0.347782 0.347782 2 2 0
21.7276 0.347288 0.347288 2 2 0
21.7279 0.346795 0.346795 2 2 0
21.7282 0.346303 0.346303 2 2 0
21.7286 0.345811 0.345811 2 2 0
21.7289 0.34532 0.34532 2 2 0
21.7292 0.34483 0.34483 2 2 0
21.7295 0.34434 0.34434 2 2 0
21.7299 0.343851 0.343851 2 2 0
21.7302 0.343362 0.343362 2 2 0
21.7305 0.342875 0.342875 2 2 0
21.7309 0.342388 0.342388 2 2 0
21.7312 0.341901 0.341901 2 2 0
21.7315 0.341416 0.341416 2 2 0
21.7319 0.340931 0.340931 2 2 0
21.7322 0.340446 0.340446 2 2 0
21.7325 0.339963 0.339963 2 2 0
21.7328 0.33948 0.33948 2 2 0
21.7332 0.338997 0.338997 2 2 0
21.7335 0.338516 0.338516 2 2 0
21.7338 0.338035 0.338035 2 2 0
21.7341 0.337554 0.337554 2 2 0
21.7345 0.337075 0.337075 2 2 0
21.7348 0.336596 0.336596 2 2 0
21.7351 0.336118 0.336118 2 2 0
21.7354 0.33564 0.33564 2 2 0
21.7357 0.335163 0.335163 2 2 0
21.7361 0.334687 0.334687 2 2 0
21.7364 0.334211 0.334211 2 2 0
21.7367 0.333736 0.333736 2 2 0
21.737 0.333262 0.333262 2 2 0
21.7373 0.332788 0.332788 2 2 0
21.7377 0.332315 0.332315 2 2 0
21.738 0.331842 0.331842 2 2 0
21.7383 0.331371 0.331371 2 2 0
21.7386 0.3309 0.3309 2 2 0
21.7389 0.330429 0.330429 2 2 0
21.7392 0.32996 0.32996 2 2 0
21.7396 0.32949 0.32949 2 2 0
21.7399 0.329022 0.329022 2 2 0
21.7402 0.328554 0.328554 2 2 0
21.7405 0.328087 0.328087 2 2 0
21.7408 0.32762 0.32762 2 2 0
21.7411 0.327155 0.327155 2 2 0
21.7414 0.326689 0.326689 2 2 0
21.7417 0.326225 0.326225 2 2 0
21.7421 0.325761 0.325761 2 2 0
21.7424 0.325298 0.325298 2 2 0
21.7427 0.324835 0.324835 2 2 0
21.743 0.324373 0.324373 2 2 0
21.7433 0.323912 0.323912 2 2 0
21.7436 0.323451 0.323451 2 2 0
21.7439 0.322991 0.322991 2 2 0
21.7442 0.322531 0.322531 2 2 0
21.7445 0.322073 0.322073 2 2 0
21.7448 0.321614 0.321614 2 2 0
21.7451 0.321157 0.321157 2 2 0
21.7454 0.3207 0.3207 2 2 0
21.7458 0.320244 0.320244 2 2 0
21.7461 0.319788 0.319788 2 2 0
21.7464 0.319333 0.319333 2 2 0
21.7467 0.318879 0.318879 2 2 0
21.747 0.318425 0.318425 2 2 0
21.7473 0.317972 0.317972 2 2 0
21.7476 0.31752 0.31752 2 2 0
21.7479 0.317068 0.317068 2 2 0
21.7482 0.316616 0.316616 2 2 0
21.7485 0.316166 0.316166 2 2 0
21.7488 0.315716 0.315716 2 2 0
21.7491 0.315267 0.315267 2 2 0
21.7494 0.314818 0.314818 2 2 0
21.7497 0.31437 0.31437 2 2 0
21.75 0.313922 0.313922 2 2 0
21.7503 0.313476 0.313476 2 2 0
21.7506 0.313029 0.313029 2 2 0
21.7509 0.312584 0.312584 2 2 0
21.7512 0.312139 0.312139 2 2 0
21.7515 0.311694 0.311694 2 2 0
21.7518 0.311251 0.311251 2 2 0
21.752 0.310807 0.310807 2 2 0
21.7523 0.310365 0.310365 2 2 0
21.7526 0.309923 0.309923 2 2 0
21.7529 0.309482 0.309482 2 2 0
21.7532 0.309041 0.309041 2 2 0
21.7535 0.308601 0.308601 2 2 0
21.7538 0.308162 0.308162 2 2 0
21.7541 0.307723 0.307723 2 2 0
21.7544 0.307284 0.307284 2 2 0
21.7547 0.306847 0.306847 2 2 0
21.755 0.30641 0.30641 2 2 0
21.7553 0.305973 0.305973 2 2 0
21.7556 0.305538 0.305538 2 2 0
21.7558 0.305102 0.305102 2 2 0
21.7561 0.304668 0.304668 2 2 0
21.7564 0.304234 0.304234 2 2 0
21.7567 0.3038 0.3038 2 2 0
21.757 0.303368 0.303368 2 2 0
21.7573 0.302935 0.302935 2 2 0
21.7576 0.302504 0.302504 2 2 0
21.7579 0.302073 0.302073 2 2 0
21.7581 0.301643 0.301643 2 2 0
21.7584 0.301213 0.301213 2 2 0
21.7587 0.300784 0.300784 2 2 0
21.759 0.300355 0.300355 2 2 0
21.7593 0.299927 0.299927 2 2 0
21.7596 0.2995 0.2995 2 2 0
21.7598 0.299073 0.299073 2 2 0
21.7601 0.298647 0.298647 2 2 0
21.7604 0.298221 0.298221 2 2 0
21.7607 0.297796 0.297796 2 2 0
21.761 0.297371 0.297371 2 2 0
21.7612 0.296948 0.296948 2 2 0
21.7615 0.296524 0.296524 2 2 0
21.7618 0.296102 0.296102 2 2 0
21.7621 0.29568 0.29568 2 2 0
21.7624 0.295258 0.295258 2 2 0
21.7626 0.294837 0.294837 2 2 0
21.7629 0.294417 0.294417 2 2 0
21.7632 0.293997 0.293997 2 2 0
21.7635 0.293578 0.293578 2 2 0
21.7637 0.293159 0.293159 2 2 0
21.764 0.292741 0.292741 2 2 0
21.7643 0.292324 0.292324 2 2 0
21.7646 0.291907 0.291907 2 2 0
21.7648 0.291491 0.291491 2 2 0
21.7651 0.291075 0.291075 2 2 0
21.7654 0.29066 0.29066 2 2 0
21.7657 0.290246 0.290246 2 2 0
21.7659 0.289832 0.289832 2 2 0
21.7662 0.289418 0.289418 2 2 0
21.7665 0.289006 0.289006 2 2 0
21.7668 0.288593 0.288593 2 2 0
21.767 0.288182 0.288182 2 2 0
21.7673 0.287771 0.287771 2 2 0
21.7676 0.28736 0.28736 2 2 0
21.7678 0.28695 0.28695 2 2 0
21.7681 0.286541 0.286541 2 2 0
21.7684 0.286132 0.286132 2 2 0
21.7686 0.285724 0.285724 2 2 0
21.7689 0.285316 0.285316 2 2 0
21.7692 0.284909 0.284909 2 2 0
21.7694 0.284503 0.284503 2 2 0
21.7697 0.284097 0.284097 2 2 0
21.77 0.283691 0.283691 2 2 0
21.7702 0.283287 0.283287 2 2 0
21.7705 0.282882 0.282882 2 2 0
21.7708 0.282479 0.282479 2 2 0
21.771 0.282075 0.282075 2 2 0
21.7713 0.281673 0.281673 2 2 0
21.7716 0.281271 0.281271 2 2 0
21.7718 0.280869 0.280869 2 2 0
21.7721 0.280469 0.280469 2 2 0
21.7724 0.280068 0.280068 2 2 0
21.7726 0.279668 0.279668 2 2 0
21.7729 0.279269 0.279269 2 2 0
21.7731 0.278871 0.278871 2 2 0
21.7734 0.278472 0.278472 2 2 0
21.7737 0.278075 0.278075 2 2 0
21.7739 0.277678 0.277678 2 2 0
21.7742 0.277281 0.277281 2 2 0
21.7744 0.276886 0.276886 2 2 0
21.7747 0.27649 0.27649 2 2 0
21.775 0.276095 0.276095 2 2 0
21.7752 0.275701 0.275701 2 2 0
21.7755 0.275308 0.275308 2 2 0
21.7757 0.274914 0.274914 2 2 0
21.776 0.274522 0.274522 2 2 0
21.7762 0.27413 0.27413 2 2 0
21.7765 0.273738 0.273738 2 2 0
21.7768 0.273347 0.273347 2 2 0
21.777 0.272957 0.272957 2 2 0
21.7773 0.272567 0.272567 2 2 0
21.7775 0.272178 0.272178 2 2 0
21.7778 0.271789 0.271789 2 2 0
21.778 0.271401 0.271401 2 2 0
21.7783 0.271013 0.271013 2 2 0
21.7785 0.270626 0.270626 2 2 0
21.7788 0.270239 0.270239 2 2 0
21.779 0.269853 0.269853 2 2 0
21.7793 0.269468 0.269468 2 2 0
21.7795 0.269082 0.269082 2 2 0
21.7798 0.268698 0.268698 2 2 0
21.78 0.268314 0.268314 2 2 0
21.7803 0.267931 0.267931 2 2 0
21.7805 0.267548 0.267548 2 2 0
21.7808 0.267165 0.267165 2 2 0
21.781 0.266784 0.266784 2 2 0
21.7813 0.266402 0.266402 2 2 0
21.7815 0.266022 0.266022 2 2 0
21.7818 0.265641 0.265641 2 2 0
21.782 0.265262 0.265262 2 2 0
21.7823 0.264883 0.264883 2 2 0
21.7825 0.264504 0.264504 2 2 0
21.7828 0.264126 0.264126 2 2 0
21.783 0.263748 0.263748 2 2 0
21.7832 0.263371 0.263371 2 2 0
21.7835 0.262995 0.262995 2 2 0
21.7837 0.262619 0.262619 2 2 0
21.784 0.262243 0.262243 2 2 0
21.7842 0.261868 0.261868 2 2 0
21.7845 0.261494 0.261494 2 2 0
21.7847 0.26112 0.26112 2 2 0
21.7849 0.260747 0.260747 2 2 0
21.7852 0.260374 0.260374 2 2 0
21.7854 0.260002 0.260002 2 2 0
21.7857 0.25963 0.25963 2 2 0
21.7859 0.259258 0.259258 2 2 0
21.7861 0.258888 0.258888 2 2 0
21.7864 0.258517 0.258517 2 2 0
21.7866 0.258148 0.258148 2 2 0
21.7869 0.257778 0.257778 2 2 0
21.7871 0.25741 0.25741 2 2 0
21.7873 0.257041 0.257041 2 2 0
21.7876 0.256674 0.256674 2 2 0
21.7878 0.256307 0.256307 2 2 0
21.7881 0.25594 0.25594 2 2 0
21.7883 0.255574 0.255574 2 2 0
21.7885 0.255208 0.255208 2 2 0
21.7888 0.254843 0.254843 2 2 0
21.789 0.254478 0.254478 2 2 0
21.7892 0.254114 0.254114 2 2 0
21.7895 0.253751 0.253751 2 2 0
21.7897 0.253388 0.253388 2 2 0
21.7899 0.253025 0.253025 2 2 0
21.7902 0.252663 0.252663 2 2 0
21.7904 0.252301 0.252301 2 2 0
21.7906 0.25194 0.25194 2 2 0
21.7909 0.25158 0.25158 2 2 0
21.7911 0.25122 0.25122 2 2 0
21.7913 0.25086 0.25086 2 2 0
21.7916 0.250501 0.250501 2 2 0
21.7918 0.250142 0.250142 2 2 0
21.792 0.249784 0.249784 2 2 0
21.7922 0.249427 0.249427 2 2 0
21.7925 0.24907 0.24907 2 2 0
21.7927 0.248713 0.248713 2 2 0
21.7929 0.248357 0.248357 2 2 0
21.7932 0.248002 0.248002 2 2 0
21.7934 0.247646 0.247646 2 2 0
21.7936 0.247292 0.247292 2 2 0
21.7938 0.246938 0.246938 2 2 0
21.7941 0.246584 0.246584 2 2 0
21.7943 0.246231 0.246231 2 2 0
21.7945 0.245879 0.245879 2 2 0
21.7948 0.245526 0.245526 2 2 0
21.795 0.245175 0.245175 2 2 0
21.7952 0.244824 0.244824 2 2 0
21.7954 0.244473 0.244473 2 2 0
21.7957 0.244123 0.244123 2 2 0
21.7959 0.243773 0.243773 2 2 0
21.7961 0.243424 0.243424 2 2 0
21.7963 0.243075 0.243075 2 2 0
21.7965 0.242727 0.242727 2 2 0
21.7968 0.242379 0.242379 2 2 0
21.797 0.242032 0.242032 2 2 0
21.7972 0.241686 0.241686 2 2 0
21.7974 0.241339 0.241339 2 2 0
21.7977 0.240994 0.240994 2 2 0
21.7979 0.240648 0.240648 2 2 0
21.7981 0.240303 0.240303 2 2 0
21.7983 0.239959 0.239959 2 2 0
21.7985 0.239615 0.239615 2 2 0
21.7988 0.239272 0.239272 2 2 0
21.799 0.238929 0.238929 2 2 0
21.7992 0.238587 0.238587 2 2 0
21.7994 0.238245 0.238245 2 2 0
21.7996 0.237903 0.237903 2 2 0
21.7998 0.237562 0.237562 2 2 0
21.8001 0.237222 0.237222 2 2 0
21.8003 0.236882 0.236882 2 2 0
21.8005 0.236542 0.236542 2 2 0
21.8007 0.236203 0.236203 2 2 0
21.8009 0.235865 0.235865 2 2 0
21.8011 0.235526 0.235526 2 2 0
21.8014 0.235189 0.235189 2 2 0
21.8016 0.234852 0.234852 2 2 0
21.8018 0.234515 0.234515 2 2 0
21.802 0.234179 0.234179 2 2 0
21.8022 0.233843 0.233843 2 2 0
21.8024 0.233508 0.233508 2 2 0
21.8026 0.233173 0.233173 2 2 0
21.8029 0.232838 0.232838 2 2 0
21.8031 0.232505 0.232505 2 2 0
21.8033 0.232171 0.232171 2 2 0
21.8035 0.231838 0.231838 2 2 0
21.8037 0.231506 0.231506 2 2 0
21.8039 0.231174 0.231174 2 2 0
21.8041 0.230842 0.230842 2 2 0
21.8043 0.230511 0.230511 2 2 0
21.8045 0.23018 0.23018 2 2 0
21.8048 0.22985 0.22985 2 2 0
21.805 0.22952 0.22952 2 2 0
21.8052 0.229191 0.229191 2 2 0
21.8054 0.228862 0.228862 2 2 0
21.8056 0.228534 0.228534 2 2 0
21.8058 0.228206 0.228206 2 2 0
21.806 0.227879 0.227879 2 2 0
21.8062 0.227552 0.227552 2 2 0
21.8064 0.227225 0.227225 2 2 0
21.8066 0.226899 0.226899 2 2 0
21.8068 0.226574 0.226574 2 2 0
21.807 0.226249 0.226249 2 2 0
21.8072 0.225924 0.225924 2 2 0
21.8074 0.2256 0.2256 2 2 0
21.8077 0.225276 0.225276 2 2 0
21.8079 0.224953 0.224953 2 2 0
21.8081 0.22463 0.22463 2 2 0
21.8083 0.224307 0.224307 2 2 0
21.8085 0.223985 0.223985 2 2 0
21.8087 0.223664 0.223664 2 2 0
21.8089 0.223343 0.223343 2 2 0
21.8091 0.223022 0.223022 2 2 0
21.8093 0.222702 0.222702 2 2 0
21.8095 0.222382 0.222382 2 2 0
21.8097 0.222063 0.222063 2 2 0
21.8099 0.221744 0.221744 2 2 0
21.8101 0.221426 0.221426 2 2 0
21.8103 0.221108 0.221108 2 2 0
21.8105 0.22079 0.22079 2 2 0
21.8107 0.220473 0.220473 2 2 0
21.8109 0.220157 0.220157 2 2 0
21.8111 0.219841 0.219841 2 2 0
21.8113 0.219525 0.219525 2 2 0
21.8115 0.21921 0.21921 2 2 0
21.8117 0.218895 0.218895 2 2 0
21.8119 0.218581 0.218581 2 2 0
21.8121 0.218267 0.218267 2 2 0
21.8123 0.217953 0.217953 2 2 0
21.8125 0.21764 0.21764 2 2 0
21.8127 0.217327 0.217327 2 2 0
21.8129 0.217015 0.217015 2 2 0
21.8131 0.216703 0.216703 2 2 0
21.8133 0.216392 0.216392 2 2 0
21.8134 0.216081 0.216081 2 2 0
21.8136 0.215771 0.215771 2 2 0
21.8138 0.215461 0.215461 2 2 0
21.814 0.215151 0.215151 2 2 0
21.8142 0.214842 0.214842 2 2 0
21.8144 0.214533 0.214533 2 2 0
21.8146 0.214225 0.214225 2 2 0
21.8148 0.213917 0.213917 2 2 0
21.815 0.21361 0.21361 2 2 0
21.8152 0.213303 0.213303 2 2 0
21.8154 0.212996 0.212996 2 2 0
21.8156 0.21269 0.21269 2 2 0
21.8158 0.212384 0.212384 2 2 0
21.816 0.212079 0.212079 2 2 0
21.8161 0.211774 0.211774 2 2 0
21.8163 0.21147 0.21147 2 2 0
21.8165 0.211166 0.211166 2 2 0
21.8167 0.210862 0.210862 2 2 0
21.8169 0.210559 0.210559 2 2 0
21.8171 0.210257 0.210257 2 2 0
21.8173 0.209954 0.209954 2 2 0
21.8175 0.209652 0.209652 2 2 0
21.8177 0.209351 0.209351 2 2 0
21.8178 0.20905 0.20905 2 2 0
21.818 0.208749 0.208749 2 2 0
21.8182 0.208449 0.208449 2 2 0
21.8184 0.208149 0.208149 2 2 0
21.8186 0.20785 0.20785 2 2 0
21.8188 0.207551 0.207551 2 2 0
21.819 0.207253 0.207253 2 2 0
21.8192 0.206955 0.206955 2 2 0
21.8193 0.206657 0.206657 2 2 0
21.8195 0.20636 0.20636 2 2 0
21.8197 0.206063 0.206063 2 2 0
21.8199 0.205767 0.205767 2 2 0
21.8201 0.205471 0.205471 2 2 0
21.8203 0.205175 0.205175 2 2 0
21.8204 0.20488 0.20488 2 2 0
21.8206 0.204585 0.204585 2 2 0
21.8208 0.204291 0.204291 2 2 0
21.821 0.203997 0.203997 2 2 0
21.8212 0.203703 0.203703 2 2 0
21.8214 0.20341 0.20341 2 2 0
21.8215 0.203118 0.203118 2 2 0
21.8217 0.202825 0.202825 2 2 0
21.8219 0.202533 0.202533 2 2 0
21.8221 0.202242 0.202242 2 2 0
21.8223 0.201951 0.201951 2 2 0
21.8224 0.20166 0.20166 2 2 0
21.8226 0.20137 0.20137 2 2 0
21.8228 0.20108 0.20108 2 2 0
21.823 0.200791 0.200791 2 2 0
21.8232 0.200502 0.200502 2 2 0
21.8233 0.200213 0.200213 2 2 0
21.8235 0.199925 0.199925 2 2 0
21.8237 0.199637 0.199637 2 2 0
21.8239 0.19935 0.19935 2 2 0
21.8241 0.199063 0.199063 2 2 0
21.8242 0.198776 0.198776 2 2 0
21.8244 0.19849 0.19849 2 2 0
21.8246 0.198204 0.198204 2 2 0
21.8248 0.197919 0.197919 2 2 0
21.8249 0.197634 0.197634 2 2 0
21.8251 0.197349 0.197349 2 2 0
21.8253 0.197065 0.197065 2 2 0
21.8255 0.196781 0.196781 2 2 0
21.8256 0.196498 0.196498 2 2 0
21.8258 0.196215 0.196215 2 2 0
21.826 0.195932 0.195932 2 2 0
21.8262 0.19565 0.19565 2 2 0
21.8263 0.195368 0.195368 2 2 0
21.8265 0.195087 0.195087 2 2 0
21.8267 0.194806 0.194806 2 2 0
21.8269 0.194525 0.194525 2 2 0
21.827 0.194245 0.194245 2 2 0
21.8272 0.193965 0.193965 2 2 0
21.8274 0.193686 0.193686 2 2 0
21.8276 0.193407 0.193407 2 2 0
21.8277 0.193128 0.193128 2 2 0
21.8279 0.19285 0.19285 2 2 0
21.8281 0.192572 0.192572 2 2 0
21.8282 0.192295 0.192295 2 2 0
21.8284 0.192018 0.192018 2 2 0
21.8286 0.191741 0.191741 2 2 0
21.8287 0.191465 0.191465 2 2 0
21.8289 0.191189 0.191189 2 2 0
21.8291 0.190913 0.190913 2 2 0
21.8293 0.190638 0.190638 2 2 0
21.8294 0.190363 0.190363 2 2 0
21.8296 0.190089 0.190089 2 2 0
21.8298 0.189815 0.189815 2 2 0
21.8299 0.189541 0.189541 2 2 0
21.8301 0.189268 0.189268 2 2 0
21.8303 0.188995 0.188995 2 2 0
21.8304 0.188723 0.188723 2 2 0
21.8306 0.188451 0.188451 2 2 0
21.8308 0.188179 0.188179 2 2 0
21.8309 0.187908 0.187908 2 2 0
21.8311 0.187637 0.187637 2 2 0
21.8313 0.187366 0.187366 2 2 0
21.8314 0.187096 0.187096 2 2 0
21.8316 0.186826 0.186826 2 2 0
21.8318 0.186557 0.186557 2 2 0
21.8319 0.186288 0.186288 2 2 0
21.8321 0.186019 0.186019 2 2 0
21.8323 0.185751 0.185751 2 2 0
21.8324 0.185483 0.185483 2 2 0
21.8326 0.185216 0.185216 2 2 0
21.8327 0.184949 0.184949 2 2 0
21.8329 0.184682 0.184682 2 2 0
21.8331 0.184415 0.184415 2 2 0
21.8332 0.184149 0.184149 2 2 0
21.8334 0.183884 0.183884 2 2 0
21.8336 0.183618 0.183618 2 2 0
21.8337 0.183354 0.183354 2 2 0
21.8339 0.183089 0.183089 2 2 0
21.834 0.182825 0.182825 2 2 0
21.8342 0.182561 0.182561 2 2 0
21.8344 0.182298 0.182298 2 2 0
21.8345 0.182035 0.182035 2 2 0
21.8347 0.181772 0.181772 2 2 0
21.8348 0.18151 0.18151 2 2 0
21.835 0.181248 0.181248 2 2 0
21.8352 0.180986 0.180986 2 2 0
21.8353 0.180725 0.180725 2 2 0
21.8355 0.180464 0.180464 2 2 0
21.8356 0.180204 0.180204 2 2 0
21.8358 0.179944 0.179944 2 2 0
21.836 0.179684 0.179684 2 2 0
21.8361 0.179425 0.179425 2 2 0
21.8363 0.179166 0.179166 2 2 0
21.8364 0.178907 0.178907 2 2 0
21.8366 0.178649 0.178649 2 2 0
21.8367 0.178391 0.178391 2 2 0
21.8369 0.178133 0.178133 2 2 0
21.8371 0.177876 0.177876 2 2 0
21.8372 0.177619 0.177619 2 2 0
21.8374 0.177363 0.177363 2 2 0
21.8375 0.177107 0.177107 2 2 0
21.8377 0.176851 0.176851 2 2 0
21.8378 0.176596 0.176596 2 2 0
21.838 0.176341 0.176341 2 2 0
21.8381 0.176086 0.176086 2 2 0
21.8383 0.175832 0.175832 2 2 0
21.8384 0.175578 0.175578 2 2 0
21.8386 0.175324 0.175324 2 2 0
21.8388 0.175071 0.175071 2 2 0
21.8389 0.174818 0.174818 2 2 0
21.8391 0.174566 0.174566 2 2 0
21.8392 0.174314 0.174314 2 2 0
21.8394 0.174062 0.174062 2 2 0
21.8395 0.17381 0.17381 2 2 0
21.8397 0.173559 0.173559 2 2 0
21.8398 0.173308 0.173308 2 2 0
21.84 0.173058 0.173058 2 2 0
21.8401 0.172808 0.172808 2 2 0
21.8403 0.172558 0.172558 2 2 0
21.8404 0.172309 0.172309 2 2 0
21.8406 0.17206 0.17206 2 2 0
21.8407 0.171811 0.171811 2 2 0
21.8409 0.171563 0.171563 2 2 0
21.841 0.171315 0.171315 2 2 0
21.8412 0.171068 0.171068 2 2 0
21.8413 0.17082 0.17082 2 2 0
21.8415 0.170574 0.170574 2 2 0
21.8416 0.170327 0.170327 2 2 0
21.8418 0.170081 0.170081 2 2 0
21.8419 0.169835 0.169835 2 2 0
21.8421 0.16959 0.16959 2 2 0
21.8422 0.169344 0.169344 2 2 0
21.8424 0.1691 0.1691 2 2 0
21.8425 0.168855 0.168855 2 2 0
21.8427 0.168611 0.168611 2 2 0
21.8428 0.168367 0.168367 2 2 0
21.8429 0.168124 0.168124 2 2 0
21.8431 0.167881 0.167881 2 2 0
21.8432 0.167638 0.167638 2 2 0
21.8434 0.167396 0.167396 2 2 0
21.8435 0.167154 0.167154 2 2 0
21.8437 0.166912 0.166912 2 2 0
21.8438 0.166671 0.166671 2 2 0
21.844 0.166429 0.166429 2 2 0
21.8441 0.166189 0.166189 2 2 0
21.8443 0.165948 0.165948 2 2 0
21.8444 0.165708 0.165708 2 2 0
21.8445 0.165469 0.165469 2 2 0
21.8447 0.165229 0.165229 2 2 0
21.8448 0.16499 0.16499 2 2 0
21.845 0.164752 0.164752 2 2 0
21.8451 0.164513 0.164513 2 2 0
21.8453 0.164275 0.164275 2 2 0
21.8454 0.164038 0.164038 2 2 0
21.8455 0.163801 0.163801 2 2 0
21.8457 0.163564 0.163564 2 2 0
21.8458 0.163327 0.163327 2 2 0
21.846 0.163091 0.163091 2 2 0
21.8461 0.162855 0.162855 2 2 0
21.8462 0.162619 0.162619 2 2 0
21.8464 0.162384 0.162384 2 2 0
21.8465 0.162149 0.162149 2 2 0
21.8467 0.161914 0.161914 2 2 0
21.8468 0.16168 0.16168 2 2 0
21.8469 0.161446 0.161446 2 2 0
21.8471 0.161212 0.161212 2 2 0
21.8472 0.160979 0.160979 2 2 0
21.8474 0.160746 0.160746 2 2 0
21.8475 0.160513 0.160513 2 2 0
21.8476 0.160281 0.160281 2 2 0
21.8478 0.160049 0.160049 2 2 0
21.8479 0.159817 0.159817 2 2 0
21.8481 0.159586 0.159586 2 2 0
21.8482 0.159355 0.159355 2 2 0
21.8483 0.159124 0.159124 2 2 0
21.8485 0.158893 0.158893 2 2 0
21.8486 0.158663 0.158663 2 2 0
21.8487 0.158434 0.158434 2 2 0
21.8489 0.158204 0.158204 2 2 0
21.849 0.157975 0.157975 2 2 0
21.8491 0.157746 0.157746 2 2 0
21.8493 0.157518 0.157518 2 2 0
21.8494 0.15729 0.15729 2 2 0
21.8496 0.157062 0.157062 2 2 0
21.8497 0.156835 0.156835 2 2 0
21.8498 0.156607 0.156607 2 2 0
21.85 0.156381 0.156381 2 2 0
21.8501 0.156154 0.156154 2 2 0
21.8502 0.155928 0.155928 2 2 0
21.8504 0.155702 0.155702 2 2 0
21.8505 0.155477 0.155477 2 2 0
21.8506 0.155251 0.155251 2 2 0
21.8508 0.155026 0.155026 2 2 0
21.8509 0.154802 0.154802 2 2 0
21.851 0.154577 0.154577 2 2 0
21.8512 0.154354 0.154354 2 2 0
21.8513 0.15413 0.15413 2 2 0
21.8514 0.153907 0.153907 2 2 0
21.8516 0.153684 0.153684 2 2 0
21.8517 0.153461 0.153461 2 2 0
21.8518 0.153238 0.153238 2 2 0
21.852 0.153016 0.153016 2 2 0
21.8521 0.152795 0.152795 2 2 0
21.8522 0.152573 0.152573 2 2 0
21.8523 0.152352 0.152352 2 2 0
21.8525 0.152131 0.152131 2 2 0
21.8526 0.151911 0.151911 2 2 0
21.8527 0.151691 0.151691 2 2 0
21.8529 0.151471 0.151471 2 2 0
21.853 0.151251 0.151251 2 2 0
21.8531 0.151032 0.151032 2 2 0
21.8533 0.150813 0.150813 2 2 0
21.8534 0.150594 0.150594 2 2 0
21.8535 0.150376 0.150376 2 2 0
21.8536 0.150158 0.150158 2 2 0
21.8538 0.14994 0.14994 2 2 0
21.8539 0.149723 0.149723 2 2 0
21.854 0.149506 0.149506 2 2 0
21.8542 0.149289 0.149289 2 2 0
21.8543 0.149072 0.149072 2 2 0
21.8544 0.148856 0.148856 2 2 0
21.8545 0.14864 0.14864 2 2 0
21.8547 0.148425 0.148425 2 2 0
21.8548 0.148209 0.148209 2 2 0
21.8549 0.147994 0.147994 2 2 0
21.855 0.14778 0.14778 2 2 0
21.8552 0.147565 0.147565 2 2 0
21.8553 0.147351 0.147351 2 2 0
21.8554 0.147138 0.147138 2 2 0
21.8555 0.146924 0.146924 2 2 0
21.8557 0.146711 0.146711 2 2 0
21.8558 0.146498 0.146498 2 2 0
21.8559 0.146286 0.146286 2 2 0
21.856 0.146073 0.146073 2 2 0
21.8562 0.145861 0.145861 2 2 0
21.8563 0.14565 0.14565 2 2 0
21.8564 0.145438 0.145438 2 2 0
21.8565 0.145227 0.145227 2 2 0
21.8567 0.145017 0.145017 2 2 0
21.8568 0.144806 0.144806 2 2 0
21.8569 0.144596 0.144596 2 2 0
21.857 0.144386 0.144386 2 2 0
21.8572 0.144177 0.144177 2 2 0
21.8573 0.143967 0.143967 2 2 0
21.8574 0.143758 0.143758 2 2 0
21.8575 0.14355 0.14355 2 2 0
21.8576 0.143341 0.143341 2 2 0
21.8578 0.143133 0.143133 2 2 0
21.8579 0.142926 0.142926 2 2 0
21.858 0.142718 0.142718 2 2 0
21.8581 0.142511 0.142511 2 2 0
21.8582 0.142304 0.142304 2 2 0
21.8584 0.142097 0.142097 2 2 0
21.8585 0.141891 0.141891 2 2 0
21.8586 0.141685 0.141685 2 2 0
21.8587 0.141479 0.141479 2 2 0
21.8588 0.141274 0.141274 2 2 0
21.859 0.141069 0.141069 2 2 0
21.8591 0.140864 0.140864 2 2 0
21.8592 0.140659 0.140659 2 2 0
21.8593 0.140455 0.140455 2 2 0
21.8594 0.140251 0.140251 2 2 0
21.8596 0.140047 0.140047 2 2 0
21.8597 0.139844 0.139844 2 2 0
21.8598 0.139641 0.139641 2 2 0
21.8599 0.139438 0.139438 2 2 0
21.86 0.139235 0.139235 2 2 0
21.8602 0.139033 0.139033 2 2 0
21.8603 0.138831 0.138831 2 2 0
21.8604 0.138629 0.138629 2 2 0
21.8605 0.138428 0.138428 2 2 0
21.8606 0.138227 0.138227 2 2 0
21.8607 0.138026 0.138026 2 2 0
21.8609 0.137826 0.137826 2 2 0
21.861 0.137625 0.137625 2 2 0
21.8611 0.137425 0.137425 2 2 0
21.8612 0.137226 0.137226 2 2 0
21.8613 0.137026 0.137026 2 2 0
21.8614 0.136827 0.136827 2 2 0
21.8615 0.136628 0.136628 2 2 0
21.8617 0.13643 0.13643 2 2 0
21.8618 0.136231 0.136231 2 2 0
21.8619 0.136033 0.136033 2 2 0
21.862 0.135836 0.135836 2 2 0
21.8621 0.135638 0.135638 2 2 0
21.8622 0.135441 0.135441 2 2 0
21.8624 0.135244 0.135244 2 2 0
21.8625 0.135047 0.135047 2 2 0
21.8626 0.134851 0.134851 2 2 0
21.8627 0.134655 0.134655 2 2 0
21.8628 0.134459 0.134459 2 2 0
21.8629 0.134264 0.134264 2 2 0
21.863 0.134069 0.134069 2 2 0
21.8631 0.133874 0.133874 2 2 0
21.8633 0.133679 0.133679 2 2 0
21.8634 0.133485 0.133485 2 2 0
21.8635 0.133291 0.133291 2 2 0
21.8636 0.133097 0.133097 2 2 0
21.8637 0.132903 0.132903 2 2 0
21.8638 0.13271 0.13271 2 2 0
21.8639 0.132517 0.132517 2 2 0
21.864 0.132324 0.132324 2 2 0
21.8641 0.132132 0.132132 2 2 0
21.8643 0.131939 0.131939 2 2 0
21.8644 0.131747 0.131747 2 2 0
21.8645 0.131556 0.131556 2 2 0
21.8646 0.131364 0.131364 2 2 0
21.8647 0.131173 0.131173 2 2 0
21.8648 0.130983 0.130983 2 2 0
21.8649 0.130792 0.130792 2 2 0
21.865 0.130602 0.130602 2 2 0
21.8651 0.130412 0.130412 2 2 0
21.8652 0.130222 0.130222 2 2 0
21.8654 0.130032 0.130032 2 2 0
21.8655 0.129843 0.129843 2 2 0
21.8656 0.129654 0.129654 2 2 0
21.8657 0.129466 0.129466 2 2 0
21.8658 0.129277 0.129277 2 2 0
21.8659 0.129089 0.129089 2 2 0
21.866 0.128901 0.128901 2 2 0
21.8661 0.128714 0.128714 2 2 0
21.8662 0.128526 0.128526 2 2 0
21.8663 0.128339 0.128339 2 2 0
21.8664 0.128152 0.128152 2 2 0
21.8665 0.127966 0.127966 2 2 0
21.8666 0.127779 0.127779 2 2 0
21.8668 0.127593 0.127593 2 2 0
21.8669 0.127408 0.127408 2 2 0
21.867 0.127222 0.127222 2 2 0
21.8671 0.127037 0.127037 2 2 0
21.8672 0.126852 0.126852 2 2 0
21.8673 0.126667 0.126667 2 2 0
21.8674 0.126483 0.126483 2 2 0
21.8675 0.126299 0.126299 2 2 0
21.8676 0.126115 0.126115 2 2 0
21.8677 0.125931 0.125931 2 2 0
21.8678 0.125748 0.125748 2 2 0
21.8679 0.125565 0.125565 2 2 0
21.868 0.125382 0.125382 2 2 0
21.8681 0.125199 0.125199 2 2 0
21.8682 0.125017 0.125017 2 2 0
21.8683 0.124835 0.124835 2 2 0
21.8684 0.124653 0.124653 2 2 0
21.8685 0.124471 0.124471 2 2 0
21.8686 0.12429 0.12429 2 2 0
21.8687 0.124109 0.124109 2 2 0
21.8688 0.123928 0.123928 2 2 0
21.869 0.123747 0.123747 2 2 0
21.8691 0.123567 0.123567 2 2 0
21.8692 0.123387 0.123387 2 2 0
21.8693 0.123207 0.123207 2 2 0
21.8694 0.123028 0.123028 2 2 0
21.8695 0.122849 0.122849 2 2 0
21.8696 0.12267 0.12267 2 2 0
21.8697 0.122491 0.122491 2 2 0
21.8698 0.122312 0.122312 2 2 0
21.8699 0.122134 0.122134 2 2 0
21.87 0.121956 0.121956 2 2 0
21.8701 0.121778 0.121778 2 2 0
21.8702 0.121601 0.121601 2 2 0
21.8703 0.121424 0.121424 2 2 0
21.8704 0.121247 0.121247 2 2 0
21.8705 0.12107 0.12107 2 2 0
21.8706 0.120893 0.120893 2 2 0
21.8707 0.120717 0.120717 2 2 0
21.8708 0.120541 0.120541 2 2 0
21.8709 0.120365 0.120365 2 2 0
21.871 0.12019 0.12019 2 2 0
21.8711 0.120015 0.120015 2 2 0
21.8712 0.11984 0.11984 2 2 0
21.8713 0.119665 0.119665 2 2 0
21.8714 0.11949 0.11949 2 2 0
21.8715 0.119316 0.119316 2 2 0
21.8716 0.119142 0.119142 2 2 0
21.8717 0.118968 0.118968 2 2 0
21.8718 0.118795 0.118795 2 2 0
21.8719 0.118622 0.118622 2 2 0
21.872 0.118449 0.118449 2 2 0
21.8721 0.118276 0.118276 2 2 0
21.8722 0.118103 0.118103 2 2 0
21.8722 0.117931 0.117931 2 2 0
21.8723 0.117759 0.117759 2 2 0
21.8724 0.117587 0.117587 2 2 0
21.8725 0.117416 0.117416 2 2 0
21.8726 0.117245 0.117245 2 2 0
21.8727 0.117074 0.117074 2 2 0
21.8728 0.116903 0.116903 2 2 0
21.8729 0.116732 0.116732 2 2 0
21.873 0.116562 0.116562 2 2 0
21.8731 0.116392 0.116392 2 2 0
21.8732 0.116222 0.116222 2 2 0
21.8733 0.116052 0.116052 2 2 0
21.8734 0.115883 0.115883 2 2 0
21.8735 0.115714 0.115714 2 2 0
21.8736 0.115545 0.115545 2 2 0
21.8737 0.115376 0.115376 2 2 0
21.8738 0.115208 0.115208 2 2 0
21.8739 0.11504 0.11504 2 2 0
21.874 0.114872 0.114872 2 2 0
21.8741 0.114704 0.114704 2 2 0
21.8742 0.114537 0.114537 2 2 0
21.8743 0.11437 0.11437 2 2 0
21.8743 0.114203 0.114203 2 2 0
21.8744 0.114036 0.114036 2 2 0
21.8745 0.11387 0.11387 2 2 0
21.8746 0.113703 0.113703 2 2 0
21.8747 0.113537 0.113537 2 2 0
21.8748 0.113371 0.113371 2 2 0
21.8749 0.113206 0.113206 2 2 0
21.875 0.113041 0.113041 2 2 0
21.8751 0.112876 0.112876 2 2 0
21.8752 0.112711 0.112711 2 2 0
21.8753 0.112546 0.112546 2 2 0
21.8754 0.112382 0.112382 2 2 0
21.8755 0.112218 0.112218 2 2 0
21.8756 0.112054 0.112054 2 2 0
21.8756 0.11189 0.11189 2 2 0
21.8757 0.111727 0.111727 2 2 0
21.8758 0.111564 0.111564 2 2 0
21.8759 0.111401 0.111401 2 2 0
21.876 0.111238 0.111238 2 2 0
21.8761 0.111075 0.111075 2 2 0
21.8762 0.110913 0.110913 2 2 0
21.8763 0.110751 0.110751 2 2 0
21.8764 0.110589 0.110589 2 2 0
21.8765 0.110428 0.110428 2 2 0
21.8766 0.110266 0.110266 2 2 0
21.8766 0.110105 0.110105 2 2 0
21.8767 0.109944 0.109944 2 2 0
21.8768 0.109784 0.109784 2 2 0
21.8769 0.109623 0.109623 2 2 0
21.877 0.109463 0.109463 2 2 0
21.8771 0.109303 0.109303 2 2 0
21.8772 0.109143 0.109143 2 2 0
21.8773 0.108984 0.108984 2 2 0
21.8774 0.108825 0.108825 2 2 0
21.8774 0.108666 0.108666 2 2 0
21.8775 0.108507 0.108507 2 2 0
21.8776 0.108348 0.108348 2 2 0
21.8777 0.10819 0.10819 2 2 0
21.8778 0.108032 0.108032 2 2 0
21.8779 0.107874 0.107874 2 2 0
21.878 0.107716 0.107716 2 2 0
21.8781 0.107559 0.107559 2 2 0
21.8781 0.107401 0.107401 2 2 0
21.8782 0.107244 0.107244 2 2 0
21.8783 0.107088 0.107088 2 2 0
21.8784 0.106931 0.106931 2 2 0
21.8785 0.106775 0.106775 2 2 0
21.8786 0.106618 0.106618 2 2 0
21.8787 0.106463 0.106463 2 2 0
21.8788 0.106307 0.106307 2 2 0
21.8788 0.106151 0.106151 2 2 0
21.8789 0.105996 0.105996 2 2 0
21.879 0.105841 0.105841 2 2 0
21.8791 0.105686 0.105686 2 2 0
21.8792 0.105532 0.105532 2 2 0
21.8793 0.105377 0.105377 2 2 0
21.8794 0.105223 0.105223 2 2 0
21.8794 0.105069 0.105069 2 2 0
21.8795 0.104916 0.104916 2 2 0
21.8796 0.104762 0.104762 2 2 0
21.8797 0.104609 0.104609 2 2 0
21.8798 0.104456 0.104456 2 2 0
21.8799 0.104303 0.104303 2 2 0
21.8799 0.10415 0.10415 2 2 0
21.88 0.103998 0.103998 2 2 0
21.8801 0.103846 0.103846 2 2 0
21.8802 0.103694 0.103694 2 2 0
21.8803 0.103542 0.103542 2 2 0
21.8804 0.103391 0.103391 2 2 0
21.8804 0.103239 0.103239 2 2 0
21.8805 0.103088 0.103088 2 2 0
21.8806 0.102937 0.102937 2 2 0
21.8807 0.102787 0.102787 2 2 0
21.8808 0.102636 0.102636 2 2 0
21.8809 0.102486 0.102486 2 2 0
6 0.655995 0.655995 2 1 0
5.9644 0.648553 0.648553 1 1 0
5.94659 0.644837 0.644837 1 1 0
5.92877 0.641124 0.641124 1 1 0
5.91096 0.637414 0.637414 1 1 0
5.89314 0.633708 0.633708 1 1 0
5.87531 0.630005 0.630005 1 1 0
5.85748 0.626305 0.626305 1 1 0
5.83965 0.622608 0.622608 1 1 0
5.82181 0.618915 0.618915 1 1 0
5.80397 0.615225 0.615225 1 1 0
5.78613 0.611538 0.611538 1 1 0
5.76828 0.607855 0.607855 1 1 0
5.75043 0.604174 0.604174 1 1 0
5.73257 0.600497 0.600497 1 1 0
5.71471 0.596823 0.596823 1 1 0
5.69684 0.593153 0.593153 1 1 0
5.67897 0.589485 0.589485 1 1 0
5.6611 0.585821 0.585821 1 1 0
5.64322 0.58216 0.58216 1 1 0
5.62534 0.578502 0.578502 1 1 0
5.60746 0.574848 0.574848 1 1 0
5.58957 0.571197 0.571197 1 1 0
5.57168 0.567548 0.567548 1 1 0
5.55378 0.563903 0.563903 1 1 0
5.53588 0.560262 0.560262 1 1 0
5.51798 0.556623 0.556623 1 1 0
5.50007 0.552988 0.552988 1 1 0
5.48215 0.549355 0.549355 1 1 0
5.46424 0.545726 0.545726 1 1 0
5.44632 0.542101 0.542101 1 1 0
5.4284 0.538478 0.538478 1 1 0
5.41047 0.534858 0.534858 1 1 0
5.39254 0.531242 0.531242 1 1 0
5.3746 0.527629 0.527629 1 1 0
5.35666 0.524019 0.524019 1 1 0
5.33872 0.520412 0.520412 1 1 0
5.32077 0.516808 0.516808 1 1 0
5.30282 0.513207 0.513207 1 1 0
5.28487 0.509609 0.509609 1 1 0
5.26691 0.506015 0.506015 1 1 0
5.24895 0.502424 0.502424 1 1 0
5.23099 0.498836 0.498836 1 1 0
5.21302 0.495251 0.495251 1 1 0
5.19504 0.491669 0.491669 1 1 0
5.17707 0.48809 0.48809 1 1 0
5.15909 0.484514 0.484514 1 1 0
5.1411 0.480941 0.480941 1 1 0
5.12312 0.477372 0.477372 1 1 0
5.10512 0.473805 0.473805 1 1 0
5.08713 0.470242 0.470242 1 1 0
5.06913 0.466682 0.466682 1 1 0
5.05113 0.463124 0.463124 1 1 0
5.03312 0.45957 0.45957 1 1 0
5.01511 0.456019 0.456019 1 1 0
4.9971 0.452471 0.452471 1 1 0
4.97908 0.448926 0.448926 1 1 0
4.96106 0.445384 0.445384 1 1 0
4.94304 0.441845 0.441845 1 1 0
4.92501 0.43831 0.43831 1 1 0
4.90698 0.434777 0.434777 1 1 0
4.88895 0.431247 0.431247 1 1 0
4.87091 0.42772 0.42772 1 1 0
4.85287 0.424197 0.424197 1 1 0
4.83482 0.420676 0.420676 1 1 0
4.81677 0.417159 0.417159 1 1 0
4.79872 0.413644 0.413644 1 1 0
4.78066 0.410133 0.410133 1 1 0
4.76261 0.406624 0.406624 1 1 0
4.74454 0.403118 0.403118 1 1 0
4.72648 0.399616 0.399616 1 1 0
4.70841 0.396116 0.396116 1 1 0
4.69033 0.39262 0.39262 1 1 0
4.67226 0.389126 0.389126 1 1 0
4.65418 0.385636 0.385636 1 1 0
4.63609 0.382148 0.382148 1 1 0
4.618 0.378664 0.378664 1 1 0
4.59991 0.375182 0.375182 1 1 0
4.58182 0.371704 0.371704 1 1 0
4.56372 0.368228 0.368228 1 1 0
4.54562 0.364755 0.364755 1 1 0
4.52752 0.361285 0.361285 1 1 0
4.50941 0.357819 0.357819 1 1 0
4.4913 0.354355 0.354355 1 1 0
4.47318 0.350894 0.350894 1 1 0
4.45507 0.347436 0.347436 1 1 0
4.43695 0.343981 0.343981 1 1 0
4.41882 0.340529 0.340529 1 1 0
4.40069 0.33708 0.33708 1 1 0
4.38256 0.333634 0.333634 1 1 0
4.36443 0.330191 0.330191 1 1 0
4.34629 0.32675 0.32675 1 1 0
4.32815 0.323313 0.323313 1 1 0
4.31 0.319878 0.319878 1 1 0
4.29185 0.316447 0.316447 1 1 0
4.2737 0.313018 0.313018 1 1 0
4.25555 0.309592 0.309592 1 1 0
4.23739 0.306169 0.306169 1 1 0
4.21923 0.302749 0.302749 1 1 0
4.20107 0.299332 0.299332 1 1 0
4.1829 0.295918 0.295918 1 1 0
4.16473 0.292507 0.292507 1 1 0
4.14655 0.289098 0.289098 1 1 0
4.12838 0.285693 0.285693 1 1 0
4.1102 0.28229 0.28229 1 1 0
4.09201 0.27889 0.27889 1 1 0
4.07383 0.275493 0.275493 1 1 0
4.05564 0.272099 0.272099 1 1 0
4.03744 0.268708 0.268708 1 1 0
4.01925 0.26532 0.26532 1 1 0
4.00105 0.261934 0.261934 1 1 0
3.98284 0.258551 0.258551 1 1 0
3.96464 0.255172 0.255172 1 1 0
3.94643 0.251795 0.251795 1 1 0
3.92822 0.24842 0.24842 1 1 0
3.91 0.245049 0.245049 1 1 0
3.89178 0.241681 0.241681 1 1 0
3.87356 0.238315 0.238315 1 1 0
3.85533 0.234952 0.234952 1 1 0
3.83711 0.231592 0.231592 1 1 0
3.81888 0.228235 0.228235 1 1 0
3.80064 0.22488 0.22488 1 1 0
3.7824 0.221529 0.221529 1 1 0
3.76416 0.21818 0.21818 1 1 0
3.74592 0.214834 0.214834 1 1 0
3.72767 0.21149 0.21149 1 1 0
3.70942 0.20815 0.20815 1 1 0
3.69117 0.204812 0.204812 1 1 0
3.67292 0.201477 0.201477 1 1 0
3.65466 0.198145 0.198145 1 1 0
3.6364 0.194816 0.194816 1 1 0
3.61813 0.191489 0.191489 1 1 0
3.59986 0.188166 0.188166 1 1 0
3.58159 0.184845 0.184845 1 1 0
3.56332 0.181526 0.181526 1 1 0
3.54504 0.178211 0.178211 1 1 0
3.52676 0.174898 0.174898 1 1 0
3.50848 0.171588 0.171588 1 1 0
3.49019 0.168281 0.168281 1 1 0
3.4719 0.164976 0.164976 1 1 0
3.45361 0.161674 0.161674 1 1 0
3.43532 0.158375 0.158375 1 1 0
3.41702 0.155079 0.155079 1 1 0
3.39872 0.151785 0.151785 1 1 0
3.38042 0.148494 0.148494 1 1 0
3.36211 0.145206 0.145206 1 1 0
3.3438 0.141921 0.141921 1 1 0
3.32549 0.138638 0.138638 1 1 0
3.30717 0.135358 0.135358 1 1 0
3.28885 0.132081 0.132081 1 1 0
3.27053 0.128806 0.128806 1 1 0
3.25221 0.125534 0.125534 1 1 0
3.23388 0.122265 0.122265 1 1 0
3.21555 0.118998 0.118998 1 1 0
3.19722 0.115735 0.115735 1 1 0
3.17888 0.112473 0.112473 1 1 0
3.16055 0.109215 0.109215 1 1 0
3.1422 0.105959 0.105959 1 1 0
3.12386 0.102706 0.102706 1 1 0
3.10551 0.0994554 0.0994554 1 1 0
3.08716 0.0962076 0.0962076 1 1 0
3.06881 0.0929625 0.0929625 1 1 0
3.05046 0.08972 0.08972 1 1 0
3.0321 0.0864802 0.0864802 1 1 0
3.01374 0.083243 0.083243 1 1 0
2.99537 0.0800084 0.0800084 1 1 0
2.97701 0.0767766 0.0767766 1 1 0
2.95864 0.0735473 0.0735473 1 1 0
2.94027 0.0703207 0.0703207 1 1 0
2.92189 0.0670967 0.0670967 1 1 0
2.90351 0.0638754 0.0638754 1 1 0
2.88513 0.0606567 0.0606567 1 1 0
2.86675 0.0574406 0.0574406 1 1 0
2.84836 0.0542271 0.0542271 1 1 0
2.82997 0.0510162 0.0510162 1 1 0
2.81158 0.047808 0.047808 1 1 0
2.79319 0.0446023 0.0446023 1 1 0
2.77479 0.0413993 0.0413993 1 1 0
2.75639 0.0381989 0.0381989 1 1 0
2.73799 0.035001 0.035001 1 1 0
2.71959 0.0318058 0.0318058 1 1 0
2.70118 0.0286132 0.0286132 1 1 0
2.68277 0.0254231 0.0254231 1 1 0
2.66435 0.0222356 0.0222356 1 1 0
2.64594 0.0190507 0.0190507 1 1 0
2.62752 0.0158684 0.0158684 1 1 0
2.6091 0.0126887 0.0126887 1 1 0
2.59068 0.00951154 0.00951154 1 1 0
2.57225 0.00633695 0.00633695 1 1 0
2.55382 0.00316492 0.00316492 1 1 0
2.53539 -5.22965e-06 -5.22965e-06 2 1 0
2.51695 -0.00317147 -0.00317147 2 1 0
2.49852 -0.00633582 -0.00633582 2 1 0
2.48008 -0.00949763 -0.00949763 2 1 0
2.46164 -0.0126569 -0.0126569 2 1 0
2.44319 -0.0158136 -0.0158136 2 1 0
2.42474 -0.0189678 -0.0189678 2 1 0
2.40629 -0.0221194 -0.0221194 2 1 0
2.38784 -0.0252685 -0.0252685 2 1 0
2.36939 -0.0284151 -0.0284151 2 1 0
2.35093 -0.0315591 -0.0315591 2 1 0
2.33247 -0.0347006 -0.0347006 2 1 0
2.314 -0.0378396 -0.0378396 2 1 0
2.29554 -0.0409761 -0.0409761 2 1 0
2.27707 -0.0441101 -0.0441101 2 1 0
2.2586 -0.0472415 -0.0472415 2 1 0
2.24013 -0.0503705 -0.0503705 2 1 0
2.22165 -0.0534969 -0.0534969 2 1 0
2.20317 -0.0566209 -0.0566209 2 1 0
2.18469 -0.0597423 -0.0597423 2 1 0
2.16621 -0.0628613 -0.0628613 2 1 0
2.14772 -0.0659777 -0.0659777 2 1 0
2.12923 -0.0690917 -0.0690917 2 1 0
2.11074 -0.0722032 -0.0722032 2 1 0
2.09225 -0.0753122 -0.0753122 2 1 0
2.07375 -0.0784187 -0.0784187 2 1 0
2.05526 -0.0815228 -0.0815228 2 1 0
2.03676 -0.0846244 -0.0846244 2 1 0
2.01825 -0.0877235 -0.0877235 2 1 0
1.99975 -0.0908201 -0.0908201 2 1 0
1.98124 -0.0939143 -0.0939143 2 1 0
1.96273 -0.0970061 -0.0970061 2 1 0
1.94421 -0.100095 -0.100095 2 1 0
1.9257 -0.103182 -0.103182 2 1 0
1.90718 -0.106267 -0.106267 2 1 0
1.88866 -0.109348 -0.109348 2 1 0
1.87014 -0.112428 -0.112428 2 1 0
1.85161 -0.115505 -0.115505 2 1 0
1.83308 -0.11858 -0.11858 2 1 0
1.81455 -0.121652 -0.121652 2 1 0
1.79602 -0.124722 -0.124722 2 1 0
1.77749 -0.127789 -0.127789 2 1 0
1.75895 -0.130854 -0.130854 2 1 0
1.74041 -0.133916 -0.133916 2 1 0
1.72187 -0.136976 -0.136976 2 1 0
1.70332 -0.140034 -0.140034 2 1 0
1.68477 -0.143089 -0.143089 2 1 0
1.66622 -0.146142 -0.146142 2 1 0
1.64767 -0.149193 -0.149193 2 1 0
1.62912 -0.152241 -0.152241 2 1 0
1.61056 -0.155286 -0.155286 2 1 0
1.592 -0.158329 -0.158329 2 1 0
1.57344 -0.16137 -0.16137 2 1 0
1.55488 -0.164409 -0.164409 2 1 0
1.53631 -0.167445 -0.167445 2 1 0
1.51774 -0.170479 -0.170479 2 1 0
1.49917 -0.17351 -0.17351 2 1 0
1.4806 -0.176539 -0.176539 2 1 0
1.46203 -0.179565 -0.179565 2 1 0
1.44345 -0.18259 -0.18259 2 1 0
1.42487 -0.185612 -0.185612 2 1 0
1.40629 -0.188631 -0.188631 2 1 0
1.3877 -0.191648 -0.191648 2 1 0
1.36911 -0.194663 -0.194663 2 1 0
1.35053 -0.197675 -0.197675 2 1 0
1.33193 -0.200685 -0.200685 2 1 0
1.31334 -0.203693 -0.203693 2 1 0
1.29474 -0.206698 -0.206698 2 1 0
1.27615 -0.209701 -0.209701 2 1 0
1.25755 -0.212702 -0.212702 2 1 0
1.23894 -0.2157 -0.2157 2 1 0
1.22034 -0.218697 -0.218697 2 1 0
1.20173 -0.22169 -0.22169 2 1 0
1.18312 -0.224682 -0.224682 2 1 0
1.16451 -0.227671 -0.227671 2 1 0
1.1459 -0.230657 -0.230657 2 1 0
1.12728 -0.233642 -0.233642 2 1 0
1.10866 -0.236624 -0.236624 2 1 0
1.09004 -0.239604 -0.239604 2 1 0
1.07142 -0.242581 -0.242581 2 1 0
1.05279 -0.245556 -0.245556 2 1 0
1.03417 -0.248529 -0.248529 2 1 0
1.01554 -0.2515 -0.2515 2 1 0
0.996906 -0.254468 -0.254468 2 1 0
0.978272 -0.257434 -0.257434 2 1 0
0.959636 -0.260398 -0.260398 2 1 0
0.940998 -0.263359 -0.263359 2 1 0
0.922357 -0.266318 -0.266318 2 1 0
0.903715 -0.269275 -0.269275 2 1 0
0.88507 -0.27223 -0.27223 2 1 0
0.866424 -0.275182 -0.275182 2 1 0
0.847775 -0.278132 -0.278132 2 1 0
0.829123 -0.28108 -0.28108 2 1 0
0.81047 -0.284025 -0.284025 2 1 0
0.791815 -0.286968 -0.286968 2 1 0
0.773157 -0.289909 -0.289909 2 1 0
0.754497 -0.292848 -0.292848 2 1 0
0.735836 -0.295785 -0.295785 2 1 0
0.717172 -0.298719 -0.298719 2 1 0
0.698506 -0.301651 -0.301651 2 1 0
0.679837 -0.30458 -0.30458 2 1 0
0.661167 -0.307508 -0.307508 2 1 0
0.642495 -0.310433 -0.310433 2 1 0
0.62382 -0.313356 -0.313356 2 1 0
0.605144 -0.316277 -0.316277 2 1 0
0.586465 -0.319195 -0.319195 2 1 0
0.567784 -0.322112 -0.322112 2 1 0
0.549101 -0.325026 -0.325026 2 1 0
0.530417 -0.327938 -0.327938 2 1 0
0.51173 -0.330847 -0.330847 2 1 0
0.49304 -0.333755 -0.333755 2 1 0
2.53539 -5.22965e-06 -5.22965e-06 2 2 0
2.5869 -2.61815e-16 -2.61815e-16 2 2 0
2.6069 1.82166e-12 1.82166e-12 2 2 0
2.6269 3.22306e-18 3.22306e-18 2 2 0
2.6469 -1.81929e-22 -1.81929e-22 2 2 0
2.6669 -1.24685e-30 -1.24685e-30 2 2 0
2.6869 6.08201e-35 6.08201e-35 2 2 0
2.7069 3.72395e-43 3.72395e-43 2 2 0
2.7269 -1.59297e-47 -1.59297e-47 2 2 0
2.7469 -8.98504e-56 -8.98504e-56 2 2 0
2.7669 3.4494e-60 3.4494e-60 2 2 0
2.7869 1.7894e-68 1.7894e-68 2 2 0
2.8069 -6.35622e-73 -6.35622e-73 2 2 0
2.8269 -3.07412e-81 -3.07412e-81 2 2 0
2.8469 1.03303e-85 1.03303e-85 2 2 0
2.8669 4.61145e-94 4.61145e-94 2 2 0
2.8869 -1.47874e-98 -1.47874e-98 2 2 0
2.9069 -6.33372e-107 -6.33372e-107 2 2 0
2.9269 1.9264e-111 1.9264e-111 2 2 0
2.9469 7.72098e-120 7.72098e-120 2 2 0
2.9669 -2.23807e-124 -2.23807e-124 2 2 0
2.9869 -8.65391e-133 -8.65391e-133 2 2 0
3.0069 2.38485e-137 2.38485e-137 2 2 0
3.0269 8.96245e-146 8.96245e-146 2 2 0
3.0469 -2.2912e-150 -2.2912e-150 2 2 0
3.0669 -8.51761e-159 -8.51761e-159 2 2 0
3.0869 2.08926e-163 2.08926e-163 2 2 0
3.1069 7.5203e-172 7.5203e-172 2 2 0
3.1269 -1.81072e-176 -1.81072e-176 2 2 0
3.1469 -6.17088e-185 -6.17088e-185 2 2 0
3.1669 1.43081e-189 1.43081e-189 2 2 0
3.1869 4.70311e-198 4.70311e-198 2 2 0
3.2069 -1.08642e-202 -1.08642e-202 2 2 0
3.2269 -3.44573e-211 -3.44573e-211 2 2 0
3.2469 7.70534e-216 7.70534e-216 2 2 0
3.2669 2.3808e-224 2.3808e-224 2 2 0
3.2869 -5.12715e-229 -5.12715e-229 2 2 0
3.3069 -1.55489e-237 -1.55489e-237 2 2 0
3.3269 3.24397e-242 3.24397e-242 2 2 0
3.3469 9.71144e-251 9.71144e-251 2 2 0
3.3669 -1.9647e-255 -1.9647e-255 2 2 0
3.3869 -5.84595e-264 -5.84595e-264 2 2 0
3.4069 1.1381e-268 1.1381e-268 2 2 0
3.4269 3.34948e-277 3.34948e-277 2 2 0
3.4469 -6.25413e-282 -6.25413e-282 2 2 0
3.4669 -1.83882e-290 -1.83882e-290 2 2 0
3.4869 3.40216e-295 3.40216e-295 2 2 0
3.5069 9.712e-304 9.712e-304 2 2 0
3.5269 -1.72965e-308 -1.72965e-308 2 2 0
3.5469 -4.88924e-317 -4.88924e-317 2 2 0
3.5669 8.59674e-322 8.59674e-322 2 2 0
3.5869 0 0 2 2 0
3.6069 9.88131e-324 9.88131e-324 2 2 0
3.6269 9.88131e-324 9.88131e-324 2 2 0
3.6469 0 0 2 2 0
3.6669 -9.88131e-324 -9.88131e-324 2 2 0
3.6869 9.88131e-324 9.88131e-324 2 2 0
3.7069 1.97626e-323 1.97626e-323 2 2 0
3.7269 3.45846e-323 3.45846e-323 2 2 0
3.7469 -4.94066e-323 -4.94066e-323 2 2 0
3.7669 -1.4822e-323 -1.4822e-323 2 2 0
3.7869 -4.94066e-324 -4.94066e-324 2 2 0
3.8069 1.4822e-323 1.4822e-323 2 2 0
3.8269 2.96439e-323 2.96439e-323 2 2 0
3.8469 2.96439e-323 2.96439e-323 2 2 0
3.8669 9.88131e-324 9.88131e-324 2 2 0
3.8869 0 0 2 2 0
3.9069 4.94066e-324 4.94066e-324 2 2 0
3.9269 -1.4822e-323 -1.4822e-323 2 2 0
3.9469 -1.4822e-323 -1.4822e-323 2 2 0
3.9669 4.94066e-324 4.94066e-324 2 2 0
3.9869 -4.94066e-324 -4.94066e-324 2 2 0
4.0069 1.4822e-323 1.4822e-323 2 2 0
4.0269 3.45846e-323 3.45846e-323 2 2 0
4.0469 -1.4822e-323 -1.4822e-323 2 2 0
4.0669 4.94066e-324 4.94066e-324 2 2 0
4.0869 -2.96439e-323 -2.96439e-323 2 2 0
4.1069 4.94066e-324 4.94066e-324 2 2 0
4.1269 4.94066e-324 4.94066e-324 2 2 0
4.1469 -3.45846e-323 -3.45846e-323 2 2 0
4.1669 -9.88131e-324 -9.88131e-324 2 2 0
4.1869 -1.97626e-323 -1.97626e-323 2 2 0
4.2069 -2.96439e-323 -2.96439e-323 2 2 0
4.2269 -2.47033e-323 -2.47033e-323 2 2 0
4.2469 2.47033e-323 2.47033e-323 2 2 0
4.2669 -9.88131e-324 -9.88131e-324 2 2 0
4.2869 9.88131e-324 9.88131e-324 2 2 0
4.3069 3.45846e-323 3.45846e-323 2 2 0
4.3269 1.4822e-323 1.4822e-323 2 2 0
4.3469 0 0 2 2 0
4.3669 0 0 2 2 0
4.3869 9.88131e-324 9.88131e-324 2 2 0
4.4069 0 0 2 2 0
4.4269 4.94066e-324 4.94066e-324 2 2 0
4.4469 -2.96439e-323 -2.96439e-323 2 2 0
4.4669 -1.4822e-323 -1.4822e-323 2 2 0
4.4869 9.88131e-324 9.88131e-324 2 2 0
4.5069 2.47033e-323 2.47033e-323 2 2 0
4.5269 -4.94066e-324 -4.94066e-324 2 2 0
4.5469 -4.94066e-324 -4.94066e-324 2 2 0
4.5669 9.88131e-324 9.88131e-324 2 2 0
4.5869 1.4822e-323 1.4822e-323 2 2 0
4.6069 0 0 2 2 0
4.6269 2.47033e-323 2.47033e-323 2 2 0
4.6469 -1.97626e-323 -1.97626e-323 2 2 0
4.6669 9.88131e-324 9.88131e-324 2 2 0
4.6869 -4.94066e-324 -4.94066e-324 2 2 0
4.7069 2.47033e-323 2.47033e-323 2 2 0
4.7269 0 0 2 2 0
4.7469 -4.94066e-324 -4.94066e-324 2 2 0
4.7669 -4.94066e-324 -4.94066e-324 2 2 0
4.7869 -4.94066e-324 -4.94066e-324 2 2 0
4.8069 0 0 2 2 0
4.8269 0 0 2 2 0
4.8469 0 0 2 2 0
4.8669 0 0 2 2 0
4.8869 0 0 2 2 0
4.9069 0 0 2 2 0
4.9269 0 0 2 2 0
4.9469 0 0 2 2 0
4.9669 0 0 2 2 0
4.9869 0 0 2 2 0
5.0069 0 0 2 2 0
5.0269 0 0 2 2 0
5.0469 0 0 2 2 0
5.0669 0 0 2 2 0
5.0869 0 0 2 2 0
5.1069 0 0 2 2 0
5.1269 0 0 2 2 0
5.1469 0 0 2 2 0
5.1669 0 0 2 2 0
5.1869 0 0 2 2 0
5.2069 0 0 2 2 0
5.2269 0 0 2 2 0
5.2469 0 0 2 2 0
5.2669 0 0 2 2 0
5.2869 0 0 2 2 0
5.3069 0 0 2 2 0
5.3269 0 0 2 2 0
5.3469 0 0 2 2 0
5.3669 0 0 2 2 0
5.3869 0 0 2 2 0
5.4069 0 0 2 2 0
5.4269 0 0 2 2 0
5.4469 0 0 2 2 0
5.4669 0 0 2 2 0
5.4869 0 0 2 2 0
5.5069 0 0 2 2 0
5.5269 0 0 2 2 0
5.5469 0 0 2 2 0
5.5669 0 0 2 2 0
5.5869 0 0 2 2 0
5.6069 0 0 2 2 0
5.6269 0 0 2 2 0
5.6469 0 0 2 2 0
5.6669 0 0 2 2 0
5.6869 0 0 2 2 0
5.7069 0 0 2 2 0
5.7269 0 0 2 2 0
5.7469 0 0 2 2 0
5.7669 0 0 2 2 0
5.7869 0 0 2 2 0
5.8069 0 0 2 2 0
5.8269 0 0 2 2 0
5.8469 0 0 2 2 0
5.8669 0 0 2 2 0
5.8869 0 0 2 2 0
5.9069 0 0 2 2 0
5.9269 0 0 2 2 0
5.9469 0 0 2 2 0
5.9669 0 0 2 2 0
5.9869 0 0 2 2 0
6.0069 0 0 2 2 0
6.0269 0 0 2 2 0
6.0469 0 0 2 2 0
6.0669 0 0 2 2 0
6.0869 0 0 2 2 0
6.1069 0 0 2 2 0
6.1269 0 0 2 2 0
6.1469 0 0 2 2 0
6.1669 0 0 2 2 0
6.1869 0 0 2 2 0
6.2069 0 0 2 2 0
6.2269 0 0 2 2 0
6.2469 0 0 2 2 0
6.2669 0 0 2 2 0
6.2869 0 0 2 2 0
6.3069 0 0 2 2 0
6.3269 0 0 2 2 0
6.3469 0 0 2 2 0
6.3669 0 0 2 2 0
6.3869 0 0 2 2 0
6.4069 0 0 2 2 0
6.4269 0 0 2 2 0
6.4469 0 0 2 2 0
6.4669 0 0 2 2 0
6.4869 0 0 2 2 0
6.5069 0 0 2 2 0
6.5269 0 0 2 2 0
6.5469 0 0 2 2 0
6.5669 0 0 2 2 0
6.5869 0 0 2 2 0
6.6069 0 0 2 2 0
6.6269 0 0 2 2 0
6.6469 0 0 2 2 0
6.6669 0 0 2 2 0
6.6869 0 0 2 2 0
6.7069 0 0 2 2 0
6.7269 0 0 2 2 0
6.7469 0 0 2 2 0
6.7669 0 0 2 2 0
6.7869 0 0 2 2 0
6.8069 0 0 2 2 0
6.8269 0 0 2 2 0
6.8469 0 0 2 2 0
6.8669 0 0 2 2 0
6.8869 0 0 2 2 0
6.9069 0 0 2 2 0
6.9269 0 0 2 2 0
6.9469 0 0 2 2 0
6.9669 0 0 2 2 0
6.9869 0 0 2 2 0
7.0069 0 0 2 2 0
7.0269 0 0 2 2 0
7.0469 0 0 2 2 0
7.0669 0 0 2 2 0
7.0869 0 0 2 2 0
7.1069 0 0 2 2 0
7.1269 0 0 2 2 0
7.1469 0 0 2 2 0
7.1669 0 0 2 2 0
7.1869 0 0 2 2 0
7.2069 0 0 2 2 0
7.2269 0 0 2 2 0
7.2469 0 0 2 2 0
7.2669 0 0 2 2 0
7.2869 0 0 2 2 0
7.3069 0 0 2 2 0
7.3269 0 0 2 2 0
7.3469 0 0 2 2 0
7.3669 0 0 2 2 0
7.3869 0 0 2 2 0
7.4069 0 0 2 2 0
7.4269 0 0 2 2 0
7.4469 0 0 2 2 0
7.4669 0 0 2 2 0
7.4869 0 0 2 2 0
7.5069 0 0 2 2 0
7.5269 0 0 2 2 0
7.5469 0 0 2 2 0
7.5669 0 0 2 2 0
7.5869 0 0 2 2 0
7.6069 0 0 2 2 0
7.6269 0 0 2 2 0
7.6469 0 0 2 2 0
7.6669 0 0 2 2 0
7.6869 0 0 2 2 0
7.7069 0 0 2 2 0
7.7269 0 0 2 2 0
7.7469 0 0 2 2 0
7.7669 0 0 2 2 0
7.7869 0 0 2 2 0
7.8069 0 0 2 2 0
7.8269 0 0 2 2 0
7.8469 0 0 2 2 0
7.8669 0 0 2 2 0
7.8869 0 0 2 2 0
7.9069 0 0 2 2 0
7.9269 0 0 2 2 0
7.9469 0 0 2 2 0
7.9669 0 0 2 2 0
7.9869 0 0 2 2 0
8.0069 0 0 2 2 0
8.0269 0 0 2 2 0
8.0469 0 0 2 2 0
8.0669 0 0 2 2 0
8.0869 0 0 2 2 0
8.1069 0 0 2 2 0
8.1269 0 0 2 2 0
8.1469 0 0 2 2 0
8.1669 0 0 2 2 0
8.1869 0 0 2 2 0
8.2069 0 0 2 2 0
8.2269 0 0 2 2 0
8.2469 0 0 2 2 0
8.2669 0 0 2 2 0
8.2869 0 0 2 2 0
8.3069 0 0 2 2 0
8.3269 0 0 2 2 0
8.3469 0 0 2 2 0
8.3669 0 0 2 2 0
8.3869 0 0 2 2 0
8.4069 0 0 2 2 0
8.4269 0 0 2 2 0
8.4469 0 0 2 2 0
8.4669 0 0 2 2 0
8.4869 0 0 2 2 0
8.5069 0 0 2 2 0
8.5269 0 0 2 2 0
8.5469 0 0 2 2 0
8.5669 0 0 2 2 0
8.5869 0 0 2 2 0
8.6069 0 0 2 2 0
8.6269 0 0 2 2 0
8.6469 0 0 2 2 0
8.6669 0 0 2 2 0
8.6869 0 0 2 2 0
8.7069 0 0 2 2 0
8.7269 0 0 2 2 0
8.7469 0 0 2 2 0
8.7669 0 0 2 2 0
8.7869 0 0 2 2 0
8.8069 0 0 2 2 0
8.8269 0 0 2 2 0
8.8469 0 0 2 2 0
8.8669 0 0 2 2 0
8.8869 0 0 2 2 0
8.9069 0 0 2 2 0
8.9269 0 0 2 2 0
8.9469 0 0 2 2 0
8.9669 0 0 2 2 0
8.9869 0 0 2 2 0
9.0069 0 0 2 2 0
9.0269 0 0 2 2 0
9.0469 0 0 2 2 0
9.0669 0 0 2 2 0
9.0869 0 0 2 2 0
9.1069 0 0 2 2 0
9.1269 0 0 2 2 0
9.1469 0 0 2 2 0
9.1669 0 0 2 2 0
9.1869 0 0 2 2 0
9.2069 0 0 2 2 0
9.2269 0 0 2 2 0
9.2469 0 0 2 2 0
9.2669 0 0 2 2 0
9.2869 0 0 2 2 0
9.3069 0 0 2 2 0
9.3269 0 0 2 2 0
9.3469 0 0 2 2 0
9.3669 0 0 2 2 0
9.3869 0 0 2 2 0
9.4069 0 0 2 2 0
9.4269 0 0 2 2 0
9.4469 0 0 2 2 0
9.4669 0 0 2 2 0
9.4869 0 0 2 2 0
9.5069 0 0 2 2 0
9.5269 0 0 2 2 0
9.5469 0 0 2 2 0
9.5669 0 0 2 2 0
9.5869 0 0 2 2 0
9.6069 0 0 2 2 0
9.6269 0 0 2 2 0
9.6469 0 0 2 2 0
9.6669 0 0 2 2 0
9.6869 0 0 2 2 0
9.7069 0 0 2 2 0
9.7269 0 0 2 2 0
9.7469 0 0 2 2 0
9.7669 0 0 2 2 0
9.7869 0 0 2 2 0
9.8069 0 0 2 2 0
9.8269 0 0 2 2 0
9.8469 0 0 2 2 0
9.8669 0 0 2 2 0
9.8869 0 0 2 2 0
9.9069 0 0 2 2 0
9.9269 0 0 2 2 0
9.9469 0 0 2 2 0
9.9669 0 0 2 2 0
9.9869 0 0 2 2 0
10.0069 0 0 2 2 0
10.0269 0 0 2 2 0
10.0469 0 0 2 2 0
10.0669 0 0 2 2 0
10.0869 0 0 2 2 0
10.1069 0 0 2 2 0
10.1269 0 0 2 2 0
10.1469 0 0 2 2 0
10.1669 0 0 2 2 0
10.1869 0 0 2 2 0
10.2069 0 0 2 2 0
10.2269 0 0 2 2 0
10.2469 0 0 2 2 0
10.2669 0 0 2 2 0
10.2869 0 0 2 2 0
10.3069 0 0 2 2 0
10.3269 0 0 2 2 0
10.3469 0 0 2 2 0
10.3669 0 0 2 2 0
10.3869 0 0 2 2 0
10.4069 0 0 2 2 0
10.4269 0 0 2 2 0
10.4469 0 0 2 2 0
10.4669 0 0 2 2 0
10.4869 0 0 2 2 0
10.5069 0 0 2 2 0
10.5269 0 0 2 2 0
10.5469 0 0 2 2 0
10.5669 0 0 2 2 0
10.5869 0 0 2 2 0
10.6069 0 0 2 2 0
10.6269 0 0 2 2 0
10.6469 0 0 2 2 0
10.6669 0 0 2 2 0
10.6869 0 0 2 2 0
10.7069 0 0 2 2 0
10.7269 0 0 2 2 0
10.7469 0 0 2 2 0
10.7669 0 0 2 2 0
10.7869 0 0 2 2 0
10.8069 0 0 2 2 0
10.8269 0 0 2 2 0
10.8469 0 0 2 2 0
10.8669 0 0 2 2 0
10.8869 0 0 2 2 0
10.9069 0 0 2 2 0
10.9269 0 0 2 2 0
10.9469 0 0 2 2 0
10.9669 0 0 2 2 0
10.9869 0 0 2 2 0
11.0069 0 0 2 2 0
11.0269 0 0 2 2 0
11.0469 0 0 2 2 0
11.0669 0 0 2 2 0
11.0869 0 0 2 2 0
11.1069 0 0 2 2 0
11.1269 0 0 2 2 0
11.1469 0 0 2 2 0
11.1669 0 0 2 2 0
11.1869 0 0 2 2 0
11.2069 0 0 2 2 0
11.2269 0 0 2 2 0
11.2469 0 0 2 2 0
11.2669 0 0 2 2 0
11.2869 0 0 2 2 0
11.3069 0 0 2 2 0
11.3269 0 0 2 2 0
11.3469 0 0 2 2 0
11.3669 0 0 2 2 0
11.3869 0 0 2 2 0
11.4069 0 0 2 2 0
11.4269 0 0 2 2 0
11.4469 0 0 2 2 0
11.4669 0 0 2 2 0
11.4869 0 0 2 2 0
11.5069 0 0 2 2 0
11.5269 0 0 2 2 0
11.5469 0 0 2 2 0
11.5669 0 0 2 2 0
11.5869 0 0 2 2 0
11.6069 0 0 2 2 0
11.6269 0 0 2 2 0
11.6469 0 0 2 2 0
11.6669 0 0 2 2 0
11.6869 0 0 2 2 0
11.7069 0 0 2 2 0
11.7269 0 0 2 2 0
11.7469 0 0 2 2 0
11.7669 0 0 2 2 0
11.7869 0 0 2 2 0
11.8069 0 0 2 2 0
11.8269 0 0 2 2 0
11.8469 0 0 2 2 0
11.8669 0 0 2 2 0
11.8869 0 0 2 2 0
11.9069 0 0 2 2 0
11.9269 0 0 2 2 0
11.9469 0 0 2 2 0
11.9669 0 0 2 2 0
11.9869 0 0 2 2 0
12.0069 0 0 2 2 0
12.0269 0 0 2 2 0
12.0469 0 0 2 2 0
12.0669 0 0 2 2 0
12.0869 0 0 2 2 0
12.1069 0 0 2 2 0
12.1269 0 0 2 2 0
12.1469 0 0 2 2 0
12.1669 0 0 2 2 0
12.1869 0 0 2 2 0
12.2069 0 0 2 2 0
12.2269 0 0 2 2 0
12.2469 0 0 2 2 0
12.2669 0 0 2 2 0
12.2869 0 0 2 2 0
12.3069 0 0 2 2 0
12.3269 0 0 2 2 0
12.3469 0 0 2 2 0
12.3669 0 0 2 2 0
12.3869 0 0 2 2 0
12.4069 0 0 2 2 0
12.4269 0 0 2 2 0
12.4469 0 0 2 2 0
12.4669 0 0 2 2 0
12.4869 0 0 2 2 0
12.5069 0 0 2 2 0
12.5269 0 0 2 2 0
12.5469 0 0 2 2 0
12.5669 0 0 2 2 0
12.5869 0 0 2 2 0
12.6069 0 0 2 2 0
12.6269 0 0 2 2 0
12.6469 0 0 2 2 0
12.6669 0 0 2 2 0
12.6869 0 0 2 2 0
12.7069 0 0 2 2 0
12.7269 0 0 2 2 0
12.7469 0 0 2 2 0
12.7669 0 0 2 2 0
12.7869 0 0 2 2 0
12.8069 0 0 2 2 0
12.8269 0 0 2 2 0
12.8469 0 0 2 2 0
12.8669 0 0 2 2 0
12.8869 0 0 2 2 0
12.9069 0 0 2 2 0
12.9269 0 0 2 2 0
12.9469 0 0 2 2 0
12.9669 0 0 2 2 0
12.9869 0 0 2 2 0
13.0069 0 0 2 2 0
13.0269 0 0 2 2 0
13.0469 0 0 2 2 0
13.0669 0 0 2 2 0
13.0869 0 0 2 2 0
13.1069 0 0 2 2 0
13.1269 0 0 2 2 0
13.1469 0 0 2 2 0
13.1669 0 0 2 2 0
13.1869 0 0 2 2 0
13.2069 0 0 2 2 0
13.2269 0 0 2 2 0
13.2469 0 0 2 2 0
13.2669 0 0 2 2 0
13.2869 0 0 2 2 0
13.3069 0 0 2 2 0
13.3269 0 0 2 2 0
13.3469 0 0 2 2 0
13.3669 0 0 2 2 0
13.3869 0 0 2 2 0
13.4069 0 0 2 2 0
13.4269 0 0 2 2 0
13.4469 0 0 2 2 0
13.4669 0 0 2 2 0
13.4869 0 0 2 2 0
13.5069 0 0 2 2 0
13.5269 0 0 2 2 0
13.5469 0 0 2 2 0
13.5669 0 0 2 2 0
13.5869 0 0 2 2 0
13.6069 0 0 2 2 0
13.6269 0 0 2 2 0
13.6469 0 0 2 2 0
13.6669 0 0 2 2 0
13.6869 0 0 2 2 0
13.7069 0 0 2 2 0
13.7269 0 0 2 2 0
13.7469 0 0 2 2 0
13.7669 0 0 2 2 0
13.7869 0 0 2 2 0
13.8069 0 0 2 2 0
13.8269 0 0 2 2 0
13.8469 0 0 2 2 0
13.8669 0 0 2 2 0
13.8869 0 0 2 2 0
13.9069 0 0 2 2 0
13.9269 0 0 2 2 0
13.9469 0 0 2 2 0
13.9669 0 0 2 2 0
13.9869 0 0 2 2 0
14.0069 0 0 2 2 0
14.0269 0 0 2 2 0
14.0469 0 0 2 2 0
14.0669 0 0 2 2 0
14.0869 0 0 2 2 0
14.1069 0 0 2 2 0
14.1269 0 0 2 2 0
14.1469 0 0 2 2 0
14.1669 0 0 2 2 0
14.1869 0 0 2 2 0
14.2069 0 0 2 2 0
14.2269 0 0 2 2 0
14.2469 0 0 2 2 0
14.2669 0 0 2 2 0
14.2869 0 0 2 2 0
14.3069 0 0 2 2 0
14.3269 0 0 2 2 0
14.3469 0 0 2 2 0
14.3669 0 0 2 2 0
14.3869 0 0 2 2 0
14.4069 0 0 2 2 0
14.4269 0 0 2 2 0
14.4469 0 0 2 2 0
14.4669 0 0 2 2 0
14.4869 0 0 2 2 0
14.5069 0 0 2 2 0
14.5269 0 0 2 2 0
14.5469 0 0 2 2 0
14.5669 0 0 2 2 0
14.5869 0 0 2 2 0
14.6069 0 0 2 2 0
14.6269 0 0 2 2 0
14.6469 0 0 2 2 0
14.6669 0 0 2 2 0
14.6869 0 0 2 2 0
14.7069 0 0 2 2 0
14.7269 0 0 2 2 0
14.7469 0 0 2 2 0
14.7669 0 0 2 2 0
14.7869 0 0 2 2 0
14.8069 0 0 2 2 0
14.8269 0 0 2 2 0
14.8469 0 0 2 2 0
14.8669 0 0 2 2 0
14.8869 0 0 2 2 0
14.9069 0 0 2 2 0
14.9269 0 0 2 2 0
14.9469 0 0 2 2 0
14.9669 0 0 2 2 0
14.9869 0 0 2 2 0
15.0069 0 0 2 2 0
15.0269 0 0 2 2 0
15.0469 0 0 2 2 0
15.0669 0 0 2 2 0
15.0869 0 0 2 2 0
15.1069 0 0 2 2 0
15.1269 0 0 2 2 0
15.1469 0 0 2 2 0
15.1669 0 0 2 2 0
15.1869 0 0 2 2 0
15.2069 0 0 2 2 0
15.2269 0 0 2 2 0
15.2469 0 0 2 2 0
15.2669 0 0 2 2 0
15.2869 0 0 2 2 0
15.3069 0 0 2 2 0
15.3269 0 0 2 2 0
15.3469 0 0 2 2 0
15.3669 0 0 2 2 0
15.3869 0 0 2 2 0
15.4069 0 0 2 2 0
15.4269 0 0 2 2 0
15.4469 0 0 2 2 0
15.4669 0 0 2 2 0
15.4869 0 0 2 2 0
15.5069 0 0 2 2 0
15.5269 0 0 2 2 0
15.5469 0 0 2 2 0
15.5669 0 0 2 2 0
15.5869 0 0 2 2 0
15.6069 0 0 2 2 0
15.6269 0 0 2 2 0
15.6469 0 0 2 2 0
15.6669 0 0 2 2 0
15.6869 0 0 2 2 0
15.7069 0 0 2 2 0
15.7269 0 0 2 2 0
15.7469 0 0 2 2 0
15.7669 0 0 2 2 0
15.7869 0 0 2 2 0
15.8069 0 0 2 2 0
15.8269 0 0 2 2 0
15.8469 0 0 2 2 0
15.8669 0 0 2 2 0
15.8869 0 0 2 2 0
15.9069 0 0 2 2 0
15.9269 0 0 2 2 0
15.9469 0 0 2 2 0
15.9669 0 0 2 2 0
15.9869 0 0 2 2 0
16.0069 0 0 2 2 0
16.0269 0 0 2 2 0
16.0469 0 0 2 2 0
16.0669 0 0 2 2 0
16.0869 0 0 2 2 0
16.1069 0 0 2 2 0
16.1269 0 0 2 2 0
16.1469 0 0 2 2 0
16.1669 0 0 2 2 0
16.1869 0 0 2 2 0
16.2069 0 0 2 2 0
16.2269 0 0 2 2 0
16.2469 0 0 2 2 0
16.2669 0 0 2 2 0
16.2869 0 0 2 2 0
16.3069 0 0 2 2 0
16.3269 0 0 2 2 0
16.3469 0 0 2 2 0
16.3669 0 0 2 2 0
16.3869 0 0 2 2 0
16.4069 0 0 2 2 0
16.4269 0 0 2 2 0
16.4469 0 0 2 2 0
16.4669 0 0 2 2 0
16.4869 0 0 2 2 0
16.5069 0 0 2 2 0
16.5269 0 0 2 2 0
16.5469 0 0 2 2 0
16.5669 0 0 2 2 0
16.5869 0 0 2 2 0
16.6069 0 0 2 2 0
16.6269 0 0 2 2 0
16.6469 0 0 2 2 0
16.6669 0 0 2 2 0
16.6869 0 0 2 2 0
16.7069 0 0 2 2 0
16.7269 0 0 2 2 0
16.7469 0 0 2 2 0
16.7669 0 0 2 2 0
16.7869 0 0 2 2 0
16.8069 0 0 2 2 0
16.8269 0 0 2 2 0
16.8469 0 0 2 2 0
16.8669 0 0 2 2 0
16.8869 0 0 2 2 0
16.9069 0 0 2 2 0
16.9269 0 0 2 2 0
16.9469 0 0 2 2 0
16.9669 0 0 2 2 0
16.9869 0 0 2 2 0
17.0069 0 0 2 2 0
17.0269 0 0 2 2 0
17.0469 0 0 2 2 0
17.0669 0 0 2 2 0
17.0869 0 0 2 2 0
17.1069 0 0 2 2 0
17.1269 0 0 2 2 0
17.1469 0 0 2 2 0
17.1669 0 0 2 2 0
17.1869 0 0 2 2 0
17.2069 0 0 2 2 0
17.2269 0 0 2 2 0
17.2469 0 0 2 2 0
17.2669 0 0 2 2 0
17.2869 0 0 2 2 0
17.3069 0 0 2 2 0
17.3269 0 0 2 2 0
17.3469 0 0 2 2 0
17.3669 0 0 2 2 0
17.3869 0 0 2 2 0
17.4069 0 0 2 2 0
17.4269 0 0 2 2 0
17.4469 0 0 2 2 0
17.4669 0 0 2 2 0
17.4869 0 0 2 2 0
17.5069 0 0 2 2 0
17.5269 0 0 2 2 0
17.5469 0 0 2 2 0
17.5669 0 0 2 2 0
17.5869 0 0 2 2 0
17.6069 0 0 2 2 0
17.6269 0 0 2 2 0
17.6469 0 0 2 2 0
17.6669 0 0 2 2 0
17.6869 0 0 2 2 0
17.7069 0 0 2 2 0
17.7269 0 0 2 2 0
17.7469 0 0 2 2 0
17.7669 0 0 2 2 0
17.7869 0 0 2 2 0
17.8069 0 0 2 2 0
17.8269 0 0 2 2 0
17.8469 0 0 2 2 0
17.8669 0 0 2 2 0
17.8869 0 0 2 2 0
17.9069 0 0 2 2 0
17.9122 0 0 2 2 0
17.9322 0 0 2 2 0
17.9522 0 0 2 2 0
17.9722 0 0 2 2 0
17.9922 0 0 2 2 0
18.0122 0 0 2 2 0
18.0322 0 0 2 2 0
18.0522 0 0 2 2 0
18.0722 0 0 2 2 0
18.0922 0 0 2 2 0
18.1122 0 0 2 2 0
18.1322 0 0 2 2 0
18.1522 0 0 2 2 0
18.1722 0 0 2 2 0
18.1922 0 0 2 2 0
18.2122 0 0 2 2 0
18.2322 0 0 2 2 0
18.2522 0 0 2 2 0
18.2722 0 0 2 2 0
18.2922 0 0 2 2 0
18.3122 0 0 2 2 0
18.3322 0 0 2 2 0
18.3522 0 0 2 2 0
18.3722 0 0 2 2 0
18.3922 0 0 2 2 0
18.4122 0 0 2 2 0
18.4322 0 0 2 2 0
18.4522 0 0 2 2 0
18.4722 0 0 2 2 0
18.4922 0 0 2 2 0
18.5122 0 0 2 2 0
18.5322 0 0 2 2 0
18.5522 0 0 2 2 0
18.5722 0 0 2 2 0
18.5922 0 0 2 2 0
18.6122 0 0 2 2 0
18.6322 0 0 2 2 0
18.6522 0 0 2 2 0
18.6722 0 0 2 2 0
18.6922 0 0 2 2 0
18.7122 0 0 2 2 0
18.7322 0 0 2 2 0
18.7522 0 0 2 2 0
18.7722 0 0 2 2 0
18.7922 0 0 2 2 0
18.8122 0 0 2 2 0
18.8322 0 0 2 2 0
18.8522 0 0 2 2 0
18.8722 0 0 2 2 0
18.8922 0 0 2 2 0
18.9122 0 0 2 2 0
18.9322 0 0 2 2 0
18.9522 0 0 2 2 0
18.9722 0 0 2 2 0
18.9922 0 0 2 2 0
19.0122 0 0 2 2 0
19.0322 0 0 2 2 0
19.0522 0 0 2 2 0
19.0722 0 0 2 2 0
19.0922 0 0 2 2 0
19.1122 0 0 2 2 0
19.1322 0 0 2 2 0
19.1522 0 0 2 2 0
19.1722 0 0 2 2 0
19.1922 0 0 2 2 0
19.2122 0 0 2 2 0
19.2322 0 0 2 2 0
19.2522 0 0 2 2 0
19.2722 0 0 2 2 0
19.2922 0 0 2 2 0
19.3122 0 0 2 2 0
19.3322 0 0 2 2 0
19.3522 0 0 2 2 0
19.3722 0 0 2 2 0
19.3922 0 0 2 2 0
19.4122 0 0 2 2 0
19.4322 0 0 2 2 0
19.4522 0 0 2 2 0
19.4722 0 0 2 2 0
19.4922 0 0 2 2 0
19.5122 0 0 2 2 0
19.5322 0 0 2 2 0
19.5522 0 0 2 2 0
19.5722 0 0 2 2 0
19.5922 0 0 2 2 0
19.6122 0 0 2 2 0
19.6322 0 0 2 2 0
19.6522 0 0 2 2 0
19.6722 0 0 2 2 0
19.6922 0 0 2 2 0
19.7122 0 0 2 2 0
19.7322 0 0 2 2 0
19.7522 0 0 2 2 0
19.7722 0 0 2 2 0
19.7922 0 0 2 2 0
19.8122 0 0 2 2 0
19.8322 0 0 2 2 0
19.8522 0 0 2 2 0
19.8722 0 0 2 2 0
19.8922 0 0 2 2 0
19.9122 0 0 2 2 0
19.9322 0 0 2 2 0
19.9522 0 0 2 2 0
19.9722 0 0 2 2 0
19.9922 0 0 2 2 0
20.0122 0 0 2 2 0
20.0322 0 0 2 2 0
20.0522 0 0 2 2 0
20.0722 0 0 2 2 0
20.0922 0 0 2 2 0
20.1122 0 0 2 2 0
20.1322 0 0 2 2 0
20.1522 0 0 2 2 0
20.1722 0 0 2 2 0
20.1922 0 0 2 2 0
20.2122 0 0 2 2 0
20.2322 0 0 2 2 0
20.2522 0 0 2 2 0
20.2722 0 0 2 2 0
20.2922 0 0 2 2 0
20.3122 0 0 2 2 0
20.3322 0 0 2 2 0
20.3522 0 0 2 2 0
20.3722 0 0 2 2 0
20.3922 0 0 2 2 0
20.4122 0 0 2 2 0
20.4322 0 0 2 2 0
20.4522 0 0 2 2 0
20.4722 0 0 2 2 0
20.4922 0 0 2 2 0
20.5122 0 0 2 2 0
20.5322 0 0 2 2 0
20.5522 0 0 2 2 0
20.5722 0 0 2 2 0
20.5922 0 0 2 2 0
20.6122 0 0 2 2 0
20.6322 0 0 2 2 0
20.6522 0 0 2 2 0
20.6722 0 0 2 2 0
20.6922 0 0 2 2 0
20.7122 0 0 2 2 0
20.7322 0 0 2 2 0
20.7522 0 0 2 2 0
20.7722 0 0 2 2 0
20.7922 0 0 2 2 0
20.8122 0 0 2 2 0
20.8322 0 0 2 2 0
20.8522 0 0 2 2 0
20.8722 0 0 2 2 0
20.8922 0 0 2 2 0
20.9122 0 0 2 2 0
20.9322 0 0 2 2 0
20.9522 0 0 2 2 0
20.9722 0 0 2 2 0
20.9922 0 0 2 2 0
21.0122 0 0 2 2 0
21.0322 0 0 2 2 0
21.0522 0 0 2 2 0
21.0722 0 0 2 2 0
21.0922 0 0 2 2 0
21.1122 0 0 2 2 0
21.1322 0 0 2 2 0
21.1522 0 0 2 2 0
21.1722 0 0 2 2 0
21.1922 0 0 2 2 0
21.2122 0 0 2 2 0
21.2322 0 0 2 2 0
21.2522 0 0 2 2 0
21.2722 0 0 2 2 0
21.2922 0 0 2 2 0
21.3122 0 0 2 2 0
21.3322 0 0 2 2 0
21.3522 0 0 2 2 0
21.3722 0 0 2 2 0
21.3922 0 0 2 2 0
21.4122 0 0 2 2 0
21.4322 0 0 2 2 0
21.4522 0 0 2 2 0
21.4722 0 0 2 2 0
21.4922 0 0 2 2 0
21.5122 0 0 2 2 0
21.5322 0 0 2 2 0
21.5522 0 0 2 2 0
21.5722 0 0 2 2 0
21.5922 0 0 2 2 0
21.6122 0 0 2 2 0
21.6322 0 0 2 2 0
21.6522 0 0 2 2 0
21.6722 0 0 2 2 0
21.6922 0 0 2 2 0
21.7122 0 0 2 2 0
21.7322 0 0 2 2 0
21.7522 0 0 2 2 0
21.7722 0 0 2 2 0
21.7922 0 0 2 2 0
21.8122 0 0 2 2 0
21.8322 0 0 2 2 0
21.8522 0 0 2 2 0
21.8722 0 0 2 2 0
21.8922 0 0 2 2 0
21.9122 0 0 2 2 0
21.9322 0 0 2 2 0
21.9522 0 0 2 2 0
21.9722 0 0 2 2 0
21.9922 0 0 2 2 0
22.0122 0 0 2 2 0
2.53539 -5.22965e-06 -5.22965e-06 2 2 0
2.48394 -3.02088e-17 -3.02088e-17 2 2 0
2.46394 1.78131e-12 1.78131e-12 1 2 0
2.44394 3.0898e-18 3.0898e-18 1 2 0
2.42394 1.58865e-22 1.58865e-22 1 2 0
2.40394 1.18175e-30 1.18175e-30 1 2 0
2.38394 5.19804e-35 5.19804e-35 1 2 0
2.36394 3.45946e-43 3.45946e-43 1 2 0
2.34394 1.36097e-47 1.36097e-47 1 2 0
2.32394 8.21239e-56 8.21239e-56 1 2 0
2.30394 2.88787e-60 2.88787e-60 1 2 0
2.28394 1.63183e-68 1.63183e-68 1 2 0
2.26394 5.37239e-73 5.37239e-73 1 2 0
2.24394 2.7735e-81 2.7735e-81 1 2 0
2.22394 8.43893e-86 8.43893e-86 1 2 0
2.20394 4.10115e-94 4.10115e-94 1 2 0
2.18394 1.19014e-98 1.19014e-98 1 2 0
2.16394 5.51938e-107 5.51938e-107 1 2 0
2.14394 1.51058e-111 1.51058e-111 1 2 0
2.12394 6.5592e-120 6.5592e-120 1 2 0
2.10394 1.76719e-124 1.76719e-124 1 2 0
2.08394 7.23682e-133 7.23682e-133 1 2 0
2.06394 1.83062e-137 1.83062e-137 1 2 0
2.04394 7.28883e-146 7.28883e-146 1 2 0
2.02394 1.77568e-150 1.77568e-150 1 2 0
2.00394 6.85499e-159 6.85499e-159 1 2 0
1.98394 1.60629e-163 1.60629e-163 1 2 0
1.96394 5.91314e-172 5.91314e-172 1 2 0
1.94394 1.34801e-176 1.34801e-176 1 2 0
1.92394 4.81489e-185 4.81489e-185 1 2 0
1.90394 1.06434e-189 1.06434e-189 1 2 0
1.88394 3.67104e-198 3.67104e-198 1 2 0
1.86394 7.73454e-203 7.73454e-203 1 2 0
1.84394 2.63628e-211 2.63628e-211 1 2 0
1.82394 5.39374e-216 5.39374e-216 1 2 0
1.80394 1.81515e-224 1.81515e-224 1 2 0
1.78394 3.53619e-229 3.53619e-229 1 2 0
1.76394 1.17576e-237 1.17576e-237 1 2 0
1.74394 2.22611e-242 2.22611e-242 1 2 0
1.72394 7.17446e-251 7.17446e-251 1 2 0
1.70394 1.31951e-255 1.31951e-255 1 2 0
1.68394 4.10922e-264 4.10922e-264 1 2 0
1.66394 7.45323e-269 7.45323e-269 1 2 0
1.64394 2.25649e-277 2.25649e-277 1 2 0
1.62394 3.98112e-282 3.98112e-282 1 2 0
1.60394 1.18997e-290 1.18997e-290 1 2 0
1.58394 2.04129e-295 2.04129e-295 1 2 0
1.56394 6.02372e-304 6.02372e-304 1 2 0
1.54394 1.00389e-308 1.00389e-308 1 2 0
1.52394 2.91412e-317 2.91412e-317 1 2 0
1.50394 4.69362e-322 4.69362e-322 1 2 0
1.48394 0 0 1 2 0
1.46394 9.88131e-324 9.88131e-324 1 2 0
1.44394 1.97626e-323 1.97626e-323 1 2 0
1.42394 1.4822e-323 1.4822e-323 1 2 0
1.40394 9.88131e-324 9.88131e-324 1 2 0
1.38394 4.94066e-324 4.94066e-324 1 2 0
1.36394 0 0 1 2 0
1.34394 -4.94066e-324 -4.94066e-324 1 2 0
1.32394 -9.88131e-324 -9.88131e-324 1 2 0
1.30394 -1.4822e-323 -1.4822e-323 1 2 0
1.28394 -1.97626e-323 -1.97626e-323 1 2 0
1.26394 -2.47033e-323 -2.47033e-323 1 2 0
1.24394 -1.4822e-323 -1.4822e-323 1 2 0
1.22394 -4.94066e-324 -4.94066e-324 1 2 0
1.20394 4.94066e-324 4.94066e-324 1 2 0
1.18394 1.4822e-323 1.4822e-323 1 2 0
1.16394 2.47033e-323 2.47033e-323 1 2 0
1.14394 9.88131e-324 9.88131e-324 1 2 0
1.12394 -4.94066e-324 -4.94066e-324 1 2 0
1.10394 -1.97626e-323 -1.97626e-323 1 2 0
1.08394 -9.88131e-324 -9.88131e-324 1 2 0
1.06394 0 0 1 2 0
1.04394 9.88131e-324 9.88131e-324 1 2 0
1.02394 1.97626e-323 1.97626e-323 1 2 0
1.00394 1.97626e-323 1.97626e-323 1 2 0
0.983938 1.97626e-323 1.97626e-323 1 2 0
0.963938 1.97626e-323 1.97626e-323 1 2 0
0.943938 1.97626e-323 1.97626e-323 1 2 0
0.923938 1.97626e-323 1.97626e-323 1 2 0
0.903938 1.97626e-323 1.97626e-323 1 2 0
0.883938 1.97626e-323 1.97626e-323 1 2 0
0.863938 1.97626e-323 1.97626e-323 1 2 0
0.843938 1.97626e-323 1.97626e-323 1 2 0
0.823938 1.97626e-323 1.97626e-323 1 2 0
0.803938 1.97626e-323 1.97626e-323 1 2 0
0.783938 1.97626e-323 1.97626e-323 1 2 0
0.763938 1.97626e-323 1.97626e-323 1 2 0
0.743938 1.97626e-323 1.97626e-323 1 2 0
0.723938 1.97626e-323 1.97626e-323 1 2 0
0.703938 1.97626e-323 1.97626e-323 1 2 0
0.683938 1.97626e-323 1.97626e-323 1 2 0
0.663938 1.97626e-323 1.97626e-323 1 2 0
0.643938 1.97626e-323 1.97626e-323 1 2 0
0.623938 1.97626e-323 1.97626e-323 1 2 0
0.603938 1.97626e-323 1.97626e-323 1 2 0
0.583938 1.97626e-323 1.97626e-323 1 2 0
0.563938 1.97626e-323 1.97626e-323 1 2 0
0.543938 1.97626e-323 1.97626e-323 1 2 0
0.523938 1.97626e-323 1.97626e-323 1 2 0
0.503938 1.97626e-323 1.97626e-323 1 2 0
0.483938 1.97626e-323 1.97626e-323 1 2 0
