87.9366 0.6 0.6 2 2 3
87.8964 0.60003 0.60003 2 2 3
87.8765 0.600046 0.600046 2 2 3
87.8565 0.600061 0.600061 2 2 3
87.8365 0.600076 0.600076 2 2 3
87.8165 0.600091 0.600091 2 2 3
87.7965 0.600106 0.600106 2 2 3
87.7765 0.600122 0.600122 2 2 3
87.7565 0.600137 0.600137 2 2 3
87.7365 0.600152 0.600152 2 2 3
87.7165 0.600167 0.600167 2 2 3
87.6965 0.600182 0.600182 2 2 3
87.6765 0.600198 0.600198 2 2 3
87.6565 0.600213 0.600213 2 2 3
87.6365 0.600228 0.600228 2 2 3
87.6165 0.600243 0.600243 2 2 3
87.5965 0.600258 0.600258 2 2 3
87.5765 0.600274 0.600274 2 2 3
87.5565 0.600289 0.600289 2 2 3
87.5365 0.600304 0.600304 2 2 3
87.5165 0.600319 0.600319 2 2 3
87.4965 0.600335 0.600335 2 2 3
87.4765 0.60035 0.60035 2 2 3
87.4565 0.600365 0.600365 2 2 3
87.4365 0.60038 0.60038 2 2 3
87.4165 0.600396 0.600396 2 2 3
87.3965 0.600411 0.600411 2 2 3
87.3765 0.600426 0.600426 2 2 3
87.3565 0.600442 0.600442 2 2 3
87.3365 0.600457 0.600457 2 2 3
87.3165 0.600472 0.600472 2 2 3
87.2965 0.600487 0.600487 2 2 3
87.2765 0.600503 0.600503 2 2 3
87.2565 0.600518 0.600518 2 2 3
87.2365 0.600533 0.600533 2 2 3
87.2165 0.600549 0.600549 2 2 3
87.1965 0.600564 0.600564 2 2 3
87.1765 0.600579 0.600579 2 2 3
87.1565 0.600594 0.600594 2 2 3
87.1365 0.60061 0.60061 2 2 3
87.1165 0.600625 0.600625 2 2 3
87.0965 0.60064 0.60064 2 2 3
87.0765 0.600656 0.600656 2 2 3
87.0565 0.600671 0.600671 2 2 3
87.0365 0.600686 0.600686 2 2 3
87.0165 0.600702 0.600702 2 2 3
86.9965 0.600717 0.600717 2 2 3
86.9765 0.600733 0.600733 2 2 3
86.9565 0.600748 0.600748 2 2 3
86.9365 0.600763 0.600763 2 2 3
86.9165 0.600779 0.600779 2 2 3
86.8965 0.600794 0.600794 2 2 3
86.8765 0.600809 0.600809 2 2 3
86.8565 0.600825 0.600825 2 2 3
86.8365 0.60084 0.60084 2 2 3
86.8165 0.600855 0.600855 2 2 3
86.7965 0.600871 0.600871 2 2 3
86.7765 0.600886 0.600886 2 2 3
86.7565 0.600902 0.600902 2 2 3
86.7365 0.600917 0.600917 2 2 3
86.7165 0.600932 0.600932 2 2 3
86.6965 0.600948 0.600948 2 2 3
86.6765 0.600963 0.600963 2 2 3
86.6565 0.600979 0.600979 2 2 3
86.6365 0.600994 0.600994 2 2 3
86.6165 0.60101 0.60101 2 2 3
86.5965 0.601025 0.601025 2 2 3
86.5765 0.60104 0.60104 2 2 3
86.5565 0.601056 0.601056 2 2 3
86.5365 0.601071 0.601071 2 2 3
86.5165 0.601087 0.601087 2 2 3
86.4965 0.601102 0.601102 2 2 3
86.4765 0.601118 0.601118 2 2 3
86.4565 0.601133 0.601133 2 2 3
86.4365 0.601148 0.601148 2 2 3
86.4165 0.601164 0.601164 2 2 3
86.3965 0.601179 0.601179 2 2 3
86.3765 0.601195 0.601195 2 2 3
86.3565 0.60121 0.60121 2 2 3
86.3365 0.601226 0.601226 2 2 3
86.3165 0.601241 0.601241 2 2 3
86.2965 0.601257 0.601257 2 2 3
86.2765 0.601272 0.601272 2 2 3
86.2565 0.601288 0.601288 2 2 3
86.2365 0.601303 0.601303 2 2 3
86.2165 0.601319 0.601319 2 2 3
86.1965 0.601334 0.601334 2 2 3
86.1765 0.60135 0.60135 2 2 3
86.1565 0.601365 0.601365 2 2 3
86.1365 0.601381 0.601381 2 2 3
86.1165 0.601396 0.601396 2 2 3
86.0965 0.601412 0.601412 2 2 3
86.0765 0.601427 0.601427 2 2 3
86.0565 0.601443 0.601443 2 2 3
86.0365 0.601458 0.601458 2 2 3
86.0165 0.601474 0.601474 2 2 3
85.9965 0.60149 0.60149 2 2 3
85.9765 0.601505 0.601505 2 2 3
85.9565 0.601521 0.601521 2 2 3
85.9365 0.601536 0.601536 2 2 3
85.9165 0.601552 0.601552 2 2 3
85.8965 0.601567 0.601567 2 2 3
85.8765 0.601583 0.601583 2 2 3
85.8565 0.601598 0.601598 2 2 3
85.8365 0.601614 0.601614 2 2 3
85.8165 0.60163 0.60163 2 2 3
85.7965 0.601645 0.601645 2 2 3
85.7765 0.601661 0.601661 2 2 3
85.7565 0.601676 0.601676 2 2 3
85.7365 0.601692 0.601692 2 2 3
85.7165 0.601708 0.601708 2 2 3
85.6965 0.601723 0.601723 2 2 3
85.6765 0.601739 0.601739 2 2 3
85.6565 0.601754 0.601754 2 2 3
85.6365 0.60177 0.60177 2 2 3
85.6165 0.601786 0.601786 2 2 3
85.5965 0.601801 0.601801 2 2 3
85.5765 0.601817 0.601817 2 2 3
85.5565 0.601833 0.601833 2 2 3
85.5365 0.601848 0.601848 2 2 3
85.5165 0.601864 0.601864 2 2 3
85.4965 0.60188 0.60188 2 2 3
85.4765 0.601895 0.601895 2 2 3
85.4565 0.601911 0.601911 2 2 3
85.4365 0.601926 0.601926 2 2 3
85.4165 0.601942 0.601942 2 2 3
85.3965 0.601958 0.601958 2 2 3
85.3765 0.601973 0.601973 2 2 3
85.3565 0.601989 0.601989 2 2 3
85.3365 0.602005 0.602005 2 2 3
85.3165 0.602021 0.602021 2 2 3
85.2965 0.602036 0.602036 2 2 3
85.2765 0.602052 0.602052 2 2 3
85.2565 0.602068 0.602068 2 2 3
85.2365 0.602083 0.602083 2 2 3
85.2165 0.602099 0.602099 2 2 3
85.1965 0.602115 0.602115 2 2 3
85.1765 0.60213 0.60213 2 2 3
85.1565 0.602146 0.602146 2 2 3
85.1365 0.602162 0.602162 2 2 3
85.1165 0.602178 0.602178 2 2 3
85.0965 0.602193 0.602193 2 2 3
85.0765 0.602209 0.602209 2 2 3
85.0565 0.602225 0.602225 2 2 3
85.0365 0.602241 0.602241 2 2 3
85.0165 0.602256 0.602256 2 2 3
84.9965 0.602272 0.602272 2 2 3
84.9765 0.602288 0.602288 2 2 3
84.9565 0.602304 0.602304 2 2 3
84.9365 0.602319 0.602319 2 2 3
84.9165 0.602335 0.602335 2 2 3
84.8965 0.602351 0.602351 2 2 3
84.8765 0.602367 0.602367 2 2 3
84.8565 0.602382 0.602382 2 2 3
84.8365 0.602398 0.602398 2 2 3
84.8165 0.602414 0.602414 2 2 3
84.7965 0.60243 0.60243 2 2 3
84.7765 0.602446 0.602446 2 2 3
84.7565 0.602461 0.602461 2 2 3
84.7365 0.602477 0.602477 2 2 3
84.7165 0.602493 0.602493 2 2 3
84.6965 0.602509 0.602509 2 2 3
84.6765 0.602525 0.602525 2 2 3
84.6565 0.60254 0.60254 2 2 3
84.6365 0.602556 0.602556 2 2 3
84.6165 0.602572 0.602572 2 2 3
84.5965 0.602588 0.602588 2 2 3
84.5765 0.602604 0.602604 2 2 3
84.5565 0.60262 0.60262 2 2 3
84.5365 0.602635 0.602635 2 2 3
84.5165 0.602651 0.602651 2 2 3
84.4965 0.602667 0.602667 2 2 3
84.4765 0.602683 0.602683 2 2 3
84.4565 0.602699 0.602699 2 2 3
84.4365 0.602715 0.602715 2 2 3
84.4165 0.602731 0.602731 2 2 3
84.3965 0.602746 0.602746 2 2 3
84.3765 0.602762 0.602762 2 2 3
84.3565 0.602778 0.602778 2 2 3
84.3365 0.602794 0.602794 2 2 3
84.3165 0.60281 0.60281 2 2 3
84.2965 0.602826 0.602826 2 2 3
84.2765 0.602842 0.602842 2 2 3
84.2565 0.602858 0.602858 2 2 3
84.2365 0.602874 0.602874 2 2 3
84.2165 0.602889 0.602889 2 2 3
84.1965 0.602905 0.602905 2 2 3
84.1765 0.602921 0.602921 2 2 3
84.1565 0.602937 0.602937 2 2 3
84.1365 0.602953 0.602953 2 2 3
84.1165 0.602969 0.602969 2 2 3
84.0965 0.602985 0.602985 2 2 3
84.0765 0.603001 0.603001 2 2 3
84.0565 0.603017 0.603017 2 2 3
84.0365 0.603033 0.603033 2 2 3
84.0165 0.603049 0.603049 2 2 3
83.9965 0.603065 0.603065 2 2 3
83.9765 0.603081 0.603081 2 2 3
83.9565 0.603097 0.603097 2 2 3
83.9365 0.603113 0.603113 2 2 3
83.9165 0.603129 0.603129 2 2 3
83.8965 0.603145 0.603145 2 2 3
83.8765 0.603161 0.603161 2 2 3
83.8565 0.603177 0.603177 2 2 3
83.8365 0.603193 0.603193 2 2 3
83.8165 0.603209 0.603209 2 2 3
83.7965 0.603225 0.603225 2 2 3
83.7765 0.603241 0.603241 2 2 3
83.7565 0.603257 0.603257 2 2 3
83.7365 0.603273 0.603273 2 2 3
83.7165 0.603289 0.603289 2 2 3
83.6965 0.603305 0.603305 2 2 3
83.6765 0.603321 0.603321 2 2 3
83.6565 0.603337 0.603337 2 2 3
83.6365 0.603353 0.603353 2 2 3
83.6165 0.603369 0.603369 2 2 3
83.5965 0.603385 0.603385 2 2 3
83.5765 0.603401 0.603401 2 2 3
83.5565 0.603417 0.603417 2 2 3
83.5365 0.603433 0.603433 2 2 3
83.5165 0.603449 0.603449 2 2 3
83.4965 0.603465 0.603465 2 2 3
83.4765 0.603481 0.603481 2 2 3
83.4565 0.603497 0.603497 2 2 3
83.4365 0.603513 0.603513 2 2 3
83.4165 0.603529 0.603529 2 2 3
83.3965 0.603545 0.603545 2 2 3
83.3765 0.603562 0.603562 2 2 3
83.3565 0.603578 0.603578 2 2 3
83.3365 0.603594 0.603594 2 2 3
83.3165 0.60361 0.60361 2 2 3
83.2965 0.603626 0.603626 2 2 3
83.2765 0.603642 0.603642 2 2 3
83.2565 0.603658 0.603658 2 2 3
83.2365 0.603674 0.603674 2 2 3
83.2165 0.60369 0.60369 2 2 3
83.1965 0.603707 0.603707 2 2 3
83.1765 0.603723 0.603723 2 2 3
83.1565 0.603739 0.603739 2 2 3
83.1365 0.603755 0.603755 2 2 3
83.1165 0.603771 0.603771 2 2 3
83.0965 0.603787 0.603787 2 2 3
83.0765 0.603803 0.603803 2 2 3
83.0565 0.60382 0.60382 2 2 3
83.0365 0.603836 0.603836 2 2 3
83.0165 0.603852 0.603852 2 2 3
82.9965 0.603868 0.603868 2 2 3
82.9765 0.603884 0.603884 2 2 3
82.9565 0.6039 0.6039 2 2 3
82.9365 0.603917 0.603917 2 2 3
82.9165 0.603933 0.603933 2 2 3
82.8965 0.603949 0.603949 2 2 3
82.8765 0.603965 0.603965 2 2 3
82.8565 0.603981 0.603981 2 2 3
82.8365 0.603998 0.603998 2 2 3
82.8165 0.604014 0.604014 2 2 3
82.7965 0.60403 0.60403 2 2 3
82.7765 0.604046 0.604046 2 2 3
82.7565 0.604062 0.604062 2 2 3
82.7365 0.604079 0.604079 2 2 3
82.7165 0.604095 0.604095 2 2 3
82.6965 0.604111 0.604111 2 2 3
82.6765 0.604127 0.604127 2 2 3
82.6565 0.604144 0.604144 2 2 3
82.6365 0.60416 0.60416 2 2 3
82.6165 0.604176 0.604176 2 2 3
82.5965 0.604192 0.604192 2 2 3
82.5765 0.604209 0.604209 2 2 3
82.5565 0.604225 0.604225 2 2 3
82.5365 0.604241 0.604241 2 2 3
82.5165 0.604257 0.604257 2 2 3
82.4965 0.604274 0.604274 2 2 3
82.4765 0.60429 0.60429 2 2 3
82.4565 0.604306 0.604306 2 2 3
82.4365 0.604323 0.604323 2 2 3
82.4165 0.604339 0.604339 2 2 3
82.3965 0.604355 0.604355 2 2 3
82.3765 0.604371 0.604371 2 2 3
82.3565 0.604388 0.604388 2 2 3
82.3365 0.604404 0.604404 2 2 3
82.3165 0.60442 0.60442 2 2 3
82.2965 0.604437 0.604437 2 2 3
82.2765 0.604453 0.604453 2 2 3
82.2565 0.604469 0.604469 2 2 3
82.2365 0.604486 0.604486 2 2 3
82.2165 0.604502 0.604502 2 2 3
82.1965 0.604518 0.604518 2 2 3
82.1765 0.604535 0.604535 2 2 3
82.1565 0.604551 0.604551 2 2 3
82.1365 0.604568 0.604568 2 2 3
82.1165 0.604584 0.604584 2 2 3
82.0965 0.6046 0.6046 2 2 3
82.0765 0.604617 0.604617 2 2 3
82.0565 0.604633 0.604633 2 2 3
82.0365 0.604649 0.604649 2 2 3
82.0165 0.604666 0.604666 2 2 3
81.9965 0.604682 0.604682 2 2 3
81.9765 0.604699 0.604699 2 2 3
81.9565 0.604715 0.604715 2 2 3
81.9365 0.604731 0.604731 2 2 3
81.9165 0.604748 0.604748 2 2 3
81.8965 0.604764 0.604764 2 2 3
81.8765 0.604781 0.604781 2 2 3
81.8565 0.604797 0.604797 2 2 3
81.8365 0.604813 0.604813 2 2 3
81.8165 0.60483 0.60483 2 2 3
81.7965 0.604846 0.604846 2 2 3
81.7765 0.604863 0.604863 2 2 3
81.7565 0.604879 0.604879 2 2 3
81.7365 0.604896 0.604896 2 2 3
81.7165 0.604912 0.604912 2 2 3
81.6965 0.604929 0.604929 2 2 3
81.6765 0.604945 0.604945 2 2 3
81.6565 0.604961 0.604961 2 2 3
81.6365 0.604978 0.604978 2 2 3
81.6165 0.604994 0.604994 2 2 3
81.5965 0.605011 0.605011 2 2 3
81.5765 0.605027 0.605027 2 2 3
81.5565 0.605044 0.605044 2 2 3
81.5365 0.60506 0.60506 2 2 3
81.5165 0.605077 0.605077 2 2 3
81.4965 0.605093 0.605093 2 2 3
81.4765 0.60511 0.60511 2 2 3
81.4565 0.605126 0.605126 2 2 3
81.4365 0.605143 0.605143 2 2 3
81.4165 0.605159 0.605159 2 2 3
81.3965 0.605176 0.605176 2 2 3
81.3765 0.605192 0.605192 2 2 3
81.3565 0.605209 0.605209 2 2 3
81.3365 0.605226 0.605226 2 2 3
81.3165 0.605242 0.605242 2 2 3
81.2965 0.605259 0.605259 2 2 3
81.2765 0.605275 0.605275 2 2 3
81.2565 0.605292 0.605292 2 2 3
81.2365 0.605308 0.605308 2 2 3
81.2165 0.605325 0.605325 2 2 3
81.1965 0.605341 0.605341 2 2 3
81.1765 0.605358 0.605358 2 2 3
81.1565 0.605375 0.605375 2 2 3
81.1365 0.605391 0.605391 2 2 3
81.1165 0.605408 0.605408 2 2 3
81.0965 0.605424 0.605424 2 2 3
81.0765 0.605441 0.605441 2 2 3
81.0565 0.605458 0.605458 2 2 3
81.0365 0.605474 0.605474 2 2 3
81.0165 0.605491 0.605491 2 2 3
80.9965 0.605507 0.605507 2 2 3
80.9765 0.605524 0.605524 2 2 3
80.9565 0.605541 0.605541 2 2 3
80.9365 0.605557 0.605557 2 2 3
80.9165 0.605574 0.605574 2 2 3
80.8965 0.605591 0.605591 2 2 3
80.8765 0.605607 0.605607 2 2 3
80.8565 0.605624 0.605624 2 2 3
80.8365 0.60564 0.60564 2 2 3
80.8165 0.605657 0.605657 2 2 3
80.7965 0.605674 0.605674 2 2 3
80.7765 0.60569 0.60569 2 2 3
80.7565 0.605707 0.605707 2 2 3
80.7365 0.605724 0.605724 2 2 3
80.7165 0.60574 0.60574 2 2 3
80.6965 0.605757 0.605757 2 2 3
80.6765 0.605774 0.605774 2 2 3
80.6565 0.605791 0.605791 2 2 3
80.6365 0.605807 0.605807 2 2 3
80.6165 0.605824 0.605824 2 2 3
80.5965 0.605841 0.605841 2 2 3
80.5765 0.605857 0.605857 2 2 3
80.5565 0.605874 0.605874 2 2 3
80.5365 0.605891 0.605891 2 2 3
80.5165 0.605908 0.605908 2 2 3
80.4965 0.605924 0.605924 2 2 3
80.4765 0.605941 0.605941 2 2 3
80.4565 0.605958 0.605958 2 2 3
80.4365 0.605974 0.605974 2 2 3
80.4165 0.605991 0.605991 2 2 3
80.3965 0.606008 0.606008 2 2 3
80.3765 0.606025 0.606025 2 2 3
80.3565 0.606042 0.606042 2 2 3
80.3365 0.606058 0.606058 2 2 3
80.3165 0.606075 0.606075 2 2 3
80.2965 0.606092 0.606092 2 2 3
80.2765 0.606109 0.606109 2 2 3
80.2565 0.606125 0.606125 2 2 3
80.2365 0.606142 0.606142 2 2 3
80.2165 0.606159 0.606159 2 2 3
80.1965 0.606176 0.606176 2 2 3
80.1765 0.606193 0.606193 2 2 3
80.1565 0.606209 0.606209 2 2 3
80.1365 0.606226 0.606226 2 2 3
80.1165 0.606243 0.606243 2 2 3
80.0965 0.60626 0.60626 2 2 3
80.0765 0.606277 0.606277 2 2 3
80.0565 0.606294 0.606294 2 2 3
80.0365 0.60631 0.60631 2 2 3
80.0165 0.606327 0.606327 2 2 3
79.9965 0.606344 0.606344 2 2 3
79.9765 0.606361 0.606361 2 2 3
79.9565 0.606378 0.606378 2 2 3
79.9365 0.606395 0.606395 2 2 3
79.9165 0.606411 0.606411 2 2 3
79.8965 0.606428 0.606428 2 2 3
79.8765 0.606445 0.606445 2 2 3
79.8565 0.606462 0.606462 2 2 3
79.8365 0.606479 0.606479 2 2 3
79.8165 0.606496 0.606496 2 2 3
79.7965 0.606513 0.606513 2 2 3
79.7765 0.60653 0.60653 2 2 3
79.7565 0.606547 0.606547 2 2 3
79.7365 0.606563 0.606563 2 2 3
79.7165 0.60658 0.60658 2 2 3
79.6965 0.606597 0.606597 2 2 3
79.6765 0.606614 0.606614 2 2 3
79.6565 0.606631 0.606631 2 2 3
79.6365 0.606648 0.606648 2 2 3
79.6165 0.606665 0.606665 2 2 3
79.5965 0.606682 0.606682 2 2 3
79.5765 0.606699 0.606699 2 2 3
79.5565 0.606716 0.606716 2 2 3
79.5365 0.606733 0.606733 2 2 3
79.5165 0.60675 0.60675 2 2 3
79.4965 0.606767 0.606767 2 2 3
79.4765 0.606784 0.606784 2 2 3
79.4565 0.606801 0.606801 2 2 3
79.4365 0.606818 0.606818 2 2 3
79.4165 0.606835 0.606835 2 2 3
79.3965 0.606852 0.606852 2 2 3
79.3765 0.606869 0.606869 2 2 3
79.3565 0.606886 0.606886 2 2 3
79.3365 0.606903 0.606903 2 2 3
79.3165 0.60692 0.60692 2 2 3
79.2965 0.606937 0.606937 2 2 3
79.2765 0.606954 0.606954 2 2 3
79.2565 0.606971 0.606971 2 2 3
79.2365 0.606988 0.606988 2 2 3
79.2165 0.607005 0.607005 2 2 3
79.1965 0.607022 0.607022 2 2 3
79.1765 0.607039 0.607039 2 2 3
79.1565 0.607056 0.607056 2 2 3
79.1365 0.607073 0.607073 2 2 3
79.1165 0.60709 0.60709 2 2 3
79.0965 0.607107 0.607107 2 2 3
79.0765 0.607124 0.607124 2 2 3
79.0565 0.607141 0.607141 2 2 3
79.0365 0.607158 0.607158 2 2 3
79.0165 0.607175 0.607175 2 2 3
78.9965 0.607192 0.607192 2 2 3
78.9765 0.607209 0.607209 2 2 3
78.9565 0.607227 0.607227 2 2 3
78.9365 0.607244 0.607244 2 2 3
78.9165 0.607261 0.607261 2 2 3
78.8965 0.607278 0.607278 2 2 3
78.8765 0.607295 0.607295 2 2 3
78.8565 0.607312 0.607312 2 2 3
78.8365 0.607329 0.607329 2 2 3
78.8165 0.607346 0.607346 2 2 3
78.7965 0.607363 0.607363 2 2 3
78.7765 0.607381 0.607381 2 2 3
78.7565 0.607398 0.607398 2 2 3
78.7365 0.607415 0.607415 2 2 3
78.7165 0.607432 0.607432 2 2 3
78.6965 0.607449 0.607449 2 2 3
78.6765 0.607466 0.607466 2 2 3
78.6565 0.607484 0.607484 2 2 3
78.6365 0.607501 0.607501 2 2 3
78.6165 0.607518 0.607518 2 2 3
78.5965 0.607535 0.607535 2 2 3
78.5765 0.607552 0.607552 2 2 3
78.5565 0.607569 0.607569 2 2 3
78.5365 0.607587 0.607587 2 2 3
78.5165 0.607604 0.607604 2 2 3
78.4965 0.607621 0.607621 2 2 3
78.4765 0.607638 0.607638 2 2 3
78.4565 0.607655 0.607655 2 2 3
78.4365 0.607673 0.607673 2 2 3
78.4165 0.60769 0.60769 2 2 3
78.3965 0.607707 0.607707 2 2 3
78.3765 0.607724 0.607724 2 2 3
78.3565 0.607742 0.607742 2 2 3
78.3365 0.607759 0.607759 2 2 3
78.3165 0.607776 0.607776 2 2 3
78.2965 0.607793 0.607793 2 2 3
78.2765 0.607811 0.607811 2 2 3
78.2565 0.607828 0.607828 2 2 3
78.2365 0.607845 0.607845 2 2 3
78.2165 0.607862 0.607862 2 2 3
78.1965 0.60788 0.60788 2 2 3
78.1765 0.607897 0.607897 2 2 3
78.1565 0.607914 0.607914 2 2 3
78.1365 0.607932 0.607932 2 2 3
78.1165 0.607949 0.607949 2 2 3
78.0965 0.607966 0.607966 2 2 3
78.0765 0.607983 0.607983 2 2 3
78.0565 0.608001 0.608001 2 2 3
78.0365 0.608018 0.608018 2 2 3
78.0165 0.608035 0.608035 2 2 3
77.9965 0.608053 0.608053 2 2 3
77.9765 0.60807 0.60807 2 2 3
77.9565 0.608087 0.608087 2 2 3
77.9365 0.608105 0.608105 2 2 3
77.9165 0.608122 0.608122 2 2 3
77.8965 0.608139 0.608139 2 2 3
77.8765 0.608157 0.608157 2 2 3
77.8565 0.608174 0.608174 2 2 3
77.8365 0.608192 0.608192 2 2 3
77.8165 0.608209 0.608209 2 2 3
77.7965 0.608226 0.608226 2 2 3
77.7765 0.608244 0.608244 2 2 3
77.7565 0.608261 0.608261 2 2 3
77.7365 0.608278 0.608278 2 2 3
77.7165 0.608296 0.608296 2 2 3
77.6965 0.608313 0.608313 2 2 3
77.6765 0.608331 0.608331 2 2 3
77.6565 0.608348 0.608348 2 2 3
77.6365 0.608365 0.608365 2 2 3
77.6165 0.608383 0.608383 2 2 3
77.5965 0.6084 0.6084 2 2 3
77.5765 0.608418 0.608418 2 2 3
77.5565 0.608435 0.608435 2 2 3
77.5365 0.608453 0.608453 2 2 3
77.5165 0.60847 0.60847 2 2 3
77.4965 0.608488 0.608488 2 2 3
77.4765 0.608505 0.608505 2 2 3
77.4565 0.608522 0.608522 2 2 3
77.4365 0.60854 0.60854 2 2 3
77.4165 0.608557 0.608557 2 2 3
77.3965 0.608575 0.608575 2 2 3
77.3765 0.608592 0.608592 2 2 3
77.3565 0.60861 0.60861 2 2 3
77.3365 0.608627 0.608627 2 2 3
77.3165 0.608645 0.608645 2 2 3
77.2965 0.608662 0.608662 2 2 3
77.2765 0.60868 0.60868 2 2 3
77.2565 0.608697 0.608697 2 2 3
77.2365 0.608715 0.608715 2 2 3
77.2165 0.608732 0.608732 2 2 3
77.1965 0.60875 0.60875 2 2 3
77.1765 0.608767 0.608767 2 2 3
77.1565 0.608785 0.608785 2 2 3
77.1365 0.608803 0.608803 2 2 3
77.1165 0.60882 0.60882 2 2 3
77.0965 0.608838 0.608838 2 2 3
77.0765 0.608855 0.608855 2 2 3
77.0565 0.608873 0.608873 2 2 3
77.0365 0.60889 0.60889 2 2 3
77.0165 0.608908 0.608908 2 2 3
76.9965 0.608925 0.608925 2 2 3
76.9765 0.608943 0.608943 2 2 3
76.9565 0.608961 0.608961 2 2 3
76.9365 0.608978 0.608978 2 2 3
76.9165 0.608996 0.608996 2 2 3
76.8965 0.609013 0.609013 2 2 3
76.8765 0.609031 0.609031 2 2 3
76.8565 0.609049 0.609049 2 2 3
76.8365 0.609066 0.609066 2 2 3
76.8165 0.609084 0.609084 2 2 3
76.7965 0.609102 0.609102 2 2 3
76.7765 0.609119 0.609119 2 2 3
76.7565 0.609137 0.609137 2 2 3
76.7365 0.609154 0.609154 2 2 3
76.7165 0.609172 0.609172 2 2 3
76.6965 0.60919 0.60919 2 2 3
76.6765 0.609207 0.609207 2 2 3
76.6565 0.609225 0.609225 2 2 3
76.6365 0.609243 0.609243 2 2 3
76.6165 0.60926 0.60926 2 2 3
76.5965 0.609278 0.609278 2 2 3
76.5765 0.609296 0.609296 2 2 3
76.5565 0.609313 0.609313 2 2 3
76.5365 0.609331 0.609331 2 2 3
76.5165 0.609349 0.609349 2 2 3
76.4965 0.609367 0.609367 2 2 3
76.4765 0.609384 0.609384 2 2 3
76.4565 0.609402 0.609402 2 2 3
76.4365 0.60942 0.60942 2 2 3
76.4165 0.609437 0.609437 2 2 3
76.3965 0.609455 0.609455 2 2 3
76.3765 0.609473 0.609473 2 2 3
76.3565 0.609491 0.609491 2 2 3
76.3365 0.609508 0.609508 2 2 3
76.3165 0.609526 0.609526 2 2 3
76.2965 0.609544 0.609544 2 2 3
76.2765 0.609562 0.609562 2 2 3
76.2565 0.609579 0.609579 2 2 3
76.2365 0.609597 0.609597 2 2 3
76.2165 0.609615 0.609615 2 2 3
76.1965 0.609633 0.609633 2 2 3
76.1765 0.609651 0.609651 2 2 3
76.1565 0.609668 0.609668 2 2 3
76.1365 0.609686 0.609686 2 2 3
76.1165 0.609704 0.609704 2 2 3
76.0965 0.609722 0.609722 2 2 3
76.0765 0.60974 0.60974 2 2 3
76.0565 0.609757 0.609757 2 2 3
76.0365 0.609775 0.609775 2 2 3
76.0165 0.609793 0.609793 2 2 3
75.9965 0.609811 0.609811 2 2 3
75.9765 0.609829 0.609829 2 2 3
75.9565 0.609847 0.609847 2 2 3
75.9365 0.609864 0.609864 2 2 3
75.9165 0.609882 0.609882 2 2 3
75.8965 0.6099 0.6099 2 2 3
75.8765 0.609918 0.609918 2 2 3
75.8565 0.609936 0.609936 2 2 3
75.8365 0.609954 0.609954 2 2 3
75.8165 0.609972 0.609972 2 2 3
75.7965 0.609989 0.609989 2 2 3
75.7765 0.610007 0.610007 2 2 3
75.7565 0.610025 0.610025 2 2 3
75.7365 0.610043 0.610043 2 2 3
75.7165 0.610061 0.610061 2 2 3
75.6965 0.610079 0.610079 2 2 3
75.6765 0.610097 0.610097 2 2 3
75.6565 0.610115 0.610115 2 2 3
75.6365 0.610133 0.610133 2 2 3
75.6165 0.610151 0.610151 2 2 3
75.5965 0.610169 0.610169 2 2 3
75.5765 0.610187 0.610187 2 2 3
75.5565 0.610205 0.610205 2 2 3
75.5365 0.610223 0.610223 2 2 3
75.5165 0.61024 0.61024 2 2 3
75.4965 0.610258 0.610258 2 2 3
75.4765 0.610276 0.610276 2 2 3
75.4565 0.610294 0.610294 2 2 3
75.4365 0.610312 0.610312 2 2 3
75.4165 0.61033 0.61033 2 2 3
75.3965 0.610348 0.610348 2 2 3
75.3765 0.610366 0.610366 2 2 3
75.3565 0.610384 0.610384 2 2 3
75.3365 0.610402 0.610402 2 2 3
75.3165 0.61042 0.61042 2 2 3
75.2965 0.610438 0.610438 2 2 3
75.2765 0.610456 0.610456 2 2 3
75.2565 0.610474 0.610474 2 2 3
75.2365 0.610492 0.610492 2 2 3
75.2165 0.610511 0.610511 2 2 3
75.1965 0.610529 0.610529 2 2 3
75.1765 0.610547 0.610547 2 2 3
75.1565 0.610565 0.610565 2 2 3
75.1365 0.610583 0.610583 2 2 3
75.1165 0.610601 0.610601 2 2 3
75.0965 0.610619 0.610619 2 2 3
75.0765 0.610637 0.610637 2 2 3
75.0565 0.610655 0.610655 2 2 3
75.0365 0.610673 0.610673 2 2 3
75.0165 0.610691 0.610691 2 2 3
74.9965 0.610709 0.610709 2 2 3
74.9765 0.610727 0.610727 2 2 3
74.9565 0.610746 0.610746 2 2 3
74.9365 0.610764 0.610764 2 2 3
74.9165 0.610782 0.610782 2 2 3
74.8965 0.6108 0.6108 2 2 3
74.8765 0.610818 0.610818 2 2 3
74.8565 0.610836 0.610836 2 2 3
74.8365 0.610854 0.610854 2 2 3
74.8165 0.610872 0.610872 2 2 3
74.7965 0.610891 0.610891 2 2 3
74.7765 0.610909 0.610909 2 2 3
74.7565 0.610927 0.610927 2 2 3
74.7365 0.610945 0.610945 2 2 3
74.7165 0.610963 0.610963 2 2 3
74.6965 0.610981 0.610981 2 2 3
74.6765 0.611 0.611 2 2 3
74.6565 0.611018 0.611018 2 2 3
74.6365 0.611036 0.611036 2 2 3
74.6165 0.611054 0.611054 2 2 3
74.5965 0.611072 0.611072 2 2 3
74.5765 0.611091 0.611091 2 2 3
74.5565 0.611109 0.611109 2 2 3
74.5365 0.611127 0.611127 2 2 3
74.5165 0.611145 0.611145 2 2 3
74.4965 0.611164 0.611164 2 2 3
74.4765 0.611182 0.611182 2 2 3
74.4565 0.6112 0.6112 2 2 3
74.4365 0.611218 0.611218 2 2 3
74.4165 0.611237 0.611237 2 2 3
74.3965 0.611255 0.611255 2 2 3
74.3765 0.611273 0.611273 2 2 3
74.3565 0.611291 0.611291 2 2 3
74.3365 0.61131 0.61131 2 2 3
74.3165 0.611328 0.611328 2 2 3
74.2965 0.611346 0.611346 2 2 3
74.2765 0.611364 0.611364 2 2 3
74.2565 0.611383 0.611383 2 2 3
74.2365 0.611401 0.611401 2 2 3
74.2165 0.611419 0.611419 2 2 3
74.1965 0.611438 0.611438 2 2 3
74.1765 0.611456 0.611456 2 2 3
74.1565 0.611474 0.611474 2 2 3
74.1365 0.611493 0.611493 2 2 3
74.1165 0.611511 0.611511 2 2 3
74.0965 0.611529 0.611529 2 2 3
74.0765 0.611548 0.611548 2 2 3
74.0565 0.611566 0.611566 2 2 3
74.0365 0.611584 0.611584 2 2 3
74.0165 0.611603 0.611603 2 2 3
73.9965 0.611621 0.611621 2 2 3
73.9765 0.61164 0.61164 2 2 3
73.9565 0.611658 0.611658 2 2 3
73.9365 0.611676 0.611676 2 2 3
73.9165 0.611695 0.611695 2 2 3
73.8965 0.611713 0.611713 2 2 3
73.8765 0.611732 0.611732 2 2 3
73.8565 0.61175 0.61175 2 2 3
73.8365 0.611768 0.611768 2 2 3
73.8165 0.611787 0.611787 2 2 3
73.7965 0.611805 0.611805 2 2 3
73.7765 0.611824 0.611824 2 2 3
73.7565 0.611842 0.611842 2 2 3
73.7365 0.61186 0.61186 2 2 3
73.7165 0.611879 0.611879 2 2 3
73.6965 0.611897 0.611897 2 2 3
73.6765 0.611916 0.611916 2 2 3
73.6565 0.611934 0.611934 2 2 3
73.6365 0.611953 0.611953 2 2 3
73.6165 0.611971 0.611971 2 2 3
73.5965 0.61199 0.61199 2 2 3
73.5765 0.612008 0.612008 2 2 3
73.5565 0.612027 0.612027 2 2 3
73.5365 0.612045 0.612045 2 2 3
73.5165 0.612064 0.612064 2 2 3
73.4965 0.612082 0.612082 2 2 3
73.4765 0.612101 0.612101 2 2 3
73.4565 0.612119 0.612119 2 2 3
73.4365 0.612138 0.612138 2 2 3
73.4165 0.612156 0.612156 2 2 3
73.3965 0.612175 0.612175 2 2 3
73.3765 0.612193 0.612193 2 2 3
73.3565 0.612212 0.612212 2 2 3
73.3365 0.612231 0.612231 2 2 3
73.3165 0.612249 0.612249 2 2 3
73.2965 0.612268 0.612268 2 2 3
73.2765 0.612286 0.612286 2 2 3
73.2565 0.612305 0.612305 2 2 3
73.2365 0.612323 0.612323 2 2 3
73.2165 0.612342 0.612342 2 2 3
73.1965 0.612361 0.612361 2 2 3
73.1765 0.612379 0.612379 2 2 3
73.1565 0.612398 0.612398 2 2 3
73.1365 0.612416 0.612416 2 2 3
73.1165 0.612435 0.612435 2 2 3
73.0965 0.612454 0.612454 2 2 3
73.0765 0.612472 0.612472 2 2 3
73.0565 0.612491 0.612491 2 2 3
73.0365 0.61251 0.61251 2 2 3
73.0165 0.612528 0.612528 2 2 3
72.9965 0.612547 0.612547 2 2 3
72.9765 0.612565 0.612565 2 2 3
72.9565 0.612584 0.612584 2 2 3
72.9365 0.612603 0.612603 2 2 3
72.9165 0.612621 0.612621 2 2 3
72.8965 0.61264 0.61264 2 2 3
72.8765 0.612659 0.612659 2 2 3
72.8565 0.612678 0.612678 2 2 3
72.8365 0.612696 0.612696 2 2 3
72.8165 0.612715 0.612715 2 2 3
72.7965 0.612734 0.612734 2 2 3
72.7765 0.612752 0.612752 2 2 3
72.7565 0.612771 0.612771 2 2 3
72.7365 0.61279 0.61279 2 2 3
72.7165 0.612809 0.612809 2 2 3
72.6965 0.612827 0.612827 2 2 3
72.6765 0.612846 0.612846 2 2 3
72.6565 0.612865 0.612865 2 2 3
72.6365 0.612884 0.612884 2 2 3
72.6165 0.612902 0.612902 2 2 3
72.5965 0.612921 0.612921 2 2 3
72.5765 0.61294 0.61294 2 2 3
72.5565 0.612959 0.612959 2 2 3
72.5365 0.612977 0.612977 2 2 3
72.5165 0.612996 0.612996 2 2 3
72.4965 0.613015 0.613015 2 2 3
72.4765 0.613034 0.613034 2 2 3
72.4565 0.613053 0.613053 2 2 3
72.4365 0.613071 0.613071 2 2 3
72.4165 0.61309 0.61309 2 2 3
72.3965 0.613109 0.613109 2 2 3
72.3765 0.613128 0.613128 2 2 3
72.3565 0.613147 0.613147 2 2 3
72.3365 0.613166 0.613166 2 2 3
72.3165 0.613184 0.613184 2 2 3
72.2965 0.613203 0.613203 2 2 3
72.2765 0.613222 0.613222 2 2 3
72.2565 0.613241 0.613241 2 2 3
72.2365 0.61326 0.61326 2 2 3
72.2165 0.613279 0.613279 2 2 3
72.1965 0.613298 0.613298 2 2 3
72.1765 0.613316 0.613316 2 2 3
72.1565 0.613335 0.613335 2 2 3
72.1365 0.613354 0.613354 2 2 3
72.1165 0.613373 0.613373 2 2 3
72.0965 0.613392 0.613392 2 2 3
72.0765 0.613411 0.613411 2 2 3
72.0565 0.61343 0.61343 2 2 3
72.0365 0.613449 0.613449 2 2 3
72.0165 0.613468 0.613468 2 2 3
71.9965 0.613487 0.613487 2 2 3
71.9765 0.613506 0.613506 2 2 3
71.9565 0.613525 0.613525 2 2 3
71.9365 0.613544 0.613544 2 2 3
71.9165 0.613563 0.613563 2 2 3
71.8965 0.613581 0.613581 2 2 3
71.8765 0.6136 0.6136 2 2 3
71.8565 0.613619 0.613619 2 2 3
71.8365 0.613638 0.613638 2 2 3
71.8165 0.613657 0.613657 2 2 3
71.7965 0.613676 0.613676 2 2 3
71.7765 0.613695 0.613695 2 2 3
71.7565 0.613714 0.613714 2 2 3
71.7365 0.613733 0.613733 2 2 3
71.7165 0.613752 0.613752 2 2 3
71.6965 0.613771 0.613771 2 2 3
71.6765 0.613791 0.613791 2 2 3
71.6565 0.61381 0.61381 2 2 3
71.6365 0.613829 0.613829 2 2 3
71.6165 0.613848 0.613848 2 2 3
71.5965 0.613867 0.613867 2 2 3
71.5765 0.613886 0.613886 2 2 3
71.5565 0.613905 0.613905 2 2 3
71.5365 0.613924 0.613924 2 2 3
71.5165 0.613943 0.613943 2 2 3
71.4965 0.613962 0.613962 2 2 3
71.4765 0.613981 0.613981 2 2 3
71.4565 0.614 0.614 2 2 3
71.4365 0.614019 0.614019 2 2 3
71.4165 0.614039 0.614039 2 2 3
71.3965 0.614058 0.614058 2 2 3
71.3765 0.614077 0.614077 2 2 3
71.3565 0.614096 0.614096 2 2 3
71.3365 0.614115 0.614115 2 2 3
71.3165 0.614134 0.614134 2 2 3
71.2965 0.614153 0.614153 2 2 3
71.2765 0.614172 0.614172 2 2 3
71.2565 0.614192 0.614192 2 2 3
71.2365 0.614211 0.614211 2 2 3
71.2165 0.61423 0.61423 2 2 3
71.1965 0.614249 0.614249 2 2 3
71.1765 0.614268 0.614268 2 2 3
71.1565 0.614287 0.614287 2 2 3
71.1365 0.614307 0.614307 2 2 3
71.1165 0.614326 0.614326 2 2 3
71.0965 0.614345 0.614345 2 2 3
71.0765 0.614364 0.614364 2 2 3
71.0565 0.614384 0.614384 2 2 3
71.0365 0.614403 0.614403 2 2 3
71.0165 0.614422 0.614422 2 2 3
70.9965 0.614441 0.614441 2 2 3
70.9765 0.61446 0.61446 2 2 3
70.9565 0.61448 0.61448 2 2 3
70.9365 0.614499 0.614499 2 2 3
70.9165 0.614518 0.614518 2 2 3
70.8965 0.614537 0.614537 2 2 3
70.8765 0.614557 0.614557 2 2 3
70.8565 0.614576 0.614576 2 2 3
70.8365 0.614595 0.614595 2 2 3
70.8165 0.614615 0.614615 2 2 3
70.7965 0.614634 0.614634 2 2 3
70.7765 0.614653 0.614653 2 2 3
70.7565 0.614672 0.614672 2 2 3
70.7365 0.614692 0.614692 2 2 3
70.7165 0.614711 0.614711 2 2 3
70.6965 0.61473 0.61473 2 2 3
70.6765 0.61475 0.61475 2 2 3
70.6565 0.614769 0.614769 2 2 3
70.6365 0.614788 0.614788 2 2 3
70.6165 0.614808 0.614808 2 2 3
70.5965 0.614827 0.614827 2 2 3
70.5765 0.614847 0.614847 2 2 3
70.5565 0.614866 0.614866 2 2 3
70.5365 0.614885 0.614885 2 2 3
70.5165 0.614905 0.614905 2 2 3
70.4965 0.614924 0.614924 2 2 3
70.4765 0.614943 0.614943 2 2 3
70.4565 0.614963 0.614963 2 2 3
70.4365 0.614982 0.614982 2 2 3
70.4165 0.615002 0.615002 2 2 3
70.3965 0.615021 0.615021 2 2 3
70.3765 0.615041 0.615041 2 2 3
70.3565 0.61506 0.61506 2 2 3
70.3365 0.615079 0.615079 2 2 3
70.3165 0.615099 0.615099 2 2 3
70.2965 0.615118 0.615118 2 2 3
70.2765 0.615138 0.615138 2 2 3
70.2565 0.615157 0.615157 2 2 3
70.2365 0.615177 0.615177 2 2 3
70.2165 0.615196 0.615196 2 2 3
70.1965 0.615216 0.615216 2 2 3
70.1765 0.615235 0.615235 2 2 3
70.1565 0.615255 0.615255 2 2 3
70.1365 0.615274 0.615274 2 2 3
70.1165 0.615294 0.615294 2 2 3
70.0965 0.615313 0.615313 2 2 3
70.0765 0.615333 0.615333 2 2 3
70.0565 0.615352 0.615352 2 2 3
70.0365 0.615372 0.615372 2 2 3
70.0165 0.615391 0.615391 2 2 3
69.9965 0.615411 0.615411 2 2 3
69.9765 0.61543 0.61543 2 2 3
69.9565 0.61545 0.61545 2 2 3
69.9365 0.615469 0.615469 2 2 3
69.9165 0.615489 0.615489 2 2 3
69.8965 0.615509 0.615509 2 2 3
69.8765 0.615528 0.615528 2 2 3
69.8565 0.615548 0.615548 2 2 3
69.8365 0.615567 0.615567 2 2 3
69.8165 0.615587 0.615587 2 2 3
69.7965 0.615607 0.615607 2 2 3
69.7765 0.615626 0.615626 2 2 3
69.7565 0.615646 0.615646 2 2 3
69.7365 0.615665 0.615665 2 2 3
69.7165 0.615685 0.615685 2 2 3
69.6965 0.615705 0.615705 2 2 3
69.6765 0.615724 0.615724 2 2 3
69.6565 0.615744 0.615744 2 2 3
69.6365 0.615764 0.615764 2 2 3
69.6165 0.615783 0.615783 2 2 3
69.5965 0.615803 0.615803 2 2 3
69.5765 0.615823 0.615823 2 2 3
69.5565 0.615842 0.615842 2 2 3
69.5365 0.615862 0.615862 2 2 3
69.5165 0.615882 0.615882 2 2 3
69.4965 0.615901 0.615901 2 2 3
69.4765 0.615921 0.615921 2 2 3
69.4565 0.615941 0.615941 2 2 3
69.4365 0.61596 0.61596 2 2 3
69.4165 0.61598 0.61598 2 2 3
69.3965 0.616 0.616 2 2 3
69.3765 0.61602 0.61602 2 2 3
69.3565 0.616039 0.616039 2 2 3
69.3365 0.616059 0.616059 2 2 3
69.3165 0.616079 0.616079 2 2 3
69.2965 0.616099 0.616099 2 2 3
69.2765 0.616118 0.616118 2 2 3
69.2565 0.616138 0.616138 2 2 3
69.2365 0.616158 0.616158 2 2 3
69.2165 0.616178 0.616178 2 2 3
69.1965 0.616198 0.616198 2 2 3
69.1765 0.616217 0.616217 2 2 3
69.1565 0.616237 0.616237 2 2 3
69.1365 0.616257 0.616257 2 2 3
69.1165 0.616277 0.616277 2 2 3
69.0965 0.616297 0.616297 2 2 3
69.0765 0.616316 0.616316 2 2 3
69.0565 0.616336 0.616336 2 2 3
69.0365 0.616356 0.616356 2 2 3
69.0165 0.616376 0.616376 2 2 3
68.9965 0.616396 0.616396 2 2 3
68.9765 0.616416 0.616416 2 2 3
68.9565 0.616436 0.616436 2 2 3
68.9365 0.616455 0.616455 2 2 3
68.9165 0.616475 0.616475 2 2 3
68.8965 0.616495 0.616495 2 2 3
68.8765 0.616515 0.616515 2 2 3
68.8565 0.616535 0.616535 2 2 3
68.8365 0.616555 0.616555 2 2 3
68.8165 0.616575 0.616575 2 2 3
68.7965 0.616595 0.616595 2 2 3
68.7765 0.616615 0.616615 2 2 3
68.7565 0.616635 0.616635 2 2 3
68.7365 0.616655 0.616655 2 2 3
68.7165 0.616674 0.616674 2 2 3
68.6965 0.616694 0.616694 2 2 3
68.6765 0.616714 0.616714 2 2 3
68.6565 0.616734 0.616734 2 2 3
68.6365 0.616754 0.616754 2 2 3
68.6165 0.616774 0.616774 2 2 3
68.5965 0.616794 0.616794 2 2 3
68.5765 0.616814 0.616814 2 2 3
68.5565 0.616834 0.616834 2 2 3
68.5365 0.616854 0.616854 2 2 3
68.5165 0.616874 0.616874 2 2 3
68.4965 0.616894 0.616894 2 2 3
68.4765 0.616914 0.616914 2 2 3
68.4565 0.616934 0.616934 2 2 3
68.4365 0.616954 0.616954 2 2 3
68.4165 0.616974 0.616974 2 2 3
68.3965 0.616995 0.616995 2 2 3
68.3765 0.617015 0.617015 2 2 3
68.3565 0.617035 0.617035 2 2 3
68.3365 0.617055 0.617055 2 2 3
68.3165 0.617075 0.617075 2 2 3
68.2965 0.617095 0.617095 2 2 3
68.2765 0.617115 0.617115 2 2 3
68.2565 0.617135 0.617135 2 2 3
68.2365 0.617155 0.617155 2 2 3
68.2165 0.617175 0.617175 2 2 3
68.1965 0.617195 0.617195 2 2 3
68.1765 0.617215 0.617215 2 2 3
68.1565 0.617236 0.617236 2 2 3
68.1365 0.617256 0.617256 2 2 3
68.1165 0.617276 0.617276 2 2 3
68.0965 0.617296 0.617296 2 2 3
68.0765 0.617316 0.617316 2 2 3
68.0565 0.617336 0.617336 2 2 3
68.0365 0.617357 0.617357 2 2 3
68.0165 0.617377 0.617377 2 2 3
67.9965 0.617397 0.617397 2 2 3
67.9765 0.617417 0.617417 2 2 3
67.9565 0.617437 0.617437 2 2 3
67.9365 0.617457 0.617457 2 2 3
67.9165 0.617478 0.617478 2 2 3
67.8965 0.617498 0.617498 2 2 3
67.8765 0.617518 0.617518 2 2 3
67.8565 0.617538 0.617538 2 2 3
67.8365 0.617559 0.617559 2 2 3
67.8165 0.617579 0.617579 2 2 3
67.7965 0.617599 0.617599 2 2 3
67.7765 0.617619 0.617619 2 2 3
67.7565 0.61764 0.61764 2 2 3
67.7365 0.61766 0.61766 2 2 3
67.7165 0.61768 0.61768 2 2 3
67.6965 0.6177 0.6177 2 2 3
67.6765 0.617721 0.617721 2 2 3
67.6565 0.617741 0.617741 2 2 3
67.6365 0.617761 0.617761 2 2 3
67.6165 0.617782 0.617782 2 2 3
67.5965 0.617802 0.617802 2 2 3
67.5765 0.617822 0.617822 2 2 3
67.5565 0.617843 0.617843 2 2 3
67.5365 0.617863 0.617863 2 2 3
67.5165 0.617883 0.617883 2 2 3
67.4965 0.617904 0.617904 2 2 3
67.4765 0.617924 0.617924 2 2 3
67.4565 0.617944 0.617944 2 2 3
67.4365 0.617965 0.617965 2 2 3
67.4165 0.617985 0.617985 2 2 3
67.3965 0.618005 0.618005 2 2 3
67.3765 0.618026 0.618026 2 2 3
67.3565 0.618046 0.618046 2 2 3
67.3365 0.618067 0.618067 2 2 3
67.3165 0.618087 0.618087 2 2 3
67.2965 0.618107 0.618107 2 2 3
67.2765 0.618128 0.618128 2 2 3
67.2565 0.618148 0.618148 2 2 3
67.2365 0.618169 0.618169 2 2 3
67.2165 0.618189 0.618189 2 2 3
67.1965 0.61821 0.61821 2 2 3
67.1765 0.61823 0.61823 2 2 3
67.1565 0.618251 0.618251 2 2 3
67.1365 0.618271 0.618271 2 2 3
67.1165 0.618291 0.618291 2 2 3
67.0965 0.618312 0.618312 2 2 3
67.0765 0.618332 0.618332 2 2 3
67.0565 0.618353 0.618353 2 2 3
67.0365 0.618373 0.618373 2 2 3
67.0165 0.618394 0.618394 2 2 3
66.9965 0.618414 0.618414 2 2 3
66.9765 0.618435 0.618435 2 2 3
66.9565 0.618456 0.618456 2 2 3
66.9365 0.618476 0.618476 2 2 3
66.9165 0.618497 0.618497 2 2 3
66.8965 0.618517 0.618517 2 2 3
66.8765 0.618538 0.618538 2 2 3
66.8565 0.618558 0.618558 2 2 3
66.8365 0.618579 0.618579 2 2 3
66.8165 0.618599 0.618599 2 2 3
66.7965 0.61862 0.61862 2 2 3
66.7765 0.618641 0.618641 2 2 3
66.7565 0.618661 0.618661 2 2 3
66.7365 0.618682 0.618682 2 2 3
66.7165 0.618702 0.618702 2 2 3
66.6965 0.618723 0.618723 2 2 3
66.6765 0.618744 0.618744 2 2 3
66.6565 0.618764 0.618764 2 2 3
66.6365 0.618785 0.618785 2 2 3
66.6165 0.618806 0.618806 2 2 3
66.5965 0.618826 0.618826 2 2 3
66.5765 0.618847 0.618847 2 2 3
66.5565 0.618868 0.618868 2 2 3
66.5365 0.618888 0.618888 2 2 3
66.5165 0.618909 0.618909 2 2 3
66.4965 0.61893 0.61893 2 2 3
66.4765 0.61895 0.61895 2 2 3
66.4565 0.618971 0.618971 2 2 3
66.4365 0.618992 0.618992 2 2 3
66.4165 0.619012 0.619012 2 2 3
66.3965 0.619033 0.619033 2 2 3
66.3765 0.619054 0.619054 2 2 3
66.3565 0.619075 0.619075 2 2 3
66.3365 0.619095 0.619095 2 2 3
66.3165 0.619116 0.619116 2 2 3
66.2965 0.619137 0.619137 2 2 3
66.2765 0.619158 0.619158 2 2 3
66.2565 0.619178 0.619178 2 2 3
66.2365 0.619199 0.619199 2 2 3
66.2165 0.61922 0.61922 2 2 3
66.1965 0.619241 0.619241 2 2 3
66.1765 0.619262 0.619262 2 2 3
66.1565 0.619282 0.619282 2 2 3
66.1365 0.619303 0.619303 2 2 3
66.1165 0.619324 0.619324 2 2 3
66.0965 0.619345 0.619345 2 2 3
66.0765 0.619366 0.619366 2 2 3
66.0565 0.619386 0.619386 2 2 3
66.0365 0.619407 0.619407 2 2 3
66.0165 0.619428 0.619428 2 2 3
65.9965 0.619449 0.619449 2 2 3
65.9765 0.61947 0.61947 2 2 3
65.9565 0.619491 0.619491 2 2 3
65.9365 0.619512 0.619512 2 2 3
65.9165 0.619533 0.619533 2 2 3
65.8965 0.619553 0.619553 2 2 3
65.8765 0.619574 0.619574 2 2 3
65.8565 0.619595 0.619595 2 2 3
65.8365 0.619616 0.619616 2 2 3
65.8165 0.619637 0.619637 2 2 3
65.7965 0.619658 0.619658 2 2 3
65.7765 0.619679 0.619679 2 2 3
65.7565 0.6197 0.6197 2 2 3
65.7365 0.619721 0.619721 2 2 3
65.7165 0.619742 0.619742 2 2 3
65.6965 0.619763 0.619763 2 2 3
65.6765 0.619784 0.619784 2 2 3
65.6565 0.619805 0.619805 2 2 3
65.6365 0.619826 0.619826 2 2 3
65.6165 0.619847 0.619847 2 2 3
65.5965 0.619868 0.619868 2 2 3
65.5765 0.619889 0.619889 2 2 3
65.5565 0.61991 0.61991 2 2 3
65.5365 0.619931 0.619931 2 2 3
65.5165 0.619952 0.619952 2 2 3
65.4965 0.619973 0.619973 2 2 3
65.4765 0.619994 0.619994 2 2 3
65.4565 0.620015 0.620015 2 2 3
65.4365 0.620036 0.620036 2 2 3
65.4165 0.620057 0.620057 2 2 3
65.3965 0.620078 0.620078 2 2 3
65.3765 0.620099 0.620099 2 2 3
65.3565 0.62012 0.62012 2 2 3
65.3365 0.620141 0.620141 2 2 3
65.3165 0.620163 0.620163 2 2 3
65.2965 0.620184 0.620184 2 2 3
65.2765 0.620205 0.620205 2 2 3
65.2565 0.620226 0.620226 2 2 3
65.2365 0.620247 0.620247 2 2 3
65.2165 0.620268 0.620268 2 2 3
65.1965 0.620289 0.620289 2 2 3
65.1765 0.620311 0.620311 2 2 3
65.1565 0.620332 0.620332 2 2 3
65.1365 0.620353 0.620353 2 2 3
65.1165 0.620374 0.620374 2 2 3
65.0965 0.620395 0.620395 2 2 3
65.0765 0.620416 0.620416 2 2 3
65.0565 0.620438 0.620438 2 2 3
65.0365 0.620459 0.620459 2 2 3
65.0165 0.62048 0.62048 2 2 3
64.9965 0.620501 0.620501 2 2 3
64.9765 0.620522 0.620522 2 2 3
64.9565 0.620544 0.620544 2 2 3
64.9365 0.620565 0.620565 2 2 3
64.9165 0.620586 0.620586 2 2 3
64.8965 0.620607 0.620607 2 2 3
64.8765 0.620629 0.620629 2 2 3
64.8565 0.62065 0.62065 2 2 3
64.8365 0.620671 0.620671 2 2 3
64.8165 0.620693 0.620693 2 2 3
64.7965 0.620714 0.620714 2 2 3
64.7765 0.620735 0.620735 2 2 3
64.7565 0.620756 0.620756 2 2 3
64.7365 0.620778 0.620778 2 2 3
64.7165 0.620799 0.620799 2 2 3
64.6965 0.62082 0.62082 2 2 3
64.6765 0.620842 0.620842 2 2 3
64.6565 0.620863 0.620863 2 2 3
64.6365 0.620884 0.620884 2 2 3
64.6165 0.620906 0.620906 2 2 3
64.5965 0.620927 0.620927 2 2 3
64.5765 0.620949 0.620949 2 2 3
64.5565 0.62097 0.62097 2 2 3
64.5365 0.620991 0.620991 2 2 3
64.5165 0.621013 0.621013 2 2 3
64.4965 0.621034 0.621034 2 2 3
64.4765 0.621055 0.621055 2 2 3
64.4565 0.621077 0.621077 2 2 3
64.4365 0.621098 0.621098 2 2 3
64.4165 0.62112 0.62112 2 2 3
64.3965 0.621141 0.621141 2 2 3
64.3765 0.621163 0.621163 2 2 3
64.3565 0.621184 0.621184 2 2 3
64.3365 0.621206 0.621206 2 2 3
64.3165 0.621227 0.621227 2 2 3
64.2965 0.621249 0.621249 2 2 3
64.2765 0.62127 0.62127 2 2 3
64.2565 0.621291 0.621291 2 2 3
64.2365 0.621313 0.621313 2 2 3
64.2165 0.621334 0.621334 2 2 3
64.1965 0.621356 0.621356 2 2 3
64.1765 0.621378 0.621378 2 2 3
64.1565 0.621399 0.621399 2 2 3
64.1365 0.621421 0.621421 2 2 3
64.1165 0.621442 0.621442 2 2 3
64.0965 0.621464 0.621464 2 2 3
64.0765 0.621485 0.621485 2 2 3
64.0565 0.621507 0.621507 2 2 3
64.0365 0.621528 0.621528 2 2 3
64.0165 0.62155 0.62155 2 2 3
63.9965 0.621572 0.621572 2 2 3
63.9765 0.621593 0.621593 2 2 3
63.9565 0.621615 0.621615 2 2 3
63.9365 0.621636 0.621636 2 2 3
63.9165 0.621658 0.621658 2 2 3
63.8965 0.62168 0.62168 2 2 3
63.8765 0.621701 0.621701 2 2 3
63.8565 0.621723 0.621723 2 2 3
63.8365 0.621745 0.621745 2 2 3
63.8165 0.621766 0.621766 2 2 3
63.7965 0.621788 0.621788 2 2 3
63.7765 0.62181 0.62181 2 2 3
63.7565 0.621831 0.621831 2 2 3
63.7365 0.621853 0.621853 2 2 3
63.7165 0.621875 0.621875 2 2 3
63.6965 0.621896 0.621896 2 2 3
63.6765 0.621918 0.621918 2 2 3
63.6565 0.62194 0.62194 2 2 3
63.6365 0.621961 0.621961 2 2 3
63.6165 0.621983 0.621983 2 2 3
63.5965 0.622005 0.622005 2 2 3
63.5765 0.622027 0.622027 2 2 3
63.5565 0.622048 0.622048 2 2 3
63.5365 0.62207 0.62207 2 2 3
63.5165 0.622092 0.622092 2 2 3
63.4965 0.622114 0.622114 2 2 3
63.4765 0.622135 0.622135 2 2 3
63.4565 0.622157 0.622157 2 2 3
63.4365 0.622179 0.622179 2 2 3
63.4165 0.622201 0.622201 2 2 3
63.3965 0.622223 0.622223 2 2 3
63.3765 0.622245 0.622245 2 2 3
63.3565 0.622266 0.622266 2 2 3
63.3365 0.622288 0.622288 2 2 3
63.3165 0.62231 0.62231 2 2 3
63.2965 0.622332 0.622332 2 2 3
63.2765 0.622354 0.622354 2 2 3
63.2565 0.622376 0.622376 2 2 3
63.2365 0.622397 0.622397 2 2 3
63.2165 0.622419 0.622419 2 2 3
63.1965 0.622441 0.622441 2 2 3
63.1765 0.622463 0.622463 2 2 3
63.1565 0.622485 0.622485 2 2 3
63.1365 0.622507 0.622507 2 2 3
63.1165 0.622529 0.622529 2 2 3
63.0965 0.622551 0.622551 2 2 3
63.0765 0.622573 0.622573 2 2 3
63.0565 0.622595 0.622595 2 2 3
63.0365 0.622617 0.622617 2 2 3
63.0165 0.622639 0.622639 2 2 3
62.9965 0.622661 0.622661 2 2 3
62.9765 0.622683 0.622683 2 2 3
62.9565 0.622705 0.622705 2 2 3
62.9365 0.622727 0.622727 2 2 3
62.9165 0.622749 0.622749 2 2 3
62.8965 0.622771 0.622771 2 2 3
62.8765 0.622793 0.622793 2 2 3
62.8565 0.622815 0.622815 2 2 3
62.8365 0.622837 0.622837 2 2 3
62.8165 0.622859 0.622859 2 2 3
62.7965 0.622881 0.622881 2 2 3
62.7765 0.622903 0.622903 2 2 3
62.7565 0.622925 0.622925 2 2 3
62.7365 0.622947 0.622947 2 2 3
62.7165 0.622969 0.622969 2 2 3
62.6965 0.622991 0.622991 2 2 3
62.6765 0.623013 0.623013 2 2 3
62.6565 0.623035 0.623035 2 2 3
62.6365 0.623057 0.623057 2 2 3
62.6165 0.62308 0.62308 2 2 3
62.5965 0.623102 0.623102 2 2 3
62.5765 0.623124 0.623124 2 2 3
62.5565 0.623146 0.623146 2 2 3
62.5365 0.623168 0.623168 2 2 3
62.5165 0.62319 0.62319 2 2 3
62.4965 0.623212 0.623212 2 2 3
62.4765 0.623235 0.623235 2 2 3
62.4565 0.623257 0.623257 2 2 3
62.4365 0.623279 0.623279 2 2 3
62.4165 0.623301 0.623301 2 2 3
62.3965 0.623323 0.623323 2 2 3
62.3765 0.623346 0.623346 2 2 3
62.3565 0.623368 0.623368 2 2 3
62.3365 0.62339 0.62339 2 2 3
62.3165 0.623412 0.623412 2 2 3
62.2965 0.623434 0.623434 2 2 3
62.2765 0.623457 0.623457 2 2 3
62.2565 0.623479 0.623479 2 2 3
62.2365 0.623501 0.623501 2 2 3
62.2165 0.623524 0.623524 2 2 3
62.1965 0.623546 0.623546 2 2 3
62.1765 0.623568 0.623568 2 2 3
62.1565 0.62359 0.62359 2 2 3
62.1365 0.623613 0.623613 2 2 3
62.1165 0.623635 0.623635 2 2 3
62.0965 0.623657 0.623657 2 2 3
62.0765 0.62368 0.62368 2 2 3
62.0565 0.623702 0.623702 2 2 3
62.0365 0.623724 0.623724 2 2 3
62.0165 0.623747 0.623747 2 2 3
61.9965 0.623769 0.623769 2 2 3
61.9765 0.623791 0.623791 2 2 3
61.9565 0.623814 0.623814 2 2 3
61.9365 0.623836 0.623836 2 2 3
61.9165 0.623859 0.623859 2 2 3
61.8965 0.623881 0.623881 2 2 3
61.8765 0.623903 0.623903 2 2 3
61.8565 0.623926 0.623926 2 2 3
61.8365 0.623948 0.623948 2 2 3
61.8165 0.623971 0.623971 2 2 3
61.7965 0.623993 0.623993 2 2 3
61.7765 0.624016 0.624016 2 2 3
61.7565 0.624038 0.624038 2 2 3
61.7365 0.624061 0.624061 2 2 3
61.7165 0.624083 0.624083 2 2 3
61.6965 0.624105 0.624105 2 2 3
61.6765 0.624128 0.624128 2 2 3
61.6565 0.62415 0.62415 2 2 3
61.6365 0.624173 0.624173 2 2 3
61.6165 0.624196 0.624196 2 2 3
61.5965 0.624218 0.624218 2 2 3
61.5765 0.624241 0.624241 2 2 3
61.5565 0.624263 0.624263 2 2 3
61.5365 0.624286 0.624286 2 2 3
61.5165 0.624308 0.624308 2 2 3
61.4965 0.624331 0.624331 2 2 3
61.4765 0.624353 0.624353 2 2 3
61.4565 0.624376 0.624376 2 2 3
61.4365 0.624399 0.624399 2 2 3
61.4165 0.624421 0.624421 2 2 3
61.3965 0.624444 0.624444 2 2 3
61.3765 0.624466 0.624466 2 2 3
61.3565 0.624489 0.624489 2 2 3
61.3365 0.624512 0.624512 2 2 3
61.3165 0.624534 0.624534 2 2 3
61.2965 0.624557 0.624557 2 2 3
61.2765 0.62458 0.62458 2 2 3
61.2565 0.624602 0.624602 2 2 3
61.2365 0.624625 0.624625 2 2 3
61.2165 0.624648 0.624648 2 2 3
61.1965 0.62467 0.62467 2 2 3
61.1765 0.624693 0.624693 2 2 3
61.1565 0.624716 0.624716 2 2 3
61.1365 0.624738 0.624738 2 2 3
61.1165 0.624761 0.624761 2 2 3
61.0965 0.624784 0.624784 2 2 3
61.0765 0.624807 0.624807 2 2 3
61.0565 0.624829 0.624829 2 2 3
61.0365 0.624852 0.624852 2 2 3
61.0165 0.624875 0.624875 2 2 3
60.9965 0.624898 0.624898 2 2 3
60.9765 0.62492 0.62492 2 2 3
60.9565 0.624943 0.624943 2 2 3
60.9365 0.624966 0.624966 2 2 3
60.9165 0.624989 0.624989 2 2 3
60.8965 0.625012 0.625012 2 2 3
60.8765 0.625034 0.625034 2 2 3
60.8565 0.625057 0.625057 2 2 3
60.8365 0.62508 0.62508 2 2 3
60.8165 0.625103 0.625103 2 2 3
60.7965 0.625126 0.625126 2 2 3
60.7765 0.625149 0.625149 2 2 3
60.7565 0.625171 0.625171 2 2 3
60.7365 0.625194 0.625194 2 2 3
60.7165 0.625217 0.625217 2 2 3
60.6965 0.62524 0.62524 2 2 3
60.6765 0.625263 0.625263 2 2 3
60.6565 0.625286 0.625286 2 2 3
60.6365 0.625309 0.625309 2 2 3
60.6165 0.625332 0.625332 2 2 3
60.5965 0.625355 0.625355 2 2 3
60.5765 0.625378 0.625378 2 2 3
60.5565 0.625401 0.625401 2 2 3
60.5365 0.625424 0.625424 2 2 3
60.5165 0.625447 0.625447 2 2 3
60.4965 0.62547 0.62547 2 2 3
60.4765 0.625493 0.625493 2 2 3
60.4565 0.625516 0.625516 2 2 3
60.4365 0.625539 0.625539 2 2 3
60.4165 0.625562 0.625562 2 2 3
60.3965 0.625585 0.625585 2 2 3
60.3765 0.625608 0.625608 2 2 3
60.3565 0.625631 0.625631 2 2 3
60.3365 0.625654 0.625654 2 2 3
60.3165 0.625677 0.625677 2 2 3
60.2965 0.6257 0.6257 2 2 3
60.2765 0.625723 0.625723 2 2 3
60.2565 0.625746 0.625746 2 2 3
60.2365 0.625769 0.625769 2 2 3
60.2165 0.625792 0.625792 2 2 3
60.1965 0.625815 0.625815 2 2 3
60.1765 0.625838 0.625838 2 2 3
60.1565 0.625862 0.625862 2 2 3
60.1365 0.625885 0.625885 2 2 3
60.1165 0.625908 0.625908 2 2 3
60.0965 0.625931 0.625931 2 2 3
60.0765 0.625954 0.625954 2 2 3
60.0565 0.625977 0.625977 2 2 3
60.0365 0.626 0.626 2 2 3
60.0165 0.626024 0.626024 2 2 3
59.9965 0.626047 0.626047 2 2 3
59.9765 0.62607 0.62607 2 2 3
59.9565 0.626093 0.626093 2 2 3
59.9365 0.626116 0.626116 2 2 3
59.9165 0.62614 0.62614 2 2 3
59.8965 0.626163 0.626163 2 2 3
59.8765 0.626186 0.626186 2 2 3
59.8565 0.626209 0.626209 2 2 3
59.8365 0.626233 0.626233 2 2 3
59.8165 0.626256 0.626256 2 2 3
59.7965 0.626279 0.626279 2 2 3
59.7765 0.626303 0.626303 2 2 3
59.7565 0.626326 0.626326 2 2 3
59.7365 0.626349 0.626349 2 2 3
59.7165 0.626372 0.626372 2 2 3
59.6965 0.626396 0.626396 2 2 3
59.6765 0.626419 0.626419 2 2 3
59.6565 0.626442 0.626442 2 2 3
59.6365 0.626466 0.626466 2 2 3
59.6165 0.626489 0.626489 2 2 3
59.5965 0.626513 0.626513 2 2 3
59.5765 0.626536 0.626536 2 2 3
59.5565 0.626559 0.626559 2 2 3
59.5365 0.626583 0.626583 2 2 3
59.5165 0.626606 0.626606 2 2 3
59.4965 0.62663 0.62663 2 2 3
59.4765 0.626653 0.626653 2 2 3
59.4565 0.626676 0.626676 2 2 3
59.4365 0.6267 0.6267 2 2 3
59.4165 0.626723 0.626723 2 2 3
59.3965 0.626747 0.626747 2 2 3
59.3765 0.62677 0.62677 2 2 3
59.3565 0.626794 0.626794 2 2 3
59.3365 0.626817 0.626817 2 2 3
59.3165 0.626841 0.626841 2 2 3
59.2965 0.626864 0.626864 2 2 3
59.2765 0.626888 0.626888 2 2 3
59.2565 0.626911 0.626911 2 2 3
59.2365 0.626935 0.626935 2 2 3
59.2165 0.626958 0.626958 2 2 3
59.1965 0.626982 0.626982 2 2 3
59.1765 0.627005 0.627005 2 2 3
59.1565 0.627029 0.627029 2 2 3
59.1365 0.627052 0.627052 2 2 3
59.1165 0.627076 0.627076 2 2 3
59.0965 0.6271 0.6271 2 2 3
59.0765 0.627123 0.627123 2 2 3
59.0565 0.627147 0.627147 2 2 3
59.0365 0.62717 0.62717 2 2 3
59.0165 0.627194 0.627194 2 2 3
58.9965 0.627218 0.627218 2 2 3
58.9765 0.627241 0.627241 2 2 3
58.9565 0.627265 0.627265 2 2 3
58.9365 0.627289 0.627289 2 2 3
58.9165 0.627312 0.627312 2 2 3
58.8965 0.627336 0.627336 2 2 3
58.8765 0.62736 0.62736 2 2 3
58.8565 0.627383 0.627383 2 2 3
58.8365 0.627407 0.627407 2 2 3
58.8165 0.627431 0.627431 2 2 3
58.7965 0.627454 0.627454 2 2 3
58.7765 0.627478 0.627478 2 2 3
58.7565 0.627502 0.627502 2 2 3
58.7365 0.627526 0.627526 2 2 3
58.7165 0.627549 0.627549 2 2 3
58.6965 0.627573 0.627573 2 2 3
58.6765 0.627597 0.627597 2 2 3
58.6565 0.627621 0.627621 2 2 3
58.6365 0.627645 0.627645 2 2 3
58.6165 0.627668 0.627668 2 2 3
58.5965 0.627692 0.627692 2 2 3
58.5765 0.627716 0.627716 2 2 3
58.5565 0.62774 0.62774 2 2 3
58.5365 0.627764 0.627764 2 2 3
58.5165 0.627787 0.627787 2 2 3
58.4965 0.627811 0.627811 2 2 3
58.4765 0.627835 0.627835 2 2 3
58.4565 0.627859 0.627859 2 2 3
58.4365 0.627883 0.627883 2 2 3
58.4165 0.627907 0.627907 2 2 3
58.3965 0.627931 0.627931 2 2 3
58.3765 0.627955 0.627955 2 2 3
58.3565 0.627979 0.627979 2 2 3
58.3365 0.628002 0.628002 2 2 3
58.3165 0.628026 0.628026 2 2 3
58.2965 0.62805 0.62805 2 2 3
58.2765 0.628074 0.628074 2 2 3
58.2565 0.628098 0.628098 2 2 3
58.2365 0.628122 0.628122 2 2 3
58.2165 0.628146 0.628146 2 2 3
58.1965 0.62817 0.62817 2 2 3
58.1765 0.628194 0.628194 2 2 3
58.1565 0.628218 0.628218 2 2 3
58.1365 0.628242 0.628242 2 2 3
58.1165 0.628266 0.628266 2 2 3
58.0965 0.62829 0.62829 2 2 3
58.0765 0.628314 0.628314 2 2 3
58.0565 0.628338 0.628338 2 2 3
58.0365 0.628362 0.628362 2 2 3
58.0165 0.628387 0.628387 2 2 3
57.9965 0.628411 0.628411 2 2 3
57.9765 0.628435 0.628435 2 2 3
57.9565 0.628459 0.628459 2 2 3
57.9365 0.628483 0.628483 2 2 3
57.9165 0.628507 0.628507 2 2 3
57.8965 0.628531 0.628531 2 2 3
57.8765 0.628555 0.628555 2 2 3
57.8565 0.628579 0.628579 2 2 3
57.8365 0.628604 0.628604 2 2 3
57.8165 0.628628 0.628628 2 2 3
57.7965 0.628652 0.628652 2 2 3
57.7765 0.628676 0.628676 2 2 3
57.7565 0.6287 0.6287 2 2 3
57.7365 0.628725 0.628725 2 2 3
57.7165 0.628749 0.628749 2 2 3
57.6965 0.628773 0.628773 2 2 3
57.6765 0.628797 0.628797 2 2 3
57.6565 0.628822 0.628822 2 2 3
57.6365 0.628846 0.628846 2 2 3
57.6165 0.62887 0.62887 2 2 3
57.5965 0.628894 0.628894 2 2 3
57.5765 0.628919 0.628919 2 2 3
57.5565 0.628943 0.628943 2 2 3
57.5365 0.628967 0.628967 2 2 3
57.5165 0.628991 0.628991 2 2 3
57.4965 0.629016 0.629016 2 2 3
57.4765 0.62904 0.62904 2 2 3
57.4565 0.629064 0.629064 2 2 3
57.4365 0.629089 0.629089 2 2 3
57.4165 0.629113 0.629113 2 2 3
57.3965 0.629137 0.629137 2 2 3
57.3765 0.629162 0.629162 2 2 3
57.3565 0.629186 0.629186 2 2 3
57.3365 0.629211 0.629211 2 2 3
57.3165 0.629235 0.629235 2 2 3
57.2965 0.629259 0.629259 2 2 3
57.2765 0.629284 0.629284 2 2 3
57.2565 0.629308 0.629308 2 2 3
57.2365 0.629333 0.629333 2 2 3
57.2165 0.629357 0.629357 2 2 3
57.1965 0.629382 0.629382 2 2 3
57.1765 0.629406 0.629406 2 2 3
57.1565 0.629431 0.629431 2 2 3
57.1365 0.629455 0.629455 2 2 3
57.1165 0.62948 0.62948 2 2 3
57.0965 0.629504 0.629504 2 2 3
57.0765 0.629529 0.629529 2 2 3
57.0565 0.629553 0.629553 2 2 3
57.0365 0.629578 0.629578 2 2 3
57.0165 0.629602 0.629602 2 2 3
56.9965 0.629627 0.629627 2 2 3
56.9765 0.629651 0.629651 2 2 3
56.9565 0.629676 0.629676 2 2 3
56.9365 0.6297 0.6297 2 2 3
56.9165 0.629725 0.629725 2 2 3
56.8965 0.62975 0.62975 2 2 3
56.8765 0.629774 0.629774 2 2 3
56.8565 0.629799 0.629799 2 2 3
56.8365 0.629824 0.629824 2 2 3
56.8165 0.629848 0.629848 2 2 3
56.7965 0.629873 0.629873 2 2 3
56.7765 0.629898 0.629898 2 2 3
56.7565 0.629922 0.629922 2 2 3
56.7365 0.629947 0.629947 2 2 3
56.7165 0.629972 0.629972 2 2 3
56.6965 0.629996 0.629996 2 2 3
56.6765 0.630021 0.630021 2 2 3
56.6565 0.630046 0.630046 2 2 3
56.6365 0.63007 0.63007 2 2 3
56.6165 0.630095 0.630095 2 2 3
56.5965 0.63012 0.63012 2 2 3
56.5765 0.630145 0.630145 2 2 3
56.5565 0.630169 0.630169 2 2 3
56.5365 0.630194 0.630194 2 2 3
56.5165 0.630219 0.630219 2 2 3
56.4965 0.630244 0.630244 2 2 3
56.4765 0.630269 0.630269 2 2 3
56.4565 0.630293 0.630293 2 2 3
56.4365 0.630318 0.630318 2 2 3
56.4165 0.630343 0.630343 2 2 3
56.3965 0.630368 0.630368 2 2 3
56.3765 0.630393 0.630393 2 2 3
56.3565 0.630418 0.630418 2 2 3
56.3365 0.630442 0.630442 2 2 3
56.3165 0.630467 0.630467 2 2 3
56.2965 0.630492 0.630492 2 2 3
56.2765 0.630517 0.630517 2 2 3
56.2565 0.630542 0.630542 2 2 3
56.2365 0.630567 0.630567 2 2 3
56.2165 0.630592 0.630592 2 2 3
56.1965 0.630617 0.630617 2 2 3
56.1765 0.630642 0.630642 2 2 3
56.1565 0.630667 0.630667 2 2 3
56.1365 0.630692 0.630692 2 2 3
56.1165 0.630717 0.630717 2 2 3
56.0965 0.630742 0.630742 2 2 3
56.0765 0.630767 0.630767 2 2 3
56.0565 0.630792 0.630792 2 2 3
56.0365 0.630817 0.630817 2 2 3
56.0165 0.630842 0.630842 2 2 3
55.9965 0.630867 0.630867 2 2 3
55.9765 0.630892 0.630892 2 2 3
55.9565 0.630917 0.630917 2 2 3
55.9365 0.630942 0.630942 2 2 3
55.9165 0.630967 0.630967 2 2 3
55.8965 0.630992 0.630992 2 2 3
55.8765 0.631017 0.631017 2 2 3
55.8565 0.631042 0.631042 2 2 3
55.8365 0.631068 0.631068 2 2 3
55.8165 0.631093 0.631093 2 2 3
55.7965 0.631118 0.631118 2 2 3
55.7765 0.631143 0.631143 2 2 3
55.7565 0.631168 0.631168 2 2 3
55.7365 0.631193 0.631193 2 2 3
55.7165 0.631218 0.631218 2 2 3
55.6965 0.631244 0.631244 2 2 3
55.6765 0.631269 0.631269 2 2 3
55.6565 0.631294 0.631294 2 2 3
55.6365 0.631319 0.631319 2 2 3
55.6165 0.631345 0.631345 2 2 3
55.5965 0.63137 0.63137 2 2 3
55.5765 0.631395 0.631395 2 2 3
55.5565 0.63142 0.63142 2 2 3
55.5365 0.631446 0.631446 2 2 3
55.5165 0.631471 0.631471 2 2 3
55.4965 0.631496 0.631496 2 2 3
55.4765 0.631521 0.631521 2 2 3
55.4565 0.631547 0.631547 2 2 3
55.4365 0.631572 0.631572 2 2 3
55.4165 0.631597 0.631597 2 2 3
55.3965 0.631623 0.631623 2 2 3
55.3765 0.631648 0.631648 2 2 3
55.3565 0.631673 0.631673 2 2 3
55.3365 0.631699 0.631699 2 2 3
55.3165 0.631724 0.631724 2 2 3
55.2965 0.63175 0.63175 2 2 3
55.2765 0.631775 0.631775 2 2 3
55.2565 0.6318 0.6318 2 2 3
55.2365 0.631826 0.631826 2 2 3
55.2165 0.631851 0.631851 2 2 3
55.1965 0.631877 0.631877 2 2 3
55.1765 0.631902 0.631902 2 2 3
55.1565 0.631928 0.631928 2 2 3
55.1365 0.631953 0.631953 2 2 3
55.1165 0.631979 0.631979 2 2 3
55.0965 0.632004 0.632004 2 2 3
55.0765 0.63203 0.63203 2 2 3
55.0565 0.632055 0.632055 2 2 3
55.0365 0.632081 0.632081 2 2 3
55.0165 0.632106 0.632106 2 2 3
54.9965 0.632132 0.632132 2 2 3
54.9765 0.632157 0.632157 2 2 3
54.9565 0.632183 0.632183 2 2 3
54.9365 0.632208 0.632208 2 2 3
54.9165 0.632234 0.632234 2 2 3
54.8965 0.63226 0.63226 2 2 3
54.8765 0.632285 0.632285 2 2 3
54.8565 0.632311 0.632311 2 2 3
54.8365 0.632337 0.632337 2 2 3
54.8165 0.632362 0.632362 2 2 3
54.7965 0.632388 0.632388 2 2 3
54.7765 0.632413 0.632413 2 2 3
54.7565 0.632439 0.632439 2 2 3
54.7365 0.632465 0.632465 2 2 3
54.7165 0.632491 0.632491 2 2 3
54.6965 0.632516 0.632516 2 2 3
54.6765 0.632542 0.632542 2 2 3
54.6565 0.632568 0.632568 2 2 3
54.6365 0.632593 0.632593 2 2 3
54.6165 0.632619 0.632619 2 2 3
54.5965 0.632645 0.632645 2 2 3
54.5765 0.632671 0.632671 2 2 3
54.5565 0.632696 0.632696 2 2 3
54.5365 0.632722 0.632722 2 2 3
54.5165 0.632748 0.632748 2 2 3
54.4965 0.632774 0.632774 2 2 3
54.4765 0.6328 0.6328 2 2 3
54.4565 0.632826 0.632826 2 2 3
54.4365 0.632851 0.632851 2 2 3
54.4165 0.632877 0.632877 2 2 3
54.3965 0.632903 0.632903 2 2 3
54.3765 0.632929 0.632929 2 2 3
54.3565 0.632955 0.632955 2 2 3
54.3365 0.632981 0.632981 2 2 3
54.3165 0.633007 0.633007 2 2 3
54.2965 0.633033 0.633033 2 2 3
54.2765 0.633058 0.633058 2 2 3
54.2565 0.633084 0.633084 2 2 3
54.2365 0.63311 0.63311 2 2 3
54.2165 0.633136 0.633136 2 2 3
54.1965 0.633162 0.633162 2 2 3
54.1765 0.633188 0.633188 2 2 3
54.1565 0.633214 0.633214 2 2 3
54.1365 0.63324 0.63324 2 2 3
54.1165 0.633266 0.633266 2 2 3
54.0965 0.633292 0.633292 2 2 3
54.0765 0.633318 0.633318 2 2 3
54.0565 0.633344 0.633344 2 2 3
54.0365 0.63337 0.63337 2 2 3
54.0165 0.633396 0.633396 2 2 3
53.9965 0.633423 0.633423 2 2 3
53.9765 0.633449 0.633449 2 2 3
53.9565 0.633475 0.633475 2 2 3
53.9365 0.633501 0.633501 2 2 3
53.9165 0.633527 0.633527 2 2 3
53.8965 0.633553 0.633553 2 2 3
53.8765 0.633579 0.633579 2 2 3
53.8565 0.633605 0.633605 2 2 3
53.8365 0.633632 0.633632 2 2 3
53.8165 0.633658 0.633658 2 2 3
53.7965 0.633684 0.633684 2 2 3
53.7765 0.63371 0.63371 2 2 3
53.7565 0.633736 0.633736 2 2 3
53.7365 0.633763 0.633763 2 2 3
53.7165 0.633789 0.633789 2 2 3
53.6965 0.633815 0.633815 2 2 3
53.6765 0.633841 0.633841 2 2 3
53.6565 0.633867 0.633867 2 2 3
53.6365 0.633894 0.633894 2 2 3
53.6165 0.63392 0.63392 2 2 3
53.5965 0.633946 0.633946 2 2 3
53.5765 0.633973 0.633973 2 2 3
53.5565 0.633999 0.633999 2 2 3
53.5365 0.634025 0.634025 2 2 3
53.5165 0.634052 0.634052 2 2 3
53.4965 0.634078 0.634078 2 2 3
53.4765 0.634104 0.634104 2 2 3
53.4565 0.634131 0.634131 2 2 3
53.4365 0.634157 0.634157 2 2 3
53.4165 0.634183 0.634183 2 2 3
53.3965 0.63421 0.63421 2 2 3
53.3765 0.634236 0.634236 2 2 3
53.3565 0.634263 0.634263 2 2 3
53.3365 0.634289 0.634289 2 2 3
53.3165 0.634316 0.634316 2 2 3
53.2965 0.634342 0.634342 2 2 3
53.2765 0.634368 0.634368 2 2 3
53.2565 0.634395 0.634395 2 2 3
53.2365 0.634421 0.634421 2 2 3
53.2165 0.634448 0.634448 2 2 3
53.1965 0.634474 0.634474 2 2 3
53.1765 0.634501 0.634501 2 2 3
53.1565 0.634527 0.634527 2 2 3
53.1365 0.634554 0.634554 2 2 3
53.1165 0.634581 0.634581 2 2 3
53.0965 0.634607 0.634607 2 2 3
53.0765 0.634634 0.634634 2 2 3
53.0565 0.63466 0.63466 2 2 3
53.0365 0.634687 0.634687 2 2 3
53.0165 0.634714 0.634714 2 2 3
52.9965 0.63474 0.63474 2 2 3
52.9765 0.634767 0.634767 2 2 3
52.9565 0.634793 0.634793 2 2 3
52.9365 0.63482 0.63482 2 2 3
52.9165 0.634847 0.634847 2 2 3
52.8965 0.634873 0.634873 2 2 3
52.8765 0.6349 0.6349 2 2 3
52.8565 0.634927 0.634927 2 2 3
52.8365 0.634954 0.634954 2 2 3
52.8165 0.63498 0.63498 2 2 3
52.7965 0.635007 0.635007 2 2 3
52.7765 0.635034 0.635034 2 2 3
52.7565 0.635061 0.635061 2 2 3
52.7365 0.635087 0.635087 2 2 3
52.7165 0.635114 0.635114 2 2 3
52.6965 0.635141 0.635141 2 2 3
52.6765 0.635168 0.635168 2 2 3
52.6565 0.635194 0.635194 2 2 3
52.6365 0.635221 0.635221 2 2 3
52.6165 0.635248 0.635248 2 2 3
52.5965 0.635275 0.635275 2 2 3
52.5765 0.635302 0.635302 2 2 3
52.5565 0.635329 0.635329 2 2 3
52.5365 0.635356 0.635356 2 2 3
52.5165 0.635382 0.635382 2 2 3
52.4965 0.635409 0.635409 2 2 3
52.4765 0.635436 0.635436 2 2 3
52.4565 0.635463 0.635463 2 2 3
52.4365 0.63549 0.63549 2 2 3
52.4165 0.635517 0.635517 2 2 3
52.3965 0.635544 0.635544 2 2 3
52.3765 0.635571 0.635571 2 2 3
52.3565 0.635598 0.635598 2 2 3
52.3365 0.635625 0.635625 2 2 3
52.3165 0.635652 0.635652 2 2 3
52.2965 0.635679 0.635679 2 2 3
52.2765 0.635706 0.635706 2 2 3
52.2565 0.635733 0.635733 2 2 3
52.2365 0.63576 0.63576 2 2 3
52.2165 0.635787 0.635787 2 2 3
52.1965 0.635814 0.635814 2 2 3
52.1765 0.635841 0.635841 2 2 3
52.1565 0.635869 0.635869 2 2 3
52.1365 0.635896 0.635896 2 2 3
52.1165 0.635923 0.635923 2 2 3
52.0965 0.63595 0.63595 2 2 3
52.0765 0.635977 0.635977 2 2 3
52.0565 0.636004 0.636004 2 2 3
52.0365 0.636031 0.636031 2 2 3
52.0165 0.636059 0.636059 2 2 3
51.9965 0.636086 0.636086 2 2 3
51.9765 0.636113 0.636113 2 2 3
51.9565 0.63614 0.63614 2 2 3
51.9365 0.636167 0.636167 2 2 3
51.9165 0.636195 0.636195 2 2 3
51.8965 0.636222 0.636222 2 2 3
51.8765 0.636249 0.636249 2 2 3
51.8565 0.636276 0.636276 2 2 3
51.8365 0.636304 0.636304 2 2 3
51.8165 0.636331 0.636331 2 2 3
51.7965 0.636358 0.636358 2 2 3
51.7765 0.636386 0.636386 2 2 3
51.7565 0.636413 0.636413 2 2 3
51.7365 0.63644 0.63644 2 2 3
51.7165 0.636468 0.636468 2 2 3
51.6965 0.636495 0.636495 2 2 3
51.6765 0.636522 0.636522 2 2 3
51.6565 0.63655 0.63655 2 2 3
51.6365 0.636577 0.636577 2 2 3
51.6165 0.636605 0.636605 2 2 3
51.5965 0.636632 0.636632 2 2 3
51.5765 0.636659 0.636659 2 2 3
51.5565 0.636687 0.636687 2 2 3
51.5365 0.636714 0.636714 2 2 3
51.5165 0.636742 0.636742 2 2 3
51.4965 0.636769 0.636769 2 2 3
51.4765 0.636797 0.636797 2 2 3
51.4565 0.636824 0.636824 2 2 3
51.4365 0.636852 0.636852 2 2 3
51.4165 0.636879 0.636879 2 2 3
51.3965 0.636907 0.636907 2 2 3
51.3765 0.636934 0.636934 2 2 3
51.3565 0.636962 0.636962 2 2 3
51.3365 0.63699 0.63699 2 2 3
51.3165 0.637017 0.637017 2 2 3
51.2965 0.637045 0.637045 2 2 3
51.2765 0.637072 0.637072 2 2 3
51.2565 0.6371 0.6371 2 2 3
51.2365 0.637128 0.637128 2 2 3
51.2165 0.637155 0.637155 2 2 3
51.1965 0.637183 0.637183 2 2 3
51.1765 0.637211 0.637211 2 2 3
51.1565 0.637238 0.637238 2 2 3
51.1365 0.637266 0.637266 2 2 3
51.1165 0.637294 0.637294 2 2 3
51.0965 0.637322 0.637322 2 2 3
51.0765 0.637349 0.637349 2 2 3
51.0565 0.637377 0.637377 2 2 3
51.0365 0.637405 0.637405 2 2 3
51.0165 0.637433 0.637433 2 2 3
50.9965 0.63746 0.63746 2 2 3
50.9765 0.637488 0.637488 2 2 3
50.9565 0.637516 0.637516 2 2 3
50.9365 0.637544 0.637544 2 2 3
50.9165 0.637572 0.637572 2 2 3
50.8965 0.637599 0.637599 2 2 3
50.8765 0.637627 0.637627 2 2 3
50.8565 0.637655 0.637655 2 2 3
50.8365 0.637683 0.637683 2 2 3
50.8165 0.637711 0.637711 2 2 3
50.7965 0.637739 0.637739 2 2 3
50.7765 0.637767 0.637767 2 2 3
50.7565 0.637795 0.637795 2 2 3
50.7365 0.637823 0.637823 2 2 3
50.7165 0.637851 0.637851 2 2 3
50.6965 0.637879 0.637879 2 2 3
50.6765 0.637907 0.637907 2 2 3
50.6565 0.637935 0.637935 2 2 3
50.6365 0.637963 0.637963 2 2 3
50.6165 0.637991 0.637991 2 2 3
50.5965 0.638019 0.638019 2 2 3
50.5765 0.638047 0.638047 2 2 3
50.5565 0.638075 0.638075 2 2 3
50.5365 0.638103 0.638103 2 2 3
50.5165 0.638131 0.638131 2 2 3
50.4965 0.638159 0.638159 2 2 3
50.4765 0.638187 0.638187 2 2 3
50.4565 0.638215 0.638215 2 2 3
50.4365 0.638243 0.638243 2 2 3
50.4165 0.638271 0.638271 2 2 3
50.3965 0.6383 0.6383 2 2 3
50.3765 0.638328 0.638328 2 2 3
50.3565 0.638356 0.638356 2 2 3
50.3365 0.638384 0.638384 2 2 3
50.3165 0.638412 0.638412 2 2 3
50.2965 0.638441 0.638441 2 2 3
50.2765 0.638469 0.638469 2 2 3
50.2565 0.638497 0.638497 2 2 3
50.2365 0.638525 0.638525 2 2 3
50.2165 0.638554 0.638554 2 2 3
50.1965 0.638582 0.638582 2 2 3
50.1765 0.63861 0.63861 2 2 3
50.1565 0.638638 0.638638 2 2 3
50.1365 0.638667 0.638667 2 2 3
50.1165 0.638695 0.638695 2 2 3
50.0965 0.638723 0.638723 2 2 3
50.0765 0.638752 0.638752 2 2 3
50.0565 0.63878 0.63878 2 2 3
50.0365 0.638808 0.638808 2 2 3
50.0165 0.638837 0.638837 2 2 3
49.9965 0.638865 0.638865 2 2 3
49.9765 0.638894 0.638894 2 2 3
49.9565 0.638922 0.638922 2 2 3
49.9365 0.638951 0.638951 2 2 3
49.9165 0.638979 0.638979 2 2 3
49.8965 0.639007 0.639007 2 2 3
49.8765 0.639036 0.639036 2 2 3
49.8565 0.639064 0.639064 2 2 3
49.8365 0.639093 0.639093 2 2 3
49.8165 0.639121 0.639121 2 2 3
49.7965 0.63915 0.63915 2 2 3
49.7765 0.639179 0.639179 2 2 3
49.7565 0.639207 0.639207 2 2 3
49.7365 0.639236 0.639236 2 2 3
49.7165 0.639264 0.639264 2 2 3
49.6965 0.639293 0.639293 2 2 3
49.6765 0.639321 0.639321 2 2 3
49.6565 0.63935 0.63935 2 2 3
49.6365 0.639379 0.639379 2 2 3
49.6165 0.639407 0.639407 2 2 3
49.5965 0.639436 0.639436 2 2 3
49.5765 0.639465 0.639465 2 2 3
49.5565 0.639493 0.639493 2 2 3
49.5365 0.639522 0.639522 2 2 3
49.5165 0.639551 0.639551 2 2 3
49.4965 0.639579 0.639579 2 2 3
49.4765 0.639608 0.639608 2 2 3
49.4565 0.639637 0.639637 2 2 3
49.4365 0.639666 0.639666 2 2 3
49.4165 0.639695 0.639695 2 2 3
49.3965 0.639723 0.639723 2 2 3
49.3765 0.639752 0.639752 2 2 3
49.3565 0.639781 0.639781 2 2 3
49.3365 0.63981 0.63981 2 2 3
49.3165 0.639839 0.639839 2 2 3
49.2965 0.639867 0.639867 2 2 3
49.2765 0.639896 0.639896 2 2 3
49.2565 0.639925 0.639925 2 2 3
49.2365 0.639954 0.639954 2 2 3
49.2165 0.639983 0.639983 2 2 3
49.1965 0.640012 0.640012 2 2 3
49.1765 0.640041 0.640041 2 2 3
49.1565 0.64007 0.64007 2 2 3
49.1365 0.640099 0.640099 2 2 3
49.1165 0.640128 0.640128 2 2 3
49.0965 0.640157 0.640157 2 2 3
49.0765 0.640186 0.640186 2 2 3
49.0565 0.640215 0.640215 2 2 3
49.0365 0.640244 0.640244 2 2 3
49.0165 0.640273 0.640273 2 2 3
48.9965 0.640302 0.640302 2 2 3
48.9765 0.640331 0.640331 2 2 3
48.9565 0.64036 0.64036 2 2 3
48.9365 0.640389 0.640389 2 2 3
48.9165 0.640418 0.640418 2 2 3
48.8965 0.640447 0.640447 2 2 3
48.8765 0.640476 0.640476 2 2 3
48.8565 0.640505 0.640505 2 2 3
48.8365 0.640535 0.640535 2 2 3
48.8165 0.640564 0.640564 2 2 3
48.7965 0.640593 0.640593 2 2 3
48.7765 0.640622 0.640622 2 2 3
48.7565 0.640651 0.640651 2 2 3
48.7365 0.640681 0.640681 2 2 3
48.7165 0.64071 0.64071 2 2 3
48.6965 0.640739 0.640739 2 2 3
48.6765 0.640768 0.640768 2 2 3
48.6565 0.640798 0.640798 2 2 3
48.6365 0.640827 0.640827 2 2 3
48.6165 0.640856 0.640856 2 2 3
48.5965 0.640886 0.640886 2 2 3
48.5765 0.640915 0.640915 2 2 3
48.5565 0.640944 0.640944 2 2 3
48.5365 0.640974 0.640974 2 2 3
48.5165 0.641003 0.641003 2 2 3
48.4965 0.641032 0.641032 2 2 3
48.4765 0.641062 0.641062 2 2 3
48.4565 0.641091 0.641091 2 2 3
48.4365 0.641121 0.641121 2 2 3
48.4165 0.64115 0.64115 2 2 3
48.3965 0.641179 0.641179 2 2 3
48.3765 0.641209 0.641209 2 2 3
48.3565 0.641238 0.641238 2 2 3
48.3365 0.641268 0.641268 2 2 3
48.3165 0.641297 0.641297 2 2 3
48.2965 0.641327 0.641327 2 2 3
48.2765 0.641356 0.641356 2 2 3
48.2565 0.641386 0.641386 2 2 3
48.2365 0.641416 0.641416 2 2 3
48.2165 0.641445 0.641445 2 2 3
48.1965 0.641475 0.641475 2 2 3
48.1765 0.641504 0.641504 2 2 3
48.1565 0.641534 0.641534 2 2 3
48.1365 0.641564 0.641564 2 2 3
48.1165 0.641593 0.641593 2 2 3
48.0965 0.641623 0.641623 2 2 3
48.0765 0.641652 0.641652 2 2 3
48.0565 0.641682 0.641682 2 2 3
48.0365 0.641712 0.641712 2 2 3
48.0165 0.641742 0.641742 2 2 3
47.9965 0.641771 0.641771 2 2 3
47.9765 0.641801 0.641801 2 2 3
47.9565 0.641831 0.641831 2 2 3
47.9365 0.641861 0.641861 2 2 3
47.9165 0.64189 0.64189 2 2 3
47.8965 0.64192 0.64192 2 2 3
47.8765 0.64195 0.64195 2 2 3
47.8565 0.64198 0.64198 2 2 3
47.8365 0.64201 0.64201 2 2 3
47.8165 0.642039 0.642039 2 2 3
47.7965 0.642069 0.642069 2 2 3
47.7765 0.642099 0.642099 2 2 3
47.7565 0.642129 0.642129 2 2 3
47.7365 0.642159 0.642159 2 2 3
47.7165 0.642189 0.642189 2 2 3
47.6965 0.642219 0.642219 2 2 3
47.6765 0.642249 0.642249 2 2 3
47.6565 0.642279 0.642279 2 2 3
47.6365 0.642309 0.642309 2 2 3
47.6165 0.642339 0.642339 2 2 3
47.5965 0.642369 0.642369 2 2 3
47.5765 0.642399 0.642399 2 2 3
47.5565 0.642429 0.642429 2 2 3
47.5365 0.642459 0.642459 2 2 3
47.5165 0.642489 0.642489 2 2 3
47.4965 0.642519 0.642519 2 2 3
47.4765 0.642549 0.642549 2 2 3
47.4565 0.642579 0.642579 2 2 3
47.4365 0.642609 0.642609 2 2 3
47.4165 0.642639 0.642639 2 2 3
47.3965 0.642669 0.642669 2 2 3
47.3765 0.6427 0.6427 2 2 3
47.3565 0.64273 0.64273 2 2 3
47.3365 0.64276 0.64276 2 2 3
47.3165 0.64279 0.64279 2 2 3
47.2965 0.64282 0.64282 2 2 3
47.2765 0.642851 0.642851 2 2 3
47.2565 0.642881 0.642881 2 2 3
47.2365 0.642911 0.642911 2 2 3
47.2165 0.642941 0.642941 2 2 3
47.1965 0.642972 0.642972 2 2 3
47.1765 0.643002 0.643002 2 2 3
47.1565 0.643032 0.643032 2 2 3
47.1365 0.643063 0.643063 2 2 3
47.1165 0.643093 0.643093 2 2 3
47.0965 0.643123 0.643123 2 2 3
47.0765 0.643154 0.643154 2 2 3
47.0565 0.643184 0.643184 2 2 3
47.0365 0.643214 0.643214 2 2 3
47.0165 0.643245 0.643245 2 2 3
46.9965 0.643275 0.643275 2 2 3
46.9765 0.643306 0.643306 2 2 3
46.9565 0.643336 0.643336 2 2 3
46.9365 0.643367 0.643367 2 2 3
46.9165 0.643397 0.643397 2 2 3
46.8965 0.643428 0.643428 2 2 3
46.8765 0.643458 0.643458 2 2 3
46.8565 0.643489 0.643489 2 2 3
46.8365 0.643519 0.643519 2 2 3
46.8165 0.64355 0.64355 2 2 3
46.7965 0.64358 0.64358 2 2 3
46.7765 0.643611 0.643611 2 2 3
46.7565 0.643641 0.643641 2 2 3
46.7365 0.643672 0.643672 2 2 3
46.7165 0.643703 0.643703 2 2 3
46.6965 0.643733 0.643733 2 2 3
46.6765 0.643764 0.643764 2 2 3
46.6565 0.643795 0.643795 2 2 3
46.6365 0.643825 0.643825 2 2 3
46.6165 0.643856 0.643856 2 2 3
46.5965 0.643887 0.643887 2 2 3
46.5765 0.643917 0.643917 2 2 3
46.5565 0.643948 0.643948 2 2 3
46.5365 0.643979 0.643979 2 2 3
46.5165 0.64401 0.64401 2 2 3
46.4965 0.644041 0.644041 2 2 3
46.4765 0.644071 0.644071 2 2 3
46.4565 0.644102 0.644102 2 2 3
46.4365 0.644133 0.644133 2 2 3
46.4165 0.644164 0.644164 2 2 3
46.3965 0.644195 0.644195 2 2 3
46.3765 0.644226 0.644226 2 2 3
46.3565 0.644256 0.644256 2 2 3
46.3365 0.644287 0.644287 2 2 3
46.3165 0.644318 0.644318 2 2 3
46.2965 0.644349 0.644349 2 2 3
46.2765 0.64438 0.64438 2 2 3
46.2565 0.644411 0.644411 2 2 3
46.2365 0.644442 0.644442 2 2 3
46.2165 0.644473 0.644473 2 2 3
46.1965 0.644504 0.644504 2 2 3
46.1765 0.644535 0.644535 2 2 3
46.1565 0.644566 0.644566 2 2 3
46.1365 0.644597 0.644597 2 2 3
46.1165 0.644628 0.644628 2 2 3
46.0965 0.644659 0.644659 2 2 3
46.0765 0.644691 0.644691 2 2 3
46.0565 0.644722 0.644722 2 2 3
46.0365 0.644753 0.644753 2 2 3
46.0165 0.644784 0.644784 2 2 3
45.9965 0.644815 0.644815 2 2 3
45.9765 0.644846 0.644846 2 2 3
45.9565 0.644877 0.644877 2 2 3
45.9365 0.644909 0.644909 2 2 3
45.9165 0.64494 0.64494 2 2 3
45.8965 0.644971 0.644971 2 2 3
45.8765 0.645002 0.645002 2 2 3
45.8565 0.645034 0.645034 2 2 3
45.8365 0.645065 0.645065 2 2 3
45.8165 0.645096 0.645096 2 2 3
45.7965 0.645128 0.645128 2 2 3
45.7765 0.645159 0.645159 2 2 3
45.7565 0.64519 0.64519 2 2 3
45.7365 0.645222 0.645222 2 2 3
45.7165 0.645253 0.645253 2 2 3
45.6965 0.645284 0.645284 2 2 3
45.6765 0.645316 0.645316 2 2 3
45.6565 0.645347 0.645347 2 2 3
45.6365 0.645379 0.645379 2 2 3
45.6165 0.64541 0.64541 2 2 3
45.5965 0.645442 0.645442 2 2 3
45.5765 0.645473 0.645473 2 2 3
45.5565 0.645505 0.645505 2 2 3
45.5365 0.645536 0.645536 2 2 3
45.5165 0.645568 0.645568 2 2 3
45.4965 0.645599 0.645599 2 2 3
45.4765 0.645631 0.645631 2 2 3
45.4565 0.645662 0.645662 2 2 3
45.4365 0.645694 0.645694 2 2 3
45.4165 0.645725 0.645725 2 2 3
45.3965 0.645757 0.645757 2 2 3
45.3765 0.645789 0.645789 2 2 3
45.3565 0.64582 0.64582 2 2 3
45.3365 0.645852 0.645852 2 2 3
45.3165 0.645884 0.645884 2 2 3
45.2965 0.645915 0.645915 2 2 3
45.2765 0.645947 0.645947 2 2 3
45.2565 0.645979 0.645979 2 2 3
45.2365 0.646011 0.646011 2 2 3
45.2165 0.646042 0.646042 2 2 3
45.1965 0.646074 0.646074 2 2 3
45.1765 0.646106 0.646106 2 2 3
45.1565 0.646138 0.646138 2 2 3
45.1365 0.64617 0.64617 2 2 3
45.1165 0.646201 0.646201 2 2 3
45.0965 0.646233 0.646233 2 2 3
45.0765 0.646265 0.646265 2 2 3
45.0565 0.646297 0.646297 2 2 3
45.0365 0.646329 0.646329 2 2 3
45.0165 0.646361 0.646361 2 2 3
44.9965 0.646393 0.646393 2 2 3
44.9765 0.646425 0.646425 2 2 3
44.9565 0.646457 0.646457 2 2 3
44.9365 0.646489 0.646489 2 2 3
44.9165 0.646521 0.646521 2 2 3
44.8965 0.646553 0.646553 2 2 3
44.8765 0.646585 0.646585 2 2 3
44.8565 0.646617 0.646617 2 2 3
44.8365 0.646649 0.646649 2 2 3
44.8165 0.646681 0.646681 2 2 3
44.7965 0.646713 0.646713 2 2 3
44.7765 0.646745 0.646745 2 2 3
44.7565 0.646777 0.646777 2 2 3
44.7365 0.646809 0.646809 2 2 3
44.7165 0.646841 0.646841 2 2 3
44.6965 0.646874 0.646874 2 2 3
44.6765 0.646906 0.646906 2 2 3
44.6565 0.646938 0.646938 2 2 3
44.6365 0.64697 0.64697 2 2 3
44.6165 0.647002 0.647002 2 2 3
44.5965 0.647035 0.647035 2 2 3
44.5765 0.647067 0.647067 2 2 3
44.5565 0.647099 0.647099 2 2 3
44.5365 0.647132 0.647132 2 2 3
44.5165 0.647164 0.647164 2 2 3
44.4965 0.647196 0.647196 2 2 3
44.4765 0.647229 0.647229 2 2 3
44.4565 0.647261 0.647261 2 2 3
44.4365 0.647293 0.647293 2 2 3
44.4165 0.647326 0.647326 2 2 3
44.3965 0.647358 0.647358 2 2 3
44.3765 0.647391 0.647391 2 2 3
44.3565 0.647423 0.647423 2 2 3
44.3365 0.647455 0.647455 2 2 3
44.3165 0.647488 0.647488 2 2 3
44.2965 0.64752 0.64752 2 2 3
44.2765 0.647553 0.647553 2 2 3
44.2565 0.647585 0.647585 2 2 3
44.2365 0.647618 0.647618 2 2 3
44.2165 0.647651 0.647651 2 2 3
44.1965 0.647683 0.647683 2 2 3
44.1765 0.647716 0.647716 2 2 3
44.1565 0.647748 0.647748 2 2 3
44.1365 0.647781 0.647781 2 2 3
44.1165 0.647814 0.647814 2 2 3
44.0965 0.647846 0.647846 2 2 3
44.0765 0.647879 0.647879 2 2 3
44.0565 0.647912 0.647912 2 2 3
44.0365 0.647944 0.647944 2 2 3
44.0165 0.647977 0.647977 2 2 3
43.9965 0.64801 0.64801 2 2 3
43.9765 0.648043 0.648043 2 2 3
43.9565 0.648075 0.648075 2 2 3
43.9365 0.648108 0.648108 2 2 3
43.9165 0.648141 0.648141 2 2 3
43.8965 0.648174 0.648174 2 2 3
43.8765 0.648207 0.648207 2 2 3
43.8565 0.648239 0.648239 2 2 3
43.8365 0.648272 0.648272 2 2 3
43.8165 0.648305 0.648305 2 2 3
43.7965 0.648338 0.648338 2 2 3
43.7765 0.648371 0.648371 2 2 3
43.7565 0.648404 0.648404 2 2 3
43.7365 0.648437 0.648437 2 2 3
43.7165 0.64847 0.64847 2 2 3
43.6965 0.648503 0.648503 2 2 3
43.6765 0.648536 0.648536 2 2 3
43.6565 0.648569 0.648569 2 2 3
43.6365 0.648602 0.648602 2 2 3
43.6165 0.648635 0.648635 2 2 3
43.5965 0.648668 0.648668 2 2 3
43.5765 0.648701 0.648701 2 2 3
43.5565 0.648734 0.648734 2 2 3
43.5365 0.648767 0.648767 2 2 3
43.5165 0.648801 0.648801 2 2 3
43.4965 0.648834 0.648834 2 2 3
43.4765 0.648867 0.648867 2 2 3
43.4565 0.6489 0.6489 2 2 3
43.4365 0.648933 0.648933 2 2 3
43.4165 0.648967 0.648967 2 2 3
43.3965 0.649 0.649 2 2 3
43.3765 0.649033 0.649033 2 2 3
43.3565 0.649066 0.649066 2 2 3
43.3365 0.6491 0.6491 2 2 3
43.3165 0.649133 0.649133 2 2 3
43.2965 0.649166 0.649166 2 2 3
43.2765 0.6492 0.6492 2 2 3
43.2565 0.649233 0.649233 2 2 3
43.2365 0.649266 0.649266 2 2 3
43.2165 0.6493 0.6493 2 2 3
43.1965 0.649333 0.649333 2 2 3
43.1765 0.649367 0.649367 2 2 3
43.1565 0.6494 0.6494 2 2 3
43.1365 0.649433 0.649433 2 2 3
43.1165 0.649467 0.649467 2 2 3
43.0965 0.6495 0.6495 2 2 3
43.0765 0.649534 0.649534 2 2 3
43.0565 0.649568 0.649568 2 2 3
43.0365 0.649601 0.649601 2 2 3
43.0165 0.649635 0.649635 2 2 3
42.9965 0.649668 0.649668 2 2 3
42.9765 0.649702 0.649702 2 2 3
42.9565 0.649735 0.649735 2 2 3
42.9365 0.649769 0.649769 2 2 3
42.9165 0.649803 0.649803 2 2 3
42.8965 0.649836 0.649836 2 2 3
42.8765 0.64987 0.64987 2 2 3
42.8565 0.649904 0.649904 2 2 3
42.8365 0.649938 0.649938 2 2 3
42.8165 0.649971 0.649971 2 2 3
42.7965 0.650005 0.650005 2 2 3
42.7765 0.650039 0.650039 2 2 3
42.7565 0.650073 0.650073 2 2 3
42.7365 0.650106 0.650106 2 2 3
42.7165 0.65014 0.65014 2 2 3
42.6965 0.650174 0.650174 2 2 3
42.6765 0.650208 0.650208 2 2 3
42.6565 0.650242 0.650242 2 2 3
42.6365 0.650276 0.650276 2 2 3
42.6165 0.65031 0.65031 2 2 3
42.5965 0.650344 0.650344 2 2 3
42.5765 0.650378 0.650378 2 2 3
42.5565 0.650412 0.650412 2 2 3
42.5365 0.650446 0.650446 2 2 3
42.5165 0.65048 0.65048 2 2 3
42.4965 0.650514 0.650514 2 2 3
42.4765 0.650548 0.650548 2 2 3
42.4565 0.650582 0.650582 2 2 3
42.4365 0.650616 0.650616 2 2 3
42.4165 0.65065 0.65065 2 2 3
42.3965 0.650684 0.650684 2 2 3
42.3765 0.650718 0.650718 2 2 3
42.3565 0.650752 0.650752 2 2 3
42.3365 0.650786 0.650786 2 2 3
42.3165 0.650821 0.650821 2 2 3
42.2965 0.650855 0.650855 2 2 3
42.2765 0.650889 0.650889 2 2 3
42.2565 0.650923 0.650923 2 2 3
42.2365 0.650958 0.650958 2 2 3
42.2165 0.650992 0.650992 2 2 3
42.1965 0.651026 0.651026 2 2 3
42.1765 0.651061 0.651061 2 2 3
42.1565 0.651095 0.651095 2 2 3
42.1365 0.651129 0.651129 2 2 3
42.1165 0.651164 0.651164 2 2 3
42.0965 0.651198 0.651198 2 2 3
42.0765 0.651232 0.651232 2 2 3
42.0565 0.651267 0.651267 2 2 3
42.0365 0.651301 0.651301 2 2 3
42.0165 0.651336 0.651336 2 2 3
41.9965 0.65137 0.65137 2 2 3
41.9765 0.651405 0.651405 2 2 3
41.9565 0.651439 0.651439 2 2 3
41.9365 0.651474 0.651474 2 2 3
41.9165 0.651508 0.651508 2 2 3
41.8965 0.651543 0.651543 2 2 3
41.8765 0.651577 0.651577 2 2 3
41.8565 0.651612 0.651612 2 2 3
41.8365 0.651647 0.651647 2 2 3
41.8165 0.651681 0.651681 2 2 3
41.7965 0.651716 0.651716 2 2 3
41.7765 0.651751 0.651751 2 2 3
41.7565 0.651785 0.651785 2 2 3
41.7365 0.65182 0.65182 2 2 3
41.7165 0.651855 0.651855 2 2 3
41.6965 0.65189 0.65189 2 2 3
41.6765 0.651924 0.651924 2 2 3
41.6565 0.651959 0.651959 2 2 3
41.6365 0.651994 0.651994 2 2 3
41.6165 0.652029 0.652029 2 2 3
41.5965 0.652064 0.652064 2 2 3
41.5765 0.652098 0.652098 2 2 3
41.5565 0.652133 0.652133 2 2 3
41.5365 0.652168 0.652168 2 2 3
41.5165 0.652203 0.652203 2 2 3
41.4965 0.652238 0.652238 2 2 3
41.4765 0.652273 0.652273 2 2 3
41.4565 0.652308 0.652308 2 2 3
41.4365 0.652343 0.652343 2 2 3
41.4165 0.652378 0.652378 2 2 3
41.3965 0.652413 0.652413 2 2 3
41.3765 0.652448 0.652448 2 2 3
41.3565 0.652483 0.652483 2 2 3
41.3365 0.652518 0.652518 2 2 3
41.3165 0.652553 0.652553 2 2 3
41.2965 0.652589 0.652589 2 2 3
41.2765 0.652624 0.652624 2 2 3
41.2565 0.652659 0.652659 2 2 3
41.2365 0.652694 0.652694 2 2 3
41.2165 0.652729 0.652729 2 2 3
41.1965 0.652764 0.652764 2 2 3
41.1765 0.6528 0.6528 2 2 3
41.1565 0.652835 0.652835 2 2 3
41.1365 0.65287 0.65287 2 2 3
41.1165 0.652906 0.652906 2 2 3
41.0965 0.652941 0.652941 2 2 3
41.0765 0.652976 0.652976 2 2 3
41.0565 0.653012 0.653012 2 2 3
41.0365 0.653047 0.653047 2 2 3
41.0165 0.653082 0.653082 2 2 3
40.9965 0.653118 0.653118 2 2 3
40.9765 0.653153 0.653153 2 2 3
40.9565 0.653189 0.653189 2 2 3
40.9365 0.653224 0.653224 2 2 3
40.9165 0.65326 0.65326 2 2 3
40.8965 0.653295 0.653295 2 2 3
40.8765 0.653331 0.653331 2 2 3
40.8565 0.653366 0.653366 2 2 3
40.8365 0.653402 0.653402 2 2 3
40.8165 0.653437 0.653437 2 2 3
40.7965 0.653473 0.653473 2 2 3
40.7765 0.653509 0.653509 2 2 3
40.7565 0.653544 0.653544 2 2 3
40.7365 0.65358 0.65358 2 2 3
40.7165 0.653616 0.653616 2 2 3
40.6965 0.653651 0.653651 2 2 3
40.6765 0.653687 0.653687 2 2 3
40.6565 0.653723 0.653723 2 2 3
40.6365 0.653758 0.653758 2 2 3
40.6165 0.653794 0.653794 2 2 3
40.5965 0.65383 0.65383 2 2 3
40.5765 0.653866 0.653866 2 2 3
40.5566 0.653902 0.653902 2 2 3
40.5366 0.653938 0.653938 2 2 3
40.5166 0.653973 0.653973 2 2 3
40.4966 0.654009 0.654009 2 2 3
40.4766 0.654045 0.654045 2 2 3
40.4566 0.654081 0.654081 2 2 3
40.4366 0.654117 0.654117 2 2 3
40.4166 0.654153 0.654153 2 2 3
40.3966 0.654189 0.654189 2 2 3
40.3766 0.654225 0.654225 2 2 3
40.3566 0.654261 0.654261 2 2 3
40.3366 0.654297 0.654297 2 2 3
40.3166 0.654333 0.654333 2 2 3
40.2966 0.654369 0.654369 2 2 3
40.2766 0.654406 0.654406 2 2 3
40.2566 0.654442 0.654442 2 2 3
40.2366 0.654478 0.654478 2 2 3
40.2166 0.654514 0.654514 2 2 3
40.1966 0.65455 0.65455 2 2 3
40.1766 0.654586 0.654586 2 2 3
40.1566 0.654623 0.654623 2 2 3
40.1366 0.654659 0.654659 2 2 3
40.1166 0.654695 0.654695 2 2 3
40.0966 0.654732 0.654732 2 2 3
40.0766 0.654768 0.654768 2 2 3
40.0566 0.654804 0.654804 2 2 3
40.0366 0.654841 0.654841 2 2 3
40.0166 0.654877 0.654877 2 2 3
39.9966 0.654913 0.654913 2 2 3
39.9766 0.65495 0.65495 2 2 3
39.9566 0.654986 0.654986 2 2 3
39.9366 0.655023 0.655023 2 2 3
39.9166 0.655059 0.655059 2 2 3
39.8966 0.655096 0.655096 2 2 3
39.8766 0.655132 0.655132 2 2 3
39.8566 0.655169 0.655169 2 2 3
39.8366 0.655205 0.655205 2 2 3
39.8166 0.655242 0.655242 2 2 3
39.7966 0.655278 0.655278 2 2 3
39.7766 0.655315 0.655315 2 2 3
39.7566 0.655352 0.655352 2 2 3
39.7366 0.655388 0.655388 2 2 3
39.7166 0.655425 0.655425 2 2 3
39.6966 0.655462 0.655462 2 2 3
39.6766 0.655498 0.655498 2 2 3
39.6566 0.655535 0.655535 2 2 3
39.6366 0.655572 0.655572 2 2 3
39.6166 0.655609 0.655609 2 2 3
39.5966 0.655646 0.655646 2 2 3
39.5766 0.655682 0.655682 2 2 3
39.5566 0.655719 0.655719 2 2 3
39.5366 0.655756 0.655756 2 2 3
39.5166 0.655793 0.655793 2 2 3
39.4966 0.65583 0.65583 2 2 3
39.4766 0.655867 0.655867 2 2 3
39.4566 0.655904 0.655904 2 2 3
39.4366 0.655941 0.655941 2 2 3
39.4166 0.655978 0.655978 2 2 3
39.3966 0.656015 0.656015 2 2 3
39.3766 0.656052 0.656052 2 2 3
39.3566 0.656089 0.656089 2 2 3
39.3366 0.656126 0.656126 2 2 3
39.3166 0.656163 0.656163 2 2 3
39.2966 0.6562 0.6562 2 2 3
39.2766 0.656237 0.656237 2 2 3
39.2566 0.656275 0.656275 2 2 3
39.2366 0.656312 0.656312 2 2 3
39.2166 0.656349 0.656349 2 2 3
39.1966 0.656386 0.656386 2 2 3
39.1766 0.656423 0.656423 2 2 3
39.1566 0.656461 0.656461 2 2 3
39.1366 0.656498 0.656498 2 2 3
39.1166 0.656535 0.656535 2 2 3
39.0966 0.656573 0.656573 2 2 3
39.0766 0.65661 0.65661 2 2 3
39.0566 0.656647 0.656647 2 2 3
39.0366 0.656685 0.656685 2 2 3
39.0166 0.656722 0.656722 2 2 3
38.9966 0.65676 0.65676 2 2 3
38.9766 0.656797 0.656797 2 2 3
38.9566 0.656835 0.656835 2 2 3
38.9366 0.656872 0.656872 2 2 3
38.9166 0.65691 0.65691 2 2 3
38.8966 0.656947 0.656947 2 2 3
38.8766 0.656985 0.656985 2 2 3
38.8566 0.657022 0.657022 2 2 3
38.8366 0.65706 0.65706 2 2 3
38.8166 0.657097 0.657097 2 2 3
38.7966 0.657135 0.657135 2 2 3
38.7766 0.657173 0.657173 2 2 3
38.7566 0.657211 0.657211 2 2 3
38.7366 0.657248 0.657248 2 2 3
38.7166 0.657286 0.657286 2 2 3
38.6966 0.657324 0.657324 2 2 3
38.6766 0.657362 0.657362 2 2 3
38.6566 0.657399 0.657399 2 2 3
38.6366 0.657437 0.657437 2 2 3
38.6166 0.657475 0.657475 2 2 3
38.5966 0.657513 0.657513 2 2 3
38.5766 0.657551 0.657551 2 2 3
38.5566 0.657589 0.657589 2 2 3
38.5366 0.657627 0.657627 2 2 3
38.5166 0.657665 0.657665 2 2 3
38.4966 0.657703 0.657703 2 2 3
38.4766 0.657741 0.657741 2 2 3
38.4566 0.657779 0.657779 2 2 3
38.4366 0.657817 0.657817 2 2 3
38.4166 0.657855 0.657855 2 2 3
38.3966 0.657893 0.657893 2 2 3
38.3766 0.657931 0.657931 2 2 3
38.3566 0.657969 0.657969 2 2 3
38.3366 0.658007 0.658007 2 2 3
38.3166 0.658045 0.658045 2 2 3
38.2966 0.658084 0.658084 2 2 3
38.2766 0.658122 0.658122 2 2 3
38.2566 0.65816 0.65816 2 2 3
38.2366 0.658198 0.658198 2 2 3
38.2166 0.658237 0.658237 2 2 3
38.1966 0.658275 0.658275 2 2 3
38.1766 0.658313 0.658313 2 2 3
38.1566 0.658352 0.658352 2 2 3
38.1366 0.65839 0.65839 2 2 3
38.1166 0.658428 0.658428 2 2 3
38.0966 0.658467 0.658467 2 2 3
38.0766 0.658505 0.658505 2 2 3
38.0566 0.658544 0.658544 2 2 3
38.0366 0.658582 0.658582 2 2 3
38.0166 0.658621 0.658621 2 2 3
37.9966 0.658659 0.658659 2 2 3
37.9766 0.658698 0.658698 2 2 3
37.9566 0.658736 0.658736 2 2 3
37.9366 0.658775 0.658775 2 2 3
37.9166 0.658814 0.658814 2 2 3
37.8966 0.658852 0.658852 2 2 3
37.8766 0.658891 0.658891 2 2 3
37.8566 0.65893 0.65893 2 2 3
37.8366 0.658968 0.658968 2 2 3
37.8166 0.659007 0.659007 2 2 3
37.7966 0.659046 0.659046 2 2 3
37.7766 0.659085 0.659085 2 2 3
37.7566 0.659123 0.659123 2 2 3
37.7366 0.659162 0.659162 2 2 3
37.7166 0.659201 0.659201 2 2 3
37.6966 0.65924 0.65924 2 2 3
37.6766 0.659279 0.659279 2 2 3
37.6566 0.659318 0.659318 2 2 3
37.6366 0.659357 0.659357 2 2 3
37.6166 0.659396 0.659396 2 2 3
37.5966 0.659435 0.659435 2 2 3
37.5766 0.659474 0.659474 2 2 3
37.5566 0.659513 0.659513 2 2 3
37.5366 0.659552 0.659552 2 2 3
37.5166 0.659591 0.659591 2 2 3
37.4966 0.65963 0.65963 2 2 3
37.4766 0.659669 0.659669 2 2 3
37.4566 0.659708 0.659708 2 2 3
37.4366 0.659747 0.659747 2 2 3
37.4166 0.659787 0.659787 2 2 3
37.3966 0.659826 0.659826 2 2 3
37.3766 0.659865 0.659865 2 2 3
37.3566 0.659904 0.659904 2 2 3
37.3366 0.659944 0.659944 2 2 3
37.3166 0.659983 0.659983 2 2 3
37.2966 0.660022 0.660022 2 2 3
37.2766 0.660062 0.660062 2 2 3
37.2566 0.660101 0.660101 2 2 3
37.2366 0.66014 0.66014 2 2 3
37.2166 0.66018 0.66018 2 2 3
37.1966 0.660219 0.660219 2 2 3
37.1766 0.660259 0.660259 2 2 3
37.1566 0.660298 0.660298 2 2 3
37.1366 0.660338 0.660338 2 2 3
37.1166 0.660377 0.660377 2 2 3
37.0966 0.660417 0.660417 2 2 3
37.0766 0.660457 0.660457 2 2 3
37.0566 0.660496 0.660496 2 2 3
37.0366 0.660536 0.660536 2 2 3
37.0166 0.660576 0.660576 2 2 3
36.9966 0.660615 0.660615 2 2 3
36.9766 0.660655 0.660655 2 2 3
36.9566 0.660695 0.660695 2 2 3
36.9366 0.660734 0.660734 2 2 3
36.9166 0.660774 0.660774 2 2 3
36.8966 0.660814 0.660814 2 2 3
36.8766 0.660854 0.660854 2 2 3
36.8566 0.660894 0.660894 2 2 3
36.8366 0.660934 0.660934 2 2 3
36.8166 0.660974 0.660974 2 2 3
36.7966 0.661014 0.661014 2 2 3
36.7766 0.661053 0.661053 2 2 3
36.7566 0.661093 0.661093 2 2 3
36.7366 0.661133 0.661133 2 2 3
36.7166 0.661174 0.661174 2 2 3
36.6966 0.661214 0.661214 2 2 3
36.6766 0.661254 0.661254 2 2 3
36.6566 0.661294 0.661294 2 2 3
36.6366 0.661334 0.661334 2 2 3
36.6166 0.661374 0.661374 2 2 3
36.5966 0.661414 0.661414 2 2 3
36.5766 0.661454 0.661454 2 2 3
36.5566 0.661495 0.661495 2 2 3
36.5366 0.661535 0.661535 2 2 3
36.5166 0.661575 0.661575 2 2 3
36.4966 0.661615 0.661615 2 2 3
36.4766 0.661656 0.661656 2 2 3
36.4566 0.661696 0.661696 2 2 3
36.4366 0.661737 0.661737 2 2 3
36.4166 0.661777 0.661777 2 2 3
36.3966 0.661817 0.661817 2 2 3
36.3766 0.661858 0.661858 2 2 3
36.3566 0.661898 0.661898 2 2 3
36.3366 0.661939 0.661939 2 2 3
36.3166 0.661979 0.661979 2 2 3
36.2966 0.66202 0.66202 2 2 3
36.2766 0.66206 0.66206 2 2 3
36.2566 0.662101 0.662101 2 2 3
36.2366 0.662142 0.662142 2 2 3
36.2166 0.662182 0.662182 2 2 3
36.1966 0.662223 0.662223 2 2 3
36.1766 0.662264 0.662264 2 2 3
36.1566 0.662304 0.662304 2 2 3
36.1366 0.662345 0.662345 2 2 3
36.1166 0.662386 0.662386 2 2 3
36.0966 0.662427 0.662427 2 2 3
36.0766 0.662467 0.662467 2 2 3
36.0566 0.662508 0.662508 2 2 3
36.0366 0.662549 0.662549 2 2 3
36.0166 0.66259 0.66259 2 2 3
35.9966 0.662631 0.662631 2 2 3
35.9766 0.662672 0.662672 2 2 3
35.9566 0.662713 0.662713 2 2 3
35.9366 0.662754 0.662754 2 2 3
35.9166 0.662795 0.662795 2 2 3
35.8966 0.662836 0.662836 2 2 3
35.8766 0.662877 0.662877 2 2 3
35.8566 0.662918 0.662918 2 2 3
35.8366 0.662959 0.662959 2 2 3
35.8166 0.663 0.663 2 2 3
35.7966 0.663042 0.663042 2 2 3
35.7766 0.663083 0.663083 2 2 3
35.7566 0.663124 0.663124 2 2 3
35.7366 0.663165 0.663165 2 2 3
35.7166 0.663207 0.663207 2 2 3
35.6966 0.663248 0.663248 2 2 3
35.6766 0.663289 0.663289 2 2 3
35.6566 0.663331 0.663331 2 2 3
35.6366 0.663372 0.663372 2 2 3
35.6166 0.663413 0.663413 2 2 3
35.5966 0.663455 0.663455 2 2 3
35.5766 0.663496 0.663496 2 2 3
35.5566 0.663538 0.663538 2 2 3
35.5366 0.663579 0.663579 2 2 3
35.5166 0.663621 0.663621 2 2 3
35.4966 0.663662 0.663662 2 2 3
35.4766 0.663704 0.663704 2 2 3
35.4566 0.663746 0.663746 2 2 3
35.4366 0.663787 0.663787 2 2 3
35.4166 0.663829 0.663829 2 2 3
35.3966 0.663871 0.663871 2 2 3
35.3766 0.663912 0.663912 2 2 3
35.3566 0.663954 0.663954 2 2 3
35.3366 0.663996 0.663996 2 2 3
35.3166 0.664038 0.664038 2 2 3
35.2966 0.664079 0.664079 2 2 3
35.2766 0.664121 0.664121 2 2 3
35.2566 0.664163 0.664163 2 2 3
35.2366 0.664205 0.664205 2 2 3
35.2166 0.664247 0.664247 2 2 3
35.1966 0.664289 0.664289 2 2 3
35.1766 0.664331 0.664331 2 2 3
35.1566 0.664373 0.664373 2 2 3
35.1366 0.664415 0.664415 2 2 3
35.1166 0.664457 0.664457 2 2 3
35.0966 0.664499 0.664499 2 2 3
35.0766 0.664541 0.664541 2 2 3
35.0566 0.664583 0.664583 2 2 3
35.0366 0.664626 0.664626 2 2 3
35.0166 0.664668 0.664668 2 2 3
34.9966 0.66471 0.66471 2 2 3
34.9766 0.664752 0.664752 2 2 3
34.9566 0.664795 0.664795 2 2 3
34.9366 0.664837 0.664837 2 2 3
34.9166 0.664879 0.664879 2 2 3
34.8966 0.664922 0.664922 2 2 3
34.8766 0.664964 0.664964 2 2 3
34.8566 0.665006 0.665006 2 2 3
34.8366 0.665049 0.665049 2 2 3
34.8166 0.665091 0.665091 2 2 3
34.7966 0.665134 0.665134 2 2 3
34.7766 0.665176 0.665176 2 2 3
34.7566 0.665219 0.665219 2 2 3
34.7366 0.665261 0.665261 2 2 3
34.7166 0.665304 0.665304 2 2 3
34.6966 0.665347 0.665347 2 2 3
34.6766 0.665389 0.665389 2 2 3
34.6566 0.665432 0.665432 2 2 3
34.6366 0.665475 0.665475 2 2 3
34.6166 0.665517 0.665517 2 2 3
34.5966 0.66556 0.66556 2 2 3
34.5766 0.665603 0.665603 2 2 3
34.5566 0.665646 0.665646 2 2 3
34.5366 0.665689 0.665689 2 2 3
34.5166 0.665732 0.665732 2 2 3
34.4966 0.665774 0.665774 2 2 3
34.4766 0.665817 0.665817 2 2 3
34.4566 0.66586 0.66586 2 2 3
34.4366 0.665903 0.665903 2 2 3
34.4166 0.665946 0.665946 2 2 3
34.3966 0.665989 0.665989 2 2 3
34.3766 0.666032 0.666032 2 2 3
34.3566 0.666076 0.666076 2 2 3
34.3366 0.666119 0.666119 2 2 3
34.3166 0.666162 0.666162 2 2 3
34.2966 0.666205 0.666205 2 2 3
34.2766 0.666248 0.666248 2 2 3
34.2566 0.666291 0.666291 2 2 3
34.2366 0.666335 0.666335 2 2 3
34.2166 0.666378 0.666378 2 2 3
34.1966 0.666421 0.666421 2 2 3
34.1766 0.666465 0.666465 2 2 3
34.1566 0.666508 0.666508 2 2 3
34.1366 0.666551 0.666551 2 2 3
34.1166 0.666595 0.666595 2 2 3
34.0966 0.666638 0.666638 2 2 3
34.0766 0.666682 0.666682 2 2 3
34.0566 0.666725 0.666725 2 2 3
34.0366 0.666769 0.666769 2 2 3
34.0166 0.666813 0.666813 2 2 3
33.9966 0.666856 0.666856 2 2 3
33.9766 0.6669 0.6669 2 2 3
33.9566 0.666943 0.666943 2 2 3
33.9366 0.666987 0.666987 2 2 3
33.9166 0.667031 0.667031 2 2 3
33.8966 0.667075 0.667075 2 2 3
33.8766 0.667118 0.667118 2 2 3
33.8566 0.667162 0.667162 2 2 3
33.8366 0.667206 0.667206 2 2 3
33.8166 0.66725 0.66725 2 2 3
33.7966 0.667294 0.667294 2 2 3
33.7766 0.667338 0.667338 2 2 3
33.7566 0.667382 0.667382 2 2 3
33.7366 0.667426 0.667426 2 2 3
33.7166 0.66747 0.66747 2 2 3
33.6966 0.667514 0.667514 2 2 3
33.6766 0.667558 0.667558 2 2 3
33.6566 0.667602 0.667602 2 2 3
33.6366 0.667646 0.667646 2 2 3
33.6166 0.66769 0.66769 2 2 3
33.5966 0.667734 0.667734 2 2 3
33.5766 0.667779 0.667779 2 2 3
33.5566 0.667823 0.667823 2 2 3
33.5366 0.667867 0.667867 2 2 3
33.5166 0.667911 0.667911 2 2 3
33.4966 0.667956 0.667956 2 2 3
33.4766 0.668 0.668 2 2 3
33.4566 0.668044 0.668044 2 2 3
33.4366 0.668089 0.668089 2 2 3
33.4166 0.668133 0.668133 2 2 3
33.3966 0.668178 0.668178 2 2 3
33.3766 0.668222 0.668222 2 2 3
33.3566 0.668267 0.668267 2 2 3
33.3366 0.668311 0.668311 2 2 3
33.3166 0.668356 0.668356 2 2 3
33.2966 0.668401 0.668401 2 2 3
33.2766 0.668445 0.668445 2 2 3
33.2566 0.66849 0.66849 2 2 3
33.2366 0.668535 0.668535 2 2 3
33.2166 0.668579 0.668579 2 2 3
33.1966 0.668624 0.668624 2 2 3
33.1766 0.668669 0.668669 2 2 3
33.1566 0.668714 0.668714 2 2 3
33.1366 0.668759 0.668759 2 2 3
33.1166 0.668804 0.668804 2 2 3
33.0966 0.668849 0.668849 2 2 3
33.0766 0.668893 0.668893 2 2 3
33.0566 0.668938 0.668938 2 2 3
33.0366 0.668983 0.668983 2 2 3
33.0166 0.669029 0.669029 2 2 3
32.9966 0.669074 0.669074 2 2 3
32.9766 0.669119 0.669119 2 2 3
32.9566 0.669164 0.669164 2 2 3
32.9366 0.669209 0.669209 2 2 3
32.9166 0.669254 0.669254 2 2 3
32.8966 0.669299 0.669299 2 2 3
32.8766 0.669345 0.669345 2 2 3
32.8566 0.66939 0.66939 2 2 3
32.8366 0.669435 0.669435 2 2 3
32.8166 0.669481 0.669481 2 2 3
32.7966 0.669526 0.669526 2 2 3
32.7766 0.669571 0.669571 2 2 3
32.7566 0.669617 0.669617 2 2 3
32.7366 0.669662 0.669662 2 2 3
32.7166 0.669708 0.669708 2 2 3
32.6966 0.669753 0.669753 2 2 3
32.6766 0.669799 0.669799 2 2 3
32.6566 0.669845 0.669845 2 2 3
32.6366 0.66989 0.66989 2 2 3
32.6166 0.669936 0.669936 2 2 3
32.5966 0.669982 0.669982 2 2 3
32.5766 0.670027 0.670027 2 2 3
32.5566 0.670073 0.670073 2 2 3
32.5366 0.670119 0.670119 2 2 3
32.5166 0.670165 0.670165 2 2 3
32.4966 0.670211 0.670211 2 2 3
32.4766 0.670256 0.670256 2 2 3
32.4566 0.670302 0.670302 2 2 3
32.4366 0.670348 0.670348 2 2 3
32.4166 0.670394 0.670394 2 2 3
32.3966 0.67044 0.67044 2 2 3
32.3766 0.670486 0.670486 2 2 3
32.3566 0.670532 0.670532 2 2 3
32.3366 0.670578 0.670578 2 2 3
32.3166 0.670625 0.670625 2 2 3
32.2966 0.670671 0.670671 2 2 3
32.2766 0.670717 0.670717 2 2 3
32.2566 0.670763 0.670763 2 2 3
32.2366 0.670809 0.670809 2 2 3
32.2166 0.670856 0.670856 2 2 3
32.1966 0.670902 0.670902 2 2 3
32.1766 0.670948 0.670948 2 2 3
32.1566 0.670995 0.670995 2 2 3
32.1366 0.671041 0.671041 2 2 3
32.1166 0.671088 0.671088 2 2 3
32.0966 0.671134 0.671134 2 2 3
32.0766 0.671181 0.671181 2 2 3
32.0566 0.671227 0.671227 2 2 3
32.0366 0.671274 0.671274 2 2 3
32.0166 0.67132 0.67132 2 2 3
31.9966 0.671367 0.671367 2 2 3
31.9766 0.671414 0.671414 2 2 3
31.9566 0.671461 0.671461 2 2 3
31.9366 0.671507 0.671507 2 2 3
31.9166 0.671554 0.671554 2 2 3
31.8966 0.671601 0.671601 2 2 3
31.8766 0.671648 0.671648 2 2 3
31.8566 0.671695 0.671695 2 2 3
31.8366 0.671741 0.671741 2 2 3
31.8166 0.671788 0.671788 2 2 3
31.7966 0.671835 0.671835 2 2 3
31.7766 0.671882 0.671882 2 2 3
31.7566 0.671929 0.671929 2 2 3
31.7366 0.671977 0.671977 2 2 3
31.7166 0.672024 0.672024 2 2 3
31.6966 0.672071 0.672071 2 2 3
31.6766 0.672118 0.672118 2 2 3
31.6566 0.672165 0.672165 2 2 3
31.6366 0.672212 0.672212 2 2 3
31.6166 0.67226 0.67226 2 2 3
31.5966 0.672307 0.672307 2 2 3
31.5766 0.672354 0.672354 2 2 3
31.5566 0.672402 0.672402 2 2 3
31.5366 0.672449 0.672449 2 2 3
31.5166 0.672496 0.672496 2 2 3
31.4966 0.672544 0.672544 2 2 3
31.4766 0.672591 0.672591 2 2 3
31.4566 0.672639 0.672639 2 2 3
31.4366 0.672687 0.672687 2 2 3
31.4166 0.672734 0.672734 2 2 3
31.3966 0.672782 0.672782 2 2 3
31.3766 0.672829 0.672829 2 2 3
31.3566 0.672877 0.672877 2 2 3
31.3366 0.672925 0.672925 2 2 3
31.3166 0.672973 0.672973 2 2 3
31.2966 0.673021 0.673021 2 2 3
31.2766 0.673068 0.673068 2 2 3
31.2566 0.673116 0.673116 2 2 3
31.2366 0.673164 0.673164 2 2 3
31.2166 0.673212 0.673212 2 2 3
31.1966 0.67326 0.67326 2 2 3
31.1766 0.673308 0.673308 2 2 3
31.1566 0.673356 0.673356 2 2 3
31.1366 0.673404 0.673404 2 2 3
31.1166 0.673452 0.673452 2 2 3
31.0966 0.6735 0.6735 2 2 3
31.0766 0.673549 0.673549 2 2 3
31.0566 0.673597 0.673597 2 2 3
31.0366 0.673645 0.673645 2 2 3
31.0166 0.673693 0.673693 2 2 3
30.9966 0.673742 0.673742 2 2 3
30.9766 0.67379 0.67379 2 2 3
30.9566 0.673839 0.673839 2 2 3
30.9366 0.673887 0.673887 2 2 3
30.9166 0.673935 0.673935 2 2 3
30.8966 0.673984 0.673984 2 2 3
30.8766 0.674032 0.674032 2 2 3
30.8566 0.674081 0.674081 2 2 3
30.8366 0.67413 0.67413 2 2 3
30.8166 0.674178 0.674178 2 2 3
30.7966 0.674227 0.674227 2 2 3
30.7766 0.674276 0.674276 2 2 3
30.7566 0.674324 0.674324 2 2 3
30.7366 0.674373 0.674373 2 2 3
30.7166 0.674422 0.674422 2 2 3
30.6966 0.674471 0.674471 2 2 3
30.6766 0.67452 0.67452 2 2 3
30.6566 0.674569 0.674569 2 2 3
30.6366 0.674618 0.674618 2 2 3
30.6166 0.674667 0.674667 2 2 3
30.5966 0.674716 0.674716 2 2 3
30.5766 0.674765 0.674765 2 2 3
30.5566 0.674814 0.674814 2 2 3
30.5366 0.674863 0.674863 2 2 3
30.5166 0.674912 0.674912 2 2 3
30.4966 0.674961 0.674961 2 2 3
30.4766 0.67501 0.67501 2 2 3
30.4566 0.67506 0.67506 2 2 3
30.4366 0.675109 0.675109 2 2 3
30.4166 0.675158 0.675158 2 2 3
30.3966 0.675208 0.675208 2 2 3
30.3766 0.675257 0.675257 2 2 3
30.3566 0.675307 0.675307 2 2 3
30.3366 0.675356 0.675356 2 2 3
30.3166 0.675406 0.675406 2 2 3
30.2966 0.675455 0.675455 2 2 3
30.2766 0.675505 0.675505 2 2 3
30.2566 0.675555 0.675555 2 2 3
30.2366 0.675604 0.675604 2 2 3
30.2166 0.675654 0.675654 2 2 3
30.1966 0.675704 0.675704 2 2 3
30.1766 0.675753 0.675753 2 2 3
30.1566 0.675803 0.675803 2 2 3
30.1366 0.675853 0.675853 2 2 3
30.1166 0.675903 0.675903 2 2 3
30.0966 0.675953 0.675953 2 2 3
30.0766 0.676003 0.676003 2 2 3
30.0566 0.676053 0.676053 2 2 3
30.0366 0.676103 0.676103 2 2 3
30.0166 0.676153 0.676153 2 2 3
29.9966 0.676203 0.676203 2 2 3
29.9766 0.676253 0.676253 2 2 3
29.9566 0.676303 0.676303 2 2 3
29.9366 0.676354 0.676354 2 2 3
29.9166 0.676404 0.676404 2 2 3
29.8966 0.676454 0.676454 2 2 3
29.8766 0.676505 0.676505 2 2 3
29.8566 0.676555 0.676555 2 2 3
29.8366 0.676605 0.676605 2 2 3
29.8166 0.676656 0.676656 2 2 3
29.7966 0.676706 0.676706 2 2 3
29.7766 0.676757 0.676757 2 2 3
29.7566 0.676807 0.676807 2 2 3
29.7366 0.676858 0.676858 2 2 3
29.7166 0.676909 0.676909 2 2 3
29.6966 0.676959 0.676959 2 2 3
29.6766 0.67701 0.67701 2 2 3
29.6566 0.677061 0.677061 2 2 3
29.6366 0.677112 0.677112 2 2 3
29.6166 0.677163 0.677163 2 2 3
29.5966 0.677213 0.677213 2 2 3
29.5766 0.677264 0.677264 2 2 3
29.5566 0.677315 0.677315 2 2 3
29.5366 0.677366 0.677366 2 2 3
29.5166 0.677417 0.677417 2 2 3
29.4966 0.677468 0.677468 2 2 3
29.4766 0.677519 0.677519 2 2 3
29.4566 0.677571 0.677571 2 2 3
29.4366 0.677622 0.677622 2 2 3
29.4166 0.677673 0.677673 2 2 3
29.3966 0.677724 0.677724 2 2 3
29.3766 0.677775 0.677775 2 2 3
29.3566 0.677827 0.677827 2 2 3
29.3366 0.677878 0.677878 2 2 3
29.3166 0.67793 0.67793 2 2 3
29.2966 0.677981 0.677981 2 2 3
29.2766 0.678033 0.678033 2 2 3
29.2566 0.678084 0.678084 2 2 3
29.2366 0.678136 0.678136 2 2 3
29.2166 0.678187 0.678187 2 2 3
29.1966 0.678239 0.678239 2 2 3
29.1766 0.678291 0.678291 2 2 3
29.1566 0.678342 0.678342 2 2 3
29.1366 0.678394 0.678394 2 2 3
29.1166 0.678446 0.678446 2 2 3
29.0966 0.678498 0.678498 2 2 3
29.0766 0.67855 0.67855 2 2 3
29.0566 0.678602 0.678602 2 2 3
29.0366 0.678653 0.678653 2 2 3
29.0166 0.678705 0.678705 2 2 3
28.9966 0.678758 0.678758 2 2 3
28.9766 0.67881 0.67881 2 2 3
28.9566 0.678862 0.678862 2 2 3
28.9366 0.678914 0.678914 2 2 3
28.9166 0.678966 0.678966 2 2 3
28.8966 0.679018 0.679018 2 2 3
28.8766 0.679071 0.679071 2 2 3
28.8566 0.679123 0.679123 2 2 3
28.8366 0.679175 0.679175 2 2 3
28.8166 0.679228 0.679228 2 2 3
28.7966 0.67928 0.67928 2 2 3
28.7766 0.679333 0.679333 2 2 3
28.7566 0.679385 0.679385 2 2 3
28.7366 0.679438 0.679438 2 2 3
28.7166 0.67949 0.67949 2 2 3
28.6966 0.679543 0.679543 2 2 3
28.6766 0.679596 0.679596 2 2 3
28.6566 0.679648 0.679648 2 2 3
28.6366 0.679701 0.679701 2 2 3
28.6166 0.679754 0.679754 2 2 3
28.5966 0.679807 0.679807 2 2 3
28.5766 0.67986 0.67986 2 2 3
28.5566 0.679913 0.679913 2 2 3
28.5366 0.679966 0.679966 2 2 3
28.5166 0.680019 0.680019 2 2 3
28.4966 0.680072 0.680072 2 2 3
28.4766 0.680125 0.680125 2 2 3
28.4566 0.680178 0.680178 2 2 3
28.4366 0.680231 0.680231 2 2 3
28.4166 0.680284 0.680284 2 2 3
28.3966 0.680338 0.680338 2 2 3
28.3766 0.680391 0.680391 2 2 3
28.3566 0.680444 0.680444 2 2 3
28.3366 0.680498 0.680498 2 2 3
28.3166 0.680551 0.680551 2 2 3
28.2966 0.680605 0.680605 2 2 3
28.2766 0.680658 0.680658 2 2 3
28.2566 0.680712 0.680712 2 2 3
28.2366 0.680765 0.680765 2 2 3
28.2166 0.680819 0.680819 2 2 3
28.1966 0.680873 0.680873 2 2 3
28.1766 0.680926 0.680926 2 2 3
28.1566 0.68098 0.68098 2 2 3
28.1366 0.681034 0.681034 2 2 3
28.1166 0.681088 0.681088 2 2 3
28.0966 0.681142 0.681142 2 2 3
28.0766 0.681196 0.681196 2 2 3
28.0566 0.68125 0.68125 2 2 3
28.0366 0.681304 0.681304 2 2 3
28.0166 0.681358 0.681358 2 2 3
27.9966 0.681412 0.681412 2 2 3
27.9766 0.681466 0.681466 2 2 3
27.9566 0.68152 0.68152 2 2 3
27.9366 0.681574 0.681574 2 2 3
27.9166 0.681629 0.681629 2 2 3
27.8966 0.681683 0.681683 2 2 3
27.8766 0.681737 0.681737 2 2 3
27.8566 0.681792 0.681792 2 2 3
27.8366 0.681846 0.681846 2 2 3
27.8166 0.681901 0.681901 2 2 3
27.7966 0.681955 0.681955 2 2 3
27.7766 0.68201 0.68201 2 2 3
27.7566 0.682065 0.682065 2 2 3
27.7366 0.682119 0.682119 2 2 3
27.7166 0.682174 0.682174 2 2 3
27.6966 0.682229 0.682229 2 2 3
27.6766 0.682284 0.682284 2 2 3
27.6566 0.682338 0.682338 2 2 3
27.6366 0.682393 0.682393 2 2 3
27.6166 0.682448 0.682448 2 2 3
27.5966 0.682503 0.682503 2 2 3
27.5766 0.682558 0.682558 2 2 3
27.5566 0.682613 0.682613 2 2 3
27.5366 0.682668 0.682668 2 2 3
27.5166 0.682724 0.682724 2 2 3
27.4966 0.682779 0.682779 2 2 3
27.4766 0.682834 0.682834 2 2 3
27.4566 0.682889 0.682889 2 2 3
27.4366 0.682945 0.682945 2 2 3
27.4166 0.683 0.683 2 2 3
27.3966 0.683055 0.683055 2 2 3
27.3766 0.683111 0.683111 2 2 3
27.3566 0.683166 0.683166 2 2 3
27.3366 0.683222 0.683222 2 2 3
27.3166 0.683278 0.683278 2 2 3
27.2966 0.683333 0.683333 2 2 3
27.2766 0.683389 0.683389 2 2 3
27.2566 0.683445 0.683445 2 2 3
27.2366 0.683501 0.683501 2 2 3
27.2166 0.683556 0.683556 2 2 3
27.1966 0.683612 0.683612 2 2 3
27.1766 0.683668 0.683668 2 2 3
27.1566 0.683724 0.683724 2 2 3
27.1366 0.68378 0.68378 2 2 3
27.1166 0.683836 0.683836 2 2 3
27.0966 0.683892 0.683892 2 2 3
27.0766 0.683949 0.683949 2 2 3
27.0566 0.684005 0.684005 2 2 3
27.0366 0.684061 0.684061 2 2 3
27.0166 0.684117 0.684117 2 2 3
26.9966 0.684174 0.684174 2 2 3
26.9766 0.68423 0.68423 2 2 3
26.9566 0.684287 0.684287 2 2 3
26.9366 0.684343 0.684343 2 2 3
26.9166 0.6844 0.6844 2 2 3
26.8966 0.684456 0.684456 2 2 3
26.8766 0.684513 0.684513 2 2 3
26.8566 0.684569 0.684569 2 2 3
26.8366 0.684626 0.684626 2 2 3
26.8166 0.684683 0.684683 2 2 3
26.7966 0.68474 0.68474 2 2 3
26.7766 0.684797 0.684797 2 2 3
26.7566 0.684853 0.684853 2 2 3
26.7366 0.68491 0.68491 2 2 3
26.7166 0.684967 0.684967 2 2 3
26.6966 0.685024 0.685024 2 2 3
26.6766 0.685082 0.685082 2 2 3
26.6566 0.685139 0.685139 2 2 3
26.6366 0.685196 0.685196 2 2 3
26.6166 0.685253 0.685253 2 2 3
26.5966 0.68531 0.68531 2 2 3
26.5766 0.685368 0.685368 2 2 3
26.5566 0.685425 0.685425 2 2 3
26.5366 0.685483 0.685483 2 2 3
26.5166 0.68554 0.68554 2 2 3
26.4966 0.685598 0.685598 2 2 3
26.4766 0.685655 0.685655 2 2 3
26.4566 0.685713 0.685713 2 2 3
26.4366 0.68577 0.68577 2 2 3
26.4166 0.685828 0.685828 2 2 3
26.3966 0.685886 0.685886 2 2 3
26.3766 0.685944 0.685944 2 2 3
26.3566 0.686002 0.686002 2 2 3
26.3366 0.68606 0.68606 2 2 3
26.3166 0.686118 0.686118 2 2 3
26.2966 0.686176 0.686176 2 2 3
26.2766 0.686234 0.686234 2 2 3
26.2566 0.686292 0.686292 2 2 3
26.2366 0.68635 0.68635 2 2 3
26.2166 0.686408 0.686408 2 2 3
26.1966 0.686466 0.686466 2 2 3
26.1766 0.686525 0.686525 2 2 3
26.1566 0.686583 0.686583 2 2 3
26.1366 0.686641 0.686641 2 2 3
26.1166 0.6867 0.6867 2 2 3
26.0966 0.686758 0.686758 2 2 3
26.0766 0.686817 0.686817 2 2 3
26.0566 0.686876 0.686876 2 2 3
26.0366 0.686934 0.686934 2 2 3
26.0166 0.686993 0.686993 2 2 3
25.9966 0.687052 0.687052 2 2 3
25.9766 0.687111 0.687111 2 2 3
25.9566 0.687169 0.687169 2 2 3
25.9366 0.687228 0.687228 2 2 3
25.9166 0.687287 0.687287 2 2 3
25.8966 0.687346 0.687346 2 2 3
25.8766 0.687405 0.687405 2 2 3
25.8566 0.687464 0.687464 2 2 3
25.8366 0.687524 0.687524 2 2 3
25.8166 0.687583 0.687583 2 2 3
25.7966 0.687642 0.687642 2 2 3
25.7766 0.687701 0.687701 2 2 3
25.7566 0.687761 0.687761 2 2 3
25.7366 0.68782 0.68782 2 2 3
25.7166 0.68788 0.68788 2 2 3
25.6966 0.687939 0.687939 2 2 3
25.6766 0.687999 0.687999 2 2 3
25.6566 0.688058 0.688058 2 2 3
25.6366 0.688118 0.688118 2 2 3
25.6166 0.688178 0.688178 2 2 3
25.5966 0.688238 0.688238 2 2 3
25.5766 0.688297 0.688297 2 2 3
25.5566 0.688357 0.688357 2 2 3
25.5366 0.688417 0.688417 2 2 3
25.5166 0.688477 0.688477 2 2 3
25.4966 0.688537 0.688537 2 2 3
25.4766 0.688597 0.688597 2 2 3
25.4566 0.688658 0.688658 2 2 3
25.4366 0.688718 0.688718 2 2 3
25.4166 0.688778 0.688778 2 2 3
25.3966 0.688838 0.688838 2 2 3
25.3766 0.688899 0.688899 2 2 3
25.3566 0.688959 0.688959 2 2 3
25.3366 0.68902 0.68902 2 2 3
25.3166 0.68908 0.68908 2 2 3
25.2966 0.689141 0.689141 2 2 3
25.2766 0.689201 0.689201 2 2 3
25.2566 0.689262 0.689262 2 2 3
25.2366 0.689323 0.689323 2 2 3
25.2166 0.689383 0.689383 2 2 3
25.1966 0.689444 0.689444 2 2 3
25.1766 0.689505 0.689505 2 2 3
25.1566 0.689566 0.689566 2 2 3
25.1366 0.689627 0.689627 2 2 3
25.1166 0.689688 0.689688 2 2 3
25.0966 0.689749 0.689749 2 2 3
25.0766 0.68981 0.68981 2 2 3
25.0566 0.689872 0.689872 2 2 3
25.0366 0.689933 0.689933 2 2 3
25.0166 0.689994 0.689994 2 2 3
24.9966 0.690056 0.690056 2 2 3
24.9766 0.690117 0.690117 2 2 3
24.9566 0.690179 0.690179 2 2 3
24.9366 0.69024 0.69024 2 2 3
24.9166 0.690302 0.690302 2 2 3
24.8966 0.690363 0.690363 2 2 3
24.8766 0.690425 0.690425 2 2 3
24.8566 0.690487 0.690487 2 2 3
24.8366 0.690549 0.690549 2 2 3
24.8166 0.690611 0.690611 2 2 3
24.7966 0.690672 0.690672 2 2 3
24.7766 0.690734 0.690734 2 2 3
24.7566 0.690796 0.690796 2 2 3
24.7366 0.690859 0.690859 2 2 3
24.7166 0.690921 0.690921 2 2 3
24.6966 0.690983 0.690983 2 2 3
24.6766 0.691045 0.691045 2 2 3
24.6566 0.691108 0.691108 2 2 3
24.6366 0.69117 0.69117 2 2 3
24.6166 0.691232 0.691232 2 2 3
24.5966 0.691295 0.691295 2 2 3
24.5766 0.691357 0.691357 2 2 3
24.5566 0.69142 0.69142 2 2 3
24.5366 0.691483 0.691483 2 2 3
24.5166 0.691545 0.691545 2 2 3
24.4966 0.691608 0.691608 2 2 3
24.4766 0.691671 0.691671 2 2 3
24.4566 0.691734 0.691734 2 2 3
24.4366 0.691797 0.691797 2 2 3
24.4166 0.69186 0.69186 2 2 3
24.3966 0.691923 0.691923 2 2 3
24.3766 0.691986 0.691986 2 2 3
24.3566 0.692049 0.692049 2 2 3
24.3366 0.692112 0.692112 2 2 3
24.3166 0.692176 0.692176 2 2 3
24.2966 0.692239 0.692239 2 2 3
24.2766 0.692302 0.692302 2 2 3
24.2566 0.692366 0.692366 2 2 3
24.2366 0.692429 0.692429 2 2 3
24.2166 0.692493 0.692493 2 2 3
24.1966 0.692557 0.692557 2 2 3
24.1766 0.69262 0.69262 2 2 3
24.1566 0.692684 0.692684 2 2 3
24.1366 0.692748 0.692748 2 2 3
24.1166 0.692812 0.692812 2 2 3
24.0966 0.692876 0.692876 2 2 3
24.0766 0.69294 0.69294 2 2 3
24.0566 0.693004 0.693004 2 2 3
24.0366 0.693068 0.693068 2 2 3
24.0166 0.693132 0.693132 2 2 3
23.9966 0.693196 0.693196 2 2 3
23.9766 0.693261 0.693261 2 2 3
23.9566 0.693325 0.693325 2 2 3
23.9366 0.693389 0.693389 2 2 3
23.9166 0.693454 0.693454 2 2 3
23.8966 0.693518 0.693518 2 2 3
23.8766 0.693583 0.693583 2 2 3
23.8566 0.693648 0.693648 2 2 3
23.8366 0.693712 0.693712 2 2 3
23.8166 0.693777 0.693777 2 2 3
23.7966 0.693842 0.693842 2 2 3
23.7766 0.693907 0.693907 2 2 3
23.7566 0.693972 0.693972 2 2 3
23.7366 0.694037 0.694037 2 2 3
23.7166 0.694102 0.694102 2 2 3
23.6966 0.694167 0.694167 2 2 3
23.6766 0.694232 0.694232 2 2 3
23.6566 0.694297 0.694297 2 2 3
23.6366 0.694363 0.694363 2 2 3
23.6166 0.694428 0.694428 2 2 3
23.5966 0.694494 0.694494 2 2 3
23.5766 0.694559 0.694559 2 2 3
23.5566 0.694625 0.694625 2 2 3
23.5366 0.69469 0.69469 2 2 3
23.5166 0.694756 0.694756 2 2 3
23.4966 0.694822 0.694822 2 2 3
23.4766 0.694887 0.694887 2 2 3
23.4566 0.694953 0.694953 2 2 3
23.4366 0.695019 0.695019 2 2 3
23.4166 0.695085 0.695085 2 2 3
23.3966 0.695151 0.695151 2 2 3
23.3766 0.695217 0.695217 2 2 3
23.3566 0.695284 0.695284 2 2 3
23.3366 0.69535 0.69535 2 2 3
23.3166 0.695416 0.695416 2 2 3
23.2966 0.695483 0.695483 2 2 3
23.2766 0.695549 0.695549 2 2 3
23.2566 0.695616 0.695616 2 2 3
23.2366 0.695682 0.695682 2 2 3
23.2166 0.695749 0.695749 2 2 3
23.1966 0.695815 0.695815 2 2 3
23.1766 0.695882 0.695882 2 2 3
23.1566 0.695949 0.695949 2 2 3
23.1366 0.696016 0.696016 2 2 3
23.1166 0.696083 0.696083 2 2 3
23.0966 0.69615 0.69615 2 2 3
23.0766 0.696217 0.696217 2 2 3
23.0566 0.696284 0.696284 2 2 3
23.0366 0.696351 0.696351 2 2 3
23.0166 0.696419 0.696419 2 2 3
22.9966 0.696486 0.696486 2 2 3
22.9766 0.696553 0.696553 2 2 3
22.9566 0.696621 0.696621 2 2 3
22.9366 0.696688 0.696688 2 2 3
22.9166 0.696756 0.696756 2 2 3
22.8966 0.696824 0.696824 2 2 3
22.8766 0.696891 0.696891 2 2 3
22.8566 0.696959 0.696959 2 2 3
22.8366 0.697027 0.697027 2 2 3
22.8166 0.697095 0.697095 2 2 3
22.7966 0.697163 0.697163 2 2 3
22.7766 0.697231 0.697231 2 2 3
22.7566 0.697299 0.697299 2 2 3
22.7366 0.697367 0.697367 2 2 3
22.7166 0.697436 0.697436 2 2 3
22.6966 0.697504 0.697504 2 2 3
22.6766 0.697572 0.697572 2 2 3
22.6566 0.697641 0.697641 2 2 3
22.6366 0.697709 0.697709 2 2 3
22.6166 0.697778 0.697778 2 2 3
22.5966 0.697847 0.697847 2 2 3
22.5766 0.697915 0.697915 2 2 3
22.5566 0.697984 0.697984 2 2 3
22.5366 0.698053 0.698053 2 2 3
22.5166 0.698122 0.698122 2 2 3
22.4966 0.698191 0.698191 2 2 3
22.4766 0.69826 0.69826 2 2 3
22.4566 0.698329 0.698329 2 2 3
22.4366 0.698398 0.698398 2 2 3
22.4166 0.698468 0.698468 2 2 3
22.3966 0.698537 0.698537 2 2 3
22.3766 0.698607 0.698607 2 2 3
22.3566 0.698676 0.698676 2 2 3
22.3366 0.698746 0.698746 2 2 3
22.3166 0.698815 0.698815 2 2 3
22.2966 0.698885 0.698885 2 2 3
22.2766 0.698955 0.698955 2 2 3
22.2566 0.699025 0.699025 2 2 3
22.2366 0.699094 0.699094 2 2 3
22.2166 0.699164 0.699164 2 2 3
22.1966 0.699234 0.699234 2 2 3
22.1766 0.699305 0.699305 2 2 3
22.1566 0.699375 0.699375 2 2 3
22.1366 0.699445 0.699445 2 2 3
22.1166 0.699515 0.699515 2 2 3
22.0966 0.699586 0.699586 2 2 3
22.0766 0.699656 0.699656 2 2 3
22.0566 0.699727 0.699727 2 2 3
22.0366 0.699797 0.699797 2 2 3
22.0166 0.699868 0.699868 2 2 3
21.9966 0.699939 0.699939 2 2 3
21.9766 0.70001 0.70001 2 2 3
21.9566 0.700081 0.700081 2 2 3
21.9366 0.700151 0.700151 2 2 3
21.9166 0.700223 0.700223 2 2 3
21.8966 0.700294 0.700294 2 2 3
21.8766 0.700365 0.700365 2 2 3
21.8566 0.700436 0.700436 2 2 3
21.8366 0.700507 0.700507 2 2 3
21.8166 0.700579 0.700579 2 2 3
21.7966 0.70065 0.70065 2 2 3
21.7766 0.700722 0.700722 2 2 3
21.7566 0.700793 0.700793 2 2 3
21.7366 0.700865 0.700865 2 2 3
21.7166 0.700937 0.700937 2 2 3
21.6966 0.701009 0.701009 2 2 3
21.6766 0.701081 0.701081 2 2 3
21.6566 0.701153 0.701153 2 2 3
21.6366 0.701225 0.701225 2 2 3
21.6166 0.701297 0.701297 2 2 3
21.5966 0.701369 0.701369 2 2 3
21.5766 0.701441 0.701441 2 2 3
21.5566 0.701514 0.701514 2 2 3
21.5366 0.701586 0.701586 2 2 3
21.5166 0.701659 0.701659 2 2 3
21.4966 0.701731 0.701731 2 2 3
21.4766 0.701804 0.701804 2 2 3
21.4566 0.701877 0.701877 2 2 3
21.4366 0.70195 0.70195 2 2 3
21.4166 0.702022 0.702022 2 2 3
21.3966 0.702095 0.702095 2 2 3
21.3766 0.702168 0.702168 2 2 3
21.3566 0.702242 0.702242 2 2 3
21.3366 0.702315 0.702315 2 2 3
21.3166 0.702388 0.702388 2 2 3
21.2966 0.702461 0.702461 2 2 3
21.2766 0.702535 0.702535 2 2 3
21.2566 0.702608 0.702608 2 2 3
21.2366 0.702682 0.702682 2 2 3
21.2166 0.702755 0.702755 2 2 3
21.1966 0.702829 0.702829 2 2 3
21.1766 0.702903 0.702903 2 2 3
21.1566 0.702977 0.702977 2 2 3
21.1366 0.703051 0.703051 2 2 3
21.1166 0.703125 0.703125 2 2 3
21.0966 0.703199 0.703199 2 2 3
21.0766 0.703273 0.703273 2 2 3
21.0566 0.703347 0.703347 2 2 3
21.0366 0.703422 0.703422 2 2 3
21.0166 0.703496 0.703496 2 2 3
20.9966 0.703571 0.703571 2 2 3
20.9766 0.703645 0.703645 2 2 3
20.9566 0.70372 0.70372 2 2 3
20.9366 0.703795 0.703795 2 2 3
20.9166 0.70387 0.70387 2 2 3
20.8966 0.703945 0.703945 2 2 3
20.8766 0.70402 0.70402 2 2 3
20.8566 0.704095 0.704095 2 2 3
20.8366 0.70417 0.70417 2 2 3
20.8166 0.704245 0.704245 2 2 3
20.7966 0.70432 0.70432 2 2 3
20.7766 0.704396 0.704396 2 2 3
20.7566 0.704471 0.704471 2 2 3
20.7366 0.704547 0.704547 2 2 3
20.7166 0.704622 0.704622 2 2 3
20.6966 0.704698 0.704698 2 2 3
20.6766 0.704774 0.704774 2 2 3
20.6566 0.70485 0.70485 2 2 3
20.6366 0.704926 0.704926 2 2 3
20.6166 0.705002 0.705002 2 2 3
20.5966 0.705078 0.705078 2 2 3
20.5766 0.705154 0.705154 2 2 3
20.5566 0.70523 0.70523 2 2 3
20.5366 0.705307 0.705307 2 2 3
20.5166 0.705383 0.705383 2 2 3
20.4966 0.70546 0.70546 2 2 3
20.4766 0.705536 0.705536 2 2 3
20.4566 0.705613 0.705613 2 2 3
20.4366 0.70569 0.70569 2 2 3
20.4166 0.705767 0.705767 2 2 3
20.3966 0.705844 0.705844 2 2 3
20.3766 0.705921 0.705921 2 2 3
20.3566 0.705998 0.705998 2 2 3
20.3366 0.706075 0.706075 2 2 3
20.3166 0.706152 0.706152 2 2 3
20.2966 0.70623 0.70623 2 2 3
20.2766 0.706307 0.706307 2 2 3
20.2566 0.706385 0.706385 2 2 3
20.2366 0.706462 0.706462 2 2 3
20.2166 0.70654 0.70654 2 2 3
20.1966 0.706618 0.706618 2 2 3
20.1766 0.706696 0.706696 2 2 3
20.1566 0.706774 0.706774 2 2 3
20.1366 0.706852 0.706852 2 2 3
20.1166 0.70693 0.70693 2 2 3
20.0966 0.707008 0.707008 2 2 3
20.0766 0.707086 0.707086 2 2 3
20.0566 0.707165 0.707165 2 2 3
20.0366 0.707243 0.707243 2 2 3
20.0166 0.707322 0.707322 2 2 3
19.9966 0.707401 0.707401 2 2 3
19.9766 0.707479 0.707479 2 2 3
19.9566 0.707558 0.707558 2 2 3
19.9366 0.707637 0.707637 2 2 3
19.9166 0.707716 0.707716 2 2 3
19.8966 0.707795 0.707795 2 2 3
19.8766 0.707874 0.707874 2 2 3
19.8566 0.707954 0.707954 2 2 3
19.8366 0.708033 0.708033 2 2 3
19.8166 0.708112 0.708112 2 2 3
19.7966 0.708192 0.708192 2 2 3
19.7766 0.708272 0.708272 2 2 3
19.7566 0.708351 0.708351 2 2 3
19.7366 0.708431 0.708431 2 2 3
19.7166 0.708511 0.708511 2 2 3
19.6966 0.708591 0.708591 2 2 3
19.6766 0.708671 0.708671 2 2 3
19.6566 0.708751 0.708751 2 2 3
19.6366 0.708832 0.708832 2 2 3
19.6166 0.708912 0.708912 2 2 3
19.5966 0.708992 0.708992 2 2 3
19.5766 0.709073 0.709073 2 2 3
19.5566 0.709154 0.709154 2 2 3
19.5366 0.709234 0.709234 2 2 3
19.5166 0.709315 0.709315 2 2 3
19.4966 0.709396 0.709396 2 2 3
19.4766 0.709477 0.709477 2 2 3
19.4566 0.709558 0.709558 2 2 3
19.4366 0.709639 0.709639 2 2 3
19.4166 0.709721 0.709721 2 2 3
19.3966 0.709802 0.709802 2 2 3
19.3766 0.709884 0.709884 2 2 3
19.3566 0.709965 0.709965 2 2 3
19.3366 0.710047 0.710047 2 2 3
19.3166 0.710129 0.710129 2 2 3
19.2966 0.71021 0.71021 2 2 3
19.2766 0.710292 0.710292 2 2 3
19.2566 0.710374 0.710374 2 2 3
19.2366 0.710456 0.710456 2 2 3
19.2166 0.710539 0.710539 2 2 3
19.1966 0.710621 0.710621 2 2 3
19.1766 0.710703 0.710703 2 2 3
19.1566 0.710786 0.710786 2 2 3
19.1366 0.710869 0.710869 2 2 3
19.1166 0.710951 0.710951 2 2 3
19.0966 0.711034 0.711034 2 2 3
19.0766 0.711117 0.711117 2 2 3
19.0566 0.7112 0.7112 2 2 3
19.0366 0.711283 0.711283 2 2 3
19.0166 0.711366 0.711366 2 2 3
18.9966 0.711449 0.711449 2 2 3
18.9766 0.711533 0.711533 2 2 3
18.9566 0.711616 0.711616 2 2 3
18.9366 0.7117 0.7117 2 2 3
18.9166 0.711784 0.711784 2 2 3
18.8966 0.711867 0.711867 2 2 3
18.8766 0.711951 0.711951 2 2 3
18.8566 0.712035 0.712035 2 2 3
18.8366 0.712119 0.712119 2 2 3
18.8166 0.712203 0.712203 2 2 3
18.7966 0.712288 0.712288 2 2 3
18.7766 0.712372 0.712372 2 2 3
18.7566 0.712457 0.712457 2 2 3
18.7366 0.712541 0.712541 2 2 3
18.7166 0.712626 0.712626 2 2 3
18.6966 0.712711 0.712711 2 2 3
18.6766 0.712795 0.712795 2 2 3
18.6566 0.71288 0.71288 2 2 3
18.6366 0.712965 0.712965 2 2 3
18.6166 0.713051 0.713051 2 2 3
18.5966 0.713136 0.713136 2 2 3
18.5766 0.713221 0.713221 2 2 3
18.5566 0.713307 0.713307 2 2 3
18.5366 0.713392 0.713392 2 2 3
18.5166 0.713478 0.713478 2 2 3
18.4966 0.713564 0.713564 2 2 3
18.4766 0.71365 0.71365 2 2 3
18.4566 0.713736 0.713736 2 2 3
18.4366 0.713822 0.713822 2 2 3
18.4166 0.713908 0.713908 2 2 3
18.3966 0.713994 0.713994 2 2 3
18.3766 0.714081 0.714081 2 2 3
18.3566 0.714167 0.714167 2 2 3
18.3366 0.714254 0.714254 2 2 3
18.3166 0.714341 0.714341 2 2 3
18.2966 0.714428 0.714428 2 2 3
18.2766 0.714514 0.714514 2 2 3
18.2566 0.714601 0.714601 2 2 3
18.2366 0.714689 0.714689 2 2 3
18.2166 0.714776 0.714776 2 2 3
18.1966 0.714863 0.714863 2 2 3
18.1766 0.714951 0.714951 2 2 3
18.1566 0.715038 0.715038 2 2 3
18.1366 0.715126 0.715126 2 2 3
18.1166 0.715214 0.715214 2 2 3
18.0966 0.715302 0.715302 2 2 3
18.0766 0.71539 0.71539 2 2 3
18.0566 0.715478 0.715478 2 2 3
18.0366 0.715566 0.715566 2 2 3
18.0166 0.715654 0.715654 2 2 3
17.9966 0.715743 0.715743 2 2 3
17.9766 0.715831 0.715831 2 2 3
17.9566 0.71592 0.71592 2 2 3
17.9366 0.716009 0.716009 2 2 3
17.9166 0.716098 0.716098 2 2 3
17.8966 0.716187 0.716187 2 2 3
17.8766 0.716276 0.716276 2 2 3
17.8566 0.716365 0.716365 2 2 3
17.8366 0.716454 0.716454 2 2 3
17.8166 0.716544 0.716544 2 2 3
17.7966 0.716633 0.716633 2 2 3
17.7766 0.716723 0.716723 2 2 3
17.7566 0.716813 0.716813 2 2 3
17.7366 0.716903 0.716903 2 2 3
17.7166 0.716993 0.716993 2 2 3
17.6966 0.717083 0.717083 2 2 3
17.6766 0.717173 0.717173 2 2 3
17.6566 0.717263 0.717263 2 2 3
17.6366 0.717354 0.717354 2 2 3
17.6166 0.717444 0.717444 2 2 3
17.5966 0.717535 0.717535 2 2 3
17.5766 0.717626 0.717626 2 2 3
17.5566 0.717717 0.717717 2 2 3
17.5366 0.717808 0.717808 2 2 3
17.5166 0.717899 0.717899 2 2 3
17.4966 0.71799 0.71799 2 2 3
17.4766 0.718082 0.718082 2 2 3
17.4566 0.718173 0.718173 2 2 3
17.4366 0.718265 0.718265 2 2 3
17.4166 0.718356 0.718356 2 2 3
17.3966 0.718448 0.718448 2 2 3
17.3766 0.71854 0.71854 2 2 3
17.3566 0.718632 0.718632 2 2 3
17.3366 0.718725 0.718725 2 2 3
17.3166 0.718817 0.718817 2 2 3
17.2966 0.718909 0.718909 2 2 3
17.2766 0.719002 0.719002 2 2 3
17.2566 0.719094 0.719094 2 2 3
17.2366 0.719187 0.719187 2 2 3
17.2166 0.71928 0.71928 2 2 3
17.1966 0.719373 0.719373 2 2 3
17.1766 0.719466 0.719466 2 2 3
17.1566 0.71956 0.71956 2 2 3
17.1366 0.719653 0.719653 2 2 3
17.1166 0.719747 0.719747 2 2 3
17.0966 0.71984 0.71984 2 2 3
17.0766 0.719934 0.719934 2 2 3
17.0566 0.720028 0.720028 2 2 3
17.0366 0.720122 0.720122 2 2 3
17.0166 0.720216 0.720216 2 2 3
16.9966 0.72031 0.72031 2 2 3
16.9766 0.720405 0.720405 2 2 3
16.9566 0.720499 0.720499 2 2 3
16.9366 0.720594 0.720594 2 2 3
16.9166 0.720688 0.720688 2 2 3
16.8966 0.720783 0.720783 2 2 3
16.8767 0.720878 0.720878 2 2 3
16.8567 0.720973 0.720973 2 2 3
16.8367 0.721069 0.721069 2 2 3
16.8167 0.721164 0.721164 2 2 3
16.7967 0.72126 0.72126 2 2 3
16.7767 0.721355 0.721355 2 2 3
16.7567 0.721451 0.721451 2 2 3
16.7367 0.721547 0.721547 2 2 3
16.7167 0.721643 0.721643 2 2 3
16.6967 0.721739 0.721739 2 2 3
16.6767 0.721835 0.721835 2 2 3
16.6567 0.721932 0.721932 2 2 3
16.6367 0.722028 0.722028 2 2 3
16.6167 0.722125 0.722125 2 2 3
16.5967 0.722222 0.722222 2 2 3
16.5767 0.722318 0.722318 2 2 3
16.5567 0.722416 0.722416 2 2 3
16.5367 0.722513 0.722513 2 2 3
16.5167 0.72261 0.72261 2 2 3
16.4967 0.722707 0.722707 2 2 3
16.4767 0.722805 0.722805 2 2 3
16.4567 0.722903 0.722903 2 2 3
16.4367 0.723001 0.723001 2 2 3
16.4167 0.723098 0.723098 2 2 3
16.3967 0.723197 0.723197 2 2 3
16.3767 0.723295 0.723295 2 2 3
16.3567 0.723393 0.723393 2 2 3
16.3367 0.723492 0.723492 2 2 3
16.3167 0.72359 0.72359 2 2 3
16.2967 0.723689 0.723689 2 2 3
16.2767 0.723788 0.723788 2 2 3
16.2567 0.723887 0.723887 2 2 3
16.2367 0.723986 0.723986 2 2 3
16.2167 0.724085 0.724085 2 2 3
16.1967 0.724185 0.724185 2 2 3
16.1767 0.724284 0.724284 2 2 3
16.1567 0.724384 0.724384 2 2 3
16.1367 0.724484 0.724484 2 2 3
16.1167 0.724584 0.724584 2 2 3
16.0967 0.724684 0.724684 2 2 3
16.0767 0.724784 0.724784 2 2 3
16.0567 0.724885 0.724885 2 2 3
16.0367 0.724985 0.724985 2 2 3
16.0167 0.725086 0.725086 2 2 3
15.9967 0.725187 0.725187 2 2 3
15.9767 0.725288 0.725288 2 2 3
15.9567 0.725389 0.725389 2 2 3
15.9367 0.72549 0.72549 2 2 3
15.9167 0.725592 0.725592 2 2 3
15.8967 0.725693 0.725693 2 2 3
15.8767 0.725795 0.725795 2 2 3
15.8567 0.725897 0.725897 2 2 3
15.8367 0.725999 0.725999 2 2 3
15.8167 0.726101 0.726101 2 2 3
15.7967 0.726203 0.726203 2 2 3
15.7767 0.726305 0.726305 2 2 3
15.7567 0.726408 0.726408 2 2 3
15.7367 0.726511 0.726511 2 2 3
15.7167 0.726613 0.726613 2 2 3
15.6967 0.726716 0.726716 2 2 3
15.6767 0.726819 0.726819 2 2 3
15.6567 0.726923 0.726923 2 2 3
15.6367 0.727026 0.727026 2 2 3
15.6167 0.72713 0.72713 2 2 3
15.5967 0.727233 0.727233 2 2 3
15.5767 0.727337 0.727337 2 2 3
15.5567 0.727441 0.727441 2 2 3
15.5367 0.727545 0.727545 2 2 3
15.5167 0.72765 0.72765 2 2 3
15.4967 0.727754 0.727754 2 2 3
15.4767 0.727859 0.727859 2 2 3
15.4567 0.727964 0.727964 2 2 3
15.4367 0.728068 0.728068 2 2 3
15.4167 0.728173 0.728173 2 2 3
15.3967 0.728279 0.728279 2 2 3
15.3767 0.728384 0.728384 2 2 3
15.3567 0.72849 0.72849 2 2 3
15.3367 0.728595 0.728595 2 2 3
15.3167 0.728701 0.728701 2 2 3
15.2967 0.728807 0.728807 2 2 3
15.2767 0.728913 0.728913 2 2 3
15.2567 0.729019 0.729019 2 2 3
15.2367 0.729126 0.729126 2 2 3
15.2167 0.729232 0.729232 2 2 3
15.1967 0.729339 0.729339 2 2 3
15.1767 0.729446 0.729446 2 2 3
15.1567 0.729553 0.729553 2 2 3
15.1367 0.72966 0.72966 2 2 3
15.1167 0.729768 0.729768 2 2 3
15.0967 0.729875 0.729875 2 2 3
15.0767 0.729983 0.729983 2 2 3
15.0567 0.730091 0.730091 2 2 3
15.0367 0.730199 0.730199 2 2 3
15.0167 0.730307 0.730307 2 2 3
14.9967 0.730415 0.730415 2 2 3
14.9767 0.730524 0.730524 2 2 3
14.9567 0.730632 0.730632 2 2 3
14.9367 0.730741 0.730741 2 2 3
14.9167 0.73085 0.73085 2 2 3
14.8967 0.730959 0.730959 2 2 3
14.8767 0.731069 0.731069 2 2 3
14.8567 0.731178 0.731178 2 2 3
14.8367 0.731288 0.731288 2 2 3
14.8167 0.731398 0.731398 2 2 3
14.7967 0.731507 0.731507 2 2 3
14.7767 0.731618 0.731618 2 2 3
14.7567 0.731728 0.731728 2 2 3
14.7367 0.731838 0.731838 2 2 3
14.7167 0.731949 0.731949 2 2 3
14.6967 0.73206 0.73206 2 2 3
14.6767 0.732171 0.732171 2 2 3
14.6567 0.732282 0.732282 2 2 3
14.6367 0.732393 0.732393 2 2 3
14.6167 0.732505 0.732505 2 2 3
14.5967 0.732616 0.732616 2 2 3
14.5767 0.732728 0.732728 2 2 3
14.5567 0.73284 0.73284 2 2 3
14.5367 0.732952 0.732952 2 2 3
14.5167 0.733065 0.733065 2 2 3
14.4967 0.733177 0.733177 2 2 3
14.4767 0.73329 0.73329 2 2 3
14.4567 0.733403 0.733403 2 2 3
14.4367 0.733516 0.733516 2 2 3
14.4167 0.733629 0.733629 2 2 3
14.3967 0.733742 0.733742 2 2 3
14.3767 0.733856 0.733856 2 2 3
14.3567 0.733969 0.733969 2 2 3
14.3367 0.734083 0.734083 2 2 3
14.3167 0.734197 0.734197 2 2 3
14.2967 0.734312 0.734312 2 2 3
14.2767 0.734426 0.734426 2 2 3
14.2567 0.734541 0.734541 2 2 3
14.2367 0.734655 0.734655 2 2 3
14.2167 0.73477 0.73477 2 2 3
14.1967 0.734885 0.734885 2 2 3
14.1767 0.735001 0.735001 2 2 3
14.1567 0.735116 0.735116 2 2 3
14.1367 0.735232 0.735232 2 2 3
14.1167 0.735348 0.735348 2 2 3
14.0967 0.735464 0.735464 2 2 3
14.0767 0.73558 0.73558 2 2 3
14.0567 0.735697 0.735697 2 2 3
14.0367 0.735813 0.735813 2 2 3
14.0167 0.73593 0.73593 2 2 3
13.9967 0.736047 0.736047 2 2 3
13.9767 0.736164 0.736164 2 2 3
13.9567 0.736281 0.736281 2 2 3
13.9367 0.736399 0.736399 2 2 3
13.9167 0.736517 0.736517 2 2 3
13.8967 0.736635 0.736635 2 2 3
13.8767 0.736753 0.736753 2 2 3
13.8567 0.736871 0.736871 2 2 3
13.8367 0.736989 0.736989 2 2 3
13.8167 0.737108 0.737108 2 2 3
13.7967 0.737227 0.737227 2 2 3
13.7767 0.737346 0.737346 2 2 3
13.7567 0.737465 0.737465 2 2 3
13.7367 0.737585 0.737585 2 2 3
13.7167 0.737704 0.737704 2 2 3
13.6967 0.737824 0.737824 2 2 3
13.6767 0.737944 0.737944 2 2 3
13.6567 0.738064 0.738064 2 2 3
13.6367 0.738185 0.738185 2 2 3
13.6167 0.738305 0.738305 2 2 3
13.5967 0.738426 0.738426 2 2 3
13.5767 0.738547 0.738547 2 2 3
13.5567 0.738668 0.738668 2 2 3
13.5367 0.73879 0.73879 2 2 3
13.5167 0.738911 0.738911 2 2 3
13.4967 0.739033 0.739033 2 2 3
13.4767 0.739155 0.739155 2 2 3
13.4567 0.739277 0.739277 2 2 3
13.4367 0.7394 0.7394 2 2 3
13.4167 0.739522 0.739522 2 2 3
13.3967 0.739645 0.739645 2 2 3
13.3767 0.739768 0.739768 2 2 3
13.3567 0.739891 0.739891 2 2 3
13.3367 0.740015 0.740015 2 2 3
13.3167 0.740139 0.740139 2 2 3
13.2967 0.740262 0.740262 2 2 3
13.2767 0.740386 0.740386 2 2 3
13.2567 0.740511 0.740511 2 2 3
13.2367 0.740635 0.740635 2 2 3
13.2167 0.74076 0.74076 2 2 3
13.1967 0.740885 0.740885 2 2 3
13.1767 0.74101 0.74101 2 2 3
13.1567 0.741135 0.741135 2 2 3
13.1367 0.741261 0.741261 2 2 3
13.1167 0.741386 0.741386 2 2 3
13.0967 0.741512 0.741512 2 2 3
13.0767 0.741638 0.741638 2 2 3
13.0567 0.741765 0.741765 2 2 3
13.0367 0.741891 0.741891 2 2 3
13.0167 0.742018 0.742018 2 2 3
12.9967 0.742145 0.742145 2 2 3
12.9767 0.742272 0.742272 2 2 3
12.9567 0.7424 0.7424 2 2 3
12.9367 0.742528 0.742528 2 2 3
12.9167 0.742656 0.742656 2 2 3
12.8967 0.742784 0.742784 2 2 3
12.8767 0.742912 0.742912 2 2 3
12.8567 0.743041 0.743041 2 2 3
12.8367 0.743169 0.743169 2 2 3
12.8167 0.743298 0.743298 2 2 3
12.7967 0.743428 0.743428 2 2 3
12.7767 0.743557 0.743557 2 2 3
12.7567 0.743687 0.743687 2 2 3
12.7367 0.743817 0.743817 2 2 3
12.7167 0.743947 0.743947 2 2 3
12.6967 0.744077 0.744077 2 2 3
12.6767 0.744208 0.744208 2 2 3
12.6567 0.744339 0.744339 2 2 3
12.6367 0.74447 0.74447 2 2 3
12.6167 0.744601 0.744601 2 2 3
12.5967 0.744732 0.744732 2 2 3
12.5767 0.744864 0.744864 2 2 3
12.5567 0.744996 0.744996 2 2 3
12.5367 0.745128 0.745128 2 2 3
12.5167 0.745261 0.745261 2 2 3
12.4967 0.745394 0.745394 2 2 3
12.4767 0.745526 0.745526 2 2 3
12.4567 0.74566 0.74566 2 2 3
12.4367 0.745793 0.745793 2 2 3
12.4167 0.745927 0.745927 2 2 3
12.3967 0.746061 0.746061 2 2 3
12.3767 0.746195 0.746195 2 2 3
12.3567 0.746329 0.746329 2 2 3
12.3367 0.746464 0.746464 2 2 3
12.3167 0.746598 0.746598 2 2 3
12.2967 0.746734 0.746734 2 2 3
12.2767 0.746869 0.746869 2 2 3
12.2567 0.747004 0.747004 2 2 3
12.2367 0.74714 0.74714 2 2 3
12.2167 0.747276 0.747276 2 2 3
12.1967 0.747413 0.747413 2 2 3
12.1767 0.747549 0.747549 2 2 3
12.1567 0.747686 0.747686 2 2 3
12.1367 0.747823 0.747823 2 2 3
12.1167 0.747961 0.747961 2 2 3
12.0967 0.748098 0.748098 2 2 3
12.0767 0.748236 0.748236 2 2 3
12.0567 0.748374 0.748374 2 2 3
12.0367 0.748512 0.748512 2 2 3
12.0167 0.748651 0.748651 2 2 3
11.9967 0.74879 0.74879 2 2 3
11.9767 0.748929 0.748929 2 2 3
11.9567 0.749068 0.749068 2 2 3
11.9367 0.749208 0.749208 2 2 3
11.9167 0.749348 0.749348 2 2 3
11.8967 0.749488 0.749488 2 2 3
11.8767 0.749628 0.749628 2 2 3
11.8567 0.749769 0.749769 2 2 3
11.8367 0.74991 0.74991 2 2 3
11.8167 0.750051 0.750051 2 2 3
11.7967 0.750193 0.750193 2 2 3
11.7767 0.750334 0.750334 2 2 3
11.7567 0.750476 0.750476 2 2 3
11.7367 0.750619 0.750619 2 2 3
11.7167 0.750761 0.750761 2 2 3
11.6967 0.750904 0.750904 2 2 3
11.6767 0.751047 0.751047 2 2 3
11.6567 0.751191 0.751191 2 2 3
11.6367 0.751334 0.751334 2 2 3
11.6167 0.751478 0.751478 2 2 3
11.5967 0.751622 0.751622 2 2 3
11.5767 0.751767 0.751767 2 2 3
11.5567 0.751912 0.751912 2 2 3
11.5367 0.752057 0.752057 2 2 3
11.5167 0.752202 0.752202 2 2 3
11.4967 0.752347 0.752347 2 2 3
11.4767 0.752493 0.752493 2 2 3
11.4567 0.752639 0.752639 2 2 3
11.4367 0.752786 0.752786 2 2 3
11.4167 0.752933 0.752933 2 2 3
11.3967 0.75308 0.75308 2 2 3
11.3767 0.753227 0.753227 2 2 3
11.3567 0.753375 0.753375 2 2 3
11.3367 0.753522 0.753522 2 2 3
11.3167 0.753671 0.753671 2 2 3
11.2967 0.753819 0.753819 2 2 3
11.2767 0.753968 0.753968 2 2 3
11.2567 0.754117 0.754117 2 2 3
11.2368 0.754266 0.754266 2 2 3
11.2168 0.754416 0.754416 2 2 3
11.1968 0.754566 0.754566 2 2 3
11.1768 0.754716 0.754716 2 2 3
11.1568 0.754867 0.754867 2 2 3
11.1368 0.755017 0.755017 2 2 3
11.1168 0.755169 0.755169 2 2 3
11.0968 0.75532 0.75532 2 2 3
11.0768 0.755472 0.755472 2 2 3
11.0568 0.755624 0.755624 2 2 3
11.0368 0.755776 0.755776 2 2 3
11.0168 0.755929 0.755929 2 2 3
10.9968 0.756082 0.756082 2 2 3
10.9768 0.756235 0.756235 2 2 3
10.9568 0.756389 0.756389 2 2 3
10.9368 0.756543 0.756543 2 2 3
10.9168 0.756697 0.756697 2 2 3
10.8968 0.756851 0.756851 2 2 3
10.8768 0.757006 0.757006 2 2 3
10.8568 0.757161 0.757161 2 2 3
10.8368 0.757317 0.757317 2 2 3
10.8168 0.757473 0.757473 2 2 3
10.7968 0.757629 0.757629 2 2 3
10.7768 0.757785 0.757785 2 2 3
10.7568 0.757942 0.757942 2 2 3
10.7368 0.758099 0.758099 2 2 3
10.7168 0.758256 0.758256 2 2 3
10.6968 0.758414 0.758414 2 2 3
10.6768 0.758572 0.758572 2 2 3
10.6568 0.758731 0.758731 2 2 3
10.6368 0.758889 0.758889 2 2 3
10.6168 0.759049 0.759049 2 2 3
10.5968 0.759208 0.759208 2 2 3
10.5768 0.759368 0.759368 2 2 3
10.5568 0.759528 0.759528 2 2 3
10.5368 0.759688 0.759688 2 2 3
10.5168 0.759849 0.759849 2 2 3
10.4968 0.76001 0.76001 2 2 3
10.4768 0.760171 0.760171 2 2 3
10.4568 0.760333 0.760333 2 2 3
10.4368 0.760495 0.760495 2 2 3
10.4168 0.760658 0.760658 2 2 3
10.3968 0.760821 0.760821 2 2 3
10.3768 0.760984 0.760984 2 2 3
10.3568 0.761147 0.761147 2 2 3
10.3368 0.761311 0.761311 2 2 3
10.3168 0.761475 0.761475 2 2 3
10.2968 0.76164 0.76164 2 2 3
10.2768 0.761805 0.761805 2 2 3
10.2568 0.76197 0.76197 2 2 3
10.2368 0.762136 0.762136 2 2 3
10.2168 0.762302 0.762302 2 2 3
10.1968 0.762468 0.762468 2 2 3
10.1768 0.762635 0.762635 2 2 3
10.1568 0.762802 0.762802 2 2 3
10.1368 0.76297 0.76297 2 2 3
10.1168 0.763138 0.763138 2 2 3
10.0968 0.763306 0.763306 2 2 3
10.0768 0.763474 0.763474 2 2 3
10.0568 0.763643 0.763643 2 2 3
10.0368 0.763813 0.763813 2 2 3
10.0168 0.763982 0.763982 2 2 3
9.99679 0.764152 0.764152 2 2 3
9.97679 0.764323 0.764323 2 2 3
9.95679 0.764494 0.764494 2 2 3
9.93679 0.764665 0.764665 2 2 3
9.91679 0.764837 0.764837 2 2 3
9.89679 0.765009 0.765009 2 2 3
9.87679 0.765181 0.765181 2 2 3
9.85679 0.765354 0.765354 2 2 3
9.8368 0.765527 0.765527 2 2 3
9.8168 0.765701 0.765701 2 2 3
9.7968 0.765875 0.765875 2 2 3
9.7768 0.766049 0.766049 2 2 3
9.7568 0.766224 0.766224 2 2 3
9.7368 0.766399 0.766399 2 2 3
9.7168 0.766574 0.766574 2 2 3
9.6968 0.76675 0.76675 2 2 3
9.6768 0.766927 0.766927 2 2 3
9.6568 0.767103 0.767103 2 2 3
9.6368 0.767281 0.767281 2 2 3
9.6168 0.767458 0.767458 2 2 3
9.5968 0.767636 0.767636 2 2 3
9.57681 0.767815 0.767815 2 2 3
9.55681 0.767993 0.767993 2 2 3
9.53681 0.768173 0.768173 2 2 3
9.51681 0.768352 0.768352 2 2 3
9.49681 0.768532 0.768532 2 2 3
9.47681 0.768713 0.768713 2 2 3
9.45681 0.768894 0.768894 2 2 3
9.43681 0.769075 0.769075 2 2 3
9.41681 0.769257 0.769257 2 2 3
9.39681 0.769439 0.769439 2 2 3
9.37681 0.769622 0.769622 2 2 3
9.35681 0.769805 0.769805 2 2 3
9.33682 0.769988 0.769988 2 2 3
9.31682 0.770172 0.770172 2 2 3
9.29682 0.770357 0.770357 2 2 3
9.27682 0.770542 0.770542 2 2 3
9.25682 0.770727 0.770727 2 2 3
9.23682 0.770913 0.770913 2 2 3
9.21682 0.771099 0.771099 2 2 3
9.19682 0.771285 0.771285 2 2 3
9.17682 0.771473 0.771473 2 2 3
9.15682 0.77166 0.77166 2 2 3
9.13682 0.771848 0.771848 2 2 3
9.11682 0.772037 0.772037 2 2 3
9.09683 0.772225 0.772225 2 2 3
9.07683 0.772415 0.772415 2 2 3
9.05683 0.772605 0.772605 2 2 3
9.03683 0.772795 0.772795 2 2 3
9.01683 0.772986 0.772986 2 2 3
8.99683 0.773177 0.773177 2 2 3
8.97683 0.773369 0.773369 2 2 3
8.95683 0.773561 0.773561 2 2 3
8.93683 0.773754 0.773754 2 2 3
8.91683 0.773947 0.773947 2 2 3
8.89683 0.77414 0.77414 2 2 3
8.87684 0.774335 0.774335 2 2 3
8.85684 0.774529 0.774529 2 2 3
8.83684 0.774724 0.774724 2 2 3
8.81684 0.77492 0.77492 2 2 3
8.79684 0.775116 0.775116 2 2 3
8.77684 0.775313 0.775313 2 2 3
8.75684 0.77551 0.77551 2 2 3
8.73684 0.775707 0.775707 2 2 3
8.71684 0.775905 0.775905 2 2 3
8.69684 0.776104 0.776104 2 2 3
8.67685 0.776303 0.776303 2 2 3
8.65685 0.776503 0.776503 2 2 3
8.63685 0.776703 0.776703 2 2 3
8.61685 0.776904 0.776904 2 2 3
8.59685 0.777105 0.777105 2 2 3
8.57685 0.777306 0.777306 2 2 3
8.55685 0.777509 0.777509 2 2 3
8.53685 0.777711 0.777711 2 2 3
8.51685 0.777915 0.777915 2 2 3
8.49685 0.778118 0.778118 2 2 3
8.47686 0.778323 0.778323 2 2 3
8.45686 0.778528 0.778528 2 2 3
8.43686 0.778733 0.778733 2 2 3
8.41686 0.778939 0.778939 2 2 3
8.39686 0.779146 0.779146 2 2 3
8.37686 0.779353 0.779353 2 2 3
8.35686 0.77956 0.77956 2 2 3
8.33686 0.779769 0.779769 2 2 3
8.31686 0.779977 0.779977 2 2 3
8.29687 0.780187 0.780187 2 2 3
8.27687 0.780396 0.780396 2 2 3
8.25687 0.780607 0.780607 2 2 3
8.23687 0.780818 0.780818 2 2 3
8.21687 0.781029 0.781029 2 2 3
8.19687 0.781242 0.781242 2 2 3
8.17687 0.781454 0.781454 2 2 3
8.15687 0.781668 0.781668 2 2 3
8.13687 0.781881 0.781881 2 2 3
8.11688 0.782096 0.782096 2 2 3
8.09688 0.782311 0.782311 2 2 3
8.07688 0.782527 0.782527 2 2 3
8.05688 0.782743 0.782743 2 2 3
8.03688 0.78296 0.78296 2 2 3
8.01688 0.783177 0.783177 2 2 3
7.99688 0.783395 0.783395 2 2 3
7.97688 0.783614 0.783614 2 2 3
7.95688 0.783833 0.783833 2 2 3
7.93689 0.784053 0.784053 2 2 3
7.91689 0.784273 0.784273 2 2 3
7.89689 0.784495 0.784495 2 2 3
7.87689 0.784716 0.784716 2 2 3
7.85689 0.784939 0.784939 2 2 3
7.83689 0.785162 0.785162 2 2 3
7.81689 0.785385 0.785385 2 2 3
7.79689 0.78561 0.78561 2 2 3
7.7769 0.785835 0.785835 2 2 3
7.7569 0.78606 0.78606 2 2 3
7.7369 0.786286 0.786286 2 2 3
7.7169 0.786513 0.786513 2 2 3
7.6969 0.786741 0.786741 2 2 3
7.6769 0.786969 0.786969 2 2 3
7.6569 0.787198 0.787198 2 2 3
7.6369 0.787427 0.787427 2 2 3
7.61691 0.787658 0.787658 2 2 3
7.59691 0.787888 0.787888 2 2 3
7.57691 0.78812 0.78812 2 2 3
7.55691 0.788352 0.788352 2 2 3
7.53691 0.788585 0.788585 2 2 3
7.51691 0.788819 0.788819 2 2 3
7.49691 0.789053 0.789053 2 2 3
7.47692 0.789288 0.789288 2 2 3
7.45692 0.789524 0.789524 2 2 3
7.43692 0.78976 0.78976 2 2 3
7.41692 0.789997 0.789997 2 2 3
7.39692 0.790235 0.790235 2 2 3
7.37692 0.790473 0.790473 2 2 3
7.35692 0.790713 0.790713 2 2 3
7.33693 0.790953 0.790953 2 2 3
7.31693 0.791193 0.791193 2 2 3
7.29693 0.791435 0.791435 2 2 3
7.27693 0.791677 0.791677 2 2 3
7.25693 0.79192 0.79192 2 2 3
7.23693 0.792164 0.792164 2 2 3
7.21693 0.792408 0.792408 2 2 3
7.19694 0.792653 0.792653 2 2 3
7.17694 0.792899 0.792899 2 2 3
7.15694 0.793146 0.793146 2 2 3
7.13694 0.793394 0.793394 2 2 3
7.11694 0.793642 0.793642 2 2 3
7.09694 0.793891 0.793891 2 2 3
7.07694 0.794141 0.794141 2 2 3
7.05695 0.794391 0.794391 2 2 3
7.03695 0.794643 0.794643 2 2 3
7.01695 0.794895 0.794895 2 2 3
6.99695 0.795148 0.795148 2 2 3
6.97695 0.795402 0.795402 2 2 3
6.95695 0.795656 0.795656 2 2 3
6.93696 0.795912 0.795912 2 2 3
6.91696 0.796168 0.796168 2 2 3
6.89696 0.796425 0.796425 2 2 3
6.87696 0.796683 0.796683 2 2 3
6.85696 0.796942 0.796942 2 2 3
6.83696 0.797201 0.797201 2 2 3
6.81697 0.797462 0.797462 2 2 3
6.79697 0.797723 0.797723 2 2 3
6.77697 0.797985 0.797985 2 2 3
6.75697 0.798248 0.798248 2 2 3
6.73697 0.798512 0.798512 2 2 3
6.71697 0.798777 0.798777 2 2 3
6.69698 0.799043 0.799043 2 2 3
6.67698 0.799309 0.799309 2 2 3
6.65698 0.799577 0.799577 2 2 3
6.63698 0.799845 0.799845 2 2 3
6.61698 0.800114 0.800114 2 2 3
6.59699 0.800384 0.800384 2 2 3
6.57699 0.800655 0.800655 2 2 3
6.55699 0.800927 0.800927 2 2 3
6.53699 0.8012 0.8012 2 2 3
6.51699 0.801474 0.801474 2 2 3
6.49699 0.801749 0.801749 2 2 3
6.477 0.802025 0.802025 2 2 3
6.457 0.802301 0.802301 2 2 3
6.437 0.802579 0.802579 2 2 3
6.417 0.802857 0.802857 2 2 3
6.397 0.803137 0.803137 2 2 3
6.37701 0.803418 0.803418 2 2 3
6.35701 0.803699 0.803699 2 2 3
6.33701 0.803982 0.803982 2 2 3
6.31701 0.804265 0.804265 2 2 3
6.29701 0.80455 0.80455 2 2 3
6.27702 0.804835 0.804835 2 2 3
6.25702 0.805122 0.805122 2 2 3
6.23702 0.805409 0.805409 2 2 3
6.21702 0.805698 0.805698 2 2 3
6.19702 0.805987 0.805987 2 2 3
6.17703 0.806278 0.806278 2 2 3
6.15703 0.80657 0.80657 2 2 3
6.13703 0.806862 0.806862 2 2 3
6.11703 0.807156 0.807156 2 2 3
6.09704 0.807451 0.807451 2 2 3
6.07704 0.807747 0.807747 2 2 3
6.05704 0.808044 0.808044 2 2 3
6.03704 0.808343 0.808343 2 2 3
6.01704 0.808642 0.808642 2 2 3
5.99705 0.808942 0.808942 2 2 3
5.97705 0.809244 0.809244 2 2 3
5.95705 0.809546 0.809546 2 2 3
5.93705 0.80985 0.80985 2 2 3
5.91706 0.810155 0.810155 2 2 3
5.89706 0.810461 0.810461 2 2 3
5.87706 0.810768 0.810768 2 2 3
5.85706 0.811077 0.811077 2 2 3
5.83707 0.811386 0.811386 2 2 3
5.81707 0.811697 0.811697 2 2 3
5.79707 0.812009 0.812009 2 2 3
5.77707 0.812322 0.812322 2 2 3
5.75708 0.812637 0.812637 2 2 3
5.73708 0.812952 0.812952 2 2 3
5.71708 0.813269 0.813269 2 2 3
5.69708 0.813587 0.813587 2 2 3
5.67709 0.813906 0.813906 2 2 3
5.65709 0.814227 0.814227 2 2 3
5.63709 0.814549 0.814549 2 2 3
5.61709 0.814872 0.814872 2 2 3
5.5971 0.815196 0.815196 2 2 3
5.5771 0.815522 0.815522 2 2 3
5.5571 0.815849 0.815849 2 2 3
5.5371 0.816177 0.816177 2 2 3
5.51711 0.816507 0.816507 2 2 3
5.49711 0.816838 0.816838 2 2 3
5.47711 0.81717 0.81717 2 2 3
5.45711 0.817504 0.817504 2 2 3
5.43712 0.817839 0.817839 2 2 3
5.41712 0.818175 0.818175 2 2 3
5.39712 0.818513 0.818513 2 2 3
5.37713 0.818852 0.818852 2 2 3
5.35713 0.819193 0.819193 2 2 3
5.33713 0.819535 0.819535 2 2 3
5.31713 0.819878 0.819878 2 2 3
5.29714 0.820223 0.820223 2 2 3
5.27714 0.82057 0.82057 2 2 3
5.25714 0.820918 0.820918 2 2 3
5.23715 0.821267 0.821267 2 2 3
5.21715 0.821618 0.821618 2 2 3
5.19715 0.82197 0.82197 2 2 3
5.17716 0.822324 0.822324 2 2 3
5.15716 0.822679 0.822679 2 2 3
5.13716 0.823036 0.823036 2 2 3
5.11717 0.823395 0.823395 2 2 3
5.09717 0.823755 0.823755 2 2 3
5.07717 0.824116 0.824116 2 2 3
5.05718 0.824479 0.824479 2 2 3
5.03718 0.824844 0.824844 2 2 3
5.01718 0.825211 0.825211 2 2 3
4.99719 0.825579 0.825579 2 2 3
4.97719 0.825948 0.825948 2 2 3
4.95719 0.82632 0.82632 2 2 3
4.9372 0.826693 0.826693 2 2 3
4.9172 0.827068 0.827068 2 2 3
4.8972 0.827444 0.827444 2 2 3
4.87721 0.827822 0.827822 2 2 3
4.85721 0.828202 0.828202 2 2 3
4.83721 0.828584 0.828584 2 2 3
4.81722 0.828967 0.828967 2 2 3
4.79722 0.829352 0.829352 2 2 3
4.77722 0.829739 0.829739 2 2 3
4.75723 0.830128 0.830128 2 2 3
4.73723 0.830519 0.830519 2 2 3
4.71724 0.830911 0.830911 2 2 3
4.69724 0.831305 0.831305 2 2 3
4.67724 0.831702 0.831702 2 2 3
4.65725 0.8321 0.8321 2 2 3
4.63725 0.8325 0.8325 2 2 3
4.61726 0.832902 0.832902 2 2 3
4.59726 0.833306 0.833306 2 2 3
4.57726 0.833711 0.833711 2 2 3
4.55727 0.834119 0.834119 2 2 3
4.53727 0.834529 0.834529 2 2 3
4.51728 0.834941 0.834941 2 2 3
4.49728 0.835355 0.835355 2 2 3
4.47729 0.835771 0.835771 2 2 3
4.45729 0.836189 0.836189 2 2 3
4.43729 0.836609 0.836609 2 2 3
4.4173 0.837031 0.837031 2 2 3
4.3973 0.837456 0.837456 2 2 3
4.37731 0.837882 0.837882 2 2 3
4.35731 0.838311 0.838311 2 2 3
4.33732 0.838742 0.838742 2 2 3
4.31732 0.839175 0.839175 2 2 3
4.29733 0.839611 0.839611 2 2 3
4.27733 0.840048 0.840048 2 2 3
4.25734 0.840488 0.840488 2 2 3
4.23734 0.840931 0.840931 2 2 3
4.21735 0.841375 0.841375 2 2 3
4.19735 0.841822 0.841822 2 2 3
4.17736 0.842272 0.842272 2 2 3
4.15736 0.842724 0.842724 2 2 3
4.13737 0.843178 0.843178 2 2 3
4.11737 0.843634 0.843634 2 2 3
4.09738 0.844094 0.844094 2 2 3
4.07738 0.844555 0.844555 2 2 3
4.05739 0.84502 0.84502 2 2 3
4.03739 0.845486 0.845486 2 2 3
4.0174 0.845956 0.845956 2 2 3
3.9974 0.846428 0.846428 2 2 3
3.97741 0.846902 0.846902 2 2 3
3.95742 0.84738 0.84738 2 2 3
3.93742 0.84786 0.84786 2 2 3
3.91743 0.848342 0.848342 2 2 3
3.89743 0.848828 0.848828 2 2 3
3.87744 0.849316 0.849316 2 2 3
3.85744 0.849807 0.849807 2 2 3
3.83745 0.850301 0.850301 2 2 3
3.81746 0.850798 0.850798 2 2 3
3.79746 0.851298 0.851298 2 2 3
3.77747 0.851801 0.851801 2 2 3
3.75748 0.852306 0.852306 2 2 3
3.73748 0.852815 0.852815 2 2 3
3.71749 0.853327 0.853327 2 2 3
3.6975 0.853842 0.853842 2 2 3
3.6775 0.85436 0.85436 2 2 3
3.65751 0.854881 0.854881 2 2 3
3.63752 0.855405 0.855405 2 2 3
3.61752 0.855933 0.855933 2 2 3
3.59753 0.856463 0.856463 2 2 3
3.57754 0.856998 0.856998 2 2 3
3.55754 0.857535 0.857535 2 2 3
3.53755 0.858076 0.858076 2 2 3
3.51756 0.85862 0.85862 2 2 3
3.49757 0.859168 0.859168 2 2 3
3.47757 0.859719 0.859719 2 2 3
3.45758 0.860274 0.860274 2 2 3
3.43759 0.860833 0.860833 2 2 3
3.4176 0.861395 0.861395 2 2 3
3.39761 0.86196 0.86196 2 2 3
3.37761 0.86253 0.86253 2 2 3
3.35762 0.863103 0.863103 2 2 3
3.33763 0.86368 0.86368 2 2 3
3.31764 0.864261 0.864261 2 2 3
3.29765 0.864846 0.864846 2 2 3
3.27766 0.865435 0.865435 2 2 3
3.25766 0.866028 0.866028 2 2 3
3.23767 0.866625 0.866625 2 2 3
3.21768 0.867226 0.867226 2 2 3
3.19769 0.867832 0.867832 2 2 3
3.1777 0.868441 0.868441 2 2 3
3.15771 0.869055 0.869055 2 2 3
3.13772 0.869673 0.869673 2 2 3
3.11773 0.870296 0.870296 2 2 3
3.09774 0.870923 0.870923 2 2 3
3.07775 0.871555 0.871555 2 2 3
3.05776 0.872191 0.872191 2 2 3
3.03777 0.872832 0.872832 2 2 3
3.01778 0.873478 0.873478 2 2 3
2.99779 0.874128 0.874128 2 2 3
2.9778 0.874784 0.874784 2 2 3
2.95781 0.875444 0.875444 2 2 3
2.93782 0.876109 0.876109 2 2 3
2.91783 0.87678 0.87678 2 2 3
2.89785 0.877455 0.877455 2 2 3
2.87786 0.878136 0.878136 2 2 3
2.85787 0.878822 0.878822 2 2 3
2.83788 0.879514 0.879514 2 2 3
2.81789 0.880211 0.880211 2 2 3
2.79791 0.880914 0.880914 2 2 3
2.77792 0.881622 0.881622 2 2 3
2.75793 0.882336 0.882336 2 2 3
2.73794 0.883055 0.883055 2 2 3
2.71796 0.883781 0.883781 2 2 3
2.69797 0.884513 0.884513 2 2 3
2.67798 0.88525 0.88525 2 2 3
2.658 0.885994 0.885994 2 2 3
2.63801 0.886745 0.886745 2 2 3
2.61803 0.887501 0.887501 2 2 3
2.59804 0.888264 0.888264 2 2 3
2.57806 0.889034 0.889034 2 2 3
2.55807 0.88981 0.88981 2 2 3
2.53809 0.890594 0.890594 2 2 3
2.5181 0.891384 0.891384 2 2 3
2.49812 0.892181 0.892181 2 2 3
2.47813 0.892986 0.892986 2 2 3
2.45815 0.893797 0.893797 2 2 3
2.43817 0.894616 0.894616 2 2 3
2.41818 0.895443 0.895443 2 2 3
2.3982 0.896278 0.896278 2 2 3
2.37822 0.89712 0.89712 2 2 3
2.35824 0.89797 0.89797 2 2 3
2.33826 0.898828 0.898828 2 2 3
2.31827 0.899695 0.899695 2 2 3
2.29829 0.90057 0.90057 2 2 3
2.27831 0.901453 0.901453 2 2 3
2.25833 0.902346 0.902346 2 2 3
2.23835 0.903247 0.903247 2 2 3
2.21837 0.904157 0.904157 2 2 3
2.1984 0.905076 0.905076 2 2 3
2.17842 0.906005 0.906005 2 2 3
2.15844 0.906944 0.906944 2 2 3
2.13846 0.907892 0.907892 2 2 3
2.11848 0.90885 0.90885 2 2 3
2.09851 0.909819 0.909819 2 2 3
2.07853 0.910797 0.910797 2 2 3
2.05856 0.911787 0.911787 2 2 3
2.03858 0.912787 0.912787 2 2 3
2.01861 0.913798 0.913798 2 2 3
1.99863 0.914821 0.914821 2 2 3
1.97866 0.915855 0.915855 2 2 3
1.95869 0.916901 0.916901 2 2 3
1.93872 0.917959 0.917959 2 2 3
1.91874 0.919029 0.919029 2 2 3
1.89877 0.920112 0.920112 2 2 3
1.8788 0.921207 0.921207 2 2 3
1.85883 0.922316 0.922316 2 2 3
1.83887 0.923438 0.923438 2 2 3
1.8189 0.924574 0.924574 2 2 3
1.79893 0.925724 0.925724 2 2 3
1.77896 0.926889 0.926889 2 2 3
1.759 0.928068 0.928068 2 2 3
1.73903 0.929262 0.929262 2 2 3
1.71907 0.930472 0.930472 2 2 3
1.69911 0.931698 0.931698 2 2 3
1.67915 0.93294 0.93294 2 2 3
1.65919 0.934199 0.934199 2 2 3
1.63923 0.935474 0.935474 2 2 3
1.61927 0.936768 0.936768 2 2 3
1.59931 0.938079 0.938079 2 2 3
1.57936 0.939409 0.939409 2 2 3
1.5594 0.940758 0.940758 2 2 3
1.53945 0.942126 0.942126 2 2 3
1.5195 0.943515 0.943515 2 2 3
1.49955 0.944924 0.944924 2 2 3
1.4796 0.946354 0.946354 2 2 3
1.45965 0.947806 0.947806 2 2 3
1.43971 0.949281 0.949281 2 2 3
1.41976 0.950779 0.950779 2 2 3
1.39982 0.9523 0.9523 2 2 3
1.37988 0.953846 0.953846 2 2 3
1.35994 0.955418 0.955418 2 2 3
1.34001 0.957015 0.957015 2 2 3
1.32007 0.95864 0.95864 2 2 3
1.30014 0.960292 0.960292 2 2 3
1.28021 0.961973 0.961973 2 2 3
1.26028 0.963683 0.963683 2 2 3
1.24036 0.965425 0.965425 2 2 3
1.22044 0.967198 0.967198 2 2 3
1.20052 0.969003 0.969003 2 2 3
1.1806 0.970843 0.970843 2 2 3
1.16069 0.972718 0.972718 2 2 3
1.14078 0.97463 0.97463 2 2 3
1.12088 0.976579 0.976579 2 2 3
1.10098 0.978568 0.978568 2 2 3
1.08108 0.980597 0.980597 2 2 3
1.06119 0.982669 0.982669 2 2 3
1.0413 0.984785 0.984785 2 2 3
1.02142 0.986947 0.986947 2 2 3
1.00154 0.989157 0.989157 2 2 3
0.981668 0.991416 0.991416 2 2 3
0.961802 0.993728 0.993728 2 2 3
0.941942 0.996093 0.996093 2 2 3
0.922089 0.998516 0.998516 2 2 3
0.902243 1.001 1.001 2 2 3
0.882405 1.00354 1.00354 2 2 3
0.862576 1.00615 1.00615 2 2 3
0.842755 1.00883 1.00883 2 2 3
0.822945 1.01157 1.01157 2 2 3
0.803145 1.0144 1.0144 2 2 3
0.783356 1.0173 1.0173 2 2 3
0.763579 1.02029 1.02029 2 2 3
0.743816 1.02336 1.02336 2 2 3
0.724068 1.02653 1.02653 2 2 3
0.704336 1.02979 1.02979 2 2 3
0.68462 1.03316 1.03316 2 2 3
0.664924 1.03664 1.03664 2 2 3
0.645249 1.04023 1.04023 2 2 3
0.625596 1.04395 1.04395 2 2 3
0.605969 1.0478 1.0478 2 2 3
0.58637 1.05179 1.05179 2 2 3
0.566802 1.05593 1.05593 2 2 3
0.547269 1.06024 1.06024 2 2 3
0.527774 1.06471 1.06471 2 2 3
0.508322 1.06937 1.06937 2 2 3
0.488919 1.07423 1.07423 2 2 3
0.46957 1.07931 1.07931 2 2 3
0.450284 1.08462 1.08462 2 2 3
0.431067 1.09018 1.09018 2 2 3
0.411931 1.09601 1.09601 2 2 3
0.392887 1.10215 1.10215 2 2 3
0.373949 1.1086 1.1086 2 2 3
0.355133 1.11541 1.11541 2 2 3
0.336604 1.12299 1.12299 2 2 3
0.318122 1.13063 1.13063 2 2 3
0.299839 1.13874 1.13874 2 2 3
0.28179 1.14736 1.14736 2 2 3
0.264014 1.15653 1.15653 2 2 3
0.246561 1.1663 1.1663 2 2 3
0.229489 1.17672 1.17672 2 2 3
0.212863 1.18785 1.18785 2 2 3
0.196759 1.19971 1.19971 2 2 3
0.181262 1.21236 1.21236 2 2 3
0.166458 1.22582 1.22582 2 2 3
0.152437 1.24008 1.24008 2 2 3
0.13928 1.25515 1.25515 2 2 3
0.127056 1.27098 1.27098 2 2 3
0.11581 1.28752 1.28752 2 2 3
0.105565 1.30469 1.30469 2 2 3
0.0963136 1.32242 1.32242 2 2 3
0.0880232 1.34062 1.34062 2 2 3
0.0806416 1.3592 1.3592 2 2 3
0.0741023 1.3781 1.3781 2 2 3
0.0683311 1.39724 1.39724 2 2 3
0.0632512 1.41658 1.41658 2 2 3
0.0587872 1.43608 1.43608 2 2 3
0.054868 1.45569 1.45569 2 2 3
0.0514282 1.47539 1.47539 2 2 3
0.0484086 1.49516 1.49516 2 2 3
0.0457564 1.51498 1.51498 2 2 3
0.0434251 1.53484 1.53484 2 2 3
0.0413738 1.55473 1.55473 2 2 3
0.0395669 1.57465 1.57465 2 2 3
0.0379734 1.59459 1.59459 2 2 3
0.0365663 1.61454 1.61454 2 2 3
0.0353221 1.6345 1.6345 2 2 3
0.0342205 1.65447 1.65447 2 2 3
0.0332439 1.67445 1.67445 2 2 3
0.0323769 1.69443 1.69443 2 2 3
0.0315099 1.71441 1.71441 2 2 3
0.0308356 1.7344 1.7344 2 2 3
0.0302343 1.75439 1.75439 2 2 3
0.0296976 1.77438 1.77438 2 2 3
0.0292178 1.79438 1.79438 2 2 3
0.0287885 1.81437 1.81437 2 2 3
0.0284038 1.83437 1.83437 2 2 3
0.0280587 1.85437 1.85437 2 2 3
0.0277488 1.87436 1.87436 2 2 3
0.0274701 1.89436 1.89436 2 2 3
0.0272193 1.91436 1.91436 2 2 3
0.0269933 1.93436 1.93436 2 2 3
0.0267894 1.95436 1.95436 2 2 3
0.0266053 1.97436 1.97436 2 2 3
0.0264389 1.99436 1.99436 2 2 3
0.0262884 2.01436 2.01436 2 2 3
0.026152 2.03435 2.03435 2 2 3
0.0260284 2.05435 2.05435 2 2 3
0.0259162 2.07435 2.07435 2 2 3
0.0258143 2.09435 2.09435 2 2 3
0.0257217 2.11435 2.11435 2 2 3
0.0256374 2.13435 2.13435 2 2 3
0.0255606 2.15435 2.15435 2 2 3
0.0254906 2.17435 2.17435 2 2 3
0.0254268 2.19435 2.19435 2 2 3
0.0253685 2.21435 2.21435 2 2 3
0.0253152 2.23435 2.23435 2 2 3
0.0252665 2.25435 2.25435 2 2 3
0.0252219 2.27435 2.27435 2 2 3
0.0251811 2.29435 2.29435 2 2 3
0.0251436 2.31435 2.31435 2 2 3
0.0251093 2.33435 2.33435 2 2 3
0.0250777 2.35435 2.35435 2 2 3
0.0250488 2.37435 2.37435 2 2 3
0.0250221 2.39435 2.39435 2 2 3
0.0249976 2.41435 2.41435 2 2 3
0.0249751 2.43435 2.43435 2 2 3
0.0249543 2.45435 2.45435 2 2 3
0.0249352 2.47435 2.47435 2 2 3
0.0249175 2.49435 2.49435 2 2 3
0.0249012 2.51435 2.51435 2 2 3
0.0248861 2.53435 2.53435 2 2 3
0.0248722 2.55435 2.55435 2 2 3
0.0248593 2.57435 2.57435 2 2 3
0.0248474 2.59435 2.59435 2 2 3
0.0248364 2.61435 2.61435 2 2 3
0.0248261 2.63435 2.63435 2 2 3
0.0248167 2.65435 2.65435 2 2 3
0.0248079 2.67435 2.67435 2 2 3
0.0247997 2.69435 2.69435 2 2 3
0.0247921 2.71435 2.71435 2 2 3
0.0247851 2.73435 2.73435 2 2 3
0.0247786 2.75435 2.75435 2 2 3
0.0247725 2.77435 2.77435 2 2 3
0.0247668 2.79435 2.79435 2 2 3
0.0247616 2.81435 2.81435 2 2 3
0.0247566 2.83435 2.83435 2 2 3
0.0247521 2.85435 2.85435 2 2 3
0.0247478 2.87435 2.87435 2 2 3
0.0247438 2.89435 2.89435 2 2 3
0.0247401 2.91435 2.91435 2 2 3
0.0247366 2.93435 2.93435 2 2 3
0.0247334 2.95435 2.95435 2 2 3
0.0247304 2.97435 2.97435 2 2 3
0.0247275 2.99435 2.99435 2 2 3
0.0247249 3.01435 3.01435 2 2 3
0.0247224 3.03435 3.03435 2 2 3
0.0247201 3.05435 3.05435 2 2 3
0.0247179 3.07435 3.07435 2 2 3
0.0247159 3.09435 3.09435 2 2 3
0.024714 3.11435 3.11435 2 2 3
0.0247122 3.13435 3.13435 2 2 3
0.0247105 3.15435 3.15435 2 2 3
0.0247089 3.17435 3.17435 2 2 3
0.0247074 3.19435 3.19435 2 2 3
0.0247061 3.21435 3.21435 2 2 3
0.0247047 3.23435 3.23435 2 2 3
0.0247035 3.25435 3.25435 2 2 3
0.0247024 3.27435 3.27435 2 2 3
0.0247013 3.29435 3.29435 2 2 3
0.0247003 3.31435 3.31435 2 2 3
0.0246993 3.33435 3.33435 2 2 3
0.0246984 3.35435 3.35435 2 2 3
0.0246975 3.37435 3.37435 2 2 3
9.46757 0.6 0.6 2 6 5
9.42757 0.600283 0.600283 2 6 5
9.40757 0.600425 0.600425 2 6 5
9.38757 0.600567 0.600567 2 6 5
9.36758 0.60071 0.60071 2 6 5
9.34758 0.600853 0.600853 2 6 5
9.32758 0.600996 0.600996 2 6 5
9.30758 0.60114 0.60114 2 6 5
9.28758 0.601284 0.601284 2 6 5
9.26758 0.601428 0.601428 2 6 5
9.24758 0.601573 0.601573 2 6 5
9.22758 0.601718 0.601718 2 6 5
9.20758 0.601864 0.601864 2 6 5
9.18758 0.60201 0.60201 2 6 5
9.16758 0.602156 0.602156 2 6 5
9.14758 0.602302 0.602302 2 6 5
9.12758 0.602449 0.602449 2 6 5
9.10758 0.602597 0.602597 2 6 5
9.08758 0.602744 0.602744 2 6 5
9.06758 0.602892 0.602892 2 6 5
9.04758 0.60304 0.60304 2 6 5
9.02758 0.603189 0.603189 2 6 5
9.00759 0.603338 0.603338 2 6 5
8.98759 0.603488 0.603488 2 6 5
8.96759 0.603638 0.603638 2 6 5
8.94759 0.603789 0.603789 2 6 5
8.92759 0.603938 0.603938 2 6 5
8.90759 0.604089 0.604089 2 6 5
8.88759 0.60424 0.60424 2 6 5
8.86759 0.604392 0.604392 2 6 5
8.84759 0.604544 0.604544 2 6 5
8.82759 0.604696 0.604696 2 6 5
8.80759 0.604849 0.604849 2 6 5
8.78759 0.605003 0.605003 2 6 5
8.76759 0.605157 0.605157 2 6 5
8.74759 0.605312 0.605312 2 6 5
8.72759 0.605465 0.605465 2 6 5
8.70759 0.605618 0.605618 2 6 5
8.68759 0.605773 0.605773 2 6 5
8.66759 0.605929 0.605929 2 6 5
8.6476 0.606086 0.606086 2 6 5
8.6276 0.606243 0.606243 2 6 5
8.6076 0.6064 0.6064 2 6 5
8.5876 0.606557 0.606557 2 6 5
8.5676 0.606714 0.606714 2 6 5
8.5476 0.606872 0.606872 2 6 5
8.5276 0.60703 0.60703 2 6 5
8.5076 0.607189 0.607189 2 6 5
8.4876 0.607349 0.607349 2 6 5
8.4676 0.607508 0.607508 2 6 5
8.4476 0.607669 0.607669 2 6 5
8.4276 0.607829 0.607829 2 6 5
8.4076 0.60799 0.60799 2 6 5
8.3876 0.608153 0.608153 2 6 5
8.3676 0.608314 0.608314 2 6 5
8.3476 0.608478 0.608478 2 6 5
8.32761 0.608638 0.608638 2 6 5
8.30761 0.608801 0.608801 2 6 5
8.28761 0.608964 0.608964 2 6 5
8.26761 0.609128 0.609128 2 6 5
8.24761 0.609293 0.609293 2 6 5
8.22761 0.609458 0.609458 2 6 5
8.20761 0.609623 0.609623 2 6 5
8.18761 0.609789 0.609789 2 6 5
8.16761 0.609956 0.609956 2 6 5
8.14761 0.610121 0.610121 2 6 5
8.12761 0.610288 0.610288 2 6 5
8.10761 0.610456 0.610456 2 6 5
8.08761 0.610625 0.610625 2 6 5
8.06761 0.610793 0.610793 2 6 5
8.04762 0.610963 0.610963 2 6 5
8.02762 0.611136 0.611136 2 6 5
8.00762 0.611303 0.611303 2 6 5
7.98762 0.611471 0.611471 2 6 5
7.96762 0.611641 0.611641 2 6 5
7.94762 0.611813 0.611813 2 6 5
7.92762 0.611986 0.611986 2 6 5
7.90762 0.612158 0.612158 2 6 5
7.88762 0.612332 0.612332 2 6 5
7.86762 0.612506 0.612506 2 6 5
7.84762 0.612678 0.612678 2 6 5
7.82762 0.612852 0.612852 2 6 5
7.80762 0.613027 0.613027 2 6 5
7.78762 0.613202 0.613202 2 6 5
7.76763 0.613378 0.613378 2 6 5
7.74763 0.613555 0.613555 2 6 5
7.72763 0.613732 0.613732 2 6 5
7.70763 0.613909 0.613909 2 6 5
7.68763 0.614087 0.614087 2 6 5
7.66763 0.614263 0.614263 2 6 5
7.64763 0.614442 0.614442 2 6 5
7.62763 0.614622 0.614622 2 6 5
7.60763 0.614803 0.614803 2 6 5
7.58763 0.614984 0.614984 2 6 5
7.56763 0.61517 0.61517 2 6 5
7.54763 0.615348 0.615348 2 6 5
7.52764 0.615527 0.615527 2 6 5
7.50764 0.615709 0.615709 2 6 5
7.48764 0.615892 0.615892 2 6 5
7.46764 0.616076 0.616076 2 6 5
7.44764 0.616261 0.616261 2 6 5
7.42764 0.616447 0.616447 2 6 5
7.40764 0.616633 0.616633 2 6 5
7.38764 0.616817 0.616817 2 6 5
7.36764 0.617003 0.617003 2 6 5
7.34764 0.61719 0.61719 2 6 5
7.32764 0.617378 0.617378 2 6 5
7.30764 0.617566 0.617566 2 6 5
7.28765 0.617755 0.617755 2 6 5
7.26765 0.617945 0.617945 2 6 5
7.24765 0.618135 0.618135 2 6 5
7.22765 0.618306 0.618306 2 6 5
7.20765 0.618506 0.618506 2 6 5
7.18765 0.618707 0.618707 2 6 5
7.16765 0.618904 0.618904 2 6 5
7.14765 0.619097 0.619097 2 6 5
7.12765 0.619288 0.619288 2 6 5
7.10765 0.619479 0.619479 2 6 5
7.08765 0.619673 0.619673 2 6 5
7.06766 0.619869 0.619869 2 6 5
7.04766 0.620065 0.620065 2 6 5
7.02766 0.620262 0.620262 2 6 5
7.00766 0.62046 0.62046 2 6 5
6.98766 0.620658 0.620658 2 6 5
6.96766 0.620841 0.620841 2 6 5
6.94766 0.621047 0.621047 2 6 5
6.92766 0.621253 0.621253 2 6 5
6.90766 0.621458 0.621458 2 6 5
6.88766 0.621659 0.621659 2 6 5
6.86767 0.621858 0.621858 2 6 5
6.84767 0.622057 0.622057 2 6 5
6.82767 0.62226 0.62226 2 6 5
6.80767 0.622465 0.622465 2 6 5
6.78767 0.62267 0.62267 2 6 5
6.76767 0.622875 0.622875 2 6 5
6.74767 0.623082 0.623082 2 6 5
6.72767 0.623283 0.623283 2 6 5
6.70767 0.623491 0.623491 2 6 5
6.68767 0.623701 0.623701 2 6 5
6.66768 0.62391 0.62391 2 6 5
6.64768 0.624121 0.624121 2 6 5
6.62768 0.624329 0.624329 2 6 5
6.60768 0.62454 0.62454 2 6 5
6.58768 0.624752 0.624752 2 6 5
6.56768 0.624961 0.624961 2 6 5
6.54768 0.625173 0.625173 2 6 5
6.52768 0.625387 0.625387 2 6 5
6.50768 0.625602 0.625602 2 6 5
6.48769 0.625817 0.625817 2 6 5
6.46769 0.626033 0.626033 2 6 5
6.44769 0.62625 0.62625 2 6 5
6.42769 0.626465 0.626465 2 6 5
6.40769 0.626682 0.626682 2 6 5
6.38769 0.626901 0.626901 2 6 5
6.36769 0.627121 0.627121 2 6 5
6.34769 0.627342 0.627342 2 6 5
6.3277 0.627563 0.627563 2 6 5
6.3077 0.627785 0.627785 2 6 5
6.2877 0.628002 0.628002 2 6 5
6.2677 0.628227 0.628227 2 6 5
6.2477 0.628453 0.628453 2 6 5
6.2277 0.628679 0.628679 2 6 5
6.2077 0.628906 0.628906 2 6 5
6.1877 0.62913 0.62913 2 6 5
6.16771 0.629357 0.629357 2 6 5
6.14771 0.629585 0.629585 2 6 5
6.12771 0.629814 0.629814 2 6 5
6.10771 0.630044 0.630044 2 6 5
6.08771 0.630275 0.630275 2 6 5
6.06771 0.630507 0.630507 2 6 5
6.04771 0.630739 0.630739 2 6 5
6.02771 0.630974 0.630974 2 6 5
6.00772 0.631206 0.631206 2 6 5
5.98772 0.63144 0.63144 2 6 5
5.96772 0.631675 0.631675 2 6 5
5.94772 0.631912 0.631912 2 6 5
5.92772 0.63215 0.63215 2 6 5
5.90772 0.632389 0.632389 2 6 5
5.88772 0.632628 0.632628 2 6 5
5.86773 0.632869 0.632869 2 6 5
5.84773 0.63311 0.63311 2 6 5
5.82773 0.633358 0.633358 2 6 5
5.80773 0.633597 0.633597 2 6 5
5.78773 0.633836 0.633836 2 6 5
5.76773 0.63408 0.63408 2 6 5
5.74773 0.634327 0.634327 2 6 5
5.72774 0.634575 0.634575 2 6 5
5.70774 0.634824 0.634824 2 6 5
5.68774 0.635073 0.635073 2 6 5
5.66774 0.635326 0.635326 2 6 5
5.64774 0.635574 0.635574 2 6 5
5.62774 0.635829 0.635829 2 6 5
5.60775 0.636078 0.636078 2 6 5
5.58775 0.636331 0.636331 2 6 5
5.56775 0.636584 0.636584 2 6 5
5.54775 0.63684 0.63684 2 6 5
5.52775 0.637096 0.637096 2 6 5
5.50775 0.637355 0.637355 2 6 5
5.48776 0.637614 0.637614 2 6 5
5.46776 0.637874 0.637874 2 6 5
5.44776 0.638135 0.638135 2 6 5
5.42776 0.638398 0.638398 2 6 5
5.40776 0.638666 0.638666 2 6 5
5.38776 0.638926 0.638926 2 6 5
5.36777 0.639174 0.639174 2 6 5
5.34777 0.639446 0.639446 2 6 5
5.32777 0.639721 0.639721 2 6 5
5.30777 0.639994 0.639994 2 6 5
5.28777 0.640263 0.640263 2 6 5
5.26777 0.64053 0.64053 2 6 5
5.24778 0.640803 0.640803 2 6 5
5.22778 0.641077 0.641077 2 6 5
5.20778 0.641352 0.641352 2 6 5
5.18778 0.641628 0.641628 2 6 5
5.16778 0.641905 0.641905 2 6 5
5.14779 0.642187 0.642187 2 6 5
5.12779 0.642462 0.642462 2 6 5
5.10779 0.642741 0.642741 2 6 5
5.08779 0.643022 0.643022 2 6 5
5.06779 0.643305 0.643305 2 6 5
5.0478 0.643589 0.643589 2 6 5
5.0278 0.643875 0.643875 2 6 5
5.0078 0.644162 0.644162 2 6 5
4.9878 0.64445 0.64445 2 6 5
4.9678 0.64474 0.64474 2 6 5
4.94781 0.645031 0.645031 2 6 5
4.92781 0.645324 0.645324 2 6 5
4.90781 0.645613 0.645613 2 6 5
4.88781 0.645907 0.645907 2 6 5
4.86782 0.646203 0.646203 2 6 5
4.84782 0.646501 0.646501 2 6 5
4.82782 0.6468 0.6468 2 6 5
4.80782 0.647101 0.647101 2 6 5
4.78782 0.647402 0.647402 2 6 5
4.76783 0.647707 0.647707 2 6 5
4.74783 0.648006 0.648006 2 6 5
4.72783 0.648311 0.648311 2 6 5
4.70783 0.648619 0.648619 2 6 5
4.68784 0.648928 0.648928 2 6 5
4.66784 0.649239 0.649239 2 6 5
4.64784 0.649551 0.649551 2 6 5
4.62784 0.649865 0.649865 2 6 5
4.60785 0.650182 0.650182 2 6 5
4.58785 0.650493 0.650493 2 6 5
4.56785 0.650809 0.650809 2 6 5
4.54785 0.651129 0.651129 2 6 5
4.52786 0.65145 0.65145 2 6 5
4.50786 0.651773 0.651773 2 6 5
4.48786 0.652097 0.652097 2 6 5
4.46786 0.652423 0.652423 2 6 5
4.44787 0.652751 0.652751 2 6 5
4.42787 0.653082 0.653082 2 6 5
4.40787 0.653408 0.653408 2 6 5
4.38787 0.653739 0.653739 2 6 5
4.36788 0.654072 0.654072 2 6 5
4.34788 0.654409 0.654409 2 6 5
4.32788 0.654747 0.654747 2 6 5
4.30789 0.655086 0.655086 2 6 5
4.28789 0.655428 0.655428 2 6 5
4.26789 0.655771 0.655771 2 6 5
4.24789 0.656118 0.656118 2 6 5
4.2279 0.656459 0.656459 2 6 5
4.2079 0.656805 0.656805 2 6 5
4.1879 0.657155 0.657155 2 6 5
4.16791 0.657507 0.657507 2 6 5
4.14791 0.657862 0.657862 2 6 5
4.12791 0.658218 0.658218 2 6 5
4.10792 0.658576 0.658576 2 6 5
4.08792 0.658936 0.658936 2 6 5
4.06792 0.659299 0.659299 2 6 5
4.04793 0.659655 0.659655 2 6 5
4.02793 0.66002 0.66002 2 6 5
4.00793 0.660389 0.660389 2 6 5
3.98794 0.66076 0.66076 2 6 5
3.96794 0.661133 0.661133 2 6 5
3.94794 0.661508 0.661508 2 6 5
3.92795 0.661888 0.661888 2 6 5
3.90795 0.662259 0.662259 2 6 5
3.88795 0.662638 0.662638 2 6 5
3.86796 0.663019 0.663019 2 6 5
3.84796 0.663404 0.663404 2 6 5
3.82796 0.663792 0.663792 2 6 5
3.80797 0.664181 0.664181 2 6 5
3.78797 0.664573 0.664573 2 6 5
3.76798 0.664967 0.664967 2 6 5
3.74798 0.665364 0.665364 2 6 5
3.72798 0.665767 0.665767 2 6 5
3.70799 0.66616 0.66616 2 6 5
3.68799 0.666561 0.666561 2 6 5
3.668 0.666966 0.666966 2 6 5
3.648 0.667375 0.667375 2 6 5
3.628 0.667787 0.667787 2 6 5
3.60801 0.668201 0.668201 2 6 5
3.58801 0.668617 0.668617 2 6 5
3.56802 0.669036 0.669036 2 6 5
3.54802 0.669459 0.669459 2 6 5
3.52803 0.669864 0.669864 2 6 5
3.50803 0.670295 0.670295 2 6 5
3.48804 0.67073 0.67073 2 6 5
3.46804 0.671166 0.671166 2 6 5
3.44804 0.671604 0.671604 2 6 5
3.42805 0.672033 0.672033 2 6 5
3.40805 0.672473 0.672473 2 6 5
3.38806 0.672918 0.672918 2 6 5
3.36806 0.673365 0.673365 2 6 5
3.34807 0.673815 0.673815 2 6 5
3.32807 0.674268 0.674268 2 6 5
3.30808 0.674725 0.674725 2 6 5
3.28809 0.675205 0.675205 2 6 5
3.26809 0.67565 0.67565 2 6 5
3.2481 0.676098 0.676098 2 6 5
3.2281 0.676562 0.676562 2 6 5
3.20811 0.677035 0.677035 2 6 5
3.18811 0.677514 0.677514 2 6 5
3.16812 0.677995 0.677995 2 6 5
3.14812 0.678478 0.678478 2 6 5
3.12813 0.678968 0.678968 2 6 5
3.10814 0.679446 0.679446 2 6 5
3.08814 0.679935 0.679935 2 6 5
3.06815 0.68043 0.68043 2 6 5
3.04815 0.68093 0.68093 2 6 5
3.02816 0.681434 0.681434 2 6 5
3.00817 0.681941 0.681941 2 6 5
2.98817 0.682451 0.682451 2 6 5
2.96818 0.682966 0.682966 2 6 5
2.94819 0.683486 0.683486 2 6 5
2.92819 0.683986 0.683986 2 6 5
2.9082 0.684515 0.684515 2 6 5
2.88821 0.685051 0.685051 2 6 5
2.86821 0.68559 0.68559 2 6 5
2.84822 0.686132 0.686132 2 6 5
2.82823 0.686692 0.686692 2 6 5
2.80824 0.687222 0.687222 2 6 5
2.78824 0.687748 0.687748 2 6 5
2.76825 0.688305 0.688305 2 6 5
2.74826 0.688872 0.688872 2 6 5
2.72827 0.689444 0.689444 2 6 5
2.70827 0.690017 0.690017 2 6 5
2.68828 0.6906 0.6906 2 6 5
2.66829 0.691165 0.691165 2 6 5
2.6483 0.691745 0.691745 2 6 5
2.62831 0.692332 0.692332 2 6 5
2.60832 0.692926 0.692926 2 6 5
2.58833 0.693526 0.693526 2 6 5
2.56834 0.694131 0.694131 2 6 5
2.54834 0.694741 0.694741 2 6 5
2.52835 0.695356 0.695356 2 6 5
2.50836 0.695977 0.695977 2 6 5
2.48837 0.696605 0.696605 2 6 5
2.46839 0.69733 0.69733 2 6 5
2.44839 0.697909 0.697909 2 6 5
2.4284 0.698498 0.698498 2 6 5
2.40841 0.699125 0.699125 2 6 5
2.38842 0.699782 0.699782 2 6 5
2.36843 0.700456 0.700456 2 6 5
2.34844 0.701136 0.701136 2 6 5
2.32846 0.701818 0.701818 2 6 5
2.30847 0.702526 0.702526 2 6 5
2.28848 0.703189 0.703189 2 6 5
2.26849 0.70385 0.70385 2 6 5
2.2485 0.70455 0.70455 2 6 5
2.22852 0.705265 0.705265 2 6 5
2.20853 0.705988 0.705988 2 6 5
2.18854 0.706716 0.706716 2 6 5
2.16856 0.707451 0.707451 2 6 5
2.14856 0.708264 0.708264 2 6 5
2.12858 0.70892 0.70892 2 6 5
2.1086 0.709631 0.709631 2 6 5
2.08861 0.710388 0.710388 2 6 5
2.06863 0.711175 0.711175 2 6 5
2.04864 0.711973 0.711973 2 6 5
2.02866 0.712772 0.712772 2 6 5
2.00868 0.713591 0.713591 2 6 5
1.98869 0.714369 0.714369 2 6 5
1.96871 0.715188 0.715188 2 6 5
1.94872 0.71596 0.71596 2 6 5
1.92874 0.716797 0.716797 2 6 5
1.90876 0.717652 0.717652 2 6 5
1.88878 0.718516 0.718516 2 6 5
1.8688 0.719385 0.719385 2 6 5
1.84882 0.720271 0.720271 2 6 5
1.82883 0.721123 0.721123 2 6 5
1.80885 0.722011 0.722011 2 6 5
1.78887 0.722916 0.722916 2 6 5
1.76889 0.723835 0.723835 2 6 5
1.74892 0.724766 0.724766 2 6 5
1.72894 0.725709 0.725709 2 6 5
1.70896 0.726663 0.726663 2 6 5
1.68898 0.727631 0.727631 2 6 5
1.66901 0.728617 0.728617 2 6 5
1.64903 0.729533 0.729533 2 6 5
1.62905 0.73055 0.73055 2 6 5
1.60908 0.731591 0.731591 2 6 5
1.58911 0.732642 0.732642 2 6 5
1.56914 0.733702 0.733702 2 6 5
1.54917 0.734831 0.734831 2 6 5
1.52919 0.73585 0.73585 2 6 5
1.50922 0.736858 0.736858 2 6 5
1.48925 0.737971 0.737971 2 6 5
1.46928 0.739122 0.739122 2 6 5
1.44932 0.74029 0.74029 2 6 5
1.42935 0.741468 0.741468 2 6 5
1.40939 0.742668 0.742668 2 6 5
1.38942 0.743797 0.743797 2 6 5
1.36946 0.745019 0.745019 2 6 5
1.3495 0.746273 0.746273 2 6 5
1.32954 0.747547 0.747547 2 6 5
1.30958 0.748839 0.748839 2 6 5
1.28962 0.750152 0.750152 2 6 5
1.26967 0.751504 0.751504 2 6 5
1.2497 0.752775 0.752775 2 6 5
1.22975 0.754144 0.754144 2 6 5
1.2098 0.755556 0.755556 2 6 5
1.18985 0.756998 0.756998 2 6 5
1.16991 0.758464 0.758464 2 6 5
1.14996 0.759956 0.759956 2 6 5
1.13002 0.761479 0.761479 2 6 5
1.11009 0.763075 0.763075 2 6 5
1.09013 0.764554 0.764554 2 6 5
1.0702 0.766136 0.766136 2 6 5
1.05027 0.767772 0.767772 2 6 5
1.03034 0.769457 0.769457 2 6 5
1.01041 0.771183 0.771183 2 6 5
0.990491 0.772946 0.772946 2 6 5
0.970573 0.774747 0.774747 2 6 5
0.950658 0.776591 0.776591 2 6 5
0.930748 0.778485 0.778485 2 6 5
0.910837 0.780468 0.780468 2 6 5
0.890939 0.782301 0.782301 2 6 5
0.871038 0.784275 0.784275 2 6 5
0.851142 0.786348 0.786348 2 6 5
0.831257 0.788504 0.788504 2 6 5
0.811381 0.790723 0.790723 2 6 5
0.791511 0.792996 0.792996 2 6 5
0.771648 0.79533 0.79533 2 6 5
0.751793 0.797738 0.797738 2 6 5
0.731937 0.800224 0.800224 2 6 5
0.712103 0.802594 0.802594 2 6 5
0.692268 0.805163 0.805163 2 6 5
0.672446 0.807871 0.807871 2 6 5
0.652645 0.810696 0.810696 2 6 5
0.63286 0.813618 0.813618 2 6 5
0.613089 0.816637 0.816637 2 6 5
0.593335 0.819763 0.819763 2 6 5
0.573601 0.823014 0.823014 2 6 5
0.553899 0.826316 0.826316 2 6 5
0.534194 0.829776 0.829776 2 6 5
0.5145 0.83332 0.83332 2 6 5
0.494866 0.83712 0.83712 2 6 5
0.475263 0.841098 0.841098 2 6 5
0.455739 0.845454 0.845454 2 6 5
0.436231 0.849861 0.849861 2 6 5
0.416768 0.854465 0.854465 2 6 5
0.397359 0.859291 0.859291 2 6 5
0.378016 0.864377 0.864377 2 6 5
0.358755 0.869764 0.869764 2 6 5
0.33959 0.875487 0.875487 2 6 5
0.32054 0.881581 0.881581 2 6 5
0.301625 0.888081 0.888081 2 6 5
0.282871 0.895033 0.895033 2 6 5
0.264309 0.902484 0.902484 2 6 5
0.245982 0.910497 0.910497 2 6 5
0.227943 0.919139 0.919139 2 6 5
0.210256 0.928483 0.928483 2 6 5
0.193002 0.938605 0.938605 2 6 5
0.176278 0.949583 0.949583 2 6 5
0.160199 0.961488 0.961488 2 6 5
0.144895 0.974375 0.974375 2 6 5
0.130502 0.988271 0.988271 2 6 5
0.117198 1.00321 1.00321 2 6 5
0.10501 1.01908 1.01908 2 6 5
0.0940477 1.0358 1.0358 2 6 5
0.0843381 1.05328 1.05328 2 6 5
0.0758493 1.07138 1.07138 2 6 5
0.0685002 1.08997 1.08997 2 6 5
0.0622075 1.10895 1.10895 2 6 5
0.0568233 1.1282 1.1282 2 6 5
0.0522373 1.14767 1.14767 2 6 5
0.0483384 1.16728 1.16728 2 6 5
0.0450261 1.187 1.187 2 6 5
0.0422112 1.2068 1.2068 2 6 5
0.0398181 1.22665 1.22665 2 6 5
0.0377773 1.24654 1.24654 2 6 5
0.0360354 1.26647 1.26647 2 6 5
0.0345458 1.28641 1.28641 2 6 5
0.0332695 1.30637 1.30637 2 6 5
0.0321736 1.32634 1.32634 2 6 5
0.0312305 1.34632 1.34632 2 6 5
0.0304172 1.3663 1.3663 2 6 5
0.0297145 1.38629 1.38629 2 6 5
0.0290118 1.40627 1.40627 2 6 5
0.0284976 1.42627 1.42627 2 6 5
0.0280504 1.44626 1.44626 2 6 5
0.0276605 1.46626 1.46626 2 6 5
0.0273202 1.48626 1.48626 2 6 5
0.0270224 1.50626 1.50626 2 6 5
0.0267616 1.52625 1.52625 2 6 5
0.0265326 1.54625 1.54625 2 6 5
0.0263312 1.56625 1.56625 2 6 5
0.0261539 1.58625 1.58625 2 6 5
0.0259975 1.60625 1.60625 2 6 5
0.0258594 1.62625 1.62625 2 6 5
0.0257372 1.64625 1.64625 2 6 5
0.0256289 1.66625 1.66625 2 6 5
0.0255328 1.68625 1.68625 2 6 5
0.0254474 1.70625 1.70625 2 6 5
0.0253714 1.72625 1.72625 2 6 5
0.0253037 1.74625 1.74625 2 6 5
0.0252434 1.76625 1.76625 2 6 5
0.0251894 1.78625 1.78625 2 6 5
0.0251412 1.80625 1.80625 2 6 5
0.025098 1.82625 1.82625 2 6 5
0.0250592 1.84625 1.84625 2 6 5
0.0250244 1.86625 1.86625 2 6 5
0.0249932 1.88625 1.88625 2 6 5
0.0249651 1.90625 1.90625 2 6 5
0.0249398 1.92625 1.92625 2 6 5
0.0249169 1.94625 1.94625 2 6 5
0.0248963 1.96625 1.96625 2 6 5
0.0248777 1.98625 1.98625 2 6 5
0.0248609 2.00625 2.00625 2 6 5
0.0248456 2.02625 2.02625 2 6 5
0.0248318 2.04625 2.04625 2 6 5
0.0248193 2.06625 2.06625 2 6 5
0.0248079 2.08625 2.08625 2 6 5
0.0247976 2.10625 2.10625 2 6 5
0.0247881 2.12625 2.12625 2 6 5
0.0247796 2.14625 2.14625 2 6 5
0.0247718 2.16625 2.16625 2 6 5
0.0247647 2.18625 2.18625 2 6 5
0.0247582 2.20625 2.20625 2 6 5
0.0247522 2.22625 2.22625 2 6 5
0.0247468 2.24625 2.24625 2 6 5
0.0247418 2.26625 2.26625 2 6 5
0.0247373 2.28625 2.28625 2 6 5
0.0247331 2.30625 2.30625 2 6 5
0.0247293 2.32625 2.32625 2 6 5
0.0247258 2.34625 2.34625 2 6 5
0.0247226 2.36625 2.36625 2 6 5
0.0247196 2.38625 2.38625 2 6 5
0.0247169 2.40625 2.40625 2 6 5
0.0247144 2.42625 2.42625 2 6 5
0.0247121 2.44625 2.44625 2 6 5
0.02471 2.46625 2.46625 2 6 5
0.024708 2.48625 2.48625 2 6 5
0.0247062 2.50625 2.50625 2 6 5
0.0247045 2.52625 2.52625 2 6 5
0.024703 2.54625 2.54625 2 6 5
0.0247016 2.56625 2.56625 2 6 5
0.0247002 2.58625 2.58625 2 6 5
0.024699 2.60625 2.60625 2 6 5
0.0246979 2.62625 2.62625 2 6 5
0.0246968 2.64625 2.64625 2 6 5
0.0246959 2.66625 2.66625 2 6 5
0.024695 2.68625 2.68625 2 6 5
0.0246941 2.70625 2.70625 2 6 5
0.0246933 2.72625 2.72625 2 6 5
0.0246926 2.74625 2.74625 2 6 5
0.0246919 2.76625 2.76625 2 6 5
0.0246913 2.78625 2.78625 2 6 5
0.0246907 2.80625 2.80625 2 6 5
0.0246902 2.82625 2.82625 2 6 5
0.0246897 2.84625 2.84625 2 6 5
0.0246892 2.86625 2.86625 2 6 5
0.0246888 2.88625 2.88625 2 6 5
0.0246884 2.90625 2.90625 2 6 5
0.024688 2.92625 2.92625 2 6 5
0.0246876 2.94625 2.94625 2 6 5
0.0246873 2.96625 2.96625 2 6 5
0.024687 2.98625 2.98625 2 6 5
0.0246867 3.00625 3.00625 2 6 5
0.0246864 3.02625 3.02625 2 6 5
0.0246862 3.04625 3.04625 2 6 5
0.0246859 3.06625 3.06625 2 6 5
0.0246857 3.08625 3.08625 2 6 5
0.0246855 3.10625 3.10625 2 6 5
0.0246853 3.12625 3.12625 2 6 5
0.0246851 3.14625 3.14625 2 6 5
0.0246849 3.16625 3.16625 2 6 5
0.0246848 3.18625 3.18625 2 6 5
0.0246846 3.20625 3.20625 2 6 5
0.0246845 3.22625 3.22625 2 6 5
0.0246843 3.24625 3.24625 2 6 5
0.0246842 3.26625 3.26625 2 6 5
0.0246841 3.28625 3.28625 2 6 5
0.024684 3.30625 3.30625 2 6 5
0.0246839 3.32625 3.32625 2 6 5
0.0246838 3.34625 3.34625 2 6 5
0.0246837 3.36625 3.36625 2 6 5
0.0246836 3.38625 3.38625 2 6 5
0.0246835 3.40625 3.40625 2 6 5
0.0246834 3.42625 3.42625 2 6 5
0.0246833 3.44625 3.44625 2 6 5
0.0246833 3.46625 3.46625 2 6 5
0.0246832 3.48625 3.48625 2 6 5
0.0246831 3.50625 3.50625 2 6 5
0.0246831 3.52625 3.52625 2 6 5
0.024683 3.54625 3.54625 2 6 5
0.024683 3.56625 3.56625 2 6 5
0.0246829 3.58625 3.58625 2 6 5
0.0246829 3.60625 3.60625 2 6 5
0.0246828 3.62625 3.62625 2 6 5
0.0246828 3.64625 3.64625 2 6 5
0.0246828 3.66625 3.66625 2 6 5
0.0246827 3.68625 3.68625 2 6 5
0.0246827 3.70625 3.70625 2 6 5
0.0246826 3.72625 3.72625 2 6 5
0.0246826 3.74625 3.74625 2 6 5
0.0246826 3.76625 3.76625 2 6 5
0.0246826 3.78625 3.78625 2 6 5
0.0246825 3.80625 3.80625 2 6 5
0.0246825 3.82625 3.82625 2 6 5
0.0246825 3.84625 3.84625 2 6 5
0.0246825 3.86625 3.86625 2 6 5
0.0246824 3.88625 3.88625 2 6 5
0.0246824 3.90625 3.90625 2 6 5
0.0246824 3.92625 3.92625 2 6 5
0.0246824 3.94625 3.94625 2 6 5
0.0246824 3.96625 3.96625 2 6 5
0.0246823 3.98625 3.98625 2 6 5
0.0246823 4.00625 4.00625 2 6 5
0.0246823 4.02625 4.02625 2 6 5
0.0246823 4.04625 4.04625 2 6 5
0.0246823 4.06625 4.06625 2 6 5
0.0246823 4.08625 4.08625 2 6 5
0.0246822 4.10625 4.10625 2 6 5
0.0246822 4.12625 4.12625 2 6 5
0.0246822 4.14625 4.14625 2 6 5
0.0246822 4.16625 4.16625 2 6 5
0.0246822 4.18631 4.18631 2 6 5
0.0246822 4.20615 4.20615 2 6 5
0.0246822 4.22615 4.22615 2 6 5
0.0246822 4.24619 4.24619 2 6 5
0.0246822 4.26619 4.26619 2 6 5
0.0246822 4.28618 4.28618 2 6 5
0.0246821 4.30617 4.30617 2 6 5
0.0246821 4.32617 4.32617 2 6 5
0.0246821 4.34623 4.34623 2 6 5
0.0246821 4.36611 4.36611 2 6 5
0.0246821 4.3861 4.3861 2 6 5
0.0246821 4.40612 4.40612 2 6 5
0.0246821 4.42613 4.42613 2 6 5
0.0246821 4.44612 4.44612 2 6 5
0.0246821 4.46612 4.46612 2 6 5
0.0246821 4.48611 4.48611 2 6 5
0.0246821 4.50619 4.50619 2 6 5
0.0246821 4.52603 4.52603 2 6 5
0.0246821 4.5461 4.5461 2 6 5
0.0246821 4.56612 4.56612 2 6 5
0.0246821 4.58609 4.58609 2 6 5
0.0246821 4.60607 4.60607 2 6 5
0.0246821 4.62613 4.62613 2 6 5
0.0246821 4.64604 4.64604 2 6 5
0.0246821 4.66605 4.66605 2 6 5
0.024682 4.68606 4.68606 2 6 5
0.024682 4.70606 4.70606 2 6 5
0.024682 4.72605 4.72605 2 6 5
0.024682 4.74605 4.74605 2 6 5
0.024682 4.76605 4.76605 2 6 5
0.024682 4.78603 4.78603 2 6 5
0.024682 4.80614 4.80614 2 6 5
0.024682 4.82607 4.82607 2 6 5
0.024682 4.84608 4.84608 2 6 5
0.024682 4.86608 4.86608 2 6 5
0.024682 4.88608 4.88608 2 6 5
0.024682 4.90608 4.90608 2 6 5
0.024682 4.92607 4.92607 2 6 5
0.024682 4.94604 4.94604 2 6 5
0.024682 4.96611 4.96611 2 6 5
0.024682 4.9862 4.9862 2 6 5
0.024682 5.00612 5.00612 2 6 5
0.024682 5.02612 5.02612 2 6 5
0.024682 5.04613 5.04613 2 6 5
0.024682 5.06613 5.06613 2 6 5
0.024682 5.08613 5.08613 2 6 5
0.024682 5.10613 5.10613 2 6 5
0.024682 5.12612 5.12612 2 6 5
0.024682 5.14616 5.14616 2 6 5
0.024682 5.16608 5.16608 2 6 5
0.024682 5.18611 5.18611 2 6 5
0.024682 5.20612 5.20612 2 6 5
0.024682 5.22611 5.22611 2 6 5
0.024682 5.2461 5.2461 2 6 5
0.024682 5.26604 5.26604 2 6 5
0.024682 5.28612 5.28612 2 6 5
0.024682 5.30626 5.30626 2 6 5
0.024682 5.3262 5.3262 2 6 5
0.024682 5.34621 5.34621 2 6 5
0.024682 5.36618 5.36618 2 6 5
0.024682 5.38621 5.38621 2 6 5
0.024682 5.40621 5.40621 2 6 5
0.024682 5.4262 5.4262 2 6 5
0.024682 5.44619 5.44619 2 6 5
0.024682 5.46618 5.46618 2 6 5
0.024682 5.48624 5.48624 2 6 5
0.024682 5.50621 5.50621 2 6 5
0.024682 5.52622 5.52622 2 6 5
0.024682 5.54622 5.54622 2 6 5
0.024682 5.56621 5.56621 2 6 5
0.024682 5.58621 5.58621 2 6 5
0.024682 5.60621 5.60621 2 6 5
0.024682 5.6262 5.6262 2 6 5
0.024682 5.64625 5.64625 2 6 5
0.024682 5.66622 5.66622 2 6 5
0.024682 5.68623 5.68623 2 6 5
0.024682 5.70623 5.70623 2 6 5
0.024682 5.72623 5.72623 2 6 5
0.024682 5.74623 5.74623 2 6 5
0.024682 5.76622 5.76622 2 6 5
0.024682 5.78621 5.78621 2 6 5
0.024682 5.80627 5.80627 2 6 5
0.024682 5.82623 5.82623 2 6 5
0.024682 5.84624 5.84624 2 6 5
0.024682 5.86624 5.86624 2 6 5
0.024682 5.88624 5.88624 2 6 5
0.024682 5.90624 5.90624 2 6 5
0.024682 5.92624 5.92624 2 6 5
0.024682 5.94624 5.94624 2 6 5
0.024682 5.96623 5.96623 2 6 5
0.024682 5.98627 5.98627 2 6 5
0.024682 6.00626 6.00626 2 6 5
0.024682 6.02627 6.02627 2 6 5
0.024682 6.04626 6.04626 2 6 5
0.024682 6.06625 6.06625 2 6 5
0.024682 6.08634 6.08634 2 6 5
0.024682 6.10622 6.10622 2 6 5
0.024682 6.12641 6.12641 2 6 5
0.024682 6.14636 6.14636 2 6 5
0.024682 6.16629 6.16629 2 6 5
0.024682 6.18644 6.18644 2 6 5
0.024682 6.2064 6.2064 2 6 5
0.024682 6.22638 6.22638 2 6 5
0.024682 6.24638 6.24638 2 6 5
0.024682 6.26637 6.26637 2 6 5
0.024682 6.28641 6.28641 2 6 5
0.024682 6.30639 6.30639 2 6 5
0.024682 6.32639 6.32639 2 6 5
0.024682 6.34639 6.34639 2 6 5
0.024682 6.36639 6.36639 2 6 5
0.024682 6.38639 6.38639 2 6 5
0.024682 6.40639 6.40639 2 6 5
0.024682 6.42639 6.42639 2 6 5
0.024682 6.44638 6.44638 2 6 5
0.024682 6.46642 6.46642 2 6 5
0.024682 6.4864 6.4864 2 6 5
0.024682 6.5064 6.5064 2 6 5
0.024682 6.5264 6.5264 2 6 5
0.024682 6.5464 6.5464 2 6 5
0.024682 6.5664 6.5664 2 6 5
0.024682 6.5864 6.5864 2 6 5
0.024682 6.6064 6.6064 2 6 5
0.024682 6.62639 6.62639 2 6 5
0.024682 6.64642 6.64642 2 6 5
0.024682 6.66641 6.66641 2 6 5
0.024682 6.68641 6.68641 2 6 5
0.024682 6.70641 6.70641 2 6 5
0.024682 6.72641 6.72641 2 6 5
0.024682 6.74641 6.74641 2 6 5
0.024682 6.7664 6.7664 2 6 5
0.024682 6.78643 6.78643 2 6 5
0.024682 6.80643 6.80643 2 6 5
0.024682 6.82643 6.82643 2 6 5
0.024682 6.84642 6.84642 2 6 5
0.024682 6.86642 6.86642 2 6 5
0.024682 6.88641 6.88641 2 6 5
0.024682 6.90644 6.90644 2 6 5
0.024682 6.92643 6.92643 2 6 5
0.024682 6.94643 6.94643 2 6 5
0.024682 6.96643 6.96643 2 6 5
0.024682 6.98643 6.98643 2 6 5
0.024682 7.00643 7.00643 2 6 5
0.024682 7.02643 7.02643 2 6 5
0.024682 7.04643 7.04643 2 6 5
0.024682 7.06643 7.06643 2 6 5
0.024682 7.08646 7.08646 2 6 5
0.024682 7.10649 7.10649 2 6 5
0.024682 7.12649 7.12649 2 6 5
0.024682 7.14646 7.14646 2 6 5
0.024682 7.16645 7.16645 2 6 5
0.024682 7.18648 7.18648 2 6 5
0.024682 7.20647 7.20647 2 6 5
0.024682 7.22647 7.22647 2 6 5
0.024682 7.24647 7.24647 2 6 5
0.024682 7.26647 7.26647 2 6 5
0.024682 7.28648 7.28648 2 6 5
0.024682 7.30648 7.30648 2 6 5
0.024682 7.32648 7.32648 2 6 5
0.024682 7.34648 7.34648 2 6 5
0.024682 7.36648 7.36648 2 6 5
0.024682 7.38648 7.38648 2 6 5
0.024682 7.40647 7.40647 2 6 5
0.024682 7.4265 7.4265 2 6 5
0.024682 7.44648 7.44648 2 6 5
0.024682 7.46648 7.46648 2 6 5
0.024682 7.48648 7.48648 2 6 5
0.024682 7.50648 7.50648 2 6 5
0.024682 7.52648 7.52648 2 6 5
0.024682 7.54648 7.54648 2 6 5
0.024682 7.56648 7.56648 2 6 5
0.024682 7.58648 7.58648 2 6 5
0.024682 7.60648 7.60648 2 6 5
0.024682 7.62649 7.62649 2 6 5
0.024682 7.64649 7.64649 2 6 5
0.024682 7.66649 7.66649 2 6 5
0.024682 7.68649 7.68649 2 6 5
0.024682 7.70649 7.70649 2 6 5
0.024682 7.72649 7.72649 2 6 5
0.024682 7.74652 7.74652 2 6 5
0.024682 7.76646 7.76646 2 6 5
0.024682 7.78664 7.78664 2 6 5
0.024682 7.80658 7.80658 2 6 5
0.024682 7.82652 7.82652 2 6 5
0.024682 7.84655 7.84655 2 6 5
0.024682 7.86656 7.86656 2 6 5
0.024682 7.88655 7.88655 2 6 5
0.024682 7.90655 7.90655 2 6 5
0.024682 7.92655 7.92655 2 6 5
0.024682 7.94655 7.94655 2 6 5
0.024682 7.96655 7.96655 2 6 5
0.024682 7.98655 7.98655 2 6 5
0.024682 8.00655 8.00655 2 6 5
0.024682 8.02655 8.02655 2 6 5
0.024682 8.04655 8.04655 2 6 5
0.024682 8.06657 8.06657 2 6 5
0.024682 8.08661 8.08661 2 6 5
0.024682 8.1066 8.1066 2 6 5
0.024682 8.12658 8.12658 2 6 5
0.024682 8.14673 8.14673 2 6 5
0.024682 8.16652 8.16652 2 6 5
0.024682 8.18642 8.18642 2 6 5
0.024682 8.20644 8.20644 2 6 5
0.024682 8.22647 8.22647 2 6 5
0.024682 8.24647 8.24647 2 6 5
0.024682 8.26646 8.26646 2 6 5
0.024682 8.28645 8.28645 2 6 5
0.024682 8.30647 8.30647 2 6 5
0.024682 8.32646 8.32646 2 6 5
0.024682 8.34646 8.34646 2 6 5
0.024682 8.36646 8.36646 2 6 5
0.024682 8.38646 8.38646 2 6 5
0.024682 8.40646 8.40646 2 6 5
0.024682 8.42646 8.42646 2 6 5
0.024682 8.44646 8.44646 2 6 5
0.024682 8.46646 8.46646 2 6 5
0.024682 8.48646 8.48646 2 6 5
0.024682 8.50647 8.50647 2 6 5
0.024682 8.52648 8.52648 2 6 5
0.024682 8.54648 8.54648 2 6 5
0.024682 8.56647 8.56647 2 6 5
0.024682 8.58647 8.58647 2 6 5
0.024682 8.60649 8.60649 2 6 5
0.024682 8.62649 8.62649 2 6 5
0.024682 8.64649 8.64649 2 6 5
0.024682 8.66649 8.66649 2 6 5
0.024682 8.68648 8.68648 2 6 5
0.024682 8.70648 8.70648 2 6 5
0.024682 8.7265 8.7265 2 6 5
0.024682 8.7465 8.7465 2 6 5
0.024682 8.76655 8.76655 2 6 5
0.024682 8.7865 8.7865 2 6 5
0.024682 8.8065 8.8065 2 6 5
0.024682 8.82652 8.82652 2 6 5
0.024682 8.84651 8.84651 2 6 5
0.024682 8.86651 8.86651 2 6 5
0.024682 8.88651 8.88651 2 6 5
0.024682 8.90652 8.90652 2 6 5
0.024682 8.92652 8.92652 2 6 5
0.024682 8.94652 8.94652 2 6 5
0.024682 8.96652 8.96652 2 6 5
0.024682 8.98652 8.98652 2 6 5
0.024682 9.00652 9.00652 2 6 5
0.024682 9.02651 9.02651 2 6 5
0.024682 9.04652 9.04652 2 6 5
0.024682 9.06652 9.06652 2 6 5
0.024682 9.08652 9.08652 2 6 5
0.024682 9.10652 9.10652 2 6 5
0.024682 9.12652 9.12652 2 6 5
0.024682 9.14652 9.14652 2 6 5
0.024682 9.16652 9.16652 2 6 5
0.024682 9.18652 9.18652 2 6 5
0.024682 9.20652 9.20652 2 6 5
0.024682 9.22652 9.22652 2 6 5
0.024682 9.24652 9.24652 2 6 5
0.024682 9.26652 9.26652 2 6 5
0.024682 9.28652 9.28652 2 6 5
0.024682 9.30652 9.30652 2 6 5
0.024682 9.32652 9.32652 2 6 5
0.024682 9.34653 9.34653 2 6 5
0.024682 9.36653 9.36653 2 6 5
0.024682 9.38653 9.38653 2 6 5
0.024682 9.40653 9.40653 2 6 5
0.024682 9.42653 9.42653 2 6 5
0.024682 9.44653 9.44653 2 6 5
0.024682 9.46653 9.46653 2 6 5
0.024682 9.48653 9.48653 2 6 5
0.024682 9.50653 9.50653 2 6 5
0.024682 9.52652 9.52652 2 6 5
0.024682 9.54654 9.54654 2 6 5
0.024682 9.56653 9.56653 2 6 5
0.024682 9.58653 9.58653 2 6 5
0.024682 9.60653 9.60653 2 6 5
0.024682 9.62653 9.62653 2 6 5
0.024682 9.64653 9.64653 2 6 5
0.024682 9.66653 9.66653 2 6 5
0.024682 9.68653 9.68653 2 6 5
0.024682 9.70653 9.70653 2 6 5
0.024682 9.72653 9.72653 2 6 5
0.024682 9.74653 9.74653 2 6 5
0.024682 9.76654 9.76654 2 6 5
0.024682 9.78654 9.78654 2 6 5
0.024682 9.80654 9.80654 2 6 5
0.024682 9.82654 9.82654 2 6 5
0.024682 9.84654 9.84654 2 6 5
0.024682 9.86654 9.86654 2 6 5
0.024682 9.88654 9.88654 2 6 5
0.024682 9.90654 9.90654 2 6 5
0.024682 9.92653 9.92653 2 6 5
0.024682 9.94655 9.94655 2 6 5
0.024682 9.96655 9.96655 2 6 5
0.024682 9.98656 9.98656 2 6 5
0.024682 10.0065 10.0065 2 6 5
0.024682 10.0266 10.0266 2 6 5
0.024682 10.0466 10.0466 2 6 5
0.024682 10.0666 10.0666 2 6 5
0.024682 10.0866 10.0866 2 6 5
0.024682 10.1066 10.1066 2 6 5
0.024682 10.1266 10.1266 2 6 5
0.024682 10.1466 10.1466 2 6 5
0.024682 10.1666 10.1666 2 6 5
0.024682 10.187 10.187 2 6 5
0.024682 10.2068 10.2068 2 6 5
0.024682 10.2267 10.2267 2 6 5
0.024682 10.2467 10.2467 2 6 5
0.024682 10.2668 10.2668 2 6 5
0.024682 10.2867 10.2867 2 6 5
0.024682 10.3067 10.3067 2 6 5
0.024682 10.3267 10.3267 2 6 5
0.024682 10.3467 10.3467 2 6 5
0.024682 10.3667 10.3667 2 6 5
0.024682 10.3867 10.3867 2 6 5
0.024682 10.4067 10.4067 2 6 5
0.024682 10.4268 10.4268 2 6 5
0.024682 10.447 10.447 2 6 5
0.024682 10.4669 10.4669 2 6 5
0.024682 10.4868 10.4868 2 6 5
0.024682 10.5069 10.5069 2 6 5
0.024682 10.5269 10.5269 2 6 5
0.024682 10.5469 10.5469 2 6 5
0.024682 10.5669 10.5669 2 6 5
0.024682 10.5869 10.5869 2 6 5
0.024682 10.6069 10.6069 2 6 5
0.024682 10.6269 10.6269 2 6 5
0.024682 10.6469 10.6469 2 6 5
0.024682 10.6669 10.6669 2 6 5
0.024682 10.6869 10.6869 2 6 5
0.024682 10.7069 10.7069 2 6 5
0.024682 10.7269 10.7269 2 6 5
0.024682 10.7469 10.7469 2 6 5
0.024682 10.7669 10.7669 2 6 5
0.024682 10.7869 10.7869 2 6 5
0.024682 10.8069 10.8069 2 6 5
0.024682 10.8269 10.8269 2 6 5
0.024682 10.8469 10.8469 2 6 5
0.024682 10.8669 10.8669 2 6 5
0.024682 10.8869 10.8869 2 6 5
0.024682 10.9069 10.9069 2 6 5
0.024682 10.9269 10.9269 2 6 5
0.024682 10.9469 10.9469 2 6 5
0.024682 10.9669 10.9669 2 6 5
0.024682 10.9869 10.9869 2 6 5
0.024682 11.0069 11.0069 2 6 5
0.024682 11.0269 11.0269 2 6 5
0.024682 11.0469 11.0469 2 6 5
0.024682 11.0669 11.0669 2 6 5
0.024682 11.0869 11.0869 2 6 5
0.024682 11.1069 11.1069 2 6 5
0.024682 11.1269 11.1269 2 6 5
0.024682 11.1469 11.1469 2 6 5
0.024682 11.1669 11.1669 2 6 5
0.024682 11.1869 11.1869 2 6 5
0.024682 11.2069 11.2069 2 6 5
0.024682 11.2269 11.2269 2 6 5
0.024682 11.2469 11.2469 2 6 5
0.024682 11.2669 11.2669 2 6 5
0.024682 11.2869 11.2869 2 6 5
0.024682 11.3069 11.3069 2 6 5
0.024682 11.3269 11.3269 2 6 5
0.024682 11.3469 11.3469 2 6 5
0.024682 11.3669 11.3669 2 6 5
0.024682 11.3869 11.3869 2 6 5
0.024682 11.4069 11.4069 2 6 5
0.024682 11.4269 11.4269 2 6 5
0.024682 11.4469 11.4469 2 6 5
0.024682 11.4669 11.4669 2 6 5
0.024682 11.4869 11.4869 2 6 5
0.024682 11.5069 11.5069 2 6 5
0.024682 11.5269 11.5269 2 6 5
0.024682 11.5469 11.5469 2 6 5
0.024682 11.5669 11.5669 2 6 5
0.024682 11.5869 11.5869 2 6 5
0.024682 11.6069 11.6069 2 6 5
0.024682 11.6269 11.6269 2 6 5
0.024682 11.6469 11.6469 2 6 5
0.024682 11.6669 11.6669 2 6 5
0.024682 11.6869 11.6869 2 6 5
0.024682 11.7069 11.7069 2 6 5
0.024682 11.7269 11.7269 2 6 5
0.024682 11.7469 11.7469 2 6 5
0.024682 11.7669 11.7669 2 6 5
0.024682 11.7869 11.7869 2 6 5
0.024682 11.8069 11.8069 2 6 5
0.024682 11.8269 11.8269 2 6 5
0.024682 11.8469 11.8469 2 6 5
0.024682 11.8669 11.8669 2 6 5
0.024682 11.8869 11.8869 2 6 5
0.024682 11.9069 11.9069 2 6 5
0.024682 11.9269 11.9269 2 6 5
0.024682 11.9469 11.9469 2 6 5
0.024682 11.9669 11.9669 2 6 5
0.024682 11.9869 11.9869 2 6 5
0.024682 12.0069 12.0069 2 6 5
0.024682 12.0269 12.0269 2 6 5
0.024682 12.0469 12.0469 2 6 5
0.024682 12.0669 12.0669 2 6 5
0.024682 12.0869 12.0869 2 6 5
0.024682 12.1069 12.1069 2 6 5
0.024682 12.1269 12.1269 2 6 5
0.024682 12.1469 12.1469 2 6 5
0.024682 12.1669 12.1669 2 6 5
0.024682 12.1869 12.1869 2 6 5
0.024682 12.2069 12.2069 2 6 5
0.024682 12.2269 12.2269 2 6 5
0.024682 12.2469 12.2469 2 6 5
0.024682 12.2669 12.2669 2 6 5
0.024682 12.2869 12.2869 2 6 5
0.024682 12.3069 12.3069 2 6 5
0.024682 12.3269 12.3269 2 6 5
0.024682 12.3469 12.3469 2 6 5
0.024682 12.3669 12.3669 2 6 5
0.024682 12.3869 12.3869 2 6 5
0.024682 12.4069 12.4069 2 6 5
0.024682 12.4269 12.4269 2 6 5
0.024682 12.4469 12.4469 2 6 5
0.024682 12.4669 12.4669 2 6 5
0.024682 12.4869 12.4869 2 6 5
0.024682 12.5069 12.5069 2 6 5
0.024682 12.5269 12.5269 2 6 5
0.024682 12.5469 12.5469 2 6 5
0.024682 12.5669 12.5669 2 6 5
0.024682 12.5869 12.5869 2 6 5
0.024682 12.6069 12.6069 2 6 5
0.024682 12.6272 12.6272 2 6 5
0.024682 12.647 12.647 2 6 5
0.024682 12.667 12.667 2 6 5
0.024682 12.687 12.687 2 6 5
0.024682 12.707 12.707 2 6 5
0.024682 12.727 12.727 2 6 5
0.024682 12.747 12.747 2 6 5
0.024682 12.767 12.767 2 6 5
0.024682 12.787 12.787 2 6 5
0.024682 12.807 12.807 2 6 5
0.024682 12.827 12.827 2 6 5
0.024682 12.847 12.847 2 6 5
0.024682 12.867 12.867 2 6 5
0.024682 12.887 12.887 2 6 5
0.024682 12.907 12.907 2 6 5
0.024682 12.927 12.927 2 6 5
0.024682 12.947 12.947 2 6 5
0.024682 12.967 12.967 2 6 5
0.024682 12.987 12.987 2 6 5
0.024682 13.007 13.007 2 6 5
0.024682 13.027 13.027 2 6 5
0.024682 13.047 13.047 2 6 5
0.024682 13.067 13.067 2 6 5
0.024682 13.087 13.087 2 6 5
0.024682 13.107 13.107 2 6 5
0.024682 13.127 13.127 2 6 5
0.024682 13.147 13.147 2 6 5
0.024682 13.167 13.167 2 6 5
0.024682 13.1873 13.1873 2 6 5
0.024682 13.2072 13.2072 2 6 5
0.024682 13.2271 13.2271 2 6 5
0.024682 13.2471 13.2471 2 6 5
0.024682 13.2671 13.2671 2 6 5
0.024682 13.2871 13.2871 2 6 5
0.024682 13.3071 13.3071 2 6 5
0.024682 13.3271 13.3271 2 6 5
0.024682 13.3471 13.3471 2 6 5
0.024682 13.3671 13.3671 2 6 5
0.024682 13.3871 13.3871 2 6 5
0.024682 13.4071 13.4071 2 6 5
0.024682 13.4271 13.4271 2 6 5
0.024682 13.4471 13.4471 2 6 5
0.024682 13.4671 13.4671 2 6 5
0.024682 13.4871 13.4871 2 6 5
0.024682 13.5071 13.5071 2 6 5
0.024682 13.5271 13.5271 2 6 5
0.024682 13.5471 13.5471 2 6 5
0.024682 13.5671 13.5671 2 6 5
0.024682 13.5871 13.5871 2 6 5
0.024682 13.6071 13.6071 2 6 5
0.024682 13.6271 13.6271 2 6 5
0.024682 13.6471 13.6471 2 6 5
0.024682 13.6671 13.6671 2 6 5
0.024682 13.6871 13.6871 2 6 5
0.024682 13.7071 13.7071 2 6 5
0.024682 13.7271 13.7271 2 6 5
0.024682 13.7471 13.7471 2 6 5
0.024682 13.7671 13.7671 2 6 5
0.024682 13.7871 13.7871 2 6 5
0.024682 13.8071 13.8071 2 6 5
0.024682 13.8271 13.8271 2 6 5
0.024682 13.8474 13.8474 2 6 5
0.024682 13.8673 13.8673 2 6 5
0.024682 13.8872 13.8872 2 6 5
0.024682 13.9073 13.9073 2 6 5
0.024682 13.9273 13.9273 2 6 5
0.024682 13.9473 13.9473 2 6 5
0.024682 13.9673 13.9673 2 6 5
0.024682 13.9873 13.9873 2 6 5
0.024682 14.0073 14.0073 2 6 5
0.024682 14.0273 14.0273 2 6 5
0.024682 14.0473 14.0473 2 6 5
0.024682 14.0673 14.0673 2 6 5
0.024682 14.0873 14.0873 2 6 5
0.024682 14.1073 14.1073 2 6 5
0.024682 14.1273 14.1273 2 6 5
0.024682 14.1473 14.1473 2 6 5
0.024682 14.1673 14.1673 2 6 5
0.024682 14.1873 14.1873 2 6 5
0.024682 14.2073 14.2073 2 6 5
0.024682 14.2273 14.2273 2 6 5
0.024682 14.2473 14.2473 2 6 5
0.024682 14.2673 14.2673 2 6 5
0.024682 14.2873 14.2873 2 6 5
0.024682 14.3073 14.3073 2 6 5
0.024682 14.3273 14.3273 2 6 5
0.024682 14.3473 14.3473 2 6 5
0.024682 14.3673 14.3673 2 6 5
0.024682 14.3873 14.3873 2 6 5
0.024682 14.4073 14.4073 2 6 5
0.024682 14.4273 14.4273 2 6 5
0.024682 14.4473 14.4473 2 6 5
0.024682 14.4673 14.4673 2 6 5
0.024682 14.4873 14.4873 2 6 5
0.024682 14.5073 14.5073 2 6 5
0.024682 14.5273 14.5273 2 6 5
0.024682 14.5473 14.5473 2 6 5
0.024682 14.5673 14.5673 2 6 5
0.024682 14.5873 14.5873 2 6 5
0.024682 14.6073 14.6073 2 6 5
0.024682 14.6273 14.6273 2 6 5
0.024682 14.6473 14.6473 2 6 5
0.024682 14.6673 14.6673 2 6 5
0.024682 14.6873 14.6873 2 6 5
0.024682 14.7073 14.7073 2 6 5
0.024682 14.7273 14.7273 2 6 5
0.024682 14.7473 14.7473 2 6 5
0.024682 14.7673 14.7673 2 6 5
0.024682 14.7874 14.7874 2 6 5
0.024682 14.8073 14.8073 2 6 5
0.024682 14.8273 14.8273 2 6 5
0.024682 14.8473 14.8473 2 6 5
0.024682 14.8673 14.8673 2 6 5
0.024682 14.8873 14.8873 2 6 5
0.024682 14.9073 14.9073 2 6 5
0.024682 14.9273 14.9273 2 6 5
0.024682 14.9473 14.9473 2 6 5
0.024682 14.9673 14.9673 2 6 5
0.024682 14.9873 14.9873 2 6 5
0.024682 15.0073 15.0073 2 6 5
0.024682 15.0273 15.0273 2 6 5
0.024682 15.0473 15.0473 2 6 5
0.024682 15.0673 15.0673 2 6 5
0.024682 15.0873 15.0873 2 6 5
0.024682 15.1073 15.1073 2 6 5
0.024682 15.1273 15.1273 2 6 5
0.024682 15.1473 15.1473 2 6 5
0.024682 15.1673 15.1673 2 6 5
0.024682 15.1873 15.1873 2 6 5
0.024682 15.2073 15.2073 2 6 5
0.024682 15.2273 15.2273 2 6 5
0.024682 15.2473 15.2473 2 6 5
0.024682 15.2673 15.2673 2 6 5
0.024682 15.2873 15.2873 2 6 5
0.024682 15.3073 15.3073 2 6 5
0.024682 15.3274 15.3274 2 6 5
0.024682 15.3474 15.3474 2 6 5
0.024682 15.3673 15.3673 2 6 5
0.024682 15.3874 15.3874 2 6 5
0.024682 15.4074 15.4074 2 6 5
0.024682 15.4274 15.4274 2 6 5
0.024682 15.4474 15.4474 2 6 5
0.024682 15.4674 15.4674 2 6 5
0.024682 15.4874 15.4874 2 6 5
0.024682 15.5074 15.5074 2 6 5
0.024682 15.5274 15.5274 2 6 5
0.024682 15.5474 15.5474 2 6 5
0.024682 15.5674 15.5674 2 6 5
0.024682 15.5874 15.5874 2 6 5
0.024682 15.6074 15.6074 2 6 5
0.024682 15.6274 15.6274 2 6 5
0.024682 15.6474 15.6474 2 6 5
0.024682 15.6674 15.6674 2 6 5
0.024682 15.6874 15.6874 2 6 5
0.024682 15.7074 15.7074 2 6 5
0.024682 15.7274 15.7274 2 6 5
0.024682 15.7474 15.7474 2 6 5
0.024682 15.7674 15.7674 2 6 5
0.024682 15.7874 15.7874 2 6 5
0.024682 15.8074 15.8074 2 6 5
0.024682 15.8274 15.8274 2 6 5
0.024682 15.8474 15.8474 2 6 5
0.024682 15.8674 15.8674 2 6 5
0.024682 15.8874 15.8874 2 6 5
0.024682 15.9074 15.9074 2 6 5
0.024682 15.9274 15.9274 2 6 5
0.024682 15.9474 15.9474 2 6 5
0.024682 15.9674 15.9674 2 6 5
0.024682 15.9875 15.9875 2 6 5
0.024682 16.0075 16.0075 2 6 5
0.024682 16.0274 16.0274 2 6 5
0.024682 16.0474 16.0474 2 6 5
0.024682 16.0674 16.0674 2 6 5
0.024682 16.0874 16.0874 2 6 5
0.024682 16.1074 16.1074 2 6 5
0.024682 16.1274 16.1274 2 6 5
0.024682 16.1474 16.1474 2 6 5
0.024682 16.1674 16.1674 2 6 5
0.024682 16.1874 16.1874 2 6 5
0.024682 16.2074 16.2074 2 6 5
0.024682 16.2274 16.2274 2 6 5
0.024682 16.2474 16.2474 2 6 5
0.024682 16.2674 16.2674 2 6 5
0.024682 16.2874 16.2874 2 6 5
0.024682 16.3074 16.3074 2 6 5
0.024682 16.3274 16.3274 2 6 5
0.024682 16.3474 16.3474 2 6 5
0.024682 16.3674 16.3674 2 6 5
0.024682 16.3874 16.3874 2 6 5
0.024682 16.4074 16.4074 2 6 5
0.024682 16.4274 16.4274 2 6 5
0.024682 16.4474 16.4474 2 6 5
0.024682 16.4674 16.4674 2 6 5
0.024682 16.4874 16.4874 2 6 5
0.024682 16.5074 16.5074 2 6 5
0.024682 16.5274 16.5274 2 6 5
0.024682 16.5474 16.5474 2 6 5
0.024682 16.5674 16.5674 2 6 5
0.024682 16.5874 16.5874 2 6 5
0.024682 16.6074 16.6074 2 6 5
0.024682 16.6274 16.6274 2 6 5
0.024682 16.6474 16.6474 2 6 5
0.024682 16.6683 16.6683 2 6 5
0.024682 16.6879 16.6879 2 6 5
0.024682 16.7076 16.7076 2 6 5
0.024682 16.7278 16.7278 2 6 5
0.024682 16.7478 16.7478 2 6 5
0.024682 16.7678 16.7678 2 6 5
0.024682 16.7878 16.7878 2 6 5
0.024682 16.8078 16.8078 2 6 5
0.024682 16.8278 16.8278 2 6 5
0.024682 16.8478 16.8478 2 6 5
0.024682 16.8678 16.8678 2 6 5
0.024682 16.8878 16.8878 2 6 5
0.024682 16.9078 16.9078 2 6 5
0.024682 16.9278 16.9278 2 6 5
0.024682 16.9478 16.9478 2 6 5
0.024682 16.9678 16.9678 2 6 5
0.024682 16.9878 16.9878 2 6 5
0.024682 17.0078 17.0078 2 6 5
0.024682 17.0278 17.0278 2 6 5
0.024682 17.0478 17.0478 2 6 5
0.024682 17.0678 17.0678 2 6 5
0.024682 17.0878 17.0878 2 6 5
0.024682 17.1078 17.1078 2 6 5
0.024682 17.1278 17.1278 2 6 5
0.024682 17.1478 17.1478 2 6 5
0.024682 17.1678 17.1678 2 6 5
0.024682 17.1878 17.1878 2 6 5
0.024682 17.2078 17.2078 2 6 5
0.024682 17.2278 17.2278 2 6 5
0.024682 17.2478 17.2478 2 6 5
0.024682 17.2678 17.2678 2 6 5
0.024682 17.2878 17.2878 2 6 5
0.024682 17.3078 17.3078 2 6 5
0.024682 17.3278 17.3278 2 6 5
0.024682 17.3478 17.3478 2 6 5
0.024682 17.3678 17.3678 2 6 5
0.024682 17.3878 17.3878 2 6 5
0.024682 17.4078 17.4078 2 6 5
0.024682 17.4278 17.4278 2 6 5
0.024682 17.4478 17.4478 2 6 5
0.024682 17.4678 17.4678 2 6 5
0.024682 17.4878 17.4878 2 6 5
0.024682 17.5078 17.5078 2 6 5
0.024682 17.5278 17.5278 2 6 5
0.024682 17.5478 17.5478 2 6 5
0.024682 17.5678 17.5678 2 6 5
0.024682 17.5878 17.5878 2 6 5
0.024682 17.6078 17.6078 2 6 5
0.024682 17.6278 17.6278 2 6 5
0.024682 17.6478 17.6478 2 6 5
0.024682 17.6678 17.6678 2 6 5
0.024682 17.6878 17.6878 2 6 5
0.024682 17.7078 17.7078 2 6 5
0.024682 17.7278 17.7278 2 6 5
0.024682 17.7478 17.7478 2 6 5
0.024682 17.7678 17.7678 2 6 5
0.024682 17.7878 17.7878 2 6 5
0.024682 17.8078 17.8078 2 6 5
0.024682 17.8278 17.8278 2 6 5
0.024682 17.8478 17.8478 2 6 5
0.024682 17.8678 17.8678 2 6 5
0.024682 17.8878 17.8878 2 6 5
0.024682 17.9078 17.9078 2 6 5
0.024682 17.9278 17.9278 2 6 5
0.024682 17.9478 17.9478 2 6 5
0.024682 17.9678 17.9678 2 6 5
0.024682 17.9878 17.9878 2 6 5
0.024682 18.0078 18.0078 2 6 5
0.024682 18.0278 18.0278 2 6 5
0.024682 18.0478 18.0478 2 6 5
0.024682 18.0678 18.0678 2 6 5
0.024682 18.0878 18.0878 2 6 5
0.024682 18.1078 18.1078 2 6 5
0.024682 18.1278 18.1278 2 6 5
0.024682 18.1478 18.1478 2 6 5
0.024682 18.1678 18.1678 2 6 5
0.024682 18.1878 18.1878 2 6 5
0.024682 18.2078 18.2078 2 6 5
0.024682 18.2278 18.2278 2 6 5
0.024682 18.2478 18.2478 2 6 5
0.024682 18.2678 18.2678 2 6 5
0.024682 18.2878 18.2878 2 6 5
0.024682 18.3078 18.3078 2 6 5
0.024682 18.3278 18.3278 2 6 5
0.024682 18.3478 18.3478 2 6 5
0.024682 18.3678 18.3678 2 6 5
0.024682 18.3878 18.3878 2 6 5
0.024682 18.4078 18.4078 2 6 5
0.024682 18.4278 18.4278 2 6 5
0.024682 18.4478 18.4478 2 6 5
0.024682 18.4678 18.4678 2 6 5
0.024682 18.4878 18.4878 2 6 5
0.024682 18.5078 18.5078 2 6 5
0.024682 18.5278 18.5278 2 6 5
0.024682 18.5478 18.5478 2 6 5
0.024682 18.5678 18.5678 2 6 5
0.024682 18.5878 18.5878 2 6 5
0.024682 18.6078 18.6078 2 6 5
0.024682 18.6278 18.6278 2 6 5
0.024682 18.6478 18.6478 2 6 5
0.024682 18.6679 18.6679 2 6 5
0.024682 18.6878 18.6878 2 6 5
0.024682 18.7078 18.7078 2 6 5
0.024682 18.7278 18.7278 2 6 5
0.024682 18.7478 18.7478 2 6 5
0.024682 18.7678 18.7678 2 6 5
0.024682 18.7878 18.7878 2 6 5
0.024682 18.8078 18.8078 2 6 5
0.024682 18.8278 18.8278 2 6 5
0.024682 18.8478 18.8478 2 6 5
0.024682 18.8678 18.8678 2 6 5
0.024682 18.8878 18.8878 2 6 5
0.024682 18.9078 18.9078 2 6 5
0.024682 18.9278 18.9278 2 6 5
0.024682 18.9478 18.9478 2 6 5
0.024682 18.9678 18.9678 2 6 5
0.024682 18.9878 18.9878 2 6 5
0.024682 19.0078 19.0078 2 6 5
0.024682 19.0278 19.0278 2 6 5
0.024682 19.0478 19.0478 2 6 5
0.024682 19.0678 19.0678 2 6 5
0.024682 19.0878 19.0878 2 6 5
0.024682 19.1078 19.1078 2 6 5
0.024682 19.1278 19.1278 2 6 5
0.024682 19.1478 19.1478 2 6 5
0.024682 19.1678 19.1678 2 6 5
0.024682 19.1878 19.1878 2 6 5
0.024682 19.2078 19.2078 2 6 5
0.024682 19.2278 19.2278 2 6 5
0.024682 19.2478 19.2478 2 6 5
0.024682 19.2678 19.2678 2 6 5
0.024682 19.2878 19.2878 2 6 5
0.024682 19.3078 19.3078 2 6 5
0.024682 19.3278 19.3278 2 6 5
0.024682 19.3478 19.3478 2 6 5
0.024682 19.3678 19.3678 2 6 5
0.024682 19.3878 19.3878 2 6 5
0.024682 19.4078 19.4078 2 6 5
0.024682 19.4278 19.4278 2 6 5
0.024682 19.4478 19.4478 2 6 5
0.024682 19.4678 19.4678 2 6 5
0.024682 19.4878 19.4878 2 6 5
0.024682 19.5078 19.5078 2 6 5
0.024682 19.5278 19.5278 2 6 5
0.024682 19.5478 19.5478 2 6 5
0.024682 19.5678 19.5678 2 6 5
0.024682 19.5878 19.5878 2 6 5
0.024682 19.6078 19.6078 2 6 5
0.024682 19.6278 19.6278 2 6 5
0.024682 19.6478 19.6478 2 6 5
0.024682 19.6678 19.6678 2 6 5
0.024682 19.6878 19.6878 2 6 5
0.024682 19.7078 19.7078 2 6 5
0.024682 19.7278 19.7278 2 6 5
0.024682 19.7478 19.7478 2 6 5
0.024682 19.7678 19.7678 2 6 5
0.024682 19.7878 19.7878 2 6 5
0.024682 19.8078 19.8078 2 6 5
0.024682 19.8278 19.8278 2 6 5
0.024682 19.8478 19.8478 2 6 5
0.024682 19.8678 19.8678 2 6 5
0.024682 19.8878 19.8878 2 6 5
0.024682 19.9078 19.9078 2 6 5
0.024682 19.9278 19.9278 2 6 5
0.024682 19.9478 19.9478 2 6 5
0.024682 19.9678 19.9678 2 6 5
0.024682 19.9878 19.9878 2 6 5
0.024682 20.0078 20.0078 2 6 5
0.024682 20.0278 20.0278 2 6 5
0.024682 20.0478 20.0478 2 6 5
0.024682 20.0678 20.0678 2 6 5
0.024682 20.0878 20.0878 2 6 5
0.024682 20.1078 20.1078 2 6 5
0.024682 20.1278 20.1278 2 6 5
0.024682 20.1478 20.1478 2 6 5
0.024682 20.1678 20.1678 2 6 5
0.024682 20.1878 20.1878 2 6 5
0.024682 20.2078 20.2078 2 6 5
0.024682 20.2278 20.2278 2 6 5
0.024682 20.2478 20.2478 2 6 5
0.024682 20.2678 20.2678 2 6 5
0.024682 20.2878 20.2878 2 6 5
0.024682 20.3078 20.3078 2 6 5
0.024682 20.3278 20.3278 2 6 5
0.024682 20.3478 20.3478 2 6 5
0.024682 20.3678 20.3678 2 6 5
0.024682 20.3878 20.3878 2 6 5
0.024682 20.4078 20.4078 2 6 5
0.024682 20.4278 20.4278 2 6 5
0.024682 20.4478 20.4478 2 6 5
0.024682 20.4678 20.4678 2 6 5
0.024682 20.4878 20.4878 2 6 5
0.024682 20.5078 20.5078 2 6 5
0.024682 20.5278 20.5278 2 6 5
0.024682 20.5478 20.5478 2 6 5
0.024682 20.5678 20.5678 2 6 5
0.024682 20.5878 20.5878 2 6 5
0.024682 20.6078 20.6078 2 6 5
0.024682 20.6278 20.6278 2 6 5
0.024682 20.6478 20.6478 2 6 5
0.024682 20.6678 20.6678 2 6 5
0.024682 20.6878 20.6878 2 6 5
0.024682 20.7078 20.7078 2 6 5
0.024682 20.7278 20.7278 2 6 5
0.024682 20.7478 20.7478 2 6 5
0.024682 20.7678 20.7678 2 6 5
0.024682 20.7878 20.7878 2 6 5
0.024682 20.8078 20.8078 2 6 5
0.024682 20.8278 20.8278 2 6 5
0.024682 20.8478 20.8478 2 6 5
0.024682 20.8678 20.8678 2 6 5
0.024682 20.8878 20.8878 2 6 5
0.024682 20.9078 20.9078 2 6 5
0.024682 20.9278 20.9278 2 6 5
0.024682 20.9478 20.9478 2 6 5
0.024682 20.9678 20.9678 2 6 5
0.024682 20.9878 20.9878 2 6 5
0.024682 21.0078 21.0078 2 6 5
0.024682 21.0278 21.0278 2 6 5
0.024682 21.0479 21.0479 2 6 5
0.024682 21.0679 21.0679 2 6 5
0.024682 21.0879 21.0879 2 6 5
0.024682 21.1079 21.1079 2 6 5
0.024682 21.1279 21.1279 2 6 5
0.024682 21.1479 21.1479 2 6 5
0.024682 21.1679 21.1679 2 6 5
0.024682 21.1879 21.1879 2 6 5
0.024682 21.2079 21.2079 2 6 5
0.024682 21.2279 21.2279 2 6 5
0.024682 21.2479 21.2479 2 6 5
0.024682 21.2679 21.2679 2 6 5
0.024682 21.2879 21.2879 2 6 5
0.024682 21.3079 21.3079 2 6 5
0.024682 21.3279 21.3279 2 6 5
0.024682 21.3479 21.3479 2 6 5
0.024682 21.3679 21.3679 2 6 5
0.024682 21.3879 21.3879 2 6 5
0.024682 21.4079 21.4079 2 6 5
0.024682 21.4279 21.4279 2 6 5
0.024682 21.4479 21.4479 2 6 5
0.024682 21.4679 21.4679 2 6 5
0.024682 21.4879 21.4879 2 6 5
0.024682 21.5079 21.5079 2 6 5
0.024682 21.5279 21.5279 2 6 5
0.024682 21.5479 21.5479 2 6 5
0.024682 21.5679 21.5679 2 6 5
0.024682 21.5879 21.5879 2 6 5
0.024682 21.6079 21.6079 2 6 5
0.024682 21.6279 21.6279 2 6 5
0.024682 21.6479 21.6479 2 6 5
0.024682 21.6679 21.6679 2 6 5
0.024682 21.6879 21.6879 2 6 5
0.024682 21.7079 21.7079 2 6 5
0.024682 21.7279 21.7279 2 6 5
0.024682 21.7479 21.7479 2 6 5
0.024682 21.7679 21.7679 2 6 5
0.024682 21.7879 21.7879 2 6 5
0.024682 21.8079 21.8079 2 6 5
0.024682 21.8279 21.8279 2 6 5
0.024682 21.8479 21.8479 2 6 5
0.024682 21.8679 21.8679 2 6 5
0.024682 21.8879 21.8879 2 6 5
0.024682 21.9079 21.9079 2 6 5
0.024682 21.9279 21.9279 2 6 5
0.024682 21.9479 21.9479 2 6 5
0.024682 21.9679 21.9679 2 6 5
0.024682 21.9879 21.9879 2 6 5
0.024682 22.0079 22.0079 2 6 5
0.024682 22.0279 22.0279 2 6 5
0.024682 22.0479 22.0479 2 6 5
0.024682 22.0679 22.0679 2 6 5
0.024682 22.0879 22.0879 2 6 5
0.024682 22.1079 22.1079 2 6 5
0.024682 22.1279 22.1279 2 6 5
0.024682 22.1479 22.1479 2 6 5
0.024682 22.1679 22.1679 2 6 5
0.024682 22.1879 22.1879 2 6 5
0.024682 22.2079 22.2079 2 6 5
0.024682 22.2279 22.2279 2 6 5
0.024682 22.2479 22.2479 2 6 5
0.024682 22.2679 22.2679 2 6 5
0.024682 22.2879 22.2879 2 6 5
0.024682 22.3079 22.3079 2 6 5
0.024682 22.3279 22.3279 2 6 5
0.024682 22.3479 22.3479 2 6 5
0.024682 22.3679 22.3679 2 6 5
0.024682 22.3879 22.3879 2 6 5
0.024682 22.4079 22.4079 2 6 5
0.024682 22.4279 22.4279 2 6 5
0.024682 22.4479 22.4479 2 6 5
0.024682 22.4679 22.4679 2 6 5
0.024682 22.4879 22.4879 2 6 5
0.024682 22.5079 22.5079 2 6 5
0.024682 22.5279 22.5279 2 6 5
0.024682 22.5479 22.5479 2 6 5
0.024682 22.5679 22.5679 2 6 5
0.024682 22.5879 22.5879 2 6 5
0.024682 22.6079 22.6079 2 6 5
0.024682 22.6279 22.6279 2 6 5
0.024682 22.6479 22.6479 2 6 5
0.024682 22.6679 22.6679 2 6 5
0.024682 22.6879 22.6879 2 6 5
0.024682 22.7079 22.7079 2 6 5
0.024682 22.7279 22.7279 2 6 5
0.024682 22.7479 22.7479 2 6 5
0.024682 22.7679 22.7679 2 6 5
0.024682 22.7879 22.7879 2 6 5
0.024682 22.8079 22.8079 2 6 5
0.024682 22.8279 22.8279 2 6 5
0.024682 22.8479 22.8479 2 6 5
0.024682 22.8679 22.8679 2 6 5
0.024682 22.8879 22.8879 2 6 5
0.024682 22.9079 22.9079 2 6 5
0.024682 22.9279 22.9279 2 6 5
0.024682 22.9479 22.9479 2 6 5
0.024682 22.9679 22.9679 2 6 5
0.024682 22.9879 22.9879 2 6 5
0.024682 23.0079 23.0079 2 6 5
0.024682 23.0279 23.0279 2 6 5
0.024682 23.0479 23.0479 2 6 5
0.024682 23.0679 23.0679 2 6 5
0.024682 23.0879 23.0879 2 6 5
0.024682 23.1079 23.1079 2 6 5
0.024682 23.1279 23.1279 2 6 5
0.024682 23.1479 23.1479 2 6 5
0.024682 23.1679 23.1679 2 6 5
0.024682 23.1879 23.1879 2 6 5
0.024682 23.2079 23.2079 2 6 5
0.024682 23.2279 23.2279 2 6 5
0.024682 23.2479 23.2479 2 6 5
0.024682 23.2679 23.2679 2 6 5
0.024682 23.2879 23.2879 2 6 5
0.024682 23.3079 23.3079 2 6 5
0.024682 23.3279 23.3279 2 6 5
0.024682 23.3479 23.3479 2 6 5
0.024682 23.368 23.368 2 6 5
0.024682 23.3879 23.3879 2 6 5
0.024682 23.4079 23.4079 2 6 5
0.024682 23.4279 23.4279 2 6 5
0.024682 23.4479 23.4479 2 6 5
0.024682 23.4679 23.4679 2 6 5
0.024682 23.4879 23.4879 2 6 5
0.024682 23.5079 23.5079 2 6 5
0.024682 23.5279 23.5279 2 6 5
0.024682 23.5479 23.5479 2 6 5
0.024682 23.5679 23.5679 2 6 5
0.024682 23.5879 23.5879 2 6 5
0.024682 23.6079 23.6079 2 6 5
0.024682 23.6279 23.6279 2 6 5
0.024682 23.6479 23.6479 2 6 5
0.024682 23.6679 23.6679 2 6 5
0.024682 23.6879 23.6879 2 6 5
0.024682 23.7079 23.7079 2 6 5
0.024682 23.7279 23.7279 2 6 5
0.024682 23.7479 23.7479 2 6 5
0.024682 23.7679 23.7679 2 6 5
0.024682 23.7879 23.7879 2 6 5
0.024682 23.8079 23.8079 2 6 5
0.024682 23.8279 23.8279 2 6 5
0.024682 23.8479 23.8479 2 6 5
0.024682 23.8679 23.8679 2 6 5
0.024682 23.8879 23.8879 2 6 5
0.024682 23.9079 23.9079 2 6 5
0.024682 23.9279 23.9279 2 6 5
0.024682 23.9479 23.9479 2 6 5
0.024682 23.9679 23.9679 2 6 5
0.024682 23.9879 23.9879 2 6 5
0.024682 24.0079 24.0079 2 6 5
0.024682 24.0279 24.0279 2 6 5
0.024682 24.0479 24.0479 2 6 5
0.024682 24.0679 24.0679 2 6 5
0.024682 24.0879 24.0879 2 6 5
0.024682 24.1079 24.1079 2 6 5
0.024682 24.1279 24.1279 2 6 5
0.024682 24.1479 24.1479 2 6 5
0.024682 24.1679 24.1679 2 6 5
0.024682 24.1879 24.1879 2 6 5
0.024682 24.2079 24.2079 2 6 5
0.024682 24.2279 24.2279 2 6 5
0.024682 24.2479 24.2479 2 6 5
0.024682 24.2679 24.2679 2 6 5
0.024682 24.2879 24.2879 2 6 5
0.024682 24.3079 24.3079 2 6 5
0.024682 24.3279 24.3279 2 6 5
0.024682 24.3479 24.3479 2 6 5
0.024682 24.3679 24.3679 2 6 5
0.024682 24.3879 24.3879 2 6 5
0.024682 24.4079 24.4079 2 6 5
0.024682 24.4279 24.4279 2 6 5
0.024682 24.4479 24.4479 2 6 5
0.024682 24.4679 24.4679 2 6 5
0.024682 24.4879 24.4879 2 6 5
0.024682 24.5079 24.5079 2 6 5
0.024682 24.5279 24.5279 2 6 5
0.024682 24.5479 24.5479 2 6 5
0.024682 24.5679 24.5679 2 6 5
0.024682 24.5879 24.5879 2 6 5
0.024682 24.6079 24.6079 2 6 5
0.024682 24.6279 24.6279 2 6 5
0.024682 24.6479 24.6479 2 6 5
0.024682 24.6679 24.6679 2 6 5
0.024682 24.6879 24.6879 2 6 5
0.024682 24.7079 24.7079 2 6 5
0.024682 24.728 24.728 2 6 5
0.024682 24.7479 24.7479 2 6 5
0.024682 24.7679 24.7679 2 6 5
0.024682 24.7879 24.7879 2 6 5
0.024682 24.8079 24.8079 2 6 5
0.024682 24.8279 24.8279 2 6 5
0.024682 24.8479 24.8479 2 6 5
0.024682 24.8679 24.8679 2 6 5
0.024682 24.8879 24.8879 2 6 5
0.024682 24.9079 24.9079 2 6 5
0.024682 24.9279 24.9279 2 6 5
0.024682 24.9479 24.9479 2 6 5
0.024682 24.9679 24.9679 2 6 5
0.024682 24.9879 24.9879 2 6 5
0.024682 25.0079 25.0079 2 6 5
0.024682 25.0279 25.0279 2 6 5
0.024682 25.0479 25.0479 2 6 5
0.024682 25.0679 25.0679 2 6 5
0.024682 25.0879 25.0879 2 6 5
0.024682 25.1079 25.1079 2 6 5
0.024682 25.1279 25.1279 2 6 5
0.024682 25.1479 25.1479 2 6 5
0.024682 25.1679 25.1679 2 6 5
0.024682 25.1879 25.1879 2 6 5
0.024682 25.2079 25.2079 2 6 5
0.024682 25.2279 25.2279 2 6 5
0.024682 25.2479 25.2479 2 6 5
0.024682 25.2679 25.2679 2 6 5
0.024682 25.2879 25.2879 2 6 5
0.024682 25.3079 25.3079 2 6 5
0.024682 25.3279 25.3279 2 6 5
0.024682 25.3479 25.3479 2 6 5
0.024682 25.3679 25.3679 2 6 5
0.024682 25.3879 25.3879 2 6 5
0.024682 25.4079 25.4079 2 6 5
0.024682 25.4279 25.4279 2 6 5
0.024682 25.4479 25.4479 2 6 5
0.024682 25.4679 25.4679 2 6 5
0.024682 25.4879 25.4879 2 6 5
0.024682 25.508 25.508 2 6 5
0.024682 25.5279 25.5279 2 6 5
0.024682 25.5479 25.5479 2 6 5
0.024682 25.5679 25.5679 2 6 5
0.024682 25.5879 25.5879 2 6 5
0.024682 25.6079 25.6079 2 6 5
0.024682 25.6279 25.6279 2 6 5
0.024682 25.648 25.648 2 6 5
0.024682 25.668 25.668 2 6 5
0.024682 25.688 25.688 2 6 5
0.024682 25.708 25.708 2 6 5
0.024682 25.728 25.728 2 6 5
0.024682 25.748 25.748 2 6 5
0.024682 25.768 25.768 2 6 5
0.024682 25.788 25.788 2 6 5
0.024682 25.808 25.808 2 6 5
0.024682 25.828 25.828 2 6 5
0.024682 25.848 25.848 2 6 5
0.024682 25.868 25.868 2 6 5
0.024682 25.888 25.888 2 6 5
0.024682 25.908 25.908 2 6 5
0.024682 25.928 25.928 2 6 5
0.024682 25.948 25.948 2 6 5
0.024682 25.968 25.968 2 6 5
0.024682 25.988 25.988 2 6 5
0.024682 26.008 26.008 2 6 5
0.024682 26.028 26.028 2 6 5
0.024682 26.048 26.048 2 6 5
0.024682 26.068 26.068 2 6 5
0.024682 26.088 26.088 2 6 5
0.024682 26.108 26.108 2 6 5
0.024682 26.128 26.128 2 6 5
0.024682 26.148 26.148 2 6 5
0.024682 26.168 26.168 2 6 5
0.024682 26.188 26.188 2 6 5
0.024682 26.208 26.208 2 6 5
0.024682 26.228 26.228 2 6 5
0.024682 26.248 26.248 2 6 5
0.024682 26.268 26.268 2 6 5
0.024682 26.288 26.288 2 6 5
0.024682 26.308 26.308 2 6 5
0.024682 26.328 26.328 2 6 5
0.024682 26.348 26.348 2 6 5
0.024682 26.368 26.368 2 6 5
0.024682 26.388 26.388 2 6 5
0.024682 26.408 26.408 2 6 5
0.024682 26.428 26.428 2 6 5
0.024682 26.448 26.448 2 6 5
0.024682 26.468 26.468 2 6 5
0.024682 26.488 26.488 2 6 5
0.024682 26.508 26.508 2 6 5
0.024682 26.528 26.528 2 6 5
0.024682 26.548 26.548 2 6 5
0.024682 26.568 26.568 2 6 5
0.024682 26.588 26.588 2 6 5
0.024682 26.608 26.608 2 6 5
0.024682 26.628 26.628 2 6 5
0.024682 26.648 26.648 2 6 5
0.024682 26.668 26.668 2 6 5
0.024682 26.688 26.688 2 6 5
0.024682 26.708 26.708 2 6 5
0.024682 26.728 26.728 2 6 5
0.024682 26.748 26.748 2 6 5
0.024682 26.768 26.768 2 6 5
0.024682 26.788 26.788 2 6 5
0.024682 26.808 26.808 2 6 5
0.024682 26.828 26.828 2 6 5
0.024682 26.848 26.848 2 6 5
0.024682 26.868 26.868 2 6 5
0.024682 26.888 26.888 2 6 5
0.024682 26.908 26.908 2 6 5
0.024682 26.928 26.928 2 6 5
0.024682 26.948 26.948 2 6 5
0.024682 26.968 26.968 2 6 5
0.024682 26.988 26.988 2 6 5
0.024682 27.008 27.008 2 6 5
0.024682 27.028 27.028 2 6 5
0.024682 27.048 27.048 2 6 5
0.024682 27.068 27.068 2 6 5
0.024682 27.088 27.088 2 6 5
0.024682 27.108 27.108 2 6 5
0.024682 27.128 27.128 2 6 5
0.024682 27.1486 27.1486 2 6 5
0.024682 27.1683 27.1683 2 6 5
0.024682 27.1881 27.1881 2 6 5
0.024682 27.2082 27.2082 2 6 5
0.024682 27.2282 27.2282 2 6 5
0.024682 27.2482 27.2482 2 6 5
0.024682 27.2682 27.2682 2 6 5
0.024682 27.2882 27.2882 2 6 5
0.024682 27.3082 27.3082 2 6 5
0.024682 27.3282 27.3282 2 6 5
0.024682 27.3482 27.3482 2 6 5
0.024682 27.3682 27.3682 2 6 5
0.024682 27.3882 27.3882 2 6 5
0.024682 27.4082 27.4082 2 6 5
0.024682 27.4282 27.4282 2 6 5
0.024682 27.4482 27.4482 2 6 5
0.024682 27.4682 27.4682 2 6 5
0.024682 27.4882 27.4882 2 6 5
0.024682 27.5082 27.5082 2 6 5
0.024682 27.5282 27.5282 2 6 5
0.024682 27.5482 27.5482 2 6 5
0.024682 27.5682 27.5682 2 6 5
0.024682 27.5882 27.5882 2 6 5
0.024682 27.6082 27.6082 2 6 5
0.024682 27.6282 27.6282 2 6 5
0.024682 27.6482 27.6482 2 6 5
0.024682 27.6682 27.6682 2 6 5
0.024682 27.6882 27.6882 2 6 5
0.024682 27.7082 27.7082 2 6 5
0.024682 27.7282 27.7282 2 6 5
0.024682 27.7482 27.7482 2 6 5
0.024682 27.7682 27.7682 2 6 5
0.024682 27.7882 27.7882 2 6 5
0.024682 27.8082 27.8082 2 6 5
0.024682 27.8282 27.8282 2 6 5
0.024682 27.8482 27.8482 2 6 5
0.024682 27.8682 27.8682 2 6 5
0.024682 27.8882 27.8882 2 6 5
0.024682 27.9082 27.9082 2 6 5
0.024682 27.9282 27.9282 2 6 5
0.024682 27.9482 27.9482 2 6 5
0.024682 27.9682 27.9682 2 6 5
0.024682 27.9882 27.9882 2 6 5
0.024682 28.0082 28.0082 2 6 5
0.024682 28.0282 28.0282 2 6 5
0.024682 28.0483 28.0483 2 6 5
0.024682 28.0683 28.0683 2 6 5
0.024682 28.0882 28.0882 2 6 5
0.024682 28.1083 28.1083 2 6 5
0.024682 28.1283 28.1283 2 6 5
0.024682 28.1483 28.1483 2 6 5
0.024682 28.1683 28.1683 2 6 5
0.024682 28.1883 28.1883 2 6 5
0.024682 28.2082 28.2082 2 6 5
0.024682 28.2283 28.2283 2 6 5
0.024682 28.2483 28.2483 2 6 5
0.024682 28.2683 28.2683 2 6 5
0.024682 28.2883 28.2883 2 6 5
0.024682 28.3083 28.3083 2 6 5
0.024682 28.3283 28.3283 2 6 5
0.024682 28.3483 28.3483 2 6 5
0.024682 28.3683 28.3683 2 6 5
0.024682 28.3883 28.3883 2 6 5
0.024682 28.4083 28.4083 2 6 5
0.024682 28.4283 28.4283 2 6 5
0.024682 28.4483 28.4483 2 6 5
0.024682 28.4683 28.4683 2 6 5
0.024682 28.4883 28.4883 2 6 5
0.024682 28.5083 28.5083 2 6 5
0.024682 28.5283 28.5283 2 6 5
0.024682 28.5483 28.5483 2 6 5
0.024682 28.5683 28.5683 2 6 5
0.024682 28.5883 28.5883 2 6 5
0.024682 28.6083 28.6083 2 6 5
0.024682 28.6283 28.6283 2 6 5
0.024682 28.6483 28.6483 2 6 5
0.024682 28.6683 28.6683 2 6 5
0.024682 28.6883 28.6883 2 6 5
0.024682 28.7083 28.7083 2 6 5
0.024682 28.7283 28.7283 2 6 5
0.024682 28.7483 28.7483 2 6 5
0.024682 28.7683 28.7683 2 6 5
0.024682 28.7883 28.7883 2 6 5
0.024682 28.8083 28.8083 2 6 5
0.024682 28.8283 28.8283 2 6 5
0.024682 28.8483 28.8483 2 6 5
0.024682 28.8683 28.8683 2 6 5
0.024682 28.8883 28.8883 2 6 5
0.024682 28.9083 28.9083 2 6 5
0.024682 28.9283 28.9283 2 6 5
0.024682 28.9483 28.9483 2 6 5
0.024682 28.9683 28.9683 2 6 5
0.024682 28.9883 28.9883 2 6 5
0.024682 29.0083 29.0083 2 6 5
0.024682 29.0283 29.0283 2 6 5
0.024682 29.0483 29.0483 2 6 5
0.024682 29.0683 29.0683 2 6 5
0.024682 29.0883 29.0883 2 6 5
0.024682 29.1083 29.1083 2 6 5
0.024682 29.1283 29.1283 2 6 5
0.024682 29.1483 29.1483 2 6 5
0.024682 29.1683 29.1683 2 6 5
0.024682 29.1883 29.1883 2 6 5
0.024682 29.2083 29.2083 2 6 5
0.024682 29.2283 29.2283 2 6 5
0.024682 29.2483 29.2483 2 6 5
0.024682 29.2683 29.2683 2 6 5
0.024682 29.2883 29.2883 2 6 5
0.024682 29.3083 29.3083 2 6 5
0.024682 29.3283 29.3283 2 6 5
0.024682 29.3483 29.3483 2 6 5
0.024682 29.3683 29.3683 2 6 5
0.024682 29.3883 29.3883 2 6 5
0.024682 29.4083 29.4083 2 6 5
0.024682 29.4283 29.4283 2 6 5
0.024682 29.4483 29.4483 2 6 5
0.024682 29.4683 29.4683 2 6 5
0.024682 29.4883 29.4883 2 6 5
0.024682 29.5083 29.5083 2 6 5
0.024682 29.5283 29.5283 2 6 5
0.024682 29.5483 29.5483 2 6 5
0.024682 29.5683 29.5683 2 6 5
0.024682 29.5883 29.5883 2 6 5
0.024682 29.6083 29.6083 2 6 5
0.024682 29.6283 29.6283 2 6 5
0.024682 29.6483 29.6483 2 6 5
0.024682 29.6683 29.6683 2 6 5
0.024682 29.6883 29.6883 2 6 5
0.024682 29.7083 29.7083 2 6 5
0.024682 29.7283 29.7283 2 6 5
0.024682 29.7483 29.7483 2 6 5
0.024682 29.7683 29.7683 2 6 5
0.024682 29.7883 29.7883 2 6 5
0.024682 29.8083 29.8083 2 6 5
0.024682 29.8283 29.8283 2 6 5
0.024682 29.8483 29.8483 2 6 5
0.024682 29.8683 29.8683 2 6 5
0.024682 29.8883 29.8883 2 6 5
0.024682 29.9083 29.9083 2 6 5
0.024682 29.9283 29.9283 2 6 5
0.024682 29.9483 29.9483 2 6 5
0.024682 29.9683 29.9683 2 6 5
0.024682 29.9883 29.9883 2 6 5
0.024682 30.0083 30.0083 2 6 5
0.024682 30.0283 30.0283 2 6 5
0.024682 30.0483 30.0483 2 6 5
0.024682 30.0683 30.0683 2 6 5
0.024682 30.0883 30.0883 2 6 5
0.024682 30.1083 30.1083 2 6 5
0.024682 30.1283 30.1283 2 6 5
0.024682 30.1483 30.1483 2 6 5
0.024682 30.1688 30.1688 2 6 5
0.024682 30.1885 30.1885 2 6 5
0.024682 30.2084 30.2084 2 6 5
0.024682 30.2285 30.2285 2 6 5
0.024682 30.2485 30.2485 2 6 5
0.024682 30.2685 30.2685 2 6 5
0.024682 30.2885 30.2885 2 6 5
0.024682 30.3085 30.3085 2 6 5
0.024682 30.3285 30.3285 2 6 5
0.024682 30.3485 30.3485 2 6 5
0.024682 30.3685 30.3685 2 6 5
0.024682 30.3885 30.3885 2 6 5
0.024682 30.4085 30.4085 2 6 5
0.024682 30.4285 30.4285 2 6 5
0.024682 30.4485 30.4485 2 6 5
0.024682 30.4685 30.4685 2 6 5
0.024682 30.4885 30.4885 2 6 5
0.024682 30.5085 30.5085 2 6 5
0.024682 30.5285 30.5285 2 6 5
0.024682 30.5485 30.5485 2 6 5
0.024682 30.5685 30.5685 2 6 5
0.024682 30.5885 30.5885 2 6 5
0.024682 30.6085 30.6085 2 6 5
0.024682 30.6285 30.6285 2 6 5
0.024682 30.6485 30.6485 2 6 5
0.024682 30.6685 30.6685 2 6 5
0.024682 30.6885 30.6885 2 6 5
0.024682 30.7085 30.7085 2 6 5
0.024682 30.7285 30.7285 2 6 5
0.024682 30.7485 30.7485 2 6 5
0.024682 30.7685 30.7685 2 6 5
0.024682 30.7885 30.7885 2 6 5
0.024682 30.8085 30.8085 2 6 5
0.024682 30.8285 30.8285 2 6 5
0.024682 30.8485 30.8485 2 6 5
0.024682 30.8685 30.8685 2 6 5
0.024682 30.8885 30.8885 2 6 5
0.024682 30.9088 30.9088 2 6 5
0.024682 30.9287 30.9287 2 6 5
0.024682 30.9486 30.9486 2 6 5
0.024682 30.9686 30.9686 2 6 5
0.024682 30.9887 30.9887 2 6 5
0.024682 31.0087 31.0087 2 6 5
0.024682 31.0287 31.0287 2 6 5
0.024682 31.0486 31.0486 2 6 5
0.024682 31.0687 31.0687 2 6 5
0.024682 31.0887 31.0887 2 6 5
0.024682 31.1086 31.1086 2 6 5
0.024682 31.1287 31.1287 2 6 5
0.024682 31.1487 31.1487 2 6 5
0.024682 31.1684 31.1684 2 6 5
0.024682 31.1886 31.1886 2 6 5
0.024682 31.21 31.21 2 6 5
0.024682 31.2294 31.2294 2 6 5
0.024682 31.249 31.249 2 6 5
0.024682 31.2691 31.2691 2 6 5
0.024682 31.2893 31.2893 2 6 5
0.024682 31.3092 31.3092 2 6 5
0.024682 31.3292 31.3292 2 6 5
0.024682 31.3492 31.3492 2 6 5
0.024682 31.3692 31.3692 2 6 5
0.024682 31.3892 31.3892 2 6 5
0.024682 31.4092 31.4092 2 6 5
0.024682 31.4292 31.4292 2 6 5
0.024682 31.4492 31.4492 2 6 5
0.024682 31.4692 31.4692 2 6 5
0.024682 31.4892 31.4892 2 6 5
0.024682 31.5092 31.5092 2 6 5
0.024682 31.5292 31.5292 2 6 5
0.024682 31.5492 31.5492 2 6 5
0.024682 31.5692 31.5692 2 6 5
0.024682 31.5892 31.5892 2 6 5
0.024682 31.6092 31.6092 2 6 5
0.024682 31.6292 31.6292 2 6 5
0.024682 31.6492 31.6492 2 6 5
0.024682 31.6692 31.6692 2 6 5
0.024682 31.6893 31.6893 2 6 5
0.024682 31.7093 31.7093 2 6 5
0.024682 31.7292 31.7292 2 6 5
0.024682 31.7493 31.7493 2 6 5
0.024682 31.7693 31.7693 2 6 5
0.024682 31.7892 31.7892 2 6 5
0.024682 31.8094 31.8094 2 6 5
0.024682 31.8293 31.8293 2 6 5
0.024682 31.8499 31.8499 2 6 5
0.024682 31.8711 31.8711 2 6 5
0.024682 31.8903 31.8903 2 6 5
0.024682 31.91 31.91 2 6 5
0.024682 31.9302 31.9302 2 6 5
0.024682 31.9502 31.9502 2 6 5
0.024682 31.9702 31.9702 2 6 5
0.024682 31.9902 31.9902 2 6 5
0.024682 32.0102 32.0102 2 6 5
0.024682 32.0302 32.0302 2 6 5
0.024682 32.0502 32.0502 2 6 5
0.024682 32.0702 32.0702 2 6 5
0.024682 32.0902 32.0902 2 6 5
0.024682 32.1102 32.1102 2 6 5
0.024682 32.1302 32.1302 2 6 5
0.024682 32.1502 32.1502 2 6 5
0.024682 32.1702 32.1702 2 6 5
0.024682 32.1902 32.1902 2 6 5
0.024682 32.2102 32.2102 2 6 5
0.024682 32.2302 32.2302 2 6 5
0.024682 32.2503 32.2503 2 6 5
0.024682 32.2703 32.2703 2 6 5
0.024682 32.2902 32.2902 2 6 5
0.024682 32.3102 32.3102 2 6 5
0.024682 32.3303 32.3303 2 6 5
0.024682 32.3504 32.3504 2 6 5
0.024682 32.3703 32.3703 2 6 5
0.024682 32.3904 32.3904 2 6 5
0.024682 32.4104 32.4104 2 6 5
0.024682 32.431 32.431 2 6 5
0.024682 32.4507 32.4507 2 6 5
0.024682 32.4705 32.4705 2 6 5
0.024682 32.4907 32.4907 2 6 5
0.024682 32.5107 32.5107 2 6 5
0.024682 32.5306 32.5306 2 6 5
0.024682 32.5521 32.5521 2 6 5
0.024682 32.5713 32.5713 2 6 5
0.024682 32.591 32.591 2 6 5
0.024682 32.6112 32.6112 2 6 5
0.024682 32.6313 32.6313 2 6 5
0.024682 32.6512 32.6512 2 6 5
0.024682 32.6712 32.6712 2 6 5
0.024682 32.6912 32.6912 2 6 5
0.024682 32.7112 32.7112 2 6 5
0.024682 32.7312 32.7312 2 6 5
0.024682 32.7512 32.7512 2 6 5
0.024682 32.7712 32.7712 2 6 5
0.024682 32.7912 32.7912 2 6 5
0.024682 32.8112 32.8112 2 6 5
0.024682 32.8312 32.8312 2 6 5
0.024682 32.8512 32.8512 2 6 5
0.024682 32.8712 32.8712 2 6 5
0.024682 32.8912 32.8912 2 6 5
0.024682 32.9112 32.9112 2 6 5
0.024682 32.9312 32.9312 2 6 5
0.024682 32.9512 32.9512 2 6 5
0.024682 32.9712 32.9712 2 6 5
0.024682 32.9913 32.9913 2 6 5
0.024682 33.0113 33.0113 2 6 5
0.024682 33.0312 33.0312 2 6 5
0.024682 33.0513 33.0513 2 6 5
0.024682 33.0713 33.0713 2 6 5
0.024682 33.0913 33.0913 2 6 5
0.024682 33.1113 33.1113 2 6 5
0.024682 33.1313 33.1313 2 6 5
0.024682 33.1513 33.1513 2 6 5
0.024682 33.1712 33.1712 2 6 5
0.024682 33.1913 33.1913 2 6 5
0.024682 33.2113 33.2113 2 6 5
0.024682 33.2313 33.2313 2 6 5
0.024682 33.2517 33.2517 2 6 5
0.024682 33.2712 33.2712 2 6 5
0.024682 33.2945 33.2945 2 6 5
0.024682 33.3129 33.3129 2 6 5
0.024682 33.3323 33.3323 2 6 5
0.024682 33.3525 33.3525 2 6 5
0.024682 33.3727 33.3727 2 6 5
0.024682 33.3926 33.3926 2 6 5
0.024682 33.4126 33.4126 2 6 5
0.024682 33.4326 33.4326 2 6 5
0.024682 33.4527 33.4527 2 6 5
0.024682 33.472 33.472 2 6 5
0.024682 33.4927 33.4927 2 6 5
0.024682 33.5155 33.5155 2 6 5
0.024682 33.5344 33.5344 2 6 5
0.024682 33.5534 33.5534 2 6 5
0.024682 33.5736 33.5736 2 6 5
0.024682 33.5942 33.5942 2 6 5
0.024682 33.6139 33.6139 2 6 5
0.024682 33.6339 33.6339 2 6 5
0.024682 33.6539 33.6539 2 6 5
0.024682 33.6739 33.6739 2 6 5
0.024682 33.6939 33.6939 2 6 5
0.024682 33.7139 33.7139 2 6 5
0.024682 33.7339 33.7339 2 6 5
0.024682 33.7539 33.7539 2 6 5
0.024682 33.7739 33.7739 2 6 5
0.024682 33.7939 33.7939 2 6 5
0.024682 33.8139 33.8139 2 6 5
0.024682 33.8339 33.8339 2 6 5
0.024682 33.8539 33.8539 2 6 5
0.024682 33.8739 33.8739 2 6 5
0.024682 33.8939 33.8939 2 6 5
0.024682 33.9139 33.9139 2 6 5
0.024682 33.9339 33.9339 2 6 5
0.024682 33.9539 33.9539 2 6 5
0.024682 33.9739 33.9739 2 6 5
0.024682 33.9939 33.9939 2 6 5
0.024682 34.0139 34.0139 2 6 5
0.024682 34.0339 34.0339 2 6 5
0.024682 34.0539 34.0539 2 6 5
0.024682 34.0731 34.0731 2 6 5
0.024682 34.0935 34.0935 2 6 5
0.024682 34.1166 34.1166 2 6 5
0.024682 34.1352 34.1352 2 6 5
0.024682 34.1541 34.1541 2 6 5
0.024682 34.1755 34.1755 2 6 5
0.024682 34.1952 34.1952 2 6 5
0.024682 34.2151 34.2151 2 6 5
0.024682 34.235 34.235 2 6 5
0.024682 34.2551 34.2551 2 6 5
0.024682 34.2752 34.2752 2 6 5
0.024682 34.2951 34.2951 2 6 5
0.024682 34.3146 34.3146 2 6 5
0.024682 34.3388 34.3388 2 6 5
0.024682 34.3572 34.3572 2 6 5
0.024682 34.3758 34.3758 2 6 5
0.024682 34.3964 34.3964 2 6 5
0.024682 34.4167 34.4167 2 6 5
0.024682 34.4366 34.4366 2 6 5
0.024682 34.4571 34.4571 2 6 5
0.024682 34.4768 34.4768 2 6 5
0.024682 34.4968 34.4968 2 6 5
0.024682 34.5168 34.5168 2 6 5
0.024682 34.5368 34.5368 2 6 5
0.024682 34.5568 34.5568 2 6 5
0.024682 34.5768 34.5768 2 6 5
0.024682 34.5968 34.5968 2 6 5
0.024682 34.6168 34.6168 2 6 5
0.024682 34.6368 34.6368 2 6 5
0.024682 34.6568 34.6568 2 6 5
0.024682 34.6768 34.6768 2 6 5
0.024682 34.6968 34.6968 2 6 5
0.024682 34.7168 34.7168 2 6 5
0.024682 34.7368 34.7368 2 6 5
0.024682 34.7568 34.7568 2 6 5
0.024682 34.7768 34.7768 2 6 5
0.024682 34.7968 34.7968 2 6 5
0.024682 34.8168 34.8168 2 6 5
0.024682 34.8369 34.8369 2 6 5
0.024682 34.8572 34.8572 2 6 5
0.024682 34.877 34.877 2 6 5
0.024682 34.897 34.897 2 6 5
0.024682 34.917 34.917 2 6 5
0.024682 34.937 34.937 2 6 5
0.024682 34.957 34.957 2 6 5
0.024682 34.9759 34.9759 2 6 5
0.024682 35.001 35.001 2 6 5
0.024682 35.0188 35.0188 2 6 5
0.024682 35.0377 35.0377 2 6 5
0.024682 35.058 35.058 2 6 5
0.024682 35.0785 35.0785 2 6 5
0.024682 35.0983 35.0983 2 6 5
0.024682 35.1182 35.1182 2 6 5
0.024682 35.1382 35.1382 2 6 5
0.024682 35.1583 35.1583 2 6 5
0.024682 35.1783 35.1783 2 6 5
0.024682 35.1982 35.1982 2 6 5
0.024682 35.2184 35.2184 2 6 5
0.024682 35.2383 35.2383 2 6 5
0.024682 35.2584 35.2584 2 6 5
0.024682 35.2783 35.2783 2 6 5
0.024682 35.2994 35.2994 2 6 5
0.024682 35.3222 35.3222 2 6 5
0.024682 35.3404 35.3404 2 6 5
0.024682 35.36 35.36 2 6 5
0.024682 35.3806 35.3806 2 6 5
0.024682 35.4004 35.4004 2 6 5
0.024682 35.4204 35.4204 2 6 5
0.024682 35.4404 35.4404 2 6 5
0.024682 35.4604 35.4604 2 6 5
0.024682 35.4804 35.4804 2 6 5
0.024682 35.5004 35.5004 2 6 5
0.024682 35.5204 35.5204 2 6 5
0.024682 35.5404 35.5404 2 6 5
0.024682 35.5604 35.5604 2 6 5
0.024682 35.5805 35.5805 2 6 5
0.024682 35.6005 35.6005 2 6 5
0.024682 35.6204 35.6204 2 6 5
0.024682 35.6406 35.6406 2 6 5
0.024682 35.6605 35.6605 2 6 5
0.024682 35.6805 35.6805 2 6 5
0.024682 35.7005 35.7005 2 6 5
0.024682 35.7205 35.7205 2 6 5
0.024682 35.7405 35.7405 2 6 5
0.024682 35.7605 35.7605 2 6 5
0.024682 35.7805 35.7805 2 6 5
0.024682 35.8005 35.8005 2 6 5
0.024682 35.8205 35.8205 2 6 5
0.024682 35.8405 35.8405 2 6 5
0.024682 35.8605 35.8605 2 6 5
0.024682 35.8805 35.8805 2 6 5
0.024682 35.9005 35.9005 2 6 5
0.024682 35.9205 35.9205 2 6 5
0.024682 35.9408 35.9408 2 6 5
0.024682 35.9607 35.9607 2 6 5
0.024682 35.9805 35.9805 2 6 5
0.024682 36.0011 36.0011 2 6 5
0.024682 36.021 36.021 2 6 5
0.024682 36.0409 36.0409 2 6 5
0.024682 36.0627 36.0627 2 6 5
0.024682 36.0822 36.0822 2 6 5
0.024682 36.1052 36.1052 2 6 5
0.024682 36.1231 36.1231 2 6 5
0.024682 36.1425 36.1425 2 6 5
0.024682 36.1639 36.1639 2 6 5
0.024682 36.1834 36.1834 2 6 5
0.024682 36.2034 36.2034 2 6 5
0.024682 36.2233 36.2233 2 6 5
0.024682 36.2434 36.2434 2 6 5
0.024682 36.2634 36.2634 2 6 5
0.024682 36.2836 36.2836 2 6 5
0.024682 36.3036 36.3036 2 6 5
0.024682 36.3235 36.3235 2 6 5
0.024682 36.3435 36.3435 2 6 5
0.024682 36.3635 36.3635 2 6 5
0.024682 36.3834 36.3834 2 6 5
0.024682 36.4035 36.4035 2 6 5
0.024682 36.4235 36.4235 2 6 5
0.024682 36.4435 36.4435 2 6 5
0.024682 36.4636 36.4636 2 6 5
0.024682 36.4835 36.4835 2 6 5
0.024682 36.5035 36.5035 2 6 5
0.024682 36.5235 36.5235 2 6 5
0.024682 36.544 36.544 2 6 5
0.024682 36.567 36.567 2 6 5
0.024682 36.5832 36.5832 2 6 5
0.024682 36.603 36.603 2 6 5
0.024682 36.6237 36.6237 2 6 5
0.024682 36.6434 36.6434 2 6 5
0.024682 36.6634 36.6634 2 6 5
0.024682 36.6828 36.6828 2 6 5
0.024682 36.7036 36.7036 2 6 5
0.024682 36.7269 36.7269 2 6 5
0.024682 36.7454 36.7454 2 6 5
0.024682 36.7643 36.7643 2 6 5
0.024682 36.7848 36.7848 2 6 5
0.024682 36.8051 36.8051 2 6 5
0.024682 36.8249 36.8249 2 6 5
0.024682 36.8446 36.8446 2 6 5
0.024682 36.865 36.865 2 6 5
0.024682 36.8851 36.8851 2 6 5
0.024682 36.9049 36.9049 2 6 5
0.024682 36.9249 36.9249 2 6 5
0.024682 36.9436 36.9436 2 6 5
0.024682 36.9701 36.9701 2 6 5
0.024682 36.9879 36.9879 2 6 5
0.024682 37.0052 37.0052 2 6 5
0.024682 37.027 37.027 2 6 5
0.024682 37.0474 37.0474 2 6 5
0.024682 37.0669 37.0669 2 6 5
0.024682 37.0868 37.0868 2 6 5
0.024682 37.1065 37.1065 2 6 5
0.024682 37.127 37.127 2 6 5
0.024682 37.1471 37.1471 2 6 5
0.024682 37.1667 37.1667 2 6 5
0.024682 37.1868 37.1868 2 6 5
0.024682 37.2074 37.2074 2 6 5
0.024682 37.2284 37.2284 2 6 5
0.024682 37.2477 37.2477 2 6 5
0.024682 37.2677 37.2677 2 6 5
0.024682 37.2877 37.2877 2 6 5
0.024682 37.308 37.308 2 6 5
0.024682 37.3285 37.3285 2 6 5
0.024682 37.3482 37.3482 2 6 5
0.024682 37.3681 37.3681 2 6 5
0.024682 37.3881 37.3881 2 6 5
0.024682 37.4077 37.4077 2 6 5
0.024682 37.43 37.43 2 6 5
0.024682 37.4488 37.4488 2 6 5
0.024682 37.4685 37.4685 2 6 5
0.024682 37.4886 37.4886 2 6 5
0.024682 37.5091 37.5091 2 6 5
0.024682 37.5289 37.5289 2 6 5
0.024682 37.5497 37.5497 2 6 5
0.024682 37.5698 37.5698 2 6 5
0.024682 37.5901 37.5901 2 6 5
0.024682 37.6095 37.6095 2 6 5
0.024682 37.6298 37.6298 2 6 5
0.024682 37.6497 37.6497 2 6 5
0.024682 37.6698 37.6698 2 6 5
0.024682 37.6897 37.6897 2 6 5
0.024682 37.7097 37.7097 2 6 5
0.024682 37.7297 37.7297 2 6 5
0.024682 37.7498 37.7498 2 6 5
0.024682 37.7697 37.7697 2 6 5
0.024682 37.7897 37.7897 2 6 5
0.024682 37.8097 37.8097 2 6 5
0.024682 37.8297 37.8297 2 6 5
0.024682 37.8514 37.8514 2 6 5
0.024682 37.87 37.87 2 6 5
0.024682 37.8952 37.8952 2 6 5
0.024682 37.9127 37.9127 2 6 5
0.024682 37.9316 37.9316 2 6 5
0.024682 37.9517 37.9517 2 6 5
0.024682 37.9738 37.9738 2 6 5
0.024682 37.9939 37.9939 2 6 5
0.024682 38.0134 38.0134 2 6 5
0.024682 38.0334 38.0334 2 6 5
0.024682 38.0534 38.0534 2 6 5
0.024682 38.0734 38.0734 2 6 5
0.024682 38.0936 38.0936 2 6 5
0.024682 38.113 38.113 2 6 5
0.024682 38.134 38.134 2 6 5
0.024682 38.1537 38.1537 2 6 5
0.024682 38.1732 38.1732 2 6 5
0.024682 38.1958 38.1958 2 6 5
0.024682 38.2157 38.2157 2 6 5
0.024682 38.2358 38.2358 2 6 5
0.024682 38.2553 38.2553 2 6 5
0.024682 38.2776 38.2776 2 6 5
0.024682 38.2981 38.2981 2 6 5
0.024682 38.3178 38.3178 2 6 5
0.024682 38.3372 38.3372 2 6 5
0.024682 38.3601 38.3601 2 6 5
0.024682 38.381 38.381 2 6 5
0.024682 38.4001 38.4001 2 6 5
0.024682 38.4195 38.4195 2 6 5
0.024682 38.4424 38.4424 2 6 5
0.024682 38.4619 38.4619 2 6 5
0.024682 38.4825 38.4825 2 6 5
0.024682 38.5024 38.5024 2 6 5
0.024682 38.523 38.523 2 6 5
0.024682 38.5417 38.5417 2 6 5
0.024682 38.5654 38.5654 2 6 5
0.024682 38.5853 38.5853 2 6 5
0.024682 38.6046 38.6046 2 6 5
0.024682 38.6239 38.6239 2 6 5
0.024682 38.6473 38.6473 2 6 5
0.024682 38.6667 38.6667 2 6 5
0.024682 38.6873 38.6873 2 6 5
0.024682 38.7073 38.7073 2 6 5
0.024682 38.7277 38.7277 2 6 5
0.024682 38.7472 38.7472 2 6 5
0.024682 38.7667 38.7667 2 6 5
0.024682 38.7882 38.7882 2 6 5
0.024682 38.8076 38.8076 2 6 5
0.024682 38.8271 38.8271 2 6 5
0.024682 38.8489 38.8489 2 6 5
0.024682 38.8681 38.8681 2 6 5
0.024682 38.8881 38.8881 2 6 5
0.024682 38.9086 38.9086 2 6 5
0.024682 38.9316 38.9316 2 6 5
0.024682 38.95 38.95 2 6 5
0.024682 38.9699 38.9699 2 6 5
0.024682 38.9899 38.9899 2 6 5
0.024682 39.0098 39.0098 2 6 5
0.024682 39.0302 39.0302 2 6 5
0.024682 39.05 39.05 2 6 5
0.024682 39.07 39.07 2 6 5
0.024682 39.09 39.09 2 6 5
0.024682 39.11 39.11 2 6 5
0.024682 39.13 39.13 2 6 5
0.024682 39.15 39.15 2 6 5
0.024682 39.17 39.17 2 6 5
0.024682 39.19 39.19 2 6 5
0.024682 39.21 39.21 2 6 5
0.024682 39.23 39.23 2 6 5
0.024682 39.25 39.25 2 6 5
0.024682 39.27 39.27 2 6 5
0.024682 39.2899 39.2899 2 6 5
0.024682 39.3099 39.3099 2 6 5
0.024682 39.3299 39.3299 2 6 5
0.024682 39.35 39.35 2 6 5
0.024682 39.37 39.37 2 6 5
0.024682 39.3907 39.3907 2 6 5
0.024682 39.4102 39.4102 2 6 5
0.024682 39.4302 39.4302 2 6 5
0.024682 39.4501 39.4501 2 6 5
0.024682 39.4706 39.4706 2 6 5
0.024682 39.4902 39.4902 2 6 5
0.024682 39.5104 39.5104 2 6 5
0.024682 39.5304 39.5304 2 6 5
0.024682 39.5504 39.5504 2 6 5
0.024682 39.5704 39.5704 2 6 5
0.024682 39.5904 39.5904 2 6 5
0.024682 39.6104 39.6104 2 6 5
0.024682 39.6304 39.6304 2 6 5
0.024682 39.6508 39.6508 2 6 5
0.024682 39.6707 39.6707 2 6 5
0.024682 39.6907 39.6907 2 6 5
0.024682 39.7107 39.7107 2 6 5
0.024682 39.7307 39.7307 2 6 5
0.024682 39.7508 39.7508 2 6 5
0.024682 39.7712 39.7712 2 6 5
0.024682 39.7911 39.7911 2 6 5
0.024682 39.8111 39.8111 2 6 5
0.024682 39.8312 39.8312 2 6 5
0.024682 39.8513 39.8513 2 6 5
0.024682 39.8714 39.8714 2 6 5
0.024682 39.8917 39.8917 2 6 5
0.024682 39.9116 39.9116 2 6 5
0.024682 39.9315 39.9315 2 6 5
0.024682 39.9516 39.9516 2 6 5
0.024682 39.9716 39.9716 2 6 5
0.024682 39.9916 39.9916 2 6 5
0.024682 40.0116 40.0116 2 6 5
0.024682 40.0316 40.0316 2 6 5
0.024682 40.0517 40.0517 2 6 5
0.024682 40.0717 40.0717 2 6 5
0.024682 40.0917 40.0917 2 6 5
0.024682 40.1117 40.1117 2 6 5
0.024682 40.1317 40.1317 2 6 5
0.024682 40.1517 40.1517 2 6 5
0.024682 40.1717 40.1717 2 6 5
0.024682 40.1917 40.1917 2 6 5
0.024682 40.2117 40.2117 2 6 5
0.024682 40.2317 40.2317 2 6 5
0.024682 40.2517 40.2517 2 6 5
0.024682 40.2717 40.2717 2 6 5
0.024682 40.2916 40.2916 2 6 5
0.024682 40.3117 40.3117 2 6 5
0.024682 40.3316 40.3316 2 6 5
0.024682 40.3517 40.3517 2 6 5
0.024682 40.3717 40.3717 2 6 5
0.024682 40.392 40.392 2 6 5
0.024682 40.4121 40.4121 2 6 5
0.024682 40.4331 40.4331 2 6 5
0.024682 40.4534 40.4534 2 6 5
0.024682 40.4738 40.4738 2 6 5
0.024682 40.4926 40.4926 2 6 5
0.024682 40.5111 40.5111 2 6 5
0.024682 40.5353 40.5353 2 6 5
0.024682 40.5538 40.5538 2 6 5
0.024682 40.5737 40.5737 2 6 5
0.024682 40.5935 40.5935 2 6 5
0.024682 40.6142 40.6142 2 6 5
0.024682 40.6339 40.6339 2 6 5
0.024682 40.6539 40.6539 2 6 5
0.024682 40.6738 40.6738 2 6 5
0.024682 40.6939 40.6939 2 6 5
0.024682 40.7139 40.7139 2 6 5
0.024682 40.7341 40.7341 2 6 5
0.024682 40.7542 40.7542 2 6 5
0.024682 40.7758 40.7758 2 6 5
0.024682 40.7932 40.7932 2 6 5
0.024682 40.8147 40.8147 2 6 5
0.024682 40.8353 40.8353 2 6 5
0.024682 40.8535 40.8535 2 6 5
0.024682 40.8771 40.8771 2 6 5
0.024682 40.8964 40.8964 2 6 5
0.024682 40.9155 40.9155 2 6 5
0.024682 40.9347 40.9347 2 6 5
0.024682 40.9551 40.9551 2 6 5
0.024682 40.9757 40.9757 2 6 5
0.024682 40.9957 40.9957 2 6 5
0.024682 41.0179 41.0179 2 6 5
0.024682 41.0362 41.0362 2 6 5
0.024682 41.0565 41.0565 2 6 5
0.024682 41.075 41.075 2 6 5
0.024682 41.093 41.093 2 6 5
0.024682 41.1101 41.1101 2 6 5
0.024682 41.1323 41.1323 2 6 5
0.024682 41.1534 41.1534 2 6 5
0.024682 41.1765 41.1765 2 6 5
0.024682 41.1981 41.1981 2 6 5
0.024682 41.2169 41.2169 2 6 5
0.024682 41.2363 41.2363 2 6 5
0.024682 41.2557 41.2557 2 6 5
0.024682 41.2776 41.2776 2 6 5
0.024682 41.2971 41.2971 2 6 5
0.024682 41.3171 41.3171 2 6 5
0.024682 41.3361 41.3361 2 6 5
0.024682 41.3589 41.3589 2 6 5
0.024682 41.3761 41.3761 2 6 5
0.024682 41.399 41.399 2 6 5
0.024682 41.4192 41.4192 2 6 5
0.024682 41.439 41.439 2 6 5
0.024682 41.4618 41.4618 2 6 5
0.024682 41.4799 41.4799 2 6 5
0.024682 41.4985 41.4985 2 6 5
0.024682 41.5205 41.5205 2 6 5
0.024682 41.5416 41.5416 2 6 5
0.024682 41.5606 41.5606 2 6 5
0.024682 41.5842 41.5842 2 6 5
0.024682 41.6021 41.6021 2 6 5
0.024682 41.6203 41.6203 2 6 5
0.024682 41.6434 41.6434 2 6 5
0.024682 41.6636 41.6636 2 6 5
0.024682 41.6827 41.6827 2 6 5
0.024682 41.707 41.707 2 6 5
0.024682 41.7247 41.7247 2 6 5
0.024682 41.7448 41.7448 2 6 5
0.024682 41.7665 41.7665 2 6 5
0.024682 41.7865 41.7865 2 6 5
0.024682 41.8074 41.8074 2 6 5
0.024682 41.8269 41.8269 2 6 5
0.024682 41.8467 41.8467 2 6 5
0.024682 41.8667 41.8667 2 6 5
0.024682 41.8866 41.8866 2 6 5
0.024682 41.9066 41.9066 2 6 5
0.024682 41.9262 41.9262 2 6 5
0.024682 41.9471 41.9471 2 6 5
0.024682 41.967 41.967 2 6 5
0.024682 41.9884 41.9884 2 6 5
0.024682 42.0091 42.0091 2 6 5
0.024682 42.0285 42.0285 2 6 5
0.024682 42.0483 42.0483 2 6 5
0.024682 42.0682 42.0682 2 6 5
0.024682 42.0881 42.0881 2 6 5
0.024682 42.1081 42.1081 2 6 5
0.024682 42.1268 42.1268 2 6 5
0.024682 42.1515 42.1515 2 6 5
0.024682 42.171 42.171 2 6 5
0.024682 42.1876 42.1876 2 6 5
0.024682 42.2088 42.2088 2 6 5
0.024682 42.2304 42.2304 2 6 5
0.024682 42.2504 42.2504 2 6 5
0.024682 42.274 42.274 2 6 5
0.024682 42.2913 42.2913 2 6 5
0.024682 42.3095 42.3095 2 6 5
0.024682 42.3325 42.3325 2 6 5
0.024682 42.3491 42.3491 2 6 5
0.024682 42.3684 42.3684 2 6 5
0.024682 42.3883 42.3883 2 6 5
0.024682 42.4082 42.4082 2 6 5
0.024682 42.4272 42.4272 2 6 5
0.024682 42.4504 42.4504 2 6 5
0.024682 42.4257 42.4257 2 6 5
0.024682 42.4062 42.4062 2 6 5
0.024682 42.386 42.386 2 6 5
0.024682 42.3661 42.3661 2 6 5
0.024682 42.3448 42.3448 2 6 5
0.024682 42.3246 42.3246 2 6 5
0.024682 42.3034 42.3034 2 6 5
0.024682 42.2889 42.2889 2 6 5
0.024682 42.2627 42.2627 2 6 5
0.024682 42.2454 42.2454 2 6 5
0.024682 42.2255 42.2255 2 6 5
0.024682 42.203 42.203 2 6 5
0.024682 42.1842 42.1842 2 6 5
0.024682 42.1644 42.1644 2 6 5
0.024682 42.1445 42.1445 2 6 5
0.024682 42.1247 42.1247 2 6 5
0.024682 42.1047 42.1047 2 6 5
0.024682 42.0829 42.0829 2 6 5
0.024682 42.0658 42.0658 2 6 5
0.024682 42.0465 42.0465 2 6 5
0.024682 42.0266 42.0266 2 6 5
0.024682 42.0067 42.0067 2 6 5
0.024682 41.9874 41.9874 2 6 5
0.024682 41.9675 41.9675 2 6 5
0.024682 41.9439 41.9439 2 6 5
0.024682 41.9271 41.9271 2 6 5
0.024682 41.9077 41.9077 2 6 5
0.024682 41.8878 41.8878 2 6 5
0.024682 41.8679 41.8679 2 6 5
0.024682 41.8484 41.8484 2 6 5
0.024682 41.8376 41.8376 2 6 5
0.024682 41.8146 41.8146 2 6 5
0.024682 41.7948 41.7948 2 6 5
0.024682 41.7761 41.7761 2 6 5
0.024682 41.7562 41.7562 2 6 5
0.024682 41.7363 41.7363 2 6 5
0.024682 41.7164 41.7164 2 6 5
0.024682 41.6965 41.6965 2 6 5
0.024682 41.6764 41.6764 2 6 5
0.024682 41.6566 41.6566 2 6 5
0.024682 41.6373 41.6373 2 6 5
0.024682 41.6145 41.6145 2 6 5
0.024682 41.5976 41.5976 2 6 5
0.024682 41.5781 41.5781 2 6 5
0.024682 41.5582 41.5582 2 6 5
0.024682 41.5383 41.5383 2 6 5
0.024682 41.5186 41.5186 2 6 5
0.024682 41.498 41.498 2 6 5
0.024682 41.4781 41.4781 2 6 5
0.024682 41.4557 41.4557 2 6 5
0.024682 41.4367 41.4367 2 6 5
0.024682 41.4131 41.4131 2 6 5
0.024682 41.3956 41.3956 2 6 5
0.024682 41.3774 41.3774 2 6 5
0.024682 41.3556 41.3556 2 6 5
0.024682 41.3364 41.3364 2 6 5
0.024682 41.3165 41.3165 2 6 5
0.024682 41.2963 41.2963 2 6 5
0.024682 41.2763 41.2763 2 6 5
0.024682 41.2563 41.2563 2 6 5
0.024682 41.2364 41.2364 2 6 5
0.024682 41.2164 41.2164 2 6 5
0.024682 41.1964 41.1964 2 6 5
0.024682 41.1764 41.1764 2 6 5
0.024682 41.1559 41.1559 2 6 5
0.024682 41.1387 41.1387 2 6 5
0.024682 41.1228 41.1228 2 6 5
0.024682 41.1043 41.1043 2 6 5
0.024682 41.0789 41.0789 2 6 5
0.024682 41.0606 41.0606 2 6 5
0.024682 41.0408 41.0408 2 6 5
0.024682 41.0206 41.0206 2 6 5
0.024682 41.0006 41.0006 2 6 5
0.024682 40.9798 40.9798 2 6 5
0.024682 40.9624 40.9624 2 6 5
0.024682 40.9381 40.9381 2 6 5
0.024682 40.9209 40.9209 2 6 5
0.024682 40.8968 40.8968 2 6 5
0.024682 40.8761 40.8761 2 6 5
0.024682 40.8586 40.8586 2 6 5
0.024682 40.8393 40.8393 2 6 5
0.024682 40.8179 40.8179 2 6 5
0.024682 40.7995 40.7995 2 6 5
0.024682 40.7741 40.7741 2 6 5
0.024682 40.7551 40.7551 2 6 5
0.024682 40.734 40.734 2 6 5
0.024682 40.7166 40.7166 2 6 5
0.024682 40.6937 40.6937 2 6 5
0.024682 40.6737 40.6737 2 6 5
0.024682 40.6587 40.6587 2 6 5
0.024682 40.6334 40.6334 2 6 5
0.024682 40.6143 40.6143 2 6 5
0.024682 40.5952 40.5952 2 6 5
0.024682 40.5759 40.5759 2 6 5
0.024682 40.5555 40.5555 2 6 5
0.024682 40.535 40.535 2 6 5
0.024682 40.5149 40.5149 2 6 5
0.024682 40.4931 40.4931 2 6 5
0.024682 40.4746 40.4746 2 6 5
0.024682 40.4547 40.4547 2 6 5
0.024682 40.4345 40.4345 2 6 5
0.024682 40.4165 40.4165 2 6 5
0.024682 40.3912 40.3912 2 6 5
0.024682 40.3728 40.3728 2 6 5
0.024682 40.3536 40.3536 2 6 5
0.024682 40.3307 40.3307 2 6 5
0.024682 40.3118 40.3118 2 6 5
0.024682 40.2921 40.2921 2 6 5
0.024682 40.2715 40.2715 2 6 5
0.024682 40.2513 40.2513 2 6 5
0.024682 40.2272 40.2272 2 6 5
0.024682 40.2089 40.2089 2 6 5
0.024682 40.1897 40.1897 2 6 5
0.024682 40.1697 40.1697 2 6 5
0.024682 40.1488 40.1488 2 6 5
0.024682 40.1297 40.1297 2 6 5
0.024682 40.1084 40.1084 2 6 5
0.024682 40.0882 40.0882 2 6 5
0.024682 40.0661 40.0661 2 6 5
0.024682 40.0489 40.0489 2 6 5
0.024682 40.0298 40.0298 2 6 5
0.024682 40.011 40.011 2 6 5
0.024682 39.99 39.99 2 6 5
0.024682 39.9714 39.9714 2 6 5
0.024682 39.9502 39.9502 2 6 5
0.024682 39.93 39.93 2 6 5
0.024682 39.9108 39.9108 2 6 5
0.024682 39.8864 39.8864 2 6 5
0.024682 39.8637 39.8637 2 6 5
0.024682 39.8453 39.8453 2 6 5
0.024682 39.8245 39.8245 2 6 5
0.024682 39.805 39.805 2 6 5
0.024682 39.7851 39.7851 2 6 5
0.024682 39.765 39.765 2 6 5
0.024682 39.7449 39.7449 2 6 5
0.024682 39.7248 39.7248 2 6 5
0.024682 39.7035 39.7035 2 6 5
0.024682 39.6846 39.6846 2 6 5
0.024682 39.6643 39.6643 2 6 5
0.024682 39.6443 39.6443 2 6 5
0.024682 39.6244 39.6244 2 6 5
0.024682 39.6037 39.6037 2 6 5
0.024682 39.5842 39.5842 2 6 5
0.024682 39.5643 39.5643 2 6 5
0.024682 39.5437 39.5437 2 6 5
0.024682 39.5241 39.5241 2 6 5
0.024682 39.504 39.504 2 6 5
0.024682 39.484 39.484 2 6 5
0.024682 39.464 39.464 2 6 5
0.024682 39.444 39.444 2 6 5
0.024682 39.424 39.424 2 6 5
0.024682 39.404 39.404 2 6 5
0.024682 39.384 39.384 2 6 5
0.024682 39.364 39.364 2 6 5
0.024682 39.344 39.344 2 6 5
0.024682 39.324 39.324 2 6 5
0.024682 39.304 39.304 2 6 5
0.024682 39.284 39.284 2 6 5
0.024682 39.264 39.264 2 6 5
0.024682 39.244 39.244 2 6 5
0.024682 39.224 39.224 2 6 5
0.024682 39.204 39.204 2 6 5
0.024682 39.1841 39.1841 2 6 5
0.024682 39.1621 39.1621 2 6 5
0.024682 39.1376 39.1376 2 6 5
0.024682 39.1204 39.1204 2 6 5
0.024682 39.1006 39.1006 2 6 5
0.024682 39.0809 39.0809 2 6 5
0.024682 39.0601 39.0601 2 6 5
0.024682 39.0404 39.0404 2 6 5
0.024682 39.0204 39.0204 2 6 5
0.024682 39.0004 39.0004 2 6 5
0.024682 38.9804 38.9804 2 6 5
0.024682 38.9604 38.9604 2 6 5
0.024682 38.9405 38.9405 2 6 5
0.024682 38.9204 38.9204 2 6 5
0.024682 38.9005 38.9005 2 6 5
0.024682 38.8791 38.8791 2 6 5
0.024682 38.8599 38.8599 2 6 5
0.024682 38.8406 38.8406 2 6 5
0.024682 38.8182 38.8182 2 6 5
0.024682 38.7989 38.7989 2 6 5
0.024682 38.7794 38.7794 2 6 5
0.024682 38.7583 38.7583 2 6 5
0.024682 38.7388 38.7388 2 6 5
0.024682 38.7193 38.7193 2 6 5
0.024682 38.6974 38.6974 2 6 5
0.024682 38.6782 38.6782 2 6 5
0.024682 38.6582 38.6582 2 6 5
0.024682 38.638 38.638 2 6 5
0.024682 38.618 38.618 2 6 5
0.024682 38.5977 38.5977 2 6 5
0.024682 38.5778 38.5778 2 6 5
0.024682 38.5578 38.5578 2 6 5
0.024682 38.5378 38.5378 2 6 5
0.024682 38.5179 38.5179 2 6 5
0.024682 38.4979 38.4979 2 6 5
0.024682 38.4779 38.4779 2 6 5
0.024682 38.4576 38.4576 2 6 5
0.024682 38.4399 38.4399 2 6 5
0.024682 38.4152 38.4152 2 6 5
0.024682 38.3967 38.3967 2 6 5
0.024682 38.3774 38.3774 2 6 5
0.024682 38.3576 38.3576 2 6 5
0.024682 38.3371 38.3371 2 6 5
0.024682 38.3169 38.3169 2 6 5
0.024682 38.2969 38.2969 2 6 5
0.024682 38.2766 38.2766 2 6 5
0.024682 38.2569 38.2569 2 6 5
0.024682 38.2369 38.2369 2 6 5
0.024682 38.2169 38.2169 2 6 5
0.024682 38.1971 38.1971 2 6 5
0.024682 38.1768 38.1768 2 6 5
0.024682 38.1566 38.1566 2 6 5
0.024682 38.1372 38.1372 2 6 5
0.024682 38.1146 38.1146 2 6 5
0.024682 38.0941 38.0941 2 6 5
0.024682 38.0747 38.0747 2 6 5
0.024682 38.0553 38.0553 2 6 5
0.024682 38.0351 38.0351 2 6 5
0.024682 38.0148 38.0148 2 6 5
0.024682 37.9949 37.9949 2 6 5
0.024682 37.9749 37.9749 2 6 5
0.024682 37.9549 37.9549 2 6 5
0.024682 37.935 37.935 2 6 5
0.024682 37.915 37.915 2 6 5
0.024682 37.8949 37.8949 2 6 5
0.024682 37.8749 37.8749 2 6 5
0.024682 37.8548 37.8548 2 6 5
0.024682 37.8346 37.8346 2 6 5
0.024682 37.8148 37.8148 2 6 5
0.024682 37.7948 37.7948 2 6 5
0.024682 37.7748 37.7748 2 6 5
0.024682 37.7544 37.7544 2 6 5
0.024682 37.7337 37.7337 2 6 5
0.024682 37.7136 37.7136 2 6 5
0.024682 37.6943 37.6943 2 6 5
0.024682 37.6739 37.6739 2 6 5
0.024682 37.654 37.654 2 6 5
0.024682 37.6339 37.6339 2 6 5
0.024682 37.6141 37.6141 2 6 5
0.024682 37.5938 37.5938 2 6 5
0.024682 37.5739 37.5739 2 6 5
0.024682 37.554 37.554 2 6 5
0.024682 37.534 37.534 2 6 5
0.024682 37.514 37.514 2 6 5
0.024682 37.4938 37.4938 2 6 5
0.024682 37.4746 37.4746 2 6 5
0.024682 37.4534 37.4534 2 6 5
0.024682 37.4337 37.4337 2 6 5
0.024682 37.4141 37.4141 2 6 5
0.024682 37.3939 37.3939 2 6 5
0.024682 37.3739 37.3739 2 6 5
0.024682 37.3538 37.3538 2 6 5
0.024682 37.3339 37.3339 2 6 5
0.024682 37.3139 37.3139 2 6 5
0.024682 37.2939 37.2939 2 6 5
0.024682 37.2739 37.2739 2 6 5
0.024682 37.2539 37.2539 2 6 5
0.024682 37.2339 37.2339 2 6 5
0.024682 37.2139 37.2139 2 6 5
0.024682 37.1939 37.1939 2 6 5
0.024682 37.1739 37.1739 2 6 5
0.024682 37.1539 37.1539 2 6 5
0.024682 37.1339 37.1339 2 6 5
0.024682 37.1139 37.1139 2 6 5
0.024682 37.0939 37.0939 2 6 5
0.024682 37.0739 37.0739 2 6 5
0.024682 37.0539 37.0539 2 6 5
0.024682 37.0339 37.0339 2 6 5
0.024682 37.0139 37.0139 2 6 5
0.024682 36.9939 36.9939 2 6 5
0.024682 36.9739 36.9739 2 6 5
0.024682 36.9539 36.9539 2 6 5
0.024682 36.9339 36.9339 2 6 5
0.024682 36.9139 36.9139 2 6 5
0.024682 36.8939 36.8939 2 6 5
0.024682 36.8739 36.8739 2 6 5
0.024682 36.8539 36.8539 2 6 5
0.024682 36.8339 36.8339 2 6 5
0.024682 36.8139 36.8139 2 6 5
0.024682 36.7939 36.7939 2 6 5
0.024682 36.7739 36.7739 2 6 5
0.024682 36.7539 36.7539 2 6 5
0.024682 36.7339 36.7339 2 6 5
0.024682 36.7139 36.7139 2 6 5
0.024682 36.6939 36.6939 2 6 5
0.024682 36.6739 36.6739 2 6 5
0.024682 36.6539 36.6539 2 6 5
0.024682 36.6339 36.6339 2 6 5
0.024682 36.6139 36.6139 2 6 5
0.024682 36.5939 36.5939 2 6 5
0.024682 36.5739 36.5739 2 6 5
0.024682 36.5539 36.5539 2 6 5
0.024682 36.5339 36.5339 2 6 5
0.024682 36.5139 36.5139 2 6 5
0.024682 36.4939 36.4939 2 6 5
0.024682 36.4739 36.4739 2 6 5
0.024682 36.4539 36.4539 2 6 5
0.024682 36.4339 36.4339 2 6 5
0.024682 36.4139 36.4139 2 6 5
0.024682 36.3939 36.3939 2 6 5
0.024682 36.3739 36.3739 2 6 5
0.024682 36.3539 36.3539 2 6 5
0.024682 36.3339 36.3339 2 6 5
0.024682 36.3139 36.3139 2 6 5
0.024682 36.2939 36.2939 2 6 5
0.024682 36.2739 36.2739 2 6 5
0.024682 36.2539 36.2539 2 6 5
0.024682 36.2339 36.2339 2 6 5
0.024682 36.2139 36.2139 2 6 5
0.024682 36.1939 36.1939 2 6 5
0.024682 36.1724 36.1724 2 6 5
0.024682 36.1533 36.1533 2 6 5
0.024682 36.1319 36.1319 2 6 5
0.024682 36.1142 36.1142 2 6 5
0.024682 36.0954 36.0954 2 6 5
0.024682 36.0745 36.0745 2 6 5
0.024682 36.0547 36.0547 2 6 5
0.024682 36.0347 36.0347 2 6 5
0.024682 36.0147 36.0147 2 6 5
0.024682 35.9947 35.9947 2 6 5
0.024682 35.9747 35.9747 2 6 5
0.024682 35.9547 35.9547 2 6 5
0.024682 35.9347 35.9347 2 6 5
0.024682 35.9147 35.9147 2 6 5
0.024682 35.8947 35.8947 2 6 5
0.024682 35.8747 35.8747 2 6 5
0.024682 35.8547 35.8547 2 6 5
0.024682 35.8347 35.8347 2 6 5
0.024682 35.8147 35.8147 2 6 5
0.024682 35.7947 35.7947 2 6 5
0.024682 35.7747 35.7747 2 6 5
0.024682 35.7547 35.7547 2 6 5
0.024682 35.7347 35.7347 2 6 5
0.024682 35.7147 35.7147 2 6 5
0.024682 35.6947 35.6947 2 6 5
0.024682 35.6742 35.6742 2 6 5
0.024682 35.6546 35.6546 2 6 5
0.024682 35.6347 35.6347 2 6 5
0.024682 35.6143 35.6143 2 6 5
0.024682 35.5945 35.5945 2 6 5
0.024682 35.5744 35.5744 2 6 5
0.024682 35.5545 35.5545 2 6 5
0.024682 35.5344 35.5344 2 6 5
0.024682 35.5143 35.5143 2 6 5
0.024682 35.4942 35.4942 2 6 5
0.024682 35.474 35.474 2 6 5
0.024682 35.4542 35.4542 2 6 5
0.024682 35.4343 35.4343 2 6 5
0.024682 35.4141 35.4141 2 6 5
0.024682 35.3942 35.3942 2 6 5
0.024682 35.3742 35.3742 2 6 5
0.024682 35.354 35.354 2 6 5
0.024682 35.3341 35.3341 2 6 5
0.024682 35.3141 35.3141 2 6 5
0.024682 35.2941 35.2941 2 6 5
0.024682 35.2741 35.2741 2 6 5
0.024682 35.2541 35.2541 2 6 5
0.024682 35.2341 35.2341 2 6 5
0.024682 35.2141 35.2141 2 6 5
0.024682 35.1941 35.1941 2 6 5
0.024682 35.1741 35.1741 2 6 5
0.024682 35.1542 35.1542 2 6 5
0.024682 35.134 35.134 2 6 5
0.024682 35.1141 35.1141 2 6 5
0.024682 35.0931 35.0931 2 6 5
0.024682 35.0696 35.0696 2 6 5
0.024682 35.0517 35.0517 2 6 5
0.024682 35.0324 35.0324 2 6 5
0.024682 35.0117 35.0117 2 6 5
0.024682 34.9918 34.9918 2 6 5
0.024682 34.9718 34.9718 2 6 5
0.024682 34.9518 34.9518 2 6 5
0.024682 34.9318 34.9318 2 6 5
0.024682 34.9122 34.9122 2 6 5
0.024682 34.8914 34.8914 2 6 5
0.024682 34.8675 34.8675 2 6 5
0.024682 34.849 34.849 2 6 5
0.024682 34.8306 34.8306 2 6 5
0.024682 34.809 34.809 2 6 5
0.024682 34.7894 34.7894 2 6 5
0.024682 34.7695 34.7695 2 6 5
0.024682 34.7495 34.7495 2 6 5
0.024682 34.7294 34.7294 2 6 5
0.024682 34.7095 34.7095 2 6 5
0.024682 34.6895 34.6895 2 6 5
0.024682 34.6692 34.6692 2 6 5
0.024682 34.6501 34.6501 2 6 5
0.024682 34.6279 34.6279 2 6 5
0.024682 34.6088 34.6088 2 6 5
0.024682 34.5891 34.5891 2 6 5
0.024682 34.5691 34.5691 2 6 5
0.024682 34.5489 34.5489 2 6 5
0.024682 34.529 34.529 2 6 5
0.024682 34.509 34.509 2 6 5
0.024682 34.489 34.489 2 6 5
0.024682 34.4689 34.4689 2 6 5
0.024682 34.449 34.449 2 6 5
0.024682 34.429 34.429 2 6 5
0.024682 34.409 34.409 2 6 5
0.024682 34.389 34.389 2 6 5
0.024682 34.369 34.369 2 6 5
0.024682 34.349 34.349 2 6 5
0.024682 34.3291 34.3291 2 6 5
0.024682 34.308 34.308 2 6 5
0.024682 34.2885 34.2885 2 6 5
0.024682 34.2688 34.2688 2 6 5
0.024682 34.2487 34.2487 2 6 5
0.024682 34.2286 34.2286 2 6 5
0.024682 34.2086 34.2086 2 6 5
0.024682 34.1879 34.1879 2 6 5
0.024682 34.1681 34.1681 2 6 5
0.024682 34.1483 34.1483 2 6 5
0.024682 34.128 34.128 2 6 5
0.024682 34.1081 34.1081 2 6 5
0.024682 34.0881 34.0881 2 6 5
0.024682 34.068 34.068 2 6 5
0.024682 34.0481 34.0481 2 6 5
0.024682 34.0281 34.0281 2 6 5
0.024682 34.0081 34.0081 2 6 5
0.024682 33.9881 33.9881 2 6 5
0.024682 33.9681 33.9681 2 6 5
0.024682 33.9481 33.9481 2 6 5
0.024682 33.9281 33.9281 2 6 5
0.024682 33.9081 33.9081 2 6 5
0.024682 33.8881 33.8881 2 6 5
0.024682 33.8681 33.8681 2 6 5
0.024682 33.8481 33.8481 2 6 5
0.024682 33.8281 33.8281 2 6 5
0.024682 33.8081 33.8081 2 6 5
0.024682 33.7881 33.7881 2 6 5
0.024682 33.7681 33.7681 2 6 5
0.024682 33.7481 33.7481 2 6 5
0.024682 33.7281 33.7281 2 6 5
0.024682 33.7081 33.7081 2 6 5
0.024682 33.6881 33.6881 2 6 5
0.024682 33.6681 33.6681 2 6 5
0.024682 33.6481 33.6481 2 6 5
0.024682 33.6281 33.6281 2 6 5
0.024682 33.6081 33.6081 2 6 5
0.024682 33.5881 33.5881 2 6 5
0.024682 33.5681 33.5681 2 6 5
0.024682 33.5481 33.5481 2 6 5
0.024682 33.5281 33.5281 2 6 5
0.024682 33.5081 33.5081 2 6 5
0.024682 33.4881 33.4881 2 6 5
0.024682 33.4681 33.4681 2 6 5
0.024682 33.4481 33.4481 2 6 5
0.024682 33.4281 33.4281 2 6 5
0.024682 33.4081 33.4081 2 6 5
0.024682 33.3883 33.3883 2 6 5
0.024682 33.3674 33.3674 2 6 5
0.024682 33.3478 33.3478 2 6 5
0.024682 33.328 33.328 2 6 5
0.024682 33.3078 33.3078 2 6 5
0.024682 33.2878 33.2878 2 6 5
0.024682 33.2679 33.2679 2 6 5
0.024682 33.2479 33.2479 2 6 5
0.024682 33.2279 33.2279 2 6 5
0.024682 33.2078 33.2078 2 6 5
0.024682 33.1879 33.1879 2 6 5
0.024682 33.1679 33.1679 2 6 5
0.024682 33.1478 33.1478 2 6 5
0.024682 33.1279 33.1279 2 6 5
0.024682 33.1079 33.1079 2 6 5
0.024682 33.0877 33.0877 2 6 5
0.024682 33.0671 33.0671 2 6 5
0.024682 33.0474 33.0474 2 6 5
0.024682 33.0276 33.0276 2 6 5
0.024682 33.0074 33.0074 2 6 5
0.024682 32.9874 32.9874 2 6 5
0.024682 32.9674 32.9674 2 6 5
0.024682 32.9464 32.9464 2 6 5
0.024682 32.9269 32.9269 2 6 5
0.024682 32.9072 32.9072 2 6 5
0.024682 32.8871 32.8871 2 6 5
0.024682 32.8669 32.8669 2 6 5
0.024682 32.847 32.847 2 6 5
0.024682 32.8271 32.8271 2 6 5
0.024682 32.807 32.807 2 6 5
0.024682 32.787 32.787 2 6 5
0.024682 32.7668 32.7668 2 6 5
0.024682 32.7469 32.7469 2 6 5
0.024682 32.7269 32.7269 2 6 5
0.024682 32.707 32.707 2 6 5
0.024682 32.6867 32.6867 2 6 5
0.024682 32.6668 32.6668 2 6 5
0.024682 32.6469 32.6469 2 6 5
0.024682 32.6268 32.6268 2 6 5
0.024682 32.6068 32.6068 2 6 5
0.024682 32.5869 32.5869 2 6 5
0.024682 32.5668 32.5668 2 6 5
0.024682 32.5468 32.5468 2 6 5
0.024682 32.5268 32.5268 2 6 5
0.024682 32.5069 32.5069 2 6 5
0.024682 32.4869 32.4869 2 6 5
0.024682 32.4668 32.4668 2 6 5
0.024682 32.4468 32.4468 2 6 5
0.024682 32.4268 32.4268 2 6 5
0.024682 32.4068 32.4068 2 6 5
0.024682 32.3868 32.3868 2 6 5
0.024682 32.3668 32.3668 2 6 5
0.024682 32.3468 32.3468 2 6 5
0.024682 32.3268 32.3268 2 6 5
0.024682 32.3069 32.3069 2 6 5
0.024682 32.2868 32.2868 2 6 5
0.024682 32.2668 32.2668 2 6 5
0.024682 32.2468 32.2468 2 6 5
0.024682 32.2268 32.2268 2 6 5
0.024682 32.2068 32.2068 2 6 5
0.024682 32.1868 32.1868 2 6 5
0.024682 32.1668 32.1668 2 6 5
0.024682 32.1468 32.1468 2 6 5
0.024682 32.1268 32.1268 2 6 5
0.024682 32.1068 32.1068 2 6 5
0.024682 32.0868 32.0868 2 6 5
0.024682 32.0668 32.0668 2 6 5
0.024682 32.0469 32.0469 2 6 5
0.024682 32.0268 32.0268 2 6 5
0.024682 32.0068 32.0068 2 6 5
0.024682 31.9868 31.9868 2 6 5
0.024682 31.9668 31.9668 2 6 5
0.024682 31.9468 31.9468 2 6 5
0.024682 31.9268 31.9268 2 6 5
0.024682 31.9068 31.9068 2 6 5
0.024682 31.8868 31.8868 2 6 5
0.024682 31.8668 31.8668 2 6 5
0.024682 31.8468 31.8468 2 6 5
0.024682 31.8268 31.8268 2 6 5
0.024682 31.8068 31.8068 2 6 5
0.024682 31.7868 31.7868 2 6 5
0.024682 31.7668 31.7668 2 6 5
0.024682 31.7468 31.7468 2 6 5
0.024682 31.7268 31.7268 2 6 5
0.024682 31.7068 31.7068 2 6 5
0.024682 31.6868 31.6868 2 6 5
0.024682 31.6663 31.6663 2 6 5
0.024682 31.6466 31.6466 2 6 5
0.024682 31.6267 31.6267 2 6 5
0.024682 31.6067 31.6067 2 6 5
0.024682 31.5866 31.5866 2 6 5
0.024682 31.5666 31.5666 2 6 5
0.024682 31.5466 31.5466 2 6 5
0.024682 31.5266 31.5266 2 6 5
0.024682 31.5066 31.5066 2 6 5
0.024682 31.4866 31.4866 2 6 5
0.024682 31.4666 31.4666 2 6 5
0.024682 31.4466 31.4466 2 6 5
0.024682 31.4266 31.4266 2 6 5
0.024682 31.4066 31.4066 2 6 5
0.024682 31.3866 31.3866 2 6 5
0.024682 31.3666 31.3666 2 6 5
0.024682 31.3466 31.3466 2 6 5
0.024682 31.3266 31.3266 2 6 5
0.024682 31.3066 31.3066 2 6 5
0.024682 31.2866 31.2866 2 6 5
0.024682 31.2666 31.2666 2 6 5
0.024682 31.2466 31.2466 2 6 5
0.024682 31.2266 31.2266 2 6 5
0.024682 31.2066 31.2066 2 6 5
0.024682 31.1866 31.1866 2 6 5
0.024682 31.1666 31.1666 2 6 5
0.024682 31.1461 31.1461 2 6 5
0.024682 31.1263 31.1263 2 6 5
0.024682 31.1064 31.1064 2 6 5
0.024682 31.0864 31.0864 2 6 5
0.024682 31.0663 31.0663 2 6 5
0.024682 31.0463 31.0463 2 6 5
0.024682 31.0263 31.0263 2 6 5
0.024682 31.0063 31.0063 2 6 5
0.024682 30.9863 30.9863 2 6 5
0.024682 30.9663 30.9663 2 6 5
0.024682 30.9463 30.9463 2 6 5
0.024682 30.9263 30.9263 2 6 5
0.024682 30.9063 30.9063 2 6 5
0.024682 30.8863 30.8863 2 6 5
0.024682 30.8663 30.8663 2 6 5
0.024682 30.8463 30.8463 2 6 5
0.024682 30.8263 30.8263 2 6 5
0.024682 30.8063 30.8063 2 6 5
0.024682 30.7863 30.7863 2 6 5
0.024682 30.7663 30.7663 2 6 5
0.024682 30.7463 30.7463 2 6 5
0.024682 30.7263 30.7263 2 6 5
0.024682 30.7063 30.7063 2 6 5
0.024682 30.6863 30.6863 2 6 5
0.024682 30.6663 30.6663 2 6 5
0.024682 30.6463 30.6463 2 6 5
0.024682 30.6263 30.6263 2 6 5
0.024682 30.6063 30.6063 2 6 5
0.024682 30.5864 30.5864 2 6 5
0.024682 30.5662 30.5662 2 6 5
0.024682 30.5463 30.5463 2 6 5
0.024682 30.5263 30.5263 2 6 5
0.024682 30.5063 30.5063 2 6 5
0.024682 30.4863 30.4863 2 6 5
0.024682 30.4663 30.4663 2 6 5
0.024682 30.4463 30.4463 2 6 5
0.024682 30.4263 30.4263 2 6 5
0.024682 30.4063 30.4063 2 6 5
0.024682 30.3863 30.3863 2 6 5
0.024682 30.3663 30.3663 2 6 5
0.024682 30.3463 30.3463 2 6 5
0.024682 30.3263 30.3263 2 6 5
0.024682 30.3063 30.3063 2 6 5
0.024682 30.2863 30.2863 2 6 5
0.024682 30.2663 30.2663 2 6 5
0.024682 30.2463 30.2463 2 6 5
0.024682 30.2263 30.2263 2 6 5
0.024682 30.2063 30.2063 2 6 5
0.024682 30.1864 30.1864 2 6 5
0.024682 30.1664 30.1664 2 6 5
0.024682 30.1451 30.1451 2 6 5
0.024682 30.1257 30.1257 2 6 5
0.024682 30.1058 30.1058 2 6 5
0.024682 30.0858 30.0858 2 6 5
0.024682 30.0658 30.0658 2 6 5
0.024682 30.0458 30.0458 2 6 5
0.024682 30.0258 30.0258 2 6 5
0.024682 30.0058 30.0058 2 6 5
0.024682 29.9858 29.9858 2 6 5
0.024682 29.9658 29.9658 2 6 5
0.024682 29.9458 29.9458 2 6 5
0.024682 29.9258 29.9258 2 6 5
0.024682 29.9058 29.9058 2 6 5
0.024682 29.8858 29.8858 2 6 5
0.024682 29.8658 29.8658 2 6 5
0.024682 29.8458 29.8458 2 6 5
0.024682 29.8258 29.8258 2 6 5
0.024682 29.8058 29.8058 2 6 5
0.024682 29.7858 29.7858 2 6 5
0.024682 29.7658 29.7658 2 6 5
0.024682 29.7458 29.7458 2 6 5
0.024682 29.7258 29.7258 2 6 5
0.024682 29.7058 29.7058 2 6 5
0.024682 29.6858 29.6858 2 6 5
0.024682 29.6658 29.6658 2 6 5
0.024682 29.6458 29.6458 2 6 5
0.024682 29.6258 29.6258 2 6 5
0.024682 29.6058 29.6058 2 6 5
0.024682 29.5858 29.5858 2 6 5
0.024682 29.5658 29.5658 2 6 5
0.024682 29.5458 29.5458 2 6 5
0.024682 29.5258 29.5258 2 6 5
0.024682 29.5058 29.5058 2 6 5
0.024682 29.4858 29.4858 2 6 5
0.024682 29.4658 29.4658 2 6 5
0.024682 29.4458 29.4458 2 6 5
0.024682 29.4258 29.4258 2 6 5
0.024682 29.4058 29.4058 2 6 5
0.024682 29.3858 29.3858 2 6 5
0.024682 29.3658 29.3658 2 6 5
0.024682 29.3458 29.3458 2 6 5
0.024682 29.3258 29.3258 2 6 5
0.024682 29.3058 29.3058 2 6 5
0.024682 29.2858 29.2858 2 6 5
0.024682 29.2658 29.2658 2 6 5
0.024682 29.2458 29.2458 2 6 5
0.024682 29.2257 29.2257 2 6 5
0.024682 29.2057 29.2057 2 6 5
0.024682 29.1858 29.1858 2 6 5
0.024682 29.1658 29.1658 2 6 5
0.024682 29.1457 29.1457 2 6 5
0.024682 29.1257 29.1257 2 6 5
0.024682 29.1058 29.1058 2 6 5
0.024682 29.0858 29.0858 2 6 5
0.024682 29.0657 29.0657 2 6 5
0.024682 29.0458 29.0458 2 6 5
0.024682 29.0258 29.0258 2 6 5
0.024682 29.0058 29.0058 2 6 5
0.024682 28.9858 28.9858 2 6 5
0.024682 28.9658 28.9658 2 6 5
0.024682 28.9458 28.9458 2 6 5
0.024682 28.9258 28.9258 2 6 5
0.024682 28.9058 28.9058 2 6 5
0.024682 28.8857 28.8857 2 6 5
0.024682 28.8658 28.8658 2 6 5
0.024682 28.8458 28.8458 2 6 5
0.024682 28.8258 28.8258 2 6 5
0.024682 28.8058 28.8058 2 6 5
0.024682 28.7857 28.7857 2 6 5
0.024682 28.7657 28.7657 2 6 5
0.024682 28.7458 28.7458 2 6 5
0.024682 28.7256 28.7256 2 6 5
0.024682 28.7057 28.7057 2 6 5
0.024682 28.6857 28.6857 2 6 5
0.024682 28.6657 28.6657 2 6 5
0.024682 28.6457 28.6457 2 6 5
0.024682 28.6257 28.6257 2 6 5
0.024682 28.6057 28.6057 2 6 5
0.024682 28.5857 28.5857 2 6 5
0.024682 28.5657 28.5657 2 6 5
0.024682 28.5457 28.5457 2 6 5
0.024682 28.5257 28.5257 2 6 5
0.024682 28.5057 28.5057 2 6 5
0.024682 28.4857 28.4857 2 6 5
0.024682 28.4657 28.4657 2 6 5
0.024682 28.4457 28.4457 2 6 5
0.024682 28.4257 28.4257 2 6 5
0.024682 28.4057 28.4057 2 6 5
0.024682 28.3857 28.3857 2 6 5
0.024682 28.3656 28.3656 2 6 5
0.024682 28.3457 28.3457 2 6 5
0.024682 28.3257 28.3257 2 6 5
0.024682 28.3057 28.3057 2 6 5
0.024682 28.2857 28.2857 2 6 5
0.024682 28.2657 28.2657 2 6 5
0.024682 28.2457 28.2457 2 6 5
0.024682 28.2257 28.2257 2 6 5
0.024682 28.2057 28.2057 2 6 5
0.024682 28.1856 28.1856 2 6 5
0.024682 28.1657 28.1657 2 6 5
0.024682 28.1457 28.1457 2 6 5
0.024682 28.1257 28.1257 2 6 5
0.024682 28.1057 28.1057 2 6 5
0.024682 28.0857 28.0857 2 6 5
0.024682 28.0657 28.0657 2 6 5
0.024682 28.0457 28.0457 2 6 5
0.024682 28.0257 28.0257 2 6 5
0.024682 28.0057 28.0057 2 6 5
0.024682 27.9857 27.9857 2 6 5
0.024682 27.9657 27.9657 2 6 5
0.024682 27.9457 27.9457 2 6 5
0.024682 27.9257 27.9257 2 6 5
0.024682 27.9057 27.9057 2 6 5
0.024682 27.8857 27.8857 2 6 5
0.024682 27.8657 27.8657 2 6 5
0.024682 27.8457 27.8457 2 6 5
0.024682 27.8257 27.8257 2 6 5
0.024682 27.8057 27.8057 2 6 5
0.024682 27.7857 27.7857 2 6 5
0.024682 27.7656 27.7656 2 6 5
0.024682 27.7456 27.7456 2 6 5
0.024682 27.7257 27.7257 2 6 5
0.024682 27.7057 27.7057 2 6 5
0.024682 27.6856 27.6856 2 6 5
0.024682 27.6656 27.6656 2 6 5
0.024682 27.6457 27.6457 2 6 5
0.024682 27.6256 27.6256 2 6 5
0.024682 27.6056 27.6056 2 6 5
0.024682 27.5856 27.5856 2 6 5
0.024682 27.5656 27.5656 2 6 5
0.024682 27.5456 27.5456 2 6 5
0.024682 27.5256 27.5256 2 6 5
0.024682 27.5056 27.5056 2 6 5
0.024682 27.4856 27.4856 2 6 5
0.024682 27.4656 27.4656 2 6 5
0.024682 27.4456 27.4456 2 6 5
0.024682 27.4257 27.4257 2 6 5
0.024682 27.4056 27.4056 2 6 5
0.024682 27.3856 27.3856 2 6 5
0.024682 27.3656 27.3656 2 6 5
0.024682 27.3456 27.3456 2 6 5
0.024682 27.3256 27.3256 2 6 5
0.024682 27.3056 27.3056 2 6 5
0.024682 27.2856 27.2856 2 6 5
0.024682 27.2656 27.2656 2 6 5
0.024682 27.2456 27.2456 2 6 5
0.024682 27.2256 27.2256 2 6 5
0.024682 27.2056 27.2056 2 6 5
0.024682 27.1856 27.1856 2 6 5
0.024682 27.1656 27.1656 2 6 5
0.024682 27.1456 27.1456 2 6 5
0.024682 27.1256 27.1256 2 6 5
0.024682 27.1056 27.1056 2 6 5
0.024682 27.0856 27.0856 2 6 5
0.024682 27.0656 27.0656 2 6 5
0.024682 27.0456 27.0456 2 6 5
0.024682 27.0256 27.0256 2 6 5
0.024682 27.0056 27.0056 2 6 5
0.024682 26.9856 26.9856 2 6 5
0.024682 26.9656 26.9656 2 6 5
0.024682 26.9456 26.9456 2 6 5
0.024682 26.9256 26.9256 2 6 5
0.024682 26.9056 26.9056 2 6 5
0.024682 26.8856 26.8856 2 6 5
0.024682 26.8656 26.8656 2 6 5
0.024682 26.8448 26.8448 2 6 5
0.024682 26.8252 26.8252 2 6 5
0.024682 26.8055 26.8055 2 6 5
0.024682 26.7853 26.7853 2 6 5
0.024682 26.7653 26.7653 2 6 5
0.024682 26.7453 26.7453 2 6 5
0.024682 26.7253 26.7253 2 6 5
0.024682 26.7053 26.7053 2 6 5
0.024682 26.6853 26.6853 2 6 5
0.024682 26.6653 26.6653 2 6 5
0.024682 26.6453 26.6453 2 6 5
0.024682 26.6253 26.6253 2 6 5
0.024682 26.6053 26.6053 2 6 5
0.024682 26.5853 26.5853 2 6 5
0.024682 26.5653 26.5653 2 6 5
0.024682 26.5453 26.5453 2 6 5
0.024682 26.5253 26.5253 2 6 5
0.024682 26.5053 26.5053 2 6 5
0.024682 26.4853 26.4853 2 6 5
0.024682 26.4653 26.4653 2 6 5
0.024682 26.4453 26.4453 2 6 5
0.024682 26.4253 26.4253 2 6 5
0.024682 26.4053 26.4053 2 6 5
0.024682 26.3853 26.3853 2 6 5
0.024682 26.3653 26.3653 2 6 5
0.024682 26.3453 26.3453 2 6 5
0.024682 26.3253 26.3253 2 6 5
0.024682 26.3053 26.3053 2 6 5
0.024682 26.2853 26.2853 2 6 5
0.024682 26.2653 26.2653 2 6 5
0.024682 26.2453 26.2453 2 6 5
0.024682 26.2253 26.2253 2 6 5
0.024682 26.2053 26.2053 2 6 5
0.024682 26.1853 26.1853 2 6 5
0.024682 26.1653 26.1653 2 6 5
0.024682 26.1453 26.1453 2 6 5
0.024682 26.1253 26.1253 2 6 5
0.024682 26.1053 26.1053 2 6 5
0.024682 26.0853 26.0853 2 6 5
0.024682 26.0653 26.0653 2 6 5
0.024682 26.0453 26.0453 2 6 5
0.024682 26.0253 26.0253 2 6 5
0.024682 26.0053 26.0053 2 6 5
0.024682 25.9853 25.9853 2 6 5
0.024682 25.9653 25.9653 2 6 5
0.024682 25.9453 25.9453 2 6 5
0.024682 25.9253 25.9253 2 6 5
0.024682 25.9053 25.9053 2 6 5
0.024682 25.8853 25.8853 2 6 5
0.024682 25.8653 25.8653 2 6 5
0.024682 25.8453 25.8453 2 6 5
0.024682 25.8253 25.8253 2 6 5
0.024682 25.8053 25.8053 2 6 5
0.024682 25.7853 25.7853 2 6 5
0.024682 25.7653 25.7653 2 6 5
0.024682 25.7453 25.7453 2 6 5
0.024682 25.7253 25.7253 2 6 5
0.024682 25.7053 25.7053 2 6 5
0.024682 25.6853 25.6853 2 6 5
0.024682 25.6653 25.6653 2 6 5
0.024682 25.6453 25.6453 2 6 5
0.024682 25.6253 25.6253 2 6 5
0.024682 25.6053 25.6053 2 6 5
0.024682 25.5853 25.5853 2 6 5
0.024682 25.5653 25.5653 2 6 5
0.024682 25.5453 25.5453 2 6 5
0.024682 25.5253 25.5253 2 6 5
0.024682 25.5053 25.5053 2 6 5
0.024682 25.4853 25.4853 2 6 5
0.024682 25.4653 25.4653 2 6 5
0.024682 25.4453 25.4453 2 6 5
0.024682 25.4253 25.4253 2 6 5
0.024682 25.4053 25.4053 2 6 5
0.024682 25.3853 25.3853 2 6 5
0.024682 25.3653 25.3653 2 6 5
0.024682 25.3453 25.3453 2 6 5
0.024682 25.3253 25.3253 2 6 5
0.024682 25.3053 25.3053 2 6 5
0.024682 25.2853 25.2853 2 6 5
0.024682 25.2653 25.2653 2 6 5
0.024682 25.2453 25.2453 2 6 5
0.024682 25.2253 25.2253 2 6 5
0.024682 25.2053 25.2053 2 6 5
0.024682 25.1853 25.1853 2 6 5
0.024682 25.1653 25.1653 2 6 5
0.024682 25.1453 25.1453 2 6 5
0.024682 25.1253 25.1253 2 6 5
0.024682 25.1053 25.1053 2 6 5
0.024682 25.0853 25.0853 2 6 5
0.024682 25.0653 25.0653 2 6 5
0.024682 25.0453 25.0453 2 6 5
0.024682 25.0253 25.0253 2 6 5
0.024682 25.0053 25.0053 2 6 5
0.024682 24.9853 24.9853 2 6 5
0.024682 24.9653 24.9653 2 6 5
0.024682 24.9453 24.9453 2 6 5
0.024682 24.9253 24.9253 2 6 5
0.024682 24.9053 24.9053 2 6 5
0.024682 24.8853 24.8853 2 6 5
0.024682 24.8653 24.8653 2 6 5
0.024682 24.8453 24.8453 2 6 5
0.024682 24.8253 24.8253 2 6 5
0.024682 24.8053 24.8053 2 6 5
0.024682 24.7853 24.7853 2 6 5
0.024682 24.7653 24.7653 2 6 5
0.024682 24.7453 24.7453 2 6 5
0.024682 24.7253 24.7253 2 6 5
0.024682 24.7053 24.7053 2 6 5
0.024682 24.6853 24.6853 2 6 5
0.024682 24.6653 24.6653 2 6 5
0.024682 24.6453 24.6453 2 6 5
0.024682 24.6253 24.6253 2 6 5
0.024682 24.6053 24.6053 2 6 5
0.024682 24.5853 24.5853 2 6 5
0.024682 24.5653 24.5653 2 6 5
0.024682 24.5453 24.5453 2 6 5
0.024682 24.5253 24.5253 2 6 5
0.024682 24.5053 24.5053 2 6 5
0.024682 24.4853 24.4853 2 6 5
0.024682 24.4653 24.4653 2 6 5
0.024682 24.4453 24.4453 2 6 5
0.024682 24.4253 24.4253 2 6 5
0.024682 24.4053 24.4053 2 6 5
0.024682 24.3853 24.3853 2 6 5
0.024682 24.3653 24.3653 2 6 5
0.024682 24.3453 24.3453 2 6 5
0.024682 24.3253 24.3253 2 6 5
0.024682 24.3053 24.3053 2 6 5
0.024682 24.2853 24.2853 2 6 5
0.024682 24.2653 24.2653 2 6 5
0.024682 24.2453 24.2453 2 6 5
0.024682 24.2253 24.2253 2 6 5
0.024682 24.2053 24.2053 2 6 5
0.024682 24.1853 24.1853 2 6 5
0.024682 24.1653 24.1653 2 6 5
0.024682 24.1453 24.1453 2 6 5
0.024682 24.1253 24.1253 2 6 5
0.024682 24.1053 24.1053 2 6 5
0.024682 24.0853 24.0853 2 6 5
0.024682 24.0653 24.0653 2 6 5
0.024682 24.0453 24.0453 2 6 5
0.024682 24.0253 24.0253 2 6 5
0.024682 24.0053 24.0053 2 6 5
0.024682 23.9853 23.9853 2 6 5
0.024682 23.9653 23.9653 2 6 5
0.024682 23.9453 23.9453 2 6 5
0.024682 23.9253 23.9253 2 6 5
0.024682 23.9053 23.9053 2 6 5
0.024682 23.8853 23.8853 2 6 5
0.024682 23.8653 23.8653 2 6 5
0.024682 23.8453 23.8453 2 6 5
0.024682 23.8253 23.8253 2 6 5
0.024682 23.8053 23.8053 2 6 5
0.024682 23.7853 23.7853 2 6 5
0.024682 23.7653 23.7653 2 6 5
0.024682 23.7453 23.7453 2 6 5
0.024682 23.7253 23.7253 2 6 5
0.024682 23.7053 23.7053 2 6 5
0.024682 23.6853 23.6853 2 6 5
0.024682 23.6653 23.6653 2 6 5
0.024682 23.6453 23.6453 2 6 5
0.024682 23.6253 23.6253 2 6 5
0.024682 23.6053 23.6053 2 6 5
0.024682 23.5853 23.5853 2 6 5
0.024682 23.5653 23.5653 2 6 5
0.024682 23.5453 23.5453 2 6 5
0.024682 23.5253 23.5253 2 6 5
0.024682 23.5053 23.5053 2 6 5
0.024682 23.4853 23.4853 2 6 5
0.024682 23.4653 23.4653 2 6 5
0.024682 23.4453 23.4453 2 6 5
0.024682 23.4253 23.4253 2 6 5
0.024682 23.4053 23.4053 2 6 5
0.024682 23.3853 23.3853 2 6 5
0.024682 23.3653 23.3653 2 6 5
0.024682 23.3453 23.3453 2 6 5
0.024682 23.3253 23.3253 2 6 5
0.024682 23.3053 23.3053 2 6 5
0.024682 23.2853 23.2853 2 6 5
0.024682 23.2653 23.2653 2 6 5
0.024682 23.2453 23.2453 2 6 5
0.024682 23.2253 23.2253 2 6 5
0.024682 23.2053 23.2053 2 6 5
0.024682 23.1853 23.1853 2 6 5
0.024682 23.1653 23.1653 2 6 5
0.024682 23.1453 23.1453 2 6 5
0.024682 23.1253 23.1253 2 6 5
0.024682 23.1053 23.1053 2 6 5
0.024682 23.0853 23.0853 2 6 5
0.024682 23.0653 23.0653 2 6 5
0.024682 23.0453 23.0453 2 6 5
0.024682 23.0253 23.0253 2 6 5
0.024682 23.0053 23.0053 2 6 5
0.024682 22.9853 22.9853 2 6 5
0.024682 22.9653 22.9653 2 6 5
0.024682 22.9453 22.9453 2 6 5
0.024682 22.9253 22.9253 2 6 5
0.024682 22.9053 22.9053 2 6 5
0.024682 22.8851 22.8851 2 6 5
0.024682 22.8652 22.8652 2 6 5
0.024682 22.8452 22.8452 2 6 5
0.024682 22.8252 22.8252 2 6 5
0.024682 22.8052 22.8052 2 6 5
0.024682 22.7852 22.7852 2 6 5
0.024682 22.7652 22.7652 2 6 5
0.024682 22.7452 22.7452 2 6 5
0.024682 22.7252 22.7252 2 6 5
0.024682 22.7052 22.7052 2 6 5
0.024682 22.6852 22.6852 2 6 5
0.024682 22.6652 22.6652 2 6 5
0.024682 22.6452 22.6452 2 6 5
0.024682 22.6252 22.6252 2 6 5
0.024682 22.6052 22.6052 2 6 5
0.024682 22.5852 22.5852 2 6 5
0.024682 22.5652 22.5652 2 6 5
0.024682 22.5452 22.5452 2 6 5
0.024682 22.5252 22.5252 2 6 5
0.024682 22.5052 22.5052 2 6 5
0.024682 22.4852 22.4852 2 6 5
0.024682 22.4652 22.4652 2 6 5
0.024682 22.4452 22.4452 2 6 5
0.024682 22.4252 22.4252 2 6 5
0.024682 22.4052 22.4052 2 6 5
0.024682 22.3852 22.3852 2 6 5
0.024682 22.3652 22.3652 2 6 5
0.024682 22.3452 22.3452 2 6 5
0.024682 22.3252 22.3252 2 6 5
0.024682 22.3052 22.3052 2 6 5
0.024682 22.2851 22.2851 2 6 5
0.024682 22.2652 22.2652 2 6 5
0.024682 22.2452 22.2452 2 6 5
0.024682 22.2252 22.2252 2 6 5
0.024682 22.2052 22.2052 2 6 5
0.024682 22.1852 22.1852 2 6 5
0.024682 22.1652 22.1652 2 6 5
0.024682 22.1452 22.1452 2 6 5
0.024682 22.1252 22.1252 2 6 5
0.024682 22.1052 22.1052 2 6 5
0.024682 22.0852 22.0852 2 6 5
0.024682 22.0652 22.0652 2 6 5
0.024682 22.0452 22.0452 2 6 5
0.024682 22.0252 22.0252 2 6 5
0.024682 22.0052 22.0052 2 6 5
0.024682 21.9852 21.9852 2 6 5
0.024682 21.9652 21.9652 2 6 5
0.024682 21.9452 21.9452 2 6 5
0.024682 21.9252 21.9252 2 6 5
0.024682 21.9052 21.9052 2 6 5
0.024682 21.8852 21.8852 2 6 5
0.024682 21.8652 21.8652 2 6 5
0.024682 21.8452 21.8452 2 6 5
0.024682 21.8252 21.8252 2 6 5
0.024682 21.8052 21.8052 2 6 5
0.024682 21.7852 21.7852 2 6 5
0.024682 21.7652 21.7652 2 6 5
0.024682 21.7452 21.7452 2 6 5
0.024682 21.7252 21.7252 2 6 5
0.024682 21.7052 21.7052 2 6 5
0.024682 21.6852 21.6852 2 6 5
0.024682 21.6652 21.6652 2 6 5
0.024682 21.6452 21.6452 2 6 5
0.024682 21.6252 21.6252 2 6 5
0.024682 21.6052 21.6052 2 6 5
0.024682 21.5852 21.5852 2 6 5
0.024682 21.5652 21.5652 2 6 5
0.024682 21.5452 21.5452 2 6 5
0.024682 21.5252 21.5252 2 6 5
0.024682 21.5052 21.5052 2 6 5
0.024682 21.4852 21.4852 2 6 5
0.024682 21.4652 21.4652 2 6 5
0.024682 21.4452 21.4452 2 6 5
0.024682 21.4249 21.4249 2 6 5
0.024682 21.405 21.405 2 6 5
0.024682 21.3851 21.3851 2 6 5
0.024682 21.3651 21.3651 2 6 5
0.024682 21.3451 21.3451 2 6 5
0.024682 21.3251 21.3251 2 6 5
0.024682 21.3051 21.3051 2 6 5
0.024682 21.2851 21.2851 2 6 5
0.024682 21.2651 21.2651 2 6 5
0.024682 21.2451 21.2451 2 6 5
0.024682 21.2251 21.2251 2 6 5
0.024682 21.2051 21.2051 2 6 5
0.024682 21.1851 21.1851 2 6 5
0.024682 21.1651 21.1651 2 6 5
0.024682 21.1451 21.1451 2 6 5
0.024682 21.1251 21.1251 2 6 5
0.024682 21.1051 21.1051 2 6 5
0.024682 21.0851 21.0851 2 6 5
0.024682 21.0651 21.0651 2 6 5
0.024682 21.0451 21.0451 2 6 5
0.024682 21.0251 21.0251 2 6 5
0.024682 21.0051 21.0051 2 6 5
0.024682 20.9851 20.9851 2 6 5
0.024682 20.9651 20.9651 2 6 5
0.024682 20.9451 20.9451 2 6 5
0.024682 20.9251 20.9251 2 6 5
0.024682 20.9051 20.9051 2 6 5
0.024682 20.8851 20.8851 2 6 5
0.024682 20.8651 20.8651 2 6 5
0.024682 20.8451 20.8451 2 6 5
0.024682 20.8251 20.8251 2 6 5
0.024682 20.8051 20.8051 2 6 5
0.024682 20.7851 20.7851 2 6 5
0.024682 20.7651 20.7651 2 6 5
0.024682 20.7451 20.7451 2 6 5
0.024682 20.7251 20.7251 2 6 5
0.024682 20.7051 20.7051 2 6 5
0.024682 20.6851 20.6851 2 6 5
0.024682 20.6651 20.6651 2 6 5
0.024682 20.6451 20.6451 2 6 5
0.024682 20.6251 20.6251 2 6 5
0.024682 20.6051 20.6051 2 6 5
0.024682 20.5851 20.5851 2 6 5
0.024682 20.5651 20.5651 2 6 5
0.024682 20.5451 20.5451 2 6 5
0.024682 20.5251 20.5251 2 6 5
0.024682 20.5051 20.5051 2 6 5
0.024682 20.4851 20.4851 2 6 5
0.024682 20.4651 20.4651 2 6 5
0.024682 20.4451 20.4451 2 6 5
0.024682 20.4251 20.4251 2 6 5
0.024682 20.4051 20.4051 2 6 5
0.024682 20.3851 20.3851 2 6 5
0.024682 20.3651 20.3651 2 6 5
0.024682 20.3451 20.3451 2 6 5
0.024682 20.3251 20.3251 2 6 5
0.024682 20.3051 20.3051 2 6 5
0.024682 20.2851 20.2851 2 6 5
0.024682 20.2651 20.2651 2 6 5
0.024682 20.2451 20.2451 2 6 5
0.024682 20.2251 20.2251 2 6 5
0.024682 20.2051 20.2051 2 6 5
0.024682 20.1851 20.1851 2 6 5
0.024682 20.1651 20.1651 2 6 5
0.024682 20.1451 20.1451 2 6 5
0.024682 20.1251 20.1251 2 6 5
0.024682 20.1051 20.1051 2 6 5
0.024682 20.0851 20.0851 2 6 5
0.024682 20.0651 20.0651 2 6 5
0.024682 20.0451 20.0451 2 6 5
0.024682 20.0251 20.0251 2 6 5
0.024682 20.0051 20.0051 2 6 5
0.024682 19.9851 19.9851 2 6 5
0.024682 19.9651 19.9651 2 6 5
0.024682 19.9451 19.9451 2 6 5
0.024682 19.9251 19.9251 2 6 5
0.024682 19.9051 19.9051 2 6 5
0.024682 19.8851 19.8851 2 6 5
0.024682 19.8651 19.8651 2 6 5
0.024682 19.8451 19.8451 2 6 5
0.024682 19.8251 19.8251 2 6 5
0.024682 19.8051 19.8051 2 6 5
0.024682 19.7851 19.7851 2 6 5
0.024682 19.765 19.765 2 6 5
0.024682 19.745 19.745 2 6 5
0.024682 19.725 19.725 2 6 5
0.024682 19.705 19.705 2 6 5
0.024682 19.685 19.685 2 6 5
0.024682 19.665 19.665 2 6 5
0.024682 19.645 19.645 2 6 5
0.024682 19.625 19.625 2 6 5
0.024682 19.605 19.605 2 6 5
0.024682 19.585 19.585 2 6 5
0.024682 19.565 19.565 2 6 5
0.024682 19.545 19.545 2 6 5
0.024682 19.525 19.525 2 6 5
0.024682 19.505 19.505 2 6 5
0.024682 19.485 19.485 2 6 5
0.024682 19.465 19.465 2 6 5
0.024682 19.445 19.445 2 6 5
0.024682 19.425 19.425 2 6 5
0.024682 19.405 19.405 2 6 5
0.024682 19.385 19.385 2 6 5
0.024682 19.365 19.365 2 6 5
0.024682 19.345 19.345 2 6 5
0.024682 19.325 19.325 2 6 5
0.024682 19.305 19.305 2 6 5
0.024682 19.285 19.285 2 6 5
0.024682 19.265 19.265 2 6 5
0.024682 19.245 19.245 2 6 5
0.024682 19.225 19.225 2 6 5
0.024682 19.205 19.205 2 6 5
0.024682 19.185 19.185 2 6 5
0.024682 19.165 19.165 2 6 5
0.024682 19.145 19.145 2 6 5
0.024682 19.125 19.125 2 6 5
0.024682 19.105 19.105 2 6 5
0.024682 19.085 19.085 2 6 5
0.024682 19.065 19.065 2 6 5
0.024682 19.045 19.045 2 6 5
0.024682 19.025 19.025 2 6 5
0.024682 19.0042 19.0042 2 6 5
0.024682 18.9846 18.9846 2 6 5
0.024682 18.9648 18.9648 2 6 5
0.024682 18.9447 18.9447 2 6 5
0.024682 18.9247 18.9247 2 6 5
0.024682 18.9047 18.9047 2 6 5
0.024682 18.8847 18.8847 2 6 5
0.024682 18.8647 18.8647 2 6 5
0.024682 18.8447 18.8447 2 6 5
0.024682 18.8247 18.8247 2 6 5
0.024682 18.8047 18.8047 2 6 5
0.024682 18.7847 18.7847 2 6 5
0.024682 18.7647 18.7647 2 6 5
0.024682 18.7447 18.7447 2 6 5
0.024682 18.7247 18.7247 2 6 5
0.024682 18.7047 18.7047 2 6 5
0.024682 18.6847 18.6847 2 6 5
0.024682 18.6647 18.6647 2 6 5
0.024682 18.6447 18.6447 2 6 5
0.024682 18.6247 18.6247 2 6 5
0.024682 18.6047 18.6047 2 6 5
0.024682 18.5847 18.5847 2 6 5
0.024682 18.5647 18.5647 2 6 5
0.024682 18.5447 18.5447 2 6 5
0.024682 18.5247 18.5247 2 6 5
0.024682 18.5047 18.5047 2 6 5
0.024682 18.4847 18.4847 2 6 5
0.024682 18.4647 18.4647 2 6 5
0.024682 18.4447 18.4447 2 6 5
0.024682 18.4247 18.4247 2 6 5
0.024682 18.4046 18.4046 2 6 5
0.024682 18.3846 18.3846 2 6 5
0.024682 18.3647 18.3647 2 6 5
0.024682 18.3446 18.3446 2 6 5
0.024682 18.3246 18.3246 2 6 5
0.024682 18.3046 18.3046 2 6 5
0.024682 18.2846 18.2846 2 6 5
0.024682 18.2646 18.2646 2 6 5
0.024682 18.2446 18.2446 2 6 5
0.024682 18.2246 18.2246 2 6 5
0.024682 18.2046 18.2046 2 6 5
0.024682 18.1846 18.1846 2 6 5
0.024682 18.1646 18.1646 2 6 5
0.024682 18.1446 18.1446 2 6 5
0.024682 18.1246 18.1246 2 6 5
0.024682 18.1046 18.1046 2 6 5
0.024682 18.0846 18.0846 2 6 5
0.024682 18.0646 18.0646 2 6 5
0.024682 18.0446 18.0446 2 6 5
0.024682 18.0246 18.0246 2 6 5
0.024682 18.0046 18.0046 2 6 5
0.024682 17.9846 17.9846 2 6 5
0.024682 17.9646 17.9646 2 6 5
0.024682 17.9446 17.9446 2 6 5
0.024682 17.9246 17.9246 2 6 5
0.024682 17.9046 17.9046 2 6 5
0.024682 17.8846 17.8846 2 6 5
0.024682 17.8646 17.8646 2 6 5
0.024682 17.8446 17.8446 2 6 5
0.024682 17.8246 17.8246 2 6 5
0.024682 17.8046 17.8046 2 6 5
0.024682 17.7846 17.7846 2 6 5
0.024682 17.7646 17.7646 2 6 5
0.024682 17.7446 17.7446 2 6 5
0.024682 17.7246 17.7246 2 6 5
0.024682 17.7046 17.7046 2 6 5
0.024682 17.6846 17.6846 2 6 5
0.024682 17.6646 17.6646 2 6 5
0.024682 17.6446 17.6446 2 6 5
0.024682 17.6246 17.6246 2 6 5
0.024682 17.6046 17.6046 2 6 5
0.024682 17.5846 17.5846 2 6 5
0.024682 17.5646 17.5646 2 6 5
0.024682 17.5446 17.5446 2 6 5
0.024682 17.5246 17.5246 2 6 5
0.024682 17.5046 17.5046 2 6 5
0.024682 17.4846 17.4846 2 6 5
0.024682 17.4646 17.4646 2 6 5
0.024682 17.4446 17.4446 2 6 5
0.024682 17.4246 17.4246 2 6 5
0.024682 17.4046 17.4046 2 6 5
0.024682 17.3846 17.3846 2 6 5
0.024682 17.3646 17.3646 2 6 5
0.024682 17.3446 17.3446 2 6 5
0.024682 17.3246 17.3246 2 6 5
0.024682 17.3046 17.3046 2 6 5
0.024682 17.2846 17.2846 2 6 5
0.024682 17.2646 17.2646 2 6 5
0.024682 17.2446 17.2446 2 6 5
0.024682 17.2246 17.2246 2 6 5
0.024682 17.2046 17.2046 2 6 5
0.024682 17.1846 17.1846 2 6 5
0.024682 17.1646 17.1646 2 6 5
0.024682 17.1446 17.1446 2 6 5
0.024682 17.1246 17.1246 2 6 5
0.024682 17.1046 17.1046 2 6 5
0.024682 17.0846 17.0846 2 6 5
0.024682 17.0646 17.0646 2 6 5
0.024682 17.0446 17.0446 2 6 5
0.024682 17.0246 17.0246 2 6 5
0.024682 17.0046 17.0046 2 6 5
0.024682 16.9846 16.9846 2 6 5
0.024682 16.9646 16.9646 2 6 5
0.024682 16.9446 16.9446 2 6 5
0.024682 16.9246 16.9246 2 6 5
0.024682 16.9046 16.9046 2 6 5
0.024682 16.8846 16.8846 2 6 5
0.024682 16.8646 16.8646 2 6 5
0.024682 16.8446 16.8446 2 6 5
0.024682 16.8246 16.8246 2 6 5
0.024682 16.8046 16.8046 2 6 5
0.024682 16.7846 16.7846 2 6 5
0.024682 16.7646 16.7646 2 6 5
0.024682 16.7446 16.7446 2 6 5
0.024682 16.7246 16.7246 2 6 5
0.024682 16.7046 16.7046 2 6 5
0.024682 16.6846 16.6846 2 6 5
0.024682 16.6646 16.6646 2 6 5
0.024682 16.6446 16.6446 2 6 5
0.024682 16.6246 16.6246 2 6 5
0.024682 16.6046 16.6046 2 6 5
0.024682 16.5846 16.5846 2 6 5
0.024682 16.5646 16.5646 2 6 5
0.024682 16.5446 16.5446 2 6 5
0.024682 16.5246 16.5246 2 6 5
0.024682 16.5046 16.5046 2 6 5
0.024682 16.4846 16.4846 2 6 5
0.024682 16.4646 16.4646 2 6 5
0.024682 16.4446 16.4446 2 6 5
0.024682 16.4246 16.4246 2 6 5
0.024682 16.4046 16.4046 2 6 5
0.024682 16.3846 16.3846 2 6 5
0.024682 16.3646 16.3646 2 6 5
0.024682 16.3446 16.3446 2 6 5
0.024682 16.3246 16.3246 2 6 5
0.024682 16.3046 16.3046 2 6 5
0.024682 16.2846 16.2846 2 6 5
0.024682 16.2646 16.2646 2 6 5
0.024682 16.2446 16.2446 2 6 5
0.024682 16.2246 16.2246 2 6 5
0.024682 16.2046 16.2046 2 6 5
0.024682 16.1846 16.1846 2 6 5
0.024682 16.1646 16.1646 2 6 5
0.024682 16.1446 16.1446 2 6 5
0.024682 16.1246 16.1246 2 6 5
0.024682 16.1046 16.1046 2 6 5
0.024682 16.0846 16.0846 2 6 5
0.024682 16.0646 16.0646 2 6 5
0.024682 16.0446 16.0446 2 6 5
0.024682 16.0246 16.0246 2 6 5
0.024682 16.0046 16.0046 2 6 5
0.024682 15.9846 15.9846 2 6 5
0.024682 15.9646 15.9646 2 6 5
0.024682 15.9446 15.9446 2 6 5
0.024682 15.9246 15.9246 2 6 5
0.024682 15.9046 15.9046 2 6 5
0.024682 15.8846 15.8846 2 6 5
0.024682 15.8646 15.8646 2 6 5
0.024682 15.8446 15.8446 2 6 5
0.024682 15.8246 15.8246 2 6 5
0.024682 15.8046 15.8046 2 6 5
0.024682 15.7846 15.7846 2 6 5
0.024682 15.7646 15.7646 2 6 5
0.024682 15.7446 15.7446 2 6 5
0.024682 15.7246 15.7246 2 6 5
0.024682 15.7046 15.7046 2 6 5
0.024682 15.6846 15.6846 2 6 5
0.024682 15.6646 15.6646 2 6 5
0.024682 15.6446 15.6446 2 6 5
0.024682 15.6246 15.6246 2 6 5
0.024682 15.6046 15.6046 2 6 5
0.024682 15.5846 15.5846 2 6 5
0.024682 15.5646 15.5646 2 6 5
0.024682 15.5446 15.5446 2 6 5
0.024682 15.5246 15.5246 2 6 5
0.024682 15.5046 15.5046 2 6 5
0.024682 15.4846 15.4846 2 6 5
0.024682 15.4646 15.4646 2 6 5
0.024682 15.4446 15.4446 2 6 5
0.024682 15.4246 15.4246 2 6 5
0.024682 15.4046 15.4046 2 6 5
0.024682 15.3846 15.3846 2 6 5
0.024682 15.3646 15.3646 2 6 5
0.024682 15.3446 15.3446 2 6 5
0.024682 15.3246 15.3246 2 6 5
0.024682 15.3046 15.3046 2 6 5
0.024682 15.2846 15.2846 2 6 5
0.024682 15.2646 15.2646 2 6 5
0.024682 15.2446 15.2446 2 6 5
0.024682 15.2246 15.2246 2 6 5
0.024682 15.2046 15.2046 2 6 5
0.024682 15.1846 15.1846 2 6 5
0.024682 15.1646 15.1646 2 6 5
0.024682 15.1446 15.1446 2 6 5
0.024682 15.1246 15.1246 2 6 5
0.024682 15.1046 15.1046 2 6 5
0.024682 15.0846 15.0846 2 6 5
0.024682 15.0646 15.0646 2 6 5
0.024682 15.0446 15.0446 2 6 5
0.024682 15.0246 15.0246 2 6 5
0.024682 15.0046 15.0046 2 6 5
0.024682 14.9846 14.9846 2 6 5
0.024682 14.9646 14.9646 2 6 5
0.024682 14.9446 14.9446 2 6 5
0.024682 14.9246 14.9246 2 6 5
0.024682 14.9046 14.9046 2 6 5
0.024682 14.8846 14.8846 2 6 5
0.024682 14.8646 14.8646 2 6 5
0.024682 14.8446 14.8446 2 6 5
0.024682 14.8246 14.8246 2 6 5
0.024682 14.8045 14.8045 2 6 5
0.024682 14.7845 14.7845 2 6 5
0.024682 14.7646 14.7646 2 6 5
0.024682 14.7445 14.7445 2 6 5
0.024682 14.7245 14.7245 2 6 5
0.024682 14.7045 14.7045 2 6 5
0.024682 14.6845 14.6845 2 6 5
0.024682 14.6645 14.6645 2 6 5
0.024682 14.6445 14.6445 2 6 5
0.024682 14.6245 14.6245 2 6 5
0.024682 14.6045 14.6045 2 6 5
0.024682 14.5845 14.5845 2 6 5
0.024682 14.5646 14.5646 2 6 5
0.024682 14.5445 14.5445 2 6 5
0.024682 14.5245 14.5245 2 6 5
0.024682 14.5045 14.5045 2 6 5
0.024682 14.4845 14.4845 2 6 5
0.024682 14.4645 14.4645 2 6 5
0.024682 14.4445 14.4445 2 6 5
0.024682 14.4245 14.4245 2 6 5
0.024682 14.4045 14.4045 2 6 5
0.024682 14.3845 14.3845 2 6 5
0.024682 14.3645 14.3645 2 6 5
0.024682 14.3445 14.3445 2 6 5
0.024682 14.3245 14.3245 2 6 5
0.024682 14.3045 14.3045 2 6 5
0.024682 14.2845 14.2845 2 6 5
0.024682 14.2645 14.2645 2 6 5
0.024682 14.2445 14.2445 2 6 5
0.024682 14.2245 14.2245 2 6 5
0.024682 14.2045 14.2045 2 6 5
0.024682 14.1845 14.1845 2 6 5
0.024682 14.1645 14.1645 2 6 5
0.024682 14.1445 14.1445 2 6 5
0.024682 14.1245 14.1245 2 6 5
0.024682 14.1045 14.1045 2 6 5
0.024682 14.0845 14.0845 2 6 5
0.024682 14.0645 14.0645 2 6 5
0.024682 14.0445 14.0445 2 6 5
0.024682 14.0245 14.0245 2 6 5
0.024682 14.0045 14.0045 2 6 5
0.024682 13.9845 13.9845 2 6 5
0.024682 13.9645 13.9645 2 6 5
0.024682 13.9445 13.9445 2 6 5
0.024682 13.9245 13.9245 2 6 5
0.024682 13.9045 13.9045 2 6 5
0.024682 13.8845 13.8845 2 6 5
0.024682 13.8645 13.8645 2 6 5
0.024682 13.8445 13.8445 2 6 5
0.024682 13.8245 13.8245 2 6 5
0.024682 13.8045 13.8045 2 6 5
0.024682 13.7845 13.7845 2 6 5
0.024682 13.7645 13.7645 2 6 5
0.024682 13.7445 13.7445 2 6 5
0.024682 13.7245 13.7245 2 6 5
0.024682 13.7045 13.7045 2 6 5
0.024682 13.6845 13.6845 2 6 5
0.024682 13.6645 13.6645 2 6 5
0.024682 13.6445 13.6445 2 6 5
0.024682 13.6245 13.6245 2 6 5
0.024682 13.6045 13.6045 2 6 5
0.024682 13.5845 13.5845 2 6 5
0.024682 13.5645 13.5645 2 6 5
0.024682 13.5445 13.5445 2 6 5
0.024682 13.5245 13.5245 2 6 5
0.024682 13.5045 13.5045 2 6 5
0.024682 13.4845 13.4845 2 6 5
0.024682 13.4645 13.4645 2 6 5
0.024682 13.4445 13.4445 2 6 5
0.024682 13.4245 13.4245 2 6 5
0.024682 13.4045 13.4045 2 6 5
0.024682 13.3845 13.3845 2 6 5
0.024682 13.3645 13.3645 2 6 5
0.024682 13.3445 13.3445 2 6 5
0.024682 13.324 13.324 2 6 5
0.024682 13.3043 13.3043 2 6 5
0.024682 13.2844 13.2844 2 6 5
0.024682 13.2643 13.2643 2 6 5
0.024682 13.2443 13.2443 2 6 5
0.024682 13.2243 13.2243 2 6 5
0.024682 13.2043 13.2043 2 6 5
0.024682 13.1843 13.1843 2 6 5
0.024682 13.1643 13.1643 2 6 5
0.024682 13.1443 13.1443 2 6 5
0.024682 13.1243 13.1243 2 6 5
0.024682 13.1043 13.1043 2 6 5
0.024682 13.0843 13.0843 2 6 5
0.024682 13.0643 13.0643 2 6 5
0.024682 13.0443 13.0443 2 6 5
0.024682 13.0243 13.0243 2 6 5
0.024682 13.0043 13.0043 2 6 5
0.024682 12.9843 12.9843 2 6 5
0.024682 12.9643 12.9643 2 6 5
0.024682 12.9443 12.9443 2 6 5
0.024682 12.9243 12.9243 2 6 5
0.024682 12.9043 12.9043 2 6 5
0.024682 12.8843 12.8843 2 6 5
0.024682 12.8643 12.8643 2 6 5
0.024682 12.8443 12.8443 2 6 5
0.024682 12.8243 12.8243 2 6 5
0.024682 12.8043 12.8043 2 6 5
0.024682 12.7843 12.7843 2 6 5
0.024682 12.7643 12.7643 2 6 5
0.024682 12.7443 12.7443 2 6 5
0.024682 12.7243 12.7243 2 6 5
0.024682 12.7043 12.7043 2 6 5
0.024682 12.6843 12.6843 2 6 5
0.024682 12.6643 12.6643 2 6 5
0.024682 12.6443 12.6443 2 6 5
0.024682 12.6243 12.6243 2 6 5
0.024682 12.6043 12.6043 2 6 5
0.024682 12.5843 12.5843 2 6 5
0.024682 12.5643 12.5643 2 6 5
0.024682 12.5443 12.5443 2 6 5
0.024682 12.5243 12.5243 2 6 5
0.024682 12.5043 12.5043 2 6 5
0.024682 12.4843 12.4843 2 6 5
0.024682 12.4643 12.4643 2 6 5
0.024682 12.4443 12.4443 2 6 5
0.024682 12.4243 12.4243 2 6 5
0.024682 12.4043 12.4043 2 6 5
0.024682 12.3843 12.3843 2 6 5
0.024682 12.3643 12.3643 2 6 5
0.024682 12.3443 12.3443 2 6 5
0.024682 12.3243 12.3243 2 6 5
0.024682 12.3043 12.3043 2 6 5
0.024682 12.2843 12.2843 2 6 5
0.024682 12.2643 12.2643 2 6 5
0.024682 12.2443 12.2443 2 6 5
0.024682 12.2243 12.2243 2 6 5
0.024682 12.2043 12.2043 2 6 5
0.024682 12.1843 12.1843 2 6 5
0.024682 12.1643 12.1643 2 6 5
0.024682 12.1443 12.1443 2 6 5
0.024682 12.1243 12.1243 2 6 5
0.024682 12.1043 12.1043 2 6 5
0.024682 12.0843 12.0843 2 6 5
0.024682 12.0643 12.0643 2 6 5
0.024682 12.0443 12.0443 2 6 5
0.024682 12.0243 12.0243 2 6 5
0.024682 12.004 12.004 2 6 5
0.024682 11.9842 11.9842 2 6 5
0.024682 11.9642 11.9642 2 6 5
0.024682 11.9442 11.9442 2 6 5
0.024682 11.9242 11.9242 2 6 5
0.024682 11.9042 11.9042 2 6 5
0.024682 11.8842 11.8842 2 6 5
0.024682 11.8642 11.8642 2 6 5
0.024682 11.8442 11.8442 2 6 5
0.024682 11.8242 11.8242 2 6 5
0.024682 11.8042 11.8042 2 6 5
0.024682 11.7842 11.7842 2 6 5
0.024682 11.7642 11.7642 2 6 5
0.024682 11.7442 11.7442 2 6 5
0.024682 11.7242 11.7242 2 6 5
0.024682 11.7042 11.7042 2 6 5
0.024682 11.6842 11.6842 2 6 5
0.024682 11.6642 11.6642 2 6 5
0.024682 11.6442 11.6442 2 6 5
0.024682 11.6242 11.6242 2 6 5
0.024682 11.6042 11.6042 2 6 5
0.024682 11.5842 11.5842 2 6 5
0.024682 11.5642 11.5642 2 6 5
0.024682 11.5442 11.5442 2 6 5
0.024682 11.5242 11.5242 2 6 5
0.024682 11.5042 11.5042 2 6 5
0.024682 11.4842 11.4842 2 6 5
0.024682 11.4642 11.4642 2 6 5
0.024682 11.4442 11.4442 2 6 5
0.024682 11.4242 11.4242 2 6 5
0.024682 11.4042 11.4042 2 6 5
0.024682 11.3842 11.3842 2 6 5
0.024682 11.3642 11.3642 2 6 5
0.024682 11.3442 11.3442 2 6 5
0.024682 11.3242 11.3242 2 6 5
0.024682 11.3042 11.3042 2 6 5
0.024682 11.2842 11.2842 2 6 5
0.024682 11.2642 11.2642 2 6 5
0.024682 11.2442 11.2442 2 6 5
0.024682 11.2239 11.2239 2 6 5
0.024682 11.204 11.204 2 6 5
0.024682 11.1841 11.1841 2 6 5
0.024682 11.1641 11.1641 2 6 5
0.024682 11.1441 11.1441 2 6 5
0.024682 11.1241 11.1241 2 6 5
0.024682 11.1041 11.1041 2 6 5
0.024682 11.0841 11.0841 2 6 5
0.024682 11.0641 11.0641 2 6 5
0.024682 11.0441 11.0441 2 6 5
0.024682 11.0241 11.0241 2 6 5
0.024682 11.004 11.004 2 6 5
0.024682 10.9841 10.9841 2 6 5
0.024682 10.9639 10.9639 2 6 5
0.024682 10.944 10.944 2 6 5
0.024682 10.924 10.924 2 6 5
0.024682 10.904 10.904 2 6 5
0.024682 10.884 10.884 2 6 5
0.024682 10.864 10.864 2 6 5
0.024682 10.844 10.844 2 6 5
0.024682 10.824 10.824 2 6 5
0.024682 10.804 10.804 2 6 5
0.024682 10.784 10.784 2 6 5
0.024682 10.764 10.764 2 6 5
0.024682 10.744 10.744 2 6 5
0.024682 10.7239 10.7239 2 6 5
0.024682 10.7039 10.7039 2 6 5
0.024682 10.684 10.684 2 6 5
0.024682 10.6639 10.6639 2 6 5
0.024682 10.6439 10.6439 2 6 5
0.024682 10.6239 10.6239 2 6 5
0.024682 10.6039 10.6039 2 6 5
0.024682 10.584 10.584 2 6 5
0.024682 10.5639 10.5639 2 6 5
0.024682 10.5439 10.5439 2 6 5
0.024682 10.5239 10.5239 2 6 5
0.024682 10.5039 10.5039 2 6 5
0.024682 10.4839 10.4839 2 6 5
0.024682 10.4639 10.4639 2 6 5
0.024682 10.4439 10.4439 2 6 5
0.024682 10.4239 10.4239 2 6 5
0.024682 10.4039 10.4039 2 6 5
0.024682 10.3839 10.3839 2 6 5
0.024682 10.3639 10.3639 2 6 5
0.024682 10.3439 10.3439 2 6 5
0.024682 10.3239 10.3239 2 6 5
0.024682 10.3039 10.3039 2 6 5
0.024682 10.2839 10.2839 2 6 5
0.024682 10.2639 10.2639 2 6 5
0.024682 10.2439 10.2439 2 6 5
0.024682 10.2239 10.2239 2 6 5
0.024682 10.2039 10.2039 2 6 5
0.024682 10.1839 10.1839 2 6 5
0.024682 10.1639 10.1639 2 6 5
0.024682 10.1439 10.1439 2 6 5
0.024682 10.1239 10.1239 2 6 5
0.024682 10.1039 10.1039 2 6 5
0.024682 10.0839 10.0839 2 6 5
0.024682 10.0639 10.0639 2 6 5
0.024682 10.0439 10.0439 2 6 5
0.024682 10.0239 10.0239 2 6 5
0.024682 10.0039 10.0039 2 6 5
0.024682 9.98392 9.98392 2 6 5
0.024682 9.96392 9.96392 2 6 5
0.024682 9.94392 9.94392 2 6 5
0.024682 9.92392 9.92392 2 6 5
0.024682 9.90392 9.90392 2 6 5
0.024682 9.88392 9.88392 2 6 5
0.024682 9.86392 9.86392 2 6 5
0.024682 9.84392 9.84392 2 6 5
0.024682 9.82392 9.82392 2 6 5
0.024682 9.80392 9.80392 2 6 5
0.024682 9.78392 9.78392 2 6 5
0.024682 9.76392 9.76392 2 6 5
0.024682 9.74392 9.74392 2 6 5
0.024682 9.72392 9.72392 2 6 5
0.024682 9.70393 9.70393 2 6 5
0.024682 9.68386 9.68386 2 6 5
0.024682 9.6639 9.6639 2 6 5
0.024682 9.64391 9.64391 2 6 5
0.024682 9.6239 9.6239 2 6 5
0.024682 9.6039 9.6039 2 6 5
0.024682 9.5839 9.5839 2 6 5
0.024682 9.5639 9.5639 2 6 5
0.024682 9.5439 9.5439 2 6 5
0.024682 9.52389 9.52389 2 6 5
0.024682 9.5039 9.5039 2 6 5
0.024682 9.4839 9.4839 2 6 5
0.024682 9.4639 9.4639 2 6 5
0.024682 9.4439 9.4439 2 6 5
0.024682 9.4239 9.4239 2 6 5
0.024682 9.4039 9.4039 2 6 5
0.024682 9.3839 9.3839 2 6 5
0.024682 9.3639 9.3639 2 6 5
0.024682 9.3439 9.3439 2 6 5
0.024682 9.32388 9.32388 2 6 5
0.024682 9.30391 9.30391 2 6 5
0.024682 9.28387 9.28387 2 6 5
0.024682 9.26387 9.26387 2 6 5
0.024682 9.24388 9.24388 2 6 5
0.024682 9.22389 9.22389 2 6 5
0.024682 9.20387 9.20387 2 6 5
0.024682 9.18388 9.18388 2 6 5
0.024682 9.16388 9.16388 2 6 5
0.024682 9.14383 9.14383 2 6 5
0.024682 9.12387 9.12387 2 6 5
0.024682 9.10387 9.10387 2 6 5
0.024682 9.08386 9.08386 2 6 5
0.024682 9.06386 9.06386 2 6 5
0.024682 9.04386 9.04386 2 6 5
0.024682 9.02386 9.02386 2 6 5
0.024682 9.00387 9.00387 2 6 5
0.024682 8.98385 8.98385 2 6 5
0.024682 8.96386 8.96386 2 6 5
0.024682 8.94386 8.94386 2 6 5
0.024682 8.92386 8.92386 2 6 5
0.024682 8.90386 8.90386 2 6 5
0.024682 8.88386 8.88386 2 6 5
0.024682 8.86386 8.86386 2 6 5
0.024682 8.84386 8.84386 2 6 5
0.024682 8.82386 8.82386 2 6 5
0.024682 8.80386 8.80386 2 6 5
0.024682 8.78385 8.78385 2 6 5
0.024682 8.76385 8.76385 2 6 5
0.024682 8.74385 8.74385 2 6 5
0.024682 8.72385 8.72385 2 6 5
0.024682 8.70386 8.70386 2 6 5
0.024682 8.68386 8.68386 2 6 5
0.024682 8.66385 8.66385 2 6 5
0.024682 8.64385 8.64385 2 6 5
0.024682 8.62385 8.62385 2 6 5
0.024682 8.60385 8.60385 2 6 5
0.024682 8.58385 8.58385 2 6 5
0.024682 8.56385 8.56385 2 6 5
0.024682 8.54386 8.54386 2 6 5
0.024682 8.52383 8.52383 2 6 5
0.024682 8.50384 8.50384 2 6 5
0.024682 8.48385 8.48385 2 6 5
0.024682 8.46384 8.46384 2 6 5
0.024682 8.44384 8.44384 2 6 5
0.024682 8.42384 8.42384 2 6 5
0.024682 8.40384 8.40384 2 6 5
0.024682 8.38384 8.38384 2 6 5
0.024682 8.36384 8.36384 2 6 5
0.024682 8.34384 8.34384 2 6 5
0.024682 8.32385 8.32385 2 6 5
0.024682 8.30384 8.30384 2 6 5
0.024682 8.28384 8.28384 2 6 5
0.024682 8.26383 8.26383 2 6 5
0.024682 8.24384 8.24384 2 6 5
0.024682 8.22384 8.22384 2 6 5
0.024682 8.20384 8.20384 2 6 5
0.024682 8.18383 8.18383 2 6 5
0.024682 8.16383 8.16383 2 6 5
0.024682 8.14383 8.14383 2 6 5
0.024682 8.12383 8.12383 2 6 5
0.024682 8.10383 8.10383 2 6 5
0.024682 8.08383 8.08383 2 6 5
0.024682 8.06384 8.06384 2 6 5
0.024682 8.04381 8.04381 2 6 5
0.024682 8.02383 8.02383 2 6 5
0.024682 8.00383 8.00383 2 6 5
0.024682 7.98383 7.98383 2 6 5
0.024682 7.96383 7.96383 2 6 5
0.024682 7.94383 7.94383 2 6 5
0.024682 7.92383 7.92383 2 6 5
0.024682 7.90383 7.90383 2 6 5
0.024682 7.88383 7.88383 2 6 5
0.024682 7.86383 7.86383 2 6 5
0.024682 7.84383 7.84383 2 6 5
0.024682 7.82381 7.82381 2 6 5
0.024682 7.80382 7.80382 2 6 5
0.024682 7.78382 7.78382 2 6 5
0.024682 7.76382 7.76382 2 6 5
0.024682 7.74382 7.74382 2 6 5
0.024682 7.72382 7.72382 2 6 5
0.024682 7.70382 7.70382 2 6 5
0.024682 7.68382 7.68382 2 6 5
0.024682 7.66382 7.66382 2 6 5
0.024682 7.6438 7.6438 2 6 5
0.024682 7.62379 7.62379 2 6 5
0.024682 7.6038 7.6038 2 6 5
0.024682 7.58381 7.58381 2 6 5
0.024682 7.56375 7.56375 2 6 5
0.024682 7.54381 7.54381 2 6 5
0.024682 7.52372 7.52372 2 6 5
0.024682 7.50375 7.50375 2 6 5
0.024682 7.48378 7.48378 2 6 5
0.024682 7.46366 7.46366 2 6 5
0.024682 7.44364 7.44364 2 6 5
0.024682 7.42368 7.42368 2 6 5
0.024682 7.4037 7.4037 2 6 5
0.024682 7.38364 7.38364 2 6 5
0.024682 7.36366 7.36366 2 6 5
0.024682 7.34366 7.34366 2 6 5
0.024682 7.32366 7.32366 2 6 5
0.024682 7.30367 7.30367 2 6 5
0.024682 7.28367 7.28367 2 6 5
0.024682 7.26364 7.26364 2 6 5
0.024682 7.24366 7.24366 2 6 5
0.024682 7.22366 7.22366 2 6 5
0.024682 7.20366 7.20366 2 6 5
0.024682 7.18366 7.18366 2 6 5
0.024682 7.16366 7.16366 2 6 5
0.024682 7.14366 7.14366 2 6 5
0.024682 7.12366 7.12366 2 6 5
0.024682 7.10366 7.10366 2 6 5
0.024682 7.08366 7.08366 2 6 5
0.024682 7.06364 7.06364 2 6 5
0.024682 7.04365 7.04365 2 6 5
0.024682 7.02364 7.02364 2 6 5
0.024682 7.00365 7.00365 2 6 5
0.024682 6.98365 6.98365 2 6 5
0.024682 6.96365 6.96365 2 6 5
0.024682 6.94366 6.94366 2 6 5
0.024682 6.92362 6.92362 2 6 5
0.024682 6.90364 6.90364 2 6 5
0.024682 6.88364 6.88364 2 6 5
0.024682 6.86364 6.86364 2 6 5
0.024682 6.84364 6.84364 2 6 5
0.024682 6.82364 6.82364 2 6 5
0.024682 6.80364 6.80364 2 6 5
0.024682 6.78364 6.78364 2 6 5
0.024682 6.76364 6.76364 2 6 5
0.024682 6.74365 6.74365 2 6 5
0.024682 6.7236 6.7236 2 6 5
0.024682 6.70363 6.70363 2 6 5
0.024682 6.68363 6.68363 2 6 5
0.024682 6.66363 6.66363 2 6 5
0.024682 6.64363 6.64363 2 6 5
0.024682 6.62363 6.62363 2 6 5
0.024682 6.60363 6.60363 2 6 5
0.024682 6.58363 6.58363 2 6 5
0.024682 6.56363 6.56363 2 6 5
0.024682 6.54365 6.54365 2 6 5
0.024682 6.52355 6.52355 2 6 5
0.024682 6.50352 6.50352 2 6 5
0.024682 6.48334 6.48334 2 6 5
0.024682 6.46353 6.46353 2 6 5
0.024682 6.44352 6.44352 2 6 5
0.024682 6.42348 6.42348 2 6 5
0.024682 6.40348 6.40348 2 6 5
0.024682 6.38349 6.38349 2 6 5
0.024682 6.3635 6.3635 2 6 5
0.024682 6.34339 6.34339 2 6 5
0.024682 6.32356 6.32356 2 6 5
0.024682 6.30361 6.30361 2 6 5
0.024682 6.28358 6.28358 2 6 5
0.024682 6.26356 6.26356 2 6 5
0.024682 6.24357 6.24357 2 6 5
0.024682 6.22358 6.22358 2 6 5
0.024682 6.20358 6.20358 2 6 5
0.024682 6.18362 6.18362 2 6 5
0.024682 6.16345 6.16345 2 6 5
0.024682 6.14357 6.14357 2 6 5
0.024682 6.12354 6.12354 2 6 5
0.024682 6.10352 6.10352 2 6 5
0.024682 6.08353 6.08353 2 6 5
0.024682 6.06354 6.06354 2 6 5
0.024682 6.04355 6.04355 2 6 5
0.024682 6.02348 6.02348 2 6 5
0.024682 6.00348 6.00348 2 6 5
0.024682 5.98348 5.98348 2 6 5
0.024682 5.9635 5.9635 2 6 5
0.024682 5.9435 5.9435 2 6 5
0.024682 5.92356 5.92356 2 6 5
0.024682 5.90336 5.90336 2 6 5
0.024682 5.8835 5.8835 2 6 5
0.024682 5.86346 5.86346 2 6 5
0.024682 5.84344 5.84344 2 6 5
0.024682 5.82345 5.82345 2 6 5
0.024682 5.80346 5.80346 2 6 5
0.024682 5.78347 5.78347 2 6 5
0.024682 5.76341 5.76341 2 6 5
0.024682 5.74343 5.74343 2 6 5
0.024682 5.72342 5.72342 2 6 5
0.024682 5.70343 5.70343 2 6 5
0.024682 5.68343 5.68343 2 6 5
0.024682 5.66344 5.66344 2 6 5
0.024682 5.64346 5.64346 2 6 5
0.024682 5.62334 5.62334 2 6 5
0.024682 5.60341 5.60341 2 6 5
0.024682 5.58341 5.58341 2 6 5
0.024682 5.56341 5.56341 2 6 5
0.024682 5.5434 5.5434 2 6 5
0.024682 5.52341 5.52341 2 6 5
0.024682 5.50341 5.50341 2 6 5
0.024682 5.48341 5.48341 2 6 5
0.024682 5.46341 5.46341 2 6 5
0.024682 5.44335 5.44335 2 6 5
0.024682 5.42348 5.42348 2 6 5
0.024682 5.40331 5.40331 2 6 5
0.024682 5.38335 5.38335 2 6 5
0.024682 5.3634 5.3634 2 6 5
0.024682 5.34342 5.34342 2 6 5
0.024682 5.32331 5.32331 2 6 5
0.024682 5.30336 5.30336 2 6 5
0.024682 5.28336 5.28336 2 6 5
0.024682 5.26336 5.26336 2 6 5
0.024682 5.24336 5.24336 2 6 5
0.024682 5.22336 5.22336 2 6 5
0.024682 5.20336 5.20336 2 6 5
0.024682 5.18336 5.18336 2 6 5
0.024682 5.16338 5.16338 2 6 5
0.024682 5.14325 5.14325 2 6 5
0.024682 5.12333 5.12333 2 6 5
0.024682 5.10333 5.10333 2 6 5
0.024682 5.08332 5.08332 2 6 5
0.024682 5.06332 5.06332 2 6 5
0.024682 5.04332 5.04332 2 6 5
0.024682 5.02333 5.02333 2 6 5
0.024682 5.00333 5.00333 2 6 5
0.024682 4.98337 4.98337 2 6 5
0.024682 4.96323 4.96323 2 6 5
0.024682 4.94336 4.94336 2 6 5
0.024682 4.92337 4.92337 2 6 5
0.024682 4.90335 4.90335 2 6 5
0.024682 4.88334 4.88334 2 6 5
0.024682 4.86335 4.86335 2 6 5
0.024682 4.84335 4.84335 2 6 5
0.024682 4.82336 4.82336 2 6 5
0.024682 4.8033 4.8033 2 6 5
0.024682 4.78341 4.78341 2 6 5
0.024682 4.76337 4.76337 2 6 5
0.024682 4.74336 4.74336 2 6 5
0.024682 4.72337 4.72337 2 6 5
0.024682 4.70338 4.70338 2 6 5
0.024682 4.68339 4.68339 2 6 5
0.0246821 4.66333 4.66333 2 6 5
0.0246821 4.64344 4.64344 2 6 5
0.0246821 4.62344 4.62344 2 6 5
0.0246821 4.60343 4.60343 2 6 5
0.0246821 4.58342 4.58342 2 6 5
0.0246821 4.56343 4.56343 2 6 5
0.0246821 4.54343 4.54343 2 6 5
0.0246821 4.52343 4.52343 2 6 5
0.0246821 4.50339 4.50339 2 6 5
0.0246821 4.48336 4.48336 2 6 5
0.0246821 4.46348 4.46348 2 6 5
0.0246821 4.44347 4.44347 2 6 5
0.0246821 4.42345 4.42345 2 6 5
0.0246821 4.40345 4.40345 2 6 5
0.0246821 4.38346 4.38346 2 6 5
0.0246821 4.36346 4.36346 2 6 5
0.0246821 4.34346 4.34346 2 6 5
0.0246821 4.3234 4.3234 2 6 5
0.0246821 4.30354 4.30354 2 6 5
0.0246822 4.28351 4.28351 2 6 5
0.0246822 4.26349 4.26349 2 6 5
0.0246822 4.2435 4.2435 2 6 5
0.0246822 4.2235 4.2235 2 6 5
0.0246822 4.20351 4.20351 2 6 5
0.0246822 4.18346 4.18346 2 6 5
0.0246822 4.16342 4.16342 2 6 5
0.0246822 4.14358 4.14358 2 6 5
0.0246822 4.12357 4.12357 2 6 5
0.0246822 4.10353 4.10353 2 6 5
0.0246823 4.08353 4.08353 2 6 5
0.0246823 4.06354 4.06354 2 6 5
0.0246823 4.04355 4.04355 2 6 5
0.0246823 4.02355 4.02355 2 6 5
0.0246823 4.00347 4.00347 2 6 5
0.0246823 3.98365 3.98365 2 6 5
0.0246824 3.96362 3.96362 2 6 5
0.0246824 3.94359 3.94359 2 6 5
0.0246824 3.9236 3.9236 2 6 5
0.0246824 3.90361 3.90361 2 6 5
0.0246824 3.88362 3.88362 2 6 5
0.0246825 3.86358 3.86358 2 6 5
0.0246825 3.8437 3.8437 2 6 5
0.0246825 3.82372 3.82372 2 6 5
0.0246825 3.80365 3.80365 2 6 5
0.0246826 3.78362 3.78362 2 6 5
0.0246826 3.76364 3.76364 2 6 5
0.0246826 3.74366 3.74366 2 6 5
0.0246827 3.72367 3.72367 2 6 5
0.0246827 3.70355 3.70355 2 6 5
0.0246827 3.68379 3.68379 2 6 5
0.0246828 3.66376 3.66376 2 6 5
0.0246828 3.64372 3.64372 2 6 5
0.0246828 3.62373 3.62373 2 6 5
0.0246829 3.60374 3.60374 2 6 5
0.0246829 3.58375 3.58375 2 6 5
0.024683 3.56376 3.56376 2 6 5
0.024683 3.54363 3.54363 2 6 5
0.0246831 3.52392 3.52392 2 6 5
0.0246831 3.50388 3.50388 2 6 5
0.0246832 3.48383 3.48383 2 6 5
0.0246833 3.46384 3.46384 2 6 5
0.0246834 3.44385 3.44385 2 6 5
0.0246834 3.42386 3.42386 2 6 5
0.0246835 3.40387 3.40387 2 6 5
0.0246836 3.38371 3.38371 2 6 5
0.0246837 3.36406 3.36406 2 6 5
0.0246838 3.34402 3.34402 2 6 5
0.0246839 3.32396 3.32396 2 6 5
0.024684 3.30397 3.30397 2 6 5
0.0246841 3.28399 3.28399 2 6 5
0.0246842 3.264 3.264 2 6 5
0.0246843 3.24401 3.24401 2 6 5
0.0246845 3.22382 3.22382 2 6 5
9.46757 0.6 0.6 2 6 5
9.50757 0.599718 0.599718 2 6 5
9.52757 0.599578 0.599578 2 6 5
9.54757 0.599438 0.599438 2 6 5
9.56757 0.599298 0.599298 2 6 5
9.58757 0.599158 0.599158 2 6 5
9.60757 0.599019 0.599019 2 6 5
9.62757 0.598881 0.598881 2 6 5
9.64757 0.598742 0.598742 2 6 5
9.66757 0.598604 0.598604 2 6 5
9.68757 0.598466 0.598466 2 6 5
9.70757 0.598329 0.598329 2 6 5
9.72757 0.598192 0.598192 2 6 5
9.74757 0.598055 0.598055 2 6 5
9.76757 0.597918 0.597918 2 6 5
9.78757 0.597782 0.597782 2 6 5
9.80756 0.597646 0.597646 2 6 5
9.82756 0.597511 0.597511 2 6 5
9.84756 0.597375 0.597375 2 6 5
9.86756 0.59724 0.59724 2 6 5
9.88756 0.597106 0.597106 2 6 5
9.90756 0.596971 0.596971 2 6 5
9.92756 0.596837 0.596837 2 6 5
9.94756 0.596704 0.596704 2 6 5
9.96756 0.596573 0.596573 2 6 5
9.98756 0.596438 0.596438 2 6 5
10.0076 0.596303 0.596303 2 6 5
10.0276 0.59617 0.59617 2 6 5
10.0476 0.596038 0.596038 2 6 5
10.0676 0.595907 0.595907 2 6 5
10.0876 0.595775 0.595775 2 6 5
10.1076 0.595644 0.595644 2 6 5
10.1276 0.595514 0.595514 2 6 5
10.1476 0.595382 0.595382 2 6 5
10.1676 0.595251 0.595251 2 6 5
10.1876 0.595121 0.595121 2 6 5
10.2076 0.594991 0.594991 2 6 5
10.2276 0.594861 0.594861 2 6 5
10.2476 0.594732 0.594732 2 6 5
10.2676 0.594603 0.594603 2 6 5
10.2876 0.594474 0.594474 2 6 5
10.3076 0.594345 0.594345 2 6 5
10.3276 0.594217 0.594217 2 6 5
10.3476 0.594089 0.594089 2 6 5
10.3676 0.593963 0.593963 2 6 5
10.3876 0.593834 0.593834 2 6 5
10.4076 0.593706 0.593706 2 6 5
10.4276 0.593579 0.593579 2 6 5
10.4476 0.593452 0.593452 2 6 5
10.4676 0.593326 0.593326 2 6 5
10.4876 0.593201 0.593201 2 6 5
10.5075 0.593075 0.593075 2 6 5
10.5275 0.592949 0.592949 2 6 5
10.5475 0.592823 0.592823 2 6 5
10.5675 0.592698 0.592698 2 6 5
10.5875 0.592574 0.592574 2 6 5
10.6075 0.592449 0.592449 2 6 5
10.6275 0.592325 0.592325 2 6 5
10.6475 0.592201 0.592201 2 6 5
10.6675 0.592076 0.592076 2 6 5
10.6875 0.591953 0.591953 2 6 5
10.7075 0.59183 0.59183 2 6 5
10.7275 0.591708 0.591708 2 6 5
10.7475 0.591585 0.591585 2 6 5
10.7675 0.591462 0.591462 2 6 5
10.7875 0.59134 0.59134 2 6 5
10.8075 0.591218 0.591218 2 6 5
10.8275 0.591097 0.591097 2 6 5
10.8475 0.590975 0.590975 2 6 5
10.8675 0.590854 0.590854 2 6 5
10.8875 0.590733 0.590733 2 6 5
10.9075 0.590612 0.590612 2 6 5
10.9275 0.590491 0.590491 2 6 5
10.9475 0.590371 0.590371 2 6 5
10.9675 0.590251 0.590251 2 6 5
10.9875 0.590132 0.590132 2 6 5
11.0075 0.590012 0.590012 2 6 5
11.0275 0.589893 0.589893 2 6 5
11.0475 0.589774 0.589774 2 6 5
11.0675 0.589654 0.589654 2 6 5
11.0875 0.589536 0.589536 2 6 5
11.1075 0.589418 0.589418 2 6 5
11.1275 0.5893 0.5893 2 6 5
11.1475 0.589183 0.589183 2 6 5
11.1675 0.589065 0.589065 2 6 5
11.1875 0.588948 0.588948 2 6 5
11.2075 0.58883 0.58883 2 6 5
11.2275 0.588714 0.588714 2 6 5
11.2475 0.588597 0.588597 2 6 5
11.2675 0.58848 0.58848 2 6 5
11.2875 0.588364 0.588364 2 6 5
11.3075 0.588248 0.588248 2 6 5
11.3275 0.588132 0.588132 2 6 5
11.3475 0.588017 0.588017 2 6 5
11.3675 0.587902 0.587902 2 6 5
11.3875 0.587787 0.587787 2 6 5
11.4075 0.587672 0.587672 2 6 5
11.4275 0.587557 0.587557 2 6 5
11.4475 0.587443 0.587443 2 6 5
11.4675 0.587329 0.587329 2 6 5
11.4875 0.587215 0.587215 2 6 5
11.5075 0.587101 0.587101 2 6 5
11.5275 0.586988 0.586988 2 6 5
11.5475 0.586874 0.586874 2 6 5
11.5675 0.586761 0.586761 2 6 5
11.5875 0.586648 0.586648 2 6 5
11.6075 0.586535 0.586535 2 6 5
11.6275 0.586423 0.586423 2 6 5
11.6475 0.586311 0.586311 2 6 5
11.6675 0.586199 0.586199 2 6 5
11.6875 0.586087 0.586087 2 6 5
11.7075 0.585976 0.585976 2 6 5
11.7275 0.585865 0.585865 2 6 5
11.7475 0.585753 0.585753 2 6 5
11.7675 0.585642 0.585642 2 6 5
11.7875 0.585531 0.585531 2 6 5
11.8075 0.585421 0.585421 2 6 5
11.8275 0.585311 0.585311 2 6 5
11.8475 0.585201 0.585201 2 6 5
11.8675 0.585091 0.585091 2 6 5
11.8875 0.584981 0.584981 2 6 5
11.9075 0.584872 0.584872 2 6 5
11.9275 0.584763 0.584763 2 6 5
11.9475 0.584653 0.584653 2 6 5
11.9675 0.584544 0.584544 2 6 5
11.9875 0.584435 0.584435 2 6 5
12.0075 0.584327 0.584327 2 6 5
12.0275 0.584219 0.584219 2 6 5
12.0475 0.584111 0.584111 2 6 5
12.0675 0.584003 0.584003 2 6 5
12.0875 0.583895 0.583895 2 6 5
12.1075 0.583788 0.583788 2 6 5
12.1275 0.583681 0.583681 2 6 5
12.1475 0.583573 0.583573 2 6 5
12.1675 0.583466 0.583466 2 6 5
12.1875 0.58336 0.58336 2 6 5
12.2075 0.583253 0.583253 2 6 5
12.2275 0.583147 0.583147 2 6 5
12.2475 0.583042 0.583042 2 6 5
12.2675 0.582935 0.582935 2 6 5
12.2875 0.582829 0.582829 2 6 5
12.3075 0.582724 0.582724 2 6 5
12.3275 0.582618 0.582618 2 6 5
12.3475 0.582513 0.582513 2 6 5
12.3675 0.582409 0.582409 2 6 5
12.3875 0.582304 0.582304 2 6 5
12.4075 0.582199 0.582199 2 6 5
12.4275 0.582095 0.582095 2 6 5
12.4475 0.581991 0.581991 2 6 5
12.4675 0.581886 0.581886 2 6 5
12.4875 0.581782 0.581782 2 6 5
12.5075 0.581679 0.581679 2 6 5
12.5275 0.581576 0.581576 2 6 5
12.5475 0.581472 0.581472 2 6 5
12.5675 0.581369 0.581369 2 6 5
12.5875 0.581267 0.581267 2 6 5
12.6075 0.581164 0.581164 2 6 5
12.6275 0.581061 0.581061 2 6 5
12.6475 0.580959 0.580959 2 6 5
12.6675 0.580856 0.580856 2 6 5
12.6875 0.580755 0.580755 2 6 5
12.7075 0.580653 0.580653 2 6 5
12.7275 0.580551 0.580551 2 6 5
12.7475 0.58045 0.58045 2 6 5
12.7675 0.580349 0.580349 2 6 5
12.7875 0.580247 0.580247 2 6 5
12.8075 0.580146 0.580146 2 6 5
12.8275 0.580045 0.580045 2 6 5
12.8475 0.579945 0.579945 2 6 5
12.8675 0.579845 0.579845 2 6 5
12.8875 0.579744 0.579744 2 6 5
12.9075 0.579644 0.579644 2 6 5
12.9275 0.579543 0.579543 2 6 5
12.9475 0.579444 0.579444 2 6 5
12.9675 0.579345 0.579345 2 6 5
12.9875 0.579246 0.579246 2 6 5
13.0075 0.579147 0.579147 2 6 5
13.0275 0.579048 0.579048 2 6 5
13.0475 0.57895 0.57895 2 6 5
13.0675 0.578851 0.578851 2 6 5
13.0875 0.578751 0.578751 2 6 5
13.1075 0.578652 0.578652 2 6 5
13.1275 0.578554 0.578554 2 6 5
13.1475 0.578456 0.578456 2 6 5
13.1675 0.578359 0.578359 2 6 5
13.1875 0.578261 0.578261 2 6 5
13.2075 0.578164 0.578164 2 6 5
13.2275 0.578066 0.578066 2 6 5
13.2475 0.577968 0.577968 2 6 5
13.2675 0.577871 0.577871 2 6 5
13.2875 0.577775 0.577775 2 6 5
13.3075 0.577678 0.577678 2 6 5
13.3275 0.577582 0.577582 2 6 5
13.3475 0.577486 0.577486 2 6 5
13.3675 0.577389 0.577389 2 6 5
13.3875 0.577293 0.577293 2 6 5
13.4075 0.577197 0.577197 2 6 5
13.4275 0.577101 0.577101 2 6 5
13.4475 0.577006 0.577006 2 6 5
13.4675 0.57691 0.57691 2 6 5
13.4875 0.576816 0.576816 2 6 5
13.5075 0.57672 0.57672 2 6 5
13.5275 0.576626 0.576626 2 6 5
13.5475 0.57653 0.57653 2 6 5
13.5675 0.576435 0.576435 2 6 5
13.5875 0.57634 0.57634 2 6 5
13.6075 0.576246 0.576246 2 6 5
13.6275 0.576152 0.576152 2 6 5
13.6475 0.576058 0.576058 2 6 5
13.6675 0.575965 0.575965 2 6 5
13.6875 0.57587 0.57587 2 6 5
13.7075 0.575776 0.575776 2 6 5
13.7275 0.575683 0.575683 2 6 5
13.7475 0.57559 0.57559 2 6 5
13.7675 0.575498 0.575498 2 6 5
13.7875 0.575404 0.575404 2 6 5
13.8075 0.575312 0.575312 2 6 5
13.8275 0.575219 0.575219 2 6 5
13.8475 0.575127 0.575127 2 6 5
13.8675 0.575034 0.575034 2 6 5
13.8875 0.574941 0.574941 2 6 5
13.9075 0.574849 0.574849 2 6 5
13.9275 0.574757 0.574757 2 6 5
13.9475 0.574666 0.574666 2 6 5
13.9675 0.574574 0.574574 2 6 5
13.9875 0.574483 0.574483 2 6 5
14.0075 0.574391 0.574391 2 6 5
14.0275 0.5743 0.5743 2 6 5
14.0475 0.574209 0.574209 2 6 5
14.0675 0.574118 0.574118 2 6 5
14.0875 0.574027 0.574027 2 6 5
14.1075 0.573937 0.573937 2 6 5
14.1275 0.573846 0.573846 2 6 5
14.1475 0.573756 0.573756 2 6 5
14.1675 0.573666 0.573666 2 6 5
14.1875 0.573576 0.573576 2 6 5
14.2075 0.573486 0.573486 2 6 5
14.2275 0.573385 0.573385 2 6 5
14.2475 0.573301 0.573301 2 6 5
14.2675 0.573216 0.573216 2 6 5
14.2875 0.57313 0.57313 2 6 5
14.3075 0.573041 0.573041 2 6 5
14.3275 0.57295 0.57295 2 6 5
14.3475 0.57286 0.57286 2 6 5
14.3675 0.572771 0.572771 2 6 5
14.3875 0.572682 0.572682 2 6 5
14.4075 0.572594 0.572594 2 6 5
14.4275 0.572506 0.572506 2 6 5
14.4475 0.572417 0.572417 2 6 5
14.4675 0.57233 0.57233 2 6 5
14.4875 0.572241 0.572241 2 6 5
14.5075 0.572154 0.572154 2 6 5
14.5275 0.572066 0.572066 2 6 5
14.5475 0.571978 0.571978 2 6 5
14.5675 0.571891 0.571891 2 6 5
14.5875 0.571803 0.571803 2 6 5
14.6075 0.571716 0.571716 2 6 5
14.6275 0.571629 0.571629 2 6 5
14.6475 0.571542 0.571542 2 6 5
14.6675 0.571455 0.571455 2 6 5
14.6875 0.571369 0.571369 2 6 5
14.7075 0.571282 0.571282 2 6 5
14.7275 0.571198 0.571198 2 6 5
14.7475 0.571111 0.571111 2 6 5
14.7675 0.571023 0.571023 2 6 5
14.7875 0.570937 0.570937 2 6 5
14.8075 0.570851 0.570851 2 6 5
14.8275 0.570765 0.570765 2 6 5
14.8475 0.57068 0.57068 2 6 5
14.8675 0.570595 0.570595 2 6 5
14.8875 0.570508 0.570508 2 6 5
14.9075 0.570423 0.570423 2 6 5
14.9275 0.570339 0.570339 2 6 5
14.9475 0.570254 0.570254 2 6 5
14.9675 0.570169 0.570169 2 6 5
14.9875 0.570084 0.570084 2 6 5
15.0075 0.57 0.57 2 6 5
15.0275 0.569915 0.569915 2 6 5
15.0475 0.569831 0.569831 2 6 5
15.0675 0.569747 0.569747 2 6 5
15.0875 0.569663 0.569663 2 6 5
15.1075 0.569579 0.569579 2 6 5
15.1275 0.569495 0.569495 2 6 5
15.1475 0.569411 0.569411 2 6 5
15.1675 0.569327 0.569327 2 6 5
15.1875 0.569244 0.569244 2 6 5
15.2075 0.569161 0.569161 2 6 5
15.2275 0.569077 0.569077 2 6 5
15.2475 0.568994 0.568994 2 6 5
15.2675 0.568911 0.568911 2 6 5
15.2875 0.568824 0.568824 2 6 5
15.3075 0.568743 0.568743 2 6 5
15.3275 0.568663 0.568663 2 6 5
15.3475 0.568581 0.568581 2 6 5
15.3675 0.568499 0.568499 2 6 5
15.3875 0.568416 0.568416 2 6 5
15.4075 0.568333 0.568333 2 6 5
15.4275 0.568251 0.568251 2 6 5
15.4475 0.568169 0.568169 2 6 5
15.4675 0.568088 0.568088 2 6 5
15.4875 0.568006 0.568006 2 6 5
15.5075 0.567925 0.567925 2 6 5
15.5275 0.567843 0.567843 2 6 5
15.5475 0.567761 0.567761 2 6 5
15.5675 0.56768 0.56768 2 6 5
15.5875 0.567599 0.567599 2 6 5
15.6075 0.567519 0.567519 2 6 5
15.6275 0.567437 0.567437 2 6 5
15.6475 0.567356 0.567356 2 6 5
15.6675 0.567276 0.567276 2 6 5
15.6875 0.567196 0.567196 2 6 5
15.7075 0.567116 0.567116 2 6 5
15.7275 0.567035 0.567035 2 6 5
15.7475 0.566956 0.566956 2 6 5
15.7675 0.566875 0.566875 2 6 5
15.7875 0.566794 0.566794 2 6 5
15.8075 0.566714 0.566714 2 6 5
15.8275 0.566635 0.566635 2 6 5
15.8475 0.566555 0.566555 2 6 5
15.8675 0.566476 0.566476 2 6 5
15.8875 0.566397 0.566397 2 6 5
15.9075 0.56632 0.56632 2 6 5
15.9275 0.566239 0.566239 2 6 5
15.9475 0.566159 0.566159 2 6 5
15.9675 0.566079 0.566079 2 6 5
15.9875 0.566 0.566 2 6 5
16.0075 0.565922 0.565922 2 6 5
16.0275 0.565844 0.565844 2 6 5
16.0475 0.565765 0.565765 2 6 5
16.0675 0.565686 0.565686 2 6 5
16.0875 0.565608 0.565608 2 6 5
16.1075 0.56553 0.56553 2 6 5
16.1275 0.565452 0.565452 2 6 5
16.1475 0.565375 0.565375 2 6 5
16.1675 0.565297 0.565297 2 6 5
16.1875 0.565219 0.565219 2 6 5
16.2075 0.565142 0.565142 2 6 5
16.2275 0.565064 0.565064 2 6 5
16.2475 0.564986 0.564986 2 6 5
16.2675 0.564908 0.564908 2 6 5
16.2875 0.564831 0.564831 2 6 5
16.3075 0.564754 0.564754 2 6 5
16.3275 0.564677 0.564677 2 6 5
16.3475 0.564601 0.564601 2 6 5
16.3675 0.564524 0.564524 2 6 5
16.3875 0.564447 0.564447 2 6 5
16.4075 0.564369 0.564369 2 6 5
16.4275 0.564293 0.564293 2 6 5
16.4475 0.564217 0.564217 2 6 5
16.4675 0.564141 0.564141 2 6 5
16.4875 0.564065 0.564065 2 6 5
16.5075 0.563989 0.563989 2 6 5
16.5275 0.563913 0.563913 2 6 5
16.5475 0.563837 0.563837 2 6 5
16.5675 0.563761 0.563761 2 6 5
16.5875 0.563685 0.563685 2 6 5
16.6075 0.56361 0.56361 2 6 5
16.6275 0.563534 0.563534 2 6 5
16.6475 0.563459 0.563459 2 6 5
16.6675 0.563384 0.563384 2 6 5
16.6875 0.563309 0.563309 2 6 5
16.7075 0.563233 0.563233 2 6 5
16.7275 0.563158 0.563158 2 6 5
16.7475 0.563083 0.563083 2 6 5
16.7675 0.563009 0.563009 2 6 5
16.7875 0.562934 0.562934 2 6 5
16.8075 0.56286 0.56286 2 6 5
16.8275 0.562785 0.562785 2 6 5
16.8475 0.562711 0.562711 2 6 5
16.8675 0.562636 0.562636 2 6 5
16.8875 0.562562 0.562562 2 6 5
16.9075 0.562488 0.562488 2 6 5
16.9275 0.562407 0.562407 2 6 5
16.9475 0.562337 0.562337 2 6 5
16.9675 0.562266 0.562266 2 6 5
16.9875 0.562195 0.562195 2 6 5
17.0075 0.562121 0.562121 2 6 5
17.0275 0.562047 0.562047 2 6 5
17.0475 0.561972 0.561972 2 6 5
17.0675 0.561899 0.561899 2 6 5
17.0875 0.561825 0.561825 2 6 5
17.1075 0.561752 0.561752 2 6 5
17.1275 0.56168 0.56168 2 6 5
17.1475 0.561607 0.561607 2 6 5
17.1675 0.561534 0.561534 2 6 5
17.1875 0.561461 0.561461 2 6 5
17.2075 0.561388 0.561388 2 6 5
17.2275 0.561315 0.561315 2 6 5
17.2475 0.561243 0.561243 2 6 5
17.2675 0.561171 0.561171 2 6 5
17.2875 0.561099 0.561099 2 6 5
17.3075 0.561027 0.561027 2 6 5
17.3275 0.560955 0.560955 2 6 5
17.3475 0.560883 0.560883 2 6 5
17.3675 0.560811 0.560811 2 6 5
17.3875 0.560739 0.560739 2 6 5
17.4075 0.560667 0.560667 2 6 5
17.4275 0.560596 0.560596 2 6 5
17.4475 0.560524 0.560524 2 6 5
17.4675 0.560453 0.560453 2 6 5
17.4875 0.560381 0.560381 2 6 5
17.5075 0.56031 0.56031 2 6 5
17.5275 0.560239 0.560239 2 6 5
17.5475 0.560168 0.560168 2 6 5
17.5675 0.560097 0.560097 2 6 5
17.5875 0.560026 0.560026 2 6 5
17.6075 0.559955 0.559955 2 6 5
17.6275 0.559884 0.559884 2 6 5
17.6475 0.559814 0.559814 2 6 5
17.6675 0.559743 0.559743 2 6 5
17.6875 0.559673 0.559673 2 6 5
17.7075 0.559603 0.559603 2 6 5
17.7275 0.559532 0.559532 2 6 5
17.7475 0.559461 0.559461 2 6 5
17.7675 0.559391 0.559391 2 6 5
17.7875 0.559321 0.559321 2 6 5
17.8075 0.559252 0.559252 2 6 5
17.8275 0.559182 0.559182 2 6 5
17.8475 0.559112 0.559112 2 6 5
17.8675 0.559042 0.559042 2 6 5
17.8875 0.558973 0.558973 2 6 5
17.9075 0.558903 0.558903 2 6 5
17.9275 0.558834 0.558834 2 6 5
17.9475 0.558765 0.558765 2 6 5
17.9675 0.558695 0.558695 2 6 5
17.9875 0.558626 0.558626 2 6 5
18.0075 0.558557 0.558557 2 6 5
18.0275 0.558488 0.558488 2 6 5
18.0475 0.558419 0.558419 2 6 5
18.0675 0.55835 0.55835 2 6 5
18.0875 0.558282 0.558282 2 6 5
18.1075 0.558213 0.558213 2 6 5
18.1275 0.558145 0.558145 2 6 5
18.1475 0.558076 0.558076 2 6 5
18.1675 0.558008 0.558008 2 6 5
18.1875 0.55794 0.55794 2 6 5
18.2075 0.557871 0.557871 2 6 5
18.2275 0.557803 0.557803 2 6 5
18.2475 0.557735 0.557735 2 6 5
18.2675 0.557667 0.557667 2 6 5
18.2875 0.557599 0.557599 2 6 5
18.3075 0.557531 0.557531 2 6 5
18.3275 0.557464 0.557464 2 6 5
18.3475 0.557396 0.557396 2 6 5
18.3675 0.557328 0.557328 2 6 5
18.3875 0.557261 0.557261 2 6 5
18.4075 0.557194 0.557194 2 6 5
18.4275 0.557126 0.557126 2 6 5
18.4475 0.557059 0.557059 2 6 5
18.4675 0.556991 0.556991 2 6 5
18.4875 0.556925 0.556925 2 6 5
18.5075 0.556858 0.556858 2 6 5
18.5275 0.556791 0.556791 2 6 5
18.5475 0.556724 0.556724 2 6 5
18.5675 0.55666 0.55666 2 6 5
18.5875 0.556592 0.556592 2 6 5
18.6075 0.556524 0.556524 2 6 5
18.6275 0.556457 0.556457 2 6 5
18.6475 0.55639 0.55639 2 6 5
18.6675 0.556324 0.556324 2 6 5
18.6875 0.556258 0.556258 2 6 5
18.7075 0.556192 0.556192 2 6 5
18.7275 0.556126 0.556126 2 6 5
18.7475 0.55606 0.55606 2 6 5
18.7675 0.555994 0.555994 2 6 5
18.7875 0.555928 0.555928 2 6 5
18.8075 0.555862 0.555862 2 6 5
18.8275 0.555797 0.555797 2 6 5
18.8475 0.555731 0.555731 2 6 5
18.8675 0.555666 0.555666 2 6 5
18.8875 0.5556 0.5556 2 6 5
18.9075 0.555534 0.555534 2 6 5
18.9275 0.555469 0.555469 2 6 5
18.9475 0.555404 0.555404 2 6 5
18.9675 0.555339 0.555339 2 6 5
18.9875 0.555274 0.555274 2 6 5
19.0075 0.555209 0.555209 2 6 5
19.0275 0.555144 0.555144 2 6 5
19.0475 0.555079 0.555079 2 6 5
19.0675 0.555014 0.555014 2 6 5
19.0875 0.554949 0.554949 2 6 5
19.1075 0.554884 0.554884 2 6 5
19.1275 0.55482 0.55482 2 6 5
19.1475 0.554755 0.554755 2 6 5
19.1675 0.554691 0.554691 2 6 5
19.1875 0.554627 0.554627 2 6 5
19.2075 0.554563 0.554563 2 6 5
19.2275 0.554498 0.554498 2 6 5
19.2475 0.554434 0.554434 2 6 5
19.2675 0.55437 0.55437 2 6 5
19.2875 0.554306 0.554306 2 6 5
19.3075 0.554242 0.554242 2 6 5
19.3275 0.554178 0.554178 2 6 5
19.3475 0.554115 0.554115 2 6 5
19.3675 0.554051 0.554051 2 6 5
19.3875 0.553987 0.553987 2 6 5
19.4075 0.553923 0.553923 2 6 5
19.4275 0.55386 0.55386 2 6 5
19.4475 0.553797 0.553797 2 6 5
19.4675 0.553734 0.553734 2 6 5
19.4875 0.55367 0.55367 2 6 5
19.5075 0.553607 0.553607 2 6 5
19.5275 0.553544 0.553544 2 6 5
19.5475 0.553481 0.553481 2 6 5
19.5675 0.553418 0.553418 2 6 5
19.5875 0.553355 0.553355 2 6 5
19.6075 0.553292 0.553292 2 6 5
19.6275 0.55323 0.55323 2 6 5
19.6475 0.553167 0.553167 2 6 5
19.6675 0.553106 0.553106 2 6 5
19.6875 0.553042 0.553042 2 6 5
19.7075 0.552979 0.552979 2 6 5
19.7275 0.552916 0.552916 2 6 5
19.7475 0.552854 0.552854 2 6 5
19.7675 0.552792 0.552792 2 6 5
19.7875 0.55273 0.55273 2 6 5
19.8075 0.552668 0.552668 2 6 5
19.8275 0.552605 0.552605 2 6 5
19.8475 0.552543 0.552543 2 6 5
19.8675 0.552482 0.552482 2 6 5
19.8875 0.55242 0.55242 2 6 5
19.9075 0.552358 0.552358 2 6 5
19.9275 0.552296 0.552296 2 6 5
19.9475 0.552235 0.552235 2 6 5
19.9675 0.552173 0.552173 2 6 5
19.9875 0.552112 0.552112 2 6 5
20.0075 0.552051 0.552051 2 6 5
20.0275 0.551989 0.551989 2 6 5
20.0475 0.551928 0.551928 2 6 5
20.0675 0.551867 0.551867 2 6 5
20.0875 0.551805 0.551805 2 6 5
20.1075 0.551744 0.551744 2 6 5
20.1275 0.551683 0.551683 2 6 5
20.1475 0.551622 0.551622 2 6 5
20.1675 0.551562 0.551562 2 6 5
20.1875 0.551501 0.551501 2 6 5
20.2075 0.55144 0.55144 2 6 5
20.2275 0.55138 0.55138 2 6 5
20.2475 0.551319 0.551319 2 6 5
20.2675 0.551259 0.551259 2 6 5
20.2875 0.551198 0.551198 2 6 5
20.3075 0.551137 0.551137 2 6 5
20.3275 0.551077 0.551077 2 6 5
20.3475 0.551017 0.551017 2 6 5
20.3675 0.550956 0.550956 2 6 5
20.3875 0.550896 0.550896 2 6 5
20.4075 0.550836 0.550836 2 6 5
20.4275 0.550776 0.550776 2 6 5
20.4475 0.550717 0.550717 2 6 5
20.4675 0.550656 0.550656 2 6 5
20.4875 0.550597 0.550597 2 6 5
20.5075 0.550537 0.550537 2 6 5
20.5275 0.550477 0.550477 2 6 5
20.5475 0.550417 0.550417 2 6 5
20.5675 0.550358 0.550358 2 6 5
20.5875 0.550298 0.550298 2 6 5
20.6075 0.550239 0.550239 2 6 5
20.6275 0.55018 0.55018 2 6 5
20.6475 0.550121 0.550121 2 6 5
20.6675 0.550061 0.550061 2 6 5
20.6875 0.550002 0.550002 2 6 5
20.7075 0.549942 0.549942 2 6 5
20.7275 0.549883 0.549883 2 6 5
20.7475 0.549825 0.549825 2 6 5
20.7675 0.549766 0.549766 2 6 5
20.7875 0.549707 0.549707 2 6 5
20.8075 0.549648 0.549648 2 6 5
20.8275 0.549589 0.549589 2 6 5
20.8475 0.549531 0.549531 2 6 5
20.8675 0.549472 0.549472 2 6 5
20.8875 0.549413 0.549413 2 6 5
20.9075 0.549355 0.549355 2 6 5
20.9275 0.549297 0.549297 2 6 5
20.9475 0.549238 0.549238 2 6 5
20.9675 0.54918 0.54918 2 6 5
20.9875 0.549122 0.549122 2 6 5
21.0075 0.549064 0.549064 2 6 5
21.0275 0.549005 0.549005 2 6 5
21.0475 0.548947 0.548947 2 6 5
21.0675 0.548889 0.548889 2 6 5
21.0875 0.548831 0.548831 2 6 5
21.1075 0.548774 0.548774 2 6 5
21.1275 0.548716 0.548716 2 6 5
21.1475 0.548658 0.548658 2 6 5
21.1675 0.5486 0.5486 2 6 5
21.1875 0.548543 0.548543 2 6 5
21.2075 0.548485 0.548485 2 6 5
21.2275 0.548428 0.548428 2 6 5
21.2475 0.54837 0.54837 2 6 5
21.2675 0.548313 0.548313 2 6 5
21.2875 0.548255 0.548255 2 6 5
21.3075 0.548198 0.548198 2 6 5
21.3275 0.548141 0.548141 2 6 5
21.3475 0.548084 0.548084 2 6 5
21.3675 0.548027 0.548027 2 6 5
21.3875 0.54797 0.54797 2 6 5
21.4075 0.547913 0.547913 2 6 5
21.4275 0.547856 0.547856 2 6 5
21.4475 0.547799 0.547799 2 6 5
21.4675 0.547742 0.547742 2 6 5
21.4875 0.547685 0.547685 2 6 5
21.5075 0.547629 0.547629 2 6 5
21.5275 0.547572 0.547572 2 6 5
21.5475 0.547515 0.547515 2 6 5
21.5675 0.547459 0.547459 2 6 5
21.5875 0.547403 0.547403 2 6 5
21.6075 0.547346 0.547346 2 6 5
21.6275 0.54729 0.54729 2 6 5
21.6475 0.547234 0.547234 2 6 5
21.6675 0.547177 0.547177 2 6 5
21.6875 0.547121 0.547121 2 6 5
21.7075 0.547065 0.547065 2 6 5
21.7275 0.547009 0.547009 2 6 5
21.7475 0.546953 0.546953 2 6 5
21.7675 0.546897 0.546897 2 6 5
21.7875 0.546841 0.546841 2 6 5
21.8075 0.546786 0.546786 2 6 5
21.8275 0.54673 0.54673 2 6 5
21.8475 0.546674 0.546674 2 6 5
21.8675 0.546618 0.546618 2 6 5
21.8875 0.546563 0.546563 2 6 5
21.9075 0.546507 0.546507 2 6 5
21.9275 0.546452 0.546452 2 6 5
21.9475 0.546396 0.546396 2 6 5
21.9675 0.546341 0.546341 2 6 5
21.9875 0.546286 0.546286 2 6 5
22.0075 0.54623 0.54623 2 6 5
22.0275 0.546175 0.546175 2 6 5
22.0475 0.54612 0.54612 2 6 5
22.0675 0.546065 0.546065 2 6 5
22.0875 0.54601 0.54601 2 6 5
22.1074 0.545955 0.545955 2 6 5
22.1274 0.5459 0.5459 2 6 5
22.1474 0.545845 0.545845 2 6 5
22.1674 0.545791 0.545791 2 6 5
22.1874 0.545736 0.545736 2 6 5
22.2074 0.545681 0.545681 2 6 5
22.2274 0.545626 0.545626 2 6 5
22.2474 0.545572 0.545572 2 6 5
22.2674 0.545517 0.545517 2 6 5
22.2874 0.545463 0.545463 2 6 5
22.3074 0.545408 0.545408 2 6 5
22.3274 0.545354 0.545354 2 6 5
22.3474 0.5453 0.5453 2 6 5
22.3674 0.545246 0.545246 2 6 5
22.3874 0.545191 0.545191 2 6 5
22.4074 0.545137 0.545137 2 6 5
22.4274 0.545083 0.545083 2 6 5
22.4474 0.545029 0.545029 2 6 5
22.4674 0.544975 0.544975 2 6 5
22.4874 0.544921 0.544921 2 6 5
22.5074 0.544867 0.544867 2 6 5
22.5274 0.544813 0.544813 2 6 5
22.5474 0.54476 0.54476 2 6 5
22.5674 0.544706 0.544706 2 6 5
22.5874 0.544652 0.544652 2 6 5
22.6074 0.544599 0.544599 2 6 5
22.6274 0.544545 0.544545 2 6 5
22.6474 0.544492 0.544492 2 6 5
22.6674 0.544438 0.544438 2 6 5
22.6874 0.544385 0.544385 2 6 5
22.7074 0.544331 0.544331 2 6 5
22.7274 0.544278 0.544278 2 6 5
22.7474 0.544225 0.544225 2 6 5
22.7674 0.544172 0.544172 2 6 5
22.7874 0.544118 0.544118 2 6 5
22.8074 0.544066 0.544066 2 6 5
22.8274 0.544013 0.544013 2 6 5
22.8474 0.543959 0.543959 2 6 5
22.8674 0.543906 0.543906 2 6 5
22.8874 0.543853 0.543853 2 6 5
22.9074 0.5438 0.5438 2 6 5
22.9274 0.543748 0.543748 2 6 5
22.9474 0.543695 0.543695 2 6 5
22.9674 0.543641 0.543641 2 6 5
22.9874 0.543589 0.543589 2 6 5
23.0074 0.543537 0.543537 2 6 5
23.0274 0.543485 0.543485 2 6 5
23.0474 0.543432 0.543432 2 6 5
23.0674 0.54338 0.54338 2 6 5
23.0874 0.543327 0.543327 2 6 5
23.1074 0.543275 0.543275 2 6 5
23.1274 0.543223 0.543223 2 6 5
23.1474 0.543171 0.543171 2 6 5
23.1674 0.543118 0.543118 2 6 5
23.1874 0.543066 0.543066 2 6 5
23.2074 0.543014 0.543014 2 6 5
23.2274 0.542962 0.542962 2 6 5
23.2474 0.54291 0.54291 2 6 5
23.2674 0.542858 0.542858 2 6 5
23.2874 0.542806 0.542806 2 6 5
23.3074 0.542755 0.542755 2 6 5
23.3274 0.542703 0.542703 2 6 5
23.3474 0.542651 0.542651 2 6 5
23.3674 0.542599 0.542599 2 6 5
23.3874 0.542548 0.542548 2 6 5
23.4074 0.542496 0.542496 2 6 5
23.4274 0.542445 0.542445 2 6 5
23.4474 0.542393 0.542393 2 6 5
23.4674 0.542342 0.542342 2 6 5
23.4874 0.54229 0.54229 2 6 5
23.5074 0.542239 0.542239 2 6 5
23.5274 0.542188 0.542188 2 6 5
23.5474 0.542136 0.542136 2 6 5
23.5674 0.542085 0.542085 2 6 5
23.5874 0.542034 0.542034 2 6 5
23.6074 0.541983 0.541983 2 6 5
23.6274 0.541932 0.541932 2 6 5
23.6474 0.541881 0.541881 2 6 5
23.6674 0.54183 0.54183 2 6 5
23.6874 0.541779 0.541779 2 6 5
23.7074 0.541728 0.541728 2 6 5
23.7274 0.541677 0.541677 2 6 5
23.7474 0.541627 0.541627 2 6 5
23.7674 0.541576 0.541576 2 6 5
23.7874 0.541525 0.541525 2 6 5
23.8074 0.541475 0.541475 2 6 5
23.8274 0.541424 0.541424 2 6 5
23.8474 0.541374 0.541374 2 6 5
23.8674 0.541323 0.541323 2 6 5
23.8874 0.541273 0.541273 2 6 5
23.9074 0.541223 0.541223 2 6 5
23.9274 0.541172 0.541172 2 6 5
23.9474 0.541122 0.541122 2 6 5
23.9674 0.541071 0.541071 2 6 5
23.9874 0.541021 0.541021 2 6 5
24.0074 0.540971 0.540971 2 6 5
24.0274 0.540921 0.540921 2 6 5
24.0474 0.540871 0.540871 2 6 5
24.0674 0.540821 0.540821 2 6 5
24.0874 0.540771 0.540771 2 6 5
24.1074 0.540721 0.540721 2 6 5
24.1274 0.540671 0.540671 2 6 5
24.1474 0.540621 0.540621 2 6 5
24.1674 0.540572 0.540572 2 6 5
24.1874 0.540522 0.540522 2 6 5
24.2074 0.540472 0.540472 2 6 5
24.2274 0.540423 0.540423 2 6 5
24.2474 0.540373 0.540373 2 6 5
24.2674 0.540323 0.540323 2 6 5
24.2874 0.540274 0.540274 2 6 5
24.3074 0.540224 0.540224 2 6 5
24.3274 0.540174 0.540174 2 6 5
24.3474 0.540125 0.540125 2 6 5
24.3674 0.540076 0.540076 2 6 5
24.3874 0.540027 0.540027 2 6 5
24.4074 0.539978 0.539978 2 6 5
24.4274 0.539929 0.539929 2 6 5
24.4474 0.53988 0.53988 2 6 5
24.4674 0.53983 0.53983 2 6 5
24.4874 0.539781 0.539781 2 6 5
24.5074 0.539732 0.539732 2 6 5
24.5274 0.539683 0.539683 2 6 5
24.5474 0.539634 0.539634 2 6 5
24.5674 0.539586 0.539586 2 6 5
24.5874 0.539537 0.539537 2 6 5
24.6074 0.539488 0.539488 2 6 5
24.6274 0.539439 0.539439 2 6 5
24.6474 0.53939 0.53939 2 6 5
24.6674 0.539342 0.539342 2 6 5
24.6874 0.539293 0.539293 2 6 5
24.7074 0.539245 0.539245 2 6 5
24.7274 0.539196 0.539196 2 6 5
24.7474 0.539148 0.539148 2 6 5
24.7674 0.539099 0.539099 2 6 5
24.7874 0.539052 0.539052 2 6 5
24.8074 0.539003 0.539003 2 6 5
24.8274 0.538954 0.538954 2 6 5
24.8474 0.538906 0.538906 2 6 5
24.8674 0.538857 0.538857 2 6 5
24.8874 0.538809 0.538809 2 6 5
24.9074 0.538761 0.538761 2 6 5
24.9274 0.538713 0.538713 2 6 5
24.9474 0.538665 0.538665 2 6 5
24.9674 0.538617 0.538617 2 6 5
24.9874 0.538569 0.538569 2 6 5
25.0074 0.538521 0.538521 2 6 5
25.0274 0.538475 0.538475 2 6 5
25.0474 0.538426 0.538426 2 6 5
25.0674 0.538378 0.538378 2 6 5
25.0874 0.53833 0.53833 2 6 5
25.1074 0.538282 0.538282 2 6 5
25.1274 0.538234 0.538234 2 6 5
25.1474 0.538187 0.538187 2 6 5
25.1674 0.538139 0.538139 2 6 5
25.1874 0.538092 0.538092 2 6 5
25.2074 0.538044 0.538044 2 6 5
25.2274 0.537997 0.537997 2 6 5
25.2474 0.537949 0.537949 2 6 5
25.2674 0.537902 0.537902 2 6 5
25.2874 0.537855 0.537855 2 6 5
25.3074 0.537807 0.537807 2 6 5
25.3274 0.53776 0.53776 2 6 5
25.3474 0.537714 0.537714 2 6 5
25.3674 0.537666 0.537666 2 6 5
25.3874 0.537619 0.537619 2 6 5
25.4074 0.537571 0.537571 2 6 5
25.4274 0.537524 0.537524 2 6 5
25.4474 0.537477 0.537477 2 6 5
25.4674 0.537431 0.537431 2 6 5
25.4874 0.537384 0.537384 2 6 5
25.5074 0.537337 0.537337 2 6 5
25.5274 0.53729 0.53729 2 6 5
25.5474 0.537243 0.537243 2 6 5
25.5674 0.537196 0.537196 2 6 5
25.5874 0.53715 0.53715 2 6 5
25.6074 0.537103 0.537103 2 6 5
25.6274 0.537056 0.537056 2 6 5
25.6474 0.53701 0.53701 2 6 5
25.6674 0.536963 0.536963 2 6 5
25.6874 0.536917 0.536917 2 6 5
25.7074 0.53687 0.53687 2 6 5
25.7274 0.536824 0.536824 2 6 5
25.7474 0.536777 0.536777 2 6 5
25.7674 0.536731 0.536731 2 6 5
25.7874 0.536685 0.536685 2 6 5
25.8074 0.536639 0.536639 2 6 5
25.8274 0.536594 0.536594 2 6 5
25.8474 0.536547 0.536547 2 6 5
25.8674 0.5365 0.5365 2 6 5
25.8874 0.536453 0.536453 2 6 5
25.9074 0.536407 0.536407 2 6 5
25.9274 0.536361 0.536361 2 6 5
25.9474 0.536316 0.536316 2 6 5
25.9674 0.53627 0.53627 2 6 5
25.9874 0.536224 0.536224 2 6 5
26.0074 0.536178 0.536178 2 6 5
26.0274 0.536132 0.536132 2 6 5
26.0474 0.536086 0.536086 2 6 5
26.0674 0.536041 0.536041 2 6 5
26.0874 0.535995 0.535995 2 6 5
26.1074 0.535949 0.535949 2 6 5
26.1274 0.535904 0.535904 2 6 5
26.1474 0.535858 0.535858 2 6 5
26.1674 0.535812 0.535812 2 6 5
26.1874 0.535767 0.535767 2 6 5
26.2074 0.535721 0.535721 2 6 5
26.2274 0.535676 0.535676 2 6 5
26.2474 0.53563 0.53563 2 6 5
26.2674 0.535585 0.535585 2 6 5
26.2874 0.53554 0.53554 2 6 5
26.3074 0.535494 0.535494 2 6 5
26.3274 0.535449 0.535449 2 6 5
26.3474 0.535404 0.535404 2 6 5
26.3674 0.535359 0.535359 2 6 5
26.3874 0.535314 0.535314 2 6 5
26.4074 0.535269 0.535269 2 6 5
26.4274 0.535223 0.535223 2 6 5
26.4474 0.535178 0.535178 2 6 5
26.4674 0.535133 0.535133 2 6 5
26.4874 0.535088 0.535088 2 6 5
26.5074 0.535044 0.535044 2 6 5
26.5274 0.534999 0.534999 2 6 5
26.5474 0.534952 0.534952 2 6 5
26.5674 0.534908 0.534908 2 6 5
26.5874 0.534864 0.534864 2 6 5
26.6074 0.53482 0.53482 2 6 5
26.6274 0.534775 0.534775 2 6 5
26.6474 0.53473 0.53473 2 6 5
26.6674 0.534686 0.534686 2 6 5
26.6874 0.534641 0.534641 2 6 5
26.7074 0.534596 0.534596 2 6 5
26.7274 0.534552 0.534552 2 6 5
26.7474 0.534508 0.534508 2 6 5
26.7674 0.534463 0.534463 2 6 5
26.7874 0.534419 0.534419 2 6 5
26.8074 0.534374 0.534374 2 6 5
26.8274 0.53433 0.53433 2 6 5
26.8474 0.534286 0.534286 2 6 5
26.8674 0.534242 0.534242 2 6 5
26.8874 0.534197 0.534197 2 6 5
26.9074 0.534153 0.534153 2 6 5
26.9274 0.534109 0.534109 2 6 5
26.9474 0.534065 0.534065 2 6 5
26.9674 0.534021 0.534021 2 6 5
26.9874 0.533977 0.533977 2 6 5
27.0074 0.533933 0.533933 2 6 5
27.0274 0.533889 0.533889 2 6 5
27.0474 0.533845 0.533845 2 6 5
27.0674 0.533801 0.533801 2 6 5
27.0874 0.533757 0.533757 2 6 5
27.1074 0.533713 0.533713 2 6 5
27.1274 0.53367 0.53367 2 6 5
27.1474 0.533626 0.533626 2 6 5
27.1674 0.533582 0.533582 2 6 5
27.1874 0.533539 0.533539 2 6 5
27.2074 0.533495 0.533495 2 6 5
27.2274 0.533451 0.533451 2 6 5
27.2474 0.533408 0.533408 2 6 5
27.2674 0.533364 0.533364 2 6 5
27.2874 0.533321 0.533321 2 6 5
27.3074 0.533277 0.533277 2 6 5
27.3274 0.533233 0.533233 2 6 5
27.3474 0.53319 0.53319 2 6 5
27.3674 0.533147 0.533147 2 6 5
27.3874 0.533104 0.533104 2 6 5
27.4074 0.533061 0.533061 2 6 5
27.4274 0.533017 0.533017 2 6 5
27.4474 0.532974 0.532974 2 6 5
27.4674 0.532931 0.532931 2 6 5
27.4874 0.532888 0.532888 2 6 5
27.5074 0.532845 0.532845 2 6 5
27.5274 0.532802 0.532802 2 6 5
27.5474 0.532759 0.532759 2 6 5
27.5674 0.532716 0.532716 2 6 5
27.5874 0.532673 0.532673 2 6 5
27.6074 0.53263 0.53263 2 6 5
27.6274 0.532587 0.532587 2 6 5
27.6474 0.532544 0.532544 2 6 5
27.6674 0.532501 0.532501 2 6 5
27.6874 0.532458 0.532458 2 6 5
27.7074 0.532416 0.532416 2 6 5
27.7274 0.532373 0.532373 2 6 5
27.7474 0.53233 0.53233 2 6 5
27.7674 0.532288 0.532288 2 6 5
27.7874 0.532245 0.532245 2 6 5
27.8074 0.532202 0.532202 2 6 5
27.8274 0.53216 0.53216 2 6 5
27.8474 0.532117 0.532117 2 6 5
27.8674 0.532075 0.532075 2 6 5
27.8874 0.532032 0.532032 2 6 5
27.9074 0.53199 0.53199 2 6 5
27.9274 0.531948 0.531948 2 6 5
27.9474 0.531905 0.531905 2 6 5
27.9674 0.531863 0.531863 2 6 5
27.9874 0.53182 0.53182 2 6 5
28.0074 0.531778 0.531778 2 6 5
28.0274 0.531736 0.531736 2 6 5
28.0474 0.531694 0.531694 2 6 5
28.0674 0.531652 0.531652 2 6 5
28.0874 0.53161 0.53161 2 6 5
28.1074 0.531568 0.531568 2 6 5
28.1274 0.531526 0.531526 2 6 5
28.1474 0.531483 0.531483 2 6 5
28.1674 0.531442 0.531442 2 6 5
28.1874 0.5314 0.5314 2 6 5
28.2074 0.531358 0.531358 2 6 5
28.2274 0.531316 0.531316 2 6 5
28.2474 0.531274 0.531274 2 6 5
28.2674 0.531232 0.531232 2 6 5
28.2874 0.53119 0.53119 2 6 5
28.3074 0.531149 0.531149 2 6 5
28.3274 0.531107 0.531107 2 6 5
28.3474 0.531065 0.531065 2 6 5
28.3674 0.531024 0.531024 2 6 5
28.3874 0.530982 0.530982 2 6 5
28.4074 0.53094 0.53094 2 6 5
28.4274 0.530899 0.530899 2 6 5
28.4474 0.530857 0.530857 2 6 5
28.4674 0.530816 0.530816 2 6 5
28.4874 0.530774 0.530774 2 6 5
28.5074 0.530732 0.530732 2 6 5
28.5274 0.530691 0.530691 2 6 5
28.5474 0.53065 0.53065 2 6 5
28.5674 0.530609 0.530609 2 6 5
28.5874 0.530568 0.530568 2 6 5
28.6074 0.530526 0.530526 2 6 5
28.6274 0.530485 0.530485 2 6 5
28.6474 0.530444 0.530444 2 6 5
28.6674 0.530403 0.530403 2 6 5
28.6874 0.530361 0.530361 2 6 5
28.7074 0.53032 0.53032 2 6 5
28.7274 0.530279 0.530279 2 6 5
28.7474 0.530238 0.530238 2 6 5
28.7674 0.530197 0.530197 2 6 5
28.7874 0.530156 0.530156 2 6 5
28.8074 0.530115 0.530115 2 6 5
28.8274 0.530077 0.530077 2 6 5
28.8474 0.530035 0.530035 2 6 5
28.8674 0.529993 0.529993 2 6 5
28.8874 0.529951 0.529951 2 6 5
28.9074 0.529911 0.529911 2 6 5
28.9274 0.52987 0.52987 2 6 5
28.9474 0.52983 0.52983 2 6 5
28.9674 0.529789 0.529789 2 6 5
28.9874 0.529748 0.529748 2 6 5
29.0074 0.529708 0.529708 2 6 5
29.0274 0.529667 0.529667 2 6 5
29.0474 0.529627 0.529627 2 6 5
29.0674 0.529586 0.529586 2 6 5
29.0874 0.529545 0.529545 2 6 5
29.1074 0.529505 0.529505 2 6 5
29.1274 0.529465 0.529465 2 6 5
29.1474 0.529424 0.529424 2 6 5
29.1674 0.529384 0.529384 2 6 5
29.1874 0.529343 0.529343 2 6 5
29.2074 0.529303 0.529303 2 6 5
29.2274 0.529263 0.529263 2 6 5
29.2474 0.529222 0.529222 2 6 5
29.2674 0.529182 0.529182 2 6 5
29.2874 0.529142 0.529142 2 6 5
29.3074 0.529102 0.529102 2 6 5
29.3274 0.529062 0.529062 2 6 5
29.3474 0.529022 0.529022 2 6 5
29.3674 0.528982 0.528982 2 6 5
29.3874 0.528942 0.528942 2 6 5
29.4074 0.528902 0.528902 2 6 5
29.4274 0.528862 0.528862 2 6 5
29.4474 0.528822 0.528822 2 6 5
29.4674 0.528782 0.528782 2 6 5
29.4874 0.528742 0.528742 2 6 5
29.5074 0.528702 0.528702 2 6 5
29.5274 0.528662 0.528662 2 6 5
29.5474 0.528622 0.528622 2 6 5
29.5674 0.528583 0.528583 2 6 5
29.5874 0.528543 0.528543 2 6 5
29.6074 0.528503 0.528503 2 6 5
29.6274 0.528463 0.528463 2 6 5
29.6474 0.528424 0.528424 2 6 5
29.6674 0.528384 0.528384 2 6 5
29.6874 0.528345 0.528345 2 6 5
29.7074 0.528305 0.528305 2 6 5
29.7274 0.528265 0.528265 2 6 5
29.7474 0.528226 0.528226 2 6 5
29.7674 0.528186 0.528186 2 6 5
29.7874 0.528147 0.528147 2 6 5
29.8074 0.528108 0.528108 2 6 5
29.8274 0.528068 0.528068 2 6 5
29.8474 0.528029 0.528029 2 6 5
29.8674 0.527989 0.527989 2 6 5
29.8874 0.52795 0.52795 2 6 5
29.9074 0.527911 0.527911 2 6 5
29.9274 0.527872 0.527872 2 6 5
29.9474 0.527832 0.527832 2 6 5
29.9674 0.527793 0.527793 2 6 5
29.9874 0.527754 0.527754 2 6 5
30.0074 0.527715 0.527715 2 6 5
30.0274 0.527676 0.527676 2 6 5
30.0474 0.527637 0.527637 2 6 5
30.0674 0.527598 0.527598 2 6 5
30.0874 0.527559 0.527559 2 6 5
30.1074 0.52752 0.52752 2 6 5
30.1274 0.527481 0.527481 2 6 5
30.1474 0.527442 0.527442 2 6 5
30.1674 0.527403 0.527403 2 6 5
30.1874 0.527364 0.527364 2 6 5
30.2074 0.527325 0.527325 2 6 5
30.2274 0.527286 0.527286 2 6 5
30.2474 0.527248 0.527248 2 6 5
30.2674 0.527209 0.527209 2 6 5
30.2874 0.52717 0.52717 2 6 5
30.3074 0.527131 0.527131 2 6 5
30.3274 0.527093 0.527093 2 6 5
30.3474 0.527054 0.527054 2 6 5
30.3674 0.527016 0.527016 2 6 5
30.3874 0.526977 0.526977 2 6 5
30.4074 0.526938 0.526938 2 6 5
30.4274 0.5269 0.5269 2 6 5
30.4474 0.526861 0.526861 2 6 5
30.4674 0.526823 0.526823 2 6 5
30.4874 0.526784 0.526784 2 6 5
30.5074 0.526746 0.526746 2 6 5
30.5274 0.526708 0.526708 2 6 5
30.5474 0.526669 0.526669 2 6 5
30.5674 0.526631 0.526631 2 6 5
30.5874 0.526593 0.526593 2 6 5
30.6074 0.526555 0.526555 2 6 5
30.6274 0.526516 0.526516 2 6 5
30.6474 0.526478 0.526478 2 6 5
30.6674 0.52644 0.52644 2 6 5
30.6874 0.526402 0.526402 2 6 5
30.7074 0.526363 0.526363 2 6 5
30.7274 0.526325 0.526325 2 6 5
30.7474 0.526287 0.526287 2 6 5
30.7674 0.526249 0.526249 2 6 5
30.7874 0.526211 0.526211 2 6 5
30.8074 0.526173 0.526173 2 6 5
30.8274 0.526135 0.526135 2 6 5
30.8474 0.526097 0.526097 2 6 5
30.8674 0.526059 0.526059 2 6 5
30.8874 0.526022 0.526022 2 6 5
30.9074 0.525984 0.525984 2 6 5
30.9274 0.525946 0.525946 2 6 5
30.9474 0.525908 0.525908 2 6 5
30.9674 0.52587 0.52587 2 6 5
30.9874 0.525832 0.525832 2 6 5
31.0074 0.525795 0.525795 2 6 5
31.0274 0.525757 0.525757 2 6 5
31.0474 0.525719 0.525719 2 6 5
31.0674 0.525682 0.525682 2 6 5
31.0874 0.525644 0.525644 2 6 5
31.1074 0.525606 0.525606 2 6 5
31.1274 0.525569 0.525569 2 6 5
31.1474 0.525531 0.525531 2 6 5
31.1674 0.525494 0.525494 2 6 5
31.1874 0.525456 0.525456 2 6 5
31.2074 0.525419 0.525419 2 6 5
31.2274 0.525382 0.525382 2 6 5
31.2474 0.525344 0.525344 2 6 5
31.2674 0.525307 0.525307 2 6 5
31.2874 0.525269 0.525269 2 6 5
31.3074 0.525232 0.525232 2 6 5
31.3274 0.525195 0.525195 2 6 5
31.3474 0.525158 0.525158 2 6 5
31.3674 0.52512 0.52512 2 6 5
31.3874 0.525083 0.525083 2 6 5
31.4074 0.525046 0.525046 2 6 5
31.4274 0.525009 0.525009 2 6 5
31.4474 0.524972 0.524972 2 6 5
31.4674 0.524934 0.524934 2 6 5
31.4874 0.524897 0.524897 2 6 5
31.5074 0.52486 0.52486 2 6 5
31.5274 0.524823 0.524823 2 6 5
31.5474 0.524786 0.524786 2 6 5
31.5674 0.524749 0.524749 2 6 5
31.5874 0.524712 0.524712 2 6 5
31.6074 0.524675 0.524675 2 6 5
31.6274 0.524638 0.524638 2 6 5
31.6474 0.524602 0.524602 2 6 5
31.6674 0.524565 0.524565 2 6 5
31.6874 0.524528 0.524528 2 6 5
31.7074 0.524491 0.524491 2 6 5
31.7274 0.524454 0.524454 2 6 5
31.7474 0.52442 0.52442 2 6 5
31.7674 0.524382 0.524382 2 6 5
31.7874 0.524344 0.524344 2 6 5
31.8074 0.524307 0.524307 2 6 5
31.8274 0.52427 0.52427 2 6 5
31.8474 0.524234 0.524234 2 6 5
31.8674 0.524198 0.524198 2 6 5
31.8874 0.524161 0.524161 2 6 5
31.9074 0.524125 0.524125 2 6 5
31.9274 0.524088 0.524088 2 6 5
31.9474 0.524051 0.524051 2 6 5
31.9674 0.524015 0.524015 2 6 5
31.9874 0.523979 0.523979 2 6 5
32.0074 0.523942 0.523942 2 6 5
32.0274 0.523906 0.523906 2 6 5
32.0474 0.523869 0.523869 2 6 5
32.0674 0.523833 0.523833 2 6 5
32.0874 0.523797 0.523797 2 6 5
32.1074 0.52376 0.52376 2 6 5
32.1274 0.523724 0.523724 2 6 5
32.1474 0.523688 0.523688 2 6 5
32.1674 0.523652 0.523652 2 6 5
32.1874 0.523616 0.523616 2 6 5
32.2074 0.523579 0.523579 2 6 5
32.2274 0.523543 0.523543 2 6 5
32.2474 0.523507 0.523507 2 6 5
32.2674 0.523471 0.523471 2 6 5
32.2874 0.523435 0.523435 2 6 5
32.3074 0.523399 0.523399 2 6 5
32.3274 0.523363 0.523363 2 6 5
32.3474 0.523327 0.523327 2 6 5
32.3674 0.523291 0.523291 2 6 5
32.3874 0.523255 0.523255 2 6 5
32.4074 0.523219 0.523219 2 6 5
32.4274 0.523183 0.523183 2 6 5
32.4474 0.523147 0.523147 2 6 5
32.4674 0.523111 0.523111 2 6 5
32.4874 0.523076 0.523076 2 6 5
32.5074 0.52304 0.52304 2 6 5
32.5274 0.523004 0.523004 2 6 5
32.5474 0.522968 0.522968 2 6 5
32.5674 0.522933 0.522933 2 6 5
32.5874 0.522897 0.522897 2 6 5
32.6074 0.522861 0.522861 2 6 5
32.6274 0.522826 0.522826 2 6 5
32.6474 0.52279 0.52279 2 6 5
32.6674 0.522754 0.522754 2 6 5
32.6874 0.522719 0.522719 2 6 5
32.7074 0.522683 0.522683 2 6 5
32.7274 0.522649 0.522649 2 6 5
32.7474 0.522613 0.522613 2 6 5
32.7674 0.522577 0.522577 2 6 5
32.7874 0.522541 0.522541 2 6 5
32.8074 0.522506 0.522506 2 6 5
32.8274 0.52247 0.52247 2 6 5
32.8474 0.522435 0.522435 2 6 5
32.8674 0.5224 0.5224 2 6 5
32.8874 0.522364 0.522364 2 6 5
32.9074 0.522329 0.522329 2 6 5
32.9274 0.522294 0.522294 2 6 5
32.9474 0.522259 0.522259 2 6 5
32.9674 0.522223 0.522223 2 6 5
32.9874 0.522188 0.522188 2 6 5
33.0074 0.522153 0.522153 2 6 5
33.0274 0.522118 0.522118 2 6 5
33.0474 0.522083 0.522083 2 6 5
33.0674 0.522047 0.522047 2 6 5
33.0874 0.522012 0.522012 2 6 5
33.1074 0.521977 0.521977 2 6 5
33.1274 0.521942 0.521942 2 6 5
33.1474 0.521907 0.521907 2 6 5
33.1674 0.521872 0.521872 2 6 5
33.1874 0.521837 0.521837 2 6 5
33.2074 0.521802 0.521802 2 6 5
33.2274 0.521767 0.521767 2 6 5
33.2474 0.521732 0.521732 2 6 5
33.2674 0.521698 0.521698 2 6 5
33.2874 0.521663 0.521663 2 6 5
33.3074 0.521628 0.521628 2 6 5
33.3274 0.521593 0.521593 2 6 5
33.3474 0.521558 0.521558 2 6 5
33.3674 0.521523 0.521523 2 6 5
33.3874 0.521489 0.521489 2 6 5
33.4074 0.521454 0.521454 2 6 5
33.4274 0.521419 0.521419 2 6 5
33.4474 0.521385 0.521385 2 6 5
33.4674 0.52135 0.52135 2 6 5
33.4874 0.521315 0.521315 2 6 5
33.5074 0.521281 0.521281 2 6 5
33.5274 0.521246 0.521246 2 6 5
33.5474 0.521212 0.521212 2 6 5
33.5674 0.521177 0.521177 2 6 5
33.5874 0.521143 0.521143 2 6 5
33.6074 0.521108 0.521108 2 6 5
33.6274 0.521074 0.521074 2 6 5
33.6474 0.521039 0.521039 2 6 5
33.6674 0.521005 0.521005 2 6 5
33.6874 0.52097 0.52097 2 6 5
33.7074 0.520936 0.520936 2 6 5
33.7274 0.520902 0.520902 2 6 5
33.7474 0.520867 0.520867 2 6 5
33.7674 0.520833 0.520833 2 6 5
33.7874 0.520799 0.520799 2 6 5
33.8074 0.520764 0.520764 2 6 5
33.8274 0.52073 0.52073 2 6 5
33.8474 0.520696 0.520696 2 6 5
33.8674 0.520662 0.520662 2 6 5
33.8874 0.520627 0.520627 2 6 5
33.9074 0.520593 0.520593 2 6 5
33.9274 0.520559 0.520559 2 6 5
33.9474 0.520525 0.520525 2 6 5
33.9674 0.520491 0.520491 2 6 5
33.9874 0.520457 0.520457 2 6 5
34.0074 0.520423 0.520423 2 6 5
34.0274 0.520389 0.520389 2 6 5
34.0474 0.520355 0.520355 2 6 5
34.0674 0.520321 0.520321 2 6 5
34.0874 0.520287 0.520287 2 6 5
34.1074 0.520253 0.520253 2 6 5
34.1274 0.520219 0.520219 2 6 5
34.1474 0.520185 0.520185 2 6 5
34.1674 0.520151 0.520151 2 6 5
34.1874 0.520117 0.520117 2 6 5
34.2074 0.520084 0.520084 2 6 5
34.2274 0.52005 0.52005 2 6 5
34.2474 0.520016 0.520016 2 6 5
34.2674 0.519982 0.519982 2 6 5
34.2874 0.519949 0.519949 2 6 5
34.3074 0.519915 0.519915 2 6 5
34.3274 0.519881 0.519881 2 6 5
34.3474 0.519848 0.519848 2 6 5
34.3674 0.519814 0.519814 2 6 5
34.3874 0.51978 0.51978 2 6 5
34.4074 0.519747 0.519747 2 6 5
34.4274 0.519713 0.519713 2 6 5
34.4474 0.51968 0.51968 2 6 5
34.4674 0.519646 0.519646 2 6 5
34.4874 0.519613 0.519613 2 6 5
34.5074 0.519579 0.519579 2 6 5
34.5274 0.519546 0.519546 2 6 5
34.5474 0.519512 0.519512 2 6 5
34.5674 0.519479 0.519479 2 6 5
34.5874 0.519445 0.519445 2 6 5
34.6074 0.519412 0.519412 2 6 5
34.6274 0.519378 0.519378 2 6 5
34.6474 0.519345 0.519345 2 6 5
34.6674 0.519312 0.519312 2 6 5
34.6874 0.519279 0.519279 2 6 5
34.7074 0.519246 0.519246 2 6 5
34.7274 0.519212 0.519212 2 6 5
34.7474 0.519179 0.519179 2 6 5
34.7674 0.519145 0.519145 2 6 5
34.7874 0.519112 0.519112 2 6 5
34.8074 0.519079 0.519079 2 6 5
34.8274 0.519046 0.519046 2 6 5
34.8474 0.519013 0.519013 2 6 5
34.8674 0.51898 0.51898 2 6 5
34.8874 0.518947 0.518947 2 6 5
34.9074 0.518914 0.518914 2 6 5
34.9274 0.518881 0.518881 2 6 5
34.9474 0.518848 0.518848 2 6 5
34.9674 0.518814 0.518814 2 6 5
34.9874 0.518781 0.518781 2 6 5
35.0074 0.518749 0.518749 2 6 5
35.0274 0.518716 0.518716 2 6 5
35.0474 0.518683 0.518683 2 6 5
35.0674 0.51865 0.51865 2 6 5
35.0874 0.518617 0.518617 2 6 5
35.1074 0.518584 0.518584 2 6 5
35.1274 0.518551 0.518551 2 6 5
35.1474 0.518518 0.518518 2 6 5
35.1674 0.518486 0.518486 2 6 5
35.1874 0.518453 0.518453 2 6 5
35.2074 0.51842 0.51842 2 6 5
35.2274 0.518387 0.518387 2 6 5
35.2474 0.518355 0.518355 2 6 5
35.2674 0.518322 0.518322 2 6 5
35.2874 0.518289 0.518289 2 6 5
35.3074 0.518257 0.518257 2 6 5
35.3274 0.518224 0.518224 2 6 5
35.3474 0.518191 0.518191 2 6 5
35.3674 0.518159 0.518159 2 6 5
35.3874 0.518126 0.518126 2 6 5
35.4074 0.518094 0.518094 2 6 5
35.4274 0.518061 0.518061 2 6 5
35.4474 0.518029 0.518029 2 6 5
35.4674 0.517996 0.517996 2 6 5
35.4874 0.517964 0.517964 2 6 5
35.5074 0.517931 0.517931 2 6 5
35.5274 0.517899 0.517899 2 6 5
35.5474 0.517866 0.517866 2 6 5
35.5674 0.517834 0.517834 2 6 5
35.5874 0.517802 0.517802 2 6 5
35.6074 0.517769 0.517769 2 6 5
35.6274 0.517737 0.517737 2 6 5
35.6474 0.517705 0.517705 2 6 5
35.6674 0.517672 0.517672 2 6 5
35.6874 0.51764 0.51764 2 6 5
35.7074 0.517608 0.517608 2 6 5
35.7274 0.517576 0.517576 2 6 5
35.7474 0.517543 0.517543 2 6 5
35.7674 0.517511 0.517511 2 6 5
35.7874 0.517479 0.517479 2 6 5
35.8074 0.517447 0.517447 2 6 5
35.8274 0.517415 0.517415 2 6 5
35.8474 0.517383 0.517383 2 6 5
35.8674 0.517351 0.517351 2 6 5
35.8874 0.517319 0.517319 2 6 5
35.9074 0.517287 0.517287 2 6 5
35.9274 0.517254 0.517254 2 6 5
35.9474 0.517222 0.517222 2 6 5
35.9674 0.51719 0.51719 2 6 5
35.9874 0.517159 0.517159 2 6 5
36.0074 0.517127 0.517127 2 6 5
36.0274 0.517095 0.517095 2 6 5
36.0474 0.517063 0.517063 2 6 5
36.0674 0.517031 0.517031 2 6 5
36.0874 0.516999 0.516999 2 6 5
36.1074 0.516967 0.516967 2 6 5
36.1274 0.516935 0.516935 2 6 5
36.1474 0.516904 0.516904 2 6 5
36.1674 0.516872 0.516872 2 6 5
36.1874 0.51684 0.51684 2 6 5
36.2074 0.516808 0.516808 2 6 5
36.2274 0.516777 0.516777 2 6 5
36.2474 0.516745 0.516745 2 6 5
36.2674 0.516713 0.516713 2 6 5
36.2874 0.516681 0.516681 2 6 5
36.3074 0.51665 0.51665 2 6 5
36.3274 0.516618 0.516618 2 6 5
36.3474 0.516587 0.516587 2 6 5
36.3674 0.516555 0.516555 2 6 5
36.3874 0.516523 0.516523 2 6 5
36.4074 0.516492 0.516492 2 6 5
36.4274 0.51646 0.51646 2 6 5
36.4474 0.516429 0.516429 2 6 5
36.4674 0.516397 0.516397 2 6 5
36.4874 0.516366 0.516366 2 6 5
36.5074 0.516334 0.516334 2 6 5
36.5274 0.516303 0.516303 2 6 5
36.5474 0.516271 0.516271 2 6 5
36.5674 0.51624 0.51624 2 6 5
36.5874 0.516209 0.516209 2 6 5
36.6074 0.516177 0.516177 2 6 5
36.6274 0.516146 0.516146 2 6 5
36.6474 0.516115 0.516115 2 6 5
36.6674 0.516083 0.516083 2 6 5
36.6874 0.516052 0.516052 2 6 5
36.7074 0.516021 0.516021 2 6 5
36.7274 0.515989 0.515989 2 6 5
36.7474 0.515958 0.515958 2 6 5
36.7674 0.515927 0.515927 2 6 5
36.7874 0.515896 0.515896 2 6 5
36.8074 0.515865 0.515865 2 6 5
36.8274 0.515833 0.515833 2 6 5
36.8474 0.515802 0.515802 2 6 5
36.8674 0.515771 0.515771 2 6 5
36.8874 0.51574 0.51574 2 6 5
36.9074 0.515709 0.515709 2 6 5
36.9274 0.515678 0.515678 2 6 5
36.9474 0.515647 0.515647 2 6 5
36.9674 0.515616 0.515616 2 6 5
36.9874 0.515585 0.515585 2 6 5
37.0074 0.515554 0.515554 2 6 5
37.0274 0.515523 0.515523 2 6 5
37.0474 0.515492 0.515492 2 6 5
37.0674 0.515461 0.515461 2 6 5
37.0874 0.51543 0.51543 2 6 5
37.1074 0.515399 0.515399 2 6 5
37.1274 0.515369 0.515369 2 6 5
37.1474 0.515338 0.515338 2 6 5
37.1674 0.515307 0.515307 2 6 5
37.1874 0.515276 0.515276 2 6 5
37.2074 0.515245 0.515245 2 6 5
37.2274 0.515214 0.515214 2 6 5
37.2474 0.515184 0.515184 2 6 5
37.2674 0.515153 0.515153 2 6 5
37.2874 0.515122 0.515122 2 6 5
37.3074 0.515091 0.515091 2 6 5
37.3274 0.51506 0.51506 2 6 5
37.3474 0.51503 0.51503 2 6 5
37.3674 0.514999 0.514999 2 6 5
37.3874 0.514969 0.514969 2 6 5
37.4074 0.514938 0.514938 2 6 5
37.4274 0.514907 0.514907 2 6 5
37.4474 0.514877 0.514877 2 6 5
37.4674 0.514846 0.514846 2 6 5
37.4874 0.514811 0.514811 2 6 5
37.5074 0.514783 0.514783 2 6 5
37.5274 0.514755 0.514755 2 6 5
37.5474 0.514725 0.514725 2 6 5
37.5674 0.514695 0.514695 2 6 5
37.5874 0.514664 0.514664 2 6 5
37.6074 0.514633 0.514633 2 6 5
37.6274 0.514602 0.514602 2 6 5
37.6474 0.514572 0.514572 2 6 5
37.6674 0.514541 0.514541 2 6 5
37.6874 0.514511 0.514511 2 6 5
37.7074 0.514481 0.514481 2 6 5
37.7274 0.514451 0.514451 2 6 5
37.7474 0.51442 0.51442 2 6 5
37.7674 0.51439 0.51439 2 6 5
37.7874 0.51436 0.51436 2 6 5
37.8074 0.514329 0.514329 2 6 5
37.8274 0.514299 0.514299 2 6 5
37.8474 0.514269 0.514269 2 6 5
37.8674 0.514239 0.514239 2 6 5
37.8874 0.514209 0.514209 2 6 5
37.9074 0.514178 0.514178 2 6 5
37.9274 0.514148 0.514148 2 6 5
37.9474 0.514118 0.514118 2 6 5
37.9674 0.514088 0.514088 2 6 5
37.9874 0.514058 0.514058 2 6 5
38.0074 0.514028 0.514028 2 6 5
38.0274 0.513998 0.513998 2 6 5
38.0474 0.513968 0.513968 2 6 5
38.0674 0.513938 0.513938 2 6 5
38.0874 0.513908 0.513908 2 6 5
38.1074 0.513878 0.513878 2 6 5
38.1274 0.513848 0.513848 2 6 5
38.1474 0.513818 0.513818 2 6 5
38.1674 0.513788 0.513788 2 6 5
38.1874 0.513758 0.513758 2 6 5
38.2074 0.513728 0.513728 2 6 5
38.2274 0.513698 0.513698 2 6 5
38.2474 0.513668 0.513668 2 6 5
38.2674 0.513638 0.513638 2 6 5
38.2874 0.513609 0.513609 2 6 5
38.3074 0.513579 0.513579 2 6 5
38.3274 0.513549 0.513549 2 6 5
38.3474 0.513519 0.513519 2 6 5
38.3674 0.513489 0.513489 2 6 5
38.3874 0.51346 0.51346 2 6 5
38.4074 0.51343 0.51343 2 6 5
38.4274 0.5134 0.5134 2 6 5
38.4474 0.51337 0.51337 2 6 5
38.4674 0.513341 0.513341 2 6 5
38.4874 0.513311 0.513311 2 6 5
38.5074 0.513281 0.513281 2 6 5
38.5274 0.513252 0.513252 2 6 5
38.5474 0.513222 0.513222 2 6 5
38.5674 0.513193 0.513193 2 6 5
38.5874 0.513163 0.513163 2 6 5
38.6074 0.513133 0.513133 2 6 5
38.6274 0.513104 0.513104 2 6 5
38.6474 0.513074 0.513074 2 6 5
38.6674 0.513045 0.513045 2 6 5
38.6874 0.513016 0.513016 2 6 5
38.7074 0.512986 0.512986 2 6 5
38.7274 0.512956 0.512956 2 6 5
38.7474 0.512927 0.512927 2 6 5
38.7674 0.512897 0.512897 2 6 5
38.7874 0.512868 0.512868 2 6 5
38.8074 0.512839 0.512839 2 6 5
38.8274 0.512809 0.512809 2 6 5
38.8474 0.51278 0.51278 2 6 5
38.8674 0.512751 0.512751 2 6 5
38.8874 0.512721 0.512721 2 6 5
38.9074 0.512692 0.512692 2 6 5
38.9274 0.512663 0.512663 2 6 5
38.9474 0.512633 0.512633 2 6 5
38.9674 0.512604 0.512604 2 6 5
38.9874 0.512575 0.512575 2 6 5
39.0074 0.512546 0.512546 2 6 5
39.0274 0.512517 0.512517 2 6 5
39.0474 0.512487 0.512487 2 6 5
39.0674 0.512458 0.512458 2 6 5
39.0874 0.512429 0.512429 2 6 5
39.1074 0.5124 0.5124 2 6 5
39.1274 0.512371 0.512371 2 6 5
39.1474 0.512342 0.512342 2 6 5
39.1674 0.512313 0.512313 2 6 5
39.1874 0.512283 0.512283 2 6 5
39.2074 0.512254 0.512254 2 6 5
39.2274 0.512225 0.512225 2 6 5
39.2474 0.512196 0.512196 2 6 5
39.2674 0.512167 0.512167 2 6 5
39.2874 0.512138 0.512138 2 6 5
39.3074 0.512109 0.512109 2 6 5
39.3274 0.51208 0.51208 2 6 5
39.3474 0.512052 0.512052 2 6 5
39.3674 0.512023 0.512023 2 6 5
39.3874 0.511994 0.511994 2 6 5
39.4074 0.511965 0.511965 2 6 5
39.4274 0.511936 0.511936 2 6 5
39.4474 0.511907 0.511907 2 6 5
39.4674 0.511878 0.511878 2 6 5
39.4874 0.511849 0.511849 2 6 5
39.5074 0.511821 0.511821 2 6 5
39.5274 0.511792 0.511792 2 6 5
39.5474 0.511763 0.511763 2 6 5
39.5674 0.511734 0.511734 2 6 5
39.5874 0.511705 0.511705 2 6 5
39.6074 0.511677 0.511677 2 6 5
39.6274 0.511648 0.511648 2 6 5
39.6474 0.511619 0.511619 2 6 5
39.6674 0.511591 0.511591 2 6 5
39.6874 0.511562 0.511562 2 6 5
39.7074 0.511533 0.511533 2 6 5
39.7274 0.511505 0.511505 2 6 5
39.7474 0.511476 0.511476 2 6 5
39.7674 0.511447 0.511447 2 6 5
39.7874 0.511419 0.511419 2 6 5
39.8074 0.51139 0.51139 2 6 5
39.8274 0.511362 0.511362 2 6 5
39.8474 0.511333 0.511333 2 6 5
39.8674 0.511305 0.511305 2 6 5
39.8874 0.511276 0.511276 2 6 5
39.9074 0.511247 0.511247 2 6 5
39.9274 0.511219 0.511219 2 6 5
39.9474 0.511191 0.511191 2 6 5
39.9674 0.511162 0.511162 2 6 5
39.9874 0.511134 0.511134 2 6 5
40.0074 0.511105 0.511105 2 6 5
40.0274 0.511077 0.511077 2 6 5
40.0474 0.511048 0.511048 2 6 5
40.0674 0.51102 0.51102 2 6 5
40.0874 0.510992 0.510992 2 6 5
40.1074 0.510964 0.510964 2 6 5
40.1274 0.510935 0.510935 2 6 5
40.1474 0.510909 0.510909 2 6 5
40.1674 0.51088 0.51088 2 6 5
40.1874 0.51085 0.51085 2 6 5
40.2074 0.510821 0.510821 2 6 5
40.2274 0.510793 0.510793 2 6 5
40.2474 0.510765 0.510765 2 6 5
40.2674 0.510737 0.510737 2 6 5
40.2874 0.510709 0.510709 2 6 5
40.3074 0.510681 0.510681 2 6 5
40.3274 0.510653 0.510653 2 6 5
40.3474 0.510625 0.510625 2 6 5
40.3674 0.510596 0.510596 2 6 5
40.3874 0.510568 0.510568 2 6 5
40.4074 0.51054 0.51054 2 6 5
40.4274 0.510512 0.510512 2 6 5
40.4474 0.510484 0.510484 2 6 5
40.4674 0.510456 0.510456 2 6 5
40.4874 0.510428 0.510428 2 6 5
40.5074 0.5104 0.5104 2 6 5
40.5274 0.510372 0.510372 2 6 5
40.5474 0.510344 0.510344 2 6 5
40.5674 0.510316 0.510316 2 6 5
40.5874 0.510288 0.510288 2 6 5
40.6074 0.51026 0.51026 2 6 5
40.6274 0.510232 0.510232 2 6 5
40.6474 0.510204 0.510204 2 6 5
40.6674 0.510176 0.510176 2 6 5
40.6874 0.510148 0.510148 2 6 5
40.7074 0.510121 0.510121 2 6 5
40.7274 0.510093 0.510093 2 6 5
40.7474 0.510065 0.510065 2 6 5
40.7674 0.510037 0.510037 2 6 5
40.7874 0.510009 0.510009 2 6 5
40.8074 0.509981 0.509981 2 6 5
40.8274 0.509954 0.509954 2 6 5
40.8474 0.509926 0.509926 2 6 5
40.8674 0.509898 0.509898 2 6 5
40.8874 0.50987 0.50987 2 6 5
40.9074 0.509843 0.509843 2 6 5
40.9274 0.509815 0.509815 2 6 5
40.9474 0.509787 0.509787 2 6 5
40.9674 0.50976 0.50976 2 6 5
40.9874 0.509732 0.509732 2 6 5
41.0074 0.509704 0.509704 2 6 5
41.0274 0.509677 0.509677 2 6 5
41.0474 0.509649 0.509649 2 6 5
41.0674 0.509622 0.509622 2 6 5
41.0874 0.509594 0.509594 2 6 5
41.1074 0.509566 0.509566 2 6 5
41.1274 0.509539 0.509539 2 6 5
41.1474 0.509511 0.509511 2 6 5
41.1674 0.509484 0.509484 2 6 5
41.1874 0.509456 0.509456 2 6 5
41.2074 0.509429 0.509429 2 6 5
41.2274 0.509401 0.509401 2 6 5
41.2474 0.509374 0.509374 2 6 5
41.2674 0.509346 0.509346 2 6 5
41.2874 0.509319 0.509319 2 6 5
41.3074 0.509291 0.509291 2 6 5
41.3274 0.509264 0.509264 2 6 5
41.3474 0.509237 0.509237 2 6 5
41.3674 0.509209 0.509209 2 6 5
41.3874 0.509182 0.509182 2 6 5
41.4074 0.509155 0.509155 2 6 5
41.4274 0.509127 0.509127 2 6 5
41.4474 0.5091 0.5091 2 6 5
41.4674 0.509073 0.509073 2 6 5
41.4874 0.509045 0.509045 2 6 5
41.5074 0.509018 0.509018 2 6 5
41.5274 0.508991 0.508991 2 6 5
41.5474 0.508964 0.508964 2 6 5
41.5674 0.508936 0.508936 2 6 5
41.5874 0.508909 0.508909 2 6 5
41.6074 0.508882 0.508882 2 6 5
41.6274 0.508855 0.508855 2 6 5
41.6474 0.508828 0.508828 2 6 5
41.6674 0.5088 0.5088 2 6 5
41.6874 0.508773 0.508773 2 6 5
41.7074 0.508746 0.508746 2 6 5
41.7274 0.508719 0.508719 2 6 5
41.7474 0.508692 0.508692 2 6 5
41.7674 0.508665 0.508665 2 6 5
41.7874 0.508638 0.508638 2 6 5
41.8074 0.508611 0.508611 2 6 5
41.8274 0.508583 0.508583 2 6 5
41.8474 0.508556 0.508556 2 6 5
41.8674 0.50853 0.50853 2 6 5
41.8874 0.508503 0.508503 2 6 5
41.9074 0.508476 0.508476 2 6 5
41.9274 0.508449 0.508449 2 6 5
41.9474 0.508422 0.508422 2 6 5
41.9674 0.508395 0.508395 2 6 5
41.9874 0.508368 0.508368 2 6 5
42.0074 0.508341 0.508341 2 6 5
42.0274 0.508315 0.508315 2 6 5
42.0474 0.508287 0.508287 2 6 5
42.0674 0.50826 0.50826 2 6 5
42.0874 0.508233 0.508233 2 6 5
42.1074 0.508206 0.508206 2 6 5
42.1274 0.50818 0.50818 2 6 5
42.1474 0.508153 0.508153 2 6 5
42.1674 0.508126 0.508126 2 6 5
42.1874 0.508099 0.508099 2 6 5
42.2074 0.508071 0.508071 2 6 5
42.2274 0.508045 0.508045 2 6 5
42.2474 0.508019 0.508019 2 6 5
42.2674 0.507993 0.507993 2 6 5
42.2874 0.507966 0.507966 2 6 5
42.3074 0.507939 0.507939 2 6 5
42.3274 0.507912 0.507912 2 6 5
42.3474 0.507885 0.507885 2 6 5
42.3674 0.507859 0.507859 2 6 5
42.3874 0.507832 0.507832 2 6 5
42.4074 0.507806 0.507806 2 6 5
42.4274 0.507779 0.507779 2 6 5
42.4474 0.507752 0.507752 2 6 5
42.4674 0.507726 0.507726 2 6 5
42.4874 0.507699 0.507699 2 6 5
42.5074 0.507673 0.507673 2 6 5
42.5274 0.507646 0.507646 2 6 5
42.5474 0.50762 0.50762 2 6 5
42.5674 0.507593 0.507593 2 6 5
42.5874 0.507566 0.507566 2 6 5
42.6074 0.50754 0.50754 2 6 5
42.6274 0.507514 0.507514 2 6 5
42.6474 0.507487 0.507487 2 6 5
42.6674 0.507461 0.507461 2 6 5
42.6874 0.507434 0.507434 2 6 5
42.7074 0.507408 0.507408 2 6 5
42.7274 0.507381 0.507381 2 6 5
42.7474 0.507355 0.507355 2 6 5
42.7674 0.507329 0.507329 2 6 5
42.7874 0.507302 0.507302 2 6 5
42.8074 0.507276 0.507276 2 6 5
42.8274 0.507249 0.507249 2 6 5
42.8474 0.507223 0.507223 2 6 5
42.8674 0.507197 0.507197 2 6 5
42.8874 0.507171 0.507171 2 6 5
42.9074 0.507144 0.507144 2 6 5
42.9274 0.507118 0.507118 2 6 5
42.9474 0.507092 0.507092 2 6 5
42.9674 0.507065 0.507065 2 6 5
42.9874 0.507039 0.507039 2 6 5
43.0074 0.507013 0.507013 2 6 5
43.0274 0.506987 0.506987 2 6 5
43.0474 0.506961 0.506961 2 6 5
43.0674 0.506935 0.506935 2 6 5
43.0874 0.506908 0.506908 2 6 5
43.1074 0.506882 0.506882 2 6 5
43.1274 0.506856 0.506856 2 6 5
43.1474 0.50683 0.50683 2 6 5
43.1674 0.506804 0.506804 2 6 5
43.1874 0.506778 0.506778 2 6 5
43.2074 0.506752 0.506752 2 6 5
43.2274 0.506726 0.506726 2 6 5
43.2474 0.506699 0.506699 2 6 5
43.2674 0.506673 0.506673 2 6 5
43.2874 0.506647 0.506647 2 6 5
43.3074 0.506621 0.506621 2 6 5
43.3274 0.506595 0.506595 2 6 5
43.3474 0.506569 0.506569 2 6 5
43.3674 0.506543 0.506543 2 6 5
43.3874 0.506517 0.506517 2 6 5
43.4074 0.506491 0.506491 2 6 5
43.4274 0.506466 0.506466 2 6 5
43.4474 0.50644 0.50644 2 6 5
43.4674 0.506414 0.506414 2 6 5
43.4874 0.506388 0.506388 2 6 5
43.5074 0.506362 0.506362 2 6 5
43.5274 0.506336 0.506336 2 6 5
43.5474 0.50631 0.50631 2 6 5
43.5674 0.506284 0.506284 2 6 5
43.5874 0.506258 0.506258 2 6 5
43.6074 0.506233 0.506233 2 6 5
43.6274 0.506207 0.506207 2 6 5
43.6474 0.506181 0.506181 2 6 5
43.6674 0.506158 0.506158 2 6 5
43.6874 0.506131 0.506131 2 6 5
43.7074 0.506104 0.506104 2 6 5
43.7274 0.506077 0.506077 2 6 5
43.7474 0.506052 0.506052 2 6 5
43.7674 0.506026 0.506026 2 6 5
43.7874 0.506001 0.506001 2 6 5
43.8074 0.505975 0.505975 2 6 5
43.8274 0.50595 0.50595 2 6 5
43.8474 0.505924 0.505924 2 6 5
43.8674 0.505898 0.505898 2 6 5
43.8874 0.505873 0.505873 2 6 5
43.9074 0.505847 0.505847 2 6 5
43.9274 0.505821 0.505821 2 6 5
43.9474 0.505796 0.505796 2 6 5
43.9674 0.50577 0.50577 2 6 5
43.9874 0.505745 0.505745 2 6 5
44.0074 0.505719 0.505719 2 6 5
44.0274 0.505694 0.505694 2 6 5
44.0474 0.505668 0.505668 2 6 5
44.0674 0.505642 0.505642 2 6 5
44.0874 0.505617 0.505617 2 6 5
44.1074 0.505591 0.505591 2 6 5
44.1274 0.505566 0.505566 2 6 5
44.1474 0.505541 0.505541 2 6 5
44.1674 0.505515 0.505515 2 6 5
44.1874 0.50549 0.50549 2 6 5
44.2074 0.505464 0.505464 2 6 5
44.2274 0.505439 0.505439 2 6 5
44.2474 0.505413 0.505413 2 6 5
44.2674 0.505388 0.505388 2 6 5
44.2874 0.505363 0.505363 2 6 5
44.3074 0.505337 0.505337 2 6 5
44.3274 0.505312 0.505312 2 6 5
44.3474 0.505287 0.505287 2 6 5
44.3674 0.505261 0.505261 2 6 5
44.3874 0.505236 0.505236 2 6 5
44.4074 0.505211 0.505211 2 6 5
44.4274 0.505185 0.505185 2 6 5
44.4474 0.50516 0.50516 2 6 5
44.4674 0.505135 0.505135 2 6 5
44.4874 0.50511 0.50511 2 6 5
44.5074 0.505084 0.505084 2 6 5
44.5274 0.505059 0.505059 2 6 5
44.5474 0.505034 0.505034 2 6 5
44.5674 0.505009 0.505009 2 6 5
44.5874 0.504984 0.504984 2 6 5
44.6074 0.504958 0.504958 2 6 5
44.6274 0.504933 0.504933 2 6 5
44.6474 0.504908 0.504908 2 6 5
44.6674 0.504883 0.504883 2 6 5
44.6874 0.504858 0.504858 2 6 5
44.7074 0.504833 0.504833 2 6 5
44.7274 0.504807 0.504807 2 6 5
44.7474 0.504782 0.504782 2 6 5
44.7674 0.504757 0.504757 2 6 5
44.7874 0.504732 0.504732 2 6 5
44.8074 0.504707 0.504707 2 6 5
44.8274 0.504682 0.504682 2 6 5
44.8474 0.504657 0.504657 2 6 5
44.8674 0.504632 0.504632 2 6 5
44.8874 0.504607 0.504607 2 6 5
44.9074 0.504582 0.504582 2 6 5
44.9274 0.504557 0.504557 2 6 5
44.9474 0.504532 0.504532 2 6 5
44.9674 0.504507 0.504507 2 6 5
44.9874 0.504482 0.504482 2 6 5
45.0074 0.504457 0.504457 2 6 5
45.0274 0.504432 0.504432 2 6 5
45.0474 0.504408 0.504408 2 6 5
45.0674 0.504383 0.504383 2 6 5
45.0874 0.504358 0.504358 2 6 5
45.1074 0.504333 0.504333 2 6 5
45.1274 0.504308 0.504308 2 6 5
45.1474 0.504283 0.504283 2 6 5
45.1674 0.504258 0.504258 2 6 5
45.1874 0.504234 0.504234 2 6 5
45.2074 0.504209 0.504209 2 6 5
45.2274 0.504184 0.504184 2 6 5
45.2474 0.504159 0.504159 2 6 5
45.2674 0.504134 0.504134 2 6 5
45.2874 0.50411 0.50411 2 6 5
45.3074 0.504085 0.504085 2 6 5
45.3274 0.50406 0.50406 2 6 5
45.3474 0.504035 0.504035 2 6 5
45.3674 0.504011 0.504011 2 6 5
45.3874 0.503986 0.503986 2 6 5
45.4074 0.503961 0.503961 2 6 5
45.4274 0.503937 0.503937 2 6 5
45.4474 0.503912 0.503912 2 6 5
45.4674 0.503887 0.503887 2 6 5
45.4874 0.503863 0.503863 2 6 5
45.5074 0.503838 0.503838 2 6 5
45.5274 0.503814 0.503814 2 6 5
45.5474 0.503789 0.503789 2 6 5
45.5674 0.503764 0.503764 2 6 5
45.5874 0.50374 0.50374 2 6 5
45.6074 0.503715 0.503715 2 6 5
45.6274 0.503691 0.503691 2 6 5
45.6474 0.503666 0.503666 2 6 5
45.6674 0.503642 0.503642 2 6 5
45.6874 0.503617 0.503617 2 6 5
45.7074 0.503593 0.503593 2 6 5
45.7274 0.503568 0.503568 2 6 5
45.7474 0.503544 0.503544 2 6 5
45.7674 0.503519 0.503519 2 6 5
45.7874 0.503495 0.503495 2 6 5
45.8074 0.50347 0.50347 2 6 5
45.8274 0.503446 0.503446 2 6 5
45.8474 0.503421 0.503421 2 6 5
45.8674 0.503397 0.503397 2 6 5
45.8874 0.503373 0.503373 2 6 5
45.9074 0.503348 0.503348 2 6 5
45.9274 0.503324 0.503324 2 6 5
45.9474 0.503299 0.503299 2 6 5
45.9674 0.503275 0.503275 2 6 5
45.9874 0.503251 0.503251 2 6 5
46.0074 0.503227 0.503227 2 6 5
46.0274 0.503202 0.503202 2 6 5
46.0474 0.503178 0.503178 2 6 5
46.0674 0.503154 0.503154 2 6 5
46.0874 0.503129 0.503129 2 6 5
46.1074 0.503105 0.503105 2 6 5
46.1274 0.503081 0.503081 2 6 5
46.1474 0.503057 0.503057 2 6 5
46.1674 0.503032 0.503032 2 6 5
46.1874 0.503008 0.503008 2 6 5
46.2074 0.502984 0.502984 2 6 5
46.2274 0.50296 0.50296 2 6 5
46.2474 0.502935 0.502935 2 6 5
46.2674 0.502911 0.502911 2 6 5
46.2874 0.502887 0.502887 2 6 5
46.3074 0.502863 0.502863 2 6 5
46.3274 0.502839 0.502839 2 6 5
46.3474 0.502815 0.502815 2 6 5
46.3674 0.502791 0.502791 2 6 5
46.3874 0.502767 0.502767 2 6 5
46.4074 0.502742 0.502742 2 6 5
46.4274 0.502718 0.502718 2 6 5
46.4474 0.502694 0.502694 2 6 5
46.4674 0.50267 0.50267 2 6 5
46.4874 0.502646 0.502646 2 6 5
46.5074 0.502622 0.502622 2 6 5
46.5274 0.502598 0.502598 2 6 5
46.5474 0.502574 0.502574 2 6 5
46.5674 0.50255 0.50255 2 6 5
46.5874 0.502526 0.502526 2 6 5
46.6074 0.502502 0.502502 2 6 5
46.6274 0.502478 0.502478 2 6 5
46.6474 0.502454 0.502454 2 6 5
46.6674 0.50243 0.50243 2 6 5
46.6874 0.502406 0.502406 2 6 5
46.7074 0.502382 0.502382 2 6 5
46.7274 0.502359 0.502359 2 6 5
46.7474 0.502335 0.502335 2 6 5
46.7674 0.502311 0.502311 2 6 5
46.7874 0.502287 0.502287 2 6 5
46.8074 0.502263 0.502263 2 6 5
46.8274 0.502239 0.502239 2 6 5
46.8474 0.502215 0.502215 2 6 5
46.8674 0.502191 0.502191 2 6 5
46.8874 0.502168 0.502168 2 6 5
46.9074 0.502144 0.502144 2 6 5
46.9274 0.50212 0.50212 2 6 5
46.9474 0.502096 0.502096 2 6 5
46.9674 0.502072 0.502072 2 6 5
46.9874 0.502049 0.502049 2 6 5
47.0074 0.502025 0.502025 2 6 5
47.0274 0.502001 0.502001 2 6 5
47.0474 0.501978 0.501978 2 6 5
47.0674 0.501954 0.501954 2 6 5
47.0874 0.50193 0.50193 2 6 5
47.1074 0.501906 0.501906 2 6 5
47.1274 0.501883 0.501883 2 6 5
47.1474 0.501859 0.501859 2 6 5
47.1674 0.501835 0.501835 2 6 5
47.1874 0.501812 0.501812 2 6 5
47.2074 0.501788 0.501788 2 6 5
47.2274 0.501764 0.501764 2 6 5
47.2474 0.501741 0.501741 2 6 5
47.2674 0.501717 0.501717 2 6 5
47.2874 0.501694 0.501694 2 6 5
47.3074 0.50167 0.50167 2 6 5
47.3274 0.501646 0.501646 2 6 5
47.3474 0.501623 0.501623 2 6 5
47.3674 0.501599 0.501599 2 6 5
47.3874 0.501576 0.501576 2 6 5
47.4074 0.501552 0.501552 2 6 5
47.4274 0.501529 0.501529 2 6 5
47.4474 0.501506 0.501506 2 6 5
47.4674 0.501482 0.501482 2 6 5
47.4874 0.501458 0.501458 2 6 5
47.5074 0.501435 0.501435 2 6 5
47.5274 0.501411 0.501411 2 6 5
47.5474 0.501388 0.501388 2 6 5
47.5674 0.501364 0.501364 2 6 5
47.5874 0.501341 0.501341 2 6 5
47.6074 0.501318 0.501318 2 6 5
47.6274 0.501294 0.501294 2 6 5
47.6474 0.501271 0.501271 2 6 5
47.6674 0.501247 0.501247 2 6 5
47.6874 0.501224 0.501224 2 6 5
47.7074 0.501201 0.501201 2 6 5
47.7274 0.501177 0.501177 2 6 5
47.7474 0.501154 0.501154 2 6 5
47.7674 0.501131 0.501131 2 6 5
47.7874 0.501107 0.501107 2 6 5
47.8074 0.501084 0.501084 2 6 5
47.8274 0.501061 0.501061 2 6 5
47.8474 0.501037 0.501037 2 6 5
47.8674 0.501014 0.501014 2 6 5
47.8874 0.500991 0.500991 2 6 5
47.9074 0.500968 0.500968 2 6 5
47.9274 0.500944 0.500944 2 6 5
47.9474 0.500921 0.500921 2 6 5
47.9674 0.500898 0.500898 2 6 5
47.9874 0.500875 0.500875 2 6 5
48.0074 0.500852 0.500852 2 6 5
48.0274 0.500828 0.500828 2 6 5
48.0474 0.500805 0.500805 2 6 5
48.0674 0.500782 0.500782 2 6 5
48.0874 0.500759 0.500759 2 6 5
48.1074 0.500736 0.500736 2 6 5
48.1274 0.500713 0.500713 2 6 5
48.1474 0.500689 0.500689 2 6 5
48.1674 0.500666 0.500666 2 6 5
48.1874 0.500643 0.500643 2 6 5
48.2074 0.50062 0.50062 2 6 5
48.2274 0.500597 0.500597 2 6 5
48.2474 0.500574 0.500574 2 6 5
48.2674 0.500551 0.500551 2 6 5
48.2874 0.500528 0.500528 2 6 5
48.3074 0.500505 0.500505 2 6 5
48.3274 0.500482 0.500482 2 6 5
48.3474 0.500459 0.500459 2 6 5
48.3674 0.500436 0.500436 2 6 5
48.3874 0.500413 0.500413 2 6 5
48.4074 0.50039 0.50039 2 6 5
48.4274 0.500367 0.500367 2 6 5
48.4474 0.500344 0.500344 2 6 5
48.4674 0.500321 0.500321 2 6 5
48.4874 0.500298 0.500298 2 6 5
48.5074 0.500275 0.500275 2 6 5
48.5274 0.500252 0.500252 2 6 5
48.5474 0.500229 0.500229 2 6 5
48.5674 0.500206 0.500206 2 6 5
48.5874 0.500183 0.500183 2 6 5
48.6074 0.50016 0.50016 2 6 5
48.6274 0.500138 0.500138 2 6 5
48.6474 0.500115 0.500115 2 6 5
48.6674 0.500092 0.500092 2 6 5
48.6874 0.500069 0.500069 2 6 5
48.7074 0.500046 0.500046 2 6 5
48.7274 0.500023 0.500023 2 6 5
48.7474 0.500001 0.500001 2 6 5
48.7674 0.499978 0.499978 2 6 5
48.7874 0.499955 0.499955 2 6 5
48.8074 0.499932 0.499932 2 6 5
48.8274 0.499909 0.499909 2 6 5
48.8474 0.499887 0.499887 2 6 5
48.8674 0.499864 0.499864 2 6 5
48.8874 0.499841 0.499841 2 6 5
48.9074 0.499818 0.499818 2 6 5
48.9274 0.499796 0.499796 2 6 5
48.9474 0.499773 0.499773 2 6 5
48.9674 0.49975 0.49975 2 6 5
48.9874 0.499728 0.499728 2 6 5
49.0074 0.499705 0.499705 2 6 5
49.0274 0.499682 0.499682 2 6 5
49.0474 0.49966 0.49966 2 6 5
49.0674 0.499637 0.499637 2 6 5
49.0874 0.499614 0.499614 2 6 5
49.1074 0.499592 0.499592 2 6 5
49.1274 0.499569 0.499569 2 6 5
49.1474 0.499547 0.499547 2 6 5
49.1674 0.499524 0.499524 2 6 5
49.1874 0.499501 0.499501 2 6 5
49.2074 0.499479 0.499479 2 6 5
49.2274 0.499456 0.499456 2 6 5
49.2474 0.499434 0.499434 2 6 5
49.2674 0.499411 0.499411 2 6 5
49.2874 0.499389 0.499389 2 6 5
49.3074 0.499366 0.499366 2 6 5
49.3274 0.499344 0.499344 2 6 5
49.3474 0.499321 0.499321 2 6 5
49.3674 0.499299 0.499299 2 6 5
49.3874 0.499276 0.499276 2 6 5
49.4074 0.499254 0.499254 2 6 5
49.4274 0.499231 0.499231 2 6 5
49.4474 0.499209 0.499209 2 6 5
49.4674 0.499186 0.499186 2 6 5
49.4874 0.499164 0.499164 2 6 5
49.5074 0.499141 0.499141 2 6 5
49.5274 0.499119 0.499119 2 6 5
49.5474 0.499097 0.499097 2 6 5
49.5674 0.499074 0.499074 2 6 5
49.5874 0.499052 0.499052 2 6 5
49.6074 0.499029 0.499029 2 6 5
49.6274 0.499007 0.499007 2 6 5
49.6474 0.498985 0.498985 2 6 5
49.6674 0.498962 0.498962 2 6 5
49.6874 0.49894 0.49894 2 6 5
49.7074 0.498917 0.498917 2 6 5
49.7274 0.498895 0.498895 2 6 5
49.7474 0.498873 0.498873 2 6 5
49.7674 0.498851 0.498851 2 6 5
49.7874 0.498829 0.498829 2 6 5
49.8074 0.498806 0.498806 2 6 5
49.8274 0.498784 0.498784 2 6 5
49.8474 0.498762 0.498762 2 6 5
49.8674 0.49874 0.49874 2 6 5
49.8874 0.498717 0.498717 2 6 5
49.9074 0.498695 0.498695 2 6 5
49.9274 0.498673 0.498673 2 6 5
49.9474 0.498651 0.498651 2 6 5
49.9674 0.498628 0.498628 2 6 5
49.9874 0.498606 0.498606 2 6 5
50.0074 0.498584 0.498584 2 6 5
50.0274 0.498562 0.498562 2 6 5
50.0474 0.49854 0.49854 2 6 5
50.0674 0.498518 0.498518 2 6 5
50.0874 0.498496 0.498496 2 6 5
50.1074 0.498473 0.498473 2 6 5
50.1274 0.498451 0.498451 2 6 5
50.1474 0.498429 0.498429 2 6 5
50.1674 0.498407 0.498407 2 6 5
50.1874 0.498385 0.498385 2 6 5
50.2074 0.498363 0.498363 2 6 5
50.2274 0.498341 0.498341 2 6 5
50.2474 0.498319 0.498319 2 6 5
50.2674 0.498297 0.498297 2 6 5
50.2874 0.498275 0.498275 2 6 5
50.3074 0.498253 0.498253 2 6 5
50.3274 0.498231 0.498231 2 6 5
50.3474 0.498209 0.498209 2 6 5
50.3674 0.498187 0.498187 2 6 5
50.3874 0.498165 0.498165 2 6 5
50.4074 0.498143 0.498143 2 6 5
50.4274 0.498121 0.498121 2 6 5
50.4474 0.498099 0.498099 2 6 5
50.4674 0.498077 0.498077 2 6 5
50.4874 0.498055 0.498055 2 6 5
50.5074 0.498033 0.498033 2 6 5
50.5274 0.498011 0.498011 2 6 5
50.5474 0.497989 0.497989 2 6 5
50.5674 0.497967 0.497967 2 6 5
50.5874 0.497945 0.497945 2 6 5
50.6074 0.497924 0.497924 2 6 5
50.6274 0.497902 0.497902 2 6 5
50.6474 0.49788 0.49788 2 6 5
50.6674 0.497858 0.497858 2 6 5
50.6874 0.497836 0.497836 2 6 5
50.7074 0.497814 0.497814 2 6 5
50.7274 0.497792 0.497792 2 6 5
50.7474 0.497771 0.497771 2 6 5
50.7674 0.497749 0.497749 2 6 5
50.7874 0.497727 0.497727 2 6 5
50.8074 0.497705 0.497705 2 6 5
50.8274 0.497683 0.497683 2 6 5
50.8474 0.497662 0.497662 2 6 5
50.8674 0.49764 0.49764 2 6 5
50.8874 0.497618 0.497618 2 6 5
50.9074 0.497596 0.497596 2 6 5
50.9274 0.497575 0.497575 2 6 5
50.9474 0.497553 0.497553 2 6 5
50.9674 0.497531 0.497531 2 6 5
50.9874 0.49751 0.49751 2 6 5
51.0074 0.497488 0.497488 2 6 5
51.0274 0.497466 0.497466 2 6 5
51.0474 0.497445 0.497445 2 6 5
51.0674 0.497423 0.497423 2 6 5
51.0874 0.497401 0.497401 2 6 5
51.1074 0.49738 0.49738 2 6 5
51.1274 0.497351 0.497351 2 6 5
51.1474 0.497333 0.497333 2 6 5
51.1674 0.497315 0.497315 2 6 5
51.1874 0.497295 0.497295 2 6 5
51.2074 0.497273 0.497273 2 6 5
51.2274 0.497251 0.497251 2 6 5
51.2474 0.497228 0.497228 2 6 5
51.2674 0.497206 0.497206 2 6 5
51.2874 0.497185 0.497185 2 6 5
51.3074 0.497164 0.497164 2 6 5
51.3274 0.497142 0.497142 2 6 5
51.3474 0.497121 0.497121 2 6 5
51.3674 0.497099 0.497099 2 6 5
51.3874 0.497078 0.497078 2 6 5
51.4074 0.497056 0.497056 2 6 5
51.4274 0.497035 0.497035 2 6 5
51.4474 0.497013 0.497013 2 6 5
51.4674 0.496992 0.496992 2 6 5
51.4874 0.49697 0.49697 2 6 5
51.5074 0.496949 0.496949 2 6 5
51.5274 0.496927 0.496927 2 6 5
51.5474 0.496906 0.496906 2 6 5
51.5674 0.496884 0.496884 2 6 5
51.5874 0.496863 0.496863 2 6 5
51.6074 0.496842 0.496842 2 6 5
51.6274 0.49682 0.49682 2 6 5
51.6474 0.496799 0.496799 2 6 5
51.6674 0.496777 0.496777 2 6 5
51.6874 0.496756 0.496756 2 6 5
51.7074 0.496735 0.496735 2 6 5
51.7274 0.496713 0.496713 2 6 5
51.7474 0.496692 0.496692 2 6 5
51.7674 0.496671 0.496671 2 6 5
51.7874 0.496649 0.496649 2 6 5
51.8074 0.496628 0.496628 2 6 5
51.8274 0.496607 0.496607 2 6 5
51.8474 0.496585 0.496585 2 6 5
51.8674 0.496564 0.496564 2 6 5
51.8874 0.496543 0.496543 2 6 5
51.9074 0.496522 0.496522 2 6 5
51.9274 0.4965 0.4965 2 6 5
51.9474 0.496479 0.496479 2 6 5
51.9674 0.496458 0.496458 2 6 5
51.9874 0.496437 0.496437 2 6 5
52.0074 0.496415 0.496415 2 6 5
52.0274 0.496394 0.496394 2 6 5
52.0474 0.496373 0.496373 2 6 5
52.0674 0.496352 0.496352 2 6 5
52.0874 0.496331 0.496331 2 6 5
52.1074 0.496309 0.496309 2 6 5
52.1274 0.496288 0.496288 2 6 5
52.1474 0.496267 0.496267 2 6 5
52.1674 0.496246 0.496246 2 6 5
52.1874 0.496225 0.496225 2 6 5
52.2074 0.496204 0.496204 2 6 5
52.2274 0.496183 0.496183 2 6 5
52.2474 0.496161 0.496161 2 6 5
52.2674 0.49614 0.49614 2 6 5
52.2874 0.496119 0.496119 2 6 5
52.3074 0.496098 0.496098 2 6 5
52.3274 0.496077 0.496077 2 6 5
52.3474 0.496056 0.496056 2 6 5
52.3674 0.496035 0.496035 2 6 5
52.3874 0.496014 0.496014 2 6 5
52.4074 0.495993 0.495993 2 6 5
52.4274 0.495972 0.495972 2 6 5
52.4474 0.495951 0.495951 2 6 5
52.4674 0.49593 0.49593 2 6 5
52.4874 0.495909 0.495909 2 6 5
52.5074 0.495888 0.495888 2 6 5
52.5274 0.495867 0.495867 2 6 5
52.5474 0.495846 0.495846 2 6 5
52.5674 0.495825 0.495825 2 6 5
52.5874 0.495804 0.495804 2 6 5
52.6074 0.495783 0.495783 2 6 5
52.6274 0.495762 0.495762 2 6 5
52.6474 0.495741 0.495741 2 6 5
52.6674 0.49572 0.49572 2 6 5
52.6874 0.495699 0.495699 2 6 5
52.7074 0.495678 0.495678 2 6 5
52.7274 0.495657 0.495657 2 6 5
52.7474 0.495636 0.495636 2 6 5
52.7674 0.495615 0.495615 2 6 5
52.7874 0.495595 0.495595 2 6 5
52.8074 0.495574 0.495574 2 6 5
52.8274 0.495553 0.495553 2 6 5
52.8474 0.495532 0.495532 2 6 5
52.8674 0.495511 0.495511 2 6 5
52.8874 0.49549 0.49549 2 6 5
52.9074 0.49547 0.49547 2 6 5
52.9274 0.495449 0.495449 2 6 5
52.9474 0.495428 0.495428 2 6 5
52.9674 0.495407 0.495407 2 6 5
52.9874 0.495386 0.495386 2 6 5
53.0074 0.495366 0.495366 2 6 5
53.0274 0.495345 0.495345 2 6 5
53.0474 0.495324 0.495324 2 6 5
53.0674 0.495303 0.495303 2 6 5
53.0874 0.495282 0.495282 2 6 5
53.1074 0.495262 0.495262 2 6 5
53.1274 0.495241 0.495241 2 6 5
53.1474 0.49522 0.49522 2 6 5
53.1674 0.4952 0.4952 2 6 5
53.1874 0.495179 0.495179 2 6 5
53.2074 0.495158 0.495158 2 6 5
53.2274 0.495137 0.495137 2 6 5
53.2474 0.495117 0.495117 2 6 5
53.2674 0.495096 0.495096 2 6 5
53.2874 0.495075 0.495075 2 6 5
53.3074 0.495055 0.495055 2 6 5
53.3274 0.495034 0.495034 2 6 5
53.3474 0.495014 0.495014 2 6 5
53.3674 0.494993 0.494993 2 6 5
53.3874 0.494972 0.494972 2 6 5
53.4074 0.494952 0.494952 2 6 5
53.4274 0.494931 0.494931 2 6 5
53.4474 0.49491 0.49491 2 6 5
53.4674 0.49489 0.49489 2 6 5
53.4874 0.494869 0.494869 2 6 5
53.5074 0.494849 0.494849 2 6 5
53.5274 0.494828 0.494828 2 6 5
53.5474 0.494808 0.494808 2 6 5
53.5674 0.494787 0.494787 2 6 5
53.5874 0.494767 0.494767 2 6 5
53.6074 0.494746 0.494746 2 6 5
53.6274 0.494726 0.494726 2 6 5
53.6474 0.494705 0.494705 2 6 5
53.6674 0.494685 0.494685 2 6 5
53.6874 0.494664 0.494664 2 6 5
53.7074 0.494644 0.494644 2 6 5
53.7274 0.494623 0.494623 2 6 5
53.7474 0.494603 0.494603 2 6 5
53.7674 0.494582 0.494582 2 6 5
53.7874 0.494562 0.494562 2 6 5
53.8074 0.494541 0.494541 2 6 5
53.8274 0.494521 0.494521 2 6 5
53.8474 0.494501 0.494501 2 6 5
53.8674 0.49448 0.49448 2 6 5
53.8874 0.49446 0.49446 2 6 5
53.9074 0.494439 0.494439 2 6 5
53.9274 0.494419 0.494419 2 6 5
53.9474 0.494398 0.494398 2 6 5
53.9674 0.494378 0.494378 2 6 5
53.9874 0.494358 0.494358 2 6 5
54.0074 0.494338 0.494338 2 6 5
54.0274 0.494317 0.494317 2 6 5
54.0474 0.494297 0.494297 2 6 5
54.0674 0.494276 0.494276 2 6 5
54.0874 0.494256 0.494256 2 6 5
54.1074 0.494236 0.494236 2 6 5
54.1274 0.494215 0.494215 2 6 5
54.1474 0.494195 0.494195 2 6 5
54.1674 0.494175 0.494175 2 6 5
54.1874 0.494155 0.494155 2 6 5
54.2074 0.494134 0.494134 2 6 5
54.2274 0.494114 0.494114 2 6 5
54.2474 0.494094 0.494094 2 6 5
54.2674 0.494074 0.494074 2 6 5
54.2874 0.494053 0.494053 2 6 5
54.3074 0.494033 0.494033 2 6 5
54.3274 0.494013 0.494013 2 6 5
54.3474 0.493993 0.493993 2 6 5
54.3674 0.493973 0.493973 2 6 5
54.3874 0.493952 0.493952 2 6 5
54.4074 0.493932 0.493932 2 6 5
54.4274 0.493912 0.493912 2 6 5
54.4474 0.493892 0.493892 2 6 5
54.4674 0.493872 0.493872 2 6 5
54.4874 0.493851 0.493851 2 6 5
54.5074 0.493831 0.493831 2 6 5
54.5274 0.493811 0.493811 2 6 5
54.5474 0.493791 0.493791 2 6 5
54.5674 0.493771 0.493771 2 6 5
54.5874 0.493751 0.493751 2 6 5
54.6074 0.493731 0.493731 2 6 5
54.6274 0.493711 0.493711 2 6 5
54.6474 0.49369 0.49369 2 6 5
54.6674 0.49367 0.49367 2 6 5
54.6874 0.49365 0.49365 2 6 5
54.7074 0.49363 0.49363 2 6 5
54.7274 0.49361 0.49361 2 6 5
54.7474 0.49359 0.49359 2 6 5
54.7674 0.49357 0.49357 2 6 5
54.7874 0.49355 0.49355 2 6 5
54.8074 0.49353 0.49353 2 6 5
54.8274 0.49351 0.49351 2 6 5
54.8474 0.49349 0.49349 2 6 5
54.8674 0.49347 0.49347 2 6 5
54.8874 0.49345 0.49345 2 6 5
54.9074 0.49343 0.49343 2 6 5
54.9274 0.49341 0.49341 2 6 5
54.9474 0.49339 0.49339 2 6 5
54.9674 0.49337 0.49337 2 6 5
54.9874 0.49335 0.49335 2 6 5
55.0074 0.49333 0.49333 2 6 5
55.0274 0.49331 0.49331 2 6 5
55.0474 0.49329 0.49329 2 6 5
55.0674 0.49327 0.49327 2 6 5
55.0874 0.493251 0.493251 2 6 5
55.1074 0.493231 0.493231 2 6 5
55.1274 0.493211 0.493211 2 6 5
55.1474 0.493191 0.493191 2 6 5
55.1674 0.493171 0.493171 2 6 5
55.1874 0.493151 0.493151 2 6 5
55.2074 0.493131 0.493131 2 6 5
55.2274 0.493111 0.493111 2 6 5
55.2474 0.493092 0.493092 2 6 5
55.2674 0.493072 0.493072 2 6 5
55.2874 0.493052 0.493052 2 6 5
55.3074 0.493032 0.493032 2 6 5
55.3274 0.493012 0.493012 2 6 5
55.3474 0.492992 0.492992 2 6 5
55.3674 0.492973 0.492973 2 6 5
55.3874 0.492953 0.492953 2 6 5
55.4074 0.492933 0.492933 2 6 5
55.4274 0.492913 0.492913 2 6 5
55.4474 0.492894 0.492894 2 6 5
55.4674 0.492874 0.492874 2 6 5
55.4874 0.492854 0.492854 2 6 5
55.5074 0.492834 0.492834 2 6 5
55.5274 0.492815 0.492815 2 6 5
55.5474 0.492795 0.492795 2 6 5
55.5674 0.492775 0.492775 2 6 5
55.5874 0.492755 0.492755 2 6 5
55.6074 0.492736 0.492736 2 6 5
55.6274 0.492716 0.492716 2 6 5
55.6474 0.492696 0.492696 2 6 5
55.6674 0.492677 0.492677 2 6 5
55.6874 0.492657 0.492657 2 6 5
55.7074 0.492637 0.492637 2 6 5
55.7274 0.492618 0.492618 2 6 5
55.7474 0.492598 0.492598 2 6 5
55.7674 0.492578 0.492578 2 6 5
55.7874 0.492559 0.492559 2 6 5
55.8074 0.492539 0.492539 2 6 5
55.8274 0.492519 0.492519 2 6 5
55.8474 0.4925 0.4925 2 6 5
55.8674 0.49248 0.49248 2 6 5
55.8874 0.492461 0.492461 2 6 5
55.9074 0.492441 0.492441 2 6 5
55.9274 0.492422 0.492422 2 6 5
55.9474 0.492402 0.492402 2 6 5
55.9674 0.492382 0.492382 2 6 5
55.9874 0.492363 0.492363 2 6 5
56.0074 0.492343 0.492343 2 6 5
56.0274 0.492324 0.492324 2 6 5
56.0474 0.492304 0.492304 2 6 5
56.0674 0.492285 0.492285 2 6 5
56.0874 0.492265 0.492265 2 6 5
56.1074 0.492246 0.492246 2 6 5
56.1274 0.492226 0.492226 2 6 5
56.1474 0.492207 0.492207 2 6 5
56.1674 0.492187 0.492187 2 6 5
56.1874 0.492168 0.492168 2 6 5
56.2074 0.492148 0.492148 2 6 5
56.2274 0.492129 0.492129 2 6 5
56.2474 0.492109 0.492109 2 6 5
56.2674 0.49209 0.49209 2 6 5
56.2874 0.49207 0.49207 2 6 5
56.3074 0.492051 0.492051 2 6 5
56.3274 0.492032 0.492032 2 6 5
56.3474 0.492012 0.492012 2 6 5
56.3674 0.491993 0.491993 2 6 5
56.3874 0.491973 0.491973 2 6 5
56.4074 0.491954 0.491954 2 6 5
56.4274 0.491935 0.491935 2 6 5
56.4474 0.491915 0.491915 2 6 5
56.4674 0.491896 0.491896 2 6 5
56.4874 0.491876 0.491876 2 6 5
56.5074 0.491857 0.491857 2 6 5
56.5274 0.491838 0.491838 2 6 5
56.5474 0.491818 0.491818 2 6 5
56.5674 0.491799 0.491799 2 6 5
56.5874 0.49178 0.49178 2 6 5
56.6074 0.49176 0.49176 2 6 5
56.6274 0.491741 0.491741 2 6 5
56.6474 0.491722 0.491722 2 6 5
56.6674 0.491703 0.491703 2 6 5
56.6874 0.491683 0.491683 2 6 5
56.7074 0.491664 0.491664 2 6 5
56.7274 0.491645 0.491645 2 6 5
56.7474 0.491625 0.491625 2 6 5
56.7674 0.491606 0.491606 2 6 5
56.7874 0.491587 0.491587 2 6 5
56.8074 0.491568 0.491568 2 6 5
56.8274 0.491548 0.491548 2 6 5
56.8474 0.491529 0.491529 2 6 5
56.8674 0.49151 0.49151 2 6 5
56.8874 0.491491 0.491491 2 6 5
56.9074 0.491472 0.491472 2 6 5
56.9274 0.491452 0.491452 2 6 5
56.9474 0.491433 0.491433 2 6 5
56.9674 0.491414 0.491414 2 6 5
56.9874 0.491395 0.491395 2 6 5
57.0074 0.491376 0.491376 2 6 5
57.0274 0.491357 0.491357 2 6 5
57.0474 0.491337 0.491337 2 6 5
57.0674 0.491318 0.491318 2 6 5
57.0874 0.491299 0.491299 2 6 5
57.1074 0.49128 0.49128 2 6 5
57.1274 0.491261 0.491261 2 6 5
57.1474 0.491242 0.491242 2 6 5
57.1674 0.491223 0.491223 2 6 5
57.1874 0.491204 0.491204 2 6 5
57.2074 0.491184 0.491184 2 6 5
57.2274 0.491165 0.491165 2 6 5
57.2474 0.491146 0.491146 2 6 5
57.2674 0.491127 0.491127 2 6 5
57.2874 0.491108 0.491108 2 6 5
57.3074 0.491089 0.491089 2 6 5
57.3274 0.49107 0.49107 2 6 5
57.3474 0.491051 0.491051 2 6 5
57.3674 0.491032 0.491032 2 6 5
57.3874 0.491013 0.491013 2 6 5
57.4074 0.490994 0.490994 2 6 5
57.4274 0.490975 0.490975 2 6 5
57.4474 0.490956 0.490956 2 6 5
57.4674 0.490937 0.490937 2 6 5
57.4874 0.490918 0.490918 2 6 5
57.5074 0.490899 0.490899 2 6 5
57.5274 0.49088 0.49088 2 6 5
57.5474 0.490861 0.490861 2 6 5
57.5674 0.490842 0.490842 2 6 5
57.5874 0.490823 0.490823 2 6 5
57.6074 0.490804 0.490804 2 6 5
57.6274 0.490785 0.490785 2 6 5
57.6474 0.490766 0.490766 2 6 5
57.6674 0.490747 0.490747 2 6 5
57.6874 0.490728 0.490728 2 6 5
57.7074 0.49071 0.49071 2 6 5
57.7274 0.490691 0.490691 2 6 5
57.7474 0.490672 0.490672 2 6 5
57.7674 0.490653 0.490653 2 6 5
57.7874 0.490634 0.490634 2 6 5
57.8074 0.490615 0.490615 2 6 5
57.8274 0.490596 0.490596 2 6 5
57.8474 0.490577 0.490577 2 6 5
57.8674 0.490559 0.490559 2 6 5
57.8874 0.49054 0.49054 2 6 5
57.9074 0.490521 0.490521 2 6 5
57.9274 0.490502 0.490502 2 6 5
57.9474 0.490483 0.490483 2 6 5
57.9674 0.490464 0.490464 2 6 5
57.9874 0.490446 0.490446 2 6 5
58.0074 0.490427 0.490427 2 6 5
58.0274 0.490408 0.490408 2 6 5
58.0474 0.490389 0.490389 2 6 5
58.0674 0.49037 0.49037 2 6 5
58.0874 0.490351 0.490351 2 6 5
58.1074 0.490333 0.490333 2 6 5
58.1274 0.490314 0.490314 2 6 5
58.1474 0.490295 0.490295 2 6 5
58.1674 0.490277 0.490277 2 6 5
58.1874 0.490258 0.490258 2 6 5
58.2074 0.490239 0.490239 2 6 5
58.2274 0.49022 0.49022 2 6 5
58.2474 0.490202 0.490202 2 6 5
58.2674 0.490183 0.490183 2 6 5
58.2874 0.490164 0.490164 2 6 5
58.3074 0.490146 0.490146 2 6 5
58.3274 0.490127 0.490127 2 6 5
58.3474 0.490108 0.490108 2 6 5
58.3674 0.49009 0.49009 2 6 5
58.3874 0.490071 0.490071 2 6 5
58.4074 0.490052 0.490052 2 6 5
58.4274 0.490034 0.490034 2 6 5
58.4474 0.490015 0.490015 2 6 5
58.4674 0.489996 0.489996 2 6 5
58.4874 0.489978 0.489978 2 6 5
58.5074 0.489959 0.489959 2 6 5
58.5274 0.489941 0.489941 2 6 5
58.5474 0.489922 0.489922 2 6 5
58.5674 0.489903 0.489903 2 6 5
58.5874 0.489885 0.489885 2 6 5
58.6074 0.489866 0.489866 2 6 5
58.6274 0.489848 0.489848 2 6 5
58.6474 0.489829 0.489829 2 6 5
58.6674 0.48981 0.48981 2 6 5
58.6874 0.489792 0.489792 2 6 5
58.7074 0.489773 0.489773 2 6 5
58.7274 0.489755 0.489755 2 6 5
58.7474 0.489736 0.489736 2 6 5
58.7674 0.489718 0.489718 2 6 5
58.7874 0.489699 0.489699 2 6 5
58.8074 0.489681 0.489681 2 6 5
58.8274 0.489662 0.489662 2 6 5
58.8474 0.489644 0.489644 2 6 5
58.8674 0.489625 0.489625 2 6 5
58.8874 0.489607 0.489607 2 6 5
58.9074 0.489588 0.489588 2 6 5
58.9274 0.48957 0.48957 2 6 5
58.9474 0.489551 0.489551 2 6 5
58.9674 0.489533 0.489533 2 6 5
58.9874 0.489514 0.489514 2 6 5
59.0074 0.489496 0.489496 2 6 5
59.0274 0.489478 0.489478 2 6 5
59.0474 0.489459 0.489459 2 6 5
59.0674 0.489441 0.489441 2 6 5
59.0874 0.489422 0.489422 2 6 5
59.1074 0.489404 0.489404 2 6 5
59.1274 0.489385 0.489385 2 6 5
59.1474 0.489367 0.489367 2 6 5
59.1674 0.489349 0.489349 2 6 5
59.1874 0.48933 0.48933 2 6 5
59.2074 0.489312 0.489312 2 6 5
59.2274 0.489293 0.489293 2 6 5
59.2474 0.489275 0.489275 2 6 5
59.2674 0.489257 0.489257 2 6 5
59.2874 0.489238 0.489238 2 6 5
59.3074 0.48922 0.48922 2 6 5
59.3274 0.489202 0.489202 2 6 5
59.3474 0.489183 0.489183 2 6 5
59.3674 0.489165 0.489165 2 6 5
59.3874 0.489147 0.489147 2 6 5
59.4074 0.489128 0.489128 2 6 5
59.4274 0.48911 0.48911 2 6 5
59.4474 0.489092 0.489092 2 6 5
59.4674 0.489074 0.489074 2 6 5
59.4874 0.489056 0.489056 2 6 5
59.5074 0.489037 0.489037 2 6 5
59.5274 0.489019 0.489019 2 6 5
59.5474 0.489 0.489 2 6 5
59.5674 0.488982 0.488982 2 6 5
59.5874 0.488964 0.488964 2 6 5
59.6074 0.488946 0.488946 2 6 5
59.6274 0.488928 0.488928 2 6 5
59.6474 0.488909 0.488909 2 6 5
59.6674 0.488891 0.488891 2 6 5
59.6874 0.488873 0.488873 2 6 5
59.7074 0.488855 0.488855 2 6 5
59.7274 0.488836 0.488836 2 6 5
59.7474 0.488818 0.488818 2 6 5
59.7674 0.4888 0.4888 2 6 5
59.7874 0.488782 0.488782 2 6 5
59.8074 0.488764 0.488764 2 6 5
59.8274 0.488746 0.488746 2 6 5
59.8474 0.488727 0.488727 2 6 5
59.8674 0.488709 0.488709 2 6 5
59.8874 0.488691 0.488691 2 6 5
59.9074 0.488673 0.488673 2 6 5
59.9274 0.488655 0.488655 2 6 5
59.9474 0.488637 0.488637 2 6 5
59.9674 0.488619 0.488619 2 6 5
59.9874 0.4886 0.4886 2 6 5
60.0074 0.488582 0.488582 2 6 5
60.0274 0.488564 0.488564 2 6 5
60.0474 0.488546 0.488546 2 6 5
60.0674 0.488528 0.488528 2 6 5
60.0874 0.48851 0.48851 2 6 5
60.1074 0.488492 0.488492 2 6 5
60.1274 0.488474 0.488474 2 6 5
60.1474 0.488456 0.488456 2 6 5
60.1674 0.488438 0.488438 2 6 5
60.1874 0.48842 0.48842 2 6 5
60.2074 0.488402 0.488402 2 6 5
60.2274 0.488384 0.488384 2 6 5
60.2474 0.488366 0.488366 2 6 5
60.2674 0.488348 0.488348 2 6 5
60.2874 0.48833 0.48833 2 6 5
60.3074 0.488312 0.488312 2 6 5
60.3274 0.488294 0.488294 2 6 5
60.3474 0.488276 0.488276 2 6 5
60.3674 0.488258 0.488258 2 6 5
60.3874 0.48824 0.48824 2 6 5
60.4074 0.488222 0.488222 2 6 5
60.4274 0.488204 0.488204 2 6 5
60.4474 0.488186 0.488186 2 6 5
60.4674 0.488168 0.488168 2 6 5
60.4874 0.48815 0.48815 2 6 5
60.5074 0.488132 0.488132 2 6 5
60.5274 0.488114 0.488114 2 6 5
60.5474 0.488096 0.488096 2 6 5
60.5674 0.488078 0.488078 2 6 5
60.5874 0.48806 0.48806 2 6 5
60.6074 0.488042 0.488042 2 6 5
60.6274 0.488024 0.488024 2 6 5
60.6474 0.488007 0.488007 2 6 5
60.6674 0.487989 0.487989 2 6 5
60.6874 0.487971 0.487971 2 6 5
60.7074 0.487953 0.487953 2 6 5
60.7274 0.487935 0.487935 2 6 5
60.7474 0.487917 0.487917 2 6 5
60.7674 0.487899 0.487899 2 6 5
60.7874 0.487881 0.487881 2 6 5
60.8074 0.487864 0.487864 2 6 5
60.8274 0.487846 0.487846 2 6 5
60.8474 0.487828 0.487828 2 6 5
60.8674 0.48781 0.48781 2 6 5
60.8874 0.487792 0.487792 2 6 5
60.9074 0.487775 0.487775 2 6 5
60.9274 0.487757 0.487757 2 6 5
60.9474 0.487739 0.487739 2 6 5
60.9674 0.487721 0.487721 2 6 5
60.9874 0.487703 0.487703 2 6 5
61.0074 0.487686 0.487686 2 6 5
61.0274 0.487668 0.487668 2 6 5
61.0474 0.48765 0.48765 2 6 5
61.0674 0.487632 0.487632 2 6 5
61.0874 0.487615 0.487615 2 6 5
61.1074 0.487597 0.487597 2 6 5
61.1274 0.487579 0.487579 2 6 5
61.1474 0.487561 0.487561 2 6 5
61.1674 0.487544 0.487544 2 6 5
61.1874 0.487526 0.487526 2 6 5
61.2074 0.487508 0.487508 2 6 5
61.2274 0.487491 0.487491 2 6 5
61.2474 0.487473 0.487473 2 6 5
61.2674 0.487455 0.487455 2 6 5
61.2874 0.487437 0.487437 2 6 5
61.3074 0.48742 0.48742 2 6 5
61.3274 0.487402 0.487402 2 6 5
61.3474 0.487384 0.487384 2 6 5
61.3674 0.487367 0.487367 2 6 5
61.3874 0.487349 0.487349 2 6 5
61.4074 0.487331 0.487331 2 6 5
61.4274 0.487314 0.487314 2 6 5
61.4474 0.487296 0.487296 2 6 5
61.4674 0.487279 0.487279 2 6 5
61.4874 0.487261 0.487261 2 6 5
61.5074 0.487243 0.487243 2 6 5
61.5274 0.487226 0.487226 2 6 5
61.5474 0.487208 0.487208 2 6 5
61.5674 0.487191 0.487191 2 6 5
61.5874 0.487173 0.487173 2 6 5
61.6074 0.487155 0.487155 2 6 5
61.6274 0.487138 0.487138 2 6 5
61.6474 0.48712 0.48712 2 6 5
61.6674 0.487103 0.487103 2 6 5
61.6874 0.487085 0.487085 2 6 5
61.7074 0.487068 0.487068 2 6 5
61.7274 0.48705 0.48705 2 6 5
61.7474 0.487032 0.487032 2 6 5
61.7674 0.487015 0.487015 2 6 5
61.7874 0.486997 0.486997 2 6 5
61.8074 0.48698 0.48698 2 6 5
61.8274 0.486962 0.486962 2 6 5
61.8474 0.486945 0.486945 2 6 5
61.8674 0.486927 0.486927 2 6 5
61.8874 0.48691 0.48691 2 6 5
61.9074 0.486892 0.486892 2 6 5
61.9274 0.486875 0.486875 2 6 5
61.9474 0.486857 0.486857 2 6 5
61.9674 0.48684 0.48684 2 6 5
61.9874 0.486822 0.486822 2 6 5
62.0074 0.486805 0.486805 2 6 5
62.0274 0.486788 0.486788 2 6 5
62.0474 0.48677 0.48677 2 6 5
62.0674 0.486753 0.486753 2 6 5
62.0874 0.486735 0.486735 2 6 5
62.1074 0.486718 0.486718 2 6 5
62.1274 0.4867 0.4867 2 6 5
62.1474 0.486683 0.486683 2 6 5
62.1674 0.486666 0.486666 2 6 5
62.1874 0.486648 0.486648 2 6 5
62.2074 0.486631 0.486631 2 6 5
62.2274 0.486613 0.486613 2 6 5
62.2474 0.486596 0.486596 2 6 5
62.2674 0.486579 0.486579 2 6 5
62.2874 0.486561 0.486561 2 6 5
62.3074 0.486544 0.486544 2 6 5
62.3274 0.486527 0.486527 2 6 5
62.3474 0.486509 0.486509 2 6 5
62.3674 0.486492 0.486492 2 6 5
62.3874 0.486475 0.486475 2 6 5
62.4074 0.486457 0.486457 2 6 5
62.4274 0.48644 0.48644 2 6 5
62.4474 0.486423 0.486423 2 6 5
62.4674 0.486405 0.486405 2 6 5
62.4874 0.486388 0.486388 2 6 5
62.5074 0.486371 0.486371 2 6 5
62.5274 0.486353 0.486353 2 6 5
62.5474 0.486336 0.486336 2 6 5
62.5674 0.486319 0.486319 2 6 5
62.5874 0.486302 0.486302 2 6 5
62.6074 0.486284 0.486284 2 6 5
62.6274 0.486267 0.486267 2 6 5
62.6474 0.48625 0.48625 2 6 5
62.6674 0.486232 0.486232 2 6 5
62.6874 0.486215 0.486215 2 6 5
62.7074 0.486198 0.486198 2 6 5
62.7274 0.486181 0.486181 2 6 5
62.7474 0.486164 0.486164 2 6 5
62.7674 0.486146 0.486146 2 6 5
62.7874 0.486129 0.486129 2 6 5
62.8074 0.486112 0.486112 2 6 5
62.8274 0.486095 0.486095 2 6 5
62.8474 0.486077 0.486077 2 6 5
62.8674 0.48606 0.48606 2 6 5
62.8874 0.486043 0.486043 2 6 5
62.9074 0.486026 0.486026 2 6 5
62.9274 0.486009 0.486009 2 6 5
62.9474 0.485992 0.485992 2 6 5
62.9674 0.485974 0.485974 2 6 5
62.9874 0.485957 0.485957 2 6 5
63.0074 0.48594 0.48594 2 6 5
63.0274 0.485923 0.485923 2 6 5
63.0474 0.485906 0.485906 2 6 5
63.0674 0.485889 0.485889 2 6 5
63.0874 0.485872 0.485872 2 6 5
63.1074 0.485855 0.485855 2 6 5
63.1274 0.485837 0.485837 2 6 5
63.1474 0.48582 0.48582 2 6 5
63.1674 0.485803 0.485803 2 6 5
63.1874 0.485786 0.485786 2 6 5
63.2074 0.485769 0.485769 2 6 5
63.2274 0.485752 0.485752 2 6 5
63.2474 0.485735 0.485735 2 6 5
63.2674 0.485718 0.485718 2 6 5
63.2874 0.485701 0.485701 2 6 5
63.3074 0.485684 0.485684 2 6 5
63.3274 0.485667 0.485667 2 6 5
63.3474 0.485649 0.485649 2 6 5
63.3674 0.485632 0.485632 2 6 5
63.3874 0.485615 0.485615 2 6 5
63.4074 0.485598 0.485598 2 6 5
63.4274 0.485581 0.485581 2 6 5
63.4474 0.485564 0.485564 2 6 5
63.4674 0.485547 0.485547 2 6 5
63.4874 0.48553 0.48553 2 6 5
63.5074 0.485513 0.485513 2 6 5
63.5274 0.485496 0.485496 2 6 5
63.5474 0.485479 0.485479 2 6 5
63.5674 0.485462 0.485462 2 6 5
63.5874 0.485445 0.485445 2 6 5
63.6074 0.485428 0.485428 2 6 5
63.6274 0.485411 0.485411 2 6 5
63.6474 0.485395 0.485395 2 6 5
63.6674 0.485378 0.485378 2 6 5
63.6874 0.485361 0.485361 2 6 5
63.7074 0.485344 0.485344 2 6 5
63.7274 0.485327 0.485327 2 6 5
63.7474 0.48531 0.48531 2 6 5
63.7674 0.485293 0.485293 2 6 5
63.7874 0.485276 0.485276 2 6 5
63.8074 0.485259 0.485259 2 6 5
63.8274 0.485242 0.485242 2 6 5
63.8474 0.485225 0.485225 2 6 5
63.8674 0.485209 0.485209 2 6 5
63.8874 0.485192 0.485192 2 6 5
63.9074 0.485175 0.485175 2 6 5
63.9274 0.485158 0.485158 2 6 5
63.9474 0.485141 0.485141 2 6 5
63.9674 0.485124 0.485124 2 6 5
63.9874 0.485107 0.485107 2 6 5
64.0074 0.48509 0.48509 2 6 5
64.0274 0.485073 0.485073 2 6 5
64.0474 0.485057 0.485057 2 6 5
64.0674 0.48504 0.48504 2 6 5
64.0874 0.485023 0.485023 2 6 5
64.1074 0.485006 0.485006 2 6 5
64.1274 0.484989 0.484989 2 6 5
64.1474 0.484973 0.484973 2 6 5
64.1674 0.484956 0.484956 2 6 5
64.1874 0.484939 0.484939 2 6 5
64.2074 0.484922 0.484922 2 6 5
64.2274 0.484905 0.484905 2 6 5
64.2474 0.484889 0.484889 2 6 5
64.2674 0.484872 0.484872 2 6 5
64.2874 0.484855 0.484855 2 6 5
64.3074 0.484838 0.484838 2 6 5
64.3274 0.484821 0.484821 2 6 5
64.3474 0.484805 0.484805 2 6 5
64.3674 0.484788 0.484788 2 6 5
64.3874 0.484771 0.484771 2 6 5
64.4074 0.484755 0.484755 2 6 5
64.4274 0.484738 0.484738 2 6 5
64.4474 0.484721 0.484721 2 6 5
64.4674 0.484704 0.484704 2 6 5
64.4874 0.484688 0.484688 2 6 5
64.5074 0.484671 0.484671 2 6 5
64.5274 0.484654 0.484654 2 6 5
64.5474 0.484638 0.484638 2 6 5
64.5674 0.484621 0.484621 2 6 5
64.5874 0.484604 0.484604 2 6 5
64.6074 0.484587 0.484587 2 6 5
64.6274 0.484571 0.484571 2 6 5
64.6474 0.484554 0.484554 2 6 5
64.6674 0.484537 0.484537 2 6 5
64.6874 0.484521 0.484521 2 6 5
64.7074 0.484504 0.484504 2 6 5
64.7274 0.484488 0.484488 2 6 5
64.7474 0.484471 0.484471 2 6 5
64.7674 0.484454 0.484454 2 6 5
64.7874 0.484438 0.484438 2 6 5
64.8074 0.484421 0.484421 2 6 5
64.8274 0.484404 0.484404 2 6 5
64.8474 0.484388 0.484388 2 6 5
64.8674 0.484371 0.484371 2 6 5
64.8874 0.484355 0.484355 2 6 5
64.9074 0.484338 0.484338 2 6 5
64.9274 0.484321 0.484321 2 6 5
64.9474 0.484305 0.484305 2 6 5
64.9674 0.484288 0.484288 2 6 5
64.9874 0.484272 0.484272 2 6 5
65.0074 0.484255 0.484255 2 6 5
65.0274 0.484239 0.484239 2 6 5
65.0474 0.484222 0.484222 2 6 5
65.0674 0.484205 0.484205 2 6 5
65.0874 0.484189 0.484189 2 6 5
65.1074 0.484172 0.484172 2 6 5
65.1274 0.484156 0.484156 2 6 5
65.1474 0.484139 0.484139 2 6 5
65.1674 0.484123 0.484123 2 6 5
65.1874 0.484106 0.484106 2 6 5
65.2074 0.48409 0.48409 2 6 5
65.2274 0.484073 0.484073 2 6 5
65.2474 0.484057 0.484057 2 6 5
65.2674 0.48404 0.48404 2 6 5
65.2874 0.484024 0.484024 2 6 5
65.3074 0.484007 0.484007 2 6 5
65.3274 0.483991 0.483991 2 6 5
65.3474 0.483974 0.483974 2 6 5
65.3674 0.483958 0.483958 2 6 5
65.3874 0.483942 0.483942 2 6 5
65.4074 0.483925 0.483925 2 6 5
65.4274 0.483909 0.483909 2 6 5
65.4474 0.483892 0.483892 2 6 5
65.4674 0.483876 0.483876 2 6 5
65.4874 0.483859 0.483859 2 6 5
65.5074 0.483843 0.483843 2 6 5
65.5274 0.483827 0.483827 2 6 5
65.5474 0.48381 0.48381 2 6 5
65.5674 0.483794 0.483794 2 6 5
65.5874 0.483777 0.483777 2 6 5
65.6074 0.483761 0.483761 2 6 5
65.6274 0.483744 0.483744 2 6 5
65.6474 0.483728 0.483728 2 6 5
65.6674 0.483712 0.483712 2 6 5
65.6874 0.483695 0.483695 2 6 5
65.7074 0.483679 0.483679 2 6 5
65.7274 0.483663 0.483663 2 6 5
65.7474 0.483646 0.483646 2 6 5
65.7674 0.48363 0.48363 2 6 5
65.7874 0.483614 0.483614 2 6 5
65.8074 0.483597 0.483597 2 6 5
65.8274 0.483581 0.483581 2 6 5
65.8474 0.483565 0.483565 2 6 5
65.8674 0.483548 0.483548 2 6 5
65.8874 0.483532 0.483532 2 6 5
65.9074 0.483516 0.483516 2 6 5
65.9274 0.483499 0.483499 2 6 5
65.9474 0.483483 0.483483 2 6 5
65.9674 0.483467 0.483467 2 6 5
65.9874 0.48345 0.48345 2 6 5
66.0074 0.483434 0.483434 2 6 5
66.0274 0.483418 0.483418 2 6 5
66.0474 0.483402 0.483402 2 6 5
66.0674 0.483385 0.483385 2 6 5
66.0874 0.483369 0.483369 2 6 5
66.1074 0.483353 0.483353 2 6 5
66.1274 0.483337 0.483337 2 6 5
66.1474 0.48332 0.48332 2 6 5
66.1674 0.483304 0.483304 2 6 5
66.1874 0.483288 0.483288 2 6 5
66.2074 0.483272 0.483272 2 6 5
66.2274 0.483255 0.483255 2 6 5
66.2474 0.483239 0.483239 2 6 5
66.2674 0.483223 0.483223 2 6 5
66.2874 0.483207 0.483207 2 6 5
66.3074 0.483191 0.483191 2 6 5
66.3274 0.483174 0.483174 2 6 5
66.3474 0.483158 0.483158 2 6 5
66.3674 0.483142 0.483142 2 6 5
66.3874 0.483126 0.483126 2 6 5
66.4074 0.48311 0.48311 2 6 5
66.4274 0.483093 0.483093 2 6 5
66.4474 0.483077 0.483077 2 6 5
66.4674 0.483061 0.483061 2 6 5
66.4874 0.483045 0.483045 2 6 5
66.5074 0.483029 0.483029 2 6 5
66.5274 0.483013 0.483013 2 6 5
66.5474 0.482997 0.482997 2 6 5
66.5674 0.48298 0.48298 2 6 5
66.5874 0.482964 0.482964 2 6 5
66.6074 0.482948 0.482948 2 6 5
66.6274 0.482932 0.482932 2 6 5
66.6474 0.482916 0.482916 2 6 5
66.6674 0.4829 0.4829 2 6 5
66.6874 0.482884 0.482884 2 6 5
66.7074 0.482868 0.482868 2 6 5
66.7274 0.482851 0.482851 2 6 5
66.7474 0.482835 0.482835 2 6 5
66.7674 0.482819 0.482819 2 6 5
66.7874 0.482803 0.482803 2 6 5
66.8074 0.482787 0.482787 2 6 5
66.8274 0.482771 0.482771 2 6 5
66.8474 0.482755 0.482755 2 6 5
66.8674 0.482739 0.482739 2 6 5
66.8874 0.482723 0.482723 2 6 5
66.9074 0.482707 0.482707 2 6 5
66.9274 0.482691 0.482691 2 6 5
66.9474 0.482675 0.482675 2 6 5
66.9674 0.482659 0.482659 2 6 5
66.9874 0.482643 0.482643 2 6 5
67.0074 0.482627 0.482627 2 6 5
67.0274 0.482611 0.482611 2 6 5
67.0474 0.482595 0.482595 2 6 5
67.0674 0.482579 0.482579 2 6 5
67.0874 0.482563 0.482563 2 6 5
67.1074 0.482547 0.482547 2 6 5
67.1274 0.482531 0.482531 2 6 5
67.1474 0.482515 0.482515 2 6 5
67.1674 0.482499 0.482499 2 6 5
67.1874 0.482483 0.482483 2 6 5
67.2074 0.482467 0.482467 2 6 5
67.2274 0.482451 0.482451 2 6 5
67.2474 0.482435 0.482435 2 6 5
67.2674 0.482419 0.482419 2 6 5
67.2874 0.482403 0.482403 2 6 5
67.3074 0.482387 0.482387 2 6 5
67.3274 0.482371 0.482371 2 6 5
67.3474 0.482355 0.482355 2 6 5
67.3674 0.482339 0.482339 2 6 5
67.3874 0.482324 0.482324 2 6 5
67.4074 0.482308 0.482308 2 6 5
67.4274 0.482292 0.482292 2 6 5
67.4474 0.482276 0.482276 2 6 5
67.4674 0.48226 0.48226 2 6 5
67.4874 0.482244 0.482244 2 6 5
67.5074 0.482228 0.482228 2 6 5
67.5274 0.482212 0.482212 2 6 5
67.5474 0.482196 0.482196 2 6 5
67.5674 0.482181 0.482181 2 6 5
67.5874 0.482165 0.482165 2 6 5
67.6074 0.482149 0.482149 2 6 5
67.6274 0.482133 0.482133 2 6 5
67.6474 0.482117 0.482117 2 6 5
67.6674 0.482101 0.482101 2 6 5
67.6874 0.482085 0.482085 2 6 5
67.7074 0.48207 0.48207 2 6 5
67.7274 0.482054 0.482054 2 6 5
67.7474 0.482038 0.482038 2 6 5
67.7674 0.482022 0.482022 2 6 5
67.7874 0.482006 0.482006 2 6 5
67.8074 0.481991 0.481991 2 6 5
67.8274 0.481975 0.481975 2 6 5
67.8474 0.481959 0.481959 2 6 5
67.8674 0.481943 0.481943 2 6 5
67.8874 0.481927 0.481927 2 6 5
67.9074 0.481912 0.481912 2 6 5
67.9274 0.481896 0.481896 2 6 5
67.9474 0.48188 0.48188 2 6 5
67.9674 0.481864 0.481864 2 6 5
67.9874 0.481849 0.481849 2 6 5
68.0074 0.481833 0.481833 2 6 5
68.0274 0.481817 0.481817 2 6 5
68.0474 0.481801 0.481801 2 6 5
68.0674 0.481786 0.481786 2 6 5
68.0874 0.48177 0.48177 2 6 5
68.1074 0.481754 0.481754 2 6 5
68.1274 0.481738 0.481738 2 6 5
68.1474 0.481723 0.481723 2 6 5
68.1674 0.481707 0.481707 2 6 5
68.1874 0.481691 0.481691 2 6 5
68.2074 0.481676 0.481676 2 6 5
68.2274 0.48166 0.48166 2 6 5
68.2474 0.481644 0.481644 2 6 5
68.2674 0.481629 0.481629 2 6 5
68.2874 0.481613 0.481613 2 6 5
68.3074 0.481597 0.481597 2 6 5
68.3274 0.481581 0.481581 2 6 5
68.3474 0.481566 0.481566 2 6 5
68.3674 0.48155 0.48155 2 6 5
68.3874 0.481535 0.481535 2 6 5
68.4074 0.481519 0.481519 2 6 5
68.4274 0.481503 0.481503 2 6 5
68.4474 0.481488 0.481488 2 6 5
68.4674 0.481472 0.481472 2 6 5
68.4874 0.481456 0.481456 2 6 5
68.5074 0.481441 0.481441 2 6 5
68.5274 0.481425 0.481425 2 6 5
68.5474 0.481409 0.481409 2 6 5
68.5674 0.481394 0.481394 2 6 5
68.5874 0.481378 0.481378 2 6 5
68.6074 0.481363 0.481363 2 6 5
68.6274 0.481347 0.481347 2 6 5
68.6474 0.481331 0.481331 2 6 5
68.6674 0.481316 0.481316 2 6 5
68.6874 0.4813 0.4813 2 6 5
68.7074 0.481285 0.481285 2 6 5
68.7274 0.481269 0.481269 2 6 5
68.7474 0.481254 0.481254 2 6 5
68.7674 0.481238 0.481238 2 6 5
68.7874 0.481222 0.481222 2 6 5
68.8074 0.481207 0.481207 2 6 5
68.8274 0.481191 0.481191 2 6 5
68.8474 0.481176 0.481176 2 6 5
68.8674 0.48116 0.48116 2 6 5
68.8874 0.481145 0.481145 2 6 5
68.9074 0.481129 0.481129 2 6 5
68.9274 0.481114 0.481114 2 6 5
68.9474 0.481098 0.481098 2 6 5
68.9674 0.481083 0.481083 2 6 5
68.9874 0.481067 0.481067 2 6 5
69.0074 0.481052 0.481052 2 6 5
69.0274 0.481036 0.481036 2 6 5
69.0474 0.481021 0.481021 2 6 5
69.0674 0.481005 0.481005 2 6 5
69.0874 0.48099 0.48099 2 6 5
69.1074 0.480974 0.480974 2 6 5
69.1274 0.480959 0.480959 2 6 5
69.1474 0.480943 0.480943 2 6 5
69.1674 0.480928 0.480928 2 6 5
69.1874 0.480912 0.480912 2 6 5
69.2074 0.480897 0.480897 2 6 5
69.2274 0.480882 0.480882 2 6 5
69.2474 0.480866 0.480866 2 6 5
69.2674 0.480851 0.480851 2 6 5
69.2874 0.480835 0.480835 2 6 5
69.3074 0.48082 0.48082 2 6 5
69.3274 0.480804 0.480804 2 6 5
69.3474 0.480789 0.480789 2 6 5
69.3674 0.480774 0.480774 2 6 5
69.3874 0.480758 0.480758 2 6 5
69.4074 0.480743 0.480743 2 6 5
69.4274 0.480727 0.480727 2 6 5
69.4474 0.480712 0.480712 2 6 5
69.4674 0.480697 0.480697 2 6 5
69.4874 0.480681 0.480681 2 6 5
69.5074 0.480666 0.480666 2 6 5
69.5274 0.48065 0.48065 2 6 5
69.5474 0.480635 0.480635 2 6 5
69.5674 0.48062 0.48062 2 6 5
69.5874 0.480604 0.480604 2 6 5
69.6074 0.480589 0.480589 2 6 5
69.6274 0.480574 0.480574 2 6 5
69.6474 0.480558 0.480558 2 6 5
69.6674 0.480543 0.480543 2 6 5
69.6874 0.480528 0.480528 2 6 5
69.7074 0.480512 0.480512 2 6 5
69.7274 0.480497 0.480497 2 6 5
69.7474 0.480482 0.480482 2 6 5
69.7674 0.480466 0.480466 2 6 5
69.7874 0.480451 0.480451 2 6 5
69.8074 0.480436 0.480436 2 6 5
69.8274 0.48042 0.48042 2 6 5
69.8474 0.480405 0.480405 2 6 5
69.8674 0.48039 0.48039 2 6 5
69.8874 0.480375 0.480375 2 6 5
69.9074 0.480359 0.480359 2 6 5
69.9274 0.480344 0.480344 2 6 5
69.9474 0.480329 0.480329 2 6 5
69.9674 0.480314 0.480314 2 6 5
69.9874 0.480298 0.480298 2 6 5
70.0074 0.480283 0.480283 2 6 5
70.0274 0.480268 0.480268 2 6 5
70.0474 0.480253 0.480253 2 6 5
70.0674 0.480237 0.480237 2 6 5
70.0874 0.480222 0.480222 2 6 5
70.1074 0.480207 0.480207 2 6 5
70.1274 0.480192 0.480192 2 6 5
70.1474 0.480176 0.480176 2 6 5
70.1674 0.480161 0.480161 2 6 5
70.1874 0.480146 0.480146 2 6 5
70.2074 0.480131 0.480131 2 6 5
70.2274 0.480116 0.480116 2 6 5
70.2474 0.4801 0.4801 2 6 5
70.2674 0.480085 0.480085 2 6 5
70.2874 0.48007 0.48007 2 6 5
70.3074 0.480055 0.480055 2 6 5
70.3274 0.48004 0.48004 2 6 5
70.3474 0.480024 0.480024 2 6 5
70.3674 0.480009 0.480009 2 6 5
70.3874 0.479994 0.479994 2 6 5
70.4074 0.479979 0.479979 2 6 5
70.4274 0.479964 0.479964 2 6 5
70.4474 0.479949 0.479949 2 6 5
70.4674 0.479934 0.479934 2 6 5
70.4874 0.479918 0.479918 2 6 5
70.5074 0.479903 0.479903 2 6 5
70.5274 0.479888 0.479888 2 6 5
70.5474 0.479873 0.479873 2 6 5
70.5674 0.479858 0.479858 2 6 5
70.5874 0.479843 0.479843 2 6 5
70.6074 0.479828 0.479828 2 6 5
70.6274 0.479813 0.479813 2 6 5
70.6474 0.479798 0.479798 2 6 5
70.6674 0.479782 0.479782 2 6 5
70.6874 0.479767 0.479767 2 6 5
70.7074 0.479752 0.479752 2 6 5
70.7274 0.479737 0.479737 2 6 5
70.7474 0.479722 0.479722 2 6 5
70.7674 0.479707 0.479707 2 6 5
70.7874 0.479692 0.479692 2 6 5
70.8074 0.479677 0.479677 2 6 5
70.8274 0.479662 0.479662 2 6 5
70.8474 0.479647 0.479647 2 6 5
70.8674 0.479632 0.479632 2 6 5
70.8874 0.479617 0.479617 2 6 5
70.9074 0.479602 0.479602 2 6 5
70.9274 0.479587 0.479587 2 6 5
70.9474 0.479572 0.479572 2 6 5
70.9674 0.479557 0.479557 2 6 5
70.9874 0.479542 0.479542 2 6 5
71.0074 0.479527 0.479527 2 6 5
71.0274 0.479511 0.479511 2 6 5
71.0474 0.479496 0.479496 2 6 5
71.0674 0.479482 0.479482 2 6 5
71.0874 0.479466 0.479466 2 6 5
71.1074 0.479452 0.479452 2 6 5
71.1274 0.479437 0.479437 2 6 5
71.1474 0.479422 0.479422 2 6 5
71.1674 0.479407 0.479407 2 6 5
71.1874 0.479392 0.479392 2 6 5
71.2074 0.479377 0.479377 2 6 5
71.2274 0.479362 0.479362 2 6 5
71.2474 0.479347 0.479347 2 6 5
71.2674 0.479332 0.479332 2 6 5
71.2874 0.479317 0.479317 2 6 5
71.3074 0.479302 0.479302 2 6 5
71.3274 0.479287 0.479287 2 6 5
71.3474 0.479272 0.479272 2 6 5
71.3674 0.479257 0.479257 2 6 5
71.3874 0.479242 0.479242 2 6 5
71.4074 0.479227 0.479227 2 6 5
71.4274 0.479212 0.479212 2 6 5
71.4474 0.479197 0.479197 2 6 5
71.4674 0.479182 0.479182 2 6 5
71.4874 0.479168 0.479168 2 6 5
71.5074 0.479153 0.479153 2 6 5
71.5274 0.479138 0.479138 2 6 5
71.5474 0.479123 0.479123 2 6 5
71.5674 0.479108 0.479108 2 6 5
71.5874 0.479093 0.479093 2 6 5
71.6074 0.479078 0.479078 2 6 5
71.6274 0.479063 0.479063 2 6 5
71.6474 0.479048 0.479048 2 6 5
71.6674 0.479034 0.479034 2 6 5
71.6874 0.479019 0.479019 2 6 5
71.7074 0.479004 0.479004 2 6 5
71.7274 0.478989 0.478989 2 6 5
71.7474 0.478974 0.478974 2 6 5
71.7674 0.478959 0.478959 2 6 5
71.7874 0.478945 0.478945 2 6 5
71.8074 0.47893 0.47893 2 6 5
71.8274 0.478915 0.478915 2 6 5
71.8474 0.4789 0.4789 2 6 5
71.8674 0.478885 0.478885 2 6 5
71.8874 0.47887 0.47887 2 6 5
71.9074 0.478856 0.478856 2 6 5
71.9274 0.478841 0.478841 2 6 5
71.9474 0.478826 0.478826 2 6 5
71.9674 0.478811 0.478811 2 6 5
71.9874 0.478796 0.478796 2 6 5
72.0074 0.478782 0.478782 2 6 5
72.0274 0.478767 0.478767 2 6 5
72.0474 0.478752 0.478752 2 6 5
72.0674 0.478737 0.478737 2 6 5
72.0874 0.478723 0.478723 2 6 5
72.1074 0.478708 0.478708 2 6 5
72.1274 0.478693 0.478693 2 6 5
72.1474 0.478678 0.478678 2 6 5
72.1674 0.478664 0.478664 2 6 5
72.1874 0.478649 0.478649 2 6 5
72.2074 0.478634 0.478634 2 6 5
72.2274 0.478619 0.478619 2 6 5
72.2474 0.478605 0.478605 2 6 5
72.2674 0.47859 0.47859 2 6 5
72.2874 0.478575 0.478575 2 6 5
72.3074 0.478561 0.478561 2 6 5
72.3274 0.478546 0.478546 2 6 5
72.3474 0.478531 0.478531 2 6 5
72.3674 0.478516 0.478516 2 6 5
72.3874 0.478502 0.478502 2 6 5
72.4074 0.478487 0.478487 2 6 5
72.4274 0.478472 0.478472 2 6 5
72.4474 0.478458 0.478458 2 6 5
72.4674 0.478443 0.478443 2 6 5
72.4874 0.478428 0.478428 2 6 5
72.5074 0.478414 0.478414 2 6 5
72.5274 0.478399 0.478399 2 6 5
72.5474 0.478384 0.478384 2 6 5
72.5674 0.47837 0.47837 2 6 5
72.5874 0.478355 0.478355 2 6 5
72.6074 0.47834 0.47834 2 6 5
72.6274 0.478326 0.478326 2 6 5
72.6474 0.478311 0.478311 2 6 5
72.6674 0.478296 0.478296 2 6 5
72.6874 0.478282 0.478282 2 6 5
72.7074 0.478267 0.478267 2 6 5
72.7274 0.478253 0.478253 2 6 5
72.7474 0.478238 0.478238 2 6 5
72.7674 0.478223 0.478223 2 6 5
72.7874 0.478209 0.478209 2 6 5
72.8074 0.478194 0.478194 2 6 5
72.8274 0.47818 0.47818 2 6 5
72.8474 0.478165 0.478165 2 6 5
72.8674 0.47815 0.47815 2 6 5
72.8874 0.478136 0.478136 2 6 5
72.9074 0.478121 0.478121 2 6 5
72.9274 0.478107 0.478107 2 6 5
72.9474 0.478092 0.478092 2 6 5
72.9674 0.478078 0.478078 2 6 5
72.9874 0.478063 0.478063 2 6 5
73.0074 0.478048 0.478048 2 6 5
73.0274 0.478034 0.478034 2 6 5
73.0474 0.478019 0.478019 2 6 5
73.0674 0.478005 0.478005 2 6 5
73.0874 0.47799 0.47799 2 6 5
73.1074 0.477976 0.477976 2 6 5
73.1274 0.477961 0.477961 2 6 5
73.1474 0.477946 0.477946 2 6 5
73.1674 0.477932 0.477932 2 6 5
73.1874 0.477918 0.477918 2 6 5
73.2074 0.477903 0.477903 2 6 5
73.2274 0.477888 0.477888 2 6 5
73.2474 0.477874 0.477874 2 6 5
73.2674 0.477859 0.477859 2 6 5
73.2874 0.477845 0.477845 2 6 5
73.3074 0.47783 0.47783 2 6 5
73.3274 0.477816 0.477816 2 6 5
73.3474 0.477802 0.477802 2 6 5
73.3674 0.477787 0.477787 2 6 5
73.3874 0.477773 0.477773 2 6 5
73.4074 0.477758 0.477758 2 6 5
73.4274 0.477744 0.477744 2 6 5
73.4474 0.477729 0.477729 2 6 5
73.4674 0.477715 0.477715 2 6 5
73.4874 0.4777 0.4777 2 6 5
73.5074 0.477686 0.477686 2 6 5
73.5274 0.477671 0.477671 2 6 5
73.5474 0.477657 0.477657 2 6 5
73.5674 0.477642 0.477642 2 6 5
73.5874 0.477628 0.477628 2 6 5
73.6074 0.477614 0.477614 2 6 5
73.6274 0.477599 0.477599 2 6 5
73.6474 0.477585 0.477585 2 6 5
73.6674 0.47757 0.47757 2 6 5
73.6874 0.477556 0.477556 2 6 5
73.7074 0.477542 0.477542 2 6 5
73.7274 0.477527 0.477527 2 6 5
73.7474 0.477513 0.477513 2 6 5
73.7674 0.477498 0.477498 2 6 5
73.7874 0.477484 0.477484 2 6 5
73.8074 0.47747 0.47747 2 6 5
73.8274 0.477455 0.477455 2 6 5
73.8474 0.477441 0.477441 2 6 5
73.8674 0.477426 0.477426 2 6 5
73.8874 0.477412 0.477412 2 6 5
73.9074 0.477398 0.477398 2 6 5
73.9274 0.477383 0.477383 2 6 5
73.9474 0.477369 0.477369 2 6 5
73.9674 0.477355 0.477355 2 6 5
73.9874 0.47734 0.47734 2 6 5
74.0074 0.477326 0.477326 2 6 5
74.0274 0.477312 0.477312 2 6 5
74.0474 0.477297 0.477297 2 6 5
74.0674 0.477283 0.477283 2 6 5
74.0874 0.477269 0.477269 2 6 5
74.1074 0.477254 0.477254 2 6 5
74.1274 0.47724 0.47724 2 6 5
74.1474 0.477226 0.477226 2 6 5
74.1674 0.477211 0.477211 2 6 5
74.1874 0.477197 0.477197 2 6 5
74.2074 0.477183 0.477183 2 6 5
74.2274 0.477169 0.477169 2 6 5
74.2474 0.477154 0.477154 2 6 5
74.2674 0.47714 0.47714 2 6 5
74.2874 0.477126 0.477126 2 6 5
74.3074 0.477112 0.477112 2 6 5
74.3274 0.477097 0.477097 2 6 5
74.3474 0.477083 0.477083 2 6 5
74.3674 0.477069 0.477069 2 6 5
74.3874 0.477054 0.477054 2 6 5
74.4074 0.47704 0.47704 2 6 5
74.4274 0.477026 0.477026 2 6 5
74.4474 0.477012 0.477012 2 6 5
74.4674 0.476997 0.476997 2 6 5
74.4874 0.476983 0.476983 2 6 5
74.5074 0.476969 0.476969 2 6 5
74.5274 0.476955 0.476955 2 6 5
74.5474 0.47694 0.47694 2 6 5
74.5674 0.476926 0.476926 2 6 5
74.5874 0.476912 0.476912 2 6 5
74.6074 0.476898 0.476898 2 6 5
74.6274 0.476884 0.476884 2 6 5
74.6474 0.476869 0.476869 2 6 5
74.6674 0.476855 0.476855 2 6 5
74.6874 0.476841 0.476841 2 6 5
74.7074 0.476827 0.476827 2 6 5
74.7274 0.476813 0.476813 2 6 5
74.7474 0.476798 0.476798 2 6 5
74.7674 0.476784 0.476784 2 6 5
74.7874 0.47677 0.47677 2 6 5
74.8074 0.476756 0.476756 2 6 5
74.8274 0.476742 0.476742 2 6 5
74.8474 0.476728 0.476728 2 6 5
74.8674 0.476713 0.476713 2 6 5
74.8874 0.476699 0.476699 2 6 5
74.9074 0.476685 0.476685 2 6 5
74.9274 0.476671 0.476671 2 6 5
74.9474 0.476657 0.476657 2 6 5
74.9674 0.476643 0.476643 2 6 5
74.9874 0.476629 0.476629 2 6 5
75.0074 0.476614 0.476614 2 6 5
75.0274 0.4766 0.4766 2 6 5
75.0474 0.476586 0.476586 2 6 5
75.0674 0.476572 0.476572 2 6 5
75.0874 0.476558 0.476558 2 6 5
75.1074 0.476544 0.476544 2 6 5
75.1274 0.47653 0.47653 2 6 5
75.1474 0.476516 0.476516 2 6 5
75.1674 0.476502 0.476502 2 6 5
75.1874 0.476488 0.476488 2 6 5
75.2074 0.476473 0.476473 2 6 5
75.2274 0.476459 0.476459 2 6 5
75.2474 0.476445 0.476445 2 6 5
75.2674 0.476431 0.476431 2 6 5
75.2874 0.476417 0.476417 2 6 5
75.3074 0.476403 0.476403 2 6 5
75.3274 0.476389 0.476389 2 6 5
75.3474 0.476375 0.476375 2 6 5
75.3674 0.476361 0.476361 2 6 5
75.3874 0.476347 0.476347 2 6 5
75.4074 0.476333 0.476333 2 6 5
75.4274 0.476319 0.476319 2 6 5
75.4474 0.476305 0.476305 2 6 5
75.4674 0.476291 0.476291 2 6 5
75.4874 0.476277 0.476277 2 6 5
75.5074 0.476263 0.476263 2 6 5
75.5274 0.476249 0.476249 2 6 5
75.5474 0.476235 0.476235 2 6 5
75.5674 0.476221 0.476221 2 6 5
75.5874 0.476207 0.476207 2 6 5
75.6074 0.476193 0.476193 2 6 5
75.6274 0.476179 0.476179 2 6 5
75.6474 0.476165 0.476165 2 6 5
75.6674 0.476151 0.476151 2 6 5
75.6874 0.476137 0.476137 2 6 5
75.7074 0.476123 0.476123 2 6 5
75.7274 0.476109 0.476109 2 6 5
75.7474 0.476095 0.476095 2 6 5
75.7674 0.476081 0.476081 2 6 5
75.7874 0.476067 0.476067 2 6 5
75.8074 0.476053 0.476053 2 6 5
75.8274 0.476039 0.476039 2 6 5
75.8474 0.476025 0.476025 2 6 5
75.8674 0.476011 0.476011 2 6 5
75.8874 0.475997 0.475997 2 6 5
75.9074 0.475983 0.475983 2 6 5
75.9274 0.475969 0.475969 2 6 5
75.9474 0.475955 0.475955 2 6 5
75.9674 0.475941 0.475941 2 6 5
75.9874 0.475927 0.475927 2 6 5
76.0074 0.475913 0.475913 2 6 5
76.0274 0.475899 0.475899 2 6 5
76.0474 0.475886 0.475886 2 6 5
76.0674 0.475872 0.475872 2 6 5
76.0874 0.475858 0.475858 2 6 5
76.1074 0.475844 0.475844 2 6 5
76.1274 0.47583 0.47583 2 6 5
76.1474 0.475816 0.475816 2 6 5
76.1674 0.475802 0.475802 2 6 5
76.1874 0.475788 0.475788 2 6 5
76.2074 0.475774 0.475774 2 6 5
76.2274 0.475761 0.475761 2 6 5
76.2474 0.475747 0.475747 2 6 5
76.2674 0.475733 0.475733 2 6 5
76.2874 0.475719 0.475719 2 6 5
76.3074 0.475705 0.475705 2 6 5
76.3274 0.475691 0.475691 2 6 5
76.3474 0.475677 0.475677 2 6 5
76.3674 0.475664 0.475664 2 6 5
76.3874 0.47565 0.47565 2 6 5
76.4074 0.475636 0.475636 2 6 5
76.4274 0.475622 0.475622 2 6 5
76.4474 0.475608 0.475608 2 6 5
76.4674 0.475594 0.475594 2 6 5
76.4874 0.475581 0.475581 2 6 5
76.5074 0.475567 0.475567 2 6 5
76.5274 0.475553 0.475553 2 6 5
76.5474 0.475539 0.475539 2 6 5
76.5674 0.475525 0.475525 2 6 5
76.5874 0.475511 0.475511 2 6 5
76.6074 0.475498 0.475498 2 6 5
76.6274 0.475484 0.475484 2 6 5
76.6474 0.47547 0.47547 2 6 5
76.6674 0.475456 0.475456 2 6 5
76.6874 0.475442 0.475442 2 6 5
76.7074 0.475429 0.475429 2 6 5
76.7274 0.475415 0.475415 2 6 5
76.7474 0.475401 0.475401 2 6 5
76.7674 0.475387 0.475387 2 6 5
76.7874 0.475374 0.475374 2 6 5
76.8074 0.47536 0.47536 2 6 5
76.8274 0.475346 0.475346 2 6 5
76.8474 0.475332 0.475332 2 6 5
76.8674 0.475319 0.475319 2 6 5
76.8874 0.475305 0.475305 2 6 5
76.9074 0.475291 0.475291 2 6 5
76.9274 0.475277 0.475277 2 6 5
76.9474 0.475264 0.475264 2 6 5
76.9674 0.47525 0.47525 2 6 5
76.9874 0.475236 0.475236 2 6 5
77.0074 0.475222 0.475222 2 6 5
77.0274 0.475209 0.475209 2 6 5
77.0474 0.475195 0.475195 2 6 5
77.0674 0.475181 0.475181 2 6 5
77.0874 0.475168 0.475168 2 6 5
77.1074 0.475154 0.475154 2 6 5
77.1274 0.47514 0.47514 2 6 5
77.1474 0.475127 0.475127 2 6 5
77.1674 0.475113 0.475113 2 6 5
77.1874 0.475099 0.475099 2 6 5
77.2074 0.475086 0.475086 2 6 5
77.2274 0.475072 0.475072 2 6 5
77.2474 0.475058 0.475058 2 6 5
77.2674 0.475044 0.475044 2 6 5
77.2874 0.475031 0.475031 2 6 5
77.3074 0.475017 0.475017 2 6 5
77.3274 0.475004 0.475004 2 6 5
77.3474 0.47499 0.47499 2 6 5
77.3674 0.474976 0.474976 2 6 5
77.3874 0.474963 0.474963 2 6 5
77.4074 0.474949 0.474949 2 6 5
77.4274 0.474935 0.474935 2 6 5
77.4474 0.474922 0.474922 2 6 5
77.4674 0.474908 0.474908 2 6 5
77.4874 0.474894 0.474894 2 6 5
77.5074 0.474881 0.474881 2 6 5
77.5274 0.474867 0.474867 2 6 5
77.5474 0.474854 0.474854 2 6 5
77.5674 0.47484 0.47484 2 6 5
77.5874 0.474826 0.474826 2 6 5
77.6074 0.474813 0.474813 2 6 5
77.6274 0.474799 0.474799 2 6 5
77.6474 0.474786 0.474786 2 6 5
77.6674 0.474772 0.474772 2 6 5
77.6874 0.474758 0.474758 2 6 5
77.7074 0.474745 0.474745 2 6 5
77.7274 0.474731 0.474731 2 6 5
77.7474 0.474718 0.474718 2 6 5
77.7674 0.474704 0.474704 2 6 5
77.7874 0.47469 0.47469 2 6 5
77.8074 0.474677 0.474677 2 6 5
77.8274 0.474663 0.474663 2 6 5
77.8474 0.47465 0.47465 2 6 5
77.8674 0.474637 0.474637 2 6 5
77.8874 0.474623 0.474623 2 6 5
77.9074 0.474609 0.474609 2 6 5
77.9274 0.474595 0.474595 2 6 5
77.9474 0.474582 0.474582 2 6 5
77.9674 0.474568 0.474568 2 6 5
77.9874 0.474555 0.474555 2 6 5
78.0074 0.474542 0.474542 2 6 5
78.0274 0.474528 0.474528 2 6 5
78.0474 0.474514 0.474514 2 6 5
78.0674 0.474501 0.474501 2 6 5
78.0874 0.474487 0.474487 2 6 5
78.1074 0.474474 0.474474 2 6 5
78.1274 0.47446 0.47446 2 6 5
78.1474 0.474447 0.474447 2 6 5
78.1674 0.474433 0.474433 2 6 5
78.1874 0.47442 0.47442 2 6 5
78.2074 0.474406 0.474406 2 6 5
78.2274 0.474393 0.474393 2 6 5
78.2474 0.47438 0.47438 2 6 5
78.2674 0.474366 0.474366 2 6 5
78.2874 0.474353 0.474353 2 6 5
78.3074 0.474339 0.474339 2 6 5
78.3274 0.474326 0.474326 2 6 5
78.3474 0.474312 0.474312 2 6 5
78.3674 0.474299 0.474299 2 6 5
78.3874 0.474285 0.474285 2 6 5
78.4074 0.474272 0.474272 2 6 5
78.4274 0.474258 0.474258 2 6 5
78.4474 0.474245 0.474245 2 6 5
78.4674 0.474231 0.474231 2 6 5
78.4874 0.474218 0.474218 2 6 5
78.5074 0.474205 0.474205 2 6 5
78.5274 0.474191 0.474191 2 6 5
78.5474 0.474178 0.474178 2 6 5
78.5674 0.474164 0.474164 2 6 5
78.5874 0.474151 0.474151 2 6 5
78.6074 0.474138 0.474138 2 6 5
78.6274 0.474124 0.474124 2 6 5
78.6474 0.474111 0.474111 2 6 5
78.6674 0.474097 0.474097 2 6 5
78.6874 0.474084 0.474084 2 6 5
78.7074 0.474071 0.474071 2 6 5
78.7274 0.474057 0.474057 2 6 5
78.7474 0.474044 0.474044 2 6 5
78.7674 0.47403 0.47403 2 6 5
78.7874 0.474017 0.474017 2 6 5
78.8074 0.474004 0.474004 2 6 5
78.8274 0.47399 0.47399 2 6 5
78.8474 0.473977 0.473977 2 6 5
78.8674 0.473964 0.473964 2 6 5
78.8874 0.47395 0.47395 2 6 5
78.9074 0.473937 0.473937 2 6 5
78.9274 0.473924 0.473924 2 6 5
78.9474 0.47391 0.47391 2 6 5
78.9674 0.473897 0.473897 2 6 5
78.9874 0.473883 0.473883 2 6 5
79.0074 0.47387 0.47387 2 6 5
79.0274 0.473857 0.473857 2 6 5
79.0474 0.473844 0.473844 2 6 5
79.0674 0.47383 0.47383 2 6 5
79.0874 0.473817 0.473817 2 6 5
79.1074 0.473804 0.473804 2 6 5
79.1274 0.47379 0.47379 2 6 5
79.1474 0.473777 0.473777 2 6 5
79.1674 0.473764 0.473764 2 6 5
79.1874 0.47375 0.47375 2 6 5
79.2074 0.473737 0.473737 2 6 5
79.2274 0.473724 0.473724 2 6 5
79.2474 0.47371 0.47371 2 6 5
79.2674 0.473697 0.473697 2 6 5
79.2874 0.473684 0.473684 2 6 5
79.3074 0.473671 0.473671 2 6 5
79.3274 0.473657 0.473657 2 6 5
79.3474 0.473644 0.473644 2 6 5
79.3674 0.473631 0.473631 2 6 5
79.3874 0.473618 0.473618 2 6 5
79.4074 0.473604 0.473604 2 6 5
79.4274 0.473591 0.473591 2 6 5
79.4474 0.473578 0.473578 2 6 5
79.4674 0.473564 0.473564 2 6 5
79.4874 0.473551 0.473551 2 6 5
79.5074 0.473538 0.473538 2 6 5
79.5274 0.473525 0.473525 2 6 5
79.5474 0.473512 0.473512 2 6 5
79.5674 0.473498 0.473498 2 6 5
79.5874 0.473485 0.473485 2 6 5
79.6074 0.473472 0.473472 2 6 5
79.6274 0.473459 0.473459 2 6 5
79.6474 0.473445 0.473445 2 6 5
79.6674 0.473432 0.473432 2 6 5
79.6874 0.473419 0.473419 2 6 5
79.7074 0.473406 0.473406 2 6 5
79.7274 0.473393 0.473393 2 6 5
79.7474 0.473379 0.473379 2 6 5
79.7674 0.473366 0.473366 2 6 5
79.7874 0.473355 0.473355 2 6 5
79.8074 0.473341 0.473341 2 6 5
79.8274 0.473327 0.473327 2 6 5
79.8474 0.473313 0.473313 2 6 5
79.8674 0.4733 0.4733 2 6 5
79.8874 0.473287 0.473287 2 6 5
79.9074 0.473274 0.473274 2 6 5
79.9274 0.473261 0.473261 2 6 5
79.9474 0.473248 0.473248 2 6 5
79.9674 0.473235 0.473235 2 6 5
79.9874 0.473221 0.473221 2 6 5
80.0074 0.473208 0.473208 2 6 5
80.0274 0.473195 0.473195 2 6 5
80.0474 0.473182 0.473182 2 6 5
80.0674 0.473169 0.473169 2 6 5
80.0874 0.473156 0.473156 2 6 5
80.1074 0.473142 0.473142 2 6 5
80.1274 0.473129 0.473129 2 6 5
80.1474 0.473116 0.473116 2 6 5
80.1674 0.473103 0.473103 2 6 5
80.1874 0.47309 0.47309 2 6 5
80.2074 0.473077 0.473077 2 6 5
80.2274 0.473064 0.473064 2 6 5
80.2474 0.473051 0.473051 2 6 5
80.2674 0.473038 0.473038 2 6 5
80.2874 0.473024 0.473024 2 6 5
80.3074 0.473011 0.473011 2 6 5
80.3274 0.472998 0.472998 2 6 5
80.3474 0.472985 0.472985 2 6 5
80.3674 0.472972 0.472972 2 6 5
80.3874 0.472959 0.472959 2 6 5
80.4074 0.472946 0.472946 2 6 5
80.4274 0.472933 0.472933 2 6 5
80.4474 0.47292 0.47292 2 6 5
80.4674 0.472907 0.472907 2 6 5
80.4874 0.472894 0.472894 2 6 5
80.5074 0.472881 0.472881 2 6 5
80.5274 0.472868 0.472868 2 6 5
80.5474 0.472855 0.472855 2 6 5
80.5674 0.472841 0.472841 2 6 5
80.5874 0.472828 0.472828 2 6 5
80.6074 0.472815 0.472815 2 6 5
80.6274 0.472802 0.472802 2 6 5
80.6474 0.472789 0.472789 2 6 5
80.6674 0.472776 0.472776 2 6 5
80.6874 0.472763 0.472763 2 6 5
80.7074 0.47275 0.47275 2 6 5
80.7274 0.472737 0.472737 2 6 5
80.7474 0.472724 0.472724 2 6 5
80.7674 0.472711 0.472711 2 6 5
80.7874 0.472698 0.472698 2 6 5
80.8074 0.472685 0.472685 2 6 5
80.8274 0.472672 0.472672 2 6 5
80.8474 0.472659 0.472659 2 6 5
80.8674 0.472646 0.472646 2 6 5
80.8874 0.472633 0.472633 2 6 5
80.9074 0.47262 0.47262 2 6 5
80.9274 0.472607 0.472607 2 6 5
80.9474 0.472594 0.472594 2 6 5
80.9674 0.472581 0.472581 2 6 5
80.9874 0.472568 0.472568 2 6 5
81.0074 0.472555 0.472555 2 6 5
81.0274 0.472542 0.472542 2 6 5
81.0474 0.472529 0.472529 2 6 5
81.0674 0.472516 0.472516 2 6 5
81.0874 0.472503 0.472503 2 6 5
81.1074 0.472491 0.472491 2 6 5
81.1274 0.472478 0.472478 2 6 5
81.1474 0.472465 0.472465 2 6 5
81.1674 0.472452 0.472452 2 6 5
81.1874 0.472439 0.472439 2 6 5
81.2074 0.472426 0.472426 2 6 5
81.2274 0.472413 0.472413 2 6 5
81.2474 0.4724 0.4724 2 6 5
81.2674 0.472387 0.472387 2 6 5
81.2874 0.472374 0.472374 2 6 5
81.3074 0.472361 0.472361 2 6 5
81.3274 0.472348 0.472348 2 6 5
81.3474 0.472335 0.472335 2 6 5
81.3674 0.472322 0.472322 2 6 5
81.3874 0.47231 0.47231 2 6 5
81.4074 0.472297 0.472297 2 6 5
81.4274 0.472284 0.472284 2 6 5
81.4474 0.472271 0.472271 2 6 5
81.4674 0.472258 0.472258 2 6 5
81.4874 0.472245 0.472245 2 6 5
81.5074 0.472232 0.472232 2 6 5
81.5274 0.472219 0.472219 2 6 5
81.5474 0.472206 0.472206 2 6 5
81.5674 0.472194 0.472194 2 6 5
81.5874 0.472181 0.472181 2 6 5
81.6074 0.472168 0.472168 2 6 5
81.6274 0.472155 0.472155 2 6 5
81.6474 0.472142 0.472142 2 6 5
81.6674 0.472129 0.472129 2 6 5
81.6874 0.472116 0.472116 2 6 5
81.7074 0.472104 0.472104 2 6 5
81.7274 0.472091 0.472091 2 6 5
81.7474 0.472078 0.472078 2 6 5
81.7674 0.472065 0.472065 2 6 5
81.7874 0.472052 0.472052 2 6 5
81.8074 0.472039 0.472039 2 6 5
81.8274 0.472027 0.472027 2 6 5
81.8474 0.472014 0.472014 2 6 5
81.8674 0.472001 0.472001 2 6 5
81.8874 0.471988 0.471988 2 6 5
81.9074 0.471975 0.471975 2 6 5
81.9274 0.471963 0.471963 2 6 5
81.9474 0.47195 0.47195 2 6 5
81.9674 0.471937 0.471937 2 6 5
81.9874 0.471924 0.471924 2 6 5
82.0074 0.471911 0.471911 2 6 5
82.0274 0.471899 0.471899 2 6 5
82.0474 0.471886 0.471886 2 6 5
82.0674 0.471873 0.471873 2 6 5
82.0874 0.47186 0.47186 2 6 5
82.1074 0.471847 0.471847 2 6 5
82.1274 0.471835 0.471835 2 6 5
82.1474 0.471822 0.471822 2 6 5
82.1674 0.471809 0.471809 2 6 5
82.1874 0.471796 0.471796 2 6 5
82.2074 0.471783 0.471783 2 6 5
82.2274 0.471771 0.471771 2 6 5
82.2474 0.471758 0.471758 2 6 5
82.2674 0.471745 0.471745 2 6 5
82.2874 0.471733 0.471733 2 6 5
82.3074 0.47172 0.47172 2 6 5
82.3274 0.471707 0.471707 2 6 5
82.3474 0.471694 0.471694 2 6 5
82.3674 0.471682 0.471682 2 6 5
82.3874 0.471669 0.471669 2 6 5
82.4074 0.471656 0.471656 2 6 5
82.4274 0.471643 0.471643 2 6 5
82.4474 0.471631 0.471631 2 6 5
82.4674 0.471618 0.471618 2 6 5
82.4874 0.471605 0.471605 2 6 5
82.5074 0.471593 0.471593 2 6 5
82.5274 0.47158 0.47158 2 6 5
82.5474 0.471567 0.471567 2 6 5
82.5674 0.471555 0.471555 2 6 5
82.5874 0.471542 0.471542 2 6 5
82.6074 0.471529 0.471529 2 6 5
82.6274 0.471516 0.471516 2 6 5
82.6474 0.471504 0.471504 2 6 5
82.6674 0.471491 0.471491 2 6 5
82.6874 0.471478 0.471478 2 6 5
82.7074 0.471466 0.471466 2 6 5
82.7274 0.471453 0.471453 2 6 5
82.7474 0.47144 0.47144 2 6 5
82.7674 0.471428 0.471428 2 6 5
82.7874 0.471415 0.471415 2 6 5
82.8074 0.471402 0.471402 2 6 5
82.8274 0.47139 0.47139 2 6 5
82.8474 0.471377 0.471377 2 6 5
82.8674 0.471364 0.471364 2 6 5
82.8874 0.471352 0.471352 2 6 5
82.9074 0.471339 0.471339 2 6 5
82.9274 0.471327 0.471327 2 6 5
82.9474 0.471314 0.471314 2 6 5
82.9674 0.471301 0.471301 2 6 5
82.9874 0.471289 0.471289 2 6 5
83.0074 0.471276 0.471276 2 6 5
83.0274 0.471263 0.471263 2 6 5
83.0474 0.471251 0.471251 2 6 5
83.0674 0.471238 0.471238 2 6 5
83.0874 0.471226 0.471226 2 6 5
83.1074 0.471213 0.471213 2 6 5
83.1274 0.4712 0.4712 2 6 5
83.1474 0.471188 0.471188 2 6 5
83.1674 0.471175 0.471175 2 6 5
83.1874 0.471163 0.471163 2 6 5
83.2074 0.47115 0.47115 2 6 5
83.2274 0.471137 0.471137 2 6 5
83.2474 0.471125 0.471125 2 6 5
83.2674 0.471112 0.471112 2 6 5
83.2874 0.4711 0.4711 2 6 5
83.3074 0.471087 0.471087 2 6 5
83.3274 0.471075 0.471075 2 6 5
83.3474 0.471062 0.471062 2 6 5
83.3674 0.471049 0.471049 2 6 5
83.3874 0.471037 0.471037 2 6 5
83.4074 0.471024 0.471024 2 6 5
83.4274 0.471012 0.471012 2 6 5
83.4474 0.470999 0.470999 2 6 5
83.4674 0.470987 0.470987 2 6 5
83.4874 0.470974 0.470974 2 6 5
83.5074 0.470962 0.470962 2 6 5
83.5274 0.470949 0.470949 2 6 5
83.5474 0.470937 0.470937 2 6 5
83.5674 0.470924 0.470924 2 6 5
83.5874 0.470911 0.470911 2 6 5
83.6074 0.470899 0.470899 2 6 5
83.6274 0.470886 0.470886 2 6 5
83.6474 0.470874 0.470874 2 6 5
83.6674 0.470861 0.470861 2 6 5
83.6874 0.470849 0.470849 2 6 5
83.7074 0.470836 0.470836 2 6 5
83.7274 0.470824 0.470824 2 6 5
83.7474 0.470811 0.470811 2 6 5
83.7674 0.470799 0.470799 2 6 5
83.7874 0.470786 0.470786 2 6 5
83.8074 0.470774 0.470774 2 6 5
83.8274 0.470761 0.470761 2 6 5
83.8474 0.470749 0.470749 2 6 5
83.8674 0.470736 0.470736 2 6 5
83.8874 0.470724 0.470724 2 6 5
83.9074 0.470712 0.470712 2 6 5
83.9274 0.470699 0.470699 2 6 5
83.9474 0.470687 0.470687 2 6 5
83.9674 0.470674 0.470674 2 6 5
83.9874 0.470662 0.470662 2 6 5
84.0074 0.470649 0.470649 2 6 5
84.0274 0.470637 0.470637 2 6 5
84.0474 0.470624 0.470624 2 6 5
84.0674 0.470612 0.470612 2 6 5
84.0874 0.470599 0.470599 2 6 5
84.1074 0.470587 0.470587 2 6 5
84.1274 0.470575 0.470575 2 6 5
84.1474 0.470562 0.470562 2 6 5
84.1674 0.47055 0.47055 2 6 5
84.1874 0.470537 0.470537 2 6 5
84.2074 0.470525 0.470525 2 6 5
84.2274 0.470512 0.470512 2 6 5
84.2474 0.4705 0.4705 2 6 5
84.2674 0.470488 0.470488 2 6 5
84.2874 0.470475 0.470475 2 6 5
84.3074 0.470463 0.470463 2 6 5
84.3274 0.47045 0.47045 2 6 5
84.3474 0.470438 0.470438 2 6 5
84.3674 0.470426 0.470426 2 6 5
84.3874 0.470413 0.470413 2 6 5
84.4074 0.470401 0.470401 2 6 5
84.4274 0.470388 0.470388 2 6 5
84.4474 0.470376 0.470376 2 6 5
84.4674 0.470364 0.470364 2 6 5
84.4874 0.470351 0.470351 2 6 5
84.5074 0.470339 0.470339 2 6 5
84.5274 0.470327 0.470327 2 6 5
84.5474 0.470314 0.470314 2 6 5
84.5674 0.470302 0.470302 2 6 5
84.5874 0.470289 0.470289 2 6 5
84.6074 0.470277 0.470277 2 6 5
84.6274 0.470265 0.470265 2 6 5
84.6474 0.470252 0.470252 2 6 5
84.6674 0.47024 0.47024 2 6 5
84.6874 0.470228 0.470228 2 6 5
84.7074 0.470215 0.470215 2 6 5
84.7274 0.470203 0.470203 2 6 5
84.7474 0.470191 0.470191 2 6 5
84.7674 0.470178 0.470178 2 6 5
84.7874 0.470166 0.470166 2 6 5
84.8074 0.470154 0.470154 2 6 5
84.8274 0.470141 0.470141 2 6 5
84.8474 0.470129 0.470129 2 6 5
84.8674 0.470117 0.470117 2 6 5
84.8874 0.470104 0.470104 2 6 5
84.9074 0.470092 0.470092 2 6 5
84.9274 0.47008 0.47008 2 6 5
84.9474 0.470068 0.470068 2 6 5
84.9674 0.470055 0.470055 2 6 5
84.9874 0.470043 0.470043 2 6 5
85.0074 0.470031 0.470031 2 6 5
85.0274 0.470018 0.470018 2 6 5
85.0474 0.470006 0.470006 2 6 5
85.0674 0.469994 0.469994 2 6 5
85.0874 0.469982 0.469982 2 6 5
85.1074 0.469969 0.469969 2 6 5
85.1274 0.469957 0.469957 2 6 5
85.1474 0.469945 0.469945 2 6 5
85.1674 0.469932 0.469932 2 6 5
85.1874 0.46992 0.46992 2 6 5
85.2074 0.469908 0.469908 2 6 5
85.2274 0.469896 0.469896 2 6 5
85.2474 0.469883 0.469883 2 6 5
85.2674 0.469871 0.469871 2 6 5
85.2874 0.469859 0.469859 2 6 5
85.3074 0.469847 0.469847 2 6 5
85.3274 0.469834 0.469834 2 6 5
85.3474 0.469822 0.469822 2 6 5
85.3674 0.46981 0.46981 2 6 5
85.3874 0.469798 0.469798 2 6 5
85.4074 0.469785 0.469785 2 6 5
85.4274 0.469773 0.469773 2 6 5
85.4474 0.469761 0.469761 2 6 5
85.4674 0.469749 0.469749 2 6 5
85.4874 0.469737 0.469737 2 6 5
85.5074 0.469724 0.469724 2 6 5
85.5274 0.469712 0.469712 2 6 5
85.5474 0.4697 0.4697 2 6 5
85.5674 0.469688 0.469688 2 6 5
85.5874 0.469676 0.469676 2 6 5
85.6074 0.469663 0.469663 2 6 5
85.6274 0.469651 0.469651 2 6 5
85.6474 0.469639 0.469639 2 6 5
85.6674 0.469627 0.469627 2 6 5
85.6874 0.469615 0.469615 2 6 5
85.7074 0.469602 0.469602 2 6 5
85.7274 0.46959 0.46959 2 6 5
85.7474 0.469578 0.469578 2 6 5
85.7674 0.469566 0.469566 2 6 5
85.7874 0.469554 0.469554 2 6 5
85.8074 0.469542 0.469542 2 6 5
85.8274 0.469529 0.469529 2 6 5
85.8474 0.469517 0.469517 2 6 5
85.8674 0.469505 0.469505 2 6 5
85.8874 0.469493 0.469493 2 6 5
85.9074 0.469481 0.469481 2 6 5
85.9274 0.469469 0.469469 2 6 5
85.9474 0.469456 0.469456 2 6 5
85.9674 0.469444 0.469444 2 6 5
85.9874 0.469432 0.469432 2 6 5
86.0074 0.46942 0.46942 2 6 5
86.0274 0.469408 0.469408 2 6 5
86.0474 0.469396 0.469396 2 6 5
86.0674 0.469384 0.469384 2 6 5
86.0874 0.469372 0.469372 2 6 5
86.1074 0.469359 0.469359 2 6 5
86.1274 0.469347 0.469347 2 6 5
86.1474 0.469335 0.469335 2 6 5
86.1674 0.469323 0.469323 2 6 5
86.1874 0.469311 0.469311 2 6 5
86.2074 0.469299 0.469299 2 6 5
86.2274 0.469287 0.469287 2 6 5
86.2474 0.469275 0.469275 2 6 5
86.2674 0.469263 0.469263 2 6 5
86.2874 0.469251 0.469251 2 6 5
86.3074 0.469238 0.469238 2 6 5
86.3274 0.469226 0.469226 2 6 5
86.3474 0.469214 0.469214 2 6 5
86.3674 0.469202 0.469202 2 6 5
86.3874 0.46919 0.46919 2 6 5
86.4074 0.469178 0.469178 2 6 5
86.4274 0.469166 0.469166 2 6 5
86.4474 0.469154 0.469154 2 6 5
86.4674 0.469142 0.469142 2 6 5
86.4874 0.46913 0.46913 2 6 5
86.5074 0.469118 0.469118 2 6 5
86.5274 0.469106 0.469106 2 6 5
86.5474 0.469094 0.469094 2 6 5
86.5674 0.469082 0.469082 2 6 5
86.5874 0.46907 0.46907 2 6 5
86.6074 0.469058 0.469058 2 6 5
86.6274 0.469045 0.469045 2 6 5
86.6474 0.469031 0.469031 2 6 5
86.6674 0.46902 0.46902 2 6 5
86.6874 0.469009 0.469009 2 6 5
86.7074 0.468998 0.468998 2 6 5
86.7274 0.468986 0.468986 2 6 5
86.7474 0.468974 0.468974 2 6 5
86.7674 0.468961 0.468961 2 6 5
86.7874 0.468949 0.468949 2 6 5
86.8074 0.468937 0.468937 2 6 5
86.8274 0.468925 0.468925 2 6 5
86.8474 0.468913 0.468913 2 6 5
86.8674 0.468901 0.468901 2 6 5
86.8874 0.468889 0.468889 2 6 5
86.9074 0.468877 0.468877 2 6 5
86.9274 0.468865 0.468865 2 6 5
86.9474 0.468853 0.468853 2 6 5
86.9674 0.468841 0.468841 2 6 5
86.9874 0.468829 0.468829 2 6 5
87.0074 0.468817 0.468817 2 6 5
87.0274 0.468805 0.468805 2 6 5
87.0474 0.468793 0.468793 2 6 5
87.0674 0.468781 0.468781 2 6 5
87.0874 0.468769 0.468769 2 6 5
87.1074 0.468758 0.468758 2 6 5
87.1274 0.468746 0.468746 2 6 5
87.1474 0.468734 0.468734 2 6 5
87.1674 0.468722 0.468722 2 6 5
87.1874 0.46871 0.46871 2 6 5
87.2074 0.468698 0.468698 2 6 5
87.2274 0.468686 0.468686 2 6 5
87.2474 0.468674 0.468674 2 6 5
87.2674 0.468662 0.468662 2 6 5
87.2874 0.46865 0.46865 2 6 5
87.3074 0.468638 0.468638 2 6 5
87.3274 0.468626 0.468626 2 6 5
87.3474 0.468614 0.468614 2 6 5
87.3674 0.468602 0.468602 2 6 5
87.3874 0.46859 0.46859 2 6 5
87.4074 0.468578 0.468578 2 6 5
87.4274 0.468567 0.468567 2 6 5
87.4474 0.468555 0.468555 2 6 5
87.4674 0.468543 0.468543 2 6 5
87.4874 0.468531 0.468531 2 6 5
87.5074 0.468519 0.468519 2 6 5
87.5274 0.468507 0.468507 2 6 5
87.5474 0.468495 0.468495 2 6 5
87.5674 0.468483 0.468483 2 6 5
87.5874 0.468471 0.468471 2 6 5
87.6074 0.468459 0.468459 2 6 5
87.6274 0.468448 0.468448 2 6 5
87.6474 0.468436 0.468436 2 6 5
87.6674 0.468424 0.468424 2 6 5
87.6874 0.468412 0.468412 2 6 5
87.7074 0.4684 0.4684 2 6 5
87.7274 0.468388 0.468388 2 6 5
87.7474 0.468376 0.468376 2 6 5
87.7674 0.468364 0.468364 2 6 5
87.7874 0.468353 0.468353 2 6 5
87.8074 0.468341 0.468341 2 6 5
87.8274 0.468329 0.468329 2 6 5
87.8474 0.468317 0.468317 2 6 5
87.8674 0.468305 0.468305 2 6 5
87.8874 0.468293 0.468293 2 6 5
87.9074 0.468281 0.468281 2 6 5
87.9274 0.46827 0.46827 2 6 5
87.9474 0.468258 0.468258 2 6 5
87.9674 0.468246 0.468246 2 6 5
87.9874 0.468234 0.468234 2 6 5
88.0074 0.468222 0.468222 2 6 5
88.0274 0.46821 0.46821 2 6 5
88.0474 0.468199 0.468199 2 6 5
88.0674 0.468187 0.468187 2 6 5
88.0874 0.468175 0.468175 2 6 5
88.1074 0.468163 0.468163 2 6 5
88.1274 0.468151 0.468151 2 6 5
88.1474 0.46814 0.46814 2 6 5
88.1674 0.468128 0.468128 2 6 5
88.1874 0.468116 0.468116 2 6 5
88.2074 0.468104 0.468104 2 6 5
88.2274 0.468092 0.468092 2 6 5
88.2474 0.468081 0.468081 2 6 5
88.2674 0.468069 0.468069 2 6 5
88.2874 0.468057 0.468057 2 6 5
88.3074 0.468045 0.468045 2 6 5
88.3274 0.468033 0.468033 2 6 5
88.3474 0.468022 0.468022 2 6 5
88.3674 0.46801 0.46801 2 6 5
88.3874 0.467998 0.467998 2 6 5
88.4074 0.467986 0.467986 2 6 5
88.4274 0.467975 0.467975 2 6 5
88.4474 0.467963 0.467963 2 6 5
88.4674 0.467951 0.467951 2 6 5
88.4874 0.467939 0.467939 2 6 5
88.5074 0.467928 0.467928 2 6 5
88.5274 0.467916 0.467916 2 6 5
88.5474 0.467904 0.467904 2 6 5
88.5674 0.467892 0.467892 2 6 5
88.5874 0.467881 0.467881 2 6 5
88.6074 0.467869 0.467869 2 6 5
88.6274 0.467857 0.467857 2 6 5
88.6474 0.467845 0.467845 2 6 5
88.6674 0.467834 0.467834 2 6 5
88.6874 0.467822 0.467822 2 6 5
88.7074 0.46781 0.46781 2 6 5
88.7274 0.467798 0.467798 2 6 5
88.7474 0.467787 0.467787 2 6 5
88.7674 0.467775 0.467775 2 6 5
88.7874 0.467763 0.467763 2 6 5
88.8074 0.467752 0.467752 2 6 5
88.8274 0.46774 0.46774 2 6 5
88.8474 0.467728 0.467728 2 6 5
88.8674 0.467717 0.467717 2 6 5
88.8874 0.467705 0.467705 2 6 5
88.9074 0.467693 0.467693 2 6 5
88.9274 0.467681 0.467681 2 6 5
88.9474 0.46767 0.46767 2 6 5
88.9674 0.467658 0.467658 2 6 5
88.9874 0.467646 0.467646 2 6 5
89.0074 0.467635 0.467635 2 6 5
89.0274 0.467623 0.467623 2 6 5
89.0474 0.467611 0.467611 2 6 5
89.0674 0.4676 0.4676 2 6 5
89.0874 0.467588 0.467588 2 6 5
89.1074 0.467576 0.467576 2 6 5
89.1274 0.467565 0.467565 2 6 5
89.1474 0.467553 0.467553 2 6 5
89.1674 0.467541 0.467541 2 6 5
89.1874 0.46753 0.46753 2 6 5
89.2074 0.467518 0.467518 2 6 5
89.2274 0.467506 0.467506 2 6 5
89.2474 0.467495 0.467495 2 6 5
89.2674 0.467483 0.467483 2 6 5
89.2874 0.467471 0.467471 2 6 5
89.3074 0.46746 0.46746 2 6 5
89.3274 0.467448 0.467448 2 6 5
89.3474 0.467437 0.467437 2 6 5
89.3674 0.467425 0.467425 2 6 5
89.3874 0.467413 0.467413 2 6 5
89.4074 0.467402 0.467402 2 6 5
89.4274 0.46739 0.46739 2 6 5
89.4474 0.467378 0.467378 2 6 5
89.4674 0.467367 0.467367 2 6 5
89.4874 0.467355 0.467355 2 6 5
89.5074 0.467344 0.467344 2 6 5
89.5274 0.467332 0.467332 2 6 5
89.5474 0.46732 0.46732 2 6 5
89.5674 0.467309 0.467309 2 6 5
89.5874 0.467297 0.467297 2 6 5
89.6074 0.467286 0.467286 2 6 5
89.6274 0.467274 0.467274 2 6 5
89.6474 0.467262 0.467262 2 6 5
89.6674 0.467251 0.467251 2 6 5
89.6874 0.467239 0.467239 2 6 5
89.7074 0.467228 0.467228 2 6 5
89.7274 0.467216 0.467216 2 6 5
89.7474 0.467205 0.467205 2 6 5
89.7674 0.467193 0.467193 2 6 5
89.7874 0.467181 0.467181 2 6 5
89.8074 0.46717 0.46717 2 6 5
89.8274 0.467158 0.467158 2 6 5
89.8474 0.467147 0.467147 2 6 5
89.8674 0.467135 0.467135 2 6 5
89.8874 0.467124 0.467124 2 6 5
89.9074 0.467112 0.467112 2 6 5
89.9274 0.467101 0.467101 2 6 5
89.9474 0.467089 0.467089 2 6 5
89.9674 0.467077 0.467077 2 6 5
89.9874 0.467066 0.467066 2 6 5
90.0074 0.467054 0.467054 2 6 5
90.0274 0.467043 0.467043 2 6 5
90.0474 0.467031 0.467031 2 6 5
90.0674 0.46702 0.46702 2 6 5
90.0874 0.467008 0.467008 2 6 5
90.1074 0.466997 0.466997 2 6 5
90.1274 0.466985 0.466985 2 6 5
90.1474 0.466974 0.466974 2 6 5
90.1674 0.466962 0.466962 2 6 5
90.1874 0.466951 0.466951 2 6 5
90.2074 0.466939 0.466939 2 6 5
90.2274 0.466928 0.466928 2 6 5
90.2474 0.466916 0.466916 2 6 5
90.2674 0.466905 0.466905 2 6 5
90.2874 0.466893 0.466893 2 6 5
90.3074 0.466882 0.466882 2 6 5
90.3274 0.46687 0.46687 2 6 5
90.3474 0.466859 0.466859 2 6 5
90.3674 0.466847 0.466847 2 6 5
90.3874 0.466836 0.466836 2 6 5
90.4074 0.466824 0.466824 2 6 5
90.4274 0.466813 0.466813 2 6 5
90.4474 0.466801 0.466801 2 6 5
90.4674 0.46679 0.46679 2 6 5
90.4874 0.466778 0.466778 2 6 5
90.5074 0.466767 0.466767 2 6 5
90.5274 0.466755 0.466755 2 6 5
90.5474 0.466744 0.466744 2 6 5
90.5674 0.466733 0.466733 2 6 5
90.5874 0.466721 0.466721 2 6 5
90.6074 0.46671 0.46671 2 6 5
90.6274 0.466698 0.466698 2 6 5
90.6474 0.466687 0.466687 2 6 5
90.6674 0.466675 0.466675 2 6 5
90.6874 0.466664 0.466664 2 6 5
90.7074 0.466652 0.466652 2 6 5
90.7274 0.466641 0.466641 2 6 5
90.7474 0.46663 0.46663 2 6 5
90.7674 0.466618 0.466618 2 6 5
90.7874 0.466607 0.466607 2 6 5
90.8074 0.466595 0.466595 2 6 5
90.8274 0.466584 0.466584 2 6 5
90.8474 0.466572 0.466572 2 6 5
90.8674 0.466561 0.466561 2 6 5
90.8874 0.46655 0.46655 2 6 5
90.9074 0.466538 0.466538 2 6 5
90.9274 0.466527 0.466527 2 6 5
90.9474 0.466515 0.466515 2 6 5
90.9674 0.466504 0.466504 2 6 5
90.9874 0.466493 0.466493 2 6 5
91.0074 0.466481 0.466481 2 6 5
91.0274 0.46647 0.46647 2 6 5
91.0474 0.466458 0.466458 2 6 5
91.0674 0.466447 0.466447 2 6 5
91.0874 0.466436 0.466436 2 6 5
91.1074 0.466424 0.466424 2 6 5
91.1274 0.466413 0.466413 2 6 5
91.1474 0.466402 0.466402 2 6 5
91.1674 0.46639 0.46639 2 6 5
91.1874 0.466379 0.466379 2 6 5
91.2074 0.466367 0.466367 2 6 5
91.2274 0.466356 0.466356 2 6 5
91.2474 0.466345 0.466345 2 6 5
91.2674 0.466333 0.466333 2 6 5
91.2874 0.466322 0.466322 2 6 5
91.3074 0.466311 0.466311 2 6 5
91.3274 0.466299 0.466299 2 6 5
91.3474 0.466288 0.466288 2 6 5
91.3674 0.466277 0.466277 2 6 5
91.3874 0.466265 0.466265 2 6 5
91.4074 0.466254 0.466254 2 6 5
91.4274 0.466243 0.466243 2 6 5
91.4474 0.466231 0.466231 2 6 5
91.4674 0.46622 0.46622 2 6 5
91.4874 0.466209 0.466209 2 6 5
91.5074 0.466197 0.466197 2 6 5
91.5274 0.466186 0.466186 2 6 5
91.5474 0.466175 0.466175 2 6 5
91.5674 0.466163 0.466163 2 6 5
91.5874 0.466152 0.466152 2 6 5
91.6074 0.466141 0.466141 2 6 5
91.6274 0.466129 0.466129 2 6 5
91.6474 0.466118 0.466118 2 6 5
91.6674 0.466107 0.466107 2 6 5
91.6874 0.466095 0.466095 2 6 5
91.7074 0.466084 0.466084 2 6 5
91.7274 0.466073 0.466073 2 6 5
91.7474 0.466062 0.466062 2 6 5
91.7674 0.46605 0.46605 2 6 5
91.7874 0.466039 0.466039 2 6 5
91.8074 0.466028 0.466028 2 6 5
91.8274 0.466016 0.466016 2 6 5
91.8474 0.466005 0.466005 2 6 5
91.8674 0.465994 0.465994 2 6 5
91.8874 0.465983 0.465983 2 6 5
91.9074 0.465971 0.465971 2 6 5
91.9274 0.46596 0.46596 2 6 5
91.9474 0.465949 0.465949 2 6 5
91.9674 0.465937 0.465937 2 6 5
91.9874 0.465926 0.465926 2 6 5
92.0074 0.465915 0.465915 2 6 5
92.0274 0.465904 0.465904 2 6 5
92.0474 0.465892 0.465892 2 6 5
92.0674 0.465881 0.465881 2 6 5
92.0874 0.46587 0.46587 2 6 5
92.1074 0.465859 0.465859 2 6 5
92.1274 0.465847 0.465847 2 6 5
92.1474 0.465836 0.465836 2 6 5
92.1674 0.465825 0.465825 2 6 5
92.1874 0.465814 0.465814 2 6 5
92.2074 0.465803 0.465803 2 6 5
92.2274 0.465791 0.465791 2 6 5
92.2474 0.46578 0.46578 2 6 5
92.2674 0.465769 0.465769 2 6 5
92.2874 0.465758 0.465758 2 6 5
92.3074 0.465746 0.465746 2 6 5
92.3274 0.465735 0.465735 2 6 5
92.3474 0.465724 0.465724 2 6 5
92.3674 0.465713 0.465713 2 6 5
92.3874 0.465702 0.465702 2 6 5
92.4074 0.46569 0.46569 2 6 5
92.4274 0.465679 0.465679 2 6 5
92.4474 0.465668 0.465668 2 6 5
92.4674 0.465657 0.465657 2 6 5
92.4874 0.465646 0.465646 2 6 5
92.5074 0.465634 0.465634 2 6 5
92.5274 0.465623 0.465623 2 6 5
92.5474 0.465612 0.465612 2 6 5
92.5674 0.465601 0.465601 2 6 5
92.5874 0.46559 0.46559 2 6 5
92.6074 0.465578 0.465578 2 6 5
92.6274 0.465567 0.465567 2 6 5
92.6474 0.465556 0.465556 2 6 5
92.6674 0.465545 0.465545 2 6 5
92.6874 0.465534 0.465534 2 6 5
92.7074 0.465523 0.465523 2 6 5
92.7274 0.465511 0.465511 2 6 5
92.7474 0.4655 0.4655 2 6 5
92.7674 0.465489 0.465489 2 6 5
92.7874 0.465478 0.465478 2 6 5
92.8074 0.465467 0.465467 2 6 5
92.8274 0.465456 0.465456 2 6 5
92.8474 0.465445 0.465445 2 6 5
92.8674 0.465433 0.465433 2 6 5
92.8874 0.465422 0.465422 2 6 5
92.9074 0.465411 0.465411 2 6 5
92.9274 0.4654 0.4654 2 6 5
92.9474 0.465389 0.465389 2 6 5
92.9674 0.465378 0.465378 2 6 5
92.9874 0.465367 0.465367 2 6 5
93.0074 0.465356 0.465356 2 6 5
93.0274 0.465344 0.465344 2 6 5
93.0474 0.465333 0.465333 2 6 5
93.0674 0.465322 0.465322 2 6 5
93.0874 0.465311 0.465311 2 6 5
93.1074 0.4653 0.4653 2 6 5
93.1274 0.465289 0.465289 2 6 5
93.1474 0.465277 0.465277 2 6 5
93.1674 0.465266 0.465266 2 6 5
93.1874 0.465256 0.465256 2 6 5
93.2074 0.465245 0.465245 2 6 5
93.2274 0.465233 0.465233 2 6 5
93.2474 0.465222 0.465222 2 6 5
93.2674 0.465211 0.465211 2 6 5
93.2874 0.4652 0.4652 2 6 5
93.3074 0.465189 0.465189 2 6 5
93.3274 0.465178 0.465178 2 6 5
93.3474 0.465167 0.465167 2 6 5
93.3674 0.465156 0.465156 2 6 5
93.3874 0.465145 0.465145 2 6 5
93.4074 0.465134 0.465134 2 6 5
93.4274 0.465123 0.465123 2 6 5
93.4474 0.465112 0.465112 2 6 5
93.4674 0.4651 0.4651 2 6 5
93.4874 0.465089 0.465089 2 6 5
93.5074 0.465078 0.465078 2 6 5
93.5274 0.465067 0.465067 2 6 5
93.5474 0.465056 0.465056 2 6 5
93.5674 0.465045 0.465045 2 6 5
93.5874 0.465034 0.465034 2 6 5
93.6074 0.465023 0.465023 2 6 5
93.6274 0.465012 0.465012 2 6 5
93.6474 0.465001 0.465001 2 6 5
93.6674 0.46499 0.46499 2 6 5
93.6874 0.464979 0.464979 2 6 5
93.7074 0.464968 0.464968 2 6 5
93.7274 0.464957 0.464957 2 6 5
93.7474 0.464946 0.464946 2 6 5
93.7674 0.464935 0.464935 2 6 5
93.7874 0.464924 0.464924 2 6 5
93.8074 0.464913 0.464913 2 6 5
93.8274 0.464902 0.464902 2 6 5
93.8474 0.464891 0.464891 2 6 5
93.8674 0.46488 0.46488 2 6 5
93.8874 0.464869 0.464869 2 6 5
93.9074 0.464858 0.464858 2 6 5
93.9274 0.464847 0.464847 2 6 5
93.9474 0.464836 0.464836 2 6 5
93.9674 0.464825 0.464825 2 6 5
93.9874 0.464814 0.464814 2 6 5
94.0074 0.464803 0.464803 2 6 5
94.0274 0.464792 0.464792 2 6 5
94.0474 0.464781 0.464781 2 6 5
94.0674 0.46477 0.46477 2 6 5
94.0874 0.464759 0.464759 2 6 5
94.1074 0.464748 0.464748 2 6 5
94.1274 0.464737 0.464737 2 6 5
94.1474 0.464726 0.464726 2 6 5
94.1674 0.464715 0.464715 2 6 5
94.1874 0.464704 0.464704 2 6 5
94.2074 0.464693 0.464693 2 6 5
94.2274 0.464682 0.464682 2 6 5
94.2474 0.464671 0.464671 2 6 5
94.2674 0.46466 0.46466 2 6 5
94.2874 0.464649 0.464649 2 6 5
94.3074 0.464638 0.464638 2 6 5
94.3274 0.464627 0.464627 2 6 5
94.3474 0.464616 0.464616 2 6 5
94.3674 0.464605 0.464605 2 6 5
94.3874 0.464594 0.464594 2 6 5
94.4074 0.464583 0.464583 2 6 5
94.4274 0.464573 0.464573 2 6 5
94.4474 0.464562 0.464562 2 6 5
94.4674 0.464551 0.464551 2 6 5
94.4874 0.46454 0.46454 2 6 5
94.5074 0.464529 0.464529 2 6 5
94.5274 0.464518 0.464518 2 6 5
94.5474 0.464507 0.464507 2 6 5
94.5674 0.464496 0.464496 2 6 5
94.5874 0.464485 0.464485 2 6 5
94.6074 0.464474 0.464474 2 6 5
94.6274 0.464463 0.464463 2 6 5
94.6474 0.464452 0.464452 2 6 5
94.6674 0.464441 0.464441 2 6 5
94.6874 0.464431 0.464431 2 6 5
94.7074 0.46442 0.46442 2 6 5
94.7274 0.464409 0.464409 2 6 5
94.7474 0.464398 0.464398 2 6 5
94.7674 0.464387 0.464387 2 6 5
94.7874 0.464376 0.464376 2 6 5
94.8074 0.464365 0.464365 2 6 5
94.8274 0.464354 0.464354 2 6 5
94.8474 0.464343 0.464343 2 6 5
94.8674 0.464333 0.464333 2 6 5
94.8874 0.464322 0.464322 2 6 5
94.9074 0.464311 0.464311 2 6 5
94.9274 0.4643 0.4643 2 6 5
94.9474 0.464289 0.464289 2 6 5
94.9674 0.464278 0.464278 2 6 5
94.9874 0.464267 0.464267 2 6 5
95.0074 0.464256 0.464256 2 6 5
95.0274 0.464246 0.464246 2 6 5
95.0474 0.464235 0.464235 2 6 5
95.0674 0.464224 0.464224 2 6 5
95.0874 0.464213 0.464213 2 6 5
95.1074 0.464202 0.464202 2 6 5
95.1274 0.464191 0.464191 2 6 5
95.1474 0.46418 0.46418 2 6 5
95.1674 0.46417 0.46417 2 6 5
95.1874 0.464159 0.464159 2 6 5
95.2074 0.464148 0.464148 2 6 5
95.2274 0.464137 0.464137 2 6 5
95.2474 0.464126 0.464126 2 6 5
95.2674 0.464115 0.464115 2 6 5
95.2874 0.464105 0.464105 2 6 5
95.3074 0.464094 0.464094 2 6 5
95.3274 0.464083 0.464083 2 6 5
95.3474 0.464072 0.464072 2 6 5
95.3674 0.464061 0.464061 2 6 5
95.3874 0.464051 0.464051 2 6 5
95.4074 0.46404 0.46404 2 6 5
95.4274 0.464029 0.464029 2 6 5
95.4474 0.464018 0.464018 2 6 5
95.4674 0.464007 0.464007 2 6 5
95.4874 0.463996 0.463996 2 6 5
95.5074 0.463986 0.463986 2 6 5
95.5274 0.463975 0.463975 2 6 5
95.5474 0.463964 0.463964 2 6 5
95.5674 0.463953 0.463953 2 6 5
95.5874 0.463943 0.463943 2 6 5
95.6074 0.463932 0.463932 2 6 5
95.6274 0.463921 0.463921 2 6 5
95.6474 0.46391 0.46391 2 6 5
95.6674 0.463899 0.463899 2 6 5
95.6874 0.463889 0.463889 2 6 5
95.7074 0.463878 0.463878 2 6 5
95.7274 0.463867 0.463867 2 6 5
95.7474 0.463856 0.463856 2 6 5
95.7674 0.463846 0.463846 2 6 5
95.7874 0.463835 0.463835 2 6 5
95.8074 0.463824 0.463824 2 6 5
95.8274 0.463813 0.463813 2 6 5
95.8474 0.463802 0.463802 2 6 5
95.8674 0.463792 0.463792 2 6 5
95.8874 0.463781 0.463781 2 6 5
95.9074 0.46377 0.46377 2 6 5
95.9274 0.463759 0.463759 2 6 5
95.9474 0.463749 0.463749 2 6 5
95.9674 0.463738 0.463738 2 6 5
95.9874 0.463727 0.463727 2 6 5
96.0074 0.463717 0.463717 2 6 5
96.0274 0.463706 0.463706 2 6 5
96.0474 0.463695 0.463695 2 6 5
96.0674 0.463684 0.463684 2 6 5
96.0874 0.463674 0.463674 2 6 5
96.1074 0.463663 0.463663 2 6 5
96.1274 0.463652 0.463652 2 6 5
96.1474 0.463641 0.463641 2 6 5
96.1674 0.463631 0.463631 2 6 5
96.1874 0.46362 0.46362 2 6 5
96.2074 0.463609 0.463609 2 6 5
96.2274 0.463599 0.463599 2 6 5
96.2474 0.463588 0.463588 2 6 5
96.2674 0.463577 0.463577 2 6 5
96.2874 0.463566 0.463566 2 6 5
96.3074 0.463556 0.463556 2 6 5
96.3274 0.463545 0.463545 2 6 5
96.3474 0.463534 0.463534 2 6 5
96.3674 0.463524 0.463524 2 6 5
96.3874 0.463513 0.463513 2 6 5
96.4074 0.463502 0.463502 2 6 5
96.4274 0.463492 0.463492 2 6 5
96.4474 0.463481 0.463481 2 6 5
96.4674 0.46347 0.46347 2 6 5
96.4874 0.46346 0.46346 2 6 5
96.5074 0.463449 0.463449 2 6 5
96.5274 0.463438 0.463438 2 6 5
96.5474 0.463428 0.463428 2 6 5
96.5674 0.463417 0.463417 2 6 5
96.5874 0.463406 0.463406 2 6 5
96.6074 0.463396 0.463396 2 6 5
96.6274 0.463385 0.463385 2 6 5
96.6474 0.463374 0.463374 2 6 5
96.6674 0.463364 0.463364 2 6 5
96.6874 0.463353 0.463353 2 6 5
96.7074 0.463342 0.463342 2 6 5
96.7274 0.463332 0.463332 2 6 5
96.7474 0.463321 0.463321 2 6 5
96.7674 0.46331 0.46331 2 6 5
96.7874 0.4633 0.4633 2 6 5
96.8074 0.463289 0.463289 2 6 5
96.8274 0.463278 0.463278 2 6 5
96.8474 0.463268 0.463268 2 6 5
96.8674 0.463257 0.463257 2 6 5
96.8874 0.463247 0.463247 2 6 5
96.9074 0.463236 0.463236 2 6 5
96.9274 0.463225 0.463225 2 6 5
96.9474 0.463215 0.463215 2 6 5
96.9674 0.463204 0.463204 2 6 5
96.9874 0.463193 0.463193 2 6 5
97.0074 0.463183 0.463183 2 6 5
97.0274 0.463172 0.463172 2 6 5
97.0474 0.463162 0.463162 2 6 5
97.0674 0.463151 0.463151 2 6 5
97.0874 0.46314 0.46314 2 6 5
97.1074 0.46313 0.46313 2 6 5
97.1274 0.463119 0.463119 2 6 5
97.1474 0.463109 0.463109 2 6 5
97.1674 0.463098 0.463098 2 6 5
97.1874 0.463087 0.463087 2 6 5
97.2074 0.463077 0.463077 2 6 5
97.2274 0.463066 0.463066 2 6 5
97.2474 0.463056 0.463056 2 6 5
97.2674 0.463045 0.463045 2 6 5
97.2874 0.463034 0.463034 2 6 5
97.3074 0.463024 0.463024 2 6 5
97.3274 0.463013 0.463013 2 6 5
97.3474 0.463003 0.463003 2 6 5
97.3674 0.462992 0.462992 2 6 5
97.3874 0.462982 0.462982 2 6 5
97.4074 0.462971 0.462971 2 6 5
97.4274 0.46296 0.46296 2 6 5
97.4474 0.46295 0.46295 2 6 5
97.4674 0.462939 0.462939 2 6 5
97.4874 0.462929 0.462929 2 6 5
97.5074 0.462918 0.462918 2 6 5
97.5274 0.462908 0.462908 2 6 5
97.5474 0.462897 0.462897 2 6 5
97.5674 0.462887 0.462887 2 6 5
97.5874 0.462876 0.462876 2 6 5
97.6074 0.462865 0.462865 2 6 5
97.6274 0.462855 0.462855 2 6 5
97.6474 0.462844 0.462844 2 6 5
97.6674 0.462834 0.462834 2 6 5
97.6874 0.462823 0.462823 2 6 5
97.7074 0.462813 0.462813 2 6 5
97.7274 0.462802 0.462802 2 6 5
97.7474 0.462792 0.462792 2 6 5
97.7674 0.462781 0.462781 2 6 5
97.7874 0.462771 0.462771 2 6 5
97.8074 0.46276 0.46276 2 6 5
97.8274 0.46275 0.46275 2 6 5
97.8474 0.462739 0.462739 2 6 5
97.8674 0.462729 0.462729 2 6 5
97.8874 0.462718 0.462718 2 6 5
97.9074 0.462708 0.462708 2 6 5
97.9274 0.462697 0.462697 2 6 5
97.9474 0.462687 0.462687 2 6 5
97.9674 0.462676 0.462676 2 6 5
97.9874 0.462666 0.462666 2 6 5
98.0074 0.462655 0.462655 2 6 5
98.0274 0.462645 0.462645 2 6 5
98.0474 0.462634 0.462634 2 6 5
98.0674 0.462624 0.462624 2 6 5
98.0874 0.462613 0.462613 2 6 5
98.1074 0.462603 0.462603 2 6 5
98.1274 0.462592 0.462592 2 6 5
98.1474 0.462582 0.462582 2 6 5
98.1674 0.462571 0.462571 2 6 5
98.1874 0.462561 0.462561 2 6 5
98.2074 0.46255 0.46255 2 6 5
98.2274 0.46254 0.46254 2 6 5
98.2474 0.462529 0.462529 2 6 5
98.2674 0.462519 0.462519 2 6 5
98.2874 0.462508 0.462508 2 6 5
98.3074 0.462498 0.462498 2 6 5
98.3274 0.462488 0.462488 2 6 5
98.3474 0.462477 0.462477 2 6 5
98.3674 0.462467 0.462467 2 6 5
98.3874 0.462456 0.462456 2 6 5
98.4074 0.462446 0.462446 2 6 5
98.4274 0.462435 0.462435 2 6 5
98.4474 0.462425 0.462425 2 6 5
98.4674 0.462414 0.462414 2 6 5
98.4874 0.462404 0.462404 2 6 5
98.5074 0.462394 0.462394 2 6 5
98.5274 0.462383 0.462383 2 6 5
98.5474 0.462373 0.462373 2 6 5
98.5674 0.462362 0.462362 2 6 5
98.5874 0.462352 0.462352 2 6 5
98.6074 0.462341 0.462341 2 6 5
98.6274 0.462331 0.462331 2 6 5
98.6474 0.462321 0.462321 2 6 5
98.6674 0.46231 0.46231 2 6 5
98.6874 0.4623 0.4623 2 6 5
98.7074 0.462289 0.462289 2 6 5
98.7274 0.462279 0.462279 2 6 5
98.7474 0.462269 0.462269 2 6 5
98.7674 0.462258 0.462258 2 6 5
98.7874 0.462248 0.462248 2 6 5
98.8074 0.462237 0.462237 2 6 5
98.8274 0.462227 0.462227 2 6 5
98.8474 0.462217 0.462217 2 6 5
98.8674 0.462206 0.462206 2 6 5
98.8874 0.462196 0.462196 2 6 5
98.9074 0.462185 0.462185 2 6 5
98.9274 0.462175 0.462175 2 6 5
98.9474 0.462165 0.462165 2 6 5
98.9674 0.462154 0.462154 2 6 5
98.9874 0.462144 0.462144 2 6 5
99.0074 0.462133 0.462133 2 6 5
99.0274 0.462123 0.462123 2 6 5
99.0474 0.462113 0.462113 2 6 5
99.0674 0.462102 0.462102 2 6 5
99.0874 0.462092 0.462092 2 6 5
99.1074 0.462082 0.462082 2 6 5
99.1274 0.462071 0.462071 2 6 5
99.1474 0.462061 0.462061 2 6 5
99.1674 0.462051 0.462051 2 6 5
99.1874 0.46204 0.46204 2 6 5
99.2074 0.46203 0.46203 2 6 5
99.2274 0.462019 0.462019 2 6 5
99.2474 0.462009 0.462009 2 6 5
99.2674 0.461999 0.461999 2 6 5
99.2874 0.461988 0.461988 2 6 5
99.3074 0.461978 0.461978 2 6 5
99.3274 0.461968 0.461968 2 6 5
99.3474 0.461957 0.461957 2 6 5
99.3674 0.461947 0.461947 2 6 5
99.3874 0.461937 0.461937 2 6 5
99.4074 0.461926 0.461926 2 6 5
99.4274 0.461916 0.461916 2 6 5
99.4474 0.461906 0.461906 2 6 5
99.4674 0.461895 0.461895 2 6 5
