27.1832 2 2 2 25 5
27.1834 1.96 1.96 2 25 5
27.1833 1.92 1.92 2 25 5
27.1833 1.87 1.87 2 25 5
27.1833 1.82 1.82 2 25 5
27.1833 1.77 1.77 2 25 5
27.1833 1.72 1.72 2 25 5
27.1833 1.67 1.67 2 25 5
27.1833 1.62 1.62 2 25 5
27.1833 1.57 1.57 2 25 5
27.1833 1.52 1.52 2 25 5
27.1833 1.47 1.47 2 25 5
27.1833 1.42 1.42 2 25 5
27.1833 1.37 1.37 2 25 5
27.1833 1.32 1.32 2 25 5
27.1833 1.27 1.27 2 25 5
27.1833 1.22 1.22 2 25 5
27.1833 1.17 1.17 2 25 5
27.1833 1.12 1.12 2 25 5
27.1833 1.07 1.07 2 25 5
27.1833 1.02 1.02 2 25 5
27.1833 0.969999 0.969999 2 25 5
27.1833 0.919999 0.919999 2 25 5
27.1833 0.869999 0.869999 2 25 5
27.1833 0.819999 0.819999 2 25 5
27.1833 0.769999 0.769999 2 25 5
27.1833 0.719999 0.719999 2 25 5
27.1833 0.669999 0.669999 2 25 5
27.1833 0.619999 0.619999 2 25 5
27.1833 0.569999 0.569999 2 25 5
27.1833 0.519999 0.519999 2 25 5
27.1833 0.469999 0.469999 2 25 5
27.1833 0.419999 0.419999 2 25 5
27.1833 0.369999 0.369999 2 25 5
27.1833 0.319999 0.319999 2 25 5
27.1833 0.269999 0.269999 2 25 5
27.1833 0.219999 0.219999 2 25 5
27.1833 0.169999 0.169999 2 25 5
27.1833 0.119999 0.119999 2 25 5
27.1833 0.0699989 0.0699989 2 25 5
27.1833 0.0199989 0.0199989 2 25 5
27.1833 -0.0300011 -0.0300011 2 25 5
27.1833 -0.0800011 -0.0800011 2 25 5
27.1833 -0.130001 -0.130001 2 25 5
27.1833 -0.180001 -0.180001 2 25 5
27.1833 -0.230001 -0.230001 2 25 5
27.1833 -0.280001 -0.280001 2 25 5
27.1833 -0.330001 -0.330001 2 25 5
27.1833 -0.380001 -0.380001 2 25 5
27.1833 -0.430001 -0.430001 2 25 5
27.1833 -0.480001 -0.480001 2 25 5
27.1833 -0.530001 -0.530001 2 25 5
27.1833 -0.580001 -0.580001 2 25 5
27.1833 -0.630001 -0.630001 2 25 5
27.1833 -0.680001 -0.680001 2 25 5
27.1833 -0.730001 -0.730001 2 25 5
27.1833 -0.780001 -0.780001 2 25 5
27.1833 -0.830001 -0.830001 2 25 5
27.1833 -0.880001 -0.880001 2 25 5
27.1833 -0.930001 -0.930001 2 25 5
27.1833 -0.980001 -0.980001 2 25 5
27.1833 -1.03 -1.03 2 25 5
27.1833 -1.08 -1.08 2 25 5
27.1833 -1.13 -1.13 2 25 5
27.1833 -1.18 -1.18 2 25 5
27.1833 -1.23 -1.23 2 25 5
27.1833 -1.28 -1.28 2 25 5
27.1833 -1.33 -1.33 2 25 5
27.1833 -1.38 -1.38 2 25 5
27.1833 -1.43 -1.43 2 25 5
27.1833 -1.48 -1.48 2 25 5
27.1833 -1.53 -1.53 2 25 5
27.1833 -1.58 -1.58 2 25 5
27.1833 -1.63 -1.63 2 25 5
27.1833 -1.68 -1.68 2 25 5
27.1833 -1.73 -1.73 2 25 5
27.1833 -1.78 -1.78 2 25 5
27.1833 -1.83 -1.83 2 25 5
27.1833 -1.88 -1.88 2 25 5
27.1833 -1.93 -1.93 2 25 5
27.1833 -1.98 -1.98 2 25 5
27.1833 -2.03 -2.03 2 25 5
27.1833 -2.08 -2.08 2 25 5
27.1833 -2.13 -2.13 2 25 5
27.1833 -2.18 -2.18 2 25 5
27.1833 -2.23 -2.23 2 25 5
27.1833 -2.28 -2.28 2 25 5
27.1833 -2.33 -2.33 2 25 5
27.1833 -2.38 -2.38 2 25 5
27.1833 -2.43 -2.43 2 25 5
27.1833 -2.48 -2.48 2 25 5
27.1833 -2.53 -2.53 2 25 5
27.1833 -2.58 -2.58 2 25 5
27.1833 -2.63 -2.63 2 25 5
27.1833 -2.68 -2.68 2 25 5
27.1833 -2.73 -2.73 2 25 5
27.1833 -2.78 -2.78 2 25 5
27.1833 -2.83 -2.83 2 25 5
27.1833 -2.88 -2.88 2 25 5
27.1833 -2.93 -2.93 2 25 5
27.1833 -2.98 -2.98 2 25 5
27.1833 -3.03 -3.03 2 25 5
27.1833 -3.08 -3.08 2 25 5
27.1833 -3.13 -3.13 2 25 5
27.1833 -3.18 -3.18 2 25 5
27.1833 -3.23 -3.23 2 25 5
27.1833 -3.28 -3.28 2 25 5
27.1833 -3.33 -3.33 2 25 5
27.1833 -3.38 -3.38 2 25 5
27.1833 -3.43 -3.43 2 25 5
27.1833 -3.48 -3.48 2 25 5
27.1833 -3.53 -3.53 2 25 5
27.1833 -3.58 -3.58 2 25 5
27.1833 -3.63 -3.63 2 25 5
27.1833 -3.68 -3.68 2 25 5
27.1833 -3.73 -3.73 2 25 5
27.1833 -3.78 -3.78 2 25 5
27.1833 -3.83 -3.83 2 25 5
27.1833 -3.88 -3.88 2 25 5
27.1833 -3.93 -3.93 2 25 5
27.1833 -3.98 -3.98 2 25 5
27.1833 -4.03 -4.03 2 25 5
27.1833 -4.08 -4.08 2 25 5
27.1833 -4.13 -4.13 2 25 5
27.1833 -4.18 -4.18 2 25 5
27.1833 -4.23 -4.23 2 25 5
27.1833 -4.28 -4.28 2 25 5
27.1833 -4.33 -4.33 2 25 5
27.1833 -4.38 -4.38 2 25 5
27.1833 -4.43 -4.43 2 25 5
27.1833 -4.48 -4.48 2 25 5
27.1833 -4.53 -4.53 2 25 5
27.1833 -4.58 -4.58 2 25 5
27.1833 -4.63 -4.63 2 25 5
27.1833 -4.68 -4.68 2 25 5
27.1833 -4.73 -4.73 2 25 5
27.1833 -4.78 -4.78 2 25 5
27.1833 -4.83 -4.83 2 25 5
27.1833 -4.88 -4.88 2 25 5
27.1833 -4.93 -4.93 2 25 5
27.1833 -4.98 -4.98 2 25 5
27.1833 -5.03 -5.03 2 25 5
27.1833 -5.08 -5.08 2 25 5
27.1833 -5.13 -5.13 2 25 5
27.1833 -5.18 -5.18 2 25 5
27.1833 -5.23 -5.23 2 25 5
27.1833 -5.28 -5.28 2 25 5
27.1833 -5.33 -5.33 2 25 5
27.1833 -5.38 -5.38 2 25 5
27.1833 -5.43 -5.43 2 25 5
27.1833 -5.48 -5.48 2 25 5
27.1833 -5.53 -5.53 2 25 5
27.1833 -5.58 -5.58 2 25 5
27.1833 -5.63 -5.63 2 25 5
27.1833 -5.68 -5.68 2 25 5
27.1833 -5.73 -5.73 2 25 5
27.1833 -5.78 -5.78 2 25 5
27.1833 -5.83 -5.83 2 25 5
27.1833 -5.88 -5.88 2 25 5
27.1833 -5.93 -5.93 2 25 5
27.1833 -5.98 -5.98 2 25 5
27.1833 -6.03 -6.03 2 25 5
27.1833 -6.08 -6.08 2 25 5
27.1833 -6.13 -6.13 2 25 5
27.1833 -6.18 -6.18 2 25 5
27.1833 -6.23 -6.23 2 25 5
27.1833 -6.28 -6.28 2 25 5
27.1833 -6.33 -6.33 2 25 5
27.1833 -6.38 -6.38 2 25 5
27.1833 -6.43 -6.43 2 25 5
27.1833 -6.48 -6.48 2 25 5
27.1833 -6.53 -6.53 2 25 5
27.1833 -6.58 -6.58 2 25 5
27.1833 -6.63 -6.63 2 25 5
27.1833 -6.68 -6.68 2 25 5
27.1833 -6.73 -6.73 2 25 5
27.1833 -6.78 -6.78 2 25 5
27.1833 -6.83 -6.83 2 25 5
27.1833 -6.88 -6.88 2 25 5
27.1833 -6.93 -6.93 2 25 5
27.1833 -6.98 -6.98 2 25 5
27.1833 -7.03 -7.03 2 25 5
27.1833 -7.08 -7.08 2 25 5
27.1833 -7.13 -7.13 2 25 5
27.1833 -7.18 -7.18 2 25 5
27.1833 -7.23 -7.23 2 25 5
27.1833 -7.28 -7.28 2 25 5
27.1833 -7.33 -7.33 2 25 5
27.1833 -7.38 -7.38 2 25 5
27.1833 -7.43 -7.43 2 25 5
27.1833 -7.48 -7.48 2 25 5
27.1833 -7.53 -7.53 2 25 5
27.1833 -7.58 -7.58 2 25 5
27.1833 -7.63 -7.63 2 25 5
27.1833 -7.68 -7.68 2 25 5
27.1833 -7.73 -7.73 2 25 5
27.1833 -7.78 -7.78 2 25 5
27.1833 -7.83 -7.83 2 25 5
27.1833 -7.88 -7.88 2 25 5
27.1833 -7.93 -7.93 2 25 5
27.1833 -7.98 -7.98 2 25 5
27.1833 -8.03 -8.03 2 25 5
27.1833 -8.08 -8.08 2 25 5
27.1833 -8.13 -8.13 2 25 5
27.1833 -8.18 -8.18 2 25 5
27.1833 -8.23 -8.23 2 25 5
27.1833 -8.28 -8.28 2 25 5
27.1833 -8.33 -8.33 2 25 5
27.1833 -8.38 -8.38 2 25 5
27.1833 -8.43 -8.43 2 25 5
27.1833 -8.48 -8.48 2 25 5
27.1833 -8.53 -8.53 2 25 5
27.1833 -8.58 -8.58 2 25 5
27.1833 -8.63 -8.63 2 25 5
27.1833 -8.68 -8.68 2 25 5
27.1833 -8.73 -8.73 2 25 5
27.1833 -8.78 -8.78 2 25 5
27.1833 -8.83 -8.83 2 25 5
27.1833 -8.88 -8.88 2 25 5
27.1833 -8.93 -8.93 2 25 5
27.1833 -8.98 -8.98 2 25 5
27.1833 -9.03 -9.03 2 25 5
27.1833 -9.08 -9.08 2 25 5
27.1833 -9.13 -9.13 2 25 5
27.1833 -9.18 -9.18 2 25 5
27.1833 -9.23 -9.23 2 25 5
27.1833 -9.28 -9.28 2 25 5
27.1833 -9.33 -9.33 2 25 5
27.1833 -9.38 -9.38 2 25 5
27.1833 -9.43 -9.43 2 25 5
27.1833 -9.48 -9.48 2 25 5
27.1833 -9.53 -9.53 2 25 5
27.1833 -9.58 -9.58 2 25 5
27.1833 -9.63 -9.63 2 25 5
27.1833 -9.68 -9.68 2 25 5
27.1833 -9.73 -9.73 2 25 5
27.1833 -9.78 -9.78 2 25 5
27.1833 -9.83 -9.83 2 25 5
27.1833 -9.88 -9.88 2 25 5
27.1833 -9.93 -9.93 2 25 5
27.1833 -9.98 -9.98 2 25 5
27.1833 -10.03 -10.03 2 25 5
27.1833 -10.08 -10.08 2 25 5
27.1833 -10.13 -10.13 2 25 5
27.1833 -10.18 -10.18 2 25 5
27.1833 -10.23 -10.23 2 25 5
27.1833 -10.28 -10.28 2 25 5
27.1833 -10.33 -10.33 2 25 5
27.1833 -10.38 -10.38 2 25 5
27.1833 -10.43 -10.43 2 25 5
27.1833 -10.48 -10.48 2 25 5
27.1833 -10.53 -10.53 2 25 5
27.1833 -10.58 -10.58 2 25 5
27.1833 -10.63 -10.63 2 25 5
27.1833 -10.68 -10.68 2 25 5
27.1833 -10.73 -10.73 2 25 5
27.1833 -10.78 -10.78 2 25 5
27.1833 -10.83 -10.83 2 25 5
27.1833 -10.88 -10.88 2 25 5
27.1833 -10.93 -10.93 2 25 5
27.1833 -10.98 -10.98 2 25 5
27.1833 -11.03 -11.03 2 25 5
27.1833 -11.08 -11.08 2 25 5
27.1833 -11.13 -11.13 2 25 5
27.1833 -11.18 -11.18 2 25 5
27.1833 -11.23 -11.23 2 25 5
27.1833 -11.28 -11.28 2 25 5
27.1833 -11.33 -11.33 2 25 5
27.1833 -11.38 -11.38 2 25 5
27.1833 -11.43 -11.43 2 25 5
27.1833 -11.48 -11.48 2 25 5
27.1833 -11.53 -11.53 2 25 5
27.1833 -11.58 -11.58 2 25 5
27.1833 -11.63 -11.63 2 25 5
27.1833 -11.68 -11.68 2 25 5
27.1833 -11.73 -11.73 2 25 5
27.1833 -11.78 -11.78 2 25 5
27.1833 -11.83 -11.83 2 25 5
27.1833 -11.88 -11.88 2 25 5
27.1833 -11.93 -11.93 2 25 5
27.1833 -11.98 -11.98 2 25 5
27.1833 -12.03 -12.03 2 25 5
27.1833 -12.08 -12.08 2 25 5
27.1833 -12.13 -12.13 2 25 5
27.1833 -12.18 -12.18 2 25 5
27.1833 -12.23 -12.23 2 25 5
27.1833 -12.28 -12.28 2 25 5
27.1833 -12.33 -12.33 2 25 5
27.1833 -12.38 -12.38 2 25 5
27.1833 -12.43 -12.43 2 25 5
27.1833 -12.48 -12.48 2 25 5
27.1833 -12.53 -12.53 2 25 5
27.1833 -12.58 -12.58 2 25 5
27.1833 -12.63 -12.63 2 25 5
27.1833 -12.68 -12.68 2 25 5
27.1833 -12.73 -12.73 2 25 5
27.1833 -12.78 -12.78 2 25 5
27.1833 -12.83 -12.83 2 25 5
27.1833 -12.88 -12.88 2 25 5
27.1833 -12.93 -12.93 2 25 5
27.1833 -12.98 -12.98 2 25 5
27.1833 -13.03 -13.03 2 25 5
27.1833 -13.08 -13.08 2 25 5
27.1833 -13.13 -13.13 2 25 5
27.1833 -13.18 -13.18 2 25 5
27.1833 -13.23 -13.23 2 25 5
27.1833 -13.28 -13.28 2 25 5
27.1833 -13.33 -13.33 2 25 5
27.1833 -13.38 -13.38 2 25 5
27.1833 -13.43 -13.43 2 25 5
27.1833 -13.48 -13.48 2 25 5
27.1833 -13.53 -13.53 2 25 5
27.1833 -13.58 -13.58 2 25 5
27.1833 -13.63 -13.63 2 25 5
27.1833 -13.68 -13.68 2 25 5
27.1833 -13.73 -13.73 2 25 5
27.1833 -13.78 -13.78 2 25 5
27.1833 -13.83 -13.83 2 25 5
27.1833 -13.88 -13.88 2 25 5
27.1833 -13.93 -13.93 2 25 5
27.1833 -13.98 -13.98 2 25 5
27.1833 -14.03 -14.03 2 25 5
27.1833 -14.08 -14.08 2 25 5
27.1833 -14.13 -14.13 2 25 5
27.1833 -14.18 -14.18 2 25 5
27.1833 -14.23 -14.23 2 25 5
27.1833 -14.28 -14.28 2 25 5
27.1833 -14.33 -14.33 2 25 5
27.1833 -14.38 -14.38 2 25 5
27.1833 -14.43 -14.43 2 25 5
27.1833 -14.48 -14.48 2 25 5
27.1833 -14.53 -14.53 2 25 5
27.1833 -14.58 -14.58 2 25 5
27.1833 -14.63 -14.63 2 25 5
27.1833 -14.68 -14.68 2 25 5
27.1833 -14.73 -14.73 2 25 5
27.1833 -14.78 -14.78 2 25 5
27.1833 -14.83 -14.83 2 25 5
27.1833 -14.88 -14.88 2 25 5
27.1833 -14.93 -14.93 2 25 5
27.1833 -14.98 -14.98 2 25 5
27.1833 -15.03 -15.03 2 25 5
27.1833 -15.08 -15.08 2 25 5
27.1833 -15.13 -15.13 2 25 5
27.1833 -15.18 -15.18 2 25 5
27.1833 -15.23 -15.23 2 25 5
27.1833 -15.28 -15.28 2 25 5
27.1833 -15.33 -15.33 2 25 5
27.1833 -15.38 -15.38 2 25 5
27.1833 -15.43 -15.43 2 25 5
27.1833 -15.48 -15.48 2 25 5
27.1833 -15.53 -15.53 2 25 5
27.1833 -15.58 -15.58 2 25 5
27.1833 -15.63 -15.63 2 25 5
27.1833 -15.68 -15.68 2 25 5
27.1833 -15.73 -15.73 2 25 5
27.1833 -15.78 -15.78 2 25 5
27.1833 -15.83 -15.83 2 25 5
27.1833 -15.88 -15.88 2 25 5
27.1833 -15.93 -15.93 2 25 5
27.1833 -15.98 -15.98 2 25 5
27.1833 -16.03 -16.03 2 25 5
27.1833 -16.08 -16.08 2 25 5
27.1833 -16.13 -16.13 2 25 5
27.1833 -16.18 -16.18 2 25 5
27.1833 -16.23 -16.23 2 25 5
27.1833 -16.28 -16.28 2 25 5
27.1833 -16.33 -16.33 2 25 5
27.1833 -16.38 -16.38 2 25 5
27.1833 -16.43 -16.43 2 25 5
27.1833 -16.48 -16.48 2 25 5
27.1833 -16.53 -16.53 2 25 5
27.1833 -16.58 -16.58 2 25 5
27.1833 -16.63 -16.63 2 25 5
27.1833 -16.68 -16.68 2 25 5
27.1833 -16.73 -16.73 2 25 5
27.1833 -16.78 -16.78 2 25 5
27.1833 -16.83 -16.83 2 25 5
27.1833 -16.88 -16.88 2 25 5
27.1833 -16.93 -16.93 2 25 5
27.1833 -16.98 -16.98 2 25 5
27.1833 -17.03 -17.03 2 25 5
27.1833 -17.08 -17.08 2 25 5
27.1833 -17.13 -17.13 2 25 5
27.1833 -17.18 -17.18 2 25 5
27.1833 -17.23 -17.23 2 25 5
27.1833 -17.28 -17.28 2 25 5
27.1833 -17.33 -17.33 2 25 5
27.1833 -17.38 -17.38 2 25 5
27.1833 -17.43 -17.43 2 25 5
27.1833 -17.48 -17.48 2 25 5
27.1833 -17.53 -17.53 2 25 5
27.1833 -17.58 -17.58 2 25 5
27.1833 -17.63 -17.63 2 25 5
27.1833 -17.68 -17.68 2 25 5
27.1833 -17.73 -17.73 2 25 5
27.1833 -17.78 -17.78 2 25 5
27.1833 -17.83 -17.83 2 25 5
27.1833 -17.88 -17.88 2 25 5
27.1833 -17.93 -17.93 2 25 5
27.1833 -17.98 -17.98 2 25 5
27.1833 -18.03 -18.03 2 25 5
27.1833 -18.08 -18.08 2 25 5
27.1833 -18.13 -18.13 2 25 5
27.1833 -18.18 -18.18 2 25 5
27.1833 -18.23 -18.23 2 25 5
27.1833 -18.28 -18.28 2 25 5
27.1833 -18.33 -18.33 2 25 5
27.1833 -18.38 -18.38 2 25 5
27.1833 -18.43 -18.43 2 25 5
27.1833 -18.48 -18.48 2 25 5
27.1833 -18.53 -18.53 2 25 5
27.1833 -18.58 -18.58 2 25 5
27.1833 -18.63 -18.63 2 25 5
27.1833 -18.68 -18.68 2 25 5
27.1833 -18.73 -18.73 2 25 5
27.1833 -18.78 -18.78 2 25 5
27.1833 -18.83 -18.83 2 25 5
27.1833 -18.88 -18.88 2 25 5
27.1833 -18.93 -18.93 2 25 5
27.1833 -18.98 -18.98 2 25 5
27.1833 -19.03 -19.03 2 25 5
27.1833 -19.08 -19.08 2 25 5
27.1833 -19.13 -19.13 2 25 5
27.1833 -19.18 -19.18 2 25 5
27.1833 -19.23 -19.23 2 25 5
27.1833 -19.28 -19.28 2 25 5
27.1833 -19.33 -19.33 2 25 5
27.1833 -19.38 -19.38 2 25 5
27.1833 -19.43 -19.43 2 25 5
27.1833 -19.48 -19.48 2 25 5
27.1833 -19.53 -19.53 2 25 5
27.1833 -19.58 -19.58 2 25 5
27.1833 -19.63 -19.63 2 25 5
27.1833 -19.68 -19.68 2 25 5
27.1833 -19.73 -19.73 2 25 5
27.1833 -19.78 -19.78 2 25 5
27.1833 -19.83 -19.83 2 25 5
27.1833 -19.88 -19.88 2 25 5
27.1833 -19.93 -19.93 2 25 5
27.1833 -19.98 -19.98 2 25 5
27.1833 -20.03 -20.03 2 25 5
27.1833 -20.08 -20.08 2 25 5
27.1833 -20.13 -20.13 2 25 5
27.1833 -20.18 -20.18 2 25 5
27.1833 -20.23 -20.23 2 25 5
27.1833 -20.28 -20.28 2 25 5
27.1833 -20.33 -20.33 2 25 5
27.1833 -20.38 -20.38 2 25 5
27.1833 -20.43 -20.43 2 25 5
27.1833 -20.48 -20.48 2 25 5
27.1833 -20.53 -20.53 2 25 5
27.1833 -20.58 -20.58 2 25 5
27.1833 -20.63 -20.63 2 25 5
27.1833 -20.68 -20.68 2 25 5
27.1833 -20.73 -20.73 2 25 5
27.1833 -20.78 -20.78 2 25 5
27.1833 -20.83 -20.83 2 25 5
27.1833 -20.88 -20.88 2 25 5
27.1833 -20.93 -20.93 2 25 5
27.1833 -20.98 -20.98 2 25 5
27.1833 -21.03 -21.03 2 25 5
27.1833 -21.08 -21.08 2 25 5
27.1833 -21.13 -21.13 2 25 5
27.1833 -21.18 -21.18 2 25 5
27.1833 -21.23 -21.23 2 25 5
27.1833 -21.28 -21.28 2 25 5
27.1833 -21.33 -21.33 2 25 5
27.1833 -21.38 -21.38 2 25 5
27.1833 -21.43 -21.43 2 25 5
27.1833 -21.48 -21.48 2 25 5
27.1833 -21.53 -21.53 2 25 5
27.1833 -21.58 -21.58 2 25 5
27.1833 -21.63 -21.63 2 25 5
27.1833 -21.68 -21.68 2 25 5
27.1833 -21.73 -21.73 2 25 5
27.1833 -21.78 -21.78 2 25 5
27.1833 -21.83 -21.83 2 25 5
27.1833 -21.88 -21.88 2 25 5
27.1833 -21.93 -21.93 2 25 5
27.1833 -21.98 -21.98 2 25 5
27.1833 -22.03 -22.03 2 25 5
27.1833 -22.08 -22.08 2 25 5
27.1833 -22.13 -22.13 2 25 5
27.1833 -22.18 -22.18 2 25 5
27.1833 -22.23 -22.23 2 25 5
27.1833 -22.28 -22.28 2 25 5
27.1833 -22.33 -22.33 2 25 5
27.1833 -22.38 -22.38 2 25 5
27.1833 -22.43 -22.43 2 25 5
27.1833 -22.48 -22.48 2 25 5
27.1833 -22.53 -22.53 2 25 5
27.1833 -22.58 -22.58 2 25 5
27.1833 -22.63 -22.63 2 25 5
27.1833 -22.68 -22.68 2 25 5
27.1833 -22.73 -22.73 2 25 5
27.1833 -22.78 -22.78 2 25 5
27.1833 -22.83 -22.83 2 25 5
27.1833 -22.88 -22.88 2 25 5
27.1833 -22.93 -22.93 2 25 5
27.1833 -22.98 -22.98 2 25 5
27.1833 -23.03 -23.03 2 25 5
27.1833 -23.08 -23.08 2 25 5
27.1833 -23.13 -23.13 2 25 5
27.1833 -23.18 -23.18 2 25 5
27.1833 -23.23 -23.23 2 25 5
27.1833 -23.28 -23.28 2 25 5
27.1833 -23.33 -23.33 2 25 5
27.1833 -23.38 -23.38 2 25 5
27.1833 -23.43 -23.43 2 25 5
27.1833 -23.48 -23.48 2 25 5
27.1833 -23.53 -23.53 2 25 5
27.1833 -23.58 -23.58 2 25 5
27.1833 -23.63 -23.63 2 25 5
27.1833 -23.68 -23.68 2 25 5
27.1833 -23.73 -23.73 2 25 5
27.1833 -23.78 -23.78 2 25 5
27.1833 -23.83 -23.83 2 25 5
27.1833 -23.88 -23.88 2 25 5
27.1833 -23.93 -23.93 2 25 5
27.1833 -23.98 -23.98 2 25 5
27.1833 -24.03 -24.03 2 25 5
27.1833 -24.08 -24.08 2 25 5
27.1833 -24.13 -24.13 2 25 5
27.1833 -24.18 -24.18 2 25 5
27.1833 -24.23 -24.23 2 25 5
27.1833 -24.28 -24.28 2 25 5
27.1833 -24.33 -24.33 2 25 5
27.1833 -24.38 -24.38 2 25 5
27.1833 -24.43 -24.43 2 25 5
27.1833 -24.48 -24.48 2 25 5
27.1833 -24.53 -24.53 2 25 5
27.1833 -24.58 -24.58 2 25 5
27.1833 -24.63 -24.63 2 25 5
27.1833 -24.68 -24.68 2 25 5
27.1833 -24.73 -24.73 2 25 5
27.1833 -24.78 -24.78 2 25 5
27.1833 -24.83 -24.83 2 25 5
27.1833 -24.88 -24.88 2 25 5
27.1833 -24.93 -24.93 2 25 5
27.1833 -24.98 -24.98 2 25 5
27.1833 -25.03 -25.03 2 25 5
27.1833 -25.08 -25.08 2 25 5
27.1833 -25.13 -25.13 2 25 5
27.1833 -25.18 -25.18 2 25 5
27.1833 -25.23 -25.23 2 25 5
27.1833 -25.28 -25.28 2 25 5
27.1833 -25.33 -25.33 2 25 5
27.1833 -25.38 -25.38 2 25 5
27.1833 -25.43 -25.43 2 25 5
27.1833 -25.48 -25.48 2 25 5
27.1833 -25.53 -25.53 2 25 5
27.1833 -25.58 -25.58 2 25 5
27.1833 -25.63 -25.63 2 25 5
27.1833 -25.68 -25.68 2 25 5
27.1833 -25.73 -25.73 2 25 5
27.1833 -25.78 -25.78 2 25 5
27.1833 -25.83 -25.83 2 25 5
27.1833 -25.88 -25.88 2 25 5
27.1833 -25.93 -25.93 2 25 5
27.1833 -25.98 -25.98 2 25 5
27.1833 -26.03 -26.03 2 25 5
27.1833 -26.08 -26.08 2 25 5
27.1833 -26.13 -26.13 2 25 5
27.1833 -26.18 -26.18 2 25 5
27.1833 -26.23 -26.23 2 25 5
27.1833 -26.28 -26.28 2 25 5
27.1833 -26.33 -26.33 2 25 5
27.1833 -26.38 -26.38 2 25 5
27.1833 -26.43 -26.43 2 25 5
27.1833 -26.48 -26.48 2 25 5
27.1833 -26.53 -26.53 2 25 5
27.1833 -26.58 -26.58 2 25 5
27.1833 -26.63 -26.63 2 25 5
27.1833 -26.68 -26.68 2 25 5
27.1833 -26.73 -26.73 2 25 5
27.1833 -26.78 -26.78 2 25 5
27.1833 -26.83 -26.83 2 25 5
27.1833 -26.88 -26.88 2 25 5
27.1833 -26.93 -26.93 2 25 5
27.1833 -26.98 -26.98 2 25 5
27.1833 -27.03 -27.03 2 25 5
27.1833 -27.08 -27.08 2 25 5
27.1833 -27.13 -27.13 2 25 5
27.1833 -27.18 -27.18 2 25 5
27.1833 -27.23 -27.23 2 25 5
27.1833 -27.28 -27.28 2 25 5
27.1833 -27.33 -27.33 2 25 5
27.1833 -27.38 -27.38 2 25 5
27.1833 -27.43 -27.43 2 25 5
27.1833 -27.48 -27.48 2 25 5
27.1833 -27.53 -27.53 2 25 5
27.1833 -27.58 -27.58 2 25 5
27.1833 -27.63 -27.63 2 25 5
27.1833 -27.68 -27.68 2 25 5
27.1833 -27.73 -27.73 2 25 5
27.1833 -27.78 -27.78 2 25 5
27.1833 -27.83 -27.83 2 25 5
27.1833 -27.88 -27.88 2 25 5
27.1833 -27.93 -27.93 2 25 5
27.1833 -27.98 -27.98 2 25 5
27.1833 -28.03 -28.03 2 25 5
27.1833 -28.08 -28.08 2 25 5
27.1833 -28.13 -28.13 2 25 5
27.1833 -28.18 -28.18 2 25 5
27.1833 -28.23 -28.23 2 25 5
27.1833 -28.28 -28.28 2 25 5
27.1833 -28.33 -28.33 2 25 5
27.1833 -28.38 -28.38 2 25 5
27.1833 -28.43 -28.43 2 25 5
27.1833 -28.48 -28.48 2 25 5
27.1833 -28.53 -28.53 2 25 5
27.1833 -28.58 -28.58 2 25 5
27.1833 -28.63 -28.63 2 25 5
27.1833 -28.68 -28.68 2 25 5
27.1833 -28.73 -28.73 2 25 5
27.1833 -28.78 -28.78 2 25 5
27.1833 -28.83 -28.83 2 25 5
27.1833 -28.88 -28.88 2 25 5
27.1833 -28.93 -28.93 2 25 5
27.1833 -28.98 -28.98 2 25 5
27.1833 -29.03 -29.03 2 25 5
27.1833 -29.08 -29.08 2 25 5
27.1833 -29.13 -29.13 2 25 5
27.1833 -29.18 -29.18 2 25 5
27.1833 -29.23 -29.23 2 25 5
27.1833 -29.28 -29.28 2 25 5
27.1833 -29.33 -29.33 2 25 5
27.1833 -29.38 -29.38 2 25 5
27.1833 -29.43 -29.43 2 25 5
27.1833 -29.48 -29.48 2 25 5
27.1833 -29.53 -29.53 2 25 5
27.1833 -29.58 -29.58 2 25 5
27.1833 -29.63 -29.63 2 25 5
27.1833 -29.68 -29.68 2 25 5
27.1833 -29.73 -29.73 2 25 5
27.1833 -29.78 -29.78 2 25 5
27.1833 -29.83 -29.83 2 25 5
27.1833 -29.88 -29.88 2 25 5
27.1833 -29.93 -29.93 2 25 5
27.1833 -29.98 -29.98 2 25 5
27.1833 -30.03 -30.03 2 25 5
27.1833 -30.08 -30.08 2 25 5
27.1833 -30.13 -30.13 2 25 5
27.1833 -30.18 -30.18 2 25 5
27.1833 -30.23 -30.23 2 25 5
27.1833 -30.28 -30.28 2 25 5
27.1833 -30.33 -30.33 2 25 5
27.1833 -30.38 -30.38 2 25 5
27.1833 -30.43 -30.43 2 25 5
27.1833 -30.48 -30.48 2 25 5
27.1833 -30.53 -30.53 2 25 5
27.1833 -30.58 -30.58 2 25 5
27.1833 -30.63 -30.63 2 25 5
27.1833 -30.68 -30.68 2 25 5
27.1833 -30.73 -30.73 2 25 5
27.1833 -30.78 -30.78 2 25 5
27.1833 -30.83 -30.83 2 25 5
27.1833 -30.88 -30.88 2 25 5
27.1833 -30.93 -30.93 2 25 5
27.1833 -30.98 -30.98 2 25 5
27.1833 -31.03 -31.03 2 25 5
27.1833 -31.08 -31.08 2 25 5
27.1833 -31.13 -31.13 2 25 5
27.1833 -31.18 -31.18 2 25 5
27.1833 -31.23 -31.23 2 25 5
27.1833 -31.28 -31.28 2 25 5
27.1833 -31.33 -31.33 2 25 5
27.1833 -31.38 -31.38 2 25 5
27.1833 -31.43 -31.43 2 25 5
27.1833 -31.48 -31.48 2 25 5
27.1833 -31.53 -31.53 2 25 5
27.1833 -31.58 -31.58 2 25 5
27.1833 -31.63 -31.63 2 25 5
27.1833 -31.68 -31.68 2 25 5
27.1833 -31.73 -31.73 2 25 5
27.1833 -31.78 -31.78 2 25 5
27.1833 -31.83 -31.83 2 25 5
27.1833 -31.88 -31.88 2 25 5
27.1833 -31.93 -31.93 2 25 5
27.1833 -31.98 -31.98 2 25 5
27.1833 -32.03 -32.03 2 25 5
27.1833 -32.08 -32.08 2 25 5
27.1833 -32.13 -32.13 2 25 5
27.1833 -32.18 -32.18 2 25 5
27.1833 -32.23 -32.23 2 25 5
27.1833 -32.28 -32.28 2 25 5
27.1833 -32.33 -32.33 2 25 5
27.1833 -32.38 -32.38 2 25 5
27.1833 -32.43 -32.43 2 25 5
27.1833 -32.48 -32.48 2 25 5
27.1833 -32.53 -32.53 2 25 5
27.1833 -32.58 -32.58 2 25 5
27.1833 -32.63 -32.63 2 25 5
27.1833 -32.68 -32.68 2 25 5
27.1833 -32.73 -32.73 2 25 5
27.1833 -32.78 -32.78 2 25 5
27.1833 -32.83 -32.83 2 25 5
27.1833 -32.88 -32.88 2 25 5
27.1833 -32.93 -32.93 2 25 5
27.1833 -32.98 -32.98 2 25 5
27.1833 -33.03 -33.03 2 25 5
27.1833 -33.08 -33.08 2 25 5
27.1833 -33.13 -33.13 2 25 5
27.1833 -33.18 -33.18 2 25 5
27.1833 -33.23 -33.23 2 25 5
27.1833 -33.28 -33.28 2 25 5
27.1833 -33.33 -33.33 2 25 5
27.1833 -33.38 -33.38 2 25 5
27.1833 -33.43 -33.43 2 25 5
27.1833 -33.48 -33.48 2 25 5
27.1833 -33.53 -33.53 2 25 5
27.1833 -33.58 -33.58 2 25 5
27.1833 -33.63 -33.63 2 25 5
27.1833 -33.68 -33.68 2 25 5
27.1833 -33.73 -33.73 2 25 5
27.1833 -33.78 -33.78 2 25 5
27.1833 -33.83 -33.83 2 25 5
27.1833 -33.88 -33.88 2 25 5
27.1833 -33.93 -33.93 2 25 5
27.1833 -33.98 -33.98 2 25 5
27.1833 -34.03 -34.03 2 25 5
27.1833 -34.08 -34.08 2 25 5
27.1833 -34.13 -34.13 2 25 5
27.1833 -34.18 -34.18 2 25 5
27.1833 -34.23 -34.23 2 25 5
27.1833 -34.28 -34.28 2 25 5
27.1833 -34.33 -34.33 2 25 5
27.1833 -34.38 -34.38 2 25 5
27.1833 -34.43 -34.43 2 25 5
27.1833 -34.48 -34.48 2 25 5
27.1833 -34.53 -34.53 2 25 5
27.1833 -34.58 -34.58 2 25 5
27.1833 -34.63 -34.63 2 25 5
27.1833 -34.68 -34.68 2 25 5
27.1833 -34.73 -34.73 2 25 5
27.1833 -34.78 -34.78 2 25 5
27.1833 -34.83 -34.83 2 25 5
27.1833 -34.88 -34.88 2 25 5
27.1833 -34.93 -34.93 2 25 5
27.1833 -34.98 -34.98 2 25 5
27.1833 -35.03 -35.03 2 25 5
27.1833 -35.08 -35.08 2 25 5
27.1833 -35.13 -35.13 2 25 5
27.1833 -35.18 -35.18 2 25 5
27.1833 -35.23 -35.23 2 25 5
27.1833 -35.28 -35.28 2 25 5
27.1833 -35.33 -35.33 2 25 5
27.1833 -35.38 -35.38 2 25 5
27.1833 -35.43 -35.43 2 25 5
27.1833 -35.48 -35.48 2 25 5
27.1833 -35.53 -35.53 2 25 5
27.1833 -35.58 -35.58 2 25 5
27.1833 -35.63 -35.63 2 25 5
27.1833 -35.68 -35.68 2 25 5
27.1833 -35.73 -35.73 2 25 5
27.1833 -35.78 -35.78 2 25 5
27.1833 -35.83 -35.83 2 25 5
27.1833 -35.88 -35.88 2 25 5
27.1833 -35.93 -35.93 2 25 5
27.1833 -35.98 -35.98 2 25 5
27.1833 -36.03 -36.03 2 25 5
27.1833 -36.08 -36.08 2 25 5
27.1833 -36.13 -36.13 2 25 5
27.1833 -36.18 -36.18 2 25 5
27.1833 -36.23 -36.23 2 25 5
27.1833 -36.28 -36.28 2 25 5
27.1833 -36.33 -36.33 2 25 5
27.1833 -36.38 -36.38 2 25 5
27.1833 -36.43 -36.43 2 25 5
27.1833 -36.48 -36.48 2 25 5
27.1833 -36.53 -36.53 2 25 5
27.1833 -36.58 -36.58 2 25 5
27.1833 -36.63 -36.63 2 25 5
27.1833 -36.68 -36.68 2 25 5
27.1833 -36.73 -36.73 2 25 5
27.1833 -36.78 -36.78 2 25 5
27.1833 -36.83 -36.83 2 25 5
27.1833 -36.88 -36.88 2 25 5
27.1833 -36.93 -36.93 2 25 5
27.1833 -36.98 -36.98 2 25 5
27.1833 -37.03 -37.03 2 25 5
27.1833 -37.08 -37.08 2 25 5
27.1833 -37.13 -37.13 2 25 5
27.1833 -37.18 -37.18 2 25 5
27.1833 -37.23 -37.23 2 25 5
27.1833 -37.28 -37.28 2 25 5
27.1833 -37.33 -37.33 2 25 5
27.1833 -37.38 -37.38 2 25 5
27.1833 -37.43 -37.43 2 25 5
27.1833 -37.48 -37.48 2 25 5
27.1833 -37.53 -37.53 2 25 5
27.1833 -37.58 -37.58 2 25 5
27.1833 -37.63 -37.63 2 25 5
27.1833 -37.68 -37.68 2 25 5
27.1833 -37.73 -37.73 2 25 5
27.1833 -37.78 -37.78 2 25 5
27.1833 -37.83 -37.83 2 25 5
27.1833 -37.88 -37.88 2 25 5
27.1833 -37.93 -37.93 2 25 5
27.1833 -37.98 -37.98 2 25 5
27.1833 -38.03 -38.03 2 25 5
27.1833 -38.08 -38.08 2 25 5
27.1833 -38.13 -38.13 2 25 5
27.1833 -38.18 -38.18 2 25 5
27.1833 -38.23 -38.23 2 25 5
27.1833 -38.28 -38.28 2 25 5
27.1833 -38.33 -38.33 2 25 5
27.1833 -38.38 -38.38 2 25 5
27.1833 -38.43 -38.43 2 25 5
27.1833 -38.48 -38.48 2 25 5
27.1833 -38.53 -38.53 2 25 5
27.1833 -38.58 -38.58 2 25 5
27.1833 -38.63 -38.63 2 25 5
27.1833 -38.68 -38.68 2 25 5
27.1833 -38.73 -38.73 2 25 5
27.1833 -38.78 -38.78 2 25 5
27.1833 -38.83 -38.83 2 25 5
27.1833 -38.88 -38.88 2 25 5
27.1833 -38.93 -38.93 2 25 5
27.1833 -38.98 -38.98 2 25 5
27.1833 -39.03 -39.03 2 25 5
27.1833 -39.08 -39.08 2 25 5
27.1833 -39.13 -39.13 2 25 5
27.1833 -39.18 -39.18 2 25 5
27.1833 -39.23 -39.23 2 25 5
27.1833 -39.28 -39.28 2 25 5
27.1833 -39.33 -39.33 2 25 5
27.1833 -39.38 -39.38 2 25 5
27.1833 -39.43 -39.43 2 25 5
27.1833 -39.48 -39.48 2 25 5
27.1833 -39.53 -39.53 2 25 5
27.1833 -39.58 -39.58 2 25 5
27.1833 -39.63 -39.63 2 25 5
27.1833 -39.68 -39.68 2 25 5
27.1833 -39.73 -39.73 2 25 5
27.1833 -39.78 -39.78 2 25 5
27.1833 -39.83 -39.83 2 25 5
27.1833 -39.88 -39.88 2 25 5
27.1833 -39.93 -39.93 2 25 5
27.1833 -39.98 -39.98 2 25 5
27.1833 -40.03 -40.03 2 25 5
27.1833 -40.08 -40.08 2 25 5
27.1833 -40.13 -40.13 2 25 5
27.1833 -40.18 -40.18 2 25 5
27.1833 -40.23 -40.23 2 25 5
27.1833 -40.28 -40.28 2 25 5
27.1833 -40.33 -40.33 2 25 5
27.1833 -40.38 -40.38 2 25 5
27.1833 -40.43 -40.43 2 25 5
27.1833 -40.48 -40.48 2 25 5
27.1833 -40.53 -40.53 2 25 5
27.1833 -40.58 -40.58 2 25 5
27.1833 -40.63 -40.63 2 25 5
27.1833 -40.68 -40.68 2 25 5
27.1833 -40.73 -40.73 2 25 5
27.1833 -40.78 -40.78 2 25 5
27.1833 -40.83 -40.83 2 25 5
27.1833 -40.88 -40.88 2 25 5
27.1833 -40.93 -40.93 2 25 5
27.1833 -40.98 -40.98 2 25 5
27.1833 -41.03 -41.03 2 25 5
27.1833 -41.08 -41.08 2 25 5
27.1833 -41.13 -41.13 2 25 5
27.1833 -41.18 -41.18 2 25 5
27.1833 -41.23 -41.23 2 25 5
27.1833 -41.28 -41.28 2 25 5
27.1833 -41.33 -41.33 2 25 5
27.1833 -41.38 -41.38 2 25 5
27.1833 -41.43 -41.43 2 25 5
27.1833 -41.48 -41.48 2 25 5
27.1833 -41.53 -41.53 2 25 5
27.1833 -41.58 -41.58 2 25 5
27.1833 -41.63 -41.63 2 25 5
27.1833 -41.68 -41.68 2 25 5
27.1833 -41.73 -41.73 2 25 5
27.1833 -41.78 -41.78 2 25 5
27.1833 -41.83 -41.83 2 25 5
27.1833 -41.88 -41.88 2 25 5
27.1833 -41.93 -41.93 2 25 5
27.1833 -41.98 -41.98 2 25 5
27.1833 -42.03 -42.03 2 25 5
27.1833 -42.08 -42.08 2 25 5
27.1833 -42.13 -42.13 2 25 5
27.1833 -42.18 -42.18 2 25 5
27.1833 -42.23 -42.23 2 25 5
27.1833 -42.28 -42.28 2 25 5
27.1833 -42.33 -42.33 2 25 5
27.1833 -42.38 -42.38 2 25 5
27.1833 -42.43 -42.43 2 25 5
27.1833 -42.48 -42.48 2 25 5
27.1833 -42.53 -42.53 2 25 5
27.1833 -42.58 -42.58 2 25 5
27.1833 -42.63 -42.63 2 25 5
27.1833 -42.68 -42.68 2 25 5
27.1833 -42.73 -42.73 2 25 5
27.1833 -42.78 -42.78 2 25 5
27.1833 -42.83 -42.83 2 25 5
27.1833 -42.88 -42.88 2 25 5
27.1833 -42.93 -42.93 2 25 5
27.1833 -42.98 -42.98 2 25 5
27.1833 -43.03 -43.03 2 25 5
27.1833 -43.08 -43.08 2 25 5
27.1833 -43.13 -43.13 2 25 5
27.1833 -43.18 -43.18 2 25 5
27.1833 -43.23 -43.23 2 25 5
27.1833 -43.28 -43.28 2 25 5
27.1833 -43.33 -43.33 2 25 5
27.1833 -43.38 -43.38 2 25 5
27.1833 -43.43 -43.43 2 25 5
27.1833 -43.48 -43.48 2 25 5
27.1833 -43.53 -43.53 2 25 5
27.1833 -43.58 -43.58 2 25 5
27.1833 -43.63 -43.63 2 25 5
27.1833 -43.68 -43.68 2 25 5
27.1833 -43.73 -43.73 2 25 5
27.1833 -43.78 -43.78 2 25 5
27.1833 -43.83 -43.83 2 25 5
27.1833 -43.88 -43.88 2 25 5
27.1833 -43.93 -43.93 2 25 5
27.1833 -43.98 -43.98 2 25 5
27.1833 -44.03 -44.03 2 25 5
27.1833 -44.08 -44.08 2 25 5
27.1833 -44.13 -44.13 2 25 5
27.1833 -44.18 -44.18 2 25 5
27.1833 -44.23 -44.23 2 25 5
27.1833 -44.28 -44.28 2 25 5
27.1833 -44.33 -44.33 2 25 5
27.1833 -44.38 -44.38 2 25 5
27.1833 -44.43 -44.43 2 25 5
27.1833 -44.48 -44.48 2 25 5
27.1833 -44.53 -44.53 2 25 5
27.1833 -44.58 -44.58 2 25 5
27.1833 -44.63 -44.63 2 25 5
27.1833 -44.68 -44.68 2 25 5
27.1833 -44.73 -44.73 2 25 5
27.1833 -44.78 -44.78 2 25 5
27.1833 -44.83 -44.83 2 25 5
27.1833 -44.88 -44.88 2 25 5
27.1833 -44.93 -44.93 2 25 5
27.1833 -44.98 -44.98 2 25 5
27.1833 -45.03 -45.03 2 25 5
27.1833 -45.08 -45.08 2 25 5
27.1833 -45.13 -45.13 2 25 5
27.1833 -45.18 -45.18 2 25 5
27.1833 -45.23 -45.23 2 25 5
27.1833 -45.28 -45.28 2 25 5
27.1833 -45.33 -45.33 2 25 5
27.1833 -45.38 -45.38 2 25 5
27.1833 -45.43 -45.43 2 25 5
27.1833 -45.48 -45.48 2 25 5
27.1833 -45.53 -45.53 2 25 5
27.1833 -45.58 -45.58 2 25 5
27.1833 -45.63 -45.63 2 25 5
27.1833 -45.68 -45.68 2 25 5
27.1833 -45.73 -45.73 2 25 5
27.1833 -45.78 -45.78 2 25 5
27.1833 -45.83 -45.83 2 25 5
27.1833 -45.88 -45.88 2 25 5
27.1833 -45.93 -45.93 2 25 5
27.1833 -45.98 -45.98 2 25 5
27.1833 -46.03 -46.03 2 25 5
27.1833 -46.08 -46.08 2 25 5
27.1833 -46.13 -46.13 2 25 5
27.1833 -46.18 -46.18 2 25 5
27.1833 -46.23 -46.23 2 25 5
27.1833 -46.28 -46.28 2 25 5
27.1833 -46.33 -46.33 2 25 5
27.1833 -46.38 -46.38 2 25 5
27.1833 -46.43 -46.43 2 25 5
27.1833 -46.48 -46.48 2 25 5
27.1833 -46.53 -46.53 2 25 5
27.1833 -46.58 -46.58 2 25 5
27.1833 -46.63 -46.63 2 25 5
27.1833 -46.68 -46.68 2 25 5
27.1833 -46.73 -46.73 2 25 5
27.1833 -46.78 -46.78 2 25 5
27.1833 -46.83 -46.83 2 25 5
27.1833 -46.88 -46.88 2 25 5
27.1833 -46.93 -46.93 2 25 5
27.1833 -46.98 -46.98 2 25 5
27.1833 -47.03 -47.03 2 25 5
27.1833 -47.08 -47.08 2 25 5
27.1833 -47.13 -47.13 2 25 5
27.1833 -47.18 -47.18 2 25 5
27.1833 -47.23 -47.23 2 25 5
27.1833 -47.28 -47.28 2 25 5
27.1833 -47.33 -47.33 2 25 5
27.1833 -47.38 -47.38 2 25 5
27.1833 -47.43 -47.43 2 25 5
27.1833 -47.48 -47.48 2 25 5
27.1833 -47.53 -47.53 2 25 5
27.1833 -47.58 -47.58 2 25 5
27.1833 -47.63 -47.63 2 25 5
27.1833 -47.68 -47.68 2 25 5
27.1833 -47.73 -47.73 2 25 5
27.1833 -47.78 -47.78 2 25 5
27.1833 -47.83 -47.83 2 25 5
27.1833 -47.88 -47.88 2 25 5
27.1833 -47.93 -47.93 2 25 5
27.1833 -47.98 -47.98 2 25 5
27.1833 -48.03 -48.03 2 25 5
27.1833 -48.08 -48.08 2 25 5
27.1833 -48.13 -48.13 2 25 5
27.1833 -48.18 -48.18 2 25 5
27.1833 -48.23 -48.23 2 25 5
27.1833 -48.28 -48.28 2 25 5
27.1833 -48.33 -48.33 2 25 5
27.1833 -48.38 -48.38 2 25 5
27.1833 -48.43 -48.43 2 25 5
27.1833 -48.48 -48.48 2 25 5
27.1833 -48.53 -48.53 2 25 5
27.1833 -48.58 -48.58 2 25 5
27.1833 -48.63 -48.63 2 25 5
27.1833 -48.68 -48.68 2 25 5
27.1833 -48.73 -48.73 2 25 5
27.1833 -48.78 -48.78 2 25 5
27.1833 -48.83 -48.83 2 25 5
27.1833 -48.88 -48.88 2 25 5
27.1833 -48.93 -48.93 2 25 5
27.1833 -48.98 -48.98 2 25 5
27.1833 -49.03 -49.03 2 25 5
27.1833 -49.08 -49.08 2 25 5
27.1833 -49.13 -49.13 2 25 5
27.1833 -49.18 -49.18 2 25 5
27.1833 -49.23 -49.23 2 25 5
27.1833 -49.28 -49.28 2 25 5
27.1833 -49.33 -49.33 2 25 5
27.1833 -49.38 -49.38 2 25 5
27.1833 -49.43 -49.43 2 25 5
27.1833 -49.48 -49.48 2 25 5
27.1833 -49.53 -49.53 2 25 5
27.1833 -49.58 -49.58 2 25 5
27.1833 -49.63 -49.63 2 25 5
27.1833 -49.68 -49.68 2 25 5
27.1833 -49.73 -49.73 2 25 5
27.1833 -49.78 -49.78 2 25 5
27.1833 -49.83 -49.83 2 25 5
27.1833 -49.88 -49.88 2 25 5
27.1833 -49.93 -49.93 2 25 5
27.1833 -49.98 -49.98 2 25 5
27.1833 -50.03 -50.03 2 25 5
27.1833 -50.08 -50.08 2 25 5
27.1833 -50.13 -50.13 2 25 5
27.1833 -50.18 -50.18 2 25 5
27.1833 -50.23 -50.23 2 25 5
27.1833 -50.28 -50.28 2 25 5
27.1833 -50.33 -50.33 2 25 5
27.1833 -50.38 -50.38 2 25 5
27.1833 -50.43 -50.43 2 25 5
27.1833 -50.48 -50.48 2 25 5
27.1833 -50.53 -50.53 2 25 5
27.1833 -50.58 -50.58 2 25 5
27.1833 -50.63 -50.63 2 25 5
27.1833 -50.68 -50.68 2 25 5
27.1833 -50.73 -50.73 2 25 5
27.1833 -50.78 -50.78 2 25 5
27.1833 -50.83 -50.83 2 25 5
27.1833 -50.88 -50.88 2 25 5
27.1833 -50.93 -50.93 2 25 5
27.1833 -50.98 -50.98 2 25 5
27.1833 -51.03 -51.03 2 25 5
27.1833 -51.08 -51.08 2 25 5
27.1833 -51.13 -51.13 2 25 5
27.1833 -51.18 -51.18 2 25 5
27.1833 -51.23 -51.23 2 25 5
27.1833 -51.28 -51.28 2 25 5
27.1833 -51.33 -51.33 2 25 5
27.1833 -51.38 -51.38 2 25 5
27.1833 -51.43 -51.43 2 25 5
27.1833 -51.48 -51.48 2 25 5
27.1833 -51.53 -51.53 2 25 5
27.1833 -51.58 -51.58 2 25 5
27.1833 -51.63 -51.63 2 25 5
27.1833 -51.68 -51.68 2 25 5
27.1833 -51.73 -51.73 2 25 5
27.1833 -51.78 -51.78 2 25 5
27.1833 -51.83 -51.83 2 25 5
27.1833 -51.88 -51.88 2 25 5
27.1833 -51.93 -51.93 2 25 5
27.1833 -51.98 -51.98 2 25 5
27.1833 -52.03 -52.03 2 25 5
27.1833 -52.08 -52.08 2 25 5
27.1833 -52.13 -52.13 2 25 5
27.1833 -52.18 -52.18 2 25 5
27.1833 -52.23 -52.23 2 25 5
27.1833 -52.28 -52.28 2 25 5
27.1833 -52.33 -52.33 2 25 5
27.1833 -52.38 -52.38 2 25 5
27.1833 -52.43 -52.43 2 25 5
27.1833 -52.48 -52.48 2 25 5
27.1833 -52.53 -52.53 2 25 5
27.1833 -52.58 -52.58 2 25 5
27.1833 -52.63 -52.63 2 25 5
27.1833 -52.68 -52.68 2 25 5
27.1833 -52.73 -52.73 2 25 5
27.1833 -52.78 -52.78 2 25 5
27.1833 -52.83 -52.83 2 25 5
27.1833 -52.88 -52.88 2 25 5
27.1833 -52.93 -52.93 2 25 5
27.1833 -52.98 -52.98 2 25 5
27.1833 -53.03 -53.03 2 25 5
27.1833 -53.08 -53.08 2 25 5
27.1833 -53.13 -53.13 2 25 5
27.1833 -53.18 -53.18 2 25 5
27.1833 -53.23 -53.23 2 25 5
27.1833 -53.28 -53.28 2 25 5
27.1833 -53.33 -53.33 2 25 5
27.1833 -53.38 -53.38 2 25 5
27.1833 -53.43 -53.43 2 25 5
27.1833 -53.48 -53.48 2 25 5
27.1833 -53.53 -53.53 2 25 5
27.1833 -53.58 -53.58 2 25 5
27.1833 -53.63 -53.63 2 25 5
27.1833 -53.68 -53.68 2 25 5
27.1833 -53.73 -53.73 2 25 5
27.1833 -53.78 -53.78 2 25 5
27.1833 -53.83 -53.83 2 25 5
27.1833 -53.88 -53.88 2 25 5
27.1833 -53.93 -53.93 2 25 5
27.1833 -53.98 -53.98 2 25 5
27.1833 -54.03 -54.03 2 25 5
27.1833 -54.08 -54.08 2 25 5
27.1833 -54.13 -54.13 2 25 5
27.1833 -54.18 -54.18 2 25 5
27.1833 -54.23 -54.23 2 25 5
27.1833 -54.28 -54.28 2 25 5
27.1833 -54.33 -54.33 2 25 5
27.1833 -54.38 -54.38 2 25 5
27.1833 -54.43 -54.43 2 25 5
27.1833 -54.48 -54.48 2 25 5
27.1833 -54.53 -54.53 2 25 5
27.1833 -54.58 -54.58 2 25 5
27.1833 -54.63 -54.63 2 25 5
27.1833 -54.68 -54.68 2 25 5
27.1833 -54.73 -54.73 2 25 5
27.1833 -54.78 -54.78 2 25 5
27.1833 -54.83 -54.83 2 25 5
27.1833 -54.88 -54.88 2 25 5
27.1833 -54.93 -54.93 2 25 5
27.1833 -54.98 -54.98 2 25 5
27.1833 -55.03 -55.03 2 25 5
27.1833 -55.08 -55.08 2 25 5
27.1833 -55.13 -55.13 2 25 5
27.1833 -55.18 -55.18 2 25 5
27.1833 -55.23 -55.23 2 25 5
27.1833 -55.28 -55.28 2 25 5
27.1833 -55.33 -55.33 2 25 5
27.1833 -55.38 -55.38 2 25 5
27.1833 -55.43 -55.43 2 25 5
27.1833 -55.48 -55.48 2 25 5
27.1833 -55.53 -55.53 2 25 5
27.1833 -55.58 -55.58 2 25 5
27.1833 -55.63 -55.63 2 25 5
27.1833 -55.68 -55.68 2 25 5
27.1833 -55.73 -55.73 2 25 5
27.1833 -55.78 -55.78 2 25 5
27.1833 -55.83 -55.83 2 25 5
27.1833 -55.88 -55.88 2 25 5
27.1833 -55.93 -55.93 2 25 5
27.1833 -55.98 -55.98 2 25 5
27.1833 -56.03 -56.03 2 25 5
27.1833 -56.08 -56.08 2 25 5
27.1833 -56.13 -56.13 2 25 5
27.1833 -56.18 -56.18 2 25 5
27.1833 -56.23 -56.23 2 25 5
27.1833 -56.28 -56.28 2 25 5
27.1833 -56.33 -56.33 2 25 5
27.1833 -56.38 -56.38 2 25 5
27.1833 -56.43 -56.43 2 25 5
27.1833 -56.48 -56.48 2 25 5
27.1833 -56.53 -56.53 2 25 5
27.1833 -56.58 -56.58 2 25 5
27.1833 -56.63 -56.63 2 25 5
27.1833 -56.68 -56.68 2 25 5
27.1833 -56.73 -56.73 2 25 5
27.1833 -56.78 -56.78 2 25 5
27.1833 -56.83 -56.83 2 25 5
27.1833 -56.88 -56.88 2 25 5
27.1833 -56.93 -56.93 2 25 5
27.1833 -56.98 -56.98 2 25 5
27.1833 -57.03 -57.03 2 25 5
27.1833 -57.08 -57.08 2 25 5
27.1833 -57.13 -57.13 2 25 5
27.1833 -57.18 -57.18 2 25 5
27.1833 -57.23 -57.23 2 25 5
27.1833 -57.28 -57.28 2 25 5
27.1833 -57.33 -57.33 2 25 5
27.1833 -57.38 -57.38 2 25 5
27.1833 -57.43 -57.43 2 25 5
27.1833 -57.48 -57.48 2 25 5
27.1833 -57.53 -57.53 2 25 5
27.1833 -57.58 -57.58 2 25 5
27.1833 -57.63 -57.63 2 25 5
27.1833 -57.68 -57.68 2 25 5
27.1833 -57.73 -57.73 2 25 5
27.1833 -57.78 -57.78 2 25 5
27.1833 -57.83 -57.83 2 25 5
27.1833 -57.88 -57.88 2 25 5
27.1833 -57.93 -57.93 2 25 5
27.1833 -57.98 -57.98 2 25 5
27.1833 -58.03 -58.03 2 25 5
27.1833 -58.08 -58.08 2 25 5
27.1833 -58.13 -58.13 2 25 5
27.1833 -58.18 -58.18 2 25 5
27.1833 -58.23 -58.23 2 25 5
27.1833 -58.28 -58.28 2 25 5
27.1833 -58.33 -58.33 2 25 5
27.1833 -58.38 -58.38 2 25 5
27.1833 -58.43 -58.43 2 25 5
27.1833 -58.48 -58.48 2 25 5
27.1833 -58.53 -58.53 2 25 5
27.1833 -58.58 -58.58 2 25 5
27.1833 -58.63 -58.63 2 25 5
27.1833 -58.68 -58.68 2 25 5
27.1833 -58.73 -58.73 2 25 5
27.1833 -58.78 -58.78 2 25 5
27.1833 -58.83 -58.83 2 25 5
27.1833 -58.88 -58.88 2 25 5
27.1833 -58.93 -58.93 2 25 5
27.1833 -58.98 -58.98 2 25 5
27.1833 -59.03 -59.03 2 25 5
27.1833 -59.08 -59.08 2 25 5
27.1833 -59.13 -59.13 2 25 5
27.1833 -59.18 -59.18 2 25 5
27.1833 -59.23 -59.23 2 25 5
27.1833 -59.28 -59.28 2 25 5
27.1833 -59.33 -59.33 2 25 5
27.1833 -59.38 -59.38 2 25 5
27.1833 -59.43 -59.43 2 25 5
27.1833 -59.48 -59.48 2 25 5
27.1833 -59.53 -59.53 2 25 5
27.1833 -59.58 -59.58 2 25 5
27.1833 -59.63 -59.63 2 25 5
27.1833 -59.68 -59.68 2 25 5
27.1833 -59.73 -59.73 2 25 5
27.1833 -59.78 -59.78 2 25 5
27.1833 -59.83 -59.83 2 25 5
27.1833 -59.88 -59.88 2 25 5
27.1833 -59.93 -59.93 2 25 5
27.1833 -59.98 -59.98 2 25 5
27.1833 -60.03 -60.03 2 25 5
27.1833 -60.08 -60.08 2 25 5
27.1833 -60.13 -60.13 2 25 5
27.1833 -60.18 -60.18 2 25 5
27.1833 -60.23 -60.23 2 25 5
27.1833 -60.28 -60.28 2 25 5
27.1833 -60.33 -60.33 2 25 5
27.1833 -60.38 -60.38 2 25 5
27.1833 -60.43 -60.43 2 25 5
27.1833 -60.48 -60.48 2 25 5
27.1833 -60.53 -60.53 2 25 5
27.1833 -60.58 -60.58 2 25 5
27.1833 -60.63 -60.63 2 25 5
27.1833 -60.68 -60.68 2 25 5
27.1833 -60.73 -60.73 2 25 5
27.1833 -60.78 -60.78 2 25 5
27.1833 -60.83 -60.83 2 25 5
27.1833 -60.88 -60.88 2 25 5
27.1833 -60.93 -60.93 2 25 5
27.1833 -60.98 -60.98 2 25 5
27.1833 -61.03 -61.03 2 25 5
27.1833 -61.08 -61.08 2 25 5
27.1833 -61.13 -61.13 2 25 5
27.1833 -61.18 -61.18 2 25 5
27.1833 -61.23 -61.23 2 25 5
27.1833 -61.28 -61.28 2 25 5
27.1833 -61.33 -61.33 2 25 5
27.1833 -61.38 -61.38 2 25 5
27.1833 -61.43 -61.43 2 25 5
27.1833 -61.48 -61.48 2 25 5
27.1833 -61.53 -61.53 2 25 5
27.1833 -61.58 -61.58 2 25 5
27.1833 -61.63 -61.63 2 25 5
27.1833 -61.68 -61.68 2 25 5
27.1833 -61.73 -61.73 2 25 5
27.1833 -61.78 -61.78 2 25 5
27.1833 -61.83 -61.83 2 25 5
27.1833 -61.88 -61.88 2 25 5
27.1833 -61.93 -61.93 2 25 5
27.1833 -61.98 -61.98 2 25 5
27.1833 -62.03 -62.03 2 25 5
27.1833 -62.08 -62.08 2 25 5
27.1833 -62.13 -62.13 2 25 5
27.1833 -62.18 -62.18 2 25 5
27.1833 -62.23 -62.23 2 25 5
27.1833 -62.28 -62.28 2 25 5
27.1833 -62.33 -62.33 2 25 5
27.1833 -62.38 -62.38 2 25 5
27.1833 -62.43 -62.43 2 25 5
27.1833 -62.48 -62.48 2 25 5
27.1833 -62.53 -62.53 2 25 5
27.1833 -62.58 -62.58 2 25 5
27.1833 -62.63 -62.63 2 25 5
27.1833 -62.68 -62.68 2 25 5
27.1833 -62.73 -62.73 2 25 5
27.1833 -62.78 -62.78 2 25 5
27.1833 -62.83 -62.83 2 25 5
27.1833 -62.88 -62.88 2 25 5
27.1833 -62.93 -62.93 2 25 5
27.1833 -62.98 -62.98 2 25 5
27.1833 -63.03 -63.03 2 25 5
27.1833 -63.08 -63.08 2 25 5
27.1833 -63.13 -63.13 2 25 5
27.1833 -63.18 -63.18 2 25 5
27.1833 -63.23 -63.23 2 25 5
27.1833 -63.28 -63.28 2 25 5
27.1833 -63.33 -63.33 2 25 5
27.1833 -63.38 -63.38 2 25 5
27.1833 -63.43 -63.43 2 25 5
27.1833 -63.48 -63.48 2 25 5
27.1833 -63.53 -63.53 2 25 5
27.1833 -63.58 -63.58 2 25 5
27.1833 -63.63 -63.63 2 25 5
27.1833 -63.68 -63.68 2 25 5
27.1833 -63.73 -63.73 2 25 5
27.1833 -63.78 -63.78 2 25 5
27.1833 -63.83 -63.83 2 25 5
27.1833 -63.88 -63.88 2 25 5
27.1833 -63.93 -63.93 2 25 5
27.1833 -63.98 -63.98 2 25 5
27.1833 -64.03 -64.03 2 25 5
27.1833 -64.08 -64.08 2 25 5
27.1833 -64.13 -64.13 2 25 5
27.1833 -64.18 -64.18 2 25 5
27.1833 -64.23 -64.23 2 25 5
27.1833 -64.28 -64.28 2 25 5
27.1833 -64.33 -64.33 2 25 5
27.1833 -64.38 -64.38 2 25 5
27.1833 -64.43 -64.43 2 25 5
27.1833 -64.48 -64.48 2 25 5
27.1833 -64.53 -64.53 2 25 5
27.1833 -64.58 -64.58 2 25 5
27.1833 -64.63 -64.63 2 25 5
27.1833 -64.68 -64.68 2 25 5
27.1833 -64.73 -64.73 2 25 5
27.1833 -64.78 -64.78 2 25 5
27.1833 -64.83 -64.83 2 25 5
27.1833 -64.88 -64.88 2 25 5
27.1833 -64.93 -64.93 2 25 5
27.1833 -64.98 -64.98 2 25 5
27.1833 -65.03 -65.03 2 25 5
27.1833 -65.08 -65.08 2 25 5
27.1833 -65.13 -65.13 2 25 5
27.1833 -65.18 -65.18 2 25 5
27.1833 -65.23 -65.23 2 25 5
27.1833 -65.28 -65.28 2 25 5
27.1833 -65.33 -65.33 2 25 5
27.1833 -65.38 -65.38 2 25 5
27.1833 -65.43 -65.43 2 25 5
27.1833 -65.48 -65.48 2 25 5
27.1833 -65.53 -65.53 2 25 5
27.1833 -65.58 -65.58 2 25 5
27.1833 -65.63 -65.63 2 25 5
27.1833 -65.68 -65.68 2 25 5
27.1833 -65.73 -65.73 2 25 5
27.1833 -65.78 -65.78 2 25 5
27.1833 -65.83 -65.83 2 25 5
27.1833 -65.88 -65.88 2 25 5
27.1833 -65.93 -65.93 2 25 5
27.1833 -65.98 -65.98 2 25 5
27.1833 -66.03 -66.03 2 25 5
27.1833 -66.08 -66.08 2 25 5
27.1833 -66.13 -66.13 2 25 5
27.1833 -66.18 -66.18 2 25 5
27.1833 -66.23 -66.23 2 25 5
27.1833 -66.28 -66.28 2 25 5
27.1833 -66.33 -66.33 2 25 5
27.1833 -66.38 -66.38 2 25 5
27.1833 -66.43 -66.43 2 25 5
27.1833 -66.48 -66.48 2 25 5
27.1833 -66.53 -66.53 2 25 5
27.1833 -66.58 -66.58 2 25 5
27.1833 -66.63 -66.63 2 25 5
27.1833 -66.68 -66.68 2 25 5
27.1833 -66.73 -66.73 2 25 5
27.1833 -66.78 -66.78 2 25 5
27.1833 -66.83 -66.83 2 25 5
27.1833 -66.88 -66.88 2 25 5
27.1833 -66.93 -66.93 2 25 5
27.1833 -66.98 -66.98 2 25 5
27.1833 -67.03 -67.03 2 25 5
27.1833 -67.08 -67.08 2 25 5
27.1833 -67.13 -67.13 2 25 5
27.1833 -67.18 -67.18 2 25 5
27.1833 -67.23 -67.23 2 25 5
27.1833 -67.28 -67.28 2 25 5
27.1833 -67.33 -67.33 2 25 5
27.1833 -67.38 -67.38 2 25 5
27.1833 -67.43 -67.43 2 25 5
27.1833 -67.48 -67.48 2 25 5
27.1833 -67.53 -67.53 2 25 5
27.1833 -67.58 -67.58 2 25 5
27.1833 -67.63 -67.63 2 25 5
27.1833 -67.68 -67.68 2 25 5
27.1833 -67.73 -67.73 2 25 5
27.1833 -67.78 -67.78 2 25 5
27.1833 -67.83 -67.83 2 25 5
27.1833 -67.88 -67.88 2 25 5
27.1833 -67.93 -67.93 2 25 5
27.1833 -67.98 -67.98 2 25 5
27.1833 -68.03 -68.03 2 25 5
27.1833 -68.08 -68.08 2 25 5
27.1833 -68.13 -68.13 2 25 5
27.1833 -68.18 -68.18 2 25 5
27.1833 -68.23 -68.23 2 25 5
27.1833 -68.28 -68.28 2 25 5
27.1833 -68.33 -68.33 2 25 5
27.1833 -68.38 -68.38 2 25 5
27.1833 -68.43 -68.43 2 25 5
27.1833 -68.48 -68.48 2 25 5
27.1833 -68.53 -68.53 2 25 5
27.1833 -68.58 -68.58 2 25 5
27.1833 -68.63 -68.63 2 25 5
27.1833 -68.68 -68.68 2 25 5
27.1833 -68.73 -68.73 2 25 5
27.1833 -68.78 -68.78 2 25 5
27.1833 -68.83 -68.83 2 25 5
27.1833 -68.88 -68.88 2 25 5
27.1833 -68.93 -68.93 2 25 5
27.1833 -68.98 -68.98 2 25 5
27.1833 -69.03 -69.03 2 25 5
27.1833 -69.08 -69.08 2 25 5
27.1833 -69.13 -69.13 2 25 5
27.1833 -69.18 -69.18 2 25 5
27.1833 -69.23 -69.23 2 25 5
27.1833 -69.28 -69.28 2 25 5
27.1833 -69.33 -69.33 2 25 5
27.1833 -69.38 -69.38 2 25 5
27.1833 -69.43 -69.43 2 25 5
27.1833 -69.48 -69.48 2 25 5
27.1833 -69.53 -69.53 2 25 5
27.1833 -69.58 -69.58 2 25 5
27.1833 -69.63 -69.63 2 25 5
27.1833 -69.68 -69.68 2 25 5
27.1833 -69.73 -69.73 2 25 5
27.1833 -69.78 -69.78 2 25 5
27.1833 -69.83 -69.83 2 25 5
27.1833 -69.88 -69.88 2 25 5
27.1833 -69.93 -69.93 2 25 5
27.1833 -69.98 -69.98 2 25 5
27.1833 -70.03 -70.03 2 25 5
27.1833 -70.08 -70.08 2 25 5
27.1833 -70.13 -70.13 2 25 5
27.1833 -70.18 -70.18 2 25 5
27.1833 -70.23 -70.23 2 25 5
27.1833 -70.28 -70.28 2 25 5
27.1833 -70.33 -70.33 2 25 5
27.1833 -70.38 -70.38 2 25 5
27.1833 -70.43 -70.43 2 25 5
27.1833 -70.48 -70.48 2 25 5
27.1833 -70.53 -70.53 2 25 5
27.1833 -70.58 -70.58 2 25 5
27.1833 -70.63 -70.63 2 25 5
27.1833 -70.68 -70.68 2 25 5
27.1833 -70.73 -70.73 2 25 5
27.1833 -70.78 -70.78 2 25 5
27.1833 -70.83 -70.83 2 25 5
27.1833 -70.88 -70.88 2 25 5
27.1833 -70.93 -70.93 2 25 5
27.1833 -70.98 -70.98 2 25 5
27.1833 -71.03 -71.03 2 25 5
27.1833 -71.08 -71.08 2 25 5
27.1833 -71.13 -71.13 2 25 5
27.1833 -71.18 -71.18 2 25 5
27.1833 -71.23 -71.23 2 25 5
27.1833 -71.28 -71.28 2 25 5
27.1833 -71.33 -71.33 2 25 5
27.1833 -71.38 -71.38 2 25 5
27.1833 -71.43 -71.43 2 25 5
27.1833 -71.48 -71.48 2 25 5
27.1833 -71.53 -71.53 2 25 5
27.1833 -71.58 -71.58 2 25 5
27.1833 -71.63 -71.63 2 25 5
27.1833 -71.68 -71.68 2 25 5
27.1833 -71.73 -71.73 2 25 5
27.1833 -71.78 -71.78 2 25 5
27.1833 -71.83 -71.83 2 25 5
27.1833 -71.88 -71.88 2 25 5
27.1833 -71.93 -71.93 2 25 5
27.1833 -71.98 -71.98 2 25 5
27.1833 -72.03 -72.03 2 25 5
27.1833 -72.08 -72.08 2 25 5
27.1833 -72.13 -72.13 2 25 5
27.1833 -72.18 -72.18 2 25 5
27.1833 -72.23 -72.23 2 25 5
27.1833 -72.28 -72.28 2 25 5
27.1833 -72.33 -72.33 2 25 5
27.1833 -72.38 -72.38 2 25 5
27.1833 -72.43 -72.43 2 25 5
27.1833 -72.48 -72.48 2 25 5
27.1833 -72.53 -72.53 2 25 5
27.1833 -72.58 -72.58 2 25 5
27.1833 -72.63 -72.63 2 25 5
27.1833 -72.68 -72.68 2 25 5
27.1833 -72.73 -72.73 2 25 5
27.1833 -72.78 -72.78 2 25 5
27.1833 -72.83 -72.83 2 25 5
27.1833 -72.88 -72.88 2 25 5
27.1833 -72.93 -72.93 2 25 5
27.1833 -72.98 -72.98 2 25 5
27.1833 -73.03 -73.03 2 25 5
27.1833 -73.08 -73.08 2 25 5
27.1833 -73.13 -73.13 2 25 5
27.1833 -73.18 -73.18 2 25 5
27.1833 -73.23 -73.23 2 25 5
27.1833 -73.28 -73.28 2 25 5
27.1833 -73.33 -73.33 2 25 5
27.1833 -73.38 -73.38 2 25 5
27.1833 -73.43 -73.43 2 25 5
27.1833 -73.48 -73.48 2 25 5
27.1833 -73.53 -73.53 2 25 5
27.1833 -73.58 -73.58 2 25 5
27.1833 -73.63 -73.63 2 25 5
27.1833 -73.68 -73.68 2 25 5
27.1833 -73.73 -73.73 2 25 5
27.1833 -73.78 -73.78 2 25 5
27.1833 -73.83 -73.83 2 25 5
27.1833 -73.88 -73.88 2 25 5
27.1833 -73.93 -73.93 2 25 5
27.1833 -73.98 -73.98 2 25 5
27.1833 -74.03 -74.03 2 25 5
27.1833 -74.08 -74.08 2 25 5
27.1833 -74.13 -74.13 2 25 5
27.1833 -74.18 -74.18 2 25 5
27.1833 -74.23 -74.23 2 25 5
27.1833 -74.28 -74.28 2 25 5
27.1833 -74.33 -74.33 2 25 5
27.1833 -74.38 -74.38 2 25 5
27.1833 -74.43 -74.43 2 25 5
27.1833 -74.48 -74.48 2 25 5
27.1833 -74.53 -74.53 2 25 5
27.1833 -74.58 -74.58 2 25 5
27.1833 -74.63 -74.63 2 25 5
27.1833 -74.68 -74.68 2 25 5
27.1833 -74.73 -74.73 2 25 5
27.1833 -74.78 -74.78 2 25 5
27.1833 -74.83 -74.83 2 25 5
27.1833 -74.88 -74.88 2 25 5
27.1833 -74.93 -74.93 2 25 5
27.1833 -74.98 -74.98 2 25 5
27.1833 -75.03 -75.03 2 25 5
27.1833 -75.08 -75.08 2 25 5
27.1833 -75.13 -75.13 2 25 5
27.1833 -75.18 -75.18 2 25 5
27.1833 -75.23 -75.23 2 25 5
27.1833 -75.28 -75.28 2 25 5
27.1833 -75.33 -75.33 2 25 5
27.1833 -75.38 -75.38 2 25 5
27.1833 -75.43 -75.43 2 25 5
27.1833 -75.48 -75.48 2 25 5
27.1833 -75.53 -75.53 2 25 5
27.1833 -75.58 -75.58 2 25 5
27.1833 -75.63 -75.63 2 25 5
27.1833 -75.68 -75.68 2 25 5
27.1833 -75.73 -75.73 2 25 5
27.1833 -75.78 -75.78 2 25 5
27.1833 -75.83 -75.83 2 25 5
27.1833 -75.88 -75.88 2 25 5
27.1833 -75.93 -75.93 2 25 5
27.1833 -75.98 -75.98 2 25 5
27.1833 -76.03 -76.03 2 25 5
27.1833 -76.08 -76.08 2 25 5
27.1833 -76.13 -76.13 2 25 5
27.1833 -76.18 -76.18 2 25 5
27.1833 -76.23 -76.23 2 25 5
27.1833 -76.28 -76.28 2 25 5
27.1833 -76.33 -76.33 2 25 5
27.1833 -76.38 -76.38 2 25 5
27.1833 -76.43 -76.43 2 25 5
27.1833 -76.48 -76.48 2 25 5
27.1833 -76.53 -76.53 2 25 5
27.1833 -76.58 -76.58 2 25 5
27.1833 -76.63 -76.63 2 25 5
27.1833 -76.68 -76.68 2 25 5
27.1833 -76.73 -76.73 2 25 5
27.1833 -76.78 -76.78 2 25 5
27.1833 -76.83 -76.83 2 25 5
27.1833 -76.88 -76.88 2 25 5
27.1833 -76.93 -76.93 2 25 5
27.1833 -76.98 -76.98 2 25 5
27.1833 -77.03 -77.03 2 25 5
27.1833 -77.08 -77.08 2 25 5
27.1833 -77.13 -77.13 2 25 5
27.1833 -77.18 -77.18 2 25 5
27.1833 -77.23 -77.23 2 25 5
27.1833 -77.28 -77.28 2 25 5
27.1833 -77.33 -77.33 2 25 5
27.1833 -77.38 -77.38 2 25 5
27.1833 -77.43 -77.43 2 25 5
27.1833 -77.48 -77.48 2 25 5
27.1833 -77.53 -77.53 2 25 5
27.1833 -77.58 -77.58 2 25 5
27.1833 -77.63 -77.63 2 25 5
27.1833 -77.68 -77.68 2 25 5
27.1833 -77.73 -77.73 2 25 5
27.1833 -77.78 -77.78 2 25 5
27.1833 -77.83 -77.83 2 25 5
27.1833 -77.88 -77.88 2 25 5
27.1833 -77.93 -77.93 2 25 5
27.1833 -77.98 -77.98 2 25 5
27.1833 -78.03 -78.03 2 25 5
27.1833 -78.08 -78.08 2 25 5
27.1833 -78.13 -78.13 2 25 5
27.1833 -78.18 -78.18 2 25 5
27.1833 -78.23 -78.23 2 25 5
27.1833 -78.28 -78.28 2 25 5
27.1833 -78.33 -78.33 2 25 5
27.1833 -78.38 -78.38 2 25 5
27.1833 -78.43 -78.43 2 25 5
27.1833 -78.48 -78.48 2 25 5
27.1833 -78.53 -78.53 2 25 5
27.1833 -78.58 -78.58 2 25 5
27.1833 -78.63 -78.63 2 25 5
27.1833 -78.68 -78.68 2 25 5
27.1833 -78.73 -78.73 2 25 5
27.1833 -78.78 -78.78 2 25 5
27.1833 -78.83 -78.83 2 25 5
27.1833 -78.88 -78.88 2 25 5
27.1833 -78.93 -78.93 2 25 5
27.1833 -78.98 -78.98 2 25 5
27.1833 -79.03 -79.03 2 25 5
27.1833 -79.08 -79.08 2 25 5
27.1833 -79.13 -79.13 2 25 5
27.1833 -79.18 -79.18 2 25 5
27.1833 -79.23 -79.23 2 25 5
27.1833 -79.28 -79.28 2 25 5
27.1833 -79.33 -79.33 2 25 5
27.1833 -79.38 -79.38 2 25 5
27.1833 -79.43 -79.43 2 25 5
27.1833 -79.48 -79.48 2 25 5
27.1833 -79.53 -79.53 2 25 5
27.1833 -79.58 -79.58 2 25 5
27.1833 -79.63 -79.63 2 25 5
27.1833 -79.68 -79.68 2 25 5
27.1833 -79.73 -79.73 2 25 5
27.1833 -79.78 -79.78 2 25 5
27.1833 -79.83 -79.83 2 25 5
27.1833 -79.88 -79.88 2 25 5
27.1833 -79.93 -79.93 2 25 5
27.1833 -79.98 -79.98 2 25 5
27.1833 -80.03 -80.03 2 25 5
27.1833 -80.08 -80.08 2 25 5
27.1833 -80.13 -80.13 2 25 5
27.1833 -80.18 -80.18 2 25 5
27.1833 -80.23 -80.23 2 25 5
27.1833 -80.28 -80.28 2 25 5
27.1833 -80.33 -80.33 2 25 5
27.1833 -80.38 -80.38 2 25 5
27.1833 -80.43 -80.43 2 25 5
27.1833 -80.48 -80.48 2 25 5
27.1833 -80.53 -80.53 2 25 5
27.1833 -80.58 -80.58 2 25 5
27.1833 -80.63 -80.63 2 25 5
27.1833 -80.68 -80.68 2 25 5
27.1833 -80.73 -80.73 2 25 5
27.1833 -80.78 -80.78 2 25 5
27.1833 -80.83 -80.83 2 25 5
27.1833 -80.88 -80.88 2 25 5
27.1833 -80.93 -80.93 2 25 5
27.1833 -80.98 -80.98 2 25 5
27.1833 -81.03 -81.03 2 25 5
27.1833 -81.08 -81.08 2 25 5
27.1833 -81.13 -81.13 2 25 5
27.1833 -81.18 -81.18 2 25 5
27.1833 -81.23 -81.23 2 25 5
27.1833 -81.28 -81.28 2 25 5
27.1833 -81.33 -81.33 2 25 5
27.1833 -81.38 -81.38 2 25 5
27.1833 -81.43 -81.43 2 25 5
27.1833 -81.48 -81.48 2 25 5
27.1833 -81.53 -81.53 2 25 5
27.1833 -81.58 -81.58 2 25 5
27.1833 -81.63 -81.63 2 25 5
27.1833 -81.68 -81.68 2 25 5
27.1833 -81.73 -81.73 2 25 5
27.1833 -81.78 -81.78 2 25 5
27.1833 -81.83 -81.83 2 25 5
27.1833 -81.88 -81.88 2 25 5
27.1833 -81.93 -81.93 2 25 5
27.1833 -81.98 -81.98 2 25 5
27.1833 -82.03 -82.03 2 25 5
27.1833 -82.08 -82.08 2 25 5
27.1833 -82.13 -82.13 2 25 5
27.1833 -82.18 -82.18 2 25 5
27.1833 -82.23 -82.23 2 25 5
27.1833 -82.28 -82.28 2 25 5
27.1833 -82.33 -82.33 2 25 5
27.1833 -82.38 -82.38 2 25 5
27.1833 -82.43 -82.43 2 25 5
27.1833 -82.48 -82.48 2 25 5
27.1833 -82.53 -82.53 2 25 5
27.1833 -82.58 -82.58 2 25 5
27.1833 -82.63 -82.63 2 25 5
27.1833 -82.68 -82.68 2 25 5
27.1833 -82.73 -82.73 2 25 5
27.1833 -82.78 -82.78 2 25 5
27.1833 -82.83 -82.83 2 25 5
27.1833 -82.88 -82.88 2 25 5
27.1833 -82.93 -82.93 2 25 5
27.1833 -82.98 -82.98 2 25 5
27.1833 -83.03 -83.03 2 25 5
27.1833 -83.08 -83.08 2 25 5
27.1833 -83.13 -83.13 2 25 5
27.1833 -83.18 -83.18 2 25 5
27.1833 -83.23 -83.23 2 25 5
27.1833 -83.28 -83.28 2 25 5
27.1833 -83.33 -83.33 2 25 5
27.1833 -83.38 -83.38 2 25 5
27.1833 -83.43 -83.43 2 25 5
27.1833 -83.48 -83.48 2 25 5
27.1833 -83.53 -83.53 2 25 5
27.1833 -83.58 -83.58 2 25 5
27.1833 -83.63 -83.63 2 25 5
27.1833 -83.68 -83.68 2 25 5
27.1833 -83.73 -83.73 2 25 5
27.1833 -83.78 -83.78 2 25 5
27.1833 -83.83 -83.83 2 25 5
27.1833 -83.88 -83.88 2 25 5
27.1833 -83.93 -83.93 2 25 5
27.1833 -83.98 -83.98 2 25 5
27.1833 -84.03 -84.03 2 25 5
27.1833 -84.08 -84.08 2 25 5
27.1833 -84.13 -84.13 2 25 5
27.1833 -84.18 -84.18 2 25 5
27.1833 -84.23 -84.23 2 25 5
27.1833 -84.28 -84.28 2 25 5
27.1833 -84.33 -84.33 2 25 5
27.1833 -84.38 -84.38 2 25 5
27.1833 -84.43 -84.43 2 25 5
27.1833 -84.48 -84.48 2 25 5
27.1833 -84.53 -84.53 2 25 5
27.1833 -84.58 -84.58 2 25 5
27.1833 -84.63 -84.63 2 25 5
27.1833 -84.68 -84.68 2 25 5
27.1833 -84.73 -84.73 2 25 5
27.1833 -84.78 -84.78 2 25 5
27.1833 -84.83 -84.83 2 25 5
27.1833 -84.88 -84.88 2 25 5
27.1833 -84.93 -84.93 2 25 5
27.1833 -84.98 -84.98 2 25 5
27.1833 -85.03 -85.03 2 25 5
27.1833 -85.08 -85.08 2 25 5
27.1833 -85.13 -85.13 2 25 5
27.1833 -85.18 -85.18 2 25 5
27.1833 -85.23 -85.23 2 25 5
27.1833 -85.28 -85.28 2 25 5
27.1833 -85.33 -85.33 2 25 5
27.1833 -85.38 -85.38 2 25 5
27.1833 -85.43 -85.43 2 25 5
27.1833 -85.48 -85.48 2 25 5
27.1833 -85.53 -85.53 2 25 5
27.1833 -85.58 -85.58 2 25 5
27.1833 -85.63 -85.63 2 25 5
27.1833 -85.68 -85.68 2 25 5
27.1833 -85.73 -85.73 2 25 5
27.1833 -85.78 -85.78 2 25 5
27.1833 -85.83 -85.83 2 25 5
27.1833 -85.88 -85.88 2 25 5
27.1833 -85.93 -85.93 2 25 5
27.1833 -85.98 -85.98 2 25 5
27.1833 -86.03 -86.03 2 25 5
27.1833 -86.08 -86.08 2 25 5
27.1833 -86.13 -86.13 2 25 5
27.1833 -86.18 -86.18 2 25 5
27.1833 -86.23 -86.23 2 25 5
27.1833 -86.28 -86.28 2 25 5
27.1833 -86.33 -86.33 2 25 5
27.1833 -86.38 -86.38 2 25 5
27.1833 -86.43 -86.43 2 25 5
27.1833 -86.48 -86.48 2 25 5
27.1833 -86.53 -86.53 2 25 5
27.1833 -86.58 -86.58 2 25 5
27.1833 -86.63 -86.63 2 25 5
27.1833 -86.68 -86.68 2 25 5
27.1833 -86.73 -86.73 2 25 5
27.1833 -86.78 -86.78 2 25 5
27.1833 -86.83 -86.83 2 25 5
27.1833 -86.88 -86.88 2 25 5
27.1833 -86.93 -86.93 2 25 5
27.1833 -86.98 -86.98 2 25 5
27.1833 -87.03 -87.03 2 25 5
27.1833 -87.08 -87.08 2 25 5
27.1833 -87.13 -87.13 2 25 5
27.1833 -87.18 -87.18 2 25 5
27.1833 -87.23 -87.23 2 25 5
27.1833 -87.28 -87.28 2 25 5
27.1833 -87.33 -87.33 2 25 5
27.1833 -87.38 -87.38 2 25 5
27.1833 -87.43 -87.43 2 25 5
27.1833 -87.48 -87.48 2 25 5
27.1833 -87.53 -87.53 2 25 5
27.1833 -87.58 -87.58 2 25 5
27.1833 -87.63 -87.63 2 25 5
27.1833 -87.68 -87.68 2 25 5
27.1833 -87.73 -87.73 2 25 5
27.1833 -87.78 -87.78 2 25 5
27.1833 -87.83 -87.83 2 25 5
27.1833 -87.88 -87.88 2 25 5
27.1833 -87.93 -87.93 2 25 5
27.1833 -87.98 -87.98 2 25 5
27.1833 -88.03 -88.03 2 25 5
27.1833 -88.08 -88.08 2 25 5
27.1833 -88.13 -88.13 2 25 5
27.1833 -88.18 -88.18 2 25 5
27.1833 -88.23 -88.23 2 25 5
27.1833 -88.28 -88.28 2 25 5
27.1833 -88.33 -88.33 2 25 5
27.1833 -88.38 -88.38 2 25 5
27.1833 -88.43 -88.43 2 25 5
27.1833 -88.48 -88.48 2 25 5
27.1833 -88.53 -88.53 2 25 5
27.1833 -88.58 -88.58 2 25 5
27.1833 -88.63 -88.63 2 25 5
27.1833 -88.68 -88.68 2 25 5
27.1833 -88.73 -88.73 2 25 5
27.1833 -88.78 -88.78 2 25 5
27.1833 -88.83 -88.83 2 25 5
27.1833 -88.88 -88.88 2 25 5
27.1833 -88.93 -88.93 2 25 5
27.1833 -88.98 -88.98 2 25 5
27.1833 -89.03 -89.03 2 25 5
27.1833 -89.08 -89.08 2 25 5
27.1833 -89.13 -89.13 2 25 5
27.1833 -89.18 -89.18 2 25 5
27.1833 -89.23 -89.23 2 25 5
27.1833 -89.28 -89.28 2 25 5
27.1833 -89.33 -89.33 2 25 5
27.1833 -89.38 -89.38 2 25 5
27.1833 -89.43 -89.43 2 25 5
27.1833 -89.48 -89.48 2 25 5
27.1833 -89.53 -89.53 2 25 5
27.1833 -89.58 -89.58 2 25 5
27.1833 -89.63 -89.63 2 25 5
27.1833 -89.68 -89.68 2 25 5
27.1833 -89.73 -89.73 2 25 5
27.1833 -89.78 -89.78 2 25 5
27.1833 -89.83 -89.83 2 25 5
27.1833 -89.88 -89.88 2 25 5
27.1833 -89.93 -89.93 2 25 5
27.1833 -89.98 -89.98 2 25 5
27.1833 -90.03 -90.03 2 25 5
27.1833 -90.08 -90.08 2 25 5
27.1833 -90.13 -90.13 2 25 5
27.1833 -90.18 -90.18 2 25 5
27.1833 -90.23 -90.23 2 25 5
27.1833 -90.28 -90.28 2 25 5
27.1833 -90.33 -90.33 2 25 5
27.1833 -90.38 -90.38 2 25 5
27.1833 -90.43 -90.43 2 25 5
27.1833 -90.48 -90.48 2 25 5
27.1833 -90.53 -90.53 2 25 5
27.1833 -90.58 -90.58 2 25 5
27.1833 -90.63 -90.63 2 25 5
27.1833 -90.68 -90.68 2 25 5
27.1833 -90.73 -90.73 2 25 5
27.1833 -90.78 -90.78 2 25 5
27.1833 -90.83 -90.83 2 25 5
27.1833 -90.88 -90.88 2 25 5
27.1833 -90.93 -90.93 2 25 5
27.1833 -90.98 -90.98 2 25 5
27.1833 -91.03 -91.03 2 25 5
27.1833 -91.08 -91.08 2 25 5
27.1833 -91.13 -91.13 2 25 5
27.1833 -91.18 -91.18 2 25 5
27.1833 -91.23 -91.23 2 25 5
27.1833 -91.28 -91.28 2 25 5
27.1833 -91.33 -91.33 2 25 5
27.1833 -91.38 -91.38 2 25 5
27.1833 -91.43 -91.43 2 25 5
27.1833 -91.48 -91.48 2 25 5
27.1833 -91.53 -91.53 2 25 5
27.1833 -91.58 -91.58 2 25 5
27.1833 -91.63 -91.63 2 25 5
27.1833 -91.68 -91.68 2 25 5
27.1833 -91.73 -91.73 2 25 5
27.1833 -91.78 -91.78 2 25 5
27.1833 -91.83 -91.83 2 25 5
27.1833 -91.88 -91.88 2 25 5
27.1833 -91.93 -91.93 2 25 5
27.1833 -91.98 -91.98 2 25 5
27.1833 -92.03 -92.03 2 25 5
27.1833 -92.08 -92.08 2 25 5
27.1833 -92.13 -92.13 2 25 5
27.1833 -92.18 -92.18 2 25 5
27.1833 -92.23 -92.23 2 25 5
27.1833 -92.28 -92.28 2 25 5
27.1833 -92.33 -92.33 2 25 5
27.1833 -92.38 -92.38 2 25 5
27.1833 -92.43 -92.43 2 25 5
27.1833 -92.48 -92.48 2 25 5
27.1833 -92.53 -92.53 2 25 5
27.1833 -92.58 -92.58 2 25 5
27.1833 -92.63 -92.63 2 25 5
27.1833 -92.68 -92.68 2 25 5
27.1833 -92.73 -92.73 2 25 5
27.1833 -92.78 -92.78 2 25 5
27.1833 -92.83 -92.83 2 25 5
27.1833 -92.88 -92.88 2 25 5
27.1833 -92.93 -92.93 2 25 5
27.1833 -92.98 -92.98 2 25 5
27.1833 -93.03 -93.03 2 25 5
27.1833 -93.08 -93.08 2 25 5
27.1833 -93.13 -93.13 2 25 5
27.1833 -93.18 -93.18 2 25 5
27.1833 -93.23 -93.23 2 25 5
27.1833 -93.28 -93.28 2 25 5
27.1833 -93.33 -93.33 2 25 5
27.1833 -93.38 -93.38 2 25 5
27.1833 -93.43 -93.43 2 25 5
27.1833 -93.48 -93.48 2 25 5
27.1833 -93.53 -93.53 2 25 5
27.1833 -93.58 -93.58 2 25 5
27.1833 -93.63 -93.63 2 25 5
27.1833 -93.68 -93.68 2 25 5
27.1833 -93.73 -93.73 2 25 5
27.1833 -93.78 -93.78 2 25 5
27.1833 -93.83 -93.83 2 25 5
27.1833 -93.88 -93.88 2 25 5
27.1833 -93.93 -93.93 2 25 5
27.1833 -93.98 -93.98 2 25 5
27.1833 -94.03 -94.03 2 25 5
27.1833 -94.08 -94.08 2 25 5
27.1833 -94.13 -94.13 2 25 5
27.1833 -94.18 -94.18 2 25 5
27.1833 -94.23 -94.23 2 25 5
27.1833 -94.28 -94.28 2 25 5
27.1833 -94.33 -94.33 2 25 5
27.1833 -94.38 -94.38 2 25 5
27.1833 -94.43 -94.43 2 25 5
27.1833 -94.48 -94.48 2 25 5
27.1833 -94.53 -94.53 2 25 5
27.1833 -94.58 -94.58 2 25 5
27.1833 -94.63 -94.63 2 25 5
27.1833 -94.68 -94.68 2 25 5
27.1833 -94.73 -94.73 2 25 5
27.1833 -94.78 -94.78 2 25 5
27.1833 -94.83 -94.83 2 25 5
27.1833 -94.88 -94.88 2 25 5
27.1833 -94.93 -94.93 2 25 5
27.1833 -94.98 -94.98 2 25 5
27.1833 -95.03 -95.03 2 25 5
27.1833 -95.08 -95.08 2 25 5
27.1833 -95.13 -95.13 2 25 5
27.1833 -95.18 -95.18 2 25 5
27.1833 -95.23 -95.23 2 25 5
27.1833 -95.28 -95.28 2 25 5
27.1833 -95.33 -95.33 2 25 5
27.1833 -95.38 -95.38 2 25 5
27.1833 -95.43 -95.43 2 25 5
27.1833 -95.48 -95.48 2 25 5
27.1833 -95.53 -95.53 2 25 5
27.1833 -95.58 -95.58 2 25 5
27.1833 -95.63 -95.63 2 25 5
27.1833 -95.68 -95.68 2 25 5
27.1833 -95.73 -95.73 2 25 5
27.1833 -95.78 -95.78 2 25 5
27.1833 -95.83 -95.83 2 25 5
27.1833 -95.88 -95.88 2 25 5
27.1833 -95.93 -95.93 2 25 5
27.1833 -95.98 -95.98 2 25 5
27.1833 -96.03 -96.03 2 25 5
27.1833 -96.08 -96.08 2 25 5
27.1833 -96.13 -96.13 2 25 5
27.1833 -96.18 -96.18 2 25 5
27.1833 -96.23 -96.23 2 25 5
27.1833 -96.28 -96.28 2 25 5
27.1833 -96.33 -96.33 2 25 5
27.1833 -96.38 -96.38 2 25 5
27.1833 -96.43 -96.43 2 25 5
27.1833 -96.48 -96.48 2 25 5
27.1833 -96.53 -96.53 2 25 5
27.1833 -96.58 -96.58 2 25 5
27.1833 -96.63 -96.63 2 25 5
27.1833 -96.68 -96.68 2 25 5
27.1833 -96.73 -96.73 2 25 5
27.1833 -96.78 -96.78 2 25 5
27.1833 -96.83 -96.83 2 25 5
27.1833 -96.88 -96.88 2 25 5
27.1833 -96.93 -96.93 2 25 5
27.1833 -96.98 -96.98 2 25 5
27.1833 -97.03 -97.03 2 25 5
27.1833 -97.08 -97.08 2 25 5
27.1833 -97.13 -97.13 2 25 5
27.1833 -97.18 -97.18 2 25 5
27.1833 -97.23 -97.23 2 25 5
27.1833 -97.28 -97.28 2 25 5
27.1833 -97.33 -97.33 2 25 5
27.1833 -97.38 -97.38 2 25 5
27.1833 -97.43 -97.43 2 25 5
27.1833 -97.48 -97.48 2 25 5
27.1833 -97.53 -97.53 2 25 5
27.1831 -97.58 -97.58 2 25 5
27.1832 -97.63 -97.63 2 25 5
27.1833 -97.68 -97.68 2 25 5
27.1833 -97.73 -97.73 2 25 5
27.1833 -97.78 -97.78 2 25 5
27.1833 -97.83 -97.83 2 25 5
27.1833 -97.88 -97.88 2 25 5
27.1833 -97.93 -97.93 2 25 5
27.1833 -97.98 -97.98 2 25 5
27.1833 -98.03 -98.03 2 25 5
27.1833 -98.08 -98.08 2 25 5
27.1833 -98.13 -98.13 2 25 5
27.1833 -98.18 -98.18 2 25 5
27.1833 -98.23 -98.23 2 25 5
27.1833 -98.28 -98.28 2 25 5
27.1833 -98.33 -98.33 2 25 5
27.1833 -98.38 -98.38 2 25 5
27.1833 -98.43 -98.43 2 25 5
27.1833 -98.48 -98.48 2 25 5
27.1833 -98.53 -98.53 2 25 5
27.1833 -98.58 -98.58 2 25 5
27.1833 -98.63 -98.63 2 25 5
27.1833 -98.68 -98.68 2 25 5
27.1833 -98.73 -98.73 2 25 5
27.1833 -98.78 -98.78 2 25 5
27.1833 -98.83 -98.83 2 25 5
27.1833 -98.88 -98.88 2 25 5
27.1833 -98.93 -98.93 2 25 5
27.1833 -98.98 -98.98 2 25 5
27.1833 -99.03 -99.03 2 25 5
27.1833 -99.08 -99.08 2 25 5
27.1833 -99.13 -99.13 2 25 5
27.1833 -99.18 -99.18 2 25 5
27.1833 -99.23 -99.23 2 25 5
27.1833 -99.28 -99.28 2 25 5
27.1833 -99.33 -99.33 2 25 5
27.1833 -99.38 -99.38 2 25 5
27.1833 -99.43 -99.43 2 25 5
27.1833 -99.48 -99.48 2 25 5
27.1833 -99.53 -99.53 2 25 5
27.1833 -99.58 -99.58 2 25 5
27.1833 -99.63 -99.63 2 25 5
27.1833 -99.68 -99.68 2 25 5
27.1833 -99.73 -99.73 2 25 5
27.1833 -99.78 -99.78 2 25 5
27.1833 -99.83 -99.83 2 25 5
27.1833 -99.88 -99.88 2 25 5
27.1833 -99.93 -99.93 2 25 5
27.1833 -99.98 -99.98 2 25 5
27.1833 -100.03 -100.03 2 25 5
27.1833 -100.08 -100.08 2 25 5
27.1833 -100.13 -100.13 2 25 5
27.1833 -100.18 -100.18 2 25 5
27.1833 -100.23 -100.23 2 25 5
27.1833 -100.28 -100.28 2 25 5
27.1833 -100.33 -100.33 2 25 5
27.1833 -100.38 -100.38 2 25 5
27.1833 -100.43 -100.43 2 25 5
27.1833 -100.48 -100.48 2 25 5
27.1833 -100.53 -100.53 2 25 5
27.1833 -100.58 -100.58 2 25 5
27.1833 -100.63 -100.63 2 25 5
27.1833 -100.68 -100.68 2 25 5
27.1833 -100.73 -100.73 2 25 5
27.1831 -100.78 -100.78 2 25 5
27.1832 -100.83 -100.83 2 25 5
27.1833 -100.88 -100.88 2 25 5
27.1833 -100.93 -100.93 2 25 5
27.1833 -100.98 -100.98 2 25 5
27.1833 -101.03 -101.03 2 25 5
27.1833 -101.08 -101.08 2 25 5
27.1833 -101.13 -101.13 2 25 5
27.1833 -101.18 -101.18 2 25 5
27.1833 -101.23 -101.23 2 25 5
27.1833 -101.28 -101.28 2 25 5
27.1833 -101.33 -101.33 2 25 5
27.1833 -101.38 -101.38 2 25 5
27.1833 -101.43 -101.43 2 25 5
27.1833 -101.48 -101.48 2 25 5
27.1833 -101.53 -101.53 2 25 5
27.1833 -101.58 -101.58 2 25 5
27.1833 -101.63 -101.63 2 25 5
27.1833 -101.68 -101.68 2 25 5
27.1833 -101.73 -101.73 2 25 5
27.1833 -101.78 -101.78 2 25 5
27.1833 -101.83 -101.83 2 25 5
27.1833 -101.88 -101.88 2 25 5
27.1833 -101.93 -101.93 2 25 5
27.1833 -101.98 -101.98 2 25 5
27.1833 -102.03 -102.03 2 25 5
27.1833 -102.08 -102.08 2 25 5
27.1833 -102.13 -102.13 2 25 5
27.1833 -102.18 -102.18 2 25 5
27.1833 -102.23 -102.23 2 25 5
27.1833 -102.28 -102.28 2 25 5
27.1833 -102.33 -102.33 2 25 5
27.1833 -102.38 -102.38 2 25 5
27.1833 -102.43 -102.43 2 25 5
27.1833 -102.48 -102.48 2 25 5
27.1833 -102.53 -102.53 2 25 5
27.1833 -102.58 -102.58 2 25 5
27.1833 -102.63 -102.63 2 25 5
27.1833 -102.68 -102.68 2 25 5
27.1833 -102.73 -102.73 2 25 5
27.1833 -102.78 -102.78 2 25 5
27.1833 -102.83 -102.83 2 25 5
27.1833 -102.88 -102.88 2 25 5
27.1833 -102.93 -102.93 2 25 5
27.1833 -102.98 -102.98 2 25 5
27.1833 -103.03 -103.03 2 25 5
27.1833 -103.08 -103.08 2 25 5
27.1833 -103.13 -103.13 2 25 5
27.1833 -103.18 -103.18 2 25 5
27.1833 -103.23 -103.23 2 25 5
27.1833 -103.28 -103.28 2 25 5
27.1833 -103.33 -103.33 2 25 5
27.1833 -103.38 -103.38 2 25 5
27.1833 -103.43 -103.43 2 25 5
27.1833 -103.48 -103.48 2 25 5
27.1833 -103.53 -103.53 2 25 5
27.1833 -103.58 -103.58 2 25 5
27.1833 -103.63 -103.63 2 25 5
27.1833 -103.68 -103.68 2 25 5
27.1833 -103.73 -103.73 2 25 5
27.1833 -103.78 -103.78 2 25 5
27.1833 -103.83 -103.83 2 25 5
27.1833 -103.88 -103.88 2 25 5
27.1833 -103.93 -103.93 2 25 5
27.1833 -103.98 -103.98 2 25 5
27.1833 -104.03 -104.03 2 25 5
27.1833 -104.08 -104.08 2 25 5
27.1833 -104.13 -104.13 2 25 5
27.1833 -104.18 -104.18 2 25 5
27.1833 -104.23 -104.23 2 25 5
27.1833 -104.28 -104.28 2 25 5
27.1833 -104.33 -104.33 2 25 5
27.1833 -104.38 -104.38 2 25 5
27.1833 -104.43 -104.43 2 25 5
27.1833 -104.48 -104.48 2 25 5
27.1833 -104.53 -104.53 2 25 5
27.1833 -104.58 -104.58 2 25 5
27.1833 -104.63 -104.63 2 25 5
27.1833 -104.68 -104.68 2 25 5
27.1833 -104.73 -104.73 2 25 5
27.1833 -104.78 -104.78 2 25 5
27.1833 -104.83 -104.83 2 25 5
27.1833 -104.88 -104.88 2 25 5
27.1833 -104.93 -104.93 2 25 5
27.1833 -104.98 -104.98 2 25 5
27.1833 -105.03 -105.03 2 25 5
27.1833 -105.08 -105.08 2 25 5
27.1833 -105.13 -105.13 2 25 5
27.1833 -105.18 -105.18 2 25 5
27.1833 -105.23 -105.23 2 25 5
27.1833 -105.28 -105.28 2 25 5
27.1833 -105.33 -105.33 2 25 5
27.1833 -105.38 -105.38 2 25 5
27.1833 -105.43 -105.43 2 25 5
27.1833 -105.48 -105.48 2 25 5
27.1833 -105.53 -105.53 2 25 5
27.1833 -105.58 -105.58 2 25 5
27.1833 -105.63 -105.63 2 25 5
27.1833 -105.68 -105.68 2 25 5
27.1833 -105.73 -105.73 2 25 5
27.1833 -105.78 -105.78 2 25 5
27.1833 -105.83 -105.83 2 25 5
27.1833 -105.88 -105.88 2 25 5
27.1833 -105.93 -105.93 2 25 5
27.1833 -105.98 -105.98 2 25 5
27.1833 -106.03 -106.03 2 25 5
27.1833 -106.08 -106.08 2 25 5
27.1833 -106.13 -106.13 2 25 5
27.1833 -106.18 -106.18 2 25 5
27.1833 -106.23 -106.23 2 25 5
27.1833 -106.28 -106.28 2 25 5
27.1833 -106.33 -106.33 2 25 5
27.1833 -106.38 -106.38 2 25 5
27.1833 -106.43 -106.43 2 25 5
27.1833 -106.48 -106.48 2 25 5
27.1833 -106.53 -106.53 2 25 5
27.1833 -106.58 -106.58 2 25 5
27.1833 -106.63 -106.63 2 25 5
27.1833 -106.68 -106.68 2 25 5
27.1833 -106.73 -106.73 2 25 5
27.1833 -106.78 -106.78 2 25 5
27.1833 -106.83 -106.83 2 25 5
27.1833 -106.88 -106.88 2 25 5
27.1833 -106.93 -106.93 2 25 5
27.1833 -106.98 -106.98 2 25 5
27.1833 -107.03 -107.03 2 25 5
27.1833 -107.08 -107.08 2 25 5
27.1833 -107.13 -107.13 2 25 5
27.1833 -107.18 -107.18 2 25 5
27.1833 -107.23 -107.23 2 25 5
27.1833 -107.28 -107.28 2 25 5
27.1833 -107.33 -107.33 2 25 5
27.1833 -107.38 -107.38 2 25 5
27.1833 -107.43 -107.43 2 25 5
27.1833 -107.48 -107.48 2 25 5
27.1833 -107.53 -107.53 2 25 5
27.1833 -107.58 -107.58 2 25 5
27.1833 -107.63 -107.63 2 25 5
27.1833 -107.68 -107.68 2 25 5
27.1833 -107.73 -107.73 2 25 5
27.1833 -107.78 -107.78 2 25 5
27.1833 -107.83 -107.83 2 25 5
27.1833 -107.88 -107.88 2 25 5
27.1833 -107.93 -107.93 2 25 5
27.1833 -107.98 -107.98 2 25 5
27.1833 -108.03 -108.03 2 25 5
27.1833 -108.08 -108.08 2 25 5
27.1833 -108.13 -108.13 2 25 5
27.1833 -108.18 -108.18 2 25 5
27.1833 -108.23 -108.23 2 25 5
27.1833 -108.28 -108.28 2 25 5
27.1833 -108.33 -108.33 2 25 5
27.1833 -108.38 -108.38 2 25 5
27.1833 -108.43 -108.43 2 25 5
27.1833 -108.48 -108.48 2 25 5
27.1833 -108.53 -108.53 2 25 5
27.1833 -108.58 -108.58 2 25 5
27.1833 -108.63 -108.63 2 25 5
27.1833 -108.68 -108.68 2 25 5
27.1833 -108.73 -108.73 2 25 5
27.1833 -108.78 -108.78 2 25 5
27.1833 -108.83 -108.83 2 25 5
27.1833 -108.88 -108.88 2 25 5
27.1833 -108.93 -108.93 2 25 5
27.1833 -108.98 -108.98 2 25 5
27.1833 -109.03 -109.03 2 25 5
27.1833 -109.08 -109.08 2 25 5
27.1833 -109.13 -109.13 2 25 5
27.1833 -109.18 -109.18 2 25 5
27.1833 -109.23 -109.23 2 25 5
27.1833 -109.28 -109.28 2 25 5
27.1833 -109.33 -109.33 2 25 5
27.1833 -109.38 -109.38 2 25 5
27.1833 -109.43 -109.43 2 25 5
27.1833 -109.48 -109.48 2 25 5
27.1833 -109.53 -109.53 2 25 5
27.1833 -109.58 -109.58 2 25 5
27.1833 -109.63 -109.63 2 25 5
27.1833 -109.68 -109.68 2 25 5
27.1833 -109.73 -109.73 2 25 5
27.1833 -109.78 -109.78 2 25 5
27.1833 -109.83 -109.83 2 25 5
27.1833 -109.88 -109.88 2 25 5
27.1833 -109.93 -109.93 2 25 5
27.1833 -109.98 -109.98 2 25 5
27.1833 -110.03 -110.03 2 25 5
27.1833 -110.08 -110.08 2 25 5
27.1833 -110.13 -110.13 2 25 5
27.1833 -110.18 -110.18 2 25 5
27.1833 -110.23 -110.23 2 25 5
27.1833 -110.28 -110.28 2 25 5
27.1833 -110.33 -110.33 2 25 5
27.1833 -110.38 -110.38 2 25 5
27.1833 -110.43 -110.43 2 25 5
27.1833 -110.48 -110.48 2 25 5
27.1833 -110.53 -110.53 2 25 5
27.1833 -110.58 -110.58 2 25 5
27.1833 -110.63 -110.63 2 25 5
27.1833 -110.68 -110.68 2 25 5
27.1833 -110.73 -110.73 2 25 5
27.1833 -110.78 -110.78 2 25 5
27.1833 -110.83 -110.83 2 25 5
27.1833 -110.88 -110.88 2 25 5
27.1833 -110.93 -110.93 2 25 5
27.1833 -110.98 -110.98 2 25 5
27.1833 -111.03 -111.03 2 25 5
27.1833 -111.08 -111.08 2 25 5
27.1833 -111.13 -111.13 2 25 5
27.1833 -111.18 -111.18 2 25 5
27.1833 -111.23 -111.23 2 25 5
27.1833 -111.28 -111.28 2 25 5
27.1833 -111.33 -111.33 2 25 5
27.1833 -111.38 -111.38 2 25 5
27.1833 -111.43 -111.43 2 25 5
27.1833 -111.48 -111.48 2 25 5
27.1833 -111.53 -111.53 2 25 5
27.1833 -111.58 -111.58 2 25 5
27.1833 -111.63 -111.63 2 25 5
27.1833 -111.68 -111.68 2 25 5
27.1833 -111.73 -111.73 2 25 5
27.1833 -111.78 -111.78 2 25 5
27.1833 -111.83 -111.83 2 25 5
27.1833 -111.88 -111.88 2 25 5
27.1833 -111.93 -111.93 2 25 5
27.1833 -111.98 -111.98 2 25 5
27.1833 -112.03 -112.03 2 25 5
27.1833 -112.08 -112.08 2 25 5
27.1833 -112.13 -112.13 2 25 5
27.1833 -112.18 -112.18 2 25 5
27.1833 -112.23 -112.23 2 25 5
27.1833 -112.28 -112.28 2 25 5
27.1833 -112.33 -112.33 2 25 5
27.1833 -112.38 -112.38 2 25 5
27.1833 -112.43 -112.43 2 25 5
27.1833 -112.48 -112.48 2 25 5
27.1833 -112.53 -112.53 2 25 5
27.1833 -112.58 -112.58 2 25 5
27.1833 -112.63 -112.63 2 25 5
27.1833 -112.68 -112.68 2 25 5
27.1833 -112.73 -112.73 2 25 5
27.1833 -112.78 -112.78 2 25 5
27.1833 -112.83 -112.83 2 25 5
27.1833 -112.88 -112.88 2 25 5
27.1833 -112.93 -112.93 2 25 5
27.1833 -112.98 -112.98 2 25 5
27.1833 -113.03 -113.03 2 25 5
27.1833 -113.08 -113.08 2 25 5
27.1833 -113.13 -113.13 2 25 5
27.1833 -113.18 -113.18 2 25 5
27.1833 -113.23 -113.23 2 25 5
27.1833 -113.28 -113.28 2 25 5
27.1833 -113.33 -113.33 2 25 5
27.1833 -113.38 -113.38 2 25 5
27.1833 -113.43 -113.43 2 25 5
27.1833 -113.48 -113.48 2 25 5
27.1833 -113.53 -113.53 2 25 5
27.1833 -113.58 -113.58 2 25 5
27.1833 -113.63 -113.63 2 25 5
27.1833 -113.68 -113.68 2 25 5
27.1833 -113.73 -113.73 2 25 5
27.1833 -113.78 -113.78 2 25 5
27.1833 -113.83 -113.83 2 25 5
27.1833 -113.88 -113.88 2 25 5
27.1833 -113.93 -113.93 2 25 5
27.1833 -113.98 -113.98 2 25 5
27.1833 -114.03 -114.03 2 25 5
27.1833 -114.08 -114.08 2 25 5
27.1833 -114.13 -114.13 2 25 5
27.1833 -114.18 -114.18 2 25 5
27.1833 -114.23 -114.23 2 25 5
27.1833 -114.28 -114.28 2 25 5
27.1833 -114.33 -114.33 2 25 5
27.1833 -114.38 -114.38 2 25 5
27.1833 -114.43 -114.43 2 25 5
27.1833 -114.48 -114.48 2 25 5
27.1833 -114.53 -114.53 2 25 5
27.1833 -114.58 -114.58 2 25 5
27.1833 -114.63 -114.63 2 25 5
27.1833 -114.68 -114.68 2 25 5
27.1833 -114.73 -114.73 2 25 5
27.1833 -114.78 -114.78 2 25 5
27.1833 -114.83 -114.83 2 25 5
27.1833 -114.88 -114.88 2 25 5
27.1833 -114.93 -114.93 2 25 5
27.1833 -114.98 -114.98 2 25 5
27.1833 -115.03 -115.03 2 25 5
27.1833 -115.08 -115.08 2 25 5
27.1833 -115.13 -115.13 2 25 5
27.1833 -115.18 -115.18 2 25 5
27.1833 -115.23 -115.23 2 25 5
27.1833 -115.28 -115.28 2 25 5
27.1833 -115.33 -115.33 2 25 5
27.1833 -115.38 -115.38 2 25 5
27.1833 -115.43 -115.43 2 25 5
27.1833 -115.48 -115.48 2 25 5
27.1833 -115.53 -115.53 2 25 5
27.1833 -115.58 -115.58 2 25 5
27.1833 -115.63 -115.63 2 25 5
27.1833 -115.68 -115.68 2 25 5
27.1833 -115.73 -115.73 2 25 5
27.1833 -115.78 -115.78 2 25 5
27.1833 -115.83 -115.83 2 25 5
27.1833 -115.88 -115.88 2 25 5
27.1833 -115.93 -115.93 2 25 5
27.1833 -115.98 -115.98 2 25 5
27.1833 -116.03 -116.03 2 25 5
27.1833 -116.08 -116.08 2 25 5
27.1833 -116.13 -116.13 2 25 5
27.1833 -116.18 -116.18 2 25 5
27.1833 -116.23 -116.23 2 25 5
27.1833 -116.28 -116.28 2 25 5
27.1833 -116.33 -116.33 2 25 5
27.1833 -116.38 -116.38 2 25 5
27.1833 -116.43 -116.43 2 25 5
27.1833 -116.48 -116.48 2 25 5
27.1833 -116.53 -116.53 2 25 5
27.1833 -116.58 -116.58 2 25 5
27.1833 -116.63 -116.63 2 25 5
27.1833 -116.68 -116.68 2 25 5
27.1833 -116.73 -116.73 2 25 5
27.1833 -116.78 -116.78 2 25 5
27.1833 -116.83 -116.83 2 25 5
27.1833 -116.88 -116.88 2 25 5
27.1833 -116.93 -116.93 2 25 5
27.1833 -116.98 -116.98 2 25 5
27.1833 -117.03 -117.03 2 25 5
27.1833 -117.08 -117.08 2 25 5
27.1833 -117.13 -117.13 2 25 5
27.1833 -117.18 -117.18 2 25 5
27.1833 -117.23 -117.23 2 25 5
27.1833 -117.28 -117.28 2 25 5
27.1833 -117.33 -117.33 2 25 5
27.1833 -117.38 -117.38 2 25 5
27.1833 -117.43 -117.43 2 25 5
27.1833 -117.48 -117.48 2 25 5
27.1833 -117.53 -117.53 2 25 5
27.1833 -117.58 -117.58 2 25 5
27.1833 -117.63 -117.63 2 25 5
27.1833 -117.68 -117.68 2 25 5
27.1833 -117.73 -117.73 2 25 5
27.1833 -117.78 -117.78 2 25 5
27.1833 -117.83 -117.83 2 25 5
27.1833 -117.88 -117.88 2 25 5
27.1833 -117.93 -117.93 2 25 5
27.1833 -117.98 -117.98 2 25 5
27.1833 -118.03 -118.03 2 25 5
27.1833 -118.08 -118.08 2 25 5
27.1833 -118.13 -118.13 2 25 5
27.1833 -118.18 -118.18 2 25 5
27.1833 -118.23 -118.23 2 25 5
27.1833 -118.28 -118.28 2 25 5
27.1833 -118.33 -118.33 2 25 5
27.1833 -118.38 -118.38 2 25 5
27.1833 -118.43 -118.43 2 25 5
27.1833 -118.48 -118.48 2 25 5
27.1833 -118.53 -118.53 2 25 5
27.1833 -118.58 -118.58 2 25 5
27.1833 -118.63 -118.63 2 25 5
27.1833 -118.68 -118.68 2 25 5
27.1833 -118.73 -118.73 2 25 5
27.1833 -118.78 -118.78 2 25 5
27.1833 -118.83 -118.83 2 25 5
27.1833 -118.88 -118.88 2 25 5
27.1833 -118.93 -118.93 2 25 5
27.1833 -118.98 -118.98 2 25 5
27.1833 -119.03 -119.03 2 25 5
27.1833 -119.08 -119.08 2 25 5
27.1833 -119.13 -119.13 2 25 5
27.1833 -119.18 -119.18 2 25 5
27.1833 -119.23 -119.23 2 25 5
27.1833 -119.28 -119.28 2 25 5
27.1833 -119.33 -119.33 2 25 5
27.1833 -119.38 -119.38 2 25 5
27.1833 -119.43 -119.43 2 25 5
27.1833 -119.48 -119.48 2 25 5
27.1833 -119.53 -119.53 2 25 5
27.1833 -119.58 -119.58 2 25 5
27.1833 -119.63 -119.63 2 25 5
27.1833 -119.68 -119.68 2 25 5
27.1833 -119.73 -119.73 2 25 5
27.1833 -119.78 -119.78 2 25 5
27.1833 -119.83 -119.83 2 25 5
27.1833 -119.88 -119.88 2 25 5
27.1833 -119.93 -119.93 2 25 5
27.1833 -119.98 -119.98 2 25 5
27.1833 -120.03 -120.03 2 25 5
27.1833 -120.08 -120.08 2 25 5
27.1833 -120.13 -120.13 2 25 5
27.1833 -120.18 -120.18 2 25 5
27.1833 -120.23 -120.23 2 25 5
27.1833 -120.28 -120.28 2 25 5
27.1833 -120.33 -120.33 2 25 5
27.1833 -120.38 -120.38 2 25 5
27.1833 -120.43 -120.43 2 25 5
27.1833 -120.48 -120.48 2 25 5
27.1833 -120.53 -120.53 2 25 5
27.1833 -120.58 -120.58 2 25 5
27.1833 -120.63 -120.63 2 25 5
27.1833 -120.68 -120.68 2 25 5
27.1833 -120.73 -120.73 2 25 5
27.1833 -120.78 -120.78 2 25 5
27.1833 -120.83 -120.83 2 25 5
27.1833 -120.88 -120.88 2 25 5
27.1833 -120.93 -120.93 2 25 5
27.1833 -120.98 -120.98 2 25 5
27.1833 -121.03 -121.03 2 25 5
27.1833 -121.08 -121.08 2 25 5
27.1833 -121.13 -121.13 2 25 5
27.1833 -121.18 -121.18 2 25 5
27.1833 -121.23 -121.23 2 25 5
27.1833 -121.28 -121.28 2 25 5
27.1833 -121.33 -121.33 2 25 5
27.1833 -121.38 -121.38 2 25 5
27.1833 -121.43 -121.43 2 25 5
27.1833 -121.48 -121.48 2 25 5
27.1833 -121.53 -121.53 2 25 5
27.1833 -121.58 -121.58 2 25 5
27.1833 -121.63 -121.63 2 25 5
27.1833 -121.68 -121.68 2 25 5
27.1833 -121.73 -121.73 2 25 5
27.1833 -121.78 -121.78 2 25 5
27.1833 -121.83 -121.83 2 25 5
27.1833 -121.88 -121.88 2 25 5
27.1833 -121.93 -121.93 2 25 5
27.1833 -121.98 -121.98 2 25 5
27.1833 -122.03 -122.03 2 25 5
27.1833 -122.08 -122.08 2 25 5
27.1833 -122.13 -122.13 2 25 5
27.1833 -122.18 -122.18 2 25 5
27.1833 -122.23 -122.23 2 25 5
27.1833 -122.28 -122.28 2 25 5
27.1833 -122.33 -122.33 2 25 5
27.1833 -122.38 -122.38 2 25 5
27.1833 -122.43 -122.43 2 25 5
27.1833 -122.48 -122.48 2 25 5
27.1833 -122.53 -122.53 2 25 5
27.1833 -122.58 -122.58 2 25 5
27.1833 -122.63 -122.63 2 25 5
27.1833 -122.68 -122.68 2 25 5
27.1833 -122.73 -122.73 2 25 5
27.1833 -122.78 -122.78 2 25 5
27.1833 -122.83 -122.83 2 25 5
27.1833 -122.88 -122.88 2 25 5
27.1833 -122.93 -122.93 2 25 5
27.1833 -122.98 -122.98 2 25 5
27.1833 -123.03 -123.03 2 25 5
27.1833 -123.08 -123.08 2 25 5
27.1833 -123.13 -123.13 2 25 5
27.1833 -123.18 -123.18 2 25 5
27.1833 -123.23 -123.23 2 25 5
27.1833 -123.28 -123.28 2 25 5
27.1833 -123.33 -123.33 2 25 5
27.1833 -123.38 -123.38 2 25 5
27.1833 -123.43 -123.43 2 25 5
27.1833 -123.48 -123.48 2 25 5
27.1833 -123.53 -123.53 2 25 5
27.1833 -123.58 -123.58 2 25 5
27.1833 -123.63 -123.63 2 25 5
27.1833 -123.68 -123.68 2 25 5
27.1833 -123.73 -123.73 2 25 5
27.1833 -123.78 -123.78 2 25 5
27.1833 -123.83 -123.83 2 25 5
27.1833 -123.88 -123.88 2 25 5
27.1833 -123.93 -123.93 2 25 5
27.1833 -123.98 -123.98 2 25 5
27.1833 -124.03 -124.03 2 25 5
27.1833 -124.08 -124.08 2 25 5
27.1833 -124.13 -124.13 2 25 5
27.1833 -124.18 -124.18 2 25 5
27.1833 -124.23 -124.23 2 25 5
27.1833 -124.28 -124.28 2 25 5
27.1833 -124.33 -124.33 2 25 5
27.1833 -124.38 -124.38 2 25 5
27.1833 -124.43 -124.43 2 25 5
27.1833 -124.48 -124.48 2 25 5
27.1833 -124.53 -124.53 2 25 5
27.1833 -124.58 -124.58 2 25 5
27.1833 -124.63 -124.63 2 25 5
27.1833 -124.68 -124.68 2 25 5
27.1833 -124.73 -124.73 2 25 5
27.1833 -124.78 -124.78 2 25 5
27.1833 -124.83 -124.83 2 25 5
27.1833 -124.88 -124.88 2 25 5
27.1833 -124.93 -124.93 2 25 5
27.1833 -124.98 -124.98 2 25 5
27.1833 -125.03 -125.03 2 25 5
27.1833 -125.08 -125.08 2 25 5
27.1833 -125.13 -125.13 2 25 5
27.1833 -125.18 -125.18 2 25 5
27.1833 -125.23 -125.23 2 25 5
27.1833 -125.28 -125.28 2 25 5
27.1833 -125.33 -125.33 2 25 5
27.1833 -125.38 -125.38 2 25 5
27.1833 -125.43 -125.43 2 25 5
27.1833 -125.48 -125.48 2 25 5
27.1833 -125.53 -125.53 2 25 5
27.1833 -125.58 -125.58 2 25 5
27.1833 -125.63 -125.63 2 25 5
27.1833 -125.68 -125.68 2 25 5
27.1833 -125.73 -125.73 2 25 5
27.1833 -125.78 -125.78 2 25 5
27.1833 -125.83 -125.83 2 25 5
27.1833 -125.88 -125.88 2 25 5
27.1833 -125.93 -125.93 2 25 5
27.1833 -125.98 -125.98 2 25 5
27.1833 -126.03 -126.03 2 25 5
27.1833 -126.08 -126.08 2 25 5
27.1833 -126.13 -126.13 2 25 5
27.1833 -126.18 -126.18 2 25 5
27.1833 -126.23 -126.23 2 25 5
27.1833 -126.28 -126.28 2 25 5
27.1833 -126.33 -126.33 2 25 5
27.1833 -126.38 -126.38 2 25 5
27.1833 -126.43 -126.43 2 25 5
27.1833 -126.48 -126.48 2 25 5
27.1833 -126.53 -126.53 2 25 5
27.1833 -126.58 -126.58 2 25 5
27.1833 -126.63 -126.63 2 25 5
27.1833 -126.68 -126.68 2 25 5
27.1833 -126.73 -126.73 2 25 5
27.1833 -126.78 -126.78 2 25 5
27.1833 -126.83 -126.83 2 25 5
27.1833 -126.88 -126.88 2 25 5
27.1833 -126.93 -126.93 2 25 5
27.1833 -126.98 -126.98 2 25 5
27.1833 -127.03 -127.03 2 25 5
27.1833 -127.08 -127.08 2 25 5
27.1833 -127.13 -127.13 2 25 5
27.1833 -127.18 -127.18 2 25 5
27.1833 -127.23 -127.23 2 25 5
27.1833 -127.28 -127.28 2 25 5
27.1833 -127.33 -127.33 2 25 5
27.1833 -127.38 -127.38 2 25 5
27.1833 -127.43 -127.43 2 25 5
27.1833 -127.48 -127.48 2 25 5
27.1833 -127.53 -127.53 2 25 5
27.1833 -127.58 -127.58 2 25 5
27.1833 -127.63 -127.63 2 25 5
27.1833 -127.68 -127.68 2 25 5
27.1833 -127.73 -127.73 2 25 5
27.1833 -127.78 -127.78 2 25 5
27.1833 -127.83 -127.83 2 25 5
27.1833 -127.88 -127.88 2 25 5
27.1833 -127.93 -127.93 2 25 5
27.1833 -127.98 -127.98 2 25 5
27.1833 -128.03 -128.03 2 25 5
27.1833 -128.08 -128.08 2 25 5
27.1833 -128.13 -128.13 2 25 5
27.1833 -128.18 -128.18 2 25 5
27.1833 -128.23 -128.23 2 25 5
27.1833 -128.28 -128.28 2 25 5
27.1833 -128.33 -128.33 2 25 5
27.1833 -128.38 -128.38 2 25 5
27.1833 -128.43 -128.43 2 25 5
27.1833 -128.48 -128.48 2 25 5
27.1833 -128.53 -128.53 2 25 5
27.1833 -128.58 -128.58 2 25 5
27.1833 -128.63 -128.63 2 25 5
27.1833 -128.68 -128.68 2 25 5
27.1833 -128.73 -128.73 2 25 5
27.1833 -128.78 -128.78 2 25 5
27.1833 -128.83 -128.83 2 25 5
27.1833 -128.88 -128.88 2 25 5
27.1833 -128.93 -128.93 2 25 5
27.1833 -128.98 -128.98 2 25 5
27.1833 -129.03 -129.03 2 25 5
27.1833 -129.08 -129.08 2 25 5
27.1833 -129.13 -129.13 2 25 5
27.1833 -129.18 -129.18 2 25 5
27.1833 -129.23 -129.23 2 25 5
27.1833 -129.28 -129.28 2 25 5
27.1833 -129.33 -129.33 2 25 5
27.1833 -129.38 -129.38 2 25 5
27.1833 -129.43 -129.43 2 25 5
27.1833 -129.48 -129.48 2 25 5
27.1833 -129.53 -129.53 2 25 5
27.1833 -129.58 -129.58 2 25 5
27.1833 -129.63 -129.63 2 25 5
27.1833 -129.68 -129.68 2 25 5
27.1833 -129.73 -129.73 2 25 5
27.1833 -129.78 -129.78 2 25 5
27.1833 -129.83 -129.83 2 25 5
27.1833 -129.88 -129.88 2 25 5
27.1833 -129.93 -129.93 2 25 5
27.1833 -129.98 -129.98 2 25 5
27.1833 -130.03 -130.03 2 25 5
27.1833 -130.08 -130.08 2 25 5
27.1833 -130.13 -130.13 2 25 5
27.1833 -130.18 -130.18 2 25 5
27.1833 -130.23 -130.23 2 25 5
27.1833 -130.28 -130.28 2 25 5
27.1833 -130.33 -130.33 2 25 5
27.1833 -130.38 -130.38 2 25 5
27.1833 -130.43 -130.43 2 25 5
27.1833 -130.48 -130.48 2 25 5
27.1833 -130.53 -130.53 2 25 5
27.1833 -130.58 -130.58 2 25 5
27.1833 -130.63 -130.63 2 25 5
27.1833 -130.68 -130.68 2 25 5
27.1833 -130.73 -130.73 2 25 5
27.1833 -130.78 -130.78 2 25 5
27.1833 -130.83 -130.83 2 25 5
27.1833 -130.88 -130.88 2 25 5
27.1833 -130.93 -130.93 2 25 5
27.1833 -130.98 -130.98 2 25 5
27.1833 -131.03 -131.03 2 25 5
27.1833 -131.08 -131.08 2 25 5
27.1833 -131.13 -131.13 2 25 5
27.1833 -131.18 -131.18 2 25 5
27.1833 -131.23 -131.23 2 25 5
27.1833 -131.28 -131.28 2 25 5
27.1833 -131.33 -131.33 2 25 5
27.1833 -131.38 -131.38 2 25 5
27.1833 -131.43 -131.43 2 25 5
27.1833 -131.48 -131.48 2 25 5
27.1833 -131.53 -131.53 2 25 5
27.1833 -131.58 -131.58 2 25 5
27.1833 -131.63 -131.63 2 25 5
27.1833 -131.68 -131.68 2 25 5
27.1833 -131.73 -131.73 2 25 5
27.1833 -131.78 -131.78 2 25 5
27.1833 -131.83 -131.83 2 25 5
27.1833 -131.88 -131.88 2 25 5
27.1833 -131.93 -131.93 2 25 5
27.1833 -131.98 -131.98 2 25 5
27.1833 -132.03 -132.03 2 25 5
27.1833 -132.08 -132.08 2 25 5
27.1833 -132.13 -132.13 2 25 5
27.1833 -132.18 -132.18 2 25 5
27.1833 -132.23 -132.23 2 25 5
27.1833 -132.28 -132.28 2 25 5
27.1833 -132.33 -132.33 2 25 5
27.1833 -132.38 -132.38 2 25 5
27.1833 -132.43 -132.43 2 25 5
27.1833 -132.48 -132.48 2 25 5
27.1833 -132.53 -132.53 2 25 5
27.1833 -132.58 -132.58 2 25 5
27.1833 -132.63 -132.63 2 25 5
27.1833 -132.68 -132.68 2 25 5
27.1833 -132.73 -132.73 2 25 5
27.1833 -132.78 -132.78 2 25 5
27.1833 -132.83 -132.83 2 25 5
27.1833 -132.88 -132.88 2 25 5
27.1833 -132.93 -132.93 2 25 5
27.1833 -132.98 -132.98 2 25 5
27.1833 -133.03 -133.03 2 25 5
27.1833 -133.08 -133.08 2 25 5
27.1833 -133.13 -133.13 2 25 5
27.1833 -133.18 -133.18 2 25 5
27.1833 -133.23 -133.23 2 25 5
27.1833 -133.28 -133.28 2 25 5
27.1833 -133.33 -133.33 2 25 5
27.1833 -133.38 -133.38 2 25 5
27.1833 -133.43 -133.43 2 25 5
27.1833 -133.48 -133.48 2 25 5
27.1833 -133.53 -133.53 2 25 5
27.1833 -133.58 -133.58 2 25 5
27.1833 -133.63 -133.63 2 25 5
27.1833 -133.68 -133.68 2 25 5
27.1833 -133.73 -133.73 2 25 5
27.1833 -133.78 -133.78 2 25 5
27.1833 -133.83 -133.83 2 25 5
27.1833 -133.88 -133.88 2 25 5
27.1833 -133.93 -133.93 2 25 5
27.1833 -133.98 -133.98 2 25 5
27.1833 -134.03 -134.03 2 25 5
27.1834 -134.08 -134.08 2 25 5
27.1833 -134.13 -134.13 2 25 5
27.1833 -134.18 -134.18 2 25 5
27.1833 -134.23 -134.23 2 25 5
27.1833 -134.28 -134.28 2 25 5
27.1833 -134.33 -134.33 2 25 5
27.1833 -134.38 -134.38 2 25 5
27.1833 -134.43 -134.43 2 25 5
27.1833 -134.48 -134.48 2 25 5
27.1833 -134.53 -134.53 2 25 5
27.1833 -134.58 -134.58 2 25 5
27.1833 -134.63 -134.63 2 25 5
27.1833 -134.68 -134.68 2 25 5
27.1833 -134.73 -134.73 2 25 5
27.1833 -134.78 -134.78 2 25 5
27.1833 -134.83 -134.83 2 25 5
27.1833 -134.88 -134.88 2 25 5
27.1833 -134.93 -134.93 2 25 5
27.1833 -134.98 -134.98 2 25 5
27.1833 -135.03 -135.03 2 25 5
27.1833 -135.08 -135.08 2 25 5
27.1833 -135.13 -135.13 2 25 5
27.1833 -135.18 -135.18 2 25 5
27.1833 -135.23 -135.23 2 25 5
27.1833 -135.28 -135.28 2 25 5
27.1833 -135.33 -135.33 2 25 5
27.1833 -135.38 -135.38 2 25 5
27.1833 -135.43 -135.43 2 25 5
27.1833 -135.48 -135.48 2 25 5
27.1833 -135.53 -135.53 2 25 5
27.1833 -135.58 -135.58 2 25 5
27.1833 -135.63 -135.63 2 25 5
27.1833 -135.68 -135.68 2 25 5
27.1833 -135.73 -135.73 2 25 5
27.1833 -135.78 -135.78 2 25 5
27.1833 -135.83 -135.83 2 25 5
27.1833 -135.88 -135.88 2 25 5
27.1833 -135.93 -135.93 2 25 5
27.1833 -135.98 -135.98 2 25 5
27.1833 -136.03 -136.03 2 25 5
27.1833 -136.08 -136.08 2 25 5
27.1833 -136.13 -136.13 2 25 5
27.1833 -136.18 -136.18 2 25 5
27.1833 -136.23 -136.23 2 25 5
27.1833 -136.28 -136.28 2 25 5
27.1833 -136.33 -136.33 2 25 5
27.1833 -136.38 -136.38 2 25 5
27.1833 -136.43 -136.43 2 25 5
27.1833 -136.48 -136.48 2 25 5
27.1833 -136.53 -136.53 2 25 5
27.1833 -136.58 -136.58 2 25 5
27.1833 -136.63 -136.63 2 25 5
27.1833 -136.68 -136.68 2 25 5
27.1833 -136.73 -136.73 2 25 5
27.1833 -136.78 -136.78 2 25 5
27.1833 -136.83 -136.83 2 25 5
27.1833 -136.88 -136.88 2 25 5
27.1833 -136.93 -136.93 2 25 5
27.1833 -136.98 -136.98 2 25 5
27.1833 -137.03 -137.03 2 25 5
27.1833 -137.08 -137.08 2 25 5
27.1833 -137.13 -137.13 2 25 5
27.1833 -137.18 -137.18 2 25 5
27.1833 -137.23 -137.23 2 25 5
27.1833 -137.28 -137.28 2 25 5
27.1833 -137.33 -137.33 2 25 5
27.1833 -137.38 -137.38 2 25 5
27.1833 -137.43 -137.43 2 25 5
27.1833 -137.48 -137.48 2 25 5
27.1833 -137.53 -137.53 2 25 5
27.1833 -137.58 -137.58 2 25 5
27.1833 -137.63 -137.63 2 25 5
27.1833 -137.68 -137.68 2 25 5
27.1833 -137.73 -137.73 2 25 5
27.1833 -137.78 -137.78 2 25 5
27.1833 -137.83 -137.83 2 25 5
27.1833 -137.88 -137.88 2 25 5
27.1833 -137.93 -137.93 2 25 5
27.1833 -137.98 -137.98 2 25 5
27.1833 -138.03 -138.03 2 25 5
27.1833 -138.08 -138.08 2 25 5
27.1833 -138.13 -138.13 2 25 5
27.1833 -138.18 -138.18 2 25 5
27.1833 -138.23 -138.23 2 25 5
27.1833 -138.28 -138.28 2 25 5
27.1833 -138.33 -138.33 2 25 5
27.1833 -138.38 -138.38 2 25 5
27.1833 -138.43 -138.43 2 25 5
27.1833 -138.48 -138.48 2 25 5
27.1833 -138.53 -138.53 2 25 5
27.1833 -138.58 -138.58 2 25 5
27.1833 -138.63 -138.63 2 25 5
27.1833 -138.68 -138.68 2 25 5
27.1833 -138.73 -138.73 2 25 5
27.1833 -138.78 -138.78 2 25 5
27.1833 -138.83 -138.83 2 25 5
27.1833 -138.88 -138.88 2 25 5
27.1833 -138.93 -138.93 2 25 5
27.1833 -138.98 -138.98 2 25 5
27.1833 -139.03 -139.03 2 25 5
27.1833 -139.08 -139.08 2 25 5
27.1833 -139.13 -139.13 2 25 5
27.1833 -139.18 -139.18 2 25 5
27.1833 -139.23 -139.23 2 25 5
27.1833 -139.28 -139.28 2 25 5
27.1833 -139.33 -139.33 2 25 5
27.1833 -139.38 -139.38 2 25 5
27.1833 -139.43 -139.43 2 25 5
27.1833 -139.48 -139.48 2 25 5
27.1833 -139.53 -139.53 2 25 5
27.1833 -139.58 -139.58 2 25 5
27.1833 -139.63 -139.63 2 25 5
27.1833 -139.68 -139.68 2 25 5
27.1833 -139.73 -139.73 2 25 5
27.1833 -139.78 -139.78 2 25 5
27.1833 -139.83 -139.83 2 25 5
27.1833 -139.88 -139.88 2 25 5
27.1833 -139.93 -139.93 2 25 5
27.1833 -139.98 -139.98 2 25 5
27.1833 -140.03 -140.03 2 25 5
27.1833 -140.08 -140.08 2 25 5
27.1833 -140.13 -140.13 2 25 5
27.1833 -140.18 -140.18 2 25 5
27.1833 -140.23 -140.23 2 25 5
27.1833 -140.28 -140.28 2 25 5
27.1833 -140.33 -140.33 2 25 5
27.1833 -140.38 -140.38 2 25 5
27.1833 -140.43 -140.43 2 25 5
27.1833 -140.48 -140.48 2 25 5
27.1833 -140.53 -140.53 2 25 5
27.1833 -140.58 -140.58 2 25 5
27.1833 -140.63 -140.63 2 25 5
27.1833 -140.68 -140.68 2 25 5
27.1833 -140.73 -140.73 2 25 5
27.1833 -140.78 -140.78 2 25 5
27.1833 -140.83 -140.83 2 25 5
27.1833 -140.88 -140.88 2 25 5
27.1833 -140.93 -140.93 2 25 5
27.1833 -140.98 -140.98 2 25 5
27.1833 -141.03 -141.03 2 25 5
27.1833 -141.08 -141.08 2 25 5
27.1833 -141.13 -141.13 2 25 5
27.1833 -141.18 -141.18 2 25 5
27.1833 -141.23 -141.23 2 25 5
27.1833 -141.28 -141.28 2 25 5
27.1833 -141.33 -141.33 2 25 5
27.1833 -141.38 -141.38 2 25 5
27.1833 -141.43 -141.43 2 25 5
27.1833 -141.48 -141.48 2 25 5
27.1833 -141.53 -141.53 2 25 5
27.1833 -141.58 -141.58 2 25 5
27.1833 -141.63 -141.63 2 25 5
27.1833 -141.68 -141.68 2 25 5
27.1833 -141.73 -141.73 2 25 5
27.1833 -141.78 -141.78 2 25 5
27.1833 -141.83 -141.83 2 25 5
27.1833 -141.88 -141.88 2 25 5
27.1833 -141.93 -141.93 2 25 5
27.1833 -141.98 -141.98 2 25 5
27.1833 -142.03 -142.03 2 25 5
27.1833 -142.08 -142.08 2 25 5
27.1833 -142.13 -142.13 2 25 5
27.1833 -142.18 -142.18 2 25 5
27.1833 -142.23 -142.23 2 25 5
27.1833 -142.28 -142.28 2 25 5
27.1833 -142.33 -142.33 2 25 5
27.1833 -142.38 -142.38 2 25 5
27.1833 -142.43 -142.43 2 25 5
27.1833 -142.48 -142.48 2 25 5
27.1833 -142.53 -142.53 2 25 5
27.1833 -142.58 -142.58 2 25 5
27.1833 -142.63 -142.63 2 25 5
27.1833 -142.68 -142.68 2 25 5
27.1833 -142.73 -142.73 2 25 5
27.1833 -142.78 -142.78 2 25 5
27.1833 -142.83 -142.83 2 25 5
27.1833 -142.88 -142.88 2 25 5
27.1833 -142.93 -142.93 2 25 5
27.1833 -142.98 -142.98 2 25 5
27.1833 -143.03 -143.03 2 25 5
27.1833 -143.08 -143.08 2 25 5
27.1833 -143.13 -143.13 2 25 5
27.1833 -143.18 -143.18 2 25 5
27.1833 -143.23 -143.23 2 25 5
27.1833 -143.28 -143.28 2 25 5
27.1833 -143.33 -143.33 2 25 5
27.1833 -143.38 -143.38 2 25 5
27.1833 -143.43 -143.43 2 25 5
27.1833 -143.48 -143.48 2 25 5
27.1833 -143.53 -143.53 2 25 5
27.1833 -143.58 -143.58 2 25 5
27.1833 -143.63 -143.63 2 25 5
27.1833 -143.68 -143.68 2 25 5
27.1833 -143.73 -143.73 2 25 5
27.1833 -143.78 -143.78 2 25 5
27.1833 -143.83 -143.83 2 25 5
27.1833 -143.88 -143.88 2 25 5
27.1833 -143.93 -143.93 2 25 5
27.1833 -143.98 -143.98 2 25 5
27.1833 -144.03 -144.03 2 25 5
27.1833 -144.08 -144.08 2 25 5
27.1833 -144.13 -144.13 2 25 5
27.1833 -144.18 -144.18 2 25 5
27.1833 -144.23 -144.23 2 25 5
27.1833 -144.28 -144.28 2 25 5
27.1833 -144.33 -144.33 2 25 5
27.1833 -144.38 -144.38 2 25 5
27.1833 -144.43 -144.43 2 25 5
27.1833 -144.48 -144.48 2 25 5
27.1833 -144.53 -144.53 2 25 5
27.1833 -144.58 -144.58 2 25 5
27.1833 -144.63 -144.63 2 25 5
27.1833 -144.68 -144.68 2 25 5
27.1833 -144.73 -144.73 2 25 5
27.1833 -144.78 -144.78 2 25 5
27.1833 -144.83 -144.83 2 25 5
27.1833 -144.88 -144.88 2 25 5
27.1833 -144.93 -144.93 2 25 5
27.1833 -144.98 -144.98 2 25 5
27.1833 -145.03 -145.03 2 25 5
27.1833 -145.08 -145.08 2 25 5
27.1833 -145.13 -145.13 2 25 5
27.1833 -145.18 -145.18 2 25 5
27.1833 -145.23 -145.23 2 25 5
27.1833 -145.28 -145.28 2 25 5
27.1833 -145.33 -145.33 2 25 5
27.1833 -145.38 -145.38 2 25 5
27.1833 -145.43 -145.43 2 25 5
27.1833 -145.48 -145.48 2 25 5
27.1833 -145.53 -145.53 2 25 5
27.1833 -145.58 -145.58 2 25 5
27.1833 -145.63 -145.63 2 25 5
27.1833 -145.68 -145.68 2 25 5
27.1833 -145.73 -145.73 2 25 5
27.1833 -145.78 -145.78 2 25 5
27.1833 -145.83 -145.83 2 25 5
27.1833 -145.88 -145.88 2 25 5
27.1832 -145.93 -145.93 2 25 5
27.1833 -145.98 -145.98 2 25 5
27.1833 -146.03 -146.03 2 25 5
27.1833 -146.08 -146.08 2 25 5
27.1833 -146.13 -146.13 2 25 5
27.1833 -146.18 -146.18 2 25 5
27.1833 -146.23 -146.23 2 25 5
27.1833 -146.28 -146.28 2 25 5
27.1832 -146.33 -146.33 2 25 5
27.1833 -146.38 -146.38 2 25 5
27.1833 -146.43 -146.43 2 25 5
27.1833 -146.48 -146.48 2 25 5
27.1833 -146.53 -146.53 2 25 5
27.1833 -146.58 -146.58 2 25 5
27.1833 -146.63 -146.63 2 25 5
27.1833 -146.68 -146.68 2 25 5
27.1833 -146.73 -146.73 2 25 5
27.1833 -146.78 -146.78 2 25 5
27.1833 -146.83 -146.83 2 25 5
27.1833 -146.88 -146.88 2 25 5
27.1833 -146.93 -146.93 2 25 5
27.1833 -146.98 -146.98 2 25 5
27.1833 -147.03 -147.03 2 25 5
27.1833 -147.08 -147.08 2 25 5
27.1833 -147.13 -147.13 2 25 5
27.1833 -147.18 -147.18 2 25 5
27.1833 -147.23 -147.23 2 25 5
27.1833 -147.28 -147.28 2 25 5
27.1833 -147.33 -147.33 2 25 5
27.1833 -147.38 -147.38 2 25 5
27.1833 -147.43 -147.43 2 25 5
27.1833 -147.48 -147.48 2 25 5
27.1833 -147.53 -147.53 2 25 5
27.1833 -147.58 -147.58 2 25 5
27.1833 -147.63 -147.63 2 25 5
27.1833 -147.68 -147.68 2 25 5
27.1833 -147.73 -147.73 2 25 5
27.1833 -147.78 -147.78 2 25 5
27.1833 -147.83 -147.83 2 25 5
27.1833 -147.88 -147.88 2 25 5
27.1833 -147.93 -147.93 2 25 5
27.1833 -147.98 -147.98 2 25 5
27.1833 -148.03 -148.03 2 25 5
27.1833 -148.08 -148.08 2 25 5
27.1833 -148.13 -148.13 2 25 5
27.1833 -148.18 -148.18 2 25 5
27.1833 -148.23 -148.23 2 25 5
27.1833 -148.28 -148.28 2 25 5
27.1833 -148.33 -148.33 2 25 5
27.1833 -148.38 -148.38 2 25 5
27.1833 -148.43 -148.43 2 25 5
27.1833 -148.48 -148.48 2 25 5
27.1833 -148.53 -148.53 2 25 5
27.1833 -148.58 -148.58 2 25 5
27.1833 -148.63 -148.63 2 25 5
27.1833 -148.68 -148.68 2 25 5
27.1833 -148.73 -148.73 2 25 5
27.1833 -148.78 -148.78 2 25 5
27.1833 -148.83 -148.83 2 25 5
27.1833 -148.88 -148.88 2 25 5
27.1833 -148.93 -148.93 2 25 5
27.1833 -148.98 -148.98 2 25 5
27.1833 -149.03 -149.03 2 25 5
27.1833 -149.08 -149.08 2 25 5
27.1833 -149.13 -149.13 2 25 5
27.1833 -149.18 -149.18 2 25 5
27.1833 -149.23 -149.23 2 25 5
27.1833 -149.28 -149.28 2 25 5
27.1833 -149.33 -149.33 2 25 5
27.1833 -149.38 -149.38 2 25 5
27.1833 -149.43 -149.43 2 25 5
27.1833 -149.48 -149.48 2 25 5
27.1833 -149.53 -149.53 2 25 5
27.1833 -149.58 -149.58 2 25 5
27.1833 -149.63 -149.63 2 25 5
27.1833 -149.68 -149.68 2 25 5
27.1833 -149.73 -149.73 2 25 5
27.1833 -149.78 -149.78 2 25 5
27.1833 -149.83 -149.83 2 25 5
27.1833 -149.88 -149.88 2 25 5
27.1833 -149.93 -149.93 2 25 5
27.1833 -149.98 -149.98 2 25 5
27.1833 -150.03 -150.03 2 25 5
27.1833 -150.08 -150.08 2 25 5
27.1833 -150.13 -150.13 2 25 5
27.1833 -150.18 -150.18 2 25 5
27.1833 -150.23 -150.23 2 25 5
27.1833 -150.28 -150.28 2 25 5
27.1833 -150.33 -150.33 2 25 5
27.1833 -150.38 -150.38 2 25 5
27.1833 -150.43 -150.43 2 25 5
27.1833 -150.48 -150.48 2 25 5
27.1833 -150.53 -150.53 2 25 5
27.1833 -150.58 -150.58 2 25 5
27.1833 -150.63 -150.63 2 25 5
27.1833 -150.68 -150.68 2 25 5
27.1833 -150.73 -150.73 2 25 5
27.1833 -150.78 -150.78 2 25 5
27.1833 -150.83 -150.83 2 25 5
27.1833 -150.88 -150.88 2 25 5
27.1833 -150.93 -150.93 2 25 5
27.1833 -150.98 -150.98 2 25 5
27.1833 -151.03 -151.03 2 25 5
27.1832 -151.08 -151.08 2 25 5
27.1833 -151.13 -151.13 2 25 5
27.1833 -151.18 -151.18 2 25 5
27.1833 -151.23 -151.23 2 25 5
27.1833 -151.28 -151.28 2 25 5
27.1833 -151.33 -151.33 2 25 5
27.1833 -151.38 -151.38 2 25 5
27.1833 -151.43 -151.43 2 25 5
27.1833 -151.48 -151.48 2 25 5
27.1833 -151.53 -151.53 2 25 5
27.1833 -151.58 -151.58 2 25 5
27.1833 -151.63 -151.63 2 25 5
27.1833 -151.68 -151.68 2 25 5
27.1833 -151.73 -151.73 2 25 5
27.1833 -151.78 -151.78 2 25 5
27.1833 -151.83 -151.83 2 25 5
27.1833 -151.88 -151.88 2 25 5
27.1833 -151.93 -151.93 2 25 5
27.1833 -151.98 -151.98 2 25 5
27.1833 -152.03 -152.03 2 25 5
27.1833 -152.08 -152.08 2 25 5
27.1833 -152.13 -152.13 2 25 5
27.1833 -152.18 -152.18 2 25 5
27.1833 -152.23 -152.23 2 25 5
27.1833 -152.28 -152.28 2 25 5
27.1833 -152.33 -152.33 2 25 5
27.1833 -152.38 -152.38 2 25 5
27.1833 -152.43 -152.43 2 25 5
27.1833 -152.48 -152.48 2 25 5
27.1833 -152.53 -152.53 2 25 5
27.1833 -152.58 -152.58 2 25 5
27.1833 -152.63 -152.63 2 25 5
27.1833 -152.68 -152.68 2 25 5
27.1833 -152.73 -152.73 2 25 5
27.1833 -152.78 -152.78 2 25 5
27.1833 -152.83 -152.83 2 25 5
27.1833 -152.88 -152.88 2 25 5
27.1833 -152.93 -152.93 2 25 5
27.1833 -152.98 -152.98 2 25 5
27.1833 -153.03 -153.03 2 25 5
27.1833 -153.08 -153.08 2 25 5
27.1833 -153.13 -153.13 2 25 5
27.1833 -153.18 -153.18 2 25 5
27.1833 -153.23 -153.23 2 25 5
27.1833 -153.28 -153.28 2 25 5
27.1833 -153.33 -153.33 2 25 5
27.1833 -153.38 -153.38 2 25 5
27.1833 -153.43 -153.43 2 25 5
27.1833 -153.48 -153.48 2 25 5
27.1833 -153.53 -153.53 2 25 5
27.1833 -153.58 -153.58 2 25 5
27.1833 -153.63 -153.63 2 25 5
27.1833 -153.68 -153.68 2 25 5
27.1833 -153.73 -153.73 2 25 5
27.1833 -153.78 -153.78 2 25 5
27.1833 -153.83 -153.83 2 25 5
27.1833 -153.88 -153.88 2 25 5
27.1833 -153.93 -153.93 2 25 5
27.1833 -153.98 -153.98 2 25 5
27.1833 -154.03 -154.03 2 25 5
27.1833 -154.08 -154.08 2 25 5
27.1833 -154.13 -154.13 2 25 5
27.1833 -154.18 -154.18 2 25 5
27.1833 -154.23 -154.23 2 25 5
27.1833 -154.28 -154.28 2 25 5
27.1833 -154.33 -154.33 2 25 5
27.1833 -154.38 -154.38 2 25 5
27.1833 -154.43 -154.43 2 25 5
27.1833 -154.48 -154.48 2 25 5
27.1833 -154.53 -154.53 2 25 5
27.1837 -154.58 -154.58 2 25 5
27.1835 -154.63 -154.63 2 25 5
27.1833 -154.68 -154.68 2 25 5
27.1832 -154.73 -154.73 2 25 5
27.1832 -154.78 -154.78 2 25 5
27.1832 -154.83 -154.83 2 25 5
27.1833 -154.88 -154.88 2 25 5
27.1833 -154.93 -154.93 2 25 5
27.1833 -154.98 -154.98 2 25 5
27.1833 -155.03 -155.03 2 25 5
27.1833 -155.08 -155.08 2 25 5
27.1833 -155.13 -155.13 2 25 5
27.1833 -155.18 -155.18 2 25 5
27.1833 -155.23 -155.23 2 25 5
27.1833 -155.28 -155.28 2 25 5
27.1833 -155.33 -155.33 2 25 5
27.1833 -155.38 -155.38 2 25 5
27.1833 -155.43 -155.43 2 25 5
27.1833 -155.48 -155.48 2 25 5
27.1833 -155.53 -155.53 2 25 5
27.1833 -155.58 -155.58 2 25 5
27.1833 -155.63 -155.63 2 25 5
27.1833 -155.68 -155.68 2 25 5
27.1833 -155.73 -155.73 2 25 5
27.1833 -155.78 -155.78 2 25 5
27.1833 -155.83 -155.83 2 25 5
27.1833 -155.88 -155.88 2 25 5
27.1833 -155.93 -155.93 2 25 5
27.1833 -155.98 -155.98 2 25 5
27.1833 -156.03 -156.03 2 25 5
27.1833 -156.08 -156.08 2 25 5
27.1833 -156.13 -156.13 2 25 5
27.1833 -156.18 -156.18 2 25 5
27.1833 -156.23 -156.23 2 25 5
27.1833 -156.28 -156.28 2 25 5
27.1833 -156.33 -156.33 2 25 5
27.1833 -156.38 -156.38 2 25 5
27.1833 -156.43 -156.43 2 25 5
27.1833 -156.48 -156.48 2 25 5
27.1833 -156.53 -156.53 2 25 5
27.1833 -156.58 -156.58 2 25 5
27.1833 -156.63 -156.63 2 25 5
27.1833 -156.68 -156.68 2 25 5
27.1833 -156.73 -156.73 2 25 5
27.1833 -156.78 -156.78 2 25 5
27.1833 -156.83 -156.83 2 25 5
27.1833 -156.88 -156.88 2 25 5
27.1833 -156.93 -156.93 2 25 5
27.1833 -156.98 -156.98 2 25 5
27.1833 -157.03 -157.03 2 25 5
27.1833 -157.08 -157.08 2 25 5
27.1833 -157.13 -157.13 2 25 5
27.1833 -157.18 -157.18 2 25 5
27.1833 -157.23 -157.23 2 25 5
27.1833 -157.28 -157.28 2 25 5
27.1833 -157.33 -157.33 2 25 5
27.1833 -157.38 -157.38 2 25 5
27.1833 -157.43 -157.43 2 25 5
27.1833 -157.48 -157.48 2 25 5
27.1833 -157.53 -157.53 2 25 5
27.1833 -157.58 -157.58 2 25 5
27.1833 -157.63 -157.63 2 25 5
27.1833 -157.68 -157.68 2 25 5
27.1833 -157.73 -157.73 2 25 5
27.1833 -157.78 -157.78 2 25 5
27.1833 -157.83 -157.83 2 25 5
27.1833 -157.88 -157.88 2 25 5
27.1833 -157.93 -157.93 2 25 5
27.183 -157.98 -157.98 2 25 5
27.1832 -158.03 -158.03 2 25 5
27.1833 -158.08 -158.08 2 25 5
27.1834 -158.13 -158.13 2 25 5
27.1834 -158.18 -158.18 2 25 5
27.1833 -158.23 -158.23 2 25 5
27.1833 -158.28 -158.28 2 25 5
27.1833 -158.33 -158.33 2 25 5
27.1833 -158.38 -158.38 2 25 5
27.1833 -158.43 -158.43 2 25 5
27.1833 -158.48 -158.48 2 25 5
27.1832 -158.53 -158.53 2 25 5
27.1832 -158.58 -158.58 2 25 5
27.1833 -158.63 -158.63 2 25 5
27.1833 -158.68 -158.68 2 25 5
27.1833 -158.73 -158.73 2 25 5
27.1833 -158.78 -158.78 2 25 5
27.1833 -158.83 -158.83 2 25 5
27.1833 -158.88 -158.88 2 25 5
27.1833 -158.93 -158.93 2 25 5
27.1833 -158.98 -158.98 2 25 5
27.1833 -159.03 -159.03 2 25 5
27.1833 -159.08 -159.08 2 25 5
27.1833 -159.13 -159.13 2 25 5
27.1833 -159.18 -159.18 2 25 5
27.1833 -159.23 -159.23 2 25 5
27.1833 -159.28 -159.28 2 25 5
27.1833 -159.33 -159.33 2 25 5
27.1833 -159.38 -159.38 2 25 5
27.1833 -159.43 -159.43 2 25 5
27.1833 -159.48 -159.48 2 25 5
27.1833 -159.53 -159.53 2 25 5
27.1833 -159.58 -159.58 2 25 5
27.1833 -159.63 -159.63 2 25 5
27.1833 -159.68 -159.68 2 25 5
27.1835 -159.73 -159.73 2 25 5
27.1834 -159.78 -159.78 2 25 5
27.1833 -159.83 -159.83 2 25 5
27.1832 -159.88 -159.88 2 25 5
27.1832 -159.93 -159.93 2 25 5
27.1833 -159.98 -159.98 2 25 5
27.1833 -160.03 -160.03 2 25 5
27.1833 -160.08 -160.08 2 25 5
27.1833 -160.13 -160.13 2 25 5
27.1833 -160.18 -160.18 2 25 5
27.1833 -160.23 -160.23 2 25 5
27.1833 -160.28 -160.28 2 25 5
27.1833 -160.33 -160.33 2 25 5
27.1833 -160.38 -160.38 2 25 5
27.1833 -160.43 -160.43 2 25 5
27.1833 -160.48 -160.48 2 25 5
27.1833 -160.53 -160.53 2 25 5
27.1833 -160.58 -160.58 2 25 5
27.1833 -160.63 -160.63 2 25 5
27.1833 -160.68 -160.68 2 25 5
27.1833 -160.73 -160.73 2 25 5
27.1833 -160.78 -160.78 2 25 5
27.1833 -160.83 -160.83 2 25 5
27.1833 -160.88 -160.88 2 25 5
27.1833 -160.93 -160.93 2 25 5
27.1833 -160.98 -160.98 2 25 5
27.1833 -161.03 -161.03 2 25 5
27.1833 -161.08 -161.08 2 25 5
27.1833 -161.13 -161.13 2 25 5
27.1833 -161.18 -161.18 2 25 5
27.1833 -161.23 -161.23 2 25 5
27.1833 -161.28 -161.28 2 25 5
27.1833 -161.33 -161.33 2 25 5
27.1833 -161.38 -161.38 2 25 5
27.1833 -161.43 -161.43 2 25 5
27.1833 -161.48 -161.48 2 25 5
27.1833 -161.53 -161.53 2 25 5
27.1833 -161.58 -161.58 2 25 5
27.1833 -161.63 -161.63 2 25 5
27.1833 -161.68 -161.68 2 25 5
27.1833 -161.73 -161.73 2 25 5
27.1833 -161.78 -161.78 2 25 5
27.1833 -161.83 -161.83 2 25 5
27.1833 -161.88 -161.88 2 25 5
27.1833 -161.93 -161.93 2 25 5
27.1833 -161.98 -161.98 2 25 5
27.1833 -162.03 -162.03 2 25 5
27.1833 -162.08 -162.08 2 25 5
27.1833 -162.13 -162.13 2 25 5
27.1833 -162.18 -162.18 2 25 5
27.1833 -162.23 -162.23 2 25 5
27.1833 -162.28 -162.28 2 25 5
27.1833 -162.33 -162.33 2 25 5
27.1833 -162.38 -162.38 2 25 5
27.1833 -162.43 -162.43 2 25 5
27.1833 -162.48 -162.48 2 25 5
27.1833 -162.53 -162.53 2 25 5
27.1833 -162.58 -162.58 2 25 5
27.1833 -162.63 -162.63 2 25 5
27.1833 -162.68 -162.68 2 25 5
27.1833 -162.73 -162.73 2 25 5
27.1833 -162.78 -162.78 2 25 5
27.1833 -162.83 -162.83 2 25 5
27.1833 -162.88 -162.88 2 25 5
27.1833 -162.93 -162.93 2 25 5
27.1833 -162.98 -162.98 2 25 5
27.1833 -163.03 -163.03 2 25 5
27.1833 -163.08 -163.08 2 25 5
27.1833 -163.13 -163.13 2 25 5
27.1833 -163.18 -163.18 2 25 5
27.1833 -163.23 -163.23 2 25 5
27.1833 -163.28 -163.28 2 25 5
27.1833 -163.33 -163.33 2 25 5
27.1833 -163.38 -163.38 2 25 5
27.1833 -163.43 -163.43 2 25 5
27.1833 -163.48 -163.48 2 25 5
27.1833 -163.53 -163.53 2 25 5
27.1833 -163.58 -163.58 2 25 5
27.1833 -163.63 -163.63 2 25 5
27.1833 -163.68 -163.68 2 25 5
27.1833 -163.73 -163.73 2 25 5
27.1833 -163.78 -163.78 2 25 5
27.1832 -163.83 -163.83 2 25 5
27.1833 -163.88 -163.88 2 25 5
27.1833 -163.93 -163.93 2 25 5
27.1833 -163.98 -163.98 2 25 5
27.1833 -164.03 -164.03 2 25 5
27.1833 -164.08 -164.08 2 25 5
27.1833 -164.13 -164.13 2 25 5
27.1833 -164.18 -164.18 2 25 5
27.1833 -164.23 -164.23 2 25 5
27.1833 -164.28 -164.28 2 25 5
27.1833 -164.33 -164.33 2 25 5
27.1833 -164.38 -164.38 2 25 5
27.1833 -164.43 -164.43 2 25 5
27.1833 -164.48 -164.48 2 25 5
27.1833 -164.53 -164.53 2 25 5
27.1833 -164.58 -164.58 2 25 5
27.1833 -164.63 -164.63 2 25 5
27.1833 -164.68 -164.68 2 25 5
27.1833 -164.73 -164.73 2 25 5
27.1833 -164.78 -164.78 2 25 5
27.1833 -164.83 -164.83 2 25 5
27.1833 -164.88 -164.88 2 25 5
27.1833 -164.93 -164.93 2 25 5
27.1833 -164.98 -164.98 2 25 5
27.1833 -165.03 -165.03 2 25 5
27.1833 -165.08 -165.08 2 25 5
27.1833 -165.13 -165.13 2 25 5
27.1833 -165.18 -165.18 2 25 5
27.1833 -165.23 -165.23 2 25 5
27.1833 -165.28 -165.28 2 25 5
27.1833 -165.33 -165.33 2 25 5
27.1833 -165.38 -165.38 2 25 5
27.1833 -165.43 -165.43 2 25 5
27.1833 -165.48 -165.48 2 25 5
27.1833 -165.53 -165.53 2 25 5
27.1833 -165.58 -165.58 2 25 5
27.1833 -165.63 -165.63 2 25 5
27.1833 -165.68 -165.68 2 25 5
27.1833 -165.73 -165.73 2 25 5
27.1833 -165.78 -165.78 2 25 5
27.1833 -165.83 -165.83 2 25 5
27.1833 -165.88 -165.88 2 25 5
27.1833 -165.93 -165.93 2 25 5
27.1833 -165.98 -165.98 2 25 5
27.1833 -166.03 -166.03 2 25 5
27.1833 -166.08 -166.08 2 25 5
27.1833 -166.13 -166.13 2 25 5
27.1833 -166.18 -166.18 2 25 5
27.1833 -166.23 -166.23 2 25 5
27.1833 -166.28 -166.28 2 25 5
27.1833 -166.33 -166.33 2 25 5
27.1833 -166.38 -166.38 2 25 5
27.1833 -166.43 -166.43 2 25 5
27.1833 -166.48 -166.48 2 25 5
27.1833 -166.53 -166.53 2 25 5
27.1834 -166.58 -166.58 2 25 5
27.1834 -166.63 -166.63 2 25 5
27.1833 -166.68 -166.68 2 25 5
27.1833 -166.73 -166.73 2 25 5
27.1833 -166.78 -166.78 2 25 5
27.1833 -166.83 -166.83 2 25 5
27.1833 -166.88 -166.88 2 25 5
27.1833 -166.93 -166.93 2 25 5
27.1833 -166.98 -166.98 2 25 5
27.1833 -167.03 -167.03 2 25 5
27.1833 -167.08 -167.08 2 25 5
27.1833 -167.13 -167.13 2 25 5
27.1833 -167.18 -167.18 2 25 5
27.1833 -167.23 -167.23 2 25 5
27.1833 -167.28 -167.28 2 25 5
27.1833 -167.33 -167.33 2 25 5
27.1833 -167.38 -167.38 2 25 5
27.1833 -167.43 -167.43 2 25 5
27.1833 -167.48 -167.48 2 25 5
27.1833 -167.53 -167.53 2 25 5
27.1833 -167.58 -167.58 2 25 5
27.1833 -167.63 -167.63 2 25 5
27.1833 -167.68 -167.68 2 25 5
27.1833 -167.73 -167.73 2 25 5
27.1833 -167.78 -167.78 2 25 5
27.1833 -167.83 -167.83 2 25 5
27.1833 -167.88 -167.88 2 25 5
27.1828 -167.93 -167.93 2 25 5
27.1831 -167.98 -167.98 2 25 5
27.1833 -168.03 -168.03 2 25 5
27.1834 -168.08 -168.08 2 25 5
27.1834 -168.13 -168.13 2 25 5
27.1833 -168.18 -168.18 2 25 5
27.1833 -168.23 -168.23 2 25 5
27.1833 -168.28 -168.28 2 25 5
27.1833 -168.33 -168.33 2 25 5
27.1833 -168.38 -168.38 2 25 5
27.1833 -168.43 -168.43 2 25 5
27.1833 -168.48 -168.48 2 25 5
27.1833 -168.53 -168.53 2 25 5
27.1833 -168.58 -168.58 2 25 5
27.1833 -168.63 -168.63 2 25 5
27.1833 -168.68 -168.68 2 25 5
27.1833 -168.73 -168.73 2 25 5
27.1833 -168.78 -168.78 2 25 5
27.1833 -168.83 -168.83 2 25 5
27.1833 -168.88 -168.88 2 25 5
27.1833 -168.93 -168.93 2 25 5
27.1833 -168.98 -168.98 2 25 5
27.1833 -169.03 -169.03 2 25 5
27.1833 -169.08 -169.08 2 25 5
27.1833 -169.13 -169.13 2 25 5
27.1833 -169.18 -169.18 2 25 5
27.1833 -169.23 -169.23 2 25 5
27.1833 -169.28 -169.28 2 25 5
27.1833 -169.33 -169.33 2 25 5
27.1833 -169.38 -169.38 2 25 5
27.1833 -169.43 -169.43 2 25 5
27.183 -169.48 -169.48 2 25 5
27.1831 -169.53 -169.53 2 25 5
27.1833 -169.58 -169.58 2 25 5
27.1834 -169.63 -169.63 2 25 5
27.1834 -169.68 -169.68 2 25 5
27.1833 -169.73 -169.73 2 25 5
27.1833 -169.78 -169.78 2 25 5
27.1833 -169.83 -169.83 2 25 5
27.1833 -169.88 -169.88 2 25 5
27.1833 -169.93 -169.93 2 25 5
27.1833 -169.98 -169.98 2 25 5
27.1833 -170.03 -170.03 2 25 5
27.1833 -170.08 -170.08 2 25 5
27.1833 -170.13 -170.13 2 25 5
27.1833 -170.18 -170.18 2 25 5
27.1833 -170.23 -170.23 2 25 5
27.1833 -170.28 -170.28 2 25 5
27.1833 -170.33 -170.33 2 25 5
27.1833 -170.38 -170.38 2 25 5
27.1833 -170.43 -170.43 2 25 5
27.1833 -170.48 -170.48 2 25 5
27.1832 -170.53 -170.53 2 25 5
27.1832 -170.58 -170.58 2 25 5
27.1833 -170.63 -170.63 2 25 5
27.1833 -170.68 -170.68 2 25 5
27.1833 -170.73 -170.73 2 25 5
27.1833 -170.78 -170.78 2 25 5
27.1833 -170.83 -170.83 2 25 5
27.1833 -170.88 -170.88 2 25 5
27.1834 -170.93 -170.93 2 25 5
27.1833 -170.98 -170.98 2 25 5
27.1833 -171.03 -171.03 2 25 5
27.1833 -171.08 -171.08 2 25 5
27.1833 -171.13 -171.13 2 25 5
27.1833 -171.18 -171.18 2 25 5
27.1833 -171.23 -171.23 2 25 5
27.1833 -171.28 -171.28 2 25 5
27.1833 -171.33 -171.33 2 25 5
27.1833 -171.38 -171.38 2 25 5
27.1833 -171.43 -171.43 2 25 5
27.1833 -171.48 -171.48 2 25 5
27.1833 -171.53 -171.53 2 25 5
27.1833 -171.58 -171.58 2 25 5
27.1833 -171.63 -171.63 2 25 5
27.1839 -171.68 -171.68 2 25 5
27.1836 -171.73 -171.73 2 25 5
27.1833 -171.78 -171.78 2 25 5
27.1831 -171.83 -171.83 2 25 5
27.1831 -171.88 -171.88 2 25 5
27.1832 -171.93 -171.93 2 25 5
27.1833 -171.98 -171.98 2 25 5
27.1833 -172.03 -172.03 2 25 5
27.1833 -172.08 -172.08 2 25 5
27.1833 -172.13 -172.13 2 25 5
27.1833 -172.18 -172.18 2 25 5
27.1833 -172.23 -172.23 2 25 5
27.1833 -172.28 -172.28 2 25 5
27.1833 -172.33 -172.33 2 25 5
27.1833 -172.38 -172.38 2 25 5
27.1833 -172.43 -172.43 2 25 5
27.1833 -172.48 -172.48 2 25 5
27.1833 -172.53 -172.53 2 25 5
27.1833 -172.58 -172.58 2 25 5
27.1833 -172.63 -172.63 2 25 5
27.1833 -172.68 -172.68 2 25 5
27.1833 -172.73 -172.73 2 25 5
27.1833 -172.78 -172.78 2 25 5
27.1833 -172.83 -172.83 2 25 5
27.1833 -172.88 -172.88 2 25 5
27.1833 -172.93 -172.93 2 25 5
27.1833 -172.98 -172.98 2 25 5
27.1833 -173.03 -173.03 2 25 5
27.1833 -173.08 -173.08 2 25 5
27.1833 -173.13 -173.13 2 25 5
27.1833 -173.18 -173.18 2 25 5
27.1829 -173.23 -173.23 2 25 5
27.1831 -173.28 -173.28 2 25 5
27.1833 -173.33 -173.33 2 25 5
27.1834 -173.38 -173.38 2 25 5
27.1834 -173.43 -173.43 2 25 5
27.1833 -173.48 -173.48 2 25 5
27.1833 -173.53 -173.53 2 25 5
27.1833 -173.58 -173.58 2 25 5
27.1833 -173.63 -173.63 2 25 5
27.1833 -173.68 -173.68 2 25 5
27.1833 -173.73 -173.73 2 25 5
27.1833 -173.78 -173.78 2 25 5
27.1833 -173.83 -173.83 2 25 5
27.1833 -173.88 -173.88 2 25 5
27.1833 -173.93 -173.93 2 25 5
27.1833 -173.98 -173.98 2 25 5
27.1833 -174.03 -174.03 2 25 5
27.1833 -174.08 -174.08 2 25 5
27.1833 -174.13 -174.13 2 25 5
27.1833 -174.18 -174.18 2 25 5
27.1833 -174.23 -174.23 2 25 5
27.1833 -174.28 -174.28 2 25 5
27.1833 -174.33 -174.33 2 25 5
27.1833 -174.38 -174.38 2 25 5
27.1833 -174.43 -174.43 2 25 5
27.1833 -174.48 -174.48 2 25 5
27.1833 -174.53 -174.53 2 25 5
27.1833 -174.58 -174.58 2 25 5
27.1833 -174.63 -174.63 2 25 5
27.1833 -174.68 -174.68 2 25 5
27.1833 -174.73 -174.73 2 25 5
27.1833 -174.78 -174.78 2 25 5
27.1833 -174.83 -174.83 2 25 5
27.1833 -174.88 -174.88 2 25 5
27.1833 -174.93 -174.93 2 25 5
27.1833 -174.98 -174.98 2 25 5
27.1833 -175.03 -175.03 2 25 5
27.1833 -175.08 -175.08 2 25 5
27.1833 -175.13 -175.13 2 25 5
27.1833 -175.18 -175.18 2 25 5
27.1833 -175.23 -175.23 2 25 5
27.1833 -175.28 -175.28 2 25 5
27.1833 -175.33 -175.33 2 25 5
27.1833 -175.38 -175.38 2 25 5
27.1833 -175.43 -175.43 2 25 5
27.1833 -175.48 -175.48 2 25 5
27.1833 -175.53 -175.53 2 25 5
27.1833 -175.58 -175.58 2 25 5
27.1833 -175.63 -175.63 2 25 5
27.1833 -175.68 -175.68 2 25 5
27.1833 -175.73 -175.73 2 25 5
27.1833 -175.78 -175.78 2 25 5
27.1833 -175.83 -175.83 2 25 5
27.1833 -175.88 -175.88 2 25 5
27.1833 -175.93 -175.93 2 25 5
27.1833 -175.98 -175.98 2 25 5
27.1833 -176.03 -176.03 2 25 5
27.1833 -176.08 -176.08 2 25 5
27.1832 -176.13 -176.13 2 25 5
27.1833 -176.18 -176.18 2 25 5
27.1833 -176.23 -176.23 2 25 5
27.1833 -176.28 -176.28 2 25 5
27.1833 -176.33 -176.33 2 25 5
27.1833 -176.38 -176.38 2 25 5
27.1833 -176.43 -176.43 2 25 5
27.1833 -176.48 -176.48 2 25 5
27.1833 -176.53 -176.53 2 25 5
27.1833 -176.58 -176.58 2 25 5
27.1833 -176.63 -176.63 2 25 5
27.1833 -176.68 -176.68 2 25 5
27.1833 -176.73 -176.73 2 25 5
27.1833 -176.78 -176.78 2 25 5
27.1833 -176.83 -176.83 2 25 5
27.1833 -176.88 -176.88 2 25 5
27.1833 -176.93 -176.93 2 25 5
27.1833 -176.98 -176.98 2 25 5
27.1833 -177.03 -177.03 2 25 5
27.1833 -177.08 -177.08 2 25 5
27.1833 -177.13 -177.13 2 25 5
27.1833 -177.18 -177.18 2 25 5
27.1833 -177.23 -177.23 2 25 5
27.1833 -177.28 -177.28 2 25 5
27.1833 -177.33 -177.33 2 25 5
27.1833 -177.38 -177.38 2 25 5
27.1833 -177.43 -177.43 2 25 5
27.1833 -177.48 -177.48 2 25 5
27.1833 -177.53 -177.53 2 25 5
27.1833 -177.58 -177.58 2 25 5
27.1833 -177.63 -177.63 2 25 5
27.1833 -177.68 -177.68 2 25 5
27.1833 -177.73 -177.73 2 25 5
27.1833 -177.78 -177.78 2 25 5
27.1833 -177.83 -177.83 2 25 5
27.1833 -177.88 -177.88 2 25 5
27.1833 -177.93 -177.93 2 25 5
27.1833 -177.98 -177.98 2 25 5
27.1833 -178.03 -178.03 2 25 5
27.1833 -178.08 -178.08 2 25 5
27.1833 -178.13 -178.13 2 25 5
27.1833 -178.18 -178.18 2 25 5
27.1833 -178.23 -178.23 2 25 5
27.1833 -178.28 -178.28 2 25 5
27.1833 -178.33 -178.33 2 25 5
27.1833 -178.38 -178.38 2 25 5
27.1833 -178.43 -178.43 2 25 5
27.1833 -178.48 -178.48 2 25 5
27.1833 -178.53 -178.53 2 25 5
27.1833 -178.58 -178.58 2 25 5
27.1833 -178.63 -178.63 2 25 5
27.1833 -178.68 -178.68 2 25 5
27.1833 -178.73 -178.73 2 25 5
27.1833 -178.78 -178.78 2 25 5
27.1833 -178.83 -178.83 2 25 5
27.1833 -178.88 -178.88 2 25 5
27.1833 -178.93 -178.93 2 25 5
27.1833 -178.98 -178.98 2 25 5
27.1833 -179.03 -179.03 2 25 5
27.1833 -179.08 -179.08 2 25 5
27.1833 -179.13 -179.13 2 25 5
27.1833 -179.18 -179.18 2 25 5
27.1833 -179.23 -179.23 2 25 5
27.1833 -179.28 -179.28 2 25 5
27.1833 -179.33 -179.33 2 25 5
27.1833 -179.38 -179.38 2 25 5
27.1833 -179.43 -179.43 2 25 5
27.1833 -179.48 -179.48 2 25 5
27.1833 -179.53 -179.53 2 25 5
27.1833 -179.58 -179.58 2 25 5
27.1833 -179.63 -179.63 2 25 5
27.1833 -179.68 -179.68 2 25 5
27.1833 -179.73 -179.73 2 25 5
27.1833 -179.78 -179.78 2 25 5
27.1833 -179.83 -179.83 2 25 5
27.1833 -179.88 -179.88 2 25 5
27.1833 -179.93 -179.93 2 25 5
27.1833 -179.98 -179.98 2 25 5
27.1833 -180.03 -180.03 2 25 5
27.1833 -180.08 -180.08 2 25 5
27.1833 -180.13 -180.13 2 25 5
27.1833 -180.18 -180.18 2 25 5
27.1833 -180.23 -180.23 2 25 5
27.1833 -180.28 -180.28 2 25 5
27.1833 -180.33 -180.33 2 25 5
27.1833 -180.38 -180.38 2 25 5
27.1833 -180.43 -180.43 2 25 5
27.1833 -180.48 -180.48 2 25 5
27.1833 -180.53 -180.53 2 25 5
27.1833 -180.58 -180.58 2 25 5
27.1833 -180.63 -180.63 2 25 5
27.1833 -180.68 -180.68 2 25 5
27.1833 -180.73 -180.73 2 25 5
27.1833 -180.78 -180.78 2 25 5
27.1833 -180.83 -180.83 2 25 5
27.1833 -180.88 -180.88 2 25 5
27.1833 -180.93 -180.93 2 25 5
27.1833 -180.98 -180.98 2 25 5
27.1833 -181.03 -181.03 2 25 5
27.1833 -181.08 -181.08 2 25 5
27.1833 -181.13 -181.13 2 25 5
27.1833 -181.18 -181.18 2 25 5
27.1833 -181.23 -181.23 2 25 5
27.1833 -181.28 -181.28 2 25 5
27.1833 -181.33 -181.33 2 25 5
27.1833 -181.38 -181.38 2 25 5
27.1833 -181.43 -181.43 2 25 5
27.1833 -181.48 -181.48 2 25 5
27.1833 -181.53 -181.53 2 25 5
27.1833 -181.58 -181.58 2 25 5
27.1833 -181.63 -181.63 2 25 5
27.1833 -181.68 -181.68 2 25 5
27.1833 -181.73 -181.73 2 25 5
27.1833 -181.78 -181.78 2 25 5
27.1833 -181.83 -181.83 2 25 5
27.1833 -181.88 -181.88 2 25 5
27.1833 -181.93 -181.93 2 25 5
27.1833 -181.98 -181.98 2 25 5
27.1833 -182.03 -182.03 2 25 5
27.1833 -182.08 -182.08 2 25 5
27.1833 -182.13 -182.13 2 25 5
27.1833 -182.18 -182.18 2 25 5
27.1833 -182.23 -182.23 2 25 5
27.1833 -182.28 -182.28 2 25 5
27.1833 -182.33 -182.33 2 25 5
27.1833 -182.38 -182.38 2 25 5
27.1833 -182.43 -182.43 2 25 5
27.1833 -182.48 -182.48 2 25 5
27.1833 -182.53 -182.53 2 25 5
27.1833 -182.58 -182.58 2 25 5
27.1833 -182.63 -182.63 2 25 5
27.1833 -182.68 -182.68 2 25 5
27.1833 -182.73 -182.73 2 25 5
27.1833 -182.78 -182.78 2 25 5
27.1833 -182.83 -182.83 2 25 5
27.1833 -182.88 -182.88 2 25 5
27.1833 -182.93 -182.93 2 25 5
27.1833 -182.98 -182.98 2 25 5
27.1833 -183.03 -183.03 2 25 5
27.1833 -183.08 -183.08 2 25 5
27.1833 -183.13 -183.13 2 25 5
27.1833 -183.18 -183.18 2 25 5
27.1833 -183.23 -183.23 2 25 5
27.1833 -183.28 -183.28 2 25 5
27.1833 -183.33 -183.33 2 25 5
27.1833 -183.38 -183.38 2 25 5
27.1833 -183.43 -183.43 2 25 5
27.1833 -183.48 -183.48 2 25 5
27.1833 -183.53 -183.53 2 25 5
27.1833 -183.58 -183.58 2 25 5
27.1833 -183.63 -183.63 2 25 5
27.1833 -183.68 -183.68 2 25 5
27.1833 -183.73 -183.73 2 25 5
27.1833 -183.78 -183.78 2 25 5
27.1833 -183.83 -183.83 2 25 5
27.1833 -183.88 -183.88 2 25 5
27.1833 -183.93 -183.93 2 25 5
27.1833 -183.98 -183.98 2 25 5
27.1833 -184.03 -184.03 2 25 5
27.1833 -184.08 -184.08 2 25 5
27.1833 -184.13 -184.13 2 25 5
27.1833 -184.18 -184.18 2 25 5
27.1833 -184.23 -184.23 2 25 5
27.1833 -184.28 -184.28 2 25 5
27.1833 -184.33 -184.33 2 25 5
27.1833 -184.38 -184.38 2 25 5
27.1833 -184.43 -184.43 2 25 5
27.1833 -184.48 -184.48 2 25 5
27.1833 -184.53 -184.53 2 25 5
27.1833 -184.58 -184.58 2 25 5
27.1833 -184.63 -184.63 2 25 5
27.1833 -184.68 -184.68 2 25 5
27.1833 -184.73 -184.73 2 25 5
27.1833 -184.78 -184.78 2 25 5
27.1833 -184.83 -184.83 2 25 5
27.1834 -184.88 -184.88 2 25 5
27.1833 -184.93 -184.93 2 25 5
27.1833 -184.98 -184.98 2 25 5
27.1833 -185.03 -185.03 2 25 5
27.1833 -185.08 -185.08 2 25 5
27.1833 -185.13 -185.13 2 25 5
27.1833 -185.18 -185.18 2 25 5
27.1833 -185.23 -185.23 2 25 5
27.1833 -185.28 -185.28 2 25 5
27.1833 -185.33 -185.33 2 25 5
27.1833 -185.38 -185.38 2 25 5
27.1833 -185.43 -185.43 2 25 5
27.1833 -185.48 -185.48 2 25 5
27.1834 -185.53 -185.53 2 25 5
27.1833 -185.58 -185.58 2 25 5
27.1833 -185.63 -185.63 2 25 5
27.1833 -185.68 -185.68 2 25 5
27.1832 -185.73 -185.73 2 25 5
27.1833 -185.78 -185.78 2 25 5
27.1833 -185.83 -185.83 2 25 5
27.1833 -185.88 -185.88 2 25 5
27.1833 -185.93 -185.93 2 25 5
27.1833 -185.98 -185.98 2 25 5
27.1833 -186.03 -186.03 2 25 5
27.1833 -186.08 -186.08 2 25 5
27.1833 -186.13 -186.13 2 25 5
27.1833 -186.18 -186.18 2 25 5
27.1833 -186.23 -186.23 2 25 5
27.1833 -186.28 -186.28 2 25 5
27.1833 -186.33 -186.33 2 25 5
27.1833 -186.38 -186.38 2 25 5
27.1833 -186.43 -186.43 2 25 5
27.1833 -186.48 -186.48 2 25 5
27.1833 -186.53 -186.53 2 25 5
27.1833 -186.58 -186.58 2 25 5
27.1833 -186.63 -186.63 2 25 5
27.1833 -186.68 -186.68 2 25 5
27.1833 -186.73 -186.73 2 25 5
27.1833 -186.78 -186.78 2 25 5
27.1833 -186.83 -186.83 2 25 5
27.1833 -186.88 -186.88 2 25 5
27.1833 -186.93 -186.93 2 25 5
27.1833 -186.98 -186.98 2 25 5
27.1833 -187.03 -187.03 2 25 5
27.1826 -187.08 -187.08 2 25 5
27.1829 -187.13 -187.13 2 25 5
27.1833 -187.18 -187.18 2 25 5
27.1835 -187.23 -187.23 2 25 5
27.1835 -187.28 -187.28 2 25 5
27.1834 -187.33 -187.33 2 25 5
27.1833 -187.38 -187.38 2 25 5
27.1832 -187.43 -187.43 2 25 5
27.1833 -187.48 -187.48 2 25 5
27.1833 -187.53 -187.53 2 25 5
27.1833 -187.58 -187.58 2 25 5
27.1833 -187.63 -187.63 2 25 5
27.1833 -187.68 -187.68 2 25 5
27.1833 -187.73 -187.73 2 25 5
27.1833 -187.78 -187.78 2 25 5
27.1833 -187.83 -187.83 2 25 5
27.1833 -187.88 -187.88 2 25 5
27.1833 -187.93 -187.93 2 25 5
27.1833 -187.98 -187.98 2 25 5
27.1833 -188.03 -188.03 2 25 5
27.1833 -188.08 -188.08 2 25 5
27.1833 -188.13 -188.13 2 25 5
27.1833 -188.18 -188.18 2 25 5
27.1833 -188.23 -188.23 2 25 5
27.1833 -188.28 -188.28 2 25 5
27.1833 -188.33 -188.33 2 25 5
27.1832 -188.38 -188.38 2 25 5
27.1833 -188.43 -188.43 2 25 5
27.1833 -188.48 -188.48 2 25 5
27.1833 -188.53 -188.53 2 25 5
27.1833 -188.58 -188.58 2 25 5
27.1833 -188.63 -188.63 2 25 5
27.1833 -188.68 -188.68 2 25 5
27.1833 -188.73 -188.73 2 25 5
27.1833 -188.78 -188.78 2 25 5
27.1833 -188.83 -188.83 2 25 5
27.1833 -188.88 -188.88 2 25 5
27.1833 -188.93 -188.93 2 25 5
27.1833 -188.98 -188.98 2 25 5
27.1833 -189.03 -189.03 2 25 5
27.1833 -189.08 -189.08 2 25 5
27.1833 -189.13 -189.13 2 25 5
27.1833 -189.18 -189.18 2 25 5
27.1833 -189.23 -189.23 2 25 5
27.1833 -189.28 -189.28 2 25 5
27.1833 -189.33 -189.33 2 25 5
27.1833 -189.38 -189.38 2 25 5
27.1833 -189.43 -189.43 2 25 5
27.1833 -189.48 -189.48 2 25 5
27.1833 -189.53 -189.53 2 25 5
27.1833 -189.58 -189.58 2 25 5
27.1833 -189.63 -189.63 2 25 5
27.1833 -189.68 -189.68 2 25 5
27.1833 -189.73 -189.73 2 25 5
27.1833 -189.78 -189.78 2 25 5
27.1833 -189.83 -189.83 2 25 5
27.1833 -189.88 -189.88 2 25 5
27.1833 -189.93 -189.93 2 25 5
27.1833 -189.98 -189.98 2 25 5
27.1834 -190.03 -190.03 2 25 5
27.1833 -190.08 -190.08 2 25 5
27.1833 -190.13 -190.13 2 25 5
27.1833 -190.18 -190.18 2 25 5
27.1833 -190.23 -190.23 2 25 5
27.1833 -190.28 -190.28 2 25 5
27.1833 -190.33 -190.33 2 25 5
27.1833 -190.38 -190.38 2 25 5
27.1833 -190.43 -190.43 2 25 5
27.1833 -190.48 -190.48 2 25 5
27.1833 -190.53 -190.53 2 25 5
27.1833 -190.58 -190.58 2 25 5
27.1833 -190.63 -190.63 2 25 5
27.1833 -190.68 -190.68 2 25 5
27.1833 -190.73 -190.73 2 25 5
27.1833 -190.78 -190.78 2 25 5
27.1833 -190.83 -190.83 2 25 5
27.1833 -190.88 -190.88 2 25 5
27.1833 -190.93 -190.93 2 25 5
27.1833 -190.98 -190.98 2 25 5
27.1833 -191.03 -191.03 2 25 5
27.1833 -191.08 -191.08 2 25 5
27.1833 -191.13 -191.13 2 25 5
27.1833 -191.18 -191.18 2 25 5
27.1833 -191.23 -191.23 2 25 5
27.1833 -191.28 -191.28 2 25 5
27.1833 -191.33 -191.33 2 25 5
27.1833 -191.38 -191.38 2 25 5
27.1833 -191.43 -191.43 2 25 5
27.1833 -191.48 -191.48 2 25 5
27.1833 -191.53 -191.53 2 25 5
27.1833 -191.58 -191.58 2 25 5
27.1833 -191.63 -191.63 2 25 5
27.1833 -191.68 -191.68 2 25 5
27.1833 -191.73 -191.73 2 25 5
27.1833 -191.78 -191.78 2 25 5
27.1833 -191.83 -191.83 2 25 5
27.1833 -191.88 -191.88 2 25 5
27.1833 -191.93 -191.93 2 25 5
27.1833 -191.98 -191.98 2 25 5
27.1833 -192.03 -192.03 2 25 5
27.1833 -192.08 -192.08 2 25 5
27.1833 -192.13 -192.13 2 25 5
27.1833 -192.18 -192.18 2 25 5
27.1833 -192.23 -192.23 2 25 5
27.1833 -192.28 -192.28 2 25 5
27.1833 -192.33 -192.33 2 25 5
27.1833 -192.38 -192.38 2 25 5
27.1833 -192.43 -192.43 2 25 5
27.1833 -192.48 -192.48 2 25 5
27.1832 -192.53 -192.53 2 25 5
27.1833 -192.58 -192.58 2 25 5
27.1833 -192.63 -192.63 2 25 5
27.1833 -192.68 -192.68 2 25 5
27.1833 -192.73 -192.73 2 25 5
27.1833 -192.78 -192.78 2 25 5
27.1833 -192.83 -192.83 2 25 5
27.1833 -192.88 -192.88 2 25 5
27.1833 -192.93 -192.93 2 25 5
27.1833 -192.98 -192.98 2 25 5
27.1833 -193.03 -193.03 2 25 5
27.1833 -193.08 -193.08 2 25 5
27.1833 -193.13 -193.13 2 25 5
27.1833 -193.18 -193.18 2 25 5
27.1833 -193.23 -193.23 2 25 5
27.1833 -193.28 -193.28 2 25 5
27.1833 -193.33 -193.33 2 25 5
27.1833 -193.38 -193.38 2 25 5
27.1833 -193.43 -193.43 2 25 5
27.1833 -193.48 -193.48 2 25 5
27.1833 -193.53 -193.53 2 25 5
27.1833 -193.58 -193.58 2 25 5
27.1833 -193.63 -193.63 2 25 5
27.1833 -193.68 -193.68 2 25 5
27.1833 -193.73 -193.73 2 25 5
27.1833 -193.78 -193.78 2 25 5
27.1833 -193.83 -193.83 2 25 5
27.1833 -193.88 -193.88 2 25 5
27.1833 -193.93 -193.93 2 25 5
27.1833 -193.98 -193.98 2 25 5
27.1833 -194.03 -194.03 2 25 5
27.1833 -194.08 -194.08 2 25 5
27.1833 -194.13 -194.13 2 25 5
27.1833 -194.18 -194.18 2 25 5
27.1833 -194.23 -194.23 2 25 5
27.1833 -194.28 -194.28 2 25 5
27.1833 -194.33 -194.33 2 25 5
27.1833 -194.38 -194.38 2 25 5
27.1833 -194.43 -194.43 2 25 5
27.1833 -194.48 -194.48 2 25 5
27.1833 -194.53 -194.53 2 25 5
27.1833 -194.58 -194.58 2 25 5
27.1833 -194.63 -194.63 2 25 5
27.1833 -194.68 -194.68 2 25 5
27.1833 -194.73 -194.73 2 25 5
27.1833 -194.78 -194.78 2 25 5
27.1833 -194.83 -194.83 2 25 5
27.1833 -194.88 -194.88 2 25 5
27.1833 -194.93 -194.93 2 25 5
27.1833 -194.98 -194.98 2 25 5
27.1833 -195.03 -195.03 2 25 5
27.1833 -195.08 -195.08 2 25 5
27.1833 -195.13 -195.13 2 25 5
27.1833 -195.18 -195.18 2 25 5
27.1833 -195.23 -195.23 2 25 5
27.1833 -195.28 -195.28 2 25 5
27.1833 -195.33 -195.33 2 25 5
27.1833 -195.38 -195.38 2 25 5
27.1833 -195.43 -195.43 2 25 5
27.1833 -195.48 -195.48 2 25 5
27.1833 -195.53 -195.53 2 25 5
27.1833 -195.58 -195.58 2 25 5
27.1833 -195.63 -195.63 2 25 5
27.1833 -195.68 -195.68 2 25 5
27.1833 -195.73 -195.73 2 25 5
27.1833 -195.78 -195.78 2 25 5
27.1833 -195.83 -195.83 2 25 5
27.1833 -195.88 -195.88 2 25 5
27.1833 -195.93 -195.93 2 25 5
27.1833 -195.98 -195.98 2 25 5
27.1833 -196.03 -196.03 2 25 5
27.1833 -196.08 -196.08 2 25 5
27.1833 -196.13 -196.13 2 25 5
27.1833 -196.18 -196.18 2 25 5
27.1833 -196.23 -196.23 2 25 5
27.1833 -196.28 -196.28 2 25 5
27.1833 -196.33 -196.33 2 25 5
27.1833 -196.38 -196.38 2 25 5
27.1833 -196.43 -196.43 2 25 5
27.1833 -196.48 -196.48 2 25 5
27.1833 -196.53 -196.53 2 25 5
27.1833 -196.58 -196.58 2 25 5
27.1832 -196.63 -196.63 2 25 5
27.1833 -196.68 -196.68 2 25 5
27.1833 -196.73 -196.73 2 25 5
27.1833 -196.78 -196.78 2 25 5
27.1833 -196.83 -196.83 2 25 5
27.1833 -196.88 -196.88 2 25 5
27.1833 -196.93 -196.93 2 25 5
27.1833 -196.98 -196.98 2 25 5
27.1833 -197.03 -197.03 2 25 5
27.1833 -197.08 -197.08 2 25 5
27.1833 -197.13 -197.13 2 25 5
27.1833 -197.18 -197.18 2 25 5
27.1833 -197.23 -197.23 2 25 5
27.1833 -197.28 -197.28 2 25 5
27.1833 -197.33 -197.33 2 25 5
27.1833 -197.38 -197.38 2 25 5
27.1833 -197.43 -197.43 2 25 5
27.1833 -197.48 -197.48 2 25 5
27.1833 -197.53 -197.53 2 25 5
27.1833 -197.58 -197.58 2 25 5
27.1833 -197.63 -197.63 2 25 5
27.1833 -197.68 -197.68 2 25 5
27.1833 -197.73 -197.73 2 25 5
27.1833 -197.78 -197.78 2 25 5
27.1833 -197.83 -197.83 2 25 5
27.1833 -197.88 -197.88 2 25 5
27.1833 -197.93 -197.93 2 25 5
27.1833 -197.98 -197.98 2 25 5
27.1833 -198.03 -198.03 2 25 5
27.1833 -198.08 -198.08 2 25 5
27.1833 -198.13 -198.13 2 25 5
27.1833 -198.18 -198.18 2 25 5
27.1833 -198.23 -198.23 2 25 5
27.1833 -198.28 -198.28 2 25 5
27.1833 -198.33 -198.33 2 25 5
27.1833 -198.38 -198.38 2 25 5
27.1833 -198.43 -198.43 2 25 5
27.1833 -198.48 -198.48 2 25 5
27.1833 -198.53 -198.53 2 25 5
27.1833 -198.58 -198.58 2 25 5
27.1832 -198.63 -198.63 2 25 5
27.1832 -198.68 -198.68 2 25 5
27.1833 -198.73 -198.73 2 25 5
27.1833 -198.78 -198.78 2 25 5
27.1833 -198.83 -198.83 2 25 5
27.1833 -198.88 -198.88 2 25 5
27.1833 -198.93 -198.93 2 25 5
27.1833 -198.98 -198.98 2 25 5
27.1832 -199.03 -199.03 2 25 5
27.1833 -199.08 -199.08 2 25 5
27.1833 -199.13 -199.13 2 25 5
27.1833 -199.18 -199.18 2 25 5
27.1833 -199.23 -199.23 2 25 5
27.1833 -199.28 -199.28 2 25 5
27.1833 -199.33 -199.33 2 25 5
27.1833 -199.38 -199.38 2 25 5
27.1784 -199.43 -199.43 2 25 5
27.1809 -199.48 -199.48 2 25 5
27.1833 -199.53 -199.53 2 25 5
27.1845 -199.58 -199.58 2 25 5
27.1845 -199.63 -199.63 2 25 5
27.1839 -199.68 -199.68 2 25 5
27.1833 -199.73 -199.73 2 25 5
27.183 -199.78 -199.78 2 25 5
27.183 -199.83 -199.83 2 25 5
27.1831 -199.88 -199.88 2 25 5
27.1833 -199.93 -199.93 2 25 5
27.1834 -199.98 -199.98 2 25 5
27.1834 -200.03 -200.03 2 25 5
27.1833 -200.08 -200.08 2 25 5
27.1833 -200.13 -200.13 2 25 5
27.1833 -200.18 -200.18 2 25 5
27.1833 -200.23 -200.23 2 25 5
27.1833 -200.28 -200.28 2 25 5
27.1833 -200.33 -200.33 2 25 5
27.1833 -200.38 -200.38 2 25 5
27.1833 -200.43 -200.43 2 25 5
27.1833 -200.48 -200.48 2 25 5
27.1833 -200.53 -200.53 2 25 5
27.1833 -200.58 -200.58 2 25 5
27.1833 -200.63 -200.63 2 25 5
27.1833 -200.68 -200.68 2 25 5
27.1833 -200.73 -200.73 2 25 5
27.1833 -200.78 -200.78 2 25 5
27.1833 -200.83 -200.83 2 25 5
27.1833 -200.88 -200.88 2 25 5
27.1833 -200.93 -200.93 2 25 5
27.1833 -200.98 -200.98 2 25 5
27.1833 -201.03 -201.03 2 25 5
27.1833 -201.08 -201.08 2 25 5
27.1833 -201.13 -201.13 2 25 5
27.1833 -201.18 -201.18 2 25 5
27.1833 -201.23 -201.23 2 25 5
27.1833 -201.28 -201.28 2 25 5
27.1833 -201.33 -201.33 2 25 5
27.1833 -201.38 -201.38 2 25 5
27.1833 -201.43 -201.43 2 25 5
27.1833 -201.48 -201.48 2 25 5
27.1833 -201.53 -201.53 2 25 5
27.1833 -201.58 -201.58 2 25 5
27.1833 -201.63 -201.63 2 25 5
27.1833 -201.68 -201.68 2 25 5
27.1833 -201.73 -201.73 2 25 5
27.1833 -201.78 -201.78 2 25 5
27.1833 -201.83 -201.83 2 25 5
27.1833 -201.88 -201.88 2 25 5
27.1833 -201.93 -201.93 2 25 5
27.1833 -201.98 -201.98 2 25 5
27.1833 -202.03 -202.03 2 25 5
27.1833 -202.08 -202.08 2 25 5
27.1833 -202.13 -202.13 2 25 5
27.1833 -202.18 -202.18 2 25 5
27.1833 -202.23 -202.23 2 25 5
27.1833 -202.28 -202.28 2 25 5
27.1832 -202.33 -202.33 2 25 5
27.1833 -202.38 -202.38 2 25 5
27.1833 -202.43 -202.43 2 25 5
27.1833 -202.48 -202.48 2 25 5
27.1833 -202.53 -202.53 2 25 5
27.1833 -202.58 -202.58 2 25 5
27.1833 -202.63 -202.63 2 25 5
27.1833 -202.68 -202.68 2 25 5
27.1833 -202.73 -202.73 2 25 5
27.1833 -202.78 -202.78 2 25 5
27.1833 -202.83 -202.83 2 25 5
27.1833 -202.88 -202.88 2 25 5
27.1833 -202.93 -202.93 2 25 5
27.1833 -202.98 -202.98 2 25 5
27.1833 -203.03 -203.03 2 25 5
27.1833 -203.08 -203.08 2 25 5
27.1833 -203.13 -203.13 2 25 5
27.1833 -203.18 -203.18 2 25 5
27.1833 -203.23 -203.23 2 25 5
27.1833 -203.28 -203.28 2 25 5
27.1833 -203.33 -203.33 2 25 5
27.1833 -203.38 -203.38 2 25 5
27.1833 -203.43 -203.43 2 25 5
27.1833 -203.48 -203.48 2 25 5
27.1833 -203.53 -203.53 2 25 5
27.1832 -203.58 -203.58 2 25 5
27.1833 -203.63 -203.63 2 25 5
27.1835 -203.68 -203.68 2 25 5
27.1834 -203.73 -203.73 2 25 5
27.1833 -203.78 -203.78 2 25 5
27.1833 -203.83 -203.83 2 25 5
27.1833 -203.88 -203.88 2 25 5
27.1833 -203.93 -203.93 2 25 5
27.1833 -203.98 -203.98 2 25 5
27.1833 -204.03 -204.03 2 25 5
27.1833 -204.08 -204.08 2 25 5
27.1833 -204.13 -204.13 2 25 5
27.1833 -204.18 -204.18 2 25 5
27.1833 -204.23 -204.23 2 25 5
27.1833 -204.28 -204.28 2 25 5
27.1833 -204.33 -204.33 2 25 5
27.1833 -204.38 -204.38 2 25 5
27.1833 -204.43 -204.43 2 25 5
27.1833 -204.48 -204.48 2 25 5
27.1833 -204.53 -204.53 2 25 5
27.1833 -204.58 -204.58 2 25 5
27.1833 -204.63 -204.63 2 25 5
27.1833 -204.68 -204.68 2 25 5
27.1833 -204.73 -204.73 2 25 5
27.1833 -204.78 -204.78 2 25 5
27.1832 -204.83 -204.83 2 25 5
27.1833 -204.88 -204.88 2 25 5
27.1833 -204.93 -204.93 2 25 5
27.1833 -204.98 -204.98 2 25 5
27.1833 -205.03 -205.03 2 25 5
27.1833 -205.08 -205.08 2 25 5
27.1833 -205.13 -205.13 2 25 5
27.1833 -205.18 -205.18 2 25 5
27.1833 -205.23 -205.23 2 25 5
27.1833 -205.28 -205.28 2 25 5
27.1833 -205.33 -205.33 2 25 5
27.1833 -205.38 -205.38 2 25 5
27.1833 -205.43 -205.43 2 25 5
27.1833 -205.48 -205.48 2 25 5
27.1833 -205.53 -205.53 2 25 5
27.1833 -205.58 -205.58 2 25 5
27.1833 -205.63 -205.63 2 25 5
27.1833 -205.68 -205.68 2 25 5
27.1833 -205.73 -205.73 2 25 5
27.1833 -205.78 -205.78 2 25 5
27.1833 -205.83 -205.83 2 25 5
27.1833 -205.88 -205.88 2 25 5
27.1833 -205.93 -205.93 2 25 5
27.1834 -205.98 -205.98 2 25 5
27.1834 -206.03 -206.03 2 25 5
27.1833 -206.08 -206.08 2 25 5
27.1833 -206.13 -206.13 2 25 5
27.1833 -206.18 -206.18 2 25 5
27.1833 -206.23 -206.23 2 25 5
27.1833 -206.28 -206.28 2 25 5
27.1833 -206.33 -206.33 2 25 5
27.1833 -206.38 -206.38 2 25 5
27.1833 -206.43 -206.43 2 25 5
27.1833 -206.48 -206.48 2 25 5
27.1833 -206.53 -206.53 2 25 5
27.1833 -206.58 -206.58 2 25 5
27.1833 -206.63 -206.63 2 25 5
27.1833 -206.68 -206.68 2 25 5
27.183 -206.73 -206.73 2 25 5
27.1831 -206.78 -206.78 2 25 5
27.1833 -206.83 -206.83 2 25 5
27.1834 -206.88 -206.88 2 25 5
27.1834 -206.93 -206.93 2 25 5
27.1833 -206.98 -206.98 2 25 5
27.1833 -207.03 -207.03 2 25 5
27.1833 -207.08 -207.08 2 25 5
27.1833 -207.13 -207.13 2 25 5
27.1833 -207.18 -207.18 2 25 5
27.1833 -207.23 -207.23 2 25 5
27.1833 -207.28 -207.28 2 25 5
27.1833 -207.33 -207.33 2 25 5
27.1833 -207.38 -207.38 2 25 5
27.1833 -207.43 -207.43 2 25 5
27.1833 -207.48 -207.48 2 25 5
27.1833 -207.53 -207.53 2 25 5
27.1833 -207.58 -207.58 2 25 5
27.1833 -207.63 -207.63 2 25 5
27.1833 -207.68 -207.68 2 25 5
27.1833 -207.73 -207.73 2 25 5
27.1833 -207.78 -207.78 2 25 5
27.1833 -207.83 -207.83 2 25 5
27.1833 -207.88 -207.88 2 25 5
27.1833 -207.93 -207.93 2 25 5
27.1835 -207.98 -207.98 2 25 5
27.1834 -208.03 -208.03 2 25 5
27.1833 -208.08 -208.08 2 25 5
27.1833 -208.13 -208.13 2 25 5
27.1833 -208.18 -208.18 2 25 5
27.1833 -208.23 -208.23 2 25 5
27.1833 -208.28 -208.28 2 25 5
27.1833 -208.33 -208.33 2 25 5
27.1833 -208.38 -208.38 2 25 5
27.1833 -208.43 -208.43 2 25 5
27.1833 -208.48 -208.48 2 25 5
27.1833 -208.53 -208.53 2 25 5
27.1833 -208.58 -208.58 2 25 5
27.1833 -208.63 -208.63 2 25 5
27.1833 -208.68 -208.68 2 25 5
27.1833 -208.73 -208.73 2 25 5
27.1833 -208.78 -208.78 2 25 5
27.1833 -208.83 -208.83 2 25 5
27.1833 -208.88 -208.88 2 25 5
27.1833 -208.93 -208.93 2 25 5
27.1833 -208.98 -208.98 2 25 5
27.1833 -209.03 -209.03 2 25 5
27.1833 -209.08 -209.08 2 25 5
27.1833 -209.13 -209.13 2 25 5
27.1834 -209.18 -209.18 2 25 5
27.1834 -209.23 -209.23 2 25 5
27.1833 -209.28 -209.28 2 25 5
27.1833 -209.33 -209.33 2 25 5
27.1833 -209.38 -209.38 2 25 5
27.1833 -209.43 -209.43 2 25 5
27.1833 -209.48 -209.48 2 25 5
27.1833 -209.53 -209.53 2 25 5
27.1833 -209.58 -209.58 2 25 5
27.1833 -209.63 -209.63 2 25 5
27.1833 -209.68 -209.68 2 25 5
27.1836 -209.73 -209.73 2 25 5
27.1834 -209.78 -209.78 2 25 5
27.1833 -209.83 -209.83 2 25 5
27.1832 -209.88 -209.88 2 25 5
27.1832 -209.93 -209.93 2 25 5
27.1833 -209.98 -209.98 2 25 5
27.1833 -210.03 -210.03 2 25 5
27.1833 -210.08 -210.08 2 25 5
27.1833 -210.13 -210.13 2 25 5
27.1833 -210.18 -210.18 2 25 5
27.1833 -210.23 -210.23 2 25 5
27.1833 -210.28 -210.28 2 25 5
27.1833 -210.33 -210.33 2 25 5
27.1833 -210.38 -210.38 2 25 5
27.1833 -210.43 -210.43 2 25 5
27.1833 -210.48 -210.48 2 25 5
27.1833 -210.53 -210.53 2 25 5
27.1833 -210.58 -210.58 2 25 5
27.1833 -210.63 -210.63 2 25 5
27.1833 -210.68 -210.68 2 25 5
27.1833 -210.73 -210.73 2 25 5
27.1833 -210.78 -210.78 2 25 5
27.1833 -210.83 -210.83 2 25 5
27.1833 -210.88 -210.88 2 25 5
27.1833 -210.93 -210.93 2 25 5
27.1833 -210.98 -210.98 2 25 5
27.1838 -211.03 -211.03 2 25 5
27.1835 -211.08 -211.08 2 25 5
27.1833 -211.13 -211.13 2 25 5
27.1832 -211.18 -211.18 2 25 5
27.1832 -211.23 -211.23 2 25 5
27.1832 -211.28 -211.28 2 25 5
27.1833 -211.33 -211.33 2 25 5
27.1833 -211.38 -211.38 2 25 5
27.1833 -211.43 -211.43 2 25 5
27.1833 -211.48 -211.48 2 25 5
27.1833 -211.53 -211.53 2 25 5
27.1833 -211.58 -211.58 2 25 5
27.1833 -211.63 -211.63 2 25 5
27.1833 -211.68 -211.68 2 25 5
27.1833 -211.73 -211.73 2 25 5
27.1833 -211.78 -211.78 2 25 5
27.1833 -211.83 -211.83 2 25 5
27.1833 -211.88 -211.88 2 25 5
27.1833 -211.93 -211.93 2 25 5
27.1833 -211.98 -211.98 2 25 5
27.1833 -212.03 -212.03 2 25 5
27.1833 -212.08 -212.08 2 25 5
27.1833 -212.13 -212.13 2 25 5
27.1833 -212.18 -212.18 2 25 5
27.1833 -212.23 -212.23 2 25 5
27.1833 -212.28 -212.28 2 25 5
27.1833 -212.33 -212.33 2 25 5
27.1833 -212.38 -212.38 2 25 5
27.1833 -212.43 -212.43 2 25 5
27.1833 -212.48 -212.48 2 25 5
27.1833 -212.53 -212.53 2 25 5
27.1833 -212.58 -212.58 2 25 5
27.1833 -212.63 -212.63 2 25 5
27.1833 -212.68 -212.68 2 25 5
27.1833 -212.73 -212.73 2 25 5
27.1833 -212.78 -212.78 2 25 5
27.1836 -212.83 -212.83 2 25 5
27.1834 -212.88 -212.88 2 25 5
27.1833 -212.93 -212.93 2 25 5
27.1832 -212.98 -212.98 2 25 5
27.1832 -213.03 -213.03 2 25 5
27.1833 -213.08 -213.08 2 25 5
27.1833 -213.13 -213.13 2 25 5
27.1833 -213.18 -213.18 2 25 5
27.1833 -213.23 -213.23 2 25 5
27.1833 -213.28 -213.28 2 25 5
27.1833 -213.33 -213.33 2 25 5
27.1833 -213.38 -213.38 2 25 5
27.1833 -213.43 -213.43 2 25 5
27.1833 -213.48 -213.48 2 25 5
27.1833 -213.53 -213.53 2 25 5
27.1833 -213.58 -213.58 2 25 5
27.1833 -213.63 -213.63 2 25 5
27.1833 -213.68 -213.68 2 25 5
27.1833 -213.73 -213.73 2 25 5
27.1833 -213.78 -213.78 2 25 5
27.1833 -213.83 -213.83 2 25 5
27.1833 -213.88 -213.88 2 25 5
27.1833 -213.93 -213.93 2 25 5
27.1833 -213.98 -213.98 2 25 5
27.1833 -214.03 -214.03 2 25 5
27.1833 -214.08 -214.08 2 25 5
27.1833 -214.13 -214.13 2 25 5
27.1833 -214.18 -214.18 2 25 5
27.1833 -214.23 -214.23 2 25 5
27.1833 -214.28 -214.28 2 25 5
27.1833 -214.33 -214.33 2 25 5
27.1833 -214.38 -214.38 2 25 5
27.1833 -214.43 -214.43 2 25 5
27.1833 -214.48 -214.48 2 25 5
27.1833 -214.53 -214.53 2 25 5
27.1833 -214.58 -214.58 2 25 5
27.183 -214.63 -214.63 2 25 5
27.1832 -214.68 -214.68 2 25 5
27.1833 -214.73 -214.73 2 25 5
27.1834 -214.78 -214.78 2 25 5
27.1834 -214.83 -214.83 2 25 5
27.1833 -214.88 -214.88 2 25 5
27.1833 -214.93 -214.93 2 25 5
27.1833 -214.98 -214.98 2 25 5
27.1834 -215.03 -215.03 2 25 5
27.1833 -215.08 -215.08 2 25 5
27.1833 -215.13 -215.13 2 25 5
27.1833 -215.18 -215.18 2 25 5
27.1831 -215.23 -215.23 2 25 5
27.1832 -215.28 -215.28 2 25 5
27.1833 -215.33 -215.33 2 25 5
27.1833 -215.38 -215.38 2 25 5
27.1833 -215.43 -215.43 2 25 5
27.1833 -215.48 -215.48 2 25 5
27.1833 -215.53 -215.53 2 25 5
27.1833 -215.58 -215.58 2 25 5
27.1833 -215.63 -215.63 2 25 5
27.1833 -215.68 -215.68 2 25 5
27.1833 -215.73 -215.73 2 25 5
27.1833 -215.78 -215.78 2 25 5
27.1833 -215.83 -215.83 2 25 5
27.1833 -215.88 -215.88 2 25 5
27.1833 -215.93 -215.93 2 25 5
27.1833 -215.98 -215.98 2 25 5
27.1833 -216.03 -216.03 2 25 5
27.1833 -216.08 -216.08 2 25 5
27.1833 -216.13 -216.13 2 25 5
27.1833 -216.18 -216.18 2 25 5
27.1833 -216.23 -216.23 2 25 5
27.1833 -216.28 -216.28 2 25 5
27.1833 -216.33 -216.33 2 25 5
27.1833 -216.38 -216.38 2 25 5
27.1833 -216.43 -216.43 2 25 5
27.1833 -216.48 -216.48 2 25 5
27.1833 -216.53 -216.53 2 25 5
27.1833 -216.58 -216.58 2 25 5
27.1833 -216.63 -216.63 2 25 5
27.1833 -216.68 -216.68 2 25 5
27.1833 -216.73 -216.73 2 25 5
27.1833 -216.78 -216.78 2 25 5
27.1833 -216.83 -216.83 2 25 5
27.1833 -216.88 -216.88 2 25 5
27.1833 -216.93 -216.93 2 25 5
27.1833 -216.98 -216.98 2 25 5
27.1833 -217.03 -217.03 2 25 5
27.1833 -217.08 -217.08 2 25 5
27.1833 -217.13 -217.13 2 25 5
27.1833 -217.18 -217.18 2 25 5
27.1833 -217.23 -217.23 2 25 5
27.1833 -217.28 -217.28 2 25 5
27.1833 -217.33 -217.33 2 25 5
27.1833 -217.38 -217.38 2 25 5
27.1833 -217.43 -217.43 2 25 5
27.1833 -217.48 -217.48 2 25 5
27.1833 -217.53 -217.53 2 25 5
27.1833 -217.58 -217.58 2 25 5
27.1833 -217.63 -217.63 2 25 5
27.1833 -217.68 -217.68 2 25 5
27.1833 -217.73 -217.73 2 25 5
27.1831 -217.78 -217.78 2 25 5
27.1832 -217.83 -217.83 2 25 5
27.1833 -217.88 -217.88 2 25 5
27.1833 -217.93 -217.93 2 25 5
27.1833 -217.98 -217.98 2 25 5
27.1833 -218.03 -218.03 2 25 5
27.1833 -218.08 -218.08 2 25 5
27.1833 -218.13 -218.13 2 25 5
27.1832 -218.18 -218.18 2 25 5
27.1833 -218.23 -218.23 2 25 5
27.1835 -218.28 -218.28 2 25 5
27.1834 -218.33 -218.33 2 25 5
27.1833 -218.38 -218.38 2 25 5
27.1833 -218.43 -218.43 2 25 5
27.1833 -218.48 -218.48 2 25 5
27.1833 -218.53 -218.53 2 25 5
27.1833 -218.58 -218.58 2 25 5
27.1833 -218.63 -218.63 2 25 5
27.1833 -218.68 -218.68 2 25 5
27.1833 -218.73 -218.73 2 25 5
27.1833 -218.78 -218.78 2 25 5
27.1833 -218.83 -218.83 2 25 5
27.1833 -218.88 -218.88 2 25 5
27.1833 -218.93 -218.93 2 25 5
27.1833 -218.98 -218.98 2 25 5
27.1833 -219.03 -219.03 2 25 5
27.1833 -219.08 -219.08 2 25 5
27.1833 -219.13 -219.13 2 25 5
27.1833 -219.18 -219.18 2 25 5
27.1832 -219.23 -219.23 2 25 5
27.1833 -219.28 -219.28 2 25 5
27.1833 -219.33 -219.33 2 25 5
27.1833 -219.38 -219.38 2 25 5
27.1833 -219.43 -219.43 2 25 5
27.1833 -219.48 -219.48 2 25 5
27.1833 -219.53 -219.53 2 25 5
27.1833 -219.58 -219.58 2 25 5
27.1833 -219.63 -219.63 2 25 5
27.1833 -219.68 -219.68 2 25 5
27.1833 -219.73 -219.73 2 25 5
27.1833 -219.78 -219.78 2 25 5
27.1832 -219.83 -219.83 2 25 5
27.1832 -219.88 -219.88 2 25 5
27.1833 -219.93 -219.93 2 25 5
27.1833 -219.98 -219.98 2 25 5
27.1833 -220.03 -220.03 2 25 5
27.1833 -220.08 -220.08 2 25 5
27.1833 -220.13 -220.13 2 25 5
27.1833 -220.18 -220.18 2 25 5
27.1833 -220.23 -220.23 2 25 5
27.1833 -220.28 -220.28 2 25 5
27.1833 -220.33 -220.33 2 25 5
27.1833 -220.38 -220.38 2 25 5
27.1833 -220.43 -220.43 2 25 5
27.1833 -220.48 -220.48 2 25 5
27.1833 -220.53 -220.53 2 25 5
27.1833 -220.58 -220.58 2 25 5
27.1833 -220.63 -220.63 2 25 5
27.1833 -220.68 -220.68 2 25 5
27.1833 -220.73 -220.73 2 25 5
27.1828 -220.78 -220.78 2 25 5
27.1831 -220.83 -220.83 2 25 5
27.1833 -220.88 -220.88 2 25 5
27.1834 -220.93 -220.93 2 25 5
27.1834 -220.98 -220.98 2 25 5
27.1834 -221.03 -221.03 2 25 5
27.1833 -221.08 -221.08 2 25 5
27.1833 -221.13 -221.13 2 25 5
27.1833 -221.18 -221.18 2 25 5
27.1833 -221.23 -221.23 2 25 5
27.1833 -221.28 -221.28 2 25 5
27.1833 -221.33 -221.33 2 25 5
27.1833 -221.38 -221.38 2 25 5
27.1833 -221.43 -221.43 2 25 5
27.1833 -221.48 -221.48 2 25 5
27.1833 -221.53 -221.53 2 25 5
27.1833 -221.58 -221.58 2 25 5
27.1834 -221.63 -221.63 2 25 5
27.1833 -221.68 -221.68 2 25 5
27.1833 -221.73 -221.73 2 25 5
27.1833 -221.78 -221.78 2 25 5
27.1833 -221.83 -221.83 2 25 5
27.1833 -221.88 -221.88 2 25 5
27.1833 -221.93 -221.93 2 25 5
27.1833 -221.98 -221.98 2 25 5
27.1833 -222.03 -222.03 2 25 5
27.1833 -222.08 -222.08 2 25 5
27.1833 -222.13 -222.13 2 25 5
27.1833 -222.18 -222.18 2 25 5
27.1833 -222.23 -222.23 2 25 5
27.1833 -222.28 -222.28 2 25 5
27.1833 -222.33 -222.33 2 25 5
27.1833 -222.38 -222.38 2 25 5
27.1833 -222.43 -222.43 2 25 5
27.1833 -222.48 -222.48 2 25 5
27.1832 -222.53 -222.53 2 25 5
27.1833 -222.58 -222.58 2 25 5
27.1834 -222.63 -222.63 2 25 5
27.1834 -222.68 -222.68 2 25 5
27.1833 -222.73 -222.73 2 25 5
27.1833 -222.78 -222.78 2 25 5
27.1833 -222.83 -222.83 2 25 5
27.1833 -222.88 -222.88 2 25 5
27.1833 -222.93 -222.93 2 25 5
27.1833 -222.98 -222.98 2 25 5
27.1833 -223.03 -223.03 2 25 5
27.1833 -223.08 -223.08 2 25 5
27.1833 -223.13 -223.13 2 25 5
27.1833 -223.18 -223.18 2 25 5
27.1834 -223.23 -223.23 2 25 5
27.1833 -223.28 -223.28 2 25 5
27.1833 -223.33 -223.33 2 25 5
27.1833 -223.38 -223.38 2 25 5
27.1833 -223.43 -223.43 2 25 5
27.1834 -223.48 -223.48 2 25 5
27.1834 -223.53 -223.53 2 25 5
27.1833 -223.58 -223.58 2 25 5
27.1833 -223.63 -223.63 2 25 5
27.1833 -223.68 -223.68 2 25 5
27.1833 -223.73 -223.73 2 25 5
27.1833 -223.78 -223.78 2 25 5
27.1833 -223.83 -223.83 2 25 5
27.1833 -223.88 -223.88 2 25 5
27.1832 -223.93 -223.93 2 25 5
27.1833 -223.98 -223.98 2 25 5
27.1833 -224.03 -224.03 2 25 5
27.1833 -224.08 -224.08 2 25 5
27.1833 -224.13 -224.13 2 25 5
27.1833 -224.18 -224.18 2 25 5
27.1833 -224.23 -224.23 2 25 5
27.1833 -224.28 -224.28 2 25 5
27.1833 -224.33 -224.33 2 25 5
27.1833 -224.38 -224.38 2 25 5
27.1833 -224.43 -224.43 2 25 5
27.1831 -224.48 -224.48 2 25 5
27.1832 -224.53 -224.53 2 25 5
27.1833 -224.58 -224.58 2 25 5
27.1833 -224.63 -224.63 2 25 5
27.1833 -224.68 -224.68 2 25 5
27.1833 -224.73 -224.73 2 25 5
27.1833 -224.78 -224.78 2 25 5
27.1833 -224.83 -224.83 2 25 5
27.1832 -224.88 -224.88 2 25 5
27.1833 -224.93 -224.93 2 25 5
27.1833 -224.98 -224.98 2 25 5
27.1833 -225.03 -225.03 2 25 5
27.1833 -225.08 -225.08 2 25 5
27.1833 -225.13 -225.13 2 25 5
27.1833 -225.18 -225.18 2 25 5
27.1833 -225.23 -225.23 2 25 5
27.1833 -225.28 -225.28 2 25 5
27.1833 -225.33 -225.33 2 25 5
27.1833 -225.38 -225.38 2 25 5
27.1832 -225.43 -225.43 2 25 5
27.1833 -225.48 -225.48 2 25 5
27.1834 -225.53 -225.53 2 25 5
27.1834 -225.58 -225.58 2 25 5
27.1833 -225.63 -225.63 2 25 5
27.1833 -225.68 -225.68 2 25 5
27.1833 -225.73 -225.73 2 25 5
27.1833 -225.78 -225.78 2 25 5
27.1833 -225.83 -225.83 2 25 5
27.1833 -225.88 -225.88 2 25 5
27.1833 -225.93 -225.93 2 25 5
27.1833 -225.98 -225.98 2 25 5
27.1833 -226.03 -226.03 2 25 5
27.1833 -226.08 -226.08 2 25 5
27.1833 -226.13 -226.13 2 25 5
27.1833 -226.18 -226.18 2 25 5
27.1833 -226.23 -226.23 2 25 5
27.1833 -226.28 -226.28 2 25 5
27.1833 -226.33 -226.33 2 25 5
27.1834 -226.38 -226.38 2 25 5
27.1834 -226.43 -226.43 2 25 5
27.1833 -226.48 -226.48 2 25 5
27.1833 -226.53 -226.53 2 25 5
27.1833 -226.58 -226.58 2 25 5
27.1833 -226.63 -226.63 2 25 5
27.1833 -226.68 -226.68 2 25 5
27.1833 -226.73 -226.73 2 25 5
27.1833 -226.78 -226.78 2 25 5
27.1833 -226.83 -226.83 2 25 5
27.1833 -226.88 -226.88 2 25 5
27.1833 -226.93 -226.93 2 25 5
27.1833 -226.98 -226.98 2 25 5
27.1833 -227.03 -227.03 2 25 5
27.1833 -227.08 -227.08 2 25 5
27.1834 -227.13 -227.13 2 25 5
27.1833 -227.18 -227.18 2 25 5
27.1833 -227.23 -227.23 2 25 5
27.1833 -227.28 -227.28 2 25 5
27.1833 -227.33 -227.33 2 25 5
27.1835 -227.38 -227.38 2 25 5
27.1834 -227.43 -227.43 2 25 5
27.1833 -227.48 -227.48 2 25 5
27.1833 -227.53 -227.53 2 25 5
27.1833 -227.58 -227.58 2 25 5
27.1828 -227.63 -227.63 2 25 5
27.183 -227.68 -227.68 2 25 5
27.1833 -227.73 -227.73 2 25 5
27.1834 -227.78 -227.78 2 25 5
27.1834 -227.83 -227.83 2 25 5
27.1834 -227.88 -227.88 2 25 5
27.1833 -227.93 -227.93 2 25 5
27.1833 -227.98 -227.98 2 25 5
27.1833 -228.03 -228.03 2 25 5
27.1833 -228.08 -228.08 2 25 5
27.1831 -228.13 -228.13 2 25 5
27.1832 -228.18 -228.18 2 25 5
27.1833 -228.23 -228.23 2 25 5
27.1834 -228.28 -228.28 2 25 5
27.1833 -228.33 -228.33 2 25 5
27.1833 -228.38 -228.38 2 25 5
27.1833 -228.43 -228.43 2 25 5
27.1833 -228.48 -228.48 2 25 5
27.1832 -228.53 -228.53 2 25 5
27.1833 -228.58 -228.58 2 25 5
27.1833 -228.63 -228.63 2 25 5
27.1833 -228.68 -228.68 2 25 5
27.1833 -228.73 -228.73 2 25 5
27.1833 -228.78 -228.78 2 25 5
27.1833 -228.83 -228.83 2 25 5
27.1833 -228.88 -228.88 2 25 5
27.1833 -228.93 -228.93 2 25 5
27.1833 -228.98 -228.98 2 25 5
27.1833 -229.03 -229.03 2 25 5
27.1832 -229.08 -229.08 2 25 5
27.1833 -229.13 -229.13 2 25 5
27.1835 -229.18 -229.18 2 25 5
27.1834 -229.23 -229.23 2 25 5
27.1833 -229.28 -229.28 2 25 5
27.1833 -229.33 -229.33 2 25 5
27.1833 -229.38 -229.38 2 25 5
27.1833 -229.43 -229.43 2 25 5
27.1833 -229.48 -229.48 2 25 5
27.1833 -229.53 -229.53 2 25 5
27.1833 -229.58 -229.58 2 25 5
27.1833 -229.63 -229.63 2 25 5
27.1833 -229.68 -229.68 2 25 5
27.1833 -229.73 -229.73 2 25 5
27.1833 -229.78 -229.78 2 25 5
27.1833 -229.83 -229.83 2 25 5
27.1833 -229.88 -229.88 2 25 5
27.1833 -229.93 -229.93 2 25 5
27.1833 -229.98 -229.98 2 25 5
27.1833 -230.03 -230.03 2 25 5
27.1832 -230.08 -230.08 2 25 5
27.1832 -230.13 -230.13 2 25 5
27.1833 -230.18 -230.18 2 25 5
27.1833 -230.23 -230.23 2 25 5
27.1833 -230.28 -230.28 2 25 5
27.1833 -230.33 -230.33 2 25 5
27.1833 -230.38 -230.38 2 25 5
27.1833 -230.43 -230.43 2 25 5
27.1832 -230.48 -230.48 2 25 5
27.1833 -230.53 -230.53 2 25 5
27.1833 -230.58 -230.58 2 25 5
27.1833 -230.63 -230.63 2 25 5
27.1833 -230.68 -230.68 2 25 5
27.1833 -230.73 -230.73 2 25 5
27.1833 -230.78 -230.78 2 25 5
27.1833 -230.83 -230.83 2 25 5
27.1833 -230.88 -230.88 2 25 5
27.1833 -230.93 -230.93 2 25 5
27.1833 -230.98 -230.98 2 25 5
27.183 -231.03 -231.03 2 25 5
27.1832 -231.08 -231.08 2 25 5
27.1833 -231.13 -231.13 2 25 5
27.1834 -231.18 -231.18 2 25 5
27.1834 -231.23 -231.23 2 25 5
27.1833 -231.28 -231.28 2 25 5
27.1833 -231.33 -231.33 2 25 5
27.1833 -231.38 -231.38 2 25 5
27.1832 -231.43 -231.43 2 25 5
27.1833 -231.48 -231.48 2 25 5
27.1833 -231.53 -231.53 2 25 5
27.1833 -231.58 -231.58 2 25 5
27.1833 -231.63 -231.63 2 25 5
27.1833 -231.68 -231.68 2 25 5
27.1833 -231.73 -231.73 2 25 5
27.1833 -231.78 -231.78 2 25 5
27.1833 -231.83 -231.83 2 25 5
27.1833 -231.88 -231.88 2 25 5
27.1833 -231.93 -231.93 2 25 5
27.1833 -231.98 -231.98 2 25 5
27.1833 -232.03 -232.03 2 25 5
27.1833 -232.08 -232.08 2 25 5
27.1833 -232.13 -232.13 2 25 5
27.1833 -232.18 -232.18 2 25 5
27.1833 -232.23 -232.23 2 25 5
27.1833 -232.28 -232.28 2 25 5
27.1833 -232.33 -232.33 2 25 5
27.1833 -232.38 -232.38 2 25 5
27.1833 -232.43 -232.43 2 25 5
27.1833 -232.48 -232.48 2 25 5
27.1833 -232.53 -232.53 2 25 5
27.1833 -232.58 -232.58 2 25 5
27.1833 -232.63 -232.63 2 25 5
27.1833 -232.68 -232.68 2 25 5
27.1833 -232.73 -232.73 2 25 5
27.1833 -232.78 -232.78 2 25 5
27.1833 -232.83 -232.83 2 25 5
27.1833 -232.88 -232.88 2 25 5
27.1833 -232.93 -232.93 2 25 5
27.1832 -232.98 -232.98 2 25 5
27.1833 -233.03 -233.03 2 25 5
27.1833 -233.08 -233.08 2 25 5
27.1833 -233.13 -233.13 2 25 5
27.1833 -233.18 -233.18 2 25 5
27.1833 -233.23 -233.23 2 25 5
27.1833 -233.28 -233.28 2 25 5
27.1833 -233.33 -233.33 2 25 5
27.1833 -233.38 -233.38 2 25 5
27.1833 -233.43 -233.43 2 25 5
27.1832 -233.48 -233.48 2 25 5
27.1833 -233.53 -233.53 2 25 5
27.1833 -233.58 -233.58 2 25 5
27.1833 -233.63 -233.63 2 25 5
27.1833 -233.68 -233.68 2 25 5
27.1833 -233.73 -233.73 2 25 5
27.1833 -233.78 -233.78 2 25 5
27.1833 -233.83 -233.83 2 25 5
27.1833 -233.88 -233.88 2 25 5
27.1833 -233.93 -233.93 2 25 5
27.1833 -233.98 -233.98 2 25 5
27.1833 -234.03 -234.03 2 25 5
27.1834 -234.08 -234.08 2 25 5
27.1834 -234.13 -234.13 2 25 5
27.1833 -234.18 -234.18 2 25 5
27.1833 -234.23 -234.23 2 25 5
27.1832 -234.28 -234.28 2 25 5
27.1833 -234.33 -234.33 2 25 5
27.1833 -234.38 -234.38 2 25 5
27.1833 -234.43 -234.43 2 25 5
27.1833 -234.48 -234.48 2 25 5
27.1833 -234.53 -234.53 2 25 5
27.1833 -234.58 -234.58 2 25 5
27.1833 -234.63 -234.63 2 25 5
27.1833 -234.68 -234.68 2 25 5
27.1833 -234.73 -234.73 2 25 5
27.1833 -234.78 -234.78 2 25 5
27.1833 -234.83 -234.83 2 25 5
27.1833 -234.88 -234.88 2 25 5
27.1832 -234.93 -234.93 2 25 5
27.1833 -234.98 -234.98 2 25 5
27.1833 -235.03 -235.03 2 25 5
27.1833 -235.08 -235.08 2 25 5
27.1833 -235.13 -235.13 2 25 5
27.1833 -235.18 -235.18 2 25 5
27.1833 -235.23 -235.23 2 25 5
27.1833 -235.28 -235.28 2 25 5
27.1833 -235.33 -235.33 2 25 5
27.1833 -235.38 -235.38 2 25 5
27.1833 -235.43 -235.43 2 25 5
27.1833 -235.48 -235.48 2 25 5
27.1833 -235.53 -235.53 2 25 5
27.1833 -235.58 -235.58 2 25 5
27.1833 -235.63 -235.63 2 25 5
27.1833 -235.68 -235.68 2 25 5
27.1833 -235.73 -235.73 2 25 5
27.1833 -235.78 -235.78 2 25 5
27.1834 -235.83 -235.83 2 25 5
27.1834 -235.88 -235.88 2 25 5
27.1833 -235.93 -235.93 2 25 5
27.1833 -235.98 -235.98 2 25 5
27.1802 -236.03 -236.03 2 25 5
27.1818 -236.08 -236.08 2 25 5
27.1833 -236.13 -236.13 2 25 5
27.1841 -236.18 -236.18 2 25 5
27.1841 -236.23 -236.23 2 25 5
27.1837 -236.28 -236.28 2 25 5
27.1833 -236.33 -236.33 2 25 5
27.1831 -236.38 -236.38 2 25 5
27.1831 -236.43 -236.43 2 25 5
27.1832 -236.48 -236.48 2 25 5
27.1833 -236.53 -236.53 2 25 5
27.1834 -236.58 -236.58 2 25 5
27.1833 -236.63 -236.63 2 25 5
27.1833 -236.68 -236.68 2 25 5
27.1833 -236.73 -236.73 2 25 5
27.1833 -236.78 -236.78 2 25 5
27.1833 -236.83 -236.83 2 25 5
27.1833 -236.88 -236.88 2 25 5
27.1833 -236.93 -236.93 2 25 5
27.1833 -236.98 -236.98 2 25 5
27.1833 -237.03 -237.03 2 25 5
27.1833 -237.08 -237.08 2 25 5
27.1833 -237.13 -237.13 2 25 5
27.1833 -237.18 -237.18 2 25 5
27.1834 -237.23 -237.23 2 25 5
27.1834 -237.28 -237.28 2 25 5
27.1833 -237.33 -237.33 2 25 5
27.1833 -237.38 -237.38 2 25 5
27.1833 -237.43 -237.43 2 25 5
27.1833 -237.48 -237.48 2 25 5
27.1833 -237.53 -237.53 2 25 5
27.1833 -237.58 -237.58 2 25 5
27.1833 -237.63 -237.63 2 25 5
27.1833 -237.68 -237.68 2 25 5
27.1832 -237.73 -237.73 2 25 5
27.1833 -237.78 -237.78 2 25 5
27.1833 -237.83 -237.83 2 25 5
27.1833 -237.88 -237.88 2 25 5
27.1833 -237.93 -237.93 2 25 5
27.1833 -237.98 -237.98 2 25 5
27.1833 -238.03 -238.03 2 25 5
27.1833 -238.08 -238.08 2 25 5
27.1833 -238.13 -238.13 2 25 5
27.1833 -238.18 -238.18 2 25 5
27.1835 -238.23 -238.23 2 25 5
27.1834 -238.28 -238.28 2 25 5
27.1833 -238.33 -238.33 2 25 5
27.1833 -238.38 -238.38 2 25 5
27.1833 -238.43 -238.43 2 25 5
27.1833 -238.48 -238.48 2 25 5
27.1833 -238.53 -238.53 2 25 5
27.1833 -238.58 -238.58 2 25 5
27.1833 -238.63 -238.63 2 25 5
27.1833 -238.68 -238.68 2 25 5
27.1833 -238.73 -238.73 2 25 5
27.1833 -238.78 -238.78 2 25 5
27.1833 -238.83 -238.83 2 25 5
27.1833 -238.88 -238.88 2 25 5
27.1833 -238.93 -238.93 2 25 5
27.1833 -238.98 -238.98 2 25 5
27.1833 -239.03 -239.03 2 25 5
27.1833 -239.08 -239.08 2 25 5
27.1833 -239.13 -239.13 2 25 5
27.1833 -239.18 -239.18 2 25 5
27.1833 -239.23 -239.23 2 25 5
27.1833 -239.28 -239.28 2 25 5
27.1833 -239.33 -239.33 2 25 5
27.1833 -239.38 -239.38 2 25 5
27.1833 -239.43 -239.43 2 25 5
27.1833 -239.48 -239.48 2 25 5
27.1833 -239.53 -239.53 2 25 5
27.1833 -239.58 -239.58 2 25 5
27.1833 -239.63 -239.63 2 25 5
27.1833 -239.68 -239.68 2 25 5
27.1833 -239.73 -239.73 2 25 5
27.1833 -239.78 -239.78 2 25 5
27.1833 -239.83 -239.83 2 25 5
27.1833 -239.88 -239.88 2 25 5
27.1833 -239.93 -239.93 2 25 5
27.1833 -239.98 -239.98 2 25 5
27.1833 -240.03 -240.03 2 25 5
27.1833 -240.08 -240.08 2 25 5
27.1833 -240.13 -240.13 2 25 5
27.1833 -240.18 -240.18 2 25 5
27.1833 -240.23 -240.23 2 25 5
27.1833 -240.28 -240.28 2 25 5
27.1833 -240.33 -240.33 2 25 5
27.1833 -240.38 -240.38 2 25 5
27.1833 -240.43 -240.43 2 25 5
27.1833 -240.48 -240.48 2 25 5
27.1833 -240.53 -240.53 2 25 5
27.1833 -240.58 -240.58 2 25 5
27.1833 -240.63 -240.63 2 25 5
27.1833 -240.68 -240.68 2 25 5
27.1833 -240.73 -240.73 2 25 5
27.1833 -240.78 -240.78 2 25 5
27.1833 -240.83 -240.83 2 25 5
27.1833 -240.88 -240.88 2 25 5
27.1833 -240.93 -240.93 2 25 5
27.1831 -240.98 -240.98 2 25 5
27.1832 -241.03 -241.03 2 25 5
27.1833 -241.08 -241.08 2 25 5
27.1834 -241.13 -241.13 2 25 5
27.1834 -241.18 -241.18 2 25 5
27.1833 -241.23 -241.23 2 25 5
27.1833 -241.28 -241.28 2 25 5
27.1833 -241.33 -241.33 2 25 5
27.1832 -241.38 -241.38 2 25 5
27.1833 -241.43 -241.43 2 25 5
27.1833 -241.48 -241.48 2 25 5
27.1833 -241.53 -241.53 2 25 5
27.1833 -241.58 -241.58 2 25 5
27.1833 -241.63 -241.63 2 25 5
27.1833 -241.68 -241.68 2 25 5
27.1833 -241.73 -241.73 2 25 5
27.1833 -241.78 -241.78 2 25 5
27.1833 -241.83 -241.83 2 25 5
27.1833 -241.88 -241.88 2 25 5
27.1831 -241.93 -241.93 2 25 5
27.1832 -241.98 -241.98 2 25 5
27.1833 -242.03 -242.03 2 25 5
27.1834 -242.08 -242.08 2 25 5
27.1834 -242.13 -242.13 2 25 5
27.1833 -242.18 -242.18 2 25 5
27.1833 -242.23 -242.23 2 25 5
27.1833 -242.28 -242.28 2 25 5
27.1832 -242.33 -242.33 2 25 5
27.1833 -242.38 -242.38 2 25 5
27.1833 -242.43 -242.43 2 25 5
27.1832 -242.48 -242.48 2 25 5
27.1833 -242.53 -242.53 2 25 5
27.1833 -242.58 -242.58 2 25 5
27.1833 -242.63 -242.63 2 25 5
27.1833 -242.68 -242.68 2 25 5
27.1833 -242.73 -242.73 2 25 5
27.1833 -242.78 -242.78 2 25 5
27.1833 -242.83 -242.83 2 25 5
27.1833 -242.88 -242.88 2 25 5
27.184 -242.93 -242.93 2 25 5
27.1837 -242.98 -242.98 2 25 5
27.1833 -243.03 -243.03 2 25 5
27.1831 -243.08 -243.08 2 25 5
27.1831 -243.13 -243.13 2 25 5
27.1832 -243.18 -243.18 2 25 5
27.1833 -243.23 -243.23 2 25 5
27.1833 -243.28 -243.28 2 25 5
27.1833 -243.33 -243.33 2 25 5
27.1833 -243.38 -243.38 2 25 5
27.1833 -243.43 -243.43 2 25 5
27.1833 -243.48 -243.48 2 25 5
27.1833 -243.53 -243.53 2 25 5
27.1834 -243.58 -243.58 2 25 5
27.1834 -243.63 -243.63 2 25 5
27.1833 -243.68 -243.68 2 25 5
27.1833 -243.73 -243.73 2 25 5
27.1832 -243.78 -243.78 2 25 5
27.1833 -243.83 -243.83 2 25 5
27.1833 -243.88 -243.88 2 25 5
27.1833 -243.93 -243.93 2 25 5
27.1833 -243.98 -243.98 2 25 5
27.1833 -244.03 -244.03 2 25 5
27.1833 -244.08 -244.08 2 25 5
27.1833 -244.13 -244.13 2 25 5
27.1833 -244.18 -244.18 2 25 5
27.1833 -244.23 -244.23 2 25 5
27.1833 -244.28 -244.28 2 25 5
27.1833 -244.33 -244.33 2 25 5
27.1833 -244.38 -244.38 2 25 5
27.1831 -244.43 -244.43 2 25 5
27.1832 -244.48 -244.48 2 25 5
27.1833 -244.53 -244.53 2 25 5
27.1834 -244.58 -244.58 2 25 5
27.1834 -244.63 -244.63 2 25 5
27.1833 -244.68 -244.68 2 25 5
27.1833 -244.73 -244.73 2 25 5
27.1833 -244.78 -244.78 2 25 5
27.1832 -244.83 -244.83 2 25 5
27.1833 -244.88 -244.88 2 25 5
27.1833 -244.93 -244.93 2 25 5
27.1833 -244.98 -244.98 2 25 5
27.1833 -245.03 -245.03 2 25 5
27.1833 -245.08 -245.08 2 25 5
27.1833 -245.13 -245.13 2 25 5
27.1833 -245.18 -245.18 2 25 5
27.1833 -245.23 -245.23 2 25 5
27.1833 -245.28 -245.28 2 25 5
27.1833 -245.33 -245.33 2 25 5
27.1833 -245.38 -245.38 2 25 5
27.1836 -245.43 -245.43 2 25 5
27.1835 -245.48 -245.48 2 25 5
27.1833 -245.53 -245.53 2 25 5
27.1832 -245.58 -245.58 2 25 5
27.1833 -245.63 -245.63 2 25 5
27.1833 -245.68 -245.68 2 25 5
27.1833 -245.73 -245.73 2 25 5
27.1833 -245.78 -245.78 2 25 5
27.1833 -245.83 -245.83 2 25 5
27.1833 -245.88 -245.88 2 25 5
27.1833 -245.93 -245.93 2 25 5
27.1833 -245.98 -245.98 2 25 5
27.1833 -246.03 -246.03 2 25 5
27.1833 -246.08 -246.08 2 25 5
27.1833 -246.13 -246.13 2 25 5
27.1833 -246.18 -246.18 2 25 5
27.1833 -246.23 -246.23 2 25 5
27.1833 -246.28 -246.28 2 25 5
27.1833 -246.33 -246.33 2 25 5
27.1833 -246.38 -246.38 2 25 5
27.1833 -246.43 -246.43 2 25 5
27.1828 -246.48 -246.48 2 25 5
27.1831 -246.53 -246.53 2 25 5
27.1833 -246.58 -246.58 2 25 5
27.1834 -246.63 -246.63 2 25 5
27.1834 -246.68 -246.68 2 25 5
27.1834 -246.73 -246.73 2 25 5
27.1833 -246.78 -246.78 2 25 5
27.1833 -246.83 -246.83 2 25 5
27.1833 -246.88 -246.88 2 25 5
27.1833 -246.93 -246.93 2 25 5
27.1833 -246.98 -246.98 2 25 5
27.1833 -247.03 -247.03 2 25 5
27.1833 -247.08 -247.08 2 25 5
27.1832 -247.13 -247.13 2 25 5
27.1833 -247.18 -247.18 2 25 5
27.1833 -247.23 -247.23 2 25 5
27.1833 -247.28 -247.28 2 25 5
27.1833 -247.33 -247.33 2 25 5
27.1833 -247.38 -247.38 2 25 5
27.1833 -247.43 -247.43 2 25 5
27.1833 -247.48 -247.48 2 25 5
27.1833 -247.53 -247.53 2 25 5
27.1833 -247.58 -247.58 2 25 5
27.1833 -247.63 -247.63 2 25 5
27.1832 -247.68 -247.68 2 25 5
27.1833 -247.73 -247.73 2 25 5
27.1833 -247.78 -247.78 2 25 5
27.1833 -247.83 -247.83 2 25 5
27.1833 -247.88 -247.88 2 25 5
27.1833 -247.93 -247.93 2 25 5
27.1833 -247.98 -247.98 2 25 5
27.1833 -248.03 -248.03 2 25 5
27.1833 -248.08 -248.08 2 25 5
27.1832 -248.13 -248.13 2 25 5
27.1833 -248.18 -248.18 2 25 5
27.1833 -248.23 -248.23 2 25 5
27.1833 -248.28 -248.28 2 25 5
27.1833 -248.33 -248.33 2 25 5
27.1833 -248.38 -248.38 2 25 5
27.1833 -248.43 -248.43 2 25 5
27.1833 -248.48 -248.48 2 25 5
27.1833 -248.53 -248.53 2 25 5
27.1832 -248.58 -248.58 2 25 5
27.1833 -248.63 -248.63 2 25 5
27.1833 -248.68 -248.68 2 25 5
27.1833 -248.73 -248.73 2 25 5
27.1833 -248.78 -248.78 2 25 5
27.1832 -248.83 -248.83 2 25 5
27.1833 -248.88 -248.88 2 25 5
27.1828 -248.93 -248.93 2 25 5
27.1831 -248.98 -248.98 2 25 5
27.1833 -249.03 -249.03 2 25 5
27.1834 -249.08 -249.08 2 25 5
27.1834 -249.13 -249.13 2 25 5
27.1834 -249.18 -249.18 2 25 5
27.1833 -249.23 -249.23 2 25 5
27.1833 -249.28 -249.28 2 25 5
27.1833 -249.33 -249.33 2 25 5
27.1833 -249.38 -249.38 2 25 5
27.1833 -249.43 -249.43 2 25 5
27.1833 -249.48 -249.48 2 25 5
27.1833 -249.53 -249.53 2 25 5
27.1833 -249.58 -249.58 2 25 5
27.1832 -249.63 -249.63 2 25 5
27.1833 -249.68 -249.68 2 25 5
27.1834 -249.73 -249.73 2 25 5
27.1834 -249.78 -249.78 2 25 5
27.1833 -249.83 -249.83 2 25 5
27.1833 -249.88 -249.88 2 25 5
27.1833 -249.93 -249.93 2 25 5
27.1833 -249.98 -249.98 2 25 5
27.1834 -250.03 -250.03 2 25 5
27.1833 -250.08 -250.08 2 25 5
27.1833 -250.13 -250.13 2 25 5
27.1833 -250.18 -250.18 2 25 5
27.1833 -250.23 -250.23 2 25 5
27.1833 -250.28 -250.28 2 25 5
27.1834 -250.33 -250.33 2 25 5
27.1833 -250.38 -250.38 2 25 5
27.1833 -250.43 -250.43 2 25 5
27.1833 -250.48 -250.48 2 25 5
27.1833 -250.53 -250.53 2 25 5
27.1833 -250.58 -250.58 2 25 5
27.1833 -250.63 -250.63 2 25 5
27.1833 -250.68 -250.68 2 25 5
27.1833 -250.73 -250.73 2 25 5
27.1833 -250.78 -250.78 2 25 5
27.1833 -250.83 -250.83 2 25 5
27.1833 -250.88 -250.88 2 25 5
27.1832 -250.93 -250.93 2 25 5
27.1833 -250.98 -250.98 2 25 5
27.1833 -251.03 -251.03 2 25 5
27.1833 -251.08 -251.08 2 25 5
27.1833 -251.13 -251.13 2 25 5
27.1833 -251.18 -251.18 2 25 5
27.1833 -251.23 -251.23 2 25 5
27.1833 -251.28 -251.28 2 25 5
27.1833 -251.33 -251.33 2 25 5
27.1833 -251.38 -251.38 2 25 5
27.1833 -251.43 -251.43 2 25 5
27.1833 -251.48 -251.48 2 25 5
27.1833 -251.53 -251.53 2 25 5
27.1833 -251.58 -251.58 2 25 5
27.1832 -251.63 -251.63 2 25 5
27.1833 -251.68 -251.68 2 25 5
27.1833 -251.73 -251.73 2 25 5
27.1833 -251.78 -251.78 2 25 5
27.1833 -251.83 -251.83 2 25 5
27.1833 -251.88 -251.88 2 25 5
27.1833 -251.93 -251.93 2 25 5
27.1833 -251.98 -251.98 2 25 5
27.1833 -252.03 -252.03 2 25 5
27.1832 -252.08 -252.08 2 25 5
27.1833 -252.13 -252.13 2 25 5
27.1833 -252.18 -252.18 2 25 5
27.1833 -252.23 -252.23 2 25 5
27.1833 -252.28 -252.28 2 25 5
27.1833 -252.33 -252.33 2 25 5
27.1833 -252.38 -252.38 2 25 5
27.1833 -252.43 -252.43 2 25 5
27.1833 -252.48 -252.48 2 25 5
27.1833 -252.53 -252.53 2 25 5
27.1833 -252.58 -252.58 2 25 5
27.1833 -252.63 -252.63 2 25 5
27.1833 -252.68 -252.68 2 25 5
27.1833 -252.73 -252.73 2 25 5
27.1833 -252.78 -252.78 2 25 5
27.1833 -252.83 -252.83 2 25 5
27.1833 -252.88 -252.88 2 25 5
27.1833 -252.93 -252.93 2 25 5
27.1833 -252.98 -252.98 2 25 5
27.1833 -253.03 -253.03 2 25 5
27.1833 -253.08 -253.08 2 25 5
27.1833 -253.13 -253.13 2 25 5
27.1833 -253.18 -253.18 2 25 5
27.1831 -253.23 -253.23 2 25 5
27.1832 -253.28 -253.28 2 25 5
27.1833 -253.33 -253.33 2 25 5
27.1834 -253.38 -253.38 2 25 5
27.1834 -253.43 -253.43 2 25 5
27.1833 -253.48 -253.48 2 25 5
27.1833 -253.53 -253.53 2 25 5
27.1833 -253.58 -253.58 2 25 5
27.1832 -253.63 -253.63 2 25 5
27.1833 -253.68 -253.68 2 25 5
27.1833 -253.73 -253.73 2 25 5
27.1833 -253.78 -253.78 2 25 5
27.1833 -253.83 -253.83 2 25 5
27.1833 -253.88 -253.88 2 25 5
27.1833 -253.93 -253.93 2 25 5
27.1833 -253.98 -253.98 2 25 5
27.1833 -254.03 -254.03 2 25 5
27.1833 -254.08 -254.08 2 25 5
27.1833 -254.13 -254.13 2 25 5
27.1834 -254.18 -254.18 2 25 5
27.1834 -254.23 -254.23 2 25 5
27.1833 -254.28 -254.28 2 25 5
27.1833 -254.33 -254.33 2 25 5
27.1833 -254.38 -254.38 2 25 5
27.1834 -254.43 -254.43 2 25 5
27.1834 -254.48 -254.48 2 25 5
27.1833 -254.53 -254.53 2 25 5
27.1833 -254.58 -254.58 2 25 5
27.1832 -254.63 -254.63 2 25 5
27.1833 -254.68 -254.68 2 25 5
27.1834 -254.73 -254.73 2 25 5
27.1834 -254.78 -254.78 2 25 5
27.1833 -254.83 -254.83 2 25 5
27.1833 -254.88 -254.88 2 25 5
27.1833 -254.93 -254.93 2 25 5
27.1833 -254.98 -254.98 2 25 5
27.1833 -255.03 -255.03 2 25 5
27.1833 -255.08 -255.08 2 25 5
27.1833 -255.13 -255.13 2 25 5
27.1833 -255.18 -255.18 2 25 5
27.1833 -255.23 -255.23 2 25 5
27.1833 -255.28 -255.28 2 25 5
27.1833 -255.33 -255.33 2 25 5
27.1834 -255.38 -255.38 2 25 5
27.1834 -255.43 -255.43 2 25 5
27.1833 -255.48 -255.48 2 25 5
27.1833 -255.53 -255.53 2 25 5
27.1833 -255.58 -255.58 2 25 5
27.1832 -255.63 -255.63 2 25 5
27.1833 -255.68 -255.68 2 25 5
27.1833 -255.73 -255.73 2 25 5
27.181 -255.78 -255.78 2 25 5
27.1822 -255.83 -255.83 2 25 5
27.1833 -255.88 -255.88 2 25 5
27.1839 -255.93 -255.93 2 25 5
27.1839 -255.98 -255.98 2 25 5
27.1836 -256.03 -256.03 2 25 5
27.1833 -256.08 -256.08 2 25 5
27.1832 -256.13 -256.13 2 25 5
27.1832 -256.18 -256.18 2 25 5
27.1833 -256.23 -256.23 2 25 5
27.1834 -256.28 -256.28 2 25 5
27.1834 -256.33 -256.33 2 25 5
27.1833 -256.38 -256.38 2 25 5
27.1833 -256.43 -256.43 2 25 5
27.1833 -256.48 -256.48 2 25 5
27.1833 -256.53 -256.53 2 25 5
27.1834 -256.58 -256.58 2 25 5
27.1834 -256.63 -256.63 2 25 5
27.1833 -256.68 -256.68 2 25 5
27.1833 -256.73 -256.73 2 25 5
27.1833 -256.78 -256.78 2 25 5
27.1835 -256.83 -256.83 2 25 5
27.1834 -256.88 -256.88 2 25 5
27.1833 -256.93 -256.93 2 25 5
27.1833 -256.98 -256.98 2 25 5
27.1831 -257.03 -257.03 2 25 5
27.1832 -257.08 -257.08 2 25 5
27.1833 -257.13 -257.13 2 25 5
27.1834 -257.18 -257.18 2 25 5
27.1834 -257.23 -257.23 2 25 5
27.1833 -257.28 -257.28 2 25 5
27.1833 -257.33 -257.33 2 25 5
27.1833 -257.38 -257.38 2 25 5
27.1833 -257.43 -257.43 2 25 5
27.1834 -257.48 -257.48 2 25 5
27.1834 -257.53 -257.53 2 25 5
27.1833 -257.58 -257.58 2 25 5
27.1833 -257.63 -257.63 2 25 5
27.1833 -257.68 -257.68 2 25 5
27.1834 -257.73 -257.73 2 25 5
27.1834 -257.78 -257.78 2 25 5
27.1833 -257.83 -257.83 2 25 5
27.1833 -257.88 -257.88 2 25 5
27.1833 -257.93 -257.93 2 25 5
27.1832 -257.98 -257.98 2 25 5
27.1833 -258.03 -258.03 2 25 5
27.1833 -258.08 -258.08 2 25 5
27.1833 -258.13 -258.13 2 25 5
27.1833 -258.18 -258.18 2 25 5
27.1833 -258.23 -258.23 2 25 5
27.1833 -258.28 -258.28 2 25 5
27.1833 -258.33 -258.33 2 25 5
27.1833 -258.38 -258.38 2 25 5
27.1833 -258.43 -258.43 2 25 5
27.1833 -258.48 -258.48 2 25 5
27.1833 -258.53 -258.53 2 25 5
27.1834 -258.58 -258.58 2 25 5
27.1834 -258.63 -258.63 2 25 5
27.1833 -258.68 -258.68 2 25 5
27.1833 -258.73 -258.73 2 25 5
27.1833 -258.78 -258.78 2 25 5
27.1833 -258.83 -258.83 2 25 5
27.1834 -258.88 -258.88 2 25 5
27.1834 -258.93 -258.93 2 25 5
27.1833 -258.98 -258.98 2 25 5
27.1833 -259.03 -259.03 2 25 5
27.1833 -259.08 -259.08 2 25 5
27.1832 -259.13 -259.13 2 25 5
27.1833 -259.18 -259.18 2 25 5
27.1833 -259.23 -259.23 2 25 5
27.1833 -259.28 -259.28 2 25 5
27.1833 -259.33 -259.33 2 25 5
27.1833 -259.38 -259.38 2 25 5
27.1833 -259.43 -259.43 2 25 5
27.1833 -259.48 -259.48 2 25 5
27.1832 -259.53 -259.53 2 25 5
27.1833 -259.58 -259.58 2 25 5
27.1833 -259.63 -259.63 2 25 5
27.1833 -259.68 -259.68 2 25 5
27.1833 -259.73 -259.73 2 25 5
27.1833 -259.78 -259.78 2 25 5
27.1833 -259.83 -259.83 2 25 5
27.1833 -259.88 -259.88 2 25 5
27.1833 -259.93 -259.93 2 25 5
27.1832 -259.98 -259.98 2 25 5
27.1833 -260.03 -260.03 2 25 5
27.1833 -260.08 -260.08 2 25 5
27.1833 -260.13 -260.13 2 25 5
27.1833 -260.18 -260.18 2 25 5
27.1833 -260.23 -260.23 2 25 5
27.1833 -260.28 -260.28 2 25 5
27.1833 -260.33 -260.33 2 25 5
27.1833 -260.38 -260.38 2 25 5
27.1832 -260.43 -260.43 2 25 5
27.1833 -260.48 -260.48 2 25 5
27.1833 -260.53 -260.53 2 25 5
27.1833 -260.58 -260.58 2 25 5
27.1833 -260.63 -260.63 2 25 5
27.1833 -260.68 -260.68 2 25 5
27.1833 -260.73 -260.73 2 25 5
27.1833 -260.78 -260.78 2 25 5
27.1847 -260.83 -260.83 2 25 5
27.184 -260.88 -260.88 2 25 5
27.1833 -260.93 -260.93 2 25 5
27.183 -260.98 -260.98 2 25 5
27.183 -261.03 -261.03 2 25 5
27.1831 -261.08 -261.08 2 25 5
27.1833 -261.13 -261.13 2 25 5
27.1834 -261.18 -261.18 2 25 5
27.1834 -261.23 -261.23 2 25 5
27.1834 -261.28 -261.28 2 25 5
27.1833 -261.33 -261.33 2 25 5
27.1833 -261.38 -261.38 2 25 5
27.1832 -261.43 -261.43 2 25 5
27.1833 -261.48 -261.48 2 25 5
27.1833 -261.53 -261.53 2 25 5
27.1833 -261.58 -261.58 2 25 5
27.1833 -261.63 -261.63 2 25 5
27.1833 -261.68 -261.68 2 25 5
27.1833 -261.73 -261.73 2 25 5
27.1833 -261.78 -261.78 2 25 5
27.1833 -261.83 -261.83 2 25 5
27.1832 -261.88 -261.88 2 25 5
27.1833 -261.93 -261.93 2 25 5
27.1833 -261.98 -261.98 2 25 5
27.1833 -262.03 -262.03 2 25 5
27.1833 -262.08 -262.08 2 25 5
27.1833 -262.13 -262.13 2 25 5
27.1833 -262.18 -262.18 2 25 5
27.1833 -262.23 -262.23 2 25 5
27.1833 -262.28 -262.28 2 25 5
27.1833 -262.33 -262.33 2 25 5
27.1833 -262.38 -262.38 2 25 5
27.1832 -262.43 -262.43 2 25 5
27.1834 -262.48 -262.48 2 25 5
27.1833 -262.53 -262.53 2 25 5
27.1833 -262.58 -262.58 2 25 5
27.1833 -262.63 -262.63 2 25 5
27.1833 -262.68 -262.68 2 25 5
27.1833 -262.73 -262.73 2 25 5
27.1832 -262.78 -262.78 2 25 5
27.1833 -262.83 -262.83 2 25 5
27.1833 -262.88 -262.88 2 25 5
27.1833 -262.93 -262.93 2 25 5
27.1833 -262.98 -262.98 2 25 5
27.1833 -263.03 -263.03 2 25 5
27.1833 -263.08 -263.08 2 25 5
27.1833 -263.13 -263.13 2 25 5
27.1833 -263.18 -263.18 2 25 5
27.1833 -263.23 -263.23 2 25 5
27.1829 -263.28 -263.28 2 25 5
27.1831 -263.33 -263.33 2 25 5
27.1833 -263.38 -263.38 2 25 5
27.1834 -263.43 -263.43 2 25 5
27.1834 -263.48 -263.48 2 25 5
27.1834 -263.53 -263.53 2 25 5
27.1833 -263.58 -263.58 2 25 5
27.1833 -263.63 -263.63 2 25 5
27.1832 -263.68 -263.68 2 25 5
27.1832 -263.73 -263.73 2 25 5
27.1834 -263.78 -263.78 2 25 5
27.1834 -263.83 -263.83 2 25 5
27.1833 -263.88 -263.88 2 25 5
27.1833 -263.93 -263.93 2 25 5
27.1833 -263.98 -263.98 2 25 5
27.1832 -264.03 -264.03 2 25 5
27.1833 -264.08 -264.08 2 25 5
27.1833 -264.13 -264.13 2 25 5
27.1833 -264.18 -264.18 2 25 5
27.1833 -264.23 -264.23 2 25 5
27.1833 -264.28 -264.28 2 25 5
27.1833 -264.33 -264.33 2 25 5
27.1832 -264.38 -264.38 2 25 5
27.1833 -264.43 -264.43 2 25 5
27.1833 -264.48 -264.48 2 25 5
27.1833 -264.53 -264.53 2 25 5
27.1833 -264.58 -264.58 2 25 5
27.1833 -264.63 -264.63 2 25 5
27.1833 -264.68 -264.68 2 25 5
27.1833 -264.73 -264.73 2 25 5
27.1833 -264.78 -264.78 2 25 5
27.1835 -264.83 -264.83 2 25 5
27.1834 -264.88 -264.88 2 25 5
27.1833 -264.93 -264.93 2 25 5
27.1833 -264.98 -264.98 2 25 5
27.1828 -265.03 -265.03 2 25 5
27.1831 -265.08 -265.08 2 25 5
27.1833 -265.13 -265.13 2 25 5
27.1834 -265.18 -265.18 2 25 5
27.1834 -265.23 -265.23 2 25 5
27.1834 -265.28 -265.28 2 25 5
27.1833 -265.33 -265.33 2 25 5
27.1833 -265.38 -265.38 2 25 5
27.1832 -265.43 -265.43 2 25 5
27.1833 -265.48 -265.48 2 25 5
27.1833 -265.53 -265.53 2 25 5
27.1833 -265.58 -265.58 2 25 5
27.1833 -265.63 -265.63 2 25 5
27.1833 -265.68 -265.68 2 25 5
27.1833 -265.73 -265.73 2 25 5
27.1833 -265.78 -265.78 2 25 5
27.1833 -265.83 -265.83 2 25 5
27.1833 -265.88 -265.88 2 25 5
27.1833 -265.93 -265.93 2 25 5
27.1833 -265.98 -265.98 2 25 5
27.1833 -266.03 -266.03 2 25 5
27.1833 -266.08 -266.08 2 25 5
27.1832 -266.13 -266.13 2 25 5
27.1833 -266.18 -266.18 2 25 5
27.1833 -266.23 -266.23 2 25 5
27.1833 -266.28 -266.28 2 25 5
27.1833 -266.33 -266.33 2 25 5
27.1833 -266.38 -266.38 2 25 5
27.1833 -266.43 -266.43 2 25 5
27.1833 -266.48 -266.48 2 25 5
27.1833 -266.53 -266.53 2 25 5
27.1832 -266.58 -266.58 2 25 5
27.1833 -266.63 -266.63 2 25 5
27.1833 -266.68 -266.68 2 25 5
27.1833 -266.73 -266.73 2 25 5
27.1833 -266.78 -266.78 2 25 5
27.1833 -266.83 -266.83 2 25 5
27.1833 -266.88 -266.88 2 25 5
27.1833 -266.93 -266.93 2 25 5
27.1834 -266.98 -266.98 2 25 5
27.1834 -267.03 -267.03 2 25 5
27.1833 -267.08 -267.08 2 25 5
27.1833 -267.13 -267.13 2 25 5
27.1833 -267.18 -267.18 2 25 5
27.1834 -267.23 -267.23 2 25 5
27.1833 -267.28 -267.28 2 25 5
27.1833 -267.33 -267.33 2 25 5
27.1833 -267.38 -267.38 2 25 5
27.1833 -267.43 -267.43 2 25 5
27.1833 -267.48 -267.48 2 25 5
27.1834 -267.53 -267.53 2 25 5
27.1834 -267.58 -267.58 2 25 5
27.1833 -267.63 -267.63 2 25 5
27.1833 -267.68 -267.68 2 25 5
27.1833 -267.73 -267.73 2 25 5
27.1835 -267.78 -267.78 2 25 5
27.1834 -267.83 -267.83 2 25 5
27.1833 -267.88 -267.88 2 25 5
27.1833 -267.93 -267.93 2 25 5
27.1832 -267.98 -267.98 2 25 5
27.1833 -268.03 -268.03 2 25 5
27.1833 -268.08 -268.08 2 25 5
27.1833 -268.13 -268.13 2 25 5
27.1833 -268.18 -268.18 2 25 5
27.1833 -268.23 -268.23 2 25 5
27.1833 -268.28 -268.28 2 25 5
27.1833 -268.33 -268.33 2 25 5
27.1833 -268.38 -268.38 2 25 5
27.1833 -268.43 -268.43 2 25 5
27.1833 -268.48 -268.48 2 25 5
27.1833 -268.53 -268.53 2 25 5
27.1833 -268.58 -268.58 2 25 5
27.1834 -268.63 -268.63 2 25 5
27.1834 -268.68 -268.68 2 25 5
27.1833 -268.73 -268.73 2 25 5
27.1833 -268.78 -268.78 2 25 5
27.1832 -268.83 -268.83 2 25 5
27.1834 -268.88 -268.88 2 25 5
27.1833 -268.93 -268.93 2 25 5
27.1833 -268.98 -268.98 2 25 5
27.1833 -269.03 -269.03 2 25 5
27.1833 -269.08 -269.08 2 25 5
27.1833 -269.13 -269.13 2 25 5
27.1831 -269.18 -269.18 2 25 5
27.1833 -269.23 -269.23 2 25 5
27.1838 -269.28 -269.28 2 25 5
27.1836 -269.33 -269.33 2 25 5
27.1834 -269.38 -269.38 2 25 5
27.1832 -269.43 -269.43 2 25 5
27.1832 -269.48 -269.48 2 25 5
27.1833 -269.53 -269.53 2 25 5
27.1833 -269.58 -269.58 2 25 5
27.1833 -269.63 -269.63 2 25 5
27.1833 -269.68 -269.68 2 25 5
27.1833 -269.73 -269.73 2 25 5
27.1833 -269.78 -269.78 2 25 5
27.1833 -269.83 -269.83 2 25 5
27.1833 -269.88 -269.88 2 25 5
27.1833 -269.93 -269.93 2 25 5
27.1833 -269.98 -269.98 2 25 5
27.1833 -270.03 -270.03 2 25 5
27.1833 -270.08 -270.08 2 25 5
27.1833 -270.13 -270.13 2 25 5
27.1833 -270.18 -270.18 2 25 5
27.1833 -270.23 -270.23 2 25 5
27.1833 -270.28 -270.28 2 25 5
27.1832 -270.33 -270.33 2 25 5
27.1833 -270.38 -270.38 2 25 5
27.1833 -270.43 -270.43 2 25 5
27.1833 -270.48 -270.48 2 25 5
27.1833 -270.53 -270.53 2 25 5
27.1833 -270.58 -270.58 2 25 5
27.1833 -270.63 -270.63 2 25 5
27.1833 -270.68 -270.68 2 25 5
27.1833 -270.73 -270.73 2 25 5
27.1833 -270.78 -270.78 2 25 5
27.1835 -270.83 -270.83 2 25 5
27.1834 -270.88 -270.88 2 25 5
27.1833 -270.93 -270.93 2 25 5
27.1833 -270.98 -270.98 2 25 5
27.1831 -271.03 -271.03 2 25 5
27.1832 -271.08 -271.08 2 25 5
27.1833 -271.13 -271.13 2 25 5
27.1834 -271.18 -271.18 2 25 5
27.1834 -271.23 -271.23 2 25 5
27.1833 -271.28 -271.28 2 25 5
27.1833 -271.33 -271.33 2 25 5
27.1833 -271.38 -271.38 2 25 5
27.1833 -271.43 -271.43 2 25 5
27.1835 -271.48 -271.48 2 25 5
27.1834 -271.53 -271.53 2 25 5
27.1833 -271.58 -271.58 2 25 5
27.1833 -271.63 -271.63 2 25 5
27.183 -271.68 -271.68 2 25 5
27.1832 -271.73 -271.73 2 25 5
27.1833 -271.78 -271.78 2 25 5
27.1834 -271.83 -271.83 2 25 5
27.1834 -271.88 -271.88 2 25 5
27.1833 -271.93 -271.93 2 25 5
27.1833 -271.98 -271.98 2 25 5
27.1833 -272.03 -272.03 2 25 5
27.1833 -272.08 -272.08 2 25 5
27.1834 -272.13 -272.13 2 25 5
27.1834 -272.18 -272.18 2 25 5
27.1833 -272.23 -272.23 2 25 5
27.1833 -272.28 -272.28 2 25 5
27.1832 -272.33 -272.33 2 25 5
27.1834 -272.38 -272.38 2 25 5
27.1834 -272.43 -272.43 2 25 5
27.1833 -272.48 -272.48 2 25 5
27.1833 -272.53 -272.53 2 25 5
27.1833 -272.58 -272.58 2 25 5
27.1832 -272.63 -272.63 2 25 5
27.1834 -272.68 -272.68 2 25 5
27.1834 -272.73 -272.73 2 25 5
27.1833 -272.78 -272.78 2 25 5
27.1833 -272.83 -272.83 2 25 5
27.1833 -272.88 -272.88 2 25 5
27.1833 -272.93 -272.93 2 25 5
27.1831 -272.98 -272.98 2 25 5
27.1832 -273.03 -273.03 2 25 5
27.1834 -273.08 -273.08 2 25 5
27.1834 -273.13 -273.13 2 25 5
27.1834 -273.18 -273.18 2 25 5
27.1833 -273.23 -273.23 2 25 5
27.1833 -273.28 -273.28 2 25 5
27.1832 -273.33 -273.33 2 25 5
27.1834 -273.38 -273.38 2 25 5
27.1834 -273.43 -273.43 2 25 5
27.1833 -273.48 -273.48 2 25 5
27.1833 -273.53 -273.53 2 25 5
27.1833 -273.58 -273.58 2 25 5
27.1833 -273.63 -273.63 2 25 5
27.1816 -273.68 -273.68 2 25 5
27.1825 -273.73 -273.73 2 25 5
27.1833 -273.78 -273.78 2 25 5
27.1838 -273.83 -273.83 2 25 5
27.1837 -273.88 -273.88 2 25 5
27.1835 -273.93 -273.93 2 25 5
27.1833 -273.98 -273.98 2 25 5
27.1832 -274.03 -274.03 2 25 5
27.1832 -274.08 -274.08 2 25 5
27.1833 -274.13 -274.13 2 25 5
27.1833 -274.18 -274.18 2 25 5
27.1833 -274.23 -274.23 2 25 5
27.1833 -274.28 -274.28 2 25 5
27.1833 -274.33 -274.33 2 25 5
27.1833 -274.38 -274.38 2 25 5
27.1833 -274.43 -274.43 2 25 5
27.1833 -274.48 -274.48 2 25 5
27.1833 -274.53 -274.53 2 25 5
27.1832 -274.58 -274.58 2 25 5
27.1833 -274.63 -274.63 2 25 5
27.1833 -274.68 -274.68 2 25 5
27.1833 -274.73 -274.73 2 25 5
27.1833 -274.78 -274.78 2 25 5
27.1833 -274.83 -274.83 2 25 5
27.1833 -274.88 -274.88 2 25 5
27.1833 -274.93 -274.93 2 25 5
27.1831 -274.98 -274.98 2 25 5
27.1878 -275.03 -275.03 2 25 5
27.1879 -275.08 -275.08 2 25 5
27.1857 -275.13 -275.13 2 25 5
27.1834 -275.18 -275.18 2 25 5
27.1822 -275.23 -275.23 2 25 5
27.1822 -275.28 -275.28 2 25 5
27.1827 -275.33 -275.33 2 25 5
27.1833 -275.38 -275.38 2 25 5
27.1836 -275.43 -275.43 2 25 5
27.1836 -275.48 -275.48 2 25 5
27.1835 -275.53 -275.53 2 25 5
27.1833 -275.58 -275.58 2 25 5
27.1832 -275.63 -275.63 2 25 5
27.1833 -275.68 -275.68 2 25 5
27.1833 -275.73 -275.73 2 25 5
27.1833 -275.78 -275.78 2 25 5
27.1833 -275.83 -275.83 2 25 5
27.1829 -275.88 -275.88 2 25 5
27.1831 -275.93 -275.93 2 25 5
27.1834 -275.98 -275.98 2 25 5
27.1834 -276.03 -276.03 2 25 5
27.1834 -276.08 -276.08 2 25 5
27.1834 -276.13 -276.13 2 25 5
27.1833 -276.18 -276.18 2 25 5
27.1833 -276.23 -276.23 2 25 5
27.1832 -276.28 -276.28 2 25 5
27.1833 -276.33 -276.33 2 25 5
27.1832 -276.38 -276.38 2 25 5
27.1833 -276.43 -276.43 2 25 5
27.1834 -276.48 -276.48 2 25 5
27.1833 -276.53 -276.53 2 25 5
27.1833 -276.58 -276.58 2 25 5
27.1833 -276.63 -276.63 2 25 5
27.1833 -276.68 -276.68 2 25 5
27.1833 -276.73 -276.73 2 25 5
27.1832 -276.78 -276.78 2 25 5
27.1833 -276.83 -276.83 2 25 5
27.1833 -276.88 -276.88 2 25 5
27.1833 -276.93 -276.93 2 25 5
27.1833 -276.98 -276.98 2 25 5
27.1833 -277.03 -277.03 2 25 5
27.1833 -277.08 -277.08 2 25 5
27.1833 -277.13 -277.13 2 25 5
27.1833 -277.18 -277.18 2 25 5
27.1836 -277.23 -277.23 2 25 5
27.1835 -277.28 -277.28 2 25 5
27.1833 -277.33 -277.33 2 25 5
27.1833 -277.38 -277.38 2 25 5
27.1841 -277.43 -277.43 2 25 5
27.1837 -277.48 -277.48 2 25 5
27.1833 -277.53 -277.53 2 25 5
27.1831 -277.58 -277.58 2 25 5
27.1831 -277.63 -277.63 2 25 5
27.1832 -277.68 -277.68 2 25 5
27.1834 -277.73 -277.73 2 25 5
27.1834 -277.78 -277.78 2 25 5
27.1834 -277.83 -277.83 2 25 5
27.1833 -277.88 -277.88 2 25 5
27.1833 -277.93 -277.93 2 25 5
27.1833 -277.98 -277.98 2 25 5
27.1832 -278.03 -278.03 2 25 5
27.1833 -278.08 -278.08 2 25 5
27.1832 -278.13 -278.13 2 25 5
27.1835 -278.18 -278.18 2 25 5
27.1834 -278.23 -278.23 2 25 5
27.1834 -278.28 -278.28 2 25 5
27.1833 -278.33 -278.33 2 25 5
27.1833 -278.38 -278.38 2 25 5
27.1868 -278.43 -278.43 2 25 5
27.1851 -278.48 -278.48 2 25 5
27.1833 -278.53 -278.53 2 25 5
27.1824 -278.58 -278.58 2 25 5
27.1824 -278.63 -278.63 2 25 5
27.1829 -278.68 -278.68 2 25 5
27.1833 -278.73 -278.73 2 25 5
27.1835 -278.78 -278.78 2 25 5
27.1835 -278.83 -278.83 2 25 5
27.1834 -278.88 -278.88 2 25 5
27.1833 -278.93 -278.93 2 25 5
27.1833 -278.98 -278.98 2 25 5
27.1835 -279.03 -279.03 2 25 5
27.1834 -279.08 -279.08 2 25 5
27.1833 -279.13 -279.13 2 25 5
27.1833 -279.18 -279.18 2 25 5
27.1828 -279.23 -279.23 2 25 5
27.1831 -279.28 -279.28 2 25 5
27.1833 -279.33 -279.33 2 25 5
27.1834 -279.38 -279.38 2 25 5
27.1834 -279.43 -279.43 2 25 5
27.1834 -279.48 -279.48 2 25 5
27.1833 -279.53 -279.53 2 25 5
27.1833 -279.58 -279.58 2 25 5
27.1832 -279.63 -279.63 2 25 5
27.1833 -279.68 -279.68 2 25 5
27.1833 -279.73 -279.73 2 25 5
27.1833 -279.78 -279.78 2 25 5
27.1833 -279.83 -279.83 2 25 5
27.1833 -279.88 -279.88 2 25 5
27.1833 -279.93 -279.93 2 25 5
27.1833 -279.98 -279.98 2 25 5
27.1833 -280.03 -280.03 2 25 5
27.1833 -280.08 -280.08 2 25 5
27.1832 -280.13 -280.13 2 25 5
27.1833 -280.18 -280.18 2 25 5
27.1833 -280.23 -280.23 2 25 5
27.1833 -280.28 -280.28 2 25 5
27.1833 -280.33 -280.33 2 25 5
27.1833 -280.38 -280.38 2 25 5
27.1833 -280.43 -280.43 2 25 5
27.1833 -280.48 -280.48 2 25 5
27.1833 -280.53 -280.53 2 25 5
27.1832 -280.58 -280.58 2 25 5
27.1833 -280.63 -280.63 2 25 5
27.1833 -280.68 -280.68 2 25 5
27.1833 -280.73 -280.73 2 25 5
27.1833 -280.78 -280.78 2 25 5
27.1833 -280.83 -280.83 2 25 5
27.1833 -280.88 -280.88 2 25 5
27.1833 -280.93 -280.93 2 25 5
27.1832 -280.98 -280.98 2 25 5
27.1834 -281.03 -281.03 2 25 5
27.1834 -281.08 -281.08 2 25 5
27.1833 -281.13 -281.13 2 25 5
27.1833 -281.18 -281.18 2 25 5
27.1833 -281.23 -281.23 2 25 5
27.1833 -281.28 -281.28 2 25 5
27.1832 -281.33 -281.33 2 25 5
27.1833 -281.38 -281.38 2 25 5
27.1833 -281.43 -281.43 2 25 5
27.1833 -281.48 -281.48 2 25 5
27.1833 -281.53 -281.53 2 25 5
27.1833 -281.58 -281.58 2 25 5
27.1833 -281.63 -281.63 2 25 5
27.1833 -281.68 -281.68 2 25 5
27.1833 -281.73 -281.73 2 25 5
27.1833 -281.78 -281.78 2 25 5
27.182 -281.83 -281.83 2 25 5
27.1827 -281.88 -281.88 2 25 5
27.1834 -281.93 -281.93 2 25 5
27.1836 -281.98 -281.98 2 25 5
27.1836 -282.03 -282.03 2 25 5
27.1835 -282.08 -282.08 2 25 5
27.1833 -282.13 -282.13 2 25 5
27.1832 -282.18 -282.18 2 25 5
27.1833 -282.23 -282.23 2 25 5
27.1832 -282.28 -282.28 2 25 5
27.1836 -282.33 -282.33 2 25 5
27.1835 -282.38 -282.38 2 25 5
27.1833 -282.43 -282.43 2 25 5
27.1832 -282.48 -282.48 2 25 5
27.1833 -282.53 -282.53 2 25 5
27.1833 -282.58 -282.58 2 25 5
27.1833 -282.63 -282.63 2 25 5
27.1833 -282.68 -282.68 2 25 5
27.1833 -282.73 -282.73 2 25 5
27.1831 -282.78 -282.78 2 25 5
27.1833 -282.83 -282.83 2 25 5
27.1832 -282.88 -282.88 2 25 5
27.1833 -282.93 -282.93 2 25 5
27.1834 -282.98 -282.98 2 25 5
27.1834 -283.03 -283.03 2 25 5
27.1833 -283.08 -283.08 2 25 5
27.1833 -283.13 -283.13 2 25 5
27.1833 -283.18 -283.18 2 25 5
27.1833 -283.23 -283.23 2 25 5
27.1832 -283.28 -283.28 2 25 5
27.1834 -283.33 -283.33 2 25 5
27.1834 -283.38 -283.38 2 25 5
27.1833 -283.43 -283.43 2 25 5
27.1833 -283.48 -283.48 2 25 5
27.1833 -283.53 -283.53 2 25 5
27.1833 -283.58 -283.58 2 25 5
27.1832 -283.63 -283.63 2 25 5
27.1836 -283.68 -283.68 2 25 5
27.1835 -283.73 -283.73 2 25 5
27.1833 -283.78 -283.78 2 25 5
27.1832 -283.83 -283.83 2 25 5
27.1836 -283.88 -283.88 2 25 5
27.1835 -283.93 -283.93 2 25 5
27.1833 -283.98 -283.98 2 25 5
27.1832 -284.03 -284.03 2 25 5
27.1833 -284.08 -284.08 2 25 5
27.1833 -284.13 -284.13 2 25 5
27.1833 -284.18 -284.18 2 25 5
27.1833 -284.23 -284.23 2 25 5
27.1833 -284.28 -284.28 2 25 5
27.1833 -284.33 -284.33 2 25 5
27.1833 -284.38 -284.38 2 25 5
27.1832 -284.43 -284.43 2 25 5
27.1833 -284.48 -284.48 2 25 5
27.1833 -284.53 -284.53 2 25 5
27.1833 -284.58 -284.58 2 25 5
27.1833 -284.63 -284.63 2 25 5
27.1833 -284.68 -284.68 2 25 5
27.1833 -284.73 -284.73 2 25 5
27.1833 -284.78 -284.78 2 25 5
27.1833 -284.83 -284.83 2 25 5
27.1832 -284.88 -284.88 2 25 5
27.184 -284.93 -284.93 2 25 5
27.1837 -284.98 -284.98 2 25 5
27.1833 -285.03 -285.03 2 25 5
27.1832 -285.08 -285.08 2 25 5
27.1832 -285.13 -285.13 2 25 5
27.1833 -285.18 -285.18 2 25 5
27.1832 -285.23 -285.23 2 25 5
27.1833 -285.28 -285.28 2 25 5
27.1833 -285.33 -285.33 2 25 5
27.1834 -285.38 -285.38 2 25 5
27.1833 -285.43 -285.43 2 25 5
27.1833 -285.48 -285.48 2 25 5
27.1833 -285.53 -285.53 2 25 5
27.1833 -285.58 -285.58 2 25 5
27.1833 -285.63 -285.63 2 25 5
27.1831 -285.68 -285.68 2 25 5
27.1833 -285.73 -285.73 2 25 5
27.1833 -285.78 -285.78 2 25 5
27.1833 -285.83 -285.83 2 25 5
27.1833 -285.88 -285.88 2 25 5
27.1833 -285.93 -285.93 2 25 5
27.1833 -285.98 -285.98 2 25 5
27.1833 -286.03 -286.03 2 25 5
27.1833 -286.08 -286.08 2 25 5
27.1833 -286.13 -286.13 2 25 5
27.1833 -286.18 -286.18 2 25 5
27.1833 -286.23 -286.23 2 25 5
27.1884 -286.28 -286.28 2 25 5
27.1859 -286.331 -286.331 2 25 5
27.1834 -286.38 -286.38 2 25 5
27.1821 -286.43 -286.43 2 25 5
27.1821 -286.48 -286.48 2 25 5
27.1827 -286.53 -286.53 2 25 5
27.1833 -286.58 -286.58 2 25 5
27.1836 -286.63 -286.63 2 25 5
27.1836 -286.68 -286.68 2 25 5
27.1835 -286.73 -286.73 2 25 5
27.1833 -286.78 -286.78 2 25 5
27.1832 -286.83 -286.83 2 25 5
27.1833 -286.88 -286.88 2 25 5
27.1833 -286.93 -286.93 2 25 5
27.1833 -286.98 -286.98 2 25 5
27.1833 -287.03 -287.03 2 25 5
27.1833 -287.08 -287.08 2 25 5
27.1833 -287.13 -287.13 2 25 5
27.1832 -287.18 -287.18 2 25 5
27.1833 -287.23 -287.23 2 25 5
27.1833 -287.28 -287.28 2 25 5
27.1833 -287.33 -287.33 2 25 5
27.1833 -287.38 -287.38 2 25 5
27.1833 -287.43 -287.43 2 25 5
27.1833 -287.48 -287.48 2 25 5
27.1833 -287.53 -287.53 2 25 5
27.1833 -287.58 -287.58 2 25 5
27.1833 -287.63 -287.63 2 25 5
27.1827 -287.68 -287.68 2 25 5
27.183 -287.73 -287.73 2 25 5
27.1834 -287.78 -287.78 2 25 5
27.1835 -287.83 -287.83 2 25 5
27.1835 -287.88 -287.88 2 25 5
27.1834 -287.93 -287.93 2 25 5
27.1833 -287.98 -287.98 2 25 5
27.1833 -288.03 -288.03 2 25 5
27.1831 -288.08 -288.08 2 25 5
27.1832 -288.13 -288.13 2 25 5
27.1834 -288.18 -288.18 2 25 5
27.1834 -288.23 -288.23 2 25 5
27.1834 -288.28 -288.28 2 25 5
27.1833 -288.33 -288.33 2 25 5
27.1833 -288.38 -288.38 2 25 5
27.1833 -288.43 -288.43 2 25 5
27.1832 -288.48 -288.48 2 25 5
27.1833 -288.53 -288.53 2 25 5
27.1833 -288.58 -288.58 2 25 5
27.1833 -288.63 -288.63 2 25 5
27.1833 -288.68 -288.68 2 25 5
27.1833 -288.73 -288.73 2 25 5
27.1833 -288.78 -288.78 2 25 5
27.1833 -288.83 -288.83 2 25 5
27.1833 -288.88 -288.88 2 25 5
27.1833 -288.93 -288.93 2 25 5
27.1832 -288.98 -288.98 2 25 5
27.1834 -289.03 -289.03 2 25 5
27.1834 -289.08 -289.08 2 25 5
27.1833 -289.13 -289.13 2 25 5
27.1833 -289.18 -289.18 2 25 5
27.1833 -289.23 -289.23 2 25 5
27.1833 -289.28 -289.28 2 25 5
27.1832 -289.33 -289.33 2 25 5
27.1834 -289.38 -289.38 2 25 5
27.1834 -289.43 -289.43 2 25 5
27.1833 -289.48 -289.48 2 25 5
27.1833 -289.53 -289.53 2 25 5
27.1833 -289.58 -289.58 2 25 5
27.1833 -289.63 -289.63 2 25 5
27.1832 -289.68 -289.68 2 25 5
27.1833 -289.73 -289.73 2 25 5
27.1834 -289.78 -289.78 2 25 5
27.1833 -289.83 -289.83 2 25 5
27.1833 -289.88 -289.88 2 25 5
27.1833 -289.93 -289.93 2 25 5
27.1833 -289.98 -289.98 2 25 5
27.1833 -290.03 -290.03 2 25 5
27.1832 -290.08 -290.08 2 25 5
27.1834 -290.13 -290.13 2 25 5
27.1834 -290.18 -290.18 2 25 5
27.1833 -290.23 -290.23 2 25 5
27.1833 -290.28 -290.28 2 25 5
27.1833 -290.33 -290.33 2 25 5
27.1833 -290.38 -290.38 2 25 5
27.1832 -290.43 -290.43 2 25 5
27.1834 -290.48 -290.48 2 25 5
27.1834 -290.53 -290.53 2 25 5
27.1833 -290.58 -290.58 2 25 5
27.1833 -290.63 -290.63 2 25 5
27.1833 -290.68 -290.68 2 25 5
27.1803 -290.73 -290.73 2 25 5
27.1803 -290.78 -290.78 2 25 5
27.1819 -290.831 -290.831 2 25 5
27.1834 -290.88 -290.88 2 25 5
27.1841 -290.93 -290.93 2 25 5
27.1841 -290.98 -290.98 2 25 5
27.1837 -291.03 -291.03 2 25 5
27.1833 -291.08 -291.08 2 25 5
27.1831 -291.13 -291.13 2 25 5
27.1831 -291.18 -291.18 2 25 5
27.1833 -291.23 -291.23 2 25 5
27.1832 -291.28 -291.28 2 25 5
27.1834 -291.33 -291.33 2 25 5
27.1834 -291.38 -291.38 2 25 5
27.1834 -291.43 -291.43 2 25 5
27.1833 -291.48 -291.48 2 25 5
27.1833 -291.53 -291.53 2 25 5
27.1833 -291.58 -291.58 2 25 5
27.1833 -291.63 -291.63 2 25 5
27.1827 -291.68 -291.68 2 25 5
27.1831 -291.73 -291.73 2 25 5
27.1834 -291.78 -291.78 2 25 5
27.1835 -291.83 -291.83 2 25 5
27.1835 -291.88 -291.88 2 25 5
27.1834 -291.93 -291.93 2 25 5
27.1833 -291.98 -291.98 2 25 5
27.1833 -292.03 -292.03 2 25 5
27.1831 -292.08 -292.08 2 25 5
27.1833 -292.13 -292.13 2 25 5
27.1832 -292.18 -292.18 2 25 5
27.1833 -292.23 -292.23 2 25 5
27.1834 -292.28 -292.28 2 25 5
27.1834 -292.33 -292.33 2 25 5
27.1833 -292.38 -292.38 2 25 5
27.1833 -292.43 -292.43 2 25 5
27.1833 -292.48 -292.48 2 25 5
27.1833 -292.53 -292.53 2 25 5
27.1832 -292.58 -292.58 2 25 5
27.1835 -292.63 -292.63 2 25 5
27.1834 -292.68 -292.68 2 25 5
27.1834 -292.73 -292.73 2 25 5
27.1833 -292.78 -292.78 2 25 5
27.1832 -292.83 -292.83 2 25 5
27.1834 -292.88 -292.88 2 25 5
27.1834 -292.93 -292.93 2 25 5
27.1833 -292.98 -292.98 2 25 5
27.1833 -293.03 -293.03 2 25 5
27.1833 -293.08 -293.08 2 25 5
27.1833 -293.13 -293.13 2 25 5
27.1832 -293.18 -293.18 2 25 5
27.1833 -293.23 -293.23 2 25 5
27.1834 -293.28 -293.28 2 25 5
27.1833 -293.33 -293.33 2 25 5
27.1833 -293.38 -293.38 2 25 5
27.1833 -293.43 -293.43 2 25 5
27.1833 -293.48 -293.48 2 25 5
27.1833 -293.53 -293.53 2 25 5
27.1832 -293.58 -293.58 2 25 5
27.1834 -293.63 -293.63 2 25 5
27.1834 -293.68 -293.68 2 25 5
27.1833 -293.73 -293.73 2 25 5
27.1833 -293.78 -293.78 2 25 5
27.1833 -293.83 -293.83 2 25 5
27.1832 -293.88 -293.88 2 25 5
27.184 -293.93 -293.93 2 25 5
27.1837 -293.98 -293.98 2 25 5
27.1834 -294.03 -294.03 2 25 5
27.1832 -294.08 -294.08 2 25 5
27.1832 -294.13 -294.13 2 25 5
27.1833 -294.18 -294.18 2 25 5
27.1833 -294.23 -294.23 2 25 5
27.1833 -294.28 -294.28 2 25 5
27.1833 -294.33 -294.33 2 25 5
27.1833 -294.38 -294.38 2 25 5
27.1833 -294.43 -294.43 2 25 5
27.1833 -294.48 -294.48 2 25 5
27.1833 -294.53 -294.53 2 25 5
27.1833 -294.58 -294.58 2 25 5
27.1833 -294.63 -294.63 2 25 5
27.1833 -294.68 -294.68 2 25 5
27.1833 -294.73 -294.73 2 25 5
27.1833 -294.78 -294.78 2 25 5
27.1833 -294.83 -294.83 2 25 5
27.1832 -294.88 -294.88 2 25 5
27.1833 -294.93 -294.93 2 25 5
27.1834 -294.98 -294.98 2 25 5
27.1834 -295.03 -295.03 2 25 5
27.1833 -295.08 -295.08 2 25 5
27.1833 -295.13 -295.13 2 25 5
27.1833 -295.18 -295.18 2 25 5
27.1833 -295.23 -295.23 2 25 5
27.1832 -295.28 -295.28 2 25 5
27.1836 -295.33 -295.33 2 25 5
27.1835 -295.38 -295.38 2 25 5
27.1834 -295.43 -295.43 2 25 5
27.1833 -295.48 -295.48 2 25 5
27.1831 -295.53 -295.53 2 25 5
27.1832 -295.58 -295.58 2 25 5
27.1834 -295.63 -295.63 2 25 5
27.1834 -295.68 -295.68 2 25 5
27.1834 -295.73 -295.73 2 25 5
27.1833 -295.78 -295.78 2 25 5
27.1833 -295.83 -295.83 2 25 5
27.1833 -295.88 -295.88 2 25 5
27.1832 -295.93 -295.93 2 25 5
27.1833 -295.98 -295.98 2 25 5
27.1834 -296.03 -296.03 2 25 5
27.1833 -296.08 -296.08 2 25 5
27.1833 -296.13 -296.13 2 25 5
27.1833 -296.18 -296.18 2 25 5
27.1833 -296.23 -296.23 2 25 5
27.1833 -296.28 -296.28 2 25 5
27.1833 -296.33 -296.33 2 25 5
27.183 -296.38 -296.38 2 25 5
27.1832 -296.43 -296.43 2 25 5
27.1835 -296.48 -296.48 2 25 5
27.1835 -296.53 -296.53 2 25 5
27.1834 -296.58 -296.58 2 25 5
27.1833 -296.63 -296.63 2 25 5
27.1833 -296.68 -296.68 2 25 5
27.1832 -296.73 -296.73 2 25 5
27.1834 -296.78 -296.78 2 25 5
27.1834 -296.83 -296.83 2 25 5
27.1833 -296.88 -296.88 2 25 5
27.1833 -296.93 -296.93 2 25 5
27.1833 -296.98 -296.98 2 25 5
27.1833 -297.03 -297.03 2 25 5
27.1833 -297.08 -297.08 2 25 5
27.1831 -297.13 -297.13 2 25 5
27.1833 -297.18 -297.18 2 25 5
27.1833 -297.23 -297.23 2 25 5
27.1833 -297.28 -297.28 2 25 5
27.1833 -297.33 -297.33 2 25 5
27.1833 -297.38 -297.38 2 25 5
27.1833 -297.43 -297.43 2 25 5
27.1833 -297.48 -297.48 2 25 5
27.1833 -297.53 -297.53 2 25 5
27.1833 -297.58 -297.58 2 25 5
27.1833 -297.63 -297.63 2 25 5
27.1833 -297.68 -297.68 2 25 5
27.1833 -297.73 -297.73 2 25 5
27.1832 -297.78 -297.78 2 25 5
27.1834 -297.83 -297.83 2 25 5
27.1834 -297.88 -297.88 2 25 5
27.1834 -297.93 -297.93 2 25 5
27.1833 -297.98 -297.98 2 25 5
27.1833 -298.03 -298.03 2 25 5
27.1832 -298.08 -298.08 2 25 5
27.1827 -298.13 -298.13 2 25 5
27.1831 -298.18 -298.18 2 25 5
27.1834 -298.23 -298.23 2 25 5
27.1835 -298.28 -298.28 2 25 5
27.1835 -298.33 -298.33 2 25 5
27.1834 -298.38 -298.38 2 25 5
27.1833 -298.43 -298.43 2 25 5
27.1833 -298.48 -298.48 2 25 5
27.1831 -298.53 -298.53 2 25 5
27.1833 -298.58 -298.58 2 25 5
27.1833 -298.63 -298.63 2 25 5
27.1833 -298.68 -298.68 2 25 5
27.1833 -298.73 -298.73 2 25 5
27.1833 -298.78 -298.78 2 25 5
27.1833 -298.83 -298.83 2 25 5
27.1833 -298.88 -298.88 2 25 5
27.1833 -298.93 -298.93 2 25 5
27.1833 -298.98 -298.98 2 25 5
27.1833 -299.03 -299.03 2 25 5
27.1833 -299.08 -299.08 2 25 5
27.1833 -299.13 -299.13 2 25 5
27.1833 -299.18 -299.18 2 25 5
27.1832 -299.23 -299.23 2 25 5
27.1838 -299.28 -299.28 2 25 5
27.1836 -299.33 -299.33 2 25 5
27.1834 -299.38 -299.38 2 25 5
27.1832 -299.43 -299.43 2 25 5
27.1833 -299.48 -299.48 2 25 5
27.183 -299.53 -299.53 2 25 5
27.1832 -299.58 -299.58 2 25 5
27.1834 -299.63 -299.63 2 25 5
27.1834 -299.68 -299.68 2 25 5
27.1834 -299.73 -299.73 2 25 5
27.1833 -299.78 -299.78 2 25 5
27.1833 -299.83 -299.83 2 25 5
27.1833 -299.88 -299.88 2 25 5
27.1832 -299.93 -299.93 2 25 5
27.1833 -299.98 -299.98 2 25 5
27.1834 -300.03 -300.03 2 25 5
27.1833 -300.08 -300.08 2 25 5
27.1833 -300.13 -300.13 2 25 5
27.1833 -300.18 -300.18 2 25 5
27.1833 -300.23 -300.23 2 25 5
27.1833 -300.28 -300.28 2 25 5
27.1833 -300.33 -300.33 2 25 5
27.1831 -300.38 -300.38 2 25 5
27.1833 -300.43 -300.43 2 25 5
27.1833 -300.48 -300.48 2 25 5
27.1834 -300.53 -300.53 2 25 5
27.1833 -300.58 -300.58 2 25 5
27.1833 -300.63 -300.63 2 25 5
27.1833 -300.68 -300.68 2 25 5
27.1833 -300.73 -300.73 2 25 5
27.1833 -300.78 -300.78 2 25 5
27.1833 -300.83 -300.83 2 25 5
27.1831 -300.88 -300.88 2 25 5
27.1833 -300.93 -300.93 2 25 5
27.1833 -300.98 -300.98 2 25 5
27.1834 -301.03 -301.03 2 25 5
27.1833 -301.08 -301.08 2 25 5
27.1833 -301.13 -301.13 2 25 5
27.1833 -301.18 -301.18 2 25 5
27.1833 -301.23 -301.23 2 25 5
27.1833 -301.28 -301.28 2 25 5
27.1833 -301.33 -301.33 2 25 5
27.1832 -301.38 -301.38 2 25 5
27.1833 -301.43 -301.43 2 25 5
27.1834 -301.48 -301.48 2 25 5
27.1834 -301.53 -301.53 2 25 5
27.1833 -301.58 -301.58 2 25 5
27.1833 -301.63 -301.63 2 25 5
27.1833 -301.68 -301.68 2 25 5
27.1833 -301.73 -301.73 2 25 5
27.1833 -301.78 -301.78 2 25 5
27.1832 -301.83 -301.83 2 25 5
27.1834 -301.88 -301.88 2 25 5
27.1834 -301.93 -301.93 2 25 5
27.1834 -301.98 -301.98 2 25 5
27.1833 -302.03 -302.03 2 25 5
27.1833 -302.08 -302.08 2 25 5
27.1833 -302.13 -302.13 2 25 5
27.1833 -302.18 -302.18 2 25 5
27.1832 -302.23 -302.23 2 25 5
27.1833 -302.28 -302.28 2 25 5
27.1833 -302.33 -302.33 2 25 5
27.1834 -302.38 -302.38 2 25 5
27.1833 -302.43 -302.43 2 25 5
27.1833 -302.48 -302.48 2 25 5
27.1833 -302.53 -302.53 2 25 5
27.1833 -302.58 -302.58 2 25 5
27.1833 -302.63 -302.63 2 25 5
27.1832 -302.68 -302.68 2 25 5
27.1834 -302.73 -302.73 2 25 5
27.1834 -302.78 -302.78 2 25 5
27.1834 -302.83 -302.83 2 25 5
27.1833 -302.88 -302.88 2 25 5
27.1833 -302.93 -302.93 2 25 5
27.1833 -302.98 -302.98 2 25 5
27.1832 -303.03 -303.03 2 25 5
27.1833 -303.08 -303.08 2 25 5
27.1833 -303.13 -303.13 2 25 5
27.1834 -303.18 -303.18 2 25 5
27.1833 -303.23 -303.23 2 25 5
27.1833 -303.28 -303.28 2 25 5
27.1833 -303.33 -303.33 2 25 5
27.1833 -303.38 -303.38 2 25 5
27.1833 -303.43 -303.43 2 25 5
27.1832 -303.48 -303.48 2 25 5
27.1845 -303.53 -303.53 2 25 5
27.1839 -303.58 -303.58 2 25 5
27.1834 -303.63 -303.63 2 25 5
27.1831 -303.68 -303.68 2 25 5
27.1831 -303.73 -303.73 2 25 5
27.1832 -303.78 -303.78 2 25 5
27.1834 -303.83 -303.83 2 25 5
27.1834 -303.88 -303.88 2 25 5
27.1834 -303.93 -303.93 2 25 5
27.1833 -303.98 -303.98 2 25 5
27.1833 -304.03 -304.03 2 25 5
27.1833 -304.08 -304.08 2 25 5
27.1832 -304.13 -304.13 2 25 5
27.1833 -304.18 -304.18 2 25 5
27.1834 -304.23 -304.23 2 25 5
27.1834 -304.28 -304.28 2 25 5
27.1833 -304.33 -304.33 2 25 5
27.1833 -304.38 -304.38 2 25 5
27.1833 -304.43 -304.43 2 25 5
27.1833 -304.48 -304.48 2 25 5
27.1833 -304.53 -304.53 2 25 5
27.1832 -304.58 -304.58 2 25 5
27.1833 -304.63 -304.63 2 25 5
27.1834 -304.68 -304.68 2 25 5
27.1834 -304.73 -304.73 2 25 5
27.1833 -304.78 -304.78 2 25 5
27.1833 -304.83 -304.83 2 25 5
27.1833 -304.88 -304.88 2 25 5
27.1833 -304.93 -304.93 2 25 5
27.1832 -304.98 -304.98 2 25 5
27.1837 -305.03 -305.03 2 25 5
27.1835 -305.08 -305.08 2 25 5
27.1834 -305.13 -305.13 2 25 5
27.1833 -305.18 -305.18 2 25 5
27.183 -305.23 -305.23 2 25 5
27.1832 -305.28 -305.28 2 25 5
27.1834 -305.33 -305.33 2 25 5
27.1834 -305.38 -305.38 2 25 5
27.1834 -305.43 -305.43 2 25 5
27.1833 -305.48 -305.48 2 25 5
27.1833 -305.53 -305.53 2 25 5
27.1833 -305.58 -305.58 2 25 5
27.1832 -305.63 -305.63 2 25 5
27.1835 -305.68 -305.68 2 25 5
27.1834 -305.73 -305.73 2 25 5
27.1834 -305.78 -305.78 2 25 5
27.1833 -305.83 -305.83 2 25 5
27.1833 -305.88 -305.88 2 25 5
27.1831 -305.93 -305.93 2 25 5
27.1833 -305.98 -305.98 2 25 5
27.1833 -306.03 -306.03 2 25 5
27.1833 -306.08 -306.08 2 25 5
27.1833 -306.13 -306.13 2 25 5
27.1833 -306.18 -306.18 2 25 5
27.1833 -306.23 -306.23 2 25 5
27.1833 -306.28 -306.28 2 25 5
27.1833 -306.33 -306.33 2 25 5
27.1833 -306.38 -306.38 2 25 5
27.1833 -306.43 -306.43 2 25 5
27.1833 -306.48 -306.48 2 25 5
27.1833 -306.53 -306.53 2 25 5
27.1833 -306.58 -306.58 2 25 5
27.1833 -306.63 -306.63 2 25 5
27.1833 -306.68 -306.68 2 25 5
27.1833 -306.73 -306.73 2 25 5
27.1833 -306.78 -306.78 2 25 5
27.1833 -306.83 -306.83 2 25 5
27.1833 -306.88 -306.88 2 25 5
27.1833 -306.93 -306.93 2 25 5
27.1833 -306.98 -306.98 2 25 5
27.1833 -307.03 -307.03 2 25 5
27.1833 -307.08 -307.08 2 25 5
27.1833 -307.13 -307.13 2 25 5
27.1832 -307.18 -307.18 2 25 5
27.1833 -307.23 -307.23 2 25 5
27.1834 -307.28 -307.28 2 25 5
27.1834 -307.33 -307.33 2 25 5
27.1833 -307.38 -307.38 2 25 5
27.1833 -307.43 -307.43 2 25 5
27.1833 -307.48 -307.48 2 25 5
27.1833 -307.53 -307.53 2 25 5
27.1832 -307.58 -307.58 2 25 5
27.1835 -307.63 -307.63 2 25 5
27.1835 -307.68 -307.68 2 25 5
27.1834 -307.73 -307.73 2 25 5
27.1833 -307.78 -307.78 2 25 5
27.1832 -307.83 -307.83 2 25 5
27.1837 -307.88 -307.88 2 25 5
27.1836 -307.93 -307.93 2 25 5
27.1834 -307.98 -307.98 2 25 5
27.1832 -308.03 -308.03 2 25 5
27.1835 -308.08 -308.08 2 25 5
27.1834 -308.13 -308.13 2 25 5
27.1833 -308.18 -308.18 2 25 5
27.1833 -308.23 -308.23 2 25 5
27.1832 -308.28 -308.28 2 25 5
27.1833 -308.33 -308.33 2 25 5
27.1833 -308.38 -308.38 2 25 5
27.1833 -308.43 -308.43 2 25 5
27.1833 -308.48 -308.48 2 25 5
27.1833 -308.53 -308.53 2 25 5
27.1833 -308.58 -308.58 2 25 5
27.1833 -308.63 -308.63 2 25 5
27.1833 -308.68 -308.68 2 25 5
27.1832 -308.73 -308.73 2 25 5
27.1831 -308.78 -308.78 2 25 5
27.1833 -308.83 -308.83 2 25 5
27.1833 -308.88 -308.88 2 25 5
27.1833 -308.93 -308.93 2 25 5
27.1833 -308.98 -308.98 2 25 5
27.1833 -309.03 -309.03 2 25 5
27.1833 -309.08 -309.08 2 25 5
27.1833 -309.13 -309.13 2 25 5
27.1833 -309.18 -309.18 2 25 5
27.1833 -309.23 -309.23 2 25 5
27.1833 -309.28 -309.28 2 25 5
27.1833 -309.33 -309.33 2 25 5
27.1833 -309.38 -309.38 2 25 5
27.1832 -309.43 -309.43 2 25 5
27.1834 -309.48 -309.48 2 25 5
27.1834 -309.53 -309.53 2 25 5
27.1834 -309.58 -309.58 2 25 5
27.1833 -309.63 -309.63 2 25 5
27.1833 -309.68 -309.68 2 25 5
27.1833 -309.73 -309.73 2 25 5
27.1832 -309.78 -309.78 2 25 5
27.183 -309.83 -309.83 2 25 5
27.1832 -309.88 -309.88 2 25 5
27.1836 -309.93 -309.93 2 25 5
27.1835 -309.98 -309.98 2 25 5
27.1834 -310.03 -310.03 2 25 5
27.1833 -310.08 -310.08 2 25 5
27.1832 -310.13 -310.13 2 25 5
27.1818 -310.18 -310.18 2 25 5
27.1826 -310.231 -310.231 2 25 5
27.1834 -310.28 -310.28 2 25 5
27.1837 -310.33 -310.33 2 25 5
27.1837 -310.38 -310.38 2 25 5
27.1835 -310.43 -310.43 2 25 5
27.1833 -310.48 -310.48 2 25 5
27.1832 -310.53 -310.53 2 25 5
27.1833 -310.58 -310.58 2 25 5
27.1833 -310.63 -310.63 2 25 5
27.1833 -310.68 -310.68 2 25 5
27.1833 -310.73 -310.73 2 25 5
27.1833 -310.78 -310.78 2 25 5
27.1833 -310.83 -310.83 2 25 5
27.1832 -310.88 -310.88 2 25 5
27.1829 -310.93 -310.93 2 25 5
27.1832 -310.98 -310.98 2 25 5
27.1834 -311.03 -311.03 2 25 5
27.1835 -311.08 -311.08 2 25 5
27.1834 -311.13 -311.13 2 25 5
27.1834 -311.18 -311.18 2 25 5
27.1833 -311.23 -311.23 2 25 5
27.1833 -311.28 -311.28 2 25 5
27.1831 -311.33 -311.33 2 25 5
27.1833 -311.38 -311.38 2 25 5
27.1833 -311.43 -311.43 2 25 5
27.1833 -311.48 -311.48 2 25 5
27.1833 -311.53 -311.53 2 25 5
27.1833 -311.58 -311.58 2 25 5
27.1833 -311.63 -311.63 2 25 5
27.1833 -311.68 -311.68 2 25 5
27.1833 -311.73 -311.73 2 25 5
27.1833 -311.78 -311.78 2 25 5
27.1832 -311.83 -311.83 2 25 5
27.1831 -311.88 -311.88 2 25 5
27.1833 -311.93 -311.93 2 25 5
27.1832 -311.98 -311.98 2 25 5
27.1835 -312.03 -312.03 2 25 5
27.1835 -312.08 -312.08 2 25 5
27.1834 -312.13 -312.13 2 25 5
27.1833 -312.18 -312.18 2 25 5
27.1833 -312.23 -312.23 2 25 5
27.1831 -312.28 -312.28 2 25 5
27.1833 -312.33 -312.33 2 25 5
27.1833 -312.38 -312.38 2 25 5
27.1832 -312.43 -312.43 2 25 5
27.1834 -312.48 -312.48 2 25 5
27.1834 -312.53 -312.53 2 25 5
27.1834 -312.58 -312.58 2 25 5
27.1833 -312.63 -312.63 2 25 5
27.1833 -312.68 -312.68 2 25 5
27.1833 -312.73 -312.73 2 25 5
27.1833 -312.78 -312.78 2 25 5
27.1832 -312.83 -312.83 2 25 5
27.1833 -312.88 -312.88 2 25 5
27.1834 -312.93 -312.93 2 25 5
27.1834 -312.98 -312.98 2 25 5
27.1833 -313.03 -313.03 2 25 5
27.1833 -313.08 -313.08 2 25 5
27.1833 -313.13 -313.13 2 25 5
27.1833 -313.18 -313.18 2 25 5
27.1832 -313.23 -313.23 2 25 5
27.1836 -313.28 -313.28 2 25 5
27.1835 -313.33 -313.33 2 25 5
27.1834 -313.38 -313.38 2 25 5
27.1833 -313.43 -313.43 2 25 5
27.1832 -313.48 -313.48 2 25 5
27.1835 -313.53 -313.53 2 25 5
27.1834 -313.58 -313.58 2 25 5
27.1834 -313.63 -313.63 2 25 5
27.1833 -313.68 -313.68 2 25 5
27.1832 -313.73 -313.73 2 25 5
27.183 -313.78 -313.78 2 25 5
27.1832 -313.831 -313.831 2 25 5
27.1836 -313.88 -313.88 2 25 5
27.1835 -313.93 -313.93 2 25 5
27.1834 -313.98 -313.98 2 25 5
27.1833 -314.03 -314.03 2 25 5
27.1832 -314.08 -314.08 2 25 5
27.1835 -314.131 -314.131 2 25 5
27.1834 -314.181 -314.181 2 25 5
27.1833 -314.231 -314.231 2 25 5
27.1833 -314.281 -314.281 2 25 5
27.1832 -314.33 -314.33 2 25 5
27.1828 -314.38 -314.38 2 25 5
27.1831 -314.431 -314.431 2 25 5
27.1834 -314.481 -314.481 2 25 5
27.1835 -314.531 -314.531 2 25 5
27.1835 -314.581 -314.581 2 25 5
27.1834 -314.631 -314.631 2 25 5
27.1833 -314.681 -314.681 2 25 5
27.1833 -314.731 -314.731 2 25 5
27.1832 -314.781 -314.781 2 25 5
27.1833 -314.831 -314.831 2 25 5
27.1834 -314.881 -314.881 2 25 5
27.1834 -314.931 -314.931 2 25 5
27.1833 -314.981 -314.981 2 25 5
27.1833 -315.031 -315.031 2 25 5
27.1833 -315.081 -315.081 2 25 5
27.1833 -315.131 -315.131 2 25 5
27.1833 -315.181 -315.181 2 25 5
27.1832 -315.231 -315.231 2 25 5
27.1834 -315.281 -315.281 2 25 5
27.1834 -315.331 -315.331 2 25 5
27.1834 -315.381 -315.381 2 25 5
27.1833 -315.431 -315.431 2 25 5
27.1833 -315.481 -315.481 2 25 5
27.1833 -315.531 -315.531 2 25 5
27.1832 -315.581 -315.581 2 25 5
27.1827 -315.631 -315.631 2 25 5
27.1831 -315.681 -315.681 2 25 5
27.1834 -315.731 -315.731 2 25 5
27.1835 -315.781 -315.781 2 25 5
27.1835 -315.831 -315.831 2 25 5
27.1834 -315.881 -315.881 2 25 5
27.1833 -315.931 -315.931 2 25 5
27.1833 -315.981 -315.981 2 25 5
27.1831 -316.031 -316.031 2 25 5
27.1833 -316.081 -316.081 2 25 5
27.1833 -316.131 -316.131 2 25 5
27.1833 -316.181 -316.181 2 25 5
27.1833 -316.231 -316.231 2 25 5
27.1833 -316.281 -316.281 2 25 5
27.1833 -316.331 -316.331 2 25 5
27.1833 -316.381 -316.381 2 25 5
27.1833 -316.431 -316.431 2 25 5
27.1833 -316.481 -316.481 2 25 5
27.1832 -316.531 -316.531 2 25 5
27.1841 -316.581 -316.581 2 25 5
27.1838 -316.631 -316.631 2 25 5
27.1834 -316.681 -316.681 2 25 5
27.1832 -316.731 -316.731 2 25 5
27.1832 -316.781 -316.781 2 25 5
27.1833 -316.831 -316.831 2 25 5
27.1833 -316.881 -316.881 2 25 5
27.1833 -316.931 -316.931 2 25 5
27.1833 -316.981 -316.981 2 25 5
27.1833 -317.031 -317.031 2 25 5
27.1833 -317.081 -317.081 2 25 5
27.1833 -317.131 -317.131 2 25 5
27.1833 -317.181 -317.181 2 25 5
27.1832 -317.231 -317.231 2 25 5
27.1834 -317.281 -317.281 2 25 5
27.1834 -317.331 -317.331 2 25 5
27.1834 -317.381 -317.381 2 25 5
27.1833 -317.431 -317.431 2 25 5
27.1833 -317.481 -317.481 2 25 5
27.1833 -317.531 -317.531 2 25 5
27.1833 -317.581 -317.581 2 25 5
27.1832 -317.631 -317.631 2 25 5
27.1834 -317.681 -317.681 2 25 5
27.1834 -317.731 -317.731 2 25 5
27.1834 -317.781 -317.781 2 25 5
27.1833 -317.831 -317.831 2 25 5
27.1833 -317.881 -317.881 2 25 5
27.1833 -317.931 -317.931 2 25 5
27.1832 -317.981 -317.981 2 25 5
27.1831 -318.031 -318.031 2 25 5
27.1833 -318.081 -318.081 2 25 5
27.1834 -318.131 -318.131 2 25 5
27.1834 -318.181 -318.181 2 25 5
27.1834 -318.231 -318.231 2 25 5
27.1833 -318.281 -318.281 2 25 5
27.1833 -318.331 -318.331 2 25 5
27.1833 -318.381 -318.381 2 25 5
27.1833 -318.431 -318.431 2 25 5
27.1832 -318.481 -318.481 2 25 5
27.1836 -318.531 -318.531 2 25 5
27.1835 -318.581 -318.581 2 25 5
27.1834 -318.631 -318.631 2 25 5
27.1833 -318.681 -318.681 2 25 5
27.1832 -318.731 -318.731 2 25 5
27.1834 -318.781 -318.781 2 25 5
27.1834 -318.831 -318.831 2 25 5
27.1833 -318.881 -318.881 2 25 5
27.1833 -318.931 -318.931 2 25 5
27.1833 -318.981 -318.981 2 25 5
27.1833 -319.031 -319.031 2 25 5
27.1832 -319.081 -319.081 2 25 5
27.1836 -319.131 -319.131 2 25 5
27.1835 -319.181 -319.181 2 25 5
27.1834 -319.231 -319.231 2 25 5
27.1833 -319.281 -319.281 2 25 5
27.1832 -319.331 -319.331 2 25 5
27.1834 -319.381 -319.381 2 25 5
27.1834 -319.431 -319.431 2 25 5
27.1834 -319.481 -319.481 2 25 5
27.1833 -319.531 -319.531 2 25 5
27.1833 -319.581 -319.581 2 25 5
27.1832 -319.631 -319.631 2 25 5
27.1834 -319.681 -319.681 2 25 5
27.1834 -319.731 -319.731 2 25 5
27.1834 -319.781 -319.781 2 25 5
27.1833 -319.831 -319.831 2 25 5
27.1833 -319.881 -319.881 2 25 5
27.1832 -319.931 -319.931 2 25 5
27.1823 -319.981 -319.981 2 25 5
27.1829 -320.031 -320.031 2 25 5
27.1834 -320.081 -320.081 2 25 5
27.1836 -320.131 -320.131 2 25 5
27.1836 -320.181 -320.181 2 25 5
27.1834 -320.231 -320.231 2 25 5
27.1833 -320.281 -320.281 2 25 5
27.1832 -320.331 -320.331 2 25 5
27.1828 -320.381 -320.381 2 25 5
27.1831 -320.431 -320.431 2 25 5
27.1834 -320.481 -320.481 2 25 5
27.1835 -320.531 -320.531 2 25 5
27.1835 -320.581 -320.581 2 25 5
27.1834 -320.631 -320.631 2 25 5
27.1833 -320.681 -320.681 2 25 5
27.1833 -320.731 -320.731 2 25 5
27.1832 -320.781 -320.781 2 25 5
27.1834 -320.831 -320.831 2 25 5
27.1834 -320.881 -320.881 2 25 5
27.1834 -320.931 -320.931 2 25 5
27.1833 -320.981 -320.981 2 25 5
27.1833 -321.031 -321.031 2 25 5
27.1833 -321.081 -321.081 2 25 5
27.1832 -321.131 -321.131 2 25 5
27.1837 -321.181 -321.181 2 25 5
27.1835 -321.231 -321.231 2 25 5
27.1834 -321.281 -321.281 2 25 5
27.1833 -321.331 -321.331 2 25 5
27.1832 -321.381 -321.381 2 25 5
27.1833 -321.431 -321.431 2 25 5
27.1833 -321.481 -321.481 2 25 5
27.1833 -321.531 -321.531 2 25 5
27.1833 -321.581 -321.581 2 25 5
27.1833 -321.631 -321.631 2 25 5
27.1833 -321.681 -321.681 2 25 5
27.1833 -321.731 -321.731 2 25 5
27.1833 -321.781 -321.781 2 25 5
27.1833 -321.831 -321.831 2 25 5
27.1833 -321.881 -321.881 2 25 5
27.1832 -321.931 -321.931 2 25 5
27.1831 -321.981 -321.981 2 25 5
27.1833 -322.031 -322.031 2 25 5
27.1834 -322.081 -322.081 2 25 5
27.1834 -322.131 -322.131 2 25 5
27.1834 -322.181 -322.181 2 25 5
27.1833 -322.231 -322.231 2 25 5
27.1833 -322.281 -322.281 2 25 5
27.1833 -322.331 -322.331 2 25 5
27.1832 -322.381 -322.381 2 25 5
27.1831 -322.431 -322.431 2 25 5
27.1833 -322.481 -322.481 2 25 5
27.1834 -322.531 -322.531 2 25 5
27.1834 -322.581 -322.581 2 25 5
27.1834 -322.631 -322.631 2 25 5
27.1833 -322.681 -322.681 2 25 5
27.1833 -322.731 -322.731 2 25 5
27.1833 -322.781 -322.781 2 25 5
27.1832 -322.831 -322.831 2 25 5
27.1831 -322.881 -322.881 2 25 5
27.1833 -322.931 -322.931 2 25 5
27.1834 -322.981 -322.981 2 25 5
27.1834 -323.031 -323.031 2 25 5
27.1834 -323.081 -323.081 2 25 5
27.1833 -323.131 -323.131 2 25 5
27.1833 -323.181 -323.181 2 25 5
27.1833 -323.231 -323.231 2 25 5
27.1833 -323.281 -323.281 2 25 5
27.1832 -323.331 -323.331 2 25 5
27.1836 -323.381 -323.381 2 25 5
27.1835 -323.431 -323.431 2 25 5
27.1834 -323.481 -323.481 2 25 5
27.1833 -323.531 -323.531 2 25 5
27.1832 -323.581 -323.581 2 25 5
27.1834 -323.631 -323.631 2 25 5
27.1834 -323.681 -323.681 2 25 5
27.1834 -323.731 -323.731 2 25 5
27.1833 -323.781 -323.781 2 25 5
27.1833 -323.831 -323.831 2 25 5
27.1833 -323.881 -323.881 2 25 5
27.1832 -323.931 -323.931 2 25 5
27.1815 -323.981 -323.981 2 25 5
27.1825 -324.031 -324.031 2 25 5
27.1834 -324.081 -324.081 2 25 5
27.1838 -324.131 -324.131 2 25 5
27.1838 -324.181 -324.181 2 25 5
27.1836 -324.231 -324.231 2 25 5
27.1833 -324.281 -324.281 2 25 5
27.1832 -324.331 -324.331 2 25 5
27.1833 -324.381 -324.381 2 25 5
27.1833 -324.431 -324.431 2 25 5
27.1833 -324.481 -324.481 2 25 5
27.1833 -324.531 -324.531 2 25 5
27.1833 -324.581 -324.581 2 25 5
27.1833 -324.631 -324.631 2 25 5
27.1833 -324.681 -324.681 2 25 5
27.1832 -324.731 -324.731 2 25 5
27.1834 -324.781 -324.781 2 25 5
27.1834 -324.831 -324.831 2 25 5
27.1834 -324.881 -324.881 2 25 5
27.1833 -324.931 -324.931 2 25 5
27.1833 -324.981 -324.981 2 25 5
27.1833 -325.031 -325.031 2 25 5
27.1832 -325.081 -325.081 2 25 5
27.1835 -325.131 -325.131 2 25 5
27.1834 -325.181 -325.181 2 25 5
27.1834 -325.231 -325.231 2 25 5
27.1833 -325.281 -325.281 2 25 5
27.1833 -325.331 -325.331 2 25 5
27.1832 -325.381 -325.381 2 25 5
27.1844 -325.431 -325.431 2 25 5
27.1839 -325.481 -325.481 2 25 5
27.1834 -325.531 -325.531 2 25 5
27.1831 -325.581 -325.581 2 25 5
27.1831 -325.631 -325.631 2 25 5
27.1833 -325.681 -325.681 2 25 5
27.1833 -325.731 -325.731 2 25 5
27.1832 -325.781 -325.781 2 25 5
27.183 -325.831 -325.831 2 25 5
27.1833 -325.881 -325.881 2 25 5
27.1833 -325.931 -325.931 2 25 5
27.1834 -325.981 -325.981 2 25 5
27.1834 -326.031 -326.031 2 25 5
27.1834 -326.081 -326.081 2 25 5
27.1833 -326.131 -326.131 2 25 5
27.1833 -326.181 -326.181 2 25 5
27.1833 -326.231 -326.231 2 25 5
27.1833 -326.281 -326.281 2 25 5
27.1832 -326.331 -326.331 2 25 5
27.1837 -326.381 -326.381 2 25 5
27.1836 -326.431 -326.431 2 25 5
27.1834 -326.481 -326.481 2 25 5
27.1833 -326.531 -326.531 2 25 5
27.1832 -326.581 -326.581 2 25 5
27.1833 -326.631 -326.631 2 25 5
27.1833 -326.681 -326.681 2 25 5
27.1833 -326.731 -326.731 2 25 5
27.1833 -326.781 -326.781 2 25 5
27.1833 -326.831 -326.831 2 25 5
27.1833 -326.881 -326.881 2 25 5
27.1833 -326.931 -326.931 2 25 5
27.1833 -326.981 -326.981 2 25 5
27.1833 -327.031 -327.031 2 25 5
27.1832 -327.081 -327.081 2 25 5
27.184 -327.131 -327.131 2 25 5
27.1837 -327.181 -327.181 2 25 5
27.1834 -327.231 -327.231 2 25 5
27.1832 -327.281 -327.281 2 25 5
27.1833 -327.331 -327.331 2 25 5
27.1833 -327.381 -327.381 2 25 5
27.1833 -327.431 -327.431 2 25 5
27.1832 -327.481 -327.481 2 25 5
27.1837 -327.531 -327.531 2 25 5
27.1835 -327.581 -327.581 2 25 5
27.1834 -327.631 -327.631 2 25 5
27.1833 -327.681 -327.681 2 25 5
27.1832 -327.731 -327.731 2 25 5
27.1833 -327.781 -327.781 2 25 5
27.1834 -327.831 -327.831 2 25 5
27.1833 -327.881 -327.881 2 25 5
27.1833 -327.931 -327.931 2 25 5
27.1833 -327.981 -327.981 2 25 5
27.1833 -328.031 -328.031 2 25 5
27.1833 -328.081 -328.081 2 25 5
27.1832 -328.131 -328.131 2 25 5
27.1832 -328.181 -328.181 2 25 5
27.1834 -328.231 -328.231 2 25 5
27.1834 -328.281 -328.281 2 25 5
27.1834 -328.331 -328.331 2 25 5
27.1833 -328.381 -328.381 2 25 5
27.1833 -328.431 -328.431 2 25 5
27.1833 -328.481 -328.481 2 25 5
27.1833 -328.531 -328.531 2 25 5
27.1832 -328.581 -328.581 2 25 5
27.1834 -328.631 -328.631 2 25 5
27.1834 -328.681 -328.681 2 25 5
27.1834 -328.731 -328.731 2 25 5
27.1833 -328.781 -328.781 2 25 5
27.1833 -328.831 -328.831 2 25 5
27.1833 -328.881 -328.881 2 25 5
27.1832 -328.931 -328.931 2 25 5
27.1834 -328.981 -328.981 2 25 5
27.1834 -329.031 -329.031 2 25 5
27.1834 -329.081 -329.081 2 25 5
27.1833 -329.131 -329.131 2 25 5
27.1833 -329.181 -329.181 2 25 5
27.1833 -329.231 -329.231 2 25 5
27.1833 -329.281 -329.281 2 25 5
27.1832 -329.331 -329.331 2 25 5
27.1835 -329.381 -329.381 2 25 5
27.1835 -329.431 -329.431 2 25 5
27.1834 -329.481 -329.481 2 25 5
27.1833 -329.531 -329.531 2 25 5
27.1833 -329.581 -329.581 2 25 5
27.1832 -329.631 -329.631 2 25 5
27.1846 -329.681 -329.681 2 25 5
27.184 -329.731 -329.731 2 25 5
27.1834 -329.781 -329.781 2 25 5
27.183 -329.831 -329.831 2 25 5
27.1831 -329.881 -329.881 2 25 5
27.1832 -329.931 -329.931 2 25 5
27.1828 -329.981 -329.981 2 25 5
27.1832 -330.031 -330.031 2 25 5
27.1835 -330.081 -330.081 2 25 5
27.1836 -330.131 -330.131 2 25 5
27.1835 -330.181 -330.181 2 25 5
27.1833 -330.231 -330.231 2 25 5
27.1833 -330.281 -330.281 2 25 5
27.1832 -330.331 -330.331 2 25 5
27.1835 -330.381 -330.381 2 25 5
27.1835 -330.431 -330.431 2 25 5
27.1834 -330.481 -330.481 2 25 5
27.1833 -330.531 -330.531 2 25 5
27.1832 -330.581 -330.581 2 25 5
27.1831 -330.631 -330.631 2 25 5
27.1833 -330.681 -330.681 2 25 5
27.1833 -330.731 -330.731 2 25 5
27.1834 -330.781 -330.781 2 25 5
27.1834 -330.831 -330.831 2 25 5
27.1833 -330.881 -330.881 2 25 5
27.1833 -330.931 -330.931 2 25 5
27.1833 -330.981 -330.981 2 25 5
27.1833 -331.031 -331.031 2 25 5
27.1833 -331.081 -331.081 2 25 5
27.1832 -331.131 -331.131 2 25 5
27.1839 -331.181 -331.181 2 25 5
27.1837 -331.231 -331.231 2 25 5
27.1834 -331.281 -331.281 2 25 5
27.1832 -331.331 -331.331 2 25 5
27.1835 -331.381 -331.381 2 25 5
27.1834 -331.431 -331.431 2 25 5
27.1833 -331.481 -331.481 2 25 5
27.1833 -331.531 -331.531 2 25 5
27.1831 -331.581 -331.581 2 25 5
27.1833 -331.631 -331.631 2 25 5
27.1834 -331.681 -331.681 2 25 5
27.1834 -331.731 -331.731 2 25 5
27.1833 -331.781 -331.781 2 25 5
27.1833 -331.831 -331.831 2 25 5
27.1833 -331.881 -331.881 2 25 5
27.1833 -331.931 -331.931 2 25 5
27.1833 -331.981 -331.981 2 25 5
27.1832 -332.031 -332.031 2 25 5
27.1826 -332.081 -332.081 2 25 5
27.183 -332.131 -332.131 2 25 5
27.1834 -332.181 -332.181 2 25 5
27.1836 -332.231 -332.231 2 25 5
27.1835 -332.281 -332.281 2 25 5
27.1834 -332.331 -332.331 2 25 5
27.1833 -332.381 -332.381 2 25 5
27.1832 -332.431 -332.431 2 25 5
27.1831 -332.481 -332.481 2 25 5
27.1833 -332.531 -332.531 2 25 5
27.1833 -332.581 -332.581 2 25 5
27.1834 -332.631 -332.631 2 25 5
27.1834 -332.681 -332.681 2 25 5
27.1833 -332.731 -332.731 2 25 5
27.1833 -332.781 -332.781 2 25 5
27.1833 -332.831 -332.831 2 25 5
27.1833 -332.881 -332.881 2 25 5
27.1833 -332.931 -332.931 2 25 5
27.1832 -332.981 -332.981 2 25 5
27.1824 -333.031 -333.031 2 25 5
27.1829 -333.081 -333.081 2 25 5
27.1834 -333.131 -333.131 2 25 5
27.1836 -333.181 -333.181 2 25 5
27.1836 -333.231 -333.231 2 25 5
27.1834 -333.281 -333.281 2 25 5
27.1833 -333.331 -333.331 2 25 5
27.1832 -333.381 -333.381 2 25 5
27.183 -333.431 -333.431 2 25 5
27.1832 -333.481 -333.481 2 25 5
27.1831 -333.531 -333.531 2 25 5
27.1834 -333.581 -333.581 2 25 5
27.1834 -333.631 -333.631 2 25 5
27.1834 -333.681 -333.681 2 25 5
27.1834 -333.731 -333.731 2 25 5
27.1833 -333.781 -333.781 2 25 5
27.1833 -333.831 -333.831 2 25 5
27.1832 -333.881 -333.881 2 25 5
27.1831 -333.931 -333.931 2 25 5
27.1834 -333.981 -333.981 2 25 5
27.1834 -334.031 -334.031 2 25 5
27.1834 -334.081 -334.081 2 25 5
27.1834 -334.131 -334.131 2 25 5
27.1833 -334.181 -334.181 2 25 5
27.1833 -334.231 -334.231 2 25 5
27.1833 -334.281 -334.281 2 25 5
27.1832 -334.331 -334.331 2 25 5
27.183 -334.381 -334.381 2 25 5
27.1832 -334.431 -334.431 2 25 5
27.183 -334.481 -334.481 2 25 5
27.1833 -334.531 -334.531 2 25 5
27.1834 -334.581 -334.581 2 25 5
27.1834 -334.631 -334.631 2 25 5
27.1834 -334.681 -334.681 2 25 5
27.1833 -334.731 -334.731 2 25 5
27.1833 -334.781 -334.781 2 25 5
27.1833 -334.831 -334.831 2 25 5
27.1832 -334.881 -334.881 2 25 5
27.1802 -334.931 -334.931 2 25 5
27.1818 -334.981 -334.981 2 25 5
27.1834 -335.031 -335.031 2 25 5
27.1842 -335.081 -335.081 2 25 5
27.1841 -335.131 -335.131 2 25 5
27.1837 -335.181 -335.181 2 25 5
27.1833 -335.231 -335.231 2 25 5
27.1831 -335.281 -335.281 2 25 5
27.1832 -335.331 -335.331 2 25 5
27.1835 -335.381 -335.381 2 25 5
27.1835 -335.431 -335.431 2 25 5
27.1834 -335.481 -335.481 2 25 5
27.1833 -335.531 -335.531 2 25 5
27.1833 -335.581 -335.581 2 25 5
27.1832 -335.631 -335.631 2 25 5
27.1834 -335.681 -335.681 2 25 5
27.1834 -335.731 -335.731 2 25 5
27.1834 -335.781 -335.781 2 25 5
27.1833 -335.831 -335.831 2 25 5
27.1833 -335.881 -335.881 2 25 5
27.1832 -335.931 -335.931 2 25 5
27.1831 -335.981 -335.981 2 25 5
27.1833 -336.031 -336.031 2 25 5
27.1834 -336.081 -336.081 2 25 5
27.1834 -336.131 -336.131 2 25 5
27.1834 -336.181 -336.181 2 25 5
27.1833 -336.231 -336.231 2 25 5
27.1833 -336.281 -336.281 2 25 5
27.1833 -336.331 -336.331 2 25 5
27.1832 -336.381 -336.381 2 25 5
27.1832 -336.431 -336.431 2 25 5
27.1834 -336.481 -336.481 2 25 5
27.1834 -336.531 -336.531 2 25 5
27.1834 -336.581 -336.581 2 25 5
27.1833 -336.631 -336.631 2 25 5
27.1833 -336.681 -336.681 2 25 5
27.1833 -336.731 -336.731 2 25 5
27.1832 -336.781 -336.781 2 25 5
27.183 -336.831 -336.831 2 25 5
27.1833 -336.881 -336.881 2 25 5
27.1833 -336.931 -336.931 2 25 5
27.1834 -336.981 -336.981 2 25 5
27.1834 -337.031 -337.031 2 25 5
27.1834 -337.081 -337.081 2 25 5
27.1833 -337.131 -337.131 2 25 5
27.1833 -337.181 -337.181 2 25 5
27.1833 -337.231 -337.231 2 25 5
27.1833 -337.281 -337.281 2 25 5
27.1832 -337.331 -337.331 2 25 5
27.1848 -337.381 -337.381 2 25 5
27.1841 -337.431 -337.431 2 25 5
27.1834 -337.481 -337.481 2 25 5
27.183 -337.531 -337.531 2 25 5
27.183 -337.581 -337.581 2 25 5
27.1832 -337.631 -337.631 2 25 5
27.184 -337.681 -337.681 2 25 5
27.1838 -337.731 -337.731 2 25 5
27.1834 -337.781 -337.781 2 25 5
27.1832 -337.831 -337.831 2 25 5
27.1836 -337.881 -337.881 2 25 5
27.1834 -337.931 -337.931 2 25 5
27.1833 -337.981 -337.981 2 25 5
27.1832 -338.031 -338.031 2 25 5
27.183 -338.081 -338.081 2 25 5
27.1833 -338.131 -338.131 2 25 5
27.1833 -338.181 -338.181 2 25 5
27.1833 -338.231 -338.231 2 25 5
27.1833 -338.281 -338.281 2 25 5
27.1833 -338.331 -338.331 2 25 5
27.1833 -338.381 -338.381 2 25 5
27.1833 -338.431 -338.431 2 25 5
27.1833 -338.481 -338.481 2 25 5
27.1833 -338.531 -338.531 2 25 5
27.1833 -338.581 -338.581 2 25 5
27.1833 -338.631 -338.631 2 25 5
27.1833 -338.681 -338.681 2 25 5
27.1832 -338.731 -338.731 2 25 5
27.1777 -338.781 -338.781 2 25 5
27.1806 -338.831 -338.831 2 25 5
27.1834 -338.881 -338.881 2 25 5
27.1848 -338.931 -338.931 2 25 5
27.1848 -338.981 -338.981 2 25 5
27.184 -339.031 -339.031 2 25 5
27.1833 -339.081 -339.081 2 25 5
27.183 -339.131 -339.131 2 25 5
27.183 -339.181 -339.181 2 25 5
27.1832 -339.231 -339.231 2 25 5
27.1831 -339.281 -339.281 2 25 5
27.1833 -339.331 -339.331 2 25 5
27.1834 -339.381 -339.381 2 25 5
27.1834 -339.431 -339.431 2 25 5
27.1834 -339.481 -339.481 2 25 5
27.1833 -339.531 -339.531 2 25 5
27.1833 -339.581 -339.581 2 25 5
27.1833 -339.631 -339.631 2 25 5
27.1832 -339.681 -339.681 2 25 5
27.1824 -339.731 -339.731 2 25 5
27.1829 -339.781 -339.781 2 25 5
27.1834 -339.831 -339.831 2 25 5
27.1836 -339.881 -339.881 2 25 5
27.1836 -339.931 -339.931 2 25 5
27.1834 -339.981 -339.981 2 25 5
27.1833 -340.031 -340.031 2 25 5
27.1832 -340.081 -340.081 2 25 5
27.183 -340.131 -340.131 2 25 5
27.1833 -340.181 -340.181 2 25 5
27.1833 -340.231 -340.231 2 25 5
27.1833 -340.281 -340.281 2 25 5
27.1833 -340.331 -340.331 2 25 5
27.1833 -340.381 -340.381 2 25 5
27.1833 -340.431 -340.431 2 25 5
27.1833 -340.481 -340.481 2 25 5
27.1833 -340.531 -340.531 2 25 5
27.1833 -340.581 -340.581 2 25 5
27.1833 -340.631 -340.631 2 25 5
27.1833 -340.681 -340.681 2 25 5
27.1833 -340.731 -340.731 2 25 5
27.1832 -340.781 -340.781 2 25 5
27.1838 -340.831 -340.831 2 25 5
27.1836 -340.881 -340.881 2 25 5
27.1834 -340.931 -340.931 2 25 5
27.1832 -340.981 -340.981 2 25 5
27.1831 -341.031 -341.031 2 25 5
27.1833 -341.081 -341.081 2 25 5
27.1832 -341.131 -341.131 2 25 5
27.1831 -341.181 -341.181 2 25 5
27.1834 -341.231 -341.231 2 25 5
27.1834 -341.281 -341.281 2 25 5
27.1834 -341.331 -341.331 2 25 5
27.1834 -341.381 -341.381 2 25 5
27.1833 -341.431 -341.431 2 25 5
27.1833 -341.481 -341.481 2 25 5
27.1833 -341.531 -341.531 2 25 5
27.1832 -341.581 -341.581 2 25 5
27.1799 -341.631 -341.631 2 25 5
27.1817 -341.681 -341.681 2 25 5
27.1834 -341.731 -341.731 2 25 5
27.1842 -341.781 -341.781 2 25 5
27.1842 -341.831 -341.831 2 25 5
27.1838 -341.881 -341.881 2 25 5
27.1833 -341.931 -341.931 2 25 5
27.1831 -341.981 -341.981 2 25 5
27.1832 -342.031 -342.031 2 25 5
27.1835 -342.081 -342.081 2 25 5
27.1835 -342.131 -342.131 2 25 5
27.1834 -342.181 -342.181 2 25 5
27.1833 -342.231 -342.231 2 25 5
27.1833 -342.281 -342.281 2 25 5
27.1832 -342.331 -342.331 2 25 5
27.1838 -342.381 -342.381 2 25 5
27.1836 -342.431 -342.431 2 25 5
27.1834 -342.481 -342.481 2 25 5
27.1832 -342.531 -342.531 2 25 5
27.1831 -342.581 -342.581 2 25 5
27.1833 -342.631 -342.631 2 25 5
27.1833 -342.681 -342.681 2 25 5
27.1833 -342.731 -342.731 2 25 5
27.1833 -342.781 -342.781 2 25 5
27.1833 -342.831 -342.831 2 25 5
27.1833 -342.881 -342.881 2 25 5
27.1833 -342.931 -342.931 2 25 5
27.1833 -342.981 -342.981 2 25 5
27.1833 -343.031 -343.031 2 25 5
27.1833 -343.081 -343.081 2 25 5
27.1833 -343.131 -343.131 2 25 5
27.1833 -343.181 -343.181 2 25 5
27.1832 -343.231 -343.231 2 25 5
27.1831 -343.281 -343.281 2 25 5
27.1834 -343.331 -343.331 2 25 5
27.1834 -343.381 -343.381 2 25 5
27.1834 -343.431 -343.431 2 25 5
27.1834 -343.481 -343.481 2 25 5
27.1833 -343.531 -343.531 2 25 5
27.1833 -343.581 -343.581 2 25 5
27.1832 -343.631 -343.631 2 25 5
27.1832 -343.681 -343.681 2 25 5
27.1834 -343.731 -343.731 2 25 5
27.1834 -343.781 -343.781 2 25 5
27.1834 -343.831 -343.831 2 25 5
27.1833 -343.881 -343.881 2 25 5
27.1833 -343.931 -343.931 2 25 5
27.1833 -343.981 -343.981 2 25 5
27.1832 -344.031 -344.031 2 25 5
27.1838 -344.081 -344.081 2 25 5
27.1836 -344.131 -344.131 2 25 5
27.1834 -344.181 -344.181 2 25 5
27.1833 -344.231 -344.231 2 25 5
27.1831 -344.281 -344.281 2 25 5
27.1833 -344.331 -344.331 2 25 5
27.1833 -344.381 -344.381 2 25 5
27.1833 -344.431 -344.431 2 25 5
27.1833 -344.481 -344.481 2 25 5
27.1833 -344.531 -344.531 2 25 5
27.1833 -344.581 -344.581 2 25 5
27.1833 -344.631 -344.631 2 25 5
27.1833 -344.681 -344.681 2 25 5
27.1833 -344.731 -344.731 2 25 5
27.1833 -344.781 -344.781 2 25 5
27.1833 -344.831 -344.831 2 25 5
27.1832 -344.881 -344.881 2 25 5
27.1831 -344.931 -344.931 2 25 5
27.1834 -344.981 -344.981 2 25 5
27.1834 -345.031 -345.031 2 25 5
27.1834 -345.081 -345.081 2 25 5
27.1834 -345.131 -345.131 2 25 5
27.1833 -345.181 -345.181 2 25 5
27.1833 -345.231 -345.231 2 25 5
27.1832 -345.281 -345.281 2 25 5
27.1831 -345.331 -345.331 2 25 5
27.1834 -345.381 -345.381 2 25 5
27.1834 -345.431 -345.431 2 25 5
27.1834 -345.481 -345.481 2 25 5
27.1834 -345.531 -345.531 2 25 5
27.1833 -345.581 -345.581 2 25 5
27.1833 -345.631 -345.631 2 25 5
27.1832 -345.681 -345.681 2 25 5
27.1831 -345.731 -345.731 2 25 5
27.1833 -345.781 -345.781 2 25 5
27.1834 -345.831 -345.831 2 25 5
27.1834 -345.881 -345.881 2 25 5
27.1834 -345.931 -345.931 2 25 5
27.1833 -345.981 -345.981 2 25 5
27.1833 -346.031 -346.031 2 25 5
27.1833 -346.081 -346.081 2 25 5
27.1832 -346.131 -346.131 2 25 5
27.1832 -346.181 -346.181 2 25 5
27.1834 -346.231 -346.231 2 25 5
27.1834 -346.281 -346.281 2 25 5
27.1834 -346.331 -346.331 2 25 5
27.1833 -346.381 -346.381 2 25 5
27.1833 -346.431 -346.431 2 25 5
27.1833 -346.481 -346.481 2 25 5
27.1832 -346.531 -346.531 2 25 5
27.1828 -346.581 -346.581 2 25 5
27.1831 -346.631 -346.631 2 25 5
27.1835 -346.681 -346.681 2 25 5
27.1836 -346.731 -346.731 2 25 5
27.1835 -346.781 -346.781 2 25 5
27.1834 -346.831 -346.831 2 25 5
27.1833 -346.881 -346.881 2 25 5
27.1832 -346.931 -346.931 2 25 5
27.1811 -346.981 -346.981 2 25 5
27.1823 -347.031 -347.031 2 25 5
27.1834 -347.081 -347.081 2 25 5
27.1839 -347.131 -347.131 2 25 5
27.1839 -347.181 -347.181 2 25 5
27.1836 -347.231 -347.231 2 25 5
27.1833 -347.281 -347.281 2 25 5
27.1832 -347.331 -347.331 2 25 5
27.1834 -347.381 -347.381 2 25 5
27.1834 -347.431 -347.431 2 25 5
27.1833 -347.481 -347.481 2 25 5
27.1833 -347.531 -347.531 2 25 5
27.1833 -347.581 -347.581 2 25 5
27.1832 -347.631 -347.631 2 25 5
27.1831 -347.681 -347.681 2 25 5
27.1833 -347.731 -347.731 2 25 5
27.1834 -347.781 -347.781 2 25 5
27.1834 -347.831 -347.831 2 25 5
27.1834 -347.881 -347.881 2 25 5
27.1833 -347.931 -347.931 2 25 5
27.1833 -347.981 -347.981 2 25 5
27.1833 -348.031 -348.031 2 25 5
27.1833 -348.081 -348.081 2 25 5
27.1832 -348.131 -348.131 2 25 5
27.1799 -348.181 -348.181 2 25 5
27.1817 -348.231 -348.231 2 25 5
27.1834 -348.281 -348.281 2 25 5
27.1842 -348.331 -348.331 2 25 5
27.1842 -348.381 -348.381 2 25 5
27.1838 -348.431 -348.431 2 25 5
27.1833 -348.481 -348.481 2 25 5
27.1831 -348.531 -348.531 2 25 5
27.1832 -348.581 -348.581 2 25 5
27.1842 -348.631 -348.631 2 25 5
27.1838 -348.681 -348.681 2 25 5
27.1834 -348.731 -348.731 2 25 5
27.1831 -348.781 -348.781 2 25 5
27.1833 -348.831 -348.831 2 25 5
27.1863 -348.881 -348.881 2 25 5
27.1864 -348.931 -348.931 2 25 5
27.1849 -348.981 -348.981 2 25 5
27.1834 -349.031 -349.031 2 25 5
27.1826 -349.081 -349.081 2 25 5
27.1826 -349.131 -349.131 2 25 5
27.183 -349.181 -349.181 2 25 5
27.1834 -349.231 -349.231 2 25 5
27.1835 -349.281 -349.281 2 25 5
27.1835 -349.331 -349.331 2 25 5
27.1834 -349.381 -349.381 2 25 5
27.1833 -349.431 -349.431 2 25 5
27.1833 -349.481 -349.481 2 25 5
27.1832 -349.531 -349.531 2 25 5
27.1838 -349.581 -349.581 2 25 5
27.1836 -349.631 -349.631 2 25 5
27.1834 -349.681 -349.681 2 25 5
27.1832 -349.731 -349.731 2 25 5
27.1831 -349.781 -349.781 2 25 5
27.1833 -349.831 -349.831 2 25 5
27.1833 -349.881 -349.881 2 25 5
27.1833 -349.931 -349.931 2 25 5
27.1833 -349.981 -349.981 2 25 5
27.1833 -350.031 -350.031 2 25 5
27.1833 -350.081 -350.081 2 25 5
27.1833 -350.131 -350.131 2 25 5
27.1833 -350.181 -350.181 2 25 5
27.1833 -350.231 -350.231 2 25 5
27.1833 -350.281 -350.281 2 25 5
27.1833 -350.331 -350.331 2 25 5
27.1832 -350.381 -350.381 2 25 5
27.1825 -350.431 -350.431 2 25 5
27.183 -350.481 -350.481 2 25 5
27.1835 -350.531 -350.531 2 25 5
27.1836 -350.581 -350.581 2 25 5
27.1836 -350.631 -350.631 2 25 5
27.1834 -350.681 -350.681 2 25 5
27.1833 -350.731 -350.731 2 25 5
27.1832 -350.781 -350.781 2 25 5
27.1831 -350.831 -350.831 2 25 5
27.1833 -350.881 -350.881 2 25 5
27.1833 -350.931 -350.931 2 25 5
27.1834 -350.981 -350.981 2 25 5
27.1834 -351.031 -351.031 2 25 5
27.1834 -351.081 -351.081 2 25 5
27.1833 -351.131 -351.131 2 25 5
27.1833 -351.181 -351.181 2 25 5
27.1833 -351.231 -351.231 2 25 5
27.1833 -351.281 -351.281 2 25 5
27.1832 -351.331 -351.331 2 25 5
27.1823 -351.381 -351.381 2 25 5
27.1829 -351.431 -351.431 2 25 5
27.1835 -351.481 -351.481 2 25 5
27.1837 -351.531 -351.531 2 25 5
27.1836 -351.581 -351.581 2 25 5
27.1835 -351.631 -351.631 2 25 5
27.1833 -351.681 -351.681 2 25 5
27.1832 -351.731 -351.731 2 25 5
27.183 -351.781 -351.781 2 25 5
27.1832 -351.831 -351.831 2 25 5
27.1832 -351.881 -351.881 2 25 5
27.1832 -351.931 -351.931 2 25 5
27.1831 -351.981 -351.981 2 25 5
27.1834 -352.031 -352.031 2 25 5
27.1834 -352.081 -352.081 2 25 5
27.1834 -352.131 -352.131 2 25 5
27.1834 -352.181 -352.181 2 25 5
27.1833 -352.231 -352.231 2 25 5
27.1833 -352.281 -352.281 2 25 5
27.1832 -352.331 -352.331 2 25 5
27.1832 -352.381 -352.381 2 25 5
27.1835 -352.431 -352.431 2 25 5
27.1835 -352.481 -352.481 2 25 5
27.1834 -352.531 -352.531 2 25 5
27.1833 -352.581 -352.581 2 25 5
27.1833 -352.631 -352.631 2 25 5
27.1832 -352.681 -352.681 2 25 5
27.1837 -352.731 -352.731 2 25 5
27.1836 -352.781 -352.781 2 25 5
27.1834 -352.831 -352.831 2 25 5
27.1833 -352.881 -352.881 2 25 5
27.1832 -352.931 -352.931 2 25 5
27.1837 -352.981 -352.981 2 25 5
27.1836 -353.031 -353.031 2 25 5
27.1834 -353.081 -353.081 2 25 5
27.1833 -353.131 -353.131 2 25 5
27.1832 -353.181 -353.181 2 25 5
27.1837 -353.231 -353.231 2 25 5
27.1836 -353.281 -353.281 2 25 5
27.1834 -353.331 -353.331 2 25 5
27.1833 -353.381 -353.381 2 25 5
27.1831 -353.431 -353.431 2 25 5
27.1834 -353.481 -353.481 2 25 5
27.1834 -353.531 -353.531 2 25 5
27.1834 -353.581 -353.581 2 25 5
27.1833 -353.631 -353.631 2 25 5
27.1833 -353.681 -353.681 2 25 5
27.1833 -353.731 -353.731 2 25 5
27.1833 -353.781 -353.781 2 25 5
27.1832 -353.831 -353.831 2 25 5
27.1819 -353.881 -353.881 2 25 5
27.1827 -353.931 -353.931 2 25 5
27.1835 -353.981 -353.981 2 25 5
27.1838 -354.031 -354.031 2 25 5
27.1837 -354.081 -354.081 2 25 5
27.1835 -354.131 -354.131 2 25 5
27.1833 -354.181 -354.181 2 25 5
27.1832 -354.231 -354.231 2 25 5
27.1826 -354.281 -354.281 2 25 5
27.183 -354.331 -354.331 2 25 5
27.1835 -354.381 -354.381 2 25 5
27.1836 -354.431 -354.431 2 25 5
27.1835 -354.481 -354.481 2 25 5
27.1834 -354.531 -354.531 2 25 5
27.1833 -354.581 -354.581 2 25 5
27.1832 -354.631 -354.631 2 25 5
27.1831 -354.681 -354.681 2 25 5
27.1834 -354.731 -354.731 2 25 5
27.1834 -354.781 -354.781 2 25 5
27.1834 -354.831 -354.831 2 25 5
27.1833 -354.881 -354.881 2 25 5
27.1833 -354.931 -354.931 2 25 5
27.1833 -354.981 -354.981 2 25 5
27.1832 -355.031 -355.031 2 25 5
27.1791 -355.081 -355.081 2 25 5
27.1813 -355.131 -355.131 2 25 5
27.1834 -355.181 -355.181 2 25 5
27.1844 -355.231 -355.231 2 25 5
27.1844 -355.281 -355.281 2 25 5
27.1839 -355.331 -355.331 2 25 5
27.1834 -355.381 -355.381 2 25 5
27.1831 -355.431 -355.431 2 25 5
27.1831 -355.481 -355.481 2 25 5
27.1834 -355.531 -355.531 2 25 5
27.1834 -355.581 -355.581 2 25 5
27.1834 -355.631 -355.631 2 25 5
27.1833 -355.681 -355.681 2 25 5
27.1833 -355.731 -355.731 2 25 5
27.1833 -355.781 -355.781 2 25 5
27.1832 -355.831 -355.831 2 25 5
27.1826 -355.881 -355.881 2 25 5
27.1831 -355.931 -355.931 2 25 5
27.1835 -355.981 -355.981 2 25 5
27.1836 -356.031 -356.031 2 25 5
27.1835 -356.081 -356.081 2 25 5
27.1834 -356.131 -356.131 2 25 5
27.1833 -356.181 -356.181 2 25 5
27.1832 -356.231 -356.231 2 25 5
27.183 -356.281 -356.281 2 25 5
27.1833 -356.331 -356.331 2 25 5
27.1834 -356.381 -356.381 2 25 5
27.1834 -356.431 -356.431 2 25 5
27.1834 -356.481 -356.481 2 25 5
27.1834 -356.531 -356.531 2 25 5
27.1833 -356.581 -356.581 2 25 5
27.1833 -356.631 -356.631 2 25 5
27.1833 -356.681 -356.681 2 25 5
27.1832 -356.731 -356.731 2 25 5
27.1832 -356.781 -356.781 2 25 5
27.1835 -356.831 -356.831 2 25 5
27.1835 -356.881 -356.881 2 25 5
27.1834 -356.931 -356.931 2 25 5
27.1833 -356.981 -356.981 2 25 5
27.1833 -357.031 -357.031 2 25 5
27.1832 -357.081 -357.081 2 25 5
27.1829 -357.131 -357.131 2 25 5
27.1832 -357.181 -357.181 2 25 5
27.1832 -357.231 -357.231 2 25 5
27.1829 -357.281 -357.281 2 25 5
27.1832 -357.331 -357.331 2 25 5
27.1833 -357.381 -357.381 2 25 5
27.1834 -357.431 -357.431 2 25 5
27.1834 -357.481 -357.481 2 25 5
27.1834 -357.531 -357.531 2 25 5
27.1833 -357.581 -357.581 2 25 5
27.1833 -357.631 -357.631 2 25 5
27.1833 -357.681 -357.681 2 25 5
27.1832 -357.731 -357.731 2 25 5
27.1831 -357.781 -357.781 2 25 5
27.1835 -357.831 -357.831 2 25 5
27.1835 -357.881 -357.881 2 25 5
27.1834 -357.931 -357.931 2 25 5
27.1833 -357.981 -357.981 2 25 5
27.1833 -358.031 -358.031 2 25 5
27.1832 -358.081 -358.081 2 25 5
27.1831 -358.131 -358.131 2 25 5
27.1834 -358.181 -358.181 2 25 5
27.1834 -358.231 -358.231 2 25 5
27.1834 -358.281 -358.281 2 25 5
27.1834 -358.331 -358.331 2 25 5
27.1833 -358.381 -358.381 2 25 5
27.1833 -358.431 -358.431 2 25 5
27.1833 -358.481 -358.481 2 25 5
27.1832 -358.531 -358.531 2 25 5
27.183 -358.581 -358.581 2 25 5
27.1833 -358.631 -358.631 2 25 5
27.1833 -358.681 -358.681 2 25 5
27.1834 -358.731 -358.731 2 25 5
27.1834 -358.781 -358.781 2 25 5
27.1834 -358.831 -358.831 2 25 5
27.1833 -358.881 -358.881 2 25 5
27.1833 -358.931 -358.931 2 25 5
27.1833 -358.981 -358.981 2 25 5
27.1832 -359.031 -359.031 2 25 5
27.1832 -359.081 -359.081 2 25 5
27.1836 -359.131 -359.131 2 25 5
27.1836 -359.181 -359.181 2 25 5
27.1834 -359.231 -359.231 2 25 5
27.1833 -359.281 -359.281 2 25 5
27.1832 -359.331 -359.331 2 25 5
27.1831 -359.381 -359.381 2 25 5
27.1834 -359.431 -359.431 2 25 5
27.1834 -359.481 -359.481 2 25 5
27.1834 -359.531 -359.531 2 25 5
27.1834 -359.581 -359.581 2 25 5
27.1833 -359.631 -359.631 2 25 5
27.1833 -359.681 -359.681 2 25 5
27.1833 -359.731 -359.731 2 25 5
27.1832 -359.781 -359.781 2 25 5
27.1831 -359.831 -359.831 2 25 5
27.1834 -359.881 -359.881 2 25 5
27.1834 -359.931 -359.931 2 25 5
27.1834 -359.981 -359.981 2 25 5
27.1834 -360.031 -360.031 2 25 5
27.1833 -360.081 -360.081 2 25 5
27.1833 -360.131 -360.131 2 25 5
27.1833 -360.181 -360.181 2 25 5
27.1832 -360.231 -360.231 2 25 5
27.1829 -360.281 -360.281 2 25 5
27.1832 -360.331 -360.331 2 25 5
27.1833 -360.381 -360.381 2 25 5
27.1833 -360.431 -360.431 2 25 5
27.1834 -360.481 -360.481 2 25 5
27.1834 -360.531 -360.531 2 25 5
27.1834 -360.581 -360.581 2 25 5
27.1833 -360.631 -360.631 2 25 5
27.1833 -360.681 -360.681 2 25 5
27.1833 -360.731 -360.731 2 25 5
27.1833 -360.781 -360.781 2 25 5
27.1833 -360.831 -360.831 2 25 5
27.1832 -360.881 -360.881 2 25 5
27.1827 -360.931 -360.931 2 25 5
27.1831 -360.981 -360.981 2 25 5
27.1836 -361.031 -361.031 2 25 5
27.1836 -361.081 -361.081 2 25 5
27.1835 -361.131 -361.131 2 25 5
27.1834 -361.181 -361.181 2 25 5
27.1833 -361.231 -361.231 2 25 5
27.1832 -361.281 -361.281 2 25 5
27.1825 -361.331 -361.331 2 25 5
27.183 -361.381 -361.381 2 25 5
27.1835 -361.431 -361.431 2 25 5
27.1836 -361.481 -361.481 2 25 5
27.1836 -361.531 -361.531 2 25 5
27.1834 -361.581 -361.581 2 25 5
27.1833 -361.631 -361.631 2 25 5
27.1832 -361.681 -361.681 2 25 5
27.1831 -361.731 -361.731 2 25 5
27.1834 -361.781 -361.781 2 25 5
27.1834 -361.831 -361.831 2 25 5
27.1834 -361.881 -361.881 2 25 5
27.1834 -361.931 -361.931 2 25 5
27.1833 -361.981 -361.981 2 25 5
27.1833 -362.031 -362.031 2 25 5
27.1833 -362.081 -362.081 2 25 5
27.1832 -362.131 -362.131 2 25 5
27.1831 -362.181 -362.181 2 25 5
27.1834 -362.231 -362.231 2 25 5
27.1835 -362.281 -362.281 2 25 5
27.1834 -362.331 -362.331 2 25 5
27.1834 -362.381 -362.381 2 25 5
27.1833 -362.431 -362.431 2 25 5
27.1833 -362.481 -362.481 2 25 5
27.1832 -362.531 -362.531 2 25 5
27.1831 -362.581 -362.581 2 25 5
27.1833 -362.631 -362.631 2 25 5
27.1834 -362.681 -362.681 2 25 5
27.1834 -362.731 -362.731 2 25 5
27.1834 -362.781 -362.781 2 25 5
27.1833 -362.831 -362.831 2 25 5
27.1833 -362.881 -362.881 2 25 5
27.1833 -362.931 -362.931 2 25 5
27.1832 -362.981 -362.981 2 25 5
27.1831 -363.031 -363.031 2 25 5
27.1835 -363.081 -363.081 2 25 5
27.1835 -363.131 -363.131 2 25 5
27.1834 -363.181 -363.181 2 25 5
27.1833 -363.231 -363.231 2 25 5
27.1833 -363.281 -363.281 2 25 5
27.1832 -363.331 -363.331 2 25 5
27.1831 -363.381 -363.381 2 25 5
27.1834 -363.431 -363.431 2 25 5
27.1835 -363.481 -363.481 2 25 5
27.1834 -363.531 -363.531 2 25 5
27.1834 -363.581 -363.581 2 25 5
27.1833 -363.631 -363.631 2 25 5
27.1833 -363.681 -363.681 2 25 5
27.1832 -363.731 -363.731 2 25 5
27.183 -363.781 -363.781 2 25 5
27.1833 -363.831 -363.831 2 25 5
27.1834 -363.881 -363.881 2 25 5
27.1834 -363.931 -363.931 2 25 5
27.1834 -363.981 -363.981 2 25 5
27.1834 -364.031 -364.031 2 25 5
27.1833 -364.081 -364.081 2 25 5
27.1833 -364.131 -364.131 2 25 5
27.1832 -364.181 -364.181 2 25 5
27.1832 -364.231 -364.231 2 25 5
27.1839 -364.281 -364.281 2 25 5
27.1837 -364.331 -364.331 2 25 5
27.1834 -364.381 -364.381 2 25 5
27.1833 -364.431 -364.431 2 25 5
27.1831 -364.481 -364.481 2 25 5
27.1834 -364.531 -364.531 2 25 5
27.1834 -364.581 -364.581 2 25 5
27.1834 -364.631 -364.631 2 25 5
27.1833 -364.681 -364.681 2 25 5
27.1833 -364.731 -364.731 2 25 5
27.1833 -364.781 -364.781 2 25 5
27.1833 -364.831 -364.831 2 25 5
27.1832 -364.881 -364.881 2 25 5
27.1832 -364.931 -364.931 2 25 5
27.1843 -364.981 -364.981 2 25 5
27.1839 -365.031 -365.031 2 25 5
27.1835 -365.081 -365.081 2 25 5
27.1832 -365.131 -365.131 2 25 5
27.1834 -365.181 -365.181 2 25 5
27.1833 -365.231 -365.231 2 25 5
27.1833 -365.281 -365.281 2 25 5
27.1832 -365.331 -365.331 2 25 5
27.1832 -365.381 -365.381 2 25 5
27.1843 -365.431 -365.431 2 25 5
27.1839 -365.481 -365.481 2 25 5
27.1834 -365.531 -365.531 2 25 5
27.1831 -365.581 -365.581 2 25 5
27.1834 -365.631 -365.631 2 25 5
27.1833 -365.681 -365.681 2 25 5
27.1833 -365.731 -365.731 2 25 5
27.1832 -365.781 -365.781 2 25 5
27.1831 -365.831 -365.831 2 25 5
27.1835 -365.881 -365.881 2 25 5
27.1835 -365.931 -365.931 2 25 5
27.1834 -365.981 -365.981 2 25 5
27.1834 -366.031 -366.031 2 25 5
27.1833 -366.081 -366.081 2 25 5
27.1833 -366.131 -366.131 2 25 5
27.1832 -366.181 -366.181 2 25 5
27.1804 -366.231 -366.231 2 25 5
27.182 -366.281 -366.281 2 25 5
27.1835 -366.331 -366.331 2 25 5
27.1841 -366.381 -366.381 2 25 5
27.1841 -366.431 -366.431 2 25 5
27.1837 -366.481 -366.481 2 25 5
27.1834 -366.531 -366.531 2 25 5
27.1831 -366.581 -366.581 2 25 5
27.1834 -366.631 -366.631 2 25 5
27.1833 -366.681 -366.681 2 25 5
27.1833 -366.731 -366.731 2 25 5
27.1833 -366.781 -366.781 2 25 5
27.1833 -366.831 -366.831 2 25 5
27.1833 -366.881 -366.881 2 25 5
27.1832 -366.931 -366.931 2 25 5
27.1831 -366.981 -366.981 2 25 5
27.1836 -367.031 -367.031 2 25 5
27.1836 -367.081 -367.081 2 25 5
27.1834 -367.131 -367.131 2 25 5
27.1833 -367.181 -367.181 2 25 5
27.1833 -367.231 -367.231 2 25 5
27.1832 -367.281 -367.281 2 25 5
27.185 -367.331 -367.331 2 25 5
27.1843 -367.381 -367.381 2 25 5
27.1834 -367.431 -367.431 2 25 5
27.183 -367.481 -367.481 2 25 5
27.183 -367.531 -367.531 2 25 5
27.1833 -367.581 -367.581 2 25 5
27.1833 -367.631 -367.631 2 25 5
27.1833 -367.681 -367.681 2 25 5
27.1833 -367.731 -367.731 2 25 5
27.1833 -367.781 -367.781 2 25 5
27.1833 -367.831 -367.831 2 25 5
27.1833 -367.881 -367.881 2 25 5
27.1833 -367.931 -367.931 2 25 5
27.1833 -367.981 -367.981 2 25 5
27.1833 -368.031 -368.031 2 25 5
27.1833 -368.081 -368.081 2 25 5
27.1833 -368.131 -368.131 2 25 5
27.1833 -368.181 -368.181 2 25 5
27.1832 -368.231 -368.231 2 25 5
27.1832 -368.281 -368.281 2 25 5
27.183 -368.331 -368.331 2 25 5
27.1833 -368.381 -368.381 2 25 5
27.1834 -368.431 -368.431 2 25 5
27.1834 -368.481 -368.481 2 25 5
27.1834 -368.531 -368.531 2 25 5
27.1834 -368.581 -368.581 2 25 5
27.1833 -368.631 -368.631 2 25 5
27.1833 -368.681 -368.681 2 25 5
27.1833 -368.731 -368.731 2 25 5
27.1832 -368.781 -368.781 2 25 5
27.1823 -368.831 -368.831 2 25 5
27.1829 -368.881 -368.881 2 25 5
27.1835 -368.931 -368.931 2 25 5
27.1837 -368.981 -368.981 2 25 5
27.1836 -369.031 -369.031 2 25 5
27.1835 -369.081 -369.081 2 25 5
27.1833 -369.131 -369.131 2 25 5
27.1832 -369.181 -369.181 2 25 5
27.183 -369.231 -369.231 2 25 5
27.1833 -369.281 -369.281 2 25 5
27.1834 -369.331 -369.331 2 25 5
27.1834 -369.381 -369.381 2 25 5
27.1834 -369.431 -369.431 2 25 5
27.1834 -369.481 -369.481 2 25 5
27.1833 -369.531 -369.531 2 25 5
27.1833 -369.581 -369.581 2 25 5
27.1833 -369.631 -369.631 2 25 5
27.1832 -369.681 -369.681 2 25 5
27.1832 -369.731 -369.731 2 25 5
27.1848 -369.781 -369.781 2 25 5
27.1842 -369.831 -369.831 2 25 5
27.1835 -369.881 -369.881 2 25 5
27.183 -369.931 -369.931 2 25 5
27.1831 -369.981 -369.981 2 25 5
27.1833 -370.031 -370.031 2 25 5
27.1834 -370.081 -370.081 2 25 5
27.1834 -370.131 -370.131 2 25 5
27.1834 -370.181 -370.181 2 25 5
27.1833 -370.231 -370.231 2 25 5
27.1833 -370.281 -370.281 2 25 5
27.1833 -370.331 -370.331 2 25 5
27.1833 -370.381 -370.381 2 25 5
27.1833 -370.431 -370.431 2 25 5
27.1832 -370.481 -370.481 2 25 5
27.183 -370.531 -370.531 2 25 5
27.1833 -370.581 -370.581 2 25 5
27.1834 -370.631 -370.631 2 25 5
27.1834 -370.681 -370.681 2 25 5
27.1834 -370.731 -370.731 2 25 5
27.1834 -370.781 -370.781 2 25 5
27.1833 -370.831 -370.831 2 25 5
27.1833 -370.881 -370.881 2 25 5
27.1832 -370.931 -370.931 2 25 5
27.1831 -370.981 -370.981 2 25 5
27.1835 -371.031 -371.031 2 25 5
27.1835 -371.081 -371.081 2 25 5
27.1834 -371.131 -371.131 2 25 5
27.1834 -371.181 -371.181 2 25 5
27.1833 -371.231 -371.231 2 25 5
27.1832 -371.281 -371.281 2 25 5
27.1832 -371.331 -371.331 2 25 5
27.1837 -371.381 -371.381 2 25 5
27.1836 -371.431 -371.431 2 25 5
27.1834 -371.481 -371.481 2 25 5
27.1833 -371.531 -371.531 2 25 5
27.1832 -371.581 -371.581 2 25 5
27.1828 -371.631 -371.631 2 25 5
27.1832 -371.681 -371.681 2 25 5
27.182 -371.731 -371.731 2 25 5
27.1829 -371.781 -371.781 2 25 5
27.1836 -371.831 -371.831 2 25 5
27.1838 -371.881 -371.881 2 25 5
27.1837 -371.931 -371.931 2 25 5
27.1835 -371.981 -371.981 2 25 5
27.1833 -372.031 -372.031 2 25 5
27.1832 -372.081 -372.081 2 25 5
27.1824 -372.131 -372.131 2 25 5
27.183 -372.181 -372.181 2 25 5
27.1835 -372.231 -372.231 2 25 5
27.1837 -372.281 -372.281 2 25 5
27.1836 -372.331 -372.331 2 25 5
27.1835 -372.381 -372.381 2 25 5
27.1833 -372.431 -372.431 2 25 5
27.1832 -372.481 -372.481 2 25 5
27.1831 -372.531 -372.531 2 25 5
27.1834 -372.581 -372.581 2 25 5
27.1835 -372.631 -372.631 2 25 5
27.1834 -372.681 -372.681 2 25 5
27.1834 -372.731 -372.731 2 25 5
27.1833 -372.781 -372.781 2 25 5
27.1833 -372.831 -372.831 2 25 5
27.1832 -372.881 -372.881 2 25 5
27.1831 -372.931 -372.931 2 25 5
27.1837 -372.981 -372.981 2 25 5
27.1836 -373.031 -373.031 2 25 5
27.1834 -373.081 -373.081 2 25 5
27.1833 -373.131 -373.131 2 25 5
27.1832 -373.181 -373.181 2 25 5
27.1831 -373.231 -373.231 2 25 5
27.1834 -373.281 -373.281 2 25 5
27.1834 -373.331 -373.331 2 25 5
27.1834 -373.381 -373.381 2 25 5
27.1834 -373.431 -373.431 2 25 5
27.1833 -373.481 -373.481 2 25 5
27.1833 -373.531 -373.531 2 25 5
27.1833 -373.581 -373.581 2 25 5
27.1832 -373.631 -373.631 2 25 5
27.1831 -373.681 -373.681 2 25 5
27.1837 -373.731 -373.731 2 25 5
27.1836 -373.781 -373.781 2 25 5
27.1835 -373.831 -373.831 2 25 5
27.1833 -373.881 -373.881 2 25 5
27.1832 -373.931 -373.931 2 25 5
27.183 -373.981 -373.981 2 25 5
27.1833 -374.031 -374.031 2 25 5
27.1834 -374.081 -374.081 2 25 5
27.1834 -374.131 -374.131 2 25 5
27.1834 -374.181 -374.181 2 25 5
27.1834 -374.231 -374.231 2 25 5
27.1833 -374.281 -374.281 2 25 5
27.1833 -374.331 -374.331 2 25 5
27.1833 -374.381 -374.381 2 25 5
27.1832 -374.431 -374.431 2 25 5
27.1832 -374.481 -374.481 2 25 5
27.1845 -374.531 -374.531 2 25 5
27.184 -374.581 -374.581 2 25 5
27.1835 -374.631 -374.631 2 25 5
27.1831 -374.681 -374.681 2 25 5
27.1833 -374.731 -374.731 2 25 5
27.1832 -374.781 -374.781 2 25 5
27.1831 -374.831 -374.831 2 25 5
27.1836 -374.881 -374.881 2 25 5
27.1836 -374.931 -374.931 2 25 5
27.1834 -374.981 -374.981 2 25 5
27.1833 -375.031 -375.031 2 25 5
27.1832 -375.081 -375.081 2 25 5
27.1831 -375.131 -375.131 2 25 5
27.1834 -375.181 -375.181 2 25 5
27.1835 -375.231 -375.231 2 25 5
27.1834 -375.281 -375.281 2 25 5
27.1834 -375.331 -375.331 2 25 5
27.1833 -375.381 -375.381 2 25 5
27.1833 -375.431 -375.431 2 25 5
27.1832 -375.481 -375.481 2 25 5
27.183 -375.531 -375.531 2 25 5
27.1834 -375.581 -375.581 2 25 5
27.1834 -375.631 -375.631 2 25 5
27.1834 -375.681 -375.681 2 25 5
27.1834 -375.731 -375.731 2 25 5
27.1833 -375.781 -375.781 2 25 5
27.1833 -375.831 -375.831 2 25 5
27.1833 -375.881 -375.881 2 25 5
27.1832 -375.931 -375.931 2 25 5
27.183 -375.981 -375.981 2 25 5
27.1834 -376.031 -376.031 2 25 5
27.1835 -376.081 -376.081 2 25 5
27.1834 -376.131 -376.131 2 25 5
27.1834 -376.181 -376.181 2 25 5
27.1833 -376.231 -376.231 2 25 5
27.1833 -376.281 -376.281 2 25 5
27.1833 -376.331 -376.331 2 25 5
27.1832 -376.381 -376.381 2 25 5
27.1827 -376.431 -376.431 2 25 5
27.1832 -376.481 -376.481 2 25 5
27.184 -376.531 -376.531 2 25 5
27.1838 -376.581 -376.581 2 25 5
27.1835 -376.631 -376.631 2 25 5
27.1833 -376.681 -376.681 2 25 5
27.1831 -376.731 -376.731 2 25 5
27.1835 -376.781 -376.781 2 25 5
27.1835 -376.831 -376.831 2 25 5
27.1834 -376.881 -376.881 2 25 5
27.1833 -376.931 -376.931 2 25 5
27.1833 -376.981 -376.981 2 25 5
27.1832 -377.031 -377.031 2 25 5
27.1875 -377.081 -377.081 2 25 5
27.1855 -377.131 -377.131 2 25 5
27.1835 -377.181 -377.181 2 25 5
27.1824 -377.231 -377.231 2 25 5
27.1824 -377.281 -377.281 2 25 5
27.1829 -377.331 -377.331 2 25 5
27.1834 -377.381 -377.381 2 25 5
27.1836 -377.431 -377.431 2 25 5
27.1836 -377.481 -377.481 2 25 5
27.1835 -377.531 -377.531 2 25 5
27.1833 -377.581 -377.581 2 25 5
27.1833 -377.631 -377.631 2 25 5
27.1832 -377.681 -377.681 2 25 5
27.1841 -377.731 -377.731 2 25 5
27.1838 -377.781 -377.781 2 25 5
27.1835 -377.831 -377.831 2 25 5
27.1832 -377.881 -377.881 2 25 5
27.1829 -377.931 -377.931 2 25 5
27.1832 -377.981 -377.981 2 25 5
27.1831 -378.031 -378.031 2 25 5
27.1835 -378.081 -378.081 2 25 5
27.1836 -378.131 -378.131 2 25 5
27.1835 -378.181 -378.181 2 25 5
27.1834 -378.231 -378.231 2 25 5
27.1833 -378.281 -378.281 2 25 5
27.1832 -378.331 -378.331 2 25 5
27.1831 -378.381 -378.381 2 25 5
27.1836 -378.431 -378.431 2 25 5
27.1836 -378.481 -378.481 2 25 5
27.1834 -378.531 -378.531 2 25 5
27.1833 -378.581 -378.581 2 25 5
27.1833 -378.631 -378.631 2 25 5
27.1782 -378.681 -378.681 2 25 5
27.1784 -378.731 -378.731 2 25 5
27.181 -378.781 -378.781 2 25 5
27.1835 -378.831 -378.831 2 25 5
27.1847 -378.881 -378.881 2 25 5
27.1846 -378.931 -378.931 2 25 5
27.184 -378.981 -378.981 2 25 5
27.1834 -379.031 -379.031 2 25 5
27.183 -379.081 -379.081 2 25 5
27.1831 -379.131 -379.131 2 25 5
27.1839 -379.181 -379.181 2 25 5
27.1837 -379.231 -379.231 2 25 5
27.1834 -379.281 -379.281 2 25 5
27.1833 -379.331 -379.331 2 25 5
27.1831 -379.381 -379.381 2 25 5
27.1836 -379.431 -379.431 2 25 5
27.1835 -379.481 -379.481 2 25 5
27.1834 -379.531 -379.531 2 25 5
27.1833 -379.581 -379.581 2 25 5
27.1833 -379.631 -379.631 2 25 5
27.1832 -379.681 -379.681 2 25 5
27.1812 -379.731 -379.731 2 25 5
27.1824 -379.781 -379.781 2 25 5
27.1835 -379.831 -379.831 2 25 5
27.184 -379.881 -379.881 2 25 5
27.1839 -379.931 -379.931 2 25 5
27.1836 -379.981 -379.981 2 25 5
27.1834 -380.031 -380.031 2 25 5
27.1832 -380.081 -380.081 2 25 5
27.1803 -380.131 -380.131 2 25 5
27.1819 -380.181 -380.181 2 25 5
27.1835 -380.231 -380.231 2 25 5
27.1842 -380.281 -380.281 2 25 5
27.1841 -380.331 -380.331 2 25 5
27.1838 -380.381 -380.381 2 25 5
27.1834 -380.431 -380.431 2 25 5
27.1831 -380.481 -380.481 2 25 5
27.1837 -380.531 -380.531 2 25 5
27.1835 -380.581 -380.581 2 25 5
27.1834 -380.631 -380.631 2 25 5
27.1833 -380.681 -380.681 2 25 5
27.1832 -380.731 -380.731 2 25 5
27.1867 -380.781 -380.781 2 25 5
27.1851 -380.831 -380.831 2 25 5
27.1835 -380.881 -380.881 2 25 5
27.1826 -380.931 -380.931 2 25 5
27.1826 -380.981 -380.981 2 25 5
27.183 -381.031 -381.031 2 25 5
27.1835 -381.081 -381.081 2 25 5
27.1836 -381.131 -381.131 2 25 5
27.1836 -381.181 -381.181 2 25 5
27.1834 -381.231 -381.231 2 25 5
27.1833 -381.281 -381.281 2 25 5
27.1832 -381.331 -381.331 2 25 5
27.1831 -381.381 -381.381 2 25 5
27.1838 -381.431 -381.431 2 25 5
27.1837 -381.481 -381.481 2 25 5
27.1835 -381.531 -381.531 2 25 5
27.1833 -381.581 -381.581 2 25 5
27.1832 -381.631 -381.631 2 25 5
27.1811 -381.681 -381.681 2 25 5
27.1823 -381.731 -381.731 2 25 5
27.1835 -381.781 -381.781 2 25 5
27.184 -381.831 -381.831 2 25 5
27.1839 -381.881 -381.881 2 25 5
27.1836 -381.931 -381.931 2 25 5
27.1834 -381.981 -381.981 2 25 5
27.1832 -382.031 -382.031 2 25 5
27.1818 -382.081 -382.081 2 25 5
27.1827 -382.131 -382.131 2 25 5
27.1835 -382.181 -382.181 2 25 5
27.1838 -382.231 -382.231 2 25 5
27.1838 -382.281 -382.281 2 25 5
27.1836 -382.331 -382.331 2 25 5
27.1834 -382.381 -382.381 2 25 5
27.1832 -382.431 -382.431 2 25 5
27.183 -382.481 -382.481 2 25 5
27.1834 -382.531 -382.531 2 25 5
27.1834 -382.581 -382.581 2 25 5
27.1834 -382.631 -382.631 2 25 5
27.1834 -382.681 -382.681 2 25 5
27.1833 -382.731 -382.731 2 25 5
27.1833 -382.781 -382.781 2 25 5
27.1833 -382.831 -382.831 2 25 5
27.1832 -382.881 -382.881 2 25 5
27.1832 -382.931 -382.931 2 25 5
27.1828 -382.981 -382.981 2 25 5
27.1832 -383.031 -383.031 2 25 5
27.1833 -383.081 -383.081 2 25 5
27.1834 -383.131 -383.131 2 25 5
27.1834 -383.181 -383.181 2 25 5
27.1834 -383.231 -383.231 2 25 5
27.1834 -383.281 -383.281 2 25 5
27.1833 -383.331 -383.331 2 25 5
27.1833 -383.381 -383.381 2 25 5
27.1833 -383.431 -383.431 2 25 5
27.1832 -383.481 -383.481 2 25 5
27.1832 -383.531 -383.531 2 25 5
27.1812 -383.581 -383.581 2 25 5
27.1824 -383.631 -383.631 2 25 5
27.1835 -383.681 -383.681 2 25 5
27.184 -383.731 -383.731 2 25 5
27.1839 -383.781 -383.781 2 25 5
27.1836 -383.831 -383.831 2 25 5
27.1833 -383.881 -383.881 2 25 5
27.1832 -383.931 -383.931 2 25 5
27.1812 -383.981 -383.981 2 25 5
27.1824 -384.031 -384.031 2 25 5
27.1835 -384.081 -384.081 2 25 5
27.1839 -384.131 -384.131 2 25 5
27.1839 -384.181 -384.181 2 25 5
27.1836 -384.231 -384.231 2 25 5
27.1834 -384.281 -384.281 2 25 5
27.1832 -384.331 -384.331 2 25 5
27.1827 -384.381 -384.381 2 25 5
27.1831 -384.431 -384.431 2 25 5
27.1837 -384.481 -384.481 2 25 5
27.1837 -384.531 -384.531 2 25 5
27.1835 -384.581 -384.581 2 25 5
27.1834 -384.631 -384.631 2 25 5
27.1833 -384.681 -384.681 2 25 5
27.1831 -384.731 -384.731 2 25 5
27.1837 -384.781 -384.781 2 25 5
27.1836 -384.831 -384.831 2 25 5
27.1834 -384.881 -384.881 2 25 5
27.1833 -384.931 -384.931 2 25 5
27.1832 -384.981 -384.981 2 25 5
27.1828 -385.031 -385.031 2 25 5
27.1832 -385.081 -385.081 2 25 5
27.1832 -385.131 -385.131 2 25 5
27.1833 -385.181 -385.181 2 25 5
27.1833 -385.231 -385.231 2 25 5
27.1833 -385.281 -385.281 2 25 5
27.1834 -385.331 -385.331 2 25 5
27.1834 -385.381 -385.381 2 25 5
27.1833 -385.431 -385.431 2 25 5
27.1833 -385.481 -385.481 2 25 5
27.1833 -385.531 -385.531 2 25 5
27.1833 -385.581 -385.581 2 25 5
27.1833 -385.631 -385.631 2 25 5
27.1833 -385.681 -385.681 2 25 5
27.1832 -385.731 -385.731 2 25 5
27.1832 -385.781 -385.781 2 25 5
27.1845 -385.831 -385.831 2 25 5
27.184 -385.881 -385.881 2 25 5
27.1835 -385.931 -385.931 2 25 5
27.1831 -385.981 -385.981 2 25 5
27.1837 -386.031 -386.031 2 25 5
27.1835 -386.081 -386.081 2 25 5
27.1833 -386.131 -386.131 2 25 5
27.1832 -386.181 -386.181 2 25 5
27.1831 -386.231 -386.231 2 25 5
27.1834 -386.281 -386.281 2 25 5
27.1835 -386.331 -386.331 2 25 5
27.1834 -386.381 -386.381 2 25 5
27.1834 -386.431 -386.431 2 25 5
27.1833 -386.481 -386.481 2 25 5
27.1833 -386.531 -386.531 2 25 5
27.1832 -386.581 -386.581 2 25 5
27.1831 -386.631 -386.631 2 25 5
27.1838 -386.681 -386.681 2 25 5
27.1837 -386.731 -386.731 2 25 5
27.1835 -386.781 -386.781 2 25 5
27.1833 -386.831 -386.831 2 25 5
27.1832 -386.881 -386.881 2 25 5
27.1829 -386.931 -386.931 2 25 5
27.1833 -386.981 -386.981 2 25 5
27.1834 -387.031 -387.031 2 25 5
27.1834 -387.081 -387.081 2 25 5
27.1834 -387.131 -387.131 2 25 5
27.1834 -387.181 -387.181 2 25 5
27.1833 -387.231 -387.231 2 25 5
27.1833 -387.281 -387.281 2 25 5
27.1833 -387.331 -387.331 2 25 5
27.1832 -387.381 -387.381 2 25 5
27.1832 -387.431 -387.431 2 25 5
27.1827 -387.481 -387.481 2 25 5
27.1832 -387.531 -387.531 2 25 5
27.1832 -387.581 -387.581 2 25 5
27.1829 -387.631 -387.631 2 25 5
27.1834 -387.681 -387.681 2 25 5
27.1835 -387.731 -387.731 2 25 5
27.1835 -387.781 -387.781 2 25 5
27.1835 -387.831 -387.831 2 25 5
27.1834 -387.881 -387.881 2 25 5
27.1833 -387.931 -387.931 2 25 5
27.1832 -387.981 -387.981 2 25 5
27.1832 -388.031 -388.031 2 25 5
27.1823 -388.081 -388.081 2 25 5
27.183 -388.131 -388.131 2 25 5
27.1836 -388.181 -388.181 2 25 5
27.1837 -388.231 -388.231 2 25 5
27.1836 -388.281 -388.281 2 25 5
27.1835 -388.331 -388.331 2 25 5
27.1833 -388.381 -388.381 2 25 5
27.1832 -388.431 -388.431 2 25 5
27.1829 -388.481 -388.481 2 25 5
27.1833 -388.531 -388.531 2 25 5
27.1834 -388.581 -388.581 2 25 5
27.1834 -388.631 -388.631 2 25 5
27.1834 -388.681 -388.681 2 25 5
27.1834 -388.731 -388.731 2 25 5
27.1833 -388.781 -388.781 2 25 5
27.1833 -388.831 -388.831 2 25 5
27.1833 -388.881 -388.881 2 25 5
27.1832 -388.931 -388.931 2 25 5
27.1832 -388.981 -388.981 2 25 5
27.1869 -389.031 -389.031 2 25 5
27.1853 -389.081 -389.081 2 25 5
27.1835 -389.131 -389.131 2 25 5
27.1825 -389.181 -389.181 2 25 5
27.1825 -389.231 -389.231 2 25 5
27.183 -389.281 -389.281 2 25 5
27.1835 -389.331 -389.331 2 25 5
27.1836 -389.381 -389.381 2 25 5
27.1836 -389.431 -389.431 2 25 5
27.1834 -389.481 -389.481 2 25 5
27.1833 -389.531 -389.531 2 25 5
27.1832 -389.581 -389.581 2 25 5
27.1831 -389.631 -389.631 2 25 5
27.184 -389.681 -389.681 2 25 5
27.1838 -389.731 -389.731 2 25 5
27.1835 -389.781 -389.781 2 25 5
27.1833 -389.831 -389.831 2 25 5
27.1831 -389.881 -389.881 2 25 5
27.1834 -389.931 -389.931 2 25 5
27.1835 -389.981 -389.981 2 25 5
27.1834 -390.031 -390.031 2 25 5
27.1834 -390.081 -390.081 2 25 5
27.1833 -390.131 -390.131 2 25 5
27.1833 -390.181 -390.181 2 25 5
27.1832 -390.231 -390.231 2 25 5
27.1831 -390.281 -390.281 2 25 5
27.1841 -390.331 -390.331 2 25 5
27.1838 -390.381 -390.381 2 25 5
27.1835 -390.431 -390.431 2 25 5
27.1832 -390.481 -390.481 2 25 5
27.183 -390.531 -390.531 2 25 5
27.1833 -390.581 -390.581 2 25 5
27.1834 -390.631 -390.631 2 25 5
27.1834 -390.681 -390.681 2 25 5
27.1834 -390.731 -390.731 2 25 5
27.1833 -390.781 -390.781 2 25 5
27.1833 -390.831 -390.831 2 25 5
27.1833 -390.881 -390.881 2 25 5
27.1833 -390.931 -390.931 2 25 5
27.1832 -390.981 -390.981 2 25 5
27.1832 -391.031 -391.031 2 25 5
27.183 -391.081 -391.081 2 25 5
27.1835 -391.131 -391.131 2 25 5
27.1835 -391.181 -391.181 2 25 5
27.1835 -391.231 -391.231 2 25 5
27.1834 -391.281 -391.281 2 25 5
27.1833 -391.331 -391.331 2 25 5
27.1833 -391.381 -391.381 2 25 5
27.1832 -391.431 -391.431 2 25 5
27.183 -391.481 -391.481 2 25 5
27.1834 -391.531 -391.531 2 25 5
27.1835 -391.581 -391.581 2 25 5
27.1835 -391.631 -391.631 2 25 5
27.1834 -391.681 -391.681 2 25 5
27.1834 -391.731 -391.731 2 25 5
27.1833 -391.781 -391.781 2 25 5
27.1833 -391.831 -391.831 2 25 5
27.1832 -391.881 -391.881 2 25 5
27.1829 -391.931 -391.931 2 25 5
27.1833 -391.981 -391.981 2 25 5
27.1834 -392.031 -392.031 2 25 5
27.1835 -392.081 -392.081 2 25 5
27.1835 -392.131 -392.131 2 25 5
27.1834 -392.181 -392.181 2 25 5
27.1833 -392.231 -392.231 2 25 5
27.1833 -392.281 -392.281 2 25 5
27.1833 -392.331 -392.331 2 25 5
27.1832 -392.381 -392.381 2 25 5
27.183 -392.431 -392.431 2 25 5
27.1834 -392.481 -392.481 2 25 5
27.1835 -392.531 -392.531 2 25 5
27.1835 -392.581 -392.581 2 25 5
27.1834 -392.631 -392.631 2 25 5
27.1833 -392.681 -392.681 2 25 5
27.1833 -392.731 -392.731 2 25 5
27.1832 -392.781 -392.781 2 25 5
27.1832 -392.831 -392.831 2 25 5
27.1824 -392.881 -392.881 2 25 5
27.183 -392.931 -392.931 2 25 5
27.1837 -392.981 -392.981 2 25 5
27.1838 -393.031 -393.031 2 25 5
27.1836 -393.081 -393.081 2 25 5
27.1834 -393.131 -393.131 2 25 5
27.1833 -393.181 -393.181 2 25 5
27.1832 -393.231 -393.231 2 25 5
27.182 -393.281 -393.281 2 25 5
27.1828 -393.331 -393.331 2 25 5
27.1836 -393.381 -393.381 2 25 5
27.1838 -393.431 -393.431 2 25 5
27.1837 -393.481 -393.481 2 25 5
27.1835 -393.531 -393.531 2 25 5
27.1833 -393.581 -393.581 2 25 5
27.1832 -393.631 -393.631 2 25 5
27.183 -393.681 -393.681 2 25 5
27.1834 -393.731 -393.731 2 25 5
27.1834 -393.781 -393.781 2 25 5
27.1834 -393.831 -393.831 2 25 5
27.1834 -393.881 -393.881 2 25 5
27.1834 -393.931 -393.931 2 25 5
27.1833 -393.981 -393.981 2 25 5
27.1833 -394.031 -394.031 2 25 5
27.1832 -394.081 -394.081 2 25 5
27.1831 -394.131 -394.131 2 25 5
27.1839 -394.181 -394.181 2 25 5
27.1838 -394.231 -394.231 2 25 5
27.1835 -394.281 -394.281 2 25 5
27.1833 -394.331 -394.331 2 25 5
27.1831 -394.381 -394.381 2 25 5
27.1843 -394.431 -394.431 2 25 5
27.1839 -394.481 -394.481 2 25 5
27.1835 -394.531 -394.531 2 25 5
27.1832 -394.581 -394.581 2 25 5
27.1814 -394.631 -394.631 2 25 5
27.1825 -394.681 -394.681 2 25 5
27.1835 -394.731 -394.731 2 25 5
27.1839 -394.781 -394.781 2 25 5
27.1839 -394.831 -394.831 2 25 5
27.1836 -394.881 -394.881 2 25 5
27.1834 -394.931 -394.931 2 25 5
27.1832 -394.981 -394.981 2 25 5
27.183 -395.031 -395.031 2 25 5
27.1833 -395.081 -395.081 2 25 5
27.1834 -395.131 -395.131 2 25 5
27.1834 -395.181 -395.181 2 25 5
27.1834 -395.231 -395.231 2 25 5
27.1834 -395.281 -395.281 2 25 5
27.1833 -395.331 -395.331 2 25 5
27.1833 -395.381 -395.381 2 25 5
27.1832 -395.431 -395.431 2 25 5
27.1832 -395.481 -395.481 2 25 5
27.183 -395.531 -395.531 2 25 5
27.1834 -395.581 -395.581 2 25 5
27.1835 -395.631 -395.631 2 25 5
27.1835 -395.681 -395.681 2 25 5
27.1834 -395.731 -395.731 2 25 5
27.1833 -395.781 -395.781 2 25 5
27.1833 -395.831 -395.831 2 25 5
27.1832 -395.881 -395.881 2 25 5
27.1831 -395.931 -395.931 2 25 5
27.1877 -395.981 -395.981 2 25 5
27.1856 -396.032 -396.032 2 25 5
27.1835 -396.082 -396.082 2 25 5
27.1824 -396.132 -396.132 2 25 5
27.1824 -396.182 -396.182 2 25 5
27.1829 -396.232 -396.232 2 25 5
27.1835 -396.282 -396.282 2 25 5
27.1837 -396.332 -396.332 2 25 5
27.1836 -396.382 -396.382 2 25 5
27.1835 -396.432 -396.432 2 25 5
27.1833 -396.482 -396.482 2 25 5
27.1832 -396.532 -396.532 2 25 5
27.1831 -396.582 -396.582 2 25 5
27.1848 -396.632 -396.632 2 25 5
27.1842 -396.682 -396.682 2 25 5
27.1835 -396.732 -396.732 2 25 5
27.1831 -396.782 -396.782 2 25 5
27.1833 -396.832 -396.832 2 25 5
27.1832 -396.882 -396.882 2 25 5
27.1828 -396.932 -396.932 2 25 5
27.1833 -396.982 -396.982 2 25 5
27.1833 -397.032 -397.032 2 25 5
27.1834 -397.082 -397.082 2 25 5
27.1834 -397.132 -397.132 2 25 5
27.1834 -397.182 -397.182 2 25 5
27.1834 -397.232 -397.232 2 25 5
27.1833 -397.282 -397.282 2 25 5
27.1833 -397.332 -397.332 2 25 5
27.1832 -397.382 -397.382 2 25 5
27.1832 -397.432 -397.432 2 25 5
27.1828 -397.482 -397.482 2 25 5
27.1833 -397.532 -397.532 2 25 5
27.1834 -397.582 -397.582 2 25 5
27.1835 -397.632 -397.632 2 25 5
27.1835 -397.682 -397.682 2 25 5
27.1834 -397.732 -397.732 2 25 5
27.1833 -397.782 -397.782 2 25 5
27.1833 -397.832 -397.832 2 25 5
27.1832 -397.882 -397.882 2 25 5
27.1832 -397.932 -397.932 2 25 5
27.1826 -397.982 -397.982 2 25 5
27.1804 -398.032 -398.032 2 25 5
27.1808 -398.082 -398.082 2 25 5
27.1823 -398.132 -398.132 2 25 5
27.1837 -398.182 -398.182 2 25 5
27.1841 -398.232 -398.232 2 25 5
27.184 -398.282 -398.282 2 25 5
27.1837 -398.332 -398.332 2 25 5
27.1833 -398.382 -398.382 2 25 5
27.1831 -398.432 -398.432 2 25 5
27.1842 -398.482 -398.482 2 25 5
27.1838 -398.532 -398.532 2 25 5
27.1834 -398.582 -398.582 2 25 5
27.1832 -398.632 -398.632 2 25 5
27.1827 -398.682 -398.682 2 25 5
27.1831 -398.732 -398.732 2 25 5
27.1839 -398.782 -398.782 2 25 5
27.1838 -398.832 -398.832 2 25 5
27.1836 -398.882 -398.882 2 25 5
27.1833 -398.932 -398.932 2 25 5
27.1832 -398.982 -398.982 2 25 5
27.1825 -399.032 -399.032 2 25 5
27.183 -399.082 -399.082 2 25 5
27.1837 -399.132 -399.132 2 25 5
27.1837 -399.182 -399.182 2 25 5
27.1836 -399.232 -399.232 2 25 5
27.1834 -399.282 -399.282 2 25 5
27.1833 -399.332 -399.332 2 25 5
27.1832 -399.382 -399.382 2 25 5
27.1827 -399.432 -399.432 2 25 5
27.1832 -399.482 -399.482 2 25 5
27.1827 -399.532 -399.532 2 25 5
27.1833 -399.582 -399.582 2 25 5
27.1835 -399.632 -399.632 2 25 5
27.1836 -399.682 -399.682 2 25 5
27.1835 -399.732 -399.732 2 25 5
27.1834 -399.782 -399.782 2 25 5
27.1833 -399.832 -399.832 2 25 5
27.1833 -399.882 -399.882 2 25 5
27.1832 -399.932 -399.932 2 25 5
27.183 -399.982 -399.982 2 25 5
27.1834 -400.032 -400.032 2 25 5
27.1835 -400.082 -400.082 2 25 5
27.1835 -400.132 -400.132 2 25 5
27.1834 -400.182 -400.182 2 25 5
27.1833 -400.232 -400.232 2 25 5
27.1833 -400.282 -400.282 2 25 5
27.1832 -400.332 -400.332 2 25 5
27.1868 -400.382 -400.382 2 25 5
27.187 -400.432 -400.432 2 25 5
27.1853 -400.482 -400.482 2 25 5
27.1835 -400.532 -400.532 2 25 5
27.1825 -400.582 -400.582 2 25 5
27.1826 -400.632 -400.632 2 25 5
27.183 -400.682 -400.682 2 25 5
27.1836 -400.732 -400.732 2 25 5
27.1837 -400.782 -400.782 2 25 5
27.1836 -400.832 -400.832 2 25 5
27.1834 -400.882 -400.882 2 25 5
27.1833 -400.932 -400.932 2 25 5
27.1832 -400.982 -400.982 2 25 5
27.1831 -401.032 -401.032 2 25 5
27.1835 -401.082 -401.082 2 25 5
27.1836 -401.132 -401.132 2 25 5
27.1835 -401.182 -401.182 2 25 5
27.1834 -401.232 -401.232 2 25 5
27.1833 -401.282 -401.282 2 25 5
27.1832 -401.332 -401.332 2 25 5
27.1832 -401.382 -401.382 2 25 5
27.1824 -401.432 -401.432 2 25 5
27.183 -401.482 -401.482 2 25 5
27.1837 -401.532 -401.532 2 25 5
27.1838 -401.582 -401.582 2 25 5
27.1836 -401.632 -401.632 2 25 5
27.1834 -401.682 -401.682 2 25 5
27.1833 -401.732 -401.732 2 25 5
27.1832 -401.782 -401.782 2 25 5
27.1819 -401.832 -401.832 2 25 5
27.1828 -401.882 -401.882 2 25 5
27.1836 -401.932 -401.932 2 25 5
27.1838 -401.982 -401.982 2 25 5
27.1837 -402.032 -402.032 2 25 5
27.1835 -402.082 -402.082 2 25 5
27.1833 -402.132 -402.132 2 25 5
27.1832 -402.182 -402.182 2 25 5
27.183 -402.232 -402.232 2 25 5
27.1834 -402.282 -402.282 2 25 5
27.1835 -402.332 -402.332 2 25 5
27.1835 -402.382 -402.382 2 25 5
27.1834 -402.432 -402.432 2 25 5
27.1834 -402.482 -402.482 2 25 5
27.1833 -402.532 -402.532 2 25 5
27.1833 -402.582 -402.582 2 25 5
27.1832 -402.632 -402.632 2 25 5
27.1831 -402.682 -402.682 2 25 5
27.1837 -402.732 -402.732 2 25 5
27.1837 -402.782 -402.782 2 25 5
27.1835 -402.832 -402.832 2 25 5
27.1834 -402.882 -402.882 2 25 5
27.1832 -402.932 -402.932 2 25 5
27.1831 -402.982 -402.982 2 25 5
27.1843 -403.032 -403.032 2 25 5
27.184 -403.082 -403.082 2 25 5
27.1835 -403.132 -403.132 2 25 5
27.1832 -403.182 -403.182 2 25 5
27.1827 -403.232 -403.232 2 25 5
27.1831 -403.282 -403.282 2 25 5
27.1841 -403.332 -403.332 2 25 5
27.1839 -403.382 -403.382 2 25 5
27.1836 -403.432 -403.432 2 25 5
27.1833 -403.482 -403.482 2 25 5
27.1831 -403.532 -403.532 2 25 5
27.1836 -403.582 -403.582 2 25 5
27.1836 -403.632 -403.632 2 25 5
27.1834 -403.682 -403.682 2 25 5
27.1833 -403.732 -403.732 2 25 5
27.1832 -403.782 -403.782 2 25 5
27.1831 -403.832 -403.832 2 25 5
27.1884 -403.882 -403.882 2 25 5
27.186 -403.932 -403.932 2 25 5
27.1835 -403.982 -403.982 2 25 5
27.1822 -404.032 -404.032 2 25 5
27.1822 -404.082 -404.082 2 25 5
27.1828 -404.132 -404.132 2 25 5
27.1835 -404.182 -404.182 2 25 5
27.1837 -404.232 -404.232 2 25 5
27.1837 -404.282 -404.282 2 25 5
27.1835 -404.332 -404.332 2 25 5
27.1834 -404.382 -404.382 2 25 5
27.1832 -404.432 -404.432 2 25 5
27.1831 -404.482 -404.482 2 25 5
27.1846 -404.532 -404.532 2 25 5
27.1841 -404.582 -404.582 2 25 5
27.1835 -404.632 -404.632 2 25 5
27.1831 -404.682 -404.682 2 25 5
27.1847 -404.732 -404.732 2 25 5
27.184 -404.782 -404.782 2 25 5
27.1834 -404.832 -404.832 2 25 5
27.183 -404.882 -404.882 2 25 5
27.1833 -404.932 -404.932 2 25 5
27.1833 -404.982 -404.982 2 25 5
27.1832 -405.032 -405.032 2 25 5
27.1832 -405.082 -405.082 2 25 5
27.1828 -405.132 -405.132 2 25 5
27.1833 -405.182 -405.182 2 25 5
27.1834 -405.232 -405.232 2 25 5
27.1835 -405.282 -405.282 2 25 5
27.1835 -405.332 -405.332 2 25 5
27.1834 -405.382 -405.382 2 25 5
27.1833 -405.432 -405.432 2 25 5
27.1833 -405.482 -405.482 2 25 5
27.1832 -405.532 -405.532 2 25 5
27.1832 -405.582 -405.582 2 25 5
27.1828 -405.632 -405.632 2 25 5
27.1833 -405.682 -405.682 2 25 5
27.1834 -405.732 -405.732 2 25 5
27.1835 -405.782 -405.782 2 25 5
27.1835 -405.832 -405.832 2 25 5
27.1834 -405.882 -405.882 2 25 5
27.1834 -405.932 -405.932 2 25 5
27.1833 -405.982 -405.982 2 25 5
27.1832 -406.032 -406.032 2 25 5
27.1832 -406.082 -406.082 2 25 5
27.1829 -406.132 -406.132 2 25 5
27.1834 -406.182 -406.182 2 25 5
27.1835 -406.232 -406.232 2 25 5
27.1835 -406.282 -406.282 2 25 5
27.1834 -406.332 -406.332 2 25 5
27.1834 -406.382 -406.382 2 25 5
27.1833 -406.432 -406.432 2 25 5
27.1832 -406.482 -406.482 2 25 5
27.1832 -406.532 -406.532 2 25 5
27.1829 -406.582 -406.582 2 25 5
27.1834 -406.632 -406.632 2 25 5
27.1835 -406.682 -406.682 2 25 5
27.1835 -406.732 -406.732 2 25 5
27.1835 -406.782 -406.782 2 25 5
27.1834 -406.832 -406.832 2 25 5
27.1833 -406.882 -406.882 2 25 5
27.1833 -406.932 -406.932 2 25 5
27.1832 -406.982 -406.982 2 25 5
27.1831 -407.032 -407.032 2 25 5
27.1839 -407.082 -407.082 2 25 5
27.1838 -407.132 -407.132 2 25 5
27.1835 -407.182 -407.182 2 25 5
27.1833 -407.232 -407.232 2 25 5
27.1832 -407.282 -407.282 2 25 5
27.1825 -407.332 -407.332 2 25 5
27.1831 -407.382 -407.382 2 25 5
27.1841 -407.432 -407.432 2 25 5
27.184 -407.482 -407.482 2 25 5
27.1836 -407.532 -407.532 2 25 5
27.1833 -407.582 -407.582 2 25 5
27.1792 -407.632 -407.632 2 25 5
27.1793 -407.682 -407.682 2 25 5
27.1814 -407.732 -407.732 2 25 5
27.1835 -407.782 -407.782 2 25 5
27.1845 -407.832 -407.832 2 25 5
27.1844 -407.882 -407.882 2 25 5
27.1839 -407.932 -407.932 2 25 5
27.1834 -407.982 -407.982 2 25 5
27.1831 -408.032 -408.032 2 25 5
27.1837 -408.082 -408.082 2 25 5
27.1835 -408.132 -408.132 2 25 5
27.1834 -408.182 -408.182 2 25 5
27.1833 -408.232 -408.232 2 25 5
27.1832 -408.282 -408.282 2 25 5
27.1829 -408.332 -408.332 2 25 5
27.1834 -408.382 -408.382 2 25 5
27.1835 -408.432 -408.432 2 25 5
27.1835 -408.482 -408.482 2 25 5
27.1834 -408.532 -408.532 2 25 5
27.1834 -408.582 -408.582 2 25 5
27.1833 -408.632 -408.632 2 25 5
27.1833 -408.682 -408.682 2 25 5
27.1832 -408.732 -408.732 2 25 5
27.1831 -408.782 -408.782 2 25 5
27.184 -408.832 -408.832 2 25 5
27.1838 -408.882 -408.882 2 25 5
27.1835 -408.932 -408.932 2 25 5
27.1833 -408.982 -408.982 2 25 5
27.1832 -409.032 -409.032 2 25 5
27.1819 -409.082 -409.082 2 25 5
27.1827 -409.132 -409.132 2 25 5
27.1836 -409.182 -409.182 2 25 5
27.1839 -409.232 -409.232 2 25 5
27.1838 -409.282 -409.282 2 25 5
27.1835 -409.332 -409.332 2 25 5
27.1833 -409.382 -409.382 2 25 5
27.1832 -409.432 -409.432 2 25 5
27.183 -409.482 -409.482 2 25 5
27.1834 -409.532 -409.532 2 25 5
27.1835 -409.582 -409.582 2 25 5
27.1835 -409.632 -409.632 2 25 5
27.1834 -409.682 -409.682 2 25 5
27.1833 -409.732 -409.732 2 25 5
27.1833 -409.782 -409.782 2 25 5
27.1832 -409.832 -409.832 2 25 5
27.1832 -409.882 -409.882 2 25 5
27.1827 -409.932 -409.932 2 25 5
27.1832 -409.982 -409.982 2 25 5
27.1834 -410.032 -410.032 2 25 5
27.1835 -410.082 -410.082 2 25 5
27.1835 -410.132 -410.132 2 25 5
27.1834 -410.182 -410.182 2 25 5
27.1834 -410.232 -410.232 2 25 5
27.1833 -410.282 -410.282 2 25 5
27.1833 -410.332 -410.332 2 25 5
27.1832 -410.382 -410.382 2 25 5
27.1831 -410.432 -410.432 2 25 5
27.1859 -410.482 -410.482 2 25 5
27.1848 -410.532 -410.532 2 25 5
27.1836 -410.582 -410.582 2 25 5
27.1828 -410.632 -410.632 2 25 5
27.1829 -410.682 -410.682 2 25 5
27.1832 -410.732 -410.732 2 25 5
27.1833 -410.782 -410.782 2 25 5
27.1833 -410.832 -410.832 2 25 5
27.1833 -410.882 -410.882 2 25 5
27.1834 -410.932 -410.932 2 25 5
27.1834 -410.982 -410.982 2 25 5
27.1834 -411.032 -411.032 2 25 5
27.1833 -411.082 -411.082 2 25 5
27.1833 -411.132 -411.132 2 25 5
27.1833 -411.182 -411.182 2 25 5
27.1833 -411.232 -411.232 2 25 5
27.1833 -411.282 -411.282 2 25 5
27.1833 -411.332 -411.332 2 25 5
27.1832 -411.382 -411.382 2 25 5
27.1832 -411.432 -411.432 2 25 5
27.183 -411.482 -411.482 2 25 5
27.1835 -411.532 -411.532 2 25 5
27.1836 -411.582 -411.582 2 25 5
27.1835 -411.632 -411.632 2 25 5
27.1834 -411.682 -411.682 2 25 5
27.1833 -411.732 -411.732 2 25 5
27.1832 -411.782 -411.782 2 25 5
27.1832 -411.832 -411.832 2 25 5
27.1826 -411.882 -411.882 2 25 5
27.1832 -411.932 -411.932 2 25 5
27.1832 -411.982 -411.982 2 25 5
27.1833 -412.032 -412.032 2 25 5
27.1833 -412.082 -412.082 2 25 5
27.1834 -412.132 -412.132 2 25 5
27.1834 -412.182 -412.182 2 25 5
27.1834 -412.232 -412.232 2 25 5
27.1834 -412.282 -412.282 2 25 5
27.1833 -412.332 -412.332 2 25 5
27.1833 -412.382 -412.382 2 25 5
27.1833 -412.432 -412.432 2 25 5
27.1833 -412.482 -412.482 2 25 5
27.1832 -412.532 -412.532 2 25 5
27.1832 -412.582 -412.582 2 25 5
27.1824 -412.632 -412.632 2 25 5
27.1831 -412.682 -412.682 2 25 5
27.1844 -412.732 -412.732 2 25 5
27.1841 -412.782 -412.782 2 25 5
27.1837 -412.832 -412.832 2 25 5
27.1833 -412.882 -412.882 2 25 5
27.183 -412.932 -412.932 2 25 5
27.1835 -412.982 -412.982 2 25 5
27.1835 -413.032 -413.032 2 25 5
27.1834 -413.082 -413.082 2 25 5
27.1834 -413.132 -413.132 2 25 5
27.1833 -413.182 -413.182 2 25 5
27.1832 -413.232 -413.232 2 25 5
27.1832 -413.282 -413.282 2 25 5
27.1827 -413.332 -413.332 2 25 5
27.1833 -413.382 -413.382 2 25 5
27.1834 -413.432 -413.432 2 25 5
27.1835 -413.482 -413.482 2 25 5
27.1835 -413.532 -413.532 2 25 5
27.1834 -413.582 -413.582 2 25 5
27.1834 -413.632 -413.632 2 25 5
27.1833 -413.682 -413.682 2 25 5
27.1833 -413.732 -413.732 2 25 5
27.1832 -413.782 -413.782 2 25 5
27.183 -413.832 -413.832 2 25 5
27.1835 -413.882 -413.882 2 25 5
27.1836 -413.932 -413.932 2 25 5
27.1835 -413.982 -413.982 2 25 5
27.1834 -414.032 -414.032 2 25 5
27.1833 -414.082 -414.082 2 25 5
27.1833 -414.132 -414.132 2 25 5
27.1832 -414.182 -414.182 2 25 5
27.1828 -414.232 -414.232 2 25 5
27.1833 -414.282 -414.282 2 25 5
27.1834 -414.332 -414.332 2 25 5
27.1835 -414.382 -414.382 2 25 5
27.1835 -414.432 -414.432 2 25 5
27.1834 -414.482 -414.482 2 25 5
27.1834 -414.532 -414.532 2 25 5
27.1833 -414.582 -414.582 2 25 5
27.1832 -414.632 -414.632 2 25 5
27.1832 -414.682 -414.682 2 25 5
27.1829 -414.732 -414.732 2 25 5
27.1834 -414.782 -414.782 2 25 5
27.1835 -414.832 -414.832 2 25 5
27.1835 -414.882 -414.882 2 25 5
27.1835 -414.932 -414.932 2 25 5
27.1834 -414.982 -414.982 2 25 5
27.1833 -415.032 -415.032 2 25 5
27.1832 -415.082 -415.082 2 25 5
27.1832 -415.132 -415.132 2 25 5
27.1826 -415.182 -415.182 2 25 5
27.1832 -415.232 -415.232 2 25 5
27.183 -415.282 -415.282 2 25 5
27.1838 -415.332 -415.332 2 25 5
27.1838 -415.382 -415.382 2 25 5
27.1836 -415.432 -415.432 2 25 5
27.1834 -415.482 -415.482 2 25 5
27.1832 -415.532 -415.532 2 25 5
27.1831 -415.582 -415.582 2 25 5
27.1844 -415.632 -415.632 2 25 5
27.184 -415.682 -415.682 2 25 5
27.1835 -415.732 -415.732 2 25 5
27.1832 -415.782 -415.782 2 25 5
27.1828 -415.832 -415.832 2 25 5
27.1833 -415.882 -415.882 2 25 5
27.1833 -415.932 -415.932 2 25 5
27.1833 -415.982 -415.982 2 25 5
27.1834 -416.032 -416.032 2 25 5
27.1834 -416.082 -416.082 2 25 5
27.1834 -416.132 -416.132 2 25 5
27.1834 -416.182 -416.182 2 25 5
27.1833 -416.232 -416.232 2 25 5
27.1833 -416.282 -416.282 2 25 5
27.1833 -416.332 -416.332 2 25 5
27.1833 -416.382 -416.382 2 25 5
27.1832 -416.432 -416.432 2 25 5
27.1832 -416.482 -416.482 2 25 5
27.1831 -416.532 -416.532 2 25 5
27.1838 -416.582 -416.582 2 25 5
27.1837 -416.632 -416.632 2 25 5
27.1835 -416.682 -416.682 2 25 5
27.1834 -416.732 -416.732 2 25 5
27.1832 -416.782 -416.782 2 25 5
27.1831 -416.832 -416.832 2 25 5
27.1843 -416.882 -416.882 2 25 5
27.184 -416.932 -416.932 2 25 5
27.1835 -416.982 -416.982 2 25 5
27.1832 -417.032 -417.032 2 25 5
27.1829 -417.082 -417.082 2 25 5
27.1833 -417.132 -417.132 2 25 5
27.1834 -417.182 -417.182 2 25 5
27.1834 -417.232 -417.232 2 25 5
27.1834 -417.282 -417.282 2 25 5
27.1834 -417.332 -417.332 2 25 5
27.1834 -417.382 -417.382 2 25 5
27.1833 -417.432 -417.432 2 25 5
27.1833 -417.482 -417.482 2 25 5
27.1833 -417.532 -417.532 2 25 5
27.1832 -417.582 -417.582 2 25 5
27.1832 -417.632 -417.632 2 25 5
27.183 -417.682 -417.682 2 25 5
27.1837 -417.732 -417.732 2 25 5
27.1837 -417.782 -417.782 2 25 5
27.1835 -417.832 -417.832 2 25 5
27.1834 -417.882 -417.882 2 25 5
27.1833 -417.932 -417.932 2 25 5
27.1832 -417.982 -417.982 2 25 5
27.1828 -418.032 -418.032 2 25 5
27.1833 -418.082 -418.082 2 25 5
27.1834 -418.132 -418.132 2 25 5
27.1835 -418.182 -418.182 2 25 5
27.1835 -418.232 -418.232 2 25 5
27.1834 -418.282 -418.282 2 25 5
27.1833 -418.332 -418.332 2 25 5
27.1833 -418.382 -418.382 2 25 5
27.1832 -418.432 -418.432 2 25 5
27.1832 -418.482 -418.482 2 25 5
27.1828 -418.532 -418.532 2 25 5
27.1834 -418.582 -418.582 2 25 5
27.1835 -418.632 -418.632 2 25 5
27.1835 -418.682 -418.682 2 25 5
27.1835 -418.732 -418.732 2 25 5
27.1834 -418.782 -418.782 2 25 5
27.1833 -418.832 -418.832 2 25 5
27.1833 -418.882 -418.882 2 25 5
27.1832 -418.932 -418.932 2 25 5
27.1831 -418.982 -418.982 2 25 5
27.1839 -419.032 -419.032 2 25 5
27.1838 -419.082 -419.082 2 25 5
27.1835 -419.132 -419.132 2 25 5
27.1833 -419.182 -419.182 2 25 5
27.1832 -419.232 -419.232 2 25 5
27.183 -419.282 -419.282 2 25 5
27.1835 -419.332 -419.332 2 25 5
27.1836 -419.382 -419.382 2 25 5
27.1835 -419.432 -419.432 2 25 5
27.1834 -419.482 -419.482 2 25 5
27.1833 -419.532 -419.532 2 25 5
27.1833 -419.582 -419.582 2 25 5
27.1832 -419.632 -419.632 2 25 5
27.183 -419.682 -419.682 2 25 5
27.1835 -419.732 -419.732 2 25 5
27.1836 -419.782 -419.782 2 25 5
27.1835 -419.832 -419.832 2 25 5
27.1834 -419.882 -419.882 2 25 5
27.1833 -419.932 -419.932 2 25 5
27.1833 -419.982 -419.982 2 25 5
27.1832 -420.032 -420.032 2 25 5
27.183 -420.082 -420.082 2 25 5
27.1837 -420.132 -420.132 2 25 5
27.1837 -420.182 -420.182 2 25 5
27.1835 -420.232 -420.232 2 25 5
27.1834 -420.282 -420.282 2 25 5
27.1833 -420.332 -420.332 2 25 5
27.1832 -420.382 -420.382 2 25 5
27.1825 -420.432 -420.432 2 25 5
27.1832 -420.482 -420.482 2 25 5
27.1829 -420.532 -420.532 2 25 5
27.1835 -420.582 -420.582 2 25 5
27.1837 -420.632 -420.632 2 25 5
27.1836 -420.682 -420.682 2 25 5
27.1835 -420.732 -420.732 2 25 5
27.1833 -420.782 -420.782 2 25 5
27.1833 -420.832 -420.832 2 25 5
27.1832 -420.882 -420.882 2 25 5
27.1826 -420.932 -420.932 2 25 5
27.1832 -420.982 -420.982 2 25 5
27.1832 -421.032 -421.032 2 25 5
27.1829 -421.082 -421.082 2 25 5
27.1835 -421.132 -421.132 2 25 5
27.1836 -421.182 -421.182 2 25 5
27.1836 -421.232 -421.232 2 25 5
27.1835 -421.282 -421.282 2 25 5
27.1834 -421.332 -421.332 2 25 5
27.1833 -421.382 -421.382 2 25 5
27.1832 -421.432 -421.432 2 25 5
27.183 -421.482 -421.482 2 25 5
27.1837 -421.532 -421.532 2 25 5
27.1837 -421.582 -421.582 2 25 5
27.1835 -421.632 -421.632 2 25 5
27.1834 -421.682 -421.682 2 25 5
27.1833 -421.732 -421.732 2 25 5
27.1832 -421.782 -421.782 2 25 5
27.183 -421.832 -421.832 2 25 5
27.1835 -421.882 -421.882 2 25 5
27.1836 -421.932 -421.932 2 25 5
27.1835 -421.982 -421.982 2 25 5
27.1834 -422.032 -422.032 2 25 5
27.1833 -422.082 -422.082 2 25 5
27.1833 -422.132 -422.132 2 25 5
27.1832 -422.182 -422.182 2 25 5
27.183 -422.232 -422.232 2 25 5
27.1835 -422.282 -422.282 2 25 5
27.1836 -422.332 -422.332 2 25 5
27.1835 -422.382 -422.382 2 25 5
27.1834 -422.432 -422.432 2 25 5
27.1833 -422.482 -422.482 2 25 5
27.1833 -422.532 -422.532 2 25 5
27.1832 -422.582 -422.582 2 25 5
27.1829 -422.632 -422.632 2 25 5
27.1834 -422.682 -422.682 2 25 5
27.1836 -422.732 -422.732 2 25 5
27.1835 -422.782 -422.782 2 25 5
27.1835 -422.832 -422.832 2 25 5
27.1834 -422.882 -422.882 2 25 5
27.1833 -422.932 -422.932 2 25 5
27.1832 -422.982 -422.982 2 25 5
27.1831 -423.032 -423.032 2 25 5
27.1826 -423.082 -423.082 2 25 5
27.1832 -423.132 -423.132 2 25 5
27.1833 -423.182 -423.182 2 25 5
27.1834 -423.232 -423.232 2 25 5
27.1834 -423.282 -423.282 2 25 5
27.1835 -423.332 -423.332 2 25 5
27.1834 -423.382 -423.382 2 25 5
27.1834 -423.432 -423.432 2 25 5
27.1833 -423.482 -423.482 2 25 5
27.1833 -423.532 -423.532 2 25 5
27.1833 -423.582 -423.582 2 25 5
27.1832 -423.632 -423.632 2 25 5
27.1831 -423.682 -423.682 2 25 5
27.1846 -423.732 -423.732 2 25 5
27.1842 -423.782 -423.782 2 25 5
27.1836 -423.832 -423.832 2 25 5
27.1832 -423.882 -423.882 2 25 5
27.1826 -423.932 -423.932 2 25 5
27.1782 -423.982 -423.982 2 25 5
27.1786 -424.032 -424.032 2 25 5
27.1812 -424.082 -424.082 2 25 5
27.1837 -424.132 -424.132 2 25 5
27.1847 -424.182 -424.182 2 25 5
27.1846 -424.232 -424.232 2 25 5
27.184 -424.282 -424.282 2 25 5
27.1834 -424.332 -424.332 2 25 5
27.183 -424.382 -424.382 2 25 5
27.1835 -424.432 -424.432 2 25 5
27.1834 -424.482 -424.482 2 25 5
27.1834 -424.532 -424.532 2 25 5
27.1833 -424.582 -424.582 2 25 5
27.1833 -424.632 -424.632 2 25 5
27.1832 -424.682 -424.682 2 25 5
27.1831 -424.732 -424.732 2 25 5
27.1824 -424.782 -424.782 2 25 5
27.1831 -424.832 -424.832 2 25 5
27.1822 -424.882 -424.882 2 25 5
27.1831 -424.932 -424.932 2 25 5
27.1814 -424.982 -424.982 2 25 5
27.1828 -425.032 -425.032 2 25 5
27.1839 -425.082 -425.082 2 25 5
27.1841 -425.132 -425.132 2 25 5
27.1839 -425.182 -425.182 2 25 5
27.1836 -425.232 -425.232 2 25 5
27.1833 -425.282 -425.282 2 25 5
27.1831 -425.332 -425.332 2 25 5
27.1851 -425.382 -425.382 2 25 5
27.1844 -425.432 -425.432 2 25 5
27.1835 -425.482 -425.482 2 25 5
27.183 -425.532 -425.532 2 25 5
27.1834 -425.582 -425.582 2 25 5
27.1834 -425.632 -425.632 2 25 5
27.1833 -425.682 -425.682 2 25 5
27.1832 -425.732 -425.732 2 25 5
27.1832 -425.782 -425.782 2 25 5
27.1828 -425.832 -425.832 2 25 5
27.1834 -425.882 -425.882 2 25 5
27.1835 -425.932 -425.932 2 25 5
27.1836 -425.982 -425.982 2 25 5
27.1835 -426.032 -426.032 2 25 5
27.1834 -426.082 -426.082 2 25 5
27.1833 -426.132 -426.132 2 25 5
27.1833 -426.182 -426.182 2 25 5
27.1832 -426.232 -426.232 2 25 5
27.1831 -426.282 -426.282 2 25 5
27.1842 -426.332 -426.332 2 25 5
27.184 -426.382 -426.382 2 25 5
27.1836 -426.432 -426.432 2 25 5
27.1833 -426.482 -426.482 2 25 5
27.1831 -426.532 -426.532 2 25 5
27.1839 -426.582 -426.582 2 25 5
27.1837 -426.632 -426.632 2 25 5
27.1835 -426.682 -426.682 2 25 5
27.1833 -426.732 -426.732 2 25 5
27.1832 -426.782 -426.782 2 25 5
27.1828 -426.832 -426.832 2 25 5
27.1834 -426.882 -426.882 2 25 5
27.1835 -426.932 -426.932 2 25 5
27.1835 -426.982 -426.982 2 25 5
27.1835 -427.032 -427.032 2 25 5
27.1834 -427.082 -427.082 2 25 5
27.1833 -427.132 -427.132 2 25 5
27.1833 -427.182 -427.182 2 25 5
27.1832 -427.232 -427.232 2 25 5
27.1831 -427.282 -427.282 2 25 5
27.1815 -427.332 -427.332 2 25 5
27.1826 -427.382 -427.382 2 25 5
27.1837 -427.432 -427.432 2 25 5
27.184 -427.482 -427.482 2 25 5
27.1839 -427.532 -427.532 2 25 5
27.1836 -427.582 -427.582 2 25 5
27.1833 -427.632 -427.632 2 25 5
27.1832 -427.682 -427.682 2 25 5
27.1828 -427.732 -427.732 2 25 5
27.1833 -427.782 -427.782 2 25 5
27.1834 -427.832 -427.832 2 25 5
27.1835 -427.882 -427.882 2 25 5
27.1835 -427.932 -427.932 2 25 5
27.1834 -427.982 -427.982 2 25 5
27.1834 -428.032 -428.032 2 25 5
27.1833 -428.082 -428.082 2 25 5
27.1833 -428.132 -428.132 2 25 5
27.1832 -428.182 -428.182 2 25 5
27.1791 -428.232 -428.232 2 25 5
27.1794 -428.282 -428.282 2 25 5
27.1816 -428.332 -428.332 2 25 5
27.1837 -428.382 -428.382 2 25 5
27.1845 -428.432 -428.432 2 25 5
27.1844 -428.482 -428.482 2 25 5
27.1839 -428.532 -428.532 2 25 5
27.1834 -428.582 -428.582 2 25 5
27.1831 -428.632 -428.632 2 25 5
27.1847 -428.682 -428.682 2 25 5
27.1841 -428.732 -428.732 2 25 5
27.1835 -428.782 -428.782 2 25 5
27.1831 -428.832 -428.832 2 25 5
27.1861 -428.882 -428.882 2 25 5
27.1848 -428.932 -428.932 2 25 5
27.1835 -428.982 -428.982 2 25 5
27.1827 -429.032 -429.032 2 25 5
27.1829 -429.082 -429.082 2 25 5
27.1834 -429.132 -429.132 2 25 5
27.1834 -429.182 -429.182 2 25 5
27.1835 -429.232 -429.232 2 25 5
27.1834 -429.282 -429.282 2 25 5
27.1834 -429.332 -429.332 2 25 5
27.1833 -429.382 -429.382 2 25 5
27.1833 -429.432 -429.432 2 25 5
27.1833 -429.482 -429.482 2 25 5
27.1832 -429.532 -429.532 2 25 5
27.1879 -429.582 -429.582 2 25 5
27.1882 -429.632 -429.632 2 25 5
27.186 -429.682 -429.682 2 25 5
27.1836 -429.732 -429.732 2 25 5
27.1823 -429.782 -429.782 2 25 5
27.1823 -429.832 -429.832 2 25 5
27.1829 -429.882 -429.882 2 25 5
27.1837 -429.932 -429.932 2 25 5
27.1838 -429.982 -429.982 2 25 5
27.1837 -430.032 -430.032 2 25 5
27.1835 -430.082 -430.082 2 25 5
27.1833 -430.132 -430.132 2 25 5
27.1832 -430.182 -430.182 2 25 5
27.183 -430.232 -430.232 2 25 5
27.1836 -430.282 -430.282 2 25 5
27.1836 -430.332 -430.332 2 25 5
27.1835 -430.382 -430.382 2 25 5
27.1834 -430.432 -430.432 2 25 5
27.1833 -430.482 -430.482 2 25 5
27.1832 -430.532 -430.532 2 25 5
27.1831 -430.582 -430.582 2 25 5
27.1784 -430.632 -430.632 2 25 5
27.1811 -430.683 -430.683 2 25 5
27.1836 -430.732 -430.732 2 25 5
27.1848 -430.782 -430.782 2 25 5
27.1847 -430.832 -430.832 2 25 5
27.184 -430.882 -430.882 2 25 5
27.1834 -430.932 -430.932 2 25 5
27.183 -430.982 -430.982 2 25 5
27.1837 -431.032 -431.032 2 25 5
27.1836 -431.082 -431.082 2 25 5
27.1834 -431.132 -431.132 2 25 5
27.1833 -431.182 -431.182 2 25 5
27.1832 -431.232 -431.232 2 25 5
27.1831 -431.282 -431.282 2 25 5
27.1853 -431.332 -431.332 2 25 5
27.1845 -431.382 -431.382 2 25 5
27.1836 -431.432 -431.432 2 25 5
27.183 -431.482 -431.482 2 25 5
27.1834 -431.532 -431.532 2 25 5
27.1833 -431.582 -431.582 2 25 5
27.1833 -431.632 -431.632 2 25 5
27.1832 -431.682 -431.682 2 25 5
27.1831 -431.732 -431.732 2 25 5
27.1844 -431.782 -431.782 2 25 5
27.1841 -431.832 -431.832 2 25 5
27.1836 -431.882 -431.882 2 25 5
27.1832 -431.932 -431.932 2 25 5
27.1829 -431.982 -431.982 2 25 5
27.1834 -432.032 -432.032 2 25 5
27.1835 -432.082 -432.082 2 25 5
27.1835 -432.132 -432.132 2 25 5
27.1834 -432.182 -432.182 2 25 5
27.1833 -432.232 -432.232 2 25 5
27.1833 -432.282 -432.282 2 25 5
27.1833 -432.332 -432.332 2 25 5
27.1832 -432.382 -432.382 2 25 5
27.187 -432.432 -432.432 2 25 5
27.1874 -432.482 -432.482 2 25 5
27.1856 -432.533 -432.533 2 25 5
27.1836 -432.583 -432.583 2 25 5
27.1825 -432.632 -432.632 2 25 5
27.1825 -432.682 -432.682 2 25 5
27.1831 -432.733 -432.733 2 25 5
27.185 -432.782 -432.782 2 25 5
27.1844 -432.833 -432.833 2 25 5
27.1837 -432.883 -432.883 2 25 5
27.1831 -432.933 -432.933 2 25 5
27.182 -432.982 -432.982 2 25 5
27.1827 -433.033 -433.033 2 25 5
27.1836 -433.083 -433.083 2 25 5
27.1838 -433.133 -433.133 2 25 5
27.1838 -433.183 -433.183 2 25 5
27.1836 -433.233 -433.233 2 25 5
27.1834 -433.283 -433.283 2 25 5
27.1832 -433.333 -433.333 2 25 5
27.1867 -433.383 -433.383 2 25 5
27.1869 -433.432 -433.432 2 25 5
27.1853 -433.483 -433.483 2 25 5
27.1836 -433.533 -433.533 2 25 5
27.1826 -433.583 -433.583 2 25 5
27.1827 -433.633 -433.633 2 25 5
27.1832 -433.683 -433.683 2 25 5
27.183 -433.733 -433.733 2 25 5
27.1837 -433.783 -433.783 2 25 5
27.1838 -433.833 -433.833 2 25 5
27.1836 -433.883 -433.883 2 25 5
27.1834 -433.933 -433.933 2 25 5
27.1833 -433.983 -433.983 2 25 5
27.1832 -434.033 -434.033 2 25 5
27.183 -434.083 -434.083 2 25 5
27.1837 -434.133 -434.133 2 25 5
27.1837 -434.183 -434.183 2 25 5
27.1836 -434.233 -434.233 2 25 5
27.1834 -434.283 -434.283 2 25 5
27.1833 -434.333 -434.333 2 25 5
27.1832 -434.383 -434.383 2 25 5
27.1829 -434.433 -434.433 2 25 5
27.1836 -434.483 -434.483 2 25 5
27.1836 -434.533 -434.533 2 25 5
27.1836 -434.583 -434.583 2 25 5
27.1834 -434.633 -434.633 2 25 5
27.1833 -434.683 -434.683 2 25 5
27.1832 -434.733 -434.733 2 25 5
27.1832 -434.783 -434.783 2 25 5
27.1828 -434.833 -434.833 2 25 5
27.1834 -434.883 -434.883 2 25 5
27.1836 -434.933 -434.933 2 25 5
27.1836 -434.983 -434.983 2 25 5
27.1835 -435.033 -435.033 2 25 5
27.1834 -435.083 -435.083 2 25 5
27.1833 -435.133 -435.133 2 25 5
27.1832 -435.183 -435.183 2 25 5
27.1831 -435.233 -435.233 2 25 5
27.1828 -435.283 -435.283 2 25 5
27.1834 -435.333 -435.333 2 25 5
27.1835 -435.383 -435.383 2 25 5
27.1836 -435.433 -435.433 2 25 5
27.1835 -435.483 -435.483 2 25 5
27.1834 -435.533 -435.533 2 25 5
27.1833 -435.583 -435.583 2 25 5
27.1833 -435.633 -435.633 2 25 5
27.1832 -435.683 -435.683 2 25 5
27.183 -435.733 -435.733 2 25 5
27.1841 -435.783 -435.783 2 25 5
27.1839 -435.833 -435.833 2 25 5
27.1836 -435.883 -435.883 2 25 5
27.1833 -435.933 -435.933 2 25 5
27.1831 -435.983 -435.983 2 25 5
27.1822 -436.033 -436.033 2 25 5
27.183 -436.083 -436.083 2 25 5
27.184 -436.133 -436.133 2 25 5
27.184 -436.183 -436.183 2 25 5
27.1837 -436.233 -436.233 2 25 5
27.1834 -436.283 -436.283 2 25 5
27.1832 -436.333 -436.333 2 25 5
27.183 -436.383 -436.383 2 25 5
27.1836 -436.433 -436.433 2 25 5
27.1836 -436.483 -436.483 2 25 5
27.1835 -436.533 -436.533 2 25 5
27.1834 -436.583 -436.583 2 25 5
27.1833 -436.633 -436.633 2 25 5
27.1832 -436.683 -436.683 2 25 5
27.1831 -436.733 -436.733 2 25 5
27.1878 -436.783 -436.783 2 25 5
27.1858 -436.833 -436.833 2 25 5
27.1836 -436.883 -436.883 2 25 5
27.1824 -436.933 -436.933 2 25 5
27.1824 -436.983 -436.983 2 25 5
27.183 -437.033 -437.033 2 25 5
27.1841 -437.083 -437.083 2 25 5
27.184 -437.133 -437.133 2 25 5
27.1837 -437.183 -437.183 2 25 5
27.1834 -437.233 -437.233 2 25 5
27.1832 -437.283 -437.283 2 25 5
27.1828 -437.333 -437.333 2 25 5
27.1834 -437.383 -437.383 2 25 5
27.1835 -437.433 -437.433 2 25 5
27.1835 -437.483 -437.483 2 25 5
27.1835 -437.533 -437.533 2 25 5
27.1834 -437.583 -437.583 2 25 5
27.1833 -437.633 -437.633 2 25 5
27.1833 -437.683 -437.683 2 25 5
27.1832 -437.733 -437.733 2 25 5
27.1832 -437.783 -437.783 2 25 5
27.1828 -437.833 -437.833 2 25 5
27.1834 -437.883 -437.883 2 25 5
27.1836 -437.933 -437.933 2 25 5
27.1836 -437.983 -437.983 2 25 5
27.1835 -438.033 -438.033 2 25 5
27.1834 -438.083 -438.083 2 25 5
27.1833 -438.133 -438.133 2 25 5
27.1832 -438.183 -438.183 2 25 5
27.1831 -438.233 -438.233 2 25 5
27.1826 -438.283 -438.283 2 25 5
27.1833 -438.333 -438.333 2 25 5
27.1834 -438.383 -438.383 2 25 5
27.1835 -438.433 -438.433 2 25 5
27.1836 -438.483 -438.483 2 25 5
27.1835 -438.533 -438.533 2 25 5
27.1834 -438.583 -438.583 2 25 5
27.1833 -438.633 -438.633 2 25 5
27.1832 -438.683 -438.683 2 25 5
27.1832 -438.733 -438.733 2 25 5
27.183 -438.783 -438.783 2 25 5
27.1838 -438.833 -438.833 2 25 5
27.1838 -438.883 -438.883 2 25 5
27.1836 -438.933 -438.933 2 25 5
27.1834 -438.983 -438.983 2 25 5
27.1833 -439.033 -439.033 2 25 5
27.1831 -439.083 -439.083 2 25 5
27.1823 -439.133 -439.133 2 25 5
27.1782 -439.183 -439.183 2 25 5
27.1788 -439.233 -439.233 2 25 5
27.1815 -439.283 -439.283 2 25 5
27.1838 -439.333 -439.333 2 25 5
27.1848 -439.383 -439.383 2 25 5
27.1846 -439.433 -439.433 2 25 5
27.184 -439.483 -439.483 2 25 5
27.1834 -439.533 -439.533 2 25 5
27.183 -439.583 -439.583 2 25 5
27.1838 -439.633 -439.633 2 25 5
27.1836 -439.683 -439.683 2 25 5
27.1835 -439.733 -439.733 2 25 5
27.1833 -439.783 -439.783 2 25 5
27.1832 -439.833 -439.833 2 25 5
27.183 -439.883 -439.883 2 25 5
27.184 -439.933 -439.933 2 25 5
27.1838 -439.983 -439.983 2 25 5
27.1836 -440.033 -440.033 2 25 5
27.1834 -440.083 -440.083 2 25 5
27.1832 -440.133 -440.133 2 25 5
27.1829 -440.183 -440.183 2 25 5
27.1836 -440.233 -440.233 2 25 5
27.1837 -440.283 -440.283 2 25 5
27.1836 -440.333 -440.333 2 25 5
27.1834 -440.383 -440.383 2 25 5
27.1833 -440.433 -440.433 2 25 5
27.1832 -440.483 -440.483 2 25 5
27.1831 -440.533 -440.533 2 25 5
27.1816 -440.583 -440.583 2 25 5
27.1827 -440.633 -440.633 2 25 5
27.1838 -440.683 -440.683 2 25 5
27.184 -440.733 -440.733 2 25 5
27.1839 -440.783 -440.783 2 25 5
27.1836 -440.833 -440.833 2 25 5
27.1833 -440.883 -440.883 2 25 5
27.1832 -440.933 -440.933 2 25 5
27.1827 -440.983 -440.983 2 25 5
27.1833 -441.033 -441.033 2 25 5
27.1835 -441.083 -441.083 2 25 5
27.1835 -441.133 -441.133 2 25 5
27.1835 -441.183 -441.183 2 25 5
27.1834 -441.233 -441.233 2 25 5
27.1834 -441.283 -441.283 2 25 5
27.1833 -441.333 -441.333 2 25 5
27.1832 -441.383 -441.383 2 25 5
27.1832 -441.433 -441.433 2 25 5
27.183 -441.483 -441.483 2 25 5
27.1838 -441.533 -441.533 2 25 5
27.1838 -441.583 -441.583 2 25 5
27.1836 -441.633 -441.633 2 25 5
27.1834 -441.683 -441.683 2 25 5
27.1832 -441.733 -441.733 2 25 5
27.1831 -441.783 -441.783 2 25 5
27.182 -441.833 -441.833 2 25 5
27.1829 -441.883 -441.883 2 25 5
27.1839 -441.933 -441.933 2 25 5
27.184 -441.983 -441.983 2 25 5
27.1838 -442.033 -442.033 2 25 5
27.1835 -442.083 -442.083 2 25 5
27.1833 -442.133 -442.133 2 25 5
27.1831 -442.183 -442.183 2 25 5
27.1817 -442.233 -442.233 2 25 5
27.1827 -442.283 -442.283 2 25 5
27.1838 -442.333 -442.333 2 25 5
27.184 -442.383 -442.383 2 25 5
27.1839 -442.433 -442.433 2 25 5
27.1836 -442.483 -442.483 2 25 5
27.1833 -442.533 -442.533 2 25 5
27.1832 -442.583 -442.583 2 25 5
27.1828 -442.633 -442.633 2 25 5
27.1834 -442.683 -442.683 2 25 5
27.1835 -442.733 -442.733 2 25 5
27.1836 -442.783 -442.783 2 25 5
27.1835 -442.833 -442.833 2 25 5
27.1834 -442.883 -442.883 2 25 5
27.1833 -442.933 -442.933 2 25 5
27.1833 -442.983 -442.983 2 25 5
27.1832 -443.033 -443.033 2 25 5
27.183 -443.083 -443.083 2 25 5
27.184 -443.133 -443.133 2 25 5
27.1839 -443.183 -443.183 2 25 5
27.1836 -443.233 -443.233 2 25 5
27.1833 -443.283 -443.283 2 25 5
27.1832 -443.333 -443.333 2 25 5
27.1828 -443.383 -443.383 2 25 5
27.1835 -443.433 -443.433 2 25 5
27.1836 -443.483 -443.483 2 25 5
27.1836 -443.533 -443.533 2 25 5
27.1835 -443.583 -443.583 2 25 5
27.1834 -443.633 -443.633 2 25 5
27.1833 -443.683 -443.683 2 25 5
27.1832 -443.733 -443.733 2 25 5
27.1832 -443.783 -443.783 2 25 5
27.1829 -443.833 -443.833 2 25 5
27.1837 -443.883 -443.883 2 25 5
27.1837 -443.933 -443.933 2 25 5
27.1836 -443.983 -443.983 2 25 5
27.1834 -444.033 -444.033 2 25 5
27.1833 -444.083 -444.083 2 25 5
27.1832 -444.133 -444.133 2 25 5
27.1861 -444.183 -444.183 2 25 5
27.1864 -444.233 -444.233 2 25 5
27.1851 -444.283 -444.283 2 25 5
27.1836 -444.333 -444.333 2 25 5
27.1828 -444.383 -444.383 2 25 5
27.1829 -444.433 -444.433 2 25 5
27.1834 -444.483 -444.483 2 25 5
27.1835 -444.533 -444.533 2 25 5
27.1835 -444.583 -444.583 2 25 5
27.1834 -444.633 -444.633 2 25 5
27.1834 -444.683 -444.683 2 25 5
27.1833 -444.733 -444.733 2 25 5
27.1833 -444.783 -444.783 2 25 5
27.1832 -444.833 -444.833 2 25 5
27.1831 -444.883 -444.883 2 25 5
27.1828 -444.933 -444.933 2 25 5
27.1835 -444.983 -444.983 2 25 5
27.1836 -445.033 -445.033 2 25 5
27.1836 -445.083 -445.083 2 25 5
27.1835 -445.133 -445.133 2 25 5
27.1834 -445.183 -445.183 2 25 5
27.1833 -445.233 -445.233 2 25 5
27.1832 -445.283 -445.283 2 25 5
27.183 -445.333 -445.333 2 25 5
27.1852 -445.383 -445.383 2 25 5
27.1845 -445.433 -445.433 2 25 5
27.1836 -445.483 -445.483 2 25 5
27.1781 -445.533 -445.533 2 25 5
27.1781 -445.583 -445.583 2 25 5
27.1808 -445.633 -445.633 2 25 5
27.1835 -445.683 -445.683 2 25 5
27.1848 -445.733 -445.733 2 25 5
27.1848 -445.783 -445.783 2 25 5
27.1841 -445.833 -445.833 2 25 5
27.1835 -445.883 -445.883 2 25 5
27.1863 -445.933 -445.933 2 25 5
27.1863 -445.983 -445.983 2 25 5
27.1849 -446.033 -446.033 2 25 5
27.1835 -446.083 -446.083 2 25 5
27.1827 -446.133 -446.133 2 25 5
27.1829 -446.183 -446.183 2 25 5
27.1835 -446.233 -446.233 2 25 5
27.1835 -446.283 -446.283 2 25 5
27.1835 -446.333 -446.333 2 25 5
27.1834 -446.383 -446.383 2 25 5
27.1834 -446.433 -446.433 2 25 5
27.1833 -446.483 -446.483 2 25 5
27.1832 -446.533 -446.533 2 25 5
27.1832 -446.583 -446.583 2 25 5
27.1829 -446.633 -446.633 2 25 5
27.1836 -446.683 -446.683 2 25 5
27.1837 -446.733 -446.733 2 25 5
27.1836 -446.783 -446.783 2 25 5
27.1835 -446.833 -446.833 2 25 5
27.1833 -446.883 -446.883 2 25 5
27.1832 -446.933 -446.933 2 25 5
27.1831 -446.983 -446.983 2 25 5
27.1827 -447.033 -447.033 2 25 5
27.1834 -447.083 -447.083 2 25 5
27.1836 -447.133 -447.133 2 25 5
27.1836 -447.183 -447.183 2 25 5
27.1835 -447.233 -447.233 2 25 5
27.1834 -447.283 -447.283 2 25 5
27.1833 -447.333 -447.333 2 25 5
27.1832 -447.383 -447.383 2 25 5
27.1832 -447.433 -447.433 2 25 5
27.1829 -447.483 -447.483 2 25 5
27.1838 -447.533 -447.533 2 25 5
27.1838 -447.583 -447.583 2 25 5
27.1836 -447.633 -447.633 2 25 5
27.1834 -447.683 -447.683 2 25 5
27.1833 -447.733 -447.733 2 25 5
27.1832 -447.783 -447.783 2 25 5
27.1828 -447.833 -447.833 2 25 5
27.1835 -447.883 -447.883 2 25 5
27.1836 -447.933 -447.933 2 25 5
27.1836 -447.983 -447.983 2 25 5
27.1835 -448.033 -448.033 2 25 5
27.1834 -448.083 -448.083 2 25 5
27.1833 -448.133 -448.133 2 25 5
27.1832 -448.183 -448.183 2 25 5
27.1831 -448.233 -448.233 2 25 5
27.1826 -448.283 -448.283 2 25 5
27.1833 -448.333 -448.333 2 25 5
27.1835 -448.383 -448.383 2 25 5
27.1836 -448.433 -448.433 2 25 5
27.1836 -448.483 -448.483 2 25 5
27.1835 -448.533 -448.533 2 25 5
27.1834 -448.583 -448.583 2 25 5
27.1833 -448.633 -448.633 2 25 5
27.1832 -448.683 -448.683 2 25 5
27.1831 -448.733 -448.733 2 25 5
27.1818 -448.783 -448.783 2 25 5
27.1829 -448.833 -448.833 2 25 5
27.184 -448.883 -448.883 2 25 5
27.1841 -448.933 -448.933 2 25 5
27.1839 -448.983 -448.983 2 25 5
27.1835 -449.033 -449.033 2 25 5
27.1833 -449.083 -449.083 2 25 5
27.1831 -449.133 -449.133 2 25 5
27.1811 -449.183 -449.183 2 25 5
27.1824 -449.233 -449.233 2 25 5
27.1837 -449.283 -449.283 2 25 5
27.1842 -449.333 -449.333 2 25 5
27.184 -449.383 -449.383 2 25 5
27.1837 -449.433 -449.433 2 25 5
27.1834 -449.483 -449.483 2 25 5
27.1832 -449.533 -449.533 2 25 5
27.1828 -449.583 -449.583 2 25 5
27.1834 -449.633 -449.633 2 25 5
27.1835 -449.683 -449.683 2 25 5
27.1836 -449.733 -449.733 2 25 5
27.1835 -449.783 -449.783 2 25 5
27.1834 -449.833 -449.833 2 25 5
27.1833 -449.883 -449.883 2 25 5
27.1833 -449.933 -449.933 2 25 5
27.1832 -449.983 -449.983 2 25 5
27.1867 -450.033 -450.033 2 25 5
27.1871 -450.083 -450.083 2 25 5
27.1855 -450.133 -450.133 2 25 5
27.1837 -450.183 -450.183 2 25 5
27.1826 -450.233 -450.233 2 25 5
27.1827 -450.283 -450.283 2 25 5
27.1832 -450.333 -450.333 2 25 5
27.1833 -450.383 -450.383 2 25 5
27.1833 -450.433 -450.433 2 25 5
27.1834 -450.483 -450.483 2 25 5
27.1834 -450.533 -450.533 2 25 5
27.1834 -450.583 -450.583 2 25 5
27.1834 -450.633 -450.633 2 25 5
27.1834 -450.683 -450.683 2 25 5
27.1833 -450.733 -450.733 2 25 5
27.1833 -450.783 -450.783 2 25 5
27.1833 -450.833 -450.833 2 25 5
27.1832 -450.883 -450.883 2 25 5
27.1832 -450.933 -450.933 2 25 5
27.1832 -450.983 -450.983 2 25 5
27.1829 -451.033 -451.033 2 25 5
27.1838 -451.083 -451.083 2 25 5
27.1838 -451.133 -451.133 2 25 5
27.1836 -451.183 -451.183 2 25 5
27.1834 -451.233 -451.233 2 25 5
27.1833 -451.283 -451.283 2 25 5
27.1832 -451.333 -451.333 2 25 5
27.1829 -451.383 -451.383 2 25 5
27.1837 -451.433 -451.433 2 25 5
27.1837 -451.483 -451.483 2 25 5
27.1836 -451.533 -451.533 2 25 5
27.1835 -451.583 -451.583 2 25 5
27.1833 -451.633 -451.633 2 25 5
27.1832 -451.683 -451.683 2 25 5
27.1831 -451.733 -451.733 2 25 5
27.1821 -451.783 -451.783 2 25 5
27.183 -451.833 -451.833 2 25 5
27.1873 -451.883 -451.883 2 25 5
27.1857 -451.933 -451.933 2 25 5
27.1838 -451.983 -451.983 2 25 5
27.1827 -452.033 -452.033 2 25 5
27.1827 -452.083 -452.083 2 25 5
27.1832 -452.133 -452.133 2 25 5
27.1831 -452.183 -452.183 2 25 5
27.1825 -452.233 -452.233 2 25 5
27.1833 -452.283 -452.283 2 25 5
27.1836 -452.333 -452.333 2 25 5
27.1837 -452.383 -452.383 2 25 5
27.1836 -452.433 -452.433 2 25 5
27.1835 -452.483 -452.483 2 25 5
27.1834 -452.533 -452.533 2 25 5
27.1833 -452.583 -452.583 2 25 5
27.1832 -452.633 -452.633 2 25 5
27.183 -452.683 -452.683 2 25 5
27.185 -452.733 -452.733 2 25 5
27.1844 -452.783 -452.783 2 25 5
27.1837 -452.833 -452.833 2 25 5
27.1831 -452.883 -452.883 2 25 5
27.1823 -452.933 -452.933 2 25 5
27.183 -452.983 -452.983 2 25 5
27.1843 -453.033 -453.033 2 25 5
27.1841 -453.083 -453.083 2 25 5
27.1837 -453.133 -453.133 2 25 5
27.1834 -453.183 -453.183 2 25 5
27.1831 -453.233 -453.233 2 25 5
27.1827 -453.283 -453.283 2 25 5
27.1833 -453.333 -453.333 2 25 5
27.1835 -453.383 -453.383 2 25 5
27.1835 -453.433 -453.433 2 25 5
27.1835 -453.483 -453.483 2 25 5
27.1835 -453.533 -453.533 2 25 5
27.1834 -453.583 -453.583 2 25 5
27.1833 -453.633 -453.633 2 25 5
27.1833 -453.683 -453.683 2 25 5
27.1832 -453.733 -453.733 2 25 5
27.1782 -453.783 -453.783 2 25 5
27.1785 -453.833 -453.833 2 25 5
27.1812 -453.883 -453.883 2 25 5
27.1837 -453.933 -453.933 2 25 5
27.1848 -453.983 -453.983 2 25 5
27.1847 -454.033 -454.033 2 25 5
27.184 -454.083 -454.083 2 25 5
27.1834 -454.133 -454.133 2 25 5
27.183 -454.183 -454.183 2 25 5
27.1859 -454.233 -454.233 2 25 5
27.1847 -454.283 -454.283 2 25 5
27.1835 -454.333 -454.333 2 25 5
27.1828 -454.383 -454.383 2 25 5
27.1832 -454.433 -454.433 2 25 5
27.1828 -454.483 -454.483 2 25 5
27.1835 -454.533 -454.533 2 25 5
27.1836 -454.583 -454.583 2 25 5
27.1836 -454.633 -454.633 2 25 5
27.1835 -454.683 -454.683 2 25 5
27.1834 -454.733 -454.733 2 25 5
27.1833 -454.783 -454.783 2 25 5
27.1832 -454.833 -454.833 2 25 5
27.1831 -454.883 -454.883 2 25 5
27.1827 -454.933 -454.933 2 25 5
27.1834 -454.983 -454.983 2 25 5
27.1836 -455.033 -455.033 2 25 5
27.1836 -455.083 -455.083 2 25 5
27.1835 -455.133 -455.133 2 25 5
27.1834 -455.183 -455.183 2 25 5
27.1833 -455.233 -455.233 2 25 5
27.1832 -455.283 -455.283 2 25 5
27.1831 -455.333 -455.333 2 25 5
27.1829 -455.383 -455.383 2 25 5
27.1837 -455.433 -455.433 2 25 5
27.1837 -455.483 -455.483 2 25 5
27.1836 -455.533 -455.533 2 25 5
27.1835 -455.583 -455.583 2 25 5
27.1833 -455.633 -455.633 2 25 5
27.1832 -455.683 -455.683 2 25 5
27.1831 -455.733 -455.733 2 25 5
27.1825 -455.783 -455.783 2 25 5
27.1833 -455.833 -455.833 2 25 5
27.1835 -455.883 -455.883 2 25 5
27.1836 -455.933 -455.933 2 25 5
27.1836 -455.983 -455.983 2 25 5
27.1835 -456.033 -456.033 2 25 5
27.1834 -456.083 -456.083 2 25 5
27.1833 -456.133 -456.133 2 25 5
27.1832 -456.183 -456.183 2 25 5
27.1832 -456.233 -456.233 2 25 5
27.1829 -456.283 -456.283 2 25 5
27.1838 -456.333 -456.333 2 25 5
27.1838 -456.383 -456.383 2 25 5
27.1836 -456.433 -456.433 2 25 5
27.1834 -456.483 -456.483 2 25 5
27.1833 -456.533 -456.533 2 25 5
27.1832 -456.583 -456.583 2 25 5
27.1829 -456.633 -456.633 2 25 5
27.1836 -456.683 -456.683 2 25 5
27.1837 -456.733 -456.733 2 25 5
27.1836 -456.783 -456.783 2 25 5
27.1835 -456.833 -456.833 2 25 5
27.1833 -456.883 -456.883 2 25 5
27.1832 -456.933 -456.933 2 25 5
27.1831 -456.983 -456.983 2 25 5
27.1827 -457.033 -457.033 2 25 5
27.1834 -457.083 -457.083 2 25 5
27.1836 -457.133 -457.133 2 25 5
27.1836 -457.183 -457.183 2 25 5
27.1836 -457.233 -457.233 2 25 5
27.1834 -457.283 -457.283 2 25 5
27.1833 -457.333 -457.333 2 25 5
27.1832 -457.383 -457.383 2 25 5
27.1832 -457.433 -457.433 2 25 5
27.1829 -457.483 -457.483 2 25 5
27.1839 -457.533 -457.533 2 25 5
27.1839 -457.583 -457.583 2 25 5
27.1836 -457.633 -457.633 2 25 5
27.1834 -457.683 -457.683 2 25 5
27.1832 -457.733 -457.733 2 25 5
27.1831 -457.783 -457.783 2 25 5
27.1805 -457.833 -457.833 2 25 5
27.1837 -457.883 -457.883 2 25 5
27.1851 -457.933 -457.933 2 25 5
27.185 -457.983 -457.983 2 25 5
27.1842 -458.033 -458.033 2 25 5
27.1834 -458.083 -458.083 2 25 5
27.183 -458.133 -458.133 2 25 5
27.1839 -458.183 -458.183 2 25 5
27.1837 -458.233 -458.233 2 25 5
27.1835 -458.283 -458.283 2 25 5
27.1833 -458.333 -458.333 2 25 5
27.1831 -458.383 -458.383 2 25 5
27.1828 -458.433 -458.433 2 25 5
27.1835 -458.483 -458.483 2 25 5
27.1836 -458.533 -458.533 2 25 5
27.1836 -458.583 -458.583 2 25 5
27.1835 -458.633 -458.633 2 25 5
27.1834 -458.683 -458.683 2 25 5
27.1833 -458.733 -458.733 2 25 5
27.1832 -458.783 -458.783 2 25 5
27.1831 -458.833 -458.833 2 25 5
27.1823 -458.883 -458.883 2 25 5
27.1831 -458.933 -458.933 2 25 5
27.1831 -458.983 -458.983 2 25 5
27.1866 -459.033 -459.033 2 25 5
27.1871 -459.083 -459.083 2 25 5
27.1855 -459.133 -459.133 2 25 5
27.1838 -459.183 -459.183 2 25 5
27.1827 -459.233 -459.233 2 25 5
27.1828 -459.283 -459.283 2 25 5
27.1834 -459.333 -459.333 2 25 5
27.1834 -459.383 -459.383 2 25 5
27.1835 -459.433 -459.433 2 25 5
27.1834 -459.483 -459.483 2 25 5
27.1834 -459.533 -459.533 2 25 5
27.1834 -459.583 -459.583 2 25 5
27.1833 -459.633 -459.633 2 25 5
27.1833 -459.683 -459.683 2 25 5
27.1832 -459.733 -459.733 2 25 5
27.1832 -459.783 -459.783 2 25 5
27.1831 -459.833 -459.833 2 25 5
27.1808 -459.883 -459.883 2 25 5
27.1824 -459.933 -459.933 2 25 5
27.1838 -459.983 -459.983 2 25 5
27.1843 -460.033 -460.033 2 25 5
27.1841 -460.083 -460.083 2 25 5
27.1837 -460.133 -460.133 2 25 5
27.1834 -460.183 -460.183 2 25 5
27.1831 -460.233 -460.233 2 25 5
27.1826 -460.283 -460.283 2 25 5
27.1833 -460.333 -460.333 2 25 5
27.1834 -460.383 -460.383 2 25 5
27.1835 -460.433 -460.433 2 25 5
27.1835 -460.483 -460.483 2 25 5
27.1835 -460.533 -460.533 2 25 5
27.1834 -460.583 -460.583 2 25 5
27.1833 -460.633 -460.633 2 25 5
27.1833 -460.683 -460.683 2 25 5
27.1832 -460.733 -460.733 2 25 5
27.1831 -460.783 -460.783 2 25 5
27.1826 -460.833 -460.833 2 25 5
27.1834 -460.883 -460.883 2 25 5
27.1836 -460.933 -460.933 2 25 5
27.1837 -460.983 -460.983 2 25 5
27.1836 -461.033 -461.033 2 25 5
27.1835 -461.083 -461.083 2 25 5
27.1834 -461.133 -461.133 2 25 5
27.1833 -461.183 -461.183 2 25 5
27.1832 -461.233 -461.233 2 25 5
27.183 -461.283 -461.283 2 25 5
27.1862 -461.333 -461.333 2 25 5
27.1851 -461.383 -461.383 2 25 5
27.1837 -461.433 -461.433 2 25 5
27.1829 -461.483 -461.483 2 25 5
27.1832 -461.533 -461.533 2 25 5
27.1829 -461.583 -461.583 2 25 5
27.1838 -461.633 -461.633 2 25 5
27.1838 -461.683 -461.683 2 25 5
27.1836 -461.733 -461.733 2 25 5
27.1834 -461.783 -461.783 2 25 5
27.1833 -461.833 -461.833 2 25 5
27.1832 -461.883 -461.883 2 25 5
27.1829 -461.933 -461.933 2 25 5
27.1838 -461.983 -461.983 2 25 5
27.1838 -462.033 -462.033 2 25 5
27.1836 -462.083 -462.083 2 25 5
27.1835 -462.133 -462.133 2 25 5
27.1833 -462.183 -462.183 2 25 5
27.1832 -462.233 -462.233 2 25 5
27.183 -462.283 -462.283 2 25 5
27.1849 -462.333 -462.333 2 25 5
27.1844 -462.383 -462.383 2 25 5
27.1837 -462.433 -462.433 2 25 5
27.1832 -462.483 -462.483 2 25 5
27.1827 -462.533 -462.533 2 25 5
27.1833 -462.583 -462.583 2 25 5
27.1833 -462.633 -462.633 2 25 5
27.1834 -462.683 -462.683 2 25 5
27.1834 -462.733 -462.733 2 25 5
27.1834 -462.783 -462.783 2 25 5
27.1834 -462.833 -462.833 2 25 5
27.1834 -462.883 -462.883 2 25 5
27.1833 -462.933 -462.933 2 25 5
27.1833 -462.983 -462.983 2 25 5
27.1833 -463.033 -463.033 2 25 5
27.1832 -463.083 -463.083 2 25 5
27.1831 -463.133 -463.133 2 25 5
27.1829 -463.183 -463.183 2 25 5
27.1838 -463.233 -463.233 2 25 5
27.1838 -463.283 -463.283 2 25 5
27.1837 -463.333 -463.333 2 25 5
27.1835 -463.383 -463.383 2 25 5
27.1833 -463.433 -463.433 2 25 5
27.1832 -463.483 -463.483 2 25 5
27.1829 -463.533 -463.533 2 25 5
27.184 -463.583 -463.583 2 25 5
27.1839 -463.633 -463.633 2 25 5
27.1837 -463.683 -463.683 2 25 5
27.1834 -463.733 -463.733 2 25 5
27.1832 -463.783 -463.783 2 25 5
27.183 -463.833 -463.833 2 25 5
27.1877 -463.883 -463.883 2 25 5
27.1858 -463.934 -463.934 2 25 5
27.1837 -463.983 -463.983 2 25 5
27.1825 -464.033 -464.033 2 25 5
27.1826 -464.083 -464.083 2 25 5
27.1832 -464.133 -464.133 2 25 5
27.1832 -464.183 -464.183 2 25 5
27.1833 -464.233 -464.233 2 25 5
27.1833 -464.283 -464.283 2 25 5
27.1834 -464.333 -464.333 2 25 5
27.1834 -464.383 -464.383 2 25 5
27.1834 -464.433 -464.433 2 25 5
27.1834 -464.483 -464.483 2 25 5
27.1834 -464.533 -464.533 2 25 5
27.1833 -464.583 -464.583 2 25 5
27.1833 -464.633 -464.633 2 25 5
27.1833 -464.683 -464.683 2 25 5
27.1833 -464.733 -464.733 2 25 5
27.1832 -464.783 -464.783 2 25 5
27.1832 -464.833 -464.833 2 25 5
27.1831 -464.883 -464.883 2 25 5
27.1827 -464.933 -464.933 2 25 5
27.1835 -464.983 -464.983 2 25 5
27.1837 -465.033 -465.033 2 25 5
27.1837 -465.083 -465.083 2 25 5
27.1836 -465.133 -465.133 2 25 5
27.1834 -465.183 -465.183 2 25 5
27.1833 -465.233 -465.233 2 25 5
27.1832 -465.283 -465.283 2 25 5
27.1831 -465.333 -465.333 2 25 5
27.1813 -465.383 -465.383 2 25 5
27.1826 -465.433 -465.433 2 25 5
27.1839 -465.483 -465.483 2 25 5
27.1842 -465.533 -465.533 2 25 5
27.184 -465.583 -465.583 2 25 5
27.1836 -465.633 -465.633 2 25 5
27.1833 -465.683 -465.683 2 25 5
27.1831 -465.733 -465.733 2 25 5
27.1825 -465.783 -465.783 2 25 5
27.1833 -465.833 -465.833 2 25 5
27.1835 -465.883 -465.883 2 25 5
27.1836 -465.933 -465.933 2 25 5
27.1836 -465.983 -465.983 2 25 5
27.1835 -466.033 -466.033 2 25 5
27.1834 -466.083 -466.083 2 25 5
27.1833 -466.133 -466.133 2 25 5
27.1832 -466.183 -466.183 2 25 5
27.1832 -466.233 -466.233 2 25 5
27.183 -466.283 -466.283 2 25 5
27.1856 -466.333 -466.333 2 25 5
27.1848 -466.384 -466.384 2 25 5
27.1837 -466.433 -466.433 2 25 5
27.1801 -466.483 -466.483 2 25 5
27.1801 -466.533 -466.533 2 25 5
27.1818 -466.584 -466.584 2 25 5
27.1836 -466.634 -466.634 2 25 5
27.1843 -466.684 -466.684 2 25 5
27.1843 -466.734 -466.734 2 25 5
27.1839 -466.784 -466.784 2 25 5
27.1835 -466.834 -466.834 2 25 5
27.1832 -466.884 -466.884 2 25 5
27.1828 -466.934 -466.934 2 25 5
27.1836 -466.984 -466.984 2 25 5
27.1837 -467.034 -467.034 2 25 5
27.1836 -467.084 -467.084 2 25 5
27.1835 -467.134 -467.134 2 25 5
27.1833 -467.184 -467.184 2 25 5
27.1832 -467.234 -467.234 2 25 5
27.1832 -467.284 -467.284 2 25 5
27.1829 -467.334 -467.334 2 25 5
27.184 -467.384 -467.384 2 25 5
27.1839 -467.434 -467.434 2 25 5
27.1837 -467.484 -467.484 2 25 5
27.1834 -467.534 -467.534 2 25 5
27.1832 -467.584 -467.584 2 25 5
27.1831 -467.634 -467.634 2 25 5
27.1814 -467.684 -467.684 2 25 5
27.1827 -467.734 -467.734 2 25 5
27.1839 -467.784 -467.784 2 25 5
27.1842 -467.834 -467.834 2 25 5
27.184 -467.884 -467.884 2 25 5
27.1836 -467.934 -467.934 2 25 5
27.1833 -467.984 -467.984 2 25 5
27.1831 -468.034 -468.034 2 25 5
27.1825 -468.084 -468.084 2 25 5
27.1833 -468.134 -468.134 2 25 5
27.1835 -468.184 -468.184 2 25 5
27.1836 -468.234 -468.234 2 25 5
27.1836 -468.284 -468.284 2 25 5
27.1835 -468.334 -468.334 2 25 5
27.1834 -468.384 -468.384 2 25 5
27.1833 -468.434 -468.434 2 25 5
27.1832 -468.484 -468.484 2 25 5
27.1832 -468.534 -468.534 2 25 5
27.1829 -468.584 -468.584 2 25 5
27.1842 -468.634 -468.634 2 25 5
27.1841 -468.684 -468.684 2 25 5
27.1837 -468.734 -468.734 2 25 5
27.1834 -468.784 -468.784 2 25 5
27.1832 -468.834 -468.834 2 25 5
27.1828 -468.884 -468.884 2 25 5
27.1836 -468.934 -468.934 2 25 5
27.1837 -468.984 -468.984 2 25 5
27.1836 -469.034 -469.034 2 25 5
27.1835 -469.084 -469.084 2 25 5
27.1834 -469.134 -469.134 2 25 5
27.1833 -469.184 -469.184 2 25 5
27.1832 -469.234 -469.234 2 25 5
27.1829 -469.284 -469.284 2 25 5
27.1842 -469.334 -469.334 2 25 5
27.184 -469.384 -469.384 2 25 5
27.1837 -469.434 -469.434 2 25 5
27.1834 -469.484 -469.484 2 25 5
27.1832 -469.534 -469.534 2 25 5
27.1828 -469.584 -469.584 2 25 5
27.1836 -469.634 -469.634 2 25 5
27.1837 -469.684 -469.684 2 25 5
27.1836 -469.734 -469.734 2 25 5
27.1835 -469.784 -469.784 2 25 5
27.1833 -469.834 -469.834 2 25 5
27.1832 -469.884 -469.884 2 25 5
27.1831 -469.934 -469.934 2 25 5
27.1828 -469.984 -469.984 2 25 5
27.1838 -470.034 -470.034 2 25 5
27.1838 -470.084 -470.084 2 25 5
27.1837 -470.134 -470.134 2 25 5
27.1835 -470.184 -470.184 2 25 5
27.1833 -470.234 -470.234 2 25 5
27.1832 -470.284 -470.284 2 25 5
27.183 -470.334 -470.334 2 25 5
27.185 -470.384 -470.384 2 25 5
27.1845 -470.434 -470.434 2 25 5
27.1837 -470.484 -470.484 2 25 5
27.1832 -470.534 -470.534 2 25 5
27.1826 -470.584 -470.584 2 25 5
27.1833 -470.634 -470.634 2 25 5
27.1834 -470.684 -470.684 2 25 5
27.1835 -470.734 -470.734 2 25 5
27.1835 -470.784 -470.784 2 25 5
27.1834 -470.834 -470.834 2 25 5
27.1834 -470.884 -470.884 2 25 5
27.1833 -470.934 -470.934 2 25 5
27.1833 -470.984 -470.984 2 25 5
27.1833 -471.034 -471.034 2 25 5
27.1832 -471.084 -471.084 2 25 5
27.1832 -471.134 -471.134 2 25 5
27.183 -471.184 -471.184 2 25 5
27.1873 -471.234 -471.234 2 25 5
27.1856 -471.284 -471.284 2 25 5
27.1838 -471.334 -471.334 2 25 5
27.1826 -471.384 -471.384 2 25 5
27.1828 -471.434 -471.434 2 25 5
27.1835 -471.484 -471.484 2 25 5
27.1835 -471.534 -471.534 2 25 5
27.1835 -471.584 -471.584 2 25 5
27.1835 -471.634 -471.634 2 25 5
27.1834 -471.684 -471.684 2 25 5
27.1833 -471.734 -471.734 2 25 5
27.1833 -471.784 -471.784 2 25 5
27.1832 -471.834 -471.834 2 25 5
27.1831 -471.884 -471.884 2 25 5
27.1823 -471.934 -471.934 2 25 5
27.1832 -471.984 -471.984 2 25 5
27.1834 -472.034 -472.034 2 25 5
27.1836 -472.084 -472.084 2 25 5
27.1837 -472.134 -472.134 2 25 5
27.1836 -472.184 -472.184 2 25 5
27.1834 -472.234 -472.234 2 25 5
27.1833 -472.284 -472.284 2 25 5
27.1832 -472.334 -472.334 2 25 5
27.1832 -472.384 -472.384 2 25 5
27.1829 -472.434 -472.434 2 25 5
27.1843 -472.484 -472.484 2 25 5
27.1841 -472.534 -472.534 2 25 5
27.1837 -472.584 -472.584 2 25 5
27.1834 -472.634 -472.634 2 25 5
27.1831 -472.684 -472.684 2 25 5
27.1825 -472.734 -472.734 2 25 5
27.1833 -472.784 -472.784 2 25 5
27.1835 -472.834 -472.834 2 25 5
27.1836 -472.884 -472.884 2 25 5
27.1836 -472.934 -472.934 2 25 5
27.1835 -472.984 -472.984 2 25 5
27.1834 -473.034 -473.034 2 25 5
27.1833 -473.084 -473.084 2 25 5
27.1832 -473.134 -473.134 2 25 5
27.1832 -473.184 -473.184 2 25 5
27.183 -473.234 -473.234 2 25 5
27.1849 -473.284 -473.284 2 25 5
27.1844 -473.334 -473.334 2 25 5
27.1837 -473.384 -473.384 2 25 5
27.1832 -473.434 -473.434 2 25 5
27.1828 -473.484 -473.484 2 25 5
27.1836 -473.534 -473.534 2 25 5
27.1836 -473.584 -473.584 2 25 5
27.1836 -473.634 -473.634 2 25 5
27.1834 -473.684 -473.684 2 25 5
27.1833 -473.734 -473.734 2 25 5
27.1833 -473.784 -473.784 2 25 5
27.1832 -473.834 -473.834 2 25 5
27.183 -473.884 -473.884 2 25 5
27.1878 -473.934 -473.934 2 25 5
27.1859 -473.984 -473.984 2 25 5
27.1838 -474.034 -474.034 2 25 5
27.1825 -474.084 -474.084 2 25 5
27.1826 -474.134 -474.134 2 25 5
27.1833 -474.184 -474.184 2 25 5
27.1833 -474.234 -474.234 2 25 5
27.1834 -474.284 -474.284 2 25 5
27.1834 -474.334 -474.334 2 25 5
27.1834 -474.384 -474.384 2 25 5
27.1834 -474.434 -474.434 2 25 5
27.1834 -474.484 -474.484 2 25 5
27.1833 -474.534 -474.534 2 25 5
27.1833 -474.584 -474.584 2 25 5
27.1833 -474.634 -474.634 2 25 5
27.1832 -474.684 -474.684 2 25 5
27.1832 -474.734 -474.734 2 25 5
27.183 -474.784 -474.784 2 25 5
27.1813 -474.834 -474.834 2 25 5
27.1827 -474.884 -474.884 2 25 5
27.1841 -474.934 -474.934 2 25 5
27.1843 -474.984 -474.984 2 25 5
27.184 -475.034 -475.034 2 25 5
27.1836 -475.084 -475.084 2 25 5
27.1833 -475.134 -475.134 2 25 5
27.1831 -475.184 -475.184 2 25 5
27.1819 -475.234 -475.234 2 25 5
27.183 -475.284 -475.284 2 25 5
27.1853 -475.334 -475.334 2 25 5
27.1848 -475.384 -475.384 2 25 5
27.1839 -475.434 -475.434 2 25 5
27.1832 -475.484 -475.484 2 25 5
27.1828 -475.534 -475.534 2 25 5
27.1834 -475.584 -475.584 2 25 5
27.1835 -475.634 -475.634 2 25 5
27.1835 -475.684 -475.684 2 25 5
27.1834 -475.734 -475.734 2 25 5
27.1834 -475.784 -475.784 2 25 5
27.1833 -475.834 -475.834 2 25 5
27.1833 -475.884 -475.884 2 25 5
27.1832 -475.934 -475.934 2 25 5
27.1832 -475.984 -475.984 2 25 5
27.183 -476.034 -476.034 2 25 5
27.1815 -476.084 -476.084 2 25 5
27.1828 -476.134 -476.134 2 25 5
27.1842 -476.184 -476.184 2 25 5
27.1843 -476.234 -476.234 2 25 5
27.184 -476.284 -476.284 2 25 5
27.1836 -476.334 -476.334 2 25 5
27.1832 -476.384 -476.384 2 25 5
27.1867 -476.434 -476.434 2 25 5
27.187 -476.484 -476.484 2 25 5
27.1854 -476.534 -476.534 2 25 5
27.1837 -476.584 -476.584 2 25 5
27.1827 -476.634 -476.634 2 25 5
27.1829 -476.684 -476.684 2 25 5
27.1843 -476.734 -476.734 2 25 5
27.1841 -476.784 -476.784 2 25 5
27.1836 -476.834 -476.834 2 25 5
27.1833 -476.884 -476.884 2 25 5
27.1831 -476.934 -476.934 2 25 5
27.1817 -476.984 -476.984 2 25 5
27.1828 -477.034 -477.034 2 25 5
27.1842 -477.084 -477.084 2 25 5
27.1843 -477.134 -477.134 2 25 5
27.1839 -477.184 -477.184 2 25 5
27.1835 -477.234 -477.234 2 25 5
27.1832 -477.284 -477.284 2 25 5
27.183 -477.334 -477.334 2 25 5
27.1875 -477.384 -477.384 2 25 5
27.1857 -477.434 -477.434 2 25 5
27.1837 -477.484 -477.484 2 25 5
27.1825 -477.534 -477.534 2 25 5
27.1827 -477.584 -477.584 2 25 5
27.1834 -477.634 -477.634 2 25 5
27.1835 -477.684 -477.684 2 25 5
27.1835 -477.734 -477.734 2 25 5
27.1835 -477.784 -477.784 2 25 5
27.1834 -477.834 -477.834 2 25 5
27.1833 -477.884 -477.884 2 25 5
27.1833 -477.934 -477.934 2 25 5
27.1832 -477.984 -477.984 2 25 5
27.1831 -478.034 -478.034 2 25 5
27.1829 -478.084 -478.084 2 25 5
27.1849 -478.134 -478.134 2 25 5
27.1845 -478.184 -478.184 2 25 5
27.1838 -478.234 -478.234 2 25 5
27.1832 -478.284 -478.284 2 25 5
27.1828 -478.334 -478.334 2 25 5
27.1837 -478.384 -478.384 2 25 5
27.1837 -478.434 -478.434 2 25 5
27.1836 -478.484 -478.484 2 25 5
27.1834 -478.534 -478.534 2 25 5
27.1833 -478.584 -478.584 2 25 5
27.1832 -478.634 -478.634 2 25 5
27.1831 -478.684 -478.684 2 25 5
27.1829 -478.734 -478.734 2 25 5
27.1842 -478.784 -478.784 2 25 5
27.1841 -478.834 -478.834 2 25 5
27.1837 -478.884 -478.884 2 25 5
27.1834 -478.934 -478.934 2 25 5
27.1832 -478.984 -478.984 2 25 5
27.1829 -479.034 -479.034 2 25 5
27.1847 -479.084 -479.084 2 25 5
27.1843 -479.134 -479.134 2 25 5
27.1837 -479.184 -479.184 2 25 5
27.1833 -479.234 -479.234 2 25 5
27.1829 -479.284 -479.284 2 25 5
27.1847 -479.334 -479.334 2 25 5
27.1842 -479.384 -479.384 2 25 5
27.1836 -479.434 -479.434 2 25 5
27.1832 -479.484 -479.484 2 25 5
27.1829 -479.534 -479.534 2 25 5
27.184 -479.584 -479.584 2 25 5
27.1839 -479.634 -479.634 2 25 5
27.1836 -479.684 -479.684 2 25 5
27.1834 -479.734 -479.734 2 25 5
27.1832 -479.784 -479.784 2 25 5
27.183 -479.834 -479.834 2 25 5
27.1818 -479.884 -479.884 2 25 5
27.1829 -479.934 -479.934 2 25 5
27.1851 -479.984 -479.984 2 25 5
27.1847 -480.034 -480.034 2 25 5
27.184 -480.084 -480.084 2 25 5
27.1833 -480.134 -480.134 2 25 5
27.1829 -480.184 -480.184 2 25 5
27.1842 -480.234 -480.234 2 25 5
27.1839 -480.284 -480.284 2 25 5
27.1836 -480.334 -480.334 2 25 5
27.1833 -480.384 -480.384 2 25 5
27.1831 -480.434 -480.434 2 25 5
27.1827 -480.484 -480.484 2 25 5
27.1835 -480.534 -480.534 2 25 5
27.1837 -480.584 -480.584 2 25 5
27.1837 -480.634 -480.634 2 25 5
27.1836 -480.684 -480.684 2 25 5
27.1834 -480.734 -480.734 2 25 5
27.1833 -480.784 -480.784 2 25 5
27.1832 -480.834 -480.834 2 25 5
27.1831 -480.884 -480.884 2 25 5
27.1827 -480.934 -480.934 2 25 5
27.1837 -480.984 -480.984 2 25 5
27.1838 -481.034 -481.034 2 25 5
27.1837 -481.084 -481.084 2 25 5
27.1835 -481.134 -481.134 2 25 5
27.1834 -481.184 -481.184 2 25 5
27.1833 -481.234 -481.234 2 25 5
27.1831 -481.284 -481.284 2 25 5
27.1828 -481.334 -481.334 2 25 5
27.1839 -481.384 -481.384 2 25 5
27.1839 -481.434 -481.434 2 25 5
27.1837 -481.484 -481.484 2 25 5
27.1835 -481.534 -481.534 2 25 5
27.1833 -481.584 -481.584 2 25 5
27.1831 -481.634 -481.634 2 25 5
27.1829 -481.684 -481.684 2 25 5
27.184 -481.734 -481.734 2 25 5
27.184 -481.784 -481.784 2 25 5
27.1837 -481.834 -481.834 2 25 5
27.1834 -481.884 -481.884 2 25 5
27.1832 -481.934 -481.934 2 25 5
27.1831 -481.984 -481.984 2 25 5
27.1823 -482.034 -482.034 2 25 5
27.1832 -482.084 -482.084 2 25 5
27.1834 -482.134 -482.134 2 25 5
27.1836 -482.184 -482.184 2 25 5
27.1836 -482.234 -482.234 2 25 5
27.1836 -482.284 -482.284 2 25 5
27.1834 -482.334 -482.334 2 25 5
27.1833 -482.384 -482.384 2 25 5
27.1833 -482.434 -482.434 2 25 5
27.1832 -482.484 -482.484 2 25 5
27.183 -482.534 -482.534 2 25 5
27.1794 -482.584 -482.584 2 25 5
27.1818 -482.634 -482.634 2 25 5
27.1839 -482.684 -482.684 2 25 5
27.1847 -482.734 -482.734 2 25 5
27.1845 -482.784 -482.784 2 25 5
27.1839 -482.834 -482.834 2 25 5
27.1834 -482.884 -482.884 2 25 5
27.1831 -482.934 -482.934 2 25 5
27.1821 -482.984 -482.984 2 25 5
27.1831 -483.034 -483.034 2 25 5
27.1826 -483.084 -483.084 2 25 5
27.1836 -483.134 -483.134 2 25 5
27.1839 -483.184 -483.184 2 25 5
27.1838 -483.234 -483.234 2 25 5
27.1836 -483.284 -483.284 2 25 5
27.1834 -483.334 -483.334 2 25 5
27.1833 -483.384 -483.384 2 25 5
27.1831 -483.434 -483.434 2 25 5
27.1827 -483.484 -483.484 2 25 5
27.1836 -483.534 -483.534 2 25 5
27.1838 -483.584 -483.584 2 25 5
27.1837 -483.634 -483.634 2 25 5
27.1835 -483.684 -483.684 2 25 5
27.1834 -483.734 -483.734 2 25 5
27.1833 -483.784 -483.784 2 25 5
27.1831 -483.834 -483.834 2 25 5
27.1829 -483.884 -483.884 2 25 5
27.1847 -483.934 -483.934 2 25 5
27.1844 -483.984 -483.984 2 25 5
27.1838 -484.034 -484.034 2 25 5
27.1833 -484.084 -484.084 2 25 5
27.1829 -484.134 -484.134 2 25 5
27.1857 -484.184 -484.184 2 25 5
27.1848 -484.234 -484.234 2 25 5
27.1837 -484.284 -484.284 2 25 5
27.1888 -484.334 -484.334 2 25 5
27.1888 -484.384 -484.384 2 25 5
27.1862 -484.434 -484.434 2 25 5
27.1836 -484.484 -484.484 2 25 5
27.1821 -484.534 -484.534 2 25 5
27.1823 -484.584 -484.584 2 25 5
27.1831 -484.634 -484.634 2 25 5
27.1831 -484.684 -484.684 2 25 5
27.1831 -484.734 -484.734 2 25 5
27.1827 -484.784 -484.784 2 25 5
27.1837 -484.834 -484.834 2 25 5
27.1839 -484.884 -484.884 2 25 5
27.1838 -484.934 -484.934 2 25 5
27.1836 -484.984 -484.984 2 25 5
27.1834 -485.034 -485.034 2 25 5
27.1832 -485.084 -485.084 2 25 5
27.1831 -485.134 -485.134 2 25 5
27.1827 -485.184 -485.184 2 25 5
27.1837 -485.234 -485.234 2 25 5
27.1838 -485.284 -485.284 2 25 5
27.1837 -485.334 -485.334 2 25 5
27.1836 -485.384 -485.384 2 25 5
27.1834 -485.434 -485.434 2 25 5
27.1833 -485.484 -485.484 2 25 5
27.1831 -485.534 -485.534 2 25 5
27.1829 -485.584 -485.584 2 25 5
27.1844 -485.634 -485.634 2 25 5
27.1842 -485.684 -485.684 2 25 5
27.1837 -485.734 -485.734 2 25 5
27.1834 -485.784 -485.784 2 25 5
27.1831 -485.834 -485.834 2 25 5
27.1827 -485.884 -485.884 2 25 5
27.1836 -485.934 -485.934 2 25 5
27.1837 -485.984 -485.984 2 25 5
27.1837 -486.034 -486.034 2 25 5
27.1835 -486.084 -486.084 2 25 5
27.1834 -486.134 -486.134 2 25 5
27.1833 -486.184 -486.184 2 25 5
27.1832 -486.234 -486.234 2 25 5
27.1831 -486.284 -486.284 2 25 5
27.1825 -486.334 -486.334 2 25 5
27.1834 -486.384 -486.384 2 25 5
27.1837 -486.434 -486.434 2 25 5
27.1837 -486.484 -486.484 2 25 5
27.1836 -486.534 -486.534 2 25 5
27.1835 -486.584 -486.584 2 25 5
27.1834 -486.634 -486.634 2 25 5
27.1832 -486.684 -486.684 2 25 5
27.1831 -486.734 -486.734 2 25 5
27.1829 -486.784 -486.784 2 25 5
27.1843 -486.834 -486.834 2 25 5
27.1841 -486.884 -486.884 2 25 5
27.1838 -486.934 -486.934 2 25 5
27.1834 -486.984 -486.984 2 25 5
27.1832 -487.034 -487.034 2 25 5
27.1829 -487.084 -487.084 2 25 5
27.1843 -487.134 -487.134 2 25 5
27.1841 -487.184 -487.184 2 25 5
27.1837 -487.234 -487.234 2 25 5
27.1834 -487.284 -487.284 2 25 5
27.1831 -487.334 -487.334 2 25 5
27.1828 -487.384 -487.384 2 25 5
27.1839 -487.434 -487.434 2 25 5
27.1839 -487.484 -487.484 2 25 5
27.1837 -487.534 -487.534 2 25 5
27.1835 -487.584 -487.584 2 25 5
27.1833 -487.634 -487.634 2 25 5
27.1831 -487.684 -487.684 2 25 5
27.1827 -487.734 -487.734 2 25 5
27.1838 -487.784 -487.784 2 25 5
27.1839 -487.834 -487.834 2 25 5
27.1837 -487.884 -487.884 2 25 5
27.1835 -487.934 -487.934 2 25 5
27.1833 -487.984 -487.984 2 25 5
27.1832 -488.034 -488.034 2 25 5
27.183 -488.084 -488.084 2 25 5
27.1821 -488.134 -488.134 2 25 5
27.1832 -488.184 -488.184 2 25 5
27.1834 -488.234 -488.234 2 25 5
27.1836 -488.284 -488.284 2 25 5
27.1837 -488.334 -488.334 2 25 5
27.1836 -488.384 -488.384 2 25 5
27.1835 -488.434 -488.434 2 25 5
27.1834 -488.484 -488.484 2 25 5
27.1833 -488.534 -488.534 2 25 5
27.1832 -488.584 -488.584 2 25 5
27.183 -488.634 -488.634 2 25 5
27.1821 -488.684 -488.684 2 25 5
27.1832 -488.734 -488.734 2 25 5
27.1835 -488.784 -488.784 2 25 5
27.1837 -488.834 -488.834 2 25 5
27.1837 -488.884 -488.884 2 25 5
27.1836 -488.934 -488.934 2 25 5
27.1835 -488.984 -488.984 2 25 5
27.1833 -489.034 -489.034 2 25 5
27.1832 -489.084 -489.084 2 25 5
27.1831 -489.134 -489.134 2 25 5
27.1829 -489.184 -489.184 2 25 5
27.1845 -489.234 -489.234 2 25 5
27.1843 -489.284 -489.284 2 25 5
27.1838 -489.334 -489.334 2 25 5
27.1834 -489.384 -489.384 2 25 5
27.1831 -489.434 -489.434 2 25 5
27.1824 -489.484 -489.484 2 25 5
27.1833 -489.534 -489.534 2 25 5
27.1835 -489.584 -489.584 2 25 5
27.1836 -489.634 -489.634 2 25 5
27.1836 -489.684 -489.684 2 25 5
27.1835 -489.734 -489.734 2 25 5
27.1834 -489.784 -489.784 2 25 5
27.1833 -489.834 -489.834 2 25 5
27.1833 -489.884 -489.884 2 25 5
27.1832 -489.934 -489.934 2 25 5
27.183 -489.984 -489.984 2 25 5
27.1814 -490.034 -490.034 2 25 5
27.1828 -490.084 -490.084 2 25 5
27.1844 -490.134 -490.134 2 25 5
27.1845 -490.184 -490.184 2 25 5
27.1841 -490.234 -490.234 2 25 5
27.1835 -490.284 -490.284 2 25 5
27.1832 -490.334 -490.334 2 25 5
27.1829 -490.384 -490.384 2 25 5
27.1842 -490.434 -490.434 2 25 5
27.184 -490.484 -490.484 2 25 5
27.1837 -490.534 -490.534 2 25 5
27.1834 -490.584 -490.584 2 25 5
27.1832 -490.634 -490.634 2 25 5
27.1829 -490.684 -490.684 2 25 5
27.1844 -490.734 -490.734 2 25 5
27.1842 -490.784 -490.784 2 25 5
27.1837 -490.834 -490.834 2 25 5
27.1834 -490.884 -490.884 2 25 5
27.1831 -490.934 -490.934 2 25 5
27.1826 -490.984 -490.984 2 25 5
27.1836 -491.034 -491.034 2 25 5
27.1837 -491.084 -491.084 2 25 5
27.1837 -491.134 -491.134 2 25 5
27.1836 -491.184 -491.184 2 25 5
27.1834 -491.234 -491.234 2 25 5
27.1833 -491.284 -491.284 2 25 5
27.1832 -491.334 -491.334 2 25 5
27.1831 -491.384 -491.384 2 25 5
27.1826 -491.434 -491.434 2 25 5
27.1835 -491.484 -491.484 2 25 5
27.1838 -491.534 -491.534 2 25 5
27.1838 -491.584 -491.584 2 25 5
27.1836 -491.634 -491.634 2 25 5
27.1834 -491.684 -491.684 2 25 5
27.1833 -491.734 -491.734 2 25 5
27.1832 -491.784 -491.784 2 25 5
27.183 -491.834 -491.834 2 25 5
27.1821 -491.884 -491.884 2 25 5
27.1832 -491.934 -491.934 2 25 5
27.1834 -491.984 -491.984 2 25 5
27.1836 -492.034 -492.034 2 25 5
27.1837 -492.084 -492.084 2 25 5
27.1836 -492.134 -492.134 2 25 5
27.1835 -492.184 -492.184 2 25 5
27.1834 -492.234 -492.234 2 25 5
27.1833 -492.284 -492.284 2 25 5
27.1832 -492.334 -492.334 2 25 5
27.1831 -492.384 -492.384 2 25 5
27.1825 -492.434 -492.434 2 25 5
27.1835 -492.484 -492.484 2 25 5
27.1837 -492.534 -492.534 2 25 5
27.1838 -492.584 -492.584 2 25 5
27.1836 -492.634 -492.634 2 25 5
27.1835 -492.684 -492.684 2 25 5
27.1833 -492.734 -492.734 2 25 5
27.1832 -492.784 -492.784 2 25 5
27.1831 -492.834 -492.834 2 25 5
27.1826 -492.884 -492.884 2 25 5
27.1837 -492.934 -492.934 2 25 5
27.1838 -492.984 -492.984 2 25 5
27.1838 -493.034 -493.034 2 25 5
27.1836 -493.084 -493.084 2 25 5
27.1834 -493.134 -493.134 2 25 5
27.1833 -493.184 -493.184 2 25 5
27.1831 -493.234 -493.234 2 25 5
27.1829 -493.284 -493.284 2 25 5
27.1849 -493.334 -493.334 2 25 5
27.1845 -493.384 -493.384 2 25 5
27.1838 -493.434 -493.434 2 25 5
27.1833 -493.484 -493.484 2 25 5
27.1829 -493.534 -493.534 2 25 5
27.1845 -493.584 -493.584 2 25 5
27.1842 -493.634 -493.634 2 25 5
27.1837 -493.684 -493.684 2 25 5
27.1833 -493.734 -493.734 2 25 5
27.183 -493.784 -493.784 2 25 5
27.1804 -493.834 -493.834 2 25 5
27.1822 -493.884 -493.884 2 25 5
27.184 -493.934 -493.934 2 25 5
27.1845 -493.984 -493.984 2 25 5
27.1843 -494.034 -494.034 2 25 5
27.1838 -494.084 -494.084 2 25 5
27.1834 -494.134 -494.134 2 25 5
27.1831 -494.184 -494.184 2 25 5
27.1826 -494.234 -494.234 2 25 5
27.1836 -494.284 -494.284 2 25 5
27.1837 -494.334 -494.334 2 25 5
27.1837 -494.384 -494.384 2 25 5
27.1836 -494.434 -494.434 2 25 5
27.1834 -494.484 -494.484 2 25 5
27.1833 -494.534 -494.534 2 25 5
27.1832 -494.584 -494.584 2 25 5
27.1831 -494.634 -494.634 2 25 5
27.1826 -494.684 -494.684 2 25 5
27.1836 -494.734 -494.734 2 25 5
27.1838 -494.784 -494.784 2 25 5
27.1838 -494.834 -494.834 2 25 5
27.1836 -494.884 -494.884 2 25 5
27.1834 -494.934 -494.934 2 25 5
27.1833 -494.984 -494.984 2 25 5
27.1832 -495.034 -495.034 2 25 5
27.1806 -495.084 -495.084 2 25 5
27.1812 -495.134 -495.134 2 25 5
27.1827 -495.184 -495.184 2 25 5
27.1844 -495.234 -495.234 2 25 5
27.1845 -495.284 -495.284 2 25 5
27.1841 -495.334 -495.334 2 25 5
27.1836 -495.384 -495.384 2 25 5
27.1832 -495.434 -495.434 2 25 5
27.1858 -495.484 -495.484 2 25 5
27.1862 -495.534 -495.534 2 25 5
27.1851 -495.584 -495.584 2 25 5
27.1838 -495.634 -495.634 2 25 5
27.1829 -495.684 -495.684 2 25 5
27.1861 -495.735 -495.735 2 25 5
27.1849 -495.785 -495.785 2 25 5
27.1836 -495.835 -495.835 2 25 5
27.1828 -495.884 -495.884 2 25 5
27.1836 -495.935 -495.935 2 25 5
27.1835 -495.985 -495.985 2 25 5
27.1834 -496.035 -496.035 2 25 5
27.1833 -496.085 -496.085 2 25 5
27.1832 -496.135 -496.135 2 25 5
27.1831 -496.185 -496.185 2 25 5
27.183 -496.235 -496.235 2 25 5
27.179 -496.284 -496.284 2 25 5
27.1816 -496.335 -496.335 2 25 5
27.184 -496.385 -496.385 2 25 5
27.1848 -496.435 -496.435 2 25 5
27.1847 -496.485 -496.485 2 25 5
27.184 -496.535 -496.535 2 25 5
27.1834 -496.585 -496.585 2 25 5
27.183 -496.635 -496.635 2 25 5
27.182 -496.685 -496.685 2 25 5
27.183 -496.735 -496.735 2 25 5
27.1825 -496.785 -496.785 2 25 5
27.1837 -496.835 -496.835 2 25 5
27.184 -496.885 -496.885 2 25 5
27.1839 -496.935 -496.935 2 25 5
27.1837 -496.985 -496.985 2 25 5
27.1834 -497.035 -497.035 2 25 5
27.1832 -497.085 -497.085 2 25 5
27.1831 -497.135 -497.135 2 25 5
27.1825 -497.185 -497.185 2 25 5
27.1835 -497.235 -497.235 2 25 5
27.1838 -497.285 -497.285 2 25 5
27.1838 -497.335 -497.335 2 25 5
27.1836 -497.385 -497.385 2 25 5
27.1835 -497.435 -497.435 2 25 5
27.1833 -497.485 -497.485 2 25 5
27.1832 -497.535 -497.535 2 25 5
27.1831 -497.585 -497.585 2 25 5
27.1826 -497.635 -497.635 2 25 5
27.1836 -497.685 -497.685 2 25 5
27.1838 -497.735 -497.735 2 25 5
27.1838 -497.785 -497.785 2 25 5
27.1836 -497.835 -497.835 2 25 5
27.1834 -497.885 -497.885 2 25 5
27.1833 -497.935 -497.935 2 25 5
42.0392 2 2 2 3 3
42.0168 2.03289 2.03289 2 3 3
41.9958 2.06674 2.06674 2 3 3
41.9706 2.10962 2.10962 2 3 3
41.9467 2.15332 2.15332 2 3 3
41.9243 2.19773 2.19773 2 3 3
41.9032 2.24285 2.24285 2 3 3
41.8834 2.28853 2.28853 2 3 3
41.8648 2.33475 2.33475 2 3 3
41.8475 2.38146 2.38146 2 3 3
41.8314 2.4286 2.4286 2 3 3
41.8163 2.47611 2.47611 2 3 3
41.8012 2.52361 2.52361 2 3 3
41.7882 2.57179 2.57179 2 3 3
41.7762 2.62021 2.62021 2 3 3
41.765 2.66885 2.66885 2 3 3
41.7546 2.71767 2.71767 2 3 3
41.7449 2.76664 2.76664 2 3 3
41.736 2.81577 2.81577 2 3 3
41.7278 2.86501 2.86501 2 3 3
41.7202 2.91435 2.91435 2 3 3
41.7131 2.96378 2.96378 2 3 3
41.7066 3.01329 3.01329 2 3 3
41.7006 3.06287 3.06287 2 3 3
41.695 3.1125 3.1125 2 3 3
41.6899 3.16219 3.16219 2 3 3
41.6852 3.21192 3.21192 2 3 3
41.6809 3.26168 3.26168 2 3 3
41.6769 3.31148 3.31148 2 3 3
41.6732 3.3613 3.3613 2 3 3
41.6699 3.41115 3.41115 2 3 3
41.6668 3.46101 3.46101 2 3 3
41.664 3.5109 3.5109 2 3 3
41.6615 3.5608 3.5608 2 3 3
41.6591 3.61071 3.61071 2 3 3
41.657 3.66063 3.66063 2 3 3
41.6551 3.71057 3.71057 2 3 3
41.6533 3.76051 3.76051 2 3 3
41.6517 3.81046 3.81046 2 3 3
41.6503 3.86041 3.86041 2 3 3
41.6491 3.91037 3.91037 2 3 3
41.6479 3.96034 3.96034 2 3 3
41.6469 4.01031 4.01031 2 3 3
41.646 4.06028 4.06028 2 3 3
41.6453 4.11025 4.11025 2 3 3
41.6446 4.16023 4.16023 2 3 3
41.644 4.21021 4.21021 2 3 3
41.6435 4.26019 4.26019 2 3 3
41.6431 4.31017 4.31017 2 3 3
41.6428 4.36015 4.36015 2 3 3
41.6425 4.41013 4.41013 2 3 3
41.6423 4.46012 4.46012 2 3 3
41.6422 4.5101 4.5101 2 3 3
41.6421 4.56009 4.56009 2 3 3
41.6421 4.61008 4.61008 2 3 3
41.6421 4.66006 4.66006 2 3 3
41.6422 4.71005 4.71005 2 3 3
41.6423 4.76004 4.76004 2 3 3
41.6424 4.81003 4.81003 2 3 3
41.6426 4.86001 4.86001 2 3 3
41.6428 4.91 4.91 2 3 3
41.643 4.95999 4.95999 2 3 3
41.6433 5.00998 5.00998 2 3 3
41.6436 5.05997 5.05997 2 3 3
41.6439 5.10996 5.10996 2 3 3
41.6442 5.15995 5.15995 2 3 3
41.6445 5.20994 5.20994 2 3 3
41.6449 5.25993 5.25993 2 3 3
41.6453 5.30992 5.30992 2 3 3
41.6457 5.35991 5.35991 2 3 3
41.6461 5.4099 5.4099 2 3 3
41.6465 5.45989 5.45989 2 3 3
41.6469 5.50988 5.50988 2 3 3
41.6473 5.55987 5.55987 2 3 3
41.6477 5.60986 5.60986 2 3 3
41.6482 5.65985 5.65985 2 3 3
41.6486 5.70984 5.70984 2 3 3
41.6491 5.75983 5.75983 2 3 3
41.6495 5.80982 5.80982 2 3 3
41.6499 5.85981 5.85981 2 3 3
41.6504 5.9098 5.9098 2 3 3
41.6508 5.95979 5.95979 2 3 3
41.6513 6.00979 6.00979 2 3 3
41.6517 6.05978 6.05978 2 3 3
41.6522 6.10977 6.10977 2 3 3
41.6526 6.15976 6.15976 2 3 3
41.6531 6.20975 6.20975 2 3 3
41.6535 6.25975 6.25975 2 3 3
41.654 6.30974 6.30974 2 3 3
41.6544 6.35973 6.35973 2 3 3
41.6548 6.40972 6.40972 2 3 3
41.6553 6.45972 6.45972 2 3 3
41.6557 6.50971 6.50971 2 3 3
41.6561 6.5597 6.5597 2 3 3
41.6565 6.6097 6.6097 2 3 3
41.6569 6.65969 6.65969 2 3 3
41.6573 6.70969 6.70969 2 3 3
41.6577 6.75968 6.75968 2 3 3
41.6581 6.80967 6.80967 2 3 3
41.6585 6.85967 6.85967 2 3 3
41.6589 6.90966 6.90966 2 3 3
41.6593 6.95966 6.95966 2 3 3
41.6597 7.00965 7.00965 2 3 3
41.66 7.05965 7.05965 2 3 3
41.6604 7.10964 7.10964 2 3 3
41.6608 7.15964 7.15964 2 3 3
41.6611 7.20963 7.20963 2 3 3
41.6615 7.25963 7.25963 2 3 3
41.6618 7.30962 7.30962 2 3 3
41.6621 7.35962 7.35962 2 3 3
41.6625 7.40962 7.40962 2 3 3
41.6628 7.45961 7.45961 2 3 3
41.6631 7.50961 7.50961 2 3 3
41.6634 7.5596 7.5596 2 3 3
41.6637 7.6096 7.6096 2 3 3
41.664 7.6596 7.6596 2 3 3
41.6643 7.70959 7.70959 2 3 3
41.6646 7.75959 7.75959 2 3 3
41.6649 7.80959 7.80959 2 3 3
41.6652 7.85958 7.85958 2 3 3
41.6655 7.90958 7.90958 2 3 3
41.6657 7.95958 7.95958 2 3 3
41.666 8.00958 8.00958 2 3 3
41.6663 8.05957 8.05957 2 3 3
41.6665 8.10957 8.10957 2 3 3
41.6668 8.15957 8.15957 2 3 3
41.667 8.20957 8.20957 2 3 3
41.6673 8.25956 8.25956 2 3 3
41.6675 8.30956 8.30956 2 3 3
41.6677 8.35956 8.35956 2 3 3
41.6679 8.40956 8.40956 2 3 3
41.6682 8.45955 8.45955 2 3 3
41.6684 8.50955 8.50955 2 3 3
41.6686 8.55955 8.55955 2 3 3
41.6688 8.60955 8.60955 2 3 3
41.669 8.65955 8.65955 2 3 3
41.6692 8.70955 8.70955 2 3 3
41.6694 8.75954 8.75954 2 3 3
41.6696 8.80954 8.80954 2 3 3
41.6698 8.85954 8.85954 2 3 3
41.6699 8.90954 8.90954 2 3 3
41.6701 8.95954 8.95954 2 3 3
41.6703 9.00954 9.00954 2 3 3
41.6705 9.05953 9.05953 2 3 3
41.6706 9.10953 9.10953 2 3 3
41.6708 9.15953 9.15953 2 3 3
41.6709 9.20953 9.20953 2 3 3
41.6711 9.25953 9.25953 2 3 3
41.6713 9.30953 9.30953 2 3 3
41.6714 9.35953 9.35953 2 3 3
41.6715 9.40953 9.40953 2 3 3
41.6717 9.45953 9.45953 2 3 3
41.6718 9.50952 9.50952 2 3 3
41.672 9.55952 9.55952 2 3 3
41.6721 9.60952 9.60952 2 3 3
41.6722 9.65952 9.65952 2 3 3
41.6723 9.70952 9.70952 2 3 3
41.6725 9.75952 9.75952 2 3 3
41.6726 9.80952 9.80952 2 3 3
41.6727 9.85952 9.85952 2 3 3
41.6728 9.90952 9.90952 2 3 3
41.6729 9.95952 9.95952 2 3 3
41.673 10.0095 10.0095 2 3 3
41.6731 10.0595 10.0595 2 3 3
41.6732 10.1095 10.1095 2 3 3
41.6734 10.1595 10.1595 2 3 3
41.6734 10.2095 10.2095 2 3 3
41.6735 10.2595 10.2595 2 3 3
41.6736 10.3095 10.3095 2 3 3
41.6737 10.3595 10.3595 2 3 3
41.6738 10.4095 10.4095 2 3 3
41.6739 10.4595 10.4595 2 3 3
41.674 10.5095 10.5095 2 3 3
41.6741 10.5595 10.5595 2 3 3
41.6742 10.6095 10.6095 2 3 3
41.6742 10.6595 10.6595 2 3 3
41.6743 10.7095 10.7095 2 3 3
41.6744 10.7595 10.7595 2 3 3
41.6745 10.8095 10.8095 2 3 3
41.6745 10.8595 10.8595 2 3 3
41.6746 10.9095 10.9095 2 3 3
41.6747 10.9595 10.9595 2 3 3
41.6747 11.0095 11.0095 2 3 3
41.6748 11.0595 11.0595 2 3 3
41.6749 11.1095 11.1095 2 3 3
41.6749 11.1595 11.1595 2 3 3
41.675 11.2095 11.2095 2 3 3
41.6751 11.2595 11.2595 2 3 3
41.6751 11.3095 11.3095 2 3 3
41.6752 11.3595 11.3595 2 3 3
41.6752 11.4095 11.4095 2 3 3
41.6753 11.4595 11.4595 2 3 3
41.6753 11.5095 11.5095 2 3 3
41.6754 11.5595 11.5595 2 3 3
41.6754 11.6095 11.6095 2 3 3
41.6755 11.6595 11.6595 2 3 3
41.6755 11.7095 11.7095 2 3 3
41.6756 11.7595 11.7595 2 3 3
41.6756 11.8095 11.8095 2 3 3
41.6757 11.8595 11.8595 2 3 3
41.6757 11.9095 11.9095 2 3 3
41.6757 11.9595 11.9595 2 3 3
41.6758 12.0095 12.0095 2 3 3
41.6758 12.0595 12.0595 2 3 3
41.6759 12.1095 12.1095 2 3 3
41.6759 12.1595 12.1595 2 3 3
41.6759 12.2095 12.2095 2 3 3
41.676 12.2595 12.2595 2 3 3
41.676 12.3095 12.3095 2 3 3
41.676 12.3595 12.3595 2 3 3
41.6761 12.4095 12.4095 2 3 3
41.6761 12.4595 12.4595 2 3 3
41.6761 12.5095 12.5095 2 3 3
41.6762 12.5595 12.5595 2 3 3
41.6762 12.6095 12.6095 2 3 3
41.6762 12.6595 12.6595 2 3 3
41.6763 12.7095 12.7095 2 3 3
41.6763 12.7595 12.7595 2 3 3
41.6763 12.8095 12.8095 2 3 3
41.6763 12.8595 12.8595 2 3 3
41.6764 12.9095 12.9095 2 3 3
41.6764 12.9595 12.9595 2 3 3
41.6764 13.0095 13.0095 2 3 3
41.6764 13.0595 13.0595 2 3 3
41.6765 13.1095 13.1095 2 3 3
41.6765 13.1595 13.1595 2 3 3
41.6765 13.2095 13.2095 2 3 3
41.6765 13.2595 13.2595 2 3 3
41.6766 13.3095 13.3095 2 3 3
41.6766 13.3595 13.3595 2 3 3
41.6766 13.4095 13.4095 2 3 3
41.6766 13.4595 13.4595 2 3 3
41.6766 13.5095 13.5095 2 3 3
41.6767 13.5595 13.5595 2 3 3
41.6767 13.6095 13.6095 2 3 3
41.6767 13.6595 13.6595 2 3 3
41.6767 13.7095 13.7095 2 3 3
41.6767 13.7595 13.7595 2 3 3
41.6767 13.8095 13.8095 2 3 3
41.6768 13.8595 13.8595 2 3 3
41.6768 13.9095 13.9095 2 3 3
41.6768 13.9595 13.9595 2 3 3
41.6768 14.0095 14.0095 2 3 3
41.6768 14.0595 14.0595 2 3 3
41.6768 14.1095 14.1095 2 3 3
41.6768 14.1595 14.1595 2 3 3
41.6769 14.2095 14.2095 2 3 3
41.6769 14.2595 14.2595 2 3 3
41.6769 14.3095 14.3095 2 3 3
41.6769 14.3595 14.3595 2 3 3
41.6769 14.4095 14.4095 2 3 3
41.6769 14.4595 14.4595 2 3 3
41.6769 14.5095 14.5095 2 3 3
41.6769 14.5595 14.5595 2 3 3
41.677 14.6095 14.6095 2 3 3
41.677 14.6595 14.6595 2 3 3
41.677 14.7095 14.7095 2 3 3
41.677 14.7595 14.7595 2 3 3
41.677 14.8095 14.8095 2 3 3
41.677 14.8595 14.8595 2 3 3
41.677 14.9095 14.9095 2 3 3
41.677 14.9595 14.9595 2 3 3
41.677 15.0095 15.0095 2 3 3
41.677 15.0595 15.0595 2 3 3
41.677 15.1095 15.1095 2 3 3
41.6771 15.1595 15.1595 2 3 3
41.6771 15.2095 15.2095 2 3 3
41.6771 15.2595 15.2595 2 3 3
41.6771 15.3095 15.3095 2 3 3
41.6771 15.3595 15.3595 2 3 3
41.6771 15.4095 15.4095 2 3 3
41.6771 15.4595 15.4595 2 3 3
41.6771 15.5095 15.5095 2 3 3
41.6771 15.5595 15.5595 2 3 3
41.6771 15.6095 15.6095 2 3 3
41.6771 15.6595 15.6595 2 3 3
41.6771 15.7095 15.7095 2 3 3
41.6771 15.7595 15.7595 2 3 3
41.6771 15.8095 15.8095 2 3 3
41.6772 15.8595 15.8595 2 3 3
41.6772 15.9095 15.9095 2 3 3
41.6772 15.9595 15.9595 2 3 3
41.6772 16.0095 16.0095 2 3 3
41.6772 16.0595 16.0595 2 3 3
41.6772 16.1095 16.1095 2 3 3
41.6772 16.1595 16.1595 2 3 3
41.6772 16.2095 16.2095 2 3 3
41.6772 16.2595 16.2595 2 3 3
41.6772 16.3095 16.3095 2 3 3
41.6772 16.3595 16.3595 2 3 3
41.6772 16.4095 16.4095 2 3 3
41.6772 16.4595 16.4595 2 3 3
41.6772 16.5095 16.5095 2 3 3
41.6772 16.5595 16.5595 2 3 3
41.6772 16.6095 16.6095 2 3 3
41.6772 16.6595 16.6595 2 3 3
41.6772 16.7095 16.7095 2 3 3
41.6772 16.7595 16.7595 2 3 3
41.6772 16.8095 16.8095 2 3 3
41.6772 16.8595 16.8595 2 3 3
41.6772 16.9095 16.9095 2 3 3
41.6772 16.9595 16.9595 2 3 3
41.6772 17.0095 17.0095 2 3 3
41.6773 17.0595 17.0595 2 3 3
41.6773 17.1095 17.1095 2 3 3
41.6773 17.1595 17.1595 2 3 3
41.6773 17.2095 17.2095 2 3 3
41.6773 17.2595 17.2595 2 3 3
41.6773 17.3095 17.3095 2 3 3
41.6773 17.3595 17.3595 2 3 3
41.6773 17.4095 17.4095 2 3 3
41.6773 17.4595 17.4595 2 3 3
41.6773 17.5095 17.5095 2 3 3
41.6773 17.5595 17.5595 2 3 3
41.6773 17.6095 17.6095 2 3 3
41.6773 17.6595 17.6595 2 3 3
41.6773 17.7095 17.7095 2 3 3
41.6773 17.7595 17.7595 2 3 3
41.6773 17.8095 17.8095 2 3 3
41.6773 17.8595 17.8595 2 3 3
41.6773 17.9095 17.9095 2 3 3
41.6773 17.9595 17.9595 2 3 3
41.6773 18.0095 18.0095 2 3 3
41.6773 18.0595 18.0595 2 3 3
41.6773 18.1095 18.1095 2 3 3
41.6773 18.1595 18.1595 2 3 3
41.6773 18.2095 18.2095 2 3 3
41.6773 18.2595 18.2595 2 3 3
41.6773 18.3095 18.3095 2 3 3
41.6773 18.3595 18.3595 2 3 3
41.6773 18.4095 18.4095 2 3 3
41.6773 18.4595 18.4595 2 3 3
41.6773 18.5095 18.5095 2 3 3
41.6773 18.5595 18.5595 2 3 3
41.6773 18.6095 18.6095 2 3 3
41.6773 18.6595 18.6595 2 3 3
41.6773 18.7095 18.7095 2 3 3
41.6773 18.7595 18.7595 2 3 3
41.6773 18.8095 18.8095 2 3 3
41.6773 18.8595 18.8595 2 3 3
41.6773 18.9095 18.9095 2 3 3
41.6773 18.9595 18.9595 2 3 3
41.6773 19.0095 19.0095 2 3 3
41.6773 19.0595 19.0595 2 3 3
41.6773 19.1095 19.1095 2 3 3
41.6773 19.1595 19.1595 2 3 3
41.6773 19.2095 19.2095 2 3 3
41.6773 19.2595 19.2595 2 3 3
41.6773 19.3095 19.3095 2 3 3
41.6773 19.3595 19.3595 2 3 3
41.6773 19.4095 19.4095 2 3 3
41.6773 19.4595 19.4595 2 3 3
41.6773 19.5095 19.5095 2 3 3
41.6773 19.5595 19.5595 2 3 3
41.6773 19.6095 19.6095 2 3 3
41.6773 19.6595 19.6595 2 3 3
41.6773 19.7095 19.7095 2 3 3
41.6773 19.7595 19.7595 2 3 3
41.6773 19.8095 19.8095 2 3 3
41.6773 19.8595 19.8595 2 3 3
41.6773 19.9095 19.9095 2 3 3
41.6773 19.9595 19.9595 2 3 3
41.6773 20.0095 20.0095 2 3 3
41.6773 20.0595 20.0595 2 3 3
41.6773 20.1095 20.1095 2 3 3
41.6773 20.1595 20.1595 2 3 3
41.6773 20.2095 20.2095 2 3 3
41.6773 20.2595 20.2595 2 3 3
41.6773 20.3095 20.3095 2 3 3
41.6773 20.3595 20.3595 2 3 3
41.6773 20.4095 20.4095 2 3 3
41.6773 20.4595 20.4595 2 3 3
41.6773 20.5095 20.5095 2 3 3
41.6773 20.5595 20.5595 2 3 3
41.6774 20.6095 20.6095 2 3 3
41.6774 20.6595 20.6595 2 3 3
41.6774 20.7095 20.7095 2 3 3
41.6774 20.7595 20.7595 2 3 3
41.6774 20.8095 20.8095 2 3 3
41.6774 20.8595 20.8595 2 3 3
41.6774 20.9095 20.9095 2 3 3
41.6774 20.9595 20.9595 2 3 3
41.6774 21.0095 21.0095 2 3 3
41.6774 21.0595 21.0595 2 3 3
41.6774 21.1095 21.1095 2 3 3
41.6774 21.1595 21.1595 2 3 3
41.6774 21.2095 21.2095 2 3 3
41.6774 21.2595 21.2595 2 3 3
41.6774 21.3095 21.3095 2 3 3
41.6774 21.3595 21.3595 2 3 3
41.6774 21.4095 21.4095 2 3 3
41.6774 21.4595 21.4595 2 3 3
41.6774 21.5095 21.5095 2 3 3
41.6774 21.5595 21.5595 2 3 3
41.6774 21.6095 21.6095 2 3 3
41.6774 21.6595 21.6595 2 3 3
41.6774 21.7095 21.7095 2 3 3
41.6774 21.7595 21.7595 2 3 3
41.6774 21.8095 21.8095 2 3 3
41.6774 21.8595 21.8595 2 3 3
41.6774 21.9095 21.9095 2 3 3
41.6774 21.9595 21.9595 2 3 3
41.6774 22.0095 22.0095 2 3 3
41.6774 22.0595 22.0595 2 3 3
41.6774 22.1095 22.1095 2 3 3
41.6774 22.1595 22.1595 2 3 3
41.6774 22.2095 22.2095 2 3 3
41.6774 22.2595 22.2595 2 3 3
41.6774 22.3095 22.3095 2 3 3
41.6774 22.3595 22.3595 2 3 3
41.6774 22.4095 22.4095 2 3 3
41.6774 22.4595 22.4595 2 3 3
41.6774 22.5095 22.5095 2 3 3
41.6774 22.5595 22.5595 2 3 3
41.6774 22.6095 22.6095 2 3 3
41.6774 22.6595 22.6595 2 3 3
41.6774 22.7095 22.7095 2 3 3
41.6774 22.7595 22.7595 2 3 3
41.6774 22.8095 22.8095 2 3 3
41.6774 22.8595 22.8595 2 3 3
41.6774 22.9095 22.9095 2 3 3
41.6774 22.9595 22.9595 2 3 3
41.6774 23.0095 23.0095 2 3 3
41.6774 23.0595 23.0595 2 3 3
41.6774 23.1095 23.1095 2 3 3
41.6774 23.1595 23.1595 2 3 3
41.6774 23.2095 23.2095 2 3 3
41.6774 23.2595 23.2595 2 3 3
41.6774 23.3095 23.3095 2 3 3
41.6774 23.3595 23.3595 2 3 3
41.6774 23.4095 23.4095 2 3 3
41.6774 23.4595 23.4595 2 3 3
41.6774 23.5095 23.5095 2 3 3
41.6774 23.5595 23.5595 2 3 3
41.6774 23.6095 23.6095 2 3 3
41.6774 23.6595 23.6595 2 3 3
41.6774 23.7095 23.7095 2 3 3
41.6774 23.7595 23.7595 2 3 3
41.6774 23.8095 23.8095 2 3 3
41.6774 23.8595 23.8595 2 3 3
41.6774 23.9095 23.9095 2 3 3
41.6774 23.9595 23.9595 2 3 3
41.6774 24.0095 24.0095 2 3 3
41.6774 24.0595 24.0595 2 3 3
41.6774 24.1095 24.1095 2 3 3
41.6774 24.1595 24.1595 2 3 3
41.6774 24.2095 24.2095 2 3 3
41.6774 24.2595 24.2595 2 3 3
41.6774 24.3095 24.3095 2 3 3
41.6774 24.3595 24.3595 2 3 3
41.6774 24.4095 24.4095 2 3 3
41.6774 24.4595 24.4595 2 3 3
41.6774 24.5095 24.5095 2 3 3
41.6774 24.5595 24.5595 2 3 3
41.6774 24.6095 24.6095 2 3 3
41.6774 24.6595 24.6595 2 3 3
41.6774 24.7095 24.7095 2 3 3
41.6774 24.7595 24.7595 2 3 3
41.6774 24.8095 24.8095 2 3 3
41.6774 24.8595 24.8595 2 3 3
41.6774 24.9095 24.9095 2 3 3
41.6774 24.9595 24.9595 2 3 3
41.6774 25.0095 25.0095 2 3 3
41.6774 25.0595 25.0595 2 3 3
41.6774 25.1095 25.1095 2 3 3
41.6774 25.1595 25.1595 2 3 3
41.6774 25.2095 25.2095 2 3 3
41.6774 25.2595 25.2595 2 3 3
41.6774 25.3095 25.3095 2 3 3
41.6774 25.3595 25.3595 2 3 3
41.6774 25.4095 25.4095 2 3 3
41.6774 25.4595 25.4595 2 3 3
41.6774 25.5095 25.5095 2 3 3
41.6774 25.5595 25.5595 2 3 3
41.6774 25.6095 25.6095 2 3 3
41.6774 25.6595 25.6595 2 3 3
41.6774 25.7095 25.7095 2 3 3
41.6774 25.7595 25.7595 2 3 3
41.6774 25.8095 25.8095 2 3 3
41.6774 25.8595 25.8595 2 3 3
41.6774 25.9095 25.9095 2 3 3
41.6774 25.9595 25.9595 2 3 3
41.6774 26.0095 26.0095 2 3 3
41.6774 26.0595 26.0595 2 3 3
41.6774 26.1095 26.1095 2 3 3
41.6774 26.1595 26.1595 2 3 3
41.6774 26.2095 26.2095 2 3 3
41.6774 26.2595 26.2595 2 3 3
41.6774 26.3095 26.3095 2 3 3
41.6774 26.3595 26.3595 2 3 3
41.6774 26.4095 26.4095 2 3 3
41.6774 26.4595 26.4595 2 3 3
41.6774 26.5095 26.5095 2 3 3
41.6774 26.5595 26.5595 2 3 3
41.6774 26.6095 26.6095 2 3 3
41.6774 26.6595 26.6595 2 3 3
41.6774 26.7095 26.7095 2 3 3
41.6774 26.7595 26.7595 2 3 3
41.6774 26.8095 26.8095 2 3 3
41.6774 26.8595 26.8595 2 3 3
41.6774 26.9095 26.9095 2 3 3
41.6774 26.9595 26.9595 2 3 3
41.6774 27.0095 27.0095 2 3 3
41.6774 27.0595 27.0595 2 3 3
41.6774 27.1095 27.1095 2 3 3
41.6774 27.1595 27.1595 2 3 3
41.6774 27.2095 27.2095 2 3 3
41.6774 27.2595 27.2595 2 3 3
41.6774 27.3095 27.3095 2 3 3
41.6774 27.3595 27.3595 2 3 3
41.6774 27.4095 27.4095 2 3 3
41.6774 27.4595 27.4595 2 3 3
41.6774 27.5095 27.5095 2 3 3
41.6774 27.5595 27.5595 2 3 3
41.6774 27.6095 27.6095 2 3 3
41.6774 27.6595 27.6595 2 3 3
41.6774 27.7095 27.7095 2 3 3
41.6774 27.7595 27.7595 2 3 3
41.6774 27.8095 27.8095 2 3 3
41.6774 27.8595 27.8595 2 3 3
41.6774 27.9095 27.9095 2 3 3
41.6774 27.9595 27.9595 2 3 3
41.6774 28.0095 28.0095 2 3 3
41.6774 28.0595 28.0595 2 3 3
41.6774 28.1095 28.1095 2 3 3
41.6774 28.1595 28.1595 2 3 3
41.6774 28.2095 28.2095 2 3 3
41.6774 28.2595 28.2595 2 3 3
41.6774 28.3095 28.3095 2 3 3
41.6774 28.3595 28.3595 2 3 3
41.6774 28.4095 28.4095 2 3 3
41.6774 28.4595 28.4595 2 3 3
41.6774 28.5095 28.5095 2 3 3
41.6774 28.5595 28.5595 2 3 3
41.6774 28.6095 28.6095 2 3 3
41.6774 28.6595 28.6595 2 3 3
41.6774 28.7095 28.7095 2 3 3
41.6774 28.7595 28.7595 2 3 3
41.6774 28.8095 28.8095 2 3 3
41.6774 28.8595 28.8595 2 3 3
41.6774 28.9095 28.9095 2 3 3
41.6774 28.9595 28.9595 2 3 3
41.6774 29.0095 29.0095 2 3 3
41.6774 29.0595 29.0595 2 3 3
41.6774 29.1095 29.1095 2 3 3
41.6774 29.1595 29.1595 2 3 3
41.6774 29.2095 29.2095 2 3 3
41.6774 29.2595 29.2595 2 3 3
41.6774 29.3095 29.3095 2 3 3
41.6774 29.3595 29.3595 2 3 3
41.6774 29.4095 29.4095 2 3 3
41.6774 29.4595 29.4595 2 3 3
41.6774 29.5095 29.5095 2 3 3
41.6774 29.5595 29.5595 2 3 3
41.6774 29.6095 29.6095 2 3 3
41.6774 29.6595 29.6595 2 3 3
41.6774 29.7095 29.7095 2 3 3
41.6774 29.7595 29.7595 2 3 3
41.6774 29.8095 29.8095 2 3 3
41.6774 29.8595 29.8595 2 3 3
41.6774 29.9095 29.9095 2 3 3
41.6774 29.9595 29.9595 2 3 3
41.6774 30.0095 30.0095 2 3 3
41.6774 30.0595 30.0595 2 3 3
41.6774 30.1095 30.1095 2 3 3
41.6774 30.1595 30.1595 2 3 3
41.6774 30.2095 30.2095 2 3 3
41.6774 30.2595 30.2595 2 3 3
41.6774 30.3095 30.3095 2 3 3
41.6774 30.3595 30.3595 2 3 3
41.6774 30.4095 30.4095 2 3 3
41.6774 30.4595 30.4595 2 3 3
41.6774 30.5095 30.5095 2 3 3
41.6774 30.5595 30.5595 2 3 3
41.6774 30.6095 30.6095 2 3 3
41.6774 30.6595 30.6595 2 3 3
41.6774 30.7095 30.7095 2 3 3
41.6774 30.7595 30.7595 2 3 3
41.6774 30.8095 30.8095 2 3 3
41.6774 30.8595 30.8595 2 3 3
41.6774 30.9095 30.9095 2 3 3
41.6774 30.9595 30.9595 2 3 3
41.6774 31.0095 31.0095 2 3 3
41.6774 31.0595 31.0595 2 3 3
41.6774 31.1095 31.1095 2 3 3
41.6774 31.1595 31.1595 2 3 3
41.6774 31.2095 31.2095 2 3 3
41.6774 31.2595 31.2595 2 3 3
41.6774 31.3095 31.3095 2 3 3
41.6774 31.3595 31.3595 2 3 3
41.6774 31.4095 31.4095 2 3 3
41.6774 31.4595 31.4595 2 3 3
41.6774 31.5095 31.5095 2 3 3
41.6774 31.5595 31.5595 2 3 3
41.6774 31.6095 31.6095 2 3 3
41.6774 31.6595 31.6595 2 3 3
41.6774 31.7095 31.7095 2 3 3
41.6774 31.7595 31.7595 2 3 3
41.6774 31.8095 31.8095 2 3 3
41.6774 31.8595 31.8595 2 3 3
41.6774 31.9095 31.9095 2 3 3
41.6774 31.9595 31.9595 2 3 3
41.6774 32.0095 32.0095 2 3 3
41.6774 32.0595 32.0595 2 3 3
41.6774 32.1095 32.1095 2 3 3
41.6774 32.1595 32.1595 2 3 3
41.6774 32.2095 32.2095 2 3 3
41.6774 32.2595 32.2595 2 3 3
41.6774 32.3095 32.3095 2 3 3
41.6774 32.3595 32.3595 2 3 3
41.6774 32.4095 32.4095 2 3 3
41.6774 32.4595 32.4595 2 3 3
41.6774 32.5095 32.5095 2 3 3
41.6774 32.5595 32.5595 2 3 3
41.6774 32.6095 32.6095 2 3 3
41.6774 32.6595 32.6595 2 3 3
41.6774 32.7095 32.7095 2 3 3
41.6774 32.7595 32.7595 2 3 3
41.6774 32.8095 32.8095 2 3 3
41.6774 32.8595 32.8595 2 3 3
41.6774 32.9095 32.9095 2 3 3
41.6774 32.9595 32.9595 2 3 3
41.6774 33.0095 33.0095 2 3 3
41.6774 33.0595 33.0595 2 3 3
41.6774 33.1095 33.1095 2 3 3
41.6774 33.1595 33.1595 2 3 3
41.6774 33.2095 33.2095 2 3 3
41.6774 33.2595 33.2595 2 3 3
41.6774 33.3095 33.3095 2 3 3
41.6774 33.3595 33.3595 2 3 3
41.6774 33.4095 33.4095 2 3 3
41.6774 33.4595 33.4595 2 3 3
41.6774 33.5095 33.5095 2 3 3
41.6774 33.5595 33.5595 2 3 3
41.6774 33.6095 33.6095 2 3 3
41.6774 33.6595 33.6595 2 3 3
41.6774 33.7095 33.7095 2 3 3
41.6774 33.7595 33.7595 2 3 3
41.6774 33.8095 33.8095 2 3 3
41.6774 33.8595 33.8595 2 3 3
41.6774 33.9095 33.9095 2 3 3
41.6774 33.9595 33.9595 2 3 3
41.6774 34.0095 34.0095 2 3 3
41.6774 34.0595 34.0595 2 3 3
41.6774 34.1095 34.1095 2 3 3
41.6774 34.1595 34.1595 2 3 3
41.6774 34.2095 34.2095 2 3 3
41.6774 34.2595 34.2595 2 3 3
41.6774 34.3095 34.3095 2 3 3
41.6774 34.3595 34.3595 2 3 3
41.6774 34.4095 34.4095 2 3 3
41.6774 34.4595 34.4595 2 3 3
41.6774 34.5095 34.5095 2 3 3
41.6774 34.5595 34.5595 2 3 3
41.6774 34.6095 34.6095 2 3 3
41.6774 34.6595 34.6595 2 3 3
41.6774 34.7095 34.7095 2 3 3
41.6774 34.7595 34.7595 2 3 3
41.6774 34.8095 34.8095 2 3 3
41.6774 34.8595 34.8595 2 3 3
41.6774 34.9095 34.9095 2 3 3
41.6774 34.9595 34.9595 2 3 3
41.6774 35.0095 35.0095 2 3 3
41.6774 35.0595 35.0595 2 3 3
41.6774 35.1095 35.1095 2 3 3
41.6774 35.1595 35.1595 2 3 3
41.6774 35.2095 35.2095 2 3 3
41.6774 35.2595 35.2595 2 3 3
41.6774 35.3095 35.3095 2 3 3
41.6774 35.3595 35.3595 2 3 3
41.6774 35.4095 35.4095 2 3 3
41.6774 35.4595 35.4595 2 3 3
41.6774 35.5095 35.5095 2 3 3
41.6774 35.5595 35.5595 2 3 3
41.6774 35.6095 35.6095 2 3 3
41.6774 35.6595 35.6595 2 3 3
41.6774 35.7095 35.7095 2 3 3
41.6774 35.7595 35.7595 2 3 3
41.6774 35.8095 35.8095 2 3 3
41.6774 35.8595 35.8595 2 3 3
41.6774 35.9095 35.9095 2 3 3
41.6774 35.9595 35.9595 2 3 3
41.6774 36.0095 36.0095 2 3 3
41.6774 36.0595 36.0595 2 3 3
41.6774 36.1095 36.1095 2 3 3
41.6774 36.1595 36.1595 2 3 3
41.6774 36.2095 36.2095 2 3 3
41.6774 36.2595 36.2595 2 3 3
41.6774 36.3095 36.3095 2 3 3
41.6774 36.3595 36.3595 2 3 3
41.6774 36.4095 36.4095 2 3 3
41.6774 36.4595 36.4595 2 3 3
41.6774 36.5095 36.5095 2 3 3
41.6774 36.5595 36.5595 2 3 3
41.6774 36.6095 36.6095 2 3 3
41.6774 36.6595 36.6595 2 3 3
41.6774 36.7095 36.7095 2 3 3
41.6774 36.7595 36.7595 2 3 3
41.6774 36.8095 36.8095 2 3 3
41.6774 36.8595 36.8595 2 3 3
41.6774 36.9095 36.9095 2 3 3
41.6774 36.9595 36.9595 2 3 3
41.6774 37.0095 37.0095 2 3 3
41.6774 37.0595 37.0595 2 3 3
41.6774 37.1095 37.1095 2 3 3
41.6774 37.1595 37.1595 2 3 3
41.6774 37.2095 37.2095 2 3 3
41.6774 37.2595 37.2595 2 3 3
41.6774 37.3095 37.3095 2 3 3
41.6774 37.3595 37.3595 2 3 3
41.6774 37.4095 37.4095 2 3 3
41.6774 37.4595 37.4595 2 3 3
41.6774 37.5095 37.5095 2 3 3
41.6774 37.5595 37.5595 2 3 3
41.6774 37.6095 37.6095 2 3 3
41.6774 37.6595 37.6595 2 3 3
41.6774 37.7095 37.7095 2 3 3
41.6774 37.7595 37.7595 2 3 3
41.6774 37.8095 37.8095 2 3 3
41.6774 37.8595 37.8595 2 3 3
41.6774 37.9095 37.9095 2 3 3
41.6774 37.9595 37.9595 2 3 3
41.6774 38.0095 38.0095 2 3 3
41.6774 38.0595 38.0595 2 3 3
41.6774 38.1095 38.1095 2 3 3
41.6774 38.1595 38.1595 2 3 3
41.6774 38.2095 38.2095 2 3 3
41.6774 38.2595 38.2595 2 3 3
41.6774 38.3095 38.3095 2 3 3
41.6774 38.3595 38.3595 2 3 3
41.6774 38.4095 38.4095 2 3 3
41.6774 38.4595 38.4595 2 3 3
41.6774 38.5095 38.5095 2 3 3
41.6774 38.5595 38.5595 2 3 3
41.6774 38.6095 38.6095 2 3 3
41.6774 38.6595 38.6595 2 3 3
41.6774 38.7095 38.7095 2 3 3
41.6774 38.7595 38.7595 2 3 3
41.6774 38.8095 38.8095 2 3 3
41.6774 38.8595 38.8595 2 3 3
41.6774 38.9095 38.9095 2 3 3
41.6774 38.9595 38.9595 2 3 3
41.6774 39.0095 39.0095 2 3 3
41.6774 39.0595 39.0595 2 3 3
41.6774 39.1095 39.1095 2 3 3
41.6774 39.1595 39.1595 2 3 3
41.6774 39.2095 39.2095 2 3 3
41.6774 39.2595 39.2595 2 3 3
41.6774 39.3095 39.3095 2 3 3
41.6774 39.3595 39.3595 2 3 3
41.6774 39.4095 39.4095 2 3 3
41.6774 39.4595 39.4595 2 3 3
41.6774 39.5095 39.5095 2 3 3
41.6774 39.5595 39.5595 2 3 3
41.6774 39.6095 39.6095 2 3 3
41.6774 39.6595 39.6595 2 3 3
41.6774 39.7095 39.7095 2 3 3
41.6774 39.7595 39.7595 2 3 3
41.6774 39.8095 39.8095 2 3 3
41.6774 39.8595 39.8595 2 3 3
41.6774 39.9095 39.9095 2 3 3
41.6774 39.9595 39.9595 2 3 3
41.6774 40.0095 40.0095 2 3 3
41.6774 40.0595 40.0595 2 3 3
41.6774 40.1095 40.1095 2 3 3
41.6774 40.1595 40.1595 2 3 3
41.6774 40.2095 40.2095 2 3 3
41.6774 40.2595 40.2595 2 3 3
41.6774 40.3095 40.3095 2 3 3
41.6774 40.3595 40.3595 2 3 3
41.6774 40.4095 40.4095 2 3 3
41.6774 40.4595 40.4595 2 3 3
41.6774 40.5095 40.5095 2 3 3
41.6774 40.5595 40.5595 2 3 3
41.6774 40.6095 40.6095 2 3 3
41.6774 40.6595 40.6595 2 3 3
41.6774 40.7095 40.7095 2 3 3
41.6774 40.7595 40.7595 2 3 3
41.6774 40.8095 40.8095 2 3 3
41.6774 40.8595 40.8595 2 3 3
41.6774 40.9095 40.9095 2 3 3
41.6774 40.9595 40.9595 2 3 3
41.6774 41.0095 41.0095 2 3 3
41.6774 41.0595 41.0595 2 3 3
41.6774 41.1095 41.1095 2 3 3
41.6774 41.1595 41.1595 2 3 3
41.6774 41.2095 41.2095 2 3 3
41.6774 41.2595 41.2595 2 3 3
41.6774 41.3095 41.3095 2 3 3
41.6774 41.3595 41.3595 2 3 3
41.6774 41.4095 41.4095 2 3 3
41.6774 41.4595 41.4595 2 3 3
41.6774 41.5095 41.5095 2 3 3
41.6774 41.5595 41.5595 2 3 3
41.6774 41.6095 41.6095 2 3 3
41.6774 41.6595 41.6595 2 3 3
41.6774 41.7095 41.7095 2 3 3
41.6774 41.7595 41.7595 2 3 3
41.6774 41.8095 41.8095 2 3 3
41.6774 41.8595 41.8595 2 3 3
41.6774 41.9095 41.9095 2 3 3
41.6774 41.9595 41.9595 2 3 3
41.6774 42.0095 42.0095 2 3 3
41.6774 42.0595 42.0595 2 3 3
41.6774 42.1095 42.1095 2 3 3
41.6774 42.1595 42.1595 2 3 3
41.6774 42.2095 42.2095 2 3 3
41.6774 42.2595 42.2595 2 3 3
41.6774 42.3095 42.3095 2 3 3
41.6774 42.3595 42.3595 2 3 3
41.6774 42.4095 42.4095 2 3 3
41.6774 42.4595 42.4595 2 3 3
41.6774 42.5095 42.5095 2 3 3
41.6774 42.5595 42.5595 2 3 3
41.6774 42.6095 42.6095 2 3 3
41.6774 42.6595 42.6595 2 3 3
41.6774 42.7095 42.7095 2 3 3
41.6774 42.7595 42.7595 2 3 3
41.6774 42.8095 42.8095 2 3 3
41.6774 42.8595 42.8595 2 3 3
41.6774 42.9095 42.9095 2 3 3
41.6774 42.9595 42.9595 2 3 3
41.6774 43.0095 43.0095 2 3 3
41.6774 43.0595 43.0595 2 3 3
41.6774 43.1095 43.1095 2 3 3
41.6774 43.1595 43.1595 2 3 3
41.6774 43.2095 43.2095 2 3 3
41.6774 43.2595 43.2595 2 3 3
41.6774 43.3095 43.3095 2 3 3
41.6774 43.3595 43.3595 2 3 3
41.6774 43.4095 43.4095 2 3 3
41.6774 43.4595 43.4595 2 3 3
41.6774 43.5095 43.5095 2 3 3
41.6774 43.5595 43.5595 2 3 3
41.6774 43.6095 43.6095 2 3 3
41.6774 43.6595 43.6595 2 3 3
41.6774 43.7095 43.7095 2 3 3
41.6774 43.7595 43.7595 2 3 3
41.6774 43.8095 43.8095 2 3 3
41.6774 43.8595 43.8595 2 3 3
41.6774 43.9095 43.9095 2 3 3
41.6774 43.9595 43.9595 2 3 3
41.6774 44.0095 44.0095 2 3 3
41.6774 44.0595 44.0595 2 3 3
41.6774 44.1095 44.1095 2 3 3
41.6774 44.1595 44.1595 2 3 3
41.6774 44.2095 44.2095 2 3 3
41.6774 44.2595 44.2595 2 3 3
41.6774 44.3095 44.3095 2 3 3
41.6774 44.3595 44.3595 2 3 3
41.6774 44.4095 44.4095 2 3 3
41.6774 44.4595 44.4595 2 3 3
41.6774 44.5095 44.5095 2 3 3
41.6774 44.5595 44.5595 2 3 3
41.6774 44.6095 44.6095 2 3 3
41.6774 44.6595 44.6595 2 3 3
41.6774 44.7095 44.7095 2 3 3
41.6774 44.7595 44.7595 2 3 3
41.6774 44.8095 44.8095 2 3 3
41.6774 44.8595 44.8595 2 3 3
41.6774 44.9095 44.9095 2 3 3
41.6774 44.9595 44.9595 2 3 3
41.6774 45.0095 45.0095 2 3 3
41.6774 45.0595 45.0595 2 3 3
41.6774 45.1095 45.1095 2 3 3
41.6774 45.1595 45.1595 2 3 3
41.6774 45.2095 45.2095 2 3 3
41.6774 45.2595 45.2595 2 3 3
41.6774 45.3095 45.3095 2 3 3
41.6774 45.3595 45.3595 2 3 3
41.6774 45.4095 45.4095 2 3 3
41.6774 45.4595 45.4595 2 3 3
41.6774 45.5095 45.5095 2 3 3
41.6774 45.5595 45.5595 2 3 3
41.6774 45.6095 45.6095 2 3 3
41.6774 45.6595 45.6595 2 3 3
41.6774 45.7095 45.7095 2 3 3
41.6774 45.7595 45.7595 2 3 3
41.6774 45.8095 45.8095 2 3 3
41.6774 45.8595 45.8595 2 3 3
41.6774 45.9095 45.9095 2 3 3
41.6774 45.9595 45.9595 2 3 3
41.6774 46.0095 46.0095 2 3 3
41.6774 46.0595 46.0595 2 3 3
41.6774 46.1095 46.1095 2 3 3
41.6774 46.1595 46.1595 2 3 3
41.6774 46.2095 46.2095 2 3 3
41.6774 46.2595 46.2595 2 3 3
41.6774 46.3095 46.3095 2 3 3
41.6774 46.3595 46.3595 2 3 3
41.6774 46.4095 46.4095 2 3 3
41.6774 46.4595 46.4595 2 3 3
41.6774 46.5095 46.5095 2 3 3
41.6774 46.5595 46.5595 2 3 3
41.6774 46.6095 46.6095 2 3 3
41.6774 46.6595 46.6595 2 3 3
41.6774 46.7095 46.7095 2 3 3
41.6774 46.7595 46.7595 2 3 3
41.6774 46.8095 46.8095 2 3 3
41.6774 46.8595 46.8595 2 3 3
41.6774 46.9095 46.9095 2 3 3
41.6774 46.9595 46.9595 2 3 3
41.6774 47.0095 47.0095 2 3 3
41.6774 47.0595 47.0595 2 3 3
41.6774 47.1095 47.1095 2 3 3
41.6774 47.1595 47.1595 2 3 3
41.6774 47.2095 47.2095 2 3 3
41.6774 47.2595 47.2595 2 3 3
41.6774 47.3095 47.3095 2 3 3
41.6774 47.3595 47.3595 2 3 3
41.6774 47.4095 47.4095 2 3 3
41.6774 47.4595 47.4595 2 3 3
41.6774 47.5095 47.5095 2 3 3
41.6774 47.5595 47.5595 2 3 3
41.6774 47.6095 47.6095 2 3 3
41.6774 47.6595 47.6595 2 3 3
41.6774 47.7095 47.7095 2 3 3
41.6774 47.7595 47.7595 2 3 3
41.6774 47.8095 47.8095 2 3 3
41.6774 47.8595 47.8595 2 3 3
41.6774 47.9095 47.9095 2 3 3
41.6774 47.9595 47.9595 2 3 3
41.6774 48.0095 48.0095 2 3 3
41.6774 48.0595 48.0595 2 3 3
41.6774 48.1095 48.1095 2 3 3
41.6774 48.1595 48.1595 2 3 3
41.6774 48.2095 48.2095 2 3 3
41.6774 48.2595 48.2595 2 3 3
41.6774 48.3095 48.3095 2 3 3
41.6774 48.3595 48.3595 2 3 3
41.6774 48.4095 48.4095 2 3 3
41.6774 48.4595 48.4595 2 3 3
41.6774 48.5095 48.5095 2 3 3
41.6774 48.5595 48.5595 2 3 3
41.6774 48.6095 48.6095 2 3 3
41.6774 48.6595 48.6595 2 3 3
41.6774 48.7095 48.7095 2 3 3
41.6774 48.7595 48.7595 2 3 3
41.6774 48.8095 48.8095 2 3 3
41.6774 48.8595 48.8595 2 3 3
41.6774 48.9095 48.9095 2 3 3
41.6774 48.9595 48.9595 2 3 3
41.6774 49.0095 49.0095 2 3 3
41.6774 49.0595 49.0595 2 3 3
41.6774 49.1095 49.1095 2 3 3
41.6774 49.1595 49.1595 2 3 3
41.6774 49.2095 49.2095 2 3 3
41.6774 49.2595 49.2595 2 3 3
41.6774 49.3095 49.3095 2 3 3
41.6774 49.3595 49.3595 2 3 3
41.6774 49.4095 49.4095 2 3 3
41.6774 49.4595 49.4595 2 3 3
41.6774 49.5095 49.5095 2 3 3
41.6774 49.5595 49.5595 2 3 3
41.6774 49.6095 49.6095 2 3 3
41.6774 49.6595 49.6595 2 3 3
41.6774 49.7095 49.7095 2 3 3
41.6774 49.7595 49.7595 2 3 3
41.6774 49.8095 49.8095 2 3 3
41.6774 49.8595 49.8595 2 3 3
41.6774 49.9095 49.9095 2 3 3
41.6774 49.9595 49.9595 2 3 3
41.6774 50.0095 50.0095 2 3 3
41.6774 50.0595 50.0595 2 3 3
41.6774 50.1095 50.1095 2 3 3
41.6774 50.1595 50.1595 2 3 3
41.6774 50.2095 50.2095 2 3 3
41.6774 50.2595 50.2595 2 3 3
41.6774 50.3095 50.3095 2 3 3
41.6774 50.3595 50.3595 2 3 3
41.6774 50.4095 50.4095 2 3 3
41.6774 50.4595 50.4595 2 3 3
41.6774 50.5095 50.5095 2 3 3
41.6774 50.5595 50.5595 2 3 3
41.6774 50.6095 50.6095 2 3 3
41.6774 50.6595 50.6595 2 3 3
41.6774 50.7095 50.7095 2 3 3
41.6774 50.7595 50.7595 2 3 3
41.6774 50.8095 50.8095 2 3 3
41.6774 50.8595 50.8595 2 3 3
41.6774 50.9095 50.9095 2 3 3
41.6774 50.9595 50.9595 2 3 3
41.6774 51.0095 51.0095 2 3 3
41.6774 51.0595 51.0595 2 3 3
41.6774 51.1095 51.1095 2 3 3
41.6774 51.1595 51.1595 2 3 3
41.6774 51.2095 51.2095 2 3 3
41.6774 51.2595 51.2595 2 3 3
41.6774 51.3095 51.3095 2 3 3
41.6774 51.3595 51.3595 2 3 3
41.6774 51.4095 51.4095 2 3 3
41.6774 51.4595 51.4595 2 3 3
41.6774 51.5095 51.5095 2 3 3
41.6774 51.5595 51.5595 2 3 3
41.6774 51.6095 51.6095 2 3 3
41.6774 51.6595 51.6595 2 3 3
41.6774 51.7095 51.7095 2 3 3
41.6774 51.7595 51.7595 2 3 3
41.6774 51.8095 51.8095 2 3 3
41.6774 51.8595 51.8595 2 3 3
41.6774 51.9095 51.9095 2 3 3
41.6774 51.9595 51.9595 2 3 3
41.6774 52.0095 52.0095 2 3 3
41.6774 52.0595 52.0595 2 3 3
41.6774 52.1095 52.1095 2 3 3
41.6774 52.1595 52.1595 2 3 3
41.6774 52.2095 52.2095 2 3 3
41.6774 52.2595 52.2595 2 3 3
41.6774 52.3095 52.3095 2 3 3
41.6774 52.3595 52.3595 2 3 3
41.6774 52.4095 52.4095 2 3 3
41.6774 52.4595 52.4595 2 3 3
41.6774 52.5095 52.5095 2 3 3
41.6774 52.5595 52.5595 2 3 3
41.6774 52.6095 52.6095 2 3 3
41.6774 52.6595 52.6595 2 3 3
41.6774 52.7095 52.7095 2 3 3
41.6774 52.7595 52.7595 2 3 3
41.6774 52.8095 52.8095 2 3 3
41.6774 52.8595 52.8595 2 3 3
41.6774 52.9095 52.9095 2 3 3
41.6774 52.9595 52.9595 2 3 3
41.6774 53.0095 53.0095 2 3 3
41.6774 53.0595 53.0595 2 3 3
41.6774 53.1095 53.1095 2 3 3
41.6774 53.1595 53.1595 2 3 3
41.6774 53.2095 53.2095 2 3 3
41.6774 53.2595 53.2595 2 3 3
41.6774 53.3095 53.3095 2 3 3
41.6774 53.3595 53.3595 2 3 3
41.6774 53.4095 53.4095 2 3 3
41.6774 53.4595 53.4595 2 3 3
41.6774 53.5095 53.5095 2 3 3
41.6774 53.5595 53.5595 2 3 3
41.6774 53.6095 53.6095 2 3 3
41.6774 53.6595 53.6595 2 3 3
41.6774 53.7095 53.7095 2 3 3
41.6774 53.7595 53.7595 2 3 3
41.6774 53.8095 53.8095 2 3 3
41.6774 53.8595 53.8595 2 3 3
41.6774 53.9095 53.9095 2 3 3
41.6774 53.9595 53.9595 2 3 3
41.6774 54.0095 54.0095 2 3 3
41.6774 54.0595 54.0595 2 3 3
41.6774 54.1095 54.1095 2 3 3
41.6774 54.1595 54.1595 2 3 3
41.6774 54.2095 54.2095 2 3 3
41.6774 54.2595 54.2595 2 3 3
41.6774 54.3095 54.3095 2 3 3
41.6774 54.3595 54.3595 2 3 3
41.6774 54.4095 54.4095 2 3 3
41.6774 54.4595 54.4595 2 3 3
41.6774 54.5095 54.5095 2 3 3
41.6774 54.5595 54.5595 2 3 3
41.6774 54.6095 54.6095 2 3 3
41.6774 54.6595 54.6595 2 3 3
41.6774 54.7095 54.7095 2 3 3
41.6774 54.7595 54.7595 2 3 3
41.6774 54.8095 54.8095 2 3 3
41.6774 54.8595 54.8595 2 3 3
41.6774 54.9095 54.9095 2 3 3
41.6774 54.9595 54.9595 2 3 3
41.6774 55.0095 55.0095 2 3 3
41.6774 55.0595 55.0595 2 3 3
41.6774 55.1095 55.1095 2 3 3
41.6774 55.1595 55.1595 2 3 3
41.6774 55.2095 55.2095 2 3 3
41.6774 55.2595 55.2595 2 3 3
41.6774 55.3095 55.3095 2 3 3
41.6774 55.3595 55.3595 2 3 3
41.6774 55.4095 55.4095 2 3 3
41.6774 55.4595 55.4595 2 3 3
41.6774 55.5095 55.5095 2 3 3
41.6774 55.5595 55.5595 2 3 3
41.6774 55.6095 55.6095 2 3 3
41.6774 55.6595 55.6595 2 3 3
41.6774 55.7095 55.7095 2 3 3
41.6774 55.7595 55.7595 2 3 3
41.6774 55.8095 55.8095 2 3 3
41.6774 55.8595 55.8595 2 3 3
41.6774 55.9095 55.9095 2 3 3
41.6774 55.9595 55.9595 2 3 3
41.6774 56.0095 56.0095 2 3 3
41.6774 56.0595 56.0595 2 3 3
41.6774 56.1095 56.1095 2 3 3
41.6774 56.1595 56.1595 2 3 3
41.6774 56.2095 56.2095 2 3 3
41.6774 56.2595 56.2595 2 3 3
41.6774 56.3095 56.3095 2 3 3
41.6774 56.3595 56.3595 2 3 3
41.6774 56.4095 56.4095 2 3 3
41.6774 56.4595 56.4595 2 3 3
41.6774 56.5095 56.5095 2 3 3
41.6774 56.5595 56.5595 2 3 3
41.6774 56.6095 56.6095 2 3 3
41.6774 56.6595 56.6595 2 3 3
41.6774 56.7095 56.7095 2 3 3
41.6774 56.7595 56.7595 2 3 3
41.6774 56.8095 56.8095 2 3 3
41.6774 56.8595 56.8595 2 3 3
41.6774 56.9095 56.9095 2 3 3
41.6774 56.9595 56.9595 2 3 3
41.6774 57.0095 57.0095 2 3 3
41.6774 57.0595 57.0595 2 3 3
41.6774 57.1095 57.1095 2 3 3
41.6774 57.1595 57.1595 2 3 3
41.6774 57.2095 57.2095 2 3 3
41.6774 57.2595 57.2595 2 3 3
41.6774 57.3095 57.3095 2 3 3
41.6774 57.3595 57.3595 2 3 3
41.6774 57.4095 57.4095 2 3 3
41.6774 57.4595 57.4595 2 3 3
41.6774 57.5095 57.5095 2 3 3
41.6774 57.5595 57.5595 2 3 3
41.6774 57.6095 57.6095 2 3 3
41.6774 57.6595 57.6595 2 3 3
41.6774 57.7095 57.7095 2 3 3
41.6774 57.7595 57.7595 2 3 3
41.6774 57.8095 57.8095 2 3 3
41.6774 57.8595 57.8595 2 3 3
41.6774 57.9095 57.9095 2 3 3
41.6774 57.9595 57.9595 2 3 3
41.6774 58.0095 58.0095 2 3 3
41.6774 58.0595 58.0595 2 3 3
41.6774 58.1095 58.1095 2 3 3
41.6774 58.1595 58.1595 2 3 3
41.6774 58.2095 58.2095 2 3 3
41.6774 58.2595 58.2595 2 3 3
41.6774 58.3095 58.3095 2 3 3
41.6774 58.3595 58.3595 2 3 3
41.6774 58.4095 58.4095 2 3 3
41.6774 58.4595 58.4595 2 3 3
41.6774 58.5095 58.5095 2 3 3
41.6774 58.5595 58.5595 2 3 3
41.6774 58.6095 58.6095 2 3 3
41.6774 58.6595 58.6595 2 3 3
41.6774 58.7095 58.7095 2 3 3
41.6774 58.7595 58.7595 2 3 3
41.6774 58.8095 58.8095 2 3 3
41.6774 58.8595 58.8595 2 3 3
41.6774 58.9095 58.9095 2 3 3
41.6774 58.9595 58.9595 2 3 3
41.6774 59.0095 59.0095 2 3 3
41.6774 59.0595 59.0595 2 3 3
41.6774 59.1095 59.1095 2 3 3
41.6774 59.1595 59.1595 2 3 3
41.6774 59.2095 59.2095 2 3 3
41.6774 59.2595 59.2595 2 3 3
41.6774 59.3095 59.3095 2 3 3
41.6774 59.3595 59.3595 2 3 3
41.6774 59.4095 59.4095 2 3 3
41.6774 59.4595 59.4595 2 3 3
41.6774 59.5095 59.5095 2 3 3
41.6774 59.5595 59.5595 2 3 3
41.6774 59.6095 59.6095 2 3 3
41.6774 59.6595 59.6595 2 3 3
41.6774 59.7095 59.7095 2 3 3
41.6774 59.7595 59.7595 2 3 3
41.6774 59.8095 59.8095 2 3 3
41.6774 59.8595 59.8595 2 3 3
41.6774 59.9095 59.9095 2 3 3
41.6774 59.9595 59.9595 2 3 3
41.6774 60.0095 60.0095 2 3 3
41.6774 60.0595 60.0595 2 3 3
41.6774 60.1095 60.1095 2 3 3
41.6774 60.1595 60.1595 2 3 3
41.6774 60.2095 60.2095 2 3 3
41.6774 60.2595 60.2595 2 3 3
41.6774 60.3095 60.3095 2 3 3
41.6774 60.3595 60.3595 2 3 3
41.6774 60.4095 60.4095 2 3 3
41.6774 60.4595 60.4595 2 3 3
41.6774 60.5095 60.5095 2 3 3
41.6774 60.5595 60.5595 2 3 3
41.6774 60.6095 60.6095 2 3 3
41.6774 60.6595 60.6595 2 3 3
41.6774 60.7095 60.7095 2 3 3
41.6774 60.7595 60.7595 2 3 3
41.6774 60.8095 60.8095 2 3 3
41.6774 60.8595 60.8595 2 3 3
41.6774 60.9095 60.9095 2 3 3
41.6774 60.9595 60.9595 2 3 3
41.6774 61.0095 61.0095 2 3 3
41.6774 61.0595 61.0595 2 3 3
41.6774 61.1095 61.1095 2 3 3
41.6774 61.1595 61.1595 2 3 3
41.6774 61.2095 61.2095 2 3 3
41.6774 61.2595 61.2595 2 3 3
41.6774 61.3095 61.3095 2 3 3
41.6774 61.3595 61.3595 2 3 3
41.6774 61.4095 61.4095 2 3 3
41.6774 61.4595 61.4595 2 3 3
41.6774 61.5095 61.5095 2 3 3
41.6774 61.5595 61.5595 2 3 3
41.6774 61.6095 61.6095 2 3 3
41.6774 61.6595 61.6595 2 3 3
41.6774 61.7095 61.7095 2 3 3
41.6774 61.7595 61.7595 2 3 3
41.6774 61.8095 61.8095 2 3 3
41.6774 61.8595 61.8595 2 3 3
41.6774 61.9095 61.9095 2 3 3
41.6774 61.9595 61.9595 2 3 3
41.6774 62.0095 62.0095 2 3 3
41.6774 62.0595 62.0595 2 3 3
41.6774 62.1095 62.1095 2 3 3
41.6774 62.1595 62.1595 2 3 3
41.6774 62.2095 62.2095 2 3 3
41.6774 62.2595 62.2595 2 3 3
41.6774 62.3095 62.3095 2 3 3
41.6774 62.3595 62.3595 2 3 3
41.6774 62.4095 62.4095 2 3 3
41.6774 62.4595 62.4595 2 3 3
41.6774 62.5095 62.5095 2 3 3
41.6774 62.5595 62.5595 2 3 3
41.6774 62.6095 62.6095 2 3 3
41.6774 62.6595 62.6595 2 3 3
41.6774 62.7095 62.7095 2 3 3
41.6774 62.7595 62.7595 2 3 3
41.6774 62.8095 62.8095 2 3 3
41.6774 62.8595 62.8595 2 3 3
41.6774 62.9095 62.9095 2 3 3
41.6774 62.9595 62.9595 2 3 3
41.6774 63.0095 63.0095 2 3 3
41.6774 63.0595 63.0595 2 3 3
41.6774 63.1095 63.1095 2 3 3
41.6774 63.1595 63.1595 2 3 3
41.6774 63.2095 63.2095 2 3 3
41.6774 63.2595 63.2595 2 3 3
41.6774 63.3095 63.3095 2 3 3
41.6774 63.3595 63.3595 2 3 3
41.6774 63.4095 63.4095 2 3 3
41.6774 63.4595 63.4595 2 3 3
41.6774 63.5095 63.5095 2 3 3
41.6774 63.5595 63.5595 2 3 3
41.6774 63.6095 63.6095 2 3 3
41.6774 63.6595 63.6595 2 3 3
41.6774 63.7095 63.7095 2 3 3
41.6774 63.7595 63.7595 2 3 3
41.6774 63.8095 63.8095 2 3 3
41.6774 63.8595 63.8595 2 3 3
41.6774 63.9095 63.9095 2 3 3
41.6774 63.9595 63.9595 2 3 3
41.6774 64.0095 64.0095 2 3 3
41.6774 64.0595 64.0595 2 3 3
41.6774 64.1095 64.1095 2 3 3
41.6774 64.1595 64.1595 2 3 3
41.6774 64.2095 64.2095 2 3 3
41.6774 64.2595 64.2595 2 3 3
41.6774 64.3095 64.3095 2 3 3
41.6774 64.3595 64.3595 2 3 3
41.6774 64.4095 64.4095 2 3 3
41.6774 64.4595 64.4595 2 3 3
41.6774 64.5095 64.5095 2 3 3
41.6774 64.5595 64.5595 2 3 3
41.6774 64.6095 64.6095 2 3 3
41.6774 64.6595 64.6595 2 3 3
41.6774 64.7095 64.7095 2 3 3
41.6774 64.7595 64.7595 2 3 3
41.6774 64.8095 64.8095 2 3 3
41.6774 64.8595 64.8595 2 3 3
41.6774 64.9095 64.9095 2 3 3
41.6774 64.9595 64.9595 2 3 3
41.6774 65.0095 65.0095 2 3 3
41.6774 65.0595 65.0595 2 3 3
41.6774 65.1095 65.1095 2 3 3
41.6774 65.1595 65.1595 2 3 3
41.6774 65.2095 65.2095 2 3 3
41.6774 65.2595 65.2595 2 3 3
41.6774 65.3095 65.3095 2 3 3
41.6774 65.3595 65.3595 2 3 3
41.6774 65.4095 65.4095 2 3 3
41.6774 65.4595 65.4595 2 3 3
41.6774 65.5095 65.5095 2 3 3
41.6774 65.5595 65.5595 2 3 3
41.6774 65.6095 65.6095 2 3 3
41.6774 65.6595 65.6595 2 3 3
41.6774 65.7095 65.7095 2 3 3
41.6774 65.7595 65.7595 2 3 3
41.6774 65.8095 65.8095 2 3 3
41.6774 65.8595 65.8595 2 3 3
41.6774 65.9095 65.9095 2 3 3
41.6774 65.9595 65.9595 2 3 3
41.6774 66.0095 66.0095 2 3 3
41.6774 66.0595 66.0595 2 3 3
41.6774 66.1095 66.1095 2 3 3
41.6774 66.1595 66.1595 2 3 3
41.6774 66.2095 66.2095 2 3 3
41.6774 66.2595 66.2595 2 3 3
41.6774 66.3095 66.3095 2 3 3
41.6774 66.3595 66.3595 2 3 3
41.6774 66.4095 66.4095 2 3 3
41.6774 66.4595 66.4595 2 3 3
41.6774 66.5095 66.5095 2 3 3
41.6774 66.5595 66.5595 2 3 3
41.6774 66.6095 66.6095 2 3 3
41.6774 66.6595 66.6595 2 3 3
41.6774 66.7095 66.7095 2 3 3
41.6774 66.7595 66.7595 2 3 3
41.6774 66.8095 66.8095 2 3 3
41.6774 66.8595 66.8595 2 3 3
41.6774 66.9095 66.9095 2 3 3
41.6774 66.9595 66.9595 2 3 3
41.6774 67.0095 67.0095 2 3 3
41.6774 67.0595 67.0595 2 3 3
41.6774 67.1095 67.1095 2 3 3
41.6774 67.1595 67.1595 2 3 3
41.6774 67.2095 67.2095 2 3 3
41.6774 67.2595 67.2595 2 3 3
41.6774 67.3095 67.3095 2 3 3
41.6774 67.3595 67.3595 2 3 3
41.6774 67.4095 67.4095 2 3 3
41.6774 67.4595 67.4595 2 3 3
41.6774 67.5095 67.5095 2 3 3
41.6774 67.5595 67.5595 2 3 3
41.6774 67.6095 67.6095 2 3 3
41.6774 67.6595 67.6595 2 3 3
41.6774 67.7095 67.7095 2 3 3
41.6774 67.7595 67.7595 2 3 3
41.6774 67.8095 67.8095 2 3 3
41.6774 67.8595 67.8595 2 3 3
41.6774 67.9095 67.9095 2 3 3
41.6774 67.9595 67.9595 2 3 3
41.6774 68.0095 68.0095 2 3 3
41.6774 68.0595 68.0595 2 3 3
41.6774 68.1095 68.1095 2 3 3
41.6774 68.1595 68.1595 2 3 3
41.6774 68.2095 68.2095 2 3 3
41.6774 68.2595 68.2595 2 3 3
41.6774 68.3095 68.3095 2 3 3
41.6774 68.3595 68.3595 2 3 3
41.6774 68.4095 68.4095 2 3 3
41.6774 68.4595 68.4595 2 3 3
41.6774 68.5095 68.5095 2 3 3
41.6774 68.5595 68.5595 2 3 3
41.6774 68.6095 68.6095 2 3 3
41.6774 68.6595 68.6595 2 3 3
41.6774 68.7095 68.7095 2 3 3
41.6774 68.7595 68.7595 2 3 3
41.6774 68.8095 68.8095 2 3 3
41.6774 68.8595 68.8595 2 3 3
41.6774 68.9095 68.9095 2 3 3
41.6774 68.9595 68.9595 2 3 3
41.6774 69.0095 69.0095 2 3 3
41.6774 69.0595 69.0595 2 3 3
41.6774 69.1095 69.1095 2 3 3
41.6774 69.1595 69.1595 2 3 3
41.6774 69.2095 69.2095 2 3 3
41.6774 69.2595 69.2595 2 3 3
41.6774 69.3095 69.3095 2 3 3
41.6774 69.3595 69.3595 2 3 3
41.6774 69.4095 69.4095 2 3 3
41.6774 69.4595 69.4595 2 3 3
41.6774 69.5095 69.5095 2 3 3
41.6774 69.5595 69.5595 2 3 3
41.6774 69.6095 69.6095 2 3 3
41.6774 69.6595 69.6595 2 3 3
41.6774 69.7095 69.7095 2 3 3
41.6774 69.7595 69.7595 2 3 3
41.6774 69.8095 69.8095 2 3 3
41.6774 69.8595 69.8595 2 3 3
41.6774 69.9095 69.9095 2 3 3
41.6774 69.9595 69.9595 2 3 3
41.6774 70.0095 70.0095 2 3 3
41.6774 70.0595 70.0595 2 3 3
41.6774 70.1095 70.1095 2 3 3
41.6774 70.1595 70.1595 2 3 3
41.6774 70.2095 70.2095 2 3 3
41.6774 70.2595 70.2595 2 3 3
41.6774 70.3095 70.3095 2 3 3
41.6774 70.3595 70.3595 2 3 3
41.6774 70.4095 70.4095 2 3 3
41.6774 70.4595 70.4595 2 3 3
41.6774 70.5095 70.5095 2 3 3
41.6774 70.5595 70.5595 2 3 3
41.6774 70.6095 70.6095 2 3 3
41.6774 70.6595 70.6595 2 3 3
41.6774 70.7095 70.7095 2 3 3
41.6774 70.7595 70.7595 2 3 3
41.6774 70.8095 70.8095 2 3 3
41.6774 70.8595 70.8595 2 3 3
41.6774 70.9095 70.9095 2 3 3
41.6774 70.9595 70.9595 2 3 3
41.6774 71.0095 71.0095 2 3 3
41.6774 71.0595 71.0595 2 3 3
41.6774 71.1095 71.1095 2 3 3
41.6774 71.1595 71.1595 2 3 3
41.6774 71.2095 71.2095 2 3 3
41.6774 71.2595 71.2595 2 3 3
41.6774 71.3095 71.3095 2 3 3
41.6774 71.3595 71.3595 2 3 3
41.6774 71.4095 71.4095 2 3 3
41.6774 71.4595 71.4595 2 3 3
41.6774 71.5095 71.5095 2 3 3
41.6774 71.5595 71.5595 2 3 3
41.6774 71.6095 71.6095 2 3 3
41.6774 71.6595 71.6595 2 3 3
41.6774 71.7095 71.7095 2 3 3
41.6774 71.7595 71.7595 2 3 3
41.6774 71.8095 71.8095 2 3 3
41.6774 71.8595 71.8595 2 3 3
41.6774 71.9095 71.9095 2 3 3
41.6774 71.9595 71.9595 2 3 3
41.6774 72.0095 72.0095 2 3 3
41.6774 72.0595 72.0595 2 3 3
41.6774 72.1095 72.1095 2 3 3
41.6774 72.1595 72.1595 2 3 3
41.6774 72.2095 72.2095 2 3 3
41.6774 72.2595 72.2595 2 3 3
41.6774 72.3095 72.3095 2 3 3
41.6774 72.3595 72.3595 2 3 3
41.6774 72.4095 72.4095 2 3 3
41.6774 72.4595 72.4595 2 3 3
41.6774 72.5095 72.5095 2 3 3
41.6774 72.5595 72.5595 2 3 3
41.6774 72.6095 72.6095 2 3 3
41.6774 72.6595 72.6595 2 3 3
41.6774 72.7095 72.7095 2 3 3
41.6774 72.7595 72.7595 2 3 3
41.6774 72.8095 72.8095 2 3 3
41.6774 72.8595 72.8595 2 3 3
41.6774 72.9095 72.9095 2 3 3
41.6774 72.9595 72.9595 2 3 3
41.6774 73.0095 73.0095 2 3 3
41.6774 73.0595 73.0595 2 3 3
41.6774 73.1095 73.1095 2 3 3
41.6774 73.1595 73.1595 2 3 3
41.6774 73.2095 73.2095 2 3 3
41.6774 73.2595 73.2595 2 3 3
41.6774 73.3095 73.3095 2 3 3
41.6774 73.3595 73.3595 2 3 3
41.6774 73.4095 73.4095 2 3 3
41.6774 73.4595 73.4595 2 3 3
41.6774 73.5095 73.5095 2 3 3
41.6774 73.5595 73.5595 2 3 3
41.6774 73.6095 73.6095 2 3 3
41.6774 73.6595 73.6595 2 3 3
41.6774 73.7095 73.7095 2 3 3
41.6774 73.7595 73.7595 2 3 3
41.6774 73.8095 73.8095 2 3 3
41.6774 73.8595 73.8595 2 3 3
41.6774 73.9095 73.9095 2 3 3
41.6774 73.9595 73.9595 2 3 3
41.6774 74.0095 74.0095 2 3 3
41.6774 74.0595 74.0595 2 3 3
41.6774 74.1095 74.1095 2 3 3
41.6774 74.1595 74.1595 2 3 3
41.6774 74.2095 74.2095 2 3 3
41.6774 74.2595 74.2595 2 3 3
41.6774 74.3095 74.3095 2 3 3
41.6774 74.3595 74.3595 2 3 3
41.6774 74.4095 74.4095 2 3 3
41.6774 74.4595 74.4595 2 3 3
41.6774 74.5095 74.5095 2 3 3
41.6774 74.5595 74.5595 2 3 3
41.6774 74.6095 74.6095 2 3 3
41.6774 74.6595 74.6595 2 3 3
41.6774 74.7095 74.7095 2 3 3
41.6774 74.7595 74.7595 2 3 3
41.6774 74.8095 74.8095 2 3 3
41.6774 74.8595 74.8595 2 3 3
41.6774 74.9095 74.9095 2 3 3
41.6774 74.9595 74.9595 2 3 3
41.6774 75.0095 75.0095 2 3 3
41.6774 75.0595 75.0595 2 3 3
41.6774 75.1095 75.1095 2 3 3
41.6774 75.1595 75.1595 2 3 3
41.6774 75.2095 75.2095 2 3 3
41.6774 75.2595 75.2595 2 3 3
41.6774 75.3095 75.3095 2 3 3
41.6774 75.3595 75.3595 2 3 3
41.6774 75.4095 75.4095 2 3 3
41.6774 75.4595 75.4595 2 3 3
41.6774 75.5095 75.5095 2 3 3
41.6774 75.5595 75.5595 2 3 3
41.6774 75.6095 75.6095 2 3 3
41.6774 75.6595 75.6595 2 3 3
41.6774 75.7095 75.7095 2 3 3
41.6774 75.7595 75.7595 2 3 3
41.6774 75.8095 75.8095 2 3 3
41.6774 75.8595 75.8595 2 3 3
41.6774 75.9095 75.9095 2 3 3
41.6774 75.9595 75.9595 2 3 3
41.6774 76.0095 76.0095 2 3 3
41.6774 76.0595 76.0595 2 3 3
41.6774 76.1095 76.1095 2 3 3
41.6774 76.1595 76.1595 2 3 3
41.6774 76.2095 76.2095 2 3 3
41.6774 76.2595 76.2595 2 3 3
41.6774 76.3095 76.3095 2 3 3
41.6774 76.3595 76.3595 2 3 3
41.6774 76.4095 76.4095 2 3 3
41.6774 76.4595 76.4595 2 3 3
41.6774 76.5095 76.5095 2 3 3
41.6774 76.5595 76.5595 2 3 3
41.6774 76.6095 76.6095 2 3 3
41.6774 76.6595 76.6595 2 3 3
41.6774 76.7095 76.7095 2 3 3
41.6774 76.7595 76.7595 2 3 3
41.6774 76.8095 76.8095 2 3 3
41.6774 76.8595 76.8595 2 3 3
41.6774 76.9095 76.9095 2 3 3
41.6774 76.9595 76.9595 2 3 3
41.6774 77.0095 77.0095 2 3 3
41.6774 77.0595 77.0595 2 3 3
41.6774 77.1095 77.1095 2 3 3
41.6774 77.1595 77.1595 2 3 3
41.6774 77.2095 77.2095 2 3 3
41.6774 77.2595 77.2595 2 3 3
41.6774 77.3095 77.3095 2 3 3
41.6774 77.3595 77.3595 2 3 3
41.6774 77.4095 77.4095 2 3 3
41.6774 77.4595 77.4595 2 3 3
41.6774 77.5095 77.5095 2 3 3
41.6774 77.5595 77.5595 2 3 3
41.6774 77.6095 77.6095 2 3 3
41.6774 77.6595 77.6595 2 3 3
41.6774 77.7095 77.7095 2 3 3
41.6774 77.7595 77.7595 2 3 3
41.6774 77.8095 77.8095 2 3 3
41.6774 77.8595 77.8595 2 3 3
41.6774 77.9095 77.9095 2 3 3
41.6774 77.9595 77.9595 2 3 3
41.6774 78.0095 78.0095 2 3 3
41.6774 78.0595 78.0595 2 3 3
41.6774 78.1095 78.1095 2 3 3
41.6774 78.1595 78.1595 2 3 3
41.6774 78.2095 78.2095 2 3 3
41.6774 78.2595 78.2595 2 3 3
41.6774 78.3095 78.3095 2 3 3
41.6774 78.3595 78.3595 2 3 3
41.6774 78.4095 78.4095 2 3 3
41.6774 78.4595 78.4595 2 3 3
41.6774 78.5095 78.5095 2 3 3
41.6774 78.5595 78.5595 2 3 3
41.6774 78.6095 78.6095 2 3 3
41.6774 78.6595 78.6595 2 3 3
41.6774 78.7095 78.7095 2 3 3
41.6774 78.7595 78.7595 2 3 3
41.6774 78.8095 78.8095 2 3 3
41.6774 78.8595 78.8595 2 3 3
41.6774 78.9095 78.9095 2 3 3
41.6774 78.9595 78.9595 2 3 3
41.6774 79.0095 79.0095 2 3 3
41.6774 79.0595 79.0595 2 3 3
41.6774 79.1095 79.1095 2 3 3
41.6774 79.1595 79.1595 2 3 3
41.6774 79.2095 79.2095 2 3 3
41.6774 79.2595 79.2595 2 3 3
41.6774 79.3095 79.3095 2 3 3
41.6774 79.3595 79.3595 2 3 3
41.6774 79.4095 79.4095 2 3 3
41.6774 79.4595 79.4595 2 3 3
41.6774 79.5095 79.5095 2 3 3
41.6774 79.5595 79.5595 2 3 3
41.6774 79.6095 79.6095 2 3 3
41.6774 79.6595 79.6595 2 3 3
41.6774 79.7095 79.7095 2 3 3
41.6774 79.7595 79.7595 2 3 3
41.6774 79.8095 79.8095 2 3 3
41.6774 79.8595 79.8595 2 3 3
41.6774 79.9095 79.9095 2 3 3
41.6774 79.9595 79.9595 2 3 3
41.6774 80.0095 80.0095 2 3 3
41.6774 80.0595 80.0595 2 3 3
41.6774 80.1095 80.1095 2 3 3
41.6774 80.1595 80.1595 2 3 3
41.6774 80.2095 80.2095 2 3 3
41.6774 80.2595 80.2595 2 3 3
41.6774 80.3095 80.3095 2 3 3
41.6774 80.3595 80.3595 2 3 3
41.6774 80.4095 80.4095 2 3 3
41.6774 80.4595 80.4595 2 3 3
41.6774 80.5095 80.5095 2 3 3
41.6774 80.5595 80.5595 2 3 3
41.6774 80.6095 80.6095 2 3 3
41.6774 80.6595 80.6595 2 3 3
41.6774 80.7095 80.7095 2 3 3
41.6774 80.7595 80.7595 2 3 3
41.6774 80.8095 80.8095 2 3 3
41.6774 80.8595 80.8595 2 3 3
41.6774 80.9095 80.9095 2 3 3
41.6774 80.9595 80.9595 2 3 3
41.6774 81.0095 81.0095 2 3 3
41.6774 81.0595 81.0595 2 3 3
41.6774 81.1095 81.1095 2 3 3
41.6774 81.1595 81.1595 2 3 3
41.6774 81.2095 81.2095 2 3 3
41.6774 81.2595 81.2595 2 3 3
41.6774 81.3095 81.3095 2 3 3
41.6774 81.3595 81.3595 2 3 3
41.6774 81.4095 81.4095 2 3 3
41.6774 81.4595 81.4595 2 3 3
41.6774 81.5095 81.5095 2 3 3
41.6774 81.5595 81.5595 2 3 3
41.6774 81.6095 81.6095 2 3 3
41.6774 81.6595 81.6595 2 3 3
41.6774 81.7095 81.7095 2 3 3
41.6774 81.7595 81.7595 2 3 3
41.6774 81.8095 81.8095 2 3 3
41.6774 81.8595 81.8595 2 3 3
41.6774 81.9095 81.9095 2 3 3
41.6774 81.9595 81.9595 2 3 3
41.6774 82.0095 82.0095 2 3 3
41.6774 82.0595 82.0595 2 3 3
41.6774 82.1095 82.1095 2 3 3
41.6774 82.1595 82.1595 2 3 3
41.6774 82.2095 82.2095 2 3 3
41.6774 82.2595 82.2595 2 3 3
41.6774 82.3095 82.3095 2 3 3
41.6774 82.3595 82.3595 2 3 3
41.6774 82.4095 82.4095 2 3 3
41.6774 82.4595 82.4595 2 3 3
41.6774 82.5095 82.5095 2 3 3
41.6774 82.5595 82.5595 2 3 3
41.6774 82.6095 82.6095 2 3 3
41.6774 82.6595 82.6595 2 3 3
41.6774 82.7095 82.7095 2 3 3
41.6774 82.7595 82.7595 2 3 3
41.6774 82.8095 82.8095 2 3 3
41.6774 82.8595 82.8595 2 3 3
41.6774 82.9095 82.9095 2 3 3
41.6774 82.9595 82.9595 2 3 3
41.6774 83.0095 83.0095 2 3 3
41.6774 83.0595 83.0595 2 3 3
41.6774 83.1095 83.1095 2 3 3
41.6774 83.1595 83.1595 2 3 3
41.6774 83.2095 83.2095 2 3 3
41.6774 83.2595 83.2595 2 3 3
41.6774 83.3095 83.3095 2 3 3
41.6774 83.3595 83.3595 2 3 3
41.6774 83.4095 83.4095 2 3 3
41.6774 83.4595 83.4595 2 3 3
41.6774 83.5095 83.5095 2 3 3
41.6774 83.5595 83.5595 2 3 3
41.6774 83.6095 83.6095 2 3 3
41.6774 83.6595 83.6595 2 3 3
41.6774 83.7095 83.7095 2 3 3
41.6774 83.7595 83.7595 2 3 3
41.6774 83.8095 83.8095 2 3 3
41.6774 83.8595 83.8595 2 3 3
41.6774 83.9095 83.9095 2 3 3
41.6774 83.9595 83.9595 2 3 3
41.6774 84.0095 84.0095 2 3 3
41.6774 84.0595 84.0595 2 3 3
41.6774 84.1095 84.1095 2 3 3
41.6774 84.1595 84.1595 2 3 3
41.6774 84.2095 84.2095 2 3 3
41.6774 84.2595 84.2595 2 3 3
41.6774 84.3095 84.3095 2 3 3
41.6774 84.3595 84.3595 2 3 3
41.6774 84.4095 84.4095 2 3 3
41.6774 84.4595 84.4595 2 3 3
41.6774 84.5095 84.5095 2 3 3
41.6774 84.5595 84.5595 2 3 3
41.6774 84.6095 84.6095 2 3 3
41.6774 84.6595 84.6595 2 3 3
41.6774 84.7095 84.7095 2 3 3
41.6774 84.7595 84.7595 2 3 3
41.6774 84.8095 84.8095 2 3 3
41.6774 84.8595 84.8595 2 3 3
41.6774 84.9095 84.9095 2 3 3
41.6774 84.9595 84.9595 2 3 3
41.6774 85.0095 85.0095 2 3 3
41.6774 85.0595 85.0595 2 3 3
41.6774 85.1095 85.1095 2 3 3
41.6774 85.1595 85.1595 2 3 3
41.6774 85.2095 85.2095 2 3 3
41.6774 85.2595 85.2595 2 3 3
41.6774 85.3095 85.3095 2 3 3
41.6774 85.3595 85.3595 2 3 3
41.6774 85.4095 85.4095 2 3 3
41.6774 85.4595 85.4595 2 3 3
41.6774 85.5095 85.5095 2 3 3
41.6774 85.5595 85.5595 2 3 3
41.6774 85.6095 85.6095 2 3 3
41.6774 85.6595 85.6595 2 3 3
41.6774 85.7095 85.7095 2 3 3
41.6774 85.7595 85.7595 2 3 3
41.6774 85.8095 85.8095 2 3 3
41.6774 85.8595 85.8595 2 3 3
41.6774 85.9095 85.9095 2 3 3
41.6774 85.9595 85.9595 2 3 3
41.6774 86.0095 86.0095 2 3 3
41.6774 86.0595 86.0595 2 3 3
41.6774 86.1095 86.1095 2 3 3
41.6774 86.1595 86.1595 2 3 3
41.6774 86.2095 86.2095 2 3 3
41.6774 86.2595 86.2595 2 3 3
41.6774 86.3095 86.3095 2 3 3
41.6774 86.3595 86.3595 2 3 3
41.6774 86.4095 86.4095 2 3 3
41.6774 86.4595 86.4595 2 3 3
41.6774 86.5095 86.5095 2 3 3
41.6774 86.5595 86.5595 2 3 3
41.6774 86.6095 86.6095 2 3 3
41.6774 86.6595 86.6595 2 3 3
41.6774 86.7095 86.7095 2 3 3
41.6774 86.7595 86.7595 2 3 3
41.6774 86.8095 86.8095 2 3 3
41.6774 86.8595 86.8595 2 3 3
41.6774 86.9095 86.9095 2 3 3
41.6774 86.9595 86.9595 2 3 3
41.6774 87.0095 87.0095 2 3 3
41.6774 87.0595 87.0595 2 3 3
41.6774 87.1095 87.1095 2 3 3
41.6774 87.1595 87.1595 2 3 3
41.6774 87.2095 87.2095 2 3 3
41.6774 87.2595 87.2595 2 3 3
41.6774 87.3095 87.3095 2 3 3
41.6774 87.3595 87.3595 2 3 3
41.6774 87.4095 87.4095 2 3 3
41.6774 87.4595 87.4595 2 3 3
41.6774 87.5095 87.5095 2 3 3
41.6774 87.5595 87.5595 2 3 3
41.6774 87.6095 87.6095 2 3 3
41.6774 87.6595 87.6595 2 3 3
41.6774 87.7095 87.7095 2 3 3
41.6774 87.7595 87.7595 2 3 3
41.6774 87.8095 87.8095 2 3 3
41.6774 87.8595 87.8595 2 3 3
41.6774 87.9095 87.9095 2 3 3
41.6774 87.9595 87.9595 2 3 3
41.6774 88.0095 88.0095 2 3 3
41.6774 88.0595 88.0595 2 3 3
41.6774 88.1095 88.1095 2 3 3
41.6774 88.1595 88.1595 2 3 3
41.6774 88.2095 88.2095 2 3 3
41.6774 88.2595 88.2595 2 3 3
41.6774 88.3095 88.3095 2 3 3
41.6774 88.3595 88.3595 2 3 3
41.6774 88.4095 88.4095 2 3 3
41.6774 88.4595 88.4595 2 3 3
41.6774 88.5095 88.5095 2 3 3
41.6774 88.5595 88.5595 2 3 3
41.6774 88.6095 88.6095 2 3 3
41.6774 88.6595 88.6595 2 3 3
41.6774 88.7095 88.7095 2 3 3
41.6774 88.7595 88.7595 2 3 3
41.6774 88.8095 88.8095 2 3 3
41.6774 88.8595 88.8595 2 3 3
41.6774 88.9095 88.9095 2 3 3
41.6774 88.9595 88.9595 2 3 3
41.6774 89.0095 89.0095 2 3 3
41.6774 89.0595 89.0595 2 3 3
41.6774 89.1095 89.1095 2 3 3
41.6774 89.1595 89.1595 2 3 3
41.6774 89.2095 89.2095 2 3 3
41.6774 89.2595 89.2595 2 3 3
41.6774 89.3095 89.3095 2 3 3
41.6774 89.3595 89.3595 2 3 3
41.6774 89.4095 89.4095 2 3 3
41.6774 89.4595 89.4595 2 3 3
41.6774 89.5095 89.5095 2 3 3
41.6774 89.5595 89.5595 2 3 3
41.6774 89.6095 89.6095 2 3 3
41.6774 89.6595 89.6595 2 3 3
41.6774 89.7095 89.7095 2 3 3
41.6774 89.7595 89.7595 2 3 3
41.6774 89.8095 89.8095 2 3 3
41.6774 89.8595 89.8595 2 3 3
41.6774 89.9095 89.9095 2 3 3
41.6774 89.9595 89.9595 2 3 3
41.6774 90.0095 90.0095 2 3 3
41.6774 90.0595 90.0595 2 3 3
41.6774 90.1095 90.1095 2 3 3
41.6774 90.1595 90.1595 2 3 3
41.6774 90.2095 90.2095 2 3 3
41.6774 90.2595 90.2595 2 3 3
41.6774 90.3095 90.3095 2 3 3
41.6774 90.3595 90.3595 2 3 3
41.6774 90.4095 90.4095 2 3 3
41.6774 90.4595 90.4595 2 3 3
41.6774 90.5095 90.5095 2 3 3
41.6774 90.5595 90.5595 2 3 3
41.6774 90.6095 90.6095 2 3 3
41.6774 90.6595 90.6595 2 3 3
41.6774 90.7095 90.7095 2 3 3
41.6774 90.7595 90.7595 2 3 3
41.6774 90.8095 90.8095 2 3 3
41.6774 90.8595 90.8595 2 3 3
41.6774 90.9095 90.9095 2 3 3
41.6774 90.9595 90.9595 2 3 3
41.6774 91.0095 91.0095 2 3 3
41.6774 91.0595 91.0595 2 3 3
41.6774 91.1095 91.1095 2 3 3
41.6774 91.1595 91.1595 2 3 3
41.6774 91.2095 91.2095 2 3 3
41.6774 91.2595 91.2595 2 3 3
41.6774 91.3095 91.3095 2 3 3
41.6774 91.3595 91.3595 2 3 3
41.6774 91.4095 91.4095 2 3 3
41.6774 91.4595 91.4595 2 3 3
41.6774 91.5095 91.5095 2 3 3
41.6774 91.5595 91.5595 2 3 3
41.6774 91.6095 91.6095 2 3 3
41.6774 91.6595 91.6595 2 3 3
41.6774 91.7095 91.7095 2 3 3
41.6774 91.7595 91.7595 2 3 3
41.6774 91.8095 91.8095 2 3 3
41.6774 91.8595 91.8595 2 3 3
41.6774 91.9095 91.9095 2 3 3
41.6774 91.9595 91.9595 2 3 3
41.6774 92.0095 92.0095 2 3 3
41.6774 92.0595 92.0595 2 3 3
41.6774 92.1095 92.1095 2 3 3
41.6774 92.1595 92.1595 2 3 3
41.6774 92.2095 92.2095 2 3 3
41.6774 92.2595 92.2595 2 3 3
41.6774 92.3095 92.3095 2 3 3
41.6774 92.3595 92.3595 2 3 3
41.6774 92.4095 92.4095 2 3 3
41.6774 92.4595 92.4595 2 3 3
41.6774 92.5095 92.5095 2 3 3
41.6774 92.5595 92.5595 2 3 3
41.6774 92.6095 92.6095 2 3 3
41.6774 92.6595 92.6595 2 3 3
41.6774 92.7095 92.7095 2 3 3
41.6774 92.7595 92.7595 2 3 3
41.6774 92.8095 92.8095 2 3 3
41.6774 92.8595 92.8595 2 3 3
41.6774 92.9095 92.9095 2 3 3
41.6774 92.9595 92.9595 2 3 3
41.6774 93.0095 93.0095 2 3 3
41.6774 93.0595 93.0595 2 3 3
41.6774 93.1095 93.1095 2 3 3
41.6774 93.1595 93.1595 2 3 3
41.6774 93.2095 93.2095 2 3 3
41.6774 93.2595 93.2595 2 3 3
41.6774 93.3095 93.3095 2 3 3
41.6774 93.3595 93.3595 2 3 3
41.6774 93.4095 93.4095 2 3 3
41.6774 93.4595 93.4595 2 3 3
41.6774 93.5095 93.5095 2 3 3
41.6774 93.5595 93.5595 2 3 3
41.6774 93.6095 93.6095 2 3 3
41.6774 93.6595 93.6595 2 3 3
41.6774 93.7095 93.7095 2 3 3
41.6774 93.7595 93.7595 2 3 3
41.6774 93.8095 93.8095 2 3 3
41.6774 93.8595 93.8595 2 3 3
41.6774 93.9095 93.9095 2 3 3
41.6774 93.9595 93.9595 2 3 3
41.6774 94.0095 94.0095 2 3 3
41.6774 94.0595 94.0595 2 3 3
41.6774 94.1095 94.1095 2 3 3
41.6774 94.1595 94.1595 2 3 3
41.6774 94.2095 94.2095 2 3 3
41.6774 94.2595 94.2595 2 3 3
41.6774 94.3095 94.3095 2 3 3
41.6774 94.3595 94.3595 2 3 3
41.6774 94.4095 94.4095 2 3 3
41.6774 94.4595 94.4595 2 3 3
41.6774 94.5095 94.5095 2 3 3
41.6774 94.5595 94.5595 2 3 3
41.6774 94.6095 94.6095 2 3 3
41.6774 94.6595 94.6595 2 3 3
41.6774 94.7095 94.7095 2 3 3
41.6774 94.7595 94.7595 2 3 3
41.6774 94.8095 94.8095 2 3 3
41.6774 94.8595 94.8595 2 3 3
41.6774 94.9095 94.9095 2 3 3
41.6774 94.9595 94.9595 2 3 3
41.6774 95.0095 95.0095 2 3 3
41.6774 95.0595 95.0595 2 3 3
41.6774 95.1095 95.1095 2 3 3
41.6774 95.1595 95.1595 2 3 3
41.6774 95.2095 95.2095 2 3 3
41.6774 95.2595 95.2595 2 3 3
41.6774 95.3095 95.3095 2 3 3
41.6774 95.3595 95.3595 2 3 3
41.6774 95.4095 95.4095 2 3 3
41.6774 95.4595 95.4595 2 3 3
41.6774 95.5095 95.5095 2 3 3
41.6774 95.5595 95.5595 2 3 3
41.6774 95.6095 95.6095 2 3 3
41.6774 95.6595 95.6595 2 3 3
41.6774 95.7095 95.7095 2 3 3
41.6774 95.7595 95.7595 2 3 3
41.6774 95.8095 95.8095 2 3 3
41.6774 95.8595 95.8595 2 3 3
41.6774 95.9095 95.9095 2 3 3
41.6774 95.9595 95.9595 2 3 3
41.6774 96.0095 96.0095 2 3 3
41.6774 96.0595 96.0595 2 3 3
41.6774 96.1095 96.1095 2 3 3
41.6774 96.1595 96.1595 2 3 3
41.6774 96.2095 96.2095 2 3 3
41.6774 96.2595 96.2595 2 3 3
41.6774 96.3095 96.3095 2 3 3
41.6774 96.3595 96.3595 2 3 3
41.6774 96.4095 96.4095 2 3 3
41.6774 96.4595 96.4595 2 3 3
41.6774 96.5095 96.5095 2 3 3
41.6774 96.5595 96.5595 2 3 3
41.6774 96.6095 96.6095 2 3 3
41.6774 96.6595 96.6595 2 3 3
41.6774 96.7095 96.7095 2 3 3
41.6774 96.7595 96.7595 2 3 3
41.6774 96.8095 96.8095 2 3 3
41.6774 96.8595 96.8595 2 3 3
41.6774 96.9095 96.9095 2 3 3
41.6774 96.9595 96.9595 2 3 3
41.6774 97.0095 97.0095 2 3 3
41.6774 97.0595 97.0595 2 3 3
41.6774 97.1095 97.1095 2 3 3
41.6774 97.1595 97.1595 2 3 3
41.6774 97.2095 97.2095 2 3 3
41.6774 97.2595 97.2595 2 3 3
41.6774 97.3095 97.3095 2 3 3
41.6774 97.3595 97.3595 2 3 3
41.6774 97.4095 97.4095 2 3 3
41.6774 97.4595 97.4595 2 3 3
41.6774 97.5095 97.5095 2 3 3
41.6774 97.5595 97.5595 2 3 3
41.6774 97.6095 97.6095 2 3 3
41.6774 97.6595 97.6595 2 3 3
41.6774 97.7095 97.7095 2 3 3
41.6774 97.7595 97.7595 2 3 3
41.6774 97.8095 97.8095 2 3 3
41.6774 97.8595 97.8595 2 3 3
41.6774 97.9095 97.9095 2 3 3
41.6774 97.9595 97.9595 2 3 3
41.6774 98.0095 98.0095 2 3 3
41.6774 98.0595 98.0595 2 3 3
41.6774 98.1095 98.1095 2 3 3
41.6774 98.1595 98.1595 2 3 3
41.6774 98.2095 98.2095 2 3 3
41.6774 98.2595 98.2595 2 3 3
41.6774 98.3095 98.3095 2 3 3
41.6774 98.3595 98.3595 2 3 3
41.6774 98.4095 98.4095 2 3 3
41.6774 98.4595 98.4595 2 3 3
41.6774 98.5095 98.5095 2 3 3
41.6774 98.5595 98.5595 2 3 3
41.6774 98.6095 98.6095 2 3 3
41.6774 98.6595 98.6595 2 3 3
41.6774 98.7095 98.7095 2 3 3
41.6774 98.7595 98.7595 2 3 3
41.6774 98.8095 98.8095 2 3 3
41.6774 98.8595 98.8595 2 3 3
41.6774 98.9095 98.9095 2 3 3
41.6774 98.9595 98.9595 2 3 3
41.6774 99.0095 99.0095 2 3 3
41.6774 99.0595 99.0595 2 3 3
41.6774 99.1095 99.1095 2 3 3
41.6774 99.1595 99.1595 2 3 3
41.6774 99.2095 99.2095 2 3 3
41.6774 99.2595 99.2595 2 3 3
41.6774 99.3095 99.3095 2 3 3
41.6774 99.3595 99.3595 2 3 3
41.6774 99.4095 99.4095 2 3 3
41.6774 99.4595 99.4595 2 3 3
41.6774 99.5095 99.5095 2 3 3
41.6774 99.5595 99.5595 2 3 3
41.6774 99.6095 99.6095 2 3 3
41.6774 99.6595 99.6595 2 3 3
41.6774 99.7095 99.7095 2 3 3
41.6774 99.7595 99.7595 2 3 3
41.6774 99.8095 99.8095 2 3 3
41.6774 99.8595 99.8595 2 3 3
41.6774 99.9095 99.9095 2 3 3
41.6774 99.9595 99.9595 2 3 3
41.6774 100.01 100.01 2 3 3
41.6774 100.06 100.06 2 3 3
41.6774 100.11 100.11 2 3 3
41.6774 100.16 100.16 2 3 3
41.6774 100.21 100.21 2 3 3
41.6774 100.26 100.26 2 3 3
41.6774 100.31 100.31 2 3 3
41.6774 100.36 100.36 2 3 3
41.6774 100.41 100.41 2 3 3
41.6774 100.46 100.46 2 3 3
41.6774 100.51 100.51 2 3 3
41.6774 100.56 100.56 2 3 3
41.6774 100.61 100.61 2 3 3
41.6774 100.66 100.66 2 3 3
41.6774 100.71 100.71 2 3 3
41.6774 100.76 100.76 2 3 3
41.6774 100.81 100.81 2 3 3
41.6774 100.86 100.86 2 3 3
41.6774 100.91 100.91 2 3 3
41.6774 100.96 100.96 2 3 3
41.6774 101.01 101.01 2 3 3
41.6774 101.06 101.06 2 3 3
41.6774 101.11 101.11 2 3 3
41.6774 101.16 101.16 2 3 3
41.6774 101.21 101.21 2 3 3
41.6774 101.26 101.26 2 3 3
41.6774 101.31 101.31 2 3 3
41.6774 101.36 101.36 2 3 3
41.6774 101.41 101.41 2 3 3
41.6774 101.46 101.46 2 3 3
41.6774 101.51 101.51 2 3 3
41.6774 101.56 101.56 2 3 3
41.6774 101.61 101.61 2 3 3
41.6774 101.66 101.66 2 3 3
41.6774 101.71 101.71 2 3 3
41.6774 101.76 101.76 2 3 3
41.6774 101.81 101.81 2 3 3
41.6774 101.86 101.86 2 3 3
41.6774 101.91 101.91 2 3 3
41.6774 101.96 101.96 2 3 3
41.6774 102.01 102.01 2 3 3
41.6774 102.06 102.06 2 3 3
41.6774 102.11 102.11 2 3 3
41.6774 102.16 102.16 2 3 3
41.6774 102.21 102.21 2 3 3
41.6774 102.26 102.26 2 3 3
41.6774 102.31 102.31 2 3 3
41.6774 102.36 102.36 2 3 3
41.6774 102.41 102.41 2 3 3
41.6774 102.46 102.46 2 3 3
41.6774 102.51 102.51 2 3 3
41.6774 102.56 102.56 2 3 3
41.6774 102.61 102.61 2 3 3
41.6774 102.66 102.66 2 3 3
41.6774 102.71 102.71 2 3 3
41.6774 102.76 102.76 2 3 3
41.6774 102.81 102.81 2 3 3
41.6774 102.86 102.86 2 3 3
41.6774 102.91 102.91 2 3 3
41.6774 102.96 102.96 2 3 3
41.6774 103.01 103.01 2 3 3
41.6774 103.06 103.06 2 3 3
41.6774 103.11 103.11 2 3 3
41.6774 103.16 103.16 2 3 3
41.6774 103.21 103.21 2 3 3
41.6774 103.26 103.26 2 3 3
41.6774 103.31 103.31 2 3 3
41.6774 103.36 103.36 2 3 3
41.6774 103.41 103.41 2 3 3
41.6774 103.46 103.46 2 3 3
41.6774 103.51 103.51 2 3 3
41.6774 103.56 103.56 2 3 3
41.6774 103.61 103.61 2 3 3
41.6774 103.66 103.66 2 3 3
41.6774 103.71 103.71 2 3 3
41.6774 103.76 103.76 2 3 3
41.6774 103.81 103.81 2 3 3
41.6774 103.86 103.86 2 3 3
41.6774 103.91 103.91 2 3 3
41.6774 103.96 103.96 2 3 3
41.6774 104.01 104.01 2 3 3
41.6774 104.06 104.06 2 3 3
41.6774 104.11 104.11 2 3 3
41.6774 104.16 104.16 2 3 3
41.6774 104.21 104.21 2 3 3
41.6774 104.26 104.26 2 3 3
41.6774 104.31 104.31 2 3 3
41.6774 104.36 104.36 2 3 3
41.6774 104.41 104.41 2 3 3
41.6774 104.46 104.46 2 3 3
41.6774 104.51 104.51 2 3 3
41.6774 104.56 104.56 2 3 3
41.6774 104.61 104.61 2 3 3
41.6774 104.66 104.66 2 3 3
41.6774 104.71 104.71 2 3 3
41.6774 104.76 104.76 2 3 3
41.6774 104.81 104.81 2 3 3
41.6774 104.86 104.86 2 3 3
41.6774 104.91 104.91 2 3 3
41.6774 104.96 104.96 2 3 3
41.6774 105.01 105.01 2 3 3
41.6774 105.06 105.06 2 3 3
41.6774 105.11 105.11 2 3 3
41.6774 105.16 105.16 2 3 3
41.6774 105.21 105.21 2 3 3
41.6774 105.26 105.26 2 3 3
41.6774 105.31 105.31 2 3 3
41.6774 105.36 105.36 2 3 3
41.6774 105.41 105.41 2 3 3
41.6774 105.46 105.46 2 3 3
41.6774 105.51 105.51 2 3 3
41.6774 105.56 105.56 2 3 3
41.6774 105.61 105.61 2 3 3
41.6774 105.66 105.66 2 3 3
41.6774 105.71 105.71 2 3 3
41.6774 105.76 105.76 2 3 3
41.6774 105.81 105.81 2 3 3
41.6774 105.86 105.86 2 3 3
41.6774 105.91 105.91 2 3 3
41.6774 105.96 105.96 2 3 3
41.6774 106.01 106.01 2 3 3
41.6774 106.06 106.06 2 3 3
41.6774 106.11 106.11 2 3 3
41.6774 106.16 106.16 2 3 3
41.6774 106.21 106.21 2 3 3
41.6774 106.26 106.26 2 3 3
41.6774 106.31 106.31 2 3 3
41.6774 106.36 106.36 2 3 3
41.6774 106.41 106.41 2 3 3
41.6774 106.46 106.46 2 3 3
41.6774 106.51 106.51 2 3 3
41.6774 106.56 106.56 2 3 3
41.6774 106.61 106.61 2 3 3
41.6774 106.66 106.66 2 3 3
41.6774 106.71 106.71 2 3 3
41.6774 106.76 106.76 2 3 3
41.6774 106.81 106.81 2 3 3
41.6774 106.86 106.86 2 3 3
41.6774 106.91 106.91 2 3 3
41.6774 106.96 106.96 2 3 3
41.6774 107.01 107.01 2 3 3
41.6774 107.06 107.06 2 3 3
41.6774 107.11 107.11 2 3 3
41.6774 107.16 107.16 2 3 3
41.6774 107.21 107.21 2 3 3
41.6774 107.26 107.26 2 3 3
41.6774 107.31 107.31 2 3 3
41.6774 107.36 107.36 2 3 3
41.6774 107.41 107.41 2 3 3
41.6774 107.46 107.46 2 3 3
41.6774 107.51 107.51 2 3 3
41.6774 107.56 107.56 2 3 3
41.6774 107.61 107.61 2 3 3
41.6774 107.66 107.66 2 3 3
41.6774 107.71 107.71 2 3 3
41.6774 107.76 107.76 2 3 3
41.6774 107.81 107.81 2 3 3
41.6774 107.86 107.86 2 3 3
41.6774 107.91 107.91 2 3 3
41.6774 107.96 107.96 2 3 3
41.6774 108.01 108.01 2 3 3
41.6774 108.06 108.06 2 3 3
41.6774 108.11 108.11 2 3 3
41.6774 108.16 108.16 2 3 3
41.6774 108.21 108.21 2 3 3
41.6774 108.26 108.26 2 3 3
41.6774 108.31 108.31 2 3 3
41.6774 108.36 108.36 2 3 3
41.6774 108.41 108.41 2 3 3
41.6774 108.46 108.46 2 3 3
41.6774 108.51 108.51 2 3 3
41.6774 108.56 108.56 2 3 3
41.6774 108.61 108.61 2 3 3
41.6774 108.66 108.66 2 3 3
41.6774 108.71 108.71 2 3 3
41.6774 108.76 108.76 2 3 3
41.6774 108.81 108.81 2 3 3
41.6774 108.86 108.86 2 3 3
41.6774 108.91 108.91 2 3 3
41.6774 108.96 108.96 2 3 3
41.6774 109.01 109.01 2 3 3
41.6774 109.06 109.06 2 3 3
41.6774 109.11 109.11 2 3 3
41.6774 109.16 109.16 2 3 3
41.6774 109.21 109.21 2 3 3
41.6774 109.26 109.26 2 3 3
41.6774 109.31 109.31 2 3 3
41.6774 109.36 109.36 2 3 3
41.6774 109.41 109.41 2 3 3
41.6774 109.46 109.46 2 3 3
41.6774 109.51 109.51 2 3 3
41.6774 109.56 109.56 2 3 3
41.6774 109.61 109.61 2 3 3
41.6774 109.66 109.66 2 3 3
41.6774 109.71 109.71 2 3 3
41.6774 109.76 109.76 2 3 3
41.6774 109.81 109.81 2 3 3
41.6774 109.86 109.86 2 3 3
41.6774 109.91 109.91 2 3 3
41.6774 109.96 109.96 2 3 3
41.6774 110.01 110.01 2 3 3
41.6774 110.06 110.06 2 3 3
41.6774 110.11 110.11 2 3 3
41.6774 110.16 110.16 2 3 3
41.6774 110.21 110.21 2 3 3
41.6774 110.26 110.26 2 3 3
41.6774 110.31 110.31 2 3 3
41.6774 110.36 110.36 2 3 3
41.6774 110.41 110.41 2 3 3
41.6774 110.46 110.46 2 3 3
41.6774 110.51 110.51 2 3 3
41.6774 110.56 110.56 2 3 3
41.6774 110.61 110.61 2 3 3
41.6774 110.66 110.66 2 3 3
41.6774 110.71 110.71 2 3 3
41.6774 110.76 110.76 2 3 3
41.6774 110.81 110.81 2 3 3
41.6774 110.86 110.86 2 3 3
41.6774 110.91 110.91 2 3 3
41.6774 110.96 110.96 2 3 3
41.6774 111.01 111.01 2 3 3
41.6774 111.06 111.06 2 3 3
41.6774 111.11 111.11 2 3 3
41.6774 111.16 111.16 2 3 3
41.6774 111.21 111.21 2 3 3
41.6774 111.26 111.26 2 3 3
41.6774 111.31 111.31 2 3 3
41.6774 111.36 111.36 2 3 3
41.6774 111.41 111.41 2 3 3
41.6774 111.46 111.46 2 3 3
41.6774 111.51 111.51 2 3 3
41.6774 111.56 111.56 2 3 3
41.6774 111.61 111.61 2 3 3
41.6774 111.66 111.66 2 3 3
41.6774 111.71 111.71 2 3 3
41.6774 111.76 111.76 2 3 3
41.6774 111.81 111.81 2 3 3
41.6774 111.86 111.86 2 3 3
41.6774 111.91 111.91 2 3 3
41.6774 111.96 111.96 2 3 3
41.6774 112.01 112.01 2 3 3
41.6774 112.06 112.06 2 3 3
41.6774 112.11 112.11 2 3 3
41.6774 112.16 112.16 2 3 3
41.6774 112.21 112.21 2 3 3
41.6774 112.26 112.26 2 3 3
41.6774 112.31 112.31 2 3 3
41.6774 112.36 112.36 2 3 3
41.6774 112.41 112.41 2 3 3
41.6774 112.46 112.46 2 3 3
41.6774 112.51 112.51 2 3 3
41.6774 112.56 112.56 2 3 3
41.6774 112.61 112.61 2 3 3
41.6774 112.66 112.66 2 3 3
41.6774 112.71 112.71 2 3 3
41.6774 112.76 112.76 2 3 3
41.6774 112.81 112.81 2 3 3
41.6774 112.86 112.86 2 3 3
41.6774 112.91 112.91 2 3 3
41.6774 112.96 112.96 2 3 3
41.6774 113.01 113.01 2 3 3
41.6774 113.06 113.06 2 3 3
41.6774 113.11 113.11 2 3 3
41.6774 113.16 113.16 2 3 3
41.6774 113.21 113.21 2 3 3
41.6774 113.26 113.26 2 3 3
41.6774 113.31 113.31 2 3 3
41.6774 113.36 113.36 2 3 3
41.6774 113.41 113.41 2 3 3
41.6774 113.46 113.46 2 3 3
41.6774 113.51 113.51 2 3 3
41.6774 113.56 113.56 2 3 3
41.6774 113.61 113.61 2 3 3
41.6774 113.66 113.66 2 3 3
41.6774 113.71 113.71 2 3 3
41.6774 113.76 113.76 2 3 3
41.6774 113.81 113.81 2 3 3
41.6774 113.86 113.86 2 3 3
41.6774 113.91 113.91 2 3 3
41.6774 113.96 113.96 2 3 3
41.6774 114.01 114.01 2 3 3
41.6774 114.06 114.06 2 3 3
41.6774 114.11 114.11 2 3 3
41.6774 114.16 114.16 2 3 3
41.6774 114.21 114.21 2 3 3
41.6774 114.26 114.26 2 3 3
41.6774 114.31 114.31 2 3 3
41.6774 114.36 114.36 2 3 3
41.6774 114.41 114.41 2 3 3
41.6774 114.46 114.46 2 3 3
41.6774 114.51 114.51 2 3 3
41.6774 114.56 114.56 2 3 3
41.6774 114.61 114.61 2 3 3
41.6774 114.66 114.66 2 3 3
41.6774 114.71 114.71 2 3 3
41.6774 114.76 114.76 2 3 3
41.6774 114.81 114.81 2 3 3
41.6774 114.86 114.86 2 3 3
41.6774 114.91 114.91 2 3 3
41.6774 114.96 114.96 2 3 3
41.6774 115.01 115.01 2 3 3
41.6774 115.06 115.06 2 3 3
41.6774 115.11 115.11 2 3 3
41.6774 115.16 115.16 2 3 3
41.6774 115.21 115.21 2 3 3
41.6774 115.26 115.26 2 3 3
41.6774 115.31 115.31 2 3 3
41.6774 115.36 115.36 2 3 3
41.6774 115.41 115.41 2 3 3
41.6774 115.46 115.46 2 3 3
41.6774 115.51 115.51 2 3 3
41.6774 115.56 115.56 2 3 3
41.6774 115.61 115.61 2 3 3
41.6774 115.66 115.66 2 3 3
41.6774 115.71 115.71 2 3 3
41.6774 115.76 115.76 2 3 3
41.6774 115.81 115.81 2 3 3
41.6774 115.86 115.86 2 3 3
41.6774 115.91 115.91 2 3 3
41.6774 115.96 115.96 2 3 3
41.6774 116.01 116.01 2 3 3
41.6774 116.06 116.06 2 3 3
41.6774 116.11 116.11 2 3 3
41.6774 116.16 116.16 2 3 3
41.6774 116.21 116.21 2 3 3
41.6774 116.26 116.26 2 3 3
41.6774 116.31 116.31 2 3 3
41.6774 116.36 116.36 2 3 3
41.6774 116.41 116.41 2 3 3
41.6774 116.46 116.46 2 3 3
41.6774 116.51 116.51 2 3 3
41.6774 116.56 116.56 2 3 3
41.6774 116.61 116.61 2 3 3
41.6774 116.66 116.66 2 3 3
41.6774 116.71 116.71 2 3 3
41.6774 116.76 116.76 2 3 3
41.6774 116.81 116.81 2 3 3
41.6774 116.86 116.86 2 3 3
41.6774 116.91 116.91 2 3 3
41.6774 116.96 116.96 2 3 3
41.6774 117.01 117.01 2 3 3
41.6774 117.06 117.06 2 3 3
41.6774 117.11 117.11 2 3 3
41.6774 117.16 117.16 2 3 3
41.6774 117.21 117.21 2 3 3
41.6774 117.26 117.26 2 3 3
41.6774 117.31 117.31 2 3 3
41.6774 117.36 117.36 2 3 3
41.6774 117.41 117.41 2 3 3
41.6774 117.46 117.46 2 3 3
41.6774 117.51 117.51 2 3 3
41.6774 117.56 117.56 2 3 3
41.6774 117.61 117.61 2 3 3
41.6774 117.66 117.66 2 3 3
41.6774 117.71 117.71 2 3 3
41.6774 117.76 117.76 2 3 3
41.6774 117.81 117.81 2 3 3
41.6774 117.86 117.86 2 3 3
41.6774 117.91 117.91 2 3 3
41.6774 117.96 117.96 2 3 3
41.6774 118.01 118.01 2 3 3
41.6774 118.06 118.06 2 3 3
41.6774 118.11 118.11 2 3 3
41.6774 118.16 118.16 2 3 3
41.6774 118.21 118.21 2 3 3
41.6774 118.26 118.26 2 3 3
41.6774 118.31 118.31 2 3 3
41.6774 118.36 118.36 2 3 3
41.6774 118.41 118.41 2 3 3
41.6774 118.46 118.46 2 3 3
41.6774 118.51 118.51 2 3 3
41.6774 118.56 118.56 2 3 3
41.6774 118.61 118.61 2 3 3
41.6774 118.66 118.66 2 3 3
41.6774 118.71 118.71 2 3 3
41.6774 118.76 118.76 2 3 3
41.6774 118.81 118.81 2 3 3
41.6774 118.86 118.86 2 3 3
41.6774 118.91 118.91 2 3 3
41.6774 118.96 118.96 2 3 3
41.6774 119.01 119.01 2 3 3
41.6774 119.06 119.06 2 3 3
41.6774 119.11 119.11 2 3 3
41.6774 119.16 119.16 2 3 3
41.6774 119.21 119.21 2 3 3
41.6774 119.26 119.26 2 3 3
41.6774 119.31 119.31 2 3 3
41.6774 119.36 119.36 2 3 3
41.6774 119.41 119.41 2 3 3
41.6774 119.46 119.46 2 3 3
41.6774 119.51 119.51 2 3 3
41.6774 119.56 119.56 2 3 3
41.6774 119.61 119.61 2 3 3
41.6774 119.66 119.66 2 3 3
41.6774 119.71 119.71 2 3 3
41.6774 119.76 119.76 2 3 3
41.6774 119.81 119.81 2 3 3
41.6774 119.86 119.86 2 3 3
41.6774 119.91 119.91 2 3 3
41.6774 119.96 119.96 2 3 3
41.6774 120.01 120.01 2 3 3
41.6774 120.06 120.06 2 3 3
41.6774 120.11 120.11 2 3 3
41.6774 120.16 120.16 2 3 3
41.6774 120.21 120.21 2 3 3
41.6774 120.26 120.26 2 3 3
41.6774 120.31 120.31 2 3 3
41.6774 120.36 120.36 2 3 3
41.6774 120.41 120.41 2 3 3
41.6774 120.46 120.46 2 3 3
41.6774 120.51 120.51 2 3 3
41.6774 120.56 120.56 2 3 3
41.6774 120.61 120.61 2 3 3
41.6774 120.66 120.66 2 3 3
41.6774 120.71 120.71 2 3 3
41.6774 120.76 120.76 2 3 3
41.6774 120.81 120.81 2 3 3
41.6774 120.86 120.86 2 3 3
41.6774 120.91 120.91 2 3 3
41.6774 120.96 120.96 2 3 3
41.6774 121.01 121.01 2 3 3
41.6774 121.06 121.06 2 3 3
41.6774 121.11 121.11 2 3 3
41.6774 121.16 121.16 2 3 3
41.6774 121.21 121.21 2 3 3
41.6774 121.26 121.26 2 3 3
41.6774 121.31 121.31 2 3 3
41.6774 121.36 121.36 2 3 3
41.6774 121.41 121.41 2 3 3
41.6774 121.46 121.46 2 3 3
41.6774 121.51 121.51 2 3 3
41.6774 121.56 121.56 2 3 3
41.6774 121.61 121.61 2 3 3
41.6774 121.66 121.66 2 3 3
41.6774 121.71 121.71 2 3 3
41.6774 121.76 121.76 2 3 3
41.6774 121.81 121.81 2 3 3
41.6774 121.86 121.86 2 3 3
41.6774 121.91 121.91 2 3 3
41.6774 121.96 121.96 2 3 3
41.6774 122.01 122.01 2 3 3
41.6774 122.06 122.06 2 3 3
41.6774 122.11 122.11 2 3 3
41.6774 122.16 122.16 2 3 3
41.6774 122.21 122.21 2 3 3
41.6774 122.26 122.26 2 3 3
41.6774 122.31 122.31 2 3 3
41.6774 122.36 122.36 2 3 3
41.6774 122.41 122.41 2 3 3
41.6774 122.46 122.46 2 3 3
41.6774 122.51 122.51 2 3 3
41.6774 122.56 122.56 2 3 3
41.6774 122.61 122.61 2 3 3
41.6774 122.66 122.66 2 3 3
41.6774 122.71 122.71 2 3 3
41.6774 122.76 122.76 2 3 3
41.6774 122.81 122.81 2 3 3
41.6774 122.86 122.86 2 3 3
41.6774 122.91 122.91 2 3 3
41.6774 122.96 122.96 2 3 3
41.6774 123.01 123.01 2 3 3
41.6774 123.06 123.06 2 3 3
41.6774 123.11 123.11 2 3 3
41.6774 123.16 123.16 2 3 3
41.6774 123.21 123.21 2 3 3
41.6774 123.26 123.26 2 3 3
41.6774 123.31 123.31 2 3 3
41.6774 123.36 123.36 2 3 3
41.6774 123.41 123.41 2 3 3
41.6774 123.46 123.46 2 3 3
41.6774 123.51 123.51 2 3 3
41.6774 123.56 123.56 2 3 3
41.6774 123.61 123.61 2 3 3
41.6774 123.66 123.66 2 3 3
41.6774 123.71 123.71 2 3 3
41.6774 123.76 123.76 2 3 3
41.6774 123.81 123.81 2 3 3
41.6774 123.86 123.86 2 3 3
41.6774 123.91 123.91 2 3 3
41.6774 123.96 123.96 2 3 3
41.6774 124.01 124.01 2 3 3
41.6774 124.06 124.06 2 3 3
41.6774 124.11 124.11 2 3 3
41.6774 124.16 124.16 2 3 3
41.6774 124.21 124.21 2 3 3
41.6774 124.26 124.26 2 3 3
41.6774 124.31 124.31 2 3 3
41.6774 124.36 124.36 2 3 3
41.6774 124.41 124.41 2 3 3
41.6774 124.46 124.46 2 3 3
41.6774 124.51 124.51 2 3 3
41.6774 124.56 124.56 2 3 3
41.6774 124.61 124.61 2 3 3
41.6774 124.66 124.66 2 3 3
41.6774 124.71 124.71 2 3 3
41.6774 124.76 124.76 2 3 3
41.6774 124.81 124.81 2 3 3
41.6774 124.86 124.86 2 3 3
41.6774 124.91 124.91 2 3 3
41.6774 124.96 124.96 2 3 3
41.6774 125.01 125.01 2 3 3
41.6774 125.06 125.06 2 3 3
41.6774 125.11 125.11 2 3 3
41.6774 125.16 125.16 2 3 3
41.6774 125.21 125.21 2 3 3
41.6774 125.26 125.26 2 3 3
41.6774 125.31 125.31 2 3 3
41.6774 125.36 125.36 2 3 3
41.6774 125.41 125.41 2 3 3
41.6774 125.46 125.46 2 3 3
41.6774 125.51 125.51 2 3 3
41.6774 125.56 125.56 2 3 3
41.6774 125.61 125.61 2 3 3
41.6774 125.66 125.66 2 3 3
41.6774 125.71 125.71 2 3 3
41.6774 125.76 125.76 2 3 3
41.6774 125.81 125.81 2 3 3
41.6774 125.86 125.86 2 3 3
41.6774 125.91 125.91 2 3 3
41.6774 125.96 125.96 2 3 3
41.6774 126.01 126.01 2 3 3
41.6774 126.06 126.06 2 3 3
41.6774 126.11 126.11 2 3 3
41.6774 126.16 126.16 2 3 3
41.6774 126.21 126.21 2 3 3
41.6774 126.26 126.26 2 3 3
41.6774 126.31 126.31 2 3 3
41.6774 126.36 126.36 2 3 3
41.6774 126.41 126.41 2 3 3
41.6774 126.46 126.46 2 3 3
41.6774 126.51 126.51 2 3 3
41.6774 126.56 126.56 2 3 3
41.6774 126.61 126.61 2 3 3
41.6774 126.66 126.66 2 3 3
41.6774 126.71 126.71 2 3 3
41.6774 126.76 126.76 2 3 3
41.6774 126.81 126.81 2 3 3
41.6774 126.86 126.86 2 3 3
41.6774 126.91 126.91 2 3 3
41.6774 126.96 126.96 2 3 3
41.6774 127.01 127.01 2 3 3
41.6774 127.06 127.06 2 3 3
41.6774 127.11 127.11 2 3 3
41.6774 127.16 127.16 2 3 3
41.6774 127.21 127.21 2 3 3
41.6774 127.26 127.26 2 3 3
41.6774 127.31 127.31 2 3 3
41.6774 127.36 127.36 2 3 3
41.6774 127.41 127.41 2 3 3
41.6774 127.46 127.46 2 3 3
41.6774 127.51 127.51 2 3 3
41.6774 127.56 127.56 2 3 3
41.6774 127.61 127.61 2 3 3
41.6774 127.66 127.66 2 3 3
41.6774 127.71 127.71 2 3 3
41.6774 127.76 127.76 2 3 3
41.6774 127.81 127.81 2 3 3
41.6774 127.86 127.86 2 3 3
41.6774 127.91 127.91 2 3 3
41.6774 127.96 127.96 2 3 3
41.6774 128.01 128.01 2 3 3
41.6774 128.06 128.06 2 3 3
41.6774 128.11 128.11 2 3 3
41.6774 128.16 128.16 2 3 3
41.6774 128.21 128.21 2 3 3
41.6774 128.26 128.26 2 3 3
41.6774 128.31 128.31 2 3 3
41.6774 128.36 128.36 2 3 3
41.6774 128.41 128.41 2 3 3
41.6774 128.46 128.46 2 3 3
41.6774 128.51 128.51 2 3 3
41.6774 128.56 128.56 2 3 3
41.6774 128.61 128.61 2 3 3
41.6774 128.66 128.66 2 3 3
41.6774 128.71 128.71 2 3 3
41.6774 128.76 128.76 2 3 3
41.6774 128.81 128.81 2 3 3
41.6774 128.86 128.86 2 3 3
41.6774 128.91 128.91 2 3 3
41.6774 128.96 128.96 2 3 3
41.6774 129.01 129.01 2 3 3
41.6774 129.06 129.06 2 3 3
41.6774 129.11 129.11 2 3 3
41.6774 129.16 129.16 2 3 3
41.6774 129.21 129.21 2 3 3
41.6774 129.26 129.26 2 3 3
41.6774 129.31 129.31 2 3 3
41.6774 129.36 129.36 2 3 3
41.6774 129.41 129.41 2 3 3
41.6774 129.46 129.46 2 3 3
41.6774 129.51 129.51 2 3 3
41.6774 129.56 129.56 2 3 3
41.6774 129.61 129.61 2 3 3
41.6774 129.66 129.66 2 3 3
41.6774 129.71 129.71 2 3 3
41.6774 129.76 129.76 2 3 3
41.6774 129.81 129.81 2 3 3
41.6774 129.86 129.86 2 3 3
41.6774 129.91 129.91 2 3 3
41.6774 129.96 129.96 2 3 3
41.6774 130.01 130.01 2 3 3
41.6774 130.06 130.06 2 3 3
41.6774 130.11 130.11 2 3 3
41.6774 130.16 130.16 2 3 3
41.6774 130.21 130.21 2 3 3
41.6774 130.26 130.26 2 3 3
41.6774 130.31 130.31 2 3 3
41.6774 130.36 130.36 2 3 3
41.6774 130.41 130.41 2 3 3
41.6774 130.46 130.46 2 3 3
41.6774 130.51 130.51 2 3 3
41.6774 130.56 130.56 2 3 3
41.6774 130.61 130.61 2 3 3
41.6774 130.66 130.66 2 3 3
41.6774 130.71 130.71 2 3 3
41.6774 130.76 130.76 2 3 3
41.6774 130.81 130.81 2 3 3
41.6774 130.86 130.86 2 3 3
41.6774 130.91 130.91 2 3 3
41.6774 130.96 130.96 2 3 3
41.6774 131.01 131.01 2 3 3
41.6774 131.06 131.06 2 3 3
41.6774 131.11 131.11 2 3 3
41.6774 131.16 131.16 2 3 3
41.6774 131.21 131.21 2 3 3
41.6774 131.26 131.26 2 3 3
41.6774 131.31 131.31 2 3 3
41.6774 131.36 131.36 2 3 3
41.6774 131.41 131.41 2 3 3
41.6774 131.46 131.46 2 3 3
41.6774 131.51 131.51 2 3 3
41.6774 131.56 131.56 2 3 3
41.6774 131.61 131.61 2 3 3
41.6774 131.66 131.66 2 3 3
41.6774 131.71 131.71 2 3 3
41.6774 131.76 131.76 2 3 3
41.6774 131.81 131.81 2 3 3
41.6774 131.86 131.86 2 3 3
41.6774 131.91 131.91 2 3 3
41.6774 131.96 131.96 2 3 3
41.6774 132.01 132.01 2 3 3
41.6774 132.06 132.06 2 3 3
41.6774 132.11 132.11 2 3 3
41.6774 132.16 132.16 2 3 3
41.6774 132.21 132.21 2 3 3
41.6774 132.26 132.26 2 3 3
41.6774 132.31 132.31 2 3 3
41.6774 132.36 132.36 2 3 3
41.6774 132.41 132.41 2 3 3
41.6774 132.46 132.46 2 3 3
41.6774 132.51 132.51 2 3 3
41.6774 132.56 132.56 2 3 3
41.6774 132.61 132.61 2 3 3
41.6774 132.66 132.66 2 3 3
41.6774 132.71 132.71 2 3 3
41.6774 132.76 132.76 2 3 3
41.6774 132.81 132.81 2 3 3
41.6774 132.86 132.86 2 3 3
41.6774 132.91 132.91 2 3 3
41.6774 132.96 132.96 2 3 3
41.6774 133.01 133.01 2 3 3
41.6774 133.06 133.06 2 3 3
41.6774 133.11 133.11 2 3 3
41.6774 133.16 133.16 2 3 3
41.6774 133.21 133.21 2 3 3
41.6774 133.26 133.26 2 3 3
41.6774 133.31 133.31 2 3 3
41.6774 133.36 133.36 2 3 3
41.6774 133.41 133.41 2 3 3
41.6774 133.46 133.46 2 3 3
41.6774 133.51 133.51 2 3 3
41.6774 133.56 133.56 2 3 3
41.6774 133.61 133.61 2 3 3
41.6774 133.66 133.66 2 3 3
41.6774 133.71 133.71 2 3 3
41.6774 133.76 133.76 2 3 3
41.6774 133.81 133.81 2 3 3
41.6774 133.86 133.86 2 3 3
41.6774 133.91 133.91 2 3 3
41.6774 133.96 133.96 2 3 3
41.6774 134.01 134.01 2 3 3
41.6774 134.06 134.06 2 3 3
41.6774 134.11 134.11 2 3 3
41.6774 134.16 134.16 2 3 3
41.6774 134.21 134.21 2 3 3
41.6774 134.26 134.26 2 3 3
41.6774 134.31 134.31 2 3 3
41.6774 134.36 134.36 2 3 3
41.6774 134.41 134.41 2 3 3
41.6774 134.46 134.46 2 3 3
41.6774 134.51 134.51 2 3 3
41.6774 134.56 134.56 2 3 3
41.6774 134.61 134.61 2 3 3
41.6774 134.66 134.66 2 3 3
41.6774 134.71 134.71 2 3 3
41.6774 134.76 134.76 2 3 3
41.6774 134.81 134.81 2 3 3
41.6774 134.86 134.86 2 3 3
41.6774 134.91 134.91 2 3 3
41.6774 134.96 134.96 2 3 3
41.6774 135.01 135.01 2 3 3
41.6774 135.06 135.06 2 3 3
41.6774 135.11 135.11 2 3 3
41.6774 135.16 135.16 2 3 3
41.6774 135.21 135.21 2 3 3
41.6774 135.26 135.26 2 3 3
41.6774 135.31 135.31 2 3 3
41.6774 135.36 135.36 2 3 3
41.6774 135.41 135.41 2 3 3
41.6774 135.46 135.46 2 3 3
41.6774 135.51 135.51 2 3 3
41.6774 135.56 135.56 2 3 3
41.6774 135.61 135.61 2 3 3
41.6774 135.66 135.66 2 3 3
41.6774 135.71 135.71 2 3 3
41.6774 135.76 135.76 2 3 3
41.6774 135.81 135.81 2 3 3
41.6774 135.86 135.86 2 3 3
41.6774 135.91 135.91 2 3 3
41.6774 135.96 135.96 2 3 3
41.6774 136.01 136.01 2 3 3
41.6774 136.06 136.06 2 3 3
41.6774 136.11 136.11 2 3 3
41.6774 136.16 136.16 2 3 3
41.6774 136.21 136.21 2 3 3
41.6774 136.26 136.26 2 3 3
41.6774 136.31 136.31 2 3 3
41.6774 136.36 136.36 2 3 3
41.6774 136.41 136.41 2 3 3
41.6774 136.46 136.46 2 3 3
41.6774 136.51 136.51 2 3 3
41.6774 136.56 136.56 2 3 3
41.6774 136.61 136.61 2 3 3
41.6774 136.66 136.66 2 3 3
41.6774 136.71 136.71 2 3 3
41.6774 136.76 136.76 2 3 3
41.6774 136.81 136.81 2 3 3
41.6774 136.86 136.86 2 3 3
41.6774 136.91 136.91 2 3 3
41.6774 136.96 136.96 2 3 3
41.6774 137.01 137.01 2 3 3
41.6774 137.06 137.06 2 3 3
41.6774 137.11 137.11 2 3 3
41.6774 137.16 137.16 2 3 3
41.6774 137.21 137.21 2 3 3
41.6774 137.26 137.26 2 3 3
41.6774 137.31 137.31 2 3 3
41.6774 137.36 137.36 2 3 3
41.6774 137.41 137.41 2 3 3
41.6774 137.46 137.46 2 3 3
41.6774 137.51 137.51 2 3 3
41.6774 137.56 137.56 2 3 3
41.6774 137.61 137.61 2 3 3
41.6774 137.66 137.66 2 3 3
41.6774 137.71 137.71 2 3 3
41.6774 137.76 137.76 2 3 3
41.6774 137.81 137.81 2 3 3
41.6774 137.86 137.86 2 3 3
41.6774 137.91 137.91 2 3 3
41.6774 137.96 137.96 2 3 3
41.6774 138.01 138.01 2 3 3
41.6774 138.06 138.06 2 3 3
41.6774 138.11 138.11 2 3 3
41.6774 138.16 138.16 2 3 3
41.6774 138.21 138.21 2 3 3
41.6774 138.26 138.26 2 3 3
41.6774 138.31 138.31 2 3 3
41.6774 138.36 138.36 2 3 3
41.6774 138.41 138.41 2 3 3
41.6774 138.46 138.46 2 3 3
41.6774 138.51 138.51 2 3 3
41.6774 138.56 138.56 2 3 3
41.6774 138.61 138.61 2 3 3
41.6774 138.66 138.66 2 3 3
41.6774 138.71 138.71 2 3 3
41.6774 138.76 138.76 2 3 3
41.6774 138.81 138.81 2 3 3
41.6774 138.86 138.86 2 3 3
41.6774 138.91 138.91 2 3 3
41.6774 138.96 138.96 2 3 3
41.6774 139.01 139.01 2 3 3
41.6774 139.06 139.06 2 3 3
41.6774 139.11 139.11 2 3 3
41.6774 139.16 139.16 2 3 3
41.6774 139.21 139.21 2 3 3
41.6774 139.26 139.26 2 3 3
41.6774 139.31 139.31 2 3 3
41.6774 139.36 139.36 2 3 3
41.6774 139.41 139.41 2 3 3
41.6774 139.46 139.46 2 3 3
41.6774 139.51 139.51 2 3 3
41.6774 139.56 139.56 2 3 3
41.6774 139.61 139.61 2 3 3
41.6774 139.66 139.66 2 3 3
41.6774 139.71 139.71 2 3 3
41.6774 139.76 139.76 2 3 3
41.6774 139.81 139.81 2 3 3
41.6774 139.86 139.86 2 3 3
41.6774 139.91 139.91 2 3 3
41.6774 139.96 139.96 2 3 3
41.6774 140.01 140.01 2 3 3
41.6774 140.06 140.06 2 3 3
41.6774 140.11 140.11 2 3 3
41.6774 140.16 140.16 2 3 3
41.6774 140.21 140.21 2 3 3
41.6774 140.26 140.26 2 3 3
41.6774 140.31 140.31 2 3 3
41.6774 140.36 140.36 2 3 3
41.6774 140.41 140.41 2 3 3
41.6774 140.46 140.46 2 3 3
41.6774 140.51 140.51 2 3 3
41.6774 140.56 140.56 2 3 3
41.6774 140.61 140.61 2 3 3
41.6774 140.66 140.66 2 3 3
41.6774 140.71 140.71 2 3 3
41.6774 140.76 140.76 2 3 3
41.6774 140.81 140.81 2 3 3
41.6774 140.86 140.86 2 3 3
41.6774 140.91 140.91 2 3 3
41.6774 140.96 140.96 2 3 3
41.6774 141.01 141.01 2 3 3
41.6774 141.06 141.06 2 3 3
41.6774 141.11 141.11 2 3 3
41.6774 141.16 141.16 2 3 3
41.6774 141.21 141.21 2 3 3
41.6774 141.26 141.26 2 3 3
41.6774 141.31 141.31 2 3 3
41.6774 141.36 141.36 2 3 3
41.6774 141.41 141.41 2 3 3
41.6774 141.46 141.46 2 3 3
41.6774 141.51 141.51 2 3 3
41.6774 141.56 141.56 2 3 3
41.6774 141.61 141.61 2 3 3
41.6774 141.66 141.66 2 3 3
41.6774 141.71 141.71 2 3 3
41.6774 141.76 141.76 2 3 3
41.6774 141.81 141.81 2 3 3
41.6774 141.86 141.86 2 3 3
41.6774 141.91 141.91 2 3 3
41.6774 141.96 141.96 2 3 3
41.6774 142.01 142.01 2 3 3
41.6774 142.06 142.06 2 3 3
41.6774 142.11 142.11 2 3 3
41.6774 142.16 142.16 2 3 3
41.6774 142.21 142.21 2 3 3
41.6774 142.26 142.26 2 3 3
41.6774 142.31 142.31 2 3 3
41.6774 142.36 142.36 2 3 3
41.6774 142.41 142.41 2 3 3
41.6774 142.46 142.46 2 3 3
41.6774 142.51 142.51 2 3 3
41.6774 142.56 142.56 2 3 3
41.6774 142.61 142.61 2 3 3
41.6774 142.66 142.66 2 3 3
41.6774 142.71 142.71 2 3 3
41.6774 142.76 142.76 2 3 3
41.6774 142.81 142.81 2 3 3
41.6774 142.86 142.86 2 3 3
41.6774 142.91 142.91 2 3 3
41.6774 142.96 142.96 2 3 3
41.6774 143.01 143.01 2 3 3
41.6774 143.06 143.06 2 3 3
41.6774 143.11 143.11 2 3 3
41.6774 143.16 143.16 2 3 3
41.6774 143.21 143.21 2 3 3
41.6774 143.26 143.26 2 3 3
41.6774 143.31 143.31 2 3 3
41.6774 143.36 143.36 2 3 3
41.6774 143.41 143.41 2 3 3
41.6774 143.46 143.46 2 3 3
41.6774 143.51 143.51 2 3 3
41.6774 143.56 143.56 2 3 3
41.6774 143.61 143.61 2 3 3
41.6774 143.66 143.66 2 3 3
41.6774 143.71 143.71 2 3 3
41.6774 143.76 143.76 2 3 3
41.6774 143.81 143.81 2 3 3
41.6774 143.86 143.86 2 3 3
41.6774 143.91 143.91 2 3 3
41.6774 143.96 143.96 2 3 3
41.6774 144.01 144.01 2 3 3
41.6774 144.06 144.06 2 3 3
41.6774 144.11 144.11 2 3 3
41.6774 144.16 144.16 2 3 3
41.6774 144.21 144.21 2 3 3
41.6774 144.26 144.26 2 3 3
41.6774 144.31 144.31 2 3 3
41.6774 144.36 144.36 2 3 3
41.6774 144.41 144.41 2 3 3
41.6774 144.46 144.46 2 3 3
41.6774 144.51 144.51 2 3 3
41.6774 144.56 144.56 2 3 3
41.6774 144.61 144.61 2 3 3
41.6774 144.66 144.66 2 3 3
41.6774 144.71 144.71 2 3 3
41.6774 144.76 144.76 2 3 3
41.6774 144.81 144.81 2 3 3
41.6774 144.86 144.86 2 3 3
41.6774 144.91 144.91 2 3 3
41.6774 144.96 144.96 2 3 3
41.6774 145.01 145.01 2 3 3
41.6774 145.06 145.06 2 3 3
41.6774 145.11 145.11 2 3 3
41.6774 145.16 145.16 2 3 3
41.6774 145.21 145.21 2 3 3
41.6774 145.26 145.26 2 3 3
41.6774 145.31 145.31 2 3 3
41.6774 145.36 145.36 2 3 3
41.6774 145.41 145.41 2 3 3
41.6774 145.46 145.46 2 3 3
41.6774 145.51 145.51 2 3 3
41.6774 145.56 145.56 2 3 3
41.6774 145.61 145.61 2 3 3
41.6774 145.66 145.66 2 3 3
41.6774 145.71 145.71 2 3 3
41.6774 145.76 145.76 2 3 3
41.6774 145.81 145.81 2 3 3
41.6774 145.86 145.86 2 3 3
41.6774 145.91 145.91 2 3 3
41.6774 145.96 145.96 2 3 3
41.6774 146.01 146.01 2 3 3
41.6774 146.06 146.06 2 3 3
41.6774 146.11 146.11 2 3 3
41.6774 146.16 146.16 2 3 3
41.6774 146.21 146.21 2 3 3
41.6774 146.26 146.26 2 3 3
41.6774 146.31 146.31 2 3 3
41.6774 146.36 146.36 2 3 3
41.6774 146.41 146.41 2 3 3
41.6774 146.46 146.46 2 3 3
41.6774 146.51 146.51 2 3 3
41.6774 146.56 146.56 2 3 3
41.6774 146.61 146.61 2 3 3
41.6774 146.66 146.66 2 3 3
41.6774 146.71 146.71 2 3 3
41.6774 146.76 146.76 2 3 3
41.6774 146.81 146.81 2 3 3
41.6774 146.86 146.86 2 3 3
41.6774 146.91 146.91 2 3 3
41.6774 146.96 146.96 2 3 3
41.6774 147.01 147.01 2 3 3
41.6774 147.06 147.06 2 3 3
41.6774 147.11 147.11 2 3 3
41.6774 147.16 147.16 2 3 3
41.6774 147.21 147.21 2 3 3
41.6774 147.26 147.26 2 3 3
41.6774 147.31 147.31 2 3 3
41.6774 147.36 147.36 2 3 3
41.6774 147.41 147.41 2 3 3
41.6774 147.46 147.46 2 3 3
41.6774 147.51 147.51 2 3 3
41.6774 147.56 147.56 2 3 3
41.6774 147.61 147.61 2 3 3
41.6774 147.66 147.66 2 3 3
41.6774 147.71 147.71 2 3 3
41.6774 147.76 147.76 2 3 3
41.6774 147.81 147.81 2 3 3
41.6774 147.86 147.86 2 3 3
41.6774 147.91 147.91 2 3 3
41.6774 147.96 147.96 2 3 3
41.6774 148.01 148.01 2 3 3
41.6774 148.06 148.06 2 3 3
41.6774 148.11 148.11 2 3 3
41.6774 148.16 148.16 2 3 3
41.6774 148.21 148.21 2 3 3
41.6774 148.26 148.26 2 3 3
41.6774 148.31 148.31 2 3 3
41.6774 148.36 148.36 2 3 3
41.6774 148.41 148.41 2 3 3
41.6774 148.46 148.46 2 3 3
41.6774 148.51 148.51 2 3 3
41.6774 148.56 148.56 2 3 3
41.6774 148.61 148.61 2 3 3
41.6774 148.66 148.66 2 3 3
41.6774 148.71 148.71 2 3 3
41.6774 148.76 148.76 2 3 3
41.6774 148.81 148.81 2 3 3
41.6774 148.86 148.86 2 3 3
41.6774 148.91 148.91 2 3 3
41.6774 148.96 148.96 2 3 3
41.6774 149.01 149.01 2 3 3
41.6774 149.06 149.06 2 3 3
41.6774 149.11 149.11 2 3 3
41.6774 149.16 149.16 2 3 3
41.6774 149.21 149.21 2 3 3
41.6774 149.26 149.26 2 3 3
41.6774 149.31 149.31 2 3 3
41.6774 149.36 149.36 2 3 3
41.6774 149.41 149.41 2 3 3
41.6774 149.46 149.46 2 3 3
41.6774 149.51 149.51 2 3 3
41.6774 149.56 149.56 2 3 3
41.6774 149.61 149.61 2 3 3
41.6774 149.66 149.66 2 3 3
41.6774 149.71 149.71 2 3 3
41.6774 149.76 149.76 2 3 3
41.6774 149.81 149.81 2 3 3
41.6774 149.86 149.86 2 3 3
41.6774 149.91 149.91 2 3 3
41.6774 149.96 149.96 2 3 3
41.6774 150.01 150.01 2 3 3
41.6774 150.06 150.06 2 3 3
41.6774 150.11 150.11 2 3 3
41.6774 150.16 150.16 2 3 3
41.6774 150.21 150.21 2 3 3
41.6774 150.26 150.26 2 3 3
41.6774 150.31 150.31 2 3 3
41.6774 150.36 150.36 2 3 3
41.6774 150.41 150.41 2 3 3
41.6774 150.46 150.46 2 3 3
41.6774 150.51 150.51 2 3 3
41.6774 150.56 150.56 2 3 3
41.6774 150.61 150.61 2 3 3
41.6774 150.66 150.66 2 3 3
41.6774 150.71 150.71 2 3 3
41.6774 150.76 150.76 2 3 3
41.6774 150.81 150.81 2 3 3
41.6774 150.86 150.86 2 3 3
41.6774 150.91 150.91 2 3 3
41.6774 150.96 150.96 2 3 3
41.6774 151.01 151.01 2 3 3
41.6774 151.06 151.06 2 3 3
41.6774 151.11 151.11 2 3 3
41.6774 151.16 151.16 2 3 3
41.6774 151.21 151.21 2 3 3
41.6774 151.26 151.26 2 3 3
41.6774 151.31 151.31 2 3 3
41.6774 151.36 151.36 2 3 3
41.6774 151.41 151.41 2 3 3
41.6774 151.46 151.46 2 3 3
41.6774 151.51 151.51 2 3 3
41.6774 151.56 151.56 2 3 3
41.6774 151.61 151.61 2 3 3
41.6774 151.66 151.66 2 3 3
41.6774 151.71 151.71 2 3 3
41.6774 151.76 151.76 2 3 3
41.6774 151.81 151.81 2 3 3
41.6774 151.86 151.86 2 3 3
41.6774 151.91 151.91 2 3 3
41.6774 151.96 151.96 2 3 3
41.6774 152.01 152.01 2 3 3
41.6774 152.06 152.06 2 3 3
41.6774 152.11 152.11 2 3 3
41.6774 152.16 152.16 2 3 3
41.6774 152.21 152.21 2 3 3
41.6774 152.26 152.26 2 3 3
41.6774 152.31 152.31 2 3 3
41.6774 152.36 152.36 2 3 3
41.6774 152.41 152.41 2 3 3
41.6774 152.46 152.46 2 3 3
41.6774 152.51 152.51 2 3 3
41.6774 152.56 152.56 2 3 3
41.6774 152.61 152.61 2 3 3
41.6774 152.66 152.66 2 3 3
41.6774 152.71 152.71 2 3 3
41.6774 152.76 152.76 2 3 3
41.6774 152.81 152.81 2 3 3
41.6774 152.86 152.86 2 3 3
41.6774 152.91 152.91 2 3 3
41.6774 152.96 152.96 2 3 3
41.6774 153.01 153.01 2 3 3
41.6774 153.06 153.06 2 3 3
41.6774 153.11 153.11 2 3 3
41.6774 153.16 153.16 2 3 3
41.6774 153.21 153.21 2 3 3
41.6774 153.26 153.26 2 3 3
41.6774 153.31 153.31 2 3 3
41.6774 153.36 153.36 2 3 3
41.6774 153.41 153.41 2 3 3
41.6774 153.46 153.46 2 3 3
41.6774 153.51 153.51 2 3 3
41.6774 153.56 153.56 2 3 3
41.6774 153.61 153.61 2 3 3
41.6774 153.66 153.66 2 3 3
41.6774 153.71 153.71 2 3 3
41.6774 153.76 153.76 2 3 3
41.6774 153.81 153.81 2 3 3
41.6774 153.86 153.86 2 3 3
41.6774 153.91 153.91 2 3 3
41.6774 153.96 153.96 2 3 3
41.6774 154.01 154.01 2 3 3
41.6774 154.06 154.06 2 3 3
41.6774 154.11 154.11 2 3 3
41.6774 154.16 154.16 2 3 3
41.6774 154.21 154.21 2 3 3
41.6774 154.26 154.26 2 3 3
41.6774 154.31 154.31 2 3 3
41.6774 154.36 154.36 2 3 3
41.6774 154.41 154.41 2 3 3
41.6774 154.46 154.46 2 3 3
41.6774 154.51 154.51 2 3 3
41.6774 154.56 154.56 2 3 3
41.6774 154.61 154.61 2 3 3
41.6774 154.66 154.66 2 3 3
41.6774 154.71 154.71 2 3 3
41.6774 154.76 154.76 2 3 3
41.6774 154.81 154.81 2 3 3
41.6774 154.86 154.86 2 3 3
41.6774 154.91 154.91 2 3 3
41.6774 154.96 154.96 2 3 3
41.6774 155.01 155.01 2 3 3
41.6774 155.06 155.06 2 3 3
41.6774 155.11 155.11 2 3 3
41.6774 155.16 155.16 2 3 3
41.6774 155.21 155.21 2 3 3
41.6774 155.26 155.26 2 3 3
41.6774 155.31 155.31 2 3 3
41.6774 155.36 155.36 2 3 3
41.6774 155.41 155.41 2 3 3
41.6774 155.46 155.46 2 3 3
41.6774 155.51 155.51 2 3 3
41.6774 155.56 155.56 2 3 3
41.6774 155.61 155.61 2 3 3
41.6774 155.66 155.66 2 3 3
41.6774 155.71 155.71 2 3 3
41.6774 155.76 155.76 2 3 3
41.6774 155.81 155.81 2 3 3
41.6774 155.86 155.86 2 3 3
41.6774 155.91 155.91 2 3 3
41.6774 155.96 155.96 2 3 3
41.6774 156.01 156.01 2 3 3
41.6774 156.06 156.06 2 3 3
41.6774 156.11 156.11 2 3 3
41.6774 156.16 156.16 2 3 3
41.6774 156.21 156.21 2 3 3
41.6774 156.26 156.26 2 3 3
41.6774 156.31 156.31 2 3 3
41.6774 156.36 156.36 2 3 3
41.6774 156.41 156.41 2 3 3
41.6774 156.46 156.46 2 3 3
41.6774 156.51 156.51 2 3 3
41.6774 156.56 156.56 2 3 3
41.6774 156.61 156.61 2 3 3
41.6774 156.66 156.66 2 3 3
41.6774 156.71 156.71 2 3 3
41.6774 156.76 156.76 2 3 3
41.6774 156.81 156.81 2 3 3
41.6774 156.86 156.86 2 3 3
41.6774 156.91 156.91 2 3 3
41.6774 156.96 156.96 2 3 3
41.6774 157.01 157.01 2 3 3
41.6774 157.06 157.06 2 3 3
41.6774 157.11 157.11 2 3 3
41.6774 157.16 157.16 2 3 3
41.6774 157.21 157.21 2 3 3
41.6774 157.26 157.26 2 3 3
41.6774 157.31 157.31 2 3 3
41.6774 157.36 157.36 2 3 3
41.6774 157.41 157.41 2 3 3
41.6774 157.46 157.46 2 3 3
41.6774 157.51 157.51 2 3 3
41.6774 157.56 157.56 2 3 3
41.6774 157.61 157.61 2 3 3
41.6774 157.66 157.66 2 3 3
41.6774 157.71 157.71 2 3 3
41.6774 157.76 157.76 2 3 3
41.6774 157.81 157.81 2 3 3
41.6774 157.86 157.86 2 3 3
41.6774 157.91 157.91 2 3 3
41.6774 157.96 157.96 2 3 3
41.6774 158.01 158.01 2 3 3
41.6774 158.06 158.06 2 3 3
41.6774 158.11 158.11 2 3 3
41.6774 158.16 158.16 2 3 3
41.6774 158.21 158.21 2 3 3
41.6774 158.26 158.26 2 3 3
41.6774 158.31 158.31 2 3 3
41.6774 158.36 158.36 2 3 3
41.6774 158.41 158.41 2 3 3
41.6774 158.46 158.46 2 3 3
41.6774 158.51 158.51 2 3 3
41.6774 158.56 158.56 2 3 3
41.6774 158.61 158.61 2 3 3
41.6774 158.66 158.66 2 3 3
41.6774 158.71 158.71 2 3 3
41.6774 158.76 158.76 2 3 3
41.6774 158.81 158.81 2 3 3
41.6774 158.86 158.86 2 3 3
41.6774 158.91 158.91 2 3 3
41.6774 158.96 158.96 2 3 3
41.6774 159.01 159.01 2 3 3
41.6774 159.06 159.06 2 3 3
41.6774 159.11 159.11 2 3 3
41.6774 159.16 159.16 2 3 3
41.6774 159.21 159.21 2 3 3
41.6774 159.26 159.26 2 3 3
41.6774 159.31 159.31 2 3 3
41.6774 159.36 159.36 2 3 3
41.6774 159.41 159.41 2 3 3
41.6774 159.46 159.46 2 3 3
41.6774 159.51 159.51 2 3 3
41.6774 159.56 159.56 2 3 3
41.6774 159.61 159.61 2 3 3
41.6774 159.66 159.66 2 3 3
41.6774 159.71 159.71 2 3 3
41.6774 159.76 159.76 2 3 3
41.6774 159.81 159.81 2 3 3
41.6774 159.86 159.86 2 3 3
41.6774 159.91 159.91 2 3 3
41.6774 159.96 159.96 2 3 3
41.6774 160.01 160.01 2 3 3
41.6774 160.06 160.06 2 3 3
41.6774 160.11 160.11 2 3 3
41.6774 160.16 160.16 2 3 3
41.6774 160.21 160.21 2 3 3
41.6774 160.26 160.26 2 3 3
41.6774 160.31 160.31 2 3 3
41.6774 160.36 160.36 2 3 3
41.6774 160.41 160.41 2 3 3
41.6774 160.46 160.46 2 3 3
41.6774 160.51 160.51 2 3 3
41.6774 160.56 160.56 2 3 3
41.6774 160.61 160.61 2 3 3
41.6774 160.66 160.66 2 3 3
41.6774 160.71 160.71 2 3 3
41.6774 160.76 160.76 2 3 3
41.6774 160.81 160.81 2 3 3
41.6774 160.86 160.86 2 3 3
41.6774 160.91 160.91 2 3 3
41.6774 160.96 160.96 2 3 3
41.6774 161.01 161.01 2 3 3
41.6774 161.06 161.06 2 3 3
41.6774 161.11 161.11 2 3 3
41.6774 161.16 161.16 2 3 3
41.6774 161.21 161.21 2 3 3
41.6774 161.26 161.26 2 3 3
41.6774 161.31 161.31 2 3 3
41.6774 161.36 161.36 2 3 3
41.6774 161.41 161.41 2 3 3
41.6774 161.46 161.46 2 3 3
41.6774 161.51 161.51 2 3 3
41.6774 161.56 161.56 2 3 3
41.6774 161.61 161.61 2 3 3
41.6774 161.66 161.66 2 3 3
41.6774 161.71 161.71 2 3 3
41.6774 161.76 161.76 2 3 3
41.6774 161.81 161.81 2 3 3
41.6774 161.86 161.86 2 3 3
41.6774 161.91 161.91 2 3 3
41.6774 161.96 161.96 2 3 3
41.6774 162.01 162.01 2 3 3
41.6774 162.06 162.06 2 3 3
41.6774 162.11 162.11 2 3 3
41.6774 162.16 162.16 2 3 3
41.6774 162.21 162.21 2 3 3
41.6774 162.26 162.26 2 3 3
41.6774 162.31 162.31 2 3 3
41.6774 162.36 162.36 2 3 3
41.6774 162.41 162.41 2 3 3
41.6774 162.46 162.46 2 3 3
41.6774 162.51 162.51 2 3 3
41.6774 162.56 162.56 2 3 3
41.6774 162.61 162.61 2 3 3
41.6774 162.66 162.66 2 3 3
41.6774 162.71 162.71 2 3 3
41.6774 162.76 162.76 2 3 3
41.6774 162.81 162.81 2 3 3
41.6774 162.86 162.86 2 3 3
41.6774 162.91 162.91 2 3 3
41.6774 162.96 162.96 2 3 3
41.6774 163.01 163.01 2 3 3
41.6774 163.06 163.06 2 3 3
41.6774 163.11 163.11 2 3 3
41.6774 163.16 163.16 2 3 3
41.6774 163.21 163.21 2 3 3
41.6774 163.26 163.26 2 3 3
41.6774 163.31 163.31 2 3 3
41.6774 163.36 163.36 2 3 3
41.6774 163.41 163.41 2 3 3
41.6774 163.46 163.46 2 3 3
41.6774 163.51 163.51 2 3 3
41.6774 163.56 163.56 2 3 3
41.6774 163.61 163.61 2 3 3
41.6774 163.66 163.66 2 3 3
41.6774 163.71 163.71 2 3 3
41.6774 163.76 163.76 2 3 3
41.6774 163.81 163.81 2 3 3
41.6774 163.86 163.86 2 3 3
41.6774 163.91 163.91 2 3 3
41.6774 163.96 163.96 2 3 3
41.6774 164.01 164.01 2 3 3
41.6774 164.06 164.06 2 3 3
41.6774 164.11 164.11 2 3 3
41.6774 164.16 164.16 2 3 3
41.6774 164.21 164.21 2 3 3
41.6774 164.26 164.26 2 3 3
41.6774 164.31 164.31 2 3 3
41.6774 164.36 164.36 2 3 3
41.6774 164.41 164.41 2 3 3
41.6774 164.46 164.46 2 3 3
41.6774 164.51 164.51 2 3 3
41.6774 164.56 164.56 2 3 3
41.6774 164.61 164.61 2 3 3
41.6774 164.66 164.66 2 3 3
41.6774 164.71 164.71 2 3 3
41.6774 164.76 164.76 2 3 3
41.6774 164.81 164.81 2 3 3
41.6774 164.86 164.86 2 3 3
41.6774 164.91 164.91 2 3 3
41.6774 164.96 164.96 2 3 3
41.6774 165.01 165.01 2 3 3
41.6774 165.06 165.06 2 3 3
41.6774 165.11 165.11 2 3 3
41.6774 165.16 165.16 2 3 3
41.6774 165.21 165.21 2 3 3
41.6774 165.26 165.26 2 3 3
41.6774 165.31 165.31 2 3 3
41.6774 165.36 165.36 2 3 3
41.6774 165.41 165.41 2 3 3
41.6774 165.46 165.46 2 3 3
41.6774 165.51 165.51 2 3 3
41.6774 165.56 165.56 2 3 3
41.6774 165.61 165.61 2 3 3
41.6774 165.66 165.66 2 3 3
41.6774 165.71 165.71 2 3 3
41.6774 165.76 165.76 2 3 3
41.6774 165.81 165.81 2 3 3
41.6774 165.86 165.86 2 3 3
41.6774 165.91 165.91 2 3 3
41.6774 165.96 165.96 2 3 3
41.6774 166.01 166.01 2 3 3
41.6774 166.06 166.06 2 3 3
41.6774 166.11 166.11 2 3 3
41.6774 166.16 166.16 2 3 3
41.6774 166.21 166.21 2 3 3
41.6774 166.26 166.26 2 3 3
41.6774 166.31 166.31 2 3 3
41.6774 166.36 166.36 2 3 3
41.6774 166.41 166.41 2 3 3
41.6774 166.46 166.46 2 3 3
41.6774 166.51 166.51 2 3 3
41.6774 166.56 166.56 2 3 3
41.6774 166.61 166.61 2 3 3
41.6774 166.66 166.66 2 3 3
41.6774 166.71 166.71 2 3 3
41.6774 166.76 166.76 2 3 3
41.6774 166.81 166.81 2 3 3
41.6774 166.86 166.86 2 3 3
41.6774 166.91 166.91 2 3 3
41.6774 166.96 166.96 2 3 3
41.6774 167.01 167.01 2 3 3
41.6774 167.06 167.06 2 3 3
41.6774 167.11 167.11 2 3 3
41.6774 167.16 167.16 2 3 3
41.6774 167.21 167.21 2 3 3
41.6774 167.26 167.26 2 3 3
41.6774 167.31 167.31 2 3 3
41.6774 167.36 167.36 2 3 3
41.6774 167.41 167.41 2 3 3
41.6774 167.46 167.46 2 3 3
41.6774 167.51 167.51 2 3 3
41.6774 167.56 167.56 2 3 3
41.6774 167.61 167.61 2 3 3
41.6774 167.66 167.66 2 3 3
41.6774 167.71 167.71 2 3 3
41.6774 167.76 167.76 2 3 3
41.6774 167.81 167.81 2 3 3
41.6774 167.86 167.86 2 3 3
41.6774 167.91 167.91 2 3 3
41.6774 167.96 167.96 2 3 3
41.6774 168.01 168.01 2 3 3
41.6774 168.06 168.06 2 3 3
41.6774 168.11 168.11 2 3 3
41.6774 168.16 168.16 2 3 3
41.6774 168.21 168.21 2 3 3
41.6774 168.26 168.26 2 3 3
41.6774 168.31 168.31 2 3 3
41.6774 168.36 168.36 2 3 3
41.6774 168.41 168.41 2 3 3
41.6774 168.46 168.46 2 3 3
41.6774 168.51 168.51 2 3 3
41.6774 168.56 168.56 2 3 3
41.6774 168.61 168.61 2 3 3
41.6774 168.66 168.66 2 3 3
41.6774 168.71 168.71 2 3 3
41.6774 168.76 168.76 2 3 3
41.6774 168.81 168.81 2 3 3
41.6774 168.86 168.86 2 3 3
41.6774 168.91 168.91 2 3 3
41.6774 168.96 168.96 2 3 3
41.6774 169.01 169.01 2 3 3
41.6774 169.06 169.06 2 3 3
41.6774 169.11 169.11 2 3 3
41.6774 169.16 169.16 2 3 3
41.6774 169.21 169.21 2 3 3
41.6774 169.26 169.26 2 3 3
41.6774 169.31 169.31 2 3 3
41.6774 169.36 169.36 2 3 3
41.6774 169.41 169.41 2 3 3
41.6774 169.46 169.46 2 3 3
41.6774 169.51 169.51 2 3 3
41.6774 169.56 169.56 2 3 3
41.6774 169.61 169.61 2 3 3
41.6774 169.66 169.66 2 3 3
41.6774 169.71 169.71 2 3 3
41.6774 169.76 169.76 2 3 3
41.6774 169.81 169.81 2 3 3
41.6774 169.86 169.86 2 3 3
41.6774 169.91 169.91 2 3 3
41.6774 169.96 169.96 2 3 3
41.6774 170.01 170.01 2 3 3
41.6774 170.06 170.06 2 3 3
41.6774 170.11 170.11 2 3 3
41.6774 170.16 170.16 2 3 3
41.6774 170.21 170.21 2 3 3
41.6774 170.26 170.26 2 3 3
41.6774 170.31 170.31 2 3 3
41.6774 170.36 170.36 2 3 3
41.6774 170.41 170.41 2 3 3
41.6774 170.46 170.46 2 3 3
41.6774 170.51 170.51 2 3 3
41.6774 170.56 170.56 2 3 3
41.6774 170.61 170.61 2 3 3
41.6774 170.66 170.66 2 3 3
41.6774 170.71 170.71 2 3 3
41.6774 170.76 170.76 2 3 3
41.6774 170.81 170.81 2 3 3
41.6774 170.86 170.86 2 3 3
41.6774 170.91 170.91 2 3 3
41.6774 170.96 170.96 2 3 3
41.6774 171.01 171.01 2 3 3
41.6774 171.06 171.06 2 3 3
41.6774 171.11 171.11 2 3 3
41.6774 171.16 171.16 2 3 3
41.6774 171.21 171.21 2 3 3
41.6774 171.26 171.26 2 3 3
41.6774 171.31 171.31 2 3 3
41.6774 171.36 171.36 2 3 3
41.6774 171.41 171.41 2 3 3
41.6774 171.46 171.46 2 3 3
41.6774 171.51 171.51 2 3 3
41.6774 171.56 171.56 2 3 3
41.6774 171.61 171.61 2 3 3
41.6774 171.66 171.66 2 3 3
41.6774 171.71 171.71 2 3 3
41.6774 171.76 171.76 2 3 3
41.6774 171.81 171.81 2 3 3
41.6774 171.86 171.86 2 3 3
41.6774 171.91 171.91 2 3 3
41.6774 171.96 171.96 2 3 3
41.6774 172.01 172.01 2 3 3
41.6774 172.06 172.06 2 3 3
41.6774 172.11 172.11 2 3 3
41.6774 172.16 172.16 2 3 3
41.6774 172.21 172.21 2 3 3
41.6774 172.26 172.26 2 3 3
41.6774 172.31 172.31 2 3 3
41.6774 172.36 172.36 2 3 3
41.6774 172.41 172.41 2 3 3
41.6774 172.46 172.46 2 3 3
41.6774 172.51 172.51 2 3 3
41.6774 172.56 172.56 2 3 3
41.6774 172.61 172.61 2 3 3
41.6774 172.66 172.66 2 3 3
41.6774 172.71 172.71 2 3 3
41.6774 172.76 172.76 2 3 3
41.6774 172.81 172.81 2 3 3
41.6774 172.86 172.86 2 3 3
41.6774 172.91 172.91 2 3 3
41.6774 172.96 172.96 2 3 3
41.6774 173.01 173.01 2 3 3
41.6774 173.06 173.06 2 3 3
41.6774 173.11 173.11 2 3 3
41.6774 173.16 173.16 2 3 3
41.6774 173.21 173.21 2 3 3
41.6774 173.26 173.26 2 3 3
41.6774 173.31 173.31 2 3 3
41.6774 173.36 173.36 2 3 3
41.6774 173.41 173.41 2 3 3
41.6774 173.46 173.46 2 3 3
41.6774 173.51 173.51 2 3 3
41.6774 173.56 173.56 2 3 3
41.6774 173.61 173.61 2 3 3
41.6774 173.66 173.66 2 3 3
41.6774 173.71 173.71 2 3 3
41.6774 173.76 173.76 2 3 3
41.6774 173.81 173.81 2 3 3
41.6774 173.86 173.86 2 3 3
41.6774 173.91 173.91 2 3 3
41.6774 173.96 173.96 2 3 3
41.6774 174.01 174.01 2 3 3
41.6774 174.06 174.06 2 3 3
41.6774 174.11 174.11 2 3 3
41.6774 174.16 174.16 2 3 3
41.6774 174.21 174.21 2 3 3
41.6774 174.26 174.26 2 3 3
41.6774 174.31 174.31 2 3 3
41.6774 174.36 174.36 2 3 3
41.6774 174.41 174.41 2 3 3
41.6774 174.46 174.46 2 3 3
41.6774 174.51 174.51 2 3 3
41.6774 174.56 174.56 2 3 3
41.6774 174.61 174.61 2 3 3
41.6774 174.66 174.66 2 3 3
41.6774 174.71 174.71 2 3 3
41.6774 174.76 174.76 2 3 3
41.6774 174.81 174.81 2 3 3
41.6774 174.86 174.86 2 3 3
41.6774 174.91 174.91 2 3 3
41.6774 174.96 174.96 2 3 3
41.6774 175.01 175.01 2 3 3
41.6774 175.06 175.06 2 3 3
41.6774 175.11 175.11 2 3 3
41.6774 175.16 175.16 2 3 3
41.6774 175.21 175.21 2 3 3
41.6774 175.26 175.26 2 3 3
41.6774 175.31 175.31 2 3 3
41.6774 175.36 175.36 2 3 3
41.6774 175.41 175.41 2 3 3
41.6774 175.46 175.46 2 3 3
41.6774 175.51 175.51 2 3 3
41.6774 175.56 175.56 2 3 3
41.6774 175.61 175.61 2 3 3
41.6774 175.66 175.66 2 3 3
41.6774 175.71 175.71 2 3 3
41.6774 175.76 175.76 2 3 3
41.6774 175.81 175.81 2 3 3
41.6774 175.86 175.86 2 3 3
41.6774 175.91 175.91 2 3 3
41.6774 175.96 175.96 2 3 3
41.6774 176.01 176.01 2 3 3
41.6774 176.06 176.06 2 3 3
41.6774 176.11 176.11 2 3 3
41.6774 176.16 176.16 2 3 3
41.6774 176.21 176.21 2 3 3
41.6774 176.26 176.26 2 3 3
41.6774 176.31 176.31 2 3 3
41.6774 176.36 176.36 2 3 3
41.6774 176.41 176.41 2 3 3
41.6774 176.46 176.46 2 3 3
41.6774 176.51 176.51 2 3 3
41.6774 176.56 176.56 2 3 3
41.6774 176.61 176.61 2 3 3
41.6774 176.66 176.66 2 3 3
41.6774 176.71 176.71 2 3 3
41.6774 176.76 176.76 2 3 3
41.6774 176.81 176.81 2 3 3
41.6774 176.86 176.86 2 3 3
41.6774 176.91 176.91 2 3 3
41.6774 176.96 176.96 2 3 3
41.6774 177.01 177.01 2 3 3
41.6774 177.06 177.06 2 3 3
41.6774 177.11 177.11 2 3 3
41.6774 177.16 177.16 2 3 3
41.6774 177.21 177.21 2 3 3
41.6774 177.26 177.26 2 3 3
41.6774 177.31 177.31 2 3 3
41.6774 177.36 177.36 2 3 3
41.6774 177.41 177.41 2 3 3
41.6774 177.46 177.46 2 3 3
41.6774 177.51 177.51 2 3 3
41.6774 177.56 177.56 2 3 3
41.6774 177.61 177.61 2 3 3
41.6774 177.66 177.66 2 3 3
41.6774 177.71 177.71 2 3 3
41.6774 177.76 177.76 2 3 3
41.6774 177.81 177.81 2 3 3
41.6774 177.86 177.86 2 3 3
41.6774 177.91 177.91 2 3 3
41.6774 177.96 177.96 2 3 3
41.6774 178.01 178.01 2 3 3
41.6774 178.06 178.06 2 3 3
41.6774 178.11 178.11 2 3 3
41.6774 178.16 178.16 2 3 3
41.6774 178.21 178.21 2 3 3
41.6774 178.26 178.26 2 3 3
41.6774 178.31 178.31 2 3 3
41.6774 178.36 178.36 2 3 3
41.6774 178.41 178.41 2 3 3
41.6774 178.46 178.46 2 3 3
41.6774 178.51 178.51 2 3 3
41.6774 178.56 178.56 2 3 3
41.6774 178.61 178.61 2 3 3
41.6774 178.66 178.66 2 3 3
41.6774 178.71 178.71 2 3 3
41.6774 178.76 178.76 2 3 3
41.6774 178.81 178.81 2 3 3
41.6774 178.86 178.86 2 3 3
41.6774 178.91 178.91 2 3 3
41.6774 178.96 178.96 2 3 3
41.6774 179.01 179.01 2 3 3
41.6774 179.06 179.06 2 3 3
41.6774 179.11 179.11 2 3 3
41.6774 179.16 179.16 2 3 3
41.6774 179.21 179.21 2 3 3
41.6774 179.26 179.26 2 3 3
41.6774 179.31 179.31 2 3 3
41.6774 179.36 179.36 2 3 3
41.6774 179.41 179.41 2 3 3
41.6774 179.46 179.46 2 3 3
41.6774 179.51 179.51 2 3 3
41.6774 179.56 179.56 2 3 3
41.6774 179.61 179.61 2 3 3
41.6774 179.66 179.66 2 3 3
41.6774 179.71 179.71 2 3 3
41.6774 179.76 179.76 2 3 3
41.6774 179.81 179.81 2 3 3
41.6774 179.86 179.86 2 3 3
41.6774 179.91 179.91 2 3 3
41.6774 179.96 179.96 2 3 3
41.6774 180.01 180.01 2 3 3
41.6774 180.06 180.06 2 3 3
41.6774 180.11 180.11 2 3 3
41.6774 180.16 180.16 2 3 3
41.6774 180.21 180.21 2 3 3
41.6774 180.26 180.26 2 3 3
41.6774 180.31 180.31 2 3 3
41.6774 180.36 180.36 2 3 3
41.6774 180.41 180.41 2 3 3
41.6774 180.46 180.46 2 3 3
41.6774 180.51 180.51 2 3 3
41.6774 180.56 180.56 2 3 3
41.6774 180.61 180.61 2 3 3
41.6774 180.66 180.66 2 3 3
41.6774 180.71 180.71 2 3 3
41.6774 180.76 180.76 2 3 3
41.6774 180.81 180.81 2 3 3
41.6774 180.86 180.86 2 3 3
41.6774 180.91 180.91 2 3 3
41.6774 180.96 180.96 2 3 3
41.6774 181.01 181.01 2 3 3
41.6774 181.06 181.06 2 3 3
41.6774 181.11 181.11 2 3 3
41.6774 181.16 181.16 2 3 3
41.6774 181.21 181.21 2 3 3
41.6774 181.26 181.26 2 3 3
41.6774 181.31 181.31 2 3 3
41.6774 181.36 181.36 2 3 3
41.6774 181.41 181.41 2 3 3
41.6774 181.46 181.46 2 3 3
41.6774 181.51 181.51 2 3 3
41.6774 181.56 181.56 2 3 3
41.6774 181.61 181.61 2 3 3
41.6774 181.66 181.66 2 3 3
41.6774 181.71 181.71 2 3 3
41.6774 181.76 181.76 2 3 3
41.6774 181.81 181.81 2 3 3
41.6774 181.86 181.86 2 3 3
41.6774 181.91 181.91 2 3 3
41.6774 181.96 181.96 2 3 3
41.6774 182.01 182.01 2 3 3
41.6774 182.06 182.06 2 3 3
41.6774 182.11 182.11 2 3 3
41.6774 182.16 182.16 2 3 3
41.6774 182.21 182.21 2 3 3
41.6774 182.26 182.26 2 3 3
41.6774 182.31 182.31 2 3 3
41.6774 182.36 182.36 2 3 3
41.6774 182.41 182.41 2 3 3
41.6774 182.46 182.46 2 3 3
41.6774 182.51 182.51 2 3 3
41.6774 182.56 182.56 2 3 3
41.6774 182.61 182.61 2 3 3
41.6774 182.66 182.66 2 3 3
41.6774 182.71 182.71 2 3 3
41.6774 182.76 182.76 2 3 3
41.6774 182.81 182.81 2 3 3
41.6774 182.86 182.86 2 3 3
41.6774 182.91 182.91 2 3 3
41.6774 182.96 182.96 2 3 3
41.6774 183.01 183.01 2 3 3
41.6774 183.06 183.06 2 3 3
41.6774 183.11 183.11 2 3 3
41.6774 183.16 183.16 2 3 3
41.6774 183.21 183.21 2 3 3
41.6774 183.26 183.26 2 3 3
41.6774 183.31 183.31 2 3 3
41.6774 183.36 183.36 2 3 3
41.6774 183.41 183.41 2 3 3
41.6774 183.46 183.46 2 3 3
41.6774 183.51 183.51 2 3 3
41.6774 183.56 183.56 2 3 3
41.6774 183.61 183.61 2 3 3
41.6774 183.66 183.66 2 3 3
41.6774 183.71 183.71 2 3 3
41.6774 183.76 183.76 2 3 3
41.6774 183.81 183.81 2 3 3
41.6774 183.86 183.86 2 3 3
41.6774 183.91 183.91 2 3 3
41.6774 183.96 183.96 2 3 3
41.6774 184.01 184.01 2 3 3
41.6774 184.06 184.06 2 3 3
41.6774 184.11 184.11 2 3 3
41.6774 184.16 184.16 2 3 3
41.6774 184.21 184.21 2 3 3
41.6774 184.26 184.26 2 3 3
41.6774 184.31 184.31 2 3 3
41.6774 184.36 184.36 2 3 3
41.6774 184.41 184.41 2 3 3
41.6774 184.46 184.46 2 3 3
41.6774 184.51 184.51 2 3 3
41.6774 184.56 184.56 2 3 3
41.6774 184.61 184.61 2 3 3
41.6774 184.66 184.66 2 3 3
41.6774 184.71 184.71 2 3 3
41.6774 184.76 184.76 2 3 3
41.6774 184.81 184.81 2 3 3
41.6774 184.86 184.86 2 3 3
41.6774 184.91 184.91 2 3 3
41.6774 184.96 184.96 2 3 3
41.6774 185.01 185.01 2 3 3
41.6774 185.06 185.06 2 3 3
41.6774 185.11 185.11 2 3 3
41.6774 185.16 185.16 2 3 3
41.6774 185.21 185.21 2 3 3
41.6774 185.26 185.26 2 3 3
41.6774 185.31 185.31 2 3 3
41.6774 185.36 185.36 2 3 3
41.6774 185.41 185.41 2 3 3
41.6774 185.46 185.46 2 3 3
41.6774 185.51 185.51 2 3 3
41.6774 185.56 185.56 2 3 3
41.6774 185.61 185.61 2 3 3
41.6774 185.66 185.66 2 3 3
41.6774 185.71 185.71 2 3 3
41.6774 185.76 185.76 2 3 3
41.6774 185.81 185.81 2 3 3
41.6774 185.86 185.86 2 3 3
41.6774 185.91 185.91 2 3 3
41.6774 185.96 185.96 2 3 3
41.6774 186.01 186.01 2 3 3
41.6774 186.06 186.06 2 3 3
41.6774 186.11 186.11 2 3 3
41.6774 186.16 186.16 2 3 3
41.6774 186.21 186.21 2 3 3
41.6774 186.26 186.26 2 3 3
41.6774 186.31 186.31 2 3 3
41.6774 186.36 186.36 2 3 3
41.6774 186.41 186.41 2 3 3
41.6774 186.46 186.46 2 3 3
41.6774 186.51 186.51 2 3 3
41.6774 186.56 186.56 2 3 3
41.6774 186.61 186.61 2 3 3
41.6774 186.66 186.66 2 3 3
41.6774 186.71 186.71 2 3 3
41.6774 186.76 186.76 2 3 3
41.6774 186.81 186.81 2 3 3
41.6774 186.86 186.86 2 3 3
41.6774 186.91 186.91 2 3 3
41.6774 186.96 186.96 2 3 3
41.6774 187.01 187.01 2 3 3
41.6774 187.06 187.06 2 3 3
41.6774 187.11 187.11 2 3 3
41.6774 187.16 187.16 2 3 3
41.6774 187.21 187.21 2 3 3
41.6774 187.26 187.26 2 3 3
41.6774 187.31 187.31 2 3 3
41.6774 187.36 187.36 2 3 3
41.6774 187.41 187.41 2 3 3
41.6774 187.46 187.46 2 3 3
41.6774 187.51 187.51 2 3 3
41.6774 187.56 187.56 2 3 3
41.6774 187.61 187.61 2 3 3
41.6774 187.66 187.66 2 3 3
41.6774 187.71 187.71 2 3 3
41.6774 187.76 187.76 2 3 3
41.6774 187.81 187.81 2 3 3
41.6774 187.86 187.86 2 3 3
41.6774 187.91 187.91 2 3 3
41.6774 187.96 187.96 2 3 3
41.6774 188.01 188.01 2 3 3
41.6774 188.06 188.06 2 3 3
41.6774 188.11 188.11 2 3 3
41.6774 188.16 188.16 2 3 3
41.6774 188.21 188.21 2 3 3
41.6774 188.26 188.26 2 3 3
41.6774 188.31 188.31 2 3 3
41.6774 188.36 188.36 2 3 3
41.6774 188.41 188.41 2 3 3
41.6774 188.46 188.46 2 3 3
41.6774 188.51 188.51 2 3 3
41.6774 188.56 188.56 2 3 3
41.6774 188.61 188.61 2 3 3
41.6774 188.66 188.66 2 3 3
41.6774 188.71 188.71 2 3 3
41.6774 188.76 188.76 2 3 3
41.6774 188.81 188.81 2 3 3
41.6774 188.86 188.86 2 3 3
41.6774 188.91 188.91 2 3 3
41.6774 188.96 188.96 2 3 3
41.6774 189.01 189.01 2 3 3
41.6774 189.06 189.06 2 3 3
41.6774 189.11 189.11 2 3 3
41.6774 189.16 189.16 2 3 3
41.6774 189.21 189.21 2 3 3
41.6774 189.26 189.26 2 3 3
41.6774 189.31 189.31 2 3 3
41.6774 189.36 189.36 2 3 3
41.6774 189.41 189.41 2 3 3
41.6774 189.46 189.46 2 3 3
41.6774 189.51 189.51 2 3 3
41.6774 189.56 189.56 2 3 3
41.6774 189.61 189.61 2 3 3
41.6774 189.66 189.66 2 3 3
41.6774 189.71 189.71 2 3 3
41.6774 189.76 189.76 2 3 3
41.6774 189.81 189.81 2 3 3
41.6774 189.86 189.86 2 3 3
41.6774 189.91 189.91 2 3 3
41.6774 189.96 189.96 2 3 3
41.6774 190.01 190.01 2 3 3
41.6774 190.06 190.06 2 3 3
41.6774 190.11 190.11 2 3 3
41.6774 190.16 190.16 2 3 3
41.6774 190.21 190.21 2 3 3
41.6774 190.26 190.26 2 3 3
41.6774 190.31 190.31 2 3 3
41.6774 190.36 190.36 2 3 3
41.6774 190.41 190.41 2 3 3
41.6774 190.46 190.46 2 3 3
41.6774 190.51 190.51 2 3 3
41.6774 190.56 190.56 2 3 3
41.6774 190.61 190.61 2 3 3
41.6774 190.66 190.66 2 3 3
41.6774 190.71 190.71 2 3 3
41.6774 190.76 190.76 2 3 3
41.6774 190.81 190.81 2 3 3
41.6774 190.86 190.86 2 3 3
41.6774 190.91 190.91 2 3 3
41.6774 190.96 190.96 2 3 3
41.6774 191.01 191.01 2 3 3
41.6774 191.06 191.06 2 3 3
41.6774 191.11 191.11 2 3 3
41.6774 191.16 191.16 2 3 3
41.6774 191.21 191.21 2 3 3
41.6774 191.26 191.26 2 3 3
41.6774 191.31 191.31 2 3 3
41.6774 191.36 191.36 2 3 3
41.6774 191.41 191.41 2 3 3
41.6774 191.46 191.46 2 3 3
41.6774 191.51 191.51 2 3 3
41.6774 191.56 191.56 2 3 3
41.6774 191.61 191.61 2 3 3
41.6774 191.66 191.66 2 3 3
41.6774 191.71 191.71 2 3 3
41.6774 191.76 191.76 2 3 3
41.6774 191.81 191.81 2 3 3
41.6774 191.86 191.86 2 3 3
41.6774 191.91 191.91 2 3 3
41.6774 191.96 191.96 2 3 3
41.6774 192.01 192.01 2 3 3
41.6774 192.06 192.06 2 3 3
41.6774 192.11 192.11 2 3 3
41.6774 192.16 192.16 2 3 3
41.6774 192.21 192.21 2 3 3
41.6774 192.26 192.26 2 3 3
41.6774 192.31 192.31 2 3 3
41.6774 192.36 192.36 2 3 3
41.6774 192.41 192.41 2 3 3
41.6774 192.46 192.46 2 3 3
41.6774 192.51 192.51 2 3 3
41.6774 192.56 192.56 2 3 3
41.6774 192.61 192.61 2 3 3
41.6774 192.66 192.66 2 3 3
41.6774 192.71 192.71 2 3 3
41.6774 192.76 192.76 2 3 3
41.6774 192.81 192.81 2 3 3
41.6774 192.86 192.86 2 3 3
41.6774 192.91 192.91 2 3 3
41.6774 192.96 192.96 2 3 3
41.6774 193.01 193.01 2 3 3
41.6774 193.06 193.06 2 3 3
41.6774 193.11 193.11 2 3 3
41.6774 193.16 193.16 2 3 3
41.6774 193.21 193.21 2 3 3
41.6774 193.26 193.26 2 3 3
41.6774 193.31 193.31 2 3 3
41.6774 193.36 193.36 2 3 3
41.6774 193.41 193.41 2 3 3
41.6774 193.46 193.46 2 3 3
41.6774 193.51 193.51 2 3 3
41.6774 193.56 193.56 2 3 3
41.6774 193.61 193.61 2 3 3
41.6774 193.66 193.66 2 3 3
41.6774 193.71 193.71 2 3 3
41.6774 193.76 193.76 2 3 3
41.6774 193.81 193.81 2 3 3
41.6774 193.86 193.86 2 3 3
41.6774 193.91 193.91 2 3 3
41.6774 193.96 193.96 2 3 3
41.6774 194.01 194.01 2 3 3
41.6774 194.06 194.06 2 3 3
41.6774 194.11 194.11 2 3 3
41.6774 194.16 194.16 2 3 3
41.6774 194.21 194.21 2 3 3
41.6774 194.26 194.26 2 3 3
41.6774 194.31 194.31 2 3 3
41.6774 194.36 194.36 2 3 3
41.6774 194.41 194.41 2 3 3
41.6774 194.46 194.46 2 3 3
41.6774 194.51 194.51 2 3 3
41.6774 194.56 194.56 2 3 3
41.6774 194.61 194.61 2 3 3
41.6774 194.66 194.66 2 3 3
41.6774 194.71 194.71 2 3 3
41.6774 194.76 194.76 2 3 3
41.6774 194.81 194.81 2 3 3
41.6774 194.86 194.86 2 3 3
41.6774 194.91 194.91 2 3 3
41.6774 194.96 194.96 2 3 3
41.6774 195.01 195.01 2 3 3
41.6774 195.06 195.06 2 3 3
41.6774 195.11 195.11 2 3 3
41.6774 195.16 195.16 2 3 3
41.6774 195.21 195.21 2 3 3
41.6774 195.26 195.26 2 3 3
41.6774 195.31 195.31 2 3 3
41.6774 195.36 195.36 2 3 3
41.6774 195.41 195.41 2 3 3
41.6774 195.46 195.46 2 3 3
41.6774 195.51 195.51 2 3 3
41.6774 195.56 195.56 2 3 3
41.6774 195.61 195.61 2 3 3
41.6774 195.66 195.66 2 3 3
41.6774 195.71 195.71 2 3 3
41.6774 195.76 195.76 2 3 3
41.6774 195.81 195.81 2 3 3
41.6774 195.86 195.86 2 3 3
41.6774 195.91 195.91 2 3 3
41.6774 195.96 195.96 2 3 3
41.6774 196.01 196.01 2 3 3
41.6774 196.06 196.06 2 3 3
41.6774 196.11 196.11 2 3 3
41.6774 196.16 196.16 2 3 3
41.6774 196.21 196.21 2 3 3
41.6774 196.26 196.26 2 3 3
41.6774 196.31 196.31 2 3 3
41.6774 196.36 196.36 2 3 3
41.6774 196.41 196.41 2 3 3
41.6774 196.46 196.46 2 3 3
41.6774 196.51 196.51 2 3 3
41.6774 196.56 196.56 2 3 3
41.6774 196.61 196.61 2 3 3
41.6774 196.66 196.66 2 3 3
41.6774 196.71 196.71 2 3 3
41.6774 196.76 196.76 2 3 3
41.6774 196.81 196.81 2 3 3
41.6774 196.86 196.86 2 3 3
41.6774 196.91 196.91 2 3 3
41.6774 196.96 196.96 2 3 3
41.6774 197.01 197.01 2 3 3
41.6774 197.06 197.06 2 3 3
41.6774 197.11 197.11 2 3 3
41.6774 197.16 197.16 2 3 3
41.6774 197.21 197.21 2 3 3
41.6774 197.26 197.26 2 3 3
41.6774 197.31 197.31 2 3 3
41.6774 197.36 197.36 2 3 3
41.6774 197.41 197.41 2 3 3
41.6774 197.46 197.46 2 3 3
41.6774 197.51 197.51 2 3 3
41.6774 197.56 197.56 2 3 3
41.6774 197.61 197.61 2 3 3
41.6774 197.66 197.66 2 3 3
41.6774 197.71 197.71 2 3 3
41.6774 197.76 197.76 2 3 3
41.6774 197.81 197.81 2 3 3
41.6774 197.86 197.86 2 3 3
41.6774 197.91 197.91 2 3 3
41.6774 197.96 197.96 2 3 3
41.6774 198.01 198.01 2 3 3
41.6774 198.06 198.06 2 3 3
41.6774 198.11 198.11 2 3 3
41.6774 198.16 198.16 2 3 3
41.6774 198.21 198.21 2 3 3
41.6774 198.26 198.26 2 3 3
41.6774 198.31 198.31 2 3 3
41.6774 198.36 198.36 2 3 3
41.6774 198.41 198.41 2 3 3
41.6774 198.46 198.46 2 3 3
41.6774 198.51 198.51 2 3 3
41.6774 198.56 198.56 2 3 3
41.6774 198.61 198.61 2 3 3
41.6774 198.66 198.66 2 3 3
41.6774 198.71 198.71 2 3 3
41.6774 198.76 198.76 2 3 3
41.6774 198.81 198.81 2 3 3
41.6774 198.86 198.86 2 3 3
41.6774 198.91 198.91 2 3 3
41.6774 198.96 198.96 2 3 3
41.6774 199.01 199.01 2 3 3
41.6774 199.06 199.06 2 3 3
41.6774 199.11 199.11 2 3 3
41.6774 199.16 199.16 2 3 3
41.6774 199.21 199.21 2 3 3
41.6774 199.26 199.26 2 3 3
41.6774 199.31 199.31 2 3 3
41.6774 199.36 199.36 2 3 3
41.6774 199.41 199.41 2 3 3
41.6774 199.46 199.46 2 3 3
41.6774 199.51 199.51 2 3 3
41.6774 199.56 199.56 2 3 3
41.6774 199.61 199.61 2 3 3
41.6774 199.66 199.66 2 3 3
41.6774 199.71 199.71 2 3 3
41.6774 199.76 199.76 2 3 3
41.6774 199.81 199.81 2 3 3
41.6774 199.86 199.86 2 3 3
41.6774 199.91 199.91 2 3 3
41.6774 199.96 199.96 2 3 3
41.6774 200.01 200.01 2 3 3
41.6774 200.06 200.06 2 3 3
41.6774 200.11 200.11 2 3 3
41.6774 200.16 200.16 2 3 3
41.6774 200.21 200.21 2 3 3
41.6774 200.26 200.26 2 3 3
41.6774 200.31 200.31 2 3 3
41.6774 200.36 200.36 2 3 3
41.6774 200.41 200.41 2 3 3
41.6774 200.46 200.46 2 3 3
41.6774 200.51 200.51 2 3 3
41.6774 200.56 200.56 2 3 3
41.6774 200.61 200.61 2 3 3
41.6774 200.66 200.66 2 3 3
41.6774 200.71 200.71 2 3 3
41.6774 200.76 200.76 2 3 3
41.6774 200.81 200.81 2 3 3
41.6774 200.86 200.86 2 3 3
41.6774 200.91 200.91 2 3 3
41.6774 200.96 200.96 2 3 3
41.6774 201.01 201.01 2 3 3
41.6774 201.06 201.06 2 3 3
41.6774 201.11 201.11 2 3 3
41.6774 201.16 201.16 2 3 3
41.6774 201.21 201.21 2 3 3
41.6774 201.26 201.26 2 3 3
41.6774 201.31 201.31 2 3 3
41.6774 201.36 201.36 2 3 3
41.6774 201.41 201.41 2 3 3
41.6774 201.46 201.46 2 3 3
41.6774 201.51 201.51 2 3 3
41.6774 201.56 201.56 2 3 3
41.6774 201.61 201.61 2 3 3
41.6774 201.66 201.66 2 3 3
41.6774 201.71 201.71 2 3 3
41.6774 201.76 201.76 2 3 3
41.6774 201.81 201.81 2 3 3
41.6774 201.86 201.86 2 3 3
41.6774 201.91 201.91 2 3 3
41.6774 201.96 201.96 2 3 3
41.6774 202.01 202.01 2 3 3
41.6774 202.06 202.06 2 3 3
41.6774 202.11 202.11 2 3 3
41.6774 202.16 202.16 2 3 3
41.6774 202.21 202.21 2 3 3
41.6774 202.26 202.26 2 3 3
41.6774 202.31 202.31 2 3 3
41.6774 202.36 202.36 2 3 3
41.6774 202.41 202.41 2 3 3
41.6774 202.46 202.46 2 3 3
41.6774 202.51 202.51 2 3 3
41.6774 202.56 202.56 2 3 3
41.6774 202.61 202.61 2 3 3
41.6774 202.66 202.66 2 3 3
41.6774 202.71 202.71 2 3 3
41.6774 202.76 202.76 2 3 3
41.6774 202.81 202.81 2 3 3
41.6774 202.86 202.86 2 3 3
41.6774 202.91 202.91 2 3 3
41.6774 202.96 202.96 2 3 3
41.6774 203.01 203.01 2 3 3
41.6774 203.06 203.06 2 3 3
41.6774 203.11 203.11 2 3 3
41.6774 203.16 203.16 2 3 3
41.6774 203.21 203.21 2 3 3
41.6774 203.26 203.26 2 3 3
41.6774 203.31 203.31 2 3 3
41.6774 203.36 203.36 2 3 3
41.6774 203.41 203.41 2 3 3
41.6774 203.46 203.46 2 3 3
41.6774 203.51 203.51 2 3 3
41.6774 203.56 203.56 2 3 3
41.6774 203.61 203.61 2 3 3
41.6774 203.66 203.66 2 3 3
41.6774 203.71 203.71 2 3 3
41.6774 203.76 203.76 2 3 3
41.6774 203.81 203.81 2 3 3
41.6774 203.86 203.86 2 3 3
41.6774 203.91 203.91 2 3 3
41.6774 203.96 203.96 2 3 3
41.6774 204.01 204.01 2 3 3
41.6774 204.06 204.06 2 3 3
41.6774 204.11 204.11 2 3 3
41.6774 204.16 204.16 2 3 3
41.6774 204.21 204.21 2 3 3
41.6774 204.26 204.26 2 3 3
41.6774 204.31 204.31 2 3 3
41.6774 204.36 204.36 2 3 3
41.6774 204.41 204.41 2 3 3
41.6774 204.46 204.46 2 3 3
41.6774 204.51 204.51 2 3 3
41.6774 204.56 204.56 2 3 3
41.6774 204.61 204.61 2 3 3
41.6774 204.66 204.66 2 3 3
41.6774 204.71 204.71 2 3 3
41.6774 204.76 204.76 2 3 3
41.6774 204.81 204.81 2 3 3
41.6774 204.86 204.86 2 3 3
41.6774 204.91 204.91 2 3 3
41.6774 204.96 204.96 2 3 3
41.6774 205.01 205.01 2 3 3
41.6774 205.06 205.06 2 3 3
41.6774 205.11 205.11 2 3 3
41.6774 205.16 205.16 2 3 3
41.6774 205.21 205.21 2 3 3
41.6774 205.26 205.26 2 3 3
41.6774 205.31 205.31 2 3 3
41.6774 205.36 205.36 2 3 3
41.6774 205.41 205.41 2 3 3
41.6774 205.46 205.46 2 3 3
41.6774 205.51 205.51 2 3 3
41.6774 205.56 205.56 2 3 3
41.6774 205.61 205.61 2 3 3
41.6774 205.66 205.66 2 3 3
41.6774 205.71 205.71 2 3 3
41.6774 205.76 205.76 2 3 3
41.6774 205.81 205.81 2 3 3
41.6774 205.86 205.86 2 3 3
41.6774 205.91 205.91 2 3 3
41.6774 205.96 205.96 2 3 3
41.6774 206.01 206.01 2 3 3
41.6774 206.06 206.06 2 3 3
41.6774 206.11 206.11 2 3 3
41.6774 206.16 206.16 2 3 3
41.6774 206.21 206.21 2 3 3
41.6774 206.26 206.26 2 3 3
41.6774 206.31 206.31 2 3 3
41.6774 206.36 206.36 2 3 3
41.6774 206.41 206.41 2 3 3
41.6774 206.46 206.46 2 3 3
41.6774 206.51 206.51 2 3 3
41.6774 206.56 206.56 2 3 3
41.6774 206.61 206.61 2 3 3
41.6774 206.66 206.66 2 3 3
41.6774 206.71 206.71 2 3 3
41.6774 206.76 206.76 2 3 3
41.6774 206.81 206.81 2 3 3
41.6774 206.86 206.86 2 3 3
41.6774 206.91 206.91 2 3 3
41.6774 206.96 206.96 2 3 3
41.6774 207.01 207.01 2 3 3
41.6774 207.06 207.06 2 3 3
41.6774 207.11 207.11 2 3 3
41.6774 207.16 207.16 2 3 3
41.6774 207.21 207.21 2 3 3
41.6774 207.26 207.26 2 3 3
41.6774 207.31 207.31 2 3 3
41.6774 207.36 207.36 2 3 3
41.6774 207.41 207.41 2 3 3
41.6774 207.46 207.46 2 3 3
41.6774 207.51 207.51 2 3 3
41.6774 207.56 207.56 2 3 3
41.6774 207.61 207.61 2 3 3
41.6774 207.66 207.66 2 3 3
41.6774 207.71 207.71 2 3 3
41.6774 207.76 207.76 2 3 3
41.6774 207.81 207.81 2 3 3
41.6774 207.86 207.86 2 3 3
41.6774 207.91 207.91 2 3 3
41.6774 207.96 207.96 2 3 3
41.6774 208.01 208.01 2 3 3
41.6774 208.06 208.06 2 3 3
41.6774 208.11 208.11 2 3 3
41.6774 208.16 208.16 2 3 3
41.6774 208.21 208.21 2 3 3
41.6774 208.26 208.26 2 3 3
41.6774 208.31 208.31 2 3 3
41.6774 208.36 208.36 2 3 3
41.6774 208.41 208.41 2 3 3
41.6774 208.46 208.46 2 3 3
41.6774 208.51 208.51 2 3 3
41.6774 208.56 208.56 2 3 3
41.6774 208.61 208.61 2 3 3
41.6774 208.66 208.66 2 3 3
41.6774 208.71 208.71 2 3 3
41.6774 208.76 208.76 2 3 3
41.6774 208.81 208.81 2 3 3
41.6774 208.86 208.86 2 3 3
41.6774 208.91 208.91 2 3 3
41.6774 208.96 208.96 2 3 3
41.6774 209.01 209.01 2 3 3
41.6774 209.06 209.06 2 3 3
41.6774 209.11 209.11 2 3 3
41.6774 209.16 209.16 2 3 3
41.6774 209.21 209.21 2 3 3
41.6774 209.26 209.26 2 3 3
41.6774 209.31 209.31 2 3 3
41.6774 209.36 209.36 2 3 3
41.6774 209.41 209.41 2 3 3
41.6774 209.46 209.46 2 3 3
41.6774 209.51 209.51 2 3 3
41.6774 209.56 209.56 2 3 3
41.6774 209.61 209.61 2 3 3
41.6774 209.66 209.66 2 3 3
41.6774 209.71 209.71 2 3 3
41.6774 209.76 209.76 2 3 3
41.6774 209.81 209.81 2 3 3
41.6774 209.86 209.86 2 3 3
41.6774 209.91 209.91 2 3 3
41.6774 209.96 209.96 2 3 3
41.6774 210.01 210.01 2 3 3
41.6774 210.06 210.06 2 3 3
41.6774 210.11 210.11 2 3 3
41.6774 210.16 210.16 2 3 3
41.6774 210.21 210.21 2 3 3
41.6774 210.26 210.26 2 3 3
41.6774 210.31 210.31 2 3 3
41.6774 210.36 210.36 2 3 3
41.6774 210.41 210.41 2 3 3
41.6774 210.46 210.46 2 3 3
41.6774 210.51 210.51 2 3 3
41.6774 210.56 210.56 2 3 3
41.6774 210.61 210.61 2 3 3
41.6774 210.66 210.66 2 3 3
41.6774 210.71 210.71 2 3 3
41.6774 210.76 210.76 2 3 3
41.6774 210.81 210.81 2 3 3
41.6774 210.86 210.86 2 3 3
41.6774 210.91 210.91 2 3 3
41.6774 210.96 210.96 2 3 3
41.6774 211.01 211.01 2 3 3
41.6774 211.06 211.06 2 3 3
41.6774 211.11 211.11 2 3 3
41.6774 211.16 211.16 2 3 3
41.6774 211.21 211.21 2 3 3
41.6774 211.26 211.26 2 3 3
41.6774 211.31 211.31 2 3 3
41.6774 211.36 211.36 2 3 3
41.6774 211.41 211.41 2 3 3
41.6774 211.46 211.46 2 3 3
41.6774 211.51 211.51 2 3 3
41.6774 211.56 211.56 2 3 3
41.6774 211.61 211.61 2 3 3
41.6774 211.66 211.66 2 3 3
41.6774 211.71 211.71 2 3 3
41.6774 211.76 211.76 2 3 3
41.6774 211.81 211.81 2 3 3
41.6774 211.86 211.86 2 3 3
41.6774 211.91 211.91 2 3 3
41.6774 211.96 211.96 2 3 3
41.6774 212.01 212.01 2 3 3
41.6774 212.06 212.06 2 3 3
41.6774 212.11 212.11 2 3 3
41.6774 212.16 212.16 2 3 3
41.6774 212.21 212.21 2 3 3
41.6774 212.26 212.26 2 3 3
41.6774 212.31 212.31 2 3 3
41.6774 212.36 212.36 2 3 3
41.6774 212.41 212.41 2 3 3
41.6774 212.46 212.46 2 3 3
41.6774 212.51 212.51 2 3 3
41.6774 212.56 212.56 2 3 3
41.6774 212.61 212.61 2 3 3
41.6774 212.66 212.66 2 3 3
41.6774 212.71 212.71 2 3 3
41.6774 212.76 212.76 2 3 3
41.6774 212.81 212.81 2 3 3
41.6774 212.86 212.86 2 3 3
41.6774 212.91 212.91 2 3 3
41.6774 212.96 212.96 2 3 3
41.6774 213.01 213.01 2 3 3
41.6774 213.06 213.06 2 3 3
41.6774 213.11 213.11 2 3 3
41.6774 213.16 213.16 2 3 3
41.6774 213.21 213.21 2 3 3
41.6774 213.26 213.26 2 3 3
41.6774 213.31 213.31 2 3 3
41.6774 213.36 213.36 2 3 3
41.6774 213.41 213.41 2 3 3
41.6774 213.46 213.46 2 3 3
41.6774 213.51 213.51 2 3 3
41.6774 213.56 213.56 2 3 3
41.6774 213.61 213.61 2 3 3
41.6774 213.66 213.66 2 3 3
41.6774 213.71 213.71 2 3 3
41.6774 213.76 213.76 2 3 3
41.6774 213.81 213.81 2 3 3
41.6774 213.86 213.86 2 3 3
41.6774 213.91 213.91 2 3 3
41.6774 213.96 213.96 2 3 3
41.6774 214.01 214.01 2 3 3
41.6774 214.06 214.06 2 3 3
41.6774 214.11 214.11 2 3 3
41.6774 214.16 214.16 2 3 3
41.6774 214.21 214.21 2 3 3
41.6774 214.26 214.26 2 3 3
41.6774 214.31 214.31 2 3 3
41.6774 214.36 214.36 2 3 3
41.6774 214.41 214.41 2 3 3
41.6774 214.46 214.46 2 3 3
41.6774 214.51 214.51 2 3 3
41.6774 214.56 214.56 2 3 3
41.6774 214.61 214.61 2 3 3
41.6774 214.66 214.66 2 3 3
41.6774 214.71 214.71 2 3 3
41.6774 214.76 214.76 2 3 3
41.6774 214.81 214.81 2 3 3
41.6774 214.86 214.86 2 3 3
41.6774 214.91 214.91 2 3 3
41.6774 214.96 214.96 2 3 3
41.6774 215.01 215.01 2 3 3
41.6774 215.06 215.06 2 3 3
41.6774 215.11 215.11 2 3 3
41.6774 215.16 215.16 2 3 3
41.6774 215.21 215.21 2 3 3
41.6774 215.26 215.26 2 3 3
41.6774 215.31 215.31 2 3 3
41.6774 215.36 215.36 2 3 3
41.6774 215.41 215.41 2 3 3
41.6774 215.46 215.46 2 3 3
41.6774 215.51 215.51 2 3 3
41.6774 215.56 215.56 2 3 3
41.6774 215.61 215.61 2 3 3
41.6774 215.66 215.66 2 3 3
41.6774 215.71 215.71 2 3 3
41.6774 215.76 215.76 2 3 3
41.6774 215.81 215.81 2 3 3
41.6774 215.86 215.86 2 3 3
41.6774 215.91 215.91 2 3 3
41.6774 215.96 215.96 2 3 3
41.6774 216.01 216.01 2 3 3
41.6774 216.06 216.06 2 3 3
41.6774 216.11 216.11 2 3 3
41.6774 216.16 216.16 2 3 3
41.6774 216.21 216.21 2 3 3
41.6774 216.26 216.26 2 3 3
41.6774 216.31 216.31 2 3 3
41.6774 216.36 216.36 2 3 3
41.6774 216.41 216.41 2 3 3
41.6774 216.46 216.46 2 3 3
41.6774 216.51 216.51 2 3 3
41.6774 216.56 216.56 2 3 3
41.6774 216.61 216.61 2 3 3
41.6774 216.66 216.66 2 3 3
41.6774 216.71 216.71 2 3 3
41.6774 216.76 216.76 2 3 3
41.6774 216.81 216.81 2 3 3
41.6774 216.86 216.86 2 3 3
41.6774 216.91 216.91 2 3 3
41.6774 216.96 216.96 2 3 3
41.6774 217.01 217.01 2 3 3
41.6774 217.06 217.06 2 3 3
41.6774 217.11 217.11 2 3 3
41.6774 217.16 217.16 2 3 3
41.6774 217.21 217.21 2 3 3
41.6774 217.26 217.26 2 3 3
41.6774 217.31 217.31 2 3 3
41.6774 217.36 217.36 2 3 3
41.6774 217.41 217.41 2 3 3
41.6774 217.46 217.46 2 3 3
41.6774 217.51 217.51 2 3 3
41.6774 217.56 217.56 2 3 3
41.6774 217.61 217.61 2 3 3
41.6774 217.66 217.66 2 3 3
41.6774 217.71 217.71 2 3 3
41.6774 217.76 217.76 2 3 3
41.6774 217.81 217.81 2 3 3
41.6774 217.86 217.86 2 3 3
41.6774 217.91 217.91 2 3 3
41.6774 217.96 217.96 2 3 3
41.6774 218.01 218.01 2 3 3
41.6774 218.06 218.06 2 3 3
41.6774 218.11 218.11 2 3 3
41.6774 218.16 218.16 2 3 3
41.6774 218.21 218.21 2 3 3
41.6774 218.26 218.26 2 3 3
41.6774 218.31 218.31 2 3 3
41.6774 218.36 218.36 2 3 3
41.6774 218.41 218.41 2 3 3
41.6774 218.46 218.46 2 3 3
41.6774 218.51 218.51 2 3 3
41.6774 218.56 218.56 2 3 3
41.6774 218.61 218.61 2 3 3
41.6774 218.66 218.66 2 3 3
41.6774 218.71 218.71 2 3 3
41.6774 218.76 218.76 2 3 3
41.6774 218.81 218.81 2 3 3
41.6774 218.86 218.86 2 3 3
41.6774 218.91 218.91 2 3 3
41.6774 218.96 218.96 2 3 3
41.6774 219.01 219.01 2 3 3
41.6774 219.06 219.06 2 3 3
41.6774 219.11 219.11 2 3 3
41.6774 219.16 219.16 2 3 3
41.6774 219.21 219.21 2 3 3
41.6774 219.26 219.26 2 3 3
41.6774 219.31 219.31 2 3 3
41.6774 219.36 219.36 2 3 3
41.6774 219.41 219.41 2 3 3
41.6774 219.46 219.46 2 3 3
41.6774 219.51 219.51 2 3 3
41.6774 219.56 219.56 2 3 3
41.6774 219.61 219.61 2 3 3
41.6774 219.66 219.66 2 3 3
41.6774 219.71 219.71 2 3 3
41.6774 219.76 219.76 2 3 3
41.6774 219.81 219.81 2 3 3
41.6774 219.86 219.86 2 3 3
41.6774 219.91 219.91 2 3 3
41.6774 219.96 219.96 2 3 3
41.6774 220.01 220.01 2 3 3
41.6774 220.06 220.06 2 3 3
41.6774 220.11 220.11 2 3 3
41.6774 220.16 220.16 2 3 3
41.6774 220.21 220.21 2 3 3
41.6774 220.26 220.26 2 3 3
41.6774 220.31 220.31 2 3 3
41.6774 220.36 220.36 2 3 3
41.6774 220.41 220.41 2 3 3
41.6774 220.46 220.46 2 3 3
41.6774 220.51 220.51 2 3 3
41.6774 220.56 220.56 2 3 3
41.6774 220.61 220.61 2 3 3
41.6774 220.66 220.66 2 3 3
41.6774 220.71 220.71 2 3 3
41.6774 220.76 220.76 2 3 3
41.6774 220.81 220.81 2 3 3
41.6774 220.86 220.86 2 3 3
41.6774 220.91 220.91 2 3 3
41.6774 220.96 220.96 2 3 3
41.6774 221.01 221.01 2 3 3
41.6774 221.06 221.06 2 3 3
41.6774 221.11 221.11 2 3 3
41.6774 221.16 221.16 2 3 3
41.6774 221.21 221.21 2 3 3
41.6774 221.26 221.26 2 3 3
41.6774 221.31 221.31 2 3 3
41.6774 221.36 221.36 2 3 3
41.6774 221.41 221.41 2 3 3
41.6774 221.46 221.46 2 3 3
41.6774 221.51 221.51 2 3 3
41.6774 221.56 221.56 2 3 3
41.6774 221.61 221.61 2 3 3
41.6774 221.66 221.66 2 3 3
41.6774 221.71 221.71 2 3 3
41.6774 221.76 221.76 2 3 3
41.6774 221.81 221.81 2 3 3
41.6774 221.86 221.86 2 3 3
41.6774 221.91 221.91 2 3 3
41.6774 221.96 221.96 2 3 3
41.6774 222.01 222.01 2 3 3
41.6774 222.06 222.06 2 3 3
41.6774 222.11 222.11 2 3 3
41.6774 222.16 222.16 2 3 3
41.6774 222.21 222.21 2 3 3
41.6774 222.26 222.26 2 3 3
41.6774 222.31 222.31 2 3 3
41.6774 222.36 222.36 2 3 3
41.6774 222.41 222.41 2 3 3
41.6774 222.46 222.46 2 3 3
41.6774 222.51 222.51 2 3 3
41.6774 222.56 222.56 2 3 3
41.6774 222.61 222.61 2 3 3
41.6774 222.66 222.66 2 3 3
41.6774 222.71 222.71 2 3 3
41.6774 222.76 222.76 2 3 3
41.6774 222.81 222.81 2 3 3
41.6774 222.86 222.86 2 3 3
41.6774 222.91 222.91 2 3 3
41.6774 222.96 222.96 2 3 3
41.6774 223.01 223.01 2 3 3
41.6774 223.06 223.06 2 3 3
41.6774 223.11 223.11 2 3 3
41.6774 223.16 223.16 2 3 3
41.6774 223.21 223.21 2 3 3
41.6774 223.26 223.26 2 3 3
41.6774 223.31 223.31 2 3 3
41.6774 223.36 223.36 2 3 3
41.6774 223.41 223.41 2 3 3
41.6774 223.46 223.46 2 3 3
41.6774 223.51 223.51 2 3 3
41.6774 223.56 223.56 2 3 3
41.6774 223.61 223.61 2 3 3
41.6774 223.66 223.66 2 3 3
41.6774 223.71 223.71 2 3 3
41.6774 223.76 223.76 2 3 3
41.6774 223.81 223.81 2 3 3
41.6774 223.86 223.86 2 3 3
41.6774 223.91 223.91 2 3 3
41.6774 223.96 223.96 2 3 3
41.6774 224.01 224.01 2 3 3
41.6774 224.06 224.06 2 3 3
41.6774 224.11 224.11 2 3 3
41.6774 224.16 224.16 2 3 3
41.6774 224.21 224.21 2 3 3
41.6774 224.26 224.26 2 3 3
41.6774 224.31 224.31 2 3 3
41.6774 224.36 224.36 2 3 3
41.6774 224.41 224.41 2 3 3
41.6774 224.46 224.46 2 3 3
41.6774 224.51 224.51 2 3 3
41.6774 224.56 224.56 2 3 3
41.6774 224.61 224.61 2 3 3
41.6774 224.66 224.66 2 3 3
41.6774 224.71 224.71 2 3 3
41.6774 224.76 224.76 2 3 3
41.6774 224.81 224.81 2 3 3
41.6774 224.86 224.86 2 3 3
41.6774 224.91 224.91 2 3 3
41.6774 224.96 224.96 2 3 3
41.6774 225.01 225.01 2 3 3
41.6774 225.06 225.06 2 3 3
41.6774 225.11 225.11 2 3 3
41.6774 225.16 225.16 2 3 3
41.6774 225.21 225.21 2 3 3
41.6774 225.26 225.26 2 3 3
41.6774 225.31 225.31 2 3 3
41.6774 225.36 225.36 2 3 3
41.6774 225.41 225.41 2 3 3
41.6774 225.46 225.46 2 3 3
41.6774 225.51 225.51 2 3 3
41.6774 225.56 225.56 2 3 3
41.6774 225.61 225.61 2 3 3
41.6774 225.66 225.66 2 3 3
41.6774 225.71 225.71 2 3 3
41.6774 225.76 225.76 2 3 3
41.6774 225.81 225.81 2 3 3
41.6774 225.86 225.86 2 3 3
41.6774 225.91 225.91 2 3 3
41.6774 225.96 225.96 2 3 3
41.6774 226.01 226.01 2 3 3
41.6774 226.06 226.06 2 3 3
41.6774 226.11 226.11 2 3 3
41.6774 226.16 226.16 2 3 3
41.6774 226.21 226.21 2 3 3
41.6774 226.26 226.26 2 3 3
41.6774 226.31 226.31 2 3 3
41.6774 226.36 226.36 2 3 3
41.6774 226.41 226.41 2 3 3
41.6774 226.46 226.46 2 3 3
41.6774 226.51 226.51 2 3 3
41.6774 226.56 226.56 2 3 3
41.6774 226.61 226.61 2 3 3
41.6774 226.66 226.66 2 3 3
41.6774 226.71 226.71 2 3 3
41.6774 226.76 226.76 2 3 3
41.6774 226.81 226.81 2 3 3
41.6774 226.86 226.86 2 3 3
41.6774 226.91 226.91 2 3 3
41.6774 226.96 226.96 2 3 3
41.6774 227.01 227.01 2 3 3
41.6774 227.06 227.06 2 3 3
41.6774 227.11 227.11 2 3 3
41.6774 227.16 227.16 2 3 3
41.6774 227.21 227.21 2 3 3
41.6774 227.26 227.26 2 3 3
41.6774 227.31 227.31 2 3 3
41.6774 227.36 227.36 2 3 3
41.6774 227.41 227.41 2 3 3
41.6774 227.46 227.46 2 3 3
41.6774 227.51 227.51 2 3 3
41.6774 227.56 227.56 2 3 3
41.6774 227.61 227.61 2 3 3
41.6774 227.66 227.66 2 3 3
41.6774 227.71 227.71 2 3 3
41.6774 227.76 227.76 2 3 3
41.6774 227.81 227.81 2 3 3
41.6774 227.86 227.86 2 3 3
41.6774 227.91 227.91 2 3 3
41.6774 227.96 227.96 2 3 3
41.6774 228.01 228.01 2 3 3
41.6774 228.06 228.06 2 3 3
41.6774 228.11 228.11 2 3 3
41.6774 228.16 228.16 2 3 3
41.6774 228.21 228.21 2 3 3
41.6774 228.26 228.26 2 3 3
41.6774 228.31 228.31 2 3 3
41.6774 228.36 228.36 2 3 3
41.6774 228.41 228.41 2 3 3
41.6774 228.46 228.46 2 3 3
41.6774 228.51 228.51 2 3 3
41.6774 228.56 228.56 2 3 3
41.6774 228.61 228.61 2 3 3
41.6774 228.66 228.66 2 3 3
41.6774 228.71 228.71 2 3 3
41.6774 228.76 228.76 2 3 3
41.6774 228.81 228.81 2 3 3
41.6774 228.86 228.86 2 3 3
41.6774 228.91 228.91 2 3 3
41.6774 228.96 228.96 2 3 3
41.6774 229.01 229.01 2 3 3
41.6774 229.06 229.06 2 3 3
41.6774 229.11 229.11 2 3 3
41.6774 229.16 229.16 2 3 3
41.6774 229.21 229.21 2 3 3
41.6774 229.26 229.26 2 3 3
41.6774 229.31 229.31 2 3 3
41.6774 229.36 229.36 2 3 3
41.6774 229.41 229.41 2 3 3
41.6774 229.46 229.46 2 3 3
41.6774 229.51 229.51 2 3 3
41.6774 229.56 229.56 2 3 3
41.6774 229.61 229.61 2 3 3
41.6774 229.66 229.66 2 3 3
41.6774 229.71 229.71 2 3 3
41.6774 229.76 229.76 2 3 3
41.6774 229.81 229.81 2 3 3
41.6774 229.86 229.86 2 3 3
41.6774 229.91 229.91 2 3 3
41.6774 229.96 229.96 2 3 3
41.6774 230.01 230.01 2 3 3
41.6774 230.06 230.06 2 3 3
41.6774 230.11 230.11 2 3 3
41.6774 230.16 230.16 2 3 3
41.6774 230.21 230.21 2 3 3
41.6774 230.26 230.26 2 3 3
41.6774 230.31 230.31 2 3 3
41.6774 230.36 230.36 2 3 3
41.6774 230.41 230.41 2 3 3
41.6774 230.46 230.46 2 3 3
41.6774 230.51 230.51 2 3 3
41.6774 230.56 230.56 2 3 3
41.6774 230.61 230.61 2 3 3
41.6774 230.66 230.66 2 3 3
41.6774 230.71 230.71 2 3 3
41.6774 230.76 230.76 2 3 3
41.6774 230.81 230.81 2 3 3
41.6774 230.86 230.86 2 3 3
41.6774 230.91 230.91 2 3 3
41.6774 230.96 230.96 2 3 3
41.6774 231.01 231.01 2 3 3
41.6774 231.06 231.06 2 3 3
41.6774 231.11 231.11 2 3 3
41.6774 231.16 231.16 2 3 3
41.6774 231.21 231.21 2 3 3
41.6774 231.26 231.26 2 3 3
41.6774 231.31 231.31 2 3 3
41.6774 231.36 231.36 2 3 3
41.6774 231.41 231.41 2 3 3
41.6774 231.46 231.46 2 3 3
41.6774 231.51 231.51 2 3 3
41.6774 231.56 231.56 2 3 3
41.6774 231.61 231.61 2 3 3
41.6774 231.66 231.66 2 3 3
41.6774 231.71 231.71 2 3 3
41.6774 231.76 231.76 2 3 3
41.6774 231.81 231.81 2 3 3
41.6774 231.86 231.86 2 3 3
41.6774 231.91 231.91 2 3 3
41.6774 231.96 231.96 2 3 3
41.6774 232.01 232.01 2 3 3
41.6774 232.06 232.06 2 3 3
41.6774 232.11 232.11 2 3 3
41.6774 232.16 232.16 2 3 3
41.6774 232.21 232.21 2 3 3
41.6774 232.26 232.26 2 3 3
41.6774 232.31 232.31 2 3 3
41.6774 232.36 232.36 2 3 3
41.6774 232.41 232.41 2 3 3
41.6774 232.46 232.46 2 3 3
41.6774 232.51 232.51 2 3 3
41.6774 232.56 232.56 2 3 3
41.6774 232.61 232.61 2 3 3
41.6774 232.66 232.66 2 3 3
41.6774 232.71 232.71 2 3 3
41.6774 232.76 232.76 2 3 3
41.6774 232.81 232.81 2 3 3
41.6774 232.86 232.86 2 3 3
41.6774 232.91 232.91 2 3 3
41.6774 232.96 232.96 2 3 3
41.6774 233.01 233.01 2 3 3
41.6774 233.06 233.06 2 3 3
41.6774 233.11 233.11 2 3 3
41.6774 233.16 233.16 2 3 3
41.6774 233.21 233.21 2 3 3
41.6774 233.26 233.26 2 3 3
41.6774 233.31 233.31 2 3 3
41.6774 233.36 233.36 2 3 3
41.6774 233.41 233.41 2 3 3
41.6774 233.46 233.46 2 3 3
41.6774 233.51 233.51 2 3 3
41.6774 233.56 233.56 2 3 3
41.6774 233.61 233.61 2 3 3
41.6774 233.66 233.66 2 3 3
41.6774 233.71 233.71 2 3 3
41.6774 233.76 233.76 2 3 3
41.6774 233.81 233.81 2 3 3
41.6774 233.86 233.86 2 3 3
41.6774 233.91 233.91 2 3 3
41.6774 233.96 233.96 2 3 3
41.6774 234.01 234.01 2 3 3
41.6774 234.06 234.06 2 3 3
41.6774 234.11 234.11 2 3 3
41.6774 234.16 234.16 2 3 3
41.6774 234.21 234.21 2 3 3
41.6774 234.26 234.26 2 3 3
41.6774 234.31 234.31 2 3 3
41.6774 234.36 234.36 2 3 3
41.6774 234.41 234.41 2 3 3
41.6774 234.46 234.46 2 3 3
41.6774 234.51 234.51 2 3 3
41.6774 234.56 234.56 2 3 3
41.6774 234.61 234.61 2 3 3
41.6774 234.66 234.66 2 3 3
41.6774 234.71 234.71 2 3 3
41.6774 234.76 234.76 2 3 3
41.6774 234.81 234.81 2 3 3
41.6774 234.86 234.86 2 3 3
41.6774 234.91 234.91 2 3 3
41.6774 234.96 234.96 2 3 3
41.6774 235.01 235.01 2 3 3
41.6774 235.06 235.06 2 3 3
41.6774 235.11 235.11 2 3 3
41.6774 235.16 235.16 2 3 3
41.6774 235.21 235.21 2 3 3
41.6774 235.26 235.26 2 3 3
41.6774 235.31 235.31 2 3 3
41.6774 235.36 235.36 2 3 3
41.6774 235.41 235.41 2 3 3
41.6774 235.46 235.46 2 3 3
41.6774 235.51 235.51 2 3 3
41.6774 235.56 235.56 2 3 3
41.6774 235.61 235.61 2 3 3
41.6774 235.66 235.66 2 3 3
41.6774 235.71 235.71 2 3 3
41.6774 235.76 235.76 2 3 3
41.6774 235.81 235.81 2 3 3
41.6774 235.86 235.86 2 3 3
41.6774 235.91 235.91 2 3 3
41.6774 235.96 235.96 2 3 3
41.6774 236.01 236.01 2 3 3
41.6774 236.06 236.06 2 3 3
41.6774 236.11 236.11 2 3 3
41.6774 236.16 236.16 2 3 3
41.6774 236.21 236.21 2 3 3
41.6774 236.26 236.26 2 3 3
41.6774 236.31 236.31 2 3 3
41.6774 236.36 236.36 2 3 3
41.6774 236.41 236.41 2 3 3
41.6774 236.46 236.46 2 3 3
41.6774 236.51 236.51 2 3 3
41.6774 236.56 236.56 2 3 3
41.6774 236.61 236.61 2 3 3
41.6774 236.66 236.66 2 3 3
41.6774 236.71 236.71 2 3 3
41.6774 236.76 236.76 2 3 3
41.6774 236.81 236.81 2 3 3
41.6774 236.86 236.86 2 3 3
41.6774 236.91 236.91 2 3 3
41.6774 236.96 236.96 2 3 3
41.6774 237.01 237.01 2 3 3
41.6774 237.06 237.06 2 3 3
41.6774 237.11 237.11 2 3 3
41.6774 237.16 237.16 2 3 3
41.6774 237.21 237.21 2 3 3
41.6774 237.26 237.26 2 3 3
41.6774 237.31 237.31 2 3 3
41.6774 237.36 237.36 2 3 3
41.6774 237.41 237.41 2 3 3
41.6774 237.46 237.46 2 3 3
41.6774 237.51 237.51 2 3 3
41.6774 237.56 237.56 2 3 3
41.6774 237.61 237.61 2 3 3
41.6774 237.66 237.66 2 3 3
41.6774 237.71 237.71 2 3 3
41.6774 237.76 237.76 2 3 3
41.6774 237.81 237.81 2 3 3
41.6774 237.86 237.86 2 3 3
41.6774 237.91 237.91 2 3 3
41.6774 237.96 237.96 2 3 3
41.6774 238.01 238.01 2 3 3
41.6774 238.06 238.06 2 3 3
41.6774 238.11 238.11 2 3 3
41.6774 238.16 238.16 2 3 3
41.6774 238.21 238.21 2 3 3
41.6774 238.26 238.26 2 3 3
41.6774 238.31 238.31 2 3 3
41.6774 238.36 238.36 2 3 3
41.6774 238.41 238.41 2 3 3
41.6774 238.46 238.46 2 3 3
41.6774 238.51 238.51 2 3 3
41.6774 238.56 238.56 2 3 3
41.6774 238.61 238.61 2 3 3
41.6774 238.66 238.66 2 3 3
41.6774 238.71 238.71 2 3 3
41.6774 238.76 238.76 2 3 3
41.6774 238.81 238.81 2 3 3
41.6774 238.86 238.86 2 3 3
41.6774 238.91 238.91 2 3 3
41.6774 238.96 238.96 2 3 3
41.6774 239.01 239.01 2 3 3
41.6774 239.06 239.06 2 3 3
41.6774 239.11 239.11 2 3 3
41.6774 239.16 239.16 2 3 3
41.6774 239.21 239.21 2 3 3
41.6774 239.26 239.26 2 3 3
41.6774 239.31 239.31 2 3 3
41.6774 239.36 239.36 2 3 3
41.6774 239.41 239.41 2 3 3
41.6774 239.46 239.46 2 3 3
41.6774 239.51 239.51 2 3 3
41.6774 239.56 239.56 2 3 3
41.6774 239.61 239.61 2 3 3
41.6774 239.66 239.66 2 3 3
41.6774 239.71 239.71 2 3 3
41.6774 239.76 239.76 2 3 3
41.6774 239.81 239.81 2 3 3
41.6774 239.86 239.86 2 3 3
41.6774 239.91 239.91 2 3 3
41.6774 239.96 239.96 2 3 3
41.6774 240.01 240.01 2 3 3
41.6774 240.06 240.06 2 3 3
41.6774 240.11 240.11 2 3 3
41.6774 240.16 240.16 2 3 3
41.6774 240.21 240.21 2 3 3
41.6774 240.26 240.26 2 3 3
41.6774 240.31 240.31 2 3 3
41.6774 240.36 240.36 2 3 3
41.6774 240.41 240.41 2 3 3
41.6774 240.46 240.46 2 3 3
41.6774 240.51 240.51 2 3 3
41.6774 240.56 240.56 2 3 3
41.6774 240.61 240.61 2 3 3
41.6774 240.66 240.66 2 3 3
41.6774 240.71 240.71 2 3 3
41.6774 240.76 240.76 2 3 3
41.6774 240.81 240.81 2 3 3
41.6774 240.86 240.86 2 3 3
41.6774 240.91 240.91 2 3 3
41.6774 240.96 240.96 2 3 3
41.6774 241.01 241.01 2 3 3
41.6774 241.06 241.06 2 3 3
41.6774 241.11 241.11 2 3 3
41.6774 241.16 241.16 2 3 3
41.6774 241.21 241.21 2 3 3
41.6774 241.26 241.26 2 3 3
41.6774 241.31 241.31 2 3 3
41.6774 241.36 241.36 2 3 3
41.6774 241.41 241.41 2 3 3
41.6774 241.46 241.46 2 3 3
41.6774 241.51 241.51 2 3 3
41.6774 241.56 241.56 2 3 3
41.6774 241.61 241.61 2 3 3
41.6774 241.66 241.66 2 3 3
41.6774 241.71 241.71 2 3 3
41.6774 241.76 241.76 2 3 3
41.6774 241.81 241.81 2 3 3
41.6774 241.86 241.86 2 3 3
41.6774 241.91 241.91 2 3 3
41.6774 241.96 241.96 2 3 3
41.6774 242.01 242.01 2 3 3
41.6774 242.06 242.06 2 3 3
41.6774 242.11 242.11 2 3 3
41.6774 242.16 242.16 2 3 3
41.6774 242.21 242.21 2 3 3
41.6774 242.26 242.26 2 3 3
41.6774 242.31 242.31 2 3 3
41.6774 242.36 242.36 2 3 3
41.6774 242.41 242.41 2 3 3
41.6774 242.46 242.46 2 3 3
41.6774 242.51 242.51 2 3 3
41.6774 242.56 242.56 2 3 3
41.6774 242.61 242.61 2 3 3
41.6774 242.66 242.66 2 3 3
41.6774 242.71 242.71 2 3 3
41.6774 242.76 242.76 2 3 3
41.6774 242.81 242.81 2 3 3
41.6774 242.86 242.86 2 3 3
41.6774 242.91 242.91 2 3 3
41.6774 242.96 242.96 2 3 3
41.6774 243.01 243.01 2 3 3
41.6774 243.06 243.06 2 3 3
41.6774 243.11 243.11 2 3 3
41.6774 243.16 243.16 2 3 3
41.6774 243.21 243.21 2 3 3
41.6774 243.26 243.26 2 3 3
41.6774 243.31 243.31 2 3 3
41.6774 243.36 243.36 2 3 3
41.6774 243.41 243.41 2 3 3
41.6774 243.46 243.46 2 3 3
41.6774 243.51 243.51 2 3 3
41.6774 243.56 243.56 2 3 3
41.6774 243.61 243.61 2 3 3
41.6774 243.66 243.66 2 3 3
41.6774 243.71 243.71 2 3 3
41.6774 243.76 243.76 2 3 3
41.6774 243.81 243.81 2 3 3
41.6774 243.86 243.86 2 3 3
41.6774 243.91 243.91 2 3 3
41.6774 243.96 243.96 2 3 3
41.6774 244.01 244.01 2 3 3
41.6774 244.06 244.06 2 3 3
41.6774 244.11 244.11 2 3 3
41.6774 244.16 244.16 2 3 3
41.6774 244.21 244.21 2 3 3
41.6774 244.26 244.26 2 3 3
41.6774 244.31 244.31 2 3 3
41.6774 244.36 244.36 2 3 3
41.6774 244.41 244.41 2 3 3
41.6774 244.46 244.46 2 3 3
41.6774 244.51 244.51 2 3 3
41.6774 244.56 244.56 2 3 3
41.6774 244.61 244.61 2 3 3
41.6774 244.66 244.66 2 3 3
41.6774 244.71 244.71 2 3 3
41.6774 244.76 244.76 2 3 3
41.6774 244.81 244.81 2 3 3
41.6774 244.86 244.86 2 3 3
41.6774 244.91 244.91 2 3 3
41.6774 244.96 244.96 2 3 3
41.6774 245.01 245.01 2 3 3
41.6774 245.06 245.06 2 3 3
41.6774 245.11 245.11 2 3 3
41.6774 245.16 245.16 2 3 3
41.6774 245.21 245.21 2 3 3
41.6774 245.26 245.26 2 3 3
41.6774 245.31 245.31 2 3 3
41.6774 245.36 245.36 2 3 3
41.6774 245.41 245.41 2 3 3
41.6774 245.46 245.46 2 3 3
41.6774 245.51 245.51 2 3 3
41.6774 245.56 245.56 2 3 3
41.6774 245.61 245.61 2 3 3
41.6774 245.66 245.66 2 3 3
41.6774 245.71 245.71 2 3 3
41.6774 245.76 245.76 2 3 3
41.6774 245.81 245.81 2 3 3
41.6774 245.86 245.86 2 3 3
41.6774 245.91 245.91 2 3 3
41.6774 245.96 245.96 2 3 3
41.6774 246.01 246.01 2 3 3
41.6774 246.06 246.06 2 3 3
41.6774 246.11 246.11 2 3 3
41.6774 246.16 246.16 2 3 3
41.6774 246.21 246.21 2 3 3
41.6774 246.26 246.26 2 3 3
41.6774 246.31 246.31 2 3 3
41.6774 246.36 246.36 2 3 3
41.6774 246.41 246.41 2 3 3
41.6774 246.46 246.46 2 3 3
41.6774 246.51 246.51 2 3 3
41.6774 246.56 246.56 2 3 3
41.6774 246.61 246.61 2 3 3
41.6774 246.66 246.66 2 3 3
41.6774 246.71 246.71 2 3 3
41.6774 246.76 246.76 2 3 3
41.6774 246.81 246.81 2 3 3
41.6774 246.86 246.86 2 3 3
41.6774 246.91 246.91 2 3 3
41.6774 246.96 246.96 2 3 3
41.6774 247.01 247.01 2 3 3
41.6774 247.06 247.06 2 3 3
41.6774 247.11 247.11 2 3 3
41.6774 247.16 247.16 2 3 3
41.6774 247.21 247.21 2 3 3
41.6774 247.26 247.26 2 3 3
41.6774 247.31 247.31 2 3 3
41.6774 247.36 247.36 2 3 3
41.6774 247.41 247.41 2 3 3
41.6774 247.46 247.46 2 3 3
41.6774 247.51 247.51 2 3 3
41.6774 247.56 247.56 2 3 3
41.6774 247.61 247.61 2 3 3
41.6774 247.66 247.66 2 3 3
41.6774 247.71 247.71 2 3 3
41.6774 247.76 247.76 2 3 3
41.6774 247.81 247.81 2 3 3
41.6774 247.86 247.86 2 3 3
41.6774 247.91 247.91 2 3 3
41.6774 247.96 247.96 2 3 3
41.6774 248.01 248.01 2 3 3
41.6774 248.06 248.06 2 3 3
41.6774 248.11 248.11 2 3 3
41.6774 248.16 248.16 2 3 3
41.6774 248.21 248.21 2 3 3
41.6774 248.26 248.26 2 3 3
41.6774 248.31 248.31 2 3 3
41.6774 248.36 248.36 2 3 3
41.6774 248.41 248.41 2 3 3
41.6774 248.46 248.46 2 3 3
41.6774 248.51 248.51 2 3 3
41.6774 248.56 248.56 2 3 3
41.6774 248.61 248.61 2 3 3
41.6774 248.66 248.66 2 3 3
41.6774 248.71 248.71 2 3 3
41.6774 248.76 248.76 2 3 3
41.6774 248.81 248.81 2 3 3
41.6774 248.86 248.86 2 3 3
41.6774 248.91 248.91 2 3 3
41.6774 248.96 248.96 2 3 3
41.6774 249.01 249.01 2 3 3
41.6774 249.06 249.06 2 3 3
41.6774 249.11 249.11 2 3 3
41.6774 249.16 249.16 2 3 3
41.6774 249.21 249.21 2 3 3
41.6774 249.26 249.26 2 3 3
41.6774 249.31 249.31 2 3 3
41.6774 249.36 249.36 2 3 3
41.6774 249.41 249.41 2 3 3
41.6774 249.46 249.46 2 3 3
41.6774 249.51 249.51 2 3 3
41.6774 249.56 249.56 2 3 3
41.6774 249.61 249.61 2 3 3
41.6774 249.66 249.66 2 3 3
41.6774 249.71 249.71 2 3 3
41.6774 249.76 249.76 2 3 3
41.6774 249.81 249.81 2 3 3
41.6774 249.86 249.86 2 3 3
41.6774 249.91 249.91 2 3 3
41.6774 249.96 249.96 2 3 3
41.6774 250.01 250.01 2 3 3
41.6774 250.06 250.06 2 3 3
41.6774 250.11 250.11 2 3 3
41.6774 250.16 250.16 2 3 3
41.6774 250.21 250.21 2 3 3
41.6774 250.26 250.26 2 3 3
41.6774 250.31 250.31 2 3 3
41.6774 250.36 250.36 2 3 3
41.6774 250.41 250.41 2 3 3
41.6774 250.46 250.46 2 3 3
41.6774 250.51 250.51 2 3 3
41.6774 250.56 250.56 2 3 3
41.6774 250.61 250.61 2 3 3
41.6774 250.66 250.66 2 3 3
41.6774 250.71 250.71 2 3 3
41.6774 250.76 250.76 2 3 3
41.6774 250.81 250.81 2 3 3
41.6774 250.86 250.86 2 3 3
41.6774 250.91 250.91 2 3 3
41.6774 250.96 250.96 2 3 3
41.6774 251.01 251.01 2 3 3
41.6774 251.06 251.06 2 3 3
41.6774 251.11 251.11 2 3 3
41.6774 251.16 251.16 2 3 3
41.6774 251.21 251.21 2 3 3
41.6774 251.26 251.26 2 3 3
41.6774 251.31 251.31 2 3 3
41.6774 251.36 251.36 2 3 3
41.6774 251.41 251.41 2 3 3
41.6774 251.46 251.46 2 3 3
41.6774 251.51 251.51 2 3 3
41.6774 251.56 251.56 2 3 3
41.6774 251.61 251.61 2 3 3
41.6774 251.66 251.66 2 3 3
41.6774 251.71 251.71 2 3 3
41.6774 251.76 251.76 2 3 3
41.6774 251.81 251.81 2 3 3
41.6774 251.86 251.86 2 3 3
41.6774 251.91 251.91 2 3 3
41.6774 251.96 251.96 2 3 3
41.6774 252.01 252.01 2 3 3
41.6774 252.06 252.06 2 3 3
41.6774 252.11 252.11 2 3 3
41.6774 252.16 252.16 2 3 3
41.6774 252.21 252.21 2 3 3
41.6774 252.26 252.26 2 3 3
41.6774 252.31 252.31 2 3 3
41.6774 252.36 252.36 2 3 3
41.6774 252.41 252.41 2 3 3
41.6774 252.46 252.46 2 3 3
41.6774 252.51 252.51 2 3 3
41.6774 252.56 252.56 2 3 3
41.6774 252.61 252.61 2 3 3
41.6774 252.66 252.66 2 3 3
41.6774 252.71 252.71 2 3 3
41.6774 252.76 252.76 2 3 3
41.6774 252.81 252.81 2 3 3
41.6774 252.86 252.86 2 3 3
41.6774 252.91 252.91 2 3 3
41.6774 252.96 252.96 2 3 3
41.6774 253.01 253.01 2 3 3
41.6774 253.06 253.06 2 3 3
41.6774 253.11 253.11 2 3 3
41.6774 253.16 253.16 2 3 3
41.6774 253.21 253.21 2 3 3
41.6774 253.26 253.26 2 3 3
41.6774 253.31 253.31 2 3 3
41.6774 253.36 253.36 2 3 3
41.6774 253.41 253.41 2 3 3
41.6774 253.46 253.46 2 3 3
41.6774 253.51 253.51 2 3 3
41.6774 253.56 253.56 2 3 3
41.6774 253.61 253.61 2 3 3
41.6774 253.66 253.66 2 3 3
41.6774 253.71 253.71 2 3 3
41.6774 253.76 253.76 2 3 3
41.6774 253.81 253.81 2 3 3
41.6774 253.86 253.86 2 3 3
41.6774 253.91 253.91 2 3 3
41.6774 253.96 253.96 2 3 3
41.6774 254.01 254.01 2 3 3
41.6774 254.06 254.06 2 3 3
41.6774 254.11 254.11 2 3 3
41.6774 254.16 254.16 2 3 3
41.6774 254.21 254.21 2 3 3
41.6774 254.26 254.26 2 3 3
41.6774 254.31 254.31 2 3 3
41.6774 254.36 254.36 2 3 3
41.6774 254.41 254.41 2 3 3
41.6774 254.46 254.46 2 3 3
41.6774 254.51 254.51 2 3 3
41.6774 254.56 254.56 2 3 3
41.6774 254.61 254.61 2 3 3
41.6774 254.66 254.66 2 3 3
41.6774 254.71 254.71 2 3 3
41.6774 254.76 254.76 2 3 3
41.6774 254.81 254.81 2 3 3
41.6774 254.86 254.86 2 3 3
41.6774 254.91 254.91 2 3 3
41.6774 254.96 254.96 2 3 3
41.6774 255.01 255.01 2 3 3
41.6774 255.06 255.06 2 3 3
41.6774 255.11 255.11 2 3 3
41.6774 255.16 255.16 2 3 3
41.6774 255.21 255.21 2 3 3
41.6774 255.26 255.26 2 3 3
41.6774 255.31 255.31 2 3 3
41.6774 255.36 255.36 2 3 3
41.6774 255.41 255.41 2 3 3
41.6774 255.46 255.46 2 3 3
41.6774 255.51 255.51 2 3 3
41.6774 255.56 255.56 2 3 3
41.6774 255.61 255.61 2 3 3
41.6774 255.66 255.66 2 3 3
41.6774 255.71 255.71 2 3 3
41.6774 255.76 255.76 2 3 3
41.6774 255.81 255.81 2 3 3
41.6774 255.86 255.86 2 3 3
41.6774 255.91 255.91 2 3 3
41.6774 255.96 255.96 2 3 3
41.6774 256.01 256.01 2 3 3
41.6774 256.06 256.06 2 3 3
41.6774 256.11 256.11 2 3 3
41.6774 256.16 256.16 2 3 3
41.6774 256.21 256.21 2 3 3
41.6774 256.26 256.26 2 3 3
41.6774 256.31 256.31 2 3 3
41.6774 256.36 256.36 2 3 3
41.6774 256.41 256.41 2 3 3
41.6774 256.46 256.46 2 3 3
41.6774 256.51 256.51 2 3 3
41.6774 256.56 256.56 2 3 3
41.6774 256.61 256.61 2 3 3
41.6774 256.66 256.66 2 3 3
41.6774 256.71 256.71 2 3 3
41.6774 256.76 256.76 2 3 3
41.6774 256.81 256.81 2 3 3
41.6774 256.86 256.86 2 3 3
41.6774 256.91 256.91 2 3 3
41.6774 256.96 256.96 2 3 3
41.6774 257.01 257.01 2 3 3
41.6774 257.06 257.06 2 3 3
41.6774 257.11 257.11 2 3 3
41.6774 257.16 257.16 2 3 3
41.6774 257.21 257.21 2 3 3
41.6774 257.26 257.26 2 3 3
41.6774 257.31 257.31 2 3 3
41.6774 257.36 257.36 2 3 3
41.6774 257.41 257.41 2 3 3
41.6774 257.46 257.46 2 3 3
41.6774 257.51 257.51 2 3 3
41.6774 257.56 257.56 2 3 3
41.6774 257.61 257.61 2 3 3
41.6774 257.66 257.66 2 3 3
41.6774 257.71 257.71 2 3 3
41.6774 257.76 257.76 2 3 3
41.6774 257.81 257.81 2 3 3
41.6774 257.86 257.86 2 3 3
41.6774 257.91 257.91 2 3 3
41.6774 257.96 257.96 2 3 3
41.6774 258.01 258.01 2 3 3
41.6774 258.06 258.06 2 3 3
41.6774 258.11 258.11 2 3 3
41.6774 258.16 258.16 2 3 3
41.6774 258.21 258.21 2 3 3
41.6774 258.26 258.26 2 3 3
41.6774 258.31 258.31 2 3 3
41.6774 258.36 258.36 2 3 3
41.6774 258.41 258.41 2 3 3
41.6774 258.46 258.46 2 3 3
41.6774 258.51 258.51 2 3 3
41.6774 258.56 258.56 2 3 3
41.6774 258.61 258.61 2 3 3
41.6774 258.66 258.66 2 3 3
41.6774 258.71 258.71 2 3 3
41.6774 258.76 258.76 2 3 3
41.6774 258.81 258.81 2 3 3
41.6774 258.86 258.86 2 3 3
41.6774 258.91 258.91 2 3 3
41.6774 258.96 258.96 2 3 3
41.6774 259.01 259.01 2 3 3
41.6774 259.06 259.06 2 3 3
41.6774 259.11 259.11 2 3 3
41.6774 259.16 259.16 2 3 3
41.6774 259.21 259.21 2 3 3
41.6774 259.26 259.26 2 3 3
41.6774 259.31 259.31 2 3 3
41.6774 259.36 259.36 2 3 3
41.6774 259.41 259.41 2 3 3
41.6774 259.46 259.46 2 3 3
41.6774 259.51 259.51 2 3 3
41.6774 259.56 259.56 2 3 3
41.6774 259.61 259.61 2 3 3
41.6774 259.66 259.66 2 3 3
41.6774 259.71 259.71 2 3 3
41.6774 259.76 259.76 2 3 3
41.6774 259.81 259.81 2 3 3
41.6774 259.86 259.86 2 3 3
41.6774 259.91 259.91 2 3 3
41.6774 259.96 259.96 2 3 3
41.6774 260.01 260.01 2 3 3
41.6774 260.06 260.06 2 3 3
41.6774 260.11 260.11 2 3 3
41.6774 260.16 260.16 2 3 3
41.6774 260.21 260.21 2 3 3
41.6774 260.26 260.26 2 3 3
41.6774 260.31 260.31 2 3 3
41.6774 260.36 260.36 2 3 3
41.6774 260.41 260.41 2 3 3
41.6774 260.46 260.46 2 3 3
41.6774 260.51 260.51 2 3 3
41.6774 260.56 260.56 2 3 3
41.6774 260.61 260.61 2 3 3
41.6774 260.66 260.66 2 3 3
41.6774 260.71 260.71 2 3 3
41.6774 260.76 260.76 2 3 3
41.6774 260.81 260.81 2 3 3
41.6774 260.86 260.86 2 3 3
41.6774 260.91 260.91 2 3 3
41.6774 260.96 260.96 2 3 3
41.6774 261.01 261.01 2 3 3
41.6774 261.06 261.06 2 3 3
41.6774 261.11 261.11 2 3 3
41.6774 261.16 261.16 2 3 3
41.6774 261.21 261.21 2 3 3
41.6774 261.26 261.26 2 3 3
41.6774 261.31 261.31 2 3 3
41.6774 261.36 261.36 2 3 3
41.6774 261.41 261.41 2 3 3
41.6774 261.46 261.46 2 3 3
41.6774 261.51 261.51 2 3 3
41.6774 261.56 261.56 2 3 3
41.6774 261.61 261.61 2 3 3
41.6774 261.66 261.66 2 3 3
41.6774 261.71 261.71 2 3 3
41.6774 261.76 261.76 2 3 3
41.6774 261.81 261.81 2 3 3
41.6774 261.86 261.86 2 3 3
41.6774 261.91 261.91 2 3 3
41.6774 261.96 261.96 2 3 3
41.6774 262.01 262.01 2 3 3
41.6774 262.06 262.06 2 3 3
41.6774 262.11 262.11 2 3 3
41.6774 262.16 262.16 2 3 3
41.6774 262.21 262.21 2 3 3
41.6774 262.26 262.26 2 3 3
41.6774 262.31 262.31 2 3 3
41.6774 262.36 262.36 2 3 3
41.6774 262.41 262.41 2 3 3
41.6774 262.46 262.46 2 3 3
41.6774 262.51 262.51 2 3 3
41.6774 262.56 262.56 2 3 3
41.6774 262.61 262.61 2 3 3
41.6774 262.66 262.66 2 3 3
41.6774 262.71 262.71 2 3 3
41.6774 262.76 262.76 2 3 3
41.6774 262.81 262.81 2 3 3
41.6774 262.86 262.86 2 3 3
41.6774 262.91 262.91 2 3 3
41.6774 262.96 262.96 2 3 3
41.6774 263.01 263.01 2 3 3
41.6774 263.06 263.06 2 3 3
41.6774 263.11 263.11 2 3 3
41.6774 263.16 263.16 2 3 3
41.6774 263.21 263.21 2 3 3
41.6774 263.26 263.26 2 3 3
41.6774 263.31 263.31 2 3 3
41.6774 263.36 263.36 2 3 3
41.6774 263.41 263.41 2 3 3
41.6774 263.46 263.46 2 3 3
41.6774 263.51 263.51 2 3 3
41.6774 263.56 263.56 2 3 3
41.6774 263.61 263.61 2 3 3
41.6774 263.66 263.66 2 3 3
41.6774 263.71 263.71 2 3 3
41.6774 263.76 263.76 2 3 3
41.6774 263.81 263.81 2 3 3
41.6774 263.86 263.86 2 3 3
41.6774 263.91 263.91 2 3 3
41.6774 263.96 263.96 2 3 3
41.6774 264.01 264.01 2 3 3
41.6774 264.06 264.06 2 3 3
41.6774 264.11 264.11 2 3 3
41.6774 264.16 264.16 2 3 3
41.6774 264.21 264.21 2 3 3
41.6774 264.26 264.26 2 3 3
41.6774 264.31 264.31 2 3 3
41.6774 264.36 264.36 2 3 3
41.6774 264.41 264.41 2 3 3
41.6774 264.46 264.46 2 3 3
41.6774 264.51 264.51 2 3 3
41.6774 264.56 264.56 2 3 3
41.6774 264.61 264.61 2 3 3
41.6774 264.66 264.66 2 3 3
41.6774 264.71 264.71 2 3 3
41.6774 264.76 264.76 2 3 3
41.6774 264.81 264.81 2 3 3
41.6774 264.86 264.86 2 3 3
41.6774 264.91 264.91 2 3 3
41.6774 264.96 264.96 2 3 3
41.6774 265.01 265.01 2 3 3
41.6774 265.06 265.06 2 3 3
41.6774 265.11 265.11 2 3 3
41.6774 265.16 265.16 2 3 3
41.6774 265.21 265.21 2 3 3
41.6774 265.26 265.26 2 3 3
41.6774 265.31 265.31 2 3 3
41.6774 265.36 265.36 2 3 3
41.6774 265.41 265.41 2 3 3
41.6774 265.46 265.46 2 3 3
41.6774 265.51 265.51 2 3 3
41.6774 265.56 265.56 2 3 3
41.6774 265.61 265.61 2 3 3
41.6774 265.66 265.66 2 3 3
41.6774 265.71 265.71 2 3 3
41.6774 265.76 265.76 2 3 3
41.6774 265.81 265.81 2 3 3
41.6774 265.86 265.86 2 3 3
41.6774 265.91 265.91 2 3 3
41.6774 265.96 265.96 2 3 3
41.6774 266.01 266.01 2 3 3
41.6774 266.06 266.06 2 3 3
41.6774 266.11 266.11 2 3 3
41.6774 266.16 266.16 2 3 3
41.6774 266.21 266.21 2 3 3
41.6774 266.26 266.26 2 3 3
41.6774 266.31 266.31 2 3 3
41.6774 266.36 266.36 2 3 3
41.6774 266.41 266.41 2 3 3
41.6774 266.46 266.46 2 3 3
41.6774 266.51 266.51 2 3 3
41.6774 266.56 266.56 2 3 3
41.6774 266.61 266.61 2 3 3
41.6774 266.66 266.66 2 3 3
41.6774 266.71 266.71 2 3 3
41.6774 266.76 266.76 2 3 3
41.6774 266.81 266.81 2 3 3
41.6774 266.86 266.86 2 3 3
41.6774 266.91 266.91 2 3 3
41.6774 266.96 266.96 2 3 3
41.6774 267.01 267.01 2 3 3
41.6774 267.06 267.06 2 3 3
41.6774 267.11 267.11 2 3 3
41.6774 267.16 267.16 2 3 3
41.6774 267.21 267.21 2 3 3
41.6774 267.26 267.26 2 3 3
41.6774 267.31 267.31 2 3 3
41.6774 267.36 267.36 2 3 3
41.6774 267.41 267.41 2 3 3
41.6774 267.46 267.46 2 3 3
41.6774 267.51 267.51 2 3 3
41.6774 267.56 267.56 2 3 3
41.6774 267.61 267.61 2 3 3
41.6774 267.66 267.66 2 3 3
41.6774 267.71 267.71 2 3 3
41.6774 267.76 267.76 2 3 3
41.6774 267.81 267.81 2 3 3
41.6774 267.86 267.86 2 3 3
41.6774 267.91 267.91 2 3 3
41.6774 267.96 267.96 2 3 3
41.6774 268.01 268.01 2 3 3
41.6774 268.06 268.06 2 3 3
41.6774 268.11 268.11 2 3 3
41.6774 268.16 268.16 2 3 3
41.6774 268.21 268.21 2 3 3
41.6774 268.26 268.26 2 3 3
41.6774 268.31 268.31 2 3 3
41.6774 268.36 268.36 2 3 3
41.6774 268.41 268.41 2 3 3
41.6774 268.46 268.46 2 3 3
41.6774 268.51 268.51 2 3 3
41.6774 268.56 268.56 2 3 3
41.6774 268.61 268.61 2 3 3
41.6774 268.66 268.66 2 3 3
41.6774 268.71 268.71 2 3 3
41.6774 268.76 268.76 2 3 3
41.6774 268.81 268.81 2 3 3
41.6774 268.86 268.86 2 3 3
41.6774 268.91 268.91 2 3 3
41.6774 268.96 268.96 2 3 3
41.6774 269.01 269.01 2 3 3
41.6774 269.06 269.06 2 3 3
41.6774 269.11 269.11 2 3 3
41.6774 269.16 269.16 2 3 3
41.6774 269.21 269.21 2 3 3
41.6774 269.26 269.26 2 3 3
41.6774 269.31 269.31 2 3 3
41.6774 269.36 269.36 2 3 3
41.6774 269.41 269.41 2 3 3
41.6774 269.46 269.46 2 3 3
41.6774 269.51 269.51 2 3 3
41.6774 269.56 269.56 2 3 3
41.6774 269.61 269.61 2 3 3
41.6774 269.66 269.66 2 3 3
41.6774 269.71 269.71 2 3 3
41.6774 269.76 269.76 2 3 3
41.6774 269.81 269.81 2 3 3
41.6774 269.86 269.86 2 3 3
41.6774 269.91 269.91 2 3 3
41.6774 269.96 269.96 2 3 3
41.6774 270.01 270.01 2 3 3
41.6774 270.06 270.06 2 3 3
41.6774 270.11 270.11 2 3 3
41.6774 270.16 270.16 2 3 3
41.6774 270.21 270.21 2 3 3
41.6774 270.26 270.26 2 3 3
41.6774 270.31 270.31 2 3 3
41.6774 270.36 270.36 2 3 3
41.6774 270.41 270.41 2 3 3
41.6774 270.46 270.46 2 3 3
41.6774 270.51 270.51 2 3 3
41.6774 270.56 270.56 2 3 3
41.6774 270.61 270.61 2 3 3
41.6774 270.66 270.66 2 3 3
41.6774 270.71 270.71 2 3 3
41.6774 270.76 270.76 2 3 3
41.6774 270.81 270.81 2 3 3
41.6774 270.86 270.86 2 3 3
41.6774 270.91 270.91 2 3 3
41.6774 270.96 270.96 2 3 3
41.6774 271.01 271.01 2 3 3
41.6774 271.06 271.06 2 3 3
41.6774 271.11 271.11 2 3 3
41.6774 271.16 271.16 2 3 3
41.6774 271.21 271.21 2 3 3
41.6774 271.26 271.26 2 3 3
41.6774 271.31 271.31 2 3 3
41.6774 271.36 271.36 2 3 3
41.6774 271.41 271.41 2 3 3
41.6774 271.46 271.46 2 3 3
41.6774 271.51 271.51 2 3 3
41.6774 271.56 271.56 2 3 3
41.6774 271.61 271.61 2 3 3
41.6774 271.66 271.66 2 3 3
41.6774 271.71 271.71 2 3 3
41.6774 271.76 271.76 2 3 3
41.6774 271.81 271.81 2 3 3
41.6774 271.86 271.86 2 3 3
41.6774 271.91 271.91 2 3 3
41.6774 271.96 271.96 2 3 3
41.6774 272.01 272.01 2 3 3
41.6774 272.06 272.06 2 3 3
41.6774 272.11 272.11 2 3 3
41.6774 272.16 272.16 2 3 3
41.6774 272.21 272.21 2 3 3
41.6774 272.26 272.26 2 3 3
41.6774 272.31 272.31 2 3 3
41.6774 272.36 272.36 2 3 3
41.6774 272.41 272.41 2 3 3
41.6774 272.46 272.46 2 3 3
41.6774 272.51 272.51 2 3 3
41.6774 272.56 272.56 2 3 3
41.6774 272.61 272.61 2 3 3
41.6774 272.66 272.66 2 3 3
41.6774 272.71 272.71 2 3 3
41.6774 272.76 272.76 2 3 3
41.6774 272.81 272.81 2 3 3
41.6774 272.86 272.86 2 3 3
41.6774 272.91 272.91 2 3 3
41.6774 272.96 272.96 2 3 3
41.6774 273.01 273.01 2 3 3
41.6774 273.06 273.06 2 3 3
41.6774 273.11 273.11 2 3 3
41.6774 273.16 273.16 2 3 3
41.6774 273.21 273.21 2 3 3
41.6774 273.26 273.26 2 3 3
41.6774 273.31 273.31 2 3 3
41.6774 273.36 273.36 2 3 3
41.6774 273.41 273.41 2 3 3
41.6774 273.46 273.46 2 3 3
41.6774 273.51 273.51 2 3 3
41.6774 273.56 273.56 2 3 3
41.6774 273.61 273.61 2 3 3
41.6774 273.66 273.66 2 3 3
41.6774 273.71 273.71 2 3 3
41.6774 273.76 273.76 2 3 3
41.6774 273.81 273.81 2 3 3
41.6774 273.86 273.86 2 3 3
41.6774 273.91 273.91 2 3 3
41.6774 273.96 273.96 2 3 3
41.6774 274.01 274.01 2 3 3
41.6774 274.06 274.06 2 3 3
41.6774 274.11 274.11 2 3 3
41.6774 274.16 274.16 2 3 3
41.6774 274.21 274.21 2 3 3
41.6774 274.26 274.26 2 3 3
41.6774 274.31 274.31 2 3 3
41.6774 274.36 274.36 2 3 3
41.6774 274.41 274.41 2 3 3
41.6774 274.46 274.46 2 3 3
41.6774 274.51 274.51 2 3 3
41.6774 274.56 274.56 2 3 3
41.6774 274.61 274.61 2 3 3
41.6774 274.66 274.66 2 3 3
41.6774 274.71 274.71 2 3 3
41.6774 274.76 274.76 2 3 3
41.6774 274.81 274.81 2 3 3
41.6774 274.86 274.86 2 3 3
41.6774 274.91 274.91 2 3 3
41.6774 274.96 274.96 2 3 3
41.6774 275.01 275.01 2 3 3
41.6774 275.06 275.06 2 3 3
41.6774 275.11 275.11 2 3 3
41.6774 275.16 275.16 2 3 3
41.6774 275.21 275.21 2 3 3
41.6774 275.26 275.26 2 3 3
41.6774 275.31 275.31 2 3 3
41.6774 275.36 275.36 2 3 3
41.6774 275.41 275.41 2 3 3
41.6774 275.46 275.46 2 3 3
41.6774 275.51 275.51 2 3 3
41.6774 275.56 275.56 2 3 3
41.6774 275.61 275.61 2 3 3
41.6774 275.66 275.66 2 3 3
41.6774 275.71 275.71 2 3 3
41.6774 275.76 275.76 2 3 3
41.6774 275.81 275.81 2 3 3
41.6774 275.86 275.86 2 3 3
41.6774 275.91 275.91 2 3 3
41.6774 275.96 275.96 2 3 3
41.6774 276.01 276.01 2 3 3
41.6774 276.06 276.06 2 3 3
41.6774 276.11 276.11 2 3 3
41.6774 276.16 276.16 2 3 3
41.6774 276.21 276.21 2 3 3
41.6774 276.26 276.26 2 3 3
41.6774 276.31 276.31 2 3 3
41.6774 276.36 276.36 2 3 3
41.6774 276.41 276.41 2 3 3
41.6774 276.46 276.46 2 3 3
41.6774 276.51 276.51 2 3 3
41.6774 276.56 276.56 2 3 3
41.6774 276.61 276.61 2 3 3
41.6774 276.66 276.66 2 3 3
41.6774 276.71 276.71 2 3 3
41.6774 276.76 276.76 2 3 3
41.6774 276.81 276.81 2 3 3
41.6774 276.86 276.86 2 3 3
41.6774 276.91 276.91 2 3 3
41.6774 276.96 276.96 2 3 3
41.6774 277.01 277.01 2 3 3
41.6774 277.06 277.06 2 3 3
41.6774 277.11 277.11 2 3 3
41.6774 277.16 277.16 2 3 3
41.6774 277.21 277.21 2 3 3
41.6774 277.26 277.26 2 3 3
41.6774 277.31 277.31 2 3 3
41.6774 277.36 277.36 2 3 3
41.6774 277.41 277.41 2 3 3
41.6774 277.46 277.46 2 3 3
41.6774 277.51 277.51 2 3 3
41.6774 277.56 277.56 2 3 3
41.6774 277.61 277.61 2 3 3
41.6774 277.66 277.66 2 3 3
41.6774 277.71 277.71 2 3 3
41.6774 277.76 277.76 2 3 3
41.6774 277.81 277.81 2 3 3
41.6774 277.86 277.86 2 3 3
41.6774 277.91 277.91 2 3 3
41.6774 277.96 277.96 2 3 3
41.6774 278.01 278.01 2 3 3
41.6774 278.06 278.06 2 3 3
41.6774 278.11 278.11 2 3 3
41.6774 278.16 278.16 2 3 3
41.6774 278.21 278.21 2 3 3
41.6774 278.26 278.26 2 3 3
41.6774 278.31 278.31 2 3 3
41.6774 278.36 278.36 2 3 3
41.6774 278.41 278.41 2 3 3
41.6774 278.46 278.46 2 3 3
41.6774 278.51 278.51 2 3 3
41.6774 278.56 278.56 2 3 3
41.6774 278.61 278.61 2 3 3
41.6774 278.66 278.66 2 3 3
41.6774 278.71 278.71 2 3 3
41.6774 278.76 278.76 2 3 3
41.6774 278.81 278.81 2 3 3
41.6774 278.86 278.86 2 3 3
41.6774 278.91 278.91 2 3 3
41.6774 278.96 278.96 2 3 3
41.6774 279.01 279.01 2 3 3
41.6774 279.06 279.06 2 3 3
41.6774 279.11 279.11 2 3 3
41.6774 279.16 279.16 2 3 3
41.6774 279.21 279.21 2 3 3
41.6774 279.26 279.26 2 3 3
41.6774 279.31 279.31 2 3 3
41.6774 279.36 279.36 2 3 3
41.6774 279.41 279.41 2 3 3
41.6774 279.46 279.46 2 3 3
41.6774 279.51 279.51 2 3 3
41.6774 279.56 279.56 2 3 3
41.6774 279.61 279.61 2 3 3
41.6774 279.66 279.66 2 3 3
41.6774 279.71 279.71 2 3 3
41.6774 279.76 279.76 2 3 3
41.6774 279.81 279.81 2 3 3
41.6774 279.86 279.86 2 3 3
41.6774 279.91 279.91 2 3 3
41.6774 279.96 279.96 2 3 3
41.6774 280.01 280.01 2 3 3
41.6774 280.06 280.06 2 3 3
41.6774 280.11 280.11 2 3 3
41.6774 280.16 280.16 2 3 3
41.6774 280.21 280.21 2 3 3
41.6774 280.26 280.26 2 3 3
41.6774 280.31 280.31 2 3 3
41.6774 280.36 280.36 2 3 3
41.6774 280.41 280.41 2 3 3
41.6774 280.46 280.46 2 3 3
41.6774 280.51 280.51 2 3 3
41.6774 280.56 280.56 2 3 3
41.6774 280.61 280.61 2 3 3
41.6774 280.66 280.66 2 3 3
41.6774 280.71 280.71 2 3 3
41.6774 280.76 280.76 2 3 3
41.6774 280.81 280.81 2 3 3
41.6774 280.86 280.86 2 3 3
41.6774 280.91 280.91 2 3 3
41.6774 280.96 280.96 2 3 3
41.6774 281.01 281.01 2 3 3
41.6774 281.06 281.06 2 3 3
41.6774 281.11 281.11 2 3 3
41.6774 281.16 281.16 2 3 3
41.6774 281.21 281.21 2 3 3
41.6774 281.26 281.26 2 3 3
41.6774 281.31 281.31 2 3 3
41.6774 281.36 281.36 2 3 3
41.6774 281.41 281.41 2 3 3
41.6774 281.46 281.46 2 3 3
41.6774 281.51 281.51 2 3 3
41.6774 281.56 281.56 2 3 3
41.6774 281.61 281.61 2 3 3
41.6774 281.66 281.66 2 3 3
41.6774 281.71 281.71 2 3 3
41.6774 281.76 281.76 2 3 3
41.6774 281.81 281.81 2 3 3
41.6774 281.86 281.86 2 3 3
41.6774 281.91 281.91 2 3 3
41.6774 281.96 281.96 2 3 3
41.6774 282.01 282.01 2 3 3
41.6774 282.06 282.06 2 3 3
41.6774 282.11 282.11 2 3 3
41.6774 282.16 282.16 2 3 3
41.6774 282.21 282.21 2 3 3
41.6774 282.26 282.26 2 3 3
41.6774 282.31 282.31 2 3 3
41.6774 282.36 282.36 2 3 3
41.6774 282.41 282.41 2 3 3
41.6774 282.46 282.46 2 3 3
41.6774 282.51 282.51 2 3 3
41.6774 282.56 282.56 2 3 3
41.6774 282.61 282.61 2 3 3
41.6774 282.66 282.66 2 3 3
41.6774 282.71 282.71 2 3 3
41.6774 282.76 282.76 2 3 3
41.6774 282.81 282.81 2 3 3
41.6774 282.86 282.86 2 3 3
41.6774 282.91 282.91 2 3 3
41.6774 282.96 282.96 2 3 3
41.6774 283.01 283.01 2 3 3
41.6774 283.06 283.06 2 3 3
41.6774 283.11 283.11 2 3 3
41.6774 283.16 283.16 2 3 3
41.6774 283.21 283.21 2 3 3
41.6774 283.26 283.26 2 3 3
41.6774 283.31 283.31 2 3 3
41.6774 283.36 283.36 2 3 3
41.6774 283.41 283.41 2 3 3
41.6774 283.46 283.46 2 3 3
41.6774 283.51 283.51 2 3 3
41.6774 283.56 283.56 2 3 3
41.6774 283.61 283.61 2 3 3
41.6774 283.66 283.66 2 3 3
41.6774 283.71 283.71 2 3 3
41.6774 283.76 283.76 2 3 3
41.6774 283.81 283.81 2 3 3
41.6774 283.86 283.86 2 3 3
41.6774 283.91 283.91 2 3 3
41.6774 283.96 283.96 2 3 3
41.6774 284.01 284.01 2 3 3
41.6774 284.06 284.06 2 3 3
41.6774 284.11 284.11 2 3 3
41.6774 284.16 284.16 2 3 3
41.6774 284.21 284.21 2 3 3
41.6774 284.26 284.26 2 3 3
41.6774 284.31 284.31 2 3 3
41.6774 284.36 284.36 2 3 3
41.6774 284.41 284.41 2 3 3
41.6774 284.46 284.46 2 3 3
41.6774 284.51 284.51 2 3 3
41.6774 284.56 284.56 2 3 3
41.6774 284.61 284.61 2 3 3
41.6774 284.66 284.66 2 3 3
41.6774 284.71 284.71 2 3 3
41.6774 284.76 284.76 2 3 3
41.6774 284.81 284.81 2 3 3
41.6774 284.86 284.86 2 3 3
41.6774 284.91 284.91 2 3 3
41.6774 284.96 284.96 2 3 3
41.6774 285.01 285.01 2 3 3
41.6774 285.06 285.06 2 3 3
41.6774 285.11 285.11 2 3 3
41.6774 285.16 285.16 2 3 3
41.6774 285.21 285.21 2 3 3
41.6774 285.26 285.26 2 3 3
41.6774 285.31 285.31 2 3 3
41.6774 285.36 285.36 2 3 3
41.6774 285.41 285.41 2 3 3
41.6774 285.46 285.46 2 3 3
41.6774 285.51 285.51 2 3 3
41.6774 285.56 285.56 2 3 3
41.6774 285.61 285.61 2 3 3
41.6774 285.66 285.66 2 3 3
41.6774 285.71 285.71 2 3 3
41.6774 285.76 285.76 2 3 3
41.6774 285.81 285.81 2 3 3
41.6774 285.86 285.86 2 3 3
41.6774 285.91 285.91 2 3 3
41.6774 285.96 285.96 2 3 3
41.6774 286.01 286.01 2 3 3
41.6774 286.06 286.06 2 3 3
41.6774 286.11 286.11 2 3 3
41.6774 286.16 286.16 2 3 3
41.6774 286.21 286.21 2 3 3
41.6774 286.26 286.26 2 3 3
41.6774 286.31 286.31 2 3 3
41.6774 286.36 286.36 2 3 3
41.6774 286.41 286.41 2 3 3
41.6774 286.46 286.46 2 3 3
41.6774 286.51 286.51 2 3 3
41.6774 286.56 286.56 2 3 3
41.6774 286.61 286.61 2 3 3
41.6774 286.66 286.66 2 3 3
41.6774 286.71 286.71 2 3 3
41.6774 286.76 286.76 2 3 3
41.6774 286.81 286.81 2 3 3
41.6774 286.86 286.86 2 3 3
41.6774 286.91 286.91 2 3 3
41.6774 286.96 286.96 2 3 3
41.6774 287.01 287.01 2 3 3
41.6774 287.06 287.06 2 3 3
41.6774 287.11 287.11 2 3 3
41.6774 287.16 287.16 2 3 3
41.6774 287.21 287.21 2 3 3
41.6774 287.26 287.26 2 3 3
41.6774 287.31 287.31 2 3 3
41.6774 287.36 287.36 2 3 3
41.6774 287.41 287.41 2 3 3
41.6774 287.46 287.46 2 3 3
41.6774 287.51 287.51 2 3 3
41.6774 287.56 287.56 2 3 3
41.6774 287.61 287.61 2 3 3
41.6774 287.66 287.66 2 3 3
41.6774 287.71 287.71 2 3 3
41.6774 287.76 287.76 2 3 3
41.6774 287.81 287.81 2 3 3
41.6774 287.86 287.86 2 3 3
41.6774 287.91 287.91 2 3 3
41.6774 287.96 287.96 2 3 3
41.6774 288.01 288.01 2 3 3
41.6774 288.06 288.06 2 3 3
41.6774 288.11 288.11 2 3 3
41.6774 288.16 288.16 2 3 3
41.6774 288.21 288.21 2 3 3
41.6774 288.26 288.26 2 3 3
41.6774 288.31 288.31 2 3 3
41.6774 288.36 288.36 2 3 3
41.6774 288.41 288.41 2 3 3
41.6774 288.46 288.46 2 3 3
41.6774 288.51 288.51 2 3 3
41.6774 288.56 288.56 2 3 3
41.6774 288.61 288.61 2 3 3
41.6774 288.66 288.66 2 3 3
41.6774 288.71 288.71 2 3 3
41.6774 288.76 288.76 2 3 3
41.6774 288.81 288.81 2 3 3
41.6774 288.86 288.86 2 3 3
41.6774 288.91 288.91 2 3 3
41.6774 288.96 288.96 2 3 3
41.6774 289.01 289.01 2 3 3
41.6774 289.06 289.06 2 3 3
41.6774 289.11 289.11 2 3 3
41.6774 289.16 289.16 2 3 3
41.6774 289.21 289.21 2 3 3
41.6774 289.26 289.26 2 3 3
41.6774 289.31 289.31 2 3 3
41.6774 289.36 289.36 2 3 3
41.6774 289.41 289.41 2 3 3
41.6774 289.46 289.46 2 3 3
41.6774 289.51 289.51 2 3 3
41.6774 289.56 289.56 2 3 3
41.6774 289.61 289.61 2 3 3
41.6774 289.66 289.66 2 3 3
41.6774 289.71 289.71 2 3 3
41.6774 289.76 289.76 2 3 3
41.6774 289.81 289.81 2 3 3
41.6774 289.86 289.86 2 3 3
41.6774 289.91 289.91 2 3 3
41.6774 289.96 289.96 2 3 3
41.6774 290.01 290.01 2 3 3
41.6774 290.06 290.06 2 3 3
41.6774 290.11 290.11 2 3 3
41.6774 290.16 290.16 2 3 3
41.6774 290.21 290.21 2 3 3
41.6774 290.26 290.26 2 3 3
41.6774 290.31 290.31 2 3 3
41.6774 290.36 290.36 2 3 3
41.6774 290.41 290.41 2 3 3
41.6774 290.46 290.46 2 3 3
41.6774 290.51 290.51 2 3 3
41.6774 290.56 290.56 2 3 3
41.6774 290.61 290.61 2 3 3
41.6774 290.66 290.66 2 3 3
41.6774 290.71 290.71 2 3 3
41.6774 290.76 290.76 2 3 3
41.6774 290.81 290.81 2 3 3
41.6774 290.86 290.86 2 3 3
41.6774 290.91 290.91 2 3 3
41.6774 290.96 290.96 2 3 3
41.6774 291.01 291.01 2 3 3
41.6774 291.06 291.06 2 3 3
41.6774 291.11 291.11 2 3 3
41.6774 291.16 291.16 2 3 3
41.6774 291.21 291.21 2 3 3
41.6774 291.26 291.26 2 3 3
41.6774 291.31 291.31 2 3 3
41.6774 291.36 291.36 2 3 3
41.6774 291.41 291.41 2 3 3
41.6774 291.46 291.46 2 3 3
41.6774 291.51 291.51 2 3 3
41.6774 291.56 291.56 2 3 3
41.6774 291.61 291.61 2 3 3
41.6774 291.66 291.66 2 3 3
41.6774 291.71 291.71 2 3 3
41.6774 291.76 291.76 2 3 3
41.6774 291.81 291.81 2 3 3
41.6774 291.86 291.86 2 3 3
41.6774 291.91 291.91 2 3 3
41.6774 291.96 291.96 2 3 3
41.6774 292.01 292.01 2 3 3
41.6774 292.06 292.06 2 3 3
41.6774 292.11 292.11 2 3 3
41.6774 292.16 292.16 2 3 3
41.6774 292.21 292.21 2 3 3
41.6774 292.26 292.26 2 3 3
41.6774 292.31 292.31 2 3 3
41.6774 292.36 292.36 2 3 3
41.6774 292.41 292.41 2 3 3
41.6774 292.46 292.46 2 3 3
41.6774 292.51 292.51 2 3 3
41.6774 292.56 292.56 2 3 3
41.6774 292.61 292.61 2 3 3
41.6774 292.66 292.66 2 3 3
41.6774 292.71 292.71 2 3 3
41.6774 292.76 292.76 2 3 3
41.6774 292.81 292.81 2 3 3
41.6774 292.86 292.86 2 3 3
41.6774 292.91 292.91 2 3 3
41.6774 292.96 292.96 2 3 3
41.6774 293.01 293.01 2 3 3
41.6774 293.06 293.06 2 3 3
41.6774 293.11 293.11 2 3 3
41.6774 293.16 293.16 2 3 3
41.6774 293.21 293.21 2 3 3
41.6774 293.26 293.26 2 3 3
41.6774 293.31 293.31 2 3 3
41.6774 293.36 293.36 2 3 3
41.6774 293.41 293.41 2 3 3
41.6774 293.46 293.46 2 3 3
41.6774 293.51 293.51 2 3 3
41.6774 293.56 293.56 2 3 3
41.6774 293.61 293.61 2 3 3
41.6774 293.66 293.66 2 3 3
41.6774 293.71 293.71 2 3 3
41.6774 293.76 293.76 2 3 3
41.6774 293.81 293.81 2 3 3
41.6774 293.86 293.86 2 3 3
41.6774 293.91 293.91 2 3 3
41.6774 293.96 293.96 2 3 3
41.6774 294.01 294.01 2 3 3
41.6774 294.06 294.06 2 3 3
41.6774 294.11 294.11 2 3 3
41.6774 294.16 294.16 2 3 3
41.6774 294.21 294.21 2 3 3
41.6774 294.26 294.26 2 3 3
41.6774 294.31 294.31 2 3 3
41.6774 294.36 294.36 2 3 3
41.6774 294.41 294.41 2 3 3
41.6774 294.46 294.46 2 3 3
41.6774 294.51 294.51 2 3 3
41.6774 294.56 294.56 2 3 3
41.6774 294.61 294.61 2 3 3
41.6774 294.66 294.66 2 3 3
41.6774 294.71 294.71 2 3 3
41.6774 294.76 294.76 2 3 3
41.6774 294.81 294.81 2 3 3
41.6774 294.86 294.86 2 3 3
41.6774 294.91 294.91 2 3 3
41.6774 294.96 294.96 2 3 3
41.6774 295.01 295.01 2 3 3
41.6774 295.06 295.06 2 3 3
41.6774 295.11 295.11 2 3 3
41.6774 295.16 295.16 2 3 3
41.6774 295.21 295.21 2 3 3
41.6774 295.26 295.26 2 3 3
41.6774 295.31 295.31 2 3 3
41.6774 295.36 295.36 2 3 3
41.6774 295.41 295.41 2 3 3
41.6774 295.46 295.46 2 3 3
41.6774 295.51 295.51 2 3 3
41.6774 295.56 295.56 2 3 3
41.6774 295.61 295.61 2 3 3
41.6774 295.66 295.66 2 3 3
41.6774 295.71 295.71 2 3 3
41.6774 295.76 295.76 2 3 3
41.6774 295.81 295.81 2 3 3
41.6774 295.86 295.86 2 3 3
41.6774 295.91 295.91 2 3 3
41.6774 295.96 295.96 2 3 3
41.6774 296.01 296.01 2 3 3
41.6774 296.06 296.06 2 3 3
41.6774 296.11 296.11 2 3 3
41.6774 296.16 296.16 2 3 3
41.6774 296.21 296.21 2 3 3
41.6774 296.26 296.26 2 3 3
41.6774 296.31 296.31 2 3 3
41.6774 296.36 296.36 2 3 3
41.6774 296.41 296.41 2 3 3
41.6774 296.46 296.46 2 3 3
41.6774 296.51 296.51 2 3 3
41.6774 296.56 296.56 2 3 3
41.6774 296.61 296.61 2 3 3
41.6774 296.66 296.66 2 3 3
41.6774 296.71 296.71 2 3 3
41.6774 296.76 296.76 2 3 3
41.6774 296.81 296.81 2 3 3
41.6774 296.86 296.86 2 3 3
41.6774 296.91 296.91 2 3 3
41.6774 296.96 296.96 2 3 3
41.6774 297.01 297.01 2 3 3
41.6774 297.06 297.06 2 3 3
41.6774 297.11 297.11 2 3 3
41.6774 297.16 297.16 2 3 3
41.6774 297.21 297.21 2 3 3
41.6774 297.26 297.26 2 3 3
41.6774 297.31 297.31 2 3 3
41.6774 297.36 297.36 2 3 3
41.6774 297.41 297.41 2 3 3
41.6774 297.46 297.46 2 3 3
41.6774 297.51 297.51 2 3 3
41.6774 297.56 297.56 2 3 3
41.6774 297.61 297.61 2 3 3
41.6774 297.66 297.66 2 3 3
41.6774 297.71 297.71 2 3 3
41.6774 297.76 297.76 2 3 3
41.6774 297.81 297.81 2 3 3
41.6774 297.86 297.86 2 3 3
41.6774 297.91 297.91 2 3 3
41.6774 297.96 297.96 2 3 3
41.6774 298.01 298.01 2 3 3
41.6774 298.06 298.06 2 3 3
41.6774 298.11 298.11 2 3 3
41.6774 298.16 298.16 2 3 3
41.6774 298.21 298.21 2 3 3
41.6774 298.26 298.26 2 3 3
41.6774 298.31 298.31 2 3 3
41.6774 298.36 298.36 2 3 3
41.6774 298.41 298.41 2 3 3
41.6774 298.46 298.46 2 3 3
41.6774 298.51 298.51 2 3 3
41.6774 298.56 298.56 2 3 3
41.6774 298.61 298.61 2 3 3
41.6774 298.66 298.66 2 3 3
41.6774 298.71 298.71 2 3 3
41.6774 298.76 298.76 2 3 3
41.6774 298.81 298.81 2 3 3
41.6774 298.86 298.86 2 3 3
41.6774 298.91 298.91 2 3 3
41.6774 298.96 298.96 2 3 3
41.6774 299.01 299.01 2 3 3
41.6774 299.06 299.06 2 3 3
41.6774 299.11 299.11 2 3 3
41.6774 299.16 299.16 2 3 3
41.6774 299.21 299.21 2 3 3
41.6774 299.26 299.26 2 3 3
41.6774 299.31 299.31 2 3 3
41.6774 299.36 299.36 2 3 3
41.6774 299.41 299.41 2 3 3
41.6774 299.46 299.46 2 3 3
41.6774 299.51 299.51 2 3 3
41.6774 299.56 299.56 2 3 3
41.6774 299.61 299.61 2 3 3
41.6774 299.66 299.66 2 3 3
41.6774 299.71 299.71 2 3 3
41.6774 299.76 299.76 2 3 3
41.6774 299.81 299.81 2 3 3
41.6774 299.86 299.86 2 3 3
41.6774 299.91 299.91 2 3 3
41.6774 299.96 299.96 2 3 3
41.6774 300.01 300.01 2 3 3
41.6774 300.06 300.06 2 3 3
41.6774 300.11 300.11 2 3 3
41.6774 300.16 300.16 2 3 3
41.6774 300.21 300.21 2 3 3
41.6774 300.26 300.26 2 3 3
41.6774 300.31 300.31 2 3 3
41.6774 300.36 300.36 2 3 3
41.6774 300.41 300.41 2 3 3
41.6774 300.46 300.46 2 3 3
41.6774 300.51 300.51 2 3 3
41.6774 300.56 300.56 2 3 3
41.6774 300.61 300.61 2 3 3
41.6774 300.66 300.66 2 3 3
41.6774 300.71 300.71 2 3 3
41.6774 300.76 300.76 2 3 3
41.6774 300.81 300.81 2 3 3
41.6774 300.86 300.86 2 3 3
41.6774 300.91 300.91 2 3 3
41.6774 300.96 300.96 2 3 3
41.6774 301.01 301.01 2 3 3
41.6774 301.06 301.06 2 3 3
41.6774 301.11 301.11 2 3 3
41.6774 301.16 301.16 2 3 3
41.6774 301.21 301.21 2 3 3
41.6774 301.26 301.26 2 3 3
41.6774 301.31 301.31 2 3 3
41.6774 301.36 301.36 2 3 3
41.6774 301.41 301.41 2 3 3
41.6774 301.46 301.46 2 3 3
41.6774 301.51 301.51 2 3 3
41.6774 301.56 301.56 2 3 3
41.6774 301.61 301.61 2 3 3
41.6774 301.66 301.66 2 3 3
41.6774 301.71 301.71 2 3 3
41.6774 301.76 301.76 2 3 3
41.6774 301.81 301.81 2 3 3
41.6774 301.86 301.86 2 3 3
41.6774 301.91 301.91 2 3 3
41.6774 301.96 301.96 2 3 3
41.6774 302.01 302.01 2 3 3
41.6774 302.06 302.06 2 3 3
41.6774 302.11 302.11 2 3 3
41.6774 302.16 302.16 2 3 3
41.6774 302.21 302.21 2 3 3
41.6774 302.26 302.26 2 3 3
41.6774 302.31 302.31 2 3 3
41.6774 302.36 302.36 2 3 3
41.6774 302.41 302.41 2 3 3
41.6774 302.46 302.46 2 3 3
41.6774 302.51 302.51 2 3 3
41.6774 302.56 302.56 2 3 3
41.6774 302.61 302.61 2 3 3
41.6774 302.66 302.66 2 3 3
41.6774 302.71 302.71 2 3 3
41.6774 302.76 302.76 2 3 3
41.6774 302.81 302.81 2 3 3
41.6774 302.86 302.86 2 3 3
41.6774 302.91 302.91 2 3 3
41.6774 302.96 302.96 2 3 3
41.6774 303.01 303.01 2 3 3
41.6774 303.06 303.06 2 3 3
41.6774 303.11 303.11 2 3 3
41.6774 303.16 303.16 2 3 3
41.6774 303.21 303.21 2 3 3
41.6774 303.26 303.26 2 3 3
41.6774 303.31 303.31 2 3 3
41.6774 303.36 303.36 2 3 3
41.6774 303.41 303.41 2 3 3
41.6774 303.46 303.46 2 3 3
41.6774 303.51 303.51 2 3 3
41.6774 303.56 303.56 2 3 3
41.6774 303.61 303.61 2 3 3
41.6774 303.66 303.66 2 3 3
41.6774 303.71 303.71 2 3 3
41.6774 303.76 303.76 2 3 3
41.6774 303.81 303.81 2 3 3
41.6774 303.86 303.86 2 3 3
41.6774 303.91 303.91 2 3 3
41.6774 303.96 303.96 2 3 3
41.6774 304.01 304.01 2 3 3
41.6774 304.06 304.06 2 3 3
41.6774 304.11 304.11 2 3 3
41.6774 304.16 304.16 2 3 3
41.6774 304.21 304.21 2 3 3
41.6774 304.26 304.26 2 3 3
41.6774 304.31 304.31 2 3 3
41.6774 304.36 304.36 2 3 3
41.6774 304.41 304.41 2 3 3
41.6774 304.46 304.46 2 3 3
41.6774 304.51 304.51 2 3 3
41.6774 304.56 304.56 2 3 3
41.6774 304.61 304.61 2 3 3
41.6774 304.66 304.66 2 3 3
41.6774 304.71 304.71 2 3 3
41.6774 304.76 304.76 2 3 3
41.6774 304.81 304.81 2 3 3
41.6774 304.86 304.86 2 3 3
41.6774 304.91 304.91 2 3 3
41.6774 304.96 304.96 2 3 3
41.6774 305.01 305.01 2 3 3
41.6774 305.06 305.06 2 3 3
41.6774 305.11 305.11 2 3 3
41.6774 305.16 305.16 2 3 3
41.6774 305.21 305.21 2 3 3
41.6774 305.26 305.26 2 3 3
41.6774 305.31 305.31 2 3 3
41.6774 305.36 305.36 2 3 3
41.6774 305.41 305.41 2 3 3
41.6774 305.46 305.46 2 3 3
41.6774 305.51 305.51 2 3 3
41.6774 305.56 305.56 2 3 3
41.6774 305.61 305.61 2 3 3
41.6774 305.66 305.66 2 3 3
41.6774 305.71 305.71 2 3 3
41.6774 305.76 305.76 2 3 3
41.6774 305.81 305.81 2 3 3
41.6774 305.86 305.86 2 3 3
41.6774 305.91 305.91 2 3 3
41.6774 305.96 305.96 2 3 3
41.6774 306.01 306.01 2 3 3
41.6774 306.06 306.06 2 3 3
41.6774 306.11 306.11 2 3 3
41.6774 306.16 306.16 2 3 3
41.6774 306.21 306.21 2 3 3
41.6774 306.26 306.26 2 3 3
41.6774 306.31 306.31 2 3 3
41.6774 306.36 306.36 2 3 3
41.6774 306.41 306.41 2 3 3
41.6774 306.46 306.46 2 3 3
41.6774 306.51 306.51 2 3 3
41.6774 306.56 306.56 2 3 3
41.6774 306.61 306.61 2 3 3
41.6774 306.66 306.66 2 3 3
41.6774 306.71 306.71 2 3 3
41.6774 306.76 306.76 2 3 3
41.6774 306.81 306.81 2 3 3
41.6774 306.86 306.86 2 3 3
41.6774 306.91 306.91 2 3 3
41.6774 306.96 306.96 2 3 3
41.6774 307.01 307.01 2 3 3
41.6774 307.06 307.06 2 3 3
41.6774 307.11 307.11 2 3 3
41.6774 307.16 307.16 2 3 3
41.6774 307.21 307.21 2 3 3
41.6774 307.26 307.26 2 3 3
41.6774 307.31 307.31 2 3 3
41.6774 307.36 307.36 2 3 3
41.6774 307.41 307.41 2 3 3
41.6774 307.46 307.46 2 3 3
41.6774 307.51 307.51 2 3 3
41.6774 307.56 307.56 2 3 3
41.6774 307.61 307.61 2 3 3
41.6774 307.66 307.66 2 3 3
41.6774 307.71 307.71 2 3 3
41.6774 307.76 307.76 2 3 3
41.6774 307.81 307.81 2 3 3
41.6774 307.86 307.86 2 3 3
41.6774 307.91 307.91 2 3 3
41.6774 307.96 307.96 2 3 3
41.6774 308.01 308.01 2 3 3
41.6774 308.06 308.06 2 3 3
41.6774 308.11 308.11 2 3 3
41.6774 308.16 308.16 2 3 3
41.6774 308.21 308.21 2 3 3
41.6774 308.26 308.26 2 3 3
41.6774 308.31 308.31 2 3 3
41.6774 308.36 308.36 2 3 3
41.6774 308.41 308.41 2 3 3
41.6774 308.46 308.46 2 3 3
41.6774 308.51 308.51 2 3 3
41.6774 308.56 308.56 2 3 3
41.6774 308.61 308.61 2 3 3
41.6774 308.66 308.66 2 3 3
41.6774 308.71 308.71 2 3 3
41.6774 308.76 308.76 2 3 3
41.6774 308.81 308.81 2 3 3
41.6774 308.86 308.86 2 3 3
41.6774 308.91 308.91 2 3 3
41.6774 308.96 308.96 2 3 3
41.6774 309.01 309.01 2 3 3
41.6774 309.06 309.06 2 3 3
41.6774 309.11 309.11 2 3 3
41.6774 309.16 309.16 2 3 3
41.6774 309.21 309.21 2 3 3
41.6774 309.26 309.26 2 3 3
41.6774 309.31 309.31 2 3 3
41.6774 309.36 309.36 2 3 3
41.6774 309.41 309.41 2 3 3
41.6774 309.46 309.46 2 3 3
41.6774 309.51 309.51 2 3 3
41.6774 309.56 309.56 2 3 3
41.6774 309.61 309.61 2 3 3
41.6774 309.66 309.66 2 3 3
41.6774 309.71 309.71 2 3 3
41.6774 309.76 309.76 2 3 3
41.6774 309.81 309.81 2 3 3
41.6774 309.86 309.86 2 3 3
41.6774 309.91 309.91 2 3 3
41.6774 309.96 309.96 2 3 3
41.6774 310.01 310.01 2 3 3
41.6774 310.06 310.06 2 3 3
41.6774 310.11 310.11 2 3 3
41.6774 310.16 310.16 2 3 3
41.6774 310.21 310.21 2 3 3
41.6774 310.26 310.26 2 3 3
41.6774 310.31 310.31 2 3 3
41.6774 310.36 310.36 2 3 3
41.6774 310.41 310.41 2 3 3
41.6774 310.46 310.46 2 3 3
41.6774 310.51 310.51 2 3 3
41.6774 310.56 310.56 2 3 3
41.6774 310.61 310.61 2 3 3
41.6774 310.66 310.66 2 3 3
41.6774 310.71 310.71 2 3 3
41.6774 310.76 310.76 2 3 3
41.6774 310.81 310.81 2 3 3
41.6774 310.86 310.86 2 3 3
41.6774 310.91 310.91 2 3 3
41.6774 310.96 310.96 2 3 3
41.6774 311.01 311.01 2 3 3
41.6774 311.06 311.06 2 3 3
41.6774 311.11 311.11 2 3 3
41.6774 311.16 311.16 2 3 3
41.6774 311.21 311.21 2 3 3
41.6774 311.26 311.26 2 3 3
41.6774 311.31 311.31 2 3 3
41.6774 311.36 311.36 2 3 3
41.6774 311.41 311.41 2 3 3
41.6774 311.46 311.46 2 3 3
41.6774 311.51 311.51 2 3 3
41.6774 311.56 311.56 2 3 3
41.6774 311.61 311.61 2 3 3
41.6774 311.66 311.66 2 3 3
41.6774 311.71 311.71 2 3 3
41.6774 311.76 311.76 2 3 3
41.6774 311.81 311.81 2 3 3
41.6774 311.86 311.86 2 3 3
41.6774 311.91 311.91 2 3 3
41.6774 311.96 311.96 2 3 3
41.6774 312.01 312.01 2 3 3
41.6774 312.06 312.06 2 3 3
41.6774 312.11 312.11 2 3 3
41.6774 312.16 312.16 2 3 3
41.6774 312.21 312.21 2 3 3
41.6774 312.26 312.26 2 3 3
41.6774 312.31 312.31 2 3 3
41.6774 312.36 312.36 2 3 3
41.6774 312.41 312.41 2 3 3
41.6774 312.46 312.46 2 3 3
41.6774 312.51 312.51 2 3 3
41.6774 312.56 312.56 2 3 3
41.6774 312.61 312.61 2 3 3
41.6774 312.66 312.66 2 3 3
41.6774 312.71 312.71 2 3 3
41.6774 312.76 312.76 2 3 3
41.6774 312.81 312.81 2 3 3
41.6774 312.86 312.86 2 3 3
41.6774 312.91 312.91 2 3 3
41.6774 312.96 312.96 2 3 3
41.6774 313.01 313.01 2 3 3
41.6774 313.06 313.06 2 3 3
41.6774 313.11 313.11 2 3 3
41.6774 313.16 313.16 2 3 3
41.6774 313.21 313.21 2 3 3
41.6774 313.26 313.26 2 3 3
41.6774 313.31 313.31 2 3 3
41.6774 313.36 313.36 2 3 3
41.6774 313.41 313.41 2 3 3
41.6774 313.46 313.46 2 3 3
41.6774 313.51 313.51 2 3 3
41.6774 313.56 313.56 2 3 3
41.6774 313.61 313.61 2 3 3
41.6774 313.66 313.66 2 3 3
41.6774 313.71 313.71 2 3 3
41.6774 313.76 313.76 2 3 3
41.6774 313.81 313.81 2 3 3
41.6774 313.86 313.86 2 3 3
41.6774 313.91 313.91 2 3 3
41.6774 313.96 313.96 2 3 3
41.6774 314.01 314.01 2 3 3
41.6774 314.06 314.06 2 3 3
41.6774 314.11 314.11 2 3 3
41.6774 314.16 314.16 2 3 3
41.6774 314.21 314.21 2 3 3
41.6774 314.26 314.26 2 3 3
41.6774 314.31 314.31 2 3 3
41.6774 314.36 314.36 2 3 3
41.6774 314.41 314.41 2 3 3
41.6774 314.46 314.46 2 3 3
41.6774 314.51 314.51 2 3 3
41.6774 314.56 314.56 2 3 3
41.6774 314.61 314.61 2 3 3
41.6774 314.66 314.66 2 3 3
41.6774 314.71 314.71 2 3 3
41.6774 314.76 314.76 2 3 3
41.6774 314.81 314.81 2 3 3
41.6774 314.86 314.86 2 3 3
41.6774 314.91 314.91 2 3 3
41.6774 314.96 314.96 2 3 3
41.6774 315.01 315.01 2 3 3
41.6774 315.06 315.06 2 3 3
41.6774 315.11 315.11 2 3 3
41.6774 315.16 315.16 2 3 3
41.6774 315.21 315.21 2 3 3
41.6774 315.26 315.26 2 3 3
41.6774 315.31 315.31 2 3 3
41.6774 315.36 315.36 2 3 3
41.6774 315.41 315.41 2 3 3
41.6774 315.46 315.46 2 3 3
41.6774 315.51 315.51 2 3 3
41.6774 315.56 315.56 2 3 3
41.6774 315.61 315.61 2 3 3
41.6774 315.66 315.66 2 3 3
41.6774 315.71 315.71 2 3 3
41.6774 315.76 315.76 2 3 3
41.6774 315.81 315.81 2 3 3
41.6774 315.86 315.86 2 3 3
41.6774 315.91 315.91 2 3 3
41.6774 315.96 315.96 2 3 3
41.6774 316.01 316.01 2 3 3
41.6774 316.06 316.06 2 3 3
41.6774 316.11 316.11 2 3 3
41.6774 316.16 316.16 2 3 3
41.6774 316.21 316.21 2 3 3
41.6774 316.26 316.26 2 3 3
41.6774 316.31 316.31 2 3 3
41.6774 316.36 316.36 2 3 3
41.6774 316.41 316.41 2 3 3
41.6774 316.46 316.46 2 3 3
41.6774 316.51 316.51 2 3 3
41.6774 316.56 316.56 2 3 3
41.6774 316.61 316.61 2 3 3
41.6774 316.66 316.66 2 3 3
41.6774 316.71 316.71 2 3 3
41.6774 316.76 316.76 2 3 3
41.6774 316.81 316.81 2 3 3
41.6774 316.86 316.86 2 3 3
41.6774 316.91 316.91 2 3 3
41.6774 316.96 316.96 2 3 3
41.6774 317.01 317.01 2 3 3
41.6774 317.06 317.06 2 3 3
41.6774 317.11 317.11 2 3 3
41.6774 317.16 317.16 2 3 3
41.6774 317.21 317.21 2 3 3
41.6774 317.26 317.26 2 3 3
41.6774 317.31 317.31 2 3 3
41.6774 317.36 317.36 2 3 3
41.6774 317.41 317.41 2 3 3
41.6774 317.46 317.46 2 3 3
41.6774 317.51 317.51 2 3 3
41.6774 317.56 317.56 2 3 3
41.6774 317.61 317.61 2 3 3
41.6774 317.66 317.66 2 3 3
41.6774 317.71 317.71 2 3 3
41.6774 317.76 317.76 2 3 3
41.6774 317.81 317.81 2 3 3
41.6774 317.86 317.86 2 3 3
41.6774 317.91 317.91 2 3 3
41.6774 317.96 317.96 2 3 3
41.6774 318.01 318.01 2 3 3
41.6774 318.06 318.06 2 3 3
41.6774 318.11 318.11 2 3 3
41.6774 318.16 318.16 2 3 3
41.6774 318.21 318.21 2 3 3
41.6774 318.26 318.26 2 3 3
41.6774 318.31 318.31 2 3 3
41.6774 318.36 318.36 2 3 3
41.6774 318.41 318.41 2 3 3
41.6774 318.46 318.46 2 3 3
41.6774 318.51 318.51 2 3 3
41.6774 318.56 318.56 2 3 3
41.6774 318.61 318.61 2 3 3
41.6774 318.66 318.66 2 3 3
41.6774 318.71 318.71 2 3 3
41.6774 318.76 318.76 2 3 3
41.6774 318.81 318.81 2 3 3
41.6774 318.86 318.86 2 3 3
41.6774 318.91 318.91 2 3 3
41.6774 318.96 318.96 2 3 3
41.6774 319.01 319.01 2 3 3
41.6774 319.06 319.06 2 3 3
41.6774 319.11 319.11 2 3 3
41.6774 319.16 319.16 2 3 3
41.6774 319.21 319.21 2 3 3
41.6774 319.26 319.26 2 3 3
41.6774 319.31 319.31 2 3 3
41.6774 319.36 319.36 2 3 3
41.6774 319.41 319.41 2 3 3
41.6774 319.46 319.46 2 3 3
41.6774 319.51 319.51 2 3 3
41.6774 319.56 319.56 2 3 3
41.6774 319.61 319.61 2 3 3
41.6774 319.66 319.66 2 3 3
41.6774 319.71 319.71 2 3 3
41.6774 319.76 319.76 2 3 3
41.6774 319.81 319.81 2 3 3
41.6774 319.86 319.86 2 3 3
41.6774 319.91 319.91 2 3 3
41.6774 319.96 319.96 2 3 3
41.6774 320.01 320.01 2 3 3
41.6774 320.06 320.06 2 3 3
41.6774 320.11 320.11 2 3 3
41.6774 320.16 320.16 2 3 3
41.6774 320.21 320.21 2 3 3
41.6774 320.26 320.26 2 3 3
41.6774 320.31 320.31 2 3 3
41.6774 320.36 320.36 2 3 3
41.6774 320.41 320.41 2 3 3
41.6774 320.46 320.46 2 3 3
41.6774 320.51 320.51 2 3 3
41.6774 320.56 320.56 2 3 3
41.6774 320.61 320.61 2 3 3
41.6774 320.66 320.66 2 3 3
41.6774 320.71 320.71 2 3 3
41.6774 320.76 320.76 2 3 3
41.6774 320.81 320.81 2 3 3
41.6774 320.86 320.86 2 3 3
41.6774 320.91 320.91 2 3 3
41.6774 320.96 320.96 2 3 3
41.6774 321.01 321.01 2 3 3
41.6774 321.06 321.06 2 3 3
41.6774 321.11 321.11 2 3 3
41.6774 321.16 321.16 2 3 3
41.6774 321.21 321.21 2 3 3
41.6774 321.26 321.26 2 3 3
41.6774 321.31 321.31 2 3 3
41.6774 321.36 321.36 2 3 3
41.6774 321.41 321.41 2 3 3
41.6774 321.46 321.46 2 3 3
41.6774 321.51 321.51 2 3 3
41.6774 321.56 321.56 2 3 3
41.6774 321.61 321.61 2 3 3
41.6774 321.66 321.66 2 3 3
41.6774 321.71 321.71 2 3 3
41.6774 321.76 321.76 2 3 3
41.6774 321.81 321.81 2 3 3
41.6774 321.86 321.86 2 3 3
41.6774 321.91 321.91 2 3 3
41.6774 321.96 321.96 2 3 3
41.6774 322.01 322.01 2 3 3
41.6774 322.06 322.06 2 3 3
41.6774 322.11 322.11 2 3 3
41.6774 322.16 322.16 2 3 3
41.6774 322.21 322.21 2 3 3
41.6774 322.26 322.26 2 3 3
41.6774 322.31 322.31 2 3 3
41.6774 322.36 322.36 2 3 3
41.6774 322.41 322.41 2 3 3
41.6774 322.46 322.46 2 3 3
41.6774 322.51 322.51 2 3 3
41.6774 322.56 322.56 2 3 3
41.6774 322.61 322.61 2 3 3
41.6774 322.66 322.66 2 3 3
41.6774 322.71 322.71 2 3 3
41.6774 322.76 322.76 2 3 3
41.6774 322.81 322.81 2 3 3
41.6774 322.86 322.86 2 3 3
41.6774 322.91 322.91 2 3 3
41.6774 322.96 322.96 2 3 3
41.6774 323.01 323.01 2 3 3
41.6774 323.06 323.06 2 3 3
41.6774 323.11 323.11 2 3 3
41.6774 323.16 323.16 2 3 3
41.6774 323.21 323.21 2 3 3
41.6774 323.26 323.26 2 3 3
41.6774 323.31 323.31 2 3 3
41.6774 323.36 323.36 2 3 3
41.6774 323.41 323.41 2 3 3
41.6774 323.46 323.46 2 3 3
41.6774 323.51 323.51 2 3 3
41.6774 323.56 323.56 2 3 3
41.6774 323.61 323.61 2 3 3
41.6774 323.66 323.66 2 3 3
41.6774 323.71 323.71 2 3 3
41.6774 323.76 323.76 2 3 3
41.6774 323.81 323.81 2 3 3
41.6774 323.86 323.86 2 3 3
41.6774 323.91 323.91 2 3 3
41.6774 323.96 323.96 2 3 3
41.6774 324.01 324.01 2 3 3
41.6774 324.06 324.06 2 3 3
41.6774 324.11 324.11 2 3 3
41.6774 324.16 324.16 2 3 3
41.6774 324.21 324.21 2 3 3
41.6774 324.26 324.26 2 3 3
41.6774 324.31 324.31 2 3 3
41.6774 324.36 324.36 2 3 3
41.6774 324.41 324.41 2 3 3
41.6774 324.46 324.46 2 3 3
41.6774 324.51 324.51 2 3 3
41.6774 324.56 324.56 2 3 3
41.6774 324.61 324.61 2 3 3
41.6774 324.66 324.66 2 3 3
41.6774 324.71 324.71 2 3 3
41.6774 324.76 324.76 2 3 3
41.6774 324.81 324.81 2 3 3
41.6774 324.86 324.86 2 3 3
41.6774 324.91 324.91 2 3 3
41.6774 324.96 324.96 2 3 3
41.6774 325.01 325.01 2 3 3
41.6774 325.06 325.06 2 3 3
41.6774 325.11 325.11 2 3 3
41.6774 325.16 325.16 2 3 3
41.6774 325.21 325.21 2 3 3
41.6774 325.26 325.26 2 3 3
41.6774 325.31 325.31 2 3 3
41.6774 325.36 325.36 2 3 3
41.6774 325.41 325.41 2 3 3
41.6774 325.46 325.46 2 3 3
41.6774 325.51 325.51 2 3 3
41.6774 325.56 325.56 2 3 3
41.6774 325.61 325.61 2 3 3
41.6774 325.66 325.66 2 3 3
41.6774 325.71 325.71 2 3 3
41.6774 325.76 325.76 2 3 3
41.6774 325.81 325.81 2 3 3
41.6774 325.86 325.86 2 3 3
41.6774 325.91 325.91 2 3 3
41.6774 325.96 325.96 2 3 3
41.6774 326.01 326.01 2 3 3
41.6774 326.06 326.06 2 3 3
41.6774 326.11 326.11 2 3 3
41.6774 326.16 326.16 2 3 3
41.6774 326.21 326.21 2 3 3
41.6774 326.26 326.26 2 3 3
41.6774 326.31 326.31 2 3 3
41.6774 326.36 326.36 2 3 3
41.6774 326.41 326.41 2 3 3
41.6774 326.46 326.46 2 3 3
41.6774 326.51 326.51 2 3 3
41.6774 326.56 326.56 2 3 3
41.6774 326.61 326.61 2 3 3
41.6774 326.66 326.66 2 3 3
41.6774 326.71 326.71 2 3 3
41.6774 326.76 326.76 2 3 3
41.6774 326.81 326.81 2 3 3
41.6774 326.86 326.86 2 3 3
41.6774 326.91 326.91 2 3 3
41.6774 326.96 326.96 2 3 3
41.6774 327.01 327.01 2 3 3
41.6774 327.06 327.06 2 3 3
41.6774 327.11 327.11 2 3 3
41.6774 327.16 327.16 2 3 3
41.6774 327.21 327.21 2 3 3
41.6774 327.26 327.26 2 3 3
41.6774 327.31 327.31 2 3 3
41.6774 327.36 327.36 2 3 3
41.6774 327.41 327.41 2 3 3
41.6774 327.46 327.46 2 3 3
41.6774 327.51 327.51 2 3 3
41.6774 327.56 327.56 2 3 3
41.6774 327.61 327.61 2 3 3
41.6774 327.66 327.66 2 3 3
41.6774 327.71 327.71 2 3 3
41.6774 327.76 327.76 2 3 3
41.6774 327.81 327.81 2 3 3
41.6774 327.86 327.86 2 3 3
41.6774 327.91 327.91 2 3 3
41.6774 327.96 327.96 2 3 3
41.6774 328.01 328.01 2 3 3
41.6774 328.06 328.06 2 3 3
41.6774 328.11 328.11 2 3 3
41.6774 328.16 328.16 2 3 3
41.6774 328.21 328.21 2 3 3
41.6774 328.26 328.26 2 3 3
41.6774 328.31 328.31 2 3 3
41.6774 328.36 328.36 2 3 3
41.6774 328.41 328.41 2 3 3
41.6774 328.46 328.46 2 3 3
41.6774 328.51 328.51 2 3 3
41.6774 328.56 328.56 2 3 3
41.6774 328.61 328.61 2 3 3
41.6774 328.66 328.66 2 3 3
41.6774 328.71 328.71 2 3 3
41.6774 328.76 328.76 2 3 3
41.6774 328.81 328.81 2 3 3
41.6774 328.86 328.86 2 3 3
41.6774 328.91 328.91 2 3 3
41.6774 328.96 328.96 2 3 3
41.6774 329.01 329.01 2 3 3
41.6774 329.06 329.06 2 3 3
41.6774 329.11 329.11 2 3 3
41.6774 329.16 329.16 2 3 3
41.6774 329.21 329.21 2 3 3
41.6774 329.26 329.26 2 3 3
41.6774 329.31 329.31 2 3 3
41.6774 329.36 329.36 2 3 3
41.6774 329.41 329.41 2 3 3
41.6774 329.46 329.46 2 3 3
41.6774 329.51 329.51 2 3 3
41.6774 329.56 329.56 2 3 3
41.6774 329.61 329.61 2 3 3
41.6774 329.66 329.66 2 3 3
41.6774 329.71 329.71 2 3 3
41.6774 329.76 329.76 2 3 3
41.6774 329.81 329.81 2 3 3
41.6774 329.86 329.86 2 3 3
41.6774 329.91 329.91 2 3 3
41.6774 329.96 329.96 2 3 3
41.6774 330.01 330.01 2 3 3
41.6774 330.06 330.06 2 3 3
41.6774 330.11 330.11 2 3 3
41.6774 330.16 330.16 2 3 3
41.6774 330.21 330.21 2 3 3
41.6774 330.26 330.26 2 3 3
41.6774 330.31 330.31 2 3 3
41.6774 330.36 330.36 2 3 3
41.6774 330.41 330.41 2 3 3
41.6774 330.46 330.46 2 3 3
41.6774 330.51 330.51 2 3 3
41.6774 330.56 330.56 2 3 3
41.6774 330.61 330.61 2 3 3
41.6774 330.66 330.66 2 3 3
41.6774 330.71 330.71 2 3 3
41.6774 330.76 330.76 2 3 3
41.6774 330.81 330.81 2 3 3
41.6774 330.86 330.86 2 3 3
41.6774 330.91 330.91 2 3 3
41.6774 330.96 330.96 2 3 3
41.6774 331.01 331.01 2 3 3
41.6774 331.06 331.06 2 3 3
41.6774 331.11 331.11 2 3 3
41.6774 331.16 331.16 2 3 3
41.6774 331.21 331.21 2 3 3
41.6774 331.26 331.26 2 3 3
41.6774 331.31 331.31 2 3 3
41.6774 331.36 331.36 2 3 3
41.6774 331.41 331.41 2 3 3
41.6774 331.46 331.46 2 3 3
41.6774 331.51 331.51 2 3 3
41.6774 331.56 331.56 2 3 3
41.6774 331.61 331.61 2 3 3
41.6774 331.66 331.66 2 3 3
41.6774 331.71 331.71 2 3 3
41.6774 331.76 331.76 2 3 3
41.6774 331.81 331.81 2 3 3
41.6774 331.86 331.86 2 3 3
41.6774 331.91 331.91 2 3 3
41.6774 331.96 331.96 2 3 3
41.6774 332.01 332.01 2 3 3
41.6774 332.06 332.06 2 3 3
41.6774 332.11 332.11 2 3 3
41.6774 332.16 332.16 2 3 3
41.6774 332.21 332.21 2 3 3
41.6774 332.26 332.26 2 3 3
41.6774 332.31 332.31 2 3 3
41.6774 332.36 332.36 2 3 3
41.6774 332.41 332.41 2 3 3
41.6774 332.46 332.46 2 3 3
41.6774 332.51 332.51 2 3 3
41.6774 332.56 332.56 2 3 3
41.6774 332.61 332.61 2 3 3
41.6774 332.66 332.66 2 3 3
41.6774 332.71 332.71 2 3 3
41.6774 332.76 332.76 2 3 3
41.6774 332.81 332.81 2 3 3
41.6774 332.86 332.86 2 3 3
41.6774 332.91 332.91 2 3 3
41.6774 332.96 332.96 2 3 3
41.6774 333.01 333.01 2 3 3
41.6774 333.06 333.06 2 3 3
41.6774 333.11 333.11 2 3 3
41.6774 333.16 333.16 2 3 3
41.6774 333.21 333.21 2 3 3
41.6774 333.26 333.26 2 3 3
41.6774 333.31 333.31 2 3 3
41.6774 333.36 333.36 2 3 3
41.6774 333.41 333.41 2 3 3
41.6774 333.46 333.46 2 3 3
41.6774 333.51 333.51 2 3 3
41.6774 333.56 333.56 2 3 3
41.6774 333.61 333.61 2 3 3
41.6774 333.66 333.66 2 3 3
41.6774 333.71 333.71 2 3 3
41.6774 333.76 333.76 2 3 3
41.6774 333.81 333.81 2 3 3
41.6774 333.86 333.86 2 3 3
41.6774 333.91 333.91 2 3 3
41.6774 333.96 333.96 2 3 3
41.6774 334.01 334.01 2 3 3
41.6774 334.06 334.06 2 3 3
41.6774 334.11 334.11 2 3 3
41.6774 334.16 334.16 2 3 3
41.6774 334.21 334.21 2 3 3
41.6774 334.26 334.26 2 3 3
41.6774 334.31 334.31 2 3 3
41.6774 334.36 334.36 2 3 3
41.6774 334.41 334.41 2 3 3
41.6774 334.46 334.46 2 3 3
41.6774 334.51 334.51 2 3 3
41.6774 334.56 334.56 2 3 3
41.6774 334.61 334.61 2 3 3
41.6774 334.66 334.66 2 3 3
41.6774 334.71 334.71 2 3 3
41.6774 334.76 334.76 2 3 3
41.6774 334.81 334.81 2 3 3
41.6774 334.86 334.86 2 3 3
41.6774 334.91 334.91 2 3 3
41.6774 334.96 334.96 2 3 3
41.6774 335.01 335.01 2 3 3
41.6774 335.06 335.06 2 3 3
41.6774 335.11 335.11 2 3 3
41.6774 335.16 335.16 2 3 3
41.6774 335.21 335.21 2 3 3
41.6774 335.26 335.26 2 3 3
41.6774 335.31 335.31 2 3 3
41.6774 335.36 335.36 2 3 3
41.6774 335.41 335.41 2 3 3
41.6774 335.46 335.46 2 3 3
41.6774 335.51 335.51 2 3 3
41.6774 335.56 335.56 2 3 3
41.6774 335.61 335.61 2 3 3
41.6774 335.66 335.66 2 3 3
41.6774 335.71 335.71 2 3 3
41.6774 335.76 335.76 2 3 3
41.6774 335.81 335.81 2 3 3
41.6774 335.86 335.86 2 3 3
41.6774 335.91 335.91 2 3 3
41.6774 335.96 335.96 2 3 3
41.6774 336.01 336.01 2 3 3
41.6774 336.06 336.06 2 3 3
41.6774 336.11 336.11 2 3 3
41.6774 336.16 336.16 2 3 3
41.6774 336.21 336.21 2 3 3
41.6774 336.26 336.26 2 3 3
41.6774 336.31 336.31 2 3 3
41.6774 336.36 336.36 2 3 3
41.6774 336.41 336.41 2 3 3
41.6774 336.46 336.46 2 3 3
41.6774 336.51 336.51 2 3 3
41.6774 336.56 336.56 2 3 3
41.6774 336.61 336.61 2 3 3
41.6774 336.66 336.66 2 3 3
41.6774 336.71 336.71 2 3 3
41.6774 336.76 336.76 2 3 3
41.6774 336.81 336.81 2 3 3
41.6774 336.86 336.86 2 3 3
41.6774 336.91 336.91 2 3 3
41.6774 336.96 336.96 2 3 3
41.6774 337.01 337.01 2 3 3
41.6774 337.06 337.06 2 3 3
41.6774 337.11 337.11 2 3 3
41.6774 337.16 337.16 2 3 3
41.6774 337.21 337.21 2 3 3
41.6774 337.26 337.26 2 3 3
41.6774 337.31 337.31 2 3 3
41.6774 337.36 337.36 2 3 3
41.6774 337.41 337.41 2 3 3
41.6774 337.46 337.46 2 3 3
41.6774 337.51 337.51 2 3 3
41.6774 337.56 337.56 2 3 3
41.6774 337.61 337.61 2 3 3
41.6774 337.66 337.66 2 3 3
41.6774 337.71 337.71 2 3 3
41.6774 337.76 337.76 2 3 3
41.6774 337.81 337.81 2 3 3
41.6774 337.86 337.86 2 3 3
41.6774 337.91 337.91 2 3 3
41.6774 337.96 337.96 2 3 3
41.6774 338.01 338.01 2 3 3
41.6774 338.06 338.06 2 3 3
41.6774 338.11 338.11 2 3 3
41.6774 338.16 338.16 2 3 3
41.6774 338.21 338.21 2 3 3
41.6774 338.26 338.26 2 3 3
41.6774 338.31 338.31 2 3 3
41.6774 338.36 338.36 2 3 3
41.6774 338.41 338.41 2 3 3
41.6774 338.46 338.46 2 3 3
41.6774 338.51 338.51 2 3 3
41.6774 338.56 338.56 2 3 3
41.6774 338.61 338.61 2 3 3
41.6774 338.66 338.66 2 3 3
41.6774 338.71 338.71 2 3 3
41.6774 338.76 338.76 2 3 3
41.6774 338.81 338.81 2 3 3
41.6774 338.86 338.86 2 3 3
41.6774 338.91 338.91 2 3 3
41.6774 338.96 338.96 2 3 3
41.6774 339.01 339.01 2 3 3
41.6774 339.06 339.06 2 3 3
41.6774 339.11 339.11 2 3 3
41.6774 339.16 339.16 2 3 3
41.6774 339.21 339.21 2 3 3
41.6774 339.26 339.26 2 3 3
41.6774 339.31 339.31 2 3 3
41.6774 339.36 339.36 2 3 3
41.6774 339.41 339.41 2 3 3
41.6774 339.46 339.46 2 3 3
41.6774 339.51 339.51 2 3 3
41.6774 339.56 339.56 2 3 3
41.6774 339.61 339.61 2 3 3
41.6774 339.66 339.66 2 3 3
41.6774 339.71 339.71 2 3 3
41.6774 339.76 339.76 2 3 3
41.6774 339.81 339.81 2 3 3
41.6774 339.86 339.86 2 3 3
41.6774 339.91 339.91 2 3 3
41.6774 339.96 339.96 2 3 3
41.6774 340.01 340.01 2 3 3
41.6774 340.06 340.06 2 3 3
41.6774 340.11 340.11 2 3 3
41.6774 340.16 340.16 2 3 3
41.6774 340.21 340.21 2 3 3
41.6774 340.26 340.26 2 3 3
41.6774 340.31 340.31 2 3 3
41.6774 340.36 340.36 2 3 3
41.6774 340.41 340.41 2 3 3
41.6774 340.46 340.46 2 3 3
41.6774 340.51 340.51 2 3 3
41.6774 340.56 340.56 2 3 3
41.6774 340.61 340.61 2 3 3
41.6774 340.66 340.66 2 3 3
41.6774 340.71 340.71 2 3 3
41.6774 340.76 340.76 2 3 3
41.6774 340.81 340.81 2 3 3
41.6774 340.86 340.86 2 3 3
41.6774 340.91 340.91 2 3 3
41.6774 340.96 340.96 2 3 3
41.6774 341.01 341.01 2 3 3
41.6774 341.06 341.06 2 3 3
41.6774 341.11 341.11 2 3 3
41.6774 341.16 341.16 2 3 3
41.6774 341.21 341.21 2 3 3
41.6774 341.26 341.26 2 3 3
41.6774 341.31 341.31 2 3 3
41.6774 341.36 341.36 2 3 3
41.6774 341.41 341.41 2 3 3
41.6774 341.46 341.46 2 3 3
41.6774 341.51 341.51 2 3 3
41.6774 341.56 341.56 2 3 3
41.6774 341.61 341.61 2 3 3
41.6774 341.66 341.66 2 3 3
41.6774 341.71 341.71 2 3 3
41.6774 341.76 341.76 2 3 3
41.6774 341.81 341.81 2 3 3
41.6774 341.86 341.86 2 3 3
41.6774 341.91 341.91 2 3 3
41.6774 341.96 341.96 2 3 3
41.6774 342.01 342.01 2 3 3
41.6774 342.06 342.06 2 3 3
41.6774 342.11 342.11 2 3 3
41.6774 342.16 342.16 2 3 3
41.6774 342.21 342.21 2 3 3
41.6774 342.26 342.26 2 3 3
41.6774 342.31 342.31 2 3 3
41.6774 342.36 342.36 2 3 3
41.6774 342.41 342.41 2 3 3
41.6774 342.46 342.46 2 3 3
41.6774 342.51 342.51 2 3 3
41.6774 342.56 342.56 2 3 3
41.6774 342.61 342.61 2 3 3
41.6774 342.66 342.66 2 3 3
41.6774 342.71 342.71 2 3 3
41.6774 342.76 342.76 2 3 3
41.6774 342.81 342.81 2 3 3
41.6774 342.86 342.86 2 3 3
41.6774 342.91 342.91 2 3 3
41.6774 342.96 342.96 2 3 3
41.6774 343.01 343.01 2 3 3
41.6774 343.06 343.06 2 3 3
41.6774 343.11 343.11 2 3 3
41.6774 343.16 343.16 2 3 3
41.6774 343.21 343.21 2 3 3
41.6774 343.26 343.26 2 3 3
41.6774 343.31 343.31 2 3 3
41.6774 343.36 343.36 2 3 3
41.6774 343.41 343.41 2 3 3
41.6774 343.46 343.46 2 3 3
41.6774 343.51 343.51 2 3 3
41.6774 343.56 343.56 2 3 3
41.6774 343.61 343.61 2 3 3
41.6774 343.66 343.66 2 3 3
41.6774 343.71 343.71 2 3 3
41.6774 343.76 343.76 2 3 3
41.6774 343.81 343.81 2 3 3
41.6774 343.86 343.86 2 3 3
41.6774 343.91 343.91 2 3 3
41.6774 343.96 343.96 2 3 3
41.6774 344.01 344.01 2 3 3
41.6774 344.06 344.06 2 3 3
41.6774 344.11 344.11 2 3 3
41.6774 344.16 344.16 2 3 3
41.6774 344.21 344.21 2 3 3
41.6774 344.26 344.26 2 3 3
41.6774 344.31 344.31 2 3 3
41.6774 344.36 344.36 2 3 3
41.6774 344.41 344.41 2 3 3
41.6774 344.46 344.46 2 3 3
41.6774 344.51 344.51 2 3 3
41.6774 344.56 344.56 2 3 3
41.6774 344.61 344.61 2 3 3
41.6774 344.66 344.66 2 3 3
41.6774 344.71 344.71 2 3 3
41.6774 344.76 344.76 2 3 3
41.6774 344.81 344.81 2 3 3
41.6774 344.86 344.86 2 3 3
41.6774 344.91 344.91 2 3 3
41.6774 344.96 344.96 2 3 3
41.6774 345.01 345.01 2 3 3
41.6774 345.06 345.06 2 3 3
41.6774 345.11 345.11 2 3 3
41.6774 345.16 345.16 2 3 3
41.6774 345.21 345.21 2 3 3
41.6774 345.26 345.26 2 3 3
41.6774 345.31 345.31 2 3 3
41.6774 345.36 345.36 2 3 3
41.6774 345.41 345.41 2 3 3
41.6774 345.46 345.46 2 3 3
41.6774 345.51 345.51 2 3 3
41.6774 345.56 345.56 2 3 3
41.6774 345.61 345.61 2 3 3
41.6774 345.66 345.66 2 3 3
41.6774 345.71 345.71 2 3 3
41.6774 345.76 345.76 2 3 3
41.6774 345.81 345.81 2 3 3
41.6774 345.86 345.86 2 3 3
41.6774 345.91 345.91 2 3 3
41.6774 345.96 345.96 2 3 3
41.6774 346.01 346.01 2 3 3
41.6774 346.06 346.06 2 3 3
41.6774 346.11 346.11 2 3 3
41.6774 346.16 346.16 2 3 3
41.6774 346.21 346.21 2 3 3
41.6774 346.26 346.26 2 3 3
41.6774 346.31 346.31 2 3 3
41.6774 346.36 346.36 2 3 3
41.6774 346.41 346.41 2 3 3
41.6774 346.46 346.46 2 3 3
41.6774 346.51 346.51 2 3 3
41.6774 346.56 346.56 2 3 3
41.6774 346.61 346.61 2 3 3
41.6774 346.66 346.66 2 3 3
41.6774 346.71 346.71 2 3 3
41.6774 346.76 346.76 2 3 3
41.6774 346.81 346.81 2 3 3
41.6774 346.86 346.86 2 3 3
41.6774 346.91 346.91 2 3 3
41.6774 346.96 346.96 2 3 3
41.6774 347.01 347.01 2 3 3
41.6774 347.06 347.06 2 3 3
41.6774 347.11 347.11 2 3 3
41.6774 347.16 347.16 2 3 3
41.6774 347.21 347.21 2 3 3
41.6774 347.26 347.26 2 3 3
41.6774 347.31 347.31 2 3 3
41.6774 347.36 347.36 2 3 3
41.6774 347.41 347.41 2 3 3
41.6774 347.46 347.46 2 3 3
41.6774 347.51 347.51 2 3 3
41.6774 347.56 347.56 2 3 3
41.6774 347.61 347.61 2 3 3
41.6774 347.66 347.66 2 3 3
41.6774 347.71 347.71 2 3 3
41.6774 347.76 347.76 2 3 3
41.6774 347.81 347.81 2 3 3
41.6774 347.86 347.86 2 3 3
41.6774 347.91 347.91 2 3 3
41.6774 347.96 347.96 2 3 3
41.6774 348.01 348.01 2 3 3
41.6774 348.06 348.06 2 3 3
41.6774 348.11 348.11 2 3 3
41.6774 348.16 348.16 2 3 3
41.6774 348.21 348.21 2 3 3
41.6774 348.26 348.26 2 3 3
41.6774 348.31 348.31 2 3 3
41.6774 348.36 348.36 2 3 3
41.6774 348.41 348.41 2 3 3
41.6774 348.46 348.46 2 3 3
41.6774 348.51 348.51 2 3 3
41.6774 348.56 348.56 2 3 3
41.6774 348.61 348.61 2 3 3
41.6774 348.66 348.66 2 3 3
41.6774 348.71 348.71 2 3 3
41.6774 348.76 348.76 2 3 3
41.6774 348.81 348.81 2 3 3
41.6774 348.86 348.86 2 3 3
41.6774 348.91 348.91 2 3 3
41.6774 348.96 348.96 2 3 3
41.6774 349.01 349.01 2 3 3
41.6774 349.06 349.06 2 3 3
41.6774 349.11 349.11 2 3 3
41.6774 349.16 349.16 2 3 3
41.6774 349.21 349.21 2 3 3
41.6774 349.26 349.26 2 3 3
41.6774 349.31 349.31 2 3 3
41.6774 349.36 349.36 2 3 3
41.6774 349.41 349.41 2 3 3
41.6774 349.46 349.46 2 3 3
41.6774 349.51 349.51 2 3 3
41.6774 349.56 349.56 2 3 3
41.6774 349.61 349.61 2 3 3
41.6774 349.66 349.66 2 3 3
41.6774 349.71 349.71 2 3 3
41.6774 349.76 349.76 2 3 3
41.6774 349.81 349.81 2 3 3
41.6774 349.86 349.86 2 3 3
41.6774 349.91 349.91 2 3 3
41.6774 349.96 349.96 2 3 3
41.6774 350.01 350.01 2 3 3
41.6774 350.06 350.06 2 3 3
41.6774 350.11 350.11 2 3 3
41.6774 350.16 350.16 2 3 3
41.6774 350.21 350.21 2 3 3
41.6774 350.26 350.26 2 3 3
41.6774 350.31 350.31 2 3 3
41.6774 350.36 350.36 2 3 3
41.6774 350.41 350.41 2 3 3
41.6774 350.46 350.46 2 3 3
41.6774 350.51 350.51 2 3 3
41.6774 350.56 350.56 2 3 3
41.6774 350.61 350.61 2 3 3
41.6774 350.66 350.66 2 3 3
41.6774 350.71 350.71 2 3 3
41.6774 350.76 350.76 2 3 3
41.6774 350.81 350.81 2 3 3
41.6774 350.86 350.86 2 3 3
41.6774 350.91 350.91 2 3 3
41.6774 350.96 350.96 2 3 3
41.6774 351.01 351.01 2 3 3
41.6774 351.06 351.06 2 3 3
41.6774 351.11 351.11 2 3 3
41.6774 351.16 351.16 2 3 3
41.6774 351.21 351.21 2 3 3
41.6774 351.26 351.26 2 3 3
41.6774 351.31 351.31 2 3 3
41.6774 351.36 351.36 2 3 3
41.6774 351.41 351.41 2 3 3
41.6774 351.46 351.46 2 3 3
41.6774 351.51 351.51 2 3 3
41.6774 351.56 351.56 2 3 3
41.6774 351.61 351.61 2 3 3
41.6774 351.66 351.66 2 3 3
41.6774 351.71 351.71 2 3 3
41.6774 351.76 351.76 2 3 3
41.6774 351.81 351.81 2 3 3
41.6774 351.86 351.86 2 3 3
41.6774 351.91 351.91 2 3 3
41.6774 351.96 351.96 2 3 3
41.6774 352.01 352.01 2 3 3
41.6774 352.06 352.06 2 3 3
41.6774 352.11 352.11 2 3 3
41.6774 352.16 352.16 2 3 3
41.6774 352.21 352.21 2 3 3
41.6774 352.26 352.26 2 3 3
41.6774 352.31 352.31 2 3 3
41.6774 352.36 352.36 2 3 3
41.6774 352.41 352.41 2 3 3
41.6774 352.46 352.46 2 3 3
41.6774 352.51 352.51 2 3 3
41.6774 352.56 352.56 2 3 3
41.6774 352.61 352.61 2 3 3
41.6774 352.66 352.66 2 3 3
41.6774 352.71 352.71 2 3 3
41.6774 352.76 352.76 2 3 3
41.6774 352.81 352.81 2 3 3
41.6774 352.86 352.86 2 3 3
41.6774 352.91 352.91 2 3 3
41.6774 352.96 352.96 2 3 3
41.6774 353.01 353.01 2 3 3
41.6774 353.06 353.06 2 3 3
41.6774 353.11 353.11 2 3 3
41.6774 353.16 353.16 2 3 3
41.6774 353.21 353.21 2 3 3
41.6774 353.26 353.26 2 3 3
41.6774 353.31 353.31 2 3 3
41.6774 353.36 353.36 2 3 3
41.6774 353.41 353.41 2 3 3
41.6774 353.46 353.46 2 3 3
41.6774 353.51 353.51 2 3 3
41.6774 353.56 353.56 2 3 3
41.6774 353.61 353.61 2 3 3
41.6774 353.66 353.66 2 3 3
41.6774 353.71 353.71 2 3 3
41.6774 353.76 353.76 2 3 3
41.6774 353.81 353.81 2 3 3
41.6774 353.86 353.86 2 3 3
41.6774 353.91 353.91 2 3 3
41.6774 353.96 353.96 2 3 3
41.6774 354.01 354.01 2 3 3
41.6774 354.06 354.06 2 3 3
41.6774 354.11 354.11 2 3 3
41.6774 354.16 354.16 2 3 3
41.6774 354.21 354.21 2 3 3
41.6774 354.26 354.26 2 3 3
41.6774 354.31 354.31 2 3 3
41.6774 354.36 354.36 2 3 3
41.6774 354.41 354.41 2 3 3
41.6774 354.46 354.46 2 3 3
41.6774 354.51 354.51 2 3 3
41.6774 354.56 354.56 2 3 3
41.6774 354.61 354.61 2 3 3
41.6774 354.66 354.66 2 3 3
41.6774 354.71 354.71 2 3 3
41.6774 354.76 354.76 2 3 3
41.6774 354.81 354.81 2 3 3
41.6774 354.86 354.86 2 3 3
41.6774 354.91 354.91 2 3 3
41.6774 354.96 354.96 2 3 3
41.6774 355.01 355.01 2 3 3
41.6774 355.06 355.06 2 3 3
41.6774 355.11 355.11 2 3 3
41.6774 355.16 355.16 2 3 3
41.6774 355.21 355.21 2 3 3
41.6774 355.26 355.26 2 3 3
41.6774 355.31 355.31 2 3 3
41.6774 355.36 355.36 2 3 3
41.6774 355.41 355.41 2 3 3
41.6774 355.46 355.46 2 3 3
41.6774 355.51 355.51 2 3 3
41.6774 355.56 355.56 2 3 3
41.6774 355.61 355.61 2 3 3
41.6774 355.66 355.66 2 3 3
41.6774 355.71 355.71 2 3 3
41.6774 355.76 355.76 2 3 3
41.6774 355.81 355.81 2 3 3
41.6774 355.86 355.86 2 3 3
41.6774 355.91 355.91 2 3 3
41.6774 355.96 355.96 2 3 3
41.6774 356.01 356.01 2 3 3
41.6774 356.06 356.06 2 3 3
41.6774 356.11 356.11 2 3 3
41.6774 356.16 356.16 2 3 3
41.6774 356.21 356.21 2 3 3
41.6774 356.26 356.26 2 3 3
41.6774 356.31 356.31 2 3 3
41.6774 356.36 356.36 2 3 3
41.6774 356.41 356.41 2 3 3
41.6774 356.46 356.46 2 3 3
41.6774 356.51 356.51 2 3 3
41.6774 356.56 356.56 2 3 3
41.6774 356.61 356.61 2 3 3
41.6774 356.66 356.66 2 3 3
41.6774 356.71 356.71 2 3 3
41.6774 356.76 356.76 2 3 3
41.6774 356.81 356.81 2 3 3
41.6774 356.86 356.86 2 3 3
41.6774 356.91 356.91 2 3 3
41.6774 356.96 356.96 2 3 3
41.6774 357.01 357.01 2 3 3
41.6774 357.06 357.06 2 3 3
41.6774 357.11 357.11 2 3 3
41.6774 357.16 357.16 2 3 3
41.6774 357.21 357.21 2 3 3
41.6774 357.26 357.26 2 3 3
41.6774 357.31 357.31 2 3 3
41.6774 357.36 357.36 2 3 3
41.6774 357.41 357.41 2 3 3
41.6774 357.46 357.46 2 3 3
41.6774 357.51 357.51 2 3 3
41.6774 357.56 357.56 2 3 3
41.6774 357.61 357.61 2 3 3
41.6774 357.66 357.66 2 3 3
41.6774 357.71 357.71 2 3 3
41.6774 357.76 357.76 2 3 3
41.6774 357.81 357.81 2 3 3
41.6774 357.86 357.86 2 3 3
41.6774 357.91 357.91 2 3 3
41.6774 357.96 357.96 2 3 3
41.6774 358.01 358.01 2 3 3
41.6774 358.06 358.06 2 3 3
41.6774 358.11 358.11 2 3 3
41.6774 358.16 358.16 2 3 3
41.6774 358.21 358.21 2 3 3
41.6774 358.26 358.26 2 3 3
41.6774 358.31 358.31 2 3 3
41.6774 358.36 358.36 2 3 3
41.6774 358.41 358.41 2 3 3
41.6774 358.46 358.46 2 3 3
41.6774 358.51 358.51 2 3 3
41.6774 358.56 358.56 2 3 3
41.6774 358.61 358.61 2 3 3
41.6774 358.66 358.66 2 3 3
41.6774 358.71 358.71 2 3 3
41.6774 358.76 358.76 2 3 3
41.6774 358.81 358.81 2 3 3
41.6774 358.86 358.86 2 3 3
41.6774 358.91 358.91 2 3 3
41.6774 358.96 358.96 2 3 3
41.6774 359.01 359.01 2 3 3
41.6774 359.06 359.06 2 3 3
41.6774 359.11 359.11 2 3 3
41.6774 359.16 359.16 2 3 3
41.6774 359.21 359.21 2 3 3
41.6774 359.26 359.26 2 3 3
41.6774 359.31 359.31 2 3 3
41.6774 359.36 359.36 2 3 3
41.6774 359.41 359.41 2 3 3
41.6774 359.46 359.46 2 3 3
41.6774 359.51 359.51 2 3 3
41.6774 359.56 359.56 2 3 3
41.6774 359.61 359.61 2 3 3
41.6774 359.66 359.66 2 3 3
41.6774 359.71 359.71 2 3 3
41.6774 359.76 359.76 2 3 3
41.6774 359.81 359.81 2 3 3
41.6774 359.86 359.86 2 3 3
41.6774 359.91 359.91 2 3 3
41.6774 359.96 359.96 2 3 3
41.6774 360.01 360.01 2 3 3
41.6774 360.06 360.06 2 3 3
41.6774 360.11 360.11 2 3 3
41.6774 360.16 360.16 2 3 3
41.6774 360.21 360.21 2 3 3
41.6774 360.26 360.26 2 3 3
41.6774 360.31 360.31 2 3 3
41.6774 360.36 360.36 2 3 3
41.6774 360.41 360.41 2 3 3
41.6774 360.46 360.46 2 3 3
41.6774 360.51 360.51 2 3 3
41.6774 360.56 360.56 2 3 3
41.6774 360.61 360.61 2 3 3
41.6774 360.66 360.66 2 3 3
41.6774 360.71 360.71 2 3 3
41.6774 360.76 360.76 2 3 3
41.6774 360.81 360.81 2 3 3
41.6774 360.86 360.86 2 3 3
41.6774 360.91 360.91 2 3 3
41.6774 360.96 360.96 2 3 3
41.6774 361.01 361.01 2 3 3
41.6774 361.06 361.06 2 3 3
41.6774 361.11 361.11 2 3 3
41.6774 361.16 361.16 2 3 3
41.6774 361.21 361.21 2 3 3
41.6774 361.26 361.26 2 3 3
41.6774 361.31 361.31 2 3 3
41.6774 361.36 361.36 2 3 3
41.6774 361.41 361.41 2 3 3
41.6774 361.46 361.46 2 3 3
41.6774 361.51 361.51 2 3 3
41.6774 361.56 361.56 2 3 3
41.6774 361.61 361.61 2 3 3
41.6774 361.66 361.66 2 3 3
41.6774 361.71 361.71 2 3 3
41.6774 361.76 361.76 2 3 3
41.6774 361.81 361.81 2 3 3
41.6774 361.86 361.86 2 3 3
41.6774 361.91 361.91 2 3 3
41.6774 361.96 361.96 2 3 3
41.6774 362.01 362.01 2 3 3
41.6774 362.06 362.06 2 3 3
41.6774 362.11 362.11 2 3 3
41.6774 362.16 362.16 2 3 3
41.6774 362.21 362.21 2 3 3
41.6774 362.26 362.26 2 3 3
41.6774 362.31 362.31 2 3 3
41.6774 362.36 362.36 2 3 3
41.6774 362.41 362.41 2 3 3
41.6774 362.46 362.46 2 3 3
41.6774 362.51 362.51 2 3 3
41.6774 362.56 362.56 2 3 3
41.6774 362.61 362.61 2 3 3
41.6774 362.66 362.66 2 3 3
41.6774 362.71 362.71 2 3 3
41.6774 362.76 362.76 2 3 3
41.6774 362.81 362.81 2 3 3
41.6774 362.86 362.86 2 3 3
41.6774 362.91 362.91 2 3 3
41.6774 362.96 362.96 2 3 3
41.6774 363.01 363.01 2 3 3
41.6774 363.06 363.06 2 3 3
41.6774 363.11 363.11 2 3 3
41.6774 363.16 363.16 2 3 3
41.6774 363.21 363.21 2 3 3
41.6774 363.26 363.26 2 3 3
41.6774 363.31 363.31 2 3 3
41.6774 363.36 363.36 2 3 3
41.6774 363.41 363.41 2 3 3
41.6774 363.46 363.46 2 3 3
41.6774 363.51 363.51 2 3 3
41.6774 363.56 363.56 2 3 3
41.6774 363.61 363.61 2 3 3
41.6774 363.66 363.66 2 3 3
41.6774 363.71 363.71 2 3 3
41.6774 363.76 363.76 2 3 3
41.6774 363.81 363.81 2 3 3
41.6774 363.86 363.86 2 3 3
41.6774 363.91 363.91 2 3 3
41.6774 363.96 363.96 2 3 3
41.6774 364.01 364.01 2 3 3
41.6774 364.06 364.06 2 3 3
41.6774 364.11 364.11 2 3 3
41.6774 364.16 364.16 2 3 3
41.6774 364.21 364.21 2 3 3
41.6774 364.26 364.26 2 3 3
41.6774 364.31 364.31 2 3 3
41.6774 364.36 364.36 2 3 3
41.6774 364.41 364.41 2 3 3
41.6774 364.46 364.46 2 3 3
41.6774 364.51 364.51 2 3 3
41.6774 364.56 364.56 2 3 3
41.6774 364.61 364.61 2 3 3
41.6774 364.66 364.66 2 3 3
41.6774 364.71 364.71 2 3 3
41.6774 364.76 364.76 2 3 3
41.6774 364.81 364.81 2 3 3
41.6774 364.86 364.86 2 3 3
41.6774 364.91 364.91 2 3 3
41.6774 364.96 364.96 2 3 3
41.6774 365.01 365.01 2 3 3
41.6774 365.06 365.06 2 3 3
41.6774 365.11 365.11 2 3 3
41.6774 365.16 365.16 2 3 3
41.6774 365.21 365.21 2 3 3
41.6774 365.26 365.26 2 3 3
41.6774 365.31 365.31 2 3 3
41.6774 365.36 365.36 2 3 3
41.6774 365.41 365.41 2 3 3
41.6774 365.46 365.46 2 3 3
41.6774 365.51 365.51 2 3 3
41.6774 365.56 365.56 2 3 3
41.6774 365.61 365.61 2 3 3
41.6774 365.66 365.66 2 3 3
41.6774 365.71 365.71 2 3 3
41.6774 365.76 365.76 2 3 3
41.6774 365.81 365.81 2 3 3
41.6774 365.86 365.86 2 3 3
41.6774 365.91 365.91 2 3 3
41.6774 365.96 365.96 2 3 3
41.6774 366.01 366.01 2 3 3
41.6774 366.06 366.06 2 3 3
41.6774 366.11 366.11 2 3 3
41.6774 366.16 366.16 2 3 3
41.6774 366.21 366.21 2 3 3
41.6774 366.26 366.26 2 3 3
41.6774 366.31 366.31 2 3 3
41.6774 366.36 366.36 2 3 3
41.6774 366.41 366.41 2 3 3
41.6774 366.46 366.46 2 3 3
41.6774 366.51 366.51 2 3 3
41.6774 366.56 366.56 2 3 3
41.6774 366.61 366.61 2 3 3
41.6774 366.66 366.66 2 3 3
41.6774 366.71 366.71 2 3 3
41.6774 366.76 366.76 2 3 3
41.6774 366.81 366.81 2 3 3
41.6774 366.86 366.86 2 3 3
41.6774 366.91 366.91 2 3 3
41.6774 366.96 366.96 2 3 3
41.6774 367.01 367.01 2 3 3
41.6774 367.06 367.06 2 3 3
41.6774 367.11 367.11 2 3 3
41.6774 367.16 367.16 2 3 3
41.6774 367.21 367.21 2 3 3
41.6774 367.26 367.26 2 3 3
41.6774 367.31 367.31 2 3 3
41.6774 367.36 367.36 2 3 3
41.6774 367.41 367.41 2 3 3
41.6774 367.46 367.46 2 3 3
41.6774 367.51 367.51 2 3 3
41.6774 367.56 367.56 2 3 3
41.6774 367.61 367.61 2 3 3
41.6774 367.66 367.66 2 3 3
41.6774 367.71 367.71 2 3 3
41.6774 367.76 367.76 2 3 3
41.6774 367.81 367.81 2 3 3
41.6774 367.86 367.86 2 3 3
41.6774 367.91 367.91 2 3 3
41.6774 367.96 367.96 2 3 3
41.6774 368.01 368.01 2 3 3
41.6774 368.06 368.06 2 3 3
41.6774 368.11 368.11 2 3 3
41.6774 368.16 368.16 2 3 3
41.6774 368.21 368.21 2 3 3
41.6774 368.26 368.26 2 3 3
41.6774 368.31 368.31 2 3 3
41.6774 368.36 368.36 2 3 3
41.6774 368.41 368.41 2 3 3
41.6774 368.46 368.46 2 3 3
41.6774 368.51 368.51 2 3 3
41.6774 368.56 368.56 2 3 3
41.6774 368.61 368.61 2 3 3
41.6774 368.66 368.66 2 3 3
41.6774 368.71 368.71 2 3 3
41.6774 368.76 368.76 2 3 3
41.6774 368.81 368.81 2 3 3
41.6774 368.86 368.86 2 3 3
41.6774 368.91 368.91 2 3 3
41.6774 368.96 368.96 2 3 3
41.6774 369.01 369.01 2 3 3
41.6774 369.06 369.06 2 3 3
41.6774 369.11 369.11 2 3 3
41.6774 369.16 369.16 2 3 3
41.6774 369.21 369.21 2 3 3
41.6774 369.26 369.26 2 3 3
41.6774 369.31 369.31 2 3 3
41.6774 369.36 369.36 2 3 3
41.6774 369.41 369.41 2 3 3
41.6774 369.46 369.46 2 3 3
41.6774 369.51 369.51 2 3 3
41.6774 369.56 369.56 2 3 3
41.6774 369.61 369.61 2 3 3
41.6774 369.66 369.66 2 3 3
41.6774 369.71 369.71 2 3 3
41.6774 369.76 369.76 2 3 3
41.6774 369.81 369.81 2 3 3
41.6774 369.86 369.86 2 3 3
41.6774 369.91 369.91 2 3 3
41.6774 369.96 369.96 2 3 3
41.6774 370.01 370.01 2 3 3
41.6774 370.06 370.06 2 3 3
41.6774 370.11 370.11 2 3 3
41.6774 370.16 370.16 2 3 3
41.6774 370.21 370.21 2 3 3
41.6774 370.26 370.26 2 3 3
41.6774 370.31 370.31 2 3 3
41.6774 370.36 370.36 2 3 3
41.6774 370.41 370.41 2 3 3
41.6774 370.46 370.46 2 3 3
41.6774 370.51 370.51 2 3 3
41.6774 370.56 370.56 2 3 3
41.6774 370.61 370.61 2 3 3
41.6774 370.66 370.66 2 3 3
41.6774 370.71 370.71 2 3 3
41.6774 370.76 370.76 2 3 3
41.6774 370.81 370.81 2 3 3
41.6774 370.86 370.86 2 3 3
41.6774 370.91 370.91 2 3 3
41.6774 370.96 370.96 2 3 3
41.6774 371.01 371.01 2 3 3
41.6774 371.06 371.06 2 3 3
41.6774 371.11 371.11 2 3 3
41.6774 371.16 371.16 2 3 3
41.6774 371.21 371.21 2 3 3
41.6774 371.26 371.26 2 3 3
41.6774 371.31 371.31 2 3 3
41.6774 371.36 371.36 2 3 3
41.6774 371.41 371.41 2 3 3
41.6774 371.46 371.46 2 3 3
41.6774 371.51 371.51 2 3 3
41.6774 371.56 371.56 2 3 3
41.6774 371.61 371.61 2 3 3
41.6774 371.66 371.66 2 3 3
41.6774 371.71 371.71 2 3 3
41.6774 371.76 371.76 2 3 3
41.6774 371.81 371.81 2 3 3
41.6774 371.86 371.86 2 3 3
41.6774 371.91 371.91 2 3 3
41.6774 371.96 371.96 2 3 3
41.6774 372.01 372.01 2 3 3
41.6774 372.06 372.06 2 3 3
41.6774 372.11 372.11 2 3 3
41.6774 372.16 372.16 2 3 3
41.6774 372.21 372.21 2 3 3
41.6774 372.26 372.26 2 3 3
41.6774 372.31 372.31 2 3 3
41.6774 372.36 372.36 2 3 3
41.6774 372.41 372.41 2 3 3
41.6774 372.46 372.46 2 3 3
41.6774 372.51 372.51 2 3 3
41.6774 372.56 372.56 2 3 3
41.6774 372.61 372.61 2 3 3
41.6774 372.66 372.66 2 3 3
41.6774 372.71 372.71 2 3 3
41.6774 372.76 372.76 2 3 3
41.6774 372.81 372.81 2 3 3
41.6774 372.86 372.86 2 3 3
41.6774 372.91 372.91 2 3 3
41.6774 372.96 372.96 2 3 3
41.6774 373.01 373.01 2 3 3
41.6774 373.06 373.06 2 3 3
41.6774 373.11 373.11 2 3 3
41.6774 373.16 373.16 2 3 3
41.6774 373.21 373.21 2 3 3
41.6774 373.26 373.26 2 3 3
41.6774 373.31 373.31 2 3 3
41.6774 373.36 373.36 2 3 3
41.6774 373.41 373.41 2 3 3
41.6774 373.46 373.46 2 3 3
41.6774 373.51 373.51 2 3 3
41.6774 373.56 373.56 2 3 3
41.6774 373.61 373.61 2 3 3
41.6774 373.66 373.66 2 3 3
41.6774 373.71 373.71 2 3 3
41.6774 373.76 373.76 2 3 3
41.6774 373.81 373.81 2 3 3
41.6774 373.86 373.86 2 3 3
41.6774 373.91 373.91 2 3 3
41.6774 373.96 373.96 2 3 3
41.6774 374.01 374.01 2 3 3
41.6774 374.06 374.06 2 3 3
41.6774 374.11 374.11 2 3 3
41.6774 374.16 374.16 2 3 3
41.6774 374.21 374.21 2 3 3
41.6774 374.26 374.26 2 3 3
41.6774 374.31 374.31 2 3 3
41.6774 374.36 374.36 2 3 3
41.6774 374.41 374.41 2 3 3
41.6774 374.46 374.46 2 3 3
41.6774 374.51 374.51 2 3 3
41.6774 374.56 374.56 2 3 3
41.6774 374.61 374.61 2 3 3
41.6774 374.66 374.66 2 3 3
41.6774 374.71 374.71 2 3 3
41.6774 374.76 374.76 2 3 3
41.6774 374.81 374.81 2 3 3
41.6774 374.86 374.86 2 3 3
41.6774 374.91 374.91 2 3 3
41.6774 374.96 374.96 2 3 3
41.6774 375.01 375.01 2 3 3
41.6774 375.06 375.06 2 3 3
41.6774 375.11 375.11 2 3 3
41.6774 375.16 375.16 2 3 3
41.6774 375.21 375.21 2 3 3
41.6774 375.26 375.26 2 3 3
41.6774 375.31 375.31 2 3 3
41.6774 375.36 375.36 2 3 3
41.6774 375.41 375.41 2 3 3
41.6774 375.46 375.46 2 3 3
41.6774 375.51 375.51 2 3 3
41.6774 375.56 375.56 2 3 3
41.6774 375.61 375.61 2 3 3
41.6774 375.66 375.66 2 3 3
41.6774 375.71 375.71 2 3 3
41.6774 375.76 375.76 2 3 3
41.6774 375.81 375.81 2 3 3
41.6774 375.86 375.86 2 3 3
41.6774 375.91 375.91 2 3 3
41.6774 375.96 375.96 2 3 3
41.6774 376.01 376.01 2 3 3
41.6774 376.06 376.06 2 3 3
41.6774 376.11 376.11 2 3 3
41.6774 376.16 376.16 2 3 3
41.6774 376.21 376.21 2 3 3
41.6774 376.26 376.26 2 3 3
41.6774 376.31 376.31 2 3 3
41.6774 376.36 376.36 2 3 3
41.6774 376.41 376.41 2 3 3
41.6774 376.46 376.46 2 3 3
41.6774 376.51 376.51 2 3 3
41.6774 376.56 376.56 2 3 3
41.6774 376.61 376.61 2 3 3
41.6774 376.66 376.66 2 3 3
41.6774 376.71 376.71 2 3 3
41.6774 376.76 376.76 2 3 3
41.6774 376.81 376.81 2 3 3
41.6774 376.86 376.86 2 3 3
41.6774 376.91 376.91 2 3 3
41.6774 376.96 376.96 2 3 3
41.6774 377.01 377.01 2 3 3
41.6774 377.06 377.06 2 3 3
41.6774 377.11 377.11 2 3 3
41.6774 377.16 377.16 2 3 3
41.6774 377.21 377.21 2 3 3
41.6774 377.26 377.26 2 3 3
41.6774 377.31 377.31 2 3 3
41.6774 377.36 377.36 2 3 3
41.6774 377.41 377.41 2 3 3
41.6774 377.46 377.46 2 3 3
41.6774 377.51 377.51 2 3 3
41.6774 377.56 377.56 2 3 3
41.6774 377.61 377.61 2 3 3
41.6774 377.66 377.66 2 3 3
41.6774 377.71 377.71 2 3 3
41.6774 377.76 377.76 2 3 3
41.6774 377.81 377.81 2 3 3
41.6774 377.86 377.86 2 3 3
41.6774 377.91 377.91 2 3 3
41.6774 377.96 377.96 2 3 3
41.6774 378.01 378.01 2 3 3
41.6774 378.06 378.06 2 3 3
41.6774 378.11 378.11 2 3 3
41.6774 378.16 378.16 2 3 3
41.6774 378.21 378.21 2 3 3
41.6774 378.26 378.26 2 3 3
41.6774 378.31 378.31 2 3 3
41.6774 378.36 378.36 2 3 3
41.6774 378.41 378.41 2 3 3
41.6774 378.46 378.46 2 3 3
41.6774 378.51 378.51 2 3 3
41.6774 378.56 378.56 2 3 3
41.6774 378.61 378.61 2 3 3
41.6774 378.66 378.66 2 3 3
41.6774 378.71 378.71 2 3 3
41.6774 378.76 378.76 2 3 3
41.6774 378.81 378.81 2 3 3
41.6774 378.86 378.86 2 3 3
41.6774 378.91 378.91 2 3 3
41.6774 378.96 378.96 2 3 3
41.6774 379.01 379.01 2 3 3
41.6774 379.06 379.06 2 3 3
41.6774 379.11 379.11 2 3 3
41.6774 379.16 379.16 2 3 3
41.6774 379.21 379.21 2 3 3
41.6774 379.26 379.26 2 3 3
41.6774 379.31 379.31 2 3 3
41.6774 379.36 379.36 2 3 3
41.6774 379.41 379.41 2 3 3
41.6774 379.46 379.46 2 3 3
41.6774 379.51 379.51 2 3 3
41.6774 379.56 379.56 2 3 3
41.6774 379.61 379.61 2 3 3
41.6774 379.66 379.66 2 3 3
41.6774 379.71 379.71 2 3 3
41.6774 379.76 379.76 2 3 3
41.6774 379.81 379.81 2 3 3
41.6774 379.86 379.86 2 3 3
41.6774 379.91 379.91 2 3 3
41.6774 379.96 379.96 2 3 3
41.6774 380.01 380.01 2 3 3
41.6774 380.06 380.06 2 3 3
41.6774 380.11 380.11 2 3 3
41.6774 380.16 380.16 2 3 3
41.6774 380.21 380.21 2 3 3
41.6774 380.26 380.26 2 3 3
41.6774 380.31 380.31 2 3 3
41.6774 380.36 380.36 2 3 3
41.6774 380.41 380.41 2 3 3
41.6774 380.46 380.46 2 3 3
41.6774 380.51 380.51 2 3 3
41.6774 380.56 380.56 2 3 3
41.6774 380.61 380.61 2 3 3
41.6774 380.66 380.66 2 3 3
41.6774 380.71 380.71 2 3 3
41.6774 380.76 380.76 2 3 3
41.6774 380.81 380.81 2 3 3
41.6774 380.86 380.86 2 3 3
41.6774 380.91 380.91 2 3 3
41.6774 380.96 380.96 2 3 3
41.6774 381.01 381.01 2 3 3
41.6774 381.06 381.06 2 3 3
41.6774 381.11 381.11 2 3 3
41.6774 381.16 381.16 2 3 3
41.6774 381.21 381.21 2 3 3
41.6774 381.26 381.26 2 3 3
41.6774 381.31 381.31 2 3 3
41.6774 381.36 381.36 2 3 3
41.6774 381.41 381.41 2 3 3
41.6774 381.46 381.46 2 3 3
41.6774 381.51 381.51 2 3 3
41.6774 381.56 381.56 2 3 3
41.6774 381.61 381.61 2 3 3
41.6774 381.66 381.66 2 3 3
41.6774 381.71 381.71 2 3 3
41.6774 381.76 381.76 2 3 3
41.6774 381.81 381.81 2 3 3
41.6774 381.86 381.86 2 3 3
41.6774 381.91 381.91 2 3 3
41.6774 381.96 381.96 2 3 3
41.6774 382.01 382.01 2 3 3
41.6774 382.06 382.06 2 3 3
41.6774 382.11 382.11 2 3 3
41.6774 382.16 382.16 2 3 3
41.6774 382.21 382.21 2 3 3
41.6774 382.26 382.26 2 3 3
41.6774 382.31 382.31 2 3 3
41.6774 382.36 382.36 2 3 3
41.6774 382.41 382.41 2 3 3
41.6774 382.46 382.46 2 3 3
41.6774 382.51 382.51 2 3 3
41.6774 382.56 382.56 2 3 3
41.6774 382.61 382.61 2 3 3
41.6774 382.66 382.66 2 3 3
41.6774 382.71 382.71 2 3 3
41.6774 382.76 382.76 2 3 3
41.6774 382.81 382.81 2 3 3
41.6774 382.86 382.86 2 3 3
41.6774 382.91 382.91 2 3 3
41.6774 382.96 382.96 2 3 3
41.6774 383.01 383.01 2 3 3
41.6774 383.06 383.06 2 3 3
41.6774 383.11 383.11 2 3 3
41.6774 383.16 383.16 2 3 3
41.6774 383.21 383.21 2 3 3
41.6774 383.26 383.26 2 3 3
41.6774 383.31 383.31 2 3 3
41.6774 383.36 383.36 2 3 3
41.6774 383.41 383.41 2 3 3
41.6774 383.46 383.46 2 3 3
41.6774 383.51 383.51 2 3 3
41.6774 383.56 383.56 2 3 3
41.6774 383.61 383.61 2 3 3
41.6774 383.66 383.66 2 3 3
41.6774 383.71 383.71 2 3 3
41.6774 383.76 383.76 2 3 3
41.6774 383.81 383.81 2 3 3
41.6774 383.86 383.86 2 3 3
41.6774 383.91 383.91 2 3 3
41.6774 383.96 383.96 2 3 3
41.6774 384.01 384.01 2 3 3
41.6774 384.06 384.06 2 3 3
41.6774 384.11 384.11 2 3 3
41.6774 384.16 384.16 2 3 3
41.6774 384.21 384.21 2 3 3
41.6774 384.26 384.26 2 3 3
41.6774 384.31 384.31 2 3 3
41.6774 384.36 384.36 2 3 3
41.6774 384.41 384.41 2 3 3
41.6774 384.46 384.46 2 3 3
41.6774 384.51 384.51 2 3 3
41.6774 384.56 384.56 2 3 3
41.6774 384.61 384.61 2 3 3
41.6774 384.66 384.66 2 3 3
41.6774 384.71 384.71 2 3 3
41.6774 384.76 384.76 2 3 3
41.6774 384.81 384.81 2 3 3
41.6774 384.86 384.86 2 3 3
41.6774 384.91 384.91 2 3 3
41.6774 384.96 384.96 2 3 3
41.6774 385.01 385.01 2 3 3
41.6774 385.06 385.06 2 3 3
41.6774 385.11 385.11 2 3 3
41.6774 385.16 385.16 2 3 3
41.6774 385.21 385.21 2 3 3
41.6774 385.26 385.26 2 3 3
41.6774 385.31 385.31 2 3 3
41.6774 385.36 385.36 2 3 3
41.6774 385.41 385.41 2 3 3
41.6774 385.46 385.46 2 3 3
41.6774 385.51 385.51 2 3 3
41.6774 385.56 385.56 2 3 3
41.6774 385.61 385.61 2 3 3
41.6774 385.66 385.66 2 3 3
41.6774 385.71 385.71 2 3 3
41.6774 385.76 385.76 2 3 3
41.6774 385.81 385.81 2 3 3
41.6774 385.86 385.86 2 3 3
41.6774 385.91 385.91 2 3 3
41.6774 385.96 385.96 2 3 3
41.6774 386.01 386.01 2 3 3
41.6774 386.06 386.06 2 3 3
41.6774 386.11 386.11 2 3 3
41.6774 386.16 386.16 2 3 3
41.6774 386.21 386.21 2 3 3
41.6774 386.26 386.26 2 3 3
41.6774 386.31 386.31 2 3 3
41.6774 386.36 386.36 2 3 3
41.6774 386.41 386.41 2 3 3
41.6774 386.46 386.46 2 3 3
41.6774 386.51 386.51 2 3 3
41.6774 386.56 386.56 2 3 3
41.6774 386.61 386.61 2 3 3
41.6774 386.66 386.66 2 3 3
41.6774 386.71 386.71 2 3 3
41.6774 386.76 386.76 2 3 3
41.6774 386.81 386.81 2 3 3
41.6774 386.86 386.86 2 3 3
41.6774 386.91 386.91 2 3 3
41.6774 386.96 386.96 2 3 3
41.6774 387.01 387.01 2 3 3
41.6774 387.06 387.06 2 3 3
41.6774 387.11 387.11 2 3 3
41.6774 387.16 387.16 2 3 3
41.6774 387.21 387.21 2 3 3
41.6774 387.26 387.26 2 3 3
41.6774 387.31 387.31 2 3 3
41.6774 387.36 387.36 2 3 3
41.6774 387.41 387.41 2 3 3
41.6774 387.46 387.46 2 3 3
41.6774 387.51 387.51 2 3 3
41.6774 387.56 387.56 2 3 3
41.6774 387.61 387.61 2 3 3
41.6774 387.66 387.66 2 3 3
41.6774 387.71 387.71 2 3 3
41.6774 387.76 387.76 2 3 3
41.6774 387.81 387.81 2 3 3
41.6774 387.86 387.86 2 3 3
41.6774 387.91 387.91 2 3 3
41.6774 387.96 387.96 2 3 3
41.6774 388.01 388.01 2 3 3
41.6774 388.06 388.06 2 3 3
41.6774 388.11 388.11 2 3 3
41.6774 388.16 388.16 2 3 3
41.6774 388.21 388.21 2 3 3
41.6774 388.26 388.26 2 3 3
41.6774 388.31 388.31 2 3 3
41.6774 388.36 388.36 2 3 3
41.6774 388.41 388.41 2 3 3
41.6774 388.46 388.46 2 3 3
41.6774 388.51 388.51 2 3 3
41.6774 388.56 388.56 2 3 3
41.6774 388.61 388.61 2 3 3
41.6774 388.66 388.66 2 3 3
41.6774 388.71 388.71 2 3 3
41.6774 388.76 388.76 2 3 3
41.6774 388.81 388.81 2 3 3
41.6774 388.86 388.86 2 3 3
41.6774 388.91 388.91 2 3 3
41.6774 388.96 388.96 2 3 3
41.6774 389.01 389.01 2 3 3
41.6774 389.06 389.06 2 3 3
41.6774 389.11 389.11 2 3 3
41.6774 389.16 389.16 2 3 3
41.6774 389.21 389.21 2 3 3
41.6774 389.26 389.26 2 3 3
41.6774 389.31 389.31 2 3 3
41.6774 389.36 389.36 2 3 3
41.6774 389.41 389.41 2 3 3
41.6774 389.46 389.46 2 3 3
41.6774 389.51 389.51 2 3 3
41.6774 389.56 389.56 2 3 3
41.6774 389.61 389.61 2 3 3
41.6774 389.66 389.66 2 3 3
41.6774 389.71 389.71 2 3 3
41.6774 389.76 389.76 2 3 3
41.6774 389.81 389.81 2 3 3
41.6774 389.86 389.86 2 3 3
41.6774 389.91 389.91 2 3 3
41.6774 389.96 389.96 2 3 3
41.6774 390.01 390.01 2 3 3
41.6774 390.06 390.06 2 3 3
41.6774 390.11 390.11 2 3 3
41.6774 390.16 390.16 2 3 3
41.6774 390.21 390.21 2 3 3
41.6774 390.26 390.26 2 3 3
41.6774 390.31 390.31 2 3 3
41.6774 390.36 390.36 2 3 3
41.6774 390.41 390.41 2 3 3
41.6774 390.46 390.46 2 3 3
41.6774 390.51 390.51 2 3 3
41.6774 390.56 390.56 2 3 3
41.6774 390.61 390.61 2 3 3
41.6774 390.66 390.66 2 3 3
41.6774 390.71 390.71 2 3 3
41.6774 390.76 390.76 2 3 3
41.6774 390.81 390.81 2 3 3
41.6774 390.86 390.86 2 3 3
41.6774 390.91 390.91 2 3 3
41.6774 390.96 390.96 2 3 3
41.6774 391.01 391.01 2 3 3
41.6774 391.06 391.06 2 3 3
41.6774 391.11 391.11 2 3 3
41.6774 391.16 391.16 2 3 3
41.6774 391.21 391.21 2 3 3
41.6774 391.26 391.26 2 3 3
41.6774 391.31 391.31 2 3 3
41.6774 391.36 391.36 2 3 3
41.6774 391.41 391.41 2 3 3
41.6774 391.46 391.46 2 3 3
41.6774 391.51 391.51 2 3 3
41.6774 391.56 391.56 2 3 3
41.6774 391.61 391.61 2 3 3
41.6774 391.66 391.66 2 3 3
41.6774 391.71 391.71 2 3 3
41.6774 391.76 391.76 2 3 3
41.6774 391.81 391.81 2 3 3
41.6774 391.86 391.86 2 3 3
41.6774 391.91 391.91 2 3 3
41.6774 391.96 391.96 2 3 3
41.6774 392.01 392.01 2 3 3
41.6774 392.06 392.06 2 3 3
41.6774 392.11 392.11 2 3 3
41.6774 392.16 392.16 2 3 3
41.6774 392.21 392.21 2 3 3
41.6774 392.26 392.26 2 3 3
41.6774 392.31 392.31 2 3 3
41.6774 392.36 392.36 2 3 3
41.6774 392.41 392.41 2 3 3
41.6774 392.46 392.46 2 3 3
41.6774 392.51 392.51 2 3 3
41.6774 392.56 392.56 2 3 3
41.6774 392.61 392.61 2 3 3
41.6774 392.66 392.66 2 3 3
41.6774 392.71 392.71 2 3 3
41.6774 392.76 392.76 2 3 3
41.6774 392.81 392.81 2 3 3
41.6774 392.86 392.86 2 3 3
41.6774 392.91 392.91 2 3 3
41.6774 392.96 392.96 2 3 3
41.6774 393.01 393.01 2 3 3
41.6774 393.06 393.06 2 3 3
41.6774 393.11 393.11 2 3 3
41.6774 393.16 393.16 2 3 3
41.6774 393.21 393.21 2 3 3
41.6774 393.26 393.26 2 3 3
41.6774 393.31 393.31 2 3 3
41.6774 393.36 393.36 2 3 3
41.6774 393.41 393.41 2 3 3
41.6774 393.46 393.46 2 3 3
41.6774 393.51 393.51 2 3 3
41.6774 393.56 393.56 2 3 3
41.6774 393.61 393.61 2 3 3
41.6774 393.66 393.66 2 3 3
41.6774 393.71 393.71 2 3 3
41.6774 393.76 393.76 2 3 3
41.6774 393.81 393.81 2 3 3
41.6774 393.86 393.86 2 3 3
41.6774 393.91 393.91 2 3 3
41.6774 393.96 393.96 2 3 3
41.6774 394.01 394.01 2 3 3
41.6774 394.06 394.06 2 3 3
41.6774 394.11 394.11 2 3 3
41.6774 394.16 394.16 2 3 3
41.6774 394.21 394.21 2 3 3
41.6774 394.26 394.26 2 3 3
41.6774 394.31 394.31 2 3 3
41.6774 394.36 394.36 2 3 3
41.6774 394.41 394.41 2 3 3
41.6774 394.46 394.46 2 3 3
41.6774 394.51 394.51 2 3 3
41.6774 394.56 394.56 2 3 3
41.6774 394.61 394.61 2 3 3
41.6774 394.66 394.66 2 3 3
41.6774 394.71 394.71 2 3 3
41.6774 394.76 394.76 2 3 3
41.6774 394.81 394.81 2 3 3
41.6774 394.86 394.86 2 3 3
41.6774 394.91 394.91 2 3 3
41.6774 394.96 394.96 2 3 3
41.6774 395.01 395.01 2 3 3
41.6774 395.06 395.06 2 3 3
41.6774 395.11 395.11 2 3 3
41.6774 395.16 395.16 2 3 3
41.6774 395.21 395.21 2 3 3
41.6774 395.26 395.26 2 3 3
41.6774 395.31 395.31 2 3 3
41.6774 395.36 395.36 2 3 3
41.6774 395.41 395.41 2 3 3
41.6774 395.46 395.46 2 3 3
41.6774 395.51 395.51 2 3 3
41.6774 395.56 395.56 2 3 3
41.6774 395.61 395.61 2 3 3
41.6774 395.66 395.66 2 3 3
41.6774 395.71 395.71 2 3 3
41.6774 395.76 395.76 2 3 3
41.6774 395.81 395.81 2 3 3
41.6774 395.86 395.86 2 3 3
41.6774 395.91 395.91 2 3 3
41.6774 395.96 395.96 2 3 3
41.6774 396.01 396.01 2 3 3
41.6774 396.06 396.06 2 3 3
41.6774 396.11 396.11 2 3 3
41.6774 396.16 396.16 2 3 3
41.6774 396.21 396.21 2 3 3
41.6774 396.26 396.26 2 3 3
41.6774 396.31 396.31 2 3 3
41.6774 396.36 396.36 2 3 3
41.6774 396.41 396.41 2 3 3
41.6774 396.46 396.46 2 3 3
41.6774 396.51 396.51 2 3 3
41.6774 396.56 396.56 2 3 3
41.6774 396.61 396.61 2 3 3
41.6774 396.66 396.66 2 3 3
41.6774 396.71 396.71 2 3 3
41.6774 396.76 396.76 2 3 3
41.6774 396.81 396.81 2 3 3
41.6774 396.86 396.86 2 3 3
41.6774 396.91 396.91 2 3 3
41.6774 396.96 396.96 2 3 3
41.6774 397.01 397.01 2 3 3
41.6774 397.06 397.06 2 3 3
41.6774 397.11 397.11 2 3 3
41.6774 397.16 397.16 2 3 3
41.6774 397.21 397.21 2 3 3
41.6774 397.26 397.26 2 3 3
41.6774 397.31 397.31 2 3 3
41.6774 397.36 397.36 2 3 3
41.6774 397.41 397.41 2 3 3
41.6774 397.46 397.46 2 3 3
41.6774 397.51 397.51 2 3 3
41.6774 397.56 397.56 2 3 3
41.6774 397.61 397.61 2 3 3
41.6774 397.66 397.66 2 3 3
41.6774 397.71 397.71 2 3 3
41.6774 397.76 397.76 2 3 3
41.6774 397.81 397.81 2 3 3
41.6774 397.86 397.86 2 3 3
41.6774 397.91 397.91 2 3 3
41.6774 397.96 397.96 2 3 3
41.6774 398.01 398.01 2 3 3
41.6774 398.06 398.06 2 3 3
41.6774 398.11 398.11 2 3 3
41.6774 398.16 398.16 2 3 3
41.6774 398.21 398.21 2 3 3
41.6774 398.26 398.26 2 3 3
41.6774 398.31 398.31 2 3 3
41.6774 398.36 398.36 2 3 3
41.6774 398.41 398.41 2 3 3
41.6774 398.46 398.46 2 3 3
41.6774 398.51 398.51 2 3 3
41.6774 398.56 398.56 2 3 3
41.6774 398.61 398.61 2 3 3
41.6774 398.66 398.66 2 3 3
41.6774 398.71 398.71 2 3 3
41.6774 398.76 398.76 2 3 3
41.6774 398.81 398.81 2 3 3
41.6774 398.86 398.86 2 3 3
41.6774 398.91 398.91 2 3 3
41.6774 398.96 398.96 2 3 3
41.6774 399.01 399.01 2 3 3
41.6774 399.06 399.06 2 3 3
41.6774 399.11 399.11 2 3 3
41.6774 399.16 399.16 2 3 3
41.6774 399.21 399.21 2 3 3
41.6774 399.26 399.26 2 3 3
41.6774 399.31 399.31 2 3 3
41.6774 399.36 399.36 2 3 3
41.6774 399.41 399.41 2 3 3
41.6774 399.46 399.46 2 3 3
41.6774 399.51 399.51 2 3 3
41.6774 399.56 399.56 2 3 3
41.6774 399.61 399.61 2 3 3
41.6774 399.66 399.66 2 3 3
41.6774 399.71 399.71 2 3 3
41.6774 399.76 399.76 2 3 3
41.6774 399.81 399.81 2 3 3
41.6774 399.86 399.86 2 3 3
41.6774 399.91 399.91 2 3 3
41.6774 399.96 399.96 2 3 3
41.6774 400.01 400.01 2 3 3
41.6774 400.06 400.06 2 3 3
41.6774 400.11 400.11 2 3 3
41.6774 400.16 400.16 2 3 3
41.6774 400.21 400.21 2 3 3
41.6774 400.26 400.26 2 3 3
41.6774 400.31 400.31 2 3 3
41.6774 400.36 400.36 2 3 3
41.6774 400.41 400.41 2 3 3
41.6774 400.46 400.46 2 3 3
41.6774 400.51 400.51 2 3 3
41.6774 400.56 400.56 2 3 3
41.6774 400.61 400.61 2 3 3
41.6774 400.66 400.66 2 3 3
41.6774 400.71 400.71 2 3 3
41.6774 400.76 400.76 2 3 3
41.6774 400.81 400.81 2 3 3
41.6774 400.86 400.86 2 3 3
41.6774 400.91 400.91 2 3 3
41.6774 400.96 400.96 2 3 3
41.6774 401.01 401.01 2 3 3
41.6774 401.06 401.06 2 3 3
41.6774 401.11 401.11 2 3 3
41.6774 401.16 401.16 2 3 3
41.6774 401.21 401.21 2 3 3
41.6774 401.26 401.26 2 3 3
41.6774 401.31 401.31 2 3 3
41.6774 401.36 401.36 2 3 3
41.6774 401.41 401.41 2 3 3
41.6774 401.46 401.46 2 3 3
41.6774 401.51 401.51 2 3 3
41.6774 401.56 401.56 2 3 3
41.6774 401.61 401.61 2 3 3
41.6774 401.66 401.66 2 3 3
41.6774 401.71 401.71 2 3 3
41.6774 401.76 401.76 2 3 3
41.6774 401.81 401.81 2 3 3
41.6774 401.86 401.86 2 3 3
41.6774 401.91 401.91 2 3 3
41.6774 401.96 401.96 2 3 3
41.6774 402.01 402.01 2 3 3
41.6774 402.06 402.06 2 3 3
41.6774 402.11 402.11 2 3 3
41.6774 402.16 402.16 2 3 3
41.6774 402.21 402.21 2 3 3
41.6774 402.26 402.26 2 3 3
41.6774 402.31 402.31 2 3 3
41.6774 402.36 402.36 2 3 3
41.6774 402.41 402.41 2 3 3
41.6774 402.46 402.46 2 3 3
41.6774 402.51 402.51 2 3 3
41.6774 402.56 402.56 2 3 3
41.6774 402.61 402.61 2 3 3
41.6774 402.66 402.66 2 3 3
41.6774 402.71 402.71 2 3 3
41.6774 402.76 402.76 2 3 3
41.6774 402.81 402.81 2 3 3
41.6774 402.86 402.86 2 3 3
41.6774 402.91 402.91 2 3 3
41.6774 402.96 402.96 2 3 3
41.6774 403.01 403.01 2 3 3
41.6774 403.06 403.06 2 3 3
41.6774 403.11 403.11 2 3 3
41.6774 403.16 403.16 2 3 3
41.6774 403.21 403.21 2 3 3
41.6774 403.26 403.26 2 3 3
41.6774 403.31 403.31 2 3 3
41.6774 403.36 403.36 2 3 3
41.6774 403.41 403.41 2 3 3
41.6774 403.46 403.46 2 3 3
41.6774 403.51 403.51 2 3 3
41.6774 403.56 403.56 2 3 3
41.6774 403.61 403.61 2 3 3
41.6774 403.66 403.66 2 3 3
41.6774 403.71 403.71 2 3 3
41.6774 403.76 403.76 2 3 3
41.6774 403.81 403.81 2 3 3
41.6774 403.86 403.86 2 3 3
41.6774 403.91 403.91 2 3 3
41.6774 403.96 403.96 2 3 3
41.6774 404.01 404.01 2 3 3
41.6774 404.06 404.06 2 3 3
41.6774 404.11 404.11 2 3 3
41.6774 404.16 404.16 2 3 3
41.6774 404.21 404.21 2 3 3
41.6774 404.26 404.26 2 3 3
41.6774 404.31 404.31 2 3 3
41.6774 404.36 404.36 2 3 3
41.6774 404.41 404.41 2 3 3
41.6774 404.46 404.46 2 3 3
41.6774 404.51 404.51 2 3 3
41.6774 404.56 404.56 2 3 3
41.6774 404.61 404.61 2 3 3
41.6774 404.66 404.66 2 3 3
41.6774 404.71 404.71 2 3 3
41.6774 404.76 404.76 2 3 3
41.6774 404.81 404.81 2 3 3
41.6774 404.86 404.86 2 3 3
41.6774 404.91 404.91 2 3 3
41.6774 404.96 404.96 2 3 3
41.6774 405.01 405.01 2 3 3
41.6774 405.06 405.06 2 3 3
41.6774 405.11 405.11 2 3 3
41.6774 405.16 405.16 2 3 3
41.6774 405.21 405.21 2 3 3
41.6774 405.26 405.26 2 3 3
41.6774 405.31 405.31 2 3 3
41.6774 405.36 405.36 2 3 3
41.6774 405.41 405.41 2 3 3
41.6774 405.46 405.46 2 3 3
41.6774 405.51 405.51 2 3 3
41.6774 405.56 405.56 2 3 3
41.6774 405.61 405.61 2 3 3
41.6774 405.66 405.66 2 3 3
41.6774 405.71 405.71 2 3 3
41.6774 405.76 405.76 2 3 3
41.6774 405.81 405.81 2 3 3
41.6774 405.86 405.86 2 3 3
41.6774 405.91 405.91 2 3 3
41.6774 405.96 405.96 2 3 3
41.6774 406.01 406.01 2 3 3
41.6774 406.06 406.06 2 3 3
41.6774 406.11 406.11 2 3 3
41.6774 406.16 406.16 2 3 3
41.6774 406.21 406.21 2 3 3
41.6774 406.26 406.26 2 3 3
41.6774 406.31 406.31 2 3 3
41.6774 406.36 406.36 2 3 3
41.6774 406.41 406.41 2 3 3
41.6774 406.46 406.46 2 3 3
41.6774 406.51 406.51 2 3 3
41.6774 406.56 406.56 2 3 3
41.6774 406.61 406.61 2 3 3
41.6774 406.66 406.66 2 3 3
41.6774 406.71 406.71 2 3 3
41.6774 406.76 406.76 2 3 3
41.6774 406.81 406.81 2 3 3
41.6774 406.86 406.86 2 3 3
41.6774 406.91 406.91 2 3 3
41.6774 406.96 406.96 2 3 3
41.6774 407.01 407.01 2 3 3
41.6774 407.06 407.06 2 3 3
41.6774 407.11 407.11 2 3 3
41.6774 407.16 407.16 2 3 3
41.6774 407.21 407.21 2 3 3
41.6774 407.26 407.26 2 3 3
41.6774 407.31 407.31 2 3 3
41.6774 407.36 407.36 2 3 3
41.6774 407.41 407.41 2 3 3
41.6774 407.46 407.46 2 3 3
41.6774 407.51 407.51 2 3 3
41.6774 407.56 407.56 2 3 3
41.6774 407.61 407.61 2 3 3
41.6774 407.66 407.66 2 3 3
41.6774 407.71 407.71 2 3 3
41.6774 407.76 407.76 2 3 3
41.6774 407.81 407.81 2 3 3
41.6774 407.86 407.86 2 3 3
41.6774 407.91 407.91 2 3 3
41.6774 407.96 407.96 2 3 3
41.6774 408.01 408.01 2 3 3
41.6774 408.06 408.06 2 3 3
41.6774 408.11 408.11 2 3 3
41.6774 408.16 408.16 2 3 3
41.6774 408.21 408.21 2 3 3
41.6774 408.26 408.26 2 3 3
41.6774 408.31 408.31 2 3 3
41.6774 408.36 408.36 2 3 3
41.6774 408.41 408.41 2 3 3
41.6774 408.46 408.46 2 3 3
41.6774 408.51 408.51 2 3 3
41.6774 408.56 408.56 2 3 3
41.6774 408.61 408.61 2 3 3
41.6774 408.66 408.66 2 3 3
41.6774 408.71 408.71 2 3 3
41.6774 408.76 408.76 2 3 3
41.6774 408.81 408.81 2 3 3
41.6774 408.86 408.86 2 3 3
41.6774 408.91 408.91 2 3 3
41.6774 408.96 408.96 2 3 3
41.6774 409.01 409.01 2 3 3
41.6774 409.06 409.06 2 3 3
41.6774 409.11 409.11 2 3 3
41.6774 409.16 409.16 2 3 3
41.6774 409.21 409.21 2 3 3
41.6774 409.26 409.26 2 3 3
41.6774 409.31 409.31 2 3 3
41.6774 409.36 409.36 2 3 3
41.6774 409.41 409.41 2 3 3
41.6774 409.46 409.46 2 3 3
41.6774 409.51 409.51 2 3 3
41.6774 409.56 409.56 2 3 3
41.6774 409.61 409.61 2 3 3
41.6774 409.66 409.66 2 3 3
41.6774 409.71 409.71 2 3 3
41.6774 409.76 409.76 2 3 3
41.6774 409.81 409.81 2 3 3
41.6774 409.86 409.86 2 3 3
41.6774 409.91 409.91 2 3 3
41.6774 409.96 409.96 2 3 3
41.6774 410.01 410.01 2 3 3
41.6774 410.06 410.06 2 3 3
41.6774 410.11 410.11 2 3 3
41.6774 410.16 410.16 2 3 3
41.6774 410.21 410.21 2 3 3
41.6774 410.26 410.26 2 3 3
41.6774 410.31 410.31 2 3 3
41.6774 410.36 410.36 2 3 3
41.6774 410.41 410.41 2 3 3
41.6774 410.46 410.46 2 3 3
41.6774 410.51 410.51 2 3 3
41.6774 410.56 410.56 2 3 3
41.6774 410.61 410.61 2 3 3
41.6774 410.66 410.66 2 3 3
41.6774 410.71 410.71 2 3 3
41.6774 410.76 410.76 2 3 3
41.6774 410.81 410.81 2 3 3
41.6774 410.86 410.86 2 3 3
41.6774 410.91 410.91 2 3 3
41.6774 410.96 410.96 2 3 3
41.6774 411.01 411.01 2 3 3
41.6774 411.06 411.06 2 3 3
41.6774 411.11 411.11 2 3 3
41.6774 411.16 411.16 2 3 3
41.6774 411.21 411.21 2 3 3
41.6774 411.26 411.26 2 3 3
41.6774 411.31 411.31 2 3 3
41.6774 411.36 411.36 2 3 3
41.6774 411.41 411.41 2 3 3
41.6774 411.46 411.46 2 3 3
41.6774 411.51 411.51 2 3 3
41.6774 411.56 411.56 2 3 3
41.6774 411.61 411.61 2 3 3
41.6774 411.66 411.66 2 3 3
41.6774 411.71 411.71 2 3 3
41.6774 411.76 411.76 2 3 3
41.6774 411.81 411.81 2 3 3
41.6774 411.86 411.86 2 3 3
41.6774 411.91 411.91 2 3 3
41.6774 411.96 411.96 2 3 3
41.6774 412.01 412.01 2 3 3
41.6774 412.06 412.06 2 3 3
41.6774 412.11 412.11 2 3 3
41.6774 412.16 412.16 2 3 3
41.6774 412.21 412.21 2 3 3
41.6774 412.26 412.26 2 3 3
41.6774 412.31 412.31 2 3 3
41.6774 412.36 412.36 2 3 3
41.6774 412.41 412.41 2 3 3
41.6774 412.46 412.46 2 3 3
41.6774 412.51 412.51 2 3 3
41.6774 412.56 412.56 2 3 3
41.6774 412.61 412.61 2 3 3
41.6774 412.66 412.66 2 3 3
41.6774 412.71 412.71 2 3 3
41.6774 412.76 412.76 2 3 3
41.6774 412.81 412.81 2 3 3
41.6774 412.86 412.86 2 3 3
41.6774 412.91 412.91 2 3 3
41.6774 412.96 412.96 2 3 3
41.6774 413.01 413.01 2 3 3
41.6774 413.06 413.06 2 3 3
41.6774 413.11 413.11 2 3 3
41.6774 413.16 413.16 2 3 3
41.6774 413.21 413.21 2 3 3
41.6774 413.26 413.26 2 3 3
41.6774 413.31 413.31 2 3 3
41.6774 413.36 413.36 2 3 3
41.6774 413.41 413.41 2 3 3
41.6774 413.46 413.46 2 3 3
41.6774 413.51 413.51 2 3 3
41.6774 413.56 413.56 2 3 3
41.6774 413.61 413.61 2 3 3
41.6774 413.66 413.66 2 3 3
41.6774 413.71 413.71 2 3 3
41.6774 413.76 413.76 2 3 3
41.6774 413.81 413.81 2 3 3
41.6774 413.86 413.86 2 3 3
41.6774 413.91 413.91 2 3 3
41.6774 413.96 413.96 2 3 3
41.6774 414.01 414.01 2 3 3
41.6774 414.06 414.06 2 3 3
41.6774 414.11 414.11 2 3 3
41.6774 414.16 414.16 2 3 3
41.6774 414.21 414.21 2 3 3
41.6774 414.26 414.26 2 3 3
41.6774 414.31 414.31 2 3 3
41.6774 414.36 414.36 2 3 3
41.6774 414.41 414.41 2 3 3
41.6774 414.46 414.46 2 3 3
41.6774 414.51 414.51 2 3 3
41.6774 414.56 414.56 2 3 3
41.6774 414.61 414.61 2 3 3
41.6774 414.66 414.66 2 3 3
41.6774 414.71 414.71 2 3 3
41.6774 414.76 414.76 2 3 3
41.6774 414.81 414.81 2 3 3
41.6774 414.86 414.86 2 3 3
41.6774 414.91 414.91 2 3 3
41.6774 414.96 414.96 2 3 3
41.6774 415.01 415.01 2 3 3
41.6774 415.06 415.06 2 3 3
41.6774 415.11 415.11 2 3 3
41.6774 415.16 415.16 2 3 3
41.6774 415.21 415.21 2 3 3
41.6774 415.26 415.26 2 3 3
41.6774 415.31 415.31 2 3 3
41.6774 415.36 415.36 2 3 3
41.6774 415.41 415.41 2 3 3
41.6774 415.46 415.46 2 3 3
41.6774 415.51 415.51 2 3 3
41.6774 415.56 415.56 2 3 3
41.6774 415.61 415.61 2 3 3
41.6774 415.66 415.66 2 3 3
41.6774 415.71 415.71 2 3 3
41.6774 415.76 415.76 2 3 3
41.6774 415.81 415.81 2 3 3
41.6774 415.86 415.86 2 3 3
41.6774 415.91 415.91 2 3 3
41.6774 415.96 415.96 2 3 3
41.6774 416.01 416.01 2 3 3
41.6774 416.06 416.06 2 3 3
41.6774 416.11 416.11 2 3 3
41.6774 416.16 416.16 2 3 3
41.6774 416.21 416.21 2 3 3
41.6774 416.26 416.26 2 3 3
41.6774 416.31 416.31 2 3 3
41.6774 416.36 416.36 2 3 3
41.6774 416.41 416.41 2 3 3
41.6774 416.46 416.46 2 3 3
41.6774 416.51 416.51 2 3 3
41.6774 416.56 416.56 2 3 3
41.6774 416.61 416.61 2 3 3
41.6774 416.66 416.66 2 3 3
41.6774 416.71 416.71 2 3 3
41.6774 416.76 416.76 2 3 3
41.6774 416.81 416.81 2 3 3
41.6774 416.86 416.86 2 3 3
41.6774 416.91 416.91 2 3 3
41.6774 416.96 416.96 2 3 3
41.6774 417.01 417.01 2 3 3
41.6774 417.06 417.06 2 3 3
41.6774 417.11 417.11 2 3 3
41.6774 417.16 417.16 2 3 3
41.6774 417.21 417.21 2 3 3
41.6774 417.26 417.26 2 3 3
41.6774 417.31 417.31 2 3 3
41.6774 417.36 417.36 2 3 3
41.6774 417.41 417.41 2 3 3
41.6774 417.46 417.46 2 3 3
41.6774 417.51 417.51 2 3 3
41.6774 417.56 417.56 2 3 3
41.6774 417.61 417.61 2 3 3
41.6774 417.66 417.66 2 3 3
41.6774 417.71 417.71 2 3 3
41.6774 417.76 417.76 2 3 3
41.6774 417.81 417.81 2 3 3
41.6774 417.86 417.86 2 3 3
41.6774 417.91 417.91 2 3 3
41.6774 417.96 417.96 2 3 3
41.6774 418.01 418.01 2 3 3
41.6774 418.06 418.06 2 3 3
41.6774 418.11 418.11 2 3 3
41.6774 418.16 418.16 2 3 3
41.6774 418.21 418.21 2 3 3
41.6774 418.26 418.26 2 3 3
41.6774 418.31 418.31 2 3 3
41.6774 418.36 418.36 2 3 3
41.6774 418.41 418.41 2 3 3
41.6774 418.46 418.46 2 3 3
41.6774 418.51 418.51 2 3 3
41.6774 418.56 418.56 2 3 3
41.6774 418.61 418.61 2 3 3
41.6774 418.66 418.66 2 3 3
41.6774 418.71 418.71 2 3 3
41.6774 418.76 418.76 2 3 3
41.6774 418.81 418.81 2 3 3
41.6774 418.86 418.86 2 3 3
41.6774 418.91 418.91 2 3 3
41.6774 418.96 418.96 2 3 3
41.6774 419.01 419.01 2 3 3
41.6774 419.06 419.06 2 3 3
41.6774 419.11 419.11 2 3 3
41.6774 419.16 419.16 2 3 3
41.6774 419.21 419.21 2 3 3
41.6774 419.26 419.26 2 3 3
41.6774 419.31 419.31 2 3 3
41.6774 419.36 419.36 2 3 3
41.6774 419.41 419.41 2 3 3
41.6774 419.46 419.46 2 3 3
41.6774 419.51 419.51 2 3 3
41.6774 419.56 419.56 2 3 3
41.6774 419.61 419.61 2 3 3
41.6774 419.66 419.66 2 3 3
41.6774 419.71 419.71 2 3 3
41.6774 419.76 419.76 2 3 3
41.6774 419.81 419.81 2 3 3
41.6774 419.86 419.86 2 3 3
41.6774 419.91 419.91 2 3 3
41.6774 419.96 419.96 2 3 3
41.6774 420.01 420.01 2 3 3
41.6774 420.06 420.06 2 3 3
41.6774 420.11 420.11 2 3 3
41.6774 420.16 420.16 2 3 3
41.6774 420.21 420.21 2 3 3
41.6774 420.26 420.26 2 3 3
41.6774 420.31 420.31 2 3 3
41.6774 420.36 420.36 2 3 3
41.6774 420.41 420.41 2 3 3
41.6774 420.46 420.46 2 3 3
41.6774 420.51 420.51 2 3 3
41.6774 420.56 420.56 2 3 3
41.6774 420.61 420.61 2 3 3
41.6774 420.66 420.66 2 3 3
41.6774 420.71 420.71 2 3 3
41.6774 420.76 420.76 2 3 3
41.6774 420.81 420.81 2 3 3
41.6774 420.86 420.86 2 3 3
41.6774 420.91 420.91 2 3 3
41.6774 420.96 420.96 2 3 3
41.6774 421.01 421.01 2 3 3
41.6774 421.06 421.06 2 3 3
41.6774 421.11 421.11 2 3 3
41.6774 421.16 421.16 2 3 3
41.6774 421.21 421.21 2 3 3
41.6774 421.26 421.26 2 3 3
41.6774 421.31 421.31 2 3 3
41.6774 421.36 421.36 2 3 3
41.6774 421.41 421.41 2 3 3
41.6774 421.46 421.46 2 3 3
41.6774 421.51 421.51 2 3 3
41.6774 421.56 421.56 2 3 3
41.6774 421.61 421.61 2 3 3
41.6774 421.66 421.66 2 3 3
41.6774 421.71 421.71 2 3 3
41.6774 421.76 421.76 2 3 3
41.6774 421.81 421.81 2 3 3
41.6774 421.86 421.86 2 3 3
41.6774 421.91 421.91 2 3 3
41.6774 421.96 421.96 2 3 3
41.6774 422.01 422.01 2 3 3
41.6774 422.06 422.06 2 3 3
41.6774 422.11 422.11 2 3 3
41.6774 422.16 422.16 2 3 3
41.6774 422.21 422.21 2 3 3
41.6774 422.26 422.26 2 3 3
41.6774 422.31 422.31 2 3 3
41.6774 422.36 422.36 2 3 3
41.6774 422.41 422.41 2 3 3
41.6774 422.46 422.46 2 3 3
41.6774 422.51 422.51 2 3 3
41.6774 422.56 422.56 2 3 3
41.6774 422.61 422.61 2 3 3
41.6774 422.66 422.66 2 3 3
41.6774 422.71 422.71 2 3 3
41.6774 422.76 422.76 2 3 3
41.6774 422.81 422.81 2 3 3
41.6774 422.86 422.86 2 3 3
41.6774 422.91 422.91 2 3 3
41.6774 422.96 422.96 2 3 3
41.6774 423.01 423.01 2 3 3
41.6774 423.06 423.06 2 3 3
41.6774 423.11 423.11 2 3 3
41.6774 423.16 423.16 2 3 3
41.6774 423.21 423.21 2 3 3
41.6774 423.26 423.26 2 3 3
41.6774 423.31 423.31 2 3 3
41.6774 423.36 423.36 2 3 3
41.6774 423.41 423.41 2 3 3
41.6774 423.46 423.46 2 3 3
41.6774 423.51 423.51 2 3 3
41.6774 423.56 423.56 2 3 3
41.6774 423.61 423.61 2 3 3
41.6774 423.66 423.66 2 3 3
41.6774 423.71 423.71 2 3 3
41.6774 423.76 423.76 2 3 3
41.6774 423.81 423.81 2 3 3
41.6774 423.86 423.86 2 3 3
41.6774 423.91 423.91 2 3 3
41.6774 423.96 423.96 2 3 3
41.6774 424.01 424.01 2 3 3
41.6774 424.06 424.06 2 3 3
41.6774 424.11 424.11 2 3 3
41.6774 424.16 424.16 2 3 3
41.6774 424.21 424.21 2 3 3
41.6774 424.26 424.26 2 3 3
41.6774 424.31 424.31 2 3 3
41.6774 424.36 424.36 2 3 3
41.6774 424.41 424.41 2 3 3
41.6774 424.46 424.46 2 3 3
41.6774 424.51 424.51 2 3 3
41.6774 424.56 424.56 2 3 3
41.6774 424.61 424.61 2 3 3
41.6774 424.66 424.66 2 3 3
41.6774 424.71 424.71 2 3 3
41.6774 424.76 424.76 2 3 3
41.6774 424.81 424.81 2 3 3
41.6774 424.86 424.86 2 3 3
41.6774 424.91 424.91 2 3 3
41.6774 424.96 424.96 2 3 3
41.6774 425.01 425.01 2 3 3
41.6774 425.06 425.06 2 3 3
41.6774 425.11 425.11 2 3 3
41.6774 425.16 425.16 2 3 3
41.6774 425.21 425.21 2 3 3
41.6774 425.26 425.26 2 3 3
41.6774 425.31 425.31 2 3 3
41.6774 425.36 425.36 2 3 3
41.6774 425.41 425.41 2 3 3
41.6774 425.46 425.46 2 3 3
41.6774 425.51 425.51 2 3 3
41.6774 425.56 425.56 2 3 3
41.6774 425.61 425.61 2 3 3
41.6774 425.66 425.66 2 3 3
41.6774 425.71 425.71 2 3 3
41.6774 425.76 425.76 2 3 3
41.6774 425.81 425.81 2 3 3
41.6774 425.86 425.86 2 3 3
41.6774 425.91 425.91 2 3 3
41.6774 425.96 425.96 2 3 3
41.6774 426.01 426.01 2 3 3
41.6774 426.06 426.06 2 3 3
41.6774 426.11 426.11 2 3 3
41.6774 426.16 426.16 2 3 3
41.6774 426.21 426.21 2 3 3
41.6774 426.26 426.26 2 3 3
41.6774 426.31 426.31 2 3 3
41.6774 426.36 426.36 2 3 3
41.6774 426.41 426.41 2 3 3
41.6774 426.46 426.46 2 3 3
41.6774 426.51 426.51 2 3 3
41.6774 426.56 426.56 2 3 3
41.6774 426.61 426.61 2 3 3
41.6774 426.66 426.66 2 3 3
41.6774 426.71 426.71 2 3 3
41.6774 426.76 426.76 2 3 3
41.6774 426.81 426.81 2 3 3
41.6774 426.86 426.86 2 3 3
41.6774 426.91 426.91 2 3 3
41.6774 426.96 426.96 2 3 3
41.6774 427.01 427.01 2 3 3
41.6774 427.06 427.06 2 3 3
41.6774 427.11 427.11 2 3 3
41.6774 427.16 427.16 2 3 3
41.6774 427.21 427.21 2 3 3
41.6774 427.26 427.26 2 3 3
41.6774 427.31 427.31 2 3 3
41.6774 427.36 427.36 2 3 3
41.6774 427.41 427.41 2 3 3
41.6774 427.46 427.46 2 3 3
41.6774 427.51 427.51 2 3 3
41.6774 427.56 427.56 2 3 3
41.6774 427.61 427.61 2 3 3
41.6774 427.66 427.66 2 3 3
41.6774 427.71 427.71 2 3 3
41.6774 427.76 427.76 2 3 3
41.6774 427.81 427.81 2 3 3
41.6774 427.86 427.86 2 3 3
41.6774 427.91 427.91 2 3 3
41.6774 427.96 427.96 2 3 3
41.6774 428.01 428.01 2 3 3
41.6774 428.06 428.06 2 3 3
41.6774 428.11 428.11 2 3 3
41.6774 428.16 428.16 2 3 3
41.6774 428.21 428.21 2 3 3
41.6774 428.26 428.26 2 3 3
41.6774 428.31 428.31 2 3 3
41.6774 428.36 428.36 2 3 3
41.6774 428.41 428.41 2 3 3
41.6774 428.46 428.46 2 3 3
41.6774 428.51 428.51 2 3 3
41.6774 428.56 428.56 2 3 3
41.6774 428.61 428.61 2 3 3
41.6774 428.66 428.66 2 3 3
41.6774 428.71 428.71 2 3 3
41.6774 428.76 428.76 2 3 3
41.6774 428.81 428.81 2 3 3
41.6774 428.86 428.86 2 3 3
41.6774 428.91 428.91 2 3 3
41.6774 428.96 428.96 2 3 3
41.6774 429.01 429.01 2 3 3
41.6774 429.06 429.06 2 3 3
41.6774 429.11 429.11 2 3 3
41.6774 429.16 429.16 2 3 3
41.6774 429.21 429.21 2 3 3
41.6774 429.26 429.26 2 3 3
41.6774 429.31 429.31 2 3 3
41.6774 429.36 429.36 2 3 3
41.6774 429.41 429.41 2 3 3
41.6774 429.46 429.46 2 3 3
41.6774 429.51 429.51 2 3 3
41.6774 429.56 429.56 2 3 3
41.6774 429.61 429.61 2 3 3
41.6774 429.66 429.66 2 3 3
41.6774 429.71 429.71 2 3 3
41.6774 429.76 429.76 2 3 3
41.6774 429.81 429.81 2 3 3
41.6774 429.86 429.86 2 3 3
41.6774 429.91 429.91 2 3 3
41.6774 429.96 429.96 2 3 3
41.6774 430.01 430.01 2 3 3
41.6774 430.06 430.06 2 3 3
41.6774 430.11 430.11 2 3 3
41.6774 430.16 430.16 2 3 3
41.6774 430.21 430.21 2 3 3
41.6774 430.26 430.26 2 3 3
41.6774 430.31 430.31 2 3 3
41.6774 430.36 430.36 2 3 3
41.6774 430.41 430.41 2 3 3
41.6774 430.46 430.46 2 3 3
41.6774 430.51 430.51 2 3 3
41.6774 430.56 430.56 2 3 3
41.6774 430.61 430.61 2 3 3
41.6774 430.66 430.66 2 3 3
41.6774 430.71 430.71 2 3 3
41.6774 430.76 430.76 2 3 3
41.6774 430.81 430.81 2 3 3
41.6774 430.86 430.86 2 3 3
41.6774 430.91 430.91 2 3 3
41.6774 430.96 430.96 2 3 3
41.6774 431.01 431.01 2 3 3
41.6774 431.06 431.06 2 3 3
41.6774 431.11 431.11 2 3 3
41.6774 431.16 431.16 2 3 3
41.6774 431.21 431.21 2 3 3
41.6774 431.26 431.26 2 3 3
41.6774 431.31 431.31 2 3 3
41.6774 431.36 431.36 2 3 3
41.6774 431.41 431.41 2 3 3
41.6774 431.46 431.46 2 3 3
41.6774 431.51 431.51 2 3 3
41.6774 431.56 431.56 2 3 3
41.6774 431.61 431.61 2 3 3
41.6774 431.66 431.66 2 3 3
41.6774 431.71 431.71 2 3 3
41.6774 431.76 431.76 2 3 3
41.6774 431.81 431.81 2 3 3
41.6774 431.86 431.86 2 3 3
41.6774 431.91 431.91 2 3 3
41.6774 431.96 431.96 2 3 3
41.6774 432.01 432.01 2 3 3
41.6774 432.06 432.06 2 3 3
41.6774 432.11 432.11 2 3 3
41.6774 432.16 432.16 2 3 3
41.6774 432.21 432.21 2 3 3
41.6774 432.26 432.26 2 3 3
41.6774 432.31 432.31 2 3 3
41.6774 432.36 432.36 2 3 3
41.6774 432.41 432.41 2 3 3
41.6774 432.46 432.46 2 3 3
41.6774 432.51 432.51 2 3 3
41.6774 432.56 432.56 2 3 3
41.6774 432.61 432.61 2 3 3
41.6774 432.66 432.66 2 3 3
41.6774 432.71 432.71 2 3 3
41.6774 432.76 432.76 2 3 3
41.6774 432.81 432.81 2 3 3
41.6774 432.86 432.86 2 3 3
41.6774 432.91 432.91 2 3 3
41.6774 432.96 432.96 2 3 3
41.6774 433.01 433.01 2 3 3
41.6774 433.06 433.06 2 3 3
41.6774 433.11 433.11 2 3 3
41.6774 433.16 433.16 2 3 3
41.6774 433.21 433.21 2 3 3
41.6774 433.26 433.26 2 3 3
41.6774 433.31 433.31 2 3 3
41.6774 433.36 433.36 2 3 3
41.6774 433.41 433.41 2 3 3
41.6774 433.46 433.46 2 3 3
41.6774 433.51 433.51 2 3 3
41.6774 433.56 433.56 2 3 3
41.6774 433.61 433.61 2 3 3
41.6774 433.66 433.66 2 3 3
41.6774 433.71 433.71 2 3 3
41.6774 433.76 433.76 2 3 3
41.6774 433.81 433.81 2 3 3
41.6774 433.86 433.86 2 3 3
41.6774 433.91 433.91 2 3 3
41.6774 433.96 433.96 2 3 3
41.6774 434.01 434.01 2 3 3
41.6774 434.06 434.06 2 3 3
41.6774 434.11 434.11 2 3 3
41.6774 434.16 434.16 2 3 3
41.6774 434.21 434.21 2 3 3
41.6774 434.26 434.26 2 3 3
41.6774 434.31 434.31 2 3 3
41.6774 434.36 434.36 2 3 3
41.6774 434.41 434.41 2 3 3
41.6774 434.46 434.46 2 3 3
41.6774 434.51 434.51 2 3 3
41.6774 434.56 434.56 2 3 3
41.6774 434.61 434.61 2 3 3
41.6774 434.66 434.66 2 3 3
41.6774 434.71 434.71 2 3 3
41.6774 434.76 434.76 2 3 3
41.6774 434.81 434.81 2 3 3
41.6774 434.86 434.86 2 3 3
41.6774 434.91 434.91 2 3 3
41.6774 434.96 434.96 2 3 3
41.6774 435.01 435.01 2 3 3
41.6774 435.06 435.06 2 3 3
41.6774 435.11 435.11 2 3 3
41.6774 435.16 435.16 2 3 3
41.6774 435.21 435.21 2 3 3
41.6774 435.26 435.26 2 3 3
41.6774 435.31 435.31 2 3 3
41.6774 435.36 435.36 2 3 3
41.6774 435.41 435.41 2 3 3
41.6774 435.46 435.46 2 3 3
41.6774 435.51 435.51 2 3 3
41.6774 435.56 435.56 2 3 3
41.6774 435.61 435.61 2 3 3
41.6774 435.66 435.66 2 3 3
41.6774 435.71 435.71 2 3 3
41.6774 435.76 435.76 2 3 3
41.6774 435.81 435.81 2 3 3
41.6774 435.86 435.86 2 3 3
41.6774 435.91 435.91 2 3 3
41.6774 435.96 435.96 2 3 3
41.6774 436.01 436.01 2 3 3
41.6774 436.06 436.06 2 3 3
41.6774 436.11 436.11 2 3 3
41.6774 436.16 436.16 2 3 3
41.6774 436.21 436.21 2 3 3
41.6774 436.26 436.26 2 3 3
41.6774 436.31 436.31 2 3 3
41.6774 436.36 436.36 2 3 3
41.6774 436.41 436.41 2 3 3
41.6774 436.46 436.46 2 3 3
41.6774 436.51 436.51 2 3 3
41.6774 436.56 436.56 2 3 3
41.6774 436.61 436.61 2 3 3
41.6774 436.66 436.66 2 3 3
41.6774 436.71 436.71 2 3 3
41.6774 436.76 436.76 2 3 3
41.6774 436.81 436.81 2 3 3
41.6774 436.86 436.86 2 3 3
41.6774 436.91 436.91 2 3 3
41.6774 436.96 436.96 2 3 3
41.6774 437.01 437.01 2 3 3
41.6774 437.06 437.06 2 3 3
41.6774 437.11 437.11 2 3 3
41.6774 437.16 437.16 2 3 3
41.6774 437.21 437.21 2 3 3
41.6774 437.26 437.26 2 3 3
41.6774 437.31 437.31 2 3 3
41.6774 437.36 437.36 2 3 3
41.6774 437.41 437.41 2 3 3
41.6774 437.46 437.46 2 3 3
41.6774 437.51 437.51 2 3 3
41.6774 437.56 437.56 2 3 3
41.6774 437.61 437.61 2 3 3
41.6774 437.66 437.66 2 3 3
41.6774 437.71 437.71 2 3 3
41.6774 437.76 437.76 2 3 3
41.6774 437.81 437.81 2 3 3
41.6774 437.86 437.86 2 3 3
41.6774 437.91 437.91 2 3 3
41.6774 437.96 437.96 2 3 3
41.6774 438.01 438.01 2 3 3
41.6774 438.06 438.06 2 3 3
41.6774 438.11 438.11 2 3 3
41.6774 438.16 438.16 2 3 3
41.6774 438.21 438.21 2 3 3
41.6774 438.26 438.26 2 3 3
41.6774 438.31 438.31 2 3 3
41.6774 438.36 438.36 2 3 3
41.6774 438.41 438.41 2 3 3
41.6774 438.46 438.46 2 3 3
41.6774 438.51 438.51 2 3 3
41.6774 438.56 438.56 2 3 3
41.6774 438.61 438.61 2 3 3
41.6774 438.66 438.66 2 3 3
41.6774 438.71 438.71 2 3 3
41.6774 438.76 438.76 2 3 3
41.6774 438.81 438.81 2 3 3
41.6774 438.86 438.86 2 3 3
41.6774 438.91 438.91 2 3 3
41.6774 438.96 438.96 2 3 3
41.6774 439.01 439.01 2 3 3
41.6774 439.06 439.06 2 3 3
41.6774 439.11 439.11 2 3 3
41.6774 439.16 439.16 2 3 3
41.6774 439.21 439.21 2 3 3
41.6774 439.26 439.26 2 3 3
41.6774 439.31 439.31 2 3 3
41.6774 439.36 439.36 2 3 3
41.6774 439.41 439.41 2 3 3
41.6774 439.46 439.46 2 3 3
41.6774 439.51 439.51 2 3 3
41.6774 439.56 439.56 2 3 3
41.6774 439.61 439.61 2 3 3
41.6774 439.66 439.66 2 3 3
41.6774 439.71 439.71 2 3 3
41.6774 439.76 439.76 2 3 3
41.6774 439.81 439.81 2 3 3
41.6774 439.86 439.86 2 3 3
41.6774 439.91 439.91 2 3 3
41.6774 439.96 439.96 2 3 3
41.6774 440.01 440.01 2 3 3
41.6774 440.06 440.06 2 3 3
41.6774 440.11 440.11 2 3 3
41.6774 440.16 440.16 2 3 3
41.6774 440.21 440.21 2 3 3
41.6774 440.26 440.26 2 3 3
41.6774 440.31 440.31 2 3 3
41.6774 440.36 440.36 2 3 3
41.6774 440.41 440.41 2 3 3
41.6774 440.46 440.46 2 3 3
41.6774 440.51 440.51 2 3 3
41.6774 440.56 440.56 2 3 3
41.6774 440.61 440.61 2 3 3
41.6774 440.66 440.66 2 3 3
41.6774 440.71 440.71 2 3 3
41.6774 440.76 440.76 2 3 3
41.6774 440.81 440.81 2 3 3
41.6774 440.86 440.86 2 3 3
41.6774 440.91 440.91 2 3 3
41.6774 440.96 440.96 2 3 3
41.6774 441.01 441.01 2 3 3
41.6774 441.06 441.06 2 3 3
41.6774 441.11 441.11 2 3 3
41.6774 441.16 441.16 2 3 3
41.6774 441.21 441.21 2 3 3
41.6774 441.26 441.26 2 3 3
41.6774 441.31 441.31 2 3 3
41.6774 441.36 441.36 2 3 3
41.6774 441.41 441.41 2 3 3
41.6774 441.46 441.46 2 3 3
41.6774 441.51 441.51 2 3 3
41.6774 441.56 441.56 2 3 3
41.6774 441.61 441.61 2 3 3
41.6774 441.66 441.66 2 3 3
41.6774 441.71 441.71 2 3 3
41.6774 441.76 441.76 2 3 3
41.6774 441.81 441.81 2 3 3
41.6774 441.86 441.86 2 3 3
41.6774 441.91 441.91 2 3 3
41.6774 441.96 441.96 2 3 3
41.6774 442.01 442.01 2 3 3
41.6774 442.06 442.06 2 3 3
41.6774 442.11 442.11 2 3 3
41.6774 442.16 442.16 2 3 3
41.6774 442.21 442.21 2 3 3
41.6774 442.26 442.26 2 3 3
41.6774 442.31 442.31 2 3 3
41.6774 442.36 442.36 2 3 3
41.6774 442.41 442.41 2 3 3
41.6774 442.46 442.46 2 3 3
41.6774 442.51 442.51 2 3 3
41.6774 442.56 442.56 2 3 3
41.6774 442.61 442.61 2 3 3
41.6774 442.66 442.66 2 3 3
41.6774 442.71 442.71 2 3 3
41.6774 442.76 442.76 2 3 3
41.6774 442.81 442.81 2 3 3
41.6774 442.86 442.86 2 3 3
41.6774 442.91 442.91 2 3 3
41.6774 442.96 442.96 2 3 3
41.6774 443.01 443.01 2 3 3
41.6774 443.06 443.06 2 3 3
41.6774 443.11 443.11 2 3 3
41.6774 443.16 443.16 2 3 3
41.6774 443.21 443.21 2 3 3
41.6774 443.26 443.26 2 3 3
41.6774 443.31 443.31 2 3 3
41.6774 443.36 443.36 2 3 3
41.6774 443.41 443.41 2 3 3
41.6774 443.46 443.46 2 3 3
41.6774 443.51 443.51 2 3 3
41.6774 443.56 443.56 2 3 3
41.6774 443.61 443.61 2 3 3
41.6774 443.66 443.66 2 3 3
41.6774 443.71 443.71 2 3 3
41.6774 443.76 443.76 2 3 3
41.6774 443.81 443.81 2 3 3
41.6774 443.86 443.86 2 3 3
41.6774 443.91 443.91 2 3 3
41.6774 443.96 443.96 2 3 3
41.6774 444.01 444.01 2 3 3
41.6774 444.06 444.06 2 3 3
41.6774 444.11 444.11 2 3 3
41.6774 444.16 444.16 2 3 3
41.6774 444.21 444.21 2 3 3
41.6774 444.26 444.26 2 3 3
41.6774 444.31 444.31 2 3 3
41.6774 444.36 444.36 2 3 3
41.6774 444.41 444.41 2 3 3
41.6774 444.46 444.46 2 3 3
41.6774 444.51 444.51 2 3 3
41.6774 444.56 444.56 2 3 3
41.6774 444.61 444.61 2 3 3
41.6774 444.66 444.66 2 3 3
41.6774 444.71 444.71 2 3 3
41.6774 444.76 444.76 2 3 3
41.6774 444.81 444.81 2 3 3
41.6774 444.86 444.86 2 3 3
41.6774 444.91 444.91 2 3 3
41.6774 444.96 444.96 2 3 3
41.6774 445.01 445.01 2 3 3
41.6774 445.06 445.06 2 3 3
41.6774 445.11 445.11 2 3 3
41.6774 445.16 445.16 2 3 3
41.6774 445.21 445.21 2 3 3
41.6774 445.26 445.26 2 3 3
41.6774 445.31 445.31 2 3 3
41.6774 445.36 445.36 2 3 3
41.6774 445.41 445.41 2 3 3
41.6774 445.46 445.46 2 3 3
41.6774 445.51 445.51 2 3 3
41.6774 445.56 445.56 2 3 3
41.6774 445.61 445.61 2 3 3
41.6774 445.66 445.66 2 3 3
41.6774 445.71 445.71 2 3 3
41.6774 445.76 445.76 2 3 3
41.6774 445.81 445.81 2 3 3
41.6774 445.86 445.86 2 3 3
41.6774 445.91 445.91 2 3 3
41.6774 445.96 445.96 2 3 3
41.6774 446.01 446.01 2 3 3
41.6774 446.06 446.06 2 3 3
41.6774 446.11 446.11 2 3 3
41.6774 446.16 446.16 2 3 3
41.6774 446.21 446.21 2 3 3
41.6774 446.26 446.26 2 3 3
41.6774 446.31 446.31 2 3 3
41.6774 446.36 446.36 2 3 3
41.6774 446.41 446.41 2 3 3
41.6774 446.46 446.46 2 3 3
41.6774 446.51 446.51 2 3 3
41.6774 446.56 446.56 2 3 3
41.6774 446.61 446.61 2 3 3
41.6774 446.66 446.66 2 3 3
41.6774 446.71 446.71 2 3 3
41.6774 446.76 446.76 2 3 3
41.6774 446.81 446.81 2 3 3
41.6774 446.86 446.86 2 3 3
41.6774 446.91 446.91 2 3 3
41.6774 446.96 446.96 2 3 3
41.6774 447.01 447.01 2 3 3
41.6774 447.06 447.06 2 3 3
41.6774 447.11 447.11 2 3 3
41.6774 447.16 447.16 2 3 3
41.6774 447.21 447.21 2 3 3
41.6774 447.26 447.26 2 3 3
41.6774 447.31 447.31 2 3 3
41.6774 447.36 447.36 2 3 3
41.6774 447.41 447.41 2 3 3
41.6774 447.46 447.46 2 3 3
41.6774 447.51 447.51 2 3 3
41.6774 447.56 447.56 2 3 3
41.6774 447.61 447.61 2 3 3
41.6774 447.66 447.66 2 3 3
41.6774 447.71 447.71 2 3 3
41.6774 447.76 447.76 2 3 3
41.6774 447.81 447.81 2 3 3
41.6774 447.86 447.86 2 3 3
41.6774 447.91 447.91 2 3 3
41.6774 447.96 447.96 2 3 3
41.6774 448.01 448.01 2 3 3
41.6774 448.06 448.06 2 3 3
41.6774 448.11 448.11 2 3 3
41.6774 448.16 448.16 2 3 3
41.6774 448.21 448.21 2 3 3
41.6774 448.26 448.26 2 3 3
41.6774 448.31 448.31 2 3 3
41.6774 448.36 448.36 2 3 3
41.6774 448.41 448.41 2 3 3
41.6774 448.46 448.46 2 3 3
41.6774 448.51 448.51 2 3 3
41.6774 448.56 448.56 2 3 3
41.6774 448.61 448.61 2 3 3
41.6774 448.66 448.66 2 3 3
41.6774 448.71 448.71 2 3 3
41.6774 448.76 448.76 2 3 3
41.6774 448.81 448.81 2 3 3
41.6774 448.86 448.86 2 3 3
41.6774 448.91 448.91 2 3 3
41.6774 448.96 448.96 2 3 3
41.6774 449.01 449.01 2 3 3
41.6774 449.06 449.06 2 3 3
41.6774 449.11 449.11 2 3 3
41.6774 449.16 449.16 2 3 3
41.6774 449.21 449.21 2 3 3
41.6774 449.26 449.26 2 3 3
41.6774 449.31 449.31 2 3 3
41.6774 449.36 449.36 2 3 3
41.6774 449.41 449.41 2 3 3
41.6774 449.46 449.46 2 3 3
41.6774 449.51 449.51 2 3 3
41.6774 449.56 449.56 2 3 3
41.6774 449.61 449.61 2 3 3
41.6774 449.66 449.66 2 3 3
41.6774 449.71 449.71 2 3 3
41.6774 449.76 449.76 2 3 3
41.6774 449.81 449.81 2 3 3
41.6774 449.86 449.86 2 3 3
41.6774 449.91 449.91 2 3 3
41.6774 449.96 449.96 2 3 3
41.6774 450.01 450.01 2 3 3
41.6774 450.06 450.06 2 3 3
41.6774 450.11 450.11 2 3 3
41.6774 450.16 450.16 2 3 3
41.6774 450.21 450.21 2 3 3
41.6774 450.26 450.26 2 3 3
41.6774 450.31 450.31 2 3 3
41.6774 450.36 450.36 2 3 3
41.6774 450.41 450.41 2 3 3
41.6774 450.46 450.46 2 3 3
41.6774 450.51 450.51 2 3 3
41.6774 450.56 450.56 2 3 3
41.6774 450.61 450.61 2 3 3
41.6774 450.66 450.66 2 3 3
41.6774 450.71 450.71 2 3 3
41.6774 450.76 450.76 2 3 3
41.6774 450.81 450.81 2 3 3
41.6774 450.86 450.86 2 3 3
41.6774 450.91 450.91 2 3 3
41.6774 450.96 450.96 2 3 3
41.6774 451.01 451.01 2 3 3
41.6774 451.06 451.06 2 3 3
41.6774 451.11 451.11 2 3 3
41.6774 451.16 451.16 2 3 3
41.6774 451.21 451.21 2 3 3
41.6774 451.26 451.26 2 3 3
41.6774 451.31 451.31 2 3 3
41.6774 451.36 451.36 2 3 3
41.6774 451.41 451.41 2 3 3
41.6774 451.46 451.46 2 3 3
41.6774 451.51 451.51 2 3 3
41.6774 451.56 451.56 2 3 3
41.6774 451.61 451.61 2 3 3
41.6774 451.66 451.66 2 3 3
41.6774 451.71 451.71 2 3 3
41.6774 451.76 451.76 2 3 3
41.6774 451.81 451.81 2 3 3
41.6774 451.86 451.86 2 3 3
41.6774 451.91 451.91 2 3 3
41.6774 451.96 451.96 2 3 3
41.6774 452.01 452.01 2 3 3
41.6774 452.06 452.06 2 3 3
41.6774 452.11 452.11 2 3 3
41.6774 452.16 452.16 2 3 3
41.6774 452.21 452.21 2 3 3
41.6774 452.26 452.26 2 3 3
41.6774 452.31 452.31 2 3 3
41.6774 452.36 452.36 2 3 3
41.6774 452.41 452.41 2 3 3
41.6774 452.46 452.46 2 3 3
41.6774 452.51 452.51 2 3 3
41.6774 452.56 452.56 2 3 3
41.6774 452.61 452.61 2 3 3
41.6774 452.66 452.66 2 3 3
41.6774 452.71 452.71 2 3 3
41.6774 452.76 452.76 2 3 3
41.6774 452.81 452.81 2 3 3
41.6774 452.86 452.86 2 3 3
41.6774 452.91 452.91 2 3 3
41.6774 452.96 452.96 2 3 3
41.6774 453.01 453.01 2 3 3
41.6774 453.06 453.06 2 3 3
41.6774 453.11 453.11 2 3 3
41.6774 453.16 453.16 2 3 3
41.6774 453.21 453.21 2 3 3
41.6774 453.26 453.26 2 3 3
41.6774 453.31 453.31 2 3 3
41.6774 453.36 453.36 2 3 3
41.6774 453.41 453.41 2 3 3
41.6774 453.46 453.46 2 3 3
41.6774 453.51 453.51 2 3 3
41.6774 453.56 453.56 2 3 3
41.6774 453.61 453.61 2 3 3
41.6774 453.66 453.66 2 3 3
41.6774 453.71 453.71 2 3 3
41.6774 453.76 453.76 2 3 3
41.6774 453.81 453.81 2 3 3
41.6774 453.86 453.86 2 3 3
41.6774 453.91 453.91 2 3 3
41.6774 453.96 453.96 2 3 3
41.6774 454.01 454.01 2 3 3
41.6774 454.06 454.06 2 3 3
41.6774 454.11 454.11 2 3 3
41.6774 454.16 454.16 2 3 3
41.6774 454.21 454.21 2 3 3
41.6774 454.26 454.26 2 3 3
41.6774 454.31 454.31 2 3 3
41.6774 454.36 454.36 2 3 3
41.6774 454.41 454.41 2 3 3
41.6774 454.46 454.46 2 3 3
41.6774 454.51 454.51 2 3 3
41.6774 454.56 454.56 2 3 3
41.6774 454.61 454.61 2 3 3
41.6774 454.66 454.66 2 3 3
41.6774 454.71 454.71 2 3 3
41.6774 454.76 454.76 2 3 3
41.6774 454.81 454.81 2 3 3
41.6774 454.86 454.86 2 3 3
41.6774 454.91 454.91 2 3 3
41.6774 454.96 454.96 2 3 3
41.6774 455.01 455.01 2 3 3
41.6774 455.06 455.06 2 3 3
41.6774 455.11 455.11 2 3 3
41.6774 455.16 455.16 2 3 3
41.6774 455.21 455.21 2 3 3
41.6774 455.26 455.26 2 3 3
41.6774 455.31 455.31 2 3 3
41.6774 455.36 455.36 2 3 3
41.6774 455.41 455.41 2 3 3
41.6774 455.46 455.46 2 3 3
41.6774 455.51 455.51 2 3 3
41.6774 455.56 455.56 2 3 3
41.6774 455.61 455.61 2 3 3
41.6774 455.66 455.66 2 3 3
41.6774 455.71 455.71 2 3 3
41.6774 455.76 455.76 2 3 3
41.6774 455.81 455.81 2 3 3
41.6774 455.86 455.86 2 3 3
41.6774 455.91 455.91 2 3 3
41.6774 455.96 455.96 2 3 3
41.6774 456.01 456.01 2 3 3
41.6774 456.06 456.06 2 3 3
41.6774 456.11 456.11 2 3 3
41.6774 456.16 456.16 2 3 3
41.6774 456.21 456.21 2 3 3
41.6774 456.26 456.26 2 3 3
41.6774 456.31 456.31 2 3 3
41.6774 456.36 456.36 2 3 3
41.6774 456.41 456.41 2 3 3
41.6774 456.46 456.46 2 3 3
41.6774 456.51 456.51 2 3 3
41.6774 456.56 456.56 2 3 3
41.6774 456.61 456.61 2 3 3
41.6774 456.66 456.66 2 3 3
41.6774 456.71 456.71 2 3 3
41.6774 456.76 456.76 2 3 3
41.6774 456.81 456.81 2 3 3
41.6774 456.86 456.86 2 3 3
41.6774 456.91 456.91 2 3 3
41.6774 456.96 456.96 2 3 3
41.6774 457.01 457.01 2 3 3
41.6774 457.06 457.06 2 3 3
41.6774 457.11 457.11 2 3 3
41.6774 457.16 457.16 2 3 3
41.6774 457.21 457.21 2 3 3
41.6774 457.26 457.26 2 3 3
41.6774 457.31 457.31 2 3 3
41.6774 457.36 457.36 2 3 3
41.6774 457.41 457.41 2 3 3
41.6774 457.46 457.46 2 3 3
41.6774 457.51 457.51 2 3 3
41.6774 457.56 457.56 2 3 3
41.6774 457.61 457.61 2 3 3
41.6774 457.66 457.66 2 3 3
41.6774 457.71 457.71 2 3 3
41.6774 457.76 457.76 2 3 3
41.6774 457.81 457.81 2 3 3
41.6774 457.86 457.86 2 3 3
41.6774 457.91 457.91 2 3 3
41.6774 457.96 457.96 2 3 3
41.6774 458.01 458.01 2 3 3
41.6774 458.06 458.06 2 3 3
41.6774 458.11 458.11 2 3 3
41.6774 458.16 458.16 2 3 3
41.6774 458.21 458.21 2 3 3
41.6774 458.26 458.26 2 3 3
41.6774 458.31 458.31 2 3 3
41.6774 458.36 458.36 2 3 3
41.6774 458.41 458.41 2 3 3
41.6774 458.46 458.46 2 3 3
41.6774 458.51 458.51 2 3 3
41.6774 458.56 458.56 2 3 3
41.6774 458.61 458.61 2 3 3
41.6774 458.66 458.66 2 3 3
41.6774 458.71 458.71 2 3 3
41.6774 458.76 458.76 2 3 3
41.6774 458.81 458.81 2 3 3
41.6774 458.86 458.86 2 3 3
41.6774 458.91 458.91 2 3 3
41.6774 458.96 458.96 2 3 3
41.6774 459.01 459.01 2 3 3
41.6774 459.06 459.06 2 3 3
41.6774 459.11 459.11 2 3 3
41.6774 459.16 459.16 2 3 3
41.6774 459.21 459.21 2 3 3
41.6774 459.26 459.26 2 3 3
41.6774 459.31 459.31 2 3 3
41.6774 459.36 459.36 2 3 3
41.6774 459.41 459.41 2 3 3
41.6774 459.46 459.46 2 3 3
41.6774 459.51 459.51 2 3 3
41.6774 459.56 459.56 2 3 3
41.6774 459.61 459.61 2 3 3
41.6774 459.66 459.66 2 3 3
41.6774 459.71 459.71 2 3 3
41.6774 459.76 459.76 2 3 3
41.6774 459.81 459.81 2 3 3
41.6774 459.86 459.86 2 3 3
41.6774 459.91 459.91 2 3 3
41.6774 459.96 459.96 2 3 3
41.6774 460.01 460.01 2 3 3
41.6774 460.06 460.06 2 3 3
41.6774 460.11 460.11 2 3 3
41.6774 460.16 460.16 2 3 3
41.6774 460.21 460.21 2 3 3
41.6774 460.26 460.26 2 3 3
41.6774 460.31 460.31 2 3 3
41.6774 460.36 460.36 2 3 3
41.6774 460.41 460.41 2 3 3
41.6774 460.46 460.46 2 3 3
41.6774 460.51 460.51 2 3 3
41.6774 460.56 460.56 2 3 3
41.6774 460.61 460.61 2 3 3
41.6774 460.66 460.66 2 3 3
41.6774 460.71 460.71 2 3 3
41.6774 460.76 460.76 2 3 3
41.6774 460.81 460.81 2 3 3
41.6774 460.86 460.86 2 3 3
41.6774 460.91 460.91 2 3 3
41.6774 460.96 460.96 2 3 3
41.6774 461.01 461.01 2 3 3
41.6774 461.06 461.06 2 3 3
41.6774 461.11 461.11 2 3 3
41.6774 461.16 461.16 2 3 3
41.6774 461.21 461.21 2 3 3
41.6774 461.26 461.26 2 3 3
41.6774 461.31 461.31 2 3 3
41.6774 461.36 461.36 2 3 3
41.6774 461.41 461.41 2 3 3
41.6774 461.46 461.46 2 3 3
41.6774 461.51 461.51 2 3 3
41.6774 461.56 461.56 2 3 3
41.6774 461.61 461.61 2 3 3
41.6774 461.66 461.66 2 3 3
41.6774 461.71 461.71 2 3 3
41.6774 461.76 461.76 2 3 3
41.6774 461.81 461.81 2 3 3
41.6774 461.86 461.86 2 3 3
41.6774 461.91 461.91 2 3 3
41.6774 461.96 461.96 2 3 3
41.6774 462.01 462.01 2 3 3
41.6774 462.06 462.06 2 3 3
41.6774 462.11 462.11 2 3 3
41.6774 462.16 462.16 2 3 3
41.6774 462.21 462.21 2 3 3
41.6774 462.26 462.26 2 3 3
41.6774 462.31 462.31 2 3 3
41.6774 462.36 462.36 2 3 3
41.6774 462.41 462.41 2 3 3
41.6774 462.46 462.46 2 3 3
41.6774 462.51 462.51 2 3 3
41.6774 462.56 462.56 2 3 3
41.6774 462.61 462.61 2 3 3
41.6774 462.66 462.66 2 3 3
41.6774 462.71 462.71 2 3 3
41.6774 462.76 462.76 2 3 3
41.6774 462.81 462.81 2 3 3
41.6774 462.86 462.86 2 3 3
41.6774 462.91 462.91 2 3 3
41.6774 462.96 462.96 2 3 3
41.6774 463.01 463.01 2 3 3
41.6774 463.06 463.06 2 3 3
41.6774 463.11 463.11 2 3 3
41.6774 463.16 463.16 2 3 3
41.6774 463.21 463.21 2 3 3
41.6774 463.26 463.26 2 3 3
41.6774 463.31 463.31 2 3 3
41.6774 463.36 463.36 2 3 3
41.6774 463.41 463.41 2 3 3
41.6774 463.46 463.46 2 3 3
41.6774 463.51 463.51 2 3 3
41.6774 463.56 463.56 2 3 3
41.6774 463.61 463.61 2 3 3
41.6774 463.66 463.66 2 3 3
41.6774 463.71 463.71 2 3 3
41.6774 463.76 463.76 2 3 3
41.6774 463.81 463.81 2 3 3
41.6774 463.86 463.86 2 3 3
41.6774 463.91 463.91 2 3 3
41.6774 463.96 463.96 2 3 3
41.6774 464.01 464.01 2 3 3
41.6774 464.06 464.06 2 3 3
41.6774 464.11 464.11 2 3 3
41.6774 464.16 464.16 2 3 3
41.6774 464.21 464.21 2 3 3
41.6774 464.26 464.26 2 3 3
41.6774 464.31 464.31 2 3 3
41.6774 464.36 464.36 2 3 3
41.6774 464.41 464.41 2 3 3
41.6774 464.46 464.46 2 3 3
41.6774 464.51 464.51 2 3 3
41.6774 464.56 464.56 2 3 3
41.6774 464.61 464.61 2 3 3
41.6774 464.66 464.66 2 3 3
41.6774 464.71 464.71 2 3 3
41.6774 464.76 464.76 2 3 3
41.6774 464.81 464.81 2 3 3
41.6774 464.86 464.86 2 3 3
41.6774 464.91 464.91 2 3 3
41.6774 464.96 464.96 2 3 3
41.6774 465.01 465.01 2 3 3
41.6774 465.06 465.06 2 3 3
41.6774 465.11 465.11 2 3 3
41.6774 465.16 465.16 2 3 3
41.6774 465.21 465.21 2 3 3
41.6774 465.26 465.26 2 3 3
41.6774 465.31 465.31 2 3 3
41.6774 465.36 465.36 2 3 3
41.6774 465.41 465.41 2 3 3
41.6774 465.46 465.46 2 3 3
41.6774 465.51 465.51 2 3 3
41.6774 465.56 465.56 2 3 3
41.6774 465.61 465.61 2 3 3
41.6774 465.66 465.66 2 3 3
41.6774 465.71 465.71 2 3 3
41.6774 465.76 465.76 2 3 3
41.6774 465.81 465.81 2 3 3
41.6774 465.86 465.86 2 3 3
41.6774 465.91 465.91 2 3 3
41.6774 465.96 465.96 2 3 3
41.6774 466.01 466.01 2 3 3
41.6774 466.06 466.06 2 3 3
41.6774 466.11 466.11 2 3 3
41.6774 466.16 466.16 2 3 3
41.6774 466.21 466.21 2 3 3
41.6774 466.26 466.26 2 3 3
41.6774 466.31 466.31 2 3 3
41.6774 466.36 466.36 2 3 3
41.6774 466.41 466.41 2 3 3
41.6774 466.46 466.46 2 3 3
41.6774 466.51 466.51 2 3 3
41.6774 466.56 466.56 2 3 3
41.6774 466.61 466.61 2 3 3
41.6774 466.66 466.66 2 3 3
41.6774 466.71 466.71 2 3 3
41.6774 466.76 466.76 2 3 3
41.6774 466.81 466.81 2 3 3
41.6774 466.86 466.86 2 3 3
41.6774 466.91 466.91 2 3 3
41.6774 466.96 466.96 2 3 3
41.6774 467.01 467.01 2 3 3
41.6774 467.06 467.06 2 3 3
41.6774 467.11 467.11 2 3 3
41.6774 467.16 467.16 2 3 3
41.6774 467.21 467.21 2 3 3
41.6774 467.26 467.26 2 3 3
41.6774 467.31 467.31 2 3 3
41.6774 467.36 467.36 2 3 3
41.6774 467.41 467.41 2 3 3
41.6774 467.46 467.46 2 3 3
41.6774 467.51 467.51 2 3 3
41.6774 467.56 467.56 2 3 3
41.6774 467.61 467.61 2 3 3
41.6774 467.66 467.66 2 3 3
41.6774 467.71 467.71 2 3 3
41.6774 467.76 467.76 2 3 3
41.6774 467.81 467.81 2 3 3
41.6774 467.86 467.86 2 3 3
41.6774 467.91 467.91 2 3 3
41.6774 467.96 467.96 2 3 3
41.6774 468.01 468.01 2 3 3
41.6774 468.06 468.06 2 3 3
41.6774 468.11 468.11 2 3 3
41.6774 468.16 468.16 2 3 3
41.6774 468.21 468.21 2 3 3
41.6774 468.26 468.26 2 3 3
41.6774 468.31 468.31 2 3 3
41.6774 468.36 468.36 2 3 3
41.6774 468.41 468.41 2 3 3
41.6774 468.46 468.46 2 3 3
41.6774 468.51 468.51 2 3 3
41.6774 468.56 468.56 2 3 3
41.6774 468.61 468.61 2 3 3
41.6774 468.66 468.66 2 3 3
41.6774 468.71 468.71 2 3 3
41.6774 468.76 468.76 2 3 3
41.6774 468.81 468.81 2 3 3
41.6774 468.86 468.86 2 3 3
41.6774 468.91 468.91 2 3 3
41.6774 468.96 468.96 2 3 3
41.6774 469.01 469.01 2 3 3
41.6774 469.06 469.06 2 3 3
41.6774 469.11 469.11 2 3 3
41.6774 469.16 469.16 2 3 3
41.6774 469.21 469.21 2 3 3
41.6774 469.26 469.26 2 3 3
41.6774 469.31 469.31 2 3 3
41.6774 469.36 469.36 2 3 3
41.6774 469.41 469.41 2 3 3
41.6774 469.46 469.46 2 3 3
41.6774 469.51 469.51 2 3 3
41.6774 469.56 469.56 2 3 3
41.6774 469.61 469.61 2 3 3
41.6774 469.66 469.66 2 3 3
41.6774 469.71 469.71 2 3 3
41.6774 469.76 469.76 2 3 3
41.6774 469.81 469.81 2 3 3
41.6774 469.86 469.86 2 3 3
41.6774 469.91 469.91 2 3 3
41.6774 469.96 469.96 2 3 3
41.6774 470.01 470.01 2 3 3
41.6774 470.06 470.06 2 3 3
41.6774 470.11 470.11 2 3 3
41.6774 470.16 470.16 2 3 3
41.6774 470.21 470.21 2 3 3
41.6774 470.26 470.26 2 3 3
41.6774 470.31 470.31 2 3 3
41.6774 470.36 470.36 2 3 3
41.6774 470.41 470.41 2 3 3
41.6774 470.46 470.46 2 3 3
41.6774 470.51 470.51 2 3 3
41.6774 470.56 470.56 2 3 3
41.6774 470.61 470.61 2 3 3
41.6774 470.66 470.66 2 3 3
41.6774 470.71 470.71 2 3 3
41.6774 470.76 470.76 2 3 3
41.6774 470.81 470.81 2 3 3
41.6774 470.86 470.86 2 3 3
41.6774 470.91 470.91 2 3 3
41.6774 470.96 470.96 2 3 3
41.6774 471.01 471.01 2 3 3
41.6774 471.06 471.06 2 3 3
41.6774 471.11 471.11 2 3 3
41.6774 471.16 471.16 2 3 3
41.6774 471.21 471.21 2 3 3
41.6774 471.26 471.26 2 3 3
41.6774 471.31 471.31 2 3 3
41.6774 471.36 471.36 2 3 3
41.6774 471.41 471.41 2 3 3
41.6774 471.46 471.46 2 3 3
41.6774 471.51 471.51 2 3 3
41.6774 471.56 471.56 2 3 3
41.6774 471.61 471.61 2 3 3
41.6774 471.66 471.66 2 3 3
41.6774 471.71 471.71 2 3 3
41.6774 471.76 471.76 2 3 3
41.6774 471.81 471.81 2 3 3
41.6774 471.86 471.86 2 3 3
41.6774 471.91 471.91 2 3 3
41.6774 471.96 471.96 2 3 3
41.6774 472.01 472.01 2 3 3
41.6774 472.06 472.06 2 3 3
41.6774 472.11 472.11 2 3 3
41.6774 472.16 472.16 2 3 3
41.6774 472.21 472.21 2 3 3
41.6774 472.26 472.26 2 3 3
41.6774 472.31 472.31 2 3 3
41.6774 472.36 472.36 2 3 3
41.6774 472.41 472.41 2 3 3
41.6774 472.46 472.46 2 3 3
41.6774 472.51 472.51 2 3 3
41.6774 472.56 472.56 2 3 3
41.6774 472.61 472.61 2 3 3
41.6774 472.66 472.66 2 3 3
41.6774 472.71 472.71 2 3 3
41.6774 472.76 472.76 2 3 3
41.6774 472.81 472.81 2 3 3
41.6774 472.86 472.86 2 3 3
41.6774 472.91 472.91 2 3 3
41.6774 472.96 472.96 2 3 3
41.6774 473.01 473.01 2 3 3
41.6774 473.06 473.06 2 3 3
41.6774 473.11 473.11 2 3 3
41.6774 473.16 473.16 2 3 3
41.6774 473.21 473.21 2 3 3
41.6774 473.26 473.26 2 3 3
41.6774 473.31 473.31 2 3 3
41.6774 473.36 473.36 2 3 3
41.6774 473.41 473.41 2 3 3
41.6774 473.46 473.46 2 3 3
41.6774 473.51 473.51 2 3 3
41.6774 473.56 473.56 2 3 3
41.6774 473.61 473.61 2 3 3
41.6774 473.66 473.66 2 3 3
41.6774 473.71 473.71 2 3 3
41.6774 473.76 473.76 2 3 3
41.6774 473.81 473.81 2 3 3
41.6774 473.86 473.86 2 3 3
41.6774 473.91 473.91 2 3 3
41.6774 473.96 473.96 2 3 3
41.6774 474.01 474.01 2 3 3
41.6774 474.06 474.06 2 3 3
41.6774 474.11 474.11 2 3 3
41.6774 474.16 474.16 2 3 3
41.6774 474.21 474.21 2 3 3
41.6774 474.26 474.26 2 3 3
41.6774 474.31 474.31 2 3 3
41.6774 474.36 474.36 2 3 3
41.6774 474.41 474.41 2 3 3
41.6774 474.46 474.46 2 3 3
41.6774 474.51 474.51 2 3 3
41.6774 474.56 474.56 2 3 3
41.6774 474.61 474.61 2 3 3
41.6774 474.66 474.66 2 3 3
41.6774 474.71 474.71 2 3 3
41.6774 474.76 474.76 2 3 3
41.6774 474.81 474.81 2 3 3
41.6774 474.86 474.86 2 3 3
41.6774 474.91 474.91 2 3 3
41.6774 474.96 474.96 2 3 3
41.6774 475.01 475.01 2 3 3
41.6774 475.06 475.06 2 3 3
41.6774 475.11 475.11 2 3 3
41.6774 475.16 475.16 2 3 3
41.6774 475.21 475.21 2 3 3
41.6774 475.26 475.26 2 3 3
41.6774 475.31 475.31 2 3 3
41.6774 475.36 475.36 2 3 3
41.6774 475.41 475.41 2 3 3
41.6774 475.46 475.46 2 3 3
41.6774 475.51 475.51 2 3 3
41.6774 475.56 475.56 2 3 3
41.6774 475.61 475.61 2 3 3
41.6774 475.66 475.66 2 3 3
41.6774 475.71 475.71 2 3 3
41.6774 475.76 475.76 2 3 3
41.6774 475.81 475.81 2 3 3
41.6774 475.86 475.86 2 3 3
41.6774 475.91 475.91 2 3 3
41.6774 475.96 475.96 2 3 3
41.6774 476.01 476.01 2 3 3
41.6774 476.06 476.06 2 3 3
41.6774 476.11 476.11 2 3 3
41.6774 476.16 476.16 2 3 3
41.6774 476.21 476.21 2 3 3
41.6774 476.26 476.26 2 3 3
41.6774 476.31 476.31 2 3 3
41.6774 476.36 476.36 2 3 3
41.6774 476.41 476.41 2 3 3
41.6774 476.46 476.46 2 3 3
41.6774 476.51 476.51 2 3 3
41.6774 476.56 476.56 2 3 3
41.6774 476.61 476.61 2 3 3
41.6774 476.66 476.66 2 3 3
41.6774 476.71 476.71 2 3 3
41.6774 476.76 476.76 2 3 3
41.6774 476.81 476.81 2 3 3
41.6774 476.86 476.86 2 3 3
41.6774 476.91 476.91 2 3 3
41.6774 476.96 476.96 2 3 3
41.6774 477.01 477.01 2 3 3
41.6774 477.06 477.06 2 3 3
41.6774 477.11 477.11 2 3 3
41.6774 477.16 477.16 2 3 3
41.6774 477.21 477.21 2 3 3
41.6774 477.26 477.26 2 3 3
41.6774 477.31 477.31 2 3 3
41.6774 477.36 477.36 2 3 3
41.6774 477.41 477.41 2 3 3
41.6774 477.46 477.46 2 3 3
41.6774 477.51 477.51 2 3 3
41.6774 477.56 477.56 2 3 3
41.6774 477.61 477.61 2 3 3
41.6774 477.66 477.66 2 3 3
41.6774 477.71 477.71 2 3 3
41.6774 477.76 477.76 2 3 3
41.6774 477.81 477.81 2 3 3
41.6774 477.86 477.86 2 3 3
41.6774 477.91 477.91 2 3 3
41.6774 477.96 477.96 2 3 3
41.6774 478.01 478.01 2 3 3
41.6774 478.06 478.06 2 3 3
41.6774 478.11 478.11 2 3 3
41.6774 478.16 478.16 2 3 3
41.6774 478.21 478.21 2 3 3
41.6774 478.26 478.26 2 3 3
41.6774 478.31 478.31 2 3 3
41.6774 478.36 478.36 2 3 3
41.6774 478.41 478.41 2 3 3
41.6774 478.46 478.46 2 3 3
41.6774 478.51 478.51 2 3 3
41.6774 478.56 478.56 2 3 3
41.6774 478.61 478.61 2 3 3
41.6774 478.66 478.66 2 3 3
41.6774 478.71 478.71 2 3 3
41.6774 478.76 478.76 2 3 3
41.6774 478.81 478.81 2 3 3
41.6774 478.86 478.86 2 3 3
41.6774 478.91 478.91 2 3 3
41.6774 478.96 478.96 2 3 3
41.6774 479.01 479.01 2 3 3
41.6774 479.06 479.06 2 3 3
41.6774 479.11 479.11 2 3 3
41.6774 479.16 479.16 2 3 3
41.6774 479.21 479.21 2 3 3
41.6774 479.26 479.26 2 3 3
41.6774 479.31 479.31 2 3 3
41.6774 479.36 479.36 2 3 3
41.6774 479.41 479.41 2 3 3
41.6774 479.46 479.46 2 3 3
41.6774 479.51 479.51 2 3 3
41.6774 479.56 479.56 2 3 3
41.6774 479.61 479.61 2 3 3
41.6774 479.66 479.66 2 3 3
41.6774 479.71 479.71 2 3 3
41.6774 479.76 479.76 2 3 3
41.6774 479.81 479.81 2 3 3
41.6774 479.86 479.86 2 3 3
41.6774 479.91 479.91 2 3 3
41.6774 479.96 479.96 2 3 3
41.6774 480.01 480.01 2 3 3
41.6774 480.06 480.06 2 3 3
41.6774 480.11 480.11 2 3 3
41.6774 480.16 480.16 2 3 3
41.6774 480.21 480.21 2 3 3
41.6774 480.26 480.26 2 3 3
41.6774 480.31 480.31 2 3 3
41.6774 480.36 480.36 2 3 3
41.6774 480.41 480.41 2 3 3
41.6774 480.46 480.46 2 3 3
41.6774 480.51 480.51 2 3 3
41.6774 480.56 480.56 2 3 3
41.6774 480.61 480.61 2 3 3
41.6774 480.66 480.66 2 3 3
41.6774 480.71 480.71 2 3 3
41.6774 480.76 480.76 2 3 3
41.6774 480.81 480.81 2 3 3
41.6774 480.86 480.86 2 3 3
41.6774 480.91 480.91 2 3 3
41.6774 480.96 480.96 2 3 3
41.6774 481.01 481.01 2 3 3
41.6774 481.06 481.06 2 3 3
41.6774 481.11 481.11 2 3 3
41.6774 481.16 481.16 2 3 3
41.6774 481.21 481.21 2 3 3
41.6774 481.26 481.26 2 3 3
41.6774 481.31 481.31 2 3 3
41.6774 481.36 481.36 2 3 3
41.6774 481.41 481.41 2 3 3
41.6774 481.46 481.46 2 3 3
41.6774 481.51 481.51 2 3 3
41.6774 481.56 481.56 2 3 3
41.6774 481.61 481.61 2 3 3
41.6774 481.66 481.66 2 3 3
41.6774 481.71 481.71 2 3 3
41.6774 481.76 481.76 2 3 3
41.6774 481.81 481.81 2 3 3
41.6774 481.86 481.86 2 3 3
41.6774 481.91 481.91 2 3 3
41.6774 481.96 481.96 2 3 3
41.6774 482.01 482.01 2 3 3
41.6774 482.06 482.06 2 3 3
41.6774 482.11 482.11 2 3 3
41.6774 482.16 482.16 2 3 3
41.6774 482.21 482.21 2 3 3
41.6774 482.26 482.26 2 3 3
41.6774 482.31 482.31 2 3 3
41.6774 482.36 482.36 2 3 3
41.6774 482.41 482.41 2 3 3
41.6774 482.46 482.46 2 3 3
41.6774 482.51 482.51 2 3 3
41.6774 482.56 482.56 2 3 3
41.6774 482.61 482.61 2 3 3
41.6774 482.66 482.66 2 3 3
41.6774 482.71 482.71 2 3 3
41.6774 482.76 482.76 2 3 3
41.6774 482.81 482.81 2 3 3
41.6774 482.86 482.86 2 3 3
41.6774 482.91 482.91 2 3 3
41.6774 482.96 482.96 2 3 3
41.6774 483.01 483.01 2 3 3
41.6774 483.06 483.06 2 3 3
41.6774 483.11 483.11 2 3 3
41.6774 483.16 483.16 2 3 3
41.6774 483.21 483.21 2 3 3
41.6774 483.26 483.26 2 3 3
41.6774 483.31 483.31 2 3 3
41.6774 483.36 483.36 2 3 3
41.6774 483.41 483.41 2 3 3
41.6774 483.46 483.46 2 3 3
41.6774 483.51 483.51 2 3 3
41.6774 483.56 483.56 2 3 3
41.6774 483.61 483.61 2 3 3
41.6774 483.66 483.66 2 3 3
41.6774 483.71 483.71 2 3 3
41.6774 483.76 483.76 2 3 3
41.6774 483.81 483.81 2 3 3
41.6774 483.86 483.86 2 3 3
41.6774 483.91 483.91 2 3 3
41.6774 483.96 483.96 2 3 3
41.6774 484.01 484.01 2 3 3
41.6774 484.06 484.06 2 3 3
41.6774 484.11 484.11 2 3 3
41.6774 484.16 484.16 2 3 3
41.6774 484.21 484.21 2 3 3
41.6774 484.26 484.26 2 3 3
41.6774 484.31 484.31 2 3 3
41.6774 484.36 484.36 2 3 3
41.6774 484.41 484.41 2 3 3
41.6774 484.46 484.46 2 3 3
41.6774 484.51 484.51 2 3 3
41.6774 484.56 484.56 2 3 3
41.6774 484.61 484.61 2 3 3
41.6774 484.66 484.66 2 3 3
41.6774 484.71 484.71 2 3 3
41.6774 484.76 484.76 2 3 3
41.6774 484.81 484.81 2 3 3
41.6774 484.86 484.86 2 3 3
41.6774 484.91 484.91 2 3 3
41.6774 484.96 484.96 2 3 3
41.6774 485.01 485.01 2 3 3
41.6774 485.06 485.06 2 3 3
41.6774 485.11 485.11 2 3 3
41.6774 485.16 485.16 2 3 3
41.6774 485.21 485.21 2 3 3
41.6774 485.26 485.26 2 3 3
41.6774 485.31 485.31 2 3 3
41.6774 485.36 485.36 2 3 3
41.6774 485.41 485.41 2 3 3
41.6774 485.46 485.46 2 3 3
41.6774 485.51 485.51 2 3 3
41.6774 485.56 485.56 2 3 3
41.6774 485.61 485.61 2 3 3
41.6774 485.66 485.66 2 3 3
41.6774 485.71 485.71 2 3 3
41.6774 485.76 485.76 2 3 3
41.6774 485.81 485.81 2 3 3
41.6774 485.86 485.86 2 3 3
41.6774 485.91 485.91 2 3 3
41.6774 485.96 485.96 2 3 3
41.6774 486.01 486.01 2 3 3
41.6774 486.06 486.06 2 3 3
41.6774 486.11 486.11 2 3 3
41.6774 486.16 486.16 2 3 3
41.6774 486.21 486.21 2 3 3
41.6774 486.26 486.26 2 3 3
41.6774 486.31 486.31 2 3 3
41.6774 486.36 486.36 2 3 3
41.6774 486.41 486.41 2 3 3
41.6774 486.46 486.46 2 3 3
41.6774 486.51 486.51 2 3 3
41.6774 486.56 486.56 2 3 3
41.6774 486.61 486.61 2 3 3
41.6774 486.66 486.66 2 3 3
41.6774 486.71 486.71 2 3 3
41.6774 486.76 486.76 2 3 3
41.6774 486.81 486.81 2 3 3
41.6774 486.86 486.86 2 3 3
41.6774 486.91 486.91 2 3 3
41.6774 486.96 486.96 2 3 3
41.6774 487.01 487.01 2 3 3
41.6774 487.06 487.06 2 3 3
41.6774 487.11 487.11 2 3 3
41.6774 487.16 487.16 2 3 3
41.6774 487.21 487.21 2 3 3
41.6774 487.26 487.26 2 3 3
41.6774 487.31 487.31 2 3 3
41.6774 487.36 487.36 2 3 3
41.6774 487.41 487.41 2 3 3
41.6774 487.46 487.46 2 3 3
41.6774 487.51 487.51 2 3 3
41.6774 487.56 487.56 2 3 3
41.6774 487.61 487.61 2 3 3
41.6774 487.66 487.66 2 3 3
41.6774 487.71 487.71 2 3 3
41.6774 487.76 487.76 2 3 3
41.6774 487.81 487.81 2 3 3
41.6774 487.86 487.86 2 3 3
41.6774 487.91 487.91 2 3 3
41.6774 487.96 487.96 2 3 3
41.6774 488.01 488.01 2 3 3
41.6774 488.06 488.06 2 3 3
41.6774 488.11 488.11 2 3 3
41.6774 488.16 488.16 2 3 3
41.6774 488.21 488.21 2 3 3
41.6774 488.26 488.26 2 3 3
41.6774 488.31 488.31 2 3 3
41.6774 488.36 488.36 2 3 3
41.6774 488.41 488.41 2 3 3
41.6774 488.46 488.46 2 3 3
41.6774 488.51 488.51 2 3 3
41.6774 488.56 488.56 2 3 3
41.6774 488.61 488.61 2 3 3
41.6774 488.66 488.66 2 3 3
41.6774 488.71 488.71 2 3 3
41.6774 488.76 488.76 2 3 3
41.6774 488.81 488.81 2 3 3
41.6774 488.86 488.86 2 3 3
41.6774 488.91 488.91 2 3 3
41.6774 488.96 488.96 2 3 3
41.6774 489.01 489.01 2 3 3
41.6774 489.06 489.06 2 3 3
41.6774 489.11 489.11 2 3 3
41.6774 489.16 489.16 2 3 3
41.6774 489.21 489.21 2 3 3
41.6774 489.26 489.26 2 3 3
41.6774 489.31 489.31 2 3 3
41.6774 489.36 489.36 2 3 3
41.6774 489.41 489.41 2 3 3
41.6774 489.46 489.46 2 3 3
41.6774 489.51 489.51 2 3 3
41.6774 489.56 489.56 2 3 3
41.6774 489.61 489.61 2 3 3
41.6774 489.66 489.66 2 3 3
41.6774 489.71 489.71 2 3 3
41.6774 489.76 489.76 2 3 3
41.6774 489.81 489.81 2 3 3
41.6774 489.86 489.86 2 3 3
41.6774 489.91 489.91 2 3 3
41.6774 489.96 489.96 2 3 3
41.6774 490.01 490.01 2 3 3
41.6774 490.06 490.06 2 3 3
41.6774 490.11 490.11 2 3 3
41.6774 490.16 490.16 2 3 3
41.6774 490.21 490.21 2 3 3
41.6774 490.26 490.26 2 3 3
41.6774 490.31 490.31 2 3 3
41.6774 490.36 490.36 2 3 3
41.6774 490.41 490.41 2 3 3
41.6774 490.46 490.46 2 3 3
41.6774 490.51 490.51 2 3 3
41.6774 490.56 490.56 2 3 3
41.6774 490.61 490.61 2 3 3
41.6774 490.66 490.66 2 3 3
41.6774 490.71 490.71 2 3 3
41.6774 490.76 490.76 2 3 3
41.6774 490.81 490.81 2 3 3
41.6774 490.86 490.86 2 3 3
41.6774 490.91 490.91 2 3 3
41.6774 490.96 490.96 2 3 3
41.6774 491.01 491.01 2 3 3
41.6774 491.06 491.06 2 3 3
41.6774 491.11 491.11 2 3 3
41.6774 491.16 491.16 2 3 3
41.6774 491.21 491.21 2 3 3
41.6774 491.26 491.26 2 3 3
41.6774 491.31 491.31 2 3 3
41.6774 491.36 491.36 2 3 3
41.6774 491.41 491.41 2 3 3
41.6774 491.46 491.46 2 3 3
41.6774 491.51 491.51 2 3 3
41.6774 491.56 491.56 2 3 3
41.6774 491.61 491.61 2 3 3
41.6774 491.66 491.66 2 3 3
41.6774 491.71 491.71 2 3 3
41.6774 491.76 491.76 2 3 3
41.6774 491.81 491.81 2 3 3
41.6774 491.86 491.86 2 3 3
41.6774 491.91 491.91 2 3 3
41.6774 491.96 491.96 2 3 3
41.6774 492.01 492.01 2 3 3
41.6774 492.06 492.06 2 3 3
41.6774 492.11 492.11 2 3 3
41.6774 492.16 492.16 2 3 3
41.6774 492.21 492.21 2 3 3
41.6774 492.26 492.26 2 3 3
41.6774 492.31 492.31 2 3 3
41.6774 492.36 492.36 2 3 3
41.6774 492.41 492.41 2 3 3
41.6774 492.46 492.46 2 3 3
41.6774 492.51 492.51 2 3 3
41.6774 492.56 492.56 2 3 3
41.6774 492.61 492.61 2 3 3
41.6774 492.66 492.66 2 3 3
41.6774 492.71 492.71 2 3 3
41.6774 492.76 492.76 2 3 3
41.6774 492.81 492.81 2 3 3
41.6774 492.86 492.86 2 3 3
41.6774 492.91 492.91 2 3 3
41.6774 492.96 492.96 2 3 3
41.6774 493.01 493.01 2 3 3
41.6774 493.06 493.06 2 3 3
41.6774 493.11 493.11 2 3 3
41.6774 493.16 493.16 2 3 3
41.6774 493.21 493.21 2 3 3
41.6774 493.26 493.26 2 3 3
41.6774 493.31 493.31 2 3 3
41.6774 493.36 493.36 2 3 3
41.6774 493.41 493.41 2 3 3
41.6774 493.46 493.46 2 3 3
41.6774 493.51 493.51 2 3 3
41.6774 493.56 493.56 2 3 3
41.6774 493.61 493.61 2 3 3
41.6774 493.66 493.66 2 3 3
41.6774 493.71 493.71 2 3 3
41.6774 493.76 493.76 2 3 3
41.6774 493.81 493.81 2 3 3
41.6774 493.86 493.86 2 3 3
41.6774 493.91 493.91 2 3 3
41.6774 493.96 493.96 2 3 3
41.6774 494.01 494.01 2 3 3
41.6774 494.06 494.06 2 3 3
41.6774 494.11 494.11 2 3 3
41.6774 494.16 494.16 2 3 3
41.6774 494.21 494.21 2 3 3
41.6774 494.26 494.26 2 3 3
41.6774 494.31 494.31 2 3 3
41.6774 494.36 494.36 2 3 3
41.6774 494.41 494.41 2 3 3
41.6774 494.46 494.46 2 3 3
41.6774 494.51 494.51 2 3 3
41.6774 494.56 494.56 2 3 3
41.6774 494.61 494.61 2 3 3
41.6774 494.66 494.66 2 3 3
41.6774 494.71 494.71 2 3 3
41.6774 494.76 494.76 2 3 3
41.6774 494.81 494.81 2 3 3
41.6774 494.86 494.86 2 3 3
41.6774 494.91 494.91 2 3 3
41.6774 494.96 494.96 2 3 3
41.6774 495.01 495.01 2 3 3
41.6774 495.06 495.06 2 3 3
41.6774 495.11 495.11 2 3 3
41.6774 495.16 495.16 2 3 3
41.6774 495.21 495.21 2 3 3
41.6774 495.26 495.26 2 3 3
41.6774 495.31 495.31 2 3 3
41.6774 495.36 495.36 2 3 3
41.6774 495.41 495.41 2 3 3
41.6774 495.46 495.46 2 3 3
41.6774 495.51 495.51 2 3 3
41.6774 495.56 495.56 2 3 3
41.6774 495.61 495.61 2 3 3
41.6774 495.66 495.66 2 3 3
41.6774 495.71 495.71 2 3 3
41.6774 495.76 495.76 2 3 3
41.6774 495.81 495.81 2 3 3
41.6774 495.86 495.86 2 3 3
41.6774 495.91 495.91 2 3 3
41.6774 495.96 495.96 2 3 3
41.6774 496.01 496.01 2 3 3
41.6774 496.06 496.06 2 3 3
41.6774 496.11 496.11 2 3 3
41.6774 496.16 496.16 2 3 3
41.6774 496.21 496.21 2 3 3
41.6774 496.26 496.26 2 3 3
41.6774 496.31 496.31 2 3 3
41.6774 496.36 496.36 2 3 3
41.6774 496.41 496.41 2 3 3
41.6774 496.46 496.46 2 3 3
41.6774 496.51 496.51 2 3 3
41.6774 496.56 496.56 2 3 3
41.6774 496.61 496.61 2 3 3
41.6774 496.66 496.66 2 3 3
41.6774 496.71 496.71 2 3 3
41.6774 496.76 496.76 2 3 3
41.6774 496.81 496.81 2 3 3
41.6774 496.86 496.86 2 3 3
41.6774 496.91 496.91 2 3 3
41.6774 496.96 496.96 2 3 3
41.6774 497.01 497.01 2 3 3
41.6774 497.06 497.06 2 3 3
41.6774 497.11 497.11 2 3 3
41.6774 497.16 497.16 2 3 3
41.6774 497.21 497.21 2 3 3
41.6774 497.26 497.26 2 3 3
41.6774 497.31 497.31 2 3 3
41.6774 497.36 497.36 2 3 3
41.6774 497.41 497.41 2 3 3
41.6774 497.46 497.46 2 3 3
41.6774 497.51 497.51 2 3 3
41.6774 497.56 497.56 2 3 3
41.6774 497.61 497.61 2 3 3
41.6774 497.66 497.66 2 3 3
41.6774 497.71 497.71 2 3 3
41.6774 497.76 497.76 2 3 3
41.6774 497.81 497.81 2 3 3
41.6774 497.86 497.86 2 3 3
41.6774 497.91 497.91 2 3 3
41.6774 497.96 497.96 2 3 3
41.6774 498.01 498.01 2 3 3
41.6774 498.06 498.06 2 3 3
41.6774 498.11 498.11 2 3 3
41.6774 498.16 498.16 2 3 3
41.6774 498.21 498.21 2 3 3
41.6774 498.26 498.26 2 3 3
41.6774 498.31 498.31 2 3 3
41.6774 498.36 498.36 2 3 3
41.6774 498.41 498.41 2 3 3
41.6774 498.46 498.46 2 3 3
41.6774 498.51 498.51 2 3 3
41.6774 498.56 498.56 2 3 3
41.6774 498.61 498.61 2 3 3
41.6774 498.66 498.66 2 3 3
41.6774 498.71 498.71 2 3 3
41.6774 498.76 498.76 2 3 3
41.6774 498.81 498.81 2 3 3
41.6774 498.86 498.86 2 3 3
41.6774 498.91 498.91 2 3 3
41.6774 498.96 498.96 2 3 3
41.6774 499.01 499.01 2 3 3
41.6774 499.06 499.06 2 3 3
41.6774 499.11 499.11 2 3 3
41.6774 499.16 499.16 2 3 3
41.6774 499.21 499.21 2 3 3
41.6774 499.26 499.26 2 3 3
41.6774 499.31 499.31 2 3 3
41.6774 499.36 499.36 2 3 3
41.6774 499.41 499.41 2 3 3
41.6774 499.46 499.46 2 3 3
41.6774 499.51 499.51 2 3 3
41.6774 499.56 499.56 2 3 3
41.6774 499.61 499.61 2 3 3
41.6774 499.66 499.66 2 3 3
41.6774 499.71 499.71 2 3 3
41.6774 499.76 499.76 2 3 3
41.6774 499.81 499.81 2 3 3
41.6774 499.86 499.86 2 3 3
41.6774 499.91 499.91 2 3 3
41.6774 499.96 499.96 2 3 3
41.6774 500.01 500.01 2 3 3
41.6774 500.06 500.06 2 3 3
41.6774 500.11 500.11 2 3 3
41.6774 500.16 500.16 2 3 3
41.6774 500.21 500.21 2 3 3
41.6774 500.26 500.26 2 3 3
41.6774 500.31 500.31 2 3 3
41.6774 500.36 500.36 2 3 3
41.6774 500.41 500.41 2 3 3
41.6774 500.46 500.46 2 3 3
41.6774 500.51 500.51 2 3 3
41.6774 500.56 500.56 2 3 3
41.6774 500.61 500.61 2 3 3
41.6774 500.66 500.66 2 3 3
41.6774 500.71 500.71 2 3 3
41.6774 500.76 500.76 2 3 3
41.6774 500.81 500.81 2 3 3
41.6774 500.86 500.86 2 3 3
41.6774 500.91 500.91 2 3 3
41.6774 500.96 500.96 2 3 3
41.6774 501.01 501.01 2 3 3
41.6774 501.06 501.06 2 3 3
41.6774 501.11 501.11 2 3 3
41.6774 501.16 501.16 2 3 3
41.6774 501.21 501.21 2 3 3
41.6774 501.26 501.26 2 3 3
41.6774 501.31 501.31 2 3 3
41.6774 501.36 501.36 2 3 3
41.6774 501.41 501.41 2 3 3
41.6774 501.46 501.46 2 3 3
41.6774 501.51 501.51 2 3 3
41.6774 501.56 501.56 2 3 3
41.6774 501.61 501.61 2 3 3
41.6774 501.66 501.66 2 3 3
41.6774 501.71 501.71 2 3 3
41.6774 501.76 501.76 2 3 3
41.6774 501.81 501.81 2 3 3
41.6774 501.86 501.86 2 3 3
27.1832 2 2 2 25 5
27.1834 2.04 2.04 2 25 5
27.1833 2.08 2.08 2 25 5
27.1833 2.13 2.13 2 25 5
27.1833 2.18 2.18 2 25 5
27.1833 2.23 2.23 2 25 5
27.1833 2.28 2.28 2 25 5
27.1833 2.33 2.33 2 25 5
27.1833 2.38 2.38 2 25 5
27.1833 2.43 2.43 2 25 5
27.1833 2.48 2.48 2 25 5
27.1833 2.53 2.53 2 25 5
27.1833 2.58 2.58 2 25 5
27.1833 2.63 2.63 2 25 5
27.1833 2.68 2.68 2 25 5
27.1833 2.73 2.73 2 25 5
27.1833 2.78 2.78 2 25 5
27.1833 2.83 2.83 2 25 5
27.1833 2.88 2.88 2 25 5
27.1833 2.93 2.93 2 25 5
27.1833 2.98 2.98 2 25 5
27.1833 3.03 3.03 2 25 5
27.1833 3.08 3.08 2 25 5
27.1833 3.13 3.13 2 25 5
27.1833 3.18 3.18 2 25 5
27.1833 3.23 3.23 2 25 5
27.1833 3.28 3.28 2 25 5
27.1833 3.33 3.33 2 25 5
27.1833 3.38 3.38 2 25 5
27.1833 3.43 3.43 2 25 5
27.1833 3.48 3.48 2 25 5
27.1833 3.53 3.53 2 25 5
27.1833 3.58 3.58 2 25 5
27.1833 3.63 3.63 2 25 5
27.1833 3.68 3.68 2 25 5
27.1833 3.73 3.73 2 25 5
27.1833 3.78 3.78 2 25 5
27.1833 3.83 3.83 2 25 5
27.1833 3.88 3.88 2 25 5
27.1833 3.93 3.93 2 25 5
27.1833 3.98 3.98 2 25 5
27.1833 4.03 4.03 2 25 5
27.1833 4.08 4.08 2 25 5
27.1833 4.13 4.13 2 25 5
27.1833 4.18 4.18 2 25 5
27.1833 4.23 4.23 2 25 5
27.1833 4.28 4.28 2 25 5
27.1833 4.33 4.33 2 25 5
27.1833 4.38 4.38 2 25 5
27.1833 4.43 4.43 2 25 5
27.1833 4.48 4.48 2 25 5
27.1833 4.53 4.53 2 25 5
27.1833 4.58 4.58 2 25 5
27.1833 4.63 4.63 2 25 5
27.1833 4.68 4.68 2 25 5
27.1833 4.73 4.73 2 25 5
27.1833 4.78 4.78 2 25 5
27.1833 4.83 4.83 2 25 5
27.1833 4.88 4.88 2 25 5
27.1833 4.93 4.93 2 25 5
27.1833 4.98 4.98 2 25 5
27.1833 5.03 5.03 2 25 5
27.1833 5.08 5.08 2 25 5
27.1833 5.13 5.13 2 25 5
27.1833 5.18 5.18 2 25 5
27.1833 5.23 5.23 2 25 5
27.1833 5.28 5.28 2 25 5
27.1833 5.33 5.33 2 25 5
27.1833 5.38 5.38 2 25 5
27.1833 5.43 5.43 2 25 5
27.1833 5.48 5.48 2 25 5
27.1833 5.53 5.53 2 25 5
27.1833 5.58 5.58 2 25 5
27.1833 5.63 5.63 2 25 5
27.1833 5.68 5.68 2 25 5
27.1833 5.73 5.73 2 25 5
27.1833 5.78 5.78 2 25 5
27.1833 5.83 5.83 2 25 5
27.1833 5.88 5.88 2 25 5
27.1833 5.93 5.93 2 25 5
27.1833 5.98 5.98 2 25 5
27.1833 6.03 6.03 2 25 5
27.1833 6.08 6.08 2 25 5
27.1833 6.13 6.13 2 25 5
27.1833 6.18 6.18 2 25 5
27.1833 6.23 6.23 2 25 5
27.1833 6.28 6.28 2 25 5
27.1833 6.33 6.33 2 25 5
27.1833 6.38 6.38 2 25 5
27.1833 6.43 6.43 2 25 5
27.1833 6.48 6.48 2 25 5
27.1833 6.53 6.53 2 25 5
27.1833 6.58 6.58 2 25 5
27.1833 6.63 6.63 2 25 5
27.1833 6.68 6.68 2 25 5
27.1833 6.73 6.73 2 25 5
27.1833 6.78 6.78 2 25 5
27.1833 6.83 6.83 2 25 5
27.1833 6.88 6.88 2 25 5
27.1833 6.93 6.93 2 25 5
27.1833 6.98 6.98 2 25 5
27.1833 7.03 7.03 2 25 5
27.1833 7.08 7.08 2 25 5
27.1833 7.13 7.13 2 25 5
27.1833 7.18 7.18 2 25 5
27.1833 7.23 7.23 2 25 5
27.1833 7.28 7.28 2 25 5
27.1833 7.33 7.33 2 25 5
27.1833 7.38 7.38 2 25 5
27.1833 7.43 7.43 2 25 5
27.1833 7.48 7.48 2 25 5
27.1833 7.53 7.53 2 25 5
27.1833 7.58 7.58 2 25 5
27.1833 7.63 7.63 2 25 5
27.1833 7.68 7.68 2 25 5
27.1833 7.73 7.73 2 25 5
27.1833 7.78 7.78 2 25 5
27.1833 7.83 7.83 2 25 5
27.1833 7.88 7.88 2 25 5
27.1833 7.93 7.93 2 25 5
27.1833 7.98 7.98 2 25 5
27.1833 8.03 8.03 2 25 5
27.1833 8.08 8.08 2 25 5
27.1833 8.13 8.13 2 25 5
27.1833 8.18 8.18 2 25 5
27.1833 8.23 8.23 2 25 5
27.1833 8.28 8.28 2 25 5
27.1833 8.33 8.33 2 25 5
27.1833 8.38 8.38 2 25 5
27.1833 8.43 8.43 2 25 5
27.1833 8.48 8.48 2 25 5
27.1833 8.53 8.53 2 25 5
27.1833 8.58 8.58 2 25 5
27.1833 8.63 8.63 2 25 5
27.1833 8.68 8.68 2 25 5
27.1833 8.73 8.73 2 25 5
27.1833 8.78 8.78 2 25 5
27.1833 8.83 8.83 2 25 5
27.1833 8.88 8.88 2 25 5
27.1833 8.93 8.93 2 25 5
27.1833 8.98 8.98 2 25 5
27.1833 9.03 9.03 2 25 5
27.1833 9.08 9.08 2 25 5
27.1833 9.13 9.13 2 25 5
27.1833 9.18 9.18 2 25 5
27.1833 9.23 9.23 2 25 5
27.1833 9.28 9.28 2 25 5
27.1833 9.33 9.33 2 25 5
27.1833 9.38 9.38 2 25 5
27.1833 9.43 9.43 2 25 5
27.1833 9.48 9.48 2 25 5
27.1833 9.53 9.53 2 25 5
27.1833 9.58 9.58 2 25 5
27.1833 9.63 9.63 2 25 5
27.1833 9.68 9.68 2 25 5
27.1833 9.73 9.73 2 25 5
27.1833 9.78 9.78 2 25 5
27.1833 9.83 9.83 2 25 5
27.1833 9.88 9.88 2 25 5
27.1833 9.93 9.93 2 25 5
27.1833 9.98 9.98 2 25 5
27.1833 10.03 10.03 2 25 5
27.1833 10.08 10.08 2 25 5
27.1833 10.13 10.13 2 25 5
27.1833 10.18 10.18 2 25 5
27.1833 10.23 10.23 2 25 5
27.1833 10.28 10.28 2 25 5
27.1833 10.33 10.33 2 25 5
27.1833 10.38 10.38 2 25 5
27.1833 10.43 10.43 2 25 5
27.1833 10.48 10.48 2 25 5
27.1833 10.53 10.53 2 25 5
27.1833 10.58 10.58 2 25 5
27.1833 10.63 10.63 2 25 5
27.1833 10.68 10.68 2 25 5
27.1833 10.73 10.73 2 25 5
27.1833 10.78 10.78 2 25 5
27.1833 10.83 10.83 2 25 5
27.1833 10.88 10.88 2 25 5
27.1833 10.93 10.93 2 25 5
27.1833 10.98 10.98 2 25 5
27.1833 11.03 11.03 2 25 5
27.1833 11.08 11.08 2 25 5
27.1833 11.13 11.13 2 25 5
27.1833 11.18 11.18 2 25 5
27.1833 11.23 11.23 2 25 5
27.1833 11.28 11.28 2 25 5
27.1833 11.33 11.33 2 25 5
27.1833 11.38 11.38 2 25 5
27.1833 11.43 11.43 2 25 5
27.1833 11.48 11.48 2 25 5
27.1833 11.53 11.53 2 25 5
27.1833 11.58 11.58 2 25 5
27.1833 11.63 11.63 2 25 5
27.1833 11.68 11.68 2 25 5
27.1833 11.73 11.73 2 25 5
27.1833 11.78 11.78 2 25 5
27.1833 11.83 11.83 2 25 5
27.1833 11.88 11.88 2 25 5
27.1833 11.93 11.93 2 25 5
27.1833 11.98 11.98 2 25 5
27.1833 12.03 12.03 2 25 5
27.1833 12.08 12.08 2 25 5
27.1833 12.13 12.13 2 25 5
27.1833 12.18 12.18 2 25 5
27.1833 12.23 12.23 2 25 5
27.1833 12.28 12.28 2 25 5
27.1833 12.33 12.33 2 25 5
27.1833 12.38 12.38 2 25 5
27.1833 12.43 12.43 2 25 5
27.1833 12.48 12.48 2 25 5
27.1833 12.53 12.53 2 25 5
27.1833 12.58 12.58 2 25 5
27.1833 12.63 12.63 2 25 5
27.1833 12.68 12.68 2 25 5
27.1833 12.73 12.73 2 25 5
27.1833 12.78 12.78 2 25 5
27.1833 12.83 12.83 2 25 5
27.1833 12.88 12.88 2 25 5
27.1833 12.93 12.93 2 25 5
27.1833 12.98 12.98 2 25 5
27.1833 13.03 13.03 2 25 5
27.1833 13.08 13.08 2 25 5
27.1833 13.13 13.13 2 25 5
27.1833 13.18 13.18 2 25 5
27.1833 13.23 13.23 2 25 5
27.1833 13.28 13.28 2 25 5
27.1833 13.33 13.33 2 25 5
27.1833 13.38 13.38 2 25 5
27.1833 13.43 13.43 2 25 5
27.1833 13.48 13.48 2 25 5
27.1833 13.53 13.53 2 25 5
27.1833 13.58 13.58 2 25 5
27.1833 13.63 13.63 2 25 5
27.1833 13.68 13.68 2 25 5
27.1833 13.73 13.73 2 25 5
27.1833 13.78 13.78 2 25 5
27.1833 13.83 13.83 2 25 5
27.1833 13.88 13.88 2 25 5
27.1833 13.93 13.93 2 25 5
27.1833 13.98 13.98 2 25 5
27.1833 14.03 14.03 2 25 5
27.1833 14.08 14.08 2 25 5
27.1833 14.13 14.13 2 25 5
27.1833 14.18 14.18 2 25 5
27.1833 14.23 14.23 2 25 5
27.1833 14.28 14.28 2 25 5
27.1833 14.33 14.33 2 25 5
27.1833 14.38 14.38 2 25 5
27.1833 14.43 14.43 2 25 5
27.1833 14.48 14.48 2 25 5
27.1833 14.53 14.53 2 25 5
27.1833 14.58 14.58 2 25 5
27.1833 14.63 14.63 2 25 5
27.1833 14.68 14.68 2 25 5
27.1833 14.73 14.73 2 25 5
27.1833 14.78 14.78 2 25 5
27.1833 14.83 14.83 2 25 5
27.1833 14.88 14.88 2 25 5
27.1833 14.93 14.93 2 25 5
27.1833 14.98 14.98 2 25 5
27.1833 15.03 15.03 2 25 5
27.1833 15.08 15.08 2 25 5
27.1833 15.13 15.13 2 25 5
27.1833 15.18 15.18 2 25 5
27.1833 15.23 15.23 2 25 5
27.1833 15.28 15.28 2 25 5
27.1833 15.33 15.33 2 25 5
27.1833 15.38 15.38 2 25 5
27.1833 15.43 15.43 2 25 5
27.1833 15.48 15.48 2 25 5
27.1833 15.53 15.53 2 25 5
27.1833 15.58 15.58 2 25 5
27.1833 15.63 15.63 2 25 5
27.1833 15.68 15.68 2 25 5
27.1833 15.73 15.73 2 25 5
27.1833 15.78 15.78 2 25 5
27.1833 15.83 15.83 2 25 5
27.1833 15.88 15.88 2 25 5
27.1833 15.93 15.93 2 25 5
27.1833 15.98 15.98 2 25 5
27.1833 16.03 16.03 2 25 5
27.1833 16.08 16.08 2 25 5
27.1833 16.13 16.13 2 25 5
27.1833 16.18 16.18 2 25 5
27.1833 16.23 16.23 2 25 5
27.1833 16.28 16.28 2 25 5
27.1833 16.33 16.33 2 25 5
27.1833 16.38 16.38 2 25 5
27.1833 16.43 16.43 2 25 5
27.1833 16.48 16.48 2 25 5
27.1833 16.53 16.53 2 25 5
27.1833 16.58 16.58 2 25 5
27.1833 16.63 16.63 2 25 5
27.1833 16.68 16.68 2 25 5
27.1833 16.73 16.73 2 25 5
27.1833 16.78 16.78 2 25 5
27.1833 16.83 16.83 2 25 5
27.1833 16.88 16.88 2 25 5
27.1833 16.93 16.93 2 25 5
27.1833 16.98 16.98 2 25 5
27.1833 17.03 17.03 2 25 5
27.1833 17.08 17.08 2 25 5
27.1833 17.13 17.13 2 25 5
27.1833 17.18 17.18 2 25 5
27.1833 17.23 17.23 2 25 5
27.1833 17.28 17.28 2 25 5
27.1833 17.33 17.33 2 25 5
27.1833 17.38 17.38 2 25 5
27.1833 17.43 17.43 2 25 5
27.1833 17.48 17.48 2 25 5
27.1833 17.53 17.53 2 25 5
27.1833 17.58 17.58 2 25 5
27.1833 17.63 17.63 2 25 5
27.1833 17.68 17.68 2 25 5
27.1833 17.73 17.73 2 25 5
27.1833 17.78 17.78 2 25 5
27.1833 17.83 17.83 2 25 5
27.1833 17.88 17.88 2 25 5
27.1833 17.93 17.93 2 25 5
27.1833 17.98 17.98 2 25 5
27.1833 18.03 18.03 2 25 5
27.1833 18.08 18.08 2 25 5
27.1833 18.13 18.13 2 25 5
27.1833 18.18 18.18 2 25 5
27.1833 18.23 18.23 2 25 5
27.1833 18.28 18.28 2 25 5
27.1833 18.33 18.33 2 25 5
27.1833 18.38 18.38 2 25 5
27.1833 18.43 18.43 2 25 5
27.1833 18.48 18.48 2 25 5
27.1833 18.53 18.53 2 25 5
27.1833 18.58 18.58 2 25 5
27.1833 18.63 18.63 2 25 5
27.1833 18.68 18.68 2 25 5
27.1833 18.73 18.73 2 25 5
27.1833 18.78 18.78 2 25 5
27.1833 18.83 18.83 2 25 5
27.1833 18.88 18.88 2 25 5
27.1833 18.93 18.93 2 25 5
27.1833 18.98 18.98 2 25 5
27.1833 19.03 19.03 2 25 5
27.1833 19.08 19.08 2 25 5
27.1833 19.13 19.13 2 25 5
27.1833 19.18 19.18 2 25 5
27.1833 19.23 19.23 2 25 5
27.1833 19.28 19.28 2 25 5
27.1833 19.33 19.33 2 25 5
27.1833 19.38 19.38 2 25 5
27.1833 19.43 19.43 2 25 5
27.1833 19.48 19.48 2 25 5
27.1833 19.53 19.53 2 25 5
27.1833 19.58 19.58 2 25 5
27.1833 19.63 19.63 2 25 5
27.1833 19.68 19.68 2 25 5
27.1833 19.73 19.73 2 25 5
27.1833 19.78 19.78 2 25 5
27.1833 19.83 19.83 2 25 5
27.1833 19.88 19.88 2 25 5
27.1833 19.93 19.93 2 25 5
27.1833 19.98 19.98 2 25 5
27.1833 20.03 20.03 2 25 5
27.1833 20.08 20.08 2 25 5
27.1833 20.13 20.13 2 25 5
27.1833 20.18 20.18 2 25 5
27.1833 20.23 20.23 2 25 5
27.1833 20.28 20.28 2 25 5
27.1833 20.33 20.33 2 25 5
27.1833 20.38 20.38 2 25 5
27.1833 20.43 20.43 2 25 5
27.1833 20.48 20.48 2 25 5
27.1833 20.53 20.53 2 25 5
27.1833 20.58 20.58 2 25 5
27.1833 20.63 20.63 2 25 5
27.1833 20.68 20.68 2 25 5
27.1833 20.73 20.73 2 25 5
27.1833 20.78 20.78 2 25 5
27.1833 20.83 20.83 2 25 5
27.1833 20.88 20.88 2 25 5
27.1833 20.93 20.93 2 25 5
27.1833 20.98 20.98 2 25 5
27.1833 21.03 21.03 2 25 5
27.1833 21.08 21.08 2 25 5
27.1833 21.13 21.13 2 25 5
27.1833 21.18 21.18 2 25 5
27.1833 21.23 21.23 2 25 5
27.1833 21.28 21.28 2 25 5
27.1833 21.33 21.33 2 25 5
27.1833 21.38 21.38 2 25 5
27.1833 21.43 21.43 2 25 5
27.1833 21.48 21.48 2 25 5
27.1833 21.53 21.53 2 25 5
27.1833 21.58 21.58 2 25 5
27.1833 21.63 21.63 2 25 5
27.1833 21.68 21.68 2 25 5
27.1833 21.73 21.73 2 25 5
27.1833 21.78 21.78 2 25 5
27.1833 21.83 21.83 2 25 5
27.1833 21.88 21.88 2 25 5
27.1833 21.93 21.93 2 25 5
27.1833 21.98 21.98 2 25 5
27.1833 22.03 22.03 2 25 5
27.1833 22.08 22.08 2 25 5
27.1833 22.13 22.13 2 25 5
27.1833 22.18 22.18 2 25 5
27.1833 22.23 22.23 2 25 5
27.1833 22.28 22.28 2 25 5
27.1833 22.33 22.33 2 25 5
27.1833 22.38 22.38 2 25 5
27.1833 22.43 22.43 2 25 5
27.1833 22.48 22.48 2 25 5
27.1833 22.53 22.53 2 25 5
27.1833 22.58 22.58 2 25 5
27.1833 22.63 22.63 2 25 5
27.1833 22.68 22.68 2 25 5
27.1833 22.73 22.73 2 25 5
27.1833 22.78 22.78 2 25 5
27.1833 22.83 22.83 2 25 5
27.1833 22.88 22.88 2 25 5
27.1833 22.93 22.93 2 25 5
27.1833 22.98 22.98 2 25 5
27.1833 23.03 23.03 2 25 5
27.1833 23.08 23.08 2 25 5
27.1833 23.13 23.13 2 25 5
27.1833 23.18 23.18 2 25 5
27.1833 23.23 23.23 2 25 5
27.1833 23.28 23.28 2 25 5
27.1833 23.33 23.33 2 25 5
27.1833 23.38 23.38 2 25 5
27.1833 23.43 23.43 2 25 5
27.1833 23.48 23.48 2 25 5
27.1833 23.53 23.53 2 25 5
27.1833 23.58 23.58 2 25 5
27.1833 23.63 23.63 2 25 5
27.1833 23.68 23.68 2 25 5
27.1833 23.73 23.73 2 25 5
27.1833 23.78 23.78 2 25 5
27.1833 23.83 23.83 2 25 5
27.1833 23.88 23.88 2 25 5
27.1833 23.93 23.93 2 25 5
27.1833 23.98 23.98 2 25 5
27.1833 24.03 24.03 2 25 5
27.1833 24.08 24.08 2 25 5
27.1833 24.13 24.13 2 25 5
27.1833 24.18 24.18 2 25 5
27.1833 24.23 24.23 2 25 5
27.1833 24.28 24.28 2 25 5
27.1833 24.33 24.33 2 25 5
27.1833 24.38 24.38 2 25 5
27.1833 24.43 24.43 2 25 5
27.1833 24.48 24.48 2 25 5
27.1833 24.53 24.53 2 25 5
27.1833 24.58 24.58 2 25 5
27.1833 24.63 24.63 2 25 5
27.1833 24.68 24.68 2 25 5
27.1833 24.73 24.73 2 25 5
27.1833 24.78 24.78 2 25 5
27.1833 24.83 24.83 2 25 5
27.1833 24.88 24.88 2 25 5
27.1833 24.93 24.93 2 25 5
27.1833 24.98 24.98 2 25 5
27.1833 25.03 25.03 2 25 5
27.1833 25.08 25.08 2 25 5
27.1833 25.13 25.13 2 25 5
27.1833 25.18 25.18 2 25 5
27.1833 25.23 25.23 2 25 5
27.1833 25.28 25.28 2 25 5
27.1833 25.33 25.33 2 25 5
27.1833 25.38 25.38 2 25 5
27.1833 25.43 25.43 2 25 5
27.1833 25.48 25.48 2 25 5
27.1833 25.53 25.53 2 25 5
27.1833 25.58 25.58 2 25 5
27.1833 25.63 25.63 2 25 5
27.1833 25.68 25.68 2 25 5
27.1833 25.73 25.73 2 25 5
27.1833 25.78 25.78 2 25 5
27.1833 25.83 25.83 2 25 5
27.1833 25.88 25.88 2 25 5
27.1833 25.93 25.93 2 25 5
27.1833 25.98 25.98 2 25 5
27.1833 26.03 26.03 2 25 5
27.1833 26.08 26.08 2 25 5
27.1833 26.13 26.13 2 25 5
27.1833 26.18 26.18 2 25 5
27.1833 26.23 26.23 2 25 5
27.1833 26.28 26.28 2 25 5
27.1833 26.33 26.33 2 25 5
27.1833 26.38 26.38 2 25 5
27.1833 26.43 26.43 2 25 5
27.1833 26.48 26.48 2 25 5
27.1833 26.53 26.53 2 25 5
27.1833 26.58 26.58 2 25 5
27.1833 26.63 26.63 2 25 5
27.1833 26.68 26.68 2 25 5
27.1833 26.73 26.73 2 25 5
27.1833 26.78 26.78 2 25 5
27.1833 26.83 26.83 2 25 5
27.1833 26.88 26.88 2 25 5
27.1833 26.93 26.93 2 25 5
27.1833 26.98 26.98 2 25 5
27.1833 27.03 27.03 2 25 5
27.1833 27.08 27.08 2 25 5
27.1833 27.13 27.13 2 25 5
27.1833 27.18 27.18 2 25 5
27.1833 27.23 27.23 2 25 5
27.1833 27.28 27.28 2 25 5
27.1833 27.33 27.33 2 25 5
27.1833 27.38 27.38 2 25 5
27.1833 27.43 27.43 2 25 5
27.1833 27.48 27.48 2 25 5
27.1833 27.53 27.53 2 25 5
27.1833 27.58 27.58 2 25 5
27.1833 27.63 27.63 2 25 5
27.1833 27.68 27.68 2 25 5
27.1833 27.73 27.73 2 25 5
27.1833 27.78 27.78 2 25 5
27.1833 27.83 27.83 2 25 5
27.1833 27.88 27.88 2 25 5
27.1833 27.93 27.93 2 25 5
27.1833 27.98 27.98 2 25 5
27.1833 28.03 28.03 2 25 5
27.1833 28.08 28.08 2 25 5
27.1833 28.13 28.13 2 25 5
27.1833 28.18 28.18 2 25 5
27.1833 28.23 28.23 2 25 5
27.1833 28.28 28.28 2 25 5
27.1833 28.33 28.33 2 25 5
27.1833 28.38 28.38 2 25 5
27.1833 28.43 28.43 2 25 5
27.1833 28.48 28.48 2 25 5
27.1833 28.53 28.53 2 25 5
27.1833 28.58 28.58 2 25 5
27.1833 28.63 28.63 2 25 5
27.1833 28.68 28.68 2 25 5
27.1833 28.73 28.73 2 25 5
27.1833 28.78 28.78 2 25 5
27.1833 28.83 28.83 2 25 5
27.1833 28.88 28.88 2 25 5
27.1833 28.93 28.93 2 25 5
27.1833 28.98 28.98 2 25 5
27.1833 29.03 29.03 2 25 5
27.1833 29.08 29.08 2 25 5
27.1833 29.13 29.13 2 25 5
27.1833 29.18 29.18 2 25 5
27.1833 29.23 29.23 2 25 5
27.1833 29.28 29.28 2 25 5
27.1833 29.33 29.33 2 25 5
27.1833 29.38 29.38 2 25 5
27.1833 29.43 29.43 2 25 5
27.1833 29.48 29.48 2 25 5
27.1833 29.53 29.53 2 25 5
27.1833 29.58 29.58 2 25 5
27.1833 29.63 29.63 2 25 5
27.1833 29.68 29.68 2 25 5
27.1833 29.73 29.73 2 25 5
27.1833 29.78 29.78 2 25 5
27.1833 29.83 29.83 2 25 5
27.1833 29.88 29.88 2 25 5
27.1833 29.93 29.93 2 25 5
27.1833 29.98 29.98 2 25 5
27.1833 30.03 30.03 2 25 5
27.1833 30.08 30.08 2 25 5
27.1833 30.13 30.13 2 25 5
27.1833 30.18 30.18 2 25 5
27.1833 30.23 30.23 2 25 5
27.1833 30.28 30.28 2 25 5
27.1833 30.33 30.33 2 25 5
27.1833 30.38 30.38 2 25 5
27.1833 30.43 30.43 2 25 5
27.1833 30.48 30.48 2 25 5
27.1833 30.53 30.53 2 25 5
27.1833 30.58 30.58 2 25 5
27.1833 30.63 30.63 2 25 5
27.1833 30.68 30.68 2 25 5
27.1833 30.73 30.73 2 25 5
27.1833 30.78 30.78 2 25 5
27.1833 30.83 30.83 2 25 5
27.1833 30.88 30.88 2 25 5
27.1833 30.93 30.93 2 25 5
27.1833 30.98 30.98 2 25 5
27.1833 31.03 31.03 2 25 5
27.1833 31.08 31.08 2 25 5
27.1833 31.13 31.13 2 25 5
27.1833 31.18 31.18 2 25 5
27.1833 31.23 31.23 2 25 5
27.1833 31.28 31.28 2 25 5
27.1833 31.33 31.33 2 25 5
27.1833 31.38 31.38 2 25 5
27.1833 31.43 31.43 2 25 5
27.1833 31.48 31.48 2 25 5
27.1833 31.53 31.53 2 25 5
27.1833 31.58 31.58 2 25 5
27.1833 31.63 31.63 2 25 5
27.1833 31.68 31.68 2 25 5
27.1833 31.73 31.73 2 25 5
27.1833 31.78 31.78 2 25 5
27.1833 31.83 31.83 2 25 5
27.1833 31.88 31.88 2 25 5
27.1833 31.93 31.93 2 25 5
27.1833 31.98 31.98 2 25 5
27.1833 32.03 32.03 2 25 5
27.1833 32.08 32.08 2 25 5
27.1833 32.13 32.13 2 25 5
27.1833 32.18 32.18 2 25 5
27.1833 32.23 32.23 2 25 5
27.1833 32.28 32.28 2 25 5
27.1833 32.33 32.33 2 25 5
27.1833 32.38 32.38 2 25 5
27.1833 32.43 32.43 2 25 5
27.1833 32.48 32.48 2 25 5
27.1833 32.53 32.53 2 25 5
27.1833 32.58 32.58 2 25 5
27.1833 32.63 32.63 2 25 5
27.1833 32.68 32.68 2 25 5
27.1833 32.73 32.73 2 25 5
27.1833 32.78 32.78 2 25 5
27.1833 32.83 32.83 2 25 5
27.1833 32.88 32.88 2 25 5
27.1833 32.93 32.93 2 25 5
27.1833 32.98 32.98 2 25 5
27.1833 33.03 33.03 2 25 5
27.1833 33.08 33.08 2 25 5
27.1833 33.13 33.13 2 25 5
27.1833 33.18 33.18 2 25 5
27.1833 33.23 33.23 2 25 5
27.1833 33.28 33.28 2 25 5
27.1833 33.33 33.33 2 25 5
27.1833 33.38 33.38 2 25 5
27.1833 33.43 33.43 2 25 5
27.1833 33.48 33.48 2 25 5
27.1833 33.53 33.53 2 25 5
27.1833 33.58 33.58 2 25 5
27.1833 33.63 33.63 2 25 5
27.1833 33.68 33.68 2 25 5
27.1833 33.73 33.73 2 25 5
27.1833 33.78 33.78 2 25 5
27.1833 33.83 33.83 2 25 5
27.1833 33.88 33.88 2 25 5
27.1833 33.93 33.93 2 25 5
27.1833 33.98 33.98 2 25 5
27.1833 34.03 34.03 2 25 5
27.1833 34.08 34.08 2 25 5
27.1833 34.13 34.13 2 25 5
27.1833 34.18 34.18 2 25 5
27.1833 34.23 34.23 2 25 5
27.1833 34.28 34.28 2 25 5
27.1833 34.33 34.33 2 25 5
27.1833 34.38 34.38 2 25 5
27.1833 34.43 34.43 2 25 5
27.1833 34.48 34.48 2 25 5
27.1833 34.53 34.53 2 25 5
27.1833 34.58 34.58 2 25 5
27.1833 34.63 34.63 2 25 5
27.1833 34.68 34.68 2 25 5
27.1833 34.73 34.73 2 25 5
27.1833 34.78 34.78 2 25 5
27.1833 34.83 34.83 2 25 5
27.1833 34.88 34.88 2 25 5
27.1833 34.93 34.93 2 25 5
27.1833 34.98 34.98 2 25 5
27.1833 35.03 35.03 2 25 5
27.1833 35.08 35.08 2 25 5
27.1833 35.13 35.13 2 25 5
27.1833 35.18 35.18 2 25 5
27.1833 35.23 35.23 2 25 5
27.1833 35.28 35.28 2 25 5
27.1833 35.33 35.33 2 25 5
27.1833 35.38 35.38 2 25 5
27.1833 35.43 35.43 2 25 5
27.1833 35.48 35.48 2 25 5
27.1833 35.53 35.53 2 25 5
27.1833 35.58 35.58 2 25 5
27.1833 35.63 35.63 2 25 5
27.1833 35.68 35.68 2 25 5
27.1833 35.73 35.73 2 25 5
27.1833 35.78 35.78 2 25 5
27.1833 35.83 35.83 2 25 5
27.1833 35.88 35.88 2 25 5
27.1833 35.93 35.93 2 25 5
27.1833 35.98 35.98 2 25 5
27.1833 36.03 36.03 2 25 5
27.1833 36.08 36.08 2 25 5
27.1833 36.13 36.13 2 25 5
27.1833 36.18 36.18 2 25 5
27.1833 36.23 36.23 2 25 5
27.1833 36.28 36.28 2 25 5
27.1833 36.33 36.33 2 25 5
27.1833 36.38 36.38 2 25 5
27.1833 36.43 36.43 2 25 5
27.1833 36.48 36.48 2 25 5
27.1833 36.53 36.53 2 25 5
27.1833 36.58 36.58 2 25 5
27.1833 36.63 36.63 2 25 5
27.1833 36.68 36.68 2 25 5
27.1833 36.73 36.73 2 25 5
27.1833 36.78 36.78 2 25 5
27.1833 36.83 36.83 2 25 5
27.1833 36.88 36.88 2 25 5
27.1833 36.93 36.93 2 25 5
27.1833 36.98 36.98 2 25 5
27.1833 37.03 37.03 2 25 5
27.1833 37.08 37.08 2 25 5
27.1833 37.13 37.13 2 25 5
27.1833 37.18 37.18 2 25 5
27.1833 37.23 37.23 2 25 5
27.1833 37.28 37.28 2 25 5
27.1833 37.33 37.33 2 25 5
27.1833 37.38 37.38 2 25 5
27.1833 37.43 37.43 2 25 5
27.1833 37.48 37.48 2 25 5
27.1833 37.53 37.53 2 25 5
27.1833 37.58 37.58 2 25 5
27.1833 37.63 37.63 2 25 5
27.1833 37.68 37.68 2 25 5
27.1833 37.73 37.73 2 25 5
27.1833 37.78 37.78 2 25 5
27.1833 37.83 37.83 2 25 5
27.1833 37.88 37.88 2 25 5
27.1833 37.93 37.93 2 25 5
27.1833 37.98 37.98 2 25 5
27.1833 38.03 38.03 2 25 5
27.1833 38.08 38.08 2 25 5
27.1833 38.13 38.13 2 25 5
27.1833 38.18 38.18 2 25 5
27.1833 38.23 38.23 2 25 5
27.1833 38.28 38.28 2 25 5
27.1833 38.33 38.33 2 25 5
27.1833 38.38 38.38 2 25 5
27.1833 38.43 38.43 2 25 5
27.1833 38.48 38.48 2 25 5
27.1833 38.53 38.53 2 25 5
27.1833 38.58 38.58 2 25 5
27.1833 38.63 38.63 2 25 5
27.1833 38.68 38.68 2 25 5
27.1833 38.73 38.73 2 25 5
27.1833 38.78 38.78 2 25 5
27.1833 38.83 38.83 2 25 5
27.1833 38.88 38.88 2 25 5
27.1833 38.93 38.93 2 25 5
27.1833 38.98 38.98 2 25 5
27.1833 39.03 39.03 2 25 5
27.1833 39.08 39.08 2 25 5
27.1833 39.13 39.13 2 25 5
27.1833 39.18 39.18 2 25 5
27.1833 39.23 39.23 2 25 5
27.1833 39.28 39.28 2 25 5
27.1833 39.33 39.33 2 25 5
27.1833 39.38 39.38 2 25 5
27.1833 39.43 39.43 2 25 5
27.1833 39.48 39.48 2 25 5
27.1833 39.53 39.53 2 25 5
27.1833 39.58 39.58 2 25 5
27.1833 39.63 39.63 2 25 5
27.1833 39.68 39.68 2 25 5
27.1833 39.73 39.73 2 25 5
27.1833 39.78 39.78 2 25 5
27.1833 39.83 39.83 2 25 5
27.1833 39.88 39.88 2 25 5
27.1833 39.93 39.93 2 25 5
27.1833 39.98 39.98 2 25 5
27.1833 40.03 40.03 2 25 5
27.1833 40.08 40.08 2 25 5
27.1833 40.13 40.13 2 25 5
27.1833 40.18 40.18 2 25 5
27.1833 40.23 40.23 2 25 5
27.1833 40.28 40.28 2 25 5
27.1833 40.33 40.33 2 25 5
27.1833 40.38 40.38 2 25 5
27.1833 40.43 40.43 2 25 5
27.1833 40.48 40.48 2 25 5
27.1833 40.53 40.53 2 25 5
27.1833 40.58 40.58 2 25 5
27.1833 40.63 40.63 2 25 5
27.1833 40.68 40.68 2 25 5
27.1833 40.73 40.73 2 25 5
27.1833 40.78 40.78 2 25 5
27.1833 40.83 40.83 2 25 5
27.1833 40.88 40.88 2 25 5
27.1833 40.93 40.93 2 25 5
27.1833 40.98 40.98 2 25 5
27.1833 41.03 41.03 2 25 5
27.1833 41.08 41.08 2 25 5
27.1833 41.13 41.13 2 25 5
27.1833 41.18 41.18 2 25 5
27.1833 41.23 41.23 2 25 5
27.1833 41.28 41.28 2 25 5
27.1833 41.33 41.33 2 25 5
27.1833 41.38 41.38 2 25 5
27.1833 41.43 41.43 2 25 5
27.1833 41.48 41.48 2 25 5
27.1833 41.53 41.53 2 25 5
27.1833 41.58 41.58 2 25 5
27.1833 41.63 41.63 2 25 5
27.1833 41.68 41.68 2 25 5
27.1833 41.73 41.73 2 25 5
27.1833 41.78 41.78 2 25 5
27.1833 41.83 41.83 2 25 5
27.1833 41.88 41.88 2 25 5
27.1833 41.93 41.93 2 25 5
27.1833 41.98 41.98 2 25 5
27.1833 42.03 42.03 2 25 5
27.1833 42.08 42.08 2 25 5
27.1833 42.13 42.13 2 25 5
27.1833 42.18 42.18 2 25 5
27.1833 42.23 42.23 2 25 5
27.1833 42.28 42.28 2 25 5
27.1833 42.33 42.33 2 25 5
27.1833 42.38 42.38 2 25 5
27.1833 42.43 42.43 2 25 5
27.1833 42.48 42.48 2 25 5
27.1833 42.53 42.53 2 25 5
27.1833 42.58 42.58 2 25 5
27.1833 42.63 42.63 2 25 5
27.1833 42.68 42.68 2 25 5
27.1833 42.73 42.73 2 25 5
27.1833 42.78 42.78 2 25 5
27.1833 42.83 42.83 2 25 5
27.1833 42.88 42.88 2 25 5
27.1833 42.93 42.93 2 25 5
27.1833 42.98 42.98 2 25 5
27.1833 43.03 43.03 2 25 5
27.1833 43.08 43.08 2 25 5
27.1833 43.13 43.13 2 25 5
27.1833 43.18 43.18 2 25 5
27.1833 43.23 43.23 2 25 5
27.1833 43.28 43.28 2 25 5
27.1833 43.33 43.33 2 25 5
27.1833 43.38 43.38 2 25 5
27.1833 43.43 43.43 2 25 5
27.1833 43.48 43.48 2 25 5
27.1833 43.53 43.53 2 25 5
27.1833 43.58 43.58 2 25 5
27.1833 43.63 43.63 2 25 5
27.1833 43.68 43.68 2 25 5
27.1833 43.73 43.73 2 25 5
27.1833 43.78 43.78 2 25 5
27.1833 43.83 43.83 2 25 5
27.1833 43.88 43.88 2 25 5
27.1833 43.93 43.93 2 25 5
27.1833 43.98 43.98 2 25 5
27.1833 44.03 44.03 2 25 5
27.1833 44.08 44.08 2 25 5
27.1833 44.13 44.13 2 25 5
27.1833 44.18 44.18 2 25 5
27.1833 44.23 44.23 2 25 5
27.1833 44.28 44.28 2 25 5
27.1833 44.33 44.33 2 25 5
27.1833 44.38 44.38 2 25 5
27.1833 44.43 44.43 2 25 5
27.1833 44.48 44.48 2 25 5
27.1833 44.53 44.53 2 25 5
27.1833 44.58 44.58 2 25 5
27.1833 44.63 44.63 2 25 5
27.1833 44.68 44.68 2 25 5
27.1833 44.73 44.73 2 25 5
27.1833 44.78 44.78 2 25 5
27.1833 44.83 44.83 2 25 5
27.1833 44.88 44.88 2 25 5
27.1833 44.93 44.93 2 25 5
27.1833 44.98 44.98 2 25 5
27.1833 45.03 45.03 2 25 5
27.1833 45.08 45.08 2 25 5
27.1833 45.13 45.13 2 25 5
27.1833 45.18 45.18 2 25 5
27.1833 45.23 45.23 2 25 5
27.1833 45.28 45.28 2 25 5
27.1833 45.33 45.33 2 25 5
27.1833 45.38 45.38 2 25 5
27.1833 45.43 45.43 2 25 5
27.1833 45.48 45.48 2 25 5
27.1833 45.53 45.53 2 25 5
27.1833 45.58 45.58 2 25 5
27.1833 45.63 45.63 2 25 5
27.1833 45.68 45.68 2 25 5
27.1833 45.73 45.73 2 25 5
27.1833 45.78 45.78 2 25 5
27.1833 45.83 45.83 2 25 5
27.1833 45.88 45.88 2 25 5
27.1833 45.93 45.93 2 25 5
27.1833 45.98 45.98 2 25 5
27.1833 46.03 46.03 2 25 5
27.1833 46.08 46.08 2 25 5
27.1833 46.13 46.13 2 25 5
27.1833 46.18 46.18 2 25 5
27.1833 46.23 46.23 2 25 5
27.1833 46.28 46.28 2 25 5
27.1833 46.33 46.33 2 25 5
27.1833 46.38 46.38 2 25 5
27.1833 46.43 46.43 2 25 5
27.1833 46.48 46.48 2 25 5
27.1833 46.53 46.53 2 25 5
27.1833 46.58 46.58 2 25 5
27.1833 46.63 46.63 2 25 5
27.1833 46.68 46.68 2 25 5
27.1833 46.73 46.73 2 25 5
27.1833 46.78 46.78 2 25 5
27.1833 46.83 46.83 2 25 5
27.1833 46.88 46.88 2 25 5
27.1833 46.93 46.93 2 25 5
27.1833 46.98 46.98 2 25 5
27.1833 47.03 47.03 2 25 5
27.1833 47.08 47.08 2 25 5
27.1833 47.13 47.13 2 25 5
27.1833 47.18 47.18 2 25 5
27.1833 47.23 47.23 2 25 5
27.1833 47.28 47.28 2 25 5
27.1833 47.33 47.33 2 25 5
27.1833 47.38 47.38 2 25 5
27.1833 47.43 47.43 2 25 5
27.1833 47.48 47.48 2 25 5
27.1833 47.53 47.53 2 25 5
27.1833 47.58 47.58 2 25 5
27.1833 47.63 47.63 2 25 5
27.1833 47.68 47.68 2 25 5
27.1833 47.73 47.73 2 25 5
27.1833 47.78 47.78 2 25 5
27.1833 47.83 47.83 2 25 5
27.1833 47.88 47.88 2 25 5
27.1833 47.93 47.93 2 25 5
27.1833 47.98 47.98 2 25 5
27.1833 48.03 48.03 2 25 5
27.1833 48.08 48.08 2 25 5
27.1833 48.13 48.13 2 25 5
27.1833 48.18 48.18 2 25 5
27.1833 48.23 48.23 2 25 5
27.1833 48.28 48.28 2 25 5
27.1833 48.33 48.33 2 25 5
27.1833 48.38 48.38 2 25 5
27.1833 48.43 48.43 2 25 5
27.1833 48.48 48.48 2 25 5
27.1833 48.53 48.53 2 25 5
27.1833 48.58 48.58 2 25 5
27.1833 48.63 48.63 2 25 5
27.1833 48.68 48.68 2 25 5
27.1833 48.73 48.73 2 25 5
27.1833 48.78 48.78 2 25 5
27.1833 48.83 48.83 2 25 5
27.1833 48.88 48.88 2 25 5
27.1833 48.93 48.93 2 25 5
27.1833 48.98 48.98 2 25 5
27.1833 49.03 49.03 2 25 5
27.1833 49.08 49.08 2 25 5
27.1833 49.13 49.13 2 25 5
27.1833 49.18 49.18 2 25 5
27.1833 49.23 49.23 2 25 5
27.1833 49.28 49.28 2 25 5
27.1833 49.33 49.33 2 25 5
27.1833 49.38 49.38 2 25 5
27.1833 49.43 49.43 2 25 5
27.1833 49.48 49.48 2 25 5
27.1833 49.53 49.53 2 25 5
27.1833 49.58 49.58 2 25 5
27.1833 49.63 49.63 2 25 5
27.1833 49.68 49.68 2 25 5
27.1833 49.73 49.73 2 25 5
27.1833 49.78 49.78 2 25 5
27.1833 49.83 49.83 2 25 5
27.1833 49.88 49.88 2 25 5
27.1833 49.93 49.93 2 25 5
27.1833 49.98 49.98 2 25 5
27.1833 50.03 50.03 2 25 5
27.1833 50.08 50.08 2 25 5
27.1833 50.13 50.13 2 25 5
27.1833 50.18 50.18 2 25 5
27.1833 50.23 50.23 2 25 5
27.1833 50.28 50.28 2 25 5
27.1833 50.33 50.33 2 25 5
27.1833 50.38 50.38 2 25 5
27.1833 50.43 50.43 2 25 5
27.1833 50.48 50.48 2 25 5
27.1833 50.53 50.53 2 25 5
27.1833 50.58 50.58 2 25 5
27.1833 50.63 50.63 2 25 5
27.1833 50.68 50.68 2 25 5
27.1833 50.73 50.73 2 25 5
27.1833 50.78 50.78 2 25 5
27.1833 50.83 50.83 2 25 5
27.1833 50.88 50.88 2 25 5
27.1833 50.93 50.93 2 25 5
27.1833 50.98 50.98 2 25 5
27.1833 51.03 51.03 2 25 5
27.1833 51.08 51.08 2 25 5
27.1833 51.13 51.13 2 25 5
27.1833 51.18 51.18 2 25 5
27.1833 51.23 51.23 2 25 5
27.1833 51.28 51.28 2 25 5
27.1833 51.33 51.33 2 25 5
27.1833 51.38 51.38 2 25 5
27.1833 51.43 51.43 2 25 5
27.1833 51.48 51.48 2 25 5
27.1833 51.53 51.53 2 25 5
27.1833 51.58 51.58 2 25 5
27.1833 51.63 51.63 2 25 5
27.1833 51.68 51.68 2 25 5
27.1833 51.73 51.73 2 25 5
27.1833 51.78 51.78 2 25 5
27.1833 51.83 51.83 2 25 5
27.1833 51.88 51.88 2 25 5
27.1833 51.93 51.93 2 25 5
27.1833 51.98 51.98 2 25 5
27.1833 52.03 52.03 2 25 5
27.1833 52.08 52.08 2 25 5
27.1833 52.13 52.13 2 25 5
27.1833 52.18 52.18 2 25 5
27.1833 52.23 52.23 2 25 5
27.1833 52.28 52.28 2 25 5
27.1833 52.33 52.33 2 25 5
27.1833 52.38 52.38 2 25 5
27.1833 52.43 52.43 2 25 5
27.1833 52.48 52.48 2 25 5
27.1833 52.53 52.53 2 25 5
27.1833 52.58 52.58 2 25 5
27.1833 52.63 52.63 2 25 5
27.1833 52.68 52.68 2 25 5
27.1833 52.73 52.73 2 25 5
27.1833 52.78 52.78 2 25 5
27.1833 52.83 52.83 2 25 5
27.1833 52.88 52.88 2 25 5
27.1833 52.93 52.93 2 25 5
27.1833 52.98 52.98 2 25 5
27.1833 53.03 53.03 2 25 5
27.1833 53.08 53.08 2 25 5
27.1833 53.13 53.13 2 25 5
27.1833 53.18 53.18 2 25 5
27.1833 53.23 53.23 2 25 5
27.1833 53.28 53.28 2 25 5
27.1833 53.33 53.33 2 25 5
27.1833 53.38 53.38 2 25 5
27.1833 53.43 53.43 2 25 5
27.1833 53.48 53.48 2 25 5
27.1833 53.53 53.53 2 25 5
27.1833 53.58 53.58 2 25 5
27.1833 53.63 53.63 2 25 5
27.1833 53.68 53.68 2 25 5
27.1833 53.73 53.73 2 25 5
27.1833 53.78 53.78 2 25 5
27.1833 53.83 53.83 2 25 5
27.1833 53.88 53.88 2 25 5
27.1833 53.93 53.93 2 25 5
27.1833 53.98 53.98 2 25 5
27.1833 54.03 54.03 2 25 5
27.1833 54.08 54.08 2 25 5
27.1833 54.13 54.13 2 25 5
27.1833 54.18 54.18 2 25 5
27.1833 54.23 54.23 2 25 5
27.1833 54.28 54.28 2 25 5
27.1833 54.33 54.33 2 25 5
27.1833 54.38 54.38 2 25 5
27.1833 54.43 54.43 2 25 5
27.1833 54.48 54.48 2 25 5
27.1833 54.53 54.53 2 25 5
27.1833 54.58 54.58 2 25 5
27.1833 54.63 54.63 2 25 5
27.1833 54.68 54.68 2 25 5
27.1833 54.73 54.73 2 25 5
27.1833 54.78 54.78 2 25 5
27.1833 54.83 54.83 2 25 5
27.1833 54.88 54.88 2 25 5
27.1833 54.93 54.93 2 25 5
27.1833 54.98 54.98 2 25 5
27.1833 55.03 55.03 2 25 5
27.1833 55.08 55.08 2 25 5
27.1833 55.13 55.13 2 25 5
27.1833 55.18 55.18 2 25 5
27.1833 55.23 55.23 2 25 5
27.1833 55.28 55.28 2 25 5
27.1833 55.33 55.33 2 25 5
27.1833 55.38 55.38 2 25 5
27.1833 55.43 55.43 2 25 5
27.1833 55.48 55.48 2 25 5
27.1833 55.53 55.53 2 25 5
27.1833 55.58 55.58 2 25 5
27.1833 55.63 55.63 2 25 5
27.1833 55.68 55.68 2 25 5
27.1833 55.73 55.73 2 25 5
27.1833 55.78 55.78 2 25 5
27.1833 55.83 55.83 2 25 5
27.1833 55.88 55.88 2 25 5
27.1833 55.93 55.93 2 25 5
27.1833 55.98 55.98 2 25 5
27.1833 56.03 56.03 2 25 5
27.1833 56.08 56.08 2 25 5
27.1833 56.13 56.13 2 25 5
27.1833 56.18 56.18 2 25 5
27.1833 56.23 56.23 2 25 5
27.1833 56.28 56.28 2 25 5
27.1833 56.33 56.33 2 25 5
27.1833 56.38 56.38 2 25 5
27.1833 56.43 56.43 2 25 5
27.1833 56.48 56.48 2 25 5
27.1833 56.53 56.53 2 25 5
27.1833 56.58 56.58 2 25 5
27.1833 56.63 56.63 2 25 5
27.1833 56.68 56.68 2 25 5
27.1833 56.73 56.73 2 25 5
27.1833 56.78 56.78 2 25 5
27.1833 56.83 56.83 2 25 5
27.1833 56.88 56.88 2 25 5
27.1833 56.93 56.93 2 25 5
27.1833 56.98 56.98 2 25 5
27.1833 57.03 57.03 2 25 5
27.1833 57.08 57.08 2 25 5
27.1833 57.13 57.13 2 25 5
27.1833 57.18 57.18 2 25 5
27.1833 57.23 57.23 2 25 5
27.1833 57.28 57.28 2 25 5
27.1833 57.33 57.33 2 25 5
27.1833 57.38 57.38 2 25 5
27.1833 57.43 57.43 2 25 5
27.1833 57.48 57.48 2 25 5
27.1833 57.53 57.53 2 25 5
27.1833 57.58 57.58 2 25 5
27.1833 57.63 57.63 2 25 5
27.1833 57.68 57.68 2 25 5
27.1833 57.73 57.73 2 25 5
27.1833 57.78 57.78 2 25 5
27.1833 57.83 57.83 2 25 5
27.1833 57.88 57.88 2 25 5
27.1833 57.93 57.93 2 25 5
27.1833 57.98 57.98 2 25 5
27.1833 58.03 58.03 2 25 5
27.1833 58.08 58.08 2 25 5
27.1833 58.13 58.13 2 25 5
27.1833 58.18 58.18 2 25 5
27.1833 58.23 58.23 2 25 5
27.1833 58.28 58.28 2 25 5
27.1833 58.33 58.33 2 25 5
27.1833 58.38 58.38 2 25 5
27.1833 58.43 58.43 2 25 5
27.1833 58.48 58.48 2 25 5
27.1833 58.53 58.53 2 25 5
27.1833 58.58 58.58 2 25 5
27.1833 58.63 58.63 2 25 5
27.1833 58.68 58.68 2 25 5
27.1833 58.73 58.73 2 25 5
27.1833 58.78 58.78 2 25 5
27.1833 58.83 58.83 2 25 5
27.1833 58.88 58.88 2 25 5
27.1833 58.93 58.93 2 25 5
27.1833 58.98 58.98 2 25 5
27.1833 59.03 59.03 2 25 5
27.1833 59.08 59.08 2 25 5
27.1833 59.13 59.13 2 25 5
27.1833 59.18 59.18 2 25 5
27.1833 59.23 59.23 2 25 5
27.1833 59.28 59.28 2 25 5
27.1833 59.33 59.33 2 25 5
27.1833 59.38 59.38 2 25 5
27.1833 59.43 59.43 2 25 5
27.1833 59.48 59.48 2 25 5
27.1833 59.53 59.53 2 25 5
27.1833 59.58 59.58 2 25 5
27.1833 59.63 59.63 2 25 5
27.1833 59.68 59.68 2 25 5
27.1833 59.73 59.73 2 25 5
27.1833 59.78 59.78 2 25 5
27.1833 59.83 59.83 2 25 5
27.1833 59.88 59.88 2 25 5
27.1833 59.93 59.93 2 25 5
27.1833 59.98 59.98 2 25 5
27.1833 60.03 60.03 2 25 5
27.1833 60.08 60.08 2 25 5
27.1833 60.13 60.13 2 25 5
27.1833 60.18 60.18 2 25 5
27.1833 60.23 60.23 2 25 5
27.1833 60.28 60.28 2 25 5
27.1833 60.33 60.33 2 25 5
27.1833 60.38 60.38 2 25 5
27.1833 60.43 60.43 2 25 5
27.1833 60.48 60.48 2 25 5
27.1833 60.53 60.53 2 25 5
27.1833 60.58 60.58 2 25 5
27.1833 60.63 60.63 2 25 5
27.1833 60.68 60.68 2 25 5
27.1833 60.73 60.73 2 25 5
27.1833 60.78 60.78 2 25 5
27.1833 60.83 60.83 2 25 5
27.1833 60.88 60.88 2 25 5
27.1833 60.93 60.93 2 25 5
27.1833 60.98 60.98 2 25 5
27.1833 61.03 61.03 2 25 5
27.1833 61.08 61.08 2 25 5
27.1833 61.13 61.13 2 25 5
27.1833 61.18 61.18 2 25 5
27.1833 61.23 61.23 2 25 5
27.1833 61.28 61.28 2 25 5
27.1833 61.33 61.33 2 25 5
27.1833 61.38 61.38 2 25 5
27.1833 61.43 61.43 2 25 5
27.1833 61.48 61.48 2 25 5
27.1833 61.53 61.53 2 25 5
27.1833 61.58 61.58 2 25 5
27.1833 61.63 61.63 2 25 5
27.1833 61.68 61.68 2 25 5
27.1833 61.73 61.73 2 25 5
27.1833 61.78 61.78 2 25 5
27.1833 61.83 61.83 2 25 5
27.1833 61.88 61.88 2 25 5
27.1833 61.93 61.93 2 25 5
27.1833 61.98 61.98 2 25 5
27.1833 62.03 62.03 2 25 5
27.1833 62.08 62.08 2 25 5
27.1833 62.13 62.13 2 25 5
27.1833 62.18 62.18 2 25 5
27.1833 62.23 62.23 2 25 5
27.1833 62.28 62.28 2 25 5
27.1833 62.33 62.33 2 25 5
27.1833 62.38 62.38 2 25 5
27.1833 62.43 62.43 2 25 5
27.1833 62.48 62.48 2 25 5
27.1833 62.53 62.53 2 25 5
27.1833 62.58 62.58 2 25 5
27.1833 62.63 62.63 2 25 5
27.1833 62.68 62.68 2 25 5
27.1833 62.73 62.73 2 25 5
27.1833 62.78 62.78 2 25 5
27.1833 62.83 62.83 2 25 5
27.1833 62.88 62.88 2 25 5
27.1833 62.93 62.93 2 25 5
27.1833 62.98 62.98 2 25 5
27.1833 63.03 63.03 2 25 5
27.1833 63.08 63.08 2 25 5
27.1833 63.13 63.13 2 25 5
27.1833 63.18 63.18 2 25 5
27.1833 63.23 63.23 2 25 5
27.1833 63.28 63.28 2 25 5
27.1833 63.33 63.33 2 25 5
27.1833 63.38 63.38 2 25 5
27.1833 63.43 63.43 2 25 5
27.1833 63.48 63.48 2 25 5
27.1833 63.53 63.53 2 25 5
27.1833 63.58 63.58 2 25 5
27.1833 63.63 63.63 2 25 5
27.1833 63.68 63.68 2 25 5
27.1833 63.73 63.73 2 25 5
27.1833 63.78 63.78 2 25 5
27.1833 63.83 63.83 2 25 5
27.1833 63.88 63.88 2 25 5
27.1833 63.93 63.93 2 25 5
27.1833 63.98 63.98 2 25 5
27.1833 64.03 64.03 2 25 5
27.1833 64.08 64.08 2 25 5
27.1833 64.13 64.13 2 25 5
27.1833 64.18 64.18 2 25 5
27.1833 64.23 64.23 2 25 5
27.1833 64.28 64.28 2 25 5
27.1833 64.33 64.33 2 25 5
27.1833 64.38 64.38 2 25 5
27.1833 64.43 64.43 2 25 5
27.1833 64.48 64.48 2 25 5
27.1833 64.53 64.53 2 25 5
27.1833 64.58 64.58 2 25 5
27.1833 64.63 64.63 2 25 5
27.1833 64.68 64.68 2 25 5
27.1833 64.73 64.73 2 25 5
27.1833 64.78 64.78 2 25 5
27.1833 64.83 64.83 2 25 5
27.1833 64.88 64.88 2 25 5
27.1833 64.93 64.93 2 25 5
27.1833 64.98 64.98 2 25 5
27.1833 65.03 65.03 2 25 5
27.1833 65.08 65.08 2 25 5
27.1833 65.13 65.13 2 25 5
27.1833 65.18 65.18 2 25 5
27.1833 65.23 65.23 2 25 5
27.1833 65.28 65.28 2 25 5
27.1833 65.33 65.33 2 25 5
27.1833 65.38 65.38 2 25 5
27.1833 65.43 65.43 2 25 5
27.1833 65.48 65.48 2 25 5
27.1833 65.53 65.53 2 25 5
27.1833 65.58 65.58 2 25 5
27.1833 65.63 65.63 2 25 5
27.1833 65.68 65.68 2 25 5
27.1833 65.73 65.73 2 25 5
27.1833 65.78 65.78 2 25 5
27.1833 65.83 65.83 2 25 5
27.1833 65.88 65.88 2 25 5
27.1833 65.93 65.93 2 25 5
27.1833 65.98 65.98 2 25 5
27.1833 66.03 66.03 2 25 5
27.1833 66.08 66.08 2 25 5
27.1833 66.13 66.13 2 25 5
27.1833 66.18 66.18 2 25 5
27.1833 66.23 66.23 2 25 5
27.1833 66.28 66.28 2 25 5
27.1833 66.33 66.33 2 25 5
27.1833 66.38 66.38 2 25 5
27.1833 66.43 66.43 2 25 5
27.1833 66.48 66.48 2 25 5
27.1833 66.53 66.53 2 25 5
27.1833 66.58 66.58 2 25 5
27.1833 66.63 66.63 2 25 5
27.1833 66.68 66.68 2 25 5
27.1833 66.73 66.73 2 25 5
27.1833 66.78 66.78 2 25 5
27.1833 66.83 66.83 2 25 5
27.1833 66.88 66.88 2 25 5
27.1833 66.93 66.93 2 25 5
27.1833 66.98 66.98 2 25 5
27.1833 67.03 67.03 2 25 5
27.1833 67.08 67.08 2 25 5
27.1833 67.13 67.13 2 25 5
27.1833 67.18 67.18 2 25 5
27.1833 67.23 67.23 2 25 5
27.1833 67.28 67.28 2 25 5
27.1833 67.33 67.33 2 25 5
27.1833 67.38 67.38 2 25 5
27.1833 67.43 67.43 2 25 5
27.1833 67.48 67.48 2 25 5
27.1833 67.53 67.53 2 25 5
27.1833 67.58 67.58 2 25 5
27.1833 67.63 67.63 2 25 5
27.1833 67.68 67.68 2 25 5
27.1833 67.73 67.73 2 25 5
27.1833 67.78 67.78 2 25 5
27.1833 67.83 67.83 2 25 5
27.1833 67.88 67.88 2 25 5
27.1833 67.93 67.93 2 25 5
27.1833 67.98 67.98 2 25 5
27.1833 68.03 68.03 2 25 5
27.1833 68.08 68.08 2 25 5
27.1833 68.13 68.13 2 25 5
27.1833 68.18 68.18 2 25 5
27.1833 68.23 68.23 2 25 5
27.1833 68.28 68.28 2 25 5
27.1833 68.33 68.33 2 25 5
27.1833 68.38 68.38 2 25 5
27.1833 68.43 68.43 2 25 5
27.1833 68.48 68.48 2 25 5
27.1833 68.53 68.53 2 25 5
27.1833 68.58 68.58 2 25 5
27.1833 68.63 68.63 2 25 5
27.1833 68.68 68.68 2 25 5
27.1833 68.73 68.73 2 25 5
27.1833 68.78 68.78 2 25 5
27.1833 68.83 68.83 2 25 5
27.1833 68.88 68.88 2 25 5
27.1833 68.93 68.93 2 25 5
27.1833 68.98 68.98 2 25 5
27.1833 69.03 69.03 2 25 5
27.1833 69.08 69.08 2 25 5
27.1833 69.13 69.13 2 25 5
27.1833 69.18 69.18 2 25 5
27.1833 69.23 69.23 2 25 5
27.1833 69.28 69.28 2 25 5
27.1833 69.33 69.33 2 25 5
27.1833 69.38 69.38 2 25 5
27.1833 69.43 69.43 2 25 5
27.1833 69.48 69.48 2 25 5
27.1833 69.53 69.53 2 25 5
27.1833 69.58 69.58 2 25 5
27.1833 69.63 69.63 2 25 5
27.1833 69.68 69.68 2 25 5
27.1833 69.73 69.73 2 25 5
27.1833 69.78 69.78 2 25 5
27.1833 69.83 69.83 2 25 5
27.1833 69.88 69.88 2 25 5
27.1833 69.93 69.93 2 25 5
27.1833 69.98 69.98 2 25 5
27.1833 70.03 70.03 2 25 5
27.1833 70.08 70.08 2 25 5
27.1833 70.13 70.13 2 25 5
27.1833 70.18 70.18 2 25 5
27.1833 70.23 70.23 2 25 5
27.1833 70.28 70.28 2 25 5
27.1833 70.33 70.33 2 25 5
27.1833 70.38 70.38 2 25 5
27.1833 70.43 70.43 2 25 5
27.1833 70.48 70.48 2 25 5
27.1833 70.53 70.53 2 25 5
27.1833 70.58 70.58 2 25 5
27.1833 70.63 70.63 2 25 5
27.1833 70.68 70.68 2 25 5
27.1833 70.73 70.73 2 25 5
27.1833 70.78 70.78 2 25 5
27.1833 70.83 70.83 2 25 5
27.1833 70.88 70.88 2 25 5
27.1833 70.93 70.93 2 25 5
27.1833 70.98 70.98 2 25 5
27.1833 71.03 71.03 2 25 5
27.1833 71.08 71.08 2 25 5
27.1833 71.13 71.13 2 25 5
27.1833 71.18 71.18 2 25 5
27.1833 71.23 71.23 2 25 5
27.1833 71.28 71.28 2 25 5
27.1833 71.33 71.33 2 25 5
27.1833 71.38 71.38 2 25 5
27.1833 71.43 71.43 2 25 5
27.1833 71.48 71.48 2 25 5
27.1833 71.53 71.53 2 25 5
27.1833 71.58 71.58 2 25 5
27.1833 71.63 71.63 2 25 5
27.1833 71.68 71.68 2 25 5
27.1833 71.73 71.73 2 25 5
27.1833 71.78 71.78 2 25 5
27.1833 71.83 71.83 2 25 5
27.1833 71.88 71.88 2 25 5
27.1833 71.93 71.93 2 25 5
27.1833 71.98 71.98 2 25 5
27.1833 72.03 72.03 2 25 5
27.1833 72.08 72.08 2 25 5
27.1833 72.13 72.13 2 25 5
27.1833 72.18 72.18 2 25 5
27.1833 72.23 72.23 2 25 5
27.1833 72.28 72.28 2 25 5
27.1833 72.33 72.33 2 25 5
27.1833 72.38 72.38 2 25 5
27.1833 72.43 72.43 2 25 5
27.1833 72.48 72.48 2 25 5
27.1833 72.53 72.53 2 25 5
27.1833 72.58 72.58 2 25 5
27.1833 72.63 72.63 2 25 5
27.1833 72.68 72.68 2 25 5
27.1833 72.73 72.73 2 25 5
27.1833 72.78 72.78 2 25 5
27.1833 72.83 72.83 2 25 5
27.1833 72.88 72.88 2 25 5
27.1833 72.93 72.93 2 25 5
27.1833 72.98 72.98 2 25 5
27.1833 73.03 73.03 2 25 5
27.1833 73.08 73.08 2 25 5
27.1833 73.13 73.13 2 25 5
27.1833 73.18 73.18 2 25 5
27.1833 73.23 73.23 2 25 5
27.1833 73.28 73.28 2 25 5
27.1833 73.33 73.33 2 25 5
27.1833 73.38 73.38 2 25 5
27.1833 73.43 73.43 2 25 5
27.1833 73.48 73.48 2 25 5
27.1833 73.53 73.53 2 25 5
27.1833 73.58 73.58 2 25 5
27.1833 73.63 73.63 2 25 5
27.1833 73.68 73.68 2 25 5
27.1833 73.73 73.73 2 25 5
27.1833 73.78 73.78 2 25 5
27.1833 73.83 73.83 2 25 5
27.1833 73.88 73.88 2 25 5
27.1833 73.93 73.93 2 25 5
27.1833 73.98 73.98 2 25 5
27.1833 74.03 74.03 2 25 5
27.1833 74.08 74.08 2 25 5
27.1833 74.13 74.13 2 25 5
27.1833 74.18 74.18 2 25 5
27.1833 74.23 74.23 2 25 5
27.1833 74.28 74.28 2 25 5
27.1833 74.33 74.33 2 25 5
27.1833 74.38 74.38 2 25 5
27.1833 74.43 74.43 2 25 5
27.1833 74.48 74.48 2 25 5
27.1833 74.53 74.53 2 25 5
27.1833 74.58 74.58 2 25 5
27.1833 74.63 74.63 2 25 5
27.1833 74.68 74.68 2 25 5
27.1833 74.73 74.73 2 25 5
27.1833 74.78 74.78 2 25 5
27.1833 74.83 74.83 2 25 5
27.1833 74.88 74.88 2 25 5
27.1833 74.93 74.93 2 25 5
27.1833 74.98 74.98 2 25 5
27.1833 75.03 75.03 2 25 5
27.1833 75.08 75.08 2 25 5
27.1833 75.13 75.13 2 25 5
27.1833 75.18 75.18 2 25 5
27.1833 75.23 75.23 2 25 5
27.1833 75.28 75.28 2 25 5
27.1833 75.33 75.33 2 25 5
27.1833 75.38 75.38 2 25 5
27.1833 75.43 75.43 2 25 5
27.1833 75.48 75.48 2 25 5
27.1833 75.53 75.53 2 25 5
27.1833 75.58 75.58 2 25 5
27.1833 75.63 75.63 2 25 5
27.1833 75.68 75.68 2 25 5
27.1833 75.73 75.73 2 25 5
27.1833 75.78 75.78 2 25 5
27.1833 75.83 75.83 2 25 5
27.1833 75.88 75.88 2 25 5
27.1833 75.93 75.93 2 25 5
27.1833 75.98 75.98 2 25 5
27.1833 76.03 76.03 2 25 5
27.1833 76.08 76.08 2 25 5
27.1833 76.13 76.13 2 25 5
27.1833 76.18 76.18 2 25 5
27.1833 76.23 76.23 2 25 5
27.1833 76.28 76.28 2 25 5
27.1833 76.33 76.33 2 25 5
27.1833 76.38 76.38 2 25 5
27.1833 76.43 76.43 2 25 5
27.1833 76.48 76.48 2 25 5
27.1833 76.53 76.53 2 25 5
27.1833 76.58 76.58 2 25 5
27.1833 76.63 76.63 2 25 5
27.1833 76.68 76.68 2 25 5
27.1833 76.73 76.73 2 25 5
27.1833 76.78 76.78 2 25 5
27.1833 76.83 76.83 2 25 5
27.1833 76.88 76.88 2 25 5
27.1833 76.93 76.93 2 25 5
27.1833 76.98 76.98 2 25 5
27.1833 77.03 77.03 2 25 5
27.1833 77.08 77.08 2 25 5
27.1833 77.13 77.13 2 25 5
27.1833 77.18 77.18 2 25 5
27.1833 77.23 77.23 2 25 5
27.1833 77.28 77.28 2 25 5
27.1833 77.33 77.33 2 25 5
27.1833 77.38 77.38 2 25 5
27.1833 77.43 77.43 2 25 5
27.1833 77.48 77.48 2 25 5
27.1833 77.53 77.53 2 25 5
27.1833 77.58 77.58 2 25 5
27.1833 77.63 77.63 2 25 5
27.1833 77.68 77.68 2 25 5
27.1833 77.73 77.73 2 25 5
27.1833 77.78 77.78 2 25 5
27.1833 77.83 77.83 2 25 5
27.1833 77.88 77.88 2 25 5
27.1833 77.93 77.93 2 25 5
27.1833 77.98 77.98 2 25 5
27.1833 78.03 78.03 2 25 5
27.1833 78.08 78.08 2 25 5
27.1833 78.13 78.13 2 25 5
27.1833 78.18 78.18 2 25 5
27.1833 78.23 78.23 2 25 5
27.1833 78.28 78.28 2 25 5
27.1833 78.33 78.33 2 25 5
27.1833 78.38 78.38 2 25 5
27.1833 78.43 78.43 2 25 5
27.1833 78.48 78.48 2 25 5
27.1833 78.53 78.53 2 25 5
27.1833 78.58 78.58 2 25 5
27.1833 78.63 78.63 2 25 5
27.1833 78.68 78.68 2 25 5
27.1833 78.73 78.73 2 25 5
27.1833 78.78 78.78 2 25 5
27.1833 78.83 78.83 2 25 5
27.1833 78.88 78.88 2 25 5
27.1833 78.93 78.93 2 25 5
27.1833 78.98 78.98 2 25 5
27.1833 79.03 79.03 2 25 5
27.1833 79.08 79.08 2 25 5
27.1833 79.13 79.13 2 25 5
27.1833 79.18 79.18 2 25 5
27.1833 79.23 79.23 2 25 5
27.1833 79.28 79.28 2 25 5
27.1833 79.33 79.33 2 25 5
27.1833 79.38 79.38 2 25 5
27.1833 79.43 79.43 2 25 5
27.1833 79.48 79.48 2 25 5
27.1833 79.53 79.53 2 25 5
27.1833 79.58 79.58 2 25 5
27.1833 79.63 79.63 2 25 5
27.1833 79.68 79.68 2 25 5
27.1833 79.73 79.73 2 25 5
27.1833 79.78 79.78 2 25 5
27.1833 79.83 79.83 2 25 5
27.1833 79.88 79.88 2 25 5
27.1833 79.93 79.93 2 25 5
27.1833 79.98 79.98 2 25 5
27.1833 80.03 80.03 2 25 5
27.1833 80.08 80.08 2 25 5
27.1833 80.13 80.13 2 25 5
27.1833 80.18 80.18 2 25 5
27.1833 80.23 80.23 2 25 5
27.1833 80.28 80.28 2 25 5
27.1833 80.33 80.33 2 25 5
27.1833 80.38 80.38 2 25 5
27.1833 80.43 80.43 2 25 5
27.1833 80.48 80.48 2 25 5
27.1833 80.53 80.53 2 25 5
27.1833 80.58 80.58 2 25 5
27.1833 80.63 80.63 2 25 5
27.1833 80.68 80.68 2 25 5
27.1833 80.73 80.73 2 25 5
27.1833 80.78 80.78 2 25 5
27.1833 80.83 80.83 2 25 5
27.1833 80.88 80.88 2 25 5
27.1832 80.93 80.93 2 25 5
27.1832 80.98 80.98 2 25 5
27.1833 81.03 81.03 2 25 5
27.1833 81.08 81.08 2 25 5
27.1833 81.13 81.13 2 25 5
27.1833 81.18 81.18 2 25 5
27.1833 81.23 81.23 2 25 5
27.1833 81.28 81.28 2 25 5
27.1833 81.33 81.33 2 25 5
27.1833 81.38 81.38 2 25 5
27.1833 81.43 81.43 2 25 5
27.1833 81.48 81.48 2 25 5
27.1833 81.53 81.53 2 25 5
27.1833 81.58 81.58 2 25 5
27.1833 81.63 81.63 2 25 5
27.1833 81.68 81.68 2 25 5
27.1833 81.73 81.73 2 25 5
27.1833 81.78 81.78 2 25 5
27.1833 81.83 81.83 2 25 5
27.1833 81.88 81.88 2 25 5
27.1833 81.93 81.93 2 25 5
27.1833 81.98 81.98 2 25 5
27.1833 82.03 82.03 2 25 5
27.1833 82.08 82.08 2 25 5
27.1833 82.13 82.13 2 25 5
27.1833 82.18 82.18 2 25 5
27.1833 82.23 82.23 2 25 5
27.1833 82.28 82.28 2 25 5
27.1833 82.33 82.33 2 25 5
27.1833 82.38 82.38 2 25 5
27.1833 82.43 82.43 2 25 5
27.1833 82.48 82.48 2 25 5
27.1833 82.53 82.53 2 25 5
27.1833 82.58 82.58 2 25 5
27.1833 82.63 82.63 2 25 5
27.1833 82.68 82.68 2 25 5
27.1833 82.73 82.73 2 25 5
27.1833 82.78 82.78 2 25 5
27.1833 82.83 82.83 2 25 5
27.1833 82.88 82.88 2 25 5
27.1833 82.93 82.93 2 25 5
27.1833 82.98 82.98 2 25 5
27.1833 83.03 83.03 2 25 5
27.1833 83.08 83.08 2 25 5
27.1833 83.13 83.13 2 25 5
27.1833 83.18 83.18 2 25 5
27.1833 83.23 83.23 2 25 5
27.1833 83.28 83.28 2 25 5
27.1833 83.33 83.33 2 25 5
27.1833 83.38 83.38 2 25 5
27.1833 83.43 83.43 2 25 5
27.1833 83.48 83.48 2 25 5
27.1833 83.53 83.53 2 25 5
27.1833 83.58 83.58 2 25 5
27.1833 83.63 83.63 2 25 5
27.1833 83.68 83.68 2 25 5
27.1833 83.73 83.73 2 25 5
27.1833 83.78 83.78 2 25 5
27.1833 83.83 83.83 2 25 5
27.1833 83.88 83.88 2 25 5
27.1833 83.93 83.93 2 25 5
27.1833 83.98 83.98 2 25 5
27.1833 84.03 84.03 2 25 5
27.1833 84.08 84.08 2 25 5
27.1833 84.13 84.13 2 25 5
27.1833 84.18 84.18 2 25 5
27.1833 84.23 84.23 2 25 5
27.1833 84.28 84.28 2 25 5
27.1833 84.33 84.33 2 25 5
27.1833 84.38 84.38 2 25 5
27.1833 84.43 84.43 2 25 5
27.1833 84.48 84.48 2 25 5
27.1833 84.53 84.53 2 25 5
27.1833 84.58 84.58 2 25 5
27.1833 84.63 84.63 2 25 5
27.1833 84.68 84.68 2 25 5
27.1833 84.73 84.73 2 25 5
27.1833 84.78 84.78 2 25 5
27.1833 84.83 84.83 2 25 5
27.1833 84.88 84.88 2 25 5
27.1833 84.93 84.93 2 25 5
27.1833 84.98 84.98 2 25 5
27.1833 85.03 85.03 2 25 5
27.1833 85.08 85.08 2 25 5
27.1833 85.13 85.13 2 25 5
27.1833 85.18 85.18 2 25 5
27.1833 85.23 85.23 2 25 5
27.1833 85.28 85.28 2 25 5
27.1833 85.33 85.33 2 25 5
27.1833 85.38 85.38 2 25 5
27.1833 85.43 85.43 2 25 5
27.1833 85.48 85.48 2 25 5
27.1833 85.53 85.53 2 25 5
27.1833 85.58 85.58 2 25 5
27.1833 85.63 85.63 2 25 5
27.1833 85.68 85.68 2 25 5
27.1833 85.73 85.73 2 25 5
27.1833 85.78 85.78 2 25 5
27.1833 85.83 85.83 2 25 5
27.1833 85.88 85.88 2 25 5
27.1833 85.93 85.93 2 25 5
27.1833 85.98 85.98 2 25 5
27.1833 86.03 86.03 2 25 5
27.1833 86.08 86.08 2 25 5
27.1833 86.13 86.13 2 25 5
27.1833 86.18 86.18 2 25 5
27.1833 86.23 86.23 2 25 5
27.1833 86.28 86.28 2 25 5
27.1833 86.33 86.33 2 25 5
27.1833 86.38 86.38 2 25 5
27.1833 86.43 86.43 2 25 5
27.1833 86.48 86.48 2 25 5
27.1833 86.53 86.53 2 25 5
27.1833 86.58 86.58 2 25 5
27.1833 86.63 86.63 2 25 5
27.1833 86.68 86.68 2 25 5
27.1833 86.73 86.73 2 25 5
27.1833 86.78 86.78 2 25 5
27.1833 86.83 86.83 2 25 5
27.1833 86.88 86.88 2 25 5
27.1833 86.93 86.93 2 25 5
27.1833 86.98 86.98 2 25 5
27.1833 87.03 87.03 2 25 5
27.1833 87.08 87.08 2 25 5
27.1833 87.13 87.13 2 25 5
27.1833 87.18 87.18 2 25 5
27.1833 87.23 87.23 2 25 5
27.1833 87.28 87.28 2 25 5
27.1833 87.33 87.33 2 25 5
27.1833 87.38 87.38 2 25 5
27.1833 87.43 87.43 2 25 5
27.1833 87.48 87.48 2 25 5
27.1833 87.53 87.53 2 25 5
27.1833 87.58 87.58 2 25 5
27.1833 87.63 87.63 2 25 5
27.1833 87.68 87.68 2 25 5
27.1833 87.73 87.73 2 25 5
27.1833 87.78 87.78 2 25 5
27.1833 87.83 87.83 2 25 5
27.1833 87.88 87.88 2 25 5
27.1833 87.93 87.93 2 25 5
27.1833 87.98 87.98 2 25 5
27.1833 88.03 88.03 2 25 5
27.1833 88.08 88.08 2 25 5
27.1833 88.13 88.13 2 25 5
27.1833 88.18 88.18 2 25 5
27.1833 88.23 88.23 2 25 5
27.1833 88.28 88.28 2 25 5
27.1833 88.33 88.33 2 25 5
27.1833 88.38 88.38 2 25 5
27.1833 88.43 88.43 2 25 5
27.1833 88.48 88.48 2 25 5
27.1833 88.53 88.53 2 25 5
27.1833 88.58 88.58 2 25 5
27.1833 88.63 88.63 2 25 5
27.1833 88.68 88.68 2 25 5
27.1833 88.73 88.73 2 25 5
27.1833 88.78 88.78 2 25 5
27.1833 88.83 88.83 2 25 5
27.1833 88.88 88.88 2 25 5
27.1833 88.93 88.93 2 25 5
27.1833 88.98 88.98 2 25 5
27.1833 89.03 89.03 2 25 5
27.1833 89.08 89.08 2 25 5
27.1833 89.13 89.13 2 25 5
27.1833 89.18 89.18 2 25 5
27.1833 89.23 89.23 2 25 5
27.1833 89.28 89.28 2 25 5
27.1833 89.33 89.33 2 25 5
27.1833 89.38 89.38 2 25 5
27.1833 89.43 89.43 2 25 5
27.1833 89.48 89.48 2 25 5
27.1833 89.53 89.53 2 25 5
27.1833 89.58 89.58 2 25 5
27.1833 89.63 89.63 2 25 5
27.1833 89.68 89.68 2 25 5
27.1833 89.73 89.73 2 25 5
27.1833 89.78 89.78 2 25 5
27.1833 89.83 89.83 2 25 5
27.1833 89.88 89.88 2 25 5
27.1833 89.93 89.93 2 25 5
27.1833 89.98 89.98 2 25 5
27.1833 90.03 90.03 2 25 5
27.1833 90.08 90.08 2 25 5
27.1833 90.13 90.13 2 25 5
27.1833 90.18 90.18 2 25 5
27.1833 90.23 90.23 2 25 5
27.1833 90.28 90.28 2 25 5
27.1833 90.33 90.33 2 25 5
27.1833 90.38 90.38 2 25 5
27.1833 90.43 90.43 2 25 5
27.1833 90.48 90.48 2 25 5
27.1833 90.53 90.53 2 25 5
27.1833 90.58 90.58 2 25 5
27.1833 90.63 90.63 2 25 5
27.1833 90.68 90.68 2 25 5
27.1833 90.73 90.73 2 25 5
27.1833 90.78 90.78 2 25 5
27.1833 90.83 90.83 2 25 5
27.1833 90.88 90.88 2 25 5
27.1833 90.93 90.93 2 25 5
27.1833 90.98 90.98 2 25 5
27.1833 91.03 91.03 2 25 5
27.1833 91.08 91.08 2 25 5
27.1833 91.13 91.13 2 25 5
27.1833 91.18 91.18 2 25 5
27.1833 91.23 91.23 2 25 5
27.1833 91.28 91.28 2 25 5
27.1833 91.33 91.33 2 25 5
27.1833 91.38 91.38 2 25 5
27.1833 91.43 91.43 2 25 5
27.1833 91.48 91.48 2 25 5
27.1833 91.53 91.53 2 25 5
27.1833 91.58 91.58 2 25 5
27.1833 91.63 91.63 2 25 5
27.1833 91.68 91.68 2 25 5
27.1833 91.73 91.73 2 25 5
27.1833 91.78 91.78 2 25 5
27.1833 91.83 91.83 2 25 5
27.1833 91.88 91.88 2 25 5
27.1833 91.93 91.93 2 25 5
27.1833 91.98 91.98 2 25 5
27.1833 92.03 92.03 2 25 5
27.1833 92.08 92.08 2 25 5
27.1833 92.13 92.13 2 25 5
27.1833 92.18 92.18 2 25 5
27.1833 92.23 92.23 2 25 5
27.1833 92.28 92.28 2 25 5
27.1833 92.33 92.33 2 25 5
27.1833 92.38 92.38 2 25 5
27.1833 92.43 92.43 2 25 5
27.1833 92.48 92.48 2 25 5
27.1833 92.53 92.53 2 25 5
27.1833 92.58 92.58 2 25 5
27.1833 92.63 92.63 2 25 5
27.1833 92.68 92.68 2 25 5
27.1833 92.73 92.73 2 25 5
27.1833 92.78 92.78 2 25 5
27.1833 92.83 92.83 2 25 5
27.1833 92.88 92.88 2 25 5
27.1833 92.93 92.93 2 25 5
27.1833 92.98 92.98 2 25 5
27.1833 93.03 93.03 2 25 5
27.1833 93.08 93.08 2 25 5
27.1833 93.13 93.13 2 25 5
27.1833 93.18 93.18 2 25 5
27.1833 93.23 93.23 2 25 5
27.1833 93.28 93.28 2 25 5
27.1833 93.33 93.33 2 25 5
27.1833 93.38 93.38 2 25 5
27.1833 93.43 93.43 2 25 5
27.1833 93.48 93.48 2 25 5
27.1833 93.53 93.53 2 25 5
27.1833 93.58 93.58 2 25 5
27.1833 93.63 93.63 2 25 5
27.1833 93.68 93.68 2 25 5
27.1833 93.73 93.73 2 25 5
27.1833 93.78 93.78 2 25 5
27.1833 93.83 93.83 2 25 5
27.1833 93.88 93.88 2 25 5
27.1833 93.93 93.93 2 25 5
27.1833 93.98 93.98 2 25 5
27.1833 94.03 94.03 2 25 5
27.1833 94.08 94.08 2 25 5
27.1833 94.13 94.13 2 25 5
27.1833 94.18 94.18 2 25 5
27.1833 94.23 94.23 2 25 5
27.1833 94.28 94.28 2 25 5
27.1833 94.33 94.33 2 25 5
27.1833 94.38 94.38 2 25 5
27.1833 94.43 94.43 2 25 5
27.1833 94.48 94.48 2 25 5
27.1833 94.53 94.53 2 25 5
27.1833 94.58 94.58 2 25 5
27.1833 94.63 94.63 2 25 5
27.1833 94.68 94.68 2 25 5
27.1833 94.73 94.73 2 25 5
27.1833 94.78 94.78 2 25 5
27.1833 94.83 94.83 2 25 5
27.1833 94.88 94.88 2 25 5
27.1833 94.93 94.93 2 25 5
27.1833 94.98 94.98 2 25 5
27.1833 95.03 95.03 2 25 5
27.1833 95.08 95.08 2 25 5
27.1833 95.13 95.13 2 25 5
27.1833 95.18 95.18 2 25 5
27.1833 95.23 95.23 2 25 5
27.1833 95.28 95.28 2 25 5
27.1833 95.33 95.33 2 25 5
27.1833 95.38 95.38 2 25 5
27.1833 95.43 95.43 2 25 5
27.1833 95.48 95.48 2 25 5
27.1833 95.53 95.53 2 25 5
27.1833 95.58 95.58 2 25 5
27.1833 95.63 95.63 2 25 5
27.1833 95.68 95.68 2 25 5
27.1833 95.73 95.73 2 25 5
27.1833 95.78 95.78 2 25 5
27.1833 95.83 95.83 2 25 5
27.1833 95.88 95.88 2 25 5
27.1833 95.93 95.93 2 25 5
27.1833 95.98 95.98 2 25 5
27.1833 96.03 96.03 2 25 5
27.1833 96.08 96.08 2 25 5
27.1833 96.13 96.13 2 25 5
27.1833 96.18 96.18 2 25 5
27.1833 96.23 96.23 2 25 5
27.1833 96.28 96.28 2 25 5
27.1833 96.33 96.33 2 25 5
27.1833 96.38 96.38 2 25 5
27.1833 96.43 96.43 2 25 5
27.1833 96.48 96.48 2 25 5
27.1833 96.53 96.53 2 25 5
27.1833 96.58 96.58 2 25 5
27.1833 96.63 96.63 2 25 5
27.1833 96.68 96.68 2 25 5
27.1833 96.73 96.73 2 25 5
27.1833 96.78 96.78 2 25 5
27.1833 96.83 96.83 2 25 5
27.1833 96.88 96.88 2 25 5
27.1833 96.93 96.93 2 25 5
27.1833 96.98 96.98 2 25 5
27.1833 97.03 97.03 2 25 5
27.1833 97.08 97.08 2 25 5
27.1833 97.13 97.13 2 25 5
27.1833 97.18 97.18 2 25 5
27.1833 97.23 97.23 2 25 5
27.1833 97.28 97.28 2 25 5
27.1833 97.33 97.33 2 25 5
27.1833 97.38 97.38 2 25 5
27.1833 97.43 97.43 2 25 5
27.1833 97.48 97.48 2 25 5
27.1833 97.53 97.53 2 25 5
27.1833 97.58 97.58 2 25 5
27.1833 97.63 97.63 2 25 5
27.1833 97.68 97.68 2 25 5
27.1833 97.73 97.73 2 25 5
27.1833 97.78 97.78 2 25 5
27.1833 97.83 97.83 2 25 5
27.1833 97.88 97.88 2 25 5
27.1833 97.93 97.93 2 25 5
27.1833 97.98 97.98 2 25 5
27.1833 98.03 98.03 2 25 5
27.1833 98.08 98.08 2 25 5
27.1833 98.13 98.13 2 25 5
27.1833 98.18 98.18 2 25 5
27.1833 98.23 98.23 2 25 5
27.1833 98.28 98.28 2 25 5
27.1833 98.33 98.33 2 25 5
27.1833 98.38 98.38 2 25 5
27.1833 98.43 98.43 2 25 5
27.1833 98.48 98.48 2 25 5
27.1833 98.53 98.53 2 25 5
27.1833 98.58 98.58 2 25 5
27.1833 98.63 98.63 2 25 5
27.1833 98.68 98.68 2 25 5
27.1833 98.73 98.73 2 25 5
27.1833 98.78 98.78 2 25 5
27.1833 98.83 98.83 2 25 5
27.1833 98.88 98.88 2 25 5
27.1833 98.93 98.93 2 25 5
27.1833 98.98 98.98 2 25 5
27.1833 99.03 99.03 2 25 5
27.1833 99.08 99.08 2 25 5
27.1833 99.13 99.13 2 25 5
27.1833 99.18 99.18 2 25 5
27.1833 99.23 99.23 2 25 5
27.1833 99.28 99.28 2 25 5
27.1833 99.33 99.33 2 25 5
27.1833 99.38 99.38 2 25 5
27.1833 99.43 99.43 2 25 5
27.1833 99.48 99.48 2 25 5
27.1833 99.53 99.53 2 25 5
27.1833 99.58 99.58 2 25 5
27.1833 99.63 99.63 2 25 5
27.1833 99.68 99.68 2 25 5
27.1833 99.73 99.73 2 25 5
27.1833 99.78 99.78 2 25 5
27.1833 99.83 99.83 2 25 5
27.1833 99.88 99.88 2 25 5
27.1833 99.93 99.93 2 25 5
27.1833 99.98 99.98 2 25 5
27.1833 100.03 100.03 2 25 5
27.1833 100.08 100.08 2 25 5
27.1833 100.13 100.13 2 25 5
27.1833 100.18 100.18 2 25 5
27.1833 100.23 100.23 2 25 5
27.1833 100.28 100.28 2 25 5
27.1833 100.33 100.33 2 25 5
27.1833 100.38 100.38 2 25 5
27.1833 100.43 100.43 2 25 5
27.1833 100.48 100.48 2 25 5
27.1833 100.53 100.53 2 25 5
27.1833 100.58 100.58 2 25 5
27.1833 100.63 100.63 2 25 5
27.1833 100.68 100.68 2 25 5
27.1833 100.73 100.73 2 25 5
27.1833 100.78 100.78 2 25 5
27.1833 100.83 100.83 2 25 5
27.1833 100.88 100.88 2 25 5
27.1833 100.93 100.93 2 25 5
27.1833 100.98 100.98 2 25 5
27.1833 101.03 101.03 2 25 5
27.1833 101.08 101.08 2 25 5
27.1833 101.13 101.13 2 25 5
27.1833 101.18 101.18 2 25 5
27.1833 101.23 101.23 2 25 5
27.1833 101.28 101.28 2 25 5
27.1833 101.33 101.33 2 25 5
27.1833 101.38 101.38 2 25 5
27.1833 101.43 101.43 2 25 5
27.1833 101.48 101.48 2 25 5
27.1833 101.53 101.53 2 25 5
27.1833 101.58 101.58 2 25 5
27.1833 101.63 101.63 2 25 5
27.1833 101.68 101.68 2 25 5
27.1833 101.73 101.73 2 25 5
27.1833 101.78 101.78 2 25 5
27.1833 101.83 101.83 2 25 5
27.1833 101.88 101.88 2 25 5
27.1833 101.93 101.93 2 25 5
27.1833 101.98 101.98 2 25 5
27.1833 102.03 102.03 2 25 5
27.1833 102.08 102.08 2 25 5
27.1833 102.13 102.13 2 25 5
27.1833 102.18 102.18 2 25 5
27.1833 102.23 102.23 2 25 5
27.1833 102.28 102.28 2 25 5
27.1833 102.33 102.33 2 25 5
27.1833 102.38 102.38 2 25 5
27.1833 102.43 102.43 2 25 5
27.1833 102.48 102.48 2 25 5
27.1833 102.53 102.53 2 25 5
27.1833 102.58 102.58 2 25 5
27.1833 102.63 102.63 2 25 5
27.1833 102.68 102.68 2 25 5
27.1833 102.73 102.73 2 25 5
27.1833 102.78 102.78 2 25 5
27.1833 102.83 102.83 2 25 5
27.1833 102.88 102.88 2 25 5
27.1833 102.93 102.93 2 25 5
27.1833 102.98 102.98 2 25 5
27.1833 103.03 103.03 2 25 5
27.1833 103.08 103.08 2 25 5
27.1833 103.13 103.13 2 25 5
27.1833 103.18 103.18 2 25 5
27.1833 103.23 103.23 2 25 5
27.1833 103.28 103.28 2 25 5
27.1833 103.33 103.33 2 25 5
27.1833 103.38 103.38 2 25 5
27.1833 103.43 103.43 2 25 5
27.1833 103.48 103.48 2 25 5
27.1833 103.53 103.53 2 25 5
27.1833 103.58 103.58 2 25 5
27.1833 103.63 103.63 2 25 5
27.1833 103.68 103.68 2 25 5
27.1833 103.73 103.73 2 25 5
27.1833 103.78 103.78 2 25 5
27.1833 103.83 103.83 2 25 5
27.1833 103.88 103.88 2 25 5
27.1833 103.93 103.93 2 25 5
27.1833 103.98 103.98 2 25 5
27.1833 104.03 104.03 2 25 5
27.1833 104.08 104.08 2 25 5
27.1833 104.13 104.13 2 25 5
27.1833 104.18 104.18 2 25 5
27.1833 104.23 104.23 2 25 5
27.1833 104.28 104.28 2 25 5
27.1833 104.33 104.33 2 25 5
27.1833 104.38 104.38 2 25 5
27.1833 104.43 104.43 2 25 5
27.1833 104.48 104.48 2 25 5
27.1833 104.53 104.53 2 25 5
27.1833 104.58 104.58 2 25 5
27.1833 104.63 104.63 2 25 5
27.1833 104.68 104.68 2 25 5
27.1833 104.73 104.73 2 25 5
27.1833 104.78 104.78 2 25 5
27.1833 104.83 104.83 2 25 5
27.1833 104.88 104.88 2 25 5
27.1833 104.93 104.93 2 25 5
27.1833 104.98 104.98 2 25 5
27.1833 105.03 105.03 2 25 5
27.1833 105.08 105.08 2 25 5
27.1833 105.13 105.13 2 25 5
27.1833 105.18 105.18 2 25 5
27.1833 105.23 105.23 2 25 5
27.1833 105.28 105.28 2 25 5
27.1833 105.33 105.33 2 25 5
27.1833 105.38 105.38 2 25 5
27.1833 105.43 105.43 2 25 5
27.1833 105.48 105.48 2 25 5
27.1833 105.53 105.53 2 25 5
27.1833 105.58 105.58 2 25 5
27.1833 105.63 105.63 2 25 5
27.1833 105.68 105.68 2 25 5
27.1833 105.73 105.73 2 25 5
27.1833 105.78 105.78 2 25 5
27.1833 105.83 105.83 2 25 5
27.1833 105.88 105.88 2 25 5
27.1833 105.93 105.93 2 25 5
27.1833 105.98 105.98 2 25 5
27.1833 106.03 106.03 2 25 5
27.1833 106.08 106.08 2 25 5
27.1833 106.13 106.13 2 25 5
27.1833 106.18 106.18 2 25 5
27.1833 106.23 106.23 2 25 5
27.1832 106.28 106.28 2 25 5
27.1833 106.33 106.33 2 25 5
27.1833 106.38 106.38 2 25 5
27.1833 106.43 106.43 2 25 5
27.1833 106.48 106.48 2 25 5
27.1833 106.53 106.53 2 25 5
27.1833 106.58 106.58 2 25 5
27.1833 106.63 106.63 2 25 5
27.1833 106.68 106.68 2 25 5
27.1833 106.73 106.73 2 25 5
27.1833 106.78 106.78 2 25 5
27.1833 106.83 106.83 2 25 5
27.1833 106.88 106.88 2 25 5
27.1833 106.93 106.93 2 25 5
27.1833 106.98 106.98 2 25 5
27.1833 107.03 107.03 2 25 5
27.1833 107.08 107.08 2 25 5
27.1833 107.13 107.13 2 25 5
27.1833 107.18 107.18 2 25 5
27.1833 107.23 107.23 2 25 5
27.1833 107.28 107.28 2 25 5
27.1833 107.33 107.33 2 25 5
27.1833 107.38 107.38 2 25 5
27.1833 107.43 107.43 2 25 5
27.1833 107.48 107.48 2 25 5
27.1833 107.53 107.53 2 25 5
27.1833 107.58 107.58 2 25 5
27.1833 107.63 107.63 2 25 5
27.1833 107.68 107.68 2 25 5
27.1833 107.73 107.73 2 25 5
27.1833 107.78 107.78 2 25 5
27.1833 107.83 107.83 2 25 5
27.1833 107.88 107.88 2 25 5
27.1833 107.93 107.93 2 25 5
27.1833 107.98 107.98 2 25 5
27.1833 108.03 108.03 2 25 5
27.1833 108.08 108.08 2 25 5
27.1833 108.13 108.13 2 25 5
27.1833 108.18 108.18 2 25 5
27.1833 108.23 108.23 2 25 5
27.1833 108.28 108.28 2 25 5
27.1833 108.33 108.33 2 25 5
27.1833 108.38 108.38 2 25 5
27.1833 108.43 108.43 2 25 5
27.1833 108.48 108.48 2 25 5
27.1833 108.53 108.53 2 25 5
27.1833 108.58 108.58 2 25 5
27.1833 108.63 108.63 2 25 5
27.1833 108.68 108.68 2 25 5
27.1833 108.73 108.73 2 25 5
27.1833 108.78 108.78 2 25 5
27.1833 108.83 108.83 2 25 5
27.1833 108.88 108.88 2 25 5
27.1833 108.93 108.93 2 25 5
27.1833 108.98 108.98 2 25 5
27.1833 109.03 109.03 2 25 5
27.1833 109.08 109.08 2 25 5
27.1833 109.13 109.13 2 25 5
27.1833 109.18 109.18 2 25 5
27.1833 109.23 109.23 2 25 5
27.1833 109.28 109.28 2 25 5
27.1833 109.33 109.33 2 25 5
27.1833 109.38 109.38 2 25 5
27.1833 109.43 109.43 2 25 5
27.1833 109.48 109.48 2 25 5
27.1833 109.53 109.53 2 25 5
27.1833 109.58 109.58 2 25 5
27.1833 109.63 109.63 2 25 5
27.1833 109.68 109.68 2 25 5
27.1833 109.73 109.73 2 25 5
27.1833 109.78 109.78 2 25 5
27.1833 109.83 109.83 2 25 5
27.1833 109.88 109.88 2 25 5
27.1833 109.93 109.93 2 25 5
27.1833 109.98 109.98 2 25 5
27.1833 110.03 110.03 2 25 5
27.1833 110.08 110.08 2 25 5
27.1833 110.13 110.13 2 25 5
27.1833 110.18 110.18 2 25 5
27.1833 110.23 110.23 2 25 5
27.1833 110.28 110.28 2 25 5
27.1833 110.33 110.33 2 25 5
27.1833 110.38 110.38 2 25 5
27.1833 110.43 110.43 2 25 5
27.1833 110.48 110.48 2 25 5
27.1833 110.53 110.53 2 25 5
27.1833 110.58 110.58 2 25 5
27.1833 110.63 110.63 2 25 5
27.1833 110.68 110.68 2 25 5
27.1833 110.73 110.73 2 25 5
27.1833 110.78 110.78 2 25 5
27.1833 110.83 110.83 2 25 5
27.1833 110.88 110.88 2 25 5
27.1833 110.93 110.93 2 25 5
27.1833 110.98 110.98 2 25 5
27.1833 111.03 111.03 2 25 5
27.1833 111.08 111.08 2 25 5
27.1833 111.13 111.13 2 25 5
27.1833 111.18 111.18 2 25 5
27.1833 111.23 111.23 2 25 5
27.1833 111.28 111.28 2 25 5
27.1833 111.33 111.33 2 25 5
27.1833 111.38 111.38 2 25 5
27.1833 111.43 111.43 2 25 5
27.1833 111.48 111.48 2 25 5
27.1833 111.53 111.53 2 25 5
27.1833 111.58 111.58 2 25 5
27.1833 111.63 111.63 2 25 5
27.1833 111.68 111.68 2 25 5
27.1833 111.73 111.73 2 25 5
27.1833 111.78 111.78 2 25 5
27.1833 111.83 111.83 2 25 5
27.1833 111.88 111.88 2 25 5
27.1833 111.93 111.93 2 25 5
27.1833 111.98 111.98 2 25 5
27.1833 112.03 112.03 2 25 5
27.1833 112.08 112.08 2 25 5
27.1833 112.13 112.13 2 25 5
27.1833 112.18 112.18 2 25 5
27.1833 112.23 112.23 2 25 5
27.1833 112.28 112.28 2 25 5
27.1833 112.33 112.33 2 25 5
27.1833 112.38 112.38 2 25 5
27.1833 112.43 112.43 2 25 5
27.1833 112.48 112.48 2 25 5
27.1833 112.53 112.53 2 25 5
27.1833 112.58 112.58 2 25 5
27.1833 112.63 112.63 2 25 5
27.1833 112.68 112.68 2 25 5
27.1833 112.73 112.73 2 25 5
27.1833 112.78 112.78 2 25 5
27.1833 112.83 112.83 2 25 5
27.1833 112.88 112.88 2 25 5
27.1833 112.93 112.93 2 25 5
27.1833 112.98 112.98 2 25 5
27.1833 113.03 113.03 2 25 5
27.1833 113.08 113.08 2 25 5
27.1833 113.13 113.13 2 25 5
27.1833 113.18 113.18 2 25 5
27.1833 113.23 113.23 2 25 5
27.1833 113.28 113.28 2 25 5
27.1833 113.33 113.33 2 25 5
27.1833 113.38 113.38 2 25 5
27.1833 113.43 113.43 2 25 5
27.1833 113.48 113.48 2 25 5
27.1833 113.53 113.53 2 25 5
27.1833 113.58 113.58 2 25 5
27.1833 113.63 113.63 2 25 5
27.1833 113.68 113.68 2 25 5
27.1833 113.73 113.73 2 25 5
27.1833 113.78 113.78 2 25 5
27.1833 113.83 113.83 2 25 5
27.1833 113.88 113.88 2 25 5
27.1833 113.93 113.93 2 25 5
27.1833 113.98 113.98 2 25 5
27.1833 114.03 114.03 2 25 5
27.1833 114.08 114.08 2 25 5
27.1833 114.13 114.13 2 25 5
27.1833 114.18 114.18 2 25 5
27.1833 114.23 114.23 2 25 5
27.1833 114.28 114.28 2 25 5
27.1833 114.33 114.33 2 25 5
27.1833 114.38 114.38 2 25 5
27.1833 114.43 114.43 2 25 5
27.1833 114.48 114.48 2 25 5
27.1833 114.53 114.53 2 25 5
27.1833 114.58 114.58 2 25 5
27.1833 114.63 114.63 2 25 5
27.1833 114.68 114.68 2 25 5
27.1833 114.73 114.73 2 25 5
27.1833 114.78 114.78 2 25 5
27.1833 114.83 114.83 2 25 5
27.1833 114.88 114.88 2 25 5
27.1833 114.93 114.93 2 25 5
27.1833 114.98 114.98 2 25 5
27.1833 115.03 115.03 2 25 5
27.1833 115.08 115.08 2 25 5
27.1833 115.13 115.13 2 25 5
27.1833 115.18 115.18 2 25 5
27.1833 115.23 115.23 2 25 5
27.1833 115.28 115.28 2 25 5
27.1833 115.33 115.33 2 25 5
27.1833 115.38 115.38 2 25 5
27.1833 115.43 115.43 2 25 5
27.1833 115.48 115.48 2 25 5
27.1833 115.53 115.53 2 25 5
27.1833 115.58 115.58 2 25 5
27.1833 115.63 115.63 2 25 5
27.1833 115.68 115.68 2 25 5
27.1833 115.73 115.73 2 25 5
27.1833 115.78 115.78 2 25 5
27.1833 115.83 115.83 2 25 5
27.1833 115.88 115.88 2 25 5
27.1833 115.93 115.93 2 25 5
27.1833 115.98 115.98 2 25 5
27.1833 116.03 116.03 2 25 5
27.1833 116.08 116.08 2 25 5
27.1833 116.13 116.13 2 25 5
27.1833 116.18 116.18 2 25 5
27.1833 116.23 116.23 2 25 5
27.1833 116.28 116.28 2 25 5
27.1833 116.33 116.33 2 25 5
27.1833 116.38 116.38 2 25 5
27.1833 116.43 116.43 2 25 5
27.1833 116.48 116.48 2 25 5
27.1833 116.53 116.53 2 25 5
27.1833 116.58 116.58 2 25 5
27.1833 116.63 116.63 2 25 5
27.1833 116.68 116.68 2 25 5
27.1833 116.73 116.73 2 25 5
27.1833 116.78 116.78 2 25 5
27.1833 116.83 116.83 2 25 5
27.1833 116.88 116.88 2 25 5
27.1833 116.93 116.93 2 25 5
27.1833 116.98 116.98 2 25 5
27.1833 117.03 117.03 2 25 5
27.1833 117.08 117.08 2 25 5
27.1833 117.13 117.13 2 25 5
27.1833 117.18 117.18 2 25 5
27.1833 117.23 117.23 2 25 5
27.1833 117.28 117.28 2 25 5
27.1833 117.33 117.33 2 25 5
27.1833 117.38 117.38 2 25 5
27.1833 117.43 117.43 2 25 5
27.1833 117.48 117.48 2 25 5
27.1833 117.53 117.53 2 25 5
27.1833 117.58 117.58 2 25 5
27.1833 117.63 117.63 2 25 5
27.1833 117.68 117.68 2 25 5
27.1833 117.73 117.73 2 25 5
27.1833 117.78 117.78 2 25 5
27.1833 117.83 117.83 2 25 5
27.1833 117.88 117.88 2 25 5
27.1833 117.93 117.93 2 25 5
27.1833 117.98 117.98 2 25 5
27.1833 118.03 118.03 2 25 5
27.1833 118.08 118.08 2 25 5
27.1833 118.13 118.13 2 25 5
27.1833 118.18 118.18 2 25 5
27.1833 118.23 118.23 2 25 5
27.1833 118.28 118.28 2 25 5
27.1833 118.33 118.33 2 25 5
27.1833 118.38 118.38 2 25 5
27.1833 118.43 118.43 2 25 5
27.1833 118.48 118.48 2 25 5
27.1833 118.53 118.53 2 25 5
27.1833 118.58 118.58 2 25 5
27.1833 118.63 118.63 2 25 5
27.1833 118.68 118.68 2 25 5
27.1833 118.73 118.73 2 25 5
27.1833 118.78 118.78 2 25 5
27.1833 118.83 118.83 2 25 5
27.1833 118.88 118.88 2 25 5
27.1833 118.93 118.93 2 25 5
27.1833 118.98 118.98 2 25 5
27.1833 119.03 119.03 2 25 5
27.1833 119.08 119.08 2 25 5
27.1833 119.13 119.13 2 25 5
27.1833 119.18 119.18 2 25 5
27.1833 119.23 119.23 2 25 5
27.1833 119.28 119.28 2 25 5
27.1833 119.33 119.33 2 25 5
27.1833 119.38 119.38 2 25 5
27.1833 119.43 119.43 2 25 5
27.1833 119.48 119.48 2 25 5
27.1833 119.53 119.53 2 25 5
27.1833 119.58 119.58 2 25 5
27.1833 119.63 119.63 2 25 5
27.1833 119.68 119.68 2 25 5
27.1833 119.73 119.73 2 25 5
27.1833 119.78 119.78 2 25 5
27.1833 119.83 119.83 2 25 5
27.1833 119.88 119.88 2 25 5
27.1833 119.93 119.93 2 25 5
27.1833 119.98 119.98 2 25 5
27.1833 120.03 120.03 2 25 5
27.1833 120.08 120.08 2 25 5
27.1833 120.13 120.13 2 25 5
27.1833 120.18 120.18 2 25 5
27.1833 120.23 120.23 2 25 5
27.1833 120.28 120.28 2 25 5
27.1833 120.33 120.33 2 25 5
27.1833 120.38 120.38 2 25 5
27.1833 120.43 120.43 2 25 5
27.1833 120.48 120.48 2 25 5
27.1833 120.53 120.53 2 25 5
27.1833 120.58 120.58 2 25 5
27.1833 120.63 120.63 2 25 5
27.1833 120.68 120.68 2 25 5
27.1833 120.73 120.73 2 25 5
27.1833 120.78 120.78 2 25 5
27.1833 120.83 120.83 2 25 5
27.1833 120.88 120.88 2 25 5
27.1833 120.93 120.93 2 25 5
27.1833 120.98 120.98 2 25 5
27.1833 121.03 121.03 2 25 5
27.1833 121.08 121.08 2 25 5
27.1833 121.13 121.13 2 25 5
27.1833 121.18 121.18 2 25 5
27.1833 121.23 121.23 2 25 5
27.1833 121.28 121.28 2 25 5
27.1833 121.33 121.33 2 25 5
27.1833 121.38 121.38 2 25 5
27.1833 121.43 121.43 2 25 5
27.1833 121.48 121.48 2 25 5
27.1833 121.53 121.53 2 25 5
27.1833 121.58 121.58 2 25 5
27.1833 121.63 121.63 2 25 5
27.1833 121.68 121.68 2 25 5
27.1833 121.73 121.73 2 25 5
27.1833 121.78 121.78 2 25 5
27.1833 121.83 121.83 2 25 5
27.1833 121.88 121.88 2 25 5
27.1833 121.93 121.93 2 25 5
27.1833 121.98 121.98 2 25 5
27.1833 122.03 122.03 2 25 5
27.1833 122.08 122.08 2 25 5
27.1833 122.13 122.13 2 25 5
27.1833 122.18 122.18 2 25 5
27.1833 122.23 122.23 2 25 5
27.1833 122.28 122.28 2 25 5
27.1833 122.33 122.33 2 25 5
27.1833 122.38 122.38 2 25 5
27.1833 122.43 122.43 2 25 5
27.1833 122.48 122.48 2 25 5
27.1833 122.53 122.53 2 25 5
27.1833 122.58 122.58 2 25 5
27.1833 122.63 122.63 2 25 5
27.1833 122.68 122.68 2 25 5
27.1833 122.73 122.73 2 25 5
27.1833 122.78 122.78 2 25 5
27.1833 122.83 122.83 2 25 5
27.1833 122.88 122.88 2 25 5
27.1833 122.93 122.93 2 25 5
27.1833 122.98 122.98 2 25 5
27.1833 123.03 123.03 2 25 5
27.1833 123.08 123.08 2 25 5
27.1833 123.13 123.13 2 25 5
27.1833 123.18 123.18 2 25 5
27.1833 123.23 123.23 2 25 5
27.1833 123.28 123.28 2 25 5
27.1833 123.33 123.33 2 25 5
27.1833 123.38 123.38 2 25 5
27.1833 123.43 123.43 2 25 5
27.1833 123.48 123.48 2 25 5
27.1833 123.53 123.53 2 25 5
27.1833 123.58 123.58 2 25 5
27.1833 123.63 123.63 2 25 5
27.1833 123.68 123.68 2 25 5
27.1833 123.73 123.73 2 25 5
27.1833 123.78 123.78 2 25 5
27.1833 123.83 123.83 2 25 5
27.1833 123.88 123.88 2 25 5
27.1833 123.93 123.93 2 25 5
27.1833 123.98 123.98 2 25 5
27.1833 124.03 124.03 2 25 5
27.1833 124.08 124.08 2 25 5
27.1833 124.13 124.13 2 25 5
27.1833 124.18 124.18 2 25 5
27.1833 124.23 124.23 2 25 5
27.1833 124.28 124.28 2 25 5
27.1833 124.33 124.33 2 25 5
27.1833 124.38 124.38 2 25 5
27.1833 124.43 124.43 2 25 5
27.1833 124.48 124.48 2 25 5
27.1833 124.53 124.53 2 25 5
27.1833 124.58 124.58 2 25 5
27.1833 124.63 124.63 2 25 5
27.1833 124.68 124.68 2 25 5
27.1833 124.73 124.73 2 25 5
27.1833 124.78 124.78 2 25 5
27.1833 124.83 124.83 2 25 5
27.1833 124.88 124.88 2 25 5
27.1833 124.93 124.93 2 25 5
27.1833 124.98 124.98 2 25 5
27.1833 125.03 125.03 2 25 5
27.1833 125.08 125.08 2 25 5
27.1833 125.13 125.13 2 25 5
27.1833 125.18 125.18 2 25 5
27.1833 125.23 125.23 2 25 5
27.1833 125.28 125.28 2 25 5
27.1833 125.33 125.33 2 25 5
27.1833 125.38 125.38 2 25 5
27.1833 125.43 125.43 2 25 5
27.1833 125.48 125.48 2 25 5
27.1833 125.53 125.53 2 25 5
27.1833 125.58 125.58 2 25 5
27.1833 125.63 125.63 2 25 5
27.1833 125.68 125.68 2 25 5
27.1833 125.73 125.73 2 25 5
27.1833 125.78 125.78 2 25 5
27.1833 125.83 125.83 2 25 5
27.1833 125.88 125.88 2 25 5
27.1833 125.93 125.93 2 25 5
27.1833 125.98 125.98 2 25 5
27.1833 126.03 126.03 2 25 5
27.1833 126.08 126.08 2 25 5
27.1833 126.13 126.13 2 25 5
27.1833 126.18 126.18 2 25 5
27.1833 126.23 126.23 2 25 5
27.1833 126.28 126.28 2 25 5
27.1833 126.33 126.33 2 25 5
27.1833 126.38 126.38 2 25 5
27.1833 126.43 126.43 2 25 5
27.1833 126.48 126.48 2 25 5
27.1833 126.53 126.53 2 25 5
27.1833 126.58 126.58 2 25 5
27.1833 126.63 126.63 2 25 5
27.1833 126.68 126.68 2 25 5
27.1833 126.73 126.73 2 25 5
27.1833 126.78 126.78 2 25 5
27.1833 126.83 126.83 2 25 5
27.1833 126.88 126.88 2 25 5
27.1833 126.93 126.93 2 25 5
27.1833 126.98 126.98 2 25 5
27.1833 127.03 127.03 2 25 5
27.1833 127.08 127.08 2 25 5
27.1833 127.13 127.13 2 25 5
27.1833 127.18 127.18 2 25 5
27.1833 127.23 127.23 2 25 5
27.1833 127.28 127.28 2 25 5
27.1833 127.33 127.33 2 25 5
27.1833 127.38 127.38 2 25 5
27.1833 127.43 127.43 2 25 5
27.1833 127.48 127.48 2 25 5
27.1833 127.53 127.53 2 25 5
27.1833 127.58 127.58 2 25 5
27.1833 127.63 127.63 2 25 5
27.1833 127.68 127.68 2 25 5
27.1833 127.73 127.73 2 25 5
27.1833 127.78 127.78 2 25 5
27.1833 127.83 127.83 2 25 5
27.1833 127.88 127.88 2 25 5
27.1833 127.93 127.93 2 25 5
27.1833 127.98 127.98 2 25 5
27.1833 128.03 128.03 2 25 5
27.1833 128.08 128.08 2 25 5
27.1833 128.13 128.13 2 25 5
27.1833 128.18 128.18 2 25 5
27.1833 128.23 128.23 2 25 5
27.1833 128.28 128.28 2 25 5
27.1833 128.33 128.33 2 25 5
27.1833 128.38 128.38 2 25 5
27.1833 128.43 128.43 2 25 5
27.1833 128.48 128.48 2 25 5
27.1833 128.53 128.53 2 25 5
27.1833 128.58 128.58 2 25 5
27.1833 128.63 128.63 2 25 5
27.1833 128.68 128.68 2 25 5
27.1833 128.73 128.73 2 25 5
27.1833 128.78 128.78 2 25 5
27.1833 128.83 128.83 2 25 5
27.1833 128.88 128.88 2 25 5
27.1833 128.93 128.93 2 25 5
27.1833 128.98 128.98 2 25 5
27.1833 129.03 129.03 2 25 5
27.1833 129.08 129.08 2 25 5
27.1833 129.13 129.13 2 25 5
27.1833 129.18 129.18 2 25 5
27.1833 129.23 129.23 2 25 5
27.1833 129.28 129.28 2 25 5
27.1833 129.33 129.33 2 25 5
27.1833 129.38 129.38 2 25 5
27.1833 129.43 129.43 2 25 5
27.1833 129.48 129.48 2 25 5
27.1833 129.53 129.53 2 25 5
27.1833 129.58 129.58 2 25 5
27.1833 129.63 129.63 2 25 5
27.1833 129.68 129.68 2 25 5
27.1833 129.73 129.73 2 25 5
27.1833 129.78 129.78 2 25 5
27.1833 129.83 129.83 2 25 5
27.1833 129.88 129.88 2 25 5
27.1833 129.93 129.93 2 25 5
27.1833 129.98 129.98 2 25 5
27.1833 130.03 130.03 2 25 5
27.1833 130.08 130.08 2 25 5
27.1833 130.13 130.13 2 25 5
27.1833 130.18 130.18 2 25 5
27.1833 130.23 130.23 2 25 5
27.1833 130.28 130.28 2 25 5
27.1833 130.33 130.33 2 25 5
27.1833 130.38 130.38 2 25 5
27.1833 130.43 130.43 2 25 5
27.1833 130.48 130.48 2 25 5
27.1833 130.53 130.53 2 25 5
27.1833 130.58 130.58 2 25 5
27.1833 130.63 130.63 2 25 5
27.1833 130.68 130.68 2 25 5
27.1833 130.73 130.73 2 25 5
27.1833 130.78 130.78 2 25 5
27.1833 130.83 130.83 2 25 5
27.1833 130.88 130.88 2 25 5
27.1833 130.93 130.93 2 25 5
27.1833 130.98 130.98 2 25 5
27.1833 131.03 131.03 2 25 5
27.1833 131.08 131.08 2 25 5
27.1833 131.13 131.13 2 25 5
27.1833 131.18 131.18 2 25 5
27.1833 131.23 131.23 2 25 5
27.1833 131.28 131.28 2 25 5
27.1833 131.33 131.33 2 25 5
27.1833 131.38 131.38 2 25 5
27.1833 131.43 131.43 2 25 5
27.1833 131.48 131.48 2 25 5
27.1833 131.53 131.53 2 25 5
27.1833 131.58 131.58 2 25 5
27.1833 131.63 131.63 2 25 5
27.1833 131.68 131.68 2 25 5
27.1833 131.73 131.73 2 25 5
27.1833 131.78 131.78 2 25 5
27.1833 131.83 131.83 2 25 5
27.1833 131.88 131.88 2 25 5
27.1833 131.93 131.93 2 25 5
27.1833 131.98 131.98 2 25 5
27.1833 132.03 132.03 2 25 5
27.1833 132.08 132.08 2 25 5
27.1833 132.13 132.13 2 25 5
27.1833 132.18 132.18 2 25 5
27.1833 132.23 132.23 2 25 5
27.1833 132.28 132.28 2 25 5
27.1833 132.33 132.33 2 25 5
27.1833 132.38 132.38 2 25 5
27.1833 132.43 132.43 2 25 5
27.1833 132.48 132.48 2 25 5
27.1833 132.53 132.53 2 25 5
27.1833 132.58 132.58 2 25 5
27.1833 132.63 132.63 2 25 5
27.1833 132.68 132.68 2 25 5
27.1833 132.73 132.73 2 25 5
27.1833 132.78 132.78 2 25 5
27.1833 132.83 132.83 2 25 5
27.1833 132.88 132.88 2 25 5
27.1833 132.93 132.93 2 25 5
27.1833 132.98 132.98 2 25 5
27.1833 133.03 133.03 2 25 5
27.1833 133.08 133.08 2 25 5
27.1833 133.13 133.13 2 25 5
27.1833 133.18 133.18 2 25 5
27.1833 133.23 133.23 2 25 5
27.1833 133.28 133.28 2 25 5
27.1833 133.33 133.33 2 25 5
27.1833 133.38 133.38 2 25 5
27.1833 133.43 133.43 2 25 5
27.1833 133.48 133.48 2 25 5
27.1833 133.53 133.53 2 25 5
27.1833 133.58 133.58 2 25 5
27.1833 133.63 133.63 2 25 5
27.1833 133.68 133.68 2 25 5
27.1833 133.73 133.73 2 25 5
27.1833 133.78 133.78 2 25 5
27.1833 133.83 133.83 2 25 5
27.1833 133.88 133.88 2 25 5
27.1833 133.93 133.93 2 25 5
27.1833 133.98 133.98 2 25 5
27.1833 134.03 134.03 2 25 5
27.1833 134.08 134.08 2 25 5
27.1833 134.13 134.13 2 25 5
27.1833 134.18 134.18 2 25 5
27.1833 134.23 134.23 2 25 5
27.1833 134.28 134.28 2 25 5
27.1833 134.33 134.33 2 25 5
27.1833 134.38 134.38 2 25 5
27.1833 134.43 134.43 2 25 5
27.1833 134.48 134.48 2 25 5
27.1833 134.53 134.53 2 25 5
27.1833 134.58 134.58 2 25 5
27.1833 134.63 134.63 2 25 5
27.1833 134.68 134.68 2 25 5
27.1833 134.73 134.73 2 25 5
27.1833 134.78 134.78 2 25 5
27.1833 134.83 134.83 2 25 5
27.1833 134.88 134.88 2 25 5
27.1833 134.93 134.93 2 25 5
27.1833 134.98 134.98 2 25 5
27.1833 135.03 135.03 2 25 5
27.1833 135.08 135.08 2 25 5
27.1833 135.13 135.13 2 25 5
27.1833 135.18 135.18 2 25 5
27.1833 135.23 135.23 2 25 5
27.1833 135.28 135.28 2 25 5
27.1833 135.33 135.33 2 25 5
27.1833 135.38 135.38 2 25 5
27.1833 135.43 135.43 2 25 5
27.1833 135.48 135.48 2 25 5
27.1833 135.53 135.53 2 25 5
27.1833 135.58 135.58 2 25 5
27.1833 135.63 135.63 2 25 5
27.1833 135.68 135.68 2 25 5
27.1833 135.73 135.73 2 25 5
27.1833 135.78 135.78 2 25 5
27.1833 135.83 135.83 2 25 5
27.1833 135.88 135.88 2 25 5
27.1833 135.93 135.93 2 25 5
27.1833 135.98 135.98 2 25 5
27.1833 136.03 136.03 2 25 5
27.1833 136.08 136.08 2 25 5
27.1833 136.13 136.13 2 25 5
27.1833 136.18 136.18 2 25 5
27.1833 136.23 136.23 2 25 5
27.1833 136.28 136.28 2 25 5
27.1833 136.33 136.33 2 25 5
27.1833 136.38 136.38 2 25 5
27.1833 136.43 136.43 2 25 5
27.1833 136.48 136.48 2 25 5
27.1833 136.53 136.53 2 25 5
27.1833 136.58 136.58 2 25 5
27.1833 136.63 136.63 2 25 5
27.1833 136.68 136.68 2 25 5
27.1833 136.73 136.73 2 25 5
27.1833 136.78 136.78 2 25 5
27.1833 136.83 136.83 2 25 5
27.1833 136.88 136.88 2 25 5
27.1833 136.93 136.93 2 25 5
27.1833 136.98 136.98 2 25 5
27.1833 137.03 137.03 2 25 5
27.1833 137.08 137.08 2 25 5
27.1833 137.13 137.13 2 25 5
27.1833 137.18 137.18 2 25 5
27.1833 137.23 137.23 2 25 5
27.1833 137.28 137.28 2 25 5
27.1833 137.33 137.33 2 25 5
27.1833 137.38 137.38 2 25 5
27.1833 137.43 137.43 2 25 5
27.1833 137.48 137.48 2 25 5
27.1833 137.53 137.53 2 25 5
27.1833 137.58 137.58 2 25 5
27.1833 137.63 137.63 2 25 5
27.1833 137.68 137.68 2 25 5
27.1833 137.73 137.73 2 25 5
27.1833 137.78 137.78 2 25 5
27.1833 137.83 137.83 2 25 5
27.1833 137.88 137.88 2 25 5
27.1833 137.93 137.93 2 25 5
27.1833 137.98 137.98 2 25 5
27.1833 138.03 138.03 2 25 5
27.1833 138.08 138.08 2 25 5
27.1833 138.13 138.13 2 25 5
27.1833 138.18 138.18 2 25 5
27.1833 138.23 138.23 2 25 5
27.1833 138.28 138.28 2 25 5
27.1833 138.33 138.33 2 25 5
27.1833 138.38 138.38 2 25 5
27.1833 138.43 138.43 2 25 5
27.1832 138.48 138.48 2 25 5
27.1833 138.53 138.53 2 25 5
27.1833 138.58 138.58 2 25 5
27.1833 138.63 138.63 2 25 5
27.1833 138.68 138.68 2 25 5
27.1833 138.73 138.73 2 25 5
27.1833 138.78 138.78 2 25 5
27.1833 138.83 138.83 2 25 5
27.1833 138.88 138.88 2 25 5
27.1833 138.93 138.93 2 25 5
27.1833 138.98 138.98 2 25 5
27.1833 139.03 139.03 2 25 5
27.1833 139.08 139.08 2 25 5
27.1833 139.13 139.13 2 25 5
27.1833 139.18 139.18 2 25 5
27.1833 139.23 139.23 2 25 5
27.1833 139.28 139.28 2 25 5
27.1833 139.33 139.33 2 25 5
27.1833 139.38 139.38 2 25 5
27.1833 139.43 139.43 2 25 5
27.1833 139.48 139.48 2 25 5
27.1833 139.53 139.53 2 25 5
27.1833 139.58 139.58 2 25 5
27.1833 139.63 139.63 2 25 5
27.1833 139.68 139.68 2 25 5
27.1833 139.73 139.73 2 25 5
27.1833 139.78 139.78 2 25 5
27.1833 139.83 139.83 2 25 5
27.1833 139.88 139.88 2 25 5
27.1833 139.93 139.93 2 25 5
27.1833 139.98 139.98 2 25 5
27.1833 140.03 140.03 2 25 5
27.1833 140.08 140.08 2 25 5
27.1833 140.13 140.13 2 25 5
27.1833 140.18 140.18 2 25 5
27.1833 140.23 140.23 2 25 5
27.1833 140.28 140.28 2 25 5
27.1833 140.33 140.33 2 25 5
27.1833 140.38 140.38 2 25 5
27.1833 140.43 140.43 2 25 5
27.1833 140.48 140.48 2 25 5
27.1833 140.53 140.53 2 25 5
27.1833 140.58 140.58 2 25 5
27.1833 140.63 140.63 2 25 5
27.1833 140.68 140.68 2 25 5
27.1833 140.73 140.73 2 25 5
27.1833 140.78 140.78 2 25 5
27.1833 140.83 140.83 2 25 5
27.1833 140.88 140.88 2 25 5
27.1833 140.93 140.93 2 25 5
27.1833 140.98 140.98 2 25 5
27.1833 141.03 141.03 2 25 5
27.1833 141.08 141.08 2 25 5
27.1833 141.13 141.13 2 25 5
27.1833 141.18 141.18 2 25 5
27.1833 141.23 141.23 2 25 5
27.1833 141.28 141.28 2 25 5
27.1833 141.33 141.33 2 25 5
27.1833 141.38 141.38 2 25 5
27.1833 141.43 141.43 2 25 5
27.1833 141.48 141.48 2 25 5
27.1833 141.53 141.53 2 25 5
27.1833 141.58 141.58 2 25 5
27.1833 141.63 141.63 2 25 5
27.1833 141.68 141.68 2 25 5
27.1833 141.73 141.73 2 25 5
27.1833 141.78 141.78 2 25 5
27.1833 141.83 141.83 2 25 5
27.1833 141.88 141.88 2 25 5
27.1833 141.93 141.93 2 25 5
27.1833 141.98 141.98 2 25 5
27.1833 142.03 142.03 2 25 5
27.1833 142.08 142.08 2 25 5
27.1833 142.13 142.13 2 25 5
27.1833 142.18 142.18 2 25 5
27.1833 142.23 142.23 2 25 5
27.1833 142.28 142.28 2 25 5
27.1833 142.33 142.33 2 25 5
27.1833 142.38 142.38 2 25 5
27.1833 142.43 142.43 2 25 5
27.1833 142.48 142.48 2 25 5
27.1833 142.53 142.53 2 25 5
27.1833 142.58 142.58 2 25 5
27.1833 142.63 142.63 2 25 5
27.1833 142.68 142.68 2 25 5
27.1833 142.73 142.73 2 25 5
27.1833 142.78 142.78 2 25 5
27.1833 142.83 142.83 2 25 5
27.1833 142.88 142.88 2 25 5
27.1833 142.93 142.93 2 25 5
27.1833 142.98 142.98 2 25 5
27.1833 143.03 143.03 2 25 5
27.1833 143.08 143.08 2 25 5
27.1833 143.13 143.13 2 25 5
27.1833 143.18 143.18 2 25 5
27.1833 143.23 143.23 2 25 5
27.1833 143.28 143.28 2 25 5
27.1833 143.33 143.33 2 25 5
27.1833 143.38 143.38 2 25 5
27.1833 143.43 143.43 2 25 5
27.1833 143.48 143.48 2 25 5
27.1833 143.53 143.53 2 25 5
27.1833 143.58 143.58 2 25 5
27.1833 143.63 143.63 2 25 5
27.1833 143.68 143.68 2 25 5
27.1833 143.73 143.73 2 25 5
27.1833 143.78 143.78 2 25 5
27.1833 143.83 143.83 2 25 5
27.1833 143.88 143.88 2 25 5
27.1833 143.93 143.93 2 25 5
27.1833 143.98 143.98 2 25 5
27.1833 144.03 144.03 2 25 5
27.1833 144.08 144.08 2 25 5
27.1833 144.13 144.13 2 25 5
27.1833 144.18 144.18 2 25 5
27.1833 144.23 144.23 2 25 5
27.1833 144.28 144.28 2 25 5
27.1833 144.33 144.33 2 25 5
27.1833 144.38 144.38 2 25 5
27.1833 144.43 144.43 2 25 5
27.1833 144.48 144.48 2 25 5
27.1833 144.53 144.53 2 25 5
27.1833 144.58 144.58 2 25 5
27.1833 144.63 144.63 2 25 5
27.1833 144.68 144.68 2 25 5
27.1833 144.73 144.73 2 25 5
27.1833 144.78 144.78 2 25 5
27.1833 144.83 144.83 2 25 5
27.1833 144.88 144.88 2 25 5
27.1833 144.93 144.93 2 25 5
27.1833 144.98 144.98 2 25 5
27.1833 145.03 145.03 2 25 5
27.1833 145.08 145.08 2 25 5
27.1833 145.13 145.13 2 25 5
27.1833 145.18 145.18 2 25 5
27.1833 145.23 145.23 2 25 5
27.1833 145.28 145.28 2 25 5
27.1833 145.33 145.33 2 25 5
27.1833 145.38 145.38 2 25 5
27.1833 145.43 145.43 2 25 5
27.1833 145.48 145.48 2 25 5
27.1833 145.53 145.53 2 25 5
27.1833 145.58 145.58 2 25 5
27.1833 145.63 145.63 2 25 5
27.1833 145.68 145.68 2 25 5
27.1833 145.73 145.73 2 25 5
27.1833 145.78 145.78 2 25 5
27.1833 145.83 145.83 2 25 5
27.1833 145.88 145.88 2 25 5
27.1833 145.93 145.93 2 25 5
27.1833 145.98 145.98 2 25 5
27.1833 146.03 146.03 2 25 5
27.1833 146.08 146.08 2 25 5
27.1833 146.13 146.13 2 25 5
27.1833 146.18 146.18 2 25 5
27.1833 146.23 146.23 2 25 5
27.1833 146.28 146.28 2 25 5
27.1833 146.33 146.33 2 25 5
27.1833 146.38 146.38 2 25 5
27.1833 146.43 146.43 2 25 5
27.1833 146.48 146.48 2 25 5
27.1833 146.53 146.53 2 25 5
27.1833 146.58 146.58 2 25 5
27.1833 146.63 146.63 2 25 5
27.1833 146.68 146.68 2 25 5
27.1833 146.73 146.73 2 25 5
27.1833 146.78 146.78 2 25 5
27.1833 146.83 146.83 2 25 5
27.1833 146.88 146.88 2 25 5
27.1833 146.93 146.93 2 25 5
27.1833 146.98 146.98 2 25 5
27.1833 147.03 147.03 2 25 5
27.1833 147.08 147.08 2 25 5
27.1834 147.13 147.13 2 25 5
27.1834 147.18 147.18 2 25 5
27.1833 147.23 147.23 2 25 5
27.1833 147.28 147.28 2 25 5
27.1833 147.33 147.33 2 25 5
27.1833 147.38 147.38 2 25 5
27.1833 147.43 147.43 2 25 5
27.1833 147.48 147.48 2 25 5
27.1833 147.53 147.53 2 25 5
27.1833 147.58 147.58 2 25 5
27.1833 147.63 147.63 2 25 5
27.1833 147.68 147.68 2 25 5
27.1833 147.73 147.73 2 25 5
27.1833 147.78 147.78 2 25 5
27.1833 147.83 147.83 2 25 5
27.1833 147.88 147.88 2 25 5
27.1833 147.93 147.93 2 25 5
27.1833 147.98 147.98 2 25 5
27.1833 148.03 148.03 2 25 5
27.1833 148.08 148.08 2 25 5
27.1833 148.13 148.13 2 25 5
27.1833 148.18 148.18 2 25 5
27.1833 148.23 148.23 2 25 5
27.1833 148.28 148.28 2 25 5
27.1833 148.33 148.33 2 25 5
27.1833 148.38 148.38 2 25 5
27.1833 148.43 148.43 2 25 5
27.1833 148.48 148.48 2 25 5
27.1833 148.53 148.53 2 25 5
27.1833 148.58 148.58 2 25 5
27.1833 148.63 148.63 2 25 5
27.1833 148.68 148.68 2 25 5
27.1833 148.73 148.73 2 25 5
27.1833 148.78 148.78 2 25 5
27.1833 148.83 148.83 2 25 5
27.1833 148.88 148.88 2 25 5
27.1833 148.93 148.93 2 25 5
27.1833 148.98 148.98 2 25 5
27.1833 149.03 149.03 2 25 5
27.1833 149.08 149.08 2 25 5
27.1833 149.13 149.13 2 25 5
27.1833 149.18 149.18 2 25 5
27.1833 149.23 149.23 2 25 5
27.1833 149.28 149.28 2 25 5
27.1833 149.33 149.33 2 25 5
27.1833 149.38 149.38 2 25 5
27.1833 149.43 149.43 2 25 5
27.1833 149.48 149.48 2 25 5
27.1833 149.53 149.53 2 25 5
27.1833 149.58 149.58 2 25 5
27.1833 149.63 149.63 2 25 5
27.1833 149.68 149.68 2 25 5
27.1833 149.73 149.73 2 25 5
27.1833 149.78 149.78 2 25 5
27.1833 149.83 149.83 2 25 5
27.1833 149.88 149.88 2 25 5
27.1833 149.93 149.93 2 25 5
27.1833 149.98 149.98 2 25 5
27.1833 150.03 150.03 2 25 5
27.1833 150.08 150.08 2 25 5
27.1833 150.13 150.13 2 25 5
27.1833 150.18 150.18 2 25 5
27.1833 150.23 150.23 2 25 5
27.1833 150.28 150.28 2 25 5
27.1833 150.33 150.33 2 25 5
27.1833 150.38 150.38 2 25 5
27.1833 150.43 150.43 2 25 5
27.1833 150.48 150.48 2 25 5
27.1833 150.53 150.53 2 25 5
27.1833 150.58 150.58 2 25 5
27.1833 150.63 150.63 2 25 5
27.1833 150.68 150.68 2 25 5
27.1833 150.73 150.73 2 25 5
27.1833 150.78 150.78 2 25 5
27.1833 150.83 150.83 2 25 5
27.1833 150.88 150.88 2 25 5
27.1833 150.93 150.93 2 25 5
27.1833 150.98 150.98 2 25 5
27.1833 151.03 151.03 2 25 5
27.1833 151.08 151.08 2 25 5
27.1833 151.13 151.13 2 25 5
27.1833 151.18 151.18 2 25 5
27.1833 151.23 151.23 2 25 5
27.1833 151.28 151.28 2 25 5
27.1833 151.33 151.33 2 25 5
27.1833 151.38 151.38 2 25 5
27.1833 151.43 151.43 2 25 5
27.1833 151.48 151.48 2 25 5
27.1833 151.53 151.53 2 25 5
27.1833 151.58 151.58 2 25 5
27.1833 151.63 151.63 2 25 5
27.1833 151.68 151.68 2 25 5
27.1833 151.73 151.73 2 25 5
27.1833 151.78 151.78 2 25 5
27.1833 151.83 151.83 2 25 5
27.1833 151.88 151.88 2 25 5
27.1833 151.93 151.93 2 25 5
27.1833 151.98 151.98 2 25 5
27.1833 152.03 152.03 2 25 5
27.1833 152.08 152.08 2 25 5
27.1833 152.13 152.13 2 25 5
27.1833 152.18 152.18 2 25 5
27.1833 152.23 152.23 2 25 5
27.1833 152.28 152.28 2 25 5
27.1833 152.33 152.33 2 25 5
27.1833 152.38 152.38 2 25 5
27.1833 152.43 152.43 2 25 5
27.1833 152.48 152.48 2 25 5
27.1833 152.53 152.53 2 25 5
27.1833 152.58 152.58 2 25 5
27.1833 152.63 152.63 2 25 5
27.1833 152.68 152.68 2 25 5
27.1833 152.73 152.73 2 25 5
27.1833 152.78 152.78 2 25 5
27.1833 152.83 152.83 2 25 5
27.1833 152.88 152.88 2 25 5
27.1833 152.93 152.93 2 25 5
27.1833 152.98 152.98 2 25 5
27.1833 153.03 153.03 2 25 5
27.1833 153.08 153.08 2 25 5
27.1833 153.13 153.13 2 25 5
27.1833 153.18 153.18 2 25 5
27.1833 153.23 153.23 2 25 5
27.1833 153.28 153.28 2 25 5
27.1833 153.33 153.33 2 25 5
27.1833 153.38 153.38 2 25 5
27.1833 153.43 153.43 2 25 5
27.1833 153.48 153.48 2 25 5
27.1833 153.53 153.53 2 25 5
27.1833 153.58 153.58 2 25 5
27.1833 153.63 153.63 2 25 5
27.1833 153.68 153.68 2 25 5
27.1833 153.73 153.73 2 25 5
27.1833 153.78 153.78 2 25 5
27.1833 153.83 153.83 2 25 5
27.1833 153.88 153.88 2 25 5
27.1833 153.93 153.93 2 25 5
27.1833 153.98 153.98 2 25 5
27.1833 154.03 154.03 2 25 5
27.1833 154.08 154.08 2 25 5
27.1833 154.13 154.13 2 25 5
27.1833 154.18 154.18 2 25 5
27.1833 154.23 154.23 2 25 5
27.1833 154.28 154.28 2 25 5
27.1833 154.33 154.33 2 25 5
27.1833 154.38 154.38 2 25 5
27.1833 154.43 154.43 2 25 5
27.1833 154.48 154.48 2 25 5
27.1833 154.53 154.53 2 25 5
27.1833 154.58 154.58 2 25 5
27.1833 154.63 154.63 2 25 5
27.1833 154.68 154.68 2 25 5
27.1833 154.73 154.73 2 25 5
27.1833 154.78 154.78 2 25 5
27.1833 154.83 154.83 2 25 5
27.1833 154.88 154.88 2 25 5
27.1833 154.93 154.93 2 25 5
27.1833 154.98 154.98 2 25 5
27.1833 155.03 155.03 2 25 5
27.1833 155.08 155.08 2 25 5
27.1833 155.13 155.13 2 25 5
27.1833 155.18 155.18 2 25 5
27.1833 155.23 155.23 2 25 5
27.1833 155.28 155.28 2 25 5
27.1833 155.33 155.33 2 25 5
27.1833 155.38 155.38 2 25 5
27.1833 155.43 155.43 2 25 5
27.1833 155.48 155.48 2 25 5
27.1833 155.53 155.53 2 25 5
27.1833 155.58 155.58 2 25 5
27.1833 155.63 155.63 2 25 5
27.1832 155.68 155.68 2 25 5
27.1833 155.73 155.73 2 25 5
27.1833 155.78 155.78 2 25 5
27.1833 155.83 155.83 2 25 5
27.1833 155.88 155.88 2 25 5
27.1833 155.93 155.93 2 25 5
27.1833 155.98 155.98 2 25 5
27.1833 156.03 156.03 2 25 5
27.1833 156.08 156.08 2 25 5
27.1833 156.13 156.13 2 25 5
27.1833 156.18 156.18 2 25 5
27.1833 156.23 156.23 2 25 5
27.1833 156.28 156.28 2 25 5
27.1833 156.33 156.33 2 25 5
27.1833 156.38 156.38 2 25 5
27.1833 156.43 156.43 2 25 5
27.1833 156.48 156.48 2 25 5
27.1833 156.53 156.53 2 25 5
27.1833 156.58 156.58 2 25 5
27.1833 156.63 156.63 2 25 5
27.1833 156.68 156.68 2 25 5
27.1833 156.73 156.73 2 25 5
27.1833 156.78 156.78 2 25 5
27.1833 156.83 156.83 2 25 5
27.1833 156.88 156.88 2 25 5
27.1833 156.93 156.93 2 25 5
27.1833 156.98 156.98 2 25 5
27.1833 157.03 157.03 2 25 5
27.1833 157.08 157.08 2 25 5
27.1833 157.13 157.13 2 25 5
27.1833 157.18 157.18 2 25 5
27.1833 157.23 157.23 2 25 5
27.1833 157.28 157.28 2 25 5
27.1833 157.33 157.33 2 25 5
27.1833 157.38 157.38 2 25 5
27.1833 157.43 157.43 2 25 5
27.1833 157.48 157.48 2 25 5
27.1833 157.53 157.53 2 25 5
27.1833 157.58 157.58 2 25 5
27.1833 157.63 157.63 2 25 5
27.1833 157.68 157.68 2 25 5
27.1833 157.73 157.73 2 25 5
27.1833 157.78 157.78 2 25 5
27.1833 157.83 157.83 2 25 5
27.1833 157.88 157.88 2 25 5
27.1833 157.93 157.93 2 25 5
27.1833 157.98 157.98 2 25 5
27.1833 158.03 158.03 2 25 5
27.1833 158.08 158.08 2 25 5
27.1833 158.13 158.13 2 25 5
27.1833 158.18 158.18 2 25 5
27.1833 158.23 158.23 2 25 5
27.1833 158.28 158.28 2 25 5
27.1833 158.33 158.33 2 25 5
27.1833 158.38 158.38 2 25 5
27.1833 158.43 158.43 2 25 5
27.1833 158.48 158.48 2 25 5
27.1833 158.53 158.53 2 25 5
27.1833 158.58 158.58 2 25 5
27.1833 158.63 158.63 2 25 5
27.1833 158.68 158.68 2 25 5
27.1833 158.73 158.73 2 25 5
27.1833 158.78 158.78 2 25 5
27.1833 158.83 158.83 2 25 5
27.1833 158.88 158.88 2 25 5
27.1832 158.93 158.93 2 25 5
27.1833 158.98 158.98 2 25 5
27.1833 159.03 159.03 2 25 5
27.1833 159.08 159.08 2 25 5
27.1833 159.13 159.13 2 25 5
27.1833 159.18 159.18 2 25 5
27.1833 159.23 159.23 2 25 5
27.1833 159.28 159.28 2 25 5
27.1833 159.33 159.33 2 25 5
27.1833 159.38 159.38 2 25 5
27.1833 159.43 159.43 2 25 5
27.1833 159.48 159.48 2 25 5
27.1833 159.53 159.53 2 25 5
27.1833 159.58 159.58 2 25 5
27.1833 159.63 159.63 2 25 5
27.1833 159.68 159.68 2 25 5
27.1833 159.73 159.73 2 25 5
27.1833 159.78 159.78 2 25 5
27.1833 159.83 159.83 2 25 5
27.1833 159.88 159.88 2 25 5
27.1833 159.93 159.93 2 25 5
27.1833 159.98 159.98 2 25 5
27.1833 160.03 160.03 2 25 5
27.1833 160.08 160.08 2 25 5
27.1834 160.13 160.13 2 25 5
27.1833 160.18 160.18 2 25 5
27.1833 160.23 160.23 2 25 5
27.1833 160.28 160.28 2 25 5
27.1833 160.33 160.33 2 25 5
27.1833 160.38 160.38 2 25 5
27.1833 160.43 160.43 2 25 5
27.1833 160.48 160.48 2 25 5
27.1833 160.53 160.53 2 25 5
27.1833 160.58 160.58 2 25 5
27.1833 160.63 160.63 2 25 5
27.1833 160.68 160.68 2 25 5
27.1833 160.73 160.73 2 25 5
27.1833 160.78 160.78 2 25 5
27.1833 160.83 160.83 2 25 5
27.1833 160.88 160.88 2 25 5
27.1833 160.93 160.93 2 25 5
27.1833 160.98 160.98 2 25 5
27.1833 161.03 161.03 2 25 5
27.1833 161.08 161.08 2 25 5
27.1833 161.13 161.13 2 25 5
27.1833 161.18 161.18 2 25 5
27.1833 161.23 161.23 2 25 5
27.1833 161.28 161.28 2 25 5
27.1833 161.33 161.33 2 25 5
27.1833 161.38 161.38 2 25 5
27.1833 161.43 161.43 2 25 5
27.1833 161.48 161.48 2 25 5
27.1833 161.53 161.53 2 25 5
27.1833 161.58 161.58 2 25 5
27.1833 161.63 161.63 2 25 5
27.1833 161.68 161.68 2 25 5
27.1833 161.73 161.73 2 25 5
27.1833 161.78 161.78 2 25 5
27.1833 161.83 161.83 2 25 5
27.1833 161.88 161.88 2 25 5
27.1833 161.93 161.93 2 25 5
27.1833 161.98 161.98 2 25 5
27.1833 162.03 162.03 2 25 5
27.1833 162.08 162.08 2 25 5
27.1833 162.13 162.13 2 25 5
27.1833 162.18 162.18 2 25 5
27.1833 162.23 162.23 2 25 5
27.1833 162.28 162.28 2 25 5
27.1833 162.33 162.33 2 25 5
27.1833 162.38 162.38 2 25 5
27.1833 162.43 162.43 2 25 5
27.1833 162.48 162.48 2 25 5
27.1833 162.53 162.53 2 25 5
27.1833 162.58 162.58 2 25 5
27.1833 162.63 162.63 2 25 5
27.1833 162.68 162.68 2 25 5
27.1833 162.73 162.73 2 25 5
27.1833 162.78 162.78 2 25 5
27.1833 162.83 162.83 2 25 5
27.1833 162.88 162.88 2 25 5
27.1833 162.93 162.93 2 25 5
27.1833 162.98 162.98 2 25 5
27.1833 163.03 163.03 2 25 5
27.1833 163.08 163.08 2 25 5
27.1833 163.13 163.13 2 25 5
27.1833 163.18 163.18 2 25 5
27.1833 163.23 163.23 2 25 5
27.1833 163.28 163.28 2 25 5
27.1833 163.33 163.33 2 25 5
27.1833 163.38 163.38 2 25 5
27.1833 163.43 163.43 2 25 5
27.1833 163.48 163.48 2 25 5
27.1833 163.53 163.53 2 25 5
27.1833 163.58 163.58 2 25 5
27.1833 163.63 163.63 2 25 5
27.1833 163.68 163.68 2 25 5
27.1833 163.73 163.73 2 25 5
27.1833 163.78 163.78 2 25 5
27.1833 163.83 163.83 2 25 5
27.1833 163.88 163.88 2 25 5
27.1833 163.93 163.93 2 25 5
27.1833 163.98 163.98 2 25 5
27.1833 164.03 164.03 2 25 5
27.1833 164.08 164.08 2 25 5
27.1833 164.13 164.13 2 25 5
27.1833 164.18 164.18 2 25 5
27.1833 164.23 164.23 2 25 5
27.1833 164.28 164.28 2 25 5
27.1833 164.33 164.33 2 25 5
27.1833 164.38 164.38 2 25 5
27.1833 164.43 164.43 2 25 5
27.1833 164.48 164.48 2 25 5
27.1833 164.53 164.53 2 25 5
27.1833 164.58 164.58 2 25 5
27.1833 164.63 164.63 2 25 5
27.1833 164.68 164.68 2 25 5
27.1833 164.73 164.73 2 25 5
27.1833 164.78 164.78 2 25 5
27.1833 164.83 164.83 2 25 5
27.1833 164.88 164.88 2 25 5
27.1833 164.93 164.93 2 25 5
27.1833 164.98 164.98 2 25 5
27.1833 165.03 165.03 2 25 5
27.1833 165.08 165.08 2 25 5
27.1833 165.13 165.13 2 25 5
27.1833 165.18 165.18 2 25 5
27.1833 165.23 165.23 2 25 5
27.1833 165.28 165.28 2 25 5
27.1833 165.33 165.33 2 25 5
27.1833 165.38 165.38 2 25 5
27.1833 165.43 165.43 2 25 5
27.1833 165.48 165.48 2 25 5
27.1833 165.53 165.53 2 25 5
27.1833 165.58 165.58 2 25 5
27.1833 165.63 165.63 2 25 5
27.1833 165.68 165.68 2 25 5
27.1833 165.73 165.73 2 25 5
27.1833 165.78 165.78 2 25 5
27.1833 165.83 165.83 2 25 5
27.1833 165.88 165.88 2 25 5
27.1833 165.93 165.93 2 25 5
27.1833 165.98 165.98 2 25 5
27.1833 166.03 166.03 2 25 5
27.1833 166.08 166.08 2 25 5
27.1833 166.13 166.13 2 25 5
27.1833 166.18 166.18 2 25 5
27.1833 166.23 166.23 2 25 5
27.1833 166.28 166.28 2 25 5
27.1833 166.33 166.33 2 25 5
27.1833 166.38 166.38 2 25 5
27.1833 166.43 166.43 2 25 5
27.1833 166.48 166.48 2 25 5
27.1833 166.53 166.53 2 25 5
27.1833 166.58 166.58 2 25 5
27.1833 166.63 166.63 2 25 5
27.1833 166.68 166.68 2 25 5
27.1833 166.73 166.73 2 25 5
27.1833 166.78 166.78 2 25 5
27.1833 166.83 166.83 2 25 5
27.1833 166.88 166.88 2 25 5
27.1833 166.93 166.93 2 25 5
27.1833 166.98 166.98 2 25 5
27.1833 167.03 167.03 2 25 5
27.1833 167.08 167.08 2 25 5
27.1833 167.13 167.13 2 25 5
27.1832 167.18 167.18 2 25 5
27.1832 167.23 167.23 2 25 5
27.1833 167.28 167.28 2 25 5
27.1833 167.33 167.33 2 25 5
27.1833 167.38 167.38 2 25 5
27.1833 167.43 167.43 2 25 5
27.1833 167.48 167.48 2 25 5
27.1833 167.53 167.53 2 25 5
27.1833 167.58 167.58 2 25 5
27.1833 167.63 167.63 2 25 5
27.1833 167.68 167.68 2 25 5
27.1833 167.73 167.73 2 25 5
27.1833 167.78 167.78 2 25 5
27.1833 167.83 167.83 2 25 5
27.1833 167.88 167.88 2 25 5
27.1833 167.93 167.93 2 25 5
27.1833 167.98 167.98 2 25 5
27.1833 168.03 168.03 2 25 5
27.1833 168.08 168.08 2 25 5
27.1833 168.13 168.13 2 25 5
27.1833 168.18 168.18 2 25 5
27.1833 168.23 168.23 2 25 5
27.1833 168.28 168.28 2 25 5
27.1833 168.33 168.33 2 25 5
27.1833 168.38 168.38 2 25 5
27.1833 168.43 168.43 2 25 5
27.1833 168.48 168.48 2 25 5
27.1833 168.53 168.53 2 25 5
27.1833 168.58 168.58 2 25 5
27.1833 168.63 168.63 2 25 5
27.1833 168.68 168.68 2 25 5
27.1833 168.73 168.73 2 25 5
27.1833 168.78 168.78 2 25 5
27.1833 168.83 168.83 2 25 5
27.1833 168.88 168.88 2 25 5
27.1837 168.93 168.93 2 25 5
27.1835 168.98 168.98 2 25 5
27.1833 169.03 169.03 2 25 5
27.1832 169.08 169.08 2 25 5
27.1832 169.13 169.13 2 25 5
27.1832 169.18 169.18 2 25 5
27.1833 169.23 169.23 2 25 5
27.1833 169.28 169.28 2 25 5
27.1833 169.33 169.33 2 25 5
27.1833 169.38 169.38 2 25 5
27.1833 169.43 169.43 2 25 5
27.1833 169.48 169.48 2 25 5
27.1817 169.53 169.53 2 25 5
27.1825 169.58 169.58 2 25 5
27.1833 169.63 169.63 2 25 5
27.1837 169.68 169.68 2 25 5
27.1837 169.73 169.73 2 25 5
27.1835 169.78 169.78 2 25 5
27.1833 169.83 169.83 2 25 5
27.1832 169.88 169.88 2 25 5
27.1832 169.93 169.93 2 25 5
27.1832 169.98 169.98 2 25 5
27.1833 170.03 170.03 2 25 5
27.1833 170.08 170.08 2 25 5
27.1833 170.13 170.13 2 25 5
27.1833 170.18 170.18 2 25 5
27.1833 170.23 170.23 2 25 5
27.1833 170.28 170.28 2 25 5
27.1833 170.33 170.33 2 25 5
27.1833 170.38 170.38 2 25 5
27.1833 170.43 170.43 2 25 5
27.1833 170.48 170.48 2 25 5
27.1833 170.53 170.53 2 25 5
27.1833 170.58 170.58 2 25 5
27.1833 170.63 170.63 2 25 5
27.1833 170.68 170.68 2 25 5
27.1833 170.73 170.73 2 25 5
27.1833 170.78 170.78 2 25 5
27.1833 170.83 170.83 2 25 5
27.1833 170.88 170.88 2 25 5
27.1833 170.93 170.93 2 25 5
27.1833 170.98 170.98 2 25 5
27.1833 171.03 171.03 2 25 5
27.1833 171.08 171.08 2 25 5
27.1833 171.13 171.13 2 25 5
27.1833 171.18 171.18 2 25 5
27.1833 171.23 171.23 2 25 5
27.1833 171.28 171.28 2 25 5
27.1833 171.33 171.33 2 25 5
27.1833 171.38 171.38 2 25 5
27.1833 171.43 171.43 2 25 5
27.1833 171.48 171.48 2 25 5
27.1833 171.53 171.53 2 25 5
27.1833 171.58 171.58 2 25 5
27.1833 171.63 171.63 2 25 5
27.1833 171.68 171.68 2 25 5
27.1833 171.73 171.73 2 25 5
27.1833 171.78 171.78 2 25 5
27.1833 171.83 171.83 2 25 5
27.1833 171.88 171.88 2 25 5
27.1833 171.93 171.93 2 25 5
27.1833 171.98 171.98 2 25 5
27.1833 172.03 172.03 2 25 5
27.1833 172.08 172.08 2 25 5
27.1833 172.13 172.13 2 25 5
27.1833 172.18 172.18 2 25 5
27.1833 172.23 172.23 2 25 5
27.1833 172.28 172.28 2 25 5
27.1833 172.33 172.33 2 25 5
27.1833 172.38 172.38 2 25 5
27.1833 172.43 172.43 2 25 5
27.1833 172.48 172.48 2 25 5
27.1833 172.53 172.53 2 25 5
27.1833 172.58 172.58 2 25 5
27.1833 172.63 172.63 2 25 5
27.1833 172.68 172.68 2 25 5
27.1832 172.73 172.73 2 25 5
27.1832 172.78 172.78 2 25 5
27.1833 172.83 172.83 2 25 5
27.1833 172.88 172.88 2 25 5
27.1833 172.93 172.93 2 25 5
27.1833 172.98 172.98 2 25 5
27.1833 173.03 173.03 2 25 5
27.1833 173.08 173.08 2 25 5
27.1834 173.13 173.13 2 25 5
27.1833 173.18 173.18 2 25 5
27.1833 173.23 173.23 2 25 5
27.1833 173.28 173.28 2 25 5
27.1833 173.33 173.33 2 25 5
27.1833 173.38 173.38 2 25 5
27.1833 173.43 173.43 2 25 5
27.1833 173.48 173.48 2 25 5
27.1833 173.53 173.53 2 25 5
27.1833 173.58 173.58 2 25 5
27.1833 173.63 173.63 2 25 5
27.1833 173.68 173.68 2 25 5
27.1833 173.73 173.73 2 25 5
27.1833 173.78 173.78 2 25 5
27.1833 173.83 173.83 2 25 5
27.1833 173.88 173.88 2 25 5
27.1833 173.93 173.93 2 25 5
27.1833 173.98 173.98 2 25 5
27.1833 174.03 174.03 2 25 5
27.1833 174.08 174.08 2 25 5
27.1832 174.13 174.13 2 25 5
27.1832 174.18 174.18 2 25 5
27.1833 174.23 174.23 2 25 5
27.1833 174.28 174.28 2 25 5
27.1833 174.33 174.33 2 25 5
27.1833 174.38 174.38 2 25 5
27.1833 174.43 174.43 2 25 5
27.1833 174.48 174.48 2 25 5
27.1833 174.53 174.53 2 25 5
27.1833 174.58 174.58 2 25 5
27.1833 174.63 174.63 2 25 5
27.1833 174.68 174.68 2 25 5
27.1833 174.73 174.73 2 25 5
27.1833 174.78 174.78 2 25 5
27.1833 174.83 174.83 2 25 5
27.1833 174.88 174.88 2 25 5
27.1833 174.93 174.93 2 25 5
27.1833 174.98 174.98 2 25 5
27.1833 175.03 175.03 2 25 5
27.1833 175.08 175.08 2 25 5
27.1834 175.13 175.13 2 25 5
27.1833 175.18 175.18 2 25 5
27.1833 175.23 175.23 2 25 5
27.1833 175.28 175.28 2 25 5
27.1833 175.33 175.33 2 25 5
27.1833 175.38 175.38 2 25 5
27.1833 175.43 175.43 2 25 5
27.1833 175.48 175.48 2 25 5
27.1833 175.53 175.53 2 25 5
27.1833 175.58 175.58 2 25 5
27.1833 175.63 175.63 2 25 5
27.1833 175.68 175.68 2 25 5
27.1833 175.73 175.73 2 25 5
27.1833 175.78 175.78 2 25 5
27.1833 175.83 175.83 2 25 5
27.1833 175.88 175.88 2 25 5
27.1832 175.93 175.93 2 25 5
27.1832 175.98 175.98 2 25 5
27.1833 176.03 176.03 2 25 5
27.1833 176.08 176.08 2 25 5
27.1833 176.13 176.13 2 25 5
27.1833 176.18 176.18 2 25 5
27.1833 176.23 176.23 2 25 5
27.1833 176.28 176.28 2 25 5
27.1833 176.33 176.33 2 25 5
27.1833 176.38 176.38 2 25 5
27.1833 176.43 176.43 2 25 5
27.1833 176.48 176.48 2 25 5
27.1833 176.53 176.53 2 25 5
27.1833 176.58 176.58 2 25 5
27.1833 176.63 176.63 2 25 5
27.1833 176.68 176.68 2 25 5
27.1833 176.73 176.73 2 25 5
27.1833 176.78 176.78 2 25 5
27.1833 176.83 176.83 2 25 5
27.1833 176.88 176.88 2 25 5
27.1833 176.93 176.93 2 25 5
27.1834 176.98 176.98 2 25 5
27.1834 177.03 177.03 2 25 5
27.1833 177.08 177.08 2 25 5
27.1833 177.13 177.13 2 25 5
27.1833 177.18 177.18 2 25 5
27.1833 177.23 177.23 2 25 5
27.1833 177.28 177.28 2 25 5
27.1833 177.33 177.33 2 25 5
27.1833 177.38 177.38 2 25 5
27.1833 177.43 177.43 2 25 5
27.1833 177.48 177.48 2 25 5
27.1833 177.53 177.53 2 25 5
27.1833 177.58 177.58 2 25 5
27.1833 177.63 177.63 2 25 5
27.1833 177.68 177.68 2 25 5
27.1833 177.73 177.73 2 25 5
27.1833 177.78 177.78 2 25 5
27.1833 177.83 177.83 2 25 5
27.1833 177.88 177.88 2 25 5
27.1832 177.93 177.93 2 25 5
27.1833 177.98 177.98 2 25 5
27.1833 178.03 178.03 2 25 5
27.1833 178.08 178.08 2 25 5
27.1833 178.13 178.13 2 25 5
27.1833 178.18 178.18 2 25 5
27.1833 178.23 178.23 2 25 5
27.1833 178.28 178.28 2 25 5
27.1833 178.33 178.33 2 25 5
27.1833 178.38 178.38 2 25 5
27.1833 178.43 178.43 2 25 5
27.1833 178.48 178.48 2 25 5
27.1833 178.53 178.53 2 25 5
27.1833 178.58 178.58 2 25 5
27.1833 178.63 178.63 2 25 5
27.1833 178.68 178.68 2 25 5
27.1833 178.73 178.73 2 25 5
27.1833 178.78 178.78 2 25 5
27.1833 178.83 178.83 2 25 5
27.1833 178.88 178.88 2 25 5
27.1833 178.93 178.93 2 25 5
27.1833 178.98 178.98 2 25 5
27.1833 179.03 179.03 2 25 5
27.1833 179.08 179.08 2 25 5
27.1833 179.13 179.13 2 25 5
27.1833 179.18 179.18 2 25 5
27.1833 179.23 179.23 2 25 5
27.1833 179.28 179.28 2 25 5
27.1832 179.33 179.33 2 25 5
27.1833 179.38 179.38 2 25 5
27.1833 179.43 179.43 2 25 5
27.1833 179.48 179.48 2 25 5
27.1833 179.53 179.53 2 25 5
27.1833 179.58 179.58 2 25 5
27.1833 179.63 179.63 2 25 5
27.1833 179.68 179.68 2 25 5
27.1833 179.73 179.73 2 25 5
27.1833 179.78 179.78 2 25 5
27.1833 179.83 179.83 2 25 5
27.1833 179.88 179.88 2 25 5
27.1833 179.93 179.93 2 25 5
27.1833 179.98 179.98 2 25 5
27.1833 180.03 180.03 2 25 5
27.1833 180.08 180.08 2 25 5
27.1833 180.13 180.13 2 25 5
27.1833 180.18 180.18 2 25 5
27.1833 180.23 180.23 2 25 5
27.1833 180.28 180.28 2 25 5
27.1823 180.33 180.33 2 25 5
27.1828 180.38 180.38 2 25 5
27.1833 180.43 180.43 2 25 5
27.1835 180.48 180.48 2 25 5
27.1835 180.53 180.53 2 25 5
27.1834 180.58 180.58 2 25 5
27.1833 180.63 180.63 2 25 5
27.1832 180.68 180.68 2 25 5
27.1832 180.73 180.73 2 25 5
27.1833 180.78 180.78 2 25 5
27.1833 180.83 180.83 2 25 5
27.1833 180.88 180.88 2 25 5
27.1833 180.93 180.93 2 25 5
27.1833 180.98 180.98 2 25 5
27.1833 181.03 181.03 2 25 5
27.1833 181.08 181.08 2 25 5
27.1833 181.13 181.13 2 25 5
27.1833 181.18 181.18 2 25 5
27.1833 181.23 181.23 2 25 5
27.1833 181.28 181.28 2 25 5
27.1833 181.33 181.33 2 25 5
27.1833 181.38 181.38 2 25 5
27.1833 181.43 181.43 2 25 5
27.1833 181.48 181.48 2 25 5
27.1833 181.53 181.53 2 25 5
27.1833 181.58 181.58 2 25 5
27.1833 181.63 181.63 2 25 5
27.1833 181.68 181.68 2 25 5
27.1833 181.73 181.73 2 25 5
27.1833 181.78 181.78 2 25 5
27.1833 181.83 181.83 2 25 5
27.1833 181.88 181.88 2 25 5
27.1833 181.93 181.93 2 25 5
27.1833 181.98 181.98 2 25 5
27.1833 182.03 182.03 2 25 5
27.1833 182.08 182.08 2 25 5
27.1833 182.13 182.13 2 25 5
27.1833 182.18 182.18 2 25 5
27.1833 182.23 182.23 2 25 5
27.1833 182.28 182.28 2 25 5
27.1833 182.33 182.33 2 25 5
27.1833 182.38 182.38 2 25 5
27.1833 182.43 182.43 2 25 5
27.1833 182.48 182.48 2 25 5
27.1833 182.53 182.53 2 25 5
27.1833 182.58 182.58 2 25 5
27.1833 182.63 182.63 2 25 5
27.1833 182.68 182.68 2 25 5
27.1833 182.73 182.73 2 25 5
27.1833 182.78 182.78 2 25 5
27.1833 182.83 182.83 2 25 5
27.1833 182.88 182.88 2 25 5
27.1833 182.93 182.93 2 25 5
27.1833 182.98 182.98 2 25 5
27.1833 183.03 183.03 2 25 5
27.1833 183.08 183.08 2 25 5
27.1833 183.13 183.13 2 25 5
27.1833 183.18 183.18 2 25 5
27.1833 183.23 183.23 2 25 5
27.1833 183.28 183.28 2 25 5
27.1833 183.33 183.33 2 25 5
27.1833 183.38 183.38 2 25 5
27.1833 183.43 183.43 2 25 5
27.1833 183.48 183.48 2 25 5
27.1833 183.53 183.53 2 25 5
27.1833 183.58 183.58 2 25 5
27.1833 183.63 183.63 2 25 5
27.1833 183.68 183.68 2 25 5
27.1833 183.73 183.73 2 25 5
27.1833 183.78 183.78 2 25 5
27.1833 183.83 183.83 2 25 5
27.1833 183.88 183.88 2 25 5
27.1833 183.93 183.93 2 25 5
27.1833 183.98 183.98 2 25 5
27.1833 184.03 184.03 2 25 5
27.1833 184.08 184.08 2 25 5
27.1833 184.13 184.13 2 25 5
27.1833 184.18 184.18 2 25 5
27.1833 184.23 184.23 2 25 5
27.1833 184.28 184.28 2 25 5
27.1833 184.33 184.33 2 25 5
27.1833 184.38 184.38 2 25 5
27.1833 184.43 184.43 2 25 5
27.1833 184.48 184.48 2 25 5
27.1833 184.53 184.53 2 25 5
27.1833 184.58 184.58 2 25 5
27.1832 184.63 184.63 2 25 5
27.1832 184.68 184.68 2 25 5
27.1833 184.73 184.73 2 25 5
27.1833 184.78 184.78 2 25 5
27.1833 184.83 184.83 2 25 5
27.1833 184.88 184.88 2 25 5
27.1833 184.93 184.93 2 25 5
27.1833 184.98 184.98 2 25 5
27.1832 185.03 185.03 2 25 5
27.1833 185.08 185.08 2 25 5
27.1833 185.13 185.13 2 25 5
27.1833 185.18 185.18 2 25 5
27.1833 185.23 185.23 2 25 5
27.1833 185.28 185.28 2 25 5
27.1833 185.33 185.33 2 25 5
27.1833 185.38 185.38 2 25 5
27.1833 185.43 185.43 2 25 5
27.1833 185.48 185.48 2 25 5
27.1833 185.53 185.53 2 25 5
27.1833 185.58 185.58 2 25 5
27.1833 185.63 185.63 2 25 5
27.1833 185.68 185.68 2 25 5
27.1833 185.73 185.73 2 25 5
27.1833 185.78 185.78 2 25 5
27.1833 185.83 185.83 2 25 5
27.1833 185.88 185.88 2 25 5
27.1833 185.93 185.93 2 25 5
27.1833 185.98 185.98 2 25 5
27.1833 186.03 186.03 2 25 5
27.1833 186.08 186.08 2 25 5
27.1833 186.13 186.13 2 25 5
27.1833 186.18 186.18 2 25 5
27.1833 186.23 186.23 2 25 5
27.1833 186.28 186.28 2 25 5
27.1833 186.33 186.33 2 25 5
27.1834 186.38 186.38 2 25 5
27.1833 186.43 186.43 2 25 5
27.1833 186.48 186.48 2 25 5
27.1833 186.53 186.53 2 25 5
27.1833 186.58 186.58 2 25 5
27.1833 186.63 186.63 2 25 5
27.1833 186.68 186.68 2 25 5
27.1833 186.73 186.73 2 25 5
27.1833 186.78 186.78 2 25 5
27.1833 186.83 186.83 2 25 5
27.1833 186.88 186.88 2 25 5
27.1833 186.93 186.93 2 25 5
27.1833 186.98 186.98 2 25 5
27.1833 187.03 187.03 2 25 5
27.1833 187.08 187.08 2 25 5
27.1833 187.13 187.13 2 25 5
27.1833 187.18 187.18 2 25 5
27.1833 187.23 187.23 2 25 5
27.1833 187.28 187.28 2 25 5
27.1833 187.33 187.33 2 25 5
27.1833 187.38 187.38 2 25 5
27.1833 187.43 187.43 2 25 5
27.1833 187.48 187.48 2 25 5
27.1833 187.53 187.53 2 25 5
27.1833 187.58 187.58 2 25 5
27.1834 187.63 187.63 2 25 5
27.1834 187.68 187.68 2 25 5
27.1833 187.73 187.73 2 25 5
27.1833 187.78 187.78 2 25 5
27.1833 187.83 187.83 2 25 5
27.1833 187.88 187.88 2 25 5
27.1833 187.93 187.93 2 25 5
27.1833 187.98 187.98 2 25 5
27.1833 188.03 188.03 2 25 5
27.1833 188.08 188.08 2 25 5
27.1833 188.13 188.13 2 25 5
27.1833 188.18 188.18 2 25 5
27.1833 188.23 188.23 2 25 5
27.1833 188.28 188.28 2 25 5
27.1833 188.33 188.33 2 25 5
27.1833 188.38 188.38 2 25 5
27.1833 188.43 188.43 2 25 5
27.1833 188.48 188.48 2 25 5
27.1833 188.53 188.53 2 25 5
27.1833 188.58 188.58 2 25 5
27.1833 188.63 188.63 2 25 5
27.1833 188.68 188.68 2 25 5
27.1833 188.73 188.73 2 25 5
27.1833 188.78 188.78 2 25 5
27.1833 188.83 188.83 2 25 5
27.1833 188.88 188.88 2 25 5
27.1833 188.93 188.93 2 25 5
27.1833 188.98 188.98 2 25 5
27.1833 189.03 189.03 2 25 5
27.1833 189.08 189.08 2 25 5
27.1833 189.13 189.13 2 25 5
27.1833 189.18 189.18 2 25 5
27.1833 189.23 189.23 2 25 5
27.1833 189.28 189.28 2 25 5
27.1833 189.33 189.33 2 25 5
27.1833 189.38 189.38 2 25 5
27.1833 189.43 189.43 2 25 5
27.1833 189.48 189.48 2 25 5
27.1833 189.53 189.53 2 25 5
27.1833 189.58 189.58 2 25 5
27.1833 189.63 189.63 2 25 5
27.1833 189.68 189.68 2 25 5
27.1833 189.73 189.73 2 25 5
27.1833 189.78 189.78 2 25 5
27.1833 189.83 189.83 2 25 5
27.1835 189.88 189.88 2 25 5
27.1834 189.93 189.93 2 25 5
27.1833 189.98 189.98 2 25 5
27.1832 190.03 190.03 2 25 5
27.1832 190.08 190.08 2 25 5
27.1833 190.13 190.13 2 25 5
27.1833 190.18 190.18 2 25 5
27.1833 190.23 190.23 2 25 5
27.1833 190.28 190.28 2 25 5
27.1833 190.33 190.33 2 25 5
27.1833 190.38 190.38 2 25 5
27.1833 190.43 190.43 2 25 5
27.1833 190.48 190.48 2 25 5
27.1835 190.53 190.53 2 25 5
27.1834 190.58 190.58 2 25 5
27.1833 190.63 190.63 2 25 5
27.1833 190.68 190.68 2 25 5
27.1833 190.73 190.73 2 25 5
27.1833 190.78 190.78 2 25 5
27.1833 190.83 190.83 2 25 5
27.1833 190.88 190.88 2 25 5
27.1833 190.93 190.93 2 25 5
27.1833 190.98 190.98 2 25 5
27.1833 191.03 191.03 2 25 5
27.1833 191.08 191.08 2 25 5
27.1833 191.13 191.13 2 25 5
27.1833 191.18 191.18 2 25 5
27.1833 191.23 191.23 2 25 5
27.1833 191.28 191.28 2 25 5
27.1833 191.33 191.33 2 25 5
27.1833 191.38 191.38 2 25 5
27.1833 191.43 191.43 2 25 5
27.1833 191.48 191.48 2 25 5
27.1833 191.53 191.53 2 25 5
27.1833 191.58 191.58 2 25 5
27.1832 191.63 191.63 2 25 5
27.1833 191.68 191.68 2 25 5
27.1833 191.73 191.73 2 25 5
27.1833 191.78 191.78 2 25 5
27.1833 191.83 191.83 2 25 5
27.1833 191.88 191.88 2 25 5
27.1833 191.93 191.93 2 25 5
27.1833 191.98 191.98 2 25 5
27.1833 192.03 192.03 2 25 5
27.1833 192.08 192.08 2 25 5
27.1833 192.13 192.13 2 25 5
27.1833 192.18 192.18 2 25 5
27.1833 192.23 192.23 2 25 5
27.1833 192.28 192.28 2 25 5
27.1833 192.33 192.33 2 25 5
27.1833 192.38 192.38 2 25 5
27.1833 192.43 192.43 2 25 5
27.1833 192.48 192.48 2 25 5
27.1833 192.53 192.53 2 25 5
27.1833 192.58 192.58 2 25 5
27.1833 192.63 192.63 2 25 5
27.1833 192.68 192.68 2 25 5
27.1833 192.73 192.73 2 25 5
27.1833 192.78 192.78 2 25 5
27.1833 192.83 192.83 2 25 5
27.1833 192.88 192.88 2 25 5
27.1833 192.93 192.93 2 25 5
27.1833 192.98 192.98 2 25 5
27.1833 193.03 193.03 2 25 5
27.1833 193.08 193.08 2 25 5
27.1833 193.13 193.13 2 25 5
27.1833 193.18 193.18 2 25 5
27.1832 193.23 193.23 2 25 5
27.1832 193.28 193.28 2 25 5
27.1833 193.33 193.33 2 25 5
27.1833 193.38 193.38 2 25 5
27.1833 193.43 193.43 2 25 5
27.1833 193.48 193.48 2 25 5
27.1833 193.53 193.53 2 25 5
27.1833 193.58 193.58 2 25 5
27.1832 193.63 193.63 2 25 5
27.1833 193.68 193.68 2 25 5
27.1833 193.73 193.73 2 25 5
27.1833 193.78 193.78 2 25 5
27.1833 193.83 193.83 2 25 5
27.1833 193.88 193.88 2 25 5
27.1833 193.93 193.93 2 25 5
27.1833 193.98 193.98 2 25 5
27.1835 194.03 194.03 2 25 5
27.1834 194.08 194.08 2 25 5
27.1833 194.13 194.13 2 25 5
27.1832 194.18 194.18 2 25 5
27.1832 194.23 194.23 2 25 5
27.1833 194.28 194.28 2 25 5
27.1833 194.33 194.33 2 25 5
27.1833 194.38 194.38 2 25 5
27.1833 194.43 194.43 2 25 5
27.1833 194.48 194.48 2 25 5
27.1833 194.53 194.53 2 25 5
27.1833 194.58 194.58 2 25 5
27.1833 194.63 194.63 2 25 5
27.1833 194.68 194.68 2 25 5
27.1833 194.73 194.73 2 25 5
27.1833 194.78 194.78 2 25 5
27.1833 194.83 194.83 2 25 5
27.1833 194.88 194.88 2 25 5
27.1833 194.93 194.93 2 25 5
27.1833 194.98 194.98 2 25 5
27.1833 195.03 195.03 2 25 5
27.1833 195.08 195.08 2 25 5
27.1833 195.13 195.13 2 25 5
27.1833 195.18 195.18 2 25 5
27.1833 195.23 195.23 2 25 5
27.1833 195.28 195.28 2 25 5
27.1833 195.33 195.33 2 25 5
27.1833 195.38 195.38 2 25 5
27.1833 195.43 195.43 2 25 5
27.1833 195.48 195.48 2 25 5
27.1833 195.53 195.53 2 25 5
27.1833 195.58 195.58 2 25 5
27.1833 195.63 195.63 2 25 5
27.1833 195.68 195.68 2 25 5
27.1833 195.73 195.73 2 25 5
27.1833 195.78 195.78 2 25 5
27.1833 195.83 195.83 2 25 5
27.1833 195.88 195.88 2 25 5
27.1833 195.93 195.93 2 25 5
27.1833 195.98 195.98 2 25 5
27.1833 196.03 196.03 2 25 5
27.1833 196.08 196.08 2 25 5
27.1833 196.13 196.13 2 25 5
27.1833 196.18 196.18 2 25 5
27.1833 196.23 196.23 2 25 5
27.1833 196.28 196.28 2 25 5
27.1833 196.33 196.33 2 25 5
27.1833 196.38 196.38 2 25 5
27.1833 196.43 196.43 2 25 5
27.1833 196.48 196.48 2 25 5
27.1833 196.53 196.53 2 25 5
27.1833 196.58 196.58 2 25 5
27.1833 196.63 196.63 2 25 5
27.1833 196.68 196.68 2 25 5
27.1833 196.73 196.73 2 25 5
27.1837 196.78 196.78 2 25 5
27.1835 196.83 196.83 2 25 5
27.1833 196.88 196.88 2 25 5
27.1832 196.93 196.93 2 25 5
27.1832 196.98 196.98 2 25 5
27.1833 197.03 197.03 2 25 5
27.1833 197.08 197.08 2 25 5
27.1833 197.13 197.13 2 25 5
27.1833 197.18 197.18 2 25 5
27.1833 197.23 197.23 2 25 5
27.1833 197.28 197.28 2 25 5
27.1833 197.33 197.33 2 25 5
27.1833 197.38 197.38 2 25 5
27.1833 197.43 197.43 2 25 5
27.1833 197.48 197.48 2 25 5
27.1833 197.53 197.53 2 25 5
27.1833 197.58 197.58 2 25 5
27.1833 197.63 197.63 2 25 5
27.1833 197.68 197.68 2 25 5
27.1833 197.73 197.73 2 25 5
27.1833 197.78 197.78 2 25 5
27.1833 197.83 197.83 2 25 5
27.1833 197.88 197.88 2 25 5
27.1832 197.93 197.93 2 25 5
27.1832 197.98 197.98 2 25 5
27.1833 198.03 198.03 2 25 5
27.1833 198.08 198.08 2 25 5
27.1833 198.13 198.13 2 25 5
27.1833 198.18 198.18 2 25 5
27.1833 198.23 198.23 2 25 5
27.1833 198.28 198.28 2 25 5
27.1832 198.33 198.33 2 25 5
27.1833 198.38 198.38 2 25 5
27.1833 198.43 198.43 2 25 5
27.1833 198.48 198.48 2 25 5
27.1833 198.53 198.53 2 25 5
27.1833 198.58 198.58 2 25 5
27.1833 198.63 198.63 2 25 5
27.1833 198.68 198.68 2 25 5
27.1833 198.73 198.73 2 25 5
27.1833 198.78 198.78 2 25 5
27.1833 198.83 198.83 2 25 5
27.1833 198.88 198.88 2 25 5
27.1833 198.93 198.93 2 25 5
27.1833 198.98 198.98 2 25 5
27.1833 199.03 199.03 2 25 5
27.1833 199.08 199.08 2 25 5
27.1833 199.13 199.13 2 25 5
27.1833 199.18 199.18 2 25 5
27.1833 199.23 199.23 2 25 5
27.1833 199.28 199.28 2 25 5
27.1833 199.33 199.33 2 25 5
27.1833 199.38 199.38 2 25 5
27.1833 199.43 199.43 2 25 5
27.1833 199.48 199.48 2 25 5
27.1833 199.53 199.53 2 25 5
27.1833 199.58 199.58 2 25 5
27.1832 199.63 199.63 2 25 5
27.1833 199.68 199.68 2 25 5
27.1834 199.73 199.73 2 25 5
27.1834 199.78 199.78 2 25 5
27.1833 199.83 199.83 2 25 5
27.1833 199.88 199.88 2 25 5
27.1833 199.93 199.93 2 25 5
27.1833 199.98 199.98 2 25 5
27.1833 200.03 200.03 2 25 5
27.1833 200.08 200.08 2 25 5
27.1833 200.13 200.13 2 25 5
27.1833 200.18 200.18 2 25 5
27.1833 200.23 200.23 2 25 5
27.1833 200.28 200.28 2 25 5
27.1833 200.33 200.33 2 25 5
27.1833 200.38 200.38 2 25 5
27.1833 200.43 200.43 2 25 5
27.1833 200.48 200.48 2 25 5
27.1833 200.53 200.53 2 25 5
27.1833 200.58 200.58 2 25 5
27.1833 200.63 200.63 2 25 5
27.1833 200.68 200.68 2 25 5
27.1833 200.73 200.73 2 25 5
27.1833 200.78 200.78 2 25 5
27.1833 200.83 200.83 2 25 5
27.1833 200.88 200.88 2 25 5
27.1833 200.93 200.93 2 25 5
27.1833 200.98 200.98 2 25 5
27.1833 201.03 201.03 2 25 5
27.1833 201.08 201.08 2 25 5
27.1833 201.13 201.13 2 25 5
27.1833 201.18 201.18 2 25 5
27.1833 201.23 201.23 2 25 5
27.1833 201.28 201.28 2 25 5
27.1833 201.33 201.33 2 25 5
27.1833 201.38 201.38 2 25 5
27.1833 201.43 201.43 2 25 5
27.1833 201.48 201.48 2 25 5
27.1833 201.53 201.53 2 25 5
27.1833 201.58 201.58 2 25 5
27.1833 201.63 201.63 2 25 5
27.1833 201.68 201.68 2 25 5
27.1833 201.73 201.73 2 25 5
27.1833 201.78 201.78 2 25 5
27.1833 201.83 201.83 2 25 5
27.1833 201.88 201.88 2 25 5
27.1833 201.93 201.93 2 25 5
27.1833 201.98 201.98 2 25 5
27.1833 202.03 202.03 2 25 5
27.1833 202.08 202.08 2 25 5
27.1833 202.13 202.13 2 25 5
27.1833 202.18 202.18 2 25 5
27.1833 202.23 202.23 2 25 5
27.1833 202.28 202.28 2 25 5
27.1833 202.33 202.33 2 25 5
27.1833 202.38 202.38 2 25 5
27.1832 202.43 202.43 2 25 5
27.1833 202.48 202.48 2 25 5
27.1832 202.53 202.53 2 25 5
27.1833 202.58 202.58 2 25 5
27.1833 202.63 202.63 2 25 5
27.1833 202.68 202.68 2 25 5
27.1833 202.73 202.73 2 25 5
27.1833 202.78 202.78 2 25 5
27.1833 202.83 202.83 2 25 5
27.1833 202.88 202.88 2 25 5
27.1832 202.93 202.93 2 25 5
27.1832 202.98 202.98 2 25 5
27.1833 203.03 203.03 2 25 5
27.1833 203.08 203.08 2 25 5
27.1833 203.13 203.13 2 25 5
27.1833 203.18 203.18 2 25 5
27.1833 203.23 203.23 2 25 5
27.1833 203.28 203.28 2 25 5
27.1833 203.33 203.33 2 25 5
27.1833 203.38 203.38 2 25 5
27.1833 203.43 203.43 2 25 5
27.1833 203.48 203.48 2 25 5
27.1833 203.53 203.53 2 25 5
27.1833 203.58 203.58 2 25 5
27.1833 203.63 203.63 2 25 5
27.1833 203.68 203.68 2 25 5
27.1833 203.73 203.73 2 25 5
27.1833 203.78 203.78 2 25 5
27.1833 203.83 203.83 2 25 5
27.1832 203.88 203.88 2 25 5
27.1833 203.93 203.93 2 25 5
27.1833 203.98 203.98 2 25 5
27.1833 204.03 204.03 2 25 5
27.1833 204.08 204.08 2 25 5
27.1833 204.13 204.13 2 25 5
27.1833 204.18 204.18 2 25 5
27.1833 204.23 204.23 2 25 5
27.1832 204.28 204.28 2 25 5
27.1833 204.33 204.33 2 25 5
27.1833 204.38 204.38 2 25 5
27.1833 204.43 204.43 2 25 5
27.1833 204.48 204.48 2 25 5
27.1833 204.53 204.53 2 25 5
27.1833 204.58 204.58 2 25 5
27.1833 204.63 204.63 2 25 5
27.1833 204.68 204.68 2 25 5
27.1833 204.73 204.73 2 25 5
27.1833 204.78 204.78 2 25 5
27.1833 204.83 204.83 2 25 5
27.1833 204.88 204.88 2 25 5
27.1833 204.93 204.93 2 25 5
27.1833 204.98 204.98 2 25 5
27.1833 205.03 205.03 2 25 5
27.1833 205.08 205.08 2 25 5
27.1833 205.13 205.13 2 25 5
27.1833 205.18 205.18 2 25 5
27.1833 205.23 205.23 2 25 5
27.1833 205.28 205.28 2 25 5
27.1833 205.33 205.33 2 25 5
27.1833 205.38 205.38 2 25 5
27.1833 205.43 205.43 2 25 5
27.1833 205.48 205.48 2 25 5
27.1833 205.53 205.53 2 25 5
27.1832 205.58 205.58 2 25 5
27.1833 205.63 205.63 2 25 5
27.1833 205.68 205.68 2 25 5
27.1833 205.73 205.73 2 25 5
27.1833 205.78 205.78 2 25 5
27.1833 205.83 205.83 2 25 5
27.1833 205.88 205.88 2 25 5
27.1833 205.93 205.93 2 25 5
27.1833 205.98 205.98 2 25 5
27.1833 206.03 206.03 2 25 5
27.1833 206.08 206.08 2 25 5
27.1833 206.13 206.13 2 25 5
27.1833 206.18 206.18 2 25 5
27.1833 206.23 206.23 2 25 5
27.1833 206.28 206.28 2 25 5
27.1833 206.33 206.33 2 25 5
27.1833 206.38 206.38 2 25 5
27.1833 206.43 206.43 2 25 5
27.1832 206.48 206.48 2 25 5
27.1833 206.53 206.53 2 25 5
27.1833 206.58 206.58 2 25 5
27.1833 206.63 206.63 2 25 5
27.1833 206.68 206.68 2 25 5
27.1833 206.73 206.73 2 25 5
27.1833 206.78 206.78 2 25 5
27.1833 206.83 206.83 2 25 5
27.1833 206.88 206.88 2 25 5
27.1833 206.93 206.93 2 25 5
27.1833 206.98 206.98 2 25 5
27.1833 207.03 207.03 2 25 5
27.1833 207.08 207.08 2 25 5
27.1833 207.13 207.13 2 25 5
27.1833 207.18 207.18 2 25 5
27.1833 207.23 207.23 2 25 5
27.1833 207.28 207.28 2 25 5
27.1833 207.33 207.33 2 25 5
27.1833 207.38 207.38 2 25 5
27.1833 207.43 207.43 2 25 5
27.1833 207.48 207.48 2 25 5
27.1833 207.53 207.53 2 25 5
27.1833 207.58 207.58 2 25 5
27.1833 207.63 207.63 2 25 5
27.1833 207.68 207.68 2 25 5
27.1833 207.73 207.73 2 25 5
27.1833 207.78 207.78 2 25 5
27.1833 207.83 207.83 2 25 5
27.1833 207.88 207.88 2 25 5
27.1832 207.93 207.93 2 25 5
27.1833 207.98 207.98 2 25 5
27.1832 208.03 208.03 2 25 5
27.1833 208.08 208.08 2 25 5
27.1833 208.13 208.13 2 25 5
27.1833 208.18 208.18 2 25 5
27.1833 208.23 208.23 2 25 5
27.1833 208.28 208.28 2 25 5
27.1833 208.33 208.33 2 25 5
27.1833 208.38 208.38 2 25 5
27.1833 208.43 208.43 2 25 5
27.1833 208.48 208.48 2 25 5
27.1833 208.53 208.53 2 25 5
27.1833 208.58 208.58 2 25 5
27.1833 208.63 208.63 2 25 5
27.1833 208.68 208.68 2 25 5
27.1833 208.73 208.73 2 25 5
27.1833 208.78 208.78 2 25 5
27.1833 208.83 208.83 2 25 5
27.1833 208.88 208.88 2 25 5
27.1833 208.93 208.93 2 25 5
27.1833 208.98 208.98 2 25 5
27.1833 209.03 209.03 2 25 5
27.1833 209.08 209.08 2 25 5
27.1833 209.13 209.13 2 25 5
27.1833 209.18 209.18 2 25 5
27.1833 209.23 209.23 2 25 5
27.1833 209.28 209.28 2 25 5
27.1833 209.33 209.33 2 25 5
27.1833 209.38 209.38 2 25 5
27.1833 209.43 209.43 2 25 5
27.1833 209.48 209.48 2 25 5
27.1833 209.53 209.53 2 25 5
27.1833 209.58 209.58 2 25 5
27.1833 209.63 209.63 2 25 5
27.1833 209.68 209.68 2 25 5
27.1833 209.73 209.73 2 25 5
27.1833 209.78 209.78 2 25 5
27.1833 209.83 209.83 2 25 5
27.1833 209.88 209.88 2 25 5
27.1833 209.93 209.93 2 25 5
27.1832 209.98 209.98 2 25 5
27.1833 210.03 210.03 2 25 5
27.1833 210.08 210.08 2 25 5
27.1833 210.13 210.13 2 25 5
27.1833 210.18 210.18 2 25 5
27.1833 210.23 210.23 2 25 5
27.1833 210.28 210.28 2 25 5
27.1833 210.33 210.33 2 25 5
27.1833 210.38 210.38 2 25 5
27.1833 210.43 210.43 2 25 5
27.1833 210.48 210.48 2 25 5
27.1833 210.53 210.53 2 25 5
27.1833 210.58 210.58 2 25 5
27.1833 210.63 210.63 2 25 5
27.1833 210.68 210.68 2 25 5
27.1833 210.73 210.73 2 25 5
27.1833 210.78 210.78 2 25 5
27.1833 210.83 210.83 2 25 5
27.1833 210.88 210.88 2 25 5
27.1833 210.93 210.93 2 25 5
27.1833 210.98 210.98 2 25 5
27.1833 211.03 211.03 2 25 5
27.1833 211.08 211.08 2 25 5
27.1833 211.13 211.13 2 25 5
27.1833 211.18 211.18 2 25 5
27.1833 211.23 211.23 2 25 5
27.1833 211.28 211.28 2 25 5
27.1833 211.33 211.33 2 25 5
27.1833 211.38 211.38 2 25 5
27.1833 211.43 211.43 2 25 5
27.1833 211.48 211.48 2 25 5
27.1833 211.53 211.53 2 25 5
27.1833 211.58 211.58 2 25 5
27.1833 211.63 211.63 2 25 5
27.1833 211.68 211.68 2 25 5
27.1833 211.73 211.73 2 25 5
27.1833 211.78 211.78 2 25 5
27.1833 211.83 211.83 2 25 5
27.1831 211.88 211.88 2 25 5
27.1832 211.93 211.93 2 25 5
27.1833 211.98 211.98 2 25 5
27.1834 212.03 212.03 2 25 5
27.1834 212.08 212.08 2 25 5
27.1833 212.13 212.13 2 25 5
27.1833 212.18 212.18 2 25 5
27.1833 212.23 212.23 2 25 5
27.1835 212.28 212.28 2 25 5
27.1834 212.33 212.33 2 25 5
27.1833 212.38 212.38 2 25 5
27.1832 212.43 212.43 2 25 5
27.1832 212.48 212.48 2 25 5
27.1833 212.53 212.53 2 25 5
27.1832 212.58 212.58 2 25 5
27.1833 212.63 212.63 2 25 5
27.1833 212.68 212.68 2 25 5
27.1833 212.73 212.73 2 25 5
27.1833 212.78 212.78 2 25 5
27.1833 212.83 212.83 2 25 5
27.1833 212.88 212.88 2 25 5
27.1833 212.93 212.93 2 25 5
27.1822 212.98 212.98 2 25 5
27.1828 213.03 213.03 2 25 5
27.1833 213.08 213.08 2 25 5
27.1836 213.13 213.13 2 25 5
27.1836 213.18 213.18 2 25 5
27.1834 213.23 213.23 2 25 5
27.1833 213.28 213.28 2 25 5
27.1832 213.33 213.33 2 25 5
27.1832 213.38 213.38 2 25 5
27.1833 213.43 213.43 2 25 5
27.1833 213.48 213.48 2 25 5
27.1833 213.53 213.53 2 25 5
27.1833 213.58 213.58 2 25 5
27.1833 213.63 213.63 2 25 5
27.1833 213.68 213.68 2 25 5
27.1833 213.73 213.73 2 25 5
27.1833 213.78 213.78 2 25 5
27.1833 213.83 213.83 2 25 5
27.1833 213.88 213.88 2 25 5
27.1833 213.93 213.93 2 25 5
27.1833 213.98 213.98 2 25 5
27.1833 214.03 214.03 2 25 5
27.1833 214.08 214.08 2 25 5
27.1833 214.13 214.13 2 25 5
27.1833 214.18 214.18 2 25 5
27.1833 214.23 214.23 2 25 5
27.1833 214.28 214.28 2 25 5
27.1833 214.33 214.33 2 25 5
27.1833 214.38 214.38 2 25 5
27.1833 214.43 214.43 2 25 5
27.1834 214.48 214.48 2 25 5
27.1833 214.53 214.53 2 25 5
27.1833 214.58 214.58 2 25 5
27.1833 214.63 214.63 2 25 5
27.1833 214.68 214.68 2 25 5
27.1833 214.73 214.73 2 25 5
27.1833 214.78 214.78 2 25 5
27.1833 214.83 214.83 2 25 5
27.1833 214.88 214.88 2 25 5
27.1833 214.93 214.93 2 25 5
27.1833 214.98 214.98 2 25 5
27.1833 215.03 215.03 2 25 5
27.1833 215.08 215.08 2 25 5
27.1833 215.13 215.13 2 25 5
27.1833 215.18 215.18 2 25 5
27.1833 215.23 215.23 2 25 5
27.1833 215.28 215.28 2 25 5
27.1833 215.33 215.33 2 25 5
27.1833 215.38 215.38 2 25 5
27.1833 215.43 215.43 2 25 5
27.1833 215.48 215.48 2 25 5
27.1833 215.53 215.53 2 25 5
27.1833 215.58 215.58 2 25 5
27.1833 215.63 215.63 2 25 5
27.1833 215.68 215.68 2 25 5
27.1833 215.73 215.73 2 25 5
27.1833 215.78 215.78 2 25 5
27.1833 215.83 215.83 2 25 5
27.1833 215.88 215.88 2 25 5
27.1833 215.93 215.93 2 25 5
27.1833 215.98 215.98 2 25 5
27.1833 216.03 216.03 2 25 5
27.1833 216.08 216.08 2 25 5
27.1833 216.13 216.13 2 25 5
27.1833 216.18 216.18 2 25 5
27.1832 216.23 216.23 2 25 5
27.1833 216.28 216.28 2 25 5
27.1833 216.33 216.33 2 25 5
27.1833 216.38 216.38 2 25 5
27.1833 216.43 216.43 2 25 5
27.1833 216.48 216.48 2 25 5
27.1833 216.53 216.53 2 25 5
27.1833 216.58 216.58 2 25 5
27.1832 216.63 216.63 2 25 5
27.1833 216.68 216.68 2 25 5
27.1833 216.73 216.73 2 25 5
27.1833 216.78 216.78 2 25 5
27.1833 216.83 216.83 2 25 5
27.1833 216.88 216.88 2 25 5
27.1833 216.93 216.93 2 25 5
27.1833 216.98 216.98 2 25 5
27.1833 217.03 217.03 2 25 5
27.1833 217.08 217.08 2 25 5
27.1833 217.13 217.13 2 25 5
27.1833 217.18 217.18 2 25 5
27.1833 217.23 217.23 2 25 5
27.1833 217.28 217.28 2 25 5
27.1833 217.33 217.33 2 25 5
27.1833 217.38 217.38 2 25 5
27.1833 217.43 217.43 2 25 5
27.1833 217.48 217.48 2 25 5
27.1833 217.53 217.53 2 25 5
27.1833 217.58 217.58 2 25 5
27.1833 217.63 217.63 2 25 5
27.1833 217.68 217.68 2 25 5
27.1833 217.73 217.73 2 25 5
27.1833 217.78 217.78 2 25 5
27.1833 217.83 217.83 2 25 5
27.1833 217.88 217.88 2 25 5
27.1833 217.93 217.93 2 25 5
27.1833 217.98 217.98 2 25 5
27.1833 218.03 218.03 2 25 5
27.1833 218.08 218.08 2 25 5
27.1833 218.13 218.13 2 25 5
27.1833 218.18 218.18 2 25 5
27.1833 218.23 218.23 2 25 5
27.1833 218.28 218.28 2 25 5
27.1833 218.33 218.33 2 25 5
27.1833 218.38 218.38 2 25 5
27.1833 218.43 218.43 2 25 5
27.1833 218.48 218.48 2 25 5
27.1833 218.53 218.53 2 25 5
27.1833 218.58 218.58 2 25 5
27.1833 218.63 218.63 2 25 5
27.1833 218.68 218.68 2 25 5
27.1833 218.73 218.73 2 25 5
27.1833 218.78 218.78 2 25 5
27.1833 218.83 218.83 2 25 5
27.1833 218.88 218.88 2 25 5
27.1833 218.93 218.93 2 25 5
27.1833 218.98 218.98 2 25 5
27.1833 219.03 219.03 2 25 5
27.1833 219.08 219.08 2 25 5
27.1833 219.13 219.13 2 25 5
27.1833 219.18 219.18 2 25 5
27.1833 219.23 219.23 2 25 5
27.1833 219.28 219.28 2 25 5
27.1833 219.33 219.33 2 25 5
27.1833 219.38 219.38 2 25 5
27.1833 219.43 219.43 2 25 5
27.1833 219.48 219.48 2 25 5
27.1833 219.53 219.53 2 25 5
27.1833 219.58 219.58 2 25 5
27.1833 219.63 219.63 2 25 5
27.1833 219.68 219.68 2 25 5
27.1833 219.73 219.73 2 25 5
27.1833 219.78 219.78 2 25 5
27.1833 219.83 219.83 2 25 5
27.1833 219.88 219.88 2 25 5
27.1833 219.93 219.93 2 25 5
27.1833 219.98 219.98 2 25 5
27.1833 220.03 220.03 2 25 5
27.1833 220.08 220.08 2 25 5
27.1833 220.13 220.13 2 25 5
27.1833 220.18 220.18 2 25 5
27.1833 220.23 220.23 2 25 5
27.1833 220.28 220.28 2 25 5
27.1833 220.33 220.33 2 25 5
27.1833 220.38 220.38 2 25 5
27.1833 220.43 220.43 2 25 5
27.1833 220.48 220.48 2 25 5
27.1833 220.53 220.53 2 25 5
27.1833 220.58 220.58 2 25 5
27.1833 220.63 220.63 2 25 5
27.1834 220.68 220.68 2 25 5
27.1834 220.73 220.73 2 25 5
27.1833 220.78 220.78 2 25 5
27.1833 220.83 220.83 2 25 5
27.1832 220.88 220.88 2 25 5
27.1833 220.93 220.93 2 25 5
27.1834 220.98 220.98 2 25 5
27.1834 221.03 221.03 2 25 5
27.1833 221.08 221.08 2 25 5
27.1833 221.13 221.13 2 25 5
27.1833 221.18 221.18 2 25 5
27.1833 221.23 221.23 2 25 5
27.1833 221.28 221.28 2 25 5
27.1833 221.33 221.33 2 25 5
27.1833 221.38 221.38 2 25 5
27.1833 221.43 221.43 2 25 5
27.1833 221.48 221.48 2 25 5
27.1833 221.53 221.53 2 25 5
27.1833 221.58 221.58 2 25 5
27.1833 221.63 221.63 2 25 5
27.1832 221.68 221.68 2 25 5
27.1833 221.73 221.73 2 25 5
27.1833 221.78 221.78 2 25 5
27.1833 221.83 221.83 2 25 5
27.1833 221.88 221.88 2 25 5
27.1833 221.93 221.93 2 25 5
27.1833 221.98 221.98 2 25 5
27.1833 222.03 222.03 2 25 5
27.1833 222.08 222.08 2 25 5
27.1833 222.13 222.13 2 25 5
27.1833 222.18 222.18 2 25 5
27.1833 222.23 222.23 2 25 5
27.1833 222.28 222.28 2 25 5
27.1833 222.33 222.33 2 25 5
27.1833 222.38 222.38 2 25 5
27.1833 222.43 222.43 2 25 5
27.1833 222.48 222.48 2 25 5
27.1833 222.53 222.53 2 25 5
27.1833 222.58 222.58 2 25 5
27.1834 222.63 222.63 2 25 5
27.1834 222.68 222.68 2 25 5
27.1833 222.73 222.73 2 25 5
27.1833 222.78 222.78 2 25 5
27.183 222.83 222.83 2 25 5
27.1832 222.88 222.88 2 25 5
27.1833 222.93 222.93 2 25 5
27.1834 222.98 222.98 2 25 5
27.1834 223.03 223.03 2 25 5
27.1833 223.08 223.08 2 25 5
27.1833 223.13 223.13 2 25 5
27.1833 223.18 223.18 2 25 5
27.1832 223.23 223.23 2 25 5
27.1833 223.28 223.28 2 25 5
27.1833 223.33 223.33 2 25 5
27.1833 223.38 223.38 2 25 5
27.1833 223.43 223.43 2 25 5
27.1833 223.48 223.48 2 25 5
27.1833 223.53 223.53 2 25 5
27.1833 223.58 223.58 2 25 5
27.1833 223.63 223.63 2 25 5
27.1833 223.68 223.68 2 25 5
27.1833 223.73 223.73 2 25 5
27.1833 223.78 223.78 2 25 5
27.1833 223.83 223.83 2 25 5
27.1833 223.88 223.88 2 25 5
27.1833 223.93 223.93 2 25 5
27.1832 223.98 223.98 2 25 5
27.1833 224.03 224.03 2 25 5
27.1833 224.08 224.08 2 25 5
27.1833 224.13 224.13 2 25 5
27.1833 224.18 224.18 2 25 5
27.1833 224.23 224.23 2 25 5
27.1833 224.28 224.28 2 25 5
27.1833 224.33 224.33 2 25 5
27.1833 224.38 224.38 2 25 5
27.1833 224.43 224.43 2 25 5
27.1833 224.48 224.48 2 25 5
27.1833 224.53 224.53 2 25 5
27.1833 224.58 224.58 2 25 5
27.1833 224.63 224.63 2 25 5
27.1835 224.68 224.68 2 25 5
27.1834 224.73 224.73 2 25 5
27.1833 224.78 224.78 2 25 5
27.1832 224.83 224.83 2 25 5
27.1833 224.88 224.88 2 25 5
27.1833 224.93 224.93 2 25 5
27.1833 224.98 224.98 2 25 5
27.1833 225.03 225.03 2 25 5
27.1833 225.08 225.08 2 25 5
27.1833 225.13 225.13 2 25 5
27.1833 225.18 225.18 2 25 5
27.1833 225.23 225.23 2 25 5
27.1833 225.28 225.28 2 25 5
27.1833 225.33 225.33 2 25 5
27.1833 225.38 225.38 2 25 5
27.1833 225.43 225.43 2 25 5
27.1833 225.48 225.48 2 25 5
27.1833 225.53 225.53 2 25 5
27.1833 225.58 225.58 2 25 5
27.1833 225.63 225.63 2 25 5
27.1833 225.68 225.68 2 25 5
27.1833 225.73 225.73 2 25 5
27.1833 225.78 225.78 2 25 5
27.1833 225.83 225.83 2 25 5
27.1833 225.88 225.88 2 25 5
27.1833 225.93 225.93 2 25 5
27.1833 225.98 225.98 2 25 5
27.1833 226.03 226.03 2 25 5
27.1833 226.08 226.08 2 25 5
27.1833 226.13 226.13 2 25 5
27.1833 226.18 226.18 2 25 5
27.1833 226.23 226.23 2 25 5
27.1833 226.28 226.28 2 25 5
27.1833 226.33 226.33 2 25 5
27.1833 226.38 226.38 2 25 5
27.1833 226.43 226.43 2 25 5
27.1833 226.48 226.48 2 25 5
27.1833 226.53 226.53 2 25 5
27.1833 226.58 226.58 2 25 5
27.1833 226.63 226.63 2 25 5
27.1833 226.68 226.68 2 25 5
27.1833 226.73 226.73 2 25 5
27.1833 226.78 226.78 2 25 5
27.1833 226.83 226.83 2 25 5
27.1833 226.88 226.88 2 25 5
27.1833 226.93 226.93 2 25 5
27.1833 226.98 226.98 2 25 5
27.1833 227.03 227.03 2 25 5
27.1833 227.08 227.08 2 25 5
27.1833 227.13 227.13 2 25 5
27.1835 227.18 227.18 2 25 5
27.1834 227.23 227.23 2 25 5
27.1833 227.28 227.28 2 25 5
27.1833 227.33 227.33 2 25 5
27.1833 227.38 227.38 2 25 5
27.1834 227.43 227.43 2 25 5
27.1834 227.48 227.48 2 25 5
27.1833 227.53 227.53 2 25 5
27.1833 227.58 227.58 2 25 5
27.1833 227.63 227.63 2 25 5
27.1833 227.68 227.68 2 25 5
27.1833 227.73 227.73 2 25 5
27.1833 227.78 227.78 2 25 5
27.1832 227.83 227.83 2 25 5
27.1833 227.88 227.88 2 25 5
27.1833 227.93 227.93 2 25 5
27.1833 227.98 227.98 2 25 5
27.1833 228.03 228.03 2 25 5
27.1833 228.08 228.08 2 25 5
27.1833 228.13 228.13 2 25 5
27.1833 228.18 228.18 2 25 5
27.1833 228.23 228.23 2 25 5
27.1831 228.28 228.28 2 25 5
27.1832 228.33 228.33 2 25 5
27.1833 228.38 228.38 2 25 5
27.1834 228.43 228.43 2 25 5
27.1834 228.48 228.48 2 25 5
27.1833 228.53 228.53 2 25 5
27.1833 228.58 228.58 2 25 5
27.1833 228.63 228.63 2 25 5
27.1832 228.68 228.68 2 25 5
27.1833 228.73 228.73 2 25 5
27.1833 228.78 228.78 2 25 5
27.1833 228.83 228.83 2 25 5
27.1833 228.88 228.88 2 25 5
27.1833 228.93 228.93 2 25 5
27.1833 228.98 228.98 2 25 5
27.1833 229.03 229.03 2 25 5
27.1833 229.08 229.08 2 25 5
27.1833 229.13 229.13 2 25 5
27.1833 229.18 229.18 2 25 5
27.1833 229.23 229.23 2 25 5
27.1833 229.28 229.28 2 25 5
27.1833 229.33 229.33 2 25 5
27.1833 229.38 229.38 2 25 5
27.1833 229.43 229.43 2 25 5
27.1833 229.48 229.48 2 25 5
27.1833 229.53 229.53 2 25 5
27.1833 229.58 229.58 2 25 5
27.1833 229.63 229.63 2 25 5
27.1833 229.68 229.68 2 25 5
27.1833 229.73 229.73 2 25 5
27.1833 229.78 229.78 2 25 5
27.1833 229.83 229.83 2 25 5
27.1833 229.88 229.88 2 25 5
27.1833 229.93 229.93 2 25 5
27.1832 229.98 229.98 2 25 5
27.1833 230.03 230.03 2 25 5
27.1833 230.08 230.08 2 25 5
27.1833 230.13 230.13 2 25 5
27.1833 230.18 230.18 2 25 5
27.1833 230.23 230.23 2 25 5
27.1833 230.28 230.28 2 25 5
27.1833 230.33 230.33 2 25 5
27.1833 230.38 230.38 2 25 5
27.1833 230.43 230.43 2 25 5
27.1833 230.48 230.48 2 25 5
27.1833 230.53 230.53 2 25 5
27.1833 230.58 230.58 2 25 5
27.1833 230.63 230.63 2 25 5
27.1833 230.68 230.68 2 25 5
27.1833 230.73 230.73 2 25 5
27.1833 230.78 230.78 2 25 5
27.1833 230.83 230.83 2 25 5
27.1833 230.88 230.88 2 25 5
27.1833 230.93 230.93 2 25 5
27.1826 230.98 230.98 2 25 5
27.183 231.03 231.03 2 25 5
27.1833 231.08 231.08 2 25 5
27.1835 231.13 231.13 2 25 5
27.1835 231.18 231.18 2 25 5
27.1834 231.23 231.23 2 25 5
27.1833 231.28 231.28 2 25 5
27.1833 231.33 231.33 2 25 5
27.1833 231.38 231.38 2 25 5
27.1834 231.43 231.43 2 25 5
27.1833 231.48 231.48 2 25 5
27.1833 231.53 231.53 2 25 5
27.1833 231.58 231.58 2 25 5
27.1833 231.63 231.63 2 25 5
27.1833 231.68 231.68 2 25 5
27.1833 231.73 231.73 2 25 5
27.1833 231.78 231.78 2 25 5
27.1833 231.83 231.83 2 25 5
27.1833 231.88 231.88 2 25 5
27.1833 231.93 231.93 2 25 5
27.1833 231.98 231.98 2 25 5
27.1833 232.03 232.03 2 25 5
27.1833 232.08 232.08 2 25 5
27.1833 232.13 232.13 2 25 5
27.1833 232.18 232.18 2 25 5
27.1833 232.23 232.23 2 25 5
27.1833 232.28 232.28 2 25 5
27.1833 232.33 232.33 2 25 5
27.1833 232.38 232.38 2 25 5
27.1833 232.43 232.43 2 25 5
27.1833 232.48 232.48 2 25 5
27.1833 232.53 232.53 2 25 5
27.1833 232.58 232.58 2 25 5
27.1833 232.63 232.63 2 25 5
27.1833 232.68 232.68 2 25 5
27.1833 232.73 232.73 2 25 5
27.1833 232.78 232.78 2 25 5
27.1834 232.83 232.83 2 25 5
27.1834 232.88 232.88 2 25 5
27.1833 232.93 232.93 2 25 5
27.1833 232.98 232.98 2 25 5
27.1833 233.03 233.03 2 25 5
27.1833 233.08 233.08 2 25 5
27.1833 233.13 233.13 2 25 5
27.1833 233.18 233.18 2 25 5
27.1833 233.23 233.23 2 25 5
27.1833 233.28 233.28 2 25 5
27.1833 233.33 233.33 2 25 5
27.1833 233.38 233.38 2 25 5
27.1833 233.43 233.43 2 25 5
27.1833 233.48 233.48 2 25 5
27.1833 233.53 233.53 2 25 5
27.1833 233.58 233.58 2 25 5
27.1833 233.63 233.63 2 25 5
27.1833 233.68 233.68 2 25 5
27.1833 233.73 233.73 2 25 5
27.183 233.78 233.78 2 25 5
27.1832 233.83 233.83 2 25 5
27.1833 233.88 233.88 2 25 5
27.1834 233.93 233.93 2 25 5
27.1834 233.98 233.98 2 25 5
27.1833 234.03 234.03 2 25 5
27.1833 234.08 234.08 2 25 5
27.1833 234.13 234.13 2 25 5
27.1831 234.18 234.18 2 25 5
27.1832 234.23 234.23 2 25 5
27.1833 234.28 234.28 2 25 5
27.1833 234.33 234.33 2 25 5
27.1833 234.38 234.38 2 25 5
27.1833 234.43 234.43 2 25 5
27.1833 234.48 234.48 2 25 5
27.1833 234.53 234.53 2 25 5
27.1833 234.58 234.58 2 25 5
27.1833 234.63 234.63 2 25 5
27.1833 234.68 234.68 2 25 5
27.1833 234.73 234.73 2 25 5
27.1833 234.78 234.78 2 25 5
27.1833 234.83 234.83 2 25 5
27.1833 234.88 234.88 2 25 5
27.1833 234.93 234.93 2 25 5
27.1832 234.98 234.98 2 25 5
27.1833 235.03 235.03 2 25 5
27.1833 235.08 235.08 2 25 5
27.1833 235.13 235.13 2 25 5
27.1833 235.18 235.18 2 25 5
27.1833 235.23 235.23 2 25 5
27.1833 235.28 235.28 2 25 5
27.1833 235.33 235.33 2 25 5
27.1833 235.38 235.38 2 25 5
27.1833 235.43 235.43 2 25 5
27.1833 235.48 235.48 2 25 5
27.1833 235.53 235.53 2 25 5
27.1833 235.58 235.58 2 25 5
27.1833 235.63 235.63 2 25 5
27.1833 235.68 235.68 2 25 5
27.1833 235.73 235.73 2 25 5
27.1833 235.78 235.78 2 25 5
27.1833 235.83 235.83 2 25 5
27.183 235.88 235.88 2 25 5
27.1832 235.93 235.93 2 25 5
27.1833 235.98 235.98 2 25 5
27.1834 236.03 236.03 2 25 5
27.1834 236.08 236.08 2 25 5
27.1833 236.13 236.13 2 25 5
27.1833 236.18 236.18 2 25 5
27.1833 236.23 236.23 2 25 5
27.1832 236.28 236.28 2 25 5
27.1833 236.33 236.33 2 25 5
27.1831 236.38 236.38 2 25 5
27.1832 236.43 236.43 2 25 5
27.1833 236.48 236.48 2 25 5
27.1834 236.53 236.53 2 25 5
27.1834 236.58 236.58 2 25 5
27.1833 236.63 236.63 2 25 5
27.1833 236.68 236.68 2 25 5
27.1833 236.73 236.73 2 25 5
27.1831 236.78 236.78 2 25 5
27.1832 236.83 236.83 2 25 5
27.1833 236.88 236.88 2 25 5
27.1833 236.93 236.93 2 25 5
27.1833 236.98 236.98 2 25 5
27.1833 237.03 237.03 2 25 5
27.1833 237.08 237.08 2 25 5
27.1833 237.13 237.13 2 25 5
27.1833 237.18 237.18 2 25 5
27.1833 237.23 237.23 2 25 5
27.1833 237.28 237.28 2 25 5
27.1833 237.33 237.33 2 25 5
27.1833 237.38 237.38 2 25 5
27.1833 237.43 237.43 2 25 5
27.1833 237.48 237.48 2 25 5
27.1833 237.53 237.53 2 25 5
27.1833 237.58 237.58 2 25 5
27.1833 237.63 237.63 2 25 5
27.1833 237.68 237.68 2 25 5
27.1833 237.73 237.73 2 25 5
27.1833 237.78 237.78 2 25 5
27.1833 237.83 237.83 2 25 5
27.1833 237.88 237.88 2 25 5
27.1833 237.93 237.93 2 25 5
27.1832 237.98 237.98 2 25 5
27.1833 238.03 238.03 2 25 5
27.1833 238.08 238.08 2 25 5
27.1833 238.13 238.13 2 25 5
27.1833 238.18 238.18 2 25 5
27.1833 238.23 238.23 2 25 5
27.1833 238.28 238.28 2 25 5
27.1833 238.33 238.33 2 25 5
27.1833 238.38 238.38 2 25 5
27.1833 238.43 238.43 2 25 5
27.1833 238.48 238.48 2 25 5
27.1833 238.53 238.53 2 25 5
27.1833 238.58 238.58 2 25 5
27.1833 238.63 238.63 2 25 5
27.1833 238.68 238.68 2 25 5
27.1831 238.73 238.73 2 25 5
27.1832 238.78 238.78 2 25 5
27.1833 238.83 238.83 2 25 5
27.1834 238.88 238.88 2 25 5
27.1833 238.93 238.93 2 25 5
27.1833 238.98 238.98 2 25 5
27.1833 239.03 239.03 2 25 5
27.1833 239.08 239.08 2 25 5
27.1832 239.13 239.13 2 25 5
27.1833 239.18 239.18 2 25 5
27.1833 239.23 239.23 2 25 5
27.1833 239.28 239.28 2 25 5
27.1833 239.33 239.33 2 25 5
27.1833 239.38 239.38 2 25 5
27.1833 239.43 239.43 2 25 5
27.1833 239.48 239.48 2 25 5
27.1833 239.53 239.53 2 25 5
27.1833 239.58 239.58 2 25 5
27.1833 239.63 239.63 2 25 5
27.1833 239.68 239.68 2 25 5
27.1833 239.73 239.73 2 25 5
27.1833 239.78 239.78 2 25 5
27.1833 239.83 239.83 2 25 5
27.1833 239.88 239.88 2 25 5
27.1833 239.93 239.93 2 25 5
27.1833 239.98 239.98 2 25 5
27.1833 240.03 240.03 2 25 5
27.1834 240.08 240.08 2 25 5
27.1834 240.13 240.13 2 25 5
27.1833 240.18 240.18 2 25 5
27.1833 240.23 240.23 2 25 5
27.1832 240.28 240.28 2 25 5
27.1833 240.33 240.33 2 25 5
27.1833 240.38 240.38 2 25 5
27.1833 240.43 240.43 2 25 5
27.1833 240.48 240.48 2 25 5
27.1833 240.53 240.53 2 25 5
27.1833 240.58 240.58 2 25 5
27.1833 240.63 240.63 2 25 5
27.1833 240.68 240.68 2 25 5
27.1833 240.73 240.73 2 25 5
27.1833 240.78 240.78 2 25 5
27.1833 240.83 240.83 2 25 5
27.1833 240.88 240.88 2 25 5
27.1833 240.93 240.93 2 25 5
27.1833 240.98 240.98 2 25 5
27.1833 241.03 241.03 2 25 5
27.1832 241.08 241.08 2 25 5
27.1833 241.13 241.13 2 25 5
27.1834 241.18 241.18 2 25 5
27.1834 241.23 241.23 2 25 5
27.1833 241.28 241.28 2 25 5
27.1833 241.33 241.33 2 25 5
27.1833 241.38 241.38 2 25 5
27.1833 241.43 241.43 2 25 5
27.1833 241.48 241.48 2 25 5
27.1833 241.53 241.53 2 25 5
27.1833 241.58 241.58 2 25 5
27.1833 241.63 241.63 2 25 5
27.1833 241.68 241.68 2 25 5
27.1831 241.73 241.73 2 25 5
27.1832 241.78 241.78 2 25 5
27.1833 241.83 241.83 2 25 5
27.1834 241.88 241.88 2 25 5
27.1833 241.93 241.93 2 25 5
27.1833 241.98 241.98 2 25 5
27.1833 242.03 242.03 2 25 5
27.1833 242.08 242.08 2 25 5
27.1832 242.13 242.13 2 25 5
27.1833 242.18 242.18 2 25 5
27.1833 242.23 242.23 2 25 5
27.1833 242.28 242.28 2 25 5
27.1833 242.33 242.33 2 25 5
27.1833 242.38 242.38 2 25 5
27.1833 242.43 242.43 2 25 5
27.1833 242.48 242.48 2 25 5
27.1833 242.53 242.53 2 25 5
27.1833 242.58 242.58 2 25 5
27.1832 242.63 242.63 2 25 5
27.1833 242.68 242.68 2 25 5
27.1833 242.73 242.73 2 25 5
27.1833 242.78 242.78 2 25 5
27.1833 242.83 242.83 2 25 5
27.1833 242.88 242.88 2 25 5
27.1833 242.93 242.93 2 25 5
27.1833 242.98 242.98 2 25 5
27.1833 243.03 243.03 2 25 5
27.1833 243.08 243.08 2 25 5
27.1833 243.13 243.13 2 25 5
27.1833 243.18 243.18 2 25 5
27.1833 243.23 243.23 2 25 5
27.1833 243.28 243.28 2 25 5
27.1833 243.33 243.33 2 25 5
27.1833 243.38 243.38 2 25 5
27.1833 243.43 243.43 2 25 5
27.1833 243.48 243.48 2 25 5
27.1833 243.53 243.53 2 25 5
27.1833 243.58 243.58 2 25 5
27.1833 243.63 243.63 2 25 5
27.1833 243.68 243.68 2 25 5
27.1833 243.73 243.73 2 25 5
27.1833 243.78 243.78 2 25 5
27.1833 243.83 243.83 2 25 5
27.1833 243.88 243.88 2 25 5
27.1834 243.93 243.93 2 25 5
27.1834 243.98 243.98 2 25 5
27.1833 244.03 244.03 2 25 5
27.1833 244.08 244.08 2 25 5
27.1833 244.13 244.13 2 25 5
27.183 244.18 244.18 2 25 5
27.1832 244.23 244.23 2 25 5
27.1833 244.28 244.28 2 25 5
27.1834 244.33 244.33 2 25 5
27.1834 244.38 244.38 2 25 5
27.1833 244.43 244.43 2 25 5
27.1833 244.48 244.48 2 25 5
27.1833 244.53 244.53 2 25 5
27.1832 244.58 244.58 2 25 5
27.1833 244.63 244.63 2 25 5
27.1833 244.68 244.68 2 25 5
27.1833 244.73 244.73 2 25 5
27.1833 244.78 244.78 2 25 5
27.1833 244.83 244.83 2 25 5
27.1833 244.88 244.88 2 25 5
27.1833 244.93 244.93 2 25 5
27.1833 244.98 244.98 2 25 5
27.1833 245.03 245.03 2 25 5
27.1833 245.08 245.08 2 25 5
27.1833 245.13 245.13 2 25 5
27.1833 245.18 245.18 2 25 5
27.1832 245.23 245.23 2 25 5
27.1833 245.28 245.28 2 25 5
27.1833 245.33 245.33 2 25 5
27.1833 245.38 245.38 2 25 5
27.1833 245.43 245.43 2 25 5
27.1833 245.48 245.48 2 25 5
27.1833 245.53 245.53 2 25 5
27.1833 245.58 245.58 2 25 5
27.1833 245.63 245.63 2 25 5
27.1833 245.68 245.68 2 25 5
27.1833 245.73 245.73 2 25 5
27.1833 245.78 245.78 2 25 5
27.1833 245.83 245.83 2 25 5
27.1833 245.88 245.88 2 25 5
27.1833 245.93 245.93 2 25 5
27.1833 245.98 245.98 2 25 5
27.1833 246.03 246.03 2 25 5
27.1833 246.08 246.08 2 25 5
27.1833 246.13 246.13 2 25 5
27.1842 246.18 246.18 2 25 5
27.1838 246.23 246.23 2 25 5
27.1833 246.28 246.28 2 25 5
27.1831 246.33 246.33 2 25 5
27.1831 246.38 246.38 2 25 5
27.1832 246.43 246.43 2 25 5
27.1833 246.48 246.48 2 25 5
27.1834 246.53 246.53 2 25 5
27.1834 246.58 246.58 2 25 5
27.1833 246.63 246.63 2 25 5
27.1833 246.68 246.68 2 25 5
27.1833 246.73 246.73 2 25 5
27.1833 246.78 246.78 2 25 5
27.1834 246.83 246.83 2 25 5
27.1833 246.88 246.88 2 25 5
27.1833 246.93 246.93 2 25 5
27.1833 246.98 246.98 2 25 5
27.1833 247.03 247.03 2 25 5
27.1833 247.08 247.08 2 25 5
27.1833 247.13 247.13 2 25 5
27.1833 247.18 247.18 2 25 5
27.1833 247.23 247.23 2 25 5
27.1833 247.28 247.28 2 25 5
27.1833 247.33 247.33 2 25 5
27.1833 247.38 247.38 2 25 5
27.1832 247.43 247.43 2 25 5
27.1833 247.48 247.48 2 25 5
27.1834 247.53 247.53 2 25 5
27.1834 247.58 247.58 2 25 5
27.1833 247.63 247.63 2 25 5
27.1833 247.68 247.68 2 25 5
27.1833 247.73 247.73 2 25 5
27.1832 247.78 247.78 2 25 5
27.1833 247.83 247.83 2 25 5
27.1833 247.88 247.88 2 25 5
27.1833 247.93 247.93 2 25 5
27.1833 247.98 247.98 2 25 5
27.1833 248.03 248.03 2 25 5
27.1833 248.08 248.08 2 25 5
27.1833 248.13 248.13 2 25 5
27.1833 248.18 248.18 2 25 5
27.1833 248.23 248.23 2 25 5
27.1833 248.28 248.28 2 25 5
27.1833 248.33 248.33 2 25 5
27.1833 248.38 248.38 2 25 5
27.1833 248.43 248.43 2 25 5
27.1833 248.48 248.48 2 25 5
27.1833 248.53 248.53 2 25 5
27.1833 248.58 248.58 2 25 5
27.1831 248.63 248.63 2 25 5
27.1832 248.68 248.68 2 25 5
27.1833 248.73 248.73 2 25 5
27.1834 248.78 248.78 2 25 5
27.1834 248.83 248.83 2 25 5
27.1833 248.88 248.88 2 25 5
27.1833 248.93 248.93 2 25 5
27.1833 248.98 248.98 2 25 5
27.1832 249.03 249.03 2 25 5
27.1833 249.08 249.08 2 25 5
27.1833 249.13 249.13 2 25 5
27.1833 249.18 249.18 2 25 5
27.1833 249.23 249.23 2 25 5
27.1833 249.28 249.28 2 25 5
27.1833 249.33 249.33 2 25 5
27.1833 249.38 249.38 2 25 5
27.1833 249.43 249.43 2 25 5
27.1833 249.48 249.48 2 25 5
27.1833 249.53 249.53 2 25 5
27.1834 249.58 249.58 2 25 5
27.1834 249.63 249.63 2 25 5
27.1833 249.68 249.68 2 25 5
27.1833 249.73 249.73 2 25 5
27.1833 249.78 249.78 2 25 5
27.1834 249.83 249.83 2 25 5
27.1834 249.88 249.88 2 25 5
27.1833 249.93 249.93 2 25 5
27.1833 249.98 249.98 2 25 5
27.1833 250.03 250.03 2 25 5
27.1838 250.08 250.08 2 25 5
27.1836 250.13 250.13 2 25 5
27.1833 250.18 250.18 2 25 5
27.1832 250.23 250.23 2 25 5
27.1832 250.28 250.28 2 25 5
27.1833 250.33 250.33 2 25 5
27.1833 250.38 250.38 2 25 5
27.1834 250.43 250.43 2 25 5
27.1833 250.48 250.48 2 25 5
27.1833 250.53 250.53 2 25 5
27.1833 250.58 250.58 2 25 5
27.1833 250.63 250.63 2 25 5
27.1832 250.68 250.68 2 25 5
27.1833 250.73 250.73 2 25 5
27.1833 250.78 250.78 2 25 5
27.1833 250.83 250.83 2 25 5
27.1833 250.88 250.88 2 25 5
27.1833 250.93 250.93 2 25 5
27.1833 250.98 250.98 2 25 5
27.1833 251.03 251.03 2 25 5
27.1833 251.08 251.08 2 25 5
27.1833 251.13 251.13 2 25 5
27.1833 251.18 251.18 2 25 5
27.183 251.23 251.23 2 25 5
27.1832 251.28 251.28 2 25 5
27.1833 251.33 251.33 2 25 5
27.1834 251.38 251.38 2 25 5
27.1834 251.43 251.43 2 25 5
27.1833 251.48 251.48 2 25 5
27.1833 251.53 251.53 2 25 5
27.1833 251.58 251.58 2 25 5
27.1832 251.63 251.63 2 25 5
27.1833 251.68 251.68 2 25 5
27.1833 251.73 251.73 2 25 5
27.1833 251.78 251.78 2 25 5
27.1833 251.83 251.83 2 25 5
27.1833 251.88 251.88 2 25 5
27.1833 251.93 251.93 2 25 5
27.1833 251.98 251.98 2 25 5
27.1833 252.03 252.03 2 25 5
27.1833 252.08 252.08 2 25 5
27.1833 252.13 252.13 2 25 5
27.1833 252.18 252.18 2 25 5
27.1833 252.23 252.23 2 25 5
27.1833 252.28 252.28 2 25 5
27.1833 252.33 252.33 2 25 5
27.1832 252.38 252.38 2 25 5
27.1833 252.43 252.43 2 25 5
27.1833 252.48 252.48 2 25 5
27.1833 252.53 252.53 2 25 5
27.1833 252.58 252.58 2 25 5
27.1833 252.63 252.63 2 25 5
27.1833 252.68 252.68 2 25 5
27.1833 252.73 252.73 2 25 5
27.1832 252.78 252.78 2 25 5
27.1833 252.83 252.83 2 25 5
27.1833 252.88 252.88 2 25 5
27.1833 252.93 252.93 2 25 5
27.1833 252.98 252.98 2 25 5
27.1833 253.03 253.03 2 25 5
27.1833 253.08 253.08 2 25 5
27.1833 253.13 253.13 2 25 5
27.1833 253.18 253.18 2 25 5
27.1832 253.23 253.23 2 25 5
27.1833 253.28 253.28 2 25 5
27.1833 253.33 253.33 2 25 5
27.1833 253.38 253.38 2 25 5
27.1833 253.43 253.43 2 25 5
27.1833 253.48 253.48 2 25 5
27.1833 253.53 253.53 2 25 5
27.1833 253.58 253.58 2 25 5
27.1833 253.63 253.63 2 25 5
27.1833 253.68 253.68 2 25 5
27.1833 253.73 253.73 2 25 5
27.1832 253.78 253.78 2 25 5
27.1833 253.83 253.83 2 25 5
27.1814 253.88 253.88 2 25 5
27.1824 253.93 253.93 2 25 5
27.1833 253.98 253.98 2 25 5
27.1838 254.03 254.03 2 25 5
27.1838 254.08 254.08 2 25 5
27.1835 254.13 254.13 2 25 5
27.1833 254.18 254.18 2 25 5
27.1832 254.23 254.23 2 25 5
27.1832 254.28 254.28 2 25 5
27.1833 254.33 254.33 2 25 5
27.1825 254.38 254.38 2 25 5
27.1829 254.43 254.43 2 25 5
27.1833 254.48 254.48 2 25 5
27.1835 254.53 254.53 2 25 5
27.1835 254.58 254.58 2 25 5
27.1834 254.63 254.63 2 25 5
27.1833 254.68 254.68 2 25 5
27.1832 254.73 254.73 2 25 5
27.1833 254.78 254.78 2 25 5
27.1833 254.83 254.83 2 25 5
27.1832 254.88 254.88 2 25 5
27.1833 254.93 254.93 2 25 5
27.1833 254.98 254.98 2 25 5
27.1833 255.03 255.03 2 25 5
27.1833 255.08 255.08 2 25 5
27.1833 255.13 255.13 2 25 5
27.1833 255.18 255.18 2 25 5
27.1833 255.23 255.23 2 25 5
27.1833 255.28 255.28 2 25 5
27.1833 255.33 255.33 2 25 5
27.1835 255.38 255.38 2 25 5
27.1834 255.43 255.43 2 25 5
27.1833 255.48 255.48 2 25 5
27.1833 255.53 255.53 2 25 5
27.1832 255.58 255.58 2 25 5
27.1833 255.63 255.63 2 25 5
27.1832 255.68 255.68 2 25 5
27.1833 255.73 255.73 2 25 5
27.1833 255.78 255.78 2 25 5
27.1833 255.83 255.83 2 25 5
27.1833 255.88 255.88 2 25 5
27.1833 255.93 255.93 2 25 5
27.1833 255.98 255.98 2 25 5
27.1833 256.03 256.03 2 25 5
27.1833 256.08 256.08 2 25 5
27.1834 256.13 256.13 2 25 5
27.1834 256.18 256.18 2 25 5
27.1833 256.23 256.23 2 25 5
27.1833 256.28 256.28 2 25 5
27.1833 256.33 256.33 2 25 5
27.1833 256.38 256.38 2 25 5
27.1834 256.43 256.43 2 25 5
27.1834 256.48 256.48 2 25 5
27.1833 256.53 256.53 2 25 5
27.1833 256.58 256.58 2 25 5
27.1833 256.63 256.63 2 25 5
27.1832 256.68 256.68 2 25 5
27.1833 256.73 256.73 2 25 5
27.1832 256.78 256.78 2 25 5
27.1833 256.83 256.83 2 25 5
27.1833 256.88 256.88 2 25 5
27.1833 256.93 256.93 2 25 5
27.1833 256.98 256.98 2 25 5
27.1833 257.03 257.03 2 25 5
27.1833 257.08 257.08 2 25 5
27.1833 257.13 257.13 2 25 5
27.1835 257.18 257.18 2 25 5
27.1834 257.23 257.23 2 25 5
27.1833 257.28 257.28 2 25 5
27.1833 257.33 257.33 2 25 5
27.1832 257.38 257.38 2 25 5
27.1833 257.43 257.43 2 25 5
27.1833 257.48 257.48 2 25 5
27.1833 257.53 257.53 2 25 5
27.1833 257.58 257.58 2 25 5
27.1833 257.63 257.63 2 25 5
27.1833 257.68 257.68 2 25 5
27.1833 257.73 257.73 2 25 5
27.1833 257.78 257.78 2 25 5
27.1833 257.83 257.83 2 25 5
27.1833 257.88 257.88 2 25 5
27.1833 257.93 257.93 2 25 5
27.1833 257.98 257.98 2 25 5
27.1833 258.03 258.03 2 25 5
27.1833 258.08 258.08 2 25 5
27.1833 258.13 258.13 2 25 5
27.1833 258.18 258.18 2 25 5
27.1833 258.23 258.23 2 25 5
27.1834 258.28 258.28 2 25 5
27.1834 258.33 258.33 2 25 5
27.1833 258.38 258.38 2 25 5
27.1833 258.43 258.43 2 25 5
27.1833 258.48 258.48 2 25 5
27.1833 258.53 258.53 2 25 5
27.1834 258.58 258.58 2 25 5
27.1834 258.63 258.63 2 25 5
27.1833 258.68 258.68 2 25 5
27.1833 258.73 258.73 2 25 5
27.1833 258.78 258.78 2 25 5
27.1833 258.83 258.83 2 25 5
27.1834 258.88 258.88 2 25 5
27.1833 258.93 258.93 2 25 5
27.1833 258.98 258.98 2 25 5
27.1833 259.03 259.03 2 25 5
27.1833 259.08 259.08 2 25 5
27.1833 259.13 259.13 2 25 5
27.1831 259.18 259.18 2 25 5
27.1833 259.23 259.23 2 25 5
27.1834 259.28 259.28 2 25 5
27.1834 259.33 259.33 2 25 5
27.1833 259.38 259.38 2 25 5
27.1833 259.43 259.43 2 25 5
27.1833 259.48 259.48 2 25 5
27.1832 259.53 259.53 2 25 5
27.1833 259.58 259.58 2 25 5
27.1833 259.63 259.63 2 25 5
27.1833 259.68 259.68 2 25 5
27.1833 259.73 259.73 2 25 5
27.1833 259.78 259.78 2 25 5
27.1833 259.83 259.83 2 25 5
27.1833 259.88 259.88 2 25 5
27.1833 259.93 259.93 2 25 5
27.1834 259.98 259.98 2 25 5
27.1834 260.03 260.03 2 25 5
27.1833 260.08 260.08 2 25 5
27.1833 260.13 260.13 2 25 5
27.1833 260.18 260.18 2 25 5
27.1833 260.23 260.23 2 25 5
27.1834 260.28 260.28 2 25 5
27.1834 260.33 260.33 2 25 5
27.1833 260.38 260.38 2 25 5
27.1833 260.43 260.43 2 25 5
27.1833 260.48 260.48 2 25 5
27.1832 260.53 260.53 2 25 5
27.1833 260.58 260.58 2 25 5
27.1833 260.63 260.63 2 25 5
27.1832 260.68 260.68 2 25 5
27.1833 260.73 260.73 2 25 5
27.1833 260.78 260.78 2 25 5
27.1833 260.83 260.83 2 25 5
27.1833 260.88 260.88 2 25 5
27.1833 260.93 260.93 2 25 5
27.1833 260.98 260.98 2 25 5
27.1833 261.03 261.03 2 25 5
27.1833 261.08 261.08 2 25 5
27.1833 261.13 261.13 2 25 5
27.1843 261.18 261.18 2 25 5
27.1838 261.23 261.23 2 25 5
27.1833 261.28 261.28 2 25 5
27.1831 261.33 261.33 2 25 5
27.1831 261.38 261.38 2 25 5
27.1832 261.43 261.43 2 25 5
27.1833 261.48 261.48 2 25 5
27.1834 261.53 261.53 2 25 5
27.1834 261.58 261.58 2 25 5
27.1833 261.63 261.63 2 25 5
27.1833 261.68 261.68 2 25 5
27.1833 261.73 261.73 2 25 5
27.1833 261.78 261.78 2 25 5
27.1834 261.83 261.83 2 25 5
27.1834 261.88 261.88 2 25 5
27.1833 261.93 261.93 2 25 5
27.1833 261.98 261.98 2 25 5
27.1832 262.03 262.03 2 25 5
27.1833 262.08 262.08 2 25 5
27.1833 262.13 262.13 2 25 5
27.1833 262.18 262.18 2 25 5
27.1833 262.23 262.23 2 25 5
27.1833 262.28 262.28 2 25 5
27.1833 262.33 262.33 2 25 5
27.1833 262.38 262.38 2 25 5
27.1833 262.43 262.43 2 25 5
27.1833 262.48 262.48 2 25 5
27.1833 262.53 262.53 2 25 5
27.1833 262.58 262.58 2 25 5
27.1832 262.63 262.63 2 25 5
27.1833 262.68 262.68 2 25 5
27.1833 262.73 262.73 2 25 5
27.1833 262.78 262.78 2 25 5
27.1833 262.83 262.83 2 25 5
27.1833 262.88 262.88 2 25 5
27.1833 262.93 262.93 2 25 5
27.1833 262.98 262.98 2 25 5
27.1833 263.03 263.03 2 25 5
27.1833 263.08 263.08 2 25 5
27.1832 263.13 263.13 2 25 5
27.1833 263.18 263.18 2 25 5
27.1833 263.23 263.23 2 25 5
27.1833 263.28 263.28 2 25 5
27.1833 263.33 263.33 2 25 5
27.1833 263.38 263.38 2 25 5
27.1833 263.43 263.43 2 25 5
27.1833 263.48 263.48 2 25 5
27.1833 263.53 263.53 2 25 5
27.1833 263.58 263.58 2 25 5
27.1832 263.63 263.63 2 25 5
27.1834 263.68 263.68 2 25 5
27.1834 263.73 263.73 2 25 5
27.1833 263.78 263.78 2 25 5
27.1833 263.83 263.83 2 25 5
27.1833 263.88 263.88 2 25 5
27.1833 263.93 263.93 2 25 5
27.1832 263.98 263.98 2 25 5
27.1833 264.03 264.03 2 25 5
27.1833 264.08 264.08 2 25 5
27.1833 264.13 264.13 2 25 5
27.1833 264.18 264.18 2 25 5
27.1833 264.23 264.23 2 25 5
27.1833 264.28 264.28 2 25 5
27.1833 264.33 264.33 2 25 5
27.1833 264.38 264.38 2 25 5
27.1833 264.43 264.43 2 25 5
27.1832 264.48 264.48 2 25 5
27.1833 264.53 264.53 2 25 5
27.1833 264.58 264.58 2 25 5
27.1833 264.63 264.63 2 25 5
27.1833 264.68 264.68 2 25 5
27.1833 264.73 264.73 2 25 5
27.1833 264.78 264.78 2 25 5
27.1833 264.83 264.83 2 25 5
27.1833 264.88 264.88 2 25 5
27.1833 264.93 264.93 2 25 5
27.1833 264.98 264.98 2 25 5
27.1835 265.03 265.03 2 25 5
27.1834 265.08 265.08 2 25 5
27.1833 265.13 265.13 2 25 5
27.1833 265.18 265.18 2 25 5
27.183 265.23 265.23 2 25 5
27.1832 265.28 265.28 2 25 5
27.1833 265.33 265.33 2 25 5
27.1834 265.38 265.38 2 25 5
27.1834 265.43 265.43 2 25 5
27.1833 265.48 265.48 2 25 5
27.1833 265.53 265.53 2 25 5
27.1833 265.58 265.58 2 25 5
27.1833 265.63 265.63 2 25 5
27.1834 265.68 265.68 2 25 5
27.1834 265.73 265.73 2 25 5
27.1833 265.78 265.78 2 25 5
27.1833 265.83 265.83 2 25 5
27.1833 265.88 265.88 2 25 5
27.1831 265.93 265.93 2 25 5
27.1832 265.98 265.98 2 25 5
27.1834 266.03 266.03 2 25 5
27.1834 266.08 266.08 2 25 5
27.1834 266.13 266.13 2 25 5
27.1833 266.18 266.18 2 25 5
27.1833 266.23 266.23 2 25 5
27.1833 266.28 266.28 2 25 5
27.1831 266.33 266.33 2 25 5
27.1832 266.38 266.38 2 25 5
27.1834 266.43 266.43 2 25 5
27.1834 266.48 266.48 2 25 5
27.1834 266.53 266.53 2 25 5
27.1833 266.58 266.58 2 25 5
27.1833 266.63 266.63 2 25 5
27.1833 266.68 266.68 2 25 5
27.1832 266.73 266.73 2 25 5
27.1833 266.78 266.78 2 25 5
27.1833 266.83 266.83 2 25 5
27.1833 266.88 266.88 2 25 5
27.1833 266.93 266.93 2 25 5
27.1833 266.98 266.98 2 25 5
27.1833 267.03 267.03 2 25 5
27.1833 267.08 267.08 2 25 5
27.1833 267.13 267.13 2 25 5
27.1833 267.18 267.18 2 25 5
27.1835 267.23 267.23 2 25 5
27.1834 267.28 267.28 2 25 5
27.1833 267.33 267.33 2 25 5
27.1833 267.38 267.38 2 25 5
27.1832 267.43 267.43 2 25 5
27.1833 267.48 267.48 2 25 5
27.1833 267.53 267.53 2 25 5
27.1833 267.58 267.58 2 25 5
27.1833 267.63 267.63 2 25 5
27.1833 267.68 267.68 2 25 5
27.1833 267.73 267.73 2 25 5
27.1833 267.78 267.78 2 25 5
27.1833 267.83 267.83 2 25 5
27.1833 267.88 267.88 2 25 5
27.1833 267.93 267.93 2 25 5
27.186 267.98 267.98 2 25 5
27.1847 268.03 268.03 2 25 5
27.1833 268.08 268.08 2 25 5
27.1827 268.13 268.13 2 25 5
27.1826 268.18 268.18 2 25 5
27.183 268.23 268.23 2 25 5
27.1833 268.28 268.28 2 25 5
27.1835 268.33 268.33 2 25 5
27.1835 268.38 268.38 2 25 5
27.1834 268.43 268.43 2 25 5
27.1833 268.48 268.48 2 25 5
27.1833 268.53 268.53 2 25 5
27.1828 268.58 268.58 2 25 5
27.1831 268.63 268.63 2 25 5
27.1833 268.68 268.68 2 25 5
27.1834 268.73 268.73 2 25 5
27.1834 268.78 268.78 2 25 5
27.1834 268.83 268.83 2 25 5
27.1833 268.88 268.88 2 25 5
27.1833 268.93 268.93 2 25 5
27.1832 268.98 268.98 2 25 5
27.1833 269.03 269.03 2 25 5
27.1835 269.08 269.08 2 25 5
27.1835 269.13 269.13 2 25 5
27.1833 269.18 269.18 2 25 5
27.1833 269.23 269.23 2 25 5
27.1832 269.28 269.28 2 25 5
27.1832 269.33 269.33 2 25 5
27.1834 269.38 269.38 2 25 5
27.1834 269.43 269.43 2 25 5
27.1833 269.48 269.48 2 25 5
27.1833 269.53 269.53 2 25 5
27.1833 269.58 269.58 2 25 5
27.1833 269.63 269.63 2 25 5
27.1832 269.68 269.68 2 25 5
27.1833 269.73 269.73 2 25 5
27.1833 269.78 269.78 2 25 5
27.1833 269.83 269.83 2 25 5
27.1833 269.88 269.88 2 25 5
27.1833 269.93 269.93 2 25 5
27.1833 269.98 269.98 2 25 5
27.1833 270.03 270.03 2 25 5
27.1833 270.08 270.08 2 25 5
27.1833 270.13 270.13 2 25 5
27.1833 270.18 270.18 2 25 5
27.1832 270.23 270.23 2 25 5
27.1834 270.28 270.28 2 25 5
27.1834 270.33 270.33 2 25 5
27.1833 270.38 270.38 2 25 5
27.1833 270.43 270.43 2 25 5
27.1833 270.48 270.48 2 25 5
27.1833 270.53 270.53 2 25 5
27.1832 270.58 270.58 2 25 5
27.1833 270.63 270.63 2 25 5
27.1833 270.68 270.68 2 25 5
27.1833 270.73 270.73 2 25 5
27.1833 270.78 270.78 2 25 5
27.1833 270.83 270.83 2 25 5
27.1833 270.88 270.88 2 25 5
27.1833 270.93 270.93 2 25 5
27.1832 270.98 270.98 2 25 5
27.1833 271.03 271.03 2 25 5
27.1833 271.08 271.08 2 25 5
27.1833 271.13 271.13 2 25 5
27.1833 271.18 271.18 2 25 5
27.1833 271.23 271.23 2 25 5
27.1833 271.28 271.28 2 25 5
27.1833 271.33 271.33 2 25 5
27.1833 271.38 271.38 2 25 5
27.1832 271.43 271.43 2 25 5
27.1834 271.48 271.48 2 25 5
27.1834 271.53 271.53 2 25 5
27.1833 271.58 271.58 2 25 5
27.1833 271.63 271.63 2 25 5
27.1833 271.68 271.68 2 25 5
27.1833 271.73 271.73 2 25 5
27.1832 271.78 271.78 2 25 5
27.1833 271.83 271.83 2 25 5
27.1833 271.88 271.88 2 25 5
27.1833 271.93 271.93 2 25 5
27.1833 271.98 271.98 2 25 5
27.1833 272.03 272.03 2 25 5
27.1833 272.08 272.08 2 25 5
27.1833 272.13 272.13 2 25 5
27.1837 272.18 272.18 2 25 5
27.1835 272.23 272.23 2 25 5
27.1833 272.28 272.28 2 25 5
27.1832 272.33 272.33 2 25 5
27.1832 272.38 272.38 2 25 5
27.1833 272.43 272.43 2 25 5
27.1833 272.48 272.48 2 25 5
27.1833 272.53 272.53 2 25 5
27.1833 272.58 272.58 2 25 5
27.1833 272.63 272.63 2 25 5
27.1833 272.68 272.68 2 25 5
27.1833 272.73 272.73 2 25 5
27.1833 272.78 272.78 2 25 5
27.1833 272.83 272.83 2 25 5
27.1832 272.88 272.88 2 25 5
27.1833 272.93 272.93 2 25 5
27.1833 272.98 272.98 2 25 5
27.1833 273.03 273.03 2 25 5
27.1833 273.08 273.08 2 25 5
27.1833 273.13 273.13 2 25 5
27.1833 273.18 273.18 2 25 5
27.1833 273.23 273.23 2 25 5
27.1833 273.28 273.28 2 25 5
27.1832 273.33 273.33 2 25 5
27.1833 273.38 273.38 2 25 5
27.1833 273.43 273.43 2 25 5
27.1833 273.48 273.48 2 25 5
27.1833 273.53 273.53 2 25 5
27.1833 273.58 273.58 2 25 5
27.1833 273.63 273.63 2 25 5
27.1833 273.68 273.68 2 25 5
27.1833 273.73 273.73 2 25 5
27.1831 273.78 273.78 2 25 5
27.1832 273.83 273.83 2 25 5
27.1834 273.88 273.88 2 25 5
27.1834 273.93 273.93 2 25 5
27.1834 273.98 273.98 2 25 5
27.1833 274.03 274.03 2 25 5
27.1833 274.08 274.08 2 25 5
27.1832 274.13 274.13 2 25 5
27.1833 274.18 274.18 2 25 5
27.1833 274.23 274.23 2 25 5
27.1833 274.28 274.28 2 25 5
27.1833 274.33 274.33 2 25 5
27.1833 274.38 274.38 2 25 5
27.1833 274.43 274.43 2 25 5
27.1833 274.48 274.48 2 25 5
27.1833 274.53 274.53 2 25 5
27.1833 274.58 274.58 2 25 5
27.1832 274.63 274.63 2 25 5
27.1834 274.68 274.68 2 25 5
27.1834 274.73 274.73 2 25 5
27.1833 274.78 274.78 2 25 5
27.1833 274.83 274.83 2 25 5
27.1833 274.88 274.88 2 25 5
27.1839 274.93 274.93 2 25 5
27.1836 274.98 274.98 2 25 5
27.1833 275.03 275.03 2 25 5
27.1832 275.08 275.08 2 25 5
27.1832 275.13 275.13 2 25 5
27.1833 275.18 275.18 2 25 5
27.1833 275.23 275.23 2 25 5
27.1832 275.28 275.28 2 25 5
27.1833 275.33 275.33 2 25 5
27.1834 275.38 275.38 2 25 5
27.1833 275.43 275.43 2 25 5
27.1833 275.48 275.48 2 25 5
27.1833 275.53 275.53 2 25 5
27.1833 275.58 275.58 2 25 5
27.1833 275.63 275.63 2 25 5
27.1832 275.68 275.68 2 25 5
27.1833 275.73 275.73 2 25 5
27.1833 275.78 275.78 2 25 5
27.1833 275.83 275.83 2 25 5
27.1833 275.88 275.88 2 25 5
27.1833 275.93 275.93 2 25 5
27.1833 275.98 275.98 2 25 5
27.1833 276.03 276.03 2 25 5
27.1833 276.08 276.08 2 25 5
27.1832 276.13 276.13 2 25 5
27.1833 276.18 276.18 2 25 5
27.1833 276.23 276.23 2 25 5
27.1833 276.28 276.28 2 25 5
27.1833 276.33 276.33 2 25 5
27.1833 276.38 276.38 2 25 5
27.1833 276.43 276.43 2 25 5
27.1833 276.48 276.48 2 25 5
27.1833 276.53 276.53 2 25 5
27.1833 276.58 276.58 2 25 5
27.1832 276.63 276.63 2 25 5
27.1835 276.68 276.68 2 25 5
27.1834 276.73 276.73 2 25 5
27.1833 276.78 276.78 2 25 5
27.1833 276.83 276.83 2 25 5
27.1832 276.88 276.88 2 25 5
27.1833 276.93 276.93 2 25 5
27.1833 276.98 276.98 2 25 5
27.1833 277.03 277.03 2 25 5
27.1833 277.08 277.08 2 25 5
27.1833 277.13 277.13 2 25 5
27.1833 277.18 277.18 2 25 5
27.1833 277.23 277.23 2 25 5
27.1833 277.28 277.28 2 25 5
27.1832 277.33 277.33 2 25 5
27.1834 277.38 277.38 2 25 5
27.1834 277.43 277.43 2 25 5
27.1833 277.48 277.48 2 25 5
27.1833 277.53 277.53 2 25 5
27.1833 277.58 277.58 2 25 5
27.1832 277.63 277.63 2 25 5
27.1834 277.68 277.68 2 25 5
27.1834 277.73 277.73 2 25 5
27.1833 277.78 277.78 2 25 5
27.1833 277.83 277.83 2 25 5
27.1833 277.88 277.88 2 25 5
27.1832 277.93 277.93 2 25 5
27.1833 277.98 277.98 2 25 5
27.1833 278.03 278.03 2 25 5
27.1833 278.08 278.08 2 25 5
27.1833 278.13 278.13 2 25 5
27.1833 278.18 278.18 2 25 5
27.1833 278.23 278.23 2 25 5
27.1833 278.28 278.28 2 25 5
27.1832 278.33 278.33 2 25 5
27.1833 278.38 278.38 2 25 5
27.1833 278.43 278.43 2 25 5
27.1833 278.48 278.48 2 25 5
27.1833 278.53 278.53 2 25 5
27.1833 278.58 278.58 2 25 5
27.1833 278.63 278.63 2 25 5
27.1833 278.68 278.68 2 25 5
27.1833 278.73 278.73 2 25 5
27.1832 278.78 278.78 2 25 5
27.1833 278.83 278.83 2 25 5
27.1833 278.88 278.88 2 25 5
27.1833 278.93 278.93 2 25 5
27.1833 278.98 278.98 2 25 5
27.1833 279.03 279.03 2 25 5
27.1833 279.08 279.08 2 25 5
27.1833 279.13 279.13 2 25 5
27.1833 279.18 279.18 2 25 5
27.1827 279.23 279.23 2 25 5
27.1831 279.28 279.28 2 25 5
27.1834 279.33 279.33 2 25 5
27.1835 279.38 279.38 2 25 5
27.1835 279.43 279.43 2 25 5
27.1834 279.48 279.48 2 25 5
27.1833 279.53 279.53 2 25 5
27.1833 279.58 279.58 2 25 5
27.183 279.63 279.63 2 25 5
27.1832 279.68 279.68 2 25 5
27.1833 279.73 279.73 2 25 5
27.1834 279.78 279.78 2 25 5
27.1834 279.83 279.83 2 25 5
27.1833 279.88 279.88 2 25 5
27.1833 279.93 279.93 2 25 5
27.1833 279.98 279.98 2 25 5
27.1832 280.03 280.03 2 25 5
27.1833 280.08 280.08 2 25 5
27.1833 280.13 280.13 2 25 5
27.1833 280.18 280.18 2 25 5
27.1833 280.23 280.23 2 25 5
27.1833 280.28 280.28 2 25 5
27.1833 280.33 280.33 2 25 5
27.1833 280.38 280.38 2 25 5
27.1832 280.43 280.43 2 25 5
27.1833 280.48 280.48 2 25 5
27.1833 280.53 280.53 2 25 5
27.1833 280.58 280.58 2 25 5
27.1833 280.63 280.63 2 25 5
27.1833 280.68 280.68 2 25 5
27.1833 280.73 280.73 2 25 5
27.1833 280.78 280.78 2 25 5
27.1833 280.83 280.83 2 25 5
27.1833 280.88 280.88 2 25 5
27.1831 280.93 280.93 2 25 5
27.1832 280.98 280.98 2 25 5
27.1834 281.03 281.03 2 25 5
27.1834 281.08 281.08 2 25 5
27.1834 281.13 281.13 2 25 5
27.1833 281.18 281.18 2 25 5
27.1833 281.23 281.23 2 25 5
27.1833 281.28 281.28 2 25 5
27.183 281.33 281.33 2 25 5
27.1832 281.38 281.38 2 25 5
27.1834 281.43 281.43 2 25 5
27.1834 281.48 281.48 2 25 5
27.1834 281.53 281.53 2 25 5
27.1833 281.58 281.58 2 25 5
27.1833 281.63 281.63 2 25 5
27.1833 281.68 281.68 2 25 5
27.1832 281.73 281.73 2 25 5
27.1833 281.78 281.78 2 25 5
27.1833 281.83 281.83 2 25 5
27.1833 281.88 281.88 2 25 5
27.1833 281.93 281.93 2 25 5
27.1833 281.98 281.98 2 25 5
27.1833 282.03 282.03 2 25 5
27.1833 282.08 282.08 2 25 5
27.1833 282.13 282.13 2 25 5
27.1832 282.18 282.18 2 25 5
27.1833 282.23 282.23 2 25 5
27.1833 282.28 282.28 2 25 5
27.1833 282.33 282.33 2 25 5
27.1833 282.38 282.38 2 25 5
27.1833 282.43 282.43 2 25 5
27.1833 282.48 282.48 2 25 5
27.1833 282.53 282.53 2 25 5
27.1832 282.58 282.58 2 25 5
27.1834 282.63 282.63 2 25 5
27.1834 282.68 282.68 2 25 5
27.1833 282.73 282.73 2 25 5
27.1833 282.78 282.78 2 25 5
27.1833 282.83 282.83 2 25 5
27.1833 282.88 282.88 2 25 5
27.1832 282.93 282.93 2 25 5
27.1833 282.98 282.98 2 25 5
27.1833 283.03 283.03 2 25 5
27.1833 283.08 283.08 2 25 5
27.1833 283.13 283.13 2 25 5
27.1833 283.18 283.18 2 25 5
27.1833 283.23 283.23 2 25 5
27.1833 283.28 283.28 2 25 5
27.1833 283.33 283.33 2 25 5
27.1833 283.38 283.38 2 25 5
27.1832 283.43 283.43 2 25 5
27.1834 283.48 283.48 2 25 5
27.1834 283.53 283.53 2 25 5
27.1833 283.58 283.58 2 25 5
27.1833 283.63 283.63 2 25 5
27.1833 283.68 283.68 2 25 5
27.1833 283.73 283.73 2 25 5
27.183 283.78 283.78 2 25 5
27.1832 283.83 283.83 2 25 5
27.1834 283.88 283.88 2 25 5
27.1834 283.93 283.93 2 25 5
27.1834 283.98 283.98 2 25 5
27.1833 284.03 284.03 2 25 5
27.1833 284.08 284.08 2 25 5
27.1833 284.13 284.13 2 25 5
27.1832 284.18 284.18 2 25 5
27.1833 284.23 284.23 2 25 5
27.1833 284.28 284.28 2 25 5
27.1833 284.33 284.33 2 25 5
27.1833 284.38 284.38 2 25 5
27.1833 284.43 284.43 2 25 5
27.1833 284.48 284.48 2 25 5
27.1833 284.53 284.53 2 25 5
27.1833 284.58 284.58 2 25 5
27.1833 284.63 284.63 2 25 5
27.1825 284.68 284.68 2 25 5
27.183 284.73 284.73 2 25 5
27.1834 284.78 284.78 2 25 5
27.1835 284.83 284.83 2 25 5
27.1835 284.88 284.88 2 25 5
27.1834 284.93 284.93 2 25 5
27.1833 284.98 284.98 2 25 5
27.1832 285.03 285.03 2 25 5
27.1836 285.08 285.08 2 25 5
27.1835 285.13 285.13 2 25 5
27.1833 285.18 285.18 2 25 5
27.1832 285.23 285.23 2 25 5
27.1833 285.28 285.28 2 25 5
27.1833 285.33 285.33 2 25 5
27.1833 285.38 285.38 2 25 5
27.1833 285.43 285.43 2 25 5
27.1833 285.48 285.48 2 25 5
27.1832 285.53 285.53 2 25 5
27.1833 285.58 285.58 2 25 5
27.1833 285.63 285.63 2 25 5
27.1833 285.68 285.68 2 25 5
27.1833 285.73 285.73 2 25 5
27.1833 285.78 285.78 2 25 5
27.1833 285.83 285.83 2 25 5
27.1833 285.88 285.88 2 25 5
27.1833 285.93 285.93 2 25 5
27.1833 285.98 285.98 2 25 5
27.183 286.03 286.03 2 25 5
27.1832 286.08 286.08 2 25 5
27.1834 286.13 286.13 2 25 5
27.1834 286.18 286.18 2 25 5
27.1834 286.23 286.23 2 25 5
27.1833 286.28 286.28 2 25 5
27.1833 286.33 286.33 2 25 5
27.1833 286.38 286.38 2 25 5
27.1831 286.43 286.43 2 25 5
27.1832 286.48 286.48 2 25 5
27.1834 286.53 286.53 2 25 5
27.1834 286.58 286.58 2 25 5
27.1834 286.63 286.63 2 25 5
27.1833 286.68 286.68 2 25 5
27.1833 286.73 286.73 2 25 5
27.1832 286.78 286.78 2 25 5
27.1833 286.83 286.83 2 25 5
27.1833 286.88 286.88 2 25 5
27.1833 286.93 286.93 2 25 5
27.1833 286.98 286.98 2 25 5
27.1833 287.03 287.03 2 25 5
27.1833 287.08 287.08 2 25 5
27.1833 287.13 287.13 2 25 5
27.1833 287.18 287.18 2 25 5
27.1832 287.23 287.23 2 25 5
27.1834 287.28 287.28 2 25 5
27.1834 287.33 287.33 2 25 5
27.1833 287.38 287.38 2 25 5
27.1833 287.43 287.43 2 25 5
27.1833 287.48 287.48 2 25 5
27.1832 287.53 287.53 2 25 5
27.1833 287.58 287.58 2 25 5
27.1833 287.63 287.63 2 25 5
27.1833 287.68 287.68 2 25 5
27.1833 287.73 287.73 2 25 5
27.1833 287.78 287.78 2 25 5
27.1833 287.83 287.83 2 25 5
27.1833 287.88 287.88 2 25 5
27.1833 287.93 287.93 2 25 5
27.1833 287.98 287.98 2 25 5
27.1833 288.03 288.03 2 25 5
27.1833 288.08 288.08 2 25 5
27.1833 288.13 288.13 2 25 5
27.1832 288.18 288.18 2 25 5
27.1833 288.23 288.23 2 25 5
27.1834 288.28 288.28 2 25 5
27.1833 288.33 288.33 2 25 5
27.1833 288.38 288.38 2 25 5
27.1833 288.43 288.43 2 25 5
27.1833 288.48 288.48 2 25 5
27.1833 288.53 288.53 2 25 5
27.1832 288.58 288.58 2 25 5
27.1838 288.63 288.63 2 25 5
27.1836 288.68 288.68 2 25 5
27.1834 288.73 288.73 2 25 5
27.1832 288.78 288.78 2 25 5
27.1832 288.83 288.83 2 25 5
27.1836 288.88 288.88 2 25 5
27.1835 288.93 288.93 2 25 5
27.1833 288.98 288.98 2 25 5
27.1833 289.03 289.03 2 25 5
27.1831 289.08 289.08 2 25 5
27.1832 289.13 289.13 2 25 5
27.1834 289.18 289.18 2 25 5
27.1834 289.23 289.23 2 25 5
27.1834 289.28 289.28 2 25 5
27.1833 289.33 289.33 2 25 5
27.1833 289.38 289.38 2 25 5
27.1833 289.43 289.43 2 25 5
27.1832 289.48 289.48 2 25 5
27.1833 289.53 289.53 2 25 5
27.1834 289.58 289.58 2 25 5
27.1833 289.63 289.63 2 25 5
27.1833 289.68 289.68 2 25 5
27.1833 289.73 289.73 2 25 5
27.1833 289.78 289.78 2 25 5
27.1833 289.83 289.83 2 25 5
27.1832 289.88 289.88 2 25 5
27.1833 289.93 289.93 2 25 5
27.1834 289.98 289.98 2 25 5
27.1833 290.03 290.03 2 25 5
27.1833 290.08 290.08 2 25 5
27.1833 290.13 290.13 2 25 5
27.1833 290.18 290.18 2 25 5
27.1833 290.23 290.23 2 25 5
27.1831 290.28 290.28 2 25 5
27.1833 290.33 290.33 2 25 5
27.1833 290.38 290.38 2 25 5
27.1833 290.43 290.43 2 25 5
27.1833 290.48 290.48 2 25 5
27.1833 290.53 290.53 2 25 5
27.1833 290.58 290.58 2 25 5
27.1833 290.63 290.63 2 25 5
27.1833 290.68 290.68 2 25 5
27.1833 290.73 290.73 2 25 5
27.1833 290.78 290.78 2 25 5
27.1831 290.83 290.83 2 25 5
27.1833 290.88 290.88 2 25 5
27.1832 290.93 290.93 2 25 5
27.1836 290.98 290.98 2 25 5
27.1835 291.03 291.03 2 25 5
27.1834 291.08 291.08 2 25 5
27.1833 291.13 291.13 2 25 5
27.1832 291.18 291.18 2 25 5
27.1833 291.23 291.23 2 25 5
27.1833 291.28 291.28 2 25 5
27.1833 291.33 291.33 2 25 5
27.1833 291.38 291.38 2 25 5
27.1833 291.43 291.43 2 25 5
27.1833 291.48 291.48 2 25 5
27.1833 291.53 291.53 2 25 5
27.1833 291.58 291.58 2 25 5
27.1833 291.63 291.63 2 25 5
27.1833 291.68 291.68 2 25 5
27.1833 291.73 291.73 2 25 5
27.1833 291.78 291.78 2 25 5
27.1833 291.83 291.83 2 25 5
27.1833 291.88 291.88 2 25 5
27.1833 291.93 291.93 2 25 5
27.1833 291.98 291.98 2 25 5
27.1833 292.03 292.03 2 25 5
27.1832 292.08 292.08 2 25 5
27.1836 292.13 292.13 2 25 5
27.1835 292.18 292.18 2 25 5
27.1834 292.23 292.23 2 25 5
27.1833 292.28 292.28 2 25 5
27.1831 292.33 292.33 2 25 5
27.1832 292.38 292.38 2 25 5
27.184 292.43 292.43 2 25 5
27.1837 292.48 292.48 2 25 5
27.1834 292.53 292.53 2 25 5
27.1832 292.58 292.58 2 25 5
27.1832 292.63 292.63 2 25 5
27.1833 292.68 292.68 2 25 5
27.1832 292.73 292.73 2 25 5
27.1834 292.78 292.78 2 25 5
27.1834 292.83 292.83 2 25 5
27.1834 292.88 292.88 2 25 5
27.1833 292.93 292.93 2 25 5
27.1833 292.98 292.98 2 25 5
27.1832 293.03 293.03 2 25 5
27.1833 293.08 293.08 2 25 5
27.1833 293.13 293.13 2 25 5
27.1833 293.18 293.18 2 25 5
27.1833 293.23 293.23 2 25 5
27.1833 293.28 293.28 2 25 5
27.1833 293.33 293.33 2 25 5
27.1833 293.38 293.38 2 25 5
27.1833 293.43 293.43 2 25 5
27.1828 293.48 293.48 2 25 5
27.1831 293.53 293.53 2 25 5
27.1834 293.58 293.58 2 25 5
27.1835 293.63 293.63 2 25 5
27.1835 293.68 293.68 2 25 5
27.1834 293.73 293.73 2 25 5
27.1833 293.78 293.78 2 25 5
27.1833 293.83 293.83 2 25 5
27.1831 293.88 293.88 2 25 5
27.1833 293.93 293.93 2 25 5
27.1833 293.98 293.98 2 25 5
27.1833 294.03 294.03 2 25 5
27.1833 294.08 294.08 2 25 5
27.1833 294.13 294.13 2 25 5
27.1833 294.18 294.18 2 25 5
27.1833 294.23 294.23 2 25 5
27.1833 294.28 294.28 2 25 5
27.1833 294.33 294.33 2 25 5
27.1833 294.38 294.38 2 25 5
27.1833 294.43 294.43 2 25 5
27.1833 294.48 294.48 2 25 5
27.1833 294.53 294.53 2 25 5
27.1833 294.58 294.58 2 25 5
27.1833 294.63 294.63 2 25 5
27.1829 294.68 294.68 2 25 5
27.1832 294.73 294.73 2 25 5
27.1834 294.78 294.78 2 25 5
27.1835 294.83 294.83 2 25 5
27.1834 294.88 294.88 2 25 5
27.1834 294.93 294.93 2 25 5
27.1833 294.98 294.98 2 25 5
27.1833 295.03 295.03 2 25 5
27.1832 295.08 295.08 2 25 5
27.1833 295.13 295.13 2 25 5
27.1833 295.18 295.18 2 25 5
27.1833 295.23 295.23 2 25 5
27.1833 295.28 295.28 2 25 5
27.1833 295.33 295.33 2 25 5
27.1833 295.38 295.38 2 25 5
27.1833 295.43 295.43 2 25 5
27.1833 295.48 295.48 2 25 5
27.1833 295.53 295.53 2 25 5
27.1832 295.58 295.58 2 25 5
27.1828 295.63 295.63 2 25 5
27.1831 295.68 295.68 2 25 5
27.1834 295.73 295.73 2 25 5
27.1835 295.78 295.78 2 25 5
27.1835 295.83 295.83 2 25 5
27.1834 295.88 295.88 2 25 5
27.1833 295.93 295.93 2 25 5
27.1833 295.98 295.98 2 25 5
27.1831 296.03 296.03 2 25 5
27.1833 296.08 296.08 2 25 5
27.1833 296.13 296.13 2 25 5
27.1833 296.18 296.18 2 25 5
27.1833 296.23 296.23 2 25 5
27.1831 296.28 296.28 2 25 5
27.1833 296.33 296.33 2 25 5
27.1833 296.38 296.38 2 25 5
27.1833 296.43 296.43 2 25 5
27.1833 296.48 296.48 2 25 5
27.1833 296.53 296.53 2 25 5
27.1833 296.58 296.58 2 25 5
27.1833 296.63 296.63 2 25 5
27.1833 296.68 296.68 2 25 5
27.1833 296.73 296.73 2 25 5
27.1833 296.78 296.78 2 25 5
27.1832 296.83 296.83 2 25 5
27.1833 296.88 296.88 2 25 5
27.1834 296.93 296.93 2 25 5
27.1834 296.98 296.98 2 25 5
27.1833 297.03 297.03 2 25 5
27.1833 297.08 297.08 2 25 5
27.1833 297.13 297.13 2 25 5
27.1833 297.18 297.18 2 25 5
27.1832 297.23 297.23 2 25 5
27.1836 297.28 297.28 2 25 5
27.1835 297.33 297.33 2 25 5
27.1834 297.38 297.38 2 25 5
27.1833 297.43 297.43 2 25 5
27.1832 297.48 297.48 2 25 5
27.1833 297.53 297.53 2 25 5
27.1833 297.58 297.58 2 25 5
27.1833 297.63 297.63 2 25 5
27.1833 297.68 297.68 2 25 5
27.1833 297.73 297.73 2 25 5
27.1833 297.78 297.78 2 25 5
27.1833 297.83 297.83 2 25 5
27.1833 297.88 297.88 2 25 5
27.1833 297.93 297.93 2 25 5
27.1833 297.98 297.98 2 25 5
27.1833 298.03 298.03 2 25 5
27.1833 298.08 298.08 2 25 5
27.1831 298.13 298.13 2 25 5
27.1833 298.18 298.18 2 25 5
27.1833 298.23 298.23 2 25 5
27.1833 298.28 298.28 2 25 5
27.1833 298.33 298.33 2 25 5
27.1833 298.38 298.38 2 25 5
27.1833 298.43 298.43 2 25 5
27.1833 298.48 298.48 2 25 5
27.1833 298.53 298.53 2 25 5
27.1833 298.58 298.58 2 25 5
27.1832 298.63 298.63 2 25 5
27.1833 298.68 298.68 2 25 5
27.1834 298.73 298.73 2 25 5
27.1834 298.78 298.78 2 25 5
27.1833 298.83 298.83 2 25 5
27.1833 298.88 298.88 2 25 5
27.1833 298.93 298.93 2 25 5
27.1833 298.98 298.98 2 25 5
27.1832 299.03 299.03 2 25 5
27.1837 299.08 299.08 2 25 5
27.1836 299.13 299.13 2 25 5
27.1834 299.18 299.18 2 25 5
27.1832 299.23 299.23 2 25 5
27.1833 299.28 299.28 2 25 5
27.1833 299.33 299.33 2 25 5
27.1833 299.38 299.38 2 25 5
27.1833 299.43 299.43 2 25 5
27.1833 299.48 299.48 2 25 5
27.1831 299.53 299.53 2 25 5
27.1802 299.58 299.58 2 25 5
27.1803 299.63 299.63 2 25 5
27.1819 299.68 299.68 2 25 5
27.1834 299.73 299.73 2 25 5
27.1841 299.78 299.78 2 25 5
27.1841 299.83 299.83 2 25 5
27.1837 299.88 299.88 2 25 5
27.1833 299.93 299.93 2 25 5
27.1831 299.98 299.98 2 25 5
27.1831 300.03 300.03 2 25 5
27.1833 300.08 300.08 2 25 5
27.1833 300.13 300.13 2 25 5
27.1833 300.18 300.18 2 25 5
27.1833 300.23 300.23 2 25 5
27.1833 300.28 300.28 2 25 5
27.1833 300.33 300.33 2 25 5
27.1833 300.38 300.38 2 25 5
27.1833 300.43 300.43 2 25 5
27.1833 300.48 300.48 2 25 5
27.1833 300.53 300.53 2 25 5
27.1833 300.58 300.58 2 25 5
27.1785 300.63 300.63 2 25 5
27.1786 300.68 300.68 2 25 5
27.181 300.73 300.73 2 25 5
27.1834 300.78 300.78 2 25 5
27.1845 300.83 300.83 2 25 5
27.1845 300.88 300.88 2 25 5
27.1839 300.93 300.93 2 25 5
27.1833 300.98 300.98 2 25 5
27.183 301.03 301.03 2 25 5
27.183 301.08 301.08 2 25 5
27.1832 301.13 301.13 2 25 5
27.1834 301.18 301.18 2 25 5
27.1834 301.23 301.23 2 25 5
27.1834 301.28 301.28 2 25 5
27.1833 301.33 301.33 2 25 5
27.1833 301.38 301.38 2 25 5
27.1833 301.43 301.43 2 25 5
27.1832 301.48 301.48 2 25 5
27.1833 301.53 301.53 2 25 5
27.1833 301.58 301.58 2 25 5
27.1833 301.63 301.63 2 25 5
27.1833 301.68 301.68 2 25 5
27.1833 301.73 301.73 2 25 5
27.1833 301.78 301.78 2 25 5
27.1833 301.83 301.83 2 25 5
27.1833 301.88 301.88 2 25 5
27.1833 301.93 301.93 2 25 5
27.1832 301.98 301.98 2 25 5
27.1834 302.03 302.03 2 25 5
27.1834 302.08 302.08 2 25 5
27.1834 302.13 302.13 2 25 5
27.1833 302.18 302.18 2 25 5
27.1833 302.23 302.23 2 25 5
27.1833 302.28 302.28 2 25 5
27.1833 302.33 302.33 2 25 5
27.1832 302.38 302.38 2 25 5
27.1833 302.43 302.43 2 25 5
27.1833 302.48 302.48 2 25 5
27.1834 302.53 302.53 2 25 5
27.1833 302.58 302.58 2 25 5
27.1833 302.63 302.63 2 25 5
27.1833 302.68 302.68 2 25 5
27.1833 302.73 302.73 2 25 5
27.1833 302.78 302.78 2 25 5
27.1832 302.83 302.83 2 25 5
27.1815 302.88 302.88 2 25 5
27.1825 302.93 302.93 2 25 5
27.1834 302.98 302.98 2 25 5
27.1838 303.03 303.03 2 25 5
27.1838 303.08 303.08 2 25 5
27.1835 303.13 303.13 2 25 5
27.1833 303.18 303.18 2 25 5
27.1832 303.23 303.23 2 25 5
27.1833 303.28 303.28 2 25 5
27.1831 303.33 303.33 2 25 5
27.1833 303.38 303.38 2 25 5
27.1833 303.43 303.43 2 25 5
27.1833 303.48 303.48 2 25 5
27.1833 303.53 303.53 2 25 5
27.1833 303.58 303.58 2 25 5
27.1833 303.63 303.63 2 25 5
27.1833 303.68 303.68 2 25 5
27.1833 303.73 303.73 2 25 5
27.1833 303.78 303.78 2 25 5
27.1833 303.83 303.83 2 25 5
27.1832 303.88 303.88 2 25 5
27.1834 303.93 303.93 2 25 5
27.1834 303.98 303.98 2 25 5
27.1834 304.03 304.03 2 25 5
27.1833 304.08 304.08 2 25 5
27.1833 304.13 304.13 2 25 5
27.1833 304.18 304.18 2 25 5
27.1832 304.23 304.23 2 25 5
27.1833 304.28 304.28 2 25 5
27.1833 304.33 304.33 2 25 5
27.1834 304.38 304.38 2 25 5
27.1833 304.43 304.43 2 25 5
27.1833 304.48 304.48 2 25 5
27.1833 304.53 304.53 2 25 5
27.1833 304.58 304.58 2 25 5
27.1833 304.63 304.63 2 25 5
27.1833 304.68 304.68 2 25 5
27.1831 304.73 304.73 2 25 5
27.1833 304.78 304.78 2 25 5
27.1833 304.83 304.83 2 25 5
27.1834 304.88 304.88 2 25 5
27.1833 304.93 304.93 2 25 5
27.1833 304.98 304.98 2 25 5
27.1833 305.03 305.03 2 25 5
27.1833 305.08 305.08 2 25 5
27.1833 305.13 305.13 2 25 5
27.1833 305.18 305.18 2 25 5
27.1831 305.23 305.23 2 25 5
27.1833 305.28 305.28 2 25 5
27.1833 305.33 305.33 2 25 5
27.1834 305.38 305.38 2 25 5
27.1833 305.43 305.43 2 25 5
27.1833 305.48 305.48 2 25 5
27.1833 305.53 305.53 2 25 5
27.1833 305.58 305.58 2 25 5
27.1833 305.63 305.63 2 25 5
27.1833 305.68 305.68 2 25 5
27.1831 305.73 305.73 2 25 5
27.1833 305.78 305.78 2 25 5
27.1833 305.83 305.83 2 25 5
27.1834 305.88 305.88 2 25 5
27.1834 305.93 305.93 2 25 5
27.1833 305.98 305.98 2 25 5
27.1833 306.03 306.03 2 25 5
27.1833 306.08 306.08 2 25 5
27.1833 306.13 306.13 2 25 5
27.1833 306.18 306.18 2 25 5
27.1832 306.23 306.23 2 25 5
27.1834 306.28 306.28 2 25 5
27.1834 306.33 306.33 2 25 5
27.1834 306.38 306.38 2 25 5
27.1833 306.43 306.43 2 25 5
27.1833 306.48 306.48 2 25 5
27.1833 306.53 306.53 2 25 5
27.1832 306.58 306.58 2 25 5
27.1834 306.63 306.63 2 25 5
27.1834 306.68 306.68 2 25 5
27.1834 306.73 306.73 2 25 5
27.1833 306.78 306.78 2 25 5
27.1833 306.83 306.83 2 25 5
27.1833 306.88 306.88 2 25 5
27.1832 306.93 306.93 2 25 5
27.1834 306.98 306.98 2 25 5
27.1834 307.03 307.03 2 25 5
27.1834 307.08 307.08 2 25 5
27.1833 307.13 307.13 2 25 5
27.1833 307.18 307.18 2 25 5
27.1832 307.23 307.23 2 25 5
27.1834 307.28 307.28 2 25 5
27.1834 307.33 307.33 2 25 5
27.1834 307.38 307.38 2 25 5
27.1833 307.43 307.43 2 25 5
27.1833 307.48 307.48 2 25 5
27.1833 307.53 307.53 2 25 5
27.1832 307.58 307.58 2 25 5
27.1834 307.63 307.63 2 25 5
27.1834 307.68 307.68 2 25 5
27.1834 307.73 307.73 2 25 5
27.1833 307.78 307.78 2 25 5
27.1833 307.83 307.83 2 25 5
27.1833 307.88 307.88 2 25 5
27.1833 307.93 307.93 2 25 5
27.1832 307.98 307.98 2 25 5
27.1833 308.03 308.03 2 25 5
27.1834 308.08 308.08 2 25 5
27.1834 308.13 308.13 2 25 5
27.1833 308.18 308.18 2 25 5
27.1833 308.23 308.23 2 25 5
27.1833 308.28 308.28 2 25 5
27.1833 308.33 308.33 2 25 5
27.1833 308.38 308.38 2 25 5
27.1832 308.43 308.43 2 25 5
27.1834 308.48 308.48 2 25 5
27.1834 308.53 308.53 2 25 5
27.1834 308.58 308.58 2 25 5
27.1833 308.63 308.63 2 25 5
27.1833 308.68 308.68 2 25 5
27.1832 308.73 308.73 2 25 5
27.1834 308.78 308.78 2 25 5
27.1834 308.83 308.83 2 25 5
27.1834 308.88 308.88 2 25 5
27.1833 308.93 308.93 2 25 5
27.1833 308.98 308.98 2 25 5
27.1832 309.03 309.03 2 25 5
27.1829 309.08 309.08 2 25 5
27.1832 309.13 309.13 2 25 5
27.1834 309.18 309.18 2 25 5
27.1835 309.23 309.23 2 25 5
27.1834 309.28 309.28 2 25 5
27.1834 309.33 309.33 2 25 5
27.1833 309.38 309.38 2 25 5
27.1833 309.43 309.43 2 25 5
27.1831 309.48 309.48 2 25 5
27.1833 309.53 309.53 2 25 5
27.1833 309.58 309.58 2 25 5
27.1833 309.63 309.63 2 25 5
27.1833 309.68 309.68 2 25 5
27.1833 309.73 309.73 2 25 5
27.1833 309.78 309.78 2 25 5
27.1833 309.83 309.83 2 25 5
27.1833 309.88 309.88 2 25 5
27.1833 309.93 309.93 2 25 5
27.1832 309.98 309.98 2 25 5
27.1836 310.03 310.03 2 25 5
27.1835 310.08 310.08 2 25 5
27.1834 310.13 310.13 2 25 5
27.1833 310.18 310.18 2 25 5
27.1832 310.23 310.23 2 25 5
27.1833 310.28 310.28 2 25 5
27.1833 310.33 310.33 2 25 5
27.1833 310.38 310.38 2 25 5
27.1833 310.43 310.43 2 25 5
27.1833 310.48 310.48 2 25 5
27.1833 310.53 310.53 2 25 5
27.1833 310.58 310.58 2 25 5
27.1833 310.63 310.63 2 25 5
27.1833 310.68 310.68 2 25 5
27.1833 310.73 310.73 2 25 5
27.1833 310.78 310.78 2 25 5
27.1833 310.83 310.83 2 25 5
27.1833 310.88 310.88 2 25 5
27.1832 310.93 310.93 2 25 5
27.1834 310.98 310.98 2 25 5
27.1834 311.03 311.03 2 25 5
27.1834 311.08 311.08 2 25 5
27.1833 311.13 311.13 2 25 5
27.1833 311.18 311.18 2 25 5
27.1833 311.23 311.23 2 25 5
27.1832 311.28 311.28 2 25 5
27.1829 311.33 311.33 2 25 5
27.1832 311.38 311.38 2 25 5
27.1834 311.43 311.43 2 25 5
27.1835 311.48 311.48 2 25 5
27.1834 311.53 311.53 2 25 5
27.1833 311.58 311.58 2 25 5
27.1833 311.63 311.63 2 25 5
27.1832 311.68 311.68 2 25 5
27.1831 311.73 311.73 2 25 5
27.1832 311.78 311.78 2 25 5
27.1831 311.83 311.83 2 25 5
27.1833 311.88 311.88 2 25 5
27.1834 311.93 311.93 2 25 5
27.1834 311.98 311.98 2 25 5
27.1834 312.03 312.03 2 25 5
27.1833 312.08 312.08 2 25 5
27.1833 312.13 312.13 2 25 5
27.1833 312.18 312.18 2 25 5
27.1832 312.23 312.23 2 25 5
27.1834 312.28 312.28 2 25 5
27.1834 312.33 312.33 2 25 5
27.1834 312.38 312.38 2 25 5
27.1833 312.43 312.43 2 25 5
27.1833 312.48 312.48 2 25 5
27.1832 312.53 312.53 2 25 5
27.1826 312.58 312.58 2 25 5
27.183 312.63 312.63 2 25 5
27.1834 312.68 312.68 2 25 5
27.1835 312.73 312.73 2 25 5
27.1835 312.78 312.78 2 25 5
27.1834 312.83 312.83 2 25 5
27.1833 312.88 312.88 2 25 5
27.1833 312.93 312.93 2 25 5
27.1831 312.98 312.98 2 25 5
27.1833 313.03 313.03 2 25 5
27.1832 313.08 313.08 2 25 5
27.1834 313.13 313.13 2 25 5
27.1834 313.18 313.18 2 25 5
27.1834 313.23 313.23 2 25 5
27.1833 313.28 313.28 2 25 5
27.1833 313.33 313.33 2 25 5
27.1833 313.38 313.38 2 25 5
27.1832 313.43 313.43 2 25 5
27.1833 313.48 313.48 2 25 5
27.1834 313.53 313.53 2 25 5
27.1834 313.58 313.58 2 25 5
27.1833 313.63 313.63 2 25 5
27.1833 313.68 313.68 2 25 5
27.1833 313.73 313.73 2 25 5
27.1833 313.78 313.78 2 25 5
27.1833 313.83 313.83 2 25 5
27.1832 313.88 313.88 2 25 5
27.1838 313.93 313.93 2 25 5
27.1836 313.98 313.98 2 25 5
27.1834 314.03 314.03 2 25 5
27.1832 314.08 314.08 2 25 5
27.1834 314.13 314.13 2 25 5
27.1834 314.18 314.18 2 25 5
27.1833 314.23 314.23 2 25 5
27.1833 314.28 314.28 2 25 5
27.1832 314.33 314.33 2 25 5
27.1834 314.38 314.38 2 25 5
27.1834 314.43 314.43 2 25 5
27.1834 314.48 314.48 2 25 5
27.1833 314.53 314.53 2 25 5
27.1833 314.58 314.58 2 25 5
27.1832 314.63 314.63 2 25 5
27.1835 314.68 314.68 2 25 5
27.1834 314.73 314.73 2 25 5
27.1834 314.78 314.78 2 25 5
27.1833 314.83 314.83 2 25 5
27.1833 314.88 314.88 2 25 5
27.1831 314.93 314.93 2 25 5
27.1833 314.98 314.98 2 25 5
27.1833 315.03 315.03 2 25 5
27.1834 315.08 315.08 2 25 5
27.1833 315.13 315.13 2 25 5
27.1833 315.18 315.18 2 25 5
27.1833 315.23 315.23 2 25 5
27.1833 315.28 315.28 2 25 5
27.1833 315.33 315.33 2 25 5
27.1833 315.38 315.38 2 25 5
27.1832 315.43 315.43 2 25 5
27.1833 315.48 315.48 2 25 5
27.1834 315.53 315.53 2 25 5
27.1834 315.58 315.58 2 25 5
27.1833 315.63 315.63 2 25 5
27.1833 315.68 315.68 2 25 5
27.1833 315.73 315.73 2 25 5
27.1833 315.78 315.78 2 25 5
27.1832 315.83 315.83 2 25 5
27.1845 315.88 315.88 2 25 5
27.1839 315.93 315.93 2 25 5
27.1834 315.98 315.98 2 25 5
27.1831 316.03 316.03 2 25 5
27.1831 316.08 316.08 2 25 5
27.1832 316.13 316.13 2 25 5
27.1837 316.18 316.18 2 25 5
27.1836 316.23 316.23 2 25 5
27.1834 316.28 316.28 2 25 5
27.1833 316.33 316.33 2 25 5
27.1832 316.38 316.38 2 25 5
27.1833 316.43 316.43 2 25 5
27.1833 316.48 316.48 2 25 5
27.1833 316.53 316.53 2 25 5
27.1833 316.58 316.58 2 25 5
27.1833 316.63 316.63 2 25 5
27.1833 316.68 316.68 2 25 5
27.1833 316.73 316.73 2 25 5
27.1833 316.78 316.78 2 25 5
27.1833 316.83 316.83 2 25 5
27.1832 316.88 316.88 2 25 5
27.183 316.93 316.93 2 25 5
27.1832 316.98 316.98 2 25 5
27.183 317.03 317.03 2 25 5
27.1833 317.08 317.08 2 25 5
27.1833 317.13 317.13 2 25 5
27.1834 317.18 317.18 2 25 5
27.1834 317.23 317.23 2 25 5
27.1834 317.28 317.28 2 25 5
27.1833 317.33 317.33 2 25 5
27.1833 317.38 317.38 2 25 5
27.1833 317.43 317.43 2 25 5
27.1832 317.48 317.48 2 25 5
27.184 317.53 317.53 2 25 5
27.1837 317.58 317.58 2 25 5
27.1834 317.63 317.63 2 25 5
27.1832 317.68 317.68 2 25 5
27.1833 317.73 317.73 2 25 5
27.1832 317.78 317.78 2 25 5
27.1833 317.83 317.83 2 25 5
27.1833 317.88 317.88 2 25 5
27.1834 317.93 317.93 2 25 5
27.1833 317.98 317.98 2 25 5
27.1833 318.03 318.03 2 25 5
27.1833 318.08 318.08 2 25 5
27.1833 318.13 318.13 2 25 5
27.1833 318.18 318.18 2 25 5
27.1832 318.23 318.23 2 25 5
27.1831 318.28 318.28 2 25 5
27.1833 318.33 318.33 2 25 5
27.1834 318.38 318.38 2 25 5
27.1834 318.43 318.43 2 25 5
27.1834 318.48 318.48 2 25 5
27.1833 318.53 318.53 2 25 5
27.1833 318.58 318.58 2 25 5
27.1833 318.63 318.63 2 25 5
27.1833 318.68 318.68 2 25 5
27.1832 318.73 318.73 2 25 5
27.1834 318.78 318.78 2 25 5
27.1834 318.83 318.83 2 25 5
27.1834 318.88 318.88 2 25 5
27.1833 318.93 318.93 2 25 5
27.1833 318.98 318.98 2 25 5
27.1833 319.03 319.03 2 25 5
27.1832 319.08 319.08 2 25 5
27.1835 319.13 319.13 2 25 5
27.1835 319.18 319.18 2 25 5
27.1834 319.23 319.23 2 25 5
27.1833 319.28 319.28 2 25 5
27.1832 319.33 319.33 2 25 5
27.185 319.38 319.38 2 25 5
27.1842 319.43 319.43 2 25 5
27.1834 319.48 319.48 2 25 5
27.1829 319.53 319.53 2 25 5
27.1829 319.58 319.58 2 25 5
27.1831 319.63 319.63 2 25 5
27.1834 319.68 319.68 2 25 5
27.1835 319.73 319.73 2 25 5
27.1834 319.78 319.78 2 25 5
27.1834 319.83 319.83 2 25 5
27.1833 319.88 319.88 2 25 5
27.1833 319.93 319.93 2 25 5
27.1832 319.98 319.98 2 25 5
27.1836 320.03 320.03 2 25 5
27.1835 320.08 320.08 2 25 5
27.1834 320.13 320.13 2 25 5
27.1833 320.18 320.18 2 25 5
27.1832 320.23 320.23 2 25 5
27.1836 320.28 320.28 2 25 5
27.1835 320.33 320.33 2 25 5
27.1834 320.38 320.38 2 25 5
27.1833 320.43 320.43 2 25 5
27.1832 320.48 320.48 2 25 5
27.1834 320.53 320.53 2 25 5
27.1834 320.58 320.58 2 25 5
27.1834 320.63 320.63 2 25 5
27.1833 320.68 320.68 2 25 5
27.1833 320.73 320.73 2 25 5
27.1833 320.78 320.78 2 25 5
27.1833 320.83 320.83 2 25 5
27.1832 320.88 320.88 2 25 5
27.1834 320.93 320.93 2 25 5
27.1834 320.98 320.98 2 25 5
27.1834 321.03 321.03 2 25 5
27.1833 321.08 321.08 2 25 5
27.1833 321.13 321.13 2 25 5
27.1832 321.18 321.18 2 25 5
27.1831 321.23 321.23 2 25 5
27.1833 321.28 321.28 2 25 5
27.1833 321.33 321.33 2 25 5
27.1834 321.38 321.38 2 25 5
27.1834 321.43 321.43 2 25 5
27.1833 321.48 321.48 2 25 5
27.1833 321.53 321.53 2 25 5
27.1833 321.58 321.58 2 25 5
27.1833 321.63 321.63 2 25 5
27.1833 321.68 321.68 2 25 5
27.1832 321.73 321.73 2 25 5
27.1843 321.78 321.78 2 25 5
27.1839 321.83 321.83 2 25 5
27.1834 321.88 321.88 2 25 5
27.1831 321.93 321.93 2 25 5
27.1831 321.98 321.98 2 25 5
27.1833 322.03 322.03 2 25 5
27.1833 322.08 322.08 2 25 5
27.1833 322.13 322.13 2 25 5
27.1833 322.18 322.18 2 25 5
27.1833 322.23 322.23 2 25 5
27.1833 322.28 322.28 2 25 5
27.1833 322.33 322.33 2 25 5
27.1833 322.38 322.38 2 25 5
27.1833 322.43 322.43 2 25 5
27.1833 322.48 322.48 2 25 5
27.1833 322.53 322.53 2 25 5
27.1833 322.58 322.58 2 25 5
27.1833 322.63 322.63 2 25 5
27.1833 322.68 322.68 2 25 5
27.1833 322.73 322.73 2 25 5
27.1833 322.78 322.78 2 25 5
27.1833 322.83 322.83 2 25 5
27.1833 322.88 322.88 2 25 5
27.1833 322.93 322.93 2 25 5
27.1833 322.98 322.98 2 25 5
27.1833 323.03 323.03 2 25 5
27.1833 323.08 323.08 2 25 5
27.1832 323.13 323.13 2 25 5
27.1831 323.18 323.18 2 25 5
27.1833 323.23 323.23 2 25 5
27.1834 323.28 323.28 2 25 5
27.1834 323.33 323.33 2 25 5
27.1834 323.38 323.38 2 25 5
27.1833 323.43 323.43 2 25 5
27.1833 323.48 323.48 2 25 5
27.1833 323.53 323.53 2 25 5
27.1832 323.58 323.58 2 25 5
27.183 323.63 323.63 2 25 5
27.1832 323.68 323.68 2 25 5
27.1836 323.73 323.73 2 25 5
27.1836 323.78 323.78 2 25 5
27.1834 323.83 323.83 2 25 5
27.1833 323.88 323.88 2 25 5
27.1832 323.93 323.93 2 25 5
27.1835 323.98 323.98 2 25 5
27.1835 324.03 324.03 2 25 5
27.1834 324.08 324.08 2 25 5
27.1833 324.13 324.13 2 25 5
27.1832 324.18 324.18 2 25 5
27.1835 324.23 324.23 2 25 5
27.1835 324.28 324.28 2 25 5
27.1834 324.33 324.33 2 25 5
27.1833 324.38 324.38 2 25 5
27.1832 324.43 324.43 2 25 5
27.183 324.48 324.48 2 25 5
27.1832 324.53 324.53 2 25 5
27.1836 324.58 324.58 2 25 5
27.1836 324.63 324.63 2 25 5
27.1834 324.68 324.68 2 25 5
27.1833 324.73 324.73 2 25 5
27.1832 324.78 324.78 2 25 5
27.1828 324.83 324.83 2 25 5
27.1831 324.88 324.88 2 25 5
27.1834 324.93 324.93 2 25 5
27.1835 324.98 324.98 2 25 5
27.1835 325.03 325.03 2 25 5
27.1834 325.08 325.08 2 25 5
27.1833 325.13 325.13 2 25 5
27.1833 325.18 325.18 2 25 5
27.1832 325.23 325.23 2 25 5
27.1834 325.28 325.28 2 25 5
27.1834 325.33 325.33 2 25 5
27.1834 325.38 325.38 2 25 5
27.1833 325.43 325.43 2 25 5
27.1833 325.48 325.48 2 25 5
27.1833 325.53 325.53 2 25 5
27.1832 325.58 325.58 2 25 5
27.1832 325.63 325.63 2 25 5
27.1834 325.68 325.68 2 25 5
27.1834 325.73 325.73 2 25 5
27.1834 325.78 325.78 2 25 5
27.1833 325.83 325.83 2 25 5
27.1833 325.88 325.88 2 25 5
27.1833 325.93 325.93 2 25 5
27.1833 325.98 325.98 2 25 5
27.1832 326.03 326.03 2 25 5
27.1814 326.08 326.08 2 25 5
27.1824 326.13 326.13 2 25 5
27.1834 326.18 326.18 2 25 5
27.1839 326.23 326.23 2 25 5
27.1838 326.28 326.28 2 25 5
27.1836 326.33 326.33 2 25 5
27.1833 326.38 326.38 2 25 5
27.1832 326.43 326.43 2 25 5
27.1833 326.48 326.48 2 25 5
27.1833 326.53 326.53 2 25 5
27.1833 326.58 326.58 2 25 5
27.1833 326.63 326.63 2 25 5
27.1833 326.68 326.68 2 25 5
27.1832 326.73 326.73 2 25 5
27.1832 326.78 326.78 2 25 5
27.1833 326.83 326.83 2 25 5
27.1834 326.88 326.88 2 25 5
27.1834 326.93 326.93 2 25 5
27.1834 326.98 326.98 2 25 5
27.1833 327.03 327.03 2 25 5
27.1833 327.08 327.08 2 25 5
27.1833 327.13 327.13 2 25 5
27.1779 327.18 327.18 2 25 5
27.178 327.23 327.23 2 25 5
27.1807 327.281 327.281 2 25 5
27.1834 327.33 327.33 2 25 5
27.1847 327.38 327.38 2 25 5
27.1847 327.43 327.43 2 25 5
27.184 327.48 327.48 2 25 5
27.1833 327.53 327.53 2 25 5
27.183 327.58 327.58 2 25 5
27.183 327.63 327.63 2 25 5
27.1832 327.68 327.68 2 25 5
27.1845 327.73 327.73 2 25 5
27.184 327.78 327.78 2 25 5
27.1834 327.83 327.83 2 25 5
27.1831 327.88 327.88 2 25 5
27.1831 327.93 327.93 2 25 5
27.1832 327.98 327.98 2 25 5
27.1829 328.03 328.03 2 25 5
27.1832 328.08 328.08 2 25 5
27.1792 328.13 328.13 2 25 5
27.1814 328.181 328.181 2 25 5
27.1835 328.231 328.231 2 25 5
27.1844 328.28 328.28 2 25 5
27.1844 328.33 328.33 2 25 5
27.1838 328.381 328.381 2 25 5
27.1833 328.43 328.43 2 25 5
27.183 328.48 328.48 2 25 5
27.1831 328.53 328.53 2 25 5
27.1833 328.58 328.58 2 25 5
27.1833 328.63 328.63 2 25 5
27.1833 328.68 328.68 2 25 5
27.1833 328.73 328.73 2 25 5
27.1833 328.78 328.78 2 25 5
27.1833 328.83 328.83 2 25 5
27.1833 328.88 328.88 2 25 5
27.1833 328.93 328.93 2 25 5
27.1833 328.98 328.98 2 25 5
27.1833 329.03 329.03 2 25 5
27.1805 329.081 329.081 2 25 5
27.1806 329.131 329.131 2 25 5
27.182 329.181 329.181 2 25 5
27.1834 329.231 329.231 2 25 5
27.184 329.281 329.281 2 25 5
27.184 329.331 329.331 2 25 5
27.1837 329.381 329.381 2 25 5
27.1833 329.431 329.431 2 25 5
27.1831 329.481 329.481 2 25 5
27.1832 329.531 329.531 2 25 5
27.1842 329.581 329.581 2 25 5
27.1838 329.631 329.631 2 25 5
27.1834 329.681 329.681 2 25 5
27.1831 329.731 329.731 2 25 5
27.1832 329.781 329.781 2 25 5
27.1833 329.831 329.831 2 25 5
27.1834 329.881 329.881 2 25 5
27.1833 329.931 329.931 2 25 5
27.1833 329.981 329.981 2 25 5
27.1833 330.031 330.031 2 25 5
27.1833 330.081 330.081 2 25 5
27.1833 330.131 330.131 2 25 5
27.1833 330.181 330.181 2 25 5
27.1832 330.231 330.231 2 25 5
27.1836 330.281 330.281 2 25 5
27.1835 330.331 330.331 2 25 5
27.1834 330.381 330.381 2 25 5
27.1833 330.431 330.431 2 25 5
27.1832 330.481 330.481 2 25 5
27.1834 330.531 330.531 2 25 5
27.1834 330.581 330.581 2 25 5
27.1834 330.631 330.631 2 25 5
27.1833 330.681 330.681 2 25 5
27.1833 330.731 330.731 2 25 5
27.1832 330.781 330.781 2 25 5
27.1828 330.831 330.831 2 25 5
27.1831 330.881 330.881 2 25 5
27.1834 330.931 330.931 2 25 5
27.1835 330.981 330.981 2 25 5
27.1835 331.031 331.031 2 25 5
27.1834 331.081 331.081 2 25 5
27.1833 331.131 331.131 2 25 5
27.1832 331.181 331.181 2 25 5
27.1831 331.231 331.231 2 25 5
27.1833 331.281 331.281 2 25 5
27.1834 331.331 331.331 2 25 5
27.1834 331.381 331.381 2 25 5
27.1834 331.431 331.431 2 25 5
27.1833 331.481 331.481 2 25 5
27.1833 331.531 331.531 2 25 5
27.1833 331.581 331.581 2 25 5
27.1833 331.631 331.631 2 25 5
27.1832 331.681 331.681 2 25 5
27.1831 331.731 331.731 2 25 5
27.1833 331.781 331.781 2 25 5
27.1834 331.831 331.831 2 25 5
27.1834 331.881 331.881 2 25 5
27.1834 331.931 331.931 2 25 5
27.1833 331.981 331.981 2 25 5
27.1833 332.031 332.031 2 25 5
27.1833 332.081 332.081 2 25 5
27.1833 332.131 332.131 2 25 5
27.1832 332.181 332.181 2 25 5
27.184 332.231 332.231 2 25 5
27.1837 332.281 332.281 2 25 5
27.1834 332.331 332.331 2 25 5
27.1832 332.381 332.381 2 25 5
27.1835 332.431 332.431 2 25 5
27.1834 332.481 332.481 2 25 5
27.1833 332.531 332.531 2 25 5
27.1833 332.581 332.581 2 25 5
27.1832 332.631 332.631 2 25 5
27.1836 332.681 332.681 2 25 5
27.1835 332.731 332.731 2 25 5
27.1834 332.781 332.781 2 25 5
27.1833 332.831 332.831 2 25 5
27.1832 332.881 332.881 2 25 5
27.1835 332.931 332.931 2 25 5
27.1835 332.981 332.981 2 25 5
27.1834 333.031 333.031 2 25 5
27.1833 333.081 333.081 2 25 5
27.1832 333.131 333.131 2 25 5
27.183 333.181 333.181 2 25 5
27.1833 333.231 333.231 2 25 5
27.1833 333.281 333.281 2 25 5
27.1833 333.331 333.331 2 25 5
27.1833 333.381 333.381 2 25 5
27.1833 333.431 333.431 2 25 5
27.1833 333.481 333.481 2 25 5
27.1833 333.531 333.531 2 25 5
27.1833 333.581 333.581 2 25 5
27.1833 333.631 333.631 2 25 5
27.1833 333.681 333.681 2 25 5
27.1833 333.731 333.731 2 25 5
27.1832 333.781 333.781 2 25 5
27.183 333.831 333.831 2 25 5
27.1832 333.881 333.881 2 25 5
27.1827 333.931 333.931 2 25 5
27.1831 333.981 333.981 2 25 5
27.1835 334.031 334.031 2 25 5
27.1836 334.081 334.081 2 25 5
27.1835 334.131 334.131 2 25 5
27.1834 334.181 334.181 2 25 5
27.1833 334.231 334.231 2 25 5
27.1832 334.281 334.281 2 25 5
27.1839 334.331 334.331 2 25 5
27.1837 334.381 334.381 2 25 5
27.1834 334.431 334.431 2 25 5
27.1832 334.481 334.481 2 25 5
27.1836 334.531 334.531 2 25 5
27.1835 334.581 334.581 2 25 5
27.1833 334.631 334.631 2 25 5
27.1832 334.681 334.681 2 25 5
27.1831 334.731 334.731 2 25 5
27.1833 334.781 334.781 2 25 5
27.1833 334.831 334.831 2 25 5
27.1834 334.881 334.881 2 25 5
27.1834 334.931 334.931 2 25 5
27.1833 334.981 334.981 2 25 5
27.1833 335.031 335.031 2 25 5
27.1833 335.081 335.081 2 25 5
27.1833 335.131 335.131 2 25 5
27.1833 335.181 335.181 2 25 5
27.1832 335.231 335.231 2 25 5
27.1838 335.281 335.281 2 25 5
27.1836 335.331 335.331 2 25 5
27.1834 335.381 335.381 2 25 5
27.1832 335.431 335.431 2 25 5
27.1831 335.481 335.481 2 25 5
27.1832 335.531 335.531 2 25 5
27.1832 335.581 335.581 2 25 5
27.184 335.631 335.631 2 25 5
27.1837 335.681 335.681 2 25 5
27.1834 335.731 335.731 2 25 5
27.1832 335.781 335.781 2 25 5
27.1839 335.831 335.831 2 25 5
27.1836 335.881 335.881 2 25 5
27.1833 335.931 335.931 2 25 5
27.1832 335.981 335.981 2 25 5
27.1833 336.031 336.031 2 25 5
27.1833 336.081 336.081 2 25 5
27.1833 336.131 336.131 2 25 5
27.1833 336.181 336.181 2 25 5
27.1832 336.231 336.231 2 25 5
27.1836 336.281 336.281 2 25 5
27.1835 336.331 336.331 2 25 5
27.1834 336.381 336.381 2 25 5
27.1833 336.431 336.431 2 25 5
27.1832 336.481 336.481 2 25 5
27.183 336.531 336.531 2 25 5
27.1833 336.581 336.581 2 25 5
27.1833 336.631 336.631 2 25 5
27.1833 336.681 336.681 2 25 5
27.1833 336.731 336.731 2 25 5
27.1834 336.781 336.781 2 25 5
27.1833 336.831 336.831 2 25 5
27.1833 336.881 336.881 2 25 5
27.1833 336.931 336.931 2 25 5
27.1833 336.981 336.981 2 25 5
27.1833 337.031 337.031 2 25 5
27.1833 337.081 337.081 2 25 5
27.1832 337.131 337.131 2 25 5
27.1835 337.181 337.181 2 25 5
27.1835 337.231 337.231 2 25 5
27.1834 337.281 337.281 2 25 5
27.1833 337.331 337.331 2 25 5
27.1833 337.381 337.381 2 25 5
27.1832 337.431 337.431 2 25 5
27.1835 337.481 337.481 2 25 5
27.1835 337.531 337.531 2 25 5
27.1834 337.581 337.581 2 25 5
27.1833 337.631 337.631 2 25 5
27.1832 337.681 337.681 2 25 5
27.1831 337.731 337.731 2 25 5
27.1833 337.781 337.781 2 25 5
27.1834 337.831 337.831 2 25 5
27.1834 337.881 337.881 2 25 5
27.1834 337.931 337.931 2 25 5
27.1833 337.981 337.981 2 25 5
27.1833 338.031 338.031 2 25 5
27.1833 338.081 338.081 2 25 5
27.1832 338.131 338.131 2 25 5
27.1831 338.181 338.181 2 25 5
27.1833 338.231 338.231 2 25 5
27.1834 338.281 338.281 2 25 5
27.1834 338.331 338.331 2 25 5
27.1834 338.381 338.381 2 25 5
27.1833 338.431 338.431 2 25 5
27.1833 338.481 338.481 2 25 5
27.1833 338.531 338.531 2 25 5
27.1832 338.581 338.581 2 25 5
27.183 338.631 338.631 2 25 5
27.1832 338.681 338.681 2 25 5
27.1833 338.731 338.731 2 25 5
27.1833 338.781 338.781 2 25 5
27.1833 338.831 338.831 2 25 5
27.1834 338.881 338.881 2 25 5
27.1833 338.931 338.931 2 25 5
27.1833 338.981 338.981 2 25 5
27.1833 339.031 339.031 2 25 5
27.1833 339.081 339.081 2 25 5
27.1833 339.131 339.131 2 25 5
27.1833 339.181 339.181 2 25 5
27.1832 339.231 339.231 2 25 5
27.1831 339.281 339.281 2 25 5
27.1834 339.331 339.331 2 25 5
27.1834 339.381 339.381 2 25 5
27.1834 339.431 339.431 2 25 5
27.1834 339.481 339.481 2 25 5
27.1833 339.531 339.531 2 25 5
27.1833 339.581 339.581 2 25 5
27.1832 339.631 339.631 2 25 5
27.1832 339.681 339.681 2 25 5
27.1834 339.731 339.731 2 25 5
27.1834 339.781 339.781 2 25 5
27.1834 339.831 339.831 2 25 5
27.1833 339.881 339.881 2 25 5
27.1833 339.931 339.931 2 25 5
27.1833 339.981 339.981 2 25 5
27.1832 340.031 340.031 2 25 5
27.1825 340.081 340.081 2 25 5
27.183 340.131 340.131 2 25 5
27.1834 340.181 340.181 2 25 5
27.1836 340.231 340.231 2 25 5
27.1836 340.281 340.281 2 25 5
27.1834 340.331 340.331 2 25 5
27.1833 340.381 340.381 2 25 5
27.1832 340.431 340.431 2 25 5
27.1831 340.481 340.481 2 25 5
27.1833 340.531 340.531 2 25 5
27.1833 340.581 340.581 2 25 5
27.1834 340.631 340.631 2 25 5
27.1834 340.681 340.681 2 25 5
27.1833 340.731 340.731 2 25 5
27.1833 340.781 340.781 2 25 5
27.1833 340.831 340.831 2 25 5
27.1833 340.881 340.881 2 25 5
27.1833 340.931 340.931 2 25 5
27.1832 340.981 340.981 2 25 5
27.1826 341.031 341.031 2 25 5
27.1831 341.081 341.081 2 25 5
27.1835 341.131 341.131 2 25 5
27.1836 341.181 341.181 2 25 5
27.1835 341.231 341.231 2 25 5
27.1834 341.281 341.281 2 25 5
27.1833 341.331 341.331 2 25 5
27.1832 341.381 341.381 2 25 5
27.1831 341.431 341.431 2 25 5
27.1833 341.481 341.481 2 25 5
27.1833 341.531 341.531 2 25 5
27.1834 341.581 341.581 2 25 5
27.1834 341.631 341.631 2 25 5
27.1833 341.681 341.681 2 25 5
27.1833 341.731 341.731 2 25 5
27.1833 341.781 341.781 2 25 5
27.1833 341.831 341.831 2 25 5
27.1833 341.881 341.881 2 25 5
27.1832 341.931 341.931 2 25 5
27.1837 341.981 341.981 2 25 5
27.1836 342.031 342.031 2 25 5
27.1834 342.081 342.081 2 25 5
27.1833 342.131 342.131 2 25 5
27.1832 342.181 342.181 2 25 5
27.1834 342.231 342.231 2 25 5
27.1834 342.281 342.281 2 25 5
27.1834 342.331 342.331 2 25 5
27.1833 342.381 342.381 2 25 5
27.1833 342.431 342.431 2 25 5
27.1833 342.481 342.481 2 25 5
27.1832 342.531 342.531 2 25 5
27.1832 342.581 342.581 2 25 5
27.1835 342.631 342.631 2 25 5
27.1835 342.681 342.681 2 25 5
27.1834 342.731 342.731 2 25 5
27.1833 342.781 342.781 2 25 5
27.1833 342.831 342.831 2 25 5
27.1832 342.881 342.881 2 25 5
27.1829 342.931 342.931 2 25 5
27.1832 342.981 342.981 2 25 5
27.1838 343.031 343.031 2 25 5
27.1837 343.081 343.081 2 25 5
27.1835 343.131 343.131 2 25 5
27.1833 343.181 343.181 2 25 5
27.1832 343.231 343.231 2 25 5
27.1834 343.281 343.281 2 25 5
27.1834 343.331 343.331 2 25 5
27.1834 343.381 343.381 2 25 5
27.1833 343.431 343.431 2 25 5
27.1833 343.481 343.481 2 25 5
27.1832 343.531 343.531 2 25 5
27.1831 343.581 343.581 2 25 5
27.1834 343.631 343.631 2 25 5
27.1834 343.681 343.681 2 25 5
27.1834 343.731 343.731 2 25 5
27.1834 343.781 343.781 2 25 5
27.1833 343.831 343.831 2 25 5
27.1833 343.881 343.881 2 25 5
27.1833 343.931 343.931 2 25 5
27.1832 343.981 343.981 2 25 5
27.1831 344.031 344.031 2 25 5
27.1833 344.081 344.081 2 25 5
27.1834 344.131 344.131 2 25 5
27.1834 344.181 344.181 2 25 5
27.1834 344.231 344.231 2 25 5
27.1833 344.281 344.281 2 25 5
27.1833 344.331 344.331 2 25 5
27.1833 344.381 344.381 2 25 5
27.1833 344.431 344.431 2 25 5
27.1832 344.481 344.481 2 25 5
27.1826 344.531 344.531 2 25 5
27.183 344.581 344.581 2 25 5
27.1835 344.631 344.631 2 25 5
27.1836 344.681 344.681 2 25 5
27.1835 344.731 344.731 2 25 5
27.1834 344.781 344.781 2 25 5
27.1833 344.831 344.831 2 25 5
27.1832 344.881 344.881 2 25 5
27.1831 344.931 344.931 2 25 5
27.1833 344.981 344.981 2 25 5
27.1834 345.031 345.031 2 25 5
27.1834 345.081 345.081 2 25 5
27.1834 345.131 345.131 2 25 5
27.1833 345.181 345.181 2 25 5
27.1833 345.231 345.231 2 25 5
27.1833 345.281 345.281 2 25 5
27.1833 345.331 345.331 2 25 5
27.1832 345.381 345.381 2 25 5
27.1832 345.431 345.431 2 25 5
27.1835 345.481 345.481 2 25 5
27.1835 345.531 345.531 2 25 5
27.1834 345.581 345.581 2 25 5
27.1833 345.631 345.631 2 25 5
27.1833 345.681 345.681 2 25 5
27.1832 345.731 345.731 2 25 5
27.1809 345.781 345.781 2 25 5
27.1822 345.831 345.831 2 25 5
27.1834 345.881 345.881 2 25 5
27.184 345.931 345.931 2 25 5
27.184 345.981 345.981 2 25 5
27.1836 346.031 346.031 2 25 5
27.1833 346.081 346.081 2 25 5
27.1832 346.131 346.131 2 25 5
27.1833 346.181 346.181 2 25 5
27.1833 346.231 346.231 2 25 5
27.1833 346.281 346.281 2 25 5
27.1833 346.331 346.331 2 25 5
27.1833 346.381 346.381 2 25 5
27.1833 346.431 346.431 2 25 5
27.1832 346.481 346.481 2 25 5
27.1832 346.531 346.531 2 25 5
27.1834 346.581 346.581 2 25 5
27.1835 346.631 346.631 2 25 5
27.1834 346.681 346.681 2 25 5
27.1833 346.731 346.731 2 25 5
27.1833 346.781 346.781 2 25 5
27.1833 346.831 346.831 2 25 5
27.1832 346.881 346.881 2 25 5
27.1836 346.931 346.931 2 25 5
27.1835 346.981 346.981 2 25 5
27.1834 347.031 347.031 2 25 5
27.1833 347.081 347.081 2 25 5
27.1832 347.131 347.131 2 25 5
27.1829 347.181 347.181 2 25 5
27.1832 347.231 347.231 2 25 5
27.1828 347.281 347.281 2 25 5
27.1832 347.331 347.331 2 25 5
27.1838 347.381 347.381 2 25 5
27.1837 347.431 347.431 2 25 5
27.1835 347.481 347.481 2 25 5
27.1833 347.531 347.531 2 25 5
27.1832 347.581 347.581 2 25 5
27.1834 347.631 347.631 2 25 5
27.1834 347.681 347.681 2 25 5
27.1834 347.731 347.731 2 25 5
27.1833 347.781 347.781 2 25 5
27.1833 347.831 347.831 2 25 5
27.1832 347.881 347.881 2 25 5
27.1832 347.931 347.931 2 25 5
27.1835 347.981 347.981 2 25 5
27.1835 348.031 348.031 2 25 5
27.1834 348.081 348.081 2 25 5
27.1833 348.131 348.131 2 25 5
27.1833 348.181 348.181 2 25 5
27.1832 348.231 348.231 2 25 5
27.1839 348.281 348.281 2 25 5
27.1837 348.331 348.331 2 25 5
27.1834 348.381 348.381 2 25 5
27.1832 348.431 348.431 2 25 5
27.1826 348.481 348.481 2 25 5
27.183 348.531 348.531 2 25 5
27.1834 348.581 348.581 2 25 5
27.1835 348.631 348.631 2 25 5
27.1835 348.681 348.681 2 25 5
27.1834 348.731 348.731 2 25 5
27.1833 348.781 348.781 2 25 5
27.1833 348.831 348.831 2 25 5
27.1832 348.881 348.881 2 25 5
27.1837 348.931 348.931 2 25 5
27.1836 348.981 348.981 2 25 5
27.1834 349.031 349.031 2 25 5
27.1833 349.081 349.081 2 25 5
27.1832 349.131 349.131 2 25 5
27.1838 349.181 349.181 2 25 5
27.1836 349.231 349.231 2 25 5
27.1834 349.281 349.281 2 25 5
27.1832 349.331 349.331 2 25 5
27.183 349.381 349.381 2 25 5
27.1832 349.431 349.431 2 25 5
27.1832 349.481 349.481 2 25 5
27.1831 349.531 349.531 2 25 5
27.1833 349.581 349.581 2 25 5
27.1834 349.631 349.631 2 25 5
27.1834 349.681 349.681 2 25 5
27.1834 349.731 349.731 2 25 5
27.1833 349.781 349.781 2 25 5
27.1833 349.831 349.831 2 25 5
27.1833 349.881 349.881 2 25 5
27.1832 349.931 349.931 2 25 5
27.183 349.981 349.981 2 25 5
27.1833 350.031 350.031 2 25 5
27.1834 350.081 350.081 2 25 5
27.1834 350.131 350.131 2 25 5
27.1834 350.181 350.181 2 25 5
27.1834 350.231 350.231 2 25 5
27.1833 350.281 350.281 2 25 5
27.1833 350.331 350.331 2 25 5
27.1833 350.381 350.381 2 25 5
27.1832 350.431 350.431 2 25 5
27.1831 350.481 350.481 2 25 5
27.1834 350.531 350.531 2 25 5
27.1834 350.581 350.581 2 25 5
27.1834 350.631 350.631 2 25 5
27.1834 350.681 350.681 2 25 5
27.1833 350.731 350.731 2 25 5
27.1833 350.781 350.781 2 25 5
27.1832 350.831 350.831 2 25 5
27.183 350.881 350.881 2 25 5
27.1833 350.931 350.931 2 25 5
27.1834 350.981 350.981 2 25 5
27.1834 351.031 351.031 2 25 5
27.1834 351.081 351.081 2 25 5
27.1834 351.131 351.131 2 25 5
27.1833 351.181 351.181 2 25 5
27.1833 351.231 351.231 2 25 5
27.1833 351.281 351.281 2 25 5
27.1832 351.331 351.331 2 25 5
27.1831 351.381 351.381 2 25 5
27.1834 351.431 351.431 2 25 5
27.1834 351.481 351.481 2 25 5
27.1834 351.531 351.531 2 25 5
27.1834 351.581 351.581 2 25 5
27.1833 351.631 351.631 2 25 5
27.1833 351.681 351.681 2 25 5
27.1833 351.731 351.731 2 25 5
27.1832 351.781 351.781 2 25 5
27.1829 351.831 351.831 2 25 5
27.1832 351.881 351.881 2 25 5
27.1832 351.931 351.931 2 25 5
27.1827 351.981 351.981 2 25 5
27.1832 352.031 352.031 2 25 5
27.1836 352.081 352.081 2 25 5
27.1836 352.131 352.131 2 25 5
27.1835 352.181 352.181 2 25 5
27.1834 352.231 352.231 2 25 5
27.1833 352.281 352.281 2 25 5
27.1831 352.331 352.331 2 25 5
27.1834 352.381 352.381 2 25 5
27.1834 352.431 352.431 2 25 5
27.1834 352.481 352.481 2 25 5
27.1833 352.531 352.531 2 25 5
27.1833 352.581 352.581 2 25 5
27.1833 352.631 352.631 2 25 5
27.1833 352.681 352.681 2 25 5
27.1832 352.731 352.731 2 25 5
27.1811 352.781 352.781 2 25 5
27.1823 352.831 352.831 2 25 5
27.1835 352.881 352.881 2 25 5
27.184 352.931 352.931 2 25 5
27.1839 352.981 352.981 2 25 5
27.1836 353.031 353.031 2 25 5
27.1833 353.081 353.081 2 25 5
27.1832 353.131 353.131 2 25 5
27.1834 353.181 353.181 2 25 5
27.1834 353.231 353.231 2 25 5
27.1833 353.281 353.281 2 25 5
27.1833 353.331 353.331 2 25 5
27.1833 353.381 353.381 2 25 5
27.1832 353.431 353.431 2 25 5
27.1822 353.481 353.481 2 25 5
27.1829 353.531 353.531 2 25 5
27.1835 353.581 353.581 2 25 5
27.1837 353.631 353.631 2 25 5
27.1836 353.681 353.681 2 25 5
27.1835 353.731 353.731 2 25 5
27.1833 353.781 353.781 2 25 5
27.1832 353.831 353.831 2 25 5
27.183 353.881 353.881 2 25 5
27.1832 353.931 353.931 2 25 5
27.1833 353.981 353.981 2 25 5
27.1833 354.031 354.031 2 25 5
27.1833 354.081 354.081 2 25 5
27.1833 354.131 354.131 2 25 5
27.1833 354.181 354.181 2 25 5
27.1833 354.231 354.231 2 25 5
27.1833 354.281 354.281 2 25 5
27.1833 354.331 354.331 2 25 5
27.1833 354.381 354.381 2 25 5
27.1833 354.431 354.431 2 25 5
27.1833 354.481 354.481 2 25 5
27.1833 354.531 354.531 2 25 5
27.1833 354.581 354.581 2 25 5
27.1832 354.631 354.631 2 25 5
27.1819 354.681 354.681 2 25 5
27.1827 354.731 354.731 2 25 5
27.1835 354.781 354.781 2 25 5
27.1838 354.831 354.831 2 25 5
27.1837 354.881 354.881 2 25 5
27.1835 354.931 354.931 2 25 5
27.1833 354.981 354.981 2 25 5
27.1832 355.031 355.031 2 25 5
27.1824 355.081 355.081 2 25 5
27.1829 355.131 355.131 2 25 5
27.1834 355.181 355.181 2 25 5
27.1836 355.231 355.231 2 25 5
27.1836 355.281 355.281 2 25 5
27.1834 355.331 355.331 2 25 5
27.1833 355.381 355.381 2 25 5
27.1832 355.431 355.431 2 25 5
27.1831 355.481 355.481 2 25 5
27.1834 355.531 355.531 2 25 5
27.1834 355.581 355.581 2 25 5
27.1834 355.631 355.631 2 25 5
27.1834 355.681 355.681 2 25 5
27.1833 355.731 355.731 2 25 5
27.1833 355.781 355.781 2 25 5
27.1832 355.831 355.831 2 25 5
27.1832 355.881 355.881 2 25 5
27.1835 355.931 355.931 2 25 5
27.1835 355.981 355.981 2 25 5
27.1834 356.031 356.031 2 25 5
27.1833 356.081 356.081 2 25 5
27.1833 356.131 356.131 2 25 5
27.1832 356.181 356.181 2 25 5
27.1826 356.231 356.231 2 25 5
27.1831 356.281 356.281 2 25 5
27.1835 356.331 356.331 2 25 5
27.1836 356.381 356.381 2 25 5
27.1835 356.431 356.431 2 25 5
27.1834 356.481 356.481 2 25 5
27.1833 356.531 356.531 2 25 5
27.1832 356.581 356.581 2 25 5
27.1831 356.631 356.631 2 25 5
27.1833 356.681 356.681 2 25 5
27.1834 356.731 356.731 2 25 5
27.1834 356.781 356.781 2 25 5
27.1834 356.831 356.831 2 25 5
27.1833 356.881 356.881 2 25 5
27.1833 356.931 356.931 2 25 5
27.1833 356.981 356.981 2 25 5
27.1833 357.031 357.031 2 25 5
27.1832 357.081 357.081 2 25 5
27.1831 357.131 357.131 2 25 5
27.1834 357.181 357.181 2 25 5
27.1834 357.231 357.231 2 25 5
27.1834 357.281 357.281 2 25 5
27.1834 357.331 357.331 2 25 5
27.1833 357.381 357.381 2 25 5
27.1833 357.431 357.431 2 25 5
27.1833 357.481 357.481 2 25 5
27.1832 357.531 357.531 2 25 5
27.1853 357.581 357.581 2 25 5
27.1844 357.631 357.631 2 25 5
27.1834 357.681 357.681 2 25 5
27.1829 357.731 357.731 2 25 5
27.1829 357.781 357.781 2 25 5
27.1832 357.831 357.831 2 25 5
27.1836 357.881 357.881 2 25 5
27.1836 357.931 357.931 2 25 5
27.1835 357.981 357.981 2 25 5
27.1833 358.031 358.031 2 25 5
27.1833 358.081 358.081 2 25 5
27.1832 358.131 358.131 2 25 5
27.1835 358.181 358.181 2 25 5
27.1835 358.231 358.231 2 25 5
27.1834 358.281 358.281 2 25 5
27.1833 358.331 358.331 2 25 5
27.1833 358.381 358.381 2 25 5
27.1832 358.431 358.431 2 25 5
27.1831 358.481 358.481 2 25 5
27.1834 358.531 358.531 2 25 5
27.1834 358.581 358.581 2 25 5
27.1834 358.631 358.631 2 25 5
27.1834 358.681 358.681 2 25 5
27.1833 358.731 358.731 2 25 5
27.1833 358.781 358.781 2 25 5
27.1833 358.831 358.831 2 25 5
27.1832 358.881 358.881 2 25 5
27.1808 358.931 358.931 2 25 5
27.1821 358.981 358.981 2 25 5
27.1835 359.031 359.031 2 25 5
27.184 359.081 359.081 2 25 5
27.184 359.131 359.131 2 25 5
27.1837 359.181 359.181 2 25 5
27.1833 359.231 359.231 2 25 5
27.1832 359.281 359.281 2 25 5
27.1834 359.331 359.331 2 25 5
27.1834 359.381 359.381 2 25 5
27.1833 359.431 359.431 2 25 5
27.1833 359.481 359.481 2 25 5
27.1833 359.531 359.531 2 25 5
27.1832 359.581 359.581 2 25 5
27.1832 359.631 359.631 2 25 5
27.1852 359.681 359.681 2 25 5
27.1844 359.731 359.731 2 25 5
27.1834 359.781 359.781 2 25 5
27.1829 359.831 359.831 2 25 5
27.1829 359.881 359.881 2 25 5
27.1832 359.931 359.931 2 25 5
27.1848 359.981 359.981 2 25 5
27.1842 360.031 360.031 2 25 5
27.1835 360.081 360.081 2 25 5
27.1831 360.131 360.131 2 25 5
27.1831 360.181 360.181 2 25 5
27.1833 360.231 360.231 2 25 5
27.1833 360.281 360.281 2 25 5
27.1833 360.331 360.331 2 25 5
27.1833 360.381 360.381 2 25 5
27.1833 360.431 360.431 2 25 5
27.1833 360.481 360.481 2 25 5
27.1833 360.531 360.531 2 25 5
27.1833 360.581 360.581 2 25 5
27.1833 360.631 360.631 2 25 5
27.1833 360.681 360.681 2 25 5
27.1833 360.731 360.731 2 25 5
27.1832 360.781 360.781 2 25 5
27.1831 360.831 360.831 2 25 5
27.1834 360.881 360.881 2 25 5
27.1834 360.931 360.931 2 25 5
27.1834 360.981 360.981 2 25 5
27.1834 361.031 361.031 2 25 5
27.1833 361.081 361.081 2 25 5
27.1833 361.131 361.131 2 25 5
27.1833 361.181 361.181 2 25 5
27.1832 361.231 361.231 2 25 5
27.183 361.281 361.281 2 25 5
27.1833 361.331 361.331 2 25 5
27.1834 361.381 361.381 2 25 5
27.1834 361.431 361.431 2 25 5
27.1834 361.481 361.481 2 25 5
27.1834 361.531 361.531 2 25 5
27.1833 361.581 361.581 2 25 5
27.1833 361.631 361.631 2 25 5
27.1832 361.681 361.681 2 25 5
27.1874 361.731 361.731 2 25 5
27.1875 361.781 361.781 2 25 5
27.1855 361.831 361.831 2 25 5
27.1835 361.881 361.881 2 25 5
27.1824 361.931 361.931 2 25 5
27.1823 361.981 361.981 2 25 5
27.1829 362.031 362.031 2 25 5
27.1834 362.081 362.081 2 25 5
27.1836 362.131 362.131 2 25 5
27.1836 362.181 362.181 2 25 5
27.1835 362.231 362.231 2 25 5
27.1833 362.281 362.281 2 25 5
27.1833 362.331 362.331 2 25 5
27.1832 362.381 362.381 2 25 5
27.1836 362.431 362.431 2 25 5
27.1835 362.481 362.481 2 25 5
27.1834 362.531 362.531 2 25 5
27.1833 362.581 362.581 2 25 5
27.1832 362.631 362.631 2 25 5
27.1831 362.681 362.681 2 25 5
27.1834 362.731 362.731 2 25 5
27.1834 362.781 362.781 2 25 5
27.1834 362.831 362.831 2 25 5
27.1834 362.881 362.881 2 25 5
27.1833 362.931 362.931 2 25 5
27.1833 362.981 362.981 2 25 5
27.1832 363.031 363.031 2 25 5
27.1832 363.081 363.081 2 25 5
27.1843 363.131 363.131 2 25 5
27.1839 363.181 363.181 2 25 5
27.1834 363.231 363.231 2 25 5
27.1832 363.281 363.281 2 25 5
27.1834 363.331 363.331 2 25 5
27.1833 363.381 363.381 2 25 5
27.1833 363.431 363.431 2 25 5
27.1833 363.481 363.481 2 25 5
27.1832 363.531 363.531 2 25 5
27.1824 363.581 363.581 2 25 5
27.183 363.631 363.631 2 25 5
27.1835 363.681 363.681 2 25 5
27.1837 363.731 363.731 2 25 5
27.1836 363.781 363.781 2 25 5
27.1835 363.831 363.831 2 25 5
27.1833 363.881 363.881 2 25 5
27.1832 363.931 363.931 2 25 5
27.183 363.981 363.981 2 25 5
27.1833 364.031 364.031 2 25 5
27.1834 364.081 364.081 2 25 5
27.1834 364.131 364.131 2 25 5
27.1834 364.181 364.181 2 25 5
27.1834 364.231 364.231 2 25 5
27.1833 364.281 364.281 2 25 5
27.1833 364.331 364.331 2 25 5
27.1833 364.381 364.381 2 25 5
27.1832 364.431 364.431 2 25 5
27.1831 364.481 364.481 2 25 5
27.1836 364.531 364.531 2 25 5
27.1835 364.581 364.581 2 25 5
27.1834 364.631 364.631 2 25 5
27.1833 364.681 364.681 2 25 5
27.1833 364.731 364.731 2 25 5
27.1832 364.781 364.781 2 25 5
27.1801 364.831 364.831 2 25 5
27.1818 364.881 364.881 2 25 5
27.1835 364.931 364.931 2 25 5
27.1842 364.981 364.981 2 25 5
27.1842 365.031 365.031 2 25 5
27.1838 365.081 365.081 2 25 5
27.1834 365.131 365.131 2 25 5
27.1831 365.181 365.181 2 25 5
27.1833 365.231 365.231 2 25 5
27.1833 365.281 365.281 2 25 5
27.1832 365.331 365.331 2 25 5
27.1831 365.381 365.381 2 25 5
27.1834 365.431 365.431 2 25 5
27.1835 365.481 365.481 2 25 5
27.1834 365.531 365.531 2 25 5
27.1834 365.581 365.581 2 25 5
27.1833 365.631 365.631 2 25 5
27.1833 365.681 365.681 2 25 5
27.1832 365.731 365.731 2 25 5
27.1832 365.781 365.781 2 25 5
27.1844 365.831 365.831 2 25 5
27.1839 365.881 365.881 2 25 5
27.1834 365.931 365.931 2 25 5
27.1831 365.981 365.981 2 25 5
27.1833 366.031 366.031 2 25 5
27.1833 366.081 366.081 2 25 5
27.1832 366.131 366.131 2 25 5
27.1832 366.181 366.181 2 25 5
27.1843 366.231 366.231 2 25 5
27.1839 366.281 366.281 2 25 5
27.1834 366.331 366.331 2 25 5
27.1831 366.381 366.381 2 25 5
27.1834 366.431 366.431 2 25 5
27.1833 366.481 366.481 2 25 5
27.1833 366.531 366.531 2 25 5
27.1832 366.581 366.581 2 25 5
27.1831 366.631 366.631 2 25 5
27.1835 366.681 366.681 2 25 5
27.1835 366.731 366.731 2 25 5
27.1834 366.781 366.781 2 25 5
27.1834 366.831 366.831 2 25 5
27.1833 366.881 366.881 2 25 5
27.1833 366.931 366.931 2 25 5
27.1832 366.981 366.981 2 25 5
27.1828 367.031 367.031 2 25 5
27.1832 367.081 367.081 2 25 5
27.1841 367.131 367.131 2 25 5
27.1839 367.181 367.181 2 25 5
27.1835 367.231 367.231 2 25 5
27.1832 367.281 367.281 2 25 5
27.183 367.331 367.331 2 25 5
27.1832 367.381 367.381 2 25 5
27.1831 367.431 367.431 2 25 5
27.1834 367.481 367.481 2 25 5
27.1835 367.531 367.531 2 25 5
27.1835 367.581 367.581 2 25 5
27.1834 367.631 367.631 2 25 5
27.1833 367.681 367.681 2 25 5
27.1833 367.731 367.731 2 25 5
27.1832 367.781 367.781 2 25 5
27.1831 367.831 367.831 2 25 5
27.1835 367.881 367.881 2 25 5
27.1835 367.931 367.931 2 25 5
27.1834 367.981 367.981 2 25 5
27.1833 368.031 368.031 2 25 5
27.1833 368.081 368.081 2 25 5
27.1832 368.131 368.131 2 25 5
27.1831 368.181 368.181 2 25 5
27.1834 368.231 368.231 2 25 5
27.1835 368.281 368.281 2 25 5
27.1834 368.331 368.331 2 25 5
27.1834 368.381 368.381 2 25 5
27.1833 368.431 368.431 2 25 5
27.1833 368.481 368.481 2 25 5
27.1832 368.531 368.531 2 25 5
27.1832 368.581 368.581 2 25 5
27.1841 368.631 368.631 2 25 5
27.1838 368.681 368.681 2 25 5
27.1835 368.731 368.731 2 25 5
27.1832 368.781 368.781 2 25 5
27.1824 368.831 368.831 2 25 5
27.1829 368.881 368.881 2 25 5
27.1834 368.931 368.931 2 25 5
27.1836 368.981 368.981 2 25 5
27.1836 369.031 369.031 2 25 5
27.1835 369.081 369.081 2 25 5
27.1833 369.131 369.131 2 25 5
27.1833 369.181 369.181 2 25 5
27.1832 369.231 369.231 2 25 5
27.1839 369.281 369.281 2 25 5
27.1837 369.331 369.331 2 25 5
27.1834 369.381 369.381 2 25 5
27.1833 369.431 369.431 2 25 5
27.1831 369.481 369.481 2 25 5
27.1833 369.531 369.531 2 25 5
27.1834 369.581 369.581 2 25 5
27.1834 369.631 369.631 2 25 5
27.1834 369.681 369.681 2 25 5
27.1833 369.731 369.731 2 25 5
27.1833 369.781 369.781 2 25 5
27.1833 369.831 369.831 2 25 5
27.1833 369.881 369.881 2 25 5
27.1832 369.931 369.931 2 25 5
27.1831 369.981 369.981 2 25 5
27.1835 370.031 370.031 2 25 5
27.1835 370.081 370.081 2 25 5
27.1834 370.131 370.131 2 25 5
27.1834 370.181 370.181 2 25 5
27.1833 370.231 370.231 2 25 5
27.1832 370.281 370.281 2 25 5
27.1831 370.331 370.331 2 25 5
27.1834 370.381 370.381 2 25 5
27.1834 370.431 370.431 2 25 5
27.1834 370.481 370.481 2 25 5
27.1834 370.531 370.531 2 25 5
27.1833 370.581 370.581 2 25 5
27.1833 370.631 370.631 2 25 5
27.1833 370.681 370.681 2 25 5
27.1832 370.731 370.731 2 25 5
27.183 370.781 370.781 2 25 5
27.1834 370.831 370.831 2 25 5
27.1834 370.881 370.881 2 25 5
27.1834 370.931 370.931 2 25 5
27.1834 370.981 370.981 2 25 5
27.1833 371.031 371.031 2 25 5
27.1833 371.081 371.081 2 25 5
27.1833 371.131 371.131 2 25 5
27.1832 371.181 371.181 2 25 5
27.183 371.231 371.231 2 25 5
27.1834 371.281 371.281 2 25 5
27.1834 371.331 371.331 2 25 5
27.1834 371.381 371.381 2 25 5
27.1834 371.431 371.431 2 25 5
27.1833 371.481 371.481 2 25 5
27.1833 371.531 371.531 2 25 5
27.1833 371.581 371.581 2 25 5
27.1832 371.631 371.631 2 25 5
27.183 371.681 371.681 2 25 5
27.1834 371.731 371.731 2 25 5
27.1834 371.781 371.781 2 25 5
27.1834 371.831 371.831 2 25 5
27.1834 371.881 371.881 2 25 5
27.1833 371.931 371.931 2 25 5
27.1833 371.981 371.981 2 25 5
27.1833 372.031 372.031 2 25 5
27.1832 372.081 372.081 2 25 5
27.1831 372.131 372.131 2 25 5
27.1834 372.181 372.181 2 25 5
27.1835 372.231 372.231 2 25 5
27.1834 372.281 372.281 2 25 5
27.1834 372.331 372.331 2 25 5
27.1833 372.381 372.381 2 25 5
27.1833 372.431 372.431 2 25 5
27.1832 372.481 372.481 2 25 5
27.183 372.531 372.531 2 25 5
27.1833 372.581 372.581 2 25 5
27.1834 372.631 372.631 2 25 5
27.1834 372.681 372.681 2 25 5
27.1834 372.731 372.731 2 25 5
27.1834 372.781 372.781 2 25 5
27.1833 372.831 372.831 2 25 5
27.1833 372.881 372.881 2 25 5
27.1832 372.931 372.931 2 25 5
27.1831 372.981 372.981 2 25 5
27.1836 373.031 373.031 2 25 5
27.1836 373.081 373.081 2 25 5
27.1834 373.131 373.131 2 25 5
27.1833 373.181 373.181 2 25 5
27.1833 373.231 373.231 2 25 5
27.1832 373.281 373.281 2 25 5
27.1838 373.331 373.331 2 25 5
27.1837 373.381 373.381 2 25 5
27.1834 373.431 373.431 2 25 5
27.1833 373.481 373.481 2 25 5
27.1831 373.531 373.531 2 25 5
27.1837 373.581 373.581 2 25 5
27.1836 373.631 373.631 2 25 5
27.1834 373.681 373.681 2 25 5
27.1833 373.731 373.731 2 25 5
27.1832 373.781 373.781 2 25 5
27.183 373.831 373.831 2 25 5
27.1833 373.881 373.881 2 25 5
27.1834 373.931 373.931 2 25 5
27.1834 373.981 373.981 2 25 5
27.1834 374.031 374.031 2 25 5
27.1834 374.081 374.081 2 25 5
27.1833 374.131 374.131 2 25 5
27.1833 374.181 374.181 2 25 5
27.1833 374.231 374.231 2 25 5
27.1832 374.281 374.281 2 25 5
27.1832 374.331 374.331 2 25 5
27.1824 374.381 374.381 2 25 5
27.183 374.431 374.431 2 25 5
27.1836 374.481 374.481 2 25 5
27.1837 374.531 374.531 2 25 5
27.1836 374.581 374.581 2 25 5
27.1834 374.631 374.631 2 25 5
27.1833 374.681 374.681 2 25 5
27.1832 374.731 374.731 2 25 5
27.183 374.781 374.781 2 25 5
27.1833 374.831 374.831 2 25 5
27.1834 374.881 374.881 2 25 5
27.1834 374.931 374.931 2 25 5
27.1834 374.981 374.981 2 25 5
27.1834 375.031 375.031 2 25 5
27.1833 375.081 375.081 2 25 5
27.1833 375.131 375.131 2 25 5
27.1833 375.181 375.181 2 25 5
27.1832 375.231 375.231 2 25 5
27.1832 375.281 375.281 2 25 5
27.1848 375.331 375.331 2 25 5
27.1842 375.381 375.381 2 25 5
27.1835 375.431 375.431 2 25 5
27.183 375.481 375.481 2 25 5
27.1831 375.531 375.531 2 25 5
27.1834 375.581 375.581 2 25 5
27.1834 375.631 375.631 2 25 5
27.1834 375.681 375.681 2 25 5
27.1833 375.731 375.731 2 25 5
27.1833 375.781 375.781 2 25 5
27.1833 375.831 375.831 2 25 5
27.1832 375.881 375.881 2 25 5
27.183 375.931 375.931 2 25 5
27.1834 375.981 375.981 2 25 5
27.1834 376.031 376.031 2 25 5
27.1835 376.081 376.081 2 25 5
27.1834 376.131 376.131 2 25 5
27.1833 376.181 376.181 2 25 5
27.1833 376.231 376.231 2 25 5
27.1833 376.281 376.281 2 25 5
27.1832 376.331 376.331 2 25 5
27.183 376.381 376.381 2 25 5
27.1834 376.431 376.431 2 25 5
27.1834 376.481 376.481 2 25 5
27.1835 376.531 376.531 2 25 5
27.1834 376.581 376.581 2 25 5
27.1834 376.631 376.631 2 25 5
27.1833 376.681 376.681 2 25 5
27.1833 376.731 376.731 2 25 5
27.1832 376.781 376.781 2 25 5
27.1831 376.831 376.831 2 25 5
27.1834 376.881 376.881 2 25 5
27.1835 376.931 376.931 2 25 5
27.1835 376.981 376.981 2 25 5
27.1834 377.031 377.031 2 25 5
27.1833 377.081 377.081 2 25 5
27.1833 377.131 377.131 2 25 5
27.1832 377.181 377.181 2 25 5
27.1832 377.231 377.231 2 25 5
27.1839 377.281 377.281 2 25 5
27.1837 377.331 377.331 2 25 5
27.1835 377.381 377.381 2 25 5
27.1833 377.431 377.431 2 25 5
27.1831 377.481 377.481 2 25 5
27.1836 377.531 377.531 2 25 5
27.1835 377.581 377.581 2 25 5
27.1834 377.631 377.631 2 25 5
27.1833 377.681 377.681 2 25 5
27.1832 377.731 377.731 2 25 5
27.1831 377.781 377.781 2 25 5
27.1835 377.831 377.831 2 25 5
27.1835 377.881 377.881 2 25 5
27.1834 377.931 377.931 2 25 5
27.1834 377.981 377.981 2 25 5
27.1833 378.031 378.031 2 25 5
27.1833 378.081 378.081 2 25 5
27.1832 378.131 378.131 2 25 5
27.183 378.181 378.181 2 25 5
27.1834 378.231 378.231 2 25 5
27.1834 378.281 378.281 2 25 5
27.1835 378.331 378.331 2 25 5
27.1834 378.381 378.381 2 25 5
27.1834 378.431 378.431 2 25 5
27.1833 378.481 378.481 2 25 5
27.1833 378.531 378.531 2 25 5
27.1832 378.581 378.581 2 25 5
27.1831 378.631 378.631 2 25 5
27.1835 378.681 378.681 2 25 5
27.1835 378.731 378.731 2 25 5
27.1835 378.781 378.781 2 25 5
27.1834 378.831 378.831 2 25 5
27.1833 378.881 378.881 2 25 5
27.1832 378.931 378.931 2 25 5
27.1832 378.981 378.981 2 25 5
27.1842 379.031 379.031 2 25 5
27.1839 379.081 379.081 2 25 5
27.1835 379.131 379.131 2 25 5
27.1832 379.181 379.181 2 25 5
27.1826 379.231 379.231 2 25 5
27.183 379.281 379.281 2 25 5
27.1835 379.331 379.331 2 25 5
27.1836 379.381 379.381 2 25 5
27.1836 379.431 379.431 2 25 5
27.1834 379.481 379.481 2 25 5
27.1833 379.531 379.531 2 25 5
27.1832 379.581 379.581 2 25 5
27.1831 379.631 379.631 2 25 5
27.1839 379.681 379.681 2 25 5
27.1837 379.731 379.731 2 25 5
27.1835 379.781 379.781 2 25 5
27.1833 379.831 379.831 2 25 5
27.1831 379.881 379.881 2 25 5
27.1837 379.931 379.931 2 25 5
27.1836 379.981 379.981 2 25 5
27.1834 380.031 380.031 2 25 5
27.1833 380.081 380.081 2 25 5
27.1832 380.131 380.131 2 25 5
27.1829 380.181 380.181 2 25 5
27.1832 380.231 380.231 2 25 5
27.1833 380.281 380.281 2 25 5
27.1834 380.331 380.331 2 25 5
27.1834 380.381 380.381 2 25 5
27.1834 380.431 380.431 2 25 5
27.1834 380.481 380.481 2 25 5
27.1833 380.531 380.531 2 25 5
27.1833 380.581 380.581 2 25 5
27.1833 380.631 380.631 2 25 5
27.1832 380.681 380.681 2 25 5
27.1832 380.731 380.731 2 25 5
27.1829 380.781 380.781 2 25 5
27.1833 380.831 380.831 2 25 5
27.1834 380.881 380.881 2 25 5
27.1835 380.931 380.931 2 25 5
27.1834 380.981 380.981 2 25 5
27.1834 381.031 381.031 2 25 5
27.1833 381.081 381.081 2 25 5
27.1833 381.131 381.131 2 25 5
27.1832 381.181 381.181 2 25 5
27.1832 381.231 381.231 2 25 5
27.1861 381.281 381.281 2 25 5
27.1848 381.331 381.331 2 25 5
27.1835 381.381 381.381 2 25 5
27.1827 381.431 381.431 2 25 5
27.1827 381.481 381.481 2 25 5
27.1831 381.531 381.531 2 25 5
27.1836 381.581 381.581 2 25 5
27.1836 381.631 381.631 2 25 5
27.1835 381.681 381.681 2 25 5
27.1834 381.731 381.731 2 25 5
27.1833 381.781 381.781 2 25 5
27.1832 381.831 381.831 2 25 5
27.1826 381.881 381.881 2 25 5
27.1831 381.931 381.931 2 25 5
27.1837 381.981 381.981 2 25 5
27.1837 382.031 382.031 2 25 5
27.1836 382.081 382.081 2 25 5
27.1834 382.131 382.131 2 25 5
27.1833 382.181 382.181 2 25 5
27.1832 382.231 382.231 2 25 5
27.1842 382.281 382.281 2 25 5
27.1838 382.331 382.331 2 25 5
27.1835 382.381 382.381 2 25 5
27.1832 382.431 382.431 2 25 5
27.1826 382.481 382.481 2 25 5
27.183 382.531 382.531 2 25 5
27.1835 382.581 382.581 2 25 5
27.1836 382.631 382.631 2 25 5
27.1835 382.681 382.681 2 25 5
27.1834 382.731 382.731 2 25 5
27.1833 382.781 382.781 2 25 5
27.1832 382.831 382.831 2 25 5
27.1831 382.881 382.881 2 25 5
27.1836 382.931 382.931 2 25 5
27.1835 382.981 382.981 2 25 5
27.1835 383.031 383.031 2 25 5
27.1834 383.081 383.081 2 25 5
27.1833 383.131 383.131 2 25 5
27.1832 383.181 383.181 2 25 5
27.183 383.231 383.231 2 25 5
27.1833 383.281 383.281 2 25 5
27.1834 383.331 383.331 2 25 5
27.1835 383.381 383.381 2 25 5
27.1834 383.431 383.431 2 25 5
27.1834 383.481 383.481 2 25 5
27.1833 383.531 383.531 2 25 5
27.1833 383.581 383.581 2 25 5
27.1832 383.631 383.631 2 25 5
27.1831 383.681 383.681 2 25 5
27.1838 383.731 383.731 2 25 5
27.1837 383.781 383.781 2 25 5
27.1835 383.831 383.831 2 25 5
27.1833 383.881 383.881 2 25 5
27.1832 383.931 383.931 2 25 5
27.1827 383.981 383.981 2 25 5
27.1831 384.031 384.031 2 25 5
27.1842 384.081 384.081 2 25 5
27.1839 384.131 384.131 2 25 5
27.1835 384.181 384.181 2 25 5
27.1833 384.231 384.231 2 25 5
27.183 384.281 384.281 2 25 5
27.1833 384.331 384.331 2 25 5
27.1833 384.381 384.381 2 25 5
27.1834 384.431 384.431 2 25 5
27.1834 384.481 384.481 2 25 5
27.1833 384.531 384.531 2 25 5
27.1833 384.581 384.581 2 25 5
27.1833 384.631 384.631 2 25 5
27.1833 384.681 384.681 2 25 5
27.1833 384.731 384.731 2 25 5
27.1833 384.781 384.781 2 25 5
27.1832 384.831 384.831 2 25 5
27.1831 384.881 384.881 2 25 5
27.1837 384.931 384.931 2 25 5
27.1837 384.981 384.981 2 25 5
27.1835 385.031 385.031 2 25 5
27.1833 385.081 385.081 2 25 5
27.1832 385.131 385.131 2 25 5
27.183 385.181 385.181 2 25 5
27.1834 385.231 385.231 2 25 5
27.1834 385.281 385.281 2 25 5
27.1834 385.331 385.331 2 25 5
27.1834 385.381 385.381 2 25 5
27.1833 385.431 385.431 2 25 5
27.1833 385.481 385.481 2 25 5
27.1833 385.531 385.531 2 25 5
27.1832 385.581 385.581 2 25 5
27.1831 385.631 385.631 2 25 5
27.1836 385.681 385.681 2 25 5
27.1836 385.731 385.731 2 25 5
27.1835 385.781 385.781 2 25 5
27.1834 385.831 385.831 2 25 5
27.1833 385.881 385.881 2 25 5
27.1832 385.931 385.931 2 25 5
27.1829 385.981 385.981 2 25 5
27.1833 386.031 386.031 2 25 5
27.1834 386.081 386.081 2 25 5
27.1834 386.131 386.131 2 25 5
27.1834 386.181 386.181 2 25 5
27.1834 386.231 386.231 2 25 5
27.1833 386.281 386.281 2 25 5
27.1833 386.331 386.331 2 25 5
27.1833 386.381 386.381 2 25 5
27.1832 386.431 386.431 2 25 5
27.183 386.481 386.481 2 25 5
27.1834 386.531 386.531 2 25 5
27.1835 386.581 386.581 2 25 5
27.1835 386.631 386.631 2 25 5
27.1834 386.681 386.681 2 25 5
27.1833 386.731 386.731 2 25 5
27.1833 386.781 386.781 2 25 5
27.1832 386.831 386.831 2 25 5
27.1831 386.881 386.881 2 25 5
27.1839 386.931 386.931 2 25 5
27.1837 386.981 386.981 2 25 5
27.1835 387.031 387.031 2 25 5
27.1833 387.081 387.081 2 25 5
27.1877 387.131 387.131 2 25 5
27.1879 387.181 387.181 2 25 5
27.1857 387.231 387.231 2 25 5
27.1835 387.281 387.281 2 25 5
27.1823 387.331 387.331 2 25 5
27.1823 387.381 387.381 2 25 5
27.1829 387.431 387.431 2 25 5
27.1835 387.481 387.481 2 25 5
27.1837 387.531 387.531 2 25 5
27.1836 387.581 387.581 2 25 5
27.1835 387.631 387.631 2 25 5
27.1833 387.681 387.681 2 25 5
27.1832 387.731 387.731 2 25 5
27.1831 387.781 387.781 2 25 5
27.1839 387.831 387.831 2 25 5
27.1837 387.881 387.881 2 25 5
27.1835 387.931 387.931 2 25 5
27.1833 387.981 387.981 2 25 5
27.1831 388.031 388.031 2 25 5
27.1836 388.081 388.081 2 25 5
27.1835 388.131 388.131 2 25 5
27.1834 388.181 388.181 2 25 5
27.1833 388.231 388.231 2 25 5
27.1833 388.281 388.281 2 25 5
27.1832 388.331 388.331 2 25 5
27.183 388.381 388.381 2 25 5
27.1833 388.431 388.431 2 25 5
27.1834 388.481 388.481 2 25 5
27.1835 388.531 388.531 2 25 5
27.1834 388.581 388.581 2 25 5
27.1834 388.631 388.631 2 25 5
27.1833 388.681 388.681 2 25 5
27.1833 388.731 388.731 2 25 5
27.1832 388.781 388.781 2 25 5
27.1831 388.831 388.831 2 25 5
27.184 388.881 388.881 2 25 5
27.1838 388.931 388.931 2 25 5
27.1835 388.981 388.981 2 25 5
27.1833 389.031 389.031 2 25 5
27.1831 389.081 389.081 2 25 5
27.1835 389.131 389.131 2 25 5
27.1835 389.181 389.181 2 25 5
27.1834 389.231 389.231 2 25 5
27.1834 389.281 389.281 2 25 5
27.1833 389.331 389.331 2 25 5
27.1833 389.381 389.381 2 25 5
27.1832 389.431 389.431 2 25 5
27.183 389.481 389.481 2 25 5
27.1834 389.531 389.531 2 25 5
27.1835 389.581 389.581 2 25 5
27.1835 389.631 389.631 2 25 5
27.1834 389.681 389.681 2 25 5
27.1833 389.731 389.731 2 25 5
27.1833 389.781 389.781 2 25 5
27.1832 389.831 389.831 2 25 5
27.1831 389.881 389.881 2 25 5
27.1841 389.931 389.931 2 25 5
27.1838 389.981 389.981 2 25 5
27.1835 390.031 390.031 2 25 5
27.1832 390.081 390.081 2 25 5
27.183 390.131 390.131 2 25 5
27.1834 390.181 390.181 2 25 5
27.1834 390.231 390.231 2 25 5
27.1834 390.281 390.281 2 25 5
27.1834 390.331 390.331 2 25 5
27.1833 390.381 390.381 2 25 5
27.1833 390.431 390.431 2 25 5
27.1833 390.481 390.481 2 25 5
27.1833 390.531 390.531 2 25 5
27.1832 390.581 390.581 2 25 5
27.1831 390.631 390.631 2 25 5
27.1836 390.681 390.681 2 25 5
27.1836 390.731 390.731 2 25 5
27.1835 390.781 390.781 2 25 5
27.1834 390.831 390.831 2 25 5
27.1833 390.881 390.881 2 25 5
27.1832 390.931 390.931 2 25 5
27.183 390.981 390.981 2 25 5
27.1834 391.031 391.031 2 25 5
27.1835 391.081 391.081 2 25 5
27.1835 391.131 391.131 2 25 5
27.1834 391.181 391.181 2 25 5
27.1833 391.231 391.231 2 25 5
27.1833 391.281 391.281 2 25 5
27.1832 391.331 391.331 2 25 5
27.1832 391.381 391.381 2 25 5
27.1822 391.431 391.431 2 25 5
27.1829 391.481 391.481 2 25 5
27.1836 391.531 391.531 2 25 5
27.1838 391.581 391.581 2 25 5
27.1837 391.631 391.631 2 25 5
27.1835 391.681 391.681 2 25 5
27.1833 391.731 391.731 2 25 5
27.1832 391.781 391.781 2 25 5
27.1829 391.831 391.831 2 25 5
27.1833 391.881 391.881 2 25 5
27.1834 391.931 391.931 2 25 5
27.1834 391.981 391.981 2 25 5
27.1834 392.031 392.031 2 25 5
27.1834 392.081 392.081 2 25 5
27.1833 392.131 392.131 2 25 5
27.1833 392.181 392.181 2 25 5
27.1833 392.231 392.231 2 25 5
27.1832 392.281 392.281 2 25 5
27.1831 392.331 392.331 2 25 5
27.1836 392.381 392.381 2 25 5
27.1836 392.431 392.431 2 25 5
27.1835 392.481 392.481 2 25 5
27.1834 392.531 392.531 2 25 5
27.1833 392.581 392.581 2 25 5
27.1832 392.631 392.631 2 25 5
27.1829 392.681 392.681 2 25 5
27.1833 392.731 392.731 2 25 5
27.1834 392.781 392.781 2 25 5
27.1835 392.831 392.831 2 25 5
27.1834 392.881 392.881 2 25 5
27.1834 392.931 392.931 2 25 5
27.1833 392.981 392.981 2 25 5
27.1833 393.031 393.031 2 25 5
27.1832 393.081 393.081 2 25 5
27.1832 393.131 393.131 2 25 5
27.1876 393.181 393.181 2 25 5
27.1856 393.231 393.231 2 25 5
27.1835 393.281 393.281 2 25 5
27.1824 393.331 393.331 2 25 5
27.1824 393.381 393.381 2 25 5
27.1829 393.431 393.431 2 25 5
27.1835 393.481 393.481 2 25 5
27.1837 393.531 393.531 2 25 5
27.1836 393.581 393.581 2 25 5
27.1835 393.631 393.631 2 25 5
27.1833 393.681 393.681 2 25 5
27.1832 393.731 393.731 2 25 5
27.1831 393.781 393.781 2 25 5
27.1849 393.831 393.831 2 25 5
27.1843 393.881 393.881 2 25 5
27.1835 393.931 393.931 2 25 5
27.183 393.981 393.981 2 25 5
27.1832 394.031 394.031 2 25 5
27.1823 394.081 394.081 2 25 5
27.1829 394.131 394.131 2 25 5
27.1836 394.181 394.181 2 25 5
27.1837 394.231 394.231 2 25 5
27.1836 394.281 394.281 2 25 5
27.1835 394.331 394.331 2 25 5
27.1833 394.381 394.381 2 25 5
27.1832 394.431 394.431 2 25 5
27.183 394.481 394.481 2 25 5
27.1834 394.531 394.531 2 25 5
27.1835 394.581 394.581 2 25 5
27.1835 394.631 394.631 2 25 5
27.1834 394.681 394.681 2 25 5
27.1833 394.731 394.731 2 25 5
27.1833 394.781 394.781 2 25 5
27.1832 394.831 394.831 2 25 5
27.1832 394.881 394.881 2 25 5
27.1827 394.931 394.931 2 25 5
27.1832 394.981 394.981 2 25 5
27.1831 395.031 395.031 2 25 5
27.1842 395.081 395.081 2 25 5
27.184 395.131 395.131 2 25 5
27.1836 395.181 395.181 2 25 5
27.1832 395.231 395.231 2 25 5
27.183 395.281 395.281 2 25 5
27.1833 395.331 395.331 2 25 5
27.1834 395.381 395.381 2 25 5
27.1834 395.431 395.431 2 25 5
27.1834 395.481 395.481 2 25 5
27.1833 395.531 395.531 2 25 5
27.1833 395.581 395.581 2 25 5
27.1833 395.631 395.631 2 25 5
27.1833 395.681 395.681 2 25 5
27.1833 395.731 395.731 2 25 5
27.1832 395.781 395.781 2 25 5
27.1832 395.831 395.831 2 25 5
27.182 395.881 395.881 2 25 5
27.1828 395.931 395.931 2 25 5
27.1836 395.981 395.981 2 25 5
27.1838 396.031 396.031 2 25 5
27.1837 396.081 396.081 2 25 5
27.1835 396.131 396.131 2 25 5
27.1833 396.181 396.181 2 25 5
27.1832 396.231 396.231 2 25 5
27.1829 396.281 396.281 2 25 5
27.1833 396.331 396.331 2 25 5
27.1834 396.381 396.381 2 25 5
27.1834 396.431 396.431 2 25 5
27.1834 396.481 396.481 2 25 5
27.1834 396.531 396.531 2 25 5
27.1833 396.581 396.581 2 25 5
27.1833 396.631 396.631 2 25 5
27.1833 396.681 396.681 2 25 5
27.1832 396.731 396.731 2 25 5
27.1832 396.781 396.781 2 25 5
27.1826 396.831 396.831 2 25 5
27.1831 396.881 396.881 2 25 5
27.1848 396.931 396.931 2 25 5
27.1843 396.981 396.981 2 25 5
27.1836 397.031 397.031 2 25 5
27.1831 397.081 397.081 2 25 5
27.1855 397.131 397.131 2 25 5
27.1844 397.181 397.181 2 25 5
27.1834 397.231 397.231 2 25 5
27.1828 397.281 397.281 2 25 5
27.1829 397.331 397.331 2 25 5
27.1833 397.381 397.381 2 25 5
27.1834 397.431 397.431 2 25 5
27.1834 397.481 397.481 2 25 5
27.1834 397.531 397.531 2 25 5
27.1834 397.581 397.581 2 25 5
27.1834 397.631 397.631 2 25 5
27.1833 397.681 397.681 2 25 5
27.1833 397.731 397.731 2 25 5
27.1833 397.781 397.781 2 25 5
27.1832 397.831 397.831 2 25 5
27.1831 397.881 397.881 2 25 5
27.1836 397.931 397.931 2 25 5
27.1836 397.981 397.981 2 25 5
27.1835 398.031 398.031 2 25 5
27.1834 398.081 398.081 2 25 5
27.1833 398.131 398.131 2 25 5
27.1832 398.181 398.181 2 25 5
27.183 398.231 398.231 2 25 5
27.1834 398.281 398.281 2 25 5
27.1835 398.331 398.331 2 25 5
27.1835 398.381 398.381 2 25 5
27.1834 398.431 398.431 2 25 5
27.1834 398.481 398.481 2 25 5
27.1833 398.531 398.531 2 25 5
27.1832 398.581 398.581 2 25 5
27.1832 398.631 398.631 2 25 5
27.1829 398.681 398.681 2 25 5
27.1833 398.731 398.731 2 25 5
27.1835 398.781 398.781 2 25 5
27.1835 398.831 398.831 2 25 5
27.1835 398.881 398.881 2 25 5
27.1834 398.931 398.931 2 25 5
27.1833 398.981 398.981 2 25 5
27.1833 399.031 399.031 2 25 5
27.1832 399.081 399.081 2 25 5
27.1831 399.131 399.131 2 25 5
27.1848 399.181 399.181 2 25 5
27.1842 399.231 399.231 2 25 5
27.1835 399.281 399.281 2 25 5
27.1831 399.331 399.331 2 25 5
27.1833 399.381 399.381 2 25 5
27.1832 399.431 399.431 2 25 5
27.1831 399.481 399.481 2 25 5
27.1843 399.531 399.531 2 25 5
27.184 399.581 399.581 2 25 5
27.1835 399.631 399.631 2 25 5
27.1832 399.681 399.681 2 25 5
27.1828 399.731 399.731 2 25 5
27.1801 399.781 399.781 2 25 5
27.1804 399.831 399.831 2 25 5
27.1821 399.881 399.881 2 25 5
27.1836 399.931 399.931 2 25 5
27.1842 399.981 399.981 2 25 5
27.1841 400.031 400.031 2 25 5
27.1837 400.081 400.081 2 25 5
27.1834 400.131 400.131 2 25 5
27.1831 400.181 400.181 2 25 5
27.1841 400.231 400.231 2 25 5
27.1838 400.281 400.281 2 25 5
27.1834 400.331 400.331 2 25 5
27.1832 400.381 400.381 2 25 5
27.1829 400.431 400.431 2 25 5
27.1832 400.481 400.481 2 25 5
27.1833 400.531 400.531 2 25 5
27.1833 400.581 400.581 2 25 5
27.1833 400.631 400.631 2 25 5
27.1834 400.681 400.681 2 25 5
27.1834 400.731 400.731 2 25 5
27.1834 400.781 400.781 2 25 5
27.1833 400.831 400.831 2 25 5
27.1833 400.881 400.881 2 25 5
27.1833 400.931 400.931 2 25 5
27.1833 400.981 400.981 2 25 5
27.1833 401.031 401.031 2 25 5
27.1832 401.081 401.081 2 25 5
27.1832 401.131 401.131 2 25 5
27.1827 401.181 401.181 2 25 5
27.1832 401.231 401.231 2 25 5
27.1833 401.281 401.281 2 25 5
27.1834 401.331 401.331 2 25 5
27.1834 401.381 401.381 2 25 5
27.1834 401.431 401.431 2 25 5
27.1834 401.481 401.481 2 25 5
27.1833 401.531 401.531 2 25 5
27.1833 401.581 401.581 2 25 5
27.1833 401.631 401.631 2 25 5
27.1832 401.681 401.681 2 25 5
27.1831 401.731 401.731 2 25 5
27.1853 401.781 401.781 2 25 5
27.1845 401.831 401.831 2 25 5
27.1835 401.881 401.881 2 25 5
27.183 401.931 401.931 2 25 5
27.1831 401.981 401.981 2 25 5
27.1835 402.031 402.031 2 25 5
27.1835 402.081 402.081 2 25 5
27.1834 402.131 402.131 2 25 5
27.1834 402.181 402.181 2 25 5
27.1833 402.231 402.231 2 25 5
27.1832 402.281 402.281 2 25 5
27.1832 402.331 402.331 2 25 5
27.1823 402.381 402.381 2 25 5
27.183 402.431 402.431 2 25 5
27.1837 402.481 402.481 2 25 5
27.1838 402.531 402.531 2 25 5
27.1836 402.581 402.581 2 25 5
27.1834 402.631 402.631 2 25 5
27.1833 402.681 402.681 2 25 5
27.1832 402.731 402.731 2 25 5
27.1815 402.781 402.781 2 25 5
27.1826 402.831 402.831 2 25 5
27.1836 402.881 402.881 2 25 5
27.1839 402.931 402.931 2 25 5
27.1839 402.981 402.981 2 25 5
27.1836 403.031 403.031 2 25 5
27.1834 403.081 403.081 2 25 5
27.1832 403.131 403.131 2 25 5
27.1829 403.181 403.181 2 25 5
27.1833 403.231 403.231 2 25 5
27.1834 403.281 403.281 2 25 5
27.1834 403.331 403.331 2 25 5
27.1834 403.381 403.381 2 25 5
27.1834 403.431 403.431 2 25 5
27.1834 403.481 403.481 2 25 5
27.1833 403.531 403.531 2 25 5
27.1833 403.581 403.581 2 25 5
27.1832 403.631 403.631 2 25 5
27.1832 403.681 403.681 2 25 5
27.1829 403.731 403.731 2 25 5
27.1833 403.781 403.781 2 25 5
27.1835 403.831 403.831 2 25 5
27.1835 403.881 403.881 2 25 5
27.1835 403.931 403.931 2 25 5
27.1834 403.981 403.981 2 25 5
27.1833 404.031 404.031 2 25 5
27.1833 404.081 404.081 2 25 5
27.1832 404.131 404.131 2 25 5
27.1831 404.181 404.181 2 25 5
27.1849 404.231 404.231 2 25 5
27.1842 404.281 404.281 2 25 5
27.1835 404.331 404.331 2 25 5
27.1831 404.381 404.381 2 25 5
27.1834 404.431 404.431 2 25 5
27.1833 404.481 404.481 2 25 5
27.1833 404.531 404.531 2 25 5
27.1832 404.581 404.581 2 25 5
27.1831 404.631 404.631 2 25 5
27.1836 404.681 404.681 2 25 5
27.1836 404.731 404.731 2 25 5
27.1835 404.781 404.781 2 25 5
27.1834 404.831 404.831 2 25 5
27.1833 404.881 404.881 2 25 5
27.1832 404.931 404.931 2 25 5
27.1829 404.981 404.981 2 25 5
27.1833 405.031 405.031 2 25 5
27.1834 405.081 405.081 2 25 5
27.1835 405.131 405.131 2 25 5
27.1835 405.181 405.181 2 25 5
27.1834 405.231 405.231 2 25 5
27.1833 405.281 405.281 2 25 5
27.1833 405.331 405.331 2 25 5
27.1832 405.381 405.381 2 25 5
27.1832 405.431 405.431 2 25 5
27.1824 405.481 405.481 2 25 5
27.183 405.531 405.531 2 25 5
27.1838 405.581 405.581 2 25 5
27.1838 405.631 405.631 2 25 5
27.1836 405.681 405.681 2 25 5
27.1834 405.731 405.731 2 25 5
27.1833 405.781 405.781 2 25 5
27.1831 405.831 405.831 2 25 5
27.1839 405.881 405.881 2 25 5
27.1837 405.931 405.931 2 25 5
27.1835 405.981 405.981 2 25 5
27.1833 406.031 406.031 2 25 5
27.1787 406.081 406.081 2 25 5
27.1789 406.131 406.131 2 25 5
27.1813 406.181 406.181 2 25 5
27.1835 406.231 406.231 2 25 5
27.1846 406.281 406.281 2 25 5
27.1845 406.331 406.331 2 25 5
27.184 406.381 406.381 2 25 5
27.1834 406.431 406.431 2 25 5
27.1831 406.481 406.481 2 25 5
27.1834 406.531 406.531 2 25 5
27.1834 406.581 406.581 2 25 5
27.1833 406.631 406.631 2 25 5
27.1833 406.681 406.681 2 25 5
27.1833 406.731 406.731 2 25 5
27.1832 406.781 406.781 2 25 5
27.1832 406.831 406.831 2 25 5
27.1826 406.881 406.881 2 25 5
27.1832 406.931 406.931 2 25 5
27.1832 406.981 406.981 2 25 5
27.1833 407.031 407.031 2 25 5
27.1834 407.081 407.081 2 25 5
27.1834 407.131 407.131 2 25 5
27.1834 407.181 407.181 2 25 5
27.1834 407.231 407.231 2 25 5
27.1834 407.281 407.281 2 25 5
27.1833 407.331 407.331 2 25 5
27.1833 407.381 407.381 2 25 5
27.1833 407.431 407.431 2 25 5
27.1832 407.481 407.481 2 25 5
27.1832 407.531 407.531 2 25 5
27.1827 407.581 407.581 2 25 5
27.1833 407.631 407.631 2 25 5
27.1834 407.681 407.681 2 25 5
27.1835 407.731 407.731 2 25 5
27.1835 407.781 407.781 2 25 5
27.1834 407.831 407.831 2 25 5
27.1834 407.881 407.881 2 25 5
27.1833 407.931 407.931 2 25 5
27.1833 407.981 407.981 2 25 5
27.1832 408.031 408.031 2 25 5
27.183 408.081 408.081 2 25 5
27.1836 408.131 408.131 2 25 5
27.1836 408.181 408.181 2 25 5
27.1835 408.231 408.231 2 25 5
27.1834 408.281 408.281 2 25 5
27.1833 408.331 408.331 2 25 5
27.1832 408.381 408.381 2 25 5
27.183 408.431 408.431 2 25 5
27.1835 408.481 408.481 2 25 5
27.1836 408.531 408.531 2 25 5
27.1835 408.581 408.581 2 25 5
27.1834 408.631 408.631 2 25 5
27.1833 408.681 408.681 2 25 5
27.1832 408.731 408.731 2 25 5
27.1832 408.781 408.781 2 25 5
27.1821 408.831 408.831 2 25 5
27.1829 408.881 408.881 2 25 5
27.1837 408.931 408.931 2 25 5
27.1838 408.981 408.981 2 25 5
27.1837 409.031 409.031 2 25 5
27.1835 409.081 409.081 2 25 5
27.1833 409.131 409.131 2 25 5
27.1832 409.181 409.181 2 25 5
27.1828 409.231 409.231 2 25 5
27.1833 409.281 409.281 2 25 5
27.1834 409.331 409.331 2 25 5
27.1835 409.381 409.381 2 25 5
27.1835 409.431 409.431 2 25 5
27.1834 409.481 409.481 2 25 5
27.1834 409.531 409.531 2 25 5
27.1833 409.581 409.581 2 25 5
27.1833 409.631 409.631 2 25 5
27.1832 409.681 409.681 2 25 5
27.1831 409.731 409.731 2 25 5
27.1862 409.781 409.781 2 25 5
27.185 409.831 409.831 2 25 5
27.1836 409.881 409.881 2 25 5
27.1827 409.931 409.931 2 25 5
27.1828 409.981 409.981 2 25 5
27.1832 410.031 410.031 2 25 5
27.1829 410.081 410.081 2 25 5
27.1834 410.131 410.131 2 25 5
27.1835 410.181 410.181 2 25 5
27.1836 410.231 410.231 2 25 5
27.1835 410.281 410.281 2 25 5
27.1834 410.331 410.331 2 25 5
27.1833 410.381 410.381 2 25 5
27.1832 410.431 410.431 2 25 5
27.1832 410.481 410.481 2 25 5
27.1821 410.531 410.531 2 25 5
27.1829 410.581 410.581 2 25 5
27.1837 410.631 410.631 2 25 5
27.1838 410.681 410.681 2 25 5
27.1837 410.731 410.731 2 25 5
27.1835 410.781 410.781 2 25 5
27.1833 410.831 410.831 2 25 5
27.1832 410.881 410.881 2 25 5
27.1828 410.931 410.931 2 25 5
27.1833 410.981 410.981 2 25 5
27.1834 411.031 411.031 2 25 5
27.1835 411.081 411.081 2 25 5
27.1835 411.131 411.131 2 25 5
27.1834 411.181 411.181 2 25 5
27.1834 411.231 411.231 2 25 5
27.1833 411.281 411.281 2 25 5
27.1833 411.331 411.331 2 25 5
27.1832 411.381 411.381 2 25 5
27.1831 411.431 411.431 2 25 5
27.1814 411.481 411.481 2 25 5
27.1825 411.531 411.531 2 25 5
27.1836 411.581 411.581 2 25 5
27.184 411.631 411.631 2 25 5
27.1839 411.681 411.681 2 25 5
27.1836 411.731 411.731 2 25 5
27.1833 411.781 411.781 2 25 5
27.1832 411.831 411.831 2 25 5
27.1827 411.881 411.881 2 25 5
27.1832 411.931 411.931 2 25 5
27.1832 411.981 411.981 2 25 5
27.1832 412.031 412.031 2 25 5
27.1832 412.081 412.081 2 25 5
27.1833 412.131 412.131 2 25 5
27.1832 412.181 412.181 2 25 5
27.1832 412.231 412.231 2 25 5
27.1832 412.281 412.281 2 25 5
27.1832 412.331 412.331 2 25 5
27.1828 412.381 412.381 2 25 5
27.1833 412.431 412.431 2 25 5
27.1835 412.481 412.481 2 25 5
27.1835 412.531 412.531 2 25 5
27.1835 412.581 412.581 2 25 5
27.1834 412.631 412.631 2 25 5
27.1833 412.681 412.681 2 25 5
27.1833 412.731 412.731 2 25 5
27.1832 412.781 412.781 2 25 5
27.183 412.831 412.831 2 25 5
27.1837 412.881 412.881 2 25 5
27.1837 412.931 412.931 2 25 5
27.1835 412.981 412.981 2 25 5
27.1834 413.031 413.031 2 25 5
27.1833 413.081 413.081 2 25 5
27.1832 413.131 413.131 2 25 5
27.1829 413.181 413.181 2 25 5
27.1834 413.231 413.231 2 25 5
27.1835 413.281 413.281 2 25 5
27.1835 413.331 413.331 2 25 5
27.1835 413.381 413.381 2 25 5
27.1834 413.431 413.431 2 25 5
27.1833 413.481 413.481 2 25 5
27.1833 413.531 413.531 2 25 5
27.1832 413.581 413.581 2 25 5
27.1831 413.631 413.631 2 25 5
27.1849 413.681 413.681 2 25 5
27.1843 413.731 413.731 2 25 5
27.1836 413.781 413.781 2 25 5
27.1831 413.831 413.831 2 25 5
27.1836 413.881 413.881 2 25 5
27.1834 413.931 413.931 2 25 5
27.1833 413.981 413.981 2 25 5
27.1832 414.031 414.031 2 25 5
27.1831 414.081 414.081 2 25 5
27.1822 414.131 414.131 2 25 5
27.183 414.181 414.181 2 25 5
27.1837 414.231 414.231 2 25 5
27.1839 414.281 414.281 2 25 5
27.1837 414.331 414.331 2 25 5
27.1835 414.381 414.381 2 25 5
27.1833 414.431 414.431 2 25 5
27.1832 414.481 414.481 2 25 5
27.1826 414.531 414.531 2 25 5
27.1831 414.581 414.581 2 25 5
27.1823 414.631 414.631 2 25 5
27.1886 414.681 414.681 2 25 5
27.1863 414.732 414.732 2 25 5
27.1837 414.781 414.781 2 25 5
27.1823 414.831 414.831 2 25 5
27.1822 414.881 414.881 2 25 5
27.1828 414.931 414.931 2 25 5
27.1835 414.981 414.981 2 25 5
27.1837 415.031 415.031 2 25 5
27.1837 415.081 415.081 2 25 5
27.1835 415.131 415.131 2 25 5
27.1834 415.181 415.181 2 25 5
27.1833 415.231 415.231 2 25 5
27.1831 415.281 415.281 2 25 5
27.1823 415.331 415.331 2 25 5
27.183 415.381 415.381 2 25 5
27.1838 415.431 415.431 2 25 5
27.1839 415.481 415.481 2 25 5
27.1837 415.531 415.531 2 25 5
27.1834 415.581 415.581 2 25 5
27.1833 415.631 415.631 2 25 5
27.1831 415.681 415.681 2 25 5
27.181 415.731 415.731 2 25 5
27.1823 415.781 415.781 2 25 5
27.1836 415.831 415.831 2 25 5
27.1841 415.881 415.881 2 25 5
27.184 415.931 415.931 2 25 5
27.1837 415.981 415.981 2 25 5
27.1834 416.031 416.031 2 25 5
27.1832 416.081 416.081 2 25 5
27.1827 416.131 416.131 2 25 5
27.1832 416.181 416.181 2 25 5
27.1832 416.231 416.231 2 25 5
27.1832 416.281 416.281 2 25 5
27.1833 416.331 416.331 2 25 5
27.1833 416.381 416.381 2 25 5
27.1833 416.431 416.431 2 25 5
27.1833 416.481 416.481 2 25 5
27.1834 416.531 416.531 2 25 5
27.1834 416.581 416.581 2 25 5
27.1833 416.631 416.631 2 25 5
27.1833 416.681 416.681 2 25 5
27.1833 416.731 416.731 2 25 5
27.1833 416.781 416.781 2 25 5
27.1833 416.831 416.831 2 25 5
27.1833 416.881 416.881 2 25 5
27.1833 416.931 416.931 2 25 5
27.1832 416.981 416.981 2 25 5
27.1832 417.031 417.031 2 25 5
27.183 417.081 417.081 2 25 5
27.1835 417.131 417.131 2 25 5
27.1836 417.181 417.181 2 25 5
27.1835 417.231 417.231 2 25 5
27.1834 417.281 417.281 2 25 5
27.1833 417.331 417.331 2 25 5
27.1833 417.381 417.381 2 25 5
27.1832 417.431 417.431 2 25 5
27.183 417.481 417.481 2 25 5
27.1837 417.531 417.531 2 25 5
27.1837 417.581 417.581 2 25 5
27.1835 417.631 417.631 2 25 5
27.1834 417.681 417.681 2 25 5
27.1833 417.731 417.731 2 25 5
27.1832 417.781 417.781 2 25 5
27.183 417.831 417.831 2 25 5
27.1835 417.881 417.881 2 25 5
27.1836 417.931 417.931 2 25 5
27.1835 417.981 417.981 2 25 5
27.1834 418.031 418.031 2 25 5
27.1833 418.081 418.081 2 25 5
27.1833 418.131 418.131 2 25 5
27.1832 418.181 418.181 2 25 5
27.1829 418.231 418.231 2 25 5
27.1835 418.281 418.281 2 25 5
27.1836 418.331 418.331 2 25 5
27.1835 418.381 418.381 2 25 5
27.1834 418.431 418.431 2 25 5
27.1833 418.481 418.481 2 25 5
27.1833 418.531 418.531 2 25 5
27.1832 418.581 418.581 2 25 5
27.1831 418.631 418.631 2 25 5
27.1846 418.681 418.681 2 25 5
27.1841 418.731 418.731 2 25 5
27.1836 418.781 418.781 2 25 5
27.1832 418.831 418.831 2 25 5
27.1825 418.881 418.881 2 25 5
27.183 418.931 418.931 2 25 5
27.1839 418.981 418.981 2 25 5
27.1838 419.031 419.031 2 25 5
27.1836 419.081 419.081 2 25 5
27.1834 419.131 419.131 2 25 5
27.1832 419.181 419.181 2 25 5
27.1831 419.231 419.231 2 25 5
27.184 419.281 419.281 2 25 5
27.1838 419.331 419.331 2 25 5
27.1835 419.381 419.381 2 25 5
27.1833 419.431 419.431 2 25 5
27.1831 419.481 419.481 2 25 5
27.1824 419.531 419.531 2 25 5
27.1831 419.581 419.581 2 25 5
27.184 419.631 419.631 2 25 5
27.184 419.681 419.681 2 25 5
27.1837 419.731 419.731 2 25 5
27.1834 419.781 419.781 2 25 5
27.1832 419.831 419.831 2 25 5
27.1828 419.881 419.881 2 25 5
27.1833 419.931 419.931 2 25 5
27.1834 419.981 419.981 2 25 5
27.1835 420.031 420.031 2 25 5
27.1835 420.081 420.081 2 25 5
27.1834 420.131 420.131 2 25 5
27.1834 420.181 420.181 2 25 5
27.1833 420.231 420.231 2 25 5
27.1833 420.281 420.281 2 25 5
27.1832 420.331 420.331 2 25 5
27.1832 420.381 420.381 2 25 5
27.1829 420.431 420.431 2 25 5
27.1835 420.481 420.481 2 25 5
27.1836 420.531 420.531 2 25 5
27.1835 420.581 420.581 2 25 5
27.1835 420.631 420.631 2 25 5
27.1834 420.681 420.681 2 25 5
27.1833 420.731 420.731 2 25 5
27.1832 420.781 420.781 2 25 5
27.1831 420.831 420.831 2 25 5
27.1843 420.881 420.881 2 25 5
27.184 420.931 420.931 2 25 5
27.1836 420.981 420.981 2 25 5
27.1832 421.031 421.031 2 25 5
27.183 421.081 421.081 2 25 5
27.1835 421.131 421.131 2 25 5
27.1835 421.181 421.181 2 25 5
27.1835 421.231 421.231 2 25 5
27.1834 421.281 421.281 2 25 5
27.1833 421.331 421.331 2 25 5
27.1833 421.381 421.381 2 25 5
27.1832 421.431 421.431 2 25 5
27.183 421.481 421.481 2 25 5
27.1836 421.531 421.531 2 25 5
27.1836 421.581 421.581 2 25 5
27.1835 421.631 421.631 2 25 5
27.1834 421.681 421.681 2 25 5
27.1833 421.731 421.731 2 25 5
27.1832 421.781 421.781 2 25 5
27.1792 421.831 421.831 2 25 5
27.1795 421.881 421.881 2 25 5
27.1816 421.932 421.932 2 25 5
27.1836 421.981 421.981 2 25 5
27.1845 422.031 422.031 2 25 5
27.1844 422.081 422.081 2 25 5
27.1839 422.131 422.131 2 25 5
27.1834 422.181 422.181 2 25 5
27.1831 422.231 422.231 2 25 5
27.1844 422.281 422.281 2 25 5
27.1839 422.331 422.331 2 25 5
27.1835 422.381 422.381 2 25 5
27.1832 422.431 422.431 2 25 5
27.1825 422.481 422.481 2 25 5
27.183 422.531 422.531 2 25 5
27.184 422.581 422.581 2 25 5
27.1839 422.631 422.631 2 25 5
27.1836 422.681 422.681 2 25 5
27.1834 422.731 422.731 2 25 5
27.1832 422.781 422.781 2 25 5
27.1829 422.831 422.831 2 25 5
27.1834 422.881 422.881 2 25 5
27.1835 422.931 422.931 2 25 5
27.1835 422.981 422.981 2 25 5
27.1835 423.031 423.031 2 25 5
27.1834 423.081 423.081 2 25 5
27.1833 423.131 423.131 2 25 5
27.1833 423.181 423.181 2 25 5
27.1832 423.231 423.231 2 25 5
27.1832 423.281 423.281 2 25 5
27.1829 423.331 423.331 2 25 5
27.1835 423.381 423.381 2 25 5
27.1836 423.431 423.431 2 25 5
27.1836 423.481 423.481 2 25 5
27.1835 423.531 423.531 2 25 5
27.1834 423.581 423.581 2 25 5
27.1833 423.631 423.631 2 25 5
27.1832 423.681 423.681 2 25 5
27.1831 423.731 423.731 2 25 5
27.1787 423.781 423.781 2 25 5
27.1812 423.832 423.832 2 25 5
27.1836 423.882 423.882 2 25 5
27.1847 423.932 423.932 2 25 5
27.1846 423.982 423.982 2 25 5
27.184 424.032 424.032 2 25 5
27.1834 424.082 424.082 2 25 5
27.183 424.132 424.132 2 25 5
27.1836 424.182 424.182 2 25 5
27.1835 424.232 424.232 2 25 5
27.1834 424.282 424.282 2 25 5
27.1833 424.332 424.332 2 25 5
27.1832 424.382 424.382 2 25 5
27.1831 424.432 424.432 2 25 5
27.1878 424.482 424.482 2 25 5
27.1857 424.532 424.532 2 25 5
27.1836 424.582 424.582 2 25 5
27.1824 424.632 424.632 2 25 5
27.1824 424.682 424.682 2 25 5
27.183 424.732 424.732 2 25 5
27.1837 424.782 424.782 2 25 5
27.1838 424.832 424.832 2 25 5
27.1836 424.882 424.882 2 25 5
27.1834 424.932 424.932 2 25 5
27.1833 424.982 424.982 2 25 5
27.1832 425.032 425.032 2 25 5
27.1829 425.082 425.082 2 25 5
27.1834 425.132 425.132 2 25 5
27.1835 425.182 425.182 2 25 5
27.1835 425.232 425.232 2 25 5
27.1835 425.282 425.282 2 25 5
27.1834 425.332 425.332 2 25 5
27.1833 425.382 425.382 2 25 5
27.1833 425.432 425.432 2 25 5
27.1832 425.482 425.482 2 25 5
27.1831 425.532 425.532 2 25 5
27.1846 425.582 425.582 2 25 5
27.1842 425.632 425.632 2 25 5
27.1836 425.682 425.682 2 25 5
27.1832 425.732 425.732 2 25 5
27.1827 425.782 425.782 2 25 5
27.1832 425.832 425.832 2 25 5
27.1828 425.882 425.882 2 25 5
27.1835 425.932 425.932 2 25 5
27.1836 425.982 425.982 2 25 5
27.1836 426.032 426.032 2 25 5
27.1835 426.082 426.082 2 25 5
27.1834 426.132 426.132 2 25 5
27.1833 426.182 426.182 2 25 5
27.1832 426.232 426.232 2 25 5
27.1831 426.282 426.282 2 25 5
27.1849 426.332 426.332 2 25 5
27.1843 426.382 426.382 2 25 5
27.1836 426.432 426.432 2 25 5
27.1865 426.482 426.482 2 25 5
27.1865 426.532 426.532 2 25 5
27.185 426.582 426.582 2 25 5
27.1834 426.632 426.632 2 25 5
27.1826 426.682 426.682 2 25 5
27.1827 426.732 426.732 2 25 5
27.1832 426.782 426.782 2 25 5
27.1833 426.832 426.832 2 25 5
27.1834 426.882 426.882 2 25 5
27.1834 426.932 426.932 2 25 5
27.1834 426.982 426.982 2 25 5
27.1834 427.032 427.032 2 25 5
27.1834 427.082 427.082 2 25 5
27.1833 427.132 427.132 2 25 5
27.1833 427.182 427.182 2 25 5
27.1833 427.232 427.232 2 25 5
27.1832 427.282 427.282 2 25 5
27.1832 427.332 427.332 2 25 5
27.1829 427.382 427.382 2 25 5
27.1835 427.432 427.432 2 25 5
27.1836 427.482 427.482 2 25 5
27.1836 427.532 427.532 2 25 5
27.1835 427.582 427.582 2 25 5
27.1833 427.632 427.632 2 25 5
27.1833 427.682 427.682 2 25 5
27.1832 427.732 427.732 2 25 5
27.183 427.782 427.782 2 25 5
27.1837 427.832 427.832 2 25 5
27.1837 427.882 427.882 2 25 5
27.1836 427.932 427.932 2 25 5
27.1834 427.982 427.982 2 25 5
27.1833 428.032 428.032 2 25 5
27.1832 428.082 428.082 2 25 5
27.183 428.132 428.132 2 25 5
27.184 428.182 428.182 2 25 5
27.1838 428.232 428.232 2 25 5
27.1836 428.282 428.282 2 25 5
27.1833 428.332 428.332 2 25 5
27.1832 428.382 428.382 2 25 5
27.1828 428.432 428.432 2 25 5
27.1833 428.482 428.482 2 25 5
27.1834 428.532 428.532 2 25 5
27.1835 428.582 428.582 2 25 5
27.1835 428.632 428.632 2 25 5
27.1834 428.682 428.682 2 25 5
27.1834 428.732 428.732 2 25 5
27.1833 428.782 428.782 2 25 5
27.1833 428.832 428.832 2 25 5
27.1832 428.882 428.882 2 25 5
27.1874 428.932 428.932 2 25 5
27.1877 428.982 428.982 2 25 5
27.1857 429.032 429.032 2 25 5
27.1836 429.082 429.082 2 25 5
27.1824 429.132 429.132 2 25 5
27.1824 429.182 429.182 2 25 5
27.183 429.232 429.232 2 25 5
27.1838 429.282 429.282 2 25 5
27.1839 429.332 429.332 2 25 5
27.1837 429.382 429.382 2 25 5
27.1834 429.432 429.432 2 25 5
27.1833 429.482 429.482 2 25 5
27.1831 429.532 429.532 2 25 5
27.1793 429.582 429.582 2 25 5
27.1815 429.632 429.632 2 25 5
27.1836 429.682 429.682 2 25 5
27.1845 429.732 429.732 2 25 5
27.1845 429.782 429.782 2 25 5
27.1839 429.832 429.832 2 25 5
27.1834 429.882 429.882 2 25 5
27.1831 429.932 429.932 2 25 5
27.1856 429.982 429.982 2 25 5
27.1846 430.032 430.032 2 25 5
27.1835 430.082 430.082 2 25 5
27.1829 430.132 430.132 2 25 5
27.1831 430.182 430.182 2 25 5
27.1844 430.232 430.232 2 25 5
27.184 430.282 430.282 2 25 5
27.1835 430.332 430.332 2 25 5
27.1832 430.382 430.382 2 25 5
27.1829 430.432 430.432 2 25 5
27.1834 430.482 430.482 2 25 5
27.1834 430.532 430.532 2 25 5
27.1835 430.582 430.582 2 25 5
27.1834 430.632 430.632 2 25 5
27.1834 430.682 430.682 2 25 5
27.1833 430.732 430.732 2 25 5
27.1833 430.782 430.782 2 25 5
27.1832 430.832 430.832 2 25 5
27.1832 430.882 430.882 2 25 5
27.1831 430.932 430.932 2 25 5
27.1844 430.982 430.982 2 25 5
27.1841 431.032 431.032 2 25 5
27.1836 431.082 431.082 2 25 5
27.1832 431.132 431.132 2 25 5
27.183 431.182 431.182 2 25 5
27.1835 431.232 431.232 2 25 5
27.1835 431.282 431.282 2 25 5
27.1835 431.332 431.332 2 25 5
27.1834 431.382 431.382 2 25 5
27.1833 431.432 431.432 2 25 5
27.1833 431.482 431.482 2 25 5
27.1832 431.532 431.532 2 25 5
27.1832 431.582 431.582 2 25 5
27.1827 431.632 431.632 2 25 5
27.1834 431.682 431.682 2 25 5
27.1835 431.732 431.732 2 25 5
27.1836 431.782 431.782 2 25 5
27.1835 431.832 431.832 2 25 5
27.1834 431.882 431.882 2 25 5
27.1833 431.932 431.932 2 25 5
27.1833 431.982 431.982 2 25 5
27.1832 432.032 432.032 2 25 5
27.1831 432.082 432.082 2 25 5
27.1843 432.132 432.132 2 25 5
27.184 432.182 432.182 2 25 5
27.1836 432.232 432.232 2 25 5
27.1833 432.282 432.282 2 25 5
27.183 432.332 432.332 2 25 5
27.1837 432.382 432.382 2 25 5
27.1837 432.432 432.432 2 25 5
27.1835 432.482 432.482 2 25 5
27.1834 432.532 432.532 2 25 5
27.1832 432.582 432.582 2 25 5
27.1831 432.632 432.632 2 25 5
27.1821 432.682 432.682 2 25 5
27.183 432.732 432.732 2 25 5
27.184 432.782 432.782 2 25 5
27.184 432.832 432.832 2 25 5
27.1837 432.882 432.882 2 25 5
27.1834 432.932 432.932 2 25 5
27.1832 432.982 432.982 2 25 5
27.183 433.032 433.032 2 25 5
27.1841 433.082 433.082 2 25 5
27.1839 433.132 433.132 2 25 5
27.1835 433.182 433.182 2 25 5
27.1833 433.232 433.232 2 25 5
27.1867 433.282 433.282 2 25 5
27.1869 433.332 433.332 2 25 5
27.1853 433.382 433.382 2 25 5
27.1836 433.432 433.432 2 25 5
27.1826 433.482 433.482 2 25 5
27.1827 433.532 433.532 2 25 5
27.1832 433.582 433.582 2 25 5
27.183 433.632 433.632 2 25 5
27.1838 433.682 433.682 2 25 5
27.1838 433.732 433.732 2 25 5
27.1836 433.782 433.782 2 25 5
27.1834 433.832 433.832 2 25 5
27.1833 433.882 433.882 2 25 5
27.1832 433.932 433.932 2 25 5
27.1827 433.982 433.982 2 25 5
27.1833 434.032 434.032 2 25 5
27.1835 434.082 434.082 2 25 5
27.1835 434.132 434.132 2 25 5
27.1835 434.182 434.182 2 25 5
27.1834 434.232 434.232 2 25 5
27.1834 434.282 434.282 2 25 5
27.1833 434.332 434.332 2 25 5
27.1832 434.382 434.382 2 25 5
27.1831 434.432 434.432 2 25 5
27.1827 434.482 434.482 2 25 5
27.1833 434.532 434.532 2 25 5
27.1835 434.582 434.582 2 25 5
27.1836 434.632 434.632 2 25 5
27.1835 434.682 434.682 2 25 5
27.1834 434.732 434.732 2 25 5
27.1833 434.782 434.782 2 25 5
27.1833 434.832 434.832 2 25 5
27.1832 434.882 434.882 2 25 5
27.1831 434.932 434.932 2 25 5
27.1847 434.982 434.982 2 25 5
27.1843 435.032 435.032 2 25 5
27.1836 435.082 435.082 2 25 5
27.1832 435.132 435.132 2 25 5
27.1826 435.182 435.182 2 25 5
27.1831 435.232 435.232 2 25 5
27.178 435.282 435.282 2 25 5
27.181 435.332 435.332 2 25 5
27.1837 435.382 435.382 2 25 5
27.1849 435.432 435.432 2 25 5
27.1848 435.482 435.482 2 25 5
27.1841 435.532 435.532 2 25 5
27.1834 435.582 435.582 2 25 5
27.183 435.632 435.632 2 25 5
27.1835 435.682 435.682 2 25 5
27.1835 435.732 435.732 2 25 5
27.1834 435.782 435.782 2 25 5
27.1833 435.832 435.832 2 25 5
27.1833 435.882 435.882 2 25 5
27.1832 435.932 435.932 2 25 5
27.1831 435.982 435.982 2 25 5
27.1828 436.032 436.032 2 25 5
27.1834 436.082 436.082 2 25 5
27.1835 436.132 436.132 2 25 5
27.1836 436.182 436.182 2 25 5
27.1835 436.232 436.232 2 25 5
27.1834 436.282 436.282 2 25 5
27.1833 436.332 436.332 2 25 5
27.1833 436.382 436.382 2 25 5
27.1832 436.432 436.432 2 25 5
27.183 436.482 436.482 2 25 5
27.1838 436.532 436.532 2 25 5
27.1837 436.582 436.582 2 25 5
27.1836 436.632 436.632 2 25 5
27.1834 436.682 436.682 2 25 5
27.1833 436.732 436.732 2 25 5
27.1832 436.782 436.782 2 25 5
27.1828 436.832 436.832 2 25 5
27.1834 436.882 436.882 2 25 5
27.1835 436.932 436.932 2 25 5
27.1836 436.982 436.982 2 25 5
27.1835 437.032 437.032 2 25 5
27.1834 437.082 437.082 2 25 5
27.1833 437.132 437.132 2 25 5
27.1833 437.182 437.182 2 25 5
27.1832 437.232 437.232 2 25 5
27.1831 437.282 437.282 2 25 5
27.1883 437.332 437.332 2 25 5
27.186 437.382 437.382 2 25 5
27.1836 437.432 437.432 2 25 5
27.1823 437.482 437.482 2 25 5
27.1823 437.532 437.532 2 25 5
27.1829 437.582 437.582 2 25 5
27.1838 437.632 437.632 2 25 5
27.1839 437.682 437.682 2 25 5
27.1837 437.732 437.732 2 25 5
27.1835 437.782 437.782 2 25 5
27.1833 437.832 437.832 2 25 5
27.1832 437.882 437.882 2 25 5
27.1828 437.932 437.932 2 25 5
27.1834 437.982 437.982 2 25 5
27.1835 438.032 438.032 2 25 5
27.1836 438.082 438.082 2 25 5
27.1835 438.132 438.132 2 25 5
27.1834 438.182 438.182 2 25 5
27.1833 438.232 438.232 2 25 5
27.1833 438.282 438.282 2 25 5
27.1832 438.332 438.332 2 25 5
27.187 438.382 438.382 2 25 5
27.1873 438.432 438.432 2 25 5
27.1855 438.482 438.482 2 25 5
27.1836 438.532 438.532 2 25 5
27.1825 438.582 438.582 2 25 5
27.1826 438.632 438.632 2 25 5
27.1831 438.682 438.682 2 25 5
27.182 438.732 438.732 2 25 5
27.183 438.782 438.782 2 25 5
27.1843 438.832 438.832 2 25 5
27.1842 438.882 438.882 2 25 5
27.1838 438.932 438.932 2 25 5
27.1834 438.982 438.982 2 25 5
27.1832 439.032 439.032 2 25 5
27.1826 439.082 439.082 2 25 5
27.1832 439.132 439.132 2 25 5
27.1833 439.182 439.182 2 25 5
27.1834 439.232 439.232 2 25 5
27.1834 439.282 439.282 2 25 5
27.1834 439.332 439.332 2 25 5
27.1834 439.382 439.382 2 25 5
27.1834 439.432 439.432 2 25 5
27.1833 439.482 439.482 2 25 5
27.1833 439.532 439.532 2 25 5
27.1833 439.582 439.582 2 25 5
27.1832 439.632 439.632 2 25 5
27.1831 439.682 439.682 2 25 5
27.1826 439.732 439.732 2 25 5
27.1833 439.782 439.782 2 25 5
27.1835 439.832 439.832 2 25 5
27.1836 439.882 439.882 2 25 5
27.1836 439.932 439.932 2 25 5
27.1835 439.982 439.982 2 25 5
27.1834 440.032 440.032 2 25 5
27.1833 440.082 440.082 2 25 5
27.1832 440.132 440.132 2 25 5
27.1831 440.182 440.182 2 25 5
27.1824 440.232 440.232 2 25 5
27.1832 440.282 440.282 2 25 5
27.1832 440.332 440.332 2 25 5
27.1831 440.382 440.382 2 25 5
27.1824 440.432 440.432 2 25 5
27.1832 440.482 440.482 2 25 5
27.1834 440.532 440.532 2 25 5
27.1836 440.582 440.582 2 25 5
27.1836 440.632 440.632 2 25 5
27.1835 440.682 440.682 2 25 5
27.1834 440.732 440.732 2 25 5
27.1833 440.782 440.782 2 25 5
27.1832 440.832 440.832 2 25 5
27.1831 440.882 440.882 2 25 5
27.1827 440.932 440.932 2 25 5
27.1834 440.982 440.982 2 25 5
27.1835 441.032 441.032 2 25 5
27.1836 441.082 441.082 2 25 5
27.1835 441.132 441.132 2 25 5
27.1834 441.182 441.182 2 25 5
27.1833 441.232 441.232 2 25 5
27.1833 441.282 441.282 2 25 5
27.1832 441.332 441.332 2 25 5
27.183 441.382 441.382 2 25 5
27.1845 441.432 441.432 2 25 5
27.1841 441.482 441.482 2 25 5
27.1836 441.532 441.532 2 25 5
27.1832 441.582 441.582 2 25 5
27.1829 441.632 441.632 2 25 5
27.1835 441.682 441.682 2 25 5
27.1835 441.732 441.732 2 25 5
27.1835 441.782 441.782 2 25 5
27.1834 441.832 441.832 2 25 5
27.1833 441.882 441.882 2 25 5
27.1833 441.932 441.932 2 25 5
27.1832 441.982 441.982 2 25 5
27.1831 442.032 442.032 2 25 5
27.1828 442.082 442.082 2 25 5
27.1834 442.132 442.132 2 25 5
27.1836 442.182 442.182 2 25 5
27.1836 442.232 442.232 2 25 5
27.1835 442.282 442.282 2 25 5
27.1834 442.332 442.332 2 25 5
27.1833 442.382 442.382 2 25 5
27.1832 442.432 442.432 2 25 5
27.1831 442.482 442.482 2 25 5
27.1828 442.532 442.532 2 25 5
27.1834 442.582 442.582 2 25 5
27.1836 442.632 442.632 2 25 5
27.1836 442.682 442.682 2 25 5
27.1835 442.732 442.732 2 25 5
27.1834 442.782 442.782 2 25 5
27.1833 442.832 442.832 2 25 5
27.1832 442.882 442.882 2 25 5
27.1832 442.932 442.932 2 25 5
27.1829 442.982 442.982 2 25 5
27.1836 443.032 443.032 2 25 5
27.1837 443.082 443.082 2 25 5
27.1836 443.132 443.132 2 25 5
27.1835 443.182 443.182 2 25 5
27.1833 443.232 443.232 2 25 5
27.1833 443.282 443.282 2 25 5
27.1832 443.332 443.332 2 25 5
27.1829 443.382 443.382 2 25 5
27.1836 443.432 443.432 2 25 5
27.1837 443.482 443.482 2 25 5
27.1836 443.532 443.532 2 25 5
27.1835 443.582 443.582 2 25 5
27.1834 443.632 443.632 2 25 5
27.1833 443.682 443.682 2 25 5
27.1832 443.732 443.732 2 25 5
27.183 443.782 443.782 2 25 5
27.1838 443.832 443.832 2 25 5
27.1838 443.882 443.882 2 25 5
27.1836 443.932 443.932 2 25 5
27.1834 443.982 443.982 2 25 5
27.1833 444.032 444.032 2 25 5
27.1831 444.082 444.082 2 25 5
27.1828 444.132 444.132 2 25 5
27.1834 444.182 444.182 2 25 5
27.1836 444.232 444.232 2 25 5
27.1836 444.282 444.282 2 25 5
27.1835 444.332 444.332 2 25 5
27.1834 444.382 444.382 2 25 5
27.1833 444.432 444.432 2 25 5
27.1833 444.482 444.482 2 25 5
27.1832 444.532 444.532 2 25 5
27.183 444.582 444.582 2 25 5
27.1841 444.632 444.632 2 25 5
27.1839 444.682 444.682 2 25 5
27.1836 444.732 444.732 2 25 5
27.1833 444.782 444.782 2 25 5
27.1831 444.832 444.832 2 25 5
27.1827 444.882 444.882 2 25 5
27.1833 444.932 444.932 2 25 5
27.1835 444.982 444.982 2 25 5
27.1835 445.032 445.032 2 25 5
27.1835 445.082 445.082 2 25 5
27.1834 445.132 445.132 2 25 5
27.1834 445.182 445.182 2 25 5
27.1833 445.232 445.232 2 25 5
27.1832 445.282 445.282 2 25 5
27.1832 445.332 445.332 2 25 5
27.183 445.382 445.382 2 25 5
27.184 445.432 445.432 2 25 5
27.1839 445.482 445.482 2 25 5
27.1836 445.532 445.532 2 25 5
27.1834 445.582 445.582 2 25 5
27.1832 445.632 445.632 2 25 5
27.183 445.682 445.682 2 25 5
27.1838 445.732 445.732 2 25 5
27.1837 445.782 445.782 2 25 5
27.1836 445.832 445.832 2 25 5
27.1834 445.882 445.882 2 25 5
27.1833 445.932 445.932 2 25 5
27.1832 445.982 445.982 2 25 5
27.1828 446.032 446.032 2 25 5
27.1835 446.082 446.082 2 25 5
27.1836 446.132 446.132 2 25 5
27.1836 446.182 446.182 2 25 5
27.1835 446.232 446.232 2 25 5
27.1834 446.282 446.282 2 25 5
27.1833 446.332 446.332 2 25 5
27.1832 446.382 446.382 2 25 5
27.1831 446.432 446.432 2 25 5
27.1827 446.482 446.482 2 25 5
27.1834 446.532 446.532 2 25 5
27.1836 446.582 446.582 2 25 5
27.1836 446.632 446.632 2 25 5
27.1835 446.682 446.682 2 25 5
27.1834 446.732 446.732 2 25 5
27.1833 446.782 446.782 2 25 5
27.1832 446.832 446.832 2 25 5
27.1832 446.882 446.882 2 25 5
27.1829 446.932 446.932 2 25 5
27.1836 446.982 446.982 2 25 5
27.1837 447.032 447.032 2 25 5
27.1836 447.082 447.082 2 25 5
27.1835 447.132 447.132 2 25 5
27.1833 447.182 447.182 2 25 5
27.1832 447.232 447.232 2 25 5
27.1831 447.282 447.282 2 25 5
27.1828 447.332 447.332 2 25 5
27.1835 447.382 447.382 2 25 5
27.1836 447.432 447.432 2 25 5
27.1836 447.482 447.482 2 25 5
27.1835 447.532 447.532 2 25 5
27.1834 447.582 447.582 2 25 5
27.1833 447.632 447.632 2 25 5
27.1832 447.682 447.682 2 25 5
27.1831 447.732 447.732 2 25 5
27.181 447.782 447.782 2 25 5
27.1825 447.832 447.832 2 25 5
27.1838 447.882 447.882 2 25 5
27.1842 447.932 447.932 2 25 5
27.1841 447.982 447.982 2 25 5
27.1837 448.032 448.032 2 25 5
27.1834 448.082 448.082 2 25 5
27.1831 448.132 448.132 2 25 5
27.1827 448.182 448.182 2 25 5
27.1833 448.232 448.232 2 25 5
27.1834 448.282 448.282 2 25 5
27.1835 448.332 448.332 2 25 5
27.1835 448.382 448.382 2 25 5
27.1835 448.432 448.432 2 25 5
27.1834 448.482 448.482 2 25 5
27.1833 448.532 448.532 2 25 5
27.1833 448.582 448.582 2 25 5
27.1832 448.632 448.632 2 25 5
27.1797 448.682 448.682 2 25 5
27.1801 448.732 448.732 2 25 5
27.182 448.782 448.782 2 25 5
27.1837 448.832 448.832 2 25 5
27.1844 448.882 448.882 2 25 5
27.1843 448.932 448.932 2 25 5
27.1838 448.982 448.982 2 25 5
27.1834 449.032 449.032 2 25 5
27.1831 449.082 449.082 2 25 5
27.1821 449.132 449.132 2 25 5
27.1829 449.182 449.182 2 25 5
27.184 449.232 449.232 2 25 5
27.1841 449.282 449.282 2 25 5
27.1838 449.332 449.332 2 25 5
27.1835 449.382 449.382 2 25 5
27.1832 449.432 449.432 2 25 5
27.183 449.482 449.482 2 25 5
27.1847 449.532 449.532 2 25 5
27.1842 449.582 449.582 2 25 5
27.1836 449.632 449.632 2 25 5
27.1832 449.682 449.682 2 25 5
27.1827 449.732 449.732 2 25 5
27.1833 449.782 449.782 2 25 5
27.1833 449.832 449.832 2 25 5
27.1834 449.882 449.882 2 25 5
27.1834 449.932 449.932 2 25 5
27.1834 449.982 449.982 2 25 5
27.1834 450.032 450.032 2 25 5
27.1834 450.082 450.082 2 25 5
27.1833 450.132 450.132 2 25 5
27.1833 450.182 450.182 2 25 5
27.1832 450.232 450.232 2 25 5
27.1832 450.282 450.282 2 25 5
27.1831 450.332 450.332 2 25 5
27.1824 450.382 450.382 2 25 5
27.1832 450.432 450.432 2 25 5
27.1834 450.482 450.482 2 25 5
27.1835 450.532 450.532 2 25 5
27.1836 450.582 450.582 2 25 5
27.1835 450.632 450.632 2 25 5
27.1834 450.682 450.682 2 25 5
27.1833 450.732 450.732 2 25 5
27.1833 450.782 450.782 2 25 5
27.1832 450.832 450.832 2 25 5
27.1831 450.882 450.882 2 25 5
27.1816 450.932 450.932 2 25 5
27.1828 450.982 450.982 2 25 5
27.1839 451.032 451.032 2 25 5
27.1841 451.082 451.082 2 25 5
27.1839 451.132 451.132 2 25 5
27.1836 451.182 451.182 2 25 5
27.1833 451.232 451.232 2 25 5
27.1831 451.282 451.282 2 25 5
27.1825 451.332 451.332 2 25 5
27.1832 451.382 451.382 2 25 5
27.1832 451.432 451.432 2 25 5
27.1833 451.482 451.482 2 25 5
27.1834 451.532 451.532 2 25 5
27.1835 451.582 451.582 2 25 5
27.1835 451.632 451.632 2 25 5
27.1834 451.682 451.682 2 25 5
27.1834 451.732 451.732 2 25 5
27.1833 451.782 451.782 2 25 5
27.1833 451.832 451.832 2 25 5
27.1832 451.882 451.882 2 25 5
27.1832 451.932 451.932 2 25 5
27.1885 451.982 451.982 2 25 5
27.1889 452.032 452.032 2 25 5
27.1864 452.083 452.083 2 25 5
27.1837 452.132 452.132 2 25 5
27.1822 452.182 452.182 2 25 5
27.1822 452.232 452.232 2 25 5
27.1829 452.282 452.282 2 25 5
27.1839 452.332 452.332 2 25 5
27.184 452.382 452.382 2 25 5
27.1837 452.432 452.432 2 25 5
27.1835 452.482 452.482 2 25 5
27.1833 452.532 452.532 2 25 5
27.1831 452.582 452.582 2 25 5
27.1825 452.632 452.632 2 25 5
27.1832 452.682 452.682 2 25 5
27.1834 452.732 452.732 2 25 5
27.1835 452.782 452.782 2 25 5
27.1835 452.832 452.832 2 25 5
27.1835 452.882 452.882 2 25 5
27.1834 452.932 452.932 2 25 5
27.1834 452.982 452.982 2 25 5
27.1833 453.032 453.032 2 25 5
27.1832 453.082 453.082 2 25 5
27.1832 453.132 453.132 2 25 5
27.1829 453.182 453.182 2 25 5
27.1838 453.232 453.232 2 25 5
27.1838 453.282 453.282 2 25 5
27.1836 453.332 453.332 2 25 5
27.1834 453.382 453.382 2 25 5
27.1833 453.432 453.432 2 25 5
27.1831 453.482 453.482 2 25 5
27.1826 453.532 453.532 2 25 5
27.1833 453.582 453.582 2 25 5
27.1835 453.632 453.632 2 25 5
27.1836 453.682 453.682 2 25 5
27.1836 453.732 453.732 2 25 5
27.1835 453.782 453.782 2 25 5
27.1834 453.832 453.832 2 25 5
27.1833 453.882 453.882 2 25 5
27.1832 453.932 453.932 2 25 5
27.1831 453.982 453.982 2 25 5
27.1826 454.032 454.032 2 25 5
27.1834 454.082 454.082 2 25 5
27.1836 454.132 454.132 2 25 5
27.1836 454.182 454.182 2 25 5
27.1836 454.232 454.232 2 25 5
27.1835 454.282 454.282 2 25 5
27.1833 454.332 454.332 2 25 5
27.1833 454.382 454.382 2 25 5
27.1832 454.432 454.432 2 25 5
27.183 454.482 454.482 2 25 5
27.1851 454.532 454.532 2 25 5
27.1845 454.582 454.582 2 25 5
27.1837 454.632 454.632 2 25 5
27.1831 454.682 454.682 2 25 5
27.1823 454.732 454.732 2 25 5
27.183 454.782 454.782 2 25 5
27.1842 454.832 454.832 2 25 5
27.1841 454.882 454.882 2 25 5
27.1837 454.932 454.932 2 25 5
27.1834 454.982 454.982 2 25 5
27.1832 455.032 455.032 2 25 5
27.1828 455.082 455.082 2 25 5
27.1835 455.132 455.132 2 25 5
27.1836 455.182 455.182 2 25 5
27.1836 455.232 455.232 2 25 5
27.1835 455.282 455.282 2 25 5
27.1834 455.332 455.332 2 25 5
27.1833 455.382 455.382 2 25 5
27.1832 455.432 455.432 2 25 5
27.1832 455.482 455.482 2 25 5
27.183 455.532 455.532 2 25 5
27.184 455.582 455.582 2 25 5
27.1839 455.632 455.632 2 25 5
27.1836 455.682 455.682 2 25 5
27.1834 455.732 455.732 2 25 5
27.1832 455.782 455.782 2 25 5
27.183 455.832 455.832 2 25 5
27.1842 455.882 455.882 2 25 5
27.184 455.932 455.932 2 25 5
27.1836 455.982 455.982 2 25 5
27.1833 456.032 456.032 2 25 5
27.1831 456.082 456.082 2 25 5
27.1824 456.132 456.132 2 25 5
27.1832 456.182 456.182 2 25 5
27.1832 456.232 456.232 2 25 5
27.1832 456.282 456.282 2 25 5
27.1831 456.332 456.332 2 25 5
27.1817 456.382 456.382 2 25 5
27.1828 456.432 456.432 2 25 5
27.1841 456.482 456.482 2 25 5
27.1842 456.532 456.532 2 25 5
27.1839 456.582 456.582 2 25 5
27.1835 456.632 456.632 2 25 5
27.1833 456.682 456.682 2 25 5
27.1865 456.732 456.732 2 25 5
27.1868 456.782 456.782 2 25 5
27.1853 456.833 456.833 2 25 5
27.1836 456.882 456.882 2 25 5
27.1827 456.932 456.932 2 25 5
27.1828 456.982 456.982 2 25 5
27.1834 457.032 457.032 2 25 5
27.1835 457.082 457.082 2 25 5
27.1835 457.132 457.132 2 25 5
27.1835 457.182 457.182 2 25 5
27.1834 457.232 457.232 2 25 5
27.1833 457.282 457.282 2 25 5
27.1833 457.332 457.332 2 25 5
27.1832 457.382 457.382 2 25 5
27.1831 457.432 457.432 2 25 5
27.1828 457.482 457.482 2 25 5
27.1836 457.532 457.532 2 25 5
27.1837 457.582 457.582 2 25 5
27.1837 457.632 457.632 2 25 5
27.1835 457.682 457.682 2 25 5
27.1834 457.732 457.732 2 25 5
27.1833 457.782 457.782 2 25 5
27.1832 457.832 457.832 2 25 5
27.183 457.882 457.882 2 25 5
27.1841 457.932 457.932 2 25 5
27.184 457.982 457.982 2 25 5
27.1836 458.032 458.032 2 25 5
27.1834 458.082 458.082 2 25 5
27.1832 458.132 458.132 2 25 5
27.1829 458.182 458.182 2 25 5
27.1838 458.232 458.232 2 25 5
27.1838 458.282 458.282 2 25 5
27.1836 458.332 458.332 2 25 5
27.1834 458.382 458.382 2 25 5
27.1833 458.432 458.432 2 25 5
27.1831 458.482 458.482 2 25 5
27.1828 458.532 458.532 2 25 5
27.1835 458.582 458.582 2 25 5
27.1836 458.632 458.632 2 25 5
27.1836 458.682 458.682 2 25 5
27.1835 458.732 458.732 2 25 5
27.1834 458.782 458.782 2 25 5
27.1833 458.832 458.832 2 25 5
27.1832 458.882 458.882 2 25 5
27.1831 458.932 458.932 2 25 5
27.1823 458.982 458.982 2 25 5
27.1832 459.032 459.032 2 25 5
27.1832 459.082 459.082 2 25 5
27.1833 459.132 459.132 2 25 5
27.1835 459.182 459.182 2 25 5
27.1835 459.232 459.232 2 25 5
27.1835 459.282 459.282 2 25 5
27.1834 459.332 459.332 2 25 5
27.1834 459.382 459.382 2 25 5
27.1833 459.432 459.432 2 25 5
27.1833 459.482 459.482 2 25 5
27.1832 459.532 459.532 2 25 5
27.1831 459.582 459.582 2 25 5
27.1825 459.632 459.632 2 25 5
27.1833 459.682 459.682 2 25 5
27.1836 459.732 459.732 2 25 5
27.1837 459.782 459.782 2 25 5
27.1836 459.832 459.832 2 25 5
27.1835 459.882 459.882 2 25 5
27.1834 459.932 459.932 2 25 5
27.1833 459.982 459.982 2 25 5
27.1832 460.032 460.032 2 25 5
27.1796 460.083 460.083 2 25 5
27.18 460.133 460.133 2 25 5
27.182 460.183 460.183 2 25 5
27.1838 460.233 460.233 2 25 5
27.1845 460.283 460.283 2 25 5
27.1843 460.333 460.333 2 25 5
27.1838 460.383 460.383 2 25 5
27.1834 460.433 460.433 2 25 5
27.1831 460.483 460.483 2 25 5
27.1823 460.533 460.533 2 25 5
27.1831 460.583 460.583 2 25 5
27.182 460.633 460.633 2 25 5
27.1831 460.683 460.683 2 25 5
27.1831 460.733 460.733 2 25 5
27.1831 460.783 460.783 2 25 5
27.1829 460.833 460.833 2 25 5
27.1838 460.883 460.883 2 25 5
27.1839 460.933 460.933 2 25 5
27.1837 460.983 460.983 2 25 5
27.1835 461.033 461.033 2 25 5
27.1833 461.083 461.083 2 25 5
27.1832 461.133 461.133 2 25 5
27.1829 461.183 461.183 2 25 5
27.1839 461.233 461.233 2 25 5
27.1839 461.283 461.283 2 25 5
27.1836 461.333 461.333 2 25 5
27.1834 461.383 461.383 2 25 5
27.1832 461.433 461.433 2 25 5
27.1831 461.483 461.483 2 25 5
27.1813 461.533 461.533 2 25 5
27.1826 461.583 461.583 2 25 5
27.1839 461.633 461.633 2 25 5
27.1842 461.683 461.683 2 25 5
27.184 461.733 461.733 2 25 5
27.1836 461.783 461.783 2 25 5
27.1833 461.833 461.833 2 25 5
27.1831 461.883 461.883 2 25 5
27.1827 461.933 461.933 2 25 5
27.1834 461.983 461.983 2 25 5
27.1836 462.033 462.033 2 25 5
27.1836 462.083 462.083 2 25 5
27.1835 462.133 462.133 2 25 5
27.1834 462.183 462.183 2 25 5
27.1833 462.233 462.233 2 25 5
27.1833 462.283 462.283 2 25 5
27.1832 462.333 462.333 2 25 5
27.1831 462.383 462.383 2 25 5
27.1821 462.433 462.433 2 25 5
27.1831 462.483 462.483 2 25 5
27.1825 462.533 462.533 2 25 5
27.1835 462.583 462.583 2 25 5
27.1838 462.633 462.633 2 25 5
27.1838 462.683 462.683 2 25 5
27.1836 462.733 462.733 2 25 5
27.1834 462.783 462.783 2 25 5
27.1833 462.833 462.833 2 25 5
27.1832 462.883 462.883 2 25 5
27.1829 462.933 462.933 2 25 5
27.184 462.983 462.983 2 25 5
27.1839 463.033 463.033 2 25 5
27.1837 463.083 463.083 2 25 5
27.1834 463.133 463.133 2 25 5
27.1832 463.183 463.183 2 25 5
27.183 463.233 463.233 2 25 5
27.1859 463.283 463.283 2 25 5
27.1849 463.333 463.333 2 25 5
27.1837 463.383 463.383 2 25 5
27.1829 463.433 463.433 2 25 5
27.1836 463.483 463.483 2 25 5
27.1834 463.533 463.533 2 25 5
27.1833 463.583 463.583 2 25 5
27.1832 463.633 463.633 2 25 5
27.1831 463.683 463.683 2 25 5
27.1825 463.733 463.733 2 25 5
27.1833 463.783 463.783 2 25 5
27.1836 463.833 463.833 2 25 5
27.1836 463.883 463.883 2 25 5
27.1836 463.933 463.933 2 25 5
27.1835 463.983 463.983 2 25 5
27.1834 464.033 464.033 2 25 5
27.1833 464.083 464.083 2 25 5
27.1832 464.133 464.133 2 25 5
27.1831 464.183 464.183 2 25 5
27.1816 464.233 464.233 2 25 5
27.1828 464.283 464.283 2 25 5
27.1841 464.333 464.333 2 25 5
27.1842 464.383 464.383 2 25 5
27.1839 464.433 464.433 2 25 5
27.1836 464.483 464.483 2 25 5
27.1833 464.533 464.533 2 25 5
27.1831 464.583 464.583 2 25 5
27.1809 464.633 464.633 2 25 5
27.1824 464.683 464.683 2 25 5
27.1838 464.733 464.733 2 25 5
27.1842 464.783 464.783 2 25 5
27.1841 464.833 464.833 2 25 5
27.1837 464.883 464.883 2 25 5
27.1834 464.933 464.933 2 25 5
27.1831 464.983 464.983 2 25 5
27.1827 465.033 465.033 2 25 5
27.1835 465.083 465.083 2 25 5
27.1836 465.133 465.133 2 25 5
27.1836 465.183 465.183 2 25 5
27.1835 465.233 465.233 2 25 5
27.1834 465.283 465.283 2 25 5
27.1833 465.333 465.333 2 25 5
27.1832 465.383 465.383 2 25 5
27.1832 465.433 465.433 2 25 5
27.1829 465.483 465.483 2 25 5
27.1841 465.533 465.533 2 25 5
27.184 465.583 465.583 2 25 5
27.1837 465.633 465.633 2 25 5
27.1834 465.683 465.683 2 25 5
27.1832 465.733 465.733 2 25 5
27.1829 465.783 465.783 2 25 5
27.1838 465.833 465.833 2 25 5
27.1838 465.883 465.883 2 25 5
27.1836 465.933 465.933 2 25 5
27.1834 465.983 465.983 2 25 5
27.1833 466.033 466.033 2 25 5
27.1832 466.083 466.083 2 25 5
27.1829 466.133 466.133 2 25 5
27.1839 466.183 466.183 2 25 5
27.1839 466.233 466.233 2 25 5
27.1837 466.283 466.283 2 25 5
27.1834 466.333 466.333 2 25 5
27.1832 466.383 466.383 2 25 5
27.1831 466.433 466.433 2 25 5
27.1822 466.483 466.483 2 25 5
27.1831 466.533 466.533 2 25 5
27.1829 466.583 466.583 2 25 5
27.1844 466.633 466.633 2 25 5
27.1843 466.683 466.683 2 25 5
27.1838 466.733 466.733 2 25 5
27.1834 466.783 466.783 2 25 5
27.1831 466.833 466.833 2 25 5
27.1823 466.883 466.883 2 25 5
27.1831 466.933 466.933 2 25 5
27.1829 466.983 466.983 2 25 5
27.1842 467.033 467.033 2 25 5
27.1841 467.083 467.083 2 25 5
27.1838 467.133 467.133 2 25 5
27.1834 467.183 467.183 2 25 5
27.1832 467.233 467.233 2 25 5
27.1829 467.283 467.283 2 25 5
27.1841 467.333 467.333 2 25 5
27.184 467.383 467.383 2 25 5
27.1836 467.433 467.433 2 25 5
27.1834 467.483 467.483 2 25 5
27.1832 467.533 467.533 2 25 5
27.1828 467.583 467.583 2 25 5
27.1837 467.633 467.633 2 25 5
27.1837 467.683 467.683 2 25 5
27.1836 467.733 467.733 2 25 5
27.1835 467.783 467.783 2 25 5
27.1833 467.833 467.833 2 25 5
27.1832 467.883 467.883 2 25 5
27.1831 467.933 467.933 2 25 5
27.1824 467.983 467.983 2 25 5
27.1833 468.033 468.033 2 25 5
27.1835 468.083 468.083 2 25 5
27.1836 468.133 468.133 2 25 5
27.1836 468.183 468.183 2 25 5
27.1835 468.233 468.233 2 25 5
27.1834 468.283 468.283 2 25 5
27.1833 468.333 468.333 2 25 5
27.1832 468.383 468.383 2 25 5
27.1831 468.433 468.433 2 25 5
27.1825 468.483 468.483 2 25 5
27.1834 468.533 468.533 2 25 5
27.1836 468.583 468.583 2 25 5
27.1837 468.633 468.633 2 25 5
27.1836 468.683 468.683 2 25 5
27.1835 468.733 468.733 2 25 5
27.1834 468.783 468.783 2 25 5
27.1833 468.833 468.833 2 25 5
27.1832 468.883 468.883 2 25 5
27.183 468.933 468.933 2 25 5
27.1852 468.983 468.983 2 25 5
27.1845 469.033 469.033 2 25 5
27.1837 469.083 469.083 2 25 5
27.1831 469.133 469.133 2 25 5
27.1825 469.183 469.183 2 25 5
27.1832 469.233 469.233 2 25 5
27.1831 469.283 469.283 2 25 5
27.1825 469.333 469.333 2 25 5
27.1834 469.383 469.383 2 25 5
27.1837 469.433 469.433 2 25 5
27.1837 469.483 469.483 2 25 5
27.1836 469.533 469.533 2 25 5
27.1835 469.583 469.583 2 25 5
27.1833 469.633 469.633 2 25 5
27.1832 469.683 469.683 2 25 5
27.1831 469.733 469.733 2 25 5
27.1828 469.783 469.783 2 25 5
27.1836 469.833 469.833 2 25 5
27.1837 469.883 469.883 2 25 5
27.1837 469.933 469.933 2 25 5
27.1835 469.983 469.983 2 25 5
27.1834 470.033 470.033 2 25 5
27.1833 470.083 470.083 2 25 5
27.1832 470.133 470.133 2 25 5
27.1829 470.183 470.183 2 25 5
27.184 470.233 470.233 2 25 5
27.184 470.283 470.283 2 25 5
27.1837 470.333 470.333 2 25 5
27.1834 470.383 470.383 2 25 5
27.1832 470.433 470.433 2 25 5
27.183 470.483 470.483 2 25 5
27.1801 470.533 470.533 2 25 5
27.182 470.583 470.583 2 25 5
27.1838 470.633 470.633 2 25 5
27.1845 470.683 470.683 2 25 5
27.1843 470.733 470.733 2 25 5
27.1838 470.783 470.783 2 25 5
27.1834 470.833 470.833 2 25 5
27.1831 470.883 470.883 2 25 5
27.1825 470.933 470.933 2 25 5
27.1833 470.983 470.983 2 25 5
27.1834 471.033 471.033 2 25 5
27.1835 471.083 471.083 2 25 5
27.1836 471.133 471.133 2 25 5
27.1835 471.183 471.183 2 25 5
27.1834 471.233 471.233 2 25 5
27.1833 471.283 471.283 2 25 5
27.1833 471.333 471.333 2 25 5
27.1832 471.383 471.383 2 25 5
27.1831 471.433 471.433 2 25 5
27.1828 471.483 471.483 2 25 5
27.1837 471.533 471.533 2 25 5
27.1838 471.583 471.583 2 25 5
27.1837 471.633 471.633 2 25 5
27.1835 471.683 471.683 2 25 5
27.1833 471.733 471.733 2 25 5
27.1832 471.783 471.783 2 25 5
27.1831 471.833 471.833 2 25 5
27.1823 471.883 471.883 2 25 5
27.1832 471.933 471.933 2 25 5
27.1834 471.983 471.983 2 25 5
27.1835 472.033 472.033 2 25 5
27.1836 472.083 472.083 2 25 5
27.1836 472.133 472.133 2 25 5
27.1835 472.183 472.183 2 25 5
27.1834 472.233 472.233 2 25 5
27.1833 472.283 472.283 2 25 5
27.1832 472.333 472.333 2 25 5
27.1831 472.383 472.383 2 25 5
27.1828 472.433 472.433 2 25 5
27.1836 472.483 472.483 2 25 5
27.1838 472.533 472.533 2 25 5
27.1837 472.583 472.583 2 25 5
27.1835 472.633 472.633 2 25 5
27.1834 472.683 472.683 2 25 5
27.1833 472.733 472.733 2 25 5
27.1831 472.783 472.783 2 25 5
27.1828 472.833 472.833 2 25 5
27.1838 472.883 472.883 2 25 5
27.1838 472.933 472.933 2 25 5
27.1837 472.983 472.983 2 25 5
27.1835 473.033 473.033 2 25 5
27.1833 473.083 473.083 2 25 5
27.1832 473.133 473.133 2 25 5
27.1888 473.183 473.183 2 25 5
27.1892 473.233 473.233 2 25 5
27.1866 473.283 473.283 2 25 5
27.1837 473.333 473.333 2 25 5
27.1821 473.383 473.383 2 25 5
27.1822 473.433 473.433 2 25 5
27.183 473.483 473.483 2 25 5
27.1854 473.533 473.533 2 25 5
27.1848 473.583 473.583 2 25 5
27.1838 473.633 473.633 2 25 5
27.1832 473.683 473.683 2 25 5
27.1825 473.733 473.733 2 25 5
27.1832 473.783 473.783 2 25 5
27.1832 473.833 473.833 2 25 5
27.1831 473.883 473.883 2 25 5
27.1826 473.933 473.933 2 25 5
27.1835 473.983 473.983 2 25 5
27.1837 474.033 474.033 2 25 5
27.1837 474.083 474.083 2 25 5
27.1836 474.133 474.133 2 25 5
27.1834 474.183 474.183 2 25 5
27.1833 474.233 474.233 2 25 5
27.1832 474.283 474.283 2 25 5
27.183 474.333 474.333 2 25 5
27.179 474.383 474.383 2 25 5
27.1815 474.433 474.433 2 25 5
27.1838 474.483 474.483 2 25 5
27.1848 474.533 474.533 2 25 5
27.1846 474.583 474.583 2 25 5
27.184 474.633 474.633 2 25 5
27.1834 474.683 474.683 2 25 5
27.1831 474.733 474.733 2 25 5
27.1816 474.783 474.783 2 25 5
27.1827 474.833 474.833 2 25 5
27.184 474.883 474.883 2 25 5
27.1842 474.933 474.933 2 25 5
27.1839 474.983 474.983 2 25 5
27.1836 475.033 475.033 2 25 5
27.1833 475.083 475.083 2 25 5
27.1831 475.133 475.133 2 25 5
27.1826 475.183 475.183 2 25 5
27.1834 475.233 475.233 2 25 5
27.1836 475.283 475.283 2 25 5
27.1836 475.333 475.333 2 25 5
27.1836 475.383 475.383 2 25 5
27.1834 475.433 475.433 2 25 5
27.1833 475.483 475.483 2 25 5
27.1833 475.533 475.533 2 25 5
27.1832 475.583 475.583 2 25 5
27.183 475.633 475.633 2 25 5
27.1876 475.683 475.683 2 25 5
27.1858 475.733 475.733 2 25 5
27.1838 475.783 475.783 2 25 5
27.1826 475.833 475.833 2 25 5
27.1827 475.883 475.883 2 25 5
27.1834 475.933 475.933 2 25 5
27.1835 475.983 475.983 2 25 5
27.1835 476.033 476.033 2 25 5
27.1835 476.083 476.083 2 25 5
27.1834 476.133 476.133 2 25 5
27.1834 476.183 476.183 2 25 5
27.1833 476.233 476.233 2 25 5
27.1833 476.283 476.283 2 25 5
27.1832 476.333 476.333 2 25 5
27.1832 476.383 476.383 2 25 5
27.183 476.433 476.433 2 25 5
27.1875 476.483 476.483 2 25 5
27.1858 476.533 476.533 2 25 5
27.1838 476.583 476.583 2 25 5
27.1826 476.633 476.633 2 25 5
27.1827 476.683 476.683 2 25 5
27.1835 476.733 476.733 2 25 5
27.1835 476.783 476.783 2 25 5
27.1835 476.833 476.833 2 25 5
27.1835 476.883 476.883 2 25 5
27.1834 476.933 476.933 2 25 5
27.1833 476.983 476.983 2 25 5
27.1833 477.033 477.033 2 25 5
27.1832 477.083 477.083 2 25 5
27.1831 477.133 477.133 2 25 5
27.1829 477.183 477.183 2 25 5
27.1841 477.233 477.233 2 25 5
27.184 477.283 477.283 2 25 5
27.1837 477.333 477.333 2 25 5
27.1834 477.383 477.383 2 25 5
27.1832 477.433 477.433 2 25 5
27.183 477.483 477.483 2 25 5
27.1801 477.533 477.533 2 25 5
27.182 477.583 477.583 2 25 5
27.1839 477.633 477.633 2 25 5
27.1845 477.683 477.683 2 25 5
27.1843 477.733 477.733 2 25 5
27.1839 477.783 477.783 2 25 5
27.1834 477.833 477.833 2 25 5
27.1831 477.883 477.883 2 25 5
27.1825 477.933 477.933 2 25 5
27.1833 477.983 477.983 2 25 5
27.1835 478.033 478.033 2 25 5
27.1836 478.083 478.083 2 25 5
27.1836 478.133 478.133 2 25 5
27.1835 478.183 478.183 2 25 5
27.1834 478.233 478.233 2 25 5
27.1833 478.283 478.283 2 25 5
27.1832 478.333 478.333 2 25 5
27.1832 478.383 478.383 2 25 5
27.1794 478.433 478.433 2 25 5
27.1799 478.483 478.483 2 25 5
27.182 478.533 478.533 2 25 5
27.1839 478.583 478.583 2 25 5
27.1846 478.633 478.633 2 25 5
27.1844 478.683 478.683 2 25 5
27.1839 478.733 478.733 2 25 5
27.1834 478.783 478.783 2 25 5
27.1831 478.833 478.833 2 25 5
27.1823 478.883 478.883 2 25 5
27.1832 478.933 478.933 2 25 5
27.1832 478.983 478.983 2 25 5
27.1833 479.033 479.033 2 25 5
27.1834 479.083 479.083 2 25 5
27.1835 479.133 479.133 2 25 5
27.1835 479.183 479.183 2 25 5
27.1835 479.233 479.233 2 25 5
27.1834 479.283 479.283 2 25 5
27.1834 479.333 479.333 2 25 5
27.1833 479.383 479.383 2 25 5
27.1833 479.433 479.433 2 25 5
27.1832 479.483 479.483 2 25 5
27.1832 479.533 479.533 2 25 5
27.183 479.583 479.583 2 25 5
27.1879 479.633 479.633 2 25 5
27.186 479.683 479.683 2 25 5
27.1838 479.733 479.733 2 25 5
27.1825 479.783 479.783 2 25 5
27.1826 479.833 479.833 2 25 5
27.1833 479.883 479.883 2 25 5
27.1834 479.933 479.933 2 25 5
27.1835 479.983 479.983 2 25 5
27.1835 480.033 480.033 2 25 5
27.1834 480.083 480.083 2 25 5
27.1834 480.133 480.133 2 25 5
27.1833 480.183 480.183 2 25 5
27.1833 480.233 480.233 2 25 5
27.1833 480.283 480.283 2 25 5
27.1832 480.333 480.333 2 25 5
27.1832 480.383 480.383 2 25 5
27.187 480.433 480.433 2 25 5
27.1874 480.483 480.483 2 25 5
27.1857 480.533 480.533 2 25 5
27.1838 480.583 480.583 2 25 5
27.1826 480.633 480.633 2 25 5
27.1828 480.683 480.683 2 25 5
27.1837 480.733 480.733 2 25 5
27.1837 480.783 480.783 2 25 5
27.1836 480.833 480.833 2 25 5
27.1834 480.883 480.883 2 25 5
27.1833 480.933 480.933 2 25 5
27.1832 480.983 480.983 2 25 5
27.1831 481.033 481.033 2 25 5
27.1829 481.083 481.083 2 25 5
27.1842 481.133 481.133 2 25 5
27.1841 481.183 481.183 2 25 5
27.1837 481.233 481.233 2 25 5
27.1834 481.283 481.283 2 25 5
27.1832 481.333 481.333 2 25 5
27.1829 481.383 481.383 2 25 5
27.1846 481.433 481.433 2 25 5
27.1842 481.483 481.483 2 25 5
27.1837 481.533 481.533 2 25 5
27.1833 481.583 481.583 2 25 5
27.1798 481.633 481.633 2 25 5
27.1801 481.683 481.683 2 25 5
27.182 481.733 481.733 2 25 5
27.1838 481.783 481.783 2 25 5
27.1845 481.833 481.833 2 25 5
27.1843 481.883 481.883 2 25 5
27.1839 481.933 481.933 2 25 5
27.1834 481.983 481.983 2 25 5
27.1831 482.033 482.033 2 25 5
27.1826 482.083 482.083 2 25 5
27.1834 482.133 482.133 2 25 5
27.1836 482.183 482.183 2 25 5
27.1836 482.233 482.233 2 25 5
27.1836 482.283 482.283 2 25 5
27.1834 482.333 482.333 2 25 5
27.1833 482.383 482.383 2 25 5
27.1833 482.433 482.433 2 25 5
27.1832 482.483 482.483 2 25 5
27.183 482.533 482.533 2 25 5
27.1818 482.583 482.583 2 25 5
27.183 482.633 482.633 2 25 5
27.1789 482.683 482.683 2 25 5
27.1817 482.734 482.734 2 25 5
27.1841 482.784 482.784 2 25 5
27.1849 482.833 482.833 2 25 5
27.1847 482.884 482.884 2 25 5
27.184 482.934 482.934 2 25 5
27.1834 482.984 482.984 2 25 5
27.1869 483.033 483.033 2 25 5
27.1871 483.083 483.083 2 25 5
27.1854 483.134 483.134 2 25 5
27.1837 483.184 483.184 2 25 5
27.1826 483.234 483.234 2 25 5
27.1829 483.284 483.284 2 25 5
27.1846 483.334 483.334 2 25 5
27.1842 483.384 483.384 2 25 5
27.1837 483.434 483.434 2 25 5
27.1833 483.484 483.484 2 25 5
27.183 483.534 483.534 2 25 5
27.1865 483.584 483.584 2 25 5
27.1852 483.634 483.634 2 25 5
27.1837 483.684 483.684 2 25 5
27.1828 483.734 483.734 2 25 5
27.1833 483.784 483.784 2 25 5
27.1832 483.834 483.834 2 25 5
27.1831 483.884 483.884 2 25 5
27.1823 483.934 483.934 2 25 5
27.1833 483.984 483.984 2 25 5
27.1836 484.034 484.034 2 25 5
27.1837 484.084 484.084 2 25 5
27.1837 484.134 484.134 2 25 5
27.1835 484.184 484.184 2 25 5
27.1834 484.234 484.234 2 25 5
27.1833 484.284 484.284 2 25 5
27.1832 484.334 484.334 2 25 5
27.1831 484.384 484.384 2 25 5
27.1824 484.434 484.434 2 25 5
27.1833 484.484 484.484 2 25 5
27.1836 484.534 484.534 2 25 5
27.1837 484.584 484.584 2 25 5
27.1837 484.634 484.634 2 25 5
27.1835 484.684 484.684 2 25 5
27.1834 484.734 484.734 2 25 5
27.1833 484.784 484.784 2 25 5
27.1832 484.834 484.834 2 25 5
27.1792 484.884 484.884 2 25 5
27.1797 484.934 484.934 2 25 5
27.1819 484.984 484.984 2 25 5
27.1839 485.034 485.034 2 25 5
27.1846 485.084 485.084 2 25 5
27.1845 485.134 485.134 2 25 5
27.1839 485.184 485.184 2 25 5
27.1834 485.234 485.234 2 25 5
27.1831 485.284 485.284 2 25 5
27.1823 485.334 485.334 2 25 5
27.1832 485.384 485.384 2 25 5
27.1833 485.434 485.434 2 25 5
27.1834 485.484 485.484 2 25 5
27.1835 485.534 485.534 2 25 5
27.1835 485.584 485.584 2 25 5
27.1835 485.634 485.634 2 25 5
27.1834 485.684 485.684 2 25 5
27.1833 485.734 485.734 2 25 5
27.1833 485.784 485.784 2 25 5
27.1832 485.834 485.834 2 25 5
27.1832 485.884 485.884 2 25 5
27.1804 485.934 485.934 2 25 5
27.1809 485.984 485.984 2 25 5
27.1825 486.034 486.034 2 25 5
27.1841 486.084 486.084 2 25 5
27.1844 486.134 486.134 2 25 5
27.1842 486.184 486.184 2 25 5
27.1837 486.234 486.234 2 25 5
27.1833 486.284 486.284 2 25 5
27.1831 486.334 486.334 2 25 5
27.1822 486.384 486.384 2 25 5
27.1831 486.434 486.434 2 25 5
27.1832 486.484 486.484 2 25 5
27.1833 486.534 486.534 2 25 5
27.1834 486.584 486.584 2 25 5
27.1835 486.634 486.634 2 25 5
27.1835 486.684 486.684 2 25 5
27.1835 486.734 486.734 2 25 5
27.1834 486.784 486.784 2 25 5
27.1833 486.834 486.834 2 25 5
27.1833 486.884 486.884 2 25 5
27.1832 486.934 486.934 2 25 5
27.1832 486.984 486.984 2 25 5
27.1831 487.034 487.034 2 25 5
27.1823 487.084 487.084 2 25 5
27.1833 487.134 487.134 2 25 5
27.1836 487.184 487.184 2 25 5
27.1837 487.234 487.234 2 25 5
27.1837 487.284 487.284 2 25 5
27.1836 487.334 487.334 2 25 5
27.1834 487.384 487.384 2 25 5
27.1833 487.434 487.434 2 25 5
27.1832 487.484 487.484 2 25 5
27.183 487.534 487.534 2 25 5
27.1814 487.584 487.584 2 25 5
27.1828 487.634 487.634 2 25 5
27.1845 487.684 487.684 2 25 5
27.1845 487.734 487.734 2 25 5
27.184 487.784 487.784 2 25 5
27.1835 487.834 487.834 2 25 5
27.1832 487.884 487.884 2 25 5
27.1828 487.934 487.934 2 25 5
27.1839 487.984 487.984 2 25 5
27.1839 488.034 488.034 2 25 5
27.1837 488.084 488.084 2 25 5
27.1835 488.134 488.134 2 25 5
27.1833 488.184 488.184 2 25 5
27.1832 488.234 488.234 2 25 5
27.1829 488.284 488.284 2 25 5
27.1851 488.334 488.334 2 25 5
27.1845 488.384 488.384 2 25 5
27.1838 488.434 488.434 2 25 5
27.1832 488.484 488.484 2 25 5
27.1828 488.534 488.534 2 25 5
27.1836 488.584 488.584 2 25 5
27.1837 488.634 488.634 2 25 5
27.1836 488.684 488.684 2 25 5
27.1835 488.734 488.734 2 25 5
27.1834 488.784 488.784 2 25 5
27.1833 488.834 488.834 2 25 5
27.1832 488.884 488.884 2 25 5
27.1796 488.934 488.934 2 25 5
27.1802 488.984 488.984 2 25 5
27.1822 489.034 489.034 2 25 5
27.184 489.084 489.084 2 25 5
27.1846 489.134 489.134 2 25 5
27.1843 489.184 489.184 2 25 5
27.1838 489.234 489.234 2 25 5
27.1834 489.284 489.284 2 25 5
27.1831 489.334 489.334 2 25 5
27.1824 489.384 489.384 2 25 5
27.1833 489.434 489.434 2 25 5
27.1835 489.484 489.484 2 25 5
27.1836 489.534 489.534 2 25 5
27.1836 489.584 489.584 2 25 5
27.1835 489.634 489.634 2 25 5
27.1834 489.684 489.684 2 25 5
27.1833 489.734 489.734 2 25 5
27.1832 489.784 489.784 2 25 5
27.1832 489.834 489.834 2 25 5
27.183 489.884 489.884 2 25 5
27.1812 489.934 489.934 2 25 5
27.1827 489.984 489.984 2 25 5
27.1842 490.034 490.034 2 25 5
27.1844 490.084 490.084 2 25 5
27.1841 490.134 490.134 2 25 5
27.1836 490.184 490.184 2 25 5
27.1833 490.234 490.234 2 25 5
27.183 490.284 490.284 2 25 5
27.1804 490.334 490.334 2 25 5
27.1822 490.384 490.384 2 25 5
27.1839 490.434 490.434 2 25 5
27.1845 490.484 490.484 2 25 5
27.1843 490.534 490.534 2 25 5
27.1838 490.584 490.584 2 25 5
27.1834 490.634 490.634 2 25 5
27.1831 490.684 490.684 2 25 5
27.1826 490.734 490.734 2 25 5
27.1835 490.784 490.784 2 25 5
27.1837 490.834 490.834 2 25 5
27.1837 490.884 490.884 2 25 5
27.1836 490.934 490.934 2 25 5
27.1834 490.984 490.984 2 25 5
27.1833 491.034 491.034 2 25 5
27.1832 491.084 491.084 2 25 5
27.1831 491.134 491.134 2 25 5
27.1828 491.184 491.184 2 25 5
27.1841 491.234 491.234 2 25 5
27.1841 491.284 491.284 2 25 5
27.1838 491.334 491.334 2 25 5
27.1835 491.384 491.384 2 25 5
27.1832 491.434 491.434 2 25 5
27.183 491.484 491.484 2 25 5
27.1821 491.534 491.534 2 25 5
27.1832 491.584 491.584 2 25 5
27.1833 491.634 491.634 2 25 5
27.1835 491.684 491.684 2 25 5
27.1836 491.734 491.734 2 25 5
27.1836 491.784 491.784 2 25 5
27.1835 491.834 491.834 2 25 5
27.1834 491.884 491.884 2 25 5
27.1833 491.934 491.934 2 25 5
27.1833 491.984 491.984 2 25 5
27.1832 492.034 492.034 2 25 5
27.183 492.084 492.084 2 25 5
27.1822 492.134 492.134 2 25 5
27.1833 492.184 492.184 2 25 5
27.1836 492.234 492.234 2 25 5
27.1838 492.284 492.284 2 25 5
27.1837 492.334 492.334 2 25 5
27.1836 492.384 492.384 2 25 5
27.1834 492.434 492.434 2 25 5
27.1833 492.484 492.484 2 25 5
27.1832 492.534 492.534 2 25 5
27.183 492.584 492.584 2 25 5
27.1818 492.634 492.634 2 25 5
27.1831 492.684 492.684 2 25 5
27.1828 492.734 492.734 2 25 5
27.1841 492.784 492.784 2 25 5
27.1842 492.834 492.834 2 25 5
27.1839 492.884 492.884 2 25 5
27.1835 492.934 492.934 2 25 5
27.1833 492.984 492.984 2 25 5
27.1831 493.034 493.034 2 25 5
27.1822 493.084 493.084 2 25 5
27.1832 493.134 493.134 2 25 5
27.1835 493.184 493.184 2 25 5
27.1836 493.234 493.234 2 25 5
27.1837 493.284 493.284 2 25 5
27.1836 493.334 493.334 2 25 5
27.1835 493.384 493.384 2 25 5
27.1833 493.434 493.434 2 25 5
27.1833 493.484 493.484 2 25 5
27.1832 493.534 493.534 2 25 5
27.183 493.584 493.584 2 25 5
27.1806 493.634 493.634 2 25 5
27.1824 493.684 493.684 2 25 5
27.1841 493.734 493.734 2 25 5
27.1845 493.784 493.784 2 25 5
27.1843 493.834 493.834 2 25 5
27.1838 493.884 493.884 2 25 5
27.1834 493.934 493.934 2 25 5
27.1831 493.984 493.984 2 25 5
27.1824 494.034 494.034 2 25 5
27.1833 494.084 494.084 2 25 5
27.1835 494.134 494.134 2 25 5
27.1837 494.184 494.184 2 25 5
27.1836 494.234 494.234 2 25 5
27.1835 494.284 494.284 2 25 5
27.1834 494.334 494.334 2 25 5
27.1833 494.384 494.384 2 25 5
27.1832 494.434 494.434 2 25 5
27.1831 494.484 494.484 2 25 5
27.1829 494.534 494.534 2 25 5
27.1879 494.584 494.584 2 25 5
27.186 494.634 494.634 2 25 5
27.1838 494.684 494.684 2 25 5
27.1825 494.734 494.734 2 25 5
27.1827 494.784 494.784 2 25 5
27.1837 494.834 494.834 2 25 5
27.1837 494.884 494.884 2 25 5
27.1836 494.934 494.934 2 25 5
27.1835 494.984 494.984 2 25 5
27.1833 495.034 495.034 2 25 5
27.1832 495.084 495.084 2 25 5
27.1831 495.134 495.134 2 25 5
27.1829 495.184 495.184 2 25 5
27.1855 495.234 495.234 2 25 5
27.1848 495.284 495.284 2 25 5
27.1838 495.334 495.334 2 25 5
27.1831 495.384 495.384 2 25 5
27.1824 495.434 495.434 2 25 5
27.1832 495.484 495.484 2 25 5
27.1833 495.534 495.534 2 25 5
27.1834 495.584 495.584 2 25 5
27.1834 495.634 495.634 2 25 5
27.1835 495.684 495.684 2 25 5
27.1835 495.734 495.734 2 25 5
27.1834 495.784 495.784 2 25 5
27.1834 495.834 495.834 2 25 5
27.1833 495.884 495.884 2 25 5
27.1833 495.934 495.934 2 25 5
27.1832 495.984 495.984 2 25 5
27.1832 496.034 496.034 2 25 5
27.1831 496.084 496.084 2 25 5
27.1829 496.134 496.134 2 25 5
27.1874 496.184 496.184 2 25 5
27.1858 496.234 496.234 2 25 5
27.1839 496.284 496.284 2 25 5
27.1827 496.334 496.334 2 25 5
27.183 496.384 496.384 2 25 5
27.1816 496.434 496.434 2 25 5
27.1829 496.484 496.484 2 25 5
27.185 496.534 496.534 2 25 5
27.1847 496.584 496.584 2 25 5
27.184 496.634 496.634 2 25 5
27.1834 496.684 496.684 2 25 5
27.1791 496.734 496.734 2 25 5
27.1794 496.784 496.784 2 25 5
27.1817 496.834 496.834 2 25 5
27.1839 496.884 496.884 2 25 5
27.1847 496.934 496.934 2 25 5
27.1845 496.984 496.984 2 25 5
27.184 497.034 497.034 2 25 5
27.1835 497.084 497.084 2 25 5
27.1831 497.134 497.134 2 25 5
27.1825 497.184 497.184 2 25 5
27.1835 497.234 497.234 2 25 5
27.1836 497.284 497.284 2 25 5
27.1837 497.334 497.334 2 25 5
27.1836 497.384 497.384 2 25 5
27.1835 497.434 497.434 2 25 5
27.1834 497.484 497.484 2 25 5
27.1833 497.534 497.534 2 25 5
27.1832 497.584 497.584 2 25 5
27.183 497.634 497.634 2 25 5
27.1816 497.684 497.684 2 25 5
27.1802 497.734 497.734 2 25 5
27.1812 497.784 497.784 2 25 5
27.1795 497.834 497.834 2 25 5
27.1808 497.884 497.884 2 25 5
27.1828 497.934 497.934 2 25 5
27.1853 497.984 497.984 2 25 5
27.1851 498.034 498.034 2 25 5
27.1843 498.084 498.084 2 25 5
27.1834 498.134 498.134 2 25 5
27.1886 498.185 498.185 2 25 5
27.1888 498.234 498.234 2 25 5
27.1863 498.285 498.285 2 25 5
27.1837 498.335 498.335 2 25 5
27.1822 498.384 498.384 2 25 5
27.1824 498.435 498.435 2 25 5
27.1833 498.485 498.485 2 25 5
27.1834 498.535 498.535 2 25 5
27.1835 498.585 498.585 2 25 5
27.1835 498.635 498.635 2 25 5
27.1835 498.685 498.685 2 25 5
27.1834 498.735 498.735 2 25 5
27.1834 498.785 498.785 2 25 5
27.1833 498.835 498.835 2 25 5
27.1833 498.885 498.885 2 25 5
27.1832 498.935 498.935 2 25 5
27.1831 498.985 498.985 2 25 5
27.1828 499.035 499.035 2 25 5
27.1841 499.085 499.085 2 25 5
27.1841 499.135 499.135 2 25 5
27.1838 499.185 499.185 2 25 5
27.1835 499.235 499.235 2 25 5
27.1833 499.285 499.285 2 25 5
27.1831 499.335 499.335 2 25 5
27.1826 499.385 499.385 2 25 5
27.1836 499.435 499.435 2 25 5
27.1838 499.485 499.485 2 25 5
27.1838 499.535 499.535 2 25 5
27.1836 499.585 499.585 2 25 5
27.1834 499.635 499.635 2 25 5
27.1833 499.685 499.685 2 25 5
27.1832 499.735 499.735 2 25 5
27.183 499.785 499.785 2 25 5
27.182 499.835 499.835 2 25 5
27.1832 499.885 499.885 2 25 5
27.1834 499.935 499.935 2 25 5
27.1837 499.985 499.985 2 25 5
27.1837 500.035 500.035 2 25 5
27.1836 500.085 500.085 2 25 5
27.1835 500.135 500.135 2 25 5
27.1834 500.185 500.185 2 25 5
27.1833 500.235 500.235 2 25 5
27.1832 500.285 500.285 2 25 5
27.183 500.335 500.335 2 25 5
27.1817 500.385 500.385 2 25 5
27.183 500.435 500.435 2 25 5
27.1823 500.485 500.485 2 25 5
27.1836 500.535 500.535 2 25 5
27.184 500.585 500.585 2 25 5
27.184 500.635 500.635 2 25 5
27.1838 500.685 500.685 2 25 5
27.1835 500.735 500.735 2 25 5
27.1833 500.785 500.785 2 25 5
27.1831 500.835 500.835 2 25 5
27.1827 500.885 500.885 2 25 5
27.1839 500.935 500.935 2 25 5
27.184 500.985 500.985 2 25 5
27.1838 501.035 501.035 2 25 5
27.1835 501.085 501.085 2 25 5
27.1833 501.135 501.135 2 25 5
27.1832 501.185 501.185 2 25 5
27.1783 501.235 501.235 2 25 5
27.1788 501.285 501.285 2 25 5
27.1815 501.335 501.335 2 25 5
27.184 501.385 501.385 2 25 5
27.1849 501.435 501.435 2 25 5
27.1847 501.485 501.485 2 25 5
27.1841 501.535 501.535 2 25 5
27.1834 501.585 501.585 2 25 5
27.183 501.635 501.635 2 25 5
27.182 501.685 501.685 2 25 5
27.1831 501.735 501.735 2 25 5
27.1887 501.785 501.785 2 25 5
27.1865 501.835 501.835 2 25 5
27.184 501.885 501.885 2 25 5
27.1824 501.935 501.935 2 25 5
42.0392 2 2 2 3 3
42.0619 1.96734 1.96734 2 3 3
42.0861 1.93573 1.93573 2 3 3
42.1172 1.89692 1.89692 2 3 3
42.1498 1.8593 1.8593 2 3 3
42.1835 1.82281 1.82281 2 3 3
42.2185 1.7875 1.7875 2 3 3
42.2547 1.75339 1.75339 2 3 3
42.292 1.7205 1.7205 2 3 3
42.3303 1.68879 1.68879 2 3 3
42.3696 1.65837 1.65837 2 3 3
42.4098 1.62903 1.62903 2 3 3
42.4508 1.60088 1.60088 2 3 3
42.4925 1.57387 1.57387 2 3 3
42.535 1.54792 1.54792 2 3 3
42.5781 1.52302 1.52302 2 3 3
42.6217 1.49912 1.49912 2 3 3
42.6659 1.47618 1.47618 2 3 3
42.7105 1.45419 1.45419 2 3 3
42.7556 1.43306 1.43306 2 3 3
42.8011 1.41277 1.41277 2 3 3
42.8469 1.39329 1.39329 2 3 3
42.893 1.37455 1.37455 2 3 3
42.9395 1.35654 1.35654 2 3 3
42.9862 1.33923 1.33923 2 3 3
43.0331 1.32254 1.32254 2 3 3
43.0803 1.30647 1.30647 2 3 3
43.1276 1.291 1.291 2 3 3
43.1752 1.27608 1.27608 2 3 3
43.2229 1.26168 1.26168 2 3 3
43.2708 1.24779 1.24779 2 3 3
43.3188 1.23438 1.23438 2 3 3
43.3669 1.22141 1.22141 2 3 3
43.4152 1.20888 1.20888 2 3 3
43.4636 1.19676 1.19676 2 3 3
43.512 1.18503 1.18503 2 3 3
43.5606 1.17367 1.17367 2 3 3
43.6093 1.16267 1.16267 2 3 3
43.658 1.152 1.152 2 3 3
43.7068 1.14165 1.14165 2 3 3
43.7557 1.13162 1.13162 2 3 3
43.8046 1.12188 1.12188 2 3 3
43.8536 1.11243 1.11243 2 3 3
43.9026 1.10324 1.10324 2 3 3
43.9517 1.09431 1.09431 2 3 3
44.0008 1.08538 1.08538 2 3 3
44.05 1.07695 1.07695 2 3 3
44.0992 1.06874 1.06874 2 3 3
44.1485 1.06075 1.06075 2 3 3
44.1978 1.05297 1.05297 2 3 3
44.2472 1.04539 1.04539 2 3 3
44.2965 1.03801 1.03801 2 3 3
44.3459 1.03081 1.03081 2 3 3
44.3954 1.02379 1.02379 2 3 3
44.4448 1.01694 1.01694 2 3 3
44.4943 1.01025 1.01025 2 3 3
44.5438 1.00373 1.00373 2 3 3
44.5933 0.997357 0.997357 2 3 3
44.6429 0.991136 0.991136 2 3 3
44.6924 0.985055 0.985055 2 3 3
44.742 0.979117 0.979117 2 3 3
44.7916 0.973308 0.973308 2 3 3
44.8412 0.96763 0.96763 2 3 3
44.8908 0.962078 0.962078 2 3 3
44.9405 0.956645 0.956645 2 3 3
44.9901 0.951331 0.951331 2 3 3
45.0398 0.946127 0.946127 2 3 3
45.0895 0.941034 0.941034 2 3 3
45.1392 0.936048 0.936048 2 3 3
45.1889 0.931162 0.931162 2 3 3
45.2386 0.926377 0.926377 2 3 3
45.2883 0.921688 0.921688 2 3 3
45.3381 0.917093 0.917093 2 3 3
45.3878 0.912589 0.912589 2 3 3
45.4376 0.908172 0.908172 2 3 3
45.4874 0.903842 0.903842 2 3 3
45.5371 0.899593 0.899593 2 3 3
45.5869 0.895428 0.895428 2 3 3
45.6367 0.891338 0.891338 2 3 3
45.6865 0.887326 0.887326 2 3 3
45.7363 0.883388 0.883388 2 3 3
45.7861 0.879522 0.879522 2 3 3
45.8359 0.875726 0.875726 2 3 3
45.8857 0.871998 0.871998 2 3 3
45.9356 0.868337 0.868337 2 3 3
45.9854 0.86474 0.86474 2 3 3
46.0352 0.861207 0.861207 2 3 3
46.0851 0.857734 0.857734 2 3 3
46.1349 0.854322 0.854322 2 3 3
46.1848 0.850968 0.850968 2 3 3
46.2346 0.84767 0.84767 2 3 3
46.2845 0.844428 0.844428 2 3 3
46.3343 0.84124 0.84124 2 3 3
46.3842 0.838105 0.838105 2 3 3
46.4341 0.835022 0.835022 2 3 3
46.484 0.831988 0.831988 2 3 3
46.5338 0.829003 0.829003 2 3 3
46.5837 0.826067 0.826067 2 3 3
46.6336 0.823177 0.823177 2 3 3
46.6835 0.820333 0.820333 2 3 3
46.7334 0.817533 0.817533 2 3 3
46.7833 0.814777 0.814777 2 3 3
46.8332 0.812063 0.812063 2 3 3
46.8831 0.809392 0.809392 2 3 3
46.933 0.806761 0.806761 2 3 3
46.9829 0.804169 0.804169 2 3 3
47.0328 0.801617 0.801617 2 3 3
47.0827 0.799102 0.799102 2 3 3
47.1326 0.796626 0.796626 2 3 3
47.1825 0.794185 0.794185 2 3 3
47.2324 0.79178 0.79178 2 3 3
47.2823 0.78941 0.78941 2 3 3
47.3323 0.787075 0.787075 2 3 3
47.3822 0.784772 0.784772 2 3 3
47.4321 0.782503 0.782503 2 3 3
47.482 0.780266 0.780266 2 3 3
47.532 0.77806 0.77806 2 3 3
47.5819 0.775886 0.775886 2 3 3
47.6318 0.773741 0.773741 2 3 3
47.6817 0.771626 0.771626 2 3 3
47.7317 0.76954 0.76954 2 3 3
47.7816 0.767483 0.767483 2 3 3
47.8316 0.765453 0.765453 2 3 3
47.8815 0.763451 0.763451 2 3 3
47.9314 0.761476 0.761476 2 3 3
47.9814 0.759527 0.759527 2 3 3
48.0313 0.757604 0.757604 2 3 3
48.0813 0.755707 0.755707 2 3 3
48.1312 0.753834 0.753834 2 3 3
48.1811 0.751986 0.751986 2 3 3
48.2311 0.750161 0.750161 2 3 3
48.281 0.748361 0.748361 2 3 3
48.331 0.746583 0.746583 2 3 3
48.3809 0.744828 0.744828 2 3 3
48.4309 0.743096 0.743096 2 3 3
48.4808 0.741385 0.741385 2 3 3
48.5308 0.739696 0.739696 2 3 3
48.5807 0.738028 0.738028 2 3 3
48.6307 0.736381 0.736381 2 3 3
48.6807 0.734754 0.734754 2 3 3
48.7306 0.733147 0.733147 2 3 3
48.7806 0.731559 0.731559 2 3 3
48.8305 0.729992 0.729992 2 3 3
48.8805 0.728443 0.728443 2 3 3
48.9304 0.726913 0.726913 2 3 3
48.9804 0.725401 0.725401 2 3 3
49.0304 0.723908 0.723908 2 3 3
49.0803 0.722432 0.722432 2 3 3
49.1303 0.720974 0.720974 2 3 3
49.1802 0.719533 0.719533 2 3 3
49.2302 0.718109 0.718109 2 3 3
49.2802 0.716702 0.716702 2 3 3
49.3301 0.715311 0.715311 2 3 3
49.3801 0.713936 0.713936 2 3 3
49.4301 0.712577 0.712577 2 3 3
49.48 0.711233 0.711233 2 3 3
49.53 0.709905 0.709905 2 3 3
49.58 0.708593 0.708593 2 3 3
49.6299 0.707295 0.707295 2 3 3
49.6799 0.706012 0.706012 2 3 3
49.7299 0.704742 0.704742 2 3 3
49.7798 0.703488 0.703488 2 3 3
49.8298 0.702247 0.702247 2 3 3
49.8798 0.70102 0.70102 2 3 3
49.9298 0.699807 0.699807 2 3 3
49.9797 0.698607 0.698607 2 3 3
50.0297 0.697421 0.697421 2 3 3
50.0797 0.696247 0.696247 2 3 3
50.1296 0.695086 0.695086 2 3 3
50.1796 0.693938 0.693938 2 3 3
50.2296 0.692802 0.692802 2 3 3
50.2796 0.691678 0.691678 2 3 3
50.3295 0.690567 0.690567 2 3 3
50.3795 0.689467 0.689467 2 3 3
50.4295 0.688379 0.688379 2 3 3
50.4795 0.687303 0.687303 2 3 3
50.5294 0.686238 0.686238 2 3 3
50.5794 0.685184 0.685184 2 3 3
50.6294 0.684142 0.684142 2 3 3
50.6794 0.68311 0.68311 2 3 3
50.7294 0.682089 0.682089 2 3 3
50.7793 0.681078 0.681078 2 3 3
50.8293 0.680078 0.680078 2 3 3
50.8793 0.679089 0.679089 2 3 3
50.9293 0.678109 0.678109 2 3 3
50.9792 0.67714 0.67714 2 3 3
51.0292 0.676181 0.676181 2 3 3
51.0792 0.675231 0.675231 2 3 3
51.1292 0.674291 0.674291 2 3 3
51.1792 0.67336 0.67336 2 3 3
51.2291 0.672439 0.672439 2 3 3
51.2791 0.671527 0.671527 2 3 3
51.3291 0.670625 0.670625 2 3 3
51.3791 0.669731 0.669731 2 3 3
51.4291 0.668846 0.668846 2 3 3
51.479 0.66797 0.66797 2 3 3
51.529 0.667103 0.667103 2 3 3
51.579 0.666244 0.666244 2 3 3
51.629 0.665394 0.665394 2 3 3
51.679 0.664552 0.664552 2 3 3
51.729 0.663718 0.663718 2 3 3
51.7789 0.662892 0.662892 2 3 3
51.8289 0.662075 0.662075 2 3 3
51.8789 0.661265 0.661265 2 3 3
51.9289 0.660464 0.660464 2 3 3
51.9789 0.659669 0.659669 2 3 3
52.0289 0.658883 0.658883 2 3 3
52.0788 0.658104 0.658104 2 3 3
52.1288 0.657333 0.657333 2 3 3
52.1788 0.656569 0.656569 2 3 3
52.2288 0.655812 0.655812 2 3 3
52.2788 0.655062 0.655062 2 3 3
52.3288 0.65432 0.65432 2 3 3
52.3788 0.653585 0.653585 2 3 3
52.4287 0.652856 0.652856 2 3 3
52.4787 0.652134 0.652134 2 3 3
52.5287 0.651419 0.651419 2 3 3
52.5787 0.650711 0.650711 2 3 3
52.6287 0.65001 0.65001 2 3 3
52.6787 0.649314 0.649314 2 3 3
52.7287 0.648626 0.648626 2 3 3
52.7786 0.647944 0.647944 2 3 3
52.8286 0.647267 0.647267 2 3 3
52.8786 0.646598 0.646598 2 3 3
52.9286 0.645934 0.645934 2 3 3
52.9786 0.645277 0.645277 2 3 3
53.0286 0.644625 0.644625 2 3 3
53.0786 0.64398 0.64398 2 3 3
53.1286 0.64334 0.64334 2 3 3
53.1785 0.642706 0.642706 2 3 3
53.2285 0.642078 0.642078 2 3 3
53.2785 0.641456 0.641456 2 3 3
53.3285 0.640839 0.640839 2 3 3
53.3785 0.640228 0.640228 2 3 3
53.4285 0.639622 0.639622 2 3 3
53.4785 0.639022 0.639022 2 3 3
53.5285 0.638427 0.638427 2 3 3
53.5784 0.637837 0.637837 2 3 3
53.6284 0.637253 0.637253 2 3 3
53.6784 0.636674 0.636674 2 3 3
53.7284 0.6361 0.6361 2 3 3
53.7784 0.635531 0.635531 2 3 3
53.8284 0.634967 0.634967 2 3 3
53.8784 0.634408 0.634408 2 3 3
53.9284 0.633854 0.633854 2 3 3
53.9784 0.633305 0.633305 2 3 3
54.0284 0.632761 0.632761 2 3 3
54.0783 0.632221 0.632221 2 3 3
54.1283 0.631687 0.631687 2 3 3
54.1783 0.631156 0.631156 2 3 3
54.2283 0.630631 0.630631 2 3 3
54.2783 0.63011 0.63011 2 3 3
54.3283 0.629594 0.629594 2 3 3
54.3783 0.629082 0.629082 2 3 3
54.4283 0.628574 0.628574 2 3 3
54.4783 0.628071 0.628071 2 3 3
54.5283 0.627573 0.627573 2 3 3
54.5782 0.627078 0.627078 2 3 3
54.6282 0.626588 0.626588 2 3 3
54.6782 0.626102 0.626102 2 3 3
54.7282 0.62562 0.62562 2 3 3
54.7782 0.625142 0.625142 2 3 3
54.8282 0.624669 0.624669 2 3 3
54.8782 0.624199 0.624199 2 3 3
54.9282 0.623734 0.623734 2 3 3
54.9782 0.623272 0.623272 2 3 3
55.0282 0.622815 0.622815 2 3 3
55.0782 0.622361 0.622361 2 3 3
55.1282 0.621911 0.621911 2 3 3
55.1781 0.621465 0.621465 2 3 3
55.2281 0.621022 0.621022 2 3 3
55.2781 0.620584 0.620584 2 3 3
55.3281 0.620149 0.620149 2 3 3
55.3781 0.619718 0.619718 2 3 3
55.4281 0.61929 0.61929 2 3 3
55.4781 0.618866 0.618866 2 3 3
55.5281 0.618445 0.618445 2 3 3
55.5781 0.618029 0.618029 2 3 3
55.6281 0.617615 0.617615 2 3 3
55.6781 0.617205 0.617205 2 3 3
55.7281 0.616798 0.616798 2 3 3
55.7781 0.616395 0.616395 2 3 3
55.828 0.615995 0.615995 2 3 3
55.878 0.615599 0.615599 2 3 3
55.928 0.615206 0.615206 2 3 3
55.978 0.614816 0.614816 2 3 3
56.028 0.614429 0.614429 2 3 3
56.078 0.614046 0.614046 2 3 3
56.128 0.613665 0.613665 2 3 3
56.178 0.613288 0.613288 2 3 3
56.228 0.612914 0.612914 2 3 3
56.278 0.612543 0.612543 2 3 3
56.328 0.612175 0.612175 2 3 3
56.378 0.61181 0.61181 2 3 3
56.428 0.611448 0.611448 2 3 3
56.478 0.611089 0.611089 2 3 3
56.528 0.610733 0.610733 2 3 3
56.5779 0.61038 0.61038 2 3 3
56.6279 0.61003 0.61003 2 3 3
56.6779 0.609683 0.609683 2 3 3
56.7279 0.609338 0.609338 2 3 3
56.7779 0.608997 0.608997 2 3 3
56.8279 0.608658 0.608658 2 3 3
56.8779 0.608322 0.608322 2 3 3
56.9279 0.607988 0.607988 2 3 3
56.9779 0.607658 0.607658 2 3 3
57.0279 0.60733 0.60733 2 3 3
57.0779 0.607005 0.607005 2 3 3
57.1279 0.606682 0.606682 2 3 3
57.1779 0.606362 0.606362 2 3 3
57.2279 0.606045 0.606045 2 3 3
57.2779 0.60573 0.60573 2 3 3
57.3279 0.605418 0.605418 2 3 3
57.3779 0.605108 0.605108 2 3 3
57.4278 0.604801 0.604801 2 3 3
57.4778 0.604496 0.604496 2 3 3
57.5278 0.604194 0.604194 2 3 3
57.5778 0.603894 0.603894 2 3 3
57.6278 0.603597 0.603597 2 3 3
57.6778 0.603302 0.603302 2 3 3
57.7278 0.603009 0.603009 2 3 3
57.7778 0.602719 0.602719 2 3 3
57.8278 0.602431 0.602431 2 3 3
57.8778 0.602146 0.602146 2 3 3
57.9278 0.601862 0.601862 2 3 3
57.9778 0.601581 0.601581 2 3 3
58.0278 0.601303 0.601303 2 3 3
58.0778 0.601026 0.601026 2 3 3
58.1278 0.600752 0.600752 2 3 3
58.1778 0.60048 0.60048 2 3 3
58.2278 0.60021 0.60021 2 3 3
58.2778 0.599943 0.599943 2 3 3
58.3278 0.599677 0.599677 2 3 3
58.3777 0.599414 0.599414 2 3 3
58.4277 0.599153 0.599153 2 3 3
58.4777 0.598894 0.598894 2 3 3
58.5277 0.598637 0.598637 2 3 3
58.5777 0.598382 0.598382 2 3 3
58.6277 0.598129 0.598129 2 3 3
58.6777 0.597878 0.597878 2 3 3
58.7277 0.597629 0.597629 2 3 3
58.7777 0.597383 0.597383 2 3 3
58.8277 0.597138 0.597138 2 3 3
58.8777 0.596895 0.596895 2 3 3
58.9277 0.596654 0.596654 2 3 3
58.9777 0.596415 0.596415 2 3 3
59.0277 0.596178 0.596178 2 3 3
59.0777 0.595943 0.595943 2 3 3
59.1277 0.59571 0.59571 2 3 3
59.1777 0.595479 0.595479 2 3 3
59.2277 0.595249 0.595249 2 3 3
59.2777 0.595021 0.595021 2 3 3
59.3277 0.594796 0.594796 2 3 3
59.3777 0.594572 0.594572 2 3 3
59.4277 0.59435 0.59435 2 3 3
59.4776 0.594129 0.594129 2 3 3
59.5276 0.593911 0.593911 2 3 3
59.5776 0.593694 0.593694 2 3 3
59.6276 0.593479 0.593479 2 3 3
59.6776 0.593265 0.593265 2 3 3
59.7276 0.593054 0.593054 2 3 3
59.7776 0.592844 0.592844 2 3 3
59.8276 0.592636 0.592636 2 3 3
59.8776 0.592429 0.592429 2 3 3
59.9276 0.592224 0.592224 2 3 3
59.9776 0.592021 0.592021 2 3 3
60.0276 0.59182 0.59182 2 3 3
60.0776 0.59162 0.59162 2 3 3
60.1276 0.591422 0.591422 2 3 3
60.1776 0.591225 0.591225 2 3 3
60.2276 0.59103 0.59103 2 3 3
60.2776 0.590837 0.590837 2 3 3
60.3276 0.590645 0.590645 2 3 3
60.3776 0.590454 0.590454 2 3 3
60.4276 0.590266 0.590266 2 3 3
60.4776 0.590078 0.590078 2 3 3
60.5276 0.589893 0.589893 2 3 3
60.5776 0.589708 0.589708 2 3 3
60.6276 0.589526 0.589526 2 3 3
60.6776 0.589345 0.589345 2 3 3
60.7276 0.589165 0.589165 2 3 3
60.7775 0.588987 0.588987 2 3 3
60.8275 0.58881 0.58881 2 3 3
60.8775 0.588635 0.588635 2 3 3
60.9275 0.588461 0.588461 2 3 3
60.9775 0.588288 0.588288 2 3 3
61.0275 0.588117 0.588117 2 3 3
61.0775 0.587948 0.587948 2 3 3
61.1275 0.587779 0.587779 2 3 3
61.1775 0.587612 0.587612 2 3 3
61.2275 0.587447 0.587447 2 3 3
61.2775 0.587283 0.587283 2 3 3
61.3275 0.58712 0.58712 2 3 3
61.3775 0.586959 0.586959 2 3 3
61.4275 0.586799 0.586799 2 3 3
61.4775 0.58664 0.58664 2 3 3
61.5275 0.586483 0.586483 2 3 3
61.5775 0.586327 0.586327 2 3 3
61.6275 0.586172 0.586172 2 3 3
61.6775 0.586018 0.586018 2 3 3
61.7275 0.585866 0.585866 2 3 3
61.7775 0.585715 0.585715 2 3 3
61.8275 0.585566 0.585566 2 3 3
61.8775 0.585417 0.585417 2 3 3
61.9275 0.58527 0.58527 2 3 3
61.9775 0.585124 0.585124 2 3 3
62.0275 0.584979 0.584979 2 3 3
62.0775 0.584836 0.584836 2 3 3
62.1275 0.584694 0.584694 2 3 3
62.1775 0.584553 0.584553 2 3 3
62.2275 0.584413 0.584413 2 3 3
62.2775 0.584274 0.584274 2 3 3
62.3275 0.584137 0.584137 2 3 3
62.3774 0.584 0.584 2 3 3
62.4274 0.583865 0.583865 2 3 3
62.4774 0.583731 0.583731 2 3 3
62.5274 0.583599 0.583599 2 3 3
62.5774 0.583467 0.583467 2 3 3
62.6274 0.583336 0.583336 2 3 3
62.6774 0.583207 0.583207 2 3 3
62.7274 0.583079 0.583079 2 3 3
62.7774 0.582951 0.582951 2 3 3
62.8274 0.582825 0.582825 2 3 3
62.8774 0.5827 0.5827 2 3 3
62.9274 0.582576 0.582576 2 3 3
62.9774 0.582453 0.582453 2 3 3
63.0274 0.582332 0.582332 2 3 3
63.0774 0.582211 0.582211 2 3 3
63.1274 0.582091 0.582091 2 3 3
63.1774 0.581973 0.581973 2 3 3
63.2274 0.581855 0.581855 2 3 3
63.2774 0.581739 0.581739 2 3 3
63.3274 0.581623 0.581623 2 3 3
63.3774 0.581509 0.581509 2 3 3
63.4274 0.581395 0.581395 2 3 3
63.4774 0.581283 0.581283 2 3 3
63.5274 0.581171 0.581171 2 3 3
63.5774 0.581061 0.581061 2 3 3
63.6274 0.580951 0.580951 2 3 3
63.6774 0.580843 0.580843 2 3 3
63.7274 0.580736 0.580736 2 3 3
63.7774 0.580629 0.580629 2 3 3
63.8274 0.580524 0.580524 2 3 3
63.8774 0.580419 0.580419 2 3 3
63.9274 0.580315 0.580315 2 3 3
63.9774 0.580213 0.580213 2 3 3
64.0274 0.580111 0.580111 2 3 3
64.0774 0.58001 0.58001 2 3 3
64.1274 0.57991 0.57991 2 3 3
64.1774 0.579811 0.579811 2 3 3
64.2274 0.579713 0.579713 2 3 3
64.2773 0.579616 0.579616 2 3 3
64.3273 0.57952 0.57952 2 3 3
64.3773 0.579424 0.579424 2 3 3
64.4273 0.57933 0.57933 2 3 3
64.4773 0.579236 0.579236 2 3 3
64.5273 0.579144 0.579144 2 3 3
64.5773 0.579052 0.579052 2 3 3
64.6273 0.578961 0.578961 2 3 3
64.6773 0.578871 0.578871 2 3 3
64.7273 0.578782 0.578782 2 3 3
64.7773 0.578693 0.578693 2 3 3
64.8273 0.578606 0.578606 2 3 3
64.8773 0.578519 0.578519 2 3 3
64.9273 0.578433 0.578433 2 3 3
64.9773 0.578348 0.578348 2 3 3
65.0273 0.578264 0.578264 2 3 3
65.0773 0.578181 0.578181 2 3 3
65.1273 0.578098 0.578098 2 3 3
65.1773 0.578017 0.578017 2 3 3
65.2273 0.577936 0.577936 2 3 3
65.2773 0.577856 0.577856 2 3 3
65.3273 0.577776 0.577776 2 3 3
65.3773 0.577698 0.577698 2 3 3
65.4273 0.57762 0.57762 2 3 3
65.4773 0.577543 0.577543 2 3 3
65.5273 0.577467 0.577467 2 3 3
65.5773 0.577392 0.577392 2 3 3
65.6273 0.577317 0.577317 2 3 3
65.6773 0.577243 0.577243 2 3 3
65.7273 0.57717 0.57717 2 3 3
65.7773 0.577098 0.577098 2 3 3
65.8273 0.577026 0.577026 2 3 3
65.8773 0.576955 0.576955 2 3 3
65.9273 0.576885 0.576885 2 3 3
65.9773 0.576816 0.576816 2 3 3
66.0273 0.576747 0.576747 2 3 3
66.0773 0.576679 0.576679 2 3 3
66.1273 0.576612 0.576612 2 3 3
66.1773 0.576546 0.576546 2 3 3
66.2273 0.57648 0.57648 2 3 3
66.2773 0.576415 0.576415 2 3 3
66.3273 0.576351 0.576351 2 3 3
66.3773 0.576287 0.576287 2 3 3
66.4273 0.576224 0.576224 2 3 3
66.4773 0.576162 0.576162 2 3 3
66.5273 0.5761 0.5761 2 3 3
66.5773 0.576039 0.576039 2 3 3
66.6273 0.575979 0.575979 2 3 3
66.6772 0.57592 0.57592 2 3 3
66.7272 0.575861 0.575861 2 3 3
66.7772 0.575803 0.575803 2 3 3
66.8272 0.575745 0.575745 2 3 3
66.8772 0.575688 0.575688 2 3 3
66.9272 0.575632 0.575632 2 3 3
66.9772 0.575576 0.575576 2 3 3
67.0272 0.575522 0.575522 2 3 3
67.0772 0.575467 0.575467 2 3 3
67.1272 0.575414 0.575414 2 3 3
67.1772 0.575361 0.575361 2 3 3
67.2272 0.575308 0.575308 2 3 3
67.2772 0.575257 0.575257 2 3 3
67.3272 0.575206 0.575206 2 3 3
67.3772 0.575155 0.575155 2 3 3
67.4272 0.575105 0.575105 2 3 3
67.4772 0.575056 0.575056 2 3 3
67.5272 0.575008 0.575008 2 3 3
67.5772 0.57496 0.57496 2 3 3
67.6272 0.574912 0.574912 2 3 3
67.6772 0.574865 0.574865 2 3 3
67.7272 0.574819 0.574819 2 3 3
67.7772 0.574774 0.574774 2 3 3
67.8272 0.574729 0.574729 2 3 3
67.8772 0.574684 0.574684 2 3 3
67.9272 0.57464 0.57464 2 3 3
67.9772 0.574597 0.574597 2 3 3
68.0272 0.574554 0.574554 2 3 3
68.0772 0.574512 0.574512 2 3 3
68.1272 0.574471 0.574471 2 3 3
68.1772 0.57443 0.57443 2 3 3
68.2272 0.57439 0.57439 2 3 3
68.2772 0.57435 0.57435 2 3 3
68.3272 0.57431 0.57431 2 3 3
68.3772 0.574272 0.574272 2 3 3
68.4272 0.574234 0.574234 2 3 3
68.4772 0.574196 0.574196 2 3 3
68.5272 0.574159 0.574159 2 3 3
68.5772 0.574122 0.574122 2 3 3
68.6272 0.574086 0.574086 2 3 3
68.6772 0.574051 0.574051 2 3 3
68.7272 0.574016 0.574016 2 3 3
68.7772 0.573982 0.573982 2 3 3
68.8272 0.573948 0.573948 2 3 3
68.8772 0.573914 0.573914 2 3 3
68.9272 0.573882 0.573882 2 3 3
68.9772 0.573849 0.573849 2 3 3
69.0272 0.573818 0.573818 2 3 3
69.0772 0.573786 0.573786 2 3 3
69.1272 0.573756 0.573756 2 3 3
69.1772 0.573725 0.573725 2 3 3
69.2272 0.573696 0.573696 2 3 3
69.2772 0.573666 0.573666 2 3 3
69.3272 0.573638 0.573638 2 3 3
69.3772 0.57361 0.57361 2 3 3
69.4272 0.573582 0.573582 2 3 3
69.4772 0.573555 0.573555 2 3 3
69.5272 0.573528 0.573528 2 3 3
69.5772 0.573502 0.573502 2 3 3
69.6272 0.573476 0.573476 2 3 3
69.6772 0.57345 0.57345 2 3 3
69.7271 0.573426 0.573426 2 3 3
69.7771 0.573401 0.573401 2 3 3
69.8271 0.573377 0.573377 2 3 3
69.8771 0.573354 0.573354 2 3 3
69.9271 0.573331 0.573331 2 3 3
69.9771 0.573309 0.573309 2 3 3
70.0271 0.573287 0.573287 2 3 3
70.0771 0.573265 0.573265 2 3 3
70.1271 0.573244 0.573244 2 3 3
70.1771 0.573223 0.573223 2 3 3
70.2271 0.573203 0.573203 2 3 3
70.2771 0.573183 0.573183 2 3 3
70.3271 0.573164 0.573164 2 3 3
70.3771 0.573145 0.573145 2 3 3
70.4271 0.573127 0.573127 2 3 3
70.4771 0.573109 0.573109 2 3 3
70.5271 0.573092 0.573092 2 3 3
70.5771 0.573074 0.573074 2 3 3
70.6271 0.573058 0.573058 2 3 3
70.6771 0.573042 0.573042 2 3 3
70.7271 0.573026 0.573026 2 3 3
70.7771 0.57301 0.57301 2 3 3
70.8271 0.572996 0.572996 2 3 3
70.8771 0.572981 0.572981 2 3 3
70.9271 0.572967 0.572967 2 3 3
70.9771 0.572953 0.572953 2 3 3
71.0271 0.57294 0.57294 2 3 3
71.0771 0.572927 0.572927 2 3 3
71.1271 0.572915 0.572915 2 3 3
71.1771 0.572903 0.572903 2 3 3
71.2271 0.572891 0.572891 2 3 3
71.2771 0.57288 0.57288 2 3 3
71.3271 0.572869 0.572869 2 3 3
71.3771 0.572859 0.572859 2 3 3
71.4271 0.572849 0.572849 2 3 3
71.4771 0.572839 0.572839 2 3 3
71.5271 0.57283 0.57283 2 3 3
71.5771 0.572821 0.572821 2 3 3
71.6271 0.572813 0.572813 2 3 3
71.6771 0.572805 0.572805 2 3 3
71.7271 0.572797 0.572797 2 3 3
71.7771 0.57279 0.57279 2 3 3
71.8271 0.572783 0.572783 2 3 3
71.8771 0.572777 0.572777 2 3 3
71.9271 0.57277 0.57277 2 3 3
71.9771 0.572765 0.572765 2 3 3
72.0271 0.572759 0.572759 2 3 3
72.0771 0.572754 0.572754 2 3 3
72.1271 0.57275 0.57275 2 3 3
72.1771 0.572745 0.572745 2 3 3
72.2271 0.572742 0.572742 2 3 3
72.2771 0.572738 0.572738 2 3 3
72.3271 0.572735 0.572735 2 3 3
72.3771 0.572732 0.572732 2 3 3
72.4271 0.57273 0.57273 2 3 3
72.4771 0.572728 0.572728 2 3 3
72.5271 0.572726 0.572726 2 3 3
72.5771 0.572725 0.572725 2 3 3
72.6271 0.572724 0.572724 2 3 3
72.6771 0.572723 0.572723 2 3 3
72.7271 0.572723 0.572723 2 3 3
72.7771 0.572723 0.572723 2 3 3
72.8271 0.572723 0.572723 2 3 3
72.8771 0.572724 0.572724 2 3 3
72.9271 0.572725 0.572725 2 3 3
72.9771 0.572726 0.572726 2 3 3
73.0271 0.572728 0.572728 2 3 3
73.0771 0.57273 0.57273 2 3 3
73.1271 0.572732 0.572732 2 3 3
73.1771 0.572735 0.572735 2 3 3
73.2271 0.572738 0.572738 2 3 3
73.2771 0.572742 0.572742 2 3 3
73.3271 0.572745 0.572745 2 3 3
73.3771 0.57275 0.57275 2 3 3
73.4271 0.572754 0.572754 2 3 3
73.4771 0.572759 0.572759 2 3 3
73.5271 0.572764 0.572764 2 3 3
73.5771 0.572769 0.572769 2 3 3
73.6271 0.572775 0.572775 2 3 3
73.6771 0.572781 0.572781 2 3 3
73.7271 0.572787 0.572787 2 3 3
73.7771 0.572794 0.572794 2 3 3
73.827 0.572801 0.572801 2 3 3
73.877 0.572808 0.572808 2 3 3
73.927 0.572816 0.572816 2 3 3
73.977 0.572823 0.572823 2 3 3
74.027 0.572832 0.572832 2 3 3
74.077 0.57284 0.57284 2 3 3
74.127 0.572849 0.572849 2 3 3
74.177 0.572858 0.572858 2 3 3
74.227 0.572867 0.572867 2 3 3
74.277 0.572877 0.572877 2 3 3
74.327 0.572887 0.572887 2 3 3
74.377 0.572897 0.572897 2 3 3
74.427 0.572908 0.572908 2 3 3
74.477 0.572919 0.572919 2 3 3
74.527 0.57293 0.57293 2 3 3
74.577 0.572941 0.572941 2 3 3
74.627 0.572953 0.572953 2 3 3
74.677 0.572965 0.572965 2 3 3
74.727 0.572977 0.572977 2 3 3
74.777 0.57299 0.57299 2 3 3
74.827 0.573003 0.573003 2 3 3
74.877 0.573016 0.573016 2 3 3
74.927 0.57303 0.57303 2 3 3
74.977 0.573043 0.573043 2 3 3
75.027 0.573057 0.573057 2 3 3
75.077 0.573072 0.573072 2 3 3
75.127 0.573086 0.573086 2 3 3
75.177 0.573101 0.573101 2 3 3
75.227 0.573116 0.573116 2 3 3
75.277 0.573131 0.573131 2 3 3
75.327 0.573147 0.573147 2 3 3
75.377 0.573163 0.573163 2 3 3
75.427 0.573179 0.573179 2 3 3
75.477 0.573196 0.573196 2 3 3
75.527 0.573212 0.573212 2 3 3
75.577 0.573229 0.573229 2 3 3
75.627 0.573247 0.573247 2 3 3
75.677 0.573264 0.573264 2 3 3
75.727 0.573282 0.573282 2 3 3
75.777 0.5733 0.5733 2 3 3
75.827 0.573318 0.573318 2 3 3
75.877 0.573337 0.573337 2 3 3
75.927 0.573355 0.573355 2 3 3
75.977 0.573375 0.573375 2 3 3
76.027 0.573394 0.573394 2 3 3
76.077 0.573413 0.573413 2 3 3
76.127 0.573433 0.573433 2 3 3
76.177 0.573453 0.573453 2 3 3
76.227 0.573474 0.573474 2 3 3
76.277 0.573494 0.573494 2 3 3
76.327 0.573515 0.573515 2 3 3
76.377 0.573536 0.573536 2 3 3
76.427 0.573557 0.573557 2 3 3
76.477 0.573579 0.573579 2 3 3
76.527 0.5736 0.5736 2 3 3
76.577 0.573622 0.573622 2 3 3
76.627 0.573645 0.573645 2 3 3
76.677 0.573667 0.573667 2 3 3
76.727 0.57369 0.57369 2 3 3
76.777 0.573713 0.573713 2 3 3
76.827 0.573736 0.573736 2 3 3
76.877 0.573759 0.573759 2 3 3
76.927 0.573783 0.573783 2 3 3
76.977 0.573807 0.573807 2 3 3
77.027 0.573831 0.573831 2 3 3
77.077 0.573855 0.573855 2 3 3
77.127 0.57388 0.57388 2 3 3
77.177 0.573905 0.573905 2 3 3
77.227 0.57393 0.57393 2 3 3
77.277 0.573955 0.573955 2 3 3
77.327 0.57398 0.57398 2 3 3
77.377 0.574006 0.574006 2 3 3
77.427 0.574032 0.574032 2 3 3
77.477 0.574058 0.574058 2 3 3
77.527 0.574085 0.574085 2 3 3
77.577 0.574111 0.574111 2 3 3
77.627 0.574138 0.574138 2 3 3
77.677 0.574165 0.574165 2 3 3
77.727 0.574192 0.574192 2 3 3
77.777 0.57422 0.57422 2 3 3
77.827 0.574247 0.574247 2 3 3
77.877 0.574275 0.574275 2 3 3
77.927 0.574303 0.574303 2 3 3
77.977 0.574331 0.574331 2 3 3
78.027 0.57436 0.57436 2 3 3
78.077 0.574389 0.574389 2 3 3
78.127 0.574417 0.574417 2 3 3
78.177 0.574447 0.574447 2 3 3
78.227 0.574476 0.574476 2 3 3
78.277 0.574505 0.574505 2 3 3
78.327 0.574535 0.574535 2 3 3
78.377 0.574565 0.574565 2 3 3
78.427 0.574595 0.574595 2 3 3
78.477 0.574626 0.574626 2 3 3
78.527 0.574656 0.574656 2 3 3
78.577 0.574687 0.574687 2 3 3
78.627 0.574718 0.574718 2 3 3
78.677 0.574749 0.574749 2 3 3
78.727 0.57478 0.57478 2 3 3
78.777 0.574812 0.574812 2 3 3
78.827 0.574843 0.574843 2 3 3
78.877 0.574875 0.574875 2 3 3
78.927 0.574907 0.574907 2 3 3
78.977 0.57494 0.57494 2 3 3
79.027 0.574972 0.574972 2 3 3
79.077 0.575005 0.575005 2 3 3
79.127 0.575038 0.575038 2 3 3
79.177 0.575071 0.575071 2 3 3
79.227 0.575104 0.575104 2 3 3
79.277 0.575138 0.575138 2 3 3
79.327 0.575171 0.575171 2 3 3
79.377 0.575205 0.575205 2 3 3
79.427 0.575239 0.575239 2 3 3
79.477 0.575273 0.575273 2 3 3
79.527 0.575307 0.575307 2 3 3
79.577 0.575342 0.575342 2 3 3
79.627 0.575377 0.575377 2 3 3
79.6769 0.575412 0.575412 2 3 3
79.7269 0.575447 0.575447 2 3 3
79.7769 0.575482 0.575482 2 3 3
79.8269 0.575517 0.575517 2 3 3
79.8769 0.575553 0.575553 2 3 3
79.9269 0.575589 0.575589 2 3 3
79.9769 0.575625 0.575625 2 3 3
80.0269 0.575661 0.575661 2 3 3
80.0769 0.575697 0.575697 2 3 3
80.1269 0.575734 0.575734 2 3 3
80.1769 0.57577 0.57577 2 3 3
80.2269 0.575807 0.575807 2 3 3
80.2769 0.575844 0.575844 2 3 3
80.3269 0.575881 0.575881 2 3 3
80.3769 0.575919 0.575919 2 3 3
80.4269 0.575956 0.575956 2 3 3
80.4769 0.575994 0.575994 2 3 3
80.5269 0.576032 0.576032 2 3 3
80.5769 0.57607 0.57607 2 3 3
80.6269 0.576108 0.576108 2 3 3
80.6769 0.576146 0.576146 2 3 3
80.7269 0.576185 0.576185 2 3 3
80.7769 0.576224 0.576224 2 3 3
80.8269 0.576262 0.576262 2 3 3
80.8769 0.576301 0.576301 2 3 3
80.9269 0.576341 0.576341 2 3 3
80.9769 0.57638 0.57638 2 3 3
81.0269 0.576419 0.576419 2 3 3
81.0769 0.576459 0.576459 2 3 3
81.1269 0.576499 0.576499 2 3 3
81.1769 0.576539 0.576539 2 3 3
81.2269 0.576579 0.576579 2 3 3
81.2769 0.576619 0.576619 2 3 3
81.3269 0.57666 0.57666 2 3 3
81.3769 0.5767 0.5767 2 3 3
81.4269 0.576741 0.576741 2 3 3
81.4769 0.576782 0.576782 2 3 3
81.5269 0.576823 0.576823 2 3 3
81.5769 0.576864 0.576864 2 3 3
81.6269 0.576905 0.576905 2 3 3
81.6769 0.576947 0.576947 2 3 3
81.7269 0.576989 0.576989 2 3 3
81.7769 0.57703 0.57703 2 3 3
81.8269 0.577072 0.577072 2 3 3
81.8769 0.577114 0.577114 2 3 3
81.9269 0.577157 0.577157 2 3 3
81.9769 0.577199 0.577199 2 3 3
82.0269 0.577242 0.577242 2 3 3
82.0769 0.577284 0.577284 2 3 3
82.1269 0.577327 0.577327 2 3 3
82.1769 0.57737 0.57737 2 3 3
82.2269 0.577413 0.577413 2 3 3
82.2769 0.577456 0.577456 2 3 3
82.3269 0.5775 0.5775 2 3 3
82.3769 0.577543 0.577543 2 3 3
82.4269 0.577587 0.577587 2 3 3
82.4769 0.577631 0.577631 2 3 3
82.5269 0.577675 0.577675 2 3 3
82.5769 0.577719 0.577719 2 3 3
82.6269 0.577763 0.577763 2 3 3
82.6769 0.577808 0.577808 2 3 3
82.7269 0.577852 0.577852 2 3 3
82.7769 0.577897 0.577897 2 3 3
82.8269 0.577942 0.577942 2 3 3
82.8769 0.577987 0.577987 2 3 3
82.9269 0.578032 0.578032 2 3 3
82.9769 0.578077 0.578077 2 3 3
83.0269 0.578122 0.578122 2 3 3
83.0769 0.578168 0.578168 2 3 3
83.1269 0.578213 0.578213 2 3 3
83.1769 0.578259 0.578259 2 3 3
83.2269 0.578305 0.578305 2 3 3
83.2769 0.578351 0.578351 2 3 3
83.3269 0.578397 0.578397 2 3 3
83.3769 0.578443 0.578443 2 3 3
83.4269 0.57849 0.57849 2 3 3
83.4769 0.578536 0.578536 2 3 3
83.5269 0.578583 0.578583 2 3 3
83.5769 0.57863 0.57863 2 3 3
83.6269 0.578677 0.578677 2 3 3
83.6769 0.578724 0.578724 2 3 3
83.7269 0.578771 0.578771 2 3 3
83.7769 0.578818 0.578818 2 3 3
83.8269 0.578866 0.578866 2 3 3
83.8769 0.578913 0.578913 2 3 3
83.9269 0.578961 0.578961 2 3 3
83.9769 0.579009 0.579009 2 3 3
84.0269 0.579057 0.579057 2 3 3
84.0769 0.579105 0.579105 2 3 3
84.1269 0.579153 0.579153 2 3 3
84.1769 0.579201 0.579201 2 3 3
84.2269 0.57925 0.57925 2 3 3
84.2769 0.579298 0.579298 2 3 3
84.3269 0.579347 0.579347 2 3 3
84.3769 0.579396 0.579396 2 3 3
84.4269 0.579444 0.579444 2 3 3
84.4769 0.579493 0.579493 2 3 3
84.5269 0.579543 0.579543 2 3 3
84.5769 0.579592 0.579592 2 3 3
84.6269 0.579641 0.579641 2 3 3
84.6769 0.579691 0.579691 2 3 3
84.7269 0.57974 0.57974 2 3 3
84.7769 0.57979 0.57979 2 3 3
84.8269 0.57984 0.57984 2 3 3
84.8769 0.57989 0.57989 2 3 3
84.9269 0.57994 0.57994 2 3 3
84.9769 0.57999 0.57999 2 3 3
85.0269 0.58004 0.58004 2 3 3
85.0769 0.580091 0.580091 2 3 3
85.1269 0.580141 0.580141 2 3 3
85.1769 0.580192 0.580192 2 3 3
85.2269 0.580243 0.580243 2 3 3
85.2769 0.580293 0.580293 2 3 3
85.3269 0.580344 0.580344 2 3 3
85.3769 0.580395 0.580395 2 3 3
85.4269 0.580447 0.580447 2 3 3
85.4769 0.580498 0.580498 2 3 3
85.5269 0.580549 0.580549 2 3 3
85.5769 0.580601 0.580601 2 3 3
85.6269 0.580652 0.580652 2 3 3
85.6769 0.580704 0.580704 2 3 3
85.7269 0.580756 0.580756 2 3 3
85.7769 0.580808 0.580808 2 3 3
85.8269 0.58086 0.58086 2 3 3
85.8769 0.580912 0.580912 2 3 3
85.9269 0.580964 0.580964 2 3 3
85.9769 0.581017 0.581017 2 3 3
86.0269 0.581069 0.581069 2 3 3
86.0769 0.581122 0.581122 2 3 3
86.1269 0.581174 0.581174 2 3 3
86.1769 0.581227 0.581227 2 3 3
86.2269 0.58128 0.58128 2 3 3
86.2769 0.581333 0.581333 2 3 3
86.3269 0.581386 0.581386 2 3 3
86.3769 0.581439 0.581439 2 3 3
86.4269 0.581493 0.581493 2 3 3
86.4769 0.581546 0.581546 2 3 3
86.5269 0.5816 0.5816 2 3 3
86.5769 0.581653 0.581653 2 3 3
86.6269 0.581707 0.581707 2 3 3
86.6769 0.581761 0.581761 2 3 3
86.7269 0.581814 0.581814 2 3 3
86.7769 0.581868 0.581868 2 3 3
86.8269 0.581923 0.581923 2 3 3
86.8769 0.581977 0.581977 2 3 3
86.9269 0.582031 0.582031 2 3 3
86.9769 0.582085 0.582085 2 3 3
87.0269 0.58214 0.58214 2 3 3
87.0769 0.582194 0.582194 2 3 3
87.1269 0.582249 0.582249 2 3 3
87.1769 0.582304 0.582304 2 3 3
87.2269 0.582359 0.582359 2 3 3
87.2769 0.582414 0.582414 2 3 3
87.3269 0.582469 0.582469 2 3 3
87.3769 0.582524 0.582524 2 3 3
87.4269 0.582579 0.582579 2 3 3
87.4769 0.582634 0.582634 2 3 3
87.5269 0.58269 0.58269 2 3 3
87.5769 0.582745 0.582745 2 3 3
87.6269 0.582801 0.582801 2 3 3
87.6769 0.582856 0.582856 2 3 3
87.7269 0.582912 0.582912 2 3 3
87.7769 0.582968 0.582968 2 3 3
87.8269 0.583024 0.583024 2 3 3
87.8769 0.58308 0.58308 2 3 3
87.9269 0.583136 0.583136 2 3 3
87.9769 0.583192 0.583192 2 3 3
88.0269 0.583249 0.583249 2 3 3
88.0769 0.583305 0.583305 2 3 3
88.1269 0.583362 0.583362 2 3 3
88.1769 0.583418 0.583418 2 3 3
88.2269 0.583475 0.583475 2 3 3
88.2769 0.583532 0.583532 2 3 3
88.3269 0.583588 0.583588 2 3 3
88.3769 0.583645 0.583645 2 3 3
88.4269 0.583702 0.583702 2 3 3
88.4769 0.583759 0.583759 2 3 3
88.5269 0.583817 0.583817 2 3 3
88.5769 0.583874 0.583874 2 3 3
88.6269 0.583931 0.583931 2 3 3
88.6769 0.583989 0.583989 2 3 3
88.7268 0.584046 0.584046 2 3 3
88.7768 0.584104 0.584104 2 3 3
88.8268 0.584161 0.584161 2 3 3
88.8768 0.584219 0.584219 2 3 3
88.9268 0.584277 0.584277 2 3 3
88.9768 0.584335 0.584335 2 3 3
89.0268 0.584393 0.584393 2 3 3
89.0768 0.584451 0.584451 2 3 3
89.1268 0.584509 0.584509 2 3 3
89.1768 0.584567 0.584567 2 3 3
89.2268 0.584626 0.584626 2 3 3
89.2768 0.584684 0.584684 2 3 3
89.3268 0.584742 0.584742 2 3 3
89.3768 0.584801 0.584801 2 3 3
89.4268 0.58486 0.58486 2 3 3
89.4768 0.584918 0.584918 2 3 3
89.5268 0.584977 0.584977 2 3 3
89.5768 0.585036 0.585036 2 3 3
89.6268 0.585095 0.585095 2 3 3
89.6768 0.585154 0.585154 2 3 3
89.7268 0.585213 0.585213 2 3 3
89.7768 0.585272 0.585272 2 3 3
89.8268 0.585332 0.585332 2 3 3
89.8768 0.585391 0.585391 2 3 3
89.9268 0.58545 0.58545 2 3 3
89.9768 0.58551 0.58551 2 3 3
90.0268 0.585569 0.585569 2 3 3
90.0768 0.585629 0.585629 2 3 3
90.1268 0.585689 0.585689 2 3 3
90.1768 0.585749 0.585749 2 3 3
90.2268 0.585808 0.585808 2 3 3
90.2768 0.585868 0.585868 2 3 3
90.3268 0.585928 0.585928 2 3 3
90.3768 0.585988 0.585988 2 3 3
90.4268 0.586049 0.586049 2 3 3
90.4768 0.586109 0.586109 2 3 3
90.5268 0.586169 0.586169 2 3 3
90.5768 0.586229 0.586229 2 3 3
90.6268 0.58629 0.58629 2 3 3
90.6768 0.58635 0.58635 2 3 3
90.7268 0.586411 0.586411 2 3 3
90.7768 0.586472 0.586472 2 3 3
90.8268 0.586532 0.586532 2 3 3
90.8768 0.586593 0.586593 2 3 3
90.9268 0.586654 0.586654 2 3 3
90.9768 0.586715 0.586715 2 3 3
91.0268 0.586776 0.586776 2 3 3
91.0768 0.586837 0.586837 2 3 3
91.1268 0.586898 0.586898 2 3 3
91.1768 0.586959 0.586959 2 3 3
91.2268 0.587021 0.587021 2 3 3
91.2768 0.587082 0.587082 2 3 3
91.3268 0.587143 0.587143 2 3 3
91.3768 0.587205 0.587205 2 3 3
91.4268 0.587266 0.587266 2 3 3
91.4768 0.587328 0.587328 2 3 3
91.5268 0.58739 0.58739 2 3 3
91.5768 0.587451 0.587451 2 3 3
91.6268 0.587513 0.587513 2 3 3
91.6768 0.587575 0.587575 2 3 3
91.7268 0.587637 0.587637 2 3 3
91.7768 0.587699 0.587699 2 3 3
91.8268 0.587761 0.587761 2 3 3
91.8768 0.587823 0.587823 2 3 3
91.9268 0.587885 0.587885 2 3 3
91.9768 0.587948 0.587948 2 3 3
92.0268 0.58801 0.58801 2 3 3
92.0768 0.588072 0.588072 2 3 3
92.1268 0.588135 0.588135 2 3 3
92.1768 0.588197 0.588197 2 3 3
92.2268 0.58826 0.58826 2 3 3
92.2768 0.588323 0.588323 2 3 3
92.3268 0.588385 0.588385 2 3 3
92.3768 0.588448 0.588448 2 3 3
92.4268 0.588511 0.588511 2 3 3
92.4768 0.588574 0.588574 2 3 3
92.5268 0.588637 0.588637 2 3 3
92.5768 0.5887 0.5887 2 3 3
92.6268 0.588763 0.588763 2 3 3
92.6768 0.588826 0.588826 2 3 3
92.7268 0.588889 0.588889 2 3 3
92.7768 0.588952 0.588952 2 3 3
92.8268 0.589016 0.589016 2 3 3
92.8768 0.589079 0.589079 2 3 3
92.9268 0.589143 0.589143 2 3 3
92.9768 0.589206 0.589206 2 3 3
93.0268 0.58927 0.58927 2 3 3
93.0768 0.589333 0.589333 2 3 3
93.1268 0.589397 0.589397 2 3 3
93.1768 0.589461 0.589461 2 3 3
93.2268 0.589524 0.589524 2 3 3
93.2768 0.589588 0.589588 2 3 3
93.3268 0.589652 0.589652 2 3 3
93.3768 0.589716 0.589716 2 3 3
93.4268 0.58978 0.58978 2 3 3
93.4768 0.589844 0.589844 2 3 3
93.5268 0.589908 0.589908 2 3 3
93.5768 0.589972 0.589972 2 3 3
93.6268 0.590037 0.590037 2 3 3
93.6768 0.590101 0.590101 2 3 3
93.7268 0.590165 0.590165 2 3 3
93.7768 0.59023 0.59023 2 3 3
93.8268 0.590294 0.590294 2 3 3
93.8768 0.590359 0.590359 2 3 3
93.9268 0.590423 0.590423 2 3 3
93.9768 0.590488 0.590488 2 3 3
94.0268 0.590553 0.590553 2 3 3
94.0768 0.590617 0.590617 2 3 3
94.1268 0.590682 0.590682 2 3 3
94.1768 0.590747 0.590747 2 3 3
94.2268 0.590812 0.590812 2 3 3
94.2768 0.590877 0.590877 2 3 3
94.3268 0.590942 0.590942 2 3 3
94.3768 0.591007 0.591007 2 3 3
94.4268 0.591072 0.591072 2 3 3
94.4768 0.591137 0.591137 2 3 3
94.5268 0.591202 0.591202 2 3 3
94.5768 0.591267 0.591267 2 3 3
94.6268 0.591333 0.591333 2 3 3
94.6768 0.591398 0.591398 2 3 3
94.7268 0.591464 0.591464 2 3 3
94.7768 0.591529 0.591529 2 3 3
94.8268 0.591595 0.591595 2 3 3
94.8768 0.59166 0.59166 2 3 3
94.9268 0.591726 0.591726 2 3 3
94.9768 0.591791 0.591791 2 3 3
95.0268 0.591857 0.591857 2 3 3
95.0768 0.591923 0.591923 2 3 3
95.1268 0.591989 0.591989 2 3 3
95.1768 0.592055 0.592055 2 3 3
95.2268 0.59212 0.59212 2 3 3
95.2768 0.592186 0.592186 2 3 3
95.3268 0.592252 0.592252 2 3 3
95.3768 0.592318 0.592318 2 3 3
95.4268 0.592385 0.592385 2 3 3
95.4768 0.592451 0.592451 2 3 3
95.5268 0.592517 0.592517 2 3 3
95.5768 0.592583 0.592583 2 3 3
95.6268 0.592649 0.592649 2 3 3
95.6768 0.592716 0.592716 2 3 3
95.7268 0.592782 0.592782 2 3 3
95.7768 0.592849 0.592849 2 3 3
95.8268 0.592915 0.592915 2 3 3
95.8768 0.592982 0.592982 2 3 3
95.9268 0.593048 0.593048 2 3 3
95.9768 0.593115 0.593115 2 3 3
96.0268 0.593182 0.593182 2 3 3
96.0768 0.593248 0.593248 2 3 3
96.1268 0.593315 0.593315 2 3 3
96.1768 0.593382 0.593382 2 3 3
96.2268 0.593449 0.593449 2 3 3
96.2768 0.593516 0.593516 2 3 3
96.3268 0.593583 0.593583 2 3 3
96.3768 0.59365 0.59365 2 3 3
96.4268 0.593717 0.593717 2 3 3
96.4768 0.593784 0.593784 2 3 3
96.5268 0.593851 0.593851 2 3 3
96.5768 0.593918 0.593918 2 3 3
96.6268 0.593985 0.593985 2 3 3
96.6768 0.594052 0.594052 2 3 3
96.7268 0.59412 0.59412 2 3 3
96.7768 0.594187 0.594187 2 3 3
96.8268 0.594254 0.594254 2 3 3
96.8768 0.594322 0.594322 2 3 3
96.9268 0.594389 0.594389 2 3 3
96.9768 0.594457 0.594457 2 3 3
97.0268 0.594524 0.594524 2 3 3
97.0768 0.594592 0.594592 2 3 3
97.1268 0.59466 0.59466 2 3 3
97.1768 0.594727 0.594727 2 3 3
97.2268 0.594795 0.594795 2 3 3
97.2768 0.594863 0.594863 2 3 3
97.3268 0.594931 0.594931 2 3 3
97.3768 0.594998 0.594998 2 3 3
97.4268 0.595066 0.595066 2 3 3
97.4768 0.595134 0.595134 2 3 3
97.5268 0.595202 0.595202 2 3 3
97.5768 0.59527 0.59527 2 3 3
97.6268 0.595338 0.595338 2 3 3
97.6768 0.595406 0.595406 2 3 3
97.7268 0.595474 0.595474 2 3 3
97.7768 0.595543 0.595543 2 3 3
97.8268 0.595611 0.595611 2 3 3
97.8768 0.595679 0.595679 2 3 3
97.9268 0.595747 0.595747 2 3 3
97.9768 0.595816 0.595816 2 3 3
98.0268 0.595884 0.595884 2 3 3
98.0768 0.595952 0.595952 2 3 3
98.1268 0.596021 0.596021 2 3 3
98.1768 0.596089 0.596089 2 3 3
98.2268 0.596158 0.596158 2 3 3
98.2768 0.596226 0.596226 2 3 3
98.3268 0.596295 0.596295 2 3 3
98.3768 0.596364 0.596364 2 3 3
98.4268 0.596432 0.596432 2 3 3
98.4768 0.596501 0.596501 2 3 3
98.5268 0.59657 0.59657 2 3 3
98.5768 0.596639 0.596639 2 3 3
98.6268 0.596707 0.596707 2 3 3
98.6768 0.596776 0.596776 2 3 3
98.7268 0.596845 0.596845 2 3 3
98.7768 0.596914 0.596914 2 3 3
98.8268 0.596983 0.596983 2 3 3
98.8768 0.597052 0.597052 2 3 3
98.9268 0.597121 0.597121 2 3 3
98.9768 0.59719 0.59719 2 3 3
99.0268 0.597259 0.597259 2 3 3
99.0768 0.597328 0.597328 2 3 3
99.1268 0.597398 0.597398 2 3 3
99.1768 0.597467 0.597467 2 3 3
99.2268 0.597536 0.597536 2 3 3
99.2768 0.597605 0.597605 2 3 3
99.3268 0.597675 0.597675 2 3 3
99.3768 0.597744 0.597744 2 3 3
99.4268 0.597814 0.597814 2 3 3
99.4768 0.597883 0.597883 2 3 3
99.5268 0.597952 0.597952 2 3 3
99.5768 0.598022 0.598022 2 3 3
99.6268 0.598091 0.598091 2 3 3
99.6768 0.598161 0.598161 2 3 3
99.7268 0.598231 0.598231 2 3 3
99.7768 0.5983 0.5983 2 3 3
99.8268 0.59837 0.59837 2 3 3
99.8768 0.59844 0.59844 2 3 3
99.9268 0.598509 0.598509 2 3 3
99.9768 0.598579 0.598579 2 3 3
100.027 0.598649 0.598649 2 3 3
100.077 0.598719 0.598719 2 3 3
100.127 0.598789 0.598789 2 3 3
100.177 0.598859 0.598859 2 3 3
100.227 0.598928 0.598928 2 3 3
100.277 0.598998 0.598998 2 3 3
100.327 0.599068 0.599068 2 3 3
100.377 0.599138 0.599138 2 3 3
100.427 0.599208 0.599208 2 3 3
100.477 0.599279 0.599279 2 3 3
100.527 0.599349 0.599349 2 3 3
100.577 0.599419 0.599419 2 3 3
100.627 0.599489 0.599489 2 3 3
100.677 0.599559 0.599559 2 3 3
100.727 0.59963 0.59963 2 3 3
100.777 0.5997 0.5997 2 3 3
100.827 0.59977 0.59977 2 3 3
100.877 0.59984 0.59984 2 3 3
100.927 0.599911 0.599911 2 3 3
100.977 0.599981 0.599981 2 3 3
101.027 0.600052 0.600052 2 3 3
101.077 0.600122 0.600122 2 3 3
101.127 0.600193 0.600193 2 3 3
101.177 0.600263 0.600263 2 3 3
101.227 0.600334 0.600334 2 3 3
101.277 0.600404 0.600404 2 3 3
101.327 0.600475 0.600475 2 3 3
101.377 0.600546 0.600546 2 3 3
101.427 0.600616 0.600616 2 3 3
101.477 0.600687 0.600687 2 3 3
101.527 0.600758 0.600758 2 3 3
101.577 0.600828 0.600828 2 3 3
101.627 0.600899 0.600899 2 3 3
101.677 0.60097 0.60097 2 3 3
101.727 0.601041 0.601041 2 3 3
101.777 0.601112 0.601112 2 3 3
101.827 0.601183 0.601183 2 3 3
101.877 0.601254 0.601254 2 3 3
101.927 0.601324 0.601324 2 3 3
101.977 0.601395 0.601395 2 3 3
102.027 0.601466 0.601466 2 3 3
102.077 0.601538 0.601538 2 3 3
102.127 0.601609 0.601609 2 3 3
102.177 0.60168 0.60168 2 3 3
102.227 0.601751 0.601751 2 3 3
102.277 0.601822 0.601822 2 3 3
102.327 0.601893 0.601893 2 3 3
102.377 0.601964 0.601964 2 3 3
102.427 0.602036 0.602036 2 3 3
102.477 0.602107 0.602107 2 3 3
102.527 0.602178 0.602178 2 3 3
102.577 0.602249 0.602249 2 3 3
102.627 0.602321 0.602321 2 3 3
102.677 0.602392 0.602392 2 3 3
102.727 0.602464 0.602464 2 3 3
102.777 0.602535 0.602535 2 3 3
102.827 0.602606 0.602606 2 3 3
102.877 0.602678 0.602678 2 3 3
102.927 0.602749 0.602749 2 3 3
102.977 0.602821 0.602821 2 3 3
103.027 0.602892 0.602892 2 3 3
103.077 0.602964 0.602964 2 3 3
103.127 0.603036 0.603036 2 3 3
103.177 0.603107 0.603107 2 3 3
103.227 0.603179 0.603179 2 3 3
103.277 0.603251 0.603251 2 3 3
103.327 0.603322 0.603322 2 3 3
103.377 0.603394 0.603394 2 3 3
103.427 0.603466 0.603466 2 3 3
103.477 0.603537 0.603537 2 3 3
103.527 0.603609 0.603609 2 3 3
103.577 0.603681 0.603681 2 3 3
103.627 0.603753 0.603753 2 3 3
103.677 0.603825 0.603825 2 3 3
103.727 0.603897 0.603897 2 3 3
103.777 0.603969 0.603969 2 3 3
103.827 0.604041 0.604041 2 3 3
103.877 0.604113 0.604113 2 3 3
103.927 0.604185 0.604185 2 3 3
103.977 0.604257 0.604257 2 3 3
104.027 0.604329 0.604329 2 3 3
104.077 0.604401 0.604401 2 3 3
104.127 0.604473 0.604473 2 3 3
104.177 0.604545 0.604545 2 3 3
104.227 0.604617 0.604617 2 3 3
104.277 0.604689 0.604689 2 3 3
104.327 0.604761 0.604761 2 3 3
104.377 0.604833 0.604833 2 3 3
104.427 0.604906 0.604906 2 3 3
104.477 0.604978 0.604978 2 3 3
104.527 0.60505 0.60505 2 3 3
104.577 0.605122 0.605122 2 3 3
104.627 0.605195 0.605195 2 3 3
104.677 0.605267 0.605267 2 3 3
104.727 0.605339 0.605339 2 3 3
104.777 0.605412 0.605412 2 3 3
104.827 0.605484 0.605484 2 3 3
104.877 0.605557 0.605557 2 3 3
104.927 0.605629 0.605629 2 3 3
104.977 0.605701 0.605701 2 3 3
105.027 0.605774 0.605774 2 3 3
105.077 0.605846 0.605846 2 3 3
105.127 0.605919 0.605919 2 3 3
105.177 0.605992 0.605992 2 3 3
105.227 0.606064 0.606064 2 3 3
105.277 0.606137 0.606137 2 3 3
105.327 0.606209 0.606209 2 3 3
105.377 0.606282 0.606282 2 3 3
105.427 0.606355 0.606355 2 3 3
105.477 0.606427 0.606427 2 3 3
105.527 0.6065 0.6065 2 3 3
105.577 0.606573 0.606573 2 3 3
105.627 0.606645 0.606645 2 3 3
105.677 0.606718 0.606718 2 3 3
105.727 0.606791 0.606791 2 3 3
105.777 0.606864 0.606864 2 3 3
105.827 0.606936 0.606936 2 3 3
105.877 0.607009 0.607009 2 3 3
105.927 0.607082 0.607082 2 3 3
105.977 0.607155 0.607155 2 3 3
106.027 0.607228 0.607228 2 3 3
106.077 0.607301 0.607301 2 3 3
106.127 0.607374 0.607374 2 3 3
106.177 0.607447 0.607447 2 3 3
106.227 0.60752 0.60752 2 3 3
106.277 0.607593 0.607593 2 3 3
106.327 0.607666 0.607666 2 3 3
106.377 0.607739 0.607739 2 3 3
106.427 0.607812 0.607812 2 3 3
106.477 0.607885 0.607885 2 3 3
106.527 0.607958 0.607958 2 3 3
106.577 0.608031 0.608031 2 3 3
106.627 0.608104 0.608104 2 3 3
106.677 0.608177 0.608177 2 3 3
106.727 0.60825 0.60825 2 3 3
106.777 0.608323 0.608323 2 3 3
106.827 0.608397 0.608397 2 3 3
106.877 0.60847 0.60847 2 3 3
106.927 0.608543 0.608543 2 3 3
106.977 0.608616 0.608616 2 3 3
107.027 0.60869 0.60869 2 3 3
107.077 0.608763 0.608763 2 3 3
107.127 0.608836 0.608836 2 3 3
107.177 0.608909 0.608909 2 3 3
107.227 0.608983 0.608983 2 3 3
107.277 0.609056 0.609056 2 3 3
107.327 0.609129 0.609129 2 3 3
107.377 0.609203 0.609203 2 3 3
107.427 0.609276 0.609276 2 3 3
107.477 0.60935 0.60935 2 3 3
107.527 0.609423 0.609423 2 3 3
107.577 0.609497 0.609497 2 3 3
107.627 0.60957 0.60957 2 3 3
107.677 0.609643 0.609643 2 3 3
107.727 0.609717 0.609717 2 3 3
107.777 0.60979 0.60979 2 3 3
107.827 0.609864 0.609864 2 3 3
107.877 0.609938 0.609938 2 3 3
107.927 0.610011 0.610011 2 3 3
107.977 0.610085 0.610085 2 3 3
108.027 0.610158 0.610158 2 3 3
108.077 0.610232 0.610232 2 3 3
108.127 0.610306 0.610306 2 3 3
108.177 0.610379 0.610379 2 3 3
108.227 0.610453 0.610453 2 3 3
108.277 0.610526 0.610526 2 3 3
108.327 0.6106 0.6106 2 3 3
108.377 0.610674 0.610674 2 3 3
108.427 0.610748 0.610748 2 3 3
108.477 0.610821 0.610821 2 3 3
108.527 0.610895 0.610895 2 3 3
108.577 0.610969 0.610969 2 3 3
108.627 0.611043 0.611043 2 3 3
108.677 0.611116 0.611116 2 3 3
108.727 0.61119 0.61119 2 3 3
108.777 0.611264 0.611264 2 3 3
108.827 0.611338 0.611338 2 3 3
108.877 0.611412 0.611412 2 3 3
108.927 0.611486 0.611486 2 3 3
108.977 0.61156 0.61156 2 3 3
109.027 0.611633 0.611633 2 3 3
109.077 0.611707 0.611707 2 3 3
109.127 0.611781 0.611781 2 3 3
109.177 0.611855 0.611855 2 3 3
109.227 0.611929 0.611929 2 3 3
109.277 0.612003 0.612003 2 3 3
109.327 0.612077 0.612077 2 3 3
109.377 0.612151 0.612151 2 3 3
109.427 0.612225 0.612225 2 3 3
109.477 0.612299 0.612299 2 3 3
109.527 0.612373 0.612373 2 3 3
109.577 0.612447 0.612447 2 3 3
109.627 0.612521 0.612521 2 3 3
109.677 0.612595 0.612595 2 3 3
109.727 0.612669 0.612669 2 3 3
109.777 0.612744 0.612744 2 3 3
109.827 0.612818 0.612818 2 3 3
109.877 0.612892 0.612892 2 3 3
109.927 0.612966 0.612966 2 3 3
109.977 0.61304 0.61304 2 3 3
110.027 0.613114 0.613114 2 3 3
110.077 0.613189 0.613189 2 3 3
110.127 0.613263 0.613263 2 3 3
110.177 0.613337 0.613337 2 3 3
110.227 0.613411 0.613411 2 3 3
110.277 0.613485 0.613485 2 3 3
110.327 0.61356 0.61356 2 3 3
110.377 0.613634 0.613634 2 3 3
110.427 0.613708 0.613708 2 3 3
110.477 0.613783 0.613783 2 3 3
110.527 0.613857 0.613857 2 3 3
110.577 0.613931 0.613931 2 3 3
110.627 0.614005 0.614005 2 3 3
110.677 0.61408 0.61408 2 3 3
110.727 0.614154 0.614154 2 3 3
110.777 0.614229 0.614229 2 3 3
110.827 0.614303 0.614303 2 3 3
110.877 0.614377 0.614377 2 3 3
110.927 0.614452 0.614452 2 3 3
110.977 0.614526 0.614526 2 3 3
111.027 0.614601 0.614601 2 3 3
111.077 0.614675 0.614675 2 3 3
111.127 0.614749 0.614749 2 3 3
111.177 0.614824 0.614824 2 3 3
111.227 0.614898 0.614898 2 3 3
111.277 0.614973 0.614973 2 3 3
111.327 0.615047 0.615047 2 3 3
111.377 0.615122 0.615122 2 3 3
111.427 0.615196 0.615196 2 3 3
111.477 0.615271 0.615271 2 3 3
111.527 0.615345 0.615345 2 3 3
111.577 0.61542 0.61542 2 3 3
111.627 0.615494 0.615494 2 3 3
111.677 0.615569 0.615569 2 3 3
111.727 0.615644 0.615644 2 3 3
111.777 0.615718 0.615718 2 3 3
111.827 0.615793 0.615793 2 3 3
111.877 0.615867 0.615867 2 3 3
111.927 0.615942 0.615942 2 3 3
111.977 0.616017 0.616017 2 3 3
112.027 0.616091 0.616091 2 3 3
112.077 0.616166 0.616166 2 3 3
112.127 0.616241 0.616241 2 3 3
112.177 0.616315 0.616315 2 3 3
112.227 0.61639 0.61639 2 3 3
112.277 0.616465 0.616465 2 3 3
112.327 0.616539 0.616539 2 3 3
112.377 0.616614 0.616614 2 3 3
112.427 0.616689 0.616689 2 3 3
112.477 0.616764 0.616764 2 3 3
112.527 0.616838 0.616838 2 3 3
112.577 0.616913 0.616913 2 3 3
112.627 0.616988 0.616988 2 3 3
112.677 0.617063 0.617063 2 3 3
112.727 0.617137 0.617137 2 3 3
112.777 0.617212 0.617212 2 3 3
112.827 0.617287 0.617287 2 3 3
112.877 0.617362 0.617362 2 3 3
112.927 0.617437 0.617437 2 3 3
112.977 0.617512 0.617512 2 3 3
113.027 0.617586 0.617586 2 3 3
113.077 0.617661 0.617661 2 3 3
113.127 0.617736 0.617736 2 3 3
113.177 0.617811 0.617811 2 3 3
113.227 0.617886 0.617886 2 3 3
113.277 0.617961 0.617961 2 3 3
113.327 0.618036 0.618036 2 3 3
113.377 0.618111 0.618111 2 3 3
113.427 0.618185 0.618185 2 3 3
113.477 0.61826 0.61826 2 3 3
113.527 0.618335 0.618335 2 3 3
113.577 0.61841 0.61841 2 3 3
113.627 0.618485 0.618485 2 3 3
113.677 0.61856 0.61856 2 3 3
113.727 0.618635 0.618635 2 3 3
113.777 0.61871 0.61871 2 3 3
113.827 0.618785 0.618785 2 3 3
113.877 0.61886 0.61886 2 3 3
113.927 0.618935 0.618935 2 3 3
113.977 0.61901 0.61901 2 3 3
114.027 0.619085 0.619085 2 3 3
114.077 0.61916 0.61916 2 3 3
114.127 0.619235 0.619235 2 3 3
114.177 0.61931 0.61931 2 3 3
114.227 0.619385 0.619385 2 3 3
114.277 0.61946 0.61946 2 3 3
114.327 0.619535 0.619535 2 3 3
114.377 0.61961 0.61961 2 3 3
114.427 0.619686 0.619686 2 3 3
114.477 0.619761 0.619761 2 3 3
114.527 0.619836 0.619836 2 3 3
114.577 0.619911 0.619911 2 3 3
114.627 0.619986 0.619986 2 3 3
114.677 0.620061 0.620061 2 3 3
114.727 0.620136 0.620136 2 3 3
114.777 0.620211 0.620211 2 3 3
114.827 0.620287 0.620287 2 3 3
114.877 0.620362 0.620362 2 3 3
114.927 0.620437 0.620437 2 3 3
114.977 0.620512 0.620512 2 3 3
115.027 0.620587 0.620587 2 3 3
115.077 0.620662 0.620662 2 3 3
115.127 0.620738 0.620738 2 3 3
115.177 0.620813 0.620813 2 3 3
115.227 0.620888 0.620888 2 3 3
115.277 0.620963 0.620963 2 3 3
115.327 0.621038 0.621038 2 3 3
115.377 0.621114 0.621114 2 3 3
115.427 0.621189 0.621189 2 3 3
115.477 0.621264 0.621264 2 3 3
115.527 0.621339 0.621339 2 3 3
115.577 0.621415 0.621415 2 3 3
115.627 0.62149 0.62149 2 3 3
115.677 0.621565 0.621565 2 3 3
115.727 0.62164 0.62164 2 3 3
115.777 0.621716 0.621716 2 3 3
115.827 0.621791 0.621791 2 3 3
115.877 0.621866 0.621866 2 3 3
115.927 0.621941 0.621941 2 3 3
115.977 0.622017 0.622017 2 3 3
116.027 0.622092 0.622092 2 3 3
116.077 0.622167 0.622167 2 3 3
116.127 0.622243 0.622243 2 3 3
116.177 0.622318 0.622318 2 3 3
116.227 0.622393 0.622393 2 3 3
116.277 0.622469 0.622469 2 3 3
116.327 0.622544 0.622544 2 3 3
116.377 0.622619 0.622619 2 3 3
116.427 0.622695 0.622695 2 3 3
116.477 0.62277 0.62277 2 3 3
116.527 0.622845 0.622845 2 3 3
116.577 0.622921 0.622921 2 3 3
116.627 0.622996 0.622996 2 3 3
116.677 0.623072 0.623072 2 3 3
116.727 0.623147 0.623147 2 3 3
116.777 0.623222 0.623222 2 3 3
116.827 0.623298 0.623298 2 3 3
116.877 0.623373 0.623373 2 3 3
116.927 0.623449 0.623449 2 3 3
116.977 0.623524 0.623524 2 3 3
117.027 0.623599 0.623599 2 3 3
117.077 0.623675 0.623675 2 3 3
117.127 0.62375 0.62375 2 3 3
117.177 0.623826 0.623826 2 3 3
117.227 0.623901 0.623901 2 3 3
117.277 0.623977 0.623977 2 3 3
117.327 0.624052 0.624052 2 3 3
117.377 0.624128 0.624128 2 3 3
117.427 0.624203 0.624203 2 3 3
117.477 0.624279 0.624279 2 3 3
117.527 0.624354 0.624354 2 3 3
117.577 0.624429 0.624429 2 3 3
117.627 0.624505 0.624505 2 3 3
117.677 0.62458 0.62458 2 3 3
117.727 0.624656 0.624656 2 3 3
117.777 0.624731 0.624731 2 3 3
117.827 0.624807 0.624807 2 3 3
117.877 0.624882 0.624882 2 3 3
117.927 0.624958 0.624958 2 3 3
117.977 0.625033 0.625033 2 3 3
118.027 0.625109 0.625109 2 3 3
118.077 0.625185 0.625185 2 3 3
118.127 0.62526 0.62526 2 3 3
118.177 0.625336 0.625336 2 3 3
118.227 0.625411 0.625411 2 3 3
118.277 0.625487 0.625487 2 3 3
118.327 0.625562 0.625562 2 3 3
118.377 0.625638 0.625638 2 3 3
118.427 0.625713 0.625713 2 3 3
118.477 0.625789 0.625789 2 3 3
118.527 0.625864 0.625864 2 3 3
118.577 0.62594 0.62594 2 3 3
118.627 0.626016 0.626016 2 3 3
118.677 0.626091 0.626091 2 3 3
118.727 0.626167 0.626167 2 3 3
118.777 0.626242 0.626242 2 3 3
118.827 0.626318 0.626318 2 3 3
118.877 0.626393 0.626393 2 3 3
118.927 0.626469 0.626469 2 3 3
118.977 0.626545 0.626545 2 3 3
119.027 0.62662 0.62662 2 3 3
119.077 0.626696 0.626696 2 3 3
119.127 0.626772 0.626772 2 3 3
119.177 0.626847 0.626847 2 3 3
119.227 0.626923 0.626923 2 3 3
119.277 0.626998 0.626998 2 3 3
119.327 0.627074 0.627074 2 3 3
119.377 0.62715 0.62715 2 3 3
119.427 0.627225 0.627225 2 3 3
119.477 0.627301 0.627301 2 3 3
119.527 0.627377 0.627377 2 3 3
119.577 0.627452 0.627452 2 3 3
119.627 0.627528 0.627528 2 3 3
119.677 0.627603 0.627603 2 3 3
119.727 0.627679 0.627679 2 3 3
119.777 0.627755 0.627755 2 3 3
119.827 0.62783 0.62783 2 3 3
119.877 0.627906 0.627906 2 3 3
119.927 0.627982 0.627982 2 3 3
119.977 0.628057 0.628057 2 3 3
120.027 0.628133 0.628133 2 3 3
120.077 0.628209 0.628209 2 3 3
120.127 0.628284 0.628284 2 3 3
120.177 0.62836 0.62836 2 3 3
120.227 0.628436 0.628436 2 3 3
120.277 0.628511 0.628511 2 3 3
120.327 0.628587 0.628587 2 3 3
120.377 0.628663 0.628663 2 3 3
120.427 0.628739 0.628739 2 3 3
120.477 0.628814 0.628814 2 3 3
120.527 0.62889 0.62889 2 3 3
120.577 0.628966 0.628966 2 3 3
120.627 0.629041 0.629041 2 3 3
120.677 0.629117 0.629117 2 3 3
120.727 0.629193 0.629193 2 3 3
120.777 0.629268 0.629268 2 3 3
120.827 0.629344 0.629344 2 3 3
120.877 0.62942 0.62942 2 3 3
120.927 0.629496 0.629496 2 3 3
120.977 0.629571 0.629571 2 3 3
121.027 0.629647 0.629647 2 3 3
121.077 0.629723 0.629723 2 3 3
121.127 0.629798 0.629798 2 3 3
121.177 0.629874 0.629874 2 3 3
121.227 0.62995 0.62995 2 3 3
121.277 0.630026 0.630026 2 3 3
121.327 0.630101 0.630101 2 3 3
121.377 0.630177 0.630177 2 3 3
121.427 0.630253 0.630253 2 3 3
121.477 0.630329 0.630329 2 3 3
121.527 0.630404 0.630404 2 3 3
121.577 0.63048 0.63048 2 3 3
121.627 0.630556 0.630556 2 3 3
121.677 0.630632 0.630632 2 3 3
121.727 0.630707 0.630707 2 3 3
121.777 0.630783 0.630783 2 3 3
121.827 0.630859 0.630859 2 3 3
121.877 0.630935 0.630935 2 3 3
121.927 0.63101 0.63101 2 3 3
121.977 0.631086 0.631086 2 3 3
122.027 0.631162 0.631162 2 3 3
122.077 0.631238 0.631238 2 3 3
122.127 0.631313 0.631313 2 3 3
122.177 0.631389 0.631389 2 3 3
122.227 0.631465 0.631465 2 3 3
122.277 0.631541 0.631541 2 3 3
122.327 0.631616 0.631616 2 3 3
122.377 0.631692 0.631692 2 3 3
122.427 0.631768 0.631768 2 3 3
122.477 0.631844 0.631844 2 3 3
122.527 0.63192 0.63192 2 3 3
122.577 0.631995 0.631995 2 3 3
122.627 0.632071 0.632071 2 3 3
122.677 0.632147 0.632147 2 3 3
122.727 0.632223 0.632223 2 3 3
122.777 0.632298 0.632298 2 3 3
122.827 0.632374 0.632374 2 3 3
122.877 0.63245 0.63245 2 3 3
122.927 0.632526 0.632526 2 3 3
122.977 0.632602 0.632602 2 3 3
123.027 0.632677 0.632677 2 3 3
123.077 0.632753 0.632753 2 3 3
123.127 0.632829 0.632829 2 3 3
123.177 0.632905 0.632905 2 3 3
123.227 0.63298 0.63298 2 3 3
123.277 0.633056 0.633056 2 3 3
123.327 0.633132 0.633132 2 3 3
123.377 0.633208 0.633208 2 3 3
123.427 0.633284 0.633284 2 3 3
123.477 0.633359 0.633359 2 3 3
123.527 0.633435 0.633435 2 3 3
123.577 0.633511 0.633511 2 3 3
123.627 0.633587 0.633587 2 3 3
123.677 0.633663 0.633663 2 3 3
123.727 0.633738 0.633738 2 3 3
123.777 0.633814 0.633814 2 3 3
123.827 0.63389 0.63389 2 3 3
123.877 0.633966 0.633966 2 3 3
123.927 0.634042 0.634042 2 3 3
123.977 0.634117 0.634117 2 3 3
124.027 0.634193 0.634193 2 3 3
124.077 0.634269 0.634269 2 3 3
124.127 0.634345 0.634345 2 3 3
124.177 0.634421 0.634421 2 3 3
124.227 0.634496 0.634496 2 3 3
124.277 0.634572 0.634572 2 3 3
124.327 0.634648 0.634648 2 3 3
124.377 0.634724 0.634724 2 3 3
124.427 0.6348 0.6348 2 3 3
124.477 0.634875 0.634875 2 3 3
124.527 0.634951 0.634951 2 3 3
124.577 0.635027 0.635027 2 3 3
124.627 0.635103 0.635103 2 3 3
124.677 0.635179 0.635179 2 3 3
124.727 0.635254 0.635254 2 3 3
124.777 0.63533 0.63533 2 3 3
124.827 0.635406 0.635406 2 3 3
124.877 0.635482 0.635482 2 3 3
124.927 0.635558 0.635558 2 3 3
124.977 0.635633 0.635633 2 3 3
125.027 0.635709 0.635709 2 3 3
125.077 0.635785 0.635785 2 3 3
125.127 0.635861 0.635861 2 3 3
125.177 0.635937 0.635937 2 3 3
125.227 0.636012 0.636012 2 3 3
125.277 0.636088 0.636088 2 3 3
125.327 0.636164 0.636164 2 3 3
125.377 0.63624 0.63624 2 3 3
125.427 0.636316 0.636316 2 3 3
125.477 0.636391 0.636391 2 3 3
125.527 0.636467 0.636467 2 3 3
125.577 0.636543 0.636543 2 3 3
125.627 0.636619 0.636619 2 3 3
125.677 0.636695 0.636695 2 3 3
125.727 0.63677 0.63677 2 3 3
125.777 0.636846 0.636846 2 3 3
125.827 0.636922 0.636922 2 3 3
125.877 0.636998 0.636998 2 3 3
125.927 0.637073 0.637073 2 3 3
125.977 0.637149 0.637149 2 3 3
126.027 0.637225 0.637225 2 3 3
126.077 0.637301 0.637301 2 3 3
126.127 0.637377 0.637377 2 3 3
126.177 0.637452 0.637452 2 3 3
126.227 0.637528 0.637528 2 3 3
126.277 0.637604 0.637604 2 3 3
126.327 0.63768 0.63768 2 3 3
126.377 0.637756 0.637756 2 3 3
126.427 0.637831 0.637831 2 3 3
126.477 0.637907 0.637907 2 3 3
126.527 0.637983 0.637983 2 3 3
126.577 0.638059 0.638059 2 3 3
126.627 0.638135 0.638135 2 3 3
126.677 0.63821 0.63821 2 3 3
126.727 0.638286 0.638286 2 3 3
126.777 0.638362 0.638362 2 3 3
126.827 0.638438 0.638438 2 3 3
126.877 0.638513 0.638513 2 3 3
126.927 0.638589 0.638589 2 3 3
126.977 0.638665 0.638665 2 3 3
127.027 0.638741 0.638741 2 3 3
127.077 0.638816 0.638816 2 3 3
127.127 0.638892 0.638892 2 3 3
127.177 0.638968 0.638968 2 3 3
127.227 0.639044 0.639044 2 3 3
127.277 0.63912 0.63912 2 3 3
127.327 0.639195 0.639195 2 3 3
127.377 0.639271 0.639271 2 3 3
127.427 0.639347 0.639347 2 3 3
127.477 0.639423 0.639423 2 3 3
127.527 0.639498 0.639498 2 3 3
127.577 0.639574 0.639574 2 3 3
127.627 0.63965 0.63965 2 3 3
127.677 0.639726 0.639726 2 3 3
127.727 0.639801 0.639801 2 3 3
127.777 0.639877 0.639877 2 3 3
127.827 0.639953 0.639953 2 3 3
127.877 0.640029 0.640029 2 3 3
127.927 0.640104 0.640104 2 3 3
127.977 0.64018 0.64018 2 3 3
128.027 0.640256 0.640256 2 3 3
128.077 0.640332 0.640332 2 3 3
128.127 0.640407 0.640407 2 3 3
128.177 0.640483 0.640483 2 3 3
128.227 0.640559 0.640559 2 3 3
128.277 0.640635 0.640635 2 3 3
128.327 0.64071 0.64071 2 3 3
128.377 0.640786 0.640786 2 3 3
128.427 0.640862 0.640862 2 3 3
128.477 0.640937 0.640937 2 3 3
128.527 0.641013 0.641013 2 3 3
128.577 0.641089 0.641089 2 3 3
128.627 0.641165 0.641165 2 3 3
128.677 0.64124 0.64124 2 3 3
128.727 0.641316 0.641316 2 3 3
128.777 0.641392 0.641392 2 3 3
128.827 0.641468 0.641468 2 3 3
128.877 0.641543 0.641543 2 3 3
128.927 0.641619 0.641619 2 3 3
128.977 0.641695 0.641695 2 3 3
129.027 0.64177 0.64177 2 3 3
129.077 0.641846 0.641846 2 3 3
129.127 0.641922 0.641922 2 3 3
129.177 0.641997 0.641997 2 3 3
129.227 0.642073 0.642073 2 3 3
129.277 0.642149 0.642149 2 3 3
129.327 0.642225 0.642225 2 3 3
129.377 0.6423 0.6423 2 3 3
129.427 0.642376 0.642376 2 3 3
129.477 0.642452 0.642452 2 3 3
129.527 0.642527 0.642527 2 3 3
129.577 0.642603 0.642603 2 3 3
129.627 0.642679 0.642679 2 3 3
129.677 0.642754 0.642754 2 3 3
129.727 0.64283 0.64283 2 3 3
129.777 0.642906 0.642906 2 3 3
129.827 0.642981 0.642981 2 3 3
129.877 0.643057 0.643057 2 3 3
129.927 0.643133 0.643133 2 3 3
129.977 0.643208 0.643208 2 3 3
130.027 0.643284 0.643284 2 3 3
130.077 0.64336 0.64336 2 3 3
130.127 0.643435 0.643435 2 3 3
130.177 0.643511 0.643511 2 3 3
130.227 0.643587 0.643587 2 3 3
130.277 0.643662 0.643662 2 3 3
130.327 0.643738 0.643738 2 3 3
130.377 0.643814 0.643814 2 3 3
130.427 0.643889 0.643889 2 3 3
130.477 0.643965 0.643965 2 3 3
130.527 0.644041 0.644041 2 3 3
130.577 0.644116 0.644116 2 3 3
130.627 0.644192 0.644192 2 3 3
130.677 0.644267 0.644267 2 3 3
130.727 0.644343 0.644343 2 3 3
130.777 0.644419 0.644419 2 3 3
130.827 0.644494 0.644494 2 3 3
130.877 0.64457 0.64457 2 3 3
130.927 0.644645 0.644645 2 3 3
130.977 0.644721 0.644721 2 3 3
131.027 0.644797 0.644797 2 3 3
131.077 0.644872 0.644872 2 3 3
131.127 0.644948 0.644948 2 3 3
131.177 0.645024 0.645024 2 3 3
131.227 0.645099 0.645099 2 3 3
131.277 0.645175 0.645175 2 3 3
131.327 0.64525 0.64525 2 3 3
131.377 0.645326 0.645326 2 3 3
131.427 0.645401 0.645401 2 3 3
131.477 0.645477 0.645477 2 3 3
131.527 0.645553 0.645553 2 3 3
131.577 0.645628 0.645628 2 3 3
131.627 0.645704 0.645704 2 3 3
131.677 0.645779 0.645779 2 3 3
131.727 0.645855 0.645855 2 3 3
131.777 0.64593 0.64593 2 3 3
131.827 0.646006 0.646006 2 3 3
131.877 0.646082 0.646082 2 3 3
131.927 0.646157 0.646157 2 3 3
131.977 0.646233 0.646233 2 3 3
132.027 0.646308 0.646308 2 3 3
132.077 0.646384 0.646384 2 3 3
132.127 0.646459 0.646459 2 3 3
132.177 0.646535 0.646535 2 3 3
132.227 0.64661 0.64661 2 3 3
132.277 0.646686 0.646686 2 3 3
132.327 0.646761 0.646761 2 3 3
132.377 0.646837 0.646837 2 3 3
132.427 0.646913 0.646913 2 3 3
132.477 0.646988 0.646988 2 3 3
132.527 0.647064 0.647064 2 3 3
132.577 0.647139 0.647139 2 3 3
132.627 0.647215 0.647215 2 3 3
132.677 0.64729 0.64729 2 3 3
132.727 0.647366 0.647366 2 3 3
132.777 0.647441 0.647441 2 3 3
132.827 0.647517 0.647517 2 3 3
132.877 0.647592 0.647592 2 3 3
132.927 0.647668 0.647668 2 3 3
132.977 0.647743 0.647743 2 3 3
133.027 0.647819 0.647819 2 3 3
133.077 0.647894 0.647894 2 3 3
133.127 0.647969 0.647969 2 3 3
133.177 0.648045 0.648045 2 3 3
133.227 0.64812 0.64812 2 3 3
133.277 0.648196 0.648196 2 3 3
133.327 0.648271 0.648271 2 3 3
133.377 0.648347 0.648347 2 3 3
133.427 0.648422 0.648422 2 3 3
133.477 0.648498 0.648498 2 3 3
133.527 0.648573 0.648573 2 3 3
133.577 0.648649 0.648649 2 3 3
133.627 0.648724 0.648724 2 3 3
133.677 0.648799 0.648799 2 3 3
133.727 0.648875 0.648875 2 3 3
133.777 0.64895 0.64895 2 3 3
133.827 0.649026 0.649026 2 3 3
133.877 0.649101 0.649101 2 3 3
133.927 0.649177 0.649177 2 3 3
133.977 0.649252 0.649252 2 3 3
134.027 0.649327 0.649327 2 3 3
134.077 0.649403 0.649403 2 3 3
134.127 0.649478 0.649478 2 3 3
134.177 0.649554 0.649554 2 3 3
134.227 0.649629 0.649629 2 3 3
134.277 0.649704 0.649704 2 3 3
134.327 0.64978 0.64978 2 3 3
134.377 0.649855 0.649855 2 3 3
134.427 0.64993 0.64993 2 3 3
134.477 0.650006 0.650006 2 3 3
134.527 0.650081 0.650081 2 3 3
134.577 0.650157 0.650157 2 3 3
134.627 0.650232 0.650232 2 3 3
134.677 0.650307 0.650307 2 3 3
134.727 0.650383 0.650383 2 3 3
134.777 0.650458 0.650458 2 3 3
134.827 0.650533 0.650533 2 3 3
134.877 0.650609 0.650609 2 3 3
134.927 0.650684 0.650684 2 3 3
134.977 0.650759 0.650759 2 3 3
135.027 0.650835 0.650835 2 3 3
135.077 0.65091 0.65091 2 3 3
135.127 0.650985 0.650985 2 3 3
135.177 0.651061 0.651061 2 3 3
135.227 0.651136 0.651136 2 3 3
135.277 0.651211 0.651211 2 3 3
135.327 0.651286 0.651286 2 3 3
135.377 0.651362 0.651362 2 3 3
135.427 0.651437 0.651437 2 3 3
135.477 0.651512 0.651512 2 3 3
135.527 0.651588 0.651588 2 3 3
135.577 0.651663 0.651663 2 3 3
135.627 0.651738 0.651738 2 3 3
135.677 0.651813 0.651813 2 3 3
135.727 0.651889 0.651889 2 3 3
135.777 0.651964 0.651964 2 3 3
135.827 0.652039 0.652039 2 3 3
135.877 0.652114 0.652114 2 3 3
135.927 0.65219 0.65219 2 3 3
135.977 0.652265 0.652265 2 3 3
136.027 0.65234 0.65234 2 3 3
136.077 0.652415 0.652415 2 3 3
136.127 0.652491 0.652491 2 3 3
136.177 0.652566 0.652566 2 3 3
136.227 0.652641 0.652641 2 3 3
136.277 0.652716 0.652716 2 3 3
136.327 0.652792 0.652792 2 3 3
136.377 0.652867 0.652867 2 3 3
136.427 0.652942 0.652942 2 3 3
136.477 0.653017 0.653017 2 3 3
136.527 0.653092 0.653092 2 3 3
136.577 0.653168 0.653168 2 3 3
136.627 0.653243 0.653243 2 3 3
136.677 0.653318 0.653318 2 3 3
136.727 0.653393 0.653393 2 3 3
136.777 0.653468 0.653468 2 3 3
136.827 0.653543 0.653543 2 3 3
136.877 0.653619 0.653619 2 3 3
136.927 0.653694 0.653694 2 3 3
136.977 0.653769 0.653769 2 3 3
137.027 0.653844 0.653844 2 3 3
137.077 0.653919 0.653919 2 3 3
137.127 0.653994 0.653994 2 3 3
137.177 0.654069 0.654069 2 3 3
137.227 0.654145 0.654145 2 3 3
137.277 0.65422 0.65422 2 3 3
137.327 0.654295 0.654295 2 3 3
137.377 0.65437 0.65437 2 3 3
137.427 0.654445 0.654445 2 3 3
137.477 0.65452 0.65452 2 3 3
137.527 0.654595 0.654595 2 3 3
137.577 0.65467 0.65467 2 3 3
137.627 0.654745 0.654745 2 3 3
137.677 0.654821 0.654821 2 3 3
137.727 0.654896 0.654896 2 3 3
137.777 0.654971 0.654971 2 3 3
137.827 0.655046 0.655046 2 3 3
137.877 0.655121 0.655121 2 3 3
137.927 0.655196 0.655196 2 3 3
137.977 0.655271 0.655271 2 3 3
138.027 0.655346 0.655346 2 3 3
138.077 0.655421 0.655421 2 3 3
138.127 0.655496 0.655496 2 3 3
138.177 0.655571 0.655571 2 3 3
138.227 0.655646 0.655646 2 3 3
138.277 0.655721 0.655721 2 3 3
138.327 0.655796 0.655796 2 3 3
138.377 0.655871 0.655871 2 3 3
138.427 0.655946 0.655946 2 3 3
138.477 0.656021 0.656021 2 3 3
138.527 0.656096 0.656096 2 3 3
138.577 0.656171 0.656171 2 3 3
138.627 0.656246 0.656246 2 3 3
138.677 0.656321 0.656321 2 3 3
138.727 0.656396 0.656396 2 3 3
138.777 0.656471 0.656471 2 3 3
138.827 0.656546 0.656546 2 3 3
138.877 0.656621 0.656621 2 3 3
138.927 0.656696 0.656696 2 3 3
138.977 0.656771 0.656771 2 3 3
139.027 0.656846 0.656846 2 3 3
139.077 0.656921 0.656921 2 3 3
139.127 0.656996 0.656996 2 3 3
139.177 0.657071 0.657071 2 3 3
139.227 0.657146 0.657146 2 3 3
139.277 0.657221 0.657221 2 3 3
139.327 0.657296 0.657296 2 3 3
139.377 0.65737 0.65737 2 3 3
139.427 0.657445 0.657445 2 3 3
139.477 0.65752 0.65752 2 3 3
139.527 0.657595 0.657595 2 3 3
139.577 0.65767 0.65767 2 3 3
139.627 0.657745 0.657745 2 3 3
139.677 0.65782 0.65782 2 3 3
139.727 0.657895 0.657895 2 3 3
139.777 0.65797 0.65797 2 3 3
139.827 0.658044 0.658044 2 3 3
139.877 0.658119 0.658119 2 3 3
139.927 0.658194 0.658194 2 3 3
139.977 0.658269 0.658269 2 3 3
140.027 0.658344 0.658344 2 3 3
140.077 0.658419 0.658419 2 3 3
140.127 0.658494 0.658494 2 3 3
140.177 0.658568 0.658568 2 3 3
140.227 0.658643 0.658643 2 3 3
140.277 0.658718 0.658718 2 3 3
140.327 0.658793 0.658793 2 3 3
140.377 0.658868 0.658868 2 3 3
140.427 0.658942 0.658942 2 3 3
140.477 0.659017 0.659017 2 3 3
140.527 0.659092 0.659092 2 3 3
140.577 0.659167 0.659167 2 3 3
140.627 0.659242 0.659242 2 3 3
140.677 0.659316 0.659316 2 3 3
140.727 0.659391 0.659391 2 3 3
140.777 0.659466 0.659466 2 3 3
140.827 0.659541 0.659541 2 3 3
140.877 0.659615 0.659615 2 3 3
140.927 0.65969 0.65969 2 3 3
140.977 0.659765 0.659765 2 3 3
141.027 0.65984 0.65984 2 3 3
141.077 0.659914 0.659914 2 3 3
141.127 0.659989 0.659989 2 3 3
141.177 0.660064 0.660064 2 3 3
141.227 0.660138 0.660138 2 3 3
141.277 0.660213 0.660213 2 3 3
141.327 0.660288 0.660288 2 3 3
141.377 0.660363 0.660363 2 3 3
141.427 0.660437 0.660437 2 3 3
141.477 0.660512 0.660512 2 3 3
141.527 0.660587 0.660587 2 3 3
141.577 0.660661 0.660661 2 3 3
141.627 0.660736 0.660736 2 3 3
141.677 0.660811 0.660811 2 3 3
141.727 0.660885 0.660885 2 3 3
141.777 0.66096 0.66096 2 3 3
141.827 0.661035 0.661035 2 3 3
141.877 0.661109 0.661109 2 3 3
141.927 0.661184 0.661184 2 3 3
141.977 0.661258 0.661258 2 3 3
142.027 0.661333 0.661333 2 3 3
142.077 0.661408 0.661408 2 3 3
142.127 0.661482 0.661482 2 3 3
142.177 0.661557 0.661557 2 3 3
142.227 0.661631 0.661631 2 3 3
142.277 0.661706 0.661706 2 3 3
142.327 0.661781 0.661781 2 3 3
142.377 0.661855 0.661855 2 3 3
142.427 0.66193 0.66193 2 3 3
142.477 0.662004 0.662004 2 3 3
142.527 0.662079 0.662079 2 3 3
142.577 0.662154 0.662154 2 3 3
142.627 0.662228 0.662228 2 3 3
142.677 0.662303 0.662303 2 3 3
142.727 0.662377 0.662377 2 3 3
142.777 0.662452 0.662452 2 3 3
142.827 0.662526 0.662526 2 3 3
142.877 0.662601 0.662601 2 3 3
142.927 0.662675 0.662675 2 3 3
142.977 0.66275 0.66275 2 3 3
143.027 0.662824 0.662824 2 3 3
143.077 0.662899 0.662899 2 3 3
143.127 0.662973 0.662973 2 3 3
143.177 0.663048 0.663048 2 3 3
143.227 0.663122 0.663122 2 3 3
143.277 0.663197 0.663197 2 3 3
143.327 0.663271 0.663271 2 3 3
143.377 0.663346 0.663346 2 3 3
143.427 0.66342 0.66342 2 3 3
143.477 0.663494 0.663494 2 3 3
143.527 0.663569 0.663569 2 3 3
143.577 0.663643 0.663643 2 3 3
143.627 0.663718 0.663718 2 3 3
143.677 0.663792 0.663792 2 3 3
143.727 0.663867 0.663867 2 3 3
143.777 0.663941 0.663941 2 3 3
143.827 0.664015 0.664015 2 3 3
143.877 0.66409 0.66409 2 3 3
143.927 0.664164 0.664164 2 3 3
143.977 0.664239 0.664239 2 3 3
144.027 0.664313 0.664313 2 3 3
144.077 0.664387 0.664387 2 3 3
144.127 0.664462 0.664462 2 3 3
144.177 0.664536 0.664536 2 3 3
144.227 0.66461 0.66461 2 3 3
144.277 0.664685 0.664685 2 3 3
144.327 0.664759 0.664759 2 3 3
144.377 0.664833 0.664833 2 3 3
144.427 0.664908 0.664908 2 3 3
144.477 0.664982 0.664982 2 3 3
144.527 0.665056 0.665056 2 3 3
144.577 0.665131 0.665131 2 3 3
144.627 0.665205 0.665205 2 3 3
144.677 0.665279 0.665279 2 3 3
144.727 0.665354 0.665354 2 3 3
144.777 0.665428 0.665428 2 3 3
144.827 0.665502 0.665502 2 3 3
144.877 0.665576 0.665576 2 3 3
144.927 0.665651 0.665651 2 3 3
144.977 0.665725 0.665725 2 3 3
145.027 0.665799 0.665799 2 3 3
145.077 0.665874 0.665874 2 3 3
145.127 0.665948 0.665948 2 3 3
145.177 0.666022 0.666022 2 3 3
145.227 0.666096 0.666096 2 3 3
145.277 0.66617 0.66617 2 3 3
145.327 0.666245 0.666245 2 3 3
145.377 0.666319 0.666319 2 3 3
145.427 0.666393 0.666393 2 3 3
145.477 0.666467 0.666467 2 3 3
145.527 0.666541 0.666541 2 3 3
145.577 0.666616 0.666616 2 3 3
145.627 0.66669 0.66669 2 3 3
145.677 0.666764 0.666764 2 3 3
145.727 0.666838 0.666838 2 3 3
145.777 0.666912 0.666912 2 3 3
145.827 0.666986 0.666986 2 3 3
145.877 0.667061 0.667061 2 3 3
145.927 0.667135 0.667135 2 3 3
145.977 0.667209 0.667209 2 3 3
146.027 0.667283 0.667283 2 3 3
146.077 0.667357 0.667357 2 3 3
146.127 0.667431 0.667431 2 3 3
146.177 0.667505 0.667505 2 3 3
146.227 0.667579 0.667579 2 3 3
146.277 0.667654 0.667654 2 3 3
146.327 0.667728 0.667728 2 3 3
146.377 0.667802 0.667802 2 3 3
146.427 0.667876 0.667876 2 3 3
146.477 0.66795 0.66795 2 3 3
146.527 0.668024 0.668024 2 3 3
146.577 0.668098 0.668098 2 3 3
146.627 0.668172 0.668172 2 3 3
146.677 0.668246 0.668246 2 3 3
146.727 0.66832 0.66832 2 3 3
146.777 0.668394 0.668394 2 3 3
146.827 0.668468 0.668468 2 3 3
146.877 0.668542 0.668542 2 3 3
146.927 0.668616 0.668616 2 3 3
146.977 0.66869 0.66869 2 3 3
147.027 0.668764 0.668764 2 3 3
147.077 0.668838 0.668838 2 3 3
147.127 0.668912 0.668912 2 3 3
147.177 0.668986 0.668986 2 3 3
147.227 0.66906 0.66906 2 3 3
147.277 0.669134 0.669134 2 3 3
147.327 0.669208 0.669208 2 3 3
147.377 0.669282 0.669282 2 3 3
147.427 0.669356 0.669356 2 3 3
147.477 0.66943 0.66943 2 3 3
147.527 0.669504 0.669504 2 3 3
147.577 0.669578 0.669578 2 3 3
147.627 0.669652 0.669652 2 3 3
147.677 0.669726 0.669726 2 3 3
147.727 0.669799 0.669799 2 3 3
147.777 0.669873 0.669873 2 3 3
147.827 0.669947 0.669947 2 3 3
147.877 0.670021 0.670021 2 3 3
147.927 0.670095 0.670095 2 3 3
147.977 0.670169 0.670169 2 3 3
148.027 0.670243 0.670243 2 3 3
148.077 0.670317 0.670317 2 3 3
148.127 0.67039 0.67039 2 3 3
148.177 0.670464 0.670464 2 3 3
148.227 0.670538 0.670538 2 3 3
148.277 0.670612 0.670612 2 3 3
148.327 0.670686 0.670686 2 3 3
148.377 0.67076 0.67076 2 3 3
148.427 0.670833 0.670833 2 3 3
148.477 0.670907 0.670907 2 3 3
148.527 0.670981 0.670981 2 3 3
148.577 0.671055 0.671055 2 3 3
148.627 0.671129 0.671129 2 3 3
148.677 0.671202 0.671202 2 3 3
148.727 0.671276 0.671276 2 3 3
148.777 0.67135 0.67135 2 3 3
148.827 0.671424 0.671424 2 3 3
148.877 0.671497 0.671497 2 3 3
148.927 0.671571 0.671571 2 3 3
148.977 0.671645 0.671645 2 3 3
149.027 0.671719 0.671719 2 3 3
149.077 0.671792 0.671792 2 3 3
149.127 0.671866 0.671866 2 3 3
149.177 0.67194 0.67194 2 3 3
149.227 0.672013 0.672013 2 3 3
149.277 0.672087 0.672087 2 3 3
149.327 0.672161 0.672161 2 3 3
149.377 0.672234 0.672234 2 3 3
149.427 0.672308 0.672308 2 3 3
149.477 0.672382 0.672382 2 3 3
149.527 0.672455 0.672455 2 3 3
149.577 0.672529 0.672529 2 3 3
149.627 0.672603 0.672603 2 3 3
149.677 0.672676 0.672676 2 3 3
149.727 0.67275 0.67275 2 3 3
149.777 0.672824 0.672824 2 3 3
149.827 0.672897 0.672897 2 3 3
149.877 0.672971 0.672971 2 3 3
149.927 0.673044 0.673044 2 3 3
149.977 0.673118 0.673118 2 3 3
150.027 0.673192 0.673192 2 3 3
150.077 0.673265 0.673265 2 3 3
150.127 0.673339 0.673339 2 3 3
150.177 0.673412 0.673412 2 3 3
150.227 0.673486 0.673486 2 3 3
150.277 0.673559 0.673559 2 3 3
150.327 0.673633 0.673633 2 3 3
150.377 0.673707 0.673707 2 3 3
150.427 0.67378 0.67378 2 3 3
150.477 0.673854 0.673854 2 3 3
150.527 0.673927 0.673927 2 3 3
150.577 0.674001 0.674001 2 3 3
150.627 0.674074 0.674074 2 3 3
150.677 0.674148 0.674148 2 3 3
150.727 0.674221 0.674221 2 3 3
150.777 0.674295 0.674295 2 3 3
150.827 0.674368 0.674368 2 3 3
150.877 0.674442 0.674442 2 3 3
150.927 0.674515 0.674515 2 3 3
150.977 0.674588 0.674588 2 3 3
151.027 0.674662 0.674662 2 3 3
151.077 0.674735 0.674735 2 3 3
151.127 0.674809 0.674809 2 3 3
151.177 0.674882 0.674882 2 3 3
151.227 0.674956 0.674956 2 3 3
151.277 0.675029 0.675029 2 3 3
151.327 0.675102 0.675102 2 3 3
151.377 0.675176 0.675176 2 3 3
151.427 0.675249 0.675249 2 3 3
151.477 0.675323 0.675323 2 3 3
151.527 0.675396 0.675396 2 3 3
151.577 0.675469 0.675469 2 3 3
151.627 0.675543 0.675543 2 3 3
151.677 0.675616 0.675616 2 3 3
151.727 0.675689 0.675689 2 3 3
151.777 0.675763 0.675763 2 3 3
151.827 0.675836 0.675836 2 3 3
151.877 0.675909 0.675909 2 3 3
151.927 0.675983 0.675983 2 3 3
151.977 0.676056 0.676056 2 3 3
152.027 0.676129 0.676129 2 3 3
152.077 0.676203 0.676203 2 3 3
152.127 0.676276 0.676276 2 3 3
152.177 0.676349 0.676349 2 3 3
152.227 0.676422 0.676422 2 3 3
152.277 0.676496 0.676496 2 3 3
152.327 0.676569 0.676569 2 3 3
152.377 0.676642 0.676642 2 3 3
152.427 0.676715 0.676715 2 3 3
152.477 0.676789 0.676789 2 3 3
152.527 0.676862 0.676862 2 3 3
152.577 0.676935 0.676935 2 3 3
152.627 0.677008 0.677008 2 3 3
152.677 0.677082 0.677082 2 3 3
152.727 0.677155 0.677155 2 3 3
152.777 0.677228 0.677228 2 3 3
152.827 0.677301 0.677301 2 3 3
152.877 0.677374 0.677374 2 3 3
152.927 0.677448 0.677448 2 3 3
152.977 0.677521 0.677521 2 3 3
153.027 0.677594 0.677594 2 3 3
153.077 0.677667 0.677667 2 3 3
153.127 0.67774 0.67774 2 3 3
153.177 0.677813 0.677813 2 3 3
153.227 0.677886 0.677886 2 3 3
153.277 0.67796 0.67796 2 3 3
153.327 0.678033 0.678033 2 3 3
153.377 0.678106 0.678106 2 3 3
153.427 0.678179 0.678179 2 3 3
153.477 0.678252 0.678252 2 3 3
153.527 0.678325 0.678325 2 3 3
153.577 0.678398 0.678398 2 3 3
153.627 0.678471 0.678471 2 3 3
153.677 0.678544 0.678544 2 3 3
153.727 0.678617 0.678617 2 3 3
153.777 0.67869 0.67869 2 3 3
153.827 0.678763 0.678763 2 3 3
153.877 0.678836 0.678836 2 3 3
153.927 0.678909 0.678909 2 3 3
153.977 0.678982 0.678982 2 3 3
154.027 0.679055 0.679055 2 3 3
154.077 0.679128 0.679128 2 3 3
154.127 0.679201 0.679201 2 3 3
154.177 0.679274 0.679274 2 3 3
154.227 0.679347 0.679347 2 3 3
154.277 0.67942 0.67942 2 3 3
154.327 0.679493 0.679493 2 3 3
154.377 0.679566 0.679566 2 3 3
154.427 0.679639 0.679639 2 3 3
154.477 0.679712 0.679712 2 3 3
154.527 0.679785 0.679785 2 3 3
154.577 0.679858 0.679858 2 3 3
154.627 0.679931 0.679931 2 3 3
154.677 0.680004 0.680004 2 3 3
154.727 0.680077 0.680077 2 3 3
154.777 0.68015 0.68015 2 3 3
154.827 0.680223 0.680223 2 3 3
154.877 0.680296 0.680296 2 3 3
154.927 0.680368 0.680368 2 3 3
154.977 0.680441 0.680441 2 3 3
155.027 0.680514 0.680514 2 3 3
155.077 0.680587 0.680587 2 3 3
155.127 0.68066 0.68066 2 3 3
155.177 0.680733 0.680733 2 3 3
155.227 0.680806 0.680806 2 3 3
155.277 0.680878 0.680878 2 3 3
155.327 0.680951 0.680951 2 3 3
155.377 0.681024 0.681024 2 3 3
155.427 0.681097 0.681097 2 3 3
155.477 0.68117 0.68117 2 3 3
155.527 0.681242 0.681242 2 3 3
155.577 0.681315 0.681315 2 3 3
155.627 0.681388 0.681388 2 3 3
155.677 0.681461 0.681461 2 3 3
155.727 0.681533 0.681533 2 3 3
155.777 0.681606 0.681606 2 3 3
155.827 0.681679 0.681679 2 3 3
155.877 0.681752 0.681752 2 3 3
155.927 0.681824 0.681824 2 3 3
155.977 0.681897 0.681897 2 3 3
156.027 0.68197 0.68197 2 3 3
156.077 0.682043 0.682043 2 3 3
156.127 0.682115 0.682115 2 3 3
156.177 0.682188 0.682188 2 3 3
156.227 0.682261 0.682261 2 3 3
156.277 0.682333 0.682333 2 3 3
156.327 0.682406 0.682406 2 3 3
156.377 0.682479 0.682479 2 3 3
156.427 0.682551 0.682551 2 3 3
156.477 0.682624 0.682624 2 3 3
156.527 0.682697 0.682697 2 3 3
156.577 0.682769 0.682769 2 3 3
156.627 0.682842 0.682842 2 3 3
156.677 0.682914 0.682914 2 3 3
156.727 0.682987 0.682987 2 3 3
156.777 0.68306 0.68306 2 3 3
156.827 0.683132 0.683132 2 3 3
156.877 0.683205 0.683205 2 3 3
156.927 0.683277 0.683277 2 3 3
156.977 0.68335 0.68335 2 3 3
157.027 0.683423 0.683423 2 3 3
157.077 0.683495 0.683495 2 3 3
157.127 0.683568 0.683568 2 3 3
157.177 0.68364 0.68364 2 3 3
157.227 0.683713 0.683713 2 3 3
157.277 0.683785 0.683785 2 3 3
157.327 0.683858 0.683858 2 3 3
157.377 0.68393 0.68393 2 3 3
157.427 0.684003 0.684003 2 3 3
157.477 0.684075 0.684075 2 3 3
157.527 0.684148 0.684148 2 3 3
157.577 0.68422 0.68422 2 3 3
157.627 0.684293 0.684293 2 3 3
157.677 0.684365 0.684365 2 3 3
157.727 0.684438 0.684438 2 3 3
157.777 0.68451 0.68451 2 3 3
157.827 0.684582 0.684582 2 3 3
157.877 0.684655 0.684655 2 3 3
157.927 0.684727 0.684727 2 3 3
157.977 0.6848 0.6848 2 3 3
158.027 0.684872 0.684872 2 3 3
158.077 0.684945 0.684945 2 3 3
158.127 0.685017 0.685017 2 3 3
158.177 0.685089 0.685089 2 3 3
158.227 0.685162 0.685162 2 3 3
158.277 0.685234 0.685234 2 3 3
158.327 0.685306 0.685306 2 3 3
158.377 0.685379 0.685379 2 3 3
158.427 0.685451 0.685451 2 3 3
158.477 0.685523 0.685523 2 3 3
158.527 0.685596 0.685596 2 3 3
158.577 0.685668 0.685668 2 3 3
158.627 0.68574 0.68574 2 3 3
158.677 0.685813 0.685813 2 3 3
158.727 0.685885 0.685885 2 3 3
158.777 0.685957 0.685957 2 3 3
158.827 0.68603 0.68603 2 3 3
158.877 0.686102 0.686102 2 3 3
158.927 0.686174 0.686174 2 3 3
158.977 0.686246 0.686246 2 3 3
159.027 0.686319 0.686319 2 3 3
159.077 0.686391 0.686391 2 3 3
159.127 0.686463 0.686463 2 3 3
159.177 0.686535 0.686535 2 3 3
159.227 0.686608 0.686608 2 3 3
159.277 0.68668 0.68668 2 3 3
159.327 0.686752 0.686752 2 3 3
159.377 0.686824 0.686824 2 3 3
159.427 0.686896 0.686896 2 3 3
159.477 0.686969 0.686969 2 3 3
159.527 0.687041 0.687041 2 3 3
159.577 0.687113 0.687113 2 3 3
159.627 0.687185 0.687185 2 3 3
159.677 0.687257 0.687257 2 3 3
159.727 0.687329 0.687329 2 3 3
159.777 0.687402 0.687402 2 3 3
159.827 0.687474 0.687474 2 3 3
159.877 0.687546 0.687546 2 3 3
159.927 0.687618 0.687618 2 3 3
159.977 0.68769 0.68769 2 3 3
160.027 0.687762 0.687762 2 3 3
160.077 0.687834 0.687834 2 3 3
160.127 0.687906 0.687906 2 3 3
160.177 0.687978 0.687978 2 3 3
160.227 0.688051 0.688051 2 3 3
160.277 0.688123 0.688123 2 3 3
160.327 0.688195 0.688195 2 3 3
160.377 0.688267 0.688267 2 3 3
160.427 0.688339 0.688339 2 3 3
160.477 0.688411 0.688411 2 3 3
160.527 0.688483 0.688483 2 3 3
160.577 0.688555 0.688555 2 3 3
160.627 0.688627 0.688627 2 3 3
160.677 0.688699 0.688699 2 3 3
160.727 0.688771 0.688771 2 3 3
160.777 0.688843 0.688843 2 3 3
160.827 0.688915 0.688915 2 3 3
160.877 0.688987 0.688987 2 3 3
160.927 0.689059 0.689059 2 3 3
160.977 0.689131 0.689131 2 3 3
161.027 0.689203 0.689203 2 3 3
161.077 0.689274 0.689274 2 3 3
161.127 0.689346 0.689346 2 3 3
161.177 0.689418 0.689418 2 3 3
161.227 0.68949 0.68949 2 3 3
161.277 0.689562 0.689562 2 3 3
161.327 0.689634 0.689634 2 3 3
161.377 0.689706 0.689706 2 3 3
161.427 0.689778 0.689778 2 3 3
161.477 0.68985 0.68985 2 3 3
161.527 0.689922 0.689922 2 3 3
161.577 0.689993 0.689993 2 3 3
161.627 0.690065 0.690065 2 3 3
161.677 0.690137 0.690137 2 3 3
161.727 0.690209 0.690209 2 3 3
161.777 0.690281 0.690281 2 3 3
161.827 0.690353 0.690353 2 3 3
161.877 0.690424 0.690424 2 3 3
161.927 0.690496 0.690496 2 3 3
161.977 0.690568 0.690568 2 3 3
162.027 0.69064 0.69064 2 3 3
162.077 0.690712 0.690712 2 3 3
162.127 0.690783 0.690783 2 3 3
162.177 0.690855 0.690855 2 3 3
162.227 0.690927 0.690927 2 3 3
162.277 0.690999 0.690999 2 3 3
162.327 0.69107 0.69107 2 3 3
162.377 0.691142 0.691142 2 3 3
162.427 0.691214 0.691214 2 3 3
162.477 0.691285 0.691285 2 3 3
162.527 0.691357 0.691357 2 3 3
162.577 0.691429 0.691429 2 3 3
162.627 0.691501 0.691501 2 3 3
162.677 0.691572 0.691572 2 3 3
162.727 0.691644 0.691644 2 3 3
162.777 0.691716 0.691716 2 3 3
162.827 0.691787 0.691787 2 3 3
162.877 0.691859 0.691859 2 3 3
162.927 0.691931 0.691931 2 3 3
162.977 0.692002 0.692002 2 3 3
163.027 0.692074 0.692074 2 3 3
163.077 0.692145 0.692145 2 3 3
163.127 0.692217 0.692217 2 3 3
163.177 0.692289 0.692289 2 3 3
163.227 0.69236 0.69236 2 3 3
163.277 0.692432 0.692432 2 3 3
163.327 0.692503 0.692503 2 3 3
163.377 0.692575 0.692575 2 3 3
163.427 0.692647 0.692647 2 3 3
163.477 0.692718 0.692718 2 3 3
163.527 0.69279 0.69279 2 3 3
163.577 0.692861 0.692861 2 3 3
163.627 0.692933 0.692933 2 3 3
163.677 0.693004 0.693004 2 3 3
163.727 0.693076 0.693076 2 3 3
163.777 0.693147 0.693147 2 3 3
163.827 0.693219 0.693219 2 3 3
163.877 0.69329 0.69329 2 3 3
163.927 0.693362 0.693362 2 3 3
163.977 0.693433 0.693433 2 3 3
164.027 0.693505 0.693505 2 3 3
164.077 0.693576 0.693576 2 3 3
164.127 0.693648 0.693648 2 3 3
164.177 0.693719 0.693719 2 3 3
164.227 0.69379 0.69379 2 3 3
164.277 0.693862 0.693862 2 3 3
164.327 0.693933 0.693933 2 3 3
164.377 0.694005 0.694005 2 3 3
164.427 0.694076 0.694076 2 3 3
164.477 0.694148 0.694148 2 3 3
164.527 0.694219 0.694219 2 3 3
164.577 0.69429 0.69429 2 3 3
164.627 0.694362 0.694362 2 3 3
164.677 0.694433 0.694433 2 3 3
164.727 0.694504 0.694504 2 3 3
164.777 0.694576 0.694576 2 3 3
164.827 0.694647 0.694647 2 3 3
164.877 0.694718 0.694718 2 3 3
164.927 0.69479 0.69479 2 3 3
164.977 0.694861 0.694861 2 3 3
165.027 0.694932 0.694932 2 3 3
165.077 0.695004 0.695004 2 3 3
165.127 0.695075 0.695075 2 3 3
165.177 0.695146 0.695146 2 3 3
165.227 0.695218 0.695218 2 3 3
165.277 0.695289 0.695289 2 3 3
165.327 0.69536 0.69536 2 3 3
165.377 0.695431 0.695431 2 3 3
165.427 0.695503 0.695503 2 3 3
165.477 0.695574 0.695574 2 3 3
165.527 0.695645 0.695645 2 3 3
165.577 0.695716 0.695716 2 3 3
165.627 0.695787 0.695787 2 3 3
165.677 0.695859 0.695859 2 3 3
165.727 0.69593 0.69593 2 3 3
165.777 0.696001 0.696001 2 3 3
165.827 0.696072 0.696072 2 3 3
165.877 0.696143 0.696143 2 3 3
165.927 0.696215 0.696215 2 3 3
165.977 0.696286 0.696286 2 3 3
166.027 0.696357 0.696357 2 3 3
166.077 0.696428 0.696428 2 3 3
166.127 0.696499 0.696499 2 3 3
166.177 0.69657 0.69657 2 3 3
166.227 0.696641 0.696641 2 3 3
166.277 0.696712 0.696712 2 3 3
166.327 0.696784 0.696784 2 3 3
166.377 0.696855 0.696855 2 3 3
166.427 0.696926 0.696926 2 3 3
166.477 0.696997 0.696997 2 3 3
166.527 0.697068 0.697068 2 3 3
166.577 0.697139 0.697139 2 3 3
166.627 0.69721 0.69721 2 3 3
166.677 0.697281 0.697281 2 3 3
166.727 0.697352 0.697352 2 3 3
166.777 0.697423 0.697423 2 3 3
166.827 0.697494 0.697494 2 3 3
166.877 0.697565 0.697565 2 3 3
166.927 0.697636 0.697636 2 3 3
166.977 0.697707 0.697707 2 3 3
167.027 0.697778 0.697778 2 3 3
167.077 0.697849 0.697849 2 3 3
167.127 0.69792 0.69792 2 3 3
167.177 0.697991 0.697991 2 3 3
167.227 0.698062 0.698062 2 3 3
167.277 0.698133 0.698133 2 3 3
167.327 0.698204 0.698204 2 3 3
167.377 0.698275 0.698275 2 3 3
167.427 0.698346 0.698346 2 3 3
167.477 0.698417 0.698417 2 3 3
167.527 0.698488 0.698488 2 3 3
167.577 0.698558 0.698558 2 3 3
167.627 0.698629 0.698629 2 3 3
167.677 0.6987 0.6987 2 3 3
167.727 0.698771 0.698771 2 3 3
167.777 0.698842 0.698842 2 3 3
167.827 0.698913 0.698913 2 3 3
167.877 0.698984 0.698984 2 3 3
167.927 0.699054 0.699054 2 3 3
167.977 0.699125 0.699125 2 3 3
168.027 0.699196 0.699196 2 3 3
168.077 0.699267 0.699267 2 3 3
168.127 0.699338 0.699338 2 3 3
168.177 0.699409 0.699409 2 3 3
168.227 0.699479 0.699479 2 3 3
168.277 0.69955 0.69955 2 3 3
168.327 0.699621 0.699621 2 3 3
168.377 0.699692 0.699692 2 3 3
168.427 0.699762 0.699762 2 3 3
168.477 0.699833 0.699833 2 3 3
168.527 0.699904 0.699904 2 3 3
168.577 0.699975 0.699975 2 3 3
168.627 0.700045 0.700045 2 3 3
168.677 0.700116 0.700116 2 3 3
168.727 0.700187 0.700187 2 3 3
168.777 0.700258 0.700258 2 3 3
168.827 0.700328 0.700328 2 3 3
168.877 0.700399 0.700399 2 3 3
168.927 0.70047 0.70047 2 3 3
168.977 0.70054 0.70054 2 3 3
169.027 0.700611 0.700611 2 3 3
169.077 0.700682 0.700682 2 3 3
169.127 0.700752 0.700752 2 3 3
169.177 0.700823 0.700823 2 3 3
169.227 0.700893 0.700893 2 3 3
169.277 0.700964 0.700964 2 3 3
169.327 0.701035 0.701035 2 3 3
169.377 0.701105 0.701105 2 3 3
169.427 0.701176 0.701176 2 3 3
169.477 0.701247 0.701247 2 3 3
169.527 0.701317 0.701317 2 3 3
169.577 0.701388 0.701388 2 3 3
169.627 0.701458 0.701458 2 3 3
169.677 0.701529 0.701529 2 3 3
169.727 0.701599 0.701599 2 3 3
169.777 0.70167 0.70167 2 3 3
169.827 0.70174 0.70174 2 3 3
169.877 0.701811 0.701811 2 3 3
169.927 0.701881 0.701881 2 3 3
169.977 0.701952 0.701952 2 3 3
170.027 0.702022 0.702022 2 3 3
170.077 0.702093 0.702093 2 3 3
170.127 0.702163 0.702163 2 3 3
170.177 0.702234 0.702234 2 3 3
170.227 0.702304 0.702304 2 3 3
170.277 0.702375 0.702375 2 3 3
170.327 0.702445 0.702445 2 3 3
170.377 0.702516 0.702516 2 3 3
170.427 0.702586 0.702586 2 3 3
170.477 0.702657 0.702657 2 3 3
170.527 0.702727 0.702727 2 3 3
170.577 0.702797 0.702797 2 3 3
170.627 0.702868 0.702868 2 3 3
170.677 0.702938 0.702938 2 3 3
170.727 0.703009 0.703009 2 3 3
170.777 0.703079 0.703079 2 3 3
170.827 0.703149 0.703149 2 3 3
170.877 0.70322 0.70322 2 3 3
170.927 0.70329 0.70329 2 3 3
170.977 0.70336 0.70336 2 3 3
171.027 0.703431 0.703431 2 3 3
171.077 0.703501 0.703501 2 3 3
171.127 0.703571 0.703571 2 3 3
171.177 0.703642 0.703642 2 3 3
171.227 0.703712 0.703712 2 3 3
171.277 0.703782 0.703782 2 3 3
171.327 0.703853 0.703853 2 3 3
171.377 0.703923 0.703923 2 3 3
171.427 0.703993 0.703993 2 3 3
171.477 0.704063 0.704063 2 3 3
171.527 0.704134 0.704134 2 3 3
171.577 0.704204 0.704204 2 3 3
171.627 0.704274 0.704274 2 3 3
171.677 0.704344 0.704344 2 3 3
171.727 0.704415 0.704415 2 3 3
171.777 0.704485 0.704485 2 3 3
171.827 0.704555 0.704555 2 3 3
171.877 0.704625 0.704625 2 3 3
171.927 0.704695 0.704695 2 3 3
171.977 0.704766 0.704766 2 3 3
172.027 0.704836 0.704836 2 3 3
172.077 0.704906 0.704906 2 3 3
172.127 0.704976 0.704976 2 3 3
172.177 0.705046 0.705046 2 3 3
172.227 0.705116 0.705116 2 3 3
172.277 0.705186 0.705186 2 3 3
172.327 0.705257 0.705257 2 3 3
172.377 0.705327 0.705327 2 3 3
172.427 0.705397 0.705397 2 3 3
172.477 0.705467 0.705467 2 3 3
172.527 0.705537 0.705537 2 3 3
172.577 0.705607 0.705607 2 3 3
172.627 0.705677 0.705677 2 3 3
172.677 0.705747 0.705747 2 3 3
172.727 0.705817 0.705817 2 3 3
172.777 0.705887 0.705887 2 3 3
172.827 0.705957 0.705957 2 3 3
172.877 0.706027 0.706027 2 3 3
172.927 0.706097 0.706097 2 3 3
172.977 0.706167 0.706167 2 3 3
173.027 0.706238 0.706238 2 3 3
173.077 0.706308 0.706308 2 3 3
173.127 0.706377 0.706377 2 3 3
173.177 0.706447 0.706447 2 3 3
173.227 0.706517 0.706517 2 3 3
173.277 0.706587 0.706587 2 3 3
173.327 0.706657 0.706657 2 3 3
173.377 0.706727 0.706727 2 3 3
173.427 0.706797 0.706797 2 3 3
173.477 0.706867 0.706867 2 3 3
173.527 0.706937 0.706937 2 3 3
173.577 0.707007 0.707007 2 3 3
173.627 0.707077 0.707077 2 3 3
173.677 0.707147 0.707147 2 3 3
173.727 0.707217 0.707217 2 3 3
173.777 0.707287 0.707287 2 3 3
173.827 0.707357 0.707357 2 3 3
173.877 0.707426 0.707426 2 3 3
173.927 0.707496 0.707496 2 3 3
173.977 0.707566 0.707566 2 3 3
174.027 0.707636 0.707636 2 3 3
174.077 0.707706 0.707706 2 3 3
174.127 0.707776 0.707776 2 3 3
174.177 0.707845 0.707845 2 3 3
174.227 0.707915 0.707915 2 3 3
174.277 0.707985 0.707985 2 3 3
174.327 0.708055 0.708055 2 3 3
174.377 0.708125 0.708125 2 3 3
174.427 0.708194 0.708194 2 3 3
174.477 0.708264 0.708264 2 3 3
174.527 0.708334 0.708334 2 3 3
174.577 0.708404 0.708404 2 3 3
174.627 0.708473 0.708473 2 3 3
174.677 0.708543 0.708543 2 3 3
174.727 0.708613 0.708613 2 3 3
174.777 0.708683 0.708683 2 3 3
174.827 0.708752 0.708752 2 3 3
174.877 0.708822 0.708822 2 3 3
174.927 0.708892 0.708892 2 3 3
174.977 0.708961 0.708961 2 3 3
175.027 0.709031 0.709031 2 3 3
175.077 0.709101 0.709101 2 3 3
175.127 0.70917 0.70917 2 3 3
175.177 0.70924 0.70924 2 3 3
175.227 0.70931 0.70931 2 3 3
175.277 0.709379 0.709379 2 3 3
175.327 0.709449 0.709449 2 3 3
175.377 0.709519 0.709519 2 3 3
175.427 0.709588 0.709588 2 3 3
175.477 0.709658 0.709658 2 3 3
175.527 0.709728 0.709728 2 3 3
175.577 0.709797 0.709797 2 3 3
175.627 0.709867 0.709867 2 3 3
175.677 0.709936 0.709936 2 3 3
175.727 0.710006 0.710006 2 3 3
175.777 0.710075 0.710075 2 3 3
175.827 0.710145 0.710145 2 3 3
175.877 0.710214 0.710214 2 3 3
175.927 0.710284 0.710284 2 3 3
175.977 0.710354 0.710354 2 3 3
176.027 0.710423 0.710423 2 3 3
176.077 0.710493 0.710493 2 3 3
176.127 0.710562 0.710562 2 3 3
176.177 0.710632 0.710632 2 3 3
176.227 0.710701 0.710701 2 3 3
176.277 0.710771 0.710771 2 3 3
176.327 0.71084 0.71084 2 3 3
176.377 0.710909 0.710909 2 3 3
176.427 0.710979 0.710979 2 3 3
176.477 0.711048 0.711048 2 3 3
176.527 0.711118 0.711118 2 3 3
176.577 0.711187 0.711187 2 3 3
176.627 0.711257 0.711257 2 3 3
176.677 0.711326 0.711326 2 3 3
176.727 0.711395 0.711395 2 3 3
176.777 0.711465 0.711465 2 3 3
176.827 0.711534 0.711534 2 3 3
176.877 0.711604 0.711604 2 3 3
176.927 0.711673 0.711673 2 3 3
176.977 0.711742 0.711742 2 3 3
177.027 0.711812 0.711812 2 3 3
177.077 0.711881 0.711881 2 3 3
177.127 0.71195 0.71195 2 3 3
177.177 0.71202 0.71202 2 3 3
177.227 0.712089 0.712089 2 3 3
177.277 0.712158 0.712158 2 3 3
177.327 0.712228 0.712228 2 3 3
177.377 0.712297 0.712297 2 3 3
177.427 0.712366 0.712366 2 3 3
177.477 0.712435 0.712435 2 3 3
177.527 0.712505 0.712505 2 3 3
177.577 0.712574 0.712574 2 3 3
177.627 0.712643 0.712643 2 3 3
177.677 0.712713 0.712713 2 3 3
177.727 0.712782 0.712782 2 3 3
177.777 0.712851 0.712851 2 3 3
177.827 0.71292 0.71292 2 3 3
177.877 0.712989 0.712989 2 3 3
177.927 0.713059 0.713059 2 3 3
177.977 0.713128 0.713128 2 3 3
178.027 0.713197 0.713197 2 3 3
178.077 0.713266 0.713266 2 3 3
178.127 0.713335 0.713335 2 3 3
178.177 0.713405 0.713405 2 3 3
178.227 0.713474 0.713474 2 3 3
178.277 0.713543 0.713543 2 3 3
178.327 0.713612 0.713612 2 3 3
178.377 0.713681 0.713681 2 3 3
178.427 0.71375 0.71375 2 3 3
178.477 0.713819 0.713819 2 3 3
178.527 0.713888 0.713888 2 3 3
178.577 0.713958 0.713958 2 3 3
178.627 0.714027 0.714027 2 3 3
178.677 0.714096 0.714096 2 3 3
178.727 0.714165 0.714165 2 3 3
178.777 0.714234 0.714234 2 3 3
178.827 0.714303 0.714303 2 3 3
178.877 0.714372 0.714372 2 3 3
178.927 0.714441 0.714441 2 3 3
178.977 0.71451 0.71451 2 3 3
179.027 0.714579 0.714579 2 3 3
179.077 0.714648 0.714648 2 3 3
179.127 0.714717 0.714717 2 3 3
179.177 0.714786 0.714786 2 3 3
179.227 0.714855 0.714855 2 3 3
179.277 0.714924 0.714924 2 3 3
179.327 0.714993 0.714993 2 3 3
179.377 0.715062 0.715062 2 3 3
179.427 0.715131 0.715131 2 3 3
179.477 0.7152 0.7152 2 3 3
179.527 0.715269 0.715269 2 3 3
179.577 0.715338 0.715338 2 3 3
179.627 0.715407 0.715407 2 3 3
179.677 0.715476 0.715476 2 3 3
179.727 0.715545 0.715545 2 3 3
179.777 0.715613 0.715613 2 3 3
179.827 0.715682 0.715682 2 3 3
179.877 0.715751 0.715751 2 3 3
179.927 0.71582 0.71582 2 3 3
179.977 0.715889 0.715889 2 3 3
180.027 0.715958 0.715958 2 3 3
180.077 0.716027 0.716027 2 3 3
180.127 0.716096 0.716096 2 3 3
180.177 0.716164 0.716164 2 3 3
180.227 0.716233 0.716233 2 3 3
180.277 0.716302 0.716302 2 3 3
180.327 0.716371 0.716371 2 3 3
180.377 0.71644 0.71644 2 3 3
180.427 0.716508 0.716508 2 3 3
180.477 0.716577 0.716577 2 3 3
180.527 0.716646 0.716646 2 3 3
180.577 0.716715 0.716715 2 3 3
180.627 0.716783 0.716783 2 3 3
180.677 0.716852 0.716852 2 3 3
180.727 0.716921 0.716921 2 3 3
180.777 0.71699 0.71699 2 3 3
180.827 0.717058 0.717058 2 3 3
180.877 0.717127 0.717127 2 3 3
180.927 0.717196 0.717196 2 3 3
180.977 0.717265 0.717265 2 3 3
181.027 0.717333 0.717333 2 3 3
181.077 0.717402 0.717402 2 3 3
181.127 0.717471 0.717471 2 3 3
181.177 0.717539 0.717539 2 3 3
181.227 0.717608 0.717608 2 3 3
181.277 0.717677 0.717677 2 3 3
181.327 0.717745 0.717745 2 3 3
181.377 0.717814 0.717814 2 3 3
181.427 0.717883 0.717883 2 3 3
181.477 0.717951 0.717951 2 3 3
181.527 0.71802 0.71802 2 3 3
181.577 0.718088 0.718088 2 3 3
181.627 0.718157 0.718157 2 3 3
181.677 0.718226 0.718226 2 3 3
181.727 0.718294 0.718294 2 3 3
181.777 0.718363 0.718363 2 3 3
181.827 0.718431 0.718431 2 3 3
181.877 0.7185 0.7185 2 3 3
181.927 0.718568 0.718568 2 3 3
181.977 0.718637 0.718637 2 3 3
182.027 0.718705 0.718705 2 3 3
182.077 0.718774 0.718774 2 3 3
182.127 0.718842 0.718842 2 3 3
182.177 0.718911 0.718911 2 3 3
182.227 0.718979 0.718979 2 3 3
182.277 0.719048 0.719048 2 3 3
182.327 0.719116 0.719116 2 3 3
182.377 0.719185 0.719185 2 3 3
182.427 0.719253 0.719253 2 3 3
182.477 0.719322 0.719322 2 3 3
182.527 0.71939 0.71939 2 3 3
182.577 0.719459 0.719459 2 3 3
182.627 0.719527 0.719527 2 3 3
182.677 0.719596 0.719596 2 3 3
182.727 0.719664 0.719664 2 3 3
182.777 0.719732 0.719732 2 3 3
182.827 0.719801 0.719801 2 3 3
182.877 0.719869 0.719869 2 3 3
182.927 0.719938 0.719938 2 3 3
182.977 0.720006 0.720006 2 3 3
183.027 0.720074 0.720074 2 3 3
183.077 0.720143 0.720143 2 3 3
183.127 0.720211 0.720211 2 3 3
183.177 0.720279 0.720279 2 3 3
183.227 0.720348 0.720348 2 3 3
183.277 0.720416 0.720416 2 3 3
183.327 0.720484 0.720484 2 3 3
183.377 0.720553 0.720553 2 3 3
183.427 0.720621 0.720621 2 3 3
183.477 0.720689 0.720689 2 3 3
183.527 0.720758 0.720758 2 3 3
183.577 0.720826 0.720826 2 3 3
183.627 0.720894 0.720894 2 3 3
183.677 0.720962 0.720962 2 3 3
183.727 0.721031 0.721031 2 3 3
183.777 0.721099 0.721099 2 3 3
183.827 0.721167 0.721167 2 3 3
183.877 0.721235 0.721235 2 3 3
183.927 0.721304 0.721304 2 3 3
183.977 0.721372 0.721372 2 3 3
184.027 0.72144 0.72144 2 3 3
184.077 0.721508 0.721508 2 3 3
184.127 0.721576 0.721576 2 3 3
184.177 0.721644 0.721644 2 3 3
184.227 0.721713 0.721713 2 3 3
184.277 0.721781 0.721781 2 3 3
184.327 0.721849 0.721849 2 3 3
184.377 0.721917 0.721917 2 3 3
184.427 0.721985 0.721985 2 3 3
184.477 0.722053 0.722053 2 3 3
184.527 0.722122 0.722122 2 3 3
184.577 0.72219 0.72219 2 3 3
184.627 0.722258 0.722258 2 3 3
184.677 0.722326 0.722326 2 3 3
184.727 0.722394 0.722394 2 3 3
184.777 0.722462 0.722462 2 3 3
184.827 0.72253 0.72253 2 3 3
184.877 0.722598 0.722598 2 3 3
184.927 0.722666 0.722666 2 3 3
184.977 0.722734 0.722734 2 3 3
185.027 0.722802 0.722802 2 3 3
185.077 0.72287 0.72287 2 3 3
185.127 0.722938 0.722938 2 3 3
185.177 0.723006 0.723006 2 3 3
185.227 0.723074 0.723074 2 3 3
185.277 0.723142 0.723142 2 3 3
185.327 0.72321 0.72321 2 3 3
185.377 0.723278 0.723278 2 3 3
185.427 0.723346 0.723346 2 3 3
185.477 0.723414 0.723414 2 3 3
185.527 0.723482 0.723482 2 3 3
185.577 0.72355 0.72355 2 3 3
185.627 0.723618 0.723618 2 3 3
185.677 0.723686 0.723686 2 3 3
185.727 0.723754 0.723754 2 3 3
185.777 0.723822 0.723822 2 3 3
185.827 0.72389 0.72389 2 3 3
185.877 0.723958 0.723958 2 3 3
185.927 0.724026 0.724026 2 3 3
185.977 0.724093 0.724093 2 3 3
186.027 0.724161 0.724161 2 3 3
186.077 0.724229 0.724229 2 3 3
186.127 0.724297 0.724297 2 3 3
186.177 0.724365 0.724365 2 3 3
186.227 0.724433 0.724433 2 3 3
186.277 0.724501 0.724501 2 3 3
186.327 0.724568 0.724568 2 3 3
186.377 0.724636 0.724636 2 3 3
186.427 0.724704 0.724704 2 3 3
186.477 0.724772 0.724772 2 3 3
186.527 0.72484 0.72484 2 3 3
186.577 0.724907 0.724907 2 3 3
186.627 0.724975 0.724975 2 3 3
186.677 0.725043 0.725043 2 3 3
186.727 0.725111 0.725111 2 3 3
186.777 0.725178 0.725178 2 3 3
186.827 0.725246 0.725246 2 3 3
186.877 0.725314 0.725314 2 3 3
186.927 0.725382 0.725382 2 3 3
186.977 0.725449 0.725449 2 3 3
187.027 0.725517 0.725517 2 3 3
187.077 0.725585 0.725585 2 3 3
187.127 0.725652 0.725652 2 3 3
187.177 0.72572 0.72572 2 3 3
187.227 0.725788 0.725788 2 3 3
187.277 0.725855 0.725855 2 3 3
187.327 0.725923 0.725923 2 3 3
187.377 0.725991 0.725991 2 3 3
187.427 0.726058 0.726058 2 3 3
187.477 0.726126 0.726126 2 3 3
187.527 0.726194 0.726194 2 3 3
187.577 0.726261 0.726261 2 3 3
187.627 0.726329 0.726329 2 3 3
187.677 0.726397 0.726397 2 3 3
187.727 0.726464 0.726464 2 3 3
187.777 0.726532 0.726532 2 3 3
187.827 0.726599 0.726599 2 3 3
187.877 0.726667 0.726667 2 3 3
187.927 0.726734 0.726734 2 3 3
187.977 0.726802 0.726802 2 3 3
188.027 0.72687 0.72687 2 3 3
188.077 0.726937 0.726937 2 3 3
188.127 0.727005 0.727005 2 3 3
188.177 0.727072 0.727072 2 3 3
188.227 0.72714 0.72714 2 3 3
188.277 0.727207 0.727207 2 3 3
188.327 0.727275 0.727275 2 3 3
188.377 0.727342 0.727342 2 3 3
188.427 0.72741 0.72741 2 3 3
188.477 0.727477 0.727477 2 3 3
188.527 0.727545 0.727545 2 3 3
188.577 0.727612 0.727612 2 3 3
188.627 0.727679 0.727679 2 3 3
188.677 0.727747 0.727747 2 3 3
188.727 0.727814 0.727814 2 3 3
188.777 0.727882 0.727882 2 3 3
188.827 0.727949 0.727949 2 3 3
188.877 0.728017 0.728017 2 3 3
188.927 0.728084 0.728084 2 3 3
188.977 0.728151 0.728151 2 3 3
189.027 0.728219 0.728219 2 3 3
189.077 0.728286 0.728286 2 3 3
189.127 0.728354 0.728354 2 3 3
189.177 0.728421 0.728421 2 3 3
189.227 0.728488 0.728488 2 3 3
189.277 0.728556 0.728556 2 3 3
189.327 0.728623 0.728623 2 3 3
189.377 0.72869 0.72869 2 3 3
189.427 0.728758 0.728758 2 3 3
189.477 0.728825 0.728825 2 3 3
189.527 0.728892 0.728892 2 3 3
189.577 0.728959 0.728959 2 3 3
189.627 0.729027 0.729027 2 3 3
189.677 0.729094 0.729094 2 3 3
189.727 0.729161 0.729161 2 3 3
189.777 0.729229 0.729229 2 3 3
189.827 0.729296 0.729296 2 3 3
189.877 0.729363 0.729363 2 3 3
189.927 0.72943 0.72943 2 3 3
189.977 0.729498 0.729498 2 3 3
190.027 0.729565 0.729565 2 3 3
190.077 0.729632 0.729632 2 3 3
190.127 0.729699 0.729699 2 3 3
190.177 0.729766 0.729766 2 3 3
190.227 0.729834 0.729834 2 3 3
190.277 0.729901 0.729901 2 3 3
190.327 0.729968 0.729968 2 3 3
190.377 0.730035 0.730035 2 3 3
190.427 0.730102 0.730102 2 3 3
190.477 0.730169 0.730169 2 3 3
190.527 0.730236 0.730236 2 3 3
190.577 0.730304 0.730304 2 3 3
190.627 0.730371 0.730371 2 3 3
190.677 0.730438 0.730438 2 3 3
190.727 0.730505 0.730505 2 3 3
190.777 0.730572 0.730572 2 3 3
190.827 0.730639 0.730639 2 3 3
190.877 0.730706 0.730706 2 3 3
190.927 0.730773 0.730773 2 3 3
190.977 0.73084 0.73084 2 3 3
191.027 0.730907 0.730907 2 3 3
191.077 0.730974 0.730974 2 3 3
191.127 0.731042 0.731042 2 3 3
191.177 0.731109 0.731109 2 3 3
191.227 0.731176 0.731176 2 3 3
191.277 0.731243 0.731243 2 3 3
191.327 0.73131 0.73131 2 3 3
191.377 0.731377 0.731377 2 3 3
191.427 0.731444 0.731444 2 3 3
191.477 0.731511 0.731511 2 3 3
191.527 0.731578 0.731578 2 3 3
191.577 0.731645 0.731645 2 3 3
191.627 0.731711 0.731711 2 3 3
191.677 0.731778 0.731778 2 3 3
191.727 0.731845 0.731845 2 3 3
191.777 0.731912 0.731912 2 3 3
191.827 0.731979 0.731979 2 3 3
191.877 0.732046 0.732046 2 3 3
191.927 0.732113 0.732113 2 3 3
191.977 0.73218 0.73218 2 3 3
192.027 0.732247 0.732247 2 3 3
192.077 0.732314 0.732314 2 3 3
192.127 0.732381 0.732381 2 3 3
192.177 0.732448 0.732448 2 3 3
192.227 0.732514 0.732514 2 3 3
192.277 0.732581 0.732581 2 3 3
192.327 0.732648 0.732648 2 3 3
192.377 0.732715 0.732715 2 3 3
192.427 0.732782 0.732782 2 3 3
192.477 0.732849 0.732849 2 3 3
192.527 0.732915 0.732915 2 3 3
192.577 0.732982 0.732982 2 3 3
192.627 0.733049 0.733049 2 3 3
192.677 0.733116 0.733116 2 3 3
192.727 0.733183 0.733183 2 3 3
192.777 0.733249 0.733249 2 3 3
192.827 0.733316 0.733316 2 3 3
192.877 0.733383 0.733383 2 3 3
192.927 0.73345 0.73345 2 3 3
192.977 0.733516 0.733516 2 3 3
193.027 0.733583 0.733583 2 3 3
193.077 0.73365 0.73365 2 3 3
193.127 0.733717 0.733717 2 3 3
193.177 0.733783 0.733783 2 3 3
193.227 0.73385 0.73385 2 3 3
193.277 0.733917 0.733917 2 3 3
193.327 0.733983 0.733983 2 3 3
193.377 0.73405 0.73405 2 3 3
193.427 0.734117 0.734117 2 3 3
193.477 0.734183 0.734183 2 3 3
193.527 0.73425 0.73425 2 3 3
193.577 0.734317 0.734317 2 3 3
193.627 0.734383 0.734383 2 3 3
193.677 0.73445 0.73445 2 3 3
193.727 0.734517 0.734517 2 3 3
193.777 0.734583 0.734583 2 3 3
193.827 0.73465 0.73465 2 3 3
193.877 0.734716 0.734716 2 3 3
193.927 0.734783 0.734783 2 3 3
193.977 0.734849 0.734849 2 3 3
194.027 0.734916 0.734916 2 3 3
194.077 0.734983 0.734983 2 3 3
194.127 0.735049 0.735049 2 3 3
194.177 0.735116 0.735116 2 3 3
194.227 0.735182 0.735182 2 3 3
194.277 0.735249 0.735249 2 3 3
194.327 0.735315 0.735315 2 3 3
194.377 0.735382 0.735382 2 3 3
194.427 0.735448 0.735448 2 3 3
194.477 0.735515 0.735515 2 3 3
194.527 0.735581 0.735581 2 3 3
194.577 0.735648 0.735648 2 3 3
194.627 0.735714 0.735714 2 3 3
194.677 0.735781 0.735781 2 3 3
194.727 0.735847 0.735847 2 3 3
194.777 0.735914 0.735914 2 3 3
194.827 0.73598 0.73598 2 3 3
194.877 0.736047 0.736047 2 3 3
194.927 0.736113 0.736113 2 3 3
194.977 0.736179 0.736179 2 3 3
195.027 0.736246 0.736246 2 3 3
195.077 0.736312 0.736312 2 3 3
195.127 0.736379 0.736379 2 3 3
195.177 0.736445 0.736445 2 3 3
195.227 0.736511 0.736511 2 3 3
195.277 0.736578 0.736578 2 3 3
195.327 0.736644 0.736644 2 3 3
195.377 0.73671 0.73671 2 3 3
195.427 0.736777 0.736777 2 3 3
195.477 0.736843 0.736843 2 3 3
195.527 0.736909 0.736909 2 3 3
195.577 0.736976 0.736976 2 3 3
195.627 0.737042 0.737042 2 3 3
195.677 0.737108 0.737108 2 3 3
195.727 0.737175 0.737175 2 3 3
195.777 0.737241 0.737241 2 3 3
195.827 0.737307 0.737307 2 3 3
195.877 0.737374 0.737374 2 3 3
195.927 0.73744 0.73744 2 3 3
195.977 0.737506 0.737506 2 3 3
196.027 0.737572 0.737572 2 3 3
196.077 0.737639 0.737639 2 3 3
196.127 0.737705 0.737705 2 3 3
196.177 0.737771 0.737771 2 3 3
196.227 0.737837 0.737837 2 3 3
196.277 0.737903 0.737903 2 3 3
196.327 0.73797 0.73797 2 3 3
196.377 0.738036 0.738036 2 3 3
196.427 0.738102 0.738102 2 3 3
196.477 0.738168 0.738168 2 3 3
196.527 0.738234 0.738234 2 3 3
196.577 0.738301 0.738301 2 3 3
196.627 0.738367 0.738367 2 3 3
196.677 0.738433 0.738433 2 3 3
196.727 0.738499 0.738499 2 3 3
196.777 0.738565 0.738565 2 3 3
196.827 0.738631 0.738631 2 3 3
196.877 0.738697 0.738697 2 3 3
196.927 0.738763 0.738763 2 3 3
196.977 0.73883 0.73883 2 3 3
197.027 0.738896 0.738896 2 3 3
197.077 0.738962 0.738962 2 3 3
197.127 0.739028 0.739028 2 3 3
197.177 0.739094 0.739094 2 3 3
197.227 0.73916 0.73916 2 3 3
197.277 0.739226 0.739226 2 3 3
197.327 0.739292 0.739292 2 3 3
197.377 0.739358 0.739358 2 3 3
197.427 0.739424 0.739424 2 3 3
197.477 0.73949 0.73949 2 3 3
197.527 0.739556 0.739556 2 3 3
197.577 0.739622 0.739622 2 3 3
197.627 0.739688 0.739688 2 3 3
197.677 0.739754 0.739754 2 3 3
197.727 0.73982 0.73982 2 3 3
197.777 0.739886 0.739886 2 3 3
197.827 0.739952 0.739952 2 3 3
197.877 0.740018 0.740018 2 3 3
197.927 0.740084 0.740084 2 3 3
197.977 0.74015 0.74015 2 3 3
198.027 0.740216 0.740216 2 3 3
198.077 0.740282 0.740282 2 3 3
198.127 0.740348 0.740348 2 3 3
198.177 0.740413 0.740413 2 3 3
198.227 0.740479 0.740479 2 3 3
198.277 0.740545 0.740545 2 3 3
198.327 0.740611 0.740611 2 3 3
198.377 0.740677 0.740677 2 3 3
198.427 0.740743 0.740743 2 3 3
198.477 0.740809 0.740809 2 3 3
198.527 0.740875 0.740875 2 3 3
198.577 0.74094 0.74094 2 3 3
198.627 0.741006 0.741006 2 3 3
198.677 0.741072 0.741072 2 3 3
198.727 0.741138 0.741138 2 3 3
198.777 0.741204 0.741204 2 3 3
198.827 0.741269 0.741269 2 3 3
198.877 0.741335 0.741335 2 3 3
198.927 0.741401 0.741401 2 3 3
198.977 0.741467 0.741467 2 3 3
199.027 0.741533 0.741533 2 3 3
199.077 0.741598 0.741598 2 3 3
199.127 0.741664 0.741664 2 3 3
199.177 0.74173 0.74173 2 3 3
199.227 0.741796 0.741796 2 3 3
199.277 0.741861 0.741861 2 3 3
199.327 0.741927 0.741927 2 3 3
199.377 0.741993 0.741993 2 3 3
199.427 0.742058 0.742058 2 3 3
199.477 0.742124 0.742124 2 3 3
199.527 0.74219 0.74219 2 3 3
199.577 0.742255 0.742255 2 3 3
199.627 0.742321 0.742321 2 3 3
199.677 0.742387 0.742387 2 3 3
199.727 0.742452 0.742452 2 3 3
199.777 0.742518 0.742518 2 3 3
199.827 0.742584 0.742584 2 3 3
199.877 0.742649 0.742649 2 3 3
199.927 0.742715 0.742715 2 3 3
199.977 0.742781 0.742781 2 3 3
200.027 0.742846 0.742846 2 3 3
