4.39741 0.6 0.6 2 4 5
4.39545 0.600402 0.600402 2 4 5
4.39349 0.600802 0.600802 2 4 5
4.38957 0.601607 0.601607 2 4 5
4.38174 0.603226 0.603226 2 4 5
4.37195 0.605281 0.605281 2 4 5
4.36217 0.60738 0.60738 2 4 5
4.3524 0.609519 0.609519 2 4 5
4.34264 0.611695 0.611695 2 4 5
4.33289 0.613909 0.613909 2 4 5
4.32315 0.616162 0.616162 2 4 5
4.31341 0.618454 0.618454 2 4 5
4.30369 0.620788 0.620788 2 4 5
4.29398 0.623164 0.623164 2 4 5
4.28427 0.625583 0.625583 2 4 5
4.27458 0.628048 0.628048 2 4 5
4.2649 0.630558 0.630558 2 4 5
4.25523 0.633116 0.633116 2 4 5
4.24558 0.635723 0.635723 2 4 5
4.23594 0.638381 0.638381 2 4 5
4.22631 0.641091 0.641091 2 4 5
4.2167 0.643856 0.643856 2 4 5
4.20711 0.646677 0.646677 2 4 5
4.19753 0.649557 0.649557 2 4 5
4.18797 0.6525 0.6525 2 4 5
4.17844 0.655514 0.655514 2 4 5
4.16894 0.65864 0.65864 2 4 5
4.15936 0.661535 0.661535 2 4 5
4.14988 0.664718 0.664718 2 4 5
4.14044 0.668025 0.668025 2 4 5
4.13103 0.671415 0.671415 2 4 5
4.12164 0.674869 0.674869 2 4 5
4.11228 0.678392 0.678392 2 4 5
4.10306 0.682286 0.682286 2 4 5
4.09366 0.685728 0.685728 2 4 5
4.08432 0.689245 0.689245 2 4 5
4.07505 0.693007 0.693007 2 4 5
4.06585 0.696935 0.696935 2 4 5
4.05671 0.700999 0.700999 2 4 5
4.04761 0.705164 0.705164 2 4 5
4.03856 0.709421 0.709421 2 4 5
4.02956 0.713776 0.713776 2 4 5
4.02071 0.718445 0.718445 2 4 5
4.01161 0.722583 0.722583 2 4 5
4.00277 0.727287 0.727287 2 4 5
3.99399 0.732068 0.732068 2 4 5
3.9853 0.737018 0.737018 2 4 5
3.97667 0.742082 0.742082 2 4 5
3.96812 0.747275 0.747275 2 4 5
3.95983 0.752911 0.752911 2 4 5
3.95119 0.757955 0.757955 2 4 5
3.94287 0.763463 0.763463 2 4 5
3.9346 0.769093 0.769093 2 4 5
3.9265 0.774967 0.774967 2 4 5
3.91851 0.780994 0.780994 2 4 5
3.91064 0.787168 0.787168 2 4 5
3.90288 0.793489 0.793489 2 4 5
3.89525 0.79996 0.79996 2 4 5
3.88775 0.806587 0.806587 2 4 5
3.88061 0.8136 0.8136 2 4 5
3.87339 0.820524 0.820524 2 4 5
3.86629 0.827569 0.827569 2 4 5
3.85913 0.834555 0.834555 2 4 5
3.85262 0.842168 0.842168 2 4 5
3.84597 0.849644 0.849644 2 4 5
3.83928 0.857078 0.857078 2 4 5
3.83301 0.864878 0.864878 2 4 5
3.82692 0.872825 0.872825 2 4 5
3.8213 0.881114 0.881114 2 4 5
3.81529 0.88912 0.88912 2 4 5
3.80962 0.897406 0.897406 2 4 5
3.80432 0.905815 0.905815 2 4 5
3.79902 0.914291 0.914291 2 4 5
3.79403 0.92296 0.92296 2 4 5
3.7892 0.931725 0.931725 2 4 5
3.78455 0.940584 0.940584 2 4 5
3.78009 0.949539 0.949539 2 4 5
3.77572 0.958498 0.958498 2 4 5
3.77125 0.967428 0.967428 2 4 5
3.7672 0.9766 0.9766 2 4 5
3.76342 0.98589 0.98589 2 4 5
3.75983 0.995228 0.995228 2 4 5
3.75636 1.00461 1.00461 2 4 5
3.75302 1.01403 1.01403 2 4 5
3.75001 1.02358 1.02358 2 4 5
3.74684 1.03308 1.03308 2 4 5
3.74361 1.04254 1.04254 2 4 5
3.74089 1.05217 1.05217 2 4 5
3.7379 1.06171 1.06171 2 4 5
3.73521 1.07134 1.07134 2 4 5
3.73264 1.081 1.081 2 4 5
3.73019 1.0907 1.0907 2 4 5
3.72785 1.10043 1.10043 2 4 5
3.72562 1.11018 1.11018 2 4 5
3.72349 1.11995 1.11995 2 4 5
3.72144 1.12974 1.12974 2 4 5
3.71948 1.13954 1.13954 2 4 5
3.71759 1.14936 1.14936 2 4 5
3.71578 1.1592 1.1592 2 4 5
3.71419 1.16909 1.16909 2 4 5
3.7123 1.17886 1.17886 2 4 5
3.71056 1.1887 1.1887 2 4 5
3.70901 1.19861 1.19861 2 4 5
3.70758 1.20852 1.20852 2 4 5
3.70621 1.21842 1.21842 2 4 5
3.70488 1.22832 1.22832 2 4 5
3.70371 1.23824 1.23824 2 4 5
3.70233 1.24819 1.24819 2 4 5
3.70101 1.25805 1.25805 2 4 5
3.69982 1.26798 1.26798 2 4 5
3.6987 1.27793 1.27793 2 4 5
3.69764 1.28788 1.28788 2 4 5
3.69662 1.29782 1.29782 2 4 5
3.69563 1.30777 1.30777 2 4 5
3.69467 1.31772 1.31772 2 4 5
3.69372 1.3277 1.3277 2 4 5
3.69276 1.33761 1.33761 2 4 5
3.69189 1.34758 1.34758 2 4 5
3.69107 1.35755 1.35755 2 4 5
3.69029 1.36752 1.36752 2 4 5
3.68953 1.37749 1.37749 2 4 5
3.68879 1.38746 1.38746 2 4 5
3.68802 1.39746 1.39746 2 4 5
3.68728 1.40738 1.40738 2 4 5
3.68662 1.41738 1.41738 2 4 5
3.686 1.42737 1.42737 2 4 5
3.68539 1.43734 1.43734 2 4 5
3.6848 1.44732 1.44732 2 4 5
3.68422 1.45731 1.45731 2 4 5
3.68362 1.46727 1.46727 2 4 5
3.68306 1.47726 1.47726 2 4 5
3.68254 1.48725 1.48725 2 4 5
3.68203 1.49723 1.49723 2 4 5
3.68155 1.50722 1.50722 2 4 5
3.68107 1.51721 1.51721 2 4 5
3.68061 1.5272 1.5272 2 4 5
3.68016 1.5372 1.5372 2 4 5
3.67969 1.54716 1.54716 2 4 5
3.67927 1.55716 1.55716 2 4 5
3.67887 1.56716 1.56716 2 4 5
3.67849 1.57715 1.57715 2 4 5
3.67811 1.58714 1.58714 2 4 5
3.67775 1.59713 1.59713 2 4 5
3.67738 1.60713 1.60713 2 4 5
3.67701 1.61711 1.61711 2 4 5
3.67667 1.62711 1.62711 2 4 5
3.67635 1.6371 1.6371 2 4 5
3.67604 1.6471 1.6471 2 4 5
3.67574 1.65709 1.65709 2 4 5
3.67544 1.66709 1.66709 2 4 5
3.67514 1.67709 1.67709 2 4 5
3.67485 1.68707 1.68707 2 4 5
3.67458 1.69707 1.69707 2 4 5
3.67432 1.70707 1.70707 2 4 5
3.67406 1.71706 1.71706 2 4 5
3.67382 1.72706 1.72706 2 4 5
3.67358 1.73706 1.73706 2 4 5
3.67335 1.74705 1.74705 2 4 5
3.6731 1.75706 1.75706 2 4 5
3.67287 1.76705 1.76705 2 4 5
3.67266 1.77705 1.77705 2 4 5
3.67245 1.78705 1.78705 2 4 5
3.67224 1.79705 1.79705 2 4 5
3.67205 1.80704 1.80704 2 4 5
3.67185 1.81704 1.81704 2 4 5
3.67167 1.82704 1.82704 2 4 5
3.67149 1.83706 1.83706 2 4 5
3.6713 1.84702 1.84702 2 4 5
3.67111 1.85701 1.85701 2 4 5
3.67094 1.86702 1.86702 2 4 5
3.67078 1.87702 1.87702 2 4 5
3.67063 1.88702 1.88702 2 4 5
3.67047 1.89701 1.89701 2 4 5
3.67032 1.90701 1.90701 2 4 5
3.67018 1.91701 1.91701 2 4 5
3.67002 1.92702 1.92702 2 4 5
3.66988 1.93701 1.93701 2 4 5
3.66974 1.94701 1.94701 2 4 5
3.66961 1.95701 1.95701 2 4 5
3.66948 1.96701 1.96701 2 4 5
3.66935 1.97701 1.97701 2 4 5
3.66923 1.98701 1.98701 2 4 5
3.66911 1.99701 1.99701 2 4 5
3.66899 2.00701 2.00701 2 4 5
3.66888 2.01701 2.01701 2 4 5
3.66876 2.02701 2.02701 2 4 5
3.66865 2.03701 2.03701 2 4 5
3.66854 2.04701 2.04701 2 4 5
3.66844 2.05701 2.05701 2 4 5
3.66834 2.06701 2.06701 2 4 5
3.66824 2.07701 2.07701 2 4 5
3.66814 2.08701 2.08701 2 4 5
3.66805 2.097 2.097 2 4 5
3.66796 2.10703 2.10703 2 4 5
3.66786 2.11699 2.11699 2 4 5
3.66777 2.12698 2.12698 2 4 5
3.66768 2.13698 2.13698 2 4 5
3.6676 2.14699 2.14699 2 4 5
3.66752 2.15699 2.15699 2 4 5
3.66744 2.16698 2.16698 2 4 5
3.66736 2.17698 2.17698 2 4 5
3.66727 2.187 2.187 2 4 5
3.6672 2.19701 2.19701 2 4 5
3.66713 2.207 2.207 2 4 5
3.66707 2.217 2.217 2 4 5
3.667 2.22699 2.22699 2 4 5
3.66693 2.237 2.237 2 4 5
3.66686 2.247 2.247 2 4 5
3.66679 2.25701 2.25701 2 4 5
3.66673 2.267 2.267 2 4 5
3.66666 2.277 2.277 2 4 5
3.6666 2.287 2.287 2 4 5
3.66654 2.297 2.297 2 4 5
3.66649 2.307 2.307 2 4 5
3.66643 2.317 2.317 2 4 5
3.66637 2.327 2.327 2 4 5
3.66632 2.337 2.337 2 4 5
3.66626 2.347 2.347 2 4 5
3.66621 2.357 2.357 2 4 5
3.66616 2.367 2.367 2 4 5
3.66611 2.377 2.377 2 4 5
3.66606 2.387 2.387 2 4 5
3.66601 2.397 2.397 2 4 5
3.66596 2.407 2.407 2 4 5
3.66592 2.417 2.417 2 4 5
3.66586 2.42701 2.42701 2 4 5
3.66582 2.43701 2.43701 2 4 5
3.66578 2.44701 2.44701 2 4 5
3.66574 2.457 2.457 2 4 5
3.6657 2.467 2.467 2 4 5
3.66565 2.47701 2.47701 2 4 5
3.66561 2.48701 2.48701 2 4 5
3.66557 2.49701 2.49701 2 4 5
3.66554 2.50701 2.50701 2 4 5
3.6655 2.51701 2.51701 2 4 5
3.66546 2.52701 2.52701 2 4 5
3.66543 2.53701 2.53701 2 4 5
3.66539 2.54701 2.54701 2 4 5
3.66535 2.55701 2.55701 2 4 5
3.66532 2.56701 2.56701 2 4 5
3.66528 2.57701 2.57701 2 4 5
3.66525 2.58701 2.58701 2 4 5
3.66522 2.59701 2.59701 2 4 5
3.66519 2.60701 2.60701 2 4 5
3.66516 2.61701 2.61701 2 4 5
3.66513 2.62701 2.62701 2 4 5
3.6651 2.637 2.637 2 4 5
3.66507 2.64702 2.64702 2 4 5
3.66504 2.65701 2.65701 2 4 5
3.66501 2.66701 2.66701 2 4 5
3.66498 2.67701 2.67701 2 4 5
3.66495 2.68701 2.68701 2 4 5
3.66493 2.69701 2.69701 2 4 5
3.6649 2.70701 2.70701 2 4 5
3.66488 2.71701 2.71701 2 4 5
3.66485 2.72702 2.72702 2 4 5
3.66482 2.73701 2.73701 2 4 5
3.6648 2.74702 2.74702 2 4 5
3.66477 2.75702 2.75702 2 4 5
3.66475 2.76701 2.76701 2 4 5
3.66473 2.77701 2.77701 2 4 5
3.6647 2.78702 2.78702 2 4 5
3.66468 2.79702 2.79702 2 4 5
3.66466 2.80702 2.80702 2 4 5
3.66464 2.81702 2.81702 2 4 5
3.66462 2.82702 2.82702 2 4 5
3.6646 2.83702 2.83702 2 4 5
3.66458 2.84702 2.84702 2 4 5
3.66456 2.85702 2.85702 2 4 5
3.66454 2.86702 2.86702 2 4 5
3.66452 2.87701 2.87701 2 4 5
3.6645 2.88702 2.88702 2 4 5
3.66448 2.89702 2.89702 2 4 5
3.66446 2.90702 2.90702 2 4 5
3.66444 2.91702 2.91702 2 4 5
3.66442 2.92702 2.92702 2 4 5
3.66441 2.93702 2.93702 2 4 5
3.66439 2.94702 2.94702 2 4 5
3.66437 2.95702 2.95702 2 4 5
3.66436 2.96701 2.96701 2 4 5
3.66434 2.97702 2.97702 2 4 5
3.66432 2.98702 2.98702 2 4 5
3.66431 2.99702 2.99702 2 4 5
3.66429 3.00702 3.00702 2 4 5
3.66428 3.01702 3.01702 2 4 5
3.66426 3.02702 3.02702 2 4 5
3.66425 3.03702 3.03702 2 4 5
3.66423 3.04702 3.04702 2 4 5
3.66422 3.05702 3.05702 2 4 5
3.6642 3.06702 3.06702 2 4 5
3.66419 3.07702 3.07702 2 4 5
3.66418 3.08702 3.08702 2 4 5
3.66416 3.09702 3.09702 2 4 5
3.66415 3.10702 3.10702 2 4 5
3.66414 3.11703 3.11703 2 4 5
3.66412 3.12702 3.12702 2 4 5
3.66411 3.13702 3.13702 2 4 5
3.6641 3.14702 3.14702 2 4 5
3.66409 3.15702 3.15702 2 4 5
3.66407 3.16702 3.16702 2 4 5
3.66406 3.17702 3.17702 2 4 5
3.66405 3.18702 3.18702 2 4 5
3.66404 3.19702 3.19702 2 4 5
3.66403 3.20705 3.20705 2 4 5
3.66402 3.21704 3.21704 2 4 5
3.66401 3.22703 3.22703 2 4 5
3.66399 3.23703 3.23703 2 4 5
3.66398 3.24703 3.24703 2 4 5
3.66397 3.25703 3.25703 2 4 5
3.66396 3.26703 3.26703 2 4 5
3.66395 3.27703 3.27703 2 4 5
3.66394 3.28703 3.28703 2 4 5
3.66393 3.29703 3.29703 2 4 5
3.66392 3.30703 3.30703 2 4 5
3.66391 3.31703 3.31703 2 4 5
3.6639 3.32703 3.32703 2 4 5
3.6639 3.33703 3.33703 2 4 5
3.66389 3.34703 3.34703 2 4 5
3.66388 3.35703 3.35703 2 4 5
3.66387 3.36703 3.36703 2 4 5
3.66386 3.37703 3.37703 2 4 5
3.66385 3.38703 3.38703 2 4 5
3.66384 3.39703 3.39703 2 4 5
3.66383 3.40703 3.40703 2 4 5
3.66383 3.41703 3.41703 2 4 5
3.66382 3.42703 3.42703 2 4 5
3.66381 3.43703 3.43703 2 4 5
3.6638 3.44703 3.44703 2 4 5
3.66379 3.45703 3.45703 2 4 5
3.66379 3.46703 3.46703 2 4 5
3.66378 3.47704 3.47704 2 4 5
3.66377 3.48703 3.48703 2 4 5
3.66376 3.49703 3.49703 2 4 5
3.66376 3.50703 3.50703 2 4 5
3.66375 3.51703 3.51703 2 4 5
3.66374 3.52703 3.52703 2 4 5
3.66374 3.53703 3.53703 2 4 5
3.66373 3.54703 3.54703 2 4 5
3.66372 3.5571 3.5571 2 4 5
3.66372 3.56706 3.56706 2 4 5
3.66371 3.57705 3.57705 2 4 5
3.6637 3.58705 3.58705 2 4 5
3.6637 3.59706 3.59706 2 4 5
3.66369 3.60706 3.60706 2 4 5
3.66368 3.61706 3.61706 2 4 5
3.66368 3.62706 3.62706 2 4 5
3.66367 3.63706 3.63706 2 4 5
3.66367 3.64706 3.64706 2 4 5
3.66366 3.65706 3.65706 2 4 5
3.66365 3.66706 3.66706 2 4 5
3.66365 3.67706 3.67706 2 4 5
3.66364 3.68707 3.68707 2 4 5
3.66364 3.69706 3.69706 2 4 5
3.66363 3.70706 3.70706 2 4 5
3.66363 3.71706 3.71706 2 4 5
3.66362 3.72706 3.72706 2 4 5
3.66362 3.73706 3.73706 2 4 5
3.66361 3.74706 3.74706 2 4 5
3.66361 3.75706 3.75706 2 4 5
3.6636 3.76706 3.76706 2 4 5
3.66359 3.77706 3.77706 2 4 5
3.66359 3.78706 3.78706 2 4 5
3.66359 3.79706 3.79706 2 4 5
3.66358 3.80705 3.80705 2 4 5
3.66358 3.81705 3.81705 2 4 5
3.66357 3.8271 3.8271 2 4 5
3.66357 3.83708 3.83708 2 4 5
3.66356 3.84707 3.84707 2 4 5
3.66356 3.85707 3.85707 2 4 5
3.66355 3.86708 3.86708 2 4 5
3.66355 3.87708 3.87708 2 4 5
3.66354 3.88708 3.88708 2 4 5
3.66354 3.89708 3.89708 2 4 5
3.66354 3.90708 3.90708 2 4 5
3.66353 3.91708 3.91708 2 4 5
3.66353 3.92708 3.92708 2 4 5
3.66352 3.93708 3.93708 2 4 5
3.66352 3.94708 3.94708 2 4 5
3.66352 3.95708 3.95708 2 4 5
3.66351 3.96708 3.96708 2 4 5
3.66351 3.97708 3.97708 2 4 5
3.6635 3.98708 3.98708 2 4 5
3.6635 3.99708 3.99708 2 4 5
3.6635 4.00708 4.00708 2 4 5
3.66349 4.01708 4.01708 2 4 5
3.66349 4.02708 4.02708 2 4 5
3.66349 4.03708 4.03708 2 4 5
3.66348 4.04708 4.04708 2 4 5
3.66348 4.05708 4.05708 2 4 5
3.66348 4.06708 4.06708 2 4 5
3.66347 4.07708 4.07708 2 4 5
3.66347 4.08708 4.08708 2 4 5
3.66347 4.09708 4.09708 2 4 5
3.66346 4.10708 4.10708 2 4 5
3.66346 4.11708 4.11708 2 4 5
3.66346 4.12708 4.12708 2 4 5
3.66345 4.13708 4.13708 2 4 5
3.66345 4.14708 4.14708 2 4 5
3.66345 4.15708 4.15708 2 4 5
3.66344 4.16708 4.16708 2 4 5
3.66344 4.17708 4.17708 2 4 5
3.66344 4.18708 4.18708 2 4 5
3.66343 4.19708 4.19708 2 4 5
3.66343 4.20708 4.20708 2 4 5
3.66343 4.21708 4.21708 2 4 5
3.66343 4.22708 4.22708 2 4 5
3.66342 4.23708 4.23708 2 4 5
3.66342 4.24708 4.24708 2 4 5
3.66342 4.25708 4.25708 2 4 5
3.66341 4.26708 4.26708 2 4 5
3.66341 4.27708 4.27708 2 4 5
3.66341 4.28708 4.28708 2 4 5
3.66341 4.29708 4.29708 2 4 5
3.6634 4.30708 4.30708 2 4 5
3.6634 4.31708 4.31708 2 4 5
3.6634 4.32708 4.32708 2 4 5
3.6634 4.33708 4.33708 2 4 5
3.66339 4.34708 4.34708 2 4 5
3.66339 4.35708 4.35708 2 4 5
3.66339 4.36708 4.36708 2 4 5
3.66339 4.37708 4.37708 2 4 5
3.66338 4.38708 4.38708 2 4 5
3.66338 4.39708 4.39708 2 4 5
3.66338 4.40708 4.40708 2 4 5
3.66338 4.41708 4.41708 2 4 5
3.66338 4.42708 4.42708 2 4 5
3.66337 4.43708 4.43708 2 4 5
3.66337 4.44708 4.44708 2 4 5
3.66337 4.45708 4.45708 2 4 5
3.66337 4.46708 4.46708 2 4 5
3.66336 4.47708 4.47708 2 4 5
3.66336 4.48708 4.48708 2 4 5
3.66336 4.49708 4.49708 2 4 5
3.66336 4.50708 4.50708 2 4 5
3.66336 4.51708 4.51708 2 4 5
3.66335 4.52708 4.52708 2 4 5
3.66335 4.53708 4.53708 2 4 5
3.66335 4.54708 4.54708 2 4 5
3.66335 4.55708 4.55708 2 4 5
3.66335 4.56708 4.56708 2 4 5
3.66334 4.57708 4.57708 2 4 5
3.66334 4.58708 4.58708 2 4 5
3.66334 4.59708 4.59708 2 4 5
3.66334 4.60708 4.60708 2 4 5
3.66334 4.61708 4.61708 2 4 5
3.66334 4.62708 4.62708 2 4 5
3.66333 4.63708 4.63708 2 4 5
3.66333 4.64709 4.64709 2 4 5
3.66333 4.65708 4.65708 2 4 5
3.66333 4.66708 4.66708 2 4 5
3.66333 4.67708 4.67708 2 4 5
3.66332 4.68708 4.68708 2 4 5
3.66332 4.69708 4.69708 2 4 5
3.66332 4.70708 4.70708 2 4 5
3.66332 4.71709 4.71709 2 4 5
3.66332 4.7271 4.7271 2 4 5
3.66332 4.73709 4.73709 2 4 5
3.66332 4.74709 4.74709 2 4 5
3.66331 4.75709 4.75709 2 4 5
3.66331 4.76709 4.76709 2 4 5
3.66331 4.77709 4.77709 2 4 5
3.66331 4.78709 4.78709 2 4 5
3.66331 4.79709 4.79709 2 4 5
3.66331 4.80709 4.80709 2 4 5
3.6633 4.81709 4.81709 2 4 5
3.6633 4.82709 4.82709 2 4 5
3.6633 4.83709 4.83709 2 4 5
3.6633 4.84709 4.84709 2 4 5
3.6633 4.85709 4.85709 2 4 5
3.6633 4.86709 4.86709 2 4 5
3.6633 4.87709 4.87709 2 4 5
3.66329 4.88709 4.88709 2 4 5
3.66329 4.89709 4.89709 2 4 5
3.66329 4.90709 4.90709 2 4 5
3.66329 4.91709 4.91709 2 4 5
3.66329 4.92709 4.92709 2 4 5
3.66329 4.93709 4.93709 2 4 5
3.66329 4.94709 4.94709 2 4 5
3.66329 4.95709 4.95709 2 4 5
3.66328 4.96709 4.96709 2 4 5
3.66328 4.97709 4.97709 2 4 5
3.66328 4.98709 4.98709 2 4 5
3.66328 4.99709 4.99709 2 4 5
3.66328 5.00709 5.00709 2 4 5
3.66328 5.01709 5.01709 2 4 5
3.66328 5.02709 5.02709 2 4 5
3.66328 5.03709 5.03709 2 4 5
3.66327 5.04709 5.04709 2 4 5
3.66327 5.05709 5.05709 2 4 5
3.66327 5.06709 5.06709 2 4 5
3.66327 5.07709 5.07709 2 4 5
3.66327 5.08709 5.08709 2 4 5
3.66327 5.09709 5.09709 2 4 5
3.66327 5.10709 5.10709 2 4 5
3.66327 5.11709 5.11709 2 4 5
3.66327 5.12709 5.12709 2 4 5
3.66326 5.13709 5.13709 2 4 5
3.66326 5.14709 5.14709 2 4 5
3.66326 5.15709 5.15709 2 4 5
3.66326 5.16709 5.16709 2 4 5
3.66326 5.17709 5.17709 2 4 5
3.66326 5.18709 5.18709 2 4 5
3.66326 5.19709 5.19709 2 4 5
3.66326 5.20709 5.20709 2 4 5
3.66326 5.21709 5.21709 2 4 5
3.66326 5.22709 5.22709 2 4 5
3.66325 5.23709 5.23709 2 4 5
3.66325 5.24709 5.24709 2 4 5
3.66325 5.25709 5.25709 2 4 5
3.66325 5.26709 5.26709 2 4 5
3.66325 5.27709 5.27709 2 4 5
3.66325 5.28709 5.28709 2 4 5
3.66325 5.29709 5.29709 2 4 5
3.66325 5.30709 5.30709 2 4 5
3.66325 5.31709 5.31709 2 4 5
3.66325 5.32709 5.32709 2 4 5
3.66325 5.33709 5.33709 2 4 5
3.66324 5.34709 5.34709 2 4 5
3.66324 5.35709 5.35709 2 4 5
3.66324 5.36709 5.36709 2 4 5
3.66324 5.37709 5.37709 2 4 5
3.66324 5.38709 5.38709 2 4 5
3.66324 5.39709 5.39709 2 4 5
3.66324 5.40709 5.40709 2 4 5
3.66324 5.41709 5.41709 2 4 5
3.66324 5.42709 5.42709 2 4 5
3.66324 5.43709 5.43709 2 4 5
3.66324 5.44709 5.44709 2 4 5
3.66324 5.45709 5.45709 2 4 5
3.66323 5.46709 5.46709 2 4 5
3.66323 5.47711 5.47711 2 4 5
3.66323 5.4871 5.4871 2 4 5
3.66323 5.4971 5.4971 2 4 5
3.66323 5.5071 5.5071 2 4 5
3.66323 5.5171 5.5171 2 4 5
3.66323 5.5271 5.5271 2 4 5
3.66323 5.5371 5.5371 2 4 5
3.66323 5.5471 5.5471 2 4 5
3.66323 5.5571 5.5571 2 4 5
3.66323 5.5671 5.5671 2 4 5
3.66323 5.5771 5.5771 2 4 5
3.66323 5.5871 5.5871 2 4 5
3.66322 5.5971 5.5971 2 4 5
3.66322 5.6071 5.6071 2 4 5
3.66322 5.6171 5.6171 2 4 5
3.66322 5.6271 5.6271 2 4 5
3.66322 5.6371 5.6371 2 4 5
3.66322 5.6471 5.6471 2 4 5
3.66322 5.6571 5.6571 2 4 5
3.66322 5.6671 5.6671 2 4 5
3.66322 5.6771 5.6771 2 4 5
3.66322 5.6871 5.6871 2 4 5
3.66322 5.6971 5.6971 2 4 5
3.66322 5.7071 5.7071 2 4 5
3.66322 5.7171 5.7171 2 4 5
3.66322 5.7271 5.7271 2 4 5
3.66322 5.7371 5.7371 2 4 5
3.66322 5.7471 5.7471 2 4 5
3.66321 5.7571 5.7571 2 4 5
3.66321 5.7671 5.7671 2 4 5
3.66321 5.7771 5.7771 2 4 5
3.66321 5.7871 5.7871 2 4 5
3.66321 5.7971 5.7971 2 4 5
3.66321 5.8071 5.8071 2 4 5
3.66321 5.8171 5.8171 2 4 5
3.66321 5.8271 5.8271 2 4 5
3.66321 5.8371 5.8371 2 4 5
3.66321 5.8471 5.8471 2 4 5
3.66321 5.8571 5.8571 2 4 5
3.66321 5.8671 5.8671 2 4 5
3.66321 5.8771 5.8771 2 4 5
3.66321 5.8871 5.8871 2 4 5
3.66321 5.8971 5.8971 2 4 5
3.66321 5.9071 5.9071 2 4 5
3.66321 5.9171 5.9171 2 4 5
3.6632 5.9271 5.9271 2 4 5
3.6632 5.9371 5.9371 2 4 5
3.6632 5.9471 5.9471 2 4 5
3.6632 5.9571 5.9571 2 4 5
3.6632 5.9671 5.9671 2 4 5
3.6632 5.9771 5.9771 2 4 5
3.6632 5.9871 5.9871 2 4 5
3.6632 5.9971 5.9971 2 4 5
3.6632 6.0071 6.0071 2 4 5
3.6632 6.0171 6.0171 2 4 5
3.6632 6.0271 6.0271 2 4 5
3.6632 6.0371 6.0371 2 4 5
3.6632 6.0471 6.0471 2 4 5
3.6632 6.0571 6.0571 2 4 5
3.6632 6.0671 6.0671 2 4 5
3.6632 6.0771 6.0771 2 4 5
3.6632 6.0871 6.0871 2 4 5
3.6632 6.0971 6.0971 2 4 5
3.6632 6.1071 6.1071 2 4 5
3.6632 6.1171 6.1171 2 4 5
3.6632 6.1271 6.1271 2 4 5
3.66319 6.1371 6.1371 2 4 5
3.66319 6.1471 6.1471 2 4 5
3.66319 6.1571 6.1571 2 4 5
3.66319 6.1671 6.1671 2 4 5
3.66319 6.1771 6.1771 2 4 5
3.66319 6.1871 6.1871 2 4 5
3.66319 6.1971 6.1971 2 4 5
3.66319 6.2071 6.2071 2 4 5
3.66319 6.2171 6.2171 2 4 5
3.66319 6.2271 6.2271 2 4 5
3.66319 6.2371 6.2371 2 4 5
3.66319 6.2471 6.2471 2 4 5
3.66319 6.25711 6.25711 2 4 5
3.66319 6.26711 6.26711 2 4 5
3.66319 6.2771 6.2771 2 4 5
3.66319 6.2871 6.2871 2 4 5
3.66319 6.2971 6.2971 2 4 5
3.66319 6.3071 6.3071 2 4 5
3.66319 6.3171 6.3171 2 4 5
3.66319 6.3271 6.3271 2 4 5
3.66319 6.3371 6.3371 2 4 5
3.66319 6.3471 6.3471 2 4 5
3.66319 6.3571 6.3571 2 4 5
3.66319 6.3671 6.3671 2 4 5
3.66319 6.3771 6.3771 2 4 5
3.66318 6.3871 6.3871 2 4 5
3.66318 6.3971 6.3971 2 4 5
3.66318 6.4071 6.4071 2 4 5
3.66318 6.4171 6.4171 2 4 5
3.66318 6.4271 6.4271 2 4 5
3.66318 6.4371 6.4371 2 4 5
3.66318 6.4471 6.4471 2 4 5
3.66318 6.4571 6.4571 2 4 5
3.66318 6.4671 6.4671 2 4 5
3.66318 6.4771 6.4771 2 4 5
3.66318 6.4871 6.4871 2 4 5
3.66318 6.4971 6.4971 2 4 5
3.66318 6.5071 6.5071 2 4 5
3.66318 6.5171 6.5171 2 4 5
3.66318 6.5271 6.5271 2 4 5
3.66318 6.5371 6.5371 2 4 5
3.66318 6.5471 6.5471 2 4 5
3.66318 6.5571 6.5571 2 4 5
3.66318 6.56713 6.56713 2 4 5
3.66318 6.57712 6.57712 2 4 5
3.66318 6.58711 6.58711 2 4 5
3.66318 6.59711 6.59711 2 4 5
3.66318 6.60712 6.60712 2 4 5
3.66318 6.61712 6.61712 2 4 5
3.66318 6.62712 6.62712 2 4 5
3.66318 6.63712 6.63712 2 4 5
3.66318 6.64712 6.64712 2 4 5
3.66318 6.65712 6.65712 2 4 5
3.66318 6.66712 6.66712 2 4 5
3.66318 6.67712 6.67712 2 4 5
3.66318 6.68712 6.68712 2 4 5
3.66318 6.69712 6.69712 2 4 5
3.66317 6.70712 6.70712 2 4 5
3.66317 6.71712 6.71712 2 4 5
3.66317 6.72712 6.72712 2 4 5
3.66317 6.73712 6.73712 2 4 5
3.66317 6.74712 6.74712 2 4 5
3.66317 6.75712 6.75712 2 4 5
3.66317 6.76712 6.76712 2 4 5
3.66317 6.77712 6.77712 2 4 5
3.66317 6.78712 6.78712 2 4 5
3.66317 6.79712 6.79712 2 4 5
3.66317 6.80712 6.80712 2 4 5
3.66317 6.81712 6.81712 2 4 5
3.66317 6.82712 6.82712 2 4 5
3.66317 6.83712 6.83712 2 4 5
3.66317 6.84712 6.84712 2 4 5
3.66317 6.85712 6.85712 2 4 5
3.66317 6.86712 6.86712 2 4 5
3.66317 6.87712 6.87712 2 4 5
3.66317 6.88712 6.88712 2 4 5
3.66317 6.89712 6.89712 2 4 5
3.66317 6.90712 6.90712 2 4 5
3.66317 6.91712 6.91712 2 4 5
3.66317 6.92712 6.92712 2 4 5
3.66317 6.93712 6.93712 2 4 5
3.66317 6.94712 6.94712 2 4 5
3.66317 6.95712 6.95712 2 4 5
3.66317 6.96712 6.96712 2 4 5
3.66317 6.97712 6.97712 2 4 5
3.66317 6.98712 6.98712 2 4 5
3.66317 6.99712 6.99712 2 4 5
3.66317 7.00712 7.00712 2 4 5
3.66317 7.01712 7.01712 2 4 5
3.66317 7.02712 7.02712 2 4 5
3.66317 7.03712 7.03712 2 4 5
3.66317 7.04712 7.04712 2 4 5
3.66317 7.05712 7.05712 2 4 5
3.66317 7.06712 7.06712 2 4 5
3.66317 7.07712 7.07712 2 4 5
3.66317 7.08712 7.08712 2 4 5
3.66317 7.09712 7.09712 2 4 5
3.66317 7.10712 7.10712 2 4 5
3.66316 7.11712 7.11712 2 4 5
3.66316 7.12712 7.12712 2 4 5
3.66316 7.13712 7.13712 2 4 5
3.66316 7.14712 7.14712 2 4 5
3.66316 7.15712 7.15712 2 4 5
3.66316 7.16712 7.16712 2 4 5
3.66316 7.17712 7.17712 2 4 5
3.66316 7.18712 7.18712 2 4 5
3.66316 7.19712 7.19712 2 4 5
3.66316 7.20712 7.20712 2 4 5
3.66316 7.21712 7.21712 2 4 5
3.66316 7.22712 7.22712 2 4 5
3.66316 7.23712 7.23712 2 4 5
3.66316 7.24712 7.24712 2 4 5
3.66316 7.25712 7.25712 2 4 5
3.66316 7.26712 7.26712 2 4 5
3.66316 7.27712 7.27712 2 4 5
3.66316 7.28712 7.28712 2 4 5
3.66316 7.29712 7.29712 2 4 5
3.66316 7.30712 7.30712 2 4 5
3.66316 7.31712 7.31712 2 4 5
3.66316 7.32712 7.32712 2 4 5
3.66316 7.33712 7.33712 2 4 5
3.66316 7.34712 7.34712 2 4 5
3.66316 7.35712 7.35712 2 4 5
3.66316 7.36712 7.36712 2 4 5
3.66316 7.37712 7.37712 2 4 5
3.66316 7.38712 7.38712 2 4 5
3.66316 7.39712 7.39712 2 4 5
3.66316 7.40712 7.40712 2 4 5
3.66316 7.41713 7.41713 2 4 5
3.66316 7.42712 7.42712 2 4 5
3.66316 7.43712 7.43712 2 4 5
3.66316 7.44712 7.44712 2 4 5
3.66316 7.45712 7.45712 2 4 5
3.66316 7.46712 7.46712 2 4 5
3.66316 7.47712 7.47712 2 4 5
3.66316 7.48712 7.48712 2 4 5
3.66316 7.49712 7.49712 2 4 5
3.66316 7.50712 7.50712 2 4 5
3.66316 7.51712 7.51712 2 4 5
3.66316 7.52712 7.52712 2 4 5
3.66316 7.53712 7.53712 2 4 5
3.66316 7.54712 7.54712 2 4 5
3.66316 7.55712 7.55712 2 4 5
3.66316 7.56712 7.56712 2 4 5
3.66316 7.57712 7.57712 2 4 5
3.66316 7.58712 7.58712 2 4 5
3.66316 7.59712 7.59712 2 4 5
3.66316 7.60712 7.60712 2 4 5
3.66316 7.61712 7.61712 2 4 5
3.66316 7.62712 7.62712 2 4 5
3.66316 7.63712 7.63712 2 4 5
3.66316 7.64712 7.64712 2 4 5
3.66316 7.65712 7.65712 2 4 5
3.66316 7.66712 7.66712 2 4 5
3.66316 7.67712 7.67712 2 4 5
3.66316 7.68712 7.68712 2 4 5
3.66315 7.69712 7.69712 2 4 5
3.66315 7.70712 7.70712 2 4 5
3.66315 7.71712 7.71712 2 4 5
3.66315 7.72712 7.72712 2 4 5
3.66315 7.73712 7.73712 2 4 5
3.66315 7.74712 7.74712 2 4 5
3.66315 7.75712 7.75712 2 4 5
3.66315 7.76712 7.76712 2 4 5
3.66315 7.77712 7.77712 2 4 5
3.66315 7.78712 7.78712 2 4 5
3.66315 7.79712 7.79712 2 4 5
3.66315 7.80712 7.80712 2 4 5
3.66315 7.81712 7.81712 2 4 5
3.66315 7.82712 7.82712 2 4 5
3.66315 7.83712 7.83712 2 4 5
3.66315 7.84712 7.84712 2 4 5
3.66315 7.85712 7.85712 2 4 5
3.66315 7.86712 7.86712 2 4 5
3.66315 7.87712 7.87712 2 4 5
3.66315 7.88712 7.88712 2 4 5
3.66315 7.89712 7.89712 2 4 5
3.66315 7.90712 7.90712 2 4 5
3.66315 7.91712 7.91712 2 4 5
3.66315 7.92712 7.92712 2 4 5
3.66315 7.93712 7.93712 2 4 5
3.66315 7.94712 7.94712 2 4 5
3.66315 7.95712 7.95712 2 4 5
3.66315 7.96712 7.96712 2 4 5
3.66315 7.97712 7.97712 2 4 5
3.66315 7.98712 7.98712 2 4 5
3.66315 7.99712 7.99712 2 4 5
3.66315 8.00712 8.00712 2 4 5
3.66315 8.01712 8.01712 2 4 5
3.66315 8.02712 8.02712 2 4 5
3.66315 8.03712 8.03712 2 4 5
3.66315 8.04712 8.04712 2 4 5
3.66315 8.05712 8.05712 2 4 5
3.66315 8.06712 8.06712 2 4 5
3.66315 8.07712 8.07712 2 4 5
3.66315 8.08712 8.08712 2 4 5
3.66315 8.09712 8.09712 2 4 5
3.66315 8.10714 8.10714 2 4 5
3.66315 8.11713 8.11713 2 4 5
3.66315 8.12713 8.12713 2 4 5
3.66315 8.13713 8.13713 2 4 5
3.66315 8.14713 8.14713 2 4 5
3.66315 8.15713 8.15713 2 4 5
3.66315 8.16713 8.16713 2 4 5
3.66315 8.17713 8.17713 2 4 5
3.66315 8.18713 8.18713 2 4 5
3.66315 8.19713 8.19713 2 4 5
3.66315 8.20713 8.20713 2 4 5
3.66315 8.21713 8.21713 2 4 5
3.66315 8.22713 8.22713 2 4 5
3.66315 8.23713 8.23713 2 4 5
3.66315 8.24713 8.24713 2 4 5
3.66315 8.25713 8.25713 2 4 5
3.66315 8.26713 8.26713 2 4 5
3.66315 8.27713 8.27713 2 4 5
3.66315 8.28713 8.28713 2 4 5
3.66315 8.29713 8.29713 2 4 5
3.66315 8.30713 8.30713 2 4 5
3.66315 8.31713 8.31713 2 4 5
3.66315 8.32713 8.32713 2 4 5
3.66315 8.33713 8.33713 2 4 5
3.66315 8.34713 8.34713 2 4 5
3.66315 8.35713 8.35713 2 4 5
3.66315 8.36713 8.36713 2 4 5
3.66315 8.37713 8.37713 2 4 5
3.66315 8.38713 8.38713 2 4 5
3.66315 8.39713 8.39713 2 4 5
3.66315 8.40713 8.40713 2 4 5
3.66315 8.41713 8.41713 2 4 5
3.66315 8.42713 8.42713 2 4 5
3.66315 8.43713 8.43713 2 4 5
3.66315 8.44713 8.44713 2 4 5
3.66315 8.45713 8.45713 2 4 5
3.66315 8.46713 8.46713 2 4 5
3.66315 8.47713 8.47713 2 4 5
3.66315 8.48713 8.48713 2 4 5
3.66315 8.49713 8.49713 2 4 5
3.66315 8.50713 8.50713 2 4 5
3.66315 8.51713 8.51713 2 4 5
3.66315 8.52713 8.52713 2 4 5
3.66315 8.53713 8.53713 2 4 5
3.66315 8.54713 8.54713 2 4 5
3.66315 8.55713 8.55713 2 4 5
3.66315 8.56713 8.56713 2 4 5
3.66315 8.57713 8.57713 2 4 5
3.66315 8.58713 8.58713 2 4 5
3.66315 8.59713 8.59713 2 4 5
3.66315 8.60713 8.60713 2 4 5
3.66315 8.61713 8.61713 2 4 5
3.66314 8.62713 8.62713 2 4 5
3.66314 8.63713 8.63713 2 4 5
3.66314 8.64713 8.64713 2 4 5
3.66314 8.65713 8.65713 2 4 5
3.66314 8.66713 8.66713 2 4 5
3.66314 8.67713 8.67713 2 4 5
3.66314 8.68713 8.68713 2 4 5
3.66314 8.69713 8.69713 2 4 5
3.66314 8.70713 8.70713 2 4 5
3.66314 8.71713 8.71713 2 4 5
3.66314 8.72713 8.72713 2 4 5
3.66314 8.73713 8.73713 2 4 5
3.66314 8.74713 8.74713 2 4 5
3.66314 8.75713 8.75713 2 4 5
3.66314 8.76713 8.76713 2 4 5
3.66314 8.77713 8.77713 2 4 5
3.66314 8.78713 8.78713 2 4 5
3.66314 8.79713 8.79713 2 4 5
3.66314 8.80713 8.80713 2 4 5
3.66314 8.81713 8.81713 2 4 5
3.66314 8.82713 8.82713 2 4 5
3.66314 8.83713 8.83713 2 4 5
3.66314 8.84713 8.84713 2 4 5
3.66314 8.85713 8.85713 2 4 5
3.66314 8.86713 8.86713 2 4 5
3.66314 8.87713 8.87713 2 4 5
3.66314 8.88713 8.88713 2 4 5
3.66314 8.89713 8.89713 2 4 5
3.66314 8.90713 8.90713 2 4 5
3.66314 8.91713 8.91713 2 4 5
3.66314 8.92713 8.92713 2 4 5
3.66314 8.93713 8.93713 2 4 5
3.66314 8.94713 8.94713 2 4 5
3.66314 8.95713 8.95713 2 4 5
3.66314 8.96713 8.96713 2 4 5
3.66314 8.97713 8.97713 2 4 5
3.66314 8.98713 8.98713 2 4 5
3.66314 8.99713 8.99713 2 4 5
3.66314 9.00713 9.00713 2 4 5
3.66314 9.01713 9.01713 2 4 5
3.66314 9.02713 9.02713 2 4 5
3.66314 9.03713 9.03713 2 4 5
3.66314 9.04713 9.04713 2 4 5
3.66314 9.05713 9.05713 2 4 5
3.66314 9.06713 9.06713 2 4 5
3.66314 9.07713 9.07713 2 4 5
3.66314 9.08713 9.08713 2 4 5
3.66314 9.09713 9.09713 2 4 5
3.66314 9.10713 9.10713 2 4 5
3.66314 9.11713 9.11713 2 4 5
3.66314 9.12713 9.12713 2 4 5
3.66314 9.13713 9.13713 2 4 5
3.66314 9.14713 9.14713 2 4 5
3.66314 9.15713 9.15713 2 4 5
3.66314 9.16713 9.16713 2 4 5
3.66314 9.17713 9.17713 2 4 5
3.66314 9.18713 9.18713 2 4 5
3.66314 9.19713 9.19713 2 4 5
3.66314 9.20713 9.20713 2 4 5
3.66314 9.21713 9.21713 2 4 5
3.66314 9.22713 9.22713 2 4 5
3.66314 9.23713 9.23713 2 4 5
3.66314 9.24713 9.24713 2 4 5
3.66314 9.25713 9.25713 2 4 5
3.66314 9.26713 9.26713 2 4 5
3.66314 9.27713 9.27713 2 4 5
3.66314 9.28713 9.28713 2 4 5
3.66314 9.29713 9.29713 2 4 5
3.66314 9.30713 9.30713 2 4 5
3.66314 9.31713 9.31713 2 4 5
3.66314 9.32713 9.32713 2 4 5
3.66314 9.33713 9.33713 2 4 5
3.66314 9.34713 9.34713 2 4 5
3.66314 9.35713 9.35713 2 4 5
3.66314 9.36713 9.36713 2 4 5
3.66314 9.37713 9.37713 2 4 5
3.66314 9.38713 9.38713 2 4 5
3.66314 9.39713 9.39713 2 4 5
3.66314 9.40713 9.40713 2 4 5
3.66314 9.41713 9.41713 2 4 5
3.66314 9.42713 9.42713 2 4 5
3.66314 9.43713 9.43713 2 4 5
3.66314 9.44713 9.44713 2 4 5
3.66314 9.45713 9.45713 2 4 5
3.66314 9.46713 9.46713 2 4 5
3.66314 9.47713 9.47713 2 4 5
3.66314 9.48713 9.48713 2 4 5
3.66314 9.49713 9.49713 2 4 5
3.66314 9.50713 9.50713 2 4 5
3.66314 9.51713 9.51713 2 4 5
3.66314 9.52713 9.52713 2 4 5
3.66314 9.53713 9.53713 2 4 5
3.66314 9.54713 9.54713 2 4 5
3.66314 9.55713 9.55713 2 4 5
3.66314 9.56713 9.56713 2 4 5
3.66314 9.57713 9.57713 2 4 5
3.66314 9.58713 9.58713 2 4 5
3.66314 9.59713 9.59713 2 4 5
3.66314 9.60713 9.60713 2 4 5
3.66314 9.61713 9.61713 2 4 5
3.66314 9.62713 9.62713 2 4 5
3.66314 9.63713 9.63713 2 4 5
3.66314 9.64713 9.64713 2 4 5
3.66314 9.65713 9.65713 2 4 5
3.66314 9.66713 9.66713 2 4 5
3.66314 9.67713 9.67713 2 4 5
3.66314 9.68713 9.68713 2 4 5
3.66314 9.69713 9.69713 2 4 5
3.66314 9.70713 9.70713 2 4 5
3.66314 9.71713 9.71713 2 4 5
3.66314 9.72713 9.72713 2 4 5
3.66314 9.73713 9.73713 2 4 5
3.66314 9.74713 9.74713 2 4 5
3.66314 9.75713 9.75713 2 4 5
3.66314 9.76713 9.76713 2 4 5
3.66314 9.77713 9.77713 2 4 5
3.66314 9.78713 9.78713 2 4 5
3.66314 9.79713 9.79713 2 4 5
3.66314 9.80713 9.80713 2 4 5
3.66314 9.81713 9.81713 2 4 5
3.66314 9.82713 9.82713 2 4 5
3.66314 9.83713 9.83713 2 4 5
3.66314 9.84713 9.84713 2 4 5
3.66314 9.85713 9.85713 2 4 5
3.66314 9.86713 9.86713 2 4 5
3.66314 9.87713 9.87713 2 4 5
3.66314 9.88713 9.88713 2 4 5
3.66314 9.89713 9.89713 2 4 5
3.66314 9.90713 9.90713 2 4 5
3.66314 9.91713 9.91713 2 4 5
3.66314 9.92713 9.92713 2 4 5
3.66314 9.93713 9.93713 2 4 5
3.66314 9.94713 9.94713 2 4 5
3.66314 9.95713 9.95713 2 4 5
3.66314 9.96713 9.96713 2 4 5
3.66314 9.97713 9.97713 2 4 5
3.66314 9.98713 9.98713 2 4 5
3.66314 9.99713 9.99713 2 4 5
3.66314 10.0071 10.0071 2 4 5
3.66314 10.0171 10.0171 2 4 5
3.66314 10.0271 10.0271 2 4 5
3.66314 10.0371 10.0371 2 4 5
3.66314 10.0471 10.0471 2 4 5
3.66314 10.0571 10.0571 2 4 5
3.66314 10.0671 10.0671 2 4 5
3.66314 10.0771 10.0771 2 4 5
3.66314 10.0871 10.0871 2 4 5
3.66314 10.0971 10.0971 2 4 5
3.66314 10.1071 10.1071 2 4 5
3.66314 10.1171 10.1171 2 4 5
3.66314 10.1271 10.1271 2 4 5
3.66314 10.1371 10.1371 2 4 5
3.66314 10.1471 10.1471 2 4 5
3.66314 10.1571 10.1571 2 4 5
3.66314 10.1671 10.1671 2 4 5
3.66314 10.1771 10.1771 2 4 5
3.66314 10.1871 10.1871 2 4 5
3.66314 10.1971 10.1971 2 4 5
3.66314 10.2071 10.2071 2 4 5
3.66314 10.2171 10.2171 2 4 5
3.66314 10.2271 10.2271 2 4 5
3.66314 10.2371 10.2371 2 4 5
3.66314 10.2471 10.2471 2 4 5
3.66314 10.2571 10.2571 2 4 5
3.66314 10.2671 10.2671 2 4 5
3.66314 10.2771 10.2771 2 4 5
3.66314 10.2871 10.2871 2 4 5
3.66314 10.2971 10.2971 2 4 5
3.66314 10.3071 10.3071 2 4 5
3.66314 10.3171 10.3171 2 4 5
3.66314 10.3271 10.3271 2 4 5
3.66314 10.3371 10.3371 2 4 5
3.66314 10.3471 10.3471 2 4 5
3.66314 10.3571 10.3571 2 4 5
3.66314 10.3671 10.3671 2 4 5
3.66314 10.3771 10.3771 2 4 5
3.66314 10.3871 10.3871 2 4 5
3.66314 10.3971 10.3971 2 4 5
3.66314 10.4071 10.4071 2 4 5
3.66314 10.4171 10.4171 2 4 5
3.66314 10.4271 10.4271 2 4 5
3.66314 10.4371 10.4371 2 4 5
3.66314 10.4471 10.4471 2 4 5
3.66314 10.4571 10.4571 2 4 5
3.66314 10.4671 10.4671 2 4 5
3.66314 10.4771 10.4771 2 4 5
3.66314 10.4871 10.4871 2 4 5
3.66314 10.4971 10.4971 2 4 5
3.66314 10.5071 10.5071 2 4 5
3.66314 10.5171 10.5171 2 4 5
3.66314 10.5271 10.5271 2 4 5
3.66314 10.5371 10.5371 2 4 5
3.66314 10.5471 10.5471 2 4 5
3.66314 10.5571 10.5571 2 4 5
3.66314 10.5671 10.5671 2 4 5
3.66314 10.5771 10.5771 2 4 5
3.66314 10.5871 10.5871 2 4 5
3.66314 10.5971 10.5971 2 4 5
3.66314 10.6071 10.6071 2 4 5
3.66314 10.6171 10.6171 2 4 5
3.66314 10.6271 10.6271 2 4 5
3.66314 10.6371 10.6371 2 4 5
3.66314 10.6471 10.6471 2 4 5
3.66314 10.6571 10.6571 2 4 5
3.66314 10.6671 10.6671 2 4 5
3.66314 10.6771 10.6771 2 4 5
3.66314 10.6871 10.6871 2 4 5
3.66314 10.6971 10.6971 2 4 5
3.66314 10.7071 10.7071 2 4 5
3.66313 10.7171 10.7171 2 4 5
3.66313 10.7271 10.7271 2 4 5
3.66313 10.7371 10.7371 2 4 5
3.66313 10.7471 10.7471 2 4 5
3.66313 10.7571 10.7571 2 4 5
3.66313 10.7671 10.7671 2 4 5
3.66313 10.7771 10.7771 2 4 5
3.66313 10.7871 10.7871 2 4 5
3.66313 10.7971 10.7971 2 4 5
3.66313 10.8071 10.8071 2 4 5
3.66313 10.8171 10.8171 2 4 5
3.66313 10.8271 10.8271 2 4 5
3.66313 10.8371 10.8371 2 4 5
3.66313 10.8471 10.8471 2 4 5
3.66313 10.8571 10.8571 2 4 5
3.66313 10.8671 10.8671 2 4 5
3.66313 10.8771 10.8771 2 4 5
3.66313 10.8871 10.8871 2 4 5
3.66313 10.8971 10.8971 2 4 5
3.66313 10.9071 10.9071 2 4 5
3.66313 10.9171 10.9171 2 4 5
3.66313 10.9271 10.9271 2 4 5
3.66313 10.9371 10.9371 2 4 5
3.66313 10.9471 10.9471 2 4 5
3.66313 10.9571 10.9571 2 4 5
3.66313 10.9671 10.9671 2 4 5
3.66313 10.9771 10.9771 2 4 5
3.66313 10.9871 10.9871 2 4 5
3.66313 10.9971 10.9971 2 4 5
3.66313 11.0071 11.0071 2 4 5
3.66313 11.0171 11.0171 2 4 5
3.66313 11.0271 11.0271 2 4 5
3.66313 11.0371 11.0371 2 4 5
3.66313 11.0471 11.0471 2 4 5
3.66313 11.0571 11.0571 2 4 5
3.66313 11.0671 11.0671 2 4 5
3.66313 11.0771 11.0771 2 4 5
3.66313 11.0871 11.0871 2 4 5
3.66313 11.0971 11.0971 2 4 5
3.66313 11.1071 11.1071 2 4 5
3.66313 11.1171 11.1171 2 4 5
3.66313 11.1271 11.1271 2 4 5
3.66313 11.1371 11.1371 2 4 5
3.66313 11.1471 11.1471 2 4 5
3.66313 11.1571 11.1571 2 4 5
3.66313 11.1671 11.1671 2 4 5
3.66313 11.1771 11.1771 2 4 5
3.66313 11.1871 11.1871 2 4 5
3.66313 11.1971 11.1971 2 4 5
3.66313 11.2071 11.2071 2 4 5
3.66313 11.2171 11.2171 2 4 5
3.66313 11.2271 11.2271 2 4 5
3.66313 11.2371 11.2371 2 4 5
3.66313 11.2471 11.2471 2 4 5
3.66313 11.2571 11.2571 2 4 5
3.66313 11.2671 11.2671 2 4 5
3.66313 11.2771 11.2771 2 4 5
3.66313 11.2871 11.2871 2 4 5
3.66313 11.2971 11.2971 2 4 5
3.66313 11.3071 11.3071 2 4 5
3.66313 11.3171 11.3171 2 4 5
3.66313 11.3271 11.3271 2 4 5
3.66313 11.3371 11.3371 2 4 5
3.66313 11.3471 11.3471 2 4 5
3.66313 11.3571 11.3571 2 4 5
3.66313 11.3671 11.3671 2 4 5
3.66313 11.3771 11.3771 2 4 5
3.66313 11.3871 11.3871 2 4 5
3.66313 11.3971 11.3971 2 4 5
3.66313 11.4071 11.4071 2 4 5
3.66313 11.4171 11.4171 2 4 5
3.66313 11.4271 11.4271 2 4 5
3.66313 11.4371 11.4371 2 4 5
3.66313 11.4471 11.4471 2 4 5
3.66313 11.4571 11.4571 2 4 5
3.66313 11.4671 11.4671 2 4 5
3.66313 11.4771 11.4771 2 4 5
3.66313 11.4871 11.4871 2 4 5
3.66313 11.4971 11.4971 2 4 5
3.66313 11.5071 11.5071 2 4 5
3.66313 11.5171 11.5171 2 4 5
3.66313 11.5271 11.5271 2 4 5
3.66313 11.5371 11.5371 2 4 5
3.66313 11.5471 11.5471 2 4 5
3.66313 11.5571 11.5571 2 4 5
3.66313 11.5671 11.5671 2 4 5
3.66313 11.5771 11.5771 2 4 5
3.66313 11.5871 11.5871 2 4 5
3.66313 11.5971 11.5971 2 4 5
3.66313 11.6071 11.6071 2 4 5
3.66313 11.6171 11.6171 2 4 5
3.66313 11.6271 11.6271 2 4 5
3.66313 11.6371 11.6371 2 4 5
3.66313 11.6471 11.6471 2 4 5
3.66313 11.6571 11.6571 2 4 5
3.66313 11.6671 11.6671 2 4 5
3.66313 11.6771 11.6771 2 4 5
3.66313 11.6871 11.6871 2 4 5
3.66313 11.6971 11.6971 2 4 5
3.66313 11.7071 11.7071 2 4 5
3.66313 11.7171 11.7171 2 4 5
3.66313 11.7271 11.7271 2 4 5
3.66313 11.7371 11.7371 2 4 5
3.66313 11.7471 11.7471 2 4 5
3.66313 11.7571 11.7571 2 4 5
3.66313 11.7671 11.7671 2 4 5
3.66313 11.7771 11.7771 2 4 5
3.66313 11.7871 11.7871 2 4 5
3.66313 11.7971 11.7971 2 4 5
3.66313 11.8071 11.8071 2 4 5
3.66313 11.8171 11.8171 2 4 5
3.66313 11.8271 11.8271 2 4 5
3.66313 11.8371 11.8371 2 4 5
3.66313 11.8471 11.8471 2 4 5
3.66313 11.8571 11.8571 2 4 5
3.66313 11.8671 11.8671 2 4 5
3.66313 11.8771 11.8771 2 4 5
3.66313 11.8871 11.8871 2 4 5
3.66313 11.8971 11.8971 2 4 5
3.66313 11.9071 11.9071 2 4 5
3.66313 11.9171 11.9171 2 4 5
3.66313 11.9271 11.9271 2 4 5
3.66313 11.9371 11.9371 2 4 5
3.66313 11.9471 11.9471 2 4 5
3.66313 11.9571 11.9571 2 4 5
3.66313 11.9671 11.9671 2 4 5
3.66313 11.9771 11.9771 2 4 5
3.66313 11.9871 11.9871 2 4 5
3.66313 11.9971 11.9971 2 4 5
3.66313 12.0071 12.0071 2 4 5
3.66313 12.0171 12.0171 2 4 5
3.66313 12.0271 12.0271 2 4 5
3.66313 12.0371 12.0371 2 4 5
3.66313 12.0471 12.0471 2 4 5
3.66313 12.0571 12.0571 2 4 5
3.66313 12.0671 12.0671 2 4 5
3.66313 12.0771 12.0771 2 4 5
3.66313 12.0871 12.0871 2 4 5
3.66313 12.0971 12.0971 2 4 5
3.66313 12.1071 12.1071 2 4 5
3.66313 12.1171 12.1171 2 4 5
3.66313 12.1271 12.1271 2 4 5
3.66313 12.1371 12.1371 2 4 5
3.66313 12.1471 12.1471 2 4 5
3.66313 12.1571 12.1571 2 4 5
3.66313 12.1671 12.1671 2 4 5
3.66313 12.1771 12.1771 2 4 5
3.66313 12.1871 12.1871 2 4 5
3.66313 12.1971 12.1971 2 4 5
3.66313 12.2071 12.2071 2 4 5
3.66313 12.2171 12.2171 2 4 5
3.66313 12.2271 12.2271 2 4 5
3.66313 12.2371 12.2371 2 4 5
3.66313 12.2471 12.2471 2 4 5
3.66313 12.2571 12.2571 2 4 5
3.66313 12.2671 12.2671 2 4 5
3.66313 12.2771 12.2771 2 4 5
3.66313 12.2871 12.2871 2 4 5
3.66313 12.2971 12.2971 2 4 5
3.66313 12.3071 12.3071 2 4 5
3.66313 12.3171 12.3171 2 4 5
3.66313 12.3271 12.3271 2 4 5
3.66313 12.3371 12.3371 2 4 5
3.66313 12.3471 12.3471 2 4 5
3.66313 12.3571 12.3571 2 4 5
3.66313 12.3671 12.3671 2 4 5
3.66313 12.3771 12.3771 2 4 5
3.66313 12.3871 12.3871 2 4 5
3.66313 12.3971 12.3971 2 4 5
3.66313 12.4071 12.4071 2 4 5
3.66313 12.4171 12.4171 2 4 5
3.66313 12.4271 12.4271 2 4 5
3.66313 12.4371 12.4371 2 4 5
3.66313 12.4471 12.4471 2 4 5
3.66313 12.4571 12.4571 2 4 5
3.66313 12.4671 12.4671 2 4 5
3.66313 12.4771 12.4771 2 4 5
3.66313 12.4871 12.4871 2 4 5
3.66313 12.4971 12.4971 2 4 5
3.66313 12.5071 12.5071 2 4 5
3.66313 12.5171 12.5171 2 4 5
3.66313 12.5271 12.5271 2 4 5
3.66313 12.5371 12.5371 2 4 5
3.66313 12.5471 12.5471 2 4 5
3.66313 12.5571 12.5571 2 4 5
3.66313 12.5671 12.5671 2 4 5
3.66313 12.5771 12.5771 2 4 5
3.66313 12.5871 12.5871 2 4 5
3.66313 12.5971 12.5971 2 4 5
3.66313 12.6071 12.6071 2 4 5
3.66313 12.6171 12.6171 2 4 5
3.66313 12.6271 12.6271 2 4 5
3.66313 12.6371 12.6371 2 4 5
3.66313 12.6471 12.6471 2 4 5
3.66313 12.6571 12.6571 2 4 5
3.66313 12.6671 12.6671 2 4 5
3.66313 12.6771 12.6771 2 4 5
3.66313 12.6871 12.6871 2 4 5
3.66313 12.6971 12.6971 2 4 5
3.66313 12.7071 12.7071 2 4 5
3.66313 12.7171 12.7171 2 4 5
3.66313 12.7271 12.7271 2 4 5
3.66313 12.7371 12.7371 2 4 5
3.66313 12.7471 12.7471 2 4 5
3.66313 12.7571 12.7571 2 4 5
3.66313 12.7671 12.7671 2 4 5
3.66313 12.7771 12.7771 2 4 5
3.66313 12.7871 12.7871 2 4 5
3.66313 12.7971 12.7971 2 4 5
3.66313 12.8071 12.8071 2 4 5
3.66313 12.8171 12.8171 2 4 5
3.66313 12.8271 12.8271 2 4 5
3.66313 12.8371 12.8371 2 4 5
3.66313 12.8471 12.8471 2 4 5
3.66313 12.8571 12.8571 2 4 5
3.66313 12.8671 12.8671 2 4 5
3.66313 12.8771 12.8771 2 4 5
3.66313 12.8871 12.8871 2 4 5
3.66313 12.8971 12.8971 2 4 5
3.66313 12.9071 12.9071 2 4 5
3.66313 12.9171 12.9171 2 4 5
3.66313 12.9271 12.9271 2 4 5
3.66313 12.9371 12.9371 2 4 5
3.66313 12.9471 12.9471 2 4 5
3.66313 12.9571 12.9571 2 4 5
3.66313 12.9671 12.9671 2 4 5
3.66313 12.9771 12.9771 2 4 5
3.66313 12.9871 12.9871 2 4 5
3.66313 12.9971 12.9971 2 4 5
3.66313 13.0071 13.0071 2 4 5
3.66313 13.0171 13.0171 2 4 5
3.66313 13.0271 13.0271 2 4 5
3.66313 13.0371 13.0371 2 4 5
3.66313 13.0471 13.0471 2 4 5
3.66313 13.0571 13.0571 2 4 5
3.66313 13.0671 13.0671 2 4 5
3.66313 13.0771 13.0771 2 4 5
3.66313 13.0871 13.0871 2 4 5
3.66313 13.0971 13.0971 2 4 5
3.66313 13.1071 13.1071 2 4 5
3.66313 13.1171 13.1171 2 4 5
3.66313 13.1271 13.1271 2 4 5
3.66313 13.1371 13.1371 2 4 5
3.66313 13.1471 13.1471 2 4 5
3.66313 13.1571 13.1571 2 4 5
3.66313 13.1671 13.1671 2 4 5
3.66313 13.1771 13.1771 2 4 5
3.66313 13.1871 13.1871 2 4 5
3.66313 13.1971 13.1971 2 4 5
3.66313 13.2071 13.2071 2 4 5
3.66313 13.2171 13.2171 2 4 5
3.66313 13.2271 13.2271 2 4 5
3.66313 13.2371 13.2371 2 4 5
3.66313 13.2471 13.2471 2 4 5
3.66313 13.2571 13.2571 2 4 5
3.66313 13.2671 13.2671 2 4 5
3.66313 13.2771 13.2771 2 4 5
3.66313 13.2871 13.2871 2 4 5
3.66313 13.2971 13.2971 2 4 5
3.66313 13.3071 13.3071 2 4 5
3.66313 13.3171 13.3171 2 4 5
3.66313 13.3271 13.3271 2 4 5
3.66313 13.3371 13.3371 2 4 5
3.66313 13.3471 13.3471 2 4 5
3.66313 13.3571 13.3571 2 4 5
3.66313 13.3671 13.3671 2 4 5
3.66313 13.3771 13.3771 2 4 5
3.66313 13.3871 13.3871 2 4 5
3.66313 13.3971 13.3971 2 4 5
3.66313 13.4071 13.4071 2 4 5
3.66313 13.4171 13.4171 2 4 5
3.66313 13.4271 13.4271 2 4 5
3.66313 13.4371 13.4371 2 4 5
3.66313 13.4471 13.4471 2 4 5
3.66313 13.4571 13.4571 2 4 5
3.66313 13.4671 13.4671 2 4 5
3.66313 13.4771 13.4771 2 4 5
3.66313 13.4871 13.4871 2 4 5
3.66313 13.4971 13.4971 2 4 5
3.66313 13.5071 13.5071 2 4 5
3.66313 13.5171 13.5171 2 4 5
3.66313 13.5271 13.5271 2 4 5
3.66313 13.5371 13.5371 2 4 5
3.66313 13.5471 13.5471 2 4 5
3.66313 13.5571 13.5571 2 4 5
3.66313 13.5671 13.5671 2 4 5
3.66313 13.5771 13.5771 2 4 5
3.66313 13.5871 13.5871 2 4 5
3.66313 13.5971 13.5971 2 4 5
3.66313 13.6071 13.6071 2 4 5
3.66313 13.6171 13.6171 2 4 5
3.66313 13.6271 13.6271 2 4 5
3.66313 13.6371 13.6371 2 4 5
3.66313 13.6471 13.6471 2 4 5
3.66313 13.6571 13.6571 2 4 5
3.66313 13.6671 13.6671 2 4 5
3.66313 13.6771 13.6771 2 4 5
3.66313 13.6871 13.6871 2 4 5
3.66313 13.6971 13.6971 2 4 5
3.66313 13.7071 13.7071 2 4 5
3.66313 13.7171 13.7171 2 4 5
3.66313 13.7271 13.7271 2 4 5
3.66313 13.7371 13.7371 2 4 5
3.66313 13.7471 13.7471 2 4 5
3.66313 13.7571 13.7571 2 4 5
3.66313 13.7671 13.7671 2 4 5
3.66313 13.7771 13.7771 2 4 5
3.66313 13.7871 13.7871 2 4 5
3.66313 13.7971 13.7971 2 4 5
3.66313 13.8071 13.8071 2 4 5
3.66313 13.8171 13.8171 2 4 5
3.66313 13.8271 13.8271 2 4 5
3.66313 13.8371 13.8371 2 4 5
3.66313 13.8471 13.8471 2 4 5
3.66313 13.8571 13.8571 2 4 5
3.66313 13.8671 13.8671 2 4 5
3.66313 13.8771 13.8771 2 4 5
3.66313 13.8871 13.8871 2 4 5
3.66313 13.8971 13.8971 2 4 5
3.66313 13.9071 13.9071 2 4 5
3.66313 13.9171 13.9171 2 4 5
3.66313 13.9271 13.9271 2 4 5
3.66313 13.9371 13.9371 2 4 5
3.66313 13.9471 13.9471 2 4 5
3.66313 13.9571 13.9571 2 4 5
3.66313 13.9671 13.9671 2 4 5
3.66313 13.9771 13.9771 2 4 5
3.66313 13.9871 13.9871 2 4 5
3.66313 13.9971 13.9971 2 4 5
3.66313 14.0071 14.0071 2 4 5
3.66313 14.0171 14.0171 2 4 5
3.66313 14.0271 14.0271 2 4 5
3.66313 14.0371 14.0371 2 4 5
3.66313 14.0471 14.0471 2 4 5
3.66313 14.0571 14.0571 2 4 5
3.66313 14.0671 14.0671 2 4 5
3.66313 14.0771 14.0771 2 4 5
3.66313 14.0871 14.0871 2 4 5
3.66313 14.0971 14.0971 2 4 5
3.66313 14.1071 14.1071 2 4 5
3.66313 14.1171 14.1171 2 4 5
3.66313 14.1271 14.1271 2 4 5
3.66313 14.1371 14.1371 2 4 5
3.66313 14.1471 14.1471 2 4 5
3.66313 14.1571 14.1571 2 4 5
3.66313 14.1671 14.1671 2 4 5
3.66313 14.1771 14.1771 2 4 5
3.66313 14.1871 14.1871 2 4 5
3.66313 14.1971 14.1971 2 4 5
3.66313 14.2071 14.2071 2 4 5
3.66313 14.2171 14.2171 2 4 5
3.66313 14.2271 14.2271 2 4 5
3.66313 14.2371 14.2371 2 4 5
3.66313 14.2471 14.2471 2 4 5
3.66313 14.2571 14.2571 2 4 5
3.66313 14.2671 14.2671 2 4 5
3.66313 14.2771 14.2771 2 4 5
3.66313 14.2871 14.2871 2 4 5
3.66313 14.2971 14.2971 2 4 5
3.66313 14.3071 14.3071 2 4 5
3.66313 14.3171 14.3171 2 4 5
3.66313 14.3271 14.3271 2 4 5
3.66313 14.3371 14.3371 2 4 5
3.66313 14.3471 14.3471 2 4 5
3.66313 14.3571 14.3571 2 4 5
3.66313 14.3671 14.3671 2 4 5
3.66313 14.3771 14.3771 2 4 5
3.66313 14.3871 14.3871 2 4 5
3.66313 14.3971 14.3971 2 4 5
3.66313 14.4071 14.4071 2 4 5
3.66313 14.4171 14.4171 2 4 5
3.66313 14.4271 14.4271 2 4 5
3.66313 14.4371 14.4371 2 4 5
3.66313 14.4471 14.4471 2 4 5
3.66313 14.4571 14.4571 2 4 5
3.66313 14.4671 14.4671 2 4 5
3.66313 14.4771 14.4771 2 4 5
3.66313 14.4871 14.4871 2 4 5
3.66313 14.4971 14.4971 2 4 5
3.66313 14.5071 14.5071 2 4 5
3.66313 14.5171 14.5171 2 4 5
3.66313 14.5271 14.5271 2 4 5
3.66313 14.5371 14.5371 2 4 5
3.66313 14.5471 14.5471 2 4 5
3.66313 14.5571 14.5571 2 4 5
3.66313 14.5671 14.5671 2 4 5
3.66313 14.5771 14.5771 2 4 5
3.66313 14.5871 14.5871 2 4 5
3.66313 14.5971 14.5971 2 4 5
3.66313 14.6071 14.6071 2 4 5
3.66313 14.6171 14.6171 2 4 5
3.66313 14.6271 14.6271 2 4 5
3.66313 14.6371 14.6371 2 4 5
3.66313 14.6471 14.6471 2 4 5
3.66313 14.6571 14.6571 2 4 5
3.66313 14.6671 14.6671 2 4 5
3.66313 14.6771 14.6771 2 4 5
3.66313 14.6871 14.6871 2 4 5
3.66313 14.6971 14.6971 2 4 5
3.66313 14.7071 14.7071 2 4 5
3.66313 14.7171 14.7171 2 4 5
3.66313 14.7271 14.7271 2 4 5
3.66313 14.7371 14.7371 2 4 5
3.66313 14.7471 14.7471 2 4 5
3.66313 14.7571 14.7571 2 4 5
3.66313 14.7671 14.7671 2 4 5
3.66313 14.7771 14.7771 2 4 5
3.66313 14.7871 14.7871 2 4 5
3.66313 14.7971 14.7971 2 4 5
3.66313 14.8071 14.8071 2 4 5
3.66313 14.8171 14.8171 2 4 5
3.66313 14.8271 14.8271 2 4 5
3.66313 14.8371 14.8371 2 4 5
3.66313 14.8471 14.8471 2 4 5
3.66313 14.8571 14.8571 2 4 5
3.66313 14.8671 14.8671 2 4 5
3.66313 14.8771 14.8771 2 4 5
3.66313 14.8871 14.8871 2 4 5
3.66313 14.8971 14.8971 2 4 5
3.66313 14.9071 14.9071 2 4 5
3.66313 14.9171 14.9171 2 4 5
3.66313 14.9271 14.9271 2 4 5
3.66313 14.9371 14.9371 2 4 5
3.66313 14.9471 14.9471 2 4 5
3.66313 14.9571 14.9571 2 4 5
3.66313 14.9671 14.9671 2 4 5
3.66313 14.9771 14.9771 2 4 5
3.66313 14.9871 14.9871 2 4 5
3.66313 14.9971 14.9971 2 4 5
3.66313 15.0071 15.0071 2 4 5
3.66313 15.0171 15.0171 2 4 5
3.66313 15.0271 15.0271 2 4 5
3.66313 15.0371 15.0371 2 4 5
3.66313 15.0471 15.0471 2 4 5
3.66313 15.0571 15.0571 2 4 5
3.66313 15.0671 15.0671 2 4 5
3.66313 15.0771 15.0771 2 4 5
3.66313 15.0871 15.0871 2 4 5
3.66313 15.0971 15.0971 2 4 5
3.66313 15.1071 15.1071 2 4 5
3.66313 15.1171 15.1171 2 4 5
3.66313 15.1271 15.1271 2 4 5
3.66313 15.1371 15.1371 2 4 5
3.66313 15.1471 15.1471 2 4 5
3.66313 15.1571 15.1571 2 4 5
3.66313 15.1671 15.1671 2 4 5
3.66313 15.1771 15.1771 2 4 5
3.66313 15.1871 15.1871 2 4 5
3.66313 15.1971 15.1971 2 4 5
3.66313 15.2071 15.2071 2 4 5
3.66313 15.2171 15.2171 2 4 5
3.66313 15.2271 15.2271 2 4 5
3.66313 15.2371 15.2371 2 4 5
3.66313 15.2471 15.2471 2 4 5
3.66313 15.2571 15.2571 2 4 5
3.66313 15.2671 15.2671 2 4 5
3.66313 15.2771 15.2771 2 4 5
3.66313 15.2871 15.2871 2 4 5
3.66313 15.2971 15.2971 2 4 5
3.66313 15.3071 15.3071 2 4 5
3.66313 15.3171 15.3171 2 4 5
3.66313 15.3271 15.3271 2 4 5
3.66313 15.3371 15.3371 2 4 5
3.66313 15.3471 15.3471 2 4 5
3.66313 15.3571 15.3571 2 4 5
3.66313 15.3671 15.3671 2 4 5
3.66313 15.3771 15.3771 2 4 5
3.66313 15.3871 15.3871 2 4 5
3.66313 15.3971 15.3971 2 4 5
3.66313 15.4071 15.4071 2 4 5
3.66313 15.4171 15.4171 2 4 5
3.66313 15.4271 15.4271 2 4 5
3.66313 15.4371 15.4371 2 4 5
3.66313 15.4471 15.4471 2 4 5
3.66313 15.4571 15.4571 2 4 5
3.66313 15.4671 15.4671 2 4 5
3.66313 15.4771 15.4771 2 4 5
3.66313 15.4871 15.4871 2 4 5
3.66313 15.4971 15.4971 2 4 5
3.66313 15.5071 15.5071 2 4 5
3.66313 15.5171 15.5171 2 4 5
3.66313 15.5271 15.5271 2 4 5
3.66313 15.5371 15.5371 2 4 5
3.66313 15.5471 15.5471 2 4 5
3.66313 15.5571 15.5571 2 4 5
3.66313 15.5671 15.5671 2 4 5
3.66313 15.5771 15.5771 2 4 5
3.66313 15.5871 15.5871 2 4 5
3.66313 15.5971 15.5971 2 4 5
3.66313 15.6071 15.6071 2 4 5
3.66313 15.6171 15.6171 2 4 5
3.66313 15.6271 15.6271 2 4 5
3.66313 15.6371 15.6371 2 4 5
3.66313 15.6471 15.6471 2 4 5
3.66313 15.6571 15.6571 2 4 5
3.66313 15.6671 15.6671 2 4 5
3.66313 15.6771 15.6771 2 4 5
3.66313 15.6871 15.6871 2 4 5
3.66313 15.6971 15.6971 2 4 5
3.66313 15.7071 15.7071 2 4 5
3.66313 15.7171 15.7171 2 4 5
3.66313 15.7271 15.7271 2 4 5
3.66313 15.7371 15.7371 2 4 5
3.66313 15.7471 15.7471 2 4 5
3.66313 15.7571 15.7571 2 4 5
3.66313 15.7671 15.7671 2 4 5
3.66313 15.7771 15.7771 2 4 5
3.66313 15.7871 15.7871 2 4 5
3.66313 15.7971 15.7971 2 4 5
3.66313 15.8071 15.8071 2 4 5
3.66313 15.8171 15.8171 2 4 5
3.66313 15.8271 15.8271 2 4 5
3.66313 15.8371 15.8371 2 4 5
3.66313 15.8471 15.8471 2 4 5
3.66313 15.8571 15.8571 2 4 5
3.66313 15.8671 15.8671 2 4 5
3.66313 15.8771 15.8771 2 4 5
3.66313 15.8871 15.8871 2 4 5
3.66313 15.8971 15.8971 2 4 5
3.66313 15.9071 15.9071 2 4 5
3.66313 15.9171 15.9171 2 4 5
3.66313 15.9271 15.9271 2 4 5
3.66313 15.9371 15.9371 2 4 5
3.66313 15.9471 15.9471 2 4 5
3.66313 15.9571 15.9571 2 4 5
3.66313 15.9671 15.9671 2 4 5
3.66313 15.9771 15.9771 2 4 5
3.66313 15.9871 15.9871 2 4 5
3.66313 15.9971 15.9971 2 4 5
3.66313 16.0071 16.0071 2 4 5
3.66313 16.0171 16.0171 2 4 5
3.66313 16.0271 16.0271 2 4 5
3.66313 16.0371 16.0371 2 4 5
3.66313 16.0471 16.0471 2 4 5
3.66313 16.0571 16.0571 2 4 5
3.66313 16.0671 16.0671 2 4 5
3.66313 16.0771 16.0771 2 4 5
3.66313 16.0871 16.0871 2 4 5
3.66313 16.0971 16.0971 2 4 5
3.66313 16.1071 16.1071 2 4 5
3.66313 16.1171 16.1171 2 4 5
3.66313 16.1271 16.1271 2 4 5
3.66313 16.1371 16.1371 2 4 5
3.66313 16.1471 16.1471 2 4 5
3.66313 16.1571 16.1571 2 4 5
3.66313 16.1671 16.1671 2 4 5
3.66313 16.1771 16.1771 2 4 5
3.66313 16.1871 16.1871 2 4 5
3.66313 16.1971 16.1971 2 4 5
3.66313 16.2071 16.2071 2 4 5
3.66313 16.2171 16.2171 2 4 5
3.66313 16.2271 16.2271 2 4 5
3.66313 16.2371 16.2371 2 4 5
3.66313 16.2471 16.2471 2 4 5
3.66313 16.2571 16.2571 2 4 5
3.66313 16.2671 16.2671 2 4 5
3.66313 16.2771 16.2771 2 4 5
3.66313 16.2871 16.2871 2 4 5
3.66313 16.2971 16.2971 2 4 5
3.66313 16.3071 16.3071 2 4 5
3.66313 16.3171 16.3171 2 4 5
3.66313 16.3271 16.3271 2 4 5
3.66313 16.3371 16.3371 2 4 5
3.66313 16.3471 16.3471 2 4 5
3.66313 16.3571 16.3571 2 4 5
3.66313 16.3671 16.3671 2 4 5
3.66313 16.3771 16.3771 2 4 5
3.66313 16.3871 16.3871 2 4 5
3.66313 16.3971 16.3971 2 4 5
3.66313 16.4071 16.4071 2 4 5
3.66313 16.4171 16.4171 2 4 5
3.66313 16.4271 16.4271 2 4 5
3.66313 16.4371 16.4371 2 4 5
3.66313 16.4471 16.4471 2 4 5
3.66313 16.4571 16.4571 2 4 5
3.66313 16.4671 16.4671 2 4 5
3.66313 16.4771 16.4771 2 4 5
3.66313 16.4871 16.4871 2 4 5
3.66313 16.4971 16.4971 2 4 5
3.66313 16.5071 16.5071 2 4 5
3.66313 16.5171 16.5171 2 4 5
3.66313 16.5271 16.5271 2 4 5
3.66313 16.5371 16.5371 2 4 5
3.66313 16.5471 16.5471 2 4 5
3.66313 16.5571 16.5571 2 4 5
3.66313 16.5671 16.5671 2 4 5
3.66313 16.5771 16.5771 2 4 5
3.66313 16.5871 16.5871 2 4 5
3.66313 16.5971 16.5971 2 4 5
3.66313 16.6071 16.6071 2 4 5
3.66313 16.6171 16.6171 2 4 5
3.66313 16.6271 16.6271 2 4 5
3.66313 16.6371 16.6371 2 4 5
3.66313 16.6471 16.6471 2 4 5
3.66313 16.6571 16.6571 2 4 5
3.66313 16.6671 16.6671 2 4 5
3.66313 16.6771 16.6771 2 4 5
3.66313 16.6871 16.6871 2 4 5
3.66313 16.6971 16.6971 2 4 5
3.66313 16.7071 16.7071 2 4 5
3.66313 16.7171 16.7171 2 4 5
3.66313 16.7271 16.7271 2 4 5
3.66313 16.7371 16.7371 2 4 5
3.66313 16.7471 16.7471 2 4 5
3.66313 16.7571 16.7571 2 4 5
3.66313 16.7671 16.7671 2 4 5
3.66313 16.7771 16.7771 2 4 5
3.66313 16.7871 16.7871 2 4 5
3.66313 16.7971 16.7971 2 4 5
3.66313 16.8071 16.8071 2 4 5
3.66313 16.8171 16.8171 2 4 5
3.66313 16.8271 16.8271 2 4 5
3.66313 16.8371 16.8371 2 4 5
3.66313 16.8471 16.8471 2 4 5
3.66313 16.8571 16.8571 2 4 5
3.66313 16.8671 16.8671 2 4 5
3.66313 16.8771 16.8771 2 4 5
3.66313 16.8871 16.8871 2 4 5
3.66313 16.8971 16.8971 2 4 5
3.66313 16.9071 16.9071 2 4 5
3.66313 16.9171 16.9171 2 4 5
3.66313 16.9271 16.9271 2 4 5
3.66313 16.9371 16.9371 2 4 5
3.66313 16.9471 16.9471 2 4 5
3.66313 16.9571 16.9571 2 4 5
3.66313 16.9671 16.9671 2 4 5
3.66313 16.9771 16.9771 2 4 5
3.66313 16.9871 16.9871 2 4 5
3.66313 16.9971 16.9971 2 4 5
3.66313 17.0071 17.0071 2 4 5
3.66313 17.0171 17.0171 2 4 5
3.66313 17.0271 17.0271 2 4 5
3.66313 17.0371 17.0371 2 4 5
3.66313 17.0471 17.0471 2 4 5
3.66313 17.0571 17.0571 2 4 5
3.66313 17.0671 17.0671 2 4 5
3.66313 17.0771 17.0771 2 4 5
3.66313 17.0871 17.0871 2 4 5
3.66313 17.0971 17.0971 2 4 5
3.66313 17.1071 17.1071 2 4 5
3.66313 17.1171 17.1171 2 4 5
3.66313 17.1271 17.1271 2 4 5
3.66313 17.1371 17.1371 2 4 5
3.66313 17.1471 17.1471 2 4 5
3.66313 17.1571 17.1571 2 4 5
3.66313 17.1671 17.1671 2 4 5
3.66313 17.1771 17.1771 2 4 5
3.66313 17.1871 17.1871 2 4 5
3.66313 17.1971 17.1971 2 4 5
3.66313 17.2071 17.2071 2 4 5
3.66313 17.2171 17.2171 2 4 5
3.66313 17.2271 17.2271 2 4 5
3.66313 17.2371 17.2371 2 4 5
3.66313 17.2471 17.2471 2 4 5
3.66313 17.2571 17.2571 2 4 5
3.66313 17.2671 17.2671 2 4 5
3.66313 17.2771 17.2771 2 4 5
3.66313 17.2871 17.2871 2 4 5
3.66313 17.2971 17.2971 2 4 5
3.66313 17.3071 17.3071 2 4 5
3.66313 17.3171 17.3171 2 4 5
3.66313 17.3271 17.3271 2 4 5
3.66313 17.3371 17.3371 2 4 5
3.66313 17.3471 17.3471 2 4 5
3.66313 17.3571 17.3571 2 4 5
3.66313 17.3671 17.3671 2 4 5
3.66313 17.3771 17.3771 2 4 5
3.66313 17.3871 17.3871 2 4 5
3.66313 17.3971 17.3971 2 4 5
3.66313 17.4071 17.4071 2 4 5
3.66313 17.4171 17.4171 2 4 5
3.66313 17.4271 17.4271 2 4 5
3.66313 17.4371 17.4371 2 4 5
3.66313 17.4471 17.4471 2 4 5
3.66313 17.4571 17.4571 2 4 5
3.66313 17.4671 17.4671 2 4 5
3.66313 17.4771 17.4771 2 4 5
3.66313 17.4871 17.4871 2 4 5
3.66313 17.4971 17.4971 2 4 5
3.66313 17.5071 17.5071 2 4 5
3.66313 17.5171 17.5171 2 4 5
3.66313 17.5271 17.5271 2 4 5
3.66313 17.5371 17.5371 2 4 5
3.66313 17.5471 17.5471 2 4 5
3.66313 17.5571 17.5571 2 4 5
3.66313 17.5671 17.5671 2 4 5
3.66313 17.5771 17.5771 2 4 5
3.66313 17.5871 17.5871 2 4 5
3.66313 17.5971 17.5971 2 4 5
3.66313 17.6071 17.6071 2 4 5
3.66313 17.6171 17.6171 2 4 5
3.66313 17.6271 17.6271 2 4 5
3.66313 17.6371 17.6371 2 4 5
3.66313 17.6471 17.6471 2 4 5
3.66313 17.6571 17.6571 2 4 5
3.66313 17.6671 17.6671 2 4 5
3.66313 17.6771 17.6771 2 4 5
3.66313 17.6871 17.6871 2 4 5
3.66313 17.6971 17.6971 2 4 5
3.66313 17.7071 17.7071 2 4 5
3.66313 17.7171 17.7171 2 4 5
3.66313 17.7271 17.7271 2 4 5
3.66313 17.7371 17.7371 2 4 5
3.66313 17.7471 17.7471 2 4 5
3.66313 17.7571 17.7571 2 4 5
3.66313 17.7671 17.7671 2 4 5
3.66313 17.7771 17.7771 2 4 5
3.66313 17.7871 17.7871 2 4 5
3.66313 17.7971 17.7971 2 4 5
3.66313 17.8071 17.8071 2 4 5
3.66313 17.8171 17.8171 2 4 5
3.66313 17.8271 17.8271 2 4 5
3.66313 17.8371 17.8371 2 4 5
3.66313 17.8471 17.8471 2 4 5
3.66313 17.8571 17.8571 2 4 5
3.66313 17.8671 17.8671 2 4 5
3.66313 17.8771 17.8771 2 4 5
3.66313 17.8871 17.8871 2 4 5
3.66313 17.8971 17.8971 2 4 5
3.66313 17.9071 17.9071 2 4 5
3.66313 17.9171 17.9171 2 4 5
3.66313 17.9271 17.9271 2 4 5
3.66313 17.9371 17.9371 2 4 5
3.66313 17.9479 17.9479 2 4 5
3.66313 17.9575 17.9575 2 4 5
3.66313 17.9673 17.9673 2 4 5
3.66313 17.9774 17.9774 2 4 5
3.66313 17.9875 17.9875 2 4 5
3.66313 17.9975 17.9975 2 4 5
3.66313 18.0075 18.0075 2 4 5
3.66313 18.0175 18.0175 2 4 5
3.66313 18.0275 18.0275 2 4 5
3.66313 18.0375 18.0375 2 4 5
3.66313 18.0475 18.0475 2 4 5
3.66313 18.0575 18.0575 2 4 5
3.66313 18.0675 18.0675 2 4 5
3.66313 18.0775 18.0775 2 4 5
3.66313 18.0875 18.0875 2 4 5
3.66313 18.0975 18.0975 2 4 5
3.66313 18.1075 18.1075 2 4 5
3.66313 18.1175 18.1175 2 4 5
3.66313 18.1275 18.1275 2 4 5
3.66313 18.1375 18.1375 2 4 5
3.66313 18.1475 18.1475 2 4 5
3.66313 18.1575 18.1575 2 4 5
3.66313 18.1675 18.1675 2 4 5
3.66313 18.1775 18.1775 2 4 5
3.66313 18.1875 18.1875 2 4 5
3.66313 18.1975 18.1975 2 4 5
3.66313 18.2075 18.2075 2 4 5
3.66313 18.2175 18.2175 2 4 5
3.66313 18.2275 18.2275 2 4 5
3.66313 18.2375 18.2375 2 4 5
3.66313 18.2475 18.2475 2 4 5
3.66313 18.2575 18.2575 2 4 5
3.66313 18.2675 18.2675 2 4 5
3.66313 18.2775 18.2775 2 4 5
3.66313 18.2875 18.2875 2 4 5
3.66313 18.2975 18.2975 2 4 5
3.66313 18.3075 18.3075 2 4 5
3.66313 18.3175 18.3175 2 4 5
3.66313 18.3275 18.3275 2 4 5
3.66313 18.3375 18.3375 2 4 5
3.66313 18.3475 18.3475 2 4 5
3.66313 18.3575 18.3575 2 4 5
3.66313 18.3675 18.3675 2 4 5
3.66313 18.3775 18.3775 2 4 5
3.66313 18.3875 18.3875 2 4 5
3.66313 18.3975 18.3975 2 4 5
3.66313 18.4075 18.4075 2 4 5
3.66313 18.4175 18.4175 2 4 5
3.66313 18.4275 18.4275 2 4 5
3.66313 18.4375 18.4375 2 4 5
3.66313 18.4475 18.4475 2 4 5
3.66313 18.4575 18.4575 2 4 5
3.66313 18.4675 18.4675 2 4 5
3.66313 18.4775 18.4775 2 4 5
3.66313 18.4875 18.4875 2 4 5
3.66313 18.4975 18.4975 2 4 5
3.66313 18.5075 18.5075 2 4 5
3.66313 18.5175 18.5175 2 4 5
3.66313 18.5275 18.5275 2 4 5
3.66313 18.5375 18.5375 2 4 5
3.66313 18.5475 18.5475 2 4 5
3.66313 18.5575 18.5575 2 4 5
3.66313 18.5675 18.5675 2 4 5
3.66313 18.5775 18.5775 2 4 5
3.66313 18.5875 18.5875 2 4 5
3.66313 18.5975 18.5975 2 4 5
3.66313 18.6075 18.6075 2 4 5
3.66313 18.6175 18.6175 2 4 5
3.66313 18.6275 18.6275 2 4 5
3.66313 18.6375 18.6375 2 4 5
3.66313 18.6475 18.6475 2 4 5
3.66313 18.6575 18.6575 2 4 5
3.66313 18.6675 18.6675 2 4 5
3.66313 18.6775 18.6775 2 4 5
3.66313 18.6875 18.6875 2 4 5
3.66313 18.6975 18.6975 2 4 5
3.66313 18.7075 18.7075 2 4 5
3.66313 18.7175 18.7175 2 4 5
3.66313 18.7279 18.7279 2 4 5
3.66313 18.7377 18.7377 2 4 5
3.66313 18.7476 18.7476 2 4 5
3.66313 18.7576 18.7576 2 4 5
3.66313 18.7676 18.7676 2 4 5
3.66313 18.7776 18.7776 2 4 5
3.66313 18.7876 18.7876 2 4 5
3.66313 18.7976 18.7976 2 4 5
3.66313 18.8076 18.8076 2 4 5
3.66313 18.8176 18.8176 2 4 5
3.66313 18.8276 18.8276 2 4 5
3.66313 18.8376 18.8376 2 4 5
3.66313 18.8476 18.8476 2 4 5
3.66313 18.8576 18.8576 2 4 5
3.66313 18.8676 18.8676 2 4 5
3.66313 18.8776 18.8776 2 4 5
3.66313 18.8876 18.8876 2 4 5
3.66313 18.8976 18.8976 2 4 5
3.66313 18.9076 18.9076 2 4 5
3.66313 18.9176 18.9176 2 4 5
3.66313 18.9276 18.9276 2 4 5
3.66313 18.9376 18.9376 2 4 5
3.66313 18.9476 18.9476 2 4 5
3.66313 18.9576 18.9576 2 4 5
3.66313 18.9676 18.9676 2 4 5
3.66313 18.9776 18.9776 2 4 5
3.66313 18.9876 18.9876 2 4 5
3.66313 18.9976 18.9976 2 4 5
3.66313 19.0076 19.0076 2 4 5
3.66313 19.0176 19.0176 2 4 5
3.66313 19.0276 19.0276 2 4 5
3.66313 19.0376 19.0376 2 4 5
3.66313 19.0476 19.0476 2 4 5
3.66313 19.0576 19.0576 2 4 5
3.66313 19.0676 19.0676 2 4 5
3.66313 19.0776 19.0776 2 4 5
3.66313 19.0876 19.0876 2 4 5
3.66313 19.0976 19.0976 2 4 5
3.66313 19.1076 19.1076 2 4 5
3.66313 19.1176 19.1176 2 4 5
3.66313 19.1276 19.1276 2 4 5
3.66313 19.1376 19.1376 2 4 5
3.66313 19.1476 19.1476 2 4 5
3.66313 19.1576 19.1576 2 4 5
3.66313 19.1676 19.1676 2 4 5
3.66313 19.1776 19.1776 2 4 5
3.66313 19.1876 19.1876 2 4 5
3.66313 19.1976 19.1976 2 4 5
3.66313 19.2076 19.2076 2 4 5
3.66313 19.2176 19.2176 2 4 5
3.66313 19.2276 19.2276 2 4 5
3.66313 19.2376 19.2376 2 4 5
3.66313 19.2476 19.2476 2 4 5
3.66313 19.2576 19.2576 2 4 5
3.66313 19.2676 19.2676 2 4 5
3.66313 19.2776 19.2776 2 4 5
3.66313 19.2876 19.2876 2 4 5
3.66313 19.2976 19.2976 2 4 5
3.66313 19.3076 19.3076 2 4 5
3.66313 19.3176 19.3176 2 4 5
3.66313 19.3276 19.3276 2 4 5
3.66313 19.3376 19.3376 2 4 5
3.66313 19.3476 19.3476 2 4 5
3.66313 19.3576 19.3576 2 4 5
3.66313 19.3676 19.3676 2 4 5
3.66313 19.3776 19.3776 2 4 5
3.66313 19.3876 19.3876 2 4 5
3.66313 19.3976 19.3976 2 4 5
3.66313 19.4076 19.4076 2 4 5
3.66313 19.4176 19.4176 2 4 5
3.66313 19.4276 19.4276 2 4 5
3.66313 19.4376 19.4376 2 4 5
3.66313 19.4476 19.4476 2 4 5
3.66313 19.4576 19.4576 2 4 5
3.66313 19.4676 19.4676 2 4 5
3.66313 19.4776 19.4776 2 4 5
3.66313 19.4876 19.4876 2 4 5
3.66313 19.4976 19.4976 2 4 5
3.66313 19.5076 19.5076 2 4 5
3.66313 19.5176 19.5176 2 4 5
3.66313 19.5276 19.5276 2 4 5
3.66313 19.5376 19.5376 2 4 5
3.66313 19.5476 19.5476 2 4 5
3.66313 19.5576 19.5576 2 4 5
3.66313 19.5676 19.5676 2 4 5
3.66313 19.5776 19.5776 2 4 5
3.66313 19.5876 19.5876 2 4 5
3.66313 19.5976 19.5976 2 4 5
3.66313 19.6076 19.6076 2 4 5
3.66313 19.6176 19.6176 2 4 5
3.66313 19.6276 19.6276 2 4 5
3.66313 19.6376 19.6376 2 4 5
3.66313 19.6476 19.6476 2 4 5
3.66313 19.6576 19.6576 2 4 5
3.66313 19.6676 19.6676 2 4 5
3.66313 19.6776 19.6776 2 4 5
3.66313 19.6876 19.6876 2 4 5
3.66313 19.6976 19.6976 2 4 5
3.66313 19.7076 19.7076 2 4 5
3.66313 19.7176 19.7176 2 4 5
3.66313 19.7276 19.7276 2 4 5
3.66313 19.7376 19.7376 2 4 5
3.66313 19.7476 19.7476 2 4 5
3.66313 19.7576 19.7576 2 4 5
3.66313 19.7676 19.7676 2 4 5
3.66313 19.7776 19.7776 2 4 5
3.66313 19.7876 19.7876 2 4 5
3.66313 19.7976 19.7976 2 4 5
3.66313 19.8076 19.8076 2 4 5
3.66313 19.8176 19.8176 2 4 5
3.66313 19.8276 19.8276 2 4 5
3.66313 19.8376 19.8376 2 4 5
3.66313 19.8476 19.8476 2 4 5
3.66313 19.8576 19.8576 2 4 5
3.66313 19.8676 19.8676 2 4 5
3.66313 19.8776 19.8776 2 4 5
3.66313 19.8876 19.8876 2 4 5
3.66313 19.8976 19.8976 2 4 5
3.66313 19.9076 19.9076 2 4 5
3.66313 19.9176 19.9176 2 4 5
3.66313 19.9276 19.9276 2 4 5
3.66313 19.9376 19.9376 2 4 5
3.66313 19.9476 19.9476 2 4 5
3.66313 19.9576 19.9576 2 4 5
3.66313 19.9676 19.9676 2 4 5
3.66313 19.9776 19.9776 2 4 5
3.66313 19.9876 19.9876 2 4 5
3.66313 19.9976 19.9976 2 4 5
3.66313 20.0076 20.0076 2 4 5
3.66313 20.0176 20.0176 2 4 5
3.66313 20.0276 20.0276 2 4 5
3.66313 20.0376 20.0376 2 4 5
3.66313 20.0476 20.0476 2 4 5
3.66313 20.0576 20.0576 2 4 5
3.66313 20.0676 20.0676 2 4 5
3.66313 20.0776 20.0776 2 4 5
3.66313 20.0876 20.0876 2 4 5
3.66313 20.0976 20.0976 2 4 5
3.66313 20.1076 20.1076 2 4 5
3.66313 20.1176 20.1176 2 4 5
3.66313 20.1276 20.1276 2 4 5
3.66313 20.1376 20.1376 2 4 5
3.66313 20.1476 20.1476 2 4 5
3.66313 20.1576 20.1576 2 4 5
3.66313 20.1676 20.1676 2 4 5
3.66313 20.1776 20.1776 2 4 5
3.66313 20.1876 20.1876 2 4 5
3.66313 20.1976 20.1976 2 4 5
3.66313 20.2076 20.2076 2 4 5
3.66313 20.2176 20.2176 2 4 5
3.66313 20.2276 20.2276 2 4 5
3.66313 20.2376 20.2376 2 4 5
3.66313 20.2476 20.2476 2 4 5
3.66313 20.2576 20.2576 2 4 5
3.66313 20.2676 20.2676 2 4 5
3.66313 20.2776 20.2776 2 4 5
3.66313 20.2876 20.2876 2 4 5
3.66313 20.2976 20.2976 2 4 5
3.66313 20.3076 20.3076 2 4 5
3.66313 20.3176 20.3176 2 4 5
3.66313 20.3276 20.3276 2 4 5
3.66313 20.3376 20.3376 2 4 5
3.66313 20.3476 20.3476 2 4 5
3.66313 20.3576 20.3576 2 4 5
3.66313 20.3676 20.3676 2 4 5
3.66313 20.3776 20.3776 2 4 5
3.66313 20.3876 20.3876 2 4 5
3.66313 20.3976 20.3976 2 4 5
3.66313 20.4076 20.4076 2 4 5
3.66313 20.4176 20.4176 2 4 5
3.66313 20.4276 20.4276 2 4 5
3.66313 20.4376 20.4376 2 4 5
3.66313 20.4476 20.4476 2 4 5
3.66313 20.4576 20.4576 2 4 5
3.66313 20.4676 20.4676 2 4 5
3.66313 20.4776 20.4776 2 4 5
3.66313 20.4876 20.4876 2 4 5
3.66313 20.4976 20.4976 2 4 5
3.66313 20.5076 20.5076 2 4 5
3.66313 20.5176 20.5176 2 4 5
3.66313 20.5276 20.5276 2 4 5
3.66313 20.5376 20.5376 2 4 5
3.66313 20.5476 20.5476 2 4 5
3.66313 20.5576 20.5576 2 4 5
3.66313 20.5676 20.5676 2 4 5
3.66313 20.5776 20.5776 2 4 5
3.66313 20.5876 20.5876 2 4 5
3.66313 20.5976 20.5976 2 4 5
3.66313 20.6076 20.6076 2 4 5
3.66313 20.6176 20.6176 2 4 5
3.66313 20.6276 20.6276 2 4 5
3.66313 20.6376 20.6376 2 4 5
3.66313 20.6476 20.6476 2 4 5
3.66313 20.6576 20.6576 2 4 5
3.66313 20.6676 20.6676 2 4 5
3.66313 20.6776 20.6776 2 4 5
3.66313 20.6876 20.6876 2 4 5
3.66313 20.6976 20.6976 2 4 5
3.66313 20.7076 20.7076 2 4 5
3.66313 20.7176 20.7176 2 4 5
3.66313 20.7276 20.7276 2 4 5
3.66313 20.7376 20.7376 2 4 5
3.66313 20.7476 20.7476 2 4 5
3.66313 20.7576 20.7576 2 4 5
3.66313 20.7676 20.7676 2 4 5
3.66313 20.7776 20.7776 2 4 5
3.66313 20.7876 20.7876 2 4 5
3.66313 20.7976 20.7976 2 4 5
3.66313 20.8076 20.8076 2 4 5
3.66313 20.8176 20.8176 2 4 5
3.66313 20.8276 20.8276 2 4 5
3.66313 20.8376 20.8376 2 4 5
3.66313 20.8476 20.8476 2 4 5
3.66313 20.8576 20.8576 2 4 5
3.66313 20.8676 20.8676 2 4 5
3.66313 20.8776 20.8776 2 4 5
3.66313 20.8876 20.8876 2 4 5
3.66313 20.8976 20.8976 2 4 5
3.66313 20.9076 20.9076 2 4 5
3.66313 20.9176 20.9176 2 4 5
3.66313 20.9276 20.9276 2 4 5
3.66313 20.9376 20.9376 2 4 5
3.66313 20.9476 20.9476 2 4 5
3.66313 20.9576 20.9576 2 4 5
3.66313 20.9676 20.9676 2 4 5
3.66313 20.9776 20.9776 2 4 5
3.66313 20.9876 20.9876 2 4 5
3.66313 20.9976 20.9976 2 4 5
3.66313 21.0076 21.0076 2 4 5
3.66313 21.0176 21.0176 2 4 5
3.66313 21.0276 21.0276 2 4 5
3.66313 21.0376 21.0376 2 4 5
3.66313 21.0476 21.0476 2 4 5
3.66313 21.0576 21.0576 2 4 5
3.66313 21.0676 21.0676 2 4 5
3.66313 21.0776 21.0776 2 4 5
3.66313 21.0876 21.0876 2 4 5
3.66313 21.0976 21.0976 2 4 5
3.66313 21.1076 21.1076 2 4 5
3.66313 21.1176 21.1176 2 4 5
3.66313 21.1276 21.1276 2 4 5
3.66313 21.1376 21.1376 2 4 5
3.66313 21.1476 21.1476 2 4 5
3.66313 21.1576 21.1576 2 4 5
3.66313 21.1676 21.1676 2 4 5
3.66313 21.1776 21.1776 2 4 5
3.66313 21.1876 21.1876 2 4 5
3.66313 21.1976 21.1976 2 4 5
3.66313 21.2076 21.2076 2 4 5
3.66313 21.2176 21.2176 2 4 5
3.66313 21.2276 21.2276 2 4 5
3.66313 21.2376 21.2376 2 4 5
3.66313 21.2476 21.2476 2 4 5
3.66313 21.2576 21.2576 2 4 5
3.66313 21.2676 21.2676 2 4 5
3.66313 21.2776 21.2776 2 4 5
3.66313 21.2876 21.2876 2 4 5
3.66313 21.2976 21.2976 2 4 5
3.66313 21.3076 21.3076 2 4 5
3.66313 21.3176 21.3176 2 4 5
3.66313 21.3276 21.3276 2 4 5
3.66313 21.3376 21.3376 2 4 5
3.66313 21.3476 21.3476 2 4 5
3.66313 21.3576 21.3576 2 4 5
3.66313 21.3676 21.3676 2 4 5
3.66313 21.3776 21.3776 2 4 5
3.66313 21.3876 21.3876 2 4 5
3.66313 21.3976 21.3976 2 4 5
3.66313 21.4076 21.4076 2 4 5
3.66313 21.4176 21.4176 2 4 5
3.66313 21.4276 21.4276 2 4 5
3.66313 21.4376 21.4376 2 4 5
3.66313 21.4476 21.4476 2 4 5
3.66313 21.4576 21.4576 2 4 5
3.66313 21.4676 21.4676 2 4 5
3.66313 21.4776 21.4776 2 4 5
3.66313 21.4876 21.4876 2 4 5
3.66313 21.4976 21.4976 2 4 5
3.66313 21.5076 21.5076 2 4 5
3.66313 21.5176 21.5176 2 4 5
3.66313 21.5276 21.5276 2 4 5
3.66313 21.5376 21.5376 2 4 5
3.66313 21.5476 21.5476 2 4 5
3.66313 21.5576 21.5576 2 4 5
3.66313 21.5676 21.5676 2 4 5
3.66313 21.5776 21.5776 2 4 5
3.66313 21.5876 21.5876 2 4 5
3.66313 21.5976 21.5976 2 4 5
3.66313 21.6076 21.6076 2 4 5
3.66313 21.6176 21.6176 2 4 5
3.66313 21.6276 21.6276 2 4 5
3.66313 21.6376 21.6376 2 4 5
3.66313 21.6476 21.6476 2 4 5
3.66313 21.6576 21.6576 2 4 5
3.66313 21.6676 21.6676 2 4 5
3.66313 21.6776 21.6776 2 4 5
3.66313 21.6876 21.6876 2 4 5
3.66313 21.6976 21.6976 2 4 5
3.66313 21.7076 21.7076 2 4 5
3.66313 21.7176 21.7176 2 4 5
3.66313 21.7276 21.7276 2 4 5
3.66313 21.7376 21.7376 2 4 5
3.66313 21.7476 21.7476 2 4 5
3.66313 21.7576 21.7576 2 4 5
3.66313 21.7676 21.7676 2 4 5
3.66313 21.7776 21.7776 2 4 5
3.66313 21.7876 21.7876 2 4 5
3.66313 21.7976 21.7976 2 4 5
3.66313 21.8076 21.8076 2 4 5
3.66313 21.8176 21.8176 2 4 5
3.66313 21.8276 21.8276 2 4 5
3.66313 21.8376 21.8376 2 4 5
3.66313 21.8476 21.8476 2 4 5
3.66313 21.8576 21.8576 2 4 5
3.66313 21.8676 21.8676 2 4 5
3.66313 21.8776 21.8776 2 4 5
3.66313 21.8876 21.8876 2 4 5
3.66313 21.8976 21.8976 2 4 5
3.66313 21.9076 21.9076 2 4 5
3.66313 21.9176 21.9176 2 4 5
3.66313 21.9276 21.9276 2 4 5
3.66313 21.9376 21.9376 2 4 5
3.66313 21.9476 21.9476 2 4 5
3.66313 21.9576 21.9576 2 4 5
3.66313 21.9676 21.9676 2 4 5
3.66313 21.9776 21.9776 2 4 5
3.66313 21.9876 21.9876 2 4 5
3.66313 21.9976 21.9976 2 4 5
3.66313 22.0076 22.0076 2 4 5
3.66313 22.0176 22.0176 2 4 5
3.66313 22.0276 22.0276 2 4 5
3.66313 22.0376 22.0376 2 4 5
3.66313 22.0476 22.0476 2 4 5
3.66313 22.0576 22.0576 2 4 5
3.66313 22.0676 22.0676 2 4 5
3.66313 22.0776 22.0776 2 4 5
3.66313 22.0876 22.0876 2 4 5
3.66313 22.0976 22.0976 2 4 5
3.66313 22.1076 22.1076 2 4 5
3.66313 22.1176 22.1176 2 4 5
3.66313 22.1276 22.1276 2 4 5
3.66313 22.1376 22.1376 2 4 5
3.66313 22.1476 22.1476 2 4 5
3.66313 22.1576 22.1576 2 4 5
3.66313 22.1676 22.1676 2 4 5
3.66313 22.1776 22.1776 2 4 5
3.66313 22.1876 22.1876 2 4 5
3.66313 22.1976 22.1976 2 4 5
3.66313 22.2076 22.2076 2 4 5
3.66313 22.2176 22.2176 2 4 5
3.66313 22.2276 22.2276 2 4 5
3.66313 22.2376 22.2376 2 4 5
3.66313 22.2476 22.2476 2 4 5
3.66313 22.2576 22.2576 2 4 5
3.66313 22.2676 22.2676 2 4 5
3.66313 22.2776 22.2776 2 4 5
3.66313 22.2876 22.2876 2 4 5
3.66313 22.2976 22.2976 2 4 5
3.66313 22.3076 22.3076 2 4 5
3.66313 22.3176 22.3176 2 4 5
3.66313 22.3276 22.3276 2 4 5
3.66313 22.3376 22.3376 2 4 5
3.66313 22.3476 22.3476 2 4 5
3.66313 22.3576 22.3576 2 4 5
3.66313 22.3676 22.3676 2 4 5
3.66313 22.3776 22.3776 2 4 5
3.66313 22.3876 22.3876 2 4 5
3.66313 22.3976 22.3976 2 4 5
3.66313 22.4076 22.4076 2 4 5
3.66313 22.4176 22.4176 2 4 5
3.66313 22.4276 22.4276 2 4 5
3.66313 22.4376 22.4376 2 4 5
3.66313 22.4476 22.4476 2 4 5
3.66313 22.4576 22.4576 2 4 5
3.66313 22.4676 22.4676 2 4 5
3.66313 22.4776 22.4776 2 4 5
3.66313 22.4876 22.4876 2 4 5
3.66313 22.4976 22.4976 2 4 5
3.66313 22.5076 22.5076 2 4 5
3.66313 22.5176 22.5176 2 4 5
3.66313 22.5276 22.5276 2 4 5
3.66313 22.5376 22.5376 2 4 5
3.66313 22.5476 22.5476 2 4 5
3.66313 22.5576 22.5576 2 4 5
3.66313 22.5676 22.5676 2 4 5
3.66313 22.5776 22.5776 2 4 5
3.66313 22.5876 22.5876 2 4 5
3.66313 22.5976 22.5976 2 4 5
3.66313 22.6076 22.6076 2 4 5
3.66313 22.6176 22.6176 2 4 5
3.66313 22.6276 22.6276 2 4 5
3.66313 22.6376 22.6376 2 4 5
3.66313 22.6476 22.6476 2 4 5
3.66313 22.6576 22.6576 2 4 5
3.66313 22.6676 22.6676 2 4 5
3.66313 22.6776 22.6776 2 4 5
3.66313 22.6876 22.6876 2 4 5
3.66313 22.6976 22.6976 2 4 5
3.66313 22.7076 22.7076 2 4 5
3.66313 22.7176 22.7176 2 4 5
3.66313 22.7276 22.7276 2 4 5
3.66313 22.7376 22.7376 2 4 5
3.66313 22.7476 22.7476 2 4 5
3.66313 22.7576 22.7576 2 4 5
3.66313 22.7676 22.7676 2 4 5
3.66313 22.7776 22.7776 2 4 5
3.66313 22.7876 22.7876 2 4 5
3.66313 22.7976 22.7976 2 4 5
3.66313 22.8076 22.8076 2 4 5
3.66313 22.8176 22.8176 2 4 5
3.66313 22.8276 22.8276 2 4 5
3.66313 22.8376 22.8376 2 4 5
3.66313 22.8476 22.8476 2 4 5
3.66313 22.8576 22.8576 2 4 5
3.66313 22.8676 22.8676 2 4 5
3.66313 22.8776 22.8776 2 4 5
3.66313 22.8876 22.8876 2 4 5
3.66313 22.8976 22.8976 2 4 5
3.66313 22.9076 22.9076 2 4 5
3.66313 22.9176 22.9176 2 4 5
3.66313 22.9276 22.9276 2 4 5
3.66313 22.9376 22.9376 2 4 5
3.66313 22.9476 22.9476 2 4 5
3.66313 22.9576 22.9576 2 4 5
3.66313 22.9676 22.9676 2 4 5
3.66313 22.9776 22.9776 2 4 5
3.66313 22.9876 22.9876 2 4 5
3.66313 22.9976 22.9976 2 4 5
3.66313 23.0076 23.0076 2 4 5
3.66313 23.0176 23.0176 2 4 5
3.66313 23.0276 23.0276 2 4 5
3.66313 23.0376 23.0376 2 4 5
3.66313 23.0476 23.0476 2 4 5
3.66313 23.0576 23.0576 2 4 5
3.66313 23.0676 23.0676 2 4 5
3.66313 23.0776 23.0776 2 4 5
3.66313 23.0876 23.0876 2 4 5
3.66313 23.0976 23.0976 2 4 5
3.66313 23.1076 23.1076 2 4 5
3.66313 23.1176 23.1176 2 4 5
3.66313 23.1276 23.1276 2 4 5
3.66313 23.1376 23.1376 2 4 5
3.66313 23.1476 23.1476 2 4 5
3.66313 23.1576 23.1576 2 4 5
3.66313 23.1676 23.1676 2 4 5
3.66313 23.1776 23.1776 2 4 5
3.66313 23.1876 23.1876 2 4 5
3.66313 23.1976 23.1976 2 4 5
3.66313 23.2076 23.2076 2 4 5
3.66313 23.2176 23.2176 2 4 5
3.66313 23.2276 23.2276 2 4 5
3.66313 23.2376 23.2376 2 4 5
3.66313 23.2476 23.2476 2 4 5
3.66313 23.2576 23.2576 2 4 5
3.66313 23.2676 23.2676 2 4 5
3.66313 23.2776 23.2776 2 4 5
3.66313 23.2876 23.2876 2 4 5
3.66313 23.2976 23.2976 2 4 5
3.66313 23.3076 23.3076 2 4 5
3.66313 23.3176 23.3176 2 4 5
3.66313 23.3276 23.3276 2 4 5
3.66313 23.3376 23.3376 2 4 5
3.66313 23.3476 23.3476 2 4 5
3.66313 23.3576 23.3576 2 4 5
3.66313 23.3676 23.3676 2 4 5
3.66313 23.3776 23.3776 2 4 5
3.66313 23.3876 23.3876 2 4 5
3.66313 23.3976 23.3976 2 4 5
3.66313 23.4076 23.4076 2 4 5
3.66313 23.4176 23.4176 2 4 5
3.66313 23.4276 23.4276 2 4 5
3.66313 23.4376 23.4376 2 4 5
3.66313 23.4476 23.4476 2 4 5
3.66313 23.4576 23.4576 2 4 5
3.66313 23.4676 23.4676 2 4 5
3.66313 23.4776 23.4776 2 4 5
3.66313 23.4876 23.4876 2 4 5
3.66313 23.4976 23.4976 2 4 5
3.66313 23.5076 23.5076 2 4 5
3.66313 23.5176 23.5176 2 4 5
3.66313 23.5276 23.5276 2 4 5
3.66313 23.5376 23.5376 2 4 5
3.66313 23.5476 23.5476 2 4 5
3.66313 23.5576 23.5576 2 4 5
3.66313 23.5676 23.5676 2 4 5
3.66313 23.5776 23.5776 2 4 5
3.66313 23.5876 23.5876 2 4 5
3.66313 23.5976 23.5976 2 4 5
3.66313 23.6076 23.6076 2 4 5
3.66313 23.6176 23.6176 2 4 5
3.66313 23.6276 23.6276 2 4 5
3.66313 23.6376 23.6376 2 4 5
3.66313 23.6476 23.6476 2 4 5
3.66313 23.6576 23.6576 2 4 5
3.66313 23.6676 23.6676 2 4 5
3.66313 23.6776 23.6776 2 4 5
3.66313 23.6876 23.6876 2 4 5
3.66313 23.6976 23.6976 2 4 5
3.66313 23.7076 23.7076 2 4 5
3.66313 23.7176 23.7176 2 4 5
3.66313 23.7276 23.7276 2 4 5
3.66313 23.7376 23.7376 2 4 5
3.66313 23.7476 23.7476 2 4 5
3.66313 23.7576 23.7576 2 4 5
3.66313 23.7676 23.7676 2 4 5
3.66313 23.7776 23.7776 2 4 5
3.66313 23.7876 23.7876 2 4 5
3.66313 23.7976 23.7976 2 4 5
3.66313 23.8076 23.8076 2 4 5
3.66313 23.8176 23.8176 2 4 5
3.66313 23.8276 23.8276 2 4 5
3.66313 23.8376 23.8376 2 4 5
3.66313 23.8476 23.8476 2 4 5
3.66313 23.8576 23.8576 2 4 5
3.66313 23.8676 23.8676 2 4 5
3.66313 23.8776 23.8776 2 4 5
3.66313 23.8876 23.8876 2 4 5
3.66313 23.8976 23.8976 2 4 5
3.66313 23.9076 23.9076 2 4 5
3.66313 23.9176 23.9176 2 4 5
3.66313 23.9276 23.9276 2 4 5
3.66313 23.9376 23.9376 2 4 5
3.66313 23.9476 23.9476 2 4 5
3.66313 23.9576 23.9576 2 4 5
3.66313 23.9676 23.9676 2 4 5
3.66313 23.9776 23.9776 2 4 5
3.66313 23.9876 23.9876 2 4 5
3.66313 23.9976 23.9976 2 4 5
3.66313 24.0076 24.0076 2 4 5
3.66313 24.0176 24.0176 2 4 5
3.66313 24.0276 24.0276 2 4 5
3.66313 24.0376 24.0376 2 4 5
3.66313 24.0476 24.0476 2 4 5
3.66313 24.0576 24.0576 2 4 5
3.66313 24.0676 24.0676 2 4 5
3.66313 24.0776 24.0776 2 4 5
3.66313 24.0876 24.0876 2 4 5
3.66313 24.0976 24.0976 2 4 5
3.66313 24.1076 24.1076 2 4 5
3.66313 24.1176 24.1176 2 4 5
3.66313 24.1276 24.1276 2 4 5
3.66313 24.1376 24.1376 2 4 5
3.66313 24.1476 24.1476 2 4 5
3.66313 24.1576 24.1576 2 4 5
3.66313 24.1676 24.1676 2 4 5
3.66313 24.1776 24.1776 2 4 5
3.66313 24.1876 24.1876 2 4 5
3.66313 24.1976 24.1976 2 4 5
3.66313 24.2076 24.2076 2 4 5
3.66313 24.2176 24.2176 2 4 5
3.66313 24.2276 24.2276 2 4 5
3.66313 24.2376 24.2376 2 4 5
3.66313 24.2476 24.2476 2 4 5
3.66313 24.2576 24.2576 2 4 5
3.66313 24.2676 24.2676 2 4 5
3.66313 24.2776 24.2776 2 4 5
3.66313 24.2876 24.2876 2 4 5
3.66313 24.2976 24.2976 2 4 5
3.66313 24.3076 24.3076 2 4 5
3.66313 24.3176 24.3176 2 4 5
3.66313 24.3276 24.3276 2 4 5
3.66313 24.3376 24.3376 2 4 5
3.66313 24.3476 24.3476 2 4 5
3.66313 24.3576 24.3576 2 4 5
3.66313 24.3676 24.3676 2 4 5
3.66313 24.3776 24.3776 2 4 5
3.66313 24.3876 24.3876 2 4 5
3.66313 24.3976 24.3976 2 4 5
3.66313 24.4076 24.4076 2 4 5
3.66313 24.4176 24.4176 2 4 5
3.66313 24.4276 24.4276 2 4 5
3.66313 24.4376 24.4376 2 4 5
3.66313 24.4476 24.4476 2 4 5
3.66313 24.4576 24.4576 2 4 5
3.66313 24.4676 24.4676 2 4 5
3.66313 24.4776 24.4776 2 4 5
3.66313 24.4876 24.4876 2 4 5
3.66313 24.4976 24.4976 2 4 5
3.66313 24.5076 24.5076 2 4 5
3.66313 24.5176 24.5176 2 4 5
3.66313 24.5276 24.5276 2 4 5
3.66313 24.5376 24.5376 2 4 5
3.66313 24.5476 24.5476 2 4 5
3.66313 24.5576 24.5576 2 4 5
3.66313 24.5676 24.5676 2 4 5
3.66313 24.5776 24.5776 2 4 5
3.66313 24.5876 24.5876 2 4 5
3.66313 24.5976 24.5976 2 4 5
3.66313 24.6076 24.6076 2 4 5
3.66313 24.6176 24.6176 2 4 5
3.66313 24.6276 24.6276 2 4 5
3.66313 24.6376 24.6376 2 4 5
3.66313 24.6476 24.6476 2 4 5
3.66313 24.6576 24.6576 2 4 5
3.66313 24.6676 24.6676 2 4 5
3.66313 24.6776 24.6776 2 4 5
3.66313 24.6876 24.6876 2 4 5
3.66313 24.6976 24.6976 2 4 5
3.66313 24.7076 24.7076 2 4 5
3.66313 24.7176 24.7176 2 4 5
3.66313 24.7276 24.7276 2 4 5
3.66313 24.7376 24.7376 2 4 5
3.66313 24.7476 24.7476 2 4 5
3.66313 24.7576 24.7576 2 4 5
3.66313 24.7676 24.7676 2 4 5
3.66313 24.7776 24.7776 2 4 5
3.66313 24.7876 24.7876 2 4 5
3.66313 24.7976 24.7976 2 4 5
3.66313 24.8076 24.8076 2 4 5
3.66313 24.8176 24.8176 2 4 5
3.66313 24.8276 24.8276 2 4 5
3.66313 24.8376 24.8376 2 4 5
3.66313 24.8476 24.8476 2 4 5
3.66313 24.8576 24.8576 2 4 5
3.66313 24.8676 24.8676 2 4 5
3.66313 24.8776 24.8776 2 4 5
3.66313 24.8876 24.8876 2 4 5
3.66313 24.8976 24.8976 2 4 5
3.66313 24.9076 24.9076 2 4 5
3.66313 24.9176 24.9176 2 4 5
3.66313 24.9276 24.9276 2 4 5
3.66313 24.9376 24.9376 2 4 5
3.66313 24.9476 24.9476 2 4 5
3.66313 24.9576 24.9576 2 4 5
3.66313 24.9676 24.9676 2 4 5
3.66313 24.9776 24.9776 2 4 5
3.66313 24.9876 24.9876 2 4 5
3.66313 24.9976 24.9976 2 4 5
3.66313 25.0076 25.0076 2 4 5
3.66313 25.0176 25.0176 2 4 5
3.66313 25.0276 25.0276 2 4 5
3.66313 25.0376 25.0376 2 4 5
3.66313 25.0476 25.0476 2 4 5
3.66313 25.0576 25.0576 2 4 5
3.66313 25.0676 25.0676 2 4 5
3.66313 25.0776 25.0776 2 4 5
3.66313 25.0876 25.0876 2 4 5
3.66313 25.0976 25.0976 2 4 5
3.66313 25.1076 25.1076 2 4 5
3.66313 25.1176 25.1176 2 4 5
3.66313 25.1276 25.1276 2 4 5
3.66313 25.1376 25.1376 2 4 5
3.66313 25.1476 25.1476 2 4 5
3.66313 25.1576 25.1576 2 4 5
3.66313 25.1676 25.1676 2 4 5
3.66313 25.1776 25.1776 2 4 5
3.66313 25.1876 25.1876 2 4 5
3.66313 25.1976 25.1976 2 4 5
3.66313 25.2076 25.2076 2 4 5
3.66313 25.2176 25.2176 2 4 5
3.66313 25.2276 25.2276 2 4 5
3.66313 25.2376 25.2376 2 4 5
3.66313 25.2476 25.2476 2 4 5
3.66313 25.2576 25.2576 2 4 5
3.66313 25.2676 25.2676 2 4 5
3.66313 25.2776 25.2776 2 4 5
3.66313 25.2876 25.2876 2 4 5
3.66313 25.2976 25.2976 2 4 5
3.66313 25.3076 25.3076 2 4 5
3.66313 25.3176 25.3176 2 4 5
3.66313 25.3276 25.3276 2 4 5
3.66313 25.3376 25.3376 2 4 5
3.66313 25.3476 25.3476 2 4 5
3.66313 25.3576 25.3576 2 4 5
3.66313 25.3676 25.3676 2 4 5
3.66313 25.3776 25.3776 2 4 5
3.66313 25.3876 25.3876 2 4 5
3.66313 25.3976 25.3976 2 4 5
3.66313 25.4076 25.4076 2 4 5
3.66313 25.4176 25.4176 2 4 5
3.66313 25.4276 25.4276 2 4 5
3.66313 25.4376 25.4376 2 4 5
3.66313 25.4476 25.4476 2 4 5
3.66313 25.4576 25.4576 2 4 5
3.66313 25.4676 25.4676 2 4 5
3.66313 25.4776 25.4776 2 4 5
3.66313 25.4876 25.4876 2 4 5
3.66313 25.4976 25.4976 2 4 5
3.66313 25.5076 25.5076 2 4 5
3.66313 25.5176 25.5176 2 4 5
3.66313 25.5276 25.5276 2 4 5
3.66313 25.5376 25.5376 2 4 5
3.66313 25.5476 25.5476 2 4 5
3.66313 25.5576 25.5576 2 4 5
3.66313 25.5676 25.5676 2 4 5
3.66313 25.5776 25.5776 2 4 5
3.66313 25.5876 25.5876 2 4 5
3.66313 25.5976 25.5976 2 4 5
3.66313 25.6076 25.6076 2 4 5
3.66313 25.6176 25.6176 2 4 5
3.66313 25.6276 25.6276 2 4 5
3.66313 25.6376 25.6376 2 4 5
3.66313 25.6476 25.6476 2 4 5
3.66313 25.6576 25.6576 2 4 5
3.66313 25.6676 25.6676 2 4 5
3.66313 25.6776 25.6776 2 4 5
3.66313 25.6876 25.6876 2 4 5
3.66313 25.6976 25.6976 2 4 5
3.66313 25.7076 25.7076 2 4 5
3.66313 25.7176 25.7176 2 4 5
3.66313 25.7276 25.7276 2 4 5
3.66313 25.7376 25.7376 2 4 5
3.66313 25.7476 25.7476 2 4 5
3.66313 25.7576 25.7576 2 4 5
3.66313 25.7676 25.7676 2 4 5
3.66313 25.7776 25.7776 2 4 5
3.66313 25.7876 25.7876 2 4 5
3.66313 25.7976 25.7976 2 4 5
3.66313 25.8076 25.8076 2 4 5
3.66313 25.8176 25.8176 2 4 5
3.66313 25.8276 25.8276 2 4 5
3.66313 25.8376 25.8376 2 4 5
3.66313 25.8476 25.8476 2 4 5
3.66313 25.8576 25.8576 2 4 5
3.66313 25.8676 25.8676 2 4 5
3.66313 25.8776 25.8776 2 4 5
3.66313 25.8876 25.8876 2 4 5
3.66313 25.8976 25.8976 2 4 5
3.66313 25.9076 25.9076 2 4 5
3.66313 25.9176 25.9176 2 4 5
3.66313 25.9276 25.9276 2 4 5
3.66313 25.9376 25.9376 2 4 5
3.66313 25.9476 25.9476 2 4 5
3.66313 25.9576 25.9576 2 4 5
3.66313 25.9676 25.9676 2 4 5
3.66313 25.9776 25.9776 2 4 5
3.66313 25.9876 25.9876 2 4 5
3.66313 25.9976 25.9976 2 4 5
3.66313 26.0076 26.0076 2 4 5
3.66313 26.0176 26.0176 2 4 5
3.66313 26.0276 26.0276 2 4 5
3.66313 26.0376 26.0376 2 4 5
3.66313 26.0476 26.0476 2 4 5
3.66313 26.0576 26.0576 2 4 5
3.66313 26.0676 26.0676 2 4 5
3.66313 26.0776 26.0776 2 4 5
3.66313 26.0876 26.0876 2 4 5
3.66313 26.0976 26.0976 2 4 5
3.66313 26.1076 26.1076 2 4 5
3.66313 26.1176 26.1176 2 4 5
3.66313 26.1276 26.1276 2 4 5
3.66313 26.1376 26.1376 2 4 5
3.66313 26.1476 26.1476 2 4 5
3.66313 26.1576 26.1576 2 4 5
3.66313 26.1676 26.1676 2 4 5
3.66313 26.1776 26.1776 2 4 5
3.66313 26.1876 26.1876 2 4 5
3.66313 26.1976 26.1976 2 4 5
3.66313 26.2076 26.2076 2 4 5
3.66313 26.2176 26.2176 2 4 5
3.66313 26.2276 26.2276 2 4 5
3.66313 26.2376 26.2376 2 4 5
3.66313 26.2476 26.2476 2 4 5
3.66313 26.2576 26.2576 2 4 5
3.66313 26.2676 26.2676 2 4 5
3.66313 26.2776 26.2776 2 4 5
3.66313 26.2876 26.2876 2 4 5
3.66313 26.2976 26.2976 2 4 5
3.66313 26.3076 26.3076 2 4 5
3.66313 26.3176 26.3176 2 4 5
3.66313 26.3276 26.3276 2 4 5
3.66313 26.3376 26.3376 2 4 5
3.66313 26.3476 26.3476 2 4 5
3.66313 26.3576 26.3576 2 4 5
3.66313 26.3676 26.3676 2 4 5
3.66313 26.3776 26.3776 2 4 5
3.66313 26.3876 26.3876 2 4 5
3.66313 26.3976 26.3976 2 4 5
3.66313 26.4076 26.4076 2 4 5
3.66313 26.4176 26.4176 2 4 5
3.66313 26.4276 26.4276 2 4 5
3.66313 26.4376 26.4376 2 4 5
3.66313 26.4476 26.4476 2 4 5
3.66313 26.4576 26.4576 2 4 5
3.66313 26.4676 26.4676 2 4 5
3.66313 26.4776 26.4776 2 4 5
3.66313 26.4876 26.4876 2 4 5
3.66313 26.4976 26.4976 2 4 5
3.66313 26.5076 26.5076 2 4 5
3.66313 26.5176 26.5176 2 4 5
3.66313 26.5276 26.5276 2 4 5
3.66313 26.5376 26.5376 2 4 5
3.66313 26.5476 26.5476 2 4 5
3.66313 26.5576 26.5576 2 4 5
3.66313 26.5676 26.5676 2 4 5
3.66313 26.5776 26.5776 2 4 5
3.66313 26.5876 26.5876 2 4 5
3.66313 26.5976 26.5976 2 4 5
3.66313 26.6076 26.6076 2 4 5
3.66313 26.6176 26.6176 2 4 5
3.66313 26.6276 26.6276 2 4 5
3.66313 26.6376 26.6376 2 4 5
3.66313 26.6476 26.6476 2 4 5
3.66313 26.6576 26.6576 2 4 5
3.66313 26.6676 26.6676 2 4 5
3.66313 26.6776 26.6776 2 4 5
3.66313 26.6876 26.6876 2 4 5
3.66313 26.6976 26.6976 2 4 5
3.66313 26.7076 26.7076 2 4 5
3.66313 26.7176 26.7176 2 4 5
3.66313 26.7276 26.7276 2 4 5
3.66313 26.7376 26.7376 2 4 5
3.66313 26.7476 26.7476 2 4 5
3.66313 26.7576 26.7576 2 4 5
3.66313 26.7676 26.7676 2 4 5
3.66313 26.7776 26.7776 2 4 5
3.66313 26.7876 26.7876 2 4 5
3.66313 26.7976 26.7976 2 4 5
3.66313 26.8076 26.8076 2 4 5
3.66313 26.8176 26.8176 2 4 5
3.66313 26.8276 26.8276 2 4 5
3.66313 26.8376 26.8376 2 4 5
3.66313 26.8476 26.8476 2 4 5
3.66313 26.8576 26.8576 2 4 5
3.66313 26.8676 26.8676 2 4 5
3.66313 26.8776 26.8776 2 4 5
3.66313 26.8876 26.8876 2 4 5
3.66313 26.8976 26.8976 2 4 5
3.66313 26.9076 26.9076 2 4 5
3.66313 26.9176 26.9176 2 4 5
3.66313 26.9276 26.9276 2 4 5
3.66313 26.9376 26.9376 2 4 5
3.66313 26.9476 26.9476 2 4 5
3.66313 26.9576 26.9576 2 4 5
3.66313 26.9676 26.9676 2 4 5
3.66313 26.9776 26.9776 2 4 5
3.66313 26.9876 26.9876 2 4 5
3.66313 26.9976 26.9976 2 4 5
3.66313 27.0076 27.0076 2 4 5
3.66313 27.0176 27.0176 2 4 5
3.66313 27.0276 27.0276 2 4 5
3.66313 27.0376 27.0376 2 4 5
3.66313 27.0476 27.0476 2 4 5
3.66313 27.0576 27.0576 2 4 5
3.66313 27.0676 27.0676 2 4 5
3.66313 27.0776 27.0776 2 4 5
3.66313 27.0876 27.0876 2 4 5
3.66313 27.0976 27.0976 2 4 5
3.66313 27.1076 27.1076 2 4 5
3.66313 27.1176 27.1176 2 4 5
3.66313 27.1276 27.1276 2 4 5
3.66313 27.1376 27.1376 2 4 5
3.66313 27.1476 27.1476 2 4 5
3.66313 27.1576 27.1576 2 4 5
3.66313 27.1676 27.1676 2 4 5
3.66313 27.1776 27.1776 2 4 5
3.66313 27.1876 27.1876 2 4 5
3.66313 27.1976 27.1976 2 4 5
3.66313 27.2076 27.2076 2 4 5
3.66313 27.2176 27.2176 2 4 5
3.66313 27.2276 27.2276 2 4 5
3.66313 27.2376 27.2376 2 4 5
3.66313 27.2476 27.2476 2 4 5
3.66313 27.2576 27.2576 2 4 5
3.66313 27.2676 27.2676 2 4 5
3.66313 27.2776 27.2776 2 4 5
3.66313 27.2876 27.2876 2 4 5
3.66313 27.2976 27.2976 2 4 5
3.66313 27.3076 27.3076 2 4 5
3.66313 27.3176 27.3176 2 4 5
3.66313 27.3276 27.3276 2 4 5
3.66313 27.3376 27.3376 2 4 5
3.66313 27.3476 27.3476 2 4 5
3.66313 27.3576 27.3576 2 4 5
3.66313 27.3676 27.3676 2 4 5
3.66313 27.3776 27.3776 2 4 5
3.66313 27.3876 27.3876 2 4 5
3.66313 27.3976 27.3976 2 4 5
3.66313 27.4076 27.4076 2 4 5
3.66313 27.4176 27.4176 2 4 5
3.66313 27.4276 27.4276 2 4 5
3.66313 27.4376 27.4376 2 4 5
3.66313 27.4476 27.4476 2 4 5
3.66313 27.4576 27.4576 2 4 5
3.66313 27.4676 27.4676 2 4 5
3.66313 27.4776 27.4776 2 4 5
3.66313 27.4876 27.4876 2 4 5
3.66313 27.4976 27.4976 2 4 5
3.66313 27.5076 27.5076 2 4 5
3.66313 27.5176 27.5176 2 4 5
3.66313 27.5276 27.5276 2 4 5
3.66313 27.5376 27.5376 2 4 5
3.66313 27.5476 27.5476 2 4 5
3.66313 27.5576 27.5576 2 4 5
3.66313 27.5676 27.5676 2 4 5
3.66313 27.5776 27.5776 2 4 5
3.66313 27.5876 27.5876 2 4 5
3.66313 27.5976 27.5976 2 4 5
3.66313 27.6076 27.6076 2 4 5
3.66313 27.6176 27.6176 2 4 5
3.66313 27.6276 27.6276 2 4 5
3.66313 27.6376 27.6376 2 4 5
3.66313 27.6476 27.6476 2 4 5
3.66313 27.6576 27.6576 2 4 5
3.66313 27.6676 27.6676 2 4 5
3.66313 27.6776 27.6776 2 4 5
3.66313 27.6876 27.6876 2 4 5
3.66313 27.6976 27.6976 2 4 5
3.66313 27.7076 27.7076 2 4 5
3.66313 27.7176 27.7176 2 4 5
3.66313 27.7276 27.7276 2 4 5
3.66313 27.7376 27.7376 2 4 5
3.66313 27.7476 27.7476 2 4 5
3.66313 27.7576 27.7576 2 4 5
3.66313 27.7676 27.7676 2 4 5
3.66313 27.7776 27.7776 2 4 5
3.66313 27.7876 27.7876 2 4 5
3.66313 27.7976 27.7976 2 4 5
3.66313 27.8076 27.8076 2 4 5
3.66313 27.8176 27.8176 2 4 5
3.66313 27.8276 27.8276 2 4 5
3.66313 27.8376 27.8376 2 4 5
3.66313 27.8476 27.8476 2 4 5
3.66313 27.8576 27.8576 2 4 5
3.66313 27.8676 27.8676 2 4 5
3.66313 27.8776 27.8776 2 4 5
3.66313 27.8876 27.8876 2 4 5
3.66313 27.8976 27.8976 2 4 5
3.66313 27.9076 27.9076 2 4 5
3.66313 27.9176 27.9176 2 4 5
3.66313 27.9276 27.9276 2 4 5
3.66313 27.9376 27.9376 2 4 5
3.66313 27.9476 27.9476 2 4 5
3.66313 27.9576 27.9576 2 4 5
3.66313 27.9676 27.9676 2 4 5
3.66313 27.9776 27.9776 2 4 5
3.66313 27.9876 27.9876 2 4 5
3.66313 27.9976 27.9976 2 4 5
3.66313 28.0076 28.0076 2 4 5
3.66313 28.0176 28.0176 2 4 5
3.66313 28.0276 28.0276 2 4 5
3.66313 28.0376 28.0376 2 4 5
3.66313 28.0476 28.0476 2 4 5
3.66313 28.0576 28.0576 2 4 5
3.66313 28.0676 28.0676 2 4 5
3.66313 28.0776 28.0776 2 4 5
3.66313 28.0876 28.0876 2 4 5
3.66313 28.0976 28.0976 2 4 5
3.66313 28.1076 28.1076 2 4 5
3.66313 28.1176 28.1176 2 4 5
3.66313 28.1276 28.1276 2 4 5
3.66313 28.1376 28.1376 2 4 5
3.66313 28.1476 28.1476 2 4 5
3.66313 28.1576 28.1576 2 4 5
3.66313 28.1676 28.1676 2 4 5
3.66313 28.1776 28.1776 2 4 5
3.66313 28.1876 28.1876 2 4 5
3.66313 28.1976 28.1976 2 4 5
3.66313 28.2076 28.2076 2 4 5
3.66313 28.2176 28.2176 2 4 5
3.66313 28.2276 28.2276 2 4 5
3.66313 28.2376 28.2376 2 4 5
3.66313 28.2476 28.2476 2 4 5
3.66313 28.2576 28.2576 2 4 5
3.66313 28.2676 28.2676 2 4 5
3.66313 28.2776 28.2776 2 4 5
3.66313 28.2876 28.2876 2 4 5
3.66313 28.2976 28.2976 2 4 5
3.66313 28.3076 28.3076 2 4 5
3.66313 28.3176 28.3176 2 4 5
3.66313 28.3276 28.3276 2 4 5
3.66313 28.3376 28.3376 2 4 5
3.66313 28.3476 28.3476 2 4 5
3.66313 28.3576 28.3576 2 4 5
3.66313 28.3676 28.3676 2 4 5
3.66313 28.3776 28.3776 2 4 5
3.66313 28.3876 28.3876 2 4 5
3.66313 28.3976 28.3976 2 4 5
3.66313 28.4076 28.4076 2 4 5
3.66313 28.4176 28.4176 2 4 5
3.66313 28.4276 28.4276 2 4 5
3.66313 28.4376 28.4376 2 4 5
3.66313 28.4476 28.4476 2 4 5
3.66313 28.4576 28.4576 2 4 5
3.66313 28.4676 28.4676 2 4 5
3.66313 28.4776 28.4776 2 4 5
3.66313 28.4876 28.4876 2 4 5
3.66313 28.4976 28.4976 2 4 5
3.66313 28.5076 28.5076 2 4 5
3.66313 28.5176 28.5176 2 4 5
3.66313 28.5276 28.5276 2 4 5
3.66313 28.5376 28.5376 2 4 5
3.66313 28.5476 28.5476 2 4 5
3.66313 28.5576 28.5576 2 4 5
3.66313 28.5676 28.5676 2 4 5
3.66313 28.5776 28.5776 2 4 5
3.66313 28.5876 28.5876 2 4 5
3.66313 28.5976 28.5976 2 4 5
3.66313 28.6076 28.6076 2 4 5
3.66313 28.6176 28.6176 2 4 5
3.66313 28.6276 28.6276 2 4 5
3.66313 28.6376 28.6376 2 4 5
3.66313 28.6476 28.6476 2 4 5
3.66313 28.6576 28.6576 2 4 5
3.66313 28.6676 28.6676 2 4 5
3.66313 28.6776 28.6776 2 4 5
3.66313 28.6876 28.6876 2 4 5
3.66313 28.6976 28.6976 2 4 5
3.66313 28.7076 28.7076 2 4 5
3.66313 28.7176 28.7176 2 4 5
3.66313 28.7276 28.7276 2 4 5
3.66313 28.7376 28.7376 2 4 5
3.66313 28.7476 28.7476 2 4 5
3.66313 28.7576 28.7576 2 4 5
3.66313 28.7676 28.7676 2 4 5
3.66313 28.7776 28.7776 2 4 5
3.66313 28.7876 28.7876 2 4 5
3.66313 28.7976 28.7976 2 4 5
3.66313 28.8076 28.8076 2 4 5
3.66313 28.8176 28.8176 2 4 5
3.66313 28.8276 28.8276 2 4 5
3.66313 28.8376 28.8376 2 4 5
3.66313 28.8476 28.8476 2 4 5
3.66313 28.8576 28.8576 2 4 5
3.66313 28.8676 28.8676 2 4 5
3.66313 28.8776 28.8776 2 4 5
3.66313 28.8876 28.8876 2 4 5
3.66313 28.8976 28.8976 2 4 5
3.66313 28.9076 28.9076 2 4 5
3.66313 28.9176 28.9176 2 4 5
3.66313 28.9276 28.9276 2 4 5
3.66313 28.9376 28.9376 2 4 5
3.66313 28.9476 28.9476 2 4 5
3.66313 28.9576 28.9576 2 4 5
3.66313 28.9676 28.9676 2 4 5
3.66313 28.9776 28.9776 2 4 5
3.66313 28.9876 28.9876 2 4 5
3.66313 28.9976 28.9976 2 4 5
3.66313 29.0076 29.0076 2 4 5
3.66313 29.0176 29.0176 2 4 5
3.66313 29.0276 29.0276 2 4 5
3.66313 29.0376 29.0376 2 4 5
3.66313 29.0476 29.0476 2 4 5
3.66313 29.0576 29.0576 2 4 5
3.66313 29.0676 29.0676 2 4 5
3.66313 29.0776 29.0776 2 4 5
3.66313 29.0876 29.0876 2 4 5
3.66313 29.0976 29.0976 2 4 5
3.66313 29.1076 29.1076 2 4 5
3.66313 29.1176 29.1176 2 4 5
3.66313 29.1276 29.1276 2 4 5
3.66313 29.1376 29.1376 2 4 5
3.66313 29.1476 29.1476 2 4 5
3.66313 29.1576 29.1576 2 4 5
3.66313 29.1676 29.1676 2 4 5
3.66313 29.1776 29.1776 2 4 5
3.66313 29.1876 29.1876 2 4 5
3.66313 29.1976 29.1976 2 4 5
3.66313 29.2076 29.2076 2 4 5
3.66313 29.2176 29.2176 2 4 5
3.66313 29.2276 29.2276 2 4 5
3.66313 29.2376 29.2376 2 4 5
3.66313 29.2476 29.2476 2 4 5
3.66313 29.2576 29.2576 2 4 5
3.66313 29.2676 29.2676 2 4 5
3.66313 29.2776 29.2776 2 4 5
3.66313 29.2876 29.2876 2 4 5
3.66313 29.2976 29.2976 2 4 5
3.66313 29.3076 29.3076 2 4 5
3.66313 29.3176 29.3176 2 4 5
3.66313 29.3276 29.3276 2 4 5
3.66313 29.3376 29.3376 2 4 5
3.66313 29.3476 29.3476 2 4 5
3.66313 29.3576 29.3576 2 4 5
3.66313 29.3676 29.3676 2 4 5
3.66313 29.3776 29.3776 2 4 5
3.66313 29.3876 29.3876 2 4 5
3.66313 29.3976 29.3976 2 4 5
3.66313 29.4076 29.4076 2 4 5
3.66313 29.4176 29.4176 2 4 5
3.66313 29.4276 29.4276 2 4 5
3.66313 29.4376 29.4376 2 4 5
3.66313 29.4476 29.4476 2 4 5
3.66313 29.4576 29.4576 2 4 5
3.66313 29.4676 29.4676 2 4 5
3.66313 29.4776 29.4776 2 4 5
3.66313 29.4876 29.4876 2 4 5
3.66313 29.4976 29.4976 2 4 5
3.66313 29.5076 29.5076 2 4 5
3.66313 29.5176 29.5176 2 4 5
3.66313 29.5276 29.5276 2 4 5
3.66313 29.5376 29.5376 2 4 5
3.66313 29.5476 29.5476 2 4 5
3.66313 29.5576 29.5576 2 4 5
3.66313 29.5676 29.5676 2 4 5
3.66313 29.5776 29.5776 2 4 5
3.66313 29.5876 29.5876 2 4 5
3.66313 29.5976 29.5976 2 4 5
3.66313 29.6076 29.6076 2 4 5
3.66313 29.6176 29.6176 2 4 5
3.66313 29.6276 29.6276 2 4 5
3.66313 29.6376 29.6376 2 4 5
3.66313 29.6476 29.6476 2 4 5
3.66313 29.6576 29.6576 2 4 5
3.66313 29.6676 29.6676 2 4 5
3.66313 29.6776 29.6776 2 4 5
3.66313 29.6876 29.6876 2 4 5
3.66313 29.6976 29.6976 2 4 5
3.66313 29.7076 29.7076 2 4 5
3.66313 29.7176 29.7176 2 4 5
3.66313 29.7276 29.7276 2 4 5
3.66313 29.7376 29.7376 2 4 5
3.66313 29.7476 29.7476 2 4 5
3.66313 29.7576 29.7576 2 4 5
3.66313 29.7676 29.7676 2 4 5
3.66313 29.7776 29.7776 2 4 5
3.66313 29.7876 29.7876 2 4 5
3.66313 29.7976 29.7976 2 4 5
3.66313 29.8076 29.8076 2 4 5
3.66313 29.8176 29.8176 2 4 5
3.66313 29.8276 29.8276 2 4 5
3.66313 29.8376 29.8376 2 4 5
3.66313 29.8476 29.8476 2 4 5
3.66313 29.8576 29.8576 2 4 5
3.66313 29.8676 29.8676 2 4 5
3.66313 29.8776 29.8776 2 4 5
3.66313 29.8876 29.8876 2 4 5
3.66313 29.8976 29.8976 2 4 5
3.66313 29.9076 29.9076 2 4 5
3.66313 29.9176 29.9176 2 4 5
3.66313 29.9276 29.9276 2 4 5
3.66313 29.9376 29.9376 2 4 5
3.66313 29.9476 29.9476 2 4 5
3.66313 29.9576 29.9576 2 4 5
3.66313 29.9676 29.9676 2 4 5
3.66313 29.9776 29.9776 2 4 5
3.66313 29.9876 29.9876 2 4 5
3.66313 29.9976 29.9976 2 4 5
3.66313 30.0076 30.0076 2 4 5
3.66313 30.0176 30.0176 2 4 5
3.66313 30.0276 30.0276 2 4 5
3.66313 30.0376 30.0376 2 4 5
3.66313 30.0476 30.0476 2 4 5
3.66313 30.0576 30.0576 2 4 5
3.66313 30.0676 30.0676 2 4 5
3.66313 30.0776 30.0776 2 4 5
3.66313 30.0876 30.0876 2 4 5
3.66313 30.0976 30.0976 2 4 5
3.66313 30.1076 30.1076 2 4 5
3.66313 30.1176 30.1176 2 4 5
3.66313 30.1276 30.1276 2 4 5
3.66313 30.1376 30.1376 2 4 5
3.66313 30.1476 30.1476 2 4 5
3.66313 30.1576 30.1576 2 4 5
3.66313 30.1676 30.1676 2 4 5
3.66313 30.1776 30.1776 2 4 5
3.66313 30.1876 30.1876 2 4 5
3.66313 30.1976 30.1976 2 4 5
3.66313 30.2076 30.2076 2 4 5
3.66313 30.2176 30.2176 2 4 5
3.66313 30.2276 30.2276 2 4 5
3.66313 30.2376 30.2376 2 4 5
3.66313 30.2476 30.2476 2 4 5
3.66313 30.2576 30.2576 2 4 5
3.66313 30.2676 30.2676 2 4 5
3.66313 30.2776 30.2776 2 4 5
3.66313 30.2876 30.2876 2 4 5
3.66313 30.2976 30.2976 2 4 5
3.66313 30.3076 30.3076 2 4 5
3.66313 30.3176 30.3176 2 4 5
3.66313 30.3276 30.3276 2 4 5
3.66313 30.3376 30.3376 2 4 5
3.66313 30.3476 30.3476 2 4 5
3.66313 30.3576 30.3576 2 4 5
3.66313 30.3676 30.3676 2 4 5
3.66313 30.3776 30.3776 2 4 5
3.66313 30.3876 30.3876 2 4 5
3.66313 30.3976 30.3976 2 4 5
3.66313 30.4076 30.4076 2 4 5
3.66313 30.4176 30.4176 2 4 5
3.66313 30.4276 30.4276 2 4 5
3.66313 30.4376 30.4376 2 4 5
3.66313 30.4476 30.4476 2 4 5
3.66313 30.4576 30.4576 2 4 5
3.66313 30.4678 30.4678 2 4 5
3.66313 30.4777 30.4777 2 4 5
3.66313 30.4877 30.4877 2 4 5
3.66313 30.4977 30.4977 2 4 5
3.66313 30.5077 30.5077 2 4 5
3.66313 30.5177 30.5177 2 4 5
3.66313 30.5277 30.5277 2 4 5
3.66313 30.5377 30.5377 2 4 5
3.66313 30.5477 30.5477 2 4 5
3.66313 30.5577 30.5577 2 4 5
3.66313 30.5677 30.5677 2 4 5
3.66313 30.5777 30.5777 2 4 5
3.66313 30.5877 30.5877 2 4 5
3.66313 30.5977 30.5977 2 4 5
3.66313 30.6077 30.6077 2 4 5
3.66313 30.6177 30.6177 2 4 5
3.66313 30.6277 30.6277 2 4 5
3.66313 30.6377 30.6377 2 4 5
3.66313 30.6477 30.6477 2 4 5
3.66313 30.6577 30.6577 2 4 5
3.66313 30.6677 30.6677 2 4 5
3.66313 30.6777 30.6777 2 4 5
3.66313 30.6877 30.6877 2 4 5
3.66313 30.6977 30.6977 2 4 5
3.66313 30.7077 30.7077 2 4 5
3.66313 30.7177 30.7177 2 4 5
3.66313 30.7277 30.7277 2 4 5
3.66313 30.7377 30.7377 2 4 5
3.66313 30.7477 30.7477 2 4 5
3.66313 30.7577 30.7577 2 4 5
3.66313 30.7677 30.7677 2 4 5
3.66313 30.7777 30.7777 2 4 5
3.66313 30.7877 30.7877 2 4 5
3.66313 30.7977 30.7977 2 4 5
3.66313 30.8077 30.8077 2 4 5
3.66313 30.8177 30.8177 2 4 5
3.66313 30.8277 30.8277 2 4 5
3.66313 30.8377 30.8377 2 4 5
3.66313 30.8477 30.8477 2 4 5
3.66313 30.8577 30.8577 2 4 5
3.66313 30.8677 30.8677 2 4 5
3.66313 30.8777 30.8777 2 4 5
3.66313 30.8877 30.8877 2 4 5
3.66313 30.8977 30.8977 2 4 5
3.66313 30.9077 30.9077 2 4 5
3.66313 30.9177 30.9177 2 4 5
3.66313 30.9277 30.9277 2 4 5
3.66313 30.9377 30.9377 2 4 5
3.66313 30.9477 30.9477 2 4 5
3.66313 30.9577 30.9577 2 4 5
3.66313 30.9677 30.9677 2 4 5
3.66313 30.9777 30.9777 2 4 5
3.66313 30.9877 30.9877 2 4 5
3.66313 30.9977 30.9977 2 4 5
3.66313 31.0077 31.0077 2 4 5
3.66313 31.0177 31.0177 2 4 5
3.66313 31.0277 31.0277 2 4 5
3.66313 31.0377 31.0377 2 4 5
3.66313 31.0477 31.0477 2 4 5
3.66313 31.0577 31.0577 2 4 5
3.66313 31.0677 31.0677 2 4 5
3.66313 31.0777 31.0777 2 4 5
3.66313 31.0877 31.0877 2 4 5
3.66313 31.0977 31.0977 2 4 5
3.66313 31.1077 31.1077 2 4 5
3.66313 31.1177 31.1177 2 4 5
3.66313 31.1277 31.1277 2 4 5
3.66313 31.1377 31.1377 2 4 5
3.66313 31.1477 31.1477 2 4 5
3.66313 31.1577 31.1577 2 4 5
3.66313 31.1677 31.1677 2 4 5
3.66313 31.1777 31.1777 2 4 5
3.66313 31.1877 31.1877 2 4 5
3.66313 31.1977 31.1977 2 4 5
3.66313 31.2077 31.2077 2 4 5
3.66313 31.2177 31.2177 2 4 5
3.66313 31.2277 31.2277 2 4 5
3.66313 31.2377 31.2377 2 4 5
3.66313 31.2477 31.2477 2 4 5
3.66313 31.2577 31.2577 2 4 5
3.66313 31.2677 31.2677 2 4 5
3.66313 31.2777 31.2777 2 4 5
3.66313 31.2877 31.2877 2 4 5
3.66313 31.2977 31.2977 2 4 5
3.66313 31.3077 31.3077 2 4 5
3.66313 31.3177 31.3177 2 4 5
3.66313 31.3277 31.3277 2 4 5
3.66313 31.3377 31.3377 2 4 5
3.66313 31.3477 31.3477 2 4 5
3.66313 31.3577 31.3577 2 4 5
3.66313 31.3677 31.3677 2 4 5
3.66313 31.3777 31.3777 2 4 5
3.66313 31.3877 31.3877 2 4 5
3.66313 31.3977 31.3977 2 4 5
3.66313 31.4077 31.4077 2 4 5
3.66313 31.4177 31.4177 2 4 5
3.66313 31.4277 31.4277 2 4 5
3.66313 31.4377 31.4377 2 4 5
3.66313 31.4477 31.4477 2 4 5
3.66313 31.4577 31.4577 2 4 5
3.66313 31.4677 31.4677 2 4 5
3.66313 31.4777 31.4777 2 4 5
3.66313 31.4877 31.4877 2 4 5
3.66313 31.4977 31.4977 2 4 5
3.66313 31.5077 31.5077 2 4 5
3.66313 31.5177 31.5177 2 4 5
3.66313 31.5277 31.5277 2 4 5
3.66313 31.5377 31.5377 2 4 5
3.66313 31.5477 31.5477 2 4 5
3.66313 31.5577 31.5577 2 4 5
3.66313 31.5677 31.5677 2 4 5
3.66313 31.5777 31.5777 2 4 5
3.66313 31.5877 31.5877 2 4 5
3.66313 31.5977 31.5977 2 4 5
3.66313 31.6077 31.6077 2 4 5
3.66313 31.6177 31.6177 2 4 5
3.66313 31.6277 31.6277 2 4 5
3.66313 31.6377 31.6377 2 4 5
3.66313 31.6477 31.6477 2 4 5
3.66313 31.6577 31.6577 2 4 5
3.66313 31.6677 31.6677 2 4 5
3.66313 31.6777 31.6777 2 4 5
3.66313 31.6877 31.6877 2 4 5
3.66313 31.6977 31.6977 2 4 5
3.66313 31.7077 31.7077 2 4 5
3.66313 31.7177 31.7177 2 4 5
3.66313 31.7277 31.7277 2 4 5
3.66313 31.7377 31.7377 2 4 5
3.66313 31.7477 31.7477 2 4 5
3.66313 31.7577 31.7577 2 4 5
3.66313 31.7677 31.7677 2 4 5
3.66313 31.7777 31.7777 2 4 5
3.66313 31.7877 31.7877 2 4 5
3.66313 31.7977 31.7977 2 4 5
3.66313 31.8077 31.8077 2 4 5
3.66313 31.8177 31.8177 2 4 5
3.66313 31.8277 31.8277 2 4 5
3.66313 31.8377 31.8377 2 4 5
3.66313 31.8477 31.8477 2 4 5
3.66313 31.8577 31.8577 2 4 5
3.66313 31.8677 31.8677 2 4 5
3.66313 31.8777 31.8777 2 4 5
3.66313 31.8877 31.8877 2 4 5
3.66313 31.8977 31.8977 2 4 5
3.66313 31.9077 31.9077 2 4 5
3.66313 31.9177 31.9177 2 4 5
3.66313 31.9277 31.9277 2 4 5
3.66313 31.9377 31.9377 2 4 5
3.66313 31.9477 31.9477 2 4 5
3.66313 31.9577 31.9577 2 4 5
3.66313 31.9677 31.9677 2 4 5
3.66313 31.9777 31.9777 2 4 5
3.66313 31.9877 31.9877 2 4 5
3.66313 31.9977 31.9977 2 4 5
3.66313 32.0077 32.0077 2 4 5
3.66313 32.0177 32.0177 2 4 5
3.66313 32.0277 32.0277 2 4 5
3.66313 32.0377 32.0377 2 4 5
3.66313 32.0477 32.0477 2 4 5
3.66313 32.0577 32.0577 2 4 5
3.66313 32.0677 32.0677 2 4 5
3.66313 32.0777 32.0777 2 4 5
3.66313 32.0877 32.0877 2 4 5
3.66313 32.0977 32.0977 2 4 5
3.66313 32.1077 32.1077 2 4 5
3.66313 32.1177 32.1177 2 4 5
3.66313 32.1277 32.1277 2 4 5
3.66313 32.1377 32.1377 2 4 5
3.66313 32.1477 32.1477 2 4 5
3.66313 32.1577 32.1577 2 4 5
3.66313 32.1677 32.1677 2 4 5
3.66313 32.1777 32.1777 2 4 5
3.66313 32.1877 32.1877 2 4 5
3.66313 32.1977 32.1977 2 4 5
3.66313 32.2077 32.2077 2 4 5
3.66313 32.2177 32.2177 2 4 5
3.66313 32.2277 32.2277 2 4 5
3.66313 32.2377 32.2377 2 4 5
3.66313 32.2477 32.2477 2 4 5
3.66313 32.2577 32.2577 2 4 5
3.66313 32.2677 32.2677 2 4 5
3.66313 32.2777 32.2777 2 4 5
3.66313 32.2877 32.2877 2 4 5
3.66313 32.2977 32.2977 2 4 5
3.66313 32.3077 32.3077 2 4 5
3.66313 32.3177 32.3177 2 4 5
3.66313 32.3277 32.3277 2 4 5
3.66313 32.3377 32.3377 2 4 5
3.66313 32.3477 32.3477 2 4 5
3.66313 32.3577 32.3577 2 4 5
3.66313 32.3677 32.3677 2 4 5
3.66313 32.3777 32.3777 2 4 5
3.66313 32.3877 32.3877 2 4 5
3.66313 32.3977 32.3977 2 4 5
3.66313 32.4077 32.4077 2 4 5
3.66313 32.4177 32.4177 2 4 5
3.66313 32.4277 32.4277 2 4 5
3.66313 32.4377 32.4377 2 4 5
3.66313 32.4477 32.4477 2 4 5
3.66313 32.4577 32.4577 2 4 5
3.66313 32.4677 32.4677 2 4 5
3.66313 32.4777 32.4777 2 4 5
3.66313 32.4877 32.4877 2 4 5
3.66313 32.4977 32.4977 2 4 5
3.66313 32.5077 32.5077 2 4 5
3.66313 32.5177 32.5177 2 4 5
3.66313 32.5277 32.5277 2 4 5
3.66313 32.5377 32.5377 2 4 5
3.66313 32.5477 32.5477 2 4 5
3.66313 32.5577 32.5577 2 4 5
3.66313 32.5677 32.5677 2 4 5
3.66313 32.5777 32.5777 2 4 5
3.66313 32.5877 32.5877 2 4 5
3.66313 32.5977 32.5977 2 4 5
3.66313 32.6077 32.6077 2 4 5
3.66313 32.6177 32.6177 2 4 5
3.66313 32.6277 32.6277 2 4 5
3.66313 32.6377 32.6377 2 4 5
3.66313 32.6477 32.6477 2 4 5
3.66313 32.6577 32.6577 2 4 5
3.66313 32.6677 32.6677 2 4 5
3.66313 32.6777 32.6777 2 4 5
3.66313 32.6877 32.6877 2 4 5
3.66313 32.6977 32.6977 2 4 5
3.66313 32.7077 32.7077 2 4 5
3.66313 32.7177 32.7177 2 4 5
3.66313 32.7277 32.7277 2 4 5
3.66313 32.7377 32.7377 2 4 5
3.66313 32.7477 32.7477 2 4 5
3.66313 32.7577 32.7577 2 4 5
3.66313 32.7677 32.7677 2 4 5
3.66313 32.7777 32.7777 2 4 5
3.66313 32.7877 32.7877 2 4 5
3.66313 32.7977 32.7977 2 4 5
3.66313 32.8077 32.8077 2 4 5
3.66313 32.8177 32.8177 2 4 5
3.66313 32.8277 32.8277 2 4 5
3.66313 32.8377 32.8377 2 4 5
3.66313 32.8477 32.8477 2 4 5
3.66313 32.8577 32.8577 2 4 5
3.66313 32.8677 32.8677 2 4 5
3.66313 32.8777 32.8777 2 4 5
3.66313 32.8877 32.8877 2 4 5
3.66313 32.8977 32.8977 2 4 5
3.66313 32.9077 32.9077 2 4 5
3.66313 32.9177 32.9177 2 4 5
3.66313 32.9277 32.9277 2 4 5
3.66313 32.9377 32.9377 2 4 5
3.66313 32.9477 32.9477 2 4 5
3.66313 32.9577 32.9577 2 4 5
3.66313 32.9677 32.9677 2 4 5
3.66313 32.9777 32.9777 2 4 5
3.66313 32.9877 32.9877 2 4 5
3.66313 32.9977 32.9977 2 4 5
3.66313 33.0077 33.0077 2 4 5
3.66313 33.0177 33.0177 2 4 5
3.66313 33.0277 33.0277 2 4 5
3.66313 33.0377 33.0377 2 4 5
3.66313 33.0477 33.0477 2 4 5
3.66313 33.0577 33.0577 2 4 5
3.66313 33.0677 33.0677 2 4 5
3.66313 33.0777 33.0777 2 4 5
3.66313 33.0877 33.0877 2 4 5
3.66313 33.0977 33.0977 2 4 5
3.66313 33.1077 33.1077 2 4 5
3.66313 33.1177 33.1177 2 4 5
3.66313 33.1277 33.1277 2 4 5
3.66313 33.1377 33.1377 2 4 5
3.66313 33.1477 33.1477 2 4 5
3.66313 33.1577 33.1577 2 4 5
3.66313 33.1677 33.1677 2 4 5
3.66313 33.1777 33.1777 2 4 5
3.66313 33.1877 33.1877 2 4 5
3.66313 33.1977 33.1977 2 4 5
3.66313 33.2077 33.2077 2 4 5
3.66313 33.2177 33.2177 2 4 5
3.66313 33.2277 33.2277 2 4 5
3.66313 33.2377 33.2377 2 4 5
3.66313 33.2477 33.2477 2 4 5
3.66313 33.2577 33.2577 2 4 5
3.66313 33.2677 33.2677 2 4 5
3.66313 33.2777 33.2777 2 4 5
3.66313 33.2877 33.2877 2 4 5
3.66313 33.2977 33.2977 2 4 5
3.66313 33.3077 33.3077 2 4 5
3.66313 33.3177 33.3177 2 4 5
3.66313 33.3277 33.3277 2 4 5
3.66313 33.3377 33.3377 2 4 5
3.66313 33.3477 33.3477 2 4 5
3.66313 33.3577 33.3577 2 4 5
3.66313 33.3677 33.3677 2 4 5
3.66313 33.3777 33.3777 2 4 5
3.66313 33.3877 33.3877 2 4 5
3.66313 33.3977 33.3977 2 4 5
3.66313 33.4077 33.4077 2 4 5
3.66313 33.4177 33.4177 2 4 5
3.66313 33.4277 33.4277 2 4 5
3.66313 33.4377 33.4377 2 4 5
3.66313 33.4477 33.4477 2 4 5
3.66313 33.4577 33.4577 2 4 5
3.66313 33.4677 33.4677 2 4 5
3.66313 33.4777 33.4777 2 4 5
3.66313 33.4877 33.4877 2 4 5
3.66313 33.4977 33.4977 2 4 5
3.66313 33.5077 33.5077 2 4 5
3.66313 33.5177 33.5177 2 4 5
3.66313 33.5277 33.5277 2 4 5
3.66313 33.5377 33.5377 2 4 5
3.66313 33.5477 33.5477 2 4 5
3.66313 33.5577 33.5577 2 4 5
3.66313 33.5677 33.5677 2 4 5
3.66313 33.5777 33.5777 2 4 5
3.66313 33.5877 33.5877 2 4 5
3.66313 33.5977 33.5977 2 4 5
3.66313 33.6077 33.6077 2 4 5
3.66313 33.6177 33.6177 2 4 5
3.66313 33.6277 33.6277 2 4 5
3.66313 33.6377 33.6377 2 4 5
3.66313 33.6477 33.6477 2 4 5
3.66313 33.6577 33.6577 2 4 5
3.66313 33.6677 33.6677 2 4 5
3.66313 33.6777 33.6777 2 4 5
3.66313 33.6877 33.6877 2 4 5
3.66313 33.6977 33.6977 2 4 5
3.66313 33.7077 33.7077 2 4 5
3.66313 33.7177 33.7177 2 4 5
3.66313 33.7277 33.7277 2 4 5
3.66313 33.7377 33.7377 2 4 5
3.66313 33.7477 33.7477 2 4 5
3.66313 33.7577 33.7577 2 4 5
3.66313 33.7677 33.7677 2 4 5
3.66313 33.7777 33.7777 2 4 5
3.66313 33.7877 33.7877 2 4 5
3.66313 33.7977 33.7977 2 4 5
3.66313 33.8077 33.8077 2 4 5
3.66313 33.8177 33.8177 2 4 5
3.66313 33.8277 33.8277 2 4 5
3.66313 33.8377 33.8377 2 4 5
3.66313 33.8477 33.8477 2 4 5
3.66313 33.8577 33.8577 2 4 5
3.66313 33.8677 33.8677 2 4 5
3.66313 33.8777 33.8777 2 4 5
3.66313 33.8877 33.8877 2 4 5
3.66313 33.8977 33.8977 2 4 5
3.66313 33.9077 33.9077 2 4 5
3.66313 33.9177 33.9177 2 4 5
3.66313 33.9277 33.9277 2 4 5
3.66313 33.9377 33.9377 2 4 5
3.66313 33.9477 33.9477 2 4 5
3.66313 33.9577 33.9577 2 4 5
3.66313 33.9677 33.9677 2 4 5
3.66313 33.9777 33.9777 2 4 5
3.66313 33.9877 33.9877 2 4 5
3.66313 33.9977 33.9977 2 4 5
3.66313 34.0077 34.0077 2 4 5
3.66313 34.0177 34.0177 2 4 5
3.66313 34.0277 34.0277 2 4 5
3.66313 34.0377 34.0377 2 4 5
3.66313 34.0477 34.0477 2 4 5
3.66313 34.0577 34.0577 2 4 5
3.66313 34.0677 34.0677 2 4 5
3.66313 34.0777 34.0777 2 4 5
3.66313 34.0877 34.0877 2 4 5
3.66313 34.0977 34.0977 2 4 5
3.66313 34.1077 34.1077 2 4 5
3.66313 34.1177 34.1177 2 4 5
3.66313 34.1277 34.1277 2 4 5
3.66313 34.1377 34.1377 2 4 5
3.66313 34.1477 34.1477 2 4 5
3.66313 34.1577 34.1577 2 4 5
3.66313 34.1677 34.1677 2 4 5
3.66313 34.1777 34.1777 2 4 5
3.66313 34.1877 34.1877 2 4 5
3.66313 34.1977 34.1977 2 4 5
3.66313 34.2077 34.2077 2 4 5
3.66313 34.2177 34.2177 2 4 5
3.66313 34.2277 34.2277 2 4 5
3.66313 34.2377 34.2377 2 4 5
3.66313 34.2477 34.2477 2 4 5
3.66313 34.2577 34.2577 2 4 5
3.66313 34.2677 34.2677 2 4 5
3.66313 34.2777 34.2777 2 4 5
3.66313 34.2877 34.2877 2 4 5
3.66313 34.2977 34.2977 2 4 5
3.66313 34.3077 34.3077 2 4 5
3.66313 34.3177 34.3177 2 4 5
3.66313 34.3277 34.3277 2 4 5
3.66313 34.3377 34.3377 2 4 5
3.66313 34.3477 34.3477 2 4 5
3.66313 34.3577 34.3577 2 4 5
3.66313 34.3677 34.3677 2 4 5
3.66313 34.3777 34.3777 2 4 5
3.66313 34.3877 34.3877 2 4 5
3.66313 34.3977 34.3977 2 4 5
3.66313 34.4077 34.4077 2 4 5
3.66313 34.4177 34.4177 2 4 5
3.66313 34.4277 34.4277 2 4 5
3.66313 34.4377 34.4377 2 4 5
3.66313 34.4477 34.4477 2 4 5
3.66313 34.4577 34.4577 2 4 5
3.66313 34.4677 34.4677 2 4 5
3.66313 34.4777 34.4777 2 4 5
3.66313 34.4877 34.4877 2 4 5
3.66313 34.4977 34.4977 2 4 5
3.66313 34.5077 34.5077 2 4 5
3.66313 34.5177 34.5177 2 4 5
3.66313 34.5277 34.5277 2 4 5
3.66313 34.5377 34.5377 2 4 5
3.66313 34.5477 34.5477 2 4 5
3.66313 34.5577 34.5577 2 4 5
3.66313 34.5677 34.5677 2 4 5
3.66313 34.5777 34.5777 2 4 5
3.66313 34.5877 34.5877 2 4 5
3.66313 34.5977 34.5977 2 4 5
3.66313 34.6077 34.6077 2 4 5
3.66313 34.6177 34.6177 2 4 5
3.66313 34.6277 34.6277 2 4 5
3.66313 34.6377 34.6377 2 4 5
3.66313 34.6477 34.6477 2 4 5
3.66313 34.6577 34.6577 2 4 5
3.66313 34.6677 34.6677 2 4 5
3.66313 34.6777 34.6777 2 4 5
3.66313 34.6877 34.6877 2 4 5
3.66313 34.6977 34.6977 2 4 5
3.66313 34.7077 34.7077 2 4 5
3.66313 34.7177 34.7177 2 4 5
3.66313 34.7277 34.7277 2 4 5
3.66313 34.7377 34.7377 2 4 5
3.66313 34.7477 34.7477 2 4 5
3.66313 34.7577 34.7577 2 4 5
3.66313 34.7677 34.7677 2 4 5
3.66313 34.7777 34.7777 2 4 5
3.66313 34.7877 34.7877 2 4 5
3.66313 34.7977 34.7977 2 4 5
3.66313 34.8077 34.8077 2 4 5
3.66313 34.8177 34.8177 2 4 5
3.66313 34.8277 34.8277 2 4 5
3.66313 34.8377 34.8377 2 4 5
3.66313 34.8477 34.8477 2 4 5
3.66313 34.8577 34.8577 2 4 5
3.66313 34.8677 34.8677 2 4 5
3.66313 34.8777 34.8777 2 4 5
3.66313 34.8877 34.8877 2 4 5
3.66313 34.8977 34.8977 2 4 5
3.66313 34.9077 34.9077 2 4 5
3.66313 34.9177 34.9177 2 4 5
3.66313 34.9277 34.9277 2 4 5
3.66313 34.9377 34.9377 2 4 5
3.66313 34.9477 34.9477 2 4 5
3.66313 34.9577 34.9577 2 4 5
3.66313 34.9677 34.9677 2 4 5
3.66313 34.9777 34.9777 2 4 5
3.66313 34.9877 34.9877 2 4 5
3.66313 34.9977 34.9977 2 4 5
3.66313 35.0077 35.0077 2 4 5
3.66313 35.0177 35.0177 2 4 5
3.66313 35.0277 35.0277 2 4 5
3.66313 35.0377 35.0377 2 4 5
3.66313 35.0477 35.0477 2 4 5
3.66313 35.0577 35.0577 2 4 5
3.66313 35.0677 35.0677 2 4 5
3.66313 35.0777 35.0777 2 4 5
3.66313 35.0877 35.0877 2 4 5
3.66313 35.0977 35.0977 2 4 5
3.66313 35.1077 35.1077 2 4 5
3.66313 35.1177 35.1177 2 4 5
3.66313 35.1277 35.1277 2 4 5
3.66313 35.1377 35.1377 2 4 5
3.66313 35.1477 35.1477 2 4 5
3.66313 35.1577 35.1577 2 4 5
3.66313 35.1677 35.1677 2 4 5
3.66313 35.1777 35.1777 2 4 5
3.66313 35.1877 35.1877 2 4 5
3.66313 35.1977 35.1977 2 4 5
3.66313 35.2077 35.2077 2 4 5
3.66313 35.2177 35.2177 2 4 5
3.66313 35.2277 35.2277 2 4 5
3.66313 35.2377 35.2377 2 4 5
3.66313 35.2477 35.2477 2 4 5
3.66313 35.2577 35.2577 2 4 5
3.66313 35.2677 35.2677 2 4 5
3.66313 35.2777 35.2777 2 4 5
3.66313 35.2877 35.2877 2 4 5
3.66313 35.2977 35.2977 2 4 5
3.66313 35.3077 35.3077 2 4 5
3.66313 35.3177 35.3177 2 4 5
3.66313 35.3277 35.3277 2 4 5
3.66313 35.3377 35.3377 2 4 5
3.66313 35.3477 35.3477 2 4 5
3.66313 35.3577 35.3577 2 4 5
3.66313 35.3677 35.3677 2 4 5
3.66313 35.3777 35.3777 2 4 5
3.66313 35.3877 35.3877 2 4 5
3.66313 35.3977 35.3977 2 4 5
3.66313 35.4077 35.4077 2 4 5
3.66313 35.4177 35.4177 2 4 5
3.66313 35.4277 35.4277 2 4 5
3.66313 35.4377 35.4377 2 4 5
3.66313 35.4477 35.4477 2 4 5
3.66313 35.4577 35.4577 2 4 5
3.66313 35.4677 35.4677 2 4 5
3.66313 35.4777 35.4777 2 4 5
3.66313 35.4877 35.4877 2 4 5
3.66313 35.4977 35.4977 2 4 5
3.66313 35.5077 35.5077 2 4 5
3.66313 35.5177 35.5177 2 4 5
3.66313 35.5277 35.5277 2 4 5
3.66313 35.5377 35.5377 2 4 5
3.66313 35.5477 35.5477 2 4 5
3.66313 35.5577 35.5577 2 4 5
3.66313 35.5677 35.5677 2 4 5
3.66313 35.5777 35.5777 2 4 5
3.66313 35.5877 35.5877 2 4 5
3.66313 35.5977 35.5977 2 4 5
3.66313 35.6077 35.6077 2 4 5
3.66313 35.6177 35.6177 2 4 5
3.66313 35.6277 35.6277 2 4 5
3.66313 35.6377 35.6377 2 4 5
3.66313 35.6477 35.6477 2 4 5
3.66313 35.6577 35.6577 2 4 5
3.66313 35.6677 35.6677 2 4 5
3.66313 35.6777 35.6777 2 4 5
3.66313 35.6877 35.6877 2 4 5
3.66313 35.6977 35.6977 2 4 5
3.66313 35.7077 35.7077 2 4 5
3.66313 35.7177 35.7177 2 4 5
3.66313 35.7277 35.7277 2 4 5
3.66313 35.7377 35.7377 2 4 5
3.66313 35.7477 35.7477 2 4 5
3.66313 35.7577 35.7577 2 4 5
3.66313 35.7677 35.7677 2 4 5
3.66313 35.7777 35.7777 2 4 5
3.66313 35.7877 35.7877 2 4 5
3.66313 35.7977 35.7977 2 4 5
3.66313 35.8077 35.8077 2 4 5
3.66313 35.8177 35.8177 2 4 5
3.66313 35.8277 35.8277 2 4 5
3.66313 35.8377 35.8377 2 4 5
3.66313 35.8477 35.8477 2 4 5
3.66313 35.8577 35.8577 2 4 5
3.66313 35.8677 35.8677 2 4 5
3.66313 35.8777 35.8777 2 4 5
3.66313 35.8877 35.8877 2 4 5
3.66313 35.8977 35.8977 2 4 5
3.66313 35.9077 35.9077 2 4 5
3.66313 35.9177 35.9177 2 4 5
3.66313 35.9277 35.9277 2 4 5
3.66313 35.9377 35.9377 2 4 5
3.66313 35.9477 35.9477 2 4 5
3.66313 35.9577 35.9577 2 4 5
3.66313 35.9677 35.9677 2 4 5
3.66313 35.9777 35.9777 2 4 5
3.66313 35.9877 35.9877 2 4 5
3.66313 35.9977 35.9977 2 4 5
3.66313 36.0077 36.0077 2 4 5
3.66313 36.0177 36.0177 2 4 5
3.66313 36.0277 36.0277 2 4 5
3.66313 36.0377 36.0377 2 4 5
3.66313 36.0477 36.0477 2 4 5
3.66313 36.0577 36.0577 2 4 5
3.66313 36.0677 36.0677 2 4 5
3.66313 36.0777 36.0777 2 4 5
3.66313 36.0877 36.0877 2 4 5
3.66313 36.0977 36.0977 2 4 5
3.66313 36.1077 36.1077 2 4 5
3.66313 36.1177 36.1177 2 4 5
3.66313 36.1277 36.1277 2 4 5
3.66313 36.1377 36.1377 2 4 5
3.66313 36.1477 36.1477 2 4 5
3.66313 36.1577 36.1577 2 4 5
3.66313 36.1677 36.1677 2 4 5
3.66313 36.1777 36.1777 2 4 5
3.66313 36.1877 36.1877 2 4 5
3.66313 36.1977 36.1977 2 4 5
3.66313 36.2077 36.2077 2 4 5
3.66313 36.2177 36.2177 2 4 5
3.66313 36.2277 36.2277 2 4 5
3.66313 36.2377 36.2377 2 4 5
3.66313 36.2477 36.2477 2 4 5
3.66313 36.2577 36.2577 2 4 5
3.66313 36.2677 36.2677 2 4 5
3.66313 36.2777 36.2777 2 4 5
3.66313 36.2877 36.2877 2 4 5
3.66313 36.2977 36.2977 2 4 5
3.66313 36.3077 36.3077 2 4 5
3.66313 36.3177 36.3177 2 4 5
3.66313 36.3277 36.3277 2 4 5
3.66313 36.3377 36.3377 2 4 5
3.66313 36.3477 36.3477 2 4 5
3.66313 36.3577 36.3577 2 4 5
3.66313 36.3677 36.3677 2 4 5
3.66313 36.3777 36.3777 2 4 5
3.66313 36.3877 36.3877 2 4 5
3.66313 36.3977 36.3977 2 4 5
3.66313 36.4077 36.4077 2 4 5
3.66313 36.4177 36.4177 2 4 5
3.66313 36.4277 36.4277 2 4 5
3.66313 36.4377 36.4377 2 4 5
3.66313 36.4477 36.4477 2 4 5
3.66313 36.4577 36.4577 2 4 5
3.66313 36.4677 36.4677 2 4 5
3.66313 36.4777 36.4777 2 4 5
3.66313 36.4877 36.4877 2 4 5
3.66313 36.4977 36.4977 2 4 5
3.66313 36.5077 36.5077 2 4 5
3.66313 36.5177 36.5177 2 4 5
3.66313 36.5277 36.5277 2 4 5
3.66313 36.5377 36.5377 2 4 5
3.66313 36.5477 36.5477 2 4 5
3.66313 36.5577 36.5577 2 4 5
3.66313 36.5677 36.5677 2 4 5
3.66313 36.5777 36.5777 2 4 5
3.66313 36.5877 36.5877 2 4 5
3.66313 36.5977 36.5977 2 4 5
3.66313 36.6077 36.6077 2 4 5
3.66313 36.6177 36.6177 2 4 5
3.66313 36.6277 36.6277 2 4 5
3.66313 36.6377 36.6377 2 4 5
3.66313 36.6477 36.6477 2 4 5
3.66313 36.6577 36.6577 2 4 5
3.66313 36.6677 36.6677 2 4 5
3.66313 36.6777 36.6777 2 4 5
3.66313 36.6877 36.6877 2 4 5
3.66313 36.6977 36.6977 2 4 5
3.66313 36.7077 36.7077 2 4 5
3.66313 36.7177 36.7177 2 4 5
3.66313 36.7277 36.7277 2 4 5
3.66313 36.7377 36.7377 2 4 5
3.66313 36.7477 36.7477 2 4 5
3.66313 36.7577 36.7577 2 4 5
3.66313 36.7677 36.7677 2 4 5
3.66313 36.7777 36.7777 2 4 5
3.66313 36.7877 36.7877 2 4 5
3.66313 36.7977 36.7977 2 4 5
3.66313 36.8077 36.8077 2 4 5
3.66313 36.8177 36.8177 2 4 5
3.66313 36.8277 36.8277 2 4 5
3.66313 36.8377 36.8377 2 4 5
3.66313 36.8477 36.8477 2 4 5
3.66313 36.8577 36.8577 2 4 5
3.66313 36.8677 36.8677 2 4 5
3.66313 36.8777 36.8777 2 4 5
3.66313 36.8877 36.8877 2 4 5
3.66313 36.8977 36.8977 2 4 5
3.66313 36.9077 36.9077 2 4 5
3.66313 36.9177 36.9177 2 4 5
3.66313 36.9277 36.9277 2 4 5
3.66313 36.9377 36.9377 2 4 5
3.66313 36.9477 36.9477 2 4 5
3.66313 36.9577 36.9577 2 4 5
3.66313 36.9677 36.9677 2 4 5
3.66313 36.9777 36.9777 2 4 5
3.66313 36.9877 36.9877 2 4 5
3.66313 36.9977 36.9977 2 4 5
3.66313 37.0077 37.0077 2 4 5
3.66313 37.0177 37.0177 2 4 5
3.66313 37.0277 37.0277 2 4 5
3.66313 37.0377 37.0377 2 4 5
3.66313 37.0477 37.0477 2 4 5
3.66313 37.0577 37.0577 2 4 5
3.66313 37.0677 37.0677 2 4 5
3.66313 37.0777 37.0777 2 4 5
3.66313 37.0877 37.0877 2 4 5
3.66313 37.0977 37.0977 2 4 5
3.66313 37.1077 37.1077 2 4 5
3.66313 37.1177 37.1177 2 4 5
3.66313 37.1277 37.1277 2 4 5
3.66313 37.1377 37.1377 2 4 5
3.66313 37.1477 37.1477 2 4 5
3.66313 37.1577 37.1577 2 4 5
3.66313 37.1677 37.1677 2 4 5
3.66313 37.1777 37.1777 2 4 5
3.66313 37.1877 37.1877 2 4 5
3.66313 37.1977 37.1977 2 4 5
3.66313 37.2077 37.2077 2 4 5
3.66313 37.2177 37.2177 2 4 5
3.66313 37.2277 37.2277 2 4 5
3.66313 37.2377 37.2377 2 4 5
3.66313 37.2477 37.2477 2 4 5
3.66313 37.2577 37.2577 2 4 5
3.66313 37.2677 37.2677 2 4 5
3.66313 37.2777 37.2777 2 4 5
3.66313 37.2877 37.2877 2 4 5
3.66313 37.2977 37.2977 2 4 5
3.66313 37.3077 37.3077 2 4 5
3.66313 37.3177 37.3177 2 4 5
3.66313 37.3277 37.3277 2 4 5
3.66313 37.3377 37.3377 2 4 5
3.66313 37.3477 37.3477 2 4 5
3.66313 37.3577 37.3577 2 4 5
3.66313 37.3677 37.3677 2 4 5
3.66313 37.3777 37.3777 2 4 5
3.66313 37.3877 37.3877 2 4 5
3.66313 37.3977 37.3977 2 4 5
3.66313 37.4077 37.4077 2 4 5
3.66313 37.4177 37.4177 2 4 5
3.66313 37.4277 37.4277 2 4 5
3.66313 37.4377 37.4377 2 4 5
3.66313 37.4477 37.4477 2 4 5
3.66313 37.4577 37.4577 2 4 5
3.66313 37.4677 37.4677 2 4 5
3.66313 37.4777 37.4777 2 4 5
3.66313 37.4877 37.4877 2 4 5
3.66313 37.4977 37.4977 2 4 5
3.66313 37.5077 37.5077 2 4 5
3.66313 37.5177 37.5177 2 4 5
3.66313 37.5277 37.5277 2 4 5
3.66313 37.5377 37.5377 2 4 5
3.66313 37.5477 37.5477 2 4 5
3.66313 37.5577 37.5577 2 4 5
3.66313 37.5677 37.5677 2 4 5
3.66313 37.5777 37.5777 2 4 5
3.66313 37.5877 37.5877 2 4 5
3.66313 37.5977 37.5977 2 4 5
3.66313 37.6077 37.6077 2 4 5
3.66313 37.6177 37.6177 2 4 5
3.66313 37.6277 37.6277 2 4 5
3.66313 37.6377 37.6377 2 4 5
3.66313 37.6477 37.6477 2 4 5
3.66313 37.6577 37.6577 2 4 5
3.66313 37.6677 37.6677 2 4 5
3.66313 37.6777 37.6777 2 4 5
3.66313 37.6877 37.6877 2 4 5
3.66313 37.6977 37.6977 2 4 5
3.66313 37.7077 37.7077 2 4 5
3.66313 37.7177 37.7177 2 4 5
3.66313 37.7277 37.7277 2 4 5
3.66313 37.7377 37.7377 2 4 5
3.66313 37.7477 37.7477 2 4 5
3.66313 37.7577 37.7577 2 4 5
3.66313 37.7677 37.7677 2 4 5
3.66313 37.7777 37.7777 2 4 5
3.66313 37.7877 37.7877 2 4 5
3.66313 37.7977 37.7977 2 4 5
3.66313 37.8077 37.8077 2 4 5
3.66313 37.8177 37.8177 2 4 5
3.66313 37.8277 37.8277 2 4 5
3.66313 37.8377 37.8377 2 4 5
3.66313 37.8477 37.8477 2 4 5
3.66313 37.8577 37.8577 2 4 5
3.66313 37.8677 37.8677 2 4 5
3.66313 37.8777 37.8777 2 4 5
3.66313 37.8877 37.8877 2 4 5
3.66313 37.8977 37.8977 2 4 5
3.66313 37.9077 37.9077 2 4 5
3.66313 37.9177 37.9177 2 4 5
3.66313 37.9277 37.9277 2 4 5
3.66313 37.9377 37.9377 2 4 5
3.66313 37.9477 37.9477 2 4 5
3.66313 37.9577 37.9577 2 4 5
3.66313 37.9677 37.9677 2 4 5
3.66313 37.9777 37.9777 2 4 5
3.66313 37.9877 37.9877 2 4 5
3.66313 37.9977 37.9977 2 4 5
3.66313 38.0077 38.0077 2 4 5
3.66313 38.0177 38.0177 2 4 5
3.66313 38.0277 38.0277 2 4 5
3.66313 38.0377 38.0377 2 4 5
3.66313 38.0477 38.0477 2 4 5
3.66313 38.0577 38.0577 2 4 5
3.66313 38.0677 38.0677 2 4 5
3.66313 38.0777 38.0777 2 4 5
3.66313 38.0877 38.0877 2 4 5
3.66313 38.0977 38.0977 2 4 5
3.66313 38.1077 38.1077 2 4 5
3.66313 38.1177 38.1177 2 4 5
3.66313 38.1277 38.1277 2 4 5
3.66313 38.1377 38.1377 2 4 5
3.66313 38.1477 38.1477 2 4 5
3.66313 38.1577 38.1577 2 4 5
3.66313 38.1677 38.1677 2 4 5
3.66313 38.1777 38.1777 2 4 5
3.66313 38.1877 38.1877 2 4 5
3.66313 38.1977 38.1977 2 4 5
3.66313 38.2077 38.2077 2 4 5
3.66313 38.2177 38.2177 2 4 5
3.66313 38.2277 38.2277 2 4 5
3.66313 38.2377 38.2377 2 4 5
3.66313 38.2477 38.2477 2 4 5
3.66313 38.2577 38.2577 2 4 5
3.66313 38.2677 38.2677 2 4 5
3.66313 38.2777 38.2777 2 4 5
3.66313 38.2877 38.2877 2 4 5
3.66313 38.2977 38.2977 2 4 5
3.66313 38.3077 38.3077 2 4 5
3.66313 38.3177 38.3177 2 4 5
3.66313 38.3277 38.3277 2 4 5
3.66313 38.3377 38.3377 2 4 5
3.66313 38.3477 38.3477 2 4 5
3.66313 38.3577 38.3577 2 4 5
3.66313 38.3677 38.3677 2 4 5
3.66313 38.3777 38.3777 2 4 5
3.66313 38.3877 38.3877 2 4 5
3.66313 38.3977 38.3977 2 4 5
3.66313 38.4077 38.4077 2 4 5
3.66313 38.4177 38.4177 2 4 5
3.66313 38.4277 38.4277 2 4 5
3.66313 38.4377 38.4377 2 4 5
3.66313 38.4477 38.4477 2 4 5
3.66313 38.4577 38.4577 2 4 5
3.66313 38.4677 38.4677 2 4 5
3.66313 38.4777 38.4777 2 4 5
3.66313 38.4877 38.4877 2 4 5
3.66313 38.4977 38.4977 2 4 5
3.66313 38.5077 38.5077 2 4 5
3.66313 38.5177 38.5177 2 4 5
3.66313 38.5277 38.5277 2 4 5
3.66313 38.5377 38.5377 2 4 5
3.66313 38.5477 38.5477 2 4 5
3.66313 38.5577 38.5577 2 4 5
3.66313 38.5677 38.5677 2 4 5
3.66313 38.5777 38.5777 2 4 5
3.66313 38.5877 38.5877 2 4 5
3.66313 38.5977 38.5977 2 4 5
3.66313 38.6077 38.6077 2 4 5
3.66313 38.6177 38.6177 2 4 5
3.66313 38.6277 38.6277 2 4 5
3.66313 38.6377 38.6377 2 4 5
3.66313 38.6477 38.6477 2 4 5
3.66313 38.6577 38.6577 2 4 5
3.66313 38.6677 38.6677 2 4 5
3.66313 38.6777 38.6777 2 4 5
3.66313 38.6877 38.6877 2 4 5
3.66313 38.6977 38.6977 2 4 5
3.66313 38.7077 38.7077 2 4 5
3.66313 38.7177 38.7177 2 4 5
3.66313 38.7277 38.7277 2 4 5
3.66313 38.7377 38.7377 2 4 5
3.66313 38.7477 38.7477 2 4 5
3.66313 38.7577 38.7577 2 4 5
3.66313 38.7677 38.7677 2 4 5
3.66313 38.7777 38.7777 2 4 5
3.66313 38.7877 38.7877 2 4 5
3.66313 38.7977 38.7977 2 4 5
3.66313 38.8077 38.8077 2 4 5
3.66313 38.8177 38.8177 2 4 5
3.66313 38.8277 38.8277 2 4 5
3.66313 38.8377 38.8377 2 4 5
3.66313 38.8477 38.8477 2 4 5
3.66313 38.8577 38.8577 2 4 5
3.66313 38.8677 38.8677 2 4 5
3.66313 38.8777 38.8777 2 4 5
3.66313 38.8877 38.8877 2 4 5
3.66313 38.8977 38.8977 2 4 5
3.66313 38.9077 38.9077 2 4 5
3.66313 38.9177 38.9177 2 4 5
3.66313 38.9277 38.9277 2 4 5
3.66313 38.9377 38.9377 2 4 5
3.66313 38.9477 38.9477 2 4 5
3.66313 38.9577 38.9577 2 4 5
3.66313 38.9677 38.9677 2 4 5
3.66313 38.9777 38.9777 2 4 5
3.66313 38.9877 38.9877 2 4 5
3.66313 38.9977 38.9977 2 4 5
3.66313 39.0077 39.0077 2 4 5
3.66313 39.0177 39.0177 2 4 5
3.66313 39.0277 39.0277 2 4 5
3.66313 39.0377 39.0377 2 4 5
3.66313 39.0477 39.0477 2 4 5
3.66313 39.0577 39.0577 2 4 5
3.66313 39.0677 39.0677 2 4 5
3.66313 39.0777 39.0777 2 4 5
3.66313 39.0877 39.0877 2 4 5
3.66313 39.0977 39.0977 2 4 5
3.66313 39.1077 39.1077 2 4 5
3.66313 39.1177 39.1177 2 4 5
3.66313 39.1277 39.1277 2 4 5
3.66313 39.1377 39.1377 2 4 5
3.66313 39.1477 39.1477 2 4 5
3.66313 39.1577 39.1577 2 4 5
3.66313 39.1677 39.1677 2 4 5
3.66313 39.1777 39.1777 2 4 5
3.66313 39.1877 39.1877 2 4 5
3.66313 39.1977 39.1977 2 4 5
3.66313 39.2077 39.2077 2 4 5
3.66313 39.2177 39.2177 2 4 5
3.66313 39.2277 39.2277 2 4 5
3.66313 39.2377 39.2377 2 4 5
3.66313 39.2477 39.2477 2 4 5
3.66313 39.2577 39.2577 2 4 5
3.66313 39.2677 39.2677 2 4 5
3.66313 39.2777 39.2777 2 4 5
3.66313 39.2877 39.2877 2 4 5
3.66313 39.2977 39.2977 2 4 5
3.66313 39.3077 39.3077 2 4 5
3.66313 39.3177 39.3177 2 4 5
3.66313 39.3277 39.3277 2 4 5
3.66313 39.3377 39.3377 2 4 5
3.66313 39.3477 39.3477 2 4 5
3.66313 39.3577 39.3577 2 4 5
3.66313 39.3677 39.3677 2 4 5
3.66313 39.3777 39.3777 2 4 5
3.66313 39.3877 39.3877 2 4 5
3.66313 39.3977 39.3977 2 4 5
3.66313 39.4077 39.4077 2 4 5
3.66313 39.4177 39.4177 2 4 5
3.66313 39.4277 39.4277 2 4 5
3.66313 39.4377 39.4377 2 4 5
3.66313 39.4477 39.4477 2 4 5
3.66313 39.4577 39.4577 2 4 5
3.66313 39.4677 39.4677 2 4 5
3.66313 39.4777 39.4777 2 4 5
3.66313 39.4877 39.4877 2 4 5
3.66313 39.4977 39.4977 2 4 5
3.66313 39.5077 39.5077 2 4 5
3.66313 39.5177 39.5177 2 4 5
3.66313 39.5277 39.5277 2 4 5
3.66313 39.5377 39.5377 2 4 5
3.66313 39.5477 39.5477 2 4 5
3.66313 39.5577 39.5577 2 4 5
3.66313 39.5677 39.5677 2 4 5
3.66313 39.5777 39.5777 2 4 5
3.66313 39.5877 39.5877 2 4 5
3.66313 39.5977 39.5977 2 4 5
3.66313 39.6077 39.6077 2 4 5
3.66313 39.6177 39.6177 2 4 5
3.66313 39.6277 39.6277 2 4 5
3.66313 39.6377 39.6377 2 4 5
3.66313 39.6477 39.6477 2 4 5
3.66313 39.6577 39.6577 2 4 5
3.66313 39.6677 39.6677 2 4 5
3.66313 39.6777 39.6777 2 4 5
3.66313 39.6877 39.6877 2 4 5
3.66313 39.6977 39.6977 2 4 5
3.66313 39.7077 39.7077 2 4 5
3.66313 39.7177 39.7177 2 4 5
3.66313 39.7277 39.7277 2 4 5
3.66313 39.7377 39.7377 2 4 5
3.66313 39.7477 39.7477 2 4 5
3.66313 39.7577 39.7577 2 4 5
3.66313 39.7677 39.7677 2 4 5
3.66313 39.7777 39.7777 2 4 5
3.66313 39.7877 39.7877 2 4 5
3.66313 39.7977 39.7977 2 4 5
3.66313 39.8077 39.8077 2 4 5
3.66313 39.8177 39.8177 2 4 5
3.66313 39.8277 39.8277 2 4 5
3.66313 39.8377 39.8377 2 4 5
3.66313 39.8477 39.8477 2 4 5
3.66313 39.8577 39.8577 2 4 5
3.66313 39.8677 39.8677 2 4 5
3.66313 39.8777 39.8777 2 4 5
3.66313 39.8877 39.8877 2 4 5
3.66313 39.8977 39.8977 2 4 5
3.66313 39.9077 39.9077 2 4 5
3.66313 39.9177 39.9177 2 4 5
3.66313 39.9277 39.9277 2 4 5
3.66313 39.9377 39.9377 2 4 5
3.66313 39.9477 39.9477 2 4 5
3.66313 39.9577 39.9577 2 4 5
3.66313 39.9677 39.9677 2 4 5
3.66313 39.9777 39.9777 2 4 5
3.66313 39.9877 39.9877 2 4 5
3.66313 39.9977 39.9977 2 4 5
3.66313 40.0077 40.0077 2 4 5
3.66313 40.0177 40.0177 2 4 5
3.66313 40.0277 40.0277 2 4 5
3.66313 40.0377 40.0377 2 4 5
3.66313 40.0477 40.0477 2 4 5
3.66313 40.0577 40.0577 2 4 5
3.66313 40.0677 40.0677 2 4 5
3.66313 40.0777 40.0777 2 4 5
3.66313 40.0877 40.0877 2 4 5
3.66313 40.0977 40.0977 2 4 5
3.66313 40.1077 40.1077 2 4 5
3.66313 40.1177 40.1177 2 4 5
3.66313 40.1277 40.1277 2 4 5
3.66313 40.1377 40.1377 2 4 5
3.66313 40.1477 40.1477 2 4 5
3.66313 40.1577 40.1577 2 4 5
3.66313 40.1677 40.1677 2 4 5
3.66313 40.1777 40.1777 2 4 5
3.66313 40.1877 40.1877 2 4 5
3.66313 40.1977 40.1977 2 4 5
3.66313 40.2077 40.2077 2 4 5
3.66313 40.2177 40.2177 2 4 5
3.66313 40.2277 40.2277 2 4 5
3.66313 40.2377 40.2377 2 4 5
3.66313 40.2477 40.2477 2 4 5
3.66313 40.2577 40.2577 2 4 5
3.66313 40.2677 40.2677 2 4 5
3.66313 40.2777 40.2777 2 4 5
3.66313 40.2877 40.2877 2 4 5
3.66313 40.2977 40.2977 2 4 5
3.66313 40.3077 40.3077 2 4 5
3.66313 40.3177 40.3177 2 4 5
3.66313 40.3277 40.3277 2 4 5
3.66313 40.3377 40.3377 2 4 5
3.66313 40.3477 40.3477 2 4 5
3.66313 40.3577 40.3577 2 4 5
3.66313 40.3677 40.3677 2 4 5
3.66313 40.3777 40.3777 2 4 5
3.66313 40.3877 40.3877 2 4 5
3.66313 40.3977 40.3977 2 4 5
3.66313 40.4077 40.4077 2 4 5
3.66313 40.4177 40.4177 2 4 5
3.66313 40.4277 40.4277 2 4 5
3.66313 40.4377 40.4377 2 4 5
3.66313 40.4477 40.4477 2 4 5
3.66313 40.4577 40.4577 2 4 5
3.66313 40.4677 40.4677 2 4 5
3.66313 40.4777 40.4777 2 4 5
3.66313 40.4877 40.4877 2 4 5
3.66313 40.4977 40.4977 2 4 5
3.66313 40.5077 40.5077 2 4 5
3.66313 40.5177 40.5177 2 4 5
3.66313 40.5277 40.5277 2 4 5
3.66313 40.5377 40.5377 2 4 5
3.66313 40.5477 40.5477 2 4 5
3.66313 40.5577 40.5577 2 4 5
3.66313 40.5677 40.5677 2 4 5
3.66313 40.5777 40.5777 2 4 5
3.66313 40.5877 40.5877 2 4 5
3.66313 40.5977 40.5977 2 4 5
3.66313 40.6077 40.6077 2 4 5
3.66313 40.6177 40.6177 2 4 5
3.66313 40.6277 40.6277 2 4 5
3.66313 40.6377 40.6377 2 4 5
3.66313 40.6477 40.6477 2 4 5
3.66313 40.6577 40.6577 2 4 5
3.66313 40.6677 40.6677 2 4 5
3.66313 40.6777 40.6777 2 4 5
3.66313 40.6877 40.6877 2 4 5
3.66313 40.6977 40.6977 2 4 5
3.66313 40.7077 40.7077 2 4 5
3.66313 40.7177 40.7177 2 4 5
3.66313 40.7277 40.7277 2 4 5
3.66313 40.7377 40.7377 2 4 5
3.66313 40.7477 40.7477 2 4 5
3.66313 40.7577 40.7577 2 4 5
3.66313 40.7677 40.7677 2 4 5
3.66313 40.7777 40.7777 2 4 5
3.66313 40.7877 40.7877 2 4 5
3.66313 40.7977 40.7977 2 4 5
3.66313 40.8077 40.8077 2 4 5
3.66313 40.8177 40.8177 2 4 5
3.66313 40.8277 40.8277 2 4 5
3.66313 40.8377 40.8377 2 4 5
3.66313 40.8477 40.8477 2 4 5
3.66313 40.8577 40.8577 2 4 5
3.66313 40.8677 40.8677 2 4 5
3.66313 40.8777 40.8777 2 4 5
3.66313 40.8877 40.8877 2 4 5
3.66313 40.8977 40.8977 2 4 5
3.66313 40.9077 40.9077 2 4 5
3.66313 40.9177 40.9177 2 4 5
3.66313 40.9277 40.9277 2 4 5
3.66313 40.9377 40.9377 2 4 5
3.66313 40.9477 40.9477 2 4 5
3.66313 40.9577 40.9577 2 4 5
3.66313 40.9677 40.9677 2 4 5
3.66313 40.9777 40.9777 2 4 5
3.66313 40.9877 40.9877 2 4 5
3.66313 40.9977 40.9977 2 4 5
3.66313 41.0077 41.0077 2 4 5
3.66313 41.0177 41.0177 2 4 5
3.66313 41.0277 41.0277 2 4 5
3.66313 41.0377 41.0377 2 4 5
3.66313 41.0477 41.0477 2 4 5
3.66313 41.0577 41.0577 2 4 5
3.66313 41.0677 41.0677 2 4 5
3.66313 41.0777 41.0777 2 4 5
3.66313 41.0877 41.0877 2 4 5
3.66313 41.0977 41.0977 2 4 5
3.66313 41.1077 41.1077 2 4 5
3.66313 41.1177 41.1177 2 4 5
3.66313 41.1277 41.1277 2 4 5
3.66313 41.1377 41.1377 2 4 5
3.66313 41.1477 41.1477 2 4 5
3.66313 41.1577 41.1577 2 4 5
3.66313 41.1677 41.1677 2 4 5
3.66313 41.1777 41.1777 2 4 5
3.66313 41.1877 41.1877 2 4 5
3.66313 41.1977 41.1977 2 4 5
3.66313 41.2077 41.2077 2 4 5
3.66313 41.2177 41.2177 2 4 5
3.66313 41.2277 41.2277 2 4 5
3.66313 41.2377 41.2377 2 4 5
3.66313 41.2477 41.2477 2 4 5
3.66313 41.2577 41.2577 2 4 5
3.66313 41.2677 41.2677 2 4 5
3.66313 41.2777 41.2777 2 4 5
3.66313 41.2877 41.2877 2 4 5
3.66313 41.2977 41.2977 2 4 5
3.66313 41.3077 41.3077 2 4 5
3.66313 41.3177 41.3177 2 4 5
3.66313 41.3277 41.3277 2 4 5
3.66313 41.3377 41.3377 2 4 5
3.66313 41.3477 41.3477 2 4 5
3.66313 41.3577 41.3577 2 4 5
3.66313 41.3677 41.3677 2 4 5
3.66313 41.3777 41.3777 2 4 5
3.66313 41.3877 41.3877 2 4 5
3.66313 41.3977 41.3977 2 4 5
3.66313 41.4077 41.4077 2 4 5
3.66313 41.4177 41.4177 2 4 5
3.66313 41.4277 41.4277 2 4 5
3.66313 41.4377 41.4377 2 4 5
3.66313 41.4477 41.4477 2 4 5
3.66313 41.4577 41.4577 2 4 5
3.66313 41.4677 41.4677 2 4 5
3.66313 41.4777 41.4777 2 4 5
3.66313 41.4877 41.4877 2 4 5
3.66313 41.4977 41.4977 2 4 5
3.66313 41.5077 41.5077 2 4 5
3.66313 41.5177 41.5177 2 4 5
3.66313 41.5277 41.5277 2 4 5
3.66313 41.5377 41.5377 2 4 5
3.66313 41.5477 41.5477 2 4 5
3.66313 41.5577 41.5577 2 4 5
3.66313 41.5677 41.5677 2 4 5
3.66313 41.5777 41.5777 2 4 5
3.66313 41.5877 41.5877 2 4 5
3.66313 41.5977 41.5977 2 4 5
3.66313 41.6077 41.6077 2 4 5
3.66313 41.6177 41.6177 2 4 5
3.66313 41.6277 41.6277 2 4 5
3.66313 41.6377 41.6377 2 4 5
3.66313 41.6477 41.6477 2 4 5
3.66313 41.6577 41.6577 2 4 5
3.66313 41.6677 41.6677 2 4 5
3.66313 41.6777 41.6777 2 4 5
3.66313 41.6877 41.6877 2 4 5
3.66313 41.6977 41.6977 2 4 5
3.66313 41.7077 41.7077 2 4 5
3.66313 41.7177 41.7177 2 4 5
3.66313 41.7277 41.7277 2 4 5
3.66313 41.7377 41.7377 2 4 5
3.66313 41.7477 41.7477 2 4 5
3.66313 41.7577 41.7577 2 4 5
3.66313 41.7677 41.7677 2 4 5
3.66313 41.7777 41.7777 2 4 5
3.66313 41.7877 41.7877 2 4 5
3.66313 41.7977 41.7977 2 4 5
3.66313 41.8077 41.8077 2 4 5
3.66313 41.8177 41.8177 2 4 5
3.66313 41.8277 41.8277 2 4 5
3.66313 41.8377 41.8377 2 4 5
3.66313 41.8477 41.8477 2 4 5
3.66313 41.8577 41.8577 2 4 5
3.66313 41.8677 41.8677 2 4 5
3.66313 41.8777 41.8777 2 4 5
3.66313 41.8877 41.8877 2 4 5
3.66313 41.8977 41.8977 2 4 5
3.66313 41.9077 41.9077 2 4 5
3.66313 41.9177 41.9177 2 4 5
3.66313 41.9277 41.9277 2 4 5
3.66313 41.9377 41.9377 2 4 5
3.66313 41.9477 41.9477 2 4 5
3.66313 41.9577 41.9577 2 4 5
3.66313 41.9677 41.9677 2 4 5
3.66313 41.9777 41.9777 2 4 5
3.66313 41.9877 41.9877 2 4 5
3.66313 41.9977 41.9977 2 4 5
3.66313 42.0077 42.0077 2 4 5
3.66313 42.0177 42.0177 2 4 5
3.66313 42.0277 42.0277 2 4 5
3.66313 42.0377 42.0377 2 4 5
3.66313 42.0477 42.0477 2 4 5
3.66313 42.0577 42.0577 2 4 5
3.66313 42.0677 42.0677 2 4 5
3.66313 42.0777 42.0777 2 4 5
3.66313 42.0877 42.0877 2 4 5
3.66313 42.0977 42.0977 2 4 5
3.66313 42.1077 42.1077 2 4 5
3.66313 42.1177 42.1177 2 4 5
3.66313 42.1277 42.1277 2 4 5
3.66313 42.1377 42.1377 2 4 5
3.66313 42.1477 42.1477 2 4 5
3.66313 42.1577 42.1577 2 4 5
3.66313 42.1677 42.1677 2 4 5
3.66313 42.1777 42.1777 2 4 5
3.66313 42.1877 42.1877 2 4 5
3.66313 42.1977 42.1977 2 4 5
3.66313 42.2077 42.2077 2 4 5
3.66313 42.2177 42.2177 2 4 5
3.66313 42.2277 42.2277 2 4 5
3.66313 42.2377 42.2377 2 4 5
3.66313 42.2477 42.2477 2 4 5
3.66313 42.2577 42.2577 2 4 5
3.66313 42.2677 42.2677 2 4 5
3.66313 42.2777 42.2777 2 4 5
3.66313 42.2877 42.2877 2 4 5
3.66313 42.2977 42.2977 2 4 5
3.66313 42.3077 42.3077 2 4 5
3.66313 42.3177 42.3177 2 4 5
3.66313 42.3277 42.3277 2 4 5
3.66313 42.3377 42.3377 2 4 5
3.66313 42.3477 42.3477 2 4 5
3.66313 42.3577 42.3577 2 4 5
3.66313 42.3677 42.3677 2 4 5
3.66313 42.3777 42.3777 2 4 5
3.66313 42.3877 42.3877 2 4 5
3.66313 42.3977 42.3977 2 4 5
3.66313 42.4077 42.4077 2 4 5
3.66313 42.4177 42.4177 2 4 5
3.66313 42.4277 42.4277 2 4 5
3.66313 42.4377 42.4377 2 4 5
3.66313 42.4477 42.4477 2 4 5
3.66313 42.4577 42.4577 2 4 5
3.66313 42.4677 42.4677 2 4 5
3.66313 42.4777 42.4777 2 4 5
3.66313 42.4877 42.4877 2 4 5
3.66313 42.4977 42.4977 2 4 5
3.66313 42.5077 42.5077 2 4 5
3.66313 42.5177 42.5177 2 4 5
3.66313 42.5277 42.5277 2 4 5
3.66313 42.5377 42.5377 2 4 5
3.66313 42.5477 42.5477 2 4 5
3.66313 42.5577 42.5577 2 4 5
3.66313 42.5677 42.5677 2 4 5
3.66313 42.5777 42.5777 2 4 5
3.66313 42.5877 42.5877 2 4 5
3.66313 42.5977 42.5977 2 4 5
3.66313 42.6077 42.6077 2 4 5
3.66313 42.6177 42.6177 2 4 5
3.66313 42.6277 42.6277 2 4 5
3.66313 42.6377 42.6377 2 4 5
3.66313 42.6477 42.6477 2 4 5
3.66313 42.6577 42.6577 2 4 5
3.66313 42.6677 42.6677 2 4 5
3.66313 42.6777 42.6777 2 4 5
3.66313 42.6877 42.6877 2 4 5
3.66313 42.6977 42.6977 2 4 5
3.66313 42.7077 42.7077 2 4 5
3.66313 42.7177 42.7177 2 4 5
3.66313 42.7277 42.7277 2 4 5
3.66313 42.7377 42.7377 2 4 5
3.66313 42.7477 42.7477 2 4 5
3.66313 42.7577 42.7577 2 4 5
3.66313 42.7677 42.7677 2 4 5
3.66313 42.7777 42.7777 2 4 5
3.66313 42.7877 42.7877 2 4 5
3.66313 42.7977 42.7977 2 4 5
3.66313 42.8077 42.8077 2 4 5
3.66313 42.8177 42.8177 2 4 5
3.66313 42.8277 42.8277 2 4 5
3.66313 42.8377 42.8377 2 4 5
3.66313 42.8477 42.8477 2 4 5
3.66313 42.8577 42.8577 2 4 5
3.66313 42.8677 42.8677 2 4 5
3.66313 42.8777 42.8777 2 4 5
3.66313 42.8877 42.8877 2 4 5
3.66313 42.8977 42.8977 2 4 5
3.66313 42.9077 42.9077 2 4 5
3.66313 42.9177 42.9177 2 4 5
3.66313 42.9277 42.9277 2 4 5
3.66313 42.9377 42.9377 2 4 5
3.66313 42.9477 42.9477 2 4 5
3.66313 42.9577 42.9577 2 4 5
3.66313 42.9677 42.9677 2 4 5
3.66313 42.9777 42.9777 2 4 5
3.66313 42.9877 42.9877 2 4 5
3.66313 42.9977 42.9977 2 4 5
3.66313 43.0077 43.0077 2 4 5
3.66313 43.0177 43.0177 2 4 5
3.66313 43.0277 43.0277 2 4 5
3.66313 43.0377 43.0377 2 4 5
3.66313 43.0477 43.0477 2 4 5
3.66313 43.0577 43.0577 2 4 5
3.66313 43.0677 43.0677 2 4 5
3.66313 43.0777 43.0777 2 4 5
3.66313 43.0877 43.0877 2 4 5
3.66313 43.0977 43.0977 2 4 5
3.66313 43.1077 43.1077 2 4 5
3.66313 43.1177 43.1177 2 4 5
3.66313 43.1277 43.1277 2 4 5
3.66313 43.1377 43.1377 2 4 5
3.66313 43.1477 43.1477 2 4 5
3.66313 43.1577 43.1577 2 4 5
3.66313 43.1677 43.1677 2 4 5
3.66313 43.1777 43.1777 2 4 5
3.66313 43.1877 43.1877 2 4 5
3.66313 43.1977 43.1977 2 4 5
3.66313 43.2077 43.2077 2 4 5
3.66313 43.2177 43.2177 2 4 5
3.66313 43.2277 43.2277 2 4 5
3.66313 43.2377 43.2377 2 4 5
3.66313 43.2477 43.2477 2 4 5
3.66313 43.2577 43.2577 2 4 5
3.66313 43.2677 43.2677 2 4 5
3.66313 43.2777 43.2777 2 4 5
3.66313 43.2877 43.2877 2 4 5
3.66313 43.2977 43.2977 2 4 5
3.66313 43.3077 43.3077 2 4 5
3.66313 43.3177 43.3177 2 4 5
3.66313 43.3277 43.3277 2 4 5
3.66313 43.3377 43.3377 2 4 5
3.66313 43.3477 43.3477 2 4 5
3.66313 43.3577 43.3577 2 4 5
3.66313 43.3677 43.3677 2 4 5
3.66313 43.3777 43.3777 2 4 5
3.66313 43.3877 43.3877 2 4 5
3.66313 43.3977 43.3977 2 4 5
3.66313 43.4077 43.4077 2 4 5
3.66313 43.4177 43.4177 2 4 5
3.66313 43.4277 43.4277 2 4 5
3.66313 43.4377 43.4377 2 4 5
3.66313 43.4477 43.4477 2 4 5
3.66313 43.4577 43.4577 2 4 5
3.66313 43.4677 43.4677 2 4 5
3.66313 43.4777 43.4777 2 4 5
3.66313 43.4877 43.4877 2 4 5
3.66313 43.4977 43.4977 2 4 5
3.66313 43.5077 43.5077 2 4 5
3.66313 43.5177 43.5177 2 4 5
3.66313 43.5277 43.5277 2 4 5
3.66313 43.5377 43.5377 2 4 5
3.66313 43.5477 43.5477 2 4 5
3.66313 43.5577 43.5577 2 4 5
3.66313 43.5677 43.5677 2 4 5
3.66313 43.5777 43.5777 2 4 5
3.66313 43.5877 43.5877 2 4 5
3.66313 43.5977 43.5977 2 4 5
3.66313 43.6077 43.6077 2 4 5
3.66313 43.6177 43.6177 2 4 5
3.66313 43.6277 43.6277 2 4 5
3.66313 43.6377 43.6377 2 4 5
3.66313 43.6477 43.6477 2 4 5
3.66313 43.6577 43.6577 2 4 5
3.66313 43.6677 43.6677 2 4 5
3.66313 43.6777 43.6777 2 4 5
3.66313 43.6877 43.6877 2 4 5
3.66313 43.6977 43.6977 2 4 5
3.66313 43.7077 43.7077 2 4 5
3.66313 43.7177 43.7177 2 4 5
3.66313 43.7277 43.7277 2 4 5
3.66313 43.7377 43.7377 2 4 5
3.66313 43.7477 43.7477 2 4 5
3.66313 43.7577 43.7577 2 4 5
3.66313 43.7677 43.7677 2 4 5
3.66313 43.7777 43.7777 2 4 5
3.66313 43.7877 43.7877 2 4 5
3.66313 43.7977 43.7977 2 4 5
3.66313 43.8077 43.8077 2 4 5
3.66313 43.8177 43.8177 2 4 5
3.66313 43.8277 43.8277 2 4 5
3.66313 43.8377 43.8377 2 4 5
3.66313 43.8477 43.8477 2 4 5
3.66313 43.8577 43.8577 2 4 5
3.66313 43.8677 43.8677 2 4 5
3.66313 43.8777 43.8777 2 4 5
3.66313 43.8877 43.8877 2 4 5
3.66313 43.8977 43.8977 2 4 5
3.66313 43.9077 43.9077 2 4 5
3.66313 43.9177 43.9177 2 4 5
3.66313 43.9277 43.9277 2 4 5
3.66313 43.9377 43.9377 2 4 5
3.66313 43.9477 43.9477 2 4 5
3.66313 43.9577 43.9577 2 4 5
3.66313 43.9677 43.9677 2 4 5
3.66313 43.9777 43.9777 2 4 5
3.66313 43.9877 43.9877 2 4 5
3.66313 43.9977 43.9977 2 4 5
3.66313 44.0077 44.0077 2 4 5
3.66313 44.0177 44.0177 2 4 5
3.66313 44.0277 44.0277 2 4 5
3.66313 44.0377 44.0377 2 4 5
3.66313 44.0477 44.0477 2 4 5
3.66313 44.0577 44.0577 2 4 5
3.66313 44.0677 44.0677 2 4 5
3.66313 44.0777 44.0777 2 4 5
3.66313 44.0877 44.0877 2 4 5
3.66313 44.0977 44.0977 2 4 5
3.66313 44.1077 44.1077 2 4 5
3.66313 44.1177 44.1177 2 4 5
3.66313 44.1277 44.1277 2 4 5
3.66313 44.1377 44.1377 2 4 5
3.66313 44.1477 44.1477 2 4 5
3.66313 44.1577 44.1577 2 4 5
3.66313 44.1677 44.1677 2 4 5
3.66313 44.1777 44.1777 2 4 5
3.66313 44.1877 44.1877 2 4 5
3.66313 44.1977 44.1977 2 4 5
3.66313 44.2077 44.2077 2 4 5
3.66313 44.2177 44.2177 2 4 5
3.66313 44.2277 44.2277 2 4 5
3.66313 44.2377 44.2377 2 4 5
3.66313 44.2477 44.2477 2 4 5
3.66313 44.2577 44.2577 2 4 5
3.66313 44.2677 44.2677 2 4 5
3.66313 44.2777 44.2777 2 4 5
3.66313 44.2877 44.2877 2 4 5
3.66313 44.2977 44.2977 2 4 5
3.66313 44.3077 44.3077 2 4 5
3.66313 44.3177 44.3177 2 4 5
3.66313 44.3277 44.3277 2 4 5
3.66313 44.3377 44.3377 2 4 5
3.66313 44.3477 44.3477 2 4 5
3.66313 44.3577 44.3577 2 4 5
3.66313 44.3677 44.3677 2 4 5
3.66313 44.3777 44.3777 2 4 5
3.66313 44.3877 44.3877 2 4 5
3.66313 44.3977 44.3977 2 4 5
3.66313 44.4077 44.4077 2 4 5
3.66313 44.4177 44.4177 2 4 5
3.66313 44.4277 44.4277 2 4 5
3.66313 44.4377 44.4377 2 4 5
3.66313 44.4477 44.4477 2 4 5
3.66313 44.4577 44.4577 2 4 5
3.66313 44.4677 44.4677 2 4 5
3.66313 44.4777 44.4777 2 4 5
3.66313 44.4877 44.4877 2 4 5
3.66313 44.4977 44.4977 2 4 5
3.66313 44.5077 44.5077 2 4 5
3.66313 44.5177 44.5177 2 4 5
3.66313 44.5277 44.5277 2 4 5
3.66313 44.5377 44.5377 2 4 5
3.66313 44.5477 44.5477 2 4 5
3.66313 44.5577 44.5577 2 4 5
3.66313 44.5677 44.5677 2 4 5
3.66313 44.5777 44.5777 2 4 5
3.66313 44.5877 44.5877 2 4 5
3.66313 44.5977 44.5977 2 4 5
3.66313 44.6077 44.6077 2 4 5
3.66313 44.6177 44.6177 2 4 5
3.66313 44.6277 44.6277 2 4 5
3.66313 44.6377 44.6377 2 4 5
3.66313 44.6477 44.6477 2 4 5
3.66313 44.6577 44.6577 2 4 5
3.66313 44.6677 44.6677 2 4 5
3.66313 44.6777 44.6777 2 4 5
3.66313 44.6877 44.6877 2 4 5
3.66313 44.6977 44.6977 2 4 5
3.66313 44.7077 44.7077 2 4 5
3.66313 44.7177 44.7177 2 4 5
3.66313 44.7277 44.7277 2 4 5
3.66313 44.7377 44.7377 2 4 5
3.66313 44.7477 44.7477 2 4 5
3.66313 44.7577 44.7577 2 4 5
3.66313 44.7677 44.7677 2 4 5
3.66313 44.7777 44.7777 2 4 5
3.66313 44.7877 44.7877 2 4 5
3.66313 44.7977 44.7977 2 4 5
3.66313 44.8077 44.8077 2 4 5
3.66313 44.8177 44.8177 2 4 5
3.66313 44.8277 44.8277 2 4 5
3.66313 44.8377 44.8377 2 4 5
3.66313 44.8477 44.8477 2 4 5
3.66313 44.8577 44.8577 2 4 5
3.66313 44.8677 44.8677 2 4 5
3.66313 44.8777 44.8777 2 4 5
3.66313 44.8877 44.8877 2 4 5
3.66313 44.8977 44.8977 2 4 5
3.66313 44.9077 44.9077 2 4 5
3.66313 44.9177 44.9177 2 4 5
3.66313 44.9277 44.9277 2 4 5
3.66313 44.9377 44.9377 2 4 5
3.66313 44.9477 44.9477 2 4 5
3.66313 44.9577 44.9577 2 4 5
3.66313 44.9677 44.9677 2 4 5
3.66313 44.9777 44.9777 2 4 5
3.66313 44.9877 44.9877 2 4 5
3.66313 44.9977 44.9977 2 4 5
3.66313 45.0077 45.0077 2 4 5
3.66313 45.0177 45.0177 2 4 5
3.66313 45.0277 45.0277 2 4 5
3.66313 45.0377 45.0377 2 4 5
3.66313 45.0477 45.0477 2 4 5
3.66313 45.0577 45.0577 2 4 5
3.66313 45.0677 45.0677 2 4 5
3.66313 45.0777 45.0777 2 4 5
3.66313 45.0877 45.0877 2 4 5
3.66313 45.0977 45.0977 2 4 5
3.66313 45.1077 45.1077 2 4 5
3.66313 45.1177 45.1177 2 4 5
3.66313 45.1277 45.1277 2 4 5
3.66313 45.1377 45.1377 2 4 5
3.66313 45.1477 45.1477 2 4 5
3.66313 45.1577 45.1577 2 4 5
3.66313 45.1677 45.1677 2 4 5
3.66313 45.1777 45.1777 2 4 5
3.66313 45.1877 45.1877 2 4 5
3.66313 45.1977 45.1977 2 4 5
3.66313 45.2077 45.2077 2 4 5
3.66313 45.2177 45.2177 2 4 5
3.66313 45.2277 45.2277 2 4 5
3.66313 45.2377 45.2377 2 4 5
3.66313 45.2477 45.2477 2 4 5
3.66313 45.2577 45.2577 2 4 5
3.66313 45.2677 45.2677 2 4 5
3.66313 45.2777 45.2777 2 4 5
3.66313 45.2877 45.2877 2 4 5
3.66313 45.2977 45.2977 2 4 5
3.66313 45.3077 45.3077 2 4 5
3.66313 45.3177 45.3177 2 4 5
3.66313 45.3277 45.3277 2 4 5
3.66313 45.3377 45.3377 2 4 5
3.66313 45.3477 45.3477 2 4 5
3.66313 45.3577 45.3577 2 4 5
3.66313 45.3677 45.3677 2 4 5
3.66313 45.3777 45.3777 2 4 5
3.66313 45.3877 45.3877 2 4 5
3.66313 45.3977 45.3977 2 4 5
3.66313 45.4077 45.4077 2 4 5
3.66313 45.4177 45.4177 2 4 5
3.66313 45.4277 45.4277 2 4 5
3.66313 45.4377 45.4377 2 4 5
3.66313 45.4477 45.4477 2 4 5
3.66313 45.4577 45.4577 2 4 5
3.66313 45.4677 45.4677 2 4 5
3.66313 45.4777 45.4777 2 4 5
3.66313 45.4877 45.4877 2 4 5
3.66313 45.4977 45.4977 2 4 5
3.66313 45.5077 45.5077 2 4 5
3.66313 45.5177 45.5177 2 4 5
3.66313 45.5277 45.5277 2 4 5
3.66313 45.5377 45.5377 2 4 5
3.66313 45.5477 45.5477 2 4 5
3.66313 45.5577 45.5577 2 4 5
3.66313 45.5677 45.5677 2 4 5
3.66313 45.5777 45.5777 2 4 5
3.66313 45.5877 45.5877 2 4 5
3.66313 45.5977 45.5977 2 4 5
3.66313 45.6077 45.6077 2 4 5
3.66313 45.6177 45.6177 2 4 5
3.66313 45.6277 45.6277 2 4 5
3.66313 45.6377 45.6377 2 4 5
3.66313 45.6477 45.6477 2 4 5
3.66313 45.6577 45.6577 2 4 5
3.66313 45.6677 45.6677 2 4 5
3.66313 45.6777 45.6777 2 4 5
3.66313 45.6877 45.6877 2 4 5
3.66313 45.6977 45.6977 2 4 5
3.66313 45.7077 45.7077 2 4 5
3.66313 45.7177 45.7177 2 4 5
3.66313 45.7277 45.7277 2 4 5
3.66313 45.7377 45.7377 2 4 5
3.66313 45.7477 45.7477 2 4 5
3.66313 45.7577 45.7577 2 4 5
3.66313 45.7677 45.7677 2 4 5
3.66313 45.7777 45.7777 2 4 5
3.66313 45.7877 45.7877 2 4 5
3.66313 45.7977 45.7977 2 4 5
3.66313 45.8077 45.8077 2 4 5
3.66313 45.8177 45.8177 2 4 5
3.66313 45.8277 45.8277 2 4 5
3.66313 45.8377 45.8377 2 4 5
3.66313 45.8477 45.8477 2 4 5
3.66313 45.8577 45.8577 2 4 5
3.66313 45.8677 45.8677 2 4 5
3.66313 45.8777 45.8777 2 4 5
3.66313 45.8877 45.8877 2 4 5
3.66313 45.8977 45.8977 2 4 5
3.66313 45.9077 45.9077 2 4 5
3.66313 45.9177 45.9177 2 4 5
3.66313 45.9277 45.9277 2 4 5
3.66313 45.9377 45.9377 2 4 5
3.66313 45.9477 45.9477 2 4 5
3.66313 45.9577 45.9577 2 4 5
3.66313 45.9677 45.9677 2 4 5
3.66313 45.9777 45.9777 2 4 5
3.66313 45.9877 45.9877 2 4 5
3.66313 45.9977 45.9977 2 4 5
3.66313 46.0077 46.0077 2 4 5
3.66313 46.0177 46.0177 2 4 5
3.66313 46.0277 46.0277 2 4 5
3.66313 46.0377 46.0377 2 4 5
3.66313 46.0477 46.0477 2 4 5
3.66313 46.0577 46.0577 2 4 5
3.66313 46.0677 46.0677 2 4 5
3.66313 46.0777 46.0777 2 4 5
3.66313 46.0877 46.0877 2 4 5
3.66313 46.0977 46.0977 2 4 5
3.66313 46.1077 46.1077 2 4 5
3.66313 46.1177 46.1177 2 4 5
3.66313 46.1277 46.1277 2 4 5
3.66313 46.1377 46.1377 2 4 5
3.66313 46.1477 46.1477 2 4 5
3.66313 46.1577 46.1577 2 4 5
3.66313 46.1677 46.1677 2 4 5
3.66313 46.1777 46.1777 2 4 5
3.66313 46.1877 46.1877 2 4 5
3.66313 46.1977 46.1977 2 4 5
3.66313 46.2077 46.2077 2 4 5
3.66313 46.2177 46.2177 2 4 5
3.66313 46.2277 46.2277 2 4 5
3.66313 46.2377 46.2377 2 4 5
3.66313 46.2477 46.2477 2 4 5
3.66313 46.2577 46.2577 2 4 5
3.66313 46.2677 46.2677 2 4 5
3.66313 46.2777 46.2777 2 4 5
3.66313 46.2877 46.2877 2 4 5
3.66313 46.2977 46.2977 2 4 5
3.66313 46.3077 46.3077 2 4 5
3.66313 46.3177 46.3177 2 4 5
3.66313 46.3277 46.3277 2 4 5
3.66313 46.3377 46.3377 2 4 5
3.66313 46.3477 46.3477 2 4 5
3.66313 46.3577 46.3577 2 4 5
3.66313 46.3677 46.3677 2 4 5
3.66313 46.3777 46.3777 2 4 5
3.66313 46.3877 46.3877 2 4 5
3.66313 46.3977 46.3977 2 4 5
3.66313 46.4077 46.4077 2 4 5
3.66313 46.4177 46.4177 2 4 5
3.66313 46.4277 46.4277 2 4 5
3.66313 46.4377 46.4377 2 4 5
3.66313 46.4477 46.4477 2 4 5
3.66313 46.4577 46.4577 2 4 5
3.66313 46.4677 46.4677 2 4 5
3.66313 46.4777 46.4777 2 4 5
3.66313 46.4877 46.4877 2 4 5
3.66313 46.4977 46.4977 2 4 5
3.66313 46.5077 46.5077 2 4 5
3.66313 46.5177 46.5177 2 4 5
3.66313 46.5277 46.5277 2 4 5
3.66313 46.5377 46.5377 2 4 5
3.66313 46.5477 46.5477 2 4 5
3.66313 46.5577 46.5577 2 4 5
3.66313 46.5677 46.5677 2 4 5
3.66313 46.5777 46.5777 2 4 5
3.66313 46.5877 46.5877 2 4 5
3.66313 46.5977 46.5977 2 4 5
3.66313 46.6077 46.6077 2 4 5
3.66313 46.6177 46.6177 2 4 5
3.66313 46.6277 46.6277 2 4 5
3.66313 46.6377 46.6377 2 4 5
3.66313 46.6477 46.6477 2 4 5
3.66313 46.6577 46.6577 2 4 5
3.66313 46.6677 46.6677 2 4 5
3.66313 46.6777 46.6777 2 4 5
3.66313 46.6877 46.6877 2 4 5
3.66313 46.6977 46.6977 2 4 5
3.66313 46.7077 46.7077 2 4 5
3.66313 46.7177 46.7177 2 4 5
3.66313 46.7277 46.7277 2 4 5
3.66313 46.7377 46.7377 2 4 5
3.66313 46.7477 46.7477 2 4 5
3.66313 46.7577 46.7577 2 4 5
3.66313 46.7677 46.7677 2 4 5
3.66313 46.7777 46.7777 2 4 5
3.66313 46.7877 46.7877 2 4 5
3.66313 46.7977 46.7977 2 4 5
3.66313 46.8077 46.8077 2 4 5
3.66313 46.8177 46.8177 2 4 5
3.66313 46.8277 46.8277 2 4 5
3.66313 46.8377 46.8377 2 4 5
3.66313 46.8477 46.8477 2 4 5
3.66313 46.8577 46.8577 2 4 5
3.66313 46.8677 46.8677 2 4 5
3.66313 46.8777 46.8777 2 4 5
3.66313 46.8877 46.8877 2 4 5
3.66313 46.8977 46.8977 2 4 5
3.66313 46.9077 46.9077 2 4 5
3.66313 46.9177 46.9177 2 4 5
3.66313 46.9277 46.9277 2 4 5
3.66313 46.9377 46.9377 2 4 5
3.66313 46.9477 46.9477 2 4 5
3.66313 46.9577 46.9577 2 4 5
3.66313 46.9677 46.9677 2 4 5
3.66313 46.9777 46.9777 2 4 5
3.66313 46.9877 46.9877 2 4 5
3.66313 46.9977 46.9977 2 4 5
3.66313 47.0077 47.0077 2 4 5
3.66313 47.0177 47.0177 2 4 5
3.66313 47.0277 47.0277 2 4 5
3.66313 47.0377 47.0377 2 4 5
3.66313 47.0477 47.0477 2 4 5
3.66313 47.0577 47.0577 2 4 5
3.66313 47.0677 47.0677 2 4 5
3.66313 47.0777 47.0777 2 4 5
3.66313 47.0877 47.0877 2 4 5
3.66313 47.0977 47.0977 2 4 5
3.66313 47.1077 47.1077 2 4 5
3.66313 47.1177 47.1177 2 4 5
3.66313 47.1277 47.1277 2 4 5
3.66313 47.1377 47.1377 2 4 5
3.66313 47.1477 47.1477 2 4 5
3.66313 47.1577 47.1577 2 4 5
3.66313 47.1677 47.1677 2 4 5
3.66313 47.1777 47.1777 2 4 5
3.66313 47.1877 47.1877 2 4 5
3.66313 47.1977 47.1977 2 4 5
3.66313 47.2077 47.2077 2 4 5
3.66313 47.2177 47.2177 2 4 5
3.66313 47.2277 47.2277 2 4 5
3.66313 47.2377 47.2377 2 4 5
3.66313 47.2477 47.2477 2 4 5
3.66313 47.2577 47.2577 2 4 5
3.66313 47.2677 47.2677 2 4 5
3.66313 47.2777 47.2777 2 4 5
3.66313 47.2877 47.2877 2 4 5
3.66313 47.2977 47.2977 2 4 5
3.66313 47.3077 47.3077 2 4 5
3.66313 47.3177 47.3177 2 4 5
3.66313 47.3277 47.3277 2 4 5
3.66313 47.3377 47.3377 2 4 5
3.66313 47.3477 47.3477 2 4 5
3.66313 47.3577 47.3577 2 4 5
3.66313 47.3677 47.3677 2 4 5
3.66313 47.3777 47.3777 2 4 5
3.66313 47.3877 47.3877 2 4 5
3.66313 47.3977 47.3977 2 4 5
3.66313 47.4077 47.4077 2 4 5
3.66313 47.4177 47.4177 2 4 5
3.66313 47.4277 47.4277 2 4 5
3.66313 47.4377 47.4377 2 4 5
3.66313 47.4477 47.4477 2 4 5
3.66313 47.4577 47.4577 2 4 5
3.66313 47.4677 47.4677 2 4 5
3.66313 47.4777 47.4777 2 4 5
3.66313 47.4877 47.4877 2 4 5
3.66313 47.4977 47.4977 2 4 5
3.66313 47.5077 47.5077 2 4 5
3.66313 47.5177 47.5177 2 4 5
3.66313 47.5277 47.5277 2 4 5
3.66313 47.5377 47.5377 2 4 5
3.66313 47.5477 47.5477 2 4 5
3.66313 47.5577 47.5577 2 4 5
3.66313 47.5677 47.5677 2 4 5
3.66313 47.5777 47.5777 2 4 5
3.66313 47.5877 47.5877 2 4 5
3.66313 47.5977 47.5977 2 4 5
3.66313 47.6077 47.6077 2 4 5
3.66313 47.6177 47.6177 2 4 5
3.66313 47.6277 47.6277 2 4 5
3.66313 47.6377 47.6377 2 4 5
3.66313 47.6477 47.6477 2 4 5
3.66313 47.6577 47.6577 2 4 5
3.66313 47.6677 47.6677 2 4 5
3.66313 47.6777 47.6777 2 4 5
3.66313 47.6877 47.6877 2 4 5
3.66313 47.6977 47.6977 2 4 5
3.66313 47.7077 47.7077 2 4 5
3.66313 47.7177 47.7177 2 4 5
3.66313 47.7277 47.7277 2 4 5
3.66313 47.7377 47.7377 2 4 5
3.66313 47.7477 47.7477 2 4 5
3.66313 47.7577 47.7577 2 4 5
3.66313 47.7677 47.7677 2 4 5
3.66313 47.7777 47.7777 2 4 5
3.66313 47.7877 47.7877 2 4 5
3.66313 47.7977 47.7977 2 4 5
3.66313 47.8077 47.8077 2 4 5
3.66313 47.8177 47.8177 2 4 5
3.66313 47.8277 47.8277 2 4 5
3.66313 47.8377 47.8377 2 4 5
3.66313 47.8477 47.8477 2 4 5
3.66313 47.8577 47.8577 2 4 5
3.66313 47.8677 47.8677 2 4 5
3.66313 47.8777 47.8777 2 4 5
3.66313 47.8877 47.8877 2 4 5
3.66313 47.8977 47.8977 2 4 5
3.66313 47.9077 47.9077 2 4 5
3.66313 47.9177 47.9177 2 4 5
3.66313 47.9277 47.9277 2 4 5
3.66313 47.9377 47.9377 2 4 5
3.66313 47.9477 47.9477 2 4 5
3.66313 47.9577 47.9577 2 4 5
3.66313 47.9677 47.9677 2 4 5
3.66313 47.9777 47.9777 2 4 5
3.66313 47.9877 47.9877 2 4 5
3.66313 47.9977 47.9977 2 4 5
3.66313 48.0077 48.0077 2 4 5
3.66313 48.0177 48.0177 2 4 5
3.66313 48.0277 48.0277 2 4 5
3.66313 48.0377 48.0377 2 4 5
3.66313 48.0477 48.0477 2 4 5
3.66313 48.0577 48.0577 2 4 5
3.66313 48.0677 48.0677 2 4 5
3.66313 48.0777 48.0777 2 4 5
3.66313 48.0877 48.0877 2 4 5
3.66313 48.0977 48.0977 2 4 5
3.66313 48.1077 48.1077 2 4 5
3.66313 48.1177 48.1177 2 4 5
3.66313 48.1277 48.1277 2 4 5
3.66313 48.1377 48.1377 2 4 5
3.66313 48.1477 48.1477 2 4 5
3.66313 48.1577 48.1577 2 4 5
3.66313 48.1677 48.1677 2 4 5
3.66313 48.1777 48.1777 2 4 5
3.66313 48.1877 48.1877 2 4 5
3.66313 48.1977 48.1977 2 4 5
3.66313 48.2077 48.2077 2 4 5
3.66313 48.2177 48.2177 2 4 5
3.66313 48.2277 48.2277 2 4 5
3.66313 48.2377 48.2377 2 4 5
3.66313 48.2477 48.2477 2 4 5
3.66313 48.2577 48.2577 2 4 5
3.66313 48.2677 48.2677 2 4 5
3.66313 48.2777 48.2777 2 4 5
3.66313 48.2877 48.2877 2 4 5
3.66313 48.2977 48.2977 2 4 5
3.66313 48.3077 48.3077 2 4 5
3.66313 48.3177 48.3177 2 4 5
3.66313 48.3277 48.3277 2 4 5
3.66313 48.3377 48.3377 2 4 5
3.66313 48.3477 48.3477 2 4 5
3.66313 48.3577 48.3577 2 4 5
3.66313 48.3677 48.3677 2 4 5
3.66313 48.3777 48.3777 2 4 5
3.66313 48.3877 48.3877 2 4 5
3.66313 48.3977 48.3977 2 4 5
3.66313 48.4077 48.4077 2 4 5
3.66313 48.4177 48.4177 2 4 5
3.66313 48.4277 48.4277 2 4 5
3.66313 48.4377 48.4377 2 4 5
3.66313 48.4477 48.4477 2 4 5
3.66313 48.4577 48.4577 2 4 5
3.66313 48.4677 48.4677 2 4 5
3.66313 48.4777 48.4777 2 4 5
3.66313 48.4877 48.4877 2 4 5
3.66313 48.4977 48.4977 2 4 5
3.66313 48.5077 48.5077 2 4 5
3.66313 48.5177 48.5177 2 4 5
3.66313 48.5277 48.5277 2 4 5
3.66313 48.5377 48.5377 2 4 5
3.66313 48.5477 48.5477 2 4 5
3.66313 48.5577 48.5577 2 4 5
3.66313 48.5677 48.5677 2 4 5
3.66313 48.5777 48.5777 2 4 5
3.66313 48.5877 48.5877 2 4 5
3.66313 48.5977 48.5977 2 4 5
3.66313 48.6077 48.6077 2 4 5
3.66313 48.6177 48.6177 2 4 5
3.66313 48.6277 48.6277 2 4 5
3.66313 48.6377 48.6377 2 4 5
3.66313 48.6477 48.6477 2 4 5
3.66313 48.6577 48.6577 2 4 5
3.66313 48.6677 48.6677 2 4 5
3.66313 48.6777 48.6777 2 4 5
3.66313 48.6877 48.6877 2 4 5
3.66313 48.6977 48.6977 2 4 5
3.66313 48.7077 48.7077 2 4 5
3.66313 48.7177 48.7177 2 4 5
3.66313 48.7277 48.7277 2 4 5
3.66313 48.7377 48.7377 2 4 5
3.66313 48.7477 48.7477 2 4 5
3.66313 48.7577 48.7577 2 4 5
3.66313 48.7677 48.7677 2 4 5
3.66313 48.7777 48.7777 2 4 5
3.66313 48.7877 48.7877 2 4 5
3.66313 48.7977 48.7977 2 4 5
3.66313 48.8077 48.8077 2 4 5
3.66313 48.8177 48.8177 2 4 5
3.66313 48.8277 48.8277 2 4 5
3.66313 48.8377 48.8377 2 4 5
3.66313 48.8477 48.8477 2 4 5
3.66313 48.8577 48.8577 2 4 5
3.66313 48.8677 48.8677 2 4 5
3.66313 48.8777 48.8777 2 4 5
3.66313 48.8877 48.8877 2 4 5
3.66313 48.8977 48.8977 2 4 5
3.66313 48.9077 48.9077 2 4 5
3.66313 48.9177 48.9177 2 4 5
3.66313 48.9277 48.9277 2 4 5
3.66313 48.9377 48.9377 2 4 5
3.66313 48.9477 48.9477 2 4 5
3.66313 48.9577 48.9577 2 4 5
3.66313 48.9677 48.9677 2 4 5
3.66313 48.9777 48.9777 2 4 5
3.66313 48.9877 48.9877 2 4 5
3.66313 48.9977 48.9977 2 4 5
3.66313 49.0077 49.0077 2 4 5
3.66313 49.0177 49.0177 2 4 5
3.66313 49.0277 49.0277 2 4 5
3.66313 49.0377 49.0377 2 4 5
3.66313 49.0477 49.0477 2 4 5
3.66313 49.0577 49.0577 2 4 5
3.66313 49.0677 49.0677 2 4 5
3.66313 49.0777 49.0777 2 4 5
3.66313 49.0877 49.0877 2 4 5
3.66313 49.0977 49.0977 2 4 5
3.66313 49.1077 49.1077 2 4 5
3.66313 49.1177 49.1177 2 4 5
3.66313 49.1277 49.1277 2 4 5
3.66313 49.1377 49.1377 2 4 5
3.66313 49.1477 49.1477 2 4 5
3.66313 49.1577 49.1577 2 4 5
3.66313 49.1677 49.1677 2 4 5
3.66313 49.1777 49.1777 2 4 5
3.66313 49.1877 49.1877 2 4 5
3.66313 49.1977 49.1977 2 4 5
3.66313 49.2077 49.2077 2 4 5
3.66313 49.2177 49.2177 2 4 5
3.66313 49.2277 49.2277 2 4 5
3.66313 49.2377 49.2377 2 4 5
3.66313 49.2477 49.2477 2 4 5
3.66313 49.2577 49.2577 2 4 5
3.66313 49.2677 49.2677 2 4 5
3.66313 49.2777 49.2777 2 4 5
3.66313 49.2877 49.2877 2 4 5
3.66313 49.2977 49.2977 2 4 5
3.66313 49.3077 49.3077 2 4 5
3.66313 49.3177 49.3177 2 4 5
3.66313 49.3277 49.3277 2 4 5
3.66313 49.3377 49.3377 2 4 5
3.66313 49.3477 49.3477 2 4 5
3.66313 49.3577 49.3577 2 4 5
3.66313 49.3677 49.3677 2 4 5
3.66313 49.3777 49.3777 2 4 5
3.66313 49.3877 49.3877 2 4 5
3.66313 49.3977 49.3977 2 4 5
3.66313 49.4077 49.4077 2 4 5
3.66313 49.4177 49.4177 2 4 5
3.66313 49.4277 49.4277 2 4 5
3.66313 49.4377 49.4377 2 4 5
3.66313 49.4477 49.4477 2 4 5
3.66313 49.4577 49.4577 2 4 5
3.66313 49.4677 49.4677 2 4 5
3.66313 49.4777 49.4777 2 4 5
3.66313 49.4877 49.4877 2 4 5
3.66313 49.4977 49.4977 2 4 5
3.66313 49.5077 49.5077 2 4 5
3.66313 49.5177 49.5177 2 4 5
3.66313 49.5277 49.5277 2 4 5
3.66313 49.5377 49.5377 2 4 5
3.66313 49.5477 49.5477 2 4 5
3.66313 49.5577 49.5577 2 4 5
3.66313 49.5677 49.5677 2 4 5
3.66313 49.5777 49.5777 2 4 5
3.66313 49.5877 49.5877 2 4 5
3.66313 49.5977 49.5977 2 4 5
3.66313 49.6077 49.6077 2 4 5
3.66313 49.6177 49.6177 2 4 5
3.66313 49.6277 49.6277 2 4 5
3.66313 49.6377 49.6377 2 4 5
3.66313 49.6477 49.6477 2 4 5
3.66313 49.6577 49.6577 2 4 5
3.66313 49.6677 49.6677 2 4 5
3.66313 49.6777 49.6777 2 4 5
3.66313 49.6877 49.6877 2 4 5
3.66313 49.6977 49.6977 2 4 5
3.66313 49.7077 49.7077 2 4 5
3.66313 49.7177 49.7177 2 4 5
3.66313 49.7277 49.7277 2 4 5
3.66313 49.7377 49.7377 2 4 5
3.66313 49.7477 49.7477 2 4 5
3.66313 49.7577 49.7577 2 4 5
3.66313 49.7677 49.7677 2 4 5
3.66313 49.7777 49.7777 2 4 5
3.66313 49.7877 49.7877 2 4 5
3.66313 49.7977 49.7977 2 4 5
3.66313 49.8077 49.8077 2 4 5
3.66313 49.8177 49.8177 2 4 5
3.66313 49.8277 49.8277 2 4 5
3.66313 49.8377 49.8377 2 4 5
3.66313 49.8477 49.8477 2 4 5
3.66313 49.8577 49.8577 2 4 5
3.66313 49.8677 49.8677 2 4 5
3.66313 49.8777 49.8777 2 4 5
3.66313 49.8877 49.8877 2 4 5
3.66313 49.8977 49.8977 2 4 5
3.66313 49.9077 49.9077 2 4 5
3.66313 49.9177 49.9177 2 4 5
3.66313 49.9277 49.9277 2 4 5
3.66313 49.9377 49.9377 2 4 5
3.66313 49.9477 49.9477 2 4 5
3.66313 49.9577 49.9577 2 4 5
3.66313 49.9677 49.9677 2 4 5
3.66313 49.9777 49.9777 2 4 5
3.66313 49.9877 49.9877 2 4 5
3.66313 49.9977 49.9977 2 4 5
3.66313 50.0077 50.0077 2 4 5
3.66313 50.0177 50.0177 2 4 5
3.66313 50.0277 50.0277 2 4 5
3.66313 50.0377 50.0377 2 4 5
3.66313 50.0477 50.0477 2 4 5
3.66313 50.0577 50.0577 2 4 5
3.66313 50.0677 50.0677 2 4 5
3.66313 50.0777 50.0777 2 4 5
3.66313 50.0877 50.0877 2 4 5
3.66313 50.0977 50.0977 2 4 5
3.66313 50.1077 50.1077 2 4 5
3.66313 50.1177 50.1177 2 4 5
3.66313 50.1277 50.1277 2 4 5
3.66313 50.1377 50.1377 2 4 5
3.66313 50.1477 50.1477 2 4 5
3.66313 50.1577 50.1577 2 4 5
3.66313 50.1677 50.1677 2 4 5
3.66313 50.1777 50.1777 2 4 5
3.66313 50.1877 50.1877 2 4 5
3.66313 50.1977 50.1977 2 4 5
3.66313 50.2077 50.2077 2 4 5
3.66313 50.2177 50.2177 2 4 5
3.66313 50.2277 50.2277 2 4 5
3.66313 50.2377 50.2377 2 4 5
3.66313 50.2477 50.2477 2 4 5
3.66313 50.2577 50.2577 2 4 5
3.66313 50.2677 50.2677 2 4 5
3.66313 50.2777 50.2777 2 4 5
3.66313 50.2877 50.2877 2 4 5
3.66313 50.2977 50.2977 2 4 5
3.66313 50.3077 50.3077 2 4 5
3.66313 50.3177 50.3177 2 4 5
3.66313 50.3277 50.3277 2 4 5
3.66313 50.3377 50.3377 2 4 5
3.66313 50.3477 50.3477 2 4 5
3.66313 50.3577 50.3577 2 4 5
3.66313 50.3677 50.3677 2 4 5
3.66313 50.3777 50.3777 2 4 5
3.66313 50.3877 50.3877 2 4 5
3.66313 50.3977 50.3977 2 4 5
3.66313 50.4077 50.4077 2 4 5
3.66313 50.4177 50.4177 2 4 5
3.66313 50.4277 50.4277 2 4 5
3.66313 50.4377 50.4377 2 4 5
3.66313 50.4477 50.4477 2 4 5
3.66313 50.4577 50.4577 2 4 5
3.66313 50.4677 50.4677 2 4 5
3.66313 50.4777 50.4777 2 4 5
3.66313 50.4877 50.4877 2 4 5
3.66313 50.4977 50.4977 2 4 5
3.66313 50.5077 50.5077 2 4 5
3.66313 50.5177 50.5177 2 4 5
3.66313 50.5277 50.5277 2 4 5
3.66313 50.5377 50.5377 2 4 5
3.66313 50.5477 50.5477 2 4 5
3.66313 50.5577 50.5577 2 4 5
3.66313 50.5677 50.5677 2 4 5
3.66313 50.5777 50.5777 2 4 5
3.66313 50.5877 50.5877 2 4 5
3.66313 50.5977 50.5977 2 4 5
3.66313 50.6077 50.6077 2 4 5
3.66313 50.6177 50.6177 2 4 5
3.66313 50.6277 50.6277 2 4 5
3.66313 50.6377 50.6377 2 4 5
3.66313 50.6477 50.6477 2 4 5
3.66313 50.6577 50.6577 2 4 5
3.66313 50.6677 50.6677 2 4 5
3.66313 50.6777 50.6777 2 4 5
3.66313 50.6877 50.6877 2 4 5
3.66313 50.6977 50.6977 2 4 5
3.66313 50.7077 50.7077 2 4 5
3.66313 50.7177 50.7177 2 4 5
3.66313 50.7277 50.7277 2 4 5
3.66313 50.7377 50.7377 2 4 5
3.66313 50.7477 50.7477 2 4 5
3.66313 50.7577 50.7577 2 4 5
3.66313 50.7677 50.7677 2 4 5
3.66313 50.7777 50.7777 2 4 5
3.66313 50.7877 50.7877 2 4 5
3.66313 50.7977 50.7977 2 4 5
3.66313 50.8077 50.8077 2 4 5
3.66313 50.8177 50.8177 2 4 5
3.66313 50.8277 50.8277 2 4 5
3.66313 50.8377 50.8377 2 4 5
3.66313 50.8477 50.8477 2 4 5
3.66313 50.8577 50.8577 2 4 5
3.66313 50.8677 50.8677 2 4 5
3.66313 50.8777 50.8777 2 4 5
3.66313 50.8877 50.8877 2 4 5
3.66313 50.8977 50.8977 2 4 5
3.66313 50.9077 50.9077 2 4 5
3.66313 50.9177 50.9177 2 4 5
3.66313 50.9277 50.9277 2 4 5
3.66313 50.9377 50.9377 2 4 5
3.66313 50.9477 50.9477 2 4 5
3.66313 50.9577 50.9577 2 4 5
3.66313 50.9677 50.9677 2 4 5
3.66313 50.9777 50.9777 2 4 5
3.66313 50.9877 50.9877 2 4 5
3.66313 50.9977 50.9977 2 4 5
3.66313 51.0077 51.0077 2 4 5
3.66313 51.0177 51.0177 2 4 5
3.66313 51.0277 51.0277 2 4 5
3.66313 51.0377 51.0377 2 4 5
3.66313 51.0477 51.0477 2 4 5
3.66313 51.0577 51.0577 2 4 5
3.66313 51.0677 51.0677 2 4 5
3.66313 51.0777 51.0777 2 4 5
3.66313 51.0877 51.0877 2 4 5
3.66313 51.0977 51.0977 2 4 5
3.66313 51.1077 51.1077 2 4 5
3.66313 51.1177 51.1177 2 4 5
3.66313 51.1277 51.1277 2 4 5
3.66313 51.1377 51.1377 2 4 5
3.66313 51.1477 51.1477 2 4 5
3.66313 51.1577 51.1577 2 4 5
3.66313 51.1677 51.1677 2 4 5
3.66313 51.1777 51.1777 2 4 5
3.66313 51.1877 51.1877 2 4 5
3.66313 51.1977 51.1977 2 4 5
3.66313 51.2077 51.2077 2 4 5
3.66313 51.2177 51.2177 2 4 5
3.66313 51.2277 51.2277 2 4 5
3.66313 51.2377 51.2377 2 4 5
3.66313 51.2477 51.2477 2 4 5
3.66313 51.2577 51.2577 2 4 5
3.66313 51.2677 51.2677 2 4 5
3.66313 51.2777 51.2777 2 4 5
3.66313 51.2877 51.2877 2 4 5
3.66313 51.2977 51.2977 2 4 5
3.66313 51.3077 51.3077 2 4 5
3.66313 51.3177 51.3177 2 4 5
3.66313 51.3277 51.3277 2 4 5
3.66313 51.3377 51.3377 2 4 5
3.66313 51.3477 51.3477 2 4 5
3.66313 51.3577 51.3577 2 4 5
3.66313 51.3677 51.3677 2 4 5
3.66313 51.3777 51.3777 2 4 5
3.66313 51.3877 51.3877 2 4 5
3.66313 51.3977 51.3977 2 4 5
3.66313 51.4077 51.4077 2 4 5
3.66313 51.4177 51.4177 2 4 5
3.66313 51.4277 51.4277 2 4 5
3.66313 51.4377 51.4377 2 4 5
3.66313 51.4477 51.4477 2 4 5
3.66313 51.4577 51.4577 2 4 5
3.66313 51.4677 51.4677 2 4 5
3.66313 51.4777 51.4777 2 4 5
3.66313 51.4877 51.4877 2 4 5
3.66313 51.4977 51.4977 2 4 5
3.66313 51.5077 51.5077 2 4 5
3.66313 51.5177 51.5177 2 4 5
3.66313 51.5277 51.5277 2 4 5
3.66313 51.5377 51.5377 2 4 5
3.66313 51.5477 51.5477 2 4 5
3.66313 51.5577 51.5577 2 4 5
3.66313 51.5677 51.5677 2 4 5
3.66313 51.5777 51.5777 2 4 5
3.66313 51.5877 51.5877 2 4 5
3.66313 51.5977 51.5977 2 4 5
3.66313 51.6077 51.6077 2 4 5
3.66313 51.6177 51.6177 2 4 5
3.66313 51.6277 51.6277 2 4 5
3.66313 51.6377 51.6377 2 4 5
3.66313 51.6477 51.6477 2 4 5
3.66313 51.6577 51.6577 2 4 5
3.66313 51.6677 51.6677 2 4 5
3.66313 51.6777 51.6777 2 4 5
3.66313 51.6877 51.6877 2 4 5
3.66313 51.6977 51.6977 2 4 5
3.66313 51.7077 51.7077 2 4 5
3.66313 51.7177 51.7177 2 4 5
3.66313 51.7277 51.7277 2 4 5
3.66313 51.7377 51.7377 2 4 5
3.66313 51.7477 51.7477 2 4 5
3.66313 51.7577 51.7577 2 4 5
3.66313 51.7677 51.7677 2 4 5
3.66313 51.7777 51.7777 2 4 5
3.66313 51.7877 51.7877 2 4 5
3.66313 51.7977 51.7977 2 4 5
3.66313 51.8077 51.8077 2 4 5
3.66313 51.8177 51.8177 2 4 5
3.66313 51.8277 51.8277 2 4 5
3.66313 51.8377 51.8377 2 4 5
3.66313 51.8477 51.8477 2 4 5
3.66313 51.8577 51.8577 2 4 5
3.66313 51.8677 51.8677 2 4 5
3.66313 51.8777 51.8777 2 4 5
3.66313 51.8877 51.8877 2 4 5
3.66313 51.8977 51.8977 2 4 5
3.66313 51.9077 51.9077 2 4 5
3.66313 51.9177 51.9177 2 4 5
3.66313 51.9277 51.9277 2 4 5
3.66313 51.9377 51.9377 2 4 5
3.66313 51.9477 51.9477 2 4 5
3.66313 51.9577 51.9577 2 4 5
3.66313 51.9677 51.9677 2 4 5
3.66313 51.9777 51.9777 2 4 5
3.66313 51.9877 51.9877 2 4 5
3.66313 51.9977 51.9977 2 4 5
3.66313 52.0077 52.0077 2 4 5
3.66313 52.0177 52.0177 2 4 5
3.66313 52.0277 52.0277 2 4 5
3.66313 52.0377 52.0377 2 4 5
3.66313 52.0477 52.0477 2 4 5
3.66313 52.0577 52.0577 2 4 5
3.66313 52.0677 52.0677 2 4 5
3.66313 52.0777 52.0777 2 4 5
3.66313 52.0877 52.0877 2 4 5
3.66313 52.0977 52.0977 2 4 5
3.66313 52.1077 52.1077 2 4 5
3.66313 52.1177 52.1177 2 4 5
3.66313 52.1277 52.1277 2 4 5
3.66313 52.1377 52.1377 2 4 5
3.66313 52.1477 52.1477 2 4 5
3.66313 52.1577 52.1577 2 4 5
3.66313 52.1677 52.1677 2 4 5
3.66313 52.1777 52.1777 2 4 5
3.66313 52.1877 52.1877 2 4 5
3.66313 52.1977 52.1977 2 4 5
3.66313 52.2077 52.2077 2 4 5
3.66313 52.2177 52.2177 2 4 5
3.66313 52.2277 52.2277 2 4 5
3.66313 52.2377 52.2377 2 4 5
3.66313 52.2477 52.2477 2 4 5
3.66313 52.2577 52.2577 2 4 5
3.66313 52.2677 52.2677 2 4 5
3.66313 52.2777 52.2777 2 4 5
3.66313 52.2877 52.2877 2 4 5
3.66313 52.2977 52.2977 2 4 5
3.66313 52.3077 52.3077 2 4 5
3.66313 52.3177 52.3177 2 4 5
3.66313 52.3277 52.3277 2 4 5
3.66313 52.3377 52.3377 2 4 5
3.66313 52.3477 52.3477 2 4 5
3.66313 52.3577 52.3577 2 4 5
3.66313 52.3677 52.3677 2 4 5
3.66313 52.3777 52.3777 2 4 5
3.66313 52.3877 52.3877 2 4 5
3.66313 52.3977 52.3977 2 4 5
3.66313 52.4077 52.4077 2 4 5
3.66313 52.4177 52.4177 2 4 5
3.66313 52.4277 52.4277 2 4 5
3.66313 52.4377 52.4377 2 4 5
3.66313 52.4477 52.4477 2 4 5
3.66313 52.4577 52.4577 2 4 5
3.66313 52.4677 52.4677 2 4 5
3.66313 52.4777 52.4777 2 4 5
3.66313 52.4877 52.4877 2 4 5
3.66313 52.4977 52.4977 2 4 5
3.66313 52.5077 52.5077 2 4 5
3.66313 52.5177 52.5177 2 4 5
3.66313 52.5277 52.5277 2 4 5
3.66313 52.5377 52.5377 2 4 5
3.66313 52.5477 52.5477 2 4 5
3.66313 52.5577 52.5577 2 4 5
3.66313 52.5677 52.5677 2 4 5
3.66313 52.5777 52.5777 2 4 5
3.66313 52.5877 52.5877 2 4 5
3.66313 52.5977 52.5977 2 4 5
3.66313 52.6077 52.6077 2 4 5
3.66313 52.6177 52.6177 2 4 5
3.66313 52.6277 52.6277 2 4 5
3.66313 52.6377 52.6377 2 4 5
3.66313 52.6477 52.6477 2 4 5
3.66313 52.6577 52.6577 2 4 5
3.66313 52.6677 52.6677 2 4 5
3.66313 52.6777 52.6777 2 4 5
3.66313 52.6877 52.6877 2 4 5
3.66313 52.6977 52.6977 2 4 5
3.66313 52.7077 52.7077 2 4 5
3.66313 52.7177 52.7177 2 4 5
3.66313 52.7277 52.7277 2 4 5
3.66313 52.7377 52.7377 2 4 5
3.66313 52.7477 52.7477 2 4 5
3.66313 52.7577 52.7577 2 4 5
3.66313 52.7677 52.7677 2 4 5
3.66313 52.7777 52.7777 2 4 5
3.66313 52.7877 52.7877 2 4 5
3.66313 52.7977 52.7977 2 4 5
3.66313 52.8077 52.8077 2 4 5
3.66313 52.8177 52.8177 2 4 5
3.66313 52.8277 52.8277 2 4 5
3.66313 52.8377 52.8377 2 4 5
3.66313 52.8477 52.8477 2 4 5
3.66313 52.8577 52.8577 2 4 5
3.66313 52.8677 52.8677 2 4 5
3.66313 52.8777 52.8777 2 4 5
3.66313 52.8877 52.8877 2 4 5
3.66313 52.8977 52.8977 2 4 5
3.66313 52.9077 52.9077 2 4 5
3.66313 52.9177 52.9177 2 4 5
3.66313 52.9277 52.9277 2 4 5
3.66313 52.9377 52.9377 2 4 5
3.66313 52.9477 52.9477 2 4 5
3.66313 52.9577 52.9577 2 4 5
3.66313 52.9677 52.9677 2 4 5
3.66313 52.9777 52.9777 2 4 5
3.66313 52.9877 52.9877 2 4 5
3.66313 52.9977 52.9977 2 4 5
3.66313 53.0077 53.0077 2 4 5
3.66313 53.0177 53.0177 2 4 5
3.66313 53.0277 53.0277 2 4 5
3.66313 53.0377 53.0377 2 4 5
3.66313 53.0477 53.0477 2 4 5
3.66313 53.0577 53.0577 2 4 5
3.66313 53.0677 53.0677 2 4 5
3.66313 53.0777 53.0777 2 4 5
3.66313 53.0877 53.0877 2 4 5
3.66313 53.0977 53.0977 2 4 5
3.66313 53.1077 53.1077 2 4 5
3.66313 53.1177 53.1177 2 4 5
3.66313 53.1277 53.1277 2 4 5
3.66313 53.1377 53.1377 2 4 5
3.66313 53.1477 53.1477 2 4 5
3.66313 53.1577 53.1577 2 4 5
3.66313 53.1677 53.1677 2 4 5
3.66313 53.1777 53.1777 2 4 5
3.66313 53.1877 53.1877 2 4 5
3.66313 53.1977 53.1977 2 4 5
3.66313 53.2077 53.2077 2 4 5
3.66313 53.2177 53.2177 2 4 5
3.66313 53.2277 53.2277 2 4 5
3.66313 53.2377 53.2377 2 4 5
3.66313 53.2477 53.2477 2 4 5
3.66313 53.2577 53.2577 2 4 5
3.66313 53.2677 53.2677 2 4 5
3.66313 53.2777 53.2777 2 4 5
3.66313 53.2877 53.2877 2 4 5
3.66313 53.2977 53.2977 2 4 5
3.66313 53.3077 53.3077 2 4 5
3.66313 53.3177 53.3177 2 4 5
3.66313 53.3277 53.3277 2 4 5
3.66313 53.3377 53.3377 2 4 5
3.66313 53.3477 53.3477 2 4 5
3.66313 53.3577 53.3577 2 4 5
3.66313 53.3677 53.3677 2 4 5
3.66313 53.3777 53.3777 2 4 5
3.66313 53.3877 53.3877 2 4 5
3.66313 53.3977 53.3977 2 4 5
3.66313 53.4077 53.4077 2 4 5
3.66313 53.4177 53.4177 2 4 5
3.66313 53.4277 53.4277 2 4 5
3.66313 53.4377 53.4377 2 4 5
3.66313 53.4477 53.4477 2 4 5
3.66313 53.4577 53.4577 2 4 5
3.66313 53.4677 53.4677 2 4 5
3.66313 53.4777 53.4777 2 4 5
3.66313 53.4877 53.4877 2 4 5
3.66313 53.4977 53.4977 2 4 5
3.66313 53.5077 53.5077 2 4 5
3.66313 53.5177 53.5177 2 4 5
3.66313 53.5277 53.5277 2 4 5
3.66313 53.5377 53.5377 2 4 5
3.66313 53.5477 53.5477 2 4 5
3.66313 53.5577 53.5577 2 4 5
3.66313 53.5677 53.5677 2 4 5
3.66313 53.5777 53.5777 2 4 5
3.66313 53.5877 53.5877 2 4 5
3.66313 53.5977 53.5977 2 4 5
3.66313 53.6077 53.6077 2 4 5
3.66313 53.6177 53.6177 2 4 5
3.66313 53.6277 53.6277 2 4 5
3.66313 53.6377 53.6377 2 4 5
3.66313 53.6477 53.6477 2 4 5
3.66313 53.6577 53.6577 2 4 5
3.66313 53.6677 53.6677 2 4 5
3.66313 53.6777 53.6777 2 4 5
3.66313 53.6877 53.6877 2 4 5
3.66313 53.6977 53.6977 2 4 5
3.66313 53.7077 53.7077 2 4 5
3.66313 53.7177 53.7177 2 4 5
3.66313 53.7277 53.7277 2 4 5
3.66313 53.7377 53.7377 2 4 5
3.66313 53.7477 53.7477 2 4 5
3.66313 53.7577 53.7577 2 4 5
3.66313 53.7677 53.7677 2 4 5
3.66313 53.7777 53.7777 2 4 5
3.66313 53.7877 53.7877 2 4 5
3.66313 53.7977 53.7977 2 4 5
3.66313 53.8077 53.8077 2 4 5
3.66313 53.8177 53.8177 2 4 5
3.66313 53.8277 53.8277 2 4 5
3.66313 53.8377 53.8377 2 4 5
3.66313 53.8477 53.8477 2 4 5
3.66313 53.8577 53.8577 2 4 5
3.66313 53.8677 53.8677 2 4 5
3.66313 53.8777 53.8777 2 4 5
3.66313 53.8877 53.8877 2 4 5
3.66313 53.8977 53.8977 2 4 5
3.66313 53.9077 53.9077 2 4 5
3.66313 53.9177 53.9177 2 4 5
3.66313 53.9277 53.9277 2 4 5
3.66313 53.9377 53.9377 2 4 5
3.66313 53.9477 53.9477 2 4 5
3.66313 53.9577 53.9577 2 4 5
3.66313 53.9677 53.9677 2 4 5
3.66313 53.9777 53.9777 2 4 5
3.66313 53.9877 53.9877 2 4 5
3.66313 53.9977 53.9977 2 4 5
3.66313 54.0077 54.0077 2 4 5
3.66313 54.0177 54.0177 2 4 5
3.66313 54.0277 54.0277 2 4 5
3.66313 54.0377 54.0377 2 4 5
3.66313 54.0477 54.0477 2 4 5
3.66313 54.0577 54.0577 2 4 5
3.66313 54.0677 54.0677 2 4 5
3.66313 54.0777 54.0777 2 4 5
3.66313 54.0877 54.0877 2 4 5
3.66313 54.0977 54.0977 2 4 5
3.66313 54.1077 54.1077 2 4 5
3.66313 54.1177 54.1177 2 4 5
3.66313 54.1277 54.1277 2 4 5
3.66313 54.1377 54.1377 2 4 5
3.66313 54.1477 54.1477 2 4 5
3.66313 54.1577 54.1577 2 4 5
3.66313 54.1677 54.1677 2 4 5
3.66313 54.1777 54.1777 2 4 5
3.66313 54.1877 54.1877 2 4 5
3.66313 54.1977 54.1977 2 4 5
3.66313 54.2077 54.2077 2 4 5
3.66313 54.2177 54.2177 2 4 5
3.66313 54.2277 54.2277 2 4 5
3.66313 54.2377 54.2377 2 4 5
3.66313 54.2477 54.2477 2 4 5
3.66313 54.2577 54.2577 2 4 5
3.66313 54.2677 54.2677 2 4 5
3.66313 54.2777 54.2777 2 4 5
3.66313 54.2877 54.2877 2 4 5
3.66313 54.2977 54.2977 2 4 5
3.66313 54.3077 54.3077 2 4 5
3.66313 54.3177 54.3177 2 4 5
3.66313 54.3277 54.3277 2 4 5
3.66313 54.3377 54.3377 2 4 5
3.66313 54.3477 54.3477 2 4 5
3.66313 54.3577 54.3577 2 4 5
3.66313 54.3677 54.3677 2 4 5
3.66313 54.3777 54.3777 2 4 5
3.66313 54.3877 54.3877 2 4 5
3.66313 54.3977 54.3977 2 4 5
3.66313 54.4077 54.4077 2 4 5
3.66313 54.4177 54.4177 2 4 5
3.66313 54.4277 54.4277 2 4 5
3.66313 54.4377 54.4377 2 4 5
3.66313 54.4477 54.4477 2 4 5
3.66313 54.4577 54.4577 2 4 5
3.66313 54.4677 54.4677 2 4 5
3.66313 54.4777 54.4777 2 4 5
3.66313 54.4877 54.4877 2 4 5
3.66313 54.4977 54.4977 2 4 5
3.66313 54.5077 54.5077 2 4 5
3.66313 54.5177 54.5177 2 4 5
3.66313 54.5277 54.5277 2 4 5
3.66313 54.5377 54.5377 2 4 5
3.66313 54.5477 54.5477 2 4 5
3.66313 54.5577 54.5577 2 4 5
3.66313 54.5677 54.5677 2 4 5
3.66313 54.5777 54.5777 2 4 5
3.66313 54.5877 54.5877 2 4 5
3.66313 54.5977 54.5977 2 4 5
3.66313 54.6077 54.6077 2 4 5
3.66313 54.6177 54.6177 2 4 5
3.66313 54.6277 54.6277 2 4 5
3.66313 54.6377 54.6377 2 4 5
3.66313 54.6477 54.6477 2 4 5
3.66313 54.6577 54.6577 2 4 5
3.66313 54.6677 54.6677 2 4 5
3.66313 54.6777 54.6777 2 4 5
3.66313 54.6877 54.6877 2 4 5
3.66313 54.6977 54.6977 2 4 5
3.66313 54.7077 54.7077 2 4 5
3.66313 54.7177 54.7177 2 4 5
3.66313 54.7277 54.7277 2 4 5
3.66313 54.7377 54.7377 2 4 5
3.66313 54.7477 54.7477 2 4 5
3.66313 54.7577 54.7577 2 4 5
3.66313 54.7677 54.7677 2 4 5
3.66313 54.7777 54.7777 2 4 5
3.66313 54.7877 54.7877 2 4 5
3.66313 54.7977 54.7977 2 4 5
3.66313 54.8077 54.8077 2 4 5
3.66313 54.8177 54.8177 2 4 5
3.66313 54.8277 54.8277 2 4 5
3.66313 54.8377 54.8377 2 4 5
3.66313 54.8477 54.8477 2 4 5
3.66313 54.8577 54.8577 2 4 5
3.66313 54.8677 54.8677 2 4 5
3.66313 54.8777 54.8777 2 4 5
3.66313 54.8877 54.8877 2 4 5
3.66313 54.8977 54.8977 2 4 5
3.66313 54.9077 54.9077 2 4 5
3.66313 54.9177 54.9177 2 4 5
3.66313 54.9277 54.9277 2 4 5
3.66313 54.9377 54.9377 2 4 5
3.66313 54.9477 54.9477 2 4 5
3.66313 54.9577 54.9577 2 4 5
3.66313 54.9677 54.9677 2 4 5
3.66313 54.9777 54.9777 2 4 5
3.66313 54.9877 54.9877 2 4 5
3.66313 54.9977 54.9977 2 4 5
3.66313 55.0077 55.0077 2 4 5
3.66313 55.0177 55.0177 2 4 5
3.66313 55.0277 55.0277 2 4 5
3.66313 55.0377 55.0377 2 4 5
3.66313 55.0477 55.0477 2 4 5
3.66313 55.0577 55.0577 2 4 5
3.66313 55.0677 55.0677 2 4 5
3.66313 55.0777 55.0777 2 4 5
3.66313 55.0877 55.0877 2 4 5
3.66313 55.0977 55.0977 2 4 5
3.66313 55.1077 55.1077 2 4 5
3.66313 55.1177 55.1177 2 4 5
3.66313 55.1277 55.1277 2 4 5
3.66313 55.1377 55.1377 2 4 5
3.66313 55.1477 55.1477 2 4 5
3.66313 55.1577 55.1577 2 4 5
3.66313 55.1677 55.1677 2 4 5
3.66313 55.1777 55.1777 2 4 5
3.66313 55.1877 55.1877 2 4 5
3.66313 55.1977 55.1977 2 4 5
3.66313 55.2077 55.2077 2 4 5
3.66313 55.2177 55.2177 2 4 5
3.66313 55.2277 55.2277 2 4 5
3.66313 55.2377 55.2377 2 4 5
3.66313 55.2477 55.2477 2 4 5
3.66313 55.2577 55.2577 2 4 5
3.66313 55.2677 55.2677 2 4 5
3.66313 55.2777 55.2777 2 4 5
3.66313 55.2877 55.2877 2 4 5
3.66313 55.2977 55.2977 2 4 5
3.66313 55.3077 55.3077 2 4 5
3.66313 55.3177 55.3177 2 4 5
3.66313 55.3277 55.3277 2 4 5
3.66313 55.3377 55.3377 2 4 5
3.66313 55.3477 55.3477 2 4 5
3.66313 55.3577 55.3577 2 4 5
3.66313 55.3677 55.3677 2 4 5
3.66313 55.3777 55.3777 2 4 5
3.66313 55.3877 55.3877 2 4 5
3.66313 55.3977 55.3977 2 4 5
3.66313 55.4077 55.4077 2 4 5
3.66313 55.4177 55.4177 2 4 5
3.66313 55.4277 55.4277 2 4 5
3.66313 55.4377 55.4377 2 4 5
3.66313 55.4477 55.4477 2 4 5
3.66313 55.4577 55.4577 2 4 5
3.66313 55.4677 55.4677 2 4 5
3.66313 55.4777 55.4777 2 4 5
3.66313 55.4877 55.4877 2 4 5
3.66313 55.4977 55.4977 2 4 5
3.66313 55.5077 55.5077 2 4 5
3.66313 55.5177 55.5177 2 4 5
3.66313 55.5277 55.5277 2 4 5
3.66313 55.5377 55.5377 2 4 5
3.66313 55.5477 55.5477 2 4 5
3.66313 55.5577 55.5577 2 4 5
3.66313 55.5677 55.5677 2 4 5
3.66313 55.5777 55.5777 2 4 5
3.66313 55.5877 55.5877 2 4 5
3.66313 55.5977 55.5977 2 4 5
3.66313 55.6077 55.6077 2 4 5
3.66313 55.6177 55.6177 2 4 5
3.66313 55.6277 55.6277 2 4 5
3.66313 55.6377 55.6377 2 4 5
3.66313 55.6477 55.6477 2 4 5
3.66313 55.6577 55.6577 2 4 5
3.66313 55.6677 55.6677 2 4 5
3.66313 55.6777 55.6777 2 4 5
3.66313 55.6877 55.6877 2 4 5
3.66313 55.6977 55.6977 2 4 5
3.66313 55.7077 55.7077 2 4 5
3.66313 55.7177 55.7177 2 4 5
3.66313 55.7277 55.7277 2 4 5
3.66313 55.7377 55.7377 2 4 5
3.66313 55.7477 55.7477 2 4 5
3.66313 55.7577 55.7577 2 4 5
3.66313 55.7677 55.7677 2 4 5
3.66313 55.7777 55.7777 2 4 5
3.66313 55.7877 55.7877 2 4 5
3.66313 55.7977 55.7977 2 4 5
3.66313 55.8077 55.8077 2 4 5
3.66313 55.8177 55.8177 2 4 5
3.66313 55.8277 55.8277 2 4 5
3.66313 55.8377 55.8377 2 4 5
3.66313 55.8477 55.8477 2 4 5
3.66313 55.8577 55.8577 2 4 5
3.66313 55.8677 55.8677 2 4 5
3.66313 55.8777 55.8777 2 4 5
3.66313 55.8877 55.8877 2 4 5
3.66313 55.8977 55.8977 2 4 5
3.66313 55.9077 55.9077 2 4 5
3.66313 55.9177 55.9177 2 4 5
3.66313 55.9277 55.9277 2 4 5
3.66313 55.9377 55.9377 2 4 5
3.66313 55.9477 55.9477 2 4 5
3.66313 55.9577 55.9577 2 4 5
3.66313 55.9677 55.9677 2 4 5
3.66313 55.9777 55.9777 2 4 5
3.66313 55.9877 55.9877 2 4 5
3.66313 55.9977 55.9977 2 4 5
3.66313 56.0077 56.0077 2 4 5
3.66313 56.0177 56.0177 2 4 5
3.66313 56.0277 56.0277 2 4 5
3.66313 56.0377 56.0377 2 4 5
3.66313 56.0477 56.0477 2 4 5
3.66313 56.0577 56.0577 2 4 5
3.66313 56.0677 56.0677 2 4 5
3.66313 56.0777 56.0777 2 4 5
3.66313 56.0877 56.0877 2 4 5
3.66313 56.0977 56.0977 2 4 5
3.66313 56.1077 56.1077 2 4 5
3.66313 56.1177 56.1177 2 4 5
3.66313 56.1277 56.1277 2 4 5
3.66313 56.1377 56.1377 2 4 5
3.66313 56.1477 56.1477 2 4 5
3.66313 56.1577 56.1577 2 4 5
3.66313 56.1677 56.1677 2 4 5
3.66313 56.1777 56.1777 2 4 5
3.66313 56.1877 56.1877 2 4 5
3.66313 56.1977 56.1977 2 4 5
3.66313 56.2077 56.2077 2 4 5
3.66313 56.2177 56.2177 2 4 5
3.66313 56.2277 56.2277 2 4 5
3.66313 56.2377 56.2377 2 4 5
3.66313 56.2477 56.2477 2 4 5
3.66313 56.2577 56.2577 2 4 5
3.66313 56.2677 56.2677 2 4 5
3.66313 56.2777 56.2777 2 4 5
3.66313 56.2877 56.2877 2 4 5
3.66313 56.2977 56.2977 2 4 5
3.66313 56.3077 56.3077 2 4 5
3.66313 56.3177 56.3177 2 4 5
3.66313 56.3277 56.3277 2 4 5
3.66313 56.3377 56.3377 2 4 5
3.66313 56.3477 56.3477 2 4 5
3.66313 56.3577 56.3577 2 4 5
3.66313 56.3677 56.3677 2 4 5
3.66313 56.3777 56.3777 2 4 5
3.66313 56.3877 56.3877 2 4 5
3.66313 56.3977 56.3977 2 4 5
3.66313 56.4077 56.4077 2 4 5
3.66313 56.4177 56.4177 2 4 5
3.66313 56.4277 56.4277 2 4 5
3.66313 56.4377 56.4377 2 4 5
3.66313 56.4477 56.4477 2 4 5
3.66313 56.4577 56.4577 2 4 5
3.66313 56.4677 56.4677 2 4 5
3.66313 56.4777 56.4777 2 4 5
3.66313 56.4877 56.4877 2 4 5
3.66313 56.4977 56.4977 2 4 5
3.66313 56.5077 56.5077 2 4 5
3.66313 56.5177 56.5177 2 4 5
3.66313 56.5277 56.5277 2 4 5
3.66313 56.5377 56.5377 2 4 5
3.66313 56.5477 56.5477 2 4 5
3.66313 56.5577 56.5577 2 4 5
3.66313 56.5677 56.5677 2 4 5
3.66313 56.5777 56.5777 2 4 5
3.66313 56.5877 56.5877 2 4 5
3.66313 56.5977 56.5977 2 4 5
3.66313 56.6077 56.6077 2 4 5
3.66313 56.6177 56.6177 2 4 5
3.66313 56.6277 56.6277 2 4 5
3.66313 56.6377 56.6377 2 4 5
3.66313 56.6477 56.6477 2 4 5
3.66313 56.6577 56.6577 2 4 5
3.66313 56.6677 56.6677 2 4 5
3.66313 56.6777 56.6777 2 4 5
3.66313 56.6877 56.6877 2 4 5
3.66313 56.6977 56.6977 2 4 5
3.66313 56.7077 56.7077 2 4 5
3.66313 56.7177 56.7177 2 4 5
3.66313 56.7277 56.7277 2 4 5
3.66313 56.7377 56.7377 2 4 5
3.66313 56.7477 56.7477 2 4 5
3.66313 56.7577 56.7577 2 4 5
3.66313 56.7677 56.7677 2 4 5
3.66313 56.7777 56.7777 2 4 5
3.66313 56.7877 56.7877 2 4 5
3.66313 56.7977 56.7977 2 4 5
3.66313 56.8077 56.8077 2 4 5
3.66313 56.8177 56.8177 2 4 5
3.66313 56.8277 56.8277 2 4 5
3.66313 56.8377 56.8377 2 4 5
3.66313 56.8477 56.8477 2 4 5
3.66313 56.8577 56.8577 2 4 5
3.66313 56.8677 56.8677 2 4 5
3.66313 56.8777 56.8777 2 4 5
3.66313 56.8877 56.8877 2 4 5
3.66313 56.8977 56.8977 2 4 5
3.66313 56.9077 56.9077 2 4 5
3.66313 56.9177 56.9177 2 4 5
3.66313 56.9277 56.9277 2 4 5
3.66313 56.9377 56.9377 2 4 5
3.66313 56.9477 56.9477 2 4 5
3.66313 56.9577 56.9577 2 4 5
3.66313 56.9677 56.9677 2 4 5
3.66313 56.9777 56.9777 2 4 5
3.66313 56.9877 56.9877 2 4 5
3.66313 56.9977 56.9977 2 4 5
3.66313 57.0077 57.0077 2 4 5
3.66313 57.0177 57.0177 2 4 5
3.66313 57.0277 57.0277 2 4 5
3.66313 57.0377 57.0377 2 4 5
3.66313 57.0477 57.0477 2 4 5
3.66313 57.0577 57.0577 2 4 5
3.66313 57.0677 57.0677 2 4 5
3.66313 57.0777 57.0777 2 4 5
3.66313 57.0877 57.0877 2 4 5
3.66313 57.0977 57.0977 2 4 5
3.66313 57.1077 57.1077 2 4 5
3.66313 57.1177 57.1177 2 4 5
3.66313 57.1277 57.1277 2 4 5
3.66313 57.1377 57.1377 2 4 5
3.66313 57.1477 57.1477 2 4 5
3.66313 57.1577 57.1577 2 4 5
3.66313 57.1677 57.1677 2 4 5
3.66313 57.1777 57.1777 2 4 5
3.66313 57.1877 57.1877 2 4 5
3.66313 57.1977 57.1977 2 4 5
3.66313 57.2077 57.2077 2 4 5
3.66313 57.2177 57.2177 2 4 5
3.66313 57.2277 57.2277 2 4 5
3.66313 57.2377 57.2377 2 4 5
3.66313 57.2477 57.2477 2 4 5
3.66313 57.2577 57.2577 2 4 5
3.66313 57.2677 57.2677 2 4 5
3.66313 57.2777 57.2777 2 4 5
3.66313 57.2877 57.2877 2 4 5
3.66313 57.2977 57.2977 2 4 5
3.66313 57.3077 57.3077 2 4 5
3.66313 57.3177 57.3177 2 4 5
3.66313 57.3277 57.3277 2 4 5
3.66313 57.3377 57.3377 2 4 5
3.66313 57.3477 57.3477 2 4 5
3.66313 57.3577 57.3577 2 4 5
3.66313 57.3677 57.3677 2 4 5
3.66313 57.3777 57.3777 2 4 5
3.66313 57.3877 57.3877 2 4 5
3.66313 57.3977 57.3977 2 4 5
3.66313 57.4077 57.4077 2 4 5
3.66313 57.4177 57.4177 2 4 5
3.66313 57.4277 57.4277 2 4 5
3.66313 57.4377 57.4377 2 4 5
3.66313 57.4477 57.4477 2 4 5
3.66313 57.4577 57.4577 2 4 5
3.66313 57.4677 57.4677 2 4 5
3.66313 57.4777 57.4777 2 4 5
3.66313 57.4877 57.4877 2 4 5
3.66313 57.4977 57.4977 2 4 5
3.66313 57.5077 57.5077 2 4 5
3.66313 57.5177 57.5177 2 4 5
3.66313 57.5277 57.5277 2 4 5
3.66313 57.5377 57.5377 2 4 5
3.66313 57.5477 57.5477 2 4 5
3.66313 57.5577 57.5577 2 4 5
3.66313 57.5677 57.5677 2 4 5
3.66313 57.5777 57.5777 2 4 5
3.66313 57.5877 57.5877 2 4 5
3.66313 57.5977 57.5977 2 4 5
3.66313 57.6077 57.6077 2 4 5
3.66313 57.6177 57.6177 2 4 5
3.66313 57.6277 57.6277 2 4 5
3.66313 57.6377 57.6377 2 4 5
3.66313 57.6477 57.6477 2 4 5
3.66313 57.6577 57.6577 2 4 5
3.66313 57.6677 57.6677 2 4 5
3.66313 57.6777 57.6777 2 4 5
3.66313 57.6877 57.6877 2 4 5
3.66313 57.6977 57.6977 2 4 5
3.66313 57.7077 57.7077 2 4 5
3.66313 57.7177 57.7177 2 4 5
3.66313 57.7277 57.7277 2 4 5
3.66313 57.7377 57.7377 2 4 5
3.66313 57.7477 57.7477 2 4 5
3.66313 57.7577 57.7577 2 4 5
3.66313 57.7677 57.7677 2 4 5
3.66313 57.7777 57.7777 2 4 5
3.66313 57.7877 57.7877 2 4 5
3.66313 57.7977 57.7977 2 4 5
3.66313 57.8077 57.8077 2 4 5
3.66313 57.8177 57.8177 2 4 5
3.66313 57.8277 57.8277 2 4 5
3.66313 57.8377 57.8377 2 4 5
3.66313 57.8477 57.8477 2 4 5
3.66313 57.8577 57.8577 2 4 5
3.66313 57.8677 57.8677 2 4 5
3.66313 57.8777 57.8777 2 4 5
3.66313 57.8877 57.8877 2 4 5
3.66313 57.8977 57.8977 2 4 5
3.66313 57.9077 57.9077 2 4 5
3.66313 57.9177 57.9177 2 4 5
3.66313 57.9277 57.9277 2 4 5
3.66313 57.9377 57.9377 2 4 5
3.66313 57.9477 57.9477 2 4 5
3.66313 57.9577 57.9577 2 4 5
3.66313 57.9677 57.9677 2 4 5
3.66313 57.9777 57.9777 2 4 5
3.66313 57.9877 57.9877 2 4 5
3.66313 57.9977 57.9977 2 4 5
3.66313 58.0077 58.0077 2 4 5
3.66313 58.0177 58.0177 2 4 5
3.66313 58.0277 58.0277 2 4 5
3.66313 58.0377 58.0377 2 4 5
3.66313 58.0477 58.0477 2 4 5
3.66313 58.0577 58.0577 2 4 5
3.66313 58.0677 58.0677 2 4 5
3.66313 58.0777 58.0777 2 4 5
3.66313 58.0877 58.0877 2 4 5
3.66313 58.0977 58.0977 2 4 5
3.66313 58.1077 58.1077 2 4 5
3.66313 58.1177 58.1177 2 4 5
3.66313 58.1277 58.1277 2 4 5
3.66313 58.1377 58.1377 2 4 5
3.66313 58.1477 58.1477 2 4 5
3.66313 58.1577 58.1577 2 4 5
3.66313 58.1677 58.1677 2 4 5
3.66313 58.1777 58.1777 2 4 5
3.66313 58.1877 58.1877 2 4 5
3.66313 58.1977 58.1977 2 4 5
3.66313 58.2077 58.2077 2 4 5
3.66313 58.2177 58.2177 2 4 5
3.66313 58.2277 58.2277 2 4 5
3.66313 58.2377 58.2377 2 4 5
3.66313 58.2477 58.2477 2 4 5
3.66313 58.2577 58.2577 2 4 5
3.66313 58.2677 58.2677 2 4 5
3.66313 58.2777 58.2777 2 4 5
3.66313 58.2877 58.2877 2 4 5
3.66313 58.2977 58.2977 2 4 5
3.66313 58.3077 58.3077 2 4 5
3.66313 58.3177 58.3177 2 4 5
3.66313 58.3277 58.3277 2 4 5
3.66313 58.3377 58.3377 2 4 5
3.66313 58.3477 58.3477 2 4 5
3.66313 58.3577 58.3577 2 4 5
3.66313 58.3677 58.3677 2 4 5
3.66313 58.3777 58.3777 2 4 5
3.66313 58.3877 58.3877 2 4 5
3.66313 58.3977 58.3977 2 4 5
3.66313 58.4077 58.4077 2 4 5
3.66313 58.4177 58.4177 2 4 5
3.66313 58.4277 58.4277 2 4 5
3.66313 58.4377 58.4377 2 4 5
3.66313 58.4477 58.4477 2 4 5
3.66313 58.4577 58.4577 2 4 5
3.66313 58.4677 58.4677 2 4 5
3.66313 58.4777 58.4777 2 4 5
3.66313 58.4877 58.4877 2 4 5
3.66313 58.4977 58.4977 2 4 5
3.66313 58.5077 58.5077 2 4 5
3.66313 58.5177 58.5177 2 4 5
3.66313 58.5277 58.5277 2 4 5
3.66313 58.5377 58.5377 2 4 5
3.66313 58.5477 58.5477 2 4 5
3.66313 58.5577 58.5577 2 4 5
3.66313 58.5677 58.5677 2 4 5
3.66313 58.5777 58.5777 2 4 5
3.66313 58.5877 58.5877 2 4 5
3.66313 58.5977 58.5977 2 4 5
3.66313 58.6077 58.6077 2 4 5
3.66313 58.6177 58.6177 2 4 5
3.66313 58.6277 58.6277 2 4 5
3.66313 58.6377 58.6377 2 4 5
3.66313 58.6477 58.6477 2 4 5
3.66313 58.6577 58.6577 2 4 5
3.66313 58.6677 58.6677 2 4 5
3.66313 58.6777 58.6777 2 4 5
3.66313 58.6877 58.6877 2 4 5
3.66313 58.6977 58.6977 2 4 5
3.66313 58.7077 58.7077 2 4 5
3.66313 58.7177 58.7177 2 4 5
3.66313 58.7277 58.7277 2 4 5
3.66313 58.7377 58.7377 2 4 5
3.66313 58.7477 58.7477 2 4 5
3.66313 58.7577 58.7577 2 4 5
3.66313 58.7677 58.7677 2 4 5
3.66313 58.7777 58.7777 2 4 5
3.66313 58.7877 58.7877 2 4 5
3.66313 58.7977 58.7977 2 4 5
3.66313 58.8077 58.8077 2 4 5
3.66313 58.8177 58.8177 2 4 5
3.66313 58.8277 58.8277 2 4 5
3.66313 58.8377 58.8377 2 4 5
3.66313 58.8477 58.8477 2 4 5
3.66313 58.8577 58.8577 2 4 5
3.66313 58.8677 58.8677 2 4 5
3.66313 58.8777 58.8777 2 4 5
3.66313 58.8877 58.8877 2 4 5
3.66313 58.8977 58.8977 2 4 5
3.66313 58.9077 58.9077 2 4 5
3.66313 58.9177 58.9177 2 4 5
3.66313 58.9277 58.9277 2 4 5
3.66313 58.9377 58.9377 2 4 5
3.66313 58.9477 58.9477 2 4 5
3.66313 58.9577 58.9577 2 4 5
3.66313 58.9677 58.9677 2 4 5
3.66313 58.9777 58.9777 2 4 5
3.66313 58.9877 58.9877 2 4 5
3.66313 58.9977 58.9977 2 4 5
3.66313 59.0077 59.0077 2 4 5
3.66313 59.0177 59.0177 2 4 5
3.66313 59.0277 59.0277 2 4 5
3.66313 59.0377 59.0377 2 4 5
3.66313 59.0477 59.0477 2 4 5
3.66313 59.0577 59.0577 2 4 5
3.66313 59.0677 59.0677 2 4 5
3.66313 59.0777 59.0777 2 4 5
3.66313 59.0877 59.0877 2 4 5
3.66313 59.0977 59.0977 2 4 5
3.66313 59.1077 59.1077 2 4 5
3.66313 59.1177 59.1177 2 4 5
3.66313 59.1277 59.1277 2 4 5
3.66313 59.1377 59.1377 2 4 5
3.66313 59.1477 59.1477 2 4 5
3.66313 59.1577 59.1577 2 4 5
3.66313 59.1677 59.1677 2 4 5
3.66313 59.1777 59.1777 2 4 5
3.66313 59.1877 59.1877 2 4 5
3.66313 59.1977 59.1977 2 4 5
3.66313 59.2077 59.2077 2 4 5
3.66313 59.2177 59.2177 2 4 5
3.66313 59.2277 59.2277 2 4 5
3.66313 59.2377 59.2377 2 4 5
3.66313 59.2477 59.2477 2 4 5
3.66313 59.2577 59.2577 2 4 5
3.66313 59.2677 59.2677 2 4 5
3.66313 59.2777 59.2777 2 4 5
3.66313 59.2877 59.2877 2 4 5
3.66313 59.2977 59.2977 2 4 5
3.66313 59.3077 59.3077 2 4 5
3.66313 59.3177 59.3177 2 4 5
3.66313 59.3277 59.3277 2 4 5
3.66313 59.3377 59.3377 2 4 5
3.66313 59.3477 59.3477 2 4 5
3.66313 59.3577 59.3577 2 4 5
3.66313 59.3677 59.3677 2 4 5
3.66313 59.3777 59.3777 2 4 5
3.66313 59.3877 59.3877 2 4 5
3.66313 59.3977 59.3977 2 4 5
3.66313 59.4077 59.4077 2 4 5
3.66313 59.4177 59.4177 2 4 5
3.66313 59.4277 59.4277 2 4 5
3.66313 59.4377 59.4377 2 4 5
3.66313 59.4477 59.4477 2 4 5
3.66313 59.4577 59.4577 2 4 5
3.66313 59.4677 59.4677 2 4 5
3.66313 59.4777 59.4777 2 4 5
3.66313 59.4877 59.4877 2 4 5
3.66313 59.4977 59.4977 2 4 5
3.66313 59.5077 59.5077 2 4 5
3.66313 59.5177 59.5177 2 4 5
3.66313 59.5277 59.5277 2 4 5
3.66313 59.5377 59.5377 2 4 5
3.66313 59.5477 59.5477 2 4 5
3.66313 59.5577 59.5577 2 4 5
3.66313 59.5677 59.5677 2 4 5
3.66313 59.5777 59.5777 2 4 5
3.66313 59.5877 59.5877 2 4 5
3.66313 59.5977 59.5977 2 4 5
3.66313 59.6077 59.6077 2 4 5
3.66313 59.6177 59.6177 2 4 5
3.66313 59.6277 59.6277 2 4 5
3.66313 59.6377 59.6377 2 4 5
3.66313 59.6477 59.6477 2 4 5
3.66313 59.6577 59.6577 2 4 5
3.66313 59.6677 59.6677 2 4 5
3.66313 59.6777 59.6777 2 4 5
3.66313 59.6877 59.6877 2 4 5
3.66313 59.6977 59.6977 2 4 5
3.66313 59.7077 59.7077 2 4 5
3.66313 59.7177 59.7177 2 4 5
3.66313 59.7277 59.7277 2 4 5
3.66313 59.7377 59.7377 2 4 5
3.66313 59.7477 59.7477 2 4 5
3.66313 59.7577 59.7577 2 4 5
3.66313 59.7677 59.7677 2 4 5
3.66313 59.7777 59.7777 2 4 5
3.66313 59.7877 59.7877 2 4 5
3.66313 59.7977 59.7977 2 4 5
3.66313 59.8077 59.8077 2 4 5
3.66313 59.8177 59.8177 2 4 5
3.66313 59.8277 59.8277 2 4 5
3.66313 59.8377 59.8377 2 4 5
3.66313 59.8477 59.8477 2 4 5
3.66313 59.8577 59.8577 2 4 5
3.66313 59.8677 59.8677 2 4 5
3.66313 59.8777 59.8777 2 4 5
3.66313 59.8877 59.8877 2 4 5
3.66313 59.8977 59.8977 2 4 5
3.66313 59.9077 59.9077 2 4 5
3.66313 59.9177 59.9177 2 4 5
3.66313 59.9277 59.9277 2 4 5
3.66313 59.9377 59.9377 2 4 5
3.66313 59.9477 59.9477 2 4 5
3.66313 59.9577 59.9577 2 4 5
3.66313 59.9677 59.9677 2 4 5
3.66313 59.9777 59.9777 2 4 5
3.66313 59.9877 59.9877 2 4 5
3.66313 59.9977 59.9977 2 4 5
3.66313 60.0077 60.0077 2 4 5
3.66313 60.0177 60.0177 2 4 5
3.66313 60.0277 60.0277 2 4 5
3.66313 60.0377 60.0377 2 4 5
3.66313 60.0477 60.0477 2 4 5
3.66313 60.0577 60.0577 2 4 5
3.66313 60.0677 60.0677 2 4 5
3.66313 60.0777 60.0777 2 4 5
3.66313 60.0877 60.0877 2 4 5
3.66313 60.0977 60.0977 2 4 5
3.66313 60.1077 60.1077 2 4 5
3.66313 60.1177 60.1177 2 4 5
3.66313 60.1277 60.1277 2 4 5
3.66313 60.1377 60.1377 2 4 5
3.66313 60.1477 60.1477 2 4 5
3.66313 60.1577 60.1577 2 4 5
3.66313 60.1677 60.1677 2 4 5
10.4343 0.6 0.6 2 2 3
10.4323 0.600044 0.600044 2 2 3
10.4303 0.600089 0.600089 2 2 3
10.4263 0.600177 0.600177 2 2 3
10.4183 0.600355 0.600355 2 2 3
10.4083 0.600577 0.600577 2 2 3
10.3983 0.6008 0.6008 2 2 3
10.3883 0.601023 0.601023 2 2 3
10.3783 0.601246 0.601246 2 2 3
10.3683 0.60147 0.60147 2 2 3
10.3583 0.601695 0.601695 2 2 3
10.3483 0.60192 0.60192 2 2 3
10.3383 0.602145 0.602145 2 2 3
10.3283 0.60237 0.60237 2 2 3
10.3183 0.602597 0.602597 2 2 3
10.3083 0.602823 0.602823 2 2 3
10.2983 0.60305 0.60305 2 2 3
10.2883 0.603277 0.603277 2 2 3
10.2783 0.603505 0.603505 2 2 3
10.2683 0.603733 0.603733 2 2 3
10.2583 0.603962 0.603962 2 2 3
10.2483 0.604191 0.604191 2 2 3
10.2383 0.604421 0.604421 2 2 3
10.2283 0.604651 0.604651 2 2 3
10.2184 0.604881 0.604881 2 2 3
10.2084 0.605112 0.605112 2 2 3
10.1984 0.605343 0.605343 2 2 3
10.1884 0.605575 0.605575 2 2 3
10.1784 0.605807 0.605807 2 2 3
10.1684 0.60604 0.60604 2 2 3
10.1584 0.606273 0.606273 2 2 3
10.1484 0.606506 0.606506 2 2 3
10.1384 0.60674 0.60674 2 2 3
10.1284 0.606975 0.606975 2 2 3
10.1184 0.607209 0.607209 2 2 3
10.1084 0.607445 0.607445 2 2 3
10.0984 0.607681 0.607681 2 2 3
10.0884 0.607917 0.607917 2 2 3
10.0784 0.608154 0.608154 2 2 3
10.0684 0.608391 0.608391 2 2 3
10.0584 0.608628 0.608628 2 2 3
10.0484 0.608866 0.608866 2 2 3
10.0384 0.609105 0.609105 2 2 3
10.0284 0.609344 0.609344 2 2 3
10.0184 0.609583 0.609583 2 2 3
10.0084 0.609823 0.609823 2 2 3
9.99841 0.610064 0.610064 2 2 3
9.98842 0.610305 0.610305 2 2 3
9.97842 0.610546 0.610546 2 2 3
9.96842 0.610788 0.610788 2 2 3
9.95843 0.61103 0.61103 2 2 3
9.94843 0.611273 0.611273 2 2 3
9.93843 0.611516 0.611516 2 2 3
9.92843 0.61176 0.61176 2 2 3
9.91844 0.612005 0.612005 2 2 3
9.90844 0.612249 0.612249 2 2 3
9.89844 0.612495 0.612495 2 2 3
9.88845 0.61274 0.61274 2 2 3
9.87845 0.612987 0.612987 2 2 3
9.86845 0.613233 0.613233 2 2 3
9.85846 0.61348 0.61348 2 2 3
9.84846 0.613728 0.613728 2 2 3
9.83846 0.613976 0.613976 2 2 3
9.82846 0.614225 0.614225 2 2 3
9.81847 0.614474 0.614474 2 2 3
9.80847 0.614724 0.614724 2 2 3
9.79847 0.614974 0.614974 2 2 3
9.78848 0.615225 0.615225 2 2 3
9.77848 0.615476 0.615476 2 2 3
9.76848 0.615728 0.615728 2 2 3
9.75849 0.615981 0.615981 2 2 3
9.74849 0.616233 0.616233 2 2 3
9.73849 0.616487 0.616487 2 2 3
9.7285 0.616741 0.616741 2 2 3
9.7185 0.616995 0.616995 2 2 3
9.7085 0.61725 0.61725 2 2 3
9.69851 0.617505 0.617505 2 2 3
9.68851 0.617761 0.617761 2 2 3
9.67851 0.618018 0.618018 2 2 3
9.66852 0.618275 0.618275 2 2 3
9.65852 0.618532 0.618532 2 2 3
9.64852 0.61879 0.61879 2 2 3
9.63853 0.619049 0.619049 2 2 3
9.62853 0.619308 0.619308 2 2 3
9.61853 0.619568 0.619568 2 2 3
9.60854 0.619828 0.619828 2 2 3
9.59854 0.620089 0.620089 2 2 3
9.58854 0.62035 0.62035 2 2 3
9.57855 0.620612 0.620612 2 2 3
9.56855 0.620875 0.620875 2 2 3
9.55855 0.621138 0.621138 2 2 3
9.54856 0.621401 0.621401 2 2 3
9.53856 0.621666 0.621666 2 2 3
9.52856 0.62193 0.62193 2 2 3
9.51857 0.622196 0.622196 2 2 3
9.50857 0.622461 0.622461 2 2 3
9.49857 0.622728 0.622728 2 2 3
9.48858 0.622995 0.622995 2 2 3
9.47858 0.623262 0.623262 2 2 3
9.46858 0.62353 0.62353 2 2 3
9.45859 0.623799 0.623799 2 2 3
9.44859 0.624068 0.624068 2 2 3
9.4386 0.624338 0.624338 2 2 3
9.4286 0.624609 0.624609 2 2 3
9.4186 0.62488 0.62488 2 2 3
9.40861 0.625151 0.625151 2 2 3
9.39861 0.625424 0.625424 2 2 3
9.38861 0.625696 0.625696 2 2 3
9.37862 0.62597 0.62597 2 2 3
9.36862 0.626244 0.626244 2 2 3
9.35863 0.626518 0.626518 2 2 3
9.34863 0.626794 0.626794 2 2 3
9.33863 0.627069 0.627069 2 2 3
9.32864 0.627346 0.627346 2 2 3
9.31864 0.627623 0.627623 2 2 3
9.30864 0.6279 0.6279 2 2 3
9.29865 0.628179 0.628179 2 2 3
9.28865 0.628458 0.628458 2 2 3
9.27866 0.628737 0.628737 2 2 3
9.26866 0.629017 0.629017 2 2 3
9.25866 0.629298 0.629298 2 2 3
9.24867 0.629579 0.629579 2 2 3
9.23867 0.629861 0.629861 2 2 3
9.22868 0.630144 0.630144 2 2 3
9.21868 0.630427 0.630427 2 2 3
9.20868 0.630711 0.630711 2 2 3
9.19869 0.630996 0.630996 2 2 3
9.18869 0.631281 0.631281 2 2 3
9.1787 0.631567 0.631567 2 2 3
9.1687 0.631853 0.631853 2 2 3
9.1587 0.63214 0.63214 2 2 3
9.14871 0.632428 0.632428 2 2 3
9.13871 0.632716 0.632716 2 2 3
9.12872 0.633005 0.633005 2 2 3
9.11872 0.633295 0.633295 2 2 3
9.10873 0.633586 0.633586 2 2 3
9.09873 0.633877 0.633877 2 2 3
9.08873 0.634168 0.634168 2 2 3
9.07874 0.634461 0.634461 2 2 3
9.06874 0.634754 0.634754 2 2 3
9.05875 0.635048 0.635048 2 2 3
9.04875 0.635342 0.635342 2 2 3
9.03876 0.635637 0.635637 2 2 3
9.02876 0.635933 0.635933 2 2 3
9.01876 0.63623 0.63623 2 2 3
9.00877 0.636527 0.636527 2 2 3
8.99877 0.636825 0.636825 2 2 3
8.98878 0.637123 0.637123 2 2 3
8.97878 0.637423 0.637423 2 2 3
8.96879 0.637723 0.637723 2 2 3
8.95879 0.638023 0.638023 2 2 3
8.9488 0.638325 0.638325 2 2 3
8.9388 0.638627 0.638627 2 2 3
8.9288 0.63893 0.63893 2 2 3
8.91881 0.639233 0.639233 2 2 3
8.90881 0.639538 0.639538 2 2 3
8.89882 0.639843 0.639843 2 2 3
8.88882 0.640148 0.640148 2 2 3
8.87883 0.640455 0.640455 2 2 3
8.86883 0.640762 0.640762 2 2 3
8.85884 0.64107 0.64107 2 2 3
8.84884 0.641379 0.641379 2 2 3
8.83885 0.641688 0.641688 2 2 3
8.82885 0.641998 0.641998 2 2 3
8.81886 0.642309 0.642309 2 2 3
8.80886 0.642621 0.642621 2 2 3
8.79887 0.642933 0.642933 2 2 3
8.78887 0.643247 0.643247 2 2 3
8.77888 0.64356 0.64356 2 2 3
8.76888 0.643875 0.643875 2 2 3
8.75889 0.644191 0.644191 2 2 3
8.74889 0.644507 0.644507 2 2 3
8.7389 0.644824 0.644824 2 2 3
8.7289 0.645142 0.645142 2 2 3
8.71891 0.64546 0.64546 2 2 3
8.70891 0.64578 0.64578 2 2 3
8.69892 0.6461 0.6461 2 2 3
8.68892 0.646421 0.646421 2 2 3
8.67893 0.646743 0.646743 2 2 3
8.66893 0.647065 0.647065 2 2 3
8.65894 0.647389 0.647389 2 2 3
8.64894 0.647713 0.647713 2 2 3
8.63895 0.648038 0.648038 2 2 3
8.62895 0.648364 0.648364 2 2 3
8.61896 0.64869 0.64869 2 2 3
8.60896 0.649018 0.649018 2 2 3
8.59897 0.649346 0.649346 2 2 3
8.58897 0.649675 0.649675 2 2 3
8.57898 0.650005 0.650005 2 2 3
8.56899 0.650336 0.650336 2 2 3
8.55899 0.650668 0.650668 2 2 3
8.549 0.651 0.651 2 2 3
8.539 0.651334 0.651334 2 2 3
8.52901 0.651668 0.651668 2 2 3
8.51901 0.652003 0.652003 2 2 3
8.50902 0.652339 0.652339 2 2 3
8.49902 0.652676 0.652676 2 2 3
8.48903 0.653013 0.653013 2 2 3
8.47904 0.653352 0.653352 2 2 3
8.46904 0.653691 0.653691 2 2 3
8.45905 0.654031 0.654031 2 2 3
8.44905 0.654373 0.654373 2 2 3
8.43906 0.654715 0.654715 2 2 3
8.42907 0.655058 0.655058 2 2 3
8.41907 0.655401 0.655401 2 2 3
8.40908 0.655746 0.655746 2 2 3
8.39908 0.656092 0.656092 2 2 3
8.38909 0.656438 0.656438 2 2 3
8.37909 0.656786 0.656786 2 2 3
8.3691 0.657134 0.657134 2 2 3
8.35911 0.657484 0.657484 2 2 3
8.34911 0.657834 0.657834 2 2 3
8.33912 0.658185 0.658185 2 2 3
8.32913 0.658537 0.658537 2 2 3
8.31913 0.65889 0.65889 2 2 3
8.30914 0.659244 0.659244 2 2 3
8.29914 0.659599 0.659599 2 2 3
8.28915 0.659955 0.659955 2 2 3
8.27916 0.660312 0.660312 2 2 3
8.26916 0.66067 0.66067 2 2 3
8.25917 0.661029 0.661029 2 2 3
8.24918 0.661389 0.661389 2 2 3
8.23918 0.66175 0.66175 2 2 3
8.22919 0.662111 0.662111 2 2 3
8.2192 0.662474 0.662474 2 2 3
8.2092 0.662838 0.662838 2 2 3
8.19921 0.663203 0.663203 2 2 3
8.18922 0.663568 0.663568 2 2 3
8.17922 0.663935 0.663935 2 2 3
8.16923 0.664303 0.664303 2 2 3
8.15924 0.664672 0.664672 2 2 3
8.14924 0.665042 0.665042 2 2 3
8.13925 0.665413 0.665413 2 2 3
8.12926 0.665784 0.665784 2 2 3
8.11926 0.666157 0.666157 2 2 3
8.10927 0.666531 0.666531 2 2 3
8.09928 0.666906 0.666906 2 2 3
8.08929 0.667283 0.667283 2 2 3
8.07929 0.66766 0.66766 2 2 3
8.0693 0.668038 0.668038 2 2 3
8.05931 0.668417 0.668417 2 2 3
8.04931 0.668798 0.668798 2 2 3
8.03932 0.669179 0.669179 2 2 3
8.02933 0.669562 0.669562 2 2 3
8.01934 0.669945 0.669945 2 2 3
8.00934 0.67033 0.67033 2 2 3
7.99935 0.670716 0.670716 2 2 3
7.98936 0.671103 0.671103 2 2 3
7.97937 0.671491 0.671491 2 2 3
7.96937 0.67188 0.67188 2 2 3
7.95938 0.67227 0.67227 2 2 3
7.94939 0.672662 0.672662 2 2 3
7.9394 0.673054 0.673054 2 2 3
7.9294 0.673448 0.673448 2 2 3
7.91941 0.673843 0.673843 2 2 3
7.90942 0.674239 0.674239 2 2 3
7.89943 0.674636 0.674636 2 2 3
7.88944 0.675035 0.675035 2 2 3
7.87944 0.675434 0.675434 2 2 3
7.86945 0.675835 0.675835 2 2 3
7.85946 0.676237 0.676237 2 2 3
7.84947 0.67664 0.67664 2 2 3
7.83948 0.677045 0.677045 2 2 3
7.82948 0.67745 0.67745 2 2 3
7.81949 0.677857 0.677857 2 2 3
7.8095 0.678265 0.678265 2 2 3
7.79951 0.678674 0.678674 2 2 3
7.78952 0.679085 0.679085 2 2 3
7.77953 0.679496 0.679496 2 2 3
7.76953 0.679909 0.679909 2 2 3
7.75954 0.680323 0.680323 2 2 3
7.74955 0.680739 0.680739 2 2 3
7.73956 0.681156 0.681156 2 2 3
7.72957 0.681574 0.681574 2 2 3
7.71958 0.681993 0.681993 2 2 3
7.70959 0.682413 0.682413 2 2 3
7.6996 0.682835 0.682835 2 2 3
7.6896 0.683258 0.683258 2 2 3
7.67961 0.683683 0.683683 2 2 3
7.66962 0.684109 0.684109 2 2 3
7.65963 0.684536 0.684536 2 2 3
7.64964 0.684964 0.684964 2 2 3
7.63965 0.685394 0.685394 2 2 3
7.62966 0.685825 0.685825 2 2 3
7.61967 0.686258 0.686258 2 2 3
7.60968 0.686692 0.686692 2 2 3
7.59969 0.687127 0.687127 2 2 3
7.5897 0.687564 0.687564 2 2 3
7.57971 0.688002 0.688002 2 2 3
7.56972 0.688441 0.688441 2 2 3
7.55973 0.688882 0.688882 2 2 3
7.54974 0.689324 0.689324 2 2 3
7.53975 0.689768 0.689768 2 2 3
7.52976 0.690213 0.690213 2 2 3
7.51977 0.69066 0.69066 2 2 3
7.50978 0.691108 0.691108 2 2 3
7.49979 0.691557 0.691557 2 2 3
7.4898 0.692008 0.692008 2 2 3
7.47981 0.69246 0.69246 2 2 3
7.46982 0.692914 0.692914 2 2 3
7.45983 0.693369 0.693369 2 2 3
7.44984 0.693826 0.693826 2 2 3
7.43985 0.694285 0.694285 2 2 3
7.42986 0.694744 0.694744 2 2 3
7.41987 0.695206 0.695206 2 2 3
7.40988 0.695669 0.695669 2 2 3
7.39989 0.696133 0.696133 2 2 3
7.3899 0.696599 0.696599 2 2 3
7.37991 0.697067 0.697067 2 2 3
7.36992 0.697536 0.697536 2 2 3
7.35993 0.698007 0.698007 2 2 3
7.34995 0.698479 0.698479 2 2 3
7.33996 0.698953 0.698953 2 2 3
7.32997 0.699428 0.699428 2 2 3
7.31998 0.699905 0.699905 2 2 3
7.30999 0.700384 0.700384 2 2 3
7.3 0.700865 0.700865 2 2 3
7.29001 0.701347 0.701347 2 2 3
7.28003 0.70183 0.70183 2 2 3
7.27004 0.702316 0.702316 2 2 3
7.26005 0.702803 0.702803 2 2 3
7.25006 0.703291 0.703291 2 2 3
7.24007 0.703782 0.703782 2 2 3
7.23009 0.704274 0.704274 2 2 3
7.2201 0.704768 0.704768 2 2 3
7.21011 0.705263 0.705263 2 2 3
7.20012 0.705761 0.705761 2 2 3
7.19014 0.70626 0.70626 2 2 3
7.18015 0.706761 0.706761 2 2 3
7.17016 0.707263 0.707263 2 2 3
7.16017 0.707768 0.707768 2 2 3
7.15019 0.708274 0.708274 2 2 3
7.1402 0.708782 0.708782 2 2 3
7.13021 0.709292 0.709292 2 2 3
7.12022 0.709804 0.709804 2 2 3
7.11024 0.710317 0.710317 2 2 3
7.10025 0.710832 0.710832 2 2 3
7.09026 0.71135 0.71135 2 2 3
7.08028 0.711869 0.711869 2 2 3
7.07029 0.71239 0.71239 2 2 3
7.06031 0.712913 0.712913 2 2 3
7.05032 0.713438 0.713438 2 2 3
7.04033 0.713965 0.713965 2 2 3
7.03035 0.714493 0.714493 2 2 3
7.02036 0.715024 0.715024 2 2 3
7.01038 0.715557 0.715557 2 2 3
7.00039 0.716091 0.716091 2 2 3
6.9904 0.716628 0.716628 2 2 3
6.98042 0.717167 0.717167 2 2 3
6.97043 0.717707 0.717707 2 2 3
6.96045 0.71825 0.71825 2 2 3
6.95046 0.718795 0.718795 2 2 3
6.94048 0.719342 0.719342 2 2 3
6.93049 0.719891 0.719891 2 2 3
6.92051 0.720442 0.720442 2 2 3
6.91052 0.720995 0.720995 2 2 3
6.90054 0.72155 0.72155 2 2 3
6.89055 0.722107 0.722107 2 2 3
6.88057 0.722667 0.722667 2 2 3
6.87059 0.723229 0.723229 2 2 3
6.8606 0.723793 0.723793 2 2 3
6.85062 0.724359 0.724359 2 2 3
6.84063 0.724927 0.724927 2 2 3
6.83065 0.725497 0.725497 2 2 3
6.82067 0.72607 0.72607 2 2 3
6.81068 0.726645 0.726645 2 2 3
6.8007 0.727223 0.727223 2 2 3
6.79072 0.727802 0.727802 2 2 3
6.78073 0.728384 0.728384 2 2 3
6.77075 0.728968 0.728968 2 2 3
6.76077 0.729555 0.729555 2 2 3
6.75079 0.730144 0.730144 2 2 3
6.7408 0.730735 0.730735 2 2 3
6.73082 0.731329 0.731329 2 2 3
6.72084 0.731925 0.731925 2 2 3
6.71086 0.732524 0.732524 2 2 3
6.70087 0.733125 0.733125 2 2 3
6.69089 0.733728 0.733728 2 2 3
6.68091 0.734334 0.734334 2 2 3
6.67093 0.734943 0.734943 2 2 3
6.66095 0.735554 0.735554 2 2 3
6.65097 0.736167 0.736167 2 2 3
6.64099 0.736783 0.736783 2 2 3
6.631 0.737402 0.737402 2 2 3
6.62102 0.738023 0.738023 2 2 3
6.61104 0.738647 0.738647 2 2 3
6.60106 0.739273 0.739273 2 2 3
6.59108 0.739903 0.739903 2 2 3
6.5811 0.740534 0.740534 2 2 3
6.57112 0.741169 0.741169 2 2 3
6.56114 0.741806 0.741806 2 2 3
6.55116 0.742446 0.742446 2 2 3
6.54118 0.743089 0.743089 2 2 3
6.53121 0.743734 0.743734 2 2 3
6.52123 0.744383 0.744383 2 2 3
6.51125 0.745034 0.745034 2 2 3
6.50127 0.745688 0.745688 2 2 3
6.49129 0.746345 0.746345 2 2 3
6.48131 0.747004 0.747004 2 2 3
6.47133 0.747667 0.747667 2 2 3
6.46136 0.748333 0.748333 2 2 3
6.45138 0.749001 0.749001 2 2 3
6.4414 0.749673 0.749673 2 2 3
6.43142 0.750347 0.750347 2 2 3
6.42145 0.751025 0.751025 2 2 3
6.41147 0.751705 0.751705 2 2 3
6.40149 0.752389 0.752389 2 2 3
6.39152 0.753076 0.753076 2 2 3
6.38154 0.753766 0.753766 2 2 3
6.37157 0.754459 0.754459 2 2 3
6.36159 0.755155 0.755155 2 2 3
6.35161 0.755855 0.755855 2 2 3
6.34164 0.756557 0.756557 2 2 3
6.33166 0.757263 0.757263 2 2 3
6.32169 0.757973 0.757973 2 2 3
6.31171 0.758685 0.758685 2 2 3
6.30174 0.759401 0.759401 2 2 3
6.29177 0.760121 0.760121 2 2 3
6.28179 0.760843 0.760843 2 2 3
6.27182 0.76157 0.76157 2 2 3
6.26185 0.762299 0.762299 2 2 3
6.25187 0.763032 0.763032 2 2 3
6.2419 0.763769 0.763769 2 2 3
6.23193 0.764509 0.764509 2 2 3
6.22195 0.765253 0.765253 2 2 3
6.21198 0.766 0.766 2 2 3
6.20201 0.766751 0.766751 2 2 3
6.19204 0.767506 0.767506 2 2 3
6.18207 0.768264 0.768264 2 2 3
6.1721 0.769026 0.769026 2 2 3
6.16213 0.769792 0.769792 2 2 3
6.15216 0.770562 0.770562 2 2 3
6.14219 0.771335 0.771335 2 2 3
6.13222 0.772113 0.772113 2 2 3
6.12225 0.772894 0.772894 2 2 3
6.11228 0.77368 0.77368 2 2 3
6.10231 0.774469 0.774469 2 2 3
6.09234 0.775262 0.775262 2 2 3
6.08237 0.776059 0.776059 2 2 3
6.0724 0.776861 0.776861 2 2 3
6.06244 0.777666 0.777666 2 2 3
6.05247 0.778476 0.778476 2 2 3
6.0425 0.77929 0.77929 2 2 3
6.03254 0.780108 0.780108 2 2 3
6.02257 0.780931 0.780931 2 2 3
6.0126 0.781757 0.781757 2 2 3
6.00264 0.782588 0.782588 2 2 3
5.99267 0.783424 0.783424 2 2 3
5.98271 0.784264 0.784264 2 2 3
5.97275 0.785108 0.785108 2 2 3
5.96278 0.785957 0.785957 2 2 3
5.95282 0.786811 0.786811 2 2 3
5.94285 0.787669 0.787669 2 2 3
5.93289 0.788532 0.788532 2 2 3
5.92293 0.7894 0.7894 2 2 3
5.91297 0.790272 0.790272 2 2 3
5.90301 0.791149 0.791149 2 2 3
5.89305 0.792031 0.792031 2 2 3
5.88308 0.792918 0.792918 2 2 3
5.87312 0.79381 0.79381 2 2 3
5.86316 0.794707 0.794707 2 2 3
5.85321 0.795609 0.795609 2 2 3
5.84325 0.796516 0.796516 2 2 3
5.83329 0.797428 0.797428 2 2 3
5.82333 0.798345 0.798345 2 2 3
5.81337 0.799268 0.799268 2 2 3
5.80342 0.800196 0.800196 2 2 3
5.79346 0.801129 0.801129 2 2 3
5.7835 0.802068 0.802068 2 2 3
5.77355 0.803012 0.803012 2 2 3
5.76359 0.803961 0.803961 2 2 3
5.75364 0.804917 0.804917 2 2 3
5.74369 0.805878 0.805878 2 2 3
5.73373 0.806844 0.806844 2 2 3
5.72378 0.807817 0.807817 2 2 3
5.71383 0.808795 0.808795 2 2 3
5.70388 0.809779 0.809779 2 2 3
5.69393 0.810769 0.810769 2 2 3
5.68398 0.811765 0.811765 2 2 3
5.67403 0.812768 0.812768 2 2 3
5.66408 0.813776 0.813776 2 2 3
5.65413 0.814791 0.814791 2 2 3
5.64418 0.815811 0.815811 2 2 3
5.63423 0.816839 0.816839 2 2 3
5.62429 0.817872 0.817872 2 2 3
5.61434 0.818912 0.818912 2 2 3
5.6044 0.819959 0.819959 2 2 3
5.59445 0.821013 0.821013 2 2 3
5.58451 0.822073 0.822073 2 2 3
5.57457 0.82314 0.82314 2 2 3
5.56462 0.824213 0.824213 2 2 3
5.55468 0.825294 0.825294 2 2 3
5.54474 0.826382 0.826382 2 2 3
5.5348 0.827477 0.827477 2 2 3
5.52486 0.828579 0.828579 2 2 3
5.51492 0.829688 0.829688 2 2 3
5.50499 0.830805 0.830805 2 2 3
5.49505 0.831929 0.831929 2 2 3
5.48511 0.833061 0.833061 2 2 3
5.47518 0.834201 0.834201 2 2 3
5.46525 0.835348 0.835348 2 2 3
5.45531 0.836503 0.836503 2 2 3
5.44538 0.837666 0.837666 2 2 3
5.43545 0.838837 0.838837 2 2 3
5.42552 0.840016 0.840016 2 2 3
5.41559 0.841203 0.841203 2 2 3
5.40566 0.842398 0.842398 2 2 3
5.39573 0.843602 0.843602 2 2 3
5.38581 0.844815 0.844815 2 2 3
5.37588 0.846036 0.846036 2 2 3
5.36596 0.847266 0.847266 2 2 3
5.35604 0.848505 0.848505 2 2 3
5.34611 0.849752 0.849752 2 2 3
5.33619 0.851009 0.851009 2 2 3
5.32627 0.852275 0.852275 2 2 3
5.31635 0.853551 0.853551 2 2 3
5.30644 0.854835 0.854835 2 2 3
5.29652 0.85613 0.85613 2 2 3
5.28661 0.857434 0.857434 2 2 3
5.27669 0.858747 0.858747 2 2 3
5.26678 0.860071 0.860071 2 2 3
5.25687 0.861405 0.861405 2 2 3
5.24696 0.862749 0.862749 2 2 3
5.23705 0.864104 0.864104 2 2 3
5.22715 0.865468 0.865468 2 2 3
5.21724 0.866844 0.866844 2 2 3
5.20734 0.86823 0.86823 2 2 3
5.19744 0.869628 0.869628 2 2 3
5.18754 0.871036 0.871036 2 2 3
5.17764 0.872456 0.872456 2 2 3
5.16774 0.873887 0.873887 2 2 3
5.15785 0.875329 0.875329 2 2 3
5.14795 0.876784 0.876784 2 2 3
5.13806 0.87825 0.87825 2 2 3
5.12817 0.879728 0.879728 2 2 3
5.11828 0.881219 0.881219 2 2 3
5.10839 0.882722 0.882722 2 2 3
5.09851 0.884237 0.884237 2 2 3
5.08863 0.885766 0.885766 2 2 3
5.07875 0.887307 0.887307 2 2 3
5.06887 0.888862 0.888862 2 2 3
5.05899 0.89043 0.89043 2 2 3
5.04912 0.892011 0.892011 2 2 3
5.03925 0.893607 0.893607 2 2 3
5.02938 0.895216 0.895216 2 2 3
5.01951 0.896839 0.896839 2 2 3
5.00964 0.898477 0.898477 2 2 3
4.99978 0.90013 0.90013 2 2 3
4.98992 0.901797 0.901797 2 2 3
4.98006 0.90348 0.90348 2 2 3
4.97021 0.905178 0.905178 2 2 3
4.96036 0.906891 0.906891 2 2 3
4.95051 0.908621 0.908621 2 2 3
4.94066 0.910366 0.910366 2 2 3
4.93082 0.912128 0.912128 2 2 3
4.92098 0.913907 0.913907 2 2 3
4.91114 0.915702 0.915702 2 2 3
4.90131 0.917515 0.917515 2 2 3
4.89147 0.919345 0.919345 2 2 3
4.88165 0.921193 0.921193 2 2 3
4.87182 0.923059 0.923059 2 2 3
4.862 0.924943 0.924943 2 2 3
4.85218 0.926846 0.926846 2 2 3
4.84237 0.928768 0.928768 2 2 3
4.83256 0.930709 0.930709 2 2 3
4.82275 0.93267 0.93267 2 2 3
4.81295 0.934651 0.934651 2 2 3
4.80315 0.936653 0.936653 2 2 3
4.79336 0.938675 0.938675 2 2 3
4.78357 0.940718 0.940718 2 2 3
4.77379 0.942783 0.942783 2 2 3
4.76401 0.944869 0.944869 2 2 3
4.75423 0.946978 0.946978 2 2 3
4.74446 0.949109 0.949109 2 2 3
4.7347 0.951264 0.951264 2 2 3
4.72494 0.953442 0.953442 2 2 3
4.71518 0.955644 0.955644 2 2 3
4.70543 0.95787 0.95787 2 2 3
4.69569 0.960122 0.960122 2 2 3
4.68595 0.962398 0.962398 2 2 3
4.67622 0.964701 0.964701 2 2 3
4.6665 0.967029 0.967029 2 2 3
4.65678 0.969385 0.969385 2 2 3
4.64706 0.971768 0.971768 2 2 3
4.63736 0.974178 0.974178 2 2 3
4.62766 0.976617 0.976617 2 2 3
4.61797 0.979085 0.979085 2 2 3
4.60829 0.981583 0.981583 2 2 3
4.59861 0.98411 0.98411 2 2 3
4.58894 0.986669 0.986669 2 2 3
4.57929 0.989259 0.989259 2 2 3
4.56964 0.99188 0.99188 2 2 3
4.55999 0.994535 0.994535 2 2 3
4.55036 0.997222 0.997222 2 2 3
4.54074 0.999944 0.999944 2 2 3
4.53113 1.0027 1.0027 2 2 3
4.52152 1.00549 1.00549 2 2 3
4.51193 1.00832 1.00832 2 2 3
4.50235 1.01118 1.01118 2 2 3
4.49278 1.01409 1.01409 2 2 3
4.48322 1.01703 1.01703 2 2 3
4.47368 1.02001 1.02001 2 2 3
4.46414 1.02303 1.02303 2 2 3
4.45462 1.02609 1.02609 2 2 3
4.44512 1.02919 1.02919 2 2 3
4.43562 1.03234 1.03234 2 2 3
4.42615 1.03553 1.03553 2 2 3
4.41668 1.03877 1.03877 2 2 3
4.40724 1.04205 1.04205 2 2 3
4.39781 1.04537 1.04537 2 2 3
4.38839 1.04875 1.04875 2 2 3
4.379 1.05217 1.05217 2 2 3
4.36962 1.05564 1.05564 2 2 3
4.36026 1.05917 1.05917 2 2 3
4.35092 1.06274 1.06274 2 2 3
4.3416 1.06637 1.06637 2 2 3
4.3323 1.07006 1.07006 2 2 3
4.32303 1.0738 1.0738 2 2 3
4.31378 1.07759 1.07759 2 2 3
4.30455 1.08144 1.08144 2 2 3
4.29534 1.08536 1.08536 2 2 3
4.28617 1.08933 1.08933 2 2 3
4.27702 1.09337 1.09337 2 2 3
4.26789 1.09746 1.09746 2 2 3
4.2588 1.10163 1.10163 2 2 3
4.24974 1.10586 1.10586 2 2 3
4.24071 1.11015 1.11015 2 2 3
4.23171 1.11452 1.11452 2 2 3
4.22274 1.11895 1.11895 2 2 3
4.21382 1.12346 1.12346 2 2 3
4.20493 1.12803 1.12803 2 2 3
4.19607 1.13269 1.13269 2 2 3
4.18726 1.13742 1.13742 2 2 3
4.17849 1.14222 1.14222 2 2 3
4.16976 1.14711 1.14711 2 2 3
4.16108 1.15207 1.15207 2 2 3
4.15245 1.15712 1.15712 2 2 3
4.14386 1.16225 1.16225 2 2 3
4.13533 1.16746 1.16746 2 2 3
4.12684 1.17276 1.17276 2 2 3
4.11842 1.17815 1.17815 2 2 3
4.11005 1.18362 1.18362 2 2 3
4.10174 1.18919 1.18919 2 2 3
4.09349 1.19484 1.19484 2 2 3
4.0853 1.20059 1.20059 2 2 3
4.07718 1.20643 1.20643 2 2 3
4.06913 1.21236 1.21236 2 2 3
4.06115 1.21839 1.21839 2 2 3
4.05324 1.22452 1.22452 2 2 3
4.04541 1.23074 1.23074 2 2 3
4.03765 1.23706 1.23706 2 2 3
4.02998 1.24347 1.24347 2 2 3
4.02239 1.24999 1.24999 2 2 3
4.01488 1.2566 1.2566 2 2 3
4.00747 1.26331 1.26331 2 2 3
4.00014 1.27012 1.27012 2 2 3
3.9929 1.27702 1.27702 2 2 3
3.98576 1.28403 1.28403 2 2 3
3.97872 1.29113 1.29113 2 2 3
3.97177 1.29833 1.29833 2 2 3
3.96493 1.30562 1.30562 2 2 3
3.95819 1.31302 1.31302 2 2 3
3.95155 1.3205 1.3205 2 2 3
3.94502 1.32808 1.32808 2 2 3
3.9386 1.33575 1.33575 2 2 3
3.93229 1.34351 1.34351 2 2 3
3.92609 1.35136 1.35136 2 2 3
3.92 1.35929 1.35929 2 2 3
3.91402 1.36731 1.36731 2 2 3
3.90816 1.37542 1.37542 2 2 3
3.90241 1.3836 1.3836 2 2 3
3.89678 1.39187 1.39187 2 2 3
3.89126 1.40021 1.40021 2 2 3
3.88585 1.40863 1.40863 2 2 3
3.88056 1.41712 1.41712 2 2 3
3.87539 1.42568 1.42568 2 2 3
3.87032 1.43431 1.43431 2 2 3
3.86538 1.443 1.443 2 2 3
3.86054 1.45175 1.45175 2 2 3
3.85582 1.46057 1.46057 2 2 3
3.8512 1.46945 1.46945 2 2 3
3.8467 1.47838 1.47838 2 2 3
3.8423 1.48736 1.48736 2 2 3
3.83801 1.4964 1.4964 2 2 3
3.83383 1.50548 1.50548 2 2 3
3.82975 1.51461 1.51461 2 2 3
3.82577 1.52379 1.52379 2 2 3
3.8219 1.53301 1.53301 2 2 3
3.81812 1.54227 1.54227 2 2 3
3.81444 1.55157 1.55157 2 2 3
3.81085 1.56091 1.56091 2 2 3
3.80735 1.57028 1.57028 2 2 3
3.80395 1.57968 1.57968 2 2 3
3.80064 1.58912 1.58912 2 2 3
3.79741 1.59859 1.59859 2 2 3
3.79427 1.60808 1.60808 2 2 3
3.79121 1.6176 1.6176 2 2 3
3.78823 1.62715 1.62715 2 2 3
3.78533 1.63672 1.63672 2 2 3
3.7825 1.64631 1.64631 2 2 3
3.77975 1.65593 1.65593 2 2 3
3.77708 1.66557 1.66557 2 2 3
3.77448 1.67522 1.67522 2 2 3
3.77194 1.6849 1.6849 2 2 3
3.76947 1.69459 1.69459 2 2 3
3.76707 1.7043 1.7043 2 2 3
3.76473 1.71402 1.71402 2 2 3
3.76246 1.72376 1.72376 2 2 3
3.76024 1.73351 1.73351 2 2 3
3.75808 1.74328 1.74328 2 2 3
3.75598 1.75305 1.75305 2 2 3
3.75394 1.76284 1.76284 2 2 3
3.75195 1.77264 1.77264 2 2 3
3.75001 1.78245 1.78245 2 2 3
3.74812 1.79227 1.79227 2 2 3
3.74628 1.8021 1.8021 2 2 3
3.74449 1.81194 1.81194 2 2 3
3.74275 1.82179 1.82179 2 2 3
3.74105 1.83164 1.83164 2 2 3
3.73939 1.84151 1.84151 2 2 3
3.73778 1.85138 1.85138 2 2 3
3.73621 1.86125 1.86125 2 2 3
3.73468 1.87113 1.87113 2 2 3
3.73318 1.88102 1.88102 2 2 3
3.73173 1.89092 1.89092 2 2 3
3.73031 1.90082 1.90082 2 2 3
3.72893 1.91072 1.91072 2 2 3
3.72758 1.92063 1.92063 2 2 3
3.72627 1.93054 1.93054 2 2 3
3.72499 1.94046 1.94046 2 2 3
3.72374 1.95038 1.95038 2 2 3
3.72252 1.96031 1.96031 2 2 3
3.72133 1.97024 1.97024 2 2 3
3.72017 1.98017 1.98017 2 2 3
3.71904 1.99011 1.99011 2 2 3
3.71794 2.00004 2.00004 2 2 3
3.71687 2.00999 2.00999 2 2 3
3.71581 2.01993 2.01993 2 2 3
3.71479 2.02988 2.02988 2 2 3
3.71379 2.03983 2.03983 2 2 3
3.71281 2.04978 2.04978 2 2 3
3.71186 2.05974 2.05974 2 2 3
3.71093 2.06969 2.06969 2 2 3
3.71002 2.07965 2.07965 2 2 3
3.70913 2.08961 2.08961 2 2 3
3.70827 2.09957 2.09957 2 2 3
3.70742 2.10954 2.10954 2 2 3
3.70659 2.1195 2.1195 2 2 3
3.70578 2.12947 2.12947 2 2 3
3.70499 2.13944 2.13944 2 2 3
3.70422 2.14941 2.14941 2 2 3
3.70347 2.15938 2.15938 2 2 3
3.70273 2.16936 2.16936 2 2 3
3.70201 2.17933 2.17933 2 2 3
3.70131 2.1893 2.1893 2 2 3
3.70062 2.19928 2.19928 2 2 3
3.69995 2.20926 2.20926 2 2 3
3.69929 2.21924 2.21924 2 2 3
3.69865 2.22922 2.22922 2 2 3
3.69802 2.2392 2.2392 2 2 3
3.6974 2.24918 2.24918 2 2 3
3.6968 2.25916 2.25916 2 2 3
3.69621 2.26914 2.26914 2 2 3
3.69564 2.27913 2.27913 2 2 3
3.69507 2.28911 2.28911 2 2 3
3.69452 2.29909 2.29909 2 2 3
3.69398 2.30908 2.30908 2 2 3
3.69346 2.31907 2.31907 2 2 3
3.69294 2.32905 2.32905 2 2 3
3.69243 2.33904 2.33904 2 2 3
3.69194 2.34903 2.34903 2 2 3
3.69145 2.35902 2.35902 2 2 3
3.69098 2.369 2.369 2 2 3
3.69051 2.37899 2.37899 2 2 3
3.69006 2.38898 2.38898 2 2 3
3.68961 2.39897 2.39897 2 2 3
3.68918 2.40896 2.40896 2 2 3
3.68875 2.41895 2.41895 2 2 3
3.68833 2.42895 2.42895 2 2 3
3.68792 2.43894 2.43894 2 2 3
3.68752 2.44893 2.44893 2 2 3
3.68712 2.45892 2.45892 2 2 3
3.68674 2.46891 2.46891 2 2 3
3.68636 2.47891 2.47891 2 2 3
3.68599 2.4889 2.4889 2 2 3
3.68563 2.49889 2.49889 2 2 3
3.68527 2.50889 2.50889 2 2 3
3.68492 2.51888 2.51888 2 2 3
3.68458 2.52888 2.52888 2 2 3
3.68424 2.53887 2.53887 2 2 3
3.68391 2.54886 2.54886 2 2 3
3.68359 2.55886 2.55886 2 2 3
3.68327 2.56885 2.56885 2 2 3
3.68296 2.57885 2.57885 2 2 3
3.68266 2.58884 2.58884 2 2 3
3.68236 2.59884 2.59884 2 2 3
3.68207 2.60884 2.60884 2 2 3
3.68178 2.61883 2.61883 2 2 3
3.6815 2.62883 2.62883 2 2 3
3.68122 2.63882 2.63882 2 2 3
3.68095 2.64882 2.64882 2 2 3
3.68068 2.65882 2.65882 2 2 3
3.68042 2.66881 2.66881 2 2 3
3.68016 2.67881 2.67881 2 2 3
3.67991 2.68881 2.68881 2 2 3
3.67966 2.6988 2.6988 2 2 3
3.67942 2.7088 2.7088 2 2 3
3.67918 2.7188 2.7188 2 2 3
3.67895 2.7288 2.7288 2 2 3
3.67872 2.73879 2.73879 2 2 3
3.67849 2.74879 2.74879 2 2 3
3.67827 2.75879 2.75879 2 2 3
3.67806 2.76879 2.76879 2 2 3
3.67784 2.77878 2.77878 2 2 3
3.67763 2.78878 2.78878 2 2 3
3.67743 2.79878 2.79878 2 2 3
3.67722 2.80878 2.80878 2 2 3
3.67702 2.81877 2.81877 2 2 3
3.67683 2.82877 2.82877 2 2 3
3.67664 2.83877 2.83877 2 2 3
3.67645 2.84877 2.84877 2 2 3
3.67626 2.85877 2.85877 2 2 3
3.67608 2.86877 2.86877 2 2 3
3.6759 2.87876 2.87876 2 2 3
3.67573 2.88876 2.88876 2 2 3
3.67555 2.89876 2.89876 2 2 3
3.67538 2.90876 2.90876 2 2 3
3.67522 2.91876 2.91876 2 2 3
3.67505 2.92876 2.92876 2 2 3
3.67489 2.93876 2.93876 2 2 3
3.67473 2.94875 2.94875 2 2 3
3.67458 2.95875 2.95875 2 2 3
3.67442 2.96875 2.96875 2 2 3
3.67427 2.97875 2.97875 2 2 3
3.67412 2.98875 2.98875 2 2 3
3.67398 2.99875 2.99875 2 2 3
3.67383 3.00875 3.00875 2 2 3
3.67369 3.01875 3.01875 2 2 3
3.67355 3.02875 3.02875 2 2 3
3.67342 3.03875 3.03875 2 2 3
3.67328 3.04874 3.04874 2 2 3
3.67315 3.05874 3.05874 2 2 3
3.67302 3.06874 3.06874 2 2 3
3.67289 3.07874 3.07874 2 2 3
3.67277 3.08874 3.08874 2 2 3
3.67264 3.09874 3.09874 2 2 3
3.67252 3.10874 3.10874 2 2 3
3.6724 3.11874 3.11874 2 2 3
3.67228 3.12874 3.12874 2 2 3
3.67217 3.13874 3.13874 2 2 3
3.67205 3.14874 3.14874 2 2 3
3.67194 3.15874 3.15874 2 2 3
3.67183 3.16874 3.16874 2 2 3
3.67172 3.17873 3.17873 2 2 3
3.67161 3.18873 3.18873 2 2 3
3.67151 3.19873 3.19873 2 2 3
3.6714 3.20873 3.20873 2 2 3
3.6713 3.21873 3.21873 2 2 3
3.6712 3.22873 3.22873 2 2 3
3.6711 3.23873 3.23873 2 2 3
3.671 3.24873 3.24873 2 2 3
3.67091 3.25873 3.25873 2 2 3
3.67081 3.26873 3.26873 2 2 3
3.67072 3.27873 3.27873 2 2 3
3.67063 3.28873 3.28873 2 2 3
3.67054 3.29873 3.29873 2 2 3
3.67045 3.30873 3.30873 2 2 3
3.67036 3.31873 3.31873 2 2 3
3.67027 3.32873 3.32873 2 2 3
3.67019 3.33873 3.33873 2 2 3
3.6701 3.34873 3.34873 2 2 3
3.67002 3.35873 3.35873 2 2 3
3.66994 3.36873 3.36873 2 2 3
3.66986 3.37873 3.37873 2 2 3
3.66978 3.38873 3.38873 2 2 3
3.6697 3.39873 3.39873 2 2 3
3.66963 3.40873 3.40873 2 2 3
3.66955 3.41872 3.41872 2 2 3
3.66948 3.42872 3.42872 2 2 3
3.6694 3.43872 3.43872 2 2 3
3.66933 3.44872 3.44872 2 2 3
3.66926 3.45872 3.45872 2 2 3
3.66919 3.46872 3.46872 2 2 3
3.66912 3.47872 3.47872 2 2 3
3.66905 3.48872 3.48872 2 2 3
3.66898 3.49872 3.49872 2 2 3
3.66892 3.50872 3.50872 2 2 3
3.66885 3.51872 3.51872 2 2 3
3.66879 3.52872 3.52872 2 2 3
3.66872 3.53872 3.53872 2 2 3
3.66866 3.54872 3.54872 2 2 3
3.6686 3.55872 3.55872 2 2 3
3.66854 3.56872 3.56872 2 2 3
3.66848 3.57872 3.57872 2 2 3
3.66842 3.58872 3.58872 2 2 3
3.66836 3.59872 3.59872 2 2 3
3.6683 3.60872 3.60872 2 2 3
3.66824 3.61872 3.61872 2 2 3
3.66819 3.62872 3.62872 2 2 3
3.66813 3.63872 3.63872 2 2 3
3.66808 3.64872 3.64872 2 2 3
3.66802 3.65872 3.65872 2 2 3
3.66797 3.66872 3.66872 2 2 3
3.66792 3.67872 3.67872 2 2 3
3.66787 3.68872 3.68872 2 2 3
3.66782 3.69872 3.69872 2 2 3
3.66777 3.70872 3.70872 2 2 3
3.66772 3.71872 3.71872 2 2 3
3.66767 3.72872 3.72872 2 2 3
3.66762 3.73872 3.73872 2 2 3
3.66757 3.74872 3.74872 2 2 3
3.66752 3.75872 3.75872 2 2 3
3.66748 3.76872 3.76872 2 2 3
3.66743 3.77872 3.77872 2 2 3
3.66739 3.78872 3.78872 2 2 3
3.66734 3.79872 3.79872 2 2 3
3.6673 3.80872 3.80872 2 2 3
3.66725 3.81872 3.81872 2 2 3
3.66721 3.82872 3.82872 2 2 3
3.66717 3.83872 3.83872 2 2 3
3.66713 3.84872 3.84872 2 2 3
3.66709 3.85872 3.85872 2 2 3
3.66704 3.86872 3.86872 2 2 3
3.667 3.87872 3.87872 2 2 3
3.66696 3.88872 3.88872 2 2 3
3.66693 3.89872 3.89872 2 2 3
3.66689 3.90872 3.90872 2 2 3
3.66685 3.91872 3.91872 2 2 3
3.66681 3.92872 3.92872 2 2 3
3.66677 3.93872 3.93872 2 2 3
3.66674 3.94872 3.94872 2 2 3
3.6667 3.95872 3.95872 2 2 3
3.66666 3.96872 3.96872 2 2 3
3.66663 3.97872 3.97872 2 2 3
3.66659 3.98872 3.98872 2 2 3
3.66656 3.99872 3.99872 2 2 3
3.66653 4.00872 4.00872 2 2 3
3.66649 4.01872 4.01872 2 2 3
3.66646 4.02872 4.02872 2 2 3
3.66643 4.03872 4.03872 2 2 3
3.66639 4.04872 4.04872 2 2 3
3.66636 4.05872 4.05872 2 2 3
3.66633 4.06872 4.06872 2 2 3
3.6663 4.07872 4.07872 2 2 3
3.66627 4.08872 4.08872 2 2 3
3.66624 4.09872 4.09872 2 2 3
3.66621 4.10872 4.10872 2 2 3
3.66618 4.11872 4.11872 2 2 3
3.66615 4.12872 4.12872 2 2 3
3.66612 4.13872 4.13872 2 2 3
3.66609 4.14872 4.14872 2 2 3
3.66606 4.15872 4.15872 2 2 3
3.66603 4.16872 4.16872 2 2 3
3.66601 4.17872 4.17872 2 2 3
3.66598 4.18872 4.18872 2 2 3
3.66595 4.19872 4.19872 2 2 3
3.66592 4.20872 4.20872 2 2 3
3.6659 4.21872 4.21872 2 2 3
3.66587 4.22872 4.22872 2 2 3
3.66585 4.23872 4.23872 2 2 3
3.66582 4.24872 4.24872 2 2 3
3.6658 4.25872 4.25872 2 2 3
3.66577 4.26872 4.26872 2 2 3
3.66575 4.27872 4.27872 2 2 3
3.66572 4.28872 4.28872 2 2 3
3.6657 4.29872 4.29872 2 2 3
3.66567 4.30872 4.30872 2 2 3
3.66565 4.31872 4.31872 2 2 3
3.66563 4.32872 4.32872 2 2 3
3.6656 4.33872 4.33872 2 2 3
3.66558 4.34872 4.34872 2 2 3
3.66556 4.35872 4.35872 2 2 3
3.66554 4.36872 4.36872 2 2 3
3.66551 4.37872 4.37872 2 2 3
3.66549 4.38872 4.38872 2 2 3
3.66547 4.39872 4.39872 2 2 3
3.66545 4.40872 4.40872 2 2 3
3.66543 4.41872 4.41872 2 2 3
3.66541 4.42872 4.42872 2 2 3
3.66539 4.43872 4.43872 2 2 3
3.66537 4.44872 4.44872 2 2 3
3.66535 4.45872 4.45872 2 2 3
3.66533 4.46872 4.46872 2 2 3
3.66531 4.47872 4.47872 2 2 3
3.66529 4.48872 4.48872 2 2 3
3.66527 4.49872 4.49872 2 2 3
3.66525 4.50872 4.50872 2 2 3
3.66523 4.51872 4.51872 2 2 3
3.66521 4.52872 4.52872 2 2 3
3.6652 4.53872 4.53872 2 2 3
3.66518 4.54872 4.54872 2 2 3
3.66516 4.55872 4.55872 2 2 3
3.66514 4.56872 4.56872 2 2 3
3.66512 4.57871 4.57871 2 2 3
3.66511 4.58871 4.58871 2 2 3
3.66509 4.59871 4.59871 2 2 3
3.66507 4.60871 4.60871 2 2 3
3.66506 4.61871 4.61871 2 2 3
3.66504 4.62871 4.62871 2 2 3
3.66502 4.63871 4.63871 2 2 3
3.66501 4.64871 4.64871 2 2 3
3.66499 4.65871 4.65871 2 2 3
3.66497 4.66871 4.66871 2 2 3
3.66496 4.67871 4.67871 2 2 3
3.66494 4.68871 4.68871 2 2 3
3.66493 4.69871 4.69871 2 2 3
3.66491 4.70871 4.70871 2 2 3
3.6649 4.71871 4.71871 2 2 3
3.66488 4.72871 4.72871 2 2 3
3.66487 4.73871 4.73871 2 2 3
3.66485 4.74871 4.74871 2 2 3
3.66484 4.75871 4.75871 2 2 3
3.66482 4.76871 4.76871 2 2 3
3.66481 4.77871 4.77871 2 2 3
3.6648 4.78871 4.78871 2 2 3
3.66478 4.79871 4.79871 2 2 3
3.66477 4.80871 4.80871 2 2 3
3.66476 4.81871 4.81871 2 2 3
3.66474 4.82871 4.82871 2 2 3
3.66473 4.83871 4.83871 2 2 3
3.66472 4.84871 4.84871 2 2 3
3.6647 4.85871 4.85871 2 2 3
3.66469 4.86871 4.86871 2 2 3
3.66468 4.87871 4.87871 2 2 3
3.66466 4.88871 4.88871 2 2 3
3.66465 4.89871 4.89871 2 2 3
3.66464 4.90871 4.90871 2 2 3
3.66463 4.91871 4.91871 2 2 3
3.66461 4.92871 4.92871 2 2 3
3.6646 4.93871 4.93871 2 2 3
3.66459 4.94871 4.94871 2 2 3
3.66458 4.95871 4.95871 2 2 3
3.66457 4.96871 4.96871 2 2 3
3.66456 4.97871 4.97871 2 2 3
3.66454 4.98871 4.98871 2 2 3
3.66453 4.99871 4.99871 2 2 3
3.66452 5.00871 5.00871 2 2 3
3.66451 5.01871 5.01871 2 2 3
3.6645 5.02871 5.02871 2 2 3
3.66449 5.03871 5.03871 2 2 3
3.66448 5.04871 5.04871 2 2 3
3.66447 5.05871 5.05871 2 2 3
3.66446 5.06871 5.06871 2 2 3
3.66445 5.07871 5.07871 2 2 3
3.66444 5.08871 5.08871 2 2 3
3.66443 5.09871 5.09871 2 2 3
3.66442 5.10871 5.10871 2 2 3
3.66441 5.11871 5.11871 2 2 3
3.6644 5.12871 5.12871 2 2 3
3.66439 5.13871 5.13871 2 2 3
3.66438 5.14871 5.14871 2 2 3
3.66437 5.15871 5.15871 2 2 3
3.66436 5.16871 5.16871 2 2 3
3.66435 5.17871 5.17871 2 2 3
3.66434 5.18871 5.18871 2 2 3
3.66433 5.19871 5.19871 2 2 3
3.66432 5.20871 5.20871 2 2 3
3.66431 5.21871 5.21871 2 2 3
3.6643 5.22871 5.22871 2 2 3
3.66429 5.23871 5.23871 2 2 3
3.66428 5.24871 5.24871 2 2 3
3.66428 5.25871 5.25871 2 2 3
3.66427 5.26871 5.26871 2 2 3
3.66426 5.27871 5.27871 2 2 3
3.66425 5.28871 5.28871 2 2 3
3.66424 5.29871 5.29871 2 2 3
3.66423 5.30871 5.30871 2 2 3
3.66422 5.31871 5.31871 2 2 3
3.66422 5.32871 5.32871 2 2 3
3.66421 5.33871 5.33871 2 2 3
3.6642 5.34871 5.34871 2 2 3
3.66419 5.35871 5.35871 2 2 3
3.66418 5.36871 5.36871 2 2 3
3.66418 5.37871 5.37871 2 2 3
3.66417 5.38871 5.38871 2 2 3
3.66416 5.39871 5.39871 2 2 3
3.66415 5.40871 5.40871 2 2 3
3.66415 5.41871 5.41871 2 2 3
3.66414 5.42871 5.42871 2 2 3
3.66413 5.43871 5.43871 2 2 3
3.66412 5.44871 5.44871 2 2 3
3.66412 5.45871 5.45871 2 2 3
3.66411 5.46871 5.46871 2 2 3
3.6641 5.47871 5.47871 2 2 3
3.66409 5.48871 5.48871 2 2 3
3.66409 5.49871 5.49871 2 2 3
3.66408 5.50871 5.50871 2 2 3
3.66407 5.51871 5.51871 2 2 3
3.66407 5.52871 5.52871 2 2 3
3.66406 5.53871 5.53871 2 2 3
3.66405 5.54871 5.54871 2 2 3
3.66405 5.55871 5.55871 2 2 3
3.66404 5.56871 5.56871 2 2 3
3.66403 5.57871 5.57871 2 2 3
3.66403 5.58871 5.58871 2 2 3
3.66402 5.59871 5.59871 2 2 3
3.66401 5.60871 5.60871 2 2 3
3.66401 5.61871 5.61871 2 2 3
3.664 5.62871 5.62871 2 2 3
3.664 5.63871 5.63871 2 2 3
3.66399 5.64871 5.64871 2 2 3
3.66398 5.65871 5.65871 2 2 3
3.66398 5.66871 5.66871 2 2 3
3.66397 5.67871 5.67871 2 2 3
3.66397 5.68871 5.68871 2 2 3
3.66396 5.69871 5.69871 2 2 3
3.66395 5.70871 5.70871 2 2 3
3.66395 5.71871 5.71871 2 2 3
3.66394 5.72871 5.72871 2 2 3
3.66394 5.73871 5.73871 2 2 3
3.66393 5.74871 5.74871 2 2 3
3.66393 5.75871 5.75871 2 2 3
3.66392 5.76871 5.76871 2 2 3
3.66391 5.77871 5.77871 2 2 3
3.66391 5.78871 5.78871 2 2 3
3.6639 5.79871 5.79871 2 2 3
3.6639 5.80871 5.80871 2 2 3
3.66389 5.81871 5.81871 2 2 3
3.66389 5.82871 5.82871 2 2 3
3.66388 5.83871 5.83871 2 2 3
3.66388 5.84871 5.84871 2 2 3
3.66387 5.85871 5.85871 2 2 3
3.66387 5.86871 5.86871 2 2 3
3.66386 5.87871 5.87871 2 2 3
3.66386 5.88871 5.88871 2 2 3
3.66385 5.89871 5.89871 2 2 3
3.66385 5.90871 5.90871 2 2 3
3.66384 5.91871 5.91871 2 2 3
3.66384 5.92871 5.92871 2 2 3
3.66383 5.93871 5.93871 2 2 3
3.66383 5.94871 5.94871 2 2 3
3.66382 5.95871 5.95871 2 2 3
3.66382 5.96871 5.96871 2 2 3
3.66381 5.97871 5.97871 2 2 3
3.66381 5.98871 5.98871 2 2 3
3.66381 5.99871 5.99871 2 2 3
3.6638 6.00871 6.00871 2 2 3
3.6638 6.01871 6.01871 2 2 3
3.66379 6.02871 6.02871 2 2 3
3.66379 6.03871 6.03871 2 2 3
3.66378 6.04871 6.04871 2 2 3
3.66378 6.05871 6.05871 2 2 3
3.66377 6.06871 6.06871 2 2 3
3.66377 6.07871 6.07871 2 2 3
3.66377 6.08871 6.08871 2 2 3
3.66376 6.09871 6.09871 2 2 3
3.66376 6.10871 6.10871 2 2 3
3.66375 6.11871 6.11871 2 2 3
3.66375 6.12871 6.12871 2 2 3
3.66375 6.13871 6.13871 2 2 3
3.66374 6.14871 6.14871 2 2 3
3.66374 6.15871 6.15871 2 2 3
3.66373 6.16871 6.16871 2 2 3
3.66373 6.17871 6.17871 2 2 3
3.66373 6.18871 6.18871 2 2 3
3.66372 6.19871 6.19871 2 2 3
3.66372 6.20871 6.20871 2 2 3
3.66371 6.21871 6.21871 2 2 3
3.66371 6.22871 6.22871 2 2 3
3.66371 6.23871 6.23871 2 2 3
3.6637 6.24871 6.24871 2 2 3
3.6637 6.25871 6.25871 2 2 3
3.6637 6.26871 6.26871 2 2 3
3.66369 6.27871 6.27871 2 2 3
3.66369 6.28871 6.28871 2 2 3
3.66369 6.29871 6.29871 2 2 3
3.66368 6.30871 6.30871 2 2 3
3.66368 6.31871 6.31871 2 2 3
3.66367 6.32871 6.32871 2 2 3
3.66367 6.33871 6.33871 2 2 3
3.66367 6.34871 6.34871 2 2 3
3.66366 6.35871 6.35871 2 2 3
3.66366 6.36871 6.36871 2 2 3
3.66366 6.37871 6.37871 2 2 3
3.66365 6.38871 6.38871 2 2 3
3.66365 6.39871 6.39871 2 2 3
3.66365 6.40871 6.40871 2 2 3
3.66364 6.41871 6.41871 2 2 3
3.66364 6.42871 6.42871 2 2 3
3.66364 6.43871 6.43871 2 2 3
3.66364 6.44871 6.44871 2 2 3
3.66363 6.45871 6.45871 2 2 3
3.66363 6.46871 6.46871 2 2 3
3.66363 6.47871 6.47871 2 2 3
3.66362 6.48871 6.48871 2 2 3
3.66362 6.49871 6.49871 2 2 3
3.66362 6.50871 6.50871 2 2 3
3.66361 6.51871 6.51871 2 2 3
3.66361 6.52871 6.52871 2 2 3
3.66361 6.53871 6.53871 2 2 3
3.6636 6.54871 6.54871 2 2 3
3.6636 6.55871 6.55871 2 2 3
3.6636 6.56871 6.56871 2 2 3
3.6636 6.57871 6.57871 2 2 3
3.66359 6.58871 6.58871 2 2 3
3.66359 6.59871 6.59871 2 2 3
3.66359 6.60871 6.60871 2 2 3
3.66359 6.61871 6.61871 2 2 3
3.66358 6.62871 6.62871 2 2 3
3.66358 6.63871 6.63871 2 2 3
3.66358 6.64871 6.64871 2 2 3
3.66357 6.65871 6.65871 2 2 3
3.66357 6.66871 6.66871 2 2 3
3.66357 6.67871 6.67871 2 2 3
3.66357 6.68871 6.68871 2 2 3
3.66356 6.69871 6.69871 2 2 3
3.66356 6.70871 6.70871 2 2 3
3.66356 6.71871 6.71871 2 2 3
3.66356 6.72871 6.72871 2 2 3
3.66355 6.73871 6.73871 2 2 3
3.66355 6.74871 6.74871 2 2 3
3.66355 6.75871 6.75871 2 2 3
3.66355 6.76871 6.76871 2 2 3
3.66354 6.77871 6.77871 2 2 3
3.66354 6.78871 6.78871 2 2 3
3.66354 6.79871 6.79871 2 2 3
3.66354 6.80871 6.80871 2 2 3
3.66353 6.81871 6.81871 2 2 3
3.66353 6.82871 6.82871 2 2 3
3.66353 6.83871 6.83871 2 2 3
3.66353 6.84871 6.84871 2 2 3
3.66352 6.85871 6.85871 2 2 3
3.66352 6.86871 6.86871 2 2 3
3.66352 6.87871 6.87871 2 2 3
3.66352 6.88871 6.88871 2 2 3
3.66352 6.89871 6.89871 2 2 3
3.66351 6.90871 6.90871 2 2 3
3.66351 6.91871 6.91871 2 2 3
3.66351 6.92871 6.92871 2 2 3
3.66351 6.93871 6.93871 2 2 3
3.6635 6.94871 6.94871 2 2 3
3.6635 6.95871 6.95871 2 2 3
3.6635 6.96871 6.96871 2 2 3
3.6635 6.97871 6.97871 2 2 3
3.6635 6.98871 6.98871 2 2 3
3.66349 6.99871 6.99871 2 2 3
3.66349 7.00871 7.00871 2 2 3
3.66349 7.01871 7.01871 2 2 3
3.66349 7.02871 7.02871 2 2 3
3.66349 7.03871 7.03871 2 2 3
3.66348 7.04871 7.04871 2 2 3
3.66348 7.05871 7.05871 2 2 3
3.66348 7.06871 7.06871 2 2 3
3.66348 7.07871 7.07871 2 2 3
3.66348 7.08871 7.08871 2 2 3
3.66347 7.09871 7.09871 2 2 3
3.66347 7.10871 7.10871 2 2 3
3.66347 7.11871 7.11871 2 2 3
3.66347 7.12871 7.12871 2 2 3
3.66347 7.13871 7.13871 2 2 3
3.66346 7.14871 7.14871 2 2 3
3.66346 7.15871 7.15871 2 2 3
3.66346 7.16871 7.16871 2 2 3
3.66346 7.17871 7.17871 2 2 3
3.66346 7.18871 7.18871 2 2 3
3.66345 7.19871 7.19871 2 2 3
3.66345 7.20871 7.20871 2 2 3
3.66345 7.21871 7.21871 2 2 3
3.66345 7.22871 7.22871 2 2 3
3.66345 7.23871 7.23871 2 2 3
3.66345 7.24871 7.24871 2 2 3
3.66344 7.25871 7.25871 2 2 3
3.66344 7.26871 7.26871 2 2 3
3.66344 7.27871 7.27871 2 2 3
3.66344 7.28871 7.28871 2 2 3
3.66344 7.29871 7.29871 2 2 3
3.66344 7.30871 7.30871 2 2 3
3.66343 7.31871 7.31871 2 2 3
3.66343 7.32871 7.32871 2 2 3
3.66343 7.33871 7.33871 2 2 3
3.66343 7.34871 7.34871 2 2 3
3.66343 7.35871 7.35871 2 2 3
3.66343 7.36871 7.36871 2 2 3
3.66342 7.37871 7.37871 2 2 3
3.66342 7.38871 7.38871 2 2 3
3.66342 7.39871 7.39871 2 2 3
3.66342 7.40871 7.40871 2 2 3
3.66342 7.41871 7.41871 2 2 3
3.66342 7.42871 7.42871 2 2 3
3.66341 7.43871 7.43871 2 2 3
3.66341 7.44871 7.44871 2 2 3
3.66341 7.45871 7.45871 2 2 3
3.66341 7.46871 7.46871 2 2 3
3.66341 7.47871 7.47871 2 2 3
3.66341 7.48871 7.48871 2 2 3
3.66341 7.49871 7.49871 2 2 3
3.6634 7.50871 7.50871 2 2 3
3.6634 7.51871 7.51871 2 2 3
3.6634 7.52871 7.52871 2 2 3
3.6634 7.53871 7.53871 2 2 3
3.6634 7.54871 7.54871 2 2 3
3.6634 7.55871 7.55871 2 2 3
3.6634 7.56871 7.56871 2 2 3
3.66339 7.57871 7.57871 2 2 3
3.66339 7.58871 7.58871 2 2 3
3.66339 7.59871 7.59871 2 2 3
3.66339 7.60871 7.60871 2 2 3
3.66339 7.61871 7.61871 2 2 3
3.66339 7.62871 7.62871 2 2 3
3.66339 7.63871 7.63871 2 2 3
3.66338 7.64871 7.64871 2 2 3
3.66338 7.65871 7.65871 2 2 3
3.66338 7.66871 7.66871 2 2 3
3.66338 7.67871 7.67871 2 2 3
3.66338 7.68871 7.68871 2 2 3
3.66338 7.69871 7.69871 2 2 3
3.66338 7.70871 7.70871 2 2 3
3.66337 7.71871 7.71871 2 2 3
3.66337 7.72871 7.72871 2 2 3
3.66337 7.73871 7.73871 2 2 3
3.66337 7.74871 7.74871 2 2 3
3.66337 7.75871 7.75871 2 2 3
3.66337 7.76871 7.76871 2 2 3
3.66337 7.77871 7.77871 2 2 3
3.66337 7.78871 7.78871 2 2 3
3.66337 7.79871 7.79871 2 2 3
3.66336 7.80871 7.80871 2 2 3
3.66336 7.81871 7.81871 2 2 3
3.66336 7.82871 7.82871 2 2 3
3.66336 7.83871 7.83871 2 2 3
3.66336 7.84871 7.84871 2 2 3
3.66336 7.85871 7.85871 2 2 3
3.66336 7.86871 7.86871 2 2 3
3.66336 7.87871 7.87871 2 2 3
3.66335 7.88871 7.88871 2 2 3
3.66335 7.89871 7.89871 2 2 3
3.66335 7.90871 7.90871 2 2 3
3.66335 7.91871 7.91871 2 2 3
3.66335 7.92871 7.92871 2 2 3
3.66335 7.93871 7.93871 2 2 3
3.66335 7.94871 7.94871 2 2 3
3.66335 7.95871 7.95871 2 2 3
3.66335 7.96871 7.96871 2 2 3
3.66334 7.97871 7.97871 2 2 3
3.66334 7.98871 7.98871 2 2 3
3.66334 7.99871 7.99871 2 2 3
3.66334 8.00871 8.00871 2 2 3
3.66334 8.01871 8.01871 2 2 3
3.66334 8.02871 8.02871 2 2 3
3.66334 8.03871 8.03871 2 2 3
3.66334 8.04871 8.04871 2 2 3
3.66334 8.05871 8.05871 2 2 3
3.66333 8.06871 8.06871 2 2 3
3.66333 8.07871 8.07871 2 2 3
3.66333 8.08871 8.08871 2 2 3
3.66333 8.09871 8.09871 2 2 3
3.66333 8.10871 8.10871 2 2 3
3.66333 8.11871 8.11871 2 2 3
3.66333 8.12871 8.12871 2 2 3
3.66333 8.13871 8.13871 2 2 3
3.66333 8.14871 8.14871 2 2 3
3.66333 8.15871 8.15871 2 2 3
3.66332 8.16871 8.16871 2 2 3
3.66332 8.17871 8.17871 2 2 3
3.66332 8.18871 8.18871 2 2 3
3.66332 8.19871 8.19871 2 2 3
3.66332 8.20871 8.20871 2 2 3
3.66332 8.21871 8.21871 2 2 3
3.66332 8.22871 8.22871 2 2 3
3.66332 8.23871 8.23871 2 2 3
3.66332 8.24871 8.24871 2 2 3
3.66332 8.25871 8.25871 2 2 3
3.66332 8.26871 8.26871 2 2 3
3.66331 8.27871 8.27871 2 2 3
3.66331 8.28871 8.28871 2 2 3
3.66331 8.29871 8.29871 2 2 3
3.66331 8.30871 8.30871 2 2 3
3.66331 8.31871 8.31871 2 2 3
3.66331 8.32871 8.32871 2 2 3
3.66331 8.33871 8.33871 2 2 3
3.66331 8.34871 8.34871 2 2 3
3.66331 8.35871 8.35871 2 2 3
3.66331 8.36871 8.36871 2 2 3
3.66331 8.37871 8.37871 2 2 3
3.6633 8.38871 8.38871 2 2 3
3.6633 8.39871 8.39871 2 2 3
3.6633 8.40871 8.40871 2 2 3
3.6633 8.41871 8.41871 2 2 3
3.6633 8.42871 8.42871 2 2 3
3.6633 8.43871 8.43871 2 2 3
3.6633 8.44871 8.44871 2 2 3
3.6633 8.45871 8.45871 2 2 3
3.6633 8.46871 8.46871 2 2 3
3.6633 8.47871 8.47871 2 2 3
3.6633 8.48871 8.48871 2 2 3
3.6633 8.49871 8.49871 2 2 3
3.6633 8.50871 8.50871 2 2 3
3.66329 8.51871 8.51871 2 2 3
3.66329 8.52871 8.52871 2 2 3
3.66329 8.53871 8.53871 2 2 3
3.66329 8.54871 8.54871 2 2 3
3.66329 8.55871 8.55871 2 2 3
3.66329 8.56871 8.56871 2 2 3
3.66329 8.57871 8.57871 2 2 3
3.66329 8.58871 8.58871 2 2 3
3.66329 8.59871 8.59871 2 2 3
3.66329 8.60871 8.60871 2 2 3
3.66329 8.61871 8.61871 2 2 3
3.66329 8.62871 8.62871 2 2 3
3.66329 8.63871 8.63871 2 2 3
3.66328 8.64871 8.64871 2 2 3
3.66328 8.65871 8.65871 2 2 3
3.66328 8.66871 8.66871 2 2 3
3.66328 8.67871 8.67871 2 2 3
3.66328 8.68871 8.68871 2 2 3
3.66328 8.69871 8.69871 2 2 3
3.66328 8.70871 8.70871 2 2 3
3.66328 8.71871 8.71871 2 2 3
3.66328 8.72871 8.72871 2 2 3
3.66328 8.73871 8.73871 2 2 3
3.66328 8.74871 8.74871 2 2 3
3.66328 8.75871 8.75871 2 2 3
3.66328 8.76871 8.76871 2 2 3
3.66328 8.77871 8.77871 2 2 3
3.66327 8.78871 8.78871 2 2 3
3.66327 8.79871 8.79871 2 2 3
3.66327 8.80871 8.80871 2 2 3
3.66327 8.81871 8.81871 2 2 3
3.66327 8.82871 8.82871 2 2 3
3.66327 8.83871 8.83871 2 2 3
3.66327 8.84871 8.84871 2 2 3
3.66327 8.85871 8.85871 2 2 3
3.66327 8.86871 8.86871 2 2 3
3.66327 8.87871 8.87871 2 2 3
3.66327 8.88871 8.88871 2 2 3
3.66327 8.89871 8.89871 2 2 3
3.66327 8.90871 8.90871 2 2 3
3.66327 8.91871 8.91871 2 2 3
3.66327 8.92871 8.92871 2 2 3
3.66327 8.93871 8.93871 2 2 3
3.66326 8.94871 8.94871 2 2 3
3.66326 8.95871 8.95871 2 2 3
3.66326 8.96871 8.96871 2 2 3
3.66326 8.97871 8.97871 2 2 3
3.66326 8.98871 8.98871 2 2 3
3.66326 8.99871 8.99871 2 2 3
3.66326 9.00871 9.00871 2 2 3
3.66326 9.01871 9.01871 2 2 3
3.66326 9.02871 9.02871 2 2 3
3.66326 9.03871 9.03871 2 2 3
3.66326 9.04871 9.04871 2 2 3
3.66326 9.05871 9.05871 2 2 3
3.66326 9.06871 9.06871 2 2 3
3.66326 9.07871 9.07871 2 2 3
3.66326 9.08871 9.08871 2 2 3
3.66326 9.09871 9.09871 2 2 3
3.66326 9.10871 9.10871 2 2 3
3.66325 9.11871 9.11871 2 2 3
3.66325 9.12871 9.12871 2 2 3
3.66325 9.13871 9.13871 2 2 3
3.66325 9.14871 9.14871 2 2 3
3.66325 9.15871 9.15871 2 2 3
3.66325 9.16871 9.16871 2 2 3
3.66325 9.17871 9.17871 2 2 3
3.66325 9.18871 9.18871 2 2 3
3.66325 9.19871 9.19871 2 2 3
3.66325 9.20871 9.20871 2 2 3
3.66325 9.21871 9.21871 2 2 3
3.66325 9.22871 9.22871 2 2 3
3.66325 9.23871 9.23871 2 2 3
3.66325 9.24871 9.24871 2 2 3
3.66325 9.25871 9.25871 2 2 3
3.66325 9.26871 9.26871 2 2 3
3.66325 9.27871 9.27871 2 2 3
3.66325 9.28871 9.28871 2 2 3
3.66325 9.29871 9.29871 2 2 3
3.66324 9.30871 9.30871 2 2 3
3.66324 9.31871 9.31871 2 2 3
3.66324 9.32871 9.32871 2 2 3
3.66324 9.33871 9.33871 2 2 3
3.66324 9.34871 9.34871 2 2 3
3.66324 9.35871 9.35871 2 2 3
3.66324 9.36871 9.36871 2 2 3
3.66324 9.37871 9.37871 2 2 3
3.66324 9.38871 9.38871 2 2 3
3.66324 9.39871 9.39871 2 2 3
3.66324 9.40871 9.40871 2 2 3
3.66324 9.41871 9.41871 2 2 3
3.66324 9.42871 9.42871 2 2 3
3.66324 9.43871 9.43871 2 2 3
3.66324 9.44871 9.44871 2 2 3
3.66324 9.45871 9.45871 2 2 3
3.66324 9.46871 9.46871 2 2 3
3.66324 9.47871 9.47871 2 2 3
3.66324 9.48871 9.48871 2 2 3
3.66324 9.49871 9.49871 2 2 3
3.66324 9.50871 9.50871 2 2 3
3.66323 9.51871 9.51871 2 2 3
3.66323 9.52871 9.52871 2 2 3
3.66323 9.53871 9.53871 2 2 3
3.66323 9.54871 9.54871 2 2 3
3.66323 9.55871 9.55871 2 2 3
3.66323 9.56871 9.56871 2 2 3
3.66323 9.57871 9.57871 2 2 3
3.66323 9.58871 9.58871 2 2 3
3.66323 9.59871 9.59871 2 2 3
3.66323 9.60871 9.60871 2 2 3
3.66323 9.61871 9.61871 2 2 3
3.66323 9.62871 9.62871 2 2 3
3.66323 9.63871 9.63871 2 2 3
3.66323 9.64871 9.64871 2 2 3
3.66323 9.65871 9.65871 2 2 3
3.66323 9.66871 9.66871 2 2 3
3.66323 9.67871 9.67871 2 2 3
3.66323 9.68871 9.68871 2 2 3
3.66323 9.69871 9.69871 2 2 3
3.66323 9.70871 9.70871 2 2 3
3.66323 9.71871 9.71871 2 2 3
3.66323 9.72871 9.72871 2 2 3
3.66323 9.73871 9.73871 2 2 3
3.66322 9.74871 9.74871 2 2 3
3.66322 9.75871 9.75871 2 2 3
3.66322 9.76871 9.76871 2 2 3
3.66322 9.77871 9.77871 2 2 3
3.66322 9.78871 9.78871 2 2 3
3.66322 9.79871 9.79871 2 2 3
3.66322 9.80871 9.80871 2 2 3
3.66322 9.81871 9.81871 2 2 3
3.66322 9.82871 9.82871 2 2 3
3.66322 9.83871 9.83871 2 2 3
3.66322 9.84871 9.84871 2 2 3
3.66322 9.85871 9.85871 2 2 3
3.66322 9.86871 9.86871 2 2 3
3.66322 9.87871 9.87871 2 2 3
3.66322 9.88871 9.88871 2 2 3
3.66322 9.89871 9.89871 2 2 3
3.66322 9.90871 9.90871 2 2 3
3.66322 9.91871 9.91871 2 2 3
3.66322 9.92871 9.92871 2 2 3
3.66322 9.93871 9.93871 2 2 3
3.66322 9.94871 9.94871 2 2 3
3.66322 9.95871 9.95871 2 2 3
3.66322 9.96871 9.96871 2 2 3
3.66322 9.97871 9.97871 2 2 3
3.66322 9.98871 9.98871 2 2 3
3.66322 9.99871 9.99871 2 2 3
3.66322 10.0087 10.0087 2 2 3
3.66321 10.0187 10.0187 2 2 3
3.66321 10.0287 10.0287 2 2 3
3.66321 10.0387 10.0387 2 2 3
3.66321 10.0487 10.0487 2 2 3
3.66321 10.0587 10.0587 2 2 3
3.66321 10.0687 10.0687 2 2 3
3.66321 10.0787 10.0787 2 2 3
3.66321 10.0887 10.0887 2 2 3
3.66321 10.0987 10.0987 2 2 3
3.66321 10.1087 10.1087 2 2 3
3.66321 10.1187 10.1187 2 2 3
3.66321 10.1287 10.1287 2 2 3
3.66321 10.1387 10.1387 2 2 3
3.66321 10.1487 10.1487 2 2 3
3.66321 10.1587 10.1587 2 2 3
3.66321 10.1687 10.1687 2 2 3
3.66321 10.1787 10.1787 2 2 3
3.66321 10.1887 10.1887 2 2 3
3.66321 10.1987 10.1987 2 2 3
3.66321 10.2087 10.2087 2 2 3
3.66321 10.2187 10.2187 2 2 3
3.66321 10.2287 10.2287 2 2 3
3.66321 10.2387 10.2387 2 2 3
3.66321 10.2487 10.2487 2 2 3
3.66321 10.2587 10.2587 2 2 3
3.66321 10.2687 10.2687 2 2 3
3.66321 10.2787 10.2787 2 2 3
3.66321 10.2887 10.2887 2 2 3
3.66321 10.2987 10.2987 2 2 3
3.66321 10.3087 10.3087 2 2 3
3.66321 10.3187 10.3187 2 2 3
3.6632 10.3287 10.3287 2 2 3
3.6632 10.3387 10.3387 2 2 3
3.6632 10.3487 10.3487 2 2 3
3.6632 10.3587 10.3587 2 2 3
3.6632 10.3687 10.3687 2 2 3
3.6632 10.3787 10.3787 2 2 3
3.6632 10.3887 10.3887 2 2 3
3.6632 10.3987 10.3987 2 2 3
3.6632 10.4087 10.4087 2 2 3
3.6632 10.4187 10.4187 2 2 3
3.6632 10.4287 10.4287 2 2 3
3.6632 10.4387 10.4387 2 2 3
3.6632 10.4487 10.4487 2 2 3
3.6632 10.4587 10.4587 2 2 3
3.6632 10.4687 10.4687 2 2 3
3.6632 10.4787 10.4787 2 2 3
3.6632 10.4887 10.4887 2 2 3
3.6632 10.4987 10.4987 2 2 3
3.6632 10.5087 10.5087 2 2 3
3.6632 10.5187 10.5187 2 2 3
3.6632 10.5287 10.5287 2 2 3
3.6632 10.5387 10.5387 2 2 3
3.6632 10.5487 10.5487 2 2 3
3.6632 10.5587 10.5587 2 2 3
3.6632 10.5687 10.5687 2 2 3
3.6632 10.5787 10.5787 2 2 3
3.6632 10.5887 10.5887 2 2 3
3.6632 10.5987 10.5987 2 2 3
3.6632 10.6087 10.6087 2 2 3
3.6632 10.6187 10.6187 2 2 3
3.6632 10.6287 10.6287 2 2 3
3.6632 10.6387 10.6387 2 2 3
3.6632 10.6487 10.6487 2 2 3
3.6632 10.6587 10.6587 2 2 3
3.6632 10.6687 10.6687 2 2 3
3.6632 10.6787 10.6787 2 2 3
3.6632 10.6887 10.6887 2 2 3
3.66319 10.6987 10.6987 2 2 3
3.66319 10.7087 10.7087 2 2 3
3.66319 10.7187 10.7187 2 2 3
3.66319 10.7287 10.7287 2 2 3
3.66319 10.7387 10.7387 2 2 3
3.66319 10.7487 10.7487 2 2 3
3.66319 10.7587 10.7587 2 2 3
3.66319 10.7687 10.7687 2 2 3
3.66319 10.7787 10.7787 2 2 3
3.66319 10.7887 10.7887 2 2 3
3.66319 10.7987 10.7987 2 2 3
3.66319 10.8087 10.8087 2 2 3
3.66319 10.8187 10.8187 2 2 3
3.66319 10.8287 10.8287 2 2 3
3.66319 10.8387 10.8387 2 2 3
3.66319 10.8487 10.8487 2 2 3
3.66319 10.8587 10.8587 2 2 3
3.66319 10.8687 10.8687 2 2 3
3.66319 10.8787 10.8787 2 2 3
3.66319 10.8887 10.8887 2 2 3
3.66319 10.8987 10.8987 2 2 3
3.66319 10.9087 10.9087 2 2 3
3.66319 10.9187 10.9187 2 2 3
3.66319 10.9287 10.9287 2 2 3
3.66319 10.9387 10.9387 2 2 3
3.66319 10.9487 10.9487 2 2 3
3.66319 10.9587 10.9587 2 2 3
3.66319 10.9687 10.9687 2 2 3
3.66319 10.9787 10.9787 2 2 3
3.66319 10.9887 10.9887 2 2 3
3.66319 10.9987 10.9987 2 2 3
3.66319 11.0087 11.0087 2 2 3
3.66319 11.0187 11.0187 2 2 3
3.66319 11.0287 11.0287 2 2 3
3.66319 11.0387 11.0387 2 2 3
3.66319 11.0487 11.0487 2 2 3
3.66319 11.0587 11.0587 2 2 3
3.66319 11.0687 11.0687 2 2 3
3.66319 11.0787 11.0787 2 2 3
3.66319 11.0887 11.0887 2 2 3
3.66319 11.0987 11.0987 2 2 3
3.66319 11.1087 11.1087 2 2 3
3.66319 11.1187 11.1187 2 2 3
3.66318 11.1287 11.1287 2 2 3
3.66318 11.1387 11.1387 2 2 3
3.66318 11.1487 11.1487 2 2 3
3.66318 11.1587 11.1587 2 2 3
3.66318 11.1687 11.1687 2 2 3
3.66318 11.1787 11.1787 2 2 3
3.66318 11.1887 11.1887 2 2 3
3.66318 11.1987 11.1987 2 2 3
3.66318 11.2087 11.2087 2 2 3
3.66318 11.2187 11.2187 2 2 3
3.66318 11.2287 11.2287 2 2 3
3.66318 11.2387 11.2387 2 2 3
3.66318 11.2487 11.2487 2 2 3
3.66318 11.2587 11.2587 2 2 3
3.66318 11.2687 11.2687 2 2 3
3.66318 11.2787 11.2787 2 2 3
3.66318 11.2887 11.2887 2 2 3
3.66318 11.2987 11.2987 2 2 3
3.66318 11.3087 11.3087 2 2 3
3.66318 11.3187 11.3187 2 2 3
3.66318 11.3287 11.3287 2 2 3
3.66318 11.3387 11.3387 2 2 3
3.66318 11.3487 11.3487 2 2 3
3.66318 11.3587 11.3587 2 2 3
3.66318 11.3687 11.3687 2 2 3
3.66318 11.3787 11.3787 2 2 3
3.66318 11.3887 11.3887 2 2 3
3.66318 11.3987 11.3987 2 2 3
3.66318 11.4087 11.4087 2 2 3
3.66318 11.4187 11.4187 2 2 3
3.66318 11.4287 11.4287 2 2 3
3.66318 11.4387 11.4387 2 2 3
3.66318 11.4487 11.4487 2 2 3
3.66318 11.4587 11.4587 2 2 3
3.66318 11.4687 11.4687 2 2 3
3.66318 11.4787 11.4787 2 2 3
3.66318 11.4887 11.4887 2 2 3
3.66318 11.4987 11.4987 2 2 3
3.66318 11.5087 11.5087 2 2 3
3.66318 11.5187 11.5187 2 2 3
3.66318 11.5287 11.5287 2 2 3
3.66318 11.5387 11.5387 2 2 3
3.66318 11.5487 11.5487 2 2 3
3.66318 11.5587 11.5587 2 2 3
3.66318 11.5687 11.5687 2 2 3
3.66318 11.5787 11.5787 2 2 3
3.66318 11.5887 11.5887 2 2 3
3.66318 11.5987 11.5987 2 2 3
3.66318 11.6087 11.6087 2 2 3
3.66318 11.6187 11.6187 2 2 3
3.66318 11.6287 11.6287 2 2 3
3.66318 11.6387 11.6387 2 2 3
3.66318 11.6487 11.6487 2 2 3
3.66318 11.6587 11.6587 2 2 3
3.66318 11.6687 11.6687 2 2 3
3.66317 11.6787 11.6787 2 2 3
3.66317 11.6887 11.6887 2 2 3
3.66317 11.6987 11.6987 2 2 3
3.66317 11.7087 11.7087 2 2 3
3.66317 11.7187 11.7187 2 2 3
3.66317 11.7287 11.7287 2 2 3
3.66317 11.7387 11.7387 2 2 3
3.66317 11.7487 11.7487 2 2 3
3.66317 11.7587 11.7587 2 2 3
3.66317 11.7687 11.7687 2 2 3
3.66317 11.7787 11.7787 2 2 3
3.66317 11.7887 11.7887 2 2 3
3.66317 11.7987 11.7987 2 2 3
3.66317 11.8087 11.8087 2 2 3
3.66317 11.8187 11.8187 2 2 3
3.66317 11.8287 11.8287 2 2 3
3.66317 11.8387 11.8387 2 2 3
3.66317 11.8487 11.8487 2 2 3
3.66317 11.8587 11.8587 2 2 3
3.66317 11.8687 11.8687 2 2 3
3.66317 11.8787 11.8787 2 2 3
3.66317 11.8887 11.8887 2 2 3
3.66317 11.8987 11.8987 2 2 3
3.66317 11.9087 11.9087 2 2 3
3.66317 11.9187 11.9187 2 2 3
3.66317 11.9287 11.9287 2 2 3
3.66317 11.9387 11.9387 2 2 3
3.66317 11.9487 11.9487 2 2 3
3.66317 11.9587 11.9587 2 2 3
3.66317 11.9687 11.9687 2 2 3
3.66317 11.9787 11.9787 2 2 3
3.66317 11.9887 11.9887 2 2 3
3.66317 11.9987 11.9987 2 2 3
3.66317 12.0087 12.0087 2 2 3
3.66317 12.0187 12.0187 2 2 3
3.66317 12.0287 12.0287 2 2 3
3.66317 12.0387 12.0387 2 2 3
3.66317 12.0487 12.0487 2 2 3
3.66317 12.0587 12.0587 2 2 3
3.66317 12.0687 12.0687 2 2 3
3.66317 12.0787 12.0787 2 2 3
3.66317 12.0887 12.0887 2 2 3
3.66317 12.0987 12.0987 2 2 3
3.66317 12.1087 12.1087 2 2 3
3.66317 12.1187 12.1187 2 2 3
3.66317 12.1287 12.1287 2 2 3
3.66317 12.1387 12.1387 2 2 3
3.66317 12.1487 12.1487 2 2 3
3.66317 12.1587 12.1587 2 2 3
3.66317 12.1687 12.1687 2 2 3
3.66317 12.1787 12.1787 2 2 3
3.66317 12.1887 12.1887 2 2 3
3.66317 12.1987 12.1987 2 2 3
3.66317 12.2087 12.2087 2 2 3
3.66317 12.2187 12.2187 2 2 3
3.66317 12.2287 12.2287 2 2 3
3.66317 12.2387 12.2387 2 2 3
3.66317 12.2487 12.2487 2 2 3
3.66317 12.2587 12.2587 2 2 3
3.66317 12.2687 12.2687 2 2 3
3.66317 12.2787 12.2787 2 2 3
3.66317 12.2887 12.2887 2 2 3
3.66317 12.2987 12.2987 2 2 3
3.66317 12.3087 12.3087 2 2 3
3.66317 12.3187 12.3187 2 2 3
3.66317 12.3287 12.3287 2 2 3
3.66317 12.3387 12.3387 2 2 3
3.66317 12.3487 12.3487 2 2 3
3.66317 12.3587 12.3587 2 2 3
3.66317 12.3687 12.3687 2 2 3
3.66317 12.3787 12.3787 2 2 3
3.66317 12.3887 12.3887 2 2 3
3.66316 12.3987 12.3987 2 2 3
3.66316 12.4087 12.4087 2 2 3
3.66316 12.4187 12.4187 2 2 3
3.66316 12.4287 12.4287 2 2 3
3.66316 12.4387 12.4387 2 2 3
3.66316 12.4487 12.4487 2 2 3
3.66316 12.4587 12.4587 2 2 3
3.66316 12.4687 12.4687 2 2 3
3.66316 12.4787 12.4787 2 2 3
3.66316 12.4887 12.4887 2 2 3
3.66316 12.4987 12.4987 2 2 3
3.66316 12.5087 12.5087 2 2 3
3.66316 12.5187 12.5187 2 2 3
3.66316 12.5287 12.5287 2 2 3
3.66316 12.5387 12.5387 2 2 3
3.66316 12.5487 12.5487 2 2 3
3.66316 12.5587 12.5587 2 2 3
3.66316 12.5687 12.5687 2 2 3
3.66316 12.5787 12.5787 2 2 3
3.66316 12.5887 12.5887 2 2 3
3.66316 12.5987 12.5987 2 2 3
3.66316 12.6087 12.6087 2 2 3
3.66316 12.6187 12.6187 2 2 3
3.66316 12.6287 12.6287 2 2 3
3.66316 12.6387 12.6387 2 2 3
3.66316 12.6487 12.6487 2 2 3
3.66316 12.6587 12.6587 2 2 3
3.66316 12.6687 12.6687 2 2 3
3.66316 12.6787 12.6787 2 2 3
3.66316 12.6887 12.6887 2 2 3
3.66316 12.6987 12.6987 2 2 3
3.66316 12.7087 12.7087 2 2 3
3.66316 12.7187 12.7187 2 2 3
3.66316 12.7287 12.7287 2 2 3
3.66316 12.7387 12.7387 2 2 3
3.66316 12.7487 12.7487 2 2 3
3.66316 12.7587 12.7587 2 2 3
3.66316 12.7687 12.7687 2 2 3
3.66316 12.7787 12.7787 2 2 3
3.66316 12.7887 12.7887 2 2 3
3.66316 12.7987 12.7987 2 2 3
3.66316 12.8087 12.8087 2 2 3
3.66316 12.8187 12.8187 2 2 3
3.66316 12.8287 12.8287 2 2 3
3.66316 12.8387 12.8387 2 2 3
3.66316 12.8487 12.8487 2 2 3
3.66316 12.8587 12.8587 2 2 3
3.66316 12.8687 12.8687 2 2 3
3.66316 12.8787 12.8787 2 2 3
3.66316 12.8887 12.8887 2 2 3
3.66316 12.8987 12.8987 2 2 3
3.66316 12.9087 12.9087 2 2 3
3.66316 12.9187 12.9187 2 2 3
3.66316 12.9287 12.9287 2 2 3
3.66316 12.9387 12.9387 2 2 3
3.66316 12.9487 12.9487 2 2 3
3.66316 12.9587 12.9587 2 2 3
3.66316 12.9687 12.9687 2 2 3
3.66316 12.9787 12.9787 2 2 3
3.66316 12.9887 12.9887 2 2 3
3.66316 12.9987 12.9987 2 2 3
3.66316 13.0087 13.0087 2 2 3
3.66316 13.0187 13.0187 2 2 3
3.66316 13.0287 13.0287 2 2 3
3.66316 13.0387 13.0387 2 2 3
3.66316 13.0487 13.0487 2 2 3
3.66316 13.0587 13.0587 2 2 3
3.66316 13.0687 13.0687 2 2 3
3.66316 13.0787 13.0787 2 2 3
3.66316 13.0887 13.0887 2 2 3
3.66316 13.0987 13.0987 2 2 3
3.66316 13.1087 13.1087 2 2 3
3.66316 13.1187 13.1187 2 2 3
3.66316 13.1287 13.1287 2 2 3
3.66316 13.1387 13.1387 2 2 3
3.66316 13.1487 13.1487 2 2 3
3.66316 13.1587 13.1587 2 2 3
3.66316 13.1687 13.1687 2 2 3
3.66316 13.1787 13.1787 2 2 3
3.66316 13.1887 13.1887 2 2 3
3.66316 13.1987 13.1987 2 2 3
3.66316 13.2087 13.2087 2 2 3
3.66316 13.2187 13.2187 2 2 3
3.66316 13.2287 13.2287 2 2 3
3.66316 13.2387 13.2387 2 2 3
3.66316 13.2487 13.2487 2 2 3
3.66316 13.2587 13.2587 2 2 3
3.66316 13.2687 13.2687 2 2 3
3.66316 13.2787 13.2787 2 2 3
3.66316 13.2887 13.2887 2 2 3
3.66316 13.2987 13.2987 2 2 3
3.66316 13.3087 13.3087 2 2 3
3.66316 13.3187 13.3187 2 2 3
3.66316 13.3287 13.3287 2 2 3
3.66316 13.3387 13.3387 2 2 3
3.66316 13.3487 13.3487 2 2 3
3.66316 13.3587 13.3587 2 2 3
3.66316 13.3687 13.3687 2 2 3
3.66316 13.3787 13.3787 2 2 3
3.66316 13.3887 13.3887 2 2 3
3.66316 13.3987 13.3987 2 2 3
3.66315 13.4087 13.4087 2 2 3
3.66315 13.4187 13.4187 2 2 3
3.66315 13.4287 13.4287 2 2 3
3.66315 13.4387 13.4387 2 2 3
3.66315 13.4487 13.4487 2 2 3
3.66315 13.4587 13.4587 2 2 3
3.66315 13.4687 13.4687 2 2 3
3.66315 13.4787 13.4787 2 2 3
3.66315 13.4887 13.4887 2 2 3
3.66315 13.4987 13.4987 2 2 3
3.66315 13.5087 13.5087 2 2 3
3.66315 13.5187 13.5187 2 2 3
3.66315 13.5287 13.5287 2 2 3
3.66315 13.5387 13.5387 2 2 3
3.66315 13.5487 13.5487 2 2 3
3.66315 13.5587 13.5587 2 2 3
3.66315 13.5687 13.5687 2 2 3
3.66315 13.5787 13.5787 2 2 3
3.66315 13.5887 13.5887 2 2 3
3.66315 13.5987 13.5987 2 2 3
3.66315 13.6087 13.6087 2 2 3
3.66315 13.6187 13.6187 2 2 3
3.66315 13.6287 13.6287 2 2 3
3.66315 13.6387 13.6387 2 2 3
3.66315 13.6487 13.6487 2 2 3
3.66315 13.6587 13.6587 2 2 3
3.66315 13.6687 13.6687 2 2 3
3.66315 13.6787 13.6787 2 2 3
3.66315 13.6887 13.6887 2 2 3
3.66315 13.6987 13.6987 2 2 3
3.66315 13.7087 13.7087 2 2 3
3.66315 13.7187 13.7187 2 2 3
3.66315 13.7287 13.7287 2 2 3
3.66315 13.7387 13.7387 2 2 3
3.66315 13.7487 13.7487 2 2 3
3.66315 13.7587 13.7587 2 2 3
3.66315 13.7687 13.7687 2 2 3
3.66315 13.7787 13.7787 2 2 3
3.66315 13.7887 13.7887 2 2 3
3.66315 13.7987 13.7987 2 2 3
3.66315 13.8087 13.8087 2 2 3
3.66315 13.8187 13.8187 2 2 3
3.66315 13.8287 13.8287 2 2 3
3.66315 13.8387 13.8387 2 2 3
3.66315 13.8487 13.8487 2 2 3
3.66315 13.8587 13.8587 2 2 3
3.66315 13.8687 13.8687 2 2 3
3.66315 13.8787 13.8787 2 2 3
3.66315 13.8887 13.8887 2 2 3
3.66315 13.8987 13.8987 2 2 3
3.66315 13.9087 13.9087 2 2 3
3.66315 13.9187 13.9187 2 2 3
3.66315 13.9287 13.9287 2 2 3
3.66315 13.9387 13.9387 2 2 3
3.66315 13.9487 13.9487 2 2 3
3.66315 13.9587 13.9587 2 2 3
3.66315 13.9687 13.9687 2 2 3
3.66315 13.9787 13.9787 2 2 3
3.66315 13.9887 13.9887 2 2 3
3.66315 13.9987 13.9987 2 2 3
3.66315 14.0087 14.0087 2 2 3
3.66315 14.0187 14.0187 2 2 3
3.66315 14.0287 14.0287 2 2 3
3.66315 14.0387 14.0387 2 2 3
3.66315 14.0487 14.0487 2 2 3
3.66315 14.0587 14.0587 2 2 3
3.66315 14.0687 14.0687 2 2 3
3.66315 14.0787 14.0787 2 2 3
3.66315 14.0887 14.0887 2 2 3
3.66315 14.0987 14.0987 2 2 3
3.66315 14.1087 14.1087 2 2 3
3.66315 14.1187 14.1187 2 2 3
3.66315 14.1287 14.1287 2 2 3
3.66315 14.1387 14.1387 2 2 3
3.66315 14.1487 14.1487 2 2 3
3.66315 14.1587 14.1587 2 2 3
3.66315 14.1687 14.1687 2 2 3
3.66315 14.1787 14.1787 2 2 3
3.66315 14.1887 14.1887 2 2 3
3.66315 14.1987 14.1987 2 2 3
3.66315 14.2087 14.2087 2 2 3
3.66315 14.2187 14.2187 2 2 3
3.66315 14.2287 14.2287 2 2 3
3.66315 14.2387 14.2387 2 2 3
3.66315 14.2487 14.2487 2 2 3
3.66315 14.2587 14.2587 2 2 3
3.66315 14.2687 14.2687 2 2 3
3.66315 14.2787 14.2787 2 2 3
3.66315 14.2887 14.2887 2 2 3
3.66315 14.2987 14.2987 2 2 3
3.66315 14.3087 14.3087 2 2 3
3.66315 14.3187 14.3187 2 2 3
3.66315 14.3287 14.3287 2 2 3
3.66315 14.3387 14.3387 2 2 3
3.66315 14.3487 14.3487 2 2 3
3.66315 14.3587 14.3587 2 2 3
3.66315 14.3687 14.3687 2 2 3
3.66315 14.3787 14.3787 2 2 3
3.66315 14.3887 14.3887 2 2 3
3.66315 14.3987 14.3987 2 2 3
3.66315 14.4087 14.4087 2 2 3
3.66315 14.4187 14.4187 2 2 3
3.66315 14.4287 14.4287 2 2 3
3.66315 14.4387 14.4387 2 2 3
3.66315 14.4487 14.4487 2 2 3
3.66315 14.4587 14.4587 2 2 3
3.66315 14.4687 14.4687 2 2 3
3.66315 14.4787 14.4787 2 2 3
3.66315 14.4887 14.4887 2 2 3
3.66315 14.4987 14.4987 2 2 3
3.66315 14.5087 14.5087 2 2 3
3.66315 14.5187 14.5187 2 2 3
3.66315 14.5287 14.5287 2 2 3
3.66315 14.5387 14.5387 2 2 3
3.66315 14.5487 14.5487 2 2 3
3.66315 14.5587 14.5587 2 2 3
3.66315 14.5687 14.5687 2 2 3
3.66315 14.5787 14.5787 2 2 3
3.66315 14.5887 14.5887 2 2 3
3.66315 14.5987 14.5987 2 2 3
3.66315 14.6087 14.6087 2 2 3
3.66315 14.6187 14.6187 2 2 3
3.66315 14.6287 14.6287 2 2 3
3.66315 14.6387 14.6387 2 2 3
3.66315 14.6487 14.6487 2 2 3
3.66315 14.6587 14.6587 2 2 3
3.66315 14.6687 14.6687 2 2 3
3.66315 14.6787 14.6787 2 2 3
3.66315 14.6887 14.6887 2 2 3
3.66315 14.6987 14.6987 2 2 3
3.66315 14.7087 14.7087 2 2 3
3.66315 14.7187 14.7187 2 2 3
3.66315 14.7287 14.7287 2 2 3
3.66315 14.7387 14.7387 2 2 3
3.66315 14.7487 14.7487 2 2 3
3.66315 14.7587 14.7587 2 2 3
3.66315 14.7687 14.7687 2 2 3
3.66315 14.7787 14.7787 2 2 3
3.66315 14.7887 14.7887 2 2 3
3.66315 14.7987 14.7987 2 2 3
3.66315 14.8087 14.8087 2 2 3
3.66315 14.8187 14.8187 2 2 3
3.66315 14.8287 14.8287 2 2 3
3.66315 14.8387 14.8387 2 2 3
3.66315 14.8487 14.8487 2 2 3
3.66315 14.8587 14.8587 2 2 3
3.66315 14.8687 14.8687 2 2 3
3.66315 14.8787 14.8787 2 2 3
3.66315 14.8887 14.8887 2 2 3
3.66315 14.8987 14.8987 2 2 3
3.66315 14.9087 14.9087 2 2 3
3.66315 14.9187 14.9187 2 2 3
3.66315 14.9287 14.9287 2 2 3
3.66315 14.9387 14.9387 2 2 3
3.66315 14.9487 14.9487 2 2 3
3.66315 14.9587 14.9587 2 2 3
3.66315 14.9687 14.9687 2 2 3
3.66315 14.9787 14.9787 2 2 3
3.66315 14.9887 14.9887 2 2 3
3.66315 14.9987 14.9987 2 2 3
3.66315 15.0087 15.0087 2 2 3
3.66315 15.0187 15.0187 2 2 3
3.66314 15.0287 15.0287 2 2 3
3.66314 15.0387 15.0387 2 2 3
3.66314 15.0487 15.0487 2 2 3
3.66314 15.0587 15.0587 2 2 3
3.66314 15.0687 15.0687 2 2 3
3.66314 15.0787 15.0787 2 2 3
3.66314 15.0887 15.0887 2 2 3
3.66314 15.0987 15.0987 2 2 3
3.66314 15.1087 15.1087 2 2 3
3.66314 15.1187 15.1187 2 2 3
3.66314 15.1287 15.1287 2 2 3
3.66314 15.1387 15.1387 2 2 3
3.66314 15.1487 15.1487 2 2 3
3.66314 15.1587 15.1587 2 2 3
3.66314 15.1687 15.1687 2 2 3
3.66314 15.1787 15.1787 2 2 3
3.66314 15.1887 15.1887 2 2 3
3.66314 15.1987 15.1987 2 2 3
3.66314 15.2087 15.2087 2 2 3
3.66314 15.2187 15.2187 2 2 3
3.66314 15.2287 15.2287 2 2 3
3.66314 15.2387 15.2387 2 2 3
3.66314 15.2487 15.2487 2 2 3
3.66314 15.2587 15.2587 2 2 3
3.66314 15.2687 15.2687 2 2 3
3.66314 15.2787 15.2787 2 2 3
3.66314 15.2887 15.2887 2 2 3
3.66314 15.2987 15.2987 2 2 3
3.66314 15.3087 15.3087 2 2 3
3.66314 15.3187 15.3187 2 2 3
3.66314 15.3287 15.3287 2 2 3
3.66314 15.3387 15.3387 2 2 3
3.66314 15.3487 15.3487 2 2 3
3.66314 15.3587 15.3587 2 2 3
3.66314 15.3687 15.3687 2 2 3
3.66314 15.3787 15.3787 2 2 3
3.66314 15.3887 15.3887 2 2 3
3.66314 15.3987 15.3987 2 2 3
3.66314 15.4087 15.4087 2 2 3
3.66314 15.4187 15.4187 2 2 3
3.66314 15.4287 15.4287 2 2 3
3.66314 15.4387 15.4387 2 2 3
3.66314 15.4487 15.4487 2 2 3
3.66314 15.4587 15.4587 2 2 3
3.66314 15.4687 15.4687 2 2 3
3.66314 15.4787 15.4787 2 2 3
3.66314 15.4887 15.4887 2 2 3
3.66314 15.4987 15.4987 2 2 3
3.66314 15.5087 15.5087 2 2 3
3.66314 15.5187 15.5187 2 2 3
3.66314 15.5287 15.5287 2 2 3
3.66314 15.5387 15.5387 2 2 3
3.66314 15.5487 15.5487 2 2 3
3.66314 15.5587 15.5587 2 2 3
3.66314 15.5687 15.5687 2 2 3
3.66314 15.5787 15.5787 2 2 3
3.66314 15.5887 15.5887 2 2 3
3.66314 15.5987 15.5987 2 2 3
3.66314 15.6087 15.6087 2 2 3
3.66314 15.6187 15.6187 2 2 3
3.66314 15.6287 15.6287 2 2 3
3.66314 15.6387 15.6387 2 2 3
3.66314 15.6487 15.6487 2 2 3
3.66314 15.6587 15.6587 2 2 3
3.66314 15.6687 15.6687 2 2 3
3.66314 15.6787 15.6787 2 2 3
3.66314 15.6887 15.6887 2 2 3
3.66314 15.6987 15.6987 2 2 3
3.66314 15.7087 15.7087 2 2 3
3.66314 15.7187 15.7187 2 2 3
3.66314 15.7287 15.7287 2 2 3
3.66314 15.7387 15.7387 2 2 3
3.66314 15.7487 15.7487 2 2 3
3.66314 15.7587 15.7587 2 2 3
3.66314 15.7687 15.7687 2 2 3
3.66314 15.7787 15.7787 2 2 3
3.66314 15.7887 15.7887 2 2 3
3.66314 15.7987 15.7987 2 2 3
3.66314 15.8087 15.8087 2 2 3
3.66314 15.8187 15.8187 2 2 3
3.66314 15.8287 15.8287 2 2 3
3.66314 15.8387 15.8387 2 2 3
3.66314 15.8487 15.8487 2 2 3
3.66314 15.8587 15.8587 2 2 3
3.66314 15.8687 15.8687 2 2 3
3.66314 15.8787 15.8787 2 2 3
3.66314 15.8887 15.8887 2 2 3
3.66314 15.8987 15.8987 2 2 3
3.66314 15.9087 15.9087 2 2 3
3.66314 15.9187 15.9187 2 2 3
3.66314 15.9287 15.9287 2 2 3
3.66314 15.9387 15.9387 2 2 3
3.66314 15.9487 15.9487 2 2 3
3.66314 15.9587 15.9587 2 2 3
3.66314 15.9687 15.9687 2 2 3
3.66314 15.9787 15.9787 2 2 3
3.66314 15.9887 15.9887 2 2 3
3.66314 15.9987 15.9987 2 2 3
3.66314 16.0087 16.0087 2 2 3
3.66314 16.0187 16.0187 2 2 3
3.66314 16.0287 16.0287 2 2 3
3.66314 16.0387 16.0387 2 2 3
3.66314 16.0487 16.0487 2 2 3
3.66314 16.0587 16.0587 2 2 3
3.66314 16.0687 16.0687 2 2 3
3.66314 16.0787 16.0787 2 2 3
3.66314 16.0887 16.0887 2 2 3
3.66314 16.0987 16.0987 2 2 3
3.66314 16.1087 16.1087 2 2 3
3.66314 16.1187 16.1187 2 2 3
3.66314 16.1287 16.1287 2 2 3
3.66314 16.1387 16.1387 2 2 3
3.66314 16.1487 16.1487 2 2 3
3.66314 16.1587 16.1587 2 2 3
3.66314 16.1687 16.1687 2 2 3
3.66314 16.1787 16.1787 2 2 3
3.66314 16.1887 16.1887 2 2 3
3.66314 16.1987 16.1987 2 2 3
3.66314 16.2087 16.2087 2 2 3
3.66314 16.2187 16.2187 2 2 3
3.66314 16.2287 16.2287 2 2 3
3.66314 16.2387 16.2387 2 2 3
3.66314 16.2487 16.2487 2 2 3
3.66314 16.2587 16.2587 2 2 3
3.66314 16.2687 16.2687 2 2 3
3.66314 16.2787 16.2787 2 2 3
3.66314 16.2887 16.2887 2 2 3
3.66314 16.2987 16.2987 2 2 3
3.66314 16.3087 16.3087 2 2 3
3.66314 16.3187 16.3187 2 2 3
3.66314 16.3287 16.3287 2 2 3
3.66314 16.3387 16.3387 2 2 3
3.66314 16.3487 16.3487 2 2 3
3.66314 16.3587 16.3587 2 2 3
3.66314 16.3687 16.3687 2 2 3
3.66314 16.3787 16.3787 2 2 3
3.66314 16.3887 16.3887 2 2 3
3.66314 16.3987 16.3987 2 2 3
3.66314 16.4087 16.4087 2 2 3
3.66314 16.4187 16.4187 2 2 3
3.66314 16.4287 16.4287 2 2 3
3.66314 16.4387 16.4387 2 2 3
3.66314 16.4487 16.4487 2 2 3
3.66314 16.4587 16.4587 2 2 3
3.66314 16.4687 16.4687 2 2 3
3.66314 16.4787 16.4787 2 2 3
3.66314 16.4887 16.4887 2 2 3
3.66314 16.4987 16.4987 2 2 3
3.66314 16.5087 16.5087 2 2 3
3.66314 16.5187 16.5187 2 2 3
3.66314 16.5287 16.5287 2 2 3
3.66314 16.5387 16.5387 2 2 3
3.66314 16.5487 16.5487 2 2 3
3.66314 16.5587 16.5587 2 2 3
3.66314 16.5687 16.5687 2 2 3
3.66314 16.5787 16.5787 2 2 3
3.66314 16.5887 16.5887 2 2 3
3.66314 16.5987 16.5987 2 2 3
3.66314 16.6087 16.6087 2 2 3
3.66314 16.6187 16.6187 2 2 3
3.66314 16.6287 16.6287 2 2 3
3.66314 16.6387 16.6387 2 2 3
3.66314 16.6487 16.6487 2 2 3
3.66314 16.6587 16.6587 2 2 3
3.66314 16.6687 16.6687 2 2 3
3.66314 16.6787 16.6787 2 2 3
3.66314 16.6887 16.6887 2 2 3
3.66314 16.6987 16.6987 2 2 3
3.66314 16.7087 16.7087 2 2 3
3.66314 16.7187 16.7187 2 2 3
3.66314 16.7287 16.7287 2 2 3
3.66314 16.7387 16.7387 2 2 3
3.66314 16.7487 16.7487 2 2 3
3.66314 16.7587 16.7587 2 2 3
3.66314 16.7687 16.7687 2 2 3
3.66314 16.7787 16.7787 2 2 3
3.66314 16.7887 16.7887 2 2 3
3.66314 16.7987 16.7987 2 2 3
3.66314 16.8087 16.8087 2 2 3
3.66314 16.8187 16.8187 2 2 3
3.66314 16.8287 16.8287 2 2 3
3.66314 16.8387 16.8387 2 2 3
3.66314 16.8487 16.8487 2 2 3
3.66314 16.8587 16.8587 2 2 3
3.66314 16.8687 16.8687 2 2 3
3.66314 16.8787 16.8787 2 2 3
3.66314 16.8887 16.8887 2 2 3
3.66314 16.8987 16.8987 2 2 3
3.66314 16.9087 16.9087 2 2 3
3.66314 16.9187 16.9187 2 2 3
3.66314 16.9287 16.9287 2 2 3
3.66314 16.9387 16.9387 2 2 3
3.66314 16.9487 16.9487 2 2 3
3.66314 16.9587 16.9587 2 2 3
3.66314 16.9687 16.9687 2 2 3
3.66314 16.9787 16.9787 2 2 3
3.66314 16.9887 16.9887 2 2 3
3.66314 16.9987 16.9987 2 2 3
3.66314 17.0087 17.0087 2 2 3
3.66314 17.0187 17.0187 2 2 3
3.66314 17.0287 17.0287 2 2 3
3.66314 17.0387 17.0387 2 2 3
3.66314 17.0487 17.0487 2 2 3
3.66314 17.0587 17.0587 2 2 3
3.66314 17.0687 17.0687 2 2 3
3.66314 17.0787 17.0787 2 2 3
3.66314 17.0887 17.0887 2 2 3
3.66314 17.0987 17.0987 2 2 3
3.66314 17.1087 17.1087 2 2 3
3.66314 17.1187 17.1187 2 2 3
3.66314 17.1287 17.1287 2 2 3
3.66314 17.1387 17.1387 2 2 3
3.66314 17.1487 17.1487 2 2 3
3.66314 17.1587 17.1587 2 2 3
3.66314 17.1687 17.1687 2 2 3
3.66314 17.1787 17.1787 2 2 3
3.66314 17.1887 17.1887 2 2 3
3.66314 17.1987 17.1987 2 2 3
3.66314 17.2087 17.2087 2 2 3
3.66314 17.2187 17.2187 2 2 3
3.66314 17.2287 17.2287 2 2 3
3.66314 17.2387 17.2387 2 2 3
3.66314 17.2487 17.2487 2 2 3
3.66314 17.2587 17.2587 2 2 3
3.66314 17.2687 17.2687 2 2 3
3.66314 17.2787 17.2787 2 2 3
3.66314 17.2887 17.2887 2 2 3
3.66314 17.2987 17.2987 2 2 3
3.66314 17.3087 17.3087 2 2 3
3.66314 17.3187 17.3187 2 2 3
3.66314 17.3287 17.3287 2 2 3
3.66314 17.3387 17.3387 2 2 3
3.66314 17.3487 17.3487 2 2 3
3.66314 17.3587 17.3587 2 2 3
3.66314 17.3687 17.3687 2 2 3
3.66314 17.3787 17.3787 2 2 3
3.66314 17.3887 17.3887 2 2 3
3.66314 17.3987 17.3987 2 2 3
3.66314 17.4087 17.4087 2 2 3
3.66314 17.4187 17.4187 2 2 3
3.66314 17.4287 17.4287 2 2 3
3.66314 17.4387 17.4387 2 2 3
3.66314 17.4487 17.4487 2 2 3
3.66314 17.4587 17.4587 2 2 3
3.66314 17.4687 17.4687 2 2 3
3.66314 17.4787 17.4787 2 2 3
3.66314 17.4887 17.4887 2 2 3
3.66314 17.4987 17.4987 2 2 3
3.66314 17.5087 17.5087 2 2 3
3.66314 17.5187 17.5187 2 2 3
3.66314 17.5287 17.5287 2 2 3
3.66314 17.5387 17.5387 2 2 3
3.66314 17.5487 17.5487 2 2 3
3.66314 17.5587 17.5587 2 2 3
3.66314 17.5687 17.5687 2 2 3
3.66314 17.5787 17.5787 2 2 3
3.66314 17.5887 17.5887 2 2 3
3.66314 17.5987 17.5987 2 2 3
3.66314 17.6087 17.6087 2 2 3
3.66314 17.6187 17.6187 2 2 3
3.66314 17.6287 17.6287 2 2 3
3.66314 17.6387 17.6387 2 2 3
3.66314 17.6487 17.6487 2 2 3
3.66314 17.6587 17.6587 2 2 3
3.66314 17.6687 17.6687 2 2 3
3.66314 17.6787 17.6787 2 2 3
3.66314 17.6887 17.6887 2 2 3
3.66314 17.6987 17.6987 2 2 3
3.66314 17.7087 17.7087 2 2 3
3.66314 17.7187 17.7187 2 2 3
3.66314 17.7287 17.7287 2 2 3
3.66314 17.7387 17.7387 2 2 3
3.66314 17.7487 17.7487 2 2 3
3.66314 17.7587 17.7587 2 2 3
3.66314 17.7687 17.7687 2 2 3
3.66314 17.7787 17.7787 2 2 3
3.66314 17.7887 17.7887 2 2 3
3.66314 17.7987 17.7987 2 2 3
3.66314 17.8087 17.8087 2 2 3
3.66314 17.8187 17.8187 2 2 3
3.66314 17.8287 17.8287 2 2 3
3.66314 17.8387 17.8387 2 2 3
3.66314 17.8487 17.8487 2 2 3
3.66314 17.8587 17.8587 2 2 3
3.66314 17.8687 17.8687 2 2 3
3.66314 17.8787 17.8787 2 2 3
3.66314 17.8887 17.8887 2 2 3
3.66314 17.8987 17.8987 2 2 3
3.66314 17.9087 17.9087 2 2 3
3.66314 17.9187 17.9187 2 2 3
3.66314 17.9287 17.9287 2 2 3
3.66314 17.9387 17.9387 2 2 3
3.66314 17.9487 17.9487 2 2 3
3.66314 17.9587 17.9587 2 2 3
3.66314 17.9687 17.9687 2 2 3
3.66314 17.9787 17.9787 2 2 3
3.66314 17.9887 17.9887 2 2 3
3.66314 17.9987 17.9987 2 2 3
3.66314 18.0087 18.0087 2 2 3
3.66314 18.0187 18.0187 2 2 3
3.66314 18.0287 18.0287 2 2 3
3.66314 18.0387 18.0387 2 2 3
3.66314 18.0487 18.0487 2 2 3
3.66314 18.0587 18.0587 2 2 3
3.66314 18.0687 18.0687 2 2 3
3.66314 18.0787 18.0787 2 2 3
3.66314 18.0887 18.0887 2 2 3
3.66314 18.0987 18.0987 2 2 3
3.66314 18.1087 18.1087 2 2 3
3.66314 18.1187 18.1187 2 2 3
3.66314 18.1287 18.1287 2 2 3
3.66314 18.1387 18.1387 2 2 3
3.66314 18.1487 18.1487 2 2 3
3.66314 18.1587 18.1587 2 2 3
3.66314 18.1687 18.1687 2 2 3
3.66314 18.1787 18.1787 2 2 3
3.66314 18.1887 18.1887 2 2 3
3.66314 18.1987 18.1987 2 2 3
3.66314 18.2087 18.2087 2 2 3
3.66314 18.2187 18.2187 2 2 3
3.66314 18.2287 18.2287 2 2 3
3.66314 18.2387 18.2387 2 2 3
3.66314 18.2487 18.2487 2 2 3
3.66314 18.2587 18.2587 2 2 3
3.66314 18.2687 18.2687 2 2 3
3.66314 18.2787 18.2787 2 2 3
3.66314 18.2887 18.2887 2 2 3
3.66314 18.2987 18.2987 2 2 3
3.66314 18.3087 18.3087 2 2 3
3.66314 18.3187 18.3187 2 2 3
3.66314 18.3287 18.3287 2 2 3
3.66314 18.3387 18.3387 2 2 3
3.66314 18.3487 18.3487 2 2 3
3.66314 18.3587 18.3587 2 2 3
3.66314 18.3687 18.3687 2 2 3
3.66314 18.3787 18.3787 2 2 3
3.66314 18.3887 18.3887 2 2 3
3.66314 18.3987 18.3987 2 2 3
3.66314 18.4087 18.4087 2 2 3
3.66314 18.4187 18.4187 2 2 3
3.66314 18.4287 18.4287 2 2 3
3.66314 18.4387 18.4387 2 2 3
3.66314 18.4487 18.4487 2 2 3
3.66314 18.4587 18.4587 2 2 3
3.66314 18.4687 18.4687 2 2 3
3.66314 18.4787 18.4787 2 2 3
3.66314 18.4887 18.4887 2 2 3
3.66314 18.4987 18.4987 2 2 3
3.66314 18.5087 18.5087 2 2 3
3.66314 18.5187 18.5187 2 2 3
3.66314 18.5287 18.5287 2 2 3
3.66314 18.5387 18.5387 2 2 3
3.66314 18.5487 18.5487 2 2 3
3.66314 18.5587 18.5587 2 2 3
3.66314 18.5687 18.5687 2 2 3
3.66314 18.5787 18.5787 2 2 3
3.66314 18.5887 18.5887 2 2 3
3.66314 18.5987 18.5987 2 2 3
3.66314 18.6087 18.6087 2 2 3
3.66314 18.6187 18.6187 2 2 3
3.66314 18.6287 18.6287 2 2 3
3.66314 18.6387 18.6387 2 2 3
3.66314 18.6487 18.6487 2 2 3
3.66314 18.6587 18.6587 2 2 3
3.66314 18.6687 18.6687 2 2 3
3.66313 18.6787 18.6787 2 2 3
3.66313 18.6887 18.6887 2 2 3
3.66313 18.6987 18.6987 2 2 3
3.66313 18.7087 18.7087 2 2 3
3.66313 18.7187 18.7187 2 2 3
3.66313 18.7287 18.7287 2 2 3
3.66313 18.7387 18.7387 2 2 3
3.66313 18.7487 18.7487 2 2 3
3.66313 18.7587 18.7587 2 2 3
3.66313 18.7687 18.7687 2 2 3
3.66313 18.7787 18.7787 2 2 3
3.66313 18.7887 18.7887 2 2 3
3.66313 18.7987 18.7987 2 2 3
3.66313 18.8087 18.8087 2 2 3
3.66313 18.8187 18.8187 2 2 3
3.66313 18.8287 18.8287 2 2 3
3.66313 18.8387 18.8387 2 2 3
3.66313 18.8487 18.8487 2 2 3
3.66313 18.8587 18.8587 2 2 3
3.66313 18.8687 18.8687 2 2 3
3.66313 18.8787 18.8787 2 2 3
3.66313 18.8887 18.8887 2 2 3
3.66313 18.8987 18.8987 2 2 3
3.66313 18.9087 18.9087 2 2 3
3.66313 18.9187 18.9187 2 2 3
3.66313 18.9287 18.9287 2 2 3
3.66313 18.9387 18.9387 2 2 3
3.66313 18.9487 18.9487 2 2 3
3.66313 18.9587 18.9587 2 2 3
3.66313 18.9687 18.9687 2 2 3
3.66313 18.9787 18.9787 2 2 3
3.66313 18.9887 18.9887 2 2 3
3.66313 18.9987 18.9987 2 2 3
3.66313 19.0087 19.0087 2 2 3
3.66313 19.0187 19.0187 2 2 3
3.66313 19.0287 19.0287 2 2 3
3.66313 19.0387 19.0387 2 2 3
3.66313 19.0487 19.0487 2 2 3
3.66313 19.0587 19.0587 2 2 3
3.66313 19.0687 19.0687 2 2 3
3.66313 19.0787 19.0787 2 2 3
3.66313 19.0887 19.0887 2 2 3
3.66313 19.0987 19.0987 2 2 3
3.66313 19.1087 19.1087 2 2 3
3.66313 19.1187 19.1187 2 2 3
3.66313 19.1287 19.1287 2 2 3
3.66313 19.1387 19.1387 2 2 3
3.66313 19.1487 19.1487 2 2 3
3.66313 19.1587 19.1587 2 2 3
3.66313 19.1687 19.1687 2 2 3
3.66313 19.1787 19.1787 2 2 3
3.66313 19.1887 19.1887 2 2 3
3.66313 19.1987 19.1987 2 2 3
3.66313 19.2087 19.2087 2 2 3
3.66313 19.2187 19.2187 2 2 3
3.66313 19.2287 19.2287 2 2 3
3.66313 19.2387 19.2387 2 2 3
3.66313 19.2487 19.2487 2 2 3
3.66313 19.2587 19.2587 2 2 3
3.66313 19.2687 19.2687 2 2 3
3.66313 19.2787 19.2787 2 2 3
3.66313 19.2887 19.2887 2 2 3
3.66313 19.2987 19.2987 2 2 3
3.66313 19.3087 19.3087 2 2 3
3.66313 19.3187 19.3187 2 2 3
3.66313 19.3287 19.3287 2 2 3
3.66313 19.3387 19.3387 2 2 3
3.66313 19.3487 19.3487 2 2 3
3.66313 19.3587 19.3587 2 2 3
3.66313 19.3687 19.3687 2 2 3
3.66313 19.3787 19.3787 2 2 3
3.66313 19.3887 19.3887 2 2 3
3.66313 19.3987 19.3987 2 2 3
3.66313 19.4087 19.4087 2 2 3
3.66313 19.4187 19.4187 2 2 3
3.66313 19.4287 19.4287 2 2 3
3.66313 19.4387 19.4387 2 2 3
3.66313 19.4487 19.4487 2 2 3
3.66313 19.4587 19.4587 2 2 3
3.66313 19.4687 19.4687 2 2 3
3.66313 19.4787 19.4787 2 2 3
3.66313 19.4887 19.4887 2 2 3
3.66313 19.4987 19.4987 2 2 3
3.66313 19.5087 19.5087 2 2 3
3.66313 19.5187 19.5187 2 2 3
3.66313 19.5287 19.5287 2 2 3
3.66313 19.5387 19.5387 2 2 3
3.66313 19.5487 19.5487 2 2 3
3.66313 19.5587 19.5587 2 2 3
3.66313 19.5687 19.5687 2 2 3
3.66313 19.5787 19.5787 2 2 3
3.66313 19.5887 19.5887 2 2 3
3.66313 19.5987 19.5987 2 2 3
3.66313 19.6087 19.6087 2 2 3
3.66313 19.6187 19.6187 2 2 3
3.66313 19.6287 19.6287 2 2 3
3.66313 19.6387 19.6387 2 2 3
3.66313 19.6487 19.6487 2 2 3
3.66313 19.6587 19.6587 2 2 3
3.66313 19.6687 19.6687 2 2 3
3.66313 19.6787 19.6787 2 2 3
3.66313 19.6887 19.6887 2 2 3
3.66313 19.6987 19.6987 2 2 3
3.66313 19.7087 19.7087 2 2 3
3.66313 19.7187 19.7187 2 2 3
3.66313 19.7287 19.7287 2 2 3
3.66313 19.7387 19.7387 2 2 3
3.66313 19.7487 19.7487 2 2 3
3.66313 19.7587 19.7587 2 2 3
3.66313 19.7687 19.7687 2 2 3
3.66313 19.7787 19.7787 2 2 3
3.66313 19.7887 19.7887 2 2 3
3.66313 19.7987 19.7987 2 2 3
3.66313 19.8087 19.8087 2 2 3
3.66313 19.8187 19.8187 2 2 3
3.66313 19.8287 19.8287 2 2 3
3.66313 19.8387 19.8387 2 2 3
3.66313 19.8487 19.8487 2 2 3
3.66313 19.8587 19.8587 2 2 3
3.66313 19.8687 19.8687 2 2 3
3.66313 19.8787 19.8787 2 2 3
3.66313 19.8887 19.8887 2 2 3
3.66313 19.8987 19.8987 2 2 3
3.66313 19.9087 19.9087 2 2 3
3.66313 19.9187 19.9187 2 2 3
3.66313 19.9287 19.9287 2 2 3
3.66313 19.9387 19.9387 2 2 3
3.66313 19.9487 19.9487 2 2 3
3.66313 19.9587 19.9587 2 2 3
3.66313 19.9687 19.9687 2 2 3
3.66313 19.9787 19.9787 2 2 3
3.66313 19.9887 19.9887 2 2 3
3.66313 19.9987 19.9987 2 2 3
3.66313 20.0087 20.0087 2 2 3
3.66313 20.0187 20.0187 2 2 3
3.66313 20.0287 20.0287 2 2 3
3.66313 20.0387 20.0387 2 2 3
3.66313 20.0487 20.0487 2 2 3
3.66313 20.0587 20.0587 2 2 3
3.66313 20.0687 20.0687 2 2 3
3.66313 20.0787 20.0787 2 2 3
3.66313 20.0887 20.0887 2 2 3
3.66313 20.0987 20.0987 2 2 3
3.66313 20.1087 20.1087 2 2 3
3.66313 20.1187 20.1187 2 2 3
3.66313 20.1287 20.1287 2 2 3
3.66313 20.1387 20.1387 2 2 3
3.66313 20.1487 20.1487 2 2 3
3.66313 20.1587 20.1587 2 2 3
3.66313 20.1687 20.1687 2 2 3
3.66313 20.1787 20.1787 2 2 3
3.66313 20.1887 20.1887 2 2 3
3.66313 20.1987 20.1987 2 2 3
3.66313 20.2087 20.2087 2 2 3
3.66313 20.2187 20.2187 2 2 3
3.66313 20.2287 20.2287 2 2 3
3.66313 20.2387 20.2387 2 2 3
3.66313 20.2487 20.2487 2 2 3
3.66313 20.2587 20.2587 2 2 3
3.66313 20.2687 20.2687 2 2 3
3.66313 20.2787 20.2787 2 2 3
3.66313 20.2887 20.2887 2 2 3
3.66313 20.2987 20.2987 2 2 3
3.66313 20.3087 20.3087 2 2 3
3.66313 20.3187 20.3187 2 2 3
3.66313 20.3287 20.3287 2 2 3
3.66313 20.3387 20.3387 2 2 3
3.66313 20.3487 20.3487 2 2 3
3.66313 20.3587 20.3587 2 2 3
3.66313 20.3687 20.3687 2 2 3
3.66313 20.3787 20.3787 2 2 3
3.66313 20.3887 20.3887 2 2 3
3.66313 20.3987 20.3987 2 2 3
3.66313 20.4087 20.4087 2 2 3
3.66313 20.4187 20.4187 2 2 3
3.66313 20.4287 20.4287 2 2 3
3.66313 20.4387 20.4387 2 2 3
3.66313 20.4487 20.4487 2 2 3
3.66313 20.4587 20.4587 2 2 3
3.66313 20.4687 20.4687 2 2 3
3.66313 20.4787 20.4787 2 2 3
3.66313 20.4887 20.4887 2 2 3
3.66313 20.4987 20.4987 2 2 3
3.66313 20.5087 20.5087 2 2 3
3.66313 20.5187 20.5187 2 2 3
3.66313 20.5287 20.5287 2 2 3
3.66313 20.5387 20.5387 2 2 3
3.66313 20.5487 20.5487 2 2 3
3.66313 20.5587 20.5587 2 2 3
3.66313 20.5687 20.5687 2 2 3
3.66313 20.5787 20.5787 2 2 3
3.66313 20.5887 20.5887 2 2 3
3.66313 20.5987 20.5987 2 2 3
3.66313 20.6087 20.6087 2 2 3
3.66313 20.6187 20.6187 2 2 3
3.66313 20.6287 20.6287 2 2 3
3.66313 20.6387 20.6387 2 2 3
3.66313 20.6487 20.6487 2 2 3
3.66313 20.6587 20.6587 2 2 3
3.66313 20.6687 20.6687 2 2 3
3.66313 20.6787 20.6787 2 2 3
3.66313 20.6887 20.6887 2 2 3
3.66313 20.6987 20.6987 2 2 3
3.66313 20.7087 20.7087 2 2 3
3.66313 20.7187 20.7187 2 2 3
3.66313 20.7287 20.7287 2 2 3
3.66313 20.7387 20.7387 2 2 3
3.66313 20.7487 20.7487 2 2 3
3.66313 20.7587 20.7587 2 2 3
3.66313 20.7687 20.7687 2 2 3
3.66313 20.7787 20.7787 2 2 3
3.66313 20.7887 20.7887 2 2 3
3.66313 20.7987 20.7987 2 2 3
3.66313 20.8087 20.8087 2 2 3
3.66313 20.8187 20.8187 2 2 3
3.66313 20.8287 20.8287 2 2 3
3.66313 20.8387 20.8387 2 2 3
3.66313 20.8487 20.8487 2 2 3
3.66313 20.8587 20.8587 2 2 3
3.66313 20.8687 20.8687 2 2 3
3.66313 20.8787 20.8787 2 2 3
3.66313 20.8887 20.8887 2 2 3
3.66313 20.8987 20.8987 2 2 3
3.66313 20.9087 20.9087 2 2 3
3.66313 20.9187 20.9187 2 2 3
3.66313 20.9287 20.9287 2 2 3
3.66313 20.9387 20.9387 2 2 3
3.66313 20.9487 20.9487 2 2 3
3.66313 20.9587 20.9587 2 2 3
3.66313 20.9687 20.9687 2 2 3
3.66313 20.9787 20.9787 2 2 3
3.66313 20.9887 20.9887 2 2 3
3.66313 20.9987 20.9987 2 2 3
3.66313 21.0087 21.0087 2 2 3
3.66313 21.0187 21.0187 2 2 3
3.66313 21.0287 21.0287 2 2 3
3.66313 21.0387 21.0387 2 2 3
3.66313 21.0487 21.0487 2 2 3
3.66313 21.0587 21.0587 2 2 3
3.66313 21.0687 21.0687 2 2 3
3.66313 21.0787 21.0787 2 2 3
3.66313 21.0887 21.0887 2 2 3
3.66313 21.0987 21.0987 2 2 3
3.66313 21.1087 21.1087 2 2 3
3.66313 21.1187 21.1187 2 2 3
3.66313 21.1287 21.1287 2 2 3
3.66313 21.1387 21.1387 2 2 3
3.66313 21.1487 21.1487 2 2 3
3.66313 21.1587 21.1587 2 2 3
3.66313 21.1687 21.1687 2 2 3
3.66313 21.1787 21.1787 2 2 3
3.66313 21.1887 21.1887 2 2 3
3.66313 21.1987 21.1987 2 2 3
3.66313 21.2087 21.2087 2 2 3
3.66313 21.2187 21.2187 2 2 3
3.66313 21.2287 21.2287 2 2 3
3.66313 21.2387 21.2387 2 2 3
3.66313 21.2487 21.2487 2 2 3
3.66313 21.2587 21.2587 2 2 3
3.66313 21.2687 21.2687 2 2 3
3.66313 21.2787 21.2787 2 2 3
3.66313 21.2887 21.2887 2 2 3
3.66313 21.2987 21.2987 2 2 3
3.66313 21.3087 21.3087 2 2 3
3.66313 21.3187 21.3187 2 2 3
3.66313 21.3287 21.3287 2 2 3
3.66313 21.3387 21.3387 2 2 3
3.66313 21.3487 21.3487 2 2 3
3.66313 21.3587 21.3587 2 2 3
3.66313 21.3687 21.3687 2 2 3
3.66313 21.3787 21.3787 2 2 3
3.66313 21.3887 21.3887 2 2 3
3.66313 21.3987 21.3987 2 2 3
3.66313 21.4087 21.4087 2 2 3
3.66313 21.4187 21.4187 2 2 3
3.66313 21.4287 21.4287 2 2 3
3.66313 21.4387 21.4387 2 2 3
3.66313 21.4487 21.4487 2 2 3
3.66313 21.4587 21.4587 2 2 3
3.66313 21.4687 21.4687 2 2 3
3.66313 21.4787 21.4787 2 2 3
3.66313 21.4887 21.4887 2 2 3
3.66313 21.4987 21.4987 2 2 3
3.66313 21.5087 21.5087 2 2 3
3.66313 21.5187 21.5187 2 2 3
3.66313 21.5287 21.5287 2 2 3
3.66313 21.5387 21.5387 2 2 3
3.66313 21.5487 21.5487 2 2 3
3.66313 21.5587 21.5587 2 2 3
3.66313 21.5687 21.5687 2 2 3
3.66313 21.5787 21.5787 2 2 3
3.66313 21.5887 21.5887 2 2 3
3.66313 21.5987 21.5987 2 2 3
3.66313 21.6087 21.6087 2 2 3
3.66313 21.6187 21.6187 2 2 3
3.66313 21.6287 21.6287 2 2 3
3.66313 21.6387 21.6387 2 2 3
3.66313 21.6487 21.6487 2 2 3
3.66313 21.6587 21.6587 2 2 3
3.66313 21.6687 21.6687 2 2 3
3.66313 21.6787 21.6787 2 2 3
3.66313 21.6887 21.6887 2 2 3
3.66313 21.6987 21.6987 2 2 3
3.66313 21.7087 21.7087 2 2 3
3.66313 21.7187 21.7187 2 2 3
3.66313 21.7287 21.7287 2 2 3
3.66313 21.7387 21.7387 2 2 3
3.66313 21.7487 21.7487 2 2 3
3.66313 21.7587 21.7587 2 2 3
3.66313 21.7687 21.7687 2 2 3
3.66313 21.7787 21.7787 2 2 3
3.66313 21.7887 21.7887 2 2 3
3.66313 21.7987 21.7987 2 2 3
3.66313 21.8087 21.8087 2 2 3
3.66313 21.8187 21.8187 2 2 3
3.66313 21.8287 21.8287 2 2 3
3.66313 21.8387 21.8387 2 2 3
3.66313 21.8487 21.8487 2 2 3
3.66313 21.8587 21.8587 2 2 3
3.66313 21.8687 21.8687 2 2 3
3.66313 21.8787 21.8787 2 2 3
3.66313 21.8887 21.8887 2 2 3
3.66313 21.8987 21.8987 2 2 3
3.66313 21.9087 21.9087 2 2 3
3.66313 21.9187 21.9187 2 2 3
3.66313 21.9287 21.9287 2 2 3
3.66313 21.9387 21.9387 2 2 3
3.66313 21.9487 21.9487 2 2 3
3.66313 21.9587 21.9587 2 2 3
3.66313 21.9687 21.9687 2 2 3
3.66313 21.9787 21.9787 2 2 3
3.66313 21.9887 21.9887 2 2 3
3.66313 21.9987 21.9987 2 2 3
3.66313 22.0087 22.0087 2 2 3
3.66313 22.0187 22.0187 2 2 3
3.66313 22.0287 22.0287 2 2 3
3.66313 22.0387 22.0387 2 2 3
3.66313 22.0487 22.0487 2 2 3
3.66313 22.0587 22.0587 2 2 3
3.66313 22.0687 22.0687 2 2 3
3.66313 22.0787 22.0787 2 2 3
3.66313 22.0887 22.0887 2 2 3
3.66313 22.0987 22.0987 2 2 3
3.66313 22.1087 22.1087 2 2 3
3.66313 22.1187 22.1187 2 2 3
3.66313 22.1287 22.1287 2 2 3
3.66313 22.1387 22.1387 2 2 3
3.66313 22.1487 22.1487 2 2 3
3.66313 22.1587 22.1587 2 2 3
3.66313 22.1687 22.1687 2 2 3
3.66313 22.1787 22.1787 2 2 3
3.66313 22.1887 22.1887 2 2 3
3.66313 22.1987 22.1987 2 2 3
3.66313 22.2087 22.2087 2 2 3
3.66313 22.2187 22.2187 2 2 3
3.66313 22.2287 22.2287 2 2 3
3.66313 22.2387 22.2387 2 2 3
3.66313 22.2487 22.2487 2 2 3
3.66313 22.2587 22.2587 2 2 3
3.66313 22.2687 22.2687 2 2 3
3.66313 22.2787 22.2787 2 2 3
3.66313 22.2887 22.2887 2 2 3
3.66313 22.2987 22.2987 2 2 3
3.66313 22.3087 22.3087 2 2 3
3.66313 22.3187 22.3187 2 2 3
3.66313 22.3287 22.3287 2 2 3
3.66313 22.3387 22.3387 2 2 3
3.66313 22.3487 22.3487 2 2 3
3.66313 22.3587 22.3587 2 2 3
3.66313 22.3687 22.3687 2 2 3
3.66313 22.3787 22.3787 2 2 3
3.66313 22.3887 22.3887 2 2 3
3.66313 22.3987 22.3987 2 2 3
3.66313 22.4087 22.4087 2 2 3
3.66313 22.4187 22.4187 2 2 3
3.66313 22.4287 22.4287 2 2 3
3.66313 22.4387 22.4387 2 2 3
3.66313 22.4487 22.4487 2 2 3
3.66313 22.4587 22.4587 2 2 3
3.66313 22.4687 22.4687 2 2 3
3.66313 22.4787 22.4787 2 2 3
3.66313 22.4887 22.4887 2 2 3
3.66313 22.4987 22.4987 2 2 3
3.66313 22.5087 22.5087 2 2 3
3.66313 22.5187 22.5187 2 2 3
3.66313 22.5287 22.5287 2 2 3
3.66313 22.5387 22.5387 2 2 3
3.66313 22.5487 22.5487 2 2 3
3.66313 22.5587 22.5587 2 2 3
3.66313 22.5687 22.5687 2 2 3
3.66313 22.5787 22.5787 2 2 3
3.66313 22.5887 22.5887 2 2 3
3.66313 22.5987 22.5987 2 2 3
3.66313 22.6087 22.6087 2 2 3
3.66313 22.6187 22.6187 2 2 3
3.66313 22.6287 22.6287 2 2 3
3.66313 22.6387 22.6387 2 2 3
3.66313 22.6487 22.6487 2 2 3
3.66313 22.6587 22.6587 2 2 3
3.66313 22.6687 22.6687 2 2 3
3.66313 22.6787 22.6787 2 2 3
3.66313 22.6887 22.6887 2 2 3
3.66313 22.6987 22.6987 2 2 3
3.66313 22.7087 22.7087 2 2 3
3.66313 22.7187 22.7187 2 2 3
3.66313 22.7287 22.7287 2 2 3
3.66313 22.7387 22.7387 2 2 3
3.66313 22.7487 22.7487 2 2 3
3.66313 22.7587 22.7587 2 2 3
3.66313 22.7687 22.7687 2 2 3
3.66313 22.7787 22.7787 2 2 3
3.66313 22.7887 22.7887 2 2 3
3.66313 22.7987 22.7987 2 2 3
3.66313 22.8087 22.8087 2 2 3
3.66313 22.8187 22.8187 2 2 3
3.66313 22.8287 22.8287 2 2 3
3.66313 22.8387 22.8387 2 2 3
3.66313 22.8487 22.8487 2 2 3
3.66313 22.8587 22.8587 2 2 3
3.66313 22.8687 22.8687 2 2 3
3.66313 22.8787 22.8787 2 2 3
3.66313 22.8887 22.8887 2 2 3
3.66313 22.8987 22.8987 2 2 3
3.66313 22.9087 22.9087 2 2 3
3.66313 22.9187 22.9187 2 2 3
3.66313 22.9287 22.9287 2 2 3
3.66313 22.9387 22.9387 2 2 3
3.66313 22.9487 22.9487 2 2 3
3.66313 22.9587 22.9587 2 2 3
3.66313 22.9687 22.9687 2 2 3
3.66313 22.9787 22.9787 2 2 3
3.66313 22.9887 22.9887 2 2 3
3.66313 22.9987 22.9987 2 2 3
3.66313 23.0087 23.0087 2 2 3
3.66313 23.0187 23.0187 2 2 3
3.66313 23.0287 23.0287 2 2 3
3.66313 23.0387 23.0387 2 2 3
3.66313 23.0487 23.0487 2 2 3
3.66313 23.0587 23.0587 2 2 3
3.66313 23.0687 23.0687 2 2 3
3.66313 23.0787 23.0787 2 2 3
3.66313 23.0887 23.0887 2 2 3
3.66313 23.0987 23.0987 2 2 3
3.66313 23.1087 23.1087 2 2 3
3.66313 23.1187 23.1187 2 2 3
3.66313 23.1287 23.1287 2 2 3
3.66313 23.1387 23.1387 2 2 3
3.66313 23.1487 23.1487 2 2 3
3.66313 23.1587 23.1587 2 2 3
3.66313 23.1687 23.1687 2 2 3
3.66313 23.1787 23.1787 2 2 3
3.66313 23.1887 23.1887 2 2 3
3.66313 23.1987 23.1987 2 2 3
3.66313 23.2087 23.2087 2 2 3
3.66313 23.2187 23.2187 2 2 3
3.66313 23.2287 23.2287 2 2 3
3.66313 23.2387 23.2387 2 2 3
3.66313 23.2487 23.2487 2 2 3
3.66313 23.2587 23.2587 2 2 3
3.66313 23.2687 23.2687 2 2 3
3.66313 23.2787 23.2787 2 2 3
3.66313 23.2887 23.2887 2 2 3
3.66313 23.2987 23.2987 2 2 3
3.66313 23.3087 23.3087 2 2 3
3.66313 23.3187 23.3187 2 2 3
3.66313 23.3287 23.3287 2 2 3
3.66313 23.3387 23.3387 2 2 3
3.66313 23.3487 23.3487 2 2 3
3.66313 23.3587 23.3587 2 2 3
3.66313 23.3687 23.3687 2 2 3
3.66313 23.3787 23.3787 2 2 3
3.66313 23.3887 23.3887 2 2 3
3.66313 23.3987 23.3987 2 2 3
3.66313 23.4087 23.4087 2 2 3
3.66313 23.4187 23.4187 2 2 3
3.66313 23.4287 23.4287 2 2 3
3.66313 23.4387 23.4387 2 2 3
3.66313 23.4487 23.4487 2 2 3
3.66313 23.4587 23.4587 2 2 3
3.66313 23.4687 23.4687 2 2 3
3.66313 23.4787 23.4787 2 2 3
3.66313 23.4887 23.4887 2 2 3
3.66313 23.4987 23.4987 2 2 3
3.66313 23.5087 23.5087 2 2 3
3.66313 23.5187 23.5187 2 2 3
3.66313 23.5287 23.5287 2 2 3
3.66313 23.5387 23.5387 2 2 3
3.66313 23.5487 23.5487 2 2 3
3.66313 23.5587 23.5587 2 2 3
3.66313 23.5687 23.5687 2 2 3
3.66313 23.5787 23.5787 2 2 3
3.66313 23.5887 23.5887 2 2 3
3.66313 23.5987 23.5987 2 2 3
3.66313 23.6087 23.6087 2 2 3
3.66313 23.6187 23.6187 2 2 3
3.66313 23.6287 23.6287 2 2 3
3.66313 23.6387 23.6387 2 2 3
3.66313 23.6487 23.6487 2 2 3
3.66313 23.6587 23.6587 2 2 3
3.66313 23.6687 23.6687 2 2 3
3.66313 23.6787 23.6787 2 2 3
3.66313 23.6887 23.6887 2 2 3
3.66313 23.6987 23.6987 2 2 3
3.66313 23.7087 23.7087 2 2 3
3.66313 23.7187 23.7187 2 2 3
3.66313 23.7287 23.7287 2 2 3
3.66313 23.7387 23.7387 2 2 3
3.66313 23.7487 23.7487 2 2 3
3.66313 23.7587 23.7587 2 2 3
3.66313 23.7687 23.7687 2 2 3
3.66313 23.7787 23.7787 2 2 3
3.66313 23.7887 23.7887 2 2 3
3.66313 23.7987 23.7987 2 2 3
3.66313 23.8087 23.8087 2 2 3
3.66313 23.8187 23.8187 2 2 3
3.66313 23.8287 23.8287 2 2 3
3.66313 23.8387 23.8387 2 2 3
3.66313 23.8487 23.8487 2 2 3
3.66313 23.8587 23.8587 2 2 3
3.66313 23.8687 23.8687 2 2 3
3.66313 23.8787 23.8787 2 2 3
3.66313 23.8887 23.8887 2 2 3
3.66313 23.8987 23.8987 2 2 3
3.66313 23.9087 23.9087 2 2 3
3.66313 23.9187 23.9187 2 2 3
3.66313 23.9287 23.9287 2 2 3
3.66313 23.9387 23.9387 2 2 3
3.66313 23.9487 23.9487 2 2 3
3.66313 23.9587 23.9587 2 2 3
3.66313 23.9687 23.9687 2 2 3
3.66313 23.9787 23.9787 2 2 3
3.66313 23.9887 23.9887 2 2 3
3.66313 23.9987 23.9987 2 2 3
3.66313 24.0087 24.0087 2 2 3
3.66313 24.0187 24.0187 2 2 3
3.66313 24.0287 24.0287 2 2 3
3.66313 24.0387 24.0387 2 2 3
3.66313 24.0487 24.0487 2 2 3
3.66313 24.0587 24.0587 2 2 3
3.66313 24.0687 24.0687 2 2 3
3.66313 24.0787 24.0787 2 2 3
3.66313 24.0887 24.0887 2 2 3
3.66313 24.0987 24.0987 2 2 3
3.66313 24.1087 24.1087 2 2 3
3.66313 24.1187 24.1187 2 2 3
3.66313 24.1287 24.1287 2 2 3
3.66313 24.1387 24.1387 2 2 3
3.66313 24.1487 24.1487 2 2 3
3.66313 24.1587 24.1587 2 2 3
3.66313 24.1687 24.1687 2 2 3
3.66313 24.1787 24.1787 2 2 3
3.66313 24.1887 24.1887 2 2 3
3.66313 24.1987 24.1987 2 2 3
3.66313 24.2087 24.2087 2 2 3
3.66313 24.2187 24.2187 2 2 3
3.66313 24.2287 24.2287 2 2 3
3.66313 24.2387 24.2387 2 2 3
3.66313 24.2487 24.2487 2 2 3
3.66313 24.2587 24.2587 2 2 3
3.66313 24.2687 24.2687 2 2 3
3.66313 24.2787 24.2787 2 2 3
3.66313 24.2887 24.2887 2 2 3
3.66313 24.2987 24.2987 2 2 3
3.66313 24.3087 24.3087 2 2 3
3.66313 24.3187 24.3187 2 2 3
3.66313 24.3287 24.3287 2 2 3
3.66313 24.3387 24.3387 2 2 3
3.66313 24.3487 24.3487 2 2 3
3.66313 24.3587 24.3587 2 2 3
3.66313 24.3687 24.3687 2 2 3
3.66313 24.3787 24.3787 2 2 3
3.66313 24.3887 24.3887 2 2 3
3.66313 24.3987 24.3987 2 2 3
3.66313 24.4087 24.4087 2 2 3
3.66313 24.4187 24.4187 2 2 3
3.66313 24.4287 24.4287 2 2 3
3.66313 24.4387 24.4387 2 2 3
3.66313 24.4487 24.4487 2 2 3
3.66313 24.4587 24.4587 2 2 3
3.66313 24.4687 24.4687 2 2 3
3.66313 24.4787 24.4787 2 2 3
3.66313 24.4887 24.4887 2 2 3
3.66313 24.4987 24.4987 2 2 3
3.66313 24.5087 24.5087 2 2 3
3.66313 24.5187 24.5187 2 2 3
3.66313 24.5287 24.5287 2 2 3
3.66313 24.5387 24.5387 2 2 3
3.66313 24.5487 24.5487 2 2 3
3.66313 24.5587 24.5587 2 2 3
3.66313 24.5687 24.5687 2 2 3
3.66313 24.5787 24.5787 2 2 3
3.66313 24.5887 24.5887 2 2 3
3.66313 24.5987 24.5987 2 2 3
3.66313 24.6087 24.6087 2 2 3
3.66313 24.6187 24.6187 2 2 3
3.66313 24.6287 24.6287 2 2 3
3.66313 24.6387 24.6387 2 2 3
3.66313 24.6487 24.6487 2 2 3
3.66313 24.6587 24.6587 2 2 3
3.66313 24.6687 24.6687 2 2 3
3.66313 24.6787 24.6787 2 2 3
3.66313 24.6887 24.6887 2 2 3
3.66313 24.6987 24.6987 2 2 3
3.66313 24.7087 24.7087 2 2 3
3.66313 24.7187 24.7187 2 2 3
3.66313 24.7287 24.7287 2 2 3
3.66313 24.7387 24.7387 2 2 3
3.66313 24.7487 24.7487 2 2 3
3.66313 24.7587 24.7587 2 2 3
3.66313 24.7687 24.7687 2 2 3
3.66313 24.7787 24.7787 2 2 3
3.66313 24.7887 24.7887 2 2 3
3.66313 24.7987 24.7987 2 2 3
3.66313 24.8087 24.8087 2 2 3
3.66313 24.8187 24.8187 2 2 3
3.66313 24.8287 24.8287 2 2 3
3.66313 24.8387 24.8387 2 2 3
3.66313 24.8487 24.8487 2 2 3
3.66313 24.8587 24.8587 2 2 3
3.66313 24.8687 24.8687 2 2 3
3.66313 24.8787 24.8787 2 2 3
3.66313 24.8887 24.8887 2 2 3
3.66313 24.8987 24.8987 2 2 3
3.66313 24.9087 24.9087 2 2 3
3.66313 24.9187 24.9187 2 2 3
3.66313 24.9287 24.9287 2 2 3
3.66313 24.9387 24.9387 2 2 3
3.66313 24.9487 24.9487 2 2 3
3.66313 24.9587 24.9587 2 2 3
3.66313 24.9687 24.9687 2 2 3
3.66313 24.9787 24.9787 2 2 3
3.66313 24.9887 24.9887 2 2 3
3.66313 24.9987 24.9987 2 2 3
3.66313 25.0087 25.0087 2 2 3
3.66313 25.0187 25.0187 2 2 3
3.66313 25.0287 25.0287 2 2 3
3.66313 25.0387 25.0387 2 2 3
3.66313 25.0487 25.0487 2 2 3
3.66313 25.0587 25.0587 2 2 3
3.66313 25.0687 25.0687 2 2 3
3.66313 25.0787 25.0787 2 2 3
3.66313 25.0887 25.0887 2 2 3
3.66313 25.0987 25.0987 2 2 3
3.66313 25.1087 25.1087 2 2 3
3.66313 25.1187 25.1187 2 2 3
3.66313 25.1287 25.1287 2 2 3
3.66313 25.1387 25.1387 2 2 3
3.66313 25.1487 25.1487 2 2 3
3.66313 25.1587 25.1587 2 2 3
3.66313 25.1687 25.1687 2 2 3
3.66313 25.1787 25.1787 2 2 3
3.66313 25.1887 25.1887 2 2 3
3.66313 25.1987 25.1987 2 2 3
3.66313 25.2087 25.2087 2 2 3
3.66313 25.2187 25.2187 2 2 3
3.66313 25.2287 25.2287 2 2 3
3.66313 25.2387 25.2387 2 2 3
3.66313 25.2487 25.2487 2 2 3
3.66313 25.2587 25.2587 2 2 3
3.66313 25.2687 25.2687 2 2 3
3.66313 25.2787 25.2787 2 2 3
3.66313 25.2887 25.2887 2 2 3
3.66313 25.2987 25.2987 2 2 3
3.66313 25.3087 25.3087 2 2 3
3.66313 25.3187 25.3187 2 2 3
3.66313 25.3287 25.3287 2 2 3
3.66313 25.3387 25.3387 2 2 3
3.66313 25.3487 25.3487 2 2 3
3.66313 25.3587 25.3587 2 2 3
3.66313 25.3687 25.3687 2 2 3
3.66313 25.3787 25.3787 2 2 3
3.66313 25.3887 25.3887 2 2 3
3.66313 25.3987 25.3987 2 2 3
3.66313 25.4087 25.4087 2 2 3
3.66313 25.4187 25.4187 2 2 3
3.66313 25.4287 25.4287 2 2 3
3.66313 25.4387 25.4387 2 2 3
3.66313 25.4487 25.4487 2 2 3
3.66313 25.4587 25.4587 2 2 3
3.66313 25.4687 25.4687 2 2 3
3.66313 25.4787 25.4787 2 2 3
3.66313 25.4887 25.4887 2 2 3
3.66313 25.4987 25.4987 2 2 3
3.66313 25.5087 25.5087 2 2 3
3.66313 25.5187 25.5187 2 2 3
3.66313 25.5287 25.5287 2 2 3
3.66313 25.5387 25.5387 2 2 3
3.66313 25.5487 25.5487 2 2 3
3.66313 25.5587 25.5587 2 2 3
3.66313 25.5687 25.5687 2 2 3
3.66313 25.5787 25.5787 2 2 3
3.66313 25.5887 25.5887 2 2 3
3.66313 25.5987 25.5987 2 2 3
3.66313 25.6087 25.6087 2 2 3
3.66313 25.6187 25.6187 2 2 3
3.66313 25.6287 25.6287 2 2 3
3.66313 25.6387 25.6387 2 2 3
3.66313 25.6487 25.6487 2 2 3
3.66313 25.6587 25.6587 2 2 3
3.66313 25.6687 25.6687 2 2 3
3.66313 25.6787 25.6787 2 2 3
3.66313 25.6887 25.6887 2 2 3
3.66313 25.6987 25.6987 2 2 3
3.66313 25.7087 25.7087 2 2 3
3.66313 25.7187 25.7187 2 2 3
3.66313 25.7287 25.7287 2 2 3
3.66313 25.7387 25.7387 2 2 3
3.66313 25.7487 25.7487 2 2 3
3.66313 25.7587 25.7587 2 2 3
3.66313 25.7687 25.7687 2 2 3
3.66313 25.7787 25.7787 2 2 3
3.66313 25.7887 25.7887 2 2 3
3.66313 25.7987 25.7987 2 2 3
3.66313 25.8087 25.8087 2 2 3
3.66313 25.8187 25.8187 2 2 3
3.66313 25.8287 25.8287 2 2 3
3.66313 25.8387 25.8387 2 2 3
3.66313 25.8487 25.8487 2 2 3
3.66313 25.8587 25.8587 2 2 3
3.66313 25.8687 25.8687 2 2 3
3.66313 25.8787 25.8787 2 2 3
3.66313 25.8887 25.8887 2 2 3
3.66313 25.8987 25.8987 2 2 3
3.66313 25.9087 25.9087 2 2 3
3.66313 25.9187 25.9187 2 2 3
3.66313 25.9287 25.9287 2 2 3
3.66313 25.9387 25.9387 2 2 3
3.66313 25.9487 25.9487 2 2 3
3.66313 25.9587 25.9587 2 2 3
3.66313 25.9687 25.9687 2 2 3
3.66313 25.9787 25.9787 2 2 3
3.66313 25.9887 25.9887 2 2 3
3.66313 25.9987 25.9987 2 2 3
3.66313 26.0087 26.0087 2 2 3
3.66313 26.0187 26.0187 2 2 3
3.66313 26.0287 26.0287 2 2 3
3.66313 26.0387 26.0387 2 2 3
3.66313 26.0487 26.0487 2 2 3
3.66313 26.0587 26.0587 2 2 3
3.66313 26.0687 26.0687 2 2 3
3.66313 26.0787 26.0787 2 2 3
3.66313 26.0887 26.0887 2 2 3
3.66313 26.0987 26.0987 2 2 3
3.66313 26.1087 26.1087 2 2 3
3.66313 26.1187 26.1187 2 2 3
3.66313 26.1287 26.1287 2 2 3
3.66313 26.1387 26.1387 2 2 3
3.66313 26.1487 26.1487 2 2 3
3.66313 26.1587 26.1587 2 2 3
3.66313 26.1687 26.1687 2 2 3
3.66313 26.1787 26.1787 2 2 3
3.66313 26.1887 26.1887 2 2 3
3.66313 26.1987 26.1987 2 2 3
3.66313 26.2087 26.2087 2 2 3
3.66313 26.2187 26.2187 2 2 3
3.66313 26.2287 26.2287 2 2 3
3.66313 26.2387 26.2387 2 2 3
3.66313 26.2487 26.2487 2 2 3
3.66313 26.2587 26.2587 2 2 3
3.66313 26.2687 26.2687 2 2 3
3.66313 26.2787 26.2787 2 2 3
3.66313 26.2887 26.2887 2 2 3
3.66313 26.2987 26.2987 2 2 3
3.66313 26.3087 26.3087 2 2 3
3.66313 26.3187 26.3187 2 2 3
3.66313 26.3287 26.3287 2 2 3
3.66313 26.3387 26.3387 2 2 3
3.66313 26.3487 26.3487 2 2 3
3.66313 26.3587 26.3587 2 2 3
3.66313 26.3687 26.3687 2 2 3
3.66313 26.3787 26.3787 2 2 3
3.66313 26.3887 26.3887 2 2 3
3.66313 26.3987 26.3987 2 2 3
3.66313 26.4087 26.4087 2 2 3
3.66313 26.4187 26.4187 2 2 3
3.66313 26.4287 26.4287 2 2 3
3.66313 26.4387 26.4387 2 2 3
3.66313 26.4487 26.4487 2 2 3
3.66313 26.4587 26.4587 2 2 3
3.66313 26.4687 26.4687 2 2 3
3.66313 26.4787 26.4787 2 2 3
3.66313 26.4887 26.4887 2 2 3
3.66313 26.4987 26.4987 2 2 3
3.66313 26.5087 26.5087 2 2 3
3.66313 26.5187 26.5187 2 2 3
3.66313 26.5287 26.5287 2 2 3
3.66313 26.5387 26.5387 2 2 3
3.66313 26.5487 26.5487 2 2 3
3.66313 26.5587 26.5587 2 2 3
3.66313 26.5687 26.5687 2 2 3
3.66313 26.5787 26.5787 2 2 3
3.66313 26.5887 26.5887 2 2 3
3.66313 26.5987 26.5987 2 2 3
3.66313 26.6087 26.6087 2 2 3
3.66313 26.6187 26.6187 2 2 3
3.66313 26.6287 26.6287 2 2 3
3.66313 26.6387 26.6387 2 2 3
3.66313 26.6487 26.6487 2 2 3
3.66313 26.6587 26.6587 2 2 3
3.66313 26.6687 26.6687 2 2 3
3.66313 26.6787 26.6787 2 2 3
3.66313 26.6887 26.6887 2 2 3
3.66313 26.6987 26.6987 2 2 3
3.66313 26.7087 26.7087 2 2 3
3.66313 26.7187 26.7187 2 2 3
3.66313 26.7287 26.7287 2 2 3
3.66313 26.7387 26.7387 2 2 3
3.66313 26.7487 26.7487 2 2 3
3.66313 26.7587 26.7587 2 2 3
3.66313 26.7687 26.7687 2 2 3
3.66313 26.7787 26.7787 2 2 3
3.66313 26.7887 26.7887 2 2 3
3.66313 26.7987 26.7987 2 2 3
3.66313 26.8087 26.8087 2 2 3
3.66313 26.8187 26.8187 2 2 3
3.66313 26.8287 26.8287 2 2 3
3.66313 26.8387 26.8387 2 2 3
3.66313 26.8487 26.8487 2 2 3
3.66313 26.8587 26.8587 2 2 3
3.66313 26.8687 26.8687 2 2 3
3.66313 26.8787 26.8787 2 2 3
3.66313 26.8887 26.8887 2 2 3
3.66313 26.8987 26.8987 2 2 3
3.66313 26.9087 26.9087 2 2 3
3.66313 26.9187 26.9187 2 2 3
3.66313 26.9287 26.9287 2 2 3
3.66313 26.9387 26.9387 2 2 3
3.66313 26.9487 26.9487 2 2 3
3.66313 26.9587 26.9587 2 2 3
3.66313 26.9687 26.9687 2 2 3
3.66313 26.9787 26.9787 2 2 3
3.66313 26.9887 26.9887 2 2 3
3.66313 26.9987 26.9987 2 2 3
3.66313 27.0087 27.0087 2 2 3
3.66313 27.0187 27.0187 2 2 3
3.66313 27.0287 27.0287 2 2 3
3.66313 27.0387 27.0387 2 2 3
3.66313 27.0487 27.0487 2 2 3
3.66313 27.0587 27.0587 2 2 3
3.66313 27.0687 27.0687 2 2 3
3.66313 27.0787 27.0787 2 2 3
3.66313 27.0887 27.0887 2 2 3
3.66313 27.0987 27.0987 2 2 3
3.66313 27.1087 27.1087 2 2 3
3.66313 27.1187 27.1187 2 2 3
3.66313 27.1287 27.1287 2 2 3
3.66313 27.1387 27.1387 2 2 3
3.66313 27.1487 27.1487 2 2 3
3.66313 27.1587 27.1587 2 2 3
3.66313 27.1687 27.1687 2 2 3
3.66313 27.1787 27.1787 2 2 3
3.66313 27.1887 27.1887 2 2 3
3.66313 27.1987 27.1987 2 2 3
3.66313 27.2087 27.2087 2 2 3
3.66313 27.2187 27.2187 2 2 3
3.66313 27.2287 27.2287 2 2 3
3.66313 27.2387 27.2387 2 2 3
3.66313 27.2487 27.2487 2 2 3
3.66313 27.2587 27.2587 2 2 3
3.66313 27.2687 27.2687 2 2 3
3.66313 27.2787 27.2787 2 2 3
3.66313 27.2887 27.2887 2 2 3
3.66313 27.2987 27.2987 2 2 3
3.66313 27.3087 27.3087 2 2 3
3.66313 27.3187 27.3187 2 2 3
3.66313 27.3287 27.3287 2 2 3
3.66313 27.3387 27.3387 2 2 3
3.66313 27.3487 27.3487 2 2 3
3.66313 27.3587 27.3587 2 2 3
3.66313 27.3687 27.3687 2 2 3
3.66313 27.3787 27.3787 2 2 3
3.66313 27.3887 27.3887 2 2 3
3.66313 27.3987 27.3987 2 2 3
3.66313 27.4087 27.4087 2 2 3
3.66313 27.4187 27.4187 2 2 3
3.66313 27.4287 27.4287 2 2 3
3.66313 27.4387 27.4387 2 2 3
3.66313 27.4487 27.4487 2 2 3
3.66313 27.4587 27.4587 2 2 3
3.66313 27.4687 27.4687 2 2 3
3.66313 27.4787 27.4787 2 2 3
3.66313 27.4887 27.4887 2 2 3
3.66313 27.4987 27.4987 2 2 3
3.66313 27.5087 27.5087 2 2 3
3.66313 27.5187 27.5187 2 2 3
3.66313 27.5287 27.5287 2 2 3
3.66313 27.5387 27.5387 2 2 3
3.66313 27.5487 27.5487 2 2 3
3.66313 27.5587 27.5587 2 2 3
3.66313 27.5687 27.5687 2 2 3
3.66313 27.5787 27.5787 2 2 3
3.66313 27.5887 27.5887 2 2 3
3.66313 27.5987 27.5987 2 2 3
3.66313 27.6087 27.6087 2 2 3
3.66313 27.6187 27.6187 2 2 3
3.66313 27.6287 27.6287 2 2 3
3.66313 27.6387 27.6387 2 2 3
3.66313 27.6487 27.6487 2 2 3
3.66313 27.6587 27.6587 2 2 3
3.66313 27.6687 27.6687 2 2 3
3.66313 27.6787 27.6787 2 2 3
3.66313 27.6887 27.6887 2 2 3
3.66313 27.6987 27.6987 2 2 3
3.66313 27.7087 27.7087 2 2 3
3.66313 27.7187 27.7187 2 2 3
3.66313 27.7287 27.7287 2 2 3
3.66313 27.7387 27.7387 2 2 3
3.66313 27.7487 27.7487 2 2 3
3.66313 27.7587 27.7587 2 2 3
3.66313 27.7687 27.7687 2 2 3
3.66313 27.7787 27.7787 2 2 3
3.66313 27.7887 27.7887 2 2 3
3.66313 27.7987 27.7987 2 2 3
3.66313 27.8087 27.8087 2 2 3
3.66313 27.8187 27.8187 2 2 3
3.66313 27.8287 27.8287 2 2 3
3.66313 27.8387 27.8387 2 2 3
3.66313 27.8487 27.8487 2 2 3
3.66313 27.8587 27.8587 2 2 3
3.66313 27.8687 27.8687 2 2 3
3.66313 27.8787 27.8787 2 2 3
3.66313 27.8887 27.8887 2 2 3
3.66313 27.8987 27.8987 2 2 3
3.66313 27.9087 27.9087 2 2 3
3.66313 27.9187 27.9187 2 2 3
3.66313 27.9287 27.9287 2 2 3
3.66313 27.9387 27.9387 2 2 3
3.66313 27.9487 27.9487 2 2 3
3.66313 27.9587 27.9587 2 2 3
3.66313 27.9687 27.9687 2 2 3
3.66313 27.9787 27.9787 2 2 3
3.66313 27.9887 27.9887 2 2 3
3.66313 27.9987 27.9987 2 2 3
3.66313 28.0087 28.0087 2 2 3
3.66313 28.0187 28.0187 2 2 3
3.66313 28.0287 28.0287 2 2 3
3.66313 28.0387 28.0387 2 2 3
3.66313 28.0487 28.0487 2 2 3
3.66313 28.0587 28.0587 2 2 3
3.66313 28.0687 28.0687 2 2 3
3.66313 28.0787 28.0787 2 2 3
3.66313 28.0887 28.0887 2 2 3
3.66313 28.0987 28.0987 2 2 3
3.66313 28.1087 28.1087 2 2 3
3.66313 28.1187 28.1187 2 2 3
3.66313 28.1287 28.1287 2 2 3
3.66313 28.1387 28.1387 2 2 3
3.66313 28.1487 28.1487 2 2 3
3.66313 28.1587 28.1587 2 2 3
3.66313 28.1687 28.1687 2 2 3
3.66313 28.1787 28.1787 2 2 3
3.66313 28.1887 28.1887 2 2 3
3.66313 28.1987 28.1987 2 2 3
3.66313 28.2087 28.2087 2 2 3
3.66313 28.2187 28.2187 2 2 3
3.66313 28.2287 28.2287 2 2 3
3.66313 28.2387 28.2387 2 2 3
3.66313 28.2487 28.2487 2 2 3
3.66313 28.2587 28.2587 2 2 3
3.66313 28.2687 28.2687 2 2 3
3.66313 28.2787 28.2787 2 2 3
3.66313 28.2887 28.2887 2 2 3
3.66313 28.2987 28.2987 2 2 3
3.66313 28.3087 28.3087 2 2 3
3.66313 28.3187 28.3187 2 2 3
3.66313 28.3287 28.3287 2 2 3
3.66313 28.3387 28.3387 2 2 3
3.66313 28.3487 28.3487 2 2 3
3.66313 28.3587 28.3587 2 2 3
3.66313 28.3687 28.3687 2 2 3
3.66313 28.3787 28.3787 2 2 3
3.66313 28.3887 28.3887 2 2 3
3.66313 28.3987 28.3987 2 2 3
3.66313 28.4087 28.4087 2 2 3
3.66313 28.4187 28.4187 2 2 3
3.66313 28.4287 28.4287 2 2 3
3.66313 28.4387 28.4387 2 2 3
3.66313 28.4487 28.4487 2 2 3
3.66313 28.4587 28.4587 2 2 3
3.66313 28.4687 28.4687 2 2 3
3.66313 28.4787 28.4787 2 2 3
3.66313 28.4887 28.4887 2 2 3
3.66313 28.4987 28.4987 2 2 3
3.66313 28.5087 28.5087 2 2 3
3.66313 28.5187 28.5187 2 2 3
3.66313 28.5287 28.5287 2 2 3
3.66313 28.5387 28.5387 2 2 3
3.66313 28.5487 28.5487 2 2 3
3.66313 28.5587 28.5587 2 2 3
3.66313 28.5687 28.5687 2 2 3
3.66313 28.5787 28.5787 2 2 3
3.66313 28.5887 28.5887 2 2 3
3.66313 28.5987 28.5987 2 2 3
3.66313 28.6087 28.6087 2 2 3
3.66313 28.6187 28.6187 2 2 3
3.66313 28.6287 28.6287 2 2 3
3.66313 28.6387 28.6387 2 2 3
3.66313 28.6487 28.6487 2 2 3
3.66313 28.6587 28.6587 2 2 3
3.66313 28.6687 28.6687 2 2 3
3.66313 28.6787 28.6787 2 2 3
3.66313 28.6887 28.6887 2 2 3
3.66313 28.6987 28.6987 2 2 3
3.66313 28.7087 28.7087 2 2 3
3.66313 28.7187 28.7187 2 2 3
3.66313 28.7287 28.7287 2 2 3
3.66313 28.7387 28.7387 2 2 3
3.66313 28.7487 28.7487 2 2 3
3.66313 28.7587 28.7587 2 2 3
3.66313 28.7687 28.7687 2 2 3
3.66313 28.7787 28.7787 2 2 3
3.66313 28.7887 28.7887 2 2 3
3.66313 28.7987 28.7987 2 2 3
3.66313 28.8087 28.8087 2 2 3
3.66313 28.8187 28.8187 2 2 3
3.66313 28.8287 28.8287 2 2 3
3.66313 28.8387 28.8387 2 2 3
3.66313 28.8487 28.8487 2 2 3
3.66313 28.8587 28.8587 2 2 3
3.66313 28.8687 28.8687 2 2 3
3.66313 28.8787 28.8787 2 2 3
3.66313 28.8887 28.8887 2 2 3
3.66313 28.8987 28.8987 2 2 3
3.66313 28.9087 28.9087 2 2 3
3.66313 28.9187 28.9187 2 2 3
3.66313 28.9287 28.9287 2 2 3
3.66313 28.9387 28.9387 2 2 3
3.66313 28.9487 28.9487 2 2 3
3.66313 28.9587 28.9587 2 2 3
3.66313 28.9687 28.9687 2 2 3
3.66313 28.9787 28.9787 2 2 3
3.66313 28.9887 28.9887 2 2 3
3.66313 28.9987 28.9987 2 2 3
3.66313 29.0087 29.0087 2 2 3
3.66313 29.0187 29.0187 2 2 3
3.66313 29.0287 29.0287 2 2 3
3.66313 29.0387 29.0387 2 2 3
3.66313 29.0487 29.0487 2 2 3
3.66313 29.0587 29.0587 2 2 3
3.66313 29.0687 29.0687 2 2 3
3.66313 29.0787 29.0787 2 2 3
3.66313 29.0887 29.0887 2 2 3
3.66313 29.0987 29.0987 2 2 3
3.66313 29.1087 29.1087 2 2 3
3.66313 29.1187 29.1187 2 2 3
3.66313 29.1287 29.1287 2 2 3
3.66313 29.1387 29.1387 2 2 3
3.66313 29.1487 29.1487 2 2 3
3.66313 29.1587 29.1587 2 2 3
3.66313 29.1687 29.1687 2 2 3
3.66313 29.1787 29.1787 2 2 3
3.66313 29.1887 29.1887 2 2 3
3.66313 29.1987 29.1987 2 2 3
3.66313 29.2087 29.2087 2 2 3
3.66313 29.2187 29.2187 2 2 3
3.66313 29.2287 29.2287 2 2 3
3.66313 29.2387 29.2387 2 2 3
3.66313 29.2487 29.2487 2 2 3
3.66313 29.2587 29.2587 2 2 3
3.66313 29.2687 29.2687 2 2 3
3.66313 29.2787 29.2787 2 2 3
3.66313 29.2887 29.2887 2 2 3
3.66313 29.2987 29.2987 2 2 3
3.66313 29.3087 29.3087 2 2 3
3.66313 29.3187 29.3187 2 2 3
3.66313 29.3287 29.3287 2 2 3
3.66313 29.3387 29.3387 2 2 3
3.66313 29.3487 29.3487 2 2 3
3.66313 29.3587 29.3587 2 2 3
3.66313 29.3687 29.3687 2 2 3
3.66313 29.3787 29.3787 2 2 3
3.66313 29.3887 29.3887 2 2 3
3.66313 29.3987 29.3987 2 2 3
3.66313 29.4087 29.4087 2 2 3
3.66313 29.4187 29.4187 2 2 3
3.66313 29.4287 29.4287 2 2 3
3.66313 29.4387 29.4387 2 2 3
3.66313 29.4487 29.4487 2 2 3
3.66313 29.4587 29.4587 2 2 3
3.66313 29.4687 29.4687 2 2 3
3.66313 29.4787 29.4787 2 2 3
3.66313 29.4887 29.4887 2 2 3
3.66313 29.4987 29.4987 2 2 3
3.66313 29.5087 29.5087 2 2 3
3.66313 29.5187 29.5187 2 2 3
3.66313 29.5287 29.5287 2 2 3
3.66313 29.5387 29.5387 2 2 3
3.66313 29.5487 29.5487 2 2 3
3.66313 29.5587 29.5587 2 2 3
3.66313 29.5687 29.5687 2 2 3
3.66313 29.5787 29.5787 2 2 3
3.66313 29.5887 29.5887 2 2 3
3.66313 29.5987 29.5987 2 2 3
3.66313 29.6087 29.6087 2 2 3
3.66313 29.6187 29.6187 2 2 3
3.66313 29.6287 29.6287 2 2 3
3.66313 29.6387 29.6387 2 2 3
3.66313 29.6487 29.6487 2 2 3
3.66313 29.6587 29.6587 2 2 3
3.66313 29.6687 29.6687 2 2 3
3.66313 29.6787 29.6787 2 2 3
3.66313 29.6887 29.6887 2 2 3
3.66313 29.6987 29.6987 2 2 3
3.66313 29.7087 29.7087 2 2 3
3.66313 29.7187 29.7187 2 2 3
3.66313 29.7287 29.7287 2 2 3
3.66313 29.7387 29.7387 2 2 3
3.66313 29.7487 29.7487 2 2 3
3.66313 29.7587 29.7587 2 2 3
3.66313 29.7687 29.7687 2 2 3
3.66313 29.7787 29.7787 2 2 3
3.66313 29.7887 29.7887 2 2 3
3.66313 29.7987 29.7987 2 2 3
3.66313 29.8087 29.8087 2 2 3
3.66313 29.8187 29.8187 2 2 3
3.66313 29.8287 29.8287 2 2 3
3.66313 29.8387 29.8387 2 2 3
3.66313 29.8487 29.8487 2 2 3
3.66313 29.8587 29.8587 2 2 3
3.66313 29.8687 29.8687 2 2 3
3.66313 29.8787 29.8787 2 2 3
3.66313 29.8887 29.8887 2 2 3
3.66313 29.8987 29.8987 2 2 3
3.66313 29.9087 29.9087 2 2 3
3.66313 29.9187 29.9187 2 2 3
3.66313 29.9287 29.9287 2 2 3
3.66313 29.9387 29.9387 2 2 3
3.66313 29.9487 29.9487 2 2 3
3.66313 29.9587 29.9587 2 2 3
3.66313 29.9687 29.9687 2 2 3
3.66313 29.9787 29.9787 2 2 3
3.66313 29.9887 29.9887 2 2 3
3.66313 29.9987 29.9987 2 2 3
3.66313 30.0087 30.0087 2 2 3
3.66313 30.0187 30.0187 2 2 3
3.66313 30.0287 30.0287 2 2 3
3.66313 30.0387 30.0387 2 2 3
3.66313 30.0487 30.0487 2 2 3
3.66313 30.0587 30.0587 2 2 3
3.66313 30.0687 30.0687 2 2 3
3.66313 30.0787 30.0787 2 2 3
3.66313 30.0887 30.0887 2 2 3
3.66313 30.0987 30.0987 2 2 3
3.66313 30.1087 30.1087 2 2 3
3.66313 30.1187 30.1187 2 2 3
3.66313 30.1287 30.1287 2 2 3
3.66313 30.1387 30.1387 2 2 3
3.66313 30.1487 30.1487 2 2 3
3.66313 30.1587 30.1587 2 2 3
3.66313 30.1687 30.1687 2 2 3
3.66313 30.1787 30.1787 2 2 3
3.66313 30.1887 30.1887 2 2 3
3.66313 30.1987 30.1987 2 2 3
3.66313 30.2087 30.2087 2 2 3
3.66313 30.2187 30.2187 2 2 3
3.66313 30.2287 30.2287 2 2 3
3.66313 30.2387 30.2387 2 2 3
3.66313 30.2487 30.2487 2 2 3
3.66313 30.2587 30.2587 2 2 3
3.66313 30.2687 30.2687 2 2 3
3.66313 30.2787 30.2787 2 2 3
3.66313 30.2887 30.2887 2 2 3
3.66313 30.2987 30.2987 2 2 3
3.66313 30.3087 30.3087 2 2 3
3.66313 30.3187 30.3187 2 2 3
3.66313 30.3287 30.3287 2 2 3
3.66313 30.3387 30.3387 2 2 3
3.66313 30.3487 30.3487 2 2 3
3.66313 30.3587 30.3587 2 2 3
3.66313 30.3687 30.3687 2 2 3
3.66313 30.3787 30.3787 2 2 3
3.66313 30.3887 30.3887 2 2 3
3.66313 30.3987 30.3987 2 2 3
3.66313 30.4087 30.4087 2 2 3
3.66313 30.4187 30.4187 2 2 3
3.66313 30.4287 30.4287 2 2 3
3.66313 30.4387 30.4387 2 2 3
3.66313 30.4487 30.4487 2 2 3
3.66313 30.4587 30.4587 2 2 3
3.66313 30.4687 30.4687 2 2 3
3.66313 30.4787 30.4787 2 2 3
3.66313 30.4887 30.4887 2 2 3
3.66313 30.4987 30.4987 2 2 3
3.66313 30.5087 30.5087 2 2 3
3.66313 30.5187 30.5187 2 2 3
3.66313 30.5287 30.5287 2 2 3
3.66313 30.5387 30.5387 2 2 3
3.66313 30.5487 30.5487 2 2 3
3.66313 30.5587 30.5587 2 2 3
3.66313 30.5687 30.5687 2 2 3
3.66313 30.5787 30.5787 2 2 3
3.66313 30.5887 30.5887 2 2 3
3.66313 30.5987 30.5987 2 2 3
3.66313 30.6087 30.6087 2 2 3
3.66313 30.6187 30.6187 2 2 3
3.66313 30.6287 30.6287 2 2 3
3.66313 30.6387 30.6387 2 2 3
3.66313 30.6487 30.6487 2 2 3
3.66313 30.6587 30.6587 2 2 3
3.66313 30.6687 30.6687 2 2 3
3.66313 30.6787 30.6787 2 2 3
3.66313 30.6887 30.6887 2 2 3
3.66313 30.6987 30.6987 2 2 3
3.66313 30.7087 30.7087 2 2 3
3.66313 30.7187 30.7187 2 2 3
3.66313 30.7287 30.7287 2 2 3
3.66313 30.7387 30.7387 2 2 3
3.66313 30.7487 30.7487 2 2 3
3.66313 30.7587 30.7587 2 2 3
3.66313 30.7687 30.7687 2 2 3
3.66313 30.7787 30.7787 2 2 3
3.66313 30.7887 30.7887 2 2 3
3.66313 30.7987 30.7987 2 2 3
3.66313 30.8087 30.8087 2 2 3
3.66313 30.8187 30.8187 2 2 3
3.66313 30.8287 30.8287 2 2 3
3.66313 30.8387 30.8387 2 2 3
3.66313 30.8487 30.8487 2 2 3
3.66313 30.8587 30.8587 2 2 3
3.66313 30.8687 30.8687 2 2 3
3.66313 30.8787 30.8787 2 2 3
3.66313 30.8887 30.8887 2 2 3
3.66313 30.8987 30.8987 2 2 3
3.66313 30.9087 30.9087 2 2 3
3.66313 30.9187 30.9187 2 2 3
3.66313 30.9287 30.9287 2 2 3
3.66313 30.9387 30.9387 2 2 3
3.66313 30.9487 30.9487 2 2 3
3.66313 30.9587 30.9587 2 2 3
3.66313 30.9687 30.9687 2 2 3
3.66313 30.9787 30.9787 2 2 3
3.66313 30.9887 30.9887 2 2 3
3.66313 30.9987 30.9987 2 2 3
3.66313 31.0087 31.0087 2 2 3
3.66313 31.0187 31.0187 2 2 3
3.66313 31.0287 31.0287 2 2 3
3.66313 31.0387 31.0387 2 2 3
3.66313 31.0487 31.0487 2 2 3
3.66313 31.0587 31.0587 2 2 3
3.66313 31.0687 31.0687 2 2 3
3.66313 31.0787 31.0787 2 2 3
3.66313 31.0887 31.0887 2 2 3
3.66313 31.0987 31.0987 2 2 3
3.66313 31.1087 31.1087 2 2 3
3.66313 31.1187 31.1187 2 2 3
3.66313 31.1287 31.1287 2 2 3
3.66313 31.1387 31.1387 2 2 3
3.66313 31.1487 31.1487 2 2 3
3.66313 31.1587 31.1587 2 2 3
3.66313 31.1687 31.1687 2 2 3
3.66313 31.1787 31.1787 2 2 3
3.66313 31.1887 31.1887 2 2 3
3.66313 31.1987 31.1987 2 2 3
3.66313 31.2087 31.2087 2 2 3
3.66313 31.2187 31.2187 2 2 3
3.66313 31.2287 31.2287 2 2 3
3.66313 31.2387 31.2387 2 2 3
3.66313 31.2487 31.2487 2 2 3
3.66313 31.2587 31.2587 2 2 3
3.66313 31.2687 31.2687 2 2 3
3.66313 31.2787 31.2787 2 2 3
3.66313 31.2887 31.2887 2 2 3
3.66313 31.2987 31.2987 2 2 3
3.66313 31.3087 31.3087 2 2 3
3.66313 31.3187 31.3187 2 2 3
3.66313 31.3287 31.3287 2 2 3
3.66313 31.3387 31.3387 2 2 3
3.66313 31.3487 31.3487 2 2 3
3.66313 31.3587 31.3587 2 2 3
3.66313 31.3687 31.3687 2 2 3
3.66313 31.3787 31.3787 2 2 3
3.66313 31.3887 31.3887 2 2 3
3.66313 31.3987 31.3987 2 2 3
3.66313 31.4087 31.4087 2 2 3
3.66313 31.4187 31.4187 2 2 3
3.66313 31.4287 31.4287 2 2 3
3.66313 31.4387 31.4387 2 2 3
3.66313 31.4487 31.4487 2 2 3
3.66313 31.4587 31.4587 2 2 3
3.66313 31.4687 31.4687 2 2 3
3.66313 31.4787 31.4787 2 2 3
3.66313 31.4887 31.4887 2 2 3
3.66313 31.4987 31.4987 2 2 3
3.66313 31.5087 31.5087 2 2 3
3.66313 31.5187 31.5187 2 2 3
3.66313 31.5287 31.5287 2 2 3
3.66313 31.5387 31.5387 2 2 3
3.66313 31.5487 31.5487 2 2 3
3.66313 31.5587 31.5587 2 2 3
3.66313 31.5687 31.5687 2 2 3
3.66313 31.5787 31.5787 2 2 3
3.66313 31.5887 31.5887 2 2 3
3.66313 31.5987 31.5987 2 2 3
3.66313 31.6087 31.6087 2 2 3
3.66313 31.6187 31.6187 2 2 3
3.66313 31.6287 31.6287 2 2 3
3.66313 31.6387 31.6387 2 2 3
3.66313 31.6487 31.6487 2 2 3
3.66313 31.6587 31.6587 2 2 3
3.66313 31.6687 31.6687 2 2 3
3.66313 31.6787 31.6787 2 2 3
3.66313 31.6887 31.6887 2 2 3
3.66313 31.6987 31.6987 2 2 3
3.66313 31.7087 31.7087 2 2 3
3.66313 31.7187 31.7187 2 2 3
3.66313 31.7287 31.7287 2 2 3
3.66313 31.7387 31.7387 2 2 3
3.66313 31.7487 31.7487 2 2 3
3.66313 31.7587 31.7587 2 2 3
3.66313 31.7687 31.7687 2 2 3
3.66313 31.7787 31.7787 2 2 3
3.66313 31.7887 31.7887 2 2 3
3.66313 31.7987 31.7987 2 2 3
3.66313 31.8087 31.8087 2 2 3
3.66313 31.8187 31.8187 2 2 3
3.66313 31.8287 31.8287 2 2 3
3.66313 31.8387 31.8387 2 2 3
3.66313 31.8487 31.8487 2 2 3
3.66313 31.8587 31.8587 2 2 3
3.66313 31.8687 31.8687 2 2 3
3.66313 31.8787 31.8787 2 2 3
3.66313 31.8887 31.8887 2 2 3
3.66313 31.8987 31.8987 2 2 3
3.66313 31.9087 31.9087 2 2 3
3.66313 31.9187 31.9187 2 2 3
3.66313 31.9287 31.9287 2 2 3
3.66313 31.9387 31.9387 2 2 3
3.66313 31.9487 31.9487 2 2 3
3.66313 31.9587 31.9587 2 2 3
3.66313 31.9687 31.9687 2 2 3
3.66313 31.9787 31.9787 2 2 3
3.66313 31.9887 31.9887 2 2 3
3.66313 31.9987 31.9987 2 2 3
3.66313 32.0087 32.0087 2 2 3
3.66313 32.0187 32.0187 2 2 3
3.66313 32.0287 32.0287 2 2 3
3.66313 32.0387 32.0387 2 2 3
3.66313 32.0487 32.0487 2 2 3
3.66313 32.0587 32.0587 2 2 3
3.66313 32.0687 32.0687 2 2 3
3.66313 32.0787 32.0787 2 2 3
3.66313 32.0887 32.0887 2 2 3
3.66313 32.0987 32.0987 2 2 3
3.66313 32.1087 32.1087 2 2 3
3.66313 32.1187 32.1187 2 2 3
3.66313 32.1287 32.1287 2 2 3
3.66313 32.1387 32.1387 2 2 3
3.66313 32.1487 32.1487 2 2 3
3.66313 32.1587 32.1587 2 2 3
3.66313 32.1687 32.1687 2 2 3
3.66313 32.1787 32.1787 2 2 3
3.66313 32.1887 32.1887 2 2 3
3.66313 32.1987 32.1987 2 2 3
3.66313 32.2087 32.2087 2 2 3
3.66313 32.2187 32.2187 2 2 3
3.66313 32.2287 32.2287 2 2 3
3.66313 32.2387 32.2387 2 2 3
3.66313 32.2487 32.2487 2 2 3
3.66313 32.2587 32.2587 2 2 3
3.66313 32.2687 32.2687 2 2 3
3.66313 32.2787 32.2787 2 2 3
3.66313 32.2887 32.2887 2 2 3
3.66313 32.2987 32.2987 2 2 3
3.66313 32.3087 32.3087 2 2 3
3.66313 32.3187 32.3187 2 2 3
3.66313 32.3287 32.3287 2 2 3
3.66313 32.3387 32.3387 2 2 3
3.66313 32.3487 32.3487 2 2 3
3.66313 32.3587 32.3587 2 2 3
3.66313 32.3687 32.3687 2 2 3
3.66313 32.3787 32.3787 2 2 3
3.66313 32.3887 32.3887 2 2 3
3.66313 32.3987 32.3987 2 2 3
3.66313 32.4087 32.4087 2 2 3
3.66313 32.4187 32.4187 2 2 3
3.66313 32.4287 32.4287 2 2 3
3.66313 32.4387 32.4387 2 2 3
3.66313 32.4487 32.4487 2 2 3
3.66313 32.4587 32.4587 2 2 3
3.66313 32.4687 32.4687 2 2 3
3.66313 32.4787 32.4787 2 2 3
3.66313 32.4887 32.4887 2 2 3
3.66313 32.4987 32.4987 2 2 3
3.66313 32.5087 32.5087 2 2 3
3.66313 32.5187 32.5187 2 2 3
3.66313 32.5287 32.5287 2 2 3
3.66313 32.5387 32.5387 2 2 3
3.66313 32.5487 32.5487 2 2 3
3.66313 32.5587 32.5587 2 2 3
3.66313 32.5687 32.5687 2 2 3
3.66313 32.5787 32.5787 2 2 3
3.66313 32.5887 32.5887 2 2 3
3.66313 32.5987 32.5987 2 2 3
3.66313 32.6087 32.6087 2 2 3
3.66313 32.6187 32.6187 2 2 3
3.66313 32.6287 32.6287 2 2 3
3.66313 32.6387 32.6387 2 2 3
3.66313 32.6487 32.6487 2 2 3
3.66313 32.6587 32.6587 2 2 3
3.66313 32.6687 32.6687 2 2 3
3.66313 32.6787 32.6787 2 2 3
3.66313 32.6887 32.6887 2 2 3
3.66313 32.6987 32.6987 2 2 3
3.66313 32.7087 32.7087 2 2 3
3.66313 32.7187 32.7187 2 2 3
3.66313 32.7287 32.7287 2 2 3
3.66313 32.7387 32.7387 2 2 3
3.66313 32.7487 32.7487 2 2 3
3.66313 32.7587 32.7587 2 2 3
3.66313 32.7687 32.7687 2 2 3
3.66313 32.7787 32.7787 2 2 3
3.66313 32.7887 32.7887 2 2 3
3.66313 32.7987 32.7987 2 2 3
3.66313 32.8087 32.8087 2 2 3
3.66313 32.8187 32.8187 2 2 3
3.66313 32.8287 32.8287 2 2 3
3.66313 32.8387 32.8387 2 2 3
3.66313 32.8487 32.8487 2 2 3
3.66313 32.8587 32.8587 2 2 3
3.66313 32.8687 32.8687 2 2 3
3.66313 32.8787 32.8787 2 2 3
3.66313 32.8887 32.8887 2 2 3
3.66313 32.8987 32.8987 2 2 3
3.66313 32.9087 32.9087 2 2 3
3.66313 32.9187 32.9187 2 2 3
3.66313 32.9287 32.9287 2 2 3
3.66313 32.9387 32.9387 2 2 3
3.66313 32.9487 32.9487 2 2 3
3.66313 32.9587 32.9587 2 2 3
3.66313 32.9687 32.9687 2 2 3
3.66313 32.9787 32.9787 2 2 3
3.66313 32.9887 32.9887 2 2 3
3.66313 32.9987 32.9987 2 2 3
3.66313 33.0087 33.0087 2 2 3
3.66313 33.0187 33.0187 2 2 3
3.66313 33.0287 33.0287 2 2 3
3.66313 33.0387 33.0387 2 2 3
3.66313 33.0487 33.0487 2 2 3
3.66313 33.0587 33.0587 2 2 3
3.66313 33.0687 33.0687 2 2 3
3.66313 33.0787 33.0787 2 2 3
3.66313 33.0887 33.0887 2 2 3
3.66313 33.0987 33.0987 2 2 3
3.66313 33.1087 33.1087 2 2 3
3.66313 33.1187 33.1187 2 2 3
3.66313 33.1287 33.1287 2 2 3
3.66313 33.1387 33.1387 2 2 3
3.66313 33.1487 33.1487 2 2 3
3.66313 33.1587 33.1587 2 2 3
3.66313 33.1687 33.1687 2 2 3
3.66313 33.1787 33.1787 2 2 3
3.66313 33.1887 33.1887 2 2 3
3.66313 33.1987 33.1987 2 2 3
3.66313 33.2087 33.2087 2 2 3
3.66313 33.2187 33.2187 2 2 3
3.66313 33.2287 33.2287 2 2 3
3.66313 33.2387 33.2387 2 2 3
3.66313 33.2487 33.2487 2 2 3
3.66313 33.2587 33.2587 2 2 3
3.66313 33.2687 33.2687 2 2 3
3.66313 33.2787 33.2787 2 2 3
3.66313 33.2887 33.2887 2 2 3
3.66313 33.2987 33.2987 2 2 3
3.66313 33.3087 33.3087 2 2 3
3.66313 33.3187 33.3187 2 2 3
3.66313 33.3287 33.3287 2 2 3
3.66313 33.3387 33.3387 2 2 3
3.66313 33.3487 33.3487 2 2 3
3.66313 33.3587 33.3587 2 2 3
3.66313 33.3687 33.3687 2 2 3
3.66313 33.3787 33.3787 2 2 3
3.66313 33.3887 33.3887 2 2 3
3.66313 33.3987 33.3987 2 2 3
3.66313 33.4087 33.4087 2 2 3
3.66313 33.4187 33.4187 2 2 3
3.66313 33.4287 33.4287 2 2 3
3.66313 33.4387 33.4387 2 2 3
3.66313 33.4487 33.4487 2 2 3
3.66313 33.4587 33.4587 2 2 3
3.66313 33.4687 33.4687 2 2 3
3.66313 33.4787 33.4787 2 2 3
3.66313 33.4887 33.4887 2 2 3
3.66313 33.4987 33.4987 2 2 3
3.66313 33.5087 33.5087 2 2 3
3.66313 33.5187 33.5187 2 2 3
3.66313 33.5287 33.5287 2 2 3
3.66313 33.5387 33.5387 2 2 3
3.66313 33.5487 33.5487 2 2 3
3.66313 33.5587 33.5587 2 2 3
3.66313 33.5687 33.5687 2 2 3
3.66313 33.5787 33.5787 2 2 3
3.66313 33.5887 33.5887 2 2 3
3.66313 33.5987 33.5987 2 2 3
3.66313 33.6087 33.6087 2 2 3
3.66313 33.6187 33.6187 2 2 3
3.66313 33.6287 33.6287 2 2 3
3.66313 33.6387 33.6387 2 2 3
3.66313 33.6487 33.6487 2 2 3
3.66313 33.6587 33.6587 2 2 3
3.66313 33.6687 33.6687 2 2 3
3.66313 33.6787 33.6787 2 2 3
3.66313 33.6887 33.6887 2 2 3
3.66313 33.6987 33.6987 2 2 3
3.66313 33.7087 33.7087 2 2 3
3.66313 33.7187 33.7187 2 2 3
3.66313 33.7287 33.7287 2 2 3
3.66313 33.7387 33.7387 2 2 3
3.66313 33.7487 33.7487 2 2 3
3.66313 33.7587 33.7587 2 2 3
3.66313 33.7687 33.7687 2 2 3
3.66313 33.7787 33.7787 2 2 3
3.66313 33.7887 33.7887 2 2 3
3.66313 33.7987 33.7987 2 2 3
3.66313 33.8087 33.8087 2 2 3
3.66313 33.8187 33.8187 2 2 3
3.66313 33.8287 33.8287 2 2 3
3.66313 33.8387 33.8387 2 2 3
3.66313 33.8487 33.8487 2 2 3
3.66313 33.8587 33.8587 2 2 3
3.66313 33.8687 33.8687 2 2 3
3.66313 33.8787 33.8787 2 2 3
3.66313 33.8887 33.8887 2 2 3
3.66313 33.8987 33.8987 2 2 3
3.66313 33.9087 33.9087 2 2 3
3.66313 33.9187 33.9187 2 2 3
3.66313 33.9287 33.9287 2 2 3
3.66313 33.9387 33.9387 2 2 3
3.66313 33.9487 33.9487 2 2 3
3.66313 33.9587 33.9587 2 2 3
3.66313 33.9687 33.9687 2 2 3
3.66313 33.9787 33.9787 2 2 3
3.66313 33.9887 33.9887 2 2 3
3.66313 33.9987 33.9987 2 2 3
3.66313 34.0087 34.0087 2 2 3
3.66313 34.0187 34.0187 2 2 3
3.66313 34.0287 34.0287 2 2 3
3.66313 34.0387 34.0387 2 2 3
3.66313 34.0487 34.0487 2 2 3
3.66313 34.0587 34.0587 2 2 3
3.66313 34.0687 34.0687 2 2 3
3.66313 34.0787 34.0787 2 2 3
3.66313 34.0887 34.0887 2 2 3
3.66313 34.0987 34.0987 2 2 3
3.66313 34.1087 34.1087 2 2 3
3.66313 34.1187 34.1187 2 2 3
3.66313 34.1287 34.1287 2 2 3
3.66313 34.1387 34.1387 2 2 3
3.66313 34.1487 34.1487 2 2 3
3.66313 34.1587 34.1587 2 2 3
3.66313 34.1687 34.1687 2 2 3
3.66313 34.1787 34.1787 2 2 3
3.66313 34.1887 34.1887 2 2 3
3.66313 34.1987 34.1987 2 2 3
3.66313 34.2087 34.2087 2 2 3
3.66313 34.2187 34.2187 2 2 3
3.66313 34.2287 34.2287 2 2 3
3.66313 34.2387 34.2387 2 2 3
3.66313 34.2487 34.2487 2 2 3
3.66313 34.2587 34.2587 2 2 3
3.66313 34.2687 34.2687 2 2 3
3.66313 34.2787 34.2787 2 2 3
3.66313 34.2887 34.2887 2 2 3
3.66313 34.2987 34.2987 2 2 3
3.66313 34.3087 34.3087 2 2 3
3.66313 34.3187 34.3187 2 2 3
3.66313 34.3287 34.3287 2 2 3
3.66313 34.3387 34.3387 2 2 3
3.66313 34.3487 34.3487 2 2 3
3.66313 34.3587 34.3587 2 2 3
3.66313 34.3687 34.3687 2 2 3
3.66313 34.3787 34.3787 2 2 3
3.66313 34.3887 34.3887 2 2 3
3.66313 34.3987 34.3987 2 2 3
3.66313 34.4087 34.4087 2 2 3
3.66313 34.4187 34.4187 2 2 3
3.66313 34.4287 34.4287 2 2 3
3.66313 34.4387 34.4387 2 2 3
3.66313 34.4487 34.4487 2 2 3
3.66313 34.4587 34.4587 2 2 3
3.66313 34.4687 34.4687 2 2 3
3.66313 34.4787 34.4787 2 2 3
3.66313 34.4887 34.4887 2 2 3
3.66313 34.4987 34.4987 2 2 3
3.66313 34.5087 34.5087 2 2 3
3.66313 34.5187 34.5187 2 2 3
3.66313 34.5287 34.5287 2 2 3
3.66313 34.5387 34.5387 2 2 3
3.66313 34.5487 34.5487 2 2 3
3.66313 34.5587 34.5587 2 2 3
3.66313 34.5687 34.5687 2 2 3
3.66313 34.5787 34.5787 2 2 3
3.66313 34.5887 34.5887 2 2 3
3.66313 34.5987 34.5987 2 2 3
3.66313 34.6087 34.6087 2 2 3
3.66313 34.6187 34.6187 2 2 3
3.66313 34.6287 34.6287 2 2 3
3.66313 34.6387 34.6387 2 2 3
3.66313 34.6487 34.6487 2 2 3
3.66313 34.6587 34.6587 2 2 3
3.66313 34.6687 34.6687 2 2 3
3.66313 34.6787 34.6787 2 2 3
3.66313 34.6887 34.6887 2 2 3
3.66313 34.6987 34.6987 2 2 3
3.66313 34.7087 34.7087 2 2 3
3.66313 34.7187 34.7187 2 2 3
3.66313 34.7287 34.7287 2 2 3
3.66313 34.7387 34.7387 2 2 3
3.66313 34.7487 34.7487 2 2 3
3.66313 34.7587 34.7587 2 2 3
3.66313 34.7687 34.7687 2 2 3
3.66313 34.7787 34.7787 2 2 3
3.66313 34.7887 34.7887 2 2 3
3.66313 34.7987 34.7987 2 2 3
3.66313 34.8087 34.8087 2 2 3
3.66313 34.8187 34.8187 2 2 3
3.66313 34.8287 34.8287 2 2 3
3.66313 34.8387 34.8387 2 2 3
3.66313 34.8487 34.8487 2 2 3
3.66313 34.8587 34.8587 2 2 3
3.66313 34.8687 34.8687 2 2 3
3.66313 34.8787 34.8787 2 2 3
3.66313 34.8887 34.8887 2 2 3
3.66313 34.8987 34.8987 2 2 3
3.66313 34.9087 34.9087 2 2 3
3.66313 34.9187 34.9187 2 2 3
3.66313 34.9287 34.9287 2 2 3
3.66313 34.9387 34.9387 2 2 3
3.66313 34.9487 34.9487 2 2 3
3.66313 34.9587 34.9587 2 2 3
3.66313 34.9687 34.9687 2 2 3
3.66313 34.9787 34.9787 2 2 3
3.66313 34.9887 34.9887 2 2 3
3.66313 34.9987 34.9987 2 2 3
3.66313 35.0087 35.0087 2 2 3
3.66313 35.0187 35.0187 2 2 3
3.66313 35.0287 35.0287 2 2 3
3.66313 35.0387 35.0387 2 2 3
3.66313 35.0487 35.0487 2 2 3
3.66313 35.0587 35.0587 2 2 3
3.66313 35.0687 35.0687 2 2 3
3.66313 35.0787 35.0787 2 2 3
3.66313 35.0887 35.0887 2 2 3
3.66313 35.0987 35.0987 2 2 3
3.66313 35.1087 35.1087 2 2 3
3.66313 35.1187 35.1187 2 2 3
3.66313 35.1287 35.1287 2 2 3
3.66313 35.1387 35.1387 2 2 3
3.66313 35.1487 35.1487 2 2 3
3.66313 35.1587 35.1587 2 2 3
3.66313 35.1687 35.1687 2 2 3
3.66313 35.1787 35.1787 2 2 3
3.66313 35.1887 35.1887 2 2 3
3.66313 35.1987 35.1987 2 2 3
3.66313 35.2087 35.2087 2 2 3
3.66313 35.2187 35.2187 2 2 3
3.66313 35.2287 35.2287 2 2 3
3.66313 35.2387 35.2387 2 2 3
3.66313 35.2487 35.2487 2 2 3
3.66313 35.2587 35.2587 2 2 3
3.66313 35.2687 35.2687 2 2 3
3.66313 35.2787 35.2787 2 2 3
3.66313 35.2887 35.2887 2 2 3
3.66313 35.2987 35.2987 2 2 3
3.66313 35.3087 35.3087 2 2 3
3.66313 35.3187 35.3187 2 2 3
3.66313 35.3287 35.3287 2 2 3
3.66313 35.3387 35.3387 2 2 3
3.66313 35.3487 35.3487 2 2 3
3.66313 35.3587 35.3587 2 2 3
3.66313 35.3687 35.3687 2 2 3
3.66313 35.3787 35.3787 2 2 3
3.66313 35.3887 35.3887 2 2 3
3.66313 35.3987 35.3987 2 2 3
3.66313 35.4087 35.4087 2 2 3
3.66313 35.4187 35.4187 2 2 3
3.66313 35.4287 35.4287 2 2 3
3.66313 35.4387 35.4387 2 2 3
3.66313 35.4487 35.4487 2 2 3
3.66313 35.4587 35.4587 2 2 3
3.66313 35.4687 35.4687 2 2 3
3.66313 35.4787 35.4787 2 2 3
3.66313 35.4887 35.4887 2 2 3
3.66313 35.4987 35.4987 2 2 3
3.66313 35.5087 35.5087 2 2 3
3.66313 35.5187 35.5187 2 2 3
3.66313 35.5287 35.5287 2 2 3
3.66313 35.5387 35.5387 2 2 3
3.66313 35.5487 35.5487 2 2 3
3.66313 35.5587 35.5587 2 2 3
3.66313 35.5687 35.5687 2 2 3
3.66313 35.5787 35.5787 2 2 3
3.66313 35.5887 35.5887 2 2 3
3.66313 35.5987 35.5987 2 2 3
3.66313 35.6087 35.6087 2 2 3
3.66313 35.6187 35.6187 2 2 3
3.66313 35.6287 35.6287 2 2 3
3.66313 35.6387 35.6387 2 2 3
3.66313 35.6487 35.6487 2 2 3
3.66313 35.6587 35.6587 2 2 3
3.66313 35.6687 35.6687 2 2 3
3.66313 35.6787 35.6787 2 2 3
3.66313 35.6887 35.6887 2 2 3
3.66313 35.6987 35.6987 2 2 3
3.66313 35.7087 35.7087 2 2 3
3.66313 35.7187 35.7187 2 2 3
3.66313 35.7287 35.7287 2 2 3
3.66313 35.7387 35.7387 2 2 3
3.66313 35.7487 35.7487 2 2 3
3.66313 35.7587 35.7587 2 2 3
3.66313 35.7687 35.7687 2 2 3
3.66313 35.7787 35.7787 2 2 3
3.66313 35.7887 35.7887 2 2 3
3.66313 35.7987 35.7987 2 2 3
3.66313 35.8087 35.8087 2 2 3
3.66313 35.8187 35.8187 2 2 3
3.66313 35.8287 35.8287 2 2 3
3.66313 35.8387 35.8387 2 2 3
3.66313 35.8487 35.8487 2 2 3
3.66313 35.8587 35.8587 2 2 3
3.66313 35.8687 35.8687 2 2 3
3.66313 35.8787 35.8787 2 2 3
3.66313 35.8887 35.8887 2 2 3
3.66313 35.8987 35.8987 2 2 3
3.66313 35.9087 35.9087 2 2 3
3.66313 35.9187 35.9187 2 2 3
3.66313 35.9287 35.9287 2 2 3
3.66313 35.9387 35.9387 2 2 3
3.66313 35.9487 35.9487 2 2 3
3.66313 35.9587 35.9587 2 2 3
3.66313 35.9687 35.9687 2 2 3
3.66313 35.9787 35.9787 2 2 3
3.66313 35.9887 35.9887 2 2 3
3.66313 35.9987 35.9987 2 2 3
3.66313 36.0087 36.0087 2 2 3
3.66313 36.0187 36.0187 2 2 3
3.66313 36.0287 36.0287 2 2 3
3.66313 36.0387 36.0387 2 2 3
3.66313 36.0487 36.0487 2 2 3
3.66313 36.0587 36.0587 2 2 3
3.66313 36.0687 36.0687 2 2 3
3.66313 36.0787 36.0787 2 2 3
3.66313 36.0887 36.0887 2 2 3
3.66313 36.0987 36.0987 2 2 3
3.66313 36.1087 36.1087 2 2 3
3.66313 36.1187 36.1187 2 2 3
3.66313 36.1287 36.1287 2 2 3
3.66313 36.1387 36.1387 2 2 3
3.66313 36.1487 36.1487 2 2 3
3.66313 36.1587 36.1587 2 2 3
3.66313 36.1687 36.1687 2 2 3
3.66313 36.1787 36.1787 2 2 3
3.66313 36.1887 36.1887 2 2 3
3.66313 36.1987 36.1987 2 2 3
3.66313 36.2087 36.2087 2 2 3
3.66313 36.2187 36.2187 2 2 3
3.66313 36.2287 36.2287 2 2 3
3.66313 36.2387 36.2387 2 2 3
3.66313 36.2487 36.2487 2 2 3
3.66313 36.2587 36.2587 2 2 3
3.66313 36.2687 36.2687 2 2 3
3.66313 36.2787 36.2787 2 2 3
3.66313 36.2887 36.2887 2 2 3
3.66313 36.2987 36.2987 2 2 3
3.66313 36.3087 36.3087 2 2 3
3.66313 36.3187 36.3187 2 2 3
3.66313 36.3287 36.3287 2 2 3
3.66313 36.3387 36.3387 2 2 3
3.66313 36.3487 36.3487 2 2 3
3.66313 36.3587 36.3587 2 2 3
3.66313 36.3687 36.3687 2 2 3
3.66313 36.3787 36.3787 2 2 3
3.66313 36.3887 36.3887 2 2 3
3.66313 36.3987 36.3987 2 2 3
3.66313 36.4087 36.4087 2 2 3
3.66313 36.4187 36.4187 2 2 3
3.66313 36.4287 36.4287 2 2 3
3.66313 36.4387 36.4387 2 2 3
3.66313 36.4487 36.4487 2 2 3
3.66313 36.4587 36.4587 2 2 3
3.66313 36.4687 36.4687 2 2 3
3.66313 36.4787 36.4787 2 2 3
3.66313 36.4887 36.4887 2 2 3
3.66313 36.4987 36.4987 2 2 3
3.66313 36.5087 36.5087 2 2 3
3.66313 36.5187 36.5187 2 2 3
3.66313 36.5287 36.5287 2 2 3
3.66313 36.5387 36.5387 2 2 3
3.66313 36.5487 36.5487 2 2 3
3.66313 36.5587 36.5587 2 2 3
3.66313 36.5687 36.5687 2 2 3
3.66313 36.5787 36.5787 2 2 3
3.66313 36.5887 36.5887 2 2 3
3.66313 36.5987 36.5987 2 2 3
3.66313 36.6087 36.6087 2 2 3
3.66313 36.6187 36.6187 2 2 3
3.66313 36.6287 36.6287 2 2 3
3.66313 36.6387 36.6387 2 2 3
3.66313 36.6487 36.6487 2 2 3
3.66313 36.6587 36.6587 2 2 3
3.66313 36.6687 36.6687 2 2 3
3.66313 36.6787 36.6787 2 2 3
3.66313 36.6887 36.6887 2 2 3
3.66313 36.6987 36.6987 2 2 3
3.66313 36.7087 36.7087 2 2 3
3.66313 36.7187 36.7187 2 2 3
3.66313 36.7287 36.7287 2 2 3
3.66313 36.7387 36.7387 2 2 3
3.66313 36.7487 36.7487 2 2 3
3.66313 36.7587 36.7587 2 2 3
3.66313 36.7687 36.7687 2 2 3
3.66313 36.7787 36.7787 2 2 3
3.66313 36.7887 36.7887 2 2 3
3.66313 36.7987 36.7987 2 2 3
3.66313 36.8087 36.8087 2 2 3
3.66313 36.8187 36.8187 2 2 3
3.66313 36.8287 36.8287 2 2 3
3.66313 36.8387 36.8387 2 2 3
3.66313 36.8487 36.8487 2 2 3
3.66313 36.8587 36.8587 2 2 3
3.66313 36.8687 36.8687 2 2 3
3.66313 36.8787 36.8787 2 2 3
3.66313 36.8887 36.8887 2 2 3
3.66313 36.8987 36.8987 2 2 3
3.66313 36.9087 36.9087 2 2 3
3.66313 36.9187 36.9187 2 2 3
3.66313 36.9287 36.9287 2 2 3
3.66313 36.9387 36.9387 2 2 3
3.66313 36.9487 36.9487 2 2 3
3.66313 36.9587 36.9587 2 2 3
3.66313 36.9687 36.9687 2 2 3
3.66313 36.9787 36.9787 2 2 3
3.66313 36.9887 36.9887 2 2 3
3.66313 36.9987 36.9987 2 2 3
3.66313 37.0087 37.0087 2 2 3
3.66313 37.0187 37.0187 2 2 3
3.66313 37.0287 37.0287 2 2 3
3.66313 37.0387 37.0387 2 2 3
3.66313 37.0487 37.0487 2 2 3
3.66313 37.0587 37.0587 2 2 3
3.66313 37.0687 37.0687 2 2 3
3.66313 37.0787 37.0787 2 2 3
3.66313 37.0887 37.0887 2 2 3
3.66313 37.0987 37.0987 2 2 3
3.66313 37.1087 37.1087 2 2 3
3.66313 37.1187 37.1187 2 2 3
3.66313 37.1287 37.1287 2 2 3
3.66313 37.1387 37.1387 2 2 3
3.66313 37.1487 37.1487 2 2 3
3.66313 37.1587 37.1587 2 2 3
3.66313 37.1687 37.1687 2 2 3
3.66313 37.1787 37.1787 2 2 3
3.66313 37.1887 37.1887 2 2 3
3.66313 37.1987 37.1987 2 2 3
3.66313 37.2087 37.2087 2 2 3
3.66313 37.2187 37.2187 2 2 3
3.66313 37.2287 37.2287 2 2 3
3.66313 37.2387 37.2387 2 2 3
3.66313 37.2487 37.2487 2 2 3
3.66313 37.2587 37.2587 2 2 3
3.66313 37.2687 37.2687 2 2 3
3.66313 37.2787 37.2787 2 2 3
3.66313 37.2887 37.2887 2 2 3
3.66313 37.2987 37.2987 2 2 3
3.66313 37.3087 37.3087 2 2 3
3.66313 37.3187 37.3187 2 2 3
3.66313 37.3287 37.3287 2 2 3
3.66313 37.3387 37.3387 2 2 3
3.66313 37.3487 37.3487 2 2 3
3.66313 37.3587 37.3587 2 2 3
3.66313 37.3687 37.3687 2 2 3
3.66313 37.3787 37.3787 2 2 3
3.66313 37.3887 37.3887 2 2 3
3.66313 37.3987 37.3987 2 2 3
3.66313 37.4087 37.4087 2 2 3
3.66313 37.4187 37.4187 2 2 3
3.66313 37.4287 37.4287 2 2 3
3.66313 37.4387 37.4387 2 2 3
3.66313 37.4487 37.4487 2 2 3
3.66313 37.4587 37.4587 2 2 3
3.66313 37.4687 37.4687 2 2 3
3.66313 37.4787 37.4787 2 2 3
3.66313 37.4887 37.4887 2 2 3
3.66313 37.4987 37.4987 2 2 3
3.66313 37.5087 37.5087 2 2 3
3.66313 37.5187 37.5187 2 2 3
3.66313 37.5287 37.5287 2 2 3
3.66313 37.5387 37.5387 2 2 3
3.66313 37.5487 37.5487 2 2 3
3.66313 37.5587 37.5587 2 2 3
3.66313 37.5687 37.5687 2 2 3
3.66313 37.5787 37.5787 2 2 3
3.66313 37.5887 37.5887 2 2 3
3.66313 37.5987 37.5987 2 2 3
3.66313 37.6087 37.6087 2 2 3
3.66313 37.6187 37.6187 2 2 3
3.66313 37.6287 37.6287 2 2 3
3.66313 37.6387 37.6387 2 2 3
3.66313 37.6487 37.6487 2 2 3
3.66313 37.6587 37.6587 2 2 3
3.66313 37.6687 37.6687 2 2 3
3.66313 37.6787 37.6787 2 2 3
3.66313 37.6887 37.6887 2 2 3
3.66313 37.6987 37.6987 2 2 3
3.66313 37.7087 37.7087 2 2 3
3.66313 37.7187 37.7187 2 2 3
3.66313 37.7287 37.7287 2 2 3
3.66313 37.7387 37.7387 2 2 3
3.66313 37.7487 37.7487 2 2 3
3.66313 37.7587 37.7587 2 2 3
3.66313 37.7687 37.7687 2 2 3
3.66313 37.7787 37.7787 2 2 3
3.66313 37.7887 37.7887 2 2 3
3.66313 37.7987 37.7987 2 2 3
3.66313 37.8087 37.8087 2 2 3
3.66313 37.8187 37.8187 2 2 3
3.66313 37.8287 37.8287 2 2 3
3.66313 37.8387 37.8387 2 2 3
3.66313 37.8487 37.8487 2 2 3
3.66313 37.8587 37.8587 2 2 3
3.66313 37.8687 37.8687 2 2 3
3.66313 37.8787 37.8787 2 2 3
3.66313 37.8887 37.8887 2 2 3
3.66313 37.8987 37.8987 2 2 3
3.66313 37.9087 37.9087 2 2 3
3.66313 37.9187 37.9187 2 2 3
3.66313 37.9287 37.9287 2 2 3
3.66313 37.9387 37.9387 2 2 3
3.66313 37.9487 37.9487 2 2 3
3.66313 37.9587 37.9587 2 2 3
3.66313 37.9687 37.9687 2 2 3
3.66313 37.9787 37.9787 2 2 3
3.66313 37.9887 37.9887 2 2 3
3.66313 37.9987 37.9987 2 2 3
3.66313 38.0087 38.0087 2 2 3
3.66313 38.0187 38.0187 2 2 3
3.66313 38.0287 38.0287 2 2 3
3.66313 38.0387 38.0387 2 2 3
3.66313 38.0487 38.0487 2 2 3
3.66313 38.0587 38.0587 2 2 3
3.66313 38.0687 38.0687 2 2 3
3.66313 38.0787 38.0787 2 2 3
3.66313 38.0887 38.0887 2 2 3
3.66313 38.0987 38.0987 2 2 3
3.66313 38.1087 38.1087 2 2 3
3.66313 38.1187 38.1187 2 2 3
3.66313 38.1287 38.1287 2 2 3
3.66313 38.1387 38.1387 2 2 3
3.66313 38.1487 38.1487 2 2 3
3.66313 38.1587 38.1587 2 2 3
3.66313 38.1687 38.1687 2 2 3
3.66313 38.1787 38.1787 2 2 3
3.66313 38.1887 38.1887 2 2 3
3.66313 38.1987 38.1987 2 2 3
3.66313 38.2087 38.2087 2 2 3
3.66313 38.2187 38.2187 2 2 3
3.66313 38.2287 38.2287 2 2 3
3.66313 38.2387 38.2387 2 2 3
3.66313 38.2487 38.2487 2 2 3
3.66313 38.2587 38.2587 2 2 3
3.66313 38.2687 38.2687 2 2 3
3.66313 38.2787 38.2787 2 2 3
3.66313 38.2887 38.2887 2 2 3
3.66313 38.2987 38.2987 2 2 3
3.66313 38.3087 38.3087 2 2 3
3.66313 38.3187 38.3187 2 2 3
3.66313 38.3287 38.3287 2 2 3
3.66313 38.3387 38.3387 2 2 3
3.66313 38.3487 38.3487 2 2 3
3.66313 38.3587 38.3587 2 2 3
3.66313 38.3687 38.3687 2 2 3
3.66313 38.3787 38.3787 2 2 3
3.66313 38.3887 38.3887 2 2 3
3.66313 38.3987 38.3987 2 2 3
3.66313 38.4087 38.4087 2 2 3
3.66313 38.4187 38.4187 2 2 3
3.66313 38.4287 38.4287 2 2 3
3.66313 38.4387 38.4387 2 2 3
3.66313 38.4487 38.4487 2 2 3
3.66313 38.4587 38.4587 2 2 3
3.66313 38.4687 38.4687 2 2 3
3.66313 38.4787 38.4787 2 2 3
3.66313 38.4887 38.4887 2 2 3
3.66313 38.4987 38.4987 2 2 3
3.66313 38.5087 38.5087 2 2 3
3.66313 38.5187 38.5187 2 2 3
3.66313 38.5287 38.5287 2 2 3
3.66313 38.5387 38.5387 2 2 3
3.66313 38.5487 38.5487 2 2 3
3.66313 38.5587 38.5587 2 2 3
3.66313 38.5687 38.5687 2 2 3
3.66313 38.5787 38.5787 2 2 3
3.66313 38.5887 38.5887 2 2 3
3.66313 38.5987 38.5987 2 2 3
3.66313 38.6087 38.6087 2 2 3
3.66313 38.6187 38.6187 2 2 3
3.66313 38.6287 38.6287 2 2 3
3.66313 38.6387 38.6387 2 2 3
3.66313 38.6487 38.6487 2 2 3
3.66313 38.6587 38.6587 2 2 3
3.66313 38.6687 38.6687 2 2 3
3.66313 38.6787 38.6787 2 2 3
3.66313 38.6887 38.6887 2 2 3
3.66313 38.6987 38.6987 2 2 3
3.66313 38.7087 38.7087 2 2 3
3.66313 38.7187 38.7187 2 2 3
3.66313 38.7287 38.7287 2 2 3
3.66313 38.7387 38.7387 2 2 3
3.66313 38.7487 38.7487 2 2 3
3.66313 38.7587 38.7587 2 2 3
3.66313 38.7687 38.7687 2 2 3
3.66313 38.7787 38.7787 2 2 3
3.66313 38.7887 38.7887 2 2 3
3.66313 38.7987 38.7987 2 2 3
3.66313 38.8087 38.8087 2 2 3
3.66313 38.8187 38.8187 2 2 3
3.66313 38.8287 38.8287 2 2 3
3.66313 38.8387 38.8387 2 2 3
3.66313 38.8487 38.8487 2 2 3
3.66313 38.8587 38.8587 2 2 3
3.66313 38.8687 38.8687 2 2 3
3.66313 38.8787 38.8787 2 2 3
3.66313 38.8887 38.8887 2 2 3
3.66313 38.8987 38.8987 2 2 3
3.66313 38.9087 38.9087 2 2 3
3.66313 38.9187 38.9187 2 2 3
3.66313 38.9287 38.9287 2 2 3
3.66313 38.9387 38.9387 2 2 3
3.66313 38.9487 38.9487 2 2 3
3.66313 38.9587 38.9587 2 2 3
3.66313 38.9687 38.9687 2 2 3
3.66313 38.9787 38.9787 2 2 3
3.66313 38.9887 38.9887 2 2 3
3.66313 38.9987 38.9987 2 2 3
3.66313 39.0087 39.0087 2 2 3
3.66313 39.0187 39.0187 2 2 3
3.66313 39.0287 39.0287 2 2 3
3.66313 39.0387 39.0387 2 2 3
3.66313 39.0487 39.0487 2 2 3
3.66313 39.0587 39.0587 2 2 3
3.66313 39.0687 39.0687 2 2 3
3.66313 39.0787 39.0787 2 2 3
3.66313 39.0887 39.0887 2 2 3
3.66313 39.0987 39.0987 2 2 3
3.66313 39.1087 39.1087 2 2 3
3.66313 39.1187 39.1187 2 2 3
3.66313 39.1287 39.1287 2 2 3
3.66313 39.1387 39.1387 2 2 3
3.66313 39.1487 39.1487 2 2 3
3.66313 39.1587 39.1587 2 2 3
3.66313 39.1687 39.1687 2 2 3
3.66313 39.1787 39.1787 2 2 3
3.66313 39.1887 39.1887 2 2 3
3.66313 39.1987 39.1987 2 2 3
3.66313 39.2087 39.2087 2 2 3
3.66313 39.2187 39.2187 2 2 3
3.66313 39.2287 39.2287 2 2 3
3.66313 39.2387 39.2387 2 2 3
3.66313 39.2487 39.2487 2 2 3
3.66313 39.2587 39.2587 2 2 3
3.66313 39.2687 39.2687 2 2 3
3.66313 39.2787 39.2787 2 2 3
3.66313 39.2887 39.2887 2 2 3
3.66313 39.2987 39.2987 2 2 3
3.66313 39.3087 39.3087 2 2 3
3.66313 39.3187 39.3187 2 2 3
3.66313 39.3287 39.3287 2 2 3
3.66313 39.3387 39.3387 2 2 3
3.66313 39.3487 39.3487 2 2 3
3.66313 39.3587 39.3587 2 2 3
3.66313 39.3687 39.3687 2 2 3
3.66313 39.3787 39.3787 2 2 3
3.66313 39.3887 39.3887 2 2 3
3.66313 39.3987 39.3987 2 2 3
3.66313 39.4087 39.4087 2 2 3
3.66313 39.4187 39.4187 2 2 3
3.66313 39.4287 39.4287 2 2 3
3.66313 39.4387 39.4387 2 2 3
3.66313 39.4487 39.4487 2 2 3
3.66313 39.4587 39.4587 2 2 3
3.66313 39.4687 39.4687 2 2 3
3.66313 39.4787 39.4787 2 2 3
3.66313 39.4887 39.4887 2 2 3
3.66313 39.4987 39.4987 2 2 3
3.66313 39.5087 39.5087 2 2 3
3.66313 39.5187 39.5187 2 2 3
3.66313 39.5287 39.5287 2 2 3
3.66313 39.5387 39.5387 2 2 3
3.66313 39.5487 39.5487 2 2 3
3.66313 39.5587 39.5587 2 2 3
3.66313 39.5687 39.5687 2 2 3
3.66313 39.5787 39.5787 2 2 3
3.66313 39.5887 39.5887 2 2 3
3.66313 39.5987 39.5987 2 2 3
3.66313 39.6087 39.6087 2 2 3
3.66313 39.6187 39.6187 2 2 3
3.66313 39.6287 39.6287 2 2 3
3.66313 39.6387 39.6387 2 2 3
3.66313 39.6487 39.6487 2 2 3
3.66313 39.6587 39.6587 2 2 3
3.66313 39.6687 39.6687 2 2 3
3.66313 39.6787 39.6787 2 2 3
3.66313 39.6887 39.6887 2 2 3
3.66313 39.6987 39.6987 2 2 3
3.66313 39.7087 39.7087 2 2 3
3.66313 39.7187 39.7187 2 2 3
3.66313 39.7287 39.7287 2 2 3
3.66313 39.7387 39.7387 2 2 3
3.66313 39.7487 39.7487 2 2 3
3.66313 39.7587 39.7587 2 2 3
3.66313 39.7687 39.7687 2 2 3
3.66313 39.7787 39.7787 2 2 3
3.66313 39.7887 39.7887 2 2 3
3.66313 39.7987 39.7987 2 2 3
3.66313 39.8087 39.8087 2 2 3
3.66313 39.8187 39.8187 2 2 3
3.66313 39.8287 39.8287 2 2 3
3.66313 39.8387 39.8387 2 2 3
3.66313 39.8487 39.8487 2 2 3
3.66313 39.8587 39.8587 2 2 3
3.66313 39.8687 39.8687 2 2 3
3.66313 39.8787 39.8787 2 2 3
3.66313 39.8887 39.8887 2 2 3
3.66313 39.8987 39.8987 2 2 3
3.66313 39.9087 39.9087 2 2 3
3.66313 39.9187 39.9187 2 2 3
3.66313 39.9287 39.9287 2 2 3
3.66313 39.9387 39.9387 2 2 3
3.66313 39.9487 39.9487 2 2 3
3.66313 39.9587 39.9587 2 2 3
3.66313 39.9687 39.9687 2 2 3
3.66313 39.9787 39.9787 2 2 3
3.66313 39.9887 39.9887 2 2 3
3.66313 39.9987 39.9987 2 2 3
3.66313 40.0087 40.0087 2 2 3
3.66313 40.0187 40.0187 2 2 3
3.66313 40.0287 40.0287 2 2 3
3.66313 40.0387 40.0387 2 2 3
3.66313 40.0487 40.0487 2 2 3
3.66313 40.0587 40.0587 2 2 3
3.66313 40.0687 40.0687 2 2 3
3.66313 40.0787 40.0787 2 2 3
3.66313 40.0887 40.0887 2 2 3
3.66313 40.0987 40.0987 2 2 3
3.66313 40.1087 40.1087 2 2 3
3.66313 40.1187 40.1187 2 2 3
3.66313 40.1287 40.1287 2 2 3
3.66313 40.1387 40.1387 2 2 3
3.66313 40.1487 40.1487 2 2 3
3.66313 40.1587 40.1587 2 2 3
3.66313 40.1687 40.1687 2 2 3
3.66313 40.1787 40.1787 2 2 3
3.66313 40.1887 40.1887 2 2 3
3.66313 40.1987 40.1987 2 2 3
3.66313 40.2087 40.2087 2 2 3
3.66313 40.2187 40.2187 2 2 3
3.66313 40.2287 40.2287 2 2 3
3.66313 40.2387 40.2387 2 2 3
3.66313 40.2487 40.2487 2 2 3
3.66313 40.2587 40.2587 2 2 3
3.66313 40.2687 40.2687 2 2 3
3.66313 40.2787 40.2787 2 2 3
3.66313 40.2887 40.2887 2 2 3
3.66313 40.2987 40.2987 2 2 3
3.66313 40.3087 40.3087 2 2 3
3.66313 40.3187 40.3187 2 2 3
3.66313 40.3287 40.3287 2 2 3
3.66313 40.3387 40.3387 2 2 3
3.66313 40.3487 40.3487 2 2 3
3.66313 40.3587 40.3587 2 2 3
3.66313 40.3687 40.3687 2 2 3
3.66313 40.3787 40.3787 2 2 3
3.66313 40.3887 40.3887 2 2 3
3.66313 40.3987 40.3987 2 2 3
3.66313 40.4087 40.4087 2 2 3
3.66313 40.4187 40.4187 2 2 3
3.66313 40.4287 40.4287 2 2 3
3.66313 40.4387 40.4387 2 2 3
3.66313 40.4487 40.4487 2 2 3
3.66313 40.4587 40.4587 2 2 3
3.66313 40.4687 40.4687 2 2 3
3.66313 40.4787 40.4787 2 2 3
3.66313 40.4887 40.4887 2 2 3
3.66313 40.4987 40.4987 2 2 3
3.66313 40.5087 40.5087 2 2 3
3.66313 40.5187 40.5187 2 2 3
3.66313 40.5287 40.5287 2 2 3
3.66313 40.5387 40.5387 2 2 3
3.66313 40.5487 40.5487 2 2 3
3.66313 40.5587 40.5587 2 2 3
3.66313 40.5687 40.5687 2 2 3
3.66313 40.5787 40.5787 2 2 3
3.66313 40.5887 40.5887 2 2 3
3.66313 40.5987 40.5987 2 2 3
3.66313 40.6087 40.6087 2 2 3
3.66313 40.6187 40.6187 2 2 3
3.66313 40.6287 40.6287 2 2 3
3.66313 40.6387 40.6387 2 2 3
3.66313 40.6487 40.6487 2 2 3
3.66313 40.6587 40.6587 2 2 3
3.66313 40.6687 40.6687 2 2 3
3.66313 40.6787 40.6787 2 2 3
3.66313 40.6887 40.6887 2 2 3
3.66313 40.6987 40.6987 2 2 3
3.66313 40.7087 40.7087 2 2 3
3.66313 40.7187 40.7187 2 2 3
3.66313 40.7287 40.7287 2 2 3
3.66313 40.7387 40.7387 2 2 3
3.66313 40.7487 40.7487 2 2 3
3.66313 40.7587 40.7587 2 2 3
3.66313 40.7687 40.7687 2 2 3
3.66313 40.7787 40.7787 2 2 3
3.66313 40.7887 40.7887 2 2 3
3.66313 40.7987 40.7987 2 2 3
3.66313 40.8087 40.8087 2 2 3
3.66313 40.8187 40.8187 2 2 3
3.66313 40.8287 40.8287 2 2 3
3.66313 40.8387 40.8387 2 2 3
3.66313 40.8487 40.8487 2 2 3
3.66313 40.8587 40.8587 2 2 3
3.66313 40.8687 40.8687 2 2 3
3.66313 40.8787 40.8787 2 2 3
3.66313 40.8887 40.8887 2 2 3
3.66313 40.8987 40.8987 2 2 3
3.66313 40.9087 40.9087 2 2 3
3.66313 40.9187 40.9187 2 2 3
3.66313 40.9287 40.9287 2 2 3
3.66313 40.9387 40.9387 2 2 3
3.66313 40.9487 40.9487 2 2 3
3.66313 40.9587 40.9587 2 2 3
3.66313 40.9687 40.9687 2 2 3
3.66313 40.9787 40.9787 2 2 3
3.66313 40.9887 40.9887 2 2 3
3.66313 40.9987 40.9987 2 2 3
3.66313 41.0087 41.0087 2 2 3
3.66313 41.0187 41.0187 2 2 3
3.66313 41.0287 41.0287 2 2 3
3.66313 41.0387 41.0387 2 2 3
3.66313 41.0487 41.0487 2 2 3
3.66313 41.0587 41.0587 2 2 3
3.66313 41.0687 41.0687 2 2 3
3.66313 41.0787 41.0787 2 2 3
3.66313 41.0887 41.0887 2 2 3
3.66313 41.0987 41.0987 2 2 3
3.66313 41.1087 41.1087 2 2 3
3.66313 41.1187 41.1187 2 2 3
3.66313 41.1287 41.1287 2 2 3
3.66313 41.1387 41.1387 2 2 3
3.66313 41.1487 41.1487 2 2 3
3.66313 41.1587 41.1587 2 2 3
3.66313 41.1687 41.1687 2 2 3
3.66313 41.1787 41.1787 2 2 3
3.66313 41.1887 41.1887 2 2 3
3.66313 41.1987 41.1987 2 2 3
3.66313 41.2087 41.2087 2 2 3
3.66313 41.2187 41.2187 2 2 3
3.66313 41.2287 41.2287 2 2 3
3.66313 41.2387 41.2387 2 2 3
3.66313 41.2487 41.2487 2 2 3
3.66313 41.2587 41.2587 2 2 3
3.66313 41.2687 41.2687 2 2 3
3.66313 41.2787 41.2787 2 2 3
3.66313 41.2887 41.2887 2 2 3
3.66313 41.2987 41.2987 2 2 3
3.66313 41.3087 41.3087 2 2 3
3.66313 41.3187 41.3187 2 2 3
3.66313 41.3287 41.3287 2 2 3
3.66313 41.3387 41.3387 2 2 3
3.66313 41.3487 41.3487 2 2 3
3.66313 41.3587 41.3587 2 2 3
3.66313 41.3687 41.3687 2 2 3
3.66313 41.3787 41.3787 2 2 3
3.66313 41.3887 41.3887 2 2 3
3.66313 41.3987 41.3987 2 2 3
3.66313 41.4087 41.4087 2 2 3
3.66313 41.4187 41.4187 2 2 3
3.66313 41.4287 41.4287 2 2 3
3.66313 41.4387 41.4387 2 2 3
3.66313 41.4487 41.4487 2 2 3
3.66313 41.4587 41.4587 2 2 3
3.66313 41.4687 41.4687 2 2 3
3.66313 41.4787 41.4787 2 2 3
3.66313 41.4887 41.4887 2 2 3
3.66313 41.4987 41.4987 2 2 3
3.66313 41.5087 41.5087 2 2 3
3.66313 41.5187 41.5187 2 2 3
3.66313 41.5287 41.5287 2 2 3
3.66313 41.5387 41.5387 2 2 3
3.66313 41.5487 41.5487 2 2 3
3.66313 41.5587 41.5587 2 2 3
3.66313 41.5687 41.5687 2 2 3
3.66313 41.5787 41.5787 2 2 3
3.66313 41.5887 41.5887 2 2 3
3.66313 41.5987 41.5987 2 2 3
3.66313 41.6087 41.6087 2 2 3
3.66313 41.6187 41.6187 2 2 3
3.66313 41.6287 41.6287 2 2 3
3.66313 41.6387 41.6387 2 2 3
3.66313 41.6487 41.6487 2 2 3
3.66313 41.6587 41.6587 2 2 3
3.66313 41.6687 41.6687 2 2 3
3.66313 41.6787 41.6787 2 2 3
3.66313 41.6887 41.6887 2 2 3
3.66313 41.6987 41.6987 2 2 3
3.66313 41.7087 41.7087 2 2 3
3.66313 41.7187 41.7187 2 2 3
3.66313 41.7287 41.7287 2 2 3
3.66313 41.7387 41.7387 2 2 3
3.66313 41.7487 41.7487 2 2 3
3.66313 41.7587 41.7587 2 2 3
3.66313 41.7687 41.7687 2 2 3
3.66313 41.7787 41.7787 2 2 3
3.66313 41.7887 41.7887 2 2 3
3.66313 41.7987 41.7987 2 2 3
3.66313 41.8087 41.8087 2 2 3
3.66313 41.8187 41.8187 2 2 3
3.66313 41.8287 41.8287 2 2 3
3.66313 41.8387 41.8387 2 2 3
3.66313 41.8487 41.8487 2 2 3
3.66313 41.8587 41.8587 2 2 3
3.66313 41.8687 41.8687 2 2 3
3.66313 41.8787 41.8787 2 2 3
3.66313 41.8887 41.8887 2 2 3
3.66313 41.8987 41.8987 2 2 3
3.66313 41.9087 41.9087 2 2 3
3.66313 41.9187 41.9187 2 2 3
3.66313 41.9287 41.9287 2 2 3
3.66313 41.9387 41.9387 2 2 3
3.66313 41.9487 41.9487 2 2 3
3.66313 41.9587 41.9587 2 2 3
3.66313 41.9687 41.9687 2 2 3
3.66313 41.9787 41.9787 2 2 3
3.66313 41.9887 41.9887 2 2 3
3.66313 41.9987 41.9987 2 2 3
3.66313 42.0087 42.0087 2 2 3
3.66313 42.0187 42.0187 2 2 3
3.66313 42.0287 42.0287 2 2 3
3.66313 42.0387 42.0387 2 2 3
3.66313 42.0487 42.0487 2 2 3
3.66313 42.0587 42.0587 2 2 3
3.66313 42.0687 42.0687 2 2 3
3.66313 42.0787 42.0787 2 2 3
3.66313 42.0887 42.0887 2 2 3
3.66313 42.0987 42.0987 2 2 3
3.66313 42.1087 42.1087 2 2 3
3.66313 42.1187 42.1187 2 2 3
3.66313 42.1287 42.1287 2 2 3
3.66313 42.1387 42.1387 2 2 3
3.66313 42.1487 42.1487 2 2 3
3.66313 42.1587 42.1587 2 2 3
3.66313 42.1687 42.1687 2 2 3
3.66313 42.1787 42.1787 2 2 3
3.66313 42.1887 42.1887 2 2 3
3.66313 42.1987 42.1987 2 2 3
3.66313 42.2087 42.2087 2 2 3
3.66313 42.2187 42.2187 2 2 3
3.66313 42.2287 42.2287 2 2 3
3.66313 42.2387 42.2387 2 2 3
3.66313 42.2487 42.2487 2 2 3
3.66313 42.2587 42.2587 2 2 3
3.66313 42.2687 42.2687 2 2 3
3.66313 42.2787 42.2787 2 2 3
3.66313 42.2887 42.2887 2 2 3
3.66313 42.2987 42.2987 2 2 3
3.66313 42.3087 42.3087 2 2 3
3.66313 42.3187 42.3187 2 2 3
3.66313 42.3287 42.3287 2 2 3
3.66313 42.3387 42.3387 2 2 3
3.66313 42.3487 42.3487 2 2 3
3.66313 42.3587 42.3587 2 2 3
3.66313 42.3687 42.3687 2 2 3
3.66313 42.3787 42.3787 2 2 3
3.66313 42.3887 42.3887 2 2 3
3.66313 42.3987 42.3987 2 2 3
3.66313 42.4087 42.4087 2 2 3
3.66313 42.4187 42.4187 2 2 3
3.66313 42.4287 42.4287 2 2 3
3.66313 42.4387 42.4387 2 2 3
3.66313 42.4487 42.4487 2 2 3
3.66313 42.4587 42.4587 2 2 3
3.66313 42.4687 42.4687 2 2 3
3.66313 42.4787 42.4787 2 2 3
3.66313 42.4887 42.4887 2 2 3
3.66313 42.4987 42.4987 2 2 3
3.66313 42.5087 42.5087 2 2 3
3.66313 42.5187 42.5187 2 2 3
3.66313 42.5287 42.5287 2 2 3
3.66313 42.5387 42.5387 2 2 3
3.66313 42.5487 42.5487 2 2 3
3.66313 42.5587 42.5587 2 2 3
3.66313 42.5687 42.5687 2 2 3
3.66313 42.5787 42.5787 2 2 3
3.66313 42.5887 42.5887 2 2 3
3.66313 42.5987 42.5987 2 2 3
3.66313 42.6087 42.6087 2 2 3
3.66313 42.6187 42.6187 2 2 3
3.66313 42.6287 42.6287 2 2 3
3.66313 42.6387 42.6387 2 2 3
3.66313 42.6487 42.6487 2 2 3
3.66313 42.6587 42.6587 2 2 3
3.66313 42.6687 42.6687 2 2 3
3.66313 42.6787 42.6787 2 2 3
3.66313 42.6887 42.6887 2 2 3
3.66313 42.6987 42.6987 2 2 3
3.66313 42.7087 42.7087 2 2 3
3.66313 42.7187 42.7187 2 2 3
3.66313 42.7287 42.7287 2 2 3
3.66313 42.7387 42.7387 2 2 3
3.66313 42.7487 42.7487 2 2 3
3.66313 42.7587 42.7587 2 2 3
3.66313 42.7687 42.7687 2 2 3
3.66313 42.7787 42.7787 2 2 3
3.66313 42.7887 42.7887 2 2 3
3.66313 42.7987 42.7987 2 2 3
3.66313 42.8087 42.8087 2 2 3
3.66313 42.8187 42.8187 2 2 3
3.66313 42.8287 42.8287 2 2 3
3.66313 42.8387 42.8387 2 2 3
3.66313 42.8487 42.8487 2 2 3
3.66313 42.8587 42.8587 2 2 3
3.66313 42.8687 42.8687 2 2 3
3.66313 42.8787 42.8787 2 2 3
3.66313 42.8887 42.8887 2 2 3
3.66313 42.8987 42.8987 2 2 3
3.66313 42.9087 42.9087 2 2 3
3.66313 42.9187 42.9187 2 2 3
3.66313 42.9287 42.9287 2 2 3
3.66313 42.9387 42.9387 2 2 3
3.66313 42.9487 42.9487 2 2 3
3.66313 42.9587 42.9587 2 2 3
3.66313 42.9687 42.9687 2 2 3
3.66313 42.9787 42.9787 2 2 3
3.66313 42.9887 42.9887 2 2 3
3.66313 42.9987 42.9987 2 2 3
3.66313 43.0087 43.0087 2 2 3
3.66313 43.0187 43.0187 2 2 3
3.66313 43.0287 43.0287 2 2 3
3.66313 43.0387 43.0387 2 2 3
3.66313 43.0487 43.0487 2 2 3
3.66313 43.0587 43.0587 2 2 3
3.66313 43.0687 43.0687 2 2 3
3.66313 43.0787 43.0787 2 2 3
3.66313 43.0887 43.0887 2 2 3
3.66313 43.0987 43.0987 2 2 3
3.66313 43.1087 43.1087 2 2 3
3.66313 43.1187 43.1187 2 2 3
3.66313 43.1287 43.1287 2 2 3
3.66313 43.1387 43.1387 2 2 3
3.66313 43.1487 43.1487 2 2 3
3.66313 43.1587 43.1587 2 2 3
3.66313 43.1687 43.1687 2 2 3
3.66313 43.1787 43.1787 2 2 3
3.66313 43.1887 43.1887 2 2 3
3.66313 43.1987 43.1987 2 2 3
3.66313 43.2087 43.2087 2 2 3
3.66313 43.2187 43.2187 2 2 3
3.66313 43.2287 43.2287 2 2 3
3.66313 43.2387 43.2387 2 2 3
3.66313 43.2487 43.2487 2 2 3
3.66313 43.2587 43.2587 2 2 3
3.66313 43.2687 43.2687 2 2 3
3.66313 43.2787 43.2787 2 2 3
3.66313 43.2887 43.2887 2 2 3
3.66313 43.2987 43.2987 2 2 3
3.66313 43.3087 43.3087 2 2 3
3.66313 43.3187 43.3187 2 2 3
3.66313 43.3287 43.3287 2 2 3
3.66313 43.3387 43.3387 2 2 3
3.66313 43.3487 43.3487 2 2 3
3.66313 43.3587 43.3587 2 2 3
3.66313 43.3687 43.3687 2 2 3
3.66313 43.3787 43.3787 2 2 3
3.66313 43.3887 43.3887 2 2 3
3.66313 43.3987 43.3987 2 2 3
3.66313 43.4087 43.4087 2 2 3
3.66313 43.4187 43.4187 2 2 3
3.66313 43.4287 43.4287 2 2 3
3.66313 43.4387 43.4387 2 2 3
3.66313 43.4487 43.4487 2 2 3
3.66313 43.4587 43.4587 2 2 3
3.66313 43.4687 43.4687 2 2 3
3.66313 43.4787 43.4787 2 2 3
3.66313 43.4887 43.4887 2 2 3
3.66313 43.4987 43.4987 2 2 3
3.66313 43.5087 43.5087 2 2 3
3.66313 43.5187 43.5187 2 2 3
3.66313 43.5287 43.5287 2 2 3
3.66313 43.5387 43.5387 2 2 3
3.66313 43.5487 43.5487 2 2 3
3.66313 43.5587 43.5587 2 2 3
3.66313 43.5687 43.5687 2 2 3
3.66313 43.5787 43.5787 2 2 3
3.66313 43.5887 43.5887 2 2 3
3.66313 43.5987 43.5987 2 2 3
3.66313 43.6087 43.6087 2 2 3
3.66313 43.6187 43.6187 2 2 3
3.66313 43.6287 43.6287 2 2 3
3.66313 43.6387 43.6387 2 2 3
3.66313 43.6487 43.6487 2 2 3
3.66313 43.6587 43.6587 2 2 3
3.66313 43.6687 43.6687 2 2 3
3.66313 43.6787 43.6787 2 2 3
3.66313 43.6887 43.6887 2 2 3
3.66313 43.6987 43.6987 2 2 3
3.66313 43.7087 43.7087 2 2 3
3.66313 43.7187 43.7187 2 2 3
3.66313 43.7287 43.7287 2 2 3
3.66313 43.7387 43.7387 2 2 3
3.66313 43.7487 43.7487 2 2 3
3.66313 43.7587 43.7587 2 2 3
3.66313 43.7687 43.7687 2 2 3
3.66313 43.7787 43.7787 2 2 3
3.66313 43.7887 43.7887 2 2 3
3.66313 43.7987 43.7987 2 2 3
3.66313 43.8087 43.8087 2 2 3
3.66313 43.8187 43.8187 2 2 3
3.66313 43.8287 43.8287 2 2 3
3.66313 43.8387 43.8387 2 2 3
3.66313 43.8487 43.8487 2 2 3
3.66313 43.8587 43.8587 2 2 3
3.66313 43.8687 43.8687 2 2 3
3.66313 43.8787 43.8787 2 2 3
3.66313 43.8887 43.8887 2 2 3
3.66313 43.8987 43.8987 2 2 3
3.66313 43.9087 43.9087 2 2 3
3.66313 43.9187 43.9187 2 2 3
3.66313 43.9287 43.9287 2 2 3
3.66313 43.9387 43.9387 2 2 3
3.66313 43.9487 43.9487 2 2 3
3.66313 43.9587 43.9587 2 2 3
3.66313 43.9687 43.9687 2 2 3
3.66313 43.9787 43.9787 2 2 3
3.66313 43.9887 43.9887 2 2 3
3.66313 43.9987 43.9987 2 2 3
3.66313 44.0087 44.0087 2 2 3
3.66313 44.0187 44.0187 2 2 3
3.66313 44.0287 44.0287 2 2 3
3.66313 44.0387 44.0387 2 2 3
3.66313 44.0487 44.0487 2 2 3
3.66313 44.0587 44.0587 2 2 3
3.66313 44.0687 44.0687 2 2 3
3.66313 44.0787 44.0787 2 2 3
3.66313 44.0887 44.0887 2 2 3
3.66313 44.0987 44.0987 2 2 3
3.66313 44.1087 44.1087 2 2 3
3.66313 44.1187 44.1187 2 2 3
3.66313 44.1287 44.1287 2 2 3
3.66313 44.1387 44.1387 2 2 3
3.66313 44.1487 44.1487 2 2 3
3.66313 44.1587 44.1587 2 2 3
3.66313 44.1687 44.1687 2 2 3
3.66313 44.1787 44.1787 2 2 3
3.66313 44.1887 44.1887 2 2 3
3.66313 44.1987 44.1987 2 2 3
3.66313 44.2087 44.2087 2 2 3
3.66313 44.2187 44.2187 2 2 3
3.66313 44.2287 44.2287 2 2 3
3.66313 44.2387 44.2387 2 2 3
3.66313 44.2487 44.2487 2 2 3
3.66313 44.2587 44.2587 2 2 3
3.66313 44.2687 44.2687 2 2 3
3.66313 44.2787 44.2787 2 2 3
3.66313 44.2887 44.2887 2 2 3
3.66313 44.2987 44.2987 2 2 3
3.66313 44.3087 44.3087 2 2 3
3.66313 44.3187 44.3187 2 2 3
3.66313 44.3287 44.3287 2 2 3
3.66313 44.3387 44.3387 2 2 3
3.66313 44.3487 44.3487 2 2 3
3.66313 44.3587 44.3587 2 2 3
3.66313 44.3687 44.3687 2 2 3
3.66313 44.3787 44.3787 2 2 3
3.66313 44.3887 44.3887 2 2 3
3.66313 44.3987 44.3987 2 2 3
3.66313 44.4087 44.4087 2 2 3
3.66313 44.4187 44.4187 2 2 3
3.66313 44.4287 44.4287 2 2 3
3.66313 44.4387 44.4387 2 2 3
3.66313 44.4487 44.4487 2 2 3
3.66313 44.4587 44.4587 2 2 3
3.66313 44.4687 44.4687 2 2 3
3.66313 44.4787 44.4787 2 2 3
3.66313 44.4887 44.4887 2 2 3
3.66313 44.4987 44.4987 2 2 3
3.66313 44.5087 44.5087 2 2 3
3.66313 44.5187 44.5187 2 2 3
3.66313 44.5287 44.5287 2 2 3
3.66313 44.5387 44.5387 2 2 3
3.66313 44.5487 44.5487 2 2 3
3.66313 44.5587 44.5587 2 2 3
3.66313 44.5687 44.5687 2 2 3
3.66313 44.5787 44.5787 2 2 3
3.66313 44.5887 44.5887 2 2 3
3.66313 44.5987 44.5987 2 2 3
3.66313 44.6087 44.6087 2 2 3
3.66313 44.6187 44.6187 2 2 3
3.66313 44.6287 44.6287 2 2 3
3.66313 44.6387 44.6387 2 2 3
3.66313 44.6487 44.6487 2 2 3
3.66313 44.6587 44.6587 2 2 3
3.66313 44.6687 44.6687 2 2 3
3.66313 44.6787 44.6787 2 2 3
3.66313 44.6887 44.6887 2 2 3
3.66313 44.6987 44.6987 2 2 3
3.66313 44.7087 44.7087 2 2 3
3.66313 44.7187 44.7187 2 2 3
3.66313 44.7287 44.7287 2 2 3
3.66313 44.7387 44.7387 2 2 3
3.66313 44.7487 44.7487 2 2 3
3.66313 44.7587 44.7587 2 2 3
3.66313 44.7687 44.7687 2 2 3
3.66313 44.7787 44.7787 2 2 3
3.66313 44.7887 44.7887 2 2 3
3.66313 44.7987 44.7987 2 2 3
3.66313 44.8087 44.8087 2 2 3
3.66313 44.8187 44.8187 2 2 3
3.66313 44.8287 44.8287 2 2 3
3.66313 44.8387 44.8387 2 2 3
3.66313 44.8487 44.8487 2 2 3
3.66313 44.8587 44.8587 2 2 3
3.66313 44.8687 44.8687 2 2 3
3.66313 44.8787 44.8787 2 2 3
3.66313 44.8887 44.8887 2 2 3
3.66313 44.8987 44.8987 2 2 3
3.66313 44.9087 44.9087 2 2 3
3.66313 44.9187 44.9187 2 2 3
3.66313 44.9287 44.9287 2 2 3
3.66313 44.9387 44.9387 2 2 3
3.66313 44.9487 44.9487 2 2 3
3.66313 44.9587 44.9587 2 2 3
3.66313 44.9687 44.9687 2 2 3
3.66313 44.9787 44.9787 2 2 3
3.66313 44.9887 44.9887 2 2 3
3.66313 44.9987 44.9987 2 2 3
3.66313 45.0087 45.0087 2 2 3
3.66313 45.0187 45.0187 2 2 3
3.66313 45.0287 45.0287 2 2 3
3.66313 45.0387 45.0387 2 2 3
3.66313 45.0487 45.0487 2 2 3
3.66313 45.0587 45.0587 2 2 3
3.66313 45.0687 45.0687 2 2 3
3.66313 45.0787 45.0787 2 2 3
3.66313 45.0887 45.0887 2 2 3
3.66313 45.0987 45.0987 2 2 3
3.66313 45.1087 45.1087 2 2 3
3.66313 45.1187 45.1187 2 2 3
3.66313 45.1287 45.1287 2 2 3
3.66313 45.1387 45.1387 2 2 3
3.66313 45.1487 45.1487 2 2 3
3.66313 45.1587 45.1587 2 2 3
3.66313 45.1687 45.1687 2 2 3
3.66313 45.1787 45.1787 2 2 3
3.66313 45.1887 45.1887 2 2 3
3.66313 45.1987 45.1987 2 2 3
3.66313 45.2087 45.2087 2 2 3
3.66313 45.2187 45.2187 2 2 3
3.66313 45.2287 45.2287 2 2 3
3.66313 45.2387 45.2387 2 2 3
3.66313 45.2487 45.2487 2 2 3
3.66313 45.2587 45.2587 2 2 3
3.66313 45.2687 45.2687 2 2 3
3.66313 45.2787 45.2787 2 2 3
3.66313 45.2887 45.2887 2 2 3
3.66313 45.2987 45.2987 2 2 3
3.66313 45.3087 45.3087 2 2 3
3.66313 45.3187 45.3187 2 2 3
3.66313 45.3287 45.3287 2 2 3
3.66313 45.3387 45.3387 2 2 3
3.66313 45.3487 45.3487 2 2 3
3.66313 45.3587 45.3587 2 2 3
3.66313 45.3687 45.3687 2 2 3
3.66313 45.3787 45.3787 2 2 3
3.66313 45.3887 45.3887 2 2 3
3.66313 45.3987 45.3987 2 2 3
3.66313 45.4087 45.4087 2 2 3
3.66313 45.4187 45.4187 2 2 3
3.66313 45.4287 45.4287 2 2 3
3.66313 45.4387 45.4387 2 2 3
3.66313 45.4487 45.4487 2 2 3
3.66313 45.4587 45.4587 2 2 3
3.66313 45.4687 45.4687 2 2 3
3.66313 45.4787 45.4787 2 2 3
3.66313 45.4887 45.4887 2 2 3
3.66313 45.4987 45.4987 2 2 3
3.66313 45.5087 45.5087 2 2 3
3.66313 45.5187 45.5187 2 2 3
3.66313 45.5287 45.5287 2 2 3
3.66313 45.5387 45.5387 2 2 3
3.66313 45.5487 45.5487 2 2 3
3.66313 45.5587 45.5587 2 2 3
3.66313 45.5687 45.5687 2 2 3
3.66313 45.5787 45.5787 2 2 3
3.66313 45.5887 45.5887 2 2 3
3.66313 45.5987 45.5987 2 2 3
3.66313 45.6087 45.6087 2 2 3
3.66313 45.6187 45.6187 2 2 3
3.66313 45.6287 45.6287 2 2 3
3.66313 45.6387 45.6387 2 2 3
3.66313 45.6487 45.6487 2 2 3
3.66313 45.6587 45.6587 2 2 3
3.66313 45.6687 45.6687 2 2 3
3.66313 45.6787 45.6787 2 2 3
3.66313 45.6887 45.6887 2 2 3
3.66313 45.6987 45.6987 2 2 3
3.66313 45.7087 45.7087 2 2 3
3.66313 45.7187 45.7187 2 2 3
3.66313 45.7287 45.7287 2 2 3
3.66313 45.7387 45.7387 2 2 3
3.66313 45.7487 45.7487 2 2 3
3.66313 45.7587 45.7587 2 2 3
3.66313 45.7687 45.7687 2 2 3
3.66313 45.7787 45.7787 2 2 3
3.66313 45.7887 45.7887 2 2 3
3.66313 45.7987 45.7987 2 2 3
3.66313 45.8087 45.8087 2 2 3
3.66313 45.8187 45.8187 2 2 3
3.66313 45.8287 45.8287 2 2 3
3.66313 45.8387 45.8387 2 2 3
3.66313 45.8487 45.8487 2 2 3
3.66313 45.8587 45.8587 2 2 3
3.66313 45.8687 45.8687 2 2 3
3.66313 45.8787 45.8787 2 2 3
3.66313 45.8887 45.8887 2 2 3
3.66313 45.8987 45.8987 2 2 3
3.66313 45.9087 45.9087 2 2 3
3.66313 45.9187 45.9187 2 2 3
3.66313 45.9287 45.9287 2 2 3
3.66313 45.9387 45.9387 2 2 3
3.66313 45.9487 45.9487 2 2 3
3.66313 45.9587 45.9587 2 2 3
3.66313 45.9687 45.9687 2 2 3
3.66313 45.9787 45.9787 2 2 3
3.66313 45.9887 45.9887 2 2 3
3.66313 45.9987 45.9987 2 2 3
3.66313 46.0087 46.0087 2 2 3
3.66313 46.0187 46.0187 2 2 3
3.66313 46.0287 46.0287 2 2 3
3.66313 46.0387 46.0387 2 2 3
3.66313 46.0487 46.0487 2 2 3
3.66313 46.0587 46.0587 2 2 3
3.66313 46.0687 46.0687 2 2 3
3.66313 46.0787 46.0787 2 2 3
3.66313 46.0887 46.0887 2 2 3
3.66313 46.0987 46.0987 2 2 3
3.66313 46.1087 46.1087 2 2 3
3.66313 46.1187 46.1187 2 2 3
3.66313 46.1287 46.1287 2 2 3
3.66313 46.1387 46.1387 2 2 3
3.66313 46.1487 46.1487 2 2 3
3.66313 46.1587 46.1587 2 2 3
3.66313 46.1687 46.1687 2 2 3
3.66313 46.1787 46.1787 2 2 3
3.66313 46.1887 46.1887 2 2 3
3.66313 46.1987 46.1987 2 2 3
3.66313 46.2087 46.2087 2 2 3
3.66313 46.2187 46.2187 2 2 3
3.66313 46.2287 46.2287 2 2 3
3.66313 46.2387 46.2387 2 2 3
3.66313 46.2487 46.2487 2 2 3
3.66313 46.2587 46.2587 2 2 3
3.66313 46.2687 46.2687 2 2 3
3.66313 46.2787 46.2787 2 2 3
3.66313 46.2887 46.2887 2 2 3
3.66313 46.2987 46.2987 2 2 3
3.66313 46.3087 46.3087 2 2 3
3.66313 46.3187 46.3187 2 2 3
3.66313 46.3287 46.3287 2 2 3
3.66313 46.3387 46.3387 2 2 3
3.66313 46.3487 46.3487 2 2 3
3.66313 46.3587 46.3587 2 2 3
3.66313 46.3687 46.3687 2 2 3
3.66313 46.3787 46.3787 2 2 3
3.66313 46.3887 46.3887 2 2 3
3.66313 46.3987 46.3987 2 2 3
3.66313 46.4087 46.4087 2 2 3
3.66313 46.4187 46.4187 2 2 3
3.66313 46.4287 46.4287 2 2 3
3.66313 46.4387 46.4387 2 2 3
3.66313 46.4487 46.4487 2 2 3
3.66313 46.4587 46.4587 2 2 3
3.66313 46.4687 46.4687 2 2 3
3.66313 46.4787 46.4787 2 2 3
3.66313 46.4887 46.4887 2 2 3
3.66313 46.4987 46.4987 2 2 3
3.66313 46.5087 46.5087 2 2 3
3.66313 46.5187 46.5187 2 2 3
3.66313 46.5287 46.5287 2 2 3
3.66313 46.5387 46.5387 2 2 3
3.66313 46.5487 46.5487 2 2 3
3.66313 46.5587 46.5587 2 2 3
3.66313 46.5687 46.5687 2 2 3
3.66313 46.5787 46.5787 2 2 3
3.66313 46.5887 46.5887 2 2 3
3.66313 46.5987 46.5987 2 2 3
3.66313 46.6087 46.6087 2 2 3
3.66313 46.6187 46.6187 2 2 3
3.66313 46.6287 46.6287 2 2 3
3.66313 46.6387 46.6387 2 2 3
3.66313 46.6487 46.6487 2 2 3
3.66313 46.6587 46.6587 2 2 3
3.66313 46.6687 46.6687 2 2 3
3.66313 46.6787 46.6787 2 2 3
3.66313 46.6887 46.6887 2 2 3
3.66313 46.6987 46.6987 2 2 3
3.66313 46.7087 46.7087 2 2 3
3.66313 46.7187 46.7187 2 2 3
3.66313 46.7287 46.7287 2 2 3
3.66313 46.7387 46.7387 2 2 3
3.66313 46.7487 46.7487 2 2 3
3.66313 46.7587 46.7587 2 2 3
3.66313 46.7687 46.7687 2 2 3
3.66313 46.7787 46.7787 2 2 3
3.66313 46.7887 46.7887 2 2 3
3.66313 46.7987 46.7987 2 2 3
3.66313 46.8087 46.8087 2 2 3
3.66313 46.8187 46.8187 2 2 3
3.66313 46.8287 46.8287 2 2 3
3.66313 46.8387 46.8387 2 2 3
3.66313 46.8487 46.8487 2 2 3
3.66313 46.8587 46.8587 2 2 3
3.66313 46.8687 46.8687 2 2 3
3.66313 46.8787 46.8787 2 2 3
3.66313 46.8887 46.8887 2 2 3
3.66313 46.8987 46.8987 2 2 3
3.66313 46.9087 46.9087 2 2 3
3.66313 46.9187 46.9187 2 2 3
3.66313 46.9287 46.9287 2 2 3
3.66313 46.9387 46.9387 2 2 3
3.66313 46.9487 46.9487 2 2 3
3.66313 46.9587 46.9587 2 2 3
3.66313 46.9687 46.9687 2 2 3
3.66313 46.9787 46.9787 2 2 3
3.66313 46.9887 46.9887 2 2 3
3.66313 46.9987 46.9987 2 2 3
3.66313 47.0087 47.0087 2 2 3
3.66313 47.0187 47.0187 2 2 3
3.66313 47.0287 47.0287 2 2 3
3.66313 47.0387 47.0387 2 2 3
3.66313 47.0487 47.0487 2 2 3
3.66313 47.0587 47.0587 2 2 3
3.66313 47.0687 47.0687 2 2 3
3.66313 47.0787 47.0787 2 2 3
3.66313 47.0887 47.0887 2 2 3
3.66313 47.0987 47.0987 2 2 3
3.66313 47.1087 47.1087 2 2 3
3.66313 47.1187 47.1187 2 2 3
3.66313 47.1287 47.1287 2 2 3
3.66313 47.1387 47.1387 2 2 3
3.66313 47.1487 47.1487 2 2 3
3.66313 47.1587 47.1587 2 2 3
3.66313 47.1687 47.1687 2 2 3
3.66313 47.1787 47.1787 2 2 3
3.66313 47.1887 47.1887 2 2 3
3.66313 47.1987 47.1987 2 2 3
3.66313 47.2087 47.2087 2 2 3
3.66313 47.2187 47.2187 2 2 3
3.66313 47.2287 47.2287 2 2 3
3.66313 47.2387 47.2387 2 2 3
3.66313 47.2487 47.2487 2 2 3
3.66313 47.2587 47.2587 2 2 3
3.66313 47.2687 47.2687 2 2 3
3.66313 47.2787 47.2787 2 2 3
3.66313 47.2887 47.2887 2 2 3
3.66313 47.2987 47.2987 2 2 3
3.66313 47.3087 47.3087 2 2 3
3.66313 47.3187 47.3187 2 2 3
3.66313 47.3287 47.3287 2 2 3
3.66313 47.3387 47.3387 2 2 3
3.66313 47.3487 47.3487 2 2 3
3.66313 47.3587 47.3587 2 2 3
3.66313 47.3687 47.3687 2 2 3
3.66313 47.3787 47.3787 2 2 3
3.66313 47.3887 47.3887 2 2 3
3.66313 47.3987 47.3987 2 2 3
3.66313 47.4087 47.4087 2 2 3
3.66313 47.4187 47.4187 2 2 3
3.66313 47.4287 47.4287 2 2 3
3.66313 47.4387 47.4387 2 2 3
3.66313 47.4487 47.4487 2 2 3
3.66313 47.4587 47.4587 2 2 3
3.66313 47.4687 47.4687 2 2 3
3.66313 47.4787 47.4787 2 2 3
3.66313 47.4887 47.4887 2 2 3
3.66313 47.4987 47.4987 2 2 3
3.66313 47.5087 47.5087 2 2 3
3.66313 47.5187 47.5187 2 2 3
3.66313 47.5287 47.5287 2 2 3
3.66313 47.5387 47.5387 2 2 3
3.66313 47.5487 47.5487 2 2 3
3.66313 47.5587 47.5587 2 2 3
3.66313 47.5687 47.5687 2 2 3
3.66313 47.5787 47.5787 2 2 3
3.66313 47.5887 47.5887 2 2 3
3.66313 47.5987 47.5987 2 2 3
3.66313 47.6087 47.6087 2 2 3
3.66313 47.6187 47.6187 2 2 3
3.66313 47.6287 47.6287 2 2 3
3.66313 47.6387 47.6387 2 2 3
3.66313 47.6487 47.6487 2 2 3
3.66313 47.6587 47.6587 2 2 3
3.66313 47.6687 47.6687 2 2 3
3.66313 47.6787 47.6787 2 2 3
3.66313 47.6887 47.6887 2 2 3
3.66313 47.6987 47.6987 2 2 3
3.66313 47.7087 47.7087 2 2 3
3.66313 47.7187 47.7187 2 2 3
3.66313 47.7287 47.7287 2 2 3
3.66313 47.7387 47.7387 2 2 3
3.66313 47.7487 47.7487 2 2 3
3.66313 47.7587 47.7587 2 2 3
3.66313 47.7687 47.7687 2 2 3
3.66313 47.7787 47.7787 2 2 3
3.66313 47.7887 47.7887 2 2 3
3.66313 47.7987 47.7987 2 2 3
3.66313 47.8087 47.8087 2 2 3
3.66313 47.8187 47.8187 2 2 3
3.66313 47.8287 47.8287 2 2 3
3.66313 47.8387 47.8387 2 2 3
3.66313 47.8487 47.8487 2 2 3
3.66313 47.8587 47.8587 2 2 3
3.66313 47.8687 47.8687 2 2 3
3.66313 47.8787 47.8787 2 2 3
3.66313 47.8887 47.8887 2 2 3
3.66313 47.8987 47.8987 2 2 3
3.66313 47.9087 47.9087 2 2 3
3.66313 47.9187 47.9187 2 2 3
3.66313 47.9287 47.9287 2 2 3
3.66313 47.9387 47.9387 2 2 3
3.66313 47.9487 47.9487 2 2 3
3.66313 47.9587 47.9587 2 2 3
3.66313 47.9687 47.9687 2 2 3
3.66313 47.9787 47.9787 2 2 3
3.66313 47.9887 47.9887 2 2 3
3.66313 47.9987 47.9987 2 2 3
3.66313 48.0087 48.0087 2 2 3
3.66313 48.0187 48.0187 2 2 3
3.66313 48.0287 48.0287 2 2 3
3.66313 48.0387 48.0387 2 2 3
3.66313 48.0487 48.0487 2 2 3
3.66313 48.0587 48.0587 2 2 3
3.66313 48.0687 48.0687 2 2 3
3.66313 48.0787 48.0787 2 2 3
3.66313 48.0887 48.0887 2 2 3
3.66313 48.0987 48.0987 2 2 3
3.66313 48.1087 48.1087 2 2 3
3.66313 48.1187 48.1187 2 2 3
3.66313 48.1287 48.1287 2 2 3
3.66313 48.1387 48.1387 2 2 3
3.66313 48.1487 48.1487 2 2 3
3.66313 48.1587 48.1587 2 2 3
3.66313 48.1687 48.1687 2 2 3
3.66313 48.1787 48.1787 2 2 3
3.66313 48.1887 48.1887 2 2 3
3.66313 48.1987 48.1987 2 2 3
3.66313 48.2087 48.2087 2 2 3
3.66313 48.2187 48.2187 2 2 3
3.66313 48.2287 48.2287 2 2 3
3.66313 48.2387 48.2387 2 2 3
3.66313 48.2487 48.2487 2 2 3
3.66313 48.2587 48.2587 2 2 3
3.66313 48.2687 48.2687 2 2 3
3.66313 48.2787 48.2787 2 2 3
3.66313 48.2887 48.2887 2 2 3
3.66313 48.2987 48.2987 2 2 3
3.66313 48.3087 48.3087 2 2 3
3.66313 48.3187 48.3187 2 2 3
3.66313 48.3287 48.3287 2 2 3
3.66313 48.3387 48.3387 2 2 3
3.66313 48.3487 48.3487 2 2 3
3.66313 48.3587 48.3587 2 2 3
3.66313 48.3687 48.3687 2 2 3
3.66313 48.3787 48.3787 2 2 3
3.66313 48.3887 48.3887 2 2 3
3.66313 48.3987 48.3987 2 2 3
3.66313 48.4087 48.4087 2 2 3
3.66313 48.4187 48.4187 2 2 3
3.66313 48.4287 48.4287 2 2 3
3.66313 48.4387 48.4387 2 2 3
3.66313 48.4487 48.4487 2 2 3
3.66313 48.4587 48.4587 2 2 3
3.66313 48.4687 48.4687 2 2 3
3.66313 48.4787 48.4787 2 2 3
3.66313 48.4887 48.4887 2 2 3
3.66313 48.4987 48.4987 2 2 3
3.66313 48.5087 48.5087 2 2 3
3.66313 48.5187 48.5187 2 2 3
3.66313 48.5287 48.5287 2 2 3
3.66313 48.5387 48.5387 2 2 3
3.66313 48.5487 48.5487 2 2 3
3.66313 48.5587 48.5587 2 2 3
3.66313 48.5687 48.5687 2 2 3
3.66313 48.5787 48.5787 2 2 3
3.66313 48.5887 48.5887 2 2 3
3.66313 48.5987 48.5987 2 2 3
3.66313 48.6087 48.6087 2 2 3
3.66313 48.6187 48.6187 2 2 3
3.66313 48.6287 48.6287 2 2 3
3.66313 48.6387 48.6387 2 2 3
3.66313 48.6487 48.6487 2 2 3
3.66313 48.6587 48.6587 2 2 3
3.66313 48.6687 48.6687 2 2 3
3.66313 48.6787 48.6787 2 2 3
3.66313 48.6887 48.6887 2 2 3
3.66313 48.6987 48.6987 2 2 3
3.66313 48.7087 48.7087 2 2 3
3.66313 48.7187 48.7187 2 2 3
3.66313 48.7287 48.7287 2 2 3
3.66313 48.7387 48.7387 2 2 3
3.66313 48.7487 48.7487 2 2 3
3.66313 48.7587 48.7587 2 2 3
3.66313 48.7687 48.7687 2 2 3
3.66313 48.7787 48.7787 2 2 3
3.66313 48.7887 48.7887 2 2 3
3.66313 48.7987 48.7987 2 2 3
3.66313 48.8087 48.8087 2 2 3
3.66313 48.8187 48.8187 2 2 3
3.66313 48.8287 48.8287 2 2 3
3.66313 48.8387 48.8387 2 2 3
3.66313 48.8487 48.8487 2 2 3
3.66313 48.8587 48.8587 2 2 3
3.66313 48.8687 48.8687 2 2 3
3.66313 48.8787 48.8787 2 2 3
3.66313 48.8887 48.8887 2 2 3
3.66313 48.8987 48.8987 2 2 3
3.66313 48.9087 48.9087 2 2 3
3.66313 48.9187 48.9187 2 2 3
3.66313 48.9287 48.9287 2 2 3
3.66313 48.9387 48.9387 2 2 3
3.66313 48.9487 48.9487 2 2 3
3.66313 48.9587 48.9587 2 2 3
3.66313 48.9687 48.9687 2 2 3
3.66313 48.9787 48.9787 2 2 3
3.66313 48.9887 48.9887 2 2 3
3.66313 48.9987 48.9987 2 2 3
3.66313 49.0087 49.0087 2 2 3
3.66313 49.0187 49.0187 2 2 3
3.66313 49.0287 49.0287 2 2 3
3.66313 49.0387 49.0387 2 2 3
3.66313 49.0487 49.0487 2 2 3
3.66313 49.0587 49.0587 2 2 3
3.66313 49.0687 49.0687 2 2 3
3.66313 49.0787 49.0787 2 2 3
3.66313 49.0887 49.0887 2 2 3
3.66313 49.0987 49.0987 2 2 3
3.66313 49.1087 49.1087 2 2 3
3.66313 49.1187 49.1187 2 2 3
3.66313 49.1287 49.1287 2 2 3
3.66313 49.1387 49.1387 2 2 3
3.66313 49.1487 49.1487 2 2 3
3.66313 49.1587 49.1587 2 2 3
3.66313 49.1687 49.1687 2 2 3
3.66313 49.1787 49.1787 2 2 3
3.66313 49.1887 49.1887 2 2 3
3.66313 49.1987 49.1987 2 2 3
3.66313 49.2087 49.2087 2 2 3
3.66313 49.2187 49.2187 2 2 3
3.66313 49.2287 49.2287 2 2 3
3.66313 49.2387 49.2387 2 2 3
3.66313 49.2487 49.2487 2 2 3
3.66313 49.2587 49.2587 2 2 3
3.66313 49.2687 49.2687 2 2 3
3.66313 49.2787 49.2787 2 2 3
3.66313 49.2887 49.2887 2 2 3
3.66313 49.2987 49.2987 2 2 3
3.66313 49.3087 49.3087 2 2 3
3.66313 49.3187 49.3187 2 2 3
3.66313 49.3287 49.3287 2 2 3
3.66313 49.3387 49.3387 2 2 3
3.66313 49.3487 49.3487 2 2 3
3.66313 49.3587 49.3587 2 2 3
3.66313 49.3687 49.3687 2 2 3
3.66313 49.3787 49.3787 2 2 3
3.66313 49.3887 49.3887 2 2 3
3.66313 49.3987 49.3987 2 2 3
3.66313 49.4087 49.4087 2 2 3
3.66313 49.4187 49.4187 2 2 3
3.66313 49.4287 49.4287 2 2 3
3.66313 49.4387 49.4387 2 2 3
3.66313 49.4487 49.4487 2 2 3
3.66313 49.4587 49.4587 2 2 3
3.66313 49.4687 49.4687 2 2 3
3.66313 49.4787 49.4787 2 2 3
3.66313 49.4887 49.4887 2 2 3
3.66313 49.4987 49.4987 2 2 3
3.66313 49.5087 49.5087 2 2 3
3.66313 49.5187 49.5187 2 2 3
3.66313 49.5287 49.5287 2 2 3
3.66313 49.5387 49.5387 2 2 3
3.66313 49.5487 49.5487 2 2 3
3.66313 49.5587 49.5587 2 2 3
3.66313 49.5687 49.5687 2 2 3
3.66313 49.5787 49.5787 2 2 3
3.66313 49.5887 49.5887 2 2 3
3.66313 49.5987 49.5987 2 2 3
3.66313 49.6087 49.6087 2 2 3
3.66313 49.6187 49.6187 2 2 3
3.66313 49.6287 49.6287 2 2 3
3.66313 49.6387 49.6387 2 2 3
3.66313 49.6487 49.6487 2 2 3
3.66313 49.6587 49.6587 2 2 3
3.66313 49.6687 49.6687 2 2 3
3.66313 49.6787 49.6787 2 2 3
3.66313 49.6887 49.6887 2 2 3
3.66313 49.6987 49.6987 2 2 3
3.66313 49.7087 49.7087 2 2 3
3.66313 49.7187 49.7187 2 2 3
3.66313 49.7287 49.7287 2 2 3
3.66313 49.7387 49.7387 2 2 3
3.66313 49.7487 49.7487 2 2 3
3.66313 49.7587 49.7587 2 2 3
3.66313 49.7687 49.7687 2 2 3
3.66313 49.7787 49.7787 2 2 3
3.66313 49.7887 49.7887 2 2 3
3.66313 49.7987 49.7987 2 2 3
3.66313 49.8087 49.8087 2 2 3
3.66313 49.8187 49.8187 2 2 3
3.66313 49.8287 49.8287 2 2 3
3.66313 49.8387 49.8387 2 2 3
3.66313 49.8487 49.8487 2 2 3
3.66313 49.8587 49.8587 2 2 3
3.66313 49.8687 49.8687 2 2 3
3.66313 49.8787 49.8787 2 2 3
3.66313 49.8887 49.8887 2 2 3
3.66313 49.8987 49.8987 2 2 3
3.66313 49.9087 49.9087 2 2 3
3.66313 49.9187 49.9187 2 2 3
3.66313 49.9287 49.9287 2 2 3
3.66313 49.9387 49.9387 2 2 3
3.66313 49.9487 49.9487 2 2 3
3.66313 49.9587 49.9587 2 2 3
3.66313 49.9687 49.9687 2 2 3
3.66313 49.9787 49.9787 2 2 3
3.66313 49.9887 49.9887 2 2 3
3.66313 49.9987 49.9987 2 2 3
3.66313 50.0087 50.0087 2 2 3
3.66313 50.0187 50.0187 2 2 3
3.66313 50.0287 50.0287 2 2 3
3.66313 50.0387 50.0387 2 2 3
3.66313 50.0487 50.0487 2 2 3
3.66313 50.0587 50.0587 2 2 3
3.66313 50.0687 50.0687 2 2 3
3.66313 50.0787 50.0787 2 2 3
3.66313 50.0887 50.0887 2 2 3
3.66313 50.0987 50.0987 2 2 3
3.66313 50.1087 50.1087 2 2 3
3.66313 50.1187 50.1187 2 2 3
3.66313 50.1287 50.1287 2 2 3
3.66313 50.1387 50.1387 2 2 3
3.66313 50.1487 50.1487 2 2 3
3.66313 50.1587 50.1587 2 2 3
3.66313 50.1687 50.1687 2 2 3
3.66313 50.1787 50.1787 2 2 3
3.66313 50.1887 50.1887 2 2 3
3.66313 50.1987 50.1987 2 2 3
3.66313 50.2087 50.2087 2 2 3
3.66313 50.2187 50.2187 2 2 3
3.66313 50.2287 50.2287 2 2 3
3.66313 50.2387 50.2387 2 2 3
3.66313 50.2487 50.2487 2 2 3
3.66313 50.2587 50.2587 2 2 3
3.66313 50.2687 50.2687 2 2 3
3.66313 50.2787 50.2787 2 2 3
3.66313 50.2887 50.2887 2 2 3
3.66313 50.2987 50.2987 2 2 3
3.66313 50.3087 50.3087 2 2 3
3.66313 50.3187 50.3187 2 2 3
3.66313 50.3287 50.3287 2 2 3
3.66313 50.3387 50.3387 2 2 3
3.66313 50.3487 50.3487 2 2 3
3.66313 50.3587 50.3587 2 2 3
3.66313 50.3687 50.3687 2 2 3
3.66313 50.3787 50.3787 2 2 3
3.66313 50.3887 50.3887 2 2 3
3.66313 50.3987 50.3987 2 2 3
3.66313 50.4087 50.4087 2 2 3
3.66313 50.4187 50.4187 2 2 3
3.66313 50.4287 50.4287 2 2 3
3.66313 50.4387 50.4387 2 2 3
3.66313 50.4487 50.4487 2 2 3
3.66313 50.4587 50.4587 2 2 3
3.66313 50.4687 50.4687 2 2 3
3.66313 50.4787 50.4787 2 2 3
3.66313 50.4887 50.4887 2 2 3
3.66313 50.4987 50.4987 2 2 3
3.66313 50.5087 50.5087 2 2 3
3.66313 50.5187 50.5187 2 2 3
3.66313 50.5287 50.5287 2 2 3
3.66313 50.5387 50.5387 2 2 3
3.66313 50.5487 50.5487 2 2 3
3.66313 50.5587 50.5587 2 2 3
3.66313 50.5687 50.5687 2 2 3
3.66313 50.5787 50.5787 2 2 3
3.66313 50.5887 50.5887 2 2 3
3.66313 50.5987 50.5987 2 2 3
3.66313 50.6087 50.6087 2 2 3
3.66313 50.6187 50.6187 2 2 3
3.66313 50.6287 50.6287 2 2 3
3.66313 50.6387 50.6387 2 2 3
3.66313 50.6487 50.6487 2 2 3
3.66313 50.6587 50.6587 2 2 3
3.66313 50.6687 50.6687 2 2 3
3.66313 50.6787 50.6787 2 2 3
3.66313 50.6887 50.6887 2 2 3
3.66313 50.6987 50.6987 2 2 3
3.66313 50.7087 50.7087 2 2 3
3.66313 50.7187 50.7187 2 2 3
3.66313 50.7287 50.7287 2 2 3
3.66313 50.7387 50.7387 2 2 3
3.66313 50.7487 50.7487 2 2 3
3.66313 50.7587 50.7587 2 2 3
3.66313 50.7687 50.7687 2 2 3
3.66313 50.7787 50.7787 2 2 3
3.66313 50.7887 50.7887 2 2 3
3.66313 50.7987 50.7987 2 2 3
3.66313 50.8087 50.8087 2 2 3
3.66313 50.8187 50.8187 2 2 3
3.66313 50.8287 50.8287 2 2 3
3.66313 50.8387 50.8387 2 2 3
3.66313 50.8487 50.8487 2 2 3
3.66313 50.8587 50.8587 2 2 3
3.66313 50.8687 50.8687 2 2 3
3.66313 50.8787 50.8787 2 2 3
3.66313 50.8887 50.8887 2 2 3
3.66313 50.8987 50.8987 2 2 3
3.66313 50.9087 50.9087 2 2 3
3.66313 50.9187 50.9187 2 2 3
3.66313 50.9287 50.9287 2 2 3
3.66313 50.9387 50.9387 2 2 3
3.66313 50.9487 50.9487 2 2 3
3.66313 50.9587 50.9587 2 2 3
3.66313 50.9687 50.9687 2 2 3
3.66313 50.9787 50.9787 2 2 3
3.66313 50.9887 50.9887 2 2 3
3.66313 50.9987 50.9987 2 2 3
3.66313 51.0087 51.0087 2 2 3
3.66313 51.0187 51.0187 2 2 3
3.66313 51.0287 51.0287 2 2 3
3.66313 51.0387 51.0387 2 2 3
3.66313 51.0487 51.0487 2 2 3
3.66313 51.0587 51.0587 2 2 3
3.66313 51.0687 51.0687 2 2 3
3.66313 51.0787 51.0787 2 2 3
3.66313 51.0887 51.0887 2 2 3
3.66313 51.0987 51.0987 2 2 3
3.66313 51.1087 51.1087 2 2 3
3.66313 51.1187 51.1187 2 2 3
3.66313 51.1287 51.1287 2 2 3
3.66313 51.1387 51.1387 2 2 3
3.66313 51.1487 51.1487 2 2 3
3.66313 51.1587 51.1587 2 2 3
3.66313 51.1687 51.1687 2 2 3
3.66313 51.1787 51.1787 2 2 3
3.66313 51.1887 51.1887 2 2 3
3.66313 51.1987 51.1987 2 2 3
3.66313 51.2087 51.2087 2 2 3
3.66313 51.2187 51.2187 2 2 3
3.66313 51.2287 51.2287 2 2 3
3.66313 51.2387 51.2387 2 2 3
3.66313 51.2487 51.2487 2 2 3
3.66313 51.2587 51.2587 2 2 3
3.66313 51.2687 51.2687 2 2 3
3.66313 51.2787 51.2787 2 2 3
3.66313 51.2887 51.2887 2 2 3
3.66313 51.2987 51.2987 2 2 3
3.66313 51.3087 51.3087 2 2 3
3.66313 51.3187 51.3187 2 2 3
3.66313 51.3287 51.3287 2 2 3
3.66313 51.3387 51.3387 2 2 3
3.66313 51.3487 51.3487 2 2 3
3.66313 51.3587 51.3587 2 2 3
3.66313 51.3687 51.3687 2 2 3
3.66313 51.3787 51.3787 2 2 3
3.66313 51.3887 51.3887 2 2 3
3.66313 51.3987 51.3987 2 2 3
3.66313 51.4087 51.4087 2 2 3
3.66313 51.4187 51.4187 2 2 3
3.66313 51.4287 51.4287 2 2 3
3.66313 51.4387 51.4387 2 2 3
3.66313 51.4487 51.4487 2 2 3
3.66313 51.4587 51.4587 2 2 3
3.66313 51.4687 51.4687 2 2 3
3.66313 51.4787 51.4787 2 2 3
3.66313 51.4887 51.4887 2 2 3
3.66313 51.4987 51.4987 2 2 3
3.66313 51.5087 51.5087 2 2 3
3.66313 51.5187 51.5187 2 2 3
3.66313 51.5287 51.5287 2 2 3
3.66313 51.5387 51.5387 2 2 3
3.66313 51.5487 51.5487 2 2 3
3.66313 51.5587 51.5587 2 2 3
3.66313 51.5687 51.5687 2 2 3
3.66313 51.5787 51.5787 2 2 3
3.66313 51.5887 51.5887 2 2 3
3.66313 51.5987 51.5987 2 2 3
3.66313 51.6087 51.6087 2 2 3
3.66313 51.6187 51.6187 2 2 3
3.66313 51.6287 51.6287 2 2 3
3.66313 51.6387 51.6387 2 2 3
3.66313 51.6487 51.6487 2 2 3
3.66313 51.6587 51.6587 2 2 3
3.66313 51.6687 51.6687 2 2 3
3.66313 51.6787 51.6787 2 2 3
3.66313 51.6887 51.6887 2 2 3
3.66313 51.6987 51.6987 2 2 3
3.66313 51.7087 51.7087 2 2 3
3.66313 51.7187 51.7187 2 2 3
3.66313 51.7287 51.7287 2 2 3
3.66313 51.7387 51.7387 2 2 3
3.66313 51.7487 51.7487 2 2 3
3.66313 51.7587 51.7587 2 2 3
3.66313 51.7687 51.7687 2 2 3
3.66313 51.7787 51.7787 2 2 3
3.66313 51.7887 51.7887 2 2 3
3.66313 51.7987 51.7987 2 2 3
3.66313 51.8087 51.8087 2 2 3
3.66313 51.8187 51.8187 2 2 3
3.66313 51.8287 51.8287 2 2 3
3.66313 51.8387 51.8387 2 2 3
3.66313 51.8487 51.8487 2 2 3
3.66313 51.8587 51.8587 2 2 3
3.66313 51.8687 51.8687 2 2 3
3.66313 51.8787 51.8787 2 2 3
3.66313 51.8887 51.8887 2 2 3
3.66313 51.8987 51.8987 2 2 3
3.66313 51.9087 51.9087 2 2 3
3.66313 51.9187 51.9187 2 2 3
3.66313 51.9287 51.9287 2 2 3
3.66313 51.9387 51.9387 2 2 3
3.66313 51.9487 51.9487 2 2 3
3.66313 51.9587 51.9587 2 2 3
3.66313 51.9687 51.9687 2 2 3
3.66313 51.9787 51.9787 2 2 3
3.66313 51.9887 51.9887 2 2 3
3.66313 51.9987 51.9987 2 2 3
3.66313 52.0087 52.0087 2 2 3
3.66313 52.0187 52.0187 2 2 3
3.66313 52.0287 52.0287 2 2 3
3.66313 52.0387 52.0387 2 2 3
3.66313 52.0487 52.0487 2 2 3
3.66313 52.0587 52.0587 2 2 3
3.66313 52.0687 52.0687 2 2 3
3.66313 52.0787 52.0787 2 2 3
3.66313 52.0887 52.0887 2 2 3
3.66313 52.0987 52.0987 2 2 3
3.66313 52.1087 52.1087 2 2 3
3.66313 52.1187 52.1187 2 2 3
3.66313 52.1287 52.1287 2 2 3
3.66313 52.1387 52.1387 2 2 3
3.66313 52.1487 52.1487 2 2 3
3.66313 52.1587 52.1587 2 2 3
3.66313 52.1687 52.1687 2 2 3
3.66313 52.1787 52.1787 2 2 3
3.66313 52.1887 52.1887 2 2 3
3.66313 52.1987 52.1987 2 2 3
3.66313 52.2087 52.2087 2 2 3
3.66313 52.2187 52.2187 2 2 3
3.66313 52.2287 52.2287 2 2 3
3.66313 52.2387 52.2387 2 2 3
3.66313 52.2487 52.2487 2 2 3
3.66313 52.2587 52.2587 2 2 3
3.66313 52.2687 52.2687 2 2 3
3.66313 52.2787 52.2787 2 2 3
3.66313 52.2887 52.2887 2 2 3
3.66313 52.2987 52.2987 2 2 3
3.66313 52.3087 52.3087 2 2 3
3.66313 52.3187 52.3187 2 2 3
3.66313 52.3287 52.3287 2 2 3
3.66313 52.3387 52.3387 2 2 3
3.66313 52.3487 52.3487 2 2 3
3.66313 52.3587 52.3587 2 2 3
3.66313 52.3687 52.3687 2 2 3
3.66313 52.3787 52.3787 2 2 3
3.66313 52.3887 52.3887 2 2 3
3.66313 52.3987 52.3987 2 2 3
3.66313 52.4087 52.4087 2 2 3
3.66313 52.4187 52.4187 2 2 3
3.66313 52.4287 52.4287 2 2 3
3.66313 52.4387 52.4387 2 2 3
3.66313 52.4487 52.4487 2 2 3
3.66313 52.4587 52.4587 2 2 3
3.66313 52.4687 52.4687 2 2 3
3.66313 52.4787 52.4787 2 2 3
3.66313 52.4887 52.4887 2 2 3
3.66313 52.4987 52.4987 2 2 3
3.66313 52.5087 52.5087 2 2 3
3.66313 52.5187 52.5187 2 2 3
3.66313 52.5287 52.5287 2 2 3
3.66313 52.5387 52.5387 2 2 3
3.66313 52.5487 52.5487 2 2 3
3.66313 52.5587 52.5587 2 2 3
3.66313 52.5687 52.5687 2 2 3
3.66313 52.5787 52.5787 2 2 3
3.66313 52.5887 52.5887 2 2 3
3.66313 52.5987 52.5987 2 2 3
3.66313 52.6087 52.6087 2 2 3
3.66313 52.6187 52.6187 2 2 3
3.66313 52.6287 52.6287 2 2 3
3.66313 52.6387 52.6387 2 2 3
3.66313 52.6487 52.6487 2 2 3
3.66313 52.6587 52.6587 2 2 3
3.66313 52.6687 52.6687 2 2 3
3.66313 52.6787 52.6787 2 2 3
3.66313 52.6887 52.6887 2 2 3
3.66313 52.6987 52.6987 2 2 3
3.66313 52.7087 52.7087 2 2 3
3.66313 52.7187 52.7187 2 2 3
3.66313 52.7287 52.7287 2 2 3
3.66313 52.7387 52.7387 2 2 3
3.66313 52.7487 52.7487 2 2 3
3.66313 52.7587 52.7587 2 2 3
3.66313 52.7687 52.7687 2 2 3
3.66313 52.7787 52.7787 2 2 3
3.66313 52.7887 52.7887 2 2 3
3.66313 52.7987 52.7987 2 2 3
3.66313 52.8087 52.8087 2 2 3
3.66313 52.8187 52.8187 2 2 3
3.66313 52.8287 52.8287 2 2 3
3.66313 52.8387 52.8387 2 2 3
3.66313 52.8487 52.8487 2 2 3
3.66313 52.8587 52.8587 2 2 3
3.66313 52.8687 52.8687 2 2 3
3.66313 52.8787 52.8787 2 2 3
3.66313 52.8887 52.8887 2 2 3
3.66313 52.8987 52.8987 2 2 3
3.66313 52.9087 52.9087 2 2 3
3.66313 52.9187 52.9187 2 2 3
3.66313 52.9287 52.9287 2 2 3
3.66313 52.9387 52.9387 2 2 3
3.66313 52.9487 52.9487 2 2 3
3.66313 52.9587 52.9587 2 2 3
3.66313 52.9687 52.9687 2 2 3
3.66313 52.9787 52.9787 2 2 3
3.66313 52.9887 52.9887 2 2 3
3.66313 52.9987 52.9987 2 2 3
3.66313 53.0087 53.0087 2 2 3
3.66313 53.0187 53.0187 2 2 3
3.66313 53.0287 53.0287 2 2 3
3.66313 53.0387 53.0387 2 2 3
3.66313 53.0487 53.0487 2 2 3
3.66313 53.0587 53.0587 2 2 3
3.66313 53.0687 53.0687 2 2 3
3.66313 53.0787 53.0787 2 2 3
3.66313 53.0887 53.0887 2 2 3
3.66313 53.0987 53.0987 2 2 3
3.66313 53.1087 53.1087 2 2 3
3.66313 53.1187 53.1187 2 2 3
3.66313 53.1287 53.1287 2 2 3
3.66313 53.1387 53.1387 2 2 3
3.66313 53.1487 53.1487 2 2 3
3.66313 53.1587 53.1587 2 2 3
3.66313 53.1687 53.1687 2 2 3
3.66313 53.1787 53.1787 2 2 3
3.66313 53.1887 53.1887 2 2 3
3.66313 53.1987 53.1987 2 2 3
3.66313 53.2087 53.2087 2 2 3
3.66313 53.2187 53.2187 2 2 3
3.66313 53.2287 53.2287 2 2 3
3.66313 53.2387 53.2387 2 2 3
3.66313 53.2487 53.2487 2 2 3
3.66313 53.2587 53.2587 2 2 3
3.66313 53.2687 53.2687 2 2 3
3.66313 53.2787 53.2787 2 2 3
3.66313 53.2887 53.2887 2 2 3
3.66313 53.2987 53.2987 2 2 3
3.66313 53.3087 53.3087 2 2 3
3.66313 53.3187 53.3187 2 2 3
3.66313 53.3287 53.3287 2 2 3
3.66313 53.3387 53.3387 2 2 3
3.66313 53.3487 53.3487 2 2 3
3.66313 53.3587 53.3587 2 2 3
3.66313 53.3687 53.3687 2 2 3
3.66313 53.3787 53.3787 2 2 3
3.66313 53.3887 53.3887 2 2 3
3.66313 53.3987 53.3987 2 2 3
3.66313 53.4087 53.4087 2 2 3
3.66313 53.4187 53.4187 2 2 3
3.66313 53.4287 53.4287 2 2 3
3.66313 53.4387 53.4387 2 2 3
3.66313 53.4487 53.4487 2 2 3
3.66313 53.4587 53.4587 2 2 3
3.66313 53.4687 53.4687 2 2 3
3.66313 53.4787 53.4787 2 2 3
3.66313 53.4887 53.4887 2 2 3
3.66313 53.4987 53.4987 2 2 3
3.66313 53.5087 53.5087 2 2 3
3.66313 53.5187 53.5187 2 2 3
3.66313 53.5287 53.5287 2 2 3
3.66313 53.5387 53.5387 2 2 3
3.66313 53.5487 53.5487 2 2 3
3.66313 53.5587 53.5587 2 2 3
3.66313 53.5687 53.5687 2 2 3
3.66313 53.5787 53.5787 2 2 3
3.66313 53.5887 53.5887 2 2 3
3.66313 53.5987 53.5987 2 2 3
3.66313 53.6087 53.6087 2 2 3
3.66313 53.6187 53.6187 2 2 3
3.66313 53.6287 53.6287 2 2 3
3.66313 53.6387 53.6387 2 2 3
3.66313 53.6487 53.6487 2 2 3
3.66313 53.6587 53.6587 2 2 3
3.66313 53.6687 53.6687 2 2 3
3.66313 53.6787 53.6787 2 2 3
3.66313 53.6887 53.6887 2 2 3
3.66313 53.6987 53.6987 2 2 3
3.66313 53.7087 53.7087 2 2 3
3.66313 53.7187 53.7187 2 2 3
3.66313 53.7287 53.7287 2 2 3
3.66313 53.7387 53.7387 2 2 3
3.66313 53.7487 53.7487 2 2 3
3.66313 53.7587 53.7587 2 2 3
3.66313 53.7687 53.7687 2 2 3
3.66313 53.7787 53.7787 2 2 3
3.66313 53.7887 53.7887 2 2 3
3.66313 53.7987 53.7987 2 2 3
3.66313 53.8087 53.8087 2 2 3
3.66313 53.8187 53.8187 2 2 3
3.66313 53.8287 53.8287 2 2 3
3.66313 53.8387 53.8387 2 2 3
3.66313 53.8487 53.8487 2 2 3
3.66313 53.8587 53.8587 2 2 3
3.66313 53.8687 53.8687 2 2 3
3.66313 53.8787 53.8787 2 2 3
3.66313 53.8887 53.8887 2 2 3
3.66313 53.8987 53.8987 2 2 3
3.66313 53.9087 53.9087 2 2 3
3.66313 53.9187 53.9187 2 2 3
3.66313 53.9287 53.9287 2 2 3
3.66313 53.9387 53.9387 2 2 3
3.66313 53.9487 53.9487 2 2 3
3.66313 53.9587 53.9587 2 2 3
3.66313 53.9687 53.9687 2 2 3
3.66313 53.9787 53.9787 2 2 3
3.66313 53.9887 53.9887 2 2 3
3.66313 53.9987 53.9987 2 2 3
3.66313 54.0087 54.0087 2 2 3
3.66313 54.0187 54.0187 2 2 3
3.66313 54.0287 54.0287 2 2 3
3.66313 54.0387 54.0387 2 2 3
3.66313 54.0487 54.0487 2 2 3
3.66313 54.0587 54.0587 2 2 3
3.66313 54.0687 54.0687 2 2 3
3.66313 54.0787 54.0787 2 2 3
3.66313 54.0887 54.0887 2 2 3
3.66313 54.0987 54.0987 2 2 3
3.66313 54.1087 54.1087 2 2 3
3.66313 54.1187 54.1187 2 2 3
3.66313 54.1287 54.1287 2 2 3
3.66313 54.1387 54.1387 2 2 3
3.66313 54.1487 54.1487 2 2 3
3.66313 54.1587 54.1587 2 2 3
3.66313 54.1687 54.1687 2 2 3
3.66313 54.1787 54.1787 2 2 3
3.66313 54.1887 54.1887 2 2 3
3.66313 54.1987 54.1987 2 2 3
3.66313 54.2087 54.2087 2 2 3
3.66313 54.2187 54.2187 2 2 3
3.66313 54.2287 54.2287 2 2 3
3.66313 54.2387 54.2387 2 2 3
3.66313 54.2487 54.2487 2 2 3
3.66313 54.2587 54.2587 2 2 3
3.66313 54.2687 54.2687 2 2 3
3.66313 54.2787 54.2787 2 2 3
3.66313 54.2887 54.2887 2 2 3
3.66313 54.2987 54.2987 2 2 3
3.66313 54.3087 54.3087 2 2 3
3.66313 54.3187 54.3187 2 2 3
3.66313 54.3287 54.3287 2 2 3
3.66313 54.3387 54.3387 2 2 3
3.66313 54.3487 54.3487 2 2 3
3.66313 54.3587 54.3587 2 2 3
3.66313 54.3687 54.3687 2 2 3
3.66313 54.3787 54.3787 2 2 3
3.66313 54.3887 54.3887 2 2 3
3.66313 54.3987 54.3987 2 2 3
3.66313 54.4087 54.4087 2 2 3
3.66313 54.4187 54.4187 2 2 3
3.66313 54.4287 54.4287 2 2 3
3.66313 54.4387 54.4387 2 2 3
3.66313 54.4487 54.4487 2 2 3
3.66313 54.4587 54.4587 2 2 3
3.66313 54.4687 54.4687 2 2 3
3.66313 54.4787 54.4787 2 2 3
3.66313 54.4887 54.4887 2 2 3
3.66313 54.4987 54.4987 2 2 3
3.66313 54.5087 54.5087 2 2 3
3.66313 54.5187 54.5187 2 2 3
3.66313 54.5287 54.5287 2 2 3
3.66313 54.5387 54.5387 2 2 3
3.66313 54.5487 54.5487 2 2 3
3.66313 54.5587 54.5587 2 2 3
3.66313 54.5687 54.5687 2 2 3
3.66313 54.5787 54.5787 2 2 3
3.66313 54.5887 54.5887 2 2 3
3.66313 54.5987 54.5987 2 2 3
3.66313 54.6087 54.6087 2 2 3
3.66313 54.6187 54.6187 2 2 3
3.66313 54.6287 54.6287 2 2 3
3.66313 54.6387 54.6387 2 2 3
4.39741 0.6 0.6 2 4 5
4.39937 0.599601 0.599601 2 4 5
4.40133 0.599201 0.599201 2 4 5
4.40525 0.598404 0.598404 2 4 5
4.41309 0.596821 0.596821 2 4 5
4.4229 0.594871 0.594871 2 4 5
4.43271 0.592961 0.592961 2 4 5
4.44253 0.591084 0.591084 2 4 5
4.45236 0.589236 0.589236 2 4 5
4.4622 0.587415 0.587415 2 4 5
4.47203 0.585623 0.585623 2 4 5
4.48188 0.583856 0.583856 2 4 5
4.49172 0.582116 0.582116 2 4 5
4.50158 0.5804 0.5804 2 4 5
4.51143 0.578708 0.578708 2 4 5
4.52129 0.57704 0.57704 2 4 5
4.53116 0.575396 0.575396 2 4 5
4.54102 0.573774 0.573774 2 4 5
4.55089 0.572174 0.572174 2 4 5
4.56077 0.570597 0.570597 2 4 5
4.57065 0.569043 0.569043 2 4 5
4.58053 0.567524 0.567524 2 4 5
4.5904 0.565923 0.565923 2 4 5
4.60029 0.564427 0.564427 2 4 5
4.61018 0.562967 0.562967 2 4 5
4.62008 0.561527 0.561527 2 4 5
4.62998 0.5601 0.5601 2 4 5
4.6399 0.558841 0.558841 2 4 5
4.6498 0.557413 0.557413 2 4 5
4.65969 0.555927 0.555927 2 4 5
4.66958 0.554465 0.554465 2 4 5
4.67949 0.553085 0.553085 2 4 5
4.6894 0.551757 0.551757 2 4 5
4.69931 0.550458 0.550458 2 4 5
4.70923 0.549171 0.549171 2 4 5
4.71915 0.547892 0.547892 2 4 5
4.72907 0.546657 0.546657 2 4 5
4.73899 0.545347 0.545347 2 4 5
4.74891 0.544101 0.544101 2 4 5
4.75885 0.542977 0.542977 2 4 5
4.76876 0.541669 0.541669 2 4 5
4.77868 0.540385 0.540385 2 4 5
4.7886 0.539171 0.539171 2 4 5
4.79854 0.538001 0.538001 2 4 5
4.80847 0.536854 0.536854 2 4 5
4.81841 0.535715 0.535715 2 4 5
4.82834 0.534582 0.534582 2 4 5
4.8383 0.533638 0.533638 2 4 5
4.84823 0.532403 0.532403 2 4 5
4.85815 0.531186 0.531186 2 4 5
4.86808 0.530043 0.530043 2 4 5
4.87803 0.528959 0.528959 2 4 5
4.88797 0.52791 0.52791 2 4 5
4.89792 0.526871 0.526871 2 4 5
4.90788 0.525983 0.525983 2 4 5
4.91782 0.524933 0.524933 2 4 5
4.92777 0.523811 0.523811 2 4 5
4.9377 0.522702 0.522702 2 4 5
4.94765 0.521653 0.521653 2 4 5
4.9576 0.52065 0.52065 2 4 5
4.96755 0.519675 0.519675 2 4 5
4.9775 0.518709 0.518709 2 4 5
4.98746 0.517745 0.517745 2 4 5
4.99741 0.516816 0.516816 2 4 5
5.00736 0.515825 0.515825 2 4 5
5.01731 0.514833 0.514833 2 4 5
5.02727 0.51389 0.51389 2 4 5
5.03723 0.512966 0.512966 2 4 5
5.04718 0.512053 0.512053 2 4 5
5.05714 0.511145 0.511145 2 4 5
5.0671 0.510243 0.510243 2 4 5
5.07705 0.509259 0.509259 2 4 5
5.08702 0.508395 0.508395 2 4 5
5.09698 0.507544 0.507544 2 4 5
5.10694 0.506688 0.506688 2 4 5
5.11691 0.505797 0.505797 2 4 5
5.12687 0.504939 0.504939 2 4 5
5.13683 0.504088 0.504088 2 4 5
5.1468 0.503243 0.503243 2 4 5
5.15676 0.502405 0.502405 2 4 5
5.16673 0.501592 0.501592 2 4 5
5.17669 0.500741 0.500741 2 4 5
5.18666 0.499917 0.499917 2 4 5
5.19662 0.499099 0.499099 2 4 5
5.20659 0.498289 0.498289 2 4 5
5.21656 0.497487 0.497487 2 4 5
5.22653 0.496694 0.496694 2 4 5
5.2365 0.495908 0.495908 2 4 5
5.24647 0.495127 0.495127 2 4 5
5.25644 0.494352 0.494352 2 4 5
5.26641 0.493584 0.493584 2 4 5
5.27638 0.492822 0.492822 2 4 5
5.28635 0.492099 0.492099 2 4 5
5.29632 0.491318 0.491318 2 4 5
5.30629 0.490543 0.490543 2 4 5
5.31626 0.489797 0.489797 2 4 5
5.32624 0.489067 0.489067 2 4 5
5.33621 0.488345 0.488345 2 4 5
5.34618 0.487626 0.487626 2 4 5
5.35616 0.486911 0.486911 2 4 5
5.36614 0.486243 0.486243 2 4 5
5.37611 0.485502 0.485502 2 4 5
5.38608 0.484769 0.484769 2 4 5
5.39606 0.48406 0.48406 2 4 5
5.40603 0.483368 0.483368 2 4 5
5.41601 0.482687 0.482687 2 4 5
5.42599 0.48201 0.48201 2 4 5
5.43596 0.481335 0.481335 2 4 5
5.44594 0.48067 0.48067 2 4 5
5.45592 0.479987 0.479987 2 4 5
5.4659 0.479318 0.479318 2 4 5
5.47588 0.478656 0.478656 2 4 5
5.48585 0.478 0.478 2 4 5
5.49583 0.47735 0.47735 2 4 5
5.50581 0.476704 0.476704 2 4 5
5.51579 0.476062 0.476062 2 4 5
5.52577 0.475424 0.475424 2 4 5
5.53575 0.474791 0.474791 2 4 5
5.54573 0.474164 0.474164 2 4 5
5.55571 0.473522 0.473522 2 4 5
5.56569 0.4729 0.4729 2 4 5
5.57567 0.472285 0.472285 2 4 5
5.58565 0.471675 0.471675 2 4 5
5.59563 0.471067 0.471067 2 4 5
5.60562 0.470463 0.470463 2 4 5
5.6156 0.469871 0.469871 2 4 5
5.62558 0.46926 0.46926 2 4 5
5.63556 0.468662 0.468662 2 4 5
5.64554 0.468069 0.468069 2 4 5
5.65553 0.467482 0.467482 2 4 5
5.66551 0.466899 0.466899 2 4 5
5.67549 0.466321 0.466321 2 4 5
5.68548 0.465746 0.465746 2 4 5
5.69546 0.465174 0.465174 2 4 5
5.70544 0.464606 0.464606 2 4 5
5.71543 0.464043 0.464043 2 4 5
5.72541 0.463469 0.463469 2 4 5
5.7354 0.462909 0.462909 2 4 5
5.74538 0.462355 0.462355 2 4 5
5.75537 0.461805 0.461805 2 4 5
5.76535 0.461257 0.461257 2 4 5
5.77534 0.460713 0.460713 2 4 5
5.78532 0.460172 0.460172 2 4 5
5.79532 0.459801 0.459801 2 4 5
5.80531 0.459174 0.459174 2 4 5
5.81528 0.458554 0.458554 2 4 5
5.82526 0.457982 0.457982 2 4 5
5.83525 0.457455 0.457455 2 4 5
5.84524 0.456953 0.456953 2 4 5
5.85523 0.456454 0.456454 2 4 5
5.86521 0.455947 0.455947 2 4 5
5.8752 0.455429 0.455429 2 4 5
5.88519 0.454909 0.454909 2 4 5
5.89517 0.454398 0.454398 2 4 5
5.90516 0.45389 0.45389 2 4 5
5.91515 0.453386 0.453386 2 4 5
5.92514 0.452886 0.452886 2 4 5
5.93512 0.452388 0.452388 2 4 5
5.94511 0.451893 0.451893 2 4 5
5.9551 0.4514 0.4514 2 4 5
5.96509 0.450911 0.450911 2 4 5
5.97507 0.450424 0.450424 2 4 5
5.98506 0.449945 0.449945 2 4 5
5.99505 0.449454 0.449454 2 4 5
6.00504 0.448971 0.448971 2 4 5
6.01503 0.448493 0.448493 2 4 5
6.02502 0.448019 0.448019 2 4 5
6.03501 0.447547 0.447547 2 4 5
6.04499 0.447079 0.447079 2 4 5
6.05498 0.446612 0.446612 2 4 5
6.06497 0.446148 0.446148 2 4 5
6.07496 0.445687 0.445687 2 4 5
6.08495 0.445204 0.445204 2 4 5
6.09494 0.444753 0.444753 2 4 5
6.10493 0.444307 0.444307 2 4 5
6.11492 0.44386 0.44386 2 4 5
6.12491 0.443467 0.443467 2 4 5
6.1349 0.442987 0.442987 2 4 5
6.14489 0.442509 0.442509 2 4 5
6.15488 0.44205 0.44205 2 4 5
6.16487 0.441608 0.441608 2 4 5
6.17486 0.441176 0.441176 2 4 5
6.18485 0.440746 0.440746 2 4 5
6.19484 0.440315 0.440315 2 4 5
6.20483 0.439874 0.439874 2 4 5
6.21482 0.439444 0.439444 2 4 5
6.22481 0.439017 0.439017 2 4 5
6.23481 0.438592 0.438592 2 4 5
6.2448 0.438168 0.438168 2 4 5
6.25479 0.437752 0.437752 2 4 5
6.26478 0.437324 0.437324 2 4 5
6.27477 0.436905 0.436905 2 4 5
6.28476 0.436487 0.436487 2 4 5
6.29475 0.436072 0.436072 2 4 5
6.30474 0.435658 0.435658 2 4 5
6.31474 0.435247 0.435247 2 4 5
6.32473 0.434838 0.434838 2 4 5
6.33472 0.434431 0.434431 2 4 5
6.34471 0.434027 0.434027 2 4 5
6.3547 0.433624 0.433624 2 4 5
6.36469 0.433222 0.433222 2 4 5
6.37469 0.432823 0.432823 2 4 5
6.38468 0.432426 0.432426 2 4 5
6.39467 0.432031 0.432031 2 4 5
6.40466 0.431664 0.431664 2 4 5
6.41466 0.431254 0.431254 2 4 5
6.42465 0.430848 0.430848 2 4 5
6.43464 0.430453 0.430453 2 4 5
6.44463 0.430067 0.430067 2 4 5
6.45462 0.429686 0.429686 2 4 5
6.46462 0.429306 0.429306 2 4 5
6.47461 0.428926 0.428926 2 4 5
6.4846 0.428582 0.428582 2 4 5
6.4946 0.428183 0.428183 2 4 5
6.50459 0.427786 0.427786 2 4 5
6.51458 0.427402 0.427402 2 4 5
6.52457 0.427029 0.427029 2 4 5
6.53457 0.426662 0.426662 2 4 5
6.54456 0.426296 0.426296 2 4 5
6.55455 0.425931 0.425931 2 4 5
6.56455 0.425552 0.425552 2 4 5
6.57454 0.42519 0.42519 2 4 5
6.58453 0.42483 0.42483 2 4 5
6.59453 0.42447 0.42447 2 4 5
6.60452 0.424116 0.424116 2 4 5
6.61451 0.423751 0.423751 2 4 5
6.62451 0.423387 0.423387 2 4 5
6.6345 0.42303 0.42303 2 4 5
6.6445 0.422676 0.422676 2 4 5
6.65449 0.422325 0.422325 2 4 5
6.66448 0.421974 0.421974 2 4 5
6.67448 0.421625 0.421625 2 4 5
6.68447 0.42128 0.42128 2 4 5
6.69447 0.420928 0.420928 2 4 5
6.70446 0.420583 0.420583 2 4 5
6.71445 0.420233 0.420233 2 4 5
6.72445 0.419889 0.419889 2 4 5
6.73444 0.419548 0.419548 2 4 5
6.74444 0.419208 0.419208 2 4 5
6.75443 0.41887 0.41887 2 4 5
6.76442 0.418533 0.418533 2 4 5
6.77442 0.418198 0.418198 2 4 5
6.78441 0.417807 0.417807 2 4 5
6.79441 0.417499 0.417499 2 4 5
6.8044 0.417192 0.417192 2 4 5
6.8144 0.416875 0.416875 2 4 5
6.82439 0.416545 0.416545 2 4 5
6.83439 0.41621 0.41621 2 4 5
6.84438 0.415876 0.415876 2 4 5
6.85437 0.415548 0.415548 2 4 5
6.86437 0.415223 0.415223 2 4 5
6.87436 0.414901 0.414901 2 4 5
6.88436 0.414581 0.414581 2 4 5
6.89435 0.414261 0.414261 2 4 5
6.90435 0.413942 0.413942 2 4 5
6.91434 0.413618 0.413618 2 4 5
6.92434 0.413302 0.413302 2 4 5
6.93433 0.412987 0.412987 2 4 5
6.94433 0.412674 0.412674 2 4 5
6.95432 0.412361 0.412361 2 4 5
6.96432 0.41205 0.41205 2 4 5
6.97431 0.411734 0.411734 2 4 5
6.98431 0.411424 0.411424 2 4 5
6.9943 0.411116 0.411116 2 4 5
7.0043 0.410809 0.410809 2 4 5
7.0143 0.410503 0.410503 2 4 5
7.02429 0.410198 0.410198 2 4 5
7.03429 0.409894 0.409894 2 4 5
7.04428 0.409584 0.409584 2 4 5
7.05428 0.409283 0.409283 2 4 5
7.06427 0.408985 0.408985 2 4 5
7.07427 0.408687 0.408687 2 4 5
7.08426 0.40839 0.40839 2 4 5
7.09426 0.408089 0.408089 2 4 5
7.10425 0.407792 0.407792 2 4 5
7.11425 0.407497 0.407497 2 4 5
7.12425 0.407203 0.407203 2 4 5
7.13424 0.40691 0.40691 2 4 5
7.14424 0.406618 0.406618 2 4 5
7.15423 0.406327 0.406327 2 4 5
7.16423 0.406037 0.406037 2 4 5
7.17422 0.405745 0.405745 2 4 5
7.18422 0.405456 0.405456 2 4 5
7.19422 0.405169 0.405169 2 4 5
7.20421 0.404884 0.404884 2 4 5
7.21421 0.404599 0.404599 2 4 5
7.2242 0.404316 0.404316 2 4 5
7.2342 0.404033 0.404033 2 4 5
7.2442 0.403744 0.403744 2 4 5
7.25419 0.403464 0.403464 2 4 5
7.26419 0.403187 0.403187 2 4 5
7.27418 0.402909 0.402909 2 4 5
7.28418 0.402633 0.402633 2 4 5
7.29418 0.402353 0.402353 2 4 5
7.30417 0.402076 0.402076 2 4 5
7.31417 0.401801 0.401801 2 4 5
7.32417 0.401526 0.401526 2 4 5
7.33416 0.401253 0.401253 2 4 5
7.34416 0.40098 0.40098 2 4 5
7.35415 0.400709 0.400709 2 4 5
7.36415 0.400438 0.400438 2 4 5
7.37415 0.400168 0.400168 2 4 5
7.38414 0.399899 0.399899 2 4 5
7.39414 0.399632 0.399632 2 4 5
7.40414 0.399362 0.399362 2 4 5
7.41413 0.399095 0.399095 2 4 5
7.42413 0.39883 0.39883 2 4 5
7.43413 0.398566 0.398566 2 4 5
7.44412 0.398303 0.398303 2 4 5
7.45412 0.398041 0.398041 2 4 5
7.46412 0.397779 0.397779 2 4 5
7.47411 0.397522 0.397522 2 4 5
7.48411 0.397258 0.397258 2 4 5
7.4941 0.396972 0.396972 2 4 5
7.5041 0.396725 0.396725 2 4 5
7.5141 0.39648 0.39648 2 4 5
7.5241 0.39623 0.39623 2 4 5
7.53409 0.395974 0.395974 2 4 5
7.54409 0.395716 0.395716 2 4 5
7.55409 0.395458 0.395458 2 4 5
7.56408 0.395203 0.395203 2 4 5
7.57408 0.394951 0.394951 2 4 5
7.58408 0.3947 0.3947 2 4 5
7.59407 0.394449 0.394449 2 4 5
7.60407 0.394199 0.394199 2 4 5
7.61407 0.39395 0.39395 2 4 5
7.62406 0.393717 0.393717 2 4 5
7.63406 0.39346 0.39346 2 4 5
7.64406 0.393204 0.393204 2 4 5
7.65405 0.392954 0.392954 2 4 5
7.66405 0.392709 0.392709 2 4 5
7.67405 0.392466 0.392466 2 4 5
7.68405 0.392224 0.392224 2 4 5
7.69404 0.391982 0.391982 2 4 5
7.70404 0.391731 0.391731 2 4 5
7.71404 0.391492 0.391492 2 4 5
7.72403 0.391254 0.391254 2 4 5
7.73403 0.391016 0.391016 2 4 5
7.74403 0.390775 0.390775 2 4 5
7.75402 0.390536 0.390536 2 4 5
7.76402 0.390299 0.390299 2 4 5
7.77402 0.390058 0.390058 2 4 5
7.78402 0.389821 0.389821 2 4 5
7.79401 0.389586 0.389586 2 4 5
7.80401 0.389352 0.389352 2 4 5
7.81401 0.389118 0.389118 2 4 5
7.82401 0.388885 0.388885 2 4 5
7.834 0.38865 0.38865 2 4 5
7.844 0.388417 0.388417 2 4 5
7.854 0.388185 0.388185 2 4 5
7.86399 0.387954 0.387954 2 4 5
7.87399 0.387724 0.387724 2 4 5
7.88399 0.387494 0.387494 2 4 5
7.89399 0.387265 0.387265 2 4 5
7.90398 0.387037 0.387037 2 4 5
7.91398 0.38681 0.38681 2 4 5
7.92398 0.386589 0.386589 2 4 5
7.93398 0.386358 0.386358 2 4 5
7.94397 0.386128 0.386128 2 4 5
7.95397 0.385902 0.385902 2 4 5
7.96397 0.385678 0.385678 2 4 5
7.97397 0.385455 0.385455 2 4 5
7.98396 0.385233 0.385233 2 4 5
7.99396 0.385011 0.385011 2 4 5
8.00396 0.384791 0.384791 2 4 5
8.01396 0.384568 0.384568 2 4 5
8.02395 0.384347 0.384347 2 4 5
8.03395 0.384127 0.384127 2 4 5
8.04395 0.383907 0.383907 2 4 5
8.05395 0.383689 0.383689 2 4 5
8.06394 0.383471 0.383471 2 4 5
8.07394 0.383253 0.383253 2 4 5
8.08394 0.383037 0.383037 2 4 5
8.09394 0.382821 0.382821 2 4 5
8.10393 0.382605 0.382605 2 4 5
8.11393 0.38239 0.38239 2 4 5
8.12393 0.382172 0.382172 2 4 5
8.13393 0.381959 0.381959 2 4 5
8.14393 0.381747 0.381747 2 4 5
8.15392 0.381536 0.381536 2 4 5
8.16392 0.381324 0.381324 2 4 5
8.17392 0.38111 0.38111 2 4 5
8.18392 0.3809 0.3809 2 4 5
8.19391 0.38069 0.38069 2 4 5
8.20391 0.380481 0.380481 2 4 5
8.21391 0.380273 0.380273 2 4 5
8.22391 0.380078 0.380078 2 4 5
8.23391 0.379862 0.379862 2 4 5
8.2439 0.379647 0.379647 2 4 5
8.2539 0.379437 0.379437 2 4 5
8.2639 0.379231 0.379231 2 4 5
8.2739 0.379027 0.379027 2 4 5
8.2839 0.378824 0.378824 2 4 5
8.29389 0.37862 0.37862 2 4 5
8.30389 0.378414 0.378414 2 4 5
8.31389 0.378211 0.378211 2 4 5
8.32389 0.378008 0.378008 2 4 5
8.33388 0.377806 0.377806 2 4 5
8.34388 0.377605 0.377605 2 4 5
8.35388 0.377403 0.377403 2 4 5
8.36388 0.377213 0.377213 2 4 5
8.37388 0.377007 0.377007 2 4 5
8.38387 0.376801 0.376801 2 4 5
8.39387 0.376599 0.376599 2 4 5
8.40387 0.376401 0.376401 2 4 5
8.41387 0.376204 0.376204 2 4 5
8.42387 0.376008 0.376008 2 4 5
8.43386 0.375812 0.375812 2 4 5
8.44386 0.37561 0.37561 2 4 5
8.45386 0.375416 0.375416 2 4 5
8.46386 0.375222 0.375222 2 4 5
8.47386 0.375028 0.375028 2 4 5
8.48386 0.374832 0.374832 2 4 5
8.49385 0.374638 0.374638 2 4 5
8.50385 0.374445 0.374445 2 4 5
8.51385 0.374252 0.374252 2 4 5
8.52385 0.37406 0.37406 2 4 5
8.53385 0.373868 0.373868 2 4 5
8.54384 0.373672 0.373672 2 4 5
8.55384 0.373482 0.373482 2 4 5
8.56384 0.373293 0.373293 2 4 5
8.57384 0.373104 0.373104 2 4 5
8.58384 0.372918 0.372918 2 4 5
8.59384 0.372727 0.372727 2 4 5
8.60383 0.372536 0.372536 2 4 5
8.61383 0.372347 0.372347 2 4 5
8.62383 0.372159 0.372159 2 4 5
8.63383 0.371972 0.371972 2 4 5
8.64383 0.371786 0.371786 2 4 5
8.65382 0.3716 0.3716 2 4 5
8.66382 0.371415 0.371415 2 4 5
8.67382 0.371227 0.371227 2 4 5
8.68382 0.371042 0.371042 2 4 5
8.69382 0.370859 0.370859 2 4 5
8.70382 0.370675 0.370675 2 4 5
8.71381 0.370411 0.370411 2 4 5
8.72381 0.370227 0.370227 2 4 5
8.73381 0.370085 0.370085 2 4 5
8.74381 0.369943 0.369943 2 4 5
8.75381 0.369782 0.369782 2 4 5
8.76381 0.3696 0.3696 2 4 5
8.77381 0.369409 0.369409 2 4 5
8.7838 0.369219 0.369219 2 4 5
8.7938 0.369034 0.369034 2 4 5
8.8038 0.368854 0.368854 2 4 5
8.8138 0.368678 0.368678 2 4 5
8.8238 0.368501 0.368501 2 4 5
8.8338 0.368324 0.368324 2 4 5
8.84379 0.368146 0.368146 2 4 5
8.85379 0.367967 0.367967 2 4 5
8.86379 0.36779 0.36779 2 4 5
8.87379 0.367614 0.367614 2 4 5
8.88379 0.367438 0.367438 2 4 5
8.89379 0.367263 0.367263 2 4 5
8.90378 0.367088 0.367088 2 4 5
8.91378 0.366911 0.366911 2 4 5
8.92378 0.366737 0.366737 2 4 5
8.93378 0.366564 0.366564 2 4 5
8.94378 0.366391 0.366391 2 4 5
8.95378 0.366218 0.366218 2 4 5
8.96378 0.36604 0.36604 2 4 5
8.97377 0.36587 0.36587 2 4 5
8.98377 0.365699 0.365699 2 4 5
8.99377 0.365529 0.365529 2 4 5
9.00377 0.365357 0.365357 2 4 5
9.01377 0.365187 0.365187 2 4 5
9.02377 0.365125 0.365125 2 4 5
9.03377 0.364954 0.364954 2 4 5
9.04377 0.36473 0.36473 2 4 5
9.05377 0.364507 0.364507 2 4 5
9.06376 0.364311 0.364311 2 4 5
9.07376 0.364142 0.364142 2 4 5
9.08376 0.363988 0.363988 2 4 5
9.09376 0.363834 0.363834 2 4 5
9.10376 0.363674 0.363674 2 4 5
9.11376 0.363506 0.363506 2 4 5
9.12375 0.363336 0.363336 2 4 5
9.13375 0.363167 0.363167 2 4 5
9.14375 0.363 0.363 2 4 5
9.15375 0.362834 0.362834 2 4 5
9.16375 0.36267 0.36267 2 4 5
9.17375 0.362506 0.362506 2 4 5
9.18375 0.362343 0.362343 2 4 5
9.19375 0.36218 0.36218 2 4 5
9.20374 0.362015 0.362015 2 4 5
9.21374 0.361849 0.361849 2 4 5
9.22374 0.361687 0.361687 2 4 5
9.23374 0.361526 0.361526 2 4 5
9.24374 0.361365 0.361365 2 4 5
9.25374 0.361204 0.361204 2 4 5
9.26374 0.361042 0.361042 2 4 5
9.27373 0.36088 0.36088 2 4 5
9.28373 0.36072 0.36072 2 4 5
9.29373 0.36056 0.36056 2 4 5
9.30373 0.3604 0.3604 2 4 5
9.31373 0.36024 0.36024 2 4 5
9.32373 0.360081 0.360081 2 4 5
9.33373 0.359922 0.359922 2 4 5
9.34373 0.359764 0.359764 2 4 5
9.35372 0.359606 0.359606 2 4 5
9.36372 0.359449 0.359449 2 4 5
9.37372 0.35929 0.35929 2 4 5
9.38372 0.359133 0.359133 2 4 5
9.39372 0.358976 0.358976 2 4 5
9.40372 0.35882 0.35882 2 4 5
9.41372 0.358664 0.358664 2 4 5
9.42372 0.358509 0.358509 2 4 5
9.43371 0.358354 0.358354 2 4 5
9.44371 0.358198 0.358198 2 4 5
9.45371 0.358043 0.358043 2 4 5
9.46371 0.357888 0.357888 2 4 5
9.47371 0.357734 0.357734 2 4 5
9.48371 0.357581 0.357581 2 4 5
9.49371 0.357428 0.357428 2 4 5
9.50371 0.357275 0.357275 2 4 5
9.51371 0.357122 0.357122 2 4 5
9.5237 0.35697 0.35697 2 4 5
9.5337 0.35681 0.35681 2 4 5
9.5437 0.356662 0.356662 2 4 5
9.5537 0.356514 0.356514 2 4 5
9.5637 0.356364 0.356364 2 4 5
9.5737 0.356214 0.356214 2 4 5
9.5837 0.356062 0.356062 2 4 5
9.5937 0.35591 0.35591 2 4 5
9.6037 0.355761 0.355761 2 4 5
9.61369 0.355612 0.355612 2 4 5
9.62369 0.355463 0.355463 2 4 5
9.63369 0.355314 0.355314 2 4 5
9.64369 0.355167 0.355167 2 4 5
9.65369 0.355017 0.355017 2 4 5
9.66369 0.354871 0.354871 2 4 5
9.67369 0.354722 0.354722 2 4 5
9.68369 0.354548 0.354548 2 4 5
9.69369 0.354413 0.354413 2 4 5
9.70368 0.354279 0.354279 2 4 5
9.71368 0.35414 0.35414 2 4 5
9.72368 0.353994 0.353994 2 4 5
9.73368 0.353845 0.353845 2 4 5
9.74368 0.353696 0.353696 2 4 5
9.75368 0.353549 0.353549 2 4 5
9.76368 0.353404 0.353404 2 4 5
9.77368 0.35326 0.35326 2 4 5
9.78368 0.353117 0.353117 2 4 5
9.79367 0.352973 0.352973 2 4 5
9.80367 0.352831 0.352831 2 4 5
9.81367 0.352686 0.352686 2 4 5
9.82367 0.352542 0.352542 2 4 5
9.83367 0.352399 0.352399 2 4 5
9.84367 0.352256 0.352256 2 4 5
9.85367 0.352114 0.352114 2 4 5
9.86367 0.351973 0.351973 2 4 5
9.87367 0.351831 0.351831 2 4 5
9.88367 0.35169 0.35169 2 4 5
9.89366 0.351548 0.351548 2 4 5
9.90366 0.351407 0.351407 2 4 5
9.91366 0.351266 0.351266 2 4 5
9.92366 0.351126 0.351126 2 4 5
9.93366 0.350986 0.350986 2 4 5
9.94366 0.350846 0.350846 2 4 5
9.95366 0.350707 0.350707 2 4 5
9.96366 0.350568 0.350568 2 4 5
9.97366 0.35043 0.35043 2 4 5
9.98366 0.350291 0.350291 2 4 5
9.99365 0.350151 0.350151 2 4 5
10.0037 0.350012 0.350012 2 4 5
10.0137 0.349875 0.349875 2 4 5
10.0237 0.349738 0.349738 2 4 5
10.0337 0.349601 0.349601 2 4 5
10.0437 0.349464 0.349464 2 4 5
10.0536 0.349327 0.349327 2 4 5
10.0636 0.34919 0.34919 2 4 5
10.0736 0.349054 0.349054 2 4 5
10.0836 0.348918 0.348918 2 4 5
10.0936 0.348782 0.348782 2 4 5
10.1036 0.348647 0.348647 2 4 5
10.1136 0.348512 0.348512 2 4 5
10.1236 0.348377 0.348377 2 4 5
10.1336 0.348243 0.348243 2 4 5
10.1436 0.348111 0.348111 2 4 5
10.1536 0.347975 0.347975 2 4 5
10.1636 0.347839 0.347839 2 4 5
10.1736 0.347705 0.347705 2 4 5
10.1836 0.347572 0.347572 2 4 5
10.1936 0.347439 0.347439 2 4 5
10.2036 0.347307 0.347307 2 4 5
10.2136 0.347174 0.347174 2 4 5
10.2236 0.347043 0.347043 2 4 5
10.2336 0.34691 0.34691 2 4 5
10.2436 0.346778 0.346778 2 4 5
10.2536 0.346646 0.346646 2 4 5
10.2636 0.346515 0.346515 2 4 5
10.2736 0.346384 0.346384 2 4 5
10.2836 0.346253 0.346253 2 4 5
10.2936 0.346122 0.346122 2 4 5
10.3036 0.345992 0.345992 2 4 5
10.3136 0.345862 0.345862 2 4 5
10.3236 0.345732 0.345732 2 4 5
10.3336 0.345603 0.345603 2 4 5
10.3436 0.345474 0.345474 2 4 5
10.3536 0.345344 0.345344 2 4 5
10.3636 0.345215 0.345215 2 4 5
10.3736 0.345086 0.345086 2 4 5
10.3836 0.344958 0.344958 2 4 5
10.3936 0.344829 0.344829 2 4 5
10.4036 0.344702 0.344702 2 4 5
10.4136 0.344574 0.344574 2 4 5
10.4236 0.344447 0.344447 2 4 5
10.4336 0.34432 0.34432 2 4 5
10.4436 0.344192 0.344192 2 4 5
10.4536 0.344065 0.344065 2 4 5
10.4636 0.343939 0.343939 2 4 5
10.4736 0.343812 0.343812 2 4 5
10.4836 0.343686 0.343686 2 4 5
10.4936 0.343561 0.343561 2 4 5
10.5036 0.343435 0.343435 2 4 5
10.5136 0.343312 0.343312 2 4 5
10.5236 0.343185 0.343185 2 4 5
10.5336 0.343059 0.343059 2 4 5
10.5436 0.342934 0.342934 2 4 5
10.5536 0.34281 0.34281 2 4 5
10.5636 0.342686 0.342686 2 4 5
10.5736 0.342562 0.342562 2 4 5
10.5836 0.342438 0.342438 2 4 5
10.5936 0.342315 0.342315 2 4 5
10.6036 0.342191 0.342191 2 4 5
10.6136 0.342068 0.342068 2 4 5
10.6236 0.341945 0.341945 2 4 5
10.6336 0.341822 0.341822 2 4 5
10.6436 0.3417 0.3417 2 4 5
10.6536 0.341578 0.341578 2 4 5
10.6636 0.341456 0.341456 2 4 5
10.6736 0.341334 0.341334 2 4 5
10.6836 0.341212 0.341212 2 4 5
10.6936 0.341091 0.341091 2 4 5
10.7036 0.340969 0.340969 2 4 5
10.7136 0.340848 0.340848 2 4 5
10.7236 0.340728 0.340728 2 4 5
10.7336 0.340607 0.340607 2 4 5
10.7436 0.340487 0.340487 2 4 5
10.7536 0.340367 0.340367 2 4 5
10.7636 0.340173 0.340173 2 4 5
10.7736 0.34009 0.34009 2 4 5
10.7836 0.340008 0.340008 2 4 5
10.7936 0.339907 0.339907 2 4 5
10.8036 0.339788 0.339788 2 4 5
10.8136 0.33966 0.33966 2 4 5
10.8236 0.339532 0.339532 2 4 5
10.8336 0.339409 0.339409 2 4 5
10.8436 0.339291 0.339291 2 4 5
10.8536 0.339175 0.339175 2 4 5
10.8636 0.33906 0.33906 2 4 5
10.8736 0.338943 0.338943 2 4 5
10.8836 0.338826 0.338826 2 4 5
10.8936 0.338708 0.338708 2 4 5
10.9036 0.33859 0.33859 2 4 5
10.9136 0.338473 0.338473 2 4 5
10.9236 0.338357 0.338357 2 4 5
10.9336 0.338241 0.338241 2 4 5
10.9436 0.338125 0.338125 2 4 5
10.9536 0.338009 0.338009 2 4 5
10.9636 0.337893 0.337893 2 4 5
10.9736 0.337777 0.337777 2 4 5
10.9836 0.337662 0.337662 2 4 5
10.9936 0.337546 0.337546 2 4 5
11.0036 0.337431 0.337431 2 4 5
11.0136 0.337317 0.337317 2 4 5
11.0236 0.337202 0.337202 2 4 5
11.0336 0.337088 0.337088 2 4 5
11.0436 0.336973 0.336973 2 4 5
11.0536 0.336859 0.336859 2 4 5
11.0636 0.336745 0.336745 2 4 5
11.0736 0.336632 0.336632 2 4 5
11.0836 0.336518 0.336518 2 4 5
11.0936 0.336405 0.336405 2 4 5
11.1036 0.336293 0.336293 2 4 5
11.1136 0.336179 0.336179 2 4 5
11.1236 0.336066 0.336066 2 4 5
11.1336 0.335954 0.335954 2 4 5
11.1436 0.335841 0.335841 2 4 5
11.1536 0.335729 0.335729 2 4 5
11.1636 0.335618 0.335618 2 4 5
11.1736 0.335506 0.335506 2 4 5
11.1836 0.335394 0.335394 2 4 5
11.1936 0.335283 0.335283 2 4 5
11.2036 0.335171 0.335171 2 4 5
11.2136 0.33506 0.33506 2 4 5
11.2236 0.334949 0.334949 2 4 5
11.2336 0.334839 0.334839 2 4 5
11.2436 0.334729 0.334729 2 4 5
11.2536 0.334618 0.334618 2 4 5
11.2636 0.334508 0.334508 2 4 5
11.2736 0.334399 0.334399 2 4 5
11.2836 0.334288 0.334288 2 4 5
11.2936 0.334179 0.334179 2 4 5
11.3036 0.334069 0.334069 2 4 5
11.3136 0.33396 0.33396 2 4 5
11.3236 0.333851 0.333851 2 4 5
11.3336 0.333742 0.333742 2 4 5
11.3436 0.333634 0.333634 2 4 5
11.3536 0.333525 0.333525 2 4 5
11.3636 0.333417 0.333417 2 4 5
11.3736 0.33331 0.33331 2 4 5
11.3836 0.333201 0.333201 2 4 5
11.3936 0.333092 0.333092 2 4 5
11.4036 0.332985 0.332985 2 4 5
11.4136 0.332877 0.332877 2 4 5
11.4235 0.33277 0.33277 2 4 5
11.4335 0.332664 0.332664 2 4 5
11.4435 0.332557 0.332557 2 4 5
11.4535 0.332447 0.332447 2 4 5
11.4635 0.332342 0.332342 2 4 5
11.4735 0.332237 0.332237 2 4 5
11.4835 0.332131 0.332131 2 4 5
11.4935 0.332025 0.332025 2 4 5
11.5035 0.331919 0.331919 2 4 5
11.5135 0.331813 0.331813 2 4 5
11.5235 0.331707 0.331707 2 4 5
11.5335 0.331602 0.331602 2 4 5
11.5435 0.331496 0.331496 2 4 5
11.5535 0.331391 0.331391 2 4 5
11.5635 0.331287 0.331287 2 4 5
11.5735 0.331182 0.331182 2 4 5
11.5835 0.331077 0.331077 2 4 5
11.5935 0.330973 0.330973 2 4 5
11.6035 0.330869 0.330869 2 4 5
11.6135 0.330765 0.330765 2 4 5
11.6235 0.330661 0.330661 2 4 5
11.6335 0.330556 0.330556 2 4 5
11.6435 0.330453 0.330453 2 4 5
11.6535 0.33035 0.33035 2 4 5
11.6635 0.330246 0.330246 2 4 5
11.6735 0.330143 0.330143 2 4 5
11.6835 0.330041 0.330041 2 4 5
11.6935 0.329938 0.329938 2 4 5
11.7035 0.329835 0.329835 2 4 5
11.7135 0.329732 0.329732 2 4 5
11.7235 0.32963 0.32963 2 4 5
11.7335 0.329528 0.329528 2 4 5
11.7435 0.329426 0.329426 2 4 5
11.7535 0.329324 0.329324 2 4 5
11.7635 0.329223 0.329223 2 4 5
11.7735 0.329121 0.329121 2 4 5
11.7835 0.32902 0.32902 2 4 5
11.7935 0.328918 0.328918 2 4 5
11.8035 0.328817 0.328817 2 4 5
11.8135 0.328716 0.328716 2 4 5
11.8235 0.328616 0.328616 2 4 5
11.8335 0.328515 0.328515 2 4 5
11.8435 0.328414 0.328414 2 4 5
11.8535 0.328314 0.328314 2 4 5
11.8635 0.328214 0.328214 2 4 5
11.8735 0.328114 0.328114 2 4 5
11.8835 0.328015 0.328015 2 4 5
11.8935 0.327915 0.327915 2 4 5
11.9035 0.327815 0.327815 2 4 5
11.9135 0.327716 0.327716 2 4 5
11.9235 0.327617 0.327617 2 4 5
11.9335 0.327518 0.327518 2 4 5
11.9435 0.327419 0.327419 2 4 5
11.9535 0.327321 0.327321 2 4 5
11.9635 0.327222 0.327222 2 4 5
11.9735 0.327123 0.327123 2 4 5
11.9835 0.327024 0.327024 2 4 5
11.9935 0.326926 0.326926 2 4 5
12.0035 0.326828 0.326828 2 4 5
12.0135 0.32673 0.32673 2 4 5
12.0235 0.326633 0.326633 2 4 5
12.0335 0.326535 0.326535 2 4 5
12.0435 0.326438 0.326438 2 4 5
12.0535 0.326341 0.326341 2 4 5
12.0635 0.326243 0.326243 2 4 5
12.0735 0.326146 0.326146 2 4 5
12.0835 0.326049 0.326049 2 4 5
12.0935 0.325952 0.325952 2 4 5
12.1035 0.325856 0.325856 2 4 5
12.1135 0.32576 0.32576 2 4 5
12.1235 0.325663 0.325663 2 4 5
12.1335 0.325567 0.325567 2 4 5
12.1435 0.325471 0.325471 2 4 5
12.1535 0.325376 0.325376 2 4 5
12.1635 0.32528 0.32528 2 4 5
12.1735 0.325184 0.325184 2 4 5
12.1835 0.325088 0.325088 2 4 5
12.1935 0.324993 0.324993 2 4 5
12.2035 0.324898 0.324898 2 4 5
12.2135 0.324803 0.324803 2 4 5
12.2235 0.324708 0.324708 2 4 5
12.2335 0.324613 0.324613 2 4 5
12.2435 0.324519 0.324519 2 4 5
12.2535 0.324424 0.324424 2 4 5
12.2635 0.32433 0.32433 2 4 5
12.2735 0.324235 0.324235 2 4 5
12.2835 0.324141 0.324141 2 4 5
12.2935 0.324047 0.324047 2 4 5
12.3035 0.323954 0.323954 2 4 5
12.3135 0.32386 0.32386 2 4 5
12.3235 0.323767 0.323767 2 4 5
12.3335 0.323673 0.323673 2 4 5
12.3435 0.32358 0.32358 2 4 5
12.3535 0.323487 0.323487 2 4 5
12.3635 0.323394 0.323394 2 4 5
12.3735 0.323301 0.323301 2 4 5
12.3835 0.323208 0.323208 2 4 5
12.3935 0.323116 0.323116 2 4 5
12.4035 0.323023 0.323023 2 4 5
12.4135 0.322931 0.322931 2 4 5
12.4235 0.322839 0.322839 2 4 5
12.4335 0.322747 0.322747 2 4 5
12.4435 0.322655 0.322655 2 4 5
12.4535 0.322563 0.322563 2 4 5
12.4635 0.322471 0.322471 2 4 5
12.4735 0.32238 0.32238 2 4 5
12.4835 0.322288 0.322288 2 4 5
12.4935 0.322197 0.322197 2 4 5
12.5035 0.322106 0.322106 2 4 5
12.5135 0.322015 0.322015 2 4 5
12.5235 0.321924 0.321924 2 4 5
12.5335 0.321834 0.321834 2 4 5
12.5435 0.321742 0.321742 2 4 5
12.5535 0.321652 0.321652 2 4 5
12.5635 0.321562 0.321562 2 4 5
12.5735 0.321471 0.321471 2 4 5
12.5835 0.321381 0.321381 2 4 5
12.5935 0.321291 0.321291 2 4 5
12.6035 0.321202 0.321202 2 4 5
12.6135 0.321112 0.321112 2 4 5
12.6235 0.321022 0.321022 2 4 5
12.6335 0.320932 0.320932 2 4 5
12.6435 0.320843 0.320843 2 4 5
12.6535 0.320754 0.320754 2 4 5
12.6635 0.320665 0.320665 2 4 5
12.6735 0.320576 0.320576 2 4 5
12.6835 0.320487 0.320487 2 4 5
12.6935 0.320398 0.320398 2 4 5
12.7035 0.320309 0.320309 2 4 5
12.7135 0.320221 0.320221 2 4 5
12.7235 0.320133 0.320133 2 4 5
12.7335 0.320044 0.320044 2 4 5
12.7435 0.319956 0.319956 2 4 5
12.7535 0.319868 0.319868 2 4 5
12.7635 0.31978 0.31978 2 4 5
12.7735 0.319692 0.319692 2 4 5
12.7835 0.319605 0.319605 2 4 5
12.7935 0.319517 0.319517 2 4 5
12.8035 0.31943 0.31943 2 4 5
12.8135 0.319343 0.319343 2 4 5
12.8235 0.319256 0.319256 2 4 5
12.8335 0.319163 0.319163 2 4 5
12.8435 0.319078 0.319078 2 4 5
12.8535 0.318994 0.318994 2 4 5
12.8635 0.318909 0.318909 2 4 5
12.8735 0.318823 0.318823 2 4 5
12.8835 0.318735 0.318735 2 4 5
12.8935 0.318648 0.318648 2 4 5
12.9035 0.318562 0.318562 2 4 5
12.9135 0.318476 0.318476 2 4 5
12.9235 0.31839 0.31839 2 4 5
12.9335 0.318304 0.318304 2 4 5
12.9435 0.318218 0.318218 2 4 5
12.9535 0.318133 0.318133 2 4 5
12.9635 0.318047 0.318047 2 4 5
12.9735 0.317962 0.317962 2 4 5
12.9835 0.317876 0.317876 2 4 5
12.9935 0.317791 0.317791 2 4 5
13.0035 0.317706 0.317706 2 4 5
13.0135 0.317621 0.317621 2 4 5
13.0235 0.317536 0.317536 2 4 5
13.0335 0.317451 0.317451 2 4 5
13.0435 0.317367 0.317367 2 4 5
13.0535 0.317282 0.317282 2 4 5
13.0635 0.317198 0.317198 2 4 5
13.0735 0.317114 0.317114 2 4 5
13.0835 0.31703 0.31703 2 4 5
13.0935 0.316946 0.316946 2 4 5
13.1035 0.316861 0.316861 2 4 5
13.1135 0.316777 0.316777 2 4 5
13.1235 0.316694 0.316694 2 4 5
13.1335 0.31661 0.31661 2 4 5
13.1435 0.316527 0.316527 2 4 5
13.1535 0.316444 0.316444 2 4 5
13.1635 0.31636 0.31636 2 4 5
13.1735 0.316277 0.316277 2 4 5
13.1835 0.316194 0.316194 2 4 5
13.1935 0.316111 0.316111 2 4 5
13.2035 0.316028 0.316028 2 4 5
13.2135 0.315945 0.315945 2 4 5
13.2235 0.315862 0.315862 2 4 5
13.2335 0.31578 0.31578 2 4 5
13.2435 0.315698 0.315698 2 4 5
13.2535 0.315615 0.315615 2 4 5
13.2635 0.315533 0.315533 2 4 5
13.2735 0.315451 0.315451 2 4 5
13.2835 0.315369 0.315369 2 4 5
13.2935 0.315287 0.315287 2 4 5
13.3035 0.315205 0.315205 2 4 5
13.3135 0.315123 0.315123 2 4 5
13.3235 0.315042 0.315042 2 4 5
13.3335 0.31496 0.31496 2 4 5
13.3435 0.314879 0.314879 2 4 5
13.3535 0.314798 0.314798 2 4 5
13.3635 0.314716 0.314716 2 4 5
13.3735 0.314635 0.314635 2 4 5
13.3835 0.314555 0.314555 2 4 5
13.3935 0.314474 0.314474 2 4 5
13.4035 0.314393 0.314393 2 4 5
13.4135 0.314312 0.314312 2 4 5
13.4235 0.314232 0.314232 2 4 5
13.4335 0.31415 0.31415 2 4 5
13.4435 0.31407 0.31407 2 4 5
13.4535 0.313991 0.313991 2 4 5
13.4635 0.313911 0.313911 2 4 5
13.4735 0.313831 0.313831 2 4 5
13.4835 0.313751 0.313751 2 4 5
13.4935 0.313671 0.313671 2 4 5
13.5035 0.313591 0.313591 2 4 5
13.5135 0.313512 0.313512 2 4 5
13.5235 0.313432 0.313432 2 4 5
13.5335 0.313353 0.313353 2 4 5
13.5435 0.313273 0.313273 2 4 5
13.5535 0.313194 0.313194 2 4 5
13.5635 0.313115 0.313115 2 4 5
13.5735 0.313036 0.313036 2 4 5
13.5835 0.312957 0.312957 2 4 5
13.5935 0.312878 0.312878 2 4 5
13.6035 0.3128 0.3128 2 4 5
13.6135 0.312721 0.312721 2 4 5
13.6235 0.312643 0.312643 2 4 5
13.6335 0.312564 0.312564 2 4 5
13.6435 0.312484 0.312484 2 4 5
13.6535 0.312406 0.312406 2 4 5
13.6635 0.312329 0.312329 2 4 5
13.6735 0.312252 0.312252 2 4 5
13.6835 0.312174 0.312174 2 4 5
13.6935 0.312096 0.312096 2 4 5
13.7035 0.312017 0.312017 2 4 5
13.7135 0.31194 0.31194 2 4 5
13.7235 0.311862 0.311862 2 4 5
13.7335 0.311785 0.311785 2 4 5
13.7435 0.311708 0.311708 2 4 5
13.7535 0.311631 0.311631 2 4 5
13.7635 0.311553 0.311553 2 4 5
13.7735 0.311476 0.311476 2 4 5
13.7835 0.311399 0.311399 2 4 5
13.7935 0.311323 0.311323 2 4 5
13.8035 0.311246 0.311246 2 4 5
13.8135 0.311169 0.311169 2 4 5
13.8235 0.311093 0.311093 2 4 5
13.8335 0.311014 0.311014 2 4 5
13.8435 0.310938 0.310938 2 4 5
13.8535 0.310863 0.310863 2 4 5
13.8635 0.310787 0.310787 2 4 5
13.8734 0.310711 0.310711 2 4 5
13.8834 0.310635 0.310635 2 4 5
13.8934 0.310558 0.310558 2 4 5
13.9034 0.310483 0.310483 2 4 5
13.9134 0.310407 0.310407 2 4 5
13.9234 0.310332 0.310332 2 4 5
13.9334 0.310256 0.310256 2 4 5
13.9434 0.310181 0.310181 2 4 5
13.9534 0.310105 0.310105 2 4 5
13.9634 0.31003 0.31003 2 4 5
13.9734 0.309955 0.309955 2 4 5
13.9834 0.30988 0.30988 2 4 5
13.9934 0.309805 0.309805 2 4 5
14.0034 0.30973 0.30973 2 4 5
14.0134 0.309655 0.309655 2 4 5
14.0234 0.30958 0.30958 2 4 5
14.0334 0.309505 0.309505 2 4 5
14.0434 0.309431 0.309431 2 4 5
14.0534 0.309356 0.309356 2 4 5
14.0634 0.309282 0.309282 2 4 5
14.0734 0.309208 0.309208 2 4 5
14.0834 0.309134 0.309134 2 4 5
14.0934 0.30906 0.30906 2 4 5
14.1034 0.308986 0.308986 2 4 5
14.1134 0.308911 0.308911 2 4 5
14.1234 0.308837 0.308837 2 4 5
14.1334 0.308764 0.308764 2 4 5
14.1434 0.30869 0.30869 2 4 5
14.1534 0.308617 0.308617 2 4 5
14.1634 0.308543 0.308543 2 4 5
14.1734 0.30847 0.30847 2 4 5
14.1834 0.308396 0.308396 2 4 5
14.1934 0.308323 0.308323 2 4 5
14.2034 0.30825 0.30825 2 4 5
14.2134 0.308177 0.308177 2 4 5
14.2234 0.308104 0.308104 2 4 5
14.2334 0.308031 0.308031 2 4 5
14.2434 0.307958 0.307958 2 4 5
14.2534 0.307886 0.307886 2 4 5
14.2634 0.307813 0.307813 2 4 5
14.2734 0.30774 0.30774 2 4 5
14.2834 0.307668 0.307668 2 4 5
14.2934 0.307595 0.307595 2 4 5
14.3034 0.307523 0.307523 2 4 5
14.3134 0.307451 0.307451 2 4 5
14.3234 0.307379 0.307379 2 4 5
14.3334 0.307307 0.307307 2 4 5
14.3434 0.307235 0.307235 2 4 5
14.3534 0.307163 0.307163 2 4 5
14.3634 0.307092 0.307092 2 4 5
14.3734 0.30702 0.30702 2 4 5
14.3834 0.306948 0.306948 2 4 5
14.3934 0.306876 0.306876 2 4 5
14.4034 0.306805 0.306805 2 4 5
14.4134 0.306733 0.306733 2 4 5
14.4234 0.306662 0.306662 2 4 5
14.4334 0.306591 0.306591 2 4 5
14.4434 0.306519 0.306519 2 4 5
14.4534 0.306448 0.306448 2 4 5
14.4634 0.306378 0.306378 2 4 5
14.4734 0.306307 0.306307 2 4 5
14.4834 0.306237 0.306237 2 4 5
14.4934 0.306166 0.306166 2 4 5
14.5034 0.306095 0.306095 2 4 5
14.5134 0.306024 0.306024 2 4 5
14.5234 0.305954 0.305954 2 4 5
14.5334 0.305883 0.305883 2 4 5
14.5434 0.305813 0.305813 2 4 5
14.5534 0.305743 0.305743 2 4 5
14.5634 0.305673 0.305673 2 4 5
14.5734 0.305603 0.305603 2 4 5
14.5834 0.305533 0.305533 2 4 5
14.5934 0.305463 0.305463 2 4 5
14.6034 0.305393 0.305393 2 4 5
14.6134 0.305323 0.305323 2 4 5
14.6234 0.305254 0.305254 2 4 5
14.6334 0.305184 0.305184 2 4 5
14.6434 0.305115 0.305115 2 4 5
14.6534 0.305041 0.305041 2 4 5
14.6634 0.304974 0.304974 2 4 5
14.6734 0.304906 0.304906 2 4 5
14.6834 0.304838 0.304838 2 4 5
14.6934 0.304769 0.304769 2 4 5
14.7034 0.3047 0.3047 2 4 5
14.7134 0.30463 0.30463 2 4 5
14.7234 0.304561 0.304561 2 4 5
14.7334 0.304492 0.304492 2 4 5
14.7434 0.304424 0.304424 2 4 5
14.7534 0.304355 0.304355 2 4 5
14.7634 0.304287 0.304287 2 4 5
14.7734 0.304218 0.304218 2 4 5
14.7834 0.304149 0.304149 2 4 5
14.7934 0.304081 0.304081 2 4 5
14.8034 0.304013 0.304013 2 4 5
14.8134 0.303945 0.303945 2 4 5
14.8234 0.303877 0.303877 2 4 5
14.8334 0.303809 0.303809 2 4 5
14.8434 0.303741 0.303741 2 4 5
14.8534 0.303673 0.303673 2 4 5
14.8634 0.303605 0.303605 2 4 5
14.8734 0.303537 0.303537 2 4 5
14.8834 0.30347 0.30347 2 4 5
14.8934 0.303402 0.303402 2 4 5
14.9034 0.303335 0.303335 2 4 5
14.9134 0.303267 0.303267 2 4 5
14.9234 0.3032 0.3032 2 4 5
14.9334 0.303133 0.303133 2 4 5
14.9434 0.303065 0.303065 2 4 5
14.9534 0.302998 0.302998 2 4 5
14.9634 0.302931 0.302931 2 4 5
14.9734 0.302864 0.302864 2 4 5
14.9834 0.302797 0.302797 2 4 5
14.9934 0.30273 0.30273 2 4 5
15.0034 0.302664 0.302664 2 4 5
15.0134 0.302597 0.302597 2 4 5
15.0234 0.30253 0.30253 2 4 5
15.0334 0.302464 0.302464 2 4 5
15.0434 0.302397 0.302397 2 4 5
15.0534 0.302331 0.302331 2 4 5
15.0634 0.302265 0.302265 2 4 5
15.0734 0.302198 0.302198 2 4 5
15.0834 0.302132 0.302132 2 4 5
15.0934 0.302066 0.302066 2 4 5
15.1034 0.302 0.302 2 4 5
15.1134 0.301934 0.301934 2 4 5
15.1234 0.301868 0.301868 2 4 5
15.1334 0.301803 0.301803 2 4 5
15.1434 0.301737 0.301737 2 4 5
15.1534 0.301671 0.301671 2 4 5
15.1634 0.301605 0.301605 2 4 5
15.1734 0.301539 0.301539 2 4 5
15.1834 0.301474 0.301474 2 4 5
15.1934 0.301409 0.301409 2 4 5
15.2034 0.301344 0.301344 2 4 5
15.2134 0.301278 0.301278 2 4 5
15.2234 0.301213 0.301213 2 4 5
15.2334 0.301148 0.301148 2 4 5
15.2434 0.301083 0.301083 2 4 5
15.2534 0.301018 0.301018 2 4 5
15.2634 0.300953 0.300953 2 4 5
15.2734 0.300889 0.300889 2 4 5
15.2834 0.300824 0.300824 2 4 5
15.2934 0.300759 0.300759 2 4 5
15.3034 0.300694 0.300694 2 4 5
15.3134 0.30063 0.30063 2 4 5
15.3234 0.300565 0.300565 2 4 5
15.3334 0.300501 0.300501 2 4 5
15.3434 0.300446 0.300446 2 4 5
15.3534 0.300377 0.300377 2 4 5
15.3634 0.300308 0.300308 2 4 5
15.3734 0.300242 0.300242 2 4 5
15.3834 0.300178 0.300178 2 4 5
15.3934 0.300115 0.300115 2 4 5
15.4034 0.300052 0.300052 2 4 5
15.4134 0.299989 0.299989 2 4 5
15.4234 0.299925 0.299925 2 4 5
15.4334 0.299861 0.299861 2 4 5
15.4434 0.299797 0.299797 2 4 5
15.4534 0.299733 0.299733 2 4 5
15.4634 0.29967 0.29967 2 4 5
15.4734 0.299606 0.299606 2 4 5
15.4834 0.299543 0.299543 2 4 5
15.4934 0.29948 0.29948 2 4 5
15.5034 0.299417 0.299417 2 4 5
15.5134 0.299353 0.299353 2 4 5
15.5234 0.29929 0.29929 2 4 5
15.5334 0.299227 0.299227 2 4 5
15.5434 0.299164 0.299164 2 4 5
15.5534 0.299101 0.299101 2 4 5
15.5634 0.299039 0.299039 2 4 5
15.5734 0.298968 0.298968 2 4 5
15.5834 0.298909 0.298909 2 4 5
15.5934 0.29885 0.29885 2 4 5
15.6034 0.29879 0.29879 2 4 5
15.6134 0.298727 0.298727 2 4 5
15.6234 0.298664 0.298664 2 4 5
15.6334 0.2986 0.2986 2 4 5
15.6434 0.298538 0.298538 2 4 5
15.6534 0.298475 0.298475 2 4 5
15.6634 0.298413 0.298413 2 4 5
15.6734 0.298351 0.298351 2 4 5
15.6834 0.298289 0.298289 2 4 5
15.6934 0.298227 0.298227 2 4 5
15.7034 0.298165 0.298165 2 4 5
15.7134 0.298104 0.298104 2 4 5
15.7234 0.298042 0.298042 2 4 5
15.7334 0.29798 0.29798 2 4 5
15.7434 0.297919 0.297919 2 4 5
15.7534 0.297857 0.297857 2 4 5
15.7634 0.297795 0.297795 2 4 5
15.7734 0.297733 0.297733 2 4 5
15.7834 0.297672 0.297672 2 4 5
15.7934 0.297611 0.297611 2 4 5
15.8034 0.29755 0.29755 2 4 5
15.8134 0.297488 0.297488 2 4 5
15.8234 0.297427 0.297427 2 4 5
15.8334 0.297366 0.297366 2 4 5
15.8434 0.297305 0.297305 2 4 5
15.8534 0.297244 0.297244 2 4 5
15.8634 0.297183 0.297183 2 4 5
15.8734 0.297122 0.297122 2 4 5
15.8834 0.297061 0.297061 2 4 5
15.8934 0.297001 0.297001 2 4 5
15.9034 0.29694 0.29694 2 4 5
15.9134 0.296879 0.296879 2 4 5
15.9234 0.29683 0.29683 2 4 5
15.9334 0.296764 0.296764 2 4 5
15.9434 0.296698 0.296698 2 4 5
15.9534 0.296635 0.296635 2 4 5
15.9634 0.296574 0.296574 2 4 5
15.9734 0.296515 0.296515 2 4 5
15.9834 0.296457 0.296457 2 4 5
15.9934 0.296397 0.296397 2 4 5
16.0034 0.296337 0.296337 2 4 5
16.0134 0.296277 0.296277 2 4 5
16.0234 0.296217 0.296217 2 4 5
16.0334 0.296157 0.296157 2 4 5
16.0434 0.296097 0.296097 2 4 5
16.0534 0.296037 0.296037 2 4 5
16.0634 0.295977 0.295977 2 4 5
16.0734 0.295918 0.295918 2 4 5
16.0834 0.295858 0.295858 2 4 5
16.0934 0.295799 0.295799 2 4 5
16.1034 0.295739 0.295739 2 4 5
16.1134 0.29568 0.29568 2 4 5
16.1234 0.29562 0.29562 2 4 5
16.1334 0.295561 0.295561 2 4 5
16.1434 0.295502 0.295502 2 4 5
16.1534 0.295443 0.295443 2 4 5
16.1634 0.295384 0.295384 2 4 5
16.1734 0.295325 0.295325 2 4 5
16.1834 0.295266 0.295266 2 4 5
16.1934 0.295207 0.295207 2 4 5
16.2034 0.295148 0.295148 2 4 5
16.2134 0.295089 0.295089 2 4 5
16.2234 0.29503 0.29503 2 4 5
16.2334 0.294972 0.294972 2 4 5
16.2434 0.294913 0.294913 2 4 5
16.2534 0.294855 0.294855 2 4 5
16.2634 0.294796 0.294796 2 4 5
16.2734 0.294737 0.294737 2 4 5
16.2834 0.294679 0.294679 2 4 5
16.2934 0.294621 0.294621 2 4 5
16.3034 0.294562 0.294562 2 4 5
16.3134 0.294504 0.294504 2 4 5
16.3234 0.294446 0.294446 2 4 5
16.3334 0.294388 0.294388 2 4 5
16.3434 0.29433 0.29433 2 4 5
16.3534 0.294272 0.294272 2 4 5
16.3634 0.294214 0.294214 2 4 5
16.3734 0.294156 0.294156 2 4 5
16.3834 0.294098 0.294098 2 4 5
16.3934 0.29404 0.29404 2 4 5
16.4034 0.293983 0.293983 2 4 5
16.4134 0.293925 0.293925 2 4 5
16.4234 0.293867 0.293867 2 4 5
16.4334 0.29381 0.29381 2 4 5
16.4434 0.293752 0.293752 2 4 5
16.4534 0.293695 0.293695 2 4 5
16.4634 0.293638 0.293638 2 4 5
16.4734 0.29358 0.29358 2 4 5
16.4834 0.293523 0.293523 2 4 5
16.4934 0.293466 0.293466 2 4 5
16.5034 0.293409 0.293409 2 4 5
16.5134 0.293352 0.293352 2 4 5
16.5234 0.293295 0.293295 2 4 5
16.5334 0.293238 0.293238 2 4 5
16.5434 0.293181 0.293181 2 4 5
16.5534 0.293124 0.293124 2 4 5
16.5634 0.293067 0.293067 2 4 5
16.5734 0.29301 0.29301 2 4 5
16.5834 0.292953 0.292953 2 4 5
16.5934 0.292897 0.292897 2 4 5
16.6034 0.29284 0.29284 2 4 5
16.6134 0.292779 0.292779 2 4 5
16.6234 0.292725 0.292725 2 4 5
16.6334 0.292671 0.292671 2 4 5
16.6434 0.292615 0.292615 2 4 5
16.6534 0.292559 0.292559 2 4 5
16.6634 0.292502 0.292502 2 4 5
16.6734 0.292445 0.292445 2 4 5
16.6834 0.292389 0.292389 2 4 5
16.6934 0.292333 0.292333 2 4 5
16.7034 0.292277 0.292277 2 4 5
16.7134 0.292221 0.292221 2 4 5
16.7234 0.292165 0.292165 2 4 5
16.7334 0.29211 0.29211 2 4 5
16.7434 0.292054 0.292054 2 4 5
16.7534 0.291998 0.291998 2 4 5
16.7634 0.291942 0.291942 2 4 5
16.7734 0.291886 0.291886 2 4 5
16.7834 0.291831 0.291831 2 4 5
16.7934 0.291775 0.291775 2 4 5
16.8034 0.29172 0.29172 2 4 5
16.8134 0.291664 0.291664 2 4 5
16.8234 0.291609 0.291609 2 4 5
16.8334 0.291553 0.291553 2 4 5
16.8434 0.291498 0.291498 2 4 5
16.8534 0.291443 0.291443 2 4 5
16.8634 0.291387 0.291387 2 4 5
16.8734 0.291332 0.291332 2 4 5
16.8834 0.291277 0.291277 2 4 5
16.8934 0.291222 0.291222 2 4 5
16.9034 0.291167 0.291167 2 4 5
16.9134 0.291112 0.291112 2 4 5
16.9234 0.291057 0.291057 2 4 5
16.9334 0.291002 0.291002 2 4 5
16.9434 0.290948 0.290948 2 4 5
16.9534 0.290893 0.290893 2 4 5
16.9634 0.290839 0.290839 2 4 5
16.9734 0.290784 0.290784 2 4 5
16.9834 0.290729 0.290729 2 4 5
16.9934 0.290674 0.290674 2 4 5
17.0034 0.29062 0.29062 2 4 5
17.0134 0.290565 0.290565 2 4 5
17.0234 0.290511 0.290511 2 4 5
17.0334 0.290457 0.290457 2 4 5
17.0434 0.290403 0.290403 2 4 5
17.0534 0.290348 0.290348 2 4 5
17.0634 0.290294 0.290294 2 4 5
17.0734 0.29024 0.29024 2 4 5
17.0834 0.290186 0.290186 2 4 5
17.0934 0.290132 0.290132 2 4 5
17.1034 0.290078 0.290078 2 4 5
17.1134 0.290024 0.290024 2 4 5
17.1234 0.28997 0.28997 2 4 5
17.1334 0.289916 0.289916 2 4 5
17.1434 0.289863 0.289863 2 4 5
17.1534 0.289808 0.289808 2 4 5
17.1634 0.289755 0.289755 2 4 5
17.1734 0.289701 0.289701 2 4 5
17.1834 0.289648 0.289648 2 4 5
17.1934 0.289595 0.289595 2 4 5
17.2034 0.289541 0.289541 2 4 5
17.2134 0.289487 0.289487 2 4 5
17.2234 0.289434 0.289434 2 4 5
17.2334 0.28938 0.28938 2 4 5
17.2434 0.289327 0.289327 2 4 5
17.2534 0.289274 0.289274 2 4 5
17.2634 0.289221 0.289221 2 4 5
17.2734 0.289168 0.289168 2 4 5
17.2834 0.289115 0.289115 2 4 5
17.2934 0.289061 0.289061 2 4 5
17.3034 0.289008 0.289008 2 4 5
17.3134 0.288956 0.288956 2 4 5
17.3234 0.288903 0.288903 2 4 5
17.3334 0.28885 0.28885 2 4 5
17.3434 0.288797 0.288797 2 4 5
17.3534 0.288744 0.288744 2 4 5
17.3634 0.288692 0.288692 2 4 5
17.3734 0.288639 0.288639 2 4 5
17.3834 0.288586 0.288586 2 4 5
17.3934 0.288534 0.288534 2 4 5
17.4034 0.288481 0.288481 2 4 5
17.4134 0.288429 0.288429 2 4 5
17.4234 0.288377 0.288377 2 4 5
17.4334 0.288324 0.288324 2 4 5
17.4434 0.288272 0.288272 2 4 5
17.4534 0.28822 0.28822 2 4 5
17.4634 0.288167 0.288167 2 4 5
17.4734 0.288115 0.288115 2 4 5
17.4834 0.288063 0.288063 2 4 5
17.4934 0.288011 0.288011 2 4 5
17.5034 0.287959 0.287959 2 4 5
17.5134 0.287907 0.287907 2 4 5
17.5234 0.287855 0.287855 2 4 5
17.5334 0.287803 0.287803 2 4 5
17.5434 0.287751 0.287751 2 4 5
17.5534 0.287699 0.287699 2 4 5
17.5634 0.287648 0.287648 2 4 5
17.5734 0.287596 0.287596 2 4 5
17.5834 0.287544 0.287544 2 4 5
17.5934 0.287493 0.287493 2 4 5
17.6034 0.287441 0.287441 2 4 5
17.6134 0.28739 0.28739 2 4 5
17.6234 0.287338 0.287338 2 4 5
17.6334 0.287287 0.287287 2 4 5
17.6434 0.287235 0.287235 2 4 5
17.6534 0.287184 0.287184 2 4 5
17.6634 0.287133 0.287133 2 4 5
17.6734 0.287081 0.287081 2 4 5
17.6834 0.28703 0.28703 2 4 5
17.6934 0.286979 0.286979 2 4 5
17.7034 0.286928 0.286928 2 4 5
17.7134 0.286877 0.286877 2 4 5
17.7234 0.286826 0.286826 2 4 5
17.7334 0.286775 0.286775 2 4 5
17.7434 0.286724 0.286724 2 4 5
17.7534 0.286673 0.286673 2 4 5
17.7634 0.286622 0.286622 2 4 5
17.7734 0.286571 0.286571 2 4 5
17.7834 0.286521 0.286521 2 4 5
17.7934 0.28647 0.28647 2 4 5
17.8034 0.286419 0.286419 2 4 5
17.8134 0.286369 0.286369 2 4 5
17.8234 0.286318 0.286318 2 4 5
17.8334 0.286268 0.286268 2 4 5
17.8434 0.286217 0.286217 2 4 5
17.8534 0.286166 0.286166 2 4 5
17.8634 0.286116 0.286116 2 4 5
17.8734 0.286066 0.286066 2 4 5
17.8834 0.286017 0.286017 2 4 5
17.8934 0.285966 0.285966 2 4 5
17.9034 0.285915 0.285915 2 4 5
17.9134 0.285865 0.285865 2 4 5
17.9234 0.285814 0.285814 2 4 5
17.9334 0.285765 0.285765 2 4 5
17.9434 0.285715 0.285715 2 4 5
17.9534 0.285665 0.285665 2 4 5
17.9634 0.285615 0.285615 2 4 5
17.9734 0.285565 0.285565 2 4 5
17.9834 0.285515 0.285515 2 4 5
17.9934 0.285465 0.285465 2 4 5
18.0034 0.285415 0.285415 2 4 5
18.0134 0.285365 0.285365 2 4 5
18.0234 0.285316 0.285316 2 4 5
18.0334 0.285266 0.285266 2 4 5
18.0434 0.285217 0.285217 2 4 5
18.0534 0.285167 0.285167 2 4 5
18.0634 0.285118 0.285118 2 4 5
18.0734 0.285068 0.285068 2 4 5
18.0834 0.285019 0.285019 2 4 5
18.0934 0.284969 0.284969 2 4 5
18.1034 0.28492 0.28492 2 4 5
18.1134 0.284871 0.284871 2 4 5
18.1234 0.284821 0.284821 2 4 5
18.1334 0.284772 0.284772 2 4 5
18.1434 0.284723 0.284723 2 4 5
18.1534 0.284674 0.284674 2 4 5
18.1634 0.284625 0.284625 2 4 5
18.1734 0.284576 0.284576 2 4 5
18.1834 0.284527 0.284527 2 4 5
18.1934 0.284478 0.284478 2 4 5
18.2034 0.284429 0.284429 2 4 5
18.2134 0.28438 0.28438 2 4 5
18.2234 0.284331 0.284331 2 4 5
18.2334 0.284282 0.284282 2 4 5
18.2434 0.284234 0.284234 2 4 5
18.2534 0.284185 0.284185 2 4 5
18.2634 0.284136 0.284136 2 4 5
18.2734 0.284088 0.284088 2 4 5
18.2834 0.284039 0.284039 2 4 5
18.2934 0.28399 0.28399 2 4 5
18.3034 0.283942 0.283942 2 4 5
18.3134 0.283893 0.283893 2 4 5
18.3234 0.283845 0.283845 2 4 5
18.3334 0.283797 0.283797 2 4 5
18.3434 0.283748 0.283748 2 4 5
18.3534 0.2837 0.2837 2 4 5
18.3634 0.283652 0.283652 2 4 5
18.3734 0.283603 0.283603 2 4 5
18.3834 0.283555 0.283555 2 4 5
18.3934 0.283507 0.283507 2 4 5
18.4034 0.283459 0.283459 2 4 5
18.4134 0.283411 0.283411 2 4 5
18.4234 0.283363 0.283363 2 4 5
18.4334 0.283315 0.283315 2 4 5
18.4434 0.283267 0.283267 2 4 5
18.4534 0.283219 0.283219 2 4 5
18.4634 0.283171 0.283171 2 4 5
18.4734 0.283124 0.283124 2 4 5
18.4834 0.283076 0.283076 2 4 5
18.4934 0.283028 0.283028 2 4 5
18.5034 0.28298 0.28298 2 4 5
18.5134 0.282933 0.282933 2 4 5
18.5234 0.282885 0.282885 2 4 5
18.5334 0.282838 0.282838 2 4 5
18.5434 0.28279 0.28279 2 4 5
18.5534 0.282743 0.282743 2 4 5
18.5634 0.282695 0.282695 2 4 5
18.5734 0.282648 0.282648 2 4 5
18.5834 0.2826 0.2826 2 4 5
18.5934 0.282553 0.282553 2 4 5
18.6034 0.282506 0.282506 2 4 5
18.6134 0.282458 0.282458 2 4 5
18.6234 0.282411 0.282411 2 4 5
18.6334 0.282364 0.282364 2 4 5
18.6434 0.282317 0.282317 2 4 5
18.6534 0.28227 0.28227 2 4 5
18.6634 0.282222 0.282222 2 4 5
18.6734 0.282175 0.282175 2 4 5
18.6834 0.282129 0.282129 2 4 5
18.6934 0.282082 0.282082 2 4 5
18.7034 0.282035 0.282035 2 4 5
18.7134 0.281988 0.281988 2 4 5
18.7234 0.281941 0.281941 2 4 5
18.7334 0.281894 0.281894 2 4 5
18.7434 0.281848 0.281848 2 4 5
18.7534 0.281801 0.281801 2 4 5
18.7634 0.281754 0.281754 2 4 5
18.7734 0.281708 0.281708 2 4 5
18.7834 0.281661 0.281661 2 4 5
18.7934 0.281614 0.281614 2 4 5
18.8034 0.281568 0.281568 2 4 5
18.8134 0.281522 0.281522 2 4 5
18.8234 0.281475 0.281475 2 4 5
18.8334 0.281429 0.281429 2 4 5
18.8434 0.281382 0.281382 2 4 5
18.8534 0.281336 0.281336 2 4 5
18.8634 0.28129 0.28129 2 4 5
18.8734 0.281243 0.281243 2 4 5
18.8834 0.281197 0.281197 2 4 5
18.8934 0.281151 0.281151 2 4 5
18.9034 0.281105 0.281105 2 4 5
18.9134 0.281059 0.281059 2 4 5
18.9234 0.281013 0.281013 2 4 5
18.9334 0.280967 0.280967 2 4 5
18.9434 0.280921 0.280921 2 4 5
18.9534 0.280875 0.280875 2 4 5
18.9634 0.280829 0.280829 2 4 5
18.9734 0.280783 0.280783 2 4 5
18.9834 0.280737 0.280737 2 4 5
18.9934 0.280691 0.280691 2 4 5
19.0034 0.280646 0.280646 2 4 5
19.0134 0.2806 0.2806 2 4 5
19.0234 0.280554 0.280554 2 4 5
19.0334 0.280509 0.280509 2 4 5
19.0434 0.280463 0.280463 2 4 5
19.0534 0.280418 0.280418 2 4 5
19.0634 0.280372 0.280372 2 4 5
19.0734 0.280327 0.280327 2 4 5
19.0834 0.280281 0.280281 2 4 5
19.0934 0.280236 0.280236 2 4 5
19.1034 0.28019 0.28019 2 4 5
19.1134 0.280145 0.280145 2 4 5
19.1234 0.2801 0.2801 2 4 5
19.1334 0.280054 0.280054 2 4 5
19.1434 0.280009 0.280009 2 4 5
19.1534 0.279964 0.279964 2 4 5
19.1634 0.279919 0.279919 2 4 5
19.1734 0.279874 0.279874 2 4 5
19.1834 0.279829 0.279829 2 4 5
19.1934 0.279783 0.279783 2 4 5
19.2034 0.279738 0.279738 2 4 5
19.2134 0.279693 0.279693 2 4 5
19.2234 0.279648 0.279648 2 4 5
19.2334 0.279604 0.279604 2 4 5
19.2434 0.279559 0.279559 2 4 5
19.2534 0.279514 0.279514 2 4 5
19.2634 0.279469 0.279469 2 4 5
19.2734 0.279424 0.279424 2 4 5
19.2834 0.279379 0.279379 2 4 5
19.2934 0.279335 0.279335 2 4 5
19.3034 0.27929 0.27929 2 4 5
19.3134 0.279246 0.279246 2 4 5
19.3234 0.279201 0.279201 2 4 5
19.3334 0.279156 0.279156 2 4 5
19.3434 0.279112 0.279112 2 4 5
19.3534 0.279067 0.279067 2 4 5
19.3634 0.279023 0.279023 2 4 5
19.3734 0.278979 0.278979 2 4 5
19.3834 0.278934 0.278934 2 4 5
19.3934 0.27889 0.27889 2 4 5
19.4034 0.278845 0.278845 2 4 5
19.4134 0.278801 0.278801 2 4 5
19.4234 0.278757 0.278757 2 4 5
19.4334 0.278713 0.278713 2 4 5
19.4434 0.278669 0.278669 2 4 5
19.4534 0.278624 0.278624 2 4 5
19.4634 0.27858 0.27858 2 4 5
19.4734 0.278536 0.278536 2 4 5
19.4834 0.278492 0.278492 2 4 5
19.4934 0.278448 0.278448 2 4 5
19.5034 0.278405 0.278405 2 4 5
19.5134 0.278361 0.278361 2 4 5
19.5234 0.278317 0.278317 2 4 5
19.5334 0.278273 0.278273 2 4 5
19.5434 0.278229 0.278229 2 4 5
19.5534 0.278185 0.278185 2 4 5
19.5634 0.278141 0.278141 2 4 5
19.5734 0.278098 0.278098 2 4 5
19.5834 0.278054 0.278054 2 4 5
19.5934 0.27801 0.27801 2 4 5
19.6034 0.277967 0.277967 2 4 5
19.6134 0.277923 0.277923 2 4 5
19.6234 0.27788 0.27788 2 4 5
19.6334 0.277836 0.277836 2 4 5
19.6434 0.277793 0.277793 2 4 5
19.6534 0.277749 0.277749 2 4 5
19.6634 0.277706 0.277706 2 4 5
19.6734 0.277662 0.277662 2 4 5
19.6834 0.277619 0.277619 2 4 5
19.6934 0.277576 0.277576 2 4 5
19.7034 0.277533 0.277533 2 4 5
19.7134 0.277489 0.277489 2 4 5
19.7234 0.277446 0.277446 2 4 5
19.7334 0.277403 0.277403 2 4 5
19.7434 0.27736 0.27736 2 4 5
19.7534 0.277317 0.277317 2 4 5
19.7634 0.277274 0.277274 2 4 5
19.7734 0.277231 0.277231 2 4 5
19.7834 0.277188 0.277188 2 4 5
19.7934 0.277145 0.277145 2 4 5
19.8034 0.277102 0.277102 2 4 5
19.8134 0.277059 0.277059 2 4 5
19.8234 0.277016 0.277016 2 4 5
19.8334 0.276973 0.276973 2 4 5
19.8434 0.27693 0.27693 2 4 5
19.8534 0.276887 0.276887 2 4 5
19.8634 0.276845 0.276845 2 4 5
19.8734 0.276802 0.276802 2 4 5
19.8834 0.276759 0.276759 2 4 5
19.8934 0.276717 0.276717 2 4 5
19.9034 0.276674 0.276674 2 4 5
19.9134 0.276632 0.276632 2 4 5
19.9234 0.276589 0.276589 2 4 5
19.9334 0.276546 0.276546 2 4 5
19.9434 0.276504 0.276504 2 4 5
19.9534 0.276462 0.276462 2 4 5
19.9634 0.276419 0.276419 2 4 5
19.9734 0.276377 0.276377 2 4 5
19.9834 0.276334 0.276334 2 4 5
19.9934 0.276292 0.276292 2 4 5
20.0034 0.27625 0.27625 2 4 5
20.0134 0.276208 0.276208 2 4 5
20.0234 0.276165 0.276165 2 4 5
20.0334 0.276123 0.276123 2 4 5
20.0434 0.276081 0.276081 2 4 5
20.0534 0.276039 0.276039 2 4 5
20.0634 0.275997 0.275997 2 4 5
20.0734 0.275955 0.275955 2 4 5
20.0834 0.275913 0.275913 2 4 5
20.0933 0.275871 0.275871 2 4 5
20.1033 0.275829 0.275829 2 4 5
20.1133 0.275787 0.275787 2 4 5
20.1233 0.275745 0.275745 2 4 5
20.1333 0.275703 0.275703 2 4 5
20.1433 0.275661 0.275661 2 4 5
20.1533 0.275619 0.275619 2 4 5
20.1633 0.275578 0.275578 2 4 5
20.1733 0.275536 0.275536 2 4 5
20.1833 0.275494 0.275494 2 4 5
20.1933 0.275453 0.275453 2 4 5
20.2033 0.275411 0.275411 2 4 5
20.2133 0.275369 0.275369 2 4 5
20.2233 0.275328 0.275328 2 4 5
20.2333 0.275286 0.275286 2 4 5
20.2433 0.275245 0.275245 2 4 5
20.2533 0.275203 0.275203 2 4 5
20.2633 0.275162 0.275162 2 4 5
20.2733 0.27512 0.27512 2 4 5
20.2833 0.275079 0.275079 2 4 5
20.2933 0.275037 0.275037 2 4 5
20.3033 0.274996 0.274996 2 4 5
20.3133 0.274955 0.274955 2 4 5
20.3233 0.274914 0.274914 2 4 5
20.3333 0.274872 0.274872 2 4 5
20.3433 0.274831 0.274831 2 4 5
20.3533 0.27479 0.27479 2 4 5
20.3633 0.274749 0.274749 2 4 5
20.3733 0.274708 0.274708 2 4 5
20.3833 0.274667 0.274667 2 4 5
20.3933 0.274626 0.274626 2 4 5
20.4033 0.274585 0.274585 2 4 5
20.4133 0.274544 0.274544 2 4 5
20.4233 0.274503 0.274503 2 4 5
20.4333 0.274462 0.274462 2 4 5
20.4433 0.274421 0.274421 2 4 5
20.4533 0.27438 0.27438 2 4 5
20.4633 0.274339 0.274339 2 4 5
20.4733 0.274298 0.274298 2 4 5
20.4833 0.274257 0.274257 2 4 5
20.4933 0.274217 0.274217 2 4 5
20.5033 0.274176 0.274176 2 4 5
20.5133 0.274135 0.274135 2 4 5
20.5233 0.274095 0.274095 2 4 5
20.5333 0.274054 0.274054 2 4 5
20.5433 0.274014 0.274014 2 4 5
20.5533 0.273973 0.273973 2 4 5
20.5633 0.273932 0.273932 2 4 5
20.5733 0.273891 0.273891 2 4 5
20.5833 0.273851 0.273851 2 4 5
20.5933 0.273811 0.273811 2 4 5
20.6033 0.273771 0.273771 2 4 5
20.6133 0.27373 0.27373 2 4 5
20.6233 0.27369 0.27369 2 4 5
20.6333 0.273649 0.273649 2 4 5
20.6433 0.273609 0.273609 2 4 5
20.6533 0.273569 0.273569 2 4 5
20.6633 0.273529 0.273529 2 4 5
20.6733 0.273488 0.273488 2 4 5
20.6833 0.273448 0.273448 2 4 5
20.6933 0.273408 0.273408 2 4 5
20.7033 0.273368 0.273368 2 4 5
20.7133 0.273328 0.273328 2 4 5
20.7233 0.273288 0.273288 2 4 5
20.7333 0.273248 0.273248 2 4 5
20.7433 0.273208 0.273208 2 4 5
20.7533 0.273168 0.273168 2 4 5
20.7633 0.273128 0.273128 2 4 5
20.7733 0.273088 0.273088 2 4 5
20.7833 0.273048 0.273048 2 4 5
20.7933 0.273001 0.273001 2 4 5
20.8033 0.272965 0.272965 2 4 5
20.8133 0.272929 0.272929 2 4 5
20.8233 0.272891 0.272891 2 4 5
20.8333 0.272851 0.272851 2 4 5
20.8433 0.27281 0.27281 2 4 5
20.8533 0.27277 0.27277 2 4 5
20.8633 0.27273 0.27273 2 4 5
20.8733 0.27269 0.27269 2 4 5
20.8833 0.272651 0.272651 2 4 5
20.8933 0.272611 0.272611 2 4 5
20.9033 0.272572 0.272572 2 4 5
20.9133 0.272532 0.272532 2 4 5
20.9233 0.272493 0.272493 2 4 5
20.9333 0.272453 0.272453 2 4 5
20.9433 0.272414 0.272414 2 4 5
20.9533 0.272374 0.272374 2 4 5
20.9633 0.272335 0.272335 2 4 5
20.9733 0.272296 0.272296 2 4 5
20.9833 0.272256 0.272256 2 4 5
20.9933 0.272217 0.272217 2 4 5
21.0033 0.272178 0.272178 2 4 5
21.0133 0.272139 0.272139 2 4 5
21.0233 0.2721 0.2721 2 4 5
21.0333 0.27206 0.27206 2 4 5
21.0433 0.272021 0.272021 2 4 5
21.0533 0.271982 0.271982 2 4 5
21.0633 0.271943 0.271943 2 4 5
21.0733 0.271904 0.271904 2 4 5
21.0833 0.271865 0.271865 2 4 5
21.0933 0.271826 0.271826 2 4 5
21.1033 0.271787 0.271787 2 4 5
21.1133 0.271748 0.271748 2 4 5
21.1233 0.271709 0.271709 2 4 5
21.1333 0.27167 0.27167 2 4 5
21.1433 0.271631 0.271631 2 4 5
21.1533 0.271592 0.271592 2 4 5
21.1633 0.271554 0.271554 2 4 5
21.1733 0.271515 0.271515 2 4 5
21.1833 0.271476 0.271476 2 4 5
21.1933 0.271437 0.271437 2 4 5
21.2033 0.271399 0.271399 2 4 5
21.2133 0.27136 0.27136 2 4 5
21.2233 0.271321 0.271321 2 4 5
21.2333 0.271283 0.271283 2 4 5
21.2433 0.271244 0.271244 2 4 5
21.2533 0.271206 0.271206 2 4 5
21.2633 0.271167 0.271167 2 4 5
21.2733 0.271129 0.271129 2 4 5
21.2833 0.27109 0.27109 2 4 5
21.2933 0.271052 0.271052 2 4 5
21.3033 0.271013 0.271013 2 4 5
21.3133 0.270975 0.270975 2 4 5
21.3233 0.270937 0.270937 2 4 5
21.3333 0.270898 0.270898 2 4 5
21.3433 0.27086 0.27086 2 4 5
21.3533 0.270821 0.270821 2 4 5
21.3633 0.270783 0.270783 2 4 5
21.3733 0.270745 0.270745 2 4 5
21.3833 0.270707 0.270707 2 4 5
21.3933 0.270669 0.270669 2 4 5
21.4033 0.270631 0.270631 2 4 5
21.4133 0.270593 0.270593 2 4 5
21.4233 0.270554 0.270554 2 4 5
21.4333 0.270516 0.270516 2 4 5
21.4433 0.270478 0.270478 2 4 5
21.4533 0.27044 0.27044 2 4 5
21.4633 0.270402 0.270402 2 4 5
21.4733 0.270364 0.270364 2 4 5
21.4833 0.270326 0.270326 2 4 5
21.4933 0.270288 0.270288 2 4 5
21.5033 0.27025 0.27025 2 4 5
21.5133 0.270213 0.270213 2 4 5
21.5233 0.270175 0.270175 2 4 5
21.5333 0.270137 0.270137 2 4 5
21.5433 0.270099 0.270099 2 4 5
21.5533 0.270061 0.270061 2 4 5
21.5633 0.270024 0.270024 2 4 5
21.5733 0.269986 0.269986 2 4 5
21.5833 0.269948 0.269948 2 4 5
21.5933 0.269911 0.269911 2 4 5
21.6033 0.269873 0.269873 2 4 5
21.6133 0.269835 0.269835 2 4 5
21.6233 0.269798 0.269798 2 4 5
21.6333 0.26976 0.26976 2 4 5
21.6433 0.269723 0.269723 2 4 5
21.6533 0.269685 0.269685 2 4 5
21.6633 0.269648 0.269648 2 4 5
21.6733 0.26961 0.26961 2 4 5
21.6833 0.269573 0.269573 2 4 5
21.6933 0.269536 0.269536 2 4 5
21.7033 0.269498 0.269498 2 4 5
21.7133 0.269461 0.269461 2 4 5
21.7233 0.269424 0.269424 2 4 5
21.7333 0.269386 0.269386 2 4 5
21.7433 0.269349 0.269349 2 4 5
21.7533 0.269312 0.269312 2 4 5
21.7633 0.269275 0.269275 2 4 5
21.7733 0.269237 0.269237 2 4 5
21.7833 0.2692 0.2692 2 4 5
21.7933 0.269163 0.269163 2 4 5
21.8033 0.269126 0.269126 2 4 5
21.8133 0.269089 0.269089 2 4 5
21.8233 0.269052 0.269052 2 4 5
21.8333 0.269015 0.269015 2 4 5
21.8433 0.268978 0.268978 2 4 5
21.8533 0.268941 0.268941 2 4 5
21.8633 0.268904 0.268904 2 4 5
21.8733 0.268867 0.268867 2 4 5
21.8833 0.26883 0.26883 2 4 5
21.8933 0.268793 0.268793 2 4 5
21.9033 0.268757 0.268757 2 4 5
21.9133 0.26872 0.26872 2 4 5
21.9233 0.268683 0.268683 2 4 5
21.9333 0.268646 0.268646 2 4 5
21.9433 0.268609 0.268609 2 4 5
21.9533 0.268573 0.268573 2 4 5
21.9633 0.268536 0.268536 2 4 5
21.9733 0.268499 0.268499 2 4 5
21.9833 0.268463 0.268463 2 4 5
21.9933 0.268426 0.268426 2 4 5
22.0033 0.26839 0.26839 2 4 5
22.0133 0.268353 0.268353 2 4 5
22.0233 0.268316 0.268316 2 4 5
22.0333 0.26828 0.26828 2 4 5
22.0433 0.268243 0.268243 2 4 5
22.0533 0.268207 0.268207 2 4 5
22.0633 0.26817 0.26817 2 4 5
22.0733 0.268134 0.268134 2 4 5
22.0833 0.268098 0.268098 2 4 5
22.0933 0.268061 0.268061 2 4 5
22.1033 0.268025 0.268025 2 4 5
22.1133 0.267989 0.267989 2 4 5
22.1233 0.267952 0.267952 2 4 5
22.1333 0.267916 0.267916 2 4 5
22.1433 0.26788 0.26788 2 4 5
22.1533 0.267843 0.267843 2 4 5
22.1633 0.267807 0.267807 2 4 5
22.1733 0.267771 0.267771 2 4 5
22.1833 0.267735 0.267735 2 4 5
22.1933 0.267699 0.267699 2 4 5
22.2033 0.267663 0.267663 2 4 5
22.2133 0.267627 0.267627 2 4 5
22.2233 0.267591 0.267591 2 4 5
22.2333 0.267555 0.267555 2 4 5
22.2433 0.267519 0.267519 2 4 5
22.2533 0.267483 0.267483 2 4 5
22.2633 0.267447 0.267447 2 4 5
22.2733 0.267411 0.267411 2 4 5
22.2833 0.267375 0.267375 2 4 5
22.2933 0.267339 0.267339 2 4 5
22.3033 0.267303 0.267303 2 4 5
22.3133 0.267268 0.267268 2 4 5
22.3233 0.267232 0.267232 2 4 5
22.3333 0.267196 0.267196 2 4 5
22.3433 0.267159 0.267159 2 4 5
22.3533 0.267124 0.267124 2 4 5
22.3633 0.267088 0.267088 2 4 5
22.3733 0.267053 0.267053 2 4 5
22.3833 0.267017 0.267017 2 4 5
22.3933 0.266981 0.266981 2 4 5
22.4033 0.266946 0.266946 2 4 5
22.4133 0.26691 0.26691 2 4 5
22.4233 0.266875 0.266875 2 4 5
22.4333 0.266839 0.266839 2 4 5
22.4433 0.266803 0.266803 2 4 5
22.4533 0.266768 0.266768 2 4 5
22.4633 0.266732 0.266732 2 4 5
22.4733 0.266697 0.266697 2 4 5
22.4833 0.266662 0.266662 2 4 5
22.4933 0.266626 0.266626 2 4 5
22.5033 0.266591 0.266591 2 4 5
22.5133 0.266555 0.266555 2 4 5
22.5233 0.26652 0.26652 2 4 5
22.5333 0.266485 0.266485 2 4 5
22.5433 0.266449 0.266449 2 4 5
22.5533 0.266414 0.266414 2 4 5
22.5633 0.266379 0.266379 2 4 5
22.5733 0.266342 0.266342 2 4 5
22.5833 0.266308 0.266308 2 4 5
22.5933 0.266273 0.266273 2 4 5
22.6033 0.266239 0.266239 2 4 5
22.6133 0.266203 0.266203 2 4 5
22.6233 0.266168 0.266168 2 4 5
22.6333 0.266133 0.266133 2 4 5
22.6433 0.266098 0.266098 2 4 5
22.6533 0.266063 0.266063 2 4 5
22.6633 0.266028 0.266028 2 4 5
22.6733 0.265993 0.265993 2 4 5
22.6833 0.265958 0.265958 2 4 5
22.6933 0.265923 0.265923 2 4 5
22.7033 0.265888 0.265888 2 4 5
22.7133 0.265853 0.265853 2 4 5
22.7233 0.265818 0.265818 2 4 5
22.7333 0.265783 0.265783 2 4 5
22.7433 0.265748 0.265748 2 4 5
22.7533 0.265714 0.265714 2 4 5
22.7633 0.265679 0.265679 2 4 5
22.7733 0.265644 0.265644 2 4 5
22.7833 0.265609 0.265609 2 4 5
22.7933 0.265575 0.265575 2 4 5
22.8033 0.26554 0.26554 2 4 5
22.8133 0.265505 0.265505 2 4 5
22.8233 0.26547 0.26547 2 4 5
22.8333 0.265436 0.265436 2 4 5
22.8433 0.265401 0.265401 2 4 5
22.8533 0.265367 0.265367 2 4 5
22.8633 0.265332 0.265332 2 4 5
22.8733 0.265298 0.265298 2 4 5
22.8833 0.265263 0.265263 2 4 5
22.8933 0.265229 0.265229 2 4 5
22.9033 0.265194 0.265194 2 4 5
22.9133 0.26516 0.26516 2 4 5
22.9233 0.265125 0.265125 2 4 5
22.9333 0.265091 0.265091 2 4 5
22.9433 0.265056 0.265056 2 4 5
22.9533 0.265022 0.265022 2 4 5
22.9633 0.264988 0.264988 2 4 5
22.9733 0.264954 0.264954 2 4 5
22.9833 0.264919 0.264919 2 4 5
22.9933 0.264885 0.264885 2 4 5
23.0033 0.264851 0.264851 2 4 5
23.0133 0.264817 0.264817 2 4 5
23.0233 0.264782 0.264782 2 4 5
23.0333 0.264748 0.264748 2 4 5
23.0433 0.264714 0.264714 2 4 5
23.0533 0.26468 0.26468 2 4 5
23.0633 0.264646 0.264646 2 4 5
23.0733 0.264612 0.264612 2 4 5
23.0833 0.264578 0.264578 2 4 5
23.0933 0.264544 0.264544 2 4 5
23.1033 0.26451 0.26451 2 4 5
23.1133 0.264475 0.264475 2 4 5
23.1233 0.264442 0.264442 2 4 5
23.1333 0.264408 0.264408 2 4 5
23.1433 0.264374 0.264374 2 4 5
23.1533 0.26434 0.26434 2 4 5
23.1633 0.264306 0.264306 2 4 5
23.1733 0.264272 0.264272 2 4 5
23.1833 0.264238 0.264238 2 4 5
23.1933 0.264204 0.264204 2 4 5
23.2033 0.26417 0.26417 2 4 5
23.2133 0.264137 0.264137 2 4 5
23.2233 0.264103 0.264103 2 4 5
23.2333 0.264069 0.264069 2 4 5
23.2433 0.264035 0.264035 2 4 5
23.2533 0.264002 0.264002 2 4 5
23.2633 0.263968 0.263968 2 4 5
23.2733 0.263934 0.263934 2 4 5
23.2833 0.263902 0.263902 2 4 5
23.2933 0.263868 0.263868 2 4 5
23.3033 0.263834 0.263834 2 4 5
23.3133 0.2638 0.2638 2 4 5
23.3233 0.263766 0.263766 2 4 5
23.3333 0.263733 0.263733 2 4 5
23.3433 0.263699 0.263699 2 4 5
23.3533 0.263666 0.263666 2 4 5
23.3633 0.263632 0.263632 2 4 5
23.3733 0.263599 0.263599 2 4 5
23.3833 0.263566 0.263566 2 4 5
23.3933 0.263532 0.263532 2 4 5
23.4033 0.263499 0.263499 2 4 5
23.4133 0.263465 0.263465 2 4 5
23.4233 0.263432 0.263432 2 4 5
23.4333 0.263399 0.263399 2 4 5
23.4433 0.263365 0.263365 2 4 5
23.4533 0.263332 0.263332 2 4 5
23.4633 0.263299 0.263299 2 4 5
23.4733 0.263266 0.263266 2 4 5
23.4833 0.263232 0.263232 2 4 5
23.4933 0.263199 0.263199 2 4 5
23.5033 0.263166 0.263166 2 4 5
23.5133 0.263133 0.263133 2 4 5
23.5233 0.2631 0.2631 2 4 5
23.5333 0.263067 0.263067 2 4 5
23.5433 0.263034 0.263034 2 4 5
23.5533 0.263001 0.263001 2 4 5
23.5633 0.262968 0.262968 2 4 5
23.5733 0.262935 0.262935 2 4 5
23.5833 0.262902 0.262902 2 4 5
23.5933 0.262869 0.262869 2 4 5
23.6033 0.262836 0.262836 2 4 5
23.6133 0.262803 0.262803 2 4 5
23.6233 0.26277 0.26277 2 4 5
23.6333 0.262737 0.262737 2 4 5
23.6433 0.262704 0.262704 2 4 5
23.6533 0.262671 0.262671 2 4 5
23.6633 0.262638 0.262638 2 4 5
23.6733 0.262605 0.262605 2 4 5
23.6833 0.262573 0.262573 2 4 5
23.6933 0.26254 0.26254 2 4 5
23.7033 0.262507 0.262507 2 4 5
23.7133 0.262474 0.262474 2 4 5
23.7233 0.262442 0.262442 2 4 5
23.7333 0.262409 0.262409 2 4 5
23.7433 0.262376 0.262376 2 4 5
23.7533 0.262344 0.262344 2 4 5
23.7633 0.262311 0.262311 2 4 5
23.7733 0.262278 0.262278 2 4 5
23.7833 0.262246 0.262246 2 4 5
23.7933 0.262213 0.262213 2 4 5
23.8033 0.262181 0.262181 2 4 5
23.8133 0.262148 0.262148 2 4 5
23.8233 0.262116 0.262116 2 4 5
23.8333 0.262083 0.262083 2 4 5
23.8433 0.262051 0.262051 2 4 5
23.8533 0.262018 0.262018 2 4 5
23.8633 0.261986 0.261986 2 4 5
23.8733 0.261953 0.261953 2 4 5
23.8833 0.261921 0.261921 2 4 5
23.8933 0.261888 0.261888 2 4 5
23.9033 0.261856 0.261856 2 4 5
23.9133 0.261824 0.261824 2 4 5
23.9233 0.261791 0.261791 2 4 5
23.9333 0.261759 0.261759 2 4 5
23.9433 0.261727 0.261727 2 4 5
23.9533 0.261695 0.261695 2 4 5
23.9633 0.261663 0.261663 2 4 5
23.9733 0.26163 0.26163 2 4 5
23.9833 0.261598 0.261598 2 4 5
23.9933 0.261566 0.261566 2 4 5
24.0033 0.261534 0.261534 2 4 5
24.0133 0.261502 0.261502 2 4 5
24.0233 0.26147 0.26147 2 4 5
24.0333 0.261437 0.261437 2 4 5
24.0433 0.261405 0.261405 2 4 5
24.0533 0.261373 0.261373 2 4 5
24.0633 0.261341 0.261341 2 4 5
24.0733 0.261309 0.261309 2 4 5
24.0833 0.261277 0.261277 2 4 5
24.0933 0.261245 0.261245 2 4 5
24.1033 0.261213 0.261213 2 4 5
24.1133 0.261181 0.261181 2 4 5
24.1233 0.261149 0.261149 2 4 5
24.1333 0.261118 0.261118 2 4 5
24.1433 0.261087 0.261087 2 4 5
24.1533 0.261054 0.261054 2 4 5
24.1633 0.261022 0.261022 2 4 5
24.1733 0.26099 0.26099 2 4 5
24.1833 0.260958 0.260958 2 4 5
24.1933 0.260926 0.260926 2 4 5
24.2033 0.260895 0.260895 2 4 5
24.2133 0.260863 0.260863 2 4 5
24.2233 0.260831 0.260831 2 4 5
24.2333 0.2608 0.2608 2 4 5
24.2433 0.260768 0.260768 2 4 5
24.2533 0.260736 0.260736 2 4 5
24.2633 0.260705 0.260705 2 4 5
24.2733 0.260673 0.260673 2 4 5
24.2833 0.260641 0.260641 2 4 5
24.2933 0.26061 0.26061 2 4 5
24.3033 0.260578 0.260578 2 4 5
24.3133 0.260547 0.260547 2 4 5
24.3233 0.260515 0.260515 2 4 5
24.3333 0.260484 0.260484 2 4 5
24.3433 0.260452 0.260452 2 4 5
24.3533 0.260421 0.260421 2 4 5
24.3633 0.260389 0.260389 2 4 5
24.3733 0.260358 0.260358 2 4 5
24.3833 0.260325 0.260325 2 4 5
24.3933 0.260294 0.260294 2 4 5
24.4033 0.260264 0.260264 2 4 5
24.4133 0.260232 0.260232 2 4 5
24.4233 0.260201 0.260201 2 4 5
24.4333 0.26017 0.26017 2 4 5
24.4433 0.260138 0.260138 2 4 5
24.4533 0.260107 0.260107 2 4 5
24.4633 0.260076 0.260076 2 4 5
24.4733 0.260044 0.260044 2 4 5
24.4833 0.260013 0.260013 2 4 5
24.4933 0.259982 0.259982 2 4 5
24.5033 0.259951 0.259951 2 4 5
24.5133 0.25992 0.25992 2 4 5
24.5233 0.259888 0.259888 2 4 5
24.5333 0.259857 0.259857 2 4 5
24.5433 0.259826 0.259826 2 4 5
24.5533 0.259795 0.259795 2 4 5
24.5633 0.259764 0.259764 2 4 5
24.5733 0.259733 0.259733 2 4 5
24.5833 0.259702 0.259702 2 4 5
24.5933 0.259671 0.259671 2 4 5
24.6033 0.25964 0.25964 2 4 5
24.6133 0.259609 0.259609 2 4 5
24.6233 0.259578 0.259578 2 4 5
24.6333 0.259547 0.259547 2 4 5
24.6433 0.259516 0.259516 2 4 5
24.6533 0.259485 0.259485 2 4 5
24.6633 0.259454 0.259454 2 4 5
24.6733 0.259423 0.259423 2 4 5
24.6833 0.259392 0.259392 2 4 5
24.6933 0.259362 0.259362 2 4 5
24.7033 0.259331 0.259331 2 4 5
24.7133 0.2593 0.2593 2 4 5
24.7233 0.259269 0.259269 2 4 5
24.7333 0.259238 0.259238 2 4 5
24.7433 0.259208 0.259208 2 4 5
24.7533 0.259177 0.259177 2 4 5
24.7633 0.259146 0.259146 2 4 5
24.7733 0.259116 0.259116 2 4 5
24.7833 0.259085 0.259085 2 4 5
24.7933 0.259054 0.259054 2 4 5
24.8033 0.259024 0.259024 2 4 5
24.8133 0.258993 0.258993 2 4 5
24.8233 0.258963 0.258963 2 4 5
24.8333 0.258932 0.258932 2 4 5
24.8433 0.258901 0.258901 2 4 5
24.8533 0.258871 0.258871 2 4 5
24.8633 0.25884 0.25884 2 4 5
24.8733 0.25881 0.25881 2 4 5
24.8833 0.258779 0.258779 2 4 5
24.8933 0.258749 0.258749 2 4 5
24.9033 0.258718 0.258718 2 4 5
24.9133 0.258688 0.258688 2 4 5
24.9233 0.258657 0.258657 2 4 5
24.9333 0.258627 0.258627 2 4 5
24.9433 0.258596 0.258596 2 4 5
24.9533 0.258566 0.258566 2 4 5
24.9633 0.258536 0.258536 2 4 5
24.9733 0.258505 0.258505 2 4 5
24.9833 0.258475 0.258475 2 4 5
24.9933 0.258445 0.258445 2 4 5
25.0033 0.258415 0.258415 2 4 5
25.0133 0.258384 0.258384 2 4 5
25.0233 0.258354 0.258354 2 4 5
25.0333 0.258324 0.258324 2 4 5
25.0433 0.258293 0.258293 2 4 5
25.0533 0.258263 0.258263 2 4 5
25.0633 0.258233 0.258233 2 4 5
25.0733 0.258203 0.258203 2 4 5
25.0833 0.258173 0.258173 2 4 5
25.0933 0.258143 0.258143 2 4 5
25.1033 0.258113 0.258113 2 4 5
25.1133 0.258083 0.258083 2 4 5
25.1233 0.258052 0.258052 2 4 5
25.1333 0.258022 0.258022 2 4 5
25.1433 0.257992 0.257992 2 4 5
25.1533 0.257962 0.257962 2 4 5
25.1633 0.257932 0.257932 2 4 5
25.1733 0.257902 0.257902 2 4 5
25.1833 0.257872 0.257872 2 4 5
25.1933 0.257843 0.257843 2 4 5
25.2033 0.257813 0.257813 2 4 5
25.2133 0.257783 0.257783 2 4 5
25.2233 0.257753 0.257753 2 4 5
25.2333 0.257723 0.257723 2 4 5
25.2433 0.257693 0.257693 2 4 5
25.2533 0.257663 0.257663 2 4 5
25.2633 0.257633 0.257633 2 4 5
25.2733 0.257604 0.257604 2 4 5
25.2833 0.257574 0.257574 2 4 5
25.2933 0.257544 0.257544 2 4 5
25.3033 0.257514 0.257514 2 4 5
25.3133 0.257484 0.257484 2 4 5
25.3233 0.257455 0.257455 2 4 5
25.3333 0.257425 0.257425 2 4 5
25.3433 0.257395 0.257395 2 4 5
25.3533 0.257366 0.257366 2 4 5
25.3633 0.257336 0.257336 2 4 5
25.3733 0.257306 0.257306 2 4 5
25.3833 0.257277 0.257277 2 4 5
25.3933 0.257247 0.257247 2 4 5
25.4033 0.257218 0.257218 2 4 5
25.4133 0.257188 0.257188 2 4 5
25.4233 0.257158 0.257158 2 4 5
25.4333 0.257129 0.257129 2 4 5
25.4433 0.257099 0.257099 2 4 5
25.4533 0.25707 0.25707 2 4 5
25.4633 0.25704 0.25704 2 4 5
25.4733 0.257011 0.257011 2 4 5
25.4833 0.256982 0.256982 2 4 5
25.4933 0.256952 0.256952 2 4 5
25.5033 0.256923 0.256923 2 4 5
25.5133 0.256893 0.256893 2 4 5
25.5233 0.256864 0.256864 2 4 5
25.5333 0.256835 0.256835 2 4 5
25.5433 0.256805 0.256805 2 4 5
25.5533 0.256776 0.256776 2 4 5
25.5633 0.256747 0.256747 2 4 5
25.5733 0.256717 0.256717 2 4 5
25.5833 0.256688 0.256688 2 4 5
25.5933 0.256659 0.256659 2 4 5
25.6033 0.256629 0.256629 2 4 5
25.6133 0.2566 0.2566 2 4 5
25.6233 0.256571 0.256571 2 4 5
25.6333 0.256542 0.256542 2 4 5
25.6433 0.256513 0.256513 2 4 5
25.6533 0.256483 0.256483 2 4 5
25.6633 0.256454 0.256454 2 4 5
25.6733 0.256425 0.256425 2 4 5
25.6833 0.256396 0.256396 2 4 5
25.6933 0.256367 0.256367 2 4 5
25.7033 0.256338 0.256338 2 4 5
25.7133 0.256309 0.256309 2 4 5
25.7233 0.25628 0.25628 2 4 5
25.7333 0.256251 0.256251 2 4 5
25.7433 0.256222 0.256222 2 4 5
25.7533 0.256193 0.256193 2 4 5
25.7633 0.256164 0.256164 2 4 5
25.7733 0.256135 0.256135 2 4 5
25.7833 0.256106 0.256106 2 4 5
25.7933 0.256077 0.256077 2 4 5
25.8033 0.256048 0.256048 2 4 5
25.8133 0.256019 0.256019 2 4 5
25.8233 0.25599 0.25599 2 4 5
25.8333 0.255961 0.255961 2 4 5
25.8433 0.255932 0.255932 2 4 5
25.8533 0.255904 0.255904 2 4 5
25.8633 0.255875 0.255875 2 4 5
25.8733 0.255846 0.255846 2 4 5
25.8833 0.255817 0.255817 2 4 5
25.8933 0.255788 0.255788 2 4 5
25.9033 0.25576 0.25576 2 4 5
25.9133 0.255731 0.255731 2 4 5
25.9233 0.255702 0.255702 2 4 5
25.9333 0.255673 0.255673 2 4 5
25.9433 0.255645 0.255645 2 4 5
25.9533 0.255616 0.255616 2 4 5
25.9633 0.255587 0.255587 2 4 5
25.9733 0.255559 0.255559 2 4 5
25.9833 0.25553 0.25553 2 4 5
25.9933 0.255501 0.255501 2 4 5
26.0033 0.255473 0.255473 2 4 5
26.0133 0.255444 0.255444 2 4 5
26.0233 0.255416 0.255416 2 4 5
26.0333 0.255387 0.255387 2 4 5
26.0433 0.255359 0.255359 2 4 5
26.0533 0.25533 0.25533 2 4 5
26.0633 0.255302 0.255302 2 4 5
26.0733 0.255273 0.255273 2 4 5
26.0833 0.255245 0.255245 2 4 5
26.0933 0.255216 0.255216 2 4 5
26.1033 0.255188 0.255188 2 4 5
26.1133 0.255159 0.255159 2 4 5
26.1233 0.255131 0.255131 2 4 5
26.1333 0.255103 0.255103 2 4 5
26.1433 0.255074 0.255074 2 4 5
26.1533 0.255046 0.255046 2 4 5
26.1633 0.255018 0.255018 2 4 5
26.1733 0.254989 0.254989 2 4 5
26.1833 0.254961 0.254961 2 4 5
26.1933 0.254933 0.254933 2 4 5
26.2033 0.254904 0.254904 2 4 5
26.2133 0.254876 0.254876 2 4 5
26.2233 0.254848 0.254848 2 4 5
26.2333 0.25482 0.25482 2 4 5
26.2433 0.254791 0.254791 2 4 5
26.2533 0.254763 0.254763 2 4 5
26.2633 0.254735 0.254735 2 4 5
26.2733 0.254707 0.254707 2 4 5
26.2833 0.254679 0.254679 2 4 5
26.2933 0.25465 0.25465 2 4 5
26.3033 0.254622 0.254622 2 4 5
26.3133 0.254594 0.254594 2 4 5
26.3233 0.254566 0.254566 2 4 5
26.3333 0.254538 0.254538 2 4 5
26.3433 0.25451 0.25451 2 4 5
26.3533 0.254482 0.254482 2 4 5
26.3633 0.254454 0.254454 2 4 5
26.3733 0.254426 0.254426 2 4 5
26.3833 0.254398 0.254398 2 4 5
26.3933 0.25437 0.25437 2 4 5
26.4033 0.254342 0.254342 2 4 5
26.4133 0.254314 0.254314 2 4 5
26.4233 0.254286 0.254286 2 4 5
26.4333 0.254258 0.254258 2 4 5
26.4433 0.25423 0.25423 2 4 5
26.4533 0.254202 0.254202 2 4 5
26.4633 0.254174 0.254174 2 4 5
26.4733 0.254147 0.254147 2 4 5
26.4833 0.254119 0.254119 2 4 5
26.4933 0.254091 0.254091 2 4 5
26.5033 0.254063 0.254063 2 4 5
26.5133 0.254035 0.254035 2 4 5
26.5233 0.254008 0.254008 2 4 5
26.5333 0.25398 0.25398 2 4 5
26.5433 0.253952 0.253952 2 4 5
26.5533 0.253924 0.253924 2 4 5
26.5633 0.253897 0.253897 2 4 5
26.5733 0.253869 0.253869 2 4 5
26.5833 0.253841 0.253841 2 4 5
26.5933 0.253813 0.253813 2 4 5
26.6033 0.253786 0.253786 2 4 5
26.6133 0.253758 0.253758 2 4 5
26.6233 0.253731 0.253731 2 4 5
26.6333 0.253703 0.253703 2 4 5
26.6433 0.253675 0.253675 2 4 5
26.6533 0.253648 0.253648 2 4 5
26.6633 0.25362 0.25362 2 4 5
26.6733 0.253593 0.253593 2 4 5
26.6833 0.253565 0.253565 2 4 5
26.6933 0.253537 0.253537 2 4 5
26.7033 0.25351 0.25351 2 4 5
26.7133 0.253482 0.253482 2 4 5
26.7233 0.253455 0.253455 2 4 5
26.7333 0.253428 0.253428 2 4 5
26.7433 0.2534 0.2534 2 4 5
26.7533 0.253373 0.253373 2 4 5
26.7633 0.253345 0.253345 2 4 5
26.7733 0.253318 0.253318 2 4 5
26.7833 0.25329 0.25329 2 4 5
26.7933 0.253263 0.253263 2 4 5
26.8033 0.253236 0.253236 2 4 5
26.8133 0.253208 0.253208 2 4 5
26.8233 0.253181 0.253181 2 4 5
26.8333 0.253154 0.253154 2 4 5
26.8433 0.253126 0.253126 2 4 5
26.8533 0.253099 0.253099 2 4 5
26.8633 0.253072 0.253072 2 4 5
26.8733 0.253044 0.253044 2 4 5
26.8833 0.253017 0.253017 2 4 5
26.8933 0.25299 0.25299 2 4 5
26.9033 0.252963 0.252963 2 4 5
26.9133 0.252935 0.252935 2 4 5
26.9233 0.252908 0.252908 2 4 5
26.9333 0.252881 0.252881 2 4 5
26.9433 0.252854 0.252854 2 4 5
26.9533 0.252827 0.252827 2 4 5
26.9633 0.2528 0.2528 2 4 5
26.9733 0.252773 0.252773 2 4 5
26.9833 0.252746 0.252746 2 4 5
26.9933 0.252718 0.252718 2 4 5
27.0033 0.252691 0.252691 2 4 5
27.0133 0.252664 0.252664 2 4 5
27.0233 0.252637 0.252637 2 4 5
27.0333 0.25261 0.25261 2 4 5
27.0433 0.252583 0.252583 2 4 5
27.0533 0.252556 0.252556 2 4 5
27.0633 0.252529 0.252529 2 4 5
27.0733 0.252502 0.252502 2 4 5
27.0833 0.252475 0.252475 2 4 5
27.0933 0.252448 0.252448 2 4 5
27.1033 0.252421 0.252421 2 4 5
27.1133 0.252395 0.252395 2 4 5
27.1233 0.252368 0.252368 2 4 5
27.1333 0.252341 0.252341 2 4 5
27.1433 0.252314 0.252314 2 4 5
27.1533 0.252287 0.252287 2 4 5
27.1633 0.25226 0.25226 2 4 5
27.1733 0.252233 0.252233 2 4 5
27.1833 0.252207 0.252207 2 4 5
27.1933 0.25218 0.25218 2 4 5
27.2033 0.252153 0.252153 2 4 5
27.2133 0.252126 0.252126 2 4 5
27.2233 0.252099 0.252099 2 4 5
27.2333 0.252073 0.252073 2 4 5
27.2433 0.252046 0.252046 2 4 5
27.2533 0.252019 0.252019 2 4 5
27.2633 0.251993 0.251993 2 4 5
27.2733 0.251965 0.251965 2 4 5
27.2833 0.251939 0.251939 2 4 5
27.2933 0.251913 0.251913 2 4 5
27.3033 0.251886 0.251886 2 4 5
27.3133 0.251859 0.251859 2 4 5
27.3233 0.251833 0.251833 2 4 5
27.3333 0.251806 0.251806 2 4 5
27.3433 0.251779 0.251779 2 4 5
27.3533 0.251753 0.251753 2 4 5
27.3633 0.251726 0.251726 2 4 5
27.3733 0.2517 0.2517 2 4 5
27.3833 0.251673 0.251673 2 4 5
27.3933 0.251647 0.251647 2 4 5
27.4033 0.25162 0.25162 2 4 5
27.4133 0.251594 0.251594 2 4 5
27.4233 0.251567 0.251567 2 4 5
27.4333 0.251541 0.251541 2 4 5
27.4433 0.251514 0.251514 2 4 5
27.4533 0.251492 0.251492 2 4 5
27.4633 0.251464 0.251464 2 4 5
27.4733 0.251435 0.251435 2 4 5
27.4833 0.251408 0.251408 2 4 5
27.4933 0.251381 0.251381 2 4 5
27.5033 0.251355 0.251355 2 4 5
27.5133 0.25133 0.25133 2 4 5
27.5233 0.251304 0.251304 2 4 5
27.5333 0.251277 0.251277 2 4 5
27.5433 0.251251 0.251251 2 4 5
27.5533 0.251224 0.251224 2 4 5
27.5633 0.251198 0.251198 2 4 5
27.5733 0.251172 0.251172 2 4 5
27.5833 0.251145 0.251145 2 4 5
27.5933 0.251119 0.251119 2 4 5
27.6033 0.251093 0.251093 2 4 5
27.6133 0.251067 0.251067 2 4 5
27.6233 0.251041 0.251041 2 4 5
27.6333 0.251014 0.251014 2 4 5
27.6433 0.250988 0.250988 2 4 5
27.6533 0.250962 0.250962 2 4 5
27.6633 0.250936 0.250936 2 4 5
27.6733 0.25091 0.25091 2 4 5
27.6833 0.250884 0.250884 2 4 5
27.6933 0.250858 0.250858 2 4 5
27.7033 0.250831 0.250831 2 4 5
27.7133 0.250805 0.250805 2 4 5
27.7233 0.250779 0.250779 2 4 5
27.7333 0.250753 0.250753 2 4 5
27.7433 0.250727 0.250727 2 4 5
27.7533 0.250701 0.250701 2 4 5
27.7633 0.250675 0.250675 2 4 5
27.7733 0.250649 0.250649 2 4 5
27.7833 0.250623 0.250623 2 4 5
27.7933 0.250597 0.250597 2 4 5
27.8033 0.250571 0.250571 2 4 5
27.8133 0.250545 0.250545 2 4 5
27.8233 0.250519 0.250519 2 4 5
27.8333 0.250494 0.250494 2 4 5
27.8433 0.250468 0.250468 2 4 5
27.8533 0.250442 0.250442 2 4 5
27.8633 0.250416 0.250416 2 4 5
27.8733 0.25039 0.25039 2 4 5
27.8833 0.250364 0.250364 2 4 5
27.8933 0.250338 0.250338 2 4 5
27.9033 0.250313 0.250313 2 4 5
27.9133 0.250287 0.250287 2 4 5
27.9233 0.250261 0.250261 2 4 5
27.9333 0.250235 0.250235 2 4 5
27.9433 0.250209 0.250209 2 4 5
27.9533 0.250184 0.250184 2 4 5
27.9633 0.250158 0.250158 2 4 5
27.9733 0.250132 0.250132 2 4 5
27.9833 0.250106 0.250106 2 4 5
27.9933 0.250081 0.250081 2 4 5
28.0033 0.250055 0.250055 2 4 5
28.0133 0.250029 0.250029 2 4 5
28.0233 0.250004 0.250004 2 4 5
28.0333 0.249978 0.249978 2 4 5
28.0433 0.249952 0.249952 2 4 5
28.0533 0.249927 0.249927 2 4 5
28.0633 0.249901 0.249901 2 4 5
28.0733 0.249876 0.249876 2 4 5
28.0833 0.24985 0.24985 2 4 5
28.0933 0.249824 0.249824 2 4 5
28.1033 0.249799 0.249799 2 4 5
28.1133 0.249773 0.249773 2 4 5
28.1233 0.249748 0.249748 2 4 5
28.1333 0.249722 0.249722 2 4 5
28.1433 0.249697 0.249697 2 4 5
28.1533 0.249671 0.249671 2 4 5
28.1633 0.249646 0.249646 2 4 5
28.1733 0.24962 0.24962 2 4 5
28.1833 0.249595 0.249595 2 4 5
28.1933 0.249569 0.249569 2 4 5
28.2033 0.249544 0.249544 2 4 5
28.2133 0.249519 0.249519 2 4 5
28.2233 0.249493 0.249493 2 4 5
28.2333 0.249468 0.249468 2 4 5
28.2433 0.249442 0.249442 2 4 5
28.2533 0.249417 0.249417 2 4 5
28.2633 0.249392 0.249392 2 4 5
28.2733 0.249366 0.249366 2 4 5
28.2833 0.249341 0.249341 2 4 5
28.2933 0.249316 0.249316 2 4 5
28.3033 0.24929 0.24929 2 4 5
28.3133 0.249265 0.249265 2 4 5
28.3233 0.24924 0.24924 2 4 5
28.3333 0.249215 0.249215 2 4 5
28.3433 0.249189 0.249189 2 4 5
28.3533 0.249164 0.249164 2 4 5
28.3633 0.249139 0.249139 2 4 5
28.3733 0.249114 0.249114 2 4 5
28.3833 0.249088 0.249088 2 4 5
28.3933 0.249063 0.249063 2 4 5
28.4033 0.249038 0.249038 2 4 5
28.4133 0.249013 0.249013 2 4 5
28.4233 0.248988 0.248988 2 4 5
28.4333 0.248963 0.248963 2 4 5
28.4433 0.248938 0.248938 2 4 5
28.4533 0.248912 0.248912 2 4 5
28.4633 0.248887 0.248887 2 4 5
28.4733 0.248862 0.248862 2 4 5
28.4833 0.248837 0.248837 2 4 5
28.4933 0.248812 0.248812 2 4 5
28.5033 0.248787 0.248787 2 4 5
28.5133 0.248762 0.248762 2 4 5
28.5233 0.248737 0.248737 2 4 5
28.5333 0.248712 0.248712 2 4 5
28.5433 0.248687 0.248687 2 4 5
28.5533 0.248662 0.248662 2 4 5
28.5633 0.248638 0.248638 2 4 5
28.5733 0.248613 0.248613 2 4 5
28.5833 0.248587 0.248587 2 4 5
28.5933 0.248562 0.248562 2 4 5
28.6033 0.248537 0.248537 2 4 5
28.6133 0.248512 0.248512 2 4 5
28.6233 0.248488 0.248488 2 4 5
28.6333 0.248463 0.248463 2 4 5
28.6433 0.248438 0.248438 2 4 5
28.6533 0.248413 0.248413 2 4 5
28.6633 0.248388 0.248388 2 4 5
28.6733 0.248363 0.248363 2 4 5
28.6833 0.248338 0.248338 2 4 5
28.6933 0.248314 0.248314 2 4 5
28.7033 0.248289 0.248289 2 4 5
28.7133 0.248264 0.248264 2 4 5
28.7233 0.248239 0.248239 2 4 5
28.7333 0.248215 0.248215 2 4 5
28.7433 0.24819 0.24819 2 4 5
28.7533 0.248165 0.248165 2 4 5
28.7633 0.24814 0.24814 2 4 5
28.7733 0.248116 0.248116 2 4 5
28.7833 0.248091 0.248091 2 4 5
28.7933 0.248066 0.248066 2 4 5
28.8033 0.248042 0.248042 2 4 5
28.8133 0.248017 0.248017 2 4 5
28.8233 0.247992 0.247992 2 4 5
28.8333 0.247968 0.247968 2 4 5
28.8433 0.247943 0.247943 2 4 5
28.8533 0.247918 0.247918 2 4 5
28.8633 0.247894 0.247894 2 4 5
28.8733 0.247869 0.247869 2 4 5
28.8833 0.247845 0.247845 2 4 5
28.8933 0.24782 0.24782 2 4 5
28.9033 0.247795 0.247795 2 4 5
28.9133 0.247771 0.247771 2 4 5
28.9233 0.247746 0.247746 2 4 5
28.9333 0.247722 0.247722 2 4 5
28.9433 0.247697 0.247697 2 4 5
28.9533 0.247673 0.247673 2 4 5
28.9633 0.247648 0.247648 2 4 5
28.9733 0.247624 0.247624 2 4 5
28.9833 0.2476 0.2476 2 4 5
28.9933 0.247575 0.247575 2 4 5
29.0033 0.247551 0.247551 2 4 5
29.0133 0.247526 0.247526 2 4 5
29.0233 0.247502 0.247502 2 4 5
29.0333 0.247477 0.247477 2 4 5
29.0433 0.247453 0.247453 2 4 5
29.0533 0.247429 0.247429 2 4 5
29.0633 0.247404 0.247404 2 4 5
29.0733 0.24738 0.24738 2 4 5
29.0833 0.247356 0.247356 2 4 5
29.0933 0.247331 0.247331 2 4 5
29.1033 0.247307 0.247307 2 4 5
29.1133 0.247283 0.247283 2 4 5
29.1233 0.247258 0.247258 2 4 5
29.1333 0.247234 0.247234 2 4 5
29.1433 0.24721 0.24721 2 4 5
29.1533 0.247186 0.247186 2 4 5
29.1633 0.247161 0.247161 2 4 5
29.1733 0.247137 0.247137 2 4 5
29.1833 0.247113 0.247113 2 4 5
29.1933 0.247089 0.247089 2 4 5
29.2033 0.247065 0.247065 2 4 5
29.2133 0.24704 0.24704 2 4 5
29.2233 0.247016 0.247016 2 4 5
29.2333 0.246992 0.246992 2 4 5
29.2433 0.246968 0.246968 2 4 5
29.2533 0.246944 0.246944 2 4 5
29.2633 0.24692 0.24692 2 4 5
29.2733 0.246896 0.246896 2 4 5
29.2833 0.246872 0.246872 2 4 5
29.2933 0.246847 0.246847 2 4 5
29.3033 0.246823 0.246823 2 4 5
29.3133 0.246799 0.246799 2 4 5
29.3233 0.246775 0.246775 2 4 5
29.3333 0.246751 0.246751 2 4 5
29.3433 0.246727 0.246727 2 4 5
29.3533 0.246703 0.246703 2 4 5
29.3633 0.246679 0.246679 2 4 5
29.3733 0.246655 0.246655 2 4 5
29.3833 0.246631 0.246631 2 4 5
29.3933 0.246607 0.246607 2 4 5
29.4033 0.246583 0.246583 2 4 5
29.4133 0.246559 0.246559 2 4 5
29.4233 0.246535 0.246535 2 4 5
29.4333 0.246511 0.246511 2 4 5
29.4433 0.246488 0.246488 2 4 5
29.4533 0.246464 0.246464 2 4 5
29.4633 0.24644 0.24644 2 4 5
29.4733 0.246416 0.246416 2 4 5
29.4833 0.246392 0.246392 2 4 5
29.4933 0.246368 0.246368 2 4 5
29.5033 0.246344 0.246344 2 4 5
29.5133 0.246321 0.246321 2 4 5
29.5233 0.246297 0.246297 2 4 5
29.5333 0.246273 0.246273 2 4 5
29.5433 0.246249 0.246249 2 4 5
29.5533 0.246225 0.246225 2 4 5
29.5633 0.246202 0.246202 2 4 5
29.5733 0.246178 0.246178 2 4 5
29.5833 0.246154 0.246154 2 4 5
29.5933 0.24613 0.24613 2 4 5
29.6033 0.246107 0.246107 2 4 5
29.6133 0.246083 0.246083 2 4 5
29.6233 0.246059 0.246059 2 4 5
29.6333 0.246036 0.246036 2 4 5
29.6433 0.246012 0.246012 2 4 5
29.6533 0.245988 0.245988 2 4 5
29.6633 0.245965 0.245965 2 4 5
29.6733 0.245941 0.245941 2 4 5
29.6833 0.245917 0.245917 2 4 5
29.6933 0.245894 0.245894 2 4 5
29.7033 0.24587 0.24587 2 4 5
29.7133 0.245846 0.245846 2 4 5
29.7233 0.245823 0.245823 2 4 5
29.7333 0.245799 0.245799 2 4 5
29.7433 0.245776 0.245776 2 4 5
29.7533 0.245752 0.245752 2 4 5
29.7633 0.245729 0.245729 2 4 5
29.7733 0.245705 0.245705 2 4 5
29.7833 0.245682 0.245682 2 4 5
29.7933 0.245658 0.245658 2 4 5
29.8033 0.245635 0.245635 2 4 5
29.8133 0.245611 0.245611 2 4 5
29.8233 0.245588 0.245588 2 4 5
29.8333 0.245564 0.245564 2 4 5
29.8433 0.245541 0.245541 2 4 5
29.8533 0.245517 0.245517 2 4 5
29.8633 0.245494 0.245494 2 4 5
29.8733 0.24547 0.24547 2 4 5
29.8833 0.245447 0.245447 2 4 5
29.8933 0.245424 0.245424 2 4 5
29.9033 0.2454 0.2454 2 4 5
29.9133 0.245377 0.245377 2 4 5
29.9233 0.245353 0.245353 2 4 5
29.9333 0.24533 0.24533 2 4 5
29.9433 0.245307 0.245307 2 4 5
29.9533 0.245283 0.245283 2 4 5
29.9633 0.24526 0.24526 2 4 5
29.9733 0.245237 0.245237 2 4 5
29.9833 0.245213 0.245213 2 4 5
29.9933 0.24519 0.24519 2 4 5
30.0033 0.245167 0.245167 2 4 5
30.0133 0.245144 0.245144 2 4 5
30.0233 0.24512 0.24512 2 4 5
30.0333 0.245097 0.245097 2 4 5
30.0433 0.245074 0.245074 2 4 5
30.0533 0.245051 0.245051 2 4 5
30.0633 0.245028 0.245028 2 4 5
30.0733 0.245004 0.245004 2 4 5
30.0833 0.244981 0.244981 2 4 5
30.0933 0.244958 0.244958 2 4 5
30.1033 0.244935 0.244935 2 4 5
30.1133 0.244912 0.244912 2 4 5
30.1233 0.244889 0.244889 2 4 5
30.1333 0.244865 0.244865 2 4 5
30.1433 0.244842 0.244842 2 4 5
30.1533 0.244819 0.244819 2 4 5
30.1633 0.244796 0.244796 2 4 5
30.1733 0.244773 0.244773 2 4 5
30.1833 0.24475 0.24475 2 4 5
30.1933 0.244727 0.244727 2 4 5
30.2033 0.244704 0.244704 2 4 5
30.2133 0.244681 0.244681 2 4 5
30.2233 0.244658 0.244658 2 4 5
30.2333 0.244635 0.244635 2 4 5
30.2433 0.244612 0.244612 2 4 5
30.2533 0.244589 0.244589 2 4 5
30.2633 0.244566 0.244566 2 4 5
30.2733 0.244543 0.244543 2 4 5
30.2833 0.24452 0.24452 2 4 5
30.2933 0.244497 0.244497 2 4 5
30.3033 0.244474 0.244474 2 4 5
30.3133 0.244451 0.244451 2 4 5
30.3233 0.244428 0.244428 2 4 5
30.3333 0.244405 0.244405 2 4 5
30.3433 0.244382 0.244382 2 4 5
30.3533 0.244359 0.244359 2 4 5
30.3633 0.244336 0.244336 2 4 5
30.3733 0.244313 0.244313 2 4 5
30.3833 0.244291 0.244291 2 4 5
30.3933 0.244268 0.244268 2 4 5
30.4033 0.244245 0.244245 2 4 5
30.4133 0.244222 0.244222 2 4 5
30.4233 0.244199 0.244199 2 4 5
30.4333 0.244176 0.244176 2 4 5
30.4433 0.244154 0.244154 2 4 5
30.4533 0.244131 0.244131 2 4 5
30.4633 0.244108 0.244108 2 4 5
30.4733 0.244085 0.244085 2 4 5
30.4833 0.244063 0.244063 2 4 5
30.4933 0.24404 0.24404 2 4 5
30.5033 0.244017 0.244017 2 4 5
30.5133 0.243994 0.243994 2 4 5
30.5233 0.243972 0.243972 2 4 5
30.5333 0.243949 0.243949 2 4 5
30.5433 0.243926 0.243926 2 4 5
30.5533 0.243904 0.243904 2 4 5
30.5633 0.243881 0.243881 2 4 5
30.5733 0.243858 0.243858 2 4 5
30.5833 0.243836 0.243836 2 4 5
30.5933 0.243813 0.243813 2 4 5
30.6033 0.24379 0.24379 2 4 5
30.6133 0.243768 0.243768 2 4 5
30.6233 0.243745 0.243745 2 4 5
30.6333 0.243722 0.243722 2 4 5
30.6433 0.2437 0.2437 2 4 5
30.6533 0.243677 0.243677 2 4 5
30.6633 0.243655 0.243655 2 4 5
30.6733 0.243632 0.243632 2 4 5
30.6833 0.24361 0.24361 2 4 5
30.6933 0.243587 0.243587 2 4 5
30.7033 0.243565 0.243565 2 4 5
30.7133 0.243542 0.243542 2 4 5
30.7233 0.24352 0.24352 2 4 5
30.7333 0.243497 0.243497 2 4 5
30.7433 0.243475 0.243475 2 4 5
30.7533 0.243452 0.243452 2 4 5
30.7633 0.24343 0.24343 2 4 5
30.7733 0.243407 0.243407 2 4 5
30.7833 0.243385 0.243385 2 4 5
30.7933 0.243362 0.243362 2 4 5
30.8033 0.24334 0.24334 2 4 5
30.8133 0.243318 0.243318 2 4 5
30.8233 0.243295 0.243295 2 4 5
30.8333 0.243273 0.243273 2 4 5
30.8433 0.24325 0.24325 2 4 5
30.8533 0.243228 0.243228 2 4 5
30.8633 0.243206 0.243206 2 4 5
30.8733 0.243183 0.243183 2 4 5
30.8833 0.243161 0.243161 2 4 5
30.8933 0.243139 0.243139 2 4 5
30.9033 0.243116 0.243116 2 4 5
30.9133 0.243094 0.243094 2 4 5
30.9233 0.243072 0.243072 2 4 5
30.9333 0.243049 0.243049 2 4 5
30.9433 0.243027 0.243027 2 4 5
30.9533 0.243005 0.243005 2 4 5
30.9633 0.242983 0.242983 2 4 5
30.9733 0.24296 0.24296 2 4 5
30.9833 0.242938 0.242938 2 4 5
30.9933 0.242916 0.242916 2 4 5
31.0033 0.242894 0.242894 2 4 5
31.0133 0.242871 0.242871 2 4 5
31.0233 0.242849 0.242849 2 4 5
31.0333 0.242827 0.242827 2 4 5
31.0433 0.242805 0.242805 2 4 5
31.0533 0.242783 0.242783 2 4 5
31.0633 0.242761 0.242761 2 4 5
31.0733 0.242738 0.242738 2 4 5
31.0833 0.242716 0.242716 2 4 5
31.0933 0.242694 0.242694 2 4 5
31.1033 0.242672 0.242672 2 4 5
31.1133 0.24265 0.24265 2 4 5
31.1233 0.242628 0.242628 2 4 5
31.1333 0.242606 0.242606 2 4 5
31.1433 0.242584 0.242584 2 4 5
31.1533 0.242562 0.242562 2 4 5
31.1633 0.24254 0.24254 2 4 5
31.1733 0.242518 0.242518 2 4 5
31.1833 0.242496 0.242496 2 4 5
31.1933 0.242474 0.242474 2 4 5
31.2033 0.242451 0.242451 2 4 5
31.2133 0.242429 0.242429 2 4 5
31.2233 0.242408 0.242408 2 4 5
31.2333 0.242386 0.242386 2 4 5
31.2433 0.242364 0.242364 2 4 5
31.2533 0.242342 0.242342 2 4 5
31.2633 0.24232 0.24232 2 4 5
31.2733 0.242298 0.242298 2 4 5
31.2833 0.242276 0.242276 2 4 5
31.2933 0.242254 0.242254 2 4 5
31.3033 0.242232 0.242232 2 4 5
31.3133 0.24221 0.24221 2 4 5
31.3233 0.242188 0.242188 2 4 5
31.3333 0.242166 0.242166 2 4 5
31.3433 0.242144 0.242144 2 4 5
31.3533 0.242122 0.242122 2 4 5
31.3633 0.242101 0.242101 2 4 5
31.3733 0.242078 0.242078 2 4 5
31.3833 0.242057 0.242057 2 4 5
31.3933 0.242035 0.242035 2 4 5
31.4033 0.242014 0.242014 2 4 5
31.4133 0.241992 0.241992 2 4 5
31.4233 0.24197 0.24197 2 4 5
31.4333 0.241948 0.241948 2 4 5
31.4433 0.241926 0.241926 2 4 5
31.4533 0.241904 0.241904 2 4 5
31.4633 0.241883 0.241883 2 4 5
31.4733 0.241861 0.241861 2 4 5
31.4833 0.241839 0.241839 2 4 5
31.4933 0.241817 0.241817 2 4 5
31.5033 0.241796 0.241796 2 4 5
31.5133 0.241774 0.241774 2 4 5
31.5233 0.241752 0.241752 2 4 5
31.5333 0.241731 0.241731 2 4 5
31.5433 0.241709 0.241709 2 4 5
31.5533 0.241687 0.241687 2 4 5
31.5633 0.241666 0.241666 2 4 5
31.5733 0.241644 0.241644 2 4 5
31.5833 0.241622 0.241622 2 4 5
31.5933 0.241601 0.241601 2 4 5
31.6033 0.241579 0.241579 2 4 5
31.6133 0.241557 0.241557 2 4 5
31.6233 0.241536 0.241536 2 4 5
31.6333 0.241514 0.241514 2 4 5
31.6433 0.241493 0.241493 2 4 5
31.6533 0.241471 0.241471 2 4 5
31.6633 0.24145 0.24145 2 4 5
31.6733 0.241428 0.241428 2 4 5
31.6833 0.241406 0.241406 2 4 5
31.6933 0.241385 0.241385 2 4 5
31.7033 0.241363 0.241363 2 4 5
31.7133 0.241342 0.241342 2 4 5
31.7233 0.24132 0.24132 2 4 5
31.7333 0.241299 0.241299 2 4 5
31.7433 0.241277 0.241277 2 4 5
31.7533 0.241256 0.241256 2 4 5
31.7633 0.241234 0.241234 2 4 5
31.7733 0.241213 0.241213 2 4 5
31.7833 0.241192 0.241192 2 4 5
31.7933 0.24117 0.24117 2 4 5
31.8033 0.241149 0.241149 2 4 5
31.8133 0.241127 0.241127 2 4 5
31.8233 0.241106 0.241106 2 4 5
31.8333 0.241084 0.241084 2 4 5
31.8433 0.241063 0.241063 2 4 5
31.8533 0.241042 0.241042 2 4 5
31.8633 0.24102 0.24102 2 4 5
31.8733 0.240999 0.240999 2 4 5
31.8833 0.240978 0.240978 2 4 5
31.8933 0.240956 0.240956 2 4 5
31.9033 0.240935 0.240935 2 4 5
31.9133 0.240914 0.240914 2 4 5
31.9233 0.240892 0.240892 2 4 5
31.9333 0.240871 0.240871 2 4 5
31.9433 0.24085 0.24085 2 4 5
31.9533 0.240828 0.240828 2 4 5
31.9633 0.240807 0.240807 2 4 5
31.9733 0.240786 0.240786 2 4 5
31.9833 0.240765 0.240765 2 4 5
31.9933 0.240743 0.240743 2 4 5
32.0033 0.240722 0.240722 2 4 5
32.0133 0.240701 0.240701 2 4 5
32.0233 0.24068 0.24068 2 4 5
32.0333 0.240658 0.240658 2 4 5
32.0433 0.240637 0.240637 2 4 5
32.0533 0.240616 0.240616 2 4 5
32.0633 0.240595 0.240595 2 4 5
32.0733 0.240574 0.240574 2 4 5
32.0833 0.240553 0.240553 2 4 5
32.0933 0.240531 0.240531 2 4 5
32.1033 0.24051 0.24051 2 4 5
32.1133 0.240489 0.240489 2 4 5
32.1233 0.240468 0.240468 2 4 5
32.1333 0.240447 0.240447 2 4 5
32.1433 0.240426 0.240426 2 4 5
32.1533 0.240405 0.240405 2 4 5
32.1633 0.240384 0.240384 2 4 5
32.1733 0.240362 0.240362 2 4 5
32.1833 0.240341 0.240341 2 4 5
32.1933 0.24032 0.24032 2 4 5
32.2033 0.240299 0.240299 2 4 5
32.2133 0.240278 0.240278 2 4 5
32.2233 0.240257 0.240257 2 4 5
32.2333 0.240236 0.240236 2 4 5
32.2433 0.240215 0.240215 2 4 5
32.2533 0.240194 0.240194 2 4 5
32.2633 0.240173 0.240173 2 4 5
32.2733 0.240152 0.240152 2 4 5
32.2833 0.240131 0.240131 2 4 5
32.2933 0.24011 0.24011 2 4 5
32.3033 0.240089 0.240089 2 4 5
32.3133 0.240068 0.240068 2 4 5
32.3233 0.240047 0.240047 2 4 5
32.3333 0.240026 0.240026 2 4 5
32.3433 0.240005 0.240005 2 4 5
32.3533 0.239985 0.239985 2 4 5
32.3633 0.239964 0.239964 2 4 5
32.3733 0.239943 0.239943 2 4 5
32.3833 0.239922 0.239922 2 4 5
32.3933 0.239901 0.239901 2 4 5
32.4033 0.23988 0.23988 2 4 5
32.4133 0.239859 0.239859 2 4 5
32.4233 0.239838 0.239838 2 4 5
32.4333 0.239818 0.239818 2 4 5
32.4433 0.239797 0.239797 2 4 5
32.4533 0.239776 0.239776 2 4 5
32.4633 0.239755 0.239755 2 4 5
32.4733 0.239734 0.239734 2 4 5
32.4833 0.239713 0.239713 2 4 5
32.4933 0.239693 0.239693 2 4 5
32.5033 0.239672 0.239672 2 4 5
32.5133 0.239651 0.239651 2 4 5
32.5233 0.23963 0.23963 2 4 5
32.5333 0.23961 0.23961 2 4 5
32.5433 0.239589 0.239589 2 4 5
32.5533 0.239568 0.239568 2 4 5
32.5633 0.239547 0.239547 2 4 5
32.5733 0.239527 0.239527 2 4 5
32.5833 0.239506 0.239506 2 4 5
32.5933 0.239485 0.239485 2 4 5
32.6033 0.239465 0.239465 2 4 5
32.6133 0.239444 0.239444 2 4 5
32.6233 0.239423 0.239423 2 4 5
32.6333 0.239403 0.239403 2 4 5
32.6433 0.239382 0.239382 2 4 5
32.6533 0.239361 0.239361 2 4 5
32.6633 0.239341 0.239341 2 4 5
32.6733 0.23932 0.23932 2 4 5
32.6833 0.239299 0.239299 2 4 5
32.6933 0.239279 0.239279 2 4 5
32.7033 0.239258 0.239258 2 4 5
32.7133 0.239238 0.239238 2 4 5
32.7233 0.239217 0.239217 2 4 5
32.7333 0.239196 0.239196 2 4 5
32.7433 0.239176 0.239176 2 4 5
32.7533 0.239155 0.239155 2 4 5
32.7633 0.239135 0.239135 2 4 5
32.7733 0.239114 0.239114 2 4 5
32.7833 0.239094 0.239094 2 4 5
32.7933 0.239073 0.239073 2 4 5
32.8033 0.239053 0.239053 2 4 5
32.8133 0.239032 0.239032 2 4 5
32.8233 0.239012 0.239012 2 4 5
32.8333 0.238991 0.238991 2 4 5
32.8433 0.238971 0.238971 2 4 5
32.8533 0.23895 0.23895 2 4 5
32.8633 0.23893 0.23893 2 4 5
32.8733 0.238909 0.238909 2 4 5
32.8833 0.238889 0.238889 2 4 5
32.8933 0.238868 0.238868 2 4 5
32.9033 0.238848 0.238848 2 4 5
32.9133 0.238828 0.238828 2 4 5
32.9233 0.238807 0.238807 2 4 5
32.9333 0.238787 0.238787 2 4 5
32.9433 0.238766 0.238766 2 4 5
32.9533 0.238746 0.238746 2 4 5
32.9633 0.238726 0.238726 2 4 5
32.9733 0.238705 0.238705 2 4 5
32.9833 0.238685 0.238685 2 4 5
32.9933 0.238665 0.238665 2 4 5
33.0033 0.238644 0.238644 2 4 5
33.0133 0.238624 0.238624 2 4 5
33.0233 0.238604 0.238604 2 4 5
33.0333 0.238583 0.238583 2 4 5
33.0433 0.238563 0.238563 2 4 5
33.0533 0.238543 0.238543 2 4 5
33.0633 0.238522 0.238522 2 4 5
33.0733 0.238502 0.238502 2 4 5
33.0833 0.238482 0.238482 2 4 5
33.0933 0.238462 0.238462 2 4 5
33.1033 0.238441 0.238441 2 4 5
33.1133 0.238421 0.238421 2 4 5
33.1233 0.238401 0.238401 2 4 5
33.1333 0.238381 0.238381 2 4 5
33.1433 0.23836 0.23836 2 4 5
33.1533 0.23834 0.23834 2 4 5
33.1633 0.23832 0.23832 2 4 5
33.1733 0.2383 0.2383 2 4 5
33.1833 0.23828 0.23828 2 4 5
33.1933 0.238259 0.238259 2 4 5
33.2033 0.238239 0.238239 2 4 5
33.2133 0.238219 0.238219 2 4 5
33.2233 0.238199 0.238199 2 4 5
33.2333 0.238179 0.238179 2 4 5
33.2433 0.238159 0.238159 2 4 5
33.2533 0.238139 0.238139 2 4 5
33.2633 0.238118 0.238118 2 4 5
33.2733 0.238098 0.238098 2 4 5
33.2833 0.238078 0.238078 2 4 5
33.2933 0.238058 0.238058 2 4 5
33.3033 0.238038 0.238038 2 4 5
33.3133 0.238018 0.238018 2 4 5
33.3233 0.237998 0.237998 2 4 5
33.3333 0.237978 0.237978 2 4 5
33.3433 0.237958 0.237958 2 4 5
33.3533 0.237938 0.237938 2 4 5
33.3633 0.237918 0.237918 2 4 5
33.3733 0.237898 0.237898 2 4 5
33.3833 0.237878 0.237878 2 4 5
33.3933 0.237858 0.237858 2 4 5
33.4033 0.237838 0.237838 2 4 5
33.4133 0.237818 0.237818 2 4 5
33.4233 0.237798 0.237798 2 4 5
33.4333 0.237778 0.237778 2 4 5
33.4433 0.237758 0.237758 2 4 5
33.4533 0.237738 0.237738 2 4 5
33.4633 0.237718 0.237718 2 4 5
33.4733 0.237698 0.237698 2 4 5
33.4833 0.237678 0.237678 2 4 5
33.4933 0.237658 0.237658 2 4 5
33.5033 0.237638 0.237638 2 4 5
33.5133 0.237618 0.237618 2 4 5
33.5233 0.237598 0.237598 2 4 5
33.5333 0.237579 0.237579 2 4 5
33.5433 0.237559 0.237559 2 4 5
33.5533 0.237539 0.237539 2 4 5
33.5633 0.237519 0.237519 2 4 5
33.5733 0.237499 0.237499 2 4 5
33.5833 0.237479 0.237479 2 4 5
33.5933 0.237459 0.237459 2 4 5
33.6033 0.23744 0.23744 2 4 5
33.6133 0.23742 0.23742 2 4 5
33.6233 0.2374 0.2374 2 4 5
33.6333 0.23738 0.23738 2 4 5
33.6433 0.23736 0.23736 2 4 5
33.6533 0.23734 0.23734 2 4 5
33.6633 0.237321 0.237321 2 4 5
33.6733 0.237301 0.237301 2 4 5
33.6833 0.237281 0.237281 2 4 5
33.6933 0.237261 0.237261 2 4 5
33.7033 0.237242 0.237242 2 4 5
33.7133 0.237222 0.237222 2 4 5
33.7233 0.237202 0.237202 2 4 5
33.7333 0.237182 0.237182 2 4 5
33.7433 0.237163 0.237163 2 4 5
33.7533 0.237143 0.237143 2 4 5
33.7633 0.237123 0.237123 2 4 5
33.7733 0.237104 0.237104 2 4 5
33.7833 0.237084 0.237084 2 4 5
33.7933 0.237064 0.237064 2 4 5
33.8033 0.237045 0.237045 2 4 5
33.8133 0.237025 0.237025 2 4 5
33.8233 0.237005 0.237005 2 4 5
33.8333 0.236986 0.236986 2 4 5
33.8433 0.236966 0.236966 2 4 5
33.8533 0.236946 0.236946 2 4 5
33.8633 0.236927 0.236927 2 4 5
33.8733 0.236907 0.236907 2 4 5
33.8833 0.236888 0.236888 2 4 5
33.8933 0.236868 0.236868 2 4 5
33.9033 0.236848 0.236848 2 4 5
33.9133 0.236829 0.236829 2 4 5
33.9233 0.236809 0.236809 2 4 5
33.9333 0.23679 0.23679 2 4 5
33.9433 0.23677 0.23677 2 4 5
33.9533 0.236751 0.236751 2 4 5
33.9633 0.236731 0.236731 2 4 5
33.9733 0.236712 0.236712 2 4 5
33.9833 0.236692 0.236692 2 4 5
33.9933 0.236673 0.236673 2 4 5
34.0033 0.236653 0.236653 2 4 5
34.0133 0.236634 0.236634 2 4 5
34.0233 0.236614 0.236614 2 4 5
34.0333 0.236595 0.236595 2 4 5
34.0433 0.236575 0.236575 2 4 5
34.0533 0.236556 0.236556 2 4 5
34.0633 0.236536 0.236536 2 4 5
34.0733 0.236517 0.236517 2 4 5
34.0833 0.236497 0.236497 2 4 5
34.0933 0.236478 0.236478 2 4 5
34.1033 0.236458 0.236458 2 4 5
34.1133 0.236439 0.236439 2 4 5
34.1233 0.23642 0.23642 2 4 5
34.1333 0.2364 0.2364 2 4 5
34.1433 0.236381 0.236381 2 4 5
34.1533 0.236361 0.236361 2 4 5
34.1633 0.236342 0.236342 2 4 5
34.1733 0.236323 0.236323 2 4 5
34.1833 0.236303 0.236303 2 4 5
34.1933 0.236284 0.236284 2 4 5
34.2033 0.236265 0.236265 2 4 5
34.2133 0.236245 0.236245 2 4 5
34.2233 0.236226 0.236226 2 4 5
34.2333 0.236207 0.236207 2 4 5
34.2433 0.236187 0.236187 2 4 5
34.2533 0.236168 0.236168 2 4 5
34.2633 0.236149 0.236149 2 4 5
34.2733 0.236129 0.236129 2 4 5
34.2833 0.23611 0.23611 2 4 5
34.2933 0.236091 0.236091 2 4 5
34.3033 0.236072 0.236072 2 4 5
34.3133 0.236052 0.236052 2 4 5
34.3233 0.236033 0.236033 2 4 5
34.3333 0.236014 0.236014 2 4 5
34.3433 0.235995 0.235995 2 4 5
34.3533 0.235975 0.235975 2 4 5
34.3633 0.235956 0.235956 2 4 5
34.3733 0.235937 0.235937 2 4 5
34.3833 0.235918 0.235918 2 4 5
34.3933 0.235899 0.235899 2 4 5
34.4033 0.235879 0.235879 2 4 5
34.4133 0.23586 0.23586 2 4 5
34.4233 0.235841 0.235841 2 4 5
34.4333 0.235822 0.235822 2 4 5
34.4433 0.235803 0.235803 2 4 5
34.4533 0.235784 0.235784 2 4 5
34.4633 0.235764 0.235764 2 4 5
34.4733 0.235745 0.235745 2 4 5
34.4833 0.235726 0.235726 2 4 5
34.4933 0.235707 0.235707 2 4 5
34.5033 0.235688 0.235688 2 4 5
34.5133 0.235669 0.235669 2 4 5
34.5233 0.23565 0.23565 2 4 5
34.5333 0.235631 0.235631 2 4 5
34.5433 0.235612 0.235612 2 4 5
34.5533 0.235593 0.235593 2 4 5
34.5633 0.235573 0.235573 2 4 5
34.5733 0.235554 0.235554 2 4 5
34.5833 0.235535 0.235535 2 4 5
34.5933 0.235516 0.235516 2 4 5
34.6033 0.235497 0.235497 2 4 5
34.6133 0.235478 0.235478 2 4 5
34.6233 0.235459 0.235459 2 4 5
34.6333 0.23544 0.23544 2 4 5
34.6433 0.235421 0.235421 2 4 5
34.6533 0.235402 0.235402 2 4 5
34.6633 0.235383 0.235383 2 4 5
34.6733 0.235364 0.235364 2 4 5
34.6833 0.235345 0.235345 2 4 5
34.6933 0.235326 0.235326 2 4 5
34.7033 0.235307 0.235307 2 4 5
34.7133 0.235288 0.235288 2 4 5
34.7233 0.235269 0.235269 2 4 5
34.7333 0.235251 0.235251 2 4 5
34.7433 0.235232 0.235232 2 4 5
34.7533 0.235213 0.235213 2 4 5
34.7633 0.235194 0.235194 2 4 5
34.7733 0.235175 0.235175 2 4 5
34.7833 0.235156 0.235156 2 4 5
34.7933 0.235137 0.235137 2 4 5
34.8033 0.235118 0.235118 2 4 5
34.8133 0.235099 0.235099 2 4 5
34.8233 0.235081 0.235081 2 4 5
34.8333 0.235062 0.235062 2 4 5
34.8433 0.235043 0.235043 2 4 5
34.8533 0.235024 0.235024 2 4 5
34.8633 0.235005 0.235005 2 4 5
34.8733 0.234986 0.234986 2 4 5
34.8833 0.234967 0.234967 2 4 5
34.8933 0.234949 0.234949 2 4 5
34.9033 0.23493 0.23493 2 4 5
34.9133 0.234911 0.234911 2 4 5
34.9233 0.234892 0.234892 2 4 5
34.9333 0.234873 0.234873 2 4 5
34.9433 0.234855 0.234855 2 4 5
34.9533 0.234836 0.234836 2 4 5
34.9633 0.234817 0.234817 2 4 5
34.9733 0.234798 0.234798 2 4 5
34.9833 0.23478 0.23478 2 4 5
34.9933 0.234761 0.234761 2 4 5
35.0033 0.234742 0.234742 2 4 5
35.0133 0.234724 0.234724 2 4 5
35.0233 0.234705 0.234705 2 4 5
35.0333 0.234686 0.234686 2 4 5
35.0433 0.234667 0.234667 2 4 5
35.0533 0.234649 0.234649 2 4 5
35.0633 0.23463 0.23463 2 4 5
35.0733 0.234611 0.234611 2 4 5
35.0833 0.234593 0.234593 2 4 5
35.0933 0.234574 0.234574 2 4 5
35.1033 0.234555 0.234555 2 4 5
35.1133 0.234537 0.234537 2 4 5
35.1233 0.234518 0.234518 2 4 5
35.1333 0.234499 0.234499 2 4 5
35.1433 0.234481 0.234481 2 4 5
35.1533 0.234462 0.234462 2 4 5
35.1633 0.234444 0.234444 2 4 5
35.1733 0.234425 0.234425 2 4 5
35.1833 0.234406 0.234406 2 4 5
35.1933 0.234388 0.234388 2 4 5
35.2033 0.234369 0.234369 2 4 5
35.2133 0.234351 0.234351 2 4 5
35.2233 0.234332 0.234332 2 4 5
35.2333 0.234314 0.234314 2 4 5
35.2433 0.234295 0.234295 2 4 5
35.2533 0.234276 0.234276 2 4 5
35.2633 0.234258 0.234258 2 4 5
35.2733 0.234239 0.234239 2 4 5
35.2833 0.234221 0.234221 2 4 5
35.2933 0.234202 0.234202 2 4 5
35.3033 0.234184 0.234184 2 4 5
35.3133 0.234165 0.234165 2 4 5
35.3233 0.234147 0.234147 2 4 5
35.3333 0.234128 0.234128 2 4 5
35.3433 0.23411 0.23411 2 4 5
35.3533 0.234091 0.234091 2 4 5
35.3633 0.234073 0.234073 2 4 5
35.3733 0.234054 0.234054 2 4 5
35.3833 0.234036 0.234036 2 4 5
35.3933 0.234018 0.234018 2 4 5
35.4033 0.233999 0.233999 2 4 5
35.4133 0.233981 0.233981 2 4 5
35.4233 0.233962 0.233962 2 4 5
35.4333 0.233944 0.233944 2 4 5
35.4433 0.233925 0.233925 2 4 5
35.4533 0.233907 0.233907 2 4 5
35.4633 0.233889 0.233889 2 4 5
35.4733 0.23387 0.23387 2 4 5
35.4833 0.233852 0.233852 2 4 5
35.4933 0.233834 0.233834 2 4 5
35.5033 0.233815 0.233815 2 4 5
35.5133 0.233797 0.233797 2 4 5
35.5233 0.233778 0.233778 2 4 5
35.5333 0.23376 0.23376 2 4 5
35.5433 0.233742 0.233742 2 4 5
35.5533 0.233723 0.233723 2 4 5
35.5633 0.233705 0.233705 2 4 5
35.5733 0.233687 0.233687 2 4 5
35.5833 0.233669 0.233669 2 4 5
35.5933 0.23365 0.23365 2 4 5
35.6033 0.233632 0.233632 2 4 5
35.6133 0.233614 0.233614 2 4 5
35.6233 0.233595 0.233595 2 4 5
35.6333 0.233577 0.233577 2 4 5
35.6433 0.233559 0.233559 2 4 5
35.6533 0.233541 0.233541 2 4 5
35.6633 0.233522 0.233522 2 4 5
35.6733 0.233504 0.233504 2 4 5
35.6833 0.233486 0.233486 2 4 5
35.6933 0.233468 0.233468 2 4 5
35.7033 0.233449 0.233449 2 4 5
35.7133 0.233431 0.233431 2 4 5
35.7233 0.233413 0.233413 2 4 5
35.7333 0.233395 0.233395 2 4 5
35.7433 0.233377 0.233377 2 4 5
35.7533 0.233358 0.233358 2 4 5
35.7633 0.23334 0.23334 2 4 5
35.7733 0.233322 0.233322 2 4 5
35.7833 0.233304 0.233304 2 4 5
35.7933 0.233286 0.233286 2 4 5
35.8033 0.233268 0.233268 2 4 5
35.8133 0.23325 0.23325 2 4 5
35.8233 0.233231 0.233231 2 4 5
35.8333 0.233213 0.233213 2 4 5
35.8433 0.233195 0.233195 2 4 5
35.8533 0.233177 0.233177 2 4 5
35.8633 0.233159 0.233159 2 4 5
35.8733 0.233141 0.233141 2 4 5
35.8833 0.233123 0.233123 2 4 5
35.8933 0.233105 0.233105 2 4 5
35.9033 0.233087 0.233087 2 4 5
35.9133 0.233069 0.233069 2 4 5
35.9233 0.23305 0.23305 2 4 5
35.9333 0.233032 0.233032 2 4 5
35.9433 0.233014 0.233014 2 4 5
35.9533 0.232996 0.232996 2 4 5
35.9633 0.232978 0.232978 2 4 5
35.9733 0.23296 0.23296 2 4 5
35.9833 0.232942 0.232942 2 4 5
35.9933 0.232924 0.232924 2 4 5
36.0033 0.232906 0.232906 2 4 5
36.0133 0.232888 0.232888 2 4 5
36.0233 0.23287 0.23287 2 4 5
36.0333 0.232852 0.232852 2 4 5
36.0433 0.232834 0.232834 2 4 5
36.0533 0.232816 0.232816 2 4 5
36.0633 0.232798 0.232798 2 4 5
36.0733 0.23278 0.23278 2 4 5
36.0833 0.232762 0.232762 2 4 5
36.0933 0.232744 0.232744 2 4 5
36.1033 0.232726 0.232726 2 4 5
36.1133 0.232709 0.232709 2 4 5
36.1233 0.232691 0.232691 2 4 5
36.1333 0.232673 0.232673 2 4 5
36.1433 0.232655 0.232655 2 4 5
36.1533 0.232637 0.232637 2 4 5
36.1633 0.232619 0.232619 2 4 5
36.1733 0.232601 0.232601 2 4 5
36.1833 0.232583 0.232583 2 4 5
36.1933 0.232565 0.232565 2 4 5
36.2033 0.232547 0.232547 2 4 5
36.2133 0.23253 0.23253 2 4 5
36.2233 0.232512 0.232512 2 4 5
36.2333 0.232494 0.232494 2 4 5
36.2433 0.232476 0.232476 2 4 5
36.2533 0.232458 0.232458 2 4 5
36.2633 0.23244 0.23244 2 4 5
36.2733 0.232423 0.232423 2 4 5
36.2833 0.232405 0.232405 2 4 5
36.2933 0.232387 0.232387 2 4 5
36.3033 0.232369 0.232369 2 4 5
36.3133 0.232351 0.232351 2 4 5
36.3233 0.232334 0.232334 2 4 5
36.3333 0.232316 0.232316 2 4 5
36.3433 0.232298 0.232298 2 4 5
36.3533 0.23228 0.23228 2 4 5
36.3633 0.232262 0.232262 2 4 5
36.3733 0.232245 0.232245 2 4 5
36.3833 0.232227 0.232227 2 4 5
36.3933 0.232209 0.232209 2 4 5
36.4033 0.232192 0.232192 2 4 5
36.4133 0.232174 0.232174 2 4 5
36.4233 0.232156 0.232156 2 4 5
36.4333 0.232138 0.232138 2 4 5
36.4433 0.232121 0.232121 2 4 5
36.4533 0.232103 0.232103 2 4 5
36.4633 0.232085 0.232085 2 4 5
36.4733 0.232068 0.232068 2 4 5
36.4833 0.23205 0.23205 2 4 5
36.4933 0.232032 0.232032 2 4 5
36.5033 0.232015 0.232015 2 4 5
36.5133 0.231997 0.231997 2 4 5
36.5233 0.231979 0.231979 2 4 5
36.5333 0.231962 0.231962 2 4 5
36.5433 0.231944 0.231944 2 4 5
36.5533 0.231926 0.231926 2 4 5
36.5633 0.231909 0.231909 2 4 5
36.5733 0.231891 0.231891 2 4 5
36.5833 0.231873 0.231873 2 4 5
36.5933 0.231856 0.231856 2 4 5
36.6033 0.231838 0.231838 2 4 5
36.6133 0.231821 0.231821 2 4 5
36.6233 0.231803 0.231803 2 4 5
36.6333 0.231786 0.231786 2 4 5
36.6433 0.231768 0.231768 2 4 5
36.6533 0.23175 0.23175 2 4 5
36.6633 0.231733 0.231733 2 4 5
36.6733 0.231715 0.231715 2 4 5
36.6833 0.231698 0.231698 2 4 5
36.6933 0.23168 0.23168 2 4 5
36.7033 0.231663 0.231663 2 4 5
36.7133 0.231645 0.231645 2 4 5
36.7233 0.231628 0.231628 2 4 5
36.7333 0.23161 0.23161 2 4 5
36.7433 0.231593 0.231593 2 4 5
36.7533 0.231575 0.231575 2 4 5
36.7633 0.231558 0.231558 2 4 5
36.7733 0.23154 0.23154 2 4 5
36.7833 0.231523 0.231523 2 4 5
36.7933 0.231505 0.231505 2 4 5
36.8033 0.231488 0.231488 2 4 5
36.8133 0.23147 0.23147 2 4 5
36.8233 0.231453 0.231453 2 4 5
36.8333 0.231435 0.231435 2 4 5
36.8433 0.231418 0.231418 2 4 5
36.8533 0.2314 0.2314 2 4 5
36.8633 0.231383 0.231383 2 4 5
36.8733 0.231366 0.231366 2 4 5
36.8833 0.231348 0.231348 2 4 5
36.8933 0.231331 0.231331 2 4 5
36.9033 0.231313 0.231313 2 4 5
36.9133 0.231296 0.231296 2 4 5
36.9233 0.231279 0.231279 2 4 5
36.9333 0.231261 0.231261 2 4 5
36.9433 0.231244 0.231244 2 4 5
36.9533 0.231226 0.231226 2 4 5
36.9633 0.231209 0.231209 2 4 5
36.9733 0.231192 0.231192 2 4 5
36.9833 0.231174 0.231174 2 4 5
36.9933 0.231157 0.231157 2 4 5
37.0033 0.23114 0.23114 2 4 5
37.0133 0.231122 0.231122 2 4 5
37.0233 0.231105 0.231105 2 4 5
37.0333 0.231088 0.231088 2 4 5
37.0433 0.23107 0.23107 2 4 5
37.0533 0.231053 0.231053 2 4 5
37.0633 0.231036 0.231036 2 4 5
37.0733 0.231019 0.231019 2 4 5
37.0833 0.231001 0.231001 2 4 5
37.0933 0.230984 0.230984 2 4 5
37.1033 0.230967 0.230967 2 4 5
37.1133 0.230949 0.230949 2 4 5
37.1233 0.230932 0.230932 2 4 5
37.1333 0.230915 0.230915 2 4 5
37.1433 0.230898 0.230898 2 4 5
37.1533 0.23088 0.23088 2 4 5
37.1633 0.230863 0.230863 2 4 5
37.1733 0.230846 0.230846 2 4 5
37.1833 0.230829 0.230829 2 4 5
37.1933 0.230812 0.230812 2 4 5
37.2033 0.230794 0.230794 2 4 5
37.2133 0.230777 0.230777 2 4 5
37.2233 0.23076 0.23076 2 4 5
37.2333 0.230743 0.230743 2 4 5
37.2433 0.230726 0.230726 2 4 5
37.2533 0.230708 0.230708 2 4 5
37.2633 0.230691 0.230691 2 4 5
37.2733 0.230674 0.230674 2 4 5
37.2833 0.230657 0.230657 2 4 5
37.2933 0.23064 0.23064 2 4 5
37.3033 0.230623 0.230623 2 4 5
37.3133 0.230606 0.230606 2 4 5
37.3233 0.230588 0.230588 2 4 5
37.3333 0.230571 0.230571 2 4 5
37.3433 0.230554 0.230554 2 4 5
37.3533 0.230537 0.230537 2 4 5
37.3633 0.23052 0.23052 2 4 5
37.3733 0.230503 0.230503 2 4 5
37.3833 0.230486 0.230486 2 4 5
37.3933 0.230469 0.230469 2 4 5
37.4033 0.230451 0.230451 2 4 5
37.4133 0.230434 0.230434 2 4 5
37.4233 0.230417 0.230417 2 4 5
37.4333 0.2304 0.2304 2 4 5
37.4433 0.230383 0.230383 2 4 5
37.4533 0.230366 0.230366 2 4 5
37.4633 0.230349 0.230349 2 4 5
37.4733 0.230332 0.230332 2 4 5
37.4833 0.230315 0.230315 2 4 5
37.4933 0.230298 0.230298 2 4 5
37.5033 0.230281 0.230281 2 4 5
37.5133 0.230264 0.230264 2 4 5
37.5233 0.230247 0.230247 2 4 5
37.5333 0.23023 0.23023 2 4 5
37.5433 0.230213 0.230213 2 4 5
37.5533 0.230196 0.230196 2 4 5
37.5633 0.230179 0.230179 2 4 5
37.5733 0.230162 0.230162 2 4 5
37.5833 0.230145 0.230145 2 4 5
37.5933 0.230128 0.230128 2 4 5
37.6033 0.230111 0.230111 2 4 5
37.6133 0.230094 0.230094 2 4 5
37.6233 0.230077 0.230077 2 4 5
37.6333 0.230061 0.230061 2 4 5
37.6433 0.230044 0.230044 2 4 5
37.6533 0.230027 0.230027 2 4 5
37.6633 0.23001 0.23001 2 4 5
37.6733 0.229993 0.229993 2 4 5
37.6833 0.229976 0.229976 2 4 5
37.6933 0.229959 0.229959 2 4 5
37.7033 0.229942 0.229942 2 4 5
37.7133 0.229925 0.229925 2 4 5
37.7233 0.229908 0.229908 2 4 5
37.7333 0.229892 0.229892 2 4 5
37.7433 0.229875 0.229875 2 4 5
37.7533 0.229858 0.229858 2 4 5
37.7633 0.229841 0.229841 2 4 5
37.7733 0.229824 0.229824 2 4 5
37.7833 0.229807 0.229807 2 4 5
37.7933 0.22979 0.22979 2 4 5
37.8033 0.229774 0.229774 2 4 5
37.8133 0.229757 0.229757 2 4 5
37.8233 0.22974 0.22974 2 4 5
37.8333 0.229723 0.229723 2 4 5
37.8433 0.229706 0.229706 2 4 5
37.8533 0.22969 0.22969 2 4 5
37.8633 0.229673 0.229673 2 4 5
37.8733 0.229656 0.229656 2 4 5
37.8833 0.229639 0.229639 2 4 5
37.8933 0.229622 0.229622 2 4 5
37.9033 0.229606 0.229606 2 4 5
37.9133 0.229589 0.229589 2 4 5
37.9233 0.229572 0.229572 2 4 5
37.9333 0.229555 0.229555 2 4 5
37.9433 0.229539 0.229539 2 4 5
37.9533 0.229522 0.229522 2 4 5
37.9633 0.229505 0.229505 2 4 5
37.9733 0.229488 0.229488 2 4 5
37.9833 0.229472 0.229472 2 4 5
37.9933 0.229455 0.229455 2 4 5
38.0033 0.229438 0.229438 2 4 5
38.0133 0.229422 0.229422 2 4 5
38.0233 0.229405 0.229405 2 4 5
38.0333 0.229388 0.229388 2 4 5
38.0433 0.229372 0.229372 2 4 5
38.0533 0.229355 0.229355 2 4 5
38.0633 0.229338 0.229338 2 4 5
38.0733 0.229322 0.229322 2 4 5
38.0833 0.229305 0.229305 2 4 5
38.0933 0.229288 0.229288 2 4 5
38.1033 0.229272 0.229272 2 4 5
38.1133 0.229255 0.229255 2 4 5
38.1233 0.229238 0.229238 2 4 5
38.1333 0.229222 0.229222 2 4 5
38.1433 0.229205 0.229205 2 4 5
38.1533 0.229188 0.229188 2 4 5
38.1633 0.229172 0.229172 2 4 5
38.1733 0.229155 0.229155 2 4 5
38.1833 0.229139 0.229139 2 4 5
38.1933 0.229122 0.229122 2 4 5
38.2033 0.229105 0.229105 2 4 5
38.2133 0.229089 0.229089 2 4 5
38.2233 0.229072 0.229072 2 4 5
38.2333 0.229056 0.229056 2 4 5
38.2433 0.229039 0.229039 2 4 5
38.2533 0.229023 0.229023 2 4 5
38.2633 0.229006 0.229006 2 4 5
38.2733 0.22899 0.22899 2 4 5
38.2833 0.228973 0.228973 2 4 5
38.2933 0.228956 0.228956 2 4 5
38.3033 0.22894 0.22894 2 4 5
38.3133 0.228923 0.228923 2 4 5
38.3233 0.228907 0.228907 2 4 5
38.3333 0.22889 0.22889 2 4 5
38.3433 0.228874 0.228874 2 4 5
38.3533 0.228857 0.228857 2 4 5
38.3633 0.228841 0.228841 2 4 5
38.3733 0.228824 0.228824 2 4 5
38.3833 0.228808 0.228808 2 4 5
38.3933 0.228791 0.228791 2 4 5
38.4033 0.228775 0.228775 2 4 5
38.4133 0.228759 0.228759 2 4 5
38.4233 0.228742 0.228742 2 4 5
38.4333 0.228726 0.228726 2 4 5
38.4433 0.228709 0.228709 2 4 5
38.4533 0.228693 0.228693 2 4 5
38.4633 0.228676 0.228676 2 4 5
38.4733 0.22866 0.22866 2 4 5
38.4833 0.228643 0.228643 2 4 5
38.4933 0.228627 0.228627 2 4 5
38.5033 0.228611 0.228611 2 4 5
38.5133 0.228594 0.228594 2 4 5
38.5233 0.228578 0.228578 2 4 5
38.5333 0.228561 0.228561 2 4 5
38.5433 0.228545 0.228545 2 4 5
38.5533 0.228529 0.228529 2 4 5
38.5633 0.228512 0.228512 2 4 5
38.5733 0.228496 0.228496 2 4 5
38.5833 0.22848 0.22848 2 4 5
38.5933 0.228463 0.228463 2 4 5
38.6033 0.228447 0.228447 2 4 5
38.6133 0.228431 0.228431 2 4 5
38.6233 0.228414 0.228414 2 4 5
38.6333 0.228398 0.228398 2 4 5
38.6433 0.228382 0.228382 2 4 5
38.6533 0.228365 0.228365 2 4 5
38.6633 0.228349 0.228349 2 4 5
38.6733 0.228333 0.228333 2 4 5
38.6833 0.228316 0.228316 2 4 5
38.6933 0.2283 0.2283 2 4 5
38.7033 0.228284 0.228284 2 4 5
38.7133 0.228267 0.228267 2 4 5
38.7233 0.228251 0.228251 2 4 5
38.7333 0.228235 0.228235 2 4 5
38.7433 0.228219 0.228219 2 4 5
38.7533 0.228202 0.228202 2 4 5
38.7633 0.228186 0.228186 2 4 5
38.7733 0.22817 0.22817 2 4 5
38.7833 0.228154 0.228154 2 4 5
38.7933 0.228137 0.228137 2 4 5
38.8033 0.228121 0.228121 2 4 5
38.8133 0.228105 0.228105 2 4 5
38.8233 0.228089 0.228089 2 4 5
38.8333 0.228073 0.228073 2 4 5
38.8433 0.228056 0.228056 2 4 5
38.8533 0.22804 0.22804 2 4 5
38.8633 0.228024 0.228024 2 4 5
38.8733 0.228008 0.228008 2 4 5
38.8833 0.227992 0.227992 2 4 5
38.8933 0.227975 0.227975 2 4 5
38.9033 0.227959 0.227959 2 4 5
38.9133 0.227943 0.227943 2 4 5
38.9233 0.227927 0.227927 2 4 5
38.9333 0.227911 0.227911 2 4 5
38.9433 0.227895 0.227895 2 4 5
38.9533 0.227878 0.227878 2 4 5
38.9633 0.227862 0.227862 2 4 5
38.9733 0.227846 0.227846 2 4 5
38.9833 0.22783 0.22783 2 4 5
38.9933 0.227814 0.227814 2 4 5
39.0033 0.227798 0.227798 2 4 5
39.0133 0.227782 0.227782 2 4 5
39.0233 0.227766 0.227766 2 4 5
39.0333 0.227749 0.227749 2 4 5
39.0433 0.227733 0.227733 2 4 5
39.0533 0.227717 0.227717 2 4 5
39.0633 0.227701 0.227701 2 4 5
39.0733 0.227685 0.227685 2 4 5
39.0833 0.227669 0.227669 2 4 5
39.0933 0.227653 0.227653 2 4 5
39.1033 0.227637 0.227637 2 4 5
39.1133 0.227621 0.227621 2 4 5
39.1233 0.227605 0.227605 2 4 5
39.1333 0.227589 0.227589 2 4 5
39.1433 0.227573 0.227573 2 4 5
39.1533 0.227557 0.227557 2 4 5
39.1633 0.227541 0.227541 2 4 5
39.1733 0.227525 0.227525 2 4 5
39.1833 0.227509 0.227509 2 4 5
39.1933 0.227493 0.227493 2 4 5
39.2033 0.227477 0.227477 2 4 5
39.2133 0.227461 0.227461 2 4 5
39.2233 0.227445 0.227445 2 4 5
39.2333 0.227429 0.227429 2 4 5
39.2433 0.227413 0.227413 2 4 5
39.2533 0.227397 0.227397 2 4 5
39.2633 0.227381 0.227381 2 4 5
39.2733 0.227365 0.227365 2 4 5
39.2833 0.227349 0.227349 2 4 5
39.2933 0.227333 0.227333 2 4 5
39.3033 0.227317 0.227317 2 4 5
39.3133 0.227301 0.227301 2 4 5
39.3233 0.227285 0.227285 2 4 5
39.3333 0.227269 0.227269 2 4 5
39.3433 0.227253 0.227253 2 4 5
39.3533 0.227237 0.227237 2 4 5
39.3633 0.227221 0.227221 2 4 5
39.3733 0.227205 0.227205 2 4 5
39.3833 0.227189 0.227189 2 4 5
39.3933 0.227174 0.227174 2 4 5
39.4033 0.227158 0.227158 2 4 5
39.4133 0.227142 0.227142 2 4 5
39.4233 0.227126 0.227126 2 4 5
39.4333 0.22711 0.22711 2 4 5
39.4433 0.227094 0.227094 2 4 5
39.4533 0.227078 0.227078 2 4 5
39.4633 0.227062 0.227062 2 4 5
39.4733 0.227047 0.227047 2 4 5
39.4833 0.227031 0.227031 2 4 5
39.4933 0.227015 0.227015 2 4 5
39.5033 0.226999 0.226999 2 4 5
39.5133 0.226983 0.226983 2 4 5
39.5233 0.226967 0.226967 2 4 5
39.5333 0.226952 0.226952 2 4 5
39.5433 0.226936 0.226936 2 4 5
39.5533 0.22692 0.22692 2 4 5
39.5633 0.226904 0.226904 2 4 5
39.5733 0.226888 0.226888 2 4 5
39.5833 0.226873 0.226873 2 4 5
39.5933 0.226857 0.226857 2 4 5
39.6033 0.226841 0.226841 2 4 5
39.6133 0.226825 0.226825 2 4 5
39.6233 0.226809 0.226809 2 4 5
39.6333 0.226794 0.226794 2 4 5
39.6433 0.226778 0.226778 2 4 5
39.6533 0.226762 0.226762 2 4 5
39.6633 0.226746 0.226746 2 4 5
39.6733 0.226731 0.226731 2 4 5
39.6833 0.226715 0.226715 2 4 5
39.6933 0.226699 0.226699 2 4 5
39.7033 0.226683 0.226683 2 4 5
39.7133 0.226668 0.226668 2 4 5
39.7233 0.226652 0.226652 2 4 5
39.7333 0.226636 0.226636 2 4 5
39.7433 0.226621 0.226621 2 4 5
39.7533 0.226605 0.226605 2 4 5
39.7633 0.226589 0.226589 2 4 5
39.7733 0.226574 0.226574 2 4 5
39.7833 0.226558 0.226558 2 4 5
39.7933 0.226542 0.226542 2 4 5
39.8033 0.226527 0.226527 2 4 5
39.8133 0.226511 0.226511 2 4 5
39.8233 0.226495 0.226495 2 4 5
39.8333 0.22648 0.22648 2 4 5
39.8433 0.226464 0.226464 2 4 5
39.8533 0.226448 0.226448 2 4 5
39.8633 0.226433 0.226433 2 4 5
39.8733 0.226417 0.226417 2 4 5
39.8833 0.226401 0.226401 2 4 5
39.8933 0.226386 0.226386 2 4 5
39.9033 0.22637 0.22637 2 4 5
39.9133 0.226354 0.226354 2 4 5
39.9233 0.226339 0.226339 2 4 5
39.9333 0.226323 0.226323 2 4 5
39.9433 0.226308 0.226308 2 4 5
39.9533 0.226292 0.226292 2 4 5
39.9633 0.226276 0.226276 2 4 5
39.9733 0.226261 0.226261 2 4 5
39.9833 0.226245 0.226245 2 4 5
39.9933 0.22623 0.22623 2 4 5
40.0033 0.226214 0.226214 2 4 5
10.4343 0.6 0.6 2 2 3
10.4363 0.599956 0.599956 2 2 3
10.4383 0.599911 0.599911 2 2 3
10.4423 0.599823 0.599823 2 2 3
10.4503 0.599646 0.599646 2 2 3
10.4603 0.599425 0.599425 2 2 3
10.4703 0.599205 0.599205 2 2 3
10.4803 0.598985 0.598985 2 2 3
10.4903 0.598766 0.598766 2 2 3
10.5003 0.598547 0.598547 2 2 3
10.5103 0.598328 0.598328 2 2 3
10.5203 0.59811 0.59811 2 2 3
10.5303 0.597892 0.597892 2 2 3
10.5403 0.597675 0.597675 2 2 3
10.5503 0.597458 0.597458 2 2 3
10.5603 0.597241 0.597241 2 2 3
10.5703 0.597025 0.597025 2 2 3
10.5803 0.596809 0.596809 2 2 3
10.5903 0.596593 0.596593 2 2 3
10.6003 0.596378 0.596378 2 2 3
10.6103 0.596164 0.596164 2 2 3
10.6203 0.595949 0.595949 2 2 3
10.6303 0.595736 0.595736 2 2 3
10.6402 0.595522 0.595522 2 2 3
10.6502 0.595309 0.595309 2 2 3
10.6602 0.595096 0.595096 2 2 3
10.6702 0.594884 0.594884 2 2 3
10.6802 0.594672 0.594672 2 2 3
10.6902 0.59446 0.59446 2 2 3
10.7002 0.594249 0.594249 2 2 3
10.7102 0.594038 0.594038 2 2 3
10.7202 0.593827 0.593827 2 2 3
10.7302 0.593617 0.593617 2 2 3
10.7402 0.593408 0.593408 2 2 3
10.7502 0.593198 0.593198 2 2 3
10.7602 0.592989 0.592989 2 2 3
10.7702 0.592781 0.592781 2 2 3
10.7802 0.592572 0.592572 2 2 3
10.7902 0.592364 0.592364 2 2 3
10.8002 0.592157 0.592157 2 2 3
10.8102 0.59195 0.59195 2 2 3
10.8202 0.591743 0.591743 2 2 3
10.8302 0.591536 0.591536 2 2 3
10.8402 0.59133 0.59133 2 2 3
10.8502 0.591124 0.591124 2 2 3
10.8602 0.590919 0.590919 2 2 3
10.8702 0.590714 0.590714 2 2 3
10.8802 0.590509 0.590509 2 2 3
10.8902 0.590305 0.590305 2 2 3
10.9002 0.590101 0.590101 2 2 3
10.9102 0.589897 0.589897 2 2 3
10.9202 0.589694 0.589694 2 2 3
10.9302 0.589491 0.589491 2 2 3
10.9402 0.589289 0.589289 2 2 3
10.9502 0.589086 0.589086 2 2 3
10.9602 0.588884 0.588884 2 2 3
10.9702 0.588683 0.588683 2 2 3
10.9802 0.588482 0.588482 2 2 3
10.9902 0.588281 0.588281 2 2 3
11.0002 0.58808 0.58808 2 2 3
11.0102 0.58788 0.58788 2 2 3
11.0202 0.58768 0.58768 2 2 3
11.0302 0.587481 0.587481 2 2 3
11.0402 0.587282 0.587282 2 2 3
11.0502 0.587083 0.587083 2 2 3
11.0602 0.586884 0.586884 2 2 3
11.0702 0.586686 0.586686 2 2 3
11.0802 0.586488 0.586488 2 2 3
11.0902 0.586291 0.586291 2 2 3
11.1002 0.586094 0.586094 2 2 3
11.1102 0.585897 0.585897 2 2 3
11.1201 0.5857 0.5857 2 2 3
11.1301 0.585504 0.585504 2 2 3
11.1401 0.585309 0.585309 2 2 3
11.1501 0.585113 0.585113 2 2 3
11.1601 0.584918 0.584918 2 2 3
11.1701 0.584723 0.584723 2 2 3
11.1801 0.584528 0.584528 2 2 3
11.1901 0.584334 0.584334 2 2 3
11.2001 0.58414 0.58414 2 2 3
11.2101 0.583947 0.583947 2 2 3
11.2201 0.583754 0.583754 2 2 3
11.2301 0.583561 0.583561 2 2 3
11.2401 0.583368 0.583368 2 2 3
11.2501 0.583176 0.583176 2 2 3
11.2601 0.582984 0.582984 2 2 3
11.2701 0.582792 0.582792 2 2 3
11.2801 0.582601 0.582601 2 2 3
11.2901 0.58241 0.58241 2 2 3
11.3001 0.582219 0.582219 2 2 3
11.3101 0.582029 0.582029 2 2 3
11.3201 0.581839 0.581839 2 2 3
11.3301 0.581649 0.581649 2 2 3
11.3401 0.581459 0.581459 2 2 3
11.3501 0.58127 0.58127 2 2 3
11.3601 0.581081 0.581081 2 2 3
11.3701 0.580893 0.580893 2 2 3
11.3801 0.580705 0.580705 2 2 3
11.3901 0.580517 0.580517 2 2 3
11.4001 0.580329 0.580329 2 2 3
11.4101 0.580142 0.580142 2 2 3
11.4201 0.579955 0.579955 2 2 3
11.4301 0.579768 0.579768 2 2 3
11.4401 0.579581 0.579581 2 2 3
11.4501 0.579395 0.579395 2 2 3
11.4601 0.579209 0.579209 2 2 3
11.4701 0.579024 0.579024 2 2 3
11.4801 0.578839 0.578839 2 2 3
11.4901 0.578654 0.578654 2 2 3
11.5001 0.578469 0.578469 2 2 3
11.5101 0.578285 0.578285 2 2 3
11.5201 0.578101 0.578101 2 2 3
11.5301 0.577917 0.577917 2 2 3
11.5401 0.577733 0.577733 2 2 3
11.5501 0.57755 0.57755 2 2 3
11.5601 0.577367 0.577367 2 2 3
11.5701 0.577185 0.577185 2 2 3
11.5801 0.577002 0.577002 2 2 3
11.5901 0.57682 0.57682 2 2 3
11.6001 0.576639 0.576639 2 2 3
11.6101 0.576457 0.576457 2 2 3
11.6201 0.576276 0.576276 2 2 3
11.6301 0.576095 0.576095 2 2 3
11.6401 0.575915 0.575915 2 2 3
11.6501 0.575734 0.575734 2 2 3
11.6601 0.575554 0.575554 2 2 3
11.6701 0.575374 0.575374 2 2 3
11.6801 0.575195 0.575195 2 2 3
11.69 0.575016 0.575016 2 2 3
11.7 0.574837 0.574837 2 2 3
11.71 0.574658 0.574658 2 2 3
11.72 0.57448 0.57448 2 2 3
11.73 0.574302 0.574302 2 2 3
11.74 0.574124 0.574124 2 2 3
11.75 0.573946 0.573946 2 2 3
11.76 0.573769 0.573769 2 2 3
11.77 0.573592 0.573592 2 2 3
11.78 0.573415 0.573415 2 2 3
11.79 0.573239 0.573239 2 2 3
11.8 0.573063 0.573063 2 2 3
11.81 0.572887 0.572887 2 2 3
11.82 0.572711 0.572711 2 2 3
11.83 0.572536 0.572536 2 2 3
11.84 0.572361 0.572361 2 2 3
11.85 0.572186 0.572186 2 2 3
11.86 0.572011 0.572011 2 2 3
11.87 0.571837 0.571837 2 2 3
11.88 0.571663 0.571663 2 2 3
11.89 0.571489 0.571489 2 2 3
11.9 0.571316 0.571316 2 2 3
11.91 0.571142 0.571142 2 2 3
11.92 0.57097 0.57097 2 2 3
11.93 0.570797 0.570797 2 2 3
11.94 0.570624 0.570624 2 2 3
11.95 0.570452 0.570452 2 2 3
11.96 0.57028 0.57028 2 2 3
11.97 0.570109 0.570109 2 2 3
11.98 0.569937 0.569937 2 2 3
11.99 0.569766 0.569766 2 2 3
12 0.569595 0.569595 2 2 3
12.01 0.569424 0.569424 2 2 3
12.02 0.569254 0.569254 2 2 3
12.03 0.569084 0.569084 2 2 3
12.04 0.568914 0.568914 2 2 3
12.05 0.568744 0.568744 2 2 3
12.06 0.568575 0.568575 2 2 3
12.07 0.568406 0.568406 2 2 3
12.08 0.568237 0.568237 2 2 3
12.09 0.568068 0.568068 2 2 3
12.1 0.5679 0.5679 2 2 3
12.11 0.567732 0.567732 2 2 3
12.12 0.567564 0.567564 2 2 3
12.13 0.567396 0.567396 2 2 3
12.14 0.567229 0.567229 2 2 3
12.15 0.567062 0.567062 2 2 3
12.16 0.566895 0.566895 2 2 3
12.17 0.566728 0.566728 2 2 3
12.18 0.566562 0.566562 2 2 3
12.19 0.566396 0.566396 2 2 3
12.2 0.56623 0.56623 2 2 3
12.21 0.566064 0.566064 2 2 3
12.22 0.565899 0.565899 2 2 3
12.23 0.565733 0.565733 2 2 3
12.24 0.565568 0.565568 2 2 3
12.25 0.565404 0.565404 2 2 3
12.26 0.565239 0.565239 2 2 3
12.27 0.565075 0.565075 2 2 3
12.28 0.564911 0.564911 2 2 3
12.29 0.564747 0.564747 2 2 3
12.3 0.564584 0.564584 2 2 3
12.31 0.56442 0.56442 2 2 3
12.32 0.564257 0.564257 2 2 3
12.33 0.564095 0.564095 2 2 3
12.34 0.563932 0.563932 2 2 3
12.35 0.56377 0.56377 2 2 3
12.36 0.563608 0.563608 2 2 3
12.37 0.563446 0.563446 2 2 3
12.3799 0.563284 0.563284 2 2 3
12.3899 0.563123 0.563123 2 2 3
12.3999 0.562961 0.562961 2 2 3
12.4099 0.562801 0.562801 2 2 3
12.4199 0.56264 0.56264 2 2 3
12.4299 0.562479 0.562479 2 2 3
12.4399 0.562319 0.562319 2 2 3
12.4499 0.562159 0.562159 2 2 3
12.4599 0.561999 0.561999 2 2 3
12.4699 0.56184 0.56184 2 2 3
12.4799 0.56168 0.56168 2 2 3
12.4899 0.561521 0.561521 2 2 3
12.4999 0.561362 0.561362 2 2 3
12.5099 0.561204 0.561204 2 2 3
12.5199 0.561045 0.561045 2 2 3
12.5299 0.560887 0.560887 2 2 3
12.5399 0.560729 0.560729 2 2 3
12.5499 0.560571 0.560571 2 2 3
12.5599 0.560413 0.560413 2 2 3
12.5699 0.560256 0.560256 2 2 3
12.5799 0.560099 0.560099 2 2 3
12.5899 0.559942 0.559942 2 2 3
12.5999 0.559785 0.559785 2 2 3
12.6099 0.559629 0.559629 2 2 3
12.6199 0.559473 0.559473 2 2 3
12.6299 0.559317 0.559317 2 2 3
12.6399 0.559161 0.559161 2 2 3
12.6499 0.559005 0.559005 2 2 3
12.6599 0.55885 0.55885 2 2 3
12.6699 0.558695 0.558695 2 2 3
12.6799 0.55854 0.55854 2 2 3
12.6899 0.558385 0.558385 2 2 3
12.6999 0.558231 0.558231 2 2 3
12.7099 0.558076 0.558076 2 2 3
12.7199 0.557922 0.557922 2 2 3
12.7299 0.557768 0.557768 2 2 3
12.7399 0.557615 0.557615 2 2 3
12.7499 0.557461 0.557461 2 2 3
12.7599 0.557308 0.557308 2 2 3
12.7699 0.557155 0.557155 2 2 3
12.7799 0.557002 0.557002 2 2 3
12.7899 0.556849 0.556849 2 2 3
12.7999 0.556697 0.556697 2 2 3
12.8099 0.556545 0.556545 2 2 3
12.8199 0.556393 0.556393 2 2 3
12.8299 0.556241 0.556241 2 2 3
12.8399 0.556089 0.556089 2 2 3
12.8499 0.555938 0.555938 2 2 3
12.8599 0.555787 0.555787 2 2 3
12.8699 0.555636 0.555636 2 2 3
12.8799 0.555485 0.555485 2 2 3
12.8899 0.555335 0.555335 2 2 3
12.8999 0.555184 0.555184 2 2 3
12.9099 0.555034 0.555034 2 2 3
12.9199 0.554884 0.554884 2 2 3
12.9299 0.554734 0.554734 2 2 3
12.9399 0.554585 0.554585 2 2 3
12.9499 0.554436 0.554436 2 2 3
12.9599 0.554286 0.554286 2 2 3
12.9699 0.554137 0.554137 2 2 3
12.9799 0.553989 0.553989 2 2 3
12.9899 0.55384 0.55384 2 2 3
12.9999 0.553692 0.553692 2 2 3
13.0099 0.553544 0.553544 2 2 3
13.0199 0.553396 0.553396 2 2 3
13.0299 0.553248 0.553248 2 2 3
13.0399 0.5531 0.5531 2 2 3
13.0499 0.552953 0.552953 2 2 3
13.0599 0.552806 0.552806 2 2 3
13.0699 0.552659 0.552659 2 2 3
13.0799 0.552512 0.552512 2 2 3
13.0899 0.552366 0.552366 2 2 3
13.0999 0.552219 0.552219 2 2 3
13.1099 0.552073 0.552073 2 2 3
13.1199 0.551927 0.551927 2 2 3
13.1299 0.551781 0.551781 2 2 3
13.1399 0.551636 0.551636 2 2 3
13.1499 0.55149 0.55149 2 2 3
13.1599 0.551345 0.551345 2 2 3
13.1699 0.5512 0.5512 2 2 3
13.1799 0.551055 0.551055 2 2 3
13.1899 0.550911 0.550911 2 2 3
13.1999 0.550766 0.550766 2 2 3
13.2099 0.550622 0.550622 2 2 3
13.2199 0.550478 0.550478 2 2 3
13.2299 0.550334 0.550334 2 2 3
13.2398 0.55019 0.55019 2 2 3
13.2498 0.550047 0.550047 2 2 3
13.2598 0.549903 0.549903 2 2 3
13.2698 0.54976 0.54976 2 2 3
13.2798 0.549617 0.549617 2 2 3
13.2898 0.549474 0.549474 2 2 3
13.2998 0.549332 0.549332 2 2 3
13.3098 0.549189 0.549189 2 2 3
13.3198 0.549047 0.549047 2 2 3
13.3298 0.548905 0.548905 2 2 3
13.3398 0.548763 0.548763 2 2 3
13.3498 0.548622 0.548622 2 2 3
13.3598 0.54848 0.54848 2 2 3
13.3698 0.548339 0.548339 2 2 3
13.3798 0.548198 0.548198 2 2 3
13.3898 0.548057 0.548057 2 2 3
13.3998 0.547916 0.547916 2 2 3
13.4098 0.547775 0.547775 2 2 3
13.4198 0.547635 0.547635 2 2 3
13.4298 0.547495 0.547495 2 2 3
13.4398 0.547355 0.547355 2 2 3
13.4498 0.547215 0.547215 2 2 3
13.4598 0.547075 0.547075 2 2 3
13.4698 0.546936 0.546936 2 2 3
13.4798 0.546796 0.546796 2 2 3
13.4898 0.546657 0.546657 2 2 3
13.4998 0.546518 0.546518 2 2 3
13.5098 0.54638 0.54638 2 2 3
13.5198 0.546241 0.546241 2 2 3
13.5298 0.546102 0.546102 2 2 3
13.5398 0.545964 0.545964 2 2 3
13.5498 0.545826 0.545826 2 2 3
13.5598 0.545688 0.545688 2 2 3
13.5698 0.54555 0.54555 2 2 3
13.5798 0.545413 0.545413 2 2 3
13.5898 0.545275 0.545275 2 2 3
13.5998 0.545138 0.545138 2 2 3
13.6098 0.545001 0.545001 2 2 3
13.6198 0.544864 0.544864 2 2 3
13.6298 0.544728 0.544728 2 2 3
13.6398 0.544591 0.544591 2 2 3
13.6498 0.544455 0.544455 2 2 3
13.6598 0.544318 0.544318 2 2 3
13.6698 0.544182 0.544182 2 2 3
13.6798 0.544047 0.544047 2 2 3
13.6898 0.543911 0.543911 2 2 3
13.6998 0.543775 0.543775 2 2 3
13.7098 0.54364 0.54364 2 2 3
13.7198 0.543505 0.543505 2 2 3
13.7298 0.54337 0.54337 2 2 3
13.7398 0.543235 0.543235 2 2 3
13.7498 0.5431 0.5431 2 2 3
13.7598 0.542966 0.542966 2 2 3
13.7698 0.542831 0.542831 2 2 3
13.7798 0.542697 0.542697 2 2 3
13.7898 0.542563 0.542563 2 2 3
13.7998 0.542429 0.542429 2 2 3
13.8098 0.542296 0.542296 2 2 3
13.8198 0.542162 0.542162 2 2 3
13.8298 0.542029 0.542029 2 2 3
13.8398 0.541896 0.541896 2 2 3
13.8498 0.541763 0.541763 2 2 3
13.8598 0.54163 0.54163 2 2 3
13.8698 0.541497 0.541497 2 2 3
13.8798 0.541365 0.541365 2 2 3
13.8898 0.541232 0.541232 2 2 3
13.8998 0.5411 0.5411 2 2 3
13.9098 0.540968 0.540968 2 2 3
13.9198 0.540836 0.540836 2 2 3
13.9298 0.540704 0.540704 2 2 3
13.9398 0.540573 0.540573 2 2 3
13.9498 0.540441 0.540441 2 2 3
13.9598 0.54031 0.54031 2 2 3
13.9698 0.540179 0.540179 2 2 3
13.9798 0.540048 0.540048 2 2 3
13.9898 0.539917 0.539917 2 2 3
13.9998 0.539787 0.539787 2 2 3
14.0098 0.539656 0.539656 2 2 3
14.0198 0.539526 0.539526 2 2 3
14.0298 0.539396 0.539396 2 2 3
14.0398 0.539266 0.539266 2 2 3
14.0498 0.539136 0.539136 2 2 3
14.0598 0.539006 0.539006 2 2 3
14.0698 0.538877 0.538877 2 2 3
14.0798 0.538747 0.538747 2 2 3
14.0898 0.538618 0.538618 2 2 3
14.0998 0.538489 0.538489 2 2 3
14.1098 0.53836 0.53836 2 2 3
14.1198 0.538231 0.538231 2 2 3
14.1298 0.538103 0.538103 2 2 3
14.1398 0.537974 0.537974 2 2 3
14.1498 0.537846 0.537846 2 2 3
14.1598 0.537718 0.537718 2 2 3
14.1698 0.53759 0.53759 2 2 3
14.1798 0.537462 0.537462 2 2 3
14.1898 0.537334 0.537334 2 2 3
14.1998 0.537207 0.537207 2 2 3
14.2098 0.53708 0.53708 2 2 3
14.2198 0.536952 0.536952 2 2 3
14.2298 0.536825 0.536825 2 2 3
14.2398 0.536698 0.536698 2 2 3
14.2498 0.536572 0.536572 2 2 3
14.2598 0.536445 0.536445 2 2 3
14.2698 0.536318 0.536318 2 2 3
14.2798 0.536192 0.536192 2 2 3
14.2898 0.536066 0.536066 2 2 3
14.2998 0.53594 0.53594 2 2 3
14.3098 0.535814 0.535814 2 2 3
14.3198 0.535688 0.535688 2 2 3
14.3298 0.535563 0.535563 2 2 3
14.3398 0.535437 0.535437 2 2 3
14.3497 0.535312 0.535312 2 2 3
14.3597 0.535187 0.535187 2 2 3
14.3697 0.535062 0.535062 2 2 3
14.3797 0.534937 0.534937 2 2 3
14.3897 0.534812 0.534812 2 2 3
14.3997 0.534688 0.534688 2 2 3
14.4097 0.534563 0.534563 2 2 3
14.4197 0.534439 0.534439 2 2 3
14.4297 0.534315 0.534315 2 2 3
14.4397 0.534191 0.534191 2 2 3
14.4497 0.534067 0.534067 2 2 3
14.4597 0.533943 0.533943 2 2 3
14.4697 0.53382 0.53382 2 2 3
14.4797 0.533696 0.533696 2 2 3
14.4897 0.533573 0.533573 2 2 3
14.4997 0.53345 0.53345 2 2 3
14.5097 0.533327 0.533327 2 2 3
14.5197 0.533204 0.533204 2 2 3
14.5297 0.533081 0.533081 2 2 3
14.5397 0.532959 0.532959 2 2 3
14.5497 0.532836 0.532836 2 2 3
14.5597 0.532714 0.532714 2 2 3
14.5697 0.532592 0.532592 2 2 3
14.5797 0.53247 0.53247 2 2 3
14.5897 0.532348 0.532348 2 2 3
14.5997 0.532226 0.532226 2 2 3
14.6097 0.532105 0.532105 2 2 3
14.6197 0.531983 0.531983 2 2 3
14.6297 0.531862 0.531862 2 2 3
14.6397 0.531741 0.531741 2 2 3
14.6497 0.53162 0.53162 2 2 3
14.6597 0.531499 0.531499 2 2 3
14.6697 0.531378 0.531378 2 2 3
14.6797 0.531258 0.531258 2 2 3
14.6897 0.531137 0.531137 2 2 3
14.6997 0.531017 0.531017 2 2 3
14.7097 0.530897 0.530897 2 2 3
14.7197 0.530777 0.530777 2 2 3
14.7297 0.530657 0.530657 2 2 3
14.7397 0.530537 0.530537 2 2 3
14.7497 0.530417 0.530417 2 2 3
14.7597 0.530298 0.530298 2 2 3
14.7697 0.530178 0.530178 2 2 3
14.7797 0.530059 0.530059 2 2 3
14.7897 0.52994 0.52994 2 2 3
14.7997 0.529821 0.529821 2 2 3
14.8097 0.529702 0.529702 2 2 3
14.8197 0.529583 0.529583 2 2 3
14.8297 0.529465 0.529465 2 2 3
14.8397 0.529346 0.529346 2 2 3
14.8497 0.529228 0.529228 2 2 3
14.8597 0.52911 0.52911 2 2 3
14.8697 0.528992 0.528992 2 2 3
14.8797 0.528874 0.528874 2 2 3
14.8897 0.528756 0.528756 2 2 3
14.8997 0.528638 0.528638 2 2 3
14.9097 0.528521 0.528521 2 2 3
14.9197 0.528403 0.528403 2 2 3
14.9297 0.528286 0.528286 2 2 3
14.9397 0.528169 0.528169 2 2 3
14.9497 0.528052 0.528052 2 2 3
14.9597 0.527935 0.527935 2 2 3
14.9697 0.527818 0.527818 2 2 3
14.9797 0.527701 0.527701 2 2 3
14.9897 0.527585 0.527585 2 2 3
14.9997 0.527469 0.527469 2 2 3
15.0097 0.527352 0.527352 2 2 3
15.0197 0.527236 0.527236 2 2 3
15.0297 0.52712 0.52712 2 2 3
15.0397 0.527004 0.527004 2 2 3
15.0497 0.526889 0.526889 2 2 3
15.0597 0.526773 0.526773 2 2 3
15.0697 0.526658 0.526658 2 2 3
15.0797 0.526542 0.526542 2 2 3
15.0897 0.526427 0.526427 2 2 3
15.0997 0.526312 0.526312 2 2 3
15.1097 0.526197 0.526197 2 2 3
15.1197 0.526082 0.526082 2 2 3
15.1297 0.525967 0.525967 2 2 3
15.1397 0.525853 0.525853 2 2 3
15.1497 0.525738 0.525738 2 2 3
15.1597 0.525624 0.525624 2 2 3
15.1697 0.52551 0.52551 2 2 3
15.1797 0.525396 0.525396 2 2 3
15.1897 0.525282 0.525282 2 2 3
15.1997 0.525168 0.525168 2 2 3
15.2097 0.525054 0.525054 2 2 3
15.2197 0.52494 0.52494 2 2 3
15.2297 0.524827 0.524827 2 2 3
15.2397 0.524713 0.524713 2 2 3
15.2497 0.5246 0.5246 2 2 3
15.2597 0.524487 0.524487 2 2 3
15.2697 0.524374 0.524374 2 2 3
15.2797 0.524261 0.524261 2 2 3
15.2897 0.524148 0.524148 2 2 3
15.2997 0.524036 0.524036 2 2 3
15.3097 0.523923 0.523923 2 2 3
15.3197 0.523811 0.523811 2 2 3
15.3297 0.523699 0.523699 2 2 3
15.3397 0.523586 0.523586 2 2 3
15.3497 0.523474 0.523474 2 2 3
15.3597 0.523363 0.523363 2 2 3
15.3697 0.523251 0.523251 2 2 3
15.3797 0.523139 0.523139 2 2 3
15.3897 0.523027 0.523027 2 2 3
15.3997 0.522916 0.522916 2 2 3
15.4097 0.522805 0.522805 2 2 3
15.4197 0.522694 0.522694 2 2 3
15.4297 0.522582 0.522582 2 2 3
15.4397 0.522471 0.522471 2 2 3
15.4497 0.522361 0.522361 2 2 3
15.4597 0.52225 0.52225 2 2 3
15.4697 0.522139 0.522139 2 2 3
15.4797 0.522029 0.522029 2 2 3
15.4897 0.521918 0.521918 2 2 3
15.4997 0.521808 0.521808 2 2 3
15.5097 0.521698 0.521698 2 2 3
15.5197 0.521588 0.521588 2 2 3
15.5297 0.521478 0.521478 2 2 3
15.5397 0.521368 0.521368 2 2 3
15.5497 0.521259 0.521259 2 2 3
15.5597 0.521149 0.521149 2 2 3
15.5697 0.52104 0.52104 2 2 3
15.5797 0.52093 0.52093 2 2 3
15.5897 0.520821 0.520821 2 2 3
15.5997 0.520712 0.520712 2 2 3
15.6097 0.520603 0.520603 2 2 3
15.6197 0.520494 0.520494 2 2 3
15.6297 0.520385 0.520385 2 2 3
15.6397 0.520277 0.520277 2 2 3
15.6497 0.520168 0.520168 2 2 3
15.6597 0.52006 0.52006 2 2 3
15.6697 0.519951 0.519951 2 2 3
15.6797 0.519843 0.519843 2 2 3
15.6897 0.519735 0.519735 2 2 3
15.6997 0.519627 0.519627 2 2 3
15.7097 0.519519 0.519519 2 2 3
15.7197 0.519411 0.519411 2 2 3
15.7297 0.519304 0.519304 2 2 3
15.7397 0.519196 0.519196 2 2 3
15.7497 0.519089 0.519089 2 2 3
15.7597 0.518982 0.518982 2 2 3
15.7697 0.518874 0.518874 2 2 3
15.7797 0.518767 0.518767 2 2 3
15.7897 0.51866 0.51866 2 2 3
15.7997 0.518553 0.518553 2 2 3
15.8097 0.518447 0.518447 2 2 3
15.8197 0.51834 0.51834 2 2 3
15.8297 0.518233 0.518233 2 2 3
15.8397 0.518127 0.518127 2 2 3
15.8496 0.518021 0.518021 2 2 3
15.8596 0.517915 0.517915 2 2 3
15.8696 0.517808 0.517808 2 2 3
15.8796 0.517702 0.517702 2 2 3
15.8896 0.517597 0.517597 2 2 3
15.8996 0.517491 0.517491 2 2 3
15.9096 0.517385 0.517385 2 2 3
15.9196 0.51728 0.51728 2 2 3
15.9296 0.517174 0.517174 2 2 3
15.9396 0.517069 0.517069 2 2 3
15.9496 0.516964 0.516964 2 2 3
15.9596 0.516858 0.516858 2 2 3
15.9696 0.516753 0.516753 2 2 3
15.9796 0.516648 0.516648 2 2 3
15.9896 0.516544 0.516544 2 2 3
15.9996 0.516439 0.516439 2 2 3
16.0096 0.516334 0.516334 2 2 3
16.0196 0.51623 0.51623 2 2 3
16.0296 0.516125 0.516125 2 2 3
16.0396 0.516021 0.516021 2 2 3
16.0496 0.515917 0.515917 2 2 3
16.0596 0.515813 0.515813 2 2 3
16.0696 0.515709 0.515709 2 2 3
16.0796 0.515605 0.515605 2 2 3
16.0896 0.515501 0.515501 2 2 3
16.0996 0.515398 0.515398 2 2 3
16.1096 0.515294 0.515294 2 2 3
16.1196 0.515191 0.515191 2 2 3
16.1296 0.515087 0.515087 2 2 3
16.1396 0.514984 0.514984 2 2 3
16.1496 0.514881 0.514881 2 2 3
16.1596 0.514778 0.514778 2 2 3
16.1696 0.514675 0.514675 2 2 3
16.1796 0.514572 0.514572 2 2 3
16.1896 0.514469 0.514469 2 2 3
16.1996 0.514367 0.514367 2 2 3
16.2096 0.514264 0.514264 2 2 3
16.2196 0.514162 0.514162 2 2 3
16.2296 0.51406 0.51406 2 2 3
16.2396 0.513957 0.513957 2 2 3
16.2496 0.513855 0.513855 2 2 3
16.2596 0.513753 0.513753 2 2 3
16.2696 0.513651 0.513651 2 2 3
16.2796 0.51355 0.51355 2 2 3
16.2896 0.513448 0.513448 2 2 3
16.2996 0.513346 0.513346 2 2 3
16.3096 0.513245 0.513245 2 2 3
16.3196 0.513143 0.513143 2 2 3
16.3296 0.513042 0.513042 2 2 3
16.3396 0.512941 0.512941 2 2 3
16.3496 0.51284 0.51284 2 2 3
16.3596 0.512739 0.512739 2 2 3
16.3696 0.512638 0.512638 2 2 3
16.3796 0.512537 0.512537 2 2 3
16.3896 0.512436 0.512436 2 2 3
16.3996 0.512336 0.512336 2 2 3
16.4096 0.512235 0.512235 2 2 3
16.4196 0.512135 0.512135 2 2 3
16.4296 0.512034 0.512034 2 2 3
16.4396 0.511934 0.511934 2 2 3
16.4496 0.511834 0.511834 2 2 3
16.4596 0.511734 0.511734 2 2 3
16.4696 0.511634 0.511634 2 2 3
16.4796 0.511534 0.511534 2 2 3
16.4896 0.511435 0.511435 2 2 3
16.4996 0.511335 0.511335 2 2 3
16.5096 0.511235 0.511235 2 2 3
16.5196 0.511136 0.511136 2 2 3
16.5296 0.511037 0.511037 2 2 3
16.5396 0.510937 0.510937 2 2 3
16.5496 0.510838 0.510838 2 2 3
16.5596 0.510739 0.510739 2 2 3
16.5696 0.51064 0.51064 2 2 3
16.5796 0.510541 0.510541 2 2 3
16.5896 0.510443 0.510443 2 2 3
16.5996 0.510344 0.510344 2 2 3
16.6096 0.510245 0.510245 2 2 3
16.6196 0.510147 0.510147 2 2 3
16.6296 0.510049 0.510049 2 2 3
16.6396 0.50995 0.50995 2 2 3
16.6496 0.509852 0.509852 2 2 3
16.6596 0.509754 0.509754 2 2 3
16.6696 0.509656 0.509656 2 2 3
16.6796 0.509558 0.509558 2 2 3
16.6896 0.50946 0.50946 2 2 3
16.6996 0.509363 0.509363 2 2 3
16.7096 0.509265 0.509265 2 2 3
16.7196 0.509167 0.509167 2 2 3
16.7296 0.50907 0.50907 2 2 3
16.7396 0.508973 0.508973 2 2 3
16.7496 0.508875 0.508875 2 2 3
16.7596 0.508778 0.508778 2 2 3
16.7696 0.508681 0.508681 2 2 3
16.7796 0.508584 0.508584 2 2 3
16.7896 0.508487 0.508487 2 2 3
16.7996 0.50839 0.50839 2 2 3
16.8096 0.508294 0.508294 2 2 3
16.8196 0.508197 0.508197 2 2 3
16.8296 0.508101 0.508101 2 2 3
16.8396 0.508004 0.508004 2 2 3
16.8496 0.507908 0.507908 2 2 3
16.8596 0.507812 0.507812 2 2 3
16.8696 0.507715 0.507715 2 2 3
16.8796 0.507619 0.507619 2 2 3
16.8896 0.507523 0.507523 2 2 3
16.8996 0.507428 0.507428 2 2 3
16.9096 0.507332 0.507332 2 2 3
16.9196 0.507236 0.507236 2 2 3
16.9296 0.50714 0.50714 2 2 3
16.9396 0.507045 0.507045 2 2 3
16.9496 0.50695 0.50695 2 2 3
16.9596 0.506854 0.506854 2 2 3
16.9696 0.506759 0.506759 2 2 3
16.9796 0.506664 0.506664 2 2 3
16.9896 0.506569 0.506569 2 2 3
16.9996 0.506474 0.506474 2 2 3
17.0096 0.506379 0.506379 2 2 3
17.0196 0.506284 0.506284 2 2 3
17.0296 0.506189 0.506189 2 2 3
17.0396 0.506095 0.506095 2 2 3
17.0496 0.506 0.506 2 2 3
17.0596 0.505906 0.505906 2 2 3
17.0696 0.505811 0.505811 2 2 3
17.0796 0.505717 0.505717 2 2 3
17.0896 0.505623 0.505623 2 2 3
17.0996 0.505529 0.505529 2 2 3
17.1096 0.505435 0.505435 2 2 3
17.1196 0.505341 0.505341 2 2 3
17.1296 0.505247 0.505247 2 2 3
17.1396 0.505153 0.505153 2 2 3
17.1496 0.50506 0.50506 2 2 3
17.1596 0.504966 0.504966 2 2 3
17.1696 0.504873 0.504873 2 2 3
17.1796 0.504779 0.504779 2 2 3
17.1896 0.504686 0.504686 2 2 3
17.1996 0.504593 0.504593 2 2 3
17.2096 0.504499 0.504499 2 2 3
17.2196 0.504406 0.504406 2 2 3
17.2296 0.504313 0.504313 2 2 3
17.2396 0.504221 0.504221 2 2 3
17.2496 0.504128 0.504128 2 2 3
17.2596 0.504035 0.504035 2 2 3
17.2696 0.503942 0.503942 2 2 3
17.2796 0.50385 0.50385 2 2 3
17.2896 0.503757 0.503757 2 2 3
17.2996 0.503665 0.503665 2 2 3
17.3096 0.503573 0.503573 2 2 3
17.3196 0.50348 0.50348 2 2 3
17.3296 0.503388 0.503388 2 2 3
17.3396 0.503296 0.503296 2 2 3
17.3496 0.503204 0.503204 2 2 3
17.3596 0.503113 0.503113 2 2 3
17.3696 0.503021 0.503021 2 2 3
17.3796 0.502929 0.502929 2 2 3
17.3896 0.502837 0.502837 2 2 3
17.3996 0.502746 0.502746 2 2 3
17.4096 0.502654 0.502654 2 2 3
17.4196 0.502563 0.502563 2 2 3
17.4296 0.502472 0.502472 2 2 3
17.4396 0.502381 0.502381 2 2 3
17.4496 0.502289 0.502289 2 2 3
17.4596 0.502198 0.502198 2 2 3
17.4696 0.502107 0.502107 2 2 3
17.4796 0.502017 0.502017 2 2 3
17.4896 0.501926 0.501926 2 2 3
17.4996 0.501835 0.501835 2 2 3
17.5096 0.501744 0.501744 2 2 3
17.5196 0.501654 0.501654 2 2 3
17.5296 0.501563 0.501563 2 2 3
17.5396 0.501473 0.501473 2 2 3
17.5496 0.501383 0.501383 2 2 3
17.5596 0.501293 0.501293 2 2 3
17.5696 0.501202 0.501202 2 2 3
17.5796 0.501112 0.501112 2 2 3
17.5896 0.501022 0.501022 2 2 3
17.5996 0.500932 0.500932 2 2 3
17.6096 0.500843 0.500843 2 2 3
17.6196 0.500753 0.500753 2 2 3
17.6296 0.500663 0.500663 2 2 3
17.6396 0.500574 0.500574 2 2 3
17.6496 0.500484 0.500484 2 2 3
17.6596 0.500395 0.500395 2 2 3
17.6696 0.500305 0.500305 2 2 3
17.6796 0.500216 0.500216 2 2 3
17.6896 0.500127 0.500127 2 2 3
17.6996 0.500038 0.500038 2 2 3
17.7096 0.499949 0.499949 2 2 3
17.7196 0.49986 0.49986 2 2 3
17.7296 0.499771 0.499771 2 2 3
17.7396 0.499682 0.499682 2 2 3
17.7496 0.499594 0.499594 2 2 3
17.7596 0.499505 0.499505 2 2 3
17.7696 0.499416 0.499416 2 2 3
17.7796 0.499328 0.499328 2 2 3
17.7896 0.49924 0.49924 2 2 3
17.7996 0.499151 0.499151 2 2 3
17.8096 0.499063 0.499063 2 2 3
17.8196 0.498975 0.498975 2 2 3
17.8296 0.498887 0.498887 2 2 3
17.8396 0.498799 0.498799 2 2 3
17.8496 0.498711 0.498711 2 2 3
17.8596 0.498623 0.498623 2 2 3
17.8696 0.498535 0.498535 2 2 3
17.8796 0.498448 0.498448 2 2 3
17.8896 0.49836 0.49836 2 2 3
17.8996 0.498272 0.498272 2 2 3
17.9096 0.498185 0.498185 2 2 3
17.9196 0.498098 0.498098 2 2 3
17.9296 0.49801 0.49801 2 2 3
17.9396 0.497923 0.497923 2 2 3
17.9496 0.497836 0.497836 2 2 3
17.9596 0.497749 0.497749 2 2 3
17.9696 0.497662 0.497662 2 2 3
17.9796 0.497575 0.497575 2 2 3
17.9896 0.497488 0.497488 2 2 3
17.9996 0.497401 0.497401 2 2 3
18.0096 0.497315 0.497315 2 2 3
18.0195 0.497228 0.497228 2 2 3
18.0295 0.497141 0.497141 2 2 3
18.0395 0.497055 0.497055 2 2 3
18.0495 0.496969 0.496969 2 2 3
18.0595 0.496882 0.496882 2 2 3
18.0695 0.496796 0.496796 2 2 3
18.0795 0.49671 0.49671 2 2 3
18.0895 0.496624 0.496624 2 2 3
18.0995 0.496538 0.496538 2 2 3
18.1095 0.496452 0.496452 2 2 3
18.1195 0.496366 0.496366 2 2 3
18.1295 0.49628 0.49628 2 2 3
18.1395 0.496194 0.496194 2 2 3
18.1495 0.496109 0.496109 2 2 3
18.1595 0.496023 0.496023 2 2 3
18.1695 0.495938 0.495938 2 2 3
18.1795 0.495852 0.495852 2 2 3
18.1895 0.495767 0.495767 2 2 3
18.1995 0.495682 0.495682 2 2 3
18.2095 0.495596 0.495596 2 2 3
18.2195 0.495511 0.495511 2 2 3
18.2295 0.495426 0.495426 2 2 3
18.2395 0.495341 0.495341 2 2 3
18.2495 0.495256 0.495256 2 2 3
18.2595 0.495171 0.495171 2 2 3
18.2695 0.495087 0.495087 2 2 3
18.2795 0.495002 0.495002 2 2 3
18.2895 0.494917 0.494917 2 2 3
18.2995 0.494833 0.494833 2 2 3
18.3095 0.494748 0.494748 2 2 3
18.3195 0.494664 0.494664 2 2 3
18.3295 0.49458 0.49458 2 2 3
18.3395 0.494495 0.494495 2 2 3
18.3495 0.494411 0.494411 2 2 3
18.3595 0.494327 0.494327 2 2 3
18.3695 0.494243 0.494243 2 2 3
18.3795 0.494159 0.494159 2 2 3
18.3895 0.494075 0.494075 2 2 3
18.3995 0.493991 0.493991 2 2 3
18.4095 0.493907 0.493907 2 2 3
18.4195 0.493824 0.493824 2 2 3
18.4295 0.49374 0.49374 2 2 3
18.4395 0.493657 0.493657 2 2 3
18.4495 0.493573 0.493573 2 2 3
18.4595 0.49349 0.49349 2 2 3
18.4695 0.493406 0.493406 2 2 3
18.4795 0.493323 0.493323 2 2 3
18.4895 0.49324 0.49324 2 2 3
18.4995 0.493157 0.493157 2 2 3
18.5095 0.493074 0.493074 2 2 3
18.5195 0.492991 0.492991 2 2 3
18.5295 0.492908 0.492908 2 2 3
18.5395 0.492825 0.492825 2 2 3
18.5495 0.492742 0.492742 2 2 3
18.5595 0.492659 0.492659 2 2 3
18.5695 0.492577 0.492577 2 2 3
18.5795 0.492494 0.492494 2 2 3
18.5895 0.492412 0.492412 2 2 3
18.5995 0.492329 0.492329 2 2 3
18.6095 0.492247 0.492247 2 2 3
18.6195 0.492165 0.492165 2 2 3
18.6295 0.492082 0.492082 2 2 3
18.6395 0.492 0.492 2 2 3
18.6495 0.491918 0.491918 2 2 3
18.6595 0.491836 0.491836 2 2 3
18.6695 0.491754 0.491754 2 2 3
18.6795 0.491672 0.491672 2 2 3
18.6895 0.49159 0.49159 2 2 3
18.6995 0.491509 0.491509 2 2 3
18.7095 0.491427 0.491427 2 2 3
18.7195 0.491345 0.491345 2 2 3
18.7295 0.491264 0.491264 2 2 3
18.7395 0.491182 0.491182 2 2 3
18.7495 0.491101 0.491101 2 2 3
18.7595 0.49102 0.49102 2 2 3
18.7695 0.490938 0.490938 2 2 3
18.7795 0.490857 0.490857 2 2 3
18.7895 0.490776 0.490776 2 2 3
18.7995 0.490695 0.490695 2 2 3
18.8095 0.490614 0.490614 2 2 3
18.8195 0.490533 0.490533 2 2 3
18.8295 0.490452 0.490452 2 2 3
18.8395 0.490371 0.490371 2 2 3
18.8495 0.49029 0.49029 2 2 3
18.8595 0.49021 0.49021 2 2 3
18.8695 0.490129 0.490129 2 2 3
18.8795 0.490049 0.490049 2 2 3
18.8895 0.489968 0.489968 2 2 3
18.8995 0.489888 0.489888 2 2 3
18.9095 0.489807 0.489807 2 2 3
18.9195 0.489727 0.489727 2 2 3
18.9295 0.489647 0.489647 2 2 3
18.9395 0.489567 0.489567 2 2 3
18.9495 0.489487 0.489487 2 2 3
18.9595 0.489407 0.489407 2 2 3
18.9695 0.489327 0.489327 2 2 3
18.9795 0.489247 0.489247 2 2 3
18.9895 0.489167 0.489167 2 2 3
18.9995 0.489087 0.489087 2 2 3
19.0095 0.489008 0.489008 2 2 3
19.0195 0.488928 0.488928 2 2 3
19.0295 0.488848 0.488848 2 2 3
19.0395 0.488769 0.488769 2 2 3
19.0495 0.488689 0.488689 2 2 3
19.0595 0.48861 0.48861 2 2 3
19.0695 0.488531 0.488531 2 2 3
19.0795 0.488452 0.488452 2 2 3
19.0895 0.488372 0.488372 2 2 3
19.0995 0.488293 0.488293 2 2 3
19.1095 0.488214 0.488214 2 2 3
19.1195 0.488135 0.488135 2 2 3
19.1295 0.488056 0.488056 2 2 3
19.1395 0.487977 0.487977 2 2 3
19.1495 0.487899 0.487899 2 2 3
19.1595 0.48782 0.48782 2 2 3
19.1695 0.487741 0.487741 2 2 3
19.1795 0.487663 0.487663 2 2 3
19.1895 0.487584 0.487584 2 2 3
19.1995 0.487506 0.487506 2 2 3
19.2095 0.487427 0.487427 2 2 3
19.2195 0.487349 0.487349 2 2 3
19.2295 0.487271 0.487271 2 2 3
19.2395 0.487192 0.487192 2 2 3
19.2495 0.487114 0.487114 2 2 3
19.2595 0.487036 0.487036 2 2 3
19.2695 0.486958 0.486958 2 2 3
19.2795 0.48688 0.48688 2 2 3
19.2895 0.486802 0.486802 2 2 3
19.2995 0.486724 0.486724 2 2 3
19.3095 0.486647 0.486647 2 2 3
19.3195 0.486569 0.486569 2 2 3
19.3295 0.486491 0.486491 2 2 3
19.3395 0.486414 0.486414 2 2 3
19.3495 0.486336 0.486336 2 2 3
19.3595 0.486259 0.486259 2 2 3
19.3695 0.486181 0.486181 2 2 3
19.3795 0.486104 0.486104 2 2 3
19.3895 0.486027 0.486027 2 2 3
19.3995 0.485949 0.485949 2 2 3
19.4095 0.485872 0.485872 2 2 3
19.4195 0.485795 0.485795 2 2 3
19.4295 0.485718 0.485718 2 2 3
19.4395 0.485641 0.485641 2 2 3
19.4495 0.485564 0.485564 2 2 3
19.4595 0.485487 0.485487 2 2 3
19.4695 0.48541 0.48541 2 2 3
19.4795 0.485334 0.485334 2 2 3
19.4895 0.485257 0.485257 2 2 3
19.4995 0.48518 0.48518 2 2 3
19.5095 0.485104 0.485104 2 2 3
19.5195 0.485027 0.485027 2 2 3
19.5295 0.484951 0.484951 2 2 3
19.5395 0.484874 0.484874 2 2 3
19.5495 0.484798 0.484798 2 2 3
19.5595 0.484722 0.484722 2 2 3
19.5695 0.484646 0.484646 2 2 3
19.5795 0.48457 0.48457 2 2 3
19.5895 0.484493 0.484493 2 2 3
19.5995 0.484417 0.484417 2 2 3
19.6095 0.484341 0.484341 2 2 3
19.6195 0.484266 0.484266 2 2 3
19.6295 0.48419 0.48419 2 2 3
19.6395 0.484114 0.484114 2 2 3
19.6495 0.484038 0.484038 2 2 3
19.6595 0.483963 0.483963 2 2 3
19.6695 0.483887 0.483887 2 2 3
19.6795 0.483811 0.483811 2 2 3
19.6895 0.483736 0.483736 2 2 3
19.6995 0.48366 0.48366 2 2 3
19.7095 0.483585 0.483585 2 2 3
19.7195 0.48351 0.48351 2 2 3
19.7295 0.483435 0.483435 2 2 3
19.7395 0.483359 0.483359 2 2 3
19.7495 0.483284 0.483284 2 2 3
19.7595 0.483209 0.483209 2 2 3
19.7695 0.483134 0.483134 2 2 3
19.7795 0.483059 0.483059 2 2 3
19.7895 0.482984 0.482984 2 2 3
19.7995 0.482909 0.482909 2 2 3
19.8095 0.482835 0.482835 2 2 3
19.8195 0.48276 0.48276 2 2 3
19.8295 0.482685 0.482685 2 2 3
19.8395 0.482611 0.482611 2 2 3
19.8495 0.482536 0.482536 2 2 3
19.8595 0.482462 0.482462 2 2 3
19.8695 0.482387 0.482387 2 2 3
19.8795 0.482313 0.482313 2 2 3
19.8895 0.482238 0.482238 2 2 3
19.8995 0.482164 0.482164 2 2 3
19.9095 0.48209 0.48209 2 2 3
19.9195 0.482016 0.482016 2 2 3
19.9295 0.481942 0.481942 2 2 3
19.9395 0.481868 0.481868 2 2 3
19.9495 0.481794 0.481794 2 2 3
19.9595 0.48172 0.48172 2 2 3
19.9695 0.481646 0.481646 2 2 3
19.9795 0.481572 0.481572 2 2 3
19.9895 0.481498 0.481498 2 2 3
19.9995 0.481425 0.481425 2 2 3
20.0095 0.481351 0.481351 2 2 3
20.0195 0.481277 0.481277 2 2 3
20.0295 0.481204 0.481204 2 2 3
20.0395 0.48113 0.48113 2 2 3
20.0495 0.481057 0.481057 2 2 3
20.0595 0.480984 0.480984 2 2 3
20.0695 0.48091 0.48091 2 2 3
20.0795 0.480837 0.480837 2 2 3
20.0895 0.480764 0.480764 2 2 3
20.0995 0.480691 0.480691 2 2 3
20.1095 0.480618 0.480618 2 2 3
20.1195 0.480545 0.480545 2 2 3
20.1295 0.480472 0.480472 2 2 3
20.1395 0.480399 0.480399 2 2 3
20.1495 0.480326 0.480326 2 2 3
20.1595 0.480253 0.480253 2 2 3
20.1695 0.48018 0.48018 2 2 3
20.1795 0.480108 0.480108 2 2 3
20.1895 0.480035 0.480035 2 2 3
20.1995 0.479962 0.479962 2 2 3
20.2095 0.47989 0.47989 2 2 3
20.2195 0.479817 0.479817 2 2 3
20.2295 0.479745 0.479745 2 2 3
20.2395 0.479673 0.479673 2 2 3
20.2495 0.4796 0.4796 2 2 3
20.2595 0.479528 0.479528 2 2 3
20.2695 0.479456 0.479456 2 2 3
20.2795 0.479384 0.479384 2 2 3
20.2895 0.479312 0.479312 2 2 3
20.2995 0.479239 0.479239 2 2 3
20.3095 0.479168 0.479168 2 2 3
20.3195 0.479096 0.479096 2 2 3
20.3295 0.479024 0.479024 2 2 3
20.3395 0.478952 0.478952 2 2 3
20.3495 0.47888 0.47888 2 2 3
20.3595 0.478808 0.478808 2 2 3
20.3695 0.478737 0.478737 2 2 3
20.3795 0.478665 0.478665 2 2 3
20.3895 0.478594 0.478594 2 2 3
20.3995 0.478522 0.478522 2 2 3
20.4095 0.478451 0.478451 2 2 3
20.4195 0.478379 0.478379 2 2 3
20.4295 0.478308 0.478308 2 2 3
20.4395 0.478237 0.478237 2 2 3
20.4495 0.478165 0.478165 2 2 3
20.4595 0.478094 0.478094 2 2 3
20.4695 0.478023 0.478023 2 2 3
20.4795 0.477952 0.477952 2 2 3
20.4895 0.477881 0.477881 2 2 3
20.4995 0.47781 0.47781 2 2 3
20.5095 0.477739 0.477739 2 2 3
20.5195 0.477668 0.477668 2 2 3
20.5295 0.477597 0.477597 2 2 3
20.5395 0.477527 0.477527 2 2 3
20.5495 0.477456 0.477456 2 2 3
20.5595 0.477385 0.477385 2 2 3
20.5695 0.477315 0.477315 2 2 3
20.5795 0.477244 0.477244 2 2 3
20.5895 0.477174 0.477174 2 2 3
20.5995 0.477103 0.477103 2 2 3
20.6095 0.477033 0.477033 2 2 3
20.6195 0.476962 0.476962 2 2 3
20.6295 0.476892 0.476892 2 2 3
20.6395 0.476822 0.476822 2 2 3
20.6495 0.476752 0.476752 2 2 3
20.6595 0.476681 0.476681 2 2 3
20.6695 0.476611 0.476611 2 2 3
20.6795 0.476541 0.476541 2 2 3
20.6895 0.476471 0.476471 2 2 3
20.6995 0.476401 0.476401 2 2 3
20.7095 0.476332 0.476332 2 2 3
20.7195 0.476262 0.476262 2 2 3
20.7295 0.476192 0.476192 2 2 3
20.7395 0.476122 0.476122 2 2 3
20.7495 0.476053 0.476053 2 2 3
20.7595 0.475983 0.475983 2 2 3
20.7695 0.475913 0.475913 2 2 3
20.7795 0.475844 0.475844 2 2 3
20.7895 0.475774 0.475774 2 2 3
20.7995 0.475705 0.475705 2 2 3
20.8095 0.475636 0.475636 2 2 3
20.8195 0.475566 0.475566 2 2 3
20.8295 0.475497 0.475497 2 2 3
20.8395 0.475428 0.475428 2 2 3
20.8495 0.475359 0.475359 2 2 3
20.8595 0.475289 0.475289 2 2 3
20.8695 0.47522 0.47522 2 2 3
20.8795 0.475151 0.475151 2 2 3
20.8895 0.475082 0.475082 2 2 3
20.8995 0.475013 0.475013 2 2 3
20.9095 0.474945 0.474945 2 2 3
20.9195 0.474876 0.474876 2 2 3
20.9295 0.474807 0.474807 2 2 3
20.9395 0.474738 0.474738 2 2 3
20.9495 0.47467 0.47467 2 2 3
20.9595 0.474601 0.474601 2 2 3
20.9695 0.474532 0.474532 2 2 3
20.9795 0.474464 0.474464 2 2 3
20.9895 0.474395 0.474395 2 2 3
20.9995 0.474327 0.474327 2 2 3
21.0095 0.474259 0.474259 2 2 3
21.0195 0.47419 0.47419 2 2 3
21.0295 0.474122 0.474122 2 2 3
21.0395 0.474054 0.474054 2 2 3
21.0495 0.473986 0.473986 2 2 3
21.0595 0.473917 0.473917 2 2 3
21.0695 0.473849 0.473849 2 2 3
21.0795 0.473781 0.473781 2 2 3
21.0895 0.473713 0.473713 2 2 3
21.0995 0.473645 0.473645 2 2 3
21.1095 0.473578 0.473578 2 2 3
21.1195 0.47351 0.47351 2 2 3
21.1295 0.473442 0.473442 2 2 3
21.1395 0.473374 0.473374 2 2 3
21.1495 0.473306 0.473306 2 2 3
21.1595 0.473239 0.473239 2 2 3
21.1695 0.473171 0.473171 2 2 3
21.1795 0.473104 0.473104 2 2 3
21.1895 0.473036 0.473036 2 2 3
21.1995 0.472969 0.472969 2 2 3
21.2095 0.472901 0.472901 2 2 3
21.2195 0.472834 0.472834 2 2 3
21.2295 0.472767 0.472767 2 2 3
21.2395 0.472699 0.472699 2 2 3
21.2495 0.472632 0.472632 2 2 3
21.2595 0.472565 0.472565 2 2 3
21.2695 0.472498 0.472498 2 2 3
21.2795 0.472431 0.472431 2 2 3
21.2895 0.472364 0.472364 2 2 3
21.2995 0.472297 0.472297 2 2 3
21.3095 0.47223 0.47223 2 2 3
21.3195 0.472163 0.472163 2 2 3
21.3295 0.472096 0.472096 2 2 3
21.3395 0.472029 0.472029 2 2 3
21.3495 0.471963 0.471963 2 2 3
21.3595 0.471896 0.471896 2 2 3
21.3695 0.471829 0.471829 2 2 3
21.3795 0.471763 0.471763 2 2 3
21.3895 0.471696 0.471696 2 2 3
21.3995 0.47163 0.47163 2 2 3
21.4095 0.471563 0.471563 2 2 3
21.4195 0.471497 0.471497 2 2 3
21.4295 0.471431 0.471431 2 2 3
21.4395 0.471364 0.471364 2 2 3
21.4495 0.471298 0.471298 2 2 3
21.4595 0.471232 0.471232 2 2 3
21.4695 0.471166 0.471166 2 2 3
21.4795 0.471099 0.471099 2 2 3
21.4895 0.471033 0.471033 2 2 3
21.4995 0.470967 0.470967 2 2 3
21.5095 0.470901 0.470901 2 2 3
21.5195 0.470835 0.470835 2 2 3
21.5294 0.47077 0.47077 2 2 3
21.5394 0.470704 0.470704 2 2 3
21.5494 0.470638 0.470638 2 2 3
21.5594 0.470572 0.470572 2 2 3
21.5694 0.470506 0.470506 2 2 3
21.5794 0.470441 0.470441 2 2 3
21.5894 0.470375 0.470375 2 2 3
21.5994 0.47031 0.47031 2 2 3
21.6094 0.470244 0.470244 2 2 3
21.6194 0.470179 0.470179 2 2 3
21.6294 0.470113 0.470113 2 2 3
21.6394 0.470048 0.470048 2 2 3
21.6494 0.469982 0.469982 2 2 3
21.6594 0.469917 0.469917 2 2 3
21.6694 0.469852 0.469852 2 2 3
21.6794 0.469787 0.469787 2 2 3
21.6894 0.469721 0.469721 2 2 3
21.6994 0.469656 0.469656 2 2 3
21.7094 0.469591 0.469591 2 2 3
21.7194 0.469526 0.469526 2 2 3
21.7294 0.469461 0.469461 2 2 3
21.7394 0.469396 0.469396 2 2 3
21.7494 0.469331 0.469331 2 2 3
21.7594 0.469267 0.469267 2 2 3
21.7694 0.469202 0.469202 2 2 3
21.7794 0.469137 0.469137 2 2 3
21.7894 0.469072 0.469072 2 2 3
21.7994 0.469008 0.469008 2 2 3
21.8094 0.468943 0.468943 2 2 3
21.8194 0.468878 0.468878 2 2 3
21.8294 0.468814 0.468814 2 2 3
21.8394 0.468749 0.468749 2 2 3
21.8494 0.468685 0.468685 2 2 3
21.8594 0.46862 0.46862 2 2 3
21.8694 0.468556 0.468556 2 2 3
21.8794 0.468492 0.468492 2 2 3
21.8894 0.468428 0.468428 2 2 3
21.8994 0.468363 0.468363 2 2 3
21.9094 0.468299 0.468299 2 2 3
21.9194 0.468235 0.468235 2 2 3
21.9294 0.468171 0.468171 2 2 3
21.9394 0.468107 0.468107 2 2 3
21.9494 0.468043 0.468043 2 2 3
21.9594 0.467979 0.467979 2 2 3
21.9694 0.467915 0.467915 2 2 3
21.9794 0.467851 0.467851 2 2 3
21.9894 0.467787 0.467787 2 2 3
21.9994 0.467723 0.467723 2 2 3
22.0094 0.46766 0.46766 2 2 3
22.0194 0.467596 0.467596 2 2 3
22.0294 0.467532 0.467532 2 2 3
22.0394 0.467469 0.467469 2 2 3
22.0494 0.467405 0.467405 2 2 3
22.0594 0.467342 0.467342 2 2 3
22.0694 0.467278 0.467278 2 2 3
22.0794 0.467215 0.467215 2 2 3
22.0894 0.467151 0.467151 2 2 3
22.0994 0.467088 0.467088 2 2 3
22.1094 0.467025 0.467025 2 2 3
22.1194 0.466961 0.466961 2 2 3
22.1294 0.466898 0.466898 2 2 3
22.1394 0.466835 0.466835 2 2 3
22.1494 0.466772 0.466772 2 2 3
22.1594 0.466709 0.466709 2 2 3
22.1694 0.466646 0.466646 2 2 3
22.1794 0.466583 0.466583 2 2 3
22.1894 0.46652 0.46652 2 2 3
22.1994 0.466457 0.466457 2 2 3
22.2094 0.466394 0.466394 2 2 3
22.2194 0.466331 0.466331 2 2 3
22.2294 0.466268 0.466268 2 2 3
22.2394 0.466205 0.466205 2 2 3
22.2494 0.466143 0.466143 2 2 3
22.2594 0.46608 0.46608 2 2 3
22.2694 0.466017 0.466017 2 2 3
22.2794 0.465955 0.465955 2 2 3
22.2894 0.465892 0.465892 2 2 3
22.2994 0.46583 0.46583 2 2 3
22.3094 0.465767 0.465767 2 2 3
22.3194 0.465705 0.465705 2 2 3
22.3294 0.465642 0.465642 2 2 3
22.3394 0.46558 0.46558 2 2 3
22.3494 0.465518 0.465518 2 2 3
22.3594 0.465456 0.465456 2 2 3
22.3694 0.465393 0.465393 2 2 3
22.3794 0.465331 0.465331 2 2 3
22.3894 0.465269 0.465269 2 2 3
22.3994 0.465207 0.465207 2 2 3
22.4094 0.465145 0.465145 2 2 3
22.4194 0.465083 0.465083 2 2 3
22.4294 0.465021 0.465021 2 2 3
22.4394 0.464959 0.464959 2 2 3
22.4494 0.464897 0.464897 2 2 3
22.4594 0.464835 0.464835 2 2 3
22.4694 0.464773 0.464773 2 2 3
22.4794 0.464712 0.464712 2 2 3
22.4894 0.46465 0.46465 2 2 3
22.4994 0.464588 0.464588 2 2 3
22.5094 0.464527 0.464527 2 2 3
22.5194 0.464465 0.464465 2 2 3
22.5294 0.464403 0.464403 2 2 3
22.5394 0.464342 0.464342 2 2 3
22.5494 0.46428 0.46428 2 2 3
22.5594 0.464219 0.464219 2 2 3
22.5694 0.464158 0.464158 2 2 3
22.5794 0.464096 0.464096 2 2 3
22.5894 0.464035 0.464035 2 2 3
22.5994 0.463974 0.463974 2 2 3
22.6094 0.463912 0.463912 2 2 3
22.6194 0.463851 0.463851 2 2 3
22.6294 0.46379 0.46379 2 2 3
22.6394 0.463729 0.463729 2 2 3
22.6494 0.463668 0.463668 2 2 3
22.6594 0.463607 0.463607 2 2 3
22.6694 0.463546 0.463546 2 2 3
22.6794 0.463485 0.463485 2 2 3
22.6894 0.463424 0.463424 2 2 3
22.6994 0.463363 0.463363 2 2 3
22.7094 0.463302 0.463302 2 2 3
22.7194 0.463242 0.463242 2 2 3
22.7294 0.463181 0.463181 2 2 3
22.7394 0.46312 0.46312 2 2 3
22.7494 0.463059 0.463059 2 2 3
22.7594 0.462999 0.462999 2 2 3
22.7694 0.462938 0.462938 2 2 3
22.7794 0.462878 0.462878 2 2 3
22.7894 0.462817 0.462817 2 2 3
22.7994 0.462757 0.462757 2 2 3
22.8094 0.462696 0.462696 2 2 3
22.8194 0.462636 0.462636 2 2 3
22.8294 0.462575 0.462575 2 2 3
22.8394 0.462515 0.462515 2 2 3
22.8494 0.462455 0.462455 2 2 3
22.8594 0.462395 0.462395 2 2 3
22.8694 0.462334 0.462334 2 2 3
22.8794 0.462274 0.462274 2 2 3
22.8894 0.462214 0.462214 2 2 3
22.8994 0.462154 0.462154 2 2 3
22.9094 0.462094 0.462094 2 2 3
22.9194 0.462034 0.462034 2 2 3
22.9294 0.461974 0.461974 2 2 3
22.9394 0.461914 0.461914 2 2 3
22.9494 0.461854 0.461854 2 2 3
22.9594 0.461794 0.461794 2 2 3
22.9694 0.461735 0.461735 2 2 3
22.9794 0.461675 0.461675 2 2 3
22.9894 0.461615 0.461615 2 2 3
22.9994 0.461555 0.461555 2 2 3
23.0094 0.461496 0.461496 2 2 3
23.0194 0.461436 0.461436 2 2 3
23.0294 0.461377 0.461377 2 2 3
23.0394 0.461317 0.461317 2 2 3
23.0494 0.461258 0.461258 2 2 3
23.0594 0.461198 0.461198 2 2 3
23.0694 0.461139 0.461139 2 2 3
23.0794 0.461079 0.461079 2 2 3
23.0894 0.46102 0.46102 2 2 3
23.0994 0.460961 0.460961 2 2 3
23.1094 0.460901 0.460901 2 2 3
23.1194 0.460842 0.460842 2 2 3
23.1294 0.460783 0.460783 2 2 3
23.1394 0.460724 0.460724 2 2 3
23.1494 0.460665 0.460665 2 2 3
23.1594 0.460606 0.460606 2 2 3
23.1694 0.460546 0.460546 2 2 3
23.1794 0.460487 0.460487 2 2 3
23.1894 0.460429 0.460429 2 2 3
23.1994 0.46037 0.46037 2 2 3
23.2094 0.460311 0.460311 2 2 3
23.2194 0.460252 0.460252 2 2 3
23.2294 0.460193 0.460193 2 2 3
23.2394 0.460134 0.460134 2 2 3
23.2494 0.460075 0.460075 2 2 3
23.2594 0.460017 0.460017 2 2 3
23.2694 0.459958 0.459958 2 2 3
23.2794 0.459899 0.459899 2 2 3
23.2894 0.459841 0.459841 2 2 3
23.2994 0.459782 0.459782 2 2 3
23.3094 0.459724 0.459724 2 2 3
23.3194 0.459665 0.459665 2 2 3
23.3294 0.459607 0.459607 2 2 3
23.3394 0.459548 0.459548 2 2 3
23.3494 0.45949 0.45949 2 2 3
23.3594 0.459432 0.459432 2 2 3
23.3694 0.459373 0.459373 2 2 3
23.3794 0.459315 0.459315 2 2 3
23.3894 0.459257 0.459257 2 2 3
23.3994 0.459199 0.459199 2 2 3
23.4094 0.459141 0.459141 2 2 3
23.4194 0.459083 0.459083 2 2 3
23.4294 0.459025 0.459025 2 2 3
23.4394 0.458966 0.458966 2 2 3
23.4494 0.458908 0.458908 2 2 3
23.4594 0.458851 0.458851 2 2 3
23.4694 0.458793 0.458793 2 2 3
23.4794 0.458735 0.458735 2 2 3
23.4894 0.458677 0.458677 2 2 3
23.4994 0.458619 0.458619 2 2 3
23.5094 0.458561 0.458561 2 2 3
23.5194 0.458503 0.458503 2 2 3
23.5294 0.458446 0.458446 2 2 3
23.5394 0.458388 0.458388 2 2 3
23.5494 0.45833 0.45833 2 2 3
23.5594 0.458273 0.458273 2 2 3
23.5694 0.458215 0.458215 2 2 3
23.5794 0.458158 0.458158 2 2 3
23.5894 0.4581 0.4581 2 2 3
23.5994 0.458043 0.458043 2 2 3
23.6094 0.457985 0.457985 2 2 3
23.6194 0.457928 0.457928 2 2 3
23.6294 0.457871 0.457871 2 2 3
23.6394 0.457813 0.457813 2 2 3
23.6494 0.457756 0.457756 2 2 3
23.6594 0.457699 0.457699 2 2 3
23.6694 0.457642 0.457642 2 2 3
23.6794 0.457584 0.457584 2 2 3
23.6894 0.457527 0.457527 2 2 3
23.6994 0.45747 0.45747 2 2 3
23.7094 0.457413 0.457413 2 2 3
23.7194 0.457356 0.457356 2 2 3
23.7294 0.457299 0.457299 2 2 3
23.7394 0.457242 0.457242 2 2 3
23.7494 0.457185 0.457185 2 2 3
23.7594 0.457128 0.457128 2 2 3
23.7694 0.457072 0.457072 2 2 3
23.7794 0.457015 0.457015 2 2 3
23.7894 0.456958 0.456958 2 2 3
23.7994 0.456901 0.456901 2 2 3
23.8094 0.456845 0.456845 2 2 3
23.8194 0.456788 0.456788 2 2 3
23.8294 0.456731 0.456731 2 2 3
23.8394 0.456675 0.456675 2 2 3
23.8494 0.456618 0.456618 2 2 3
23.8594 0.456562 0.456562 2 2 3
23.8694 0.456505 0.456505 2 2 3
23.8794 0.456449 0.456449 2 2 3
23.8894 0.456392 0.456392 2 2 3
23.8994 0.456336 0.456336 2 2 3
23.9094 0.456279 0.456279 2 2 3
23.9194 0.456223 0.456223 2 2 3
23.9294 0.456167 0.456167 2 2 3
23.9394 0.456111 0.456111 2 2 3
23.9494 0.456054 0.456054 2 2 3
23.9594 0.455998 0.455998 2 2 3
23.9694 0.455942 0.455942 2 2 3
23.9794 0.455886 0.455886 2 2 3
23.9894 0.45583 0.45583 2 2 3
23.9994 0.455774 0.455774 2 2 3
24.0094 0.455718 0.455718 2 2 3
24.0194 0.455662 0.455662 2 2 3
24.0294 0.455606 0.455606 2 2 3
24.0394 0.45555 0.45555 2 2 3
24.0494 0.455494 0.455494 2 2 3
24.0594 0.455438 0.455438 2 2 3
24.0694 0.455382 0.455382 2 2 3
24.0794 0.455327 0.455327 2 2 3
24.0894 0.455271 0.455271 2 2 3
24.0994 0.455215 0.455215 2 2 3
24.1094 0.455159 0.455159 2 2 3
24.1194 0.455104 0.455104 2 2 3
24.1294 0.455048 0.455048 2 2 3
24.1394 0.454993 0.454993 2 2 3
24.1494 0.454937 0.454937 2 2 3
24.1594 0.454882 0.454882 2 2 3
24.1694 0.454826 0.454826 2 2 3
24.1794 0.454771 0.454771 2 2 3
24.1894 0.454715 0.454715 2 2 3
24.1994 0.45466 0.45466 2 2 3
24.2094 0.454605 0.454605 2 2 3
24.2194 0.454549 0.454549 2 2 3
24.2294 0.454494 0.454494 2 2 3
24.2394 0.454439 0.454439 2 2 3
24.2494 0.454384 0.454384 2 2 3
24.2594 0.454329 0.454329 2 2 3
24.2694 0.454273 0.454273 2 2 3
24.2794 0.454218 0.454218 2 2 3
24.2894 0.454163 0.454163 2 2 3
24.2994 0.454108 0.454108 2 2 3
24.3094 0.454053 0.454053 2 2 3
24.3194 0.453998 0.453998 2 2 3
24.3294 0.453943 0.453943 2 2 3
24.3394 0.453888 0.453888 2 2 3
24.3494 0.453834 0.453834 2 2 3
24.3594 0.453779 0.453779 2 2 3
24.3694 0.453724 0.453724 2 2 3
24.3794 0.453669 0.453669 2 2 3
24.3894 0.453614 0.453614 2 2 3
24.3994 0.45356 0.45356 2 2 3
24.4094 0.453505 0.453505 2 2 3
24.4194 0.45345 0.45345 2 2 3
24.4294 0.453396 0.453396 2 2 3
24.4394 0.453341 0.453341 2 2 3
24.4494 0.453287 0.453287 2 2 3
24.4594 0.453232 0.453232 2 2 3
24.4694 0.453178 0.453178 2 2 3
24.4794 0.453123 0.453123 2 2 3
24.4894 0.453069 0.453069 2 2 3
24.4994 0.453015 0.453015 2 2 3
24.5094 0.45296 0.45296 2 2 3
24.5194 0.452906 0.452906 2 2 3
24.5294 0.452852 0.452852 2 2 3
24.5394 0.452797 0.452797 2 2 3
24.5494 0.452743 0.452743 2 2 3
24.5594 0.452689 0.452689 2 2 3
24.5694 0.452635 0.452635 2 2 3
24.5794 0.452581 0.452581 2 2 3
24.5894 0.452527 0.452527 2 2 3
24.5994 0.452473 0.452473 2 2 3
24.6094 0.452419 0.452419 2 2 3
24.6194 0.452365 0.452365 2 2 3
24.6294 0.452311 0.452311 2 2 3
24.6394 0.452257 0.452257 2 2 3
24.6494 0.452203 0.452203 2 2 3
24.6594 0.452149 0.452149 2 2 3
24.6694 0.452095 0.452095 2 2 3
24.6794 0.452041 0.452041 2 2 3
24.6894 0.451988 0.451988 2 2 3
24.6994 0.451934 0.451934 2 2 3
24.7094 0.45188 0.45188 2 2 3
24.7194 0.451827 0.451827 2 2 3
24.7294 0.451773 0.451773 2 2 3
24.7394 0.451719 0.451719 2 2 3
24.7494 0.451666 0.451666 2 2 3
24.7594 0.451612 0.451612 2 2 3
24.7694 0.451559 0.451559 2 2 3
24.7794 0.451505 0.451505 2 2 3
24.7894 0.451452 0.451452 2 2 3
24.7994 0.451398 0.451398 2 2 3
24.8094 0.451345 0.451345 2 2 3
24.8194 0.451292 0.451292 2 2 3
24.8294 0.451238 0.451238 2 2 3
24.8394 0.451185 0.451185 2 2 3
24.8494 0.451132 0.451132 2 2 3
24.8594 0.451079 0.451079 2 2 3
24.8694 0.451026 0.451026 2 2 3
24.8794 0.450972 0.450972 2 2 3
24.8894 0.450919 0.450919 2 2 3
24.8994 0.450866 0.450866 2 2 3
24.9094 0.450813 0.450813 2 2 3
24.9194 0.45076 0.45076 2 2 3
24.9294 0.450707 0.450707 2 2 3
24.9394 0.450654 0.450654 2 2 3
24.9494 0.450601 0.450601 2 2 3
24.9594 0.450548 0.450548 2 2 3
24.9694 0.450495 0.450495 2 2 3
24.9794 0.450443 0.450443 2 2 3
24.9894 0.45039 0.45039 2 2 3
24.9994 0.450337 0.450337 2 2 3
25.0094 0.450284 0.450284 2 2 3
25.0194 0.450231 0.450231 2 2 3
25.0294 0.450179 0.450179 2 2 3
25.0394 0.450126 0.450126 2 2 3
25.0494 0.450073 0.450073 2 2 3
25.0594 0.450021 0.450021 2 2 3
25.0694 0.449968 0.449968 2 2 3
25.0794 0.449916 0.449916 2 2 3
25.0894 0.449863 0.449863 2 2 3
25.0994 0.449811 0.449811 2 2 3
25.1094 0.449758 0.449758 2 2 3
25.1194 0.449706 0.449706 2 2 3
25.1294 0.449654 0.449654 2 2 3
25.1394 0.449601 0.449601 2 2 3
25.1494 0.449549 0.449549 2 2 3
25.1594 0.449497 0.449497 2 2 3
25.1694 0.449444 0.449444 2 2 3
25.1794 0.449392 0.449392 2 2 3
25.1894 0.44934 0.44934 2 2 3
25.1994 0.449288 0.449288 2 2 3
25.2094 0.449236 0.449236 2 2 3
25.2194 0.449184 0.449184 2 2 3
25.2294 0.449131 0.449131 2 2 3
25.2394 0.449079 0.449079 2 2 3
25.2494 0.449027 0.449027 2 2 3
25.2594 0.448975 0.448975 2 2 3
25.2694 0.448923 0.448923 2 2 3
25.2794 0.448871 0.448871 2 2 3
25.2894 0.44882 0.44882 2 2 3
25.2994 0.448768 0.448768 2 2 3
25.3094 0.448716 0.448716 2 2 3
25.3194 0.448664 0.448664 2 2 3
25.3294 0.448612 0.448612 2 2 3
25.3394 0.448561 0.448561 2 2 3
25.3494 0.448509 0.448509 2 2 3
25.3594 0.448457 0.448457 2 2 3
25.3694 0.448405 0.448405 2 2 3
25.3794 0.448354 0.448354 2 2 3
25.3894 0.448302 0.448302 2 2 3
25.3994 0.448251 0.448251 2 2 3
25.4094 0.448199 0.448199 2 2 3
25.4194 0.448148 0.448148 2 2 3
25.4294 0.448096 0.448096 2 2 3
25.4394 0.448045 0.448045 2 2 3
25.4494 0.447993 0.447993 2 2 3
25.4594 0.447942 0.447942 2 2 3
25.4694 0.447891 0.447891 2 2 3
25.4794 0.447839 0.447839 2 2 3
25.4894 0.447788 0.447788 2 2 3
25.4994 0.447737 0.447737 2 2 3
25.5094 0.447685 0.447685 2 2 3
25.5194 0.447634 0.447634 2 2 3
25.5294 0.447583 0.447583 2 2 3
25.5394 0.447532 0.447532 2 2 3
25.5494 0.447481 0.447481 2 2 3
25.5594 0.44743 0.44743 2 2 3
25.5694 0.447379 0.447379 2 2 3
25.5794 0.447327 0.447327 2 2 3
25.5894 0.447276 0.447276 2 2 3
25.5994 0.447225 0.447225 2 2 3
25.6094 0.447175 0.447175 2 2 3
25.6194 0.447124 0.447124 2 2 3
25.6294 0.447073 0.447073 2 2 3
25.6394 0.447022 0.447022 2 2 3
25.6494 0.446971 0.446971 2 2 3
25.6594 0.44692 0.44692 2 2 3
25.6694 0.446869 0.446869 2 2 3
25.6794 0.446819 0.446819 2 2 3
25.6894 0.446768 0.446768 2 2 3
25.6994 0.446717 0.446717 2 2 3
25.7094 0.446667 0.446667 2 2 3
25.7194 0.446616 0.446616 2 2 3
25.7294 0.446565 0.446565 2 2 3
25.7394 0.446515 0.446515 2 2 3
25.7494 0.446464 0.446464 2 2 3
25.7594 0.446414 0.446414 2 2 3
25.7694 0.446363 0.446363 2 2 3
25.7794 0.446313 0.446313 2 2 3
25.7894 0.446262 0.446262 2 2 3
25.7994 0.446212 0.446212 2 2 3
25.8094 0.446161 0.446161 2 2 3
25.8194 0.446111 0.446111 2 2 3
25.8294 0.446061 0.446061 2 2 3
25.8394 0.446011 0.446011 2 2 3
25.8494 0.44596 0.44596 2 2 3
25.8594 0.44591 0.44591 2 2 3
25.8694 0.44586 0.44586 2 2 3
25.8794 0.44581 0.44581 2 2 3
25.8894 0.445759 0.445759 2 2 3
25.8994 0.445709 0.445709 2 2 3
25.9094 0.445659 0.445659 2 2 3
25.9194 0.445609 0.445609 2 2 3
25.9294 0.445559 0.445559 2 2 3
25.9394 0.445509 0.445509 2 2 3
25.9494 0.445459 0.445459 2 2 3
25.9594 0.445409 0.445409 2 2 3
25.9694 0.445359 0.445359 2 2 3
25.9794 0.445309 0.445309 2 2 3
25.9894 0.44526 0.44526 2 2 3
25.9994 0.44521 0.44521 2 2 3
26.0094 0.44516 0.44516 2 2 3
26.0194 0.44511 0.44511 2 2 3
26.0294 0.44506 0.44506 2 2 3
26.0394 0.445011 0.445011 2 2 3
26.0494 0.444961 0.444961 2 2 3
26.0594 0.444911 0.444911 2 2 3
26.0694 0.444862 0.444862 2 2 3
26.0794 0.444812 0.444812 2 2 3
26.0894 0.444762 0.444762 2 2 3
26.0994 0.444713 0.444713 2 2 3
26.1094 0.444663 0.444663 2 2 3
26.1194 0.444614 0.444614 2 2 3
26.1294 0.444564 0.444564 2 2 3
26.1394 0.444515 0.444515 2 2 3
26.1494 0.444465 0.444465 2 2 3
26.1594 0.444416 0.444416 2 2 3
26.1694 0.444367 0.444367 2 2 3
26.1794 0.444317 0.444317 2 2 3
26.1894 0.444268 0.444268 2 2 3
26.1994 0.444219 0.444219 2 2 3
26.2094 0.444169 0.444169 2 2 3
26.2194 0.44412 0.44412 2 2 3
26.2294 0.444071 0.444071 2 2 3
26.2394 0.444022 0.444022 2 2 3
26.2494 0.443973 0.443973 2 2 3
26.2594 0.443923 0.443923 2 2 3
26.2694 0.443874 0.443874 2 2 3
26.2794 0.443825 0.443825 2 2 3
26.2894 0.443776 0.443776 2 2 3
26.2994 0.443727 0.443727 2 2 3
26.3094 0.443678 0.443678 2 2 3
26.3194 0.443629 0.443629 2 2 3
26.3294 0.44358 0.44358 2 2 3
26.3394 0.443531 0.443531 2 2 3
26.3494 0.443483 0.443483 2 2 3
26.3594 0.443434 0.443434 2 2 3
26.3694 0.443385 0.443385 2 2 3
26.3794 0.443336 0.443336 2 2 3
26.3894 0.443287 0.443287 2 2 3
26.3994 0.443238 0.443238 2 2 3
26.4094 0.44319 0.44319 2 2 3
26.4194 0.443141 0.443141 2 2 3
26.4294 0.443092 0.443092 2 2 3
26.4394 0.443044 0.443044 2 2 3
26.4494 0.442995 0.442995 2 2 3
26.4594 0.442947 0.442947 2 2 3
26.4694 0.442898 0.442898 2 2 3
26.4794 0.442849 0.442849 2 2 3
26.4894 0.442801 0.442801 2 2 3
26.4994 0.442752 0.442752 2 2 3
26.5094 0.442704 0.442704 2 2 3
26.5194 0.442656 0.442656 2 2 3
26.5294 0.442607 0.442607 2 2 3
26.5394 0.442559 0.442559 2 2 3
26.5494 0.44251 0.44251 2 2 3
26.5594 0.442462 0.442462 2 2 3
26.5694 0.442414 0.442414 2 2 3
26.5794 0.442366 0.442366 2 2 3
26.5894 0.442317 0.442317 2 2 3
26.5994 0.442269 0.442269 2 2 3
26.6094 0.442221 0.442221 2 2 3
26.6194 0.442173 0.442173 2 2 3
26.6294 0.442125 0.442125 2 2 3
26.6394 0.442076 0.442076 2 2 3
26.6494 0.442028 0.442028 2 2 3
26.6594 0.44198 0.44198 2 2 3
26.6694 0.441932 0.441932 2 2 3
26.6794 0.441884 0.441884 2 2 3
26.6894 0.441836 0.441836 2 2 3
26.6994 0.441788 0.441788 2 2 3
26.7094 0.44174 0.44174 2 2 3
26.7194 0.441692 0.441692 2 2 3
26.7294 0.441645 0.441645 2 2 3
26.7394 0.441597 0.441597 2 2 3
26.7494 0.441549 0.441549 2 2 3
26.7594 0.441501 0.441501 2 2 3
26.7694 0.441453 0.441453 2 2 3
26.7794 0.441406 0.441406 2 2 3
26.7894 0.441358 0.441358 2 2 3
26.7994 0.44131 0.44131 2 2 3
26.8094 0.441263 0.441263 2 2 3
26.8194 0.441215 0.441215 2 2 3
26.8294 0.441167 0.441167 2 2 3
26.8394 0.44112 0.44112 2 2 3
26.8494 0.441072 0.441072 2 2 3
26.8594 0.441025 0.441025 2 2 3
26.8694 0.440977 0.440977 2 2 3
26.8794 0.44093 0.44093 2 2 3
26.8894 0.440882 0.440882 2 2 3
26.8994 0.440835 0.440835 2 2 3
26.9094 0.440787 0.440787 2 2 3
26.9194 0.44074 0.44074 2 2 3
26.9294 0.440692 0.440692 2 2 3
26.9394 0.440645 0.440645 2 2 3
26.9494 0.440598 0.440598 2 2 3
26.9594 0.440551 0.440551 2 2 3
26.9694 0.440503 0.440503 2 2 3
26.9794 0.440456 0.440456 2 2 3
26.9894 0.440409 0.440409 2 2 3
26.9994 0.440362 0.440362 2 2 3
27.0094 0.440314 0.440314 2 2 3
27.0194 0.440267 0.440267 2 2 3
27.0294 0.44022 0.44022 2 2 3
27.0394 0.440173 0.440173 2 2 3
27.0494 0.440126 0.440126 2 2 3
27.0594 0.440079 0.440079 2 2 3
27.0694 0.440032 0.440032 2 2 3
27.0794 0.439985 0.439985 2 2 3
27.0894 0.439938 0.439938 2 2 3
27.0994 0.439891 0.439891 2 2 3
27.1094 0.439844 0.439844 2 2 3
27.1194 0.439797 0.439797 2 2 3
27.1294 0.43975 0.43975 2 2 3
27.1394 0.439704 0.439704 2 2 3
27.1494 0.439657 0.439657 2 2 3
27.1594 0.43961 0.43961 2 2 3
27.1694 0.439563 0.439563 2 2 3
27.1794 0.439517 0.439517 2 2 3
27.1894 0.43947 0.43947 2 2 3
27.1994 0.439423 0.439423 2 2 3
27.2094 0.439376 0.439376 2 2 3
27.2194 0.43933 0.43933 2 2 3
27.2294 0.439283 0.439283 2 2 3
27.2394 0.439237 0.439237 2 2 3
27.2494 0.43919 0.43919 2 2 3
27.2594 0.439144 0.439144 2 2 3
27.2694 0.439097 0.439097 2 2 3
27.2794 0.439051 0.439051 2 2 3
27.2894 0.439004 0.439004 2 2 3
27.2994 0.438958 0.438958 2 2 3
27.3094 0.438911 0.438911 2 2 3
27.3194 0.438865 0.438865 2 2 3
27.3294 0.438818 0.438818 2 2 3
27.3394 0.438772 0.438772 2 2 3
27.3494 0.438726 0.438726 2 2 3
27.3594 0.438679 0.438679 2 2 3
27.3694 0.438633 0.438633 2 2 3
27.3794 0.438587 0.438587 2 2 3
27.3894 0.438541 0.438541 2 2 3
27.3994 0.438495 0.438495 2 2 3
27.4094 0.438448 0.438448 2 2 3
27.4194 0.438402 0.438402 2 2 3
27.4294 0.438356 0.438356 2 2 3
27.4394 0.43831 0.43831 2 2 3
27.4494 0.438264 0.438264 2 2 3
27.4594 0.438218 0.438218 2 2 3
27.4694 0.438172 0.438172 2 2 3
27.4794 0.438126 0.438126 2 2 3
27.4894 0.43808 0.43808 2 2 3
27.4994 0.438034 0.438034 2 2 3
27.5094 0.437988 0.437988 2 2 3
27.5194 0.437942 0.437942 2 2 3
27.5294 0.437896 0.437896 2 2 3
27.5394 0.43785 0.43785 2 2 3
27.5494 0.437805 0.437805 2 2 3
27.5594 0.437759 0.437759 2 2 3
27.5694 0.437713 0.437713 2 2 3
27.5794 0.437667 0.437667 2 2 3
27.5894 0.437621 0.437621 2 2 3
27.5994 0.437576 0.437576 2 2 3
27.6094 0.43753 0.43753 2 2 3
27.6194 0.437484 0.437484 2 2 3
27.6294 0.437439 0.437439 2 2 3
27.6394 0.437393 0.437393 2 2 3
27.6494 0.437347 0.437347 2 2 3
27.6594 0.437302 0.437302 2 2 3
27.6694 0.437256 0.437256 2 2 3
27.6794 0.437211 0.437211 2 2 3
27.6894 0.437165 0.437165 2 2 3
27.6994 0.43712 0.43712 2 2 3
27.7094 0.437074 0.437074 2 2 3
27.7194 0.437029 0.437029 2 2 3
27.7294 0.436984 0.436984 2 2 3
27.7394 0.436938 0.436938 2 2 3
27.7494 0.436893 0.436893 2 2 3
27.7594 0.436848 0.436848 2 2 3
27.7694 0.436802 0.436802 2 2 3
27.7794 0.436757 0.436757 2 2 3
27.7894 0.436712 0.436712 2 2 3
27.7994 0.436666 0.436666 2 2 3
27.8094 0.436621 0.436621 2 2 3
27.8194 0.436576 0.436576 2 2 3
27.8294 0.436531 0.436531 2 2 3
27.8394 0.436486 0.436486 2 2 3
27.8494 0.436441 0.436441 2 2 3
27.8594 0.436395 0.436395 2 2 3
27.8694 0.43635 0.43635 2 2 3
27.8794 0.436305 0.436305 2 2 3
27.8894 0.43626 0.43626 2 2 3
27.8994 0.436215 0.436215 2 2 3
27.9094 0.43617 0.43617 2 2 3
27.9194 0.436125 0.436125 2 2 3
27.9294 0.43608 0.43608 2 2 3
27.9394 0.436036 0.436036 2 2 3
27.9494 0.435991 0.435991 2 2 3
27.9594 0.435946 0.435946 2 2 3
27.9694 0.435901 0.435901 2 2 3
27.9794 0.435856 0.435856 2 2 3
27.9894 0.435811 0.435811 2 2 3
27.9994 0.435766 0.435766 2 2 3
28.0094 0.435722 0.435722 2 2 3
28.0194 0.435677 0.435677 2 2 3
28.0294 0.435632 0.435632 2 2 3
28.0394 0.435588 0.435588 2 2 3
28.0494 0.435543 0.435543 2 2 3
28.0594 0.435498 0.435498 2 2 3
28.0694 0.435454 0.435454 2 2 3
28.0794 0.435409 0.435409 2 2 3
28.0894 0.435365 0.435365 2 2 3
28.0994 0.43532 0.43532 2 2 3
28.1094 0.435275 0.435275 2 2 3
28.1194 0.435231 0.435231 2 2 3
28.1294 0.435186 0.435186 2 2 3
28.1394 0.435142 0.435142 2 2 3
28.1494 0.435098 0.435098 2 2 3
28.1594 0.435053 0.435053 2 2 3
28.1694 0.435009 0.435009 2 2 3
28.1794 0.434964 0.434964 2 2 3
28.1894 0.43492 0.43492 2 2 3
28.1994 0.434876 0.434876 2 2 3
28.2094 0.434831 0.434831 2 2 3
28.2194 0.434787 0.434787 2 2 3
28.2294 0.434743 0.434743 2 2 3
28.2394 0.434699 0.434699 2 2 3
28.2494 0.434655 0.434655 2 2 3
28.2594 0.43461 0.43461 2 2 3
28.2694 0.434566 0.434566 2 2 3
28.2794 0.434522 0.434522 2 2 3
28.2894 0.434478 0.434478 2 2 3
28.2994 0.434434 0.434434 2 2 3
28.3094 0.43439 0.43439 2 2 3
28.3194 0.434346 0.434346 2 2 3
28.3294 0.434302 0.434302 2 2 3
28.3394 0.434258 0.434258 2 2 3
28.3494 0.434214 0.434214 2 2 3
28.3594 0.43417 0.43417 2 2 3
28.3694 0.434126 0.434126 2 2 3
28.3794 0.434082 0.434082 2 2 3
28.3894 0.434038 0.434038 2 2 3
28.3994 0.433994 0.433994 2 2 3
28.4094 0.43395 0.43395 2 2 3
28.4194 0.433906 0.433906 2 2 3
28.4294 0.433863 0.433863 2 2 3
28.4394 0.433819 0.433819 2 2 3
28.4494 0.433775 0.433775 2 2 3
28.4594 0.433731 0.433731 2 2 3
28.4694 0.433688 0.433688 2 2 3
28.4794 0.433644 0.433644 2 2 3
28.4893 0.4336 0.4336 2 2 3
28.4993 0.433557 0.433557 2 2 3
28.5093 0.433513 0.433513 2 2 3
28.5193 0.433469 0.433469 2 2 3
28.5293 0.433426 0.433426 2 2 3
28.5393 0.433382 0.433382 2 2 3
28.5493 0.433339 0.433339 2 2 3
28.5593 0.433295 0.433295 2 2 3
28.5693 0.433252 0.433252 2 2 3
28.5793 0.433208 0.433208 2 2 3
28.5893 0.433165 0.433165 2 2 3
28.5993 0.433121 0.433121 2 2 3
28.6093 0.433078 0.433078 2 2 3
28.6193 0.433034 0.433034 2 2 3
28.6293 0.432991 0.432991 2 2 3
28.6393 0.432948 0.432948 2 2 3
28.6493 0.432904 0.432904 2 2 3
28.6593 0.432861 0.432861 2 2 3
28.6693 0.432818 0.432818 2 2 3
28.6793 0.432775 0.432775 2 2 3
28.6893 0.432731 0.432731 2 2 3
28.6993 0.432688 0.432688 2 2 3
28.7093 0.432645 0.432645 2 2 3
28.7193 0.432602 0.432602 2 2 3
28.7293 0.432559 0.432559 2 2 3
28.7393 0.432515 0.432515 2 2 3
28.7493 0.432472 0.432472 2 2 3
28.7593 0.432429 0.432429 2 2 3
28.7693 0.432386 0.432386 2 2 3
28.7793 0.432343 0.432343 2 2 3
28.7893 0.4323 0.4323 2 2 3
28.7993 0.432257 0.432257 2 2 3
28.8093 0.432214 0.432214 2 2 3
28.8193 0.432171 0.432171 2 2 3
28.8293 0.432128 0.432128 2 2 3
28.8393 0.432085 0.432085 2 2 3
28.8493 0.432042 0.432042 2 2 3
28.8593 0.432 0.432 2 2 3
28.8693 0.431957 0.431957 2 2 3
28.8793 0.431914 0.431914 2 2 3
28.8893 0.431871 0.431871 2 2 3
28.8993 0.431828 0.431828 2 2 3
28.9093 0.431786 0.431786 2 2 3
28.9193 0.431743 0.431743 2 2 3
28.9293 0.4317 0.4317 2 2 3
28.9393 0.431657 0.431657 2 2 3
28.9493 0.431615 0.431615 2 2 3
28.9593 0.431572 0.431572 2 2 3
28.9693 0.431529 0.431529 2 2 3
28.9793 0.431487 0.431487 2 2 3
28.9893 0.431444 0.431444 2 2 3
28.9993 0.431402 0.431402 2 2 3
29.0093 0.431359 0.431359 2 2 3
29.0193 0.431316 0.431316 2 2 3
29.0293 0.431274 0.431274 2 2 3
29.0393 0.431231 0.431231 2 2 3
29.0493 0.431189 0.431189 2 2 3
29.0593 0.431147 0.431147 2 2 3
29.0693 0.431104 0.431104 2 2 3
29.0793 0.431062 0.431062 2 2 3
29.0893 0.431019 0.431019 2 2 3
29.0993 0.430977 0.430977 2 2 3
29.1093 0.430935 0.430935 2 2 3
29.1193 0.430892 0.430892 2 2 3
29.1293 0.43085 0.43085 2 2 3
29.1393 0.430808 0.430808 2 2 3
29.1493 0.430765 0.430765 2 2 3
29.1593 0.430723 0.430723 2 2 3
29.1693 0.430681 0.430681 2 2 3
29.1793 0.430639 0.430639 2 2 3
29.1893 0.430597 0.430597 2 2 3
29.1993 0.430554 0.430554 2 2 3
29.2093 0.430512 0.430512 2 2 3
29.2193 0.43047 0.43047 2 2 3
29.2293 0.430428 0.430428 2 2 3
29.2393 0.430386 0.430386 2 2 3
29.2493 0.430344 0.430344 2 2 3
29.2593 0.430302 0.430302 2 2 3
29.2693 0.43026 0.43026 2 2 3
29.2793 0.430218 0.430218 2 2 3
29.2893 0.430176 0.430176 2 2 3
29.2993 0.430134 0.430134 2 2 3
29.3093 0.430092 0.430092 2 2 3
29.3193 0.43005 0.43005 2 2 3
29.3293 0.430008 0.430008 2 2 3
29.3393 0.429966 0.429966 2 2 3
29.3493 0.429924 0.429924 2 2 3
29.3593 0.429883 0.429883 2 2 3
29.3693 0.429841 0.429841 2 2 3
29.3793 0.429799 0.429799 2 2 3
29.3893 0.429757 0.429757 2 2 3
29.3993 0.429715 0.429715 2 2 3
29.4093 0.429674 0.429674 2 2 3
29.4193 0.429632 0.429632 2 2 3
29.4293 0.42959 0.42959 2 2 3
29.4393 0.429549 0.429549 2 2 3
29.4493 0.429507 0.429507 2 2 3
29.4593 0.429465 0.429465 2 2 3
29.4693 0.429424 0.429424 2 2 3
29.4793 0.429382 0.429382 2 2 3
29.4893 0.429341 0.429341 2 2 3
29.4993 0.429299 0.429299 2 2 3
29.5093 0.429258 0.429258 2 2 3
29.5193 0.429216 0.429216 2 2 3
29.5293 0.429175 0.429175 2 2 3
29.5393 0.429133 0.429133 2 2 3
29.5493 0.429092 0.429092 2 2 3
29.5593 0.42905 0.42905 2 2 3
29.5693 0.429009 0.429009 2 2 3
29.5793 0.428967 0.428967 2 2 3
29.5893 0.428926 0.428926 2 2 3
29.5993 0.428885 0.428885 2 2 3
29.6093 0.428843 0.428843 2 2 3
29.6193 0.428802 0.428802 2 2 3
29.6293 0.428761 0.428761 2 2 3
29.6393 0.428719 0.428719 2 2 3
29.6493 0.428678 0.428678 2 2 3
29.6593 0.428637 0.428637 2 2 3
29.6693 0.428596 0.428596 2 2 3
29.6793 0.428555 0.428555 2 2 3
29.6893 0.428513 0.428513 2 2 3
29.6993 0.428472 0.428472 2 2 3
29.7093 0.428431 0.428431 2 2 3
29.7193 0.42839 0.42839 2 2 3
29.7293 0.428349 0.428349 2 2 3
29.7393 0.428308 0.428308 2 2 3
29.7493 0.428267 0.428267 2 2 3
29.7593 0.428226 0.428226 2 2 3
29.7693 0.428185 0.428185 2 2 3
29.7793 0.428144 0.428144 2 2 3
29.7893 0.428103 0.428103 2 2 3
29.7993 0.428062 0.428062 2 2 3
29.8093 0.428021 0.428021 2 2 3
29.8193 0.42798 0.42798 2 2 3
29.8293 0.427939 0.427939 2 2 3
29.8393 0.427898 0.427898 2 2 3
29.8493 0.427857 0.427857 2 2 3
29.8593 0.427817 0.427817 2 2 3
29.8693 0.427776 0.427776 2 2 3
29.8793 0.427735 0.427735 2 2 3
29.8893 0.427694 0.427694 2 2 3
29.8993 0.427653 0.427653 2 2 3
29.9093 0.427613 0.427613 2 2 3
29.9193 0.427572 0.427572 2 2 3
29.9293 0.427531 0.427531 2 2 3
29.9393 0.427491 0.427491 2 2 3
29.9493 0.42745 0.42745 2 2 3
29.9593 0.427409 0.427409 2 2 3
29.9693 0.427369 0.427369 2 2 3
29.9793 0.427328 0.427328 2 2 3
29.9893 0.427287 0.427287 2 2 3
29.9993 0.427247 0.427247 2 2 3
30.0093 0.427206 0.427206 2 2 3
30.0193 0.427166 0.427166 2 2 3
30.0293 0.427125 0.427125 2 2 3
30.0393 0.427085 0.427085 2 2 3
30.0493 0.427044 0.427044 2 2 3
30.0593 0.427004 0.427004 2 2 3
30.0693 0.426963 0.426963 2 2 3
30.0793 0.426923 0.426923 2 2 3
30.0893 0.426883 0.426883 2 2 3
30.0993 0.426842 0.426842 2 2 3
30.1093 0.426802 0.426802 2 2 3
30.1193 0.426762 0.426762 2 2 3
30.1293 0.426721 0.426721 2 2 3
30.1393 0.426681 0.426681 2 2 3
30.1493 0.426641 0.426641 2 2 3
30.1593 0.4266 0.4266 2 2 3
30.1693 0.42656 0.42656 2 2 3
30.1793 0.42652 0.42652 2 2 3
30.1893 0.42648 0.42648 2 2 3
30.1993 0.42644 0.42644 2 2 3
30.2093 0.426399 0.426399 2 2 3
30.2193 0.426359 0.426359 2 2 3
30.2293 0.426319 0.426319 2 2 3
30.2393 0.426279 0.426279 2 2 3
30.2493 0.426239 0.426239 2 2 3
30.2593 0.426199 0.426199 2 2 3
30.2693 0.426159 0.426159 2 2 3
30.2793 0.426119 0.426119 2 2 3
30.2893 0.426079 0.426079 2 2 3
30.2993 0.426039 0.426039 2 2 3
30.3093 0.425999 0.425999 2 2 3
30.3193 0.425959 0.425959 2 2 3
30.3293 0.425919 0.425919 2 2 3
30.3393 0.425879 0.425879 2 2 3
30.3493 0.425839 0.425839 2 2 3
30.3593 0.425799 0.425799 2 2 3
30.3693 0.425759 0.425759 2 2 3
30.3793 0.425719 0.425719 2 2 3
30.3893 0.42568 0.42568 2 2 3
30.3993 0.42564 0.42564 2 2 3
30.4093 0.4256 0.4256 2 2 3
30.4193 0.42556 0.42556 2 2 3
30.4293 0.42552 0.42552 2 2 3
30.4393 0.425481 0.425481 2 2 3
30.4493 0.425441 0.425441 2 2 3
30.4593 0.425401 0.425401 2 2 3
30.4693 0.425362 0.425362 2 2 3
30.4793 0.425322 0.425322 2 2 3
30.4893 0.425282 0.425282 2 2 3
30.4993 0.425243 0.425243 2 2 3
30.5093 0.425203 0.425203 2 2 3
30.5193 0.425164 0.425164 2 2 3
30.5293 0.425124 0.425124 2 2 3
30.5393 0.425084 0.425084 2 2 3
30.5493 0.425045 0.425045 2 2 3
30.5593 0.425005 0.425005 2 2 3
30.5693 0.424966 0.424966 2 2 3
30.5793 0.424926 0.424926 2 2 3
30.5893 0.424887 0.424887 2 2 3
30.5993 0.424847 0.424847 2 2 3
30.6093 0.424808 0.424808 2 2 3
30.6193 0.424769 0.424769 2 2 3
30.6293 0.424729 0.424729 2 2 3
30.6393 0.42469 0.42469 2 2 3
30.6493 0.424651 0.424651 2 2 3
30.6593 0.424611 0.424611 2 2 3
30.6693 0.424572 0.424572 2 2 3
30.6793 0.424533 0.424533 2 2 3
30.6893 0.424493 0.424493 2 2 3
30.6993 0.424454 0.424454 2 2 3
30.7093 0.424415 0.424415 2 2 3
30.7193 0.424376 0.424376 2 2 3
30.7293 0.424336 0.424336 2 2 3
30.7393 0.424297 0.424297 2 2 3
30.7493 0.424258 0.424258 2 2 3
30.7593 0.424219 0.424219 2 2 3
30.7693 0.42418 0.42418 2 2 3
30.7793 0.424141 0.424141 2 2 3
30.7893 0.424102 0.424102 2 2 3
30.7993 0.424063 0.424063 2 2 3
30.8093 0.424023 0.424023 2 2 3
30.8193 0.423984 0.423984 2 2 3
30.8293 0.423945 0.423945 2 2 3
30.8393 0.423906 0.423906 2 2 3
30.8493 0.423867 0.423867 2 2 3
30.8593 0.423828 0.423828 2 2 3
30.8693 0.423789 0.423789 2 2 3
30.8793 0.423751 0.423751 2 2 3
30.8893 0.423712 0.423712 2 2 3
30.8993 0.423673 0.423673 2 2 3
30.9093 0.423634 0.423634 2 2 3
30.9193 0.423595 0.423595 2 2 3
30.9293 0.423556 0.423556 2 2 3
30.9393 0.423517 0.423517 2 2 3
30.9493 0.423479 0.423479 2 2 3
30.9593 0.42344 0.42344 2 2 3
30.9693 0.423401 0.423401 2 2 3
30.9793 0.423362 0.423362 2 2 3
30.9893 0.423323 0.423323 2 2 3
30.9993 0.423285 0.423285 2 2 3
31.0093 0.423246 0.423246 2 2 3
31.0193 0.423207 0.423207 2 2 3
31.0293 0.423169 0.423169 2 2 3
31.0393 0.42313 0.42313 2 2 3
31.0493 0.423091 0.423091 2 2 3
31.0593 0.423053 0.423053 2 2 3
31.0693 0.423014 0.423014 2 2 3
31.0793 0.422976 0.422976 2 2 3
31.0893 0.422937 0.422937 2 2 3
31.0993 0.422899 0.422899 2 2 3
31.1093 0.42286 0.42286 2 2 3
31.1193 0.422821 0.422821 2 2 3
31.1293 0.422783 0.422783 2 2 3
31.1393 0.422745 0.422745 2 2 3
31.1493 0.422706 0.422706 2 2 3
31.1593 0.422668 0.422668 2 2 3
31.1693 0.422629 0.422629 2 2 3
31.1793 0.422591 0.422591 2 2 3
31.1893 0.422552 0.422552 2 2 3
31.1993 0.422514 0.422514 2 2 3
31.2093 0.422476 0.422476 2 2 3
31.2193 0.422437 0.422437 2 2 3
31.2293 0.422399 0.422399 2 2 3
31.2393 0.422361 0.422361 2 2 3
31.2493 0.422322 0.422322 2 2 3
31.2593 0.422284 0.422284 2 2 3
31.2693 0.422246 0.422246 2 2 3
31.2793 0.422208 0.422208 2 2 3
31.2893 0.42217 0.42217 2 2 3
31.2993 0.422131 0.422131 2 2 3
31.3093 0.422093 0.422093 2 2 3
31.3193 0.422055 0.422055 2 2 3
31.3293 0.422017 0.422017 2 2 3
31.3393 0.421979 0.421979 2 2 3
31.3493 0.421941 0.421941 2 2 3
31.3593 0.421903 0.421903 2 2 3
31.3693 0.421864 0.421864 2 2 3
31.3793 0.421826 0.421826 2 2 3
31.3893 0.421788 0.421788 2 2 3
31.3993 0.42175 0.42175 2 2 3
31.4093 0.421712 0.421712 2 2 3
31.4193 0.421674 0.421674 2 2 3
31.4293 0.421636 0.421636 2 2 3
31.4393 0.421598 0.421598 2 2 3
31.4493 0.42156 0.42156 2 2 3
31.4593 0.421523 0.421523 2 2 3
31.4693 0.421485 0.421485 2 2 3
31.4793 0.421447 0.421447 2 2 3
31.4893 0.421409 0.421409 2 2 3
31.4993 0.421371 0.421371 2 2 3
31.5093 0.421333 0.421333 2 2 3
31.5193 0.421295 0.421295 2 2 3
31.5293 0.421258 0.421258 2 2 3
31.5393 0.42122 0.42122 2 2 3
31.5493 0.421182 0.421182 2 2 3
31.5593 0.421144 0.421144 2 2 3
31.5693 0.421107 0.421107 2 2 3
31.5793 0.421069 0.421069 2 2 3
31.5893 0.421031 0.421031 2 2 3
31.5993 0.420993 0.420993 2 2 3
31.6093 0.420956 0.420956 2 2 3
31.6193 0.420918 0.420918 2 2 3
31.6293 0.42088 0.42088 2 2 3
31.6393 0.420843 0.420843 2 2 3
31.6493 0.420805 0.420805 2 2 3
31.6593 0.420768 0.420768 2 2 3
31.6693 0.42073 0.42073 2 2 3
31.6793 0.420693 0.420693 2 2 3
31.6893 0.420655 0.420655 2 2 3
31.6993 0.420618 0.420618 2 2 3
31.7093 0.42058 0.42058 2 2 3
31.7193 0.420543 0.420543 2 2 3
31.7293 0.420505 0.420505 2 2 3
31.7393 0.420468 0.420468 2 2 3
31.7493 0.42043 0.42043 2 2 3
31.7593 0.420393 0.420393 2 2 3
31.7693 0.420355 0.420355 2 2 3
31.7793 0.420318 0.420318 2 2 3
31.7893 0.420281 0.420281 2 2 3
31.7993 0.420243 0.420243 2 2 3
31.8093 0.420206 0.420206 2 2 3
31.8193 0.420169 0.420169 2 2 3
31.8293 0.420131 0.420131 2 2 3
31.8393 0.420094 0.420094 2 2 3
31.8493 0.420057 0.420057 2 2 3
31.8593 0.42002 0.42002 2 2 3
31.8693 0.419982 0.419982 2 2 3
31.8793 0.419945 0.419945 2 2 3
31.8893 0.419908 0.419908 2 2 3
31.8993 0.419871 0.419871 2 2 3
31.9093 0.419834 0.419834 2 2 3
31.9193 0.419796 0.419796 2 2 3
31.9293 0.419759 0.419759 2 2 3
31.9393 0.419722 0.419722 2 2 3
31.9493 0.419685 0.419685 2 2 3
31.9593 0.419648 0.419648 2 2 3
31.9693 0.419611 0.419611 2 2 3
31.9793 0.419574 0.419574 2 2 3
31.9893 0.419537 0.419537 2 2 3
31.9993 0.4195 0.4195 2 2 3
32.0093 0.419463 0.419463 2 2 3
32.0193 0.419426 0.419426 2 2 3
32.0293 0.419389 0.419389 2 2 3
32.0393 0.419352 0.419352 2 2 3
32.0493 0.419315 0.419315 2 2 3
32.0593 0.419278 0.419278 2 2 3
32.0693 0.419241 0.419241 2 2 3
32.0793 0.419204 0.419204 2 2 3
32.0893 0.419167 0.419167 2 2 3
32.0993 0.419131 0.419131 2 2 3
32.1093 0.419094 0.419094 2 2 3
32.1193 0.419057 0.419057 2 2 3
32.1293 0.41902 0.41902 2 2 3
32.1393 0.418983 0.418983 2 2 3
32.1493 0.418946 0.418946 2 2 3
32.1593 0.41891 0.41891 2 2 3
32.1693 0.418873 0.418873 2 2 3
32.1793 0.418836 0.418836 2 2 3
32.1893 0.4188 0.4188 2 2 3
32.1993 0.418763 0.418763 2 2 3
32.2093 0.418726 0.418726 2 2 3
32.2193 0.41869 0.41869 2 2 3
32.2293 0.418653 0.418653 2 2 3
32.2393 0.418616 0.418616 2 2 3
32.2493 0.41858 0.41858 2 2 3
32.2593 0.418543 0.418543 2 2 3
32.2693 0.418506 0.418506 2 2 3
32.2793 0.41847 0.41847 2 2 3
32.2893 0.418433 0.418433 2 2 3
32.2993 0.418397 0.418397 2 2 3
32.3093 0.41836 0.41836 2 2 3
32.3193 0.418324 0.418324 2 2 3
32.3293 0.418287 0.418287 2 2 3
32.3393 0.418251 0.418251 2 2 3
32.3493 0.418214 0.418214 2 2 3
32.3593 0.418178 0.418178 2 2 3
32.3693 0.418141 0.418141 2 2 3
32.3793 0.418105 0.418105 2 2 3
32.3893 0.418069 0.418069 2 2 3
32.3993 0.418032 0.418032 2 2 3
32.4093 0.417996 0.417996 2 2 3
32.4193 0.41796 0.41796 2 2 3
32.4293 0.417923 0.417923 2 2 3
32.4393 0.417887 0.417887 2 2 3
32.4493 0.417851 0.417851 2 2 3
32.4593 0.417814 0.417814 2 2 3
32.4693 0.417778 0.417778 2 2 3
32.4793 0.417742 0.417742 2 2 3
32.4893 0.417706 0.417706 2 2 3
32.4993 0.417669 0.417669 2 2 3
32.5093 0.417633 0.417633 2 2 3
32.5193 0.417597 0.417597 2 2 3
32.5293 0.417561 0.417561 2 2 3
32.5393 0.417525 0.417525 2 2 3
32.5493 0.417489 0.417489 2 2 3
32.5593 0.417452 0.417452 2 2 3
32.5693 0.417416 0.417416 2 2 3
32.5793 0.41738 0.41738 2 2 3
32.5893 0.417344 0.417344 2 2 3
32.5993 0.417308 0.417308 2 2 3
32.6093 0.417272 0.417272 2 2 3
32.6193 0.417236 0.417236 2 2 3
32.6293 0.4172 0.4172 2 2 3
32.6393 0.417164 0.417164 2 2 3
32.6493 0.417128 0.417128 2 2 3
32.6593 0.417092 0.417092 2 2 3
32.6693 0.417056 0.417056 2 2 3
32.6793 0.41702 0.41702 2 2 3
32.6893 0.416984 0.416984 2 2 3
32.6993 0.416948 0.416948 2 2 3
32.7093 0.416912 0.416912 2 2 3
32.7193 0.416877 0.416877 2 2 3
32.7293 0.416841 0.416841 2 2 3
32.7393 0.416805 0.416805 2 2 3
32.7493 0.416769 0.416769 2 2 3
32.7593 0.416733 0.416733 2 2 3
32.7693 0.416697 0.416697 2 2 3
32.7793 0.416662 0.416662 2 2 3
32.7893 0.416626 0.416626 2 2 3
32.7993 0.41659 0.41659 2 2 3
32.8093 0.416554 0.416554 2 2 3
32.8193 0.416519 0.416519 2 2 3
32.8293 0.416483 0.416483 2 2 3
32.8393 0.416447 0.416447 2 2 3
32.8493 0.416412 0.416412 2 2 3
32.8593 0.416376 0.416376 2 2 3
32.8693 0.41634 0.41634 2 2 3
32.8793 0.416305 0.416305 2 2 3
32.8893 0.416269 0.416269 2 2 3
32.8993 0.416233 0.416233 2 2 3
32.9093 0.416198 0.416198 2 2 3
32.9193 0.416162 0.416162 2 2 3
32.9293 0.416127 0.416127 2 2 3
32.9393 0.416091 0.416091 2 2 3
32.9493 0.416056 0.416056 2 2 3
32.9593 0.41602 0.41602 2 2 3
32.9693 0.415985 0.415985 2 2 3
32.9793 0.415949 0.415949 2 2 3
32.9893 0.415914 0.415914 2 2 3
32.9993 0.415878 0.415878 2 2 3
33.0093 0.415843 0.415843 2 2 3
33.0193 0.415807 0.415807 2 2 3
33.0293 0.415772 0.415772 2 2 3
33.0393 0.415737 0.415737 2 2 3
33.0493 0.415701 0.415701 2 2 3
33.0593 0.415666 0.415666 2 2 3
33.0693 0.415631 0.415631 2 2 3
33.0793 0.415595 0.415595 2 2 3
33.0893 0.41556 0.41556 2 2 3
33.0993 0.415525 0.415525 2 2 3
33.1093 0.415489 0.415489 2 2 3
33.1193 0.415454 0.415454 2 2 3
33.1293 0.415419 0.415419 2 2 3
33.1393 0.415384 0.415384 2 2 3
33.1493 0.415348 0.415348 2 2 3
33.1593 0.415313 0.415313 2 2 3
33.1693 0.415278 0.415278 2 2 3
33.1793 0.415243 0.415243 2 2 3
33.1893 0.415208 0.415208 2 2 3
33.1993 0.415172 0.415172 2 2 3
33.2093 0.415137 0.415137 2 2 3
33.2193 0.415102 0.415102 2 2 3
33.2293 0.415067 0.415067 2 2 3
33.2393 0.415032 0.415032 2 2 3
33.2493 0.414997 0.414997 2 2 3
33.2593 0.414962 0.414962 2 2 3
33.2693 0.414927 0.414927 2 2 3
33.2793 0.414892 0.414892 2 2 3
33.2893 0.414857 0.414857 2 2 3
33.2993 0.414822 0.414822 2 2 3
33.3093 0.414787 0.414787 2 2 3
33.3193 0.414752 0.414752 2 2 3
33.3293 0.414717 0.414717 2 2 3
33.3393 0.414682 0.414682 2 2 3
33.3493 0.414647 0.414647 2 2 3
33.3593 0.414612 0.414612 2 2 3
33.3693 0.414577 0.414577 2 2 3
33.3793 0.414542 0.414542 2 2 3
33.3893 0.414507 0.414507 2 2 3
33.3993 0.414473 0.414473 2 2 3
33.4093 0.414438 0.414438 2 2 3
33.4193 0.414403 0.414403 2 2 3
33.4293 0.414368 0.414368 2 2 3
33.4393 0.414333 0.414333 2 2 3
33.4493 0.414299 0.414299 2 2 3
33.4593 0.414264 0.414264 2 2 3
33.4693 0.414229 0.414229 2 2 3
33.4793 0.414194 0.414194 2 2 3
33.4893 0.41416 0.41416 2 2 3
33.4993 0.414125 0.414125 2 2 3
33.5093 0.41409 0.41409 2 2 3
33.5193 0.414056 0.414056 2 2 3
33.5293 0.414021 0.414021 2 2 3
33.5393 0.413986 0.413986 2 2 3
33.5493 0.413952 0.413952 2 2 3
33.5593 0.413917 0.413917 2 2 3
33.5693 0.413882 0.413882 2 2 3
33.5793 0.413848 0.413848 2 2 3
33.5893 0.413813 0.413813 2 2 3
33.5993 0.413779 0.413779 2 2 3
33.6093 0.413744 0.413744 2 2 3
33.6193 0.41371 0.41371 2 2 3
33.6293 0.413675 0.413675 2 2 3
33.6393 0.413641 0.413641 2 2 3
33.6493 0.413606 0.413606 2 2 3
33.6593 0.413572 0.413572 2 2 3
33.6693 0.413537 0.413537 2 2 3
33.6793 0.413503 0.413503 2 2 3
33.6893 0.413468 0.413468 2 2 3
33.6993 0.413434 0.413434 2 2 3
33.7093 0.413399 0.413399 2 2 3
33.7193 0.413365 0.413365 2 2 3
33.7293 0.413331 0.413331 2 2 3
33.7393 0.413296 0.413296 2 2 3
33.7493 0.413262 0.413262 2 2 3
33.7593 0.413228 0.413228 2 2 3
33.7693 0.413193 0.413193 2 2 3
33.7793 0.413159 0.413159 2 2 3
33.7893 0.413125 0.413125 2 2 3
33.7993 0.41309 0.41309 2 2 3
33.8093 0.413056 0.413056 2 2 3
33.8193 0.413022 0.413022 2 2 3
33.8293 0.412988 0.412988 2 2 3
33.8393 0.412953 0.412953 2 2 3
33.8493 0.412919 0.412919 2 2 3
33.8593 0.412885 0.412885 2 2 3
33.8693 0.412851 0.412851 2 2 3
33.8793 0.412817 0.412817 2 2 3
33.8893 0.412783 0.412783 2 2 3
33.8993 0.412748 0.412748 2 2 3
33.9093 0.412714 0.412714 2 2 3
33.9193 0.41268 0.41268 2 2 3
33.9293 0.412646 0.412646 2 2 3
33.9393 0.412612 0.412612 2 2 3
33.9493 0.412578 0.412578 2 2 3
33.9593 0.412544 0.412544 2 2 3
33.9693 0.41251 0.41251 2 2 3
33.9793 0.412476 0.412476 2 2 3
33.9893 0.412442 0.412442 2 2 3
33.9993 0.412408 0.412408 2 2 3
34.0093 0.412374 0.412374 2 2 3
34.0193 0.41234 0.41234 2 2 3
34.0293 0.412306 0.412306 2 2 3
34.0393 0.412272 0.412272 2 2 3
34.0493 0.412238 0.412238 2 2 3
34.0593 0.412204 0.412204 2 2 3
34.0693 0.41217 0.41217 2 2 3
34.0793 0.412136 0.412136 2 2 3
34.0893 0.412103 0.412103 2 2 3
34.0993 0.412069 0.412069 2 2 3
34.1093 0.412035 0.412035 2 2 3
34.1193 0.412001 0.412001 2 2 3
34.1293 0.411967 0.411967 2 2 3
34.1393 0.411933 0.411933 2 2 3
34.1493 0.4119 0.4119 2 2 3
34.1593 0.411866 0.411866 2 2 3
34.1693 0.411832 0.411832 2 2 3
34.1793 0.411798 0.411798 2 2 3
34.1893 0.411765 0.411765 2 2 3
34.1993 0.411731 0.411731 2 2 3
34.2093 0.411697 0.411697 2 2 3
34.2193 0.411664 0.411664 2 2 3
34.2293 0.41163 0.41163 2 2 3
34.2393 0.411596 0.411596 2 2 3
34.2493 0.411563 0.411563 2 2 3
34.2593 0.411529 0.411529 2 2 3
34.2693 0.411495 0.411495 2 2 3
34.2793 0.411462 0.411462 2 2 3
34.2893 0.411428 0.411428 2 2 3
34.2993 0.411395 0.411395 2 2 3
34.3093 0.411361 0.411361 2 2 3
34.3193 0.411327 0.411327 2 2 3
34.3293 0.411294 0.411294 2 2 3
34.3393 0.41126 0.41126 2 2 3
34.3493 0.411227 0.411227 2 2 3
34.3593 0.411193 0.411193 2 2 3
34.3693 0.41116 0.41116 2 2 3
34.3793 0.411126 0.411126 2 2 3
34.3893 0.411093 0.411093 2 2 3
34.3993 0.411059 0.411059 2 2 3
34.4093 0.411026 0.411026 2 2 3
34.4193 0.410993 0.410993 2 2 3
34.4293 0.410959 0.410959 2 2 3
34.4393 0.410926 0.410926 2 2 3
34.4493 0.410892 0.410892 2 2 3
34.4593 0.410859 0.410859 2 2 3
34.4693 0.410826 0.410826 2 2 3
34.4793 0.410792 0.410792 2 2 3
34.4893 0.410759 0.410759 2 2 3
34.4993 0.410726 0.410726 2 2 3
34.5093 0.410693 0.410693 2 2 3
34.5193 0.410659 0.410659 2 2 3
34.5293 0.410626 0.410626 2 2 3
34.5393 0.410593 0.410593 2 2 3
34.5493 0.41056 0.41056 2 2 3
34.5593 0.410526 0.410526 2 2 3
34.5693 0.410493 0.410493 2 2 3
34.5793 0.41046 0.41046 2 2 3
34.5893 0.410427 0.410427 2 2 3
34.5993 0.410394 0.410394 2 2 3
34.6093 0.41036 0.41036 2 2 3
34.6193 0.410327 0.410327 2 2 3
34.6293 0.410294 0.410294 2 2 3
34.6393 0.410261 0.410261 2 2 3
34.6493 0.410228 0.410228 2 2 3
34.6593 0.410195 0.410195 2 2 3
34.6693 0.410162 0.410162 2 2 3
34.6793 0.410129 0.410129 2 2 3
34.6893 0.410096 0.410096 2 2 3
34.6993 0.410063 0.410063 2 2 3
34.7093 0.41003 0.41003 2 2 3
34.7193 0.409997 0.409997 2 2 3
34.7293 0.409964 0.409964 2 2 3
34.7393 0.409931 0.409931 2 2 3
34.7493 0.409898 0.409898 2 2 3
34.7593 0.409865 0.409865 2 2 3
34.7693 0.409832 0.409832 2 2 3
34.7793 0.409799 0.409799 2 2 3
34.7893 0.409766 0.409766 2 2 3
34.7993 0.409733 0.409733 2 2 3
34.8093 0.4097 0.4097 2 2 3
34.8193 0.409667 0.409667 2 2 3
34.8293 0.409634 0.409634 2 2 3
34.8393 0.409601 0.409601 2 2 3
34.8493 0.409569 0.409569 2 2 3
34.8593 0.409536 0.409536 2 2 3
34.8693 0.409503 0.409503 2 2 3
34.8793 0.40947 0.40947 2 2 3
34.8893 0.409437 0.409437 2 2 3
34.8993 0.409405 0.409405 2 2 3
34.9093 0.409372 0.409372 2 2 3
34.9193 0.409339 0.409339 2 2 3
34.9293 0.409306 0.409306 2 2 3
34.9393 0.409274 0.409274 2 2 3
34.9493 0.409241 0.409241 2 2 3
34.9593 0.409208 0.409208 2 2 3
34.9693 0.409176 0.409176 2 2 3
34.9793 0.409143 0.409143 2 2 3
34.9893 0.40911 0.40911 2 2 3
34.9993 0.409078 0.409078 2 2 3
35.0093 0.409045 0.409045 2 2 3
35.0193 0.409012 0.409012 2 2 3
35.0293 0.40898 0.40898 2 2 3
35.0393 0.408947 0.408947 2 2 3
35.0493 0.408915 0.408915 2 2 3
35.0593 0.408882 0.408882 2 2 3
35.0693 0.408849 0.408849 2 2 3
35.0793 0.408817 0.408817 2 2 3
35.0893 0.408784 0.408784 2 2 3
35.0993 0.408752 0.408752 2 2 3
35.1093 0.408719 0.408719 2 2 3
35.1193 0.408687 0.408687 2 2 3
35.1293 0.408654 0.408654 2 2 3
35.1393 0.408622 0.408622 2 2 3
35.1493 0.408589 0.408589 2 2 3
35.1593 0.408557 0.408557 2 2 3
35.1693 0.408525 0.408525 2 2 3
35.1793 0.408492 0.408492 2 2 3
35.1893 0.40846 0.40846 2 2 3
35.1993 0.408427 0.408427 2 2 3
35.2093 0.408395 0.408395 2 2 3
35.2193 0.408363 0.408363 2 2 3
35.2293 0.40833 0.40833 2 2 3
35.2393 0.408298 0.408298 2 2 3
35.2493 0.408266 0.408266 2 2 3
35.2593 0.408233 0.408233 2 2 3
35.2693 0.408201 0.408201 2 2 3
35.2793 0.408169 0.408169 2 2 3
35.2893 0.408137 0.408137 2 2 3
35.2993 0.408104 0.408104 2 2 3
35.3093 0.408072 0.408072 2 2 3
35.3193 0.40804 0.40804 2 2 3
35.3293 0.408008 0.408008 2 2 3
35.3393 0.407975 0.407975 2 2 3
35.3493 0.407943 0.407943 2 2 3
35.3593 0.407911 0.407911 2 2 3
35.3693 0.407879 0.407879 2 2 3
35.3793 0.407847 0.407847 2 2 3
35.3893 0.407815 0.407815 2 2 3
35.3993 0.407782 0.407782 2 2 3
35.4093 0.40775 0.40775 2 2 3
35.4193 0.407718 0.407718 2 2 3
35.4293 0.407686 0.407686 2 2 3
35.4393 0.407654 0.407654 2 2 3
35.4493 0.407622 0.407622 2 2 3
35.4593 0.40759 0.40759 2 2 3
35.4693 0.407558 0.407558 2 2 3
35.4793 0.407526 0.407526 2 2 3
35.4893 0.407494 0.407494 2 2 3
35.4993 0.407462 0.407462 2 2 3
35.5093 0.40743 0.40743 2 2 3
35.5193 0.407398 0.407398 2 2 3
35.5293 0.407366 0.407366 2 2 3
35.5393 0.407334 0.407334 2 2 3
35.5493 0.407302 0.407302 2 2 3
35.5593 0.40727 0.40727 2 2 3
35.5693 0.407238 0.407238 2 2 3
35.5793 0.407206 0.407206 2 2 3
35.5893 0.407174 0.407174 2 2 3
35.5993 0.407143 0.407143 2 2 3
35.6093 0.407111 0.407111 2 2 3
35.6193 0.407079 0.407079 2 2 3
35.6293 0.407047 0.407047 2 2 3
35.6393 0.407015 0.407015 2 2 3
35.6493 0.406983 0.406983 2 2 3
35.6593 0.406951 0.406951 2 2 3
35.6693 0.40692 0.40692 2 2 3
35.6793 0.406888 0.406888 2 2 3
35.6893 0.406856 0.406856 2 2 3
35.6993 0.406824 0.406824 2 2 3
35.7093 0.406793 0.406793 2 2 3
35.7193 0.406761 0.406761 2 2 3
35.7293 0.406729 0.406729 2 2 3
35.7393 0.406698 0.406698 2 2 3
35.7493 0.406666 0.406666 2 2 3
35.7593 0.406634 0.406634 2 2 3
35.7693 0.406602 0.406602 2 2 3
35.7793 0.406571 0.406571 2 2 3
35.7893 0.406539 0.406539 2 2 3
35.7993 0.406508 0.406508 2 2 3
35.8093 0.406476 0.406476 2 2 3
35.8193 0.406444 0.406444 2 2 3
35.8293 0.406413 0.406413 2 2 3
35.8393 0.406381 0.406381 2 2 3
35.8493 0.40635 0.40635 2 2 3
35.8593 0.406318 0.406318 2 2 3
35.8693 0.406286 0.406286 2 2 3
35.8793 0.406255 0.406255 2 2 3
35.8893 0.406223 0.406223 2 2 3
35.8993 0.406192 0.406192 2 2 3
35.9093 0.40616 0.40616 2 2 3
35.9193 0.406129 0.406129 2 2 3
35.9293 0.406097 0.406097 2 2 3
35.9393 0.406066 0.406066 2 2 3
35.9493 0.406035 0.406035 2 2 3
35.9593 0.406003 0.406003 2 2 3
35.9693 0.405972 0.405972 2 2 3
35.9793 0.40594 0.40594 2 2 3
35.9893 0.405909 0.405909 2 2 3
35.9993 0.405878 0.405878 2 2 3
36.0093 0.405846 0.405846 2 2 3
36.0193 0.405815 0.405815 2 2 3
36.0293 0.405783 0.405783 2 2 3
36.0393 0.405752 0.405752 2 2 3
36.0493 0.405721 0.405721 2 2 3
36.0593 0.405689 0.405689 2 2 3
36.0693 0.405658 0.405658 2 2 3
36.0793 0.405627 0.405627 2 2 3
36.0893 0.405596 0.405596 2 2 3
36.0993 0.405564 0.405564 2 2 3
36.1093 0.405533 0.405533 2 2 3
36.1193 0.405502 0.405502 2 2 3
36.1293 0.405471 0.405471 2 2 3
36.1393 0.405439 0.405439 2 2 3
36.1493 0.405408 0.405408 2 2 3
36.1593 0.405377 0.405377 2 2 3
36.1693 0.405346 0.405346 2 2 3
36.1793 0.405315 0.405315 2 2 3
36.1893 0.405284 0.405284 2 2 3
36.1993 0.405252 0.405252 2 2 3
36.2093 0.405221 0.405221 2 2 3
36.2193 0.40519 0.40519 2 2 3
36.2293 0.405159 0.405159 2 2 3
36.2393 0.405128 0.405128 2 2 3
36.2493 0.405097 0.405097 2 2 3
36.2593 0.405066 0.405066 2 2 3
36.2693 0.405035 0.405035 2 2 3
36.2793 0.405004 0.405004 2 2 3
36.2893 0.404973 0.404973 2 2 3
36.2993 0.404942 0.404942 2 2 3
36.3093 0.404911 0.404911 2 2 3
36.3193 0.40488 0.40488 2 2 3
36.3293 0.404849 0.404849 2 2 3
36.3393 0.404818 0.404818 2 2 3
36.3493 0.404787 0.404787 2 2 3
36.3593 0.404756 0.404756 2 2 3
36.3693 0.404725 0.404725 2 2 3
36.3793 0.404694 0.404694 2 2 3
36.3893 0.404663 0.404663 2 2 3
36.3993 0.404632 0.404632 2 2 3
36.4093 0.404601 0.404601 2 2 3
36.4193 0.40457 0.40457 2 2 3
36.4293 0.404539 0.404539 2 2 3
36.4393 0.404508 0.404508 2 2 3
36.4493 0.404478 0.404478 2 2 3
36.4593 0.404447 0.404447 2 2 3
36.4693 0.404416 0.404416 2 2 3
36.4793 0.404385 0.404385 2 2 3
36.4893 0.404354 0.404354 2 2 3
36.4993 0.404324 0.404324 2 2 3
36.5093 0.404293 0.404293 2 2 3
36.5193 0.404262 0.404262 2 2 3
36.5293 0.404231 0.404231 2 2 3
36.5393 0.404201 0.404201 2 2 3
36.5493 0.40417 0.40417 2 2 3
36.5593 0.404139 0.404139 2 2 3
36.5693 0.404108 0.404108 2 2 3
36.5793 0.404078 0.404078 2 2 3
36.5893 0.404047 0.404047 2 2 3
36.5993 0.404016 0.404016 2 2 3
36.6093 0.403986 0.403986 2 2 3
36.6193 0.403955 0.403955 2 2 3
36.6293 0.403924 0.403924 2 2 3
36.6393 0.403894 0.403894 2 2 3
36.6493 0.403863 0.403863 2 2 3
36.6593 0.403833 0.403833 2 2 3
36.6693 0.403802 0.403802 2 2 3
36.6793 0.403771 0.403771 2 2 3
36.6893 0.403741 0.403741 2 2 3
36.6993 0.40371 0.40371 2 2 3
36.7093 0.40368 0.40368 2 2 3
36.7193 0.403649 0.403649 2 2 3
36.7293 0.403619 0.403619 2 2 3
36.7393 0.403588 0.403588 2 2 3
36.7493 0.403558 0.403558 2 2 3
36.7593 0.403527 0.403527 2 2 3
36.7693 0.403497 0.403497 2 2 3
36.7793 0.403466 0.403466 2 2 3
36.7893 0.403436 0.403436 2 2 3
36.7993 0.403405 0.403405 2 2 3
36.8093 0.403375 0.403375 2 2 3
36.8193 0.403344 0.403344 2 2 3
36.8293 0.403314 0.403314 2 2 3
36.8393 0.403284 0.403284 2 2 3
36.8493 0.403253 0.403253 2 2 3
36.8593 0.403223 0.403223 2 2 3
36.8693 0.403193 0.403193 2 2 3
36.8793 0.403162 0.403162 2 2 3
36.8893 0.403132 0.403132 2 2 3
36.8993 0.403102 0.403102 2 2 3
36.9093 0.403071 0.403071 2 2 3
36.9193 0.403041 0.403041 2 2 3
36.9293 0.403011 0.403011 2 2 3
36.9393 0.40298 0.40298 2 2 3
36.9493 0.40295 0.40295 2 2 3
36.9593 0.40292 0.40292 2 2 3
36.9693 0.40289 0.40289 2 2 3
36.9793 0.402859 0.402859 2 2 3
36.9893 0.402829 0.402829 2 2 3
36.9993 0.402799 0.402799 2 2 3
37.0093 0.402769 0.402769 2 2 3
37.0193 0.402738 0.402738 2 2 3
37.0293 0.402708 0.402708 2 2 3
37.0393 0.402678 0.402678 2 2 3
37.0493 0.402648 0.402648 2 2 3
37.0593 0.402618 0.402618 2 2 3
37.0693 0.402588 0.402588 2 2 3
37.0793 0.402558 0.402558 2 2 3
37.0893 0.402527 0.402527 2 2 3
37.0993 0.402497 0.402497 2 2 3
37.1093 0.402467 0.402467 2 2 3
37.1193 0.402437 0.402437 2 2 3
37.1293 0.402407 0.402407 2 2 3
37.1393 0.402377 0.402377 2 2 3
37.1493 0.402347 0.402347 2 2 3
37.1593 0.402317 0.402317 2 2 3
37.1693 0.402287 0.402287 2 2 3
37.1793 0.402257 0.402257 2 2 3
37.1893 0.402227 0.402227 2 2 3
37.1993 0.402197 0.402197 2 2 3
37.2093 0.402167 0.402167 2 2 3
37.2193 0.402137 0.402137 2 2 3
37.2293 0.402107 0.402107 2 2 3
37.2393 0.402077 0.402077 2 2 3
37.2493 0.402047 0.402047 2 2 3
37.2593 0.402017 0.402017 2 2 3
37.2693 0.401987 0.401987 2 2 3
37.2793 0.401957 0.401957 2 2 3
37.2893 0.401928 0.401928 2 2 3
37.2993 0.401898 0.401898 2 2 3
37.3093 0.401868 0.401868 2 2 3
37.3193 0.401838 0.401838 2 2 3
37.3293 0.401808 0.401808 2 2 3
37.3393 0.401778 0.401778 2 2 3
37.3493 0.401749 0.401749 2 2 3
37.3593 0.401719 0.401719 2 2 3
37.3693 0.401689 0.401689 2 2 3
37.3793 0.401659 0.401659 2 2 3
37.3893 0.401629 0.401629 2 2 3
37.3993 0.4016 0.4016 2 2 3
37.4093 0.40157 0.40157 2 2 3
37.4193 0.40154 0.40154 2 2 3
37.4293 0.40151 0.40151 2 2 3
37.4393 0.401481 0.401481 2 2 3
37.4493 0.401451 0.401451 2 2 3
37.4593 0.401421 0.401421 2 2 3
37.4693 0.401392 0.401392 2 2 3
37.4793 0.401362 0.401362 2 2 3
37.4893 0.401332 0.401332 2 2 3
37.4993 0.401303 0.401303 2 2 3
37.5093 0.401273 0.401273 2 2 3
37.5193 0.401243 0.401243 2 2 3
37.5293 0.401214 0.401214 2 2 3
37.5393 0.401184 0.401184 2 2 3
37.5493 0.401154 0.401154 2 2 3
37.5593 0.401125 0.401125 2 2 3
37.5693 0.401095 0.401095 2 2 3
37.5793 0.401066 0.401066 2 2 3
37.5893 0.401036 0.401036 2 2 3
37.5993 0.401007 0.401007 2 2 3
37.6093 0.400977 0.400977 2 2 3
37.6193 0.400947 0.400947 2 2 3
37.6293 0.400918 0.400918 2 2 3
37.6393 0.400888 0.400888 2 2 3
37.6493 0.400859 0.400859 2 2 3
37.6593 0.40083 0.40083 2 2 3
37.6693 0.4008 0.4008 2 2 3
37.6793 0.400771 0.400771 2 2 3
37.6893 0.400741 0.400741 2 2 3
37.6993 0.400712 0.400712 2 2 3
37.7093 0.400682 0.400682 2 2 3
37.7193 0.400653 0.400653 2 2 3
37.7293 0.400623 0.400623 2 2 3
37.7393 0.400594 0.400594 2 2 3
37.7493 0.400565 0.400565 2 2 3
37.7593 0.400535 0.400535 2 2 3
37.7693 0.400506 0.400506 2 2 3
37.7793 0.400477 0.400477 2 2 3
37.7893 0.400447 0.400447 2 2 3
37.7993 0.400418 0.400418 2 2 3
37.8093 0.400389 0.400389 2 2 3
37.8193 0.400359 0.400359 2 2 3
37.8293 0.40033 0.40033 2 2 3
37.8393 0.400301 0.400301 2 2 3
37.8493 0.400271 0.400271 2 2 3
37.8593 0.400242 0.400242 2 2 3
37.8693 0.400213 0.400213 2 2 3
37.8793 0.400184 0.400184 2 2 3
37.8893 0.400154 0.400154 2 2 3
37.8993 0.400125 0.400125 2 2 3
37.9093 0.400096 0.400096 2 2 3
37.9193 0.400067 0.400067 2 2 3
37.9293 0.400038 0.400038 2 2 3
37.9393 0.400008 0.400008 2 2 3
37.9493 0.399979 0.399979 2 2 3
37.9593 0.39995 0.39995 2 2 3
37.9693 0.399921 0.399921 2 2 3
37.9793 0.399892 0.399892 2 2 3
37.9893 0.399863 0.399863 2 2 3
37.9993 0.399834 0.399834 2 2 3
38.0093 0.399804 0.399804 2 2 3
38.0193 0.399775 0.399775 2 2 3
38.0293 0.399746 0.399746 2 2 3
38.0393 0.399717 0.399717 2 2 3
38.0493 0.399688 0.399688 2 2 3
38.0593 0.399659 0.399659 2 2 3
38.0693 0.39963 0.39963 2 2 3
38.0793 0.399601 0.399601 2 2 3
38.0893 0.399572 0.399572 2 2 3
38.0993 0.399543 0.399543 2 2 3
38.1093 0.399514 0.399514 2 2 3
38.1193 0.399485 0.399485 2 2 3
38.1293 0.399456 0.399456 2 2 3
38.1393 0.399427 0.399427 2 2 3
38.1493 0.399398 0.399398 2 2 3
38.1593 0.399369 0.399369 2 2 3
38.1693 0.39934 0.39934 2 2 3
38.1793 0.399311 0.399311 2 2 3
38.1893 0.399282 0.399282 2 2 3
38.1993 0.399253 0.399253 2 2 3
38.2093 0.399225 0.399225 2 2 3
38.2193 0.399196 0.399196 2 2 3
38.2293 0.399167 0.399167 2 2 3
38.2393 0.399138 0.399138 2 2 3
38.2493 0.399109 0.399109 2 2 3
38.2593 0.39908 0.39908 2 2 3
38.2693 0.399051 0.399051 2 2 3
38.2793 0.399023 0.399023 2 2 3
38.2893 0.398994 0.398994 2 2 3
38.2993 0.398965 0.398965 2 2 3
38.3093 0.398936 0.398936 2 2 3
38.3193 0.398907 0.398907 2 2 3
38.3293 0.398879 0.398879 2 2 3
38.3393 0.39885 0.39885 2 2 3
38.3493 0.398821 0.398821 2 2 3
38.3593 0.398792 0.398792 2 2 3
38.3693 0.398764 0.398764 2 2 3
38.3793 0.398735 0.398735 2 2 3
38.3893 0.398706 0.398706 2 2 3
38.3993 0.398677 0.398677 2 2 3
38.4093 0.398649 0.398649 2 2 3
38.4193 0.39862 0.39862 2 2 3
38.4293 0.398591 0.398591 2 2 3
38.4393 0.398563 0.398563 2 2 3
38.4493 0.398534 0.398534 2 2 3
38.4593 0.398506 0.398506 2 2 3
38.4693 0.398477 0.398477 2 2 3
38.4793 0.398448 0.398448 2 2 3
38.4893 0.39842 0.39842 2 2 3
38.4993 0.398391 0.398391 2 2 3
38.5093 0.398362 0.398362 2 2 3
38.5193 0.398334 0.398334 2 2 3
38.5293 0.398305 0.398305 2 2 3
38.5393 0.398277 0.398277 2 2 3
38.5493 0.398248 0.398248 2 2 3
38.5593 0.39822 0.39822 2 2 3
38.5693 0.398191 0.398191 2 2 3
38.5793 0.398163 0.398163 2 2 3
38.5893 0.398134 0.398134 2 2 3
38.5993 0.398106 0.398106 2 2 3
38.6093 0.398077 0.398077 2 2 3
38.6193 0.398049 0.398049 2 2 3
38.6293 0.39802 0.39802 2 2 3
38.6393 0.397992 0.397992 2 2 3
38.6493 0.397963 0.397963 2 2 3
38.6593 0.397935 0.397935 2 2 3
38.6693 0.397907 0.397907 2 2 3
38.6793 0.397878 0.397878 2 2 3
38.6893 0.39785 0.39785 2 2 3
38.6993 0.397821 0.397821 2 2 3
38.7093 0.397793 0.397793 2 2 3
38.7193 0.397765 0.397765 2 2 3
38.7293 0.397736 0.397736 2 2 3
38.7393 0.397708 0.397708 2 2 3
38.7493 0.397679 0.397679 2 2 3
38.7593 0.397651 0.397651 2 2 3
38.7693 0.397623 0.397623 2 2 3
38.7793 0.397595 0.397595 2 2 3
38.7893 0.397566 0.397566 2 2 3
38.7993 0.397538 0.397538 2 2 3
38.8093 0.39751 0.39751 2 2 3
38.8193 0.397481 0.397481 2 2 3
38.8293 0.397453 0.397453 2 2 3
38.8393 0.397425 0.397425 2 2 3
38.8493 0.397397 0.397397 2 2 3
38.8593 0.397368 0.397368 2 2 3
38.8693 0.39734 0.39734 2 2 3
38.8793 0.397312 0.397312 2 2 3
38.8893 0.397284 0.397284 2 2 3
38.8993 0.397256 0.397256 2 2 3
38.9093 0.397227 0.397227 2 2 3
38.9193 0.397199 0.397199 2 2 3
38.9293 0.397171 0.397171 2 2 3
38.9393 0.397143 0.397143 2 2 3
38.9493 0.397115 0.397115 2 2 3
38.9593 0.397087 0.397087 2 2 3
38.9693 0.397059 0.397059 2 2 3
38.9793 0.39703 0.39703 2 2 3
38.9893 0.397002 0.397002 2 2 3
38.9993 0.396974 0.396974 2 2 3
39.0093 0.396946 0.396946 2 2 3
39.0193 0.396918 0.396918 2 2 3
39.0293 0.39689 0.39689 2 2 3
39.0393 0.396862 0.396862 2 2 3
39.0493 0.396834 0.396834 2 2 3
39.0593 0.396806 0.396806 2 2 3
39.0693 0.396778 0.396778 2 2 3
39.0793 0.39675 0.39675 2 2 3
39.0893 0.396722 0.396722 2 2 3
39.0993 0.396694 0.396694 2 2 3
39.1093 0.396666 0.396666 2 2 3
39.1193 0.396638 0.396638 2 2 3
39.1293 0.39661 0.39661 2 2 3
39.1393 0.396582 0.396582 2 2 3
39.1493 0.396554 0.396554 2 2 3
39.1593 0.396526 0.396526 2 2 3
39.1693 0.396498 0.396498 2 2 3
39.1793 0.39647 0.39647 2 2 3
39.1893 0.396442 0.396442 2 2 3
39.1993 0.396415 0.396415 2 2 3
39.2093 0.396387 0.396387 2 2 3
39.2193 0.396359 0.396359 2 2 3
39.2293 0.396331 0.396331 2 2 3
39.2393 0.396303 0.396303 2 2 3
39.2493 0.396275 0.396275 2 2 3
39.2593 0.396247 0.396247 2 2 3
39.2693 0.39622 0.39622 2 2 3
39.2793 0.396192 0.396192 2 2 3
39.2893 0.396164 0.396164 2 2 3
39.2993 0.396136 0.396136 2 2 3
39.3093 0.396108 0.396108 2 2 3
39.3193 0.396081 0.396081 2 2 3
39.3293 0.396053 0.396053 2 2 3
39.3393 0.396025 0.396025 2 2 3
39.3493 0.395997 0.395997 2 2 3
39.3593 0.39597 0.39597 2 2 3
39.3693 0.395942 0.395942 2 2 3
39.3793 0.395914 0.395914 2 2 3
39.3893 0.395886 0.395886 2 2 3
39.3993 0.395859 0.395859 2 2 3
39.4093 0.395831 0.395831 2 2 3
39.4193 0.395803 0.395803 2 2 3
39.4293 0.395776 0.395776 2 2 3
39.4393 0.395748 0.395748 2 2 3
39.4493 0.39572 0.39572 2 2 3
39.4593 0.395693 0.395693 2 2 3
39.4693 0.395665 0.395665 2 2 3
39.4793 0.395637 0.395637 2 2 3
39.4893 0.39561 0.39561 2 2 3
39.4993 0.395582 0.395582 2 2 3
39.5093 0.395555 0.395555 2 2 3
39.5193 0.395527 0.395527 2 2 3
39.5293 0.3955 0.3955 2 2 3
39.5393 0.395472 0.395472 2 2 3
39.5493 0.395444 0.395444 2 2 3
39.5593 0.395417 0.395417 2 2 3
39.5693 0.395389 0.395389 2 2 3
39.5793 0.395362 0.395362 2 2 3
39.5893 0.395334 0.395334 2 2 3
39.5993 0.395307 0.395307 2 2 3
39.6093 0.395279 0.395279 2 2 3
39.6193 0.395252 0.395252 2 2 3
39.6293 0.395224 0.395224 2 2 3
39.6393 0.395197 0.395197 2 2 3
39.6493 0.395169 0.395169 2 2 3
39.6593 0.395142 0.395142 2 2 3
39.6693 0.395115 0.395115 2 2 3
39.6793 0.395087 0.395087 2 2 3
39.6893 0.39506 0.39506 2 2 3
39.6993 0.395032 0.395032 2 2 3
39.7093 0.395005 0.395005 2 2 3
39.7193 0.394977 0.394977 2 2 3
39.7293 0.39495 0.39495 2 2 3
39.7393 0.394923 0.394923 2 2 3
39.7493 0.394895 0.394895 2 2 3
39.7593 0.394868 0.394868 2 2 3
39.7693 0.394841 0.394841 2 2 3
39.7793 0.394813 0.394813 2 2 3
39.7893 0.394786 0.394786 2 2 3
39.7993 0.394759 0.394759 2 2 3
39.8093 0.394731 0.394731 2 2 3
39.8193 0.394704 0.394704 2 2 3
39.8293 0.394677 0.394677 2 2 3
39.8393 0.39465 0.39465 2 2 3
39.8493 0.394622 0.394622 2 2 3
39.8593 0.394595 0.394595 2 2 3
39.8693 0.394568 0.394568 2 2 3
39.8793 0.39454 0.39454 2 2 3
39.8893 0.394513 0.394513 2 2 3
39.8993 0.394486 0.394486 2 2 3
39.9093 0.394459 0.394459 2 2 3
39.9193 0.394432 0.394432 2 2 3
39.9293 0.394404 0.394404 2 2 3
39.9393 0.394377 0.394377 2 2 3
39.9493 0.39435 0.39435 2 2 3
39.9593 0.394323 0.394323 2 2 3
39.9693 0.394296 0.394296 2 2 3
39.9793 0.394269 0.394269 2 2 3
39.9893 0.394241 0.394241 2 2 3
39.9993 0.394214 0.394214 2 2 3
40.0093 0.394187 0.394187 2 2 3
